building_id,event_id,sample_type,qc_status,errors
TN_VARDAH_2016_000003,TN_VARDAH_2016,SAR_ONLY,PASS,none
TN_VARDAH_2016_000001,TN_VARDAH_2016,SAR_ONLY,PASS,none
TN_VARDAH_2016_021812,TN_VARDAH_2016,SAR_ONLY,PASS,none
TN_VARDAH_2016_046548,TN_VARDAH_2016,SAR_ONLY,PASS,none
TN_VARDAH_2016_071278,TN_VARDAH_2016,SAR_ONLY,PASS,none
TN_VARDAH_2016_071942,TN_VARDAH_2016,SAR_ONLY,PASS,none
TN_VARDAH_2016_096226,TN_VARDAH_2016,SAR_ONLY,PASS,none
TN_VARDAH_2016_123776,TN_VARDAH_2016,SAR_ONLY,PASS,none
TN_VARDAH_2016_153525,TN_VARDAH_2016,SAR_ONLY,PASS,none
TN_VARDAH_2016_183189,TN_VARDAH_2016,SAR_ONLY,PASS,none
TN_VARDAH_2016_000002,TN_VARDAH_2016,SAR_ONLY,PASS,none
TN_VARDAH_2016_000004,TN_VARDAH_2016,SAR_ONLY,PASS,none
TN_VARDAH_2016_021814,TN_VARDAH_2016,SAR_ONLY,PASS,none
TN_VARDAH_2016_046553,TN_VARDAH_2016,SAR_ONLY,PASS,none
TN_VARDAH_2016_071277,TN_VARDAH_2016,SAR_ONLY,PASS,none
TN_VARDAH_2016_072795,TN_VARDAH_2016,SAR_ONLY,PASS,none
TN_VARDAH_2016_096267,TN_VARDAH_2016,SAR_ONLY,PASS,none
TN_VARDAH_2016_123782,TN_VARDAH_2016,SAR_ONLY,PASS,none
TN_VARDAH_2016_153527,TN_VARDAH_2016,SAR_ONLY,PASS,none
TN_VARDAH_2016_183194,TN_VARDAH_2016,SAR_ONLY,PASS,none
TN_VARDAH_2016_004983,TN_VARDAH_2016,SAR_ONLY,PASS,none
TN_VARDAH_2016_005013,TN_VARDAH_2016,SAR_ONLY,PASS,none
TN_VARDAH_2016_026771,TN_VARDAH_2016,SAR_ONLY,PASS,none
TN_VARDAH_2016_051508,TN_VARDAH_2016,SAR_ONLY,PASS,none
TN_VARDAH_2016_076255,TN_VARDAH_2016,SAR_ONLY,PASS,none
TN_VARDAH_2016_076370,TN_VARDAH_2016,SAR_ONLY,PASS,none
TN_VARDAH_2016_101198,TN_VARDAH_2016,SAR_ONLY,PASS,none
TN_VARDAH_2016_128748,TN_VARDAH_2016,SAR_ONLY,PASS,none
TN_VARDAH_2016_158503,TN_VARDAH_2016,SAR_ONLY,PASS,none
TN_VARDAH_2016_188127,TN_VARDAH_2016,SAR_ONLY,PASS,none
TN_VARDAH_2016_009951,TN_VARDAH_2016,SAR_ONLY,PASS,none
TN_VARDAH_2016_009960,TN_VARDAH_2016,SAR_ONLY,PASS,none
TN_VARDAH_2016_031712,TN_VARDAH_2016,SAR_ONLY,PASS,none
TN_VARDAH_2016_056431,TN_VARDAH_2016,SAR_ONLY,PASS,none
TN_VARDAH_2016_081204,TN_VARDAH_2016,SAR_ONLY,PASS,none
TN_VARDAH_2016_081563,TN_VARDAH_2016,SAR_ONLY,PASS,none
TN_VARDAH_2016_106158,TN_VARDAH_2016,SAR_ONLY,PASS,none
TN_VARDAH_2016_133703,TN_VARDAH_2016,SAR_ONLY,PASS,none
TN_VARDAH_2016_163430,TN_VARDAH_2016,SAR_ONLY,PASS,none
TN_VARDAH_2016_193112,TN_VARDAH_2016,SAR_ONLY,PASS,none
TN_VARDAH_2016_009969,TN_VARDAH_2016,SAR_ONLY,PASS,none
TN_VARDAH_2016_009965,TN_VARDAH_2016,SAR_ONLY,PASS,none
TN_VARDAH_2016_031727,TN_VARDAH_2016,SAR_ONLY,PASS,none
TN_VARDAH_2016_056438,TN_VARDAH_2016,SAR_ONLY,PASS,none
TN_VARDAH_2016_081209,TN_VARDAH_2016,SAR_ONLY,PASS,none
TN_VARDAH_2016_085565,TN_VARDAH_2016,SAR_ONLY,PASS,none
TN_VARDAH_2016_106163,TN_VARDAH_2016,SAR_ONLY,PASS,none
TN_VARDAH_2016_133727,TN_VARDAH_2016,SAR_ONLY,PASS,none
TN_VARDAH_2016_163427,TN_VARDAH_2016,SAR_ONLY,PASS,none
TN_VARDAH_2016_193111,TN_VARDAH_2016,SAR_ONLY,PASS,none
TN_VARDAH_2016_014926,TN_VARDAH_2016,SAR_ONLY,PASS,none
TN_VARDAH_2016_014925,TN_VARDAH_2016,SAR_ONLY,PASS,none
TN_VARDAH_2016_036672,TN_VARDAH_2016,SAR_ONLY,PASS,none
TN_VARDAH_2016_061386,TN_VARDAH_2016,SAR_ONLY,PASS,none
TN_VARDAH_2016_086150,TN_VARDAH_2016,SAR_ONLY,PASS,none
TN_VARDAH_2016_091448,TN_VARDAH_2016,SAR_ONLY,PASS,none
TN_VARDAH_2016_111089,TN_VARDAH_2016,SAR_ONLY,PASS,none
TN_VARDAH_2016_138658,TN_VARDAH_2016,SAR_ONLY,PASS,none
TN_VARDAH_2016_168391,TN_VARDAH_2016,SAR_ONLY,PASS,none
TN_VARDAH_2016_198058,TN_VARDAH_2016,SAR_ONLY,PASS,none
TN_VARDAH_2016_019885,TN_VARDAH_2016,SAR_ONLY,PASS,none
TN_VARDAH_2016_019891,TN_VARDAH_2016,SAR_ONLY,PASS,none
TN_VARDAH_2016_041620,TN_VARDAH_2016,SAR_ONLY,PASS,none
TN_VARDAH_2016_066342,TN_VARDAH_2016,SAR_ONLY,PASS,none
TN_VARDAH_2016_091106,TN_VARDAH_2016,SAR_ONLY,PASS,none
TN_VARDAH_2016_092127,TN_VARDAH_2016,SAR_ONLY,PASS,none
TN_VARDAH_2016_116032,TN_VARDAH_2016,SAR_ONLY,PASS,none
TN_VARDAH_2016_143610,TN_VARDAH_2016,SAR_ONLY,PASS,none
TN_VARDAH_2016_173311,TN_VARDAH_2016,SAR_ONLY,PASS,none
TN_VARDAH_2016_202999,TN_VARDAH_2016,SAR_ONLY,PASS,none
TN_VARDAH_2016_091132,TN_VARDAH_2016,SAR_ONLY,PASS,none
TN_VARDAH_2016_096100,TN_VARDAH_2016,SAR_ONLY,PASS,none
TN_VARDAH_2016_116128,TN_VARDAH_2016,SAR_ONLY,PASS,none
TN_VARDAH_2016_143713,TN_VARDAH_2016,SAR_ONLY,PASS,none
TN_VARDAH_2016_173319,TN_VARDAH_2016,SAR_ONLY,PASS,none
TN_VARDAH_2016_202995,TN_VARDAH_2016,SAR_ONLY,PASS,none
TN_VARDAH_2016_121014,TN_VARDAH_2016,SAR_ONLY,PASS,none
TN_VARDAH_2016_121046,TN_VARDAH_2016,SAR_ONLY,PASS,none
TN_VARDAH_2016_178974,TN_VARDAH_2016,SAR_ONLY,PASS,none
TN_VARDAH_2016_206062,TN_VARDAH_2016,SAR_ONLY,PASS,none
TN_VARDAH_2016_153524,TN_VARDAH_2016,SAR_ONLY,PASS,none
TN_VARDAH_2016_000005,TN_VARDAH_2016,SAR_ONLY,PASS,none
TN_VARDAH_2016_000019,TN_VARDAH_2016,SAR_ONLY,PASS,none
TN_VARDAH_2016_021815,TN_VARDAH_2016,SAR_ONLY,PASS,none
TN_VARDAH_2016_046549,TN_VARDAH_2016,SAR_ONLY,PASS,none
TN_VARDAH_2016_071282,TN_VARDAH_2016,SAR_ONLY,PASS,none
TN_VARDAH_2016_071959,TN_VARDAH_2016,SAR_ONLY,PASS,none
TN_VARDAH_2016_096232,TN_VARDAH_2016,SAR_ONLY,PASS,none
TN_VARDAH_2016_123780,TN_VARDAH_2016,SAR_ONLY,PASS,none
TN_VARDAH_2016_153529,TN_VARDAH_2016,SAR_ONLY,PASS,none
TN_VARDAH_2016_183190,TN_VARDAH_2016,SAR_ONLY,PASS,none
TN_VARDAH_2016_000006,TN_VARDAH_2016,SAR_ONLY,PASS,none
TN_VARDAH_2016_000033,TN_VARDAH_2016,SAR_ONLY,PASS,none
TN_VARDAH_2016_021825,TN_VARDAH_2016,SAR_ONLY,PASS,none
TN_VARDAH_2016_046556,TN_VARDAH_2016,SAR_ONLY,PASS,none
TN_VARDAH_2016_071280,TN_VARDAH_2016,SAR_ONLY,PASS,none
TN_VARDAH_2016_073162,TN_VARDAH_2016,SAR_ONLY,PASS,none
TN_VARDAH_2016_096314,TN_VARDAH_2016,SAR_ONLY,PASS,none
TN_VARDAH_2016_123802,TN_VARDAH_2016,SAR_ONLY,PASS,none
TN_VARDAH_2016_153528,TN_VARDAH_2016,SAR_ONLY,PASS,none
TN_VARDAH_2016_183205,TN_VARDAH_2016,SAR_ONLY,PASS,none
TN_VARDAH_2016_004986,TN_VARDAH_2016,SAR_ONLY,PASS,none
TN_VARDAH_2016_005025,TN_VARDAH_2016,SAR_ONLY,PASS,none
TN_VARDAH_2016_026772,TN_VARDAH_2016,SAR_ONLY,PASS,none
TN_VARDAH_2016_051512,TN_VARDAH_2016,SAR_ONLY,PASS,none
TN_VARDAH_2016_076257,TN_VARDAH_2016,SAR_ONLY,PASS,none
TN_VARDAH_2016_076551,TN_VARDAH_2016,SAR_ONLY,PASS,none
TN_VARDAH_2016_101202,TN_VARDAH_2016,SAR_ONLY,PASS,none
TN_VARDAH_2016_128749,TN_VARDAH_2016,SAR_ONLY,PASS,none
TN_VARDAH_2016_158504,TN_VARDAH_2016,SAR_ONLY,PASS,none
TN_VARDAH_2016_188128,TN_VARDAH_2016,SAR_ONLY,PASS,none
TN_VARDAH_2016_009952,TN_VARDAH_2016,SAR_ONLY,PASS,none
TN_VARDAH_2016_009980,TN_VARDAH_2016,SAR_ONLY,PASS,none
TN_VARDAH_2016_031717,TN_VARDAH_2016,SAR_ONLY,PASS,none
TN_VARDAH_2016_056433,TN_VARDAH_2016,SAR_ONLY,PASS,none
TN_VARDAH_2016_081205,TN_VARDAH_2016,SAR_ONLY,PASS,none
TN_VARDAH_2016_081814,TN_VARDAH_2016,SAR_ONLY,PASS,none
TN_VARDAH_2016_106170,TN_VARDAH_2016,SAR_ONLY,PASS,none
TN_VARDAH_2016_133705,TN_VARDAH_2016,SAR_ONLY,PASS,none
TN_VARDAH_2016_163431,TN_VARDAH_2016,SAR_ONLY,PASS,none
TN_VARDAH_2016_193113,TN_VARDAH_2016,SAR_ONLY,PASS,none
TN_VARDAH_2016_009975,TN_VARDAH_2016,SAR_ONLY,PASS,none
TN_VARDAH_2016_009983,TN_VARDAH_2016,SAR_ONLY,PASS,none
TN_VARDAH_2016_031743,TN_VARDAH_2016,SAR_ONLY,PASS,none
TN_VARDAH_2016_056450,TN_VARDAH_2016,SAR_ONLY,PASS,none
TN_VARDAH_2016_081218,TN_VARDAH_2016,SAR_ONLY,PASS,none
TN_VARDAH_2016_086533,TN_VARDAH_2016,SAR_ONLY,PASS,none
TN_VARDAH_2016_106174,TN_VARDAH_2016,SAR_ONLY,PASS,none
TN_VARDAH_2016_133735,TN_VARDAH_2016,SAR_ONLY,PASS,none
TN_VARDAH_2016_163439,TN_VARDAH_2016,SAR_ONLY,PASS,none
TN_VARDAH_2016_193123,TN_VARDAH_2016,SAR_ONLY,PASS,none
TN_VARDAH_2016_014933,TN_VARDAH_2016,SAR_ONLY,PASS,none
TN_VARDAH_2016_014929,TN_VARDAH_2016,SAR_ONLY,PASS,none
TN_VARDAH_2016_036674,TN_VARDAH_2016,SAR_ONLY,PASS,none
TN_VARDAH_2016_061393,TN_VARDAH_2016,SAR_ONLY,PASS,none
TN_VARDAH_2016_086151,TN_VARDAH_2016,SAR_ONLY,PASS,none
TN_VARDAH_2016_093737,TN_VARDAH_2016,SAR_ONLY,PASS,none
TN_VARDAH_2016_111107,TN_VARDAH_2016,SAR_ONLY,PASS,none
TN_VARDAH_2016_138663,TN_VARDAH_2016,SAR_ONLY,PASS,none
TN_VARDAH_2016_168409,TN_VARDAH_2016,SAR_ONLY,PASS,none
TN_VARDAH_2016_198061,TN_VARDAH_2016,SAR_ONLY,PASS,none
TN_VARDAH_2016_019886,TN_VARDAH_2016,SAR_ONLY,PASS,none
TN_VARDAH_2016_019894,TN_VARDAH_2016,SAR_ONLY,PASS,none
TN_VARDAH_2016_041639,TN_VARDAH_2016,SAR_ONLY,PASS,none
TN_VARDAH_2016_066353,TN_VARDAH_2016,SAR_ONLY,PASS,none
TN_VARDAH_2016_091112,TN_VARDAH_2016,SAR_ONLY,PASS,none
TN_VARDAH_2016_094322,TN_VARDAH_2016,SAR_ONLY,PASS,none
TN_VARDAH_2016_116038,TN_VARDAH_2016,SAR_ONLY,PASS,none
TN_VARDAH_2016_143611,TN_VARDAH_2016,SAR_ONLY,PASS,none
TN_VARDAH_2016_173312,TN_VARDAH_2016,SAR_ONLY,PASS,none
TN_VARDAH_2016_203000,TN_VARDAH_2016,SAR_ONLY,PASS,none
TN_VARDAH_2016_091156,TN_VARDAH_2016,SAR_ONLY,PASS,none
TN_VARDAH_2016_096205,TN_VARDAH_2016,SAR_ONLY,PASS,none
TN_VARDAH_2016_116130,TN_VARDAH_2016,SAR_ONLY,PASS,none
TN_VARDAH_2016_143747,TN_VARDAH_2016,SAR_ONLY,PASS,none
TN_VARDAH_2016_173372,TN_VARDAH_2016,SAR_ONLY,PASS,none
TN_VARDAH_2016_202996,TN_VARDAH_2016,SAR_ONLY,PASS,none
TN_VARDAH_2016_121024,TN_VARDAH_2016,SAR_ONLY,PASS,none
TN_VARDAH_2016_121169,TN_VARDAH_2016,SAR_ONLY,PASS,none
TN_VARDAH_2016_179018,TN_VARDAH_2016,SAR_ONLY,PASS,none
TN_VARDAH_2016_206065,TN_VARDAH_2016,SAR_ONLY,PASS,none
TN_VARDAH_2016_183187,TN_VARDAH_2016,SAR_ONLY,PASS,none
TN_VARDAH_2016_000007,TN_VARDAH_2016,SAR_ONLY,PASS,none
TN_VARDAH_2016_000031,TN_VARDAH_2016,SAR_ONLY,PASS,none
TN_VARDAH_2016_021818,TN_VARDAH_2016,SAR_ONLY,PASS,none
TN_VARDAH_2016_046551,TN_VARDAH_2016,SAR_ONLY,PASS,none
TN_VARDAH_2016_071288,TN_VARDAH_2016,SAR_ONLY,PASS,none
TN_VARDAH_2016_073386,TN_VARDAH_2016,SAR_ONLY,PASS,none
TN_VARDAH_2016_096241,TN_VARDAH_2016,SAR_ONLY,PASS,none
TN_VARDAH_2016_123783,TN_VARDAH_2016,SAR_ONLY,PASS,none
TN_VARDAH_2016_153530,TN_VARDAH_2016,SAR_ONLY,PASS,none
TN_VARDAH_2016_183192,TN_VARDAH_2016,SAR_ONLY,PASS,none
TN_VARDAH_2016_000013,TN_VARDAH_2016,SAR_ONLY,PASS,none
TN_VARDAH_2016_000042,TN_VARDAH_2016,SAR_ONLY,PASS,none
TN_VARDAH_2016_021828,TN_VARDAH_2016,SAR_ONLY,PASS,none
TN_VARDAH_2016_046559,TN_VARDAH_2016,SAR_ONLY,PASS,none
TN_VARDAH_2016_071283,TN_VARDAH_2016,SAR_ONLY,PASS,none
TN_VARDAH_2016_073179,TN_VARDAH_2016,SAR_ONLY,PASS,none
TN_VARDAH_2016_096323,TN_VARDAH_2016,SAR_ONLY,PASS,none
TN_VARDAH_2016_123809,TN_VARDAH_2016,SAR_ONLY,PASS,none
TN_VARDAH_2016_153531,TN_VARDAH_2016,SAR_ONLY,PASS,none
TN_VARDAH_2016_183215,TN_VARDAH_2016,SAR_ONLY,PASS,none
TN_VARDAH_2016_004988,TN_VARDAH_2016,SAR_ONLY,PASS,none
TN_VARDAH_2016_005026,TN_VARDAH_2016,SAR_ONLY,PASS,none
TN_VARDAH_2016_026778,TN_VARDAH_2016,SAR_ONLY,PASS,none
TN_VARDAH_2016_051513,TN_VARDAH_2016,SAR_ONLY,PASS,none
TN_VARDAH_2016_076258,TN_VARDAH_2016,SAR_ONLY,PASS,none
TN_VARDAH_2016_076688,TN_VARDAH_2016,SAR_ONLY,PASS,none
TN_VARDAH_2016_101218,TN_VARDAH_2016,SAR_ONLY,PASS,none
TN_VARDAH_2016_128750,TN_VARDAH_2016,SAR_ONLY,PASS,none
TN_VARDAH_2016_158507,TN_VARDAH_2016,SAR_ONLY,PASS,none
TN_VARDAH_2016_188130,TN_VARDAH_2016,SAR_ONLY,PASS,none
TN_VARDAH_2016_009953,TN_VARDAH_2016,SAR_ONLY,PASS,none
TN_VARDAH_2016_009982,TN_VARDAH_2016,SAR_ONLY,PASS,none
TN_VARDAH_2016_031719,TN_VARDAH_2016,SAR_ONLY,PASS,none
TN_VARDAH_2016_056435,TN_VARDAH_2016,SAR_ONLY,PASS,none
TN_VARDAH_2016_081207,TN_VARDAH_2016,SAR_ONLY,PASS,none
TN_VARDAH_2016_082051,TN_VARDAH_2016,SAR_ONLY,PASS,none
TN_VARDAH_2016_106177,TN_VARDAH_2016,SAR_ONLY,PASS,none
TN_VARDAH_2016_133707,TN_VARDAH_2016,SAR_ONLY,PASS,none
TN_VARDAH_2016_163432,TN_VARDAH_2016,SAR_ONLY,PASS,none
TN_VARDAH_2016_193115,TN_VARDAH_2016,SAR_ONLY,PASS,none
TN_VARDAH_2016_009976,TN_VARDAH_2016,SAR_ONLY,PASS,none
TN_VARDAH_2016_010010,TN_VARDAH_2016,SAR_ONLY,PASS,none
TN_VARDAH_2016_031753,TN_VARDAH_2016,SAR_ONLY,PASS,none
TN_VARDAH_2016_056454,TN_VARDAH_2016,SAR_ONLY,PASS,none
TN_VARDAH_2016_081225,TN_VARDAH_2016,SAR_ONLY,PASS,none
TN_VARDAH_2016_086816,TN_VARDAH_2016,SAR_ONLY,PASS,none
TN_VARDAH_2016_106179,TN_VARDAH_2016,SAR_ONLY,PASS,none
TN_VARDAH_2016_133749,TN_VARDAH_2016,SAR_ONLY,PASS,none
TN_VARDAH_2016_163441,TN_VARDAH_2016,SAR_ONLY,PASS,none
TN_VARDAH_2016_193125,TN_VARDAH_2016,SAR_ONLY,PASS,none
TN_VARDAH_2016_014934,TN_VARDAH_2016,SAR_ONLY,PASS,none
TN_VARDAH_2016_014932,TN_VARDAH_2016,SAR_ONLY,PASS,none
TN_VARDAH_2016_036683,TN_VARDAH_2016,SAR_ONLY,PASS,none
TN_VARDAH_2016_061396,TN_VARDAH_2016,SAR_ONLY,PASS,none
TN_VARDAH_2016_086152,TN_VARDAH_2016,SAR_ONLY,PASS,none
TN_VARDAH_2016_111088,TN_VARDAH_2016,SAR_ONLY,PASS,none
TN_VARDAH_2016_111120,TN_VARDAH_2016,SAR_ONLY,PASS,none
TN_VARDAH_2016_138667,TN_VARDAH_2016,SAR_ONLY,PASS,none
TN_VARDAH_2016_168411,TN_VARDAH_2016,SAR_ONLY,PASS,none
TN_VARDAH_2016_198075,TN_VARDAH_2016,SAR_ONLY,PASS,none
TN_VARDAH_2016_019887,TN_VARDAH_2016,SAR_ONLY,PASS,none
TN_VARDAH_2016_019911,TN_VARDAH_2016,SAR_ONLY,PASS,none
TN_VARDAH_2016_041654,TN_VARDAH_2016,SAR_ONLY,PASS,none
TN_VARDAH_2016_066354,TN_VARDAH_2016,SAR_ONLY,PASS,none
TN_VARDAH_2016_091119,TN_VARDAH_2016,SAR_ONLY,PASS,none
TN_VARDAH_2016_095366,TN_VARDAH_2016,SAR_ONLY,PASS,none
TN_VARDAH_2016_116039,TN_VARDAH_2016,SAR_ONLY,PASS,none
TN_VARDAH_2016_143612,TN_VARDAH_2016,SAR_ONLY,PASS,none
TN_VARDAH_2016_173313,TN_VARDAH_2016,SAR_ONLY,PASS,none
TN_VARDAH_2016_203002,TN_VARDAH_2016,SAR_ONLY,PASS,none
TN_VARDAH_2016_091235,TN_VARDAH_2016,SAR_ONLY,PASS,none
TN_VARDAH_2016_116060,TN_VARDAH_2016,SAR_ONLY,PASS,none
TN_VARDAH_2016_116241,TN_VARDAH_2016,SAR_ONLY,PASS,none
TN_VARDAH_2016_143773,TN_VARDAH_2016,SAR_ONLY,PASS,none
TN_VARDAH_2016_173418,TN_VARDAH_2016,SAR_ONLY,PASS,none
TN_VARDAH_2016_203024,TN_VARDAH_2016,SAR_ONLY,PASS,none
TN_VARDAH_2016_121032,TN_VARDAH_2016,SAR_ONLY,PASS,none
TN_VARDAH_2016_121414,TN_VARDAH_2016,SAR_ONLY,PASS,none
TN_VARDAH_2016_179953,TN_VARDAH_2016,SAR_ONLY,PASS,none
TN_VARDAH_2016_206105,TN_VARDAH_2016,SAR_ONLY,PASS,none
TN_VARDAH_2016_000008,TN_VARDAH_2016,SAR_ONLY,PASS,none
TN_VARDAH_2016_000032,TN_VARDAH_2016,SAR_ONLY,PASS,none
TN_VARDAH_2016_021820,TN_VARDAH_2016,SAR_ONLY,PASS,none
TN_VARDAH_2016_046552,TN_VARDAH_2016,SAR_ONLY,PASS,none
TN_VARDAH_2016_071290,TN_VARDAH_2016,SAR_ONLY,PASS,none
TN_VARDAH_2016_073413,TN_VARDAH_2016,SAR_ONLY,PASS,none
TN_VARDAH_2016_096247,TN_VARDAH_2016,SAR_ONLY,PASS,none
TN_VARDAH_2016_123792,TN_VARDAH_2016,SAR_ONLY,PASS,none
TN_VARDAH_2016_153534,TN_VARDAH_2016,SAR_ONLY,PASS,none
TN_VARDAH_2016_183193,TN_VARDAH_2016,SAR_ONLY,PASS,none
TN_VARDAH_2016_000016,TN_VARDAH_2016,SAR_ONLY,PASS,none
TN_VARDAH_2016_000045,TN_VARDAH_2016,SAR_ONLY,PASS,none
TN_VARDAH_2016_021829,TN_VARDAH_2016,SAR_ONLY,PASS,none
TN_VARDAH_2016_046562,TN_VARDAH_2016,SAR_ONLY,PASS,none
TN_VARDAH_2016_071284,TN_VARDAH_2016,SAR_ONLY,PASS,none
TN_VARDAH_2016_073200,TN_VARDAH_2016,SAR_ONLY,PASS,none
TN_VARDAH_2016_096345,TN_VARDAH_2016,SAR_ONLY,PASS,none
TN_VARDAH_2016_123811,TN_VARDAH_2016,SAR_ONLY,PASS,none
TN_VARDAH_2016_153536,TN_VARDAH_2016,SAR_ONLY,PASS,none
TN_VARDAH_2016_183224,TN_VARDAH_2016,SAR_ONLY,PASS,none
TN_VARDAH_2016_004992,TN_VARDAH_2016,SAR_ONLY,PASS,none
TN_VARDAH_2016_005029,TN_VARDAH_2016,SAR_ONLY,PASS,none
TN_VARDAH_2016_026779,TN_VARDAH_2016,SAR_ONLY,PASS,none
TN_VARDAH_2016_051515,TN_VARDAH_2016,SAR_ONLY,PASS,none
TN_VARDAH_2016_076268,TN_VARDAH_2016,SAR_ONLY,PASS,none
TN_VARDAH_2016_078902,TN_VARDAH_2016,SAR_ONLY,PASS,none
TN_VARDAH_2016_101222,TN_VARDAH_2016,SAR_ONLY,PASS,none
TN_VARDAH_2016_128756,TN_VARDAH_2016,SAR_ONLY,PASS,none
TN_VARDAH_2016_158509,TN_VARDAH_2016,SAR_ONLY,PASS,none
TN_VARDAH_2016_188131,TN_VARDAH_2016,SAR_ONLY,PASS,none
TN_VARDAH_2016_009954,TN_VARDAH_2016,SAR_ONLY,PASS,none
TN_VARDAH_2016_009988,TN_VARDAH_2016,SAR_ONLY,PASS,none
TN_VARDAH_2016_031736,TN_VARDAH_2016,SAR_ONLY,PASS,none
TN_VARDAH_2016_056436,TN_VARDAH_2016,SAR_ONLY,PASS,none
TN_VARDAH_2016_081208,TN_VARDAH_2016,SAR_ONLY,PASS,none
TN_VARDAH_2016_082775,TN_VARDAH_2016,SAR_ONLY,PASS,none
TN_VARDAH_2016_106181,TN_VARDAH_2016,SAR_ONLY,PASS,none
TN_VARDAH_2016_133708,TN_VARDAH_2016,SAR_ONLY,PASS,none
TN_VARDAH_2016_163433,TN_VARDAH_2016,SAR_ONLY,PASS,none
TN_VARDAH_2016_193116,TN_VARDAH_2016,SAR_ONLY,PASS,none
TN_VARDAH_2016_009977,TN_VARDAH_2016,SAR_ONLY,PASS,none
TN_VARDAH_2016_010063,TN_VARDAH_2016,SAR_ONLY,PASS,none
TN_VARDAH_2016_031762,TN_VARDAH_2016,SAR_ONLY,PASS,none
TN_VARDAH_2016_056474,TN_VARDAH_2016,SAR_ONLY,PASS,none
TN_VARDAH_2016_081230,TN_VARDAH_2016,SAR_ONLY,PASS,none
TN_VARDAH_2016_088607,TN_VARDAH_2016,SAR_ONLY,PASS,none
TN_VARDAH_2016_106206,TN_VARDAH_2016,SAR_ONLY,PASS,none
TN_VARDAH_2016_133752,TN_VARDAH_2016,SAR_ONLY,PASS,none
TN_VARDAH_2016_163448,TN_VARDAH_2016,SAR_ONLY,PASS,none
TN_VARDAH_2016_193139,TN_VARDAH_2016,SAR_ONLY,PASS,none
TN_VARDAH_2016_014950,TN_VARDAH_2016,SAR_ONLY,PASS,none
TN_VARDAH_2016_014936,TN_VARDAH_2016,SAR_ONLY,PASS,none
TN_VARDAH_2016_036699,TN_VARDAH_2016,SAR_ONLY,PASS,none
TN_VARDAH_2016_061398,TN_VARDAH_2016,SAR_ONLY,PASS,none
TN_VARDAH_2016_086155,TN_VARDAH_2016,SAR_ONLY,PASS,none
TN_VARDAH_2016_111095,TN_VARDAH_2016,SAR_ONLY,PASS,none
TN_VARDAH_2016_111129,TN_VARDAH_2016,SAR_ONLY,PASS,none
TN_VARDAH_2016_138670,TN_VARDAH_2016,SAR_ONLY,PASS,none
TN_VARDAH_2016_168415,TN_VARDAH_2016,SAR_ONLY,PASS,none
TN_VARDAH_2016_198078,TN_VARDAH_2016,SAR_ONLY,PASS,none
TN_VARDAH_2016_019888,TN_VARDAH_2016,SAR_ONLY,PASS,none
TN_VARDAH_2016_019918,TN_VARDAH_2016,SAR_ONLY,PASS,none
TN_VARDAH_2016_041655,TN_VARDAH_2016,SAR_ONLY,PASS,none
TN_VARDAH_2016_066370,TN_VARDAH_2016,SAR_ONLY,PASS,none
TN_VARDAH_2016_091123,TN_VARDAH_2016,SAR_ONLY,PASS,none
TN_VARDAH_2016_116028,TN_VARDAH_2016,SAR_ONLY,PASS,none
TN_VARDAH_2016_116041,TN_VARDAH_2016,SAR_ONLY,PASS,none
TN_VARDAH_2016_143617,TN_VARDAH_2016,SAR_ONLY,PASS,none
TN_VARDAH_2016_173316,TN_VARDAH_2016,SAR_ONLY,PASS,none
TN_VARDAH_2016_203006,TN_VARDAH_2016,SAR_ONLY,PASS,none
TN_VARDAH_2016_091294,TN_VARDAH_2016,SAR_ONLY,PASS,none
TN_VARDAH_2016_116148,TN_VARDAH_2016,SAR_ONLY,PASS,none
TN_VARDAH_2016_116384,TN_VARDAH_2016,SAR_ONLY,PASS,none
TN_VARDAH_2016_143807,TN_VARDAH_2016,SAR_ONLY,PASS,none
TN_VARDAH_2016_173436,TN_VARDAH_2016,SAR_ONLY,PASS,none
TN_VARDAH_2016_203042,TN_VARDAH_2016,SAR_ONLY,PASS,none
TN_VARDAH_2016_121042,TN_VARDAH_2016,SAR_ONLY,PASS,none
TN_VARDAH_2016_122314,TN_VARDAH_2016,SAR_ONLY,PASS,none
TN_VARDAH_2016_181470,TN_VARDAH_2016,SAR_ONLY,PASS,none
TN_VARDAH_2016_206113,TN_VARDAH_2016,SAR_ONLY,PASS,none
TN_VARDAH_2016_000009,TN_VARDAH_2016,SAR_ONLY,PASS,none
TN_VARDAH_2016_000034,TN_VARDAH_2016,SAR_ONLY,PASS,none
TN_VARDAH_2016_021823,TN_VARDAH_2016,SAR_ONLY,PASS,none
TN_VARDAH_2016_046554,TN_VARDAH_2016,SAR_ONLY,PASS,none
TN_VARDAH_2016_071293,TN_VARDAH_2016,SAR_ONLY,PASS,none
TN_VARDAH_2016_073419,TN_VARDAH_2016,SAR_ONLY,PASS,none
TN_VARDAH_2016_096248,TN_VARDAH_2016,SAR_ONLY,PASS,none
TN_VARDAH_2016_123798,TN_VARDAH_2016,SAR_ONLY,PASS,none
TN_VARDAH_2016_153535,TN_VARDAH_2016,SAR_ONLY,PASS,none
TN_VARDAH_2016_183196,TN_VARDAH_2016,SAR_ONLY,PASS,none
TN_VARDAH_2016_000030,TN_VARDAH_2016,SAR_ONLY,PASS,none
TN_VARDAH_2016_000049,TN_VARDAH_2016,SAR_ONLY,PASS,none
TN_VARDAH_2016_021831,TN_VARDAH_2016,SAR_ONLY,PASS,none
TN_VARDAH_2016_046564,TN_VARDAH_2016,SAR_ONLY,PASS,none
TN_VARDAH_2016_071286,TN_VARDAH_2016,SAR_ONLY,PASS,none
TN_VARDAH_2016_073585,TN_VARDAH_2016,SAR_ONLY,PASS,none
TN_VARDAH_2016_096368,TN_VARDAH_2016,SAR_ONLY,PASS,none
TN_VARDAH_2016_123818,TN_VARDAH_2016,SAR_ONLY,PASS,none
TN_VARDAH_2016_153537,TN_VARDAH_2016,SAR_ONLY,PASS,none
TN_VARDAH_2016_183228,TN_VARDAH_2016,SAR_ONLY,PASS,none
TN_VARDAH_2016_004993,TN_VARDAH_2016,SAR_ONLY,PASS,none
TN_VARDAH_2016_005031,TN_VARDAH_2016,SAR_ONLY,PASS,none
TN_VARDAH_2016_026780,TN_VARDAH_2016,SAR_ONLY,PASS,none
TN_VARDAH_2016_051523,TN_VARDAH_2016,SAR_ONLY,PASS,none
TN_VARDAH_2016_076269,TN_VARDAH_2016,SAR_ONLY,PASS,none
TN_VARDAH_2016_079489,TN_VARDAH_2016,SAR_ONLY,PASS,none
TN_VARDAH_2016_101228,TN_VARDAH_2016,SAR_ONLY,PASS,none
TN_VARDAH_2016_128757,TN_VARDAH_2016,SAR_ONLY,PASS,none
TN_VARDAH_2016_158511,TN_VARDAH_2016,SAR_ONLY,PASS,none
TN_VARDAH_2016_188132,TN_VARDAH_2016,SAR_ONLY,PASS,none
TN_VARDAH_2016_009955,TN_VARDAH_2016,SAR_ONLY,PASS,none
TN_VARDAH_2016_009998,TN_VARDAH_2016,SAR_ONLY,PASS,none
TN_VARDAH_2016_031737,TN_VARDAH_2016,SAR_ONLY,PASS,none
TN_VARDAH_2016_056437,TN_VARDAH_2016,SAR_ONLY,PASS,none
TN_VARDAH_2016_081210,TN_VARDAH_2016,SAR_ONLY,PASS,none
TN_VARDAH_2016_083781,TN_VARDAH_2016,SAR_ONLY,PASS,none
TN_VARDAH_2016_106185,TN_VARDAH_2016,SAR_ONLY,PASS,none
TN_VARDAH_2016_133713,TN_VARDAH_2016,SAR_ONLY,PASS,none
TN_VARDAH_2016_163437,TN_VARDAH_2016,SAR_ONLY,PASS,none
TN_VARDAH_2016_193120,TN_VARDAH_2016,SAR_ONLY,PASS,none
TN_VARDAH_2016_009979,TN_VARDAH_2016,SAR_ONLY,PASS,none
TN_VARDAH_2016_010069,TN_VARDAH_2016,SAR_ONLY,PASS,none
TN_VARDAH_2016_031778,TN_VARDAH_2016,SAR_ONLY,PASS,none
TN_VARDAH_2016_056478,TN_VARDAH_2016,SAR_ONLY,PASS,none
TN_VARDAH_2016_081234,TN_VARDAH_2016,SAR_ONLY,PASS,none
TN_VARDAH_2016_089857,TN_VARDAH_2016,SAR_ONLY,PASS,none
TN_VARDAH_2016_106244,TN_VARDAH_2016,SAR_ONLY,PASS,none
TN_VARDAH_2016_133755,TN_VARDAH_2016,SAR_ONLY,PASS,none
TN_VARDAH_2016_163449,TN_VARDAH_2016,SAR_ONLY,PASS,none
TN_VARDAH_2016_193142,TN_VARDAH_2016,SAR_ONLY,PASS,none
TN_VARDAH_2016_014951,TN_VARDAH_2016,SAR_ONLY,PASS,none
TN_VARDAH_2016_014940,TN_VARDAH_2016,SAR_ONLY,PASS,none
TN_VARDAH_2016_036700,TN_VARDAH_2016,SAR_ONLY,PASS,none
TN_VARDAH_2016_061399,TN_VARDAH_2016,SAR_ONLY,PASS,none
TN_VARDAH_2016_086156,TN_VARDAH_2016,SAR_ONLY,PASS,none
TN_VARDAH_2016_111096,TN_VARDAH_2016,SAR_ONLY,PASS,none
TN_VARDAH_2016_111135,TN_VARDAH_2016,SAR_ONLY,PASS,none
TN_VARDAH_2016_138685,TN_VARDAH_2016,SAR_ONLY,PASS,none
TN_VARDAH_2016_168421,TN_VARDAH_2016,SAR_ONLY,PASS,none
TN_VARDAH_2016_198111,TN_VARDAH_2016,SAR_ONLY,PASS,none
TN_VARDAH_2016_019889,TN_VARDAH_2016,SAR_ONLY,PASS,none
TN_VARDAH_2016_019919,TN_VARDAH_2016,SAR_ONLY,PASS,none
TN_VARDAH_2016_041662,TN_VARDAH_2016,SAR_ONLY,PASS,none
TN_VARDAH_2016_066376,TN_VARDAH_2016,SAR_ONLY,PASS,none
TN_VARDAH_2016_091125,TN_VARDAH_2016,SAR_ONLY,PASS,none
TN_VARDAH_2016_116029,TN_VARDAH_2016,SAR_ONLY,PASS,none
TN_VARDAH_2016_116047,TN_VARDAH_2016,SAR_ONLY,PASS,none
TN_VARDAH_2016_143628,TN_VARDAH_2016,SAR_ONLY,PASS,none
TN_VARDAH_2016_173320,TN_VARDAH_2016,SAR_ONLY,PASS,none
TN_VARDAH_2016_203008,TN_VARDAH_2016,SAR_ONLY,PASS,none
TN_VARDAH_2016_091339,TN_VARDAH_2016,SAR_ONLY,PASS,none
TN_VARDAH_2016_116245,TN_VARDAH_2016,SAR_ONLY,PASS,none
TN_VARDAH_2016_116385,TN_VARDAH_2016,SAR_ONLY,PASS,none
TN_VARDAH_2016_143924,TN_VARDAH_2016,SAR_ONLY,PASS,none
TN_VARDAH_2016_173458,TN_VARDAH_2016,SAR_ONLY,PASS,none
TN_VARDAH_2016_203057,TN_VARDAH_2016,SAR_ONLY,PASS,none
TN_VARDAH_2016_121225,TN_VARDAH_2016,SAR_ONLY,PASS,none
TN_VARDAH_2016_122632,TN_VARDAH_2016,SAR_ONLY,PASS,none
TN_VARDAH_2016_182426,TN_VARDAH_2016,SAR_ONLY,PASS,none
TN_VARDAH_2016_206114,TN_VARDAH_2016,SAR_ONLY,PASS,none
TN_VARDAH_2016_000010,TN_VARDAH_2016,SAR_ONLY,PASS,none
TN_VARDAH_2016_000035,TN_VARDAH_2016,SAR_ONLY,PASS,none
TN_VARDAH_2016_021824,TN_VARDAH_2016,SAR_ONLY,PASS,none
TN_VARDAH_2016_046557,TN_VARDAH_2016,SAR_ONLY,PASS,none
TN_VARDAH_2016_071296,TN_VARDAH_2016,SAR_ONLY,PASS,none
TN_VARDAH_2016_073635,TN_VARDAH_2016,SAR_ONLY,PASS,none
TN_VARDAH_2016_096249,TN_VARDAH_2016,SAR_ONLY,PASS,none
TN_VARDAH_2016_123800,TN_VARDAH_2016,SAR_ONLY,PASS,none
TN_VARDAH_2016_153538,TN_VARDAH_2016,SAR_ONLY,PASS,none
TN_VARDAH_2016_183198,TN_VARDAH_2016,SAR_ONLY,PASS,none
TN_VARDAH_2016_000041,TN_VARDAH_2016,SAR_ONLY,PASS,none
TN_VARDAH_2016_000052,TN_VARDAH_2016,SAR_ONLY,PASS,none
TN_VARDAH_2016_021849,TN_VARDAH_2016,SAR_ONLY,PASS,none
TN_VARDAH_2016_046569,TN_VARDAH_2016,SAR_ONLY,PASS,none
TN_VARDAH_2016_071289,TN_VARDAH_2016,SAR_ONLY,PASS,none
TN_VARDAH_2016_073784,TN_VARDAH_2016,SAR_ONLY,PASS,none
TN_VARDAH_2016_096382,TN_VARDAH_2016,SAR_ONLY,PASS,none
TN_VARDAH_2016_123827,TN_VARDAH_2016,SAR_ONLY,PASS,none
TN_VARDAH_2016_153547,TN_VARDAH_2016,SAR_ONLY,PASS,none
TN_VARDAH_2016_183229,TN_VARDAH_2016,SAR_ONLY,PASS,none
TN_VARDAH_2016_004994,TN_VARDAH_2016,SAR_ONLY,PASS,none
TN_VARDAH_2016_005034,TN_VARDAH_2016,SAR_ONLY,PASS,none
TN_VARDAH_2016_026781,TN_VARDAH_2016,SAR_ONLY,PASS,none
TN_VARDAH_2016_051529,TN_VARDAH_2016,SAR_ONLY,PASS,none
TN_VARDAH_2016_076270,TN_VARDAH_2016,SAR_ONLY,PASS,none
TN_VARDAH_2016_080327,TN_VARDAH_2016,SAR_ONLY,PASS,none
TN_VARDAH_2016_101234,TN_VARDAH_2016,SAR_ONLY,PASS,none
TN_VARDAH_2016_128759,TN_VARDAH_2016,SAR_ONLY,PASS,none
TN_VARDAH_2016_158520,TN_VARDAH_2016,SAR_ONLY,PASS,none
TN_VARDAH_2016_188133,TN_VARDAH_2016,SAR_ONLY,PASS,none
TN_VARDAH_2016_009956,TN_VARDAH_2016,SAR_ONLY,PASS,none
TN_VARDAH_2016_009999,TN_VARDAH_2016,SAR_ONLY,PASS,none
TN_VARDAH_2016_031738,TN_VARDAH_2016,SAR_ONLY,PASS,none
TN_VARDAH_2016_056441,TN_VARDAH_2016,SAR_ONLY,PASS,none
TN_VARDAH_2016_081212,TN_VARDAH_2016,SAR_ONLY,PASS,none
TN_VARDAH_2016_084231,TN_VARDAH_2016,SAR_ONLY,PASS,none
TN_VARDAH_2016_106186,TN_VARDAH_2016,SAR_ONLY,PASS,none
TN_VARDAH_2016_133718,TN_VARDAH_2016,SAR_ONLY,PASS,none
TN_VARDAH_2016_163438,TN_VARDAH_2016,SAR_ONLY,PASS,none
TN_VARDAH_2016_193121,TN_VARDAH_2016,SAR_ONLY,PASS,none
TN_VARDAH_2016_009992,TN_VARDAH_2016,SAR_ONLY,PASS,none
TN_VARDAH_2016_010096,TN_VARDAH_2016,SAR_ONLY,PASS,none
TN_VARDAH_2016_031786,TN_VARDAH_2016,SAR_ONLY,PASS,none
TN_VARDAH_2016_056485,TN_VARDAH_2016,SAR_ONLY,PASS,none
TN_VARDAH_2016_081244,TN_VARDAH_2016,SAR_ONLY,PASS,none
TN_VARDAH_2016_106151,TN_VARDAH_2016,SAR_ONLY,PASS,none
TN_VARDAH_2016_106293,TN_VARDAH_2016,SAR_ONLY,PASS,none
TN_VARDAH_2016_133756,TN_VARDAH_2016,SAR_ONLY,PASS,none
TN_VARDAH_2016_163453,TN_VARDAH_2016,SAR_ONLY,PASS,none
TN_VARDAH_2016_193144,TN_VARDAH_2016,SAR_ONLY,PASS,none
TN_VARDAH_2016_014955,TN_VARDAH_2016,SAR_ONLY,PASS,none
TN_VARDAH_2016_014942,TN_VARDAH_2016,SAR_ONLY,PASS,none
TN_VARDAH_2016_036705,TN_VARDAH_2016,SAR_ONLY,PASS,none
TN_VARDAH_2016_061400,TN_VARDAH_2016,SAR_ONLY,PASS,none
TN_VARDAH_2016_086157,TN_VARDAH_2016,SAR_ONLY,PASS,none
TN_VARDAH_2016_111097,TN_VARDAH_2016,SAR_ONLY,PASS,none
TN_VARDAH_2016_111152,TN_VARDAH_2016,SAR_ONLY,PASS,none
TN_VARDAH_2016_138686,TN_VARDAH_2016,SAR_ONLY,PASS,none
TN_VARDAH_2016_168425,TN_VARDAH_2016,SAR_ONLY,PASS,none
TN_VARDAH_2016_198118,TN_VARDAH_2016,SAR_ONLY,PASS,none
TN_VARDAH_2016_019890,TN_VARDAH_2016,SAR_ONLY,PASS,none
TN_VARDAH_2016_019921,TN_VARDAH_2016,SAR_ONLY,PASS,none
TN_VARDAH_2016_041667,TN_VARDAH_2016,SAR_ONLY,PASS,none
TN_VARDAH_2016_066379,TN_VARDAH_2016,SAR_ONLY,PASS,none
TN_VARDAH_2016_091127,TN_VARDAH_2016,SAR_ONLY,PASS,none
TN_VARDAH_2016_116030,TN_VARDAH_2016,SAR_ONLY,PASS,none
TN_VARDAH_2016_116058,TN_VARDAH_2016,SAR_ONLY,PASS,none
TN_VARDAH_2016_143634,TN_VARDAH_2016,SAR_ONLY,PASS,none
TN_VARDAH_2016_173321,TN_VARDAH_2016,SAR_ONLY,PASS,none
TN_VARDAH_2016_203009,TN_VARDAH_2016,SAR_ONLY,PASS,none
TN_VARDAH_2016_091386,TN_VARDAH_2016,SAR_ONLY,PASS,none
TN_VARDAH_2016_116247,TN_VARDAH_2016,SAR_ONLY,PASS,none
TN_VARDAH_2016_116411,TN_VARDAH_2016,SAR_ONLY,PASS,none
TN_VARDAH_2016_143943,TN_VARDAH_2016,SAR_ONLY,PASS,none
TN_VARDAH_2016_173459,TN_VARDAH_2016,SAR_ONLY,PASS,none
TN_VARDAH_2016_203085,TN_VARDAH_2016,SAR_ONLY,PASS,none
TN_VARDAH_2016_121273,TN_VARDAH_2016,SAR_ONLY,PASS,none
TN_VARDAH_2016_123030,TN_VARDAH_2016,SAR_ONLY,PASS,none
TN_VARDAH_2016_206147,TN_VARDAH_2016,SAR_ONLY,PASS,none
TN_VARDAH_2016_000011,TN_VARDAH_2016,SAR_ONLY,PASS,none
TN_VARDAH_2016_000057,TN_VARDAH_2016,SAR_ONLY,PASS,none
TN_VARDAH_2016_021832,TN_VARDAH_2016,SAR_ONLY,PASS,none
TN_VARDAH_2016_046560,TN_VARDAH_2016,SAR_ONLY,PASS,none
TN_VARDAH_2016_071298,TN_VARDAH_2016,SAR_ONLY,PASS,none
TN_VARDAH_2016_073991,TN_VARDAH_2016,SAR_ONLY,PASS,none
TN_VARDAH_2016_096262,TN_VARDAH_2016,SAR_ONLY,PASS,none
TN_VARDAH_2016_123803,TN_VARDAH_2016,SAR_ONLY,PASS,none
TN_VARDAH_2016_153540,TN_VARDAH_2016,SAR_ONLY,PASS,none
TN_VARDAH_2016_183199,TN_VARDAH_2016,SAR_ONLY,PASS,none
TN_VARDAH_2016_000048,TN_VARDAH_2016,SAR_ONLY,PASS,none
TN_VARDAH_2016_000054,TN_VARDAH_2016,SAR_ONLY,PASS,none
TN_VARDAH_2016_021882,TN_VARDAH_2016,SAR_ONLY,PASS,none
TN_VARDAH_2016_046572,TN_VARDAH_2016,SAR_ONLY,PASS,none
TN_VARDAH_2016_071291,TN_VARDAH_2016,SAR_ONLY,PASS,none
TN_VARDAH_2016_074085,TN_VARDAH_2016,SAR_ONLY,PASS,none
TN_VARDAH_2016_096385,TN_VARDAH_2016,SAR_ONLY,PASS,none
TN_VARDAH_2016_123829,TN_VARDAH_2016,SAR_ONLY,PASS,none
TN_VARDAH_2016_153556,TN_VARDAH_2016,SAR_ONLY,PASS,none
TN_VARDAH_2016_183234,TN_VARDAH_2016,SAR_ONLY,PASS,none
TN_VARDAH_2016_004999,TN_VARDAH_2016,SAR_ONLY,PASS,none
TN_VARDAH_2016_005063,TN_VARDAH_2016,SAR_ONLY,PASS,none
TN_VARDAH_2016_026785,TN_VARDAH_2016,SAR_ONLY,PASS,none
TN_VARDAH_2016_051531,TN_VARDAH_2016,SAR_ONLY,PASS,none
TN_VARDAH_2016_076273,TN_VARDAH_2016,SAR_ONLY,PASS,none
TN_VARDAH_2016_080873,TN_VARDAH_2016,SAR_ONLY,PASS,none
TN_VARDAH_2016_101236,TN_VARDAH_2016,SAR_ONLY,PASS,none
TN_VARDAH_2016_128762,TN_VARDAH_2016,SAR_ONLY,PASS,none
TN_VARDAH_2016_158521,TN_VARDAH_2016,SAR_ONLY,PASS,none
TN_VARDAH_2016_188134,TN_VARDAH_2016,SAR_ONLY,PASS,none
TN_VARDAH_2016_009957,TN_VARDAH_2016,SAR_ONLY,PASS,none
TN_VARDAH_2016_010007,TN_VARDAH_2016,SAR_ONLY,PASS,none
TN_VARDAH_2016_031740,TN_VARDAH_2016,SAR_ONLY,PASS,none
TN_VARDAH_2016_056443,TN_VARDAH_2016,SAR_ONLY,PASS,none
TN_VARDAH_2016_081213,TN_VARDAH_2016,SAR_ONLY,PASS,none
TN_VARDAH_2016_084253,TN_VARDAH_2016,SAR_ONLY,PASS,none
TN_VARDAH_2016_106194,TN_VARDAH_2016,SAR_ONLY,PASS,none
TN_VARDAH_2016_133720,TN_VARDAH_2016,SAR_ONLY,PASS,none
TN_VARDAH_2016_163440,TN_VARDAH_2016,SAR_ONLY,PASS,none
TN_VARDAH_2016_193124,TN_VARDAH_2016,SAR_ONLY,PASS,none
TN_VARDAH_2016_009996,TN_VARDAH_2016,SAR_ONLY,PASS,none
TN_VARDAH_2016_010103,TN_VARDAH_2016,SAR_ONLY,PASS,none
TN_VARDAH_2016_031801,TN_VARDAH_2016,SAR_ONLY,PASS,none
TN_VARDAH_2016_056492,TN_VARDAH_2016,SAR_ONLY,PASS,none
TN_VARDAH_2016_081256,TN_VARDAH_2016,SAR_ONLY,PASS,none
TN_VARDAH_2016_106160,TN_VARDAH_2016,SAR_ONLY,PASS,none
TN_VARDAH_2016_106319,TN_VARDAH_2016,SAR_ONLY,PASS,none
TN_VARDAH_2016_133776,TN_VARDAH_2016,SAR_ONLY,PASS,none
TN_VARDAH_2016_163455,TN_VARDAH_2016,SAR_ONLY,PASS,none
TN_VARDAH_2016_193147,TN_VARDAH_2016,SAR_ONLY,PASS,none
TN_VARDAH_2016_014957,TN_VARDAH_2016,SAR_ONLY,PASS,none
TN_VARDAH_2016_014944,TN_VARDAH_2016,SAR_ONLY,PASS,none
TN_VARDAH_2016_036707,TN_VARDAH_2016,SAR_ONLY,PASS,none
TN_VARDAH_2016_061403,TN_VARDAH_2016,SAR_ONLY,PASS,none
TN_VARDAH_2016_086160,TN_VARDAH_2016,SAR_ONLY,PASS,none
TN_VARDAH_2016_111099,TN_VARDAH_2016,SAR_ONLY,PASS,none
TN_VARDAH_2016_111165,TN_VARDAH_2016,SAR_ONLY,PASS,none
TN_VARDAH_2016_138687,TN_VARDAH_2016,SAR_ONLY,PASS,none
TN_VARDAH_2016_168435,TN_VARDAH_2016,SAR_ONLY,PASS,none
TN_VARDAH_2016_198119,TN_VARDAH_2016,SAR_ONLY,PASS,none
TN_VARDAH_2016_019892,TN_VARDAH_2016,SAR_ONLY,PASS,none
TN_VARDAH_2016_019924,TN_VARDAH_2016,SAR_ONLY,PASS,none
TN_VARDAH_2016_041672,TN_VARDAH_2016,SAR_ONLY,PASS,none
TN_VARDAH_2016_066381,TN_VARDAH_2016,SAR_ONLY,PASS,none
TN_VARDAH_2016_091129,TN_VARDAH_2016,SAR_ONLY,PASS,none
TN_VARDAH_2016_116031,TN_VARDAH_2016,SAR_ONLY,PASS,none
TN_VARDAH_2016_116065,TN_VARDAH_2016,SAR_ONLY,PASS,none
TN_VARDAH_2016_143635,TN_VARDAH_2016,SAR_ONLY,PASS,none
TN_VARDAH_2016_173327,TN_VARDAH_2016,SAR_ONLY,PASS,none
TN_VARDAH_2016_203012,TN_VARDAH_2016,SAR_ONLY,PASS,none
TN_VARDAH_2016_091769,TN_VARDAH_2016,SAR_ONLY,PASS,none
TN_VARDAH_2016_116273,TN_VARDAH_2016,SAR_ONLY,PASS,none
TN_VARDAH_2016_116537,TN_VARDAH_2016,SAR_ONLY,PASS,none
TN_VARDAH_2016_143987,TN_VARDAH_2016,SAR_ONLY,PASS,none
TN_VARDAH_2016_173472,TN_VARDAH_2016,SAR_ONLY,PASS,none
TN_VARDAH_2016_203146,TN_VARDAH_2016,SAR_ONLY,PASS,none
TN_VARDAH_2016_121650,TN_VARDAH_2016,SAR_ONLY,PASS,none
TN_VARDAH_2016_123379,TN_VARDAH_2016,SAR_ONLY,PASS,none
TN_VARDAH_2016_206167,TN_VARDAH_2016,SAR_ONLY,PASS,none
TN_VARDAH_2016_000012,TN_VARDAH_2016,SAR_ONLY,PASS,none
TN_VARDAH_2016_000065,TN_VARDAH_2016,SAR_ONLY,PASS,none
TN_VARDAH_2016_021833,TN_VARDAH_2016,SAR_ONLY,PASS,none
TN_VARDAH_2016_046561,TN_VARDAH_2016,SAR_ONLY,PASS,none
TN_VARDAH_2016_071300,TN_VARDAH_2016,SAR_ONLY,PASS,none
TN_VARDAH_2016_074036,TN_VARDAH_2016,SAR_ONLY,PASS,none
TN_VARDAH_2016_096263,TN_VARDAH_2016,SAR_ONLY,PASS,none
TN_VARDAH_2016_123807,TN_VARDAH_2016,SAR_ONLY,PASS,none
TN_VARDAH_2016_153541,TN_VARDAH_2016,SAR_ONLY,PASS,none
TN_VARDAH_2016_183200,TN_VARDAH_2016,SAR_ONLY,PASS,none
TN_VARDAH_2016_000051,TN_VARDAH_2016,SAR_ONLY,PASS,none
TN_VARDAH_2016_000056,TN_VARDAH_2016,SAR_ONLY,PASS,none
TN_VARDAH_2016_021886,TN_VARDAH_2016,SAR_ONLY,PASS,none
TN_VARDAH_2016_046579,TN_VARDAH_2016,SAR_ONLY,PASS,none
TN_VARDAH_2016_071292,TN_VARDAH_2016,SAR_ONLY,PASS,none
TN_VARDAH_2016_074124,TN_VARDAH_2016,SAR_ONLY,PASS,none
TN_VARDAH_2016_096401,TN_VARDAH_2016,SAR_ONLY,PASS,none
TN_VARDAH_2016_123837,TN_VARDAH_2016,SAR_ONLY,PASS,none
TN_VARDAH_2016_153560,TN_VARDAH_2016,SAR_ONLY,PASS,none
TN_VARDAH_2016_183240,TN_VARDAH_2016,SAR_ONLY,PASS,none
TN_VARDAH_2016_005008,TN_VARDAH_2016,SAR_ONLY,PASS,none
TN_VARDAH_2016_005071,TN_VARDAH_2016,SAR_ONLY,PASS,none
TN_VARDAH_2016_026787,TN_VARDAH_2016,SAR_ONLY,PASS,none
TN_VARDAH_2016_051536,TN_VARDAH_2016,SAR_ONLY,PASS,none
TN_VARDAH_2016_076275,TN_VARDAH_2016,SAR_ONLY,PASS,none
TN_VARDAH_2016_083480,TN_VARDAH_2016,SAR_ONLY,PASS,none
TN_VARDAH_2016_101243,TN_VARDAH_2016,SAR_ONLY,PASS,none
TN_VARDAH_2016_128763,TN_VARDAH_2016,SAR_ONLY,PASS,none
TN_VARDAH_2016_158522,TN_VARDAH_2016,SAR_ONLY,PASS,none
TN_VARDAH_2016_188135,TN_VARDAH_2016,SAR_ONLY,PASS,none
TN_VARDAH_2016_009961,TN_VARDAH_2016,SAR_ONLY,PASS,none
TN_VARDAH_2016_010008,TN_VARDAH_2016,SAR_ONLY,PASS,none
TN_VARDAH_2016_031741,TN_VARDAH_2016,SAR_ONLY,PASS,none
TN_VARDAH_2016_056448,TN_VARDAH_2016,SAR_ONLY,PASS,none
TN_VARDAH_2016_081214,TN_VARDAH_2016,SAR_ONLY,PASS,none
TN_VARDAH_2016_085855,TN_VARDAH_2016,SAR_ONLY,PASS,none
TN_VARDAH_2016_106209,TN_VARDAH_2016,SAR_ONLY,PASS,none
TN_VARDAH_2016_133722,TN_VARDAH_2016,SAR_ONLY,PASS,none
TN_VARDAH_2016_163442,TN_VARDAH_2016,SAR_ONLY,PASS,none
TN_VARDAH_2016_193128,TN_VARDAH_2016,SAR_ONLY,PASS,none
TN_VARDAH_2016_010001,TN_VARDAH_2016,SAR_ONLY,PASS,none
TN_VARDAH_2016_010120,TN_VARDAH_2016,SAR_ONLY,PASS,none
TN_VARDAH_2016_031802,TN_VARDAH_2016,SAR_ONLY,PASS,none
TN_VARDAH_2016_056496,TN_VARDAH_2016,SAR_ONLY,PASS,none
TN_VARDAH_2016_081259,TN_VARDAH_2016,SAR_ONLY,PASS,none
TN_VARDAH_2016_106165,TN_VARDAH_2016,SAR_ONLY,PASS,none
TN_VARDAH_2016_106321,TN_VARDAH_2016,SAR_ONLY,PASS,none
TN_VARDAH_2016_133782,TN_VARDAH_2016,SAR_ONLY,PASS,none
TN_VARDAH_2016_163457,TN_VARDAH_2016,SAR_ONLY,PASS,none
TN_VARDAH_2016_193158,TN_VARDAH_2016,SAR_ONLY,PASS,none
TN_VARDAH_2016_014958,TN_VARDAH_2016,SAR_ONLY,PASS,none
TN_VARDAH_2016_014947,TN_VARDAH_2016,SAR_ONLY,PASS,none
TN_VARDAH_2016_036708,TN_VARDAH_2016,SAR_ONLY,PASS,none
TN_VARDAH_2016_061405,TN_VARDAH_2016,SAR_ONLY,PASS,none
TN_VARDAH_2016_086161,TN_VARDAH_2016,SAR_ONLY,PASS,none
TN_VARDAH_2016_111102,TN_VARDAH_2016,SAR_ONLY,PASS,none
TN_VARDAH_2016_111179,TN_VARDAH_2016,SAR_ONLY,PASS,none
TN_VARDAH_2016_138690,TN_VARDAH_2016,SAR_ONLY,PASS,none
TN_VARDAH_2016_168440,TN_VARDAH_2016,SAR_ONLY,PASS,none
TN_VARDAH_2016_198136,TN_VARDAH_2016,SAR_ONLY,PASS,none
TN_VARDAH_2016_019893,TN_VARDAH_2016,SAR_ONLY,PASS,none
TN_VARDAH_2016_019929,TN_VARDAH_2016,SAR_ONLY,PASS,none
TN_VARDAH_2016_041681,TN_VARDAH_2016,SAR_ONLY,PASS,none
TN_VARDAH_2016_066388,TN_VARDAH_2016,SAR_ONLY,PASS,none
TN_VARDAH_2016_091134,TN_VARDAH_2016,SAR_ONLY,PASS,none
TN_VARDAH_2016_116033,TN_VARDAH_2016,SAR_ONLY,PASS,none
TN_VARDAH_2016_116066,TN_VARDAH_2016,SAR_ONLY,PASS,none
TN_VARDAH_2016_143638,TN_VARDAH_2016,SAR_ONLY,PASS,none
TN_VARDAH_2016_173332,TN_VARDAH_2016,SAR_ONLY,PASS,none
TN_VARDAH_2016_203013,TN_VARDAH_2016,SAR_ONLY,PASS,none
TN_VARDAH_2016_091834,TN_VARDAH_2016,SAR_ONLY,PASS,none
TN_VARDAH_2016_116301,TN_VARDAH_2016,SAR_ONLY,PASS,none
TN_VARDAH_2016_116947,TN_VARDAH_2016,SAR_ONLY,PASS,none
TN_VARDAH_2016_144076,TN_VARDAH_2016,SAR_ONLY,PASS,none
TN_VARDAH_2016_173515,TN_VARDAH_2016,SAR_ONLY,PASS,none
TN_VARDAH_2016_203157,TN_VARDAH_2016,SAR_ONLY,PASS,none
TN_VARDAH_2016_122057,TN_VARDAH_2016,SAR_ONLY,PASS,none
TN_VARDAH_2016_123529,TN_VARDAH_2016,SAR_ONLY,PASS,none
TN_VARDAH_2016_206168,TN_VARDAH_2016,SAR_ONLY,PASS,none
TN_VARDAH_2016_000014,TN_VARDAH_2016,SAR_ONLY,PASS,none
TN_VARDAH_2016_000072,TN_VARDAH_2016,SAR_ONLY,PASS,none
TN_VARDAH_2016_021834,TN_VARDAH_2016,SAR_ONLY,PASS,none
TN_VARDAH_2016_046563,TN_VARDAH_2016,SAR_ONLY,PASS,none
TN_VARDAH_2016_071302,TN_VARDAH_2016,SAR_ONLY,PASS,none
TN_VARDAH_2016_074137,TN_VARDAH_2016,SAR_ONLY,PASS,none
TN_VARDAH_2016_096264,TN_VARDAH_2016,SAR_ONLY,PASS,none
TN_VARDAH_2016_123815,TN_VARDAH_2016,SAR_ONLY,PASS,none
TN_VARDAH_2016_153542,TN_VARDAH_2016,SAR_ONLY,PASS,none
TN_VARDAH_2016_183201,TN_VARDAH_2016,SAR_ONLY,PASS,none
TN_VARDAH_2016_000055,TN_VARDAH_2016,SAR_ONLY,PASS,none
TN_VARDAH_2016_000069,TN_VARDAH_2016,SAR_ONLY,PASS,none
TN_VARDAH_2016_021889,TN_VARDAH_2016,SAR_ONLY,PASS,none
TN_VARDAH_2016_046588,TN_VARDAH_2016,SAR_ONLY,PASS,none
TN_VARDAH_2016_071297,TN_VARDAH_2016,SAR_ONLY,PASS,none
TN_VARDAH_2016_074190,TN_VARDAH_2016,SAR_ONLY,PASS,none
TN_VARDAH_2016_096404,TN_VARDAH_2016,SAR_ONLY,PASS,none
TN_VARDAH_2016_123838,TN_VARDAH_2016,SAR_ONLY,PASS,none
TN_VARDAH_2016_153566,TN_VARDAH_2016,SAR_ONLY,PASS,none
TN_VARDAH_2016_183244,TN_VARDAH_2016,SAR_ONLY,PASS,none
TN_VARDAH_2016_005009,TN_VARDAH_2016,SAR_ONLY,PASS,none
TN_VARDAH_2016_005076,TN_VARDAH_2016,SAR_ONLY,PASS,none
TN_VARDAH_2016_026788,TN_VARDAH_2016,SAR_ONLY,PASS,none
TN_VARDAH_2016_051537,TN_VARDAH_2016,SAR_ONLY,PASS,none
TN_VARDAH_2016_076277,TN_VARDAH_2016,SAR_ONLY,PASS,none
TN_VARDAH_2016_085181,TN_VARDAH_2016,SAR_ONLY,PASS,none
TN_VARDAH_2016_101245,TN_VARDAH_2016,SAR_ONLY,PASS,none
TN_VARDAH_2016_128764,TN_VARDAH_2016,SAR_ONLY,PASS,none
TN_VARDAH_2016_158525,TN_VARDAH_2016,SAR_ONLY,PASS,none
TN_VARDAH_2016_188137,TN_VARDAH_2016,SAR_ONLY,PASS,none
TN_VARDAH_2016_009962,TN_VARDAH_2016,SAR_ONLY,PASS,none
TN_VARDAH_2016_010030,TN_VARDAH_2016,SAR_ONLY,PASS,none
TN_VARDAH_2016_031742,TN_VARDAH_2016,SAR_ONLY,PASS,none
TN_VARDAH_2016_056455,TN_VARDAH_2016,SAR_ONLY,PASS,none
TN_VARDAH_2016_081215,TN_VARDAH_2016,SAR_ONLY,PASS,none
TN_VARDAH_2016_106153,TN_VARDAH_2016,SAR_ONLY,PASS,none
TN_VARDAH_2016_106217,TN_VARDAH_2016,SAR_ONLY,PASS,none
TN_VARDAH_2016_133723,TN_VARDAH_2016,SAR_ONLY,PASS,none
TN_VARDAH_2016_163445,TN_VARDAH_2016,SAR_ONLY,PASS,none
TN_VARDAH_2016_193136,TN_VARDAH_2016,SAR_ONLY,PASS,none
TN_VARDAH_2016_010002,TN_VARDAH_2016,SAR_ONLY,PASS,none
TN_VARDAH_2016_010204,TN_VARDAH_2016,SAR_ONLY,PASS,none
TN_VARDAH_2016_031819,TN_VARDAH_2016,SAR_ONLY,PASS,none
TN_VARDAH_2016_056497,TN_VARDAH_2016,SAR_ONLY,PASS,none
TN_VARDAH_2016_081272,TN_VARDAH_2016,SAR_ONLY,PASS,none
TN_VARDAH_2016_106173,TN_VARDAH_2016,SAR_ONLY,PASS,none
TN_VARDAH_2016_106347,TN_VARDAH_2016,SAR_ONLY,PASS,none
TN_VARDAH_2016_133784,TN_VARDAH_2016,SAR_ONLY,PASS,none
TN_VARDAH_2016_163458,TN_VARDAH_2016,SAR_ONLY,PASS,none
TN_VARDAH_2016_193165,TN_VARDAH_2016,SAR_ONLY,PASS,none
TN_VARDAH_2016_014967,TN_VARDAH_2016,SAR_ONLY,PASS,none
TN_VARDAH_2016_014962,TN_VARDAH_2016,SAR_ONLY,PASS,none
TN_VARDAH_2016_036716,TN_VARDAH_2016,SAR_ONLY,PASS,none
TN_VARDAH_2016_061409,TN_VARDAH_2016,SAR_ONLY,PASS,none
TN_VARDAH_2016_086164,TN_VARDAH_2016,SAR_ONLY,PASS,none
TN_VARDAH_2016_111103,TN_VARDAH_2016,SAR_ONLY,PASS,none
TN_VARDAH_2016_111198,TN_VARDAH_2016,SAR_ONLY,PASS,none
TN_VARDAH_2016_138692,TN_VARDAH_2016,SAR_ONLY,PASS,none
TN_VARDAH_2016_168450,TN_VARDAH_2016,SAR_ONLY,PASS,none
TN_VARDAH_2016_198165,TN_VARDAH_2016,SAR_ONLY,PASS,none
TN_VARDAH_2016_019896,TN_VARDAH_2016,SAR_ONLY,PASS,none
TN_VARDAH_2016_019932,TN_VARDAH_2016,SAR_ONLY,PASS,none
TN_VARDAH_2016_041729,TN_VARDAH_2016,SAR_ONLY,PASS,none
TN_VARDAH_2016_066389,TN_VARDAH_2016,SAR_ONLY,PASS,none
TN_VARDAH_2016_091136,TN_VARDAH_2016,SAR_ONLY,PASS,none
TN_VARDAH_2016_116034,TN_VARDAH_2016,SAR_ONLY,PASS,none
TN_VARDAH_2016_116068,TN_VARDAH_2016,SAR_ONLY,PASS,none
TN_VARDAH_2016_143639,TN_VARDAH_2016,SAR_ONLY,PASS,none
TN_VARDAH_2016_173333,TN_VARDAH_2016,SAR_ONLY,PASS,none
TN_VARDAH_2016_203015,TN_VARDAH_2016,SAR_ONLY,PASS,none
TN_VARDAH_2016_091996,TN_VARDAH_2016,SAR_ONLY,PASS,none
TN_VARDAH_2016_116389,TN_VARDAH_2016,SAR_ONLY,PASS,none
TN_VARDAH_2016_116976,TN_VARDAH_2016,SAR_ONLY,PASS,none
TN_VARDAH_2016_144106,TN_VARDAH_2016,SAR_ONLY,PASS,none
TN_VARDAH_2016_173527,TN_VARDAH_2016,SAR_ONLY,PASS,none
TN_VARDAH_2016_203179,TN_VARDAH_2016,SAR_ONLY,PASS,none
TN_VARDAH_2016_122127,TN_VARDAH_2016,SAR_ONLY,PASS,none
TN_VARDAH_2016_148992,TN_VARDAH_2016,SAR_ONLY,PASS,none
TN_VARDAH_2016_206171,TN_VARDAH_2016,SAR_ONLY,PASS,none
TN_VARDAH_2016_000015,TN_VARDAH_2016,SAR_ONLY,PASS,none
TN_VARDAH_2016_000081,TN_VARDAH_2016,SAR_ONLY,PASS,none
TN_VARDAH_2016_021836,TN_VARDAH_2016,SAR_ONLY,PASS,none
TN_VARDAH_2016_046567,TN_VARDAH_2016,SAR_ONLY,PASS,none
TN_VARDAH_2016_071305,TN_VARDAH_2016,SAR_ONLY,PASS,none
TN_VARDAH_2016_074358,TN_VARDAH_2016,SAR_ONLY,PASS,none
TN_VARDAH_2016_096266,TN_VARDAH_2016,SAR_ONLY,PASS,none
TN_VARDAH_2016_123819,TN_VARDAH_2016,SAR_ONLY,PASS,none
TN_VARDAH_2016_153545,TN_VARDAH_2016,SAR_ONLY,PASS,none
TN_VARDAH_2016_183203,TN_VARDAH_2016,SAR_ONLY,PASS,none
TN_VARDAH_2016_000061,TN_VARDAH_2016,SAR_ONLY,PASS,none
TN_VARDAH_2016_000094,TN_VARDAH_2016,SAR_ONLY,PASS,none
TN_VARDAH_2016_021908,TN_VARDAH_2016,SAR_ONLY,PASS,none
TN_VARDAH_2016_046590,TN_VARDAH_2016,SAR_ONLY,PASS,none
TN_VARDAH_2016_071301,TN_VARDAH_2016,SAR_ONLY,PASS,none
TN_VARDAH_2016_075329,TN_VARDAH_2016,SAR_ONLY,PASS,none
TN_VARDAH_2016_096420,TN_VARDAH_2016,SAR_ONLY,PASS,none
TN_VARDAH_2016_123859,TN_VARDAH_2016,SAR_ONLY,PASS,none
TN_VARDAH_2016_153570,TN_VARDAH_2016,SAR_ONLY,PASS,none
TN_VARDAH_2016_183247,TN_VARDAH_2016,SAR_ONLY,PASS,none
TN_VARDAH_2016_005012,TN_VARDAH_2016,SAR_ONLY,PASS,none
TN_VARDAH_2016_005079,TN_VARDAH_2016,SAR_ONLY,PASS,none
TN_VARDAH_2016_026794,TN_VARDAH_2016,SAR_ONLY,PASS,none
TN_VARDAH_2016_051539,TN_VARDAH_2016,SAR_ONLY,PASS,none
TN_VARDAH_2016_076279,TN_VARDAH_2016,SAR_ONLY,PASS,none
TN_VARDAH_2016_101186,TN_VARDAH_2016,SAR_ONLY,PASS,none
TN_VARDAH_2016_101249,TN_VARDAH_2016,SAR_ONLY,PASS,none
TN_VARDAH_2016_128766,TN_VARDAH_2016,SAR_ONLY,PASS,none
TN_VARDAH_2016_158527,TN_VARDAH_2016,SAR_ONLY,PASS,none
TN_VARDAH_2016_188138,TN_VARDAH_2016,SAR_ONLY,PASS,none
TN_VARDAH_2016_009963,TN_VARDAH_2016,SAR_ONLY,PASS,none
TN_VARDAH_2016_010033,TN_VARDAH_2016,SAR_ONLY,PASS,none
TN_VARDAH_2016_031744,TN_VARDAH_2016,SAR_ONLY,PASS,none
TN_VARDAH_2016_056458,TN_VARDAH_2016,SAR_ONLY,PASS,none
TN_VARDAH_2016_081217,TN_VARDAH_2016,SAR_ONLY,PASS,none
TN_VARDAH_2016_106154,TN_VARDAH_2016,SAR_ONLY,PASS,none
TN_VARDAH_2016_106226,TN_VARDAH_2016,SAR_ONLY,PASS,none
TN_VARDAH_2016_133724,TN_VARDAH_2016,SAR_ONLY,PASS,none
TN_VARDAH_2016_163447,TN_VARDAH_2016,SAR_ONLY,PASS,none
TN_VARDAH_2016_193140,TN_VARDAH_2016,SAR_ONLY,PASS,none
TN_VARDAH_2016_010015,TN_VARDAH_2016,SAR_ONLY,PASS,none
TN_VARDAH_2016_010209,TN_VARDAH_2016,SAR_ONLY,PASS,none
TN_VARDAH_2016_031823,TN_VARDAH_2016,SAR_ONLY,PASS,none
TN_VARDAH_2016_056502,TN_VARDAH_2016,SAR_ONLY,PASS,none
TN_VARDAH_2016_081279,TN_VARDAH_2016,SAR_ONLY,PASS,none
TN_VARDAH_2016_106182,TN_VARDAH_2016,SAR_ONLY,PASS,none
TN_VARDAH_2016_106450,TN_VARDAH_2016,SAR_ONLY,PASS,none
TN_VARDAH_2016_133785,TN_VARDAH_2016,SAR_ONLY,PASS,none
TN_VARDAH_2016_163469,TN_VARDAH_2016,SAR_ONLY,PASS,none
TN_VARDAH_2016_193168,TN_VARDAH_2016,SAR_ONLY,PASS,none
TN_VARDAH_2016_014983,TN_VARDAH_2016,SAR_ONLY,PASS,none
TN_VARDAH_2016_014966,TN_VARDAH_2016,SAR_ONLY,PASS,none
TN_VARDAH_2016_036720,TN_VARDAH_2016,SAR_ONLY,PASS,none
TN_VARDAH_2016_061411,TN_VARDAH_2016,SAR_ONLY,PASS,none
TN_VARDAH_2016_086165,TN_VARDAH_2016,SAR_ONLY,PASS,none
TN_VARDAH_2016_111105,TN_VARDAH_2016,SAR_ONLY,PASS,none
TN_VARDAH_2016_111230,TN_VARDAH_2016,SAR_ONLY,PASS,none
TN_VARDAH_2016_138699,TN_VARDAH_2016,SAR_ONLY,PASS,none
TN_VARDAH_2016_168455,TN_VARDAH_2016,SAR_ONLY,PASS,none
TN_VARDAH_2016_198174,TN_VARDAH_2016,SAR_ONLY,PASS,none
TN_VARDAH_2016_019897,TN_VARDAH_2016,SAR_ONLY,PASS,none
TN_VARDAH_2016_019933,TN_VARDAH_2016,SAR_ONLY,PASS,none
TN_VARDAH_2016_041747,TN_VARDAH_2016,SAR_ONLY,PASS,none
TN_VARDAH_2016_066394,TN_VARDAH_2016,SAR_ONLY,PASS,none
TN_VARDAH_2016_091139,TN_VARDAH_2016,SAR_ONLY,PASS,none
TN_VARDAH_2016_116035,TN_VARDAH_2016,SAR_ONLY,PASS,none
TN_VARDAH_2016_116071,TN_VARDAH_2016,SAR_ONLY,PASS,none
TN_VARDAH_2016_143640,TN_VARDAH_2016,SAR_ONLY,PASS,none
TN_VARDAH_2016_173336,TN_VARDAH_2016,SAR_ONLY,PASS,none
TN_VARDAH_2016_203016,TN_VARDAH_2016,SAR_ONLY,PASS,none
TN_VARDAH_2016_092053,TN_VARDAH_2016,SAR_ONLY,PASS,none
TN_VARDAH_2016_116543,TN_VARDAH_2016,SAR_ONLY,PASS,none
TN_VARDAH_2016_117225,TN_VARDAH_2016,SAR_ONLY,PASS,none
TN_VARDAH_2016_144137,TN_VARDAH_2016,SAR_ONLY,PASS,none
TN_VARDAH_2016_173558,TN_VARDAH_2016,SAR_ONLY,PASS,none
TN_VARDAH_2016_203204,TN_VARDAH_2016,SAR_ONLY,PASS,none
TN_VARDAH_2016_122228,TN_VARDAH_2016,SAR_ONLY,PASS,none
TN_VARDAH_2016_149102,TN_VARDAH_2016,SAR_ONLY,PASS,none
TN_VARDAH_2016_206176,TN_VARDAH_2016,SAR_ONLY,PASS,none
TN_VARDAH_2016_000017,TN_VARDAH_2016,SAR_ONLY,PASS,none
TN_VARDAH_2016_000087,TN_VARDAH_2016,SAR_ONLY,PASS,none
TN_VARDAH_2016_021839,TN_VARDAH_2016,SAR_ONLY,PASS,none
TN_VARDAH_2016_046570,TN_VARDAH_2016,SAR_ONLY,PASS,none
TN_VARDAH_2016_071306,TN_VARDAH_2016,SAR_ONLY,PASS,none
TN_VARDAH_2016_075402,TN_VARDAH_2016,SAR_ONLY,PASS,none
TN_VARDAH_2016_096269,TN_VARDAH_2016,SAR_ONLY,PASS,none
TN_VARDAH_2016_123821,TN_VARDAH_2016,SAR_ONLY,PASS,none
TN_VARDAH_2016_153548,TN_VARDAH_2016,SAR_ONLY,PASS,none
TN_VARDAH_2016_183207,TN_VARDAH_2016,SAR_ONLY,PASS,none
TN_VARDAH_2016_000070,TN_VARDAH_2016,SAR_ONLY,PASS,none
TN_VARDAH_2016_000095,TN_VARDAH_2016,SAR_ONLY,PASS,none
TN_VARDAH_2016_021910,TN_VARDAH_2016,SAR_ONLY,PASS,none
TN_VARDAH_2016_046593,TN_VARDAH_2016,SAR_ONLY,PASS,none
TN_VARDAH_2016_071312,TN_VARDAH_2016,SAR_ONLY,PASS,none
TN_VARDAH_2016_076069,TN_VARDAH_2016,SAR_ONLY,PASS,none
TN_VARDAH_2016_096456,TN_VARDAH_2016,SAR_ONLY,PASS,none
TN_VARDAH_2016_123864,TN_VARDAH_2016,SAR_ONLY,PASS,none
TN_VARDAH_2016_153584,TN_VARDAH_2016,SAR_ONLY,PASS,none
TN_VARDAH_2016_183254,TN_VARDAH_2016,SAR_ONLY,PASS,none
TN_VARDAH_2016_005015,TN_VARDAH_2016,SAR_ONLY,PASS,none
TN_VARDAH_2016_005082,TN_VARDAH_2016,SAR_ONLY,PASS,none
TN_VARDAH_2016_026800,TN_VARDAH_2016,SAR_ONLY,PASS,none
TN_VARDAH_2016_051543,TN_VARDAH_2016,SAR_ONLY,PASS,none
TN_VARDAH_2016_076280,TN_VARDAH_2016,SAR_ONLY,PASS,none
TN_VARDAH_2016_101188,TN_VARDAH_2016,SAR_ONLY,PASS,none
TN_VARDAH_2016_101261,TN_VARDAH_2016,SAR_ONLY,PASS,none
TN_VARDAH_2016_128768,TN_VARDAH_2016,SAR_ONLY,PASS,none
TN_VARDAH_2016_158533,TN_VARDAH_2016,SAR_ONLY,PASS,none
TN_VARDAH_2016_188139,TN_VARDAH_2016,SAR_ONLY,PASS,none
TN_VARDAH_2016_009964,TN_VARDAH_2016,SAR_ONLY,PASS,none
TN_VARDAH_2016_010034,TN_VARDAH_2016,SAR_ONLY,PASS,none
TN_VARDAH_2016_031747,TN_VARDAH_2016,SAR_ONLY,PASS,none
TN_VARDAH_2016_056460,TN_VARDAH_2016,SAR_ONLY,PASS,none
TN_VARDAH_2016_081220,TN_VARDAH_2016,SAR_ONLY,PASS,none
TN_VARDAH_2016_106156,TN_VARDAH_2016,SAR_ONLY,PASS,none
TN_VARDAH_2016_106236,TN_VARDAH_2016,SAR_ONLY,PASS,none
TN_VARDAH_2016_133728,TN_VARDAH_2016,SAR_ONLY,PASS,none
TN_VARDAH_2016_163454,TN_VARDAH_2016,SAR_ONLY,PASS,none
TN_VARDAH_2016_193143,TN_VARDAH_2016,SAR_ONLY,PASS,none
TN_VARDAH_2016_010025,TN_VARDAH_2016,SAR_ONLY,PASS,none
TN_VARDAH_2016_010247,TN_VARDAH_2016,SAR_ONLY,PASS,none
TN_VARDAH_2016_031834,TN_VARDAH_2016,SAR_ONLY,PASS,none
TN_VARDAH_2016_056503,TN_VARDAH_2016,SAR_ONLY,PASS,none
TN_VARDAH_2016_081288,TN_VARDAH_2016,SAR_ONLY,PASS,none
TN_VARDAH_2016_106192,TN_VARDAH_2016,SAR_ONLY,PASS,none
TN_VARDAH_2016_106461,TN_VARDAH_2016,SAR_ONLY,PASS,none
TN_VARDAH_2016_133788,TN_VARDAH_2016,SAR_ONLY,PASS,none
TN_VARDAH_2016_163473,TN_VARDAH_2016,SAR_ONLY,PASS,none
TN_VARDAH_2016_193185,TN_VARDAH_2016,SAR_ONLY,PASS,none
TN_VARDAH_2016_014988,TN_VARDAH_2016,SAR_ONLY,PASS,none
TN_VARDAH_2016_014975,TN_VARDAH_2016,SAR_ONLY,PASS,none
TN_VARDAH_2016_036724,TN_VARDAH_2016,SAR_ONLY,PASS,none
TN_VARDAH_2016_061412,TN_VARDAH_2016,SAR_ONLY,PASS,none
TN_VARDAH_2016_086166,TN_VARDAH_2016,SAR_ONLY,PASS,none
TN_VARDAH_2016_111106,TN_VARDAH_2016,SAR_ONLY,PASS,none
TN_VARDAH_2016_111240,TN_VARDAH_2016,SAR_ONLY,PASS,none
TN_VARDAH_2016_138700,TN_VARDAH_2016,SAR_ONLY,PASS,none
TN_VARDAH_2016_168480,TN_VARDAH_2016,SAR_ONLY,PASS,none
TN_VARDAH_2016_198178,TN_VARDAH_2016,SAR_ONLY,PASS,none
TN_VARDAH_2016_019900,TN_VARDAH_2016,SAR_ONLY,PASS,none
TN_VARDAH_2016_019936,TN_VARDAH_2016,SAR_ONLY,PASS,none
TN_VARDAH_2016_041761,TN_VARDAH_2016,SAR_ONLY,PASS,none
TN_VARDAH_2016_066397,TN_VARDAH_2016,SAR_ONLY,PASS,none
TN_VARDAH_2016_091144,TN_VARDAH_2016,SAR_ONLY,PASS,none
TN_VARDAH_2016_116036,TN_VARDAH_2016,SAR_ONLY,PASS,none
TN_VARDAH_2016_116075,TN_VARDAH_2016,SAR_ONLY,PASS,none
TN_VARDAH_2016_143641,TN_VARDAH_2016,SAR_ONLY,PASS,none
TN_VARDAH_2016_173338,TN_VARDAH_2016,SAR_ONLY,PASS,none
TN_VARDAH_2016_203018,TN_VARDAH_2016,SAR_ONLY,PASS,none
TN_VARDAH_2016_092253,TN_VARDAH_2016,SAR_ONLY,PASS,none
TN_VARDAH_2016_116662,TN_VARDAH_2016,SAR_ONLY,PASS,none
TN_VARDAH_2016_117456,TN_VARDAH_2016,SAR_ONLY,PASS,none
TN_VARDAH_2016_144180,TN_VARDAH_2016,SAR_ONLY,PASS,none
TN_VARDAH_2016_173576,TN_VARDAH_2016,SAR_ONLY,PASS,none
TN_VARDAH_2016_203228,TN_VARDAH_2016,SAR_ONLY,PASS,none
TN_VARDAH_2016_122303,TN_VARDAH_2016,SAR_ONLY,PASS,none
TN_VARDAH_2016_150254,TN_VARDAH_2016,SAR_ONLY,PASS,none
TN_VARDAH_2016_206178,TN_VARDAH_2016,SAR_ONLY,PASS,none
TN_VARDAH_2016_000018,TN_VARDAH_2016,SAR_ONLY,PASS,none
TN_VARDAH_2016_000092,TN_VARDAH_2016,SAR_ONLY,PASS,none
TN_VARDAH_2016_021847,TN_VARDAH_2016,SAR_ONLY,PASS,none
TN_VARDAH_2016_046571,TN_VARDAH_2016,SAR_ONLY,PASS,none
TN_VARDAH_2016_071307,TN_VARDAH_2016,SAR_ONLY,PASS,none
TN_VARDAH_2016_076099,TN_VARDAH_2016,SAR_ONLY,PASS,none
TN_VARDAH_2016_096277,TN_VARDAH_2016,SAR_ONLY,PASS,none
TN_VARDAH_2016_123826,TN_VARDAH_2016,SAR_ONLY,PASS,none
TN_VARDAH_2016_153549,TN_VARDAH_2016,SAR_ONLY,PASS,none
TN_VARDAH_2016_183208,TN_VARDAH_2016,SAR_ONLY,PASS,none
TN_VARDAH_2016_000073,TN_VARDAH_2016,SAR_ONLY,PASS,none
TN_VARDAH_2016_000098,TN_VARDAH_2016,SAR_ONLY,PASS,none
TN_VARDAH_2016_021912,TN_VARDAH_2016,SAR_ONLY,PASS,none
TN_VARDAH_2016_046597,TN_VARDAH_2016,SAR_ONLY,PASS,none
TN_VARDAH_2016_071313,TN_VARDAH_2016,SAR_ONLY,PASS,none
TN_VARDAH_2016_076631,TN_VARDAH_2016,SAR_ONLY,PASS,none
TN_VARDAH_2016_096488,TN_VARDAH_2016,SAR_ONLY,PASS,none
TN_VARDAH_2016_123866,TN_VARDAH_2016,SAR_ONLY,PASS,none
TN_VARDAH_2016_153586,TN_VARDAH_2016,SAR_ONLY,PASS,none
TN_VARDAH_2016_183255,TN_VARDAH_2016,SAR_ONLY,PASS,none
TN_VARDAH_2016_005019,TN_VARDAH_2016,SAR_ONLY,PASS,none
TN_VARDAH_2016_005086,TN_VARDAH_2016,SAR_ONLY,PASS,none
TN_VARDAH_2016_026801,TN_VARDAH_2016,SAR_ONLY,PASS,none
TN_VARDAH_2016_051544,TN_VARDAH_2016,SAR_ONLY,PASS,none
TN_VARDAH_2016_076281,TN_VARDAH_2016,SAR_ONLY,PASS,none
TN_VARDAH_2016_101189,TN_VARDAH_2016,SAR_ONLY,PASS,none
TN_VARDAH_2016_101267,TN_VARDAH_2016,SAR_ONLY,PASS,none
TN_VARDAH_2016_128769,TN_VARDAH_2016,SAR_ONLY,PASS,none
TN_VARDAH_2016_158534,TN_VARDAH_2016,SAR_ONLY,PASS,none
TN_VARDAH_2016_188140,TN_VARDAH_2016,SAR_ONLY,PASS,none
TN_VARDAH_2016_009966,TN_VARDAH_2016,SAR_ONLY,PASS,none
TN_VARDAH_2016_010035,TN_VARDAH_2016,SAR_ONLY,PASS,none
TN_VARDAH_2016_031749,TN_VARDAH_2016,SAR_ONLY,PASS,none
TN_VARDAH_2016_056461,TN_VARDAH_2016,SAR_ONLY,PASS,none
TN_VARDAH_2016_081221,TN_VARDAH_2016,SAR_ONLY,PASS,none
TN_VARDAH_2016_106157,TN_VARDAH_2016,SAR_ONLY,PASS,none
TN_VARDAH_2016_106238,TN_VARDAH_2016,SAR_ONLY,PASS,none
TN_VARDAH_2016_133729,TN_VARDAH_2016,SAR_ONLY,PASS,none
TN_VARDAH_2016_163456,TN_VARDAH_2016,SAR_ONLY,PASS,none
TN_VARDAH_2016_193148,TN_VARDAH_2016,SAR_ONLY,PASS,none
TN_VARDAH_2016_010031,TN_VARDAH_2016,SAR_ONLY,PASS,none
TN_VARDAH_2016_010272,TN_VARDAH_2016,SAR_ONLY,PASS,none
TN_VARDAH_2016_031855,TN_VARDAH_2016,SAR_ONLY,PASS,none
TN_VARDAH_2016_056509,TN_VARDAH_2016,SAR_ONLY,PASS,none
TN_VARDAH_2016_081298,TN_VARDAH_2016,SAR_ONLY,PASS,none
TN_VARDAH_2016_106196,TN_VARDAH_2016,SAR_ONLY,PASS,none
TN_VARDAH_2016_106471,TN_VARDAH_2016,SAR_ONLY,PASS,none
TN_VARDAH_2016_133795,TN_VARDAH_2016,SAR_ONLY,PASS,none
TN_VARDAH_2016_163479,TN_VARDAH_2016,SAR_ONLY,PASS,none
TN_VARDAH_2016_193198,TN_VARDAH_2016,SAR_ONLY,PASS,none
TN_VARDAH_2016_014992,TN_VARDAH_2016,SAR_ONLY,PASS,none
TN_VARDAH_2016_014978,TN_VARDAH_2016,SAR_ONLY,PASS,none
TN_VARDAH_2016_036727,TN_VARDAH_2016,SAR_ONLY,PASS,none
TN_VARDAH_2016_061415,TN_VARDAH_2016,SAR_ONLY,PASS,none
TN_VARDAH_2016_086167,TN_VARDAH_2016,SAR_ONLY,PASS,none
TN_VARDAH_2016_111108,TN_VARDAH_2016,SAR_ONLY,PASS,none
TN_VARDAH_2016_111252,TN_VARDAH_2016,SAR_ONLY,PASS,none
TN_VARDAH_2016_138705,TN_VARDAH_2016,SAR_ONLY,PASS,none
TN_VARDAH_2016_168489,TN_VARDAH_2016,SAR_ONLY,PASS,none
TN_VARDAH_2016_198190,TN_VARDAH_2016,SAR_ONLY,PASS,none
TN_VARDAH_2016_019901,TN_VARDAH_2016,SAR_ONLY,PASS,none
TN_VARDAH_2016_019947,TN_VARDAH_2016,SAR_ONLY,PASS,none
TN_VARDAH_2016_041765,TN_VARDAH_2016,SAR_ONLY,PASS,none
TN_VARDAH_2016_066398,TN_VARDAH_2016,SAR_ONLY,PASS,none
TN_VARDAH_2016_091146,TN_VARDAH_2016,SAR_ONLY,PASS,none
TN_VARDAH_2016_116037,TN_VARDAH_2016,SAR_ONLY,PASS,none
TN_VARDAH_2016_116080,TN_VARDAH_2016,SAR_ONLY,PASS,none
TN_VARDAH_2016_143645,TN_VARDAH_2016,SAR_ONLY,PASS,none
TN_VARDAH_2016_173341,TN_VARDAH_2016,SAR_ONLY,PASS,none
TN_VARDAH_2016_203019,TN_VARDAH_2016,SAR_ONLY,PASS,none
TN_VARDAH_2016_092436,TN_VARDAH_2016,SAR_ONLY,PASS,none
TN_VARDAH_2016_116684,TN_VARDAH_2016,SAR_ONLY,PASS,none
TN_VARDAH_2016_117563,TN_VARDAH_2016,SAR_ONLY,PASS,none
TN_VARDAH_2016_144277,TN_VARDAH_2016,SAR_ONLY,PASS,none
TN_VARDAH_2016_173589,TN_VARDAH_2016,SAR_ONLY,PASS,none
TN_VARDAH_2016_203249,TN_VARDAH_2016,SAR_ONLY,PASS,none
TN_VARDAH_2016_122391,TN_VARDAH_2016,SAR_ONLY,PASS,none
TN_VARDAH_2016_150476,TN_VARDAH_2016,SAR_ONLY,PASS,none
TN_VARDAH_2016_206189,TN_VARDAH_2016,SAR_ONLY,PASS,none
TN_VARDAH_2016_000020,TN_VARDAH_2016,SAR_ONLY,PASS,none
TN_VARDAH_2016_000111,TN_VARDAH_2016,SAR_ONLY,PASS,none
TN_VARDAH_2016_021855,TN_VARDAH_2016,SAR_ONLY,PASS,none
TN_VARDAH_2016_046573,TN_VARDAH_2016,SAR_ONLY,PASS,none
TN_VARDAH_2016_071308,TN_VARDAH_2016,SAR_ONLY,PASS,none
TN_VARDAH_2016_096224,TN_VARDAH_2016,SAR_ONLY,PASS,none
TN_VARDAH_2016_096279,TN_VARDAH_2016,SAR_ONLY,PASS,none
TN_VARDAH_2016_123828,TN_VARDAH_2016,SAR_ONLY,PASS,none
TN_VARDAH_2016_153550,TN_VARDAH_2016,SAR_ONLY,PASS,none
TN_VARDAH_2016_183209,TN_VARDAH_2016,SAR_ONLY,PASS,none
TN_VARDAH_2016_000074,TN_VARDAH_2016,SAR_ONLY,PASS,none
TN_VARDAH_2016_000102,TN_VARDAH_2016,SAR_ONLY,PASS,none
TN_VARDAH_2016_021917,TN_VARDAH_2016,SAR_ONLY,PASS,none
TN_VARDAH_2016_046601,TN_VARDAH_2016,SAR_ONLY,PASS,none
TN_VARDAH_2016_071322,TN_VARDAH_2016,SAR_ONLY,PASS,none
TN_VARDAH_2016_077012,TN_VARDAH_2016,SAR_ONLY,PASS,none
TN_VARDAH_2016_096514,TN_VARDAH_2016,SAR_ONLY,PASS,none
TN_VARDAH_2016_123868,TN_VARDAH_2016,SAR_ONLY,PASS,none
TN_VARDAH_2016_153591,TN_VARDAH_2016,SAR_ONLY,PASS,none
TN_VARDAH_2016_183258,TN_VARDAH_2016,SAR_ONLY,PASS,none
TN_VARDAH_2016_005021,TN_VARDAH_2016,SAR_ONLY,PASS,none
TN_VARDAH_2016_005101,TN_VARDAH_2016,SAR_ONLY,PASS,none
TN_VARDAH_2016_026803,TN_VARDAH_2016,SAR_ONLY,PASS,none
TN_VARDAH_2016_051545,TN_VARDAH_2016,SAR_ONLY,PASS,none
TN_VARDAH_2016_076282,TN_VARDAH_2016,SAR_ONLY,PASS,none
TN_VARDAH_2016_101190,TN_VARDAH_2016,SAR_ONLY,PASS,none
TN_VARDAH_2016_101269,TN_VARDAH_2016,SAR_ONLY,PASS,none
TN_VARDAH_2016_128771,TN_VARDAH_2016,SAR_ONLY,PASS,none
TN_VARDAH_2016_158535,TN_VARDAH_2016,SAR_ONLY,PASS,none
TN_VARDAH_2016_188141,TN_VARDAH_2016,SAR_ONLY,PASS,none
TN_VARDAH_2016_009967,TN_VARDAH_2016,SAR_ONLY,PASS,none
TN_VARDAH_2016_010048,TN_VARDAH_2016,SAR_ONLY,PASS,none
TN_VARDAH_2016_031750,TN_VARDAH_2016,SAR_ONLY,PASS,none
TN_VARDAH_2016_056463,TN_VARDAH_2016,SAR_ONLY,PASS,none
TN_VARDAH_2016_081222,TN_VARDAH_2016,SAR_ONLY,PASS,none
TN_VARDAH_2016_106161,TN_VARDAH_2016,SAR_ONLY,PASS,none
TN_VARDAH_2016_106249,TN_VARDAH_2016,SAR_ONLY,PASS,none
TN_VARDAH_2016_133733,TN_VARDAH_2016,SAR_ONLY,PASS,none
TN_VARDAH_2016_163459,TN_VARDAH_2016,SAR_ONLY,PASS,none
TN_VARDAH_2016_193149,TN_VARDAH_2016,SAR_ONLY,PASS,none
TN_VARDAH_2016_010050,TN_VARDAH_2016,SAR_ONLY,PASS,none
TN_VARDAH_2016_010340,TN_VARDAH_2016,SAR_ONLY,PASS,none
TN_VARDAH_2016_031860,TN_VARDAH_2016,SAR_ONLY,PASS,none
TN_VARDAH_2016_056515,TN_VARDAH_2016,SAR_ONLY,PASS,none
TN_VARDAH_2016_081317,TN_VARDAH_2016,SAR_ONLY,PASS,none
TN_VARDAH_2016_106197,TN_VARDAH_2016,SAR_ONLY,PASS,none
TN_VARDAH_2016_106472,TN_VARDAH_2016,SAR_ONLY,PASS,none
TN_VARDAH_2016_133807,TN_VARDAH_2016,SAR_ONLY,PASS,none
TN_VARDAH_2016_163481,TN_VARDAH_2016,SAR_ONLY,PASS,none
TN_VARDAH_2016_193211,TN_VARDAH_2016,SAR_ONLY,PASS,none
TN_VARDAH_2016_015012,TN_VARDAH_2016,SAR_ONLY,PASS,none
TN_VARDAH_2016_014979,TN_VARDAH_2016,SAR_ONLY,PASS,none
TN_VARDAH_2016_036732,TN_VARDAH_2016,SAR_ONLY,PASS,none
TN_VARDAH_2016_061418,TN_VARDAH_2016,SAR_ONLY,PASS,none
TN_VARDAH_2016_086168,TN_VARDAH_2016,SAR_ONLY,PASS,none
TN_VARDAH_2016_111109,TN_VARDAH_2016,SAR_ONLY,PASS,none
TN_VARDAH_2016_111263,TN_VARDAH_2016,SAR_ONLY,PASS,none
TN_VARDAH_2016_138710,TN_VARDAH_2016,SAR_ONLY,PASS,none
TN_VARDAH_2016_168503,TN_VARDAH_2016,SAR_ONLY,PASS,none
TN_VARDAH_2016_198191,TN_VARDAH_2016,SAR_ONLY,PASS,none
TN_VARDAH_2016_019904,TN_VARDAH_2016,SAR_ONLY,PASS,none
TN_VARDAH_2016_019951,TN_VARDAH_2016,SAR_ONLY,PASS,none
TN_VARDAH_2016_041766,TN_VARDAH_2016,SAR_ONLY,PASS,none
TN_VARDAH_2016_066403,TN_VARDAH_2016,SAR_ONLY,PASS,none
TN_VARDAH_2016_091150,TN_VARDAH_2016,SAR_ONLY,PASS,none
TN_VARDAH_2016_116040,TN_VARDAH_2016,SAR_ONLY,PASS,none
TN_VARDAH_2016_116093,TN_VARDAH_2016,SAR_ONLY,PASS,none
TN_VARDAH_2016_143647,TN_VARDAH_2016,SAR_ONLY,PASS,none
TN_VARDAH_2016_173342,TN_VARDAH_2016,SAR_ONLY,PASS,none
TN_VARDAH_2016_203020,TN_VARDAH_2016,SAR_ONLY,PASS,none
TN_VARDAH_2016_092535,TN_VARDAH_2016,SAR_ONLY,PASS,none
TN_VARDAH_2016_116806,TN_VARDAH_2016,SAR_ONLY,PASS,none
TN_VARDAH_2016_117908,TN_VARDAH_2016,SAR_ONLY,PASS,none
TN_VARDAH_2016_144303,TN_VARDAH_2016,SAR_ONLY,PASS,none
TN_VARDAH_2016_173618,TN_VARDAH_2016,SAR_ONLY,PASS,none
TN_VARDAH_2016_203252,TN_VARDAH_2016,SAR_ONLY,PASS,none
TN_VARDAH_2016_122455,TN_VARDAH_2016,SAR_ONLY,PASS,none
TN_VARDAH_2016_153522,TN_VARDAH_2016,SAR_ONLY,PASS,none
TN_VARDAH_2016_206202,TN_VARDAH_2016,SAR_ONLY,PASS,none
TN_VARDAH_2016_000021,TN_VARDAH_2016,SAR_ONLY,PASS,none
TN_VARDAH_2016_000121,TN_VARDAH_2016,SAR_ONLY,PASS,none
TN_VARDAH_2016_021856,TN_VARDAH_2016,SAR_ONLY,PASS,none
TN_VARDAH_2016_046574,TN_VARDAH_2016,SAR_ONLY,PASS,none
TN_VARDAH_2016_071309,TN_VARDAH_2016,SAR_ONLY,PASS,none
TN_VARDAH_2016_096225,TN_VARDAH_2016,SAR_ONLY,PASS,none
TN_VARDAH_2016_096286,TN_VARDAH_2016,SAR_ONLY,PASS,none
TN_VARDAH_2016_123831,TN_VARDAH_2016,SAR_ONLY,PASS,none
TN_VARDAH_2016_153551,TN_VARDAH_2016,SAR_ONLY,PASS,none
TN_VARDAH_2016_183210,TN_VARDAH_2016,SAR_ONLY,PASS,none
TN_VARDAH_2016_000085,TN_VARDAH_2016,SAR_ONLY,PASS,none
TN_VARDAH_2016_000114,TN_VARDAH_2016,SAR_ONLY,PASS,none
TN_VARDAH_2016_021926,TN_VARDAH_2016,SAR_ONLY,PASS,none
TN_VARDAH_2016_046603,TN_VARDAH_2016,SAR_ONLY,PASS,none
TN_VARDAH_2016_071324,TN_VARDAH_2016,SAR_ONLY,PASS,none
TN_VARDAH_2016_077377,TN_VARDAH_2016,SAR_ONLY,PASS,none
TN_VARDAH_2016_096531,TN_VARDAH_2016,SAR_ONLY,PASS,none
TN_VARDAH_2016_123872,TN_VARDAH_2016,SAR_ONLY,PASS,none
TN_VARDAH_2016_153594,TN_VARDAH_2016,SAR_ONLY,PASS,none
TN_VARDAH_2016_183267,TN_VARDAH_2016,SAR_ONLY,PASS,none
TN_VARDAH_2016_005022,TN_VARDAH_2016,SAR_ONLY,PASS,none
TN_VARDAH_2016_005106,TN_VARDAH_2016,SAR_ONLY,PASS,none
TN_VARDAH_2016_026810,TN_VARDAH_2016,SAR_ONLY,PASS,none
TN_VARDAH_2016_051549,TN_VARDAH_2016,SAR_ONLY,PASS,none
TN_VARDAH_2016_076287,TN_VARDAH_2016,SAR_ONLY,PASS,none
TN_VARDAH_2016_101191,TN_VARDAH_2016,SAR_ONLY,PASS,none
TN_VARDAH_2016_101272,TN_VARDAH_2016,SAR_ONLY,PASS,none
TN_VARDAH_2016_128772,TN_VARDAH_2016,SAR_ONLY,PASS,none
TN_VARDAH_2016_158538,TN_VARDAH_2016,SAR_ONLY,PASS,none
TN_VARDAH_2016_188143,TN_VARDAH_2016,SAR_ONLY,PASS,none
TN_VARDAH_2016_009968,TN_VARDAH_2016,SAR_ONLY,PASS,none
TN_VARDAH_2016_010064,TN_VARDAH_2016,SAR_ONLY,PASS,none
TN_VARDAH_2016_031751,TN_VARDAH_2016,SAR_ONLY,PASS,none
TN_VARDAH_2016_056466,TN_VARDAH_2016,SAR_ONLY,PASS,none
TN_VARDAH_2016_081223,TN_VARDAH_2016,SAR_ONLY,PASS,none
TN_VARDAH_2016_106162,TN_VARDAH_2016,SAR_ONLY,PASS,none
TN_VARDAH_2016_106252,TN_VARDAH_2016,SAR_ONLY,PASS,none
TN_VARDAH_2016_133734,TN_VARDAH_2016,SAR_ONLY,PASS,none
TN_VARDAH_2016_163462,TN_VARDAH_2016,SAR_ONLY,PASS,none
TN_VARDAH_2016_193151,TN_VARDAH_2016,SAR_ONLY,PASS,none
TN_VARDAH_2016_010053,TN_VARDAH_2016,SAR_ONLY,PASS,none
TN_VARDAH_2016_010349,TN_VARDAH_2016,SAR_ONLY,PASS,none
TN_VARDAH_2016_031864,TN_VARDAH_2016,SAR_ONLY,PASS,none
TN_VARDAH_2016_056517,TN_VARDAH_2016,SAR_ONLY,PASS,none
TN_VARDAH_2016_081336,TN_VARDAH_2016,SAR_ONLY,PASS,none
TN_VARDAH_2016_106198,TN_VARDAH_2016,SAR_ONLY,PASS,none
TN_VARDAH_2016_106477,TN_VARDAH_2016,SAR_ONLY,PASS,none
TN_VARDAH_2016_133820,TN_VARDAH_2016,SAR_ONLY,PASS,none
TN_VARDAH_2016_163484,TN_VARDAH_2016,SAR_ONLY,PASS,none
TN_VARDAH_2016_193214,TN_VARDAH_2016,SAR_ONLY,PASS,none
TN_VARDAH_2016_015035,TN_VARDAH_2016,SAR_ONLY,PASS,none
TN_VARDAH_2016_014984,TN_VARDAH_2016,SAR_ONLY,PASS,none
TN_VARDAH_2016_036736,TN_VARDAH_2016,SAR_ONLY,PASS,none
TN_VARDAH_2016_061423,TN_VARDAH_2016,SAR_ONLY,PASS,none
TN_VARDAH_2016_086177,TN_VARDAH_2016,SAR_ONLY,PASS,none
TN_VARDAH_2016_111110,TN_VARDAH_2016,SAR_ONLY,PASS,none
TN_VARDAH_2016_111264,TN_VARDAH_2016,SAR_ONLY,PASS,none
TN_VARDAH_2016_138714,TN_VARDAH_2016,SAR_ONLY,PASS,none
TN_VARDAH_2016_168511,TN_VARDAH_2016,SAR_ONLY,PASS,none
TN_VARDAH_2016_198258,TN_VARDAH_2016,SAR_ONLY,PASS,none
TN_VARDAH_2016_019905,TN_VARDAH_2016,SAR_ONLY,PASS,none
TN_VARDAH_2016_019956,TN_VARDAH_2016,SAR_ONLY,PASS,none
TN_VARDAH_2016_041767,TN_VARDAH_2016,SAR_ONLY,PASS,none
TN_VARDAH_2016_066410,TN_VARDAH_2016,SAR_ONLY,PASS,none
TN_VARDAH_2016_091154,TN_VARDAH_2016,SAR_ONLY,PASS,none
TN_VARDAH_2016_116042,TN_VARDAH_2016,SAR_ONLY,PASS,none
TN_GAJA_2018_000001,TN_GAJA_2018,SAR_ONLY,PASS,none
TN_GAJA_2018_000007,TN_GAJA_2018,SAR_ONLY,PASS,none
TN_GAJA_2018_006251,TN_GAJA_2018,SAR_ONLY,PASS,none
TN_GAJA_2018_010200,TN_GAJA_2018,SAR_ONLY,PASS,none
TN_GAJA_2018_016691,TN_GAJA_2018,SAR_ONLY,PASS,none
TN_GAJA_2018_033170,TN_GAJA_2018,SAR_ONLY,PASS,none
TN_GAJA_2018_033217,TN_GAJA_2018,SAR_ONLY,PASS,none
TN_GAJA_2018_046649,TN_GAJA_2018,SAR_ONLY,PASS,none
TN_GAJA_2018_054446,TN_GAJA_2018,SAR_ONLY,PASS,none
TN_GAJA_2018_063623,TN_GAJA_2018,SAR_ONLY,PASS,none
TN_GAJA_2018_000003,TN_GAJA_2018,SAR_ONLY,PASS,none
TN_GAJA_2018_006248,TN_GAJA_2018,SAR_ONLY,PASS,none
TN_GAJA_2018_006269,TN_GAJA_2018,SAR_ONLY,PASS,none
TN_GAJA_2018_010247,TN_GAJA_2018,SAR_ONLY,PASS,none
TN_GAJA_2018_016681,TN_GAJA_2018,SAR_ONLY,PASS,none
TN_GAJA_2018_016904,TN_GAJA_2018,SAR_ONLY,PASS,none
TN_GAJA_2018_033892,TN_GAJA_2018,SAR_ONLY,PASS,none
TN_GAJA_2018_046641,TN_GAJA_2018,SAR_ONLY,PASS,none
TN_GAJA_2018_054447,TN_GAJA_2018,SAR_ONLY,PASS,none
TN_GAJA_2018_063621,TN_GAJA_2018,SAR_ONLY,PASS,none
TN_GAJA_2018_001089,TN_GAJA_2018,SAR_ONLY,PASS,none
TN_GAJA_2018_001093,TN_GAJA_2018,SAR_ONLY,PASS,none
TN_GAJA_2018_006765,TN_GAJA_2018,SAR_ONLY,PASS,none
TN_GAJA_2018_011204,TN_GAJA_2018,SAR_ONLY,PASS,none
TN_GAJA_2018_017083,TN_GAJA_2018,SAR_ONLY,PASS,none
TN_GAJA_2018_034717,TN_GAJA_2018,SAR_ONLY,PASS,none
TN_GAJA_2018_034733,TN_GAJA_2018,SAR_ONLY,PASS,none
TN_GAJA_2018_047532,TN_GAJA_2018,SAR_ONLY,PASS,none
TN_GAJA_2018_054766,TN_GAJA_2018,SAR_ONLY,PASS,none
TN_GAJA_2018_064266,TN_GAJA_2018,SAR_ONLY,PASS,none
TN_GAJA_2018_001094,TN_GAJA_2018,SAR_ONLY,PASS,none
TN_GAJA_2018_001097,TN_GAJA_2018,SAR_ONLY,PASS,none
TN_GAJA_2018_006764,TN_GAJA_2018,SAR_ONLY,PASS,none
TN_GAJA_2018_011220,TN_GAJA_2018,SAR_ONLY,PASS,none
TN_GAJA_2018_017079,TN_GAJA_2018,SAR_ONLY,PASS,none
TN_GAJA_2018_020419,TN_GAJA_2018,SAR_ONLY,PASS,none
TN_GAJA_2018_034730,TN_GAJA_2018,SAR_ONLY,PASS,none
TN_GAJA_2018_047530,TN_GAJA_2018,SAR_ONLY,PASS,none
TN_GAJA_2018_054774,TN_GAJA_2018,SAR_ONLY,PASS,none
TN_GAJA_2018_064278,TN_GAJA_2018,SAR_ONLY,PASS,none
TN_GAJA_2018_002172,TN_GAJA_2018,SAR_ONLY,PASS,none
TN_GAJA_2018_002173,TN_GAJA_2018,SAR_ONLY,PASS,none
TN_GAJA_2018_007816,TN_GAJA_2018,SAR_ONLY,PASS,none
TN_GAJA_2018_012082,TN_GAJA_2018,SAR_ONLY,PASS,none
TN_GAJA_2018_019847,TN_GAJA_2018,SAR_ONLY,PASS,none
TN_GAJA_2018_036106,TN_GAJA_2018,SAR_ONLY,PASS,none
TN_GAJA_2018_048489,TN_GAJA_2018,SAR_ONLY,PASS,none
TN_GAJA_2018_048482,TN_GAJA_2018,SAR_ONLY,PASS,none
TN_GAJA_2018_055295,TN_GAJA_2018,SAR_ONLY,PASS,none
TN_GAJA_2018_065040,TN_GAJA_2018,SAR_ONLY,PASS,none
TN_GAJA_2018_002185,TN_GAJA_2018,SAR_ONLY,PASS,none
TN_GAJA_2018_002191,TN_GAJA_2018,SAR_ONLY,PASS,none
TN_GAJA_2018_008573,TN_GAJA_2018,SAR_ONLY,PASS,none
TN_GAJA_2018_012095,TN_GAJA_2018,SAR_ONLY,PASS,none
TN_GAJA_2018_019852,TN_GAJA_2018,SAR_ONLY,PASS,none
TN_GAJA_2018_036108,TN_GAJA_2018,SAR_ONLY,PASS,none
TN_GAJA_2018_037699,TN_GAJA_2018,SAR_ONLY,PASS,none
TN_GAJA_2018_048505,TN_GAJA_2018,SAR_ONLY,PASS,none
TN_GAJA_2018_055331,TN_GAJA_2018,SAR_ONLY,PASS,none
TN_GAJA_2018_065039,TN_GAJA_2018,SAR_ONLY,PASS,none
TN_GAJA_2018_003844,TN_GAJA_2018,SAR_ONLY,PASS,none
TN_GAJA_2018_003846,TN_GAJA_2018,SAR_ONLY,PASS,none
TN_GAJA_2018_008575,TN_GAJA_2018,SAR_ONLY,PASS,none
TN_GAJA_2018_013554,TN_GAJA_2018,SAR_ONLY,PASS,none
TN_GAJA_2018_023542,TN_GAJA_2018,SAR_ONLY,PASS,none
TN_GAJA_2018_037691,TN_GAJA_2018,SAR_ONLY,PASS,none
TN_GAJA_2018_037708,TN_GAJA_2018,SAR_ONLY,PASS,none
TN_GAJA_2018_049295,TN_GAJA_2018,SAR_ONLY,PASS,none
TN_GAJA_2018_056050,TN_GAJA_2018,SAR_ONLY,PASS,none
TN_GAJA_2018_066025,TN_GAJA_2018,SAR_ONLY,PASS,none
TN_GAJA_2018_005634,TN_GAJA_2018,SAR_ONLY,PASS,none
TN_GAJA_2018_005643,TN_GAJA_2018,SAR_ONLY,PASS,none
TN_GAJA_2018_009842,TN_GAJA_2018,SAR_ONLY,PASS,none
TN_GAJA_2018_014523,TN_GAJA_2018,SAR_ONLY,PASS,none
TN_GAJA_2018_028483,TN_GAJA_2018,SAR_ONLY,PASS,none
TN_GAJA_2018_042652,TN_GAJA_2018,SAR_ONLY,PASS,none
TN_GAJA_2018_042656,TN_GAJA_2018,SAR_ONLY,PASS,none
TN_GAJA_2018_052775,TN_GAJA_2018,SAR_ONLY,PASS,none
TN_GAJA_2018_061038,TN_GAJA_2018,SAR_ONLY,PASS,none
TN_GAJA_2018_068999,TN_GAJA_2018,SAR_ONLY,PASS,none
TN_GAJA_2018_069438,TN_GAJA_2018,SAR_ONLY,PASS,none
TN_GAJA_2018_069641,TN_GAJA_2018,SAR_ONLY,PASS,none
TN_GAJA_2018_010198,TN_GAJA_2018,SAR_ONLY,PASS,none
TN_GAJA_2018_016678,TN_GAJA_2018,SAR_ONLY,PASS,none
TN_GAJA_2018_000002,TN_GAJA_2018,SAR_ONLY,PASS,none
TN_GAJA_2018_000012,TN_GAJA_2018,SAR_ONLY,PASS,none
TN_GAJA_2018_006253,TN_GAJA_2018,SAR_ONLY,PASS,none
TN_GAJA_2018_010207,TN_GAJA_2018,SAR_ONLY,PASS,none
TN_GAJA_2018_016694,TN_GAJA_2018,SAR_ONLY,PASS,none
TN_GAJA_2018_033171,TN_GAJA_2018,SAR_ONLY,PASS,none
TN_GAJA_2018_033263,TN_GAJA_2018,SAR_ONLY,PASS,none
TN_GAJA_2018_046657,TN_GAJA_2018,SAR_ONLY,PASS,none
TN_GAJA_2018_054451,TN_GAJA_2018,SAR_ONLY,PASS,none
TN_GAJA_2018_063630,TN_GAJA_2018,SAR_ONLY,PASS,none
TN_GAJA_2018_000036,TN_GAJA_2018,SAR_ONLY,PASS,none
TN_GAJA_2018_006249,TN_GAJA_2018,SAR_ONLY,PASS,none
TN_GAJA_2018_006275,TN_GAJA_2018,SAR_ONLY,PASS,none
TN_GAJA_2018_010267,TN_GAJA_2018,SAR_ONLY,PASS,none
TN_GAJA_2018_016682,TN_GAJA_2018,SAR_ONLY,PASS,none
TN_GAJA_2018_033172,TN_GAJA_2018,SAR_ONLY,PASS,none
TN_GAJA_2018_034312,TN_GAJA_2018,SAR_ONLY,PASS,none
TN_GAJA_2018_046651,TN_GAJA_2018,SAR_ONLY,PASS,none
TN_GAJA_2018_054448,TN_GAJA_2018,SAR_ONLY,PASS,none
TN_GAJA_2018_063626,TN_GAJA_2018,SAR_ONLY,PASS,none
TN_GAJA_2018_001090,TN_GAJA_2018,SAR_ONLY,PASS,none
TN_GAJA_2018_001108,TN_GAJA_2018,SAR_ONLY,PASS,none
TN_GAJA_2018_006768,TN_GAJA_2018,SAR_ONLY,PASS,none
TN_GAJA_2018_011206,TN_GAJA_2018,SAR_ONLY,PASS,none
TN_GAJA_2018_017089,TN_GAJA_2018,SAR_ONLY,PASS,none
TN_GAJA_2018_034718,TN_GAJA_2018,SAR_ONLY,PASS,none
TN_GAJA_2018_034825,TN_GAJA_2018,SAR_ONLY,PASS,none
TN_GAJA_2018_047535,TN_GAJA_2018,SAR_ONLY,PASS,none
TN_GAJA_2018_054767,TN_GAJA_2018,SAR_ONLY,PASS,none
TN_GAJA_2018_064267,TN_GAJA_2018,SAR_ONLY,PASS,none
TN_GAJA_2018_001099,TN_GAJA_2018,SAR_ONLY,PASS,none
TN_GAJA_2018_001117,TN_GAJA_2018,SAR_ONLY,PASS,none
TN_GAJA_2018_006770,TN_GAJA_2018,SAR_ONLY,PASS,none
TN_GAJA_2018_011221,TN_GAJA_2018,SAR_ONLY,PASS,none
TN_GAJA_2018_017081,TN_GAJA_2018,SAR_ONLY,PASS,none
TN_GAJA_2018_023237,TN_GAJA_2018,SAR_ONLY,PASS,none
TN_GAJA_2018_034739,TN_GAJA_2018,SAR_ONLY,PASS,none
TN_GAJA_2018_047538,TN_GAJA_2018,SAR_ONLY,PASS,none
TN_GAJA_2018_054784,TN_GAJA_2018,SAR_ONLY,PASS,none
TN_GAJA_2018_064286,TN_GAJA_2018,SAR_ONLY,PASS,none
TN_GAJA_2018_002181,TN_GAJA_2018,SAR_ONLY,PASS,none
TN_GAJA_2018_002178,TN_GAJA_2018,SAR_ONLY,PASS,none
TN_GAJA_2018_007817,TN_GAJA_2018,SAR_ONLY,PASS,none
TN_GAJA_2018_012085,TN_GAJA_2018,SAR_ONLY,PASS,none
TN_GAJA_2018_019849,TN_GAJA_2018,SAR_ONLY,PASS,none
TN_GAJA_2018_036107,TN_GAJA_2018,SAR_ONLY,PASS,none
TN_GAJA_2018_048490,TN_GAJA_2018,SAR_ONLY,PASS,none
TN_GAJA_2018_048485,TN_GAJA_2018,SAR_ONLY,PASS,none
TN_GAJA_2018_055297,TN_GAJA_2018,SAR_ONLY,PASS,none
TN_GAJA_2018_065044,TN_GAJA_2018,SAR_ONLY,PASS,none
TN_GAJA_2018_002210,TN_GAJA_2018,SAR_ONLY,PASS,none
TN_GAJA_2018_002198,TN_GAJA_2018,SAR_ONLY,PASS,none
TN_GAJA_2018_008577,TN_GAJA_2018,SAR_ONLY,PASS,none
TN_GAJA_2018_012107,TN_GAJA_2018,SAR_ONLY,PASS,none
TN_GAJA_2018_019856,TN_GAJA_2018,SAR_ONLY,PASS,none
TN_GAJA_2018_036111,TN_GAJA_2018,SAR_ONLY,PASS,none
TN_GAJA_2018_037725,TN_GAJA_2018,SAR_ONLY,PASS,none
TN_GAJA_2018_048513,TN_GAJA_2018,SAR_ONLY,PASS,none
TN_GAJA_2018_055398,TN_GAJA_2018,SAR_ONLY,PASS,none
TN_GAJA_2018_065054,TN_GAJA_2018,SAR_ONLY,PASS,none
TN_GAJA_2018_003845,TN_GAJA_2018,SAR_ONLY,PASS,none
TN_GAJA_2018_003848,TN_GAJA_2018,SAR_ONLY,PASS,none
TN_GAJA_2018_008576,TN_GAJA_2018,SAR_ONLY,PASS,none
TN_GAJA_2018_013568,TN_GAJA_2018,SAR_ONLY,PASS,none
TN_GAJA_2018_023543,TN_GAJA_2018,SAR_ONLY,PASS,none
TN_GAJA_2018_037692,TN_GAJA_2018,SAR_ONLY,PASS,none
TN_GAJA_2018_037714,TN_GAJA_2018,SAR_ONLY,PASS,none
TN_GAJA_2018_049298,TN_GAJA_2018,SAR_ONLY,PASS,none
TN_GAJA_2018_056051,TN_GAJA_2018,SAR_ONLY,PASS,none
TN_GAJA_2018_066026,TN_GAJA_2018,SAR_ONLY,PASS,none
TN_GAJA_2018_005635,TN_GAJA_2018,SAR_ONLY,PASS,none
TN_GAJA_2018_005657,TN_GAJA_2018,SAR_ONLY,PASS,none
TN_GAJA_2018_009850,TN_GAJA_2018,SAR_ONLY,PASS,none
TN_GAJA_2018_014524,TN_GAJA_2018,SAR_ONLY,PASS,none
TN_GAJA_2018_028484,TN_GAJA_2018,SAR_ONLY,PASS,none
TN_GAJA_2018_042653,TN_GAJA_2018,SAR_ONLY,PASS,none
TN_GAJA_2018_042682,TN_GAJA_2018,SAR_ONLY,PASS,none
TN_GAJA_2018_052776,TN_GAJA_2018,SAR_ONLY,PASS,none
TN_GAJA_2018_061039,TN_GAJA_2018,SAR_ONLY,PASS,none
TN_GAJA_2018_069008,TN_GAJA_2018,SAR_ONLY,PASS,none
TN_GAJA_2018_069642,TN_GAJA_2018,SAR_ONLY,PASS,none
TN_GAJA_2018_016679,TN_GAJA_2018,SAR_ONLY,PASS,none
TN_GAJA_2018_000004,TN_GAJA_2018,SAR_ONLY,PASS,none
TN_GAJA_2018_000019,TN_GAJA_2018,SAR_ONLY,PASS,none
TN_GAJA_2018_006255,TN_GAJA_2018,SAR_ONLY,PASS,none
TN_GAJA_2018_010209,TN_GAJA_2018,SAR_ONLY,PASS,none
TN_GAJA_2018_016695,TN_GAJA_2018,SAR_ONLY,PASS,none
TN_GAJA_2018_033173,TN_GAJA_2018,SAR_ONLY,PASS,none
TN_GAJA_2018_033353,TN_GAJA_2018,SAR_ONLY,PASS,none
TN_GAJA_2018_046664,TN_GAJA_2018,SAR_ONLY,PASS,none
TN_GAJA_2018_054452,TN_GAJA_2018,SAR_ONLY,PASS,none
TN_GAJA_2018_063631,TN_GAJA_2018,SAR_ONLY,PASS,none
TN_GAJA_2018_000047,TN_GAJA_2018,SAR_ONLY,PASS,none
TN_GAJA_2018_006250,TN_GAJA_2018,SAR_ONLY,PASS,none
TN_GAJA_2018_006285,TN_GAJA_2018,SAR_ONLY,PASS,none
TN_GAJA_2018_010270,TN_GAJA_2018,SAR_ONLY,PASS,none
TN_GAJA_2018_016696,TN_GAJA_2018,SAR_ONLY,PASS,none
TN_GAJA_2018_033174,TN_GAJA_2018,SAR_ONLY,PASS,none
TN_GAJA_2018_046646,TN_GAJA_2018,SAR_ONLY,PASS,none
TN_GAJA_2018_046653,TN_GAJA_2018,SAR_ONLY,PASS,none
TN_GAJA_2018_054449,TN_GAJA_2018,SAR_ONLY,PASS,none
TN_GAJA_2018_063627,TN_GAJA_2018,SAR_ONLY,PASS,none
TN_GAJA_2018_001091,TN_GAJA_2018,SAR_ONLY,PASS,none
TN_GAJA_2018_001115,TN_GAJA_2018,SAR_ONLY,PASS,none
TN_GAJA_2018_006769,TN_GAJA_2018,SAR_ONLY,PASS,none
TN_GAJA_2018_011211,TN_GAJA_2018,SAR_ONLY,PASS,none
TN_GAJA_2018_017095,TN_GAJA_2018,SAR_ONLY,PASS,none
TN_GAJA_2018_034719,TN_GAJA_2018,SAR_ONLY,PASS,none
TN_GAJA_2018_034827,TN_GAJA_2018,SAR_ONLY,PASS,none
TN_GAJA_2018_047536,TN_GAJA_2018,SAR_ONLY,PASS,none
TN_GAJA_2018_054768,TN_GAJA_2018,SAR_ONLY,PASS,none
TN_GAJA_2018_064271,TN_GAJA_2018,SAR_ONLY,PASS,none
TN_GAJA_2018_001101,TN_GAJA_2018,SAR_ONLY,PASS,none
TN_GAJA_2018_001159,TN_GAJA_2018,SAR_ONLY,PASS,none
TN_GAJA_2018_006772,TN_GAJA_2018,SAR_ONLY,PASS,none
TN_GAJA_2018_011225,TN_GAJA_2018,SAR_ONLY,PASS,none
TN_GAJA_2018_017082,TN_GAJA_2018,SAR_ONLY,PASS,none
TN_GAJA_2018_034724,TN_GAJA_2018,SAR_ONLY,PASS,none
TN_GAJA_2018_034782,TN_GAJA_2018,SAR_ONLY,PASS,none
TN_GAJA_2018_047540,TN_GAJA_2018,SAR_ONLY,PASS,none
TN_GAJA_2018_054799,TN_GAJA_2018,SAR_ONLY,PASS,none
TN_GAJA_2018_064293,TN_GAJA_2018,SAR_ONLY,PASS,none
TN_GAJA_2018_002182,TN_GAJA_2018,SAR_ONLY,PASS,none
TN_GAJA_2018_002196,TN_GAJA_2018,SAR_ONLY,PASS,none
TN_GAJA_2018_007818,TN_GAJA_2018,SAR_ONLY,PASS,none
TN_GAJA_2018_012087,TN_GAJA_2018,SAR_ONLY,PASS,none
TN_GAJA_2018_019850,TN_GAJA_2018,SAR_ONLY,PASS,none
TN_GAJA_2018_036109,TN_GAJA_2018,SAR_ONLY,PASS,none
TN_GAJA_2018_048494,TN_GAJA_2018,SAR_ONLY,PASS,none
TN_GAJA_2018_048486,TN_GAJA_2018,SAR_ONLY,PASS,none
TN_GAJA_2018_055300,TN_GAJA_2018,SAR_ONLY,PASS,none
TN_GAJA_2018_065045,TN_GAJA_2018,SAR_ONLY,PASS,none
TN_GAJA_2018_002248,TN_GAJA_2018,SAR_ONLY,PASS,none
TN_GAJA_2018_002215,TN_GAJA_2018,SAR_ONLY,PASS,none
TN_GAJA_2018_008579,TN_GAJA_2018,SAR_ONLY,PASS,none
TN_GAJA_2018_012114,TN_GAJA_2018,SAR_ONLY,PASS,none
TN_GAJA_2018_019860,TN_GAJA_2018,SAR_ONLY,PASS,none
TN_GAJA_2018_036114,TN_GAJA_2018,SAR_ONLY,PASS,none
TN_GAJA_2018_037747,TN_GAJA_2018,SAR_ONLY,PASS,none
TN_GAJA_2018_048528,TN_GAJA_2018,SAR_ONLY,PASS,none
TN_GAJA_2018_055432,TN_GAJA_2018,SAR_ONLY,PASS,none
TN_GAJA_2018_065056,TN_GAJA_2018,SAR_ONLY,PASS,none
TN_GAJA_2018_003849,TN_GAJA_2018,SAR_ONLY,PASS,none
TN_GAJA_2018_003852,TN_GAJA_2018,SAR_ONLY,PASS,none
TN_GAJA_2018_008578,TN_GAJA_2018,SAR_ONLY,PASS,none
TN_GAJA_2018_013588,TN_GAJA_2018,SAR_ONLY,PASS,none
TN_GAJA_2018_023544,TN_GAJA_2018,SAR_ONLY,PASS,none
TN_GAJA_2018_037693,TN_GAJA_2018,SAR_ONLY,PASS,none
TN_GAJA_2018_037723,TN_GAJA_2018,SAR_ONLY,PASS,none
TN_GAJA_2018_049305,TN_GAJA_2018,SAR_ONLY,PASS,none
TN_GAJA_2018_056052,TN_GAJA_2018,SAR_ONLY,PASS,none
TN_GAJA_2018_066027,TN_GAJA_2018,SAR_ONLY,PASS,none
TN_GAJA_2018_005638,TN_GAJA_2018,SAR_ONLY,PASS,none
TN_GAJA_2018_005665,TN_GAJA_2018,SAR_ONLY,PASS,none
TN_GAJA_2018_009851,TN_GAJA_2018,SAR_ONLY,PASS,none
TN_GAJA_2018_014525,TN_GAJA_2018,SAR_ONLY,PASS,none
TN_GAJA_2018_028486,TN_GAJA_2018,SAR_ONLY,PASS,none
TN_GAJA_2018_042657,TN_GAJA_2018,SAR_ONLY,PASS,none
TN_GAJA_2018_042683,TN_GAJA_2018,SAR_ONLY,PASS,none
TN_GAJA_2018_052784,TN_GAJA_2018,SAR_ONLY,PASS,none
TN_GAJA_2018_061040,TN_GAJA_2018,SAR_ONLY,PASS,none
TN_GAJA_2018_069009,TN_GAJA_2018,SAR_ONLY,PASS,none
TN_GAJA_2018_033169,TN_GAJA_2018,SAR_ONLY,PASS,none
TN_GAJA_2018_000005,TN_GAJA_2018,SAR_ONLY,PASS,none
TN_GAJA_2018_000022,TN_GAJA_2018,SAR_ONLY,PASS,none
TN_GAJA_2018_006257,TN_GAJA_2018,SAR_ONLY,PASS,none
TN_GAJA_2018_010214,TN_GAJA_2018,SAR_ONLY,PASS,none
TN_GAJA_2018_016697,TN_GAJA_2018,SAR_ONLY,PASS,none
TN_GAJA_2018_033180,TN_GAJA_2018,SAR_ONLY,PASS,none
TN_GAJA_2018_033395,TN_GAJA_2018,SAR_ONLY,PASS,none
TN_GAJA_2018_046671,TN_GAJA_2018,SAR_ONLY,PASS,none
TN_GAJA_2018_054459,TN_GAJA_2018,SAR_ONLY,PASS,none
TN_GAJA_2018_063632,TN_GAJA_2018,SAR_ONLY,PASS,none
TN_GAJA_2018_000048,TN_GAJA_2018,SAR_ONLY,PASS,none
TN_GAJA_2018_006252,TN_GAJA_2018,SAR_ONLY,PASS,none
TN_GAJA_2018_006307,TN_GAJA_2018,SAR_ONLY,PASS,none
TN_GAJA_2018_010281,TN_GAJA_2018,SAR_ONLY,PASS,none
TN_GAJA_2018_016698,TN_GAJA_2018,SAR_ONLY,PASS,none
TN_GAJA_2018_033175,TN_GAJA_2018,SAR_ONLY,PASS,none
TN_GAJA_2018_046650,TN_GAJA_2018,SAR_ONLY,PASS,none
TN_GAJA_2018_046655,TN_GAJA_2018,SAR_ONLY,PASS,none
TN_GAJA_2018_054450,TN_GAJA_2018,SAR_ONLY,PASS,none
TN_GAJA_2018_063628,TN_GAJA_2018,SAR_ONLY,PASS,none
TN_GAJA_2018_001092,TN_GAJA_2018,SAR_ONLY,PASS,none
TN_GAJA_2018_001122,TN_GAJA_2018,SAR_ONLY,PASS,none
TN_GAJA_2018_006776,TN_GAJA_2018,SAR_ONLY,PASS,none
TN_GAJA_2018_011222,TN_GAJA_2018,SAR_ONLY,PASS,none
TN_GAJA_2018_017097,TN_GAJA_2018,SAR_ONLY,PASS,none
TN_GAJA_2018_034720,TN_GAJA_2018,SAR_ONLY,PASS,none
TN_GAJA_2018_034832,TN_GAJA_2018,SAR_ONLY,PASS,none
TN_GAJA_2018_047537,TN_GAJA_2018,SAR_ONLY,PASS,none
TN_GAJA_2018_054769,TN_GAJA_2018,SAR_ONLY,PASS,none
TN_GAJA_2018_064274,TN_GAJA_2018,SAR_ONLY,PASS,none
TN_GAJA_2018_001102,TN_GAJA_2018,SAR_ONLY,PASS,none
TN_GAJA_2018_001165,TN_GAJA_2018,SAR_ONLY,PASS,none
TN_GAJA_2018_006773,TN_GAJA_2018,SAR_ONLY,PASS,none
TN_GAJA_2018_011233,TN_GAJA_2018,SAR_ONLY,PASS,none
TN_GAJA_2018_017084,TN_GAJA_2018,SAR_ONLY,PASS,none
TN_GAJA_2018_034726,TN_GAJA_2018,SAR_ONLY,PASS,none
TN_GAJA_2018_034806,TN_GAJA_2018,SAR_ONLY,PASS,none
TN_GAJA_2018_047560,TN_GAJA_2018,SAR_ONLY,PASS,none
TN_GAJA_2018_054807,TN_GAJA_2018,SAR_ONLY,PASS,none
TN_GAJA_2018_064323,TN_GAJA_2018,SAR_ONLY,PASS,none
TN_GAJA_2018_002186,TN_GAJA_2018,SAR_ONLY,PASS,none
TN_GAJA_2018_002235,TN_GAJA_2018,SAR_ONLY,PASS,none
TN_GAJA_2018_007819,TN_GAJA_2018,SAR_ONLY,PASS,none
TN_GAJA_2018_012088,TN_GAJA_2018,SAR_ONLY,PASS,none
TN_GAJA_2018_019851,TN_GAJA_2018,SAR_ONLY,PASS,none
TN_GAJA_2018_036110,TN_GAJA_2018,SAR_ONLY,PASS,none
TN_GAJA_2018_048496,TN_GAJA_2018,SAR_ONLY,PASS,none
TN_GAJA_2018_048491,TN_GAJA_2018,SAR_ONLY,PASS,none
TN_GAJA_2018_055301,TN_GAJA_2018,SAR_ONLY,PASS,none
TN_GAJA_2018_065049,TN_GAJA_2018,SAR_ONLY,PASS,none
TN_GAJA_2018_002275,TN_GAJA_2018,SAR_ONLY,PASS,none
TN_GAJA_2018_002241,TN_GAJA_2018,SAR_ONLY,PASS,none
TN_GAJA_2018_008583,TN_GAJA_2018,SAR_ONLY,PASS,none
TN_GAJA_2018_012136,TN_GAJA_2018,SAR_ONLY,PASS,none
TN_GAJA_2018_019866,TN_GAJA_2018,SAR_ONLY,PASS,none
TN_GAJA_2018_036115,TN_GAJA_2018,SAR_ONLY,PASS,none
TN_GAJA_2018_037796,TN_GAJA_2018,SAR_ONLY,PASS,none
TN_GAJA_2018_048534,TN_GAJA_2018,SAR_ONLY,PASS,none
TN_GAJA_2018_055454,TN_GAJA_2018,SAR_ONLY,PASS,none
TN_GAJA_2018_065065,TN_GAJA_2018,SAR_ONLY,PASS,none
TN_GAJA_2018_003850,TN_GAJA_2018,SAR_ONLY,PASS,none
TN_GAJA_2018_003854,TN_GAJA_2018,SAR_ONLY,PASS,none
TN_GAJA_2018_008582,TN_GAJA_2018,SAR_ONLY,PASS,none
TN_GAJA_2018_013609,TN_GAJA_2018,SAR_ONLY,PASS,none
TN_GAJA_2018_023547,TN_GAJA_2018,SAR_ONLY,PASS,none
TN_GAJA_2018_037694,TN_GAJA_2018,SAR_ONLY,PASS,none
TN_GAJA_2018_037730,TN_GAJA_2018,SAR_ONLY,PASS,none
TN_GAJA_2018_049312,TN_GAJA_2018,SAR_ONLY,PASS,none
TN_GAJA_2018_056053,TN_GAJA_2018,SAR_ONLY,PASS,none
TN_GAJA_2018_066029,TN_GAJA_2018,SAR_ONLY,PASS,none
TN_GAJA_2018_005648,TN_GAJA_2018,SAR_ONLY,PASS,none
TN_GAJA_2018_005668,TN_GAJA_2018,SAR_ONLY,PASS,none
TN_GAJA_2018_009877,TN_GAJA_2018,SAR_ONLY,PASS,none
TN_GAJA_2018_014527,TN_GAJA_2018,SAR_ONLY,PASS,none
TN_GAJA_2018_028487,TN_GAJA_2018,SAR_ONLY,PASS,none
TN_GAJA_2018_042658,TN_GAJA_2018,SAR_ONLY,PASS,none
TN_GAJA_2018_042699,TN_GAJA_2018,SAR_ONLY,PASS,none
TN_GAJA_2018_052785,TN_GAJA_2018,SAR_ONLY,PASS,none
TN_GAJA_2018_061041,TN_GAJA_2018,SAR_ONLY,PASS,none
TN_GAJA_2018_069015,TN_GAJA_2018,SAR_ONLY,PASS,none
TN_GAJA_2018_000006,TN_GAJA_2018,SAR_ONLY,PASS,none
TN_GAJA_2018_000026,TN_GAJA_2018,SAR_ONLY,PASS,none
TN_GAJA_2018_006258,TN_GAJA_2018,SAR_ONLY,PASS,none
TN_GAJA_2018_010221,TN_GAJA_2018,SAR_ONLY,PASS,none
TN_GAJA_2018_016699,TN_GAJA_2018,SAR_ONLY,PASS,none
TN_GAJA_2018_033181,TN_GAJA_2018,SAR_ONLY,PASS,none
TN_GAJA_2018_033399,TN_GAJA_2018,SAR_ONLY,PASS,none
TN_GAJA_2018_046675,TN_GAJA_2018,SAR_ONLY,PASS,none
TN_GAJA_2018_054464,TN_GAJA_2018,SAR_ONLY,PASS,none
TN_GAJA_2018_063635,TN_GAJA_2018,SAR_ONLY,PASS,none
TN_GAJA_2018_000050,TN_GAJA_2018,SAR_ONLY,PASS,none
TN_GAJA_2018_006256,TN_GAJA_2018,SAR_ONLY,PASS,none
TN_GAJA_2018_006320,TN_GAJA_2018,SAR_ONLY,PASS,none
TN_GAJA_2018_010285,TN_GAJA_2018,SAR_ONLY,PASS,none
TN_GAJA_2018_016700,TN_GAJA_2018,SAR_ONLY,PASS,none
TN_GAJA_2018_033176,TN_GAJA_2018,SAR_ONLY,PASS,none
TN_GAJA_2018_046656,TN_GAJA_2018,SAR_ONLY,PASS,none
TN_GAJA_2018_046660,TN_GAJA_2018,SAR_ONLY,PASS,none
TN_GAJA_2018_054453,TN_GAJA_2018,SAR_ONLY,PASS,none
TN_GAJA_2018_063638,TN_GAJA_2018,SAR_ONLY,PASS,none
TN_GAJA_2018_001095,TN_GAJA_2018,SAR_ONLY,PASS,none
TN_GAJA_2018_001127,TN_GAJA_2018,SAR_ONLY,PASS,none
TN_GAJA_2018_006778,TN_GAJA_2018,SAR_ONLY,PASS,none
TN_GAJA_2018_011226,TN_GAJA_2018,SAR_ONLY,PASS,none
TN_GAJA_2018_017099,TN_GAJA_2018,SAR_ONLY,PASS,none
TN_GAJA_2018_034721,TN_GAJA_2018,SAR_ONLY,PASS,none
TN_GAJA_2018_034962,TN_GAJA_2018,SAR_ONLY,PASS,none
TN_GAJA_2018_047544,TN_GAJA_2018,SAR_ONLY,PASS,none
TN_GAJA_2018_054770,TN_GAJA_2018,SAR_ONLY,PASS,none
TN_GAJA_2018_064275,TN_GAJA_2018,SAR_ONLY,PASS,none
TN_GAJA_2018_001104,TN_GAJA_2018,SAR_ONLY,PASS,none
TN_GAJA_2018_001200,TN_GAJA_2018,SAR_ONLY,PASS,none
TN_GAJA_2018_006775,TN_GAJA_2018,SAR_ONLY,PASS,none
TN_GAJA_2018_011237,TN_GAJA_2018,SAR_ONLY,PASS,none
TN_GAJA_2018_017086,TN_GAJA_2018,SAR_ONLY,PASS,none
TN_GAJA_2018_034732,TN_GAJA_2018,SAR_ONLY,PASS,none
TN_GAJA_2018_034813,TN_GAJA_2018,SAR_ONLY,PASS,none
TN_GAJA_2018_047575,TN_GAJA_2018,SAR_ONLY,PASS,none
TN_GAJA_2018_054824,TN_GAJA_2018,SAR_ONLY,PASS,none
TN_GAJA_2018_064336,TN_GAJA_2018,SAR_ONLY,PASS,none
TN_GAJA_2018_002190,TN_GAJA_2018,SAR_ONLY,PASS,none
TN_GAJA_2018_002244,TN_GAJA_2018,SAR_ONLY,PASS,none
TN_GAJA_2018_007821,TN_GAJA_2018,SAR_ONLY,PASS,none
TN_GAJA_2018_012089,TN_GAJA_2018,SAR_ONLY,PASS,none
TN_GAJA_2018_019853,TN_GAJA_2018,SAR_ONLY,PASS,none
TN_GAJA_2018_036112,TN_GAJA_2018,SAR_ONLY,PASS,none
TN_GAJA_2018_048497,TN_GAJA_2018,SAR_ONLY,PASS,none
TN_GAJA_2018_048492,TN_GAJA_2018,SAR_ONLY,PASS,none
TN_GAJA_2018_055302,TN_GAJA_2018,SAR_ONLY,PASS,none
TN_GAJA_2018_065051,TN_GAJA_2018,SAR_ONLY,PASS,none
TN_GAJA_2018_002344,TN_GAJA_2018,SAR_ONLY,PASS,none
TN_GAJA_2018_002245,TN_GAJA_2018,SAR_ONLY,PASS,none
TN_GAJA_2018_008588,TN_GAJA_2018,SAR_ONLY,PASS,none
TN_GAJA_2018_012138,TN_GAJA_2018,SAR_ONLY,PASS,none
TN_GAJA_2018_019875,TN_GAJA_2018,SAR_ONLY,PASS,none
TN_GAJA_2018_036118,TN_GAJA_2018,SAR_ONLY,PASS,none
TN_GAJA_2018_037849,TN_GAJA_2018,SAR_ONLY,PASS,none
TN_GAJA_2018_048636,TN_GAJA_2018,SAR_ONLY,PASS,none
TN_GAJA_2018_055458,TN_GAJA_2018,SAR_ONLY,PASS,none
TN_GAJA_2018_065070,TN_GAJA_2018,SAR_ONLY,PASS,none
TN_GAJA_2018_003851,TN_GAJA_2018,SAR_ONLY,PASS,none
TN_GAJA_2018_003858,TN_GAJA_2018,SAR_ONLY,PASS,none
TN_GAJA_2018_008585,TN_GAJA_2018,SAR_ONLY,PASS,none
TN_GAJA_2018_013626,TN_GAJA_2018,SAR_ONLY,PASS,none
TN_GAJA_2018_023549,TN_GAJA_2018,SAR_ONLY,PASS,none
TN_GAJA_2018_037697,TN_GAJA_2018,SAR_ONLY,PASS,none
TN_GAJA_2018_037731,TN_GAJA_2018,SAR_ONLY,PASS,none
TN_GAJA_2018_049313,TN_GAJA_2018,SAR_ONLY,PASS,none
TN_GAJA_2018_056054,TN_GAJA_2018,SAR_ONLY,PASS,none
TN_GAJA_2018_066033,TN_GAJA_2018,SAR_ONLY,PASS,none
TN_GAJA_2018_005649,TN_GAJA_2018,SAR_ONLY,PASS,none
TN_GAJA_2018_005669,TN_GAJA_2018,SAR_ONLY,PASS,none
TN_GAJA_2018_009904,TN_GAJA_2018,SAR_ONLY,PASS,none
TN_GAJA_2018_014530,TN_GAJA_2018,SAR_ONLY,PASS,none
TN_GAJA_2018_028488,TN_GAJA_2018,SAR_ONLY,PASS,none
TN_GAJA_2018_042659,TN_GAJA_2018,SAR_ONLY,PASS,none
TN_GAJA_2018_042713,TN_GAJA_2018,SAR_ONLY,PASS,none
TN_GAJA_2018_052789,TN_GAJA_2018,SAR_ONLY,PASS,none
TN_GAJA_2018_061042,TN_GAJA_2018,SAR_ONLY,PASS,none
TN_GAJA_2018_069019,TN_GAJA_2018,SAR_ONLY,PASS,none
TN_GAJA_2018_000008,TN_GAJA_2018,SAR_ONLY,PASS,none
TN_GAJA_2018_000039,TN_GAJA_2018,SAR_ONLY,PASS,none
TN_GAJA_2018_006261,TN_GAJA_2018,SAR_ONLY,PASS,none
TN_GAJA_2018_010223,TN_GAJA_2018,SAR_ONLY,PASS,none
TN_GAJA_2018_016701,TN_GAJA_2018,SAR_ONLY,PASS,none
TN_GAJA_2018_033183,TN_GAJA_2018,SAR_ONLY,PASS,none
TN_GAJA_2018_033407,TN_GAJA_2018,SAR_ONLY,PASS,none
TN_GAJA_2018_046680,TN_GAJA_2018,SAR_ONLY,PASS,none
TN_GAJA_2018_054465,TN_GAJA_2018,SAR_ONLY,PASS,none
TN_GAJA_2018_063647,TN_GAJA_2018,SAR_ONLY,PASS,none
TN_GAJA_2018_000051,TN_GAJA_2018,SAR_ONLY,PASS,none
TN_GAJA_2018_006260,TN_GAJA_2018,SAR_ONLY,PASS,none
TN_GAJA_2018_006321,TN_GAJA_2018,SAR_ONLY,PASS,none
TN_GAJA_2018_010289,TN_GAJA_2018,SAR_ONLY,PASS,none
TN_GAJA_2018_016702,TN_GAJA_2018,SAR_ONLY,PASS,none
TN_GAJA_2018_033177,TN_GAJA_2018,SAR_ONLY,PASS,none
TN_GAJA_2018_046662,TN_GAJA_2018,SAR_ONLY,PASS,none
TN_GAJA_2018_046661,TN_GAJA_2018,SAR_ONLY,PASS,none
TN_GAJA_2018_054454,TN_GAJA_2018,SAR_ONLY,PASS,none
TN_GAJA_2018_063640,TN_GAJA_2018,SAR_ONLY,PASS,none
TN_GAJA_2018_001098,TN_GAJA_2018,SAR_ONLY,PASS,none
TN_GAJA_2018_001151,TN_GAJA_2018,SAR_ONLY,PASS,none
TN_GAJA_2018_006779,TN_GAJA_2018,SAR_ONLY,PASS,none
TN_GAJA_2018_011228,TN_GAJA_2018,SAR_ONLY,PASS,none
TN_GAJA_2018_017101,TN_GAJA_2018,SAR_ONLY,PASS,none
TN_GAJA_2018_034722,TN_GAJA_2018,SAR_ONLY,PASS,none
TN_GAJA_2018_034970,TN_GAJA_2018,SAR_ONLY,PASS,none
TN_GAJA_2018_047545,TN_GAJA_2018,SAR_ONLY,PASS,none
TN_GAJA_2018_054771,TN_GAJA_2018,SAR_ONLY,PASS,none
TN_GAJA_2018_064276,TN_GAJA_2018,SAR_ONLY,PASS,none
TN_GAJA_2018_001119,TN_GAJA_2018,SAR_ONLY,PASS,none
TN_GAJA_2018_001221,TN_GAJA_2018,SAR_ONLY,PASS,none
TN_GAJA_2018_006796,TN_GAJA_2018,SAR_ONLY,PASS,none
TN_GAJA_2018_011258,TN_GAJA_2018,SAR_ONLY,PASS,none
TN_GAJA_2018_017087,TN_GAJA_2018,SAR_ONLY,PASS,none
TN_GAJA_2018_034735,TN_GAJA_2018,SAR_ONLY,PASS,none
TN_GAJA_2018_034867,TN_GAJA_2018,SAR_ONLY,PASS,none
TN_GAJA_2018_047578,TN_GAJA_2018,SAR_ONLY,PASS,none
TN_GAJA_2018_054833,TN_GAJA_2018,SAR_ONLY,PASS,none
TN_GAJA_2018_064337,TN_GAJA_2018,SAR_ONLY,PASS,none
TN_GAJA_2018_002197,TN_GAJA_2018,SAR_ONLY,PASS,none
TN_GAJA_2018_002268,TN_GAJA_2018,SAR_ONLY,PASS,none
TN_GAJA_2018_007835,TN_GAJA_2018,SAR_ONLY,PASS,none
TN_GAJA_2018_012091,TN_GAJA_2018,SAR_ONLY,PASS,none
TN_GAJA_2018_019854,TN_GAJA_2018,SAR_ONLY,PASS,none
TN_GAJA_2018_036113,TN_GAJA_2018,SAR_ONLY,PASS,none
TN_GAJA_2018_048499,TN_GAJA_2018,SAR_ONLY,PASS,none
TN_GAJA_2018_048498,TN_GAJA_2018,SAR_ONLY,PASS,none
TN_GAJA_2018_055303,TN_GAJA_2018,SAR_ONLY,PASS,none
TN_GAJA_2018_065059,TN_GAJA_2018,SAR_ONLY,PASS,none
TN_GAJA_2018_002351,TN_GAJA_2018,SAR_ONLY,PASS,none
TN_GAJA_2018_002252,TN_GAJA_2018,SAR_ONLY,PASS,none
TN_GAJA_2018_008599,TN_GAJA_2018,SAR_ONLY,PASS,none
TN_GAJA_2018_012143,TN_GAJA_2018,SAR_ONLY,PASS,none
TN_GAJA_2018_019878,TN_GAJA_2018,SAR_ONLY,PASS,none
TN_GAJA_2018_036121,TN_GAJA_2018,SAR_ONLY,PASS,none
TN_GAJA_2018_037896,TN_GAJA_2018,SAR_ONLY,PASS,none
TN_GAJA_2018_048656,TN_GAJA_2018,SAR_ONLY,PASS,none
TN_GAJA_2018_055493,TN_GAJA_2018,SAR_ONLY,PASS,none
TN_GAJA_2018_065071,TN_GAJA_2018,SAR_ONLY,PASS,none
TN_GAJA_2018_003853,TN_GAJA_2018,SAR_ONLY,PASS,none
TN_GAJA_2018_003873,TN_GAJA_2018,SAR_ONLY,PASS,none
TN_GAJA_2018_008586,TN_GAJA_2018,SAR_ONLY,PASS,none
TN_GAJA_2018_013679,TN_GAJA_2018,SAR_ONLY,PASS,none
TN_GAJA_2018_023550,TN_GAJA_2018,SAR_ONLY,PASS,none
TN_GAJA_2018_037698,TN_GAJA_2018,SAR_ONLY,PASS,none
TN_GAJA_2018_037752,TN_GAJA_2018,SAR_ONLY,PASS,none
TN_GAJA_2018_049317,TN_GAJA_2018,SAR_ONLY,PASS,none
TN_GAJA_2018_056055,TN_GAJA_2018,SAR_ONLY,PASS,none
TN_GAJA_2018_066038,TN_GAJA_2018,SAR_ONLY,PASS,none
TN_GAJA_2018_005650,TN_GAJA_2018,SAR_ONLY,PASS,none
TN_GAJA_2018_005687,TN_GAJA_2018,SAR_ONLY,PASS,none
TN_GAJA_2018_009919,TN_GAJA_2018,SAR_ONLY,PASS,none
TN_GAJA_2018_014531,TN_GAJA_2018,SAR_ONLY,PASS,none
TN_GAJA_2018_028489,TN_GAJA_2018,SAR_ONLY,PASS,none
TN_GAJA_2018_042666,TN_GAJA_2018,SAR_ONLY,PASS,none
TN_GAJA_2018_042723,TN_GAJA_2018,SAR_ONLY,PASS,none
TN_GAJA_2018_052792,TN_GAJA_2018,SAR_ONLY,PASS,none
TN_GAJA_2018_061043,TN_GAJA_2018,SAR_ONLY,PASS,none
TN_GAJA_2018_069020,TN_GAJA_2018,SAR_ONLY,PASS,none
TN_GAJA_2018_000009,TN_GAJA_2018,SAR_ONLY,PASS,none
TN_GAJA_2018_000041,TN_GAJA_2018,SAR_ONLY,PASS,none
TN_GAJA_2018_006263,TN_GAJA_2018,SAR_ONLY,PASS,none
TN_GAJA_2018_010227,TN_GAJA_2018,SAR_ONLY,PASS,none
TN_GAJA_2018_016705,TN_GAJA_2018,SAR_ONLY,PASS,none
TN_GAJA_2018_033187,TN_GAJA_2018,SAR_ONLY,PASS,none
TN_GAJA_2018_033540,TN_GAJA_2018,SAR_ONLY,PASS,none
TN_GAJA_2018_046688,TN_GAJA_2018,SAR_ONLY,PASS,none
TN_GAJA_2018_054470,TN_GAJA_2018,SAR_ONLY,PASS,none
TN_GAJA_2018_063649,TN_GAJA_2018,SAR_ONLY,PASS,none
TN_GAJA_2018_000056,TN_GAJA_2018,SAR_ONLY,PASS,none
TN_GAJA_2018_006262,TN_GAJA_2018,SAR_ONLY,PASS,none
TN_GAJA_2018_006327,TN_GAJA_2018,SAR_ONLY,PASS,none
TN_GAJA_2018_010302,TN_GAJA_2018,SAR_ONLY,PASS,none
TN_GAJA_2018_016707,TN_GAJA_2018,SAR_ONLY,PASS,none
TN_GAJA_2018_033178,TN_GAJA_2018,SAR_ONLY,PASS,none
TN_GAJA_2018_046670,TN_GAJA_2018,SAR_ONLY,PASS,none
TN_GAJA_2018_046665,TN_GAJA_2018,SAR_ONLY,PASS,none
TN_GAJA_2018_054455,TN_GAJA_2018,SAR_ONLY,PASS,none
TN_GAJA_2018_063641,TN_GAJA_2018,SAR_ONLY,PASS,none
TN_GAJA_2018_001100,TN_GAJA_2018,SAR_ONLY,PASS,none
TN_GAJA_2018_001158,TN_GAJA_2018,SAR_ONLY,PASS,none
TN_GAJA_2018_006783,TN_GAJA_2018,SAR_ONLY,PASS,none
TN_GAJA_2018_011235,TN_GAJA_2018,SAR_ONLY,PASS,none
TN_GAJA_2018_017103,TN_GAJA_2018,SAR_ONLY,PASS,none
TN_GAJA_2018_034723,TN_GAJA_2018,SAR_ONLY,PASS,none
TN_GAJA_2018_034979,TN_GAJA_2018,SAR_ONLY,PASS,none
TN_GAJA_2018_047550,TN_GAJA_2018,SAR_ONLY,PASS,none
TN_GAJA_2018_054772,TN_GAJA_2018,SAR_ONLY,PASS,none
TN_GAJA_2018_064277,TN_GAJA_2018,SAR_ONLY,PASS,none
TN_GAJA_2018_001121,TN_GAJA_2018,SAR_ONLY,PASS,none
TN_GAJA_2018_001222,TN_GAJA_2018,SAR_ONLY,PASS,none
TN_GAJA_2018_006797,TN_GAJA_2018,SAR_ONLY,PASS,none
TN_GAJA_2018_011264,TN_GAJA_2018,SAR_ONLY,PASS,none
TN_GAJA_2018_017091,TN_GAJA_2018,SAR_ONLY,PASS,none
TN_GAJA_2018_034738,TN_GAJA_2018,SAR_ONLY,PASS,none
TN_GAJA_2018_034893,TN_GAJA_2018,SAR_ONLY,PASS,none
TN_GAJA_2018_047584,TN_GAJA_2018,SAR_ONLY,PASS,none
TN_GAJA_2018_054836,TN_GAJA_2018,SAR_ONLY,PASS,none
TN_GAJA_2018_064339,TN_GAJA_2018,SAR_ONLY,PASS,none
TN_GAJA_2018_002200,TN_GAJA_2018,SAR_ONLY,PASS,none
TN_GAJA_2018_002280,TN_GAJA_2018,SAR_ONLY,PASS,none
TN_GAJA_2018_007836,TN_GAJA_2018,SAR_ONLY,PASS,none
TN_GAJA_2018_012094,TN_GAJA_2018,SAR_ONLY,PASS,none
TN_GAJA_2018_019857,TN_GAJA_2018,SAR_ONLY,PASS,none
TN_GAJA_2018_036116,TN_GAJA_2018,SAR_ONLY,PASS,none
TN_GAJA_2018_048509,TN_GAJA_2018,SAR_ONLY,PASS,none
TN_GAJA_2018_048500,TN_GAJA_2018,SAR_ONLY,PASS,none
TN_GAJA_2018_055304,TN_GAJA_2018,SAR_ONLY,PASS,none
TN_GAJA_2018_065062,TN_GAJA_2018,SAR_ONLY,PASS,none
TN_GAJA_2018_002353,TN_GAJA_2018,SAR_ONLY,PASS,none
TN_GAJA_2018_002253,TN_GAJA_2018,SAR_ONLY,PASS,none
TN_GAJA_2018_008600,TN_GAJA_2018,SAR_ONLY,PASS,none
TN_GAJA_2018_012151,TN_GAJA_2018,SAR_ONLY,PASS,none
TN_GAJA_2018_019881,TN_GAJA_2018,SAR_ONLY,PASS,none
TN_GAJA_2018_036126,TN_GAJA_2018,SAR_ONLY,PASS,none
TN_GAJA_2018_038005,TN_GAJA_2018,SAR_ONLY,PASS,none
TN_GAJA_2018_048674,TN_GAJA_2018,SAR_ONLY,PASS,none
TN_GAJA_2018_055494,TN_GAJA_2018,SAR_ONLY,PASS,none
TN_GAJA_2018_065072,TN_GAJA_2018,SAR_ONLY,PASS,none
TN_GAJA_2018_003855,TN_GAJA_2018,SAR_ONLY,PASS,none
TN_GAJA_2018_003881,TN_GAJA_2018,SAR_ONLY,PASS,none
TN_GAJA_2018_008590,TN_GAJA_2018,SAR_ONLY,PASS,none
TN_GAJA_2018_013702,TN_GAJA_2018,SAR_ONLY,PASS,none
TN_GAJA_2018_023551,TN_GAJA_2018,SAR_ONLY,PASS,none
TN_GAJA_2018_037702,TN_GAJA_2018,SAR_ONLY,PASS,none
TN_GAJA_2018_037753,TN_GAJA_2018,SAR_ONLY,PASS,none
TN_GAJA_2018_049320,TN_GAJA_2018,SAR_ONLY,PASS,none
TN_GAJA_2018_056056,TN_GAJA_2018,SAR_ONLY,PASS,none
TN_GAJA_2018_066041,TN_GAJA_2018,SAR_ONLY,PASS,none
TN_GAJA_2018_005652,TN_GAJA_2018,SAR_ONLY,PASS,none
TN_GAJA_2018_005694,TN_GAJA_2018,SAR_ONLY,PASS,none
TN_GAJA_2018_009926,TN_GAJA_2018,SAR_ONLY,PASS,none
TN_GAJA_2018_014534,TN_GAJA_2018,SAR_ONLY,PASS,none
TN_GAJA_2018_028490,TN_GAJA_2018,SAR_ONLY,PASS,none
TN_GAJA_2018_042669,TN_GAJA_2018,SAR_ONLY,PASS,none
TN_GAJA_2018_042729,TN_GAJA_2018,SAR_ONLY,PASS,none
TN_GAJA_2018_052795,TN_GAJA_2018,SAR_ONLY,PASS,none
TN_GAJA_2018_061044,TN_GAJA_2018,SAR_ONLY,PASS,none
TN_GAJA_2018_069025,TN_GAJA_2018,SAR_ONLY,PASS,none
TN_GAJA_2018_000010,TN_GAJA_2018,SAR_ONLY,PASS,none
TN_GAJA_2018_000064,TN_GAJA_2018,SAR_ONLY,PASS,none
TN_GAJA_2018_006264,TN_GAJA_2018,SAR_ONLY,PASS,none
TN_GAJA_2018_010229,TN_GAJA_2018,SAR_ONLY,PASS,none
TN_GAJA_2018_016708,TN_GAJA_2018,SAR_ONLY,PASS,none
TN_GAJA_2018_033189,TN_GAJA_2018,SAR_ONLY,PASS,none
TN_GAJA_2018_033645,TN_GAJA_2018,SAR_ONLY,PASS,none
TN_GAJA_2018_046696,TN_GAJA_2018,SAR_ONLY,PASS,none
TN_GAJA_2018_054471,TN_GAJA_2018,SAR_ONLY,PASS,none
TN_GAJA_2018_063657,TN_GAJA_2018,SAR_ONLY,PASS,none
TN_GAJA_2018_000059,TN_GAJA_2018,SAR_ONLY,PASS,none
TN_GAJA_2018_006266,TN_GAJA_2018,SAR_ONLY,PASS,none
TN_GAJA_2018_006330,TN_GAJA_2018,SAR_ONLY,PASS,none
TN_GAJA_2018_010304,TN_GAJA_2018,SAR_ONLY,PASS,none
TN_GAJA_2018_016709,TN_GAJA_2018,SAR_ONLY,PASS,none
TN_GAJA_2018_033179,TN_GAJA_2018,SAR_ONLY,PASS,none
TN_GAJA_2018_046679,TN_GAJA_2018,SAR_ONLY,PASS,none
TN_GAJA_2018_046672,TN_GAJA_2018,SAR_ONLY,PASS,none
TN_GAJA_2018_054456,TN_GAJA_2018,SAR_ONLY,PASS,none
TN_GAJA_2018_063650,TN_GAJA_2018,SAR_ONLY,PASS,none
TN_GAJA_2018_001103,TN_GAJA_2018,SAR_ONLY,PASS,none
TN_GAJA_2018_001169,TN_GAJA_2018,SAR_ONLY,PASS,none
TN_GAJA_2018_006787,TN_GAJA_2018,SAR_ONLY,PASS,none
TN_GAJA_2018_011236,TN_GAJA_2018,SAR_ONLY,PASS,none
TN_GAJA_2018_017105,TN_GAJA_2018,SAR_ONLY,PASS,none
TN_GAJA_2018_034725,TN_GAJA_2018,SAR_ONLY,PASS,none
TN_GAJA_2018_035068,TN_GAJA_2018,SAR_ONLY,PASS,none
TN_GAJA_2018_047556,TN_GAJA_2018,SAR_ONLY,PASS,none
TN_GAJA_2018_054773,TN_GAJA_2018,SAR_ONLY,PASS,none
TN_GAJA_2018_064282,TN_GAJA_2018,SAR_ONLY,PASS,none
TN_GAJA_2018_001123,TN_GAJA_2018,SAR_ONLY,PASS,none
TN_GAJA_2018_001234,TN_GAJA_2018,SAR_ONLY,PASS,none
TN_GAJA_2018_006799,TN_GAJA_2018,SAR_ONLY,PASS,none
TN_GAJA_2018_011266,TN_GAJA_2018,SAR_ONLY,PASS,none
TN_GAJA_2018_017092,TN_GAJA_2018,SAR_ONLY,PASS,none
TN_GAJA_2018_034742,TN_GAJA_2018,SAR_ONLY,PASS,none
TN_GAJA_2018_034901,TN_GAJA_2018,SAR_ONLY,PASS,none
TN_GAJA_2018_047591,TN_GAJA_2018,SAR_ONLY,PASS,none
TN_GAJA_2018_054839,TN_GAJA_2018,SAR_ONLY,PASS,none
TN_GAJA_2018_064341,TN_GAJA_2018,SAR_ONLY,PASS,none
TN_GAJA_2018_002201,TN_GAJA_2018,SAR_ONLY,PASS,none
TN_GAJA_2018_002312,TN_GAJA_2018,SAR_ONLY,PASS,none
TN_GAJA_2018_007838,TN_GAJA_2018,SAR_ONLY,PASS,none
TN_GAJA_2018_012098,TN_GAJA_2018,SAR_ONLY,PASS,none
TN_GAJA_2018_019859,TN_GAJA_2018,SAR_ONLY,PASS,none
TN_GAJA_2018_036117,TN_GAJA_2018,SAR_ONLY,PASS,none
TN_GAJA_2018_048511,TN_GAJA_2018,SAR_ONLY,PASS,none
TN_GAJA_2018_048502,TN_GAJA_2018,SAR_ONLY,PASS,none
TN_GAJA_2018_055305,TN_GAJA_2018,SAR_ONLY,PASS,none
TN_GAJA_2018_065066,TN_GAJA_2018,SAR_ONLY,PASS,none
TN_GAJA_2018_002372,TN_GAJA_2018,SAR_ONLY,PASS,none
TN_GAJA_2018_002256,TN_GAJA_2018,SAR_ONLY,PASS,none
TN_GAJA_2018_008601,TN_GAJA_2018,SAR_ONLY,PASS,none
TN_GAJA_2018_012159,TN_GAJA_2018,SAR_ONLY,PASS,none
TN_GAJA_2018_019895,TN_GAJA_2018,SAR_ONLY,PASS,none
TN_GAJA_2018_036128,TN_GAJA_2018,SAR_ONLY,PASS,none
TN_GAJA_2018_038022,TN_GAJA_2018,SAR_ONLY,PASS,none
TN_GAJA_2018_048734,TN_GAJA_2018,SAR_ONLY,PASS,none
TN_GAJA_2018_055538,TN_GAJA_2018,SAR_ONLY,PASS,none
TN_GAJA_2018_065078,TN_GAJA_2018,SAR_ONLY,PASS,none
TN_GAJA_2018_003856,TN_GAJA_2018,SAR_ONLY,PASS,none
TN_GAJA_2018_003885,TN_GAJA_2018,SAR_ONLY,PASS,none
TN_GAJA_2018_008591,TN_GAJA_2018,SAR_ONLY,PASS,none
TN_GAJA_2018_013725,TN_GAJA_2018,SAR_ONLY,PASS,none
TN_GAJA_2018_023553,TN_GAJA_2018,SAR_ONLY,PASS,none
TN_GAJA_2018_037703,TN_GAJA_2018,SAR_ONLY,PASS,none
TN_GAJA_2018_037756,TN_GAJA_2018,SAR_ONLY,PASS,none
TN_GAJA_2018_049322,TN_GAJA_2018,SAR_ONLY,PASS,none
TN_GAJA_2018_056057,TN_GAJA_2018,SAR_ONLY,PASS,none
TN_GAJA_2018_066043,TN_GAJA_2018,SAR_ONLY,PASS,none
TN_GAJA_2018_005654,TN_GAJA_2018,SAR_ONLY,PASS,none
TN_GAJA_2018_005698,TN_GAJA_2018,SAR_ONLY,PASS,none
TN_GAJA_2018_009934,TN_GAJA_2018,SAR_ONLY,PASS,none
TN_GAJA_2018_014535,TN_GAJA_2018,SAR_ONLY,PASS,none
TN_GAJA_2018_028491,TN_GAJA_2018,SAR_ONLY,PASS,none
TN_GAJA_2018_042670,TN_GAJA_2018,SAR_ONLY,PASS,none
TN_GAJA_2018_042753,TN_GAJA_2018,SAR_ONLY,PASS,none
TN_GAJA_2018_052796,TN_GAJA_2018,SAR_ONLY,PASS,none
TN_GAJA_2018_061046,TN_GAJA_2018,SAR_ONLY,PASS,none
TN_GAJA_2018_069030,TN_GAJA_2018,SAR_ONLY,PASS,none
TN_GAJA_2018_000011,TN_GAJA_2018,SAR_ONLY,PASS,none
TN_GAJA_2018_000065,TN_GAJA_2018,SAR_ONLY,PASS,none
TN_GAJA_2018_006265,TN_GAJA_2018,SAR_ONLY,PASS,none
TN_GAJA_2018_010234,TN_GAJA_2018,SAR_ONLY,PASS,none
TN_GAJA_2018_016710,TN_GAJA_2018,SAR_ONLY,PASS,none
TN_GAJA_2018_033193,TN_GAJA_2018,SAR_ONLY,PASS,none
TN_GAJA_2018_033673,TN_GAJA_2018,SAR_ONLY,PASS,none
TN_GAJA_2018_046701,TN_GAJA_2018,SAR_ONLY,PASS,none
TN_GAJA_2018_054472,TN_GAJA_2018,SAR_ONLY,PASS,none
TN_GAJA_2018_063666,TN_GAJA_2018,SAR_ONLY,PASS,none
TN_GAJA_2018_000061,TN_GAJA_2018,SAR_ONLY,PASS,none
TN_GAJA_2018_006271,TN_GAJA_2018,SAR_ONLY,PASS,none
TN_GAJA_2018_006332,TN_GAJA_2018,SAR_ONLY,PASS,none
TN_GAJA_2018_010310,TN_GAJA_2018,SAR_ONLY,PASS,none
TN_GAJA_2018_016711,TN_GAJA_2018,SAR_ONLY,PASS,none
TN_GAJA_2018_033182,TN_GAJA_2018,SAR_ONLY,PASS,none
TN_GAJA_2018_046686,TN_GAJA_2018,SAR_ONLY,PASS,none
TN_GAJA_2018_046676,TN_GAJA_2018,SAR_ONLY,PASS,none
TN_GAJA_2018_054457,TN_GAJA_2018,SAR_ONLY,PASS,none
TN_GAJA_2018_063651,TN_GAJA_2018,SAR_ONLY,PASS,none
TN_GAJA_2018_001106,TN_GAJA_2018,SAR_ONLY,PASS,none
TN_GAJA_2018_001172,TN_GAJA_2018,SAR_ONLY,PASS,none
TN_GAJA_2018_006788,TN_GAJA_2018,SAR_ONLY,PASS,none
TN_GAJA_2018_011238,TN_GAJA_2018,SAR_ONLY,PASS,none
TN_GAJA_2018_017108,TN_GAJA_2018,SAR_ONLY,PASS,none
TN_GAJA_2018_034727,TN_GAJA_2018,SAR_ONLY,PASS,none
TN_GAJA_2018_035111,TN_GAJA_2018,SAR_ONLY,PASS,none
TN_GAJA_2018_047557,TN_GAJA_2018,SAR_ONLY,PASS,none
TN_GAJA_2018_054775,TN_GAJA_2018,SAR_ONLY,PASS,none
TN_GAJA_2018_064284,TN_GAJA_2018,SAR_ONLY,PASS,none
TN_GAJA_2018_001125,TN_GAJA_2018,SAR_ONLY,PASS,none
TN_GAJA_2018_001237,TN_GAJA_2018,SAR_ONLY,PASS,none
TN_GAJA_2018_006804,TN_GAJA_2018,SAR_ONLY,PASS,none
TN_GAJA_2018_011292,TN_GAJA_2018,SAR_ONLY,PASS,none
TN_GAJA_2018_017093,TN_GAJA_2018,SAR_ONLY,PASS,none
TN_GAJA_2018_034748,TN_GAJA_2018,SAR_ONLY,PASS,none
TN_GAJA_2018_034995,TN_GAJA_2018,SAR_ONLY,PASS,none
TN_GAJA_2018_047592,TN_GAJA_2018,SAR_ONLY,PASS,none
TN_GAJA_2018_054844,TN_GAJA_2018,SAR_ONLY,PASS,none
TN_GAJA_2018_064352,TN_GAJA_2018,SAR_ONLY,PASS,none
TN_GAJA_2018_002203,TN_GAJA_2018,SAR_ONLY,PASS,none
TN_GAJA_2018_002319,TN_GAJA_2018,SAR_ONLY,PASS,none
TN_GAJA_2018_007841,TN_GAJA_2018,SAR_ONLY,PASS,none
TN_GAJA_2018_012099,TN_GAJA_2018,SAR_ONLY,PASS,none
TN_GAJA_2018_019861,TN_GAJA_2018,SAR_ONLY,PASS,none
TN_GAJA_2018_036119,TN_GAJA_2018,SAR_ONLY,PASS,none
TN_GAJA_2018_048512,TN_GAJA_2018,SAR_ONLY,PASS,none
TN_GAJA_2018_048507,TN_GAJA_2018,SAR_ONLY,PASS,none
TN_GAJA_2018_055306,TN_GAJA_2018,SAR_ONLY,PASS,none
TN_GAJA_2018_065077,TN_GAJA_2018,SAR_ONLY,PASS,none
TN_GAJA_2018_002383,TN_GAJA_2018,SAR_ONLY,PASS,none
TN_GAJA_2018_002293,TN_GAJA_2018,SAR_ONLY,PASS,none
TN_GAJA_2018_008609,TN_GAJA_2018,SAR_ONLY,PASS,none
TN_GAJA_2018_012175,TN_GAJA_2018,SAR_ONLY,PASS,none
TN_GAJA_2018_019918,TN_GAJA_2018,SAR_ONLY,PASS,none
TN_GAJA_2018_036135,TN_GAJA_2018,SAR_ONLY,PASS,none
TN_GAJA_2018_038077,TN_GAJA_2018,SAR_ONLY,PASS,none
TN_GAJA_2018_048745,TN_GAJA_2018,SAR_ONLY,PASS,none
TN_GAJA_2018_055539,TN_GAJA_2018,SAR_ONLY,PASS,none
TN_GAJA_2018_065083,TN_GAJA_2018,SAR_ONLY,PASS,none
TN_GAJA_2018_003857,TN_GAJA_2018,SAR_ONLY,PASS,none
TN_GAJA_2018_003888,TN_GAJA_2018,SAR_ONLY,PASS,none
TN_GAJA_2018_008592,TN_GAJA_2018,SAR_ONLY,PASS,none
TN_GAJA_2018_013728,TN_GAJA_2018,SAR_ONLY,PASS,none
TN_GAJA_2018_023557,TN_GAJA_2018,SAR_ONLY,PASS,none
TN_GAJA_2018_037704,TN_GAJA_2018,SAR_ONLY,PASS,none
TN_GAJA_2018_037757,TN_GAJA_2018,SAR_ONLY,PASS,none
TN_GAJA_2018_049324,TN_GAJA_2018,SAR_ONLY,PASS,none
TN_GAJA_2018_056058,TN_GAJA_2018,SAR_ONLY,PASS,none
TN_GAJA_2018_066045,TN_GAJA_2018,SAR_ONLY,PASS,none
TN_GAJA_2018_005656,TN_GAJA_2018,SAR_ONLY,PASS,none
TN_GAJA_2018_005707,TN_GAJA_2018,SAR_ONLY,PASS,none
TN_GAJA_2018_009935,TN_GAJA_2018,SAR_ONLY,PASS,none
TN_GAJA_2018_014537,TN_GAJA_2018,SAR_ONLY,PASS,none
TN_GAJA_2018_028493,TN_GAJA_2018,SAR_ONLY,PASS,none
TN_GAJA_2018_042672,TN_GAJA_2018,SAR_ONLY,PASS,none
TN_GAJA_2018_042754,TN_GAJA_2018,SAR_ONLY,PASS,none
TN_GAJA_2018_052798,TN_GAJA_2018,SAR_ONLY,PASS,none
TN_GAJA_2018_061051,TN_GAJA_2018,SAR_ONLY,PASS,none
TN_GAJA_2018_069035,TN_GAJA_2018,SAR_ONLY,PASS,none
TN_GAJA_2018_000013,TN_GAJA_2018,SAR_ONLY,PASS,none
TN_GAJA_2018_000089,TN_GAJA_2018,SAR_ONLY,PASS,none
TN_GAJA_2018_006267,TN_GAJA_2018,SAR_ONLY,PASS,none
TN_GAJA_2018_010237,TN_GAJA_2018,SAR_ONLY,PASS,none
TN_GAJA_2018_016713,TN_GAJA_2018,SAR_ONLY,PASS,none
TN_GAJA_2018_033195,TN_GAJA_2018,SAR_ONLY,PASS,none
TN_GAJA_2018_033696,TN_GAJA_2018,SAR_ONLY,PASS,none
TN_GAJA_2018_046707,TN_GAJA_2018,SAR_ONLY,PASS,none
TN_GAJA_2018_054473,TN_GAJA_2018,SAR_ONLY,PASS,none
TN_GAJA_2018_063688,TN_GAJA_2018,SAR_ONLY,PASS,none
TN_GAJA_2018_000063,TN_GAJA_2018,SAR_ONLY,PASS,none
TN_GAJA_2018_006273,TN_GAJA_2018,SAR_ONLY,PASS,none
TN_GAJA_2018_006341,TN_GAJA_2018,SAR_ONLY,PASS,none
TN_GAJA_2018_010320,TN_GAJA_2018,SAR_ONLY,PASS,none
TN_GAJA_2018_016715,TN_GAJA_2018,SAR_ONLY,PASS,none
TN_GAJA_2018_033184,TN_GAJA_2018,SAR_ONLY,PASS,none
TN_GAJA_2018_046689,TN_GAJA_2018,SAR_ONLY,PASS,none
TN_GAJA_2018_046682,TN_GAJA_2018,SAR_ONLY,PASS,none
TN_GAJA_2018_054458,TN_GAJA_2018,SAR_ONLY,PASS,none
TN_GAJA_2018_063652,TN_GAJA_2018,SAR_ONLY,PASS,none
TN_GAJA_2018_001110,TN_GAJA_2018,SAR_ONLY,PASS,none
TN_GAJA_2018_001181,TN_GAJA_2018,SAR_ONLY,PASS,none
TN_GAJA_2018_006791,TN_GAJA_2018,SAR_ONLY,PASS,none
TN_GAJA_2018_011241,TN_GAJA_2018,SAR_ONLY,PASS,none
TN_GAJA_2018_017109,TN_GAJA_2018,SAR_ONLY,PASS,none
TN_GAJA_2018_034728,TN_GAJA_2018,SAR_ONLY,PASS,none
TN_GAJA_2018_035214,TN_GAJA_2018,SAR_ONLY,PASS,none
TN_GAJA_2018_047563,TN_GAJA_2018,SAR_ONLY,PASS,none
TN_GAJA_2018_054776,TN_GAJA_2018,SAR_ONLY,PASS,none
TN_GAJA_2018_064294,TN_GAJA_2018,SAR_ONLY,PASS,none
TN_GAJA_2018_001126,TN_GAJA_2018,SAR_ONLY,PASS,none
TN_GAJA_2018_001254,TN_GAJA_2018,SAR_ONLY,PASS,none
TN_GAJA_2018_006815,TN_GAJA_2018,SAR_ONLY,PASS,none
TN_GAJA_2018_011327,TN_GAJA_2018,SAR_ONLY,PASS,none
TN_GAJA_2018_017096,TN_GAJA_2018,SAR_ONLY,PASS,none
TN_GAJA_2018_034752,TN_GAJA_2018,SAR_ONLY,PASS,none
TN_GAJA_2018_035081,TN_GAJA_2018,SAR_ONLY,PASS,none
TN_GAJA_2018_047633,TN_GAJA_2018,SAR_ONLY,PASS,none
TN_GAJA_2018_054860,TN_GAJA_2018,SAR_ONLY,PASS,none
TN_GAJA_2018_064376,TN_GAJA_2018,SAR_ONLY,PASS,none
TN_GAJA_2018_002206,TN_GAJA_2018,SAR_ONLY,PASS,none
TN_GAJA_2018_002321,TN_GAJA_2018,SAR_ONLY,PASS,none
TN_GAJA_2018_007842,TN_GAJA_2018,SAR_ONLY,PASS,none
TN_GAJA_2018_012101,TN_GAJA_2018,SAR_ONLY,PASS,none
TN_GAJA_2018_019864,TN_GAJA_2018,SAR_ONLY,PASS,none
TN_GAJA_2018_036120,TN_GAJA_2018,SAR_ONLY,PASS,none
TN_GAJA_2018_048514,TN_GAJA_2018,SAR_ONLY,PASS,none
TN_GAJA_2018_048508,TN_GAJA_2018,SAR_ONLY,PASS,none
TN_GAJA_2018_055307,TN_GAJA_2018,SAR_ONLY,PASS,none
TN_GAJA_2018_065081,TN_GAJA_2018,SAR_ONLY,PASS,none
TN_GAJA_2018_002388,TN_GAJA_2018,SAR_ONLY,PASS,none
TN_GAJA_2018_002340,TN_GAJA_2018,SAR_ONLY,PASS,none
TN_GAJA_2018_008615,TN_GAJA_2018,SAR_ONLY,PASS,none
TN_GAJA_2018_012200,TN_GAJA_2018,SAR_ONLY,PASS,none
TN_GAJA_2018_019944,TN_GAJA_2018,SAR_ONLY,PASS,none
TN_GAJA_2018_036142,TN_GAJA_2018,SAR_ONLY,PASS,none
TN_GAJA_2018_038136,TN_GAJA_2018,SAR_ONLY,PASS,none
TN_GAJA_2018_048774,TN_GAJA_2018,SAR_ONLY,PASS,none
TN_GAJA_2018_055553,TN_GAJA_2018,SAR_ONLY,PASS,none
TN_GAJA_2018_065088,TN_GAJA_2018,SAR_ONLY,PASS,none
TN_GAJA_2018_003859,TN_GAJA_2018,SAR_ONLY,PASS,none
TN_GAJA_2018_003900,TN_GAJA_2018,SAR_ONLY,PASS,none
TN_GAJA_2018_008593,TN_GAJA_2018,SAR_ONLY,PASS,none
TN_GAJA_2018_013734,TN_GAJA_2018,SAR_ONLY,PASS,none
TN_GAJA_2018_023558,TN_GAJA_2018,SAR_ONLY,PASS,none
TN_GAJA_2018_037705,TN_GAJA_2018,SAR_ONLY,PASS,none
TN_GAJA_2018_037771,TN_GAJA_2018,SAR_ONLY,PASS,none
TN_GAJA_2018_049326,TN_GAJA_2018,SAR_ONLY,PASS,none
TN_GAJA_2018_056059,TN_GAJA_2018,SAR_ONLY,PASS,none
TN_GAJA_2018_066053,TN_GAJA_2018,SAR_ONLY,PASS,none
TN_GAJA_2018_005663,TN_GAJA_2018,SAR_ONLY,PASS,none
TN_GAJA_2018_005714,TN_GAJA_2018,SAR_ONLY,PASS,none
TN_GAJA_2018_009953,TN_GAJA_2018,SAR_ONLY,PASS,none
TN_GAJA_2018_014540,TN_GAJA_2018,SAR_ONLY,PASS,none
TN_GAJA_2018_028494,TN_GAJA_2018,SAR_ONLY,PASS,none
TN_GAJA_2018_042673,TN_GAJA_2018,SAR_ONLY,PASS,none
TN_GAJA_2018_042760,TN_GAJA_2018,SAR_ONLY,PASS,none
TN_GAJA_2018_052799,TN_GAJA_2018,SAR_ONLY,PASS,none
TN_GAJA_2018_061052,TN_GAJA_2018,SAR_ONLY,PASS,none
TN_GAJA_2018_069053,TN_GAJA_2018,SAR_ONLY,PASS,none
TN_GAJA_2018_000014,TN_GAJA_2018,SAR_ONLY,PASS,none
TN_GAJA_2018_000131,TN_GAJA_2018,SAR_ONLY,PASS,none
TN_GAJA_2018_006268,TN_GAJA_2018,SAR_ONLY,PASS,none
TN_GAJA_2018_010238,TN_GAJA_2018,SAR_ONLY,PASS,none
TN_GAJA_2018_016718,TN_GAJA_2018,SAR_ONLY,PASS,none
TN_GAJA_2018_033196,TN_GAJA_2018,SAR_ONLY,PASS,none
TN_GAJA_2018_033799,TN_GAJA_2018,SAR_ONLY,PASS,none
TN_GAJA_2018_046712,TN_GAJA_2018,SAR_ONLY,PASS,none
TN_GAJA_2018_054475,TN_GAJA_2018,SAR_ONLY,PASS,none
TN_GAJA_2018_063692,TN_GAJA_2018,SAR_ONLY,PASS,none
TN_GAJA_2018_000069,TN_GAJA_2018,SAR_ONLY,PASS,none
TN_GAJA_2018_006278,TN_GAJA_2018,SAR_ONLY,PASS,none
TN_GAJA_2018_006354,TN_GAJA_2018,SAR_ONLY,PASS,none
TN_GAJA_2018_010321,TN_GAJA_2018,SAR_ONLY,PASS,none
TN_GAJA_2018_016717,TN_GAJA_2018,SAR_ONLY,PASS,none
TN_GAJA_2018_033185,TN_GAJA_2018,SAR_ONLY,PASS,none
TN_GAJA_2018_046690,TN_GAJA_2018,SAR_ONLY,PASS,none
TN_GAJA_2018_046698,TN_GAJA_2018,SAR_ONLY,PASS,none
TN_GAJA_2018_054460,TN_GAJA_2018,SAR_ONLY,PASS,none
TN_GAJA_2018_063653,TN_GAJA_2018,SAR_ONLY,PASS,none
TN_GAJA_2018_001111,TN_GAJA_2018,SAR_ONLY,PASS,none
TN_GAJA_2018_001205,TN_GAJA_2018,SAR_ONLY,PASS,none
TN_GAJA_2018_006792,TN_GAJA_2018,SAR_ONLY,PASS,none
TN_GAJA_2018_011245,TN_GAJA_2018,SAR_ONLY,PASS,none
TN_GAJA_2018_017110,TN_GAJA_2018,SAR_ONLY,PASS,none
TN_GAJA_2018_034729,TN_GAJA_2018,SAR_ONLY,PASS,none
TN_GAJA_2018_035234,TN_GAJA_2018,SAR_ONLY,PASS,none
TN_GAJA_2018_047564,TN_GAJA_2018,SAR_ONLY,PASS,none
TN_GAJA_2018_054777,TN_GAJA_2018,SAR_ONLY,PASS,none
TN_GAJA_2018_064298,TN_GAJA_2018,SAR_ONLY,PASS,none
TN_GAJA_2018_001130,TN_GAJA_2018,SAR_ONLY,PASS,none
TN_GAJA_2018_001256,TN_GAJA_2018,SAR_ONLY,PASS,none
TN_GAJA_2018_006818,TN_GAJA_2018,SAR_ONLY,PASS,none
TN_GAJA_2018_011374,TN_GAJA_2018,SAR_ONLY,PASS,none
TN_GAJA_2018_017098,TN_GAJA_2018,SAR_ONLY,PASS,none
TN_GAJA_2018_034754,TN_GAJA_2018,SAR_ONLY,PASS,none
TN_GAJA_2018_035115,TN_GAJA_2018,SAR_ONLY,PASS,none
TN_GAJA_2018_047673,TN_GAJA_2018,SAR_ONLY,PASS,none
TN_GAJA_2018_054866,TN_GAJA_2018,SAR_ONLY,PASS,none
TN_GAJA_2018_064392,TN_GAJA_2018,SAR_ONLY,PASS,none
TN_GAJA_2018_002207,TN_GAJA_2018,SAR_ONLY,PASS,none
TN_GAJA_2018_002335,TN_GAJA_2018,SAR_ONLY,PASS,none
TN_GAJA_2018_007845,TN_GAJA_2018,SAR_ONLY,PASS,none
TN_GAJA_2018_012103,TN_GAJA_2018,SAR_ONLY,PASS,none
TN_GAJA_2018_019865,TN_GAJA_2018,SAR_ONLY,PASS,none
TN_GAJA_2018_036122,TN_GAJA_2018,SAR_ONLY,PASS,none
TN_GAJA_2018_048520,TN_GAJA_2018,SAR_ONLY,PASS,none
TN_GAJA_2018_048510,TN_GAJA_2018,SAR_ONLY,PASS,none
TN_GAJA_2018_055308,TN_GAJA_2018,SAR_ONLY,PASS,none
TN_GAJA_2018_065084,TN_GAJA_2018,SAR_ONLY,PASS,none
TN_GAJA_2018_002391,TN_GAJA_2018,SAR_ONLY,PASS,none
TN_GAJA_2018_002349,TN_GAJA_2018,SAR_ONLY,PASS,none
TN_GAJA_2018_008616,TN_GAJA_2018,SAR_ONLY,PASS,none
TN_GAJA_2018_012219,TN_GAJA_2018,SAR_ONLY,PASS,none
TN_GAJA_2018_019949,TN_GAJA_2018,SAR_ONLY,PASS,none
TN_GAJA_2018_036144,TN_GAJA_2018,SAR_ONLY,PASS,none
TN_GAJA_2018_038143,TN_GAJA_2018,SAR_ONLY,PASS,none
TN_GAJA_2018_048775,TN_GAJA_2018,SAR_ONLY,PASS,none
TN_GAJA_2018_055569,TN_GAJA_2018,SAR_ONLY,PASS,none
TN_GAJA_2018_065090,TN_GAJA_2018,SAR_ONLY,PASS,none
TN_GAJA_2018_003860,TN_GAJA_2018,SAR_ONLY,PASS,none
TN_GAJA_2018_003901,TN_GAJA_2018,SAR_ONLY,PASS,none
TN_GAJA_2018_008595,TN_GAJA_2018,SAR_ONLY,PASS,none
TN_GAJA_2018_013737,TN_GAJA_2018,SAR_ONLY,PASS,none
TN_GAJA_2018_023559,TN_GAJA_2018,SAR_ONLY,PASS,none
TN_GAJA_2018_037706,TN_GAJA_2018,SAR_ONLY,PASS,none
TN_GAJA_2018_037776,TN_GAJA_2018,SAR_ONLY,PASS,none
TN_GAJA_2018_049328,TN_GAJA_2018,SAR_ONLY,PASS,none
TN_GAJA_2018_056060,TN_GAJA_2018,SAR_ONLY,PASS,none
TN_GAJA_2018_066056,TN_GAJA_2018,SAR_ONLY,PASS,none
TN_GAJA_2018_005667,TN_GAJA_2018,SAR_ONLY,PASS,none
TN_GAJA_2018_005737,TN_GAJA_2018,SAR_ONLY,PASS,none
TN_GAJA_2018_009954,TN_GAJA_2018,SAR_ONLY,PASS,none
TN_GAJA_2018_014541,TN_GAJA_2018,SAR_ONLY,PASS,none
TN_GAJA_2018_028495,TN_GAJA_2018,SAR_ONLY,PASS,none
TN_GAJA_2018_042674,TN_GAJA_2018,SAR_ONLY,PASS,none
TN_GAJA_2018_042783,TN_GAJA_2018,SAR_ONLY,PASS,none
TN_GAJA_2018_052804,TN_GAJA_2018,SAR_ONLY,PASS,none
TN_GAJA_2018_061054,TN_GAJA_2018,SAR_ONLY,PASS,none
TN_GAJA_2018_069056,TN_GAJA_2018,SAR_ONLY,PASS,none
TN_GAJA_2018_000015,TN_GAJA_2018,SAR_ONLY,PASS,none
TN_GAJA_2018_000147,TN_GAJA_2018,SAR_ONLY,PASS,none
TN_GAJA_2018_006270,TN_GAJA_2018,SAR_ONLY,PASS,none
TN_GAJA_2018_010239,TN_GAJA_2018,SAR_ONLY,PASS,none
TN_GAJA_2018_016719,TN_GAJA_2018,SAR_ONLY,PASS,none
TN_GAJA_2018_033199,TN_GAJA_2018,SAR_ONLY,PASS,none
TN_GAJA_2018_033819,TN_GAJA_2018,SAR_ONLY,PASS,none
TN_GAJA_2018_046713,TN_GAJA_2018,SAR_ONLY,PASS,none
TN_GAJA_2018_054478,TN_GAJA_2018,SAR_ONLY,PASS,none
TN_GAJA_2018_063696,TN_GAJA_2018,SAR_ONLY,PASS,none
TN_GAJA_2018_000070,TN_GAJA_2018,SAR_ONLY,PASS,none
TN_GAJA_2018_006279,TN_GAJA_2018,SAR_ONLY,PASS,none
TN_GAJA_2018_006361,TN_GAJA_2018,SAR_ONLY,PASS,none
TN_GAJA_2018_010328,TN_GAJA_2018,SAR_ONLY,PASS,none
TN_GAJA_2018_016720,TN_GAJA_2018,SAR_ONLY,PASS,none
TN_GAJA_2018_033186,TN_GAJA_2018,SAR_ONLY,PASS,none
TN_GAJA_2018_046692,TN_GAJA_2018,SAR_ONLY,PASS,none
TN_GAJA_2018_046705,TN_GAJA_2018,SAR_ONLY,PASS,none
TN_GAJA_2018_054461,TN_GAJA_2018,SAR_ONLY,PASS,none
TN_GAJA_2018_063654,TN_GAJA_2018,SAR_ONLY,PASS,none
TN_GAJA_2018_001112,TN_GAJA_2018,SAR_ONLY,PASS,none
TN_GAJA_2018_001226,TN_GAJA_2018,SAR_ONLY,PASS,none
TN_GAJA_2018_006794,TN_GAJA_2018,SAR_ONLY,PASS,none
TN_GAJA_2018_011246,TN_GAJA_2018,SAR_ONLY,PASS,none
TN_GAJA_2018_017112,TN_GAJA_2018,SAR_ONLY,PASS,none
TN_GAJA_2018_034731,TN_GAJA_2018,SAR_ONLY,PASS,none
TN_GAJA_2018_035282,TN_GAJA_2018,SAR_ONLY,PASS,none
TN_GAJA_2018_047565,TN_GAJA_2018,SAR_ONLY,PASS,none
TN_GAJA_2018_054778,TN_GAJA_2018,SAR_ONLY,PASS,none
TN_GAJA_2018_064301,TN_GAJA_2018,SAR_ONLY,PASS,none
TN_GAJA_2018_001131,TN_GAJA_2018,SAR_ONLY,PASS,none
TN_GAJA_2018_001260,TN_GAJA_2018,SAR_ONLY,PASS,none
TN_GAJA_2018_006820,TN_GAJA_2018,SAR_ONLY,PASS,none
TN_GAJA_2018_011388,TN_GAJA_2018,SAR_ONLY,PASS,none
TN_GAJA_2018_017100,TN_GAJA_2018,SAR_ONLY,PASS,none
TN_GAJA_2018_034760,TN_GAJA_2018,SAR_ONLY,PASS,none
TN_GAJA_2018_035178,TN_GAJA_2018,SAR_ONLY,PASS,none
TN_GAJA_2018_047731,TN_GAJA_2018,SAR_ONLY,PASS,none
TN_GAJA_2018_054873,TN_GAJA_2018,SAR_ONLY,PASS,none
TN_GAJA_2018_064400,TN_GAJA_2018,SAR_ONLY,PASS,none
TN_GAJA_2018_002212,TN_GAJA_2018,SAR_ONLY,PASS,none
TN_GAJA_2018_002369,TN_GAJA_2018,SAR_ONLY,PASS,none
TN_GAJA_2018_007852,TN_GAJA_2018,SAR_ONLY,PASS,none
TN_GAJA_2018_012104,TN_GAJA_2018,SAR_ONLY,PASS,none
TN_GAJA_2018_019867,TN_GAJA_2018,SAR_ONLY,PASS,none
TN_GAJA_2018_036123,TN_GAJA_2018,SAR_ONLY,PASS,none
TN_GAJA_2018_048523,TN_GAJA_2018,SAR_ONLY,PASS,none
TN_GAJA_2018_048515,TN_GAJA_2018,SAR_ONLY,PASS,none
TN_GAJA_2018_055309,TN_GAJA_2018,SAR_ONLY,PASS,none
TN_GAJA_2018_065096,TN_GAJA_2018,SAR_ONLY,PASS,none
TN_GAJA_2018_002396,TN_GAJA_2018,SAR_ONLY,PASS,none
TN_GAJA_2018_002360,TN_GAJA_2018,SAR_ONLY,PASS,none
TN_GAJA_2018_008618,TN_GAJA_2018,SAR_ONLY,PASS,none
TN_GAJA_2018_012226,TN_GAJA_2018,SAR_ONLY,PASS,none
TN_GAJA_2018_019952,TN_GAJA_2018,SAR_ONLY,PASS,none
TN_GAJA_2018_036146,TN_GAJA_2018,SAR_ONLY,PASS,none
TN_GAJA_2018_038144,TN_GAJA_2018,SAR_ONLY,PASS,none
TN_GAJA_2018_048794,TN_GAJA_2018,SAR_ONLY,PASS,none
TN_GAJA_2018_055619,TN_GAJA_2018,SAR_ONLY,PASS,none
TN_GAJA_2018_065091,TN_GAJA_2018,SAR_ONLY,PASS,none
TN_GAJA_2018_003861,TN_GAJA_2018,SAR_ONLY,PASS,none
TN_GAJA_2018_003916,TN_GAJA_2018,SAR_ONLY,PASS,none
TN_GAJA_2018_008596,TN_GAJA_2018,SAR_ONLY,PASS,none
TN_GAJA_2018_013757,TN_GAJA_2018,SAR_ONLY,PASS,none
TN_GAJA_2018_023560,TN_GAJA_2018,SAR_ONLY,PASS,none
TN_GAJA_2018_037707,TN_GAJA_2018,SAR_ONLY,PASS,none
TN_GAJA_2018_037801,TN_GAJA_2018,SAR_ONLY,PASS,none
TN_GAJA_2018_049332,TN_GAJA_2018,SAR_ONLY,PASS,none
TN_GAJA_2018_056062,TN_GAJA_2018,SAR_ONLY,PASS,none
TN_GAJA_2018_066058,TN_GAJA_2018,SAR_ONLY,PASS,none
TN_GAJA_2018_005670,TN_GAJA_2018,SAR_ONLY,PASS,none
TN_GAJA_2018_005744,TN_GAJA_2018,SAR_ONLY,PASS,none
TN_GAJA_2018_009971,TN_GAJA_2018,SAR_ONLY,PASS,none
TN_GAJA_2018_014542,TN_GAJA_2018,SAR_ONLY,PASS,none
TN_GAJA_2018_028496,TN_GAJA_2018,SAR_ONLY,PASS,none
TN_GAJA_2018_042675,TN_GAJA_2018,SAR_ONLY,PASS,none
TN_GAJA_2018_042786,TN_GAJA_2018,SAR_ONLY,PASS,none
TN_GAJA_2018_052806,TN_GAJA_2018,SAR_ONLY,PASS,none
TN_GAJA_2018_061057,TN_GAJA_2018,SAR_ONLY,PASS,none
TN_GAJA_2018_069059,TN_GAJA_2018,SAR_ONLY,PASS,none
TN_GAJA_2018_000016,TN_GAJA_2018,SAR_ONLY,PASS,none
TN_GAJA_2018_000156,TN_GAJA_2018,SAR_ONLY,PASS,none
TN_GAJA_2018_006272,TN_GAJA_2018,SAR_ONLY,PASS,none
TN_GAJA_2018_010241,TN_GAJA_2018,SAR_ONLY,PASS,none
TN_GAJA_2018_016722,TN_GAJA_2018,SAR_ONLY,PASS,none
TN_GAJA_2018_033200,TN_GAJA_2018,SAR_ONLY,PASS,none
TN_GAJA_2018_033872,TN_GAJA_2018,SAR_ONLY,PASS,none
TN_GAJA_2018_046717,TN_GAJA_2018,SAR_ONLY,PASS,none
TN_GAJA_2018_054480,TN_GAJA_2018,SAR_ONLY,PASS,none
TN_GAJA_2018_063716,TN_GAJA_2018,SAR_ONLY,PASS,none
TN_GAJA_2018_000080,TN_GAJA_2018,SAR_ONLY,PASS,none
TN_GAJA_2018_006291,TN_GAJA_2018,SAR_ONLY,PASS,none
TN_GAJA_2018_006391,TN_GAJA_2018,SAR_ONLY,PASS,none
TN_GAJA_2018_010333,TN_GAJA_2018,SAR_ONLY,PASS,none
TN_GAJA_2018_016725,TN_GAJA_2018,SAR_ONLY,PASS,none
TN_GAJA_2018_033188,TN_GAJA_2018,SAR_ONLY,PASS,none
TN_GAJA_2018_046706,TN_GAJA_2018,SAR_ONLY,PASS,none
TN_GAJA_2018_046711,TN_GAJA_2018,SAR_ONLY,PASS,none
TN_GAJA_2018_054462,TN_GAJA_2018,SAR_ONLY,PASS,none
TN_GAJA_2018_063658,TN_GAJA_2018,SAR_ONLY,PASS,none
TN_GAJA_2018_001114,TN_GAJA_2018,SAR_ONLY,PASS,none
TN_GAJA_2018_001244,TN_GAJA_2018,SAR_ONLY,PASS,none
TN_GAJA_2018_006795,TN_GAJA_2018,SAR_ONLY,PASS,none
TN_GAJA_2018_011253,TN_GAJA_2018,SAR_ONLY,PASS,none
TN_GAJA_2018_017114,TN_GAJA_2018,SAR_ONLY,PASS,none
TN_GAJA_2018_034734,TN_GAJA_2018,SAR_ONLY,PASS,none
TN_GAJA_2018_035283,TN_GAJA_2018,SAR_ONLY,PASS,none
TN_GAJA_2018_047567,TN_GAJA_2018,SAR_ONLY,PASS,none
TN_GAJA_2018_054779,TN_GAJA_2018,SAR_ONLY,PASS,none
TN_GAJA_2018_064307,TN_GAJA_2018,SAR_ONLY,PASS,none
TN_GAJA_2018_001134,TN_GAJA_2018,SAR_ONLY,PASS,none
TN_GAJA_2018_001272,TN_GAJA_2018,SAR_ONLY,PASS,none
TN_GAJA_2018_006826,TN_GAJA_2018,SAR_ONLY,PASS,none
TN_GAJA_2018_011483,TN_GAJA_2018,SAR_ONLY,PASS,none
TN_GAJA_2018_017102,TN_GAJA_2018,SAR_ONLY,PASS,none
TN_GAJA_2018_034765,TN_GAJA_2018,SAR_ONLY,PASS,none
TN_GAJA_2018_035285,TN_GAJA_2018,SAR_ONLY,PASS,none
TN_GAJA_2018_047800,TN_GAJA_2018,SAR_ONLY,PASS,none
TN_GAJA_2018_054887,TN_GAJA_2018,SAR_ONLY,PASS,none
TN_GAJA_2018_064403,TN_GAJA_2018,SAR_ONLY,PASS,none
TN_GAJA_2018_002213,TN_GAJA_2018,SAR_ONLY,PASS,none
TN_GAJA_2018_002377,TN_GAJA_2018,SAR_ONLY,PASS,none
TN_GAJA_2018_007855,TN_GAJA_2018,SAR_ONLY,PASS,none
TN_GAJA_2018_012105,TN_GAJA_2018,SAR_ONLY,PASS,none
TN_GAJA_2018_019868,TN_GAJA_2018,SAR_ONLY,PASS,none
TN_GAJA_2018_036124,TN_GAJA_2018,SAR_ONLY,PASS,none
TN_GAJA_2018_048527,TN_GAJA_2018,SAR_ONLY,PASS,none
TN_GAJA_2018_048517,TN_GAJA_2018,SAR_ONLY,PASS,none
TN_GAJA_2018_055310,TN_GAJA_2018,SAR_ONLY,PASS,none
TN_GAJA_2018_065097,TN_GAJA_2018,SAR_ONLY,PASS,none
TN_GAJA_2018_002403,TN_GAJA_2018,SAR_ONLY,PASS,none
TN_GAJA_2018_002386,TN_GAJA_2018,SAR_ONLY,PASS,none
TN_GAJA_2018_008620,TN_GAJA_2018,SAR_ONLY,PASS,none
TN_GAJA_2018_012234,TN_GAJA_2018,SAR_ONLY,PASS,none
TN_GAJA_2018_019980,TN_GAJA_2018,SAR_ONLY,PASS,none
TN_GAJA_2018_036147,TN_GAJA_2018,SAR_ONLY,PASS,none
TN_GAJA_2018_038149,TN_GAJA_2018,SAR_ONLY,PASS,none
TN_GAJA_2018_048824,TN_GAJA_2018,SAR_ONLY,PASS,none
TN_GAJA_2018_055623,TN_GAJA_2018,SAR_ONLY,PASS,none
TN_GAJA_2018_065094,TN_GAJA_2018,SAR_ONLY,PASS,none
TN_GAJA_2018_003863,TN_GAJA_2018,SAR_ONLY,PASS,none
TN_GAJA_2018_003921,TN_GAJA_2018,SAR_ONLY,PASS,none
TN_GAJA_2018_008602,TN_GAJA_2018,SAR_ONLY,PASS,none
TN_GAJA_2018_013783,TN_GAJA_2018,SAR_ONLY,PASS,none
TN_GAJA_2018_023561,TN_GAJA_2018,SAR_ONLY,PASS,none
TN_GAJA_2018_037709,TN_GAJA_2018,SAR_ONLY,PASS,none
TN_GAJA_2018_037811,TN_GAJA_2018,SAR_ONLY,PASS,none
TN_GAJA_2018_049334,TN_GAJA_2018,SAR_ONLY,PASS,none
TN_GAJA_2018_056063,TN_GAJA_2018,SAR_ONLY,PASS,none
TN_GAJA_2018_066059,TN_GAJA_2018,SAR_ONLY,PASS,none
TN_GAJA_2018_005673,TN_GAJA_2018,SAR_ONLY,PASS,none
TN_GAJA_2018_005749,TN_GAJA_2018,SAR_ONLY,PASS,none
TN_GAJA_2018_009974,TN_GAJA_2018,SAR_ONLY,PASS,none
TN_GAJA_2018_014543,TN_GAJA_2018,SAR_ONLY,PASS,none
TN_GAJA_2018_028498,TN_GAJA_2018,SAR_ONLY,PASS,none
TN_GAJA_2018_042676,TN_GAJA_2018,SAR_ONLY,PASS,none
TN_GAJA_2018_042803,TN_GAJA_2018,SAR_ONLY,PASS,none
TN_GAJA_2018_052808,TN_GAJA_2018,SAR_ONLY,PASS,none
TN_GAJA_2018_061059,TN_GAJA_2018,SAR_ONLY,PASS,none
TN_GAJA_2018_069071,TN_GAJA_2018,SAR_ONLY,PASS,none
TN_GAJA_2018_000017,TN_GAJA_2018,SAR_ONLY,PASS,none
TN_GAJA_2018_000158,TN_GAJA_2018,SAR_ONLY,PASS,none
TN_GAJA_2018_006276,TN_GAJA_2018,SAR_ONLY,PASS,none
TN_GAJA_2018_010242,TN_GAJA_2018,SAR_ONLY,PASS,none
TN_GAJA_2018_016723,TN_GAJA_2018,SAR_ONLY,PASS,none
TN_GAJA_2018_033201,TN_GAJA_2018,SAR_ONLY,PASS,none
TN_GAJA_2018_033889,TN_GAJA_2018,SAR_ONLY,PASS,none
TN_GAJA_2018_046721,TN_GAJA_2018,SAR_ONLY,PASS,none
TN_GAJA_2018_054484,TN_GAJA_2018,SAR_ONLY,PASS,none
TN_GAJA_2018_063723,TN_GAJA_2018,SAR_ONLY,PASS,none
TN_GAJA_2018_000095,TN_GAJA_2018,SAR_ONLY,PASS,none
TN_GAJA_2018_006292,TN_GAJA_2018,SAR_ONLY,PASS,none
TN_GAJA_2018_006402,TN_GAJA_2018,SAR_ONLY,PASS,none
TN_GAJA_2018_010347,TN_GAJA_2018,SAR_ONLY,PASS,none
TN_GAJA_2018_016729,TN_GAJA_2018,SAR_ONLY,PASS,none
TN_GAJA_2018_033190,TN_GAJA_2018,SAR_ONLY,PASS,none
TN_GAJA_2018_046715,TN_GAJA_2018,SAR_ONLY,PASS,none
TN_GAJA_2018_046716,TN_GAJA_2018,SAR_ONLY,PASS,none
TN_GAJA_2018_054463,TN_GAJA_2018,SAR_ONLY,PASS,none
TN_GAJA_2018_063662,TN_GAJA_2018,SAR_ONLY,PASS,none
TN_GAJA_2018_001116,TN_GAJA_2018,SAR_ONLY,PASS,none
TN_GAJA_2018_001246,TN_GAJA_2018,SAR_ONLY,PASS,none
TN_GAJA_2018_006801,TN_GAJA_2018,SAR_ONLY,PASS,none
TN_GAJA_2018_011255,TN_GAJA_2018,SAR_ONLY,PASS,none
TN_GAJA_2018_017115,TN_GAJA_2018,SAR_ONLY,PASS,none
TN_GAJA_2018_034736,TN_GAJA_2018,SAR_ONLY,PASS,none
TN_GAJA_2018_035310,TN_GAJA_2018,SAR_ONLY,PASS,none
TN_GAJA_2018_047577,TN_GAJA_2018,SAR_ONLY,PASS,none
TN_GAJA_2018_054780,TN_GAJA_2018,SAR_ONLY,PASS,none
TN_GAJA_2018_064308,TN_GAJA_2018,SAR_ONLY,PASS,none
TN_GAJA_2018_001135,TN_GAJA_2018,SAR_ONLY,PASS,none
TN_GAJA_2018_001274,TN_GAJA_2018,SAR_ONLY,PASS,none
TN_GAJA_2018_006830,TN_GAJA_2018,SAR_ONLY,PASS,none
TN_GAJA_2018_011544,TN_GAJA_2018,SAR_ONLY,PASS,none
TN_GAJA_2018_017106,TN_GAJA_2018,SAR_ONLY,PASS,none
TN_GAJA_2018_034768,TN_GAJA_2018,SAR_ONLY,PASS,none
TN_GAJA_2018_035406,TN_GAJA_2018,SAR_ONLY,PASS,none
TN_GAJA_2018_047866,TN_GAJA_2018,SAR_ONLY,PASS,none
TN_GAJA_2018_054888,TN_GAJA_2018,SAR_ONLY,PASS,none
TN_GAJA_2018_064433,TN_GAJA_2018,SAR_ONLY,PASS,none
TN_GAJA_2018_002214,TN_GAJA_2018,SAR_ONLY,PASS,none
TN_GAJA_2018_002379,TN_GAJA_2018,SAR_ONLY,PASS,none
TN_GAJA_2018_007856,TN_GAJA_2018,SAR_ONLY,PASS,none
TN_GAJA_2018_012106,TN_GAJA_2018,SAR_ONLY,PASS,none
TN_GAJA_2018_019869,TN_GAJA_2018,SAR_ONLY,PASS,none
TN_GAJA_2018_036125,TN_GAJA_2018,SAR_ONLY,PASS,none
TN_GAJA_2018_048530,TN_GAJA_2018,SAR_ONLY,PASS,none
TN_GAJA_2018_048518,TN_GAJA_2018,SAR_ONLY,PASS,none
TN_GAJA_2018_055312,TN_GAJA_2018,SAR_ONLY,PASS,none
TN_GAJA_2018_065098,TN_GAJA_2018,SAR_ONLY,PASS,none
TN_GAJA_2018_002423,TN_GAJA_2018,SAR_ONLY,PASS,none
TN_GAJA_2018_002405,TN_GAJA_2018,SAR_ONLY,PASS,none
TN_GAJA_2018_008627,TN_GAJA_2018,SAR_ONLY,PASS,none
TN_NIVAR_2020_000001,TN_NIVAR_2020,MULTIMODAL,PASS,none
TN_NIVAR_2020_000022,TN_NIVAR_2020,MULTIMODAL,PASS,none
TN_NIVAR_2020_008545,TN_NIVAR_2020,MULTIMODAL,PASS,none
TN_NIVAR_2020_016999,TN_NIVAR_2020,MULTIMODAL,PASS,none
TN_NIVAR_2020_029833,TN_NIVAR_2020,MULTIMODAL,PASS,none
TN_NIVAR_2020_030554,TN_NIVAR_2020,MULTIMODAL,PASS,none
TN_NIVAR_2020_048040,TN_NIVAR_2020,SAR_ONLY,PASS,none
TN_NIVAR_2020_069495,TN_NIVAR_2020,SAR_ONLY,PASS,none
TN_NIVAR_2020_085402,TN_NIVAR_2020,SAR_ONLY,PASS,none
TN_NIVAR_2020_096325,TN_NIVAR_2020,SAR_ONLY,PASS,none
TN_NIVAR_2020_000002,TN_NIVAR_2020,MULTIMODAL,PASS,none
TN_NIVAR_2020_000119,TN_NIVAR_2020,MULTIMODAL,PASS,none
TN_NIVAR_2020_008628,TN_NIVAR_2020,MULTIMODAL,PASS,none
TN_NIVAR_2020_016991,TN_NIVAR_2020,MULTIMODAL,PASS,none
TN_NIVAR_2020_029834,TN_NIVAR_2020,MULTIMODAL,PASS,none
TN_NIVAR_2020_029832,TN_NIVAR_2020,MULTIMODAL,PASS,none
TN_NIVAR_2020_048043,TN_NIVAR_2020,SAR_ONLY,PASS,none
TN_NIVAR_2020_069514,TN_NIVAR_2020,SAR_ONLY,PASS,none
TN_NIVAR_2020_085401,TN_NIVAR_2020,SAR_ONLY,PASS,none
TN_NIVAR_2020_096322,TN_NIVAR_2020,SAR_ONLY,PASS,none
TN_NIVAR_2020_000717,TN_NIVAR_2020,MULTIMODAL,PASS,none
TN_NIVAR_2020_000716,TN_NIVAR_2020,MULTIMODAL,PASS,none
TN_NIVAR_2020_009976,TN_NIVAR_2020,MULTIMODAL,PASS,none
TN_NIVAR_2020_017761,TN_NIVAR_2020,MULTIMODAL,PASS,none
TN_NIVAR_2020_030748,TN_NIVAR_2020,MULTIMODAL,PASS,none
TN_NIVAR_2020_030993,TN_NIVAR_2020,MULTIMODAL,PASS,none
TN_NIVAR_2020_051800,TN_NIVAR_2020,SAR_ONLY,PASS,none
TN_NIVAR_2020_071729,TN_NIVAR_2020,SAR_ONLY,PASS,none
TN_NIVAR_2020_086359,TN_NIVAR_2020,SAR_ONLY,PASS,none
TN_NIVAR_2020_097192,TN_NIVAR_2020,SAR_ONLY,PASS,none
TN_NIVAR_2020_000743,TN_NIVAR_2020,MULTIMODAL,PASS,none
TN_NIVAR_2020_002057,TN_NIVAR_2020,MULTIMODAL,PASS,none
TN_NIVAR_2020_010379,TN_NIVAR_2020,MULTIMODAL,PASS,none
TN_NIVAR_2020_017762,TN_NIVAR_2020,MULTIMODAL,PASS,none
TN_NIVAR_2020_030755,TN_NIVAR_2020,MULTIMODAL,PASS,none
TN_NIVAR_2020_032438,TN_NIVAR_2020,MULTIMODAL,PASS,none
TN_NIVAR_2020_051786,TN_NIVAR_2020,SAR_ONLY,PASS,none
TN_NIVAR_2020_071859,TN_NIVAR_2020,SAR_ONLY,PASS,none
TN_NIVAR_2020_086361,TN_NIVAR_2020,SAR_ONLY,PASS,none
TN_NIVAR_2020_097194,TN_NIVAR_2020,SAR_ONLY,PASS,none
TN_NIVAR_2020_002049,TN_NIVAR_2020,MULTIMODAL,PASS,none
TN_NIVAR_2020_002050,TN_NIVAR_2020,MULTIMODAL,PASS,none
TN_NIVAR_2020_010764,TN_NIVAR_2020,MULTIMODAL,PASS,none
TN_NIVAR_2020_018442,TN_NIVAR_2020,MULTIMODAL,PASS,none
TN_NIVAR_2020_034155,TN_NIVAR_2020,MULTIMODAL,PASS,none
TN_NIVAR_2020_038582,TN_NIVAR_2020,MULTIMODAL,PASS,none
TN_NIVAR_2020_054603,TN_NIVAR_2020,SAR_ONLY,PASS,none
TN_NIVAR_2020_073661,TN_NIVAR_2020,SAR_ONLY,PASS,none
TN_NIVAR_2020_088255,TN_NIVAR_2020,SAR_ONLY,PASS,none
TN_NIVAR_2020_098624,TN_NIVAR_2020,SAR_ONLY,PASS,none
TN_NIVAR_2020_005129,TN_NIVAR_2020,MULTIMODAL,PASS,none
TN_NIVAR_2020_005137,TN_NIVAR_2020,MULTIMODAL,PASS,none
TN_NIVAR_2020_011953,TN_NIVAR_2020,MULTIMODAL,PASS,none
TN_NIVAR_2020_019963,TN_NIVAR_2020,MULTIMODAL,PASS,none
TN_NIVAR_2020_039115,TN_NIVAR_2020,MULTIMODAL,PASS,none
TN_NIVAR_2020_043758,TN_NIVAR_2020,MULTIMODAL,PASS,none
TN_NIVAR_2020_059526,TN_NIVAR_2020,SAR_ONLY,PASS,none
TN_NIVAR_2020_078622,TN_NIVAR_2020,SAR_ONLY,PASS,none
TN_NIVAR_2020_090631,TN_NIVAR_2020,SAR_ONLY,PASS,none
TN_NIVAR_2020_102762,TN_NIVAR_2020,SAR_ONLY,PASS,none
TN_NIVAR_2020_005135,TN_NIVAR_2020,MULTIMODAL,PASS,none
TN_NIVAR_2020_005134,TN_NIVAR_2020,MULTIMODAL,PASS,none
TN_NIVAR_2020_011958,TN_NIVAR_2020,MULTIMODAL,PASS,none
TN_NIVAR_2020_019969,TN_NIVAR_2020,MULTIMODAL,PASS,none
TN_NIVAR_2020_039117,TN_NIVAR_2020,MULTIMODAL,PASS,none
TN_NIVAR_2020_059523,TN_NIVAR_2020,MULTIMODAL,PASS,none
TN_NIVAR_2020_059535,TN_NIVAR_2020,SAR_ONLY,PASS,none
TN_NIVAR_2020_078625,TN_NIVAR_2020,SAR_ONLY,PASS,none
TN_NIVAR_2020_090625,TN_NIVAR_2020,SAR_ONLY,PASS,none
TN_NIVAR_2020_102761,TN_NIVAR_2020,SAR_ONLY,PASS,none
TN_NIVAR_2020_008397,TN_NIVAR_2020,MULTIMODAL,PASS,none
TN_NIVAR_2020_016926,TN_NIVAR_2020,MULTIMODAL,PASS,none
TN_NIVAR_2020_024895,TN_NIVAR_2020,MULTIMODAL,PASS,none
TN_NIVAR_2020_044064,TN_NIVAR_2020,MULTIMODAL,PASS,none
TN_NIVAR_2020_064445,TN_NIVAR_2020,SAR_ONLY,PASS,none
TN_NIVAR_2020_064455,TN_NIVAR_2020,SAR_ONLY,PASS,none
TN_NIVAR_2020_083293,TN_NIVAR_2020,SAR_ONLY,PASS,none
TN_NIVAR_2020_091816,TN_NIVAR_2020,SAR_ONLY,PASS,none
TN_NIVAR_2020_104120,TN_NIVAR_2020,SAR_ONLY,PASS,none
TN_NIVAR_2020_016990,TN_NIVAR_2020,MULTIMODAL,PASS,none
TN_NIVAR_2020_044283,TN_NIVAR_2020,MULTIMODAL,PASS,none
TN_NIVAR_2020_064501,TN_NIVAR_2020,MULTIMODAL,PASS,none
TN_NIVAR_2020_064465,TN_NIVAR_2020,SAR_ONLY,PASS,none
TN_NIVAR_2020_083773,TN_NIVAR_2020,SAR_ONLY,PASS,none
TN_NIVAR_2020_091889,TN_NIVAR_2020,SAR_ONLY,PASS,none
TN_NIVAR_2020_104119,TN_NIVAR_2020,SAR_ONLY,PASS,none
TN_NIVAR_2020_069490,TN_NIVAR_2020,SAR_ONLY,PASS,none
TN_NIVAR_2020_085395,TN_NIVAR_2020,SAR_ONLY,PASS,none
TN_NIVAR_2020_085060,TN_NIVAR_2020,SAR_ONLY,PASS,none
TN_NIVAR_2020_095919,TN_NIVAR_2020,SAR_ONLY,PASS,none
TN_NIVAR_2020_107800,TN_NIVAR_2020,SAR_ONLY,PASS,none
TN_NIVAR_2020_000004,TN_NIVAR_2020,MULTIMODAL,FAIL,non_finite_values_in_sar_pre;non_finite_values_in_sar_post
TN_NIVAR_2020_000034,TN_NIVAR_2020,MULTIMODAL,PASS,none
TN_NIVAR_2020_008553,TN_NIVAR_2020,MULTIMODAL,PASS,none
TN_NIVAR_2020_017000,TN_NIVAR_2020,MULTIMODAL,PASS,none
TN_NIVAR_2020_029837,TN_NIVAR_2020,MULTIMODAL,PASS,none
TN_NIVAR_2020_048039,TN_NIVAR_2020,MULTIMODAL,PASS,none
TN_NIVAR_2020_048041,TN_NIVAR_2020,SAR_ONLY,PASS,none
TN_NIVAR_2020_069496,TN_NIVAR_2020,SAR_ONLY,PASS,none
TN_NIVAR_2020_085404,TN_NIVAR_2020,SAR_ONLY,PASS,none
TN_NIVAR_2020_096332,TN_NIVAR_2020,SAR_ONLY,PASS,none
TN_NIVAR_2020_000003,TN_NIVAR_2020,MULTIMODAL,FAIL,non_finite_values_in_sar_pre;non_finite_values_in_sar_post
TN_NIVAR_2020_000190,TN_NIVAR_2020,MULTIMODAL,PASS,none
TN_NIVAR_2020_008755,TN_NIVAR_2020,MULTIMODAL,PASS,none
TN_NIVAR_2020_016994,TN_NIVAR_2020,MULTIMODAL,PASS,none
TN_NIVAR_2020_029835,TN_NIVAR_2020,MULTIMODAL,PASS,none
TN_NIVAR_2020_029839,TN_NIVAR_2020,MULTIMODAL,PASS,none
TN_NIVAR_2020_048056,TN_NIVAR_2020,SAR_ONLY,PASS,none
TN_NIVAR_2020_069524,TN_NIVAR_2020,SAR_ONLY,PASS,none
TN_NIVAR_2020_085403,TN_NIVAR_2020,SAR_ONLY,PASS,none
TN_NIVAR_2020_096324,TN_NIVAR_2020,SAR_ONLY,PASS,none
TN_NIVAR_2020_000718,TN_NIVAR_2020,MULTIMODAL,PASS,none
TN_NIVAR_2020_000719,TN_NIVAR_2020,MULTIMODAL,PASS,none
TN_NIVAR_2020_009980,TN_NIVAR_2020,MULTIMODAL,PASS,none
TN_NIVAR_2020_017763,TN_NIVAR_2020,MULTIMODAL,PASS,none
TN_NIVAR_2020_030749,TN_NIVAR_2020,MULTIMODAL,PASS,none
TN_NIVAR_2020_031502,TN_NIVAR_2020,MULTIMODAL,PASS,none
TN_NIVAR_2020_051806,TN_NIVAR_2020,SAR_ONLY,PASS,none
TN_NIVAR_2020_071819,TN_NIVAR_2020,SAR_ONLY,PASS,none
TN_NIVAR_2020_086360,TN_NIVAR_2020,SAR_ONLY,PASS,none
TN_NIVAR_2020_097193,TN_NIVAR_2020,SAR_ONLY,PASS,none
TN_NIVAR_2020_000748,TN_NIVAR_2020,MULTIMODAL,PASS,none
TN_NIVAR_2020_002067,TN_NIVAR_2020,MULTIMODAL,PASS,none
TN_NIVAR_2020_010701,TN_NIVAR_2020,MULTIMODAL,PASS,none
TN_NIVAR_2020_017768,TN_NIVAR_2020,MULTIMODAL,PASS,none
TN_NIVAR_2020_030756,TN_NIVAR_2020,MULTIMODAL,PASS,none
TN_NIVAR_2020_033450,TN_NIVAR_2020,MULTIMODAL,PASS,none
TN_NIVAR_2020_051789,TN_NIVAR_2020,SAR_ONLY,PASS,none
TN_NIVAR_2020_071988,TN_NIVAR_2020,SAR_ONLY,PASS,none
TN_NIVAR_2020_086367,TN_NIVAR_2020,SAR_ONLY,PASS,none
TN_NIVAR_2020_097196,TN_NIVAR_2020,SAR_ONLY,PASS,none
TN_NIVAR_2020_002052,TN_NIVAR_2020,MULTIMODAL,PASS,none
TN_NIVAR_2020_002065,TN_NIVAR_2020,MULTIMODAL,PASS,none
TN_NIVAR_2020_010977,TN_NIVAR_2020,MULTIMODAL,PASS,none
TN_NIVAR_2020_018443,TN_NIVAR_2020,MULTIMODAL,PASS,none
TN_NIVAR_2020_034157,TN_NIVAR_2020,MULTIMODAL,PASS,none
TN_NIVAR_2020_041904,TN_NIVAR_2020,MULTIMODAL,PASS,none
TN_NIVAR_2020_054605,TN_NIVAR_2020,SAR_ONLY,PASS,none
TN_NIVAR_2020_073690,TN_NIVAR_2020,SAR_ONLY,PASS,none
TN_NIVAR_2020_088259,TN_NIVAR_2020,SAR_ONLY,PASS,none
TN_NIVAR_2020_098628,TN_NIVAR_2020,SAR_ONLY,PASS,none
TN_NIVAR_2020_005130,TN_NIVAR_2020,MULTIMODAL,PASS,none
TN_NIVAR_2020_005145,TN_NIVAR_2020,MULTIMODAL,PASS,none
TN_NIVAR_2020_011954,TN_NIVAR_2020,MULTIMODAL,PASS,none
TN_NIVAR_2020_019976,TN_NIVAR_2020,MULTIMODAL,PASS,none
TN_NIVAR_2020_039116,TN_NIVAR_2020,MULTIMODAL,PASS,none
TN_NIVAR_2020_059522,TN_NIVAR_2020,SAR_ONLY,PASS,none
TN_NIVAR_2020_059532,TN_NIVAR_2020,SAR_ONLY,PASS,none
TN_NIVAR_2020_078641,TN_NIVAR_2020,SAR_ONLY,PASS,none
TN_NIVAR_2020_090641,TN_NIVAR_2020,SAR_ONLY,PASS,none
TN_NIVAR_2020_102763,TN_NIVAR_2020,SAR_ONLY,PASS,none
TN_NIVAR_2020_005136,TN_NIVAR_2020,MULTIMODAL,PASS,none
TN_NIVAR_2020_005153,TN_NIVAR_2020,MULTIMODAL,PASS,none
TN_NIVAR_2020_011967,TN_NIVAR_2020,MULTIMODAL,PASS,none
TN_NIVAR_2020_019971,TN_NIVAR_2020,MULTIMODAL,PASS,none
TN_NIVAR_2020_039122,TN_NIVAR_2020,MULTIMODAL,PASS,none
TN_NIVAR_2020_059524,TN_NIVAR_2020,MULTIMODAL,PASS,none
TN_NIVAR_2020_059538,TN_NIVAR_2020,SAR_ONLY,PASS,none
TN_NIVAR_2020_078626,TN_NIVAR_2020,SAR_ONLY,PASS,none
TN_NIVAR_2020_090627,TN_NIVAR_2020,SAR_ONLY,PASS,none
TN_NIVAR_2020_102765,TN_NIVAR_2020,SAR_ONLY,PASS,none
TN_NIVAR_2020_016928,TN_NIVAR_2020,MULTIMODAL,PASS,none
TN_NIVAR_2020_024899,TN_NIVAR_2020,MULTIMODAL,PASS,none
TN_NIVAR_2020_044066,TN_NIVAR_2020,MULTIMODAL,PASS,none
TN_NIVAR_2020_064446,TN_NIVAR_2020,MULTIMODAL,PASS,none
TN_NIVAR_2020_064458,TN_NIVAR_2020,SAR_ONLY,PASS,none
TN_NIVAR_2020_083304,TN_NIVAR_2020,SAR_ONLY,PASS,none
TN_NIVAR_2020_091817,TN_NIVAR_2020,SAR_ONLY,PASS,none
TN_NIVAR_2020_104123,TN_NIVAR_2020,SAR_ONLY,PASS,none
TN_NIVAR_2020_045134,TN_NIVAR_2020,MULTIMODAL,PASS,none
TN_NIVAR_2020_064582,TN_NIVAR_2020,MULTIMODAL,PASS,none
TN_NIVAR_2020_064494,TN_NIVAR_2020,SAR_ONLY,PASS,none
TN_NIVAR_2020_083923,TN_NIVAR_2020,SAR_ONLY,PASS,none
TN_NIVAR_2020_091898,TN_NIVAR_2020,SAR_ONLY,PASS,none
TN_NIVAR_2020_104126,TN_NIVAR_2020,SAR_ONLY,PASS,none
TN_NIVAR_2020_085398,TN_NIVAR_2020,SAR_ONLY,PASS,none
TN_NIVAR_2020_085212,TN_NIVAR_2020,SAR_ONLY,PASS,none
TN_NIVAR_2020_107806,TN_NIVAR_2020,SAR_ONLY,PASS,none
TN_NIVAR_2020_000005,TN_NIVAR_2020,MULTIMODAL,PASS,none
TN_NIVAR_2020_000062,TN_NIVAR_2020,MULTIMODAL,PASS,none
TN_NIVAR_2020_008564,TN_NIVAR_2020,MULTIMODAL,PASS,none
TN_NIVAR_2020_017001,TN_NIVAR_2020,MULTIMODAL,PASS,none
TN_NIVAR_2020_029847,TN_NIVAR_2020,MULTIMODAL,PASS,none
TN_NIVAR_2020_048044,TN_NIVAR_2020,SAR_ONLY,PASS,none
TN_NIVAR_2020_048057,TN_NIVAR_2020,SAR_ONLY,PASS,none
TN_NIVAR_2020_069497,TN_NIVAR_2020,SAR_ONLY,PASS,none
TN_NIVAR_2020_085405,TN_NIVAR_2020,SAR_ONLY,PASS,none
TN_NIVAR_2020_096333,TN_NIVAR_2020,SAR_ONLY,PASS,none
TN_NIVAR_2020_000008,TN_NIVAR_2020,MULTIMODAL,FAIL,non_finite_values_in_sar_pre;non_finite_values_in_sar_post
TN_NIVAR_2020_000302,TN_NIVAR_2020,MULTIMODAL,PASS,none
TN_NIVAR_2020_009166,TN_NIVAR_2020,MULTIMODAL,PASS,none
TN_NIVAR_2020_016995,TN_NIVAR_2020,MULTIMODAL,PASS,none
TN_NIVAR_2020_029836,TN_NIVAR_2020,MULTIMODAL,PASS,none
TN_NIVAR_2020_029897,TN_NIVAR_2020,MULTIMODAL,PASS,none
TN_NIVAR_2020_048061,TN_NIVAR_2020,SAR_ONLY,PASS,none
TN_NIVAR_2020_069542,TN_NIVAR_2020,SAR_ONLY,PASS,none
TN_NIVAR_2020_085408,TN_NIVAR_2020,SAR_ONLY,PASS,none
TN_NIVAR_2020_096326,TN_NIVAR_2020,SAR_ONLY,PASS,none
TN_NIVAR_2020_000720,TN_NIVAR_2020,MULTIMODAL,PASS,none
TN_NIVAR_2020_000722,TN_NIVAR_2020,MULTIMODAL,PASS,none
TN_NIVAR_2020_009983,TN_NIVAR_2020,MULTIMODAL,PASS,none
TN_NIVAR_2020_017767,TN_NIVAR_2020,MULTIMODAL,PASS,none
TN_NIVAR_2020_030750,TN_NIVAR_2020,MULTIMODAL,PASS,none
TN_NIVAR_2020_031555,TN_NIVAR_2020,MULTIMODAL,PASS,none
TN_NIVAR_2020_051820,TN_NIVAR_2020,SAR_ONLY,PASS,none
TN_NIVAR_2020_071861,TN_NIVAR_2020,SAR_ONLY,PASS,none
TN_NIVAR_2020_086364,TN_NIVAR_2020,SAR_ONLY,PASS,none
TN_NIVAR_2020_097197,TN_NIVAR_2020,SAR_ONLY,PASS,none
TN_NIVAR_2020_000787,TN_NIVAR_2020,MULTIMODAL,PASS,none
TN_NIVAR_2020_002070,TN_NIVAR_2020,MULTIMODAL,PASS,none
TN_NIVAR_2020_010807,TN_NIVAR_2020,MULTIMODAL,PASS,none
TN_NIVAR_2020_017769,TN_NIVAR_2020,MULTIMODAL,PASS,none
TN_NIVAR_2020_030764,TN_NIVAR_2020,MULTIMODAL,PASS,none
TN_NIVAR_2020_035889,TN_NIVAR_2020,MULTIMODAL,PASS,none
TN_NIVAR_2020_051792,TN_NIVAR_2020,SAR_ONLY,PASS,none
TN_NIVAR_2020_071991,TN_NIVAR_2020,SAR_ONLY,PASS,none
TN_NIVAR_2020_086375,TN_NIVAR_2020,SAR_ONLY,PASS,none
TN_NIVAR_2020_097208,TN_NIVAR_2020,SAR_ONLY,PASS,none
TN_NIVAR_2020_002053,TN_NIVAR_2020,MULTIMODAL,PASS,none
TN_NIVAR_2020_002069,TN_NIVAR_2020,MULTIMODAL,PASS,none
TN_NIVAR_2020_011011,TN_NIVAR_2020,MULTIMODAL,PASS,none
TN_NIVAR_2020_018445,TN_NIVAR_2020,MULTIMODAL,PASS,none
TN_NIVAR_2020_034158,TN_NIVAR_2020,MULTIMODAL,PASS,none
TN_NIVAR_2020_054597,TN_NIVAR_2020,MULTIMODAL,PASS,none
TN_NIVAR_2020_054616,TN_NIVAR_2020,SAR_ONLY,PASS,none
TN_NIVAR_2020_073709,TN_NIVAR_2020,SAR_ONLY,PASS,none
TN_NIVAR_2020_088260,TN_NIVAR_2020,SAR_ONLY,PASS,none
TN_NIVAR_2020_098629,TN_NIVAR_2020,SAR_ONLY,PASS,none
TN_NIVAR_2020_005131,TN_NIVAR_2020,MULTIMODAL,PASS,none
TN_NIVAR_2020_005147,TN_NIVAR_2020,MULTIMODAL,PASS,none
TN_NIVAR_2020_011955,TN_NIVAR_2020,MULTIMODAL,PASS,none
TN_NIVAR_2020_019978,TN_NIVAR_2020,MULTIMODAL,PASS,none
TN_NIVAR_2020_039118,TN_NIVAR_2020,MULTIMODAL,PASS,none
TN_NIVAR_2020_059525,TN_NIVAR_2020,MULTIMODAL,PASS,none
TN_NIVAR_2020_059545,TN_NIVAR_2020,SAR_ONLY,PASS,none
TN_NIVAR_2020_078645,TN_NIVAR_2020,SAR_ONLY,PASS,none
TN_NIVAR_2020_090642,TN_NIVAR_2020,SAR_ONLY,PASS,none
TN_NIVAR_2020_102764,TN_NIVAR_2020,SAR_ONLY,PASS,none
TN_NIVAR_2020_005146,TN_NIVAR_2020,MULTIMODAL,PASS,none
TN_NIVAR_2020_005155,TN_NIVAR_2020,MULTIMODAL,PASS,none
TN_NIVAR_2020_011968,TN_NIVAR_2020,MULTIMODAL,PASS,none
TN_NIVAR_2020_019977,TN_NIVAR_2020,MULTIMODAL,PASS,none
TN_NIVAR_2020_039123,TN_NIVAR_2020,MULTIMODAL,PASS,none
TN_NIVAR_2020_059530,TN_NIVAR_2020,MULTIMODAL,PASS,none
TN_NIVAR_2020_059544,TN_NIVAR_2020,SAR_ONLY,PASS,none
TN_NIVAR_2020_078634,TN_NIVAR_2020,SAR_ONLY,PASS,none
TN_NIVAR_2020_090628,TN_NIVAR_2020,SAR_ONLY,PASS,none
TN_NIVAR_2020_102766,TN_NIVAR_2020,SAR_ONLY,PASS,none
TN_NIVAR_2020_024902,TN_NIVAR_2020,MULTIMODAL,PASS,none
TN_NIVAR_2020_024903,TN_NIVAR_2020,MULTIMODAL,PASS,none
TN_NIVAR_2020_044068,TN_NIVAR_2020,MULTIMODAL,PASS,none
TN_NIVAR_2020_064451,TN_NIVAR_2020,MULTIMODAL,PASS,none
TN_NIVAR_2020_064463,TN_NIVAR_2020,SAR_ONLY,PASS,none
TN_NIVAR_2020_083309,TN_NIVAR_2020,SAR_ONLY,PASS,none
TN_NIVAR_2020_091821,TN_NIVAR_2020,SAR_ONLY,PASS,none
TN_NIVAR_2020_104127,TN_NIVAR_2020,SAR_ONLY,PASS,none
TN_NIVAR_2020_045476,TN_NIVAR_2020,MULTIMODAL,PASS,none
TN_NIVAR_2020_064632,TN_NIVAR_2020,MULTIMODAL,PASS,none
TN_NIVAR_2020_064560,TN_NIVAR_2020,SAR_ONLY,PASS,none
TN_NIVAR_2020_084200,TN_NIVAR_2020,SAR_ONLY,PASS,none
TN_NIVAR_2020_091901,TN_NIVAR_2020,SAR_ONLY,PASS,none
TN_NIVAR_2020_104137,TN_NIVAR_2020,SAR_ONLY,PASS,none
TN_NIVAR_2020_085285,TN_NIVAR_2020,SAR_ONLY,PASS,none
TN_NIVAR_2020_107827,TN_NIVAR_2020,SAR_ONLY,PASS,none
TN_NIVAR_2020_000006,TN_NIVAR_2020,MULTIMODAL,FAIL,non_finite_values_in_sar_pre;non_finite_values_in_sar_post
TN_NIVAR_2020_000067,TN_NIVAR_2020,MULTIMODAL,PASS,none
TN_NIVAR_2020_008567,TN_NIVAR_2020,MULTIMODAL,PASS,none
TN_NIVAR_2020_017003,TN_NIVAR_2020,MULTIMODAL,PASS,none
TN_NIVAR_2020_029848,TN_NIVAR_2020,MULTIMODAL,PASS,none
TN_NIVAR_2020_048045,TN_NIVAR_2020,SAR_ONLY,PASS,none
TN_NIVAR_2020_048059,TN_NIVAR_2020,SAR_ONLY,PASS,none
TN_NIVAR_2020_069498,TN_NIVAR_2020,SAR_ONLY,PASS,none
TN_NIVAR_2020_085406,TN_NIVAR_2020,SAR_ONLY,PASS,none
TN_NIVAR_2020_096337,TN_NIVAR_2020,SAR_ONLY,PASS,none
TN_NIVAR_2020_000010,TN_NIVAR_2020,MULTIMODAL,FAIL,non_finite_values_in_sar_pre;non_finite_values_in_sar_post
TN_NIVAR_2020_000369,TN_NIVAR_2020,MULTIMODAL,PASS,none
TN_NIVAR_2020_009461,TN_NIVAR_2020,MULTIMODAL,PASS,none
TN_NIVAR_2020_016996,TN_NIVAR_2020,MULTIMODAL,PASS,none
TN_NIVAR_2020_029838,TN_NIVAR_2020,MULTIMODAL,PASS,none
TN_NIVAR_2020_029921,TN_NIVAR_2020,MULTIMODAL,PASS,none
TN_NIVAR_2020_048069,TN_NIVAR_2020,SAR_ONLY,PASS,none
TN_NIVAR_2020_069558,TN_NIVAR_2020,SAR_ONLY,PASS,none
TN_NIVAR_2020_085411,TN_NIVAR_2020,SAR_ONLY,PASS,none
TN_NIVAR_2020_096328,TN_NIVAR_2020,SAR_ONLY,PASS,none
TN_NIVAR_2020_000721,TN_NIVAR_2020,MULTIMODAL,PASS,none
TN_NIVAR_2020_000726,TN_NIVAR_2020,MULTIMODAL,PASS,none
TN_NIVAR_2020_010034,TN_NIVAR_2020,MULTIMODAL,PASS,none
TN_NIVAR_2020_017770,TN_NIVAR_2020,MULTIMODAL,PASS,none
TN_NIVAR_2020_030751,TN_NIVAR_2020,MULTIMODAL,PASS,none
TN_NIVAR_2020_031711,TN_NIVAR_2020,MULTIMODAL,PASS,none
TN_NIVAR_2020_051831,TN_NIVAR_2020,SAR_ONLY,PASS,none
TN_NIVAR_2020_071897,TN_NIVAR_2020,SAR_ONLY,PASS,none
TN_NIVAR_2020_086370,TN_NIVAR_2020,SAR_ONLY,PASS,none
TN_NIVAR_2020_097199,TN_NIVAR_2020,SAR_ONLY,PASS,none
TN_NIVAR_2020_000802,TN_NIVAR_2020,MULTIMODAL,PASS,none
TN_NIVAR_2020_002074,TN_NIVAR_2020,MULTIMODAL,PASS,none
TN_NIVAR_2020_010843,TN_NIVAR_2020,MULTIMODAL,PASS,none
TN_NIVAR_2020_017774,TN_NIVAR_2020,MULTIMODAL,PASS,none
TN_NIVAR_2020_030770,TN_NIVAR_2020,MULTIMODAL,PASS,none
TN_NIVAR_2020_035928,TN_NIVAR_2020,MULTIMODAL,PASS,none
TN_NIVAR_2020_051802,TN_NIVAR_2020,SAR_ONLY,PASS,none
TN_NIVAR_2020_072039,TN_NIVAR_2020,SAR_ONLY,PASS,none
TN_NIVAR_2020_086378,TN_NIVAR_2020,SAR_ONLY,PASS,none
TN_NIVAR_2020_097215,TN_NIVAR_2020,SAR_ONLY,PASS,none
TN_NIVAR_2020_002054,TN_NIVAR_2020,MULTIMODAL,PASS,none
TN_NIVAR_2020_002071,TN_NIVAR_2020,MULTIMODAL,PASS,none
TN_NIVAR_2020_011087,TN_NIVAR_2020,MULTIMODAL,PASS,none
TN_NIVAR_2020_018446,TN_NIVAR_2020,MULTIMODAL,PASS,none
TN_NIVAR_2020_034160,TN_NIVAR_2020,MULTIMODAL,PASS,none
TN_NIVAR_2020_054599,TN_NIVAR_2020,MULTIMODAL,PASS,none
TN_NIVAR_2020_054624,TN_NIVAR_2020,SAR_ONLY,PASS,none
TN_NIVAR_2020_073736,TN_NIVAR_2020,SAR_ONLY,PASS,none
TN_NIVAR_2020_088261,TN_NIVAR_2020,SAR_ONLY,PASS,none
TN_NIVAR_2020_098632,TN_NIVAR_2020,SAR_ONLY,PASS,none
TN_NIVAR_2020_005132,TN_NIVAR_2020,MULTIMODAL,PASS,none
TN_NIVAR_2020_005152,TN_NIVAR_2020,MULTIMODAL,PASS,none
TN_NIVAR_2020_011965,TN_NIVAR_2020,MULTIMODAL,PASS,none
TN_NIVAR_2020_019982,TN_NIVAR_2020,MULTIMODAL,PASS,none
TN_NIVAR_2020_039119,TN_NIVAR_2020,MULTIMODAL,PASS,none
TN_NIVAR_2020_059527,TN_NIVAR_2020,SAR_ONLY,PASS,none
TN_NIVAR_2020_059559,TN_NIVAR_2020,SAR_ONLY,PASS,none
TN_NIVAR_2020_078647,TN_NIVAR_2020,SAR_ONLY,PASS,none
TN_NIVAR_2020_090653,TN_NIVAR_2020,SAR_ONLY,PASS,none
TN_NIVAR_2020_102769,TN_NIVAR_2020,SAR_ONLY,PASS,none
TN_NIVAR_2020_005163,TN_NIVAR_2020,MULTIMODAL,PASS,none
TN_NIVAR_2020_005158,TN_NIVAR_2020,MULTIMODAL,PASS,none
TN_NIVAR_2020_011971,TN_NIVAR_2020,MULTIMODAL,PASS,none
TN_NIVAR_2020_019979,TN_NIVAR_2020,MULTIMODAL,PASS,none
TN_NIVAR_2020_039126,TN_NIVAR_2020,MULTIMODAL,PASS,none
TN_NIVAR_2020_059536,TN_NIVAR_2020,MULTIMODAL,PASS,none
TN_NIVAR_2020_059562,TN_NIVAR_2020,SAR_ONLY,PASS,none
TN_NIVAR_2020_078636,TN_NIVAR_2020,SAR_ONLY,PASS,none
TN_NIVAR_2020_090629,TN_NIVAR_2020,SAR_ONLY,PASS,none
TN_NIVAR_2020_102767,TN_NIVAR_2020,SAR_ONLY,PASS,none
TN_NIVAR_2020_024916,TN_NIVAR_2020,MULTIMODAL,PASS,none
TN_NIVAR_2020_024907,TN_NIVAR_2020,MULTIMODAL,PASS,none
TN_NIVAR_2020_044071,TN_NIVAR_2020,MULTIMODAL,PASS,none
TN_NIVAR_2020_064454,TN_NIVAR_2020,MULTIMODAL,PASS,none
TN_NIVAR_2020_064470,TN_NIVAR_2020,SAR_ONLY,PASS,none
TN_NIVAR_2020_083320,TN_NIVAR_2020,SAR_ONLY,PASS,none
TN_NIVAR_2020_091823,TN_NIVAR_2020,SAR_ONLY,PASS,none
TN_NIVAR_2020_104130,TN_NIVAR_2020,SAR_ONLY,PASS,none
TN_NIVAR_2020_045692,TN_NIVAR_2020,MULTIMODAL,PASS,none
TN_NIVAR_2020_064719,TN_NIVAR_2020,MULTIMODAL,PASS,none
TN_NIVAR_2020_064637,TN_NIVAR_2020,SAR_ONLY,PASS,none
TN_NIVAR_2020_084387,TN_NIVAR_2020,SAR_ONLY,PASS,none
TN_NIVAR_2020_091915,TN_NIVAR_2020,SAR_ONLY,PASS,none
TN_NIVAR_2020_104141,TN_NIVAR_2020,SAR_ONLY,PASS,none
TN_NIVAR_2020_085304,TN_NIVAR_2020,SAR_ONLY,PASS,none
TN_NIVAR_2020_107853,TN_NIVAR_2020,SAR_ONLY,PASS,none
TN_NIVAR_2020_000007,TN_NIVAR_2020,MULTIMODAL,FAIL,non_finite_values_in_sar_pre;non_finite_values_in_sar_post
TN_NIVAR_2020_000068,TN_NIVAR_2020,MULTIMODAL,PASS,none
TN_NIVAR_2020_008572,TN_NIVAR_2020,MULTIMODAL,PASS,none
TN_NIVAR_2020_017006,TN_NIVAR_2020,MULTIMODAL,PASS,none
TN_NIVAR_2020_029853,TN_NIVAR_2020,MULTIMODAL,PASS,none
TN_NIVAR_2020_048047,TN_NIVAR_2020,SAR_ONLY,PASS,none
TN_NIVAR_2020_048062,TN_NIVAR_2020,SAR_ONLY,PASS,none
TN_NIVAR_2020_069499,TN_NIVAR_2020,SAR_ONLY,PASS,none
TN_NIVAR_2020_085407,TN_NIVAR_2020,SAR_ONLY,PASS,none
TN_NIVAR_2020_096339,TN_NIVAR_2020,SAR_ONLY,PASS,none
TN_NIVAR_2020_000011,TN_NIVAR_2020,MULTIMODAL,FAIL,non_finite_values_in_sar_pre;non_finite_values_in_sar_post
TN_NIVAR_2020_000438,TN_NIVAR_2020,MULTIMODAL,PASS,none
TN_NIVAR_2020_009476,TN_NIVAR_2020,MULTIMODAL,PASS,none
TN_NIVAR_2020_016997,TN_NIVAR_2020,MULTIMODAL,PASS,none
TN_NIVAR_2020_029840,TN_NIVAR_2020,MULTIMODAL,PASS,none
TN_NIVAR_2020_029930,TN_NIVAR_2020,MULTIMODAL,PASS,none
TN_NIVAR_2020_048072,TN_NIVAR_2020,SAR_ONLY,PASS,none
TN_NIVAR_2020_069603,TN_NIVAR_2020,SAR_ONLY,PASS,none
TN_NIVAR_2020_085418,TN_NIVAR_2020,SAR_ONLY,PASS,none
TN_NIVAR_2020_096329,TN_NIVAR_2020,SAR_ONLY,PASS,none
TN_NIVAR_2020_000723,TN_NIVAR_2020,MULTIMODAL,PASS,none
TN_NIVAR_2020_000727,TN_NIVAR_2020,MULTIMODAL,PASS,none
TN_NIVAR_2020_010074,TN_NIVAR_2020,MULTIMODAL,PASS,none
TN_NIVAR_2020_017772,TN_NIVAR_2020,MULTIMODAL,PASS,none
TN_NIVAR_2020_030753,TN_NIVAR_2020,MULTIMODAL,PASS,none
TN_NIVAR_2020_031837,TN_NIVAR_2020,MULTIMODAL,PASS,none
TN_NIVAR_2020_051843,TN_NIVAR_2020,SAR_ONLY,PASS,none
TN_NIVAR_2020_071901,TN_NIVAR_2020,SAR_ONLY,PASS,none
TN_NIVAR_2020_086373,TN_NIVAR_2020,SAR_ONLY,PASS,none
TN_NIVAR_2020_097200,TN_NIVAR_2020,SAR_ONLY,PASS,none
TN_NIVAR_2020_000807,TN_NIVAR_2020,MULTIMODAL,PASS,none
TN_NIVAR_2020_002140,TN_NIVAR_2020,MULTIMODAL,PASS,none
TN_NIVAR_2020_010959,TN_NIVAR_2020,MULTIMODAL,PASS,none
TN_NIVAR_2020_017782,TN_NIVAR_2020,MULTIMODAL,PASS,none
TN_NIVAR_2020_030771,TN_NIVAR_2020,MULTIMODAL,PASS,none
TN_NIVAR_2020_037296,TN_NIVAR_2020,MULTIMODAL,PASS,none
TN_NIVAR_2020_051811,TN_NIVAR_2020,SAR_ONLY,PASS,none
TN_NIVAR_2020_072050,TN_NIVAR_2020,SAR_ONLY,PASS,none
TN_NIVAR_2020_086379,TN_NIVAR_2020,SAR_ONLY,PASS,none
TN_NIVAR_2020_097217,TN_NIVAR_2020,SAR_ONLY,PASS,none
TN_NIVAR_2020_002055,TN_NIVAR_2020,MULTIMODAL,PASS,none
TN_NIVAR_2020_002073,TN_NIVAR_2020,MULTIMODAL,PASS,none
TN_NIVAR_2020_011163,TN_NIVAR_2020,MULTIMODAL,PASS,none
TN_NIVAR_2020_018447,TN_NIVAR_2020,MULTIMODAL,PASS,none
TN_NIVAR_2020_034161,TN_NIVAR_2020,MULTIMODAL,PASS,none
TN_NIVAR_2020_054600,TN_NIVAR_2020,MULTIMODAL,PASS,none
TN_NIVAR_2020_054637,TN_NIVAR_2020,SAR_ONLY,PASS,none
TN_NIVAR_2020_073739,TN_NIVAR_2020,SAR_ONLY,PASS,none
TN_NIVAR_2020_088273,TN_NIVAR_2020,SAR_ONLY,PASS,none
TN_NIVAR_2020_098634,TN_NIVAR_2020,SAR_ONLY,PASS,none
TN_NIVAR_2020_005133,TN_NIVAR_2020,MULTIMODAL,PASS,none
TN_NIVAR_2020_005157,TN_NIVAR_2020,MULTIMODAL,PASS,none
TN_NIVAR_2020_011969,TN_NIVAR_2020,MULTIMODAL,PASS,none
TN_NIVAR_2020_019987,TN_NIVAR_2020,MULTIMODAL,PASS,none
TN_NIVAR_2020_039120,TN_NIVAR_2020,MULTIMODAL,PASS,none
TN_NIVAR_2020_059528,TN_NIVAR_2020,SAR_ONLY,PASS,none
TN_NIVAR_2020_059565,TN_NIVAR_2020,SAR_ONLY,PASS,none
TN_NIVAR_2020_078705,TN_NIVAR_2020,SAR_ONLY,PASS,none
TN_NIVAR_2020_090658,TN_NIVAR_2020,SAR_ONLY,PASS,none
TN_NIVAR_2020_102771,TN_NIVAR_2020,SAR_ONLY,PASS,none
TN_NIVAR_2020_005168,TN_NIVAR_2020,MULTIMODAL,PASS,none
TN_NIVAR_2020_005166,TN_NIVAR_2020,MULTIMODAL,PASS,none
TN_NIVAR_2020_011981,TN_NIVAR_2020,MULTIMODAL,PASS,none
TN_NIVAR_2020_019980,TN_NIVAR_2020,MULTIMODAL,PASS,none
TN_NIVAR_2020_039128,TN_NIVAR_2020,MULTIMODAL,PASS,none
TN_NIVAR_2020_059553,TN_NIVAR_2020,MULTIMODAL,PASS,none
TN_NIVAR_2020_059575,TN_NIVAR_2020,SAR_ONLY,PASS,none
TN_NIVAR_2020_078638,TN_NIVAR_2020,SAR_ONLY,PASS,none
TN_NIVAR_2020_090633,TN_NIVAR_2020,SAR_ONLY,PASS,none
TN_NIVAR_2020_102768,TN_NIVAR_2020,SAR_ONLY,PASS,none
TN_NIVAR_2020_024946,TN_NIVAR_2020,MULTIMODAL,PASS,none
TN_NIVAR_2020_024908,TN_NIVAR_2020,MULTIMODAL,PASS,none
TN_NIVAR_2020_044074,TN_NIVAR_2020,MULTIMODAL,PASS,none
TN_NIVAR_2020_064456,TN_NIVAR_2020,MULTIMODAL,PASS,none
TN_NIVAR_2020_064471,TN_NIVAR_2020,SAR_ONLY,PASS,none
TN_NIVAR_2020_083322,TN_NIVAR_2020,SAR_ONLY,PASS,none
TN_NIVAR_2020_091824,TN_NIVAR_2020,SAR_ONLY,PASS,none
TN_NIVAR_2020_104132,TN_NIVAR_2020,SAR_ONLY,PASS,none
TN_NIVAR_2020_046466,TN_NIVAR_2020,MULTIMODAL,PASS,none
TN_NIVAR_2020_064742,TN_NIVAR_2020,MULTIMODAL,PASS,none
TN_NIVAR_2020_064660,TN_NIVAR_2020,SAR_ONLY,PASS,none
TN_NIVAR_2020_084711,TN_NIVAR_2020,SAR_ONLY,PASS,none
TN_NIVAR_2020_091938,TN_NIVAR_2020,SAR_ONLY,PASS,none
TN_NIVAR_2020_104153,TN_NIVAR_2020,SAR_ONLY,PASS,none
TN_NIVAR_2020_085354,TN_NIVAR_2020,SAR_ONLY,PASS,none
TN_NIVAR_2020_107865,TN_NIVAR_2020,SAR_ONLY,PASS,none
TN_NIVAR_2020_000009,TN_NIVAR_2020,MULTIMODAL,FAIL,non_finite_values_in_sar_pre;non_finite_values_in_sar_post
TN_NIVAR_2020_000072,TN_NIVAR_2020,MULTIMODAL,PASS,none
TN_NIVAR_2020_008573,TN_NIVAR_2020,MULTIMODAL,PASS,none
TN_NIVAR_2020_017013,TN_NIVAR_2020,MULTIMODAL,PASS,none
TN_NIVAR_2020_029863,TN_NIVAR_2020,MULTIMODAL,PASS,none
TN_NIVAR_2020_048050,TN_NIVAR_2020,MULTIMODAL,PASS,none
TN_NIVAR_2020_048064,TN_NIVAR_2020,SAR_ONLY,PASS,none
TN_NIVAR_2020_069500,TN_NIVAR_2020,SAR_ONLY,PASS,none
TN_NIVAR_2020_085409,TN_NIVAR_2020,SAR_ONLY,PASS,none
TN_NIVAR_2020_096340,TN_NIVAR_2020,SAR_ONLY,PASS,none
TN_NIVAR_2020_000014,TN_NIVAR_2020,MULTIMODAL,PASS,none
TN_NIVAR_2020_000535,TN_NIVAR_2020,MULTIMODAL,PASS,none
TN_NIVAR_2020_009562,TN_NIVAR_2020,MULTIMODAL,PASS,none
TN_NIVAR_2020_017002,TN_NIVAR_2020,MULTIMODAL,PASS,none
TN_NIVAR_2020_029841,TN_NIVAR_2020,MULTIMODAL,PASS,none
TN_NIVAR_2020_029940,TN_NIVAR_2020,MULTIMODAL,PASS,none
TN_NIVAR_2020_048075,TN_NIVAR_2020,SAR_ONLY,PASS,none
TN_NIVAR_2020_069663,TN_NIVAR_2020,SAR_ONLY,PASS,none
TN_NIVAR_2020_085420,TN_NIVAR_2020,SAR_ONLY,PASS,none
TN_NIVAR_2020_096330,TN_NIVAR_2020,SAR_ONLY,PASS,none
TN_NIVAR_2020_000724,TN_NIVAR_2020,MULTIMODAL,PASS,none
TN_NIVAR_2020_000729,TN_NIVAR_2020,MULTIMODAL,PASS,none
TN_NIVAR_2020_010240,TN_NIVAR_2020,MULTIMODAL,PASS,none
TN_NIVAR_2020_017773,TN_NIVAR_2020,MULTIMODAL,PASS,none
TN_NIVAR_2020_030754,TN_NIVAR_2020,MULTIMODAL,PASS,none
TN_NIVAR_2020_031945,TN_NIVAR_2020,MULTIMODAL,PASS,none
TN_NIVAR_2020_051853,TN_NIVAR_2020,SAR_ONLY,PASS,none
TN_NIVAR_2020_072005,TN_NIVAR_2020,SAR_ONLY,PASS,none
TN_NIVAR_2020_086376,TN_NIVAR_2020,SAR_ONLY,PASS,none
TN_NIVAR_2020_097204,TN_NIVAR_2020,SAR_ONLY,PASS,none
TN_NIVAR_2020_000823,TN_NIVAR_2020,MULTIMODAL,PASS,none
TN_NIVAR_2020_002146,TN_NIVAR_2020,MULTIMODAL,PASS,none
TN_NIVAR_2020_011009,TN_NIVAR_2020,MULTIMODAL,PASS,none
TN_NIVAR_2020_017785,TN_NIVAR_2020,MULTIMODAL,PASS,none
TN_NIVAR_2020_030772,TN_NIVAR_2020,MULTIMODAL,PASS,none
TN_NIVAR_2020_038914,TN_NIVAR_2020,MULTIMODAL,PASS,none
TN_NIVAR_2020_051823,TN_NIVAR_2020,SAR_ONLY,PASS,none
TN_NIVAR_2020_072101,TN_NIVAR_2020,SAR_ONLY,PASS,none
TN_NIVAR_2020_086381,TN_NIVAR_2020,SAR_ONLY,PASS,none
TN_NIVAR_2020_097234,TN_NIVAR_2020,SAR_ONLY,PASS,none
TN_NIVAR_2020_002058,TN_NIVAR_2020,MULTIMODAL,PASS,none
TN_NIVAR_2020_002082,TN_NIVAR_2020,MULTIMODAL,PASS,none
TN_NIVAR_2020_011225,TN_NIVAR_2020,MULTIMODAL,PASS,none
TN_NIVAR_2020_018448,TN_NIVAR_2020,MULTIMODAL,PASS,none
TN_NIVAR_2020_034162,TN_NIVAR_2020,MULTIMODAL,PASS,none
TN_NIVAR_2020_054601,TN_NIVAR_2020,MULTIMODAL,PASS,none
TN_NIVAR_2020_054641,TN_NIVAR_2020,SAR_ONLY,PASS,none
TN_NIVAR_2020_073760,TN_NIVAR_2020,SAR_ONLY,PASS,none
TN_NIVAR_2020_088275,TN_NIVAR_2020,SAR_ONLY,PASS,none
TN_NIVAR_2020_098636,TN_NIVAR_2020,SAR_ONLY,PASS,none
TN_NIVAR_2020_005138,TN_NIVAR_2020,MULTIMODAL,PASS,none
TN_NIVAR_2020_005175,TN_NIVAR_2020,MULTIMODAL,PASS,none
TN_NIVAR_2020_011972,TN_NIVAR_2020,MULTIMODAL,PASS,none
TN_NIVAR_2020_019989,TN_NIVAR_2020,MULTIMODAL,PASS,none
TN_NIVAR_2020_039124,TN_NIVAR_2020,MULTIMODAL,PASS,none
TN_NIVAR_2020_059529,TN_NIVAR_2020,SAR_ONLY,PASS,none
TN_NIVAR_2020_059574,TN_NIVAR_2020,SAR_ONLY,PASS,none
TN_NIVAR_2020_078706,TN_NIVAR_2020,SAR_ONLY,PASS,none
TN_NIVAR_2020_090662,TN_NIVAR_2020,SAR_ONLY,PASS,none
TN_NIVAR_2020_102772,TN_NIVAR_2020,SAR_ONLY,PASS,none
TN_NIVAR_2020_005171,TN_NIVAR_2020,MULTIMODAL,PASS,none
TN_NIVAR_2020_005177,TN_NIVAR_2020,MULTIMODAL,PASS,none
TN_NIVAR_2020_011984,TN_NIVAR_2020,MULTIMODAL,PASS,none
TN_NIVAR_2020_019981,TN_NIVAR_2020,MULTIMODAL,PASS,none
TN_NIVAR_2020_039131,TN_NIVAR_2020,MULTIMODAL,PASS,none
TN_NIVAR_2020_059557,TN_NIVAR_2020,SAR_ONLY,PASS,none
TN_NIVAR_2020_059578,TN_NIVAR_2020,SAR_ONLY,PASS,none
TN_NIVAR_2020_078648,TN_NIVAR_2020,SAR_ONLY,PASS,none
TN_NIVAR_2020_090636,TN_NIVAR_2020,SAR_ONLY,PASS,none
TN_NIVAR_2020_102770,TN_NIVAR_2020,SAR_ONLY,PASS,none
TN_NIVAR_2020_024947,TN_NIVAR_2020,MULTIMODAL,PASS,none
TN_NIVAR_2020_024915,TN_NIVAR_2020,MULTIMODAL,PASS,none
TN_NIVAR_2020_044075,TN_NIVAR_2020,MULTIMODAL,PASS,none
TN_NIVAR_2020_064459,TN_NIVAR_2020,MULTIMODAL,PASS,none
TN_NIVAR_2020_064481,TN_NIVAR_2020,SAR_ONLY,PASS,none
TN_NIVAR_2020_083323,TN_NIVAR_2020,SAR_ONLY,PASS,none
TN_NIVAR_2020_091826,TN_NIVAR_2020,SAR_ONLY,PASS,none
TN_NIVAR_2020_104133,TN_NIVAR_2020,SAR_ONLY,PASS,none
TN_NIVAR_2020_047117,TN_NIVAR_2020,MULTIMODAL,PASS,none
TN_NIVAR_2020_064812,TN_NIVAR_2020,MULTIMODAL,PASS,none
TN_NIVAR_2020_064670,TN_NIVAR_2020,SAR_ONLY,PASS,none
TN_NIVAR_2020_084846,TN_NIVAR_2020,SAR_ONLY,PASS,none
TN_NIVAR_2020_091970,TN_NIVAR_2020,SAR_ONLY,PASS,none
TN_NIVAR_2020_104156,TN_NIVAR_2020,SAR_ONLY,PASS,none
TN_NIVAR_2020_085393,TN_NIVAR_2020,SAR_ONLY,PASS,none
TN_NIVAR_2020_107876,TN_NIVAR_2020,SAR_ONLY,PASS,none
TN_NIVAR_2020_000012,TN_NIVAR_2020,MULTIMODAL,PASS,none
TN_NIVAR_2020_000077,TN_NIVAR_2020,MULTIMODAL,PASS,none
TN_NIVAR_2020_008579,TN_NIVAR_2020,MULTIMODAL,PASS,none
TN_NIVAR_2020_017017,TN_NIVAR_2020,MULTIMODAL,PASS,none
TN_NIVAR_2020_029875,TN_NIVAR_2020,MULTIMODAL,PASS,none
TN_NIVAR_2020_048052,TN_NIVAR_2020,SAR_ONLY,PASS,none
TN_NIVAR_2020_048065,TN_NIVAR_2020,SAR_ONLY,PASS,none
TN_NIVAR_2020_069501,TN_NIVAR_2020,SAR_ONLY,PASS,none
TN_NIVAR_2020_085410,TN_NIVAR_2020,SAR_ONLY,PASS,none
TN_NIVAR_2020_096341,TN_NIVAR_2020,SAR_ONLY,PASS,none
TN_NIVAR_2020_000015,TN_NIVAR_2020,MULTIMODAL,PASS,none
TN_NIVAR_2020_000573,TN_NIVAR_2020,MULTIMODAL,PASS,none
TN_NIVAR_2020_009591,TN_NIVAR_2020,MULTIMODAL,PASS,none
TN_NIVAR_2020_017004,TN_NIVAR_2020,MULTIMODAL,PASS,none
TN_NIVAR_2020_029842,TN_NIVAR_2020,MULTIMODAL,PASS,none
TN_NIVAR_2020_029943,TN_NIVAR_2020,MULTIMODAL,PASS,none
TN_NIVAR_2020_048083,TN_NIVAR_2020,SAR_ONLY,PASS,none
TN_NIVAR_2020_069694,TN_NIVAR_2020,SAR_ONLY,PASS,none
TN_NIVAR_2020_085421,TN_NIVAR_2020,SAR_ONLY,PASS,none
TN_NIVAR_2020_096331,TN_NIVAR_2020,SAR_ONLY,PASS,none
TN_NIVAR_2020_000725,TN_NIVAR_2020,MULTIMODAL,PASS,none
TN_NIVAR_2020_000731,TN_NIVAR_2020,MULTIMODAL,PASS,none
TN_NIVAR_2020_010284,TN_NIVAR_2020,MULTIMODAL,PASS,none
TN_NIVAR_2020_017777,TN_NIVAR_2020,MULTIMODAL,PASS,none
TN_NIVAR_2020_030757,TN_NIVAR_2020,MULTIMODAL,PASS,none
TN_NIVAR_2020_031960,TN_NIVAR_2020,MULTIMODAL,PASS,none
TN_NIVAR_2020_051857,TN_NIVAR_2020,SAR_ONLY,PASS,none
TN_NIVAR_2020_072028,TN_NIVAR_2020,SAR_ONLY,PASS,none
TN_NIVAR_2020_086377,TN_NIVAR_2020,SAR_ONLY,PASS,none
TN_NIVAR_2020_097206,TN_NIVAR_2020,SAR_ONLY,PASS,none
TN_NIVAR_2020_000827,TN_NIVAR_2020,MULTIMODAL,PASS,none
TN_NIVAR_2020_002160,TN_NIVAR_2020,MULTIMODAL,PASS,none
TN_NIVAR_2020_011074,TN_NIVAR_2020,MULTIMODAL,PASS,none
TN_NIVAR_2020_017794,TN_NIVAR_2020,MULTIMODAL,PASS,none
TN_NIVAR_2020_030777,TN_NIVAR_2020,MULTIMODAL,PASS,none
TN_NIVAR_2020_051787,TN_NIVAR_2020,MULTIMODAL,PASS,none
TN_NIVAR_2020_051835,TN_NIVAR_2020,SAR_ONLY,PASS,none
TN_NIVAR_2020_072151,TN_NIVAR_2020,SAR_ONLY,PASS,none
TN_NIVAR_2020_086382,TN_NIVAR_2020,SAR_ONLY,PASS,none
TN_NIVAR_2020_097242,TN_NIVAR_2020,SAR_ONLY,PASS,none
TN_NIVAR_2020_002059,TN_NIVAR_2020,MULTIMODAL,PASS,none
TN_NIVAR_2020_002092,TN_NIVAR_2020,MULTIMODAL,PASS,none
TN_NIVAR_2020_011269,TN_NIVAR_2020,MULTIMODAL,PASS,none
TN_NIVAR_2020_018451,TN_NIVAR_2020,MULTIMODAL,PASS,none
TN_NIVAR_2020_034163,TN_NIVAR_2020,MULTIMODAL,PASS,none
TN_NIVAR_2020_054602,TN_NIVAR_2020,MULTIMODAL,PASS,none
TN_NIVAR_2020_054652,TN_NIVAR_2020,SAR_ONLY,PASS,none
TN_NIVAR_2020_073777,TN_NIVAR_2020,SAR_ONLY,PASS,none
TN_NIVAR_2020_088281,TN_NIVAR_2020,SAR_ONLY,PASS,none
TN_NIVAR_2020_098639,TN_NIVAR_2020,SAR_ONLY,PASS,none
TN_NIVAR_2020_005139,TN_NIVAR_2020,MULTIMODAL,PASS,none
TN_NIVAR_2020_005198,TN_NIVAR_2020,MULTIMODAL,PASS,none
TN_NIVAR_2020_011980,TN_NIVAR_2020,MULTIMODAL,PASS,none
TN_NIVAR_2020_020013,TN_NIVAR_2020,MULTIMODAL,PASS,none
TN_NIVAR_2020_039129,TN_NIVAR_2020,MULTIMODAL,PASS,none
TN_NIVAR_2020_059531,TN_NIVAR_2020,MULTIMODAL,PASS,none
TN_NIVAR_2020_059584,TN_NIVAR_2020,SAR_ONLY,PASS,none
TN_NIVAR_2020_078724,TN_NIVAR_2020,SAR_ONLY,PASS,none
TN_NIVAR_2020_090674,TN_NIVAR_2020,SAR_ONLY,PASS,none
TN_NIVAR_2020_102773,TN_NIVAR_2020,SAR_ONLY,PASS,none
TN_NIVAR_2020_005174,TN_NIVAR_2020,MULTIMODAL,PASS,none
TN_NIVAR_2020_005181,TN_NIVAR_2020,MULTIMODAL,PASS,none
TN_NIVAR_2020_011986,TN_NIVAR_2020,MULTIMODAL,PASS,none
TN_NIVAR_2020_019983,TN_NIVAR_2020,MULTIMODAL,PASS,none
TN_NIVAR_2020_039132,TN_NIVAR_2020,MULTIMODAL,PASS,none
TN_NIVAR_2020_059561,TN_NIVAR_2020,MULTIMODAL,PASS,none
TN_NIVAR_2020_059580,TN_NIVAR_2020,SAR_ONLY,PASS,none
TN_NIVAR_2020_078658,TN_NIVAR_2020,SAR_ONLY,PASS,none
TN_NIVAR_2020_090643,TN_NIVAR_2020,SAR_ONLY,PASS,none
TN_NIVAR_2020_102815,TN_NIVAR_2020,SAR_ONLY,PASS,none
TN_NIVAR_2020_024949,TN_NIVAR_2020,MULTIMODAL,PASS,none
TN_NIVAR_2020_024919,TN_NIVAR_2020,MULTIMODAL,PASS,none
TN_NIVAR_2020_044079,TN_NIVAR_2020,MULTIMODAL,PASS,none
TN_NIVAR_2020_064466,TN_NIVAR_2020,MULTIMODAL,PASS,none
TN_NIVAR_2020_064485,TN_NIVAR_2020,SAR_ONLY,PASS,none
TN_NIVAR_2020_083327,TN_NIVAR_2020,SAR_ONLY,PASS,none
TN_NIVAR_2020_091828,TN_NIVAR_2020,SAR_ONLY,PASS,none
TN_NIVAR_2020_104134,TN_NIVAR_2020,SAR_ONLY,PASS,none
TN_NIVAR_2020_047248,TN_NIVAR_2020,MULTIMODAL,PASS,none
TN_NIVAR_2020_064850,TN_NIVAR_2020,MULTIMODAL,PASS,none
TN_NIVAR_2020_064846,TN_NIVAR_2020,SAR_ONLY,PASS,none
TN_NIVAR_2020_085027,TN_NIVAR_2020,SAR_ONLY,PASS,none
TN_NIVAR_2020_091996,TN_NIVAR_2020,SAR_ONLY,PASS,none
TN_NIVAR_2020_104161,TN_NIVAR_2020,SAR_ONLY,PASS,none
TN_NIVAR_2020_085394,TN_NIVAR_2020,SAR_ONLY,PASS,none
TN_NIVAR_2020_107879,TN_NIVAR_2020,SAR_ONLY,PASS,none
TN_NIVAR_2020_000013,TN_NIVAR_2020,MULTIMODAL,FAIL,non_finite_values_in_sar_pre;non_finite_values_in_sar_post
TN_NIVAR_2020_000085,TN_NIVAR_2020,MULTIMODAL,PASS,none
TN_NIVAR_2020_008584,TN_NIVAR_2020,MULTIMODAL,PASS,none
TN_NIVAR_2020_017018,TN_NIVAR_2020,MULTIMODAL,PASS,none
TN_NIVAR_2020_029877,TN_NIVAR_2020,MULTIMODAL,PASS,none
TN_NIVAR_2020_048053,TN_NIVAR_2020,SAR_ONLY,PASS,none
TN_NIVAR_2020_048074,TN_NIVAR_2020,SAR_ONLY,PASS,none
TN_NIVAR_2020_069503,TN_NIVAR_2020,SAR_ONLY,PASS,none
TN_NIVAR_2020_085412,TN_NIVAR_2020,SAR_ONLY,PASS,none
TN_NIVAR_2020_096343,TN_NIVAR_2020,SAR_ONLY,PASS,none
TN_NIVAR_2020_000017,TN_NIVAR_2020,MULTIMODAL,PASS,none
TN_NIVAR_2020_000732,TN_NIVAR_2020,MULTIMODAL,PASS,none
TN_NIVAR_2020_010094,TN_NIVAR_2020,MULTIMODAL,PASS,none
TN_NIVAR_2020_017005,TN_NIVAR_2020,MULTIMODAL,PASS,none
TN_NIVAR_2020_029843,TN_NIVAR_2020,MULTIMODAL,PASS,none
TN_NIVAR_2020_029997,TN_NIVAR_2020,MULTIMODAL,PASS,none
TN_NIVAR_2020_048091,TN_NIVAR_2020,SAR_ONLY,PASS,none
TN_NIVAR_2020_069697,TN_NIVAR_2020,SAR_ONLY,PASS,none
TN_NIVAR_2020_085422,TN_NIVAR_2020,SAR_ONLY,PASS,none
TN_NIVAR_2020_096334,TN_NIVAR_2020,SAR_ONLY,PASS,none
TN_NIVAR_2020_000728,TN_NIVAR_2020,MULTIMODAL,PASS,none
TN_NIVAR_2020_000733,TN_NIVAR_2020,MULTIMODAL,PASS,none
TN_NIVAR_2020_010406,TN_NIVAR_2020,MULTIMODAL,PASS,none
TN_NIVAR_2020_017784,TN_NIVAR_2020,MULTIMODAL,PASS,none
TN_NIVAR_2020_030758,TN_NIVAR_2020,MULTIMODAL,PASS,none
TN_NIVAR_2020_032367,TN_NIVAR_2020,MULTIMODAL,PASS,none
TN_NIVAR_2020_051862,TN_NIVAR_2020,SAR_ONLY,PASS,none
TN_NIVAR_2020_072075,TN_NIVAR_2020,SAR_ONLY,PASS,none
TN_NIVAR_2020_086385,TN_NIVAR_2020,SAR_ONLY,PASS,none
TN_NIVAR_2020_097207,TN_NIVAR_2020,SAR_ONLY,PASS,none
TN_NIVAR_2020_000830,TN_NIVAR_2020,MULTIMODAL,PASS,none
TN_NIVAR_2020_002176,TN_NIVAR_2020,MULTIMODAL,PASS,none
TN_NIVAR_2020_011076,TN_NIVAR_2020,MULTIMODAL,PASS,none
TN_NIVAR_2020_017805,TN_NIVAR_2020,MULTIMODAL,PASS,none
TN_NIVAR_2020_030778,TN_NIVAR_2020,MULTIMODAL,PASS,none
TN_NIVAR_2020_051813,TN_NIVAR_2020,MULTIMODAL,PASS,none
TN_NIVAR_2020_051858,TN_NIVAR_2020,SAR_ONLY,PASS,none
TN_NIVAR_2020_072338,TN_NIVAR_2020,SAR_ONLY,PASS,none
TN_NIVAR_2020_086383,TN_NIVAR_2020,SAR_ONLY,PASS,none
TN_NIVAR_2020_097243,TN_NIVAR_2020,SAR_ONLY,PASS,none
TN_NIVAR_2020_002060,TN_NIVAR_2020,MULTIMODAL,PASS,none
TN_NIVAR_2020_002096,TN_NIVAR_2020,MULTIMODAL,PASS,none
TN_NIVAR_2020_011408,TN_NIVAR_2020,MULTIMODAL,PASS,none
TN_NIVAR_2020_018452,TN_NIVAR_2020,MULTIMODAL,PASS,none
TN_NIVAR_2020_034165,TN_NIVAR_2020,MULTIMODAL,PASS,none
TN_NIVAR_2020_054604,TN_NIVAR_2020,MULTIMODAL,PASS,none
TN_NIVAR_2020_054670,TN_NIVAR_2020,SAR_ONLY,PASS,none
TN_NIVAR_2020_073795,TN_NIVAR_2020,SAR_ONLY,PASS,none
TN_NIVAR_2020_088282,TN_NIVAR_2020,SAR_ONLY,PASS,none
TN_NIVAR_2020_098647,TN_NIVAR_2020,SAR_ONLY,PASS,none
TN_NIVAR_2020_005141,TN_NIVAR_2020,MULTIMODAL,PASS,none
TN_NIVAR_2020_005202,TN_NIVAR_2020,MULTIMODAL,PASS,none
TN_NIVAR_2020_011982,TN_NIVAR_2020,MULTIMODAL,PASS,none
TN_NIVAR_2020_020018,TN_NIVAR_2020,MULTIMODAL,PASS,none
TN_NIVAR_2020_039134,TN_NIVAR_2020,MULTIMODAL,PASS,none
TN_NIVAR_2020_059533,TN_NIVAR_2020,SAR_ONLY,PASS,none
TN_NIVAR_2020_059586,TN_NIVAR_2020,SAR_ONLY,PASS,none
TN_NIVAR_2020_078727,TN_NIVAR_2020,SAR_ONLY,PASS,none
TN_NIVAR_2020_090683,TN_NIVAR_2020,SAR_ONLY,PASS,none
TN_NIVAR_2020_102774,TN_NIVAR_2020,SAR_ONLY,PASS,none
TN_NIVAR_2020_005178,TN_NIVAR_2020,MULTIMODAL,PASS,none
TN_NIVAR_2020_005208,TN_NIVAR_2020,MULTIMODAL,PASS,none
TN_NIVAR_2020_011988,TN_NIVAR_2020,MULTIMODAL,PASS,none
TN_NIVAR_2020_019984,TN_NIVAR_2020,MULTIMODAL,PASS,none
TN_NIVAR_2020_039135,TN_NIVAR_2020,MULTIMODAL,PASS,none
TN_NIVAR_2020_059566,TN_NIVAR_2020,MULTIMODAL,PASS,none
TN_NIVAR_2020_059605,TN_NIVAR_2020,SAR_ONLY,PASS,none
TN_NIVAR_2020_078660,TN_NIVAR_2020,SAR_ONLY,PASS,none
TN_NIVAR_2020_090646,TN_NIVAR_2020,SAR_ONLY,PASS,none
TN_NIVAR_2020_102816,TN_NIVAR_2020,SAR_ONLY,PASS,none
TN_NIVAR_2020_024958,TN_NIVAR_2020,MULTIMODAL,PASS,none
TN_NIVAR_2020_024923,TN_NIVAR_2020,MULTIMODAL,PASS,none
TN_NIVAR_2020_044080,TN_NIVAR_2020,MULTIMODAL,PASS,none
TN_NIVAR_2020_064469,TN_NIVAR_2020,MULTIMODAL,PASS,none
TN_NIVAR_2020_064511,TN_NIVAR_2020,SAR_ONLY,PASS,none
TN_NIVAR_2020_083328,TN_NIVAR_2020,SAR_ONLY,PASS,none
TN_NIVAR_2020_091829,TN_NIVAR_2020,SAR_ONLY,PASS,none
TN_NIVAR_2020_104135,TN_NIVAR_2020,SAR_ONLY,PASS,none
TN_NIVAR_2020_047567,TN_NIVAR_2020,MULTIMODAL,PASS,none
TN_NIVAR_2020_064977,TN_NIVAR_2020,MULTIMODAL,PASS,none
TN_NIVAR_2020_064868,TN_NIVAR_2020,SAR_ONLY,PASS,none
TN_NIVAR_2020_085028,TN_NIVAR_2020,SAR_ONLY,PASS,none
TN_NIVAR_2020_091998,TN_NIVAR_2020,SAR_ONLY,PASS,none
TN_NIVAR_2020_104183,TN_NIVAR_2020,SAR_ONLY,PASS,none
TN_NIVAR_2020_085396,TN_NIVAR_2020,SAR_ONLY,PASS,none
TN_NIVAR_2020_107880,TN_NIVAR_2020,SAR_ONLY,PASS,none
TN_NIVAR_2020_000016,TN_NIVAR_2020,MULTIMODAL,FAIL,non_finite_values_in_sar_pre;non_finite_values_in_sar_post
TN_NIVAR_2020_000089,TN_NIVAR_2020,MULTIMODAL,PASS,none
TN_NIVAR_2020_008591,TN_NIVAR_2020,MULTIMODAL,PASS,none
TN_NIVAR_2020_017021,TN_NIVAR_2020,MULTIMODAL,PASS,none
TN_NIVAR_2020_029905,TN_NIVAR_2020,MULTIMODAL,PASS,none
TN_NIVAR_2020_048054,TN_NIVAR_2020,MULTIMODAL,PASS,none
TN_NIVAR_2020_048076,TN_NIVAR_2020,SAR_ONLY,PASS,none
TN_NIVAR_2020_069504,TN_NIVAR_2020,SAR_ONLY,PASS,none
TN_NIVAR_2020_085413,TN_NIVAR_2020,SAR_ONLY,PASS,none
TN_NIVAR_2020_096344,TN_NIVAR_2020,SAR_ONLY,PASS,none
TN_NIVAR_2020_000018,TN_NIVAR_2020,MULTIMODAL,FAIL,non_finite_values_in_sar_pre;non_finite_values_in_sar_post
TN_NIVAR_2020_000786,TN_NIVAR_2020,MULTIMODAL,PASS,none
TN_NIVAR_2020_010213,TN_NIVAR_2020,MULTIMODAL,PASS,none
TN_NIVAR_2020_017007,TN_NIVAR_2020,MULTIMODAL,PASS,none
TN_NIVAR_2020_029844,TN_NIVAR_2020,MULTIMODAL,PASS,none
TN_NIVAR_2020_030032,TN_NIVAR_2020,MULTIMODAL,PASS,none
TN_NIVAR_2020_048129,TN_NIVAR_2020,SAR_ONLY,PASS,none
TN_NIVAR_2020_069709,TN_NIVAR_2020,SAR_ONLY,PASS,none
TN_NIVAR_2020_085426,TN_NIVAR_2020,SAR_ONLY,PASS,none
TN_NIVAR_2020_096335,TN_NIVAR_2020,SAR_ONLY,PASS,none
TN_NIVAR_2020_000730,TN_NIVAR_2020,MULTIMODAL,PASS,none
TN_NIVAR_2020_000735,TN_NIVAR_2020,MULTIMODAL,PASS,none
TN_NIVAR_2020_010495,TN_NIVAR_2020,MULTIMODAL,PASS,none
TN_NIVAR_2020_017789,TN_NIVAR_2020,MULTIMODAL,PASS,none
TN_NIVAR_2020_030759,TN_NIVAR_2020,MULTIMODAL,PASS,none
TN_NIVAR_2020_032578,TN_NIVAR_2020,MULTIMODAL,PASS,none
TN_NIVAR_2020_051863,TN_NIVAR_2020,SAR_ONLY,PASS,none
TN_NIVAR_2020_072128,TN_NIVAR_2020,SAR_ONLY,PASS,none
TN_NIVAR_2020_086392,TN_NIVAR_2020,SAR_ONLY,PASS,none
TN_NIVAR_2020_097211,TN_NIVAR_2020,SAR_ONLY,PASS,none
TN_NIVAR_2020_000835,TN_NIVAR_2020,MULTIMODAL,PASS,none
TN_NIVAR_2020_002181,TN_NIVAR_2020,MULTIMODAL,PASS,none
TN_NIVAR_2020_011146,TN_NIVAR_2020,MULTIMODAL,PASS,none
TN_NIVAR_2020_017813,TN_NIVAR_2020,MULTIMODAL,PASS,none
TN_NIVAR_2020_030779,TN_NIVAR_2020,MULTIMODAL,PASS,none
TN_NIVAR_2020_051815,TN_NIVAR_2020,MULTIMODAL,PASS,none
TN_NIVAR_2020_051859,TN_NIVAR_2020,SAR_ONLY,PASS,none
TN_NIVAR_2020_072351,TN_NIVAR_2020,SAR_ONLY,PASS,none
TN_NIVAR_2020_086387,TN_NIVAR_2020,SAR_ONLY,PASS,none
TN_NIVAR_2020_097252,TN_NIVAR_2020,SAR_ONLY,PASS,none
TN_NIVAR_2020_002062,TN_NIVAR_2020,MULTIMODAL,PASS,none
TN_NIVAR_2020_002098,TN_NIVAR_2020,MULTIMODAL,PASS,none
TN_NIVAR_2020_011484,TN_NIVAR_2020,MULTIMODAL,PASS,none
TN_NIVAR_2020_018454,TN_NIVAR_2020,MULTIMODAL,PASS,none
TN_NIVAR_2020_034166,TN_NIVAR_2020,MULTIMODAL,PASS,none
TN_NIVAR_2020_054607,TN_NIVAR_2020,MULTIMODAL,PASS,none
TN_NIVAR_2020_054684,TN_NIVAR_2020,SAR_ONLY,PASS,none
TN_NIVAR_2020_073805,TN_NIVAR_2020,SAR_ONLY,PASS,none
TN_NIVAR_2020_088285,TN_NIVAR_2020,SAR_ONLY,PASS,none
TN_NIVAR_2020_098648,TN_NIVAR_2020,SAR_ONLY,PASS,none
TN_NIVAR_2020_005142,TN_NIVAR_2020,MULTIMODAL,PASS,none
TN_NIVAR_2020_005206,TN_NIVAR_2020,MULTIMODAL,PASS,none
TN_NIVAR_2020_011983,TN_NIVAR_2020,MULTIMODAL,PASS,none
TN_NIVAR_2020_020019,TN_NIVAR_2020,MULTIMODAL,PASS,none
TN_NIVAR_2020_039138,TN_NIVAR_2020,MULTIMODAL,PASS,none
TN_NIVAR_2020_059534,TN_NIVAR_2020,SAR_ONLY,PASS,none
TN_NIVAR_2020_059593,TN_NIVAR_2020,SAR_ONLY,PASS,none
TN_NIVAR_2020_078734,TN_NIVAR_2020,SAR_ONLY,PASS,none
TN_NIVAR_2020_090695,TN_NIVAR_2020,SAR_ONLY,PASS,none
TN_NIVAR_2020_102775,TN_NIVAR_2020,SAR_ONLY,PASS,none
TN_NIVAR_2020_005180,TN_NIVAR_2020,MULTIMODAL,PASS,none
TN_NIVAR_2020_005216,TN_NIVAR_2020,MULTIMODAL,PASS,none
TN_NIVAR_2020_011989,TN_NIVAR_2020,MULTIMODAL,PASS,none
TN_NIVAR_2020_019985,TN_NIVAR_2020,MULTIMODAL,PASS,none
TN_NIVAR_2020_039144,TN_NIVAR_2020,MULTIMODAL,PASS,none
TN_NIVAR_2020_059567,TN_NIVAR_2020,MULTIMODAL,PASS,none
TN_NIVAR_2020_059606,TN_NIVAR_2020,SAR_ONLY,PASS,none
TN_NIVAR_2020_078665,TN_NIVAR_2020,SAR_ONLY,PASS,none
TN_NIVAR_2020_090652,TN_NIVAR_2020,SAR_ONLY,PASS,none
TN_NIVAR_2020_102831,TN_NIVAR_2020,SAR_ONLY,PASS,none
TN_NIVAR_2020_024962,TN_NIVAR_2020,MULTIMODAL,PASS,none
TN_NIVAR_2020_024929,TN_NIVAR_2020,MULTIMODAL,PASS,none
TN_NIVAR_2020_044081,TN_NIVAR_2020,MULTIMODAL,PASS,none
TN_NIVAR_2020_064475,TN_NIVAR_2020,MULTIMODAL,PASS,none
TN_NIVAR_2020_064514,TN_NIVAR_2020,SAR_ONLY,PASS,none
TN_NIVAR_2020_083329,TN_NIVAR_2020,SAR_ONLY,PASS,none
TN_NIVAR_2020_091831,TN_NIVAR_2020,SAR_ONLY,PASS,none
TN_NIVAR_2020_104138,TN_NIVAR_2020,SAR_ONLY,PASS,none
TN_NIVAR_2020_065015,TN_NIVAR_2020,MULTIMODAL,PASS,none
TN_NIVAR_2020_064887,TN_NIVAR_2020,SAR_ONLY,PASS,none
TN_NIVAR_2020_085029,TN_NIVAR_2020,SAR_ONLY,PASS,none
TN_NIVAR_2020_092010,TN_NIVAR_2020,SAR_ONLY,PASS,none
TN_NIVAR_2020_104195,TN_NIVAR_2020,SAR_ONLY,PASS,none
TN_NIVAR_2020_085397,TN_NIVAR_2020,SAR_ONLY,PASS,none
TN_NIVAR_2020_107900,TN_NIVAR_2020,SAR_ONLY,PASS,none
TN_NIVAR_2020_000021,TN_NIVAR_2020,MULTIMODAL,FAIL,non_finite_values_in_sar_pre;non_finite_values_in_sar_post
TN_NIVAR_2020_000096,TN_NIVAR_2020,MULTIMODAL,PASS,none
TN_NIVAR_2020_008592,TN_NIVAR_2020,MULTIMODAL,PASS,none
TN_NIVAR_2020_017026,TN_NIVAR_2020,MULTIMODAL,PASS,none
TN_NIVAR_2020_029933,TN_NIVAR_2020,MULTIMODAL,PASS,none
TN_NIVAR_2020_048055,TN_NIVAR_2020,MULTIMODAL,PASS,none
TN_NIVAR_2020_048080,TN_NIVAR_2020,SAR_ONLY,PASS,none
TN_NIVAR_2020_069505,TN_NIVAR_2020,SAR_ONLY,PASS,none
TN_NIVAR_2020_085415,TN_NIVAR_2020,SAR_ONLY,PASS,none
TN_NIVAR_2020_096345,TN_NIVAR_2020,SAR_ONLY,PASS,none
TN_NIVAR_2020_000019,TN_NIVAR_2020,MULTIMODAL,PASS,none
TN_NIVAR_2020_001693,TN_NIVAR_2020,MULTIMODAL,PASS,none
TN_NIVAR_2020_010231,TN_NIVAR_2020,MULTIMODAL,PASS,none
TN_NIVAR_2020_017008,TN_NIVAR_2020,MULTIMODAL,PASS,none
TN_NIVAR_2020_029845,TN_NIVAR_2020,MULTIMODAL,PASS,none
TN_NIVAR_2020_030058,TN_NIVAR_2020,MULTIMODAL,PASS,none
TN_NIVAR_2020_048133,TN_NIVAR_2020,SAR_ONLY,PASS,none
TN_NIVAR_2020_069736,TN_NIVAR_2020,SAR_ONLY,PASS,none
TN_NIVAR_2020_085427,TN_NIVAR_2020,SAR_ONLY,PASS,none
TN_NIVAR_2020_096336,TN_NIVAR_2020,SAR_ONLY,PASS,none
TN_NIVAR_2020_000734,TN_NIVAR_2020,MULTIMODAL,PASS,none
TN_NIVAR_2020_000737,TN_NIVAR_2020,MULTIMODAL,PASS,none
TN_NIVAR_2020_010627,TN_NIVAR_2020,MULTIMODAL,PASS,none
TN_NIVAR_2020_017792,TN_NIVAR_2020,MULTIMODAL,PASS,none
TN_NIVAR_2020_030761,TN_NIVAR_2020,MULTIMODAL,PASS,none
TN_NIVAR_2020_032953,TN_NIVAR_2020,MULTIMODAL,PASS,none
TN_NIVAR_2020_051886,TN_NIVAR_2020,SAR_ONLY,PASS,none
TN_NIVAR_2020_072139,TN_NIVAR_2020,SAR_ONLY,PASS,none
TN_NIVAR_2020_086395,TN_NIVAR_2020,SAR_ONLY,PASS,none
TN_NIVAR_2020_097214,TN_NIVAR_2020,SAR_ONLY,PASS,none
TN_NIVAR_2020_000849,TN_NIVAR_2020,MULTIMODAL,PASS,none
TN_NIVAR_2020_002215,TN_NIVAR_2020,MULTIMODAL,PASS,none
TN_NIVAR_2020_011162,TN_NIVAR_2020,MULTIMODAL,PASS,none
TN_NIVAR_2020_017822,TN_NIVAR_2020,MULTIMODAL,PASS,none
TN_NIVAR_2020_030780,TN_NIVAR_2020,MULTIMODAL,PASS,none
TN_NIVAR_2020_051816,TN_NIVAR_2020,MULTIMODAL,PASS,none
TN_NIVAR_2020_051884,TN_NIVAR_2020,SAR_ONLY,PASS,none
TN_NIVAR_2020_072352,TN_NIVAR_2020,SAR_ONLY,PASS,none
TN_NIVAR_2020_086388,TN_NIVAR_2020,SAR_ONLY,PASS,none
TN_NIVAR_2020_097259,TN_NIVAR_2020,SAR_ONLY,PASS,none
TN_NIVAR_2020_002064,TN_NIVAR_2020,MULTIMODAL,PASS,none
TN_NIVAR_2020_002105,TN_NIVAR_2020,MULTIMODAL,PASS,none
TN_NIVAR_2020_011491,TN_NIVAR_2020,MULTIMODAL,PASS,none
TN_NIVAR_2020_018455,TN_NIVAR_2020,MULTIMODAL,PASS,none
TN_NIVAR_2020_034167,TN_NIVAR_2020,MULTIMODAL,PASS,none
TN_NIVAR_2020_054610,TN_NIVAR_2020,MULTIMODAL,PASS,none
TN_NIVAR_2020_054685,TN_NIVAR_2020,SAR_ONLY,PASS,none
TN_NIVAR_2020_073893,TN_NIVAR_2020,SAR_ONLY,PASS,none
TN_NIVAR_2020_088288,TN_NIVAR_2020,SAR_ONLY,PASS,none
TN_NIVAR_2020_098650,TN_NIVAR_2020,SAR_ONLY,PASS,none
TN_NIVAR_2020_005144,TN_NIVAR_2020,MULTIMODAL,PASS,none
TN_NIVAR_2020_005212,TN_NIVAR_2020,MULTIMODAL,PASS,none
TN_NIVAR_2020_011987,TN_NIVAR_2020,MULTIMODAL,PASS,none
TN_NIVAR_2020_020020,TN_NIVAR_2020,MULTIMODAL,PASS,none
TN_NIVAR_2020_039141,TN_NIVAR_2020,MULTIMODAL,PASS,none
TN_NIVAR_2020_059537,TN_NIVAR_2020,SAR_ONLY,PASS,none
TN_NIVAR_2020_059596,TN_NIVAR_2020,SAR_ONLY,PASS,none
TN_NIVAR_2020_078739,TN_NIVAR_2020,SAR_ONLY,PASS,none
TN_NIVAR_2020_090709,TN_NIVAR_2020,SAR_ONLY,PASS,none
TN_NIVAR_2020_102776,TN_NIVAR_2020,SAR_ONLY,PASS,none
TN_NIVAR_2020_005187,TN_NIVAR_2020,MULTIMODAL,PASS,none
TN_NIVAR_2020_005221,TN_NIVAR_2020,MULTIMODAL,PASS,none
TN_NIVAR_2020_011993,TN_NIVAR_2020,MULTIMODAL,PASS,none
TN_NIVAR_2020_019993,TN_NIVAR_2020,MULTIMODAL,PASS,none
TN_NIVAR_2020_039146,TN_NIVAR_2020,MULTIMODAL,PASS,none
TN_NIVAR_2020_059597,TN_NIVAR_2020,MULTIMODAL,PASS,none
TN_NIVAR_2020_059612,TN_NIVAR_2020,SAR_ONLY,PASS,none
TN_NIVAR_2020_078674,TN_NIVAR_2020,SAR_ONLY,PASS,none
TN_NIVAR_2020_090661,TN_NIVAR_2020,SAR_ONLY,PASS,none
TN_NIVAR_2020_102832,TN_NIVAR_2020,SAR_ONLY,PASS,none
TN_NIVAR_2020_024977,TN_NIVAR_2020,MULTIMODAL,PASS,none
TN_NIVAR_2020_024933,TN_NIVAR_2020,MULTIMODAL,PASS,none
TN_NIVAR_2020_044084,TN_NIVAR_2020,MULTIMODAL,PASS,none
TN_NIVAR_2020_064477,TN_NIVAR_2020,MULTIMODAL,PASS,none
TN_NIVAR_2020_064515,TN_NIVAR_2020,SAR_ONLY,PASS,none
TN_NIVAR_2020_083333,TN_NIVAR_2020,SAR_ONLY,PASS,none
TN_NIVAR_2020_091833,TN_NIVAR_2020,SAR_ONLY,PASS,none
TN_NIVAR_2020_104139,TN_NIVAR_2020,SAR_ONLY,PASS,none
TN_NIVAR_2020_065072,TN_NIVAR_2020,MULTIMODAL,PASS,none
TN_NIVAR_2020_064944,TN_NIVAR_2020,SAR_ONLY,PASS,none
TN_NIVAR_2020_085030,TN_NIVAR_2020,SAR_ONLY,PASS,none
TN_NIVAR_2020_092018,TN_NIVAR_2020,SAR_ONLY,PASS,none
TN_NIVAR_2020_104201,TN_NIVAR_2020,SAR_ONLY,PASS,none
TN_NIVAR_2020_085399,TN_NIVAR_2020,SAR_ONLY,PASS,none
TN_NIVAR_2020_107915,TN_NIVAR_2020,SAR_ONLY,PASS,none
TN_NIVAR_2020_000026,TN_NIVAR_2020,MULTIMODAL,PASS,none
TN_NIVAR_2020_000103,TN_NIVAR_2020,MULTIMODAL,PASS,none
TN_NIVAR_2020_008593,TN_NIVAR_2020,MULTIMODAL,PASS,none
TN_NIVAR_2020_017029,TN_NIVAR_2020,MULTIMODAL,PASS,none
TN_NIVAR_2020_029966,TN_NIVAR_2020,MULTIMODAL,PASS,none
TN_NIVAR_2020_048058,TN_NIVAR_2020,SAR_ONLY,PASS,none
TN_NIVAR_2020_048081,TN_NIVAR_2020,SAR_ONLY,PASS,none
TN_NIVAR_2020_069506,TN_NIVAR_2020,SAR_ONLY,PASS,none
TN_NIVAR_2020_085416,TN_NIVAR_2020,SAR_ONLY,PASS,none
TN_NIVAR_2020_096347,TN_NIVAR_2020,SAR_ONLY,PASS,none
TN_NIVAR_2020_000020,TN_NIVAR_2020,MULTIMODAL,PASS,none
TN_NIVAR_2020_001759,TN_NIVAR_2020,MULTIMODAL,PASS,none
TN_NIVAR_2020_010250,TN_NIVAR_2020,MULTIMODAL,PASS,none
TN_NIVAR_2020_017009,TN_NIVAR_2020,MULTIMODAL,PASS,none
TN_NIVAR_2020_029846,TN_NIVAR_2020,MULTIMODAL,PASS,none
TN_NIVAR_2020_030059,TN_NIVAR_2020,MULTIMODAL,PASS,none
TN_NIVAR_2020_048186,TN_NIVAR_2020,SAR_ONLY,PASS,none
TN_NIVAR_2020_069745,TN_NIVAR_2020,SAR_ONLY,PASS,none
TN_NIVAR_2020_085429,TN_NIVAR_2020,SAR_ONLY,PASS,none
TN_NIVAR_2020_096338,TN_NIVAR_2020,SAR_ONLY,PASS,none
TN_NIVAR_2020_000736,TN_NIVAR_2020,MULTIMODAL,PASS,none
TN_NIVAR_2020_000740,TN_NIVAR_2020,MULTIMODAL,PASS,none
TN_NIVAR_2020_010671,TN_NIVAR_2020,MULTIMODAL,PASS,none
TN_NIVAR_2020_017793,TN_NIVAR_2020,MULTIMODAL,PASS,none
TN_NIVAR_2020_030762,TN_NIVAR_2020,MULTIMODAL,PASS,none
TN_NIVAR_2020_033107,TN_NIVAR_2020,MULTIMODAL,PASS,none
TN_NIVAR_2020_051892,TN_NIVAR_2020,SAR_ONLY,PASS,none
TN_NIVAR_2020_072158,TN_NIVAR_2020,SAR_ONLY,PASS,none
TN_NIVAR_2020_086406,TN_NIVAR_2020,SAR_ONLY,PASS,none
TN_NIVAR_2020_097219,TN_NIVAR_2020,SAR_ONLY,PASS,none
TN_NIVAR_2020_000852,TN_NIVAR_2020,MULTIMODAL,PASS,none
TN_NIVAR_2020_002223,TN_NIVAR_2020,MULTIMODAL,PASS,none
TN_NIVAR_2020_011314,TN_NIVAR_2020,MULTIMODAL,PASS,none
TN_NIVAR_2020_017839,TN_NIVAR_2020,MULTIMODAL,PASS,none
TN_NIVAR_2020_030782,TN_NIVAR_2020,MULTIMODAL,PASS,none
TN_NIVAR_2020_051818,TN_NIVAR_2020,MULTIMODAL,PASS,none
TN_NIVAR_2020_051899,TN_NIVAR_2020,SAR_ONLY,PASS,none
TN_NIVAR_2020_072374,TN_NIVAR_2020,SAR_ONLY,PASS,none
TN_NIVAR_2020_086389,TN_NIVAR_2020,SAR_ONLY,PASS,none
TN_NIVAR_2020_097261,TN_NIVAR_2020,SAR_ONLY,PASS,none
TN_NIVAR_2020_002066,TN_NIVAR_2020,MULTIMODAL,PASS,none
TN_NIVAR_2020_002113,TN_NIVAR_2020,MULTIMODAL,PASS,none
TN_NIVAR_2020_011518,TN_NIVAR_2020,MULTIMODAL,PASS,none
TN_NIVAR_2020_018456,TN_NIVAR_2020,MULTIMODAL,PASS,none
TN_NIVAR_2020_034169,TN_NIVAR_2020,MULTIMODAL,PASS,none
TN_NIVAR_2020_054611,TN_NIVAR_2020,MULTIMODAL,PASS,none
TN_NIVAR_2020_054694,TN_NIVAR_2020,SAR_ONLY,PASS,none
TN_NIVAR_2020_073915,TN_NIVAR_2020,SAR_ONLY,PASS,none
TN_NIVAR_2020_088289,TN_NIVAR_2020,SAR_ONLY,PASS,none
TN_NIVAR_2020_098659,TN_NIVAR_2020,SAR_ONLY,PASS,none
TN_NIVAR_2020_005148,TN_NIVAR_2020,MULTIMODAL,PASS,none
TN_NIVAR_2020_005219,TN_NIVAR_2020,MULTIMODAL,PASS,none
TN_NIVAR_2020_011997,TN_NIVAR_2020,MULTIMODAL,PASS,none
TN_NIVAR_2020_020022,TN_NIVAR_2020,MULTIMODAL,PASS,none
TN_NIVAR_2020_039142,TN_NIVAR_2020,MULTIMODAL,PASS,none
TN_NIVAR_2020_059539,TN_NIVAR_2020,SAR_ONLY,PASS,none
TN_NIVAR_2020_059600,TN_NIVAR_2020,SAR_ONLY,PASS,none
TN_NIVAR_2020_078742,TN_NIVAR_2020,SAR_ONLY,PASS,none
TN_NIVAR_2020_090712,TN_NIVAR_2020,SAR_ONLY,PASS,none
TN_NIVAR_2020_102777,TN_NIVAR_2020,SAR_ONLY,PASS,none
TN_NIVAR_2020_005190,TN_NIVAR_2020,MULTIMODAL,PASS,none
TN_NIVAR_2020_005240,TN_NIVAR_2020,MULTIMODAL,PASS,none
TN_NIVAR_2020_011999,TN_NIVAR_2020,MULTIMODAL,PASS,none
TN_NIVAR_2020_019995,TN_NIVAR_2020,MULTIMODAL,PASS,none
TN_NIVAR_2020_039150,TN_NIVAR_2020,MULTIMODAL,PASS,none
TN_NIVAR_2020_059608,TN_NIVAR_2020,MULTIMODAL,PASS,none
TN_NIVAR_2020_059613,TN_NIVAR_2020,SAR_ONLY,PASS,none
TN_NIVAR_2020_078676,TN_NIVAR_2020,SAR_ONLY,PASS,none
TN_NIVAR_2020_090667,TN_NIVAR_2020,SAR_ONLY,PASS,none
TN_NIVAR_2020_102833,TN_NIVAR_2020,SAR_ONLY,PASS,none
TN_NIVAR_2020_024983,TN_NIVAR_2020,MULTIMODAL,PASS,none
TN_NIVAR_2020_024934,TN_NIVAR_2020,MULTIMODAL,PASS,none
TN_NIVAR_2020_044089,TN_NIVAR_2020,MULTIMODAL,PASS,none
TN_NIVAR_2020_064478,TN_NIVAR_2020,MULTIMODAL,PASS,none
TN_NIVAR_2020_064524,TN_NIVAR_2020,SAR_ONLY,PASS,none
TN_NIVAR_2020_083334,TN_NIVAR_2020,SAR_ONLY,PASS,none
TN_NIVAR_2020_091835,TN_NIVAR_2020,SAR_ONLY,PASS,none
TN_NIVAR_2020_104140,TN_NIVAR_2020,SAR_ONLY,PASS,none
TN_NIVAR_2020_065139,TN_NIVAR_2020,MULTIMODAL,PASS,none
TN_NIVAR_2020_064995,TN_NIVAR_2020,SAR_ONLY,PASS,none
TN_NIVAR_2020_085031,TN_NIVAR_2020,SAR_ONLY,PASS,none
TN_NIVAR_2020_092037,TN_NIVAR_2020,SAR_ONLY,PASS,none
TN_NIVAR_2020_104204,TN_NIVAR_2020,SAR_ONLY,PASS,none
TN_NIVAR_2020_085400,TN_NIVAR_2020,SAR_ONLY,PASS,none
TN_NIVAR_2020_107926,TN_NIVAR_2020,SAR_ONLY,PASS,none
TN_NIVAR_2020_000033,TN_NIVAR_2020,MULTIMODAL,FAIL,non_finite_values_in_sar_pre;non_finite_values_in_sar_post
TN_NIVAR_2020_000111,TN_NIVAR_2020,MULTIMODAL,PASS,none
TN_NIVAR_2020_008594,TN_NIVAR_2020,MULTIMODAL,PASS,none
TN_NIVAR_2020_017032,TN_NIVAR_2020,MULTIMODAL,PASS,none
TN_NIVAR_2020_029991,TN_NIVAR_2020,MULTIMODAL,PASS,none
TN_NIVAR_2020_048067,TN_NIVAR_2020,MULTIMODAL,PASS,none
TN_NIVAR_2020_048082,TN_NIVAR_2020,SAR_ONLY,PASS,none
TN_NIVAR_2020_069507,TN_NIVAR_2020,SAR_ONLY,PASS,none
TN_NIVAR_2020_085417,TN_NIVAR_2020,SAR_ONLY,PASS,none
TN_NIVAR_2020_096349,TN_NIVAR_2020,SAR_ONLY,PASS,none
TN_NIVAR_2020_000023,TN_NIVAR_2020,MULTIMODAL,FAIL,non_finite_values_in_sar_pre;non_finite_values_in_sar_post
TN_NIVAR_2020_002046,TN_NIVAR_2020,MULTIMODAL,PASS,none
TN_NIVAR_2020_010304,TN_NIVAR_2020,MULTIMODAL,PASS,none
TN_NIVAR_2020_017010,TN_NIVAR_2020,MULTIMODAL,PASS,none
TN_NIVAR_2020_029849,TN_NIVAR_2020,MULTIMODAL,PASS,none
TN_NIVAR_2020_030079,TN_NIVAR_2020,MULTIMODAL,PASS,none
TN_NIVAR_2020_048187,TN_NIVAR_2020,SAR_ONLY,PASS,none
TN_NIVAR_2020_069783,TN_NIVAR_2020,SAR_ONLY,PASS,none
TN_NIVAR_2020_085432,TN_NIVAR_2020,SAR_ONLY,PASS,none
TN_NIVAR_2020_096342,TN_NIVAR_2020,SAR_ONLY,PASS,none
TN_NIVAR_2020_000738,TN_NIVAR_2020,MULTIMODAL,FAIL,non_finite_values_in_sar_post
TN_NIVAR_2020_000747,TN_NIVAR_2020,MULTIMODAL,PASS,none
TN_NIVAR_2020_010711,TN_NIVAR_2020,MULTIMODAL,PASS,none
TN_NIVAR_2020_017795,TN_NIVAR_2020,MULTIMODAL,PASS,none
TN_NIVAR_2020_030763,TN_NIVAR_2020,MULTIMODAL,PASS,none
TN_NIVAR_2020_033575,TN_NIVAR_2020,MULTIMODAL,PASS,none
TN_NIVAR_2020_051900,TN_NIVAR_2020,SAR_ONLY,PASS,none
TN_NIVAR_2020_072229,TN_NIVAR_2020,SAR_ONLY,PASS,none
TN_NIVAR_2020_086409,TN_NIVAR_2020,SAR_ONLY,PASS,none
TN_NIVAR_2020_097220,TN_NIVAR_2020,SAR_ONLY,PASS,none
TN_NIVAR_2020_000867,TN_NIVAR_2020,MULTIMODAL,PASS,none
TN_NIVAR_2020_002230,TN_NIVAR_2020,MULTIMODAL,PASS,none
TN_NIVAR_2020_011329,TN_NIVAR_2020,MULTIMODAL,PASS,none
TN_NIVAR_2020_017841,TN_NIVAR_2020,MULTIMODAL,PASS,none
TN_NIVAR_2020_030786,TN_NIVAR_2020,MULTIMODAL,PASS,none
TN_NIVAR_2020_051824,TN_NIVAR_2020,MULTIMODAL,PASS,none
TN_NIVAR_2020_051917,TN_NIVAR_2020,SAR_ONLY,PASS,none
TN_NIVAR_2020_072399,TN_NIVAR_2020,SAR_ONLY,PASS,none
TN_NIVAR_2020_086390,TN_NIVAR_2020,SAR_ONLY,PASS,none
TN_NIVAR_2020_097262,TN_NIVAR_2020,SAR_ONLY,PASS,none
TN_NIVAR_2020_002072,TN_NIVAR_2020,MULTIMODAL,PASS,none
TN_NIVAR_2020_002130,TN_NIVAR_2020,MULTIMODAL,PASS,none
TN_NIVAR_2020_011574,TN_NIVAR_2020,MULTIMODAL,PASS,none
TN_NIVAR_2020_018457,TN_NIVAR_2020,MULTIMODAL,PASS,none
TN_NIVAR_2020_034170,TN_NIVAR_2020,MULTIMODAL,PASS,none
TN_NIVAR_2020_054612,TN_NIVAR_2020,MULTIMODAL,PASS,none
TN_NIVAR_2020_054723,TN_NIVAR_2020,SAR_ONLY,PASS,none
TN_NIVAR_2020_073920,TN_NIVAR_2020,SAR_ONLY,PASS,none
TN_NIVAR_2020_088291,TN_NIVAR_2020,SAR_ONLY,PASS,none
TN_NIVAR_2020_098661,TN_NIVAR_2020,SAR_ONLY,PASS,none
TN_NIVAR_2020_005149,TN_NIVAR_2020,MULTIMODAL,PASS,none
TN_NIVAR_2020_005223,TN_NIVAR_2020,MULTIMODAL,PASS,none
TN_NIVAR_2020_012001,TN_NIVAR_2020,MULTIMODAL,PASS,none
TN_NIVAR_2020_020027,TN_NIVAR_2020,MULTIMODAL,PASS,none
TN_NIVAR_2020_039143,TN_NIVAR_2020,MULTIMODAL,PASS,none
TN_NIVAR_2020_059540,TN_NIVAR_2020,SAR_ONLY,PASS,none
TN_NIVAR_2020_059603,TN_NIVAR_2020,SAR_ONLY,PASS,none
TN_NIVAR_2020_078758,TN_NIVAR_2020,SAR_ONLY,PASS,none
TN_NIVAR_2020_090720,TN_NIVAR_2020,SAR_ONLY,PASS,none
TN_NIVAR_2020_102778,TN_NIVAR_2020,SAR_ONLY,PASS,none
TN_NIVAR_2020_005195,TN_NIVAR_2020,MULTIMODAL,PASS,none
TN_NIVAR_2020_005246,TN_NIVAR_2020,MULTIMODAL,PASS,none
TN_NIVAR_2020_012005,TN_NIVAR_2020,MULTIMODAL,PASS,none
TN_NIVAR_2020_019996,TN_NIVAR_2020,MULTIMODAL,PASS,none
TN_NIVAR_2020_039153,TN_NIVAR_2020,MULTIMODAL,PASS,none
TN_NIVAR_2020_059609,TN_NIVAR_2020,SAR_ONLY,PASS,none
TN_NIVAR_2020_059625,TN_NIVAR_2020,SAR_ONLY,PASS,none
TN_NIVAR_2020_078683,TN_NIVAR_2020,SAR_ONLY,PASS,none
TN_NIVAR_2020_090669,TN_NIVAR_2020,SAR_ONLY,PASS,none
TN_NIVAR_2020_102835,TN_NIVAR_2020,SAR_ONLY,PASS,none
TN_NIVAR_2020_024988,TN_NIVAR_2020,MULTIMODAL,PASS,none
TN_NIVAR_2020_024940,TN_NIVAR_2020,MULTIMODAL,PASS,none
TN_NIVAR_2020_044090,TN_NIVAR_2020,MULTIMODAL,PASS,none
TN_NIVAR_2020_064484,TN_NIVAR_2020,MULTIMODAL,PASS,none
TN_NIVAR_2020_064530,TN_NIVAR_2020,SAR_ONLY,PASS,none
TN_NIVAR_2020_083339,TN_NIVAR_2020,SAR_ONLY,PASS,none
TN_NIVAR_2020_091840,TN_NIVAR_2020,SAR_ONLY,PASS,none
TN_NIVAR_2020_104142,TN_NIVAR_2020,SAR_ONLY,PASS,none
TN_NIVAR_2020_065178,TN_NIVAR_2020,MULTIMODAL,PASS,none
TN_NIVAR_2020_065009,TN_NIVAR_2020,SAR_ONLY,PASS,none
TN_NIVAR_2020_085036,TN_NIVAR_2020,SAR_ONLY,PASS,none
TN_NIVAR_2020_092048,TN_NIVAR_2020,SAR_ONLY,PASS,none
TN_NIVAR_2020_104205,TN_NIVAR_2020,SAR_ONLY,PASS,none
TN_NIVAR_2020_095844,TN_NIVAR_2020,SAR_ONLY,PASS,none
TN_NIVAR_2020_107928,TN_NIVAR_2020,SAR_ONLY,PASS,none
TN_NIVAR_2020_000035,TN_NIVAR_2020,MULTIMODAL,FAIL,non_finite_values_in_sar_pre;non_finite_values_in_sar_post
TN_NIVAR_2020_000115,TN_NIVAR_2020,MULTIMODAL,PASS,none
TN_NIVAR_2020_008595,TN_NIVAR_2020,MULTIMODAL,PASS,none
TN_NIVAR_2020_017033,TN_NIVAR_2020,MULTIMODAL,PASS,none
TN_NIVAR_2020_029998,TN_NIVAR_2020,MULTIMODAL,PASS,none
TN_NIVAR_2020_048068,TN_NIVAR_2020,MULTIMODAL,PASS,none
TN_NIVAR_2020_048089,TN_NIVAR_2020,SAR_ONLY,PASS,none
TN_NIVAR_2020_069509,TN_NIVAR_2020,SAR_ONLY,PASS,none
TN_NIVAR_2020_085419,TN_NIVAR_2020,SAR_ONLY,PASS,none
TN_NIVAR_2020_096350,TN_NIVAR_2020,SAR_ONLY,PASS,none
TN_NIVAR_2020_000024,TN_NIVAR_2020,MULTIMODAL,PASS,none
TN_NIVAR_2020_008543,TN_NIVAR_2020,MULTIMODAL,PASS,none
TN_NIVAR_2020_010341,TN_NIVAR_2020,MULTIMODAL,PASS,none
TN_NIVAR_2020_017012,TN_NIVAR_2020,MULTIMODAL,PASS,none
TN_NIVAR_2020_029850,TN_NIVAR_2020,MULTIMODAL,PASS,none
TN_NIVAR_2020_030096,TN_NIVAR_2020,MULTIMODAL,PASS,none
TN_NIVAR_2020_048194,TN_NIVAR_2020,SAR_ONLY,PASS,none
TN_NIVAR_2020_069853,TN_NIVAR_2020,SAR_ONLY,PASS,none
TN_NIVAR_2020_085438,TN_NIVAR_2020,SAR_ONLY,PASS,none
TN_NIVAR_2020_096346,TN_NIVAR_2020,SAR_ONLY,PASS,none
TN_NIVAR_2020_000739,TN_NIVAR_2020,MULTIMODAL,FAIL,non_finite_values_in_sar_pre;non_finite_values_in_sar_post
TN_NIVAR_2020_000751,TN_NIVAR_2020,MULTIMODAL,PASS,none
TN_NIVAR_2020_010715,TN_NIVAR_2020,MULTIMODAL,PASS,none
TN_NIVAR_2020_017796,TN_NIVAR_2020,MULTIMODAL,PASS,none
TN_NIVAR_2020_030765,TN_NIVAR_2020,MULTIMODAL,PASS,none
TN_NIVAR_2020_033682,TN_NIVAR_2020,MULTIMODAL,PASS,none
TN_NIVAR_2020_051910,TN_NIVAR_2020,SAR_ONLY,PASS,none
TN_NIVAR_2020_072263,TN_NIVAR_2020,SAR_ONLY,PASS,none
TN_NIVAR_2020_086412,TN_NIVAR_2020,SAR_ONLY,PASS,none
TN_NIVAR_2020_097221,TN_NIVAR_2020,SAR_ONLY,PASS,none
TN_NIVAR_2020_000883,TN_NIVAR_2020,MULTIMODAL,PASS,none
TN_NIVAR_2020_002259,TN_NIVAR_2020,MULTIMODAL,PASS,none
TN_NIVAR_2020_011377,TN_NIVAR_2020,MULTIMODAL,PASS,none
TN_NIVAR_2020_017843,TN_NIVAR_2020,MULTIMODAL,PASS,none
TN_NIVAR_2020_030787,TN_NIVAR_2020,MULTIMODAL,PASS,none
TN_NIVAR_2020_051832,TN_NIVAR_2020,MULTIMODAL,PASS,none
TN_NIVAR_2020_051932,TN_NIVAR_2020,SAR_ONLY,PASS,none
TN_NIVAR_2020_072418,TN_NIVAR_2020,SAR_ONLY,PASS,none
TN_NIVAR_2020_086393,TN_NIVAR_2020,SAR_ONLY,PASS,none
TN_NIVAR_2020_097264,TN_NIVAR_2020,SAR_ONLY,PASS,none
TN_NIVAR_2020_002075,TN_NIVAR_2020,MULTIMODAL,PASS,none
TN_NIVAR_2020_002131,TN_NIVAR_2020,MULTIMODAL,PASS,none
TN_NIVAR_2020_011641,TN_NIVAR_2020,MULTIMODAL,PASS,none
TN_NIVAR_2020_018458,TN_NIVAR_2020,MULTIMODAL,PASS,none
TN_NIVAR_2020_034177,TN_NIVAR_2020,MULTIMODAL,PASS,none
TN_NIVAR_2020_054614,TN_NIVAR_2020,MULTIMODAL,PASS,none
TN_NIVAR_2020_054731,TN_NIVAR_2020,SAR_ONLY,PASS,none
TN_NIVAR_2020_073923,TN_NIVAR_2020,SAR_ONLY,PASS,none
TN_NIVAR_2020_088292,TN_NIVAR_2020,SAR_ONLY,PASS,none
TN_NIVAR_2020_098662,TN_NIVAR_2020,SAR_ONLY,PASS,none
TN_NIVAR_2020_005151,TN_NIVAR_2020,MULTIMODAL,PASS,none
TN_NIVAR_2020_005226,TN_NIVAR_2020,MULTIMODAL,PASS,none
TN_NIVAR_2020_012003,TN_NIVAR_2020,MULTIMODAL,PASS,none
TN_NIVAR_2020_020029,TN_NIVAR_2020,MULTIMODAL,PASS,none
TN_NIVAR_2020_039145,TN_NIVAR_2020,MULTIMODAL,PASS,none
TN_NIVAR_2020_059541,TN_NIVAR_2020,SAR_ONLY,PASS,none
TN_NIVAR_2020_059607,TN_NIVAR_2020,SAR_ONLY,PASS,none
TN_NIVAR_2020_078802,TN_NIVAR_2020,SAR_ONLY,PASS,none
TN_NIVAR_2020_090752,TN_NIVAR_2020,SAR_ONLY,PASS,none
TN_NIVAR_2020_102779,TN_NIVAR_2020,SAR_ONLY,PASS,none
TN_NIVAR_2020_005197,TN_NIVAR_2020,MULTIMODAL,PASS,none
TN_NIVAR_2020_005262,TN_NIVAR_2020,MULTIMODAL,PASS,none
TN_NIVAR_2020_012014,TN_NIVAR_2020,MULTIMODAL,PASS,none
TN_NIVAR_2020_020002,TN_NIVAR_2020,MULTIMODAL,PASS,none
TN_NIVAR_2020_039154,TN_NIVAR_2020,MULTIMODAL,PASS,none
TN_NIVAR_2020_059615,TN_NIVAR_2020,MULTIMODAL,PASS,none
TN_MANDOUS_2022_000001,TN_MANDOUS_2022,SAR_ONLY,PASS,none
TN_MANDOUS_2022_000002,TN_MANDOUS_2022,SAR_ONLY,PASS,none
TN_MANDOUS_2022_004652,TN_MANDOUS_2022,SAR_ONLY,PASS,none
TN_MANDOUS_2022_008650,TN_MANDOUS_2022,SAR_ONLY,PASS,none
TN_MANDOUS_2022_011486,TN_MANDOUS_2022,SAR_ONLY,PASS,none
TN_MANDOUS_2022_017494,TN_MANDOUS_2022,SAR_ONLY,PASS,none
TN_MANDOUS_2022_017503,TN_MANDOUS_2022,SAR_ONLY,PASS,none
TN_MANDOUS_2022_021954,TN_MANDOUS_2022,SAR_ONLY,PASS,none
TN_MANDOUS_2022_026451,TN_MANDOUS_2022,SAR_ONLY,PASS,none
TN_MANDOUS_2022_029020,TN_MANDOUS_2022,SAR_ONLY,PASS,none
TN_MANDOUS_2022_000008,TN_MANDOUS_2022,SAR_ONLY,PASS,none
TN_MANDOUS_2022_000012,TN_MANDOUS_2022,SAR_ONLY,PASS,none
TN_MANDOUS_2022_004662,TN_MANDOUS_2022,SAR_ONLY,PASS,none
TN_MANDOUS_2022_008674,TN_MANDOUS_2022,SAR_ONLY,PASS,none
TN_MANDOUS_2022_011484,TN_MANDOUS_2022,SAR_ONLY,PASS,none
TN_MANDOUS_2022_011485,TN_MANDOUS_2022,SAR_ONLY,PASS,none
TN_MANDOUS_2022_017493,TN_MANDOUS_2022,SAR_ONLY,PASS,none
TN_MANDOUS_2022_022199,TN_MANDOUS_2022,SAR_ONLY,PASS,none
TN_MANDOUS_2022_026446,TN_MANDOUS_2022,SAR_ONLY,PASS,none
TN_MANDOUS_2022_029023,TN_MANDOUS_2022,SAR_ONLY,PASS,none
TN_MANDOUS_2022_002392,TN_MANDOUS_2022,SAR_ONLY,PASS,none
TN_MANDOUS_2022_002452,TN_MANDOUS_2022,SAR_ONLY,PASS,none
TN_MANDOUS_2022_006463,TN_MANDOUS_2022,SAR_ONLY,PASS,none
TN_MANDOUS_2022_008857,TN_MANDOUS_2022,SAR_ONLY,PASS,none
TN_MANDOUS_2022_011832,TN_MANDOUS_2022,SAR_ONLY,PASS,none
TN_MANDOUS_2022_018298,TN_MANDOUS_2022,SAR_ONLY,PASS,none
TN_MANDOUS_2022_018297,TN_MANDOUS_2022,SAR_ONLY,PASS,none
TN_MANDOUS_2022_022741,TN_MANDOUS_2022,SAR_ONLY,PASS,none
TN_MANDOUS_2022_027094,TN_MANDOUS_2022,SAR_ONLY,PASS,none
TN_MANDOUS_2022_029561,TN_MANDOUS_2022,SAR_ONLY,PASS,none
TN_MANDOUS_2022_003680,TN_MANDOUS_2022,SAR_ONLY,PASS,none
TN_MANDOUS_2022_003694,TN_MANDOUS_2022,SAR_ONLY,PASS,none
TN_MANDOUS_2022_007515,TN_MANDOUS_2022,SAR_ONLY,PASS,none
TN_MANDOUS_2022_010409,TN_MANDOUS_2022,SAR_ONLY,PASS,none
TN_MANDOUS_2022_012845,TN_MANDOUS_2022,SAR_ONLY,PASS,none
TN_MANDOUS_2022_018997,TN_MANDOUS_2022,SAR_ONLY,PASS,none
TN_MANDOUS_2022_018994,TN_MANDOUS_2022,SAR_ONLY,PASS,none
TN_MANDOUS_2022_023583,TN_MANDOUS_2022,SAR_ONLY,PASS,none
TN_MANDOUS_2022_028169,TN_MANDOUS_2022,SAR_ONLY,PASS,none
TN_MANDOUS_2022_030278,TN_MANDOUS_2022,SAR_ONLY,PASS,none
TN_MANDOUS_2022_003682,TN_MANDOUS_2022,SAR_ONLY,PASS,none
TN_MANDOUS_2022_003722,TN_MANDOUS_2022,SAR_ONLY,PASS,none
TN_MANDOUS_2022_007513,TN_MANDOUS_2022,SAR_ONLY,PASS,none
TN_MANDOUS_2022_010455,TN_MANDOUS_2022,SAR_ONLY,PASS,none
TN_MANDOUS_2022_012843,TN_MANDOUS_2022,SAR_ONLY,PASS,none
TN_MANDOUS_2022_019001,TN_MANDOUS_2022,SAR_ONLY,PASS,none
TN_MANDOUS_2022_018993,TN_MANDOUS_2022,SAR_ONLY,PASS,none
TN_MANDOUS_2022_023618,TN_MANDOUS_2022,SAR_ONLY,PASS,none
TN_MANDOUS_2022_028164,TN_MANDOUS_2022,SAR_ONLY,PASS,none
TN_MANDOUS_2022_030302,TN_MANDOUS_2022,SAR_ONLY,PASS,none
TN_MANDOUS_2022_008354,TN_MANDOUS_2022,SAR_ONLY,PASS,none
TN_MANDOUS_2022_010452,TN_MANDOUS_2022,SAR_ONLY,PASS,none
TN_MANDOUS_2022_014371,TN_MANDOUS_2022,SAR_ONLY,PASS,none
TN_MANDOUS_2022_019993,TN_MANDOUS_2022,SAR_ONLY,PASS,none
TN_MANDOUS_2022_020011,TN_MANDOUS_2022,SAR_ONLY,PASS,none
TN_MANDOUS_2022_025023,TN_MANDOUS_2022,SAR_ONLY,PASS,none
TN_MANDOUS_2022_028529,TN_MANDOUS_2022,SAR_ONLY,PASS,none
TN_MANDOUS_2022_030944,TN_MANDOUS_2022,SAR_ONLY,PASS,none
TN_MANDOUS_2022_016906,TN_MANDOUS_2022,SAR_ONLY,PASS,none
TN_MANDOUS_2022_021204,TN_MANDOUS_2022,SAR_ONLY,PASS,none
TN_MANDOUS_2022_021209,TN_MANDOUS_2022,SAR_ONLY,PASS,none
TN_MANDOUS_2022_025073,TN_MANDOUS_2022,SAR_ONLY,PASS,none
TN_MANDOUS_2022_028619,TN_MANDOUS_2022,SAR_ONLY,PASS,none
TN_MANDOUS_2022_033019,TN_MANDOUS_2022,SAR_ONLY,PASS,none
TN_MANDOUS_2022_025218,TN_MANDOUS_2022,SAR_ONLY,PASS,none
TN_MANDOUS_2022_033021,TN_MANDOUS_2022,SAR_ONLY,PASS,none
TN_MANDOUS_2022_033007,TN_MANDOUS_2022,SAR_ONLY,PASS,none
TN_MANDOUS_2022_033351,TN_MANDOUS_2022,SAR_ONLY,PASS,none
TN_MANDOUS_2022_034393,TN_MANDOUS_2022,SAR_ONLY,PASS,none
TN_MANDOUS_2022_000003,TN_MANDOUS_2022,SAR_ONLY,PASS,none
TN_MANDOUS_2022_000006,TN_MANDOUS_2022,SAR_ONLY,PASS,none
TN_MANDOUS_2022_004660,TN_MANDOUS_2022,SAR_ONLY,PASS,none
TN_MANDOUS_2022_008651,TN_MANDOUS_2022,SAR_ONLY,PASS,none
TN_MANDOUS_2022_011487,TN_MANDOUS_2022,SAR_ONLY,PASS,none
TN_MANDOUS_2022_017495,TN_MANDOUS_2022,SAR_ONLY,PASS,none
TN_MANDOUS_2022_017504,TN_MANDOUS_2022,SAR_ONLY,PASS,none
TN_MANDOUS_2022_021957,TN_MANDOUS_2022,SAR_ONLY,PASS,none
TN_MANDOUS_2022_026458,TN_MANDOUS_2022,SAR_ONLY,PASS,none
TN_MANDOUS_2022_029025,TN_MANDOUS_2022,SAR_ONLY,PASS,none
TN_MANDOUS_2022_000038,TN_MANDOUS_2022,SAR_ONLY,PASS,none
TN_MANDOUS_2022_000107,TN_MANDOUS_2022,SAR_ONLY,PASS,none
TN_MANDOUS_2022_005039,TN_MANDOUS_2022,SAR_ONLY,PASS,none
TN_MANDOUS_2022_008731,TN_MANDOUS_2022,SAR_ONLY,PASS,none
TN_MANDOUS_2022_011495,TN_MANDOUS_2022,SAR_ONLY,PASS,none
TN_MANDOUS_2022_011564,TN_MANDOUS_2022,SAR_ONLY,PASS,none
TN_MANDOUS_2022_017508,TN_MANDOUS_2022,SAR_ONLY,PASS,none
TN_MANDOUS_2022_022606,TN_MANDOUS_2022,SAR_ONLY,PASS,none
TN_MANDOUS_2022_026493,TN_MANDOUS_2022,SAR_ONLY,PASS,none
TN_MANDOUS_2022_029024,TN_MANDOUS_2022,SAR_ONLY,PASS,none
TN_MANDOUS_2022_002396,TN_MANDOUS_2022,SAR_ONLY,PASS,none
TN_MANDOUS_2022_002659,TN_MANDOUS_2022,SAR_ONLY,PASS,none
TN_MANDOUS_2022_006497,TN_MANDOUS_2022,SAR_ONLY,PASS,none
TN_MANDOUS_2022_008859,TN_MANDOUS_2022,SAR_ONLY,PASS,none
TN_MANDOUS_2022_011834,TN_MANDOUS_2022,SAR_ONLY,PASS,none
TN_MANDOUS_2022_018305,TN_MANDOUS_2022,SAR_ONLY,PASS,none
TN_MANDOUS_2022_018347,TN_MANDOUS_2022,SAR_ONLY,PASS,none
TN_MANDOUS_2022_022748,TN_MANDOUS_2022,SAR_ONLY,PASS,none
TN_MANDOUS_2022_027101,TN_MANDOUS_2022,SAR_ONLY,PASS,none
TN_MANDOUS_2022_029562,TN_MANDOUS_2022,SAR_ONLY,PASS,none
TN_MANDOUS_2022_003681,TN_MANDOUS_2022,SAR_ONLY,PASS,none
TN_MANDOUS_2022_003699,TN_MANDOUS_2022,SAR_ONLY,PASS,none
TN_MANDOUS_2022_007521,TN_MANDOUS_2022,SAR_ONLY,PASS,none
TN_MANDOUS_2022_010416,TN_MANDOUS_2022,SAR_ONLY,PASS,none
TN_MANDOUS_2022_012846,TN_MANDOUS_2022,SAR_ONLY,PASS,none
TN_MANDOUS_2022_018998,TN_MANDOUS_2022,SAR_ONLY,PASS,none
TN_MANDOUS_2022_018996,TN_MANDOUS_2022,SAR_ONLY,PASS,none
TN_MANDOUS_2022_023624,TN_MANDOUS_2022,SAR_ONLY,PASS,none
TN_MANDOUS_2022_028206,TN_MANDOUS_2022,SAR_ONLY,PASS,none
TN_MANDOUS_2022_030280,TN_MANDOUS_2022,SAR_ONLY,PASS,none
TN_MANDOUS_2022_003683,TN_MANDOUS_2022,SAR_ONLY,PASS,none
TN_MANDOUS_2022_003734,TN_MANDOUS_2022,SAR_ONLY,PASS,none
TN_MANDOUS_2022_007791,TN_MANDOUS_2022,SAR_ONLY,PASS,none
TN_MANDOUS_2022_010464,TN_MANDOUS_2022,SAR_ONLY,PASS,none
TN_MANDOUS_2022_012844,TN_MANDOUS_2022,SAR_ONLY,PASS,none
TN_MANDOUS_2022_019002,TN_MANDOUS_2022,SAR_ONLY,PASS,none
TN_MANDOUS_2022_018995,TN_MANDOUS_2022,SAR_ONLY,PASS,none
TN_MANDOUS_2022_023639,TN_MANDOUS_2022,SAR_ONLY,PASS,none
TN_MANDOUS_2022_028166,TN_MANDOUS_2022,SAR_ONLY,PASS,none
TN_MANDOUS_2022_030418,TN_MANDOUS_2022,SAR_ONLY,PASS,none
TN_MANDOUS_2022_008607,TN_MANDOUS_2022,SAR_ONLY,PASS,none
TN_MANDOUS_2022_010453,TN_MANDOUS_2022,SAR_ONLY,PASS,none
TN_MANDOUS_2022_014372,TN_MANDOUS_2022,SAR_ONLY,PASS,none
TN_MANDOUS_2022_019994,TN_MANDOUS_2022,SAR_ONLY,PASS,none
TN_MANDOUS_2022_020018,TN_MANDOUS_2022,SAR_ONLY,PASS,none
TN_MANDOUS_2022_028527,TN_MANDOUS_2022,SAR_ONLY,PASS,none
TN_MANDOUS_2022_028541,TN_MANDOUS_2022,SAR_ONLY,PASS,none
TN_MANDOUS_2022_030945,TN_MANDOUS_2022,SAR_ONLY,PASS,none
TN_MANDOUS_2022_016908,TN_MANDOUS_2022,SAR_ONLY,PASS,none
TN_MANDOUS_2022_021205,TN_MANDOUS_2022,SAR_ONLY,PASS,none
TN_MANDOUS_2022_021210,TN_MANDOUS_2022,SAR_ONLY,PASS,none
TN_MANDOUS_2022_025074,TN_MANDOUS_2022,SAR_ONLY,PASS,none
TN_MANDOUS_2022_028622,TN_MANDOUS_2022,SAR_ONLY,PASS,none
TN_MANDOUS_2022_033043,TN_MANDOUS_2022,SAR_ONLY,PASS,none
TN_MANDOUS_2022_025227,TN_MANDOUS_2022,SAR_ONLY,PASS,none
TN_MANDOUS_2022_033034,TN_MANDOUS_2022,SAR_ONLY,PASS,none
TN_MANDOUS_2022_033008,TN_MANDOUS_2022,SAR_ONLY,PASS,none
TN_MANDOUS_2022_033353,TN_MANDOUS_2022,SAR_ONLY,PASS,none
TN_MANDOUS_2022_000004,TN_MANDOUS_2022,SAR_ONLY,PASS,none
TN_MANDOUS_2022_000007,TN_MANDOUS_2022,SAR_ONLY,PASS,none
TN_MANDOUS_2022_004668,TN_MANDOUS_2022,SAR_ONLY,PASS,none
TN_MANDOUS_2022_008652,TN_MANDOUS_2022,SAR_ONLY,PASS,none
TN_MANDOUS_2022_011488,TN_MANDOUS_2022,SAR_ONLY,PASS,none
TN_MANDOUS_2022_017496,TN_MANDOUS_2022,SAR_ONLY,PASS,none
TN_MANDOUS_2022_017509,TN_MANDOUS_2022,SAR_ONLY,PASS,none
TN_MANDOUS_2022_021958,TN_MANDOUS_2022,SAR_ONLY,PASS,none
TN_MANDOUS_2022_026460,TN_MANDOUS_2022,SAR_ONLY,PASS,none
TN_MANDOUS_2022_029026,TN_MANDOUS_2022,SAR_ONLY,PASS,none
TN_MANDOUS_2022_000042,TN_MANDOUS_2022,SAR_ONLY,PASS,none
TN_MANDOUS_2022_000129,TN_MANDOUS_2022,SAR_ONLY,PASS,none
TN_MANDOUS_2022_005186,TN_MANDOUS_2022,SAR_ONLY,PASS,none
TN_MANDOUS_2022_008753,TN_MANDOUS_2022,SAR_ONLY,PASS,none
TN_MANDOUS_2022_011496,TN_MANDOUS_2022,SAR_ONLY,PASS,none
TN_MANDOUS_2022_011779,TN_MANDOUS_2022,SAR_ONLY,PASS,none
TN_MANDOUS_2022_017658,TN_MANDOUS_2022,SAR_ONLY,PASS,none
TN_MANDOUS_2022_022682,TN_MANDOUS_2022,SAR_ONLY,PASS,none
TN_MANDOUS_2022_026539,TN_MANDOUS_2022,SAR_ONLY,PASS,none
TN_MANDOUS_2022_029106,TN_MANDOUS_2022,SAR_ONLY,PASS,none
TN_MANDOUS_2022_002397,TN_MANDOUS_2022,SAR_ONLY,PASS,none
TN_MANDOUS_2022_002790,TN_MANDOUS_2022,SAR_ONLY,PASS,none
TN_MANDOUS_2022_006540,TN_MANDOUS_2022,SAR_ONLY,PASS,none
TN_MANDOUS_2022_008860,TN_MANDOUS_2022,SAR_ONLY,PASS,none
TN_MANDOUS_2022_011835,TN_MANDOUS_2022,SAR_ONLY,PASS,none
TN_MANDOUS_2022_018306,TN_MANDOUS_2022,SAR_ONLY,PASS,none
TN_MANDOUS_2022_018359,TN_MANDOUS_2022,SAR_ONLY,PASS,none
TN_MANDOUS_2022_022751,TN_MANDOUS_2022,SAR_ONLY,PASS,none
TN_MANDOUS_2022_027102,TN_MANDOUS_2022,SAR_ONLY,PASS,none
TN_MANDOUS_2022_029563,TN_MANDOUS_2022,SAR_ONLY,PASS,none
TN_MANDOUS_2022_003684,TN_MANDOUS_2022,SAR_ONLY,PASS,none
TN_MANDOUS_2022_003713,TN_MANDOUS_2022,SAR_ONLY,PASS,none
TN_MANDOUS_2022_007525,TN_MANDOUS_2022,SAR_ONLY,PASS,none
TN_MANDOUS_2022_010434,TN_MANDOUS_2022,SAR_ONLY,PASS,none
TN_MANDOUS_2022_012848,TN_MANDOUS_2022,SAR_ONLY,PASS,none
TN_MANDOUS_2022_019008,TN_MANDOUS_2022,SAR_ONLY,PASS,none
TN_MANDOUS_2022_018999,TN_MANDOUS_2022,SAR_ONLY,PASS,none
TN_MANDOUS_2022_023645,TN_MANDOUS_2022,SAR_ONLY,PASS,none
TN_MANDOUS_2022_028209,TN_MANDOUS_2022,SAR_ONLY,PASS,none
TN_MANDOUS_2022_030281,TN_MANDOUS_2022,SAR_ONLY,PASS,none
TN_MANDOUS_2022_003686,TN_MANDOUS_2022,SAR_ONLY,PASS,none
TN_MANDOUS_2022_003737,TN_MANDOUS_2022,SAR_ONLY,PASS,none
TN_MANDOUS_2022_007841,TN_MANDOUS_2022,SAR_ONLY,PASS,none
TN_MANDOUS_2022_010468,TN_MANDOUS_2022,SAR_ONLY,PASS,none
TN_MANDOUS_2022_012847,TN_MANDOUS_2022,SAR_ONLY,PASS,none
TN_MANDOUS_2022_019005,TN_MANDOUS_2022,SAR_ONLY,PASS,none
TN_MANDOUS_2022_019003,TN_MANDOUS_2022,SAR_ONLY,PASS,none
TN_MANDOUS_2022_023651,TN_MANDOUS_2022,SAR_ONLY,PASS,none
TN_MANDOUS_2022_028183,TN_MANDOUS_2022,SAR_ONLY,PASS,none
TN_MANDOUS_2022_030458,TN_MANDOUS_2022,SAR_ONLY,PASS,none
TN_MANDOUS_2022_010550,TN_MANDOUS_2022,SAR_ONLY,PASS,none
TN_MANDOUS_2022_010454,TN_MANDOUS_2022,SAR_ONLY,PASS,none
TN_MANDOUS_2022_014375,TN_MANDOUS_2022,SAR_ONLY,PASS,none
TN_MANDOUS_2022_019995,TN_MANDOUS_2022,SAR_ONLY,PASS,none
TN_MANDOUS_2022_020030,TN_MANDOUS_2022,SAR_ONLY,PASS,none
TN_MANDOUS_2022_028538,TN_MANDOUS_2022,SAR_ONLY,PASS,none
TN_MANDOUS_2022_028560,TN_MANDOUS_2022,SAR_ONLY,PASS,none
TN_MANDOUS_2022_030946,TN_MANDOUS_2022,SAR_ONLY,PASS,none
TN_MANDOUS_2022_016909,TN_MANDOUS_2022,SAR_ONLY,PASS,none
TN_MANDOUS_2022_021206,TN_MANDOUS_2022,SAR_ONLY,PASS,none
TN_MANDOUS_2022_021213,TN_MANDOUS_2022,SAR_ONLY,PASS,none
TN_MANDOUS_2022_025077,TN_MANDOUS_2022,SAR_ONLY,PASS,none
TN_MANDOUS_2022_028623,TN_MANDOUS_2022,SAR_ONLY,PASS,none
TN_MANDOUS_2022_033044,TN_MANDOUS_2022,SAR_ONLY,PASS,none
TN_MANDOUS_2022_025281,TN_MANDOUS_2022,SAR_ONLY,PASS,none
TN_MANDOUS_2022_033041,TN_MANDOUS_2022,SAR_ONLY,PASS,none
TN_MANDOUS_2022_033011,TN_MANDOUS_2022,SAR_ONLY,PASS,none
TN_MANDOUS_2022_033355,TN_MANDOUS_2022,SAR_ONLY,PASS,none
TN_MANDOUS_2022_000005,TN_MANDOUS_2022,SAR_ONLY,PASS,none
TN_MANDOUS_2022_000011,TN_MANDOUS_2022,SAR_ONLY,PASS,none
TN_MANDOUS_2022_004669,TN_MANDOUS_2022,SAR_ONLY,PASS,none
TN_MANDOUS_2022_008653,TN_MANDOUS_2022,SAR_ONLY,PASS,none
TN_MANDOUS_2022_011492,TN_MANDOUS_2022,SAR_ONLY,PASS,none
TN_MANDOUS_2022_017497,TN_MANDOUS_2022,SAR_ONLY,PASS,none
TN_MANDOUS_2022_017532,TN_MANDOUS_2022,SAR_ONLY,PASS,none
TN_MANDOUS_2022_021959,TN_MANDOUS_2022,SAR_ONLY,PASS,none
TN_MANDOUS_2022_026462,TN_MANDOUS_2022,SAR_ONLY,PASS,none
TN_MANDOUS_2022_029028,TN_MANDOUS_2022,SAR_ONLY,PASS,none
TN_MANDOUS_2022_000060,TN_MANDOUS_2022,SAR_ONLY,PASS,none
TN_MANDOUS_2022_000163,TN_MANDOUS_2022,SAR_ONLY,PASS,none
TN_MANDOUS_2022_005657,TN_MANDOUS_2022,SAR_ONLY,PASS,none
TN_MANDOUS_2022_008837,TN_MANDOUS_2022,SAR_ONLY,PASS,none
TN_MANDOUS_2022_011498,TN_MANDOUS_2022,SAR_ONLY,PASS,none
TN_MANDOUS_2022_012649,TN_MANDOUS_2022,SAR_ONLY,PASS,none
TN_MANDOUS_2022_017670,TN_MANDOUS_2022,SAR_ONLY,PASS,none
TN_MANDOUS_2022_022744,TN_MANDOUS_2022,SAR_ONLY,PASS,none
TN_MANDOUS_2022_026568,TN_MANDOUS_2022,SAR_ONLY,PASS,none
TN_MANDOUS_2022_029123,TN_MANDOUS_2022,SAR_ONLY,PASS,none
TN_MANDOUS_2022_002398,TN_MANDOUS_2022,SAR_ONLY,PASS,none
TN_MANDOUS_2022_002852,TN_MANDOUS_2022,SAR_ONLY,PASS,none
TN_MANDOUS_2022_006556,TN_MANDOUS_2022,SAR_ONLY,PASS,none
TN_MANDOUS_2022_008861,TN_MANDOUS_2022,SAR_ONLY,PASS,none
TN_MANDOUS_2022_011837,TN_MANDOUS_2022,SAR_ONLY,PASS,none
TN_MANDOUS_2022_018313,TN_MANDOUS_2022,SAR_ONLY,PASS,none
TN_MANDOUS_2022_018375,TN_MANDOUS_2022,SAR_ONLY,PASS,none
TN_MANDOUS_2022_022754,TN_MANDOUS_2022,SAR_ONLY,PASS,none
TN_MANDOUS_2022_027110,TN_MANDOUS_2022,SAR_ONLY,PASS,none
TN_MANDOUS_2022_029564,TN_MANDOUS_2022,SAR_ONLY,PASS,none
TN_MANDOUS_2022_003685,TN_MANDOUS_2022,SAR_ONLY,PASS,none
TN_MANDOUS_2022_003717,TN_MANDOUS_2022,SAR_ONLY,PASS,none
TN_MANDOUS_2022_007537,TN_MANDOUS_2022,SAR_ONLY,PASS,none
TN_MANDOUS_2022_010447,TN_MANDOUS_2022,SAR_ONLY,PASS,none
TN_MANDOUS_2022_012849,TN_MANDOUS_2022,SAR_ONLY,PASS,none
TN_MANDOUS_2022_019013,TN_MANDOUS_2022,SAR_ONLY,PASS,none
TN_MANDOUS_2022_019000,TN_MANDOUS_2022,SAR_ONLY,PASS,none
TN_MANDOUS_2022_023653,TN_MANDOUS_2022,SAR_ONLY,PASS,none
TN_MANDOUS_2022_028220,TN_MANDOUS_2022,SAR_ONLY,PASS,none
TN_MANDOUS_2022_030282,TN_MANDOUS_2022,SAR_ONLY,PASS,none
TN_MANDOUS_2022_003687,TN_MANDOUS_2022,SAR_ONLY,PASS,none
TN_MANDOUS_2022_003752,TN_MANDOUS_2022,SAR_ONLY,PASS,none
TN_MANDOUS_2022_007892,TN_MANDOUS_2022,SAR_ONLY,PASS,none
TN_MANDOUS_2022_010472,TN_MANDOUS_2022,SAR_ONLY,PASS,none
TN_MANDOUS_2022_012852,TN_MANDOUS_2022,SAR_ONLY,PASS,none
TN_MANDOUS_2022_019007,TN_MANDOUS_2022,SAR_ONLY,PASS,none
TN_MANDOUS_2022_019009,TN_MANDOUS_2022,SAR_ONLY,PASS,none
TN_MANDOUS_2022_023681,TN_MANDOUS_2022,SAR_ONLY,PASS,none
TN_MANDOUS_2022_028185,TN_MANDOUS_2022,SAR_ONLY,PASS,none
TN_MANDOUS_2022_030493,TN_MANDOUS_2022,SAR_ONLY,PASS,none
TN_MANDOUS_2022_011280,TN_MANDOUS_2022,SAR_ONLY,PASS,none
TN_MANDOUS_2022_010456,TN_MANDOUS_2022,SAR_ONLY,PASS,none
TN_MANDOUS_2022_014376,TN_MANDOUS_2022,SAR_ONLY,PASS,none
TN_MANDOUS_2022_019996,TN_MANDOUS_2022,SAR_ONLY,PASS,none
TN_MANDOUS_2022_020071,TN_MANDOUS_2022,SAR_ONLY,PASS,none
TN_MANDOUS_2022_028544,TN_MANDOUS_2022,SAR_ONLY,PASS,none
TN_MANDOUS_2022_028563,TN_MANDOUS_2022,SAR_ONLY,PASS,none
TN_MANDOUS_2022_030947,TN_MANDOUS_2022,SAR_ONLY,PASS,none
TN_MANDOUS_2022_016916,TN_MANDOUS_2022,SAR_ONLY,PASS,none
TN_MANDOUS_2022_021207,TN_MANDOUS_2022,SAR_ONLY,PASS,none
TN_MANDOUS_2022_021219,TN_MANDOUS_2022,SAR_ONLY,PASS,none
TN_MANDOUS_2022_025078,TN_MANDOUS_2022,SAR_ONLY,PASS,none
TN_MANDOUS_2022_028636,TN_MANDOUS_2022,SAR_ONLY,PASS,none
TN_MANDOUS_2022_033046,TN_MANDOUS_2022,SAR_ONLY,PASS,none
TN_MANDOUS_2022_025350,TN_MANDOUS_2022,SAR_ONLY,PASS,none
TN_MANDOUS_2022_033057,TN_MANDOUS_2022,SAR_ONLY,PASS,none
TN_MANDOUS_2022_033012,TN_MANDOUS_2022,SAR_ONLY,PASS,none
TN_MANDOUS_2022_033380,TN_MANDOUS_2022,SAR_ONLY,PASS,none
TN_MANDOUS_2022_000009,TN_MANDOUS_2022,SAR_ONLY,PASS,none
TN_MANDOUS_2022_000017,TN_MANDOUS_2022,SAR_ONLY,PASS,none
TN_MANDOUS_2022_004679,TN_MANDOUS_2022,SAR_ONLY,PASS,none
TN_MANDOUS_2022_008656,TN_MANDOUS_2022,SAR_ONLY,PASS,none
TN_MANDOUS_2022_011493,TN_MANDOUS_2022,SAR_ONLY,PASS,none
TN_MANDOUS_2022_017499,TN_MANDOUS_2022,SAR_ONLY,PASS,none
TN_MANDOUS_2022_017539,TN_MANDOUS_2022,SAR_ONLY,PASS,none
TN_MANDOUS_2022_021960,TN_MANDOUS_2022,SAR_ONLY,PASS,none
TN_MANDOUS_2022_026464,TN_MANDOUS_2022,SAR_ONLY,PASS,none
TN_MANDOUS_2022_029029,TN_MANDOUS_2022,SAR_ONLY,PASS,none
TN_MANDOUS_2022_000071,TN_MANDOUS_2022,SAR_ONLY,PASS,none
TN_MANDOUS_2022_000233,TN_MANDOUS_2022,SAR_ONLY,PASS,none
TN_MANDOUS_2022_005772,TN_MANDOUS_2022,SAR_ONLY,PASS,none
TN_MANDOUS_2022_009057,TN_MANDOUS_2022,SAR_ONLY,PASS,none
TN_MANDOUS_2022_011507,TN_MANDOUS_2022,SAR_ONLY,PASS,none
TN_MANDOUS_2022_012804,TN_MANDOUS_2022,SAR_ONLY,PASS,none
TN_MANDOUS_2022_017715,TN_MANDOUS_2022,SAR_ONLY,PASS,none
TN_MANDOUS_2022_022758,TN_MANDOUS_2022,SAR_ONLY,PASS,none
TN_MANDOUS_2022_026577,TN_MANDOUS_2022,SAR_ONLY,PASS,none
TN_MANDOUS_2022_029164,TN_MANDOUS_2022,SAR_ONLY,PASS,none
TN_MANDOUS_2022_002399,TN_MANDOUS_2022,SAR_ONLY,PASS,none
TN_MANDOUS_2022_002857,TN_MANDOUS_2022,SAR_ONLY,PASS,none
TN_MANDOUS_2022_006573,TN_MANDOUS_2022,SAR_ONLY,PASS,none
TN_MANDOUS_2022_008862,TN_MANDOUS_2022,SAR_ONLY,PASS,none
TN_MANDOUS_2022_011838,TN_MANDOUS_2022,SAR_ONLY,PASS,none
TN_MANDOUS_2022_018315,TN_MANDOUS_2022,SAR_ONLY,PASS,none
TN_MANDOUS_2022_018415,TN_MANDOUS_2022,SAR_ONLY,PASS,none
TN_MANDOUS_2022_022757,TN_MANDOUS_2022,SAR_ONLY,PASS,none
TN_MANDOUS_2022_027117,TN_MANDOUS_2022,SAR_ONLY,PASS,none
TN_MANDOUS_2022_029565,TN_MANDOUS_2022,SAR_ONLY,PASS,none
TN_MANDOUS_2022_003695,TN_MANDOUS_2022,SAR_ONLY,PASS,none
TN_MANDOUS_2022_003718,TN_MANDOUS_2022,SAR_ONLY,PASS,none
TN_MANDOUS_2022_007541,TN_MANDOUS_2022,SAR_ONLY,PASS,none
TN_MANDOUS_2022_012977,TN_MANDOUS_2022,SAR_ONLY,PASS,none
TN_MANDOUS_2022_012850,TN_MANDOUS_2022,SAR_ONLY,PASS,none
TN_MANDOUS_2022_019017,TN_MANDOUS_2022,SAR_ONLY,PASS,none
TN_MANDOUS_2022_019004,TN_MANDOUS_2022,SAR_ONLY,PASS,none
TN_MANDOUS_2022_023668,TN_MANDOUS_2022,SAR_ONLY,PASS,none
TN_MANDOUS_2022_028226,TN_MANDOUS_2022,SAR_ONLY,PASS,none
TN_MANDOUS_2022_030285,TN_MANDOUS_2022,SAR_ONLY,PASS,none
TN_MANDOUS_2022_003688,TN_MANDOUS_2022,SAR_ONLY,PASS,none
TN_MANDOUS_2022_003775,TN_MANDOUS_2022,SAR_ONLY,PASS,none
TN_MANDOUS_2022_007894,TN_MANDOUS_2022,SAR_ONLY,PASS,none
TN_MANDOUS_2022_010473,TN_MANDOUS_2022,SAR_ONLY,PASS,none
TN_MANDOUS_2022_012854,TN_MANDOUS_2022,SAR_ONLY,PASS,none
TN_MANDOUS_2022_019010,TN_MANDOUS_2022,SAR_ONLY,PASS,none
TN_MANDOUS_2022_019012,TN_MANDOUS_2022,SAR_ONLY,PASS,none
TN_MANDOUS_2022_023733,TN_MANDOUS_2022,SAR_ONLY,PASS,none
TN_MANDOUS_2022_028222,TN_MANDOUS_2022,SAR_ONLY,PASS,none
TN_MANDOUS_2022_030532,TN_MANDOUS_2022,SAR_ONLY,PASS,none
TN_MANDOUS_2022_010458,TN_MANDOUS_2022,SAR_ONLY,PASS,none
TN_MANDOUS_2022_014377,TN_MANDOUS_2022,SAR_ONLY,PASS,none
TN_MANDOUS_2022_019997,TN_MANDOUS_2022,SAR_ONLY,PASS,none
TN_MANDOUS_2022_020087,TN_MANDOUS_2022,SAR_ONLY,PASS,none
TN_MANDOUS_2022_028552,TN_MANDOUS_2022,SAR_ONLY,PASS,none
TN_MANDOUS_2022_028564,TN_MANDOUS_2022,SAR_ONLY,PASS,none
TN_MANDOUS_2022_030948,TN_MANDOUS_2022,SAR_ONLY,PASS,none
TN_MANDOUS_2022_016919,TN_MANDOUS_2022,SAR_ONLY,PASS,none
TN_MANDOUS_2022_021211,TN_MANDOUS_2022,SAR_ONLY,PASS,none
TN_MANDOUS_2022_021220,TN_MANDOUS_2022,SAR_ONLY,PASS,none
TN_MANDOUS_2022_025079,TN_MANDOUS_2022,SAR_ONLY,PASS,none
TN_MANDOUS_2022_028639,TN_MANDOUS_2022,SAR_ONLY,PASS,none
TN_MANDOUS_2022_033049,TN_MANDOUS_2022,SAR_ONLY,PASS,none
TN_MANDOUS_2022_025386,TN_MANDOUS_2022,SAR_ONLY,PASS,none
TN_MANDOUS_2022_033067,TN_MANDOUS_2022,SAR_ONLY,PASS,none
TN_MANDOUS_2022_033013,TN_MANDOUS_2022,SAR_ONLY,PASS,none
TN_MANDOUS_2022_033385,TN_MANDOUS_2022,SAR_ONLY,PASS,none
TN_MANDOUS_2022_000010,TN_MANDOUS_2022,SAR_ONLY,PASS,none
TN_MANDOUS_2022_000019,TN_MANDOUS_2022,SAR_ONLY,PASS,none
TN_MANDOUS_2022_004681,TN_MANDOUS_2022,SAR_ONLY,PASS,none
TN_MANDOUS_2022_008659,TN_MANDOUS_2022,SAR_ONLY,PASS,none
TN_MANDOUS_2022_011494,TN_MANDOUS_2022,SAR_ONLY,PASS,none
TN_MANDOUS_2022_017500,TN_MANDOUS_2022,SAR_ONLY,PASS,none
TN_MANDOUS_2022_017573,TN_MANDOUS_2022,SAR_ONLY,PASS,none
TN_MANDOUS_2022_021961,TN_MANDOUS_2022,SAR_ONLY,PASS,none
TN_MANDOUS_2022_026466,TN_MANDOUS_2022,SAR_ONLY,PASS,none
TN_MANDOUS_2022_029030,TN_MANDOUS_2022,SAR_ONLY,PASS,none
TN_MANDOUS_2022_000114,TN_MANDOUS_2022,SAR_ONLY,PASS,none
TN_MANDOUS_2022_000316,TN_MANDOUS_2022,SAR_ONLY,PASS,none
TN_MANDOUS_2022_005955,TN_MANDOUS_2022,SAR_ONLY,PASS,none
TN_MANDOUS_2022_009444,TN_MANDOUS_2022,SAR_ONLY,PASS,none
TN_MANDOUS_2022_011510,TN_MANDOUS_2022,SAR_ONLY,PASS,none
TN_MANDOUS_2022_017498,TN_MANDOUS_2022,SAR_ONLY,PASS,none
TN_MANDOUS_2022_017776,TN_MANDOUS_2022,SAR_ONLY,PASS,none
TN_MANDOUS_2022_022759,TN_MANDOUS_2022,SAR_ONLY,PASS,none
TN_MANDOUS_2022_026603,TN_MANDOUS_2022,SAR_ONLY,PASS,none
TN_MANDOUS_2022_029171,TN_MANDOUS_2022,SAR_ONLY,PASS,none
TN_MANDOUS_2022_002401,TN_MANDOUS_2022,SAR_ONLY,PASS,none
TN_MANDOUS_2022_003108,TN_MANDOUS_2022,SAR_ONLY,PASS,none
TN_MANDOUS_2022_006603,TN_MANDOUS_2022,SAR_ONLY,PASS,none
TN_MANDOUS_2022_008864,TN_MANDOUS_2022,SAR_ONLY,PASS,none
TN_MANDOUS_2022_011839,TN_MANDOUS_2022,SAR_ONLY,PASS,none
TN_MANDOUS_2022_018317,TN_MANDOUS_2022,SAR_ONLY,PASS,none
TN_MANDOUS_2022_018418,TN_MANDOUS_2022,SAR_ONLY,PASS,none
TN_MANDOUS_2022_022763,TN_MANDOUS_2022,SAR_ONLY,PASS,none
TN_MANDOUS_2022_027118,TN_MANDOUS_2022,SAR_ONLY,PASS,none
TN_MANDOUS_2022_029566,TN_MANDOUS_2022,SAR_ONLY,PASS,none
TN_MANDOUS_2022_003696,TN_MANDOUS_2022,SAR_ONLY,PASS,none
TN_MANDOUS_2022_003720,TN_MANDOUS_2022,SAR_ONLY,PASS,none
TN_MANDOUS_2022_007550,TN_MANDOUS_2022,SAR_ONLY,PASS,none
TN_MANDOUS_2022_012988,TN_MANDOUS_2022,SAR_ONLY,PASS,none
TN_MANDOUS_2022_012851,TN_MANDOUS_2022,SAR_ONLY,PASS,none
TN_MANDOUS_2022_019018,TN_MANDOUS_2022,SAR_ONLY,PASS,none
TN_MANDOUS_2022_019006,TN_MANDOUS_2022,SAR_ONLY,PASS,none
TN_MANDOUS_2022_023714,TN_MANDOUS_2022,SAR_ONLY,PASS,none
TN_MANDOUS_2022_028227,TN_MANDOUS_2022,SAR_ONLY,PASS,none
TN_MANDOUS_2022_030288,TN_MANDOUS_2022,SAR_ONLY,PASS,none
TN_MANDOUS_2022_003689,TN_MANDOUS_2022,SAR_ONLY,PASS,none
TN_MANDOUS_2022_003782,TN_MANDOUS_2022,SAR_ONLY,PASS,none
TN_MANDOUS_2022_007906,TN_MANDOUS_2022,SAR_ONLY,PASS,none
TN_MANDOUS_2022_010475,TN_MANDOUS_2022,SAR_ONLY,PASS,none
TN_MANDOUS_2022_012856,TN_MANDOUS_2022,SAR_ONLY,PASS,none
TN_MANDOUS_2022_019015,TN_MANDOUS_2022,SAR_ONLY,PASS,none
TN_MANDOUS_2022_019016,TN_MANDOUS_2022,SAR_ONLY,PASS,none
TN_MANDOUS_2022_023737,TN_MANDOUS_2022,SAR_ONLY,PASS,none
TN_MANDOUS_2022_028223,TN_MANDOUS_2022,SAR_ONLY,PASS,none
TN_MANDOUS_2022_030640,TN_MANDOUS_2022,SAR_ONLY,PASS,none
TN_MANDOUS_2022_010459,TN_MANDOUS_2022,SAR_ONLY,PASS,none
TN_MANDOUS_2022_014378,TN_MANDOUS_2022,SAR_ONLY,PASS,none
TN_MANDOUS_2022_019998,TN_MANDOUS_2022,SAR_ONLY,PASS,none
TN_MANDOUS_2022_020211,TN_MANDOUS_2022,SAR_ONLY,PASS,none
TN_MANDOUS_2022_028553,TN_MANDOUS_2022,SAR_ONLY,PASS,none
TN_MANDOUS_2022_028572,TN_MANDOUS_2022,SAR_ONLY,PASS,none
TN_MANDOUS_2022_030949,TN_MANDOUS_2022,SAR_ONLY,PASS,none
TN_MANDOUS_2022_016921,TN_MANDOUS_2022,SAR_ONLY,PASS,none
TN_MANDOUS_2022_021215,TN_MANDOUS_2022,SAR_ONLY,PASS,none
TN_MANDOUS_2022_021221,TN_MANDOUS_2022,SAR_ONLY,PASS,none
TN_MANDOUS_2022_025080,TN_MANDOUS_2022,SAR_ONLY,PASS,none
TN_MANDOUS_2022_028641,TN_MANDOUS_2022,SAR_ONLY,PASS,none
TN_MANDOUS_2022_033065,TN_MANDOUS_2022,SAR_ONLY,PASS,none
TN_MANDOUS_2022_025471,TN_MANDOUS_2022,SAR_ONLY,PASS,none
TN_MANDOUS_2022_033068,TN_MANDOUS_2022,SAR_ONLY,PASS,none
TN_MANDOUS_2022_033014,TN_MANDOUS_2022,SAR_ONLY,PASS,none
TN_MANDOUS_2022_033482,TN_MANDOUS_2022,SAR_ONLY,PASS,none
TN_MANDOUS_2022_000013,TN_MANDOUS_2022,SAR_ONLY,PASS,none
TN_MANDOUS_2022_000021,TN_MANDOUS_2022,SAR_ONLY,PASS,none
TN_MANDOUS_2022_004683,TN_MANDOUS_2022,SAR_ONLY,PASS,none
TN_MANDOUS_2022_008660,TN_MANDOUS_2022,SAR_ONLY,PASS,none
TN_MANDOUS_2022_011497,TN_MANDOUS_2022,SAR_ONLY,PASS,none
TN_MANDOUS_2022_017501,TN_MANDOUS_2022,SAR_ONLY,PASS,none
TN_MANDOUS_2022_017580,TN_MANDOUS_2022,SAR_ONLY,PASS,none
TN_MANDOUS_2022_021962,TN_MANDOUS_2022,SAR_ONLY,PASS,none
TN_MANDOUS_2022_026470,TN_MANDOUS_2022,SAR_ONLY,PASS,none
TN_MANDOUS_2022_029031,TN_MANDOUS_2022,SAR_ONLY,PASS,none
TN_MANDOUS_2022_000128,TN_MANDOUS_2022,SAR_ONLY,PASS,none
TN_MANDOUS_2022_000385,TN_MANDOUS_2022,SAR_ONLY,PASS,none
TN_MANDOUS_2022_006028,TN_MANDOUS_2022,SAR_ONLY,PASS,none
TN_MANDOUS_2022_009526,TN_MANDOUS_2022,SAR_ONLY,PASS,none
TN_MANDOUS_2022_011514,TN_MANDOUS_2022,SAR_ONLY,PASS,none
TN_MANDOUS_2022_017502,TN_MANDOUS_2022,SAR_ONLY,PASS,none
TN_MANDOUS_2022_017787,TN_MANDOUS_2022,SAR_ONLY,PASS,none
TN_MANDOUS_2022_022765,TN_MANDOUS_2022,SAR_ONLY,PASS,none
TN_MANDOUS_2022_026621,TN_MANDOUS_2022,SAR_ONLY,PASS,none
TN_MANDOUS_2022_029176,TN_MANDOUS_2022,SAR_ONLY,PASS,none
TN_MANDOUS_2022_002404,TN_MANDOUS_2022,SAR_ONLY,PASS,none
TN_MANDOUS_2022_003154,TN_MANDOUS_2022,SAR_ONLY,PASS,none
TN_MANDOUS_2022_006648,TN_MANDOUS_2022,SAR_ONLY,PASS,none
TN_MANDOUS_2022_008866,TN_MANDOUS_2022,SAR_ONLY,PASS,none
TN_MANDOUS_2022_011840,TN_MANDOUS_2022,SAR_ONLY,PASS,none
TN_MANDOUS_2022_018319,TN_MANDOUS_2022,SAR_ONLY,PASS,none
TN_MANDOUS_2022_018488,TN_MANDOUS_2022,SAR_ONLY,PASS,none
TN_MANDOUS_2022_022767,TN_MANDOUS_2022,SAR_ONLY,PASS,none
TN_MANDOUS_2022_027121,TN_MANDOUS_2022,SAR_ONLY,PASS,none
TN_MANDOUS_2022_029567,TN_MANDOUS_2022,SAR_ONLY,PASS,none
TN_MANDOUS_2022_003698,TN_MANDOUS_2022,SAR_ONLY,PASS,none
TN_MANDOUS_2022_003744,TN_MANDOUS_2022,SAR_ONLY,PASS,none
TN_MANDOUS_2022_007551,TN_MANDOUS_2022,SAR_ONLY,PASS,none
TN_MANDOUS_2022_013076,TN_MANDOUS_2022,SAR_ONLY,PASS,none
TN_MANDOUS_2022_012853,TN_MANDOUS_2022,SAR_ONLY,PASS,none
TN_MANDOUS_2022_019021,TN_MANDOUS_2022,SAR_ONLY,PASS,none
TN_MANDOUS_2022_019011,TN_MANDOUS_2022,SAR_ONLY,PASS,none
TN_MANDOUS_2022_023725,TN_MANDOUS_2022,SAR_ONLY,PASS,none
TN_MANDOUS_2022_028242,TN_MANDOUS_2022,SAR_ONLY,PASS,none
TN_MANDOUS_2022_030289,TN_MANDOUS_2022,SAR_ONLY,PASS,none
TN_MANDOUS_2022_003690,TN_MANDOUS_2022,SAR_ONLY,PASS,none
TN_MANDOUS_2022_003789,TN_MANDOUS_2022,SAR_ONLY,PASS,none
TN_MANDOUS_2022_007941,TN_MANDOUS_2022,SAR_ONLY,PASS,none
TN_MANDOUS_2022_010477,TN_MANDOUS_2022,SAR_ONLY,PASS,none
TN_MANDOUS_2022_012860,TN_MANDOUS_2022,SAR_ONLY,PASS,none
TN_MANDOUS_2022_019019,TN_MANDOUS_2022,SAR_ONLY,PASS,none
TN_MANDOUS_2022_019031,TN_MANDOUS_2022,SAR_ONLY,PASS,none
TN_MANDOUS_2022_023755,TN_MANDOUS_2022,SAR_ONLY,PASS,none
TN_MANDOUS_2022_028267,TN_MANDOUS_2022,SAR_ONLY,PASS,none
TN_MANDOUS_2022_030836,TN_MANDOUS_2022,SAR_ONLY,PASS,none
TN_MANDOUS_2022_010460,TN_MANDOUS_2022,SAR_ONLY,PASS,none
TN_MANDOUS_2022_014379,TN_MANDOUS_2022,SAR_ONLY,PASS,none
TN_MANDOUS_2022_019999,TN_MANDOUS_2022,SAR_ONLY,PASS,none
TN_MANDOUS_2022_020214,TN_MANDOUS_2022,SAR_ONLY,PASS,none
TN_MANDOUS_2022_028561,TN_MANDOUS_2022,SAR_ONLY,PASS,none
TN_MANDOUS_2022_028583,TN_MANDOUS_2022,SAR_ONLY,PASS,none
TN_MANDOUS_2022_030951,TN_MANDOUS_2022,SAR_ONLY,PASS,none
TN_MANDOUS_2022_016924,TN_MANDOUS_2022,SAR_ONLY,PASS,none
TN_MANDOUS_2022_021216,TN_MANDOUS_2022,SAR_ONLY,PASS,none
TN_MANDOUS_2022_021222,TN_MANDOUS_2022,SAR_ONLY,PASS,none
TN_MANDOUS_2022_025081,TN_MANDOUS_2022,SAR_ONLY,PASS,none
TN_MANDOUS_2022_028645,TN_MANDOUS_2022,SAR_ONLY,PASS,none
TN_MANDOUS_2022_033080,TN_MANDOUS_2022,SAR_ONLY,PASS,none
TN_MANDOUS_2022_025481,TN_MANDOUS_2022,SAR_ONLY,PASS,none
TN_MANDOUS_2022_033072,TN_MANDOUS_2022,SAR_ONLY,PASS,none
TN_MANDOUS_2022_033020,TN_MANDOUS_2022,SAR_ONLY,PASS,none
TN_MANDOUS_2022_033485,TN_MANDOUS_2022,SAR_ONLY,PASS,none
TN_MANDOUS_2022_000014,TN_MANDOUS_2022,SAR_ONLY,PASS,none
TN_MANDOUS_2022_000023,TN_MANDOUS_2022,SAR_ONLY,PASS,none
TN_MANDOUS_2022_004690,TN_MANDOUS_2022,SAR_ONLY,PASS,none
TN_MANDOUS_2022_008662,TN_MANDOUS_2022,SAR_ONLY,PASS,none
TN_MANDOUS_2022_011500,TN_MANDOUS_2022,SAR_ONLY,PASS,none
TN_MANDOUS_2022_017505,TN_MANDOUS_2022,SAR_ONLY,PASS,none
TN_MANDOUS_2022_017584,TN_MANDOUS_2022,SAR_ONLY,PASS,none
TN_MANDOUS_2022_021963,TN_MANDOUS_2022,SAR_ONLY,PASS,none
TN_MANDOUS_2022_026473,TN_MANDOUS_2022,SAR_ONLY,PASS,none
TN_MANDOUS_2022_029033,TN_MANDOUS_2022,SAR_ONLY,PASS,none
TN_MANDOUS_2022_000140,TN_MANDOUS_2022,SAR_ONLY,PASS,none
TN_MANDOUS_2022_000441,TN_MANDOUS_2022,SAR_ONLY,PASS,none
TN_MANDOUS_2022_006453,TN_MANDOUS_2022,SAR_ONLY,PASS,none
TN_MANDOUS_2022_009929,TN_MANDOUS_2022,SAR_ONLY,PASS,none
TN_MANDOUS_2022_011516,TN_MANDOUS_2022,SAR_ONLY,PASS,none
TN_MANDOUS_2022_017511,TN_MANDOUS_2022,SAR_ONLY,PASS,none
TN_MANDOUS_2022_017809,TN_MANDOUS_2022,SAR_ONLY,PASS,none
TN_MANDOUS_2022_022766,TN_MANDOUS_2022,SAR_ONLY,PASS,none
TN_MANDOUS_2022_026653,TN_MANDOUS_2022,SAR_ONLY,PASS,none
TN_MANDOUS_2022_029203,TN_MANDOUS_2022,SAR_ONLY,PASS,none
TN_MANDOUS_2022_002407,TN_MANDOUS_2022,SAR_ONLY,PASS,none
TN_MANDOUS_2022_003288,TN_MANDOUS_2022,SAR_ONLY,PASS,none
TN_MANDOUS_2022_006674,TN_MANDOUS_2022,SAR_ONLY,PASS,none
TN_MANDOUS_2022_008867,TN_MANDOUS_2022,SAR_ONLY,PASS,none
TN_MANDOUS_2022_011841,TN_MANDOUS_2022,SAR_ONLY,PASS,none
TN_MANDOUS_2022_018320,TN_MANDOUS_2022,SAR_ONLY,PASS,none
TN_MANDOUS_2022_018507,TN_MANDOUS_2022,SAR_ONLY,PASS,none
TN_MANDOUS_2022_022768,TN_MANDOUS_2022,SAR_ONLY,PASS,none
TN_MANDOUS_2022_027124,TN_MANDOUS_2022,SAR_ONLY,PASS,none
TN_MANDOUS_2022_029569,TN_MANDOUS_2022,SAR_ONLY,PASS,none
TN_MANDOUS_2022_003700,TN_MANDOUS_2022,SAR_ONLY,PASS,none
TN_MANDOUS_2022_003757,TN_MANDOUS_2022,SAR_ONLY,PASS,none
TN_MANDOUS_2022_007557,TN_MANDOUS_2022,SAR_ONLY,PASS,none
TN_MANDOUS_2022_013080,TN_MANDOUS_2022,SAR_ONLY,PASS,none
TN_MANDOUS_2022_012855,TN_MANDOUS_2022,SAR_ONLY,PASS,none
TN_MANDOUS_2022_019023,TN_MANDOUS_2022,SAR_ONLY,PASS,none
TN_MANDOUS_2022_019014,TN_MANDOUS_2022,SAR_ONLY,PASS,none
TN_MANDOUS_2022_023734,TN_MANDOUS_2022,SAR_ONLY,PASS,none
TN_MANDOUS_2022_028271,TN_MANDOUS_2022,SAR_ONLY,PASS,none
TN_MANDOUS_2022_030291,TN_MANDOUS_2022,SAR_ONLY,PASS,none
TN_MANDOUS_2022_003691,TN_MANDOUS_2022,SAR_ONLY,PASS,none
TN_MANDOUS_2022_003796,TN_MANDOUS_2022,SAR_ONLY,PASS,none
TN_MANDOUS_2022_007962,TN_MANDOUS_2022,SAR_ONLY,PASS,none
TN_MANDOUS_2022_010481,TN_MANDOUS_2022,SAR_ONLY,PASS,none
TN_MANDOUS_2022_012863,TN_MANDOUS_2022,SAR_ONLY,PASS,none
TN_MANDOUS_2022_019027,TN_MANDOUS_2022,SAR_ONLY,PASS,none
TN_MANDOUS_2022_019049,TN_MANDOUS_2022,SAR_ONLY,PASS,none
TN_MANDOUS_2022_023990,TN_MANDOUS_2022,SAR_ONLY,PASS,none
TN_MANDOUS_2022_028269,TN_MANDOUS_2022,SAR_ONLY,PASS,none
TN_MANDOUS_2022_030873,TN_MANDOUS_2022,SAR_ONLY,PASS,none
TN_MANDOUS_2022_010461,TN_MANDOUS_2022,SAR_ONLY,PASS,none
TN_MANDOUS_2022_014381,TN_MANDOUS_2022,SAR_ONLY,PASS,none
TN_MANDOUS_2022_020000,TN_MANDOUS_2022,SAR_ONLY,PASS,none
TN_MANDOUS_2022_020224,TN_MANDOUS_2022,SAR_ONLY,PASS,none
TN_MANDOUS_2022_028567,TN_MANDOUS_2022,SAR_ONLY,PASS,none
TN_MANDOUS_2022_028588,TN_MANDOUS_2022,SAR_ONLY,PASS,none
TN_MANDOUS_2022_030952,TN_MANDOUS_2022,SAR_ONLY,PASS,none
TN_MANDOUS_2022_016925,TN_MANDOUS_2022,SAR_ONLY,PASS,none
TN_MANDOUS_2022_021217,TN_MANDOUS_2022,SAR_ONLY,PASS,none
TN_MANDOUS_2022_021223,TN_MANDOUS_2022,SAR_ONLY,PASS,none
TN_MANDOUS_2022_025082,TN_MANDOUS_2022,SAR_ONLY,PASS,none
TN_MANDOUS_2022_028657,TN_MANDOUS_2022,SAR_ONLY,PASS,none
TN_MANDOUS_2022_033084,TN_MANDOUS_2022,SAR_ONLY,PASS,none
TN_MANDOUS_2022_025551,TN_MANDOUS_2022,SAR_ONLY,PASS,none
TN_MANDOUS_2022_033075,TN_MANDOUS_2022,SAR_ONLY,PASS,none
TN_MANDOUS_2022_033022,TN_MANDOUS_2022,SAR_ONLY,PASS,none
TN_MANDOUS_2022_033493,TN_MANDOUS_2022,SAR_ONLY,PASS,none
TN_MANDOUS_2022_000015,TN_MANDOUS_2022,SAR_ONLY,PASS,none
TN_MANDOUS_2022_000027,TN_MANDOUS_2022,SAR_ONLY,PASS,none
TN_MANDOUS_2022_004692,TN_MANDOUS_2022,SAR_ONLY,PASS,none
TN_MANDOUS_2022_008664,TN_MANDOUS_2022,SAR_ONLY,PASS,none
TN_MANDOUS_2022_011502,TN_MANDOUS_2022,SAR_ONLY,PASS,none
TN_MANDOUS_2022_017506,TN_MANDOUS_2022,SAR_ONLY,PASS,none
TN_MANDOUS_2022_017585,TN_MANDOUS_2022,SAR_ONLY,PASS,none
TN_MANDOUS_2022_021964,TN_MANDOUS_2022,SAR_ONLY,PASS,none
TN_MANDOUS_2022_026474,TN_MANDOUS_2022,SAR_ONLY,PASS,none
TN_MANDOUS_2022_029034,TN_MANDOUS_2022,SAR_ONLY,PASS,none
TN_MANDOUS_2022_000150,TN_MANDOUS_2022,SAR_ONLY,PASS,none
TN_MANDOUS_2022_000444,TN_MANDOUS_2022,SAR_ONLY,PASS,none
TN_MANDOUS_2022_006456,TN_MANDOUS_2022,SAR_ONLY,PASS,none
TN_MANDOUS_2022_009971,TN_MANDOUS_2022,SAR_ONLY,PASS,none
TN_MANDOUS_2022_011518,TN_MANDOUS_2022,SAR_ONLY,PASS,none
TN_MANDOUS_2022_017512,TN_MANDOUS_2022,SAR_ONLY,PASS,none
TN_MANDOUS_2022_017968,TN_MANDOUS_2022,SAR_ONLY,PASS,none
TN_MANDOUS_2022_022775,TN_MANDOUS_2022,SAR_ONLY,PASS,none
TN_MANDOUS_2022_026700,TN_MANDOUS_2022,SAR_ONLY,PASS,none
TN_MANDOUS_2022_029204,TN_MANDOUS_2022,SAR_ONLY,PASS,none
TN_MANDOUS_2022_002409,TN_MANDOUS_2022,SAR_ONLY,PASS,none
TN_MANDOUS_2022_003332,TN_MANDOUS_2022,SAR_ONLY,PASS,none
TN_MANDOUS_2022_006692,TN_MANDOUS_2022,SAR_ONLY,PASS,none
TN_MANDOUS_2022_008871,TN_MANDOUS_2022,SAR_ONLY,PASS,none
TN_MANDOUS_2022_011844,TN_MANDOUS_2022,SAR_ONLY,PASS,none
TN_MANDOUS_2022_018332,TN_MANDOUS_2022,SAR_ONLY,PASS,none
TN_MANDOUS_2022_018514,TN_MANDOUS_2022,SAR_ONLY,PASS,none
TN_MANDOUS_2022_022795,TN_MANDOUS_2022,SAR_ONLY,PASS,none
TN_MANDOUS_2022_027133,TN_MANDOUS_2022,SAR_ONLY,PASS,none
TN_MANDOUS_2022_029570,TN_MANDOUS_2022,SAR_ONLY,PASS,none
TN_MANDOUS_2022_003701,TN_MANDOUS_2022,SAR_ONLY,PASS,none
TN_MANDOUS_2022_003763,TN_MANDOUS_2022,SAR_ONLY,PASS,none
TN_MANDOUS_2022_007573,TN_MANDOUS_2022,SAR_ONLY,PASS,none
TN_MANDOUS_2022_013116,TN_MANDOUS_2022,SAR_ONLY,PASS,none
TN_MANDOUS_2022_012857,TN_MANDOUS_2022,SAR_ONLY,PASS,none
TN_MANDOUS_2022_019024,TN_MANDOUS_2022,SAR_ONLY,PASS,none
TN_MANDOUS_2022_019020,TN_MANDOUS_2022,SAR_ONLY,PASS,none
TN_MANDOUS_2022_023743,TN_MANDOUS_2022,SAR_ONLY,PASS,none
TN_MANDOUS_2022_028272,TN_MANDOUS_2022,SAR_ONLY,PASS,none
TN_MANDOUS_2022_030292,TN_MANDOUS_2022,SAR_ONLY,PASS,none
TN_MANDOUS_2022_003692,TN_MANDOUS_2022,SAR_ONLY,PASS,none
TN_MANDOUS_2022_003812,TN_MANDOUS_2022,SAR_ONLY,PASS,none
TN_MANDOUS_2022_007985,TN_MANDOUS_2022,SAR_ONLY,PASS,none
TN_MANDOUS_2022_010514,TN_MANDOUS_2022,SAR_ONLY,PASS,none
TN_MANDOUS_2022_012865,TN_MANDOUS_2022,SAR_ONLY,PASS,none
TN_MANDOUS_2022_019028,TN_MANDOUS_2022,SAR_ONLY,PASS,none
TN_MANDOUS_2022_019076,TN_MANDOUS_2022,SAR_ONLY,PASS,none
TN_MANDOUS_2022_024082,TN_MANDOUS_2022,SAR_ONLY,PASS,none
TN_MANDOUS_2022_028270,TN_MANDOUS_2022,SAR_ONLY,PASS,none
TN_MANDOUS_2022_030888,TN_MANDOUS_2022,SAR_ONLY,PASS,none
TN_MANDOUS_2022_010462,TN_MANDOUS_2022,SAR_ONLY,PASS,none
TN_MANDOUS_2022_014382,TN_MANDOUS_2022,SAR_ONLY,PASS,none
TN_MANDOUS_2022_020001,TN_MANDOUS_2022,SAR_ONLY,PASS,none
TN_MANDOUS_2022_020244,TN_MANDOUS_2022,SAR_ONLY,PASS,none
TN_MANDOUS_2022_028573,TN_MANDOUS_2022,SAR_ONLY,PASS,none
TN_MANDOUS_2022_028593,TN_MANDOUS_2022,SAR_ONLY,PASS,none
TN_MANDOUS_2022_030954,TN_MANDOUS_2022,SAR_ONLY,PASS,none
TN_MANDOUS_2022_016927,TN_MANDOUS_2022,SAR_ONLY,PASS,none
TN_MANDOUS_2022_021218,TN_MANDOUS_2022,SAR_ONLY,PASS,none
TN_MANDOUS_2022_021224,TN_MANDOUS_2022,SAR_ONLY,PASS,none
TN_MANDOUS_2022_025088,TN_MANDOUS_2022,SAR_ONLY,PASS,none
TN_MANDOUS_2022_028663,TN_MANDOUS_2022,SAR_ONLY,PASS,none
TN_MANDOUS_2022_033086,TN_MANDOUS_2022,SAR_ONLY,PASS,none
TN_MANDOUS_2022_025565,TN_MANDOUS_2022,SAR_ONLY,PASS,none
TN_MANDOUS_2022_033076,TN_MANDOUS_2022,SAR_ONLY,PASS,none
TN_MANDOUS_2022_033023,TN_MANDOUS_2022,SAR_ONLY,PASS,none
TN_MANDOUS_2022_033501,TN_MANDOUS_2022,SAR_ONLY,PASS,none
TN_MANDOUS_2022_000016,TN_MANDOUS_2022,SAR_ONLY,PASS,none
TN_MANDOUS_2022_000029,TN_MANDOUS_2022,SAR_ONLY,PASS,none
TN_MANDOUS_2022_004694,TN_MANDOUS_2022,SAR_ONLY,PASS,none
TN_MANDOUS_2022_008666,TN_MANDOUS_2022,SAR_ONLY,PASS,none
TN_MANDOUS_2022_011503,TN_MANDOUS_2022,SAR_ONLY,PASS,none
TN_MANDOUS_2022_017507,TN_MANDOUS_2022,SAR_ONLY,PASS,none
TN_MANDOUS_2022_017596,TN_MANDOUS_2022,SAR_ONLY,PASS,none
TN_MANDOUS_2022_021966,TN_MANDOUS_2022,SAR_ONLY,PASS,none
TN_MANDOUS_2022_026476,TN_MANDOUS_2022,SAR_ONLY,PASS,none
TN_MANDOUS_2022_029036,TN_MANDOUS_2022,SAR_ONLY,PASS,none
TN_MANDOUS_2022_000206,TN_MANDOUS_2022,SAR_ONLY,PASS,none
TN_MANDOUS_2022_000452,TN_MANDOUS_2022,SAR_ONLY,PASS,none
TN_MANDOUS_2022_006500,TN_MANDOUS_2022,SAR_ONLY,PASS,none
TN_MANDOUS_2022_010325,TN_MANDOUS_2022,SAR_ONLY,PASS,none
TN_MANDOUS_2022_011527,TN_MANDOUS_2022,SAR_ONLY,PASS,none
TN_MANDOUS_2022_017513,TN_MANDOUS_2022,SAR_ONLY,PASS,none
TN_MANDOUS_2022_017974,TN_MANDOUS_2022,SAR_ONLY,PASS,none
TN_MANDOUS_2022_022777,TN_MANDOUS_2022,SAR_ONLY,PASS,none
TN_MANDOUS_2022_026726,TN_MANDOUS_2022,SAR_ONLY,PASS,none
TN_MANDOUS_2022_029213,TN_MANDOUS_2022,SAR_ONLY,PASS,none
TN_MANDOUS_2022_002411,TN_MANDOUS_2022,SAR_ONLY,PASS,none
TN_MANDOUS_2022_003499,TN_MANDOUS_2022,SAR_ONLY,PASS,none
TN_MANDOUS_2022_006700,TN_MANDOUS_2022,SAR_ONLY,PASS,none
TN_MANDOUS_2022_008873,TN_MANDOUS_2022,SAR_ONLY,PASS,none
TN_MANDOUS_2022_011845,TN_MANDOUS_2022,SAR_ONLY,PASS,none
TN_MANDOUS_2022_018334,TN_MANDOUS_2022,SAR_ONLY,PASS,none
TN_MANDOUS_2022_018529,TN_MANDOUS_2022,SAR_ONLY,PASS,none
TN_MANDOUS_2022_022796,TN_MANDOUS_2022,SAR_ONLY,PASS,none
TN_MANDOUS_2022_027141,TN_MANDOUS_2022,SAR_ONLY,PASS,none
TN_MANDOUS_2022_029571,TN_MANDOUS_2022,SAR_ONLY,PASS,none
TN_MANDOUS_2022_003707,TN_MANDOUS_2022,SAR_ONLY,PASS,none
TN_MANDOUS_2022_003804,TN_MANDOUS_2022,SAR_ONLY,PASS,none
TN_MANDOUS_2022_007578,TN_MANDOUS_2022,SAR_ONLY,PASS,none
TN_MANDOUS_2022_013121,TN_MANDOUS_2022,SAR_ONLY,PASS,none
TN_MANDOUS_2022_012858,TN_MANDOUS_2022,SAR_ONLY,PASS,none
TN_MANDOUS_2022_019026,TN_MANDOUS_2022,SAR_ONLY,PASS,none
TN_MANDOUS_2022_019022,TN_MANDOUS_2022,SAR_ONLY,PASS,none
TN_MANDOUS_2022_023768,TN_MANDOUS_2022,SAR_ONLY,PASS,none
TN_MANDOUS_2022_028289,TN_MANDOUS_2022,SAR_ONLY,PASS,none
TN_MANDOUS_2022_030294,TN_MANDOUS_2022,SAR_ONLY,PASS,none
TN_MANDOUS_2022_003693,TN_MANDOUS_2022,SAR_ONLY,PASS,none
TN_MANDOUS_2022_003856,TN_MANDOUS_2022,SAR_ONLY,PASS,none
TN_MANDOUS_2022_007993,TN_MANDOUS_2022,SAR_ONLY,PASS,none
TN_MANDOUS_2022_010523,TN_MANDOUS_2022,SAR_ONLY,PASS,none
TN_MANDOUS_2022_012871,TN_MANDOUS_2022,SAR_ONLY,PASS,none
TN_MANDOUS_2022_019029,TN_MANDOUS_2022,SAR_ONLY,PASS,none
TN_MANDOUS_2022_019080,TN_MANDOUS_2022,SAR_ONLY,PASS,none
TN_MANDOUS_2022_024087,TN_MANDOUS_2022,SAR_ONLY,PASS,none
TN_MANDOUS_2022_028280,TN_MANDOUS_2022,SAR_ONLY,PASS,none
TN_MANDOUS_2022_030915,TN_MANDOUS_2022,SAR_ONLY,PASS,none
TN_MANDOUS_2022_010463,TN_MANDOUS_2022,SAR_ONLY,PASS,none
TN_MANDOUS_2022_014383,TN_MANDOUS_2022,SAR_ONLY,PASS,none
TN_MANDOUS_2022_020002,TN_MANDOUS_2022,SAR_ONLY,PASS,none
TN_MANDOUS_2022_020252,TN_MANDOUS_2022,SAR_ONLY,PASS,none
TN_MANDOUS_2022_028574,TN_MANDOUS_2022,SAR_ONLY,PASS,none
TN_MANDOUS_2022_028601,TN_MANDOUS_2022,SAR_ONLY,PASS,none
TN_MANDOUS_2022_030955,TN_MANDOUS_2022,SAR_ONLY,PASS,none
TN_MANDOUS_2022_016928,TN_MANDOUS_2022,SAR_ONLY,PASS,none
TN_MANDOUS_2022_021225,TN_MANDOUS_2022,SAR_ONLY,PASS,none
TN_MANDOUS_2022_021227,TN_MANDOUS_2022,SAR_ONLY,PASS,none
TN_MANDOUS_2022_025092,TN_MANDOUS_2022,SAR_ONLY,PASS,none
TN_MANDOUS_2022_028666,TN_MANDOUS_2022,SAR_ONLY,PASS,none
TN_MANDOUS_2022_033088,TN_MANDOUS_2022,SAR_ONLY,PASS,none
TN_MANDOUS_2022_025708,TN_MANDOUS_2022,SAR_ONLY,PASS,none
TN_MANDOUS_2022_033081,TN_MANDOUS_2022,SAR_ONLY,PASS,none
TN_MANDOUS_2022_033026,TN_MANDOUS_2022,SAR_ONLY,PASS,none
TN_MANDOUS_2022_033509,TN_MANDOUS_2022,SAR_ONLY,PASS,none
TN_MANDOUS_2022_000018,TN_MANDOUS_2022,SAR_ONLY,PASS,none
TN_MANDOUS_2022_000040,TN_MANDOUS_2022,SAR_ONLY,PASS,none
TN_MANDOUS_2022_004696,TN_MANDOUS_2022,SAR_ONLY,PASS,none
TN_MANDOUS_2022_008667,TN_MANDOUS_2022,SAR_ONLY,PASS,none
TN_MANDOUS_2022_011504,TN_MANDOUS_2022,SAR_ONLY,PASS,none
TN_MANDOUS_2022_017510,TN_MANDOUS_2022,SAR_ONLY,PASS,none
TN_MANDOUS_2022_017603,TN_MANDOUS_2022,SAR_ONLY,PASS,none
TN_MANDOUS_2022_021967,TN_MANDOUS_2022,SAR_ONLY,PASS,none
TN_MANDOUS_2022_026477,TN_MANDOUS_2022,SAR_ONLY,PASS,none
TN_MANDOUS_2022_029037,TN_MANDOUS_2022,SAR_ONLY,PASS,none
TN_MANDOUS_2022_000221,TN_MANDOUS_2022,SAR_ONLY,PASS,none
TN_MANDOUS_2022_000601,TN_MANDOUS_2022,SAR_ONLY,PASS,none
TN_MANDOUS_2022_006558,TN_MANDOUS_2022,SAR_ONLY,PASS,none
TN_MANDOUS_2022_011482,TN_MANDOUS_2022,SAR_ONLY,PASS,none
TN_MANDOUS_2022_011533,TN_MANDOUS_2022,SAR_ONLY,PASS,none
TN_MANDOUS_2022_017516,TN_MANDOUS_2022,SAR_ONLY,PASS,none
TN_MANDOUS_2022_018020,TN_MANDOUS_2022,SAR_ONLY,PASS,none
TN_MANDOUS_2022_022782,TN_MANDOUS_2022,SAR_ONLY,PASS,none
TN_MANDOUS_2022_026760,TN_MANDOUS_2022,SAR_ONLY,PASS,none
TN_MANDOUS_2022_029314,TN_MANDOUS_2022,SAR_ONLY,PASS,none
TN_MANDOUS_2022_002415,TN_MANDOUS_2022,SAR_ONLY,PASS,none
TN_MANDOUS_2022_003578,TN_MANDOUS_2022,SAR_ONLY,PASS,none
TN_MANDOUS_2022_006712,TN_MANDOUS_2022,SAR_ONLY,PASS,none
TN_MANDOUS_2022_008877,TN_MANDOUS_2022,SAR_ONLY,PASS,none
TN_MANDOUS_2022_011846,TN_MANDOUS_2022,SAR_ONLY,PASS,none
TN_MANDOUS_2022_018337,TN_MANDOUS_2022,SAR_ONLY,PASS,none
TN_MANDOUS_2022_018582,TN_MANDOUS_2022,SAR_ONLY,PASS,none
TN_MANDOUS_2022_022797,TN_MANDOUS_2022,SAR_ONLY,PASS,none
TN_MANDOUS_2022_027143,TN_MANDOUS_2022,SAR_ONLY,PASS,none
TN_MANDOUS_2022_029572,TN_MANDOUS_2022,SAR_ONLY,PASS,none
TN_MANDOUS_2022_003708,TN_MANDOUS_2022,SAR_ONLY,PASS,none
TN_MANDOUS_2022_003809,TN_MANDOUS_2022,SAR_ONLY,PASS,none
TN_MANDOUS_2022_007589,TN_MANDOUS_2022,SAR_ONLY,PASS,none
TN_MANDOUS_2022_013129,TN_MANDOUS_2022,SAR_ONLY,PASS,none
TN_MANDOUS_2022_012859,TN_MANDOUS_2022,SAR_ONLY,PASS,none
TN_MANDOUS_2022_019035,TN_MANDOUS_2022,SAR_ONLY,PASS,none
TN_MANDOUS_2022_019025,TN_MANDOUS_2022,SAR_ONLY,PASS,none
TN_MANDOUS_2022_023777,TN_MANDOUS_2022,SAR_ONLY,PASS,none
TN_MANDOUS_2022_028295,TN_MANDOUS_2022,SAR_ONLY,PASS,none
TN_MANDOUS_2022_030295,TN_MANDOUS_2022,SAR_ONLY,PASS,none
TN_MANDOUS_2022_003697,TN_MANDOUS_2022,SAR_ONLY,PASS,none
TN_MANDOUS_2022_003861,TN_MANDOUS_2022,SAR_ONLY,PASS,none
TN_MANDOUS_2022_008038,TN_MANDOUS_2022,SAR_ONLY,PASS,none
TN_MANDOUS_2022_010525,TN_MANDOUS_2022,SAR_ONLY,PASS,none
TN_MANDOUS_2022_012880,TN_MANDOUS_2022,SAR_ONLY,PASS,none
TN_MANDOUS_2022_019030,TN_MANDOUS_2022,SAR_ONLY,PASS,none
TN_MANDOUS_2022_019084,TN_MANDOUS_2022,SAR_ONLY,PASS,none
TN_MANDOUS_2022_024149,TN_MANDOUS_2022,SAR_ONLY,PASS,none
TN_MANDOUS_2022_028288,TN_MANDOUS_2022,SAR_ONLY,PASS,none
TN_MANDOUS_2022_030931,TN_MANDOUS_2022,SAR_ONLY,PASS,none
TN_MANDOUS_2022_010465,TN_MANDOUS_2022,SAR_ONLY,PASS,none
TN_MANDOUS_2022_014387,TN_MANDOUS_2022,SAR_ONLY,PASS,none
TN_MANDOUS_2022_020003,TN_MANDOUS_2022,SAR_ONLY,PASS,none
TN_MANDOUS_2022_020359,TN_MANDOUS_2022,SAR_ONLY,PASS,none
TN_MANDOUS_2022_028590,TN_MANDOUS_2022,SAR_ONLY,PASS,none
TN_MANDOUS_2022_030956,TN_MANDOUS_2022,SAR_ONLY,PASS,none
TN_MANDOUS_2022_016929,TN_MANDOUS_2022,SAR_ONLY,PASS,none
TN_MANDOUS_2022_021226,TN_MANDOUS_2022,SAR_ONLY,PASS,none
TN_MANDOUS_2022_021229,TN_MANDOUS_2022,SAR_ONLY,PASS,none
TN_MANDOUS_2022_025095,TN_MANDOUS_2022,SAR_ONLY,PASS,none
TN_MANDOUS_2022_028676,TN_MANDOUS_2022,SAR_ONLY,PASS,none
TN_MANDOUS_2022_033108,TN_MANDOUS_2022,SAR_ONLY,PASS,none
TN_MANDOUS_2022_025852,TN_MANDOUS_2022,SAR_ONLY,PASS,none
TN_MANDOUS_2022_033092,TN_MANDOUS_2022,SAR_ONLY,PASS,none
TN_MANDOUS_2022_033027,TN_MANDOUS_2022,SAR_ONLY,PASS,none
TN_MANDOUS_2022_033559,TN_MANDOUS_2022,SAR_ONLY,PASS,none
TN_MANDOUS_2022_000020,TN_MANDOUS_2022,SAR_ONLY,PASS,none
TN_MANDOUS_2022_000041,TN_MANDOUS_2022,SAR_ONLY,PASS,none
TN_MANDOUS_2022_004697,TN_MANDOUS_2022,SAR_ONLY,PASS,none
TN_MANDOUS_2022_008668,TN_MANDOUS_2022,SAR_ONLY,PASS,none
TN_MANDOUS_2022_011512,TN_MANDOUS_2022,SAR_ONLY,PASS,none
TN_MANDOUS_2022_017514,TN_MANDOUS_2022,SAR_ONLY,PASS,none
TN_MANDOUS_2022_017604,TN_MANDOUS_2022,SAR_ONLY,PASS,none
TN_MANDOUS_2022_021969,TN_MANDOUS_2022,SAR_ONLY,PASS,none
TN_MANDOUS_2022_026484,TN_MANDOUS_2022,SAR_ONLY,PASS,none
TN_MANDOUS_2022_029038,TN_MANDOUS_2022,SAR_ONLY,PASS,none
TN_MANDOUS_2022_000225,TN_MANDOUS_2022,SAR_ONLY,PASS,none
TN_MANDOUS_2022_000631,TN_MANDOUS_2022,SAR_ONLY,PASS,none
TN_MANDOUS_2022_006600,TN_MANDOUS_2022,SAR_ONLY,PASS,none
TN_MANDOUS_2022_011489,TN_MANDOUS_2022,SAR_ONLY,PASS,none
TN_MANDOUS_2022_011537,TN_MANDOUS_2022,SAR_ONLY,PASS,none
TN_MANDOUS_2022_017519,TN_MANDOUS_2022,SAR_ONLY,PASS,none
TN_MANDOUS_2022_018031,TN_MANDOUS_2022,SAR_ONLY,PASS,none
TN_MANDOUS_2022_022787,TN_MANDOUS_2022,SAR_ONLY,PASS,none
TN_MANDOUS_2022_026765,TN_MANDOUS_2022,SAR_ONLY,PASS,none
TN_MANDOUS_2022_029383,TN_MANDOUS_2022,SAR_ONLY,PASS,none
TN_MANDOUS_2022_002423,TN_MANDOUS_2022,SAR_ONLY,PASS,none
TN_MANDOUS_2022_003659,TN_MANDOUS_2022,SAR_ONLY,PASS,none
TN_MANDOUS_2022_006730,TN_MANDOUS_2022,SAR_ONLY,PASS,none
TN_MANDOUS_2022_008880,TN_MANDOUS_2022,SAR_ONLY,PASS,none
TN_MANDOUS_2022_011850,TN_MANDOUS_2022,SAR_ONLY,PASS,none
TN_MANDOUS_2022_018338,TN_MANDOUS_2022,SAR_ONLY,PASS,none
TN_MANDOUS_2022_018592,TN_MANDOUS_2022,SAR_ONLY,PASS,none
TN_MANDOUS_2022_022807,TN_MANDOUS_2022,SAR_ONLY,PASS,none
TN_MANDOUS_2022_027155,TN_MANDOUS_2022,SAR_ONLY,PASS,none
TN_MANDOUS_2022_029574,TN_MANDOUS_2022,SAR_ONLY,PASS,none
TN_MANDOUS_2022_003710,TN_MANDOUS_2022,SAR_ONLY,PASS,none
TN_MANDOUS_2022_003819,TN_MANDOUS_2022,SAR_ONLY,PASS,none
TN_MANDOUS_2022_007591,TN_MANDOUS_2022,SAR_ONLY,PASS,none
TN_MANDOUS_2022_013159,TN_MANDOUS_2022,SAR_ONLY,PASS,none
TN_MANDOUS_2022_012861,TN_MANDOUS_2022,SAR_ONLY,PASS,none
TN_MANDOUS_2022_019043,TN_MANDOUS_2022,SAR_ONLY,PASS,none
TN_MANDOUS_2022_019040,TN_MANDOUS_2022,SAR_ONLY,PASS,none
TN_MANDOUS_2022_023788,TN_MANDOUS_2022,SAR_ONLY,PASS,none
TN_MANDOUS_2022_028319,TN_MANDOUS_2022,SAR_ONLY,PASS,none
TN_MANDOUS_2022_030296,TN_MANDOUS_2022,SAR_ONLY,PASS,none
TN_MANDOUS_2022_003702,TN_MANDOUS_2022,SAR_ONLY,PASS,none
TN_MANDOUS_2022_003865,TN_MANDOUS_2022,SAR_ONLY,PASS,none
TN_MANDOUS_2022_008244,TN_MANDOUS_2022,SAR_ONLY,PASS,none
TN_MANDOUS_2022_010533,TN_MANDOUS_2022,SAR_ONLY,PASS,none
TN_MANDOUS_2022_012882,TN_MANDOUS_2022,SAR_ONLY,PASS,none
TN_MANDOUS_2022_019032,TN_MANDOUS_2022,SAR_ONLY,PASS,none
TN_MANDOUS_2022_019087,TN_MANDOUS_2022,SAR_ONLY,PASS,none
TN_MANDOUS_2022_024266,TN_MANDOUS_2022,SAR_ONLY,PASS,none
TN_MANDOUS_2022_028302,TN_MANDOUS_2022,SAR_ONLY,PASS,none
TN_MANDOUS_2022_030950,TN_MANDOUS_2022,SAR_ONLY,PASS,none
TN_MANDOUS_2022_010466,TN_MANDOUS_2022,SAR_ONLY,PASS,none
TN_MANDOUS_2022_014395,TN_MANDOUS_2022,SAR_ONLY,PASS,none
TN_MANDOUS_2022_020004,TN_MANDOUS_2022,SAR_ONLY,PASS,none
TN_MANDOUS_2022_020381,TN_MANDOUS_2022,SAR_ONLY,PASS,none
TN_MANDOUS_2022_028598,TN_MANDOUS_2022,SAR_ONLY,PASS,none
TN_MANDOUS_2022_030958,TN_MANDOUS_2022,SAR_ONLY,PASS,none
TN_MANDOUS_2022_016931,TN_MANDOUS_2022,SAR_ONLY,PASS,none
TN_MANDOUS_2022_021232,TN_MANDOUS_2022,SAR_ONLY,PASS,none
TN_MANDOUS_2022_021230,TN_MANDOUS_2022,SAR_ONLY,PASS,none
TN_MANDOUS_2022_025097,TN_MANDOUS_2022,SAR_ONLY,PASS,none
TN_MANDOUS_2022_028680,TN_MANDOUS_2022,SAR_ONLY,PASS,none
TN_MANDOUS_2022_033113,TN_MANDOUS_2022,SAR_ONLY,PASS,none
TN_MANDOUS_2022_026140,TN_MANDOUS_2022,SAR_ONLY,PASS,none
TN_MANDOUS_2022_033095,TN_MANDOUS_2022,SAR_ONLY,PASS,none
TN_MANDOUS_2022_033028,TN_MANDOUS_2022,SAR_ONLY,PASS,none
TN_MANDOUS_2022_033567,TN_MANDOUS_2022,SAR_ONLY,PASS,none
TN_MANDOUS_2022_000022,TN_MANDOUS_2022,SAR_ONLY,PASS,none
TN_MANDOUS_2022_000045,TN_MANDOUS_2022,SAR_ONLY,PASS,none
TN_MANDOUS_2022_004705,TN_MANDOUS_2022,SAR_ONLY,PASS,none
TN_MANDOUS_2022_008673,TN_MANDOUS_2022,SAR_ONLY,PASS,none
TN_MANDOUS_2022_011519,TN_MANDOUS_2022,SAR_ONLY,PASS,none
TN_MANDOUS_2022_017515,TN_MANDOUS_2022,SAR_ONLY,PASS,none
TN_MANDOUS_2022_017630,TN_MANDOUS_2022,SAR_ONLY,PASS,none
TN_MANDOUS_2022_021970,TN_MANDOUS_2022,SAR_ONLY,PASS,none
TN_MANDOUS_2022_026506,TN_MANDOUS_2022,SAR_ONLY,PASS,none
TN_MANDOUS_2022_029039,TN_MANDOUS_2022,SAR_ONLY,PASS,none
TN_MANDOUS_2022_000231,TN_MANDOUS_2022,SAR_ONLY,PASS,none
TN_MANDOUS_2022_000658,TN_MANDOUS_2022,SAR_ONLY,PASS,none
TN_MANDOUS_2022_006630,TN_MANDOUS_2022,SAR_ONLY,PASS,none
TN_MANDOUS_2022_011491,TN_MANDOUS_2022,SAR_ONLY,PASS,none
TN_MANDOUS_2022_011540,TN_MANDOUS_2022,SAR_ONLY,PASS,none
TN_MANDOUS_2022_017520,TN_MANDOUS_2022,SAR_ONLY,PASS,none
TN_MANDOUS_2022_018149,TN_MANDOUS_2022,SAR_ONLY,PASS,none
TN_MANDOUS_2022_022788,TN_MANDOUS_2022,SAR_ONLY,PASS,none
TN_MANDOUS_2022_026789,TN_MANDOUS_2022,SAR_ONLY,PASS,none
TN_MANDOUS_2022_029387,TN_MANDOUS_2022,SAR_ONLY,PASS,none
TN_MANDOUS_2022_002424,TN_MANDOUS_2022,SAR_ONLY,PASS,none
TN_MANDOUS_2022_006443,TN_MANDOUS_2022,SAR_ONLY,PASS,none
TN_MANDOUS_2022_006792,TN_MANDOUS_2022,SAR_ONLY,PASS,none
TN_MANDOUS_2022_008881,TN_MANDOUS_2022,SAR_ONLY,PASS,none
TN_MANDOUS_2022_011851,TN_MANDOUS_2022,SAR_ONLY,PASS,none
TN_MANDOUS_2022_018341,TN_MANDOUS_2022,SAR_ONLY,PASS,none
TN_MANDOUS_2022_018593,TN_MANDOUS_2022,SAR_ONLY,PASS,none
TN_MANDOUS_2022_022811,TN_MANDOUS_2022,SAR_ONLY,PASS,none
TN_MANDOUS_2022_027167,TN_MANDOUS_2022,SAR_ONLY,PASS,none
TN_MANDOUS_2022_029577,TN_MANDOUS_2022,SAR_ONLY,PASS,none
TN_MANDOUS_2022_003715,TN_MANDOUS_2022,SAR_ONLY,PASS,none
TN_MANDOUS_2022_003827,TN_MANDOUS_2022,SAR_ONLY,PASS,none
TN_MANDOUS_2022_007595,TN_MANDOUS_2022,SAR_ONLY,PASS,none
TN_MANDOUS_2022_013177,TN_MANDOUS_2022,SAR_ONLY,PASS,none
TN_MANDOUS_2022_012864,TN_MANDOUS_2022,SAR_ONLY,PASS,none
TN_MANDOUS_2022_019047,TN_MANDOUS_2022,SAR_ONLY,PASS,none
TN_MANDOUS_2022_019053,TN_MANDOUS_2022,SAR_ONLY,PASS,none
TN_MANDOUS_2022_023929,TN_MANDOUS_2022,SAR_ONLY,PASS,none
TN_MANDOUS_2022_028346,TN_MANDOUS_2022,SAR_ONLY,PASS,none
TN_MANDOUS_2022_030298,TN_MANDOUS_2022,SAR_ONLY,PASS,none
TN_MANDOUS_2022_003703,TN_MANDOUS_2022,SAR_ONLY,PASS,none
TN_MANDOUS_2022_003871,TN_MANDOUS_2022,SAR_ONLY,PASS,none
TN_MANDOUS_2022_008247,TN_MANDOUS_2022,SAR_ONLY,PASS,none
TN_MANDOUS_2022_010535,TN_MANDOUS_2022,SAR_ONLY,PASS,none
TN_MANDOUS_2022_012886,TN_MANDOUS_2022,SAR_ONLY,PASS,none
TN_MANDOUS_2022_019033,TN_MANDOUS_2022,SAR_ONLY,PASS,none
TN_MANDOUS_2022_019095,TN_MANDOUS_2022,SAR_ONLY,PASS,none
TN_MANDOUS_2022_024436,TN_MANDOUS_2022,SAR_ONLY,PASS,none
TN_MANDOUS_2022_028324,TN_MANDOUS_2022,SAR_ONLY,PASS,none
TN_MANDOUS_2022_030953,TN_MANDOUS_2022,SAR_ONLY,PASS,none
TN_MANDOUS_2022_010467,TN_MANDOUS_2022,SAR_ONLY,PASS,none
TN_MANDOUS_2022_014400,TN_MANDOUS_2022,SAR_ONLY,PASS,none
TN_MANDOUS_2022_020005,TN_MANDOUS_2022,SAR_ONLY,PASS,none
TN_MANDOUS_2022_020384,TN_MANDOUS_2022,SAR_ONLY,PASS,none
TN_MANDOUS_2022_028600,TN_MANDOUS_2022,SAR_ONLY,PASS,none
TN_MANDOUS_2022_030961,TN_MANDOUS_2022,SAR_ONLY,PASS,none
TN_MANDOUS_2022_016933,TN_MANDOUS_2022,SAR_ONLY,PASS,none
TN_MANDOUS_2022_021233,TN_MANDOUS_2022,SAR_ONLY,PASS,none
TN_MANDOUS_2022_021231,TN_MANDOUS_2022,SAR_ONLY,PASS,none
TN_MANDOUS_2022_025101,TN_MANDOUS_2022,SAR_ONLY,PASS,none
TN_MANDOUS_2022_028683,TN_MANDOUS_2022,SAR_ONLY,PASS,none
TN_MANDOUS_2022_033128,TN_MANDOUS_2022,SAR_ONLY,PASS,none
TN_MANDOUS_2022_026368,TN_MANDOUS_2022,SAR_ONLY,PASS,none
TN_MANDOUS_2022_033096,TN_MANDOUS_2022,SAR_ONLY,PASS,none
TN_MANDOUS_2022_033029,TN_MANDOUS_2022,SAR_ONLY,PASS,none
TN_MANDOUS_2022_033571,TN_MANDOUS_2022,SAR_ONLY,PASS,none
TN_MANDOUS_2022_000024,TN_MANDOUS_2022,SAR_ONLY,PASS,none
TN_MANDOUS_2022_000048,TN_MANDOUS_2022,SAR_ONLY,PASS,none
TN_MANDOUS_2022_004710,TN_MANDOUS_2022,SAR_ONLY,PASS,none
TN_MANDOUS_2022_008677,TN_MANDOUS_2022,SAR_ONLY,PASS,none
TN_MANDOUS_2022_011521,TN_MANDOUS_2022,SAR_ONLY,PASS,none
TN_MANDOUS_2022_017517,TN_MANDOUS_2022,SAR_ONLY,PASS,none
TN_MANDOUS_2022_017632,TN_MANDOUS_2022,SAR_ONLY,PASS,none
TN_MANDOUS_2022_021971,TN_MANDOUS_2022,SAR_ONLY,PASS,none
TN_MANDOUS_2022_026516,TN_MANDOUS_2022,SAR_ONLY,PASS,none
TN_MANDOUS_2022_029040,TN_MANDOUS_2022,SAR_ONLY,PASS,none
TN_MANDOUS_2022_000240,TN_MANDOUS_2022,SAR_ONLY,PASS,none
TN_MANDOUS_2022_000684,TN_MANDOUS_2022,SAR_ONLY,PASS,none
TN_MANDOUS_2022_006678,TN_MANDOUS_2022,SAR_ONLY,PASS,none
TN_MANDOUS_2022_011505,TN_MANDOUS_2022,SAR_ONLY,PASS,none
TN_MANDOUS_2022_011544,TN_MANDOUS_2022,SAR_ONLY,PASS,none
TN_MANDOUS_2022_017525,TN_MANDOUS_2022,SAR_ONLY,PASS,none
TN_MANDOUS_2022_018154,TN_MANDOUS_2022,SAR_ONLY,PASS,none
TN_MANDOUS_2022_022798,TN_MANDOUS_2022,SAR_ONLY,PASS,none
TN_MANDOUS_2022_026801,TN_MANDOUS_2022,SAR_ONLY,PASS,none
TN_MANDOUS_2022_029417,TN_MANDOUS_2022,SAR_ONLY,PASS,none
TN_MANDOUS_2022_002433,TN_MANDOUS_2022,SAR_ONLY,PASS,none
TN_MANDOUS_2022_006445,TN_MANDOUS_2022,SAR_ONLY,PASS,none
TN_MANDOUS_2022_006812,TN_MANDOUS_2022,SAR_ONLY,PASS,none
TN_MANDOUS_2022_008882,TN_MANDOUS_2022,SAR_ONLY,PASS,none
TN_MANDOUS_2022_011852,TN_MANDOUS_2022,SAR_ONLY,PASS,none
TN_MANDOUS_2022_018349,TN_MANDOUS_2022,SAR_ONLY,PASS,none
TN_MANDOUS_2022_018614,TN_MANDOUS_2022,SAR_ONLY,PASS,none
TN_MANDOUS_2022_022817,TN_MANDOUS_2022,SAR_ONLY,PASS,none
TN_MANDOUS_2022_027171,TN_MANDOUS_2022,SAR_ONLY,PASS,none
TN_MANDOUS_2022_029578,TN_MANDOUS_2022,SAR_ONLY,PASS,none
TN_MANDOUS_2022_003719,TN_MANDOUS_2022,SAR_ONLY,PASS,none
TN_MANDOUS_2022_003829,TN_MANDOUS_2022,SAR_ONLY,PASS,none
TN_MANDOUS_2022_007603,TN_MANDOUS_2022,SAR_ONLY,PASS,none
TN_MANDOUS_2022_013203,TN_MANDOUS_2022,SAR_ONLY,PASS,none
TN_MANDOUS_2022_012866,TN_MANDOUS_2022,SAR_ONLY,PASS,none
TN_MANDOUS_2022_019048,TN_MANDOUS_2022,SAR_ONLY,PASS,none
TN_MANDOUS_2022_019055,TN_MANDOUS_2022,SAR_ONLY,PASS,none
TN_MANDOUS_2022_023941,TN_MANDOUS_2022,SAR_ONLY,PASS,none
TN_MANDOUS_2022_028347,TN_MANDOUS_2022,SAR_ONLY,PASS,none
TN_MANDOUS_2022_030299,TN_MANDOUS_2022,SAR_ONLY,PASS,none
TN_MANDOUS_2022_003704,TN_MANDOUS_2022,SAR_ONLY,PASS,none
TN_MANDOUS_2022_003929,TN_MANDOUS_2022,SAR_ONLY,PASS,none
TN_MANDOUS_2022_008249,TN_MANDOUS_2022,SAR_ONLY,PASS,none
TN_MANDOUS_2022_010555,TN_MANDOUS_2022,SAR_ONLY,PASS,none
TN_MANDOUS_2022_012889,TN_MANDOUS_2022,SAR_ONLY,PASS,none
TN_MANDOUS_2022_019034,TN_MANDOUS_2022,SAR_ONLY,PASS,none
TN_MANDOUS_2022_019100,TN_MANDOUS_2022,SAR_ONLY,PASS,none
TN_MANDOUS_2022_024657,TN_MANDOUS_2022,SAR_ONLY,PASS,none
TN_MANDOUS_2022_028338,TN_MANDOUS_2022,SAR_ONLY,PASS,none
TN_MANDOUS_2022_030957,TN_MANDOUS_2022,SAR_ONLY,PASS,none
TN_MANDOUS_2022_010469,TN_MANDOUS_2022,SAR_ONLY,PASS,none
TN_MANDOUS_2022_014402,TN_MANDOUS_2022,SAR_ONLY,PASS,none
TN_MANDOUS_2022_020006,TN_MANDOUS_2022,SAR_ONLY,PASS,none
TN_MANDOUS_2022_021321,TN_MANDOUS_2022,SAR_ONLY,PASS,none
TN_MANDOUS_2022_028603,TN_MANDOUS_2022,SAR_ONLY,PASS,none
TN_MANDOUS_2022_030962,TN_MANDOUS_2022,SAR_ONLY,PASS,none
TN_MANDOUS_2022_016936,TN_MANDOUS_2022,SAR_ONLY,PASS,none
TN_MANDOUS_2022_021235,TN_MANDOUS_2022,SAR_ONLY,PASS,none
TN_MANDOUS_2022_021234,TN_MANDOUS_2022,SAR_ONLY,PASS,none
TN_MANDOUS_2022_025105,TN_MANDOUS_2022,SAR_ONLY,PASS,none
TN_MANDOUS_2022_028686,TN_MANDOUS_2022,SAR_ONLY,PASS,none
TN_MANDOUS_2022_033158,TN_MANDOUS_2022,SAR_ONLY,PASS,none
TN_MANDOUS_2022_028654,TN_MANDOUS_2022,SAR_ONLY,PASS,none
TN_MANDOUS_2022_033099,TN_MANDOUS_2022,SAR_ONLY,PASS,none
TN_MANDOUS_2022_033030,TN_MANDOUS_2022,SAR_ONLY,PASS,none
TN_MANDOUS_2022_033590,TN_MANDOUS_2022,SAR_ONLY,PASS,none
TN_MANDOUS_2022_000025,TN_MANDOUS_2022,SAR_ONLY,PASS,none
TN_MANDOUS_2022_000050,TN_MANDOUS_2022,SAR_ONLY,PASS,none
TN_MANDOUS_2022_004712,TN_MANDOUS_2022,SAR_ONLY,PASS,none
TN_MANDOUS_2022_008679,TN_MANDOUS_2022,SAR_ONLY,PASS,none
TN_MANDOUS_2022_011524,TN_MANDOUS_2022,SAR_ONLY,PASS,none
TN_MANDOUS_2022_017518,TN_MANDOUS_2022,SAR_ONLY,PASS,none
TN_MANDOUS_2022_017634,TN_MANDOUS_2022,SAR_ONLY,PASS,none
TN_MANDOUS_2022_021973,TN_MANDOUS_2022,SAR_ONLY,PASS,none
TN_MANDOUS_2022_026518,TN_MANDOUS_2022,SAR_ONLY,PASS,none
TN_MANDOUS_2022_029041,TN_MANDOUS_2022,SAR_ONLY,PASS,none
TN_MANDOUS_2022_000241,TN_MANDOUS_2022,SAR_ONLY,PASS,none
TN_MANDOUS_2022_000732,TN_MANDOUS_2022,SAR_ONLY,PASS,none
TN_MANDOUS_2022_006679,TN_MANDOUS_2022,SAR_ONLY,PASS,none
TN_MANDOUS_2022_011508,TN_MANDOUS_2022,SAR_ONLY,PASS,none
TN_MANDOUS_2022_011546,TN_MANDOUS_2022,SAR_ONLY,PASS,none
TN_MANDOUS_2022_017527,TN_MANDOUS_2022,SAR_ONLY,PASS,none
TN_MANDOUS_2022_018167,TN_MANDOUS_2022,SAR_ONLY,PASS,none
TN_MANDOUS_2022_022799,TN_MANDOUS_2022,SAR_ONLY,PASS,none
TN_MANDOUS_2022_026891,TN_MANDOUS_2022,SAR_ONLY,PASS,none
TN_MANDOUS_2022_029429,TN_MANDOUS_2022,SAR_ONLY,PASS,none
TN_MANDOUS_2022_002435,TN_MANDOUS_2022,SAR_ONLY,PASS,none
TN_MANDOUS_2022_006446,TN_MANDOUS_2022,SAR_ONLY,PASS,none
TN_MANDOUS_2022_006813,TN_MANDOUS_2022,SAR_ONLY,PASS,none
TN_MANDOUS_2022_008886,TN_MANDOUS_2022,SAR_ONLY,PASS,none
TN_MANDOUS_2022_011859,TN_MANDOUS_2022,SAR_ONLY,PASS,none
TN_MANDOUS_2022_018351,TN_MANDOUS_2022,SAR_ONLY,PASS,none
TN_MANDOUS_2022_018615,TN_MANDOUS_2022,SAR_ONLY,PASS,none
TN_MANDOUS_2022_022821,TN_MANDOUS_2022,SAR_ONLY,PASS,none
TN_MANDOUS_2022_027175,TN_MANDOUS_2022,SAR_ONLY,PASS,none
TN_MANDOUS_2022_029579,TN_MANDOUS_2022,SAR_ONLY,PASS,none
TN_MANDOUS_2022_003721,TN_MANDOUS_2022,SAR_ONLY,PASS,none
TN_MANDOUS_2022_003838,TN_MANDOUS_2022,SAR_ONLY,PASS,none
TN_MANDOUS_2022_007604,TN_MANDOUS_2022,SAR_ONLY,PASS,none
TN_MANDOUS_2022_013211,TN_MANDOUS_2022,SAR_ONLY,PASS,none
TN_MANDOUS_2022_012867,TN_MANDOUS_2022,SAR_ONLY,PASS,none
TN_MANDOUS_2022_019051,TN_MANDOUS_2022,SAR_ONLY,PASS,none
TN_MANDOUS_2022_019057,TN_MANDOUS_2022,SAR_ONLY,PASS,none
TN_MANDOUS_2022_023943,TN_MANDOUS_2022,SAR_ONLY,PASS,none
TN_MANDOUS_2022_028354,TN_MANDOUS_2022,SAR_ONLY,PASS,none
TN_MANDOUS_2022_030301,TN_MANDOUS_2022,SAR_ONLY,PASS,none
TN_MANDOUS_2022_003705,TN_MANDOUS_2022,SAR_ONLY,PASS,none
TN_MANDOUS_2022_003931,TN_MANDOUS_2022,SAR_ONLY,PASS,none
TN_MANDOUS_2022_008254,TN_MANDOUS_2022,SAR_ONLY,PASS,none
TN_MANDOUS_2022_010562,TN_MANDOUS_2022,SAR_ONLY,PASS,none
TN_MANDOUS_2022_012891,TN_MANDOUS_2022,SAR_ONLY,PASS,none
TN_MANDOUS_2022_019036,TN_MANDOUS_2022,SAR_ONLY,PASS,none
TN_MANDOUS_2022_019104,TN_MANDOUS_2022,SAR_ONLY,PASS,none
TN_MANDOUS_2022_024764,TN_MANDOUS_2022,SAR_ONLY,PASS,none
TN_MANDOUS_2022_028351,TN_MANDOUS_2022,SAR_ONLY,PASS,none
TN_MANDOUS_2022_030959,TN_MANDOUS_2022,SAR_ONLY,PASS,none
TN_MANDOUS_2022_010470,TN_MANDOUS_2022,SAR_ONLY,PASS,none
TN_MANDOUS_2022_014403,TN_MANDOUS_2022,SAR_ONLY,PASS,none
TN_MANDOUS_2022_020007,TN_MANDOUS_2022,SAR_ONLY,PASS,none
TN_MANDOUS_2022_021324,TN_MANDOUS_2022,SAR_ONLY,PASS,none
TN_MANDOUS_2022_028604,TN_MANDOUS_2022,SAR_ONLY,PASS,none
TN_MANDOUS_2022_030965,TN_MANDOUS_2022,SAR_ONLY,PASS,none
TN_MANDOUS_2022_016937,TN_MANDOUS_2022,SAR_ONLY,PASS,none
TN_MANDOUS_2022_021240,TN_MANDOUS_2022,SAR_ONLY,PASS,none
TN_MANDOUS_2022_021238,TN_MANDOUS_2022,SAR_ONLY,PASS,none
TN_MANDOUS_2022_025107,TN_MANDOUS_2022,SAR_ONLY,PASS,none
TN_MANDOUS_2022_028688,TN_MANDOUS_2022,SAR_ONLY,PASS,none
TN_MANDOUS_2022_033165,TN_MANDOUS_2022,SAR_ONLY,PASS,none
TN_MANDOUS_2022_028757,TN_MANDOUS_2022,SAR_ONLY,PASS,none
TN_MANDOUS_2022_033105,TN_MANDOUS_2022,SAR_ONLY,PASS,none
TN_MANDOUS_2022_033032,TN_MANDOUS_2022,SAR_ONLY,PASS,none
TN_MANDOUS_2022_033626,TN_MANDOUS_2022,SAR_ONLY,PASS,none
TN_MANDOUS_2022_000026,TN_MANDOUS_2022,SAR_ONLY,PASS,none
TN_MANDOUS_2022_000051,TN_MANDOUS_2022,SAR_ONLY,PASS,none
TN_MANDOUS_2022_004723,TN_MANDOUS_2022,SAR_ONLY,PASS,none
TN_MANDOUS_2022_008680,TN_MANDOUS_2022,SAR_ONLY,PASS,none
TN_MANDOUS_2022_011526,TN_MANDOUS_2022,SAR_ONLY,PASS,none
TN_MANDOUS_2022_017521,TN_MANDOUS_2022,SAR_ONLY,PASS,none
TN_MANDOUS_2022_017673,TN_MANDOUS_2022,SAR_ONLY,PASS,none
TN_MANDOUS_2022_021974,TN_MANDOUS_2022,SAR_ONLY,PASS,none
TN_MANDOUS_2022_026519,TN_MANDOUS_2022,SAR_ONLY,PASS,none
TN_MANDOUS_2022_029042,TN_MANDOUS_2022,SAR_ONLY,PASS,none
TN_MANDOUS_2022_000245,TN_MANDOUS_2022,SAR_ONLY,PASS,none
TN_MANDOUS_2022_000758,TN_MANDOUS_2022,SAR_ONLY,PASS,none
TN_MANDOUS_2022_006689,TN_MANDOUS_2022,SAR_ONLY,PASS,none
TN_MANDOUS_2022_011511,TN_MANDOUS_2022,SAR_ONLY,PASS,none
TN_MANDOUS_2022_011551,TN_MANDOUS_2022,SAR_ONLY,PASS,none
TN_MANDOUS_2022_017534,TN_MANDOUS_2022,SAR_ONLY,PASS,none
TN_MANDOUS_2022_018398,TN_MANDOUS_2022,SAR_ONLY,PASS,none
TN_MANDOUS_2022_022810,TN_MANDOUS_2022,SAR_ONLY,PASS,none
TN_MANDOUS_2022_027019,TN_MANDOUS_2022,SAR_ONLY,PASS,none
TN_MANDOUS_2022_029466,TN_MANDOUS_2022,SAR_ONLY,PASS,none
TN_MANDOUS_2022_002442,TN_MANDOUS_2022,SAR_ONLY,PASS,none
TN_MANDOUS_2022_006448,TN_MANDOUS_2022,SAR_ONLY,PASS,none
TN_MANDOUS_2022_006825,TN_MANDOUS_2022,SAR_ONLY,PASS,none
TN_MANDOUS_2022_008887,TN_MANDOUS_2022,SAR_ONLY,PASS,none
TN_MANDOUS_2022_011860,TN_MANDOUS_2022,SAR_ONLY,PASS,none
TN_MANDOUS_2022_018352,TN_MANDOUS_2022,SAR_ONLY,PASS,none
TN_MANDOUS_2022_018628,TN_MANDOUS_2022,SAR_ONLY,PASS,none
TN_MANDOUS_2022_022835,TN_MANDOUS_2022,SAR_ONLY,PASS,none
TN_MANDOUS_2022_027180,TN_MANDOUS_2022,SAR_ONLY,PASS,none
TN_MANDOUS_2022_029580,TN_MANDOUS_2022,SAR_ONLY,PASS,none
TN_MANDOUS_2022_003724,TN_MANDOUS_2022,SAR_ONLY,PASS,none
TN_MANDOUS_2022_003858,TN_MANDOUS_2022,SAR_ONLY,PASS,none
TN_MANDOUS_2022_007605,TN_MANDOUS_2022,SAR_ONLY,PASS,none
TN_MANDOUS_2022_013287,TN_MANDOUS_2022,SAR_ONLY,PASS,none
TN_MANDOUS_2022_012868,TN_MANDOUS_2022,SAR_ONLY,PASS,none
TN_MANDOUS_2022_019052,TN_MANDOUS_2022,SAR_ONLY,PASS,none
TN_MANDOUS_2022_019058,TN_MANDOUS_2022,SAR_ONLY,PASS,none
TN_MANDOUS_2022_023962,TN_MANDOUS_2022,SAR_ONLY,PASS,none
TN_MANDOUS_2022_028357,TN_MANDOUS_2022,SAR_ONLY,PASS,none
TN_MANDOUS_2022_030303,TN_MANDOUS_2022,SAR_ONLY,PASS,none
TN_MANDOUS_2022_003706,TN_MANDOUS_2022,SAR_ONLY,PASS,none
TN_MANDOUS_2022_003939,TN_MANDOUS_2022,SAR_ONLY,PASS,none
TN_MANDOUS_2022_008256,TN_MANDOUS_2022,SAR_ONLY,PASS,none
TN_MANDOUS_2022_010564,TN_MANDOUS_2022,SAR_ONLY,PASS,none
TN_MANDOUS_2022_012893,TN_MANDOUS_2022,SAR_ONLY,PASS,none
TN_MANDOUS_2022_019037,TN_MANDOUS_2022,SAR_ONLY,PASS,none
TN_MANDOUS_2022_019115,TN_MANDOUS_2022,SAR_ONLY,PASS,none
TN_MANDOUS_2022_024773,TN_MANDOUS_2022,SAR_ONLY,PASS,none
TN_MANDOUS_2022_028366,TN_MANDOUS_2022,SAR_ONLY,PASS,none
TN_MANDOUS_2022_030960,TN_MANDOUS_2022,SAR_ONLY,PASS,none
TN_MANDOUS_2022_010471,TN_MANDOUS_2022,SAR_ONLY,PASS,none
TN_MANDOUS_2022_014405,TN_MANDOUS_2022,SAR_ONLY,PASS,none
TN_MANDOUS_2022_020008,TN_MANDOUS_2022,SAR_ONLY,PASS,none
TN_MANDOUS_2022_021415,TN_MANDOUS_2022,SAR_ONLY,PASS,none
TN_MANDOUS_2022_028613,TN_MANDOUS_2022,SAR_ONLY,PASS,none
TN_MANDOUS_2022_030966,TN_MANDOUS_2022,SAR_ONLY,PASS,none
TN_MANDOUS_2022_016939,TN_MANDOUS_2022,SAR_ONLY,PASS,none
TN_MANDOUS_2022_021242,TN_MANDOUS_2022,SAR_ONLY,PASS,none
TN_MANDOUS_2022_021239,TN_MANDOUS_2022,SAR_ONLY,PASS,none
TN_MANDOUS_2022_025109,TN_MANDOUS_2022,SAR_ONLY,PASS,none
TN_MANDOUS_2022_028696,TN_MANDOUS_2022,SAR_ONLY,PASS,none
TN_MANDOUS_2022_033174,TN_MANDOUS_2022,SAR_ONLY,PASS,none
TN_MANDOUS_2022_028856,TN_MANDOUS_2022,SAR_ONLY,PASS,none
TN_MANDOUS_2022_033116,TN_MANDOUS_2022,SAR_ONLY,PASS,none
TN_MANDOUS_2022_033033,TN_MANDOUS_2022,SAR_ONLY,PASS,none
TN_MANDOUS_2022_033651,TN_MANDOUS_2022,SAR_ONLY,PASS,none
TN_MANDOUS_2022_000028,TN_MANDOUS_2022,SAR_ONLY,PASS,none
TN_MANDOUS_2022_000055,TN_MANDOUS_2022,SAR_ONLY,PASS,none
TN_MANDOUS_2022_004727,TN_MANDOUS_2022,SAR_ONLY,PASS,none
TN_MANDOUS_2022_008685,TN_MANDOUS_2022,SAR_ONLY,PASS,none
TN_MANDOUS_2022_011528,TN_MANDOUS_2022,SAR_ONLY,PASS,none
TN_MANDOUS_2022_017522,TN_MANDOUS_2022,SAR_ONLY,PASS,none
TN_MANDOUS_2022_017692,TN_MANDOUS_2022,SAR_ONLY,PASS,none
TN_MANDOUS_2022_021975,TN_MANDOUS_2022,SAR_ONLY,PASS,none
TN_MANDOUS_2022_026521,TN_MANDOUS_2022,SAR_ONLY,PASS,none
TN_MANDOUS_2022_029044,TN_MANDOUS_2022,SAR_ONLY,PASS,none
TN_MANDOUS_2022_000246,TN_MANDOUS_2022,SAR_ONLY,PASS,none
TN_MANDOUS_2022_000821,TN_MANDOUS_2022,SAR_ONLY,PASS,none
TN_MANDOUS_2022_006740,TN_MANDOUS_2022,SAR_ONLY,PASS,none
TN_MANDOUS_2022_011517,TN_MANDOUS_2022,SAR_ONLY,PASS,none
TN_MANDOUS_2022_011557,TN_MANDOUS_2022,SAR_ONLY,PASS,none
TN_MANDOUS_2022_017536,TN_MANDOUS_2022,SAR_ONLY,PASS,none
TN_MANDOUS_2022_018597,TN_MANDOUS_2022,SAR_ONLY,PASS,none
TN_MANDOUS_2022_022832,TN_MANDOUS_2022,SAR_ONLY,PASS,none
TN_MANDOUS_2022_027071,TN_MANDOUS_2022,SAR_ONLY,PASS,none
TN_MANDOUS_2022_029516,TN_MANDOUS_2022,SAR_ONLY,PASS,none
TN_MANDOUS_2022_002447,TN_MANDOUS_2022,SAR_ONLY,PASS,none
TN_MANDOUS_2022_006449,TN_MANDOUS_2022,SAR_ONLY,PASS,none
TN_MANDOUS_2022_006841,TN_MANDOUS_2022,SAR_ONLY,PASS,none
TN_MANDOUS_2022_008888,TN_MANDOUS_2022,SAR_ONLY,PASS,none
TN_MANDOUS_2022_011862,TN_MANDOUS_2022,SAR_ONLY,PASS,none
TN_MANDOUS_2022_018354,TN_MANDOUS_2022,SAR_ONLY,PASS,none
TN_MANDOUS_2022_018632,TN_MANDOUS_2022,SAR_ONLY,PASS,none
TN_MANDOUS_2022_022840,TN_MANDOUS_2022,SAR_ONLY,PASS,none
TN_MANDOUS_2022_027187,TN_MANDOUS_2022,SAR_ONLY,PASS,none
TN_SOUTHERN_FLOOD_2023_000002,TN_SOUTHERN_FLOOD_2023,SAR_ONLY,FAIL,non_finite_values_in_sar_pre;non_finite_values_in_sar_post
TN_SOUTHERN_FLOOD_2023_000003,TN_SOUTHERN_FLOOD_2023,SAR_ONLY,FAIL,non_finite_values_in_sar_pre;non_finite_values_in_sar_post
TN_SOUTHERN_FLOOD_2023_011241,TN_SOUTHERN_FLOOD_2023,SAR_ONLY,FAIL,non_finite_values_in_sar_pre;non_finite_values_in_sar_post
TN_SOUTHERN_FLOOD_2023_034258,TN_SOUTHERN_FLOOD_2023,SAR_ONLY,FAIL,non_finite_values_in_sar_pre;non_finite_values_in_sar_post
TN_SOUTHERN_FLOOD_2023_064769,TN_SOUTHERN_FLOOD_2023,SAR_ONLY,FAIL,non_finite_values_in_sar_pre;non_finite_values_in_sar_post
TN_SOUTHERN_FLOOD_2023_103087,TN_SOUTHERN_FLOOD_2023,SAR_ONLY,FAIL,non_finite_values_in_sar_pre;non_finite_values_in_sar_post
TN_SOUTHERN_FLOOD_2023_103230,TN_SOUTHERN_FLOOD_2023,SAR_ONLY,FAIL,non_finite_values_in_sar_pre;non_finite_values_in_sar_post
TN_SOUTHERN_FLOOD_2023_132547,TN_SOUTHERN_FLOOD_2023,SAR_ONLY,FAIL,non_finite_values_in_sar_pre;non_finite_values_in_sar_post
TN_SOUTHERN_FLOOD_2023_146885,TN_SOUTHERN_FLOOD_2023,SAR_ONLY,PASS,none
TN_SOUTHERN_FLOOD_2023_158837,TN_SOUTHERN_FLOOD_2023,SAR_ONLY,PASS,none
TN_SOUTHERN_FLOOD_2023_000005,TN_SOUTHERN_FLOOD_2023,SAR_ONLY,FAIL,non_finite_values_in_sar_pre;non_finite_values_in_sar_post
TN_SOUTHERN_FLOOD_2023_000001,TN_SOUTHERN_FLOOD_2023,SAR_ONLY,FAIL,non_finite_values_in_sar_pre;non_finite_values_in_sar_post
TN_SOUTHERN_FLOOD_2023_011271,TN_SOUTHERN_FLOOD_2023,SAR_ONLY,FAIL,non_finite_values_in_sar_pre;non_finite_values_in_sar_post
TN_SOUTHERN_FLOOD_2023_034260,TN_SOUTHERN_FLOOD_2023,SAR_ONLY,FAIL,non_finite_values_in_sar_pre;non_finite_values_in_sar_post
TN_SOUTHERN_FLOOD_2023_064772,TN_SOUTHERN_FLOOD_2023,SAR_ONLY,FAIL,non_finite_values_in_sar_pre;non_finite_values_in_sar_post
TN_SOUTHERN_FLOOD_2023_103110,TN_SOUTHERN_FLOOD_2023,SAR_ONLY,FAIL,non_finite_values_in_sar_pre;non_finite_values_in_sar_post
TN_SOUTHERN_FLOOD_2023_103434,TN_SOUTHERN_FLOOD_2023,SAR_ONLY,FAIL,non_finite_values_in_sar_pre;non_finite_values_in_sar_post
TN_SOUTHERN_FLOOD_2023_132551,TN_SOUTHERN_FLOOD_2023,SAR_ONLY,FAIL,non_finite_values_in_sar_pre;non_finite_values_in_sar_post
TN_SOUTHERN_FLOOD_2023_147306,TN_SOUTHERN_FLOOD_2023,SAR_ONLY,PASS,none
TN_SOUTHERN_FLOOD_2023_158840,TN_SOUTHERN_FLOOD_2023,SAR_ONLY,PASS,none
TN_SOUTHERN_FLOOD_2023_002178,TN_SOUTHERN_FLOOD_2023,SAR_ONLY,FAIL,non_finite_values_in_sar_pre;non_finite_values_in_sar_post
TN_SOUTHERN_FLOOD_2023_002269,TN_SOUTHERN_FLOOD_2023,SAR_ONLY,FAIL,non_finite_values_in_sar_pre;non_finite_values_in_sar_post
TN_SOUTHERN_FLOOD_2023_013103,TN_SOUTHERN_FLOOD_2023,SAR_ONLY,FAIL,non_finite_values_in_sar_pre;non_finite_values_in_sar_post
TN_SOUTHERN_FLOOD_2023_038820,TN_SOUTHERN_FLOOD_2023,SAR_ONLY,FAIL,non_finite_values_in_sar_pre;non_finite_values_in_sar_post
TN_SOUTHERN_FLOOD_2023_068424,TN_SOUTHERN_FLOOD_2023,SAR_ONLY,FAIL,non_finite_values_in_sar_pre;non_finite_values_in_sar_post
TN_SOUTHERN_FLOOD_2023_105178,TN_SOUTHERN_FLOOD_2023,SAR_ONLY,FAIL,non_finite_values_in_sar_pre;non_finite_values_in_sar_post
TN_SOUTHERN_FLOOD_2023_105180,TN_SOUTHERN_FLOOD_2023,SAR_ONLY,FAIL,non_finite_values_in_sar_pre;non_finite_values_in_sar_post
TN_SOUTHERN_FLOOD_2023_133511,TN_SOUTHERN_FLOOD_2023,SAR_ONLY,FAIL,non_finite_values_in_sar_pre;non_finite_values_in_sar_post
TN_SOUTHERN_FLOOD_2023_147683,TN_SOUTHERN_FLOOD_2023,SAR_ONLY,PASS,none
TN_SOUTHERN_FLOOD_2023_159776,TN_SOUTHERN_FLOOD_2023,SAR_ONLY,PASS,none
TN_SOUTHERN_FLOOD_2023_002880,TN_SOUTHERN_FLOOD_2023,SAR_ONLY,FAIL,non_finite_values_in_sar_pre;non_finite_values_in_sar_post
TN_SOUTHERN_FLOOD_2023_002875,TN_SOUTHERN_FLOOD_2023,SAR_ONLY,FAIL,non_finite_values_in_sar_pre;non_finite_values_in_sar_post
TN_SOUTHERN_FLOOD_2023_013907,TN_SOUTHERN_FLOOD_2023,SAR_ONLY,FAIL,non_finite_values_in_sar_pre;non_finite_values_in_sar_post
TN_SOUTHERN_FLOOD_2023_042162,TN_SOUTHERN_FLOOD_2023,SAR_ONLY,FAIL,non_finite_values_in_sar_pre;non_finite_values_in_sar_post
TN_SOUTHERN_FLOOD_2023_073396,TN_SOUTHERN_FLOOD_2023,SAR_ONLY,FAIL,non_finite_values_in_sar_pre;non_finite_values_in_sar_post
TN_SOUTHERN_FLOOD_2023_106865,TN_SOUTHERN_FLOOD_2023,SAR_ONLY,FAIL,non_finite_values_in_sar_pre;non_finite_values_in_sar_post
TN_SOUTHERN_FLOOD_2023_106898,TN_SOUTHERN_FLOOD_2023,SAR_ONLY,FAIL,non_finite_values_in_sar_pre;non_finite_values_in_sar_post
TN_SOUTHERN_FLOOD_2023_133867,TN_SOUTHERN_FLOOD_2023,SAR_ONLY,FAIL,non_finite_values_in_sar_pre;non_finite_values_in_sar_post
TN_SOUTHERN_FLOOD_2023_148463,TN_SOUTHERN_FLOOD_2023,SAR_ONLY,PASS,none
TN_SOUTHERN_FLOOD_2023_160162,TN_SOUTHERN_FLOOD_2023,SAR_ONLY,PASS,none
TN_SOUTHERN_FLOOD_2023_004160,TN_SOUTHERN_FLOOD_2023,SAR_ONLY,FAIL,non_finite_values_in_sar_pre;non_finite_values_in_sar_post
TN_SOUTHERN_FLOOD_2023_004153,TN_SOUTHERN_FLOOD_2023,SAR_ONLY,FAIL,non_finite_values_in_sar_pre;non_finite_values_in_sar_post
TN_SOUTHERN_FLOOD_2023_015573,TN_SOUTHERN_FLOOD_2023,SAR_ONLY,FAIL,non_finite_values_in_sar_pre;non_finite_values_in_sar_post
TN_SOUTHERN_FLOOD_2023_043517,TN_SOUTHERN_FLOOD_2023,SAR_ONLY,FAIL,non_finite_values_in_sar_pre;non_finite_values_in_sar_post
TN_SOUTHERN_FLOOD_2023_078359,TN_SOUTHERN_FLOOD_2023,SAR_ONLY,FAIL,non_finite_values_in_sar_pre;non_finite_values_in_sar_post
TN_SOUTHERN_FLOOD_2023_111754,TN_SOUTHERN_FLOOD_2023,SAR_ONLY,FAIL,non_finite_values_in_sar_pre;non_finite_values_in_sar_post
TN_SOUTHERN_FLOOD_2023_111759,TN_SOUTHERN_FLOOD_2023,SAR_ONLY,FAIL,non_finite_values_in_sar_pre;non_finite_values_in_sar_post
TN_SOUTHERN_FLOOD_2023_134372,TN_SOUTHERN_FLOOD_2023,SAR_ONLY,FAIL,non_finite_values_in_sar_pre;non_finite_values_in_sar_post
TN_SOUTHERN_FLOOD_2023_150019,TN_SOUTHERN_FLOOD_2023,SAR_ONLY,PASS,none
TN_SOUTHERN_FLOOD_2023_160295,TN_SOUTHERN_FLOOD_2023,SAR_ONLY,PASS,none
TN_SOUTHERN_FLOOD_2023_005177,TN_SOUTHERN_FLOOD_2023,SAR_ONLY,FAIL,non_finite_values_in_sar_pre;non_finite_values_in_sar_post
TN_SOUTHERN_FLOOD_2023_004435,TN_SOUTHERN_FLOOD_2023,SAR_ONLY,FAIL,non_finite_values_in_sar_pre;non_finite_values_in_sar_post
TN_SOUTHERN_FLOOD_2023_015843,TN_SOUTHERN_FLOOD_2023,SAR_ONLY,FAIL,non_finite_values_in_sar_pre;non_finite_values_in_sar_post
TN_SOUTHERN_FLOOD_2023_044972,TN_SOUTHERN_FLOOD_2023,SAR_ONLY,FAIL,non_finite_values_in_sar_pre;non_finite_values_in_sar_post
TN_SOUTHERN_FLOOD_2023_083287,TN_SOUTHERN_FLOOD_2023,SAR_ONLY,FAIL,non_finite_values_in_sar_pre;non_finite_values_in_sar_post
TN_SOUTHERN_FLOOD_2023_083577,TN_SOUTHERN_FLOOD_2023,SAR_ONLY,FAIL,non_finite_values_in_sar_pre;non_finite_values_in_sar_post
TN_SOUTHERN_FLOOD_2023_116426,TN_SOUTHERN_FLOOD_2023,SAR_ONLY,FAIL,non_finite_values_in_sar_pre;non_finite_values_in_sar_post
TN_SOUTHERN_FLOOD_2023_139058,TN_SOUTHERN_FLOOD_2023,SAR_ONLY,PASS,none
TN_SOUTHERN_FLOOD_2023_150701,TN_SOUTHERN_FLOOD_2023,SAR_ONLY,PASS,none
TN_SOUTHERN_FLOOD_2023_160407,TN_SOUTHERN_FLOOD_2023,SAR_ONLY,PASS,none
TN_SOUTHERN_FLOOD_2023_005176,TN_SOUTHERN_FLOOD_2023,SAR_ONLY,FAIL,non_finite_values_in_sar_pre;non_finite_values_in_sar_post
TN_SOUTHERN_FLOOD_2023_005184,TN_SOUTHERN_FLOOD_2023,SAR_ONLY,FAIL,non_finite_values_in_sar_pre;non_finite_values_in_sar_post
TN_SOUTHERN_FLOOD_2023_019691,TN_SOUTHERN_FLOOD_2023,SAR_ONLY,FAIL,non_finite_values_in_sar_pre;non_finite_values_in_sar_post
TN_SOUTHERN_FLOOD_2023_044978,TN_SOUTHERN_FLOOD_2023,SAR_ONLY,FAIL,non_finite_values_in_sar_pre;non_finite_values_in_sar_post
TN_SOUTHERN_FLOOD_2023_083303,TN_SOUTHERN_FLOOD_2023,SAR_ONLY,FAIL,non_finite_values_in_sar_pre;non_finite_values_in_sar_post
TN_SOUTHERN_FLOOD_2023_083472,TN_SOUTHERN_FLOOD_2023,SAR_ONLY,FAIL,non_finite_values_in_sar_pre;non_finite_values_in_sar_post
TN_SOUTHERN_FLOOD_2023_116434,TN_SOUTHERN_FLOOD_2023,SAR_ONLY,FAIL,non_finite_values_in_sar_pre;non_finite_values_in_sar_post
TN_SOUTHERN_FLOOD_2023_139051,TN_SOUTHERN_FLOOD_2023,SAR_ONLY,FAIL,non_finite_values_in_sar_pre;non_finite_values_in_sar_post
TN_SOUTHERN_FLOOD_2023_150703,TN_SOUTHERN_FLOOD_2023,SAR_ONLY,PASS,none
TN_SOUTHERN_FLOOD_2023_160405,TN_SOUTHERN_FLOOD_2023,SAR_ONLY,PASS,none
TN_SOUTHERN_FLOOD_2023_006654,TN_SOUTHERN_FLOOD_2023,SAR_ONLY,FAIL,non_finite_values_in_sar_pre;non_finite_values_in_sar_post
TN_SOUTHERN_FLOOD_2023_006650,TN_SOUTHERN_FLOOD_2023,SAR_ONLY,FAIL,non_finite_values_in_sar_pre;non_finite_values_in_sar_post
TN_SOUTHERN_FLOOD_2023_023909,TN_SOUTHERN_FLOOD_2023,SAR_ONLY,FAIL,non_finite_values_in_sar_pre;non_finite_values_in_sar_post
TN_SOUTHERN_FLOOD_2023_049920,TN_SOUTHERN_FLOOD_2023,SAR_ONLY,FAIL,non_finite_values_in_sar_pre;non_finite_values_in_sar_post
TN_SOUTHERN_FLOOD_2023_088258,TN_SOUTHERN_FLOOD_2023,SAR_ONLY,FAIL,non_finite_values_in_sar_pre;non_finite_values_in_sar_post
TN_SOUTHERN_FLOOD_2023_088263,TN_SOUTHERN_FLOOD_2023,SAR_ONLY,FAIL,non_finite_values_in_sar_pre;non_finite_values_in_sar_post
TN_SOUTHERN_FLOOD_2023_121470,TN_SOUTHERN_FLOOD_2023,SAR_ONLY,FAIL,non_finite_values_in_sar_pre;non_finite_values_in_sar_post
TN_SOUTHERN_FLOOD_2023_142587,TN_SOUTHERN_FLOOD_2023,SAR_ONLY,PASS,none
TN_SOUTHERN_FLOOD_2023_152759,TN_SOUTHERN_FLOOD_2023,SAR_ONLY,PASS,none
TN_SOUTHERN_FLOOD_2023_162717,TN_SOUTHERN_FLOOD_2023,SAR_ONLY,PASS,none
TN_SOUTHERN_FLOOD_2023_008911,TN_SOUTHERN_FLOOD_2023,SAR_ONLY,FAIL,non_finite_values_in_sar_pre;non_finite_values_in_sar_post
TN_SOUTHERN_FLOOD_2023_008919,TN_SOUTHERN_FLOOD_2023,SAR_ONLY,FAIL,non_finite_values_in_sar_pre;non_finite_values_in_sar_post
TN_SOUTHERN_FLOOD_2023_027428,TN_SOUTHERN_FLOOD_2023,SAR_ONLY,FAIL,non_finite_values_in_sar_pre;non_finite_values_in_sar_post
TN_SOUTHERN_FLOOD_2023_054879,TN_SOUTHERN_FLOOD_2023,SAR_ONLY,FAIL,non_finite_values_in_sar_pre;non_finite_values_in_sar_post
TN_SOUTHERN_FLOOD_2023_093201,TN_SOUTHERN_FLOOD_2023,SAR_ONLY,FAIL,non_finite_values_in_sar_pre;non_finite_values_in_sar_post
TN_SOUTHERN_FLOOD_2023_093324,TN_SOUTHERN_FLOOD_2023,SAR_ONLY,FAIL,non_finite_values_in_sar_pre;non_finite_values_in_sar_post
TN_SOUTHERN_FLOOD_2023_126255,TN_SOUTHERN_FLOOD_2023,SAR_ONLY,FAIL,non_finite_values_in_sar_pre;non_finite_values_in_sar_post
TN_SOUTHERN_FLOOD_2023_143641,TN_SOUTHERN_FLOOD_2023,SAR_ONLY,PASS,none
TN_SOUTHERN_FLOOD_2023_156890,TN_SOUTHERN_FLOOD_2023,SAR_ONLY,PASS,none
TN_SOUTHERN_FLOOD_2023_167094,TN_SOUTHERN_FLOOD_2023,SAR_ONLY,PASS,none
TN_SOUTHERN_FLOOD_2023_011039,TN_SOUTHERN_FLOOD_2023,SAR_ONLY,FAIL,non_finite_values_in_sar_pre;non_finite_values_in_sar_post
TN_SOUTHERN_FLOOD_2023_011053,TN_SOUTHERN_FLOOD_2023,SAR_ONLY,FAIL,non_finite_values_in_sar_pre;non_finite_values_in_sar_post
TN_SOUTHERN_FLOOD_2023_032377,TN_SOUTHERN_FLOOD_2023,SAR_ONLY,FAIL,non_finite_values_in_sar_pre;non_finite_values_in_sar_post
TN_SOUTHERN_FLOOD_2023_059822,TN_SOUTHERN_FLOOD_2023,SAR_ONLY,FAIL,non_finite_values_in_sar_pre;non_finite_values_in_sar_post
TN_SOUTHERN_FLOOD_2023_098167,TN_SOUTHERN_FLOOD_2023,SAR_ONLY,FAIL,non_finite_values_in_sar_pre;non_finite_values_in_sar_post
TN_SOUTHERN_FLOOD_2023_098186,TN_SOUTHERN_FLOOD_2023,SAR_ONLY,FAIL,non_finite_values_in_sar_pre;non_finite_values_in_sar_post
TN_SOUTHERN_FLOOD_2023_130292,TN_SOUTHERN_FLOOD_2023,SAR_ONLY,FAIL,non_finite_values_in_sar_pre;non_finite_values_in_sar_post
TN_SOUTHERN_FLOOD_2023_145867,TN_SOUTHERN_FLOOD_2023,SAR_ONLY,PASS,none
TN_SOUTHERN_FLOOD_2023_157868,TN_SOUTHERN_FLOOD_2023,SAR_ONLY,PASS,none
TN_SOUTHERN_FLOOD_2023_168795,TN_SOUTHERN_FLOOD_2023,SAR_ONLY,PASS,none
TN_SOUTHERN_FLOOD_2023_000004,TN_SOUTHERN_FLOOD_2023,SAR_ONLY,FAIL,non_finite_values_in_sar_pre;non_finite_values_in_sar_post
TN_SOUTHERN_FLOOD_2023_000009,TN_SOUTHERN_FLOOD_2023,SAR_ONLY,FAIL,non_finite_values_in_sar_pre;non_finite_values_in_sar_post
TN_SOUTHERN_FLOOD_2023_011252,TN_SOUTHERN_FLOOD_2023,SAR_ONLY,FAIL,non_finite_values_in_sar_pre;non_finite_values_in_sar_post
TN_SOUTHERN_FLOOD_2023_034262,TN_SOUTHERN_FLOOD_2023,SAR_ONLY,FAIL,non_finite_values_in_sar_pre;non_finite_values_in_sar_post
TN_SOUTHERN_FLOOD_2023_064770,TN_SOUTHERN_FLOOD_2023,SAR_ONLY,FAIL,non_finite_values_in_sar_pre;non_finite_values_in_sar_post
TN_SOUTHERN_FLOOD_2023_103088,TN_SOUTHERN_FLOOD_2023,SAR_ONLY,FAIL,non_finite_values_in_sar_pre;non_finite_values_in_sar_post
TN_SOUTHERN_FLOOD_2023_103464,TN_SOUTHERN_FLOOD_2023,SAR_ONLY,FAIL,non_finite_values_in_sar_pre;non_finite_values_in_sar_post
TN_SOUTHERN_FLOOD_2023_132549,TN_SOUTHERN_FLOOD_2023,SAR_ONLY,FAIL,non_finite_values_in_sar_pre;non_finite_values_in_sar_post
TN_SOUTHERN_FLOOD_2023_146953,TN_SOUTHERN_FLOOD_2023,SAR_ONLY,PASS,none
TN_SOUTHERN_FLOOD_2023_158839,TN_SOUTHERN_FLOOD_2023,SAR_ONLY,PASS,none
TN_SOUTHERN_FLOOD_2023_000019,TN_SOUTHERN_FLOOD_2023,SAR_ONLY,FAIL,non_finite_values_in_sar_pre;non_finite_values_in_sar_post
TN_SOUTHERN_FLOOD_2023_000023,TN_SOUTHERN_FLOOD_2023,SAR_ONLY,FAIL,non_finite_values_in_sar_pre;non_finite_values_in_sar_post
TN_SOUTHERN_FLOOD_2023_011770,TN_SOUTHERN_FLOOD_2023,SAR_ONLY,FAIL,non_finite_values_in_sar_pre;non_finite_values_in_sar_post
TN_SOUTHERN_FLOOD_2023_034261,TN_SOUTHERN_FLOOD_2023,SAR_ONLY,FAIL,non_finite_values_in_sar_pre;non_finite_values_in_sar_post
TN_SOUTHERN_FLOOD_2023_064773,TN_SOUTHERN_FLOOD_2023,SAR_ONLY,FAIL,non_finite_values_in_sar_pre;non_finite_values_in_sar_post
TN_SOUTHERN_FLOOD_2023_103115,TN_SOUTHERN_FLOOD_2023,SAR_ONLY,FAIL,non_finite_values_in_sar_pre;non_finite_values_in_sar_post
TN_SOUTHERN_FLOOD_2023_103549,TN_SOUTHERN_FLOOD_2023,SAR_ONLY,FAIL,non_finite_values_in_sar_pre;non_finite_values_in_sar_post
TN_SOUTHERN_FLOOD_2023_132552,TN_SOUTHERN_FLOOD_2023,SAR_ONLY,FAIL,non_finite_values_in_sar_pre;non_finite_values_in_sar_post
TN_SOUTHERN_FLOOD_2023_147648,TN_SOUTHERN_FLOOD_2023,SAR_ONLY,PASS,none
TN_SOUTHERN_FLOOD_2023_158944,TN_SOUTHERN_FLOOD_2023,SAR_ONLY,PASS,none
TN_SOUTHERN_FLOOD_2023_002255,TN_SOUTHERN_FLOOD_2023,SAR_ONLY,FAIL,non_finite_values_in_sar_pre;non_finite_values_in_sar_post
TN_SOUTHERN_FLOOD_2023_002350,TN_SOUTHERN_FLOOD_2023,SAR_ONLY,FAIL,non_finite_values_in_sar_pre;non_finite_values_in_sar_post
TN_SOUTHERN_FLOOD_2023_013125,TN_SOUTHERN_FLOOD_2023,SAR_ONLY,FAIL,non_finite_values_in_sar_pre;non_finite_values_in_sar_post
TN_SOUTHERN_FLOOD_2023_038823,TN_SOUTHERN_FLOOD_2023,SAR_ONLY,FAIL,non_finite_values_in_sar_pre;non_finite_values_in_sar_post
TN_SOUTHERN_FLOOD_2023_068425,TN_SOUTHERN_FLOOD_2023,SAR_ONLY,FAIL,non_finite_values_in_sar_pre;non_finite_values_in_sar_post
TN_SOUTHERN_FLOOD_2023_105179,TN_SOUTHERN_FLOOD_2023,SAR_ONLY,FAIL,non_finite_values_in_sar_pre;non_finite_values_in_sar_post
TN_SOUTHERN_FLOOD_2023_105205,TN_SOUTHERN_FLOOD_2023,SAR_ONLY,FAIL,non_finite_values_in_sar_pre;non_finite_values_in_sar_post
TN_SOUTHERN_FLOOD_2023_133565,TN_SOUTHERN_FLOOD_2023,SAR_ONLY,FAIL,non_finite_values_in_sar_pre;non_finite_values_in_sar_post
TN_SOUTHERN_FLOOD_2023_147684,TN_SOUTHERN_FLOOD_2023,SAR_ONLY,PASS,none
TN_SOUTHERN_FLOOD_2023_159778,TN_SOUTHERN_FLOOD_2023,SAR_ONLY,PASS,none
TN_SOUTHERN_FLOOD_2023_002887,TN_SOUTHERN_FLOOD_2023,SAR_ONLY,FAIL,non_finite_values_in_sar_pre;non_finite_values_in_sar_post
TN_SOUTHERN_FLOOD_2023_002876,TN_SOUTHERN_FLOOD_2023,SAR_ONLY,FAIL,non_finite_values_in_sar_pre;non_finite_values_in_sar_post
TN_SOUTHERN_FLOOD_2023_014076,TN_SOUTHERN_FLOOD_2023,SAR_ONLY,FAIL,non_finite_values_in_sar_pre;non_finite_values_in_sar_post
TN_SOUTHERN_FLOOD_2023_042164,TN_SOUTHERN_FLOOD_2023,SAR_ONLY,FAIL,non_finite_values_in_sar_pre;non_finite_values_in_sar_post
TN_SOUTHERN_FLOOD_2023_073397,TN_SOUTHERN_FLOOD_2023,SAR_ONLY,FAIL,non_finite_values_in_sar_pre;non_finite_values_in_sar_post
TN_SOUTHERN_FLOOD_2023_106866,TN_SOUTHERN_FLOOD_2023,SAR_ONLY,FAIL,non_finite_values_in_sar_pre;non_finite_values_in_sar_post
TN_SOUTHERN_FLOOD_2023_106916,TN_SOUTHERN_FLOOD_2023,SAR_ONLY,FAIL,non_finite_values_in_sar_pre;non_finite_values_in_sar_post
TN_SOUTHERN_FLOOD_2023_133869,TN_SOUTHERN_FLOOD_2023,SAR_ONLY,FAIL,non_finite_values_in_sar_pre;non_finite_values_in_sar_post
TN_SOUTHERN_FLOOD_2023_148468,TN_SOUTHERN_FLOOD_2023,SAR_ONLY,PASS,none
TN_SOUTHERN_FLOOD_2023_160164,TN_SOUTHERN_FLOOD_2023,SAR_ONLY,PASS,none
TN_SOUTHERN_FLOOD_2023_004164,TN_SOUTHERN_FLOOD_2023,SAR_ONLY,FAIL,non_finite_values_in_sar_pre;non_finite_values_in_sar_post
TN_SOUTHERN_FLOOD_2023_004158,TN_SOUTHERN_FLOOD_2023,SAR_ONLY,FAIL,non_finite_values_in_sar_pre;non_finite_values_in_sar_post
TN_SOUTHERN_FLOOD_2023_015577,TN_SOUTHERN_FLOOD_2023,SAR_ONLY,FAIL,non_finite_values_in_sar_pre;non_finite_values_in_sar_post
TN_SOUTHERN_FLOOD_2023_043519,TN_SOUTHERN_FLOOD_2023,SAR_ONLY,FAIL,non_finite_values_in_sar_pre;non_finite_values_in_sar_post
TN_SOUTHERN_FLOOD_2023_078362,TN_SOUTHERN_FLOOD_2023,SAR_ONLY,FAIL,non_finite_values_in_sar_pre;non_finite_values_in_sar_post
TN_SOUTHERN_FLOOD_2023_111755,TN_SOUTHERN_FLOOD_2023,SAR_ONLY,FAIL,non_finite_values_in_sar_pre;non_finite_values_in_sar_post
TN_SOUTHERN_FLOOD_2023_111769,TN_SOUTHERN_FLOOD_2023,SAR_ONLY,FAIL,non_finite_values_in_sar_pre;non_finite_values_in_sar_post
TN_SOUTHERN_FLOOD_2023_134373,TN_SOUTHERN_FLOOD_2023,SAR_ONLY,FAIL,non_finite_values_in_sar_pre;non_finite_values_in_sar_post
TN_SOUTHERN_FLOOD_2023_150021,TN_SOUTHERN_FLOOD_2023,SAR_ONLY,PASS,none
TN_SOUTHERN_FLOOD_2023_160297,TN_SOUTHERN_FLOOD_2023,SAR_ONLY,PASS,none
TN_SOUTHERN_FLOOD_2023_005182,TN_SOUTHERN_FLOOD_2023,SAR_ONLY,FAIL,non_finite_values_in_sar_pre;non_finite_values_in_sar_post
TN_SOUTHERN_FLOOD_2023_005180,TN_SOUTHERN_FLOOD_2023,SAR_ONLY,FAIL,non_finite_values_in_sar_pre;non_finite_values_in_sar_post
TN_SOUTHERN_FLOOD_2023_016198,TN_SOUTHERN_FLOOD_2023,SAR_ONLY,FAIL,non_finite_values_in_sar_pre;non_finite_values_in_sar_post
TN_SOUTHERN_FLOOD_2023_044973,TN_SOUTHERN_FLOOD_2023,SAR_ONLY,FAIL,non_finite_values_in_sar_pre;non_finite_values_in_sar_post
TN_SOUTHERN_FLOOD_2023_083288,TN_SOUTHERN_FLOOD_2023,SAR_ONLY,FAIL,non_finite_values_in_sar_pre;non_finite_values_in_sar_post
TN_SOUTHERN_FLOOD_2023_084604,TN_SOUTHERN_FLOOD_2023,SAR_ONLY,FAIL,non_finite_values_in_sar_pre;non_finite_values_in_sar_post
TN_SOUTHERN_FLOOD_2023_116429,TN_SOUTHERN_FLOOD_2023,SAR_ONLY,FAIL,non_finite_values_in_sar_pre;non_finite_values_in_sar_post
TN_SOUTHERN_FLOOD_2023_139059,TN_SOUTHERN_FLOOD_2023,SAR_ONLY,PASS,none
TN_SOUTHERN_FLOOD_2023_150702,TN_SOUTHERN_FLOOD_2023,SAR_ONLY,PASS,none
TN_SOUTHERN_FLOOD_2023_160410,TN_SOUTHERN_FLOOD_2023,SAR_ONLY,PASS,none
TN_SOUTHERN_FLOOD_2023_005178,TN_SOUTHERN_FLOOD_2023,SAR_ONLY,FAIL,non_finite_values_in_sar_pre;non_finite_values_in_sar_post
TN_SOUTHERN_FLOOD_2023_005188,TN_SOUTHERN_FLOOD_2023,SAR_ONLY,FAIL,non_finite_values_in_sar_pre;non_finite_values_in_sar_post
TN_SOUTHERN_FLOOD_2023_019696,TN_SOUTHERN_FLOOD_2023,SAR_ONLY,FAIL,non_finite_values_in_sar_pre;non_finite_values_in_sar_post
TN_SOUTHERN_FLOOD_2023_044988,TN_SOUTHERN_FLOOD_2023,SAR_ONLY,FAIL,non_finite_values_in_sar_pre;non_finite_values_in_sar_post
TN_SOUTHERN_FLOOD_2023_083337,TN_SOUTHERN_FLOOD_2023,SAR_ONLY,FAIL,non_finite_values_in_sar_pre;non_finite_values_in_sar_post
TN_SOUTHERN_FLOOD_2023_083829,TN_SOUTHERN_FLOOD_2023,SAR_ONLY,FAIL,non_finite_values_in_sar_pre;non_finite_values_in_sar_post
TN_SOUTHERN_FLOOD_2023_116447,TN_SOUTHERN_FLOOD_2023,SAR_ONLY,FAIL,non_finite_values_in_sar_pre;non_finite_values_in_sar_post
TN_SOUTHERN_FLOOD_2023_139054,TN_SOUTHERN_FLOOD_2023,SAR_ONLY,PASS,none
TN_SOUTHERN_FLOOD_2023_150711,TN_SOUTHERN_FLOOD_2023,SAR_ONLY,PASS,none
TN_SOUTHERN_FLOOD_2023_160408,TN_SOUTHERN_FLOOD_2023,SAR_ONLY,PASS,none
TN_SOUTHERN_FLOOD_2023_006662,TN_SOUTHERN_FLOOD_2023,SAR_ONLY,FAIL,non_finite_values_in_sar_pre;non_finite_values_in_sar_post
TN_SOUTHERN_FLOOD_2023_006652,TN_SOUTHERN_FLOOD_2023,SAR_ONLY,FAIL,non_finite_values_in_sar_pre;non_finite_values_in_sar_post
TN_SOUTHERN_FLOOD_2023_023910,TN_SOUTHERN_FLOOD_2023,SAR_ONLY,FAIL,non_finite_values_in_sar_pre;non_finite_values_in_sar_post
TN_SOUTHERN_FLOOD_2023_049921,TN_SOUTHERN_FLOOD_2023,SAR_ONLY,FAIL,non_finite_values_in_sar_pre;non_finite_values_in_sar_post
TN_SOUTHERN_FLOOD_2023_088259,TN_SOUTHERN_FLOOD_2023,SAR_ONLY,FAIL,non_finite_values_in_sar_pre;non_finite_values_in_sar_post
TN_SOUTHERN_FLOOD_2023_088329,TN_SOUTHERN_FLOOD_2023,SAR_ONLY,FAIL,non_finite_values_in_sar_pre;non_finite_values_in_sar_post
TN_SOUTHERN_FLOOD_2023_121502,TN_SOUTHERN_FLOOD_2023,SAR_ONLY,FAIL,non_finite_values_in_sar_pre;non_finite_values_in_sar_post
TN_SOUTHERN_FLOOD_2023_142594,TN_SOUTHERN_FLOOD_2023,SAR_ONLY,PASS,none
TN_SOUTHERN_FLOOD_2023_152760,TN_SOUTHERN_FLOOD_2023,SAR_ONLY,PASS,none
TN_SOUTHERN_FLOOD_2023_162732,TN_SOUTHERN_FLOOD_2023,SAR_ONLY,PASS,none
TN_SOUTHERN_FLOOD_2023_008935,TN_SOUTHERN_FLOOD_2023,SAR_ONLY,FAIL,non_finite_values_in_sar_pre;non_finite_values_in_sar_post
TN_SOUTHERN_FLOOD_2023_008980,TN_SOUTHERN_FLOOD_2023,SAR_ONLY,FAIL,non_finite_values_in_sar_pre;non_finite_values_in_sar_post
TN_SOUTHERN_FLOOD_2023_027437,TN_SOUTHERN_FLOOD_2023,SAR_ONLY,FAIL,non_finite_values_in_sar_pre;non_finite_values_in_sar_post
TN_SOUTHERN_FLOOD_2023_054888,TN_SOUTHERN_FLOOD_2023,SAR_ONLY,FAIL,non_finite_values_in_sar_pre;non_finite_values_in_sar_post
TN_SOUTHERN_FLOOD_2023_093202,TN_SOUTHERN_FLOOD_2023,SAR_ONLY,FAIL,non_finite_values_in_sar_pre;non_finite_values_in_sar_post
TN_SOUTHERN_FLOOD_2023_093395,TN_SOUTHERN_FLOOD_2023,SAR_ONLY,FAIL,non_finite_values_in_sar_pre;non_finite_values_in_sar_post
TN_SOUTHERN_FLOOD_2023_126882,TN_SOUTHERN_FLOOD_2023,SAR_ONLY,FAIL,non_finite_values_in_sar_pre;non_finite_values_in_sar_post
TN_SOUTHERN_FLOOD_2023_143642,TN_SOUTHERN_FLOOD_2023,SAR_ONLY,PASS,none
TN_SOUTHERN_FLOOD_2023_156891,TN_SOUTHERN_FLOOD_2023,SAR_ONLY,PASS,none
TN_SOUTHERN_FLOOD_2023_167097,TN_SOUTHERN_FLOOD_2023,SAR_ONLY,PASS,none
TN_SOUTHERN_FLOOD_2023_011042,TN_SOUTHERN_FLOOD_2023,SAR_ONLY,FAIL,non_finite_values_in_sar_pre;non_finite_values_in_sar_post
TN_SOUTHERN_FLOOD_2023_011116,TN_SOUTHERN_FLOOD_2023,SAR_ONLY,FAIL,non_finite_values_in_sar_pre;non_finite_values_in_sar_post
TN_SOUTHERN_FLOOD_2023_032378,TN_SOUTHERN_FLOOD_2023,SAR_ONLY,FAIL,non_finite_values_in_sar_pre;non_finite_values_in_sar_post
TN_SOUTHERN_FLOOD_2023_059825,TN_SOUTHERN_FLOOD_2023,SAR_ONLY,FAIL,non_finite_values_in_sar_pre;non_finite_values_in_sar_post
TN_SOUTHERN_FLOOD_2023_098168,TN_SOUTHERN_FLOOD_2023,SAR_ONLY,FAIL,non_finite_values_in_sar_pre;non_finite_values_in_sar_post
TN_SOUTHERN_FLOOD_2023_098188,TN_SOUTHERN_FLOOD_2023,SAR_ONLY,FAIL,non_finite_values_in_sar_pre;non_finite_values_in_sar_post
TN_SOUTHERN_FLOOD_2023_130297,TN_SOUTHERN_FLOOD_2023,SAR_ONLY,FAIL,non_finite_values_in_sar_pre;non_finite_values_in_sar_post
TN_SOUTHERN_FLOOD_2023_145870,TN_SOUTHERN_FLOOD_2023,SAR_ONLY,PASS,none
TN_SOUTHERN_FLOOD_2023_157870,TN_SOUTHERN_FLOOD_2023,SAR_ONLY,PASS,none
TN_SOUTHERN_FLOOD_2023_168797,TN_SOUTHERN_FLOOD_2023,SAR_ONLY,PASS,none
TN_SOUTHERN_FLOOD_2023_000006,TN_SOUTHERN_FLOOD_2023,SAR_ONLY,FAIL,non_finite_values_in_sar_pre;non_finite_values_in_sar_post
TN_SOUTHERN_FLOOD_2023_000011,TN_SOUTHERN_FLOOD_2023,SAR_ONLY,FAIL,non_finite_values_in_sar_pre;non_finite_values_in_sar_post
TN_SOUTHERN_FLOOD_2023_011300,TN_SOUTHERN_FLOOD_2023,SAR_ONLY,FAIL,non_finite_values_in_sar_pre;non_finite_values_in_sar_post
TN_SOUTHERN_FLOOD_2023_034265,TN_SOUTHERN_FLOOD_2023,SAR_ONLY,FAIL,non_finite_values_in_sar_pre;non_finite_values_in_sar_post
TN_SOUTHERN_FLOOD_2023_064771,TN_SOUTHERN_FLOOD_2023,SAR_ONLY,FAIL,non_finite_values_in_sar_pre;non_finite_values_in_sar_post
TN_SOUTHERN_FLOOD_2023_103089,TN_SOUTHERN_FLOOD_2023,SAR_ONLY,FAIL,non_finite_values_in_sar_pre;non_finite_values_in_sar_post
TN_SOUTHERN_FLOOD_2023_103543,TN_SOUTHERN_FLOOD_2023,SAR_ONLY,FAIL,non_finite_values_in_sar_pre;non_finite_values_in_sar_post
TN_SOUTHERN_FLOOD_2023_132550,TN_SOUTHERN_FLOOD_2023,SAR_ONLY,FAIL,non_finite_values_in_sar_pre;non_finite_values_in_sar_post
TN_SOUTHERN_FLOOD_2023_146969,TN_SOUTHERN_FLOOD_2023,SAR_ONLY,FAIL,non_finite_values_in_sar_pre;non_finite_values_in_sar_post
TN_SOUTHERN_FLOOD_2023_158841,TN_SOUTHERN_FLOOD_2023,SAR_ONLY,PASS,none
TN_SOUTHERN_FLOOD_2023_000020,TN_SOUTHERN_FLOOD_2023,SAR_ONLY,FAIL,non_finite_values_in_sar_pre;non_finite_values_in_sar_post
TN_SOUTHERN_FLOOD_2023_000028,TN_SOUTHERN_FLOOD_2023,SAR_ONLY,FAIL,non_finite_values_in_sar_pre;non_finite_values_in_sar_post
TN_SOUTHERN_FLOOD_2023_011931,TN_SOUTHERN_FLOOD_2023,SAR_ONLY,FAIL,non_finite_values_in_sar_pre;non_finite_values_in_sar_post
TN_SOUTHERN_FLOOD_2023_034263,TN_SOUTHERN_FLOOD_2023,SAR_ONLY,FAIL,non_finite_values_in_sar_pre;non_finite_values_in_sar_post
TN_SOUTHERN_FLOOD_2023_064803,TN_SOUTHERN_FLOOD_2023,SAR_ONLY,FAIL,non_finite_values_in_sar_pre;non_finite_values_in_sar_post
TN_SOUTHERN_FLOOD_2023_103124,TN_SOUTHERN_FLOOD_2023,SAR_ONLY,FAIL,non_finite_values_in_sar_pre;non_finite_values_in_sar_post
TN_SOUTHERN_FLOOD_2023_103649,TN_SOUTHERN_FLOOD_2023,SAR_ONLY,FAIL,non_finite_values_in_sar_pre;non_finite_values_in_sar_post
TN_SOUTHERN_FLOOD_2023_132557,TN_SOUTHERN_FLOOD_2023,SAR_ONLY,FAIL,non_finite_values_in_sar_pre;non_finite_values_in_sar_post
TN_SOUTHERN_FLOOD_2023_147714,TN_SOUTHERN_FLOOD_2023,SAR_ONLY,PASS,none
TN_SOUTHERN_FLOOD_2023_158951,TN_SOUTHERN_FLOOD_2023,SAR_ONLY,PASS,none
TN_SOUTHERN_FLOOD_2023_002279,TN_SOUTHERN_FLOOD_2023,SAR_ONLY,FAIL,non_finite_values_in_sar_pre;non_finite_values_in_sar_post
TN_SOUTHERN_FLOOD_2023_002965,TN_SOUTHERN_FLOOD_2023,SAR_ONLY,FAIL,non_finite_values_in_sar_pre;non_finite_values_in_sar_post
TN_SOUTHERN_FLOOD_2023_013129,TN_SOUTHERN_FLOOD_2023,SAR_ONLY,FAIL,non_finite_values_in_sar_pre;non_finite_values_in_sar_post
TN_SOUTHERN_FLOOD_2023_038824,TN_SOUTHERN_FLOOD_2023,SAR_ONLY,FAIL,non_finite_values_in_sar_pre;non_finite_values_in_sar_post
TN_SOUTHERN_FLOOD_2023_068427,TN_SOUTHERN_FLOOD_2023,SAR_ONLY,FAIL,non_finite_values_in_sar_pre;non_finite_values_in_sar_post
TN_SOUTHERN_FLOOD_2023_105181,TN_SOUTHERN_FLOOD_2023,SAR_ONLY,FAIL,non_finite_values_in_sar_pre;non_finite_values_in_sar_post
TN_SOUTHERN_FLOOD_2023_105209,TN_SOUTHERN_FLOOD_2023,SAR_ONLY,FAIL,non_finite_values_in_sar_pre;non_finite_values_in_sar_post
TN_SOUTHERN_FLOOD_2023_133680,TN_SOUTHERN_FLOOD_2023,SAR_ONLY,FAIL,non_finite_values_in_sar_pre;non_finite_values_in_sar_post
TN_SOUTHERN_FLOOD_2023_147686,TN_SOUTHERN_FLOOD_2023,SAR_ONLY,PASS,none
TN_SOUTHERN_FLOOD_2023_159779,TN_SOUTHERN_FLOOD_2023,SAR_ONLY,PASS,none
TN_SOUTHERN_FLOOD_2023_002888,TN_SOUTHERN_FLOOD_2023,SAR_ONLY,FAIL,non_finite_values_in_sar_pre;non_finite_values_in_sar_post
TN_SOUTHERN_FLOOD_2023_002878,TN_SOUTHERN_FLOOD_2023,SAR_ONLY,FAIL,non_finite_values_in_sar_pre;non_finite_values_in_sar_post
TN_SOUTHERN_FLOOD_2023_014120,TN_SOUTHERN_FLOOD_2023,SAR_ONLY,FAIL,non_finite_values_in_sar_pre;non_finite_values_in_sar_post
TN_SOUTHERN_FLOOD_2023_042165,TN_SOUTHERN_FLOOD_2023,SAR_ONLY,FAIL,non_finite_values_in_sar_pre;non_finite_values_in_sar_post
TN_SOUTHERN_FLOOD_2023_073401,TN_SOUTHERN_FLOOD_2023,SAR_ONLY,FAIL,non_finite_values_in_sar_pre;non_finite_values_in_sar_post
TN_SOUTHERN_FLOOD_2023_106870,TN_SOUTHERN_FLOOD_2023,SAR_ONLY,FAIL,non_finite_values_in_sar_pre;non_finite_values_in_sar_post
TN_SOUTHERN_FLOOD_2023_106920,TN_SOUTHERN_FLOOD_2023,SAR_ONLY,FAIL,non_finite_values_in_sar_pre;non_finite_values_in_sar_post
TN_SOUTHERN_FLOOD_2023_133875,TN_SOUTHERN_FLOOD_2023,SAR_ONLY,FAIL,non_finite_values_in_sar_pre;non_finite_values_in_sar_post
TN_SOUTHERN_FLOOD_2023_148470,TN_SOUTHERN_FLOOD_2023,SAR_ONLY,PASS,none
TN_SOUTHERN_FLOOD_2023_160168,TN_SOUTHERN_FLOOD_2023,SAR_ONLY,PASS,none
TN_SOUTHERN_FLOOD_2023_004170,TN_SOUTHERN_FLOOD_2023,SAR_ONLY,FAIL,non_finite_values_in_sar_pre;non_finite_values_in_sar_post
TN_SOUTHERN_FLOOD_2023_004159,TN_SOUTHERN_FLOOD_2023,SAR_ONLY,FAIL,non_finite_values_in_sar_pre;non_finite_values_in_sar_post
TN_SOUTHERN_FLOOD_2023_015580,TN_SOUTHERN_FLOOD_2023,SAR_ONLY,FAIL,non_finite_values_in_sar_pre;non_finite_values_in_sar_post
TN_SOUTHERN_FLOOD_2023_043524,TN_SOUTHERN_FLOOD_2023,SAR_ONLY,FAIL,non_finite_values_in_sar_pre;non_finite_values_in_sar_post
TN_SOUTHERN_FLOOD_2023_078363,TN_SOUTHERN_FLOOD_2023,SAR_ONLY,FAIL,non_finite_values_in_sar_pre;non_finite_values_in_sar_post
TN_SOUTHERN_FLOOD_2023_111756,TN_SOUTHERN_FLOOD_2023,SAR_ONLY,FAIL,non_finite_values_in_sar_pre;non_finite_values_in_sar_post
TN_SOUTHERN_FLOOD_2023_111772,TN_SOUTHERN_FLOOD_2023,SAR_ONLY,FAIL,non_finite_values_in_sar_pre;non_finite_values_in_sar_post
TN_SOUTHERN_FLOOD_2023_134389,TN_SOUTHERN_FLOOD_2023,SAR_ONLY,FAIL,non_finite_values_in_sar_pre;non_finite_values_in_sar_post
TN_SOUTHERN_FLOOD_2023_150024,TN_SOUTHERN_FLOOD_2023,SAR_ONLY,PASS,none
TN_SOUTHERN_FLOOD_2023_160298,TN_SOUTHERN_FLOOD_2023,SAR_ONLY,PASS,none
TN_SOUTHERN_FLOOD_2023_005185,TN_SOUTHERN_FLOOD_2023,SAR_ONLY,FAIL,non_finite_values_in_sar_pre;non_finite_values_in_sar_post
TN_SOUTHERN_FLOOD_2023_005181,TN_SOUTHERN_FLOOD_2023,SAR_ONLY,FAIL,non_finite_values_in_sar_pre;non_finite_values_in_sar_post
TN_SOUTHERN_FLOOD_2023_016210,TN_SOUTHERN_FLOOD_2023,SAR_ONLY,FAIL,non_finite_values_in_sar_pre;non_finite_values_in_sar_post
TN_SOUTHERN_FLOOD_2023_044977,TN_SOUTHERN_FLOOD_2023,SAR_ONLY,FAIL,non_finite_values_in_sar_pre;non_finite_values_in_sar_post
TN_SOUTHERN_FLOOD_2023_083289,TN_SOUTHERN_FLOOD_2023,SAR_ONLY,FAIL,non_finite_values_in_sar_pre;non_finite_values_in_sar_post
TN_SOUTHERN_FLOOD_2023_085264,TN_SOUTHERN_FLOOD_2023,SAR_ONLY,FAIL,non_finite_values_in_sar_pre;non_finite_values_in_sar_post
TN_SOUTHERN_FLOOD_2023_116430,TN_SOUTHERN_FLOOD_2023,SAR_ONLY,FAIL,non_finite_values_in_sar_pre;non_finite_values_in_sar_post
TN_SOUTHERN_FLOOD_2023_139063,TN_SOUTHERN_FLOOD_2023,SAR_ONLY,PASS,none
TN_SOUTHERN_FLOOD_2023_150707,TN_SOUTHERN_FLOOD_2023,SAR_ONLY,PASS,none
TN_SOUTHERN_FLOOD_2023_160412,TN_SOUTHERN_FLOOD_2023,SAR_ONLY,PASS,none
TN_SOUTHERN_FLOOD_2023_005179,TN_SOUTHERN_FLOOD_2023,SAR_ONLY,FAIL,non_finite_values_in_sar_pre;non_finite_values_in_sar_post
TN_SOUTHERN_FLOOD_2023_005193,TN_SOUTHERN_FLOOD_2023,SAR_ONLY,FAIL,non_finite_values_in_sar_pre;non_finite_values_in_sar_post
TN_SOUTHERN_FLOOD_2023_019698,TN_SOUTHERN_FLOOD_2023,SAR_ONLY,FAIL,non_finite_values_in_sar_pre;non_finite_values_in_sar_post
TN_SOUTHERN_FLOOD_2023_045001,TN_SOUTHERN_FLOOD_2023,SAR_ONLY,FAIL,non_finite_values_in_sar_pre;non_finite_values_in_sar_post
TN_SOUTHERN_FLOOD_2023_083340,TN_SOUTHERN_FLOOD_2023,SAR_ONLY,FAIL,non_finite_values_in_sar_pre;non_finite_values_in_sar_post
TN_SOUTHERN_FLOOD_2023_083952,TN_SOUTHERN_FLOOD_2023,SAR_ONLY,FAIL,non_finite_values_in_sar_pre;non_finite_values_in_sar_post
TN_SOUTHERN_FLOOD_2023_116499,TN_SOUTHERN_FLOOD_2023,SAR_ONLY,FAIL,non_finite_values_in_sar_pre;non_finite_values_in_sar_post
TN_SOUTHERN_FLOOD_2023_139060,TN_SOUTHERN_FLOOD_2023,SAR_ONLY,PASS,none
TN_SOUTHERN_FLOOD_2023_150716,TN_SOUTHERN_FLOOD_2023,SAR_ONLY,PASS,none
TN_SOUTHERN_FLOOD_2023_160411,TN_SOUTHERN_FLOOD_2023,SAR_ONLY,PASS,none
TN_SOUTHERN_FLOOD_2023_006665,TN_SOUTHERN_FLOOD_2023,SAR_ONLY,FAIL,non_finite_values_in_sar_pre;non_finite_values_in_sar_post
TN_SOUTHERN_FLOOD_2023_006659,TN_SOUTHERN_FLOOD_2023,SAR_ONLY,FAIL,non_finite_values_in_sar_pre;non_finite_values_in_sar_post
TN_SOUTHERN_FLOOD_2023_023911,TN_SOUTHERN_FLOOD_2023,SAR_ONLY,FAIL,non_finite_values_in_sar_pre;non_finite_values_in_sar_post
TN_SOUTHERN_FLOOD_2023_049923,TN_SOUTHERN_FLOOD_2023,SAR_ONLY,FAIL,non_finite_values_in_sar_pre;non_finite_values_in_sar_post
TN_SOUTHERN_FLOOD_2023_088260,TN_SOUTHERN_FLOOD_2023,SAR_ONLY,FAIL,non_finite_values_in_sar_pre;non_finite_values_in_sar_post
TN_SOUTHERN_FLOOD_2023_088411,TN_SOUTHERN_FLOOD_2023,SAR_ONLY,FAIL,non_finite_values_in_sar_pre;non_finite_values_in_sar_post
TN_SOUTHERN_FLOOD_2023_121503,TN_SOUTHERN_FLOOD_2023,SAR_ONLY,FAIL,non_finite_values_in_sar_pre;non_finite_values_in_sar_post
TN_SOUTHERN_FLOOD_2023_142612,TN_SOUTHERN_FLOOD_2023,SAR_ONLY,PASS,none
TN_SOUTHERN_FLOOD_2023_152762,TN_SOUTHERN_FLOOD_2023,SAR_ONLY,PASS,none
TN_SOUTHERN_FLOOD_2023_162738,TN_SOUTHERN_FLOOD_2023,SAR_ONLY,PASS,none
TN_SOUTHERN_FLOOD_2023_008945,TN_SOUTHERN_FLOOD_2023,SAR_ONLY,FAIL,non_finite_values_in_sar_pre;non_finite_values_in_sar_post
TN_SOUTHERN_FLOOD_2023_009008,TN_SOUTHERN_FLOOD_2023,SAR_ONLY,FAIL,non_finite_values_in_sar_pre;non_finite_values_in_sar_post
TN_SOUTHERN_FLOOD_2023_027453,TN_SOUTHERN_FLOOD_2023,SAR_ONLY,FAIL,non_finite_values_in_sar_pre;non_finite_values_in_sar_post
TN_SOUTHERN_FLOOD_2023_054890,TN_SOUTHERN_FLOOD_2023,SAR_ONLY,FAIL,non_finite_values_in_sar_pre;non_finite_values_in_sar_post
TN_SOUTHERN_FLOOD_2023_093204,TN_SOUTHERN_FLOOD_2023,SAR_ONLY,FAIL,non_finite_values_in_sar_pre;non_finite_values_in_sar_post
TN_SOUTHERN_FLOOD_2023_093396,TN_SOUTHERN_FLOOD_2023,SAR_ONLY,FAIL,non_finite_values_in_sar_pre;non_finite_values_in_sar_post
TN_SOUTHERN_FLOOD_2023_127612,TN_SOUTHERN_FLOOD_2023,SAR_ONLY,FAIL,non_finite_values_in_sar_pre;non_finite_values_in_sar_post
TN_SOUTHERN_FLOOD_2023_143645,TN_SOUTHERN_FLOOD_2023,SAR_ONLY,PASS,none
TN_SOUTHERN_FLOOD_2023_156893,TN_SOUTHERN_FLOOD_2023,SAR_ONLY,PASS,none
TN_SOUTHERN_FLOOD_2023_167102,TN_SOUTHERN_FLOOD_2023,SAR_ONLY,PASS,none
TN_SOUTHERN_FLOOD_2023_011043,TN_SOUTHERN_FLOOD_2023,SAR_ONLY,FAIL,non_finite_values_in_sar_pre;non_finite_values_in_sar_post
TN_SOUTHERN_FLOOD_2023_011132,TN_SOUTHERN_FLOOD_2023,SAR_ONLY,FAIL,non_finite_values_in_sar_pre;non_finite_values_in_sar_post
TN_SOUTHERN_FLOOD_2023_032379,TN_SOUTHERN_FLOOD_2023,SAR_ONLY,FAIL,non_finite_values_in_sar_pre;non_finite_values_in_sar_post
TN_SOUTHERN_FLOOD_2023_059827,TN_SOUTHERN_FLOOD_2023,SAR_ONLY,FAIL,non_finite_values_in_sar_pre;non_finite_values_in_sar_post
TN_SOUTHERN_FLOOD_2023_098169,TN_SOUTHERN_FLOOD_2023,SAR_ONLY,FAIL,non_finite_values_in_sar_pre;non_finite_values_in_sar_post
TN_SOUTHERN_FLOOD_2023_098190,TN_SOUTHERN_FLOOD_2023,SAR_ONLY,FAIL,non_finite_values_in_sar_pre;non_finite_values_in_sar_post
TN_SOUTHERN_FLOOD_2023_130305,TN_SOUTHERN_FLOOD_2023,SAR_ONLY,FAIL,non_finite_values_in_sar_pre;non_finite_values_in_sar_post
TN_SOUTHERN_FLOOD_2023_145873,TN_SOUTHERN_FLOOD_2023,SAR_ONLY,PASS,none
TN_SOUTHERN_FLOOD_2023_157871,TN_SOUTHERN_FLOOD_2023,SAR_ONLY,PASS,none
TN_SOUTHERN_FLOOD_2023_168798,TN_SOUTHERN_FLOOD_2023,SAR_ONLY,PASS,none
TN_SOUTHERN_FLOOD_2023_000007,TN_SOUTHERN_FLOOD_2023,SAR_ONLY,FAIL,non_finite_values_in_sar_pre;non_finite_values_in_sar_post
TN_SOUTHERN_FLOOD_2023_000012,TN_SOUTHERN_FLOOD_2023,SAR_ONLY,FAIL,non_finite_values_in_sar_pre;non_finite_values_in_sar_post
TN_SOUTHERN_FLOOD_2023_011375,TN_SOUTHERN_FLOOD_2023,SAR_ONLY,FAIL,non_finite_values_in_sar_pre;non_finite_values_in_sar_post
TN_SOUTHERN_FLOOD_2023_034266,TN_SOUTHERN_FLOOD_2023,SAR_ONLY,FAIL,non_finite_values_in_sar_pre;non_finite_values_in_sar_post
TN_SOUTHERN_FLOOD_2023_064775,TN_SOUTHERN_FLOOD_2023,SAR_ONLY,FAIL,non_finite_values_in_sar_pre;non_finite_values_in_sar_post
TN_SOUTHERN_FLOOD_2023_103090,TN_SOUTHERN_FLOOD_2023,SAR_ONLY,FAIL,non_finite_values_in_sar_pre;non_finite_values_in_sar_post
TN_SOUTHERN_FLOOD_2023_103943,TN_SOUTHERN_FLOOD_2023,SAR_ONLY,FAIL,non_finite_values_in_sar_pre;non_finite_values_in_sar_post
TN_SOUTHERN_FLOOD_2023_132554,TN_SOUTHERN_FLOOD_2023,SAR_ONLY,FAIL,non_finite_values_in_sar_pre;non_finite_values_in_sar_post
TN_SOUTHERN_FLOOD_2023_146973,TN_SOUTHERN_FLOOD_2023,SAR_ONLY,FAIL,non_finite_values_in_sar_pre;non_finite_values_in_sar_post
TN_SOUTHERN_FLOOD_2023_158842,TN_SOUTHERN_FLOOD_2023,SAR_ONLY,PASS,none
TN_SOUTHERN_FLOOD_2023_000032,TN_SOUTHERN_FLOOD_2023,SAR_ONLY,FAIL,non_finite_values_in_sar_pre;non_finite_values_in_sar_post
TN_SOUTHERN_FLOOD_2023_000035,TN_SOUTHERN_FLOOD_2023,SAR_ONLY,FAIL,non_finite_values_in_sar_pre;non_finite_values_in_sar_post
TN_SOUTHERN_FLOOD_2023_011951,TN_SOUTHERN_FLOOD_2023,SAR_ONLY,FAIL,non_finite_values_in_sar_pre;non_finite_values_in_sar_post
TN_SOUTHERN_FLOOD_2023_034264,TN_SOUTHERN_FLOOD_2023,SAR_ONLY,FAIL,non_finite_values_in_sar_pre;non_finite_values_in_sar_post
TN_SOUTHERN_FLOOD_2023_064819,TN_SOUTHERN_FLOOD_2023,SAR_ONLY,FAIL,non_finite_values_in_sar_pre;non_finite_values_in_sar_post
TN_SOUTHERN_FLOOD_2023_103195,TN_SOUTHERN_FLOOD_2023,SAR_ONLY,FAIL,non_finite_values_in_sar_pre;non_finite_values_in_sar_post
TN_SOUTHERN_FLOOD_2023_103729,TN_SOUTHERN_FLOOD_2023,SAR_ONLY,FAIL,non_finite_values_in_sar_pre;non_finite_values_in_sar_post
TN_SOUTHERN_FLOOD_2023_132559,TN_SOUTHERN_FLOOD_2023,SAR_ONLY,FAIL,non_finite_values_in_sar_pre;non_finite_values_in_sar_post
TN_SOUTHERN_FLOOD_2023_147752,TN_SOUTHERN_FLOOD_2023,SAR_ONLY,PASS,none
TN_SOUTHERN_FLOOD_2023_159062,TN_SOUTHERN_FLOOD_2023,SAR_ONLY,PASS,none
TN_SOUTHERN_FLOOD_2023_002319,TN_SOUTHERN_FLOOD_2023,SAR_ONLY,FAIL,non_finite_values_in_sar_pre;non_finite_values_in_sar_post
TN_SOUTHERN_FLOOD_2023_003017,TN_SOUTHERN_FLOOD_2023,SAR_ONLY,FAIL,non_finite_values_in_sar_pre;non_finite_values_in_sar_post
TN_SOUTHERN_FLOOD_2023_013139,TN_SOUTHERN_FLOOD_2023,SAR_ONLY,FAIL,non_finite_values_in_sar_pre;non_finite_values_in_sar_post
TN_SOUTHERN_FLOOD_2023_038825,TN_SOUTHERN_FLOOD_2023,SAR_ONLY,FAIL,non_finite_values_in_sar_pre;non_finite_values_in_sar_post
TN_SOUTHERN_FLOOD_2023_068428,TN_SOUTHERN_FLOOD_2023,SAR_ONLY,FAIL,non_finite_values_in_sar_pre;non_finite_values_in_sar_post
TN_SOUTHERN_FLOOD_2023_105182,TN_SOUTHERN_FLOOD_2023,SAR_ONLY,FAIL,non_finite_values_in_sar_pre;non_finite_values_in_sar_post
TN_SOUTHERN_FLOOD_2023_105215,TN_SOUTHERN_FLOOD_2023,SAR_ONLY,FAIL,non_finite_values_in_sar_pre;non_finite_values_in_sar_post
TN_SOUTHERN_FLOOD_2023_133926,TN_SOUTHERN_FLOOD_2023,SAR_ONLY,FAIL,non_finite_values_in_sar_pre;non_finite_values_in_sar_post
TN_SOUTHERN_FLOOD_2023_147687,TN_SOUTHERN_FLOOD_2023,SAR_ONLY,PASS,none
TN_SOUTHERN_FLOOD_2023_159781,TN_SOUTHERN_FLOOD_2023,SAR_ONLY,PASS,none
TN_SOUTHERN_FLOOD_2023_002889,TN_SOUTHERN_FLOOD_2023,SAR_ONLY,FAIL,non_finite_values_in_sar_pre;non_finite_values_in_sar_post
TN_SOUTHERN_FLOOD_2023_002879,TN_SOUTHERN_FLOOD_2023,SAR_ONLY,FAIL,non_finite_values_in_sar_pre;non_finite_values_in_sar_post
TN_SOUTHERN_FLOOD_2023_014137,TN_SOUTHERN_FLOOD_2023,SAR_ONLY,FAIL,non_finite_values_in_sar_pre;non_finite_values_in_sar_post
TN_SOUTHERN_FLOOD_2023_042168,TN_SOUTHERN_FLOOD_2023,SAR_ONLY,FAIL,non_finite_values_in_sar_pre;non_finite_values_in_sar_post
TN_SOUTHERN_FLOOD_2023_073406,TN_SOUTHERN_FLOOD_2023,SAR_ONLY,FAIL,non_finite_values_in_sar_pre;non_finite_values_in_sar_post
TN_SOUTHERN_FLOOD_2023_106871,TN_SOUTHERN_FLOOD_2023,SAR_ONLY,FAIL,non_finite_values_in_sar_pre;non_finite_values_in_sar_post
TN_SOUTHERN_FLOOD_2023_106923,TN_SOUTHERN_FLOOD_2023,SAR_ONLY,FAIL,non_finite_values_in_sar_pre;non_finite_values_in_sar_post
TN_SOUTHERN_FLOOD_2023_133876,TN_SOUTHERN_FLOOD_2023,SAR_ONLY,FAIL,non_finite_values_in_sar_pre;non_finite_values_in_sar_post
TN_SOUTHERN_FLOOD_2023_148472,TN_SOUTHERN_FLOOD_2023,SAR_ONLY,PASS,none
TN_SOUTHERN_FLOOD_2023_160169,TN_SOUTHERN_FLOOD_2023,SAR_ONLY,PASS,none
TN_SOUTHERN_FLOOD_2023_004181,TN_SOUTHERN_FLOOD_2023,SAR_ONLY,FAIL,non_finite_values_in_sar_pre;non_finite_values_in_sar_post
TN_SOUTHERN_FLOOD_2023_004161,TN_SOUTHERN_FLOOD_2023,SAR_ONLY,FAIL,non_finite_values_in_sar_pre;non_finite_values_in_sar_post
TN_SOUTHERN_FLOOD_2023_015581,TN_SOUTHERN_FLOOD_2023,SAR_ONLY,FAIL,non_finite_values_in_sar_pre;non_finite_values_in_sar_post
TN_SOUTHERN_FLOOD_2023_043525,TN_SOUTHERN_FLOOD_2023,SAR_ONLY,FAIL,non_finite_values_in_sar_pre;non_finite_values_in_sar_post
TN_SOUTHERN_FLOOD_2023_078365,TN_SOUTHERN_FLOOD_2023,SAR_ONLY,FAIL,non_finite_values_in_sar_pre;non_finite_values_in_sar_post
TN_SOUTHERN_FLOOD_2023_111758,TN_SOUTHERN_FLOOD_2023,SAR_ONLY,FAIL,non_finite_values_in_sar_pre;non_finite_values_in_sar_post
TN_SOUTHERN_FLOOD_2023_111774,TN_SOUTHERN_FLOOD_2023,SAR_ONLY,FAIL,non_finite_values_in_sar_pre;non_finite_values_in_sar_post
TN_SOUTHERN_FLOOD_2023_134392,TN_SOUTHERN_FLOOD_2023,SAR_ONLY,FAIL,non_finite_values_in_sar_pre;non_finite_values_in_sar_post
TN_SOUTHERN_FLOOD_2023_150037,TN_SOUTHERN_FLOOD_2023,SAR_ONLY,PASS,none
TN_SOUTHERN_FLOOD_2023_160299,TN_SOUTHERN_FLOOD_2023,SAR_ONLY,PASS,none
TN_SOUTHERN_FLOOD_2023_005187,TN_SOUTHERN_FLOOD_2023,SAR_ONLY,FAIL,non_finite_values_in_sar_pre;non_finite_values_in_sar_post
TN_SOUTHERN_FLOOD_2023_005186,TN_SOUTHERN_FLOOD_2023,SAR_ONLY,FAIL,non_finite_values_in_sar_pre;non_finite_values_in_sar_post
TN_SOUTHERN_FLOOD_2023_016250,TN_SOUTHERN_FLOOD_2023,SAR_ONLY,FAIL,non_finite_values_in_sar_pre;non_finite_values_in_sar_post
TN_SOUTHERN_FLOOD_2023_044979,TN_SOUTHERN_FLOOD_2023,SAR_ONLY,FAIL,non_finite_values_in_sar_pre;non_finite_values_in_sar_post
TN_SOUTHERN_FLOOD_2023_083290,TN_SOUTHERN_FLOOD_2023,SAR_ONLY,FAIL,non_finite_values_in_sar_pre;non_finite_values_in_sar_post
TN_SOUTHERN_FLOOD_2023_085409,TN_SOUTHERN_FLOOD_2023,SAR_ONLY,FAIL,non_finite_values_in_sar_pre;non_finite_values_in_sar_post
TN_SOUTHERN_FLOOD_2023_116433,TN_SOUTHERN_FLOOD_2023,SAR_ONLY,FAIL,non_finite_values_in_sar_pre;non_finite_values_in_sar_post
TN_SOUTHERN_FLOOD_2023_139067,TN_SOUTHERN_FLOOD_2023,SAR_ONLY,PASS,none
TN_SOUTHERN_FLOOD_2023_150708,TN_SOUTHERN_FLOOD_2023,SAR_ONLY,PASS,none
TN_SOUTHERN_FLOOD_2023_160413,TN_SOUTHERN_FLOOD_2023,SAR_ONLY,PASS,none
TN_SOUTHERN_FLOOD_2023_005183,TN_SOUTHERN_FLOOD_2023,SAR_ONLY,FAIL,non_finite_values_in_sar_pre;non_finite_values_in_sar_post
TN_SOUTHERN_FLOOD_2023_005199,TN_SOUTHERN_FLOOD_2023,SAR_ONLY,FAIL,non_finite_values_in_sar_pre;non_finite_values_in_sar_post
TN_SOUTHERN_FLOOD_2023_019699,TN_SOUTHERN_FLOOD_2023,SAR_ONLY,FAIL,non_finite_values_in_sar_pre;non_finite_values_in_sar_post
TN_SOUTHERN_FLOOD_2023_045005,TN_SOUTHERN_FLOOD_2023,SAR_ONLY,FAIL,non_finite_values_in_sar_pre;non_finite_values_in_sar_post
TN_SOUTHERN_FLOOD_2023_083356,TN_SOUTHERN_FLOOD_2023,SAR_ONLY,FAIL,non_finite_values_in_sar_pre;non_finite_values_in_sar_post
TN_SOUTHERN_FLOOD_2023_084659,TN_SOUTHERN_FLOOD_2023,SAR_ONLY,FAIL,non_finite_values_in_sar_pre;non_finite_values_in_sar_post
TN_SOUTHERN_FLOOD_2023_116509,TN_SOUTHERN_FLOOD_2023,SAR_ONLY,FAIL,non_finite_values_in_sar_pre;non_finite_values_in_sar_post
TN_SOUTHERN_FLOOD_2023_139073,TN_SOUTHERN_FLOOD_2023,SAR_ONLY,PASS,none
TN_SOUTHERN_FLOOD_2023_150731,TN_SOUTHERN_FLOOD_2023,SAR_ONLY,PASS,none
TN_SOUTHERN_FLOOD_2023_160414,TN_SOUTHERN_FLOOD_2023,SAR_ONLY,PASS,none
TN_SOUTHERN_FLOOD_2023_006672,TN_SOUTHERN_FLOOD_2023,SAR_ONLY,FAIL,non_finite_values_in_sar_pre;non_finite_values_in_sar_post
TN_SOUTHERN_FLOOD_2023_006666,TN_SOUTHERN_FLOOD_2023,SAR_ONLY,FAIL,non_finite_values_in_sar_pre;non_finite_values_in_sar_post
TN_SOUTHERN_FLOOD_2023_023912,TN_SOUTHERN_FLOOD_2023,SAR_ONLY,FAIL,non_finite_values_in_sar_pre;non_finite_values_in_sar_post
TN_SOUTHERN_FLOOD_2023_049929,TN_SOUTHERN_FLOOD_2023,SAR_ONLY,FAIL,non_finite_values_in_sar_pre;non_finite_values_in_sar_post
TN_SOUTHERN_FLOOD_2023_088264,TN_SOUTHERN_FLOOD_2023,SAR_ONLY,FAIL,non_finite_values_in_sar_pre;non_finite_values_in_sar_post
TN_SOUTHERN_FLOOD_2023_088826,TN_SOUTHERN_FLOOD_2023,SAR_ONLY,FAIL,non_finite_values_in_sar_pre;non_finite_values_in_sar_post
TN_SOUTHERN_FLOOD_2023_121518,TN_SOUTHERN_FLOOD_2023,SAR_ONLY,FAIL,non_finite_values_in_sar_pre;non_finite_values_in_sar_post
TN_SOUTHERN_FLOOD_2023_142616,TN_SOUTHERN_FLOOD_2023,SAR_ONLY,PASS,none
TN_SOUTHERN_FLOOD_2023_152763,TN_SOUTHERN_FLOOD_2023,SAR_ONLY,PASS,none
TN_SOUTHERN_FLOOD_2023_162739,TN_SOUTHERN_FLOOD_2023,SAR_ONLY,PASS,none
TN_SOUTHERN_FLOOD_2023_008947,TN_SOUTHERN_FLOOD_2023,SAR_ONLY,FAIL,non_finite_values_in_sar_pre;non_finite_values_in_sar_post
TN_SOUTHERN_FLOOD_2023_009030,TN_SOUTHERN_FLOOD_2023,SAR_ONLY,FAIL,non_finite_values_in_sar_pre;non_finite_values_in_sar_post
TN_SOUTHERN_FLOOD_2023_027454,TN_SOUTHERN_FLOOD_2023,SAR_ONLY,FAIL,non_finite_values_in_sar_pre;non_finite_values_in_sar_post
TN_SOUTHERN_FLOOD_2023_054892,TN_SOUTHERN_FLOOD_2023,SAR_ONLY,FAIL,non_finite_values_in_sar_pre;non_finite_values_in_sar_post
TN_SOUTHERN_FLOOD_2023_093205,TN_SOUTHERN_FLOOD_2023,SAR_ONLY,FAIL,non_finite_values_in_sar_pre;non_finite_values_in_sar_post
TN_SOUTHERN_FLOOD_2023_093500,TN_SOUTHERN_FLOOD_2023,SAR_ONLY,FAIL,non_finite_values_in_sar_pre;non_finite_values_in_sar_post
TN_SOUTHERN_FLOOD_2023_127924,TN_SOUTHERN_FLOOD_2023,SAR_ONLY,FAIL,non_finite_values_in_sar_pre;non_finite_values_in_sar_post
TN_SOUTHERN_FLOOD_2023_143648,TN_SOUTHERN_FLOOD_2023,SAR_ONLY,PASS,none
TN_SOUTHERN_FLOOD_2023_156903,TN_SOUTHERN_FLOOD_2023,SAR_ONLY,PASS,none
TN_SOUTHERN_FLOOD_2023_167105,TN_SOUTHERN_FLOOD_2023,SAR_ONLY,PASS,none
TN_SOUTHERN_FLOOD_2023_011044,TN_SOUTHERN_FLOOD_2023,SAR_ONLY,FAIL,non_finite_values_in_sar_pre;non_finite_values_in_sar_post
TN_SOUTHERN_FLOOD_2023_011141,TN_SOUTHERN_FLOOD_2023,SAR_ONLY,FAIL,non_finite_values_in_sar_pre;non_finite_values_in_sar_post
TN_SOUTHERN_FLOOD_2023_032380,TN_SOUTHERN_FLOOD_2023,SAR_ONLY,FAIL,non_finite_values_in_sar_pre;non_finite_values_in_sar_post
TN_SOUTHERN_FLOOD_2023_059829,TN_SOUTHERN_FLOOD_2023,SAR_ONLY,FAIL,non_finite_values_in_sar_pre;non_finite_values_in_sar_post
TN_SOUTHERN_FLOOD_2023_098170,TN_SOUTHERN_FLOOD_2023,SAR_ONLY,FAIL,non_finite_values_in_sar_pre;non_finite_values_in_sar_post
TN_SOUTHERN_FLOOD_2023_098302,TN_SOUTHERN_FLOOD_2023,SAR_ONLY,FAIL,non_finite_values_in_sar_pre;non_finite_values_in_sar_post
TN_SOUTHERN_FLOOD_2023_130434,TN_SOUTHERN_FLOOD_2023,SAR_ONLY,FAIL,non_finite_values_in_sar_pre;non_finite_values_in_sar_post
TN_SOUTHERN_FLOOD_2023_145879,TN_SOUTHERN_FLOOD_2023,SAR_ONLY,PASS,none
TN_SOUTHERN_FLOOD_2023_157874,TN_SOUTHERN_FLOOD_2023,SAR_ONLY,PASS,none
TN_SOUTHERN_FLOOD_2023_168799,TN_SOUTHERN_FLOOD_2023,SAR_ONLY,PASS,none
TN_SOUTHERN_FLOOD_2023_000008,TN_SOUTHERN_FLOOD_2023,SAR_ONLY,FAIL,non_finite_values_in_sar_pre;non_finite_values_in_sar_post
TN_SOUTHERN_FLOOD_2023_000025,TN_SOUTHERN_FLOOD_2023,SAR_ONLY,FAIL,non_finite_values_in_sar_pre;non_finite_values_in_sar_post
TN_SOUTHERN_FLOOD_2023_011384,TN_SOUTHERN_FLOOD_2023,SAR_ONLY,FAIL,non_finite_values_in_sar_pre;non_finite_values_in_sar_post
TN_SOUTHERN_FLOOD_2023_034267,TN_SOUTHERN_FLOOD_2023,SAR_ONLY,FAIL,non_finite_values_in_sar_pre;non_finite_values_in_sar_post
TN_SOUTHERN_FLOOD_2023_064781,TN_SOUTHERN_FLOOD_2023,SAR_ONLY,FAIL,non_finite_values_in_sar_pre;non_finite_values_in_sar_post
TN_SOUTHERN_FLOOD_2023_103091,TN_SOUTHERN_FLOOD_2023,SAR_ONLY,FAIL,non_finite_values_in_sar_pre;non_finite_values_in_sar_post
TN_SOUTHERN_FLOOD_2023_104064,TN_SOUTHERN_FLOOD_2023,SAR_ONLY,FAIL,non_finite_values_in_sar_pre;non_finite_values_in_sar_post
TN_SOUTHERN_FLOOD_2023_132563,TN_SOUTHERN_FLOOD_2023,SAR_ONLY,FAIL,non_finite_values_in_sar_pre;non_finite_values_in_sar_post
TN_SOUTHERN_FLOOD_2023_146979,TN_SOUTHERN_FLOOD_2023,SAR_ONLY,FAIL,non_finite_values_in_sar_pre;non_finite_values_in_sar_post
TN_SOUTHERN_FLOOD_2023_158843,TN_SOUTHERN_FLOOD_2023,SAR_ONLY,PASS,none
TN_SOUTHERN_FLOOD_2023_000043,TN_SOUTHERN_FLOOD_2023,SAR_ONLY,FAIL,non_finite_values_in_sar_pre;non_finite_values_in_sar_post
TN_SOUTHERN_FLOOD_2023_000060,TN_SOUTHERN_FLOOD_2023,SAR_ONLY,FAIL,non_finite_values_in_sar_pre;non_finite_values_in_sar_post
TN_SOUTHERN_FLOOD_2023_012254,TN_SOUTHERN_FLOOD_2023,SAR_ONLY,FAIL,non_finite_values_in_sar_pre;non_finite_values_in_sar_post
TN_SOUTHERN_FLOOD_2023_034269,TN_SOUTHERN_FLOOD_2023,SAR_ONLY,FAIL,non_finite_values_in_sar_pre;non_finite_values_in_sar_post
TN_SOUTHERN_FLOOD_2023_064832,TN_SOUTHERN_FLOOD_2023,SAR_ONLY,FAIL,non_finite_values_in_sar_pre;non_finite_values_in_sar_post
TN_SOUTHERN_FLOOD_2023_103199,TN_SOUTHERN_FLOOD_2023,SAR_ONLY,FAIL,non_finite_values_in_sar_pre;non_finite_values_in_sar_post
TN_SOUTHERN_FLOOD_2023_104212,TN_SOUTHERN_FLOOD_2023,SAR_ONLY,FAIL,non_finite_values_in_sar_pre;non_finite_values_in_sar_post
TN_SOUTHERN_FLOOD_2023_132570,TN_SOUTHERN_FLOOD_2023,SAR_ONLY,FAIL,non_finite_values_in_sar_pre;non_finite_values_in_sar_post
TN_SOUTHERN_FLOOD_2023_147793,TN_SOUTHERN_FLOOD_2023,SAR_ONLY,PASS,none
TN_SOUTHERN_FLOOD_2023_159605,TN_SOUTHERN_FLOOD_2023,SAR_ONLY,PASS,none
TN_SOUTHERN_FLOOD_2023_002321,TN_SOUTHERN_FLOOD_2023,SAR_ONLY,FAIL,non_finite_values_in_sar_pre;non_finite_values_in_sar_post
TN_SOUTHERN_FLOOD_2023_003084,TN_SOUTHERN_FLOOD_2023,SAR_ONLY,FAIL,non_finite_values_in_sar_pre;non_finite_values_in_sar_post
TN_SOUTHERN_FLOOD_2023_013150,TN_SOUTHERN_FLOOD_2023,SAR_ONLY,FAIL,non_finite_values_in_sar_pre;non_finite_values_in_sar_post
TN_SOUTHERN_FLOOD_2023_038831,TN_SOUTHERN_FLOOD_2023,SAR_ONLY,FAIL,non_finite_values_in_sar_pre;non_finite_values_in_sar_post
TN_SOUTHERN_FLOOD_2023_068429,TN_SOUTHERN_FLOOD_2023,SAR_ONLY,FAIL,non_finite_values_in_sar_pre;non_finite_values_in_sar_post
TN_SOUTHERN_FLOOD_2023_105183,TN_SOUTHERN_FLOOD_2023,SAR_ONLY,FAIL,non_finite_values_in_sar_pre;non_finite_values_in_sar_post
TN_SOUTHERN_FLOOD_2023_105233,TN_SOUTHERN_FLOOD_2023,SAR_ONLY,FAIL,non_finite_values_in_sar_pre;non_finite_values_in_sar_post
TN_SOUTHERN_FLOOD_2023_133932,TN_SOUTHERN_FLOOD_2023,SAR_ONLY,FAIL,non_finite_values_in_sar_pre;non_finite_values_in_sar_post
TN_SOUTHERN_FLOOD_2023_147688,TN_SOUTHERN_FLOOD_2023,SAR_ONLY,PASS,none
TN_SOUTHERN_FLOOD_2023_159782,TN_SOUTHERN_FLOOD_2023,SAR_ONLY,PASS,none
TN_SOUTHERN_FLOOD_2023_002890,TN_SOUTHERN_FLOOD_2023,SAR_ONLY,FAIL,non_finite_values_in_sar_pre;non_finite_values_in_sar_post
TN_SOUTHERN_FLOOD_2023_002881,TN_SOUTHERN_FLOOD_2023,SAR_ONLY,FAIL,non_finite_values_in_sar_pre;non_finite_values_in_sar_post
TN_SOUTHERN_FLOOD_2023_014206,TN_SOUTHERN_FLOOD_2023,SAR_ONLY,FAIL,non_finite_values_in_sar_pre;non_finite_values_in_sar_post
TN_SOUTHERN_FLOOD_2023_042169,TN_SOUTHERN_FLOOD_2023,SAR_ONLY,FAIL,non_finite_values_in_sar_pre;non_finite_values_in_sar_post
TN_SOUTHERN_FLOOD_2023_073407,TN_SOUTHERN_FLOOD_2023,SAR_ONLY,FAIL,non_finite_values_in_sar_pre;non_finite_values_in_sar_post
TN_SOUTHERN_FLOOD_2023_106874,TN_SOUTHERN_FLOOD_2023,SAR_ONLY,FAIL,non_finite_values_in_sar_pre;non_finite_values_in_sar_post
TN_SOUTHERN_FLOOD_2023_106935,TN_SOUTHERN_FLOOD_2023,SAR_ONLY,FAIL,non_finite_values_in_sar_pre;non_finite_values_in_sar_post
TN_SOUTHERN_FLOOD_2023_133892,TN_SOUTHERN_FLOOD_2023,SAR_ONLY,FAIL,non_finite_values_in_sar_pre;non_finite_values_in_sar_post
TN_SOUTHERN_FLOOD_2023_148473,TN_SOUTHERN_FLOOD_2023,SAR_ONLY,PASS,none
TN_SOUTHERN_FLOOD_2023_160177,TN_SOUTHERN_FLOOD_2023,SAR_ONLY,PASS,none
TN_SOUTHERN_FLOOD_2023_004188,TN_SOUTHERN_FLOOD_2023,SAR_ONLY,FAIL,non_finite_values_in_sar_pre;non_finite_values_in_sar_post
TN_SOUTHERN_FLOOD_2023_004166,TN_SOUTHERN_FLOOD_2023,SAR_ONLY,FAIL,non_finite_values_in_sar_pre;non_finite_values_in_sar_post
TN_SOUTHERN_FLOOD_2023_015583,TN_SOUTHERN_FLOOD_2023,SAR_ONLY,FAIL,non_finite_values_in_sar_pre;non_finite_values_in_sar_post
TN_SOUTHERN_FLOOD_2023_043526,TN_SOUTHERN_FLOOD_2023,SAR_ONLY,FAIL,non_finite_values_in_sar_pre;non_finite_values_in_sar_post
TN_SOUTHERN_FLOOD_2023_078366,TN_SOUTHERN_FLOOD_2023,SAR_ONLY,FAIL,non_finite_values_in_sar_pre;non_finite_values_in_sar_post
TN_SOUTHERN_FLOOD_2023_111760,TN_SOUTHERN_FLOOD_2023,SAR_ONLY,FAIL,non_finite_values_in_sar_pre;non_finite_values_in_sar_post
TN_SOUTHERN_FLOOD_2023_111784,TN_SOUTHERN_FLOOD_2023,SAR_ONLY,FAIL,non_finite_values_in_sar_pre;non_finite_values_in_sar_post
TN_SOUTHERN_FLOOD_2023_134394,TN_SOUTHERN_FLOOD_2023,SAR_ONLY,FAIL,non_finite_values_in_sar_pre;non_finite_values_in_sar_post
TN_SOUTHERN_FLOOD_2023_150045,TN_SOUTHERN_FLOOD_2023,SAR_ONLY,PASS,none
TN_SOUTHERN_FLOOD_2023_160300,TN_SOUTHERN_FLOOD_2023,SAR_ONLY,PASS,none
TN_SOUTHERN_FLOOD_2023_005190,TN_SOUTHERN_FLOOD_2023,SAR_ONLY,FAIL,non_finite_values_in_sar_pre;non_finite_values_in_sar_post
TN_SOUTHERN_FLOOD_2023_005200,TN_SOUTHERN_FLOOD_2023,SAR_ONLY,FAIL,non_finite_values_in_sar_pre;non_finite_values_in_sar_post
TN_SOUTHERN_FLOOD_2023_016427,TN_SOUTHERN_FLOOD_2023,SAR_ONLY,FAIL,non_finite_values_in_sar_pre;non_finite_values_in_sar_post
TN_SOUTHERN_FLOOD_2023_044981,TN_SOUTHERN_FLOOD_2023,SAR_ONLY,FAIL,non_finite_values_in_sar_pre;non_finite_values_in_sar_post
TN_SOUTHERN_FLOOD_2023_083291,TN_SOUTHERN_FLOOD_2023,SAR_ONLY,FAIL,non_finite_values_in_sar_pre;non_finite_values_in_sar_post
TN_SOUTHERN_FLOOD_2023_086217,TN_SOUTHERN_FLOOD_2023,SAR_ONLY,FAIL,non_finite_values_in_sar_pre;non_finite_values_in_sar_post
TN_SOUTHERN_FLOOD_2023_116435,TN_SOUTHERN_FLOOD_2023,SAR_ONLY,FAIL,non_finite_values_in_sar_pre;non_finite_values_in_sar_post
TN_SOUTHERN_FLOOD_2023_139077,TN_SOUTHERN_FLOOD_2023,SAR_ONLY,FAIL,non_finite_values_in_sar_pre;non_finite_values_in_sar_post
TN_SOUTHERN_FLOOD_2023_150710,TN_SOUTHERN_FLOOD_2023,SAR_ONLY,PASS,none
TN_SOUTHERN_FLOOD_2023_160415,TN_SOUTHERN_FLOOD_2023,SAR_ONLY,PASS,none
TN_SOUTHERN_FLOOD_2023_005189,TN_SOUTHERN_FLOOD_2023,SAR_ONLY,FAIL,non_finite_values_in_sar_pre;non_finite_values_in_sar_post
TN_SOUTHERN_FLOOD_2023_005204,TN_SOUTHERN_FLOOD_2023,SAR_ONLY,FAIL,non_finite_values_in_sar_pre;non_finite_values_in_sar_post
TN_SOUTHERN_FLOOD_2023_019706,TN_SOUTHERN_FLOOD_2023,SAR_ONLY,FAIL,non_finite_values_in_sar_pre;non_finite_values_in_sar_post
TN_SOUTHERN_FLOOD_2023_045008,TN_SOUTHERN_FLOOD_2023,SAR_ONLY,FAIL,non_finite_values_in_sar_pre;non_finite_values_in_sar_post
TN_SOUTHERN_FLOOD_2023_083385,TN_SOUTHERN_FLOOD_2023,SAR_ONLY,FAIL,non_finite_values_in_sar_pre;non_finite_values_in_sar_post
TN_SOUTHERN_FLOOD_2023_084672,TN_SOUTHERN_FLOOD_2023,SAR_ONLY,FAIL,non_finite_values_in_sar_pre;non_finite_values_in_sar_post
TN_SOUTHERN_FLOOD_2023_116576,TN_SOUTHERN_FLOOD_2023,SAR_ONLY,FAIL,non_finite_values_in_sar_pre;non_finite_values_in_sar_post
TN_SOUTHERN_FLOOD_2023_139080,TN_SOUTHERN_FLOOD_2023,SAR_ONLY,PASS,none
TN_SOUTHERN_FLOOD_2023_150735,TN_SOUTHERN_FLOOD_2023,SAR_ONLY,PASS,none
TN_SOUTHERN_FLOOD_2023_160430,TN_SOUTHERN_FLOOD_2023,SAR_ONLY,PASS,none
TN_SOUTHERN_FLOOD_2023_006684,TN_SOUTHERN_FLOOD_2023,SAR_ONLY,FAIL,non_finite_values_in_sar_pre;non_finite_values_in_sar_post
TN_SOUTHERN_FLOOD_2023_006678,TN_SOUTHERN_FLOOD_2023,SAR_ONLY,FAIL,non_finite_values_in_sar_pre;non_finite_values_in_sar_post
TN_SOUTHERN_FLOOD_2023_023913,TN_SOUTHERN_FLOOD_2023,SAR_ONLY,FAIL,non_finite_values_in_sar_pre;non_finite_values_in_sar_post
TN_SOUTHERN_FLOOD_2023_049933,TN_SOUTHERN_FLOOD_2023,SAR_ONLY,FAIL,non_finite_values_in_sar_pre;non_finite_values_in_sar_post
TN_SOUTHERN_FLOOD_2023_088266,TN_SOUTHERN_FLOOD_2023,SAR_ONLY,FAIL,non_finite_values_in_sar_pre;non_finite_values_in_sar_post
TN_SOUTHERN_FLOOD_2023_088843,TN_SOUTHERN_FLOOD_2023,SAR_ONLY,FAIL,non_finite_values_in_sar_pre;non_finite_values_in_sar_post
TN_SOUTHERN_FLOOD_2023_121551,TN_SOUTHERN_FLOOD_2023,SAR_ONLY,FAIL,non_finite_values_in_sar_pre;non_finite_values_in_sar_post
TN_SOUTHERN_FLOOD_2023_142623,TN_SOUTHERN_FLOOD_2023,SAR_ONLY,PASS,none
TN_SOUTHERN_FLOOD_2023_152770,TN_SOUTHERN_FLOOD_2023,SAR_ONLY,PASS,none
TN_SOUTHERN_FLOOD_2023_162740,TN_SOUTHERN_FLOOD_2023,SAR_ONLY,PASS,none
TN_SOUTHERN_FLOOD_2023_008952,TN_SOUTHERN_FLOOD_2023,SAR_ONLY,FAIL,non_finite_values_in_sar_pre;non_finite_values_in_sar_post
TN_SOUTHERN_FLOOD_2023_009067,TN_SOUTHERN_FLOOD_2023,SAR_ONLY,FAIL,non_finite_values_in_sar_pre;non_finite_values_in_sar_post
TN_SOUTHERN_FLOOD_2023_027461,TN_SOUTHERN_FLOOD_2023,SAR_ONLY,FAIL,non_finite_values_in_sar_pre;non_finite_values_in_sar_post
TN_SOUTHERN_FLOOD_2023_054894,TN_SOUTHERN_FLOOD_2023,SAR_ONLY,FAIL,non_finite_values_in_sar_pre;non_finite_values_in_sar_post
TN_SOUTHERN_FLOOD_2023_093206,TN_SOUTHERN_FLOOD_2023,SAR_ONLY,FAIL,non_finite_values_in_sar_pre;non_finite_values_in_sar_post
TN_SOUTHERN_FLOOD_2023_093503,TN_SOUTHERN_FLOOD_2023,SAR_ONLY,FAIL,non_finite_values_in_sar_pre;non_finite_values_in_sar_post
TN_SOUTHERN_FLOOD_2023_128202,TN_SOUTHERN_FLOOD_2023,SAR_ONLY,FAIL,non_finite_values_in_sar_pre;non_finite_values_in_sar_post
TN_SOUTHERN_FLOOD_2023_143657,TN_SOUTHERN_FLOOD_2023,SAR_ONLY,PASS,none
TN_SOUTHERN_FLOOD_2023_156904,TN_SOUTHERN_FLOOD_2023,SAR_ONLY,PASS,none
TN_SOUTHERN_FLOOD_2023_167108,TN_SOUTHERN_FLOOD_2023,SAR_ONLY,PASS,none
TN_SOUTHERN_FLOOD_2023_011045,TN_SOUTHERN_FLOOD_2023,SAR_ONLY,FAIL,non_finite_values_in_sar_pre;non_finite_values_in_sar_post
TN_SOUTHERN_FLOOD_2023_011168,TN_SOUTHERN_FLOOD_2023,SAR_ONLY,FAIL,non_finite_values_in_sar_pre;non_finite_values_in_sar_post
TN_SOUTHERN_FLOOD_2023_032381,TN_SOUTHERN_FLOOD_2023,SAR_ONLY,FAIL,non_finite_values_in_sar_pre;non_finite_values_in_sar_post
TN_SOUTHERN_FLOOD_2023_059831,TN_SOUTHERN_FLOOD_2023,SAR_ONLY,FAIL,non_finite_values_in_sar_pre;non_finite_values_in_sar_post
TN_SOUTHERN_FLOOD_2023_098171,TN_SOUTHERN_FLOOD_2023,SAR_ONLY,FAIL,non_finite_values_in_sar_pre;non_finite_values_in_sar_post
TN_SOUTHERN_FLOOD_2023_098341,TN_SOUTHERN_FLOOD_2023,SAR_ONLY,FAIL,non_finite_values_in_sar_pre;non_finite_values_in_sar_post
TN_SOUTHERN_FLOOD_2023_130541,TN_SOUTHERN_FLOOD_2023,SAR_ONLY,FAIL,non_finite_values_in_sar_pre;non_finite_values_in_sar_post
TN_SOUTHERN_FLOOD_2023_145908,TN_SOUTHERN_FLOOD_2023,SAR_ONLY,PASS,none
TN_SOUTHERN_FLOOD_2023_157875,TN_SOUTHERN_FLOOD_2023,SAR_ONLY,PASS,none
TN_SOUTHERN_FLOOD_2023_168802,TN_SOUTHERN_FLOOD_2023,SAR_ONLY,PASS,none
TN_SOUTHERN_FLOOD_2023_000010,TN_SOUTHERN_FLOOD_2023,SAR_ONLY,FAIL,non_finite_values_in_sar_pre;non_finite_values_in_sar_post
TN_SOUTHERN_FLOOD_2023_000030,TN_SOUTHERN_FLOOD_2023,SAR_ONLY,FAIL,non_finite_values_in_sar_pre;non_finite_values_in_sar_post
TN_SOUTHERN_FLOOD_2023_011539,TN_SOUTHERN_FLOOD_2023,SAR_ONLY,FAIL,non_finite_values_in_sar_pre;non_finite_values_in_sar_post
TN_SOUTHERN_FLOOD_2023_034270,TN_SOUTHERN_FLOOD_2023,SAR_ONLY,FAIL,non_finite_values_in_sar_pre;non_finite_values_in_sar_post
TN_SOUTHERN_FLOOD_2023_064787,TN_SOUTHERN_FLOOD_2023,SAR_ONLY,FAIL,non_finite_values_in_sar_pre;non_finite_values_in_sar_post
TN_SOUTHERN_FLOOD_2023_103092,TN_SOUTHERN_FLOOD_2023,SAR_ONLY,FAIL,non_finite_values_in_sar_pre;non_finite_values_in_sar_post
TN_SOUTHERN_FLOOD_2023_104225,TN_SOUTHERN_FLOOD_2023,SAR_ONLY,FAIL,non_finite_values_in_sar_pre;non_finite_values_in_sar_post
TN_SOUTHERN_FLOOD_2023_132571,TN_SOUTHERN_FLOOD_2023,SAR_ONLY,FAIL,non_finite_values_in_sar_pre;non_finite_values_in_sar_post
TN_SOUTHERN_FLOOD_2023_147002,TN_SOUTHERN_FLOOD_2023,SAR_ONLY,FAIL,non_finite_values_in_sar_pre;non_finite_values_in_sar_post
TN_SOUTHERN_FLOOD_2023_158845,TN_SOUTHERN_FLOOD_2023,SAR_ONLY,PASS,none
TN_SOUTHERN_FLOOD_2023_000048,TN_SOUTHERN_FLOOD_2023,SAR_ONLY,FAIL,non_finite_values_in_sar_pre;non_finite_values_in_sar_post
TN_SOUTHERN_FLOOD_2023_000084,TN_SOUTHERN_FLOOD_2023,SAR_ONLY,FAIL,non_finite_values_in_sar_pre;non_finite_values_in_sar_post
TN_SOUTHERN_FLOOD_2023_012358,TN_SOUTHERN_FLOOD_2023,SAR_ONLY,FAIL,non_finite_values_in_sar_pre;non_finite_values_in_sar_post
TN_SOUTHERN_FLOOD_2023_034273,TN_SOUTHERN_FLOOD_2023,SAR_ONLY,FAIL,non_finite_values_in_sar_pre;non_finite_values_in_sar_post
TN_SOUTHERN_FLOOD_2023_064855,TN_SOUTHERN_FLOOD_2023,SAR_ONLY,FAIL,non_finite_values_in_sar_pre;non_finite_values_in_sar_post
TN_SOUTHERN_FLOOD_2023_103204,TN_SOUTHERN_FLOOD_2023,SAR_ONLY,FAIL,non_finite_values_in_sar_pre;non_finite_values_in_sar_post
TN_SOUTHERN_FLOOD_2023_132593,TN_SOUTHERN_FLOOD_2023,SAR_ONLY,FAIL,non_finite_values_in_sar_pre;non_finite_values_in_sar_post
TN_SOUTHERN_FLOOD_2023_132586,TN_SOUTHERN_FLOOD_2023,SAR_ONLY,FAIL,non_finite_values_in_sar_pre;non_finite_values_in_sar_post
TN_SOUTHERN_FLOOD_2023_147865,TN_SOUTHERN_FLOOD_2023,SAR_ONLY,PASS,none
TN_SOUTHERN_FLOOD_2023_159666,TN_SOUTHERN_FLOOD_2023,SAR_ONLY,PASS,none
TN_SOUTHERN_FLOOD_2023_002421,TN_SOUTHERN_FLOOD_2023,SAR_ONLY,FAIL,non_finite_values_in_sar_pre;non_finite_values_in_sar_post
TN_SOUTHERN_FLOOD_2023_003087,TN_SOUTHERN_FLOOD_2023,SAR_ONLY,FAIL,non_finite_values_in_sar_pre;non_finite_values_in_sar_post
TN_SOUTHERN_FLOOD_2023_013160,TN_SOUTHERN_FLOOD_2023,SAR_ONLY,FAIL,non_finite_values_in_sar_pre;non_finite_values_in_sar_post
TN_SOUTHERN_FLOOD_2023_038837,TN_SOUTHERN_FLOOD_2023,SAR_ONLY,FAIL,non_finite_values_in_sar_pre;non_finite_values_in_sar_post
TN_SOUTHERN_FLOOD_2023_068430,TN_SOUTHERN_FLOOD_2023,SAR_ONLY,FAIL,non_finite_values_in_sar_pre;non_finite_values_in_sar_post
TN_SOUTHERN_FLOOD_2023_105184,TN_SOUTHERN_FLOOD_2023,SAR_ONLY,FAIL,non_finite_values_in_sar_pre;non_finite_values_in_sar_post
TN_SOUTHERN_FLOOD_2023_105259,TN_SOUTHERN_FLOOD_2023,SAR_ONLY,FAIL,non_finite_values_in_sar_pre;non_finite_values_in_sar_post
TN_SOUTHERN_FLOOD_2023_133935,TN_SOUTHERN_FLOOD_2023,SAR_ONLY,FAIL,non_finite_values_in_sar_pre;non_finite_values_in_sar_post
TN_SOUTHERN_FLOOD_2023_147689,TN_SOUTHERN_FLOOD_2023,SAR_ONLY,PASS,none
TN_SOUTHERN_FLOOD_2023_159784,TN_SOUTHERN_FLOOD_2023,SAR_ONLY,PASS,none
TN_SOUTHERN_FLOOD_2023_002892,TN_SOUTHERN_FLOOD_2023,SAR_ONLY,FAIL,non_finite_values_in_sar_pre;non_finite_values_in_sar_post
TN_SOUTHERN_FLOOD_2023_002882,TN_SOUTHERN_FLOOD_2023,SAR_ONLY,FAIL,non_finite_values_in_sar_pre;non_finite_values_in_sar_post
TN_SOUTHERN_FLOOD_2023_014291,TN_SOUTHERN_FLOOD_2023,SAR_ONLY,FAIL,non_finite_values_in_sar_pre;non_finite_values_in_sar_post
TN_SOUTHERN_FLOOD_2023_042170,TN_SOUTHERN_FLOOD_2023,SAR_ONLY,FAIL,non_finite_values_in_sar_pre;non_finite_values_in_sar_post
TN_SOUTHERN_FLOOD_2023_073408,TN_SOUTHERN_FLOOD_2023,SAR_ONLY,FAIL,non_finite_values_in_sar_pre;non_finite_values_in_sar_post
TN_SOUTHERN_FLOOD_2023_106875,TN_SOUTHERN_FLOOD_2023,SAR_ONLY,FAIL,non_finite_values_in_sar_pre;non_finite_values_in_sar_post
TN_SOUTHERN_FLOOD_2023_106936,TN_SOUTHERN_FLOOD_2023,SAR_ONLY,FAIL,non_finite_values_in_sar_pre;non_finite_values_in_sar_post
TN_SOUTHERN_FLOOD_2023_133901,TN_SOUTHERN_FLOOD_2023,SAR_ONLY,FAIL,non_finite_values_in_sar_pre;non_finite_values_in_sar_post
TN_SOUTHERN_FLOOD_2023_148479,TN_SOUTHERN_FLOOD_2023,SAR_ONLY,PASS,none
TN_SOUTHERN_FLOOD_2023_160182,TN_SOUTHERN_FLOOD_2023,SAR_ONLY,PASS,none
TN_SOUTHERN_FLOOD_2023_004234,TN_SOUTHERN_FLOOD_2023,SAR_ONLY,FAIL,non_finite_values_in_sar_pre;non_finite_values_in_sar_post
TN_SOUTHERN_FLOOD_2023_004167,TN_SOUTHERN_FLOOD_2023,SAR_ONLY,FAIL,non_finite_values_in_sar_pre;non_finite_values_in_sar_post
TN_SOUTHERN_FLOOD_2023_015587,TN_SOUTHERN_FLOOD_2023,SAR_ONLY,FAIL,non_finite_values_in_sar_pre;non_finite_values_in_sar_post
TN_SOUTHERN_FLOOD_2023_043527,TN_SOUTHERN_FLOOD_2023,SAR_ONLY,FAIL,non_finite_values_in_sar_pre;non_finite_values_in_sar_post
TN_SOUTHERN_FLOOD_2023_078370,TN_SOUTHERN_FLOOD_2023,SAR_ONLY,FAIL,non_finite_values_in_sar_pre;non_finite_values_in_sar_post
TN_SOUTHERN_FLOOD_2023_111763,TN_SOUTHERN_FLOOD_2023,SAR_ONLY,FAIL,non_finite_values_in_sar_pre;non_finite_values_in_sar_post
TN_SOUTHERN_FLOOD_2023_111787,TN_SOUTHERN_FLOOD_2023,SAR_ONLY,FAIL,non_finite_values_in_sar_pre;non_finite_values_in_sar_post
TN_SOUTHERN_FLOOD_2023_134397,TN_SOUTHERN_FLOOD_2023,SAR_ONLY,FAIL,non_finite_values_in_sar_pre;non_finite_values_in_sar_post
TN_SOUTHERN_FLOOD_2023_150046,TN_SOUTHERN_FLOOD_2023,SAR_ONLY,PASS,none
TN_SOUTHERN_FLOOD_2023_160303,TN_SOUTHERN_FLOOD_2023,SAR_ONLY,PASS,none
TN_SOUTHERN_FLOOD_2023_005194,TN_SOUTHERN_FLOOD_2023,SAR_ONLY,FAIL,non_finite_values_in_sar_pre;non_finite_values_in_sar_post
TN_SOUTHERN_FLOOD_2023_005202,TN_SOUTHERN_FLOOD_2023,SAR_ONLY,FAIL,non_finite_values_in_sar_pre;non_finite_values_in_sar_post
TN_SOUTHERN_FLOOD_2023_017243,TN_SOUTHERN_FLOOD_2023,SAR_ONLY,FAIL,non_finite_values_in_sar_pre;non_finite_values_in_sar_post
TN_SOUTHERN_FLOOD_2023_044983,TN_SOUTHERN_FLOOD_2023,SAR_ONLY,FAIL,non_finite_values_in_sar_pre;non_finite_values_in_sar_post
TN_SOUTHERN_FLOOD_2023_083292,TN_SOUTHERN_FLOOD_2023,SAR_ONLY,FAIL,non_finite_values_in_sar_pre;non_finite_values_in_sar_post
TN_SOUTHERN_FLOOD_2023_086677,TN_SOUTHERN_FLOOD_2023,SAR_ONLY,FAIL,non_finite_values_in_sar_pre;non_finite_values_in_sar_post
TN_SOUTHERN_FLOOD_2023_116442,TN_SOUTHERN_FLOOD_2023,SAR_ONLY,FAIL,non_finite_values_in_sar_pre;non_finite_values_in_sar_post
TN_SOUTHERN_FLOOD_2023_139083,TN_SOUTHERN_FLOOD_2023,SAR_ONLY,PASS,none
TN_SOUTHERN_FLOOD_2023_150712,TN_SOUTHERN_FLOOD_2023,SAR_ONLY,PASS,none
TN_SOUTHERN_FLOOD_2023_160416,TN_SOUTHERN_FLOOD_2023,SAR_ONLY,PASS,none
TN_SOUTHERN_FLOOD_2023_005191,TN_SOUTHERN_FLOOD_2023,SAR_ONLY,FAIL,non_finite_values_in_sar_pre;non_finite_values_in_sar_post
TN_SOUTHERN_FLOOD_2023_005208,TN_SOUTHERN_FLOOD_2023,SAR_ONLY,FAIL,non_finite_values_in_sar_pre;non_finite_values_in_sar_post
TN_SOUTHERN_FLOOD_2023_019712,TN_SOUTHERN_FLOOD_2023,SAR_ONLY,FAIL,non_finite_values_in_sar_pre;non_finite_values_in_sar_post
TN_SOUTHERN_FLOOD_2023_045016,TN_SOUTHERN_FLOOD_2023,SAR_ONLY,FAIL,non_finite_values_in_sar_pre;non_finite_values_in_sar_post
TN_SOUTHERN_FLOOD_2023_083403,TN_SOUTHERN_FLOOD_2023,SAR_ONLY,FAIL,non_finite_values_in_sar_pre;non_finite_values_in_sar_post
TN_SOUTHERN_FLOOD_2023_084873,TN_SOUTHERN_FLOOD_2023,SAR_ONLY,FAIL,non_finite_values_in_sar_pre;non_finite_values_in_sar_post
TN_SOUTHERN_FLOOD_2023_116608,TN_SOUTHERN_FLOOD_2023,SAR_ONLY,FAIL,non_finite_values_in_sar_pre;non_finite_values_in_sar_post
TN_SOUTHERN_FLOOD_2023_139088,TN_SOUTHERN_FLOOD_2023,SAR_ONLY,FAIL,non_finite_values_in_sar_pre;non_finite_values_in_sar_post
TN_SOUTHERN_FLOOD_2023_150736,TN_SOUTHERN_FLOOD_2023,SAR_ONLY,PASS,none
TN_SOUTHERN_FLOOD_2023_160435,TN_SOUTHERN_FLOOD_2023,SAR_ONLY,PASS,none
TN_SOUTHERN_FLOOD_2023_006685,TN_SOUTHERN_FLOOD_2023,SAR_ONLY,FAIL,non_finite_values_in_sar_pre;non_finite_values_in_sar_post
TN_SOUTHERN_FLOOD_2023_006686,TN_SOUTHERN_FLOOD_2023,SAR_ONLY,FAIL,non_finite_values_in_sar_pre;non_finite_values_in_sar_post
TN_SOUTHERN_FLOOD_2023_023915,TN_SOUTHERN_FLOOD_2023,SAR_ONLY,FAIL,non_finite_values_in_sar_pre;non_finite_values_in_sar_post
TN_SOUTHERN_FLOOD_2023_049938,TN_SOUTHERN_FLOOD_2023,SAR_ONLY,FAIL,non_finite_values_in_sar_pre;non_finite_values_in_sar_post
TN_SOUTHERN_FLOOD_2023_088267,TN_SOUTHERN_FLOOD_2023,SAR_ONLY,FAIL,non_finite_values_in_sar_pre;non_finite_values_in_sar_post
TN_SOUTHERN_FLOOD_2023_089020,TN_SOUTHERN_FLOOD_2023,SAR_ONLY,FAIL,non_finite_values_in_sar_pre;non_finite_values_in_sar_post
TN_SOUTHERN_FLOOD_2023_121575,TN_SOUTHERN_FLOOD_2023,SAR_ONLY,FAIL,non_finite_values_in_sar_pre;non_finite_values_in_sar_post
TN_SOUTHERN_FLOOD_2023_142624,TN_SOUTHERN_FLOOD_2023,SAR_ONLY,PASS,none
TN_SOUTHERN_FLOOD_2023_152773,TN_SOUTHERN_FLOOD_2023,SAR_ONLY,PASS,none
TN_SOUTHERN_FLOOD_2023_162742,TN_SOUTHERN_FLOOD_2023,SAR_ONLY,PASS,none
TN_SOUTHERN_FLOOD_2023_008967,TN_SOUTHERN_FLOOD_2023,SAR_ONLY,FAIL,non_finite_values_in_sar_pre;non_finite_values_in_sar_post
TN_SOUTHERN_FLOOD_2023_009092,TN_SOUTHERN_FLOOD_2023,SAR_ONLY,FAIL,non_finite_values_in_sar_pre;non_finite_values_in_sar_post
TN_SOUTHERN_FLOOD_2023_027462,TN_SOUTHERN_FLOOD_2023,SAR_ONLY,FAIL,non_finite_values_in_sar_pre;non_finite_values_in_sar_post
TN_SOUTHERN_FLOOD_2023_054896,TN_SOUTHERN_FLOOD_2023,SAR_ONLY,FAIL,non_finite_values_in_sar_pre;non_finite_values_in_sar_post
TN_SOUTHERN_FLOOD_2023_093208,TN_SOUTHERN_FLOOD_2023,SAR_ONLY,FAIL,non_finite_values_in_sar_pre;non_finite_values_in_sar_post
TN_SOUTHERN_FLOOD_2023_093506,TN_SOUTHERN_FLOOD_2023,SAR_ONLY,FAIL,non_finite_values_in_sar_pre;non_finite_values_in_sar_post
TN_SOUTHERN_FLOOD_2023_128330,TN_SOUTHERN_FLOOD_2023,SAR_ONLY,FAIL,non_finite_values_in_sar_pre;non_finite_values_in_sar_post
TN_SOUTHERN_FLOOD_2023_143664,TN_SOUTHERN_FLOOD_2023,SAR_ONLY,PASS,none
TN_SOUTHERN_FLOOD_2023_156912,TN_SOUTHERN_FLOOD_2023,SAR_ONLY,PASS,none
TN_SOUTHERN_FLOOD_2023_167113,TN_SOUTHERN_FLOOD_2023,SAR_ONLY,PASS,none
TN_SOUTHERN_FLOOD_2023_011049,TN_SOUTHERN_FLOOD_2023,SAR_ONLY,FAIL,non_finite_values_in_sar_pre;non_finite_values_in_sar_post
TN_SOUTHERN_FLOOD_2023_032386,TN_SOUTHERN_FLOOD_2023,SAR_ONLY,FAIL,non_finite_values_in_sar_pre;non_finite_values_in_sar_post
TN_SOUTHERN_FLOOD_2023_032384,TN_SOUTHERN_FLOOD_2023,SAR_ONLY,FAIL,non_finite_values_in_sar_pre;non_finite_values_in_sar_post
TN_SOUTHERN_FLOOD_2023_059832,TN_SOUTHERN_FLOOD_2023,SAR_ONLY,FAIL,non_finite_values_in_sar_pre;non_finite_values_in_sar_post
TN_SOUTHERN_FLOOD_2023_098172,TN_SOUTHERN_FLOOD_2023,SAR_ONLY,FAIL,non_finite_values_in_sar_pre;non_finite_values_in_sar_post
TN_SOUTHERN_FLOOD_2023_098372,TN_SOUTHERN_FLOOD_2023,SAR_ONLY,FAIL,non_finite_values_in_sar_pre;non_finite_values_in_sar_post
TN_SOUTHERN_FLOOD_2023_130607,TN_SOUTHERN_FLOOD_2023,SAR_ONLY,FAIL,non_finite_values_in_sar_pre;non_finite_values_in_sar_post
TN_SOUTHERN_FLOOD_2023_145910,TN_SOUTHERN_FLOOD_2023,SAR_ONLY,PASS,none
TN_SOUTHERN_FLOOD_2023_157879,TN_SOUTHERN_FLOOD_2023,SAR_ONLY,PASS,none
TN_SOUTHERN_FLOOD_2023_168803,TN_SOUTHERN_FLOOD_2023,SAR_ONLY,PASS,none
TN_SOUTHERN_FLOOD_2023_000013,TN_SOUTHERN_FLOOD_2023,SAR_ONLY,FAIL,non_finite_values_in_sar_pre;non_finite_values_in_sar_post
TN_SOUTHERN_FLOOD_2023_000033,TN_SOUTHERN_FLOOD_2023,SAR_ONLY,FAIL,non_finite_values_in_sar_pre;non_finite_values_in_sar_post
TN_SOUTHERN_FLOOD_2023_011646,TN_SOUTHERN_FLOOD_2023,SAR_ONLY,FAIL,non_finite_values_in_sar_pre;non_finite_values_in_sar_post
TN_SOUTHERN_FLOOD_2023_034272,TN_SOUTHERN_FLOOD_2023,SAR_ONLY,FAIL,non_finite_values_in_sar_pre;non_finite_values_in_sar_post
TN_SOUTHERN_FLOOD_2023_064788,TN_SOUTHERN_FLOOD_2023,SAR_ONLY,FAIL,non_finite_values_in_sar_pre;non_finite_values_in_sar_post
TN_SOUTHERN_FLOOD_2023_103093,TN_SOUTHERN_FLOOD_2023,SAR_ONLY,FAIL,non_finite_values_in_sar_pre;non_finite_values_in_sar_post
TN_SOUTHERN_FLOOD_2023_104292,TN_SOUTHERN_FLOOD_2023,SAR_ONLY,FAIL,non_finite_values_in_sar_pre;non_finite_values_in_sar_post
TN_SOUTHERN_FLOOD_2023_132581,TN_SOUTHERN_FLOOD_2023,SAR_ONLY,FAIL,non_finite_values_in_sar_pre;non_finite_values_in_sar_post
TN_SOUTHERN_FLOOD_2023_147017,TN_SOUTHERN_FLOOD_2023,SAR_ONLY,PASS,none
TN_SOUTHERN_FLOOD_2023_158846,TN_SOUTHERN_FLOOD_2023,SAR_ONLY,PASS,none
TN_SOUTHERN_FLOOD_2023_000057,TN_SOUTHERN_FLOOD_2023,SAR_ONLY,FAIL,non_finite_values_in_sar_pre;non_finite_values_in_sar_post
TN_SOUTHERN_FLOOD_2023_000101,TN_SOUTHERN_FLOOD_2023,SAR_ONLY,FAIL,non_finite_values_in_sar_pre;non_finite_values_in_sar_post
TN_SOUTHERN_FLOOD_2023_012433,TN_SOUTHERN_FLOOD_2023,SAR_ONLY,FAIL,non_finite_values_in_sar_pre;non_finite_values_in_sar_post
TN_SOUTHERN_FLOOD_2023_034278,TN_SOUTHERN_FLOOD_2023,SAR_ONLY,FAIL,non_finite_values_in_sar_pre;non_finite_values_in_sar_post
TN_SOUTHERN_FLOOD_2023_064864,TN_SOUTHERN_FLOOD_2023,SAR_ONLY,FAIL,non_finite_values_in_sar_pre;non_finite_values_in_sar_post
TN_SOUTHERN_FLOOD_2023_103234,TN_SOUTHERN_FLOOD_2023,SAR_ONLY,FAIL,non_finite_values_in_sar_pre;non_finite_values_in_sar_post
TN_SOUTHERN_FLOOD_2023_132634,TN_SOUTHERN_FLOOD_2023,SAR_ONLY,FAIL,non_finite_values_in_sar_pre;non_finite_values_in_sar_post
TN_SOUTHERN_FLOOD_2023_132607,TN_SOUTHERN_FLOOD_2023,SAR_ONLY,FAIL,non_finite_values_in_sar_pre;non_finite_values_in_sar_post
TN_SOUTHERN_FLOOD_2023_147878,TN_SOUTHERN_FLOOD_2023,SAR_ONLY,PASS,none
TN_SOUTHERN_FLOOD_2023_159693,TN_SOUTHERN_FLOOD_2023,SAR_ONLY,PASS,none
TN_SOUTHERN_FLOOD_2023_002442,TN_SOUTHERN_FLOOD_2023,SAR_ONLY,FAIL,non_finite_values_in_sar_pre;non_finite_values_in_sar_post
TN_SOUTHERN_FLOOD_2023_003096,TN_SOUTHERN_FLOOD_2023,SAR_ONLY,FAIL,non_finite_values_in_sar_pre;non_finite_values_in_sar_post
TN_SOUTHERN_FLOOD_2023_013178,TN_SOUTHERN_FLOOD_2023,SAR_ONLY,FAIL,non_finite_values_in_sar_pre;non_finite_values_in_sar_post
TN_SOUTHERN_FLOOD_2023_038845,TN_SOUTHERN_FLOOD_2023,SAR_ONLY,FAIL,non_finite_values_in_sar_pre;non_finite_values_in_sar_post
TN_SOUTHERN_FLOOD_2023_068434,TN_SOUTHERN_FLOOD_2023,SAR_ONLY,FAIL,non_finite_values_in_sar_pre;non_finite_values_in_sar_post
TN_SOUTHERN_FLOOD_2023_105185,TN_SOUTHERN_FLOOD_2023,SAR_ONLY,FAIL,non_finite_values_in_sar_pre;non_finite_values_in_sar_post
TN_SOUTHERN_FLOOD_2023_105268,TN_SOUTHERN_FLOOD_2023,SAR_ONLY,FAIL,non_finite_values_in_sar_pre;non_finite_values_in_sar_post
TN_SOUTHERN_FLOOD_2023_133986,TN_SOUTHERN_FLOOD_2023,SAR_ONLY,FAIL,non_finite_values_in_sar_pre;non_finite_values_in_sar_post
TN_SOUTHERN_FLOOD_2023_147690,TN_SOUTHERN_FLOOD_2023,SAR_ONLY,PASS,none
TN_SOUTHERN_FLOOD_2023_159790,TN_SOUTHERN_FLOOD_2023,SAR_ONLY,PASS,none
TN_SOUTHERN_FLOOD_2023_002896,TN_SOUTHERN_FLOOD_2023,SAR_ONLY,FAIL,non_finite_values_in_sar_pre;non_finite_values_in_sar_post
TN_SOUTHERN_FLOOD_2023_002883,TN_SOUTHERN_FLOOD_2023,SAR_ONLY,FAIL,non_finite_values_in_sar_pre;non_finite_values_in_sar_post
TN_SOUTHERN_FLOOD_2023_014343,TN_SOUTHERN_FLOOD_2023,SAR_ONLY,FAIL,non_finite_values_in_sar_pre;non_finite_values_in_sar_post
TN_SOUTHERN_FLOOD_2023_042173,TN_SOUTHERN_FLOOD_2023,SAR_ONLY,FAIL,non_finite_values_in_sar_pre;non_finite_values_in_sar_post
TN_SOUTHERN_FLOOD_2023_073409,TN_SOUTHERN_FLOOD_2023,SAR_ONLY,FAIL,non_finite_values_in_sar_pre;non_finite_values_in_sar_post
TN_SOUTHERN_FLOOD_2023_106876,TN_SOUTHERN_FLOOD_2023,SAR_ONLY,FAIL,non_finite_values_in_sar_pre;non_finite_values_in_sar_post
TN_SOUTHERN_FLOOD_2023_106940,TN_SOUTHERN_FLOOD_2023,SAR_ONLY,FAIL,non_finite_values_in_sar_pre;non_finite_values_in_sar_post
TN_SOUTHERN_FLOOD_2023_133917,TN_SOUTHERN_FLOOD_2023,SAR_ONLY,FAIL,non_finite_values_in_sar_pre;non_finite_values_in_sar_post
TN_SOUTHERN_FLOOD_2023_148481,TN_SOUTHERN_FLOOD_2023,SAR_ONLY,PASS,none
TN_SOUTHERN_FLOOD_2023_160190,TN_SOUTHERN_FLOOD_2023,SAR_ONLY,PASS,none
TN_SOUTHERN_FLOOD_2023_004238,TN_SOUTHERN_FLOOD_2023,SAR_ONLY,FAIL,non_finite_values_in_sar_pre;non_finite_values_in_sar_post
TN_SOUTHERN_FLOOD_2023_004168,TN_SOUTHERN_FLOOD_2023,SAR_ONLY,FAIL,non_finite_values_in_sar_pre;non_finite_values_in_sar_post
TN_SOUTHERN_FLOOD_2023_015590,TN_SOUTHERN_FLOOD_2023,SAR_ONLY,FAIL,non_finite_values_in_sar_pre;non_finite_values_in_sar_post
TN_SOUTHERN_FLOOD_2023_043531,TN_SOUTHERN_FLOOD_2023,SAR_ONLY,FAIL,non_finite_values_in_sar_pre;non_finite_values_in_sar_post
TN_SOUTHERN_FLOOD_2023_078373,TN_SOUTHERN_FLOOD_2023,SAR_ONLY,FAIL,non_finite_values_in_sar_pre;non_finite_values_in_sar_post
TN_SOUTHERN_FLOOD_2023_111764,TN_SOUTHERN_FLOOD_2023,SAR_ONLY,FAIL,non_finite_values_in_sar_pre;non_finite_values_in_sar_post
TN_SOUTHERN_FLOOD_2023_111798,TN_SOUTHERN_FLOOD_2023,SAR_ONLY,FAIL,non_finite_values_in_sar_pre;non_finite_values_in_sar_post
TN_SOUTHERN_FLOOD_2023_134412,TN_SOUTHERN_FLOOD_2023,SAR_ONLY,FAIL,non_finite_values_in_sar_pre;non_finite_values_in_sar_post
TN_SOUTHERN_FLOOD_2023_150047,TN_SOUTHERN_FLOOD_2023,SAR_ONLY,PASS,none
TN_SOUTHERN_FLOOD_2023_160304,TN_SOUTHERN_FLOOD_2023,SAR_ONLY,PASS,none
TN_SOUTHERN_FLOOD_2023_005195,TN_SOUTHERN_FLOOD_2023,SAR_ONLY,FAIL,non_finite_values_in_sar_pre;non_finite_values_in_sar_post
TN_SOUTHERN_FLOOD_2023_005212,TN_SOUTHERN_FLOOD_2023,SAR_ONLY,FAIL,non_finite_values_in_sar_pre;non_finite_values_in_sar_post
TN_SOUTHERN_FLOOD_2023_017279,TN_SOUTHERN_FLOOD_2023,SAR_ONLY,FAIL,non_finite_values_in_sar_pre;non_finite_values_in_sar_post
TN_SOUTHERN_FLOOD_2023_044984,TN_SOUTHERN_FLOOD_2023,SAR_ONLY,FAIL,non_finite_values_in_sar_pre;non_finite_values_in_sar_post
TN_SOUTHERN_FLOOD_2023_083293,TN_SOUTHERN_FLOOD_2023,SAR_ONLY,FAIL,non_finite_values_in_sar_pre;non_finite_values_in_sar_post
TN_SOUTHERN_FLOOD_2023_086718,TN_SOUTHERN_FLOOD_2023,SAR_ONLY,FAIL,non_finite_values_in_sar_pre;non_finite_values_in_sar_post
TN_SOUTHERN_FLOOD_2023_116444,TN_SOUTHERN_FLOOD_2023,SAR_ONLY,FAIL,non_finite_values_in_sar_pre;non_finite_values_in_sar_post
TN_SOUTHERN_FLOOD_2023_139091,TN_SOUTHERN_FLOOD_2023,SAR_ONLY,FAIL,non_finite_values_in_sar_pre;non_finite_values_in_sar_post
TN_SOUTHERN_FLOOD_2023_150713,TN_SOUTHERN_FLOOD_2023,SAR_ONLY,PASS,none
TN_SOUTHERN_FLOOD_2023_160421,TN_SOUTHERN_FLOOD_2023,SAR_ONLY,PASS,none
TN_SOUTHERN_FLOOD_2023_005192,TN_SOUTHERN_FLOOD_2023,SAR_ONLY,FAIL,non_finite_values_in_sar_pre;non_finite_values_in_sar_post
TN_SOUTHERN_FLOOD_2023_005209,TN_SOUTHERN_FLOOD_2023,SAR_ONLY,FAIL,non_finite_values_in_sar_pre;non_finite_values_in_sar_post
TN_SOUTHERN_FLOOD_2023_019713,TN_SOUTHERN_FLOOD_2023,SAR_ONLY,FAIL,non_finite_values_in_sar_pre;non_finite_values_in_sar_post
TN_SOUTHERN_FLOOD_2023_045023,TN_SOUTHERN_FLOOD_2023,SAR_ONLY,FAIL,non_finite_values_in_sar_pre;non_finite_values_in_sar_post
TN_SOUTHERN_FLOOD_2023_083448,TN_SOUTHERN_FLOOD_2023,SAR_ONLY,FAIL,non_finite_values_in_sar_pre;non_finite_values_in_sar_post
TN_SOUTHERN_FLOOD_2023_084951,TN_SOUTHERN_FLOOD_2023,SAR_ONLY,FAIL,non_finite_values_in_sar_pre;non_finite_values_in_sar_post
TN_SOUTHERN_FLOOD_2023_116617,TN_SOUTHERN_FLOOD_2023,SAR_ONLY,FAIL,non_finite_values_in_sar_pre;non_finite_values_in_sar_post
TN_SOUTHERN_FLOOD_2023_139103,TN_SOUTHERN_FLOOD_2023,SAR_ONLY,FAIL,non_finite_values_in_sar_pre;non_finite_values_in_sar_post
TN_SOUTHERN_FLOOD_2023_150755,TN_SOUTHERN_FLOOD_2023,SAR_ONLY,PASS,none
TN_SOUTHERN_FLOOD_2023_160436,TN_SOUTHERN_FLOOD_2023,SAR_ONLY,PASS,none
TN_SOUTHERN_FLOOD_2023_006689,TN_SOUTHERN_FLOOD_2023,SAR_ONLY,FAIL,non_finite_values_in_sar_pre;non_finite_values_in_sar_post
TN_SOUTHERN_FLOOD_2023_006688,TN_SOUTHERN_FLOOD_2023,SAR_ONLY,FAIL,non_finite_values_in_sar_pre;non_finite_values_in_sar_post
TN_SOUTHERN_FLOOD_2023_023938,TN_SOUTHERN_FLOOD_2023,SAR_ONLY,FAIL,non_finite_values_in_sar_pre;non_finite_values_in_sar_post
TN_SOUTHERN_FLOOD_2023_049947,TN_SOUTHERN_FLOOD_2023,SAR_ONLY,FAIL,non_finite_values_in_sar_pre;non_finite_values_in_sar_post
TN_SOUTHERN_FLOOD_2023_088270,TN_SOUTHERN_FLOOD_2023,SAR_ONLY,FAIL,non_finite_values_in_sar_pre;non_finite_values_in_sar_post
TN_SOUTHERN_FLOOD_2023_089140,TN_SOUTHERN_FLOOD_2023,SAR_ONLY,FAIL,non_finite_values_in_sar_pre;non_finite_values_in_sar_post
TN_SOUTHERN_FLOOD_2023_121585,TN_SOUTHERN_FLOOD_2023,SAR_ONLY,FAIL,non_finite_values_in_sar_pre;non_finite_values_in_sar_post
TN_SOUTHERN_FLOOD_2023_142630,TN_SOUTHERN_FLOOD_2023,SAR_ONLY,PASS,none
TN_SOUTHERN_FLOOD_2023_152775,TN_SOUTHERN_FLOOD_2023,SAR_ONLY,PASS,none
TN_SOUTHERN_FLOOD_2023_162747,TN_SOUTHERN_FLOOD_2023,SAR_ONLY,PASS,none
TN_SOUTHERN_FLOOD_2023_008986,TN_SOUTHERN_FLOOD_2023,SAR_ONLY,FAIL,non_finite_values_in_sar_pre;non_finite_values_in_sar_post
TN_SOUTHERN_FLOOD_2023_009105,TN_SOUTHERN_FLOOD_2023,SAR_ONLY,FAIL,non_finite_values_in_sar_pre;non_finite_values_in_sar_post
TN_SOUTHERN_FLOOD_2023_027469,TN_SOUTHERN_FLOOD_2023,SAR_ONLY,FAIL,non_finite_values_in_sar_pre;non_finite_values_in_sar_post
TN_SOUTHERN_FLOOD_2023_054899,TN_SOUTHERN_FLOOD_2023,SAR_ONLY,FAIL,non_finite_values_in_sar_pre;non_finite_values_in_sar_post
TN_SOUTHERN_FLOOD_2023_093209,TN_SOUTHERN_FLOOD_2023,SAR_ONLY,FAIL,non_finite_values_in_sar_pre;non_finite_values_in_sar_post
TN_SOUTHERN_FLOOD_2023_093508,TN_SOUTHERN_FLOOD_2023,SAR_ONLY,FAIL,non_finite_values_in_sar_pre;non_finite_values_in_sar_post
TN_SOUTHERN_FLOOD_2023_129080,TN_SOUTHERN_FLOOD_2023,SAR_ONLY,FAIL,non_finite_values_in_sar_pre;non_finite_values_in_sar_post
TN_SOUTHERN_FLOOD_2023_143666,TN_SOUTHERN_FLOOD_2023,SAR_ONLY,PASS,none
TN_SOUTHERN_FLOOD_2023_156916,TN_SOUTHERN_FLOOD_2023,SAR_ONLY,PASS,none
TN_SOUTHERN_FLOOD_2023_167115,TN_SOUTHERN_FLOOD_2023,SAR_ONLY,PASS,none
TN_SOUTHERN_FLOOD_2023_011050,TN_SOUTHERN_FLOOD_2023,SAR_ONLY,FAIL,non_finite_values_in_sar_pre;non_finite_values_in_sar_post
TN_SOUTHERN_FLOOD_2023_032393,TN_SOUTHERN_FLOOD_2023,SAR_ONLY,FAIL,non_finite_values_in_sar_pre;non_finite_values_in_sar_post
TN_SOUTHERN_FLOOD_2023_032391,TN_SOUTHERN_FLOOD_2023,SAR_ONLY,FAIL,non_finite_values_in_sar_pre;non_finite_values_in_sar_post
TN_SOUTHERN_FLOOD_2023_059834,TN_SOUTHERN_FLOOD_2023,SAR_ONLY,FAIL,non_finite_values_in_sar_pre;non_finite_values_in_sar_post
TN_SOUTHERN_FLOOD_2023_098173,TN_SOUTHERN_FLOOD_2023,SAR_ONLY,FAIL,non_finite_values_in_sar_pre;non_finite_values_in_sar_post
TN_SOUTHERN_FLOOD_2023_098415,TN_SOUTHERN_FLOOD_2023,SAR_ONLY,FAIL,non_finite_values_in_sar_pre;non_finite_values_in_sar_post
TN_SOUTHERN_FLOOD_2023_130631,TN_SOUTHERN_FLOOD_2023,SAR_ONLY,FAIL,non_finite_values_in_sar_pre;non_finite_values_in_sar_post
TN_SOUTHERN_FLOOD_2023_145915,TN_SOUTHERN_FLOOD_2023,SAR_ONLY,PASS,none
TN_SOUTHERN_FLOOD_2023_157882,TN_SOUTHERN_FLOOD_2023,SAR_ONLY,PASS,none
TN_SOUTHERN_FLOOD_2023_168804,TN_SOUTHERN_FLOOD_2023,SAR_ONLY,PASS,none
TN_SOUTHERN_FLOOD_2023_000014,TN_SOUTHERN_FLOOD_2023,SAR_ONLY,FAIL,non_finite_values_in_sar_pre;non_finite_values_in_sar_post
TN_SOUTHERN_FLOOD_2023_000040,TN_SOUTHERN_FLOOD_2023,SAR_ONLY,FAIL,non_finite_values_in_sar_pre;non_finite_values_in_sar_post
TN_SOUTHERN_FLOOD_2023_011685,TN_SOUTHERN_FLOOD_2023,SAR_ONLY,FAIL,non_finite_values_in_sar_pre;non_finite_values_in_sar_post
TN_SOUTHERN_FLOOD_2023_034275,TN_SOUTHERN_FLOOD_2023,SAR_ONLY,FAIL,non_finite_values_in_sar_pre;non_finite_values_in_sar_post
TN_SOUTHERN_FLOOD_2023_064791,TN_SOUTHERN_FLOOD_2023,SAR_ONLY,FAIL,non_finite_values_in_sar_pre;non_finite_values_in_sar_post
TN_SOUTHERN_FLOOD_2023_103094,TN_SOUTHERN_FLOOD_2023,SAR_ONLY,FAIL,non_finite_values_in_sar_pre;non_finite_values_in_sar_post
TN_SOUTHERN_FLOOD_2023_104460,TN_SOUTHERN_FLOOD_2023,SAR_ONLY,FAIL,non_finite_values_in_sar_pre;non_finite_values_in_sar_post
TN_SOUTHERN_FLOOD_2023_132588,TN_SOUTHERN_FLOOD_2023,SAR_ONLY,FAIL,non_finite_values_in_sar_pre;non_finite_values_in_sar_post
TN_SOUTHERN_FLOOD_2023_147040,TN_SOUTHERN_FLOOD_2023,SAR_ONLY,FAIL,non_finite_values_in_sar_pre;non_finite_values_in_sar_post
TN_SOUTHERN_FLOOD_2023_158847,TN_SOUTHERN_FLOOD_2023,SAR_ONLY,PASS,none
TN_SOUTHERN_FLOOD_2023_000058,TN_SOUTHERN_FLOOD_2023,SAR_ONLY,FAIL,non_finite_values_in_sar_pre;non_finite_values_in_sar_post
TN_SOUTHERN_FLOOD_2023_000116,TN_SOUTHERN_FLOOD_2023,SAR_ONLY,FAIL,non_finite_values_in_sar_pre;non_finite_values_in_sar_post
TN_SOUTHERN_FLOOD_2023_012773,TN_SOUTHERN_FLOOD_2023,SAR_ONLY,FAIL,non_finite_values_in_sar_pre;non_finite_values_in_sar_post
TN_SOUTHERN_FLOOD_2023_034281,TN_SOUTHERN_FLOOD_2023,SAR_ONLY,FAIL,non_finite_values_in_sar_pre;non_finite_values_in_sar_post
TN_SOUTHERN_FLOOD_2023_064866,TN_SOUTHERN_FLOOD_2023,SAR_ONLY,FAIL,non_finite_values_in_sar_pre;non_finite_values_in_sar_post
TN_SOUTHERN_FLOOD_2023_103271,TN_SOUTHERN_FLOOD_2023,SAR_ONLY,FAIL,non_finite_values_in_sar_pre;non_finite_values_in_sar_post
TN_SOUTHERN_FLOOD_2023_132636,TN_SOUTHERN_FLOOD_2023,SAR_ONLY,FAIL,non_finite_values_in_sar_pre;non_finite_values_in_sar_post
TN_SOUTHERN_FLOOD_2023_132617,TN_SOUTHERN_FLOOD_2023,SAR_ONLY,FAIL,non_finite_values_in_sar_pre;non_finite_values_in_sar_post
TN_SOUTHERN_FLOOD_2023_148007,TN_SOUTHERN_FLOOD_2023,SAR_ONLY,PASS,none
TN_SOUTHERN_FLOOD_2023_159775,TN_SOUTHERN_FLOOD_2023,SAR_ONLY,PASS,none
TN_SOUTHERN_FLOOD_2023_002457,TN_SOUTHERN_FLOOD_2023,SAR_ONLY,FAIL,non_finite_values_in_sar_pre;non_finite_values_in_sar_post
TN_SOUTHERN_FLOOD_2023_003112,TN_SOUTHERN_FLOOD_2023,SAR_ONLY,FAIL,non_finite_values_in_sar_pre;non_finite_values_in_sar_post
TN_SOUTHERN_FLOOD_2023_013180,TN_SOUTHERN_FLOOD_2023,SAR_ONLY,FAIL,non_finite_values_in_sar_pre;non_finite_values_in_sar_post
TN_SOUTHERN_FLOOD_2023_038849,TN_SOUTHERN_FLOOD_2023,SAR_ONLY,FAIL,non_finite_values_in_sar_pre;non_finite_values_in_sar_post
TN_SOUTHERN_FLOOD_2023_068435,TN_SOUTHERN_FLOOD_2023,SAR_ONLY,FAIL,non_finite_values_in_sar_pre;non_finite_values_in_sar_post
TN_SOUTHERN_FLOOD_2023_105186,TN_SOUTHERN_FLOOD_2023,SAR_ONLY,FAIL,non_finite_values_in_sar_pre;non_finite_values_in_sar_post
TN_SOUTHERN_FLOOD_2023_105276,TN_SOUTHERN_FLOOD_2023,SAR_ONLY,FAIL,non_finite_values_in_sar_pre;non_finite_values_in_sar_post
TN_SOUTHERN_FLOOD_2023_134059,TN_SOUTHERN_FLOOD_2023,SAR_ONLY,FAIL,non_finite_values_in_sar_pre;non_finite_values_in_sar_post
TN_SOUTHERN_FLOOD_2023_147691,TN_SOUTHERN_FLOOD_2023,SAR_ONLY,PASS,none
TN_SOUTHERN_FLOOD_2023_159792,TN_SOUTHERN_FLOOD_2023,SAR_ONLY,PASS,none
TN_SOUTHERN_FLOOD_2023_002910,TN_SOUTHERN_FLOOD_2023,SAR_ONLY,FAIL,non_finite_values_in_sar_pre;non_finite_values_in_sar_post
TN_SOUTHERN_FLOOD_2023_002884,TN_SOUTHERN_FLOOD_2023,SAR_ONLY,FAIL,non_finite_values_in_sar_pre;non_finite_values_in_sar_post
TN_SOUTHERN_FLOOD_2023_014364,TN_SOUTHERN_FLOOD_2023,SAR_ONLY,FAIL,non_finite_values_in_sar_pre;non_finite_values_in_sar_post
TN_SOUTHERN_FLOOD_2023_042175,TN_SOUTHERN_FLOOD_2023,SAR_ONLY,FAIL,non_finite_values_in_sar_pre;non_finite_values_in_sar_post
TN_SOUTHERN_FLOOD_2023_073410,TN_SOUTHERN_FLOOD_2023,SAR_ONLY,FAIL,non_finite_values_in_sar_pre;non_finite_values_in_sar_post
TN_SOUTHERN_FLOOD_2023_106877,TN_SOUTHERN_FLOOD_2023,SAR_ONLY,FAIL,non_finite_values_in_sar_pre;non_finite_values_in_sar_post
TN_SOUTHERN_FLOOD_2023_106958,TN_SOUTHERN_FLOOD_2023,SAR_ONLY,FAIL,non_finite_values_in_sar_pre;non_finite_values_in_sar_post
TN_SOUTHERN_FLOOD_2023_133929,TN_SOUTHERN_FLOOD_2023,SAR_ONLY,FAIL,non_finite_values_in_sar_pre;non_finite_values_in_sar_post
TN_SOUTHERN_FLOOD_2023_148483,TN_SOUTHERN_FLOOD_2023,SAR_ONLY,PASS,none
TN_SOUTHERN_FLOOD_2023_160196,TN_SOUTHERN_FLOOD_2023,SAR_ONLY,PASS,none
TN_SOUTHERN_FLOOD_2023_004239,TN_SOUTHERN_FLOOD_2023,SAR_ONLY,FAIL,non_finite_values_in_sar_pre;non_finite_values_in_sar_post
TN_SOUTHERN_FLOOD_2023_004173,TN_SOUTHERN_FLOOD_2023,SAR_ONLY,FAIL,non_finite_values_in_sar_pre;non_finite_values_in_sar_post
TN_SOUTHERN_FLOOD_2023_015597,TN_SOUTHERN_FLOOD_2023,SAR_ONLY,FAIL,non_finite_values_in_sar_pre;non_finite_values_in_sar_post
TN_SOUTHERN_FLOOD_2023_043532,TN_SOUTHERN_FLOOD_2023,SAR_ONLY,FAIL,non_finite_values_in_sar_pre;non_finite_values_in_sar_post
TN_SOUTHERN_FLOOD_2023_078374,TN_SOUTHERN_FLOOD_2023,SAR_ONLY,FAIL,non_finite_values_in_sar_pre;non_finite_values_in_sar_post
TN_SOUTHERN_FLOOD_2023_111765,TN_SOUTHERN_FLOOD_2023,SAR_ONLY,FAIL,non_finite_values_in_sar_pre;non_finite_values_in_sar_post
TN_SOUTHERN_FLOOD_2023_111800,TN_SOUTHERN_FLOOD_2023,SAR_ONLY,FAIL,non_finite_values_in_sar_pre;non_finite_values_in_sar_post
TN_SOUTHERN_FLOOD_2023_134418,TN_SOUTHERN_FLOOD_2023,SAR_ONLY,FAIL,non_finite_values_in_sar_pre;non_finite_values_in_sar_post
TN_SOUTHERN_FLOOD_2023_150065,TN_SOUTHERN_FLOOD_2023,SAR_ONLY,PASS,none
TN_SOUTHERN_FLOOD_2023_160305,TN_SOUTHERN_FLOOD_2023,SAR_ONLY,PASS,none
TN_SOUTHERN_FLOOD_2023_005197,TN_SOUTHERN_FLOOD_2023,SAR_ONLY,FAIL,non_finite_values_in_sar_pre;non_finite_values_in_sar_post
TN_SOUTHERN_FLOOD_2023_005218,TN_SOUTHERN_FLOOD_2023,SAR_ONLY,FAIL,non_finite_values_in_sar_pre;non_finite_values_in_sar_post
TN_SOUTHERN_FLOOD_2023_017568,TN_SOUTHERN_FLOOD_2023,SAR_ONLY,FAIL,non_finite_values_in_sar_pre;non_finite_values_in_sar_post
TN_SOUTHERN_FLOOD_2023_044989,TN_SOUTHERN_FLOOD_2023,SAR_ONLY,FAIL,non_finite_values_in_sar_pre;non_finite_values_in_sar_post
TN_SOUTHERN_FLOOD_2023_083294,TN_SOUTHERN_FLOOD_2023,SAR_ONLY,FAIL,non_finite_values_in_sar_pre;non_finite_values_in_sar_post
TN_SOUTHERN_FLOOD_2023_087179,TN_SOUTHERN_FLOOD_2023,SAR_ONLY,FAIL,non_finite_values_in_sar_pre;non_finite_values_in_sar_post
TN_SOUTHERN_FLOOD_2023_116445,TN_SOUTHERN_FLOOD_2023,SAR_ONLY,FAIL,non_finite_values_in_sar_pre;non_finite_values_in_sar_post
TN_SOUTHERN_FLOOD_2023_139094,TN_SOUTHERN_FLOOD_2023,SAR_ONLY,PASS,none
TN_SOUTHERN_FLOOD_2023_150714,TN_SOUTHERN_FLOOD_2023,SAR_ONLY,PASS,none
TN_SOUTHERN_FLOOD_2023_160423,TN_SOUTHERN_FLOOD_2023,SAR_ONLY,PASS,none
TN_SOUTHERN_FLOOD_2023_005196,TN_SOUTHERN_FLOOD_2023,SAR_ONLY,FAIL,non_finite_values_in_sar_pre;non_finite_values_in_sar_post
TN_SOUTHERN_FLOOD_2023_005213,TN_SOUTHERN_FLOOD_2023,SAR_ONLY,FAIL,non_finite_values_in_sar_pre;non_finite_values_in_sar_post
TN_SOUTHERN_FLOOD_2023_019715,TN_SOUTHERN_FLOOD_2023,SAR_ONLY,FAIL,non_finite_values_in_sar_pre;non_finite_values_in_sar_post
TN_SOUTHERN_FLOOD_2023_045037,TN_SOUTHERN_FLOOD_2023,SAR_ONLY,FAIL,non_finite_values_in_sar_pre;non_finite_values_in_sar_post
TN_SOUTHERN_FLOOD_2023_083451,TN_SOUTHERN_FLOOD_2023,SAR_ONLY,FAIL,non_finite_values_in_sar_pre;non_finite_values_in_sar_post
TN_SOUTHERN_FLOOD_2023_085041,TN_SOUTHERN_FLOOD_2023,SAR_ONLY,FAIL,non_finite_values_in_sar_pre;non_finite_values_in_sar_post
TN_SOUTHERN_FLOOD_2023_116625,TN_SOUTHERN_FLOOD_2023,SAR_ONLY,FAIL,non_finite_values_in_sar_pre;non_finite_values_in_sar_post
TN_SOUTHERN_FLOOD_2023_139111,TN_SOUTHERN_FLOOD_2023,SAR_ONLY,FAIL,non_finite_values_in_sar_pre;non_finite_values_in_sar_post
TN_SOUTHERN_FLOOD_2023_150757,TN_SOUTHERN_FLOOD_2023,SAR_ONLY,PASS,none
TN_SOUTHERN_FLOOD_2023_160438,TN_SOUTHERN_FLOOD_2023,SAR_ONLY,PASS,none
TN_SOUTHERN_FLOOD_2023_006692,TN_SOUTHERN_FLOOD_2023,SAR_ONLY,FAIL,non_finite_values_in_sar_pre;non_finite_values_in_sar_post
TN_SOUTHERN_FLOOD_2023_006700,TN_SOUTHERN_FLOOD_2023,SAR_ONLY,FAIL,non_finite_values_in_sar_pre;non_finite_values_in_sar_post
TN_SOUTHERN_FLOOD_2023_023939,TN_SOUTHERN_FLOOD_2023,SAR_ONLY,FAIL,non_finite_values_in_sar_pre;non_finite_values_in_sar_post
TN_SOUTHERN_FLOOD_2023_049948,TN_SOUTHERN_FLOOD_2023,SAR_ONLY,FAIL,non_finite_values_in_sar_pre;non_finite_values_in_sar_post
TN_SOUTHERN_FLOOD_2023_088272,TN_SOUTHERN_FLOOD_2023,SAR_ONLY,FAIL,non_finite_values_in_sar_pre;non_finite_values_in_sar_post
TN_SOUTHERN_FLOOD_2023_089279,TN_SOUTHERN_FLOOD_2023,SAR_ONLY,FAIL,non_finite_values_in_sar_pre;non_finite_values_in_sar_post
TN_SOUTHERN_FLOOD_2023_121641,TN_SOUTHERN_FLOOD_2023,SAR_ONLY,FAIL,non_finite_values_in_sar_pre;non_finite_values_in_sar_post
TN_SOUTHERN_FLOOD_2023_142640,TN_SOUTHERN_FLOOD_2023,SAR_ONLY,PASS,none
TN_SOUTHERN_FLOOD_2023_152776,TN_SOUTHERN_FLOOD_2023,SAR_ONLY,PASS,none
TN_SOUTHERN_FLOOD_2023_162750,TN_SOUTHERN_FLOOD_2023,SAR_ONLY,PASS,none
TN_SOUTHERN_FLOOD_2023_008994,TN_SOUTHERN_FLOOD_2023,SAR_ONLY,FAIL,non_finite_values_in_sar_pre;non_finite_values_in_sar_post
TN_SOUTHERN_FLOOD_2023_009138,TN_SOUTHERN_FLOOD_2023,SAR_ONLY,FAIL,non_finite_values_in_sar_pre;non_finite_values_in_sar_post
TN_SOUTHERN_FLOOD_2023_027470,TN_SOUTHERN_FLOOD_2023,SAR_ONLY,FAIL,non_finite_values_in_sar_pre;non_finite_values_in_sar_post
TN_SOUTHERN_FLOOD_2023_054900,TN_SOUTHERN_FLOOD_2023,SAR_ONLY,FAIL,non_finite_values_in_sar_pre;non_finite_values_in_sar_post
TN_SOUTHERN_FLOOD_2023_093211,TN_SOUTHERN_FLOOD_2023,SAR_ONLY,FAIL,non_finite_values_in_sar_pre;non_finite_values_in_sar_post
TN_SOUTHERN_FLOOD_2023_093580,TN_SOUTHERN_FLOOD_2023,SAR_ONLY,FAIL,non_finite_values_in_sar_pre;non_finite_values_in_sar_post
TN_SOUTHERN_FLOOD_2023_129210,TN_SOUTHERN_FLOOD_2023,SAR_ONLY,FAIL,non_finite_values_in_sar_pre;non_finite_values_in_sar_post
TN_SOUTHERN_FLOOD_2023_143672,TN_SOUTHERN_FLOOD_2023,SAR_ONLY,PASS,none
TN_SOUTHERN_FLOOD_2023_156918,TN_SOUTHERN_FLOOD_2023,SAR_ONLY,PASS,none
TN_SOUTHERN_FLOOD_2023_167117,TN_SOUTHERN_FLOOD_2023,SAR_ONLY,PASS,none
TN_SOUTHERN_FLOOD_2023_011051,TN_SOUTHERN_FLOOD_2023,SAR_ONLY,FAIL,non_finite_values_in_sar_pre;non_finite_values_in_sar_post
TN_SOUTHERN_FLOOD_2023_032395,TN_SOUTHERN_FLOOD_2023,SAR_ONLY,FAIL,non_finite_values_in_sar_pre;non_finite_values_in_sar_post
TN_SOUTHERN_FLOOD_2023_032394,TN_SOUTHERN_FLOOD_2023,SAR_ONLY,FAIL,non_finite_values_in_sar_pre;non_finite_values_in_sar_post
TN_SOUTHERN_FLOOD_2023_059835,TN_SOUTHERN_FLOOD_2023,SAR_ONLY,FAIL,non_finite_values_in_sar_pre;non_finite_values_in_sar_post
TN_SOUTHERN_FLOOD_2023_098174,TN_SOUTHERN_FLOOD_2023,SAR_ONLY,FAIL,non_finite_values_in_sar_pre;non_finite_values_in_sar_post
TN_SOUTHERN_FLOOD_2023_098495,TN_SOUTHERN_FLOOD_2023,SAR_ONLY,FAIL,non_finite_values_in_sar_pre;non_finite_values_in_sar_post
TN_SOUTHERN_FLOOD_2023_130698,TN_SOUTHERN_FLOOD_2023,SAR_ONLY,FAIL,non_finite_values_in_sar_pre;non_finite_values_in_sar_post
TN_SOUTHERN_FLOOD_2023_145917,TN_SOUTHERN_FLOOD_2023,SAR_ONLY,PASS,none
TN_SOUTHERN_FLOOD_2023_157883,TN_SOUTHERN_FLOOD_2023,SAR_ONLY,PASS,none
TN_SOUTHERN_FLOOD_2023_168806,TN_SOUTHERN_FLOOD_2023,SAR_ONLY,PASS,none
TN_SOUTHERN_FLOOD_2023_000015,TN_SOUTHERN_FLOOD_2023,SAR_ONLY,FAIL,non_finite_values_in_sar_pre;non_finite_values_in_sar_post
TN_SOUTHERN_FLOOD_2023_000045,TN_SOUTHERN_FLOOD_2023,SAR_ONLY,FAIL,non_finite_values_in_sar_pre;non_finite_values_in_sar_post
TN_SOUTHERN_FLOOD_2023_011691,TN_SOUTHERN_FLOOD_2023,SAR_ONLY,FAIL,non_finite_values_in_sar_pre;non_finite_values_in_sar_post
TN_SOUTHERN_FLOOD_2023_034284,TN_SOUTHERN_FLOOD_2023,SAR_ONLY,FAIL,non_finite_values_in_sar_pre;non_finite_values_in_sar_post
TN_SOUTHERN_FLOOD_2023_064794,TN_SOUTHERN_FLOOD_2023,SAR_ONLY,FAIL,non_finite_values_in_sar_pre;non_finite_values_in_sar_post
TN_SOUTHERN_FLOOD_2023_103095,TN_SOUTHERN_FLOOD_2023,SAR_ONLY,FAIL,non_finite_values_in_sar_pre;non_finite_values_in_sar_post
TN_SOUTHERN_FLOOD_2023_104916,TN_SOUTHERN_FLOOD_2023,SAR_ONLY,FAIL,non_finite_values_in_sar_pre;non_finite_values_in_sar_post
TN_SOUTHERN_FLOOD_2023_132592,TN_SOUTHERN_FLOOD_2023,SAR_ONLY,FAIL,non_finite_values_in_sar_pre;non_finite_values_in_sar_post
TN_SOUTHERN_FLOOD_2023_147049,TN_SOUTHERN_FLOOD_2023,SAR_ONLY,PASS,none
TN_SOUTHERN_FLOOD_2023_158848,TN_SOUTHERN_FLOOD_2023,SAR_ONLY,PASS,none
TN_SOUTHERN_FLOOD_2023_000074,TN_SOUTHERN_FLOOD_2023,SAR_ONLY,FAIL,non_finite_values_in_sar_pre;non_finite_values_in_sar_post
TN_SOUTHERN_FLOOD_2023_000120,TN_SOUTHERN_FLOOD_2023,SAR_ONLY,FAIL,non_finite_values_in_sar_pre;non_finite_values_in_sar_post
TN_SOUTHERN_FLOOD_2023_012775,TN_SOUTHERN_FLOOD_2023,SAR_ONLY,FAIL,non_finite_values_in_sar_pre;non_finite_values_in_sar_post
TN_SOUTHERN_FLOOD_2023_034286,TN_SOUTHERN_FLOOD_2023,SAR_ONLY,FAIL,non_finite_values_in_sar_pre;non_finite_values_in_sar_post
TN_SOUTHERN_FLOOD_2023_064877,TN_SOUTHERN_FLOOD_2023,SAR_ONLY,FAIL,non_finite_values_in_sar_pre;non_finite_values_in_sar_post
TN_SOUTHERN_FLOOD_2023_103326,TN_SOUTHERN_FLOOD_2023,SAR_ONLY,FAIL,non_finite_values_in_sar_pre;non_finite_values_in_sar_post
TN_SOUTHERN_FLOOD_2023_132705,TN_SOUTHERN_FLOOD_2023,SAR_ONLY,FAIL,non_finite_values_in_sar_pre;non_finite_values_in_sar_post
TN_SOUTHERN_FLOOD_2023_132620,TN_SOUTHERN_FLOOD_2023,SAR_ONLY,FAIL,non_finite_values_in_sar_pre;non_finite_values_in_sar_post
TN_SOUTHERN_FLOOD_2023_148085,TN_SOUTHERN_FLOOD_2023,SAR_ONLY,PASS,none
TN_SOUTHERN_FLOOD_2023_159777,TN_SOUTHERN_FLOOD_2023,SAR_ONLY,PASS,none
TN_SOUTHERN_FLOOD_2023_002513,TN_SOUTHERN_FLOOD_2023,SAR_ONLY,FAIL,non_finite_values_in_sar_pre;non_finite_values_in_sar_post
TN_SOUTHERN_FLOOD_2023_003170,TN_SOUTHERN_FLOOD_2023,SAR_ONLY,FAIL,non_finite_values_in_sar_pre;non_finite_values_in_sar_post
TN_SOUTHERN_FLOOD_2023_013192,TN_SOUTHERN_FLOOD_2023,SAR_ONLY,FAIL,non_finite_values_in_sar_pre;non_finite_values_in_sar_post
TN_SOUTHERN_FLOOD_2023_038855,TN_SOUTHERN_FLOOD_2023,SAR_ONLY,FAIL,non_finite_values_in_sar_pre;non_finite_values_in_sar_post
TN_SOUTHERN_FLOOD_2023_068436,TN_SOUTHERN_FLOOD_2023,SAR_ONLY,FAIL,non_finite_values_in_sar_pre;non_finite_values_in_sar_post
TN_SOUTHERN_FLOOD_2023_105187,TN_SOUTHERN_FLOOD_2023,SAR_ONLY,FAIL,non_finite_values_in_sar_pre;non_finite_values_in_sar_post
TN_SOUTHERN_FLOOD_2023_105279,TN_SOUTHERN_FLOOD_2023,SAR_ONLY,FAIL,non_finite_values_in_sar_pre;non_finite_values_in_sar_post
TN_SOUTHERN_FLOOD_2023_134194,TN_SOUTHERN_FLOOD_2023,SAR_ONLY,FAIL,non_finite_values_in_sar_pre;non_finite_values_in_sar_post
TN_SOUTHERN_FLOOD_2023_147694,TN_SOUTHERN_FLOOD_2023,SAR_ONLY,PASS,none
TN_SOUTHERN_FLOOD_2023_159793,TN_SOUTHERN_FLOOD_2023,SAR_ONLY,PASS,none
TN_SOUTHERN_FLOOD_2023_002923,TN_SOUTHERN_FLOOD_2023,SAR_ONLY,FAIL,non_finite_values_in_sar_pre;non_finite_values_in_sar_post
TN_SOUTHERN_FLOOD_2023_002885,TN_SOUTHERN_FLOOD_2023,SAR_ONLY,FAIL,non_finite_values_in_sar_pre;non_finite_values_in_sar_post
TN_SOUTHERN_FLOOD_2023_014371,TN_SOUTHERN_FLOOD_2023,SAR_ONLY,FAIL,non_finite_values_in_sar_pre;non_finite_values_in_sar_post
TN_SOUTHERN_FLOOD_2023_042178,TN_SOUTHERN_FLOOD_2023,SAR_ONLY,FAIL,non_finite_values_in_sar_pre;non_finite_values_in_sar_post
TN_SOUTHERN_FLOOD_2023_073411,TN_SOUTHERN_FLOOD_2023,SAR_ONLY,FAIL,non_finite_values_in_sar_pre;non_finite_values_in_sar_post
TN_SOUTHERN_FLOOD_2023_106878,TN_SOUTHERN_FLOOD_2023,SAR_ONLY,FAIL,non_finite_values_in_sar_pre;non_finite_values_in_sar_post
TN_SOUTHERN_FLOOD_2023_106968,TN_SOUTHERN_FLOOD_2023,SAR_ONLY,FAIL,non_finite_values_in_sar_pre;non_finite_values_in_sar_post
TN_SOUTHERN_FLOOD_2023_133931,TN_SOUTHERN_FLOOD_2023,SAR_ONLY,FAIL,non_finite_values_in_sar_pre;non_finite_values_in_sar_post
TN_SOUTHERN_FLOOD_2023_148484,TN_SOUTHERN_FLOOD_2023,SAR_ONLY,PASS,none
TN_SOUTHERN_FLOOD_2023_160198,TN_SOUTHERN_FLOOD_2023,SAR_ONLY,PASS,none
TN_SOUTHERN_FLOOD_2023_004249,TN_SOUTHERN_FLOOD_2023,SAR_ONLY,FAIL,non_finite_values_in_sar_pre;non_finite_values_in_sar_post
TN_SOUTHERN_FLOOD_2023_004174,TN_SOUTHERN_FLOOD_2023,SAR_ONLY,FAIL,non_finite_values_in_sar_pre;non_finite_values_in_sar_post
TN_SOUTHERN_FLOOD_2023_015598,TN_SOUTHERN_FLOOD_2023,SAR_ONLY,FAIL,non_finite_values_in_sar_pre;non_finite_values_in_sar_post
TN_SOUTHERN_FLOOD_2023_043533,TN_SOUTHERN_FLOOD_2023,SAR_ONLY,FAIL,non_finite_values_in_sar_pre;non_finite_values_in_sar_post
TN_SOUTHERN_FLOOD_2023_078375,TN_SOUTHERN_FLOOD_2023,SAR_ONLY,FAIL,non_finite_values_in_sar_pre;non_finite_values_in_sar_post
TN_SOUTHERN_FLOOD_2023_111766,TN_SOUTHERN_FLOOD_2023,SAR_ONLY,FAIL,non_finite_values_in_sar_pre;non_finite_values_in_sar_post
TN_SOUTHERN_FLOOD_2023_111801,TN_SOUTHERN_FLOOD_2023,SAR_ONLY,FAIL,non_finite_values_in_sar_pre;non_finite_values_in_sar_post
TN_SOUTHERN_FLOOD_2023_134423,TN_SOUTHERN_FLOOD_2023,SAR_ONLY,FAIL,non_finite_values_in_sar_pre;non_finite_values_in_sar_post
TN_SOUTHERN_FLOOD_2023_150069,TN_SOUTHERN_FLOOD_2023,SAR_ONLY,PASS,none
TN_SOUTHERN_FLOOD_2023_160306,TN_SOUTHERN_FLOOD_2023,SAR_ONLY,PASS,none
TN_SOUTHERN_FLOOD_2023_005198,TN_SOUTHERN_FLOOD_2023,SAR_ONLY,FAIL,non_finite_values_in_sar_pre;non_finite_values_in_sar_post
TN_SOUTHERN_FLOOD_2023_005219,TN_SOUTHERN_FLOOD_2023,SAR_ONLY,FAIL,non_finite_values_in_sar_pre;non_finite_values_in_sar_post
TN_SOUTHERN_FLOOD_2023_017688,TN_SOUTHERN_FLOOD_2023,SAR_ONLY,FAIL,non_finite_values_in_sar_pre;non_finite_values_in_sar_post
TN_SOUTHERN_FLOOD_2023_044990,TN_SOUTHERN_FLOOD_2023,SAR_ONLY,FAIL,non_finite_values_in_sar_pre;non_finite_values_in_sar_post
TN_SOUTHERN_FLOOD_2023_083295,TN_SOUTHERN_FLOOD_2023,SAR_ONLY,FAIL,non_finite_values_in_sar_pre;non_finite_values_in_sar_post
TN_SOUTHERN_FLOOD_2023_087235,TN_SOUTHERN_FLOOD_2023,SAR_ONLY,FAIL,non_finite_values_in_sar_pre;non_finite_values_in_sar_post
TN_SOUTHERN_FLOOD_2023_116449,TN_SOUTHERN_FLOOD_2023,SAR_ONLY,FAIL,non_finite_values_in_sar_pre;non_finite_values_in_sar_post
TN_SOUTHERN_FLOOD_2023_139096,TN_SOUTHERN_FLOOD_2023,SAR_ONLY,PASS,none
TN_SOUTHERN_FLOOD_2023_150718,TN_SOUTHERN_FLOOD_2023,SAR_ONLY,PASS,none
TN_SOUTHERN_FLOOD_2023_160426,TN_SOUTHERN_FLOOD_2023,SAR_ONLY,PASS,none
TN_SOUTHERN_FLOOD_2023_005205,TN_SOUTHERN_FLOOD_2023,SAR_ONLY,FAIL,non_finite_values_in_sar_pre;non_finite_values_in_sar_post
TN_SOUTHERN_FLOOD_2023_005215,TN_SOUTHERN_FLOOD_2023,SAR_ONLY,FAIL,non_finite_values_in_sar_pre;non_finite_values_in_sar_post
TN_SOUTHERN_FLOOD_2023_019716,TN_SOUTHERN_FLOOD_2023,SAR_ONLY,FAIL,non_finite_values_in_sar_pre;non_finite_values_in_sar_post
TN_SOUTHERN_FLOOD_2023_045044,TN_SOUTHERN_FLOOD_2023,SAR_ONLY,FAIL,non_finite_values_in_sar_pre;non_finite_values_in_sar_post
TN_SOUTHERN_FLOOD_2023_083458,TN_SOUTHERN_FLOOD_2023,SAR_ONLY,FAIL,non_finite_values_in_sar_pre;non_finite_values_in_sar_post
TN_SOUTHERN_FLOOD_2023_085168,TN_SOUTHERN_FLOOD_2023,SAR_ONLY,FAIL,non_finite_values_in_sar_pre;non_finite_values_in_sar_post
TN_SOUTHERN_FLOOD_2023_116646,TN_SOUTHERN_FLOOD_2023,SAR_ONLY,FAIL,non_finite_values_in_sar_pre;non_finite_values_in_sar_post
TN_SOUTHERN_FLOOD_2023_139112,TN_SOUTHERN_FLOOD_2023,SAR_ONLY,PASS,none
TN_SOUTHERN_FLOOD_2023_150761,TN_SOUTHERN_FLOOD_2023,SAR_ONLY,PASS,none
TN_SOUTHERN_FLOOD_2023_160442,TN_SOUTHERN_FLOOD_2023,SAR_ONLY,PASS,none
TN_SOUTHERN_FLOOD_2023_006703,TN_SOUTHERN_FLOOD_2023,SAR_ONLY,FAIL,non_finite_values_in_sar_pre;non_finite_values_in_sar_post
TN_SOUTHERN_FLOOD_2023_006705,TN_SOUTHERN_FLOOD_2023,SAR_ONLY,FAIL,non_finite_values_in_sar_pre;non_finite_values_in_sar_post
TN_SOUTHERN_FLOOD_2023_023940,TN_SOUTHERN_FLOOD_2023,SAR_ONLY,FAIL,non_finite_values_in_sar_pre;non_finite_values_in_sar_post
TN_SOUTHERN_FLOOD_2023_049953,TN_SOUTHERN_FLOOD_2023,SAR_ONLY,FAIL,non_finite_values_in_sar_pre;non_finite_values_in_sar_post
TN_SOUTHERN_FLOOD_2023_088274,TN_SOUTHERN_FLOOD_2023,SAR_ONLY,FAIL,non_finite_values_in_sar_pre;non_finite_values_in_sar_post
TN_SOUTHERN_FLOOD_2023_089305,TN_SOUTHERN_FLOOD_2023,SAR_ONLY,FAIL,non_finite_values_in_sar_pre;non_finite_values_in_sar_post
TN_SOUTHERN_FLOOD_2023_121644,TN_SOUTHERN_FLOOD_2023,SAR_ONLY,FAIL,non_finite_values_in_sar_pre;non_finite_values_in_sar_post
TN_SOUTHERN_FLOOD_2023_142645,TN_SOUTHERN_FLOOD_2023,SAR_ONLY,PASS,none
TN_SOUTHERN_FLOOD_2023_152777,TN_SOUTHERN_FLOOD_2023,SAR_ONLY,PASS,none
TN_SOUTHERN_FLOOD_2023_162764,TN_SOUTHERN_FLOOD_2023,SAR_ONLY,PASS,none
TN_SOUTHERN_FLOOD_2023_009025,TN_SOUTHERN_FLOOD_2023,SAR_ONLY,FAIL,non_finite_values_in_sar_pre;non_finite_values_in_sar_post
TN_SOUTHERN_FLOOD_2023_009248,TN_SOUTHERN_FLOOD_2023,SAR_ONLY,FAIL,non_finite_values_in_sar_pre;non_finite_values_in_sar_post
TN_SOUTHERN_FLOOD_2023_027479,TN_SOUTHERN_FLOOD_2023,SAR_ONLY,FAIL,non_finite_values_in_sar_pre;non_finite_values_in_sar_post
TN_SOUTHERN_FLOOD_2023_054901,TN_SOUTHERN_FLOOD_2023,SAR_ONLY,FAIL,non_finite_values_in_sar_pre;non_finite_values_in_sar_post
TN_SOUTHERN_FLOOD_2023_093216,TN_SOUTHERN_FLOOD_2023,SAR_ONLY,FAIL,non_finite_values_in_sar_pre;non_finite_values_in_sar_post
TN_SOUTHERN_FLOOD_2023_093613,TN_SOUTHERN_FLOOD_2023,SAR_ONLY,FAIL,non_finite_values_in_sar_pre;non_finite_values_in_sar_post
TN_SOUTHERN_FLOOD_2023_130264,TN_SOUTHERN_FLOOD_2023,SAR_ONLY,FAIL,non_finite_values_in_sar_pre;non_finite_values_in_sar_post
TN_SOUTHERN_FLOOD_2023_143674,TN_SOUTHERN_FLOOD_2023,SAR_ONLY,PASS,none
TN_SOUTHERN_FLOOD_2023_156921,TN_SOUTHERN_FLOOD_2023,SAR_ONLY,PASS,none
TN_SOUTHERN_FLOOD_2023_167118,TN_SOUTHERN_FLOOD_2023,SAR_ONLY,PASS,none
TN_SOUTHERN_FLOOD_2023_011052,TN_SOUTHERN_FLOOD_2023,SAR_ONLY,FAIL,non_finite_values_in_sar_pre;non_finite_values_in_sar_post
TN_SOUTHERN_FLOOD_2023_032408,TN_SOUTHERN_FLOOD_2023,SAR_ONLY,FAIL,non_finite_values_in_sar_pre;non_finite_values_in_sar_post
TN_SOUTHERN_FLOOD_2023_032397,TN_SOUTHERN_FLOOD_2023,SAR_ONLY,FAIL,non_finite_values_in_sar_pre;non_finite_values_in_sar_post
TN_SOUTHERN_FLOOD_2023_059836,TN_SOUTHERN_FLOOD_2023,SAR_ONLY,FAIL,non_finite_values_in_sar_pre;non_finite_values_in_sar_post
TN_SOUTHERN_FLOOD_2023_098175,TN_SOUTHERN_FLOOD_2023,SAR_ONLY,FAIL,non_finite_values_in_sar_pre;non_finite_values_in_sar_post
TN_SOUTHERN_FLOOD_2023_098622,TN_SOUTHERN_FLOOD_2023,SAR_ONLY,FAIL,non_finite_values_in_sar_pre;non_finite_values_in_sar_post
TN_SOUTHERN_FLOOD_2023_130717,TN_SOUTHERN_FLOOD_2023,SAR_ONLY,FAIL,non_finite_values_in_sar_pre;non_finite_values_in_sar_post
TN_SOUTHERN_FLOOD_2023_145921,TN_SOUTHERN_FLOOD_2023,SAR_ONLY,PASS,none
TN_SOUTHERN_FLOOD_2023_157884,TN_SOUTHERN_FLOOD_2023,SAR_ONLY,PASS,none
TN_SOUTHERN_FLOOD_2023_168807,TN_SOUTHERN_FLOOD_2023,SAR_ONLY,PASS,none
TN_SOUTHERN_FLOOD_2023_000016,TN_SOUTHERN_FLOOD_2023,SAR_ONLY,FAIL,non_finite_values_in_sar_pre;non_finite_values_in_sar_post
TN_SOUTHERN_FLOOD_2023_000046,TN_SOUTHERN_FLOOD_2023,SAR_ONLY,FAIL,non_finite_values_in_sar_pre;non_finite_values_in_sar_post
TN_SOUTHERN_FLOOD_2023_011717,TN_SOUTHERN_FLOOD_2023,SAR_ONLY,FAIL,non_finite_values_in_sar_pre;non_finite_values_in_sar_post
TN_SOUTHERN_FLOOD_2023_034288,TN_SOUTHERN_FLOOD_2023,SAR_ONLY,FAIL,non_finite_values_in_sar_pre;non_finite_values_in_sar_post
TN_SOUTHERN_FLOOD_2023_064795,TN_SOUTHERN_FLOOD_2023,SAR_ONLY,FAIL,non_finite_values_in_sar_pre;non_finite_values_in_sar_post
TN_SOUTHERN_FLOOD_2023_103096,TN_SOUTHERN_FLOOD_2023,SAR_ONLY,FAIL,non_finite_values_in_sar_pre;non_finite_values_in_sar_post
TN_SOUTHERN_FLOOD_2023_105074,TN_SOUTHERN_FLOOD_2023,SAR_ONLY,FAIL,non_finite_values_in_sar_pre;non_finite_values_in_sar_post
TN_SOUTHERN_FLOOD_2023_132598,TN_SOUTHERN_FLOOD_2023,SAR_ONLY,FAIL,non_finite_values_in_sar_pre;non_finite_values_in_sar_post
TN_SOUTHERN_FLOOD_2023_147054,TN_SOUTHERN_FLOOD_2023,SAR_ONLY,FAIL,non_finite_values_in_sar_pre;non_finite_values_in_sar_post
TN_SOUTHERN_FLOOD_2023_158850,TN_SOUTHERN_FLOOD_2023,SAR_ONLY,PASS,none
TN_SOUTHERN_FLOOD_2023_000088,TN_SOUTHERN_FLOOD_2023,SAR_ONLY,FAIL,non_finite_values_in_sar_pre;non_finite_values_in_sar_post
TN_SOUTHERN_FLOOD_2023_000136,TN_SOUTHERN_FLOOD_2023,SAR_ONLY,FAIL,non_finite_values_in_sar_pre;non_finite_values_in_sar_post
TN_SOUTHERN_FLOOD_2023_012900,TN_SOUTHERN_FLOOD_2023,SAR_ONLY,FAIL,non_finite_values_in_sar_pre;non_finite_values_in_sar_post
TN_SOUTHERN_FLOOD_2023_034287,TN_SOUTHERN_FLOOD_2023,SAR_ONLY,FAIL,non_finite_values_in_sar_pre;non_finite_values_in_sar_post
TN_SOUTHERN_FLOOD_2023_064886,TN_SOUTHERN_FLOOD_2023,SAR_ONLY,FAIL,non_finite_values_in_sar_pre;non_finite_values_in_sar_post
TN_SOUTHERN_FLOOD_2023_103553,TN_SOUTHERN_FLOOD_2023,SAR_ONLY,FAIL,non_finite_values_in_sar_pre;non_finite_values_in_sar_post
TN_SOUTHERN_FLOOD_2023_132767,TN_SOUTHERN_FLOOD_2023,SAR_ONLY,FAIL,non_finite_values_in_sar_pre;non_finite_values_in_sar_post
TN_SOUTHERN_FLOOD_2023_132622,TN_SOUTHERN_FLOOD_2023,SAR_ONLY,FAIL,non_finite_values_in_sar_pre;non_finite_values_in_sar_post
TN_SOUTHERN_FLOOD_2023_148166,TN_SOUTHERN_FLOOD_2023,SAR_ONLY,PASS,none
TN_SOUTHERN_FLOOD_2023_159780,TN_SOUTHERN_FLOOD_2023,SAR_ONLY,PASS,none
TN_SOUTHERN_FLOOD_2023_002583,TN_SOUTHERN_FLOOD_2023,SAR_ONLY,FAIL,non_finite_values_in_sar_pre;non_finite_values_in_sar_post
TN_SOUTHERN_FLOOD_2023_003236,TN_SOUTHERN_FLOOD_2023,SAR_ONLY,FAIL,non_finite_values_in_sar_pre;non_finite_values_in_sar_post
TN_SOUTHERN_FLOOD_2023_013208,TN_SOUTHERN_FLOOD_2023,SAR_ONLY,FAIL,non_finite_values_in_sar_pre;non_finite_values_in_sar_post
TN_SOUTHERN_FLOOD_2023_038872,TN_SOUTHERN_FLOOD_2023,SAR_ONLY,FAIL,non_finite_values_in_sar_pre;non_finite_values_in_sar_post
TN_SOUTHERN_FLOOD_2023_068437,TN_SOUTHERN_FLOOD_2023,SAR_ONLY,FAIL,non_finite_values_in_sar_pre;non_finite_values_in_sar_post
TN_SOUTHERN_FLOOD_2023_105189,TN_SOUTHERN_FLOOD_2023,SAR_ONLY,FAIL,non_finite_values_in_sar_pre;non_finite_values_in_sar_post
TN_SOUTHERN_FLOOD_2023_105304,TN_SOUTHERN_FLOOD_2023,SAR_ONLY,FAIL,non_finite_values_in_sar_pre;non_finite_values_in_sar_post
TN_SOUTHERN_FLOOD_2023_134196,TN_SOUTHERN_FLOOD_2023,SAR_ONLY,FAIL,non_finite_values_in_sar_pre;non_finite_values_in_sar_post
TN_SOUTHERN_FLOOD_2023_147695,TN_SOUTHERN_FLOOD_2023,SAR_ONLY,PASS,none
TN_SOUTHERN_FLOOD_2023_159794,TN_SOUTHERN_FLOOD_2023,SAR_ONLY,PASS,none
TN_SOUTHERN_FLOOD_2023_002924,TN_SOUTHERN_FLOOD_2023,SAR_ONLY,FAIL,non_finite_values_in_sar_pre;non_finite_values_in_sar_post
TN_SOUTHERN_FLOOD_2023_002886,TN_SOUTHERN_FLOOD_2023,SAR_ONLY,FAIL,non_finite_values_in_sar_pre;non_finite_values_in_sar_post
TN_SOUTHERN_FLOOD_2023_014403,TN_SOUTHERN_FLOOD_2023,SAR_ONLY,FAIL,non_finite_values_in_sar_pre;non_finite_values_in_sar_post
TN_SOUTHERN_FLOOD_2023_042179,TN_SOUTHERN_FLOOD_2023,SAR_ONLY,FAIL,non_finite_values_in_sar_pre;non_finite_values_in_sar_post
TN_SOUTHERN_FLOOD_2023_073412,TN_SOUTHERN_FLOOD_2023,SAR_ONLY,FAIL,non_finite_values_in_sar_pre;non_finite_values_in_sar_post
TN_SOUTHERN_FLOOD_2023_106879,TN_SOUTHERN_FLOOD_2023,SAR_ONLY,FAIL,non_finite_values_in_sar_pre;non_finite_values_in_sar_post
TN_SOUTHERN_FLOOD_2023_106969,TN_SOUTHERN_FLOOD_2023,SAR_ONLY,FAIL,non_finite_values_in_sar_pre;non_finite_values_in_sar_post
TN_SOUTHERN_FLOOD_2023_133962,TN_SOUTHERN_FLOOD_2023,SAR_ONLY,FAIL,non_finite_values_in_sar_pre;non_finite_values_in_sar_post
TN_SOUTHERN_FLOOD_2023_148485,TN_SOUTHERN_FLOOD_2023,SAR_ONLY,PASS,none
TN_SOUTHERN_FLOOD_2023_160207,TN_SOUTHERN_FLOOD_2023,SAR_ONLY,PASS,none
TN_SOUTHERN_FLOOD_2023_004260,TN_SOUTHERN_FLOOD_2023,SAR_ONLY,FAIL,non_finite_values_in_sar_pre;non_finite_values_in_sar_post
TN_SOUTHERN_FLOOD_2023_004175,TN_SOUTHERN_FLOOD_2023,SAR_ONLY,FAIL,non_finite_values_in_sar_pre;non_finite_values_in_sar_post
TN_SOUTHERN_FLOOD_2023_015600,TN_SOUTHERN_FLOOD_2023,SAR_ONLY,FAIL,non_finite_values_in_sar_pre;non_finite_values_in_sar_post
TN_SOUTHERN_FLOOD_2023_043534,TN_SOUTHERN_FLOOD_2023,SAR_ONLY,FAIL,non_finite_values_in_sar_pre;non_finite_values_in_sar_post
TN_SOUTHERN_FLOOD_2023_078376,TN_SOUTHERN_FLOOD_2023,SAR_ONLY,FAIL,non_finite_values_in_sar_pre;non_finite_values_in_sar_post
TN_SOUTHERN_FLOOD_2023_111767,TN_SOUTHERN_FLOOD_2023,SAR_ONLY,FAIL,non_finite_values_in_sar_pre;non_finite_values_in_sar_post
TN_SOUTHERN_FLOOD_2023_111804,TN_SOUTHERN_FLOOD_2023,SAR_ONLY,FAIL,non_finite_values_in_sar_pre;non_finite_values_in_sar_post
TN_SOUTHERN_FLOOD_2023_134436,TN_SOUTHERN_FLOOD_2023,SAR_ONLY,FAIL,non_finite_values_in_sar_pre;non_finite_values_in_sar_post
TN_SOUTHERN_FLOOD_2023_150070,TN_SOUTHERN_FLOOD_2023,SAR_ONLY,PASS,none
TN_SOUTHERN_FLOOD_2023_160308,TN_SOUTHERN_FLOOD_2023,SAR_ONLY,PASS,none
TN_SOUTHERN_FLOOD_2023_005201,TN_SOUTHERN_FLOOD_2023,SAR_ONLY,FAIL,non_finite_values_in_sar_pre;non_finite_values_in_sar_post
TN_SOUTHERN_FLOOD_2023_005224,TN_SOUTHERN_FLOOD_2023,SAR_ONLY,FAIL,non_finite_values_in_sar_pre;non_finite_values_in_sar_post
TN_SOUTHERN_FLOOD_2023_017803,TN_SOUTHERN_FLOOD_2023,SAR_ONLY,FAIL,non_finite_values_in_sar_pre;non_finite_values_in_sar_post
TN_SOUTHERN_FLOOD_2023_044993,TN_SOUTHERN_FLOOD_2023,SAR_ONLY,FAIL,non_finite_values_in_sar_pre;non_finite_values_in_sar_post
TN_SOUTHERN_FLOOD_2023_083296,TN_SOUTHERN_FLOOD_2023,SAR_ONLY,FAIL,non_finite_values_in_sar_pre;non_finite_values_in_sar_post
TN_SOUTHERN_FLOOD_2023_087280,TN_SOUTHERN_FLOOD_2023,SAR_ONLY,FAIL,non_finite_values_in_sar_pre;non_finite_values_in_sar_post
TN_SOUTHERN_FLOOD_2023_116454,TN_SOUTHERN_FLOOD_2023,SAR_ONLY,FAIL,non_finite_values_in_sar_pre;non_finite_values_in_sar_post
TN_SOUTHERN_FLOOD_2023_139108,TN_SOUTHERN_FLOOD_2023,SAR_ONLY,PASS,none
TN_SOUTHERN_FLOOD_2023_150723,TN_SOUTHERN_FLOOD_2023,SAR_ONLY,PASS,none
TN_SOUTHERN_FLOOD_2023_160427,TN_SOUTHERN_FLOOD_2023,SAR_ONLY,PASS,none
TN_SOUTHERN_FLOOD_2023_005206,TN_SOUTHERN_FLOOD_2023,SAR_ONLY,FAIL,non_finite_values_in_sar_pre;non_finite_values_in_sar_post
TN_SOUTHERN_FLOOD_2023_005227,TN_SOUTHERN_FLOOD_2023,SAR_ONLY,FAIL,non_finite_values_in_sar_pre;non_finite_values_in_sar_post
TN_SOUTHERN_FLOOD_2023_019719,TN_SOUTHERN_FLOOD_2023,SAR_ONLY,FAIL,non_finite_values_in_sar_pre;non_finite_values_in_sar_post
TN_SOUTHERN_FLOOD_2023_045048,TN_SOUTHERN_FLOOD_2023,SAR_ONLY,FAIL,non_finite_values_in_sar_pre;non_finite_values_in_sar_post
TN_SOUTHERN_FLOOD_2023_083492,TN_SOUTHERN_FLOOD_2023,SAR_ONLY,FAIL,non_finite_values_in_sar_pre;non_finite_values_in_sar_post
TN_SOUTHERN_FLOOD_2023_085828,TN_SOUTHERN_FLOOD_2023,SAR_ONLY,FAIL,non_finite_values_in_sar_pre;non_finite_values_in_sar_post
TN_SOUTHERN_FLOOD_2023_116678,TN_SOUTHERN_FLOOD_2023,SAR_ONLY,FAIL,non_finite_values_in_sar_pre;non_finite_values_in_sar_post
TN_SOUTHERN_FLOOD_2023_139115,TN_SOUTHERN_FLOOD_2023,SAR_ONLY,PASS,none
TN_SOUTHERN_FLOOD_2023_150765,TN_SOUTHERN_FLOOD_2023,SAR_ONLY,PASS,none
TN_SOUTHERN_FLOOD_2023_160443,TN_SOUTHERN_FLOOD_2023,SAR_ONLY,PASS,none
TN_SOUTHERN_FLOOD_2023_006706,TN_SOUTHERN_FLOOD_2023,SAR_ONLY,FAIL,non_finite_values_in_sar_pre;non_finite_values_in_sar_post
TN_SOUTHERN_FLOOD_2023_006708,TN_SOUTHERN_FLOOD_2023,SAR_ONLY,FAIL,non_finite_values_in_sar_pre;non_finite_values_in_sar_post
TN_SOUTHERN_FLOOD_2023_023943,TN_SOUTHERN_FLOOD_2023,SAR_ONLY,FAIL,non_finite_values_in_sar_pre;non_finite_values_in_sar_post
TN_SOUTHERN_FLOOD_2023_049954,TN_SOUTHERN_FLOOD_2023,SAR_ONLY,FAIL,non_finite_values_in_sar_pre;non_finite_values_in_sar_post
TN_SOUTHERN_FLOOD_2023_088277,TN_SOUTHERN_FLOOD_2023,SAR_ONLY,FAIL,non_finite_values_in_sar_pre;non_finite_values_in_sar_post
TN_SOUTHERN_FLOOD_2023_089392,TN_SOUTHERN_FLOOD_2023,SAR_ONLY,FAIL,non_finite_values_in_sar_pre;non_finite_values_in_sar_post
TN_SOUTHERN_FLOOD_2023_121676,TN_SOUTHERN_FLOOD_2023,SAR_ONLY,FAIL,non_finite_values_in_sar_pre;non_finite_values_in_sar_post
TN_SOUTHERN_FLOOD_2023_142648,TN_SOUTHERN_FLOOD_2023,SAR_ONLY,PASS,none
TN_SOUTHERN_FLOOD_2023_152780,TN_SOUTHERN_FLOOD_2023,SAR_ONLY,PASS,none
TN_SOUTHERN_FLOOD_2023_162774,TN_SOUTHERN_FLOOD_2023,SAR_ONLY,PASS,none
TN_SOUTHERN_FLOOD_2023_009035,TN_SOUTHERN_FLOOD_2023,SAR_ONLY,FAIL,non_finite_values_in_sar_pre;non_finite_values_in_sar_post
TN_SOUTHERN_FLOOD_2023_009273,TN_SOUTHERN_FLOOD_2023,SAR_ONLY,FAIL,non_finite_values_in_sar_pre;non_finite_values_in_sar_post
TN_SOUTHERN_FLOOD_2023_027497,TN_SOUTHERN_FLOOD_2023,SAR_ONLY,FAIL,non_finite_values_in_sar_pre;non_finite_values_in_sar_post
TN_SOUTHERN_FLOOD_2023_054902,TN_SOUTHERN_FLOOD_2023,SAR_ONLY,FAIL,non_finite_values_in_sar_pre;non_finite_values_in_sar_post
TN_SOUTHERN_FLOOD_2023_093217,TN_SOUTHERN_FLOOD_2023,SAR_ONLY,FAIL,non_finite_values_in_sar_pre;non_finite_values_in_sar_post
TN_SOUTHERN_FLOOD_2023_093620,TN_SOUTHERN_FLOOD_2023,SAR_ONLY,FAIL,non_finite_values_in_sar_pre;non_finite_values_in_sar_post
TN_SOUTHERN_FLOOD_2023_130281,TN_SOUTHERN_FLOOD_2023,SAR_ONLY,FAIL,non_finite_values_in_sar_pre;non_finite_values_in_sar_post
TN_SOUTHERN_FLOOD_2023_143677,TN_SOUTHERN_FLOOD_2023,SAR_ONLY,PASS,none
TN_SOUTHERN_FLOOD_2023_156922,TN_SOUTHERN_FLOOD_2023,SAR_ONLY,PASS,none
TN_SOUTHERN_FLOOD_2023_167120,TN_SOUTHERN_FLOOD_2023,SAR_ONLY,PASS,none
TN_SOUTHERN_FLOOD_2023_011055,TN_SOUTHERN_FLOOD_2023,SAR_ONLY,FAIL,non_finite_values_in_sar_pre;non_finite_values_in_sar_post
TN_SOUTHERN_FLOOD_2023_032421,TN_SOUTHERN_FLOOD_2023,SAR_ONLY,FAIL,non_finite_values_in_sar_pre;non_finite_values_in_sar_post
TN_SOUTHERN_FLOOD_2023_032399,TN_SOUTHERN_FLOOD_2023,SAR_ONLY,FAIL,non_finite_values_in_sar_pre;non_finite_values_in_sar_post
TN_SOUTHERN_FLOOD_2023_059837,TN_SOUTHERN_FLOOD_2023,SAR_ONLY,FAIL,non_finite_values_in_sar_pre;non_finite_values_in_sar_post
TN_SOUTHERN_FLOOD_2023_098176,TN_SOUTHERN_FLOOD_2023,SAR_ONLY,FAIL,non_finite_values_in_sar_pre;non_finite_values_in_sar_post
TN_SOUTHERN_FLOOD_2023_098835,TN_SOUTHERN_FLOOD_2023,SAR_ONLY,FAIL,non_finite_values_in_sar_pre;non_finite_values_in_sar_post
TN_SOUTHERN_FLOOD_2023_130749,TN_SOUTHERN_FLOOD_2023,SAR_ONLY,FAIL,non_finite_values_in_sar_pre;non_finite_values_in_sar_post
TN_SOUTHERN_FLOOD_2023_145924,TN_SOUTHERN_FLOOD_2023,SAR_ONLY,PASS,none
TN_SOUTHERN_FLOOD_2023_157886,TN_SOUTHERN_FLOOD_2023,SAR_ONLY,PASS,none
TN_SOUTHERN_FLOOD_2023_168809,TN_SOUTHERN_FLOOD_2023,SAR_ONLY,PASS,none
TN_SOUTHERN_FLOOD_2023_000017,TN_SOUTHERN_FLOOD_2023,SAR_ONLY,FAIL,non_finite_values_in_sar_pre;non_finite_values_in_sar_post
TN_SOUTHERN_FLOOD_2023_000047,TN_SOUTHERN_FLOOD_2023,SAR_ONLY,FAIL,non_finite_values_in_sar_pre;non_finite_values_in_sar_post
TN_SOUTHERN_FLOOD_2023_011801,TN_SOUTHERN_FLOOD_2023,SAR_ONLY,FAIL,non_finite_values_in_sar_pre;non_finite_values_in_sar_post
TN_SOUTHERN_FLOOD_2023_034291,TN_SOUTHERN_FLOOD_2023,SAR_ONLY,FAIL,non_finite_values_in_sar_pre;non_finite_values_in_sar_post
TN_SOUTHERN_FLOOD_2023_064799,TN_SOUTHERN_FLOOD_2023,SAR_ONLY,FAIL,non_finite_values_in_sar_pre;non_finite_values_in_sar_post
TN_SOUTHERN_FLOOD_2023_103097,TN_SOUTHERN_FLOOD_2023,SAR_ONLY,FAIL,non_finite_values_in_sar_pre;non_finite_values_in_sar_post
TN_SOUTHERN_FLOOD_2023_132544,TN_SOUTHERN_FLOOD_2023,SAR_ONLY,FAIL,non_finite_values_in_sar_pre;non_finite_values_in_sar_post
TN_SOUTHERN_FLOOD_2023_132600,TN_SOUTHERN_FLOOD_2023,SAR_ONLY,FAIL,non_finite_values_in_sar_pre;non_finite_values_in_sar_post
TN_SOUTHERN_FLOOD_2023_147080,TN_SOUTHERN_FLOOD_2023,SAR_ONLY,FAIL,non_finite_values_in_sar_pre;non_finite_values_in_sar_post
TN_SOUTHERN_FLOOD_2023_158851,TN_SOUTHERN_FLOOD_2023,SAR_ONLY,PASS,none
TN_SOUTHERN_FLOOD_2023_000097,TN_SOUTHERN_FLOOD_2023,SAR_ONLY,FAIL,non_finite_values_in_sar_pre;non_finite_values_in_sar_post
TN_SOUTHERN_FLOOD_2023_000170,TN_SOUTHERN_FLOOD_2023,SAR_ONLY,FAIL,non_finite_values_in_sar_pre;non_finite_values_in_sar_post
TN_SOUTHERN_FLOOD_2023_013017,TN_SOUTHERN_FLOOD_2023,SAR_ONLY,FAIL,non_finite_values_in_sar_pre;non_finite_values_in_sar_post
TN_SOUTHERN_FLOOD_2023_034289,TN_SOUTHERN_FLOOD_2023,SAR_ONLY,FAIL,non_finite_values_in_sar_pre;non_finite_values_in_sar_post
TN_SOUTHERN_FLOOD_2023_064913,TN_SOUTHERN_FLOOD_2023,SAR_ONLY,FAIL,non_finite_values_in_sar_pre;non_finite_values_in_sar_post
TN_SOUTHERN_FLOOD_2023_103594,TN_SOUTHERN_FLOOD_2023,SAR_ONLY,FAIL,non_finite_values_in_sar_pre;non_finite_values_in_sar_post
TN_SOUTHERN_FLOOD_2023_132788,TN_SOUTHERN_FLOOD_2023,SAR_ONLY,FAIL,non_finite_values_in_sar_pre;non_finite_values_in_sar_post
TN_SOUTHERN_FLOOD_2023_132624,TN_SOUTHERN_FLOOD_2023,SAR_ONLY,FAIL,non_finite_values_in_sar_pre;non_finite_values_in_sar_post
TN_SOUTHERN_FLOOD_2023_148243,TN_SOUTHERN_FLOOD_2023,SAR_ONLY,PASS,none
TN_SOUTHERN_FLOOD_2023_159783,TN_SOUTHERN_FLOOD_2023,SAR_ONLY,PASS,none
TN_SOUTHERN_FLOOD_2023_002612,TN_SOUTHERN_FLOOD_2023,SAR_ONLY,FAIL,non_finite_values_in_sar_pre;non_finite_values_in_sar_post
TN_SOUTHERN_FLOOD_2023_003261,TN_SOUTHERN_FLOOD_2023,SAR_ONLY,FAIL,non_finite_values_in_sar_pre;non_finite_values_in_sar_post
TN_SOUTHERN_FLOOD_2023_013220,TN_SOUTHERN_FLOOD_2023,SAR_ONLY,FAIL,non_finite_values_in_sar_pre;non_finite_values_in_sar_post
TN_SOUTHERN_FLOOD_2023_038907,TN_SOUTHERN_FLOOD_2023,SAR_ONLY,FAIL,non_finite_values_in_sar_pre;non_finite_values_in_sar_post
TN_SOUTHERN_FLOOD_2023_068438,TN_SOUTHERN_FLOOD_2023,SAR_ONLY,FAIL,non_finite_values_in_sar_pre;non_finite_values_in_sar_post
TN_SOUTHERN_FLOOD_2023_105191,TN_SOUTHERN_FLOOD_2023,SAR_ONLY,FAIL,non_finite_values_in_sar_pre;non_finite_values_in_sar_post
TN_SOUTHERN_FLOOD_2023_105322,TN_SOUTHERN_FLOOD_2023,SAR_ONLY,FAIL,non_finite_values_in_sar_pre;non_finite_values_in_sar_post
TN_SOUTHERN_FLOOD_2023_134227,TN_SOUTHERN_FLOOD_2023,SAR_ONLY,FAIL,non_finite_values_in_sar_pre;non_finite_values_in_sar_post
TN_SOUTHERN_FLOOD_2023_147696,TN_SOUTHERN_FLOOD_2023,SAR_ONLY,PASS,none
TN_SOUTHERN_FLOOD_2023_159798,TN_SOUTHERN_FLOOD_2023,SAR_ONLY,PASS,none
TN_SOUTHERN_FLOOD_2023_002926,TN_SOUTHERN_FLOOD_2023,SAR_ONLY,FAIL,non_finite_values_in_sar_pre;non_finite_values_in_sar_post
TN_SOUTHERN_FLOOD_2023_002891,TN_SOUTHERN_FLOOD_2023,SAR_ONLY,FAIL,non_finite_values_in_sar_pre;non_finite_values_in_sar_post
TN_SOUTHERN_FLOOD_2023_014442,TN_SOUTHERN_FLOOD_2023,SAR_ONLY,FAIL,non_finite_values_in_sar_pre;non_finite_values_in_sar_post
TN_SOUTHERN_FLOOD_2023_042180,TN_SOUTHERN_FLOOD_2023,SAR_ONLY,FAIL,non_finite_values_in_sar_pre;non_finite_values_in_sar_post
TN_SOUTHERN_FLOOD_2023_073416,TN_SOUTHERN_FLOOD_2023,SAR_ONLY,FAIL,non_finite_values_in_sar_pre;non_finite_values_in_sar_post
TN_SOUTHERN_FLOOD_2023_106883,TN_SOUTHERN_FLOOD_2023,SAR_ONLY,FAIL,non_finite_values_in_sar_pre;non_finite_values_in_sar_post
TN_SOUTHERN_FLOOD_2023_107026,TN_SOUTHERN_FLOOD_2023,SAR_ONLY,FAIL,non_finite_values_in_sar_pre;non_finite_values_in_sar_post
TN_SOUTHERN_FLOOD_2023_133992,TN_SOUTHERN_FLOOD_2023,SAR_ONLY,FAIL,non_finite_values_in_sar_pre;non_finite_values_in_sar_post
TN_SOUTHERN_FLOOD_2023_148495,TN_SOUTHERN_FLOOD_2023,SAR_ONLY,PASS,none
TN_SOUTHERN_FLOOD_2023_160208,TN_SOUTHERN_FLOOD_2023,SAR_ONLY,PASS,none
TN_SOUTHERN_FLOOD_2023_004269,TN_SOUTHERN_FLOOD_2023,SAR_ONLY,FAIL,non_finite_values_in_sar_pre;non_finite_values_in_sar_post
TN_SOUTHERN_FLOOD_2023_004179,TN_SOUTHERN_FLOOD_2023,SAR_ONLY,FAIL,non_finite_values_in_sar_pre;non_finite_values_in_sar_post
TN_SOUTHERN_FLOOD_2023_015601,TN_SOUTHERN_FLOOD_2023,SAR_ONLY,FAIL,non_finite_values_in_sar_pre;non_finite_values_in_sar_post
TN_SOUTHERN_FLOOD_2023_043536,TN_SOUTHERN_FLOOD_2023,SAR_ONLY,FAIL,non_finite_values_in_sar_pre;non_finite_values_in_sar_post
TN_SOUTHERN_FLOOD_2023_078377,TN_SOUTHERN_FLOOD_2023,SAR_ONLY,FAIL,non_finite_values_in_sar_pre;non_finite_values_in_sar_post
TN_SOUTHERN_FLOOD_2023_111768,TN_SOUTHERN_FLOOD_2023,SAR_ONLY,FAIL,non_finite_values_in_sar_pre;non_finite_values_in_sar_post
TN_SOUTHERN_FLOOD_2023_111809,TN_SOUTHERN_FLOOD_2023,SAR_ONLY,FAIL,non_finite_values_in_sar_pre;non_finite_values_in_sar_post
TN_SOUTHERN_FLOOD_2023_134462,TN_SOUTHERN_FLOOD_2023,SAR_ONLY,FAIL,non_finite_values_in_sar_pre;non_finite_values_in_sar_post
TN_SOUTHERN_FLOOD_2023_150071,TN_SOUTHERN_FLOOD_2023,SAR_ONLY,PASS,none
TN_SOUTHERN_FLOOD_2023_160309,TN_SOUTHERN_FLOOD_2023,SAR_ONLY,PASS,none
TN_SOUTHERN_FLOOD_2023_005203,TN_SOUTHERN_FLOOD_2023,SAR_ONLY,FAIL,non_finite_values_in_sar_pre;non_finite_values_in_sar_post
TN_SOUTHERN_FLOOD_2023_005236,TN_SOUTHERN_FLOOD_2023,SAR_ONLY,FAIL,non_finite_values_in_sar_pre;non_finite_values_in_sar_post
TN_SOUTHERN_FLOOD_2023_017811,TN_SOUTHERN_FLOOD_2023,SAR_ONLY,FAIL,non_finite_values_in_sar_pre;non_finite_values_in_sar_post
TN_SOUTHERN_FLOOD_2023_044995,TN_SOUTHERN_FLOOD_2023,SAR_ONLY,FAIL,non_finite_values_in_sar_pre;non_finite_values_in_sar_post
TN_SOUTHERN_FLOOD_2023_083297,TN_SOUTHERN_FLOOD_2023,SAR_ONLY,FAIL,non_finite_values_in_sar_pre;non_finite_values_in_sar_post
TN_SOUTHERN_FLOOD_2023_087547,TN_SOUTHERN_FLOOD_2023,SAR_ONLY,FAIL,non_finite_values_in_sar_pre;non_finite_values_in_sar_post
TN_SOUTHERN_FLOOD_2023_116471,TN_SOUTHERN_FLOOD_2023,SAR_ONLY,FAIL,non_finite_values_in_sar_pre;non_finite_values_in_sar_post
TN_SOUTHERN_FLOOD_2023_139124,TN_SOUTHERN_FLOOD_2023,SAR_ONLY,PASS,none
TN_SOUTHERN_FLOOD_2023_150724,TN_SOUTHERN_FLOOD_2023,SAR_ONLY,PASS,none
TN_SOUTHERN_FLOOD_2023_160428,TN_SOUTHERN_FLOOD_2023,SAR_ONLY,PASS,none
TN_SOUTHERN_FLOOD_2023_005207,TN_SOUTHERN_FLOOD_2023,SAR_ONLY,FAIL,non_finite_values_in_sar_pre;non_finite_values_in_sar_post
TN_SOUTHERN_FLOOD_2023_005246,TN_SOUTHERN_FLOOD_2023,SAR_ONLY,FAIL,non_finite_values_in_sar_pre;non_finite_values_in_sar_post
TN_SOUTHERN_FLOOD_2023_019723,TN_SOUTHERN_FLOOD_2023,SAR_ONLY,FAIL,non_finite_values_in_sar_pre;non_finite_values_in_sar_post
TN_SOUTHERN_FLOOD_2023_045059,TN_SOUTHERN_FLOOD_2023,SAR_ONLY,FAIL,non_finite_values_in_sar_pre;non_finite_values_in_sar_post
TN_SOUTHERN_FLOOD_2023_083497,TN_SOUTHERN_FLOOD_2023,SAR_ONLY,FAIL,non_finite_values_in_sar_pre;non_finite_values_in_sar_post
TN_SOUTHERN_FLOOD_2023_085910,TN_SOUTHERN_FLOOD_2023,SAR_ONLY,FAIL,non_finite_values_in_sar_pre;non_finite_values_in_sar_post
TN_SOUTHERN_FLOOD_2023_116738,TN_SOUTHERN_FLOOD_2023,SAR_ONLY,FAIL,non_finite_values_in_sar_pre;non_finite_values_in_sar_post
TN_SOUTHERN_FLOOD_2023_139121,TN_SOUTHERN_FLOOD_2023,SAR_ONLY,PASS,none
TN_SOUTHERN_FLOOD_2023_150767,TN_SOUTHERN_FLOOD_2023,SAR_ONLY,PASS,none
TN_SOUTHERN_FLOOD_2023_160445,TN_SOUTHERN_FLOOD_2023,SAR_ONLY,PASS,none
TN_SOUTHERN_FLOOD_2023_006720,TN_SOUTHERN_FLOOD_2023,SAR_ONLY,FAIL,non_finite_values_in_sar_pre;non_finite_values_in_sar_post
TN_SOUTHERN_FLOOD_2023_006713,TN_SOUTHERN_FLOOD_2023,SAR_ONLY,FAIL,non_finite_values_in_sar_pre;non_finite_values_in_sar_post
TN_SOUTHERN_FLOOD_2023_023944,TN_SOUTHERN_FLOOD_2023,SAR_ONLY,FAIL,non_finite_values_in_sar_pre;non_finite_values_in_sar_post
TN_SOUTHERN_FLOOD_2023_049961,TN_SOUTHERN_FLOOD_2023,SAR_ONLY,FAIL,non_finite_values_in_sar_pre;non_finite_values_in_sar_post
TN_SOUTHERN_FLOOD_2023_088278,TN_SOUTHERN_FLOOD_2023,SAR_ONLY,FAIL,non_finite_values_in_sar_pre;non_finite_values_in_sar_post
TN_SOUTHERN_FLOOD_2023_089458,TN_SOUTHERN_FLOOD_2023,SAR_ONLY,FAIL,non_finite_values_in_sar_pre;non_finite_values_in_sar_post
TN_SOUTHERN_FLOOD_2023_121699,TN_SOUTHERN_FLOOD_2023,SAR_ONLY,FAIL,non_finite_values_in_sar_pre;non_finite_values_in_sar_post
TN_SOUTHERN_FLOOD_2023_142650,TN_SOUTHERN_FLOOD_2023,SAR_ONLY,PASS,none
TN_SOUTHERN_FLOOD_2023_152783,TN_SOUTHERN_FLOOD_2023,SAR_ONLY,PASS,none
TN_SOUTHERN_FLOOD_2023_162776,TN_SOUTHERN_FLOOD_2023,SAR_ONLY,PASS,none
TN_SOUTHERN_FLOOD_2023_009043,TN_SOUTHERN_FLOOD_2023,SAR_ONLY,FAIL,non_finite_values_in_sar_pre;non_finite_values_in_sar_post
TN_SOUTHERN_FLOOD_2023_009319,TN_SOUTHERN_FLOOD_2023,SAR_ONLY,FAIL,non_finite_values_in_sar_pre;non_finite_values_in_sar_post
TN_SOUTHERN_FLOOD_2023_027498,TN_SOUTHERN_FLOOD_2023,SAR_ONLY,FAIL,non_finite_values_in_sar_pre;non_finite_values_in_sar_post
TN_SOUTHERN_FLOOD_2023_054903,TN_SOUTHERN_FLOOD_2023,SAR_ONLY,FAIL,non_finite_values_in_sar_pre;non_finite_values_in_sar_post
TN_SOUTHERN_FLOOD_2023_093218,TN_SOUTHERN_FLOOD_2023,SAR_ONLY,FAIL,non_finite_values_in_sar_pre;non_finite_values_in_sar_post
TN_SOUTHERN_FLOOD_2023_093632,TN_SOUTHERN_FLOOD_2023,SAR_ONLY,FAIL,non_finite_values_in_sar_pre;non_finite_values_in_sar_post
TN_SOUTHERN_FLOOD_2023_130291,TN_SOUTHERN_FLOOD_2023,SAR_ONLY,FAIL,non_finite_values_in_sar_pre;non_finite_values_in_sar_post
TN_SOUTHERN_FLOOD_2023_143680,TN_SOUTHERN_FLOOD_2023,SAR_ONLY,PASS,none
TN_SOUTHERN_FLOOD_2023_156924,TN_SOUTHERN_FLOOD_2023,SAR_ONLY,PASS,none
TN_SOUTHERN_FLOOD_2023_167121,TN_SOUTHERN_FLOOD_2023,SAR_ONLY,PASS,none
TN_SOUTHERN_FLOOD_2023_011056,TN_SOUTHERN_FLOOD_2023,SAR_ONLY,FAIL,non_finite_values_in_sar_pre;non_finite_values_in_sar_post
TN_SOUTHERN_FLOOD_2023_032439,TN_SOUTHERN_FLOOD_2023,SAR_ONLY,FAIL,non_finite_values_in_sar_pre;non_finite_values_in_sar_post
TN_SOUTHERN_FLOOD_2023_032400,TN_SOUTHERN_FLOOD_2023,SAR_ONLY,FAIL,non_finite_values_in_sar_pre;non_finite_values_in_sar_post
TN_SOUTHERN_FLOOD_2023_059840,TN_SOUTHERN_FLOOD_2023,SAR_ONLY,FAIL,non_finite_values_in_sar_pre;non_finite_values_in_sar_post
TN_SOUTHERN_FLOOD_2023_098177,TN_SOUTHERN_FLOOD_2023,SAR_ONLY,FAIL,non_finite_values_in_sar_pre;non_finite_values_in_sar_post
TN_SOUTHERN_FLOOD_2023_098911,TN_SOUTHERN_FLOOD_2023,SAR_ONLY,FAIL,non_finite_values_in_sar_pre;non_finite_values_in_sar_post
TN_SOUTHERN_FLOOD_2023_130757,TN_SOUTHERN_FLOOD_2023,SAR_ONLY,FAIL,non_finite_values_in_sar_pre;non_finite_values_in_sar_post
TN_SOUTHERN_FLOOD_2023_145925,TN_SOUTHERN_FLOOD_2023,SAR_ONLY,PASS,none
TN_SOUTHERN_FLOOD_2023_157888,TN_SOUTHERN_FLOOD_2023,SAR_ONLY,PASS,none
TN_SOUTHERN_FLOOD_2023_168810,TN_SOUTHERN_FLOOD_2023,SAR_ONLY,PASS,none
TN_OCKHI_2017_000018,TN_OCKHI_2017,SAR_ONLY,PASS,none
TN_OCKHI_2017_008624,TN_OCKHI_2017,SAR_ONLY,PASS,none
TN_OCKHI_2017_008619,TN_OCKHI_2017,SAR_ONLY,PASS,none
TN_OCKHI_2017_027368,TN_OCKHI_2017,SAR_ONLY,PASS,none
TN_OCKHI_2017_027654,TN_OCKHI_2017,SAR_ONLY,PASS,none
TN_OCKHI_2017_040422,TN_OCKHI_2017,SAR_ONLY,PASS,none
TN_OCKHI_2017_040419,TN_OCKHI_2017,SAR_ONLY,PASS,none
TN_OCKHI_2017_051146,TN_OCKHI_2017,SAR_ONLY,PASS,none
TN_OCKHI_2017_051153,TN_OCKHI_2017,SAR_ONLY,PASS,none
TN_OCKHI_2017_000001,TN_OCKHI_2017,SAR_ONLY,PASS,none
TN_OCKHI_2017_008649,TN_OCKHI_2017,SAR_ONLY,PASS,none
TN_OCKHI_2017_011616,TN_OCKHI_2017,SAR_ONLY,PASS,none
TN_OCKHI_2017_027461,TN_OCKHI_2017,SAR_ONLY,PASS,none
TN_OCKHI_2017_027860,TN_OCKHI_2017,SAR_ONLY,PASS,none
TN_OCKHI_2017_040420,TN_OCKHI_2017,SAR_ONLY,PASS,none
TN_OCKHI_2017_040434,TN_OCKHI_2017,SAR_ONLY,PASS,none
TN_OCKHI_2017_051145,TN_OCKHI_2017,SAR_ONLY,PASS,none
TN_OCKHI_2017_051164,TN_OCKHI_2017,SAR_ONLY,PASS,none
TN_OCKHI_2017_001177,TN_OCKHI_2017,SAR_ONLY,PASS,none
TN_OCKHI_2017_000377,TN_OCKHI_2017,SAR_ONLY,PASS,none
TN_OCKHI_2017_011617,TN_OCKHI_2017,SAR_ONLY,PASS,none
TN_OCKHI_2017_011615,TN_OCKHI_2017,SAR_ONLY,PASS,none
TN_OCKHI_2017_027796,TN_OCKHI_2017,SAR_ONLY,PASS,none
TN_OCKHI_2017_027802,TN_OCKHI_2017,SAR_ONLY,PASS,none
TN_OCKHI_2017_041023,TN_OCKHI_2017,SAR_ONLY,PASS,none
TN_OCKHI_2017_041022,TN_OCKHI_2017,SAR_ONLY,PASS,none
TN_OCKHI_2017_055669,TN_OCKHI_2017,SAR_ONLY,PASS,none
TN_OCKHI_2017_055673,TN_OCKHI_2017,SAR_ONLY,PASS,none
TN_OCKHI_2017_000988,TN_OCKHI_2017,SAR_ONLY,PASS,none
TN_OCKHI_2017_000993,TN_OCKHI_2017,SAR_ONLY,PASS,none
TN_OCKHI_2017_014348,TN_OCKHI_2017,SAR_ONLY,PASS,none
TN_OCKHI_2017_014367,TN_OCKHI_2017,SAR_ONLY,PASS,none
TN_OCKHI_2017_030721,TN_OCKHI_2017,SAR_ONLY,PASS,none
TN_OCKHI_2017_030725,TN_OCKHI_2017,SAR_ONLY,PASS,none
TN_OCKHI_2017_044071,TN_OCKHI_2017,SAR_ONLY,PASS,none
TN_OCKHI_2017_044058,TN_OCKHI_2017,SAR_ONLY,PASS,none
TN_OCKHI_2017_057078,TN_OCKHI_2017,SAR_ONLY,PASS,none
TN_OCKHI_2017_057094,TN_OCKHI_2017,SAR_ONLY,PASS,none
TN_OCKHI_2017_001318,TN_OCKHI_2017,SAR_ONLY,PASS,none
TN_OCKHI_2017_001319,TN_OCKHI_2017,SAR_ONLY,PASS,none
TN_OCKHI_2017_017741,TN_OCKHI_2017,SAR_ONLY,PASS,none
TN_OCKHI_2017_017754,TN_OCKHI_2017,SAR_ONLY,PASS,none
TN_OCKHI_2017_033150,TN_OCKHI_2017,SAR_ONLY,PASS,none
TN_OCKHI_2017_033155,TN_OCKHI_2017,SAR_ONLY,PASS,none
TN_OCKHI_2017_045105,TN_OCKHI_2017,SAR_ONLY,PASS,none
TN_OCKHI_2017_045103,TN_OCKHI_2017,SAR_ONLY,PASS,none
TN_OCKHI_2017_060057,TN_OCKHI_2017,SAR_ONLY,PASS,none
TN_OCKHI_2017_060060,TN_OCKHI_2017,SAR_ONLY,PASS,none
TN_OCKHI_2017_001365,TN_OCKHI_2017,SAR_ONLY,PASS,none
TN_OCKHI_2017_001470,TN_OCKHI_2017,SAR_ONLY,PASS,none
TN_OCKHI_2017_017790,TN_OCKHI_2017,SAR_ONLY,PASS,none
TN_OCKHI_2017_017978,TN_OCKHI_2017,SAR_ONLY,PASS,none
TN_OCKHI_2017_036896,TN_OCKHI_2017,SAR_ONLY,PASS,none
TN_OCKHI_2017_033160,TN_OCKHI_2017,SAR_ONLY,PASS,none
TN_OCKHI_2017_046091,TN_OCKHI_2017,SAR_ONLY,PASS,none
TN_OCKHI_2017_045125,TN_OCKHI_2017,SAR_ONLY,PASS,none
TN_OCKHI_2017_060308,TN_OCKHI_2017,SAR_ONLY,PASS,none
TN_OCKHI_2017_061428,TN_OCKHI_2017,SAR_ONLY,PASS,none
TN_OCKHI_2017_005768,TN_OCKHI_2017,SAR_ONLY,PASS,none
TN_OCKHI_2017_003750,TN_OCKHI_2017,SAR_ONLY,PASS,none
TN_OCKHI_2017_020878,TN_OCKHI_2017,SAR_ONLY,PASS,none
TN_OCKHI_2017_021282,TN_OCKHI_2017,SAR_ONLY,PASS,none
TN_OCKHI_2017_036894,TN_OCKHI_2017,SAR_ONLY,PASS,none
TN_OCKHI_2017_036899,TN_OCKHI_2017,SAR_ONLY,PASS,none
TN_OCKHI_2017_046454,TN_OCKHI_2017,SAR_ONLY,PASS,none
TN_OCKHI_2017_046474,TN_OCKHI_2017,SAR_ONLY,PASS,none
TN_OCKHI_2017_061433,TN_OCKHI_2017,SAR_ONLY,PASS,none
TN_OCKHI_2017_061435,TN_OCKHI_2017,SAR_ONLY,PASS,none
TN_OCKHI_2017_008614,TN_OCKHI_2017,SAR_ONLY,PASS,none
TN_OCKHI_2017_040413,TN_OCKHI_2017,SAR_ONLY,PASS,none
TN_OCKHI_2017_040414,TN_OCKHI_2017,SAR_ONLY,PASS,none
TN_OCKHI_2017_047819,TN_OCKHI_2017,SAR_ONLY,PASS,none
TN_OCKHI_2017_047837,TN_OCKHI_2017,SAR_ONLY,PASS,none
TN_OCKHI_2017_065730,TN_OCKHI_2017,SAR_ONLY,PASS,none
TN_OCKHI_2017_065731,TN_OCKHI_2017,SAR_ONLY,PASS,none
TN_OCKHI_2017_008617,TN_OCKHI_2017,SAR_ONLY,PASS,none
TN_OCKHI_2017_008616,TN_OCKHI_2017,SAR_ONLY,PASS,none
TN_OCKHI_2017_027367,TN_OCKHI_2017,SAR_ONLY,PASS,none
TN_OCKHI_2017_040415,TN_OCKHI_2017,SAR_ONLY,PASS,none
TN_OCKHI_2017_049769,TN_OCKHI_2017,SAR_ONLY,PASS,none
TN_OCKHI_2017_069306,TN_OCKHI_2017,SAR_ONLY,PASS,none
TN_OCKHI_2017_069313,TN_OCKHI_2017,SAR_ONLY,PASS,none
TN_OCKHI_2017_040417,TN_OCKHI_2017,SAR_ONLY,PASS,none
TN_OCKHI_2017_051076,TN_OCKHI_2017,SAR_ONLY,PASS,none
TN_OCKHI_2017_050845,TN_OCKHI_2017,SAR_ONLY,PASS,none
TN_OCKHI_2017_071869,TN_OCKHI_2017,SAR_ONLY,PASS,none
TN_OCKHI_2017_071860,TN_OCKHI_2017,SAR_ONLY,PASS,none
TN_OCKHI_2017_000057,TN_OCKHI_2017,SAR_ONLY,PASS,none
TN_OCKHI_2017_008625,TN_OCKHI_2017,SAR_ONLY,PASS,none
TN_OCKHI_2017_008620,TN_OCKHI_2017,SAR_ONLY,PASS,none
TN_OCKHI_2017_027369,TN_OCKHI_2017,SAR_ONLY,PASS,none
TN_OCKHI_2017_027755,TN_OCKHI_2017,SAR_ONLY,PASS,none
TN_OCKHI_2017_040423,TN_OCKHI_2017,SAR_ONLY,PASS,none
TN_OCKHI_2017_040426,TN_OCKHI_2017,SAR_ONLY,PASS,none
TN_OCKHI_2017_051148,TN_OCKHI_2017,SAR_ONLY,PASS,none
TN_OCKHI_2017_051168,TN_OCKHI_2017,SAR_ONLY,PASS,none
TN_OCKHI_2017_000002,TN_OCKHI_2017,SAR_ONLY,PASS,none
TN_OCKHI_2017_008655,TN_OCKHI_2017,SAR_ONLY,PASS,none
TN_OCKHI_2017_011620,TN_OCKHI_2017,SAR_ONLY,PASS,none
TN_OCKHI_2017_027473,TN_OCKHI_2017,SAR_ONLY,PASS,none
TN_OCKHI_2017_027873,TN_OCKHI_2017,SAR_ONLY,PASS,none
TN_OCKHI_2017_040429,TN_OCKHI_2017,SAR_ONLY,PASS,none
TN_OCKHI_2017_040490,TN_OCKHI_2017,SAR_ONLY,PASS,none
TN_OCKHI_2017_051147,TN_OCKHI_2017,SAR_ONLY,PASS,none
TN_OCKHI_2017_051229,TN_OCKHI_2017,SAR_ONLY,PASS,none
TN_OCKHI_2017_000456,TN_OCKHI_2017,SAR_ONLY,PASS,none
TN_OCKHI_2017_011624,TN_OCKHI_2017,SAR_ONLY,PASS,none
TN_OCKHI_2017_011628,TN_OCKHI_2017,SAR_ONLY,PASS,none
TN_OCKHI_2017_027798,TN_OCKHI_2017,SAR_ONLY,PASS,none
TN_OCKHI_2017_027814,TN_OCKHI_2017,SAR_ONLY,PASS,none
TN_OCKHI_2017_041029,TN_OCKHI_2017,SAR_ONLY,PASS,none
TN_OCKHI_2017_041030,TN_OCKHI_2017,SAR_ONLY,PASS,none
TN_OCKHI_2017_055670,TN_OCKHI_2017,SAR_ONLY,PASS,none
TN_OCKHI_2017_055680,TN_OCKHI_2017,SAR_ONLY,PASS,none
TN_OCKHI_2017_000989,TN_OCKHI_2017,SAR_ONLY,PASS,none
TN_OCKHI_2017_000994,TN_OCKHI_2017,SAR_ONLY,PASS,none
TN_OCKHI_2017_014350,TN_OCKHI_2017,SAR_ONLY,PASS,none
TN_OCKHI_2017_014375,TN_OCKHI_2017,SAR_ONLY,PASS,none
TN_OCKHI_2017_030726,TN_OCKHI_2017,SAR_ONLY,PASS,none
TN_OCKHI_2017_030729,TN_OCKHI_2017,SAR_ONLY,PASS,none
TN_OCKHI_2017_044077,TN_OCKHI_2017,SAR_ONLY,PASS,none
TN_OCKHI_2017_044061,TN_OCKHI_2017,SAR_ONLY,PASS,none
TN_OCKHI_2017_057086,TN_OCKHI_2017,SAR_ONLY,PASS,none
TN_OCKHI_2017_057119,TN_OCKHI_2017,SAR_ONLY,PASS,none
TN_OCKHI_2017_001322,TN_OCKHI_2017,SAR_ONLY,PASS,none
TN_OCKHI_2017_001320,TN_OCKHI_2017,SAR_ONLY,PASS,none
TN_OCKHI_2017_017743,TN_OCKHI_2017,SAR_ONLY,PASS,none
TN_OCKHI_2017_017758,TN_OCKHI_2017,SAR_ONLY,PASS,none
TN_OCKHI_2017_033151,TN_OCKHI_2017,SAR_ONLY,PASS,none
TN_OCKHI_2017_033163,TN_OCKHI_2017,SAR_ONLY,PASS,none
TN_OCKHI_2017_045106,TN_OCKHI_2017,SAR_ONLY,PASS,none
TN_OCKHI_2017_045104,TN_OCKHI_2017,SAR_ONLY,PASS,none
TN_OCKHI_2017_060058,TN_OCKHI_2017,SAR_ONLY,PASS,none
TN_OCKHI_2017_060062,TN_OCKHI_2017,SAR_ONLY,PASS,none
TN_OCKHI_2017_001366,TN_OCKHI_2017,SAR_ONLY,PASS,none
TN_OCKHI_2017_001471,TN_OCKHI_2017,SAR_ONLY,PASS,none
TN_OCKHI_2017_017857,TN_OCKHI_2017,SAR_ONLY,PASS,none
TN_OCKHI_2017_018226,TN_OCKHI_2017,SAR_ONLY,PASS,none
TN_OCKHI_2017_036897,TN_OCKHI_2017,SAR_ONLY,PASS,none
TN_OCKHI_2017_033168,TN_OCKHI_2017,SAR_ONLY,PASS,none
TN_OCKHI_2017_046140,TN_OCKHI_2017,SAR_ONLY,PASS,none
TN_OCKHI_2017_045280,TN_OCKHI_2017,SAR_ONLY,PASS,none
TN_OCKHI_2017_060355,TN_OCKHI_2017,SAR_ONLY,PASS,none
TN_OCKHI_2017_061429,TN_OCKHI_2017,SAR_ONLY,PASS,none
TN_OCKHI_2017_003777,TN_OCKHI_2017,SAR_ONLY,PASS,none
TN_OCKHI_2017_020881,TN_OCKHI_2017,SAR_ONLY,PASS,none
TN_OCKHI_2017_021283,TN_OCKHI_2017,SAR_ONLY,PASS,none
TN_OCKHI_2017_036898,TN_OCKHI_2017,SAR_ONLY,PASS,none
TN_OCKHI_2017_036934,TN_OCKHI_2017,SAR_ONLY,PASS,none
TN_OCKHI_2017_046456,TN_OCKHI_2017,SAR_ONLY,PASS,none
TN_OCKHI_2017_046491,TN_OCKHI_2017,SAR_ONLY,PASS,none
TN_OCKHI_2017_061436,TN_OCKHI_2017,SAR_ONLY,PASS,none
TN_OCKHI_2017_061446,TN_OCKHI_2017,SAR_ONLY,PASS,none
TN_OCKHI_2017_008615,TN_OCKHI_2017,SAR_ONLY,PASS,none
TN_OCKHI_2017_047825,TN_OCKHI_2017,SAR_ONLY,PASS,none
TN_OCKHI_2017_047840,TN_OCKHI_2017,SAR_ONLY,PASS,none
TN_OCKHI_2017_065736,TN_OCKHI_2017,SAR_ONLY,PASS,none
TN_OCKHI_2017_065733,TN_OCKHI_2017,SAR_ONLY,PASS,none
TN_OCKHI_2017_027366,TN_OCKHI_2017,SAR_ONLY,PASS,none
TN_OCKHI_2017_040416,TN_OCKHI_2017,SAR_ONLY,PASS,none
TN_OCKHI_2017_049771,TN_OCKHI_2017,SAR_ONLY,PASS,none
TN_OCKHI_2017_069307,TN_OCKHI_2017,SAR_ONLY,PASS,none
TN_OCKHI_2017_069361,TN_OCKHI_2017,SAR_ONLY,PASS,none
TN_OCKHI_2017_050848,TN_OCKHI_2017,SAR_ONLY,PASS,none
TN_OCKHI_2017_071879,TN_OCKHI_2017,SAR_ONLY,PASS,none
TN_OCKHI_2017_071861,TN_OCKHI_2017,SAR_ONLY,PASS,none
TN_OCKHI_2017_000059,TN_OCKHI_2017,SAR_ONLY,PASS,none
TN_OCKHI_2017_008627,TN_OCKHI_2017,SAR_ONLY,PASS,none
TN_OCKHI_2017_008626,TN_OCKHI_2017,SAR_ONLY,PASS,none
TN_OCKHI_2017_027370,TN_OCKHI_2017,SAR_ONLY,PASS,none
TN_OCKHI_2017_040421,TN_OCKHI_2017,SAR_ONLY,PASS,none
TN_OCKHI_2017_040424,TN_OCKHI_2017,SAR_ONLY,PASS,none
TN_OCKHI_2017_040428,TN_OCKHI_2017,SAR_ONLY,PASS,none
TN_OCKHI_2017_051149,TN_OCKHI_2017,SAR_ONLY,PASS,none
TN_OCKHI_2017_051169,TN_OCKHI_2017,SAR_ONLY,PASS,none
TN_OCKHI_2017_000003,TN_OCKHI_2017,SAR_ONLY,PASS,none
TN_OCKHI_2017_008673,TN_OCKHI_2017,SAR_ONLY,PASS,none
TN_OCKHI_2017_011622,TN_OCKHI_2017,SAR_ONLY,PASS,none
TN_OCKHI_2017_027517,TN_OCKHI_2017,SAR_ONLY,PASS,none
TN_OCKHI_2017_027874,TN_OCKHI_2017,SAR_ONLY,PASS,none
TN_OCKHI_2017_040436,TN_OCKHI_2017,SAR_ONLY,PASS,none
TN_OCKHI_2017_040614,TN_OCKHI_2017,SAR_ONLY,PASS,none
TN_OCKHI_2017_051154,TN_OCKHI_2017,SAR_ONLY,PASS,none
TN_OCKHI_2017_051341,TN_OCKHI_2017,SAR_ONLY,PASS,none
TN_OCKHI_2017_000470,TN_OCKHI_2017,SAR_ONLY,PASS,none
TN_OCKHI_2017_011625,TN_OCKHI_2017,SAR_ONLY,PASS,none
TN_OCKHI_2017_011635,TN_OCKHI_2017,SAR_ONLY,PASS,none
TN_OCKHI_2017_027801,TN_OCKHI_2017,SAR_ONLY,PASS,none
TN_OCKHI_2017_027818,TN_OCKHI_2017,SAR_ONLY,PASS,none
TN_OCKHI_2017_041094,TN_OCKHI_2017,SAR_ONLY,PASS,none
TN_OCKHI_2017_041032,TN_OCKHI_2017,SAR_ONLY,PASS,none
TN_OCKHI_2017_055672,TN_OCKHI_2017,SAR_ONLY,PASS,none
TN_OCKHI_2017_055681,TN_OCKHI_2017,SAR_ONLY,PASS,none
TN_OCKHI_2017_000991,TN_OCKHI_2017,SAR_ONLY,PASS,none
TN_OCKHI_2017_000995,TN_OCKHI_2017,SAR_ONLY,PASS,none
TN_OCKHI_2017_014353,TN_OCKHI_2017,SAR_ONLY,PASS,none
TN_OCKHI_2017_014382,TN_OCKHI_2017,SAR_ONLY,PASS,none
TN_OCKHI_2017_030728,TN_OCKHI_2017,SAR_ONLY,PASS,none
TN_OCKHI_2017_030735,TN_OCKHI_2017,SAR_ONLY,PASS,none
TN_OCKHI_2017_044109,TN_OCKHI_2017,SAR_ONLY,PASS,none
TN_OCKHI_2017_044123,TN_OCKHI_2017,SAR_ONLY,PASS,none
TN_OCKHI_2017_057104,TN_OCKHI_2017,SAR_ONLY,PASS,none
TN_OCKHI_2017_057162,TN_OCKHI_2017,SAR_ONLY,PASS,none
TN_OCKHI_2017_001324,TN_OCKHI_2017,SAR_ONLY,PASS,none
TN_OCKHI_2017_001321,TN_OCKHI_2017,SAR_ONLY,PASS,none
TN_OCKHI_2017_017747,TN_OCKHI_2017,SAR_ONLY,PASS,none
TN_OCKHI_2017_017759,TN_OCKHI_2017,SAR_ONLY,PASS,none
TN_OCKHI_2017_033152,TN_OCKHI_2017,SAR_ONLY,PASS,none
TN_OCKHI_2017_033165,TN_OCKHI_2017,SAR_ONLY,PASS,none
TN_OCKHI_2017_045109,TN_OCKHI_2017,SAR_ONLY,PASS,none
TN_OCKHI_2017_045107,TN_OCKHI_2017,SAR_ONLY,PASS,none
TN_OCKHI_2017_060059,TN_OCKHI_2017,SAR_ONLY,PASS,none
TN_OCKHI_2017_060067,TN_OCKHI_2017,SAR_ONLY,PASS,none
TN_OCKHI_2017_001483,TN_OCKHI_2017,SAR_ONLY,PASS,none
TN_OCKHI_2017_001490,TN_OCKHI_2017,SAR_ONLY,PASS,none
TN_OCKHI_2017_017929,TN_OCKHI_2017,SAR_ONLY,PASS,none
TN_OCKHI_2017_018442,TN_OCKHI_2017,SAR_ONLY,PASS,none
TN_OCKHI_2017_036900,TN_OCKHI_2017,SAR_ONLY,PASS,none
TN_OCKHI_2017_033329,TN_OCKHI_2017,SAR_ONLY,PASS,none
TN_OCKHI_2017_046388,TN_OCKHI_2017,SAR_ONLY,PASS,none
TN_OCKHI_2017_045402,TN_OCKHI_2017,SAR_ONLY,PASS,none
TN_OCKHI_2017_060427,TN_OCKHI_2017,SAR_ONLY,PASS,none
TN_OCKHI_2017_061438,TN_OCKHI_2017,SAR_ONLY,PASS,none
TN_OCKHI_2017_003828,TN_OCKHI_2017,SAR_ONLY,PASS,none
TN_OCKHI_2017_020883,TN_OCKHI_2017,SAR_ONLY,PASS,none
TN_OCKHI_2017_021494,TN_OCKHI_2017,SAR_ONLY,PASS,none
TN_OCKHI_2017_036905,TN_OCKHI_2017,SAR_ONLY,PASS,none
TN_OCKHI_2017_037057,TN_OCKHI_2017,SAR_ONLY,PASS,none
TN_OCKHI_2017_046457,TN_OCKHI_2017,SAR_ONLY,PASS,none
TN_OCKHI_2017_046506,TN_OCKHI_2017,SAR_ONLY,PASS,none
TN_OCKHI_2017_061440,TN_OCKHI_2017,SAR_ONLY,PASS,none
TN_OCKHI_2017_061450,TN_OCKHI_2017,SAR_ONLY,PASS,none
TN_OCKHI_2017_008618,TN_OCKHI_2017,SAR_ONLY,PASS,none
TN_OCKHI_2017_047832,TN_OCKHI_2017,SAR_ONLY,PASS,none
TN_OCKHI_2017_047841,TN_OCKHI_2017,SAR_ONLY,PASS,none
TN_OCKHI_2017_065738,TN_OCKHI_2017,SAR_ONLY,PASS,none
TN_OCKHI_2017_065737,TN_OCKHI_2017,SAR_ONLY,PASS,none
TN_OCKHI_2017_049773,TN_OCKHI_2017,SAR_ONLY,PASS,none
TN_OCKHI_2017_069308,TN_OCKHI_2017,SAR_ONLY,PASS,none
TN_OCKHI_2017_069369,TN_OCKHI_2017,SAR_ONLY,PASS,none
TN_OCKHI_2017_050851,TN_OCKHI_2017,SAR_ONLY,PASS,none
TN_OCKHI_2017_071881,TN_OCKHI_2017,SAR_ONLY,PASS,none
TN_OCKHI_2017_071862,TN_OCKHI_2017,SAR_ONLY,PASS,none
TN_OCKHI_2017_000129,TN_OCKHI_2017,SAR_ONLY,PASS,none
TN_OCKHI_2017_008629,TN_OCKHI_2017,SAR_ONLY,PASS,none
TN_OCKHI_2017_008630,TN_OCKHI_2017,SAR_ONLY,PASS,none
TN_OCKHI_2017_027372,TN_OCKHI_2017,SAR_ONLY,PASS,none
TN_OCKHI_2017_040468,TN_OCKHI_2017,SAR_ONLY,PASS,none
TN_OCKHI_2017_040425,TN_OCKHI_2017,SAR_ONLY,PASS,none
TN_OCKHI_2017_040430,TN_OCKHI_2017,SAR_ONLY,PASS,none
TN_OCKHI_2017_051150,TN_OCKHI_2017,SAR_ONLY,PASS,none
TN_OCKHI_2017_051177,TN_OCKHI_2017,SAR_ONLY,PASS,none
TN_OCKHI_2017_000004,TN_OCKHI_2017,SAR_ONLY,PASS,none
TN_OCKHI_2017_008696,TN_OCKHI_2017,SAR_ONLY,PASS,none
TN_OCKHI_2017_011626,TN_OCKHI_2017,SAR_ONLY,PASS,none
TN_OCKHI_2017_027696,TN_OCKHI_2017,SAR_ONLY,PASS,none
TN_OCKHI_2017_027912,TN_OCKHI_2017,SAR_ONLY,PASS,none
TN_OCKHI_2017_040439,TN_OCKHI_2017,SAR_ONLY,PASS,none
TN_OCKHI_2017_040631,TN_OCKHI_2017,SAR_ONLY,PASS,none
TN_OCKHI_2017_051157,TN_OCKHI_2017,SAR_ONLY,PASS,none
TN_OCKHI_2017_051381,TN_OCKHI_2017,SAR_ONLY,PASS,none
TN_OCKHI_2017_000833,TN_OCKHI_2017,SAR_ONLY,PASS,none
TN_OCKHI_2017_011638,TN_OCKHI_2017,SAR_ONLY,PASS,none
TN_OCKHI_2017_011643,TN_OCKHI_2017,SAR_ONLY,PASS,none
TN_OCKHI_2017_027806,TN_OCKHI_2017,SAR_ONLY,PASS,none
TN_OCKHI_2017_027826,TN_OCKHI_2017,SAR_ONLY,PASS,none
TN_OCKHI_2017_041103,TN_OCKHI_2017,SAR_ONLY,PASS,none
TN_OCKHI_2017_041035,TN_OCKHI_2017,SAR_ONLY,PASS,none
TN_OCKHI_2017_055674,TN_OCKHI_2017,SAR_ONLY,PASS,none
TN_OCKHI_2017_055695,TN_OCKHI_2017,SAR_ONLY,PASS,none
TN_OCKHI_2017_000996,TN_OCKHI_2017,SAR_ONLY,PASS,none
TN_OCKHI_2017_000997,TN_OCKHI_2017,SAR_ONLY,PASS,none
TN_OCKHI_2017_014355,TN_OCKHI_2017,SAR_ONLY,PASS,none
TN_OCKHI_2017_014385,TN_OCKHI_2017,SAR_ONLY,PASS,none
TN_OCKHI_2017_030730,TN_OCKHI_2017,SAR_ONLY,PASS,none
TN_OCKHI_2017_030739,TN_OCKHI_2017,SAR_ONLY,PASS,none
TN_OCKHI_2017_044118,TN_OCKHI_2017,SAR_ONLY,PASS,none
TN_OCKHI_2017_044133,TN_OCKHI_2017,SAR_ONLY,PASS,none
TN_OCKHI_2017_057112,TN_OCKHI_2017,SAR_ONLY,PASS,none
TN_OCKHI_2017_057206,TN_OCKHI_2017,SAR_ONLY,PASS,none
TN_OCKHI_2017_001326,TN_OCKHI_2017,SAR_ONLY,PASS,none
TN_OCKHI_2017_001325,TN_OCKHI_2017,SAR_ONLY,PASS,none
TN_OCKHI_2017_017750,TN_OCKHI_2017,SAR_ONLY,PASS,none
TN_OCKHI_2017_017785,TN_OCKHI_2017,SAR_ONLY,PASS,none
TN_OCKHI_2017_033157,TN_OCKHI_2017,SAR_ONLY,PASS,none
TN_OCKHI_2017_033170,TN_OCKHI_2017,SAR_ONLY,PASS,none
TN_OCKHI_2017_045110,TN_OCKHI_2017,SAR_ONLY,PASS,none
TN_OCKHI_2017_045108,TN_OCKHI_2017,SAR_ONLY,PASS,none
TN_OCKHI_2017_060061,TN_OCKHI_2017,SAR_ONLY,PASS,none
TN_OCKHI_2017_060069,TN_OCKHI_2017,SAR_ONLY,PASS,none
TN_OCKHI_2017_001557,TN_OCKHI_2017,SAR_ONLY,PASS,none
TN_OCKHI_2017_001546,TN_OCKHI_2017,SAR_ONLY,PASS,none
TN_OCKHI_2017_018114,TN_OCKHI_2017,SAR_ONLY,PASS,none
TN_OCKHI_2017_018607,TN_OCKHI_2017,SAR_ONLY,PASS,none
TN_OCKHI_2017_036903,TN_OCKHI_2017,SAR_ONLY,PASS,none
TN_OCKHI_2017_033351,TN_OCKHI_2017,SAR_ONLY,PASS,none
TN_OCKHI_2017_046453,TN_OCKHI_2017,SAR_ONLY,PASS,none
TN_OCKHI_2017_045489,TN_OCKHI_2017,SAR_ONLY,PASS,none
TN_OCKHI_2017_060553,TN_OCKHI_2017,SAR_ONLY,PASS,none
TN_OCKHI_2017_061439,TN_OCKHI_2017,SAR_ONLY,PASS,none
TN_OCKHI_2017_003933,TN_OCKHI_2017,SAR_ONLY,PASS,none
TN_OCKHI_2017_020884,TN_OCKHI_2017,SAR_ONLY,PASS,none
TN_OCKHI_2017_021736,TN_OCKHI_2017,SAR_ONLY,PASS,none
TN_OCKHI_2017_036906,TN_OCKHI_2017,SAR_ONLY,PASS,none
TN_OCKHI_2017_037152,TN_OCKHI_2017,SAR_ONLY,PASS,none
TN_OCKHI_2017_046464,TN_OCKHI_2017,SAR_ONLY,PASS,none
TN_OCKHI_2017_046551,TN_OCKHI_2017,SAR_ONLY,PASS,none
TN_OCKHI_2017_061441,TN_OCKHI_2017,SAR_ONLY,PASS,none
TN_OCKHI_2017_061458,TN_OCKHI_2017,SAR_ONLY,PASS,none
TN_OCKHI_2017_047844,TN_OCKHI_2017,SAR_ONLY,PASS,none
TN_OCKHI_2017_047843,TN_OCKHI_2017,SAR_ONLY,PASS,none
TN_OCKHI_2017_065739,TN_OCKHI_2017,SAR_ONLY,PASS,none
TN_OCKHI_2017_065741,TN_OCKHI_2017,SAR_ONLY,PASS,none
TN_OCKHI_2017_049776,TN_OCKHI_2017,SAR_ONLY,PASS,none
TN_OCKHI_2017_069309,TN_OCKHI_2017,SAR_ONLY,PASS,none
TN_OCKHI_2017_069388,TN_OCKHI_2017,SAR_ONLY,PASS,none
TN_OCKHI_2017_050854,TN_OCKHI_2017,SAR_ONLY,PASS,none
TN_OCKHI_2017_071885,TN_OCKHI_2017,SAR_ONLY,PASS,none
TN_OCKHI_2017_071864,TN_OCKHI_2017,SAR_ONLY,PASS,none
TN_OCKHI_2017_000188,TN_OCKHI_2017,SAR_ONLY,PASS,none
TN_OCKHI_2017_008632,TN_OCKHI_2017,SAR_ONLY,PASS,none
TN_OCKHI_2017_008640,TN_OCKHI_2017,SAR_ONLY,PASS,none
TN_OCKHI_2017_027373,TN_OCKHI_2017,SAR_ONLY,PASS,none
TN_OCKHI_2017_040472,TN_OCKHI_2017,SAR_ONLY,PASS,none
TN_OCKHI_2017_040427,TN_OCKHI_2017,SAR_ONLY,PASS,none
TN_OCKHI_2017_040441,TN_OCKHI_2017,SAR_ONLY,PASS,none
TN_OCKHI_2017_051151,TN_OCKHI_2017,SAR_ONLY,PASS,none
TN_OCKHI_2017_051197,TN_OCKHI_2017,SAR_ONLY,PASS,none
TN_OCKHI_2017_000005,TN_OCKHI_2017,SAR_ONLY,PASS,none
TN_OCKHI_2017_008709,TN_OCKHI_2017,SAR_ONLY,PASS,none
TN_OCKHI_2017_011631,TN_OCKHI_2017,SAR_ONLY,PASS,none
TN_OCKHI_2017_027799,TN_OCKHI_2017,SAR_ONLY,PASS,none
TN_OCKHI_2017_027928,TN_OCKHI_2017,SAR_ONLY,PASS,none
TN_OCKHI_2017_040446,TN_OCKHI_2017,SAR_ONLY,PASS,none
TN_OCKHI_2017_040869,TN_OCKHI_2017,SAR_ONLY,PASS,none
TN_OCKHI_2017_051162,TN_OCKHI_2017,SAR_ONLY,PASS,none
TN_OCKHI_2017_051390,TN_OCKHI_2017,SAR_ONLY,PASS,none
TN_OCKHI_2017_000896,TN_OCKHI_2017,SAR_ONLY,PASS,none
TN_OCKHI_2017_011649,TN_OCKHI_2017,SAR_ONLY,PASS,none
TN_OCKHI_2017_011644,TN_OCKHI_2017,SAR_ONLY,PASS,none
TN_OCKHI_2017_027811,TN_OCKHI_2017,SAR_ONLY,PASS,none
TN_OCKHI_2017_027832,TN_OCKHI_2017,SAR_ONLY,PASS,none
TN_OCKHI_2017_041118,TN_OCKHI_2017,SAR_ONLY,PASS,none
TN_OCKHI_2017_041037,TN_OCKHI_2017,SAR_ONLY,PASS,none
TN_OCKHI_2017_055675,TN_OCKHI_2017,SAR_ONLY,PASS,none
TN_OCKHI_2017_055698,TN_OCKHI_2017,SAR_ONLY,PASS,none
TN_OCKHI_2017_001002,TN_OCKHI_2017,SAR_ONLY,PASS,none
TN_OCKHI_2017_000998,TN_OCKHI_2017,SAR_ONLY,PASS,none
TN_OCKHI_2017_014365,TN_OCKHI_2017,SAR_ONLY,PASS,none
TN_OCKHI_2017_014414,TN_OCKHI_2017,SAR_ONLY,PASS,none
TN_OCKHI_2017_030738,TN_OCKHI_2017,SAR_ONLY,PASS,none
TN_OCKHI_2017_030748,TN_OCKHI_2017,SAR_ONLY,PASS,none
TN_OCKHI_2017_044159,TN_OCKHI_2017,SAR_ONLY,PASS,none
TN_OCKHI_2017_044146,TN_OCKHI_2017,SAR_ONLY,PASS,none
TN_OCKHI_2017_057117,TN_OCKHI_2017,SAR_ONLY,PASS,none
TN_OCKHI_2017_057225,TN_OCKHI_2017,SAR_ONLY,PASS,none
TN_OCKHI_2017_001327,TN_OCKHI_2017,SAR_ONLY,PASS,none
TN_OCKHI_2017_001328,TN_OCKHI_2017,SAR_ONLY,PASS,none
TN_OCKHI_2017_017752,TN_OCKHI_2017,SAR_ONLY,PASS,none
TN_OCKHI_2017_017795,TN_OCKHI_2017,SAR_ONLY,PASS,none
TN_OCKHI_2017_033158,TN_OCKHI_2017,SAR_ONLY,PASS,none
TN_OCKHI_2017_033220,TN_OCKHI_2017,SAR_ONLY,PASS,none
TN_OCKHI_2017_045114,TN_OCKHI_2017,SAR_ONLY,PASS,none
TN_OCKHI_2017_045111,TN_OCKHI_2017,SAR_ONLY,PASS,none
TN_OCKHI_2017_060063,TN_OCKHI_2017,SAR_ONLY,PASS,none
TN_OCKHI_2017_060075,TN_OCKHI_2017,SAR_ONLY,PASS,none
TN_OCKHI_2017_001575,TN_OCKHI_2017,SAR_ONLY,PASS,none
TN_OCKHI_2017_001647,TN_OCKHI_2017,SAR_ONLY,PASS,none
TN_OCKHI_2017_019136,TN_OCKHI_2017,SAR_ONLY,PASS,none
TN_OCKHI_2017_018798,TN_OCKHI_2017,SAR_ONLY,PASS,none
TN_OCKHI_2017_036904,TN_OCKHI_2017,SAR_ONLY,PASS,none
TN_OCKHI_2017_033444,TN_OCKHI_2017,SAR_ONLY,PASS,none
TN_OCKHI_2017_046465,TN_OCKHI_2017,SAR_ONLY,PASS,none
TN_OCKHI_2017_045654,TN_OCKHI_2017,SAR_ONLY,PASS,none
TN_OCKHI_2017_060675,TN_OCKHI_2017,SAR_ONLY,PASS,none
TN_OCKHI_2017_061443,TN_OCKHI_2017,SAR_ONLY,PASS,none
TN_OCKHI_2017_003939,TN_OCKHI_2017,SAR_ONLY,PASS,none
TN_OCKHI_2017_020886,TN_OCKHI_2017,SAR_ONLY,PASS,none
TN_OCKHI_2017_021758,TN_OCKHI_2017,SAR_ONLY,PASS,none
TN_OCKHI_2017_036907,TN_OCKHI_2017,SAR_ONLY,PASS,none
TN_OCKHI_2017_037155,TN_OCKHI_2017,SAR_ONLY,PASS,none
TN_OCKHI_2017_046473,TN_OCKHI_2017,SAR_ONLY,PASS,none
TN_OCKHI_2017_046575,TN_OCKHI_2017,SAR_ONLY,PASS,none
TN_OCKHI_2017_061442,TN_OCKHI_2017,SAR_ONLY,PASS,none
TN_OCKHI_2017_061468,TN_OCKHI_2017,SAR_ONLY,PASS,none
TN_OCKHI_2017_047845,TN_OCKHI_2017,SAR_ONLY,PASS,none
TN_OCKHI_2017_047849,TN_OCKHI_2017,SAR_ONLY,PASS,none
TN_OCKHI_2017_065743,TN_OCKHI_2017,SAR_ONLY,PASS,none
TN_OCKHI_2017_065753,TN_OCKHI_2017,SAR_ONLY,PASS,none
TN_OCKHI_2017_049780,TN_OCKHI_2017,SAR_ONLY,PASS,none
TN_OCKHI_2017_069311,TN_OCKHI_2017,SAR_ONLY,PASS,none
TN_OCKHI_2017_069390,TN_OCKHI_2017,SAR_ONLY,PASS,none
TN_OCKHI_2017_050856,TN_OCKHI_2017,SAR_ONLY,PASS,none
TN_OCKHI_2017_071889,TN_OCKHI_2017,SAR_ONLY,PASS,none
TN_OCKHI_2017_071866,TN_OCKHI_2017,SAR_ONLY,PASS,none
TN_OCKHI_2017_008621,TN_OCKHI_2017,SAR_ONLY,PASS,none
TN_OCKHI_2017_008633,TN_OCKHI_2017,SAR_ONLY,PASS,none
TN_OCKHI_2017_008641,TN_OCKHI_2017,SAR_ONLY,PASS,none
TN_OCKHI_2017_027375,TN_OCKHI_2017,SAR_ONLY,PASS,none
TN_OCKHI_2017_040497,TN_OCKHI_2017,SAR_ONLY,PASS,none
TN_OCKHI_2017_040438,TN_OCKHI_2017,SAR_ONLY,PASS,none
TN_OCKHI_2017_040442,TN_OCKHI_2017,SAR_ONLY,PASS,none
TN_OCKHI_2017_051152,TN_OCKHI_2017,SAR_ONLY,PASS,none
TN_OCKHI_2017_051198,TN_OCKHI_2017,SAR_ONLY,PASS,none
TN_OCKHI_2017_000006,TN_OCKHI_2017,SAR_ONLY,PASS,none
TN_OCKHI_2017_008728,TN_OCKHI_2017,SAR_ONLY,PASS,none
TN_OCKHI_2017_011642,TN_OCKHI_2017,SAR_ONLY,PASS,none
TN_OCKHI_2017_027800,TN_OCKHI_2017,SAR_ONLY,PASS,none
TN_OCKHI_2017_027948,TN_OCKHI_2017,SAR_ONLY,PASS,none
TN_OCKHI_2017_040448,TN_OCKHI_2017,SAR_ONLY,PASS,none
TN_OCKHI_2017_041021,TN_OCKHI_2017,SAR_ONLY,PASS,none
TN_OCKHI_2017_051172,TN_OCKHI_2017,SAR_ONLY,PASS,none
TN_OCKHI_2017_051687,TN_OCKHI_2017,SAR_ONLY,PASS,none
TN_OCKHI_2017_000968,TN_OCKHI_2017,SAR_ONLY,PASS,none
TN_OCKHI_2017_011651,TN_OCKHI_2017,SAR_ONLY,PASS,none
TN_OCKHI_2017_011646,TN_OCKHI_2017,SAR_ONLY,PASS,none
TN_OCKHI_2017_027812,TN_OCKHI_2017,SAR_ONLY,PASS,none
TN_OCKHI_2017_027848,TN_OCKHI_2017,SAR_ONLY,PASS,none
TN_OCKHI_2017_041145,TN_OCKHI_2017,SAR_ONLY,PASS,none
TN_OCKHI_2017_041039,TN_OCKHI_2017,SAR_ONLY,PASS,none
TN_OCKHI_2017_055677,TN_OCKHI_2017,SAR_ONLY,PASS,none
TN_OCKHI_2017_055706,TN_OCKHI_2017,SAR_ONLY,PASS,none
TN_OCKHI_2017_001009,TN_OCKHI_2017,SAR_ONLY,PASS,none
TN_OCKHI_2017_001000,TN_OCKHI_2017,SAR_ONLY,PASS,none
TN_OCKHI_2017_014366,TN_OCKHI_2017,SAR_ONLY,PASS,none
TN_OCKHI_2017_014420,TN_OCKHI_2017,SAR_ONLY,PASS,none
TN_OCKHI_2017_030742,TN_OCKHI_2017,SAR_ONLY,PASS,none
TN_OCKHI_2017_030756,TN_OCKHI_2017,SAR_ONLY,PASS,none
TN_OCKHI_2017_044169,TN_OCKHI_2017,SAR_ONLY,PASS,none
TN_OCKHI_2017_044191,TN_OCKHI_2017,SAR_ONLY,PASS,none
TN_OCKHI_2017_057123,TN_OCKHI_2017,SAR_ONLY,PASS,none
TN_OCKHI_2017_057330,TN_OCKHI_2017,SAR_ONLY,PASS,none
TN_OCKHI_2017_001329,TN_OCKHI_2017,SAR_ONLY,PASS,none
TN_OCKHI_2017_001333,TN_OCKHI_2017,SAR_ONLY,PASS,none
TN_OCKHI_2017_017756,TN_OCKHI_2017,SAR_ONLY,PASS,none
TN_OCKHI_2017_017799,TN_OCKHI_2017,SAR_ONLY,PASS,none
TN_OCKHI_2017_033159,TN_OCKHI_2017,SAR_ONLY,PASS,none
TN_OCKHI_2017_033229,TN_OCKHI_2017,SAR_ONLY,PASS,none
TN_OCKHI_2017_045122,TN_OCKHI_2017,SAR_ONLY,PASS,none
TN_OCKHI_2017_045112,TN_OCKHI_2017,SAR_ONLY,PASS,none
TN_OCKHI_2017_060064,TN_OCKHI_2017,SAR_ONLY,PASS,none
TN_OCKHI_2017_060080,TN_OCKHI_2017,SAR_ONLY,PASS,none
TN_OCKHI_2017_001633,TN_OCKHI_2017,SAR_ONLY,PASS,none
TN_OCKHI_2017_001792,TN_OCKHI_2017,SAR_ONLY,PASS,none
TN_OCKHI_2017_019205,TN_OCKHI_2017,SAR_ONLY,PASS,none
TN_OCKHI_2017_018809,TN_OCKHI_2017,SAR_ONLY,PASS,none
TN_OCKHI_2017_036919,TN_OCKHI_2017,SAR_ONLY,PASS,none
TN_OCKHI_2017_033521,TN_OCKHI_2017,SAR_ONLY,PASS,none
TN_OCKHI_2017_046507,TN_OCKHI_2017,SAR_ONLY,PASS,none
TN_OCKHI_2017_045767,TN_OCKHI_2017,SAR_ONLY,PASS,none
TN_OCKHI_2017_060898,TN_OCKHI_2017,SAR_ONLY,PASS,none
TN_OCKHI_2017_061451,TN_OCKHI_2017,SAR_ONLY,PASS,none
TN_OCKHI_2017_003963,TN_OCKHI_2017,SAR_ONLY,PASS,none
TN_OCKHI_2017_020887,TN_OCKHI_2017,SAR_ONLY,PASS,none
TN_OCKHI_2017_021993,TN_OCKHI_2017,SAR_ONLY,PASS,none
TN_OCKHI_2017_036909,TN_OCKHI_2017,SAR_ONLY,PASS,none
TN_OCKHI_2017_037213,TN_OCKHI_2017,SAR_ONLY,PASS,none
TN_OCKHI_2017_046477,TN_OCKHI_2017,SAR_ONLY,PASS,none
TN_OCKHI_2017_046618,TN_OCKHI_2017,SAR_ONLY,PASS,none
TN_OCKHI_2017_061448,TN_OCKHI_2017,SAR_ONLY,PASS,none
TN_OCKHI_2017_061475,TN_OCKHI_2017,SAR_ONLY,PASS,none
TN_OCKHI_2017_047855,TN_OCKHI_2017,SAR_ONLY,PASS,none
TN_OCKHI_2017_047863,TN_OCKHI_2017,SAR_ONLY,PASS,none
TN_OCKHI_2017_065746,TN_OCKHI_2017,SAR_ONLY,PASS,none
TN_OCKHI_2017_065757,TN_OCKHI_2017,SAR_ONLY,PASS,none
TN_OCKHI_2017_049781,TN_OCKHI_2017,SAR_ONLY,PASS,none
TN_OCKHI_2017_069312,TN_OCKHI_2017,SAR_ONLY,PASS,none
TN_OCKHI_2017_069395,TN_OCKHI_2017,SAR_ONLY,PASS,none
TN_OCKHI_2017_050862,TN_OCKHI_2017,SAR_ONLY,PASS,none
TN_OCKHI_2017_071890,TN_OCKHI_2017,SAR_ONLY,PASS,none
TN_OCKHI_2017_071870,TN_OCKHI_2017,SAR_ONLY,PASS,none
TN_OCKHI_2017_008636,TN_OCKHI_2017,SAR_ONLY,PASS,none
TN_OCKHI_2017_008635,TN_OCKHI_2017,SAR_ONLY,PASS,none
TN_OCKHI_2017_008650,TN_OCKHI_2017,SAR_ONLY,PASS,none
TN_OCKHI_2017_027377,TN_OCKHI_2017,SAR_ONLY,PASS,none
TN_OCKHI_2017_040526,TN_OCKHI_2017,SAR_ONLY,PASS,none
TN_OCKHI_2017_040445,TN_OCKHI_2017,SAR_ONLY,PASS,none
TN_OCKHI_2017_040452,TN_OCKHI_2017,SAR_ONLY,PASS,none
TN_OCKHI_2017_051155,TN_OCKHI_2017,SAR_ONLY,PASS,none
TN_OCKHI_2017_051201,TN_OCKHI_2017,SAR_ONLY,PASS,none
TN_OCKHI_2017_000007,TN_OCKHI_2017,SAR_ONLY,PASS,none
TN_OCKHI_2017_008759,TN_OCKHI_2017,SAR_ONLY,PASS,none
TN_OCKHI_2017_011648,TN_OCKHI_2017,SAR_ONLY,PASS,none
TN_OCKHI_2017_027803,TN_OCKHI_2017,SAR_ONLY,PASS,none
TN_OCKHI_2017_027958,TN_OCKHI_2017,SAR_ONLY,PASS,none
TN_OCKHI_2017_040458,TN_OCKHI_2017,SAR_ONLY,PASS,none
TN_OCKHI_2017_041026,TN_OCKHI_2017,SAR_ONLY,PASS,none
TN_OCKHI_2017_051184,TN_OCKHI_2017,SAR_ONLY,PASS,none
TN_OCKHI_2017_051715,TN_OCKHI_2017,SAR_ONLY,PASS,none
TN_OCKHI_2017_000990,TN_OCKHI_2017,SAR_ONLY,PASS,none
TN_OCKHI_2017_011661,TN_OCKHI_2017,SAR_ONLY,PASS,none
TN_OCKHI_2017_011647,TN_OCKHI_2017,SAR_ONLY,PASS,none
TN_OCKHI_2017_027813,TN_OCKHI_2017,SAR_ONLY,PASS,none
TN_OCKHI_2017_027862,TN_OCKHI_2017,SAR_ONLY,PASS,none
TN_OCKHI_2017_041147,TN_OCKHI_2017,SAR_ONLY,PASS,none
TN_OCKHI_2017_041041,TN_OCKHI_2017,SAR_ONLY,PASS,none
TN_OCKHI_2017_055679,TN_OCKHI_2017,SAR_ONLY,PASS,none
TN_OCKHI_2017_055713,TN_OCKHI_2017,SAR_ONLY,PASS,none
TN_OCKHI_2017_001010,TN_OCKHI_2017,SAR_ONLY,PASS,none
TN_OCKHI_2017_001001,TN_OCKHI_2017,SAR_ONLY,PASS,none
TN_OCKHI_2017_014368,TN_OCKHI_2017,SAR_ONLY,PASS,none
TN_OCKHI_2017_014426,TN_OCKHI_2017,SAR_ONLY,PASS,none
TN_OCKHI_2017_030746,TN_OCKHI_2017,SAR_ONLY,PASS,none
TN_OCKHI_2017_030757,TN_OCKHI_2017,SAR_ONLY,PASS,none
TN_OCKHI_2017_044242,TN_OCKHI_2017,SAR_ONLY,PASS,none
TN_OCKHI_2017_044215,TN_OCKHI_2017,SAR_ONLY,PASS,none
TN_OCKHI_2017_057133,TN_OCKHI_2017,SAR_ONLY,PASS,none
TN_OCKHI_2017_057346,TN_OCKHI_2017,SAR_ONLY,PASS,none
TN_OCKHI_2017_001330,TN_OCKHI_2017,SAR_ONLY,PASS,none
TN_OCKHI_2017_001340,TN_OCKHI_2017,SAR_ONLY,PASS,none
TN_OCKHI_2017_017757,TN_OCKHI_2017,SAR_ONLY,PASS,none
TN_OCKHI_2017_017803,TN_OCKHI_2017,SAR_ONLY,PASS,none
TN_OCKHI_2017_033164,TN_OCKHI_2017,SAR_ONLY,PASS,none
TN_OCKHI_2017_033233,TN_OCKHI_2017,SAR_ONLY,PASS,none
TN_OCKHI_2017_045126,TN_OCKHI_2017,SAR_ONLY,PASS,none
TN_OCKHI_2017_045113,TN_OCKHI_2017,SAR_ONLY,PASS,none
TN_OCKHI_2017_060065,TN_OCKHI_2017,SAR_ONLY,PASS,none
TN_OCKHI_2017_060096,TN_OCKHI_2017,SAR_ONLY,PASS,none
TN_OCKHI_2017_001723,TN_OCKHI_2017,SAR_ONLY,PASS,none
TN_OCKHI_2017_002210,TN_OCKHI_2017,SAR_ONLY,PASS,none
TN_OCKHI_2017_019556,TN_OCKHI_2017,SAR_ONLY,PASS,none
TN_OCKHI_2017_019037,TN_OCKHI_2017,SAR_ONLY,PASS,none
TN_OCKHI_2017_036921,TN_OCKHI_2017,SAR_ONLY,PASS,none
TN_OCKHI_2017_033542,TN_OCKHI_2017,SAR_ONLY,PASS,none
TN_OCKHI_2017_046514,TN_OCKHI_2017,SAR_ONLY,PASS,none
TN_OCKHI_2017_045791,TN_OCKHI_2017,SAR_ONLY,PASS,none
TN_OCKHI_2017_061130,TN_OCKHI_2017,SAR_ONLY,PASS,none
TN_OCKHI_2017_061459,TN_OCKHI_2017,SAR_ONLY,PASS,none
TN_OCKHI_2017_003975,TN_OCKHI_2017,SAR_ONLY,PASS,none
TN_OCKHI_2017_020888,TN_OCKHI_2017,SAR_ONLY,PASS,none
TN_OCKHI_2017_022140,TN_OCKHI_2017,SAR_ONLY,PASS,none
TN_OCKHI_2017_036914,TN_OCKHI_2017,SAR_ONLY,PASS,none
TN_OCKHI_2017_037236,TN_OCKHI_2017,SAR_ONLY,PASS,none
TN_OCKHI_2017_046481,TN_OCKHI_2017,SAR_ONLY,PASS,none
TN_OCKHI_2017_046644,TN_OCKHI_2017,SAR_ONLY,PASS,none
TN_OCKHI_2017_061449,TN_OCKHI_2017,SAR_ONLY,PASS,none
TN_OCKHI_2017_061477,TN_OCKHI_2017,SAR_ONLY,PASS,none
TN_OCKHI_2017_047858,TN_OCKHI_2017,SAR_ONLY,PASS,none
TN_OCKHI_2017_047867,TN_OCKHI_2017,SAR_ONLY,PASS,none
TN_OCKHI_2017_065747,TN_OCKHI_2017,SAR_ONLY,PASS,none
TN_OCKHI_2017_065760,TN_OCKHI_2017,SAR_ONLY,PASS,none
TN_OCKHI_2017_049782,TN_OCKHI_2017,SAR_ONLY,PASS,none
TN_OCKHI_2017_069315,TN_OCKHI_2017,SAR_ONLY,PASS,none
TN_OCKHI_2017_069425,TN_OCKHI_2017,SAR_ONLY,PASS,none
TN_OCKHI_2017_050864,TN_OCKHI_2017,SAR_ONLY,PASS,none
TN_OCKHI_2017_071896,TN_OCKHI_2017,SAR_ONLY,PASS,none
TN_OCKHI_2017_071871,TN_OCKHI_2017,SAR_ONLY,PASS,none
TN_OCKHI_2017_008642,TN_OCKHI_2017,SAR_ONLY,PASS,none
TN_OCKHI_2017_008637,TN_OCKHI_2017,SAR_ONLY,PASS,none
TN_OCKHI_2017_008651,TN_OCKHI_2017,SAR_ONLY,PASS,none
TN_OCKHI_2017_027378,TN_OCKHI_2017,SAR_ONLY,PASS,none
TN_OCKHI_2017_040536,TN_OCKHI_2017,SAR_ONLY,PASS,none
TN_OCKHI_2017_040447,TN_OCKHI_2017,SAR_ONLY,PASS,none
TN_OCKHI_2017_040456,TN_OCKHI_2017,SAR_ONLY,PASS,none
TN_OCKHI_2017_051156,TN_OCKHI_2017,SAR_ONLY,PASS,none
TN_OCKHI_2017_051202,TN_OCKHI_2017,SAR_ONLY,PASS,none
TN_OCKHI_2017_000008,TN_OCKHI_2017,SAR_ONLY,PASS,none
TN_OCKHI_2017_008783,TN_OCKHI_2017,SAR_ONLY,PASS,none
TN_OCKHI_2017_011663,TN_OCKHI_2017,SAR_ONLY,PASS,none
TN_OCKHI_2017_027805,TN_OCKHI_2017,SAR_ONLY,PASS,none
TN_OCKHI_2017_027965,TN_OCKHI_2017,SAR_ONLY,PASS,none
TN_OCKHI_2017_040463,TN_OCKHI_2017,SAR_ONLY,PASS,none
TN_OCKHI_2017_041033,TN_OCKHI_2017,SAR_ONLY,PASS,none
TN_OCKHI_2017_051186,TN_OCKHI_2017,SAR_ONLY,PASS,none
TN_OCKHI_2017_051716,TN_OCKHI_2017,SAR_ONLY,PASS,none
TN_OCKHI_2017_000992,TN_OCKHI_2017,SAR_ONLY,PASS,none
TN_OCKHI_2017_011666,TN_OCKHI_2017,SAR_ONLY,PASS,none
TN_OCKHI_2017_011652,TN_OCKHI_2017,SAR_ONLY,PASS,none
TN_OCKHI_2017_027817,TN_OCKHI_2017,SAR_ONLY,PASS,none
TN_OCKHI_2017_027878,TN_OCKHI_2017,SAR_ONLY,PASS,none
TN_OCKHI_2017_041157,TN_OCKHI_2017,SAR_ONLY,PASS,none
TN_OCKHI_2017_041042,TN_OCKHI_2017,SAR_ONLY,PASS,none
TN_OCKHI_2017_055682,TN_OCKHI_2017,SAR_ONLY,PASS,none
TN_OCKHI_2017_055718,TN_OCKHI_2017,SAR_ONLY,PASS,none
TN_OCKHI_2017_001011,TN_OCKHI_2017,SAR_ONLY,PASS,none
TN_OCKHI_2017_001003,TN_OCKHI_2017,SAR_ONLY,PASS,none
TN_OCKHI_2017_014371,TN_OCKHI_2017,SAR_ONLY,PASS,none
TN_OCKHI_2017_014442,TN_OCKHI_2017,SAR_ONLY,PASS,none
TN_OCKHI_2017_030752,TN_OCKHI_2017,SAR_ONLY,PASS,none
TN_OCKHI_2017_030761,TN_OCKHI_2017,SAR_ONLY,PASS,none
TN_OCKHI_2017_044296,TN_OCKHI_2017,SAR_ONLY,PASS,none
TN_OCKHI_2017_044243,TN_OCKHI_2017,SAR_ONLY,PASS,none
TN_OCKHI_2017_057136,TN_OCKHI_2017,SAR_ONLY,PASS,none
TN_OCKHI_2017_057386,TN_OCKHI_2017,SAR_ONLY,PASS,none
TN_OCKHI_2017_001331,TN_OCKHI_2017,SAR_ONLY,PASS,none
TN_OCKHI_2017_001355,TN_OCKHI_2017,SAR_ONLY,PASS,none
TN_OCKHI_2017_017760,TN_OCKHI_2017,SAR_ONLY,PASS,none
TN_OCKHI_2017_017808,TN_OCKHI_2017,SAR_ONLY,PASS,none
TN_OCKHI_2017_033167,TN_OCKHI_2017,SAR_ONLY,PASS,none
TN_OCKHI_2017_033236,TN_OCKHI_2017,SAR_ONLY,PASS,none
TN_OCKHI_2017_045131,TN_OCKHI_2017,SAR_ONLY,PASS,none
TN_OCKHI_2017_045115,TN_OCKHI_2017,SAR_ONLY,PASS,none
TN_OCKHI_2017_060066,TN_OCKHI_2017,SAR_ONLY,PASS,none
TN_OCKHI_2017_060098,TN_OCKHI_2017,SAR_ONLY,PASS,none
TN_OCKHI_2017_001762,TN_OCKHI_2017,SAR_ONLY,PASS,none
TN_OCKHI_2017_002281,TN_OCKHI_2017,SAR_ONLY,PASS,none
TN_OCKHI_2017_019793,TN_OCKHI_2017,SAR_ONLY,PASS,none
TN_OCKHI_2017_019327,TN_OCKHI_2017,SAR_ONLY,PASS,none
TN_OCKHI_2017_036922,TN_OCKHI_2017,SAR_ONLY,PASS,none
TN_OCKHI_2017_033576,TN_OCKHI_2017,SAR_ONLY,PASS,none
TN_OCKHI_2017_046515,TN_OCKHI_2017,SAR_ONLY,PASS,none
TN_OCKHI_2017_045823,TN_OCKHI_2017,SAR_ONLY,PASS,none
TN_OCKHI_2017_061354,TN_OCKHI_2017,SAR_ONLY,PASS,none
TN_OCKHI_2017_061464,TN_OCKHI_2017,SAR_ONLY,PASS,none
TN_OCKHI_2017_004006,TN_OCKHI_2017,SAR_ONLY,PASS,none
TN_OCKHI_2017_020912,TN_OCKHI_2017,SAR_ONLY,PASS,none
TN_OCKHI_2017_022147,TN_OCKHI_2017,SAR_ONLY,PASS,none
TN_OCKHI_2017_036928,TN_OCKHI_2017,SAR_ONLY,PASS,none
TN_OCKHI_2017_037248,TN_OCKHI_2017,SAR_ONLY,PASS,none
TN_OCKHI_2017_046485,TN_OCKHI_2017,SAR_ONLY,PASS,none
TN_OCKHI_2017_046720,TN_OCKHI_2017,SAR_ONLY,PASS,none
TN_OCKHI_2017_061452,TN_OCKHI_2017,SAR_ONLY,PASS,none
TN_OCKHI_2017_061478,TN_OCKHI_2017,SAR_ONLY,PASS,none
TN_OCKHI_2017_047870,TN_OCKHI_2017,SAR_ONLY,PASS,none
TN_OCKHI_2017_047869,TN_OCKHI_2017,SAR_ONLY,PASS,none
TN_OCKHI_2017_065750,TN_OCKHI_2017,SAR_ONLY,PASS,none
TN_OCKHI_2017_065765,TN_OCKHI_2017,SAR_ONLY,PASS,none
TN_OCKHI_2017_049788,TN_OCKHI_2017,SAR_ONLY,PASS,none
TN_OCKHI_2017_069317,TN_OCKHI_2017,SAR_ONLY,PASS,none
TN_OCKHI_2017_069439,TN_OCKHI_2017,SAR_ONLY,PASS,none
TN_OCKHI_2017_050866,TN_OCKHI_2017,SAR_ONLY,PASS,none
TN_OCKHI_2017_071902,TN_OCKHI_2017,SAR_ONLY,PASS,none
TN_OCKHI_2017_071873,TN_OCKHI_2017,SAR_ONLY,PASS,none
TN_OCKHI_2017_008654,TN_OCKHI_2017,SAR_ONLY,PASS,none
TN_OCKHI_2017_008638,TN_OCKHI_2017,SAR_ONLY,PASS,none
TN_OCKHI_2017_008652,TN_OCKHI_2017,SAR_ONLY,PASS,none
TN_OCKHI_2017_027379,TN_OCKHI_2017,SAR_ONLY,PASS,none
TN_OCKHI_2017_040546,TN_OCKHI_2017,SAR_ONLY,PASS,none
TN_OCKHI_2017_040450,TN_OCKHI_2017,SAR_ONLY,PASS,none
TN_OCKHI_2017_040459,TN_OCKHI_2017,SAR_ONLY,PASS,none
TN_OCKHI_2017_051158,TN_OCKHI_2017,SAR_ONLY,PASS,none
TN_OCKHI_2017_051210,TN_OCKHI_2017,SAR_ONLY,PASS,none
TN_OCKHI_2017_000009,TN_OCKHI_2017,SAR_ONLY,PASS,none
TN_OCKHI_2017_008821,TN_OCKHI_2017,SAR_ONLY,PASS,none
TN_OCKHI_2017_011664,TN_OCKHI_2017,SAR_ONLY,PASS,none
TN_OCKHI_2017_027808,TN_OCKHI_2017,SAR_ONLY,PASS,none
TN_OCKHI_2017_027978,TN_OCKHI_2017,SAR_ONLY,PASS,none
TN_OCKHI_2017_040478,TN_OCKHI_2017,SAR_ONLY,PASS,none
TN_OCKHI_2017_041034,TN_OCKHI_2017,SAR_ONLY,PASS,none
TN_OCKHI_2017_051189,TN_OCKHI_2017,SAR_ONLY,PASS,none
TN_OCKHI_2017_051733,TN_OCKHI_2017,SAR_ONLY,PASS,none
TN_OCKHI_2017_000999,TN_OCKHI_2017,SAR_ONLY,PASS,none
TN_OCKHI_2017_011671,TN_OCKHI_2017,SAR_ONLY,PASS,none
TN_OCKHI_2017_011656,TN_OCKHI_2017,SAR_ONLY,PASS,none
TN_OCKHI_2017_027828,TN_OCKHI_2017,SAR_ONLY,PASS,none
TN_OCKHI_2017_027892,TN_OCKHI_2017,SAR_ONLY,PASS,none
TN_OCKHI_2017_041161,TN_OCKHI_2017,SAR_ONLY,PASS,none
TN_OCKHI_2017_041045,TN_OCKHI_2017,SAR_ONLY,PASS,none
TN_OCKHI_2017_055683,TN_OCKHI_2017,SAR_ONLY,PASS,none
TN_OCKHI_2017_055726,TN_OCKHI_2017,SAR_ONLY,PASS,none
TN_OCKHI_2017_001012,TN_OCKHI_2017,SAR_ONLY,PASS,none
TN_OCKHI_2017_001004,TN_OCKHI_2017,SAR_ONLY,PASS,none
TN_OCKHI_2017_014372,TN_OCKHI_2017,SAR_ONLY,PASS,none
TN_OCKHI_2017_014447,TN_OCKHI_2017,SAR_ONLY,PASS,none
TN_OCKHI_2017_030762,TN_OCKHI_2017,SAR_ONLY,PASS,none
TN_OCKHI_2017_030763,TN_OCKHI_2017,SAR_ONLY,PASS,none
TN_OCKHI_2017_044311,TN_OCKHI_2017,SAR_ONLY,PASS,none
TN_OCKHI_2017_044255,TN_OCKHI_2017,SAR_ONLY,PASS,none
TN_OCKHI_2017_057138,TN_OCKHI_2017,SAR_ONLY,PASS,none
TN_OCKHI_2017_057582,TN_OCKHI_2017,SAR_ONLY,PASS,none
TN_OCKHI_2017_001332,TN_OCKHI_2017,SAR_ONLY,PASS,none
TN_OCKHI_2017_001357,TN_OCKHI_2017,SAR_ONLY,PASS,none
TN_OCKHI_2017_017764,TN_OCKHI_2017,SAR_ONLY,PASS,none
TN_OCKHI_2017_017809,TN_OCKHI_2017,SAR_ONLY,PASS,none
TN_OCKHI_2017_033169,TN_OCKHI_2017,SAR_ONLY,PASS,none
TN_OCKHI_2017_033258,TN_OCKHI_2017,SAR_ONLY,PASS,none
TN_OCKHI_2017_045135,TN_OCKHI_2017,SAR_ONLY,PASS,none
TN_OCKHI_2017_045116,TN_OCKHI_2017,SAR_ONLY,PASS,none
TN_OCKHI_2017_060070,TN_OCKHI_2017,SAR_ONLY,PASS,none
TN_OCKHI_2017_060117,TN_OCKHI_2017,SAR_ONLY,PASS,none
TN_OCKHI_2017_001910,TN_OCKHI_2017,SAR_ONLY,PASS,none
TN_OCKHI_2017_002392,TN_OCKHI_2017,SAR_ONLY,PASS,none
TN_OCKHI_2017_020024,TN_OCKHI_2017,SAR_ONLY,PASS,none
TN_OCKHI_2017_019360,TN_OCKHI_2017,SAR_ONLY,PASS,none
TN_OCKHI_2017_036924,TN_OCKHI_2017,SAR_ONLY,PASS,none
TN_OCKHI_2017_033579,TN_OCKHI_2017,SAR_ONLY,PASS,none
TN_OCKHI_2017_046526,TN_OCKHI_2017,SAR_ONLY,PASS,none
TN_OCKHI_2017_045883,TN_OCKHI_2017,SAR_ONLY,PASS,none
TN_OCKHI_2017_061404,TN_OCKHI_2017,SAR_ONLY,PASS,none
TN_OCKHI_2017_061481,TN_OCKHI_2017,SAR_ONLY,PASS,none
TN_OCKHI_2017_004100,TN_OCKHI_2017,SAR_ONLY,PASS,none
TN_OCKHI_2017_020917,TN_OCKHI_2017,SAR_ONLY,PASS,none
TN_OCKHI_2017_022276,TN_OCKHI_2017,SAR_ONLY,PASS,none
TN_OCKHI_2017_036929,TN_OCKHI_2017,SAR_ONLY,PASS,none
TN_OCKHI_2017_037289,TN_OCKHI_2017,SAR_ONLY,PASS,none
TN_OCKHI_2017_046490,TN_OCKHI_2017,SAR_ONLY,PASS,none
TN_OCKHI_2017_046754,TN_OCKHI_2017,SAR_ONLY,PASS,none
TN_OCKHI_2017_061462,TN_OCKHI_2017,SAR_ONLY,PASS,none
TN_OCKHI_2017_061488,TN_OCKHI_2017,SAR_ONLY,PASS,none
TN_OCKHI_2017_047884,TN_OCKHI_2017,SAR_ONLY,PASS,none
TN_OCKHI_2017_047895,TN_OCKHI_2017,SAR_ONLY,PASS,none
TN_OCKHI_2017_065762,TN_OCKHI_2017,SAR_ONLY,PASS,none
TN_OCKHI_2017_065767,TN_OCKHI_2017,SAR_ONLY,PASS,none
TN_OCKHI_2017_049791,TN_OCKHI_2017,SAR_ONLY,PASS,none
TN_OCKHI_2017_069318,TN_OCKHI_2017,SAR_ONLY,PASS,none
TN_OCKHI_2017_069452,TN_OCKHI_2017,SAR_ONLY,PASS,none
TN_OCKHI_2017_050868,TN_OCKHI_2017,SAR_ONLY,PASS,none
TN_OCKHI_2017_071926,TN_OCKHI_2017,SAR_ONLY,PASS,none
TN_OCKHI_2017_071874,TN_OCKHI_2017,SAR_ONLY,PASS,none
TN_OCKHI_2017_008659,TN_OCKHI_2017,SAR_ONLY,PASS,none
TN_OCKHI_2017_008639,TN_OCKHI_2017,SAR_ONLY,PASS,none
TN_OCKHI_2017_008658,TN_OCKHI_2017,SAR_ONLY,PASS,none
TN_OCKHI_2017_027381,TN_OCKHI_2017,SAR_ONLY,PASS,none
TN_OCKHI_2017_040581,TN_OCKHI_2017,SAR_ONLY,PASS,none
TN_OCKHI_2017_040453,TN_OCKHI_2017,SAR_ONLY,PASS,none
TN_OCKHI_2017_040461,TN_OCKHI_2017,SAR_ONLY,PASS,none
TN_OCKHI_2017_051159,TN_OCKHI_2017,SAR_ONLY,PASS,none
TN_OCKHI_2017_051214,TN_OCKHI_2017,SAR_ONLY,PASS,none
TN_OCKHI_2017_000010,TN_OCKHI_2017,SAR_ONLY,PASS,none
TN_OCKHI_2017_008869,TN_OCKHI_2017,SAR_ONLY,PASS,none
TN_OCKHI_2017_011667,TN_OCKHI_2017,SAR_ONLY,PASS,none
TN_OCKHI_2017_027809,TN_OCKHI_2017,SAR_ONLY,PASS,none
TN_OCKHI_2017_027982,TN_OCKHI_2017,SAR_ONLY,PASS,none
TN_OCKHI_2017_040501,TN_OCKHI_2017,SAR_ONLY,PASS,none
TN_OCKHI_2017_041044,TN_OCKHI_2017,SAR_ONLY,PASS,none
TN_OCKHI_2017_051193,TN_OCKHI_2017,SAR_ONLY,PASS,none
TN_OCKHI_2017_051796,TN_OCKHI_2017,SAR_ONLY,PASS,none
TN_OCKHI_2017_001008,TN_OCKHI_2017,SAR_ONLY,PASS,none
TN_OCKHI_2017_011676,TN_OCKHI_2017,SAR_ONLY,PASS,none
TN_OCKHI_2017_011672,TN_OCKHI_2017,SAR_ONLY,PASS,none
TN_OCKHI_2017_027836,TN_OCKHI_2017,SAR_ONLY,PASS,none
TN_OCKHI_2017_027896,TN_OCKHI_2017,SAR_ONLY,PASS,none
TN_OCKHI_2017_041170,TN_OCKHI_2017,SAR_ONLY,PASS,none
TN_OCKHI_2017_041046,TN_OCKHI_2017,SAR_ONLY,PASS,none
TN_OCKHI_2017_055684,TN_OCKHI_2017,SAR_ONLY,PASS,none
TN_OCKHI_2017_055736,TN_OCKHI_2017,SAR_ONLY,PASS,none
TN_OCKHI_2017_001013,TN_OCKHI_2017,SAR_ONLY,PASS,none
TN_OCKHI_2017_001005,TN_OCKHI_2017,SAR_ONLY,PASS,none
TN_OCKHI_2017_014373,TN_OCKHI_2017,SAR_ONLY,PASS,none
TN_OCKHI_2017_014448,TN_OCKHI_2017,SAR_ONLY,PASS,none
TN_OCKHI_2017_030769,TN_OCKHI_2017,SAR_ONLY,PASS,none
TN_OCKHI_2017_030765,TN_OCKHI_2017,SAR_ONLY,PASS,none
TN_OCKHI_2017_044349,TN_OCKHI_2017,SAR_ONLY,PASS,none
TN_OCKHI_2017_044258,TN_OCKHI_2017,SAR_ONLY,PASS,none
TN_OCKHI_2017_057142,TN_OCKHI_2017,SAR_ONLY,PASS,none
TN_OCKHI_2017_057656,TN_OCKHI_2017,SAR_ONLY,PASS,none
TN_OCKHI_2017_001334,TN_OCKHI_2017,SAR_ONLY,PASS,none
TN_OCKHI_2017_001364,TN_OCKHI_2017,SAR_ONLY,PASS,none
TN_OCKHI_2017_017769,TN_OCKHI_2017,SAR_ONLY,PASS,none
TN_OCKHI_2017_017811,TN_OCKHI_2017,SAR_ONLY,PASS,none
TN_OCKHI_2017_033171,TN_OCKHI_2017,SAR_ONLY,PASS,none
TN_OCKHI_2017_033272,TN_OCKHI_2017,SAR_ONLY,PASS,none
TN_OCKHI_2017_045136,TN_OCKHI_2017,SAR_ONLY,PASS,none
TN_OCKHI_2017_045117,TN_OCKHI_2017,SAR_ONLY,PASS,none
TN_OCKHI_2017_060071,TN_OCKHI_2017,SAR_ONLY,PASS,none
TN_OCKHI_2017_060137,TN_OCKHI_2017,SAR_ONLY,PASS,none
TN_OCKHI_2017_001923,TN_OCKHI_2017,SAR_ONLY,PASS,none
TN_OCKHI_2017_002592,TN_OCKHI_2017,SAR_ONLY,PASS,none
TN_OCKHI_2017_020176,TN_OCKHI_2017,SAR_ONLY,PASS,none
TN_OCKHI_2017_019404,TN_OCKHI_2017,SAR_ONLY,PASS,none
TN_OCKHI_2017_036925,TN_OCKHI_2017,SAR_ONLY,PASS,none
TN_OCKHI_2017_033937,TN_OCKHI_2017,SAR_ONLY,PASS,none
TN_OCKHI_2017_046546,TN_OCKHI_2017,SAR_ONLY,PASS,none
TN_OCKHI_2017_045908,TN_OCKHI_2017,SAR_ONLY,PASS,none
TN_OCKHI_2017_061430,TN_OCKHI_2017,SAR_ONLY,PASS,none
TN_OCKHI_2017_061486,TN_OCKHI_2017,SAR_ONLY,PASS,none
TN_OCKHI_2017_004111,TN_OCKHI_2017,SAR_ONLY,PASS,none
TN_OCKHI_2017_020918,TN_OCKHI_2017,SAR_ONLY,PASS,none
TN_OCKHI_2017_022330,TN_OCKHI_2017,SAR_ONLY,PASS,none
TN_OCKHI_2017_036938,TN_OCKHI_2017,SAR_ONLY,PASS,none
TN_OCKHI_2017_037335,TN_OCKHI_2017,SAR_ONLY,PASS,none
TN_OCKHI_2017_046494,TN_OCKHI_2017,SAR_ONLY,PASS,none
TN_OCKHI_2017_046756,TN_OCKHI_2017,SAR_ONLY,PASS,none
TN_OCKHI_2017_061466,TN_OCKHI_2017,SAR_ONLY,PASS,none
TN_OCKHI_2017_061496,TN_OCKHI_2017,SAR_ONLY,PASS,none
TN_OCKHI_2017_047889,TN_OCKHI_2017,SAR_ONLY,PASS,none
TN_OCKHI_2017_047907,TN_OCKHI_2017,SAR_ONLY,PASS,none
TN_OCKHI_2017_065772,TN_OCKHI_2017,SAR_ONLY,PASS,none
TN_OCKHI_2017_065770,TN_OCKHI_2017,SAR_ONLY,PASS,none
TN_OCKHI_2017_049792,TN_OCKHI_2017,SAR_ONLY,PASS,none
TN_OCKHI_2017_069320,TN_OCKHI_2017,SAR_ONLY,PASS,none
TN_OCKHI_2017_069478,TN_OCKHI_2017,SAR_ONLY,PASS,none
TN_OCKHI_2017_050871,TN_OCKHI_2017,SAR_ONLY,PASS,none
TN_OCKHI_2017_071929,TN_OCKHI_2017,SAR_ONLY,PASS,none
TN_OCKHI_2017_071875,TN_OCKHI_2017,SAR_ONLY,PASS,none
TN_OCKHI_2017_008662,TN_OCKHI_2017,SAR_ONLY,PASS,none
TN_OCKHI_2017_008643,TN_OCKHI_2017,SAR_ONLY,PASS,none
TN_OCKHI_2017_008660,TN_OCKHI_2017,SAR_ONLY,PASS,none
TN_OCKHI_2017_027382,TN_OCKHI_2017,SAR_ONLY,PASS,none
TN_OCKHI_2017_040595,TN_OCKHI_2017,SAR_ONLY,PASS,none
TN_OCKHI_2017_040454,TN_OCKHI_2017,SAR_ONLY,PASS,none
TN_OCKHI_2017_040465,TN_OCKHI_2017,SAR_ONLY,PASS,none
TN_OCKHI_2017_051160,TN_OCKHI_2017,SAR_ONLY,PASS,none
TN_OCKHI_2017_051232,TN_OCKHI_2017,SAR_ONLY,PASS,none
TN_OCKHI_2017_000011,TN_OCKHI_2017,SAR_ONLY,PASS,none
TN_OCKHI_2017_008877,TN_OCKHI_2017,SAR_ONLY,PASS,none
TN_OCKHI_2017_011677,TN_OCKHI_2017,SAR_ONLY,PASS,none
TN_OCKHI_2017_027810,TN_OCKHI_2017,SAR_ONLY,PASS,none
TN_OCKHI_2017_027988,TN_OCKHI_2017,SAR_ONLY,PASS,none
TN_OCKHI_2017_040517,TN_OCKHI_2017,SAR_ONLY,PASS,none
TN_OCKHI_2017_041050,TN_OCKHI_2017,SAR_ONLY,PASS,none
TN_OCKHI_2017_051195,TN_OCKHI_2017,SAR_ONLY,PASS,none
TN_OCKHI_2017_051850,TN_OCKHI_2017,SAR_ONLY,PASS,none
TN_OCKHI_2017_001019,TN_OCKHI_2017,SAR_ONLY,PASS,none
TN_OCKHI_2017_011678,TN_OCKHI_2017,SAR_ONLY,PASS,none
TN_OCKHI_2017_011674,TN_OCKHI_2017,SAR_ONLY,PASS,none
TN_OCKHI_2017_027837,TN_OCKHI_2017,SAR_ONLY,PASS,none
TN_OCKHI_2017_027908,TN_OCKHI_2017,SAR_ONLY,PASS,none
TN_OCKHI_2017_041175,TN_OCKHI_2017,SAR_ONLY,PASS,none
TN_OCKHI_2017_041047,TN_OCKHI_2017,SAR_ONLY,PASS,none
TN_OCKHI_2017_055688,TN_OCKHI_2017,SAR_ONLY,PASS,none
TN_OCKHI_2017_055737,TN_OCKHI_2017,SAR_ONLY,PASS,none
TN_OCKHI_2017_001016,TN_OCKHI_2017,SAR_ONLY,PASS,none
TN_OCKHI_2017_001006,TN_OCKHI_2017,SAR_ONLY,PASS,none
TN_OCKHI_2017_014379,TN_OCKHI_2017,SAR_ONLY,PASS,none
TN_OCKHI_2017_014452,TN_OCKHI_2017,SAR_ONLY,PASS,none
TN_OCKHI_2017_030771,TN_OCKHI_2017,SAR_ONLY,PASS,none
TN_OCKHI_2017_030766,TN_OCKHI_2017,SAR_ONLY,PASS,none
TN_OCKHI_2017_044413,TN_OCKHI_2017,SAR_ONLY,PASS,none
TN_OCKHI_2017_044259,TN_OCKHI_2017,SAR_ONLY,PASS,none
TN_OCKHI_2017_057150,TN_OCKHI_2017,SAR_ONLY,PASS,none
TN_OCKHI_2017_057685,TN_OCKHI_2017,SAR_ONLY,PASS,none
TN_OCKHI_2017_001335,TN_OCKHI_2017,SAR_ONLY,PASS,none
TN_OCKHI_2017_001367,TN_OCKHI_2017,SAR_ONLY,PASS,none
TN_OCKHI_2017_017772,TN_OCKHI_2017,SAR_ONLY,PASS,none
TN_OCKHI_2017_017812,TN_OCKHI_2017,SAR_ONLY,PASS,none
TN_OCKHI_2017_033172,TN_OCKHI_2017,SAR_ONLY,PASS,none
TN_OCKHI_2017_033274,TN_OCKHI_2017,SAR_ONLY,PASS,none
TN_OCKHI_2017_045138,TN_OCKHI_2017,SAR_ONLY,PASS,none
TN_OCKHI_2017_045118,TN_OCKHI_2017,SAR_ONLY,PASS,none
TN_OCKHI_2017_060073,TN_OCKHI_2017,SAR_ONLY,PASS,none
TN_OCKHI_2017_060138,TN_OCKHI_2017,SAR_ONLY,PASS,none
TN_OCKHI_2017_001984,TN_OCKHI_2017,SAR_ONLY,PASS,none
TN_OCKHI_2017_002779,TN_OCKHI_2017,SAR_ONLY,PASS,none
TN_OCKHI_2017_020339,TN_OCKHI_2017,SAR_ONLY,PASS,none
TN_OCKHI_2017_019537,TN_OCKHI_2017,SAR_ONLY,PASS,none
TN_OCKHI_2017_036932,TN_OCKHI_2017,SAR_ONLY,PASS,none
TN_OCKHI_2017_033961,TN_OCKHI_2017,SAR_ONLY,PASS,none
TN_OCKHI_2017_046553,TN_OCKHI_2017,SAR_ONLY,PASS,none
TN_OCKHI_2017_045947,TN_OCKHI_2017,SAR_ONLY,PASS,none
TN_OCKHI_2017_061431,TN_OCKHI_2017,SAR_ONLY,PASS,none
TN_OCKHI_2017_061489,TN_OCKHI_2017,SAR_ONLY,PASS,none
TN_OCKHI_2017_004127,TN_OCKHI_2017,SAR_ONLY,PASS,none
TN_OCKHI_2017_021001,TN_OCKHI_2017,SAR_ONLY,PASS,none
TN_OCKHI_2017_022426,TN_OCKHI_2017,SAR_ONLY,PASS,none
TN_OCKHI_2017_036941,TN_OCKHI_2017,SAR_ONLY,PASS,none
TN_OCKHI_2017_037350,TN_OCKHI_2017,SAR_ONLY,PASS,none
TN_OCKHI_2017_046495,TN_OCKHI_2017,SAR_ONLY,PASS,none
TN_OCKHI_2017_046793,TN_OCKHI_2017,SAR_ONLY,PASS,none
TN_OCKHI_2017_061482,TN_OCKHI_2017,SAR_ONLY,PASS,none
TN_OCKHI_2017_061499,TN_OCKHI_2017,SAR_ONLY,PASS,none
TN_OCKHI_2017_047908,TN_OCKHI_2017,SAR_ONLY,PASS,none
TN_OCKHI_2017_047911,TN_OCKHI_2017,SAR_ONLY,PASS,none
TN_OCKHI_2017_065773,TN_OCKHI_2017,SAR_ONLY,PASS,none
TN_OCKHI_2017_065771,TN_OCKHI_2017,SAR_ONLY,PASS,none
TN_OCKHI_2017_049797,TN_OCKHI_2017,SAR_ONLY,PASS,none
TN_OCKHI_2017_069321,TN_OCKHI_2017,SAR_ONLY,PASS,none
TN_OCKHI_2017_069541,TN_OCKHI_2017,SAR_ONLY,PASS,none
TN_OCKHI_2017_050872,TN_OCKHI_2017,SAR_ONLY,PASS,none
TN_OCKHI_2017_071930,TN_OCKHI_2017,SAR_ONLY,PASS,none
TN_OCKHI_2017_071876,TN_OCKHI_2017,SAR_ONLY,PASS,none
TN_OCKHI_2017_008672,TN_OCKHI_2017,SAR_ONLY,PASS,none
TN_OCKHI_2017_008645,TN_OCKHI_2017,SAR_ONLY,PASS,none
TN_OCKHI_2017_008664,TN_OCKHI_2017,SAR_ONLY,PASS,none
TN_OCKHI_2017_027383,TN_OCKHI_2017,SAR_ONLY,PASS,none
TN_OCKHI_2017_040619,TN_OCKHI_2017,SAR_ONLY,PASS,none
TN_OCKHI_2017_040455,TN_OCKHI_2017,SAR_ONLY,PASS,none
TN_OCKHI_2017_040469,TN_OCKHI_2017,SAR_ONLY,PASS,none
TN_OCKHI_2017_051161,TN_OCKHI_2017,SAR_ONLY,PASS,none
TN_OCKHI_2017_051233,TN_OCKHI_2017,SAR_ONLY,PASS,none
TN_OCKHI_2017_000012,TN_OCKHI_2017,SAR_ONLY,PASS,none
TN_OCKHI_2017_008879,TN_OCKHI_2017,SAR_ONLY,PASS,none
TN_OCKHI_2017_011681,TN_OCKHI_2017,SAR_ONLY,PASS,none
TN_OCKHI_2017_027815,TN_OCKHI_2017,SAR_ONLY,PASS,none
TN_OCKHI_2017_027989,TN_OCKHI_2017,SAR_ONLY,PASS,none
TN_OCKHI_2017_040522,TN_OCKHI_2017,SAR_ONLY,PASS,none
TN_OCKHI_2017_041054,TN_OCKHI_2017,SAR_ONLY,PASS,none
TN_OCKHI_2017_051204,TN_OCKHI_2017,SAR_ONLY,PASS,none
TN_OCKHI_2017_051886,TN_OCKHI_2017,SAR_ONLY,PASS,none
TN_OCKHI_2017_001021,TN_OCKHI_2017,SAR_ONLY,PASS,none
TN_OCKHI_2017_011692,TN_OCKHI_2017,SAR_ONLY,PASS,none
TN_OCKHI_2017_011675,TN_OCKHI_2017,SAR_ONLY,PASS,none
TN_OCKHI_2017_027839,TN_OCKHI_2017,SAR_ONLY,PASS,none
TN_OCKHI_2017_027913,TN_OCKHI_2017,SAR_ONLY,PASS,none
TN_OCKHI_2017_041176,TN_OCKHI_2017,SAR_ONLY,PASS,none
TN_OCKHI_2017_041048,TN_OCKHI_2017,SAR_ONLY,PASS,none
TN_OCKHI_2017_055689,TN_OCKHI_2017,SAR_ONLY,PASS,none
TN_OCKHI_2017_055748,TN_OCKHI_2017,SAR_ONLY,PASS,none
TN_OCKHI_2017_001017,TN_OCKHI_2017,SAR_ONLY,PASS,none
TN_OCKHI_2017_001007,TN_OCKHI_2017,SAR_ONLY,PASS,none
TN_OCKHI_2017_014384,TN_OCKHI_2017,SAR_ONLY,PASS,none
TN_OCKHI_2017_014459,TN_OCKHI_2017,SAR_ONLY,PASS,none
TN_OCKHI_2017_030774,TN_OCKHI_2017,SAR_ONLY,PASS,none
TN_OCKHI_2017_030776,TN_OCKHI_2017,SAR_ONLY,PASS,none
TN_OCKHI_2017_044417,TN_OCKHI_2017,SAR_ONLY,PASS,none
TN_OCKHI_2017_044261,TN_OCKHI_2017,SAR_ONLY,PASS,none
TN_OCKHI_2017_057152,TN_OCKHI_2017,SAR_ONLY,PASS,none
TN_OCKHI_2017_057923,TN_OCKHI_2017,SAR_ONLY,PASS,none
TN_OCKHI_2017_001336,TN_OCKHI_2017,SAR_ONLY,PASS,none
TN_OCKHI_2017_001372,TN_OCKHI_2017,SAR_ONLY,PASS,none
TN_OCKHI_2017_017773,TN_OCKHI_2017,SAR_ONLY,PASS,none
TN_OCKHI_2017_017817,TN_OCKHI_2017,SAR_ONLY,PASS,none
TN_OCKHI_2017_033174,TN_OCKHI_2017,SAR_ONLY,PASS,none
TN_OCKHI_2017_033283,TN_OCKHI_2017,SAR_ONLY,PASS,none
TN_OCKHI_2017_045139,TN_OCKHI_2017,SAR_ONLY,PASS,none
TN_OCKHI_2017_045119,TN_OCKHI_2017,SAR_ONLY,PASS,none
TN_OCKHI_2017_060077,TN_OCKHI_2017,SAR_ONLY,PASS,none
TN_OCKHI_2017_060145,TN_OCKHI_2017,SAR_ONLY,PASS,none
TN_OCKHI_2017_002014,TN_OCKHI_2017,SAR_ONLY,PASS,none
TN_OCKHI_2017_002881,TN_OCKHI_2017,SAR_ONLY,PASS,none
TN_OCKHI_2017_020410,TN_OCKHI_2017,SAR_ONLY,PASS,none
TN_OCKHI_2017_019797,TN_OCKHI_2017,SAR_ONLY,PASS,none
TN_OCKHI_2017_036951,TN_OCKHI_2017,SAR_ONLY,PASS,none
TN_OCKHI_2017_034057,TN_OCKHI_2017,SAR_ONLY,PASS,none
TN_OCKHI_2017_046555,TN_OCKHI_2017,SAR_ONLY,PASS,none
TN_OCKHI_2017_045972,TN_OCKHI_2017,SAR_ONLY,PASS,none
TN_OCKHI_2017_061432,TN_OCKHI_2017,SAR_ONLY,PASS,none
TN_OCKHI_2017_061512,TN_OCKHI_2017,SAR_ONLY,PASS,none
TN_OCKHI_2017_004128,TN_OCKHI_2017,SAR_ONLY,PASS,none
TN_OCKHI_2017_021009,TN_OCKHI_2017,SAR_ONLY,PASS,none
TN_OCKHI_2017_022465,TN_OCKHI_2017,SAR_ONLY,PASS,none
TN_OCKHI_2017_036944,TN_OCKHI_2017,SAR_ONLY,PASS,none
TN_OCKHI_2017_037411,TN_OCKHI_2017,SAR_ONLY,PASS,none
TN_OCKHI_2017_046497,TN_OCKHI_2017,SAR_ONLY,PASS,none
TN_OCKHI_2017_046888,TN_OCKHI_2017,SAR_ONLY,PASS,none
TN_OCKHI_2017_061487,TN_OCKHI_2017,SAR_ONLY,PASS,none
TN_OCKHI_2017_061503,TN_OCKHI_2017,SAR_ONLY,PASS,none
TN_OCKHI_2017_047914,TN_OCKHI_2017,SAR_ONLY,PASS,none
TN_OCKHI_2017_047913,TN_OCKHI_2017,SAR_ONLY,PASS,none
TN_OCKHI_2017_065774,TN_OCKHI_2017,SAR_ONLY,PASS,none
TN_OCKHI_2017_065777,TN_OCKHI_2017,SAR_ONLY,PASS,none
TN_OCKHI_2017_049799,TN_OCKHI_2017,SAR_ONLY,PASS,none
TN_OCKHI_2017_069322,TN_OCKHI_2017,SAR_ONLY,PASS,none
TN_OCKHI_2017_069557,TN_OCKHI_2017,SAR_ONLY,PASS,none
TN_OCKHI_2017_050873,TN_OCKHI_2017,SAR_ONLY,PASS,none
TN_OCKHI_2017_071934,TN_OCKHI_2017,SAR_ONLY,PASS,none
TN_OCKHI_2017_071882,TN_OCKHI_2017,SAR_ONLY,PASS,none
TN_OCKHI_2017_008678,TN_OCKHI_2017,SAR_ONLY,PASS,none
TN_OCKHI_2017_008646,TN_OCKHI_2017,SAR_ONLY,PASS,none
TN_OCKHI_2017_008665,TN_OCKHI_2017,SAR_ONLY,PASS,none
TN_OCKHI_2017_027384,TN_OCKHI_2017,SAR_ONLY,PASS,none
TN_OCKHI_2017_040653,TN_OCKHI_2017,SAR_ONLY,PASS,none
TN_OCKHI_2017_040462,TN_OCKHI_2017,SAR_ONLY,PASS,none
TN_OCKHI_2017_040471,TN_OCKHI_2017,SAR_ONLY,PASS,none
TN_OCKHI_2017_051163,TN_OCKHI_2017,SAR_ONLY,PASS,none
TN_OCKHI_2017_051235,TN_OCKHI_2017,SAR_ONLY,PASS,none
TN_OCKHI_2017_000013,TN_OCKHI_2017,SAR_ONLY,PASS,none
TN_OCKHI_2017_008884,TN_OCKHI_2017,SAR_ONLY,PASS,none
TN_OCKHI_2017_011682,TN_OCKHI_2017,SAR_ONLY,PASS,none
TN_OCKHI_2017_027816,TN_OCKHI_2017,SAR_ONLY,PASS,none
TN_OCKHI_2017_027990,TN_OCKHI_2017,SAR_ONLY,PASS,none
TN_OCKHI_2017_040529,TN_OCKHI_2017,SAR_ONLY,PASS,none
TN_OCKHI_2017_041059,TN_OCKHI_2017,SAR_ONLY,PASS,none
TN_OCKHI_2017_051220,TN_OCKHI_2017,SAR_ONLY,PASS,none
TN_OCKHI_2017_052009,TN_OCKHI_2017,SAR_ONLY,PASS,none
TN_OCKHI_2017_001029,TN_OCKHI_2017,SAR_ONLY,PASS,none
TN_OCKHI_2017_011699,TN_OCKHI_2017,SAR_ONLY,PASS,none
TN_OCKHI_2017_011683,TN_OCKHI_2017,SAR_ONLY,PASS,none
TN_OCKHI_2017_027840,TN_OCKHI_2017,SAR_ONLY,PASS,none
TN_OCKHI_2017_027919,TN_OCKHI_2017,SAR_ONLY,PASS,none
TN_OCKHI_2017_041187,TN_OCKHI_2017,SAR_ONLY,PASS,none
TN_OCKHI_2017_041049,TN_OCKHI_2017,SAR_ONLY,PASS,none
TN_OCKHI_2017_055693,TN_OCKHI_2017,SAR_ONLY,PASS,none
TN_OCKHI_2017_055753,TN_OCKHI_2017,SAR_ONLY,PASS,none
TN_OCKHI_2017_001025,TN_OCKHI_2017,SAR_ONLY,PASS,none
TN_OCKHI_2017_001014,TN_OCKHI_2017,SAR_ONLY,PASS,none
TN_OCKHI_2017_014386,TN_OCKHI_2017,SAR_ONLY,PASS,none
TN_OCKHI_2017_014463,TN_OCKHI_2017,SAR_ONLY,PASS,none
TN_OCKHI_2017_030775,TN_OCKHI_2017,SAR_ONLY,PASS,none
TN_OCKHI_2017_030784,TN_OCKHI_2017,SAR_ONLY,PASS,none
TN_OCKHI_2017_044436,TN_OCKHI_2017,SAR_ONLY,PASS,none
TN_OCKHI_2017_044274,TN_OCKHI_2017,SAR_ONLY,PASS,none
TN_OCKHI_2017_057161,TN_OCKHI_2017,SAR_ONLY,PASS,none
TN_OCKHI_2017_057977,TN_OCKHI_2017,SAR_ONLY,PASS,none
TN_OCKHI_2017_001337,TN_OCKHI_2017,SAR_ONLY,PASS,none
TN_OCKHI_2017_001376,TN_OCKHI_2017,SAR_ONLY,PASS,none
TN_OCKHI_2017_017775,TN_OCKHI_2017,SAR_ONLY,PASS,none
TN_OCKHI_2017_017826,TN_OCKHI_2017,SAR_ONLY,PASS,none
TN_OCKHI_2017_033175,TN_OCKHI_2017,SAR_ONLY,PASS,none
TN_OCKHI_2017_033284,TN_OCKHI_2017,SAR_ONLY,PASS,none
TN_OCKHI_2017_045141,TN_OCKHI_2017,SAR_ONLY,PASS,none
TN_OCKHI_2017_045120,TN_OCKHI_2017,SAR_ONLY,PASS,none
TN_OCKHI_2017_060078,TN_OCKHI_2017,SAR_ONLY,PASS,none
TN_OCKHI_2017_060148,TN_OCKHI_2017,SAR_ONLY,PASS,none
TN_OCKHI_2017_002037,TN_OCKHI_2017,SAR_ONLY,PASS,none
TN_OCKHI_2017_003305,TN_OCKHI_2017,SAR_ONLY,PASS,none
TN_OCKHI_2017_020490,TN_OCKHI_2017,SAR_ONLY,PASS,none
TN_OCKHI_2017_019836,TN_OCKHI_2017,SAR_ONLY,PASS,none
TN_OCKHI_2017_036954,TN_OCKHI_2017,SAR_ONLY,PASS,none
TN_OCKHI_2017_034294,TN_OCKHI_2017,SAR_ONLY,PASS,none
TN_OCKHI_2017_046556,TN_OCKHI_2017,SAR_ONLY,PASS,none
TN_OCKHI_2017_046017,TN_OCKHI_2017,SAR_ONLY,PASS,none
TN_OCKHI_2017_061437,TN_OCKHI_2017,SAR_ONLY,PASS,none
TN_OCKHI_2017_061513,TN_OCKHI_2017,SAR_ONLY,PASS,none
TN_OCKHI_2017_004140,TN_OCKHI_2017,SAR_ONLY,PASS,none
TN_OCKHI_2017_021014,TN_OCKHI_2017,SAR_ONLY,PASS,none
TN_OCKHI_2017_022499,TN_OCKHI_2017,SAR_ONLY,PASS,none
TN_OCKHI_2017_036946,TN_OCKHI_2017,SAR_ONLY,PASS,none
TN_OCKHI_2017_037545,TN_OCKHI_2017,SAR_ONLY,PASS,none
TN_OCKHI_2017_046498,TN_OCKHI_2017,SAR_ONLY,PASS,none
TN_OCKHI_2017_046891,TN_OCKHI_2017,SAR_ONLY,PASS,none
TN_OCKHI_2017_061500,TN_OCKHI_2017,SAR_ONLY,PASS,none
TN_OCKHI_2017_061507,TN_OCKHI_2017,SAR_ONLY,PASS,none
TN_OCKHI_2017_047936,TN_OCKHI_2017,SAR_ONLY,PASS,none
TN_OCKHI_2017_047930,TN_OCKHI_2017,SAR_ONLY,PASS,none
TN_OCKHI_2017_065781,TN_OCKHI_2017,SAR_ONLY,PASS,none
TN_OCKHI_2017_065779,TN_OCKHI_2017,SAR_ONLY,PASS,none
TN_OCKHI_2017_049800,TN_OCKHI_2017,SAR_ONLY,PASS,none
TN_OCKHI_2017_069323,TN_OCKHI_2017,SAR_ONLY,PASS,none
TN_OCKHI_2017_069560,TN_OCKHI_2017,SAR_ONLY,PASS,none
TN_OCKHI_2017_050877,TN_OCKHI_2017,SAR_ONLY,PASS,none
TN_OCKHI_2017_071941,TN_OCKHI_2017,SAR_ONLY,PASS,none
TN_OCKHI_2017_071883,TN_OCKHI_2017,SAR_ONLY,PASS,none
TN_OCKHI_2017_008691,TN_OCKHI_2017,SAR_ONLY,PASS,none
TN_OCKHI_2017_008663,TN_OCKHI_2017,SAR_ONLY,PASS,none
TN_OCKHI_2017_008675,TN_OCKHI_2017,SAR_ONLY,PASS,none
TN_OCKHI_2017_027386,TN_OCKHI_2017,SAR_ONLY,PASS,none
TN_OCKHI_2017_040663,TN_OCKHI_2017,SAR_ONLY,PASS,none
TN_OCKHI_2017_040464,TN_OCKHI_2017,SAR_ONLY,PASS,none
TN_OCKHI_2017_040473,TN_OCKHI_2017,SAR_ONLY,PASS,none
TN_OCKHI_2017_051165,TN_OCKHI_2017,SAR_ONLY,PASS,none
TN_OCKHI_2017_051236,TN_OCKHI_2017,SAR_ONLY,PASS,none
TN_OCKHI_2017_000014,TN_OCKHI_2017,SAR_ONLY,PASS,none
TN_OCKHI_2017_008913,TN_OCKHI_2017,SAR_ONLY,PASS,none
TN_OCKHI_2017_011687,TN_OCKHI_2017,SAR_ONLY,PASS,none
TN_OCKHI_2017_027819,TN_OCKHI_2017,SAR_ONLY,PASS,none
TN_OCKHI_2017_028004,TN_OCKHI_2017,SAR_ONLY,PASS,none
TN_OCKHI_2017_040534,TN_OCKHI_2017,SAR_ONLY,PASS,none
TN_OCKHI_2017_041065,TN_OCKHI_2017,SAR_ONLY,PASS,none
TN_OCKHI_2017_051226,TN_OCKHI_2017,SAR_ONLY,PASS,none
TN_OCKHI_2017_052092,TN_OCKHI_2017,SAR_ONLY,PASS,none
TN_OCKHI_2017_001030,TN_OCKHI_2017,SAR_ONLY,PASS,none
TN_OCKHI_2017_011705,TN_OCKHI_2017,SAR_ONLY,PASS,none
TN_OCKHI_2017_011688,TN_OCKHI_2017,SAR_ONLY,PASS,none
TN_OCKHI_2017_027841,TN_OCKHI_2017,SAR_ONLY,PASS,none
TN_OCKHI_2017_027952,TN_OCKHI_2017,SAR_ONLY,PASS,none
TN_OCKHI_2017_041189,TN_OCKHI_2017,SAR_ONLY,PASS,none
TN_OCKHI_2017_041051,TN_OCKHI_2017,SAR_ONLY,PASS,none
TN_OCKHI_2017_055694,TN_OCKHI_2017,SAR_ONLY,PASS,none
TN_OCKHI_2017_055757,TN_OCKHI_2017,SAR_ONLY,PASS,none
TN_OCKHI_2017_001026,TN_OCKHI_2017,SAR_ONLY,PASS,none
TN_OCKHI_2017_001015,TN_OCKHI_2017,SAR_ONLY,PASS,none
TN_OCKHI_2017_014389,TN_OCKHI_2017,SAR_ONLY,PASS,none
TN_OCKHI_2017_014478,TN_OCKHI_2017,SAR_ONLY,PASS,none
TN_OCKHI_2017_030796,TN_OCKHI_2017,SAR_ONLY,PASS,none
TN_OCKHI_2017_030800,TN_OCKHI_2017,SAR_ONLY,PASS,none
TN_OCKHI_2017_044524,TN_OCKHI_2017,SAR_ONLY,PASS,none
TN_OCKHI_2017_044278,TN_OCKHI_2017,SAR_ONLY,PASS,none
TN_OCKHI_2017_057166,TN_OCKHI_2017,SAR_ONLY,PASS,none
TN_OCKHI_2017_058058,TN_OCKHI_2017,SAR_ONLY,PASS,none
TN_OCKHI_2017_001338,TN_OCKHI_2017,SAR_ONLY,PASS,none
TN_OCKHI_2017_001382,TN_OCKHI_2017,SAR_ONLY,PASS,none
TN_OCKHI_2017_017776,TN_OCKHI_2017,SAR_ONLY,PASS,none
TN_OCKHI_2017_017828,TN_OCKHI_2017,SAR_ONLY,PASS,none
TN_OCKHI_2017_033176,TN_OCKHI_2017,SAR_ONLY,PASS,none
TN_OCKHI_2017_033298,TN_OCKHI_2017,SAR_ONLY,PASS,none
TN_OCKHI_2017_045142,TN_OCKHI_2017,SAR_ONLY,PASS,none
TN_OCKHI_2017_045121,TN_OCKHI_2017,SAR_ONLY,PASS,none
TN_OCKHI_2017_060079,TN_OCKHI_2017,SAR_ONLY,PASS,none
TN_OCKHI_2017_060151,TN_OCKHI_2017,SAR_ONLY,PASS,none
TN_OCKHI_2017_002121,TN_OCKHI_2017,SAR_ONLY,PASS,none
TN_OCKHI_2017_003415,TN_OCKHI_2017,SAR_ONLY,PASS,none
TN_OCKHI_2017_020533,TN_OCKHI_2017,SAR_ONLY,PASS,none
TN_OCKHI_2017_019978,TN_OCKHI_2017,SAR_ONLY,PASS,none
TN_OCKHI_2017_036961,TN_OCKHI_2017,SAR_ONLY,PASS,none
TN_OCKHI_2017_034464,TN_OCKHI_2017,SAR_ONLY,PASS,none
TN_OCKHI_2017_046558,TN_OCKHI_2017,SAR_ONLY,PASS,none
TN_OCKHI_2017_046052,TN_OCKHI_2017,SAR_ONLY,PASS,none
TN_OCKHI_2017_061444,TN_OCKHI_2017,SAR_ONLY,PASS,none
TN_OCKHI_2017_061514,TN_OCKHI_2017,SAR_ONLY,PASS,none
TN_OCKHI_2017_004163,TN_OCKHI_2017,SAR_ONLY,PASS,none
TN_OCKHI_2017_021017,TN_OCKHI_2017,SAR_ONLY,PASS,none
TN_OCKHI_2017_022509,TN_OCKHI_2017,SAR_ONLY,PASS,none
TN_OCKHI_2017_036947,TN_OCKHI_2017,SAR_ONLY,PASS,none
TN_OCKHI_2017_037567,TN_OCKHI_2017,SAR_ONLY,PASS,none
TN_OCKHI_2017_046504,TN_OCKHI_2017,SAR_ONLY,PASS,none
TN_OCKHI_2017_046893,TN_OCKHI_2017,SAR_ONLY,PASS,none
TN_OCKHI_2017_061521,TN_OCKHI_2017,SAR_ONLY,PASS,none
TN_OCKHI_2017_061518,TN_OCKHI_2017,SAR_ONLY,PASS,none
TN_OCKHI_2017_047958,TN_OCKHI_2017,SAR_ONLY,PASS,none
TN_OCKHI_2017_047935,TN_OCKHI_2017,SAR_ONLY,PASS,none
TN_OCKHI_2017_065784,TN_OCKHI_2017,SAR_ONLY,PASS,none
TN_OCKHI_2017_065786,TN_OCKHI_2017,SAR_ONLY,PASS,none
TN_OCKHI_2017_049805,TN_OCKHI_2017,SAR_ONLY,PASS,none
TN_OCKHI_2017_069324,TN_OCKHI_2017,SAR_ONLY,PASS,none
TN_OCKHI_2017_069562,TN_OCKHI_2017,SAR_ONLY,PASS,none
TN_OCKHI_2017_050881,TN_OCKHI_2017,SAR_ONLY,PASS,none
TN_OCKHI_2017_071942,TN_OCKHI_2017,SAR_ONLY,PASS,none
TN_OCKHI_2017_071888,TN_OCKHI_2017,SAR_ONLY,PASS,none
TN_OCKHI_2017_008698,TN_OCKHI_2017,SAR_ONLY,PASS,none
TN_OCKHI_2017_008666,TN_OCKHI_2017,SAR_ONLY,PASS,none
TN_OCKHI_2017_008680,TN_OCKHI_2017,SAR_ONLY,PASS,none
TN_OCKHI_2017_027388,TN_OCKHI_2017,SAR_ONLY,PASS,none
TN_OCKHI_2017_040667,TN_OCKHI_2017,SAR_ONLY,PASS,none
TN_OCKHI_2017_040474,TN_OCKHI_2017,SAR_ONLY,PASS,none
TN_OCKHI_2017_040475,TN_OCKHI_2017,SAR_ONLY,PASS,none
TN_OCKHI_2017_051166,TN_OCKHI_2017,SAR_ONLY,PASS,none
TN_OCKHI_2017_051239,TN_OCKHI_2017,SAR_ONLY,PASS,none
TN_OCKHI_2017_000015,TN_OCKHI_2017,SAR_ONLY,PASS,none
TN_OCKHI_2017_008932,TN_OCKHI_2017,SAR_ONLY,PASS,none
TN_OCKHI_2017_011700,TN_OCKHI_2017,SAR_ONLY,PASS,none
TN_OCKHI_2017_027820,TN_OCKHI_2017,SAR_ONLY,PASS,none
TN_OCKHI_2017_028038,TN_OCKHI_2017,SAR_ONLY,PASS,none
TN_OCKHI_2017_040535,TN_OCKHI_2017,SAR_ONLY,PASS,none
TN_OCKHI_2017_041085,TN_OCKHI_2017,SAR_ONLY,PASS,none
TN_OCKHI_2017_051228,TN_OCKHI_2017,SAR_ONLY,PASS,none
TN_OCKHI_2017_052115,TN_OCKHI_2017,SAR_ONLY,PASS,none
TN_OCKHI_2017_001031,TN_OCKHI_2017,SAR_ONLY,PASS,none
TN_OCKHI_2017_011710,TN_OCKHI_2017,SAR_ONLY,PASS,none
TN_OCKHI_2017_011691,TN_OCKHI_2017,SAR_ONLY,PASS,none
TN_FENGAL_2024_000001,TN_FENGAL_2024,SAR_ONLY,PASS,none
TN_FENGAL_2024_000014,TN_FENGAL_2024,SAR_ONLY,PASS,none
TN_FENGAL_2024_009743,TN_FENGAL_2024,SAR_ONLY,PASS,none
TN_FENGAL_2024_027032,TN_FENGAL_2024,SAR_ONLY,PASS,none
TN_FENGAL_2024_051689,TN_FENGAL_2024,SAR_ONLY,PASS,none
TN_FENGAL_2024_051890,TN_FENGAL_2024,SAR_ONLY,PASS,none
TN_FENGAL_2024_100787,TN_FENGAL_2024,SAR_ONLY,PASS,none
TN_FENGAL_2024_118757,TN_FENGAL_2024,SAR_ONLY,PASS,none
TN_FENGAL_2024_132697,TN_FENGAL_2024,SAR_ONLY,PASS,none
TN_FENGAL_2024_000004,TN_FENGAL_2024,SAR_ONLY,PASS,none
TN_FENGAL_2024_000021,TN_FENGAL_2024,SAR_ONLY,PASS,none
TN_FENGAL_2024_010408,TN_FENGAL_2024,SAR_ONLY,PASS,none
TN_FENGAL_2024_027482,TN_FENGAL_2024,SAR_ONLY,PASS,none
TN_FENGAL_2024_052564,TN_FENGAL_2024,SAR_ONLY,PASS,none
TN_FENGAL_2024_052678,TN_FENGAL_2024,SAR_ONLY,PASS,none
TN_FENGAL_2024_079156,TN_FENGAL_2024,SAR_ONLY,PASS,none
TN_FENGAL_2024_100963,TN_FENGAL_2024,SAR_ONLY,PASS,none
TN_FENGAL_2024_119504,TN_FENGAL_2024,SAR_ONLY,PASS,none
TN_FENGAL_2024_132810,TN_FENGAL_2024,SAR_ONLY,PASS,none
TN_FENGAL_2024_002945,TN_FENGAL_2024,SAR_ONLY,PASS,none
TN_FENGAL_2024_002939,TN_FENGAL_2024,SAR_ONLY,PASS,none
TN_FENGAL_2024_013317,TN_FENGAL_2024,SAR_ONLY,PASS,none
TN_FENGAL_2024_031108,TN_FENGAL_2024,SAR_ONLY,PASS,none
TN_FENGAL_2024_054348,TN_FENGAL_2024,SAR_ONLY,PASS,none
TN_FENGAL_2024_054595,TN_FENGAL_2024,SAR_ONLY,PASS,none
TN_FENGAL_2024_079406,TN_FENGAL_2024,SAR_ONLY,PASS,none
TN_FENGAL_2024_100988,TN_FENGAL_2024,SAR_ONLY,PASS,none
TN_FENGAL_2024_121047,TN_FENGAL_2024,SAR_ONLY,PASS,none
TN_FENGAL_2024_133715,TN_FENGAL_2024,SAR_ONLY,PASS,none
TN_FENGAL_2024_004084,TN_FENGAL_2024,SAR_ONLY,PASS,none
TN_FENGAL_2024_004090,TN_FENGAL_2024,SAR_ONLY,PASS,none
TN_FENGAL_2024_015662,TN_FENGAL_2024,SAR_ONLY,PASS,none
TN_FENGAL_2024_036079,TN_FENGAL_2024,SAR_ONLY,PASS,none
TN_FENGAL_2024_055714,TN_FENGAL_2024,SAR_ONLY,PASS,none
TN_FENGAL_2024_059301,TN_FENGAL_2024,SAR_ONLY,PASS,none
TN_FENGAL_2024_081045,TN_FENGAL_2024,SAR_ONLY,PASS,none
TN_FENGAL_2024_102531,TN_FENGAL_2024,SAR_ONLY,PASS,none
TN_FENGAL_2024_121568,TN_FENGAL_2024,SAR_ONLY,PASS,none
TN_FENGAL_2024_133822,TN_FENGAL_2024,SAR_ONLY,PASS,none
TN_FENGAL_2024_004082,TN_FENGAL_2024,SAR_ONLY,PASS,none
TN_FENGAL_2024_004094,TN_FENGAL_2024,SAR_ONLY,PASS,none
TN_FENGAL_2024_015657,TN_FENGAL_2024,SAR_ONLY,PASS,none
TN_FENGAL_2024_036087,TN_FENGAL_2024,SAR_ONLY,PASS,none
TN_FENGAL_2024_059305,TN_FENGAL_2024,SAR_ONLY,PASS,none
TN_FENGAL_2024_059422,TN_FENGAL_2024,SAR_ONLY,PASS,none
TN_FENGAL_2024_081030,TN_FENGAL_2024,SAR_ONLY,PASS,none
TN_FENGAL_2024_102508,TN_FENGAL_2024,SAR_ONLY,PASS,none
TN_FENGAL_2024_121569,TN_FENGAL_2024,SAR_ONLY,PASS,none
TN_FENGAL_2024_136767,TN_FENGAL_2024,SAR_ONLY,PASS,none
TN_FENGAL_2024_005285,TN_FENGAL_2024,SAR_ONLY,PASS,none
TN_FENGAL_2024_005794,TN_FENGAL_2024,SAR_ONLY,PASS,none
TN_FENGAL_2024_017079,TN_FENGAL_2024,SAR_ONLY,PASS,none
TN_FENGAL_2024_040543,TN_FENGAL_2024,SAR_ONLY,PASS,none
TN_FENGAL_2024_064269,TN_FENGAL_2024,SAR_ONLY,PASS,none
TN_FENGAL_2024_067695,TN_FENGAL_2024,SAR_ONLY,PASS,none
TN_FENGAL_2024_085965,TN_FENGAL_2024,SAR_ONLY,PASS,none
TN_FENGAL_2024_103958,TN_FENGAL_2024,SAR_ONLY,PASS,none
TN_FENGAL_2024_123826,TN_FENGAL_2024,SAR_ONLY,PASS,none
TN_FENGAL_2024_140307,TN_FENGAL_2024,SAR_ONLY,PASS,none
TN_FENGAL_2024_008877,TN_FENGAL_2024,SAR_ONLY,PASS,none
TN_FENGAL_2024_008883,TN_FENGAL_2024,SAR_ONLY,PASS,none
TN_FENGAL_2024_022091,TN_FENGAL_2024,SAR_ONLY,PASS,none
TN_FENGAL_2024_045515,TN_FENGAL_2024,SAR_ONLY,PASS,none
TN_FENGAL_2024_069230,TN_FENGAL_2024,SAR_ONLY,PASS,none
TN_FENGAL_2024_090895,TN_FENGAL_2024,SAR_ONLY,PASS,none
TN_FENGAL_2024_090897,TN_FENGAL_2024,SAR_ONLY,PASS,none
TN_FENGAL_2024_108864,TN_FENGAL_2024,SAR_ONLY,PASS,none
TN_FENGAL_2024_125708,TN_FENGAL_2024,SAR_ONLY,PASS,none
TN_FENGAL_2024_141929,TN_FENGAL_2024,SAR_ONLY,PASS,none
TN_FENGAL_2024_008964,TN_FENGAL_2024,SAR_ONLY,PASS,none
TN_FENGAL_2024_022097,TN_FENGAL_2024,SAR_ONLY,PASS,none
TN_FENGAL_2024_045565,TN_FENGAL_2024,SAR_ONLY,PASS,none
TN_FENGAL_2024_069232,TN_FENGAL_2024,SAR_ONLY,PASS,none
TN_FENGAL_2024_090900,TN_FENGAL_2024,SAR_ONLY,PASS,none
TN_FENGAL_2024_091017,TN_FENGAL_2024,SAR_ONLY,PASS,none
TN_FENGAL_2024_109020,TN_FENGAL_2024,SAR_ONLY,PASS,none
TN_FENGAL_2024_125712,TN_FENGAL_2024,SAR_ONLY,PASS,none
TN_FENGAL_2024_141940,TN_FENGAL_2024,SAR_ONLY,PASS,none
TN_FENGAL_2024_074257,TN_FENGAL_2024,SAR_ONLY,PASS,none
TN_FENGAL_2024_095847,TN_FENGAL_2024,SAR_ONLY,PASS,none
TN_FENGAL_2024_095872,TN_FENGAL_2024,SAR_ONLY,PASS,none
TN_FENGAL_2024_113806,TN_FENGAL_2024,SAR_ONLY,PASS,none
TN_FENGAL_2024_126391,TN_FENGAL_2024,SAR_ONLY,PASS,none
TN_FENGAL_2024_143101,TN_FENGAL_2024,SAR_ONLY,PASS,none
TN_FENGAL_2024_079136,TN_FENGAL_2024,SAR_ONLY,PASS,none
TN_FENGAL_2024_118751,TN_FENGAL_2024,SAR_ONLY,PASS,none
TN_FENGAL_2024_118753,TN_FENGAL_2024,SAR_ONLY,PASS,none
TN_FENGAL_2024_131350,TN_FENGAL_2024,SAR_ONLY,PASS,none
TN_FENGAL_2024_143587,TN_FENGAL_2024,SAR_ONLY,PASS,none
TN_FENGAL_2024_000002,TN_FENGAL_2024,SAR_ONLY,PASS,none
TN_FENGAL_2024_000016,TN_FENGAL_2024,SAR_ONLY,PASS,none
TN_FENGAL_2024_009767,TN_FENGAL_2024,SAR_ONLY,PASS,none
TN_FENGAL_2024_027038,TN_FENGAL_2024,SAR_ONLY,PASS,none
TN_FENGAL_2024_051690,TN_FENGAL_2024,SAR_ONLY,PASS,none
TN_FENGAL_2024_051972,TN_FENGAL_2024,SAR_ONLY,PASS,none
TN_FENGAL_2024_100788,TN_FENGAL_2024,SAR_ONLY,PASS,none
TN_FENGAL_2024_118759,TN_FENGAL_2024,SAR_ONLY,PASS,none
TN_FENGAL_2024_132701,TN_FENGAL_2024,SAR_ONLY,PASS,none
TN_FENGAL_2024_000006,TN_FENGAL_2024,SAR_ONLY,PASS,none
TN_FENGAL_2024_000050,TN_FENGAL_2024,SAR_ONLY,PASS,none
TN_FENGAL_2024_010412,TN_FENGAL_2024,SAR_ONLY,PASS,none
TN_FENGAL_2024_027483,TN_FENGAL_2024,SAR_ONLY,PASS,none
TN_FENGAL_2024_052574,TN_FENGAL_2024,SAR_ONLY,PASS,none
TN_FENGAL_2024_052787,TN_FENGAL_2024,SAR_ONLY,PASS,none
TN_FENGAL_2024_079193,TN_FENGAL_2024,SAR_ONLY,PASS,none
TN_FENGAL_2024_100964,TN_FENGAL_2024,SAR_ONLY,PASS,none
TN_FENGAL_2024_119505,TN_FENGAL_2024,SAR_ONLY,PASS,none
TN_FENGAL_2024_132812,TN_FENGAL_2024,SAR_ONLY,PASS,none
TN_FENGAL_2024_002952,TN_FENGAL_2024,SAR_ONLY,PASS,none
TN_FENGAL_2024_002947,TN_FENGAL_2024,SAR_ONLY,PASS,none
TN_FENGAL_2024_013320,TN_FENGAL_2024,SAR_ONLY,PASS,none
TN_FENGAL_2024_031111,TN_FENGAL_2024,SAR_ONLY,PASS,none
TN_FENGAL_2024_054349,TN_FENGAL_2024,SAR_ONLY,PASS,none
TN_FENGAL_2024_054670,TN_FENGAL_2024,SAR_ONLY,PASS,none
TN_FENGAL_2024_079777,TN_FENGAL_2024,SAR_ONLY,PASS,none
TN_FENGAL_2024_100994,TN_FENGAL_2024,SAR_ONLY,PASS,none
TN_FENGAL_2024_121048,TN_FENGAL_2024,SAR_ONLY,PASS,none
TN_FENGAL_2024_133716,TN_FENGAL_2024,SAR_ONLY,PASS,none
TN_FENGAL_2024_004085,TN_FENGAL_2024,SAR_ONLY,PASS,none
TN_FENGAL_2024_004096,TN_FENGAL_2024,SAR_ONLY,PASS,none
TN_FENGAL_2024_015668,TN_FENGAL_2024,SAR_ONLY,PASS,none
TN_FENGAL_2024_036080,TN_FENGAL_2024,SAR_ONLY,PASS,none
TN_FENGAL_2024_059295,TN_FENGAL_2024,SAR_ONLY,PASS,none
TN_FENGAL_2024_059319,TN_FENGAL_2024,SAR_ONLY,PASS,none
TN_FENGAL_2024_081060,TN_FENGAL_2024,SAR_ONLY,PASS,none
TN_FENGAL_2024_102546,TN_FENGAL_2024,SAR_ONLY,PASS,none
TN_FENGAL_2024_121570,TN_FENGAL_2024,SAR_ONLY,PASS,none
TN_FENGAL_2024_133856,TN_FENGAL_2024,SAR_ONLY,PASS,none
TN_FENGAL_2024_004083,TN_FENGAL_2024,SAR_ONLY,PASS,none
TN_FENGAL_2024_004126,TN_FENGAL_2024,SAR_ONLY,PASS,none
TN_FENGAL_2024_015660,TN_FENGAL_2024,SAR_ONLY,PASS,none
TN_FENGAL_2024_036156,TN_FENGAL_2024,SAR_ONLY,PASS,none
TN_FENGAL_2024_059310,TN_FENGAL_2024,SAR_ONLY,PASS,none
TN_FENGAL_2024_059428,TN_FENGAL_2024,SAR_ONLY,PASS,none
TN_FENGAL_2024_081051,TN_FENGAL_2024,SAR_ONLY,PASS,none
TN_FENGAL_2024_102510,TN_FENGAL_2024,SAR_ONLY,PASS,none
TN_FENGAL_2024_121572,TN_FENGAL_2024,SAR_ONLY,PASS,none
TN_FENGAL_2024_136773,TN_FENGAL_2024,SAR_ONLY,PASS,none
TN_FENGAL_2024_005286,TN_FENGAL_2024,SAR_ONLY,PASS,none
TN_FENGAL_2024_005860,TN_FENGAL_2024,SAR_ONLY,PASS,none
TN_FENGAL_2024_017080,TN_FENGAL_2024,SAR_ONLY,PASS,none
TN_FENGAL_2024_040548,TN_FENGAL_2024,SAR_ONLY,PASS,none
TN_FENGAL_2024_064272,TN_FENGAL_2024,SAR_ONLY,PASS,none
TN_FENGAL_2024_085956,TN_FENGAL_2024,SAR_ONLY,PASS,none
TN_FENGAL_2024_085969,TN_FENGAL_2024,SAR_ONLY,PASS,none
TN_FENGAL_2024_103979,TN_FENGAL_2024,SAR_ONLY,PASS,none
TN_FENGAL_2024_123827,TN_FENGAL_2024,SAR_ONLY,PASS,none
TN_FENGAL_2024_140309,TN_FENGAL_2024,SAR_ONLY,PASS,none
TN_FENGAL_2024_008878,TN_FENGAL_2024,SAR_ONLY,PASS,none
TN_FENGAL_2024_008893,TN_FENGAL_2024,SAR_ONLY,PASS,none
TN_FENGAL_2024_022095,TN_FENGAL_2024,SAR_ONLY,PASS,none
TN_FENGAL_2024_045516,TN_FENGAL_2024,SAR_ONLY,PASS,none
TN_FENGAL_2024_069231,TN_FENGAL_2024,SAR_ONLY,PASS,none
TN_FENGAL_2024_090896,TN_FENGAL_2024,SAR_ONLY,PASS,none
TN_FENGAL_2024_090905,TN_FENGAL_2024,SAR_ONLY,PASS,none
TN_FENGAL_2024_108916,TN_FENGAL_2024,SAR_ONLY,PASS,none
TN_FENGAL_2024_125709,TN_FENGAL_2024,SAR_ONLY,PASS,none
TN_FENGAL_2024_141930,TN_FENGAL_2024,SAR_ONLY,PASS,none
TN_FENGAL_2024_008986,TN_FENGAL_2024,SAR_ONLY,PASS,none
TN_FENGAL_2024_022117,TN_FENGAL_2024,SAR_ONLY,PASS,none
TN_FENGAL_2024_045572,TN_FENGAL_2024,SAR_ONLY,PASS,none
TN_FENGAL_2024_069233,TN_FENGAL_2024,SAR_ONLY,PASS,none
TN_FENGAL_2024_090902,TN_FENGAL_2024,SAR_ONLY,PASS,none
TN_FENGAL_2024_091062,TN_FENGAL_2024,SAR_ONLY,PASS,none
TN_FENGAL_2024_109438,TN_FENGAL_2024,SAR_ONLY,PASS,none
TN_FENGAL_2024_125718,TN_FENGAL_2024,SAR_ONLY,PASS,none
TN_FENGAL_2024_141955,TN_FENGAL_2024,SAR_ONLY,PASS,none
TN_FENGAL_2024_074305,TN_FENGAL_2024,SAR_ONLY,PASS,none
TN_FENGAL_2024_095856,TN_FENGAL_2024,SAR_ONLY,PASS,none
TN_FENGAL_2024_095875,TN_FENGAL_2024,SAR_ONLY,PASS,none
TN_FENGAL_2024_113808,TN_FENGAL_2024,SAR_ONLY,PASS,none
TN_FENGAL_2024_126392,TN_FENGAL_2024,SAR_ONLY,PASS,none
TN_FENGAL_2024_143103,TN_FENGAL_2024,SAR_ONLY,PASS,none
TN_FENGAL_2024_118752,TN_FENGAL_2024,SAR_ONLY,PASS,none
TN_FENGAL_2024_118754,TN_FENGAL_2024,SAR_ONLY,PASS,none
TN_FENGAL_2024_131351,TN_FENGAL_2024,SAR_ONLY,PASS,none
TN_FENGAL_2024_143589,TN_FENGAL_2024,SAR_ONLY,PASS,none
TN_FENGAL_2024_000003,TN_FENGAL_2024,SAR_ONLY,PASS,none
TN_FENGAL_2024_000023,TN_FENGAL_2024,SAR_ONLY,PASS,none
TN_FENGAL_2024_009770,TN_FENGAL_2024,SAR_ONLY,PASS,none
TN_FENGAL_2024_027039,TN_FENGAL_2024,SAR_ONLY,PASS,none
TN_FENGAL_2024_051691,TN_FENGAL_2024,SAR_ONLY,PASS,none
TN_FENGAL_2024_052292,TN_FENGAL_2024,SAR_ONLY,PASS,none
TN_FENGAL_2024_100789,TN_FENGAL_2024,SAR_ONLY,PASS,none
TN_FENGAL_2024_118761,TN_FENGAL_2024,SAR_ONLY,PASS,none
TN_FENGAL_2024_132702,TN_FENGAL_2024,SAR_ONLY,PASS,none
TN_FENGAL_2024_000011,TN_FENGAL_2024,SAR_ONLY,PASS,none
TN_FENGAL_2024_000052,TN_FENGAL_2024,SAR_ONLY,PASS,none
TN_FENGAL_2024_010414,TN_FENGAL_2024,SAR_ONLY,PASS,none
TN_FENGAL_2024_027484,TN_FENGAL_2024,SAR_ONLY,PASS,none
TN_FENGAL_2024_052577,TN_FENGAL_2024,SAR_ONLY,PASS,none
TN_FENGAL_2024_054636,TN_FENGAL_2024,SAR_ONLY,PASS,none
TN_FENGAL_2024_079204,TN_FENGAL_2024,SAR_ONLY,PASS,none
TN_FENGAL_2024_100966,TN_FENGAL_2024,SAR_ONLY,PASS,none
TN_FENGAL_2024_119506,TN_FENGAL_2024,SAR_ONLY,PASS,none
TN_FENGAL_2024_132814,TN_FENGAL_2024,SAR_ONLY,PASS,none
TN_FENGAL_2024_002972,TN_FENGAL_2024,SAR_ONLY,PASS,none
TN_FENGAL_2024_002960,TN_FENGAL_2024,SAR_ONLY,PASS,none
TN_FENGAL_2024_013327,TN_FENGAL_2024,SAR_ONLY,PASS,none
TN_FENGAL_2024_031113,TN_FENGAL_2024,SAR_ONLY,PASS,none
TN_FENGAL_2024_054351,TN_FENGAL_2024,SAR_ONLY,PASS,none
TN_FENGAL_2024_054678,TN_FENGAL_2024,SAR_ONLY,PASS,none
TN_FENGAL_2024_080041,TN_FENGAL_2024,SAR_ONLY,PASS,none
TN_FENGAL_2024_101012,TN_FENGAL_2024,SAR_ONLY,PASS,none
TN_FENGAL_2024_121052,TN_FENGAL_2024,SAR_ONLY,PASS,none
TN_FENGAL_2024_133717,TN_FENGAL_2024,SAR_ONLY,PASS,none
TN_FENGAL_2024_004086,TN_FENGAL_2024,SAR_ONLY,PASS,none
TN_FENGAL_2024_004107,TN_FENGAL_2024,SAR_ONLY,PASS,none
TN_FENGAL_2024_015675,TN_FENGAL_2024,SAR_ONLY,PASS,none
TN_FENGAL_2024_036083,TN_FENGAL_2024,SAR_ONLY,PASS,none
TN_FENGAL_2024_059297,TN_FENGAL_2024,SAR_ONLY,PASS,none
TN_FENGAL_2024_059783,TN_FENGAL_2024,SAR_ONLY,PASS,none
TN_FENGAL_2024_081106,TN_FENGAL_2024,SAR_ONLY,PASS,none
TN_FENGAL_2024_102562,TN_FENGAL_2024,SAR_ONLY,PASS,none
TN_FENGAL_2024_121573,TN_FENGAL_2024,SAR_ONLY,PASS,none
TN_FENGAL_2024_133925,TN_FENGAL_2024,SAR_ONLY,PASS,none
TN_FENGAL_2024_004091,TN_FENGAL_2024,SAR_ONLY,PASS,none
TN_FENGAL_2024_004156,TN_FENGAL_2024,SAR_ONLY,PASS,none
TN_FENGAL_2024_015663,TN_FENGAL_2024,SAR_ONLY,PASS,none
TN_FENGAL_2024_036167,TN_FENGAL_2024,SAR_ONLY,PASS,none
TN_FENGAL_2024_059311,TN_FENGAL_2024,SAR_ONLY,PASS,none
TN_FENGAL_2024_059560,TN_FENGAL_2024,SAR_ONLY,PASS,none
TN_FENGAL_2024_081104,TN_FENGAL_2024,SAR_ONLY,PASS,none
TN_FENGAL_2024_102512,TN_FENGAL_2024,SAR_ONLY,PASS,none
TN_FENGAL_2024_121583,TN_FENGAL_2024,SAR_ONLY,PASS,none
TN_FENGAL_2024_136804,TN_FENGAL_2024,SAR_ONLY,PASS,none
TN_FENGAL_2024_005289,TN_FENGAL_2024,SAR_ONLY,PASS,none
TN_FENGAL_2024_005924,TN_FENGAL_2024,SAR_ONLY,PASS,none
TN_FENGAL_2024_017081,TN_FENGAL_2024,SAR_ONLY,PASS,none
TN_FENGAL_2024_040549,TN_FENGAL_2024,SAR_ONLY,PASS,none
TN_FENGAL_2024_064276,TN_FENGAL_2024,SAR_ONLY,PASS,none
TN_FENGAL_2024_085958,TN_FENGAL_2024,SAR_ONLY,PASS,none
TN_FENGAL_2024_085974,TN_FENGAL_2024,SAR_ONLY,PASS,none
TN_FENGAL_2024_103990,TN_FENGAL_2024,SAR_ONLY,PASS,none
TN_FENGAL_2024_123828,TN_FENGAL_2024,SAR_ONLY,PASS,none
TN_FENGAL_2024_140310,TN_FENGAL_2024,SAR_ONLY,PASS,none
TN_FENGAL_2024_008879,TN_FENGAL_2024,SAR_ONLY,PASS,none
TN_FENGAL_2024_008896,TN_FENGAL_2024,SAR_ONLY,PASS,none
TN_FENGAL_2024_022096,TN_FENGAL_2024,SAR_ONLY,PASS,none
TN_FENGAL_2024_045517,TN_FENGAL_2024,SAR_ONLY,PASS,none
TN_FENGAL_2024_069234,TN_FENGAL_2024,SAR_ONLY,PASS,none
TN_FENGAL_2024_090898,TN_FENGAL_2024,SAR_ONLY,PASS,none
TN_FENGAL_2024_090912,TN_FENGAL_2024,SAR_ONLY,PASS,none
TN_FENGAL_2024_108931,TN_FENGAL_2024,SAR_ONLY,PASS,none
TN_FENGAL_2024_125710,TN_FENGAL_2024,SAR_ONLY,PASS,none
TN_FENGAL_2024_141931,TN_FENGAL_2024,SAR_ONLY,PASS,none
TN_FENGAL_2024_009014,TN_FENGAL_2024,SAR_ONLY,PASS,none
TN_FENGAL_2024_022141,TN_FENGAL_2024,SAR_ONLY,PASS,none
TN_FENGAL_2024_045573,TN_FENGAL_2024,SAR_ONLY,PASS,none
TN_FENGAL_2024_069239,TN_FENGAL_2024,SAR_ONLY,PASS,none
TN_FENGAL_2024_090913,TN_FENGAL_2024,SAR_ONLY,PASS,none
TN_FENGAL_2024_091081,TN_FENGAL_2024,SAR_ONLY,PASS,none
TN_FENGAL_2024_109753,TN_FENGAL_2024,SAR_ONLY,PASS,none
TN_FENGAL_2024_125727,TN_FENGAL_2024,SAR_ONLY,PASS,none
TN_FENGAL_2024_141973,TN_FENGAL_2024,SAR_ONLY,PASS,none
TN_FENGAL_2024_074355,TN_FENGAL_2024,SAR_ONLY,PASS,none
TN_FENGAL_2024_095863,TN_FENGAL_2024,SAR_ONLY,PASS,none
TN_FENGAL_2024_095878,TN_FENGAL_2024,SAR_ONLY,PASS,none
TN_FENGAL_2024_113809,TN_FENGAL_2024,SAR_ONLY,PASS,none
TN_FENGAL_2024_126396,TN_FENGAL_2024,SAR_ONLY,PASS,none
TN_FENGAL_2024_143105,TN_FENGAL_2024,SAR_ONLY,PASS,none
TN_FENGAL_2024_118755,TN_FENGAL_2024,SAR_ONLY,PASS,none
TN_FENGAL_2024_131352,TN_FENGAL_2024,SAR_ONLY,PASS,none
TN_FENGAL_2024_143590,TN_FENGAL_2024,SAR_ONLY,PASS,none
TN_FENGAL_2024_000005,TN_FENGAL_2024,SAR_ONLY,PASS,none
TN_FENGAL_2024_000034,TN_FENGAL_2024,SAR_ONLY,PASS,none
TN_FENGAL_2024_009784,TN_FENGAL_2024,SAR_ONLY,PASS,none
TN_FENGAL_2024_027041,TN_FENGAL_2024,SAR_ONLY,PASS,none
TN_FENGAL_2024_051692,TN_FENGAL_2024,SAR_ONLY,PASS,none
TN_FENGAL_2024_052392,TN_FENGAL_2024,SAR_ONLY,PASS,none
TN_FENGAL_2024_100790,TN_FENGAL_2024,SAR_ONLY,PASS,none
TN_FENGAL_2024_118762,TN_FENGAL_2024,SAR_ONLY,PASS,none
TN_FENGAL_2024_132705,TN_FENGAL_2024,SAR_ONLY,PASS,none
TN_FENGAL_2024_000012,TN_FENGAL_2024,SAR_ONLY,PASS,none
TN_FENGAL_2024_000061,TN_FENGAL_2024,SAR_ONLY,PASS,none
TN_FENGAL_2024_010422,TN_FENGAL_2024,SAR_ONLY,PASS,none
TN_FENGAL_2024_027486,TN_FENGAL_2024,SAR_ONLY,PASS,none
TN_FENGAL_2024_052580,TN_FENGAL_2024,SAR_ONLY,PASS,none
TN_FENGAL_2024_055396,TN_FENGAL_2024,SAR_ONLY,PASS,none
TN_FENGAL_2024_079303,TN_FENGAL_2024,SAR_ONLY,PASS,none
TN_FENGAL_2024_100967,TN_FENGAL_2024,SAR_ONLY,PASS,none
TN_FENGAL_2024_119507,TN_FENGAL_2024,SAR_ONLY,PASS,none
TN_FENGAL_2024_132816,TN_FENGAL_2024,SAR_ONLY,PASS,none
TN_FENGAL_2024_002981,TN_FENGAL_2024,SAR_ONLY,PASS,none
TN_FENGAL_2024_002975,TN_FENGAL_2024,SAR_ONLY,PASS,none
TN_FENGAL_2024_013329,TN_FENGAL_2024,SAR_ONLY,PASS,none
TN_FENGAL_2024_031115,TN_FENGAL_2024,SAR_ONLY,PASS,none
TN_FENGAL_2024_054355,TN_FENGAL_2024,SAR_ONLY,PASS,none
TN_FENGAL_2024_055080,TN_FENGAL_2024,SAR_ONLY,PASS,none
TN_FENGAL_2024_080801,TN_FENGAL_2024,SAR_ONLY,PASS,none
TN_FENGAL_2024_101013,TN_FENGAL_2024,SAR_ONLY,PASS,none
TN_FENGAL_2024_121055,TN_FENGAL_2024,SAR_ONLY,PASS,none
TN_FENGAL_2024_133719,TN_FENGAL_2024,SAR_ONLY,PASS,none
TN_FENGAL_2024_004087,TN_FENGAL_2024,SAR_ONLY,PASS,none
TN_FENGAL_2024_004110,TN_FENGAL_2024,SAR_ONLY,PASS,none
TN_FENGAL_2024_015694,TN_FENGAL_2024,SAR_ONLY,PASS,none
TN_FENGAL_2024_036086,TN_FENGAL_2024,SAR_ONLY,PASS,none
TN_FENGAL_2024_059298,TN_FENGAL_2024,SAR_ONLY,PASS,none
TN_FENGAL_2024_060094,TN_FENGAL_2024,SAR_ONLY,PASS,none
TN_FENGAL_2024_081207,TN_FENGAL_2024,SAR_ONLY,PASS,none
TN_FENGAL_2024_102587,TN_FENGAL_2024,SAR_ONLY,PASS,none
TN_FENGAL_2024_121575,TN_FENGAL_2024,SAR_ONLY,PASS,none
TN_FENGAL_2024_133999,TN_FENGAL_2024,SAR_ONLY,PASS,none
TN_FENGAL_2024_004092,TN_FENGAL_2024,SAR_ONLY,PASS,none
TN_FENGAL_2024_004250,TN_FENGAL_2024,SAR_ONLY,PASS,none
TN_FENGAL_2024_015664,TN_FENGAL_2024,SAR_ONLY,PASS,none
TN_FENGAL_2024_036188,TN_FENGAL_2024,SAR_ONLY,PASS,none
TN_FENGAL_2024_059318,TN_FENGAL_2024,SAR_ONLY,PASS,none
TN_FENGAL_2024_060915,TN_FENGAL_2024,SAR_ONLY,PASS,none
TN_FENGAL_2024_081136,TN_FENGAL_2024,SAR_ONLY,PASS,none
TN_FENGAL_2024_102518,TN_FENGAL_2024,SAR_ONLY,PASS,none
TN_FENGAL_2024_121598,TN_FENGAL_2024,SAR_ONLY,PASS,none
TN_FENGAL_2024_136817,TN_FENGAL_2024,SAR_ONLY,PASS,none
TN_FENGAL_2024_005290,TN_FENGAL_2024,SAR_ONLY,PASS,none
TN_FENGAL_2024_005995,TN_FENGAL_2024,SAR_ONLY,PASS,none
TN_FENGAL_2024_017082,TN_FENGAL_2024,SAR_ONLY,PASS,none
TN_FENGAL_2024_040550,TN_FENGAL_2024,SAR_ONLY,PASS,none
TN_FENGAL_2024_064278,TN_FENGAL_2024,SAR_ONLY,PASS,none
TN_FENGAL_2024_085959,TN_FENGAL_2024,SAR_ONLY,PASS,none
TN_FENGAL_2024_085985,TN_FENGAL_2024,SAR_ONLY,PASS,none
TN_FENGAL_2024_104005,TN_FENGAL_2024,SAR_ONLY,PASS,none
TN_FENGAL_2024_123830,TN_FENGAL_2024,SAR_ONLY,PASS,none
TN_FENGAL_2024_140311,TN_FENGAL_2024,SAR_ONLY,PASS,none
TN_FENGAL_2024_008880,TN_FENGAL_2024,SAR_ONLY,PASS,none
TN_FENGAL_2024_008897,TN_FENGAL_2024,SAR_ONLY,PASS,none
TN_FENGAL_2024_022104,TN_FENGAL_2024,SAR_ONLY,PASS,none
TN_FENGAL_2024_045518,TN_FENGAL_2024,SAR_ONLY,PASS,none
TN_FENGAL_2024_069235,TN_FENGAL_2024,SAR_ONLY,PASS,none
TN_FENGAL_2024_090899,TN_FENGAL_2024,SAR_ONLY,PASS,none
TN_FENGAL_2024_090917,TN_FENGAL_2024,SAR_ONLY,PASS,none
TN_FENGAL_2024_108941,TN_FENGAL_2024,SAR_ONLY,PASS,none
TN_FENGAL_2024_125716,TN_FENGAL_2024,SAR_ONLY,PASS,none
TN_FENGAL_2024_141932,TN_FENGAL_2024,SAR_ONLY,PASS,none
TN_FENGAL_2024_009116,TN_FENGAL_2024,SAR_ONLY,PASS,none
TN_FENGAL_2024_022180,TN_FENGAL_2024,SAR_ONLY,PASS,none
TN_FENGAL_2024_045579,TN_FENGAL_2024,SAR_ONLY,PASS,none
TN_FENGAL_2024_069240,TN_FENGAL_2024,SAR_ONLY,PASS,none
TN_FENGAL_2024_090923,TN_FENGAL_2024,SAR_ONLY,PASS,none
TN_FENGAL_2024_091090,TN_FENGAL_2024,SAR_ONLY,PASS,none
TN_FENGAL_2024_109807,TN_FENGAL_2024,SAR_ONLY,PASS,none
TN_FENGAL_2024_125735,TN_FENGAL_2024,SAR_ONLY,PASS,none
TN_FENGAL_2024_141984,TN_FENGAL_2024,SAR_ONLY,PASS,none
TN_FENGAL_2024_074432,TN_FENGAL_2024,SAR_ONLY,PASS,none
TN_FENGAL_2024_095865,TN_FENGAL_2024,SAR_ONLY,PASS,none
TN_FENGAL_2024_095880,TN_FENGAL_2024,SAR_ONLY,PASS,none
TN_FENGAL_2024_113810,TN_FENGAL_2024,SAR_ONLY,PASS,none
TN_FENGAL_2024_126401,TN_FENGAL_2024,SAR_ONLY,PASS,none
TN_FENGAL_2024_143108,TN_FENGAL_2024,SAR_ONLY,PASS,none
TN_FENGAL_2024_131539,TN_FENGAL_2024,SAR_ONLY,PASS,none
TN_FENGAL_2024_131353,TN_FENGAL_2024,SAR_ONLY,PASS,none
TN_FENGAL_2024_143591,TN_FENGAL_2024,SAR_ONLY,PASS,none
TN_FENGAL_2024_000007,TN_FENGAL_2024,SAR_ONLY,PASS,none
TN_FENGAL_2024_000039,TN_FENGAL_2024,SAR_ONLY,PASS,none
TN_FENGAL_2024_009789,TN_FENGAL_2024,SAR_ONLY,PASS,none
TN_FENGAL_2024_027046,TN_FENGAL_2024,SAR_ONLY,PASS,none
TN_FENGAL_2024_051693,TN_FENGAL_2024,SAR_ONLY,PASS,none
TN_FENGAL_2024_052533,TN_FENGAL_2024,SAR_ONLY,PASS,none
TN_FENGAL_2024_100791,TN_FENGAL_2024,SAR_ONLY,PASS,none
TN_FENGAL_2024_118764,TN_FENGAL_2024,SAR_ONLY,PASS,none
TN_FENGAL_2024_132713,TN_FENGAL_2024,SAR_ONLY,PASS,none
TN_FENGAL_2024_000013,TN_FENGAL_2024,SAR_ONLY,PASS,none
TN_FENGAL_2024_000072,TN_FENGAL_2024,SAR_ONLY,PASS,none
TN_FENGAL_2024_010424,TN_FENGAL_2024,SAR_ONLY,PASS,none
TN_FENGAL_2024_027487,TN_FENGAL_2024,SAR_ONLY,PASS,none
TN_FENGAL_2024_052584,TN_FENGAL_2024,SAR_ONLY,PASS,none
TN_FENGAL_2024_055906,TN_FENGAL_2024,SAR_ONLY,PASS,none
TN_FENGAL_2024_079365,TN_FENGAL_2024,SAR_ONLY,PASS,none
TN_FENGAL_2024_100968,TN_FENGAL_2024,SAR_ONLY,PASS,none
TN_FENGAL_2024_119508,TN_FENGAL_2024,SAR_ONLY,PASS,none
TN_FENGAL_2024_132819,TN_FENGAL_2024,SAR_ONLY,PASS,none
TN_FENGAL_2024_002984,TN_FENGAL_2024,SAR_ONLY,PASS,none
TN_FENGAL_2024_002980,TN_FENGAL_2024,SAR_ONLY,PASS,none
TN_FENGAL_2024_013332,TN_FENGAL_2024,SAR_ONLY,PASS,none
TN_FENGAL_2024_031116,TN_FENGAL_2024,SAR_ONLY,PASS,none
TN_FENGAL_2024_054356,TN_FENGAL_2024,SAR_ONLY,PASS,none
TN_FENGAL_2024_055095,TN_FENGAL_2024,SAR_ONLY,PASS,none
TN_FENGAL_2024_100992,TN_FENGAL_2024,SAR_ONLY,PASS,none
TN_FENGAL_2024_101014,TN_FENGAL_2024,SAR_ONLY,PASS,none
TN_FENGAL_2024_121058,TN_FENGAL_2024,SAR_ONLY,PASS,none
TN_FENGAL_2024_133720,TN_FENGAL_2024,SAR_ONLY,PASS,none
TN_FENGAL_2024_004088,TN_FENGAL_2024,SAR_ONLY,PASS,none
TN_FENGAL_2024_004117,TN_FENGAL_2024,SAR_ONLY,PASS,none
TN_FENGAL_2024_015702,TN_FENGAL_2024,SAR_ONLY,PASS,none
TN_FENGAL_2024_036088,TN_FENGAL_2024,SAR_ONLY,PASS,none
TN_FENGAL_2024_059303,TN_FENGAL_2024,SAR_ONLY,PASS,none
TN_FENGAL_2024_060257,TN_FENGAL_2024,SAR_ONLY,PASS,none
TN_FENGAL_2024_081259,TN_FENGAL_2024,SAR_ONLY,PASS,none
TN_FENGAL_2024_102594,TN_FENGAL_2024,SAR_ONLY,PASS,none
TN_FENGAL_2024_121576,TN_FENGAL_2024,SAR_ONLY,PASS,none
TN_FENGAL_2024_134018,TN_FENGAL_2024,SAR_ONLY,PASS,none
TN_FENGAL_2024_004100,TN_FENGAL_2024,SAR_ONLY,PASS,none
TN_FENGAL_2024_004252,TN_FENGAL_2024,SAR_ONLY,PASS,none
TN_FENGAL_2024_015665,TN_FENGAL_2024,SAR_ONLY,PASS,none
TN_FENGAL_2024_036203,TN_FENGAL_2024,SAR_ONLY,PASS,none
TN_FENGAL_2024_059321,TN_FENGAL_2024,SAR_ONLY,PASS,none
TN_FENGAL_2024_061014,TN_FENGAL_2024,SAR_ONLY,PASS,none
TN_FENGAL_2024_081137,TN_FENGAL_2024,SAR_ONLY,PASS,none
TN_FENGAL_2024_102520,TN_FENGAL_2024,SAR_ONLY,PASS,none
TN_FENGAL_2024_121623,TN_FENGAL_2024,SAR_ONLY,PASS,none
TN_FENGAL_2024_136820,TN_FENGAL_2024,SAR_ONLY,PASS,none
TN_FENGAL_2024_005293,TN_FENGAL_2024,SAR_ONLY,PASS,none
TN_FENGAL_2024_006007,TN_FENGAL_2024,SAR_ONLY,PASS,none
TN_FENGAL_2024_017085,TN_FENGAL_2024,SAR_ONLY,PASS,none
TN_FENGAL_2024_040551,TN_FENGAL_2024,SAR_ONLY,PASS,none
TN_FENGAL_2024_064280,TN_FENGAL_2024,SAR_ONLY,PASS,none
TN_FENGAL_2024_085962,TN_FENGAL_2024,SAR_ONLY,PASS,none
TN_FENGAL_2024_085988,TN_FENGAL_2024,SAR_ONLY,PASS,none
TN_FENGAL_2024_104058,TN_FENGAL_2024,SAR_ONLY,PASS,none
TN_FENGAL_2024_123831,TN_FENGAL_2024,SAR_ONLY,PASS,none
TN_FENGAL_2024_140313,TN_FENGAL_2024,SAR_ONLY,PASS,none
TN_FENGAL_2024_008881,TN_FENGAL_2024,SAR_ONLY,PASS,none
TN_FENGAL_2024_008901,TN_FENGAL_2024,SAR_ONLY,PASS,none
TN_FENGAL_2024_022106,TN_FENGAL_2024,SAR_ONLY,PASS,none
TN_FENGAL_2024_045519,TN_FENGAL_2024,SAR_ONLY,PASS,none
TN_FENGAL_2024_069236,TN_FENGAL_2024,SAR_ONLY,PASS,none
TN_FENGAL_2024_090901,TN_FENGAL_2024,SAR_ONLY,PASS,none
TN_FENGAL_2024_090920,TN_FENGAL_2024,SAR_ONLY,PASS,none
TN_FENGAL_2024_108947,TN_FENGAL_2024,SAR_ONLY,PASS,none
TN_FENGAL_2024_125719,TN_FENGAL_2024,SAR_ONLY,PASS,none
TN_FENGAL_2024_141933,TN_FENGAL_2024,SAR_ONLY,PASS,none
TN_FENGAL_2024_009193,TN_FENGAL_2024,SAR_ONLY,PASS,none
TN_FENGAL_2024_022182,TN_FENGAL_2024,SAR_ONLY,PASS,none
TN_FENGAL_2024_045603,TN_FENGAL_2024,SAR_ONLY,PASS,none
TN_FENGAL_2024_069242,TN_FENGAL_2024,SAR_ONLY,PASS,none
TN_FENGAL_2024_090931,TN_FENGAL_2024,SAR_ONLY,PASS,none
TN_FENGAL_2024_091140,TN_FENGAL_2024,SAR_ONLY,PASS,none
TN_FENGAL_2024_110434,TN_FENGAL_2024,SAR_ONLY,PASS,none
TN_FENGAL_2024_125747,TN_FENGAL_2024,SAR_ONLY,PASS,none
TN_FENGAL_2024_141991,TN_FENGAL_2024,SAR_ONLY,PASS,none
TN_FENGAL_2024_074475,TN_FENGAL_2024,SAR_ONLY,PASS,none
TN_FENGAL_2024_095867,TN_FENGAL_2024,SAR_ONLY,PASS,none
TN_FENGAL_2024_095904,TN_FENGAL_2024,SAR_ONLY,PASS,none
TN_FENGAL_2024_113811,TN_FENGAL_2024,SAR_ONLY,PASS,none
TN_FENGAL_2024_126406,TN_FENGAL_2024,SAR_ONLY,PASS,none
TN_FENGAL_2024_143109,TN_FENGAL_2024,SAR_ONLY,PASS,none
TN_FENGAL_2024_131554,TN_FENGAL_2024,SAR_ONLY,PASS,none
TN_FENGAL_2024_131354,TN_FENGAL_2024,SAR_ONLY,PASS,none
TN_FENGAL_2024_143592,TN_FENGAL_2024,SAR_ONLY,PASS,none
TN_FENGAL_2024_000008,TN_FENGAL_2024,SAR_ONLY,PASS,none
TN_FENGAL_2024_000042,TN_FENGAL_2024,SAR_ONLY,PASS,none
TN_FENGAL_2024_009794,TN_FENGAL_2024,SAR_ONLY,PASS,none
TN_FENGAL_2024_027047,TN_FENGAL_2024,SAR_ONLY,PASS,none
TN_FENGAL_2024_051694,TN_FENGAL_2024,SAR_ONLY,PASS,none
TN_FENGAL_2024_052722,TN_FENGAL_2024,SAR_ONLY,PASS,none
TN_FENGAL_2024_100792,TN_FENGAL_2024,SAR_ONLY,PASS,none
TN_FENGAL_2024_118765,TN_FENGAL_2024,SAR_ONLY,PASS,none
TN_FENGAL_2024_132716,TN_FENGAL_2024,SAR_ONLY,PASS,none
TN_FENGAL_2024_000017,TN_FENGAL_2024,SAR_ONLY,PASS,none
TN_FENGAL_2024_000076,TN_FENGAL_2024,SAR_ONLY,PASS,none
TN_FENGAL_2024_010428,TN_FENGAL_2024,SAR_ONLY,PASS,none
TN_FENGAL_2024_027488,TN_FENGAL_2024,SAR_ONLY,PASS,none
TN_FENGAL_2024_052589,TN_FENGAL_2024,SAR_ONLY,PASS,none
TN_FENGAL_2024_056268,TN_FENGAL_2024,SAR_ONLY,PASS,none
TN_FENGAL_2024_079398,TN_FENGAL_2024,SAR_ONLY,PASS,none
TN_FENGAL_2024_100970,TN_FENGAL_2024,SAR_ONLY,PASS,none
TN_FENGAL_2024_119509,TN_FENGAL_2024,SAR_ONLY,PASS,none
TN_FENGAL_2024_132820,TN_FENGAL_2024,SAR_ONLY,PASS,none
TN_FENGAL_2024_002990,TN_FENGAL_2024,SAR_ONLY,PASS,none
TN_FENGAL_2024_002994,TN_FENGAL_2024,SAR_ONLY,PASS,none
TN_FENGAL_2024_013334,TN_FENGAL_2024,SAR_ONLY,PASS,none
TN_FENGAL_2024_031118,TN_FENGAL_2024,SAR_ONLY,PASS,none
TN_FENGAL_2024_054357,TN_FENGAL_2024,SAR_ONLY,PASS,none
TN_FENGAL_2024_055127,TN_FENGAL_2024,SAR_ONLY,PASS,none
TN_FENGAL_2024_100997,TN_FENGAL_2024,SAR_ONLY,PASS,none
TN_FENGAL_2024_101019,TN_FENGAL_2024,SAR_ONLY,PASS,none
TN_FENGAL_2024_121063,TN_FENGAL_2024,SAR_ONLY,PASS,none
TN_FENGAL_2024_133721,TN_FENGAL_2024,SAR_ONLY,PASS,none
TN_FENGAL_2024_004089,TN_FENGAL_2024,SAR_ONLY,PASS,none
TN_FENGAL_2024_004118,TN_FENGAL_2024,SAR_ONLY,PASS,none
TN_FENGAL_2024_015715,TN_FENGAL_2024,SAR_ONLY,PASS,none
TN_FENGAL_2024_036091,TN_FENGAL_2024,SAR_ONLY,PASS,none
TN_FENGAL_2024_059304,TN_FENGAL_2024,SAR_ONLY,PASS,none
TN_FENGAL_2024_060418,TN_FENGAL_2024,SAR_ONLY,PASS,none
TN_FENGAL_2024_081458,TN_FENGAL_2024,SAR_ONLY,PASS,none
TN_FENGAL_2024_102596,TN_FENGAL_2024,SAR_ONLY,PASS,none
TN_FENGAL_2024_121577,TN_FENGAL_2024,SAR_ONLY,PASS,none
TN_FENGAL_2024_134054,TN_FENGAL_2024,SAR_ONLY,PASS,none
TN_FENGAL_2024_004101,TN_FENGAL_2024,SAR_ONLY,PASS,none
TN_FENGAL_2024_004294,TN_FENGAL_2024,SAR_ONLY,PASS,none
TN_FENGAL_2024_015672,TN_FENGAL_2024,SAR_ONLY,PASS,none
TN_FENGAL_2024_036209,TN_FENGAL_2024,SAR_ONLY,PASS,none
TN_FENGAL_2024_059323,TN_FENGAL_2024,SAR_ONLY,PASS,none
TN_FENGAL_2024_061404,TN_FENGAL_2024,SAR_ONLY,PASS,none
TN_FENGAL_2024_081150,TN_FENGAL_2024,SAR_ONLY,PASS,none
TN_FENGAL_2024_102521,TN_FENGAL_2024,SAR_ONLY,PASS,none
TN_FENGAL_2024_121626,TN_FENGAL_2024,SAR_ONLY,PASS,none
TN_FENGAL_2024_136827,TN_FENGAL_2024,SAR_ONLY,PASS,none
TN_FENGAL_2024_005294,TN_FENGAL_2024,SAR_ONLY,PASS,none
TN_FENGAL_2024_006033,TN_FENGAL_2024,SAR_ONLY,PASS,none
TN_FENGAL_2024_017086,TN_FENGAL_2024,SAR_ONLY,PASS,none
TN_FENGAL_2024_040552,TN_FENGAL_2024,SAR_ONLY,PASS,none
TN_FENGAL_2024_064282,TN_FENGAL_2024,SAR_ONLY,PASS,none
TN_FENGAL_2024_085963,TN_FENGAL_2024,SAR_ONLY,PASS,none
TN_FENGAL_2024_085991,TN_FENGAL_2024,SAR_ONLY,PASS,none
TN_FENGAL_2024_104081,TN_FENGAL_2024,SAR_ONLY,PASS,none
TN_FENGAL_2024_123833,TN_FENGAL_2024,SAR_ONLY,PASS,none
TN_FENGAL_2024_140314,TN_FENGAL_2024,SAR_ONLY,PASS,none
TN_FENGAL_2024_008882,TN_FENGAL_2024,SAR_ONLY,PASS,none
TN_FENGAL_2024_008903,TN_FENGAL_2024,SAR_ONLY,PASS,none
TN_FENGAL_2024_022110,TN_FENGAL_2024,SAR_ONLY,PASS,none
TN_FENGAL_2024_045521,TN_FENGAL_2024,SAR_ONLY,PASS,none
TN_FENGAL_2024_069238,TN_FENGAL_2024,SAR_ONLY,PASS,none
TN_FENGAL_2024_090903,TN_FENGAL_2024,SAR_ONLY,PASS,none
TN_FENGAL_2024_090921,TN_FENGAL_2024,SAR_ONLY,PASS,none
TN_FENGAL_2024_108960,TN_FENGAL_2024,SAR_ONLY,PASS,none
TN_FENGAL_2024_125720,TN_FENGAL_2024,SAR_ONLY,PASS,none
TN_FENGAL_2024_141934,TN_FENGAL_2024,SAR_ONLY,PASS,none
TN_FENGAL_2024_009388,TN_FENGAL_2024,SAR_ONLY,PASS,none
TN_FENGAL_2024_022185,TN_FENGAL_2024,SAR_ONLY,PASS,none
TN_FENGAL_2024_045608,TN_FENGAL_2024,SAR_ONLY,PASS,none
TN_FENGAL_2024_069244,TN_FENGAL_2024,SAR_ONLY,PASS,none
TN_FENGAL_2024_090937,TN_FENGAL_2024,SAR_ONLY,PASS,none
TN_FENGAL_2024_091146,TN_FENGAL_2024,SAR_ONLY,PASS,none
TN_FENGAL_2024_110461,TN_FENGAL_2024,SAR_ONLY,PASS,none
TN_FENGAL_2024_125761,TN_FENGAL_2024,SAR_ONLY,PASS,none
TN_FENGAL_2024_142042,TN_FENGAL_2024,SAR_ONLY,PASS,none
TN_FENGAL_2024_074576,TN_FENGAL_2024,SAR_ONLY,PASS,none
TN_FENGAL_2024_095869,TN_FENGAL_2024,SAR_ONLY,PASS,none
TN_FENGAL_2024_095908,TN_FENGAL_2024,SAR_ONLY,PASS,none
TN_FENGAL_2024_113813,TN_FENGAL_2024,SAR_ONLY,PASS,none
TN_FENGAL_2024_126408,TN_FENGAL_2024,SAR_ONLY,PASS,none
TN_FENGAL_2024_143114,TN_FENGAL_2024,SAR_ONLY,PASS,none
TN_FENGAL_2024_131580,TN_FENGAL_2024,SAR_ONLY,PASS,none
TN_FENGAL_2024_131355,TN_FENGAL_2024,SAR_ONLY,PASS,none
TN_FENGAL_2024_143593,TN_FENGAL_2024,SAR_ONLY,PASS,none
TN_FENGAL_2024_000009,TN_FENGAL_2024,SAR_ONLY,PASS,none
TN_FENGAL_2024_000045,TN_FENGAL_2024,SAR_ONLY,PASS,none
TN_FENGAL_2024_009801,TN_FENGAL_2024,SAR_ONLY,PASS,none
TN_FENGAL_2024_027048,TN_FENGAL_2024,SAR_ONLY,PASS,none
TN_FENGAL_2024_051696,TN_FENGAL_2024,SAR_ONLY,PASS,none
TN_FENGAL_2024_053330,TN_FENGAL_2024,SAR_ONLY,PASS,none
TN_FENGAL_2024_100793,TN_FENGAL_2024,SAR_ONLY,PASS,none
TN_FENGAL_2024_118766,TN_FENGAL_2024,SAR_ONLY,PASS,none
TN_FENGAL_2024_132720,TN_FENGAL_2024,SAR_ONLY,PASS,none
TN_FENGAL_2024_000022,TN_FENGAL_2024,SAR_ONLY,PASS,none
TN_FENGAL_2024_000080,TN_FENGAL_2024,SAR_ONLY,PASS,none
TN_FENGAL_2024_010443,TN_FENGAL_2024,SAR_ONLY,PASS,none
TN_FENGAL_2024_027490,TN_FENGAL_2024,SAR_ONLY,PASS,none
TN_FENGAL_2024_052590,TN_FENGAL_2024,SAR_ONLY,PASS,none
TN_FENGAL_2024_056445,TN_FENGAL_2024,SAR_ONLY,PASS,none
TN_FENGAL_2024_079579,TN_FENGAL_2024,SAR_ONLY,PASS,none
TN_FENGAL_2024_100971,TN_FENGAL_2024,SAR_ONLY,PASS,none
TN_FENGAL_2024_119510,TN_FENGAL_2024,SAR_ONLY,PASS,none
TN_FENGAL_2024_132825,TN_FENGAL_2024,SAR_ONLY,PASS,none
TN_FENGAL_2024_002992,TN_FENGAL_2024,SAR_ONLY,PASS,none
TN_FENGAL_2024_002999,TN_FENGAL_2024,SAR_ONLY,PASS,none
TN_FENGAL_2024_013342,TN_FENGAL_2024,SAR_ONLY,PASS,none
TN_FENGAL_2024_031122,TN_FENGAL_2024,SAR_ONLY,PASS,none
TN_FENGAL_2024_054359,TN_FENGAL_2024,SAR_ONLY,PASS,none
TN_FENGAL_2024_055305,TN_FENGAL_2024,SAR_ONLY,PASS,none
TN_FENGAL_2024_101001,TN_FENGAL_2024,SAR_ONLY,PASS,none
TN_FENGAL_2024_101021,TN_FENGAL_2024,SAR_ONLY,PASS,none
TN_FENGAL_2024_121066,TN_FENGAL_2024,SAR_ONLY,PASS,none
TN_FENGAL_2024_133722,TN_FENGAL_2024,SAR_ONLY,PASS,none
TN_FENGAL_2024_004093,TN_FENGAL_2024,SAR_ONLY,PASS,none
TN_FENGAL_2024_004124,TN_FENGAL_2024,SAR_ONLY,PASS,none
TN_FENGAL_2024_015721,TN_FENGAL_2024,SAR_ONLY,PASS,none
TN_FENGAL_2024_036094,TN_FENGAL_2024,SAR_ONLY,PASS,none
TN_FENGAL_2024_059306,TN_FENGAL_2024,SAR_ONLY,PASS,none
TN_FENGAL_2024_060693,TN_FENGAL_2024,SAR_ONLY,PASS,none
TN_FENGAL_2024_081491,TN_FENGAL_2024,SAR_ONLY,PASS,none
TN_FENGAL_2024_102624,TN_FENGAL_2024,SAR_ONLY,PASS,none
TN_FENGAL_2024_121578,TN_FENGAL_2024,SAR_ONLY,PASS,none
TN_FENGAL_2024_134081,TN_FENGAL_2024,SAR_ONLY,PASS,none
TN_FENGAL_2024_004104,TN_FENGAL_2024,SAR_ONLY,PASS,none
TN_FENGAL_2024_004356,TN_FENGAL_2024,SAR_ONLY,PASS,none
TN_FENGAL_2024_015680,TN_FENGAL_2024,SAR_ONLY,PASS,none
TN_FENGAL_2024_036221,TN_FENGAL_2024,SAR_ONLY,PASS,none
TN_FENGAL_2024_059335,TN_FENGAL_2024,SAR_ONLY,PASS,none
TN_FENGAL_2024_061968,TN_FENGAL_2024,SAR_ONLY,PASS,none
TN_FENGAL_2024_081167,TN_FENGAL_2024,SAR_ONLY,PASS,none
TN_FENGAL_2024_102524,TN_FENGAL_2024,SAR_ONLY,PASS,none
TN_FENGAL_2024_121629,TN_FENGAL_2024,SAR_ONLY,PASS,none
TN_FENGAL_2024_136834,TN_FENGAL_2024,SAR_ONLY,PASS,none
TN_FENGAL_2024_005295,TN_FENGAL_2024,SAR_ONLY,PASS,none
TN_FENGAL_2024_006450,TN_FENGAL_2024,SAR_ONLY,PASS,none
TN_FENGAL_2024_017090,TN_FENGAL_2024,SAR_ONLY,PASS,none
TN_FENGAL_2024_040554,TN_FENGAL_2024,SAR_ONLY,PASS,none
TN_FENGAL_2024_064283,TN_FENGAL_2024,SAR_ONLY,PASS,none
TN_FENGAL_2024_085966,TN_FENGAL_2024,SAR_ONLY,PASS,none
TN_FENGAL_2024_085992,TN_FENGAL_2024,SAR_ONLY,PASS,none
TN_FENGAL_2024_104153,TN_FENGAL_2024,SAR_ONLY,PASS,none
TN_FENGAL_2024_123834,TN_FENGAL_2024,SAR_ONLY,PASS,none
TN_FENGAL_2024_140315,TN_FENGAL_2024,SAR_ONLY,PASS,none
TN_FENGAL_2024_008884,TN_FENGAL_2024,SAR_ONLY,PASS,none
TN_FENGAL_2024_008905,TN_FENGAL_2024,SAR_ONLY,PASS,none
TN_FENGAL_2024_022118,TN_FENGAL_2024,SAR_ONLY,PASS,none
TN_FENGAL_2024_045523,TN_FENGAL_2024,SAR_ONLY,PASS,none
TN_FENGAL_2024_069241,TN_FENGAL_2024,SAR_ONLY,PASS,none
TN_FENGAL_2024_090904,TN_FENGAL_2024,SAR_ONLY,PASS,none
TN_FENGAL_2024_090924,TN_FENGAL_2024,SAR_ONLY,PASS,none
TN_FENGAL_2024_108993,TN_FENGAL_2024,SAR_ONLY,PASS,none
TN_FENGAL_2024_125721,TN_FENGAL_2024,SAR_ONLY,PASS,none
TN_FENGAL_2024_141935,TN_FENGAL_2024,SAR_ONLY,PASS,none
TN_FENGAL_2024_009426,TN_FENGAL_2024,SAR_ONLY,PASS,none
TN_FENGAL_2024_022189,TN_FENGAL_2024,SAR_ONLY,PASS,none
TN_FENGAL_2024_045609,TN_FENGAL_2024,SAR_ONLY,PASS,none
TN_FENGAL_2024_069249,TN_FENGAL_2024,SAR_ONLY,PASS,none
TN_FENGAL_2024_090938,TN_FENGAL_2024,SAR_ONLY,PASS,none
TN_FENGAL_2024_091170,TN_FENGAL_2024,SAR_ONLY,PASS,none
TN_FENGAL_2024_110635,TN_FENGAL_2024,SAR_ONLY,PASS,none
TN_FENGAL_2024_125769,TN_FENGAL_2024,SAR_ONLY,PASS,none
TN_FENGAL_2024_142069,TN_FENGAL_2024,SAR_ONLY,PASS,none
TN_FENGAL_2024_074584,TN_FENGAL_2024,SAR_ONLY,PASS,none
TN_FENGAL_2024_095873,TN_FENGAL_2024,SAR_ONLY,PASS,none
TN_FENGAL_2024_095927,TN_FENGAL_2024,SAR_ONLY,PASS,none
TN_FENGAL_2024_113818,TN_FENGAL_2024,SAR_ONLY,PASS,none
TN_FENGAL_2024_126409,TN_FENGAL_2024,SAR_ONLY,PASS,none
TN_FENGAL_2024_143115,TN_FENGAL_2024,SAR_ONLY,PASS,none
TN_FENGAL_2024_131929,TN_FENGAL_2024,SAR_ONLY,PASS,none
TN_FENGAL_2024_131356,TN_FENGAL_2024,SAR_ONLY,PASS,none
TN_FENGAL_2024_143594,TN_FENGAL_2024,SAR_ONLY,PASS,none
TN_FENGAL_2024_000010,TN_FENGAL_2024,SAR_ONLY,PASS,none
TN_FENGAL_2024_000047,TN_FENGAL_2024,SAR_ONLY,PASS,none
TN_FENGAL_2024_009804,TN_FENGAL_2024,SAR_ONLY,PASS,none
TN_FENGAL_2024_027050,TN_FENGAL_2024,SAR_ONLY,PASS,none
TN_FENGAL_2024_051698,TN_FENGAL_2024,SAR_ONLY,PASS,none
TN_FENGAL_2024_079140,TN_FENGAL_2024,SAR_ONLY,PASS,none
TN_FENGAL_2024_100794,TN_FENGAL_2024,SAR_ONLY,PASS,none
TN_FENGAL_2024_118767,TN_FENGAL_2024,SAR_ONLY,PASS,none
TN_FENGAL_2024_132722,TN_FENGAL_2024,SAR_ONLY,PASS,none
TN_FENGAL_2024_000025,TN_FENGAL_2024,SAR_ONLY,PASS,none
TN_FENGAL_2024_000088,TN_FENGAL_2024,SAR_ONLY,PASS,none
TN_FENGAL_2024_010451,TN_FENGAL_2024,SAR_ONLY,PASS,none
TN_FENGAL_2024_027494,TN_FENGAL_2024,SAR_ONLY,PASS,none
TN_FENGAL_2024_052594,TN_FENGAL_2024,SAR_ONLY,PASS,none
TN_FENGAL_2024_056830,TN_FENGAL_2024,SAR_ONLY,PASS,none
TN_FENGAL_2024_079730,TN_FENGAL_2024,SAR_ONLY,PASS,none
TN_FENGAL_2024_100973,TN_FENGAL_2024,SAR_ONLY,PASS,none
TN_FENGAL_2024_119511,TN_FENGAL_2024,SAR_ONLY,PASS,none
TN_FENGAL_2024_132828,TN_FENGAL_2024,SAR_ONLY,PASS,none
TN_FENGAL_2024_003004,TN_FENGAL_2024,SAR_ONLY,PASS,none
TN_FENGAL_2024_003000,TN_FENGAL_2024,SAR_ONLY,PASS,none
TN_FENGAL_2024_013374,TN_FENGAL_2024,SAR_ONLY,PASS,none
TN_FENGAL_2024_031123,TN_FENGAL_2024,SAR_ONLY,PASS,none
TN_FENGAL_2024_054368,TN_FENGAL_2024,SAR_ONLY,PASS,none
TN_FENGAL_2024_055363,TN_FENGAL_2024,SAR_ONLY,PASS,none
TN_FENGAL_2024_101005,TN_FENGAL_2024,SAR_ONLY,PASS,none
TN_FENGAL_2024_101027,TN_FENGAL_2024,SAR_ONLY,PASS,none
TN_FENGAL_2024_121067,TN_FENGAL_2024,SAR_ONLY,PASS,none
TN_FENGAL_2024_133723,TN_FENGAL_2024,SAR_ONLY,PASS,none
TN_FENGAL_2024_004095,TN_FENGAL_2024,SAR_ONLY,PASS,none
TN_FENGAL_2024_004129,TN_FENGAL_2024,SAR_ONLY,PASS,none
TN_FENGAL_2024_015727,TN_FENGAL_2024,SAR_ONLY,PASS,none
TN_FENGAL_2024_036095,TN_FENGAL_2024,SAR_ONLY,PASS,none
TN_FENGAL_2024_059307,TN_FENGAL_2024,SAR_ONLY,PASS,none
TN_FENGAL_2024_060939,TN_FENGAL_2024,SAR_ONLY,PASS,none
TN_FENGAL_2024_081507,TN_FENGAL_2024,SAR_ONLY,PASS,none
TN_FENGAL_2024_102641,TN_FENGAL_2024,SAR_ONLY,PASS,none
TN_FENGAL_2024_121582,TN_FENGAL_2024,SAR_ONLY,PASS,none
TN_FENGAL_2024_134125,TN_FENGAL_2024,SAR_ONLY,PASS,none
TN_FENGAL_2024_004105,TN_FENGAL_2024,SAR_ONLY,PASS,none
TN_FENGAL_2024_004405,TN_FENGAL_2024,SAR_ONLY,PASS,none
TN_FENGAL_2024_015687,TN_FENGAL_2024,SAR_ONLY,PASS,none
TN_FENGAL_2024_036232,TN_FENGAL_2024,SAR_ONLY,PASS,none
TN_FENGAL_2024_059336,TN_FENGAL_2024,SAR_ONLY,PASS,none
TN_FENGAL_2024_064117,TN_FENGAL_2024,SAR_ONLY,PASS,none
TN_FENGAL_2024_081170,TN_FENGAL_2024,SAR_ONLY,PASS,none
TN_FENGAL_2024_102525,TN_FENGAL_2024,SAR_ONLY,PASS,none
TN_FENGAL_2024_121632,TN_FENGAL_2024,SAR_ONLY,PASS,none
TN_FENGAL_2024_136838,TN_FENGAL_2024,SAR_ONLY,PASS,none
TN_FENGAL_2024_005296,TN_FENGAL_2024,SAR_ONLY,PASS,none
TN_FENGAL_2024_006498,TN_FENGAL_2024,SAR_ONLY,PASS,none
TN_FENGAL_2024_017096,TN_FENGAL_2024,SAR_ONLY,PASS,none
TN_FENGAL_2024_040556,TN_FENGAL_2024,SAR_ONLY,PASS,none
TN_FENGAL_2024_064284,TN_FENGAL_2024,SAR_ONLY,PASS,none
TN_FENGAL_2024_085970,TN_FENGAL_2024,SAR_ONLY,PASS,none
TN_FENGAL_2024_085998,TN_FENGAL_2024,SAR_ONLY,PASS,none
TN_FENGAL_2024_104289,TN_FENGAL_2024,SAR_ONLY,PASS,none
TN_FENGAL_2024_123835,TN_FENGAL_2024,SAR_ONLY,PASS,none
TN_FENGAL_2024_140316,TN_FENGAL_2024,SAR_ONLY,PASS,none
TN_FENGAL_2024_008885,TN_FENGAL_2024,SAR_ONLY,PASS,none
TN_FENGAL_2024_008913,TN_FENGAL_2024,SAR_ONLY,PASS,none
TN_FENGAL_2024_022126,TN_FENGAL_2024,SAR_ONLY,PASS,none
TN_FENGAL_2024_045524,TN_FENGAL_2024,SAR_ONLY,PASS,none
TN_FENGAL_2024_069243,TN_FENGAL_2024,SAR_ONLY,PASS,none
TN_FENGAL_2024_090906,TN_FENGAL_2024,SAR_ONLY,PASS,none
TN_FENGAL_2024_090927,TN_FENGAL_2024,SAR_ONLY,PASS,none
TN_FENGAL_2024_109002,TN_FENGAL_2024,SAR_ONLY,PASS,none
TN_FENGAL_2024_125722,TN_FENGAL_2024,SAR_ONLY,PASS,none
TN_FENGAL_2024_141936,TN_FENGAL_2024,SAR_ONLY,PASS,none
TN_FENGAL_2024_009462,TN_FENGAL_2024,SAR_ONLY,PASS,none
TN_FENGAL_2024_022196,TN_FENGAL_2024,SAR_ONLY,PASS,none
TN_FENGAL_2024_045630,TN_FENGAL_2024,SAR_ONLY,PASS,none
TN_FENGAL_2024_069251,TN_FENGAL_2024,SAR_ONLY,PASS,none
TN_FENGAL_2024_090939,TN_FENGAL_2024,SAR_ONLY,PASS,none
TN_FENGAL_2024_091179,TN_FENGAL_2024,SAR_ONLY,PASS,none
TN_FENGAL_2024_110838,TN_FENGAL_2024,SAR_ONLY,PASS,none
TN_FENGAL_2024_125771,TN_FENGAL_2024,SAR_ONLY,PASS,none
TN_FENGAL_2024_142085,TN_FENGAL_2024,SAR_ONLY,PASS,none
TN_FENGAL_2024_074588,TN_FENGAL_2024,SAR_ONLY,PASS,none
TN_FENGAL_2024_095874,TN_FENGAL_2024,SAR_ONLY,PASS,none
TN_FENGAL_2024_095942,TN_FENGAL_2024,SAR_ONLY,PASS,none
TN_FENGAL_2024_113828,TN_FENGAL_2024,SAR_ONLY,PASS,none
TN_FENGAL_2024_126410,TN_FENGAL_2024,SAR_ONLY,PASS,none
TN_FENGAL_2024_143117,TN_FENGAL_2024,SAR_ONLY,PASS,none
TN_FENGAL_2024_132037,TN_FENGAL_2024,SAR_ONLY,PASS,none
TN_FENGAL_2024_131357,TN_FENGAL_2024,SAR_ONLY,PASS,none
TN_FENGAL_2024_143595,TN_FENGAL_2024,SAR_ONLY,PASS,none
TN_FENGAL_2024_000015,TN_FENGAL_2024,SAR_ONLY,PASS,none
TN_FENGAL_2024_000054,TN_FENGAL_2024,SAR_ONLY,PASS,none
TN_FENGAL_2024_009806,TN_FENGAL_2024,SAR_ONLY,PASS,none
TN_FENGAL_2024_027051,TN_FENGAL_2024,SAR_ONLY,PASS,none
TN_FENGAL_2024_051700,TN_FENGAL_2024,SAR_ONLY,PASS,none
TN_FENGAL_2024_079142,TN_FENGAL_2024,SAR_ONLY,PASS,none
TN_FENGAL_2024_100795,TN_FENGAL_2024,SAR_ONLY,PASS,none
TN_FENGAL_2024_118769,TN_FENGAL_2024,SAR_ONLY,PASS,none
TN_FENGAL_2024_132725,TN_FENGAL_2024,SAR_ONLY,PASS,none
TN_FENGAL_2024_000026,TN_FENGAL_2024,SAR_ONLY,PASS,none
TN_FENGAL_2024_000093,TN_FENGAL_2024,SAR_ONLY,PASS,none
TN_FENGAL_2024_010456,TN_FENGAL_2024,SAR_ONLY,PASS,none
TN_FENGAL_2024_027498,TN_FENGAL_2024,SAR_ONLY,PASS,none
TN_FENGAL_2024_052595,TN_FENGAL_2024,SAR_ONLY,PASS,none
TN_FENGAL_2024_056983,TN_FENGAL_2024,SAR_ONLY,PASS,none
TN_FENGAL_2024_079911,TN_FENGAL_2024,SAR_ONLY,PASS,none
TN_FENGAL_2024_100974,TN_FENGAL_2024,SAR_ONLY,PASS,none
TN_FENGAL_2024_119512,TN_FENGAL_2024,SAR_ONLY,PASS,none
TN_FENGAL_2024_132831,TN_FENGAL_2024,SAR_ONLY,PASS,none
TN_FENGAL_2024_003005,TN_FENGAL_2024,SAR_ONLY,PASS,none
TN_FENGAL_2024_003010,TN_FENGAL_2024,SAR_ONLY,PASS,none
TN_FENGAL_2024_013379,TN_FENGAL_2024,SAR_ONLY,PASS,none
TN_FENGAL_2024_031124,TN_FENGAL_2024,SAR_ONLY,PASS,none
TN_FENGAL_2024_054369,TN_FENGAL_2024,SAR_ONLY,PASS,none
TN_FENGAL_2024_055527,TN_FENGAL_2024,SAR_ONLY,PASS,none
TN_FENGAL_2024_101009,TN_FENGAL_2024,SAR_ONLY,PASS,none
TN_FENGAL_2024_101029,TN_FENGAL_2024,SAR_ONLY,PASS,none
TN_FENGAL_2024_121069,TN_FENGAL_2024,SAR_ONLY,PASS,none
TN_FENGAL_2024_133724,TN_FENGAL_2024,SAR_ONLY,PASS,none
TN_FENGAL_2024_004097,TN_FENGAL_2024,SAR_ONLY,PASS,none
TN_FENGAL_2024_004132,TN_FENGAL_2024,SAR_ONLY,PASS,none
TN_FENGAL_2024_015729,TN_FENGAL_2024,SAR_ONLY,PASS,none
TN_FENGAL_2024_036097,TN_FENGAL_2024,SAR_ONLY,PASS,none
TN_FENGAL_2024_059308,TN_FENGAL_2024,SAR_ONLY,PASS,none
TN_FENGAL_2024_061050,TN_FENGAL_2024,SAR_ONLY,PASS,none
TN_FENGAL_2024_081509,TN_FENGAL_2024,SAR_ONLY,PASS,none
TN_FENGAL_2024_102649,TN_FENGAL_2024,SAR_ONLY,PASS,none
TN_FENGAL_2024_121584,TN_FENGAL_2024,SAR_ONLY,PASS,none
TN_FENGAL_2024_134323,TN_FENGAL_2024,SAR_ONLY,PASS,none
TN_FENGAL_2024_004111,TN_FENGAL_2024,SAR_ONLY,PASS,none
TN_FENGAL_2024_004408,TN_FENGAL_2024,SAR_ONLY,PASS,none
TN_FENGAL_2024_015689,TN_FENGAL_2024,SAR_ONLY,PASS,none
TN_FENGAL_2024_036237,TN_FENGAL_2024,SAR_ONLY,PASS,none
TN_FENGAL_2024_059340,TN_FENGAL_2024,SAR_ONLY,PASS,none
TN_FENGAL_2024_068925,TN_FENGAL_2024,SAR_ONLY,PASS,none
TN_FENGAL_2024_081172,TN_FENGAL_2024,SAR_ONLY,PASS,none
TN_FENGAL_2024_102530,TN_FENGAL_2024,SAR_ONLY,PASS,none
TN_FENGAL_2024_121634,TN_FENGAL_2024,SAR_ONLY,PASS,none
TN_FENGAL_2024_136841,TN_FENGAL_2024,SAR_ONLY,PASS,none
TN_FENGAL_2024_005297,TN_FENGAL_2024,SAR_ONLY,PASS,none
TN_FENGAL_2024_006520,TN_FENGAL_2024,SAR_ONLY,PASS,none
TN_FENGAL_2024_017099,TN_FENGAL_2024,SAR_ONLY,PASS,none
TN_FENGAL_2024_040557,TN_FENGAL_2024,SAR_ONLY,PASS,none
TN_FENGAL_2024_064287,TN_FENGAL_2024,SAR_ONLY,PASS,none
TN_FENGAL_2024_085971,TN_FENGAL_2024,SAR_ONLY,PASS,none
TN_FENGAL_2024_086004,TN_FENGAL_2024,SAR_ONLY,PASS,none
TN_FENGAL_2024_104332,TN_FENGAL_2024,SAR_ONLY,PASS,none
TN_FENGAL_2024_123836,TN_FENGAL_2024,SAR_ONLY,PASS,none
TN_FENGAL_2024_140317,TN_FENGAL_2024,SAR_ONLY,PASS,none
TN_FENGAL_2024_008886,TN_FENGAL_2024,SAR_ONLY,PASS,none
TN_FENGAL_2024_008915,TN_FENGAL_2024,SAR_ONLY,PASS,none
TN_FENGAL_2024_022127,TN_FENGAL_2024,SAR_ONLY,PASS,none
TN_FENGAL_2024_045525,TN_FENGAL_2024,SAR_ONLY,PASS,none
TN_FENGAL_2024_069245,TN_FENGAL_2024,SAR_ONLY,PASS,none
TN_FENGAL_2024_090907,TN_FENGAL_2024,SAR_ONLY,PASS,none
TN_FENGAL_2024_090929,TN_FENGAL_2024,SAR_ONLY,PASS,none
TN_FENGAL_2024_109004,TN_FENGAL_2024,SAR_ONLY,PASS,none
TN_FENGAL_2024_125723,TN_FENGAL_2024,SAR_ONLY,PASS,none
TN_FENGAL_2024_141937,TN_FENGAL_2024,SAR_ONLY,PASS,none
TN_FENGAL_2024_009465,TN_FENGAL_2024,SAR_ONLY,PASS,none
TN_FENGAL_2024_022213,TN_FENGAL_2024,SAR_ONLY,PASS,none
TN_FENGAL_2024_045656,TN_FENGAL_2024,SAR_ONLY,PASS,none
TN_FENGAL_2024_069252,TN_FENGAL_2024,SAR_ONLY,PASS,none
TN_FENGAL_2024_090942,TN_FENGAL_2024,SAR_ONLY,PASS,none
TN_FENGAL_2024_091183,TN_FENGAL_2024,SAR_ONLY,PASS,none
TN_FENGAL_2024_110895,TN_FENGAL_2024,SAR_ONLY,PASS,none
TN_FENGAL_2024_125773,TN_FENGAL_2024,SAR_ONLY,PASS,none
TN_FENGAL_2024_142097,TN_FENGAL_2024,SAR_ONLY,PASS,none
TN_FENGAL_2024_074677,TN_FENGAL_2024,SAR_ONLY,PASS,none
TN_FENGAL_2024_095877,TN_FENGAL_2024,SAR_ONLY,PASS,none
TN_FENGAL_2024_095952,TN_FENGAL_2024,SAR_ONLY,PASS,none
TN_FENGAL_2024_113841,TN_FENGAL_2024,SAR_ONLY,PASS,none
TN_FENGAL_2024_126411,TN_FENGAL_2024,SAR_ONLY,PASS,none
TN_FENGAL_2024_143122,TN_FENGAL_2024,SAR_ONLY,PASS,none
TN_FENGAL_2024_132096,TN_FENGAL_2024,SAR_ONLY,PASS,none
TN_FENGAL_2024_131359,TN_FENGAL_2024,SAR_ONLY,PASS,none
TN_FENGAL_2024_143596,TN_FENGAL_2024,SAR_ONLY,PASS,none
TN_FENGAL_2024_000018,TN_FENGAL_2024,SAR_ONLY,PASS,none
TN_FENGAL_2024_000056,TN_FENGAL_2024,SAR_ONLY,PASS,none
TN_FENGAL_2024_009808,TN_FENGAL_2024,SAR_ONLY,PASS,none
TN_FENGAL_2024_027053,TN_FENGAL_2024,SAR_ONLY,PASS,none
TN_FENGAL_2024_051702,TN_FENGAL_2024,SAR_ONLY,PASS,none
TN_FENGAL_2024_079144,TN_FENGAL_2024,SAR_ONLY,PASS,none
TN_FENGAL_2024_100796,TN_FENGAL_2024,SAR_ONLY,PASS,none
TN_FENGAL_2024_118770,TN_FENGAL_2024,SAR_ONLY,PASS,none
TN_FENGAL_2024_132727,TN_FENGAL_2024,SAR_ONLY,PASS,none
TN_FENGAL_2024_000027,TN_FENGAL_2024,SAR_ONLY,PASS,none
TN_FENGAL_2024_000112,TN_FENGAL_2024,SAR_ONLY,PASS,none
TN_FENGAL_2024_010465,TN_FENGAL_2024,SAR_ONLY,PASS,none
TN_FENGAL_2024_027500,TN_FENGAL_2024,SAR_ONLY,PASS,none
TN_FENGAL_2024_052596,TN_FENGAL_2024,SAR_ONLY,PASS,none
TN_FENGAL_2024_057158,TN_FENGAL_2024,SAR_ONLY,PASS,none
TN_FENGAL_2024_079958,TN_FENGAL_2024,SAR_ONLY,PASS,none
TN_FENGAL_2024_100977,TN_FENGAL_2024,SAR_ONLY,PASS,none
TN_FENGAL_2024_119513,TN_FENGAL_2024,SAR_ONLY,PASS,none
TN_FENGAL_2024_132832,TN_FENGAL_2024,SAR_ONLY,PASS,none
TN_FENGAL_2024_003023,TN_FENGAL_2024,SAR_ONLY,PASS,none
TN_FENGAL_2024_003011,TN_FENGAL_2024,SAR_ONLY,PASS,none
TN_FENGAL_2024_013385,TN_FENGAL_2024,SAR_ONLY,PASS,none
TN_FENGAL_2024_031132,TN_FENGAL_2024,SAR_ONLY,PASS,none
TN_FENGAL_2024_054372,TN_FENGAL_2024,SAR_ONLY,PASS,none
TN_FENGAL_2024_055637,TN_FENGAL_2024,SAR_ONLY,PASS,none
TN_FENGAL_2024_101018,TN_FENGAL_2024,SAR_ONLY,PASS,none
TN_FENGAL_2024_101035,TN_FENGAL_2024,SAR_ONLY,PASS,none
TN_FENGAL_2024_121070,TN_FENGAL_2024,SAR_ONLY,PASS,none
TN_FENGAL_2024_133725,TN_FENGAL_2024,SAR_ONLY,PASS,none
TN_FENGAL_2024_004098,TN_FENGAL_2024,SAR_ONLY,PASS,none
TN_FENGAL_2024_004144,TN_FENGAL_2024,SAR_ONLY,PASS,none
TN_FENGAL_2024_015735,TN_FENGAL_2024,SAR_ONLY,PASS,none
TN_FENGAL_2024_036099,TN_FENGAL_2024,SAR_ONLY,PASS,none
TN_FENGAL_2024_059309,TN_FENGAL_2024,SAR_ONLY,PASS,none
TN_FENGAL_2024_061155,TN_FENGAL_2024,SAR_ONLY,PASS,none
TN_FENGAL_2024_081525,TN_FENGAL_2024,SAR_ONLY,PASS,none
TN_FENGAL_2024_102651,TN_FENGAL_2024,SAR_ONLY,PASS,none
TN_FENGAL_2024_121585,TN_FENGAL_2024,SAR_ONLY,PASS,none
TN_FENGAL_2024_134350,TN_FENGAL_2024,SAR_ONLY,PASS,none
TN_FENGAL_2024_004114,TN_FENGAL_2024,SAR_ONLY,PASS,none
TN_FENGAL_2024_004421,TN_FENGAL_2024,SAR_ONLY,PASS,none
TN_FENGAL_2024_015692,TN_FENGAL_2024,SAR_ONLY,PASS,none
TN_FENGAL_2024_036244,TN_FENGAL_2024,SAR_ONLY,PASS,none
TN_FENGAL_2024_059342,TN_FENGAL_2024,SAR_ONLY,PASS,none
TN_FENGAL_2024_081019,TN_FENGAL_2024,SAR_ONLY,PASS,none
TN_FENGAL_2024_081191,TN_FENGAL_2024,SAR_ONLY,PASS,none
TN_FENGAL_2024_102547,TN_FENGAL_2024,SAR_ONLY,PASS,none
TN_FENGAL_2024_121636,TN_FENGAL_2024,SAR_ONLY,PASS,none
TN_FENGAL_2024_136849,TN_FENGAL_2024,SAR_ONLY,PASS,none
TN_FENGAL_2024_005298,TN_FENGAL_2024,SAR_ONLY,PASS,none
TN_FENGAL_2024_006588,TN_FENGAL_2024,SAR_ONLY,PASS,none
TN_FENGAL_2024_017101,TN_FENGAL_2024,SAR_ONLY,PASS,none
TN_FENGAL_2024_040559,TN_FENGAL_2024,SAR_ONLY,PASS,none
TN_FENGAL_2024_064289,TN_FENGAL_2024,SAR_ONLY,PASS,none
TN_FENGAL_2024_085972,TN_FENGAL_2024,SAR_ONLY,PASS,none
TN_FENGAL_2024_086016,TN_FENGAL_2024,SAR_ONLY,PASS,none
TN_FENGAL_2024_104339,TN_FENGAL_2024,SAR_ONLY,PASS,none
TN_FENGAL_2024_123838,TN_FENGAL_2024,SAR_ONLY,PASS,none
TN_FENGAL_2024_140319,TN_FENGAL_2024,SAR_ONLY,PASS,none
TN_FENGAL_2024_008887,TN_FENGAL_2024,SAR_ONLY,PASS,none
TN_FENGAL_2024_008928,TN_FENGAL_2024,SAR_ONLY,PASS,none
TN_FENGAL_2024_022129,TN_FENGAL_2024,SAR_ONLY,PASS,none
TN_FENGAL_2024_045526,TN_FENGAL_2024,SAR_ONLY,PASS,none
TN_FENGAL_2024_069246,TN_FENGAL_2024,SAR_ONLY,PASS,none
TN_FENGAL_2024_090908,TN_FENGAL_2024,SAR_ONLY,PASS,none
TN_FENGAL_2024_090949,TN_FENGAL_2024,SAR_ONLY,PASS,none
TN_FENGAL_2024_109029,TN_FENGAL_2024,SAR_ONLY,PASS,none
TN_FENGAL_2024_125724,TN_FENGAL_2024,SAR_ONLY,PASS,none
TN_FENGAL_2024_141938,TN_FENGAL_2024,SAR_ONLY,PASS,none
TN_FENGAL_2024_009483,TN_FENGAL_2024,SAR_ONLY,PASS,none
TN_FENGAL_2024_022217,TN_FENGAL_2024,SAR_ONLY,PASS,none
TN_FENGAL_2024_045702,TN_FENGAL_2024,SAR_ONLY,PASS,none
TN_FENGAL_2024_069255,TN_FENGAL_2024,SAR_ONLY,PASS,none
TN_FENGAL_2024_090943,TN_FENGAL_2024,SAR_ONLY,PASS,none
TN_FENGAL_2024_091264,TN_FENGAL_2024,SAR_ONLY,PASS,none
TN_FENGAL_2024_110968,TN_FENGAL_2024,SAR_ONLY,PASS,none
TN_FENGAL_2024_125774,TN_FENGAL_2024,SAR_ONLY,PASS,none
TN_FENGAL_2024_142122,TN_FENGAL_2024,SAR_ONLY,PASS,none
TN_FENGAL_2024_074759,TN_FENGAL_2024,SAR_ONLY,PASS,none
TN_FENGAL_2024_095879,TN_FENGAL_2024,SAR_ONLY,PASS,none
TN_FENGAL_2024_095957,TN_FENGAL_2024,SAR_ONLY,PASS,none
TN_FENGAL_2024_113843,TN_FENGAL_2024,SAR_ONLY,PASS,none
TN_FENGAL_2024_126413,TN_FENGAL_2024,SAR_ONLY,PASS,none
TN_FENGAL_2024_143123,TN_FENGAL_2024,SAR_ONLY,PASS,none
TN_FENGAL_2024_132170,TN_FENGAL_2024,SAR_ONLY,PASS,none
TN_FENGAL_2024_131360,TN_FENGAL_2024,SAR_ONLY,PASS,none
TN_FENGAL_2024_143597,TN_FENGAL_2024,SAR_ONLY,PASS,none
TN_FENGAL_2024_000019,TN_FENGAL_2024,SAR_ONLY,PASS,none
TN_FENGAL_2024_000057,TN_FENGAL_2024,SAR_ONLY,PASS,none
TN_FENGAL_2024_009810,TN_FENGAL_2024,SAR_ONLY,PASS,none
TN_FENGAL_2024_027055,TN_FENGAL_2024,SAR_ONLY,PASS,none
TN_FENGAL_2024_051703,TN_FENGAL_2024,SAR_ONLY,PASS,none
TN_FENGAL_2024_079145,TN_FENGAL_2024,SAR_ONLY,PASS,none
TN_FENGAL_2024_100797,TN_FENGAL_2024,SAR_ONLY,PASS,none
TN_FENGAL_2024_118771,TN_FENGAL_2024,SAR_ONLY,PASS,none
TN_FENGAL_2024_132734,TN_FENGAL_2024,SAR_ONLY,PASS,none
TN_FENGAL_2024_000030,TN_FENGAL_2024,SAR_ONLY,PASS,none
TN_FENGAL_2024_000130,TN_FENGAL_2024,SAR_ONLY,PASS,none
TN_FENGAL_2024_010469,TN_FENGAL_2024,SAR_ONLY,PASS,none
TN_FENGAL_2024_027503,TN_FENGAL_2024,SAR_ONLY,PASS,none
TN_FENGAL_2024_052597,TN_FENGAL_2024,SAR_ONLY,PASS,none
TN_FENGAL_2024_057205,TN_FENGAL_2024,SAR_ONLY,PASS,none
TN_FENGAL_2024_080018,TN_FENGAL_2024,SAR_ONLY,PASS,none
TN_FENGAL_2024_100978,TN_FENGAL_2024,SAR_ONLY,PASS,none
TN_FENGAL_2024_119514,TN_FENGAL_2024,SAR_ONLY,PASS,none
TN_FENGAL_2024_132834,TN_FENGAL_2024,SAR_ONLY,PASS,none
TN_FENGAL_2024_003026,TN_FENGAL_2024,SAR_ONLY,PASS,none
TN_FENGAL_2024_003066,TN_FENGAL_2024,SAR_ONLY,PASS,none
TN_FENGAL_2024_013389,TN_FENGAL_2024,SAR_ONLY,PASS,none
TN_FENGAL_2024_031139,TN_FENGAL_2024,SAR_ONLY,PASS,none
TN_FENGAL_2024_054377,TN_FENGAL_2024,SAR_ONLY,PASS,none
TN_FENGAL_2024_055856,TN_FENGAL_2024,SAR_ONLY,PASS,none
TN_FENGAL_2024_101020,TN_FENGAL_2024,SAR_ONLY,PASS,none
TN_FENGAL_2024_101040,TN_FENGAL_2024,SAR_ONLY,PASS,none
TN_FENGAL_2024_121081,TN_FENGAL_2024,SAR_ONLY,PASS,none
TN_FENGAL_2024_133726,TN_FENGAL_2024,SAR_ONLY,PASS,none
TN_FENGAL_2024_004099,TN_FENGAL_2024,SAR_ONLY,PASS,none
TN_FENGAL_2024_004147,TN_FENGAL_2024,SAR_ONLY,PASS,none
TN_FENGAL_2024_015736,TN_FENGAL_2024,SAR_ONLY,PASS,none
TN_FENGAL_2024_036101,TN_FENGAL_2024,SAR_ONLY,PASS,none
TN_FENGAL_2024_059312,TN_FENGAL_2024,SAR_ONLY,PASS,none
TN_FENGAL_2024_061210,TN_FENGAL_2024,SAR_ONLY,PASS,none
TN_FENGAL_2024_081592,TN_FENGAL_2024,SAR_ONLY,PASS,none
TN_FENGAL_2024_102666,TN_FENGAL_2024,SAR_ONLY,PASS,none
TN_FENGAL_2024_121586,TN_FENGAL_2024,SAR_ONLY,PASS,none
TN_FENGAL_2024_134368,TN_FENGAL_2024,SAR_ONLY,PASS,none
TN_FENGAL_2024_004115,TN_FENGAL_2024,SAR_ONLY,PASS,none
TN_FENGAL_2024_004431,TN_FENGAL_2024,SAR_ONLY,PASS,none
TN_FENGAL_2024_015697,TN_FENGAL_2024,SAR_ONLY,PASS,none
TN_FENGAL_2024_036258,TN_FENGAL_2024,SAR_ONLY,PASS,none
TN_FENGAL_2024_059343,TN_FENGAL_2024,SAR_ONLY,PASS,none
TN_FENGAL_2024_081020,TN_FENGAL_2024,SAR_ONLY,PASS,none
TN_FENGAL_2024_081209,TN_FENGAL_2024,SAR_ONLY,PASS,none
TN_FENGAL_2024_102549,TN_FENGAL_2024,SAR_ONLY,PASS,none
TN_FENGAL_2024_121637,TN_FENGAL_2024,SAR_ONLY,PASS,none
TN_FENGAL_2024_136879,TN_FENGAL_2024,SAR_ONLY,PASS,none
TN_FENGAL_2024_005299,TN_FENGAL_2024,SAR_ONLY,PASS,none
TN_FENGAL_2024_006886,TN_FENGAL_2024,SAR_ONLY,PASS,none
TN_FENGAL_2024_017107,TN_FENGAL_2024,SAR_ONLY,PASS,none
TN_FENGAL_2024_040562,TN_FENGAL_2024,SAR_ONLY,PASS,none
TN_FENGAL_2024_064291,TN_FENGAL_2024,SAR_ONLY,PASS,none
TN_FENGAL_2024_085973,TN_FENGAL_2024,SAR_ONLY,PASS,none
TN_FENGAL_2024_086017,TN_FENGAL_2024,SAR_ONLY,PASS,none
TN_FENGAL_2024_104432,TN_FENGAL_2024,SAR_ONLY,PASS,none
TN_FENGAL_2024_123839,TN_FENGAL_2024,SAR_ONLY,PASS,none
TN_FENGAL_2024_140322,TN_FENGAL_2024,SAR_ONLY,PASS,none
TN_FENGAL_2024_008888,TN_FENGAL_2024,SAR_ONLY,PASS,none
TN_FENGAL_2024_008929,TN_FENGAL_2024,SAR_ONLY,PASS,none
TN_FENGAL_2024_022130,TN_FENGAL_2024,SAR_ONLY,PASS,none
TN_FENGAL_2024_045527,TN_FENGAL_2024,SAR_ONLY,PASS,none
TN_FENGAL_2024_069248,TN_FENGAL_2024,SAR_ONLY,PASS,none
TN_FENGAL_2024_090909,TN_FENGAL_2024,SAR_ONLY,PASS,none
TN_FENGAL_2024_090957,TN_FENGAL_2024,SAR_ONLY,PASS,none
TN_FENGAL_2024_109105,TN_FENGAL_2024,SAR_ONLY,PASS,none
TN_FENGAL_2024_125725,TN_FENGAL_2024,SAR_ONLY,PASS,none
TN_FENGAL_2024_141939,TN_FENGAL_2024,SAR_ONLY,PASS,none
TN_FENGAL_2024_009498,TN_FENGAL_2024,SAR_ONLY,PASS,none
TN_FENGAL_2024_022227,TN_FENGAL_2024,SAR_ONLY,PASS,none
TN_FENGAL_2024_045727,TN_FENGAL_2024,SAR_ONLY,PASS,none
TN_FENGAL_2024_069257,TN_FENGAL_2024,SAR_ONLY,PASS,none
TN_FENGAL_2024_090944,TN_FENGAL_2024,SAR_ONLY,PASS,none
TN_FENGAL_2024_091275,TN_FENGAL_2024,SAR_ONLY,PASS,none
TN_FENGAL_2024_111418,TN_FENGAL_2024,SAR_ONLY,PASS,none
TN_FENGAL_2024_125777,TN_FENGAL_2024,SAR_ONLY,PASS,none
TN_FENGAL_2024_142135,TN_FENGAL_2024,SAR_ONLY,PASS,none
TN_FENGAL_2024_074765,TN_FENGAL_2024,SAR_ONLY,PASS,none
TN_FENGAL_2024_095886,TN_FENGAL_2024,SAR_ONLY,PASS,none
TN_FENGAL_2024_095960,TN_FENGAL_2024,SAR_ONLY,PASS,none
TN_FENGAL_2024_113844,TN_FENGAL_2024,SAR_ONLY,PASS,none
TN_FENGAL_2024_126414,TN_FENGAL_2024,SAR_ONLY,PASS,none
TN_FENGAL_2024_143127,TN_FENGAL_2024,SAR_ONLY,PASS,none
TN_FENGAL_2024_132175,TN_FENGAL_2024,SAR_ONLY,PASS,none
TN_FENGAL_2024_131361,TN_FENGAL_2024,SAR_ONLY,PASS,none
TN_FENGAL_2024_143598,TN_FENGAL_2024,SAR_ONLY,PASS,none
TN_FENGAL_2024_000020,TN_FENGAL_2024,SAR_ONLY,PASS,none
TN_FENGAL_2024_000058,TN_FENGAL_2024,SAR_ONLY,PASS,none
TN_FENGAL_2024_009844,TN_FENGAL_2024,SAR_ONLY,PASS,none
TN_FENGAL_2024_027056,TN_FENGAL_2024,SAR_ONLY,PASS,none
TN_FENGAL_2024_051705,TN_FENGAL_2024,SAR_ONLY,PASS,none
TN_FENGAL_2024_079148,TN_FENGAL_2024,SAR_ONLY,PASS,none
TN_FENGAL_2024_100798,TN_FENGAL_2024,SAR_ONLY,PASS,none
TN_FENGAL_2024_118772,TN_FENGAL_2024,SAR_ONLY,PASS,none
TN_FENGAL_2024_132736,TN_FENGAL_2024,SAR_ONLY,PASS,none
TN_FENGAL_2024_000033,TN_FENGAL_2024,SAR_ONLY,PASS,none
TN_FENGAL_2024_000137,TN_FENGAL_2024,SAR_ONLY,PASS,none
TN_FENGAL_2024_010471,TN_FENGAL_2024,SAR_ONLY,PASS,none
TN_FENGAL_2024_027504,TN_FENGAL_2024,SAR_ONLY,PASS,none
TN_FENGAL_2024_052600,TN_FENGAL_2024,SAR_ONLY,PASS,none
TN_FENGAL_2024_057389,TN_FENGAL_2024,SAR_ONLY,PASS,none
TN_FENGAL_2024_080072,TN_FENGAL_2024,SAR_ONLY,PASS,none
TN_FENGAL_2024_100979,TN_FENGAL_2024,SAR_ONLY,PASS,none
TN_FENGAL_2024_119515,TN_FENGAL_2024,SAR_ONLY,PASS,none
TN_FENGAL_2024_132837,TN_FENGAL_2024,SAR_ONLY,PASS,none
TN_FENGAL_2024_003032,TN_FENGAL_2024,SAR_ONLY,PASS,none
TN_FENGAL_2024_003140,TN_FENGAL_2024,SAR_ONLY,PASS,none
TN_FENGAL_2024_013394,TN_FENGAL_2024,SAR_ONLY,PASS,none
TN_FENGAL_2024_031140,TN_FENGAL_2024,SAR_ONLY,PASS,none
TN_FENGAL_2024_054384,TN_FENGAL_2024,SAR_ONLY,PASS,none
TN_FENGAL_2024_056115,TN_FENGAL_2024,SAR_ONLY,PASS,none
TN_FENGAL_2024_101026,TN_FENGAL_2024,SAR_ONLY,PASS,none
TN_FENGAL_2024_101042,TN_FENGAL_2024,SAR_ONLY,PASS,none
TN_FENGAL_2024_121082,TN_FENGAL_2024,SAR_ONLY,PASS,none
TN_FENGAL_2024_133727,TN_FENGAL_2024,SAR_ONLY,PASS,none
TN_FENGAL_2024_004102,TN_FENGAL_2024,SAR_ONLY,PASS,none
TN_FENGAL_2024_004148,TN_FENGAL_2024,SAR_ONLY,PASS,none
TN_FENGAL_2024_015738,TN_FENGAL_2024,SAR_ONLY,PASS,none
TN_FENGAL_2024_036102,TN_FENGAL_2024,SAR_ONLY,PASS,none
TN_FENGAL_2024_059313,TN_FENGAL_2024,SAR_ONLY,PASS,none
TN_FENGAL_2024_061218,TN_FENGAL_2024,SAR_ONLY,PASS,none
TN_FENGAL_2024_081624,TN_FENGAL_2024,SAR_ONLY,PASS,none
TN_FENGAL_2024_102678,TN_FENGAL_2024,SAR_ONLY,PASS,none
TN_FENGAL_2024_121587,TN_FENGAL_2024,SAR_ONLY,PASS,none
TN_FENGAL_2024_134582,TN_FENGAL_2024,SAR_ONLY,PASS,none
TN_FENGAL_2024_004116,TN_FENGAL_2024,SAR_ONLY,PASS,none
TN_FENGAL_2024_004516,TN_FENGAL_2024,SAR_ONLY,PASS,none
TN_FENGAL_2024_015700,TN_FENGAL_2024,SAR_ONLY,PASS,none
TN_FENGAL_2024_036281,TN_FENGAL_2024,SAR_ONLY,PASS,none
TN_FENGAL_2024_059344,TN_FENGAL_2024,SAR_ONLY,PASS,none
TN_FENGAL_2024_081022,TN_FENGAL_2024,SAR_ONLY,PASS,none
TN_FENGAL_2024_081213,TN_FENGAL_2024,SAR_ONLY,PASS,none
TN_FENGAL_2024_102552,TN_FENGAL_2024,SAR_ONLY,PASS,none
TN_FENGAL_2024_121641,TN_FENGAL_2024,SAR_ONLY,PASS,none
TN_FENGAL_2024_136880,TN_FENGAL_2024,SAR_ONLY,PASS,none
TN_FENGAL_2024_005300,TN_FENGAL_2024,SAR_ONLY,PASS,none
TN_FENGAL_2024_006921,TN_FENGAL_2024,SAR_ONLY,PASS,none
TN_FENGAL_2024_017109,TN_FENGAL_2024,SAR_ONLY,PASS,none
TN_FENGAL_2024_040564,TN_FENGAL_2024,SAR_ONLY,PASS,none
TN_FENGAL_2024_064292,TN_FENGAL_2024,SAR_ONLY,PASS,none
TN_FENGAL_2024_085976,TN_FENGAL_2024,SAR_ONLY,PASS,none
TN_FENGAL_2024_086018,TN_FENGAL_2024,SAR_ONLY,PASS,none
TN_FENGAL_2024_104463,TN_FENGAL_2024,SAR_ONLY,PASS,none
TN_FENGAL_2024_123841,TN_FENGAL_2024,SAR_ONLY,PASS,none
TN_FENGAL_2024_140323,TN_FENGAL_2024,SAR_ONLY,PASS,none
TN_FENGAL_2024_008889,TN_FENGAL_2024,SAR_ONLY,PASS,none
TN_FENGAL_2024_008932,TN_FENGAL_2024,SAR_ONLY,PASS,none
TN_FENGAL_2024_022139,TN_FENGAL_2024,SAR_ONLY,PASS,none
TN_FENGAL_2024_045530,TN_FENGAL_2024,SAR_ONLY,PASS,none
TN_FENGAL_2024_069250,TN_FENGAL_2024,SAR_ONLY,PASS,none
TN_FENGAL_2024_090910,TN_FENGAL_2024,SAR_ONLY,PASS,none
TN_FENGAL_2024_090960,TN_FENGAL_2024,SAR_ONLY,PASS,none
TN_FENGAL_2024_109150,TN_FENGAL_2024,SAR_ONLY,PASS,none
TN_FENGAL_2024_125726,TN_FENGAL_2024,SAR_ONLY,PASS,none
TN_FENGAL_2024_141941,TN_FENGAL_2024,SAR_ONLY,PASS,none
TN_FENGAL_2024_009517,TN_FENGAL_2024,SAR_ONLY,PASS,none
TN_FENGAL_2024_022238,TN_FENGAL_2024,SAR_ONLY,PASS,none
TN_FENGAL_2024_045752,TN_FENGAL_2024,SAR_ONLY,PASS,none
TN_FENGAL_2024_069258,TN_FENGAL_2024,SAR_ONLY,PASS,none
TN_FENGAL_2024_090946,TN_FENGAL_2024,SAR_ONLY,PASS,none
TN_FENGAL_2024_091289,TN_FENGAL_2024,SAR_ONLY,PASS,none
TN_FENGAL_2024_111587,TN_FENGAL_2024,SAR_ONLY,PASS,none
TN_FENGAL_2024_125782,TN_FENGAL_2024,SAR_ONLY,PASS,none
TN_FENGAL_2024_142138,TN_FENGAL_2024,SAR_ONLY,PASS,none
TN_FENGAL_2024_074820,TN_FENGAL_2024,SAR_ONLY,PASS,none
TN_FENGAL_2024_095887,TN_FENGAL_2024,SAR_ONLY,PASS,none
TN_FENGAL_2024_095978,TN_FENGAL_2024,SAR_ONLY,PASS,none
TN_FENGAL_2024_113847,TN_FENGAL_2024,SAR_ONLY,PASS,none
TN_FENGAL_2024_126415,TN_FENGAL_2024,SAR_ONLY,PASS,none
TN_FENGAL_2024_143132,TN_FENGAL_2024,SAR_ONLY,PASS,none
TN_FENGAL_2024_132267,TN_FENGAL_2024,SAR_ONLY,PASS,none
TN_FENGAL_2024_131362,TN_FENGAL_2024,SAR_ONLY,PASS,none
TN_FENGAL_2024_143599,TN_FENGAL_2024,SAR_ONLY,PASS,none
TN_FENGAL_2024_000024,TN_FENGAL_2024,SAR_ONLY,PASS,none
TN_FENGAL_2024_000063,TN_FENGAL_2024,SAR_ONLY,PASS,none
TN_FENGAL_2024_009848,TN_FENGAL_2024,SAR_ONLY,PASS,none
TN_FENGAL_2024_027058,TN_FENGAL_2024,SAR_ONLY,PASS,none
TN_FENGAL_2024_051706,TN_FENGAL_2024,SAR_ONLY,PASS,none
TN_FENGAL_2024_079149,TN_FENGAL_2024,SAR_ONLY,PASS,none
TN_FENGAL_2024_100799,TN_FENGAL_2024,SAR_ONLY,PASS,none
TN_FENGAL_2024_118774,TN_FENGAL_2024,SAR_ONLY,PASS,none
TN_FENGAL_2024_132739,TN_FENGAL_2024,SAR_ONLY,PASS,none
TN_FENGAL_2024_000037,TN_FENGAL_2024,SAR_ONLY,PASS,none
TN_FENGAL_2024_000139,TN_FENGAL_2024,SAR_ONLY,PASS,none
TN_FENGAL_2024_010472,TN_FENGAL_2024,SAR_ONLY,PASS,none
TN_FENGAL_2024_027505,TN_FENGAL_2024,SAR_ONLY,PASS,none
TN_FENGAL_2024_052605,TN_FENGAL_2024,SAR_ONLY,PASS,none
TN_FENGAL_2024_057472,TN_FENGAL_2024,SAR_ONLY,PASS,none
TN_FENGAL_2024_080100,TN_FENGAL_2024,SAR_ONLY,PASS,none
TN_FENGAL_2024_100981,TN_FENGAL_2024,SAR_ONLY,PASS,none
TN_FENGAL_2024_119516,TN_FENGAL_2024,SAR_ONLY,PASS,none
TN_FENGAL_2024_132839,TN_FENGAL_2024,SAR_ONLY,PASS,none
TN_FENGAL_2024_003044,TN_FENGAL_2024,SAR_ONLY,PASS,none
TN_FENGAL_2024_003235,TN_FENGAL_2024,SAR_ONLY,PASS,none
TN_FENGAL_2024_013432,TN_FENGAL_2024,SAR_ONLY,PASS,none
TN_FENGAL_2024_031147,TN_FENGAL_2024,SAR_ONLY,PASS,none
TN_FENGAL_2024_054387,TN_FENGAL_2024,SAR_ONLY,PASS,none
TN_FENGAL_2024_056223,TN_FENGAL_2024,SAR_ONLY,PASS,none
TN_FENGAL_2024_101032,TN_FENGAL_2024,SAR_ONLY,PASS,none
TN_FENGAL_2024_101056,TN_FENGAL_2024,SAR_ONLY,PASS,none
TN_FENGAL_2024_121084,TN_FENGAL_2024,SAR_ONLY,PASS,none
TN_FENGAL_2024_133728,TN_FENGAL_2024,SAR_ONLY,PASS,none
TN_FENGAL_2024_004103,TN_FENGAL_2024,SAR_ONLY,PASS,none
TN_FENGAL_2024_004162,TN_FENGAL_2024,SAR_ONLY,PASS,none
TN_FENGAL_2024_015739,TN_FENGAL_2024,SAR_ONLY,PASS,none
TN_FENGAL_2024_036104,TN_FENGAL_2024,SAR_ONLY,PASS,none
TN_FENGAL_2024_059314,TN_FENGAL_2024,SAR_ONLY,PASS,none
TN_FENGAL_2024_061277,TN_FENGAL_2024,SAR_ONLY,PASS,none
TN_FENGAL_2024_081665,TN_FENGAL_2024,SAR_ONLY,PASS,none
TN_FENGAL_2024_102684,TN_FENGAL_2024,SAR_ONLY,PASS,none
TN_FENGAL_2024_121588,TN_FENGAL_2024,SAR_ONLY,PASS,none
TN_FENGAL_2024_134586,TN_FENGAL_2024,SAR_ONLY,PASS,none
TN_FENGAL_2024_004122,TN_FENGAL_2024,SAR_ONLY,PASS,none
TN_FENGAL_2024_004518,TN_FENGAL_2024,SAR_ONLY,PASS,none
TN_FENGAL_2024_015701,TN_FENGAL_2024,SAR_ONLY,PASS,none
TN_FENGAL_2024_036329,TN_FENGAL_2024,SAR_ONLY,PASS,none
TN_FENGAL_2024_059345,TN_FENGAL_2024,SAR_ONLY,PASS,none
TN_FENGAL_2024_081024,TN_FENGAL_2024,SAR_ONLY,PASS,none
TN_FENGAL_2024_081223,TN_FENGAL_2024,SAR_ONLY,PASS,none
TN_FENGAL_2024_102557,TN_FENGAL_2024,SAR_ONLY,PASS,none
TN_FENGAL_2024_121670,TN_FENGAL_2024,SAR_ONLY,PASS,none
TN_FENGAL_2024_136888,TN_FENGAL_2024,SAR_ONLY,PASS,none
TN_FENGAL_2024_005301,TN_FENGAL_2024,SAR_ONLY,PASS,none
TN_FENGAL_2024_006926,TN_FENGAL_2024,SAR_ONLY,PASS,none
TN_FENGAL_2024_017110,TN_FENGAL_2024,SAR_ONLY,PASS,none
TN_FENGAL_2024_040565,TN_FENGAL_2024,SAR_ONLY,PASS,none
TN_CHENNAI_FLOOD_2021_000003,TN_CHENNAI_FLOOD_2021,MULTIMODAL,FAIL,non_finite_values_in_sar_pre;non_finite_values_in_sar_post
TN_CHENNAI_FLOOD_2021_000001,TN_CHENNAI_FLOOD_2021,MULTIMODAL,FAIL,non_finite_values_in_sar_pre;non_finite_values_in_sar_post
TN_CHENNAI_FLOOD_2021_021812,TN_CHENNAI_FLOOD_2021,MULTIMODAL,FAIL,non_finite_values_in_sar_pre;non_finite_values_in_sar_post
TN_CHENNAI_FLOOD_2021_046548,TN_CHENNAI_FLOOD_2021,MULTIMODAL,FAIL,non_finite_values_in_sar_pre;non_finite_values_in_sar_post
TN_CHENNAI_FLOOD_2021_071278,TN_CHENNAI_FLOOD_2021,MULTIMODAL,FAIL,non_finite_values_in_sar_pre;non_finite_values_in_sar_post
TN_CHENNAI_FLOOD_2021_071942,TN_CHENNAI_FLOOD_2021,MULTIMODAL,FAIL,non_finite_values_in_sar_pre;non_finite_values_in_sar_post
TN_CHENNAI_FLOOD_2021_096226,TN_CHENNAI_FLOOD_2021,MULTIMODAL,FAIL,non_finite_values_in_sar_pre;non_finite_values_in_sar_post
TN_CHENNAI_FLOOD_2021_123776,TN_CHENNAI_FLOOD_2021,MULTIMODAL,FAIL,non_finite_values_in_sar_pre;non_finite_values_in_sar_post
TN_CHENNAI_FLOOD_2021_153525,TN_CHENNAI_FLOOD_2021,MULTIMODAL,FAIL,non_finite_values_in_sar_pre;non_finite_values_in_sar_post
TN_CHENNAI_FLOOD_2021_183189,TN_CHENNAI_FLOOD_2021,MULTIMODAL,PASS,none
TN_CHENNAI_FLOOD_2021_000002,TN_CHENNAI_FLOOD_2021,MULTIMODAL,FAIL,non_finite_values_in_sar_pre;non_finite_values_in_sar_post
TN_CHENNAI_FLOOD_2021_000004,TN_CHENNAI_FLOOD_2021,MULTIMODAL,FAIL,non_finite_values_in_sar_pre;non_finite_values_in_sar_post
TN_CHENNAI_FLOOD_2021_021814,TN_CHENNAI_FLOOD_2021,MULTIMODAL,FAIL,non_finite_values_in_sar_pre;non_finite_values_in_sar_post
TN_CHENNAI_FLOOD_2021_046553,TN_CHENNAI_FLOOD_2021,MULTIMODAL,FAIL,non_finite_values_in_sar_pre;non_finite_values_in_sar_post
TN_CHENNAI_FLOOD_2021_071277,TN_CHENNAI_FLOOD_2021,MULTIMODAL,FAIL,non_finite_values_in_sar_pre;non_finite_values_in_sar_post
TN_CHENNAI_FLOOD_2021_072795,TN_CHENNAI_FLOOD_2021,MULTIMODAL,FAIL,non_finite_values_in_sar_pre;non_finite_values_in_sar_post
TN_CHENNAI_FLOOD_2021_096267,TN_CHENNAI_FLOOD_2021,MULTIMODAL,FAIL,non_finite_values_in_sar_pre;non_finite_values_in_sar_post
TN_CHENNAI_FLOOD_2021_123782,TN_CHENNAI_FLOOD_2021,MULTIMODAL,FAIL,non_finite_values_in_sar_pre;non_finite_values_in_sar_post
TN_CHENNAI_FLOOD_2021_153527,TN_CHENNAI_FLOOD_2021,MULTIMODAL,FAIL,non_finite_values_in_sar_pre;non_finite_values_in_sar_post
TN_CHENNAI_FLOOD_2021_183194,TN_CHENNAI_FLOOD_2021,MULTIMODAL,PASS,none
TN_CHENNAI_FLOOD_2021_004983,TN_CHENNAI_FLOOD_2021,MULTIMODAL,FAIL,non_finite_values_in_sar_pre;non_finite_values_in_sar_post
TN_CHENNAI_FLOOD_2021_005013,TN_CHENNAI_FLOOD_2021,MULTIMODAL,FAIL,non_finite_values_in_sar_pre;non_finite_values_in_sar_post
TN_CHENNAI_FLOOD_2021_026771,TN_CHENNAI_FLOOD_2021,MULTIMODAL,FAIL,non_finite_values_in_sar_pre;non_finite_values_in_sar_post
TN_CHENNAI_FLOOD_2021_051508,TN_CHENNAI_FLOOD_2021,MULTIMODAL,FAIL,non_finite_values_in_sar_pre;non_finite_values_in_sar_post
TN_CHENNAI_FLOOD_2021_076255,TN_CHENNAI_FLOOD_2021,MULTIMODAL,FAIL,non_finite_values_in_sar_pre;non_finite_values_in_sar_post
TN_CHENNAI_FLOOD_2021_076370,TN_CHENNAI_FLOOD_2021,MULTIMODAL,FAIL,non_finite_values_in_sar_pre;non_finite_values_in_sar_post
TN_CHENNAI_FLOOD_2021_101198,TN_CHENNAI_FLOOD_2021,MULTIMODAL,FAIL,non_finite_values_in_sar_pre;non_finite_values_in_sar_post
TN_CHENNAI_FLOOD_2021_128748,TN_CHENNAI_FLOOD_2021,MULTIMODAL,FAIL,non_finite_values_in_sar_pre;non_finite_values_in_sar_post
TN_CHENNAI_FLOOD_2021_158503,TN_CHENNAI_FLOOD_2021,MULTIMODAL,FAIL,non_finite_values_in_sar_pre;non_finite_values_in_sar_post
TN_CHENNAI_FLOOD_2021_188127,TN_CHENNAI_FLOOD_2021,MULTIMODAL,PASS,none
TN_CHENNAI_FLOOD_2021_009951,TN_CHENNAI_FLOOD_2021,MULTIMODAL,FAIL,non_finite_values_in_sar_pre;non_finite_values_in_sar_post
TN_CHENNAI_FLOOD_2021_009960,TN_CHENNAI_FLOOD_2021,MULTIMODAL,FAIL,non_finite_values_in_sar_pre;non_finite_values_in_sar_post
TN_CHENNAI_FLOOD_2021_031712,TN_CHENNAI_FLOOD_2021,MULTIMODAL,FAIL,non_finite_values_in_sar_pre;non_finite_values_in_sar_post
TN_CHENNAI_FLOOD_2021_056431,TN_CHENNAI_FLOOD_2021,MULTIMODAL,FAIL,non_finite_values_in_sar_pre;non_finite_values_in_sar_post
TN_CHENNAI_FLOOD_2021_081204,TN_CHENNAI_FLOOD_2021,MULTIMODAL,FAIL,non_finite_values_in_sar_pre;non_finite_values_in_sar_post
TN_CHENNAI_FLOOD_2021_081563,TN_CHENNAI_FLOOD_2021,MULTIMODAL,FAIL,non_finite_values_in_sar_pre;non_finite_values_in_sar_post
TN_CHENNAI_FLOOD_2021_106158,TN_CHENNAI_FLOOD_2021,MULTIMODAL,FAIL,non_finite_values_in_sar_pre;non_finite_values_in_sar_post
TN_CHENNAI_FLOOD_2021_133703,TN_CHENNAI_FLOOD_2021,MULTIMODAL,FAIL,non_finite_values_in_sar_pre;non_finite_values_in_sar_post
TN_CHENNAI_FLOOD_2021_163430,TN_CHENNAI_FLOOD_2021,MULTIMODAL,FAIL,non_finite_values_in_sar_pre;non_finite_values_in_sar_post
TN_CHENNAI_FLOOD_2021_193112,TN_CHENNAI_FLOOD_2021,MULTIMODAL,PASS,none
TN_CHENNAI_FLOOD_2021_009969,TN_CHENNAI_FLOOD_2021,MULTIMODAL,FAIL,non_finite_values_in_sar_pre;non_finite_values_in_sar_post
TN_CHENNAI_FLOOD_2021_009965,TN_CHENNAI_FLOOD_2021,MULTIMODAL,FAIL,non_finite_values_in_sar_pre;non_finite_values_in_sar_post
TN_CHENNAI_FLOOD_2021_031727,TN_CHENNAI_FLOOD_2021,MULTIMODAL,FAIL,non_finite_values_in_sar_pre;non_finite_values_in_sar_post
TN_CHENNAI_FLOOD_2021_056438,TN_CHENNAI_FLOOD_2021,MULTIMODAL,FAIL,non_finite_values_in_sar_pre;non_finite_values_in_sar_post
TN_CHENNAI_FLOOD_2021_081209,TN_CHENNAI_FLOOD_2021,MULTIMODAL,FAIL,non_finite_values_in_sar_pre;non_finite_values_in_sar_post
TN_CHENNAI_FLOOD_2021_085565,TN_CHENNAI_FLOOD_2021,MULTIMODAL,FAIL,non_finite_values_in_sar_pre;non_finite_values_in_sar_post
TN_CHENNAI_FLOOD_2021_106163,TN_CHENNAI_FLOOD_2021,MULTIMODAL,FAIL,non_finite_values_in_sar_pre;non_finite_values_in_sar_post
TN_CHENNAI_FLOOD_2021_133727,TN_CHENNAI_FLOOD_2021,MULTIMODAL,FAIL,non_finite_values_in_sar_pre;non_finite_values_in_sar_post
TN_CHENNAI_FLOOD_2021_163427,TN_CHENNAI_FLOOD_2021,MULTIMODAL,FAIL,non_finite_values_in_sar_pre;non_finite_values_in_sar_post
TN_CHENNAI_FLOOD_2021_193111,TN_CHENNAI_FLOOD_2021,MULTIMODAL,PASS,none
TN_CHENNAI_FLOOD_2021_014926,TN_CHENNAI_FLOOD_2021,MULTIMODAL,FAIL,non_finite_values_in_sar_pre;non_finite_values_in_sar_post
TN_CHENNAI_FLOOD_2021_014925,TN_CHENNAI_FLOOD_2021,MULTIMODAL,FAIL,non_finite_values_in_sar_pre;non_finite_values_in_sar_post
TN_CHENNAI_FLOOD_2021_036672,TN_CHENNAI_FLOOD_2021,MULTIMODAL,FAIL,non_finite_values_in_sar_pre;non_finite_values_in_sar_post
TN_CHENNAI_FLOOD_2021_061386,TN_CHENNAI_FLOOD_2021,MULTIMODAL,FAIL,non_finite_values_in_sar_pre;non_finite_values_in_sar_post
TN_CHENNAI_FLOOD_2021_086150,TN_CHENNAI_FLOOD_2021,MULTIMODAL,FAIL,non_finite_values_in_sar_pre;non_finite_values_in_sar_post
TN_CHENNAI_FLOOD_2021_091448,TN_CHENNAI_FLOOD_2021,MULTIMODAL,FAIL,non_finite_values_in_sar_pre;non_finite_values_in_sar_post
TN_CHENNAI_FLOOD_2021_111089,TN_CHENNAI_FLOOD_2021,MULTIMODAL,FAIL,non_finite_values_in_sar_pre;non_finite_values_in_sar_post
TN_CHENNAI_FLOOD_2021_138658,TN_CHENNAI_FLOOD_2021,MULTIMODAL,FAIL,non_finite_values_in_sar_pre;non_finite_values_in_sar_post
TN_CHENNAI_FLOOD_2021_168391,TN_CHENNAI_FLOOD_2021,MULTIMODAL,FAIL,non_finite_values_in_sar_pre;non_finite_values_in_sar_post
TN_CHENNAI_FLOOD_2021_198058,TN_CHENNAI_FLOOD_2021,MULTIMODAL,PASS,none
TN_CHENNAI_FLOOD_2021_019885,TN_CHENNAI_FLOOD_2021,MULTIMODAL,FAIL,non_finite_values_in_sar_pre;non_finite_values_in_sar_post
TN_CHENNAI_FLOOD_2021_019891,TN_CHENNAI_FLOOD_2021,MULTIMODAL,FAIL,non_finite_values_in_sar_pre;non_finite_values_in_sar_post
TN_CHENNAI_FLOOD_2021_041620,TN_CHENNAI_FLOOD_2021,MULTIMODAL,FAIL,non_finite_values_in_sar_pre;non_finite_values_in_sar_post
TN_CHENNAI_FLOOD_2021_066342,TN_CHENNAI_FLOOD_2021,MULTIMODAL,FAIL,non_finite_values_in_sar_pre;non_finite_values_in_sar_post
TN_CHENNAI_FLOOD_2021_091106,TN_CHENNAI_FLOOD_2021,MULTIMODAL,FAIL,non_finite_values_in_sar_pre;non_finite_values_in_sar_post
TN_CHENNAI_FLOOD_2021_092127,TN_CHENNAI_FLOOD_2021,MULTIMODAL,FAIL,non_finite_values_in_sar_pre;non_finite_values_in_sar_post
TN_CHENNAI_FLOOD_2021_116032,TN_CHENNAI_FLOOD_2021,MULTIMODAL,FAIL,non_finite_values_in_sar_pre;non_finite_values_in_sar_post
TN_CHENNAI_FLOOD_2021_143610,TN_CHENNAI_FLOOD_2021,MULTIMODAL,FAIL,non_finite_values_in_sar_pre;non_finite_values_in_sar_post
TN_CHENNAI_FLOOD_2021_173311,TN_CHENNAI_FLOOD_2021,MULTIMODAL,FAIL,non_finite_values_in_sar_pre;non_finite_values_in_sar_post
TN_CHENNAI_FLOOD_2021_202999,TN_CHENNAI_FLOOD_2021,MULTIMODAL,PASS,none
TN_CHENNAI_FLOOD_2021_091132,TN_CHENNAI_FLOOD_2021,MULTIMODAL,FAIL,non_finite_values_in_sar_pre;non_finite_values_in_sar_post
TN_CHENNAI_FLOOD_2021_096100,TN_CHENNAI_FLOOD_2021,MULTIMODAL,FAIL,non_finite_values_in_sar_pre;non_finite_values_in_sar_post
TN_CHENNAI_FLOOD_2021_116128,TN_CHENNAI_FLOOD_2021,MULTIMODAL,FAIL,non_finite_values_in_sar_pre;non_finite_values_in_sar_post
TN_CHENNAI_FLOOD_2021_143713,TN_CHENNAI_FLOOD_2021,MULTIMODAL,FAIL,non_finite_values_in_sar_pre;non_finite_values_in_sar_post
TN_CHENNAI_FLOOD_2021_173319,TN_CHENNAI_FLOOD_2021,MULTIMODAL,FAIL,non_finite_values_in_sar_pre;non_finite_values_in_sar_post
TN_CHENNAI_FLOOD_2021_202995,TN_CHENNAI_FLOOD_2021,MULTIMODAL,PASS,none
TN_CHENNAI_FLOOD_2021_121014,TN_CHENNAI_FLOOD_2021,MULTIMODAL,FAIL,non_finite_values_in_sar_pre;non_finite_values_in_sar_post
TN_CHENNAI_FLOOD_2021_121046,TN_CHENNAI_FLOOD_2021,MULTIMODAL,FAIL,non_finite_values_in_sar_pre;non_finite_values_in_sar_post
TN_CHENNAI_FLOOD_2021_178974,TN_CHENNAI_FLOOD_2021,MULTIMODAL,FAIL,non_finite_values_in_sar_pre;non_finite_values_in_sar_post
TN_CHENNAI_FLOOD_2021_206062,TN_CHENNAI_FLOOD_2021,MULTIMODAL,PASS,none
TN_CHENNAI_FLOOD_2021_153524,TN_CHENNAI_FLOOD_2021,MULTIMODAL,FAIL,non_finite_values_in_sar_pre;non_finite_values_in_sar_post
TN_CHENNAI_FLOOD_2021_000005,TN_CHENNAI_FLOOD_2021,MULTIMODAL,FAIL,non_finite_values_in_sar_pre;non_finite_values_in_sar_post
TN_CHENNAI_FLOOD_2021_000019,TN_CHENNAI_FLOOD_2021,MULTIMODAL,FAIL,non_finite_values_in_sar_pre;non_finite_values_in_sar_post
TN_CHENNAI_FLOOD_2021_021815,TN_CHENNAI_FLOOD_2021,MULTIMODAL,FAIL,non_finite_values_in_sar_pre;non_finite_values_in_sar_post
TN_CHENNAI_FLOOD_2021_046549,TN_CHENNAI_FLOOD_2021,MULTIMODAL,FAIL,non_finite_values_in_sar_pre;non_finite_values_in_sar_post
TN_CHENNAI_FLOOD_2021_071282,TN_CHENNAI_FLOOD_2021,MULTIMODAL,FAIL,non_finite_values_in_sar_pre;non_finite_values_in_sar_post
TN_CHENNAI_FLOOD_2021_071959,TN_CHENNAI_FLOOD_2021,MULTIMODAL,FAIL,non_finite_values_in_sar_pre;non_finite_values_in_sar_post
TN_CHENNAI_FLOOD_2021_096232,TN_CHENNAI_FLOOD_2021,MULTIMODAL,FAIL,non_finite_values_in_sar_pre;non_finite_values_in_sar_post
TN_CHENNAI_FLOOD_2021_123780,TN_CHENNAI_FLOOD_2021,MULTIMODAL,FAIL,non_finite_values_in_sar_pre;non_finite_values_in_sar_post
TN_CHENNAI_FLOOD_2021_153529,TN_CHENNAI_FLOOD_2021,MULTIMODAL,FAIL,non_finite_values_in_sar_pre;non_finite_values_in_sar_post
TN_CHENNAI_FLOOD_2021_183190,TN_CHENNAI_FLOOD_2021,MULTIMODAL,FAIL,non_finite_values_in_sar_pre;non_finite_values_in_sar_post
TN_CHENNAI_FLOOD_2021_000006,TN_CHENNAI_FLOOD_2021,MULTIMODAL,FAIL,non_finite_values_in_sar_pre;non_finite_values_in_sar_post
TN_CHENNAI_FLOOD_2021_000033,TN_CHENNAI_FLOOD_2021,MULTIMODAL,FAIL,non_finite_values_in_sar_pre;non_finite_values_in_sar_post
TN_CHENNAI_FLOOD_2021_021825,TN_CHENNAI_FLOOD_2021,MULTIMODAL,FAIL,non_finite_values_in_sar_pre;non_finite_values_in_sar_post
TN_CHENNAI_FLOOD_2021_046556,TN_CHENNAI_FLOOD_2021,MULTIMODAL,FAIL,non_finite_values_in_sar_pre;non_finite_values_in_sar_post
TN_CHENNAI_FLOOD_2021_071280,TN_CHENNAI_FLOOD_2021,MULTIMODAL,FAIL,non_finite_values_in_sar_pre;non_finite_values_in_sar_post
TN_CHENNAI_FLOOD_2021_073162,TN_CHENNAI_FLOOD_2021,MULTIMODAL,FAIL,non_finite_values_in_sar_pre;non_finite_values_in_sar_post
TN_CHENNAI_FLOOD_2021_096314,TN_CHENNAI_FLOOD_2021,MULTIMODAL,FAIL,non_finite_values_in_sar_pre;non_finite_values_in_sar_post
TN_CHENNAI_FLOOD_2021_123802,TN_CHENNAI_FLOOD_2021,MULTIMODAL,FAIL,non_finite_values_in_sar_pre;non_finite_values_in_sar_post
TN_CHENNAI_FLOOD_2021_153528,TN_CHENNAI_FLOOD_2021,MULTIMODAL,FAIL,non_finite_values_in_sar_pre;non_finite_values_in_sar_post
TN_CHENNAI_FLOOD_2021_183205,TN_CHENNAI_FLOOD_2021,MULTIMODAL,PASS,none
TN_CHENNAI_FLOOD_2021_004986,TN_CHENNAI_FLOOD_2021,MULTIMODAL,FAIL,non_finite_values_in_sar_pre;non_finite_values_in_sar_post
TN_CHENNAI_FLOOD_2021_005025,TN_CHENNAI_FLOOD_2021,MULTIMODAL,FAIL,non_finite_values_in_sar_pre;non_finite_values_in_sar_post
TN_CHENNAI_FLOOD_2021_026772,TN_CHENNAI_FLOOD_2021,MULTIMODAL,FAIL,non_finite_values_in_sar_pre;non_finite_values_in_sar_post
TN_CHENNAI_FLOOD_2021_051512,TN_CHENNAI_FLOOD_2021,MULTIMODAL,FAIL,non_finite_values_in_sar_pre;non_finite_values_in_sar_post
TN_CHENNAI_FLOOD_2021_076257,TN_CHENNAI_FLOOD_2021,MULTIMODAL,FAIL,non_finite_values_in_sar_pre;non_finite_values_in_sar_post
TN_CHENNAI_FLOOD_2021_076551,TN_CHENNAI_FLOOD_2021,MULTIMODAL,FAIL,non_finite_values_in_sar_pre;non_finite_values_in_sar_post
TN_CHENNAI_FLOOD_2021_101202,TN_CHENNAI_FLOOD_2021,MULTIMODAL,FAIL,non_finite_values_in_sar_pre;non_finite_values_in_sar_post
TN_CHENNAI_FLOOD_2021_128749,TN_CHENNAI_FLOOD_2021,MULTIMODAL,FAIL,non_finite_values_in_sar_pre;non_finite_values_in_sar_post
TN_CHENNAI_FLOOD_2021_158504,TN_CHENNAI_FLOOD_2021,MULTIMODAL,FAIL,non_finite_values_in_sar_pre;non_finite_values_in_sar_post
TN_CHENNAI_FLOOD_2021_188128,TN_CHENNAI_FLOOD_2021,MULTIMODAL,PASS,none
TN_CHENNAI_FLOOD_2021_009952,TN_CHENNAI_FLOOD_2021,MULTIMODAL,FAIL,non_finite_values_in_sar_pre;non_finite_values_in_sar_post
TN_CHENNAI_FLOOD_2021_009980,TN_CHENNAI_FLOOD_2021,MULTIMODAL,FAIL,non_finite_values_in_sar_pre;non_finite_values_in_sar_post
TN_CHENNAI_FLOOD_2021_031717,TN_CHENNAI_FLOOD_2021,MULTIMODAL,FAIL,non_finite_values_in_sar_pre;non_finite_values_in_sar_post
TN_CHENNAI_FLOOD_2021_056433,TN_CHENNAI_FLOOD_2021,MULTIMODAL,FAIL,non_finite_values_in_sar_pre;non_finite_values_in_sar_post
TN_CHENNAI_FLOOD_2021_081205,TN_CHENNAI_FLOOD_2021,MULTIMODAL,FAIL,non_finite_values_in_sar_pre;non_finite_values_in_sar_post
TN_CHENNAI_FLOOD_2021_081814,TN_CHENNAI_FLOOD_2021,MULTIMODAL,FAIL,non_finite_values_in_sar_pre;non_finite_values_in_sar_post
TN_CHENNAI_FLOOD_2021_106170,TN_CHENNAI_FLOOD_2021,MULTIMODAL,FAIL,non_finite_values_in_sar_pre;non_finite_values_in_sar_post
TN_CHENNAI_FLOOD_2021_133705,TN_CHENNAI_FLOOD_2021,MULTIMODAL,FAIL,non_finite_values_in_sar_pre;non_finite_values_in_sar_post
TN_CHENNAI_FLOOD_2021_163431,TN_CHENNAI_FLOOD_2021,MULTIMODAL,FAIL,non_finite_values_in_sar_pre;non_finite_values_in_sar_post
TN_CHENNAI_FLOOD_2021_193113,TN_CHENNAI_FLOOD_2021,MULTIMODAL,PASS,none
TN_CHENNAI_FLOOD_2021_009975,TN_CHENNAI_FLOOD_2021,MULTIMODAL,FAIL,non_finite_values_in_sar_pre;non_finite_values_in_sar_post
TN_CHENNAI_FLOOD_2021_009983,TN_CHENNAI_FLOOD_2021,MULTIMODAL,FAIL,non_finite_values_in_sar_pre;non_finite_values_in_sar_post
TN_CHENNAI_FLOOD_2021_031743,TN_CHENNAI_FLOOD_2021,MULTIMODAL,FAIL,non_finite_values_in_sar_pre;non_finite_values_in_sar_post
TN_CHENNAI_FLOOD_2021_056450,TN_CHENNAI_FLOOD_2021,MULTIMODAL,FAIL,non_finite_values_in_sar_pre;non_finite_values_in_sar_post
TN_CHENNAI_FLOOD_2021_081218,TN_CHENNAI_FLOOD_2021,MULTIMODAL,FAIL,non_finite_values_in_sar_pre;non_finite_values_in_sar_post
TN_CHENNAI_FLOOD_2021_086533,TN_CHENNAI_FLOOD_2021,MULTIMODAL,FAIL,non_finite_values_in_sar_pre;non_finite_values_in_sar_post
TN_CHENNAI_FLOOD_2021_106174,TN_CHENNAI_FLOOD_2021,MULTIMODAL,FAIL,non_finite_values_in_sar_pre;non_finite_values_in_sar_post
TN_CHENNAI_FLOOD_2021_133735,TN_CHENNAI_FLOOD_2021,MULTIMODAL,FAIL,non_finite_values_in_sar_pre;non_finite_values_in_sar_post
TN_CHENNAI_FLOOD_2021_163439,TN_CHENNAI_FLOOD_2021,MULTIMODAL,FAIL,non_finite_values_in_sar_pre;non_finite_values_in_sar_post
TN_CHENNAI_FLOOD_2021_193123,TN_CHENNAI_FLOOD_2021,MULTIMODAL,PASS,none
TN_CHENNAI_FLOOD_2021_014933,TN_CHENNAI_FLOOD_2021,MULTIMODAL,FAIL,non_finite_values_in_sar_pre;non_finite_values_in_sar_post
TN_CHENNAI_FLOOD_2021_014929,TN_CHENNAI_FLOOD_2021,MULTIMODAL,FAIL,non_finite_values_in_sar_pre;non_finite_values_in_sar_post
TN_CHENNAI_FLOOD_2021_036674,TN_CHENNAI_FLOOD_2021,MULTIMODAL,FAIL,non_finite_values_in_sar_pre;non_finite_values_in_sar_post
TN_CHENNAI_FLOOD_2021_061393,TN_CHENNAI_FLOOD_2021,MULTIMODAL,FAIL,non_finite_values_in_sar_pre;non_finite_values_in_sar_post
TN_CHENNAI_FLOOD_2021_086151,TN_CHENNAI_FLOOD_2021,MULTIMODAL,FAIL,non_finite_values_in_sar_pre;non_finite_values_in_sar_post
TN_CHENNAI_FLOOD_2021_093737,TN_CHENNAI_FLOOD_2021,MULTIMODAL,FAIL,non_finite_values_in_sar_pre;non_finite_values_in_sar_post
TN_CHENNAI_FLOOD_2021_111107,TN_CHENNAI_FLOOD_2021,MULTIMODAL,FAIL,non_finite_values_in_sar_pre;non_finite_values_in_sar_post
TN_CHENNAI_FLOOD_2021_138663,TN_CHENNAI_FLOOD_2021,MULTIMODAL,FAIL,non_finite_values_in_sar_pre;non_finite_values_in_sar_post
TN_CHENNAI_FLOOD_2021_168409,TN_CHENNAI_FLOOD_2021,MULTIMODAL,FAIL,non_finite_values_in_sar_pre;non_finite_values_in_sar_post
TN_CHENNAI_FLOOD_2021_198061,TN_CHENNAI_FLOOD_2021,MULTIMODAL,PASS,none
TN_CHENNAI_FLOOD_2021_019886,TN_CHENNAI_FLOOD_2021,MULTIMODAL,FAIL,non_finite_values_in_sar_pre;non_finite_values_in_sar_post
TN_CHENNAI_FLOOD_2021_019894,TN_CHENNAI_FLOOD_2021,MULTIMODAL,FAIL,non_finite_values_in_sar_pre;non_finite_values_in_sar_post
TN_CHENNAI_FLOOD_2021_041639,TN_CHENNAI_FLOOD_2021,MULTIMODAL,FAIL,non_finite_values_in_sar_pre;non_finite_values_in_sar_post
TN_CHENNAI_FLOOD_2021_066353,TN_CHENNAI_FLOOD_2021,MULTIMODAL,FAIL,non_finite_values_in_sar_pre;non_finite_values_in_sar_post
TN_CHENNAI_FLOOD_2021_091112,TN_CHENNAI_FLOOD_2021,MULTIMODAL,FAIL,non_finite_values_in_sar_pre;non_finite_values_in_sar_post
TN_CHENNAI_FLOOD_2021_094322,TN_CHENNAI_FLOOD_2021,MULTIMODAL,FAIL,non_finite_values_in_sar_pre;non_finite_values_in_sar_post
TN_CHENNAI_FLOOD_2021_116038,TN_CHENNAI_FLOOD_2021,MULTIMODAL,FAIL,non_finite_values_in_sar_pre;non_finite_values_in_sar_post
TN_CHENNAI_FLOOD_2021_143611,TN_CHENNAI_FLOOD_2021,MULTIMODAL,FAIL,non_finite_values_in_sar_pre;non_finite_values_in_sar_post
TN_CHENNAI_FLOOD_2021_173312,TN_CHENNAI_FLOOD_2021,MULTIMODAL,FAIL,non_finite_values_in_sar_pre;non_finite_values_in_sar_post
TN_CHENNAI_FLOOD_2021_203000,TN_CHENNAI_FLOOD_2021,MULTIMODAL,PASS,none
TN_CHENNAI_FLOOD_2021_091156,TN_CHENNAI_FLOOD_2021,MULTIMODAL,FAIL,non_finite_values_in_sar_pre;non_finite_values_in_sar_post
TN_CHENNAI_FLOOD_2021_096205,TN_CHENNAI_FLOOD_2021,MULTIMODAL,FAIL,non_finite_values_in_sar_pre;non_finite_values_in_sar_post
TN_CHENNAI_FLOOD_2021_116130,TN_CHENNAI_FLOOD_2021,MULTIMODAL,FAIL,non_finite_values_in_sar_pre;non_finite_values_in_sar_post
TN_CHENNAI_FLOOD_2021_143747,TN_CHENNAI_FLOOD_2021,MULTIMODAL,FAIL,non_finite_values_in_sar_pre;non_finite_values_in_sar_post
TN_CHENNAI_FLOOD_2021_173372,TN_CHENNAI_FLOOD_2021,MULTIMODAL,PASS,none
TN_CHENNAI_FLOOD_2021_202996,TN_CHENNAI_FLOOD_2021,MULTIMODAL,PASS,none
TN_CHENNAI_FLOOD_2021_121024,TN_CHENNAI_FLOOD_2021,MULTIMODAL,FAIL,non_finite_values_in_sar_pre;non_finite_values_in_sar_post
TN_CHENNAI_FLOOD_2021_121169,TN_CHENNAI_FLOOD_2021,MULTIMODAL,FAIL,non_finite_values_in_sar_pre;non_finite_values_in_sar_post
TN_CHENNAI_FLOOD_2021_179018,TN_CHENNAI_FLOOD_2021,MULTIMODAL,FAIL,non_finite_values_in_sar_pre;non_finite_values_in_sar_post
TN_CHENNAI_FLOOD_2021_206065,TN_CHENNAI_FLOOD_2021,MULTIMODAL,PASS,none
TN_CHENNAI_FLOOD_2021_183187,TN_CHENNAI_FLOOD_2021,MULTIMODAL,FAIL,non_finite_values_in_sar_pre;non_finite_values_in_sar_post
TN_CHENNAI_FLOOD_2021_000007,TN_CHENNAI_FLOOD_2021,MULTIMODAL,FAIL,non_finite_values_in_sar_pre;non_finite_values_in_sar_post
TN_CHENNAI_FLOOD_2021_000031,TN_CHENNAI_FLOOD_2021,MULTIMODAL,FAIL,non_finite_values_in_sar_pre;non_finite_values_in_sar_post
TN_CHENNAI_FLOOD_2021_021818,TN_CHENNAI_FLOOD_2021,MULTIMODAL,FAIL,non_finite_values_in_sar_pre;non_finite_values_in_sar_post
TN_CHENNAI_FLOOD_2021_046551,TN_CHENNAI_FLOOD_2021,MULTIMODAL,FAIL,non_finite_values_in_sar_pre;non_finite_values_in_sar_post
TN_CHENNAI_FLOOD_2021_071288,TN_CHENNAI_FLOOD_2021,MULTIMODAL,FAIL,non_finite_values_in_sar_pre;non_finite_values_in_sar_post
TN_CHENNAI_FLOOD_2021_073386,TN_CHENNAI_FLOOD_2021,MULTIMODAL,FAIL,non_finite_values_in_sar_pre;non_finite_values_in_sar_post
TN_CHENNAI_FLOOD_2021_096241,TN_CHENNAI_FLOOD_2021,MULTIMODAL,FAIL,non_finite_values_in_sar_pre;non_finite_values_in_sar_post
TN_CHENNAI_FLOOD_2021_123783,TN_CHENNAI_FLOOD_2021,MULTIMODAL,FAIL,non_finite_values_in_sar_pre;non_finite_values_in_sar_post
TN_CHENNAI_FLOOD_2021_153530,TN_CHENNAI_FLOOD_2021,MULTIMODAL,FAIL,non_finite_values_in_sar_pre;non_finite_values_in_sar_post
TN_CHENNAI_FLOOD_2021_183192,TN_CHENNAI_FLOOD_2021,MULTIMODAL,PASS,none
TN_CHENNAI_FLOOD_2021_000013,TN_CHENNAI_FLOOD_2021,MULTIMODAL,FAIL,non_finite_values_in_sar_pre;non_finite_values_in_sar_post
TN_CHENNAI_FLOOD_2021_000042,TN_CHENNAI_FLOOD_2021,MULTIMODAL,FAIL,non_finite_values_in_sar_pre;non_finite_values_in_sar_post
TN_CHENNAI_FLOOD_2021_021828,TN_CHENNAI_FLOOD_2021,MULTIMODAL,FAIL,non_finite_values_in_sar_pre;non_finite_values_in_sar_post
TN_CHENNAI_FLOOD_2021_046559,TN_CHENNAI_FLOOD_2021,MULTIMODAL,FAIL,non_finite_values_in_sar_pre;non_finite_values_in_sar_post
TN_CHENNAI_FLOOD_2021_071283,TN_CHENNAI_FLOOD_2021,MULTIMODAL,FAIL,non_finite_values_in_sar_pre;non_finite_values_in_sar_post
TN_CHENNAI_FLOOD_2021_073179,TN_CHENNAI_FLOOD_2021,MULTIMODAL,FAIL,non_finite_values_in_sar_pre;non_finite_values_in_sar_post
TN_CHENNAI_FLOOD_2021_096323,TN_CHENNAI_FLOOD_2021,MULTIMODAL,FAIL,non_finite_values_in_sar_pre;non_finite_values_in_sar_post
TN_CHENNAI_FLOOD_2021_123809,TN_CHENNAI_FLOOD_2021,MULTIMODAL,FAIL,non_finite_values_in_sar_pre;non_finite_values_in_sar_post
TN_CHENNAI_FLOOD_2021_153531,TN_CHENNAI_FLOOD_2021,MULTIMODAL,FAIL,non_finite_values_in_sar_pre;non_finite_values_in_sar_post
TN_CHENNAI_FLOOD_2021_183215,TN_CHENNAI_FLOOD_2021,MULTIMODAL,PASS,none
TN_CHENNAI_FLOOD_2021_004988,TN_CHENNAI_FLOOD_2021,MULTIMODAL,FAIL,non_finite_values_in_sar_pre;non_finite_values_in_sar_post
TN_CHENNAI_FLOOD_2021_005026,TN_CHENNAI_FLOOD_2021,MULTIMODAL,FAIL,non_finite_values_in_sar_pre;non_finite_values_in_sar_post
TN_CHENNAI_FLOOD_2021_026778,TN_CHENNAI_FLOOD_2021,MULTIMODAL,FAIL,non_finite_values_in_sar_pre;non_finite_values_in_sar_post
TN_CHENNAI_FLOOD_2021_051513,TN_CHENNAI_FLOOD_2021,MULTIMODAL,FAIL,non_finite_values_in_sar_pre;non_finite_values_in_sar_post
TN_CHENNAI_FLOOD_2021_076258,TN_CHENNAI_FLOOD_2021,MULTIMODAL,FAIL,non_finite_values_in_sar_pre;non_finite_values_in_sar_post
TN_CHENNAI_FLOOD_2021_076688,TN_CHENNAI_FLOOD_2021,MULTIMODAL,FAIL,non_finite_values_in_sar_pre;non_finite_values_in_sar_post
TN_CHENNAI_FLOOD_2021_101218,TN_CHENNAI_FLOOD_2021,MULTIMODAL,FAIL,non_finite_values_in_sar_pre;non_finite_values_in_sar_post
TN_CHENNAI_FLOOD_2021_128750,TN_CHENNAI_FLOOD_2021,MULTIMODAL,FAIL,non_finite_values_in_sar_pre;non_finite_values_in_sar_post
TN_CHENNAI_FLOOD_2021_158507,TN_CHENNAI_FLOOD_2021,MULTIMODAL,FAIL,non_finite_values_in_sar_pre;non_finite_values_in_sar_post
TN_CHENNAI_FLOOD_2021_188130,TN_CHENNAI_FLOOD_2021,MULTIMODAL,PASS,none
TN_CHENNAI_FLOOD_2021_009953,TN_CHENNAI_FLOOD_2021,MULTIMODAL,FAIL,non_finite_values_in_sar_pre;non_finite_values_in_sar_post
TN_CHENNAI_FLOOD_2021_009982,TN_CHENNAI_FLOOD_2021,MULTIMODAL,FAIL,non_finite_values_in_sar_pre;non_finite_values_in_sar_post
TN_CHENNAI_FLOOD_2021_031719,TN_CHENNAI_FLOOD_2021,MULTIMODAL,FAIL,non_finite_values_in_sar_pre;non_finite_values_in_sar_post
TN_CHENNAI_FLOOD_2021_056435,TN_CHENNAI_FLOOD_2021,MULTIMODAL,FAIL,non_finite_values_in_sar_pre;non_finite_values_in_sar_post
TN_CHENNAI_FLOOD_2021_081207,TN_CHENNAI_FLOOD_2021,MULTIMODAL,FAIL,non_finite_values_in_sar_pre;non_finite_values_in_sar_post
TN_CHENNAI_FLOOD_2021_082051,TN_CHENNAI_FLOOD_2021,MULTIMODAL,FAIL,non_finite_values_in_sar_pre;non_finite_values_in_sar_post
TN_CHENNAI_FLOOD_2021_106177,TN_CHENNAI_FLOOD_2021,MULTIMODAL,FAIL,non_finite_values_in_sar_pre;non_finite_values_in_sar_post
TN_CHENNAI_FLOOD_2021_133707,TN_CHENNAI_FLOOD_2021,MULTIMODAL,FAIL,non_finite_values_in_sar_pre;non_finite_values_in_sar_post
TN_CHENNAI_FLOOD_2021_163432,TN_CHENNAI_FLOOD_2021,MULTIMODAL,FAIL,non_finite_values_in_sar_pre;non_finite_values_in_sar_post
TN_CHENNAI_FLOOD_2021_193115,TN_CHENNAI_FLOOD_2021,MULTIMODAL,PASS,none
TN_CHENNAI_FLOOD_2021_009976,TN_CHENNAI_FLOOD_2021,MULTIMODAL,FAIL,non_finite_values_in_sar_pre;non_finite_values_in_sar_post
TN_CHENNAI_FLOOD_2021_010010,TN_CHENNAI_FLOOD_2021,MULTIMODAL,FAIL,non_finite_values_in_sar_pre;non_finite_values_in_sar_post
TN_CHENNAI_FLOOD_2021_031753,TN_CHENNAI_FLOOD_2021,MULTIMODAL,FAIL,non_finite_values_in_sar_pre;non_finite_values_in_sar_post
TN_CHENNAI_FLOOD_2021_056454,TN_CHENNAI_FLOOD_2021,MULTIMODAL,FAIL,non_finite_values_in_sar_pre;non_finite_values_in_sar_post
TN_CHENNAI_FLOOD_2021_081225,TN_CHENNAI_FLOOD_2021,MULTIMODAL,FAIL,non_finite_values_in_sar_pre;non_finite_values_in_sar_post
TN_CHENNAI_FLOOD_2021_086816,TN_CHENNAI_FLOOD_2021,MULTIMODAL,FAIL,non_finite_values_in_sar_pre;non_finite_values_in_sar_post
TN_CHENNAI_FLOOD_2021_106179,TN_CHENNAI_FLOOD_2021,MULTIMODAL,FAIL,non_finite_values_in_sar_pre;non_finite_values_in_sar_post
TN_CHENNAI_FLOOD_2021_133749,TN_CHENNAI_FLOOD_2021,MULTIMODAL,FAIL,non_finite_values_in_sar_pre;non_finite_values_in_sar_post
TN_CHENNAI_FLOOD_2021_163441,TN_CHENNAI_FLOOD_2021,MULTIMODAL,FAIL,non_finite_values_in_sar_pre;non_finite_values_in_sar_post
TN_CHENNAI_FLOOD_2021_193125,TN_CHENNAI_FLOOD_2021,MULTIMODAL,PASS,none
TN_CHENNAI_FLOOD_2021_014934,TN_CHENNAI_FLOOD_2021,MULTIMODAL,FAIL,non_finite_values_in_sar_pre;non_finite_values_in_sar_post
TN_CHENNAI_FLOOD_2021_014932,TN_CHENNAI_FLOOD_2021,MULTIMODAL,FAIL,non_finite_values_in_sar_pre;non_finite_values_in_sar_post
TN_CHENNAI_FLOOD_2021_036683,TN_CHENNAI_FLOOD_2021,MULTIMODAL,FAIL,non_finite_values_in_sar_pre;non_finite_values_in_sar_post
TN_CHENNAI_FLOOD_2021_061396,TN_CHENNAI_FLOOD_2021,MULTIMODAL,FAIL,non_finite_values_in_sar_pre;non_finite_values_in_sar_post
TN_CHENNAI_FLOOD_2021_086152,TN_CHENNAI_FLOOD_2021,MULTIMODAL,FAIL,non_finite_values_in_sar_pre;non_finite_values_in_sar_post
TN_CHENNAI_FLOOD_2021_111088,TN_CHENNAI_FLOOD_2021,MULTIMODAL,FAIL,non_finite_values_in_sar_pre;non_finite_values_in_sar_post
TN_CHENNAI_FLOOD_2021_111120,TN_CHENNAI_FLOOD_2021,MULTIMODAL,FAIL,non_finite_values_in_sar_pre;non_finite_values_in_sar_post
TN_CHENNAI_FLOOD_2021_138667,TN_CHENNAI_FLOOD_2021,MULTIMODAL,FAIL,non_finite_values_in_sar_pre;non_finite_values_in_sar_post
TN_CHENNAI_FLOOD_2021_168411,TN_CHENNAI_FLOOD_2021,MULTIMODAL,FAIL,non_finite_values_in_sar_pre;non_finite_values_in_sar_post
TN_CHENNAI_FLOOD_2021_198075,TN_CHENNAI_FLOOD_2021,MULTIMODAL,PASS,none
TN_CHENNAI_FLOOD_2021_019887,TN_CHENNAI_FLOOD_2021,MULTIMODAL,FAIL,non_finite_values_in_sar_pre;non_finite_values_in_sar_post
TN_CHENNAI_FLOOD_2021_019911,TN_CHENNAI_FLOOD_2021,MULTIMODAL,FAIL,non_finite_values_in_sar_pre;non_finite_values_in_sar_post
TN_CHENNAI_FLOOD_2021_041654,TN_CHENNAI_FLOOD_2021,MULTIMODAL,FAIL,non_finite_values_in_sar_pre;non_finite_values_in_sar_post
TN_CHENNAI_FLOOD_2021_066354,TN_CHENNAI_FLOOD_2021,MULTIMODAL,FAIL,non_finite_values_in_sar_pre;non_finite_values_in_sar_post
TN_CHENNAI_FLOOD_2021_091119,TN_CHENNAI_FLOOD_2021,MULTIMODAL,FAIL,non_finite_values_in_sar_pre;non_finite_values_in_sar_post
TN_CHENNAI_FLOOD_2021_095366,TN_CHENNAI_FLOOD_2021,MULTIMODAL,FAIL,non_finite_values_in_sar_pre;non_finite_values_in_sar_post
TN_CHENNAI_FLOOD_2021_116039,TN_CHENNAI_FLOOD_2021,MULTIMODAL,FAIL,non_finite_values_in_sar_pre;non_finite_values_in_sar_post
TN_CHENNAI_FLOOD_2021_143612,TN_CHENNAI_FLOOD_2021,MULTIMODAL,FAIL,non_finite_values_in_sar_pre;non_finite_values_in_sar_post
TN_CHENNAI_FLOOD_2021_173313,TN_CHENNAI_FLOOD_2021,MULTIMODAL,PASS,none
TN_CHENNAI_FLOOD_2021_203002,TN_CHENNAI_FLOOD_2021,MULTIMODAL,PASS,none
TN_CHENNAI_FLOOD_2021_091235,TN_CHENNAI_FLOOD_2021,MULTIMODAL,FAIL,non_finite_values_in_sar_pre;non_finite_values_in_sar_post
TN_CHENNAI_FLOOD_2021_116060,TN_CHENNAI_FLOOD_2021,MULTIMODAL,FAIL,non_finite_values_in_sar_pre;non_finite_values_in_sar_post
TN_CHENNAI_FLOOD_2021_116241,TN_CHENNAI_FLOOD_2021,MULTIMODAL,FAIL,non_finite_values_in_sar_pre;non_finite_values_in_sar_post
TN_CHENNAI_FLOOD_2021_143773,TN_CHENNAI_FLOOD_2021,MULTIMODAL,FAIL,non_finite_values_in_sar_pre;non_finite_values_in_sar_post
TN_CHENNAI_FLOOD_2021_173418,TN_CHENNAI_FLOOD_2021,MULTIMODAL,FAIL,non_finite_values_in_sar_pre;non_finite_values_in_sar_post
TN_CHENNAI_FLOOD_2021_203024,TN_CHENNAI_FLOOD_2021,MULTIMODAL,PASS,none
TN_CHENNAI_FLOOD_2021_121032,TN_CHENNAI_FLOOD_2021,MULTIMODAL,FAIL,non_finite_values_in_sar_pre;non_finite_values_in_sar_post
TN_CHENNAI_FLOOD_2021_121414,TN_CHENNAI_FLOOD_2021,MULTIMODAL,FAIL,non_finite_values_in_sar_pre;non_finite_values_in_sar_post
TN_CHENNAI_FLOOD_2021_179953,TN_CHENNAI_FLOOD_2021,MULTIMODAL,FAIL,non_finite_values_in_sar_pre;non_finite_values_in_sar_post
TN_CHENNAI_FLOOD_2021_206105,TN_CHENNAI_FLOOD_2021,MULTIMODAL,PASS,none
TN_CHENNAI_FLOOD_2021_000008,TN_CHENNAI_FLOOD_2021,MULTIMODAL,FAIL,non_finite_values_in_sar_pre;non_finite_values_in_sar_post
TN_CHENNAI_FLOOD_2021_000032,TN_CHENNAI_FLOOD_2021,MULTIMODAL,FAIL,non_finite_values_in_sar_pre;non_finite_values_in_sar_post
TN_CHENNAI_FLOOD_2021_021820,TN_CHENNAI_FLOOD_2021,MULTIMODAL,FAIL,non_finite_values_in_sar_pre;non_finite_values_in_sar_post
TN_CHENNAI_FLOOD_2021_046552,TN_CHENNAI_FLOOD_2021,MULTIMODAL,FAIL,non_finite_values_in_sar_pre;non_finite_values_in_sar_post
TN_CHENNAI_FLOOD_2021_071290,TN_CHENNAI_FLOOD_2021,MULTIMODAL,FAIL,non_finite_values_in_sar_pre;non_finite_values_in_sar_post
TN_CHENNAI_FLOOD_2021_073413,TN_CHENNAI_FLOOD_2021,MULTIMODAL,FAIL,non_finite_values_in_sar_pre;non_finite_values_in_sar_post
TN_CHENNAI_FLOOD_2021_096247,TN_CHENNAI_FLOOD_2021,MULTIMODAL,FAIL,non_finite_values_in_sar_pre;non_finite_values_in_sar_post
TN_CHENNAI_FLOOD_2021_123792,TN_CHENNAI_FLOOD_2021,MULTIMODAL,FAIL,non_finite_values_in_sar_pre;non_finite_values_in_sar_post
TN_CHENNAI_FLOOD_2021_153534,TN_CHENNAI_FLOOD_2021,MULTIMODAL,FAIL,non_finite_values_in_sar_pre;non_finite_values_in_sar_post
TN_CHENNAI_FLOOD_2021_183193,TN_CHENNAI_FLOOD_2021,MULTIMODAL,FAIL,non_finite_values_in_sar_pre;non_finite_values_in_sar_post
TN_CHENNAI_FLOOD_2021_000016,TN_CHENNAI_FLOOD_2021,MULTIMODAL,FAIL,non_finite_values_in_sar_pre;non_finite_values_in_sar_post
TN_CHENNAI_FLOOD_2021_000045,TN_CHENNAI_FLOOD_2021,MULTIMODAL,FAIL,non_finite_values_in_sar_pre;non_finite_values_in_sar_post
TN_CHENNAI_FLOOD_2021_021829,TN_CHENNAI_FLOOD_2021,MULTIMODAL,FAIL,non_finite_values_in_sar_pre;non_finite_values_in_sar_post
TN_CHENNAI_FLOOD_2021_046562,TN_CHENNAI_FLOOD_2021,MULTIMODAL,FAIL,non_finite_values_in_sar_pre;non_finite_values_in_sar_post
TN_CHENNAI_FLOOD_2021_071284,TN_CHENNAI_FLOOD_2021,MULTIMODAL,FAIL,non_finite_values_in_sar_pre;non_finite_values_in_sar_post
TN_CHENNAI_FLOOD_2021_073200,TN_CHENNAI_FLOOD_2021,MULTIMODAL,FAIL,non_finite_values_in_sar_pre;non_finite_values_in_sar_post
TN_CHENNAI_FLOOD_2021_096345,TN_CHENNAI_FLOOD_2021,MULTIMODAL,FAIL,non_finite_values_in_sar_pre;non_finite_values_in_sar_post
TN_CHENNAI_FLOOD_2021_123811,TN_CHENNAI_FLOOD_2021,MULTIMODAL,FAIL,non_finite_values_in_sar_pre;non_finite_values_in_sar_post
TN_CHENNAI_FLOOD_2021_153536,TN_CHENNAI_FLOOD_2021,MULTIMODAL,FAIL,non_finite_values_in_sar_pre;non_finite_values_in_sar_post
TN_CHENNAI_FLOOD_2021_183224,TN_CHENNAI_FLOOD_2021,MULTIMODAL,PASS,none
TN_CHENNAI_FLOOD_2021_004992,TN_CHENNAI_FLOOD_2021,MULTIMODAL,FAIL,non_finite_values_in_sar_pre;non_finite_values_in_sar_post
TN_CHENNAI_FLOOD_2021_005029,TN_CHENNAI_FLOOD_2021,MULTIMODAL,FAIL,non_finite_values_in_sar_pre;non_finite_values_in_sar_post
TN_CHENNAI_FLOOD_2021_026779,TN_CHENNAI_FLOOD_2021,MULTIMODAL,FAIL,non_finite_values_in_sar_pre;non_finite_values_in_sar_post
TN_CHENNAI_FLOOD_2021_051515,TN_CHENNAI_FLOOD_2021,MULTIMODAL,FAIL,non_finite_values_in_sar_pre;non_finite_values_in_sar_post
TN_CHENNAI_FLOOD_2021_076268,TN_CHENNAI_FLOOD_2021,MULTIMODAL,FAIL,non_finite_values_in_sar_pre;non_finite_values_in_sar_post
TN_CHENNAI_FLOOD_2021_078902,TN_CHENNAI_FLOOD_2021,MULTIMODAL,FAIL,non_finite_values_in_sar_pre;non_finite_values_in_sar_post
TN_CHENNAI_FLOOD_2021_101222,TN_CHENNAI_FLOOD_2021,MULTIMODAL,FAIL,non_finite_values_in_sar_pre;non_finite_values_in_sar_post
TN_CHENNAI_FLOOD_2021_128756,TN_CHENNAI_FLOOD_2021,MULTIMODAL,FAIL,non_finite_values_in_sar_pre;non_finite_values_in_sar_post
TN_CHENNAI_FLOOD_2021_158509,TN_CHENNAI_FLOOD_2021,MULTIMODAL,FAIL,non_finite_values_in_sar_pre;non_finite_values_in_sar_post
TN_CHENNAI_FLOOD_2021_188131,TN_CHENNAI_FLOOD_2021,MULTIMODAL,PASS,none
TN_CHENNAI_FLOOD_2021_009954,TN_CHENNAI_FLOOD_2021,MULTIMODAL,FAIL,non_finite_values_in_sar_pre;non_finite_values_in_sar_post
TN_CHENNAI_FLOOD_2021_009988,TN_CHENNAI_FLOOD_2021,MULTIMODAL,FAIL,non_finite_values_in_sar_pre;non_finite_values_in_sar_post
TN_CHENNAI_FLOOD_2021_031736,TN_CHENNAI_FLOOD_2021,MULTIMODAL,FAIL,non_finite_values_in_sar_pre;non_finite_values_in_sar_post
TN_CHENNAI_FLOOD_2021_056436,TN_CHENNAI_FLOOD_2021,MULTIMODAL,FAIL,non_finite_values_in_sar_pre;non_finite_values_in_sar_post
TN_CHENNAI_FLOOD_2021_081208,TN_CHENNAI_FLOOD_2021,MULTIMODAL,FAIL,non_finite_values_in_sar_pre;non_finite_values_in_sar_post
TN_CHENNAI_FLOOD_2021_082775,TN_CHENNAI_FLOOD_2021,MULTIMODAL,FAIL,non_finite_values_in_sar_pre;non_finite_values_in_sar_post
TN_CHENNAI_FLOOD_2021_106181,TN_CHENNAI_FLOOD_2021,MULTIMODAL,FAIL,non_finite_values_in_sar_pre;non_finite_values_in_sar_post
TN_CHENNAI_FLOOD_2021_133708,TN_CHENNAI_FLOOD_2021,MULTIMODAL,FAIL,non_finite_values_in_sar_pre;non_finite_values_in_sar_post
TN_CHENNAI_FLOOD_2021_163433,TN_CHENNAI_FLOOD_2021,MULTIMODAL,FAIL,non_finite_values_in_sar_pre;non_finite_values_in_sar_post
TN_CHENNAI_FLOOD_2021_193116,TN_CHENNAI_FLOOD_2021,MULTIMODAL,PASS,none
TN_CHENNAI_FLOOD_2021_009977,TN_CHENNAI_FLOOD_2021,MULTIMODAL,FAIL,non_finite_values_in_sar_pre;non_finite_values_in_sar_post
TN_CHENNAI_FLOOD_2021_010063,TN_CHENNAI_FLOOD_2021,MULTIMODAL,FAIL,non_finite_values_in_sar_pre;non_finite_values_in_sar_post
TN_CHENNAI_FLOOD_2021_031762,TN_CHENNAI_FLOOD_2021,MULTIMODAL,FAIL,non_finite_values_in_sar_pre;non_finite_values_in_sar_post
TN_CHENNAI_FLOOD_2021_056474,TN_CHENNAI_FLOOD_2021,MULTIMODAL,FAIL,non_finite_values_in_sar_pre;non_finite_values_in_sar_post
TN_CHENNAI_FLOOD_2021_081230,TN_CHENNAI_FLOOD_2021,MULTIMODAL,FAIL,non_finite_values_in_sar_pre;non_finite_values_in_sar_post
TN_CHENNAI_FLOOD_2021_088607,TN_CHENNAI_FLOOD_2021,MULTIMODAL,FAIL,non_finite_values_in_sar_pre;non_finite_values_in_sar_post
TN_CHENNAI_FLOOD_2021_106206,TN_CHENNAI_FLOOD_2021,MULTIMODAL,FAIL,non_finite_values_in_sar_pre;non_finite_values_in_sar_post
TN_CHENNAI_FLOOD_2021_133752,TN_CHENNAI_FLOOD_2021,MULTIMODAL,FAIL,non_finite_values_in_sar_pre;non_finite_values_in_sar_post
TN_CHENNAI_FLOOD_2021_163448,TN_CHENNAI_FLOOD_2021,MULTIMODAL,FAIL,non_finite_values_in_sar_pre;non_finite_values_in_sar_post
TN_CHENNAI_FLOOD_2021_193139,TN_CHENNAI_FLOOD_2021,MULTIMODAL,PASS,none
TN_CHENNAI_FLOOD_2021_014950,TN_CHENNAI_FLOOD_2021,MULTIMODAL,FAIL,non_finite_values_in_sar_pre;non_finite_values_in_sar_post
TN_CHENNAI_FLOOD_2021_014936,TN_CHENNAI_FLOOD_2021,MULTIMODAL,FAIL,non_finite_values_in_sar_pre;non_finite_values_in_sar_post
TN_CHENNAI_FLOOD_2021_036699,TN_CHENNAI_FLOOD_2021,MULTIMODAL,FAIL,non_finite_values_in_sar_pre;non_finite_values_in_sar_post
TN_CHENNAI_FLOOD_2021_061398,TN_CHENNAI_FLOOD_2021,MULTIMODAL,FAIL,non_finite_values_in_sar_pre;non_finite_values_in_sar_post
TN_CHENNAI_FLOOD_2021_086155,TN_CHENNAI_FLOOD_2021,MULTIMODAL,FAIL,non_finite_values_in_sar_pre;non_finite_values_in_sar_post
TN_CHENNAI_FLOOD_2021_111095,TN_CHENNAI_FLOOD_2021,MULTIMODAL,FAIL,non_finite_values_in_sar_pre;non_finite_values_in_sar_post
TN_CHENNAI_FLOOD_2021_111129,TN_CHENNAI_FLOOD_2021,MULTIMODAL,FAIL,non_finite_values_in_sar_pre;non_finite_values_in_sar_post
TN_CHENNAI_FLOOD_2021_138670,TN_CHENNAI_FLOOD_2021,MULTIMODAL,FAIL,non_finite_values_in_sar_pre;non_finite_values_in_sar_post
TN_CHENNAI_FLOOD_2021_168415,TN_CHENNAI_FLOOD_2021,MULTIMODAL,FAIL,non_finite_values_in_sar_pre;non_finite_values_in_sar_post
TN_CHENNAI_FLOOD_2021_198078,TN_CHENNAI_FLOOD_2021,MULTIMODAL,PASS,none
TN_CHENNAI_FLOOD_2021_019888,TN_CHENNAI_FLOOD_2021,MULTIMODAL,FAIL,non_finite_values_in_sar_pre;non_finite_values_in_sar_post
TN_CHENNAI_FLOOD_2021_019918,TN_CHENNAI_FLOOD_2021,MULTIMODAL,FAIL,non_finite_values_in_sar_pre;non_finite_values_in_sar_post
TN_CHENNAI_FLOOD_2021_041655,TN_CHENNAI_FLOOD_2021,MULTIMODAL,FAIL,non_finite_values_in_sar_pre;non_finite_values_in_sar_post
TN_CHENNAI_FLOOD_2021_066370,TN_CHENNAI_FLOOD_2021,MULTIMODAL,FAIL,non_finite_values_in_sar_pre;non_finite_values_in_sar_post
TN_CHENNAI_FLOOD_2021_091123,TN_CHENNAI_FLOOD_2021,MULTIMODAL,FAIL,non_finite_values_in_sar_pre;non_finite_values_in_sar_post
TN_CHENNAI_FLOOD_2021_116028,TN_CHENNAI_FLOOD_2021,MULTIMODAL,FAIL,non_finite_values_in_sar_pre;non_finite_values_in_sar_post
TN_CHENNAI_FLOOD_2021_116041,TN_CHENNAI_FLOOD_2021,MULTIMODAL,FAIL,non_finite_values_in_sar_pre;non_finite_values_in_sar_post
TN_CHENNAI_FLOOD_2021_143617,TN_CHENNAI_FLOOD_2021,MULTIMODAL,FAIL,non_finite_values_in_sar_pre;non_finite_values_in_sar_post
TN_CHENNAI_FLOOD_2021_173316,TN_CHENNAI_FLOOD_2021,MULTIMODAL,PASS,none
TN_CHENNAI_FLOOD_2021_203006,TN_CHENNAI_FLOOD_2021,MULTIMODAL,PASS,none
TN_CHENNAI_FLOOD_2021_091294,TN_CHENNAI_FLOOD_2021,MULTIMODAL,FAIL,non_finite_values_in_sar_pre;non_finite_values_in_sar_post
TN_CHENNAI_FLOOD_2021_116148,TN_CHENNAI_FLOOD_2021,MULTIMODAL,FAIL,non_finite_values_in_sar_pre;non_finite_values_in_sar_post
TN_CHENNAI_FLOOD_2021_116384,TN_CHENNAI_FLOOD_2021,MULTIMODAL,FAIL,non_finite_values_in_sar_pre;non_finite_values_in_sar_post
TN_CHENNAI_FLOOD_2021_143807,TN_CHENNAI_FLOOD_2021,MULTIMODAL,FAIL,non_finite_values_in_sar_pre;non_finite_values_in_sar_post
TN_CHENNAI_FLOOD_2021_173436,TN_CHENNAI_FLOOD_2021,MULTIMODAL,FAIL,non_finite_values_in_sar_pre;non_finite_values_in_sar_post
TN_CHENNAI_FLOOD_2021_203042,TN_CHENNAI_FLOOD_2021,MULTIMODAL,PASS,none
TN_CHENNAI_FLOOD_2021_121042,TN_CHENNAI_FLOOD_2021,MULTIMODAL,FAIL,non_finite_values_in_sar_pre;non_finite_values_in_sar_post
TN_CHENNAI_FLOOD_2021_122314,TN_CHENNAI_FLOOD_2021,MULTIMODAL,FAIL,non_finite_values_in_sar_pre;non_finite_values_in_sar_post
TN_CHENNAI_FLOOD_2021_181470,TN_CHENNAI_FLOOD_2021,MULTIMODAL,FAIL,non_finite_values_in_sar_pre;non_finite_values_in_sar_post
TN_CHENNAI_FLOOD_2021_206113,TN_CHENNAI_FLOOD_2021,MULTIMODAL,PASS,none
TN_CHENNAI_FLOOD_2021_000009,TN_CHENNAI_FLOOD_2021,MULTIMODAL,FAIL,non_finite_values_in_sar_pre;non_finite_values_in_sar_post
TN_CHENNAI_FLOOD_2021_000034,TN_CHENNAI_FLOOD_2021,MULTIMODAL,FAIL,non_finite_values_in_sar_pre;non_finite_values_in_sar_post
TN_CHENNAI_FLOOD_2021_021823,TN_CHENNAI_FLOOD_2021,MULTIMODAL,FAIL,non_finite_values_in_sar_pre;non_finite_values_in_sar_post
TN_CHENNAI_FLOOD_2021_046554,TN_CHENNAI_FLOOD_2021,MULTIMODAL,FAIL,non_finite_values_in_sar_pre;non_finite_values_in_sar_post
TN_CHENNAI_FLOOD_2021_071293,TN_CHENNAI_FLOOD_2021,MULTIMODAL,FAIL,non_finite_values_in_sar_pre;non_finite_values_in_sar_post
TN_CHENNAI_FLOOD_2021_073419,TN_CHENNAI_FLOOD_2021,MULTIMODAL,FAIL,non_finite_values_in_sar_pre;non_finite_values_in_sar_post
TN_CHENNAI_FLOOD_2021_096248,TN_CHENNAI_FLOOD_2021,MULTIMODAL,FAIL,non_finite_values_in_sar_pre;non_finite_values_in_sar_post
TN_CHENNAI_FLOOD_2021_123798,TN_CHENNAI_FLOOD_2021,MULTIMODAL,FAIL,non_finite_values_in_sar_pre;non_finite_values_in_sar_post
TN_CHENNAI_FLOOD_2021_153535,TN_CHENNAI_FLOOD_2021,MULTIMODAL,FAIL,non_finite_values_in_sar_pre;non_finite_values_in_sar_post
TN_CHENNAI_FLOOD_2021_183196,TN_CHENNAI_FLOOD_2021,MULTIMODAL,FAIL,non_finite_values_in_sar_pre;non_finite_values_in_sar_post
TN_CHENNAI_FLOOD_2021_000030,TN_CHENNAI_FLOOD_2021,MULTIMODAL,FAIL,non_finite_values_in_sar_pre;non_finite_values_in_sar_post
TN_CHENNAI_FLOOD_2021_000049,TN_CHENNAI_FLOOD_2021,MULTIMODAL,FAIL,non_finite_values_in_sar_pre;non_finite_values_in_sar_post
TN_CHENNAI_FLOOD_2021_021831,TN_CHENNAI_FLOOD_2021,MULTIMODAL,FAIL,non_finite_values_in_sar_pre;non_finite_values_in_sar_post
TN_CHENNAI_FLOOD_2021_046564,TN_CHENNAI_FLOOD_2021,MULTIMODAL,FAIL,non_finite_values_in_sar_pre;non_finite_values_in_sar_post
TN_CHENNAI_FLOOD_2021_071286,TN_CHENNAI_FLOOD_2021,MULTIMODAL,FAIL,non_finite_values_in_sar_pre;non_finite_values_in_sar_post
TN_CHENNAI_FLOOD_2021_073585,TN_CHENNAI_FLOOD_2021,MULTIMODAL,FAIL,non_finite_values_in_sar_pre;non_finite_values_in_sar_post
TN_CHENNAI_FLOOD_2021_096368,TN_CHENNAI_FLOOD_2021,MULTIMODAL,FAIL,non_finite_values_in_sar_pre;non_finite_values_in_sar_post
TN_CHENNAI_FLOOD_2021_123818,TN_CHENNAI_FLOOD_2021,MULTIMODAL,FAIL,non_finite_values_in_sar_pre;non_finite_values_in_sar_post
TN_CHENNAI_FLOOD_2021_153537,TN_CHENNAI_FLOOD_2021,MULTIMODAL,FAIL,non_finite_values_in_sar_pre;non_finite_values_in_sar_post
TN_CHENNAI_FLOOD_2021_183228,TN_CHENNAI_FLOOD_2021,MULTIMODAL,PASS,none
TN_CHENNAI_FLOOD_2021_004993,TN_CHENNAI_FLOOD_2021,MULTIMODAL,FAIL,non_finite_values_in_sar_pre;non_finite_values_in_sar_post
TN_CHENNAI_FLOOD_2021_005031,TN_CHENNAI_FLOOD_2021,MULTIMODAL,FAIL,non_finite_values_in_sar_pre;non_finite_values_in_sar_post
TN_CHENNAI_FLOOD_2021_026780,TN_CHENNAI_FLOOD_2021,MULTIMODAL,FAIL,non_finite_values_in_sar_pre;non_finite_values_in_sar_post
TN_CHENNAI_FLOOD_2021_051523,TN_CHENNAI_FLOOD_2021,MULTIMODAL,FAIL,non_finite_values_in_sar_pre;non_finite_values_in_sar_post
TN_CHENNAI_FLOOD_2021_076269,TN_CHENNAI_FLOOD_2021,MULTIMODAL,FAIL,non_finite_values_in_sar_pre;non_finite_values_in_sar_post
TN_CHENNAI_FLOOD_2021_079489,TN_CHENNAI_FLOOD_2021,MULTIMODAL,FAIL,non_finite_values_in_sar_pre;non_finite_values_in_sar_post
TN_CHENNAI_FLOOD_2021_101228,TN_CHENNAI_FLOOD_2021,MULTIMODAL,FAIL,non_finite_values_in_sar_pre;non_finite_values_in_sar_post
TN_CHENNAI_FLOOD_2021_128757,TN_CHENNAI_FLOOD_2021,MULTIMODAL,FAIL,non_finite_values_in_sar_pre;non_finite_values_in_sar_post
TN_CHENNAI_FLOOD_2021_158511,TN_CHENNAI_FLOOD_2021,MULTIMODAL,FAIL,non_finite_values_in_sar_pre;non_finite_values_in_sar_post
TN_CHENNAI_FLOOD_2021_188132,TN_CHENNAI_FLOOD_2021,MULTIMODAL,PASS,none
TN_CHENNAI_FLOOD_2021_009955,TN_CHENNAI_FLOOD_2021,MULTIMODAL,FAIL,non_finite_values_in_sar_pre;non_finite_values_in_sar_post
TN_CHENNAI_FLOOD_2021_009998,TN_CHENNAI_FLOOD_2021,MULTIMODAL,FAIL,non_finite_values_in_sar_pre;non_finite_values_in_sar_post
TN_CHENNAI_FLOOD_2021_031737,TN_CHENNAI_FLOOD_2021,MULTIMODAL,FAIL,non_finite_values_in_sar_pre;non_finite_values_in_sar_post
TN_CHENNAI_FLOOD_2021_056437,TN_CHENNAI_FLOOD_2021,MULTIMODAL,FAIL,non_finite_values_in_sar_pre;non_finite_values_in_sar_post
TN_CHENNAI_FLOOD_2021_081210,TN_CHENNAI_FLOOD_2021,MULTIMODAL,FAIL,non_finite_values_in_sar_pre;non_finite_values_in_sar_post
TN_CHENNAI_FLOOD_2021_083781,TN_CHENNAI_FLOOD_2021,MULTIMODAL,FAIL,non_finite_values_in_sar_pre;non_finite_values_in_sar_post
TN_CHENNAI_FLOOD_2021_106185,TN_CHENNAI_FLOOD_2021,MULTIMODAL,FAIL,non_finite_values_in_sar_pre;non_finite_values_in_sar_post
TN_CHENNAI_FLOOD_2021_133713,TN_CHENNAI_FLOOD_2021,MULTIMODAL,FAIL,non_finite_values_in_sar_pre;non_finite_values_in_sar_post
TN_CHENNAI_FLOOD_2021_163437,TN_CHENNAI_FLOOD_2021,MULTIMODAL,FAIL,non_finite_values_in_sar_pre;non_finite_values_in_sar_post
TN_CHENNAI_FLOOD_2021_193120,TN_CHENNAI_FLOOD_2021,MULTIMODAL,PASS,none
TN_CHENNAI_FLOOD_2021_009979,TN_CHENNAI_FLOOD_2021,MULTIMODAL,FAIL,non_finite_values_in_sar_pre;non_finite_values_in_sar_post
TN_CHENNAI_FLOOD_2021_010069,TN_CHENNAI_FLOOD_2021,MULTIMODAL,FAIL,non_finite_values_in_sar_pre;non_finite_values_in_sar_post
TN_CHENNAI_FLOOD_2021_031778,TN_CHENNAI_FLOOD_2021,MULTIMODAL,FAIL,non_finite_values_in_sar_pre;non_finite_values_in_sar_post
TN_CHENNAI_FLOOD_2021_056478,TN_CHENNAI_FLOOD_2021,MULTIMODAL,FAIL,non_finite_values_in_sar_pre;non_finite_values_in_sar_post
TN_CHENNAI_FLOOD_2021_081234,TN_CHENNAI_FLOOD_2021,MULTIMODAL,FAIL,non_finite_values_in_sar_pre;non_finite_values_in_sar_post
TN_CHENNAI_FLOOD_2021_089857,TN_CHENNAI_FLOOD_2021,MULTIMODAL,FAIL,non_finite_values_in_sar_pre;non_finite_values_in_sar_post
TN_CHENNAI_FLOOD_2021_106244,TN_CHENNAI_FLOOD_2021,MULTIMODAL,FAIL,non_finite_values_in_sar_pre;non_finite_values_in_sar_post
TN_CHENNAI_FLOOD_2021_133755,TN_CHENNAI_FLOOD_2021,MULTIMODAL,FAIL,non_finite_values_in_sar_pre;non_finite_values_in_sar_post
TN_CHENNAI_FLOOD_2021_163449,TN_CHENNAI_FLOOD_2021,MULTIMODAL,FAIL,non_finite_values_in_sar_pre;non_finite_values_in_sar_post
TN_CHENNAI_FLOOD_2021_193142,TN_CHENNAI_FLOOD_2021,MULTIMODAL,PASS,none
TN_CHENNAI_FLOOD_2021_014951,TN_CHENNAI_FLOOD_2021,MULTIMODAL,FAIL,non_finite_values_in_sar_pre;non_finite_values_in_sar_post
TN_CHENNAI_FLOOD_2021_014940,TN_CHENNAI_FLOOD_2021,MULTIMODAL,FAIL,non_finite_values_in_sar_pre;non_finite_values_in_sar_post
TN_CHENNAI_FLOOD_2021_036700,TN_CHENNAI_FLOOD_2021,MULTIMODAL,FAIL,non_finite_values_in_sar_pre;non_finite_values_in_sar_post
TN_CHENNAI_FLOOD_2021_061399,TN_CHENNAI_FLOOD_2021,MULTIMODAL,FAIL,non_finite_values_in_sar_pre;non_finite_values_in_sar_post
TN_CHENNAI_FLOOD_2021_086156,TN_CHENNAI_FLOOD_2021,MULTIMODAL,FAIL,non_finite_values_in_sar_pre;non_finite_values_in_sar_post
TN_CHENNAI_FLOOD_2021_111096,TN_CHENNAI_FLOOD_2021,MULTIMODAL,FAIL,non_finite_values_in_sar_pre;non_finite_values_in_sar_post
TN_CHENNAI_FLOOD_2021_111135,TN_CHENNAI_FLOOD_2021,MULTIMODAL,FAIL,non_finite_values_in_sar_pre;non_finite_values_in_sar_post
TN_CHENNAI_FLOOD_2021_138685,TN_CHENNAI_FLOOD_2021,MULTIMODAL,FAIL,non_finite_values_in_sar_pre;non_finite_values_in_sar_post
TN_CHENNAI_FLOOD_2021_168421,TN_CHENNAI_FLOOD_2021,MULTIMODAL,FAIL,non_finite_values_in_sar_pre;non_finite_values_in_sar_post
TN_CHENNAI_FLOOD_2021_198111,TN_CHENNAI_FLOOD_2021,MULTIMODAL,PASS,none
TN_CHENNAI_FLOOD_2021_019889,TN_CHENNAI_FLOOD_2021,MULTIMODAL,FAIL,non_finite_values_in_sar_pre;non_finite_values_in_sar_post
TN_CHENNAI_FLOOD_2021_019919,TN_CHENNAI_FLOOD_2021,MULTIMODAL,FAIL,non_finite_values_in_sar_pre;non_finite_values_in_sar_post
TN_CHENNAI_FLOOD_2021_041662,TN_CHENNAI_FLOOD_2021,MULTIMODAL,FAIL,non_finite_values_in_sar_pre;non_finite_values_in_sar_post
TN_CHENNAI_FLOOD_2021_066376,TN_CHENNAI_FLOOD_2021,MULTIMODAL,FAIL,non_finite_values_in_sar_pre;non_finite_values_in_sar_post
TN_CHENNAI_FLOOD_2021_091125,TN_CHENNAI_FLOOD_2021,MULTIMODAL,FAIL,non_finite_values_in_sar_pre;non_finite_values_in_sar_post
TN_CHENNAI_FLOOD_2021_116029,TN_CHENNAI_FLOOD_2021,MULTIMODAL,FAIL,non_finite_values_in_sar_pre;non_finite_values_in_sar_post
TN_CHENNAI_FLOOD_2021_116047,TN_CHENNAI_FLOOD_2021,MULTIMODAL,FAIL,non_finite_values_in_sar_pre;non_finite_values_in_sar_post
TN_CHENNAI_FLOOD_2021_143628,TN_CHENNAI_FLOOD_2021,MULTIMODAL,FAIL,non_finite_values_in_sar_pre;non_finite_values_in_sar_post
TN_CHENNAI_FLOOD_2021_173320,TN_CHENNAI_FLOOD_2021,MULTIMODAL,FAIL,non_finite_values_in_sar_pre;non_finite_values_in_sar_post
TN_CHENNAI_FLOOD_2021_203008,TN_CHENNAI_FLOOD_2021,MULTIMODAL,PASS,none
TN_CHENNAI_FLOOD_2021_091339,TN_CHENNAI_FLOOD_2021,MULTIMODAL,FAIL,non_finite_values_in_sar_pre;non_finite_values_in_sar_post
TN_CHENNAI_FLOOD_2021_116245,TN_CHENNAI_FLOOD_2021,MULTIMODAL,FAIL,non_finite_values_in_sar_pre;non_finite_values_in_sar_post
TN_CHENNAI_FLOOD_2021_116385,TN_CHENNAI_FLOOD_2021,MULTIMODAL,FAIL,non_finite_values_in_sar_pre;non_finite_values_in_sar_post
TN_CHENNAI_FLOOD_2021_143924,TN_CHENNAI_FLOOD_2021,MULTIMODAL,FAIL,non_finite_values_in_sar_pre;non_finite_values_in_sar_post
TN_CHENNAI_FLOOD_2021_173458,TN_CHENNAI_FLOOD_2021,MULTIMODAL,FAIL,non_finite_values_in_sar_pre;non_finite_values_in_sar_post
TN_CHENNAI_FLOOD_2021_203057,TN_CHENNAI_FLOOD_2021,MULTIMODAL,PASS,none
TN_CHENNAI_FLOOD_2021_121225,TN_CHENNAI_FLOOD_2021,MULTIMODAL,FAIL,non_finite_values_in_sar_pre;non_finite_values_in_sar_post
TN_CHENNAI_FLOOD_2021_122632,TN_CHENNAI_FLOOD_2021,MULTIMODAL,FAIL,non_finite_values_in_sar_pre;non_finite_values_in_sar_post
TN_CHENNAI_FLOOD_2021_182426,TN_CHENNAI_FLOOD_2021,MULTIMODAL,FAIL,non_finite_values_in_sar_pre;non_finite_values_in_sar_post
TN_CHENNAI_FLOOD_2021_206114,TN_CHENNAI_FLOOD_2021,MULTIMODAL,PASS,none
TN_CHENNAI_FLOOD_2021_000010,TN_CHENNAI_FLOOD_2021,MULTIMODAL,FAIL,non_finite_values_in_sar_pre;non_finite_values_in_sar_post
TN_CHENNAI_FLOOD_2021_000035,TN_CHENNAI_FLOOD_2021,MULTIMODAL,FAIL,non_finite_values_in_sar_pre;non_finite_values_in_sar_post
TN_CHENNAI_FLOOD_2021_021824,TN_CHENNAI_FLOOD_2021,MULTIMODAL,FAIL,non_finite_values_in_sar_pre;non_finite_values_in_sar_post
TN_CHENNAI_FLOOD_2021_046557,TN_CHENNAI_FLOOD_2021,MULTIMODAL,FAIL,non_finite_values_in_sar_pre;non_finite_values_in_sar_post
TN_CHENNAI_FLOOD_2021_071296,TN_CHENNAI_FLOOD_2021,MULTIMODAL,FAIL,non_finite_values_in_sar_pre;non_finite_values_in_sar_post
TN_CHENNAI_FLOOD_2021_073635,TN_CHENNAI_FLOOD_2021,MULTIMODAL,FAIL,non_finite_values_in_sar_pre;non_finite_values_in_sar_post
TN_CHENNAI_FLOOD_2021_096249,TN_CHENNAI_FLOOD_2021,MULTIMODAL,FAIL,non_finite_values_in_sar_pre;non_finite_values_in_sar_post
TN_CHENNAI_FLOOD_2021_123800,TN_CHENNAI_FLOOD_2021,MULTIMODAL,FAIL,non_finite_values_in_sar_pre;non_finite_values_in_sar_post
TN_CHENNAI_FLOOD_2021_153538,TN_CHENNAI_FLOOD_2021,MULTIMODAL,FAIL,non_finite_values_in_sar_pre;non_finite_values_in_sar_post
TN_CHENNAI_FLOOD_2021_183198,TN_CHENNAI_FLOOD_2021,MULTIMODAL,FAIL,non_finite_values_in_sar_pre;non_finite_values_in_sar_post
TN_CHENNAI_FLOOD_2021_000041,TN_CHENNAI_FLOOD_2021,MULTIMODAL,FAIL,non_finite_values_in_sar_pre;non_finite_values_in_sar_post
TN_CHENNAI_FLOOD_2021_000052,TN_CHENNAI_FLOOD_2021,MULTIMODAL,FAIL,non_finite_values_in_sar_pre;non_finite_values_in_sar_post
TN_CHENNAI_FLOOD_2021_021849,TN_CHENNAI_FLOOD_2021,MULTIMODAL,FAIL,non_finite_values_in_sar_pre;non_finite_values_in_sar_post
TN_CHENNAI_FLOOD_2021_046569,TN_CHENNAI_FLOOD_2021,MULTIMODAL,FAIL,non_finite_values_in_sar_pre;non_finite_values_in_sar_post
TN_CHENNAI_FLOOD_2021_071289,TN_CHENNAI_FLOOD_2021,MULTIMODAL,FAIL,non_finite_values_in_sar_pre;non_finite_values_in_sar_post
TN_CHENNAI_FLOOD_2021_073784,TN_CHENNAI_FLOOD_2021,MULTIMODAL,FAIL,non_finite_values_in_sar_pre;non_finite_values_in_sar_post
TN_CHENNAI_FLOOD_2021_096382,TN_CHENNAI_FLOOD_2021,MULTIMODAL,FAIL,non_finite_values_in_sar_pre;non_finite_values_in_sar_post
TN_CHENNAI_FLOOD_2021_123827,TN_CHENNAI_FLOOD_2021,MULTIMODAL,FAIL,non_finite_values_in_sar_pre;non_finite_values_in_sar_post
TN_CHENNAI_FLOOD_2021_153547,TN_CHENNAI_FLOOD_2021,MULTIMODAL,FAIL,non_finite_values_in_sar_pre;non_finite_values_in_sar_post
TN_CHENNAI_FLOOD_2021_183229,TN_CHENNAI_FLOOD_2021,MULTIMODAL,PASS,none
TN_CHENNAI_FLOOD_2021_004994,TN_CHENNAI_FLOOD_2021,MULTIMODAL,FAIL,non_finite_values_in_sar_pre;non_finite_values_in_sar_post
TN_CHENNAI_FLOOD_2021_005034,TN_CHENNAI_FLOOD_2021,MULTIMODAL,FAIL,non_finite_values_in_sar_pre;non_finite_values_in_sar_post
TN_CHENNAI_FLOOD_2021_026781,TN_CHENNAI_FLOOD_2021,MULTIMODAL,FAIL,non_finite_values_in_sar_pre;non_finite_values_in_sar_post
TN_CHENNAI_FLOOD_2021_051529,TN_CHENNAI_FLOOD_2021,MULTIMODAL,FAIL,non_finite_values_in_sar_pre;non_finite_values_in_sar_post
TN_CHENNAI_FLOOD_2021_076270,TN_CHENNAI_FLOOD_2021,MULTIMODAL,FAIL,non_finite_values_in_sar_pre;non_finite_values_in_sar_post
TN_CHENNAI_FLOOD_2021_080327,TN_CHENNAI_FLOOD_2021,MULTIMODAL,FAIL,non_finite_values_in_sar_pre;non_finite_values_in_sar_post
TN_CHENNAI_FLOOD_2021_101234,TN_CHENNAI_FLOOD_2021,MULTIMODAL,FAIL,non_finite_values_in_sar_pre;non_finite_values_in_sar_post
TN_CHENNAI_FLOOD_2021_128759,TN_CHENNAI_FLOOD_2021,MULTIMODAL,FAIL,non_finite_values_in_sar_pre;non_finite_values_in_sar_post
TN_CHENNAI_FLOOD_2021_158520,TN_CHENNAI_FLOOD_2021,MULTIMODAL,FAIL,non_finite_values_in_sar_pre;non_finite_values_in_sar_post
TN_CHENNAI_FLOOD_2021_188133,TN_CHENNAI_FLOOD_2021,MULTIMODAL,PASS,none
TN_CHENNAI_FLOOD_2021_009956,TN_CHENNAI_FLOOD_2021,MULTIMODAL,FAIL,non_finite_values_in_sar_pre;non_finite_values_in_sar_post
TN_CHENNAI_FLOOD_2021_009999,TN_CHENNAI_FLOOD_2021,MULTIMODAL,FAIL,non_finite_values_in_sar_pre;non_finite_values_in_sar_post
TN_CHENNAI_FLOOD_2021_031738,TN_CHENNAI_FLOOD_2021,MULTIMODAL,FAIL,non_finite_values_in_sar_pre;non_finite_values_in_sar_post
TN_CHENNAI_FLOOD_2021_056441,TN_CHENNAI_FLOOD_2021,MULTIMODAL,FAIL,non_finite_values_in_sar_pre;non_finite_values_in_sar_post
TN_CHENNAI_FLOOD_2021_081212,TN_CHENNAI_FLOOD_2021,MULTIMODAL,FAIL,non_finite_values_in_sar_pre;non_finite_values_in_sar_post
TN_CHENNAI_FLOOD_2021_084231,TN_CHENNAI_FLOOD_2021,MULTIMODAL,FAIL,non_finite_values_in_sar_pre;non_finite_values_in_sar_post
TN_CHENNAI_FLOOD_2021_106186,TN_CHENNAI_FLOOD_2021,MULTIMODAL,FAIL,non_finite_values_in_sar_pre;non_finite_values_in_sar_post
TN_CHENNAI_FLOOD_2021_133718,TN_CHENNAI_FLOOD_2021,MULTIMODAL,FAIL,non_finite_values_in_sar_pre;non_finite_values_in_sar_post
TN_CHENNAI_FLOOD_2021_163438,TN_CHENNAI_FLOOD_2021,MULTIMODAL,FAIL,non_finite_values_in_sar_pre;non_finite_values_in_sar_post
TN_CHENNAI_FLOOD_2021_193121,TN_CHENNAI_FLOOD_2021,MULTIMODAL,PASS,none
TN_CHENNAI_FLOOD_2021_009992,TN_CHENNAI_FLOOD_2021,MULTIMODAL,FAIL,non_finite_values_in_sar_pre;non_finite_values_in_sar_post
TN_CHENNAI_FLOOD_2021_010096,TN_CHENNAI_FLOOD_2021,MULTIMODAL,FAIL,non_finite_values_in_sar_pre;non_finite_values_in_sar_post
TN_CHENNAI_FLOOD_2021_031786,TN_CHENNAI_FLOOD_2021,MULTIMODAL,FAIL,non_finite_values_in_sar_pre;non_finite_values_in_sar_post
TN_CHENNAI_FLOOD_2021_056485,TN_CHENNAI_FLOOD_2021,MULTIMODAL,FAIL,non_finite_values_in_sar_pre;non_finite_values_in_sar_post
TN_CHENNAI_FLOOD_2021_081244,TN_CHENNAI_FLOOD_2021,MULTIMODAL,FAIL,non_finite_values_in_sar_pre;non_finite_values_in_sar_post
TN_CHENNAI_FLOOD_2021_106151,TN_CHENNAI_FLOOD_2021,MULTIMODAL,FAIL,non_finite_values_in_sar_pre;non_finite_values_in_sar_post
TN_CHENNAI_FLOOD_2021_106293,TN_CHENNAI_FLOOD_2021,MULTIMODAL,FAIL,non_finite_values_in_sar_pre;non_finite_values_in_sar_post
TN_CHENNAI_FLOOD_2021_133756,TN_CHENNAI_FLOOD_2021,MULTIMODAL,FAIL,non_finite_values_in_sar_pre;non_finite_values_in_sar_post
TN_CHENNAI_FLOOD_2021_163453,TN_CHENNAI_FLOOD_2021,MULTIMODAL,FAIL,non_finite_values_in_sar_pre;non_finite_values_in_sar_post
TN_CHENNAI_FLOOD_2021_193144,TN_CHENNAI_FLOOD_2021,MULTIMODAL,PASS,none
TN_CHENNAI_FLOOD_2021_014955,TN_CHENNAI_FLOOD_2021,MULTIMODAL,FAIL,non_finite_values_in_sar_pre;non_finite_values_in_sar_post
TN_CHENNAI_FLOOD_2021_014942,TN_CHENNAI_FLOOD_2021,MULTIMODAL,FAIL,non_finite_values_in_sar_pre;non_finite_values_in_sar_post
TN_CHENNAI_FLOOD_2021_036705,TN_CHENNAI_FLOOD_2021,MULTIMODAL,FAIL,non_finite_values_in_sar_pre;non_finite_values_in_sar_post
TN_CHENNAI_FLOOD_2021_061400,TN_CHENNAI_FLOOD_2021,MULTIMODAL,FAIL,non_finite_values_in_sar_pre;non_finite_values_in_sar_post
TN_CHENNAI_FLOOD_2021_086157,TN_CHENNAI_FLOOD_2021,MULTIMODAL,FAIL,non_finite_values_in_sar_pre;non_finite_values_in_sar_post
TN_CHENNAI_FLOOD_2021_111097,TN_CHENNAI_FLOOD_2021,MULTIMODAL,FAIL,non_finite_values_in_sar_pre;non_finite_values_in_sar_post
TN_CHENNAI_FLOOD_2021_111152,TN_CHENNAI_FLOOD_2021,MULTIMODAL,FAIL,non_finite_values_in_sar_pre;non_finite_values_in_sar_post
TN_CHENNAI_FLOOD_2021_138686,TN_CHENNAI_FLOOD_2021,MULTIMODAL,FAIL,non_finite_values_in_sar_pre;non_finite_values_in_sar_post
TN_CHENNAI_FLOOD_2021_168425,TN_CHENNAI_FLOOD_2021,MULTIMODAL,FAIL,non_finite_values_in_sar_pre;non_finite_values_in_sar_post
TN_CHENNAI_FLOOD_2021_198118,TN_CHENNAI_FLOOD_2021,MULTIMODAL,PASS,none
TN_CHENNAI_FLOOD_2021_019890,TN_CHENNAI_FLOOD_2021,MULTIMODAL,FAIL,non_finite_values_in_sar_pre;non_finite_values_in_sar_post
TN_CHENNAI_FLOOD_2021_019921,TN_CHENNAI_FLOOD_2021,MULTIMODAL,FAIL,non_finite_values_in_sar_pre;non_finite_values_in_sar_post
TN_CHENNAI_FLOOD_2021_041667,TN_CHENNAI_FLOOD_2021,MULTIMODAL,FAIL,non_finite_values_in_sar_pre;non_finite_values_in_sar_post
TN_CHENNAI_FLOOD_2021_066379,TN_CHENNAI_FLOOD_2021,MULTIMODAL,FAIL,non_finite_values_in_sar_pre;non_finite_values_in_sar_post
TN_CHENNAI_FLOOD_2021_091127,TN_CHENNAI_FLOOD_2021,MULTIMODAL,FAIL,non_finite_values_in_sar_pre;non_finite_values_in_sar_post
TN_CHENNAI_FLOOD_2021_116030,TN_CHENNAI_FLOOD_2021,MULTIMODAL,FAIL,non_finite_values_in_sar_pre;non_finite_values_in_sar_post
TN_CHENNAI_FLOOD_2021_116058,TN_CHENNAI_FLOOD_2021,MULTIMODAL,FAIL,non_finite_values_in_sar_pre;non_finite_values_in_sar_post
TN_CHENNAI_FLOOD_2021_143634,TN_CHENNAI_FLOOD_2021,MULTIMODAL,FAIL,non_finite_values_in_sar_pre;non_finite_values_in_sar_post
TN_CHENNAI_FLOOD_2021_173321,TN_CHENNAI_FLOOD_2021,MULTIMODAL,FAIL,non_finite_values_in_sar_pre;non_finite_values_in_sar_post
TN_CHENNAI_FLOOD_2021_203009,TN_CHENNAI_FLOOD_2021,MULTIMODAL,PASS,none
TN_CHENNAI_FLOOD_2021_091386,TN_CHENNAI_FLOOD_2021,MULTIMODAL,FAIL,non_finite_values_in_sar_pre;non_finite_values_in_sar_post
TN_CHENNAI_FLOOD_2021_116247,TN_CHENNAI_FLOOD_2021,MULTIMODAL,FAIL,non_finite_values_in_sar_pre;non_finite_values_in_sar_post
TN_CHENNAI_FLOOD_2021_116411,TN_CHENNAI_FLOOD_2021,MULTIMODAL,FAIL,non_finite_values_in_sar_pre;non_finite_values_in_sar_post
TN_CHENNAI_FLOOD_2021_143943,TN_CHENNAI_FLOOD_2021,MULTIMODAL,FAIL,non_finite_values_in_sar_pre;non_finite_values_in_sar_post
TN_CHENNAI_FLOOD_2021_173459,TN_CHENNAI_FLOOD_2021,MULTIMODAL,FAIL,non_finite_values_in_sar_pre;non_finite_values_in_sar_post
TN_CHENNAI_FLOOD_2021_203085,TN_CHENNAI_FLOOD_2021,MULTIMODAL,PASS,none
TN_CHENNAI_FLOOD_2021_121273,TN_CHENNAI_FLOOD_2021,MULTIMODAL,FAIL,non_finite_values_in_sar_pre;non_finite_values_in_sar_post
TN_CHENNAI_FLOOD_2021_123030,TN_CHENNAI_FLOOD_2021,MULTIMODAL,FAIL,non_finite_values_in_sar_pre;non_finite_values_in_sar_post
TN_CHENNAI_FLOOD_2021_206147,TN_CHENNAI_FLOOD_2021,MULTIMODAL,PASS,none
TN_CHENNAI_FLOOD_2021_000011,TN_CHENNAI_FLOOD_2021,MULTIMODAL,FAIL,non_finite_values_in_sar_pre;non_finite_values_in_sar_post
TN_CHENNAI_FLOOD_2021_000057,TN_CHENNAI_FLOOD_2021,MULTIMODAL,FAIL,non_finite_values_in_sar_pre;non_finite_values_in_sar_post
TN_CHENNAI_FLOOD_2021_021832,TN_CHENNAI_FLOOD_2021,MULTIMODAL,FAIL,non_finite_values_in_sar_pre;non_finite_values_in_sar_post
TN_CHENNAI_FLOOD_2021_046560,TN_CHENNAI_FLOOD_2021,MULTIMODAL,FAIL,non_finite_values_in_sar_pre;non_finite_values_in_sar_post
TN_CHENNAI_FLOOD_2021_071298,TN_CHENNAI_FLOOD_2021,MULTIMODAL,FAIL,non_finite_values_in_sar_pre;non_finite_values_in_sar_post
TN_CHENNAI_FLOOD_2021_073991,TN_CHENNAI_FLOOD_2021,MULTIMODAL,FAIL,non_finite_values_in_sar_pre;non_finite_values_in_sar_post
TN_CHENNAI_FLOOD_2021_096262,TN_CHENNAI_FLOOD_2021,MULTIMODAL,FAIL,non_finite_values_in_sar_pre;non_finite_values_in_sar_post
TN_CHENNAI_FLOOD_2021_123803,TN_CHENNAI_FLOOD_2021,MULTIMODAL,FAIL,non_finite_values_in_sar_pre;non_finite_values_in_sar_post
TN_CHENNAI_FLOOD_2021_153540,TN_CHENNAI_FLOOD_2021,MULTIMODAL,FAIL,non_finite_values_in_sar_pre;non_finite_values_in_sar_post
TN_CHENNAI_FLOOD_2021_183199,TN_CHENNAI_FLOOD_2021,MULTIMODAL,FAIL,non_finite_values_in_sar_pre;non_finite_values_in_sar_post
TN_CHENNAI_FLOOD_2021_000048,TN_CHENNAI_FLOOD_2021,MULTIMODAL,FAIL,non_finite_values_in_sar_pre;non_finite_values_in_sar_post
TN_CHENNAI_FLOOD_2021_000054,TN_CHENNAI_FLOOD_2021,MULTIMODAL,FAIL,non_finite_values_in_sar_pre;non_finite_values_in_sar_post
TN_CHENNAI_FLOOD_2021_021882,TN_CHENNAI_FLOOD_2021,MULTIMODAL,FAIL,non_finite_values_in_sar_pre;non_finite_values_in_sar_post
TN_CHENNAI_FLOOD_2021_046572,TN_CHENNAI_FLOOD_2021,MULTIMODAL,FAIL,non_finite_values_in_sar_pre;non_finite_values_in_sar_post
TN_CHENNAI_FLOOD_2021_071291,TN_CHENNAI_FLOOD_2021,MULTIMODAL,FAIL,non_finite_values_in_sar_pre;non_finite_values_in_sar_post
TN_CHENNAI_FLOOD_2021_074085,TN_CHENNAI_FLOOD_2021,MULTIMODAL,FAIL,non_finite_values_in_sar_pre;non_finite_values_in_sar_post
TN_CHENNAI_FLOOD_2021_096385,TN_CHENNAI_FLOOD_2021,MULTIMODAL,FAIL,non_finite_values_in_sar_pre;non_finite_values_in_sar_post
TN_CHENNAI_FLOOD_2021_123829,TN_CHENNAI_FLOOD_2021,MULTIMODAL,FAIL,non_finite_values_in_sar_pre;non_finite_values_in_sar_post
TN_CHENNAI_FLOOD_2021_153556,TN_CHENNAI_FLOOD_2021,MULTIMODAL,FAIL,non_finite_values_in_sar_pre;non_finite_values_in_sar_post
TN_CHENNAI_FLOOD_2021_183234,TN_CHENNAI_FLOOD_2021,MULTIMODAL,PASS,none
TN_CHENNAI_FLOOD_2021_004999,TN_CHENNAI_FLOOD_2021,MULTIMODAL,FAIL,non_finite_values_in_sar_pre;non_finite_values_in_sar_post
TN_CHENNAI_FLOOD_2021_005063,TN_CHENNAI_FLOOD_2021,MULTIMODAL,FAIL,non_finite_values_in_sar_pre;non_finite_values_in_sar_post
TN_CHENNAI_FLOOD_2021_026785,TN_CHENNAI_FLOOD_2021,MULTIMODAL,FAIL,non_finite_values_in_sar_pre;non_finite_values_in_sar_post
TN_CHENNAI_FLOOD_2021_051531,TN_CHENNAI_FLOOD_2021,MULTIMODAL,FAIL,non_finite_values_in_sar_pre;non_finite_values_in_sar_post
TN_CHENNAI_FLOOD_2021_076273,TN_CHENNAI_FLOOD_2021,MULTIMODAL,FAIL,non_finite_values_in_sar_pre;non_finite_values_in_sar_post
TN_CHENNAI_FLOOD_2021_080873,TN_CHENNAI_FLOOD_2021,MULTIMODAL,FAIL,non_finite_values_in_sar_pre;non_finite_values_in_sar_post
TN_CHENNAI_FLOOD_2021_101236,TN_CHENNAI_FLOOD_2021,MULTIMODAL,FAIL,non_finite_values_in_sar_pre;non_finite_values_in_sar_post
TN_CHENNAI_FLOOD_2021_128762,TN_CHENNAI_FLOOD_2021,MULTIMODAL,FAIL,non_finite_values_in_sar_pre;non_finite_values_in_sar_post
TN_CHENNAI_FLOOD_2021_158521,TN_CHENNAI_FLOOD_2021,MULTIMODAL,FAIL,non_finite_values_in_sar_pre;non_finite_values_in_sar_post
TN_CHENNAI_FLOOD_2021_188134,TN_CHENNAI_FLOOD_2021,MULTIMODAL,PASS,none
TN_CHENNAI_FLOOD_2021_009957,TN_CHENNAI_FLOOD_2021,MULTIMODAL,FAIL,non_finite_values_in_sar_pre;non_finite_values_in_sar_post
TN_CHENNAI_FLOOD_2021_010007,TN_CHENNAI_FLOOD_2021,MULTIMODAL,FAIL,non_finite_values_in_sar_pre;non_finite_values_in_sar_post
TN_CHENNAI_FLOOD_2021_031740,TN_CHENNAI_FLOOD_2021,MULTIMODAL,FAIL,non_finite_values_in_sar_pre;non_finite_values_in_sar_post
TN_CHENNAI_FLOOD_2021_056443,TN_CHENNAI_FLOOD_2021,MULTIMODAL,FAIL,non_finite_values_in_sar_pre;non_finite_values_in_sar_post
TN_CHENNAI_FLOOD_2021_081213,TN_CHENNAI_FLOOD_2021,MULTIMODAL,FAIL,non_finite_values_in_sar_pre;non_finite_values_in_sar_post
TN_CHENNAI_FLOOD_2021_084253,TN_CHENNAI_FLOOD_2021,MULTIMODAL,FAIL,non_finite_values_in_sar_pre;non_finite_values_in_sar_post
TN_CHENNAI_FLOOD_2021_106194,TN_CHENNAI_FLOOD_2021,MULTIMODAL,FAIL,non_finite_values_in_sar_pre;non_finite_values_in_sar_post
TN_CHENNAI_FLOOD_2021_133720,TN_CHENNAI_FLOOD_2021,MULTIMODAL,FAIL,non_finite_values_in_sar_pre;non_finite_values_in_sar_post
TN_CHENNAI_FLOOD_2021_163440,TN_CHENNAI_FLOOD_2021,MULTIMODAL,FAIL,non_finite_values_in_sar_pre;non_finite_values_in_sar_post
TN_CHENNAI_FLOOD_2021_193124,TN_CHENNAI_FLOOD_2021,MULTIMODAL,PASS,none
TN_CHENNAI_FLOOD_2021_009996,TN_CHENNAI_FLOOD_2021,MULTIMODAL,FAIL,non_finite_values_in_sar_pre;non_finite_values_in_sar_post
TN_CHENNAI_FLOOD_2021_010103,TN_CHENNAI_FLOOD_2021,MULTIMODAL,FAIL,non_finite_values_in_sar_pre;non_finite_values_in_sar_post
TN_CHENNAI_FLOOD_2021_031801,TN_CHENNAI_FLOOD_2021,MULTIMODAL,FAIL,non_finite_values_in_sar_pre;non_finite_values_in_sar_post
TN_CHENNAI_FLOOD_2021_056492,TN_CHENNAI_FLOOD_2021,MULTIMODAL,FAIL,non_finite_values_in_sar_pre;non_finite_values_in_sar_post
TN_CHENNAI_FLOOD_2021_081256,TN_CHENNAI_FLOOD_2021,MULTIMODAL,FAIL,non_finite_values_in_sar_pre;non_finite_values_in_sar_post
TN_CHENNAI_FLOOD_2021_106160,TN_CHENNAI_FLOOD_2021,MULTIMODAL,FAIL,non_finite_values_in_sar_pre;non_finite_values_in_sar_post
TN_CHENNAI_FLOOD_2021_106319,TN_CHENNAI_FLOOD_2021,MULTIMODAL,FAIL,non_finite_values_in_sar_pre;non_finite_values_in_sar_post
TN_CHENNAI_FLOOD_2021_133776,TN_CHENNAI_FLOOD_2021,MULTIMODAL,FAIL,non_finite_values_in_sar_pre;non_finite_values_in_sar_post
TN_CHENNAI_FLOOD_2021_163455,TN_CHENNAI_FLOOD_2021,MULTIMODAL,FAIL,non_finite_values_in_sar_pre;non_finite_values_in_sar_post
TN_CHENNAI_FLOOD_2021_193147,TN_CHENNAI_FLOOD_2021,MULTIMODAL,PASS,none
TN_CHENNAI_FLOOD_2021_014957,TN_CHENNAI_FLOOD_2021,MULTIMODAL,FAIL,non_finite_values_in_sar_pre;non_finite_values_in_sar_post
TN_CHENNAI_FLOOD_2021_014944,TN_CHENNAI_FLOOD_2021,MULTIMODAL,FAIL,non_finite_values_in_sar_pre;non_finite_values_in_sar_post
TN_CHENNAI_FLOOD_2021_036707,TN_CHENNAI_FLOOD_2021,MULTIMODAL,FAIL,non_finite_values_in_sar_pre;non_finite_values_in_sar_post
TN_CHENNAI_FLOOD_2021_061403,TN_CHENNAI_FLOOD_2021,MULTIMODAL,FAIL,non_finite_values_in_sar_pre;non_finite_values_in_sar_post
TN_CHENNAI_FLOOD_2021_086160,TN_CHENNAI_FLOOD_2021,MULTIMODAL,FAIL,non_finite_values_in_sar_pre;non_finite_values_in_sar_post
TN_CHENNAI_FLOOD_2021_111099,TN_CHENNAI_FLOOD_2021,MULTIMODAL,FAIL,non_finite_values_in_sar_pre;non_finite_values_in_sar_post
TN_CHENNAI_FLOOD_2021_111165,TN_CHENNAI_FLOOD_2021,MULTIMODAL,FAIL,non_finite_values_in_sar_pre;non_finite_values_in_sar_post
TN_CHENNAI_FLOOD_2021_138687,TN_CHENNAI_FLOOD_2021,MULTIMODAL,FAIL,non_finite_values_in_sar_pre;non_finite_values_in_sar_post
TN_CHENNAI_FLOOD_2021_168435,TN_CHENNAI_FLOOD_2021,MULTIMODAL,FAIL,non_finite_values_in_sar_pre;non_finite_values_in_sar_post
TN_CHENNAI_FLOOD_2021_198119,TN_CHENNAI_FLOOD_2021,MULTIMODAL,PASS,none
TN_CHENNAI_FLOOD_2021_019892,TN_CHENNAI_FLOOD_2021,MULTIMODAL,FAIL,non_finite_values_in_sar_pre;non_finite_values_in_sar_post
TN_CHENNAI_FLOOD_2021_019924,TN_CHENNAI_FLOOD_2021,MULTIMODAL,FAIL,non_finite_values_in_sar_pre;non_finite_values_in_sar_post
TN_CHENNAI_FLOOD_2021_041672,TN_CHENNAI_FLOOD_2021,MULTIMODAL,FAIL,non_finite_values_in_sar_pre;non_finite_values_in_sar_post
TN_CHENNAI_FLOOD_2021_066381,TN_CHENNAI_FLOOD_2021,MULTIMODAL,FAIL,non_finite_values_in_sar_pre;non_finite_values_in_sar_post
TN_CHENNAI_FLOOD_2021_091129,TN_CHENNAI_FLOOD_2021,MULTIMODAL,FAIL,non_finite_values_in_sar_pre;non_finite_values_in_sar_post
TN_CHENNAI_FLOOD_2021_116031,TN_CHENNAI_FLOOD_2021,MULTIMODAL,FAIL,non_finite_values_in_sar_pre;non_finite_values_in_sar_post
TN_CHENNAI_FLOOD_2021_116065,TN_CHENNAI_FLOOD_2021,MULTIMODAL,FAIL,non_finite_values_in_sar_pre;non_finite_values_in_sar_post
TN_CHENNAI_FLOOD_2021_143635,TN_CHENNAI_FLOOD_2021,MULTIMODAL,FAIL,non_finite_values_in_sar_pre;non_finite_values_in_sar_post
TN_CHENNAI_FLOOD_2021_173327,TN_CHENNAI_FLOOD_2021,MULTIMODAL,FAIL,non_finite_values_in_sar_pre;non_finite_values_in_sar_post
TN_CHENNAI_FLOOD_2021_203012,TN_CHENNAI_FLOOD_2021,MULTIMODAL,PASS,none
TN_CHENNAI_FLOOD_2021_091769,TN_CHENNAI_FLOOD_2021,MULTIMODAL,FAIL,non_finite_values_in_sar_pre;non_finite_values_in_sar_post
TN_CHENNAI_FLOOD_2021_116273,TN_CHENNAI_FLOOD_2021,MULTIMODAL,FAIL,non_finite_values_in_sar_pre;non_finite_values_in_sar_post
TN_CHENNAI_FLOOD_2021_116537,TN_CHENNAI_FLOOD_2021,MULTIMODAL,FAIL,non_finite_values_in_sar_pre;non_finite_values_in_sar_post
TN_CHENNAI_FLOOD_2021_143987,TN_CHENNAI_FLOOD_2021,MULTIMODAL,FAIL,non_finite_values_in_sar_pre;non_finite_values_in_sar_post
TN_CHENNAI_FLOOD_2021_173472,TN_CHENNAI_FLOOD_2021,MULTIMODAL,PASS,none
TN_CHENNAI_FLOOD_2021_203146,TN_CHENNAI_FLOOD_2021,MULTIMODAL,PASS,none
TN_CHENNAI_FLOOD_2021_121650,TN_CHENNAI_FLOOD_2021,MULTIMODAL,FAIL,non_finite_values_in_sar_pre;non_finite_values_in_sar_post
TN_CHENNAI_FLOOD_2021_123379,TN_CHENNAI_FLOOD_2021,MULTIMODAL,FAIL,non_finite_values_in_sar_pre;non_finite_values_in_sar_post
TN_CHENNAI_FLOOD_2021_206167,TN_CHENNAI_FLOOD_2021,MULTIMODAL,PASS,none
TN_CHENNAI_FLOOD_2021_000012,TN_CHENNAI_FLOOD_2021,MULTIMODAL,FAIL,non_finite_values_in_sar_pre;non_finite_values_in_sar_post
TN_CHENNAI_FLOOD_2021_000065,TN_CHENNAI_FLOOD_2021,MULTIMODAL,FAIL,non_finite_values_in_sar_pre;non_finite_values_in_sar_post
TN_CHENNAI_FLOOD_2021_021833,TN_CHENNAI_FLOOD_2021,MULTIMODAL,FAIL,non_finite_values_in_sar_pre;non_finite_values_in_sar_post
TN_CHENNAI_FLOOD_2021_046561,TN_CHENNAI_FLOOD_2021,MULTIMODAL,FAIL,non_finite_values_in_sar_pre;non_finite_values_in_sar_post
TN_CHENNAI_FLOOD_2021_071300,TN_CHENNAI_FLOOD_2021,MULTIMODAL,FAIL,non_finite_values_in_sar_pre;non_finite_values_in_sar_post
TN_CHENNAI_FLOOD_2021_074036,TN_CHENNAI_FLOOD_2021,MULTIMODAL,FAIL,non_finite_values_in_sar_pre;non_finite_values_in_sar_post
TN_CHENNAI_FLOOD_2021_096263,TN_CHENNAI_FLOOD_2021,MULTIMODAL,FAIL,non_finite_values_in_sar_pre;non_finite_values_in_sar_post
TN_CHENNAI_FLOOD_2021_123807,TN_CHENNAI_FLOOD_2021,MULTIMODAL,FAIL,non_finite_values_in_sar_pre;non_finite_values_in_sar_post
TN_CHENNAI_FLOOD_2021_153541,TN_CHENNAI_FLOOD_2021,MULTIMODAL,FAIL,non_finite_values_in_sar_pre;non_finite_values_in_sar_post
TN_CHENNAI_FLOOD_2021_183200,TN_CHENNAI_FLOOD_2021,MULTIMODAL,FAIL,non_finite_values_in_sar_pre;non_finite_values_in_sar_post
TN_CHENNAI_FLOOD_2021_000051,TN_CHENNAI_FLOOD_2021,MULTIMODAL,FAIL,non_finite_values_in_sar_pre;non_finite_values_in_sar_post
TN_CHENNAI_FLOOD_2021_000056,TN_CHENNAI_FLOOD_2021,MULTIMODAL,FAIL,non_finite_values_in_sar_pre;non_finite_values_in_sar_post
TN_CHENNAI_FLOOD_2021_021886,TN_CHENNAI_FLOOD_2021,MULTIMODAL,FAIL,non_finite_values_in_sar_pre;non_finite_values_in_sar_post
TN_CHENNAI_FLOOD_2021_046579,TN_CHENNAI_FLOOD_2021,MULTIMODAL,FAIL,non_finite_values_in_sar_pre;non_finite_values_in_sar_post
TN_CHENNAI_FLOOD_2021_071292,TN_CHENNAI_FLOOD_2021,MULTIMODAL,FAIL,non_finite_values_in_sar_pre;non_finite_values_in_sar_post
TN_CHENNAI_FLOOD_2021_074124,TN_CHENNAI_FLOOD_2021,MULTIMODAL,FAIL,non_finite_values_in_sar_pre;non_finite_values_in_sar_post
TN_CHENNAI_FLOOD_2021_096401,TN_CHENNAI_FLOOD_2021,MULTIMODAL,FAIL,non_finite_values_in_sar_pre;non_finite_values_in_sar_post
TN_CHENNAI_FLOOD_2021_123837,TN_CHENNAI_FLOOD_2021,MULTIMODAL,FAIL,non_finite_values_in_sar_pre;non_finite_values_in_sar_post
TN_CHENNAI_FLOOD_2021_153560,TN_CHENNAI_FLOOD_2021,MULTIMODAL,FAIL,non_finite_values_in_sar_pre;non_finite_values_in_sar_post
TN_CHENNAI_FLOOD_2021_183240,TN_CHENNAI_FLOOD_2021,MULTIMODAL,PASS,none
TN_CHENNAI_FLOOD_2021_005008,TN_CHENNAI_FLOOD_2021,MULTIMODAL,FAIL,non_finite_values_in_sar_pre;non_finite_values_in_sar_post
TN_CHENNAI_FLOOD_2021_005071,TN_CHENNAI_FLOOD_2021,MULTIMODAL,FAIL,non_finite_values_in_sar_pre;non_finite_values_in_sar_post
TN_CHENNAI_FLOOD_2021_026787,TN_CHENNAI_FLOOD_2021,MULTIMODAL,FAIL,non_finite_values_in_sar_pre;non_finite_values_in_sar_post
TN_CHENNAI_FLOOD_2021_051536,TN_CHENNAI_FLOOD_2021,MULTIMODAL,FAIL,non_finite_values_in_sar_pre;non_finite_values_in_sar_post
TN_CHENNAI_FLOOD_2021_076275,TN_CHENNAI_FLOOD_2021,MULTIMODAL,FAIL,non_finite_values_in_sar_pre;non_finite_values_in_sar_post
TN_CHENNAI_FLOOD_2021_083480,TN_CHENNAI_FLOOD_2021,MULTIMODAL,FAIL,non_finite_values_in_sar_pre;non_finite_values_in_sar_post
TN_CHENNAI_FLOOD_2021_101243,TN_CHENNAI_FLOOD_2021,MULTIMODAL,FAIL,non_finite_values_in_sar_pre;non_finite_values_in_sar_post
TN_CHENNAI_FLOOD_2021_128763,TN_CHENNAI_FLOOD_2021,MULTIMODAL,FAIL,non_finite_values_in_sar_pre;non_finite_values_in_sar_post
TN_CHENNAI_FLOOD_2021_158522,TN_CHENNAI_FLOOD_2021,MULTIMODAL,FAIL,non_finite_values_in_sar_pre;non_finite_values_in_sar_post
TN_CHENNAI_FLOOD_2021_188135,TN_CHENNAI_FLOOD_2021,MULTIMODAL,PASS,none
TN_CHENNAI_FLOOD_2021_009961,TN_CHENNAI_FLOOD_2021,MULTIMODAL,FAIL,non_finite_values_in_sar_pre;non_finite_values_in_sar_post
TN_CHENNAI_FLOOD_2021_010008,TN_CHENNAI_FLOOD_2021,MULTIMODAL,FAIL,non_finite_values_in_sar_pre;non_finite_values_in_sar_post
TN_CHENNAI_FLOOD_2021_031741,TN_CHENNAI_FLOOD_2021,MULTIMODAL,FAIL,non_finite_values_in_sar_pre;non_finite_values_in_sar_post
TN_CHENNAI_FLOOD_2021_056448,TN_CHENNAI_FLOOD_2021,MULTIMODAL,FAIL,non_finite_values_in_sar_pre;non_finite_values_in_sar_post
TN_CHENNAI_FLOOD_2021_081214,TN_CHENNAI_FLOOD_2021,MULTIMODAL,FAIL,non_finite_values_in_sar_pre;non_finite_values_in_sar_post
TN_CHENNAI_FLOOD_2021_085855,TN_CHENNAI_FLOOD_2021,MULTIMODAL,FAIL,non_finite_values_in_sar_pre;non_finite_values_in_sar_post
TN_CHENNAI_FLOOD_2021_106209,TN_CHENNAI_FLOOD_2021,MULTIMODAL,FAIL,non_finite_values_in_sar_pre;non_finite_values_in_sar_post
TN_CHENNAI_FLOOD_2021_133722,TN_CHENNAI_FLOOD_2021,MULTIMODAL,FAIL,non_finite_values_in_sar_pre;non_finite_values_in_sar_post
TN_CHENNAI_FLOOD_2021_163442,TN_CHENNAI_FLOOD_2021,MULTIMODAL,FAIL,non_finite_values_in_sar_pre;non_finite_values_in_sar_post
TN_CHENNAI_FLOOD_2021_193128,TN_CHENNAI_FLOOD_2021,MULTIMODAL,PASS,none
TN_CHENNAI_FLOOD_2021_010001,TN_CHENNAI_FLOOD_2021,MULTIMODAL,FAIL,non_finite_values_in_sar_pre;non_finite_values_in_sar_post
TN_CHENNAI_FLOOD_2021_010120,TN_CHENNAI_FLOOD_2021,MULTIMODAL,FAIL,non_finite_values_in_sar_pre;non_finite_values_in_sar_post
TN_CHENNAI_FLOOD_2021_031802,TN_CHENNAI_FLOOD_2021,MULTIMODAL,FAIL,non_finite_values_in_sar_pre;non_finite_values_in_sar_post
TN_CHENNAI_FLOOD_2021_056496,TN_CHENNAI_FLOOD_2021,MULTIMODAL,FAIL,non_finite_values_in_sar_pre;non_finite_values_in_sar_post
TN_CHENNAI_FLOOD_2021_081259,TN_CHENNAI_FLOOD_2021,MULTIMODAL,FAIL,non_finite_values_in_sar_pre;non_finite_values_in_sar_post
TN_CHENNAI_FLOOD_2021_106165,TN_CHENNAI_FLOOD_2021,MULTIMODAL,FAIL,non_finite_values_in_sar_pre;non_finite_values_in_sar_post
TN_CHENNAI_FLOOD_2021_106321,TN_CHENNAI_FLOOD_2021,MULTIMODAL,FAIL,non_finite_values_in_sar_pre;non_finite_values_in_sar_post
TN_CHENNAI_FLOOD_2021_133782,TN_CHENNAI_FLOOD_2021,MULTIMODAL,FAIL,non_finite_values_in_sar_pre;non_finite_values_in_sar_post
TN_CHENNAI_FLOOD_2021_163457,TN_CHENNAI_FLOOD_2021,MULTIMODAL,FAIL,non_finite_values_in_sar_pre;non_finite_values_in_sar_post
TN_CHENNAI_FLOOD_2021_193158,TN_CHENNAI_FLOOD_2021,MULTIMODAL,PASS,none
TN_CHENNAI_FLOOD_2021_014958,TN_CHENNAI_FLOOD_2021,MULTIMODAL,FAIL,non_finite_values_in_sar_pre;non_finite_values_in_sar_post
TN_CHENNAI_FLOOD_2021_014947,TN_CHENNAI_FLOOD_2021,MULTIMODAL,FAIL,non_finite_values_in_sar_pre;non_finite_values_in_sar_post
TN_CHENNAI_FLOOD_2021_036708,TN_CHENNAI_FLOOD_2021,MULTIMODAL,FAIL,non_finite_values_in_sar_pre;non_finite_values_in_sar_post
TN_CHENNAI_FLOOD_2021_061405,TN_CHENNAI_FLOOD_2021,MULTIMODAL,FAIL,non_finite_values_in_sar_pre;non_finite_values_in_sar_post
TN_CHENNAI_FLOOD_2021_086161,TN_CHENNAI_FLOOD_2021,MULTIMODAL,FAIL,non_finite_values_in_sar_pre;non_finite_values_in_sar_post
TN_CHENNAI_FLOOD_2021_111102,TN_CHENNAI_FLOOD_2021,MULTIMODAL,FAIL,non_finite_values_in_sar_pre;non_finite_values_in_sar_post
TN_CHENNAI_FLOOD_2021_111179,TN_CHENNAI_FLOOD_2021,MULTIMODAL,FAIL,non_finite_values_in_sar_pre;non_finite_values_in_sar_post
TN_CHENNAI_FLOOD_2021_138690,TN_CHENNAI_FLOOD_2021,MULTIMODAL,FAIL,non_finite_values_in_sar_pre;non_finite_values_in_sar_post
TN_CHENNAI_FLOOD_2021_168440,TN_CHENNAI_FLOOD_2021,MULTIMODAL,FAIL,non_finite_values_in_sar_pre;non_finite_values_in_sar_post
TN_CHENNAI_FLOOD_2021_198136,TN_CHENNAI_FLOOD_2021,MULTIMODAL,PASS,none
TN_CHENNAI_FLOOD_2021_019893,TN_CHENNAI_FLOOD_2021,MULTIMODAL,FAIL,non_finite_values_in_sar_pre;non_finite_values_in_sar_post
TN_CHENNAI_FLOOD_2021_019929,TN_CHENNAI_FLOOD_2021,MULTIMODAL,FAIL,non_finite_values_in_sar_pre;non_finite_values_in_sar_post
TN_CHENNAI_FLOOD_2021_041681,TN_CHENNAI_FLOOD_2021,MULTIMODAL,FAIL,non_finite_values_in_sar_pre;non_finite_values_in_sar_post
TN_CHENNAI_FLOOD_2021_066388,TN_CHENNAI_FLOOD_2021,MULTIMODAL,FAIL,non_finite_values_in_sar_pre;non_finite_values_in_sar_post
TN_CHENNAI_FLOOD_2021_091134,TN_CHENNAI_FLOOD_2021,MULTIMODAL,FAIL,non_finite_values_in_sar_pre;non_finite_values_in_sar_post
TN_CHENNAI_FLOOD_2021_116033,TN_CHENNAI_FLOOD_2021,MULTIMODAL,FAIL,non_finite_values_in_sar_pre;non_finite_values_in_sar_post
TN_CHENNAI_FLOOD_2021_116066,TN_CHENNAI_FLOOD_2021,MULTIMODAL,FAIL,non_finite_values_in_sar_pre;non_finite_values_in_sar_post
TN_CHENNAI_FLOOD_2021_143638,TN_CHENNAI_FLOOD_2021,MULTIMODAL,FAIL,non_finite_values_in_sar_pre;non_finite_values_in_sar_post
TN_CHENNAI_FLOOD_2021_173332,TN_CHENNAI_FLOOD_2021,MULTIMODAL,FAIL,non_finite_values_in_sar_pre;non_finite_values_in_sar_post
TN_CHENNAI_FLOOD_2021_203013,TN_CHENNAI_FLOOD_2021,MULTIMODAL,PASS,none
TN_CHENNAI_FLOOD_2021_091834,TN_CHENNAI_FLOOD_2021,MULTIMODAL,FAIL,non_finite_values_in_sar_pre;non_finite_values_in_sar_post
TN_CHENNAI_FLOOD_2021_116301,TN_CHENNAI_FLOOD_2021,MULTIMODAL,FAIL,non_finite_values_in_sar_pre;non_finite_values_in_sar_post
TN_CHENNAI_FLOOD_2021_116947,TN_CHENNAI_FLOOD_2021,MULTIMODAL,FAIL,non_finite_values_in_sar_pre;non_finite_values_in_sar_post
TN_CHENNAI_FLOOD_2021_144076,TN_CHENNAI_FLOOD_2021,MULTIMODAL,FAIL,non_finite_values_in_sar_pre;non_finite_values_in_sar_post
TN_CHENNAI_FLOOD_2021_173515,TN_CHENNAI_FLOOD_2021,MULTIMODAL,FAIL,non_finite_values_in_sar_pre;non_finite_values_in_sar_post
TN_CHENNAI_FLOOD_2021_203157,TN_CHENNAI_FLOOD_2021,MULTIMODAL,PASS,none
TN_CHENNAI_FLOOD_2021_122057,TN_CHENNAI_FLOOD_2021,MULTIMODAL,FAIL,non_finite_values_in_sar_pre;non_finite_values_in_sar_post
TN_CHENNAI_FLOOD_2021_123529,TN_CHENNAI_FLOOD_2021,MULTIMODAL,FAIL,non_finite_values_in_sar_pre;non_finite_values_in_sar_post
TN_CHENNAI_FLOOD_2021_206168,TN_CHENNAI_FLOOD_2021,MULTIMODAL,PASS,none
TN_CHENNAI_FLOOD_2021_000014,TN_CHENNAI_FLOOD_2021,MULTIMODAL,FAIL,non_finite_values_in_sar_pre;non_finite_values_in_sar_post
TN_CHENNAI_FLOOD_2021_000072,TN_CHENNAI_FLOOD_2021,MULTIMODAL,FAIL,non_finite_values_in_sar_pre;non_finite_values_in_sar_post
TN_CHENNAI_FLOOD_2021_021834,TN_CHENNAI_FLOOD_2021,MULTIMODAL,FAIL,non_finite_values_in_sar_pre;non_finite_values_in_sar_post
TN_CHENNAI_FLOOD_2021_046563,TN_CHENNAI_FLOOD_2021,MULTIMODAL,FAIL,non_finite_values_in_sar_pre;non_finite_values_in_sar_post
TN_CHENNAI_FLOOD_2021_071302,TN_CHENNAI_FLOOD_2021,MULTIMODAL,FAIL,non_finite_values_in_sar_pre;non_finite_values_in_sar_post
TN_CHENNAI_FLOOD_2021_074137,TN_CHENNAI_FLOOD_2021,MULTIMODAL,FAIL,non_finite_values_in_sar_pre;non_finite_values_in_sar_post
TN_CHENNAI_FLOOD_2021_096264,TN_CHENNAI_FLOOD_2021,MULTIMODAL,FAIL,non_finite_values_in_sar_pre;non_finite_values_in_sar_post
TN_CHENNAI_FLOOD_2021_123815,TN_CHENNAI_FLOOD_2021,MULTIMODAL,FAIL,non_finite_values_in_sar_pre;non_finite_values_in_sar_post
TN_CHENNAI_FLOOD_2021_153542,TN_CHENNAI_FLOOD_2021,MULTIMODAL,FAIL,non_finite_values_in_sar_pre;non_finite_values_in_sar_post
TN_CHENNAI_FLOOD_2021_183201,TN_CHENNAI_FLOOD_2021,MULTIMODAL,PASS,none
TN_CHENNAI_FLOOD_2021_000055,TN_CHENNAI_FLOOD_2021,MULTIMODAL,FAIL,non_finite_values_in_sar_pre;non_finite_values_in_sar_post
TN_CHENNAI_FLOOD_2021_000069,TN_CHENNAI_FLOOD_2021,MULTIMODAL,FAIL,non_finite_values_in_sar_pre;non_finite_values_in_sar_post
TN_CHENNAI_FLOOD_2021_021889,TN_CHENNAI_FLOOD_2021,MULTIMODAL,FAIL,non_finite_values_in_sar_pre;non_finite_values_in_sar_post
TN_CHENNAI_FLOOD_2021_046588,TN_CHENNAI_FLOOD_2021,MULTIMODAL,FAIL,non_finite_values_in_sar_pre;non_finite_values_in_sar_post
TN_CHENNAI_FLOOD_2021_071297,TN_CHENNAI_FLOOD_2021,MULTIMODAL,FAIL,non_finite_values_in_sar_pre;non_finite_values_in_sar_post
TN_CHENNAI_FLOOD_2021_074190,TN_CHENNAI_FLOOD_2021,MULTIMODAL,FAIL,non_finite_values_in_sar_pre;non_finite_values_in_sar_post
TN_CHENNAI_FLOOD_2021_096404,TN_CHENNAI_FLOOD_2021,MULTIMODAL,FAIL,non_finite_values_in_sar_pre;non_finite_values_in_sar_post
TN_CHENNAI_FLOOD_2021_123838,TN_CHENNAI_FLOOD_2021,MULTIMODAL,FAIL,non_finite_values_in_sar_pre;non_finite_values_in_sar_post
TN_CHENNAI_FLOOD_2021_153566,TN_CHENNAI_FLOOD_2021,MULTIMODAL,FAIL,non_finite_values_in_sar_pre;non_finite_values_in_sar_post
TN_CHENNAI_FLOOD_2021_183244,TN_CHENNAI_FLOOD_2021,MULTIMODAL,PASS,none
TN_CHENNAI_FLOOD_2021_005009,TN_CHENNAI_FLOOD_2021,MULTIMODAL,FAIL,non_finite_values_in_sar_pre;non_finite_values_in_sar_post
TN_CHENNAI_FLOOD_2021_005076,TN_CHENNAI_FLOOD_2021,MULTIMODAL,FAIL,non_finite_values_in_sar_pre;non_finite_values_in_sar_post
TN_CHENNAI_FLOOD_2021_026788,TN_CHENNAI_FLOOD_2021,MULTIMODAL,FAIL,non_finite_values_in_sar_pre;non_finite_values_in_sar_post
TN_CHENNAI_FLOOD_2021_051537,TN_CHENNAI_FLOOD_2021,MULTIMODAL,FAIL,non_finite_values_in_sar_pre;non_finite_values_in_sar_post
TN_CHENNAI_FLOOD_2021_076277,TN_CHENNAI_FLOOD_2021,MULTIMODAL,FAIL,non_finite_values_in_sar_pre;non_finite_values_in_sar_post
TN_CHENNAI_FLOOD_2021_085181,TN_CHENNAI_FLOOD_2021,MULTIMODAL,FAIL,non_finite_values_in_sar_pre;non_finite_values_in_sar_post
TN_CHENNAI_FLOOD_2021_101245,TN_CHENNAI_FLOOD_2021,MULTIMODAL,FAIL,non_finite_values_in_sar_pre;non_finite_values_in_sar_post
TN_CHENNAI_FLOOD_2021_128764,TN_CHENNAI_FLOOD_2021,MULTIMODAL,FAIL,non_finite_values_in_sar_pre;non_finite_values_in_sar_post
TN_CHENNAI_FLOOD_2021_158525,TN_CHENNAI_FLOOD_2021,MULTIMODAL,FAIL,non_finite_values_in_sar_pre;non_finite_values_in_sar_post
TN_CHENNAI_FLOOD_2021_188137,TN_CHENNAI_FLOOD_2021,MULTIMODAL,PASS,none
TN_CHENNAI_FLOOD_2021_009962,TN_CHENNAI_FLOOD_2021,MULTIMODAL,FAIL,non_finite_values_in_sar_pre;non_finite_values_in_sar_post
TN_CHENNAI_FLOOD_2021_010030,TN_CHENNAI_FLOOD_2021,MULTIMODAL,FAIL,non_finite_values_in_sar_pre;non_finite_values_in_sar_post
TN_CHENNAI_FLOOD_2021_031742,TN_CHENNAI_FLOOD_2021,MULTIMODAL,FAIL,non_finite_values_in_sar_pre;non_finite_values_in_sar_post
TN_CHENNAI_FLOOD_2021_056455,TN_CHENNAI_FLOOD_2021,MULTIMODAL,FAIL,non_finite_values_in_sar_pre;non_finite_values_in_sar_post
TN_CHENNAI_FLOOD_2021_081215,TN_CHENNAI_FLOOD_2021,MULTIMODAL,FAIL,non_finite_values_in_sar_pre;non_finite_values_in_sar_post
TN_CHENNAI_FLOOD_2021_106153,TN_CHENNAI_FLOOD_2021,MULTIMODAL,FAIL,non_finite_values_in_sar_pre;non_finite_values_in_sar_post
TN_CHENNAI_FLOOD_2021_106217,TN_CHENNAI_FLOOD_2021,MULTIMODAL,FAIL,non_finite_values_in_sar_pre;non_finite_values_in_sar_post
TN_CHENNAI_FLOOD_2021_133723,TN_CHENNAI_FLOOD_2021,MULTIMODAL,FAIL,non_finite_values_in_sar_pre;non_finite_values_in_sar_post
TN_CHENNAI_FLOOD_2021_163445,TN_CHENNAI_FLOOD_2021,MULTIMODAL,FAIL,non_finite_values_in_sar_pre;non_finite_values_in_sar_post
TN_CHENNAI_FLOOD_2021_193136,TN_CHENNAI_FLOOD_2021,MULTIMODAL,PASS,none
TN_CHENNAI_FLOOD_2021_010002,TN_CHENNAI_FLOOD_2021,MULTIMODAL,FAIL,non_finite_values_in_sar_pre;non_finite_values_in_sar_post
TN_CHENNAI_FLOOD_2021_010204,TN_CHENNAI_FLOOD_2021,MULTIMODAL,FAIL,non_finite_values_in_sar_pre;non_finite_values_in_sar_post
TN_CHENNAI_FLOOD_2021_031819,TN_CHENNAI_FLOOD_2021,MULTIMODAL,FAIL,non_finite_values_in_sar_pre;non_finite_values_in_sar_post
TN_CHENNAI_FLOOD_2021_056497,TN_CHENNAI_FLOOD_2021,MULTIMODAL,FAIL,non_finite_values_in_sar_pre;non_finite_values_in_sar_post
TN_CHENNAI_FLOOD_2021_081272,TN_CHENNAI_FLOOD_2021,MULTIMODAL,FAIL,non_finite_values_in_sar_pre;non_finite_values_in_sar_post
TN_CHENNAI_FLOOD_2021_106173,TN_CHENNAI_FLOOD_2021,MULTIMODAL,FAIL,non_finite_values_in_sar_pre;non_finite_values_in_sar_post
TN_CHENNAI_FLOOD_2021_106347,TN_CHENNAI_FLOOD_2021,MULTIMODAL,FAIL,non_finite_values_in_sar_pre;non_finite_values_in_sar_post
TN_CHENNAI_FLOOD_2021_133784,TN_CHENNAI_FLOOD_2021,MULTIMODAL,FAIL,non_finite_values_in_sar_pre;non_finite_values_in_sar_post
TN_CHENNAI_FLOOD_2021_163458,TN_CHENNAI_FLOOD_2021,MULTIMODAL,FAIL,non_finite_values_in_sar_pre;non_finite_values_in_sar_post
TN_CHENNAI_FLOOD_2021_193165,TN_CHENNAI_FLOOD_2021,MULTIMODAL,PASS,none
TN_CHENNAI_FLOOD_2021_014967,TN_CHENNAI_FLOOD_2021,MULTIMODAL,FAIL,non_finite_values_in_sar_pre;non_finite_values_in_sar_post
TN_CHENNAI_FLOOD_2021_014962,TN_CHENNAI_FLOOD_2021,MULTIMODAL,FAIL,non_finite_values_in_sar_pre;non_finite_values_in_sar_post
TN_CHENNAI_FLOOD_2021_036716,TN_CHENNAI_FLOOD_2021,MULTIMODAL,FAIL,non_finite_values_in_sar_pre;non_finite_values_in_sar_post
TN_CHENNAI_FLOOD_2021_061409,TN_CHENNAI_FLOOD_2021,MULTIMODAL,FAIL,non_finite_values_in_sar_pre;non_finite_values_in_sar_post
TN_CHENNAI_FLOOD_2021_086164,TN_CHENNAI_FLOOD_2021,MULTIMODAL,FAIL,non_finite_values_in_sar_pre;non_finite_values_in_sar_post
TN_CHENNAI_FLOOD_2021_111103,TN_CHENNAI_FLOOD_2021,MULTIMODAL,FAIL,non_finite_values_in_sar_pre;non_finite_values_in_sar_post
TN_CHENNAI_FLOOD_2021_111198,TN_CHENNAI_FLOOD_2021,MULTIMODAL,FAIL,non_finite_values_in_sar_pre;non_finite_values_in_sar_post
TN_CHENNAI_FLOOD_2021_138692,TN_CHENNAI_FLOOD_2021,MULTIMODAL,FAIL,non_finite_values_in_sar_pre;non_finite_values_in_sar_post
TN_CHENNAI_FLOOD_2021_168450,TN_CHENNAI_FLOOD_2021,MULTIMODAL,FAIL,non_finite_values_in_sar_pre;non_finite_values_in_sar_post
TN_CHENNAI_FLOOD_2021_198165,TN_CHENNAI_FLOOD_2021,MULTIMODAL,PASS,none
TN_CHENNAI_FLOOD_2021_019896,TN_CHENNAI_FLOOD_2021,MULTIMODAL,FAIL,non_finite_values_in_sar_pre;non_finite_values_in_sar_post
TN_CHENNAI_FLOOD_2021_019932,TN_CHENNAI_FLOOD_2021,MULTIMODAL,FAIL,non_finite_values_in_sar_pre;non_finite_values_in_sar_post
TN_CHENNAI_FLOOD_2021_041729,TN_CHENNAI_FLOOD_2021,MULTIMODAL,FAIL,non_finite_values_in_sar_pre;non_finite_values_in_sar_post
TN_CHENNAI_FLOOD_2021_066389,TN_CHENNAI_FLOOD_2021,MULTIMODAL,FAIL,non_finite_values_in_sar_pre;non_finite_values_in_sar_post
TN_CHENNAI_FLOOD_2021_091136,TN_CHENNAI_FLOOD_2021,MULTIMODAL,FAIL,non_finite_values_in_sar_pre;non_finite_values_in_sar_post
TN_CHENNAI_FLOOD_2021_116034,TN_CHENNAI_FLOOD_2021,MULTIMODAL,FAIL,non_finite_values_in_sar_pre;non_finite_values_in_sar_post
TN_CHENNAI_FLOOD_2021_116068,TN_CHENNAI_FLOOD_2021,MULTIMODAL,FAIL,non_finite_values_in_sar_pre;non_finite_values_in_sar_post
TN_CHENNAI_FLOOD_2021_143639,TN_CHENNAI_FLOOD_2021,MULTIMODAL,FAIL,non_finite_values_in_sar_pre;non_finite_values_in_sar_post
TN_CHENNAI_FLOOD_2021_173333,TN_CHENNAI_FLOOD_2021,MULTIMODAL,FAIL,non_finite_values_in_sar_pre;non_finite_values_in_sar_post
TN_CHENNAI_FLOOD_2021_203015,TN_CHENNAI_FLOOD_2021,MULTIMODAL,PASS,none
TN_CHENNAI_FLOOD_2021_091996,TN_CHENNAI_FLOOD_2021,MULTIMODAL,FAIL,non_finite_values_in_sar_pre;non_finite_values_in_sar_post
TN_CHENNAI_FLOOD_2021_116389,TN_CHENNAI_FLOOD_2021,MULTIMODAL,FAIL,non_finite_values_in_sar_pre;non_finite_values_in_sar_post
TN_CHENNAI_FLOOD_2021_116976,TN_CHENNAI_FLOOD_2021,MULTIMODAL,FAIL,non_finite_values_in_sar_pre;non_finite_values_in_sar_post
TN_CHENNAI_FLOOD_2021_144106,TN_CHENNAI_FLOOD_2021,MULTIMODAL,FAIL,non_finite_values_in_sar_pre;non_finite_values_in_sar_post
TN_CHENNAI_FLOOD_2021_173527,TN_CHENNAI_FLOOD_2021,MULTIMODAL,FAIL,non_finite_values_in_sar_pre;non_finite_values_in_sar_post
TN_CHENNAI_FLOOD_2021_203179,TN_CHENNAI_FLOOD_2021,MULTIMODAL,PASS,none
TN_CHENNAI_FLOOD_2021_122127,TN_CHENNAI_FLOOD_2021,MULTIMODAL,FAIL,non_finite_values_in_sar_pre;non_finite_values_in_sar_post
TN_CHENNAI_FLOOD_2021_148992,TN_CHENNAI_FLOOD_2021,MULTIMODAL,FAIL,non_finite_values_in_sar_pre;non_finite_values_in_sar_post
TN_CHENNAI_FLOOD_2021_206171,TN_CHENNAI_FLOOD_2021,MULTIMODAL,PASS,none
TN_CHENNAI_FLOOD_2021_000015,TN_CHENNAI_FLOOD_2021,MULTIMODAL,FAIL,non_finite_values_in_sar_pre;non_finite_values_in_sar_post
TN_CHENNAI_FLOOD_2021_000081,TN_CHENNAI_FLOOD_2021,MULTIMODAL,FAIL,non_finite_values_in_sar_pre;non_finite_values_in_sar_post
TN_CHENNAI_FLOOD_2021_021836,TN_CHENNAI_FLOOD_2021,MULTIMODAL,FAIL,non_finite_values_in_sar_pre;non_finite_values_in_sar_post
TN_CHENNAI_FLOOD_2021_046567,TN_CHENNAI_FLOOD_2021,MULTIMODAL,FAIL,non_finite_values_in_sar_pre;non_finite_values_in_sar_post
TN_CHENNAI_FLOOD_2021_071305,TN_CHENNAI_FLOOD_2021,MULTIMODAL,FAIL,non_finite_values_in_sar_pre;non_finite_values_in_sar_post
TN_CHENNAI_FLOOD_2021_074358,TN_CHENNAI_FLOOD_2021,MULTIMODAL,FAIL,non_finite_values_in_sar_pre;non_finite_values_in_sar_post
TN_CHENNAI_FLOOD_2021_096266,TN_CHENNAI_FLOOD_2021,MULTIMODAL,FAIL,non_finite_values_in_sar_pre;non_finite_values_in_sar_post
TN_CHENNAI_FLOOD_2021_123819,TN_CHENNAI_FLOOD_2021,MULTIMODAL,FAIL,non_finite_values_in_sar_pre;non_finite_values_in_sar_post
TN_CHENNAI_FLOOD_2021_153545,TN_CHENNAI_FLOOD_2021,MULTIMODAL,FAIL,non_finite_values_in_sar_pre;non_finite_values_in_sar_post
TN_CHENNAI_FLOOD_2021_183203,TN_CHENNAI_FLOOD_2021,MULTIMODAL,FAIL,non_finite_values_in_sar_pre;non_finite_values_in_sar_post
TN_CHENNAI_FLOOD_2021_000061,TN_CHENNAI_FLOOD_2021,MULTIMODAL,FAIL,non_finite_values_in_sar_pre;non_finite_values_in_sar_post
TN_CHENNAI_FLOOD_2021_000094,TN_CHENNAI_FLOOD_2021,MULTIMODAL,FAIL,non_finite_values_in_sar_pre;non_finite_values_in_sar_post
TN_CHENNAI_FLOOD_2021_021908,TN_CHENNAI_FLOOD_2021,MULTIMODAL,FAIL,non_finite_values_in_sar_pre;non_finite_values_in_sar_post
TN_CHENNAI_FLOOD_2021_046590,TN_CHENNAI_FLOOD_2021,MULTIMODAL,FAIL,non_finite_values_in_sar_pre;non_finite_values_in_sar_post
TN_CHENNAI_FLOOD_2021_071301,TN_CHENNAI_FLOOD_2021,MULTIMODAL,FAIL,non_finite_values_in_sar_pre;non_finite_values_in_sar_post
TN_CHENNAI_FLOOD_2021_075329,TN_CHENNAI_FLOOD_2021,MULTIMODAL,FAIL,non_finite_values_in_sar_pre;non_finite_values_in_sar_post
TN_CHENNAI_FLOOD_2021_096420,TN_CHENNAI_FLOOD_2021,MULTIMODAL,FAIL,non_finite_values_in_sar_pre;non_finite_values_in_sar_post
TN_CHENNAI_FLOOD_2021_123859,TN_CHENNAI_FLOOD_2021,MULTIMODAL,FAIL,non_finite_values_in_sar_pre;non_finite_values_in_sar_post
TN_CHENNAI_FLOOD_2021_153570,TN_CHENNAI_FLOOD_2021,MULTIMODAL,FAIL,non_finite_values_in_sar_pre;non_finite_values_in_sar_post
TN_CHENNAI_FLOOD_2021_183247,TN_CHENNAI_FLOOD_2021,MULTIMODAL,PASS,none
TN_CHENNAI_FLOOD_2021_005012,TN_CHENNAI_FLOOD_2021,MULTIMODAL,FAIL,non_finite_values_in_sar_pre;non_finite_values_in_sar_post
TN_CHENNAI_FLOOD_2021_005079,TN_CHENNAI_FLOOD_2021,MULTIMODAL,FAIL,non_finite_values_in_sar_pre;non_finite_values_in_sar_post
TN_CHENNAI_FLOOD_2021_026794,TN_CHENNAI_FLOOD_2021,MULTIMODAL,FAIL,non_finite_values_in_sar_pre;non_finite_values_in_sar_post
TN_CHENNAI_FLOOD_2021_051539,TN_CHENNAI_FLOOD_2021,MULTIMODAL,FAIL,non_finite_values_in_sar_pre;non_finite_values_in_sar_post
TN_CHENNAI_FLOOD_2021_076279,TN_CHENNAI_FLOOD_2021,MULTIMODAL,FAIL,non_finite_values_in_sar_pre;non_finite_values_in_sar_post
TN_CHENNAI_FLOOD_2021_101186,TN_CHENNAI_FLOOD_2021,MULTIMODAL,FAIL,non_finite_values_in_sar_pre;non_finite_values_in_sar_post
TN_CHENNAI_FLOOD_2021_101249,TN_CHENNAI_FLOOD_2021,MULTIMODAL,FAIL,non_finite_values_in_sar_pre;non_finite_values_in_sar_post
TN_CHENNAI_FLOOD_2021_128766,TN_CHENNAI_FLOOD_2021,MULTIMODAL,FAIL,non_finite_values_in_sar_pre;non_finite_values_in_sar_post
TN_CHENNAI_FLOOD_2021_158527,TN_CHENNAI_FLOOD_2021,MULTIMODAL,FAIL,non_finite_values_in_sar_pre;non_finite_values_in_sar_post
TN_CHENNAI_FLOOD_2021_188138,TN_CHENNAI_FLOOD_2021,MULTIMODAL,PASS,none
TN_CHENNAI_FLOOD_2021_009963,TN_CHENNAI_FLOOD_2021,MULTIMODAL,FAIL,non_finite_values_in_sar_pre;non_finite_values_in_sar_post
TN_CHENNAI_FLOOD_2021_010033,TN_CHENNAI_FLOOD_2021,MULTIMODAL,FAIL,non_finite_values_in_sar_pre;non_finite_values_in_sar_post
TN_CHENNAI_FLOOD_2021_031744,TN_CHENNAI_FLOOD_2021,MULTIMODAL,FAIL,non_finite_values_in_sar_pre;non_finite_values_in_sar_post
TN_CHENNAI_FLOOD_2021_056458,TN_CHENNAI_FLOOD_2021,MULTIMODAL,FAIL,non_finite_values_in_sar_pre;non_finite_values_in_sar_post
TN_CHENNAI_FLOOD_2021_081217,TN_CHENNAI_FLOOD_2021,MULTIMODAL,FAIL,non_finite_values_in_sar_pre;non_finite_values_in_sar_post
TN_CHENNAI_FLOOD_2021_106154,TN_CHENNAI_FLOOD_2021,MULTIMODAL,FAIL,non_finite_values_in_sar_pre;non_finite_values_in_sar_post
TN_CHENNAI_FLOOD_2021_106226,TN_CHENNAI_FLOOD_2021,MULTIMODAL,FAIL,non_finite_values_in_sar_pre;non_finite_values_in_sar_post
TN_CHENNAI_FLOOD_2021_133724,TN_CHENNAI_FLOOD_2021,MULTIMODAL,FAIL,non_finite_values_in_sar_pre;non_finite_values_in_sar_post
TN_CHENNAI_FLOOD_2021_163447,TN_CHENNAI_FLOOD_2021,MULTIMODAL,FAIL,non_finite_values_in_sar_pre;non_finite_values_in_sar_post
TN_CHENNAI_FLOOD_2021_193140,TN_CHENNAI_FLOOD_2021,MULTIMODAL,PASS,none
TN_CHENNAI_FLOOD_2021_010015,TN_CHENNAI_FLOOD_2021,MULTIMODAL,FAIL,non_finite_values_in_sar_pre;non_finite_values_in_sar_post
TN_CHENNAI_FLOOD_2021_010209,TN_CHENNAI_FLOOD_2021,MULTIMODAL,FAIL,non_finite_values_in_sar_pre;non_finite_values_in_sar_post
TN_CHENNAI_FLOOD_2021_031823,TN_CHENNAI_FLOOD_2021,MULTIMODAL,FAIL,non_finite_values_in_sar_pre;non_finite_values_in_sar_post
TN_CHENNAI_FLOOD_2021_056502,TN_CHENNAI_FLOOD_2021,MULTIMODAL,FAIL,non_finite_values_in_sar_pre;non_finite_values_in_sar_post
TN_CHENNAI_FLOOD_2021_081279,TN_CHENNAI_FLOOD_2021,MULTIMODAL,FAIL,non_finite_values_in_sar_pre;non_finite_values_in_sar_post
TN_CHENNAI_FLOOD_2021_106182,TN_CHENNAI_FLOOD_2021,MULTIMODAL,FAIL,non_finite_values_in_sar_pre;non_finite_values_in_sar_post
TN_CHENNAI_FLOOD_2021_106450,TN_CHENNAI_FLOOD_2021,MULTIMODAL,FAIL,non_finite_values_in_sar_pre;non_finite_values_in_sar_post
TN_CHENNAI_FLOOD_2021_133785,TN_CHENNAI_FLOOD_2021,MULTIMODAL,FAIL,non_finite_values_in_sar_pre;non_finite_values_in_sar_post
TN_CHENNAI_FLOOD_2021_163469,TN_CHENNAI_FLOOD_2021,MULTIMODAL,FAIL,non_finite_values_in_sar_pre;non_finite_values_in_sar_post
TN_CHENNAI_FLOOD_2021_193168,TN_CHENNAI_FLOOD_2021,MULTIMODAL,PASS,none
TN_CHENNAI_FLOOD_2021_014983,TN_CHENNAI_FLOOD_2021,MULTIMODAL,FAIL,non_finite_values_in_sar_pre;non_finite_values_in_sar_post
TN_CHENNAI_FLOOD_2021_014966,TN_CHENNAI_FLOOD_2021,MULTIMODAL,FAIL,non_finite_values_in_sar_pre;non_finite_values_in_sar_post
TN_CHENNAI_FLOOD_2021_036720,TN_CHENNAI_FLOOD_2021,MULTIMODAL,FAIL,non_finite_values_in_sar_pre;non_finite_values_in_sar_post
TN_CHENNAI_FLOOD_2021_061411,TN_CHENNAI_FLOOD_2021,MULTIMODAL,FAIL,non_finite_values_in_sar_pre;non_finite_values_in_sar_post
TN_CHENNAI_FLOOD_2021_086165,TN_CHENNAI_FLOOD_2021,MULTIMODAL,FAIL,non_finite_values_in_sar_pre;non_finite_values_in_sar_post
TN_CHENNAI_FLOOD_2021_111105,TN_CHENNAI_FLOOD_2021,MULTIMODAL,FAIL,non_finite_values_in_sar_pre;non_finite_values_in_sar_post
TN_CHENNAI_FLOOD_2021_111230,TN_CHENNAI_FLOOD_2021,MULTIMODAL,FAIL,non_finite_values_in_sar_pre;non_finite_values_in_sar_post
TN_CHENNAI_FLOOD_2021_138699,TN_CHENNAI_FLOOD_2021,MULTIMODAL,FAIL,non_finite_values_in_sar_pre;non_finite_values_in_sar_post
TN_CHENNAI_FLOOD_2021_168455,TN_CHENNAI_FLOOD_2021,MULTIMODAL,FAIL,non_finite_values_in_sar_pre;non_finite_values_in_sar_post
TN_CHENNAI_FLOOD_2021_198174,TN_CHENNAI_FLOOD_2021,MULTIMODAL,PASS,none
TN_CHENNAI_FLOOD_2021_019897,TN_CHENNAI_FLOOD_2021,MULTIMODAL,FAIL,non_finite_values_in_sar_pre;non_finite_values_in_sar_post
TN_CHENNAI_FLOOD_2021_019933,TN_CHENNAI_FLOOD_2021,MULTIMODAL,FAIL,non_finite_values_in_sar_pre;non_finite_values_in_sar_post
TN_CHENNAI_FLOOD_2021_041747,TN_CHENNAI_FLOOD_2021,MULTIMODAL,FAIL,non_finite_values_in_sar_pre;non_finite_values_in_sar_post
TN_CHENNAI_FLOOD_2021_066394,TN_CHENNAI_FLOOD_2021,MULTIMODAL,FAIL,non_finite_values_in_sar_pre;non_finite_values_in_sar_post
TN_CHENNAI_FLOOD_2021_091139,TN_CHENNAI_FLOOD_2021,MULTIMODAL,FAIL,non_finite_values_in_sar_pre;non_finite_values_in_sar_post
TN_CHENNAI_FLOOD_2021_116035,TN_CHENNAI_FLOOD_2021,MULTIMODAL,FAIL,non_finite_values_in_sar_pre;non_finite_values_in_sar_post
TN_CHENNAI_FLOOD_2021_116071,TN_CHENNAI_FLOOD_2021,MULTIMODAL,FAIL,non_finite_values_in_sar_pre;non_finite_values_in_sar_post
TN_CHENNAI_FLOOD_2021_143640,TN_CHENNAI_FLOOD_2021,MULTIMODAL,FAIL,non_finite_values_in_sar_pre;non_finite_values_in_sar_post
TN_CHENNAI_FLOOD_2021_173336,TN_CHENNAI_FLOOD_2021,MULTIMODAL,FAIL,non_finite_values_in_sar_pre;non_finite_values_in_sar_post
TN_CHENNAI_FLOOD_2021_203016,TN_CHENNAI_FLOOD_2021,MULTIMODAL,PASS,none
TN_CHENNAI_FLOOD_2021_092053,TN_CHENNAI_FLOOD_2021,MULTIMODAL,FAIL,non_finite_values_in_sar_pre;non_finite_values_in_sar_post
TN_CHENNAI_FLOOD_2021_116543,TN_CHENNAI_FLOOD_2021,MULTIMODAL,FAIL,non_finite_values_in_sar_pre;non_finite_values_in_sar_post
TN_CHENNAI_FLOOD_2021_117225,TN_CHENNAI_FLOOD_2021,MULTIMODAL,FAIL,non_finite_values_in_sar_pre;non_finite_values_in_sar_post
TN_CHENNAI_FLOOD_2021_144137,TN_CHENNAI_FLOOD_2021,MULTIMODAL,FAIL,non_finite_values_in_sar_pre;non_finite_values_in_sar_post
TN_CHENNAI_FLOOD_2021_173558,TN_CHENNAI_FLOOD_2021,MULTIMODAL,FAIL,non_finite_values_in_sar_pre;non_finite_values_in_sar_post
TN_CHENNAI_FLOOD_2021_203204,TN_CHENNAI_FLOOD_2021,MULTIMODAL,PASS,none
TN_CHENNAI_FLOOD_2021_122228,TN_CHENNAI_FLOOD_2021,MULTIMODAL,FAIL,non_finite_values_in_sar_pre;non_finite_values_in_sar_post
TN_CHENNAI_FLOOD_2021_149102,TN_CHENNAI_FLOOD_2021,MULTIMODAL,FAIL,non_finite_values_in_sar_pre;non_finite_values_in_sar_post
TN_CHENNAI_FLOOD_2021_206176,TN_CHENNAI_FLOOD_2021,MULTIMODAL,PASS,none
TN_CHENNAI_FLOOD_2021_000017,TN_CHENNAI_FLOOD_2021,MULTIMODAL,FAIL,non_finite_values_in_sar_pre;non_finite_values_in_sar_post
TN_CHENNAI_FLOOD_2021_000087,TN_CHENNAI_FLOOD_2021,MULTIMODAL,FAIL,non_finite_values_in_sar_pre;non_finite_values_in_sar_post
TN_CHENNAI_FLOOD_2021_021839,TN_CHENNAI_FLOOD_2021,MULTIMODAL,FAIL,non_finite_values_in_sar_pre;non_finite_values_in_sar_post
TN_CHENNAI_FLOOD_2021_046570,TN_CHENNAI_FLOOD_2021,MULTIMODAL,FAIL,non_finite_values_in_sar_pre;non_finite_values_in_sar_post
TN_CHENNAI_FLOOD_2021_071306,TN_CHENNAI_FLOOD_2021,MULTIMODAL,FAIL,non_finite_values_in_sar_pre;non_finite_values_in_sar_post
TN_CHENNAI_FLOOD_2021_075402,TN_CHENNAI_FLOOD_2021,MULTIMODAL,FAIL,non_finite_values_in_sar_pre;non_finite_values_in_sar_post
TN_CHENNAI_FLOOD_2021_096269,TN_CHENNAI_FLOOD_2021,MULTIMODAL,FAIL,non_finite_values_in_sar_pre;non_finite_values_in_sar_post
TN_CHENNAI_FLOOD_2021_123821,TN_CHENNAI_FLOOD_2021,MULTIMODAL,FAIL,non_finite_values_in_sar_pre;non_finite_values_in_sar_post
TN_CHENNAI_FLOOD_2021_153548,TN_CHENNAI_FLOOD_2021,MULTIMODAL,FAIL,non_finite_values_in_sar_pre;non_finite_values_in_sar_post
TN_CHENNAI_FLOOD_2021_183207,TN_CHENNAI_FLOOD_2021,MULTIMODAL,FAIL,non_finite_values_in_sar_pre;non_finite_values_in_sar_post
TN_CHENNAI_FLOOD_2021_000070,TN_CHENNAI_FLOOD_2021,MULTIMODAL,FAIL,non_finite_values_in_sar_pre;non_finite_values_in_sar_post
TN_CHENNAI_FLOOD_2021_000095,TN_CHENNAI_FLOOD_2021,MULTIMODAL,FAIL,non_finite_values_in_sar_pre;non_finite_values_in_sar_post
TN_CHENNAI_FLOOD_2021_021910,TN_CHENNAI_FLOOD_2021,MULTIMODAL,FAIL,non_finite_values_in_sar_pre;non_finite_values_in_sar_post
TN_CHENNAI_FLOOD_2021_046593,TN_CHENNAI_FLOOD_2021,MULTIMODAL,FAIL,non_finite_values_in_sar_pre;non_finite_values_in_sar_post
TN_CHENNAI_FLOOD_2021_071312,TN_CHENNAI_FLOOD_2021,MULTIMODAL,FAIL,non_finite_values_in_sar_pre;non_finite_values_in_sar_post
TN_CHENNAI_FLOOD_2021_076069,TN_CHENNAI_FLOOD_2021,MULTIMODAL,FAIL,non_finite_values_in_sar_pre;non_finite_values_in_sar_post
TN_CHENNAI_FLOOD_2021_096456,TN_CHENNAI_FLOOD_2021,MULTIMODAL,FAIL,non_finite_values_in_sar_pre;non_finite_values_in_sar_post
TN_CHENNAI_FLOOD_2021_123864,TN_CHENNAI_FLOOD_2021,MULTIMODAL,FAIL,non_finite_values_in_sar_pre;non_finite_values_in_sar_post
TN_CHENNAI_FLOOD_2021_153584,TN_CHENNAI_FLOOD_2021,MULTIMODAL,FAIL,non_finite_values_in_sar_pre;non_finite_values_in_sar_post
TN_CHENNAI_FLOOD_2021_183254,TN_CHENNAI_FLOOD_2021,MULTIMODAL,PASS,none
TN_CHENNAI_FLOOD_2021_005015,TN_CHENNAI_FLOOD_2021,MULTIMODAL,FAIL,non_finite_values_in_sar_pre;non_finite_values_in_sar_post
TN_CHENNAI_FLOOD_2021_005082,TN_CHENNAI_FLOOD_2021,MULTIMODAL,FAIL,non_finite_values_in_sar_pre;non_finite_values_in_sar_post
TN_CHENNAI_FLOOD_2021_026800,TN_CHENNAI_FLOOD_2021,MULTIMODAL,FAIL,non_finite_values_in_sar_pre;non_finite_values_in_sar_post
TN_CHENNAI_FLOOD_2021_051543,TN_CHENNAI_FLOOD_2021,MULTIMODAL,FAIL,non_finite_values_in_sar_pre;non_finite_values_in_sar_post
TN_CHENNAI_FLOOD_2021_076280,TN_CHENNAI_FLOOD_2021,MULTIMODAL,FAIL,non_finite_values_in_sar_pre;non_finite_values_in_sar_post
TN_CHENNAI_FLOOD_2021_101188,TN_CHENNAI_FLOOD_2021,MULTIMODAL,FAIL,non_finite_values_in_sar_pre;non_finite_values_in_sar_post
TN_CHENNAI_FLOOD_2021_101261,TN_CHENNAI_FLOOD_2021,MULTIMODAL,FAIL,non_finite_values_in_sar_pre;non_finite_values_in_sar_post
TN_CHENNAI_FLOOD_2021_128768,TN_CHENNAI_FLOOD_2021,MULTIMODAL,FAIL,non_finite_values_in_sar_pre;non_finite_values_in_sar_post
TN_CHENNAI_FLOOD_2021_158533,TN_CHENNAI_FLOOD_2021,MULTIMODAL,FAIL,non_finite_values_in_sar_pre;non_finite_values_in_sar_post
TN_CHENNAI_FLOOD_2021_188139,TN_CHENNAI_FLOOD_2021,MULTIMODAL,PASS,none
TN_CHENNAI_FLOOD_2021_009964,TN_CHENNAI_FLOOD_2021,MULTIMODAL,FAIL,non_finite_values_in_sar_pre;non_finite_values_in_sar_post
TN_CHENNAI_FLOOD_2021_010034,TN_CHENNAI_FLOOD_2021,MULTIMODAL,FAIL,non_finite_values_in_sar_pre;non_finite_values_in_sar_post
TN_CHENNAI_FLOOD_2021_031747,TN_CHENNAI_FLOOD_2021,MULTIMODAL,FAIL,non_finite_values_in_sar_pre;non_finite_values_in_sar_post
TN_CHENNAI_FLOOD_2021_056460,TN_CHENNAI_FLOOD_2021,MULTIMODAL,FAIL,non_finite_values_in_sar_pre;non_finite_values_in_sar_post
TN_CHENNAI_FLOOD_2021_081220,TN_CHENNAI_FLOOD_2021,MULTIMODAL,FAIL,non_finite_values_in_sar_pre;non_finite_values_in_sar_post
TN_CHENNAI_FLOOD_2021_106156,TN_CHENNAI_FLOOD_2021,MULTIMODAL,FAIL,non_finite_values_in_sar_pre;non_finite_values_in_sar_post
TN_CHENNAI_FLOOD_2021_106236,TN_CHENNAI_FLOOD_2021,MULTIMODAL,FAIL,non_finite_values_in_sar_pre;non_finite_values_in_sar_post
TN_CHENNAI_FLOOD_2021_133728,TN_CHENNAI_FLOOD_2021,MULTIMODAL,FAIL,non_finite_values_in_sar_pre;non_finite_values_in_sar_post
TN_CHENNAI_FLOOD_2021_163454,TN_CHENNAI_FLOOD_2021,MULTIMODAL,FAIL,non_finite_values_in_sar_pre;non_finite_values_in_sar_post
TN_CHENNAI_FLOOD_2021_193143,TN_CHENNAI_FLOOD_2021,MULTIMODAL,PASS,none
TN_CHENNAI_FLOOD_2021_010025,TN_CHENNAI_FLOOD_2021,MULTIMODAL,FAIL,non_finite_values_in_sar_pre;non_finite_values_in_sar_post
TN_CHENNAI_FLOOD_2021_010247,TN_CHENNAI_FLOOD_2021,MULTIMODAL,FAIL,non_finite_values_in_sar_pre;non_finite_values_in_sar_post
TN_CHENNAI_FLOOD_2021_031834,TN_CHENNAI_FLOOD_2021,MULTIMODAL,FAIL,non_finite_values_in_sar_pre;non_finite_values_in_sar_post
TN_CHENNAI_FLOOD_2021_056503,TN_CHENNAI_FLOOD_2021,MULTIMODAL,FAIL,non_finite_values_in_sar_pre;non_finite_values_in_sar_post
TN_CHENNAI_FLOOD_2021_081288,TN_CHENNAI_FLOOD_2021,MULTIMODAL,FAIL,non_finite_values_in_sar_pre;non_finite_values_in_sar_post
TN_CHENNAI_FLOOD_2021_106192,TN_CHENNAI_FLOOD_2021,MULTIMODAL,FAIL,non_finite_values_in_sar_pre;non_finite_values_in_sar_post
TN_CHENNAI_FLOOD_2021_106461,TN_CHENNAI_FLOOD_2021,MULTIMODAL,FAIL,non_finite_values_in_sar_pre;non_finite_values_in_sar_post
TN_CHENNAI_FLOOD_2021_133788,TN_CHENNAI_FLOOD_2021,MULTIMODAL,FAIL,non_finite_values_in_sar_pre;non_finite_values_in_sar_post
TN_CHENNAI_FLOOD_2021_163473,TN_CHENNAI_FLOOD_2021,MULTIMODAL,FAIL,non_finite_values_in_sar_pre;non_finite_values_in_sar_post
TN_CHENNAI_FLOOD_2021_193185,TN_CHENNAI_FLOOD_2021,MULTIMODAL,PASS,none
TN_CHENNAI_FLOOD_2021_014988,TN_CHENNAI_FLOOD_2021,MULTIMODAL,FAIL,non_finite_values_in_sar_pre;non_finite_values_in_sar_post
TN_CHENNAI_FLOOD_2021_014975,TN_CHENNAI_FLOOD_2021,MULTIMODAL,FAIL,non_finite_values_in_sar_pre;non_finite_values_in_sar_post
TN_CHENNAI_FLOOD_2021_036724,TN_CHENNAI_FLOOD_2021,MULTIMODAL,FAIL,non_finite_values_in_sar_pre;non_finite_values_in_sar_post
TN_CHENNAI_FLOOD_2021_061412,TN_CHENNAI_FLOOD_2021,MULTIMODAL,FAIL,non_finite_values_in_sar_pre;non_finite_values_in_sar_post
TN_CHENNAI_FLOOD_2021_086166,TN_CHENNAI_FLOOD_2021,MULTIMODAL,FAIL,non_finite_values_in_sar_pre;non_finite_values_in_sar_post
TN_CHENNAI_FLOOD_2021_111106,TN_CHENNAI_FLOOD_2021,MULTIMODAL,FAIL,non_finite_values_in_sar_pre;non_finite_values_in_sar_post
TN_CHENNAI_FLOOD_2021_111240,TN_CHENNAI_FLOOD_2021,MULTIMODAL,FAIL,non_finite_values_in_sar_pre;non_finite_values_in_sar_post
TN_CHENNAI_FLOOD_2021_138700,TN_CHENNAI_FLOOD_2021,MULTIMODAL,FAIL,non_finite_values_in_sar_pre;non_finite_values_in_sar_post
TN_CHENNAI_FLOOD_2021_168480,TN_CHENNAI_FLOOD_2021,MULTIMODAL,FAIL,non_finite_values_in_sar_pre;non_finite_values_in_sar_post
TN_CHENNAI_FLOOD_2021_198178,TN_CHENNAI_FLOOD_2021,MULTIMODAL,PASS,none
TN_CHENNAI_FLOOD_2021_019900,TN_CHENNAI_FLOOD_2021,MULTIMODAL,FAIL,non_finite_values_in_sar_pre;non_finite_values_in_sar_post
TN_CHENNAI_FLOOD_2021_019936,TN_CHENNAI_FLOOD_2021,MULTIMODAL,FAIL,non_finite_values_in_sar_pre;non_finite_values_in_sar_post
TN_CHENNAI_FLOOD_2021_041761,TN_CHENNAI_FLOOD_2021,MULTIMODAL,FAIL,non_finite_values_in_sar_pre;non_finite_values_in_sar_post
TN_CHENNAI_FLOOD_2021_066397,TN_CHENNAI_FLOOD_2021,MULTIMODAL,FAIL,non_finite_values_in_sar_pre;non_finite_values_in_sar_post
TN_CHENNAI_FLOOD_2021_091144,TN_CHENNAI_FLOOD_2021,MULTIMODAL,FAIL,non_finite_values_in_sar_pre;non_finite_values_in_sar_post
TN_CHENNAI_FLOOD_2021_116036,TN_CHENNAI_FLOOD_2021,MULTIMODAL,FAIL,non_finite_values_in_sar_pre;non_finite_values_in_sar_post
TN_CHENNAI_FLOOD_2021_116075,TN_CHENNAI_FLOOD_2021,MULTIMODAL,FAIL,non_finite_values_in_sar_pre;non_finite_values_in_sar_post
TN_CHENNAI_FLOOD_2021_143641,TN_CHENNAI_FLOOD_2021,MULTIMODAL,FAIL,non_finite_values_in_sar_pre;non_finite_values_in_sar_post
TN_CHENNAI_FLOOD_2021_173338,TN_CHENNAI_FLOOD_2021,MULTIMODAL,FAIL,non_finite_values_in_sar_pre;non_finite_values_in_sar_post
TN_CHENNAI_FLOOD_2021_203018,TN_CHENNAI_FLOOD_2021,MULTIMODAL,PASS,none
TN_CHENNAI_FLOOD_2021_092253,TN_CHENNAI_FLOOD_2021,MULTIMODAL,FAIL,non_finite_values_in_sar_pre;non_finite_values_in_sar_post
TN_CHENNAI_FLOOD_2021_116662,TN_CHENNAI_FLOOD_2021,MULTIMODAL,FAIL,non_finite_values_in_sar_pre;non_finite_values_in_sar_post
TN_CHENNAI_FLOOD_2021_117456,TN_CHENNAI_FLOOD_2021,MULTIMODAL,FAIL,non_finite_values_in_sar_pre;non_finite_values_in_sar_post
TN_CHENNAI_FLOOD_2021_144180,TN_CHENNAI_FLOOD_2021,MULTIMODAL,FAIL,non_finite_values_in_sar_pre;non_finite_values_in_sar_post
TN_CHENNAI_FLOOD_2021_173576,TN_CHENNAI_FLOOD_2021,MULTIMODAL,FAIL,non_finite_values_in_sar_pre;non_finite_values_in_sar_post
TN_CHENNAI_FLOOD_2021_203228,TN_CHENNAI_FLOOD_2021,MULTIMODAL,PASS,none
TN_CHENNAI_FLOOD_2021_122303,TN_CHENNAI_FLOOD_2021,MULTIMODAL,FAIL,non_finite_values_in_sar_pre;non_finite_values_in_sar_post
TN_CHENNAI_FLOOD_2021_150254,TN_CHENNAI_FLOOD_2021,MULTIMODAL,FAIL,non_finite_values_in_sar_pre;non_finite_values_in_sar_post
TN_CHENNAI_FLOOD_2021_206178,TN_CHENNAI_FLOOD_2021,MULTIMODAL,PASS,none
TN_CHENNAI_FLOOD_2021_000018,TN_CHENNAI_FLOOD_2021,MULTIMODAL,FAIL,non_finite_values_in_sar_pre;non_finite_values_in_sar_post
TN_CHENNAI_FLOOD_2021_000092,TN_CHENNAI_FLOOD_2021,MULTIMODAL,FAIL,non_finite_values_in_sar_pre;non_finite_values_in_sar_post
TN_CHENNAI_FLOOD_2021_021847,TN_CHENNAI_FLOOD_2021,MULTIMODAL,FAIL,non_finite_values_in_sar_pre;non_finite_values_in_sar_post
TN_CHENNAI_FLOOD_2021_046571,TN_CHENNAI_FLOOD_2021,MULTIMODAL,FAIL,non_finite_values_in_sar_pre;non_finite_values_in_sar_post
TN_CHENNAI_FLOOD_2021_071307,TN_CHENNAI_FLOOD_2021,MULTIMODAL,FAIL,non_finite_values_in_sar_pre;non_finite_values_in_sar_post
TN_CHENNAI_FLOOD_2021_076099,TN_CHENNAI_FLOOD_2021,MULTIMODAL,FAIL,non_finite_values_in_sar_pre;non_finite_values_in_sar_post
TN_CHENNAI_FLOOD_2021_096277,TN_CHENNAI_FLOOD_2021,MULTIMODAL,FAIL,non_finite_values_in_sar_pre;non_finite_values_in_sar_post
TN_CHENNAI_FLOOD_2021_123826,TN_CHENNAI_FLOOD_2021,MULTIMODAL,FAIL,non_finite_values_in_sar_pre;non_finite_values_in_sar_post
TN_CHENNAI_FLOOD_2021_153549,TN_CHENNAI_FLOOD_2021,MULTIMODAL,FAIL,non_finite_values_in_sar_pre;non_finite_values_in_sar_post
TN_CHENNAI_FLOOD_2021_183208,TN_CHENNAI_FLOOD_2021,MULTIMODAL,PASS,none
TN_CHENNAI_FLOOD_2021_000073,TN_CHENNAI_FLOOD_2021,MULTIMODAL,FAIL,non_finite_values_in_sar_pre;non_finite_values_in_sar_post
TN_CHENNAI_FLOOD_2021_000098,TN_CHENNAI_FLOOD_2021,MULTIMODAL,FAIL,non_finite_values_in_sar_pre;non_finite_values_in_sar_post
TN_CHENNAI_FLOOD_2021_021912,TN_CHENNAI_FLOOD_2021,MULTIMODAL,FAIL,non_finite_values_in_sar_pre;non_finite_values_in_sar_post
TN_CHENNAI_FLOOD_2021_046597,TN_CHENNAI_FLOOD_2021,MULTIMODAL,FAIL,non_finite_values_in_sar_pre;non_finite_values_in_sar_post
TN_CHENNAI_FLOOD_2021_071313,TN_CHENNAI_FLOOD_2021,MULTIMODAL,FAIL,non_finite_values_in_sar_pre;non_finite_values_in_sar_post
TN_CHENNAI_FLOOD_2021_076631,TN_CHENNAI_FLOOD_2021,MULTIMODAL,FAIL,non_finite_values_in_sar_pre;non_finite_values_in_sar_post
TN_CHENNAI_FLOOD_2021_096488,TN_CHENNAI_FLOOD_2021,MULTIMODAL,FAIL,non_finite_values_in_sar_pre;non_finite_values_in_sar_post
TN_CHENNAI_FLOOD_2021_123866,TN_CHENNAI_FLOOD_2021,MULTIMODAL,FAIL,non_finite_values_in_sar_pre;non_finite_values_in_sar_post
TN_CHENNAI_FLOOD_2021_153586,TN_CHENNAI_FLOOD_2021,MULTIMODAL,FAIL,non_finite_values_in_sar_pre;non_finite_values_in_sar_post
TN_CHENNAI_FLOOD_2021_183255,TN_CHENNAI_FLOOD_2021,MULTIMODAL,PASS,none
TN_CHENNAI_FLOOD_2021_005019,TN_CHENNAI_FLOOD_2021,MULTIMODAL,FAIL,non_finite_values_in_sar_pre;non_finite_values_in_sar_post
TN_CHENNAI_FLOOD_2021_005086,TN_CHENNAI_FLOOD_2021,MULTIMODAL,FAIL,non_finite_values_in_sar_pre;non_finite_values_in_sar_post
TN_CHENNAI_FLOOD_2021_026801,TN_CHENNAI_FLOOD_2021,MULTIMODAL,FAIL,non_finite_values_in_sar_pre;non_finite_values_in_sar_post
TN_CHENNAI_FLOOD_2021_051544,TN_CHENNAI_FLOOD_2021,MULTIMODAL,FAIL,non_finite_values_in_sar_pre;non_finite_values_in_sar_post
TN_CHENNAI_FLOOD_2021_076281,TN_CHENNAI_FLOOD_2021,MULTIMODAL,FAIL,non_finite_values_in_sar_pre;non_finite_values_in_sar_post
TN_CHENNAI_FLOOD_2021_101189,TN_CHENNAI_FLOOD_2021,MULTIMODAL,FAIL,non_finite_values_in_sar_pre;non_finite_values_in_sar_post
TN_CHENNAI_FLOOD_2021_101267,TN_CHENNAI_FLOOD_2021,MULTIMODAL,FAIL,non_finite_values_in_sar_pre;non_finite_values_in_sar_post
TN_CHENNAI_FLOOD_2021_128769,TN_CHENNAI_FLOOD_2021,MULTIMODAL,FAIL,non_finite_values_in_sar_pre;non_finite_values_in_sar_post
TN_CHENNAI_FLOOD_2021_158534,TN_CHENNAI_FLOOD_2021,MULTIMODAL,FAIL,non_finite_values_in_sar_pre;non_finite_values_in_sar_post
TN_CHENNAI_FLOOD_2021_188140,TN_CHENNAI_FLOOD_2021,MULTIMODAL,PASS,none
TN_CHENNAI_FLOOD_2021_009966,TN_CHENNAI_FLOOD_2021,MULTIMODAL,FAIL,non_finite_values_in_sar_pre;non_finite_values_in_sar_post
TN_CHENNAI_FLOOD_2021_010035,TN_CHENNAI_FLOOD_2021,MULTIMODAL,FAIL,non_finite_values_in_sar_pre;non_finite_values_in_sar_post
TN_CHENNAI_FLOOD_2021_031749,TN_CHENNAI_FLOOD_2021,MULTIMODAL,FAIL,non_finite_values_in_sar_pre;non_finite_values_in_sar_post
TN_CHENNAI_FLOOD_2021_056461,TN_CHENNAI_FLOOD_2021,MULTIMODAL,FAIL,non_finite_values_in_sar_pre;non_finite_values_in_sar_post
TN_CHENNAI_FLOOD_2021_081221,TN_CHENNAI_FLOOD_2021,MULTIMODAL,FAIL,non_finite_values_in_sar_pre;non_finite_values_in_sar_post
TN_CHENNAI_FLOOD_2021_106157,TN_CHENNAI_FLOOD_2021,MULTIMODAL,FAIL,non_finite_values_in_sar_pre;non_finite_values_in_sar_post
TN_CHENNAI_FLOOD_2021_106238,TN_CHENNAI_FLOOD_2021,MULTIMODAL,FAIL,non_finite_values_in_sar_pre;non_finite_values_in_sar_post
TN_CHENNAI_FLOOD_2021_133729,TN_CHENNAI_FLOOD_2021,MULTIMODAL,FAIL,non_finite_values_in_sar_pre;non_finite_values_in_sar_post
TN_CHENNAI_FLOOD_2021_163456,TN_CHENNAI_FLOOD_2021,MULTIMODAL,FAIL,non_finite_values_in_sar_pre;non_finite_values_in_sar_post
TN_CHENNAI_FLOOD_2021_193148,TN_CHENNAI_FLOOD_2021,MULTIMODAL,PASS,none
TN_CHENNAI_FLOOD_2021_010031,TN_CHENNAI_FLOOD_2021,MULTIMODAL,FAIL,non_finite_values_in_sar_pre;non_finite_values_in_sar_post
TN_CHENNAI_FLOOD_2021_010272,TN_CHENNAI_FLOOD_2021,MULTIMODAL,FAIL,non_finite_values_in_sar_pre;non_finite_values_in_sar_post
TN_CHENNAI_FLOOD_2021_031855,TN_CHENNAI_FLOOD_2021,MULTIMODAL,FAIL,non_finite_values_in_sar_pre;non_finite_values_in_sar_post
TN_CHENNAI_FLOOD_2021_056509,TN_CHENNAI_FLOOD_2021,MULTIMODAL,FAIL,non_finite_values_in_sar_pre;non_finite_values_in_sar_post
TN_CHENNAI_FLOOD_2021_081298,TN_CHENNAI_FLOOD_2021,MULTIMODAL,FAIL,non_finite_values_in_sar_pre;non_finite_values_in_sar_post
TN_CHENNAI_FLOOD_2021_106196,TN_CHENNAI_FLOOD_2021,MULTIMODAL,FAIL,non_finite_values_in_sar_pre;non_finite_values_in_sar_post
TN_CHENNAI_FLOOD_2021_106471,TN_CHENNAI_FLOOD_2021,MULTIMODAL,FAIL,non_finite_values_in_sar_pre;non_finite_values_in_sar_post
TN_CHENNAI_FLOOD_2021_133795,TN_CHENNAI_FLOOD_2021,MULTIMODAL,FAIL,non_finite_values_in_sar_pre;non_finite_values_in_sar_post
TN_CHENNAI_FLOOD_2021_163479,TN_CHENNAI_FLOOD_2021,MULTIMODAL,FAIL,non_finite_values_in_sar_pre;non_finite_values_in_sar_post
TN_CHENNAI_FLOOD_2021_193198,TN_CHENNAI_FLOOD_2021,MULTIMODAL,PASS,none
TN_CHENNAI_FLOOD_2021_014992,TN_CHENNAI_FLOOD_2021,MULTIMODAL,FAIL,non_finite_values_in_sar_pre;non_finite_values_in_sar_post
TN_CHENNAI_FLOOD_2021_014978,TN_CHENNAI_FLOOD_2021,MULTIMODAL,FAIL,non_finite_values_in_sar_pre;non_finite_values_in_sar_post
TN_CHENNAI_FLOOD_2021_036727,TN_CHENNAI_FLOOD_2021,MULTIMODAL,FAIL,non_finite_values_in_sar_pre;non_finite_values_in_sar_post
TN_CHENNAI_FLOOD_2021_061415,TN_CHENNAI_FLOOD_2021,MULTIMODAL,FAIL,non_finite_values_in_sar_pre;non_finite_values_in_sar_post
TN_CHENNAI_FLOOD_2021_086167,TN_CHENNAI_FLOOD_2021,MULTIMODAL,FAIL,non_finite_values_in_sar_pre;non_finite_values_in_sar_post
TN_CHENNAI_FLOOD_2021_111108,TN_CHENNAI_FLOOD_2021,MULTIMODAL,FAIL,non_finite_values_in_sar_pre;non_finite_values_in_sar_post
TN_CHENNAI_FLOOD_2021_111252,TN_CHENNAI_FLOOD_2021,MULTIMODAL,FAIL,non_finite_values_in_sar_pre;non_finite_values_in_sar_post
TN_CHENNAI_FLOOD_2021_138705,TN_CHENNAI_FLOOD_2021,MULTIMODAL,FAIL,non_finite_values_in_sar_pre;non_finite_values_in_sar_post
TN_CHENNAI_FLOOD_2021_168489,TN_CHENNAI_FLOOD_2021,MULTIMODAL,FAIL,non_finite_values_in_sar_pre;non_finite_values_in_sar_post
TN_CHENNAI_FLOOD_2021_198190,TN_CHENNAI_FLOOD_2021,MULTIMODAL,PASS,none
TN_CHENNAI_FLOOD_2021_019901,TN_CHENNAI_FLOOD_2021,MULTIMODAL,FAIL,non_finite_values_in_sar_pre;non_finite_values_in_sar_post
TN_CHENNAI_FLOOD_2021_019947,TN_CHENNAI_FLOOD_2021,MULTIMODAL,FAIL,non_finite_values_in_sar_pre;non_finite_values_in_sar_post
TN_CHENNAI_FLOOD_2021_041765,TN_CHENNAI_FLOOD_2021,MULTIMODAL,FAIL,non_finite_values_in_sar_pre;non_finite_values_in_sar_post
TN_CHENNAI_FLOOD_2021_066398,TN_CHENNAI_FLOOD_2021,MULTIMODAL,FAIL,non_finite_values_in_sar_pre;non_finite_values_in_sar_post
TN_CHENNAI_FLOOD_2021_091146,TN_CHENNAI_FLOOD_2021,MULTIMODAL,FAIL,non_finite_values_in_sar_pre;non_finite_values_in_sar_post
TN_CHENNAI_FLOOD_2021_116037,TN_CHENNAI_FLOOD_2021,MULTIMODAL,FAIL,non_finite_values_in_sar_pre;non_finite_values_in_sar_post
TN_CHENNAI_FLOOD_2021_116080,TN_CHENNAI_FLOOD_2021,MULTIMODAL,FAIL,non_finite_values_in_sar_pre;non_finite_values_in_sar_post
TN_CHENNAI_FLOOD_2021_143645,TN_CHENNAI_FLOOD_2021,MULTIMODAL,FAIL,non_finite_values_in_sar_pre;non_finite_values_in_sar_post
TN_CHENNAI_FLOOD_2021_173341,TN_CHENNAI_FLOOD_2021,MULTIMODAL,FAIL,non_finite_values_in_sar_pre;non_finite_values_in_sar_post
TN_CHENNAI_FLOOD_2021_203019,TN_CHENNAI_FLOOD_2021,MULTIMODAL,PASS,none
TN_CHENNAI_FLOOD_2021_092436,TN_CHENNAI_FLOOD_2021,MULTIMODAL,FAIL,non_finite_values_in_sar_pre;non_finite_values_in_sar_post
TN_CHENNAI_FLOOD_2021_116684,TN_CHENNAI_FLOOD_2021,MULTIMODAL,FAIL,non_finite_values_in_sar_pre;non_finite_values_in_sar_post
TN_CHENNAI_FLOOD_2021_117563,TN_CHENNAI_FLOOD_2021,MULTIMODAL,FAIL,non_finite_values_in_sar_pre;non_finite_values_in_sar_post
TN_CHENNAI_FLOOD_2021_144277,TN_CHENNAI_FLOOD_2021,MULTIMODAL,FAIL,non_finite_values_in_sar_pre;non_finite_values_in_sar_post
TN_CHENNAI_FLOOD_2021_173589,TN_CHENNAI_FLOOD_2021,MULTIMODAL,FAIL,non_finite_values_in_sar_pre;non_finite_values_in_sar_post
TN_CHENNAI_FLOOD_2021_203249,TN_CHENNAI_FLOOD_2021,MULTIMODAL,PASS,none
TN_CHENNAI_FLOOD_2021_122391,TN_CHENNAI_FLOOD_2021,MULTIMODAL,FAIL,non_finite_values_in_sar_pre;non_finite_values_in_sar_post
TN_CHENNAI_FLOOD_2021_150476,TN_CHENNAI_FLOOD_2021,MULTIMODAL,FAIL,non_finite_values_in_sar_pre;non_finite_values_in_sar_post
TN_CHENNAI_FLOOD_2021_206189,TN_CHENNAI_FLOOD_2021,MULTIMODAL,PASS,none
TN_CHENNAI_FLOOD_2021_000020,TN_CHENNAI_FLOOD_2021,MULTIMODAL,FAIL,non_finite_values_in_sar_pre;non_finite_values_in_sar_post
TN_CHENNAI_FLOOD_2021_000111,TN_CHENNAI_FLOOD_2021,MULTIMODAL,FAIL,non_finite_values_in_sar_pre;non_finite_values_in_sar_post
TN_CHENNAI_FLOOD_2021_021855,TN_CHENNAI_FLOOD_2021,MULTIMODAL,FAIL,non_finite_values_in_sar_pre;non_finite_values_in_sar_post
TN_CHENNAI_FLOOD_2021_046573,TN_CHENNAI_FLOOD_2021,MULTIMODAL,FAIL,non_finite_values_in_sar_pre;non_finite_values_in_sar_post
TN_CHENNAI_FLOOD_2021_071308,TN_CHENNAI_FLOOD_2021,MULTIMODAL,FAIL,non_finite_values_in_sar_pre;non_finite_values_in_sar_post
TN_CHENNAI_FLOOD_2021_096224,TN_CHENNAI_FLOOD_2021,MULTIMODAL,FAIL,non_finite_values_in_sar_pre;non_finite_values_in_sar_post
TN_CHENNAI_FLOOD_2021_096279,TN_CHENNAI_FLOOD_2021,MULTIMODAL,FAIL,non_finite_values_in_sar_pre;non_finite_values_in_sar_post
TN_CHENNAI_FLOOD_2021_123828,TN_CHENNAI_FLOOD_2021,MULTIMODAL,FAIL,non_finite_values_in_sar_pre;non_finite_values_in_sar_post
TN_CHENNAI_FLOOD_2021_153550,TN_CHENNAI_FLOOD_2021,MULTIMODAL,FAIL,non_finite_values_in_sar_pre;non_finite_values_in_sar_post
TN_CHENNAI_FLOOD_2021_183209,TN_CHENNAI_FLOOD_2021,MULTIMODAL,FAIL,non_finite_values_in_sar_pre;non_finite_values_in_sar_post
TN_CHENNAI_FLOOD_2021_000074,TN_CHENNAI_FLOOD_2021,MULTIMODAL,FAIL,non_finite_values_in_sar_pre;non_finite_values_in_sar_post
TN_CHENNAI_FLOOD_2021_000102,TN_CHENNAI_FLOOD_2021,MULTIMODAL,FAIL,non_finite_values_in_sar_pre;non_finite_values_in_sar_post
TN_CHENNAI_FLOOD_2021_021917,TN_CHENNAI_FLOOD_2021,MULTIMODAL,FAIL,non_finite_values_in_sar_pre;non_finite_values_in_sar_post
TN_CHENNAI_FLOOD_2021_046601,TN_CHENNAI_FLOOD_2021,MULTIMODAL,FAIL,non_finite_values_in_sar_pre;non_finite_values_in_sar_post
TN_CHENNAI_FLOOD_2021_071322,TN_CHENNAI_FLOOD_2021,MULTIMODAL,FAIL,non_finite_values_in_sar_pre;non_finite_values_in_sar_post
TN_CHENNAI_FLOOD_2021_077012,TN_CHENNAI_FLOOD_2021,MULTIMODAL,FAIL,non_finite_values_in_sar_pre;non_finite_values_in_sar_post
TN_CHENNAI_FLOOD_2021_096514,TN_CHENNAI_FLOOD_2021,MULTIMODAL,FAIL,non_finite_values_in_sar_pre;non_finite_values_in_sar_post
TN_CHENNAI_FLOOD_2021_123868,TN_CHENNAI_FLOOD_2021,MULTIMODAL,FAIL,non_finite_values_in_sar_pre;non_finite_values_in_sar_post
TN_CHENNAI_FLOOD_2021_153591,TN_CHENNAI_FLOOD_2021,MULTIMODAL,FAIL,non_finite_values_in_sar_pre;non_finite_values_in_sar_post
TN_CHENNAI_FLOOD_2021_183258,TN_CHENNAI_FLOOD_2021,MULTIMODAL,PASS,none
TN_CHENNAI_FLOOD_2021_005021,TN_CHENNAI_FLOOD_2021,MULTIMODAL,FAIL,non_finite_values_in_sar_pre;non_finite_values_in_sar_post
TN_CHENNAI_FLOOD_2021_005101,TN_CHENNAI_FLOOD_2021,MULTIMODAL,FAIL,non_finite_values_in_sar_pre;non_finite_values_in_sar_post
TN_CHENNAI_FLOOD_2021_026803,TN_CHENNAI_FLOOD_2021,MULTIMODAL,FAIL,non_finite_values_in_sar_pre;non_finite_values_in_sar_post
TN_CHENNAI_FLOOD_2021_051545,TN_CHENNAI_FLOOD_2021,MULTIMODAL,FAIL,non_finite_values_in_sar_pre;non_finite_values_in_sar_post
TN_CHENNAI_FLOOD_2021_076282,TN_CHENNAI_FLOOD_2021,MULTIMODAL,FAIL,non_finite_values_in_sar_pre;non_finite_values_in_sar_post
TN_CHENNAI_FLOOD_2021_101190,TN_CHENNAI_FLOOD_2021,MULTIMODAL,FAIL,non_finite_values_in_sar_pre;non_finite_values_in_sar_post
TN_CHENNAI_FLOOD_2021_101269,TN_CHENNAI_FLOOD_2021,MULTIMODAL,FAIL,non_finite_values_in_sar_pre;non_finite_values_in_sar_post
TN_CHENNAI_FLOOD_2021_128771,TN_CHENNAI_FLOOD_2021,MULTIMODAL,FAIL,non_finite_values_in_sar_pre;non_finite_values_in_sar_post
TN_CHENNAI_FLOOD_2021_158535,TN_CHENNAI_FLOOD_2021,MULTIMODAL,FAIL,non_finite_values_in_sar_pre;non_finite_values_in_sar_post
TN_CHENNAI_FLOOD_2021_188141,TN_CHENNAI_FLOOD_2021,MULTIMODAL,PASS,none
TN_CHENNAI_FLOOD_2021_009967,TN_CHENNAI_FLOOD_2021,MULTIMODAL,FAIL,non_finite_values_in_sar_pre;non_finite_values_in_sar_post
TN_CHENNAI_FLOOD_2021_010048,TN_CHENNAI_FLOOD_2021,MULTIMODAL,FAIL,non_finite_values_in_sar_pre;non_finite_values_in_sar_post
TN_CHENNAI_FLOOD_2021_031750,TN_CHENNAI_FLOOD_2021,MULTIMODAL,FAIL,non_finite_values_in_sar_pre;non_finite_values_in_sar_post
TN_CHENNAI_FLOOD_2021_056463,TN_CHENNAI_FLOOD_2021,MULTIMODAL,FAIL,non_finite_values_in_sar_pre;non_finite_values_in_sar_post
TN_CHENNAI_FLOOD_2021_081222,TN_CHENNAI_FLOOD_2021,MULTIMODAL,FAIL,non_finite_values_in_sar_pre;non_finite_values_in_sar_post
TN_CHENNAI_FLOOD_2021_106161,TN_CHENNAI_FLOOD_2021,MULTIMODAL,FAIL,non_finite_values_in_sar_pre;non_finite_values_in_sar_post
TN_CHENNAI_FLOOD_2021_106249,TN_CHENNAI_FLOOD_2021,MULTIMODAL,FAIL,non_finite_values_in_sar_pre;non_finite_values_in_sar_post
TN_CHENNAI_FLOOD_2021_133733,TN_CHENNAI_FLOOD_2021,MULTIMODAL,FAIL,non_finite_values_in_sar_pre;non_finite_values_in_sar_post
TN_CHENNAI_FLOOD_2021_163459,TN_CHENNAI_FLOOD_2021,MULTIMODAL,FAIL,non_finite_values_in_sar_pre;non_finite_values_in_sar_post
TN_CHENNAI_FLOOD_2021_193149,TN_CHENNAI_FLOOD_2021,MULTIMODAL,PASS,none
TN_CHENNAI_FLOOD_2021_010050,TN_CHENNAI_FLOOD_2021,MULTIMODAL,FAIL,non_finite_values_in_sar_pre;non_finite_values_in_sar_post
TN_CHENNAI_FLOOD_2021_010340,TN_CHENNAI_FLOOD_2021,MULTIMODAL,FAIL,non_finite_values_in_sar_pre;non_finite_values_in_sar_post
TN_CHENNAI_FLOOD_2021_031860,TN_CHENNAI_FLOOD_2021,MULTIMODAL,FAIL,non_finite_values_in_sar_pre;non_finite_values_in_sar_post
TN_CHENNAI_FLOOD_2021_056515,TN_CHENNAI_FLOOD_2021,MULTIMODAL,FAIL,non_finite_values_in_sar_pre;non_finite_values_in_sar_post
TN_CHENNAI_FLOOD_2021_081317,TN_CHENNAI_FLOOD_2021,MULTIMODAL,FAIL,non_finite_values_in_sar_pre;non_finite_values_in_sar_post
TN_CHENNAI_FLOOD_2021_106197,TN_CHENNAI_FLOOD_2021,MULTIMODAL,FAIL,non_finite_values_in_sar_pre;non_finite_values_in_sar_post
TN_CHENNAI_FLOOD_2021_106472,TN_CHENNAI_FLOOD_2021,MULTIMODAL,FAIL,non_finite_values_in_sar_pre;non_finite_values_in_sar_post
TN_CHENNAI_FLOOD_2021_133807,TN_CHENNAI_FLOOD_2021,MULTIMODAL,FAIL,non_finite_values_in_sar_pre;non_finite_values_in_sar_post
TN_CHENNAI_FLOOD_2021_163481,TN_CHENNAI_FLOOD_2021,MULTIMODAL,FAIL,non_finite_values_in_sar_pre;non_finite_values_in_sar_post
TN_CHENNAI_FLOOD_2021_193211,TN_CHENNAI_FLOOD_2021,MULTIMODAL,PASS,none
TN_CHENNAI_FLOOD_2021_015012,TN_CHENNAI_FLOOD_2021,MULTIMODAL,FAIL,non_finite_values_in_sar_pre;non_finite_values_in_sar_post
TN_CHENNAI_FLOOD_2021_014979,TN_CHENNAI_FLOOD_2021,MULTIMODAL,FAIL,non_finite_values_in_sar_pre;non_finite_values_in_sar_post
TN_CHENNAI_FLOOD_2021_036732,TN_CHENNAI_FLOOD_2021,MULTIMODAL,FAIL,non_finite_values_in_sar_pre;non_finite_values_in_sar_post
TN_CHENNAI_FLOOD_2021_061418,TN_CHENNAI_FLOOD_2021,MULTIMODAL,FAIL,non_finite_values_in_sar_pre;non_finite_values_in_sar_post
TN_CHENNAI_FLOOD_2021_086168,TN_CHENNAI_FLOOD_2021,MULTIMODAL,FAIL,non_finite_values_in_sar_pre;non_finite_values_in_sar_post
TN_CHENNAI_FLOOD_2021_111109,TN_CHENNAI_FLOOD_2021,MULTIMODAL,FAIL,non_finite_values_in_sar_pre;non_finite_values_in_sar_post
TN_CHENNAI_FLOOD_2021_111263,TN_CHENNAI_FLOOD_2021,MULTIMODAL,FAIL,non_finite_values_in_sar_pre;non_finite_values_in_sar_post
TN_CHENNAI_FLOOD_2021_138710,TN_CHENNAI_FLOOD_2021,MULTIMODAL,FAIL,non_finite_values_in_sar_pre;non_finite_values_in_sar_post
TN_CHENNAI_FLOOD_2021_168503,TN_CHENNAI_FLOOD_2021,MULTIMODAL,FAIL,non_finite_values_in_sar_pre;non_finite_values_in_sar_post
TN_CHENNAI_FLOOD_2021_198191,TN_CHENNAI_FLOOD_2021,MULTIMODAL,PASS,none
TN_CHENNAI_FLOOD_2021_019904,TN_CHENNAI_FLOOD_2021,MULTIMODAL,FAIL,non_finite_values_in_sar_pre;non_finite_values_in_sar_post
TN_CHENNAI_FLOOD_2021_019951,TN_CHENNAI_FLOOD_2021,MULTIMODAL,FAIL,non_finite_values_in_sar_pre;non_finite_values_in_sar_post
TN_CHENNAI_FLOOD_2021_041766,TN_CHENNAI_FLOOD_2021,MULTIMODAL,FAIL,non_finite_values_in_sar_pre;non_finite_values_in_sar_post
TN_CHENNAI_FLOOD_2021_066403,TN_CHENNAI_FLOOD_2021,MULTIMODAL,FAIL,non_finite_values_in_sar_pre;non_finite_values_in_sar_post
TN_CHENNAI_FLOOD_2021_091150,TN_CHENNAI_FLOOD_2021,MULTIMODAL,FAIL,non_finite_values_in_sar_pre;non_finite_values_in_sar_post
TN_CHENNAI_FLOOD_2021_116040,TN_CHENNAI_FLOOD_2021,MULTIMODAL,FAIL,non_finite_values_in_sar_pre;non_finite_values_in_sar_post
TN_CHENNAI_FLOOD_2021_116093,TN_CHENNAI_FLOOD_2021,MULTIMODAL,FAIL,non_finite_values_in_sar_pre;non_finite_values_in_sar_post
TN_CHENNAI_FLOOD_2021_143647,TN_CHENNAI_FLOOD_2021,MULTIMODAL,FAIL,non_finite_values_in_sar_pre;non_finite_values_in_sar_post
TN_CHENNAI_FLOOD_2021_173342,TN_CHENNAI_FLOOD_2021,MULTIMODAL,FAIL,non_finite_values_in_sar_pre;non_finite_values_in_sar_post
TN_CHENNAI_FLOOD_2021_203020,TN_CHENNAI_FLOOD_2021,MULTIMODAL,PASS,none
TN_CHENNAI_FLOOD_2021_092535,TN_CHENNAI_FLOOD_2021,MULTIMODAL,FAIL,non_finite_values_in_sar_pre;non_finite_values_in_sar_post
TN_CHENNAI_FLOOD_2021_116806,TN_CHENNAI_FLOOD_2021,MULTIMODAL,FAIL,non_finite_values_in_sar_pre;non_finite_values_in_sar_post
TN_CHENNAI_FLOOD_2021_117908,TN_CHENNAI_FLOOD_2021,MULTIMODAL,FAIL,non_finite_values_in_sar_pre;non_finite_values_in_sar_post
TN_CHENNAI_FLOOD_2021_144303,TN_CHENNAI_FLOOD_2021,MULTIMODAL,FAIL,non_finite_values_in_sar_pre;non_finite_values_in_sar_post
TN_CHENNAI_FLOOD_2021_173618,TN_CHENNAI_FLOOD_2021,MULTIMODAL,FAIL,non_finite_values_in_sar_pre;non_finite_values_in_sar_post
TN_CHENNAI_FLOOD_2021_203252,TN_CHENNAI_FLOOD_2021,MULTIMODAL,PASS,none
TN_CHENNAI_FLOOD_2021_122455,TN_CHENNAI_FLOOD_2021,MULTIMODAL,FAIL,non_finite_values_in_sar_pre;non_finite_values_in_sar_post
TN_CHENNAI_FLOOD_2021_153522,TN_CHENNAI_FLOOD_2021,MULTIMODAL,FAIL,non_finite_values_in_sar_pre;non_finite_values_in_sar_post
TN_CHENNAI_FLOOD_2021_206202,TN_CHENNAI_FLOOD_2021,MULTIMODAL,PASS,none
TN_CHENNAI_FLOOD_2021_000021,TN_CHENNAI_FLOOD_2021,MULTIMODAL,FAIL,non_finite_values_in_sar_pre;non_finite_values_in_sar_post
TN_CHENNAI_FLOOD_2021_000121,TN_CHENNAI_FLOOD_2021,MULTIMODAL,FAIL,non_finite_values_in_sar_pre;non_finite_values_in_sar_post
TN_CHENNAI_FLOOD_2021_021856,TN_CHENNAI_FLOOD_2021,MULTIMODAL,FAIL,non_finite_values_in_sar_pre;non_finite_values_in_sar_post
TN_CHENNAI_FLOOD_2021_046574,TN_CHENNAI_FLOOD_2021,MULTIMODAL,FAIL,non_finite_values_in_sar_pre;non_finite_values_in_sar_post
TN_CHENNAI_FLOOD_2021_071309,TN_CHENNAI_FLOOD_2021,MULTIMODAL,FAIL,non_finite_values_in_sar_pre;non_finite_values_in_sar_post
TN_CHENNAI_FLOOD_2021_096225,TN_CHENNAI_FLOOD_2021,MULTIMODAL,FAIL,non_finite_values_in_sar_pre;non_finite_values_in_sar_post
TN_CHENNAI_FLOOD_2021_096286,TN_CHENNAI_FLOOD_2021,MULTIMODAL,FAIL,non_finite_values_in_sar_pre;non_finite_values_in_sar_post
TN_CHENNAI_FLOOD_2021_123831,TN_CHENNAI_FLOOD_2021,MULTIMODAL,FAIL,non_finite_values_in_sar_pre;non_finite_values_in_sar_post
TN_CHENNAI_FLOOD_2021_153551,TN_CHENNAI_FLOOD_2021,MULTIMODAL,FAIL,non_finite_values_in_sar_pre;non_finite_values_in_sar_post
TN_CHENNAI_FLOOD_2021_183210,TN_CHENNAI_FLOOD_2021,MULTIMODAL,PASS,none
TN_CHENNAI_FLOOD_2021_000085,TN_CHENNAI_FLOOD_2021,MULTIMODAL,FAIL,non_finite_values_in_sar_pre;non_finite_values_in_sar_post
TN_CHENNAI_FLOOD_2021_000114,TN_CHENNAI_FLOOD_2021,MULTIMODAL,FAIL,non_finite_values_in_sar_pre;non_finite_values_in_sar_post
TN_CHENNAI_FLOOD_2021_021926,TN_CHENNAI_FLOOD_2021,MULTIMODAL,FAIL,non_finite_values_in_sar_pre;non_finite_values_in_sar_post
TN_CHENNAI_FLOOD_2021_046603,TN_CHENNAI_FLOOD_2021,MULTIMODAL,FAIL,non_finite_values_in_sar_pre;non_finite_values_in_sar_post
TN_CHENNAI_FLOOD_2021_071324,TN_CHENNAI_FLOOD_2021,MULTIMODAL,FAIL,non_finite_values_in_sar_pre;non_finite_values_in_sar_post
TN_CHENNAI_FLOOD_2021_077377,TN_CHENNAI_FLOOD_2021,MULTIMODAL,FAIL,non_finite_values_in_sar_pre;non_finite_values_in_sar_post
TN_CHENNAI_FLOOD_2021_096531,TN_CHENNAI_FLOOD_2021,MULTIMODAL,FAIL,non_finite_values_in_sar_pre;non_finite_values_in_sar_post
TN_CHENNAI_FLOOD_2021_123872,TN_CHENNAI_FLOOD_2021,MULTIMODAL,FAIL,non_finite_values_in_sar_pre;non_finite_values_in_sar_post
TN_CHENNAI_FLOOD_2021_153594,TN_CHENNAI_FLOOD_2021,MULTIMODAL,FAIL,non_finite_values_in_sar_pre;non_finite_values_in_sar_post
TN_CHENNAI_FLOOD_2021_183267,TN_CHENNAI_FLOOD_2021,MULTIMODAL,PASS,none
TN_CHENNAI_FLOOD_2021_005022,TN_CHENNAI_FLOOD_2021,MULTIMODAL,FAIL,non_finite_values_in_sar_pre;non_finite_values_in_sar_post
TN_CHENNAI_FLOOD_2021_005106,TN_CHENNAI_FLOOD_2021,MULTIMODAL,FAIL,non_finite_values_in_sar_pre;non_finite_values_in_sar_post
TN_CHENNAI_FLOOD_2021_026810,TN_CHENNAI_FLOOD_2021,MULTIMODAL,FAIL,non_finite_values_in_sar_pre;non_finite_values_in_sar_post
TN_CHENNAI_FLOOD_2021_051549,TN_CHENNAI_FLOOD_2021,MULTIMODAL,FAIL,non_finite_values_in_sar_pre;non_finite_values_in_sar_post
TN_CHENNAI_FLOOD_2021_076287,TN_CHENNAI_FLOOD_2021,MULTIMODAL,FAIL,non_finite_values_in_sar_pre;non_finite_values_in_sar_post
TN_CHENNAI_FLOOD_2021_101191,TN_CHENNAI_FLOOD_2021,MULTIMODAL,FAIL,non_finite_values_in_sar_pre;non_finite_values_in_sar_post
TN_CHENNAI_FLOOD_2021_101272,TN_CHENNAI_FLOOD_2021,MULTIMODAL,FAIL,non_finite_values_in_sar_pre;non_finite_values_in_sar_post
TN_CHENNAI_FLOOD_2021_128772,TN_CHENNAI_FLOOD_2021,MULTIMODAL,FAIL,non_finite_values_in_sar_pre;non_finite_values_in_sar_post
TN_CHENNAI_FLOOD_2021_158538,TN_CHENNAI_FLOOD_2021,MULTIMODAL,FAIL,non_finite_values_in_sar_pre;non_finite_values_in_sar_post
TN_CHENNAI_FLOOD_2021_188143,TN_CHENNAI_FLOOD_2021,MULTIMODAL,FAIL,non_finite_values_in_sar_pre;non_finite_values_in_sar_post
TN_CHENNAI_FLOOD_2021_009968,TN_CHENNAI_FLOOD_2021,MULTIMODAL,FAIL,non_finite_values_in_sar_pre;non_finite_values_in_sar_post
TN_CHENNAI_FLOOD_2021_010064,TN_CHENNAI_FLOOD_2021,MULTIMODAL,FAIL,non_finite_values_in_sar_pre;non_finite_values_in_sar_post
TN_CHENNAI_FLOOD_2021_031751,TN_CHENNAI_FLOOD_2021,MULTIMODAL,FAIL,non_finite_values_in_sar_pre;non_finite_values_in_sar_post
TN_CHENNAI_FLOOD_2021_056466,TN_CHENNAI_FLOOD_2021,MULTIMODAL,FAIL,non_finite_values_in_sar_pre;non_finite_values_in_sar_post
TN_CHENNAI_FLOOD_2021_081223,TN_CHENNAI_FLOOD_2021,MULTIMODAL,FAIL,non_finite_values_in_sar_pre;non_finite_values_in_sar_post
TN_CHENNAI_FLOOD_2021_106162,TN_CHENNAI_FLOOD_2021,MULTIMODAL,FAIL,non_finite_values_in_sar_pre;non_finite_values_in_sar_post
TN_CHENNAI_FLOOD_2021_106252,TN_CHENNAI_FLOOD_2021,MULTIMODAL,FAIL,non_finite_values_in_sar_pre;non_finite_values_in_sar_post
TN_CHENNAI_FLOOD_2021_133734,TN_CHENNAI_FLOOD_2021,MULTIMODAL,FAIL,non_finite_values_in_sar_pre;non_finite_values_in_sar_post
TN_CHENNAI_FLOOD_2021_163462,TN_CHENNAI_FLOOD_2021,MULTIMODAL,FAIL,non_finite_values_in_sar_pre;non_finite_values_in_sar_post
TN_CHENNAI_FLOOD_2021_193151,TN_CHENNAI_FLOOD_2021,MULTIMODAL,PASS,none
TN_CHENNAI_FLOOD_2021_010053,TN_CHENNAI_FLOOD_2021,MULTIMODAL,FAIL,non_finite_values_in_sar_pre;non_finite_values_in_sar_post
TN_CHENNAI_FLOOD_2021_010349,TN_CHENNAI_FLOOD_2021,MULTIMODAL,FAIL,non_finite_values_in_sar_pre;non_finite_values_in_sar_post
TN_CHENNAI_FLOOD_2021_031864,TN_CHENNAI_FLOOD_2021,MULTIMODAL,FAIL,non_finite_values_in_sar_pre;non_finite_values_in_sar_post
TN_CHENNAI_FLOOD_2021_056517,TN_CHENNAI_FLOOD_2021,MULTIMODAL,FAIL,non_finite_values_in_sar_pre;non_finite_values_in_sar_post
TN_CHENNAI_FLOOD_2021_081336,TN_CHENNAI_FLOOD_2021,MULTIMODAL,FAIL,non_finite_values_in_sar_pre;non_finite_values_in_sar_post
TN_CHENNAI_FLOOD_2021_106198,TN_CHENNAI_FLOOD_2021,MULTIMODAL,FAIL,non_finite_values_in_sar_pre;non_finite_values_in_sar_post
TN_CHENNAI_FLOOD_2021_106477,TN_CHENNAI_FLOOD_2021,MULTIMODAL,FAIL,non_finite_values_in_sar_pre;non_finite_values_in_sar_post
TN_CHENNAI_FLOOD_2021_133820,TN_CHENNAI_FLOOD_2021,MULTIMODAL,FAIL,non_finite_values_in_sar_pre;non_finite_values_in_sar_post
TN_CHENNAI_FLOOD_2021_163484,TN_CHENNAI_FLOOD_2021,MULTIMODAL,FAIL,non_finite_values_in_sar_pre;non_finite_values_in_sar_post
TN_CHENNAI_FLOOD_2021_193214,TN_CHENNAI_FLOOD_2021,MULTIMODAL,PASS,none
TN_CHENNAI_FLOOD_2021_015035,TN_CHENNAI_FLOOD_2021,MULTIMODAL,FAIL,non_finite_values_in_sar_pre;non_finite_values_in_sar_post
TN_CHENNAI_FLOOD_2021_014984,TN_CHENNAI_FLOOD_2021,MULTIMODAL,FAIL,non_finite_values_in_sar_pre;non_finite_values_in_sar_post
TN_CHENNAI_FLOOD_2021_036736,TN_CHENNAI_FLOOD_2021,MULTIMODAL,FAIL,non_finite_values_in_sar_pre;non_finite_values_in_sar_post
TN_CHENNAI_FLOOD_2021_061423,TN_CHENNAI_FLOOD_2021,MULTIMODAL,FAIL,non_finite_values_in_sar_pre;non_finite_values_in_sar_post
TN_CHENNAI_FLOOD_2021_086177,TN_CHENNAI_FLOOD_2021,MULTIMODAL,FAIL,non_finite_values_in_sar_pre;non_finite_values_in_sar_post
TN_CHENNAI_FLOOD_2021_111110,TN_CHENNAI_FLOOD_2021,MULTIMODAL,FAIL,non_finite_values_in_sar_pre;non_finite_values_in_sar_post
TN_CHENNAI_FLOOD_2021_111264,TN_CHENNAI_FLOOD_2021,MULTIMODAL,FAIL,non_finite_values_in_sar_pre;non_finite_values_in_sar_post
TN_CHENNAI_FLOOD_2021_138714,TN_CHENNAI_FLOOD_2021,MULTIMODAL,FAIL,non_finite_values_in_sar_pre;non_finite_values_in_sar_post
TN_CHENNAI_FLOOD_2021_168511,TN_CHENNAI_FLOOD_2021,MULTIMODAL,FAIL,non_finite_values_in_sar_pre;non_finite_values_in_sar_post
TN_CHENNAI_FLOOD_2021_198258,TN_CHENNAI_FLOOD_2021,MULTIMODAL,PASS,none
TN_CHENNAI_FLOOD_2021_019905,TN_CHENNAI_FLOOD_2021,MULTIMODAL,FAIL,non_finite_values_in_sar_pre;non_finite_values_in_sar_post
TN_CHENNAI_FLOOD_2021_019956,TN_CHENNAI_FLOOD_2021,MULTIMODAL,FAIL,non_finite_values_in_sar_pre;non_finite_values_in_sar_post
TN_CHENNAI_FLOOD_2021_041767,TN_CHENNAI_FLOOD_2021,MULTIMODAL,FAIL,non_finite_values_in_sar_pre;non_finite_values_in_sar_post
TN_CHENNAI_FLOOD_2021_066410,TN_CHENNAI_FLOOD_2021,MULTIMODAL,FAIL,non_finite_values_in_sar_pre;non_finite_values_in_sar_post
TN_CHENNAI_FLOOD_2021_091154,TN_CHENNAI_FLOOD_2021,MULTIMODAL,FAIL,non_finite_values_in_sar_pre;non_finite_values_in_sar_post
TN_CHENNAI_FLOOD_2021_116042,TN_CHENNAI_FLOOD_2021,MULTIMODAL,FAIL,non_finite_values_in_sar_pre;non_finite_values_in_sar_post
TN_BUREVI_2020_000001,TN_BUREVI_2020,MULTIMODAL,FAIL,non_finite_values_in_sar_pre
TN_BUREVI_2020_000023,TN_BUREVI_2020,MULTIMODAL,FAIL,non_finite_values_in_sar_pre
TN_BUREVI_2020_013087,TN_BUREVI_2020,MULTIMODAL,FAIL,non_finite_values_in_sar_pre
TN_BUREVI_2020_024222,TN_BUREVI_2020,MULTIMODAL,FAIL,non_finite_values_in_sar_pre
TN_BUREVI_2020_041833,TN_BUREVI_2020,MULTIMODAL,FAIL,non_finite_values_in_sar_pre
TN_BUREVI_2020_041876,TN_BUREVI_2020,MULTIMODAL,FAIL,non_finite_values_in_sar_pre
TN_BUREVI_2020_061398,TN_BUREVI_2020,MULTIMODAL,FAIL,non_finite_values_in_sar_pre
TN_BUREVI_2020_082384,TN_BUREVI_2020,MULTIMODAL,FAIL,non_finite_values_in_sar_pre
TN_BUREVI_2020_094451,TN_BUREVI_2020,MULTIMODAL,PASS,none
TN_BUREVI_2020_099279,TN_BUREVI_2020,MULTIMODAL,PASS,none
TN_BUREVI_2020_000350,TN_BUREVI_2020,MULTIMODAL,FAIL,non_finite_values_in_sar_pre
TN_BUREVI_2020_000518,TN_BUREVI_2020,MULTIMODAL,FAIL,non_finite_values_in_sar_pre
TN_BUREVI_2020_013086,TN_BUREVI_2020,MULTIMODAL,FAIL,non_finite_values_in_sar_pre
TN_BUREVI_2020_024223,TN_BUREVI_2020,MULTIMODAL,FAIL,non_finite_values_in_sar_pre
TN_BUREVI_2020_041834,TN_BUREVI_2020,MULTIMODAL,FAIL,non_finite_values_in_sar_pre
TN_BUREVI_2020_042564,TN_BUREVI_2020,MULTIMODAL,FAIL,non_finite_values_in_sar_pre
TN_BUREVI_2020_061853,TN_BUREVI_2020,MULTIMODAL,FAIL,non_finite_values_in_sar_pre
TN_BUREVI_2020_082406,TN_BUREVI_2020,MULTIMODAL,FAIL,non_finite_values_in_sar_pre
TN_BUREVI_2020_094460,TN_BUREVI_2020,MULTIMODAL,PASS,none
TN_BUREVI_2020_099315,TN_BUREVI_2020,MULTIMODAL,PASS,none
TN_BUREVI_2020_000515,TN_BUREVI_2020,MULTIMODAL,FAIL,non_finite_values_in_sar_pre
TN_BUREVI_2020_000535,TN_BUREVI_2020,MULTIMODAL,FAIL,non_finite_values_in_sar_pre
TN_BUREVI_2020_014802,TN_BUREVI_2020,MULTIMODAL,FAIL,non_finite_values_in_sar_pre
TN_BUREVI_2020_025192,TN_BUREVI_2020,MULTIMODAL,FAIL,non_finite_values_in_sar_pre
TN_BUREVI_2020_042406,TN_BUREVI_2020,MULTIMODAL,FAIL,non_finite_values_in_sar_pre
TN_BUREVI_2020_062839,TN_BUREVI_2020,MULTIMODAL,FAIL,non_finite_values_in_sar_pre
TN_BUREVI_2020_062851,TN_BUREVI_2020,MULTIMODAL,FAIL,non_finite_values_in_sar_pre
TN_BUREVI_2020_082625,TN_BUREVI_2020,MULTIMODAL,FAIL,non_finite_values_in_sar_pre
TN_BUREVI_2020_094495,TN_BUREVI_2020,MULTIMODAL,PASS,none
TN_BUREVI_2020_099721,TN_BUREVI_2020,MULTIMODAL,PASS,none
TN_BUREVI_2020_000599,TN_BUREVI_2020,MULTIMODAL,FAIL,non_finite_values_in_sar_pre
TN_BUREVI_2020_000799,TN_BUREVI_2020,MULTIMODAL,FAIL,non_finite_values_in_sar_pre
TN_BUREVI_2020_015165,TN_BUREVI_2020,MULTIMODAL,FAIL,non_finite_values_in_sar_pre
TN_BUREVI_2020_030154,TN_BUREVI_2020,MULTIMODAL,FAIL,non_finite_values_in_sar_pre
TN_BUREVI_2020_045127,TN_BUREVI_2020,MULTIMODAL,FAIL,non_finite_values_in_sar_pre
TN_BUREVI_2020_047073,TN_BUREVI_2020,MULTIMODAL,FAIL,non_finite_values_in_sar_pre
TN_BUREVI_2020_063983,TN_BUREVI_2020,MULTIMODAL,FAIL,non_finite_values_in_sar_pre
TN_BUREVI_2020_082947,TN_BUREVI_2020,MULTIMODAL,FAIL,non_finite_values_in_sar_pre
TN_BUREVI_2020_095052,TN_BUREVI_2020,MULTIMODAL,PASS,none
TN_BUREVI_2020_099770,TN_BUREVI_2020,MULTIMODAL,PASS,none
TN_BUREVI_2020_005440,TN_BUREVI_2020,MULTIMODAL,FAIL,non_finite_values_in_sar_pre
TN_BUREVI_2020_005451,TN_BUREVI_2020,MULTIMODAL,FAIL,non_finite_values_in_sar_pre
TN_BUREVI_2020_016167,TN_BUREVI_2020,MULTIMODAL,FAIL,non_finite_values_in_sar_pre
TN_BUREVI_2020_034733,TN_BUREVI_2020,MULTIMODAL,FAIL,non_finite_values_in_sar_pre
TN_BUREVI_2020_050093,TN_BUREVI_2020,MULTIMODAL,FAIL,non_finite_values_in_sar_pre
TN_BUREVI_2020_050728,TN_BUREVI_2020,MULTIMODAL,FAIL,non_finite_values_in_sar_pre
TN_BUREVI_2020_067553,TN_BUREVI_2020,MULTIMODAL,FAIL,non_finite_values_in_sar_pre
TN_BUREVI_2020_084543,TN_BUREVI_2020,MULTIMODAL,FAIL,non_finite_values_in_sar_pre
TN_BUREVI_2020_096377,TN_BUREVI_2020,MULTIMODAL,PASS,none
TN_BUREVI_2020_100545,TN_BUREVI_2020,MULTIMODAL,PASS,none
TN_BUREVI_2020_008864,TN_BUREVI_2020,MULTIMODAL,FAIL,non_finite_values_in_sar_pre
TN_BUREVI_2020_010476,TN_BUREVI_2020,MULTIMODAL,FAIL,non_finite_values_in_sar_pre
TN_BUREVI_2020_016435,TN_BUREVI_2020,MULTIMODAL,FAIL,non_finite_values_in_sar_pre
TN_BUREVI_2020_034785,TN_BUREVI_2020,MULTIMODAL,FAIL,non_finite_values_in_sar_pre
TN_BUREVI_2020_050127,TN_BUREVI_2020,MULTIMODAL,FAIL,non_finite_values_in_sar_pre
TN_BUREVI_2020_056103,TN_BUREVI_2020,MULTIMODAL,FAIL,non_finite_values_in_sar_pre
TN_BUREVI_2020_067541,TN_BUREVI_2020,MULTIMODAL,FAIL,non_finite_values_in_sar_pre
TN_BUREVI_2020_084672,TN_BUREVI_2020,MULTIMODAL,FAIL,non_finite_values_in_sar_pre
TN_BUREVI_2020_096432,TN_BUREVI_2020,MULTIMODAL,PASS,none
TN_BUREVI_2020_100698,TN_BUREVI_2020,MULTIMODAL,PASS,none
TN_BUREVI_2020_010398,TN_BUREVI_2020,MULTIMODAL,FAIL,non_finite_values_in_sar_pre
TN_BUREVI_2020_010424,TN_BUREVI_2020,MULTIMODAL,FAIL,non_finite_values_in_sar_pre
TN_BUREVI_2020_019265,TN_BUREVI_2020,MULTIMODAL,FAIL,non_finite_values_in_sar_pre
TN_BUREVI_2020_039709,TN_BUREVI_2020,MULTIMODAL,FAIL,non_finite_values_in_sar_pre
TN_BUREVI_2020_055056,TN_BUREVI_2020,MULTIMODAL,FAIL,non_finite_values_in_sar_pre
TN_BUREVI_2020_072497,TN_BUREVI_2020,MULTIMODAL,FAIL,non_finite_values_in_sar_pre
TN_BUREVI_2020_072529,TN_BUREVI_2020,MULTIMODAL,FAIL,non_finite_values_in_sar_pre
TN_BUREVI_2020_087600,TN_BUREVI_2020,MULTIMODAL,FAIL,non_finite_values_in_sar_pre
TN_BUREVI_2020_097121,TN_BUREVI_2020,MULTIMODAL,PASS,none
TN_BUREVI_2020_101481,TN_BUREVI_2020,MULTIMODAL,PASS,none
TN_BUREVI_2020_011721,TN_BUREVI_2020,MULTIMODAL,FAIL,non_finite_values_in_sar_pre
TN_BUREVI_2020_011706,TN_BUREVI_2020,MULTIMODAL,FAIL,non_finite_values_in_sar_pre
TN_BUREVI_2020_022020,TN_BUREVI_2020,MULTIMODAL,FAIL,non_finite_values_in_sar_pre
TN_BUREVI_2020_102100,TN_BUREVI_2020,MULTIMODAL,PASS,none
TN_BUREVI_2020_012798,TN_BUREVI_2020,MULTIMODAL,FAIL,non_finite_values_in_sar_pre
TN_BUREVI_2020_012782,TN_BUREVI_2020,MULTIMODAL,FAIL,non_finite_values_in_sar_pre
TN_BUREVI_2020_023122,TN_BUREVI_2020,MULTIMODAL,FAIL,non_finite_values_in_sar_pre
TN_BUREVI_2020_041752,TN_BUREVI_2020,MULTIMODAL,FAIL,non_finite_values_in_sar_pre
TN_BUREVI_2020_012985,TN_BUREVI_2020,MULTIMODAL,FAIL,non_finite_values_in_sar_pre
TN_BUREVI_2020_012987,TN_BUREVI_2020,MULTIMODAL,FAIL,non_finite_values_in_sar_pre
TN_BUREVI_2020_094448,TN_BUREVI_2020,MULTIMODAL,PASS,none
TN_BUREVI_2020_000002,TN_BUREVI_2020,MULTIMODAL,FAIL,non_finite_values_in_sar_pre
TN_BUREVI_2020_000061,TN_BUREVI_2020,MULTIMODAL,FAIL,non_finite_values_in_sar_pre
TN_BUREVI_2020_013088,TN_BUREVI_2020,MULTIMODAL,FAIL,non_finite_values_in_sar_pre
TN_BUREVI_2020_024224,TN_BUREVI_2020,MULTIMODAL,FAIL,non_finite_values_in_sar_pre
TN_BUREVI_2020_041836,TN_BUREVI_2020,MULTIMODAL,FAIL,non_finite_values_in_sar_pre
TN_BUREVI_2020_041988,TN_BUREVI_2020,MULTIMODAL,FAIL,non_finite_values_in_sar_pre
TN_BUREVI_2020_061405,TN_BUREVI_2020,MULTIMODAL,FAIL,non_finite_values_in_sar_pre
TN_BUREVI_2020_082455,TN_BUREVI_2020,MULTIMODAL,FAIL,non_finite_values_in_sar_pre
TN_BUREVI_2020_094452,TN_BUREVI_2020,MULTIMODAL,PASS,none
TN_BUREVI_2020_099280,TN_BUREVI_2020,MULTIMODAL,PASS,none
TN_BUREVI_2020_000359,TN_BUREVI_2020,MULTIMODAL,FAIL,non_finite_values_in_sar_pre
TN_BUREVI_2020_000525,TN_BUREVI_2020,MULTIMODAL,FAIL,non_finite_values_in_sar_pre
TN_BUREVI_2020_013114,TN_BUREVI_2020,MULTIMODAL,FAIL,non_finite_values_in_sar_pre
TN_BUREVI_2020_024226,TN_BUREVI_2020,MULTIMODAL,FAIL,non_finite_values_in_sar_pre
TN_BUREVI_2020_041837,TN_BUREVI_2020,MULTIMODAL,FAIL,non_finite_values_in_sar_pre
TN_BUREVI_2020_042853,TN_BUREVI_2020,MULTIMODAL,FAIL,non_finite_values_in_sar_pre
TN_BUREVI_2020_062637,TN_BUREVI_2020,MULTIMODAL,FAIL,non_finite_values_in_sar_pre
TN_BUREVI_2020_082500,TN_BUREVI_2020,MULTIMODAL,FAIL,non_finite_values_in_sar_pre
TN_BUREVI_2020_094461,TN_BUREVI_2020,MULTIMODAL,PASS,none
TN_BUREVI_2020_099353,TN_BUREVI_2020,MULTIMODAL,PASS,none
TN_BUREVI_2020_000516,TN_BUREVI_2020,MULTIMODAL,FAIL,non_finite_values_in_sar_pre
TN_BUREVI_2020_000577,TN_BUREVI_2020,MULTIMODAL,FAIL,non_finite_values_in_sar_pre
TN_BUREVI_2020_014831,TN_BUREVI_2020,MULTIMODAL,FAIL,non_finite_values_in_sar_pre
TN_BUREVI_2020_025194,TN_BUREVI_2020,MULTIMODAL,FAIL,non_finite_values_in_sar_pre
TN_BUREVI_2020_042408,TN_BUREVI_2020,MULTIMODAL,FAIL,non_finite_values_in_sar_pre
TN_BUREVI_2020_062840,TN_BUREVI_2020,MULTIMODAL,FAIL,non_finite_values_in_sar_pre
TN_BUREVI_2020_062870,TN_BUREVI_2020,MULTIMODAL,FAIL,non_finite_values_in_sar_pre
TN_BUREVI_2020_082656,TN_BUREVI_2020,MULTIMODAL,FAIL,non_finite_values_in_sar_pre
TN_BUREVI_2020_094503,TN_BUREVI_2020,MULTIMODAL,PASS,none
TN_BUREVI_2020_099733,TN_BUREVI_2020,MULTIMODAL,PASS,none
TN_BUREVI_2020_000600,TN_BUREVI_2020,MULTIMODAL,FAIL,non_finite_values_in_sar_pre
TN_BUREVI_2020_002076,TN_BUREVI_2020,MULTIMODAL,FAIL,non_finite_values_in_sar_pre
TN_BUREVI_2020_015171,TN_BUREVI_2020,MULTIMODAL,FAIL,non_finite_values_in_sar_pre
TN_BUREVI_2020_030156,TN_BUREVI_2020,MULTIMODAL,FAIL,non_finite_values_in_sar_pre
TN_BUREVI_2020_045128,TN_BUREVI_2020,MULTIMODAL,FAIL,non_finite_values_in_sar_pre
TN_BUREVI_2020_052321,TN_BUREVI_2020,MULTIMODAL,FAIL,non_finite_values_in_sar_pre
TN_BUREVI_2020_063997,TN_BUREVI_2020,MULTIMODAL,FAIL,non_finite_values_in_sar_pre
TN_BUREVI_2020_082963,TN_BUREVI_2020,MULTIMODAL,FAIL,non_finite_values_in_sar_pre
TN_BUREVI_2020_095054,TN_BUREVI_2020,MULTIMODAL,PASS,none
TN_BUREVI_2020_099771,TN_BUREVI_2020,MULTIMODAL,PASS,none
TN_BUREVI_2020_005441,TN_BUREVI_2020,MULTIMODAL,FAIL,non_finite_values_in_sar_pre
TN_BUREVI_2020_005452,TN_BUREVI_2020,MULTIMODAL,FAIL,non_finite_values_in_sar_pre
TN_BUREVI_2020_016168,TN_BUREVI_2020,MULTIMODAL,FAIL,non_finite_values_in_sar_pre
TN_BUREVI_2020_034734,TN_BUREVI_2020,MULTIMODAL,FAIL,non_finite_values_in_sar_pre
TN_BUREVI_2020_050095,TN_BUREVI_2020,MULTIMODAL,FAIL,non_finite_values_in_sar_pre
TN_BUREVI_2020_067534,TN_BUREVI_2020,MULTIMODAL,FAIL,non_finite_values_in_sar_pre
TN_BUREVI_2020_067566,TN_BUREVI_2020,MULTIMODAL,FAIL,non_finite_values_in_sar_pre
TN_BUREVI_2020_084618,TN_BUREVI_2020,MULTIMODAL,FAIL,non_finite_values_in_sar_pre
TN_BUREVI_2020_096378,TN_BUREVI_2020,MULTIMODAL,PASS,none
TN_BUREVI_2020_100546,TN_BUREVI_2020,MULTIMODAL,PASS,none
TN_BUREVI_2020_010055,TN_BUREVI_2020,MULTIMODAL,FAIL,non_finite_values_in_sar_pre
TN_BUREVI_2020_010486,TN_BUREVI_2020,MULTIMODAL,FAIL,non_finite_values_in_sar_pre
TN_BUREVI_2020_017390,TN_BUREVI_2020,MULTIMODAL,FAIL,non_finite_values_in_sar_pre
TN_BUREVI_2020_035201,TN_BUREVI_2020,MULTIMODAL,FAIL,non_finite_values_in_sar_pre
TN_BUREVI_2020_050167,TN_BUREVI_2020,MULTIMODAL,FAIL,non_finite_values_in_sar_pre
TN_BUREVI_2020_067604,TN_BUREVI_2020,MULTIMODAL,FAIL,non_finite_values_in_sar_pre
TN_BUREVI_2020_067663,TN_BUREVI_2020,MULTIMODAL,FAIL,non_finite_values_in_sar_pre
TN_BUREVI_2020_084717,TN_BUREVI_2020,MULTIMODAL,FAIL,non_finite_values_in_sar_pre
TN_BUREVI_2020_096451,TN_BUREVI_2020,MULTIMODAL,PASS,none
TN_BUREVI_2020_101480,TN_BUREVI_2020,MULTIMODAL,PASS,none
TN_BUREVI_2020_010405,TN_BUREVI_2020,MULTIMODAL,FAIL,non_finite_values_in_sar_pre
TN_BUREVI_2020_010503,TN_BUREVI_2020,MULTIMODAL,FAIL,non_finite_values_in_sar_pre
TN_BUREVI_2020_019271,TN_BUREVI_2020,MULTIMODAL,FAIL,non_finite_values_in_sar_pre
TN_BUREVI_2020_039876,TN_BUREVI_2020,MULTIMODAL,FAIL,non_finite_values_in_sar_pre
TN_BUREVI_2020_055071,TN_BUREVI_2020,MULTIMODAL,FAIL,non_finite_values_in_sar_pre
TN_BUREVI_2020_072499,TN_BUREVI_2020,MULTIMODAL,FAIL,non_finite_values_in_sar_pre
TN_BUREVI_2020_072530,TN_BUREVI_2020,MULTIMODAL,FAIL,non_finite_values_in_sar_pre
TN_BUREVI_2020_087626,TN_BUREVI_2020,MULTIMODAL,FAIL,non_finite_values_in_sar_pre
TN_BUREVI_2020_097131,TN_BUREVI_2020,MULTIMODAL,PASS,none
TN_BUREVI_2020_101484,TN_BUREVI_2020,MULTIMODAL,PASS,none
TN_BUREVI_2020_011724,TN_BUREVI_2020,MULTIMODAL,FAIL,non_finite_values_in_sar_pre
TN_BUREVI_2020_011710,TN_BUREVI_2020,MULTIMODAL,FAIL,non_finite_values_in_sar_pre
TN_BUREVI_2020_022111,TN_BUREVI_2020,MULTIMODAL,FAIL,non_finite_values_in_sar_pre
TN_BUREVI_2020_102106,TN_BUREVI_2020,MULTIMODAL,PASS,none
TN_BUREVI_2020_012802,TN_BUREVI_2020,MULTIMODAL,FAIL,non_finite_values_in_sar_pre
TN_BUREVI_2020_012784,TN_BUREVI_2020,MULTIMODAL,FAIL,non_finite_values_in_sar_pre
TN_BUREVI_2020_023139,TN_BUREVI_2020,MULTIMODAL,FAIL,non_finite_values_in_sar_pre
TN_BUREVI_2020_041754,TN_BUREVI_2020,MULTIMODAL,FAIL,non_finite_values_in_sar_pre
TN_BUREVI_2020_012986,TN_BUREVI_2020,MULTIMODAL,FAIL,non_finite_values_in_sar_pre
TN_BUREVI_2020_012988,TN_BUREVI_2020,MULTIMODAL,FAIL,non_finite_values_in_sar_pre
TN_BUREVI_2020_094449,TN_BUREVI_2020,MULTIMODAL,PASS,none
TN_BUREVI_2020_000003,TN_BUREVI_2020,MULTIMODAL,FAIL,non_finite_values_in_sar_pre
TN_BUREVI_2020_000097,TN_BUREVI_2020,MULTIMODAL,FAIL,non_finite_values_in_sar_pre
TN_BUREVI_2020_013089,TN_BUREVI_2020,MULTIMODAL,FAIL,non_finite_values_in_sar_pre
TN_BUREVI_2020_024230,TN_BUREVI_2020,MULTIMODAL,FAIL,non_finite_values_in_sar_pre
TN_BUREVI_2020_041840,TN_BUREVI_2020,MULTIMODAL,FAIL,non_finite_values_in_sar_pre
TN_BUREVI_2020_041999,TN_BUREVI_2020,MULTIMODAL,FAIL,non_finite_values_in_sar_pre
TN_BUREVI_2020_061407,TN_BUREVI_2020,MULTIMODAL,FAIL,non_finite_values_in_sar_pre
TN_BUREVI_2020_082473,TN_BUREVI_2020,MULTIMODAL,FAIL,non_finite_values_in_sar_pre
TN_BUREVI_2020_094453,TN_BUREVI_2020,MULTIMODAL,PASS,none
TN_BUREVI_2020_099281,TN_BUREVI_2020,MULTIMODAL,PASS,none
TN_BUREVI_2020_000403,TN_BUREVI_2020,MULTIMODAL,FAIL,non_finite_values_in_sar_pre
TN_BUREVI_2020_000529,TN_BUREVI_2020,MULTIMODAL,FAIL,non_finite_values_in_sar_pre
TN_BUREVI_2020_013125,TN_BUREVI_2020,MULTIMODAL,FAIL,non_finite_values_in_sar_pre
TN_BUREVI_2020_024227,TN_BUREVI_2020,MULTIMODAL,FAIL,non_finite_values_in_sar_pre
TN_BUREVI_2020_041838,TN_BUREVI_2020,MULTIMODAL,FAIL,non_finite_values_in_sar_pre
TN_BUREVI_2020_042859,TN_BUREVI_2020,MULTIMODAL,FAIL,non_finite_values_in_sar_pre
TN_BUREVI_2020_062762,TN_BUREVI_2020,MULTIMODAL,FAIL,non_finite_values_in_sar_pre
TN_BUREVI_2020_082521,TN_BUREVI_2020,MULTIMODAL,FAIL,non_finite_values_in_sar_pre
TN_BUREVI_2020_094462,TN_BUREVI_2020,MULTIMODAL,PASS,none
TN_BUREVI_2020_099385,TN_BUREVI_2020,MULTIMODAL,PASS,none
TN_BUREVI_2020_000517,TN_BUREVI_2020,MULTIMODAL,FAIL,non_finite_values_in_sar_pre
TN_BUREVI_2020_014777,TN_BUREVI_2020,MULTIMODAL,FAIL,non_finite_values_in_sar_pre
TN_BUREVI_2020_014859,TN_BUREVI_2020,MULTIMODAL,FAIL,non_finite_values_in_sar_pre
TN_BUREVI_2020_025195,TN_BUREVI_2020,MULTIMODAL,FAIL,non_finite_values_in_sar_pre
TN_BUREVI_2020_042409,TN_BUREVI_2020,MULTIMODAL,FAIL,non_finite_values_in_sar_pre
TN_BUREVI_2020_062841,TN_BUREVI_2020,MULTIMODAL,FAIL,non_finite_values_in_sar_pre
TN_BUREVI_2020_062886,TN_BUREVI_2020,MULTIMODAL,FAIL,non_finite_values_in_sar_pre
TN_BUREVI_2020_082703,TN_BUREVI_2020,MULTIMODAL,FAIL,non_finite_values_in_sar_pre
TN_BUREVI_2020_094508,TN_BUREVI_2020,MULTIMODAL,PASS,none
TN_BUREVI_2020_099735,TN_BUREVI_2020,MULTIMODAL,PASS,none
TN_BUREVI_2020_000602,TN_BUREVI_2020,MULTIMODAL,FAIL,non_finite_values_in_sar_pre
TN_BUREVI_2020_002210,TN_BUREVI_2020,MULTIMODAL,FAIL,non_finite_values_in_sar_pre
TN_BUREVI_2020_015173,TN_BUREVI_2020,MULTIMODAL,FAIL,non_finite_values_in_sar_pre
TN_BUREVI_2020_030157,TN_BUREVI_2020,MULTIMODAL,FAIL,non_finite_values_in_sar_pre
TN_BUREVI_2020_045129,TN_BUREVI_2020,MULTIMODAL,FAIL,non_finite_values_in_sar_pre
TN_BUREVI_2020_052912,TN_BUREVI_2020,MULTIMODAL,FAIL,non_finite_values_in_sar_pre
TN_BUREVI_2020_064044,TN_BUREVI_2020,MULTIMODAL,FAIL,non_finite_values_in_sar_pre
TN_BUREVI_2020_082966,TN_BUREVI_2020,MULTIMODAL,FAIL,non_finite_values_in_sar_pre
TN_BUREVI_2020_095055,TN_BUREVI_2020,MULTIMODAL,PASS,none
TN_BUREVI_2020_099774,TN_BUREVI_2020,MULTIMODAL,PASS,none
TN_BUREVI_2020_005442,TN_BUREVI_2020,MULTIMODAL,FAIL,non_finite_values_in_sar_pre
TN_BUREVI_2020_005454,TN_BUREVI_2020,MULTIMODAL,FAIL,non_finite_values_in_sar_pre
TN_BUREVI_2020_016170,TN_BUREVI_2020,MULTIMODAL,FAIL,non_finite_values_in_sar_pre
TN_BUREVI_2020_034735,TN_BUREVI_2020,MULTIMODAL,FAIL,non_finite_values_in_sar_pre
TN_BUREVI_2020_050100,TN_BUREVI_2020,MULTIMODAL,FAIL,non_finite_values_in_sar_pre
TN_BUREVI_2020_067535,TN_BUREVI_2020,MULTIMODAL,FAIL,non_finite_values_in_sar_pre
TN_BUREVI_2020_067572,TN_BUREVI_2020,MULTIMODAL,FAIL,non_finite_values_in_sar_pre
TN_BUREVI_2020_084621,TN_BUREVI_2020,MULTIMODAL,FAIL,non_finite_values_in_sar_pre
TN_BUREVI_2020_096379,TN_BUREVI_2020,MULTIMODAL,PASS,none
TN_BUREVI_2020_100547,TN_BUREVI_2020,MULTIMODAL,PASS,none
TN_BUREVI_2020_010387,TN_BUREVI_2020,MULTIMODAL,FAIL,non_finite_values_in_sar_pre
TN_BUREVI_2020_010519,TN_BUREVI_2020,MULTIMODAL,FAIL,non_finite_values_in_sar_pre
TN_BUREVI_2020_017870,TN_BUREVI_2020,MULTIMODAL,FAIL,non_finite_values_in_sar_pre
TN_BUREVI_2020_035234,TN_BUREVI_2020,MULTIMODAL,FAIL,non_finite_values_in_sar_pre
TN_BUREVI_2020_050217,TN_BUREVI_2020,MULTIMODAL,FAIL,non_finite_values_in_sar_pre
TN_BUREVI_2020_067659,TN_BUREVI_2020,MULTIMODAL,FAIL,non_finite_values_in_sar_pre
TN_BUREVI_2020_067883,TN_BUREVI_2020,MULTIMODAL,FAIL,non_finite_values_in_sar_pre
TN_BUREVI_2020_085093,TN_BUREVI_2020,MULTIMODAL,FAIL,non_finite_values_in_sar_pre
TN_BUREVI_2020_096689,TN_BUREVI_2020,MULTIMODAL,PASS,none
TN_BUREVI_2020_101482,TN_BUREVI_2020,MULTIMODAL,PASS,none
TN_BUREVI_2020_010406,TN_BUREVI_2020,MULTIMODAL,FAIL,non_finite_values_in_sar_pre
TN_BUREVI_2020_010511,TN_BUREVI_2020,MULTIMODAL,FAIL,non_finite_values_in_sar_pre
TN_BUREVI_2020_019306,TN_BUREVI_2020,MULTIMODAL,FAIL,non_finite_values_in_sar_pre
TN_BUREVI_2020_039899,TN_BUREVI_2020,MULTIMODAL,FAIL,non_finite_values_in_sar_pre
TN_BUREVI_2020_055074,TN_BUREVI_2020,MULTIMODAL,FAIL,non_finite_values_in_sar_pre
TN_BUREVI_2020_072501,TN_BUREVI_2020,MULTIMODAL,FAIL,non_finite_values_in_sar_pre
TN_BUREVI_2020_072574,TN_BUREVI_2020,MULTIMODAL,FAIL,non_finite_values_in_sar_pre
TN_BUREVI_2020_087687,TN_BUREVI_2020,MULTIMODAL,FAIL,non_finite_values_in_sar_pre
TN_BUREVI_2020_097135,TN_BUREVI_2020,MULTIMODAL,PASS,none
TN_BUREVI_2020_101485,TN_BUREVI_2020,MULTIMODAL,PASS,none
TN_BUREVI_2020_011727,TN_BUREVI_2020,MULTIMODAL,FAIL,non_finite_values_in_sar_pre
TN_BUREVI_2020_011726,TN_BUREVI_2020,MULTIMODAL,FAIL,non_finite_values_in_sar_pre
TN_BUREVI_2020_022197,TN_BUREVI_2020,MULTIMODAL,FAIL,non_finite_values_in_sar_pre
TN_BUREVI_2020_102128,TN_BUREVI_2020,MULTIMODAL,PASS,none
TN_BUREVI_2020_012807,TN_BUREVI_2020,MULTIMODAL,FAIL,non_finite_values_in_sar_pre
TN_BUREVI_2020_012785,TN_BUREVI_2020,MULTIMODAL,FAIL,non_finite_values_in_sar_pre
TN_BUREVI_2020_023167,TN_BUREVI_2020,MULTIMODAL,FAIL,non_finite_values_in_sar_pre
TN_BUREVI_2020_041755,TN_BUREVI_2020,MULTIMODAL,FAIL,non_finite_values_in_sar_pre
TN_BUREVI_2020_012990,TN_BUREVI_2020,MULTIMODAL,FAIL,non_finite_values_in_sar_pre
TN_BUREVI_2020_012989,TN_BUREVI_2020,MULTIMODAL,FAIL,non_finite_values_in_sar_pre
TN_BUREVI_2020_094450,TN_BUREVI_2020,MULTIMODAL,PASS,none
TN_BUREVI_2020_000004,TN_BUREVI_2020,MULTIMODAL,FAIL,non_finite_values_in_sar_pre
TN_BUREVI_2020_000100,TN_BUREVI_2020,MULTIMODAL,FAIL,non_finite_values_in_sar_pre
TN_BUREVI_2020_013090,TN_BUREVI_2020,MULTIMODAL,FAIL,non_finite_values_in_sar_pre
TN_BUREVI_2020_024231,TN_BUREVI_2020,MULTIMODAL,FAIL,non_finite_values_in_sar_pre
TN_BUREVI_2020_041841,TN_BUREVI_2020,MULTIMODAL,FAIL,non_finite_values_in_sar_pre
TN_BUREVI_2020_042104,TN_BUREVI_2020,MULTIMODAL,FAIL,non_finite_values_in_sar_pre
TN_BUREVI_2020_061409,TN_BUREVI_2020,MULTIMODAL,FAIL,non_finite_values_in_sar_pre
TN_BUREVI_2020_094455,TN_BUREVI_2020,MULTIMODAL,FAIL,non_finite_values_in_sar_pre
TN_BUREVI_2020_094454,TN_BUREVI_2020,MULTIMODAL,PASS,none
TN_BUREVI_2020_099282,TN_BUREVI_2020,MULTIMODAL,PASS,none
TN_BUREVI_2020_000521,TN_BUREVI_2020,MULTIMODAL,FAIL,non_finite_values_in_sar_pre
TN_BUREVI_2020_000532,TN_BUREVI_2020,MULTIMODAL,FAIL,non_finite_values_in_sar_pre
TN_BUREVI_2020_013144,TN_BUREVI_2020,MULTIMODAL,FAIL,non_finite_values_in_sar_pre
TN_BUREVI_2020_024228,TN_BUREVI_2020,MULTIMODAL,FAIL,non_finite_values_in_sar_pre
TN_BUREVI_2020_041843,TN_BUREVI_2020,MULTIMODAL,FAIL,non_finite_values_in_sar_pre
TN_BUREVI_2020_042931,TN_BUREVI_2020,MULTIMODAL,FAIL,non_finite_values_in_sar_pre
TN_BUREVI_2020_062849,TN_BUREVI_2020,MULTIMODAL,FAIL,non_finite_values_in_sar_pre
TN_BUREVI_2020_082569,TN_BUREVI_2020,MULTIMODAL,FAIL,non_finite_values_in_sar_pre
TN_BUREVI_2020_094464,TN_BUREVI_2020,MULTIMODAL,PASS,none
TN_BUREVI_2020_099403,TN_BUREVI_2020,MULTIMODAL,PASS,none
TN_BUREVI_2020_000519,TN_BUREVI_2020,MULTIMODAL,FAIL,non_finite_values_in_sar_pre
TN_BUREVI_2020_014780,TN_BUREVI_2020,MULTIMODAL,FAIL,non_finite_values_in_sar_pre
TN_BUREVI_2020_014861,TN_BUREVI_2020,MULTIMODAL,FAIL,non_finite_values_in_sar_pre
TN_BUREVI_2020_025200,TN_BUREVI_2020,MULTIMODAL,FAIL,non_finite_values_in_sar_pre
TN_BUREVI_2020_042411,TN_BUREVI_2020,MULTIMODAL,FAIL,non_finite_values_in_sar_pre
TN_BUREVI_2020_062842,TN_BUREVI_2020,MULTIMODAL,FAIL,non_finite_values_in_sar_pre
TN_BUREVI_2020_062895,TN_BUREVI_2020,MULTIMODAL,FAIL,non_finite_values_in_sar_pre
TN_BUREVI_2020_082704,TN_BUREVI_2020,MULTIMODAL,FAIL,non_finite_values_in_sar_pre
TN_BUREVI_2020_094516,TN_BUREVI_2020,MULTIMODAL,PASS,none
TN_BUREVI_2020_099736,TN_BUREVI_2020,MULTIMODAL,PASS,none
TN_BUREVI_2020_000605,TN_BUREVI_2020,MULTIMODAL,FAIL,non_finite_values_in_sar_pre
TN_BUREVI_2020_002282,TN_BUREVI_2020,MULTIMODAL,FAIL,non_finite_values_in_sar_pre
TN_BUREVI_2020_015174,TN_BUREVI_2020,MULTIMODAL,FAIL,non_finite_values_in_sar_pre
TN_BUREVI_2020_030159,TN_BUREVI_2020,MULTIMODAL,FAIL,non_finite_values_in_sar_pre
TN_BUREVI_2020_045130,TN_BUREVI_2020,MULTIMODAL,FAIL,non_finite_values_in_sar_pre
TN_BUREVI_2020_063977,TN_BUREVI_2020,MULTIMODAL,FAIL,non_finite_values_in_sar_pre
TN_BUREVI_2020_064061,TN_BUREVI_2020,MULTIMODAL,FAIL,non_finite_values_in_sar_pre
TN_BUREVI_2020_082976,TN_BUREVI_2020,MULTIMODAL,FAIL,non_finite_values_in_sar_pre
TN_BUREVI_2020_095056,TN_BUREVI_2020,MULTIMODAL,PASS,none
TN_BUREVI_2020_099776,TN_BUREVI_2020,MULTIMODAL,PASS,none
TN_BUREVI_2020_005443,TN_BUREVI_2020,MULTIMODAL,FAIL,non_finite_values_in_sar_pre
TN_BUREVI_2020_005459,TN_BUREVI_2020,MULTIMODAL,FAIL,non_finite_values_in_sar_pre
TN_BUREVI_2020_016171,TN_BUREVI_2020,MULTIMODAL,FAIL,non_finite_values_in_sar_pre
TN_BUREVI_2020_034736,TN_BUREVI_2020,MULTIMODAL,FAIL,non_finite_values_in_sar_pre
TN_BUREVI_2020_050101,TN_BUREVI_2020,MULTIMODAL,FAIL,non_finite_values_in_sar_pre
TN_BUREVI_2020_067536,TN_BUREVI_2020,MULTIMODAL,FAIL,non_finite_values_in_sar_pre
TN_BUREVI_2020_067573,TN_BUREVI_2020,MULTIMODAL,FAIL,non_finite_values_in_sar_pre
TN_BUREVI_2020_084660,TN_BUREVI_2020,MULTIMODAL,FAIL,non_finite_values_in_sar_pre
TN_BUREVI_2020_096380,TN_BUREVI_2020,MULTIMODAL,PASS,none
TN_BUREVI_2020_100548,TN_BUREVI_2020,MULTIMODAL,PASS,none
TN_BUREVI_2020_010388,TN_BUREVI_2020,MULTIMODAL,FAIL,non_finite_values_in_sar_pre
TN_BUREVI_2020_010521,TN_BUREVI_2020,MULTIMODAL,FAIL,non_finite_values_in_sar_pre
TN_BUREVI_2020_019260,TN_BUREVI_2020,MULTIMODAL,FAIL,non_finite_values_in_sar_pre
TN_BUREVI_2020_035364,TN_BUREVI_2020,MULTIMODAL,FAIL,non_finite_values_in_sar_pre
TN_BUREVI_2020_050388,TN_BUREVI_2020,MULTIMODAL,FAIL,non_finite_values_in_sar_pre
TN_BUREVI_2020_067724,TN_BUREVI_2020,MULTIMODAL,FAIL,non_finite_values_in_sar_pre
TN_BUREVI_2020_067904,TN_BUREVI_2020,MULTIMODAL,FAIL,non_finite_values_in_sar_pre
TN_BUREVI_2020_085163,TN_BUREVI_2020,MULTIMODAL,FAIL,non_finite_values_in_sar_pre
TN_BUREVI_2020_096733,TN_BUREVI_2020,MULTIMODAL,PASS,none
TN_BUREVI_2020_101483,TN_BUREVI_2020,MULTIMODAL,PASS,none
TN_BUREVI_2020_010414,TN_BUREVI_2020,MULTIMODAL,FAIL,non_finite_values_in_sar_pre
TN_BUREVI_2020_010703,TN_BUREVI_2020,MULTIMODAL,FAIL,non_finite_values_in_sar_pre
TN_BUREVI_2020_019322,TN_BUREVI_2020,MULTIMODAL,FAIL,non_finite_values_in_sar_pre
TN_BUREVI_2020_039903,TN_BUREVI_2020,MULTIMODAL,FAIL,non_finite_values_in_sar_pre
TN_BUREVI_2020_055084,TN_BUREVI_2020,MULTIMODAL,FAIL,non_finite_values_in_sar_pre
TN_BUREVI_2020_072507,TN_BUREVI_2020,MULTIMODAL,FAIL,non_finite_values_in_sar_pre
TN_BUREVI_2020_072603,TN_BUREVI_2020,MULTIMODAL,FAIL,non_finite_values_in_sar_pre
TN_BUREVI_2020_087706,TN_BUREVI_2020,MULTIMODAL,FAIL,non_finite_values_in_sar_pre
TN_BUREVI_2020_097147,TN_BUREVI_2020,MULTIMODAL,PASS,none
TN_BUREVI_2020_101486,TN_BUREVI_2020,MULTIMODAL,PASS,none
TN_BUREVI_2020_011743,TN_BUREVI_2020,MULTIMODAL,FAIL,non_finite_values_in_sar_pre
TN_BUREVI_2020_011733,TN_BUREVI_2020,MULTIMODAL,FAIL,non_finite_values_in_sar_pre
TN_BUREVI_2020_022226,TN_BUREVI_2020,MULTIMODAL,FAIL,non_finite_values_in_sar_pre
TN_BUREVI_2020_102130,TN_BUREVI_2020,MULTIMODAL,PASS,none
TN_BUREVI_2020_012816,TN_BUREVI_2020,MULTIMODAL,FAIL,non_finite_values_in_sar_pre
TN_BUREVI_2020_012786,TN_BUREVI_2020,MULTIMODAL,FAIL,non_finite_values_in_sar_pre
TN_BUREVI_2020_023205,TN_BUREVI_2020,MULTIMODAL,FAIL,non_finite_values_in_sar_pre
TN_BUREVI_2020_041756,TN_BUREVI_2020,MULTIMODAL,FAIL,non_finite_values_in_sar_pre
TN_BUREVI_2020_012991,TN_BUREVI_2020,MULTIMODAL,FAIL,non_finite_values_in_sar_pre
TN_BUREVI_2020_012993,TN_BUREVI_2020,MULTIMODAL,FAIL,non_finite_values_in_sar_pre
TN_BUREVI_2020_000005,TN_BUREVI_2020,MULTIMODAL,FAIL,non_finite_values_in_sar_pre
TN_BUREVI_2020_000128,TN_BUREVI_2020,MULTIMODAL,FAIL,non_finite_values_in_sar_pre
TN_BUREVI_2020_013091,TN_BUREVI_2020,MULTIMODAL,FAIL,non_finite_values_in_sar_pre
TN_BUREVI_2020_024237,TN_BUREVI_2020,MULTIMODAL,FAIL,non_finite_values_in_sar_pre
TN_BUREVI_2020_041844,TN_BUREVI_2020,MULTIMODAL,FAIL,non_finite_values_in_sar_pre
TN_BUREVI_2020_042123,TN_BUREVI_2020,MULTIMODAL,FAIL,non_finite_values_in_sar_pre
TN_BUREVI_2020_061411,TN_BUREVI_2020,MULTIMODAL,FAIL,non_finite_values_in_sar_pre
TN_BUREVI_2020_094456,TN_BUREVI_2020,MULTIMODAL,FAIL,non_finite_values_in_sar_pre
TN_BUREVI_2020_094458,TN_BUREVI_2020,MULTIMODAL,PASS,none
TN_BUREVI_2020_099283,TN_BUREVI_2020,MULTIMODAL,PASS,none
TN_BUREVI_2020_000528,TN_BUREVI_2020,MULTIMODAL,FAIL,non_finite_values_in_sar_pre
TN_BUREVI_2020_000533,TN_BUREVI_2020,MULTIMODAL,FAIL,non_finite_values_in_sar_pre
TN_BUREVI_2020_013157,TN_BUREVI_2020,MULTIMODAL,FAIL,non_finite_values_in_sar_pre
TN_BUREVI_2020_024229,TN_BUREVI_2020,MULTIMODAL,FAIL,non_finite_values_in_sar_pre
TN_BUREVI_2020_041845,TN_BUREVI_2020,MULTIMODAL,FAIL,non_finite_values_in_sar_pre
TN_BUREVI_2020_042989,TN_BUREVI_2020,MULTIMODAL,FAIL,non_finite_values_in_sar_pre
TN_BUREVI_2020_062880,TN_BUREVI_2020,MULTIMODAL,FAIL,non_finite_values_in_sar_pre
TN_BUREVI_2020_082757,TN_BUREVI_2020,MULTIMODAL,FAIL,non_finite_values_in_sar_pre
TN_BUREVI_2020_094466,TN_BUREVI_2020,MULTIMODAL,PASS,none
TN_BUREVI_2020_099426,TN_BUREVI_2020,MULTIMODAL,PASS,none
TN_BUREVI_2020_000520,TN_BUREVI_2020,MULTIMODAL,FAIL,non_finite_values_in_sar_pre
TN_BUREVI_2020_014783,TN_BUREVI_2020,MULTIMODAL,FAIL,non_finite_values_in_sar_pre
TN_BUREVI_2020_014882,TN_BUREVI_2020,MULTIMODAL,FAIL,non_finite_values_in_sar_pre
TN_BUREVI_2020_025208,TN_BUREVI_2020,MULTIMODAL,FAIL,non_finite_values_in_sar_pre
TN_BUREVI_2020_042412,TN_BUREVI_2020,MULTIMODAL,FAIL,non_finite_values_in_sar_pre
TN_BUREVI_2020_062843,TN_BUREVI_2020,MULTIMODAL,FAIL,non_finite_values_in_sar_pre
TN_BUREVI_2020_062897,TN_BUREVI_2020,MULTIMODAL,FAIL,non_finite_values_in_sar_pre
TN_BUREVI_2020_082715,TN_BUREVI_2020,MULTIMODAL,FAIL,non_finite_values_in_sar_pre
TN_BUREVI_2020_094537,TN_BUREVI_2020,MULTIMODAL,PASS,none
TN_BUREVI_2020_099745,TN_BUREVI_2020,MULTIMODAL,PASS,none
TN_BUREVI_2020_000606,TN_BUREVI_2020,MULTIMODAL,FAIL,non_finite_values_in_sar_pre
TN_BUREVI_2020_002826,TN_BUREVI_2020,MULTIMODAL,FAIL,non_finite_values_in_sar_pre
TN_BUREVI_2020_015176,TN_BUREVI_2020,MULTIMODAL,FAIL,non_finite_values_in_sar_pre
TN_BUREVI_2020_030161,TN_BUREVI_2020,MULTIMODAL,FAIL,non_finite_values_in_sar_pre
TN_BUREVI_2020_045135,TN_BUREVI_2020,MULTIMODAL,FAIL,non_finite_values_in_sar_pre
TN_BUREVI_2020_063980,TN_BUREVI_2020,MULTIMODAL,FAIL,non_finite_values_in_sar_pre
TN_BUREVI_2020_064072,TN_BUREVI_2020,MULTIMODAL,FAIL,non_finite_values_in_sar_pre
TN_BUREVI_2020_083004,TN_BUREVI_2020,MULTIMODAL,FAIL,non_finite_values_in_sar_pre
TN_BUREVI_2020_095058,TN_BUREVI_2020,MULTIMODAL,PASS,none
TN_BUREVI_2020_099777,TN_BUREVI_2020,MULTIMODAL,PASS,none
TN_BUREVI_2020_005444,TN_BUREVI_2020,MULTIMODAL,FAIL,non_finite_values_in_sar_pre
TN_BUREVI_2020_005462,TN_BUREVI_2020,MULTIMODAL,FAIL,non_finite_values_in_sar_pre
TN_BUREVI_2020_016174,TN_BUREVI_2020,MULTIMODAL,FAIL,non_finite_values_in_sar_pre
TN_BUREVI_2020_034737,TN_BUREVI_2020,MULTIMODAL,FAIL,non_finite_values_in_sar_pre
TN_BUREVI_2020_050102,TN_BUREVI_2020,MULTIMODAL,FAIL,non_finite_values_in_sar_pre
TN_BUREVI_2020_067537,TN_BUREVI_2020,MULTIMODAL,FAIL,non_finite_values_in_sar_pre
TN_BUREVI_2020_067580,TN_BUREVI_2020,MULTIMODAL,FAIL,non_finite_values_in_sar_pre
TN_BUREVI_2020_084768,TN_BUREVI_2020,MULTIMODAL,FAIL,non_finite_values_in_sar_pre
TN_BUREVI_2020_096381,TN_BUREVI_2020,MULTIMODAL,PASS,none
TN_BUREVI_2020_100549,TN_BUREVI_2020,MULTIMODAL,PASS,none
TN_BUREVI_2020_010389,TN_BUREVI_2020,MULTIMODAL,FAIL,non_finite_values_in_sar_pre
TN_BUREVI_2020_010564,TN_BUREVI_2020,MULTIMODAL,FAIL,non_finite_values_in_sar_pre
TN_BUREVI_2020_019263,TN_BUREVI_2020,MULTIMODAL,FAIL,non_finite_values_in_sar_pre
TN_BUREVI_2020_035473,TN_BUREVI_2020,MULTIMODAL,FAIL,non_finite_values_in_sar_pre
TN_BUREVI_2020_050544,TN_BUREVI_2020,MULTIMODAL,FAIL,non_finite_values_in_sar_pre
TN_BUREVI_2020_067771,TN_BUREVI_2020,MULTIMODAL,FAIL,non_finite_values_in_sar_pre
TN_BUREVI_2020_067932,TN_BUREVI_2020,MULTIMODAL,FAIL,non_finite_values_in_sar_pre
TN_BUREVI_2020_085331,TN_BUREVI_2020,MULTIMODAL,FAIL,non_finite_values_in_sar_pre
TN_BUREVI_2020_096837,TN_BUREVI_2020,MULTIMODAL,PASS,none
TN_BUREVI_2020_101488,TN_BUREVI_2020,MULTIMODAL,PASS,none
TN_BUREVI_2020_010416,TN_BUREVI_2020,MULTIMODAL,FAIL,non_finite_values_in_sar_pre
TN_BUREVI_2020_010711,TN_BUREVI_2020,MULTIMODAL,FAIL,non_finite_values_in_sar_pre
TN_BUREVI_2020_019335,TN_BUREVI_2020,MULTIMODAL,FAIL,non_finite_values_in_sar_pre
TN_BUREVI_2020_039931,TN_BUREVI_2020,MULTIMODAL,FAIL,non_finite_values_in_sar_pre
TN_BUREVI_2020_055102,TN_BUREVI_2020,MULTIMODAL,FAIL,non_finite_values_in_sar_pre
TN_BUREVI_2020_072509,TN_BUREVI_2020,MULTIMODAL,FAIL,non_finite_values_in_sar_pre
TN_BUREVI_2020_072644,TN_BUREVI_2020,MULTIMODAL,FAIL,non_finite_values_in_sar_pre
TN_BUREVI_2020_087734,TN_BUREVI_2020,MULTIMODAL,FAIL,non_finite_values_in_sar_pre
TN_BUREVI_2020_097151,TN_BUREVI_2020,MULTIMODAL,PASS,none
TN_BUREVI_2020_101489,TN_BUREVI_2020,MULTIMODAL,PASS,none
TN_BUREVI_2020_011750,TN_BUREVI_2020,MULTIMODAL,FAIL,non_finite_values_in_sar_pre
TN_BUREVI_2020_011745,TN_BUREVI_2020,MULTIMODAL,FAIL,non_finite_values_in_sar_pre
TN_BUREVI_2020_022255,TN_BUREVI_2020,MULTIMODAL,FAIL,non_finite_values_in_sar_pre
TN_BUREVI_2020_102140,TN_BUREVI_2020,MULTIMODAL,PASS,none
TN_BUREVI_2020_012819,TN_BUREVI_2020,MULTIMODAL,FAIL,non_finite_values_in_sar_pre
TN_BUREVI_2020_012791,TN_BUREVI_2020,MULTIMODAL,FAIL,non_finite_values_in_sar_pre
TN_BUREVI_2020_023276,TN_BUREVI_2020,MULTIMODAL,FAIL,non_finite_values_in_sar_pre
TN_BUREVI_2020_041757,TN_BUREVI_2020,MULTIMODAL,FAIL,non_finite_values_in_sar_pre
TN_BUREVI_2020_012994,TN_BUREVI_2020,MULTIMODAL,FAIL,non_finite_values_in_sar_pre
TN_BUREVI_2020_012997,TN_BUREVI_2020,MULTIMODAL,FAIL,non_finite_values_in_sar_pre
TN_BUREVI_2020_000006,TN_BUREVI_2020,MULTIMODAL,FAIL,non_finite_values_in_sar_pre
TN_BUREVI_2020_000130,TN_BUREVI_2020,MULTIMODAL,FAIL,non_finite_values_in_sar_pre
TN_BUREVI_2020_013092,TN_BUREVI_2020,MULTIMODAL,FAIL,non_finite_values_in_sar_pre
TN_BUREVI_2020_024239,TN_BUREVI_2020,MULTIMODAL,FAIL,non_finite_values_in_sar_pre
TN_BUREVI_2020_041847,TN_BUREVI_2020,MULTIMODAL,FAIL,non_finite_values_in_sar_pre
TN_BUREVI_2020_042285,TN_BUREVI_2020,MULTIMODAL,FAIL,non_finite_values_in_sar_pre
TN_BUREVI_2020_061417,TN_BUREVI_2020,MULTIMODAL,FAIL,non_finite_values_in_sar_pre
TN_BUREVI_2020_094457,TN_BUREVI_2020,MULTIMODAL,FAIL,non_finite_values_in_sar_pre
TN_BUREVI_2020_094459,TN_BUREVI_2020,MULTIMODAL,FAIL,non_finite_values_in_sar_pre
TN_BUREVI_2020_099284,TN_BUREVI_2020,MULTIMODAL,PASS,none
TN_BUREVI_2020_000534,TN_BUREVI_2020,MULTIMODAL,FAIL,non_finite_values_in_sar_pre
TN_BUREVI_2020_000538,TN_BUREVI_2020,MULTIMODAL,FAIL,non_finite_values_in_sar_pre
TN_BUREVI_2020_013177,TN_BUREVI_2020,MULTIMODAL,FAIL,non_finite_values_in_sar_pre
TN_BUREVI_2020_024232,TN_BUREVI_2020,MULTIMODAL,FAIL,non_finite_values_in_sar_pre
TN_BUREVI_2020_041848,TN_BUREVI_2020,MULTIMODAL,FAIL,non_finite_values_in_sar_pre
TN_BUREVI_2020_043350,TN_BUREVI_2020,MULTIMODAL,FAIL,non_finite_values_in_sar_pre
TN_BUREVI_2020_062891,TN_BUREVI_2020,MULTIMODAL,FAIL,non_finite_values_in_sar_pre
TN_BUREVI_2020_082777,TN_BUREVI_2020,MULTIMODAL,FAIL,non_finite_values_in_sar_pre
TN_BUREVI_2020_094467,TN_BUREVI_2020,MULTIMODAL,PASS,none
TN_BUREVI_2020_099434,TN_BUREVI_2020,MULTIMODAL,PASS,none
TN_BUREVI_2020_000522,TN_BUREVI_2020,MULTIMODAL,FAIL,non_finite_values_in_sar_pre
TN_BUREVI_2020_014784,TN_BUREVI_2020,MULTIMODAL,FAIL,non_finite_values_in_sar_pre
TN_BUREVI_2020_014897,TN_BUREVI_2020,MULTIMODAL,FAIL,non_finite_values_in_sar_pre
TN_BUREVI_2020_025209,TN_BUREVI_2020,MULTIMODAL,FAIL,non_finite_values_in_sar_pre
TN_BUREVI_2020_042413,TN_BUREVI_2020,MULTIMODAL,FAIL,non_finite_values_in_sar_pre
TN_BUREVI_2020_062844,TN_BUREVI_2020,MULTIMODAL,FAIL,non_finite_values_in_sar_pre
TN_BUREVI_2020_062906,TN_BUREVI_2020,MULTIMODAL,FAIL,non_finite_values_in_sar_pre
TN_BUREVI_2020_082721,TN_BUREVI_2020,MULTIMODAL,FAIL,non_finite_values_in_sar_pre
TN_BUREVI_2020_094545,TN_BUREVI_2020,MULTIMODAL,PASS,none
TN_BUREVI_2020_099748,TN_BUREVI_2020,MULTIMODAL,PASS,none
TN_BUREVI_2020_000608,TN_BUREVI_2020,MULTIMODAL,FAIL,non_finite_values_in_sar_pre
TN_BUREVI_2020_003016,TN_BUREVI_2020,MULTIMODAL,FAIL,non_finite_values_in_sar_pre
TN_BUREVI_2020_015180,TN_BUREVI_2020,MULTIMODAL,FAIL,non_finite_values_in_sar_pre
TN_BUREVI_2020_030162,TN_BUREVI_2020,MULTIMODAL,FAIL,non_finite_values_in_sar_pre
TN_BUREVI_2020_045136,TN_BUREVI_2020,MULTIMODAL,FAIL,non_finite_values_in_sar_pre
TN_BUREVI_2020_063981,TN_BUREVI_2020,MULTIMODAL,FAIL,non_finite_values_in_sar_pre
TN_BUREVI_2020_064104,TN_BUREVI_2020,MULTIMODAL,FAIL,non_finite_values_in_sar_pre
TN_BUREVI_2020_083014,TN_BUREVI_2020,MULTIMODAL,FAIL,non_finite_values_in_sar_pre
TN_BUREVI_2020_095059,TN_BUREVI_2020,MULTIMODAL,PASS,none
TN_BUREVI_2020_099778,TN_BUREVI_2020,MULTIMODAL,PASS,none
TN_BUREVI_2020_005445,TN_BUREVI_2020,MULTIMODAL,FAIL,non_finite_values_in_sar_pre
TN_BUREVI_2020_005465,TN_BUREVI_2020,MULTIMODAL,FAIL,non_finite_values_in_sar_pre
TN_BUREVI_2020_016175,TN_BUREVI_2020,MULTIMODAL,FAIL,non_finite_values_in_sar_pre
TN_BUREVI_2020_034738,TN_BUREVI_2020,MULTIMODAL,FAIL,non_finite_values_in_sar_pre
TN_BUREVI_2020_050104,TN_BUREVI_2020,MULTIMODAL,FAIL,non_finite_values_in_sar_pre
TN_BUREVI_2020_067538,TN_BUREVI_2020,MULTIMODAL,FAIL,non_finite_values_in_sar_pre
TN_BUREVI_2020_067583,TN_BUREVI_2020,MULTIMODAL,FAIL,non_finite_values_in_sar_pre
TN_BUREVI_2020_084846,TN_BUREVI_2020,MULTIMODAL,FAIL,non_finite_values_in_sar_pre
TN_BUREVI_2020_096383,TN_BUREVI_2020,MULTIMODAL,PASS,none
TN_BUREVI_2020_100550,TN_BUREVI_2020,MULTIMODAL,PASS,none
TN_BUREVI_2020_010390,TN_BUREVI_2020,MULTIMODAL,FAIL,non_finite_values_in_sar_pre
TN_BUREVI_2020_010638,TN_BUREVI_2020,MULTIMODAL,FAIL,non_finite_values_in_sar_pre
TN_BUREVI_2020_019266,TN_BUREVI_2020,MULTIMODAL,FAIL,non_finite_values_in_sar_pre
TN_BUREVI_2020_035582,TN_BUREVI_2020,MULTIMODAL,FAIL,non_finite_values_in_sar_pre
TN_BUREVI_2020_050580,TN_BUREVI_2020,MULTIMODAL,FAIL,non_finite_values_in_sar_pre
TN_BUREVI_2020_067870,TN_BUREVI_2020,MULTIMODAL,FAIL,non_finite_values_in_sar_pre
TN_BUREVI_2020_068136,TN_BUREVI_2020,MULTIMODAL,FAIL,non_finite_values_in_sar_pre
TN_BUREVI_2020_085743,TN_BUREVI_2020,MULTIMODAL,FAIL,non_finite_values_in_sar_pre
TN_BUREVI_2020_096869,TN_BUREVI_2020,MULTIMODAL,PASS,none
TN_BUREVI_2020_101490,TN_BUREVI_2020,MULTIMODAL,PASS,none
TN_BUREVI_2020_010435,TN_BUREVI_2020,MULTIMODAL,FAIL,non_finite_values_in_sar_pre
TN_BUREVI_2020_010737,TN_BUREVI_2020,MULTIMODAL,FAIL,non_finite_values_in_sar_pre
TN_BUREVI_2020_019401,TN_BUREVI_2020,MULTIMODAL,FAIL,non_finite_values_in_sar_pre
TN_BUREVI_2020_039975,TN_BUREVI_2020,MULTIMODAL,FAIL,non_finite_values_in_sar_pre
TN_BUREVI_2020_055108,TN_BUREVI_2020,MULTIMODAL,FAIL,non_finite_values_in_sar_pre
TN_BUREVI_2020_072510,TN_BUREVI_2020,MULTIMODAL,FAIL,non_finite_values_in_sar_pre
TN_BUREVI_2020_072666,TN_BUREVI_2020,MULTIMODAL,FAIL,non_finite_values_in_sar_pre
TN_BUREVI_2020_087767,TN_BUREVI_2020,MULTIMODAL,FAIL,non_finite_values_in_sar_pre
TN_BUREVI_2020_097160,TN_BUREVI_2020,MULTIMODAL,PASS,none
TN_BUREVI_2020_101491,TN_BUREVI_2020,MULTIMODAL,PASS,none
TN_BUREVI_2020_011772,TN_BUREVI_2020,MULTIMODAL,FAIL,non_finite_values_in_sar_pre
TN_BUREVI_2020_011751,TN_BUREVI_2020,MULTIMODAL,FAIL,non_finite_values_in_sar_pre
TN_BUREVI_2020_022291,TN_BUREVI_2020,MULTIMODAL,FAIL,non_finite_values_in_sar_pre
TN_BUREVI_2020_102146,TN_BUREVI_2020,MULTIMODAL,PASS,none
TN_BUREVI_2020_012837,TN_BUREVI_2020,MULTIMODAL,FAIL,non_finite_values_in_sar_pre
TN_BUREVI_2020_012793,TN_BUREVI_2020,MULTIMODAL,FAIL,non_finite_values_in_sar_pre
TN_BUREVI_2020_023344,TN_BUREVI_2020,MULTIMODAL,FAIL,non_finite_values_in_sar_pre
TN_BUREVI_2020_041758,TN_BUREVI_2020,MULTIMODAL,FAIL,non_finite_values_in_sar_pre
TN_BUREVI_2020_012995,TN_BUREVI_2020,MULTIMODAL,FAIL,non_finite_values_in_sar_pre
TN_BUREVI_2020_013004,TN_BUREVI_2020,MULTIMODAL,FAIL,non_finite_values_in_sar_pre
TN_BUREVI_2020_000007,TN_BUREVI_2020,MULTIMODAL,FAIL,non_finite_values_in_sar_pre
TN_BUREVI_2020_000150,TN_BUREVI_2020,MULTIMODAL,FAIL,non_finite_values_in_sar_pre
TN_BUREVI_2020_013093,TN_BUREVI_2020,MULTIMODAL,FAIL,non_finite_values_in_sar_pre
TN_BUREVI_2020_024245,TN_BUREVI_2020,MULTIMODAL,FAIL,non_finite_values_in_sar_pre
TN_BUREVI_2020_041849,TN_BUREVI_2020,MULTIMODAL,FAIL,non_finite_values_in_sar_pre
TN_BUREVI_2020_042321,TN_BUREVI_2020,MULTIMODAL,FAIL,non_finite_values_in_sar_pre
TN_BUREVI_2020_061427,TN_BUREVI_2020,MULTIMODAL,FAIL,non_finite_values_in_sar_pre
TN_BUREVI_2020_094469,TN_BUREVI_2020,MULTIMODAL,FAIL,non_finite_values_in_sar_pre
TN_BUREVI_2020_094463,TN_BUREVI_2020,MULTIMODAL,FAIL,non_finite_values_in_sar_pre
TN_BUREVI_2020_099285,TN_BUREVI_2020,MULTIMODAL,PASS,none
TN_BUREVI_2020_000545,TN_BUREVI_2020,MULTIMODAL,FAIL,non_finite_values_in_sar_pre
TN_BUREVI_2020_000540,TN_BUREVI_2020,MULTIMODAL,FAIL,non_finite_values_in_sar_pre
TN_BUREVI_2020_013182,TN_BUREVI_2020,MULTIMODAL,FAIL,non_finite_values_in_sar_pre
TN_BUREVI_2020_024233,TN_BUREVI_2020,MULTIMODAL,FAIL,non_finite_values_in_sar_pre
TN_BUREVI_2020_041850,TN_BUREVI_2020,MULTIMODAL,FAIL,non_finite_values_in_sar_pre
TN_BUREVI_2020_043358,TN_BUREVI_2020,MULTIMODAL,FAIL,non_finite_values_in_sar_pre
TN_BUREVI_2020_062974,TN_BUREVI_2020,MULTIMODAL,FAIL,non_finite_values_in_sar_pre
TN_BUREVI_2020_082861,TN_BUREVI_2020,MULTIMODAL,FAIL,non_finite_values_in_sar_pre
TN_BUREVI_2020_094480,TN_BUREVI_2020,MULTIMODAL,PASS,none
TN_BUREVI_2020_099451,TN_BUREVI_2020,MULTIMODAL,PASS,none
TN_BUREVI_2020_000523,TN_BUREVI_2020,MULTIMODAL,FAIL,non_finite_values_in_sar_pre
TN_BUREVI_2020_014785,TN_BUREVI_2020,MULTIMODAL,FAIL,non_finite_values_in_sar_pre
TN_BUREVI_2020_014906,TN_BUREVI_2020,MULTIMODAL,FAIL,non_finite_values_in_sar_pre
TN_BUREVI_2020_025210,TN_BUREVI_2020,MULTIMODAL,FAIL,non_finite_values_in_sar_pre
TN_BUREVI_2020_042415,TN_BUREVI_2020,MULTIMODAL,FAIL,non_finite_values_in_sar_pre
TN_BUREVI_2020_062845,TN_BUREVI_2020,MULTIMODAL,FAIL,non_finite_values_in_sar_pre
TN_BUREVI_2020_062952,TN_BUREVI_2020,MULTIMODAL,FAIL,non_finite_values_in_sar_pre
TN_BUREVI_2020_082729,TN_BUREVI_2020,MULTIMODAL,FAIL,non_finite_values_in_sar_pre
TN_BUREVI_2020_094548,TN_BUREVI_2020,MULTIMODAL,PASS,none
TN_BUREVI_2020_099768,TN_BUREVI_2020,MULTIMODAL,PASS,none
TN_BUREVI_2020_000609,TN_BUREVI_2020,MULTIMODAL,FAIL,non_finite_values_in_sar_pre
TN_BUREVI_2020_003694,TN_BUREVI_2020,MULTIMODAL,FAIL,non_finite_values_in_sar_pre
TN_BUREVI_2020_015181,TN_BUREVI_2020,MULTIMODAL,FAIL,non_finite_values_in_sar_pre
TN_BUREVI_2020_030163,TN_BUREVI_2020,MULTIMODAL,FAIL,non_finite_values_in_sar_pre
TN_BUREVI_2020_045137,TN_BUREVI_2020,MULTIMODAL,FAIL,non_finite_values_in_sar_pre
TN_BUREVI_2020_063987,TN_BUREVI_2020,MULTIMODAL,FAIL,non_finite_values_in_sar_pre
TN_BUREVI_2020_064367,TN_BUREVI_2020,MULTIMODAL,FAIL,non_finite_values_in_sar_pre
TN_BUREVI_2020_083020,TN_BUREVI_2020,MULTIMODAL,FAIL,non_finite_values_in_sar_pre
TN_BUREVI_2020_095065,TN_BUREVI_2020,MULTIMODAL,PASS,none
TN_BUREVI_2020_099779,TN_BUREVI_2020,MULTIMODAL,PASS,none
TN_BUREVI_2020_005446,TN_BUREVI_2020,MULTIMODAL,FAIL,non_finite_values_in_sar_pre
TN_BUREVI_2020_005468,TN_BUREVI_2020,MULTIMODAL,FAIL,non_finite_values_in_sar_pre
TN_BUREVI_2020_016176,TN_BUREVI_2020,MULTIMODAL,FAIL,non_finite_values_in_sar_pre
TN_BUREVI_2020_034739,TN_BUREVI_2020,MULTIMODAL,FAIL,non_finite_values_in_sar_pre
TN_BUREVI_2020_050105,TN_BUREVI_2020,MULTIMODAL,FAIL,non_finite_values_in_sar_pre
TN_BUREVI_2020_067539,TN_BUREVI_2020,MULTIMODAL,FAIL,non_finite_values_in_sar_pre
TN_BUREVI_2020_067584,TN_BUREVI_2020,MULTIMODAL,FAIL,non_finite_values_in_sar_pre
TN_BUREVI_2020_085018,TN_BUREVI_2020,MULTIMODAL,FAIL,non_finite_values_in_sar_pre
TN_BUREVI_2020_096384,TN_BUREVI_2020,MULTIMODAL,PASS,none
TN_BUREVI_2020_100551,TN_BUREVI_2020,MULTIMODAL,PASS,none
TN_BUREVI_2020_010391,TN_BUREVI_2020,MULTIMODAL,FAIL,non_finite_values_in_sar_pre
TN_BUREVI_2020_010670,TN_BUREVI_2020,MULTIMODAL,FAIL,non_finite_values_in_sar_pre
TN_BUREVI_2020_019269,TN_BUREVI_2020,MULTIMODAL,FAIL,non_finite_values_in_sar_pre
TN_BUREVI_2020_035759,TN_BUREVI_2020,MULTIMODAL,FAIL,non_finite_values_in_sar_pre
TN_BUREVI_2020_050733,TN_BUREVI_2020,MULTIMODAL,FAIL,non_finite_values_in_sar_pre
TN_BUREVI_2020_067914,TN_BUREVI_2020,MULTIMODAL,FAIL,non_finite_values_in_sar_pre
TN_BUREVI_2020_068425,TN_BUREVI_2020,MULTIMODAL,FAIL,non_finite_values_in_sar_pre
TN_BUREVI_2020_085964,TN_BUREVI_2020,MULTIMODAL,FAIL,non_finite_values_in_sar_pre
TN_BUREVI_2020_096920,TN_BUREVI_2020,MULTIMODAL,PASS,none
TN_BUREVI_2020_101502,TN_BUREVI_2020,MULTIMODAL,PASS,none
TN_BUREVI_2020_010442,TN_BUREVI_2020,MULTIMODAL,FAIL,non_finite_values_in_sar_pre
TN_BUREVI_2020_010743,TN_BUREVI_2020,MULTIMODAL,FAIL,non_finite_values_in_sar_pre
TN_BUREVI_2020_019403,TN_BUREVI_2020,MULTIMODAL,FAIL,non_finite_values_in_sar_pre
TN_BUREVI_2020_039997,TN_BUREVI_2020,MULTIMODAL,FAIL,non_finite_values_in_sar_pre
TN_BUREVI_2020_055110,TN_BUREVI_2020,MULTIMODAL,FAIL,non_finite_values_in_sar_pre
TN_BUREVI_2020_072514,TN_BUREVI_2020,MULTIMODAL,FAIL,non_finite_values_in_sar_pre
TN_BUREVI_2020_072680,TN_BUREVI_2020,MULTIMODAL,FAIL,non_finite_values_in_sar_pre
TN_BUREVI_2020_087772,TN_BUREVI_2020,MULTIMODAL,FAIL,non_finite_values_in_sar_pre
TN_BUREVI_2020_097172,TN_BUREVI_2020,MULTIMODAL,PASS,none
TN_BUREVI_2020_101492,TN_BUREVI_2020,MULTIMODAL,PASS,none
TN_BUREVI_2020_011789,TN_BUREVI_2020,MULTIMODAL,FAIL,non_finite_values_in_sar_pre
TN_BUREVI_2020_011754,TN_BUREVI_2020,MULTIMODAL,FAIL,non_finite_values_in_sar_pre
TN_BUREVI_2020_022312,TN_BUREVI_2020,MULTIMODAL,FAIL,non_finite_values_in_sar_pre
TN_BUREVI_2020_102167,TN_BUREVI_2020,MULTIMODAL,PASS,none
TN_BUREVI_2020_012840,TN_BUREVI_2020,MULTIMODAL,FAIL,non_finite_values_in_sar_pre
TN_BUREVI_2020_012794,TN_BUREVI_2020,MULTIMODAL,FAIL,non_finite_values_in_sar_pre
TN_BUREVI_2020_023363,TN_BUREVI_2020,MULTIMODAL,FAIL,non_finite_values_in_sar_pre
TN_BUREVI_2020_041759,TN_BUREVI_2020,MULTIMODAL,FAIL,non_finite_values_in_sar_pre
TN_BUREVI_2020_012996,TN_BUREVI_2020,MULTIMODAL,FAIL,non_finite_values_in_sar_pre
TN_BUREVI_2020_013006,TN_BUREVI_2020,MULTIMODAL,FAIL,non_finite_values_in_sar_pre
TN_BUREVI_2020_000008,TN_BUREVI_2020,MULTIMODAL,FAIL,non_finite_values_in_sar_pre
TN_BUREVI_2020_000155,TN_BUREVI_2020,MULTIMODAL,FAIL,non_finite_values_in_sar_pre
TN_BUREVI_2020_013094,TN_BUREVI_2020,MULTIMODAL,FAIL,non_finite_values_in_sar_pre
TN_BUREVI_2020_024246,TN_BUREVI_2020,MULTIMODAL,FAIL,non_finite_values_in_sar_pre
TN_BUREVI_2020_041855,TN_BUREVI_2020,MULTIMODAL,FAIL,non_finite_values_in_sar_pre
TN_BUREVI_2020_042323,TN_BUREVI_2020,MULTIMODAL,FAIL,non_finite_values_in_sar_pre
TN_BUREVI_2020_061428,TN_BUREVI_2020,MULTIMODAL,FAIL,non_finite_values_in_sar_pre
TN_BUREVI_2020_094472,TN_BUREVI_2020,MULTIMODAL,FAIL,non_finite_values_in_sar_pre
TN_BUREVI_2020_094465,TN_BUREVI_2020,MULTIMODAL,FAIL,non_finite_values_in_sar_pre
TN_BUREVI_2020_099286,TN_BUREVI_2020,MULTIMODAL,PASS,none
TN_BUREVI_2020_000553,TN_BUREVI_2020,MULTIMODAL,FAIL,non_finite_values_in_sar_pre
TN_BUREVI_2020_000542,TN_BUREVI_2020,MULTIMODAL,FAIL,non_finite_values_in_sar_pre
TN_BUREVI_2020_013183,TN_BUREVI_2020,MULTIMODAL,FAIL,non_finite_values_in_sar_pre
TN_BUREVI_2020_024234,TN_BUREVI_2020,MULTIMODAL,FAIL,non_finite_values_in_sar_pre
TN_BUREVI_2020_041852,TN_BUREVI_2020,MULTIMODAL,FAIL,non_finite_values_in_sar_pre
TN_BUREVI_2020_043428,TN_BUREVI_2020,MULTIMODAL,FAIL,non_finite_values_in_sar_pre
TN_BUREVI_2020_063004,TN_BUREVI_2020,MULTIMODAL,FAIL,non_finite_values_in_sar_pre
TN_BUREVI_2020_082916,TN_BUREVI_2020,MULTIMODAL,FAIL,non_finite_values_in_sar_pre
TN_BUREVI_2020_094482,TN_BUREVI_2020,MULTIMODAL,PASS,none
TN_BUREVI_2020_099475,TN_BUREVI_2020,MULTIMODAL,PASS,none
TN_BUREVI_2020_000524,TN_BUREVI_2020,MULTIMODAL,FAIL,non_finite_values_in_sar_pre
TN_BUREVI_2020_014787,TN_BUREVI_2020,MULTIMODAL,FAIL,non_finite_values_in_sar_pre
TN_BUREVI_2020_014917,TN_BUREVI_2020,MULTIMODAL,FAIL,non_finite_values_in_sar_pre
TN_BUREVI_2020_025212,TN_BUREVI_2020,MULTIMODAL,FAIL,non_finite_values_in_sar_pre
TN_BUREVI_2020_042417,TN_BUREVI_2020,MULTIMODAL,FAIL,non_finite_values_in_sar_pre
TN_BUREVI_2020_062848,TN_BUREVI_2020,MULTIMODAL,FAIL,non_finite_values_in_sar_pre
TN_BUREVI_2020_062958,TN_BUREVI_2020,MULTIMODAL,FAIL,non_finite_values_in_sar_pre
TN_BUREVI_2020_082732,TN_BUREVI_2020,MULTIMODAL,FAIL,non_finite_values_in_sar_pre
TN_BUREVI_2020_094549,TN_BUREVI_2020,MULTIMODAL,PASS,none
TN_BUREVI_2020_099797,TN_BUREVI_2020,MULTIMODAL,PASS,none
TN_BUREVI_2020_000610,TN_BUREVI_2020,MULTIMODAL,FAIL,non_finite_values_in_sar_pre
TN_BUREVI_2020_004786,TN_BUREVI_2020,MULTIMODAL,FAIL,non_finite_values_in_sar_pre
TN_BUREVI_2020_015184,TN_BUREVI_2020,MULTIMODAL,FAIL,non_finite_values_in_sar_pre
TN_BUREVI_2020_030164,TN_BUREVI_2020,MULTIMODAL,FAIL,non_finite_values_in_sar_pre
TN_BUREVI_2020_045138,TN_BUREVI_2020,MULTIMODAL,FAIL,non_finite_values_in_sar_pre
TN_BUREVI_2020_063989,TN_BUREVI_2020,MULTIMODAL,FAIL,non_finite_values_in_sar_pre
TN_BUREVI_2020_064419,TN_BUREVI_2020,MULTIMODAL,FAIL,non_finite_values_in_sar_pre
TN_BUREVI_2020_083023,TN_BUREVI_2020,MULTIMODAL,FAIL,non_finite_values_in_sar_pre
TN_BUREVI_2020_095066,TN_BUREVI_2020,MULTIMODAL,PASS,none
TN_BUREVI_2020_099780,TN_BUREVI_2020,MULTIMODAL,PASS,none
TN_BUREVI_2020_005447,TN_BUREVI_2020,MULTIMODAL,FAIL,non_finite_values_in_sar_pre
TN_BUREVI_2020_005473,TN_BUREVI_2020,MULTIMODAL,FAIL,non_finite_values_in_sar_pre
TN_BUREVI_2020_016177,TN_BUREVI_2020,MULTIMODAL,FAIL,non_finite_values_in_sar_pre
TN_BUREVI_2020_034741,TN_BUREVI_2020,MULTIMODAL,FAIL,non_finite_values_in_sar_pre
TN_BUREVI_2020_050106,TN_BUREVI_2020,MULTIMODAL,FAIL,non_finite_values_in_sar_pre
TN_BUREVI_2020_067540,TN_BUREVI_2020,MULTIMODAL,FAIL,non_finite_values_in_sar_pre
TN_BUREVI_2020_067596,TN_BUREVI_2020,MULTIMODAL,FAIL,non_finite_values_in_sar_pre
TN_BUREVI_2020_085047,TN_BUREVI_2020,MULTIMODAL,FAIL,non_finite_values_in_sar_pre
TN_BUREVI_2020_096385,TN_BUREVI_2020,MULTIMODAL,PASS,none
TN_BUREVI_2020_100553,TN_BUREVI_2020,MULTIMODAL,PASS,none
TN_BUREVI_2020_010392,TN_BUREVI_2020,MULTIMODAL,FAIL,non_finite_values_in_sar_pre
TN_BUREVI_2020_010686,TN_BUREVI_2020,MULTIMODAL,FAIL,non_finite_values_in_sar_pre
TN_BUREVI_2020_019273,TN_BUREVI_2020,MULTIMODAL,FAIL,non_finite_values_in_sar_pre
TN_BUREVI_2020_035810,TN_BUREVI_2020,MULTIMODAL,FAIL,non_finite_values_in_sar_pre
TN_BUREVI_2020_050833,TN_BUREVI_2020,MULTIMODAL,FAIL,non_finite_values_in_sar_pre
TN_BUREVI_2020_067935,TN_BUREVI_2020,MULTIMODAL,FAIL,non_finite_values_in_sar_pre
TN_BUREVI_2020_068596,TN_BUREVI_2020,MULTIMODAL,FAIL,non_finite_values_in_sar_pre
TN_BUREVI_2020_087323,TN_BUREVI_2020,MULTIMODAL,FAIL,non_finite_values_in_sar_pre
TN_BUREVI_2020_096951,TN_BUREVI_2020,MULTIMODAL,PASS,none
TN_BUREVI_2020_101503,TN_BUREVI_2020,MULTIMODAL,PASS,none
TN_BUREVI_2020_010446,TN_BUREVI_2020,MULTIMODAL,FAIL,non_finite_values_in_sar_pre
TN_BUREVI_2020_010818,TN_BUREVI_2020,MULTIMODAL,FAIL,non_finite_values_in_sar_pre
TN_BUREVI_2020_019406,TN_BUREVI_2020,MULTIMODAL,FAIL,non_finite_values_in_sar_pre
TN_BUREVI_2020_040116,TN_BUREVI_2020,MULTIMODAL,FAIL,non_finite_values_in_sar_pre
TN_BUREVI_2020_055122,TN_BUREVI_2020,MULTIMODAL,FAIL,non_finite_values_in_sar_pre
TN_BUREVI_2020_072516,TN_BUREVI_2020,MULTIMODAL,FAIL,non_finite_values_in_sar_pre
TN_BUREVI_2020_072700,TN_BUREVI_2020,MULTIMODAL,FAIL,non_finite_values_in_sar_pre
TN_BUREVI_2020_087799,TN_BUREVI_2020,MULTIMODAL,FAIL,non_finite_values_in_sar_pre
TN_BUREVI_2020_097193,TN_BUREVI_2020,MULTIMODAL,PASS,none
TN_BUREVI_2020_101493,TN_BUREVI_2020,MULTIMODAL,PASS,none
TN_BUREVI_2020_011797,TN_BUREVI_2020,MULTIMODAL,FAIL,non_finite_values_in_sar_pre
TN_BUREVI_2020_011770,TN_BUREVI_2020,MULTIMODAL,FAIL,non_finite_values_in_sar_pre
TN_BUREVI_2020_022332,TN_BUREVI_2020,MULTIMODAL,FAIL,non_finite_values_in_sar_pre
TN_BUREVI_2020_012848,TN_BUREVI_2020,MULTIMODAL,FAIL,non_finite_values_in_sar_pre
TN_BUREVI_2020_012795,TN_BUREVI_2020,MULTIMODAL,FAIL,non_finite_values_in_sar_pre
TN_BUREVI_2020_023365,TN_BUREVI_2020,MULTIMODAL,FAIL,non_finite_values_in_sar_pre
TN_BUREVI_2020_041760,TN_BUREVI_2020,MULTIMODAL,FAIL,non_finite_values_in_sar_pre
TN_BUREVI_2020_012998,TN_BUREVI_2020,MULTIMODAL,FAIL,non_finite_values_in_sar_pre
TN_BUREVI_2020_013007,TN_BUREVI_2020,MULTIMODAL,FAIL,non_finite_values_in_sar_pre
TN_BUREVI_2020_000009,TN_BUREVI_2020,MULTIMODAL,FAIL,non_finite_values_in_sar_pre
TN_BUREVI_2020_000164,TN_BUREVI_2020,MULTIMODAL,FAIL,non_finite_values_in_sar_pre
TN_BUREVI_2020_013095,TN_BUREVI_2020,MULTIMODAL,FAIL,non_finite_values_in_sar_pre
TN_BUREVI_2020_024254,TN_BUREVI_2020,MULTIMODAL,FAIL,non_finite_values_in_sar_pre
TN_BUREVI_2020_041857,TN_BUREVI_2020,MULTIMODAL,FAIL,non_finite_values_in_sar_pre
TN_BUREVI_2020_061395,TN_BUREVI_2020,MULTIMODAL,FAIL,non_finite_values_in_sar_pre
TN_BUREVI_2020_061433,TN_BUREVI_2020,MULTIMODAL,FAIL,non_finite_values_in_sar_pre
TN_BUREVI_2020_094475,TN_BUREVI_2020,MULTIMODAL,FAIL,non_finite_values_in_sar_pre
TN_BUREVI_2020_094468,TN_BUREVI_2020,MULTIMODAL,PASS,none
TN_BUREVI_2020_099287,TN_BUREVI_2020,MULTIMODAL,PASS,none
TN_BUREVI_2020_000570,TN_BUREVI_2020,MULTIMODAL,FAIL,non_finite_values_in_sar_pre
TN_BUREVI_2020_000543,TN_BUREVI_2020,MULTIMODAL,FAIL,non_finite_values_in_sar_pre
TN_BUREVI_2020_013185,TN_BUREVI_2020,MULTIMODAL,FAIL,non_finite_values_in_sar_pre
TN_BUREVI_2020_024235,TN_BUREVI_2020,MULTIMODAL,FAIL,non_finite_values_in_sar_pre
TN_BUREVI_2020_041853,TN_BUREVI_2020,MULTIMODAL,FAIL,non_finite_values_in_sar_pre
TN_BUREVI_2020_043915,TN_BUREVI_2020,MULTIMODAL,FAIL,non_finite_values_in_sar_pre
TN_BUREVI_2020_063031,TN_BUREVI_2020,MULTIMODAL,FAIL,non_finite_values_in_sar_pre
TN_BUREVI_2020_094748,TN_BUREVI_2020,MULTIMODAL,FAIL,non_finite_values_in_sar_pre
TN_BUREVI_2020_094489,TN_BUREVI_2020,MULTIMODAL,FAIL,non_finite_values_in_sar_pre
TN_BUREVI_2020_099484,TN_BUREVI_2020,MULTIMODAL,PASS,none
TN_BUREVI_2020_000526,TN_BUREVI_2020,MULTIMODAL,FAIL,non_finite_values_in_sar_pre
TN_BUREVI_2020_014788,TN_BUREVI_2020,MULTIMODAL,FAIL,non_finite_values_in_sar_pre
TN_BUREVI_2020_014921,TN_BUREVI_2020,MULTIMODAL,FAIL,non_finite_values_in_sar_pre
TN_BUREVI_2020_025215,TN_BUREVI_2020,MULTIMODAL,FAIL,non_finite_values_in_sar_pre
TN_BUREVI_2020_042419,TN_BUREVI_2020,MULTIMODAL,FAIL,non_finite_values_in_sar_pre
TN_BUREVI_2020_062850,TN_BUREVI_2020,MULTIMODAL,FAIL,non_finite_values_in_sar_pre
TN_BUREVI_2020_062963,TN_BUREVI_2020,MULTIMODAL,FAIL,non_finite_values_in_sar_pre
TN_BUREVI_2020_082744,TN_BUREVI_2020,MULTIMODAL,FAIL,non_finite_values_in_sar_pre
TN_BUREVI_2020_094555,TN_BUREVI_2020,MULTIMODAL,PASS,none
TN_BUREVI_2020_099813,TN_BUREVI_2020,MULTIMODAL,PASS,none
TN_BUREVI_2020_000611,TN_BUREVI_2020,MULTIMODAL,FAIL,non_finite_values_in_sar_pre
TN_BUREVI_2020_005448,TN_BUREVI_2020,MULTIMODAL,FAIL,non_finite_values_in_sar_pre
TN_BUREVI_2020_015186,TN_BUREVI_2020,MULTIMODAL,FAIL,non_finite_values_in_sar_pre
TN_BUREVI_2020_030165,TN_BUREVI_2020,MULTIMODAL,FAIL,non_finite_values_in_sar_pre
TN_BUREVI_2020_045139,TN_BUREVI_2020,MULTIMODAL,FAIL,non_finite_values_in_sar_pre
TN_BUREVI_2020_063990,TN_BUREVI_2020,MULTIMODAL,FAIL,non_finite_values_in_sar_pre
TN_BUREVI_2020_064456,TN_BUREVI_2020,MULTIMODAL,FAIL,non_finite_values_in_sar_pre
TN_BUREVI_2020_083025,TN_BUREVI_2020,MULTIMODAL,FAIL,non_finite_values_in_sar_pre
TN_BUREVI_2020_095073,TN_BUREVI_2020,MULTIMODAL,PASS,none
TN_BUREVI_2020_099781,TN_BUREVI_2020,MULTIMODAL,PASS,none
TN_BUREVI_2020_005449,TN_BUREVI_2020,MULTIMODAL,FAIL,non_finite_values_in_sar_pre
TN_BUREVI_2020_005481,TN_BUREVI_2020,MULTIMODAL,FAIL,non_finite_values_in_sar_pre
TN_BUREVI_2020_016179,TN_BUREVI_2020,MULTIMODAL,FAIL,non_finite_values_in_sar_pre
TN_BUREVI_2020_034742,TN_BUREVI_2020,MULTIMODAL,FAIL,non_finite_values_in_sar_pre
TN_BUREVI_2020_050107,TN_BUREVI_2020,MULTIMODAL,FAIL,non_finite_values_in_sar_pre
TN_BUREVI_2020_067542,TN_BUREVI_2020,MULTIMODAL,FAIL,non_finite_values_in_sar_pre
TN_BUREVI_2020_067610,TN_BUREVI_2020,MULTIMODAL,FAIL,non_finite_values_in_sar_pre
TN_BUREVI_2020_085062,TN_BUREVI_2020,MULTIMODAL,FAIL,non_finite_values_in_sar_pre
TN_BUREVI_2020_096386,TN_BUREVI_2020,MULTIMODAL,PASS,none
TN_BUREVI_2020_100554,TN_BUREVI_2020,MULTIMODAL,PASS,none
TN_BUREVI_2020_010393,TN_BUREVI_2020,MULTIMODAL,FAIL,non_finite_values_in_sar_pre
TN_BUREVI_2020_010761,TN_BUREVI_2020,MULTIMODAL,FAIL,non_finite_values_in_sar_pre
TN_BUREVI_2020_019277,TN_BUREVI_2020,MULTIMODAL,FAIL,non_finite_values_in_sar_pre
TN_BUREVI_2020_036471,TN_BUREVI_2020,MULTIMODAL,FAIL,non_finite_values_in_sar_pre
TN_BUREVI_2020_051145,TN_BUREVI_2020,MULTIMODAL,FAIL,non_finite_values_in_sar_pre
TN_BUREVI_2020_067959,TN_BUREVI_2020,MULTIMODAL,FAIL,non_finite_values_in_sar_pre
TN_BUREVI_2020_068652,TN_BUREVI_2020,MULTIMODAL,FAIL,non_finite_values_in_sar_pre
TN_BUREVI_2020_087599,TN_BUREVI_2020,MULTIMODAL,FAIL,non_finite_values_in_sar_pre
TN_BUREVI_2020_097117,TN_BUREVI_2020,MULTIMODAL,PASS,none
TN_BUREVI_2020_101506,TN_BUREVI_2020,MULTIMODAL,PASS,none
TN_BUREVI_2020_010450,TN_BUREVI_2020,MULTIMODAL,FAIL,non_finite_values_in_sar_pre
TN_BUREVI_2020_010998,TN_BUREVI_2020,MULTIMODAL,FAIL,non_finite_values_in_sar_pre
TN_BUREVI_2020_019421,TN_BUREVI_2020,MULTIMODAL,FAIL,non_finite_values_in_sar_pre
TN_BUREVI_2020_040133,TN_BUREVI_2020,MULTIMODAL,FAIL,non_finite_values_in_sar_pre
TN_BUREVI_2020_055124,TN_BUREVI_2020,MULTIMODAL,FAIL,non_finite_values_in_sar_pre
TN_BUREVI_2020_072532,TN_BUREVI_2020,MULTIMODAL,FAIL,non_finite_values_in_sar_pre
TN_BUREVI_2020_072718,TN_BUREVI_2020,MULTIMODAL,FAIL,non_finite_values_in_sar_pre
TN_BUREVI_2020_087801,TN_BUREVI_2020,MULTIMODAL,FAIL,non_finite_values_in_sar_pre
TN_BUREVI_2020_097214,TN_BUREVI_2020,MULTIMODAL,PASS,none
TN_BUREVI_2020_101494,TN_BUREVI_2020,MULTIMODAL,PASS,none
TN_BUREVI_2020_011811,TN_BUREVI_2020,MULTIMODAL,FAIL,non_finite_values_in_sar_pre
TN_BUREVI_2020_011778,TN_BUREVI_2020,MULTIMODAL,FAIL,non_finite_values_in_sar_pre
TN_BUREVI_2020_022335,TN_BUREVI_2020,MULTIMODAL,FAIL,non_finite_values_in_sar_pre
TN_BUREVI_2020_012857,TN_BUREVI_2020,MULTIMODAL,FAIL,non_finite_values_in_sar_pre
TN_BUREVI_2020_012799,TN_BUREVI_2020,MULTIMODAL,FAIL,non_finite_values_in_sar_pre
TN_BUREVI_2020_023388,TN_BUREVI_2020,MULTIMODAL,FAIL,non_finite_values_in_sar_pre
TN_BUREVI_2020_041762,TN_BUREVI_2020,MULTIMODAL,FAIL,non_finite_values_in_sar_pre
TN_BUREVI_2020_012999,TN_BUREVI_2020,MULTIMODAL,FAIL,non_finite_values_in_sar_pre
TN_BUREVI_2020_013009,TN_BUREVI_2020,MULTIMODAL,FAIL,non_finite_values_in_sar_pre
TN_BUREVI_2020_000010,TN_BUREVI_2020,MULTIMODAL,FAIL,non_finite_values_in_sar_pre
TN_BUREVI_2020_000181,TN_BUREVI_2020,MULTIMODAL,FAIL,non_finite_values_in_sar_pre
TN_BUREVI_2020_013098,TN_BUREVI_2020,MULTIMODAL,FAIL,non_finite_values_in_sar_pre
TN_BUREVI_2020_024255,TN_BUREVI_2020,MULTIMODAL,FAIL,non_finite_values_in_sar_pre
TN_BUREVI_2020_041859,TN_BUREVI_2020,MULTIMODAL,FAIL,non_finite_values_in_sar_pre
TN_BUREVI_2020_061396,TN_BUREVI_2020,MULTIMODAL,FAIL,non_finite_values_in_sar_pre
TN_BUREVI_2020_061434,TN_BUREVI_2020,MULTIMODAL,FAIL,non_finite_values_in_sar_pre
TN_BUREVI_2020_094477,TN_BUREVI_2020,MULTIMODAL,FAIL,non_finite_values_in_sar_pre
TN_BUREVI_2020_094470,TN_BUREVI_2020,MULTIMODAL,FAIL,non_finite_values_in_sar_pre
TN_BUREVI_2020_099288,TN_BUREVI_2020,MULTIMODAL,PASS,none
TN_BUREVI_2020_000583,TN_BUREVI_2020,MULTIMODAL,FAIL,non_finite_values_in_sar_pre
TN_BUREVI_2020_000547,TN_BUREVI_2020,MULTIMODAL,FAIL,non_finite_values_in_sar_pre
TN_BUREVI_2020_013196,TN_BUREVI_2020,MULTIMODAL,FAIL,non_finite_values_in_sar_pre
TN_BUREVI_2020_024242,TN_BUREVI_2020,MULTIMODAL,FAIL,non_finite_values_in_sar_pre
TN_BUREVI_2020_041854,TN_BUREVI_2020,MULTIMODAL,FAIL,non_finite_values_in_sar_pre
TN_BUREVI_2020_044052,TN_BUREVI_2020,MULTIMODAL,FAIL,non_finite_values_in_sar_pre
TN_BUREVI_2020_063081,TN_BUREVI_2020,MULTIMODAL,FAIL,non_finite_values_in_sar_pre
TN_BUREVI_2020_094804,TN_BUREVI_2020,MULTIMODAL,FAIL,non_finite_values_in_sar_pre
TN_BUREVI_2020_094493,TN_BUREVI_2020,MULTIMODAL,PASS,none
TN_BUREVI_2020_099501,TN_BUREVI_2020,MULTIMODAL,PASS,none
TN_BUREVI_2020_000527,TN_BUREVI_2020,MULTIMODAL,FAIL,non_finite_values_in_sar_pre
TN_BUREVI_2020_014789,TN_BUREVI_2020,MULTIMODAL,FAIL,non_finite_values_in_sar_pre
TN_BUREVI_2020_014930,TN_BUREVI_2020,MULTIMODAL,FAIL,non_finite_values_in_sar_pre
TN_BUREVI_2020_025226,TN_BUREVI_2020,MULTIMODAL,FAIL,non_finite_values_in_sar_pre
TN_BUREVI_2020_042420,TN_BUREVI_2020,MULTIMODAL,FAIL,non_finite_values_in_sar_pre
TN_BUREVI_2020_062853,TN_BUREVI_2020,MULTIMODAL,FAIL,non_finite_values_in_sar_pre
TN_BUREVI_2020_062964,TN_BUREVI_2020,MULTIMODAL,FAIL,non_finite_values_in_sar_pre
TN_BUREVI_2020_082755,TN_BUREVI_2020,MULTIMODAL,FAIL,non_finite_values_in_sar_pre
TN_BUREVI_2020_094560,TN_BUREVI_2020,MULTIMODAL,PASS,none
TN_BUREVI_2020_099877,TN_BUREVI_2020,MULTIMODAL,PASS,none
TN_BUREVI_2020_000612,TN_BUREVI_2020,MULTIMODAL,FAIL,non_finite_values_in_sar_pre
TN_BUREVI_2020_005516,TN_BUREVI_2020,MULTIMODAL,FAIL,non_finite_values_in_sar_pre
TN_BUREVI_2020_015188,TN_BUREVI_2020,MULTIMODAL,FAIL,non_finite_values_in_sar_pre
TN_BUREVI_2020_030166,TN_BUREVI_2020,MULTIMODAL,FAIL,non_finite_values_in_sar_pre
TN_BUREVI_2020_045141,TN_BUREVI_2020,MULTIMODAL,FAIL,non_finite_values_in_sar_pre
TN_BUREVI_2020_063993,TN_BUREVI_2020,MULTIMODAL,FAIL,non_finite_values_in_sar_pre
TN_BUREVI_2020_064506,TN_BUREVI_2020,MULTIMODAL,FAIL,non_finite_values_in_sar_pre
TN_BUREVI_2020_083026,TN_BUREVI_2020,MULTIMODAL,FAIL,non_finite_values_in_sar_pre
TN_BUREVI_2020_095080,TN_BUREVI_2020,MULTIMODAL,PASS,none
TN_BUREVI_2020_099785,TN_BUREVI_2020,MULTIMODAL,PASS,none
TN_BUREVI_2020_005455,TN_BUREVI_2020,MULTIMODAL,FAIL,non_finite_values_in_sar_pre
TN_BUREVI_2020_005487,TN_BUREVI_2020,MULTIMODAL,FAIL,non_finite_values_in_sar_pre
TN_BUREVI_2020_016180,TN_BUREVI_2020,MULTIMODAL,FAIL,non_finite_values_in_sar_pre
TN_BUREVI_2020_034743,TN_BUREVI_2020,MULTIMODAL,FAIL,non_finite_values_in_sar_pre
TN_BUREVI_2020_050108,TN_BUREVI_2020,MULTIMODAL,FAIL,non_finite_values_in_sar_pre
TN_BUREVI_2020_067544,TN_BUREVI_2020,MULTIMODAL,FAIL,non_finite_values_in_sar_pre
TN_BUREVI_2020_067611,TN_BUREVI_2020,MULTIMODAL,FAIL,non_finite_values_in_sar_pre
TN_BUREVI_2020_085064,TN_BUREVI_2020,MULTIMODAL,FAIL,non_finite_values_in_sar_pre
TN_BUREVI_2020_096387,TN_BUREVI_2020,MULTIMODAL,PASS,none
TN_BUREVI_2020_100555,TN_BUREVI_2020,MULTIMODAL,PASS,none
TN_BUREVI_2020_010394,TN_BUREVI_2020,MULTIMODAL,FAIL,non_finite_values_in_sar_pre
TN_BUREVI_2020_010777,TN_BUREVI_2020,MULTIMODAL,FAIL,non_finite_values_in_sar_pre
TN_BUREVI_2020_019278,TN_BUREVI_2020,MULTIMODAL,FAIL,non_finite_values_in_sar_pre
TN_BUREVI_2020_036619,TN_BUREVI_2020,MULTIMODAL,FAIL,non_finite_values_in_sar_pre
TN_BUREVI_2020_051175,TN_BUREVI_2020,MULTIMODAL,FAIL,non_finite_values_in_sar_pre
TN_BUREVI_2020_068024,TN_BUREVI_2020,MULTIMODAL,FAIL,non_finite_values_in_sar_pre
TN_BUREVI_2020_068887,TN_BUREVI_2020,MULTIMODAL,FAIL,non_finite_values_in_sar_pre
TN_BUREVI_2020_087607,TN_BUREVI_2020,MULTIMODAL,FAIL,non_finite_values_in_sar_pre
TN_BUREVI_2020_097119,TN_BUREVI_2020,MULTIMODAL,PASS,none
TN_BUREVI_2020_101512,TN_BUREVI_2020,MULTIMODAL,PASS,none
TN_BUREVI_2020_010452,TN_BUREVI_2020,MULTIMODAL,FAIL,non_finite_values_in_sar_pre
TN_BUREVI_2020_011536,TN_BUREVI_2020,MULTIMODAL,FAIL,non_finite_values_in_sar_pre
TN_BUREVI_2020_019442,TN_BUREVI_2020,MULTIMODAL,FAIL,non_finite_values_in_sar_pre
TN_BUREVI_2020_040160,TN_BUREVI_2020,MULTIMODAL,FAIL,non_finite_values_in_sar_pre
TN_BUREVI_2020_055131,TN_BUREVI_2020,MULTIMODAL,FAIL,non_finite_values_in_sar_pre
TN_BUREVI_2020_072535,TN_BUREVI_2020,MULTIMODAL,FAIL,non_finite_values_in_sar_pre
TN_BUREVI_2020_072721,TN_BUREVI_2020,MULTIMODAL,FAIL,non_finite_values_in_sar_pre
TN_BUREVI_2020_087832,TN_BUREVI_2020,MULTIMODAL,FAIL,non_finite_values_in_sar_pre
TN_BUREVI_2020_097225,TN_BUREVI_2020,MULTIMODAL,PASS,none
TN_BUREVI_2020_101495,TN_BUREVI_2020,MULTIMODAL,PASS,none
TN_BUREVI_2020_011815,TN_BUREVI_2020,MULTIMODAL,FAIL,non_finite_values_in_sar_pre
TN_BUREVI_2020_011784,TN_BUREVI_2020,MULTIMODAL,FAIL,non_finite_values_in_sar_pre
TN_BUREVI_2020_022340,TN_BUREVI_2020,MULTIMODAL,FAIL,non_finite_values_in_sar_pre
TN_BUREVI_2020_012865,TN_BUREVI_2020,MULTIMODAL,FAIL,non_finite_values_in_sar_pre
TN_BUREVI_2020_012800,TN_BUREVI_2020,MULTIMODAL,FAIL,non_finite_values_in_sar_pre
TN_BUREVI_2020_023514,TN_BUREVI_2020,MULTIMODAL,FAIL,non_finite_values_in_sar_pre
TN_BUREVI_2020_041765,TN_BUREVI_2020,MULTIMODAL,FAIL,non_finite_values_in_sar_pre
TN_BUREVI_2020_013001,TN_BUREVI_2020,MULTIMODAL,FAIL,non_finite_values_in_sar_pre
TN_BUREVI_2020_013022,TN_BUREVI_2020,MULTIMODAL,FAIL,non_finite_values_in_sar_pre
TN_BUREVI_2020_000011,TN_BUREVI_2020,MULTIMODAL,FAIL,non_finite_values_in_sar_pre
TN_BUREVI_2020_000182,TN_BUREVI_2020,MULTIMODAL,FAIL,non_finite_values_in_sar_pre
TN_BUREVI_2020_013099,TN_BUREVI_2020,MULTIMODAL,FAIL,non_finite_values_in_sar_pre
TN_BUREVI_2020_024264,TN_BUREVI_2020,MULTIMODAL,FAIL,non_finite_values_in_sar_pre
TN_BUREVI_2020_041868,TN_BUREVI_2020,MULTIMODAL,FAIL,non_finite_values_in_sar_pre
TN_BUREVI_2020_061401,TN_BUREVI_2020,MULTIMODAL,FAIL,non_finite_values_in_sar_pre
TN_BUREVI_2020_061437,TN_BUREVI_2020,MULTIMODAL,FAIL,non_finite_values_in_sar_pre
TN_BUREVI_2020_094478,TN_BUREVI_2020,MULTIMODAL,FAIL,non_finite_values_in_sar_pre
TN_BUREVI_2020_094471,TN_BUREVI_2020,MULTIMODAL,PASS,none
TN_BUREVI_2020_099289,TN_BUREVI_2020,MULTIMODAL,PASS,none
TN_BUREVI_2020_000584,TN_BUREVI_2020,MULTIMODAL,FAIL,non_finite_values_in_sar_pre
TN_BUREVI_2020_000549,TN_BUREVI_2020,MULTIMODAL,FAIL,non_finite_values_in_sar_pre
TN_BUREVI_2020_013233,TN_BUREVI_2020,MULTIMODAL,FAIL,non_finite_values_in_sar_pre
TN_BUREVI_2020_024252,TN_BUREVI_2020,MULTIMODAL,FAIL,non_finite_values_in_sar_pre
TN_BUREVI_2020_041856,TN_BUREVI_2020,MULTIMODAL,FAIL,non_finite_values_in_sar_pre
TN_BUREVI_2020_044120,TN_BUREVI_2020,MULTIMODAL,FAIL,non_finite_values_in_sar_pre
TN_BUREVI_2020_063103,TN_BUREVI_2020,MULTIMODAL,FAIL,non_finite_values_in_sar_pre
TN_BUREVI_2020_094494,TN_BUREVI_2020,MULTIMODAL,PASS,none
TN_BUREVI_2020_099554,TN_BUREVI_2020,MULTIMODAL,PASS,none
TN_BUREVI_2020_000530,TN_BUREVI_2020,MULTIMODAL,FAIL,non_finite_values_in_sar_pre
TN_BUREVI_2020_014790,TN_BUREVI_2020,MULTIMODAL,FAIL,non_finite_values_in_sar_pre
TN_BUREVI_2020_014942,TN_BUREVI_2020,MULTIMODAL,FAIL,non_finite_values_in_sar_pre
TN_BUREVI_2020_025232,TN_BUREVI_2020,MULTIMODAL,FAIL,non_finite_values_in_sar_pre
TN_BUREVI_2020_042421,TN_BUREVI_2020,MULTIMODAL,FAIL,non_finite_values_in_sar_pre
TN_BUREVI_2020_062854,TN_BUREVI_2020,MULTIMODAL,FAIL,non_finite_values_in_sar_pre
TN_BUREVI_2020_062965,TN_BUREVI_2020,MULTIMODAL,FAIL,non_finite_values_in_sar_pre
TN_BUREVI_2020_082787,TN_BUREVI_2020,MULTIMODAL,FAIL,non_finite_values_in_sar_pre
TN_BUREVI_2020_094562,TN_BUREVI_2020,MULTIMODAL,PASS,none
TN_BUREVI_2020_099903,TN_BUREVI_2020,MULTIMODAL,PASS,none
TN_BUREVI_2020_000613,TN_BUREVI_2020,MULTIMODAL,FAIL,non_finite_values_in_sar_pre
TN_BUREVI_2020_005637,TN_BUREVI_2020,MULTIMODAL,FAIL,non_finite_values_in_sar_pre
TN_BUREVI_2020_015189,TN_BUREVI_2020,MULTIMODAL,FAIL,non_finite_values_in_sar_pre
TN_BUREVI_2020_030167,TN_BUREVI_2020,MULTIMODAL,FAIL,non_finite_values_in_sar_pre
TN_BUREVI_2020_045142,TN_BUREVI_2020,MULTIMODAL,FAIL,non_finite_values_in_sar_pre
TN_BUREVI_2020_063994,TN_BUREVI_2020,MULTIMODAL,FAIL,non_finite_values_in_sar_pre
TN_BUREVI_2020_064521,TN_BUREVI_2020,MULTIMODAL,FAIL,non_finite_values_in_sar_pre
TN_BUREVI_2020_083034,TN_BUREVI_2020,MULTIMODAL,FAIL,non_finite_values_in_sar_pre
TN_BUREVI_2020_095082,TN_BUREVI_2020,MULTIMODAL,PASS,none
TN_BUREVI_2020_099786,TN_BUREVI_2020,MULTIMODAL,PASS,none
TN_BUREVI_2020_005457,TN_BUREVI_2020,MULTIMODAL,FAIL,non_finite_values_in_sar_pre
TN_BUREVI_2020_005507,TN_BUREVI_2020,MULTIMODAL,FAIL,non_finite_values_in_sar_pre
TN_BUREVI_2020_016181,TN_BUREVI_2020,MULTIMODAL,FAIL,non_finite_values_in_sar_pre
TN_BUREVI_2020_034744,TN_BUREVI_2020,MULTIMODAL,FAIL,non_finite_values_in_sar_pre
TN_BUREVI_2020_050109,TN_BUREVI_2020,MULTIMODAL,FAIL,non_finite_values_in_sar_pre
TN_BUREVI_2020_067545,TN_BUREVI_2020,MULTIMODAL,FAIL,non_finite_values_in_sar_pre
TN_BUREVI_2020_067622,TN_BUREVI_2020,MULTIMODAL,FAIL,non_finite_values_in_sar_pre
TN_BUREVI_2020_085073,TN_BUREVI_2020,MULTIMODAL,FAIL,non_finite_values_in_sar_pre
TN_BUREVI_2020_096388,TN_BUREVI_2020,MULTIMODAL,PASS,none
TN_BUREVI_2020_100556,TN_BUREVI_2020,MULTIMODAL,PASS,none
TN_BUREVI_2020_010395,TN_BUREVI_2020,MULTIMODAL,FAIL,non_finite_values_in_sar_pre
TN_BUREVI_2020_010807,TN_BUREVI_2020,MULTIMODAL,FAIL,non_finite_values_in_sar_pre
TN_BUREVI_2020_019283,TN_BUREVI_2020,MULTIMODAL,FAIL,non_finite_values_in_sar_pre
TN_BUREVI_2020_036698,TN_BUREVI_2020,MULTIMODAL,FAIL,non_finite_values_in_sar_pre
TN_BUREVI_2020_051203,TN_BUREVI_2020,MULTIMODAL,FAIL,non_finite_values_in_sar_pre
TN_BUREVI_2020_068038,TN_BUREVI_2020,MULTIMODAL,FAIL,non_finite_values_in_sar_pre
TN_BUREVI_2020_069042,TN_BUREVI_2020,MULTIMODAL,FAIL,non_finite_values_in_sar_pre
TN_BUREVI_2020_087610,TN_BUREVI_2020,MULTIMODAL,FAIL,non_finite_values_in_sar_pre
TN_BUREVI_2020_097125,TN_BUREVI_2020,MULTIMODAL,PASS,none
TN_BUREVI_2020_101517,TN_BUREVI_2020,MULTIMODAL,PASS,none
TN_BUREVI_2020_010472,TN_BUREVI_2020,MULTIMODAL,FAIL,non_finite_values_in_sar_pre
TN_BUREVI_2020_011614,TN_BUREVI_2020,MULTIMODAL,FAIL,non_finite_values_in_sar_pre
TN_BUREVI_2020_019446,TN_BUREVI_2020,MULTIMODAL,FAIL,non_finite_values_in_sar_pre
TN_BUREVI_2020_040163,TN_BUREVI_2020,MULTIMODAL,FAIL,non_finite_values_in_sar_pre
TN_BUREVI_2020_055132,TN_BUREVI_2020,MULTIMODAL,FAIL,non_finite_values_in_sar_pre
TN_BUREVI_2020_072536,TN_BUREVI_2020,MULTIMODAL,FAIL,non_finite_values_in_sar_pre
TN_BUREVI_2020_072723,TN_BUREVI_2020,MULTIMODAL,FAIL,non_finite_values_in_sar_pre
TN_BUREVI_2020_087853,TN_BUREVI_2020,MULTIMODAL,PASS,none
TN_BUREVI_2020_097230,TN_BUREVI_2020,MULTIMODAL,PASS,none
TN_BUREVI_2020_101496,TN_BUREVI_2020,MULTIMODAL,PASS,none
TN_BUREVI_2020_011830,TN_BUREVI_2020,MULTIMODAL,FAIL,non_finite_values_in_sar_pre
TN_BUREVI_2020_011785,TN_BUREVI_2020,MULTIMODAL,FAIL,non_finite_values_in_sar_pre
TN_BUREVI_2020_022347,TN_BUREVI_2020,MULTIMODAL,FAIL,non_finite_values_in_sar_pre
TN_BUREVI_2020_012870,TN_BUREVI_2020,MULTIMODAL,FAIL,non_finite_values_in_sar_pre
TN_BUREVI_2020_012805,TN_BUREVI_2020,MULTIMODAL,FAIL,non_finite_values_in_sar_pre
TN_BUREVI_2020_023757,TN_BUREVI_2020,MULTIMODAL,FAIL,non_finite_values_in_sar_pre
TN_BUREVI_2020_041766,TN_BUREVI_2020,MULTIMODAL,FAIL,non_finite_values_in_sar_pre
TN_BUREVI_2020_013002,TN_BUREVI_2020,MULTIMODAL,FAIL,non_finite_values_in_sar_pre
TN_BUREVI_2020_013025,TN_BUREVI_2020,MULTIMODAL,FAIL,non_finite_values_in_sar_pre
TN_BUREVI_2020_000012,TN_BUREVI_2020,MULTIMODAL,FAIL,non_finite_values_in_sar_pre
TN_BUREVI_2020_000195,TN_BUREVI_2020,MULTIMODAL,FAIL,non_finite_values_in_sar_pre
TN_BUREVI_2020_013101,TN_BUREVI_2020,MULTIMODAL,FAIL,non_finite_values_in_sar_pre
TN_BUREVI_2020_024265,TN_BUREVI_2020,MULTIMODAL,FAIL,non_finite_values_in_sar_pre
TN_BUREVI_2020_041869,TN_BUREVI_2020,MULTIMODAL,FAIL,non_finite_values_in_sar_pre
TN_BUREVI_2020_061402,TN_BUREVI_2020,MULTIMODAL,FAIL,non_finite_values_in_sar_pre
TN_BUREVI_2020_061441,TN_BUREVI_2020,MULTIMODAL,FAIL,non_finite_values_in_sar_pre
TN_BUREVI_2020_094483,TN_BUREVI_2020,MULTIMODAL,FAIL,non_finite_values_in_sar_pre
TN_BUREVI_2020_094473,TN_BUREVI_2020,MULTIMODAL,PASS,none
TN_BUREVI_2020_099290,TN_BUREVI_2020,MULTIMODAL,PASS,none
TN_BUREVI_2020_000589,TN_BUREVI_2020,MULTIMODAL,FAIL,non_finite_values_in_sar_pre
TN_BUREVI_2020_000551,TN_BUREVI_2020,MULTIMODAL,FAIL,non_finite_values_in_sar_pre
TN_BUREVI_2020_013241,TN_BUREVI_2020,MULTIMODAL,FAIL,non_finite_values_in_sar_pre
TN_BUREVI_2020_024256,TN_BUREVI_2020,MULTIMODAL,FAIL,non_finite_values_in_sar_pre
TN_BUREVI_2020_041858,TN_BUREVI_2020,MULTIMODAL,FAIL,non_finite_values_in_sar_pre
TN_BUREVI_2020_044263,TN_BUREVI_2020,MULTIMODAL,FAIL,non_finite_values_in_sar_pre
TN_BUREVI_2020_063154,TN_BUREVI_2020,MULTIMODAL,FAIL,non_finite_values_in_sar_pre
TN_BUREVI_2020_094496,TN_BUREVI_2020,MULTIMODAL,PASS,none
TN_BUREVI_2020_099608,TN_BUREVI_2020,MULTIMODAL,PASS,none
TN_BUREVI_2020_000531,TN_BUREVI_2020,MULTIMODAL,FAIL,non_finite_values_in_sar_pre
TN_BUREVI_2020_014791,TN_BUREVI_2020,MULTIMODAL,FAIL,non_finite_values_in_sar_pre
TN_BUREVI_2020_014946,TN_BUREVI_2020,MULTIMODAL,FAIL,non_finite_values_in_sar_pre
TN_BUREVI_2020_025233,TN_BUREVI_2020,MULTIMODAL,FAIL,non_finite_values_in_sar_pre
TN_BUREVI_2020_042423,TN_BUREVI_2020,MULTIMODAL,FAIL,non_finite_values_in_sar_pre
TN_BUREVI_2020_062855,TN_BUREVI_2020,MULTIMODAL,FAIL,non_finite_values_in_sar_pre
TN_BUREVI_2020_063032,TN_BUREVI_2020,MULTIMODAL,FAIL,non_finite_values_in_sar_pre
TN_BUREVI_2020_082806,TN_BUREVI_2020,MULTIMODAL,FAIL,non_finite_values_in_sar_pre
TN_BUREVI_2020_094565,TN_BUREVI_2020,MULTIMODAL,PASS,none
TN_BUREVI_2020_099906,TN_BUREVI_2020,MULTIMODAL,PASS,none
TN_BUREVI_2020_000614,TN_BUREVI_2020,MULTIMODAL,FAIL,non_finite_values_in_sar_pre
TN_BUREVI_2020_005741,TN_BUREVI_2020,MULTIMODAL,FAIL,non_finite_values_in_sar_pre
TN_BUREVI_2020_015190,TN_BUREVI_2020,MULTIMODAL,FAIL,non_finite_values_in_sar_pre
TN_BUREVI_2020_030168,TN_BUREVI_2020,MULTIMODAL,FAIL,non_finite_values_in_sar_pre
TN_BUREVI_2020_045143,TN_BUREVI_2020,MULTIMODAL,FAIL,non_finite_values_in_sar_pre
TN_BUREVI_2020_063995,TN_BUREVI_2020,MULTIMODAL,FAIL,non_finite_values_in_sar_pre
TN_BUREVI_2020_064524,TN_BUREVI_2020,MULTIMODAL,FAIL,non_finite_values_in_sar_pre
TN_BUREVI_2020_083039,TN_BUREVI_2020,MULTIMODAL,FAIL,non_finite_values_in_sar_pre
TN_BUREVI_2020_095084,TN_BUREVI_2020,MULTIMODAL,PASS,none
TN_BUREVI_2020_099787,TN_BUREVI_2020,MULTIMODAL,PASS,none
TN_BUREVI_2020_005458,TN_BUREVI_2020,MULTIMODAL,FAIL,non_finite_values_in_sar_pre
TN_BUREVI_2020_005513,TN_BUREVI_2020,MULTIMODAL,FAIL,non_finite_values_in_sar_pre
TN_BUREVI_2020_016182,TN_BUREVI_2020,MULTIMODAL,FAIL,non_finite_values_in_sar_pre
TN_BUREVI_2020_034745,TN_BUREVI_2020,MULTIMODAL,FAIL,non_finite_values_in_sar_pre
TN_BUREVI_2020_050110,TN_BUREVI_2020,MULTIMODAL,FAIL,non_finite_values_in_sar_pre
TN_BUREVI_2020_067546,TN_BUREVI_2020,MULTIMODAL,FAIL,non_finite_values_in_sar_pre
TN_BUREVI_2020_067623,TN_BUREVI_2020,MULTIMODAL,FAIL,non_finite_values_in_sar_pre
TN_BUREVI_2020_085252,TN_BUREVI_2020,MULTIMODAL,FAIL,non_finite_values_in_sar_pre
TN_BUREVI_2020_096391,TN_BUREVI_2020,MULTIMODAL,PASS,none
TN_BUREVI_2020_100557,TN_BUREVI_2020,MULTIMODAL,PASS,none
TN_BUREVI_2020_010396,TN_BUREVI_2020,MULTIMODAL,FAIL,non_finite_values_in_sar_pre
TN_BUREVI_2020_010835,TN_BUREVI_2020,MULTIMODAL,FAIL,non_finite_values_in_sar_pre
TN_BUREVI_2020_019287,TN_BUREVI_2020,MULTIMODAL,FAIL,non_finite_values_in_sar_pre
TN_BUREVI_2020_036718,TN_BUREVI_2020,MULTIMODAL,FAIL,non_finite_values_in_sar_pre
TN_BUREVI_2020_051227,TN_BUREVI_2020,MULTIMODAL,FAIL,non_finite_values_in_sar_pre
TN_BUREVI_2020_068048,TN_BUREVI_2020,MULTIMODAL,FAIL,non_finite_values_in_sar_pre
TN_BUREVI_2020_069153,TN_BUREVI_2020,MULTIMODAL,FAIL,non_finite_values_in_sar_pre
TN_BUREVI_2020_087617,TN_BUREVI_2020,MULTIMODAL,FAIL,non_finite_values_in_sar_pre
TN_BUREVI_2020_097134,TN_BUREVI_2020,MULTIMODAL,PASS,none
TN_BUREVI_2020_101519,TN_BUREVI_2020,MULTIMODAL,PASS,none
TN_BUREVI_2020_010481,TN_BUREVI_2020,MULTIMODAL,FAIL,non_finite_values_in_sar_pre
TN_BUREVI_2020_011707,TN_BUREVI_2020,MULTIMODAL,FAIL,non_finite_values_in_sar_pre
TN_BUREVI_2020_019466,TN_BUREVI_2020,MULTIMODAL,FAIL,non_finite_values_in_sar_pre
TN_BUREVI_2020_040194,TN_BUREVI_2020,MULTIMODAL,FAIL,non_finite_values_in_sar_pre
TN_BUREVI_2020_055150,TN_BUREVI_2020,MULTIMODAL,FAIL,non_finite_values_in_sar_pre
TN_BUREVI_2020_072540,TN_BUREVI_2020,MULTIMODAL,FAIL,non_finite_values_in_sar_pre
TN_BUREVI_2020_072756,TN_BUREVI_2020,MULTIMODAL,FAIL,non_finite_values_in_sar_pre
TN_BUREVI_2020_087883,TN_BUREVI_2020,MULTIMODAL,FAIL,non_finite_values_in_sar_pre
TN_BUREVI_2020_097241,TN_BUREVI_2020,MULTIMODAL,PASS,none
TN_BUREVI_2020_101497,TN_BUREVI_2020,MULTIMODAL,PASS,none
TN_BUREVI_2020_011835,TN_BUREVI_2020,MULTIMODAL,FAIL,non_finite_values_in_sar_pre
TN_BUREVI_2020_011791,TN_BUREVI_2020,MULTIMODAL,FAIL,non_finite_values_in_sar_pre
TN_BUREVI_2020_022414,TN_BUREVI_2020,MULTIMODAL,FAIL,non_finite_values_in_sar_pre
TN_BUREVI_2020_012876,TN_BUREVI_2020,MULTIMODAL,FAIL,non_finite_values_in_sar_pre
TN_BUREVI_2020_012806,TN_BUREVI_2020,MULTIMODAL,FAIL,non_finite_values_in_sar_pre
TN_BUREVI_2020_023901,TN_BUREVI_2020,MULTIMODAL,FAIL,non_finite_values_in_sar_pre
TN_BUREVI_2020_041767,TN_BUREVI_2020,MULTIMODAL,FAIL,non_finite_values_in_sar_pre
TN_BUREVI_2020_013003,TN_BUREVI_2020,MULTIMODAL,FAIL,non_finite_values_in_sar_pre
TN_BUREVI_2020_013032,TN_BUREVI_2020,MULTIMODAL,FAIL,non_finite_values_in_sar_pre
TN_BUREVI_2020_000013,TN_BUREVI_2020,MULTIMODAL,FAIL,non_finite_values_in_sar_pre
TN_BUREVI_2020_000203,TN_BUREVI_2020,MULTIMODAL,FAIL,non_finite_values_in_sar_pre
TN_BUREVI_2020_013102,TN_BUREVI_2020,MULTIMODAL,FAIL,non_finite_values_in_sar_pre
TN_BUREVI_2020_024266,TN_BUREVI_2020,MULTIMODAL,FAIL,non_finite_values_in_sar_pre
TN_BUREVI_2020_041870,TN_BUREVI_2020,MULTIMODAL,FAIL,non_finite_values_in_sar_pre
TN_BUREVI_2020_061403,TN_BUREVI_2020,MULTIMODAL,FAIL,non_finite_values_in_sar_pre
TN_BUREVI_2020_061458,TN_BUREVI_2020,MULTIMODAL,FAIL,non_finite_values_in_sar_pre
TN_BUREVI_2020_094486,TN_BUREVI_2020,MULTIMODAL,FAIL,non_finite_values_in_sar_pre
TN_BUREVI_2020_094474,TN_BUREVI_2020,MULTIMODAL,PASS,none
TN_BUREVI_2020_099291,TN_BUREVI_2020,MULTIMODAL,PASS,none
TN_BUREVI_2020_000557,TN_BUREVI_2020,MULTIMODAL,FAIL,non_finite_values_in_sar_pre
TN_BUREVI_2020_013249,TN_BUREVI_2020,MULTIMODAL,FAIL,non_finite_values_in_sar_pre
TN_BUREVI_2020_024259,TN_BUREVI_2020,MULTIMODAL,FAIL,non_finite_values_in_sar_pre
TN_BUREVI_2020_041860,TN_BUREVI_2020,MULTIMODAL,FAIL,non_finite_values_in_sar_pre
TN_BUREVI_2020_044407,TN_BUREVI_2020,MULTIMODAL,FAIL,non_finite_values_in_sar_pre
TN_BUREVI_2020_063181,TN_BUREVI_2020,MULTIMODAL,FAIL,non_finite_values_in_sar_pre
TN_BUREVI_2020_094497,TN_BUREVI_2020,MULTIMODAL,PASS,none
TN_BUREVI_2020_099621,TN_BUREVI_2020,MULTIMODAL,PASS,none
TN_BUREVI_2020_000536,TN_BUREVI_2020,MULTIMODAL,FAIL,non_finite_values_in_sar_pre
TN_BUREVI_2020_014792,TN_BUREVI_2020,MULTIMODAL,FAIL,non_finite_values_in_sar_pre
TN_BUREVI_2020_014950,TN_BUREVI_2020,MULTIMODAL,FAIL,non_finite_values_in_sar_pre
TN_BUREVI_2020_025234,TN_BUREVI_2020,MULTIMODAL,FAIL,non_finite_values_in_sar_pre
TN_BUREVI_2020_042425,TN_BUREVI_2020,MULTIMODAL,FAIL,non_finite_values_in_sar_pre
TN_BUREVI_2020_062857,TN_BUREVI_2020,MULTIMODAL,FAIL,non_finite_values_in_sar_pre
TN_BUREVI_2020_063035,TN_BUREVI_2020,MULTIMODAL,FAIL,non_finite_values_in_sar_pre
TN_BUREVI_2020_082850,TN_BUREVI_2020,MULTIMODAL,FAIL,non_finite_values_in_sar_pre
TN_BUREVI_2020_094569,TN_BUREVI_2020,MULTIMODAL,PASS,none
TN_BUREVI_2020_099918,TN_BUREVI_2020,MULTIMODAL,PASS,none
TN_BUREVI_2020_000615,TN_BUREVI_2020,MULTIMODAL,FAIL,non_finite_values_in_sar_pre
TN_BUREVI_2020_005830,TN_BUREVI_2020,MULTIMODAL,FAIL,non_finite_values_in_sar_pre
TN_BUREVI_2020_015192,TN_BUREVI_2020,MULTIMODAL,FAIL,non_finite_values_in_sar_pre
TN_BUREVI_2020_030173,TN_BUREVI_2020,MULTIMODAL,FAIL,non_finite_values_in_sar_pre
TN_BUREVI_2020_045144,TN_BUREVI_2020,MULTIMODAL,FAIL,non_finite_values_in_sar_pre
TN_BUREVI_2020_063998,TN_BUREVI_2020,MULTIMODAL,FAIL,non_finite_values_in_sar_pre
TN_BUREVI_2020_064547,TN_BUREVI_2020,MULTIMODAL,FAIL,non_finite_values_in_sar_pre
TN_BUREVI_2020_083041,TN_BUREVI_2020,MULTIMODAL,FAIL,non_finite_values_in_sar_pre
TN_BUREVI_2020_095086,TN_BUREVI_2020,MULTIMODAL,PASS,none
TN_BUREVI_2020_099788,TN_BUREVI_2020,MULTIMODAL,PASS,none
TN_BUREVI_2020_005460,TN_BUREVI_2020,MULTIMODAL,FAIL,non_finite_values_in_sar_pre
TN_BUREVI_2020_005524,TN_BUREVI_2020,MULTIMODAL,FAIL,non_finite_values_in_sar_pre
TN_BUREVI_2020_016183,TN_BUREVI_2020,MULTIMODAL,FAIL,non_finite_values_in_sar_pre
TN_BUREVI_2020_034747,TN_BUREVI_2020,MULTIMODAL,FAIL,non_finite_values_in_sar_pre
TN_BUREVI_2020_050111,TN_BUREVI_2020,MULTIMODAL,FAIL,non_finite_values_in_sar_pre
TN_BUREVI_2020_067547,TN_BUREVI_2020,MULTIMODAL,FAIL,non_finite_values_in_sar_pre
TN_BUREVI_2020_067632,TN_BUREVI_2020,MULTIMODAL,FAIL,non_finite_values_in_sar_pre
TN_BUREVI_2020_085287,TN_BUREVI_2020,MULTIMODAL,FAIL,non_finite_values_in_sar_pre
TN_BUREVI_2020_096392,TN_BUREVI_2020,MULTIMODAL,PASS,none
TN_BUREVI_2020_100558,TN_BUREVI_2020,MULTIMODAL,PASS,none
TN_BUREVI_2020_010397,TN_BUREVI_2020,MULTIMODAL,FAIL,non_finite_values_in_sar_pre
TN_BUREVI_2020_010862,TN_BUREVI_2020,MULTIMODAL,FAIL,non_finite_values_in_sar_pre
TN_BUREVI_2020_019296,TN_BUREVI_2020,MULTIMODAL,FAIL,non_finite_values_in_sar_pre
TN_BUREVI_2020_036773,TN_BUREVI_2020,MULTIMODAL,FAIL,non_finite_values_in_sar_pre
TN_BUREVI_2020_051339,TN_BUREVI_2020,MULTIMODAL,FAIL,non_finite_values_in_sar_pre
TN_BUREVI_2020_068051,TN_BUREVI_2020,MULTIMODAL,FAIL,non_finite_values_in_sar_pre
TN_BUREVI_2020_069175,TN_BUREVI_2020,MULTIMODAL,FAIL,non_finite_values_in_sar_pre
TN_BUREVI_2020_087621,TN_BUREVI_2020,MULTIMODAL,FAIL,non_finite_values_in_sar_pre
TN_BUREVI_2020_097137,TN_BUREVI_2020,MULTIMODAL,PASS,none
TN_BUREVI_2020_101523,TN_BUREVI_2020,MULTIMODAL,PASS,none
TN_BUREVI_2020_010491,TN_BUREVI_2020,MULTIMODAL,FAIL,non_finite_values_in_sar_pre
TN_BUREVI_2020_011728,TN_BUREVI_2020,MULTIMODAL,FAIL,non_finite_values_in_sar_pre
TN_BUREVI_2020_019476,TN_BUREVI_2020,MULTIMODAL,FAIL,non_finite_values_in_sar_pre
TN_BUREVI_2020_040220,TN_BUREVI_2020,MULTIMODAL,FAIL,non_finite_values_in_sar_pre
TN_BUREVI_2020_055151,TN_BUREVI_2020,MULTIMODAL,FAIL,non_finite_values_in_sar_pre
TN_BUREVI_2020_072550,TN_BUREVI_2020,MULTIMODAL,FAIL,non_finite_values_in_sar_pre
TN_BUREVI_2020_072790,TN_BUREVI_2020,MULTIMODAL,FAIL,non_finite_values_in_sar_pre
TN_BUREVI_2020_087885,TN_BUREVI_2020,MULTIMODAL,FAIL,non_finite_values_in_sar_pre
TN_BUREVI_2020_097255,TN_BUREVI_2020,MULTIMODAL,PASS,none
TN_BUREVI_2020_101498,TN_BUREVI_2020,MULTIMODAL,PASS,none
TN_BUREVI_2020_011866,TN_BUREVI_2020,MULTIMODAL,FAIL,non_finite_values_in_sar_pre
TN_BUREVI_2020_011798,TN_BUREVI_2020,MULTIMODAL,FAIL,non_finite_values_in_sar_pre
TN_BUREVI_2020_022425,TN_BUREVI_2020,MULTIMODAL,FAIL,non_finite_values_in_sar_pre
TN_BUREVI_2020_012886,TN_BUREVI_2020,MULTIMODAL,FAIL,non_finite_values_in_sar_pre
TN_BUREVI_2020_012808,TN_BUREVI_2020,MULTIMODAL,FAIL,non_finite_values_in_sar_pre
TN_BUREVI_2020_023903,TN_BUREVI_2020,MULTIMODAL,FAIL,non_finite_values_in_sar_pre
TN_BUREVI_2020_041768,TN_BUREVI_2020,MULTIMODAL,FAIL,non_finite_values_in_sar_pre
TN_BUREVI_2020_013005,TN_BUREVI_2020,MULTIMODAL,FAIL,non_finite_values_in_sar_pre
TN_BUREVI_2020_013034,TN_BUREVI_2020,MULTIMODAL,FAIL,non_finite_values_in_sar_pre
TN_BUREVI_2020_000014,TN_BUREVI_2020,MULTIMODAL,FAIL,non_finite_values_in_sar_pre
TN_BUREVI_2020_000215,TN_BUREVI_2020,MULTIMODAL,FAIL,non_finite_values_in_sar_pre
TN_BUREVI_2020_013104,TN_BUREVI_2020,MULTIMODAL,FAIL,non_finite_values_in_sar_pre
TN_BUREVI_2020_024270,TN_BUREVI_2020,MULTIMODAL,FAIL,non_finite_values_in_sar_pre
TN_BUREVI_2020_041871,TN_BUREVI_2020,MULTIMODAL,FAIL,non_finite_values_in_sar_pre
TN_BUREVI_2020_061404,TN_BUREVI_2020,MULTIMODAL,FAIL,non_finite_values_in_sar_pre
TN_BUREVI_2020_061462,TN_BUREVI_2020,MULTIMODAL,FAIL,non_finite_values_in_sar_pre
TN_BUREVI_2020_094487,TN_BUREVI_2020,MULTIMODAL,FAIL,non_finite_values_in_sar_pre
TN_BUREVI_2020_094476,TN_BUREVI_2020,MULTIMODAL,PASS,none
TN_BUREVI_2020_099292,TN_BUREVI_2020,MULTIMODAL,PASS,none
TN_BUREVI_2020_000560,TN_BUREVI_2020,MULTIMODAL,FAIL,non_finite_values_in_sar_pre
TN_BUREVI_2020_013251,TN_BUREVI_2020,MULTIMODAL,FAIL,non_finite_values_in_sar_pre
TN_BUREVI_2020_024260,TN_BUREVI_2020,MULTIMODAL,FAIL,non_finite_values_in_sar_pre
TN_BUREVI_2020_041861,TN_BUREVI_2020,MULTIMODAL,FAIL,non_finite_values_in_sar_pre
TN_BUREVI_2020_044474,TN_BUREVI_2020,MULTIMODAL,FAIL,non_finite_values_in_sar_pre
TN_BUREVI_2020_063187,TN_BUREVI_2020,MULTIMODAL,FAIL,non_finite_values_in_sar_pre
TN_BUREVI_2020_094498,TN_BUREVI_2020,MULTIMODAL,PASS,none
TN_BUREVI_2020_099624,TN_BUREVI_2020,MULTIMODAL,PASS,none
TN_BUREVI_2020_000537,TN_BUREVI_2020,MULTIMODAL,FAIL,non_finite_values_in_sar_pre
TN_BUREVI_2020_014793,TN_BUREVI_2020,MULTIMODAL,FAIL,non_finite_values_in_sar_pre
TN_BUREVI_2020_014978,TN_BUREVI_2020,MULTIMODAL,FAIL,non_finite_values_in_sar_pre
TN_BUREVI_2020_025240,TN_BUREVI_2020,MULTIMODAL,FAIL,non_finite_values_in_sar_pre
TN_BUREVI_2020_042429,TN_BUREVI_2020,MULTIMODAL,FAIL,non_finite_values_in_sar_pre
TN_BUREVI_2020_062858,TN_BUREVI_2020,MULTIMODAL,FAIL,non_finite_values_in_sar_pre
TN_BUREVI_2020_063045,TN_BUREVI_2020,MULTIMODAL,FAIL,non_finite_values_in_sar_pre
TN_BUREVI_2020_082860,TN_BUREVI_2020,MULTIMODAL,FAIL,non_finite_values_in_sar_pre
TN_BUREVI_2020_094572,TN_BUREVI_2020,MULTIMODAL,PASS,none
TN_BUREVI_2020_099948,TN_BUREVI_2020,MULTIMODAL,PASS,none
TN_BUREVI_2020_000616,TN_BUREVI_2020,MULTIMODAL,FAIL,non_finite_values_in_sar_pre
TN_BUREVI_2020_005853,TN_BUREVI_2020,MULTIMODAL,FAIL,non_finite_values_in_sar_pre
TN_BUREVI_2020_015193,TN_BUREVI_2020,MULTIMODAL,FAIL,non_finite_values_in_sar_pre
TN_BUREVI_2020_030174,TN_BUREVI_2020,MULTIMODAL,FAIL,non_finite_values_in_sar_pre
TN_BUREVI_2020_045146,TN_BUREVI_2020,MULTIMODAL,FAIL,non_finite_values_in_sar_pre
TN_BUREVI_2020_063999,TN_BUREVI_2020,MULTIMODAL,FAIL,non_finite_values_in_sar_pre
TN_BUREVI_2020_064574,TN_BUREVI_2020,MULTIMODAL,FAIL,non_finite_values_in_sar_pre
TN_BUREVI_2020_083061,TN_BUREVI_2020,MULTIMODAL,FAIL,non_finite_values_in_sar_pre
TN_BUREVI_2020_095088,TN_BUREVI_2020,MULTIMODAL,PASS,none
TN_BUREVI_2020_099789,TN_BUREVI_2020,MULTIMODAL,PASS,none
TN_BUREVI_2020_005461,TN_BUREVI_2020,MULTIMODAL,FAIL,non_finite_values_in_sar_pre
TN_BUREVI_2020_005539,TN_BUREVI_2020,MULTIMODAL,FAIL,non_finite_values_in_sar_pre
TN_BUREVI_2020_016184,TN_BUREVI_2020,MULTIMODAL,FAIL,non_finite_values_in_sar_pre
TN_BUREVI_2020_034748,TN_BUREVI_2020,MULTIMODAL,FAIL,non_finite_values_in_sar_pre
TN_BUREVI_2020_050112,TN_BUREVI_2020,MULTIMODAL,FAIL,non_finite_values_in_sar_pre
TN_BUREVI_2020_067548,TN_BUREVI_2020,MULTIMODAL,FAIL,non_finite_values_in_sar_pre
TN_BUREVI_2020_067655,TN_BUREVI_2020,MULTIMODAL,FAIL,non_finite_values_in_sar_pre
TN_BUREVI_2020_085406,TN_BUREVI_2020,MULTIMODAL,FAIL,non_finite_values_in_sar_pre
TN_BUREVI_2020_096393,TN_BUREVI_2020,MULTIMODAL,PASS,none
TN_BUREVI_2020_100560,TN_BUREVI_2020,MULTIMODAL,PASS,none
TN_BUREVI_2020_010399,TN_BUREVI_2020,MULTIMODAL,FAIL,non_finite_values_in_sar_pre
TN_BUREVI_2020_010905,TN_BUREVI_2020,MULTIMODAL,FAIL,non_finite_values_in_sar_pre
TN_BUREVI_2020_019297,TN_BUREVI_2020,MULTIMODAL,FAIL,non_finite_values_in_sar_pre
TN_BUREVI_2020_036800,TN_BUREVI_2020,MULTIMODAL,FAIL,non_finite_values_in_sar_pre
TN_BUREVI_2020_051355,TN_BUREVI_2020,MULTIMODAL,FAIL,non_finite_values_in_sar_pre
TN_BUREVI_2020_068137,TN_BUREVI_2020,MULTIMODAL,FAIL,non_finite_values_in_sar_pre
TN_BUREVI_2020_069316,TN_BUREVI_2020,MULTIMODAL,FAIL,non_finite_values_in_sar_pre
TN_BUREVI_2020_087622,TN_BUREVI_2020,MULTIMODAL,FAIL,non_finite_values_in_sar_pre
TN_BUREVI_2020_097139,TN_BUREVI_2020,MULTIMODAL,PASS,none
TN_BUREVI_2020_101529,TN_BUREVI_2020,MULTIMODAL,PASS,none
TN_BUREVI_2020_010509,TN_BUREVI_2020,MULTIMODAL,FAIL,non_finite_values_in_sar_pre
TN_BUREVI_2020_011729,TN_BUREVI_2020,MULTIMODAL,FAIL,non_finite_values_in_sar_pre
TN_BUREVI_2020_019519,TN_BUREVI_2020,MULTIMODAL,FAIL,non_finite_values_in_sar_pre
TN_BUREVI_2020_040234,TN_BUREVI_2020,MULTIMODAL,FAIL,non_finite_values_in_sar_pre
TN_BUREVI_2020_055161,TN_BUREVI_2020,MULTIMODAL,FAIL,non_finite_values_in_sar_pre
TN_BUREVI_2020_072555,TN_BUREVI_2020,MULTIMODAL,FAIL,non_finite_values_in_sar_pre
TN_BUREVI_2020_072828,TN_BUREVI_2020,MULTIMODAL,FAIL,non_finite_values_in_sar_pre
TN_BUREVI_2020_087906,TN_BUREVI_2020,MULTIMODAL,FAIL,non_finite_values_in_sar_pre
TN_BUREVI_2020_097274,TN_BUREVI_2020,MULTIMODAL,PASS,none
TN_NADA_2016_000001,TN_NADA_2016,SAR_ONLY,PASS,none
TN_NADA_2016_000022,TN_NADA_2016,SAR_ONLY,PASS,none
TN_NADA_2016_008545,TN_NADA_2016,SAR_ONLY,PASS,none
TN_NADA_2016_016999,TN_NADA_2016,SAR_ONLY,PASS,none
TN_NADA_2016_029833,TN_NADA_2016,SAR_ONLY,PASS,none
TN_NADA_2016_030554,TN_NADA_2016,SAR_ONLY,PASS,none
TN_NADA_2016_048040,TN_NADA_2016,SAR_ONLY,PASS,none
TN_NADA_2016_069495,TN_NADA_2016,SAR_ONLY,PASS,none
TN_NADA_2016_085402,TN_NADA_2016,SAR_ONLY,PASS,none
TN_NADA_2016_096325,TN_NADA_2016,SAR_ONLY,PASS,none
TN_NADA_2016_000002,TN_NADA_2016,SAR_ONLY,PASS,none
TN_NADA_2016_000119,TN_NADA_2016,SAR_ONLY,PASS,none
TN_NADA_2016_008628,TN_NADA_2016,SAR_ONLY,PASS,none
TN_NADA_2016_016991,TN_NADA_2016,SAR_ONLY,PASS,none
TN_NADA_2016_029834,TN_NADA_2016,SAR_ONLY,PASS,none
TN_NADA_2016_029832,TN_NADA_2016,SAR_ONLY,PASS,none
TN_NADA_2016_048043,TN_NADA_2016,SAR_ONLY,PASS,none
TN_NADA_2016_069514,TN_NADA_2016,SAR_ONLY,PASS,none
TN_NADA_2016_085401,TN_NADA_2016,SAR_ONLY,PASS,none
TN_NADA_2016_096322,TN_NADA_2016,SAR_ONLY,PASS,none
TN_NADA_2016_000717,TN_NADA_2016,SAR_ONLY,PASS,none
TN_NADA_2016_000716,TN_NADA_2016,SAR_ONLY,PASS,none
TN_NADA_2016_009976,TN_NADA_2016,SAR_ONLY,PASS,none
TN_NADA_2016_017761,TN_NADA_2016,SAR_ONLY,PASS,none
TN_NADA_2016_030748,TN_NADA_2016,SAR_ONLY,PASS,none
TN_NADA_2016_030993,TN_NADA_2016,SAR_ONLY,PASS,none
TN_NADA_2016_051800,TN_NADA_2016,SAR_ONLY,PASS,none
TN_NADA_2016_071729,TN_NADA_2016,SAR_ONLY,PASS,none
TN_NADA_2016_086359,TN_NADA_2016,SAR_ONLY,PASS,none
TN_NADA_2016_097192,TN_NADA_2016,SAR_ONLY,PASS,none
TN_NADA_2016_000743,TN_NADA_2016,SAR_ONLY,PASS,none
TN_NADA_2016_002057,TN_NADA_2016,SAR_ONLY,PASS,none
TN_NADA_2016_010379,TN_NADA_2016,SAR_ONLY,PASS,none
TN_NADA_2016_017762,TN_NADA_2016,SAR_ONLY,PASS,none
TN_NADA_2016_030755,TN_NADA_2016,SAR_ONLY,PASS,none
TN_NADA_2016_032438,TN_NADA_2016,SAR_ONLY,PASS,none
TN_NADA_2016_051786,TN_NADA_2016,SAR_ONLY,PASS,none
TN_NADA_2016_071859,TN_NADA_2016,SAR_ONLY,PASS,none
TN_NADA_2016_086361,TN_NADA_2016,SAR_ONLY,PASS,none
TN_NADA_2016_097194,TN_NADA_2016,SAR_ONLY,PASS,none
TN_NADA_2016_002049,TN_NADA_2016,SAR_ONLY,PASS,none
TN_NADA_2016_002050,TN_NADA_2016,SAR_ONLY,PASS,none
TN_NADA_2016_010764,TN_NADA_2016,SAR_ONLY,PASS,none
TN_NADA_2016_018442,TN_NADA_2016,SAR_ONLY,PASS,none
TN_NADA_2016_034155,TN_NADA_2016,SAR_ONLY,PASS,none
TN_NADA_2016_038582,TN_NADA_2016,SAR_ONLY,PASS,none
TN_NADA_2016_054603,TN_NADA_2016,SAR_ONLY,PASS,none
TN_NADA_2016_073661,TN_NADA_2016,SAR_ONLY,PASS,none
TN_NADA_2016_088255,TN_NADA_2016,SAR_ONLY,PASS,none
TN_NADA_2016_098624,TN_NADA_2016,SAR_ONLY,PASS,none
TN_NADA_2016_005129,TN_NADA_2016,SAR_ONLY,PASS,none
TN_NADA_2016_005137,TN_NADA_2016,SAR_ONLY,PASS,none
TN_NADA_2016_011953,TN_NADA_2016,SAR_ONLY,PASS,none
TN_NADA_2016_019963,TN_NADA_2016,SAR_ONLY,PASS,none
TN_NADA_2016_039115,TN_NADA_2016,SAR_ONLY,PASS,none
TN_NADA_2016_043758,TN_NADA_2016,SAR_ONLY,PASS,none
TN_NADA_2016_059526,TN_NADA_2016,SAR_ONLY,PASS,none
TN_NADA_2016_078622,TN_NADA_2016,SAR_ONLY,PASS,none
TN_NADA_2016_090631,TN_NADA_2016,SAR_ONLY,PASS,none
TN_NADA_2016_102762,TN_NADA_2016,SAR_ONLY,PASS,none
TN_NADA_2016_005135,TN_NADA_2016,SAR_ONLY,PASS,none
TN_NADA_2016_005134,TN_NADA_2016,SAR_ONLY,PASS,none
TN_NADA_2016_011958,TN_NADA_2016,SAR_ONLY,PASS,none
TN_NADA_2016_019969,TN_NADA_2016,SAR_ONLY,PASS,none
TN_NADA_2016_039117,TN_NADA_2016,SAR_ONLY,PASS,none
TN_NADA_2016_059523,TN_NADA_2016,SAR_ONLY,PASS,none
TN_NADA_2016_059535,TN_NADA_2016,SAR_ONLY,PASS,none
TN_NADA_2016_078625,TN_NADA_2016,SAR_ONLY,PASS,none
TN_NADA_2016_090625,TN_NADA_2016,SAR_ONLY,PASS,none
TN_NADA_2016_102761,TN_NADA_2016,SAR_ONLY,PASS,none
TN_NADA_2016_008397,TN_NADA_2016,SAR_ONLY,PASS,none
TN_NADA_2016_016926,TN_NADA_2016,SAR_ONLY,PASS,none
TN_NADA_2016_024895,TN_NADA_2016,SAR_ONLY,PASS,none
TN_NADA_2016_044064,TN_NADA_2016,SAR_ONLY,PASS,none
TN_NADA_2016_064445,TN_NADA_2016,SAR_ONLY,PASS,none
TN_NADA_2016_064455,TN_NADA_2016,SAR_ONLY,PASS,none
TN_NADA_2016_083293,TN_NADA_2016,SAR_ONLY,PASS,none
TN_NADA_2016_091816,TN_NADA_2016,SAR_ONLY,PASS,none
TN_NADA_2016_104120,TN_NADA_2016,SAR_ONLY,PASS,none
TN_NADA_2016_016990,TN_NADA_2016,SAR_ONLY,PASS,none
TN_NADA_2016_044283,TN_NADA_2016,SAR_ONLY,PASS,none
TN_NADA_2016_064501,TN_NADA_2016,SAR_ONLY,PASS,none
TN_NADA_2016_064465,TN_NADA_2016,SAR_ONLY,PASS,none
TN_NADA_2016_083773,TN_NADA_2016,SAR_ONLY,PASS,none
TN_NADA_2016_091889,TN_NADA_2016,SAR_ONLY,PASS,none
TN_NADA_2016_104119,TN_NADA_2016,SAR_ONLY,PASS,none
TN_NADA_2016_069490,TN_NADA_2016,SAR_ONLY,PASS,none
TN_NADA_2016_085395,TN_NADA_2016,SAR_ONLY,PASS,none
TN_NADA_2016_085060,TN_NADA_2016,SAR_ONLY,PASS,none
TN_NADA_2016_095919,TN_NADA_2016,SAR_ONLY,PASS,none
TN_NADA_2016_107800,TN_NADA_2016,SAR_ONLY,PASS,none
TN_NADA_2016_000004,TN_NADA_2016,SAR_ONLY,PASS,none
TN_NADA_2016_000034,TN_NADA_2016,SAR_ONLY,PASS,none
TN_NADA_2016_008553,TN_NADA_2016,SAR_ONLY,PASS,none
TN_NADA_2016_017000,TN_NADA_2016,SAR_ONLY,PASS,none
TN_NADA_2016_029837,TN_NADA_2016,SAR_ONLY,PASS,none
TN_NADA_2016_048039,TN_NADA_2016,SAR_ONLY,PASS,none
TN_NADA_2016_048041,TN_NADA_2016,SAR_ONLY,PASS,none
TN_NADA_2016_069496,TN_NADA_2016,SAR_ONLY,PASS,none
TN_NADA_2016_085404,TN_NADA_2016,SAR_ONLY,PASS,none
TN_NADA_2016_096332,TN_NADA_2016,SAR_ONLY,PASS,none
TN_NADA_2016_000003,TN_NADA_2016,SAR_ONLY,PASS,none
TN_NADA_2016_000190,TN_NADA_2016,SAR_ONLY,PASS,none
TN_NADA_2016_008755,TN_NADA_2016,SAR_ONLY,PASS,none
TN_NADA_2016_016994,TN_NADA_2016,SAR_ONLY,PASS,none
TN_NADA_2016_029835,TN_NADA_2016,SAR_ONLY,PASS,none
TN_NADA_2016_029839,TN_NADA_2016,SAR_ONLY,PASS,none
TN_NADA_2016_048056,TN_NADA_2016,SAR_ONLY,PASS,none
TN_NADA_2016_069524,TN_NADA_2016,SAR_ONLY,PASS,none
TN_NADA_2016_085403,TN_NADA_2016,SAR_ONLY,PASS,none
TN_NADA_2016_096324,TN_NADA_2016,SAR_ONLY,PASS,none
TN_NADA_2016_000718,TN_NADA_2016,SAR_ONLY,PASS,none
TN_NADA_2016_000719,TN_NADA_2016,SAR_ONLY,PASS,none
TN_NADA_2016_009980,TN_NADA_2016,SAR_ONLY,PASS,none
TN_NADA_2016_017763,TN_NADA_2016,SAR_ONLY,PASS,none
TN_NADA_2016_030749,TN_NADA_2016,SAR_ONLY,PASS,none
TN_NADA_2016_031502,TN_NADA_2016,SAR_ONLY,PASS,none
TN_NADA_2016_051806,TN_NADA_2016,SAR_ONLY,PASS,none
TN_NADA_2016_071819,TN_NADA_2016,SAR_ONLY,PASS,none
TN_NADA_2016_086360,TN_NADA_2016,SAR_ONLY,PASS,none
TN_NADA_2016_097193,TN_NADA_2016,SAR_ONLY,PASS,none
TN_NADA_2016_000748,TN_NADA_2016,SAR_ONLY,PASS,none
TN_NADA_2016_002067,TN_NADA_2016,SAR_ONLY,PASS,none
TN_NADA_2016_010701,TN_NADA_2016,SAR_ONLY,PASS,none
TN_NADA_2016_017768,TN_NADA_2016,SAR_ONLY,PASS,none
TN_NADA_2016_030756,TN_NADA_2016,SAR_ONLY,PASS,none
TN_NADA_2016_033450,TN_NADA_2016,SAR_ONLY,PASS,none
TN_NADA_2016_051789,TN_NADA_2016,SAR_ONLY,PASS,none
TN_NADA_2016_071988,TN_NADA_2016,SAR_ONLY,PASS,none
TN_NADA_2016_086367,TN_NADA_2016,SAR_ONLY,PASS,none
TN_NADA_2016_097196,TN_NADA_2016,SAR_ONLY,PASS,none
TN_NADA_2016_002052,TN_NADA_2016,SAR_ONLY,PASS,none
TN_NADA_2016_002065,TN_NADA_2016,SAR_ONLY,PASS,none
TN_NADA_2016_010977,TN_NADA_2016,SAR_ONLY,PASS,none
TN_NADA_2016_018443,TN_NADA_2016,SAR_ONLY,PASS,none
TN_NADA_2016_034157,TN_NADA_2016,SAR_ONLY,PASS,none
TN_NADA_2016_041904,TN_NADA_2016,SAR_ONLY,PASS,none
TN_NADA_2016_054605,TN_NADA_2016,SAR_ONLY,PASS,none
TN_NADA_2016_073690,TN_NADA_2016,SAR_ONLY,PASS,none
TN_NADA_2016_088259,TN_NADA_2016,SAR_ONLY,PASS,none
TN_NADA_2016_098628,TN_NADA_2016,SAR_ONLY,PASS,none
TN_NADA_2016_005130,TN_NADA_2016,SAR_ONLY,PASS,none
TN_NADA_2016_005145,TN_NADA_2016,SAR_ONLY,PASS,none
TN_NADA_2016_011954,TN_NADA_2016,SAR_ONLY,PASS,none
TN_NADA_2016_019976,TN_NADA_2016,SAR_ONLY,PASS,none
TN_NADA_2016_039116,TN_NADA_2016,SAR_ONLY,PASS,none
TN_NADA_2016_059522,TN_NADA_2016,SAR_ONLY,PASS,none
TN_NADA_2016_059532,TN_NADA_2016,SAR_ONLY,PASS,none
TN_NADA_2016_078641,TN_NADA_2016,SAR_ONLY,PASS,none
TN_NADA_2016_090641,TN_NADA_2016,SAR_ONLY,PASS,none
TN_NADA_2016_102763,TN_NADA_2016,SAR_ONLY,PASS,none
TN_NADA_2016_005136,TN_NADA_2016,SAR_ONLY,PASS,none
TN_NADA_2016_005153,TN_NADA_2016,SAR_ONLY,PASS,none
TN_NADA_2016_011967,TN_NADA_2016,SAR_ONLY,PASS,none
TN_NADA_2016_019971,TN_NADA_2016,SAR_ONLY,PASS,none
TN_NADA_2016_039122,TN_NADA_2016,SAR_ONLY,PASS,none
TN_NADA_2016_059524,TN_NADA_2016,SAR_ONLY,PASS,none
TN_NADA_2016_059538,TN_NADA_2016,SAR_ONLY,PASS,none
TN_NADA_2016_078626,TN_NADA_2016,SAR_ONLY,PASS,none
TN_NADA_2016_090627,TN_NADA_2016,SAR_ONLY,PASS,none
TN_NADA_2016_102765,TN_NADA_2016,SAR_ONLY,PASS,none
TN_NADA_2016_016928,TN_NADA_2016,SAR_ONLY,PASS,none
TN_NADA_2016_024899,TN_NADA_2016,SAR_ONLY,PASS,none
TN_NADA_2016_044066,TN_NADA_2016,SAR_ONLY,PASS,none
TN_NADA_2016_064446,TN_NADA_2016,SAR_ONLY,PASS,none
TN_NADA_2016_064458,TN_NADA_2016,SAR_ONLY,PASS,none
TN_NADA_2016_083304,TN_NADA_2016,SAR_ONLY,PASS,none
TN_NADA_2016_091817,TN_NADA_2016,SAR_ONLY,PASS,none
TN_NADA_2016_104123,TN_NADA_2016,SAR_ONLY,PASS,none
TN_NADA_2016_045134,TN_NADA_2016,SAR_ONLY,PASS,none
TN_NADA_2016_064582,TN_NADA_2016,SAR_ONLY,PASS,none
TN_NADA_2016_064494,TN_NADA_2016,SAR_ONLY,PASS,none
TN_NADA_2016_083923,TN_NADA_2016,SAR_ONLY,PASS,none
TN_NADA_2016_091898,TN_NADA_2016,SAR_ONLY,PASS,none
TN_NADA_2016_104126,TN_NADA_2016,SAR_ONLY,PASS,none
TN_NADA_2016_085398,TN_NADA_2016,SAR_ONLY,PASS,none
TN_NADA_2016_085212,TN_NADA_2016,SAR_ONLY,PASS,none
TN_NADA_2016_107806,TN_NADA_2016,SAR_ONLY,PASS,none
TN_NADA_2016_000005,TN_NADA_2016,SAR_ONLY,PASS,none
TN_NADA_2016_000062,TN_NADA_2016,SAR_ONLY,PASS,none
TN_NADA_2016_008564,TN_NADA_2016,SAR_ONLY,PASS,none
TN_NADA_2016_017001,TN_NADA_2016,SAR_ONLY,PASS,none
TN_NADA_2016_029847,TN_NADA_2016,SAR_ONLY,PASS,none
TN_NADA_2016_048044,TN_NADA_2016,SAR_ONLY,PASS,none
TN_NADA_2016_048057,TN_NADA_2016,SAR_ONLY,PASS,none
TN_NADA_2016_069497,TN_NADA_2016,SAR_ONLY,PASS,none
TN_NADA_2016_085405,TN_NADA_2016,SAR_ONLY,PASS,none
TN_NADA_2016_096333,TN_NADA_2016,SAR_ONLY,PASS,none
TN_NADA_2016_000008,TN_NADA_2016,SAR_ONLY,PASS,none
TN_NADA_2016_000302,TN_NADA_2016,SAR_ONLY,PASS,none
TN_NADA_2016_009166,TN_NADA_2016,SAR_ONLY,PASS,none
TN_NADA_2016_016995,TN_NADA_2016,SAR_ONLY,PASS,none
TN_NADA_2016_029836,TN_NADA_2016,SAR_ONLY,PASS,none
TN_NADA_2016_029897,TN_NADA_2016,SAR_ONLY,PASS,none
TN_NADA_2016_048061,TN_NADA_2016,SAR_ONLY,PASS,none
TN_NADA_2016_069542,TN_NADA_2016,SAR_ONLY,PASS,none
TN_NADA_2016_085408,TN_NADA_2016,SAR_ONLY,PASS,none
TN_NADA_2016_096326,TN_NADA_2016,SAR_ONLY,PASS,none
TN_NADA_2016_000720,TN_NADA_2016,SAR_ONLY,PASS,none
TN_NADA_2016_000722,TN_NADA_2016,SAR_ONLY,PASS,none
TN_NADA_2016_009983,TN_NADA_2016,SAR_ONLY,PASS,none
TN_NADA_2016_017767,TN_NADA_2016,SAR_ONLY,PASS,none
TN_NADA_2016_030750,TN_NADA_2016,SAR_ONLY,PASS,none
TN_NADA_2016_031555,TN_NADA_2016,SAR_ONLY,PASS,none
TN_NADA_2016_051820,TN_NADA_2016,SAR_ONLY,PASS,none
TN_NADA_2016_071861,TN_NADA_2016,SAR_ONLY,PASS,none
TN_NADA_2016_086364,TN_NADA_2016,SAR_ONLY,PASS,none
TN_NADA_2016_097197,TN_NADA_2016,SAR_ONLY,PASS,none
TN_NADA_2016_000787,TN_NADA_2016,SAR_ONLY,PASS,none
TN_NADA_2016_002070,TN_NADA_2016,SAR_ONLY,PASS,none
TN_NADA_2016_010807,TN_NADA_2016,SAR_ONLY,PASS,none
TN_NADA_2016_017769,TN_NADA_2016,SAR_ONLY,PASS,none
TN_NADA_2016_030764,TN_NADA_2016,SAR_ONLY,PASS,none
TN_NADA_2016_035889,TN_NADA_2016,SAR_ONLY,PASS,none
TN_NADA_2016_051792,TN_NADA_2016,SAR_ONLY,PASS,none
TN_NADA_2016_071991,TN_NADA_2016,SAR_ONLY,PASS,none
TN_NADA_2016_086375,TN_NADA_2016,SAR_ONLY,PASS,none
TN_NADA_2016_097208,TN_NADA_2016,SAR_ONLY,PASS,none
TN_NADA_2016_002053,TN_NADA_2016,SAR_ONLY,PASS,none
TN_NADA_2016_002069,TN_NADA_2016,SAR_ONLY,PASS,none
TN_NADA_2016_011011,TN_NADA_2016,SAR_ONLY,PASS,none
TN_NADA_2016_018445,TN_NADA_2016,SAR_ONLY,PASS,none
TN_NADA_2016_034158,TN_NADA_2016,SAR_ONLY,PASS,none
TN_NADA_2016_054597,TN_NADA_2016,SAR_ONLY,PASS,none
TN_NADA_2016_054616,TN_NADA_2016,SAR_ONLY,PASS,none
TN_NADA_2016_073709,TN_NADA_2016,SAR_ONLY,PASS,none
TN_NADA_2016_088260,TN_NADA_2016,SAR_ONLY,PASS,none
TN_NADA_2016_098629,TN_NADA_2016,SAR_ONLY,PASS,none
TN_NADA_2016_005131,TN_NADA_2016,SAR_ONLY,PASS,none
TN_NADA_2016_005147,TN_NADA_2016,SAR_ONLY,PASS,none
TN_NADA_2016_011955,TN_NADA_2016,SAR_ONLY,PASS,none
TN_NADA_2016_019978,TN_NADA_2016,SAR_ONLY,PASS,none
TN_NADA_2016_039118,TN_NADA_2016,SAR_ONLY,PASS,none
TN_NADA_2016_059525,TN_NADA_2016,SAR_ONLY,PASS,none
TN_NADA_2016_059545,TN_NADA_2016,SAR_ONLY,PASS,none
TN_NADA_2016_078645,TN_NADA_2016,SAR_ONLY,PASS,none
TN_NADA_2016_090642,TN_NADA_2016,SAR_ONLY,PASS,none
TN_NADA_2016_102764,TN_NADA_2016,SAR_ONLY,PASS,none
TN_NADA_2016_005146,TN_NADA_2016,SAR_ONLY,PASS,none
TN_NADA_2016_005155,TN_NADA_2016,SAR_ONLY,PASS,none
TN_NADA_2016_011968,TN_NADA_2016,SAR_ONLY,PASS,none
TN_NADA_2016_019977,TN_NADA_2016,SAR_ONLY,PASS,none
TN_NADA_2016_039123,TN_NADA_2016,SAR_ONLY,PASS,none
TN_NADA_2016_059530,TN_NADA_2016,SAR_ONLY,PASS,none
TN_NADA_2016_059544,TN_NADA_2016,SAR_ONLY,PASS,none
TN_NADA_2016_078634,TN_NADA_2016,SAR_ONLY,PASS,none
TN_NADA_2016_090628,TN_NADA_2016,SAR_ONLY,PASS,none
TN_NADA_2016_102766,TN_NADA_2016,SAR_ONLY,PASS,none
TN_NADA_2016_024902,TN_NADA_2016,SAR_ONLY,PASS,none
TN_NADA_2016_024903,TN_NADA_2016,SAR_ONLY,PASS,none
TN_NADA_2016_044068,TN_NADA_2016,SAR_ONLY,PASS,none
TN_NADA_2016_064451,TN_NADA_2016,SAR_ONLY,PASS,none
TN_NADA_2016_064463,TN_NADA_2016,SAR_ONLY,PASS,none
TN_NADA_2016_083309,TN_NADA_2016,SAR_ONLY,PASS,none
TN_NADA_2016_091821,TN_NADA_2016,SAR_ONLY,PASS,none
TN_NADA_2016_104127,TN_NADA_2016,SAR_ONLY,PASS,none
TN_NADA_2016_045476,TN_NADA_2016,SAR_ONLY,PASS,none
TN_NADA_2016_064632,TN_NADA_2016,SAR_ONLY,PASS,none
TN_NADA_2016_064560,TN_NADA_2016,SAR_ONLY,PASS,none
TN_NADA_2016_084200,TN_NADA_2016,SAR_ONLY,PASS,none
TN_NADA_2016_091901,TN_NADA_2016,SAR_ONLY,PASS,none
TN_NADA_2016_104137,TN_NADA_2016,SAR_ONLY,PASS,none
TN_NADA_2016_085285,TN_NADA_2016,SAR_ONLY,PASS,none
TN_NADA_2016_107827,TN_NADA_2016,SAR_ONLY,PASS,none
TN_NADA_2016_000006,TN_NADA_2016,SAR_ONLY,PASS,none
TN_NADA_2016_000067,TN_NADA_2016,SAR_ONLY,PASS,none
TN_NADA_2016_008567,TN_NADA_2016,SAR_ONLY,PASS,none
TN_NADA_2016_017003,TN_NADA_2016,SAR_ONLY,PASS,none
TN_NADA_2016_029848,TN_NADA_2016,SAR_ONLY,PASS,none
TN_NADA_2016_048045,TN_NADA_2016,SAR_ONLY,PASS,none
TN_NADA_2016_048059,TN_NADA_2016,SAR_ONLY,PASS,none
TN_NADA_2016_069498,TN_NADA_2016,SAR_ONLY,PASS,none
TN_NADA_2016_085406,TN_NADA_2016,SAR_ONLY,PASS,none
TN_NADA_2016_096337,TN_NADA_2016,SAR_ONLY,PASS,none
TN_NADA_2016_000010,TN_NADA_2016,SAR_ONLY,PASS,none
TN_NADA_2016_000369,TN_NADA_2016,SAR_ONLY,PASS,none
TN_NADA_2016_009461,TN_NADA_2016,SAR_ONLY,PASS,none
TN_NADA_2016_016996,TN_NADA_2016,SAR_ONLY,PASS,none
TN_NADA_2016_029838,TN_NADA_2016,SAR_ONLY,PASS,none
TN_NADA_2016_029921,TN_NADA_2016,SAR_ONLY,PASS,none
TN_NADA_2016_048069,TN_NADA_2016,SAR_ONLY,PASS,none
TN_NADA_2016_069558,TN_NADA_2016,SAR_ONLY,PASS,none
TN_NADA_2016_085411,TN_NADA_2016,SAR_ONLY,PASS,none
TN_NADA_2016_096328,TN_NADA_2016,SAR_ONLY,PASS,none
TN_NADA_2016_000721,TN_NADA_2016,SAR_ONLY,PASS,none
TN_NADA_2016_000726,TN_NADA_2016,SAR_ONLY,PASS,none
TN_NADA_2016_010034,TN_NADA_2016,SAR_ONLY,PASS,none
TN_NADA_2016_017770,TN_NADA_2016,SAR_ONLY,PASS,none
TN_NADA_2016_030751,TN_NADA_2016,SAR_ONLY,PASS,none
TN_NADA_2016_031711,TN_NADA_2016,SAR_ONLY,PASS,none
TN_NADA_2016_051831,TN_NADA_2016,SAR_ONLY,PASS,none
TN_NADA_2016_071897,TN_NADA_2016,SAR_ONLY,PASS,none
TN_NADA_2016_086370,TN_NADA_2016,SAR_ONLY,PASS,none
TN_NADA_2016_097199,TN_NADA_2016,SAR_ONLY,PASS,none
TN_NADA_2016_000802,TN_NADA_2016,SAR_ONLY,PASS,none
TN_NADA_2016_002074,TN_NADA_2016,SAR_ONLY,PASS,none
TN_NADA_2016_010843,TN_NADA_2016,SAR_ONLY,PASS,none
TN_NADA_2016_017774,TN_NADA_2016,SAR_ONLY,PASS,none
TN_NADA_2016_030770,TN_NADA_2016,SAR_ONLY,PASS,none
TN_NADA_2016_035928,TN_NADA_2016,SAR_ONLY,PASS,none
TN_NADA_2016_051802,TN_NADA_2016,SAR_ONLY,PASS,none
TN_NADA_2016_072039,TN_NADA_2016,SAR_ONLY,PASS,none
TN_NADA_2016_086378,TN_NADA_2016,SAR_ONLY,PASS,none
TN_NADA_2016_097215,TN_NADA_2016,SAR_ONLY,PASS,none
TN_NADA_2016_002054,TN_NADA_2016,SAR_ONLY,PASS,none
TN_NADA_2016_002071,TN_NADA_2016,SAR_ONLY,PASS,none
TN_NADA_2016_011087,TN_NADA_2016,SAR_ONLY,PASS,none
TN_NADA_2016_018446,TN_NADA_2016,SAR_ONLY,PASS,none
TN_NADA_2016_034160,TN_NADA_2016,SAR_ONLY,PASS,none
TN_NADA_2016_054599,TN_NADA_2016,SAR_ONLY,PASS,none
TN_NADA_2016_054624,TN_NADA_2016,SAR_ONLY,PASS,none
TN_NADA_2016_073736,TN_NADA_2016,SAR_ONLY,PASS,none
TN_NADA_2016_088261,TN_NADA_2016,SAR_ONLY,PASS,none
TN_NADA_2016_098632,TN_NADA_2016,SAR_ONLY,PASS,none
TN_NADA_2016_005132,TN_NADA_2016,SAR_ONLY,PASS,none
TN_NADA_2016_005152,TN_NADA_2016,SAR_ONLY,PASS,none
TN_NADA_2016_011965,TN_NADA_2016,SAR_ONLY,PASS,none
TN_NADA_2016_019982,TN_NADA_2016,SAR_ONLY,PASS,none
TN_NADA_2016_039119,TN_NADA_2016,SAR_ONLY,PASS,none
TN_NADA_2016_059527,TN_NADA_2016,SAR_ONLY,PASS,none
TN_NADA_2016_059559,TN_NADA_2016,SAR_ONLY,PASS,none
TN_NADA_2016_078647,TN_NADA_2016,SAR_ONLY,PASS,none
TN_NADA_2016_090653,TN_NADA_2016,SAR_ONLY,PASS,none
TN_NADA_2016_102769,TN_NADA_2016,SAR_ONLY,PASS,none
TN_NADA_2016_005163,TN_NADA_2016,SAR_ONLY,PASS,none
TN_NADA_2016_005158,TN_NADA_2016,SAR_ONLY,PASS,none
TN_NADA_2016_011971,TN_NADA_2016,SAR_ONLY,PASS,none
TN_NADA_2016_019979,TN_NADA_2016,SAR_ONLY,PASS,none
TN_NADA_2016_039126,TN_NADA_2016,SAR_ONLY,PASS,none
TN_NADA_2016_059536,TN_NADA_2016,SAR_ONLY,PASS,none
TN_NADA_2016_059562,TN_NADA_2016,SAR_ONLY,PASS,none
TN_NADA_2016_078636,TN_NADA_2016,SAR_ONLY,PASS,none
TN_NADA_2016_090629,TN_NADA_2016,SAR_ONLY,PASS,none
TN_NADA_2016_102767,TN_NADA_2016,SAR_ONLY,PASS,none
TN_NADA_2016_024916,TN_NADA_2016,SAR_ONLY,PASS,none
TN_NADA_2016_024907,TN_NADA_2016,SAR_ONLY,PASS,none
TN_NADA_2016_044071,TN_NADA_2016,SAR_ONLY,PASS,none
TN_NADA_2016_064454,TN_NADA_2016,SAR_ONLY,PASS,none
TN_NADA_2016_064470,TN_NADA_2016,SAR_ONLY,PASS,none
TN_NADA_2016_083320,TN_NADA_2016,SAR_ONLY,PASS,none
TN_NADA_2016_091823,TN_NADA_2016,SAR_ONLY,PASS,none
TN_NADA_2016_104130,TN_NADA_2016,SAR_ONLY,PASS,none
TN_NADA_2016_045692,TN_NADA_2016,SAR_ONLY,PASS,none
TN_NADA_2016_064719,TN_NADA_2016,SAR_ONLY,PASS,none
TN_NADA_2016_064637,TN_NADA_2016,SAR_ONLY,PASS,none
TN_NADA_2016_084387,TN_NADA_2016,SAR_ONLY,PASS,none
TN_NADA_2016_091915,TN_NADA_2016,SAR_ONLY,PASS,none
TN_NADA_2016_104141,TN_NADA_2016,SAR_ONLY,PASS,none
TN_NADA_2016_085304,TN_NADA_2016,SAR_ONLY,PASS,none
TN_NADA_2016_107853,TN_NADA_2016,SAR_ONLY,PASS,none
TN_NADA_2016_000007,TN_NADA_2016,SAR_ONLY,PASS,none
TN_NADA_2016_000068,TN_NADA_2016,SAR_ONLY,PASS,none
TN_NADA_2016_008572,TN_NADA_2016,SAR_ONLY,PASS,none
TN_NADA_2016_017006,TN_NADA_2016,SAR_ONLY,PASS,none
TN_NADA_2016_029853,TN_NADA_2016,SAR_ONLY,PASS,none
TN_NADA_2016_048047,TN_NADA_2016,SAR_ONLY,PASS,none
TN_NADA_2016_048062,TN_NADA_2016,SAR_ONLY,PASS,none
TN_NADA_2016_069499,TN_NADA_2016,SAR_ONLY,PASS,none
TN_NADA_2016_085407,TN_NADA_2016,SAR_ONLY,PASS,none
TN_NADA_2016_096339,TN_NADA_2016,SAR_ONLY,PASS,none
TN_NADA_2016_000011,TN_NADA_2016,SAR_ONLY,PASS,none
TN_NADA_2016_000438,TN_NADA_2016,SAR_ONLY,PASS,none
TN_NADA_2016_009476,TN_NADA_2016,SAR_ONLY,PASS,none
TN_NADA_2016_016997,TN_NADA_2016,SAR_ONLY,PASS,none
TN_NADA_2016_029840,TN_NADA_2016,SAR_ONLY,PASS,none
TN_NADA_2016_029930,TN_NADA_2016,SAR_ONLY,PASS,none
TN_NADA_2016_048072,TN_NADA_2016,SAR_ONLY,PASS,none
TN_NADA_2016_069603,TN_NADA_2016,SAR_ONLY,PASS,none
TN_NADA_2016_085418,TN_NADA_2016,SAR_ONLY,PASS,none
TN_NADA_2016_096329,TN_NADA_2016,SAR_ONLY,PASS,none
TN_NADA_2016_000723,TN_NADA_2016,SAR_ONLY,PASS,none
TN_NADA_2016_000727,TN_NADA_2016,SAR_ONLY,PASS,none
TN_NADA_2016_010074,TN_NADA_2016,SAR_ONLY,PASS,none
TN_NADA_2016_017772,TN_NADA_2016,SAR_ONLY,PASS,none
TN_NADA_2016_030753,TN_NADA_2016,SAR_ONLY,PASS,none
TN_NADA_2016_031837,TN_NADA_2016,SAR_ONLY,PASS,none
TN_NADA_2016_051843,TN_NADA_2016,SAR_ONLY,PASS,none
TN_NADA_2016_071901,TN_NADA_2016,SAR_ONLY,PASS,none
TN_NADA_2016_086373,TN_NADA_2016,SAR_ONLY,PASS,none
TN_NADA_2016_097200,TN_NADA_2016,SAR_ONLY,PASS,none
TN_NADA_2016_000807,TN_NADA_2016,SAR_ONLY,PASS,none
TN_NADA_2016_002140,TN_NADA_2016,SAR_ONLY,PASS,none
TN_NADA_2016_010959,TN_NADA_2016,SAR_ONLY,PASS,none
TN_NADA_2016_017782,TN_NADA_2016,SAR_ONLY,PASS,none
TN_NADA_2016_030771,TN_NADA_2016,SAR_ONLY,PASS,none
TN_NADA_2016_037296,TN_NADA_2016,SAR_ONLY,PASS,none
TN_NADA_2016_051811,TN_NADA_2016,SAR_ONLY,PASS,none
TN_NADA_2016_072050,TN_NADA_2016,SAR_ONLY,PASS,none
TN_NADA_2016_086379,TN_NADA_2016,SAR_ONLY,PASS,none
TN_NADA_2016_097217,TN_NADA_2016,SAR_ONLY,PASS,none
TN_NADA_2016_002055,TN_NADA_2016,SAR_ONLY,PASS,none
TN_NADA_2016_002073,TN_NADA_2016,SAR_ONLY,PASS,none
TN_NADA_2016_011163,TN_NADA_2016,SAR_ONLY,PASS,none
TN_NADA_2016_018447,TN_NADA_2016,SAR_ONLY,PASS,none
TN_NADA_2016_034161,TN_NADA_2016,SAR_ONLY,PASS,none
TN_NADA_2016_054600,TN_NADA_2016,SAR_ONLY,PASS,none
TN_NADA_2016_054637,TN_NADA_2016,SAR_ONLY,PASS,none
TN_NADA_2016_073739,TN_NADA_2016,SAR_ONLY,PASS,none
TN_NADA_2016_088273,TN_NADA_2016,SAR_ONLY,PASS,none
TN_NADA_2016_098634,TN_NADA_2016,SAR_ONLY,PASS,none
TN_NADA_2016_005133,TN_NADA_2016,SAR_ONLY,PASS,none
TN_NADA_2016_005157,TN_NADA_2016,SAR_ONLY,PASS,none
TN_NADA_2016_011969,TN_NADA_2016,SAR_ONLY,PASS,none
TN_NADA_2016_019987,TN_NADA_2016,SAR_ONLY,PASS,none
TN_NADA_2016_039120,TN_NADA_2016,SAR_ONLY,PASS,none
TN_NADA_2016_059528,TN_NADA_2016,SAR_ONLY,PASS,none
TN_NADA_2016_059565,TN_NADA_2016,SAR_ONLY,PASS,none
TN_NADA_2016_078705,TN_NADA_2016,SAR_ONLY,PASS,none
TN_NADA_2016_090658,TN_NADA_2016,SAR_ONLY,PASS,none
TN_NADA_2016_102771,TN_NADA_2016,SAR_ONLY,PASS,none
TN_NADA_2016_005168,TN_NADA_2016,SAR_ONLY,PASS,none
TN_NADA_2016_005166,TN_NADA_2016,SAR_ONLY,PASS,none
TN_NADA_2016_011981,TN_NADA_2016,SAR_ONLY,PASS,none
TN_NADA_2016_019980,TN_NADA_2016,SAR_ONLY,PASS,none
TN_NADA_2016_039128,TN_NADA_2016,SAR_ONLY,PASS,none
TN_NADA_2016_059553,TN_NADA_2016,SAR_ONLY,PASS,none
TN_NADA_2016_059575,TN_NADA_2016,SAR_ONLY,PASS,none
TN_NADA_2016_078638,TN_NADA_2016,SAR_ONLY,PASS,none
TN_NADA_2016_090633,TN_NADA_2016,SAR_ONLY,PASS,none
TN_NADA_2016_102768,TN_NADA_2016,SAR_ONLY,PASS,none
TN_NADA_2016_024946,TN_NADA_2016,SAR_ONLY,PASS,none
TN_NADA_2016_024908,TN_NADA_2016,SAR_ONLY,PASS,none
TN_NADA_2016_044074,TN_NADA_2016,SAR_ONLY,PASS,none
TN_NADA_2016_064456,TN_NADA_2016,SAR_ONLY,PASS,none
TN_NADA_2016_064471,TN_NADA_2016,SAR_ONLY,PASS,none
TN_NADA_2016_083322,TN_NADA_2016,SAR_ONLY,PASS,none
TN_NADA_2016_091824,TN_NADA_2016,SAR_ONLY,PASS,none
TN_NADA_2016_104132,TN_NADA_2016,SAR_ONLY,PASS,none
TN_NADA_2016_046466,TN_NADA_2016,SAR_ONLY,PASS,none
TN_NADA_2016_064742,TN_NADA_2016,SAR_ONLY,PASS,none
TN_NADA_2016_064660,TN_NADA_2016,SAR_ONLY,PASS,none
TN_NADA_2016_084711,TN_NADA_2016,SAR_ONLY,PASS,none
TN_NADA_2016_091938,TN_NADA_2016,SAR_ONLY,PASS,none
TN_NADA_2016_104153,TN_NADA_2016,SAR_ONLY,PASS,none
TN_NADA_2016_085354,TN_NADA_2016,SAR_ONLY,PASS,none
TN_NADA_2016_107865,TN_NADA_2016,SAR_ONLY,PASS,none
TN_NADA_2016_000009,TN_NADA_2016,SAR_ONLY,PASS,none
TN_NADA_2016_000072,TN_NADA_2016,SAR_ONLY,PASS,none
TN_NADA_2016_008573,TN_NADA_2016,SAR_ONLY,PASS,none
TN_NADA_2016_017013,TN_NADA_2016,SAR_ONLY,PASS,none
TN_NADA_2016_029863,TN_NADA_2016,SAR_ONLY,PASS,none
TN_NADA_2016_048050,TN_NADA_2016,SAR_ONLY,PASS,none
TN_NADA_2016_048064,TN_NADA_2016,SAR_ONLY,PASS,none
TN_NADA_2016_069500,TN_NADA_2016,SAR_ONLY,PASS,none
TN_NADA_2016_085409,TN_NADA_2016,SAR_ONLY,PASS,none
TN_NADA_2016_096340,TN_NADA_2016,SAR_ONLY,PASS,none
TN_NADA_2016_000014,TN_NADA_2016,SAR_ONLY,PASS,none
TN_NADA_2016_000535,TN_NADA_2016,SAR_ONLY,PASS,none
TN_NADA_2016_009562,TN_NADA_2016,SAR_ONLY,PASS,none
TN_NADA_2016_017002,TN_NADA_2016,SAR_ONLY,PASS,none
TN_NADA_2016_029841,TN_NADA_2016,SAR_ONLY,PASS,none
TN_NADA_2016_029940,TN_NADA_2016,SAR_ONLY,PASS,none
TN_NADA_2016_048075,TN_NADA_2016,SAR_ONLY,PASS,none
TN_NADA_2016_069663,TN_NADA_2016,SAR_ONLY,PASS,none
TN_NADA_2016_085420,TN_NADA_2016,SAR_ONLY,PASS,none
TN_NADA_2016_096330,TN_NADA_2016,SAR_ONLY,PASS,none
TN_NADA_2016_000724,TN_NADA_2016,SAR_ONLY,PASS,none
TN_NADA_2016_000729,TN_NADA_2016,SAR_ONLY,PASS,none
TN_NADA_2016_010240,TN_NADA_2016,SAR_ONLY,PASS,none
TN_NADA_2016_017773,TN_NADA_2016,SAR_ONLY,PASS,none
TN_NADA_2016_030754,TN_NADA_2016,SAR_ONLY,PASS,none
TN_NADA_2016_031945,TN_NADA_2016,SAR_ONLY,PASS,none
TN_NADA_2016_051853,TN_NADA_2016,SAR_ONLY,PASS,none
TN_NADA_2016_072005,TN_NADA_2016,SAR_ONLY,PASS,none
TN_NADA_2016_086376,TN_NADA_2016,SAR_ONLY,PASS,none
TN_NADA_2016_097204,TN_NADA_2016,SAR_ONLY,PASS,none
TN_NADA_2016_000823,TN_NADA_2016,SAR_ONLY,PASS,none
TN_NADA_2016_002146,TN_NADA_2016,SAR_ONLY,PASS,none
TN_NADA_2016_011009,TN_NADA_2016,SAR_ONLY,PASS,none
TN_NADA_2016_017785,TN_NADA_2016,SAR_ONLY,PASS,none
TN_NADA_2016_030772,TN_NADA_2016,SAR_ONLY,PASS,none
TN_NADA_2016_038914,TN_NADA_2016,SAR_ONLY,PASS,none
TN_NADA_2016_051823,TN_NADA_2016,SAR_ONLY,PASS,none
TN_NADA_2016_072101,TN_NADA_2016,SAR_ONLY,PASS,none
TN_NADA_2016_086381,TN_NADA_2016,SAR_ONLY,PASS,none
TN_NADA_2016_097234,TN_NADA_2016,SAR_ONLY,PASS,none
TN_NADA_2016_002058,TN_NADA_2016,SAR_ONLY,PASS,none
TN_NADA_2016_002082,TN_NADA_2016,SAR_ONLY,PASS,none
TN_NADA_2016_011225,TN_NADA_2016,SAR_ONLY,PASS,none
TN_NADA_2016_018448,TN_NADA_2016,SAR_ONLY,PASS,none
TN_NADA_2016_034162,TN_NADA_2016,SAR_ONLY,PASS,none
TN_NADA_2016_054601,TN_NADA_2016,SAR_ONLY,PASS,none
TN_NADA_2016_054641,TN_NADA_2016,SAR_ONLY,PASS,none
TN_NADA_2016_073760,TN_NADA_2016,SAR_ONLY,PASS,none
TN_NADA_2016_088275,TN_NADA_2016,SAR_ONLY,PASS,none
TN_NADA_2016_098636,TN_NADA_2016,SAR_ONLY,PASS,none
TN_NADA_2016_005138,TN_NADA_2016,SAR_ONLY,PASS,none
TN_NADA_2016_005175,TN_NADA_2016,SAR_ONLY,PASS,none
TN_NADA_2016_011972,TN_NADA_2016,SAR_ONLY,PASS,none
TN_NADA_2016_019989,TN_NADA_2016,SAR_ONLY,PASS,none
TN_NADA_2016_039124,TN_NADA_2016,SAR_ONLY,PASS,none
TN_NADA_2016_059529,TN_NADA_2016,SAR_ONLY,PASS,none
TN_NADA_2016_059574,TN_NADA_2016,SAR_ONLY,PASS,none
TN_NADA_2016_078706,TN_NADA_2016,SAR_ONLY,PASS,none
TN_NADA_2016_090662,TN_NADA_2016,SAR_ONLY,PASS,none
TN_NADA_2016_102772,TN_NADA_2016,SAR_ONLY,PASS,none
TN_NADA_2016_005171,TN_NADA_2016,SAR_ONLY,PASS,none
TN_NADA_2016_005177,TN_NADA_2016,SAR_ONLY,PASS,none
TN_NADA_2016_011984,TN_NADA_2016,SAR_ONLY,PASS,none
TN_NADA_2016_019981,TN_NADA_2016,SAR_ONLY,PASS,none
TN_NADA_2016_039131,TN_NADA_2016,SAR_ONLY,PASS,none
TN_NADA_2016_059557,TN_NADA_2016,SAR_ONLY,PASS,none
TN_NADA_2016_059578,TN_NADA_2016,SAR_ONLY,PASS,none
TN_NADA_2016_078648,TN_NADA_2016,SAR_ONLY,PASS,none
TN_NADA_2016_090636,TN_NADA_2016,SAR_ONLY,PASS,none
TN_NADA_2016_102770,TN_NADA_2016,SAR_ONLY,PASS,none
TN_NADA_2016_024947,TN_NADA_2016,SAR_ONLY,PASS,none
TN_NADA_2016_024915,TN_NADA_2016,SAR_ONLY,PASS,none
TN_NADA_2016_044075,TN_NADA_2016,SAR_ONLY,PASS,none
TN_NADA_2016_064459,TN_NADA_2016,SAR_ONLY,PASS,none
TN_NADA_2016_064481,TN_NADA_2016,SAR_ONLY,PASS,none
TN_NADA_2016_083323,TN_NADA_2016,SAR_ONLY,PASS,none
TN_NADA_2016_091826,TN_NADA_2016,SAR_ONLY,PASS,none
TN_NADA_2016_104133,TN_NADA_2016,SAR_ONLY,PASS,none
TN_NADA_2016_047117,TN_NADA_2016,SAR_ONLY,PASS,none
TN_NADA_2016_064812,TN_NADA_2016,SAR_ONLY,PASS,none
TN_NADA_2016_064670,TN_NADA_2016,SAR_ONLY,PASS,none
TN_NADA_2016_084846,TN_NADA_2016,SAR_ONLY,PASS,none
TN_NADA_2016_091970,TN_NADA_2016,SAR_ONLY,PASS,none
TN_NADA_2016_104156,TN_NADA_2016,SAR_ONLY,PASS,none
TN_NADA_2016_085393,TN_NADA_2016,SAR_ONLY,PASS,none
TN_NADA_2016_107876,TN_NADA_2016,SAR_ONLY,PASS,none
TN_NADA_2016_000012,TN_NADA_2016,SAR_ONLY,PASS,none
TN_NADA_2016_000077,TN_NADA_2016,SAR_ONLY,PASS,none
TN_NADA_2016_008579,TN_NADA_2016,SAR_ONLY,PASS,none
TN_NADA_2016_017017,TN_NADA_2016,SAR_ONLY,PASS,none
TN_NADA_2016_029875,TN_NADA_2016,SAR_ONLY,PASS,none
TN_NADA_2016_048052,TN_NADA_2016,SAR_ONLY,PASS,none
TN_NADA_2016_048065,TN_NADA_2016,SAR_ONLY,PASS,none
TN_NADA_2016_069501,TN_NADA_2016,SAR_ONLY,PASS,none
TN_NADA_2016_085410,TN_NADA_2016,SAR_ONLY,PASS,none
TN_NADA_2016_096341,TN_NADA_2016,SAR_ONLY,PASS,none
TN_NADA_2016_000015,TN_NADA_2016,SAR_ONLY,PASS,none
TN_NADA_2016_000573,TN_NADA_2016,SAR_ONLY,PASS,none
TN_NADA_2016_009591,TN_NADA_2016,SAR_ONLY,PASS,none
TN_NADA_2016_017004,TN_NADA_2016,SAR_ONLY,PASS,none
TN_NADA_2016_029842,TN_NADA_2016,SAR_ONLY,PASS,none
TN_NADA_2016_029943,TN_NADA_2016,SAR_ONLY,PASS,none
TN_NADA_2016_048083,TN_NADA_2016,SAR_ONLY,PASS,none
TN_NADA_2016_069694,TN_NADA_2016,SAR_ONLY,PASS,none
TN_NADA_2016_085421,TN_NADA_2016,SAR_ONLY,PASS,none
TN_NADA_2016_096331,TN_NADA_2016,SAR_ONLY,PASS,none
TN_NADA_2016_000725,TN_NADA_2016,SAR_ONLY,PASS,none
TN_NADA_2016_000731,TN_NADA_2016,SAR_ONLY,PASS,none
TN_NADA_2016_010284,TN_NADA_2016,SAR_ONLY,PASS,none
TN_NADA_2016_017777,TN_NADA_2016,SAR_ONLY,PASS,none
TN_NADA_2016_030757,TN_NADA_2016,SAR_ONLY,PASS,none
TN_NADA_2016_031960,TN_NADA_2016,SAR_ONLY,PASS,none
TN_NADA_2016_051857,TN_NADA_2016,SAR_ONLY,PASS,none
TN_NADA_2016_072028,TN_NADA_2016,SAR_ONLY,PASS,none
TN_NADA_2016_086377,TN_NADA_2016,SAR_ONLY,PASS,none
TN_NADA_2016_097206,TN_NADA_2016,SAR_ONLY,PASS,none
TN_NADA_2016_000827,TN_NADA_2016,SAR_ONLY,PASS,none
TN_NADA_2016_002160,TN_NADA_2016,SAR_ONLY,PASS,none
TN_NADA_2016_011074,TN_NADA_2016,SAR_ONLY,PASS,none
TN_NADA_2016_017794,TN_NADA_2016,SAR_ONLY,PASS,none
TN_NADA_2016_030777,TN_NADA_2016,SAR_ONLY,PASS,none
TN_NADA_2016_051787,TN_NADA_2016,SAR_ONLY,PASS,none
TN_NADA_2016_051835,TN_NADA_2016,SAR_ONLY,PASS,none
TN_NADA_2016_072151,TN_NADA_2016,SAR_ONLY,PASS,none
TN_NADA_2016_086382,TN_NADA_2016,SAR_ONLY,PASS,none
TN_NADA_2016_097242,TN_NADA_2016,SAR_ONLY,PASS,none
TN_NADA_2016_002059,TN_NADA_2016,SAR_ONLY,PASS,none
TN_NADA_2016_002092,TN_NADA_2016,SAR_ONLY,PASS,none
TN_NADA_2016_011269,TN_NADA_2016,SAR_ONLY,PASS,none
TN_NADA_2016_018451,TN_NADA_2016,SAR_ONLY,PASS,none
TN_NADA_2016_034163,TN_NADA_2016,SAR_ONLY,PASS,none
TN_NADA_2016_054602,TN_NADA_2016,SAR_ONLY,PASS,none
TN_NADA_2016_054652,TN_NADA_2016,SAR_ONLY,PASS,none
TN_NADA_2016_073777,TN_NADA_2016,SAR_ONLY,PASS,none
TN_NADA_2016_088281,TN_NADA_2016,SAR_ONLY,PASS,none
TN_NADA_2016_098639,TN_NADA_2016,SAR_ONLY,PASS,none
TN_NADA_2016_005139,TN_NADA_2016,SAR_ONLY,PASS,none
TN_NADA_2016_005198,TN_NADA_2016,SAR_ONLY,PASS,none
TN_NADA_2016_011980,TN_NADA_2016,SAR_ONLY,PASS,none
TN_NADA_2016_020013,TN_NADA_2016,SAR_ONLY,PASS,none
TN_NADA_2016_039129,TN_NADA_2016,SAR_ONLY,PASS,none
TN_NADA_2016_059531,TN_NADA_2016,SAR_ONLY,PASS,none
TN_NADA_2016_059584,TN_NADA_2016,SAR_ONLY,PASS,none
TN_NADA_2016_078724,TN_NADA_2016,SAR_ONLY,PASS,none
TN_NADA_2016_090674,TN_NADA_2016,SAR_ONLY,PASS,none
TN_NADA_2016_102773,TN_NADA_2016,SAR_ONLY,PASS,none
TN_NADA_2016_005174,TN_NADA_2016,SAR_ONLY,PASS,none
TN_NADA_2016_005181,TN_NADA_2016,SAR_ONLY,PASS,none
TN_NADA_2016_011986,TN_NADA_2016,SAR_ONLY,PASS,none
TN_NADA_2016_019983,TN_NADA_2016,SAR_ONLY,PASS,none
TN_NADA_2016_039132,TN_NADA_2016,SAR_ONLY,PASS,none
TN_NADA_2016_059561,TN_NADA_2016,SAR_ONLY,PASS,none
TN_NADA_2016_059580,TN_NADA_2016,SAR_ONLY,PASS,none
TN_NADA_2016_078658,TN_NADA_2016,SAR_ONLY,PASS,none
TN_NADA_2016_090643,TN_NADA_2016,SAR_ONLY,PASS,none
TN_NADA_2016_102815,TN_NADA_2016,SAR_ONLY,PASS,none
TN_NADA_2016_024949,TN_NADA_2016,SAR_ONLY,PASS,none
TN_NADA_2016_024919,TN_NADA_2016,SAR_ONLY,PASS,none
TN_NADA_2016_044079,TN_NADA_2016,SAR_ONLY,PASS,none
TN_NADA_2016_064466,TN_NADA_2016,SAR_ONLY,PASS,none
TN_NADA_2016_064485,TN_NADA_2016,SAR_ONLY,PASS,none
TN_NADA_2016_083327,TN_NADA_2016,SAR_ONLY,PASS,none
TN_NADA_2016_091828,TN_NADA_2016,SAR_ONLY,PASS,none
TN_NADA_2016_104134,TN_NADA_2016,SAR_ONLY,PASS,none
TN_NADA_2016_047248,TN_NADA_2016,SAR_ONLY,PASS,none
TN_NADA_2016_064850,TN_NADA_2016,SAR_ONLY,PASS,none
TN_NADA_2016_064846,TN_NADA_2016,SAR_ONLY,PASS,none
TN_NADA_2016_085027,TN_NADA_2016,SAR_ONLY,PASS,none
TN_NADA_2016_091996,TN_NADA_2016,SAR_ONLY,PASS,none
TN_NADA_2016_104161,TN_NADA_2016,SAR_ONLY,PASS,none
TN_NADA_2016_085394,TN_NADA_2016,SAR_ONLY,PASS,none
TN_NADA_2016_107879,TN_NADA_2016,SAR_ONLY,PASS,none
TN_NADA_2016_000013,TN_NADA_2016,SAR_ONLY,PASS,none
TN_NADA_2016_000085,TN_NADA_2016,SAR_ONLY,PASS,none
TN_NADA_2016_008584,TN_NADA_2016,SAR_ONLY,PASS,none
TN_NADA_2016_017018,TN_NADA_2016,SAR_ONLY,PASS,none
TN_NADA_2016_029877,TN_NADA_2016,SAR_ONLY,PASS,none
TN_NADA_2016_048053,TN_NADA_2016,SAR_ONLY,PASS,none
TN_NADA_2016_048074,TN_NADA_2016,SAR_ONLY,PASS,none
TN_NADA_2016_069503,TN_NADA_2016,SAR_ONLY,PASS,none
TN_NADA_2016_085412,TN_NADA_2016,SAR_ONLY,PASS,none
TN_NADA_2016_096343,TN_NADA_2016,SAR_ONLY,PASS,none
TN_NADA_2016_000017,TN_NADA_2016,SAR_ONLY,PASS,none
TN_NADA_2016_000732,TN_NADA_2016,SAR_ONLY,PASS,none
TN_NADA_2016_010094,TN_NADA_2016,SAR_ONLY,PASS,none
TN_NADA_2016_017005,TN_NADA_2016,SAR_ONLY,PASS,none
TN_NADA_2016_029843,TN_NADA_2016,SAR_ONLY,PASS,none
TN_NADA_2016_029997,TN_NADA_2016,SAR_ONLY,PASS,none
TN_NADA_2016_048091,TN_NADA_2016,SAR_ONLY,PASS,none
TN_NADA_2016_069697,TN_NADA_2016,SAR_ONLY,PASS,none
TN_NADA_2016_085422,TN_NADA_2016,SAR_ONLY,PASS,none
TN_NADA_2016_096334,TN_NADA_2016,SAR_ONLY,PASS,none
TN_NADA_2016_000728,TN_NADA_2016,SAR_ONLY,PASS,none
TN_NADA_2016_000733,TN_NADA_2016,SAR_ONLY,PASS,none
TN_NADA_2016_010406,TN_NADA_2016,SAR_ONLY,PASS,none
TN_NADA_2016_017784,TN_NADA_2016,SAR_ONLY,PASS,none
TN_NADA_2016_030758,TN_NADA_2016,SAR_ONLY,PASS,none
TN_NADA_2016_032367,TN_NADA_2016,SAR_ONLY,PASS,none
TN_NADA_2016_051862,TN_NADA_2016,SAR_ONLY,PASS,none
TN_NADA_2016_072075,TN_NADA_2016,SAR_ONLY,PASS,none
TN_NADA_2016_086385,TN_NADA_2016,SAR_ONLY,PASS,none
TN_NADA_2016_097207,TN_NADA_2016,SAR_ONLY,PASS,none
TN_NADA_2016_000830,TN_NADA_2016,SAR_ONLY,PASS,none
TN_NADA_2016_002176,TN_NADA_2016,SAR_ONLY,PASS,none
TN_NADA_2016_011076,TN_NADA_2016,SAR_ONLY,PASS,none
TN_NADA_2016_017805,TN_NADA_2016,SAR_ONLY,PASS,none
TN_NADA_2016_030778,TN_NADA_2016,SAR_ONLY,PASS,none
TN_NADA_2016_051813,TN_NADA_2016,SAR_ONLY,PASS,none
TN_NADA_2016_051858,TN_NADA_2016,SAR_ONLY,PASS,none
TN_NADA_2016_072338,TN_NADA_2016,SAR_ONLY,PASS,none
TN_NADA_2016_086383,TN_NADA_2016,SAR_ONLY,PASS,none
TN_NADA_2016_097243,TN_NADA_2016,SAR_ONLY,PASS,none
TN_NADA_2016_002060,TN_NADA_2016,SAR_ONLY,PASS,none
TN_NADA_2016_002096,TN_NADA_2016,SAR_ONLY,PASS,none
TN_NADA_2016_011408,TN_NADA_2016,SAR_ONLY,PASS,none
TN_NADA_2016_018452,TN_NADA_2016,SAR_ONLY,PASS,none
TN_NADA_2016_034165,TN_NADA_2016,SAR_ONLY,PASS,none
TN_NADA_2016_054604,TN_NADA_2016,SAR_ONLY,PASS,none
TN_NADA_2016_054670,TN_NADA_2016,SAR_ONLY,PASS,none
TN_NADA_2016_073795,TN_NADA_2016,SAR_ONLY,PASS,none
TN_NADA_2016_088282,TN_NADA_2016,SAR_ONLY,PASS,none
TN_NADA_2016_098647,TN_NADA_2016,SAR_ONLY,PASS,none
TN_NADA_2016_005141,TN_NADA_2016,SAR_ONLY,PASS,none
TN_NADA_2016_005202,TN_NADA_2016,SAR_ONLY,PASS,none
TN_NADA_2016_011982,TN_NADA_2016,SAR_ONLY,PASS,none
TN_NADA_2016_020018,TN_NADA_2016,SAR_ONLY,PASS,none
TN_NADA_2016_039134,TN_NADA_2016,SAR_ONLY,PASS,none
TN_NADA_2016_059533,TN_NADA_2016,SAR_ONLY,PASS,none
TN_NADA_2016_059586,TN_NADA_2016,SAR_ONLY,PASS,none
TN_NADA_2016_078727,TN_NADA_2016,SAR_ONLY,PASS,none
TN_NADA_2016_090683,TN_NADA_2016,SAR_ONLY,PASS,none
TN_NADA_2016_102774,TN_NADA_2016,SAR_ONLY,PASS,none
TN_NADA_2016_005178,TN_NADA_2016,SAR_ONLY,PASS,none
TN_NADA_2016_005208,TN_NADA_2016,SAR_ONLY,PASS,none
TN_NADA_2016_011988,TN_NADA_2016,SAR_ONLY,PASS,none
TN_NADA_2016_019984,TN_NADA_2016,SAR_ONLY,PASS,none
TN_NADA_2016_039135,TN_NADA_2016,SAR_ONLY,PASS,none
TN_NADA_2016_059566,TN_NADA_2016,SAR_ONLY,PASS,none
TN_NADA_2016_059605,TN_NADA_2016,SAR_ONLY,PASS,none
TN_NADA_2016_078660,TN_NADA_2016,SAR_ONLY,PASS,none
TN_NADA_2016_090646,TN_NADA_2016,SAR_ONLY,PASS,none
TN_NADA_2016_102816,TN_NADA_2016,SAR_ONLY,PASS,none
TN_NADA_2016_024958,TN_NADA_2016,SAR_ONLY,PASS,none
TN_NADA_2016_024923,TN_NADA_2016,SAR_ONLY,PASS,none
TN_NADA_2016_044080,TN_NADA_2016,SAR_ONLY,PASS,none
TN_NADA_2016_064469,TN_NADA_2016,SAR_ONLY,PASS,none
TN_NADA_2016_064511,TN_NADA_2016,SAR_ONLY,PASS,none
TN_NADA_2016_083328,TN_NADA_2016,SAR_ONLY,PASS,none
TN_NADA_2016_091829,TN_NADA_2016,SAR_ONLY,PASS,none
TN_NADA_2016_104135,TN_NADA_2016,SAR_ONLY,PASS,none
TN_NADA_2016_047567,TN_NADA_2016,SAR_ONLY,PASS,none
TN_NADA_2016_064977,TN_NADA_2016,SAR_ONLY,PASS,none
TN_NADA_2016_064868,TN_NADA_2016,SAR_ONLY,PASS,none
TN_NADA_2016_085028,TN_NADA_2016,SAR_ONLY,PASS,none
TN_NADA_2016_091998,TN_NADA_2016,SAR_ONLY,PASS,none
TN_NADA_2016_104183,TN_NADA_2016,SAR_ONLY,PASS,none
TN_NADA_2016_085396,TN_NADA_2016,SAR_ONLY,PASS,none
TN_NADA_2016_107880,TN_NADA_2016,SAR_ONLY,PASS,none
TN_NADA_2016_000016,TN_NADA_2016,SAR_ONLY,PASS,none
TN_NADA_2016_000089,TN_NADA_2016,SAR_ONLY,PASS,none
TN_NADA_2016_008591,TN_NADA_2016,SAR_ONLY,PASS,none
TN_NADA_2016_017021,TN_NADA_2016,SAR_ONLY,PASS,none
TN_NADA_2016_029905,TN_NADA_2016,SAR_ONLY,PASS,none
TN_NADA_2016_048054,TN_NADA_2016,SAR_ONLY,PASS,none
TN_NADA_2016_048076,TN_NADA_2016,SAR_ONLY,PASS,none
TN_NADA_2016_069504,TN_NADA_2016,SAR_ONLY,PASS,none
TN_NADA_2016_085413,TN_NADA_2016,SAR_ONLY,PASS,none
TN_NADA_2016_096344,TN_NADA_2016,SAR_ONLY,PASS,none
TN_NADA_2016_000018,TN_NADA_2016,SAR_ONLY,PASS,none
TN_NADA_2016_000786,TN_NADA_2016,SAR_ONLY,PASS,none
TN_NADA_2016_010213,TN_NADA_2016,SAR_ONLY,PASS,none
TN_NADA_2016_017007,TN_NADA_2016,SAR_ONLY,PASS,none
TN_NADA_2016_029844,TN_NADA_2016,SAR_ONLY,PASS,none
TN_NADA_2016_030032,TN_NADA_2016,SAR_ONLY,PASS,none
TN_NADA_2016_048129,TN_NADA_2016,SAR_ONLY,PASS,none
TN_NADA_2016_069709,TN_NADA_2016,SAR_ONLY,PASS,none
TN_NADA_2016_085426,TN_NADA_2016,SAR_ONLY,PASS,none
TN_NADA_2016_096335,TN_NADA_2016,SAR_ONLY,PASS,none
TN_NADA_2016_000730,TN_NADA_2016,SAR_ONLY,PASS,none
TN_NADA_2016_000735,TN_NADA_2016,SAR_ONLY,PASS,none
TN_NADA_2016_010495,TN_NADA_2016,SAR_ONLY,PASS,none
TN_NADA_2016_017789,TN_NADA_2016,SAR_ONLY,PASS,none
TN_NADA_2016_030759,TN_NADA_2016,SAR_ONLY,PASS,none
TN_NADA_2016_032578,TN_NADA_2016,SAR_ONLY,PASS,none
TN_NADA_2016_051863,TN_NADA_2016,SAR_ONLY,PASS,none
TN_NADA_2016_072128,TN_NADA_2016,SAR_ONLY,PASS,none
TN_NADA_2016_086392,TN_NADA_2016,SAR_ONLY,PASS,none
TN_NADA_2016_097211,TN_NADA_2016,SAR_ONLY,PASS,none
TN_NADA_2016_000835,TN_NADA_2016,SAR_ONLY,PASS,none
TN_NADA_2016_002181,TN_NADA_2016,SAR_ONLY,PASS,none
TN_NADA_2016_011146,TN_NADA_2016,SAR_ONLY,PASS,none
TN_NADA_2016_017813,TN_NADA_2016,SAR_ONLY,PASS,none
TN_NADA_2016_030779,TN_NADA_2016,SAR_ONLY,PASS,none
TN_NADA_2016_051815,TN_NADA_2016,SAR_ONLY,PASS,none
TN_NADA_2016_051859,TN_NADA_2016,SAR_ONLY,PASS,none
TN_NADA_2016_072351,TN_NADA_2016,SAR_ONLY,PASS,none
TN_NADA_2016_086387,TN_NADA_2016,SAR_ONLY,PASS,none
TN_NADA_2016_097252,TN_NADA_2016,SAR_ONLY,PASS,none
TN_NADA_2016_002062,TN_NADA_2016,SAR_ONLY,PASS,none
TN_NADA_2016_002098,TN_NADA_2016,SAR_ONLY,PASS,none
TN_NADA_2016_011484,TN_NADA_2016,SAR_ONLY,PASS,none
TN_NADA_2016_018454,TN_NADA_2016,SAR_ONLY,PASS,none
TN_NADA_2016_034166,TN_NADA_2016,SAR_ONLY,PASS,none
TN_NADA_2016_054607,TN_NADA_2016,SAR_ONLY,PASS,none
TN_NADA_2016_054684,TN_NADA_2016,SAR_ONLY,PASS,none
TN_NADA_2016_073805,TN_NADA_2016,SAR_ONLY,PASS,none
TN_NADA_2016_088285,TN_NADA_2016,SAR_ONLY,PASS,none
TN_NADA_2016_098648,TN_NADA_2016,SAR_ONLY,PASS,none
TN_NADA_2016_005142,TN_NADA_2016,SAR_ONLY,PASS,none
TN_NADA_2016_005206,TN_NADA_2016,SAR_ONLY,PASS,none
TN_NADA_2016_011983,TN_NADA_2016,SAR_ONLY,PASS,none
TN_NADA_2016_020019,TN_NADA_2016,SAR_ONLY,PASS,none
TN_NADA_2016_039138,TN_NADA_2016,SAR_ONLY,PASS,none
TN_NADA_2016_059534,TN_NADA_2016,SAR_ONLY,PASS,none
TN_NADA_2016_059593,TN_NADA_2016,SAR_ONLY,PASS,none
TN_NADA_2016_078734,TN_NADA_2016,SAR_ONLY,PASS,none
TN_NADA_2016_090695,TN_NADA_2016,SAR_ONLY,PASS,none
TN_NADA_2016_102775,TN_NADA_2016,SAR_ONLY,PASS,none
TN_NADA_2016_005180,TN_NADA_2016,SAR_ONLY,PASS,none
TN_NADA_2016_005216,TN_NADA_2016,SAR_ONLY,PASS,none
TN_NADA_2016_011989,TN_NADA_2016,SAR_ONLY,PASS,none
TN_NADA_2016_019985,TN_NADA_2016,SAR_ONLY,PASS,none
TN_NADA_2016_039144,TN_NADA_2016,SAR_ONLY,PASS,none
TN_NADA_2016_059567,TN_NADA_2016,SAR_ONLY,PASS,none
TN_NADA_2016_059606,TN_NADA_2016,SAR_ONLY,PASS,none
TN_NADA_2016_078665,TN_NADA_2016,SAR_ONLY,PASS,none
TN_NADA_2016_090652,TN_NADA_2016,SAR_ONLY,PASS,none
TN_NADA_2016_102831,TN_NADA_2016,SAR_ONLY,PASS,none
TN_NADA_2016_024962,TN_NADA_2016,SAR_ONLY,PASS,none
TN_NADA_2016_024929,TN_NADA_2016,SAR_ONLY,PASS,none
TN_NADA_2016_044081,TN_NADA_2016,SAR_ONLY,PASS,none
TN_NADA_2016_064475,TN_NADA_2016,SAR_ONLY,PASS,none
TN_NADA_2016_064514,TN_NADA_2016,SAR_ONLY,PASS,none
TN_NADA_2016_083329,TN_NADA_2016,SAR_ONLY,PASS,none
TN_NADA_2016_091831,TN_NADA_2016,SAR_ONLY,PASS,none
TN_NADA_2016_104138,TN_NADA_2016,SAR_ONLY,PASS,none
TN_NADA_2016_065015,TN_NADA_2016,SAR_ONLY,PASS,none
TN_NADA_2016_064887,TN_NADA_2016,SAR_ONLY,PASS,none
TN_NADA_2016_085029,TN_NADA_2016,SAR_ONLY,PASS,none
TN_NADA_2016_092010,TN_NADA_2016,SAR_ONLY,PASS,none
TN_NADA_2016_104195,TN_NADA_2016,SAR_ONLY,PASS,none
TN_NADA_2016_085397,TN_NADA_2016,SAR_ONLY,PASS,none
TN_NADA_2016_107900,TN_NADA_2016,SAR_ONLY,PASS,none
TN_NADA_2016_000021,TN_NADA_2016,SAR_ONLY,PASS,none
TN_NADA_2016_000096,TN_NADA_2016,SAR_ONLY,PASS,none
TN_NADA_2016_008592,TN_NADA_2016,SAR_ONLY,PASS,none
TN_NADA_2016_017026,TN_NADA_2016,SAR_ONLY,PASS,none
TN_NADA_2016_029933,TN_NADA_2016,SAR_ONLY,PASS,none
TN_NADA_2016_048055,TN_NADA_2016,SAR_ONLY,PASS,none
TN_NADA_2016_048080,TN_NADA_2016,SAR_ONLY,PASS,none
TN_NADA_2016_069505,TN_NADA_2016,SAR_ONLY,PASS,none
TN_NADA_2016_085415,TN_NADA_2016,SAR_ONLY,PASS,none
TN_NADA_2016_096345,TN_NADA_2016,SAR_ONLY,PASS,none
TN_NADA_2016_000019,TN_NADA_2016,SAR_ONLY,PASS,none
TN_NADA_2016_001693,TN_NADA_2016,SAR_ONLY,PASS,none
TN_NADA_2016_010231,TN_NADA_2016,SAR_ONLY,PASS,none
TN_NADA_2016_017008,TN_NADA_2016,SAR_ONLY,PASS,none
TN_NADA_2016_029845,TN_NADA_2016,SAR_ONLY,PASS,none
TN_NADA_2016_030058,TN_NADA_2016,SAR_ONLY,PASS,none
TN_NADA_2016_048133,TN_NADA_2016,SAR_ONLY,PASS,none
TN_NADA_2016_069736,TN_NADA_2016,SAR_ONLY,PASS,none
TN_NADA_2016_085427,TN_NADA_2016,SAR_ONLY,PASS,none
TN_NADA_2016_096336,TN_NADA_2016,SAR_ONLY,PASS,none
TN_NADA_2016_000734,TN_NADA_2016,SAR_ONLY,PASS,none
TN_NADA_2016_000737,TN_NADA_2016,SAR_ONLY,PASS,none
TN_NADA_2016_010627,TN_NADA_2016,SAR_ONLY,PASS,none
TN_NADA_2016_017792,TN_NADA_2016,SAR_ONLY,PASS,none
TN_NADA_2016_030761,TN_NADA_2016,SAR_ONLY,PASS,none
TN_NADA_2016_032953,TN_NADA_2016,SAR_ONLY,PASS,none
TN_NADA_2016_051886,TN_NADA_2016,SAR_ONLY,PASS,none
TN_NADA_2016_072139,TN_NADA_2016,SAR_ONLY,PASS,none
TN_NADA_2016_086395,TN_NADA_2016,SAR_ONLY,PASS,none
TN_NADA_2016_097214,TN_NADA_2016,SAR_ONLY,PASS,none
TN_NADA_2016_000849,TN_NADA_2016,SAR_ONLY,PASS,none
TN_NADA_2016_002215,TN_NADA_2016,SAR_ONLY,PASS,none
TN_NADA_2016_011162,TN_NADA_2016,SAR_ONLY,PASS,none
TN_NADA_2016_017822,TN_NADA_2016,SAR_ONLY,PASS,none
TN_NADA_2016_030780,TN_NADA_2016,SAR_ONLY,PASS,none
TN_NADA_2016_051816,TN_NADA_2016,SAR_ONLY,PASS,none
TN_NADA_2016_051884,TN_NADA_2016,SAR_ONLY,PASS,none
TN_NADA_2016_072352,TN_NADA_2016,SAR_ONLY,PASS,none
TN_NADA_2016_086388,TN_NADA_2016,SAR_ONLY,PASS,none
TN_NADA_2016_097259,TN_NADA_2016,SAR_ONLY,PASS,none
TN_NADA_2016_002064,TN_NADA_2016,SAR_ONLY,PASS,none
TN_NADA_2016_002105,TN_NADA_2016,SAR_ONLY,PASS,none
TN_NADA_2016_011491,TN_NADA_2016,SAR_ONLY,PASS,none
TN_NADA_2016_018455,TN_NADA_2016,SAR_ONLY,PASS,none
TN_NADA_2016_034167,TN_NADA_2016,SAR_ONLY,PASS,none
TN_NADA_2016_054610,TN_NADA_2016,SAR_ONLY,PASS,none
TN_NADA_2016_054685,TN_NADA_2016,SAR_ONLY,PASS,none
TN_NADA_2016_073893,TN_NADA_2016,SAR_ONLY,PASS,none
TN_NADA_2016_088288,TN_NADA_2016,SAR_ONLY,PASS,none
TN_NADA_2016_098650,TN_NADA_2016,SAR_ONLY,PASS,none
TN_NADA_2016_005144,TN_NADA_2016,SAR_ONLY,PASS,none
TN_NADA_2016_005212,TN_NADA_2016,SAR_ONLY,PASS,none
TN_NADA_2016_011987,TN_NADA_2016,SAR_ONLY,PASS,none
TN_NADA_2016_020020,TN_NADA_2016,SAR_ONLY,PASS,none
TN_NADA_2016_039141,TN_NADA_2016,SAR_ONLY,PASS,none
TN_NADA_2016_059537,TN_NADA_2016,SAR_ONLY,PASS,none
TN_NADA_2016_059596,TN_NADA_2016,SAR_ONLY,PASS,none
TN_NADA_2016_078739,TN_NADA_2016,SAR_ONLY,PASS,none
TN_NADA_2016_090709,TN_NADA_2016,SAR_ONLY,PASS,none
TN_NADA_2016_102776,TN_NADA_2016,SAR_ONLY,PASS,none
TN_NADA_2016_005187,TN_NADA_2016,SAR_ONLY,PASS,none
TN_NADA_2016_005221,TN_NADA_2016,SAR_ONLY,PASS,none
TN_NADA_2016_011993,TN_NADA_2016,SAR_ONLY,PASS,none
TN_NADA_2016_019993,TN_NADA_2016,SAR_ONLY,PASS,none
TN_NADA_2016_039146,TN_NADA_2016,SAR_ONLY,PASS,none
TN_NADA_2016_059597,TN_NADA_2016,SAR_ONLY,PASS,none
TN_NADA_2016_059612,TN_NADA_2016,SAR_ONLY,PASS,none
TN_NADA_2016_078674,TN_NADA_2016,SAR_ONLY,PASS,none
TN_NADA_2016_090661,TN_NADA_2016,SAR_ONLY,PASS,none
TN_NADA_2016_102832,TN_NADA_2016,SAR_ONLY,PASS,none
TN_NADA_2016_024977,TN_NADA_2016,SAR_ONLY,PASS,none
TN_NADA_2016_024933,TN_NADA_2016,SAR_ONLY,PASS,none
TN_NADA_2016_044084,TN_NADA_2016,SAR_ONLY,PASS,none
TN_NADA_2016_064477,TN_NADA_2016,SAR_ONLY,PASS,none
TN_NADA_2016_064515,TN_NADA_2016,SAR_ONLY,PASS,none
TN_NADA_2016_083333,TN_NADA_2016,SAR_ONLY,PASS,none
TN_NADA_2016_091833,TN_NADA_2016,SAR_ONLY,PASS,none
TN_NADA_2016_104139,TN_NADA_2016,SAR_ONLY,PASS,none
TN_NADA_2016_065072,TN_NADA_2016,SAR_ONLY,PASS,none
TN_NADA_2016_064944,TN_NADA_2016,SAR_ONLY,PASS,none
TN_NADA_2016_085030,TN_NADA_2016,SAR_ONLY,PASS,none
TN_NADA_2016_092018,TN_NADA_2016,SAR_ONLY,PASS,none
TN_NADA_2016_104201,TN_NADA_2016,SAR_ONLY,PASS,none
TN_NADA_2016_085399,TN_NADA_2016,SAR_ONLY,PASS,none
TN_NADA_2016_107915,TN_NADA_2016,SAR_ONLY,PASS,none
TN_NADA_2016_000026,TN_NADA_2016,SAR_ONLY,PASS,none
TN_NADA_2016_000103,TN_NADA_2016,SAR_ONLY,PASS,none
TN_NADA_2016_008593,TN_NADA_2016,SAR_ONLY,PASS,none
TN_NADA_2016_017029,TN_NADA_2016,SAR_ONLY,PASS,none
TN_NADA_2016_029966,TN_NADA_2016,SAR_ONLY,PASS,none
TN_NADA_2016_048058,TN_NADA_2016,SAR_ONLY,PASS,none
TN_NADA_2016_048081,TN_NADA_2016,SAR_ONLY,PASS,none
TN_NADA_2016_069506,TN_NADA_2016,SAR_ONLY,PASS,none
TN_NADA_2016_085416,TN_NADA_2016,SAR_ONLY,PASS,none
TN_NADA_2016_096347,TN_NADA_2016,SAR_ONLY,PASS,none
TN_NADA_2016_000020,TN_NADA_2016,SAR_ONLY,PASS,none
TN_NADA_2016_001759,TN_NADA_2016,SAR_ONLY,PASS,none
TN_NADA_2016_010250,TN_NADA_2016,SAR_ONLY,PASS,none
TN_NADA_2016_017009,TN_NADA_2016,SAR_ONLY,PASS,none
TN_NADA_2016_029846,TN_NADA_2016,SAR_ONLY,PASS,none
TN_NADA_2016_030059,TN_NADA_2016,SAR_ONLY,PASS,none
TN_NADA_2016_048186,TN_NADA_2016,SAR_ONLY,PASS,none
TN_NADA_2016_069745,TN_NADA_2016,SAR_ONLY,PASS,none
TN_NADA_2016_085429,TN_NADA_2016,SAR_ONLY,PASS,none
TN_NADA_2016_096338,TN_NADA_2016,SAR_ONLY,PASS,none
TN_NADA_2016_000736,TN_NADA_2016,SAR_ONLY,PASS,none
TN_NADA_2016_000740,TN_NADA_2016,SAR_ONLY,PASS,none
TN_NADA_2016_010671,TN_NADA_2016,SAR_ONLY,PASS,none
TN_NADA_2016_017793,TN_NADA_2016,SAR_ONLY,PASS,none
TN_NADA_2016_030762,TN_NADA_2016,SAR_ONLY,PASS,none
TN_NADA_2016_033107,TN_NADA_2016,SAR_ONLY,PASS,none
TN_NADA_2016_051892,TN_NADA_2016,SAR_ONLY,PASS,none
TN_NADA_2016_072158,TN_NADA_2016,SAR_ONLY,PASS,none
TN_NADA_2016_086406,TN_NADA_2016,SAR_ONLY,PASS,none
TN_NADA_2016_097219,TN_NADA_2016,SAR_ONLY,PASS,none
TN_NADA_2016_000852,TN_NADA_2016,SAR_ONLY,PASS,none
TN_NADA_2016_002223,TN_NADA_2016,SAR_ONLY,PASS,none
TN_NADA_2016_011314,TN_NADA_2016,SAR_ONLY,PASS,none
TN_NADA_2016_017839,TN_NADA_2016,SAR_ONLY,PASS,none
TN_NADA_2016_030782,TN_NADA_2016,SAR_ONLY,PASS,none
TN_NADA_2016_051818,TN_NADA_2016,SAR_ONLY,PASS,none
TN_NADA_2016_051899,TN_NADA_2016,SAR_ONLY,PASS,none
TN_NADA_2016_072374,TN_NADA_2016,SAR_ONLY,PASS,none
TN_NADA_2016_086389,TN_NADA_2016,SAR_ONLY,PASS,none
TN_NADA_2016_097261,TN_NADA_2016,SAR_ONLY,PASS,none
TN_NADA_2016_002066,TN_NADA_2016,SAR_ONLY,PASS,none
TN_NADA_2016_002113,TN_NADA_2016,SAR_ONLY,PASS,none
TN_NADA_2016_011518,TN_NADA_2016,SAR_ONLY,PASS,none
TN_NADA_2016_018456,TN_NADA_2016,SAR_ONLY,PASS,none
TN_NADA_2016_034169,TN_NADA_2016,SAR_ONLY,PASS,none
TN_NADA_2016_054611,TN_NADA_2016,SAR_ONLY,PASS,none
TN_NADA_2016_054694,TN_NADA_2016,SAR_ONLY,PASS,none
TN_NADA_2016_073915,TN_NADA_2016,SAR_ONLY,PASS,none
TN_NADA_2016_088289,TN_NADA_2016,SAR_ONLY,PASS,none
TN_NADA_2016_098659,TN_NADA_2016,SAR_ONLY,PASS,none
TN_NADA_2016_005148,TN_NADA_2016,SAR_ONLY,PASS,none
TN_NADA_2016_005219,TN_NADA_2016,SAR_ONLY,PASS,none
TN_NADA_2016_011997,TN_NADA_2016,SAR_ONLY,PASS,none
TN_NADA_2016_020022,TN_NADA_2016,SAR_ONLY,PASS,none
TN_NADA_2016_039142,TN_NADA_2016,SAR_ONLY,PASS,none
TN_NADA_2016_059539,TN_NADA_2016,SAR_ONLY,PASS,none
TN_NADA_2016_059600,TN_NADA_2016,SAR_ONLY,PASS,none
TN_NADA_2016_078742,TN_NADA_2016,SAR_ONLY,PASS,none
TN_NADA_2016_090712,TN_NADA_2016,SAR_ONLY,PASS,none
TN_NADA_2016_102777,TN_NADA_2016,SAR_ONLY,PASS,none
TN_NADA_2016_005190,TN_NADA_2016,SAR_ONLY,PASS,none
TN_NADA_2016_005240,TN_NADA_2016,SAR_ONLY,PASS,none
TN_NADA_2016_011999,TN_NADA_2016,SAR_ONLY,PASS,none
TN_NADA_2016_019995,TN_NADA_2016,SAR_ONLY,PASS,none
TN_NADA_2016_039150,TN_NADA_2016,SAR_ONLY,PASS,none
TN_NADA_2016_059608,TN_NADA_2016,SAR_ONLY,PASS,none
TN_NADA_2016_059613,TN_NADA_2016,SAR_ONLY,PASS,none
TN_NADA_2016_078676,TN_NADA_2016,SAR_ONLY,PASS,none
TN_NADA_2016_090667,TN_NADA_2016,SAR_ONLY,PASS,none
TN_NADA_2016_102833,TN_NADA_2016,SAR_ONLY,PASS,none
TN_NADA_2016_024983,TN_NADA_2016,SAR_ONLY,PASS,none
TN_NADA_2016_024934,TN_NADA_2016,SAR_ONLY,PASS,none
TN_NADA_2016_044089,TN_NADA_2016,SAR_ONLY,PASS,none
TN_NADA_2016_064478,TN_NADA_2016,SAR_ONLY,PASS,none
TN_NADA_2016_064524,TN_NADA_2016,SAR_ONLY,PASS,none
TN_NADA_2016_083334,TN_NADA_2016,SAR_ONLY,PASS,none
TN_NADA_2016_091835,TN_NADA_2016,SAR_ONLY,PASS,none
TN_NADA_2016_104140,TN_NADA_2016,SAR_ONLY,PASS,none
TN_NADA_2016_065139,TN_NADA_2016,SAR_ONLY,PASS,none
TN_NADA_2016_064995,TN_NADA_2016,SAR_ONLY,PASS,none
TN_NADA_2016_085031,TN_NADA_2016,SAR_ONLY,PASS,none
TN_NADA_2016_092037,TN_NADA_2016,SAR_ONLY,PASS,none
TN_NADA_2016_104204,TN_NADA_2016,SAR_ONLY,PASS,none
TN_NADA_2016_085400,TN_NADA_2016,SAR_ONLY,PASS,none
TN_NADA_2016_107926,TN_NADA_2016,SAR_ONLY,PASS,none
TN_NADA_2016_000033,TN_NADA_2016,SAR_ONLY,PASS,none
TN_NADA_2016_000111,TN_NADA_2016,SAR_ONLY,PASS,none
TN_NADA_2016_008594,TN_NADA_2016,SAR_ONLY,PASS,none
TN_NADA_2016_017032,TN_NADA_2016,SAR_ONLY,PASS,none
TN_NADA_2016_029991,TN_NADA_2016,SAR_ONLY,PASS,none
TN_NADA_2016_048067,TN_NADA_2016,SAR_ONLY,PASS,none
TN_NADA_2016_048082,TN_NADA_2016,SAR_ONLY,PASS,none
TN_NADA_2016_069507,TN_NADA_2016,SAR_ONLY,PASS,none
TN_NADA_2016_085417,TN_NADA_2016,SAR_ONLY,PASS,none
TN_NADA_2016_096349,TN_NADA_2016,SAR_ONLY,PASS,none
TN_NADA_2016_000023,TN_NADA_2016,SAR_ONLY,PASS,none
TN_NADA_2016_002046,TN_NADA_2016,SAR_ONLY,PASS,none
TN_NADA_2016_010304,TN_NADA_2016,SAR_ONLY,PASS,none
TN_NADA_2016_017010,TN_NADA_2016,SAR_ONLY,PASS,none
TN_NADA_2016_029849,TN_NADA_2016,SAR_ONLY,PASS,none
TN_NADA_2016_030079,TN_NADA_2016,SAR_ONLY,PASS,none
TN_NADA_2016_048187,TN_NADA_2016,SAR_ONLY,PASS,none
TN_NADA_2016_069783,TN_NADA_2016,SAR_ONLY,PASS,none
TN_NADA_2016_085432,TN_NADA_2016,SAR_ONLY,PASS,none
TN_NADA_2016_096342,TN_NADA_2016,SAR_ONLY,PASS,none
TN_NADA_2016_000738,TN_NADA_2016,SAR_ONLY,PASS,none
TN_NADA_2016_000747,TN_NADA_2016,SAR_ONLY,PASS,none
TN_NADA_2016_010711,TN_NADA_2016,SAR_ONLY,PASS,none
TN_NADA_2016_017795,TN_NADA_2016,SAR_ONLY,PASS,none
TN_NADA_2016_030763,TN_NADA_2016,SAR_ONLY,PASS,none
TN_NADA_2016_033575,TN_NADA_2016,SAR_ONLY,PASS,none
TN_NADA_2016_051900,TN_NADA_2016,SAR_ONLY,PASS,none
TN_NADA_2016_072229,TN_NADA_2016,SAR_ONLY,PASS,none
TN_NADA_2016_086409,TN_NADA_2016,SAR_ONLY,PASS,none
TN_NADA_2016_097220,TN_NADA_2016,SAR_ONLY,PASS,none
TN_NADA_2016_000867,TN_NADA_2016,SAR_ONLY,PASS,none
TN_NADA_2016_002230,TN_NADA_2016,SAR_ONLY,PASS,none
TN_NADA_2016_011329,TN_NADA_2016,SAR_ONLY,PASS,none
TN_NADA_2016_017841,TN_NADA_2016,SAR_ONLY,PASS,none
TN_NADA_2016_030786,TN_NADA_2016,SAR_ONLY,PASS,none
TN_NADA_2016_051824,TN_NADA_2016,SAR_ONLY,PASS,none
TN_NADA_2016_051917,TN_NADA_2016,SAR_ONLY,PASS,none
TN_NADA_2016_072399,TN_NADA_2016,SAR_ONLY,PASS,none
TN_NADA_2016_086390,TN_NADA_2016,SAR_ONLY,PASS,none
TN_NADA_2016_097262,TN_NADA_2016,SAR_ONLY,PASS,none
TN_NADA_2016_002072,TN_NADA_2016,SAR_ONLY,PASS,none
TN_NADA_2016_002130,TN_NADA_2016,SAR_ONLY,PASS,none
TN_NADA_2016_011574,TN_NADA_2016,SAR_ONLY,PASS,none
TN_NADA_2016_018457,TN_NADA_2016,SAR_ONLY,PASS,none
TN_NADA_2016_034170,TN_NADA_2016,SAR_ONLY,PASS,none
TN_NADA_2016_054612,TN_NADA_2016,SAR_ONLY,PASS,none
TN_NADA_2016_054723,TN_NADA_2016,SAR_ONLY,PASS,none
TN_NADA_2016_073920,TN_NADA_2016,SAR_ONLY,PASS,none
TN_NADA_2016_088291,TN_NADA_2016,SAR_ONLY,PASS,none
TN_NADA_2016_098661,TN_NADA_2016,SAR_ONLY,PASS,none
TN_NADA_2016_005149,TN_NADA_2016,SAR_ONLY,PASS,none
TN_NADA_2016_005223,TN_NADA_2016,SAR_ONLY,PASS,none
TN_NADA_2016_012001,TN_NADA_2016,SAR_ONLY,PASS,none
TN_NADA_2016_020027,TN_NADA_2016,SAR_ONLY,PASS,none
TN_NADA_2016_039143,TN_NADA_2016,SAR_ONLY,PASS,none
TN_NADA_2016_059540,TN_NADA_2016,SAR_ONLY,PASS,none
TN_NADA_2016_059603,TN_NADA_2016,SAR_ONLY,PASS,none
TN_NADA_2016_078758,TN_NADA_2016,SAR_ONLY,PASS,none
TN_NADA_2016_090720,TN_NADA_2016,SAR_ONLY,PASS,none
TN_NADA_2016_102778,TN_NADA_2016,SAR_ONLY,PASS,none
TN_NADA_2016_005195,TN_NADA_2016,SAR_ONLY,PASS,none
TN_NADA_2016_005246,TN_NADA_2016,SAR_ONLY,PASS,none
TN_NADA_2016_012005,TN_NADA_2016,SAR_ONLY,PASS,none
TN_NADA_2016_019996,TN_NADA_2016,SAR_ONLY,PASS,none
TN_NADA_2016_039153,TN_NADA_2016,SAR_ONLY,PASS,none
TN_NADA_2016_059609,TN_NADA_2016,SAR_ONLY,PASS,none
TN_NADA_2016_059625,TN_NADA_2016,SAR_ONLY,PASS,none
TN_NADA_2016_078683,TN_NADA_2016,SAR_ONLY,PASS,none
TN_NADA_2016_090669,TN_NADA_2016,SAR_ONLY,PASS,none
TN_NADA_2016_102835,TN_NADA_2016,SAR_ONLY,PASS,none
TN_NADA_2016_024988,TN_NADA_2016,SAR_ONLY,PASS,none
TN_NADA_2016_024940,TN_NADA_2016,SAR_ONLY,PASS,none
TN_NADA_2016_044090,TN_NADA_2016,SAR_ONLY,PASS,none
TN_NADA_2016_064484,TN_NADA_2016,SAR_ONLY,PASS,none
TN_NADA_2016_064530,TN_NADA_2016,SAR_ONLY,PASS,none
TN_NADA_2016_083339,TN_NADA_2016,SAR_ONLY,PASS,none
TN_NADA_2016_091840,TN_NADA_2016,SAR_ONLY,PASS,none
TN_NADA_2016_104142,TN_NADA_2016,SAR_ONLY,PASS,none
TN_NADA_2016_065178,TN_NADA_2016,SAR_ONLY,PASS,none
TN_NADA_2016_065009,TN_NADA_2016,SAR_ONLY,PASS,none
TN_NADA_2016_085036,TN_NADA_2016,SAR_ONLY,PASS,none
TN_NADA_2016_092048,TN_NADA_2016,SAR_ONLY,PASS,none
TN_NADA_2016_104205,TN_NADA_2016,SAR_ONLY,PASS,none
TN_NADA_2016_095844,TN_NADA_2016,SAR_ONLY,PASS,none
TN_NADA_2016_107928,TN_NADA_2016,SAR_ONLY,PASS,none
TN_NADA_2016_000035,TN_NADA_2016,SAR_ONLY,PASS,none
TN_NADA_2016_000115,TN_NADA_2016,SAR_ONLY,PASS,none
TN_NADA_2016_008595,TN_NADA_2016,SAR_ONLY,PASS,none
TN_NADA_2016_017033,TN_NADA_2016,SAR_ONLY,PASS,none
TN_NADA_2016_029998,TN_NADA_2016,SAR_ONLY,PASS,none
TN_NADA_2016_048068,TN_NADA_2016,SAR_ONLY,PASS,none
TN_NADA_2016_048089,TN_NADA_2016,SAR_ONLY,PASS,none
TN_NADA_2016_069509,TN_NADA_2016,SAR_ONLY,PASS,none
TN_NADA_2016_085419,TN_NADA_2016,SAR_ONLY,PASS,none
TN_NADA_2016_096350,TN_NADA_2016,SAR_ONLY,PASS,none
TN_NADA_2016_000024,TN_NADA_2016,SAR_ONLY,PASS,none
TN_NADA_2016_008543,TN_NADA_2016,SAR_ONLY,PASS,none
TN_NADA_2016_010341,TN_NADA_2016,SAR_ONLY,PASS,none
TN_NADA_2016_017012,TN_NADA_2016,SAR_ONLY,PASS,none
TN_NADA_2016_029850,TN_NADA_2016,SAR_ONLY,PASS,none
TN_NADA_2016_030096,TN_NADA_2016,SAR_ONLY,PASS,none
TN_NADA_2016_048194,TN_NADA_2016,SAR_ONLY,PASS,none
TN_NADA_2016_069853,TN_NADA_2016,SAR_ONLY,PASS,none
TN_NADA_2016_085438,TN_NADA_2016,SAR_ONLY,PASS,none
TN_NADA_2016_096346,TN_NADA_2016,SAR_ONLY,PASS,none
TN_NADA_2016_000739,TN_NADA_2016,SAR_ONLY,PASS,none
TN_NADA_2016_000751,TN_NADA_2016,SAR_ONLY,PASS,none
TN_NADA_2016_010715,TN_NADA_2016,SAR_ONLY,PASS,none
TN_NADA_2016_017796,TN_NADA_2016,SAR_ONLY,PASS,none
TN_NADA_2016_030765,TN_NADA_2016,SAR_ONLY,PASS,none
TN_NADA_2016_033682,TN_NADA_2016,SAR_ONLY,PASS,none
TN_NADA_2016_051910,TN_NADA_2016,SAR_ONLY,PASS,none
TN_NADA_2016_072263,TN_NADA_2016,SAR_ONLY,PASS,none
TN_NADA_2016_086412,TN_NADA_2016,SAR_ONLY,PASS,none
TN_NADA_2016_097221,TN_NADA_2016,SAR_ONLY,PASS,none
TN_NADA_2016_000883,TN_NADA_2016,SAR_ONLY,PASS,none
TN_NADA_2016_002259,TN_NADA_2016,SAR_ONLY,PASS,none
TN_NADA_2016_011377,TN_NADA_2016,SAR_ONLY,PASS,none
TN_NADA_2016_017843,TN_NADA_2016,SAR_ONLY,PASS,none
TN_NADA_2016_030787,TN_NADA_2016,SAR_ONLY,PASS,none
TN_NADA_2016_051832,TN_NADA_2016,SAR_ONLY,PASS,none
TN_NADA_2016_051932,TN_NADA_2016,SAR_ONLY,PASS,none
TN_NADA_2016_072418,TN_NADA_2016,SAR_ONLY,PASS,none
TN_NADA_2016_086393,TN_NADA_2016,SAR_ONLY,PASS,none
TN_NADA_2016_097264,TN_NADA_2016,SAR_ONLY,PASS,none
TN_NADA_2016_002075,TN_NADA_2016,SAR_ONLY,PASS,none
TN_NADA_2016_002131,TN_NADA_2016,SAR_ONLY,PASS,none
TN_NADA_2016_011641,TN_NADA_2016,SAR_ONLY,PASS,none
TN_NADA_2016_018458,TN_NADA_2016,SAR_ONLY,PASS,none
TN_NADA_2016_034177,TN_NADA_2016,SAR_ONLY,PASS,none
TN_NADA_2016_054614,TN_NADA_2016,SAR_ONLY,PASS,none
TN_NADA_2016_054731,TN_NADA_2016,SAR_ONLY,PASS,none
TN_NADA_2016_073923,TN_NADA_2016,SAR_ONLY,PASS,none
TN_NADA_2016_088292,TN_NADA_2016,SAR_ONLY,PASS,none
TN_NADA_2016_098662,TN_NADA_2016,SAR_ONLY,PASS,none
TN_NADA_2016_005151,TN_NADA_2016,SAR_ONLY,PASS,none
TN_NADA_2016_005226,TN_NADA_2016,SAR_ONLY,PASS,none
TN_NADA_2016_012003,TN_NADA_2016,SAR_ONLY,PASS,none
TN_NADA_2016_020029,TN_NADA_2016,SAR_ONLY,PASS,none
TN_NADA_2016_039145,TN_NADA_2016,SAR_ONLY,PASS,none
TN_NADA_2016_059541,TN_NADA_2016,SAR_ONLY,PASS,none
TN_NADA_2016_059607,TN_NADA_2016,SAR_ONLY,PASS,none
TN_NADA_2016_078802,TN_NADA_2016,SAR_ONLY,PASS,none
TN_NADA_2016_090752,TN_NADA_2016,SAR_ONLY,PASS,none
TN_NADA_2016_102779,TN_NADA_2016,SAR_ONLY,PASS,none
TN_NADA_2016_005197,TN_NADA_2016,SAR_ONLY,PASS,none
TN_NADA_2016_005262,TN_NADA_2016,SAR_ONLY,PASS,none
TN_NADA_2016_012014,TN_NADA_2016,SAR_ONLY,PASS,none
TN_NADA_2016_020002,TN_NADA_2016,SAR_ONLY,PASS,none
TN_NADA_2016_039154,TN_NADA_2016,SAR_ONLY,PASS,none
TN_NADA_2016_059615,TN_NADA_2016,SAR_ONLY,PASS,none
