building_id,event_id,geometry_hash,geometry_found,geometry_valid,geometry_source,geometry_area,geometry_centroid_lat,geometry_centroid_lon,status,reason
TN_VARDAH_2016_000003,TN_VARDAH_2016,30bb327b00cede47,TRUE,TRUE,data/tamil_nadu/buildings/validated/TN_VARDAH_2016_buildings.gpkg,25.17,13.015223753094233,80.20066832112232,PASS,none
TN_VARDAH_2016_000001,TN_VARDAH_2016,db92a6a44d83af46,TRUE,TRUE,data/tamil_nadu/buildings/validated/TN_VARDAH_2016_buildings.gpkg,10.56,13.026330403446737,80.20770403364129,PASS,none
TN_VARDAH_2016_021812,TN_VARDAH_2016,9928206cb5ffd2e8,TRUE,TRUE,data/tamil_nadu/buildings/validated/TN_VARDAH_2016_buildings.gpkg,50.78,13.038174450252615,80.20373137544784,PASS,none
TN_VARDAH_2016_046548,TN_VARDAH_2016,ef753ca579845ad9,TRUE,TRUE,data/tamil_nadu/buildings/validated/TN_VARDAH_2016_buildings.gpkg,108.31,13.055996084675247,80.20208037758316,PASS,none
TN_VARDAH_2016_071942,TN_VARDAH_2016,7be06f1776fc023c,TRUE,TRUE,data/tamil_nadu/buildings/validated/TN_VARDAH_2016_buildings.gpkg,38.53,13.08264268886555,80.19664226236554,PASS,none
TN_VARDAH_2016_096226,TN_VARDAH_2016,621010d25244a20a,TRUE,TRUE,data/tamil_nadu/buildings/validated/TN_VARDAH_2016_buildings.gpkg,432.52,13.09953870158781,80.19733632166209,PASS,none
TN_VARDAH_2016_123776,TN_VARDAH_2016,259b9bd8c8af39e0,TRUE,TRUE,data/tamil_nadu/buildings/validated/TN_VARDAH_2016_buildings.gpkg,43.19,13.11598471417476,80.20382317531636,PASS,none
TN_VARDAH_2016_153525,TN_VARDAH_2016,603136a2ff806e01,TRUE,TRUE,data/tamil_nadu/buildings/validated/TN_VARDAH_2016_buildings.gpkg,32.74,13.129744320599976,80.2032937415103,PASS,none
TN_VARDAH_2016_183189,TN_VARDAH_2016,a7fd0d22482af66f,TRUE,TRUE,data/tamil_nadu/buildings/validated/TN_VARDAH_2016_buildings.gpkg,61.14,13.156263421586253,80.20394355744247,PASS,none
TN_VARDAH_2016_000002,TN_VARDAH_2016,e489955c850b1c04,TRUE,TRUE,data/tamil_nadu/buildings/validated/TN_VARDAH_2016_buildings.gpkg,20.97,13.021380918896504,80.21397281312082,PASS,none
TN_VARDAH_2016_000004,TN_VARDAH_2016,9c37601871634f5c,TRUE,TRUE,data/tamil_nadu/buildings/validated/TN_VARDAH_2016_buildings.gpkg,48.75,13.02524097166908,80.21151349684003,PASS,none
TN_VARDAH_2016_021814,TN_VARDAH_2016,af2750375901ea5d,TRUE,TRUE,data/tamil_nadu/buildings/validated/TN_VARDAH_2016_buildings.gpkg,51.22,13.043810055932344,80.21421201033748,PASS,none
TN_VARDAH_2016_046553,TN_VARDAH_2016,15f776b96bcbe266,TRUE,TRUE,data/tamil_nadu/buildings/validated/TN_VARDAH_2016_buildings.gpkg,62.18,13.057352077711196,80.21007584327897,PASS,none
TN_VARDAH_2016_071277,TN_VARDAH_2016,556a049d42b18358,TRUE,TRUE,data/tamil_nadu/buildings/validated/TN_VARDAH_2016_buildings.gpkg,57.17,13.07019141990549,80.21114422038292,PASS,none
TN_VARDAH_2016_072795,TN_VARDAH_2016,733b4ff625fd83d5,TRUE,TRUE,data/tamil_nadu/buildings/validated/TN_VARDAH_2016_buildings.gpkg,121.94,13.082696782401605,80.21357767735572,PASS,none
TN_VARDAH_2016_096267,TN_VARDAH_2016,e7088067bbfef6cd,TRUE,TRUE,data/tamil_nadu/buildings/validated/TN_VARDAH_2016_buildings.gpkg,84.42,13.09900385486854,80.20913431818963,PASS,none
TN_VARDAH_2016_123782,TN_VARDAH_2016,22af4305603596e2,TRUE,TRUE,data/tamil_nadu/buildings/validated/TN_VARDAH_2016_buildings.gpkg,150.12,13.115472698415324,80.21187788656322,PASS,none
TN_VARDAH_2016_153527,TN_VARDAH_2016,14c7313328419095,TRUE,TRUE,data/tamil_nadu/buildings/validated/TN_VARDAH_2016_buildings.gpkg,37.58,13.130605649442066,80.21216763339824,PASS,none
TN_VARDAH_2016_183194,TN_VARDAH_2016,c09db73918d36b5b,TRUE,TRUE,data/tamil_nadu/buildings/validated/TN_VARDAH_2016_buildings.gpkg,145.74,13.156789514867938,80.21319396580235,PASS,none
TN_VARDAH_2016_004983,TN_VARDAH_2016,65dde066ce2a9464,TRUE,TRUE,data/tamil_nadu/buildings/validated/TN_VARDAH_2016_buildings.gpkg,17.56,13.017667649493422,80.22389206625368,PASS,none
TN_VARDAH_2016_005013,TN_VARDAH_2016,d89319a9f896e412,TRUE,TRUE,data/tamil_nadu/buildings/validated/TN_VARDAH_2016_buildings.gpkg,219.01,13.025791259851703,80.23136705078987,PASS,none
TN_VARDAH_2016_026771,TN_VARDAH_2016,79a0907934fca7e7,TRUE,TRUE,data/tamil_nadu/buildings/validated/TN_VARDAH_2016_buildings.gpkg,34.13,13.04265358646894,80.22416816032823,PASS,none
TN_VARDAH_2016_051508,TN_VARDAH_2016,8e226bf46805ac6c,TRUE,TRUE,data/tamil_nadu/buildings/validated/TN_VARDAH_2016_buildings.gpkg,132.37,13.0612225866338,80.22512506185596,PASS,none
TN_VARDAH_2016_076255,TN_VARDAH_2016,490833c4aa21b0d7,TRUE,TRUE,data/tamil_nadu/buildings/validated/TN_VARDAH_2016_buildings.gpkg,36.23,13.077665207256958,80.23028905954692,PASS,none
TN_VARDAH_2016_076370,TN_VARDAH_2016,933faa7216e3863c,TRUE,TRUE,data/tamil_nadu/buildings/validated/TN_VARDAH_2016_buildings.gpkg,97.84,13.082740315958096,80.22495677817867,PASS,none
TN_VARDAH_2016_101198,TN_VARDAH_2016,417a845f7dbbb8de,TRUE,TRUE,data/tamil_nadu/buildings/validated/TN_VARDAH_2016_buildings.gpkg,13.85,13.098106650930456,80.22350817514287,PASS,none
TN_VARDAH_2016_128748,TN_VARDAH_2016,d88bd59b75adfbed,TRUE,TRUE,data/tamil_nadu/buildings/validated/TN_VARDAH_2016_buildings.gpkg,28.13,13.119401382632184,80.2302774925332,PASS,none
TN_VARDAH_2016_158503,TN_VARDAH_2016,a6b44fd754683495,TRUE,TRUE,data/tamil_nadu/buildings/validated/TN_VARDAH_2016_buildings.gpkg,129.38,13.134432982522311,80.23031076186349,PASS,none
TN_VARDAH_2016_188127,TN_VARDAH_2016,27b87200b7c1d146,TRUE,TRUE,data/tamil_nadu/buildings/validated/TN_VARDAH_2016_buildings.gpkg,16.96,13.153817333019104,80.22363891000205,PASS,none
TN_VARDAH_2016_009951,TN_VARDAH_2016,62f6ab86fb2e83e2,TRUE,TRUE,data/tamil_nadu/buildings/validated/TN_VARDAH_2016_buildings.gpkg,29.96,13.018556903596503,80.24608715277523,PASS,none
TN_VARDAH_2016_009960,TN_VARDAH_2016,c4ad869268f65ca7,TRUE,TRUE,data/tamil_nadu/buildings/validated/TN_VARDAH_2016_buildings.gpkg,599.26,13.024802655127111,80.24774411613264,PASS,none
TN_VARDAH_2016_031712,TN_VARDAH_2016,265d9ca9c66ba45c,TRUE,TRUE,data/tamil_nadu/buildings/validated/TN_VARDAH_2016_buildings.gpkg,28.28,13.043911685150698,80.24763995325259,PASS,none
TN_VARDAH_2016_056431,TN_VARDAH_2016,f29b78c4cd5e32a6,TRUE,TRUE,data/tamil_nadu/buildings/validated/TN_VARDAH_2016_buildings.gpkg,102.18,13.054817939671674,80.23869875767498,PASS,none
TN_VARDAH_2016_081204,TN_VARDAH_2016,088dc8dc09465fde,TRUE,TRUE,data/tamil_nadu/buildings/validated/TN_VARDAH_2016_buildings.gpkg,98.61,13.074034563486661,80.23622605282301,PASS,none
TN_VARDAH_2016_081563,TN_VARDAH_2016,bf028422570454ad,TRUE,TRUE,data/tamil_nadu/buildings/validated/TN_VARDAH_2016_buildings.gpkg,115.63,13.0827657769076,80.23616064318915,PASS,none
TN_VARDAH_2016_106158,TN_VARDAH_2016,0488dd2e4bd1e10a,TRUE,TRUE,data/tamil_nadu/buildings/validated/TN_VARDAH_2016_buildings.gpkg,57.67,13.099728134002843,80.23783665993913,PASS,none
TN_VARDAH_2016_133703,TN_VARDAH_2016,210754a82ca4cea6,TRUE,TRUE,data/tamil_nadu/buildings/validated/TN_VARDAH_2016_buildings.gpkg,47.34,13.11690392208402,80.2394542772718,PASS,none
TN_VARDAH_2016_163430,TN_VARDAH_2016,f48ca2fa240c2bb1,TRUE,TRUE,data/tamil_nadu/buildings/validated/TN_VARDAH_2016_buildings.gpkg,18.75,13.135479260939105,80.24535887416377,PASS,none
TN_VARDAH_2016_193112,TN_VARDAH_2016,1085c40de58459ce,TRUE,TRUE,data/tamil_nadu/buildings/validated/TN_VARDAH_2016_buildings.gpkg,85.49,13.146879645985793,80.24516059608857,PASS,none
TN_VARDAH_2016_009969,TN_VARDAH_2016,1e3b3ae99e4e41f1,TRUE,TRUE,data/tamil_nadu/buildings/validated/TN_VARDAH_2016_buildings.gpkg,90.81,13.021154841430707,80.25147645085201,PASS,none
TN_VARDAH_2016_009965,TN_VARDAH_2016,6c7e9b71b93e63c8,TRUE,TRUE,data/tamil_nadu/buildings/validated/TN_VARDAH_2016_buildings.gpkg,206.37,13.024644408302303,80.25010761102351,PASS,none
TN_VARDAH_2016_031727,TN_VARDAH_2016,2f3897035097f97f,TRUE,TRUE,data/tamil_nadu/buildings/validated/TN_VARDAH_2016_buildings.gpkg,447.86,13.038662240013277,80.25109852935414,PASS,none
TN_VARDAH_2016_056438,TN_VARDAH_2016,51934b7cc89f9d20,TRUE,TRUE,data/tamil_nadu/buildings/validated/TN_VARDAH_2016_buildings.gpkg,21.61,13.06174097904194,80.24999002839189,PASS,none
TN_VARDAH_2016_081209,TN_VARDAH_2016,2d6719796279688a,TRUE,TRUE,data/tamil_nadu/buildings/validated/TN_VARDAH_2016_buildings.gpkg,16.86,13.077695507788265,80.24917502537167,PASS,none
TN_VARDAH_2016_085565,TN_VARDAH_2016,12d048497c11a153,TRUE,TRUE,data/tamil_nadu/buildings/validated/TN_VARDAH_2016_buildings.gpkg,117.79,13.082770917995314,80.25086128103413,PASS,none
TN_VARDAH_2016_106163,TN_VARDAH_2016,be77b4df411875ee,TRUE,TRUE,data/tamil_nadu/buildings/validated/TN_VARDAH_2016_buildings.gpkg,136.85,13.098660837692568,80.25061120201984,PASS,none
TN_VARDAH_2016_133727,TN_VARDAH_2016,f0c3242a9c51ee42,TRUE,TRUE,data/tamil_nadu/buildings/validated/TN_VARDAH_2016_buildings.gpkg,36.8,13.120119511801379,80.25096865357133,PASS,none
TN_VARDAH_2016_163427,TN_VARDAH_2016,338ea855701dee75,TRUE,TRUE,data/tamil_nadu/buildings/validated/TN_VARDAH_2016_buildings.gpkg,30.12,13.135379197515109,80.2491595893026,PASS,none
TN_VARDAH_2016_193111,TN_VARDAH_2016,b25ee9e8f8b50a83,TRUE,TRUE,data/tamil_nadu/buildings/validated/TN_VARDAH_2016_buildings.gpkg,25.92,13.152495234373452,80.25161269855374,PASS,none
TN_VARDAH_2016_014926,TN_VARDAH_2016,4ffa2ff6bbf443e1,TRUE,TRUE,data/tamil_nadu/buildings/validated/TN_VARDAH_2016_buildings.gpkg,231.13,13.022432312910547,80.26470926802638,PASS,none
TN_VARDAH_2016_014925,TN_VARDAH_2016,6ca0afec1226a6bb,TRUE,TRUE,data/tamil_nadu/buildings/validated/TN_VARDAH_2016_buildings.gpkg,20.27,13.025359874569382,80.2625259728714,PASS,none
TN_VARDAH_2016_036672,TN_VARDAH_2016,ed9e4dc391fa6504,TRUE,TRUE,data/tamil_nadu/buildings/validated/TN_VARDAH_2016_buildings.gpkg,92.96,13.03934445744117,80.26426653592685,PASS,none
TN_VARDAH_2016_061386,TN_VARDAH_2016,faa2bfba12e4930d,TRUE,TRUE,data/tamil_nadu/buildings/validated/TN_VARDAH_2016_buildings.gpkg,103.95,13.059392324210966,80.26867778279839,PASS,none
TN_VARDAH_2016_086150,TN_VARDAH_2016,fabf22a54f407c84,TRUE,TRUE,data/tamil_nadu/buildings/validated/TN_VARDAH_2016_buildings.gpkg,85.03,13.077726312154757,80.26704364756976,PASS,none
TN_VARDAH_2016_091448,TN_VARDAH_2016,4d8c66953c22a8ce,TRUE,TRUE,data/tamil_nadu/buildings/validated/TN_VARDAH_2016_buildings.gpkg,497.04,13.082932320986778,80.2753033920433,PASS,none
TN_VARDAH_2016_111089,TN_VARDAH_2016,0f8167a46052fabd,TRUE,TRUE,data/tamil_nadu/buildings/validated/TN_VARDAH_2016_buildings.gpkg,65.05,13.099242005773634,80.2673661350242,PASS,none
TN_VARDAH_2016_138658,TN_VARDAH_2016,26ff6aee3bbc02bb,TRUE,TRUE,data/tamil_nadu/buildings/validated/TN_VARDAH_2016_buildings.gpkg,10.32,13.114388383898982,80.26339094393984,PASS,none
TN_VARDAH_2016_168391,TN_VARDAH_2016,b150c011a8191a06,TRUE,TRUE,data/tamil_nadu/buildings/validated/TN_VARDAH_2016_buildings.gpkg,81.32,13.129786699435675,80.26317950110358,PASS,none
TN_VARDAH_2016_198058,TN_VARDAH_2016,5b3ab84ac5008e3f,TRUE,TRUE,data/tamil_nadu/buildings/validated/TN_VARDAH_2016_buildings.gpkg,104.59,13.151334137390169,80.26999962317515,PASS,none
TN_VARDAH_2016_019885,TN_VARDAH_2016,5f4772056aeb1035,TRUE,TRUE,data/tamil_nadu/buildings/validated/TN_VARDAH_2016_buildings.gpkg,50.52,13.01871777517507,80.27632221050544,PASS,none
TN_VARDAH_2016_019891,TN_VARDAH_2016,cd132e412a8a6324,TRUE,TRUE,data/tamil_nadu/buildings/validated/TN_VARDAH_2016_buildings.gpkg,25.51,13.023639534737553,80.27799598506078,PASS,none
TN_VARDAH_2016_041620,TN_VARDAH_2016,169aa16775b9955e,TRUE,TRUE,data/tamil_nadu/buildings/validated/TN_VARDAH_2016_buildings.gpkg,43.47,13.044393662846563,80.2760949182251,PASS,none
TN_VARDAH_2016_066342,TN_VARDAH_2016,593deb5c3bc0f64e,TRUE,TRUE,data/tamil_nadu/buildings/validated/TN_VARDAH_2016_buildings.gpkg,84.25,13.056334845290122,80.27962140232992,PASS,none
TN_VARDAH_2016_092127,TN_VARDAH_2016,719c138575f33dbd,TRUE,TRUE,data/tamil_nadu/buildings/validated/TN_VARDAH_2016_buildings.gpkg,525.75,13.082851690655101,80.27901363943714,PASS,none
TN_VARDAH_2016_116032,TN_VARDAH_2016,108262ea36b1ab5e,TRUE,TRUE,data/tamil_nadu/buildings/validated/TN_VARDAH_2016_buildings.gpkg,187.9,13.099828642551948,80.28825150076355,PASS,none
TN_VARDAH_2016_143610,TN_VARDAH_2016,fad016e99fd6b1e2,TRUE,TRUE,data/tamil_nadu/buildings/validated/TN_VARDAH_2016_buildings.gpkg,16.29,13.119225829054717,80.28438332322928,PASS,none
TN_VARDAH_2016_173311,TN_VARDAH_2016,0a9b9d1231fd5571,TRUE,TRUE,data/tamil_nadu/buildings/validated/TN_VARDAH_2016_buildings.gpkg,171.4,13.135951710366289,80.27955785939191,PASS,none
TN_VARDAH_2016_202999,TN_VARDAH_2016,be7f5b71991641f9,TRUE,TRUE,data/tamil_nadu/buildings/validated/TN_VARDAH_2016_buildings.gpkg,12.55,13.152579255509936,80.28040250729946,PASS,none
TN_VARDAH_2016_091132,TN_VARDAH_2016,bcf10b9001bf098d,TRUE,TRUE,data/tamil_nadu/buildings/validated/TN_VARDAH_2016_buildings.gpkg,66.67,13.072199556575642,80.28917117012477,PASS,none
TN_VARDAH_2016_096100,TN_VARDAH_2016,1c6f733a186ca859,TRUE,TRUE,data/tamil_nadu/buildings/validated/TN_VARDAH_2016_buildings.gpkg,1927.92,13.082929536748168,80.29385974915338,PASS,none
TN_VARDAH_2016_116128,TN_VARDAH_2016,80027f01d36c7554,TRUE,TRUE,data/tamil_nadu/buildings/validated/TN_VARDAH_2016_buildings.gpkg,44.47,13.099020514422387,80.2890299581226,PASS,none
TN_VARDAH_2016_143713,TN_VARDAH_2016,b42d73aa344eb8bf,TRUE,TRUE,data/tamil_nadu/buildings/validated/TN_VARDAH_2016_buildings.gpkg,74.41,13.11728969369687,80.28943174444022,PASS,none
TN_VARDAH_2016_173319,TN_VARDAH_2016,362071e06307d1b8,TRUE,TRUE,data/tamil_nadu/buildings/validated/TN_VARDAH_2016_buildings.gpkg,33.89,13.132746338913297,80.28907485942544,PASS,none
TN_VARDAH_2016_202995,TN_VARDAH_2016,7b7c2501ce10b3a5,TRUE,TRUE,data/tamil_nadu/buildings/validated/TN_VARDAH_2016_buildings.gpkg,14.86,13.148924934367948,80.28919379911306,PASS,none
TN_VARDAH_2016_121014,TN_VARDAH_2016,c19d8b2f14cefa31,TRUE,TRUE,data/tamil_nadu/buildings/validated/TN_VARDAH_2016_buildings.gpkg,17.98,13.090318569863213,80.3026708342242,PASS,none
TN_VARDAH_2016_121046,TN_VARDAH_2016,e2f63972d2574af5,TRUE,TRUE,data/tamil_nadu/buildings/validated/TN_VARDAH_2016_buildings.gpkg,57.61,13.098179771763247,80.3040371948751,PASS,none
TN_VARDAH_2016_178974,TN_VARDAH_2016,c2341e69c26b3c1c,TRUE,TRUE,data/tamil_nadu/buildings/validated/TN_VARDAH_2016_buildings.gpkg,7.81,13.131452277210014,80.30250444613019,PASS,none
TN_VARDAH_2016_206062,TN_VARDAH_2016,fbb016b2c0262fc7,TRUE,TRUE,data/tamil_nadu/buildings/validated/TN_VARDAH_2016_buildings.gpkg,48.04,13.157232807311805,80.30553708631024,PASS,none
TN_VARDAH_2016_153524,TN_VARDAH_2016,a77adb60b197f928,TRUE,TRUE,data/tamil_nadu/buildings/validated/TN_VARDAH_2016_buildings.gpkg,6.94,13.116730867594983,80.31748408993775,PASS,none
TN_VARDAH_2016_000005,TN_VARDAH_2016,3711380113675494,TRUE,TRUE,data/tamil_nadu/buildings/validated/TN_VARDAH_2016_buildings.gpkg,25.81,13.016988432456829,80.20228903850644,PASS,none
TN_VARDAH_2016_000019,TN_VARDAH_2016,756c5b2b7f98a481,TRUE,TRUE,data/tamil_nadu/buildings/validated/TN_VARDAH_2016_buildings.gpkg,441.08,13.026230232942765,80.20785652090422,PASS,none
TN_VARDAH_2016_021815,TN_VARDAH_2016,577a991da378af22,TRUE,TRUE,data/tamil_nadu/buildings/validated/TN_VARDAH_2016_buildings.gpkg,38.34,13.041854083116135,80.20206713783801,PASS,none
TN_VARDAH_2016_046549,TN_VARDAH_2016,387875c82ce21f71,TRUE,TRUE,data/tamil_nadu/buildings/validated/TN_VARDAH_2016_buildings.gpkg,183.0,13.060720571080774,80.20219551149623,PASS,none
TN_VARDAH_2016_071282,TN_VARDAH_2016,e119b165f457ee48,TRUE,TRUE,data/tamil_nadu/buildings/validated/TN_VARDAH_2016_buildings.gpkg,55.77,13.07413027386263,80.20518976184086,PASS,none
TN_VARDAH_2016_071959,TN_VARDAH_2016,a401a1f3b2e0cd2a,TRUE,TRUE,data/tamil_nadu/buildings/validated/TN_VARDAH_2016_buildings.gpkg,335.7,13.082636545917778,80.19986874015748,PASS,none
TN_VARDAH_2016_096232,TN_VARDAH_2016,4cdd30a0e3cfe6fc,TRUE,TRUE,data/tamil_nadu/buildings/validated/TN_VARDAH_2016_buildings.gpkg,105.48,13.100592832001505,80.19890343854864,PASS,none
TN_VARDAH_2016_123780,TN_VARDAH_2016,c1b824dd6eea8799,TRUE,TRUE,data/tamil_nadu/buildings/validated/TN_VARDAH_2016_buildings.gpkg,23.01,13.11275975678588,80.20002028438014,PASS,none
TN_VARDAH_2016_153529,TN_VARDAH_2016,a78277d83ba548bd,TRUE,TRUE,data/tamil_nadu/buildings/validated/TN_VARDAH_2016_buildings.gpkg,49.31,13.134577386166745,80.19950929423291,PASS,none
TN_VARDAH_2016_183190,TN_VARDAH_2016,9b248b08bd3ab306,TRUE,TRUE,data/tamil_nadu/buildings/validated/TN_VARDAH_2016_buildings.gpkg,12.73,13.14437663929662,80.20026729129397,PASS,none
TN_VARDAH_2016_000006,TN_VARDAH_2016,f4992dd84805a730,TRUE,TRUE,data/tamil_nadu/buildings/validated/TN_VARDAH_2016_buildings.gpkg,46.16,13.019370022195499,80.21401285780713,PASS,none
TN_VARDAH_2016_000033,TN_VARDAH_2016,503b78eba2d64ad0,TRUE,TRUE,data/tamil_nadu/buildings/validated/TN_VARDAH_2016_buildings.gpkg,124.59,13.022791034634645,80.2117880031852,PASS,none
TN_VARDAH_2016_021825,TN_VARDAH_2016,794e451fb108fd85,TRUE,TRUE,data/tamil_nadu/buildings/validated/TN_VARDAH_2016_buildings.gpkg,65.19,13.04313182240928,80.21416137620986,PASS,none
TN_VARDAH_2016_046556,TN_VARDAH_2016,0120b8aa37ea83c5,TRUE,TRUE,data/tamil_nadu/buildings/validated/TN_VARDAH_2016_buildings.gpkg,120.08,13.056422415000908,80.21388712780049,PASS,none
TN_VARDAH_2016_071280,TN_VARDAH_2016,8c3669d27aba7ebc,TRUE,TRUE,data/tamil_nadu/buildings/validated/TN_VARDAH_2016_buildings.gpkg,99.78,13.077443352890247,80.2105242011319,PASS,none
TN_VARDAH_2016_073162,TN_VARDAH_2016,1b5aa6f3d273b158,TRUE,TRUE,data/tamil_nadu/buildings/validated/TN_VARDAH_2016_buildings.gpkg,161.23,13.082659443607605,80.21085707823646,PASS,none
TN_VARDAH_2016_096314,TN_VARDAH_2016,99c4a16810792752,TRUE,TRUE,data/tamil_nadu/buildings/validated/TN_VARDAH_2016_buildings.gpkg,179.58,13.100620872030468,80.2121303965585,PASS,none
TN_VARDAH_2016_153528,TN_VARDAH_2016,ef286aba766b5e34,TRUE,TRUE,data/tamil_nadu/buildings/validated/TN_VARDAH_2016_buildings.gpkg,63.28,13.138461786797906,80.21014873505752,PASS,none
TN_VARDAH_2016_183205,TN_VARDAH_2016,920b7cdca59c8e29,TRUE,TRUE,data/tamil_nadu/buildings/validated/TN_VARDAH_2016_buildings.gpkg,90.58,13.153936391404375,80.20966413382008,PASS,none
TN_VARDAH_2016_004986,TN_VARDAH_2016,ed673c6d532a3458,TRUE,TRUE,data/tamil_nadu/buildings/validated/TN_VARDAH_2016_buildings.gpkg,81.91,13.015559899687256,80.22665164330171,PASS,none
TN_VARDAH_2016_005025,TN_VARDAH_2016,06d912a4b4795afa,TRUE,TRUE,data/tamil_nadu/buildings/validated/TN_VARDAH_2016_buildings.gpkg,68.36,13.022871783501943,80.22647128866998,PASS,none
TN_VARDAH_2016_026772,TN_VARDAH_2016,52aabaf991a745eb,TRUE,TRUE,data/tamil_nadu/buildings/validated/TN_VARDAH_2016_buildings.gpkg,15.32,13.043329571216919,80.22257365003594,PASS,none
TN_VARDAH_2016_051512,TN_VARDAH_2016,48679bd5055c989b,TRUE,TRUE,data/tamil_nadu/buildings/validated/TN_VARDAH_2016_buildings.gpkg,93.42,13.057663585209504,80.22543588960251,PASS,none
TN_VARDAH_2016_076257,TN_VARDAH_2016,c612bd18772eed60,TRUE,TRUE,data/tamil_nadu/buildings/validated/TN_VARDAH_2016_buildings.gpkg,34.32,13.074203377929917,80.22628475341257,PASS,none
TN_VARDAH_2016_076551,TN_VARDAH_2016,ba90858ed88bedf9,TRUE,TRUE,data/tamil_nadu/buildings/validated/TN_VARDAH_2016_buildings.gpkg,163.29,13.082751997216391,80.23054202263526,PASS,none
TN_VARDAH_2016_101202,TN_VARDAH_2016,799e11b63053a8b3,TRUE,TRUE,data/tamil_nadu/buildings/validated/TN_VARDAH_2016_buildings.gpkg,10.68,13.09806077511953,80.22488437931221,PASS,none
TN_VARDAH_2016_128749,TN_VARDAH_2016,48a595b368cacb6c,TRUE,TRUE,data/tamil_nadu/buildings/validated/TN_VARDAH_2016_buildings.gpkg,36.26,13.116983574127305,80.23043384464982,PASS,none
TN_VARDAH_2016_158504,TN_VARDAH_2016,b2c8c9ad970b2975,TRUE,TRUE,data/tamil_nadu/buildings/validated/TN_VARDAH_2016_buildings.gpkg,52.98,13.132701787805374,80.22582195065361,PASS,none
TN_VARDAH_2016_188128,TN_VARDAH_2016,66dba308c9b77a4d,TRUE,TRUE,data/tamil_nadu/buildings/validated/TN_VARDAH_2016_buildings.gpkg,45.4,13.148851719629016,80.23219471787827,PASS,none
TN_VARDAH_2016_009952,TN_VARDAH_2016,ae07d35fe06b7897,TRUE,TRUE,data/tamil_nadu/buildings/validated/TN_VARDAH_2016_buildings.gpkg,22.15,13.016531734100829,80.24495993922196,PASS,none
TN_VARDAH_2016_009980,TN_VARDAH_2016,8a2b10624a750837,TRUE,TRUE,data/tamil_nadu/buildings/validated/TN_VARDAH_2016_buildings.gpkg,399.08,13.022818017085791,80.24477174620915,PASS,none
TN_VARDAH_2016_031717,TN_VARDAH_2016,ee2543418c8e3e9c,TRUE,TRUE,data/tamil_nadu/buildings/validated/TN_VARDAH_2016_buildings.gpkg,82.0,13.040181026360166,80.24844063510061,PASS,none
TN_VARDAH_2016_056433,TN_VARDAH_2016,47e8ffaa88e6964b,TRUE,TRUE,data/tamil_nadu/buildings/validated/TN_VARDAH_2016_buildings.gpkg,84.04,13.057420693535475,80.24365343790507,PASS,none
TN_VARDAH_2016_081205,TN_VARDAH_2016,ce3f3ccfe3be34ba,TRUE,TRUE,data/tamil_nadu/buildings/validated/TN_VARDAH_2016_buildings.gpkg,28.46,13.075128859230736,80.2394129682834,PASS,none
TN_VARDAH_2016_081814,TN_VARDAH_2016,c505f0b3bc03e506,TRUE,TRUE,data/tamil_nadu/buildings/validated/TN_VARDAH_2016_buildings.gpkg,1271.27,13.082893956666297,80.2454481724699,PASS,none
TN_VARDAH_2016_106170,TN_VARDAH_2016,38e2889e9c7e69f7,TRUE,TRUE,data/tamil_nadu/buildings/validated/TN_VARDAH_2016_buildings.gpkg,132.22,13.099385295282186,80.24120551101028,PASS,none
TN_VARDAH_2016_133705,TN_VARDAH_2016,2942fdfb66b986a0,TRUE,TRUE,data/tamil_nadu/buildings/validated/TN_VARDAH_2016_buildings.gpkg,20.64,13.118339762053497,80.24212562040866,PASS,none
TN_VARDAH_2016_163431,TN_VARDAH_2016,09313f20dfa3997b,TRUE,TRUE,data/tamil_nadu/buildings/validated/TN_VARDAH_2016_buildings.gpkg,85.58,13.136002988100609,80.23796398987204,PASS,none
TN_VARDAH_2016_193113,TN_VARDAH_2016,88af4cf84f7e0327,TRUE,TRUE,data/tamil_nadu/buildings/validated/TN_VARDAH_2016_buildings.gpkg,29.79,13.147307153541082,80.24721918341737,PASS,none
TN_VARDAH_2016_009975,TN_VARDAH_2016,066affe7abbbe6ec,TRUE,TRUE,data/tamil_nadu/buildings/validated/TN_VARDAH_2016_buildings.gpkg,25.15,13.021530986835305,80.25069234211318,PASS,none
TN_VARDAH_2016_009983,TN_VARDAH_2016,12257f07646fc055,TRUE,TRUE,data/tamil_nadu/buildings/validated/TN_VARDAH_2016_buildings.gpkg,360.24,13.026428561403609,80.2500653990716,PASS,none
TN_VARDAH_2016_031743,TN_VARDAH_2016,079e3267003d7c09,TRUE,TRUE,data/tamil_nadu/buildings/validated/TN_VARDAH_2016_buildings.gpkg,109.09,13.039237231421431,80.25197971736212,PASS,none
TN_VARDAH_2016_056450,TN_VARDAH_2016,265019ab6973ac88,TRUE,TRUE,data/tamil_nadu/buildings/validated/TN_VARDAH_2016_buildings.gpkg,124.22,13.057546931968286,80.25156281665187,PASS,none
TN_VARDAH_2016_081218,TN_VARDAH_2016,35694de4d53c9842,TRUE,TRUE,data/tamil_nadu/buildings/validated/TN_VARDAH_2016_buildings.gpkg,4607.59,13.07474376779299,80.2494481536648,PASS,none
TN_VARDAH_2016_086533,TN_VARDAH_2016,82693e4ffbdafc8d,TRUE,TRUE,data/tamil_nadu/buildings/validated/TN_VARDAH_2016_buildings.gpkg,479.27,13.082802525287969,80.25550628453367,PASS,none
TN_VARDAH_2016_106174,TN_VARDAH_2016,2cdcfec68ba386c5,TRUE,TRUE,data/tamil_nadu/buildings/validated/TN_VARDAH_2016_buildings.gpkg,40.54,13.098107953546766,80.25037060064956,PASS,none
TN_VARDAH_2016_133735,TN_VARDAH_2016,787312dae1984c58,TRUE,TRUE,data/tamil_nadu/buildings/validated/TN_VARDAH_2016_buildings.gpkg,94.47,13.116827839889327,80.25123762330858,PASS,none
TN_VARDAH_2016_163439,TN_VARDAH_2016,39370074a4b68013,TRUE,TRUE,data/tamil_nadu/buildings/validated/TN_VARDAH_2016_buildings.gpkg,59.46,13.132442108477317,80.24900618802216,PASS,none
TN_VARDAH_2016_193123,TN_VARDAH_2016,7dd44c720ee7a1c3,TRUE,TRUE,data/tamil_nadu/buildings/validated/TN_VARDAH_2016_buildings.gpkg,58.73,13.152039797460763,80.25158221335813,PASS,none
TN_VARDAH_2016_014933,TN_VARDAH_2016,08049d4897741115,TRUE,TRUE,data/tamil_nadu/buildings/validated/TN_VARDAH_2016_buildings.gpkg,115.61,13.019448088409444,80.27064463713175,PASS,none
TN_VARDAH_2016_014929,TN_VARDAH_2016,a0c000c67cfceb38,TRUE,TRUE,data/tamil_nadu/buildings/validated/TN_VARDAH_2016_buildings.gpkg,42.81,13.02490369634819,80.26628071000464,PASS,none
TN_VARDAH_2016_036674,TN_VARDAH_2016,565e342189de7743,TRUE,TRUE,data/tamil_nadu/buildings/validated/TN_VARDAH_2016_buildings.gpkg,476.21,13.04053765731328,80.26286187614063,PASS,none
TN_VARDAH_2016_061393,TN_VARDAH_2016,676353b3326f3905,TRUE,TRUE,data/tamil_nadu/buildings/validated/TN_VARDAH_2016_buildings.gpkg,180.34,13.06282368339581,80.26440167013591,PASS,none
TN_VARDAH_2016_086151,TN_VARDAH_2016,5fa5e180b8731aec,TRUE,TRUE,data/tamil_nadu/buildings/validated/TN_VARDAH_2016_buildings.gpkg,81.26,13.077157060354441,80.26787335038182,PASS,none
TN_VARDAH_2016_093737,TN_VARDAH_2016,c0396950761fd6e7,TRUE,TRUE,data/tamil_nadu/buildings/validated/TN_VARDAH_2016_buildings.gpkg,9981.57,13.0834052778773,80.27560461586545,PASS,none
TN_VARDAH_2016_111107,TN_VARDAH_2016,6d6ae883db1cdbb7,TRUE,TRUE,data/tamil_nadu/buildings/validated/TN_VARDAH_2016_buildings.gpkg,72.77,13.10110579706365,80.26235580554884,PASS,none
TN_VARDAH_2016_138663,TN_VARDAH_2016,4df1964034a6b0bb,TRUE,TRUE,data/tamil_nadu/buildings/validated/TN_VARDAH_2016_buildings.gpkg,42.18,13.114853341072525,80.26711222994496,PASS,none
TN_VARDAH_2016_168409,TN_VARDAH_2016,f2394c6582b6c582,TRUE,TRUE,data/tamil_nadu/buildings/validated/TN_VARDAH_2016_buildings.gpkg,83.88,13.131481759036452,80.26270997749539,PASS,none
TN_VARDAH_2016_198061,TN_VARDAH_2016,f6af11f6cd9850f2,TRUE,TRUE,data/tamil_nadu/buildings/validated/TN_VARDAH_2016_buildings.gpkg,91.96,13.152256148340436,80.26902996993081,PASS,none
TN_VARDAH_2016_019886,TN_VARDAH_2016,0ca07a8651395631,TRUE,TRUE,data/tamil_nadu/buildings/validated/TN_VARDAH_2016_buildings.gpkg,176.36,13.018892305845432,80.27655133065599,PASS,none
TN_VARDAH_2016_019894,TN_VARDAH_2016,8920ee4536030894,TRUE,TRUE,data/tamil_nadu/buildings/validated/TN_VARDAH_2016_buildings.gpkg,16.76,13.02552042986078,80.2782294757917,PASS,none
TN_VARDAH_2016_041639,TN_VARDAH_2016,dca7cb2b82d2e903,TRUE,TRUE,data/tamil_nadu/buildings/validated/TN_VARDAH_2016_buildings.gpkg,35.14,13.042989276874197,80.27667567112786,PASS,none
TN_VARDAH_2016_066353,TN_VARDAH_2016,c7db7888e80f5f61,TRUE,TRUE,data/tamil_nadu/buildings/validated/TN_VARDAH_2016_buildings.gpkg,36.83,13.06311285613708,80.28597743229876,PASS,none
TN_VARDAH_2016_091112,TN_VARDAH_2016,047f7ca7841bf8ea,TRUE,TRUE,data/tamil_nadu/buildings/validated/TN_VARDAH_2016_buildings.gpkg,60.47,13.076766751496018,80.2785479841906,PASS,none
TN_VARDAH_2016_094322,TN_VARDAH_2016,d01c2f2bf5211e25,TRUE,TRUE,data/tamil_nadu/buildings/validated/TN_VARDAH_2016_buildings.gpkg,2288.68,13.08326647268715,80.28265348420256,PASS,none
TN_VARDAH_2016_116038,TN_VARDAH_2016,5530cea3ec702905,TRUE,TRUE,data/tamil_nadu/buildings/validated/TN_VARDAH_2016_buildings.gpkg,135.15,13.097921954698593,80.2839191623126,PASS,none
TN_VARDAH_2016_143611,TN_VARDAH_2016,996e9cac65d32701,TRUE,TRUE,data/tamil_nadu/buildings/validated/TN_VARDAH_2016_buildings.gpkg,26.05,13.117390024205163,80.2877120249912,PASS,none
TN_VARDAH_2016_173312,TN_VARDAH_2016,9f6203427305beab,TRUE,TRUE,data/tamil_nadu/buildings/validated/TN_VARDAH_2016_buildings.gpkg,20.0,13.131060480636958,80.27590595755245,PASS,none
TN_VARDAH_2016_203000,TN_VARDAH_2016,270e59a8af0be1bf,TRUE,TRUE,data/tamil_nadu/buildings/validated/TN_VARDAH_2016_buildings.gpkg,6.04,13.144960688736525,80.27556935829507,PASS,none
TN_VARDAH_2016_091156,TN_VARDAH_2016,b9b8123540a40145,TRUE,TRUE,data/tamil_nadu/buildings/validated/TN_VARDAH_2016_buildings.gpkg,48.58,13.070809131420518,80.2892646977385,PASS,none
TN_VARDAH_2016_096205,TN_VARDAH_2016,0eba7f5df63ce326,TRUE,TRUE,data/tamil_nadu/buildings/validated/TN_VARDAH_2016_buildings.gpkg,3619.04,13.083132425974759,80.29542327395036,PASS,none
TN_VARDAH_2016_116130,TN_VARDAH_2016,cfd98b8d90b767b5,TRUE,TRUE,data/tamil_nadu/buildings/validated/TN_VARDAH_2016_buildings.gpkg,133.71,13.099990907165871,80.2891610673897,PASS,none
TN_VARDAH_2016_173372,TN_VARDAH_2016,0e9215455023ba68,TRUE,TRUE,data/tamil_nadu/buildings/validated/TN_VARDAH_2016_buildings.gpkg,41.97,13.137181825015794,80.28905220920502,PASS,none
TN_VARDAH_2016_202996,TN_VARDAH_2016,2e60cdb855e26de9,TRUE,TRUE,data/tamil_nadu/buildings/validated/TN_VARDAH_2016_buildings.gpkg,24.26,13.151987714607602,80.28937592751755,PASS,none
TN_VARDAH_2016_121024,TN_VARDAH_2016,3bd0fac01b541075,TRUE,TRUE,data/tamil_nadu/buildings/validated/TN_VARDAH_2016_buildings.gpkg,11.62,13.094897846195103,80.30373739069566,PASS,none
TN_VARDAH_2016_121169,TN_VARDAH_2016,770990fe9da8a250,TRUE,TRUE,data/tamil_nadu/buildings/validated/TN_VARDAH_2016_buildings.gpkg,17.33,13.098176408274972,80.30365374248893,PASS,none
TN_VARDAH_2016_179018,TN_VARDAH_2016,68213d37a5f01f61,TRUE,TRUE,data/tamil_nadu/buildings/validated/TN_VARDAH_2016_buildings.gpkg,13.41,13.130712989350362,80.30263102345876,PASS,none
TN_VARDAH_2016_206065,TN_VARDAH_2016,e5c35867ee0acbab,TRUE,TRUE,data/tamil_nadu/buildings/validated/TN_VARDAH_2016_buildings.gpkg,48.21,13.155580188175668,80.30316802877634,PASS,none
TN_VARDAH_2016_000007,TN_VARDAH_2016,47c94b48e9618b1e,TRUE,TRUE,data/tamil_nadu/buildings/validated/TN_VARDAH_2016_buildings.gpkg,39.72,13.016428932964756,80.20904987735116,PASS,none
TN_VARDAH_2016_000031,TN_VARDAH_2016,e5f4cb0ed9c63135,TRUE,TRUE,data/tamil_nadu/buildings/validated/TN_VARDAH_2016_buildings.gpkg,146.26,13.026389053224076,80.20334896040139,PASS,none
TN_VARDAH_2016_021818,TN_VARDAH_2016,ed7294a20f352cf1,TRUE,TRUE,data/tamil_nadu/buildings/validated/TN_VARDAH_2016_buildings.gpkg,134.23,13.040838571635037,80.20708399504943,PASS,none
TN_VARDAH_2016_046551,TN_VARDAH_2016,269839a2833817cd,TRUE,TRUE,data/tamil_nadu/buildings/validated/TN_VARDAH_2016_buildings.gpkg,33.07,13.056148072657903,80.1958752243464,PASS,none
TN_VARDAH_2016_071288,TN_VARDAH_2016,0504223909faafc8,TRUE,TRUE,data/tamil_nadu/buildings/validated/TN_VARDAH_2016_buildings.gpkg,126.44,13.070575996850735,80.19702362294596,PASS,none
TN_VARDAH_2016_073386,TN_VARDAH_2016,20cbe7299fae3322,TRUE,TRUE,data/tamil_nadu/buildings/validated/TN_VARDAH_2016_buildings.gpkg,174.37,13.082635264021354,80.19945356331021,PASS,none
TN_VARDAH_2016_096241,TN_VARDAH_2016,5ce32593816b8280,TRUE,TRUE,data/tamil_nadu/buildings/validated/TN_VARDAH_2016_buildings.gpkg,79.35,13.099030382925656,80.19837161379252,PASS,none
TN_VARDAH_2016_123783,TN_VARDAH_2016,83d6c8351cf36a11,TRUE,TRUE,data/tamil_nadu/buildings/validated/TN_VARDAH_2016_buildings.gpkg,37.77,13.114001999221868,80.20591810591765,PASS,none
TN_VARDAH_2016_153530,TN_VARDAH_2016,11edd57157e4e879,TRUE,TRUE,data/tamil_nadu/buildings/validated/TN_VARDAH_2016_buildings.gpkg,256.48,13.13344388383739,80.20791792860939,PASS,none
TN_VARDAH_2016_183192,TN_VARDAH_2016,41f43559ee7cbf3d,TRUE,TRUE,data/tamil_nadu/buildings/validated/TN_VARDAH_2016_buildings.gpkg,19.97,13.154937425151866,80.2076247894788,PASS,none
TN_VARDAH_2016_000013,TN_VARDAH_2016,e03f4d35e6f40fa1,TRUE,TRUE,data/tamil_nadu/buildings/validated/TN_VARDAH_2016_buildings.gpkg,142.75,13.01584992511515,80.21067592112364,PASS,none
TN_VARDAH_2016_000042,TN_VARDAH_2016,4d532c5ff4c069ba,TRUE,TRUE,data/tamil_nadu/buildings/validated/TN_VARDAH_2016_buildings.gpkg,9.26,13.022615872095813,80.21399012642406,PASS,none
TN_VARDAH_2016_021828,TN_VARDAH_2016,1c9126246643d940,TRUE,TRUE,data/tamil_nadu/buildings/validated/TN_VARDAH_2016_buildings.gpkg,98.03,13.042096558790393,80.21443094762667,PASS,none
TN_VARDAH_2016_046559,TN_VARDAH_2016,d51a6e7905b9596d,TRUE,TRUE,data/tamil_nadu/buildings/validated/TN_VARDAH_2016_buildings.gpkg,62.46,13.062114597806056,80.21376907234898,PASS,none
TN_VARDAH_2016_071283,TN_VARDAH_2016,7d7dc32d327abc72,TRUE,TRUE,data/tamil_nadu/buildings/validated/TN_VARDAH_2016_buildings.gpkg,32.11,13.072447628323758,80.21446550226125,PASS,none
TN_VARDAH_2016_073179,TN_VARDAH_2016,87d6d142488feb14,TRUE,TRUE,data/tamil_nadu/buildings/validated/TN_VARDAH_2016_buildings.gpkg,26.43,13.082706891985293,80.2143755146017,PASS,none
TN_VARDAH_2016_096323,TN_VARDAH_2016,a259d6caa831eb85,TRUE,TRUE,data/tamil_nadu/buildings/validated/TN_VARDAH_2016_buildings.gpkg,13.11,13.101329648754678,80.20883672569008,PASS,none
TN_VARDAH_2016_123809,TN_VARDAH_2016,2cc88759c6b863ed,TRUE,TRUE,data/tamil_nadu/buildings/validated/TN_VARDAH_2016_buildings.gpkg,28.06,13.115408348998816,80.21106324576151,PASS,none
TN_VARDAH_2016_153531,TN_VARDAH_2016,5cf2d4c537ad4ee9,TRUE,TRUE,data/tamil_nadu/buildings/validated/TN_VARDAH_2016_buildings.gpkg,19.21,13.128007318836593,80.20873161429836,PASS,none
TN_VARDAH_2016_183215,TN_VARDAH_2016,f35566268f065b67,TRUE,TRUE,data/tamil_nadu/buildings/validated/TN_VARDAH_2016_buildings.gpkg,96.51,13.155659170420783,80.21092171149603,PASS,none
TN_VARDAH_2016_004988,TN_VARDAH_2016,d60f74948f9ff661,TRUE,TRUE,data/tamil_nadu/buildings/validated/TN_VARDAH_2016_buildings.gpkg,190.38,13.014577169323767,80.22439328690923,PASS,none
TN_VARDAH_2016_005026,TN_VARDAH_2016,b2d1e1ba2d14cec0,TRUE,TRUE,data/tamil_nadu/buildings/validated/TN_VARDAH_2016_buildings.gpkg,43.9,13.023255441521874,80.22959476968218,PASS,none
TN_VARDAH_2016_026778,TN_VARDAH_2016,b9fb93b745798182,TRUE,TRUE,data/tamil_nadu/buildings/validated/TN_VARDAH_2016_buildings.gpkg,17.71,13.042893980696054,80.22345866530337,PASS,none
TN_VARDAH_2016_051513,TN_VARDAH_2016,9405eed43af8fcbf,TRUE,TRUE,data/tamil_nadu/buildings/validated/TN_VARDAH_2016_buildings.gpkg,105.85,13.061490928789572,80.22826704931659,PASS,none
TN_VARDAH_2016_076258,TN_VARDAH_2016,2dc105f5d027f538,TRUE,TRUE,data/tamil_nadu/buildings/validated/TN_VARDAH_2016_buildings.gpkg,52.29,13.078005350728178,80.22972349883624,PASS,none
TN_VARDAH_2016_076688,TN_VARDAH_2016,5ea7ca1dfa050510,TRUE,TRUE,data/tamil_nadu/buildings/validated/TN_VARDAH_2016_buildings.gpkg,209.17,13.082748637823318,80.22366333404929,PASS,none
TN_VARDAH_2016_101218,TN_VARDAH_2016,9be2407d5d60c007,TRUE,TRUE,data/tamil_nadu/buildings/validated/TN_VARDAH_2016_buildings.gpkg,50.06,13.100116538978003,80.23153262326555,PASS,none
TN_VARDAH_2016_188130,TN_VARDAH_2016,f73fbd5aa8ee7e02,TRUE,TRUE,data/tamil_nadu/buildings/validated/TN_VARDAH_2016_buildings.gpkg,27.18,13.154469848207617,80.22853821965674,PASS,none
TN_VARDAH_2016_009953,TN_VARDAH_2016,25894f0b45919ded,TRUE,TRUE,data/tamil_nadu/buildings/validated/TN_VARDAH_2016_buildings.gpkg,135.7,13.008943436493755,80.24595876775216,PASS,none
TN_VARDAH_2016_009982,TN_VARDAH_2016,83e782c42101cb6c,TRUE,TRUE,data/tamil_nadu/buildings/validated/TN_VARDAH_2016_buildings.gpkg,82.56,13.022862027433131,80.23989490624612,PASS,none
TN_VARDAH_2016_031719,TN_VARDAH_2016,e2486a50f37d5095,TRUE,TRUE,data/tamil_nadu/buildings/validated/TN_VARDAH_2016_buildings.gpkg,21.8,13.04307431409989,80.24330139418153,PASS,none
TN_VARDAH_2016_056435,TN_VARDAH_2016,a626097b24417302,TRUE,TRUE,data/tamil_nadu/buildings/validated/TN_VARDAH_2016_buildings.gpkg,97.09,13.055485898920764,80.24314342025266,PASS,none
TN_VARDAH_2016_081207,TN_VARDAH_2016,6292a61dd945e39a,TRUE,TRUE,data/tamil_nadu/buildings/validated/TN_VARDAH_2016_buildings.gpkg,49.37,13.078676867551104,80.23636547122162,PASS,none
TN_VARDAH_2016_106177,TN_VARDAH_2016,7fe1305a98c913ab,TRUE,TRUE,data/tamil_nadu/buildings/validated/TN_VARDAH_2016_buildings.gpkg,36.1,13.098801876587606,80.24006284872497,PASS,none
TN_VARDAH_2016_133707,TN_VARDAH_2016,d7988326c430e324,TRUE,TRUE,data/tamil_nadu/buildings/validated/TN_VARDAH_2016_buildings.gpkg,15.21,13.114993273415129,80.23721958663114,PASS,none
TN_VARDAH_2016_163432,TN_VARDAH_2016,5e2e4b01496eac93,TRUE,TRUE,data/tamil_nadu/buildings/validated/TN_VARDAH_2016_buildings.gpkg,41.55,13.13725983980673,80.24704898175071,PASS,none
TN_VARDAH_2016_193115,TN_VARDAH_2016,3dc9da605c2206b3,TRUE,TRUE,data/tamil_nadu/buildings/validated/TN_VARDAH_2016_buildings.gpkg,169.75,13.150114888409743,80.23597793456234,PASS,none
TN_VARDAH_2016_010010,TN_VARDAH_2016,1a61a13377bc436e,TRUE,TRUE,data/tamil_nadu/buildings/validated/TN_VARDAH_2016_buildings.gpkg,138.95,13.026204666047605,80.25151697581855,PASS,none
TN_VARDAH_2016_031753,TN_VARDAH_2016,437493faa8ca73fe,TRUE,TRUE,data/tamil_nadu/buildings/validated/TN_VARDAH_2016_buildings.gpkg,26.75,13.038977310403927,80.24916601917222,PASS,none
TN_VARDAH_2016_056454,TN_VARDAH_2016,9fc6e65a78fa0d15,TRUE,TRUE,data/tamil_nadu/buildings/validated/TN_VARDAH_2016_buildings.gpkg,11.61,13.063340360009953,80.25039194465568,PASS,none
TN_VARDAH_2016_086816,TN_VARDAH_2016,12aa7624c766cbab,TRUE,TRUE,data/tamil_nadu/buildings/validated/TN_VARDAH_2016_buildings.gpkg,236.2,13.082786009646474,80.25393037373574,PASS,none
TN_VARDAH_2016_106179,TN_VARDAH_2016,312de1f1b4c30c0b,TRUE,TRUE,data/tamil_nadu/buildings/validated/TN_VARDAH_2016_buildings.gpkg,191.0,13.0987949068029,80.2493268479971,PASS,none
TN_VARDAH_2016_133749,TN_VARDAH_2016,7070d140e3ec1032,TRUE,TRUE,data/tamil_nadu/buildings/validated/TN_VARDAH_2016_buildings.gpkg,70.7,13.118167258615111,80.25097240584839,PASS,none
TN_VARDAH_2016_163441,TN_VARDAH_2016,3bfb701aa4eac632,TRUE,TRUE,data/tamil_nadu/buildings/validated/TN_VARDAH_2016_buildings.gpkg,46.11,13.135462257591882,80.2492363701009,PASS,none
TN_VARDAH_2016_193125,TN_VARDAH_2016,1f575c2fe9bbc9e7,TRUE,TRUE,data/tamil_nadu/buildings/validated/TN_VARDAH_2016_buildings.gpkg,97.51,13.143926970522102,80.25073602767961,PASS,none
TN_VARDAH_2016_014934,TN_VARDAH_2016,890d8c1fc83e2842,TRUE,TRUE,data/tamil_nadu/buildings/validated/TN_VARDAH_2016_buildings.gpkg,201.81,13.0084528664326,80.26455242163297,PASS,none
TN_VARDAH_2016_014932,TN_VARDAH_2016,ed7e58eaa3a3a00f,TRUE,TRUE,data/tamil_nadu/buildings/validated/TN_VARDAH_2016_buildings.gpkg,165.9,13.022827277884298,80.26927922550121,PASS,none
TN_VARDAH_2016_036683,TN_VARDAH_2016,b079006ee6ee03b6,TRUE,TRUE,data/tamil_nadu/buildings/validated/TN_VARDAH_2016_buildings.gpkg,13.46,13.041027434991605,80.26956251791324,PASS,none
TN_VARDAH_2016_061396,TN_VARDAH_2016,d00036b93d2972d0,TRUE,TRUE,data/tamil_nadu/buildings/validated/TN_VARDAH_2016_buildings.gpkg,177.29,13.06316152278142,80.26760199018547,PASS,none
TN_VARDAH_2016_086152,TN_VARDAH_2016,2caf5203f56467ab,TRUE,TRUE,data/tamil_nadu/buildings/validated/TN_VARDAH_2016_buildings.gpkg,31.81,13.073654739542636,80.26844658067833,PASS,none
TN_VARDAH_2016_111088,TN_VARDAH_2016,071b0f86e2ff99b6,TRUE,TRUE,data/tamil_nadu/buildings/validated/TN_VARDAH_2016_buildings.gpkg,42.64,13.09299989782599,80.26269493089006,PASS,none
TN_VARDAH_2016_111120,TN_VARDAH_2016,5cfa4422de9f64d4,TRUE,TRUE,data/tamil_nadu/buildings/validated/TN_VARDAH_2016_buildings.gpkg,41.71,13.099917952408578,80.26338156776053,PASS,none
TN_VARDAH_2016_138667,TN_VARDAH_2016,b0bdd87f8ccb88b3,TRUE,TRUE,data/tamil_nadu/buildings/validated/TN_VARDAH_2016_buildings.gpkg,43.3,13.119725899799683,80.26617066589024,PASS,none
TN_VARDAH_2016_168411,TN_VARDAH_2016,cec69dbc5f671018,TRUE,TRUE,data/tamil_nadu/buildings/validated/TN_VARDAH_2016_buildings.gpkg,120.26,13.128810529393295,80.26296064013773,PASS,none
TN_VARDAH_2016_198075,TN_VARDAH_2016,a7317587648a62cb,TRUE,TRUE,data/tamil_nadu/buildings/validated/TN_VARDAH_2016_buildings.gpkg,41.21,13.14969003878166,80.26591470170267,PASS,none
TN_VARDAH_2016_019887,TN_VARDAH_2016,0b5739310625faa2,TRUE,TRUE,data/tamil_nadu/buildings/validated/TN_VARDAH_2016_buildings.gpkg,18.29,13.018797230852837,80.27654967228602,PASS,none
TN_VARDAH_2016_019911,TN_VARDAH_2016,24485f722e0c7fd4,TRUE,TRUE,data/tamil_nadu/buildings/validated/TN_VARDAH_2016_buildings.gpkg,133.57,13.023388901364571,80.27592391272681,PASS,none
TN_VARDAH_2016_041654,TN_VARDAH_2016,1fb7e6b5906859be,TRUE,TRUE,data/tamil_nadu/buildings/validated/TN_VARDAH_2016_buildings.gpkg,15.51,13.038780837560136,80.27766911208172,PASS,none
TN_VARDAH_2016_091119,TN_VARDAH_2016,1d3205b1641d47c0,TRUE,TRUE,data/tamil_nadu/buildings/validated/TN_VARDAH_2016_buildings.gpkg,23.98,13.072525497932505,80.28637441933775,PASS,none
TN_VARDAH_2016_095366,TN_VARDAH_2016,b02069075b57e40c,TRUE,TRUE,data/tamil_nadu/buildings/validated/TN_VARDAH_2016_buildings.gpkg,514.33,13.08289609356779,80.2809208035848,PASS,none
TN_VARDAH_2016_116039,TN_VARDAH_2016,7efbaace8969cfed,TRUE,TRUE,data/tamil_nadu/buildings/validated/TN_VARDAH_2016_buildings.gpkg,63.03,13.099510244980811,80.28221116024417,PASS,none
TN_VARDAH_2016_143612,TN_VARDAH_2016,4cdb2eb376393a19,TRUE,TRUE,data/tamil_nadu/buildings/validated/TN_VARDAH_2016_buildings.gpkg,30.82,13.112905599042671,80.2813778070429,PASS,none
TN_VARDAH_2016_173313,TN_VARDAH_2016,589b3b5aa4104a21,TRUE,TRUE,data/tamil_nadu/buildings/validated/TN_VARDAH_2016_buildings.gpkg,31.01,13.13830224110089,80.27975379875556,PASS,none
TN_VARDAH_2016_203002,TN_VARDAH_2016,24336f8256ece910,TRUE,TRUE,data/tamil_nadu/buildings/validated/TN_VARDAH_2016_buildings.gpkg,79.54,13.143998223734899,80.28119605190896,PASS,none
TN_VARDAH_2016_091235,TN_VARDAH_2016,81dd6e4c64b2c6d9,TRUE,TRUE,data/tamil_nadu/buildings/validated/TN_VARDAH_2016_buildings.gpkg,21.98,13.072054625752747,80.28937528975699,PASS,none
TN_VARDAH_2016_116060,TN_VARDAH_2016,cce80ada8a8cbb2d,TRUE,TRUE,data/tamil_nadu/buildings/validated/TN_VARDAH_2016_buildings.gpkg,142.33,13.093179000745913,80.28927501684703,PASS,none
TN_VARDAH_2016_116241,TN_VARDAH_2016,afcad7b7c779ddc3,TRUE,TRUE,data/tamil_nadu/buildings/validated/TN_VARDAH_2016_buildings.gpkg,48.22,13.099004632292996,80.28945618011194,PASS,none
TN_VARDAH_2016_143773,TN_VARDAH_2016,ef22ee7d46d673db,TRUE,TRUE,data/tamil_nadu/buildings/validated/TN_VARDAH_2016_buildings.gpkg,81.45,13.11485607367129,80.28900783415091,PASS,none
TN_VARDAH_2016_173418,TN_VARDAH_2016,cfdb87e75aa91861,TRUE,TRUE,data/tamil_nadu/buildings/validated/TN_VARDAH_2016_buildings.gpkg,95.97,13.133027615945636,80.28894522251481,PASS,none
TN_VARDAH_2016_203024,TN_VARDAH_2016,1ec3b90f6abf541a,TRUE,TRUE,data/tamil_nadu/buildings/validated/TN_VARDAH_2016_buildings.gpkg,94.77,13.156208069001611,80.28937176077844,PASS,none
TN_VARDAH_2016_121032,TN_VARDAH_2016,d6ad8c91b1d30530,TRUE,TRUE,data/tamil_nadu/buildings/validated/TN_VARDAH_2016_buildings.gpkg,34.76,13.091439318254984,80.30290991557088,PASS,none
TN_VARDAH_2016_121414,TN_VARDAH_2016,7f68cafa2fe5433a,TRUE,TRUE,data/tamil_nadu/buildings/validated/TN_VARDAH_2016_buildings.gpkg,43.31,13.098264137813585,80.30389386593107,PASS,none
TN_VARDAH_2016_179953,TN_VARDAH_2016,dbb7ff17e0a2c53f,TRUE,TRUE,data/tamil_nadu/buildings/validated/TN_VARDAH_2016_buildings.gpkg,14.73,13.130772155905845,80.30262872072444,PASS,none
TN_VARDAH_2016_206105,TN_VARDAH_2016,ebb2ce9c82acf109,TRUE,TRUE,data/tamil_nadu/buildings/validated/TN_VARDAH_2016_buildings.gpkg,20.98,13.153802070039918,80.30244382534494,PASS,none
TN_VARDAH_2016_000008,TN_VARDAH_2016,e6981e4fd3d75f67,TRUE,TRUE,data/tamil_nadu/buildings/validated/TN_VARDAH_2016_buildings.gpkg,76.71,13.02068270753804,80.20211756547548,PASS,none
TN_VARDAH_2016_000032,TN_VARDAH_2016,cbf1c00709b36ea6,TRUE,TRUE,data/tamil_nadu/buildings/validated/TN_VARDAH_2016_buildings.gpkg,166.1,13.023099391721635,80.20525117567229,PASS,none
TN_VARDAH_2016_021820,TN_VARDAH_2016,bf5f59b37985e06d,TRUE,TRUE,data/tamil_nadu/buildings/validated/TN_VARDAH_2016_buildings.gpkg,10.69,13.041249547847771,80.19864279798914,PASS,none
TN_VARDAH_2016_046552,TN_VARDAH_2016,ef5629bdb0f0889a,TRUE,TRUE,data/tamil_nadu/buildings/validated/TN_VARDAH_2016_buildings.gpkg,50.27,13.061417581589676,80.20191404560474,PASS,none
TN_VARDAH_2016_071290,TN_VARDAH_2016,03fe4207a1bbf529,TRUE,TRUE,data/tamil_nadu/buildings/validated/TN_VARDAH_2016_buildings.gpkg,101.95,13.071739674311432,80.20697574080376,PASS,none
TN_VARDAH_2016_073413,TN_VARDAH_2016,a2783cdc92c17951,TRUE,TRUE,data/tamil_nadu/buildings/validated/TN_VARDAH_2016_buildings.gpkg,99.07,13.082741903995542,80.19884678720405,PASS,none
TN_VARDAH_2016_096247,TN_VARDAH_2016,ff53a20c92fcab6d,TRUE,TRUE,data/tamil_nadu/buildings/validated/TN_VARDAH_2016_buildings.gpkg,114.17,13.09969771752582,80.2036222668672,PASS,none
TN_VARDAH_2016_123792,TN_VARDAH_2016,ca55beaeace6c212,TRUE,TRUE,data/tamil_nadu/buildings/validated/TN_VARDAH_2016_buildings.gpkg,27.13,13.115934113487445,80.20118830033617,PASS,none
TN_VARDAH_2016_153534,TN_VARDAH_2016,f87ead0128c9af6c,TRUE,TRUE,data/tamil_nadu/buildings/validated/TN_VARDAH_2016_buildings.gpkg,42.53,13.134116419118973,80.20163496770273,PASS,none
TN_VARDAH_2016_183193,TN_VARDAH_2016,293524a98e7d6077,TRUE,TRUE,data/tamil_nadu/buildings/validated/TN_VARDAH_2016_buildings.gpkg,150.94,13.147617669629252,80.20308657448382,PASS,none
TN_VARDAH_2016_000016,TN_VARDAH_2016,445c21179ba2b819,TRUE,TRUE,data/tamil_nadu/buildings/validated/TN_VARDAH_2016_buildings.gpkg,79.2,13.015656192835571,80.21203347670904,PASS,none
TN_VARDAH_2016_000045,TN_VARDAH_2016,63d860f94d0ad657,TRUE,TRUE,data/tamil_nadu/buildings/validated/TN_VARDAH_2016_buildings.gpkg,100.67,13.026054939977074,80.21127585988722,PASS,none
TN_VARDAH_2016_021829,TN_VARDAH_2016,b8119e69c516f1e4,TRUE,TRUE,data/tamil_nadu/buildings/validated/TN_VARDAH_2016_buildings.gpkg,55.66,13.041860236198714,80.21211125533473,PASS,none
TN_VARDAH_2016_046562,TN_VARDAH_2016,5b85dcbad5735df9,TRUE,TRUE,data/tamil_nadu/buildings/validated/TN_VARDAH_2016_buildings.gpkg,102.23,13.055783349775341,80.21446432738931,PASS,none
TN_VARDAH_2016_071284,TN_VARDAH_2016,6c00470fc5199e55,TRUE,TRUE,data/tamil_nadu/buildings/validated/TN_VARDAH_2016_buildings.gpkg,60.89,13.069636097687221,80.21232670897403,PASS,none
TN_VARDAH_2016_073200,TN_VARDAH_2016,a69ebaf6f2845260,TRUE,TRUE,data/tamil_nadu/buildings/validated/TN_VARDAH_2016_buildings.gpkg,157.02,13.082689352565023,80.21332020003571,PASS,none
TN_VARDAH_2016_096345,TN_VARDAH_2016,aa20775683c541c4,TRUE,TRUE,data/tamil_nadu/buildings/validated/TN_VARDAH_2016_buildings.gpkg,66.75,13.100330779915085,80.21151269142354,PASS,none
TN_VARDAH_2016_123811,TN_VARDAH_2016,28142f7d451c0d6d,TRUE,TRUE,data/tamil_nadu/buildings/validated/TN_VARDAH_2016_buildings.gpkg,144.09,13.113127812014527,80.2105636621386,PASS,none
TN_VARDAH_2016_153536,TN_VARDAH_2016,58a0a633f9970fd0,TRUE,TRUE,data/tamil_nadu/buildings/validated/TN_VARDAH_2016_buildings.gpkg,35.57,13.137408695692278,80.20978052540386,PASS,none
TN_VARDAH_2016_183224,TN_VARDAH_2016,3fa15d57dc78812d,TRUE,TRUE,data/tamil_nadu/buildings/validated/TN_VARDAH_2016_buildings.gpkg,127.03,13.15528084578559,80.20990281293042,PASS,none
TN_VARDAH_2016_005029,TN_VARDAH_2016,cc46c3187147cb66,TRUE,TRUE,data/tamil_nadu/buildings/validated/TN_VARDAH_2016_buildings.gpkg,69.73,13.026383209176947,80.22702971139975,PASS,none
TN_VARDAH_2016_026779,TN_VARDAH_2016,0a48a36c38ce4b7f,TRUE,TRUE,data/tamil_nadu/buildings/validated/TN_VARDAH_2016_buildings.gpkg,99.77,13.040233592930377,80.22723338435222,PASS,none
TN_VARDAH_2016_051515,TN_VARDAH_2016,9744d1776030aa26,TRUE,TRUE,data/tamil_nadu/buildings/validated/TN_VARDAH_2016_buildings.gpkg,102.02,13.055018554276845,80.23042582862895,PASS,none
TN_VARDAH_2016_076268,TN_VARDAH_2016,8e19f9f68e6956b0,TRUE,TRUE,data/tamil_nadu/buildings/validated/TN_VARDAH_2016_buildings.gpkg,135.36,13.078863227118328,80.2314406610378,PASS,none
TN_VARDAH_2016_078902,TN_VARDAH_2016,6b49f041e488f238,TRUE,TRUE,data/tamil_nadu/buildings/validated/TN_VARDAH_2016_buildings.gpkg,58.53,13.082759263041053,80.22624563426396,PASS,none
TN_VARDAH_2016_101222,TN_VARDAH_2016,ead82f20e434b5be,TRUE,TRUE,data/tamil_nadu/buildings/validated/TN_VARDAH_2016_buildings.gpkg,5.43,13.098420142428234,80.22250380332085,PASS,none
TN_VARDAH_2016_128756,TN_VARDAH_2016,4e366115554720dd,TRUE,TRUE,data/tamil_nadu/buildings/validated/TN_VARDAH_2016_buildings.gpkg,38.04,13.120221829373165,80.22259072244118,PASS,none
TN_VARDAH_2016_158509,TN_VARDAH_2016,9f22c40ed4fa2a81,TRUE,TRUE,data/tamil_nadu/buildings/validated/TN_VARDAH_2016_buildings.gpkg,21.73,13.136496828105857,80.22414600687904,PASS,none
TN_VARDAH_2016_188131,TN_VARDAH_2016,34525d673c1357ba,TRUE,TRUE,data/tamil_nadu/buildings/validated/TN_VARDAH_2016_buildings.gpkg,120.77,13.149383431135165,80.22793755198762,PASS,none
TN_VARDAH_2016_009954,TN_VARDAH_2016,0112923ca947960f,TRUE,TRUE,data/tamil_nadu/buildings/validated/TN_VARDAH_2016_buildings.gpkg,83.68,13.01936945933655,80.24401541526254,PASS,none
TN_VARDAH_2016_009988,TN_VARDAH_2016,4f97d146c8676ea8,TRUE,TRUE,data/tamil_nadu/buildings/validated/TN_VARDAH_2016_buildings.gpkg,283.34,13.025662081144135,80.24223783436732,PASS,none
TN_VARDAH_2016_031736,TN_VARDAH_2016,968349b66772eb72,TRUE,TRUE,data/tamil_nadu/buildings/validated/TN_VARDAH_2016_buildings.gpkg,725.85,13.044602472562365,80.24018560733606,PASS,none
TN_VARDAH_2016_056436,TN_VARDAH_2016,def83f8f215f54aa,TRUE,TRUE,data/tamil_nadu/buildings/validated/TN_VARDAH_2016_buildings.gpkg,51.39,13.054354310113181,80.23786853951337,PASS,none
TN_VARDAH_2016_081208,TN_VARDAH_2016,7b3bcc35beb2f2cd,TRUE,TRUE,data/tamil_nadu/buildings/validated/TN_VARDAH_2016_buildings.gpkg,16.51,13.075029035579716,80.23728160654592,PASS,none
TN_VARDAH_2016_082775,TN_VARDAH_2016,4ffd4f93909364d7,TRUE,TRUE,data/tamil_nadu/buildings/validated/TN_VARDAH_2016_buildings.gpkg,97.9,13.082728802302563,80.23633473234975,PASS,none
TN_VARDAH_2016_106181,TN_VARDAH_2016,48c7d1f99cc981bc,TRUE,TRUE,data/tamil_nadu/buildings/validated/TN_VARDAH_2016_buildings.gpkg,109.48,13.099288946813834,80.24765611792228,PASS,none
TN_VARDAH_2016_133708,TN_VARDAH_2016,d8c45b7792e50ade,TRUE,TRUE,data/tamil_nadu/buildings/validated/TN_VARDAH_2016_buildings.gpkg,20.67,13.11294176108183,80.24582247124549,PASS,none
TN_VARDAH_2016_163433,TN_VARDAH_2016,63bb266359d9bdcd,TRUE,TRUE,data/tamil_nadu/buildings/validated/TN_VARDAH_2016_buildings.gpkg,20.13,13.129444883952885,80.23940322599881,PASS,none
TN_VARDAH_2016_193116,TN_VARDAH_2016,27e81ac729de84c5,TRUE,TRUE,data/tamil_nadu/buildings/validated/TN_VARDAH_2016_buildings.gpkg,68.32,13.148512156049364,80.24403447337124,PASS,none
TN_VARDAH_2016_009977,TN_VARDAH_2016,34a7bbc51e9e9d17,TRUE,TRUE,data/tamil_nadu/buildings/validated/TN_VARDAH_2016_buildings.gpkg,17.3,13.020040606685706,80.2509352710878,PASS,none
TN_VARDAH_2016_010063,TN_VARDAH_2016,b9f196c1e3dd2771,TRUE,TRUE,data/tamil_nadu/buildings/validated/TN_VARDAH_2016_buildings.gpkg,38.62,13.02378282918908,80.25161717966577,PASS,none
TN_VARDAH_2016_031762,TN_VARDAH_2016,d5cb17d414efcab4,TRUE,TRUE,data/tamil_nadu/buildings/validated/TN_VARDAH_2016_buildings.gpkg,127.44,13.038430622259364,80.24982640338432,PASS,none
TN_VARDAH_2016_056474,TN_VARDAH_2016,c44bc39d30e28210,TRUE,TRUE,data/tamil_nadu/buildings/validated/TN_VARDAH_2016_buildings.gpkg,170.88,13.063741438423936,80.24943807241642,PASS,none
TN_VARDAH_2016_081230,TN_VARDAH_2016,a5482526483ff5e9,TRUE,TRUE,data/tamil_nadu/buildings/validated/TN_VARDAH_2016_buildings.gpkg,95.57,13.076904935442887,80.2500210694383,PASS,none
TN_VARDAH_2016_088607,TN_VARDAH_2016,351ebf72313864d7,TRUE,TRUE,data/tamil_nadu/buildings/validated/TN_VARDAH_2016_buildings.gpkg,370.87,13.08277079710278,80.25407166446983,PASS,none
TN_VARDAH_2016_106206,TN_VARDAH_2016,95a6a42efa38b237,TRUE,TRUE,data/tamil_nadu/buildings/validated/TN_VARDAH_2016_buildings.gpkg,10.11,13.099615572645611,80.24973889092252,PASS,none
TN_VARDAH_2016_133752,TN_VARDAH_2016,6a9412e9713c0a4f,TRUE,TRUE,data/tamil_nadu/buildings/validated/TN_VARDAH_2016_buildings.gpkg,133.98,13.117706586717645,80.24977998645107,PASS,none
TN_VARDAH_2016_163448,TN_VARDAH_2016,cf4f483dfbfd8fee,TRUE,TRUE,data/tamil_nadu/buildings/validated/TN_VARDAH_2016_buildings.gpkg,44.4,13.133182942383092,80.24993649952815,PASS,none
TN_VARDAH_2016_193139,TN_VARDAH_2016,22132d636b53893e,TRUE,TRUE,data/tamil_nadu/buildings/validated/TN_VARDAH_2016_buildings.gpkg,90.05,13.148950346182142,80.2498732864925,PASS,none
TN_VARDAH_2016_014950,TN_VARDAH_2016,15193da86f0e7088,TRUE,TRUE,data/tamil_nadu/buildings/validated/TN_VARDAH_2016_buildings.gpkg,24.58,13.022546573291313,80.26427419128848,PASS,none
TN_VARDAH_2016_014936,TN_VARDAH_2016,6e3febdcd63df878,TRUE,TRUE,data/tamil_nadu/buildings/validated/TN_VARDAH_2016_buildings.gpkg,99.85,13.023235414842917,80.26425690618201,PASS,none
TN_VARDAH_2016_036699,TN_VARDAH_2016,cb43164db52810e7,TRUE,TRUE,data/tamil_nadu/buildings/validated/TN_VARDAH_2016_buildings.gpkg,8.91,13.040596595468704,80.26678861609962,PASS,none
TN_VARDAH_2016_061398,TN_VARDAH_2016,2e7f5d0b3a7b8cf8,TRUE,TRUE,data/tamil_nadu/buildings/validated/TN_VARDAH_2016_buildings.gpkg,24.93,13.062256787184914,80.26592232895796,PASS,none
TN_VARDAH_2016_086155,TN_VARDAH_2016,e88601ad2f44504a,TRUE,TRUE,data/tamil_nadu/buildings/validated/TN_VARDAH_2016_buildings.gpkg,20.93,13.068405322046994,80.26836091856606,PASS,none
TN_VARDAH_2016_111095,TN_VARDAH_2016,2f30e797b8d175ce,TRUE,TRUE,data/tamil_nadu/buildings/validated/TN_VARDAH_2016_buildings.gpkg,9.22,13.095360421565186,80.26690851600776,PASS,none
TN_VARDAH_2016_111129,TN_VARDAH_2016,8b56f3f149b46997,TRUE,TRUE,data/tamil_nadu/buildings/validated/TN_VARDAH_2016_buildings.gpkg,40.71,13.101478894559174,80.26671399708566,PASS,none
TN_VARDAH_2016_138670,TN_VARDAH_2016,40ce4416546ad079,TRUE,TRUE,data/tamil_nadu/buildings/validated/TN_VARDAH_2016_buildings.gpkg,26.97,13.118730583167814,80.26767451025214,PASS,none
TN_VARDAH_2016_168415,TN_VARDAH_2016,c57cc50273b267b2,TRUE,TRUE,data/tamil_nadu/buildings/validated/TN_VARDAH_2016_buildings.gpkg,219.89,13.128271544877544,80.26321650786709,PASS,none
TN_VARDAH_2016_019888,TN_VARDAH_2016,d15088c2d0601553,TRUE,TRUE,data/tamil_nadu/buildings/validated/TN_VARDAH_2016_buildings.gpkg,13.82,13.022006417107566,80.27685989306508,PASS,none
TN_VARDAH_2016_019918,TN_VARDAH_2016,7759f123ef4bef18,TRUE,TRUE,data/tamil_nadu/buildings/validated/TN_VARDAH_2016_buildings.gpkg,16.55,13.024752999578993,80.2784674643049,PASS,none
TN_VARDAH_2016_041655,TN_VARDAH_2016,2908a497e7dfa530,TRUE,TRUE,data/tamil_nadu/buildings/validated/TN_VARDAH_2016_buildings.gpkg,97.87,13.038129275477429,80.27646213280808,PASS,none
TN_VARDAH_2016_066370,TN_VARDAH_2016,7f8544748a11f4fa,TRUE,TRUE,data/tamil_nadu/buildings/validated/TN_VARDAH_2016_buildings.gpkg,127.67,13.060329428948766,80.27672903379671,PASS,none
TN_VARDAH_2016_091123,TN_VARDAH_2016,854a3e1879d9421c,TRUE,TRUE,data/tamil_nadu/buildings/validated/TN_VARDAH_2016_buildings.gpkg,61.75,13.075563236058809,80.27689010548737,PASS,none
TN_VARDAH_2016_116028,TN_VARDAH_2016,f8d44ce502722d4d,TRUE,TRUE,data/tamil_nadu/buildings/validated/TN_VARDAH_2016_buildings.gpkg,98.79,13.083844611411884,80.27773106884351,PASS,none
TN_VARDAH_2016_116041,TN_VARDAH_2016,e88f174e2367ae43,TRUE,TRUE,data/tamil_nadu/buildings/validated/TN_VARDAH_2016_buildings.gpkg,67.25,13.098556068370351,80.2772500414715,PASS,none
TN_VARDAH_2016_143617,TN_VARDAH_2016,d71bbe2083da53a9,TRUE,TRUE,data/tamil_nadu/buildings/validated/TN_VARDAH_2016_buildings.gpkg,89.97,13.113873781340505,80.27809859773988,PASS,none
TN_VARDAH_2016_173316,TN_VARDAH_2016,64d5405c44f83081,TRUE,TRUE,data/tamil_nadu/buildings/validated/TN_VARDAH_2016_buildings.gpkg,80.79,13.137873653914623,80.28813548312579,PASS,none
TN_VARDAH_2016_203006,TN_VARDAH_2016,570784cac933bfd9,TRUE,TRUE,data/tamil_nadu/buildings/validated/TN_VARDAH_2016_buildings.gpkg,91.64,13.145322330454999,80.27593851724018,PASS,none
TN_VARDAH_2016_091294,TN_VARDAH_2016,8dacf798df4069e6,TRUE,TRUE,data/tamil_nadu/buildings/validated/TN_VARDAH_2016_buildings.gpkg,65.02,13.073618583028644,80.28939820676436,PASS,none
TN_VARDAH_2016_116148,TN_VARDAH_2016,422ec0ae7cba9bb2,TRUE,TRUE,data/tamil_nadu/buildings/validated/TN_VARDAH_2016_buildings.gpkg,468.16,13.09066322657963,80.28908487002965,PASS,none
TN_VARDAH_2016_116384,TN_VARDAH_2016,0ec7e9c3b38be4ad,TRUE,TRUE,data/tamil_nadu/buildings/validated/TN_VARDAH_2016_buildings.gpkg,140.64,13.099572186100001,80.2892497774894,PASS,none
TN_VARDAH_2016_143807,TN_VARDAH_2016,ceaf5bec287bf60d,TRUE,TRUE,data/tamil_nadu/buildings/validated/TN_VARDAH_2016_buildings.gpkg,61.15,13.114054606461666,80.28938621678368,PASS,none
TN_VARDAH_2016_173436,TN_VARDAH_2016,83520f86b5735d28,TRUE,TRUE,data/tamil_nadu/buildings/validated/TN_VARDAH_2016_buildings.gpkg,13.79,13.132843718886505,80.28917570504436,PASS,none
TN_VARDAH_2016_203042,TN_VARDAH_2016,7eea5aa86844e6b4,TRUE,TRUE,data/tamil_nadu/buildings/validated/TN_VARDAH_2016_buildings.gpkg,25.63,13.15677126866045,80.28885850836632,PASS,none
TN_VARDAH_2016_121042,TN_VARDAH_2016,fe9f3ce5ea94631c,TRUE,TRUE,data/tamil_nadu/buildings/validated/TN_VARDAH_2016_buildings.gpkg,180.85,13.096359032410467,80.30305375431026,PASS,none
TN_VARDAH_2016_122314,TN_VARDAH_2016,44b358f414f38e4e,TRUE,TRUE,data/tamil_nadu/buildings/validated/TN_VARDAH_2016_buildings.gpkg,30.33,13.09820367754464,80.30363645040806,PASS,none
TN_VARDAH_2016_181470,TN_VARDAH_2016,90b7c8452d38d6c5,TRUE,TRUE,data/tamil_nadu/buildings/validated/TN_VARDAH_2016_buildings.gpkg,33.82,13.130830496768741,80.3025899365698,PASS,none
TN_VARDAH_2016_206113,TN_VARDAH_2016,c5864cd99342653c,TRUE,TRUE,data/tamil_nadu/buildings/validated/TN_VARDAH_2016_buildings.gpkg,35.2,13.156794472545485,80.30433320929129,PASS,none
TN_VARDAH_2016_000009,TN_VARDAH_2016,465b2f836ede0351,TRUE,TRUE,data/tamil_nadu/buildings/validated/TN_VARDAH_2016_buildings.gpkg,63.03,13.012058074411161,80.20174953629666,PASS,none
TN_VARDAH_2016_000034,TN_VARDAH_2016,769de70dd264ec2a,TRUE,TRUE,data/tamil_nadu/buildings/validated/TN_VARDAH_2016_buildings.gpkg,27.24,13.024072883082288,80.19921080674567,PASS,none
TN_VARDAH_2016_021823,TN_VARDAH_2016,478ee5726dfe4c6e,TRUE,TRUE,data/tamil_nadu/buildings/validated/TN_VARDAH_2016_buildings.gpkg,35.05,13.045048226318603,80.19995090756836,PASS,none
TN_VARDAH_2016_046554,TN_VARDAH_2016,ff62f1ed9e702c9a,TRUE,TRUE,data/tamil_nadu/buildings/validated/TN_VARDAH_2016_buildings.gpkg,94.43,13.057905085065157,80.20478616571629,PASS,none
TN_VARDAH_2016_071293,TN_VARDAH_2016,5d4c49221321e479,TRUE,TRUE,data/tamil_nadu/buildings/validated/TN_VARDAH_2016_buildings.gpkg,103.61,13.078449928000799,80.20205483776617,PASS,none
TN_VARDAH_2016_073419,TN_VARDAH_2016,54962b0d067eb551,TRUE,TRUE,data/tamil_nadu/buildings/validated/TN_VARDAH_2016_buildings.gpkg,107.5,13.082644352851021,80.19899875922451,PASS,none
TN_VARDAH_2016_096248,TN_VARDAH_2016,460a7a9b870a9cde,TRUE,TRUE,data/tamil_nadu/buildings/validated/TN_VARDAH_2016_buildings.gpkg,199.31,13.097963363177666,80.19940212205599,PASS,none
TN_VARDAH_2016_123798,TN_VARDAH_2016,4b5db6a724b2dfef,TRUE,TRUE,data/tamil_nadu/buildings/validated/TN_VARDAH_2016_buildings.gpkg,23.74,13.116406487188142,80.2026604986995,PASS,none
TN_VARDAH_2016_153535,TN_VARDAH_2016,90a5631aec4f5c4b,TRUE,TRUE,data/tamil_nadu/buildings/validated/TN_VARDAH_2016_buildings.gpkg,51.7,13.134363549348835,80.20410630857612,PASS,none
TN_VARDAH_2016_183196,TN_VARDAH_2016,f33a4f2e6e93e4f4,TRUE,TRUE,data/tamil_nadu/buildings/validated/TN_VARDAH_2016_buildings.gpkg,112.68,13.151603631731982,80.20190605947457,PASS,none
TN_VARDAH_2016_000030,TN_VARDAH_2016,8539cc43901f8f1f,TRUE,TRUE,data/tamil_nadu/buildings/validated/TN_VARDAH_2016_buildings.gpkg,71.22,13.013182639174655,80.21128644049084,PASS,none
TN_VARDAH_2016_000049,TN_VARDAH_2016,427d8bcd516e62bd,TRUE,TRUE,data/tamil_nadu/buildings/validated/TN_VARDAH_2016_buildings.gpkg,157.61,13.023696666922278,80.21262005131314,PASS,none
TN_VARDAH_2016_021831,TN_VARDAH_2016,ab57ce0f8ae19313,TRUE,TRUE,data/tamil_nadu/buildings/validated/TN_VARDAH_2016_buildings.gpkg,254.65,13.0431777013144,80.21024821417699,PASS,none
TN_VARDAH_2016_046564,TN_VARDAH_2016,73eada8e53c68c87,TRUE,TRUE,data/tamil_nadu/buildings/validated/TN_VARDAH_2016_buildings.gpkg,119.7,13.054753693671179,80.21108980127838,PASS,none
TN_VARDAH_2016_071286,TN_VARDAH_2016,ff32f0d556b39bdf,TRUE,TRUE,data/tamil_nadu/buildings/validated/TN_VARDAH_2016_buildings.gpkg,329.88,13.070536864364879,80.20990471227947,PASS,none
TN_VARDAH_2016_073585,TN_VARDAH_2016,d551047d468bcd1e,TRUE,TRUE,data/tamil_nadu/buildings/validated/TN_VARDAH_2016_buildings.gpkg,182.54,13.082750100114668,80.20998043027721,PASS,none
TN_VARDAH_2016_096368,TN_VARDAH_2016,783466836df6352e,TRUE,TRUE,data/tamil_nadu/buildings/validated/TN_VARDAH_2016_buildings.gpkg,92.13,13.09905654834679,80.21042650663553,PASS,none
TN_VARDAH_2016_123818,TN_VARDAH_2016,817afa769b2cfe30,TRUE,TRUE,data/tamil_nadu/buildings/validated/TN_VARDAH_2016_buildings.gpkg,92.07,13.115815700714732,80.21024219486868,PASS,none
TN_VARDAH_2016_153537,TN_VARDAH_2016,67d32120bbea2d0b,TRUE,TRUE,data/tamil_nadu/buildings/validated/TN_VARDAH_2016_buildings.gpkg,29.48,13.131190723839115,80.21377779796983,PASS,none
TN_VARDAH_2016_183228,TN_VARDAH_2016,aeda36ed2423ae98,TRUE,TRUE,data/tamil_nadu/buildings/validated/TN_VARDAH_2016_buildings.gpkg,76.88,13.155590864771206,80.21163361236033,PASS,none
TN_VARDAH_2016_004993,TN_VARDAH_2016,ef17ac5d763a8869,TRUE,TRUE,data/tamil_nadu/buildings/validated/TN_VARDAH_2016_buildings.gpkg,194.98,13.021754433863862,80.22550813894918,PASS,none
TN_VARDAH_2016_005031,TN_VARDAH_2016,c847099d78939add,TRUE,TRUE,data/tamil_nadu/buildings/validated/TN_VARDAH_2016_buildings.gpkg,55.01,13.026458152170134,80.22695980329406,PASS,none
TN_VARDAH_2016_026780,TN_VARDAH_2016,6536fc8d21f4ea07,TRUE,TRUE,data/tamil_nadu/buildings/validated/TN_VARDAH_2016_buildings.gpkg,12.69,13.042197735003375,80.23302356070364,PASS,none
TN_VARDAH_2016_051523,TN_VARDAH_2016,3dcef4f84e7b103c,TRUE,TRUE,data/tamil_nadu/buildings/validated/TN_VARDAH_2016_buildings.gpkg,246.38,13.061679992122833,80.22681938313627,PASS,none
TN_VARDAH_2016_076269,TN_VARDAH_2016,c975fb8b77bede92,TRUE,TRUE,data/tamil_nadu/buildings/validated/TN_VARDAH_2016_buildings.gpkg,95.36,13.076433061998769,80.22609691448353,PASS,none
TN_VARDAH_2016_079489,TN_VARDAH_2016,4f60ff381bd88c91,TRUE,TRUE,data/tamil_nadu/buildings/validated/TN_VARDAH_2016_buildings.gpkg,62.97,13.082699349552144,80.23029333522223,PASS,none
TN_VARDAH_2016_101228,TN_VARDAH_2016,cb6514b413f1a3d1,TRUE,TRUE,data/tamil_nadu/buildings/validated/TN_VARDAH_2016_buildings.gpkg,336.06,13.097937035749608,80.22852362492647,PASS,none
TN_VARDAH_2016_128757,TN_VARDAH_2016,e66bed57f542df12,TRUE,TRUE,data/tamil_nadu/buildings/validated/TN_VARDAH_2016_buildings.gpkg,58.98,13.115321226313277,80.22590932103458,PASS,none
TN_VARDAH_2016_158511,TN_VARDAH_2016,00f6f8ed9f26861b,TRUE,TRUE,data/tamil_nadu/buildings/validated/TN_VARDAH_2016_buildings.gpkg,64.27,13.129803587495818,80.22303724183539,PASS,none
TN_VARDAH_2016_188132,TN_VARDAH_2016,d4a152159452a0d0,TRUE,TRUE,data/tamil_nadu/buildings/validated/TN_VARDAH_2016_buildings.gpkg,173.13,13.151716121993998,80.22856679127541,PASS,none
TN_VARDAH_2016_009955,TN_VARDAH_2016,43a6876b318d1f90,TRUE,TRUE,data/tamil_nadu/buildings/validated/TN_VARDAH_2016_buildings.gpkg,43.18,13.018565881709431,80.24073616490067,PASS,none
TN_VARDAH_2016_009998,TN_VARDAH_2016,3ea557d77e738f9b,TRUE,TRUE,data/tamil_nadu/buildings/validated/TN_VARDAH_2016_buildings.gpkg,327.02,13.024156945396875,80.24094758556596,PASS,none
TN_VARDAH_2016_031737,TN_VARDAH_2016,1633e4c9924f449e,TRUE,TRUE,data/tamil_nadu/buildings/validated/TN_VARDAH_2016_buildings.gpkg,47.31,13.04493438063727,80.24135668140771,PASS,none
TN_VARDAH_2016_056437,TN_VARDAH_2016,73f6a35fe2d5eb78,TRUE,TRUE,data/tamil_nadu/buildings/validated/TN_VARDAH_2016_buildings.gpkg,55.16,13.059836045378452,80.23997326223642,PASS,none
TN_VARDAH_2016_081210,TN_VARDAH_2016,57224e44d396c714,TRUE,TRUE,data/tamil_nadu/buildings/validated/TN_VARDAH_2016_buildings.gpkg,85.2,13.079371946945544,80.23828459961928,PASS,none
TN_VARDAH_2016_083781,TN_VARDAH_2016,e04ca4acf547d0c1,TRUE,TRUE,data/tamil_nadu/buildings/validated/TN_VARDAH_2016_buildings.gpkg,383.53,13.08280537547038,80.24802679095889,PASS,none
TN_VARDAH_2016_106185,TN_VARDAH_2016,6c486f59aedcb80c,TRUE,TRUE,data/tamil_nadu/buildings/validated/TN_VARDAH_2016_buildings.gpkg,28.53,13.098410078558173,80.2359287477422,PASS,none
TN_VARDAH_2016_133713,TN_VARDAH_2016,5605180141f2e8ef,TRUE,TRUE,data/tamil_nadu/buildings/validated/TN_VARDAH_2016_buildings.gpkg,139.01,13.119438635478579,80.2434890686442,PASS,none
TN_VARDAH_2016_163437,TN_VARDAH_2016,b54d60bef7e1d1fc,TRUE,TRUE,data/tamil_nadu/buildings/validated/TN_VARDAH_2016_buildings.gpkg,145.75,13.136070200623838,80.24688182580833,PASS,none
TN_VARDAH_2016_193120,TN_VARDAH_2016,9eaf279d18b6978f,TRUE,TRUE,data/tamil_nadu/buildings/validated/TN_VARDAH_2016_buildings.gpkg,53.81,13.149224321775865,80.23862830134534,PASS,none
TN_VARDAH_2016_009979,TN_VARDAH_2016,532a422b4098d37e,TRUE,TRUE,data/tamil_nadu/buildings/validated/TN_VARDAH_2016_buildings.gpkg,106.81,13.0085380778296,80.25043584307147,PASS,none
TN_VARDAH_2016_010069,TN_VARDAH_2016,5a25773fd49428ea,TRUE,TRUE,data/tamil_nadu/buildings/validated/TN_VARDAH_2016_buildings.gpkg,317.41,13.025185443241085,80.25033651749443,PASS,none
TN_VARDAH_2016_031778,TN_VARDAH_2016,ada574cfa85e4de7,TRUE,TRUE,data/tamil_nadu/buildings/validated/TN_VARDAH_2016_buildings.gpkg,46.54,13.038662624121397,80.25020158709961,PASS,none
TN_VARDAH_2016_056478,TN_VARDAH_2016,ed8f225fde884565,TRUE,TRUE,data/tamil_nadu/buildings/validated/TN_VARDAH_2016_buildings.gpkg,119.04,13.05979237004168,80.25055645674148,PASS,none
TN_VARDAH_2016_081234,TN_VARDAH_2016,ceb61031f8db6728,TRUE,TRUE,data/tamil_nadu/buildings/validated/TN_VARDAH_2016_buildings.gpkg,136.48,13.073073712046158,80.24901727225027,PASS,none
TN_VARDAH_2016_089857,TN_VARDAH_2016,3982847e539562c1,TRUE,TRUE,data/tamil_nadu/buildings/validated/TN_VARDAH_2016_buildings.gpkg,285.5,13.082843093655994,80.25381761290647,PASS,none
TN_VARDAH_2016_106244,TN_VARDAH_2016,742ecac095d2284a,TRUE,TRUE,data/tamil_nadu/buildings/validated/TN_VARDAH_2016_buildings.gpkg,23.35,13.098737510015786,80.25098607823112,PASS,none
TN_VARDAH_2016_133755,TN_VARDAH_2016,7f6c8c564ff48a85,TRUE,TRUE,data/tamil_nadu/buildings/validated/TN_VARDAH_2016_buildings.gpkg,46.53,13.118109117035486,80.24996875034215,PASS,none
TN_VARDAH_2016_163449,TN_VARDAH_2016,060afffef4f6a33b,TRUE,TRUE,data/tamil_nadu/buildings/validated/TN_VARDAH_2016_buildings.gpkg,71.77,13.130852757393034,80.25053788953907,PASS,none
TN_VARDAH_2016_193142,TN_VARDAH_2016,62e39e41938c44a2,TRUE,TRUE,data/tamil_nadu/buildings/validated/TN_VARDAH_2016_buildings.gpkg,55.72,13.157032797023437,80.24970200611523,PASS,none
TN_VARDAH_2016_014951,TN_VARDAH_2016,38a6b4b15fff0960,TRUE,TRUE,data/tamil_nadu/buildings/validated/TN_VARDAH_2016_buildings.gpkg,101.71,13.01680750005443,80.26976575808149,PASS,none
TN_VARDAH_2016_014940,TN_VARDAH_2016,17009402719a7b36,TRUE,TRUE,data/tamil_nadu/buildings/validated/TN_VARDAH_2016_buildings.gpkg,41.05,13.022739887674334,80.26409412450464,PASS,none
TN_VARDAH_2016_036700,TN_VARDAH_2016,d4e067e2f0bdcf14,TRUE,TRUE,data/tamil_nadu/buildings/validated/TN_VARDAH_2016_buildings.gpkg,56.18,13.044819109778762,80.26667546575923,PASS,none
TN_VARDAH_2016_061399,TN_VARDAH_2016,52cee844cd743301,TRUE,TRUE,data/tamil_nadu/buildings/validated/TN_VARDAH_2016_buildings.gpkg,105.76,13.058168176064505,80.26720524872687,PASS,none
TN_VARDAH_2016_086156,TN_VARDAH_2016,e275313072a31739,TRUE,TRUE,data/tamil_nadu/buildings/validated/TN_VARDAH_2016_buildings.gpkg,78.67,13.075153441025531,80.26648387207652,PASS,none
TN_VARDAH_2016_111096,TN_VARDAH_2016,7e9a2b23be86f4e1,TRUE,TRUE,data/tamil_nadu/buildings/validated/TN_VARDAH_2016_buildings.gpkg,43.19,13.092367581082916,80.26394486637386,PASS,none
TN_VARDAH_2016_111135,TN_VARDAH_2016,95c27371c9d96ab6,TRUE,TRUE,data/tamil_nadu/buildings/validated/TN_VARDAH_2016_buildings.gpkg,23.69,13.098787133477787,80.26973581663903,PASS,none
TN_VARDAH_2016_138685,TN_VARDAH_2016,0eca5cd6f361cb99,TRUE,TRUE,data/tamil_nadu/buildings/validated/TN_VARDAH_2016_buildings.gpkg,52.42,13.115774727276046,80.26761230543163,PASS,none
TN_VARDAH_2016_168421,TN_VARDAH_2016,690eb880cc89dd37,TRUE,TRUE,data/tamil_nadu/buildings/validated/TN_VARDAH_2016_buildings.gpkg,26.21,13.12811096351579,80.27072809147626,PASS,none
TN_VARDAH_2016_198111,TN_VARDAH_2016,9810eef4e98c7fd8,TRUE,TRUE,data/tamil_nadu/buildings/validated/TN_VARDAH_2016_buildings.gpkg,9.68,13.152085597007426,80.27040954852714,PASS,none
TN_VARDAH_2016_019889,TN_VARDAH_2016,5237b10ce80621a3,TRUE,TRUE,data/tamil_nadu/buildings/validated/TN_VARDAH_2016_buildings.gpkg,13.64,13.016103422475611,80.27692890145104,PASS,none
TN_VARDAH_2016_019919,TN_VARDAH_2016,34f3cdd198dd9c06,TRUE,TRUE,data/tamil_nadu/buildings/validated/TN_VARDAH_2016_buildings.gpkg,109.07,13.024078597562179,80.27716380323936,PASS,none
TN_VARDAH_2016_041662,TN_VARDAH_2016,8cbb5dde4846c2d9,TRUE,TRUE,data/tamil_nadu/buildings/validated/TN_VARDAH_2016_buildings.gpkg,64.01,13.042644986518681,80.27747876835637,PASS,none
TN_VARDAH_2016_066376,TN_VARDAH_2016,58038654d2f22e63,TRUE,TRUE,data/tamil_nadu/buildings/validated/TN_VARDAH_2016_buildings.gpkg,402.62,13.059369748470592,80.27710111714349,PASS,none
TN_VARDAH_2016_091125,TN_VARDAH_2016,1a1ec9d5f7b952e8,TRUE,TRUE,data/tamil_nadu/buildings/validated/TN_VARDAH_2016_buildings.gpkg,250.04,13.082293862565258,80.28227503348663,PASS,none
TN_VARDAH_2016_116029,TN_VARDAH_2016,c86d1de553d28d4a,TRUE,TRUE,data/tamil_nadu/buildings/validated/TN_VARDAH_2016_buildings.gpkg,16.66,13.086842756322474,80.2820182236972,PASS,none
TN_VARDAH_2016_116047,TN_VARDAH_2016,0bf310f037f00334,TRUE,TRUE,data/tamil_nadu/buildings/validated/TN_VARDAH_2016_buildings.gpkg,73.21,13.10066844574272,80.27760384410206,PASS,none
TN_VARDAH_2016_143628,TN_VARDAH_2016,4176fb942b172cf5,TRUE,TRUE,data/tamil_nadu/buildings/validated/TN_VARDAH_2016_buildings.gpkg,53.21,13.11605930844845,80.2813032607921,PASS,none
TN_VARDAH_2016_173320,TN_VARDAH_2016,4b8ffb18c8a66c41,TRUE,TRUE,data/tamil_nadu/buildings/validated/TN_VARDAH_2016_buildings.gpkg,59.49,13.129287645397307,80.27839293686668,PASS,none
TN_VARDAH_2016_091339,TN_VARDAH_2016,3fe717dcd78cce7d,TRUE,TRUE,data/tamil_nadu/buildings/validated/TN_VARDAH_2016_buildings.gpkg,53.91,13.082277515783643,80.28924743904618,PASS,none
TN_VARDAH_2016_116245,TN_VARDAH_2016,93e2b0cf2871ea2d,TRUE,TRUE,data/tamil_nadu/buildings/validated/TN_VARDAH_2016_buildings.gpkg,97.19,13.095102628793784,80.28904584308104,PASS,none
TN_VARDAH_2016_116385,TN_VARDAH_2016,dde8885740d6a87d,TRUE,TRUE,data/tamil_nadu/buildings/validated/TN_VARDAH_2016_buildings.gpkg,46.59,13.099100237593095,80.28909227192635,PASS,none
TN_VARDAH_2016_173458,TN_VARDAH_2016,7d82d4e5ee8d239d,TRUE,TRUE,data/tamil_nadu/buildings/validated/TN_VARDAH_2016_buildings.gpkg,44.49,13.131563492877156,80.2894218309416,PASS,none
TN_VARDAH_2016_203057,TN_VARDAH_2016,4c1c0a559bd63947,TRUE,TRUE,data/tamil_nadu/buildings/validated/TN_VARDAH_2016_buildings.gpkg,13.14,13.156169129220933,80.2889324865344,PASS,none
TN_VARDAH_2016_121225,TN_VARDAH_2016,85e10434b8a96abe,TRUE,TRUE,data/tamil_nadu/buildings/validated/TN_VARDAH_2016_buildings.gpkg,21.12,13.090374583364726,80.30270943417477,PASS,none
TN_VARDAH_2016_122632,TN_VARDAH_2016,7e55fe41112f33d0,TRUE,TRUE,data/tamil_nadu/buildings/validated/TN_VARDAH_2016_buildings.gpkg,35.26,13.097937512898843,80.30350270168,PASS,none
TN_VARDAH_2016_182426,TN_VARDAH_2016,e86e8b5df338a70a,TRUE,TRUE,data/tamil_nadu/buildings/validated/TN_VARDAH_2016_buildings.gpkg,10.93,13.131383908864086,80.30229495140244,PASS,none
TN_VARDAH_2016_206114,TN_VARDAH_2016,bb0eb8ed0158ef70,TRUE,TRUE,data/tamil_nadu/buildings/validated/TN_VARDAH_2016_buildings.gpkg,15.34,13.149684427288207,80.3033082614593,PASS,none
TN_VARDAH_2016_000010,TN_VARDAH_2016,7621703ee3046931,TRUE,TRUE,data/tamil_nadu/buildings/validated/TN_VARDAH_2016_buildings.gpkg,261.4,13.019132570423443,80.20536358719143,PASS,none
TN_VARDAH_2016_000035,TN_VARDAH_2016,454ca3d989dec77b,TRUE,TRUE,data/tamil_nadu/buildings/validated/TN_VARDAH_2016_buildings.gpkg,85.67,13.023958040679906,80.20329568380127,PASS,none
TN_VARDAH_2016_021824,TN_VARDAH_2016,76e9fd32d3a347b0,TRUE,TRUE,data/tamil_nadu/buildings/validated/TN_VARDAH_2016_buildings.gpkg,258.78,13.044036552949166,80.2023768362639,PASS,none
TN_VARDAH_2016_046557,TN_VARDAH_2016,2e28e02dee68ecac,TRUE,TRUE,data/tamil_nadu/buildings/validated/TN_VARDAH_2016_buildings.gpkg,866.07,13.062233687866792,80.20686915021082,PASS,none
TN_VARDAH_2016_071296,TN_VARDAH_2016,47eb0a0e502c9c67,TRUE,TRUE,data/tamil_nadu/buildings/validated/TN_VARDAH_2016_buildings.gpkg,72.85,13.073828003097118,80.20415576234178,PASS,none
TN_VARDAH_2016_073635,TN_VARDAH_2016,ee87cdfaa5592e13,TRUE,TRUE,data/tamil_nadu/buildings/validated/TN_VARDAH_2016_buildings.gpkg,237.84,13.082689029435288,80.19916556347405,PASS,none
TN_VARDAH_2016_096249,TN_VARDAH_2016,2e2ed73c7c7bfd3f,TRUE,TRUE,data/tamil_nadu/buildings/validated/TN_VARDAH_2016_buildings.gpkg,96.29,13.099747506168026,80.2016104253264,PASS,none
TN_VARDAH_2016_123800,TN_VARDAH_2016,2ce7a48123fe878a,TRUE,TRUE,data/tamil_nadu/buildings/validated/TN_VARDAH_2016_buildings.gpkg,205.39,13.118899649721062,80.2006703806118,PASS,none
TN_VARDAH_2016_153538,TN_VARDAH_2016,30ee34f2d8671e51,TRUE,TRUE,data/tamil_nadu/buildings/validated/TN_VARDAH_2016_buildings.gpkg,80.98,13.128267300972398,80.19861890443867,PASS,none
TN_VARDAH_2016_183198,TN_VARDAH_2016,01edf43b09ceeaa9,TRUE,TRUE,data/tamil_nadu/buildings/validated/TN_VARDAH_2016_buildings.gpkg,16.58,13.150383681823676,80.20517527052289,PASS,none
TN_VARDAH_2016_000052,TN_VARDAH_2016,4e58ee362f6b8cab,TRUE,TRUE,data/tamil_nadu/buildings/validated/TN_VARDAH_2016_buildings.gpkg,114.3,13.023387781065525,80.20957814610102,PASS,none
TN_VARDAH_2016_021849,TN_VARDAH_2016,5517f8128d775fa9,TRUE,TRUE,data/tamil_nadu/buildings/validated/TN_VARDAH_2016_buildings.gpkg,52.69,13.03904784233912,80.20994731942247,PASS,none
TN_VARDAH_2016_046569,TN_VARDAH_2016,4421e4c2fa671032,TRUE,TRUE,data/tamil_nadu/buildings/validated/TN_VARDAH_2016_buildings.gpkg,19.83,13.06000295251263,80.21301278200714,PASS,none
TN_VARDAH_2016_071289,TN_VARDAH_2016,b04981d49fff25ff,TRUE,TRUE,data/tamil_nadu/buildings/validated/TN_VARDAH_2016_buildings.gpkg,122.84,13.075855774973144,80.21070827768753,PASS,none
TN_VARDAH_2016_096382,TN_VARDAH_2016,d10d30a2a8a7639d,TRUE,TRUE,data/tamil_nadu/buildings/validated/TN_VARDAH_2016_buildings.gpkg,48.78,13.098366534659505,80.20907909106022,PASS,none
TN_VARDAH_2016_123827,TN_VARDAH_2016,1b5e91b9ab8f5d3f,TRUE,TRUE,data/tamil_nadu/buildings/validated/TN_VARDAH_2016_buildings.gpkg,73.39,13.113553812512162,80.21026683170902,PASS,none
TN_VARDAH_2016_153547,TN_VARDAH_2016,35ec9254001072c9,TRUE,TRUE,data/tamil_nadu/buildings/validated/TN_VARDAH_2016_buildings.gpkg,66.67,13.133440126778325,80.21195889412053,PASS,none
TN_VARDAH_2016_183229,TN_VARDAH_2016,177dd7488a9d260c,TRUE,TRUE,data/tamil_nadu/buildings/validated/TN_VARDAH_2016_buildings.gpkg,27.62,13.1560200519979,80.20927085682338,PASS,none
TN_VARDAH_2016_004994,TN_VARDAH_2016,523e112f940f9221,TRUE,TRUE,data/tamil_nadu/buildings/validated/TN_VARDAH_2016_buildings.gpkg,118.66,13.01227732205538,80.22393415931859,PASS,none
TN_VARDAH_2016_005034,TN_VARDAH_2016,8a9a6704aeeeec80,TRUE,TRUE,data/tamil_nadu/buildings/validated/TN_VARDAH_2016_buildings.gpkg,31.41,13.025631283730425,80.23142088154243,PASS,none
TN_VARDAH_2016_026781,TN_VARDAH_2016,beeebe2173650226,TRUE,TRUE,data/tamil_nadu/buildings/validated/TN_VARDAH_2016_buildings.gpkg,70.75,13.03902157061066,80.22406050694865,PASS,none
TN_VARDAH_2016_051529,TN_VARDAH_2016,8fce8c065189ac9c,TRUE,TRUE,data/tamil_nadu/buildings/validated/TN_VARDAH_2016_buildings.gpkg,66.38,13.060871374256907,80.22723266103924,PASS,none
TN_VARDAH_2016_076270,TN_VARDAH_2016,8b0e7359050b6df1,TRUE,TRUE,data/tamil_nadu/buildings/validated/TN_VARDAH_2016_buildings.gpkg,143.26,13.079740337169993,80.22971973205797,PASS,none
TN_VARDAH_2016_080327,TN_VARDAH_2016,ef643bd2be493475,TRUE,TRUE,data/tamil_nadu/buildings/validated/TN_VARDAH_2016_buildings.gpkg,161.81,13.082723118524767,80.23180555812667,PASS,none
TN_VARDAH_2016_101234,TN_VARDAH_2016,c88d21fa36966f4f,TRUE,TRUE,data/tamil_nadu/buildings/validated/TN_VARDAH_2016_buildings.gpkg,56.38,13.099026463716772,80.22432356695144,PASS,none
TN_VARDAH_2016_128759,TN_VARDAH_2016,e4657bd9a64fd605,TRUE,TRUE,data/tamil_nadu/buildings/validated/TN_VARDAH_2016_buildings.gpkg,132.98,13.113913661758016,80.22765542524677,PASS,none
TN_VARDAH_2016_158520,TN_VARDAH_2016,5c914d195dfed463,TRUE,TRUE,data/tamil_nadu/buildings/validated/TN_VARDAH_2016_buildings.gpkg,93.24,13.134948722185557,80.22724869198497,PASS,none
TN_VARDAH_2016_188133,TN_VARDAH_2016,8172b4cf5be2fc63,TRUE,TRUE,data/tamil_nadu/buildings/validated/TN_VARDAH_2016_buildings.gpkg,81.69,13.154718556043441,80.23045499389728,PASS,none
TN_VARDAH_2016_009956,TN_VARDAH_2016,a51e716aebb29247,TRUE,TRUE,data/tamil_nadu/buildings/validated/TN_VARDAH_2016_buildings.gpkg,34.69,13.017854273630784,80.24374440660705,PASS,none
TN_VARDAH_2016_009999,TN_VARDAH_2016,a2f6aa7ac6de9d35,TRUE,TRUE,data/tamil_nadu/buildings/validated/TN_VARDAH_2016_buildings.gpkg,166.0,13.02363558133875,80.24186669378388,PASS,none
TN_VARDAH_2016_031738,TN_VARDAH_2016,e8a17737db88471d,TRUE,TRUE,data/tamil_nadu/buildings/validated/TN_VARDAH_2016_buildings.gpkg,202.7,13.043163170130008,80.24065746200267,PASS,none
TN_VARDAH_2016_056441,TN_VARDAH_2016,1995af1cc47ca7b6,TRUE,TRUE,data/tamil_nadu/buildings/validated/TN_VARDAH_2016_buildings.gpkg,38.52,13.062219715448947,80.24151420751289,PASS,none
TN_VARDAH_2016_081212,TN_VARDAH_2016,63af4f0d75e254e9,TRUE,TRUE,data/tamil_nadu/buildings/validated/TN_VARDAH_2016_buildings.gpkg,285.96,13.081740809747778,80.23794610742273,PASS,none
TN_VARDAH_2016_084231,TN_VARDAH_2016,1632539c4ef19d34,TRUE,TRUE,data/tamil_nadu/buildings/validated/TN_VARDAH_2016_buildings.gpkg,433.84,13.08287141563063,80.2456990023511,PASS,none
TN_VARDAH_2016_106186,TN_VARDAH_2016,666b0a61a63162f2,TRUE,TRUE,data/tamil_nadu/buildings/validated/TN_VARDAH_2016_buildings.gpkg,25.28,13.100590471734037,80.23912622971608,PASS,none
TN_VARDAH_2016_133718,TN_VARDAH_2016,454c2f701565dfbc,TRUE,TRUE,data/tamil_nadu/buildings/validated/TN_VARDAH_2016_buildings.gpkg,160.51,13.120082530266547,80.23742277408799,PASS,none
TN_VARDAH_2016_163438,TN_VARDAH_2016,997dfbb90e98b581,TRUE,TRUE,data/tamil_nadu/buildings/validated/TN_VARDAH_2016_buildings.gpkg,59.02,13.13741800653686,80.24455063781318,PASS,none
TN_VARDAH_2016_193121,TN_VARDAH_2016,3b8025b0eafbed73,TRUE,TRUE,data/tamil_nadu/buildings/validated/TN_VARDAH_2016_buildings.gpkg,86.83,13.149690900022984,80.23549427929653,PASS,none
TN_VARDAH_2016_009992,TN_VARDAH_2016,2dc96840b19689b3,TRUE,TRUE,data/tamil_nadu/buildings/validated/TN_VARDAH_2016_buildings.gpkg,40.98,13.009004916587807,80.25075373318208,PASS,none
TN_VARDAH_2016_010096,TN_VARDAH_2016,94dcb540a01fc36e,TRUE,TRUE,data/tamil_nadu/buildings/validated/TN_VARDAH_2016_buildings.gpkg,285.76,13.02635281369934,80.25118508649093,PASS,none
TN_VARDAH_2016_031786,TN_VARDAH_2016,73ce16726db56f5b,TRUE,TRUE,data/tamil_nadu/buildings/validated/TN_VARDAH_2016_buildings.gpkg,80.26,13.040442333460229,80.25159974279195,PASS,none
TN_VARDAH_2016_056485,TN_VARDAH_2016,faa0ac8efcbd3680,TRUE,TRUE,data/tamil_nadu/buildings/validated/TN_VARDAH_2016_buildings.gpkg,142.26,13.05857257946611,80.25150654063947,PASS,none
TN_VARDAH_2016_081244,TN_VARDAH_2016,0679784f1b24f978,TRUE,TRUE,data/tamil_nadu/buildings/validated/TN_VARDAH_2016_buildings.gpkg,23.12,13.080798212498092,80.25110176061658,PASS,none
TN_VARDAH_2016_106151,TN_VARDAH_2016,0cb80f8bd6731145,TRUE,TRUE,data/tamil_nadu/buildings/validated/TN_VARDAH_2016_buildings.gpkg,40.61,13.096828303229307,80.24995785098876,PASS,none
TN_VARDAH_2016_106293,TN_VARDAH_2016,91c206bbd425f9b2,TRUE,TRUE,data/tamil_nadu/buildings/validated/TN_VARDAH_2016_buildings.gpkg,13.33,13.100110056508296,80.24968986459692,PASS,none
TN_VARDAH_2016_133756,TN_VARDAH_2016,dd2fdd78af2a2390,TRUE,TRUE,data/tamil_nadu/buildings/validated/TN_VARDAH_2016_buildings.gpkg,17.77,13.119127307495079,80.25077496811052,PASS,none
TN_VARDAH_2016_163453,TN_VARDAH_2016,4fc11dcc6adc0577,TRUE,TRUE,data/tamil_nadu/buildings/validated/TN_VARDAH_2016_buildings.gpkg,80.11,13.136690003649267,80.25101139353266,PASS,none
TN_VARDAH_2016_193144,TN_VARDAH_2016,34193f80f14a3466,TRUE,TRUE,data/tamil_nadu/buildings/validated/TN_VARDAH_2016_buildings.gpkg,118.37,13.149363814365415,80.25085795450491,PASS,none
TN_VARDAH_2016_014955,TN_VARDAH_2016,478f7768853f6949,TRUE,TRUE,data/tamil_nadu/buildings/validated/TN_VARDAH_2016_buildings.gpkg,55.16,13.009738286641518,80.26641771835502,PASS,none
TN_VARDAH_2016_014942,TN_VARDAH_2016,eb778b750fb19d22,TRUE,TRUE,data/tamil_nadu/buildings/validated/TN_VARDAH_2016_buildings.gpkg,26.35,13.025257810421289,80.27015659223511,PASS,none
TN_VARDAH_2016_036705,TN_VARDAH_2016,4bbcc7c44d0f4c84,TRUE,TRUE,data/tamil_nadu/buildings/validated/TN_VARDAH_2016_buildings.gpkg,210.85,13.043456723897068,80.26809443628366,PASS,none
TN_VARDAH_2016_061400,TN_VARDAH_2016,4335a25cdb5dc93d,TRUE,TRUE,data/tamil_nadu/buildings/validated/TN_VARDAH_2016_buildings.gpkg,56.5,13.061692216307181,80.26802156546911,PASS,none
TN_VARDAH_2016_086157,TN_VARDAH_2016,1e7e345c91a3bc33,TRUE,TRUE,data/tamil_nadu/buildings/validated/TN_VARDAH_2016_buildings.gpkg,115.96,13.078060950115304,80.26817791941178,PASS,none
TN_VARDAH_2016_111097,TN_VARDAH_2016,fc9bdcafcc0ec3a5,TRUE,TRUE,data/tamil_nadu/buildings/validated/TN_VARDAH_2016_buildings.gpkg,55.44,13.097626800574488,80.26833247668459,PASS,none
TN_VARDAH_2016_111152,TN_VARDAH_2016,c4f2c5aea834ee05,TRUE,TRUE,data/tamil_nadu/buildings/validated/TN_VARDAH_2016_buildings.gpkg,148.58,13.10085433290971,80.2650849363854,PASS,none
TN_VARDAH_2016_138686,TN_VARDAH_2016,7bc4d65a6c099df0,TRUE,TRUE,data/tamil_nadu/buildings/validated/TN_VARDAH_2016_buildings.gpkg,299.85,13.118118322501447,80.26694182655567,PASS,none
TN_VARDAH_2016_168425,TN_VARDAH_2016,224a148374d0d31f,TRUE,TRUE,data/tamil_nadu/buildings/validated/TN_VARDAH_2016_buildings.gpkg,54.96,13.12796326889886,80.26776977419205,PASS,none
TN_VARDAH_2016_198118,TN_VARDAH_2016,e2f16f3981e50bd1,TRUE,TRUE,data/tamil_nadu/buildings/validated/TN_VARDAH_2016_buildings.gpkg,67.94,13.149463406979926,80.26720971423428,PASS,none
TN_VARDAH_2016_019890,TN_VARDAH_2016,263d7ecf5bc16604,TRUE,TRUE,data/tamil_nadu/buildings/validated/TN_VARDAH_2016_buildings.gpkg,48.56,13.018808948208207,80.27650030854474,PASS,none
TN_VARDAH_2016_019921,TN_VARDAH_2016,c6037272a5afdf82,TRUE,TRUE,data/tamil_nadu/buildings/validated/TN_VARDAH_2016_buildings.gpkg,15.96,13.02407325403114,80.27801151099511,PASS,none
TN_VARDAH_2016_041667,TN_VARDAH_2016,308750c7ca698480,TRUE,TRUE,data/tamil_nadu/buildings/validated/TN_VARDAH_2016_buildings.gpkg,294.55,13.04371893248286,80.27753820175369,PASS,none
TN_VARDAH_2016_066379,TN_VARDAH_2016,f343b7c473bd2628,TRUE,TRUE,data/tamil_nadu/buildings/validated/TN_VARDAH_2016_buildings.gpkg,26.52,13.05284496204884,80.279176721174,PASS,none
TN_VARDAH_2016_116030,TN_VARDAH_2016,8b930842b0d28a45,TRUE,TRUE,data/tamil_nadu/buildings/validated/TN_VARDAH_2016_buildings.gpkg,54.01,13.091977527373556,80.2768011594934,PASS,none
TN_VARDAH_2016_116058,TN_VARDAH_2016,98d2201f272d336e,TRUE,TRUE,data/tamil_nadu/buildings/validated/TN_VARDAH_2016_buildings.gpkg,201.86,13.098654341418063,80.28072557798292,PASS,none
TN_VARDAH_2016_143634,TN_VARDAH_2016,a2f00bda186b7395,TRUE,TRUE,data/tamil_nadu/buildings/validated/TN_VARDAH_2016_buildings.gpkg,159.34,13.119187696271709,80.2877076748586,PASS,none
TN_VARDAH_2016_173321,TN_VARDAH_2016,95791ad973f685ef,TRUE,TRUE,data/tamil_nadu/buildings/validated/TN_VARDAH_2016_buildings.gpkg,126.44,13.131998018102204,80.2867659595932,PASS,none
TN_VARDAH_2016_203009,TN_VARDAH_2016,c241c06b935bfe9c,TRUE,TRUE,data/tamil_nadu/buildings/validated/TN_VARDAH_2016_buildings.gpkg,22.19,13.150311213990312,80.28716060079026,PASS,none
TN_VARDAH_2016_091386,TN_VARDAH_2016,c401a4127ed90d17,TRUE,TRUE,data/tamil_nadu/buildings/validated/TN_VARDAH_2016_buildings.gpkg,51.68,13.082258981961422,80.28931931557483,PASS,none
TN_VARDAH_2016_116247,TN_VARDAH_2016,af4e77ff6593cd14,TRUE,TRUE,data/tamil_nadu/buildings/validated/TN_VARDAH_2016_buildings.gpkg,228.1,13.092935531190669,80.28950995305993,PASS,none
TN_VARDAH_2016_116411,TN_VARDAH_2016,ef34dd423349d953,TRUE,TRUE,data/tamil_nadu/buildings/validated/TN_VARDAH_2016_buildings.gpkg,165.21,13.100966148815031,80.2894448911261,PASS,none
TN_VARDAH_2016_143943,TN_VARDAH_2016,825a2827f3f14c09,TRUE,TRUE,data/tamil_nadu/buildings/validated/TN_VARDAH_2016_buildings.gpkg,152.73,13.118779799307028,80.28939393152461,PASS,none
TN_VARDAH_2016_173459,TN_VARDAH_2016,3137f36b86bf4d21,TRUE,TRUE,data/tamil_nadu/buildings/validated/TN_VARDAH_2016_buildings.gpkg,26.71,13.131500524771798,80.28900880913046,PASS,none
TN_VARDAH_2016_203085,TN_VARDAH_2016,26b4a0d8ee101b0b,TRUE,TRUE,data/tamil_nadu/buildings/validated/TN_VARDAH_2016_buildings.gpkg,14.0,13.149714957208797,80.28940054524031,PASS,none
TN_VARDAH_2016_121273,TN_VARDAH_2016,4eb63704847904b6,TRUE,TRUE,data/tamil_nadu/buildings/validated/TN_VARDAH_2016_buildings.gpkg,11.44,13.092425399587396,80.30294628152551,PASS,none
TN_VARDAH_2016_123030,TN_VARDAH_2016,89128dd3905d79c6,TRUE,TRUE,data/tamil_nadu/buildings/validated/TN_VARDAH_2016_buildings.gpkg,31.57,13.098246387136184,80.3039619009814,PASS,none
TN_VARDAH_2016_206147,TN_VARDAH_2016,c7f791acd10c376a,TRUE,TRUE,data/tamil_nadu/buildings/validated/TN_VARDAH_2016_buildings.gpkg,25.84,13.151521394687471,80.30374869295858,PASS,none
TN_VARDAH_2016_000011,TN_VARDAH_2016,b0063f22dea0a769,TRUE,TRUE,data/tamil_nadu/buildings/validated/TN_VARDAH_2016_buildings.gpkg,36.09,13.018953589562848,80.20544859292976,PASS,none
TN_VARDAH_2016_000057,TN_VARDAH_2016,c081811b4da200f1,TRUE,TRUE,data/tamil_nadu/buildings/validated/TN_VARDAH_2016_buildings.gpkg,103.87,13.025851213768112,80.20814332799146,PASS,none
TN_VARDAH_2016_021832,TN_VARDAH_2016,50017d694419c141,TRUE,TRUE,data/tamil_nadu/buildings/validated/TN_VARDAH_2016_buildings.gpkg,255.72,13.03815869590848,80.1971266406202,PASS,none
TN_VARDAH_2016_046560,TN_VARDAH_2016,b2a657bf3879c441,TRUE,TRUE,data/tamil_nadu/buildings/validated/TN_VARDAH_2016_buildings.gpkg,48.89,13.061741172650347,80.2042407375925,PASS,none
TN_VARDAH_2016_071298,TN_VARDAH_2016,99cf0d68119a84ed,TRUE,TRUE,data/tamil_nadu/buildings/validated/TN_VARDAH_2016_buildings.gpkg,239.86,13.079596709943464,80.2080891189751,PASS,none
TN_VARDAH_2016_073991,TN_VARDAH_2016,9ef5002021e17988,TRUE,TRUE,data/tamil_nadu/buildings/validated/TN_VARDAH_2016_buildings.gpkg,71.37,13.082616471778964,80.20299089234281,PASS,none
TN_VARDAH_2016_096262,TN_VARDAH_2016,00765346cd16f43b,TRUE,TRUE,data/tamil_nadu/buildings/validated/TN_VARDAH_2016_buildings.gpkg,62.7,13.100914403055556,80.20108041325594,PASS,none
TN_VARDAH_2016_123803,TN_VARDAH_2016,4a1ae37ee23e7f97,TRUE,TRUE,data/tamil_nadu/buildings/validated/TN_VARDAH_2016_buildings.gpkg,312.19,13.120201097398455,80.20776685817823,PASS,none
TN_VARDAH_2016_153540,TN_VARDAH_2016,d51d013e961061a3,TRUE,TRUE,data/tamil_nadu/buildings/validated/TN_VARDAH_2016_buildings.gpkg,30.57,13.134664426061985,80.20348183416895,PASS,none
TN_VARDAH_2016_183199,TN_VARDAH_2016,dbb85aed8d0d0943,TRUE,TRUE,data/tamil_nadu/buildings/validated/TN_VARDAH_2016_buildings.gpkg,432.53,13.143294949459381,80.20262939784386,PASS,none
TN_VARDAH_2016_000048,TN_VARDAH_2016,880e5fa7749e1676,TRUE,TRUE,data/tamil_nadu/buildings/validated/TN_VARDAH_2016_buildings.gpkg,110.05,13.015668739992483,80.20906223812187,PASS,none
TN_VARDAH_2016_000054,TN_VARDAH_2016,ebdfe4b00267a08d,TRUE,TRUE,data/tamil_nadu/buildings/validated/TN_VARDAH_2016_buildings.gpkg,106.76,13.026112677639098,80.21298422828013,PASS,none
TN_VARDAH_2016_021882,TN_VARDAH_2016,040ffe34d73cfc26,TRUE,TRUE,data/tamil_nadu/buildings/validated/TN_VARDAH_2016_buildings.gpkg,48.43,13.04411761726891,80.2143852801748,PASS,none
TN_VARDAH_2016_046572,TN_VARDAH_2016,fd2fbc38bcbb5cba,TRUE,TRUE,data/tamil_nadu/buildings/validated/TN_VARDAH_2016_buildings.gpkg,89.45,13.062216488105568,80.20892305485042,PASS,none
TN_VARDAH_2016_071291,TN_VARDAH_2016,cbb1306fd2293612,TRUE,TRUE,data/tamil_nadu/buildings/validated/TN_VARDAH_2016_buildings.gpkg,28.72,13.080591503831792,80.21423965707054,PASS,none
TN_VARDAH_2016_074085,TN_VARDAH_2016,bb1898058d0d9800,TRUE,TRUE,data/tamil_nadu/buildings/validated/TN_VARDAH_2016_buildings.gpkg,214.96,13.082697770756667,80.2118700871338,PASS,none
TN_VARDAH_2016_096385,TN_VARDAH_2016,61af558d80bcb223,TRUE,TRUE,data/tamil_nadu/buildings/validated/TN_VARDAH_2016_buildings.gpkg,87.1,13.099066262514715,80.20973695980805,PASS,none
TN_VARDAH_2016_123829,TN_VARDAH_2016,2efbd1adfe107140,TRUE,TRUE,data/tamil_nadu/buildings/validated/TN_VARDAH_2016_buildings.gpkg,86.61,13.11884670632053,80.21356436470735,PASS,none
TN_VARDAH_2016_153556,TN_VARDAH_2016,b641ade6622365d3,TRUE,TRUE,data/tamil_nadu/buildings/validated/TN_VARDAH_2016_buildings.gpkg,47.44,13.137697522977632,80.20882570084238,PASS,none
TN_VARDAH_2016_183234,TN_VARDAH_2016,070ae72adf2aa97c,TRUE,TRUE,data/tamil_nadu/buildings/validated/TN_VARDAH_2016_buildings.gpkg,75.19,13.15671995033106,80.2092316185042,PASS,none
TN_VARDAH_2016_004999,TN_VARDAH_2016,dec2297f164f5e1a,TRUE,TRUE,data/tamil_nadu/buildings/validated/TN_VARDAH_2016_buildings.gpkg,43.93,13.015206661199523,80.23123180013826,PASS,none
TN_VARDAH_2016_026785,TN_VARDAH_2016,07353ef1dfb7b055,TRUE,TRUE,data/tamil_nadu/buildings/validated/TN_VARDAH_2016_buildings.gpkg,698.79,13.04087133229755,80.2291855729142,PASS,none
TN_VARDAH_2016_051531,TN_VARDAH_2016,ba266b17a4be8d6d,TRUE,TRUE,data/tamil_nadu/buildings/validated/TN_VARDAH_2016_buildings.gpkg,116.3,13.057396171583282,80.22275666047257,PASS,none
TN_VARDAH_2016_076273,TN_VARDAH_2016,98c021d6a8fb065a,TRUE,TRUE,data/tamil_nadu/buildings/validated/TN_VARDAH_2016_buildings.gpkg,58.22,13.082141724962439,80.22984339551498,PASS,none
TN_VARDAH_2016_080873,TN_VARDAH_2016,d9f6dacb66013d64,TRUE,TRUE,data/tamil_nadu/buildings/validated/TN_VARDAH_2016_buildings.gpkg,44.19,13.082724832664306,80.22990320703714,PASS,none
TN_VARDAH_2016_101236,TN_VARDAH_2016,429a4d323f7bf038,TRUE,TRUE,data/tamil_nadu/buildings/validated/TN_VARDAH_2016_buildings.gpkg,15.53,13.099443371148599,80.23114543385074,PASS,none
TN_VARDAH_2016_128762,TN_VARDAH_2016,563b4e2180f152e2,TRUE,TRUE,data/tamil_nadu/buildings/validated/TN_VARDAH_2016_buildings.gpkg,103.96,13.1151194541336,80.2294889250899,PASS,none
TN_VARDAH_2016_158521,TN_VARDAH_2016,898adcc6a3b97413,TRUE,TRUE,data/tamil_nadu/buildings/validated/TN_VARDAH_2016_buildings.gpkg,83.63,13.132166295729435,80.22871745446518,PASS,none
TN_VARDAH_2016_188134,TN_VARDAH_2016,b045f463837c5d7a,TRUE,TRUE,data/tamil_nadu/buildings/validated/TN_VARDAH_2016_buildings.gpkg,160.4,13.154810359564959,80.22760872903889,PASS,none
TN_VARDAH_2016_009957,TN_VARDAH_2016,4f005ee83a23d8f3,TRUE,TRUE,data/tamil_nadu/buildings/validated/TN_VARDAH_2016_buildings.gpkg,79.17,13.010489812649356,80.24552767177276,PASS,none
TN_VARDAH_2016_031740,TN_VARDAH_2016,5ccb29b70a7e1984,TRUE,TRUE,data/tamil_nadu/buildings/validated/TN_VARDAH_2016_buildings.gpkg,106.73,13.037941050825358,80.23745890232898,PASS,none
TN_VARDAH_2016_056443,TN_VARDAH_2016,3cc4baec22c17261,TRUE,TRUE,data/tamil_nadu/buildings/validated/TN_VARDAH_2016_buildings.gpkg,81.05,13.060757729807921,80.24361960759228,PASS,none
TN_VARDAH_2016_081213,TN_VARDAH_2016,bf6ab1dbeeb4e4c1,TRUE,TRUE,data/tamil_nadu/buildings/validated/TN_VARDAH_2016_buildings.gpkg,44.71,13.071372663877048,80.2433517465987,PASS,none
TN_VARDAH_2016_084253,TN_VARDAH_2016,8bddc5d4b43b60da,TRUE,TRUE,data/tamil_nadu/buildings/validated/TN_VARDAH_2016_buildings.gpkg,102.62,13.082731298849126,80.23599156945629,PASS,none
TN_VARDAH_2016_106194,TN_VARDAH_2016,9ff718717c34dc42,TRUE,TRUE,data/tamil_nadu/buildings/validated/TN_VARDAH_2016_buildings.gpkg,13.77,13.100848002233942,80.23837462121837,PASS,none
TN_VARDAH_2016_133720,TN_VARDAH_2016,94f43a8a75f4ba5f,TRUE,TRUE,data/tamil_nadu/buildings/validated/TN_VARDAH_2016_buildings.gpkg,132.56,13.117090250300501,80.24290354149502,PASS,none
TN_VARDAH_2016_163440,TN_VARDAH_2016,509709d7dc14c602,TRUE,TRUE,data/tamil_nadu/buildings/validated/TN_VARDAH_2016_buildings.gpkg,56.87,13.13481483883868,80.24570257847769,PASS,none
TN_VARDAH_2016_193124,TN_VARDAH_2016,e04a6c93a7d1644e,TRUE,TRUE,data/tamil_nadu/buildings/validated/TN_VARDAH_2016_buildings.gpkg,74.28,13.151990146150514,80.23664509234277,PASS,none
TN_VARDAH_2016_009996,TN_VARDAH_2016,a2548876e644c7b5,TRUE,TRUE,data/tamil_nadu/buildings/validated/TN_VARDAH_2016_buildings.gpkg,58.83,13.022141805621402,80.25062922336667,PASS,none
TN_VARDAH_2016_010103,TN_VARDAH_2016,7a1692c9220152d0,TRUE,TRUE,data/tamil_nadu/buildings/validated/TN_VARDAH_2016_buildings.gpkg,23.72,13.02591882380448,80.24920740184933,PASS,none
TN_VARDAH_2016_031801,TN_VARDAH_2016,a2495f4883f51216,TRUE,TRUE,data/tamil_nadu/buildings/validated/TN_VARDAH_2016_buildings.gpkg,62.39,13.039645307480194,80.24977505523393,PASS,none
TN_VARDAH_2016_056492,TN_VARDAH_2016,d648051c89ca3d9d,TRUE,TRUE,data/tamil_nadu/buildings/validated/TN_VARDAH_2016_buildings.gpkg,43.77,13.06234199021192,80.2495797735896,PASS,none
TN_VARDAH_2016_081256,TN_VARDAH_2016,f88ecd15ac185c29,TRUE,TRUE,data/tamil_nadu/buildings/validated/TN_VARDAH_2016_buildings.gpkg,38.04,13.080876272252151,80.25093405816777,PASS,none
TN_VARDAH_2016_106160,TN_VARDAH_2016,ca04e7ed5182e525,TRUE,TRUE,data/tamil_nadu/buildings/validated/TN_VARDAH_2016_buildings.gpkg,29.99,13.089507757312145,80.25031303217695,PASS,none
TN_VARDAH_2016_106319,TN_VARDAH_2016,9da00aa609a2ea81,TRUE,TRUE,data/tamil_nadu/buildings/validated/TN_VARDAH_2016_buildings.gpkg,30.9,13.098292317363661,80.2506498475513,PASS,none
TN_VARDAH_2016_133776,TN_VARDAH_2016,26b128aa8a78179c,TRUE,TRUE,data/tamil_nadu/buildings/validated/TN_VARDAH_2016_buildings.gpkg,46.19,13.119715351044212,80.25062346870523,PASS,none
TN_VARDAH_2016_163455,TN_VARDAH_2016,2229cfd17f072171,TRUE,TRUE,data/tamil_nadu/buildings/validated/TN_VARDAH_2016_buildings.gpkg,89.01,13.128389549634365,80.24912026697872,PASS,none
TN_VARDAH_2016_193147,TN_VARDAH_2016,9a99454dc9997d96,TRUE,TRUE,data/tamil_nadu/buildings/validated/TN_VARDAH_2016_buildings.gpkg,80.29,13.156274811585291,80.24894046152443,PASS,none
TN_VARDAH_2016_014957,TN_VARDAH_2016,3631f6e1dcfbfffe,TRUE,TRUE,data/tamil_nadu/buildings/validated/TN_VARDAH_2016_buildings.gpkg,76.98,13.009403766309138,80.26366141945074,PASS,none
TN_VARDAH_2016_014944,TN_VARDAH_2016,c73b2123d5bdfb8c,TRUE,TRUE,data/tamil_nadu/buildings/validated/TN_VARDAH_2016_buildings.gpkg,87.08,13.022904666525156,80.27034154744095,PASS,none
TN_VARDAH_2016_036707,TN_VARDAH_2016,7ffefb227e20ddae,TRUE,TRUE,data/tamil_nadu/buildings/validated/TN_VARDAH_2016_buildings.gpkg,192.84,13.04437352376305,80.26491925211627,PASS,none
TN_VARDAH_2016_061403,TN_VARDAH_2016,c2252b3cb194193d,TRUE,TRUE,data/tamil_nadu/buildings/validated/TN_VARDAH_2016_buildings.gpkg,164.82,13.061442938777104,80.27064115250288,PASS,none
TN_VARDAH_2016_086160,TN_VARDAH_2016,48d4ebceff1582e3,TRUE,TRUE,data/tamil_nadu/buildings/validated/TN_VARDAH_2016_buildings.gpkg,95.18,13.07819090764744,80.2659589754344,PASS,none
TN_VARDAH_2016_111099,TN_VARDAH_2016,9bb0a048035cb0a5,TRUE,TRUE,data/tamil_nadu/buildings/validated/TN_VARDAH_2016_buildings.gpkg,43.1,13.092338579527816,80.26509447534004,PASS,none
TN_VARDAH_2016_138687,TN_VARDAH_2016,3b69bc2d1973fe44,TRUE,TRUE,data/tamil_nadu/buildings/validated/TN_VARDAH_2016_buildings.gpkg,71.34,13.116349288435885,80.26259212421458,PASS,none
TN_VARDAH_2016_168435,TN_VARDAH_2016,4537c6bc4e2844e2,TRUE,TRUE,data/tamil_nadu/buildings/validated/TN_VARDAH_2016_buildings.gpkg,167.79,13.129091921115483,80.26508966944562,PASS,none
TN_VARDAH_2016_198119,TN_VARDAH_2016,c43b81308e984f90,TRUE,TRUE,data/tamil_nadu/buildings/validated/TN_VARDAH_2016_buildings.gpkg,75.62,13.151004427264912,80.2700843572958,PASS,none
TN_VARDAH_2016_019892,TN_VARDAH_2016,75c8410dc5e129e4,TRUE,TRUE,data/tamil_nadu/buildings/validated/TN_VARDAH_2016_buildings.gpkg,56.57,13.019694005038117,80.27747331603172,PASS,none
TN_VARDAH_2016_019924,TN_VARDAH_2016,c5597492d986d619,TRUE,TRUE,data/tamil_nadu/buildings/validated/TN_VARDAH_2016_buildings.gpkg,296.6,13.026141468370517,80.2772888828213,PASS,none
TN_VARDAH_2016_041672,TN_VARDAH_2016,5644711895497cba,TRUE,TRUE,data/tamil_nadu/buildings/validated/TN_VARDAH_2016_buildings.gpkg,35.06,13.044453310734518,80.27625627369926,PASS,none
TN_VARDAH_2016_066381,TN_VARDAH_2016,7d35becbdca50400,TRUE,TRUE,data/tamil_nadu/buildings/validated/TN_VARDAH_2016_buildings.gpkg,22.24,13.054408116343684,80.2771616737452,PASS,none
TN_VARDAH_2016_091129,TN_VARDAH_2016,f54eb7190e4c0c18,TRUE,TRUE,data/tamil_nadu/buildings/validated/TN_VARDAH_2016_buildings.gpkg,137.76,13.07892181315767,80.27857860082521,PASS,none
TN_VARDAH_2016_116031,TN_VARDAH_2016,3bc66076c997b1f4,TRUE,TRUE,data/tamil_nadu/buildings/validated/TN_VARDAH_2016_buildings.gpkg,17.28,13.083949976109283,80.28016170738513,PASS,none
TN_VARDAH_2016_116065,TN_VARDAH_2016,1189b1835edd0dd3,TRUE,TRUE,data/tamil_nadu/buildings/validated/TN_VARDAH_2016_buildings.gpkg,26.75,13.100030912379177,80.28338402246112,PASS,none
TN_VARDAH_2016_143635,TN_VARDAH_2016,a8d08db3d4000454,TRUE,TRUE,data/tamil_nadu/buildings/validated/TN_VARDAH_2016_buildings.gpkg,22.9,13.115126322975652,80.27798450864577,PASS,none
TN_VARDAH_2016_173327,TN_VARDAH_2016,1457d801751d73bb,TRUE,TRUE,data/tamil_nadu/buildings/validated/TN_VARDAH_2016_buildings.gpkg,28.85,13.135491564157757,80.27787640876525,PASS,none
TN_VARDAH_2016_203012,TN_VARDAH_2016,7d792f447c8e9bb9,TRUE,TRUE,data/tamil_nadu/buildings/validated/TN_VARDAH_2016_buildings.gpkg,149.77,13.157691861679714,80.28881086587447,PASS,none
TN_VARDAH_2016_091769,TN_VARDAH_2016,5c89096fd75851c1,TRUE,TRUE,data/tamil_nadu/buildings/validated/TN_VARDAH_2016_buildings.gpkg,7.07,13.073266286475034,80.28913955302455,PASS,none
TN_VARDAH_2016_116273,TN_VARDAH_2016,a998ffc1562c21bc,TRUE,TRUE,data/tamil_nadu/buildings/validated/TN_VARDAH_2016_buildings.gpkg,38.15,13.095658617506464,80.28907475497691,PASS,none
TN_VARDAH_2016_116537,TN_VARDAH_2016,40f0cbb859a0105e,TRUE,TRUE,data/tamil_nadu/buildings/validated/TN_VARDAH_2016_buildings.gpkg,409.77,13.098234038194335,80.28924723167323,PASS,none
TN_VARDAH_2016_143987,TN_VARDAH_2016,6719764498809a07,TRUE,TRUE,data/tamil_nadu/buildings/validated/TN_VARDAH_2016_buildings.gpkg,95.11,13.117509212223327,80.28898399245604,PASS,none
TN_VARDAH_2016_173472,TN_VARDAH_2016,af4c624844448a50,TRUE,TRUE,data/tamil_nadu/buildings/validated/TN_VARDAH_2016_buildings.gpkg,121.66,13.137304681354363,80.28925230200852,PASS,none
TN_VARDAH_2016_203146,TN_VARDAH_2016,4e76073617017fe4,TRUE,TRUE,data/tamil_nadu/buildings/validated/TN_VARDAH_2016_buildings.gpkg,25.61,13.156307997913403,80.28907872854563,PASS,none
TN_VARDAH_2016_121650,TN_VARDAH_2016,45f4c02d0f434c30,TRUE,TRUE,data/tamil_nadu/buildings/validated/TN_VARDAH_2016_buildings.gpkg,23.16,13.090809690548863,80.30286442243558,PASS,none
TN_VARDAH_2016_123379,TN_VARDAH_2016,f0e4fc8fb63a5504,TRUE,TRUE,data/tamil_nadu/buildings/validated/TN_VARDAH_2016_buildings.gpkg,457.46,13.098502693964337,80.30409267136325,PASS,none
TN_VARDAH_2016_000012,TN_VARDAH_2016,3d974c592eb61b16,TRUE,TRUE,data/tamil_nadu/buildings/validated/TN_VARDAH_2016_buildings.gpkg,62.17,13.012372127128609,80.20047985527275,PASS,none
TN_VARDAH_2016_000065,TN_VARDAH_2016,2aabd9313826a804,TRUE,TRUE,data/tamil_nadu/buildings/validated/TN_VARDAH_2016_buildings.gpkg,238.45,13.025344008830528,80.2055596491449,PASS,none
TN_VARDAH_2016_021833,TN_VARDAH_2016,7565c6670e47d5e2,TRUE,TRUE,data/tamil_nadu/buildings/validated/TN_VARDAH_2016_buildings.gpkg,1718.86,13.039330171080088,80.20766303965958,PASS,none
TN_VARDAH_2016_046561,TN_VARDAH_2016,db9a17a27eb56cac,TRUE,TRUE,data/tamil_nadu/buildings/validated/TN_VARDAH_2016_buildings.gpkg,178.61,13.060707812529133,80.19892657288906,PASS,none
TN_VARDAH_2016_071300,TN_VARDAH_2016,37f07d49b54c4564,TRUE,TRUE,data/tamil_nadu/buildings/validated/TN_VARDAH_2016_buildings.gpkg,64.53,13.073038511905196,80.20628531245089,PASS,none
TN_VARDAH_2016_074036,TN_VARDAH_2016,5bc7f500ed751682,TRUE,TRUE,data/tamil_nadu/buildings/validated/TN_VARDAH_2016_buildings.gpkg,28.9,13.082633576305513,80.19808733172357,PASS,none
TN_VARDAH_2016_096263,TN_VARDAH_2016,ceb203a2b2e04f27,TRUE,TRUE,data/tamil_nadu/buildings/validated/TN_VARDAH_2016_buildings.gpkg,66.76,13.101296585852129,80.20147714175563,PASS,none
TN_VARDAH_2016_123807,TN_VARDAH_2016,943137a442bc7ae8,TRUE,TRUE,data/tamil_nadu/buildings/validated/TN_VARDAH_2016_buildings.gpkg,6.09,13.115387551605393,80.20597317811705,PASS,none
TN_VARDAH_2016_153541,TN_VARDAH_2016,e36d97de3db61e05,TRUE,TRUE,data/tamil_nadu/buildings/validated/TN_VARDAH_2016_buildings.gpkg,166.44,13.128238855611587,80.19673783163182,PASS,none
TN_VARDAH_2016_000051,TN_VARDAH_2016,1eea84832a445c0a,TRUE,TRUE,data/tamil_nadu/buildings/validated/TN_VARDAH_2016_buildings.gpkg,126.47,13.021140144432756,80.21330924541452,PASS,none
TN_VARDAH_2016_000056,TN_VARDAH_2016,cb4000f851fa4487,TRUE,TRUE,data/tamil_nadu/buildings/validated/TN_VARDAH_2016_buildings.gpkg,108.39,13.024798959967095,80.2136756262818,PASS,none
TN_VARDAH_2016_021886,TN_VARDAH_2016,722a2da4681a81a4,TRUE,TRUE,data/tamil_nadu/buildings/validated/TN_VARDAH_2016_buildings.gpkg,251.73,13.037680795605773,80.21082728638626,PASS,none
TN_VARDAH_2016_046579,TN_VARDAH_2016,b0322651f28c0f06,TRUE,TRUE,data/tamil_nadu/buildings/validated/TN_VARDAH_2016_buildings.gpkg,119.17,13.059078058992123,80.21057894965098,PASS,none
TN_VARDAH_2016_074124,TN_VARDAH_2016,bf61b37d44237f77,TRUE,TRUE,data/tamil_nadu/buildings/validated/TN_VARDAH_2016_buildings.gpkg,41.11,13.082698551039185,80.2136452872851,PASS,none
TN_VARDAH_2016_096401,TN_VARDAH_2016,05a0b9484a54da16,TRUE,TRUE,data/tamil_nadu/buildings/validated/TN_VARDAH_2016_buildings.gpkg,152.75,13.098913321215623,80.2090501090999,PASS,none
TN_VARDAH_2016_123837,TN_VARDAH_2016,8175c0d7522a1941,TRUE,TRUE,data/tamil_nadu/buildings/validated/TN_VARDAH_2016_buildings.gpkg,128.7,13.116194135802631,80.2114531857346,PASS,none
TN_VARDAH_2016_153560,TN_VARDAH_2016,efe027640c8e5eda,TRUE,TRUE,data/tamil_nadu/buildings/validated/TN_VARDAH_2016_buildings.gpkg,17.96,13.130231417170254,80.2126279709805,PASS,none
TN_VARDAH_2016_183240,TN_VARDAH_2016,7d69256d8f9b6e11,TRUE,TRUE,data/tamil_nadu/buildings/validated/TN_VARDAH_2016_buildings.gpkg,21.19,13.155707766318514,80.21048350772405,PASS,none
TN_VARDAH_2016_005071,TN_VARDAH_2016,7c0a18f2dc6dfa4f,TRUE,TRUE,data/tamil_nadu/buildings/validated/TN_VARDAH_2016_buildings.gpkg,12.16,13.02530226011424,80.22844912370589,PASS,none
TN_VARDAH_2016_026787,TN_VARDAH_2016,2b34d2aa8e60c55f,TRUE,TRUE,data/tamil_nadu/buildings/validated/TN_VARDAH_2016_buildings.gpkg,66.39,13.043619265917085,80.22355753562235,PASS,none
TN_VARDAH_2016_051536,TN_VARDAH_2016,8d730518c7272caa,TRUE,TRUE,data/tamil_nadu/buildings/validated/TN_VARDAH_2016_buildings.gpkg,221.37,13.058176391650216,80.22437758072083,PASS,none
TN_VARDAH_2016_076275,TN_VARDAH_2016,a6399a0e3d9971aa,TRUE,TRUE,data/tamil_nadu/buildings/validated/TN_VARDAH_2016_buildings.gpkg,85.56,13.070346753960862,80.22605051837324,PASS,none
TN_VARDAH_2016_083480,TN_VARDAH_2016,e5468bb645ee512f,TRUE,TRUE,data/tamil_nadu/buildings/validated/TN_VARDAH_2016_buildings.gpkg,214.17,13.082779293177678,80.23545808370464,PASS,none
TN_VARDAH_2016_101243,TN_VARDAH_2016,d583ad8714c4bfcc,TRUE,TRUE,data/tamil_nadu/buildings/validated/TN_VARDAH_2016_buildings.gpkg,62.7,13.099524298829406,80.22570193172677,PASS,none
TN_VARDAH_2016_128763,TN_VARDAH_2016,46fe294cd102a8b1,TRUE,TRUE,data/tamil_nadu/buildings/validated/TN_VARDAH_2016_buildings.gpkg,51.54,13.119172183020641,80.22886307443198,PASS,none
TN_VARDAH_2016_158522,TN_VARDAH_2016,27c53a9313314b00,TRUE,TRUE,data/tamil_nadu/buildings/validated/TN_VARDAH_2016_buildings.gpkg,223.28,13.129521143258865,80.2256303616499,PASS,none
TN_VARDAH_2016_188135,TN_VARDAH_2016,27bcb1b6e83ce0af,TRUE,TRUE,data/tamil_nadu/buildings/validated/TN_VARDAH_2016_buildings.gpkg,146.7,13.150932557229579,80.23112163136337,PASS,none
TN_VARDAH_2016_009961,TN_VARDAH_2016,ab6645b4c3954c8a,TRUE,TRUE,data/tamil_nadu/buildings/validated/TN_VARDAH_2016_buildings.gpkg,125.79,13.015856912094634,80.24787841205324,PASS,none
TN_VARDAH_2016_010008,TN_VARDAH_2016,93651dde3a64040b,TRUE,TRUE,data/tamil_nadu/buildings/validated/TN_VARDAH_2016_buildings.gpkg,286.2,13.02479618759404,80.24157480873879,PASS,none
TN_VARDAH_2016_031741,TN_VARDAH_2016,a56fd953caf53573,TRUE,TRUE,data/tamil_nadu/buildings/validated/TN_VARDAH_2016_buildings.gpkg,44.89,13.03795140554908,80.24799797644559,PASS,none
TN_VARDAH_2016_056448,TN_VARDAH_2016,329f55d5070f79fc,TRUE,TRUE,data/tamil_nadu/buildings/validated/TN_VARDAH_2016_buildings.gpkg,175.35,13.055542192427135,80.23651168007765,PASS,none
TN_VARDAH_2016_081214,TN_VARDAH_2016,6835108efb41a444,TRUE,TRUE,data/tamil_nadu/buildings/validated/TN_VARDAH_2016_buildings.gpkg,103.8,13.07707062632955,80.2458417131258,PASS,none
TN_VARDAH_2016_085855,TN_VARDAH_2016,a61e12453e6abe04,TRUE,TRUE,data/tamil_nadu/buildings/validated/TN_VARDAH_2016_buildings.gpkg,121.04,13.0827293024777,80.23670782091781,PASS,none
TN_VARDAH_2016_106209,TN_VARDAH_2016,9e25e9f2b2f722ad,TRUE,TRUE,data/tamil_nadu/buildings/validated/TN_VARDAH_2016_buildings.gpkg,80.55,13.098809483145887,80.23660116752612,PASS,none
TN_VARDAH_2016_133722,TN_VARDAH_2016,b7750c2f9cbb3e92,TRUE,TRUE,data/tamil_nadu/buildings/validated/TN_VARDAH_2016_buildings.gpkg,242.75,13.11379397056163,80.23798038816344,PASS,none
TN_VARDAH_2016_163442,TN_VARDAH_2016,93d53595fefc38c1,TRUE,TRUE,data/tamil_nadu/buildings/validated/TN_VARDAH_2016_buildings.gpkg,79.96,13.133474407153527,80.24551788763733,PASS,none
TN_VARDAH_2016_193128,TN_VARDAH_2016,ad7ab02366ab1eff,TRUE,TRUE,data/tamil_nadu/buildings/validated/TN_VARDAH_2016_buildings.gpkg,65.93,13.148464610455246,80.24656970365407,PASS,none
TN_VARDAH_2016_010001,TN_VARDAH_2016,eabda6d57f12254e,TRUE,TRUE,data/tamil_nadu/buildings/validated/TN_VARDAH_2016_buildings.gpkg,207.9,13.022398847934925,80.24954200376919,PASS,none
TN_VARDAH_2016_010120,TN_VARDAH_2016,39408936c4fb0084,TRUE,TRUE,data/tamil_nadu/buildings/validated/TN_VARDAH_2016_buildings.gpkg,50.4,13.026100993134412,80.2502530179115,PASS,none
TN_VARDAH_2016_031802,TN_VARDAH_2016,12f6d8a8f8198180,TRUE,TRUE,data/tamil_nadu/buildings/validated/TN_VARDAH_2016_buildings.gpkg,75.3,13.038289632335989,80.24926044650557,PASS,none
TN_VARDAH_2016_056496,TN_VARDAH_2016,f8e75acf58dc7d9e,TRUE,TRUE,data/tamil_nadu/buildings/validated/TN_VARDAH_2016_buildings.gpkg,196.89,13.058758374797534,80.24955773760851,PASS,none
TN_VARDAH_2016_081259,TN_VARDAH_2016,651662c8635a0d4d,TRUE,TRUE,data/tamil_nadu/buildings/validated/TN_VARDAH_2016_buildings.gpkg,171.86,13.08192597764581,80.2515698777031,PASS,none
TN_VARDAH_2016_106165,TN_VARDAH_2016,ac4489389d394109,TRUE,TRUE,data/tamil_nadu/buildings/validated/TN_VARDAH_2016_buildings.gpkg,82.11,13.095079733755286,80.25139290968482,PASS,none
TN_VARDAH_2016_133782,TN_VARDAH_2016,cbc6f5e5e113d315,TRUE,TRUE,data/tamil_nadu/buildings/validated/TN_VARDAH_2016_buildings.gpkg,39.12,13.120160910392329,80.25144796761226,PASS,none
TN_VARDAH_2016_163457,TN_VARDAH_2016,1e753205d4bdce69,TRUE,TRUE,data/tamil_nadu/buildings/validated/TN_VARDAH_2016_buildings.gpkg,99.21,13.13470324730007,80.25068728017406,PASS,none
TN_VARDAH_2016_193158,TN_VARDAH_2016,83d579ff6bfa6e66,TRUE,TRUE,data/tamil_nadu/buildings/validated/TN_VARDAH_2016_buildings.gpkg,19.69,13.144528834868064,80.25120280392245,PASS,none
TN_VARDAH_2016_014958,TN_VARDAH_2016,80efbcb8bc321680,TRUE,TRUE,data/tamil_nadu/buildings/validated/TN_VARDAH_2016_buildings.gpkg,1076.5,13.00818285152468,80.26709078977068,PASS,none
TN_VARDAH_2016_014947,TN_VARDAH_2016,7357bf7eb3509497,TRUE,TRUE,data/tamil_nadu/buildings/validated/TN_VARDAH_2016_buildings.gpkg,129.63,13.02480860676378,80.26680234199691,PASS,none
TN_VARDAH_2016_036708,TN_VARDAH_2016,5cff2bf66d138b12,TRUE,TRUE,data/tamil_nadu/buildings/validated/TN_VARDAH_2016_buildings.gpkg,330.86,13.042685288342808,80.26888193020218,PASS,none
TN_VARDAH_2016_061405,TN_VARDAH_2016,78debd8f7021e117,TRUE,TRUE,data/tamil_nadu/buildings/validated/TN_VARDAH_2016_buildings.gpkg,57.75,13.05701169382748,80.26965665857578,PASS,none
TN_VARDAH_2016_086161,TN_VARDAH_2016,a3ab965c9d0cdb02,TRUE,TRUE,data/tamil_nadu/buildings/validated/TN_VARDAH_2016_buildings.gpkg,135.2,13.077227117556596,80.26777185808213,PASS,none
TN_VARDAH_2016_111102,TN_VARDAH_2016,fc4b9c04de52822d,TRUE,TRUE,data/tamil_nadu/buildings/validated/TN_VARDAH_2016_buildings.gpkg,36.9,13.085752242075905,80.26969820800552,PASS,none
TN_VARDAH_2016_111179,TN_VARDAH_2016,3c4662d865923970,TRUE,TRUE,data/tamil_nadu/buildings/validated/TN_VARDAH_2016_buildings.gpkg,82.38,13.101067203594267,80.26295892539049,PASS,none
TN_VARDAH_2016_138690,TN_VARDAH_2016,8d1fe1cf0e560a48,TRUE,TRUE,data/tamil_nadu/buildings/validated/TN_VARDAH_2016_buildings.gpkg,45.12,13.114358304676967,80.26262889819095,PASS,none
TN_VARDAH_2016_168440,TN_VARDAH_2016,1e79aef3b47a3b01,TRUE,TRUE,data/tamil_nadu/buildings/validated/TN_VARDAH_2016_buildings.gpkg,52.24,13.130367291892364,80.26323336453537,PASS,none
TN_VARDAH_2016_198136,TN_VARDAH_2016,1102f06b33c3f009,TRUE,TRUE,data/tamil_nadu/buildings/validated/TN_VARDAH_2016_buildings.gpkg,24.31,13.152194282634348,80.2700939684866,PASS,none
TN_VARDAH_2016_019893,TN_VARDAH_2016,5fa0f59700455928,TRUE,TRUE,data/tamil_nadu/buildings/validated/TN_VARDAH_2016_buildings.gpkg,246.85,13.021444137219488,80.27746032944076,PASS,none
TN_VARDAH_2016_019929,TN_VARDAH_2016,9652a8376edf7ada,TRUE,TRUE,data/tamil_nadu/buildings/validated/TN_VARDAH_2016_buildings.gpkg,14.57,13.023712746556676,80.27824485964865,PASS,none
TN_VARDAH_2016_041681,TN_VARDAH_2016,43728fa14b3abe5e,TRUE,TRUE,data/tamil_nadu/buildings/validated/TN_VARDAH_2016_buildings.gpkg,39.35,13.043852365194802,80.27621143483323,PASS,none
TN_VARDAH_2016_066388,TN_VARDAH_2016,981e24097709ddb7,TRUE,TRUE,data/tamil_nadu/buildings/validated/TN_VARDAH_2016_buildings.gpkg,102.96,13.061829807731606,80.27780492148577,PASS,none
TN_VARDAH_2016_091134,TN_VARDAH_2016,d2a4ef6f14d82415,TRUE,TRUE,data/tamil_nadu/buildings/validated/TN_VARDAH_2016_buildings.gpkg,211.65,13.07570152079543,80.28355663254146,PASS,none
TN_VARDAH_2016_116033,TN_VARDAH_2016,612abc1915de7de6,TRUE,TRUE,data/tamil_nadu/buildings/validated/TN_VARDAH_2016_buildings.gpkg,249.45,13.084497732142783,80.27887807398204,PASS,none
TN_VARDAH_2016_116066,TN_VARDAH_2016,bb5120f9a54b0374,TRUE,TRUE,data/tamil_nadu/buildings/validated/TN_VARDAH_2016_buildings.gpkg,66.21,13.098169280540723,80.28209850398925,PASS,none
TN_VARDAH_2016_143638,TN_VARDAH_2016,b73834c2011eaf47,TRUE,TRUE,data/tamil_nadu/buildings/validated/TN_VARDAH_2016_buildings.gpkg,54.12,13.114835991663211,80.2849618412663,PASS,none
TN_VARDAH_2016_173332,TN_VARDAH_2016,27ab87c4fab42bc8,TRUE,TRUE,data/tamil_nadu/buildings/validated/TN_VARDAH_2016_buildings.gpkg,45.98,13.131279334928815,80.27634729979816,PASS,none
TN_VARDAH_2016_203013,TN_VARDAH_2016,ddeb882f4e4604d0,TRUE,TRUE,data/tamil_nadu/buildings/validated/TN_VARDAH_2016_buildings.gpkg,194.84,13.150859893499087,80.28131693785397,PASS,none
TN_VARDAH_2016_091834,TN_VARDAH_2016,288e2d58b4fbdf7f,TRUE,TRUE,data/tamil_nadu/buildings/validated/TN_VARDAH_2016_buildings.gpkg,479.21,13.071132668663436,80.2892543734183,PASS,none
TN_VARDAH_2016_116301,TN_VARDAH_2016,0882800db9947e29,TRUE,TRUE,data/tamil_nadu/buildings/validated/TN_VARDAH_2016_buildings.gpkg,56.76,13.092366973437942,80.28916055772528,PASS,none
TN_VARDAH_2016_116947,TN_VARDAH_2016,41fb750e21b3f465,TRUE,TRUE,data/tamil_nadu/buildings/validated/TN_VARDAH_2016_buildings.gpkg,92.6,13.099013816118534,80.28924053267032,PASS,none
TN_VARDAH_2016_144076,TN_VARDAH_2016,50a5f81daf8c94a8,TRUE,TRUE,data/tamil_nadu/buildings/validated/TN_VARDAH_2016_buildings.gpkg,121.36,13.113080132041636,80.28901117759497,PASS,none
TN_VARDAH_2016_173515,TN_VARDAH_2016,0a3f0c728d10eb5f,TRUE,TRUE,data/tamil_nadu/buildings/validated/TN_VARDAH_2016_buildings.gpkg,36.83,13.132183767524412,80.2894276494105,PASS,none
TN_VARDAH_2016_122057,TN_VARDAH_2016,384017314a5f248e,TRUE,TRUE,data/tamil_nadu/buildings/validated/TN_VARDAH_2016_buildings.gpkg,6.5,13.091338986183818,80.30285006028113,PASS,none
TN_VARDAH_2016_123529,TN_VARDAH_2016,0b40330e1ee9f60e,TRUE,TRUE,data/tamil_nadu/buildings/validated/TN_VARDAH_2016_buildings.gpkg,18.14,13.100098903883667,80.3039274995843,PASS,none
TN_VARDAH_2016_206168,TN_VARDAH_2016,44a446056d99d6fc,TRUE,TRUE,data/tamil_nadu/buildings/validated/TN_VARDAH_2016_buildings.gpkg,30.37,13.153912557717577,80.30247047978979,PASS,none
TN_VARDAH_2016_000014,TN_VARDAH_2016,9e2e425da7c00823,TRUE,TRUE,data/tamil_nadu/buildings/validated/TN_VARDAH_2016_buildings.gpkg,105.2,13.01949524328797,80.20356089526483,PASS,none
TN_VARDAH_2016_000072,TN_VARDAH_2016,b880b0aef9b5afe5,TRUE,TRUE,data/tamil_nadu/buildings/validated/TN_VARDAH_2016_buildings.gpkg,218.94,13.026493282121843,80.19966334329652,PASS,none
TN_VARDAH_2016_021834,TN_VARDAH_2016,ed91489f2f6ace23,TRUE,TRUE,data/tamil_nadu/buildings/validated/TN_VARDAH_2016_buildings.gpkg,99.07,13.039002480797182,80.20761802263907,PASS,none
TN_VARDAH_2016_046563,TN_VARDAH_2016,ee325ae0b3528ca4,TRUE,TRUE,data/tamil_nadu/buildings/validated/TN_VARDAH_2016_buildings.gpkg,45.18,13.056860474709072,80.20874471284391,PASS,none
TN_VARDAH_2016_071302,TN_VARDAH_2016,6fa4f23f4979303f,TRUE,TRUE,data/tamil_nadu/buildings/validated/TN_VARDAH_2016_buildings.gpkg,103.92,13.074705117212877,80.2018162209781,PASS,none
TN_VARDAH_2016_074137,TN_VARDAH_2016,9ceb499b480606ff,TRUE,TRUE,data/tamil_nadu/buildings/validated/TN_VARDAH_2016_buildings.gpkg,231.67,13.08267349348424,80.19888889767837,PASS,none
TN_VARDAH_2016_096264,TN_VARDAH_2016,8c0bb321d9129652,TRUE,TRUE,data/tamil_nadu/buildings/validated/TN_VARDAH_2016_buildings.gpkg,130.02,13.100159357900374,80.20121348746291,PASS,none
TN_VARDAH_2016_123815,TN_VARDAH_2016,a75ee70ee82a5dad,TRUE,TRUE,data/tamil_nadu/buildings/validated/TN_VARDAH_2016_buildings.gpkg,49.86,13.115749892477185,80.20548116870815,PASS,none
TN_VARDAH_2016_153542,TN_VARDAH_2016,471b7c795c1398d3,TRUE,TRUE,data/tamil_nadu/buildings/validated/TN_VARDAH_2016_buildings.gpkg,80.34,13.12958845832036,80.19868894043084,PASS,none
TN_VARDAH_2016_183201,TN_VARDAH_2016,54b2fa966cffb715,TRUE,TRUE,data/tamil_nadu/buildings/validated/TN_VARDAH_2016_buildings.gpkg,13.45,13.154804028967426,80.20239910864139,PASS,none
TN_VARDAH_2016_000055,TN_VARDAH_2016,11c3bc213819096e,TRUE,TRUE,data/tamil_nadu/buildings/validated/TN_VARDAH_2016_buildings.gpkg,598.18,13.014624799042489,80.2103321996495,PASS,none
TN_VARDAH_2016_000069,TN_VARDAH_2016,e53f6a2cf001b026,TRUE,TRUE,data/tamil_nadu/buildings/validated/TN_VARDAH_2016_buildings.gpkg,43.52,13.024986345800516,80.2122336383029,PASS,none
TN_VARDAH_2016_021889,TN_VARDAH_2016,ebcaae91f9794757,TRUE,TRUE,data/tamil_nadu/buildings/validated/TN_VARDAH_2016_buildings.gpkg,154.27,13.038303089146234,80.21007200404894,PASS,none
TN_VARDAH_2016_046588,TN_VARDAH_2016,52649ad6f41dada4,TRUE,TRUE,data/tamil_nadu/buildings/validated/TN_VARDAH_2016_buildings.gpkg,329.59,13.056218940850153,80.21007477023413,PASS,none
TN_VARDAH_2016_071297,TN_VARDAH_2016,25314b99994e578e,TRUE,TRUE,data/tamil_nadu/buildings/validated/TN_VARDAH_2016_buildings.gpkg,53.87,13.070935920823324,80.21264468902133,PASS,none
TN_VARDAH_2016_074190,TN_VARDAH_2016,e71da46a63eef7f1,TRUE,TRUE,data/tamil_nadu/buildings/validated/TN_VARDAH_2016_buildings.gpkg,169.1,13.08276548239682,80.21033408759305,PASS,none
TN_VARDAH_2016_096404,TN_VARDAH_2016,a76d562ce17abcbf,TRUE,TRUE,data/tamil_nadu/buildings/validated/TN_VARDAH_2016_buildings.gpkg,12.75,13.099737291512282,80.21376819307832,PASS,none
TN_VARDAH_2016_123838,TN_VARDAH_2016,e5d99469f7313926,TRUE,TRUE,data/tamil_nadu/buildings/validated/TN_VARDAH_2016_buildings.gpkg,61.61,13.114819223457856,80.20910843555932,PASS,none
TN_VARDAH_2016_153566,TN_VARDAH_2016,07c14e01a96aa4b3,TRUE,TRUE,data/tamil_nadu/buildings/validated/TN_VARDAH_2016_buildings.gpkg,68.49,13.130446504955705,80.21289393252782,PASS,none
TN_VARDAH_2016_183244,TN_VARDAH_2016,72d0030098e84dea,TRUE,TRUE,data/tamil_nadu/buildings/validated/TN_VARDAH_2016_buildings.gpkg,42.3,13.154111568456935,80.21151803271152,PASS,none
TN_VARDAH_2016_005076,TN_VARDAH_2016,cbbbe5eb5ffdd2e8,TRUE,TRUE,data/tamil_nadu/buildings/validated/TN_VARDAH_2016_buildings.gpkg,29.81,13.026323456988305,80.22564448932646,PASS,none
TN_VARDAH_2016_026788,TN_VARDAH_2016,ae65ae0adcc5eba4,TRUE,TRUE,data/tamil_nadu/buildings/validated/TN_VARDAH_2016_buildings.gpkg,85.69,13.03972804107886,80.23259681587345,PASS,none
TN_VARDAH_2016_051537,TN_VARDAH_2016,365a5cd3b6cec09c,TRUE,TRUE,data/tamil_nadu/buildings/validated/TN_VARDAH_2016_buildings.gpkg,150.48,13.062234070319953,80.22351257700976,PASS,none
TN_VARDAH_2016_085181,TN_VARDAH_2016,eb2307c403ed2aa5,TRUE,TRUE,data/tamil_nadu/buildings/validated/TN_VARDAH_2016_buildings.gpkg,116.95,13.082743944318752,80.23436136685785,PASS,none
TN_VARDAH_2016_101245,TN_VARDAH_2016,2e9c198c12fcd1ce,TRUE,TRUE,data/tamil_nadu/buildings/validated/TN_VARDAH_2016_buildings.gpkg,34.59,13.099710778952103,80.23209138709568,PASS,none
TN_VARDAH_2016_128764,TN_VARDAH_2016,812bbe473247edd2,TRUE,TRUE,data/tamil_nadu/buildings/validated/TN_VARDAH_2016_buildings.gpkg,148.8,13.116649988750316,80.2264170809226,PASS,none
TN_VARDAH_2016_158525,TN_VARDAH_2016,dc4960aabb7ae928,TRUE,TRUE,data/tamil_nadu/buildings/validated/TN_VARDAH_2016_buildings.gpkg,19.7,13.131474406567145,80.2314646761786,PASS,none
TN_VARDAH_2016_188137,TN_VARDAH_2016,9d928d8e1a6c28b7,TRUE,TRUE,data/tamil_nadu/buildings/validated/TN_VARDAH_2016_buildings.gpkg,20.6,13.153578619451196,80.2305356001369,PASS,none
TN_VARDAH_2016_009962,TN_VARDAH_2016,75ee0a77f8f8ea59,TRUE,TRUE,data/tamil_nadu/buildings/validated/TN_VARDAH_2016_buildings.gpkg,23.31,13.02229291399544,80.24416721996279,PASS,none
TN_VARDAH_2016_010030,TN_VARDAH_2016,ef1f35100cc5824a,TRUE,TRUE,data/tamil_nadu/buildings/validated/TN_VARDAH_2016_buildings.gpkg,283.3,13.025252666318961,80.24662106206834,PASS,none
TN_VARDAH_2016_031742,TN_VARDAH_2016,8a8a7ec2312ac9e7,TRUE,TRUE,data/tamil_nadu/buildings/validated/TN_VARDAH_2016_buildings.gpkg,130.18,13.045065614497286,80.2472786643112,PASS,none
TN_VARDAH_2016_056455,TN_VARDAH_2016,fb94e31bf16c6b64,TRUE,TRUE,data/tamil_nadu/buildings/validated/TN_VARDAH_2016_buildings.gpkg,90.12,13.056523522834683,80.24709558477154,PASS,none
TN_VARDAH_2016_081215,TN_VARDAH_2016,fcbab58ace74377a,TRUE,TRUE,data/tamil_nadu/buildings/validated/TN_VARDAH_2016_buildings.gpkg,72.66,13.072014497723863,80.24719632850598,PASS,none
TN_VARDAH_2016_106153,TN_VARDAH_2016,32c30d484abfe6cc,TRUE,TRUE,data/tamil_nadu/buildings/validated/TN_VARDAH_2016_buildings.gpkg,12.19,13.09367120185694,80.23801640618997,PASS,none
TN_VARDAH_2016_106217,TN_VARDAH_2016,7d271b29fdb5030c,TRUE,TRUE,data/tamil_nadu/buildings/validated/TN_VARDAH_2016_buildings.gpkg,46.97,13.101412982214415,80.24245101882148,PASS,none
TN_VARDAH_2016_133723,TN_VARDAH_2016,e4111f02d4dba912,TRUE,TRUE,data/tamil_nadu/buildings/validated/TN_VARDAH_2016_buildings.gpkg,30.59,13.11322330244273,80.24533884143506,PASS,none
TN_VARDAH_2016_163445,TN_VARDAH_2016,c8212eafdf795547,TRUE,TRUE,data/tamil_nadu/buildings/validated/TN_VARDAH_2016_buildings.gpkg,86.24,13.137829196666898,80.24792430693677,PASS,none
TN_VARDAH_2016_193136,TN_VARDAH_2016,f076069d8a0f4056,TRUE,TRUE,data/tamil_nadu/buildings/validated/TN_VARDAH_2016_buildings.gpkg,83.8,13.14648538661177,80.24804811031349,PASS,none
TN_VARDAH_2016_010002,TN_VARDAH_2016,657ceb10717f45d1,TRUE,TRUE,data/tamil_nadu/buildings/validated/TN_VARDAH_2016_buildings.gpkg,7.32,13.013430369780982,80.24917771043864,PASS,none
TN_VARDAH_2016_010204,TN_VARDAH_2016,c46c53c8c05b1025,TRUE,TRUE,data/tamil_nadu/buildings/validated/TN_VARDAH_2016_buildings.gpkg,43.61,13.026277377970214,80.25181226860659,PASS,none
TN_VARDAH_2016_031819,TN_VARDAH_2016,39485856c52dd24d,TRUE,TRUE,data/tamil_nadu/buildings/validated/TN_VARDAH_2016_buildings.gpkg,16.34,13.03818845432005,80.24948609039731,PASS,none
TN_VARDAH_2016_056497,TN_VARDAH_2016,5619464ea2d1e3b3,TRUE,TRUE,data/tamil_nadu/buildings/validated/TN_VARDAH_2016_buildings.gpkg,250.23,13.059201066729555,80.25115994626832,PASS,none
TN_VARDAH_2016_081272,TN_VARDAH_2016,ec075318a12d2eab,TRUE,TRUE,data/tamil_nadu/buildings/validated/TN_VARDAH_2016_buildings.gpkg,105.94,13.08208845568054,80.25029529998258,PASS,none
TN_VARDAH_2016_106173,TN_VARDAH_2016,a6aedd97c1ccdf00,TRUE,TRUE,data/tamil_nadu/buildings/validated/TN_VARDAH_2016_buildings.gpkg,30.96,13.084859476979585,80.25092418725237,PASS,none
TN_VARDAH_2016_106347,TN_VARDAH_2016,fcc3a7290a57124a,TRUE,TRUE,data/tamil_nadu/buildings/validated/TN_VARDAH_2016_buildings.gpkg,39.36,13.100132056169837,80.25041135018738,PASS,none
TN_VARDAH_2016_133784,TN_VARDAH_2016,09450ced77ba6980,TRUE,TRUE,data/tamil_nadu/buildings/validated/TN_VARDAH_2016_buildings.gpkg,120.75,13.117155127497202,80.24904791815753,PASS,none
TN_VARDAH_2016_163458,TN_VARDAH_2016,eeb01971334fe795,TRUE,TRUE,data/tamil_nadu/buildings/validated/TN_VARDAH_2016_buildings.gpkg,14.85,13.128754533255343,80.24937665972419,PASS,none
TN_VARDAH_2016_193165,TN_VARDAH_2016,d12aa20b61afac93,TRUE,TRUE,data/tamil_nadu/buildings/validated/TN_VARDAH_2016_buildings.gpkg,48.08,13.155294443075855,80.2495483419041,PASS,none
TN_VARDAH_2016_014967,TN_VARDAH_2016,12536fe23ab23ad6,TRUE,TRUE,data/tamil_nadu/buildings/validated/TN_VARDAH_2016_buildings.gpkg,119.54,13.022158128062303,80.26793111305581,PASS,none
TN_VARDAH_2016_014962,TN_VARDAH_2016,fb4f3928d9fffdd8,TRUE,TRUE,data/tamil_nadu/buildings/validated/TN_VARDAH_2016_buildings.gpkg,340.23,13.025535611782622,80.27042302528042,PASS,none
TN_VARDAH_2016_036716,TN_VARDAH_2016,98bc8ab651515868,TRUE,TRUE,data/tamil_nadu/buildings/validated/TN_VARDAH_2016_buildings.gpkg,94.65,13.040171962302582,80.2658474458027,PASS,none
TN_VARDAH_2016_061409,TN_VARDAH_2016,2b92f4ecb380b3c3,TRUE,TRUE,data/tamil_nadu/buildings/validated/TN_VARDAH_2016_buildings.gpkg,78.77,13.062526390323253,80.26739743102993,PASS,none
TN_VARDAH_2016_086164,TN_VARDAH_2016,fff581c1cdf9c9b3,TRUE,TRUE,data/tamil_nadu/buildings/validated/TN_VARDAH_2016_buildings.gpkg,104.37,13.081742666085402,80.2700263350069,PASS,none
TN_VARDAH_2016_111103,TN_VARDAH_2016,fb067cd1bcfd3c33,TRUE,TRUE,data/tamil_nadu/buildings/validated/TN_VARDAH_2016_buildings.gpkg,11.61,13.094160396448668,80.26679267579556,PASS,none
TN_VARDAH_2016_111198,TN_VARDAH_2016,e92109d6cbcfa113,TRUE,TRUE,data/tamil_nadu/buildings/validated/TN_VARDAH_2016_buildings.gpkg,19.45,13.09859071738117,80.26965980562062,PASS,none
TN_VARDAH_2016_138692,TN_VARDAH_2016,95ead1da01b69f1b,TRUE,TRUE,data/tamil_nadu/buildings/validated/TN_VARDAH_2016_buildings.gpkg,114.02,13.11468427835315,80.26442797387637,PASS,none
TN_VARDAH_2016_168450,TN_VARDAH_2016,ecd762773802fee2,TRUE,TRUE,data/tamil_nadu/buildings/validated/TN_VARDAH_2016_buildings.gpkg,19.93,13.129375686598426,80.26546174399141,PASS,none
TN_VARDAH_2016_019932,TN_VARDAH_2016,53f317ba60efe667,TRUE,TRUE,data/tamil_nadu/buildings/validated/TN_VARDAH_2016_buildings.gpkg,35.92,13.026128128241972,80.2784232394458,PASS,none
TN_VARDAH_2016_041729,TN_VARDAH_2016,18b35210138ddce1,TRUE,TRUE,data/tamil_nadu/buildings/validated/TN_VARDAH_2016_buildings.gpkg,23.45,13.044479130085515,80.2761201351548,PASS,none
TN_VARDAH_2016_066389,TN_VARDAH_2016,1de4c109ba72fdd7,TRUE,TRUE,data/tamil_nadu/buildings/validated/TN_VARDAH_2016_buildings.gpkg,68.25,13.059571985370935,80.28294240205305,PASS,none
TN_VARDAH_2016_091136,TN_VARDAH_2016,e4b851e1c06ae2bb,TRUE,TRUE,data/tamil_nadu/buildings/validated/TN_VARDAH_2016_buildings.gpkg,461.33,13.08264929773446,80.28121146196968,PASS,none
TN_VARDAH_2016_116034,TN_VARDAH_2016,f84d6d4b1e2dfee3,TRUE,TRUE,data/tamil_nadu/buildings/validated/TN_VARDAH_2016_buildings.gpkg,74.64,13.094141628189135,80.28852021273863,PASS,none
TN_VARDAH_2016_116068,TN_VARDAH_2016,b3af27783d03d706,TRUE,TRUE,data/tamil_nadu/buildings/validated/TN_VARDAH_2016_buildings.gpkg,200.74,13.097884227794415,80.2808461248572,PASS,none
TN_VARDAH_2016_143639,TN_VARDAH_2016,e82a234c2f6c427d,TRUE,TRUE,data/tamil_nadu/buildings/validated/TN_VARDAH_2016_buildings.gpkg,16.73,13.118174886758661,80.28581434446411,PASS,none
TN_VARDAH_2016_173333,TN_VARDAH_2016,76943a88ec6e7fa1,TRUE,TRUE,data/tamil_nadu/buildings/validated/TN_VARDAH_2016_buildings.gpkg,358.97,13.128011966700658,80.28572363750105,PASS,none
TN_VARDAH_2016_203015,TN_VARDAH_2016,37919a2f7bd51cb2,TRUE,TRUE,data/tamil_nadu/buildings/validated/TN_VARDAH_2016_buildings.gpkg,12.0,13.147616895743564,80.28529961854188,PASS,none
TN_VARDAH_2016_091996,TN_VARDAH_2016,d260f59fd0751233,TRUE,TRUE,data/tamil_nadu/buildings/validated/TN_VARDAH_2016_buildings.gpkg,17.54,13.074437892765781,80.28935743233572,PASS,none
TN_VARDAH_2016_116389,TN_VARDAH_2016,662145f1d76bdef0,TRUE,TRUE,data/tamil_nadu/buildings/validated/TN_VARDAH_2016_buildings.gpkg,1143.18,13.089059154473551,80.2892428339994,PASS,none
TN_VARDAH_2016_116976,TN_VARDAH_2016,82518e40533c6763,TRUE,TRUE,data/tamil_nadu/buildings/validated/TN_VARDAH_2016_buildings.gpkg,179.54,13.101115712387367,80.2891061338308,PASS,none
TN_VARDAH_2016_144106,TN_VARDAH_2016,8acabfe0bacb0a72,TRUE,TRUE,data/tamil_nadu/buildings/validated/TN_VARDAH_2016_buildings.gpkg,181.81,13.114021438665764,80.28927217473847,PASS,none
TN_VARDAH_2016_173527,TN_VARDAH_2016,4578f7f36c5fecae,TRUE,TRUE,data/tamil_nadu/buildings/validated/TN_VARDAH_2016_buildings.gpkg,38.59,13.13461659943609,80.28903791007043,PASS,none
TN_VARDAH_2016_203179,TN_VARDAH_2016,9c1866b2860b1962,TRUE,TRUE,data/tamil_nadu/buildings/validated/TN_VARDAH_2016_buildings.gpkg,166.68,13.156529671341097,80.28907587982452,PASS,none
TN_VARDAH_2016_122127,TN_VARDAH_2016,345923915d8e6ac3,TRUE,TRUE,data/tamil_nadu/buildings/validated/TN_VARDAH_2016_buildings.gpkg,184.94,13.095866724746967,80.30283633218144,PASS,none
TN_VARDAH_2016_148992,TN_VARDAH_2016,b9de650bccb5e09e,TRUE,TRUE,data/tamil_nadu/buildings/validated/TN_VARDAH_2016_buildings.gpkg,43.53,13.107110227177346,80.30397886755915,PASS,none
TN_VARDAH_2016_000015,TN_VARDAH_2016,efe711ac97565cfd,TRUE,TRUE,data/tamil_nadu/buildings/validated/TN_VARDAH_2016_buildings.gpkg,107.24,13.017734965866804,80.20179615977729,PASS,none
TN_VARDAH_2016_000081,TN_VARDAH_2016,c20a082379d1e874,TRUE,TRUE,data/tamil_nadu/buildings/validated/TN_VARDAH_2016_buildings.gpkg,25.51,13.02385559286119,80.20239809595648,PASS,none
TN_VARDAH_2016_021836,TN_VARDAH_2016,770792824661aa98,TRUE,TRUE,data/tamil_nadu/buildings/validated/TN_VARDAH_2016_buildings.gpkg,19.19,13.04177910716326,80.19700568202862,PASS,none
TN_VARDAH_2016_046567,TN_VARDAH_2016,956c947b13956a98,TRUE,TRUE,data/tamil_nadu/buildings/validated/TN_VARDAH_2016_buildings.gpkg,79.82,13.054824148364771,80.19627045076625,PASS,none
TN_VARDAH_2016_071305,TN_VARDAH_2016,775a5f087903943f,TRUE,TRUE,data/tamil_nadu/buildings/validated/TN_VARDAH_2016_buildings.gpkg,96.79,13.071627250315686,80.19770291821351,PASS,none
TN_VARDAH_2016_074358,TN_VARDAH_2016,2d6f0769c273d64f,TRUE,TRUE,data/tamil_nadu/buildings/validated/TN_VARDAH_2016_buildings.gpkg,47.21,13.082698262389867,80.19939795413866,PASS,none
TN_VARDAH_2016_096266,TN_VARDAH_2016,052df9a2c84ed566,TRUE,TRUE,data/tamil_nadu/buildings/validated/TN_VARDAH_2016_buildings.gpkg,54.88,13.09948533766887,80.19883755102067,PASS,none
TN_VARDAH_2016_123819,TN_VARDAH_2016,7735cd7022ced955,TRUE,TRUE,data/tamil_nadu/buildings/validated/TN_VARDAH_2016_buildings.gpkg,74.51,13.115974711590539,80.20643797527644,PASS,none
TN_VARDAH_2016_153545,TN_VARDAH_2016,c44f35c1150f26be,TRUE,TRUE,data/tamil_nadu/buildings/validated/TN_VARDAH_2016_buildings.gpkg,68.71,13.134521061945893,80.20218858154126,PASS,none
TN_VARDAH_2016_183203,TN_VARDAH_2016,039a72ffbf76455f,TRUE,TRUE,data/tamil_nadu/buildings/validated/TN_VARDAH_2016_buildings.gpkg,16.25,13.150297661419899,80.20460898800184,PASS,none
TN_VARDAH_2016_000094,TN_VARDAH_2016,317ce71c12f7a1be,TRUE,TRUE,data/tamil_nadu/buildings/validated/TN_VARDAH_2016_buildings.gpkg,52.35,13.025568525558253,80.21350033576076,PASS,none
TN_VARDAH_2016_021908,TN_VARDAH_2016,d5040f442d70cc97,TRUE,TRUE,data/tamil_nadu/buildings/validated/TN_VARDAH_2016_buildings.gpkg,105.3,13.042215948160438,80.21422035794127,PASS,none
TN_VARDAH_2016_046590,TN_VARDAH_2016,ac4e00cbc4020592,TRUE,TRUE,data/tamil_nadu/buildings/validated/TN_VARDAH_2016_buildings.gpkg,198.97,13.05368328530382,80.21202006915098,PASS,none
TN_VARDAH_2016_071301,TN_VARDAH_2016,a5e8f2fd552d8b10,TRUE,TRUE,data/tamil_nadu/buildings/validated/TN_VARDAH_2016_buildings.gpkg,44.6,13.069953895451485,80.21404230617391,PASS,none
TN_VARDAH_2016_075329,TN_VARDAH_2016,2d156dafdaf0c645,TRUE,TRUE,data/tamil_nadu/buildings/validated/TN_VARDAH_2016_buildings.gpkg,348.95,13.082730031901404,80.21061953319133,PASS,none
TN_VARDAH_2016_096420,TN_VARDAH_2016,4891725d13ea1cf2,TRUE,TRUE,data/tamil_nadu/buildings/validated/TN_VARDAH_2016_buildings.gpkg,20.07,13.098368192065912,80.21153879243123,PASS,none
TN_VARDAH_2016_123859,TN_VARDAH_2016,18192df59bb7b1b3,TRUE,TRUE,data/tamil_nadu/buildings/validated/TN_VARDAH_2016_buildings.gpkg,31.18,13.114016465440631,80.21218891158577,PASS,none
TN_VARDAH_2016_153570,TN_VARDAH_2016,c04eb60140d76b3c,TRUE,TRUE,data/tamil_nadu/buildings/validated/TN_VARDAH_2016_buildings.gpkg,48.34,13.130926370282719,80.2088874989268,PASS,none
TN_VARDAH_2016_183247,TN_VARDAH_2016,5c8e2a52e495de56,TRUE,TRUE,data/tamil_nadu/buildings/validated/TN_VARDAH_2016_buildings.gpkg,76.99,13.15764658425272,80.21110800146805,PASS,none
TN_VARDAH_2016_005012,TN_VARDAH_2016,999f666dc047bd73,TRUE,TRUE,data/tamil_nadu/buildings/validated/TN_VARDAH_2016_buildings.gpkg,174.39,13.019791546127564,80.22668857135652,PASS,none
TN_VARDAH_2016_005079,TN_VARDAH_2016,559dccb9f3402434,TRUE,TRUE,data/tamil_nadu/buildings/validated/TN_VARDAH_2016_buildings.gpkg,138.15,13.024311018589609,80.2225901720121,PASS,none
TN_VARDAH_2016_026794,TN_VARDAH_2016,57e521b950ebf094,TRUE,TRUE,data/tamil_nadu/buildings/validated/TN_VARDAH_2016_buildings.gpkg,52.81,13.04378314008006,80.22562072544707,PASS,none
TN_VARDAH_2016_051539,TN_VARDAH_2016,59bb5886f33fbe95,TRUE,TRUE,data/tamil_nadu/buildings/validated/TN_VARDAH_2016_buildings.gpkg,327.09,13.061984854809511,80.22918088970901,PASS,none
TN_VARDAH_2016_076279,TN_VARDAH_2016,175d4c5480678117,TRUE,TRUE,data/tamil_nadu/buildings/validated/TN_VARDAH_2016_buildings.gpkg,593.25,13.071081771567613,80.2226153402178,PASS,none
TN_VARDAH_2016_101186,TN_VARDAH_2016,b4cdefd0129d75bf,TRUE,TRUE,data/tamil_nadu/buildings/validated/TN_VARDAH_2016_buildings.gpkg,66.02,13.088323760165443,80.22411365262803,PASS,none
TN_VARDAH_2016_101249,TN_VARDAH_2016,69f869a3a10b7693,TRUE,TRUE,data/tamil_nadu/buildings/validated/TN_VARDAH_2016_buildings.gpkg,148.82,13.099393116676643,80.2299703108709,PASS,none
TN_VARDAH_2016_128766,TN_VARDAH_2016,f14894eecf5c5714,TRUE,TRUE,data/tamil_nadu/buildings/validated/TN_VARDAH_2016_buildings.gpkg,153.15,13.115321912088072,80.22673707054247,PASS,none
TN_VARDAH_2016_158527,TN_VARDAH_2016,6bc95f55490052bc,TRUE,TRUE,data/tamil_nadu/buildings/validated/TN_VARDAH_2016_buildings.gpkg,39.47,13.131773723436579,80.23094275069445,PASS,none
TN_VARDAH_2016_188138,TN_VARDAH_2016,ab1ab02da40a91f9,TRUE,TRUE,data/tamil_nadu/buildings/validated/TN_VARDAH_2016_buildings.gpkg,31.54,13.152683618207224,80.2286917163347,PASS,none
TN_VARDAH_2016_009963,TN_VARDAH_2016,e709fa22f7ea3886,TRUE,TRUE,data/tamil_nadu/buildings/validated/TN_VARDAH_2016_buildings.gpkg,84.06,13.012828134398704,80.24521573694358,PASS,none
TN_VARDAH_2016_010033,TN_VARDAH_2016,dca442d716fac18d,TRUE,TRUE,data/tamil_nadu/buildings/validated/TN_VARDAH_2016_buildings.gpkg,116.64,13.026192354610156,80.23645386884397,PASS,none
TN_VARDAH_2016_031744,TN_VARDAH_2016,78d1c267c20cfb91,TRUE,TRUE,data/tamil_nadu/buildings/validated/TN_VARDAH_2016_buildings.gpkg,139.8,13.040598218153518,80.24307770484192,PASS,none
TN_VARDAH_2016_056458,TN_VARDAH_2016,633c2b7bb135ebf1,TRUE,TRUE,data/tamil_nadu/buildings/validated/TN_VARDAH_2016_buildings.gpkg,43.91,13.053258908492328,80.23804733526069,PASS,none
TN_VARDAH_2016_081217,TN_VARDAH_2016,dc19cfb5810edf45,TRUE,TRUE,data/tamil_nadu/buildings/validated/TN_VARDAH_2016_buildings.gpkg,129.65,13.073093009379669,80.23789530414108,PASS,none
TN_VARDAH_2016_106154,TN_VARDAH_2016,bf5f2c29af796893,TRUE,TRUE,data/tamil_nadu/buildings/validated/TN_VARDAH_2016_buildings.gpkg,51.46,13.086242162784634,80.2408368205447,PASS,none
TN_VARDAH_2016_106226,TN_VARDAH_2016,909c76e85e4acca6,TRUE,TRUE,data/tamil_nadu/buildings/validated/TN_VARDAH_2016_buildings.gpkg,100.85,13.097795982830503,80.24055700089285,PASS,none
TN_VARDAH_2016_133724,TN_VARDAH_2016,7ebcd32b21cdec65,TRUE,TRUE,data/tamil_nadu/buildings/validated/TN_VARDAH_2016_buildings.gpkg,28.33,13.11687810433776,80.24148898555171,PASS,none
TN_VARDAH_2016_163447,TN_VARDAH_2016,4d4bc79257af96ce,TRUE,TRUE,data/tamil_nadu/buildings/validated/TN_VARDAH_2016_buildings.gpkg,45.6,13.13216082968786,80.24619553652171,PASS,none
TN_VARDAH_2016_193140,TN_VARDAH_2016,12f23754069036f3,TRUE,TRUE,data/tamil_nadu/buildings/validated/TN_VARDAH_2016_buildings.gpkg,94.34,13.150976619464927,80.2481965267236,PASS,none
TN_VARDAH_2016_010015,TN_VARDAH_2016,98140c9c0f898b4f,TRUE,TRUE,data/tamil_nadu/buildings/validated/TN_VARDAH_2016_buildings.gpkg,123.7,13.008014951098854,80.2495154387552,PASS,none
TN_VARDAH_2016_010209,TN_VARDAH_2016,45cd6fd86e70b6d6,TRUE,TRUE,data/tamil_nadu/buildings/validated/TN_VARDAH_2016_buildings.gpkg,47.14,13.025948374488143,80.25134790788991,PASS,none
TN_VARDAH_2016_031823,TN_VARDAH_2016,d2b5117f7015ec02,TRUE,TRUE,data/tamil_nadu/buildings/validated/TN_VARDAH_2016_buildings.gpkg,56.81,13.041145097788357,80.24969318397774,PASS,none
TN_VARDAH_2016_056502,TN_VARDAH_2016,c550f4e68601c49d,TRUE,TRUE,data/tamil_nadu/buildings/validated/TN_VARDAH_2016_buildings.gpkg,293.68,13.063831816321509,80.24911059284686,PASS,none
TN_VARDAH_2016_081279,TN_VARDAH_2016,30b21a1b56168931,TRUE,TRUE,data/tamil_nadu/buildings/validated/TN_VARDAH_2016_buildings.gpkg,29.49,13.08087834141288,80.25048562348371,PASS,none
TN_VARDAH_2016_106182,TN_VARDAH_2016,8222c07f136536d3,TRUE,TRUE,data/tamil_nadu/buildings/validated/TN_VARDAH_2016_buildings.gpkg,191.64,13.094089621801755,80.25164242554129,PASS,none
TN_VARDAH_2016_106450,TN_VARDAH_2016,4f2632db4722284d,TRUE,TRUE,data/tamil_nadu/buildings/validated/TN_VARDAH_2016_buildings.gpkg,61.02,13.099971030174702,80.24998430340452,PASS,none
TN_VARDAH_2016_133785,TN_VARDAH_2016,e961e7e288051164,TRUE,TRUE,data/tamil_nadu/buildings/validated/TN_VARDAH_2016_buildings.gpkg,66.77,13.119070449609112,80.24988115592913,PASS,none
TN_VARDAH_2016_163469,TN_VARDAH_2016,6eee57343b749955,TRUE,TRUE,data/tamil_nadu/buildings/validated/TN_VARDAH_2016_buildings.gpkg,43.97,13.133801326897697,80.25065890794264,PASS,none
TN_VARDAH_2016_193168,TN_VARDAH_2016,ea8ea49b8f888da2,TRUE,TRUE,data/tamil_nadu/buildings/validated/TN_VARDAH_2016_buildings.gpkg,129.27,13.152436638020804,80.24929543114735,PASS,none
TN_VARDAH_2016_014983,TN_VARDAH_2016,06548ab53d3698dd,TRUE,TRUE,data/tamil_nadu/buildings/validated/TN_VARDAH_2016_buildings.gpkg,1170.94,13.0215593314577,80.27010542111258,PASS,none
TN_VARDAH_2016_036720,TN_VARDAH_2016,1ec28476fee6822c,TRUE,TRUE,data/tamil_nadu/buildings/validated/TN_VARDAH_2016_buildings.gpkg,92.46,13.040500284624622,80.26533327446008,PASS,none
TN_VARDAH_2016_061411,TN_VARDAH_2016,fa4a786f6ef22906,TRUE,TRUE,data/tamil_nadu/buildings/validated/TN_VARDAH_2016_buildings.gpkg,147.2,13.058693119526064,80.27036605805135,PASS,none
TN_VARDAH_2016_086165,TN_VARDAH_2016,042c9ddaea0f0b71,TRUE,TRUE,data/tamil_nadu/buildings/validated/TN_VARDAH_2016_buildings.gpkg,70.06,13.074039109158202,80.26808308122152,PASS,none
TN_VARDAH_2016_111105,TN_VARDAH_2016,2d42772ca2d752c4,TRUE,TRUE,data/tamil_nadu/buildings/validated/TN_VARDAH_2016_buildings.gpkg,87.96,13.084858126985974,80.26760349859826,PASS,none
TN_VARDAH_2016_111230,TN_VARDAH_2016,8eee3bcc8d5d9afb,TRUE,TRUE,data/tamil_nadu/buildings/validated/TN_VARDAH_2016_buildings.gpkg,40.78,13.101221355551008,80.26432053477077,PASS,none
TN_VARDAH_2016_168455,TN_VARDAH_2016,6018a6cef0e5e36a,TRUE,TRUE,data/tamil_nadu/buildings/validated/TN_VARDAH_2016_buildings.gpkg,32.07,13.12874184761321,80.26788944936416,PASS,none
TN_VARDAH_2016_198174,TN_VARDAH_2016,831c72bacac2121b,TRUE,TRUE,data/tamil_nadu/buildings/validated/TN_VARDAH_2016_buildings.gpkg,21.23,13.152331845932302,80.27008707905331,PASS,none
TN_VARDAH_2016_019897,TN_VARDAH_2016,7176ad5447ed3e3e,TRUE,TRUE,data/tamil_nadu/buildings/validated/TN_VARDAH_2016_buildings.gpkg,41.95,13.019803495077934,80.2779856567727,PASS,none
TN_VARDAH_2016_019933,TN_VARDAH_2016,27ed4cd708e4c4fc,TRUE,TRUE,data/tamil_nadu/buildings/validated/TN_VARDAH_2016_buildings.gpkg,79.78,13.025282679587347,80.27843661609039,PASS,none
TN_VARDAH_2016_041747,TN_VARDAH_2016,433015c8a3f1df53,TRUE,TRUE,data/tamil_nadu/buildings/validated/TN_VARDAH_2016_buildings.gpkg,245.09,13.038235473275419,80.27998469057378,PASS,none
TN_VARDAH_2016_066394,TN_VARDAH_2016,8390725bc225273d,TRUE,TRUE,data/tamil_nadu/buildings/validated/TN_VARDAH_2016_buildings.gpkg,126.03,13.057477592314061,80.2775463464958,PASS,none
TN_VARDAH_2016_091139,TN_VARDAH_2016,3a8471353d94d9a9,TRUE,TRUE,data/tamil_nadu/buildings/validated/TN_VARDAH_2016_buildings.gpkg,51.27,13.080655956961714,80.27778432883674,PASS,none
TN_VARDAH_2016_116035,TN_VARDAH_2016,22b2a029e1757a0e,TRUE,TRUE,data/tamil_nadu/buildings/validated/TN_VARDAH_2016_buildings.gpkg,336.54,13.092540596537965,80.27833035056011,PASS,none
TN_VARDAH_2016_143640,TN_VARDAH_2016,28773a641b9d82cd,TRUE,TRUE,data/tamil_nadu/buildings/validated/TN_VARDAH_2016_buildings.gpkg,111.51,13.117337416116571,80.28769718599824,PASS,none
TN_VARDAH_2016_173336,TN_VARDAH_2016,1f33a21aedad8fea,TRUE,TRUE,data/tamil_nadu/buildings/validated/TN_VARDAH_2016_buildings.gpkg,53.36,13.137073072545586,80.27794436654875,PASS,none
TN_VARDAH_2016_203016,TN_VARDAH_2016,5b99fdb5dd2185c0,TRUE,TRUE,data/tamil_nadu/buildings/validated/TN_VARDAH_2016_buildings.gpkg,13.8,13.152432947664874,80.28213011682419,PASS,none
TN_VARDAH_2016_092053,TN_VARDAH_2016,a6cccdba583ab68b,TRUE,TRUE,data/tamil_nadu/buildings/validated/TN_VARDAH_2016_buildings.gpkg,174.05,13.0826083215858,80.28942359976244,PASS,none
TN_VARDAH_2016_116543,TN_VARDAH_2016,1bbfdd9d0d359f63,TRUE,TRUE,data/tamil_nadu/buildings/validated/TN_VARDAH_2016_buildings.gpkg,39.69,13.092782551320852,80.28938494125583,PASS,none
TN_VARDAH_2016_117225,TN_VARDAH_2016,5baa5d4286a8d78e,TRUE,TRUE,data/tamil_nadu/buildings/validated/TN_VARDAH_2016_buildings.gpkg,115.83,13.099456073689995,80.28906480198249,PASS,none
TN_VARDAH_2016_144137,TN_VARDAH_2016,518d3747e357e98e,TRUE,TRUE,data/tamil_nadu/buildings/validated/TN_VARDAH_2016_buildings.gpkg,41.39,13.113536191676431,80.28937805340367,PASS,none
TN_VARDAH_2016_173558,TN_VARDAH_2016,f4e872a827f5406c,TRUE,TRUE,data/tamil_nadu/buildings/validated/TN_VARDAH_2016_buildings.gpkg,49.84,13.132022434800868,80.28900865916262,PASS,none
TN_VARDAH_2016_203204,TN_VARDAH_2016,a8091744e8fd2441,TRUE,TRUE,data/tamil_nadu/buildings/validated/TN_VARDAH_2016_buildings.gpkg,253.04,13.156028365552864,80.28896167691518,PASS,none
TN_VARDAH_2016_122228,TN_VARDAH_2016,ef9ac38aade3edd0,TRUE,TRUE,data/tamil_nadu/buildings/validated/TN_VARDAH_2016_buildings.gpkg,13.44,13.096250184694158,80.30342008672687,PASS,none
TN_VARDAH_2016_149102,TN_VARDAH_2016,d91d86abd805c310,TRUE,TRUE,data/tamil_nadu/buildings/validated/TN_VARDAH_2016_buildings.gpkg,34.18,13.109232614914715,80.30360462500047,PASS,none
TN_VARDAH_2016_206176,TN_VARDAH_2016,ee685618b941d42e,TRUE,TRUE,data/tamil_nadu/buildings/validated/TN_VARDAH_2016_buildings.gpkg,82.02,13.153441568154443,80.30262533499958,PASS,none
TN_VARDAH_2016_000017,TN_VARDAH_2016,63292fb65c8f196e,TRUE,TRUE,data/tamil_nadu/buildings/validated/TN_VARDAH_2016_buildings.gpkg,112.11,13.017978105945161,80.20457155261509,PASS,none
TN_VARDAH_2016_000087,TN_VARDAH_2016,63601f880e59b50f,TRUE,TRUE,data/tamil_nadu/buildings/validated/TN_VARDAH_2016_buildings.gpkg,120.55,13.025250196192088,80.20239168546601,PASS,none
TN_VARDAH_2016_021839,TN_VARDAH_2016,a96af940e7017dd9,TRUE,TRUE,data/tamil_nadu/buildings/validated/TN_VARDAH_2016_buildings.gpkg,56.25,13.037715173887078,80.2075428777391,PASS,none
TN_VARDAH_2016_046570,TN_VARDAH_2016,402d5de42bb4524f,TRUE,TRUE,data/tamil_nadu/buildings/validated/TN_VARDAH_2016_buildings.gpkg,171.34,13.05344612301556,80.20442304202881,PASS,none
TN_VARDAH_2016_071306,TN_VARDAH_2016,b153e57cca496889,TRUE,TRUE,data/tamil_nadu/buildings/validated/TN_VARDAH_2016_buildings.gpkg,47.06,13.076077915050261,80.19694762433855,PASS,none
TN_VARDAH_2016_075402,TN_VARDAH_2016,28d738a12965bf2d,TRUE,TRUE,data/tamil_nadu/buildings/validated/TN_VARDAH_2016_buildings.gpkg,105.66,13.08266677256434,80.1990793735,PASS,none
TN_VARDAH_2016_096269,TN_VARDAH_2016,176d2e35622d4db0,TRUE,TRUE,data/tamil_nadu/buildings/validated/TN_VARDAH_2016_buildings.gpkg,28.25,13.101011410886338,80.20081385741896,PASS,none
TN_VARDAH_2016_123821,TN_VARDAH_2016,be6030ad0b3e38af,TRUE,TRUE,data/tamil_nadu/buildings/validated/TN_VARDAH_2016_buildings.gpkg,212.23,13.117515640023377,80.20727592296313,PASS,none
TN_VARDAH_2016_153548,TN_VARDAH_2016,1451823adcadc5db,TRUE,TRUE,data/tamil_nadu/buildings/validated/TN_VARDAH_2016_buildings.gpkg,153.71,13.130540891352632,80.1996648648887,PASS,none
TN_VARDAH_2016_183207,TN_VARDAH_2016,5ecba8589c0b97e3,TRUE,TRUE,data/tamil_nadu/buildings/validated/TN_VARDAH_2016_buildings.gpkg,83.62,13.14376165230649,80.20420187983194,PASS,none
TN_VARDAH_2016_000070,TN_VARDAH_2016,31c620f48b4f754f,TRUE,TRUE,data/tamil_nadu/buildings/validated/TN_VARDAH_2016_buildings.gpkg,38.97,13.009130201210974,80.21340065286748,PASS,none
TN_VARDAH_2016_000095,TN_VARDAH_2016,100b9595b7a34e11,TRUE,TRUE,data/tamil_nadu/buildings/validated/TN_VARDAH_2016_buildings.gpkg,81.29,13.025697168325394,80.21219849545555,PASS,none
TN_VARDAH_2016_021910,TN_VARDAH_2016,0f791e8020322b5a,TRUE,TRUE,data/tamil_nadu/buildings/validated/TN_VARDAH_2016_buildings.gpkg,188.32,13.04390252612469,80.20976652632034,PASS,none
TN_VARDAH_2016_046593,TN_VARDAH_2016,9a2c0c5126e1e35d,TRUE,TRUE,data/tamil_nadu/buildings/validated/TN_VARDAH_2016_buildings.gpkg,41.33,13.059542947170021,80.2124897360354,PASS,none
TN_VARDAH_2016_071312,TN_VARDAH_2016,c93a875740cc00ea,TRUE,TRUE,data/tamil_nadu/buildings/validated/TN_VARDAH_2016_buildings.gpkg,57.54,13.067776622318327,80.2130671044628,PASS,none
TN_VARDAH_2016_076069,TN_VARDAH_2016,e3b4a6b15e9795b8,TRUE,TRUE,data/tamil_nadu/buildings/validated/TN_VARDAH_2016_buildings.gpkg,109.17,13.082701088069928,80.20924245532406,PASS,none
TN_VARDAH_2016_096456,TN_VARDAH_2016,a0b841184639b825,TRUE,TRUE,data/tamil_nadu/buildings/validated/TN_VARDAH_2016_buildings.gpkg,45.22,13.099231971551381,80.21410317837098,PASS,none
TN_VARDAH_2016_123864,TN_VARDAH_2016,b6b943f97985a7bb,TRUE,TRUE,data/tamil_nadu/buildings/validated/TN_VARDAH_2016_buildings.gpkg,52.57,13.117079094299623,80.21327643250986,PASS,none
TN_VARDAH_2016_153584,TN_VARDAH_2016,270a3e19d9526589,TRUE,TRUE,data/tamil_nadu/buildings/validated/TN_VARDAH_2016_buildings.gpkg,27.73,13.130897069453214,80.20921612744881,PASS,none
TN_VARDAH_2016_183254,TN_VARDAH_2016,a6e0ea4184547812,TRUE,TRUE,data/tamil_nadu/buildings/validated/TN_VARDAH_2016_buildings.gpkg,108.04,13.156230657625505,80.21058591853664,PASS,none
TN_VARDAH_2016_005015,TN_VARDAH_2016,c459f638b5225a0c,TRUE,TRUE,data/tamil_nadu/buildings/validated/TN_VARDAH_2016_buildings.gpkg,31.98,13.01905885939918,80.22410500842324,PASS,none
TN_VARDAH_2016_005082,TN_VARDAH_2016,ed4e46ce831c9f24,TRUE,TRUE,data/tamil_nadu/buildings/validated/TN_VARDAH_2016_buildings.gpkg,87.24,13.023292247980956,80.2257172912582,PASS,none
TN_VARDAH_2016_026800,TN_VARDAH_2016,e0df3fe6be7c7993,TRUE,TRUE,data/tamil_nadu/buildings/validated/TN_VARDAH_2016_buildings.gpkg,82.03,13.042677386826664,80.22365456861301,PASS,none
TN_VARDAH_2016_051543,TN_VARDAH_2016,6fe79b948028c310,TRUE,TRUE,data/tamil_nadu/buildings/validated/TN_VARDAH_2016_buildings.gpkg,32.51,13.062054269889387,80.2251310154867,PASS,none
TN_VARDAH_2016_076280,TN_VARDAH_2016,12443d3821ec8d24,TRUE,TRUE,data/tamil_nadu/buildings/validated/TN_VARDAH_2016_buildings.gpkg,251.02,13.079970595703855,80.22612863908587,PASS,none
TN_VARDAH_2016_101188,TN_VARDAH_2016,76864c735a7fc232,TRUE,TRUE,data/tamil_nadu/buildings/validated/TN_VARDAH_2016_buildings.gpkg,52.3,13.089811510905093,80.23076211716035,PASS,none
TN_VARDAH_2016_101261,TN_VARDAH_2016,2ce17761cbf8a647,TRUE,TRUE,data/tamil_nadu/buildings/validated/TN_VARDAH_2016_buildings.gpkg,33.82,13.097990086720877,80.2268451966288,PASS,none
TN_VARDAH_2016_128768,TN_VARDAH_2016,35180b1be046821e,TRUE,TRUE,data/tamil_nadu/buildings/validated/TN_VARDAH_2016_buildings.gpkg,6.96,13.116969531830225,80.22329517908993,PASS,none
TN_VARDAH_2016_188139,TN_VARDAH_2016,f9afcd74d03622bc,TRUE,TRUE,data/tamil_nadu/buildings/validated/TN_VARDAH_2016_buildings.gpkg,25.44,13.14796327796681,80.22702861210958,PASS,none
TN_VARDAH_2016_009964,TN_VARDAH_2016,9b5630c2f48e67d1,TRUE,TRUE,data/tamil_nadu/buildings/validated/TN_VARDAH_2016_buildings.gpkg,36.51,13.01361863971154,80.2487110071204,PASS,none
TN_VARDAH_2016_010034,TN_VARDAH_2016,a2831e5d594da6e1,TRUE,TRUE,data/tamil_nadu/buildings/validated/TN_VARDAH_2016_buildings.gpkg,167.77,13.024443747738097,80.2406526408538,PASS,none
TN_VARDAH_2016_031747,TN_VARDAH_2016,57a9e25fcab180e6,TRUE,TRUE,data/tamil_nadu/buildings/validated/TN_VARDAH_2016_buildings.gpkg,22.21,13.042886853116228,80.23725534313968,PASS,none
TN_VARDAH_2016_081220,TN_VARDAH_2016,fd986e8c67694f5d,TRUE,TRUE,data/tamil_nadu/buildings/validated/TN_VARDAH_2016_buildings.gpkg,25.7,13.070486078049644,80.2407489011695,PASS,none
TN_VARDAH_2016_106156,TN_VARDAH_2016,277c34aa285dc850,TRUE,TRUE,data/tamil_nadu/buildings/validated/TN_VARDAH_2016_buildings.gpkg,54.77,13.090033505558713,80.24552332126869,PASS,none
TN_VARDAH_2016_106236,TN_VARDAH_2016,5069ea5a5eb4ccd2,TRUE,TRUE,data/tamil_nadu/buildings/validated/TN_VARDAH_2016_buildings.gpkg,40.54,13.100650664971468,80.24225487991743,PASS,none
TN_VARDAH_2016_133728,TN_VARDAH_2016,85a98abdfbb40e12,TRUE,TRUE,data/tamil_nadu/buildings/validated/TN_VARDAH_2016_buildings.gpkg,86.67,13.119089946570003,80.24859406270822,PASS,none
TN_VARDAH_2016_163454,TN_VARDAH_2016,176f29c478991cc8,TRUE,TRUE,data/tamil_nadu/buildings/validated/TN_VARDAH_2016_buildings.gpkg,219.28,13.136510099103463,80.24266989145886,PASS,none
TN_VARDAH_2016_193143,TN_VARDAH_2016,45d4a61ee3bbf5a9,TRUE,TRUE,data/tamil_nadu/buildings/validated/TN_VARDAH_2016_buildings.gpkg,111.44,13.153743756920939,80.24742211267203,PASS,none
TN_VARDAH_2016_010025,TN_VARDAH_2016,0e0fbeee4b8f700b,TRUE,TRUE,data/tamil_nadu/buildings/validated/TN_VARDAH_2016_buildings.gpkg,383.83,13.010246634820433,80.25058481454643,PASS,none
TN_VARDAH_2016_010247,TN_VARDAH_2016,59a1d93be413f134,TRUE,TRUE,data/tamil_nadu/buildings/validated/TN_VARDAH_2016_buildings.gpkg,65.69,13.025955752011301,80.24967386471693,PASS,none
TN_VARDAH_2016_031834,TN_VARDAH_2016,826f58ef2bd8c157,TRUE,TRUE,data/tamil_nadu/buildings/validated/TN_VARDAH_2016_buildings.gpkg,13.86,13.041630058397336,80.2508850564341,PASS,none
TN_VARDAH_2016_056503,TN_VARDAH_2016,f3b7bcb3f15daff8,TRUE,TRUE,data/tamil_nadu/buildings/validated/TN_VARDAH_2016_buildings.gpkg,15.27,13.057295522703344,80.25089643136884,PASS,none
TN_VARDAH_2016_081288,TN_VARDAH_2016,f8797a9750b616cc,TRUE,TRUE,data/tamil_nadu/buildings/validated/TN_VARDAH_2016_buildings.gpkg,205.9,13.079142417620641,80.24967306216506,PASS,none
TN_VARDAH_2016_106192,TN_VARDAH_2016,ba6bc79e5bb253c5,TRUE,TRUE,data/tamil_nadu/buildings/validated/TN_VARDAH_2016_buildings.gpkg,222.34,13.085925019039044,80.25161292477635,PASS,none
TN_VARDAH_2016_106461,TN_VARDAH_2016,9559e3af7cc80730,TRUE,TRUE,data/tamil_nadu/buildings/validated/TN_VARDAH_2016_buildings.gpkg,21.92,13.09861724407511,80.25146837032436,PASS,none
TN_VARDAH_2016_133788,TN_VARDAH_2016,bb837def3dd2233a,TRUE,TRUE,data/tamil_nadu/buildings/validated/TN_VARDAH_2016_buildings.gpkg,31.61,13.118385335793512,80.25106841169107,PASS,none
TN_VARDAH_2016_163473,TN_VARDAH_2016,0097fe3c8d713011,TRUE,TRUE,data/tamil_nadu/buildings/validated/TN_VARDAH_2016_buildings.gpkg,38.31,13.13522947827612,80.24981606163314,PASS,none
TN_VARDAH_2016_193185,TN_VARDAH_2016,fddff8220a477da4,TRUE,TRUE,data/tamil_nadu/buildings/validated/TN_VARDAH_2016_buildings.gpkg,71.65,13.1475394726799,80.25057202293758,PASS,none
TN_VARDAH_2016_014988,TN_VARDAH_2016,d1cac375f8c7d303,TRUE,TRUE,data/tamil_nadu/buildings/validated/TN_VARDAH_2016_buildings.gpkg,106.36,13.017621224953137,80.26952291133047,PASS,none
TN_VARDAH_2016_014975,TN_VARDAH_2016,6fe86c07ffa01758,TRUE,TRUE,data/tamil_nadu/buildings/validated/TN_VARDAH_2016_buildings.gpkg,21.29,13.024489209572842,80.26632778739702,PASS,none
TN_VARDAH_2016_036724,TN_VARDAH_2016,bfcdad1999e2b0d3,TRUE,TRUE,data/tamil_nadu/buildings/validated/TN_VARDAH_2016_buildings.gpkg,141.36,13.038908059210831,80.2633759709968,PASS,none
TN_VARDAH_2016_061412,TN_VARDAH_2016,3254fe13300ab246,TRUE,TRUE,data/tamil_nadu/buildings/validated/TN_VARDAH_2016_buildings.gpkg,58.17,13.05827701766809,80.26790214592262,PASS,none
TN_VARDAH_2016_111106,TN_VARDAH_2016,afd85c77b6a87ad6,TRUE,TRUE,data/tamil_nadu/buildings/validated/TN_VARDAH_2016_buildings.gpkg,20.44,13.097694560029158,80.2655508366809,PASS,none
TN_VARDAH_2016_168480,TN_VARDAH_2016,7737b64b9252a02f,TRUE,TRUE,data/tamil_nadu/buildings/validated/TN_VARDAH_2016_buildings.gpkg,298.04,13.128204991266745,80.26504677211034,PASS,none
TN_VARDAH_2016_198178,TN_VARDAH_2016,a823ed984a225d9e,TRUE,TRUE,data/tamil_nadu/buildings/validated/TN_VARDAH_2016_buildings.gpkg,33.28,13.1506178940957,80.26981974121122,PASS,none
TN_VARDAH_2016_019900,TN_VARDAH_2016,7419aa0e8d1a048b,TRUE,TRUE,data/tamil_nadu/buildings/validated/TN_VARDAH_2016_buildings.gpkg,44.93,13.018653699409056,80.2760277722595,PASS,none
TN_VARDAH_2016_019936,TN_VARDAH_2016,8b2e3e72e431b6ae,TRUE,TRUE,data/tamil_nadu/buildings/validated/TN_VARDAH_2016_buildings.gpkg,96.7,13.026257689545048,80.27626962162036,PASS,none
TN_VARDAH_2016_041761,TN_VARDAH_2016,459a43af20505943,TRUE,TRUE,data/tamil_nadu/buildings/validated/TN_VARDAH_2016_buildings.gpkg,19.58,13.038907692132188,80.28045308294317,PASS,none
TN_VARDAH_2016_091144,TN_VARDAH_2016,5c95dd876fb947e0,TRUE,TRUE,data/tamil_nadu/buildings/validated/TN_VARDAH_2016_buildings.gpkg,104.51,13.075886524395456,80.28347061335913,PASS,none
TN_VARDAH_2016_116036,TN_VARDAH_2016,6db3732513478631,TRUE,TRUE,data/tamil_nadu/buildings/validated/TN_VARDAH_2016_buildings.gpkg,185.38,13.084402049246394,80.277781007139,PASS,none
TN_VARDAH_2016_143641,TN_VARDAH_2016,d7dd0d7916404d76,TRUE,TRUE,data/tamil_nadu/buildings/validated/TN_VARDAH_2016_buildings.gpkg,25.76,13.11932524011856,80.28278050070917,PASS,none
TN_VARDAH_2016_173338,TN_VARDAH_2016,89ccc2e1cda440b7,TRUE,TRUE,data/tamil_nadu/buildings/validated/TN_VARDAH_2016_buildings.gpkg,207.26,13.132954045431456,80.28597430079901,PASS,none
TN_VARDAH_2016_203018,TN_VARDAH_2016,afb3b8540619ec87,TRUE,TRUE,data/tamil_nadu/buildings/validated/TN_VARDAH_2016_buildings.gpkg,6.63,13.143545356998416,80.28378941230186,PASS,none
TN_VARDAH_2016_092253,TN_VARDAH_2016,f1612719b43f8197,TRUE,TRUE,data/tamil_nadu/buildings/validated/TN_VARDAH_2016_buildings.gpkg,13.07,13.070773155657971,80.28930308429588,PASS,none
TN_VARDAH_2016_116662,TN_VARDAH_2016,994b15329d6aefa7,TRUE,TRUE,data/tamil_nadu/buildings/validated/TN_VARDAH_2016_buildings.gpkg,136.55,13.093729170908532,80.28904728010173,PASS,none
TN_VARDAH_2016_117456,TN_VARDAH_2016,110bf9ef05c4f507,TRUE,TRUE,data/tamil_nadu/buildings/validated/TN_VARDAH_2016_buildings.gpkg,280.92,13.100456237089583,80.28949000228353,PASS,none
TN_VARDAH_2016_144180,TN_VARDAH_2016,fadd8d4be38629d9,TRUE,TRUE,data/tamil_nadu/buildings/validated/TN_VARDAH_2016_buildings.gpkg,80.42,13.116144428302206,80.28897280179005,PASS,none
TN_VARDAH_2016_173576,TN_VARDAH_2016,634713e6b08d692e,TRUE,TRUE,data/tamil_nadu/buildings/validated/TN_VARDAH_2016_buildings.gpkg,38.84,13.13094994733754,80.28929827555477,PASS,none
TN_VARDAH_2016_203228,TN_VARDAH_2016,2e4bef35e4e5d9f1,TRUE,TRUE,data/tamil_nadu/buildings/validated/TN_VARDAH_2016_buildings.gpkg,13.93,13.1498018747201,80.28938613175994,PASS,none
TN_VARDAH_2016_122303,TN_VARDAH_2016,8a301fa202b47b55,TRUE,TRUE,data/tamil_nadu/buildings/validated/TN_VARDAH_2016_buildings.gpkg,34.14,13.096552073588851,80.30266841109801,PASS,none
TN_VARDAH_2016_150254,TN_VARDAH_2016,22a42d35a3e66b64,TRUE,TRUE,data/tamil_nadu/buildings/validated/TN_VARDAH_2016_buildings.gpkg,12.88,13.109244428903013,80.30412614218623,PASS,none
TN_VARDAH_2016_206178,TN_VARDAH_2016,57d83bf848341287,TRUE,TRUE,data/tamil_nadu/buildings/validated/TN_VARDAH_2016_buildings.gpkg,62.26,13.153503387660171,80.30252196067245,PASS,none
TN_VARDAH_2016_000092,TN_VARDAH_2016,95cd6d538df6f0dd,TRUE,TRUE,data/tamil_nadu/buildings/validated/TN_VARDAH_2016_buildings.gpkg,24.85,13.024609995504473,80.20250985295255,PASS,none
TN_VARDAH_2016_046571,TN_VARDAH_2016,aba12fa21804331a,TRUE,TRUE,data/tamil_nadu/buildings/validated/TN_VARDAH_2016_buildings.gpkg,210.59,13.056489965164445,80.19834391555145,PASS,none
TN_VARDAH_2016_071307,TN_VARDAH_2016,1ed255d01f9e6e2b,TRUE,TRUE,data/tamil_nadu/buildings/validated/TN_VARDAH_2016_buildings.gpkg,277.75,13.072457335332896,80.19893337909477,PASS,none
TN_VARDAH_2016_076099,TN_VARDAH_2016,78a1a6a9468ac076,TRUE,TRUE,data/tamil_nadu/buildings/validated/TN_VARDAH_2016_buildings.gpkg,167.31,13.082653594192024,80.19957216807676,PASS,none
TN_VARDAH_2016_096277,TN_VARDAH_2016,064eaae9cd51ab01,TRUE,TRUE,data/tamil_nadu/buildings/validated/TN_VARDAH_2016_buildings.gpkg,75.07,13.099306667409698,80.19958001733413,PASS,none
TN_VARDAH_2016_123826,TN_VARDAH_2016,1e5495149cdf60c7,TRUE,TRUE,data/tamil_nadu/buildings/validated/TN_VARDAH_2016_buildings.gpkg,203.7,13.116084489589493,80.19579233754231,PASS,none
TN_VARDAH_2016_153549,TN_VARDAH_2016,2c35bc67d5562965,TRUE,TRUE,data/tamil_nadu/buildings/validated/TN_VARDAH_2016_buildings.gpkg,192.6,13.129252753070602,80.20257877759826,PASS,none
TN_VARDAH_2016_183208,TN_VARDAH_2016,dff06112c8adf74b,TRUE,TRUE,data/tamil_nadu/buildings/validated/TN_VARDAH_2016_buildings.gpkg,89.15,13.151624020260916,80.20757072516453,PASS,none
TN_VARDAH_2016_000073,TN_VARDAH_2016,5cb0272b6b191cab,TRUE,TRUE,data/tamil_nadu/buildings/validated/TN_VARDAH_2016_buildings.gpkg,125.87,13.018535683340831,80.21093341816677,PASS,none
TN_VARDAH_2016_000098,TN_VARDAH_2016,7a53b71b04408547,TRUE,TRUE,data/tamil_nadu/buildings/validated/TN_VARDAH_2016_buildings.gpkg,31.12,13.025630859099996,80.21137385434632,PASS,none
TN_VARDAH_2016_021912,TN_VARDAH_2016,81573cb9c1f0dade,TRUE,TRUE,data/tamil_nadu/buildings/validated/TN_VARDAH_2016_buildings.gpkg,197.59,13.038036616824462,80.21182436097264,PASS,none
TN_VARDAH_2016_046597,TN_VARDAH_2016,6c7b6b73ea29a682,TRUE,TRUE,data/tamil_nadu/buildings/validated/TN_VARDAH_2016_buildings.gpkg,248.18,13.05470062654662,80.21444874038478,PASS,none
TN_VARDAH_2016_071313,TN_VARDAH_2016,5d31e30ddac88705,TRUE,TRUE,data/tamil_nadu/buildings/validated/TN_VARDAH_2016_buildings.gpkg,43.85,13.07252808495497,80.21395268437897,PASS,none
TN_VARDAH_2016_076631,TN_VARDAH_2016,4141b4ae8bc46064,TRUE,TRUE,data/tamil_nadu/buildings/validated/TN_VARDAH_2016_buildings.gpkg,204.35,13.082736898658954,80.21658091294688,PASS,none
TN_VARDAH_2016_096488,TN_VARDAH_2016,f370e79c954a53bd,TRUE,TRUE,data/tamil_nadu/buildings/validated/TN_VARDAH_2016_buildings.gpkg,24.81,13.101322697869639,80.20886808864671,PASS,none
TN_VARDAH_2016_123866,TN_VARDAH_2016,cc5e0349ba9ad265,TRUE,TRUE,data/tamil_nadu/buildings/validated/TN_VARDAH_2016_buildings.gpkg,48.89,13.11713350279075,80.21438777051871,PASS,none
TN_VARDAH_2016_153586,TN_VARDAH_2016,72a030555bd34748,TRUE,TRUE,data/tamil_nadu/buildings/validated/TN_VARDAH_2016_buildings.gpkg,95.84,13.131576603500907,80.21121653566185,PASS,none
TN_VARDAH_2016_183255,TN_VARDAH_2016,5330fec681664ecb,TRUE,TRUE,data/tamil_nadu/buildings/validated/TN_VARDAH_2016_buildings.gpkg,70.97,13.156424840101927,80.21341123460616,PASS,none
TN_VARDAH_2016_005019,TN_VARDAH_2016,85fc6bb193bba8a3,TRUE,TRUE,data/tamil_nadu/buildings/validated/TN_VARDAH_2016_buildings.gpkg,25.49,13.021154790969375,80.22524703529966,PASS,none
TN_VARDAH_2016_005086,TN_VARDAH_2016,f397c133d4fcf404,TRUE,TRUE,data/tamil_nadu/buildings/validated/TN_VARDAH_2016_buildings.gpkg,43.42,13.024415084412286,80.22508091883932,PASS,none
TN_VARDAH_2016_026801,TN_VARDAH_2016,7d59b3de7d42dce4,TRUE,TRUE,data/tamil_nadu/buildings/validated/TN_VARDAH_2016_buildings.gpkg,89.17,13.042279797259889,80.2264832875473,PASS,none
TN_VARDAH_2016_051544,TN_VARDAH_2016,ed3a81a7749034e6,TRUE,TRUE,data/tamil_nadu/buildings/validated/TN_VARDAH_2016_buildings.gpkg,89.05,13.062862839009423,80.22254941631591,PASS,none
TN_VARDAH_2016_076281,TN_VARDAH_2016,a0b4816a3a7a1f76,TRUE,TRUE,data/tamil_nadu/buildings/validated/TN_VARDAH_2016_buildings.gpkg,37.24,13.082545632668468,80.22879799835115,PASS,none
TN_VARDAH_2016_101189,TN_VARDAH_2016,bb5b3a279ea35b39,TRUE,TRUE,data/tamil_nadu/buildings/validated/TN_VARDAH_2016_buildings.gpkg,103.16,13.088389602332779,80.2260749936349,PASS,none
TN_VARDAH_2016_101267,TN_VARDAH_2016,7b0e234e5bdfd1f4,TRUE,TRUE,data/tamil_nadu/buildings/validated/TN_VARDAH_2016_buildings.gpkg,75.59,13.099659312696533,80.22900872333295,PASS,none
TN_VARDAH_2016_128769,TN_VARDAH_2016,4b9086c992e4cbea,TRUE,TRUE,data/tamil_nadu/buildings/validated/TN_VARDAH_2016_buildings.gpkg,99.17,13.113527166064568,80.22778955423811,PASS,none
TN_VARDAH_2016_158534,TN_VARDAH_2016,4be28652c4135357,TRUE,TRUE,data/tamil_nadu/buildings/validated/TN_VARDAH_2016_buildings.gpkg,117.21,13.131612421814783,80.22926539000548,PASS,none
TN_VARDAH_2016_188140,TN_VARDAH_2016,b33925a2a6842667,TRUE,TRUE,data/tamil_nadu/buildings/validated/TN_VARDAH_2016_buildings.gpkg,36.93,13.149810187202984,80.22922970272516,PASS,none
TN_VARDAH_2016_009966,TN_VARDAH_2016,18ecfa7a1dcff357,TRUE,TRUE,data/tamil_nadu/buildings/validated/TN_VARDAH_2016_buildings.gpkg,215.34,13.020806474011026,80.24029414463043,PASS,none
TN_VARDAH_2016_010035,TN_VARDAH_2016,e0f50ef150208028,TRUE,TRUE,data/tamil_nadu/buildings/validated/TN_VARDAH_2016_buildings.gpkg,259.0,13.024544602690337,80.24204689912142,PASS,none
TN_VARDAH_2016_031749,TN_VARDAH_2016,1684f54b199b33e0,TRUE,TRUE,data/tamil_nadu/buildings/validated/TN_VARDAH_2016_buildings.gpkg,103.12,13.038023747227092,80.24833724344148,PASS,none
TN_VARDAH_2016_056461,TN_VARDAH_2016,1973053ccfae8d89,TRUE,TRUE,data/tamil_nadu/buildings/validated/TN_VARDAH_2016_buildings.gpkg,271.64,13.057650797788728,80.2454877291067,PASS,none
TN_VARDAH_2016_081221,TN_VARDAH_2016,73f46bdb4be2abe2,TRUE,TRUE,data/tamil_nadu/buildings/validated/TN_VARDAH_2016_buildings.gpkg,28.67,13.073347558957847,80.2439460967906,PASS,none
TN_VARDAH_2016_106157,TN_VARDAH_2016,b94cdfa89129ab1a,TRUE,TRUE,data/tamil_nadu/buildings/validated/TN_VARDAH_2016_buildings.gpkg,17.5,13.095285131417668,80.24848645938093,PASS,none
TN_VARDAH_2016_106238,TN_VARDAH_2016,ad2c82f66ca694a0,TRUE,TRUE,data/tamil_nadu/buildings/validated/TN_VARDAH_2016_buildings.gpkg,79.37,13.099563182259283,80.23975372579513,PASS,none
TN_VARDAH_2016_133729,TN_VARDAH_2016,703f616a7de1f115,TRUE,TRUE,data/tamil_nadu/buildings/validated/TN_VARDAH_2016_buildings.gpkg,23.73,13.116290050816255,80.23977692067143,PASS,none
TN_VARDAH_2016_163456,TN_VARDAH_2016,1ecb1380fe04cff7,TRUE,TRUE,data/tamil_nadu/buildings/validated/TN_VARDAH_2016_buildings.gpkg,168.78,13.13144744684236,80.24063638120076,PASS,none
TN_VARDAH_2016_193148,TN_VARDAH_2016,44f48d4cb4d780f0,TRUE,TRUE,data/tamil_nadu/buildings/validated/TN_VARDAH_2016_buildings.gpkg,61.28,13.14762486931733,80.23804529880002,PASS,none
TN_VARDAH_2016_010031,TN_VARDAH_2016,9978d643ee2a060e,TRUE,TRUE,data/tamil_nadu/buildings/validated/TN_VARDAH_2016_buildings.gpkg,31.15,13.020292313982399,80.25100623175412,PASS,none
TN_VARDAH_2016_010272,TN_VARDAH_2016,da9b0c078cd3e61c,TRUE,TRUE,data/tamil_nadu/buildings/validated/TN_VARDAH_2016_buildings.gpkg,38.08,13.024931435179703,80.25145285933283,PASS,none
TN_VARDAH_2016_031855,TN_VARDAH_2016,e8e5337147884197,TRUE,TRUE,data/tamil_nadu/buildings/validated/TN_VARDAH_2016_buildings.gpkg,60.35,13.039379103268114,80.2497595411404,PASS,none
TN_VARDAH_2016_056509,TN_VARDAH_2016,a6e1ae38cbee6c98,TRUE,TRUE,data/tamil_nadu/buildings/validated/TN_VARDAH_2016_buildings.gpkg,60.2,13.058481057246505,80.24906488004513,PASS,none
TN_VARDAH_2016_081298,TN_VARDAH_2016,178455e8fa038606,TRUE,TRUE,data/tamil_nadu/buildings/validated/TN_VARDAH_2016_buildings.gpkg,55.5,13.076424446542436,80.24924085394179,PASS,none
TN_VARDAH_2016_106196,TN_VARDAH_2016,05fd54478cf27af8,TRUE,TRUE,data/tamil_nadu/buildings/validated/TN_VARDAH_2016_buildings.gpkg,53.4,13.09357120277053,80.25072709490986,PASS,none
TN_VARDAH_2016_106471,TN_VARDAH_2016,359e05d031a892e5,TRUE,TRUE,data/tamil_nadu/buildings/validated/TN_VARDAH_2016_buildings.gpkg,43.03,13.098301886063265,80.25037764086836,PASS,none
TN_VARDAH_2016_133795,TN_VARDAH_2016,30cf5f817e60c59e,TRUE,TRUE,data/tamil_nadu/buildings/validated/TN_VARDAH_2016_buildings.gpkg,37.41,13.119931141219366,80.24960230724302,PASS,none
TN_VARDAH_2016_163479,TN_VARDAH_2016,7bbcb1649b451179,TRUE,TRUE,data/tamil_nadu/buildings/validated/TN_VARDAH_2016_buildings.gpkg,45.13,13.136297929359905,80.2504247276118,PASS,none
TN_VARDAH_2016_193198,TN_VARDAH_2016,df12dc6fb2cc5255,TRUE,TRUE,data/tamil_nadu/buildings/validated/TN_VARDAH_2016_buildings.gpkg,37.5,13.14413129861595,80.25040429871629,PASS,none
TN_VARDAH_2016_014992,TN_VARDAH_2016,b7d7a85dc352da07,TRUE,TRUE,data/tamil_nadu/buildings/validated/TN_VARDAH_2016_buildings.gpkg,79.35,13.008832095198532,80.26664965754401,PASS,none
TN_VARDAH_2016_014978,TN_VARDAH_2016,5748dfee6101b50d,TRUE,TRUE,data/tamil_nadu/buildings/validated/TN_VARDAH_2016_buildings.gpkg,7.79,13.023103846222428,80.26910375579958,PASS,none
TN_VARDAH_2016_036727,TN_VARDAH_2016,19b3e9d08760cc56,TRUE,TRUE,data/tamil_nadu/buildings/validated/TN_VARDAH_2016_buildings.gpkg,35.43,13.040506278432561,80.26972359695273,PASS,none
TN_VARDAH_2016_061415,TN_VARDAH_2016,53f6ee7491ca1dc0,TRUE,TRUE,data/tamil_nadu/buildings/validated/TN_VARDAH_2016_buildings.gpkg,137.97,13.060280612185966,80.26899880349738,PASS,none
TN_VARDAH_2016_086167,TN_VARDAH_2016,a5cf352cfe5e5fc5,TRUE,TRUE,data/tamil_nadu/buildings/validated/TN_VARDAH_2016_buildings.gpkg,104.78,13.074913578277224,80.26393177376508,PASS,none
TN_VARDAH_2016_111108,TN_VARDAH_2016,3dc3642c6489fbb0,TRUE,TRUE,data/tamil_nadu/buildings/validated/TN_VARDAH_2016_buildings.gpkg,164.57,13.087270712612092,80.26659532202329,PASS,none
TN_VARDAH_2016_111252,TN_VARDAH_2016,ac63aed9612f6eb5,TRUE,TRUE,data/tamil_nadu/buildings/validated/TN_VARDAH_2016_buildings.gpkg,80.18,13.100994593131123,80.26476336005581,PASS,none
TN_VARDAH_2016_138705,TN_VARDAH_2016,950e4ed13b629da1,TRUE,TRUE,data/tamil_nadu/buildings/validated/TN_VARDAH_2016_buildings.gpkg,55.87,13.119527863128356,80.26566184262374,PASS,none
TN_VARDAH_2016_168489,TN_VARDAH_2016,9c72d1ab0e653575,TRUE,TRUE,data/tamil_nadu/buildings/validated/TN_VARDAH_2016_buildings.gpkg,12.07,13.128296319194249,80.26435066729223,PASS,none
TN_VARDAH_2016_198190,TN_VARDAH_2016,fa9b7fbef6b8fadd,TRUE,TRUE,data/tamil_nadu/buildings/validated/TN_VARDAH_2016_buildings.gpkg,2062.19,13.157567578045596,80.26573915719594,PASS,none
TN_VARDAH_2016_019901,TN_VARDAH_2016,7e4772b910a35836,TRUE,TRUE,data/tamil_nadu/buildings/validated/TN_VARDAH_2016_buildings.gpkg,22.21,13.018447271960254,80.27610880472558,PASS,none
TN_VARDAH_2016_019947,TN_VARDAH_2016,62b7b6f3fd6bd022,TRUE,TRUE,data/tamil_nadu/buildings/validated/TN_VARDAH_2016_buildings.gpkg,40.11,13.024892098663388,80.27822540330394,PASS,none
TN_VARDAH_2016_041765,TN_VARDAH_2016,1c716960bcb002cd,TRUE,TRUE,data/tamil_nadu/buildings/validated/TN_VARDAH_2016_buildings.gpkg,188.77,13.038077170993546,80.27585848256471,PASS,none
TN_VARDAH_2016_066398,TN_VARDAH_2016,1daf7d1689579c44,TRUE,TRUE,data/tamil_nadu/buildings/validated/TN_VARDAH_2016_buildings.gpkg,39.69,13.05493419682576,80.27769622047587,PASS,none
TN_VARDAH_2016_091146,TN_VARDAH_2016,cd5ad25c7532cfa4,TRUE,TRUE,data/tamil_nadu/buildings/validated/TN_VARDAH_2016_buildings.gpkg,186.12,13.07130491871024,80.28550453062087,PASS,none
TN_VARDAH_2016_116037,TN_VARDAH_2016,dc51c20a170972bb,TRUE,TRUE,data/tamil_nadu/buildings/validated/TN_VARDAH_2016_buildings.gpkg,258.85,13.092920902292692,80.2809590099007,PASS,none
TN_VARDAH_2016_116080,TN_VARDAH_2016,47abe39766763690,TRUE,TRUE,data/tamil_nadu/buildings/validated/TN_VARDAH_2016_buildings.gpkg,234.94,13.10102861389194,80.28357158243786,PASS,none
TN_VARDAH_2016_143645,TN_VARDAH_2016,1f811ee94a2bd279,TRUE,TRUE,data/tamil_nadu/buildings/validated/TN_VARDAH_2016_buildings.gpkg,77.39,13.114589110706921,80.28031007856161,PASS,none
TN_VARDAH_2016_173341,TN_VARDAH_2016,593321fca6344e71,TRUE,TRUE,data/tamil_nadu/buildings/validated/TN_VARDAH_2016_buildings.gpkg,47.14,13.132044727297275,80.27646061599017,PASS,none
TN_VARDAH_2016_203019,TN_VARDAH_2016,b5a581e648c59c10,TRUE,TRUE,data/tamil_nadu/buildings/validated/TN_VARDAH_2016_buildings.gpkg,43.53,13.145351714057643,80.28389484063261,PASS,none
TN_VARDAH_2016_092436,TN_VARDAH_2016,4dd651d8205f41fb,TRUE,TRUE,data/tamil_nadu/buildings/validated/TN_VARDAH_2016_buildings.gpkg,424.71,13.072381305580988,80.28923218397402,PASS,none
TN_VARDAH_2016_116684,TN_VARDAH_2016,73ead3a1c928d5f6,TRUE,TRUE,data/tamil_nadu/buildings/validated/TN_VARDAH_2016_buildings.gpkg,966.08,13.096226971379075,80.28918321133168,PASS,none
TN_VARDAH_2016_117563,TN_VARDAH_2016,8ebfbb5a2e00ff62,TRUE,TRUE,data/tamil_nadu/buildings/validated/TN_VARDAH_2016_buildings.gpkg,230.48,13.100364608681579,80.2894283091487,PASS,none
TN_VARDAH_2016_144277,TN_VARDAH_2016,353980077caf2fd4,TRUE,TRUE,data/tamil_nadu/buildings/validated/TN_VARDAH_2016_buildings.gpkg,89.1,13.118088204810965,80.28897467702265,PASS,none
TN_VARDAH_2016_173589,TN_VARDAH_2016,951bf6c15461d862,TRUE,TRUE,data/tamil_nadu/buildings/validated/TN_VARDAH_2016_buildings.gpkg,28.3,13.134242154715173,80.28915330710501,PASS,none
TN_VARDAH_2016_203249,TN_VARDAH_2016,2e7e5412ee83f157,TRUE,TRUE,data/tamil_nadu/buildings/validated/TN_VARDAH_2016_buildings.gpkg,16.02,13.148650112850524,80.28907656013912,PASS,none
TN_VARDAH_2016_122391,TN_VARDAH_2016,d22bc6357e186019,TRUE,TRUE,data/tamil_nadu/buildings/validated/TN_VARDAH_2016_buildings.gpkg,8.29,13.093033822024358,80.30338296111493,PASS,none
TN_VARDAH_2016_150476,TN_VARDAH_2016,6b1dce273abba1b7,TRUE,TRUE,data/tamil_nadu/buildings/validated/TN_VARDAH_2016_buildings.gpkg,42.34,13.106385112341819,80.30345992423439,PASS,none
TN_VARDAH_2016_206189,TN_VARDAH_2016,13de2b7465ddfe52,TRUE,TRUE,data/tamil_nadu/buildings/validated/TN_VARDAH_2016_buildings.gpkg,6.06,13.155065197640177,80.30340431529679,PASS,none
TN_VARDAH_2016_000020,TN_VARDAH_2016,70ca0994ab62dc3c,TRUE,TRUE,data/tamil_nadu/buildings/validated/TN_VARDAH_2016_buildings.gpkg,21.52,13.018369431832431,80.205508256119,PASS,none
TN_VARDAH_2016_021855,TN_VARDAH_2016,3c16b198ac418a3c,TRUE,TRUE,data/tamil_nadu/buildings/validated/TN_VARDAH_2016_buildings.gpkg,20.73,13.042935841351873,80.1990305741651,PASS,none
TN_VARDAH_2016_046573,TN_VARDAH_2016,c3e7e4627baba684,TRUE,TRUE,data/tamil_nadu/buildings/validated/TN_VARDAH_2016_buildings.gpkg,66.82,13.05590216867238,80.20248392912507,PASS,none
TN_VARDAH_2016_071308,TN_VARDAH_2016,a1378af3c167c683,TRUE,TRUE,data/tamil_nadu/buildings/validated/TN_VARDAH_2016_buildings.gpkg,47.59,13.078880823544758,80.20496116016855,PASS,none
TN_VARDAH_2016_096224,TN_VARDAH_2016,401ddc181742e7eb,TRUE,TRUE,data/tamil_nadu/buildings/validated/TN_VARDAH_2016_buildings.gpkg,140.08,13.095072222166412,80.20417785382658,PASS,none
TN_VARDAH_2016_096279,TN_VARDAH_2016,4bbfe8993382e05d,TRUE,TRUE,data/tamil_nadu/buildings/validated/TN_VARDAH_2016_buildings.gpkg,94.37,13.099618824240103,80.20295965808171,PASS,none
TN_VARDAH_2016_123828,TN_VARDAH_2016,0a6c48ebd97f1d2b,TRUE,TRUE,data/tamil_nadu/buildings/validated/TN_VARDAH_2016_buildings.gpkg,273.68,13.118049369019474,80.20610168422755,PASS,none
TN_VARDAH_2016_153550,TN_VARDAH_2016,22c7b41cb1b86c4b,TRUE,TRUE,data/tamil_nadu/buildings/validated/TN_VARDAH_2016_buildings.gpkg,72.97,13.130744979638036,80.20419515039168,PASS,none
TN_VARDAH_2016_183209,TN_VARDAH_2016,a74d3767315c11df,TRUE,TRUE,data/tamil_nadu/buildings/validated/TN_VARDAH_2016_buildings.gpkg,148.94,13.149908027822438,80.19644858559347,PASS,none
TN_VARDAH_2016_000074,TN_VARDAH_2016,733536d850d36de1,TRUE,TRUE,data/tamil_nadu/buildings/validated/TN_VARDAH_2016_buildings.gpkg,75.98,13.015731052967508,80.21256507206226,PASS,none
TN_VARDAH_2016_000102,TN_VARDAH_2016,11e1a37a73fa8678,TRUE,TRUE,data/tamil_nadu/buildings/validated/TN_VARDAH_2016_buildings.gpkg,55.65,13.024869979963942,80.21348793468205,PASS,none
TN_VARDAH_2016_021917,TN_VARDAH_2016,c68a0fd8221daaae,TRUE,TRUE,data/tamil_nadu/buildings/validated/TN_VARDAH_2016_buildings.gpkg,20.08,13.043986220768081,80.2096478757379,PASS,none
TN_VARDAH_2016_046601,TN_VARDAH_2016,b7791548f17e8398,TRUE,TRUE,data/tamil_nadu/buildings/validated/TN_VARDAH_2016_buildings.gpkg,407.84,13.061941016612092,80.21108493874519,PASS,none
TN_VARDAH_2016_071322,TN_VARDAH_2016,ea2318ccb154bcb7,TRUE,TRUE,data/tamil_nadu/buildings/validated/TN_VARDAH_2016_buildings.gpkg,14.83,13.076749421514332,80.20938712506504,PASS,none
TN_VARDAH_2016_077012,TN_VARDAH_2016,0ee042e806d6a694,TRUE,TRUE,data/tamil_nadu/buildings/validated/TN_VARDAH_2016_buildings.gpkg,66.1,13.082731150361477,80.21890475989596,PASS,none
TN_VARDAH_2016_096514,TN_VARDAH_2016,a8efebb6666ac7df,TRUE,TRUE,data/tamil_nadu/buildings/validated/TN_VARDAH_2016_buildings.gpkg,31.65,13.099883985304611,80.2138593142018,PASS,none
TN_VARDAH_2016_123868,TN_VARDAH_2016,d86bee172f6dde12,TRUE,TRUE,data/tamil_nadu/buildings/validated/TN_VARDAH_2016_buildings.gpkg,98.61,13.11787630991048,80.21057049835902,PASS,none
TN_VARDAH_2016_153591,TN_VARDAH_2016,bf6f460994674838,TRUE,TRUE,data/tamil_nadu/buildings/validated/TN_VARDAH_2016_buildings.gpkg,44.86,13.13721859873441,80.21185482486979,PASS,none
TN_VARDAH_2016_183258,TN_VARDAH_2016,a317c0ea5efd9521,TRUE,TRUE,data/tamil_nadu/buildings/validated/TN_VARDAH_2016_buildings.gpkg,88.74,13.154722246166164,80.21117750263546,PASS,none
TN_VARDAH_2016_005021,TN_VARDAH_2016,cb8944870cf49f02,TRUE,TRUE,data/tamil_nadu/buildings/validated/TN_VARDAH_2016_buildings.gpkg,53.07,13.017950564358099,80.22459223478653,PASS,none
TN_VARDAH_2016_005101,TN_VARDAH_2016,db23c6ccc9b5520d,TRUE,TRUE,data/tamil_nadu/buildings/validated/TN_VARDAH_2016_buildings.gpkg,67.95,13.022936126124483,80.22902500998029,PASS,none
TN_VARDAH_2016_026803,TN_VARDAH_2016,d1a76702f4e5968e,TRUE,TRUE,data/tamil_nadu/buildings/validated/TN_VARDAH_2016_buildings.gpkg,86.67,13.044179752791715,80.22455726881616,PASS,none
TN_VARDAH_2016_051545,TN_VARDAH_2016,944b6381a0855eed,TRUE,TRUE,data/tamil_nadu/buildings/validated/TN_VARDAH_2016_buildings.gpkg,34.86,13.062524059299877,80.2272983989778,PASS,none
TN_VARDAH_2016_076282,TN_VARDAH_2016,7973a2ab4277e72c,TRUE,TRUE,data/tamil_nadu/buildings/validated/TN_VARDAH_2016_buildings.gpkg,67.33,13.071405147843402,80.22708869767082,PASS,none
TN_VARDAH_2016_101269,TN_VARDAH_2016,bd41aa7d0b5e0d61,TRUE,TRUE,data/tamil_nadu/buildings/validated/TN_VARDAH_2016_buildings.gpkg,46.05,13.098795067176884,80.2318145797036,PASS,none
TN_VARDAH_2016_128771,TN_VARDAH_2016,7ea9b1857289e7ce,TRUE,TRUE,data/tamil_nadu/buildings/validated/TN_VARDAH_2016_buildings.gpkg,82.3,13.114465330816556,80.23217440072493,PASS,none
TN_VARDAH_2016_158535,TN_VARDAH_2016,f528a8308f9adf54,TRUE,TRUE,data/tamil_nadu/buildings/validated/TN_VARDAH_2016_buildings.gpkg,202.37,13.1278241069261,80.22354650206579,PASS,none
TN_VARDAH_2016_188141,TN_VARDAH_2016,3d6f24b28de8b271,TRUE,TRUE,data/tamil_nadu/buildings/validated/TN_VARDAH_2016_buildings.gpkg,37.83,13.152325482659661,80.23056560897054,PASS,none
TN_VARDAH_2016_009967,TN_VARDAH_2016,77a97c1b733943da,TRUE,TRUE,data/tamil_nadu/buildings/validated/TN_VARDAH_2016_buildings.gpkg,67.67,13.019627352516897,80.24402647577648,PASS,none
TN_VARDAH_2016_010048,TN_VARDAH_2016,0db110f77fce2db7,TRUE,TRUE,data/tamil_nadu/buildings/validated/TN_VARDAH_2016_buildings.gpkg,105.51,13.02380231897134,80.23924735660133,PASS,none
TN_VARDAH_2016_031750,TN_VARDAH_2016,e1add3a372213fdc,TRUE,TRUE,data/tamil_nadu/buildings/validated/TN_VARDAH_2016_buildings.gpkg,373.04,13.042268091083534,80.23985941061507,PASS,none
TN_VARDAH_2016_056463,TN_VARDAH_2016,b27739729a3122ba,TRUE,TRUE,data/tamil_nadu/buildings/validated/TN_VARDAH_2016_buildings.gpkg,49.27,13.06177227015371,80.24303970219069,PASS,none
TN_VARDAH_2016_081222,TN_VARDAH_2016,4fedfc9c5f679d12,TRUE,TRUE,data/tamil_nadu/buildings/validated/TN_VARDAH_2016_buildings.gpkg,110.09,13.070323712209662,80.24237162165852,PASS,none
TN_VARDAH_2016_106161,TN_VARDAH_2016,ebcea7de27657a08,TRUE,TRUE,data/tamil_nadu/buildings/validated/TN_VARDAH_2016_buildings.gpkg,47.01,13.096192177313924,80.24556540446792,PASS,none
TN_VARDAH_2016_106249,TN_VARDAH_2016,1b69205ccd878997,TRUE,TRUE,data/tamil_nadu/buildings/validated/TN_VARDAH_2016_buildings.gpkg,22.68,13.10088344270957,80.23770885908901,PASS,none
TN_VARDAH_2016_133733,TN_VARDAH_2016,c489f12d2c6da38c,TRUE,TRUE,data/tamil_nadu/buildings/validated/TN_VARDAH_2016_buildings.gpkg,90.23,13.11607028885269,80.24810170870241,PASS,none
TN_VARDAH_2016_163459,TN_VARDAH_2016,e92860c64dfdfe89,TRUE,TRUE,data/tamil_nadu/buildings/validated/TN_VARDAH_2016_buildings.gpkg,28.17,13.132346303041546,80.24758601426109,PASS,none
TN_VARDAH_2016_193149,TN_VARDAH_2016,3f90f4aeb8269817,TRUE,TRUE,data/tamil_nadu/buildings/validated/TN_VARDAH_2016_buildings.gpkg,126.17,13.155990987529492,80.24840628993365,PASS,none
TN_VARDAH_2016_010340,TN_VARDAH_2016,fa1f915635e85ca8,TRUE,TRUE,data/tamil_nadu/buildings/validated/TN_VARDAH_2016_buildings.gpkg,75.78,13.026207133184295,80.25020826864386,PASS,none
TN_VARDAH_2016_031860,TN_VARDAH_2016,4ef7cf77167c5082,TRUE,TRUE,data/tamil_nadu/buildings/validated/TN_VARDAH_2016_buildings.gpkg,332.67,13.043386855338571,80.25112644785806,PASS,none
TN_VARDAH_2016_056515,TN_VARDAH_2016,964f09b51461f136,TRUE,TRUE,data/tamil_nadu/buildings/validated/TN_VARDAH_2016_buildings.gpkg,456.33,13.058538149229227,80.24961066145256,PASS,none
TN_VARDAH_2016_081317,TN_VARDAH_2016,ffe5f0439cc3f92e,TRUE,TRUE,data/tamil_nadu/buildings/validated/TN_VARDAH_2016_buildings.gpkg,62.03,13.082272565909221,80.25127096908136,PASS,none
TN_VARDAH_2016_106197,TN_VARDAH_2016,4660a62dc47b7a0f,TRUE,TRUE,data/tamil_nadu/buildings/validated/TN_VARDAH_2016_buildings.gpkg,144.02,13.089008520216852,80.25143671454472,PASS,none
TN_VARDAH_2016_106472,TN_VARDAH_2016,41c38f17a04e3d15,TRUE,TRUE,data/tamil_nadu/buildings/validated/TN_VARDAH_2016_buildings.gpkg,64.8,13.09947701597036,80.25010964492112,PASS,none
TN_VARDAH_2016_133807,TN_VARDAH_2016,0b46fc9115a4e362,TRUE,TRUE,data/tamil_nadu/buildings/validated/TN_VARDAH_2016_buildings.gpkg,34.65,13.11374453074255,80.25148683373259,PASS,none
TN_VARDAH_2016_163481,TN_VARDAH_2016,453ab3cc99970b43,TRUE,TRUE,data/tamil_nadu/buildings/validated/TN_VARDAH_2016_buildings.gpkg,42.9,13.12917142790375,80.25133599080401,PASS,none
TN_VARDAH_2016_193211,TN_VARDAH_2016,18c289cfe28375fd,TRUE,TRUE,data/tamil_nadu/buildings/validated/TN_VARDAH_2016_buildings.gpkg,83.92,13.147917325735392,80.24892903411141,PASS,none
TN_VARDAH_2016_015012,TN_VARDAH_2016,bce0587546656b11,TRUE,TRUE,data/tamil_nadu/buildings/validated/TN_VARDAH_2016_buildings.gpkg,55.86,13.017740050369056,80.26953148223674,PASS,none
TN_VARDAH_2016_014979,TN_VARDAH_2016,dde8688a0816dfef,TRUE,TRUE,data/tamil_nadu/buildings/validated/TN_VARDAH_2016_buildings.gpkg,45.94,13.02406220992982,80.26692336734081,PASS,none
TN_VARDAH_2016_036732,TN_VARDAH_2016,c977898fee06b282,TRUE,TRUE,data/tamil_nadu/buildings/validated/TN_VARDAH_2016_buildings.gpkg,152.03,13.042038478872817,80.26802778790868,PASS,none
TN_VARDAH_2016_061418,TN_VARDAH_2016,6163b02876231f28,TRUE,TRUE,data/tamil_nadu/buildings/validated/TN_VARDAH_2016_buildings.gpkg,71.65,13.063622658673049,80.26920139271144,PASS,none
TN_VARDAH_2016_086168,TN_VARDAH_2016,3dc3da4bd19a40ad,TRUE,TRUE,data/tamil_nadu/buildings/validated/TN_VARDAH_2016_buildings.gpkg,497.14,13.082232920143374,80.26283340668093,PASS,none
TN_VARDAH_2016_111109,TN_VARDAH_2016,6d80717f1fd3f407,TRUE,TRUE,data/tamil_nadu/buildings/validated/TN_VARDAH_2016_buildings.gpkg,81.52,13.089815185151641,80.26308049477765,PASS,none
TN_VARDAH_2016_111263,TN_VARDAH_2016,333097e022cdeb13,TRUE,TRUE,data/tamil_nadu/buildings/validated/TN_VARDAH_2016_buildings.gpkg,71.4,13.099046287064704,80.26475874393243,PASS,none
TN_VARDAH_2016_138710,TN_VARDAH_2016,cc4ec946798a756b,TRUE,TRUE,data/tamil_nadu/buildings/validated/TN_VARDAH_2016_buildings.gpkg,53.25,13.113122328090016,80.26526567192805,PASS,none
TN_VARDAH_2016_168503,TN_VARDAH_2016,6aef4a88a4a0408f,TRUE,TRUE,data/tamil_nadu/buildings/validated/TN_VARDAH_2016_buildings.gpkg,131.56,13.12845166938836,80.26341770025721,PASS,none
TN_VARDAH_2016_198191,TN_VARDAH_2016,8afae72a2f696158,TRUE,TRUE,data/tamil_nadu/buildings/validated/TN_VARDAH_2016_buildings.gpkg,252.58,13.150342205838166,80.26646408704826,PASS,none
TN_VARDAH_2016_019904,TN_VARDAH_2016,c0da0aaaea74f69d,TRUE,TRUE,data/tamil_nadu/buildings/validated/TN_VARDAH_2016_buildings.gpkg,14.02,13.020598770852759,80.27790064162933,PASS,none
TN_VARDAH_2016_041766,TN_VARDAH_2016,92ce748ebacf4574,TRUE,TRUE,data/tamil_nadu/buildings/validated/TN_VARDAH_2016_buildings.gpkg,157.06,13.038452088586988,80.28006268614347,PASS,none
TN_VARDAH_2016_066403,TN_VARDAH_2016,1f5d16049fee3a66,TRUE,TRUE,data/tamil_nadu/buildings/validated/TN_VARDAH_2016_buildings.gpkg,113.48,13.061416404872245,80.27901280298381,PASS,none
TN_VARDAH_2016_091150,TN_VARDAH_2016,c23bf9b3c792e54a,TRUE,TRUE,data/tamil_nadu/buildings/validated/TN_VARDAH_2016_buildings.gpkg,25.54,13.079055001417235,80.27948701673579,PASS,none
TN_VARDAH_2016_116040,TN_VARDAH_2016,0549aae6f07796c9,TRUE,TRUE,data/tamil_nadu/buildings/validated/TN_VARDAH_2016_buildings.gpkg,316.35,13.090845856098515,80.27839796331719,PASS,none
TN_VARDAH_2016_143647,TN_VARDAH_2016,e85efb27f99dbc96,TRUE,TRUE,data/tamil_nadu/buildings/validated/TN_VARDAH_2016_buildings.gpkg,61.24,13.11996762428682,80.28145402355803,PASS,none
TN_VARDAH_2016_173342,TN_VARDAH_2016,4c8efd09813b6b09,TRUE,TRUE,data/tamil_nadu/buildings/validated/TN_VARDAH_2016_buildings.gpkg,65.76,13.129733821178517,80.279804532631,PASS,none
TN_VARDAH_2016_203020,TN_VARDAH_2016,6f0b063771a8fdec,TRUE,TRUE,data/tamil_nadu/buildings/validated/TN_VARDAH_2016_buildings.gpkg,178.19,13.145525470082436,80.28449102122156,PASS,none
TN_VARDAH_2016_092535,TN_VARDAH_2016,51e6e56d146b13a7,TRUE,TRUE,data/tamil_nadu/buildings/validated/TN_VARDAH_2016_buildings.gpkg,44.69,13.08231941467654,80.28917588167498,PASS,none
TN_VARDAH_2016_116806,TN_VARDAH_2016,67a42ff2905121fe,TRUE,TRUE,data/tamil_nadu/buildings/validated/TN_VARDAH_2016_buildings.gpkg,359.56,13.091007924281111,80.28942765734281,PASS,none
TN_VARDAH_2016_117908,TN_VARDAH_2016,467bbbe956fa388a,TRUE,TRUE,data/tamil_nadu/buildings/validated/TN_VARDAH_2016_buildings.gpkg,136.88,13.099248316953707,80.2893992060941,PASS,none
TN_VARDAH_2016_173618,TN_VARDAH_2016,c3002cd6c5b00ed4,TRUE,TRUE,data/tamil_nadu/buildings/validated/TN_VARDAH_2016_buildings.gpkg,23.64,13.13432634217575,80.28912453029075,PASS,none
TN_VARDAH_2016_203252,TN_VARDAH_2016,fa94cebbd8a1002d,TRUE,TRUE,data/tamil_nadu/buildings/validated/TN_VARDAH_2016_buildings.gpkg,107.92,13.156509091490921,80.28933134821577,PASS,none
TN_VARDAH_2016_122455,TN_VARDAH_2016,f433c5d583d32982,TRUE,TRUE,data/tamil_nadu/buildings/validated/TN_VARDAH_2016_buildings.gpkg,179.32,13.096126305924976,80.30295052167989,PASS,none
TN_VARDAH_2016_153522,TN_VARDAH_2016,99b2c82dc1d35d88,TRUE,TRUE,data/tamil_nadu/buildings/validated/TN_VARDAH_2016_buildings.gpkg,81.21,13.107372869896066,80.30997662310779,PASS,none
TN_VARDAH_2016_206202,TN_VARDAH_2016,d714b559ef473ed6,TRUE,TRUE,data/tamil_nadu/buildings/validated/TN_VARDAH_2016_buildings.gpkg,80.12,13.157159615155507,80.30261720359132,PASS,none
TN_VARDAH_2016_000021,TN_VARDAH_2016,cb9e495439d2bfc7,TRUE,TRUE,data/tamil_nadu/buildings/validated/TN_VARDAH_2016_buildings.gpkg,11.84,13.013437276567991,80.20459719884091,PASS,none
TN_VARDAH_2016_000121,TN_VARDAH_2016,39a9d4dad1a1d5e5,TRUE,TRUE,data/tamil_nadu/buildings/validated/TN_VARDAH_2016_buildings.gpkg,50.83,13.024537809437424,80.20257424800894,PASS,none
TN_VARDAH_2016_021856,TN_VARDAH_2016,eaf75c371a3b5ad6,TRUE,TRUE,data/tamil_nadu/buildings/validated/TN_VARDAH_2016_buildings.gpkg,173.61,13.038748280951515,80.19573665002768,PASS,none
TN_VARDAH_2016_046574,TN_VARDAH_2016,ebf7d8544e375b4f,TRUE,TRUE,data/tamil_nadu/buildings/validated/TN_VARDAH_2016_buildings.gpkg,70.12,13.054793250891752,80.20196704801268,PASS,none
TN_VARDAH_2016_071309,TN_VARDAH_2016,44640a207dcaa45e,TRUE,TRUE,data/tamil_nadu/buildings/validated/TN_VARDAH_2016_buildings.gpkg,54.1,13.074192020959943,80.20300219947592,PASS,none
TN_VARDAH_2016_096225,TN_VARDAH_2016,f8ed032f2d5600b0,TRUE,TRUE,data/tamil_nadu/buildings/validated/TN_VARDAH_2016_buildings.gpkg,55.21,13.089627595347084,80.20636698320358,PASS,none
TN_VARDAH_2016_096286,TN_VARDAH_2016,802600a9af1500fa,TRUE,TRUE,data/tamil_nadu/buildings/validated/TN_VARDAH_2016_buildings.gpkg,6695.57,13.098037657717098,80.20640313204805,PASS,none
TN_VARDAH_2016_123831,TN_VARDAH_2016,609abbfdb3434aaf,TRUE,TRUE,data/tamil_nadu/buildings/validated/TN_VARDAH_2016_buildings.gpkg,157.76,13.119835177570819,80.2022278193195,PASS,none
TN_VARDAH_2016_153551,TN_VARDAH_2016,f7a4aa4e44e1e7e4,TRUE,TRUE,data/tamil_nadu/buildings/validated/TN_VARDAH_2016_buildings.gpkg,48.46,13.13211392262201,80.19821940990053,PASS,none
TN_VARDAH_2016_183210,TN_VARDAH_2016,29b5089cd3195983,TRUE,TRUE,data/tamil_nadu/buildings/validated/TN_VARDAH_2016_buildings.gpkg,21.74,13.156259706357945,80.20541747064712,PASS,none
TN_VARDAH_2016_000085,TN_VARDAH_2016,ac6430d8c3eaf355,TRUE,TRUE,data/tamil_nadu/buildings/validated/TN_VARDAH_2016_buildings.gpkg,123.5,13.015887583891125,80.21165335672053,PASS,none
TN_VARDAH_2016_021926,TN_VARDAH_2016,6d5573fcf7f732cd,TRUE,TRUE,data/tamil_nadu/buildings/validated/TN_VARDAH_2016_buildings.gpkg,170.65,13.038760566694254,80.20954568271436,PASS,none
TN_VARDAH_2016_046603,TN_VARDAH_2016,1fdc122c24320ec7,TRUE,TRUE,data/tamil_nadu/buildings/validated/TN_VARDAH_2016_buildings.gpkg,84.97,13.05850700349099,80.21004142195788,PASS,none
TN_VARDAH_2016_071324,TN_VARDAH_2016,c5a7adfbddcb6027,TRUE,TRUE,data/tamil_nadu/buildings/validated/TN_VARDAH_2016_buildings.gpkg,35.34,13.078868642208569,80.21157477847842,PASS,none
TN_VARDAH_2016_077377,TN_VARDAH_2016,f60dd887a2c7a69e,TRUE,TRUE,data/tamil_nadu/buildings/validated/TN_VARDAH_2016_buildings.gpkg,43.15,13.082708546539068,80.21549694485176,PASS,none
TN_VARDAH_2016_096531,TN_VARDAH_2016,47d2c75af9481809,TRUE,TRUE,data/tamil_nadu/buildings/validated/TN_VARDAH_2016_buildings.gpkg,28.34,13.101098858806647,80.21392868308442,PASS,none
TN_VARDAH_2016_123872,TN_VARDAH_2016,9b0c0fb957953f9b,TRUE,TRUE,data/tamil_nadu/buildings/validated/TN_VARDAH_2016_buildings.gpkg,77.02,13.11394220409038,80.20916020640516,PASS,none
TN_VARDAH_2016_153594,TN_VARDAH_2016,658fa49d41bdbc1e,TRUE,TRUE,data/tamil_nadu/buildings/validated/TN_VARDAH_2016_buildings.gpkg,101.64,13.134760741028707,80.21062046391997,PASS,none
TN_VARDAH_2016_183267,TN_VARDAH_2016,b97b0d60e87ac8e1,TRUE,TRUE,data/tamil_nadu/buildings/validated/TN_VARDAH_2016_buildings.gpkg,105.09,13.154476819857367,80.21121938695977,PASS,none
TN_VARDAH_2016_005022,TN_VARDAH_2016,5b3e4251de5a6f0a,TRUE,TRUE,data/tamil_nadu/buildings/validated/TN_VARDAH_2016_buildings.gpkg,31.97,13.008741174819507,80.22677463784002,PASS,none
TN_VARDAH_2016_005106,TN_VARDAH_2016,2f989e0268c07e4c,TRUE,TRUE,data/tamil_nadu/buildings/validated/TN_VARDAH_2016_buildings.gpkg,37.45,13.024074500850427,80.22897714562353,PASS,none
TN_VARDAH_2016_026810,TN_VARDAH_2016,669f49a1a1d847c0,TRUE,TRUE,data/tamil_nadu/buildings/validated/TN_VARDAH_2016_buildings.gpkg,169.92,13.04068801089381,80.22845217060338,PASS,none
TN_VARDAH_2016_051549,TN_VARDAH_2016,a900961a92a84a9d,TRUE,TRUE,data/tamil_nadu/buildings/validated/TN_VARDAH_2016_buildings.gpkg,216.49,13.059650914056576,80.22266958884254,PASS,none
TN_VARDAH_2016_076287,TN_VARDAH_2016,6ae468c020c41647,TRUE,TRUE,data/tamil_nadu/buildings/validated/TN_VARDAH_2016_buildings.gpkg,429.63,13.077276767433785,80.2271635809425,PASS,none
TN_VARDAH_2016_128772,TN_VARDAH_2016,219a07b4e3153be2,TRUE,TRUE,data/tamil_nadu/buildings/validated/TN_VARDAH_2016_buildings.gpkg,41.67,13.115474307614509,80.22224527241575,PASS,none
TN_VARDAH_2016_158538,TN_VARDAH_2016,8886d40c3d35cd60,TRUE,TRUE,data/tamil_nadu/buildings/validated/TN_VARDAH_2016_buildings.gpkg,54.39,13.130218685724316,80.2279916079439,PASS,none
TN_VARDAH_2016_188143,TN_VARDAH_2016,57d17ae1500c1b6d,TRUE,TRUE,data/tamil_nadu/buildings/validated/TN_VARDAH_2016_buildings.gpkg,99.88,13.147342503963563,80.22688256844901,PASS,none
TN_VARDAH_2016_009968,TN_VARDAH_2016,8b7e3613bc25e17a,TRUE,TRUE,data/tamil_nadu/buildings/validated/TN_VARDAH_2016_buildings.gpkg,46.42,13.013956578742738,80.24538886250635,PASS,none
TN_VARDAH_2016_010064,TN_VARDAH_2016,15b139a4d0787375,TRUE,TRUE,data/tamil_nadu/buildings/validated/TN_VARDAH_2016_buildings.gpkg,180.72,13.026368760824209,80.24680885013076,PASS,none
TN_VARDAH_2016_056466,TN_VARDAH_2016,44ec993d8d2d66b5,TRUE,TRUE,data/tamil_nadu/buildings/validated/TN_VARDAH_2016_buildings.gpkg,30.3,13.058839285523574,80.24537933579165,PASS,none
TN_VARDAH_2016_081223,TN_VARDAH_2016,05a94280bb59dc4d,TRUE,TRUE,data/tamil_nadu/buildings/validated/TN_VARDAH_2016_buildings.gpkg,27.02,13.071368203581732,80.24557412509614,PASS,none
TN_VARDAH_2016_106252,TN_VARDAH_2016,8ac8983e397306ca,TRUE,TRUE,data/tamil_nadu/buildings/validated/TN_VARDAH_2016_buildings.gpkg,15.15,13.100271817918937,80.2373505136209,PASS,none
TN_VARDAH_2016_133734,TN_VARDAH_2016,316ff694c16e4602,TRUE,TRUE,data/tamil_nadu/buildings/validated/TN_VARDAH_2016_buildings.gpkg,19.05,13.11471767044492,80.24181961968414,PASS,none
TN_VARDAH_2016_163462,TN_VARDAH_2016,394906cb103be0a8,TRUE,TRUE,data/tamil_nadu/buildings/validated/TN_VARDAH_2016_buildings.gpkg,56.99,13.131986428128702,80.24595313014842,PASS,none
TN_VARDAH_2016_193151,TN_VARDAH_2016,7994795feb76d2f5,TRUE,TRUE,data/tamil_nadu/buildings/validated/TN_VARDAH_2016_buildings.gpkg,70.91,13.152626590943523,80.23939529352626,PASS,none
TN_VARDAH_2016_010053,TN_VARDAH_2016,2097a1bf5a0fb12c,TRUE,TRUE,data/tamil_nadu/buildings/validated/TN_VARDAH_2016_buildings.gpkg,33.82,13.019750797042494,80.25085191119322,PASS,none
TN_VARDAH_2016_010349,TN_VARDAH_2016,e535808e19280802,TRUE,TRUE,data/tamil_nadu/buildings/validated/TN_VARDAH_2016_buildings.gpkg,23.0,13.025670886879219,80.25143088995956,PASS,none
TN_VARDAH_2016_031864,TN_VARDAH_2016,279b0b6bc4912f1b,TRUE,TRUE,data/tamil_nadu/buildings/validated/TN_VARDAH_2016_buildings.gpkg,9.0,13.039888208642266,80.24973106434362,PASS,none
TN_VARDAH_2016_056517,TN_VARDAH_2016,1dea4f4bf0031148,TRUE,TRUE,data/tamil_nadu/buildings/validated/TN_VARDAH_2016_buildings.gpkg,32.66,13.058714634460403,80.24963865556984,PASS,none
TN_VARDAH_2016_081336,TN_VARDAH_2016,00f612a544cf98df,TRUE,TRUE,data/tamil_nadu/buildings/validated/TN_VARDAH_2016_buildings.gpkg,15.03,13.080776784529691,80.25151932446711,PASS,none
TN_VARDAH_2016_106198,TN_VARDAH_2016,91de77c399ea1290,TRUE,TRUE,data/tamil_nadu/buildings/validated/TN_VARDAH_2016_buildings.gpkg,59.04,13.097351584135385,80.25004063032056,PASS,none
TN_VARDAH_2016_106477,TN_VARDAH_2016,df11aecbb8268b2d,TRUE,TRUE,data/tamil_nadu/buildings/validated/TN_VARDAH_2016_buildings.gpkg,56.91,13.099070234291139,80.25154817724653,PASS,none
TN_VARDAH_2016_163484,TN_VARDAH_2016,877f653ff2ff43a6,TRUE,TRUE,data/tamil_nadu/buildings/validated/TN_VARDAH_2016_buildings.gpkg,56.47,13.13286288646418,80.24900653793351,PASS,none
TN_VARDAH_2016_193214,TN_VARDAH_2016,0cced8086a4a2c2f,TRUE,TRUE,data/tamil_nadu/buildings/validated/TN_VARDAH_2016_buildings.gpkg,110.66,13.152280051015644,80.24973301981953,PASS,none
TN_VARDAH_2016_015035,TN_VARDAH_2016,987bc717ce8df795,TRUE,TRUE,data/tamil_nadu/buildings/validated/TN_VARDAH_2016_buildings.gpkg,517.56,13.017577562043426,80.26469133876057,PASS,none
TN_VARDAH_2016_014984,TN_VARDAH_2016,0afcad15ff4a80f7,TRUE,TRUE,data/tamil_nadu/buildings/validated/TN_VARDAH_2016_buildings.gpkg,86.04,13.026401640725936,80.26646763023565,PASS,none
TN_VARDAH_2016_036736,TN_VARDAH_2016,21f58770c0244a2b,TRUE,TRUE,data/tamil_nadu/buildings/validated/TN_VARDAH_2016_buildings.gpkg,262.03,13.039885144068716,80.26827351259348,PASS,none
TN_VARDAH_2016_061423,TN_VARDAH_2016,19b2892be6075dfb,TRUE,TRUE,data/tamil_nadu/buildings/validated/TN_VARDAH_2016_buildings.gpkg,145.48,13.057272386049286,80.26297767421717,PASS,none
TN_VARDAH_2016_086177,TN_VARDAH_2016,4c71415523102363,TRUE,TRUE,data/tamil_nadu/buildings/validated/TN_VARDAH_2016_buildings.gpkg,109.8,13.072801328577754,80.26566701040593,PASS,none
TN_VARDAH_2016_111110,TN_VARDAH_2016,4ce1b2bf809c34d1,TRUE,TRUE,data/tamil_nadu/buildings/validated/TN_VARDAH_2016_buildings.gpkg,171.41,13.090691376144703,80.26770725723614,PASS,none
TN_VARDAH_2016_111264,TN_VARDAH_2016,62c4ec0371e20dcc,TRUE,TRUE,data/tamil_nadu/buildings/validated/TN_VARDAH_2016_buildings.gpkg,56.19,13.09884292854368,80.27021337688473,PASS,none
TN_VARDAH_2016_138714,TN_VARDAH_2016,757cf63896bea7e2,TRUE,TRUE,data/tamil_nadu/buildings/validated/TN_VARDAH_2016_buildings.gpkg,70.56,13.119654690943117,80.26386842153114,PASS,none
TN_VARDAH_2016_168511,TN_VARDAH_2016,b97546da6586188e,TRUE,TRUE,data/tamil_nadu/buildings/validated/TN_VARDAH_2016_buildings.gpkg,42.57,13.12794304510851,80.2675679335878,PASS,none
TN_VARDAH_2016_198258,TN_VARDAH_2016,b871cfd471c00523,TRUE,TRUE,data/tamil_nadu/buildings/validated/TN_VARDAH_2016_buildings.gpkg,11.85,13.15204236637003,80.26992950068976,PASS,none
TN_VARDAH_2016_019905,TN_VARDAH_2016,52745e99d89ea6e6,TRUE,TRUE,data/tamil_nadu/buildings/validated/TN_VARDAH_2016_buildings.gpkg,36.02,13.019325205715967,80.27790460715899,PASS,none
TN_VARDAH_2016_019956,TN_VARDAH_2016,694a4a730c07ad27,TRUE,TRUE,data/tamil_nadu/buildings/validated/TN_VARDAH_2016_buildings.gpkg,339.88,13.026045009438825,80.27673864314012,PASS,none
TN_VARDAH_2016_041767,TN_VARDAH_2016,a176719b7ada044f,TRUE,TRUE,data/tamil_nadu/buildings/validated/TN_VARDAH_2016_buildings.gpkg,25.82,13.044277636114623,80.27736409792125,PASS,none
TN_VARDAH_2016_066410,TN_VARDAH_2016,36ea73989143fd90,TRUE,TRUE,data/tamil_nadu/buildings/validated/TN_VARDAH_2016_buildings.gpkg,189.17,13.063457806919992,80.27626309936404,PASS,none
TN_VARDAH_2016_091154,TN_VARDAH_2016,538cb1e5064a5cc4,TRUE,TRUE,data/tamil_nadu/buildings/validated/TN_VARDAH_2016_buildings.gpkg,571.66,13.08100712174719,80.28773589827281,PASS,none
TN_VARDAH_2016_116042,TN_VARDAH_2016,2e8b47ee1ba7d5f7,TRUE,TRUE,data/tamil_nadu/buildings/validated/TN_VARDAH_2016_buildings.gpkg,49.9,13.085518352856276,80.2786928602948,PASS,none
TN_GAJA_2018_000001,TN_GAJA_2018,0b2c7bd7c4a43c79,TRUE,TRUE,data/tamil_nadu/buildings/validated/TN_GAJA_2018_buildings.gpkg,19.29,10.694804368004204,79.77532740157163,PASS,none
TN_GAJA_2018_000007,TN_GAJA_2018,1bf6cdb15de55066,TRUE,TRUE,data/tamil_nadu/buildings/validated/TN_GAJA_2018_buildings.gpkg,50.16,10.707322566710497,79.76819693321116,PASS,none
TN_GAJA_2018_006251,TN_GAJA_2018,3dfca57bd4058d2b,TRUE,TRUE,data/tamil_nadu/buildings/validated/TN_GAJA_2018_buildings.gpkg,45.4,10.721214799985413,79.7740478089277,PASS,none
TN_GAJA_2018_010200,TN_GAJA_2018,94bc6a5e39c4444f,TRUE,TRUE,data/tamil_nadu/buildings/validated/TN_GAJA_2018_buildings.gpkg,22.2,10.743147818553933,79.77243435779116,PASS,none
TN_GAJA_2018_016691,TN_GAJA_2018,13bff53a7c7c0cb9,TRUE,TRUE,data/tamil_nadu/buildings/validated/TN_GAJA_2018_buildings.gpkg,11.03,10.759748470833095,79.77072386636664,PASS,none
TN_GAJA_2018_033170,TN_GAJA_2018,0c4d9d800b6a3e49,TRUE,TRUE,data/tamil_nadu/buildings/validated/TN_GAJA_2018_buildings.gpkg,15.66,10.770150025643549,79.7720266486171,PASS,none
TN_GAJA_2018_033217,TN_GAJA_2018,7b51b69fd8908bc8,TRUE,TRUE,data/tamil_nadu/buildings/validated/TN_GAJA_2018_buildings.gpkg,27.55,10.781707354693019,79.77062612103269,PASS,none
TN_GAJA_2018_046649,TN_GAJA_2018,13fe0a4f4411e9fc,TRUE,TRUE,data/tamil_nadu/buildings/validated/TN_GAJA_2018_buildings.gpkg,28.03,10.795859890653196,79.76854857200571,PASS,none
TN_GAJA_2018_054446,TN_GAJA_2018,f4ff91d7ebda091b,TRUE,TRUE,data/tamil_nadu/buildings/validated/TN_GAJA_2018_buildings.gpkg,43.61,10.817969211987911,79.77783650293577,PASS,none
TN_GAJA_2018_063623,TN_GAJA_2018,f22e464eba9a0706,TRUE,TRUE,data/tamil_nadu/buildings/validated/TN_GAJA_2018_buildings.gpkg,20.94,10.837329470991513,79.77812892921334,PASS,none
TN_GAJA_2018_000003,TN_GAJA_2018,b19805f258b78207,TRUE,TRUE,data/tamil_nadu/buildings/validated/TN_GAJA_2018_buildings.gpkg,20.84,10.698661843542215,79.78224558553559,PASS,none
TN_GAJA_2018_006248,TN_GAJA_2018,b48ae2c607cba467,TRUE,TRUE,data/tamil_nadu/buildings/validated/TN_GAJA_2018_buildings.gpkg,37.58,10.713719567780249,79.78513571201756,PASS,none
TN_GAJA_2018_006269,TN_GAJA_2018,398ff4ad3913293e,TRUE,TRUE,data/tamil_nadu/buildings/validated/TN_GAJA_2018_buildings.gpkg,37.66,10.721324659642,79.78225635556575,PASS,none
TN_GAJA_2018_010247,TN_GAJA_2018,c277c759777a28a5,TRUE,TRUE,data/tamil_nadu/buildings/validated/TN_GAJA_2018_buildings.gpkg,41.08,10.735628928694263,79.7797480775101,PASS,none
TN_GAJA_2018_016681,TN_GAJA_2018,31d84b0df1c2c88f,TRUE,TRUE,data/tamil_nadu/buildings/validated/TN_GAJA_2018_buildings.gpkg,77.42,10.759721783520423,79.78234908219854,PASS,none
TN_GAJA_2018_016904,TN_GAJA_2018,2ab0c65c91a23aa8,TRUE,TRUE,data/tamil_nadu/buildings/validated/TN_GAJA_2018_buildings.gpkg,60.0,10.76558662170511,79.78549063190681,PASS,none
TN_GAJA_2018_033892,TN_GAJA_2018,0a6e0745bc82c8d0,TRUE,TRUE,data/tamil_nadu/buildings/validated/TN_GAJA_2018_buildings.gpkg,15.6,10.782177815307605,79.78035012110799,PASS,none
TN_GAJA_2018_046641,TN_GAJA_2018,9bffe70b00424221,TRUE,TRUE,data/tamil_nadu/buildings/validated/TN_GAJA_2018_buildings.gpkg,19.52,10.801227908632763,79.78169078586917,PASS,none
TN_GAJA_2018_054447,TN_GAJA_2018,99e6f61b1b7ed958,TRUE,TRUE,data/tamil_nadu/buildings/validated/TN_GAJA_2018_buildings.gpkg,8.59,10.817865215017955,79.78641179423737,PASS,none
TN_GAJA_2018_063621,TN_GAJA_2018,63ba683a4ca23491,TRUE,TRUE,data/tamil_nadu/buildings/validated/TN_GAJA_2018_buildings.gpkg,98.92,10.839935290868148,79.78490628151205,PASS,none
TN_GAJA_2018_001089,TN_GAJA_2018,8cae3d6199b42c98,TRUE,TRUE,data/tamil_nadu/buildings/validated/TN_GAJA_2018_buildings.gpkg,13.51,10.6950313631518,79.79991061385522,PASS,none
TN_GAJA_2018_001093,TN_GAJA_2018,076e33892fbf28da,TRUE,TRUE,data/tamil_nadu/buildings/validated/TN_GAJA_2018_buildings.gpkg,24.12,10.705965326892201,79.7995632193898,PASS,none
TN_GAJA_2018_011204,TN_GAJA_2018,41847ef434010c29,TRUE,TRUE,data/tamil_nadu/buildings/validated/TN_GAJA_2018_buildings.gpkg,54.61,10.744440231476698,79.79907192374273,PASS,none
TN_GAJA_2018_017083,TN_GAJA_2018,0018995c613c4814,TRUE,TRUE,data/tamil_nadu/buildings/validated/TN_GAJA_2018_buildings.gpkg,55.19,10.758682079726347,79.79625943397303,PASS,none
TN_GAJA_2018_034717,TN_GAJA_2018,17afc711e174a674,TRUE,TRUE,data/tamil_nadu/buildings/validated/TN_GAJA_2018_buildings.gpkg,28.65,10.770237558984093,79.80024594816624,PASS,none
TN_GAJA_2018_034733,TN_GAJA_2018,dd71ae74827a1ad5,TRUE,TRUE,data/tamil_nadu/buildings/validated/TN_GAJA_2018_buildings.gpkg,27.46,10.784095991697894,79.79979506943444,PASS,none
TN_GAJA_2018_047532,TN_GAJA_2018,adb626801e782b1e,TRUE,TRUE,data/tamil_nadu/buildings/validated/TN_GAJA_2018_buildings.gpkg,42.23,10.799814859089299,79.79120542716247,PASS,none
TN_GAJA_2018_054766,TN_GAJA_2018,8682214f6a0e44cb,TRUE,TRUE,data/tamil_nadu/buildings/validated/TN_GAJA_2018_buildings.gpkg,13.07,10.812517387537143,79.79449191497369,PASS,none
TN_GAJA_2018_064266,TN_GAJA_2018,b6d02efe9cecfe21,TRUE,TRUE,data/tamil_nadu/buildings/validated/TN_GAJA_2018_buildings.gpkg,76.42,10.826482384273314,79.79688198184611,PASS,none
TN_GAJA_2018_001094,TN_GAJA_2018,215ce932d853d9ff,TRUE,TRUE,data/tamil_nadu/buildings/validated/TN_GAJA_2018_buildings.gpkg,51.32,10.70205535108249,79.80108377377162,PASS,none
TN_GAJA_2018_001097,TN_GAJA_2018,63b5547583660299,TRUE,TRUE,data/tamil_nadu/buildings/validated/TN_GAJA_2018_buildings.gpkg,23.37,10.708118122930573,79.80358421827461,PASS,none
TN_GAJA_2018_006764,TN_GAJA_2018,1210cd6db06e97e2,TRUE,TRUE,data/tamil_nadu/buildings/validated/TN_GAJA_2018_buildings.gpkg,23.98,10.723614414109294,79.80233961943796,PASS,none
TN_GAJA_2018_011220,TN_GAJA_2018,c0799beb35f679f4,TRUE,TRUE,data/tamil_nadu/buildings/validated/TN_GAJA_2018_buildings.gpkg,42.49,10.744333075023464,79.80499779502152,PASS,none
TN_GAJA_2018_017079,TN_GAJA_2018,95ae82a4f57bc714,TRUE,TRUE,data/tamil_nadu/buildings/validated/TN_GAJA_2018_buildings.gpkg,140.17,10.756237666220176,79.80112581842096,PASS,none
TN_GAJA_2018_020419,TN_GAJA_2018,1a4fdb984a5aeeea,TRUE,TRUE,data/tamil_nadu/buildings/validated/TN_GAJA_2018_buildings.gpkg,51.45,10.765640833362676,79.80585768181363,PASS,none
TN_GAJA_2018_034730,TN_GAJA_2018,f9442b071b32702f,TRUE,TRUE,data/tamil_nadu/buildings/validated/TN_GAJA_2018_buildings.gpkg,7.08,10.78197180275742,79.80495777513575,PASS,none
TN_GAJA_2018_047530,TN_GAJA_2018,c456699bcbfbb11f,TRUE,TRUE,data/tamil_nadu/buildings/validated/TN_GAJA_2018_buildings.gpkg,12.35,10.798914712554646,79.80492685825261,PASS,none
TN_GAJA_2018_054774,TN_GAJA_2018,c9ea11e6783b8be4,TRUE,TRUE,data/tamil_nadu/buildings/validated/TN_GAJA_2018_buildings.gpkg,50.53,10.81549695851945,79.80181938891866,PASS,none
TN_GAJA_2018_064278,TN_GAJA_2018,ed16bd24b6362668,TRUE,TRUE,data/tamil_nadu/buildings/validated/TN_GAJA_2018_buildings.gpkg,47.65,10.830958118037776,79.80223424234292,PASS,none
TN_GAJA_2018_002172,TN_GAJA_2018,da08e8c7173fe86e,TRUE,TRUE,data/tamil_nadu/buildings/validated/TN_GAJA_2018_buildings.gpkg,33.11,10.694582783086865,79.82193805378016,PASS,none
TN_GAJA_2018_002173,TN_GAJA_2018,de4eec932d437a5b,TRUE,TRUE,data/tamil_nadu/buildings/validated/TN_GAJA_2018_buildings.gpkg,13.08,10.70558537733956,79.81483205739742,PASS,none
TN_GAJA_2018_007816,TN_GAJA_2018,a8b929f046ebd0e5,TRUE,TRUE,data/tamil_nadu/buildings/validated/TN_GAJA_2018_buildings.gpkg,22.82,10.723749229484886,79.81587510614261,PASS,none
TN_GAJA_2018_012082,TN_GAJA_2018,90cbae4291a59798,TRUE,TRUE,data/tamil_nadu/buildings/validated/TN_GAJA_2018_buildings.gpkg,42.04,10.739934801521015,79.8218319076325,PASS,none
TN_GAJA_2018_019847,TN_GAJA_2018,c10e15ac5e233f32,TRUE,TRUE,data/tamil_nadu/buildings/validated/TN_GAJA_2018_buildings.gpkg,21.34,10.762244515524875,79.8204351684494,PASS,none
TN_GAJA_2018_036106,TN_GAJA_2018,e5ab1ecd810b9742,TRUE,TRUE,data/tamil_nadu/buildings/validated/TN_GAJA_2018_buildings.gpkg,37.3,10.7739211810886,79.82240051024284,PASS,none
TN_GAJA_2018_048489,TN_GAJA_2018,70d80d48845db8ee,TRUE,TRUE,data/tamil_nadu/buildings/validated/TN_GAJA_2018_buildings.gpkg,73.88,10.785188217518016,79.81405815801537,PASS,none
TN_GAJA_2018_048482,TN_GAJA_2018,62d3060062a07c09,TRUE,TRUE,data/tamil_nadu/buildings/validated/TN_GAJA_2018_buildings.gpkg,30.76,10.799473691654253,79.81934826742248,PASS,none
TN_GAJA_2018_065040,TN_GAJA_2018,47e9112484bc3652,TRUE,TRUE,data/tamil_nadu/buildings/validated/TN_GAJA_2018_buildings.gpkg,12.81,10.829007789524626,79.81292436517737,PASS,none
TN_GAJA_2018_002191,TN_GAJA_2018,53a87865af15b8d9,TRUE,TRUE,data/tamil_nadu/buildings/validated/TN_GAJA_2018_buildings.gpkg,69.13,10.708442939220523,79.8231490611661,PASS,none
TN_GAJA_2018_008573,TN_GAJA_2018,261b5d12ae169643,TRUE,TRUE,data/tamil_nadu/buildings/validated/TN_GAJA_2018_buildings.gpkg,28.89,10.723531251589947,79.83023465546427,PASS,none
TN_GAJA_2018_012095,TN_GAJA_2018,1466aba96926f2ca,TRUE,TRUE,data/tamil_nadu/buildings/validated/TN_GAJA_2018_buildings.gpkg,36.2,10.745900161811942,79.82393697552075,PASS,none
TN_GAJA_2018_036108,TN_GAJA_2018,53354c05a2129c7c,TRUE,TRUE,data/tamil_nadu/buildings/validated/TN_GAJA_2018_buildings.gpkg,35.01,10.773321671392205,79.82292257457725,PASS,none
TN_GAJA_2018_037699,TN_GAJA_2018,cdfa8bb4e033ed45,TRUE,TRUE,data/tamil_nadu/buildings/validated/TN_GAJA_2018_buildings.gpkg,67.31,10.780797251586895,79.8319279365978,PASS,none
TN_GAJA_2018_048505,TN_GAJA_2018,a67e5d152eee78dd,TRUE,TRUE,data/tamil_nadu/buildings/validated/TN_GAJA_2018_buildings.gpkg,34.83,10.799337778254019,79.82323333287917,PASS,none
TN_GAJA_2018_055331,TN_GAJA_2018,d460ff142bcc793d,TRUE,TRUE,data/tamil_nadu/buildings/validated/TN_GAJA_2018_buildings.gpkg,18.13,10.818509638391347,79.82376831370264,PASS,none
TN_GAJA_2018_065039,TN_GAJA_2018,e771decd081d9fc6,TRUE,TRUE,data/tamil_nadu/buildings/validated/TN_GAJA_2018_buildings.gpkg,27.52,10.829466439413377,79.82382548298318,PASS,none
TN_GAJA_2018_003844,TN_GAJA_2018,23cb1c2e4b4105b9,TRUE,TRUE,data/tamil_nadu/buildings/validated/TN_GAJA_2018_buildings.gpkg,23.24,10.702431994914027,79.83933326235854,PASS,none
TN_GAJA_2018_003846,TN_GAJA_2018,b804f14793473c95,TRUE,TRUE,data/tamil_nadu/buildings/validated/TN_GAJA_2018_buildings.gpkg,52.36,10.707807896436687,79.83903667073761,PASS,none
TN_GAJA_2018_008575,TN_GAJA_2018,0d499e8f007d15c4,TRUE,TRUE,data/tamil_nadu/buildings/validated/TN_GAJA_2018_buildings.gpkg,34.09,10.723648069169732,79.84015277200236,PASS,none
TN_GAJA_2018_013554,TN_GAJA_2018,fd6ad55ca3766478,TRUE,TRUE,data/tamil_nadu/buildings/validated/TN_GAJA_2018_buildings.gpkg,38.32,10.738012434495829,79.83927186779064,PASS,none
TN_GAJA_2018_023542,TN_GAJA_2018,0ad642e5651f10af,TRUE,TRUE,data/tamil_nadu/buildings/validated/TN_GAJA_2018_buildings.gpkg,30.37,10.765426555434354,79.84128813434913,PASS,none
TN_GAJA_2018_037691,TN_GAJA_2018,209a049dfe297edc,TRUE,TRUE,data/tamil_nadu/buildings/validated/TN_GAJA_2018_buildings.gpkg,53.56,10.777966361561925,79.83863896012787,PASS,none
TN_GAJA_2018_037708,TN_GAJA_2018,a82556837f013549,TRUE,TRUE,data/tamil_nadu/buildings/validated/TN_GAJA_2018_buildings.gpkg,76.71,10.781196386732672,79.83608990208135,PASS,none
TN_GAJA_2018_049295,TN_GAJA_2018,c50764eb5914763f,TRUE,TRUE,data/tamil_nadu/buildings/validated/TN_GAJA_2018_buildings.gpkg,152.39,10.798463696445804,79.8362599903423,PASS,none
TN_GAJA_2018_056050,TN_GAJA_2018,4dce71888192b92c,TRUE,TRUE,data/tamil_nadu/buildings/validated/TN_GAJA_2018_buildings.gpkg,24.99,10.812535605115041,79.8385947823774,PASS,none
TN_GAJA_2018_066025,TN_GAJA_2018,f7928ad790fbff68,TRUE,TRUE,data/tamil_nadu/buildings/validated/TN_GAJA_2018_buildings.gpkg,79.8,10.828692585337144,79.83546583976494,PASS,none
TN_GAJA_2018_005634,TN_GAJA_2018,e1f6c93713a750c4,TRUE,TRUE,data/tamil_nadu/buildings/validated/TN_GAJA_2018_buildings.gpkg,81.22,10.69905127480777,79.8454939777766,PASS,none
TN_GAJA_2018_005643,TN_GAJA_2018,0a9a24a9445f6c16,TRUE,TRUE,data/tamil_nadu/buildings/validated/TN_GAJA_2018_buildings.gpkg,54.57,10.708194930506084,79.84581355884423,PASS,none
TN_GAJA_2018_009842,TN_GAJA_2018,28d9f32ee1b222fa,TRUE,TRUE,data/tamil_nadu/buildings/validated/TN_GAJA_2018_buildings.gpkg,13.81,10.728028825855278,79.8470460110524,PASS,none
TN_GAJA_2018_014523,TN_GAJA_2018,e86a95379645540a,TRUE,TRUE,data/tamil_nadu/buildings/validated/TN_GAJA_2018_buildings.gpkg,38.78,10.737576845543725,79.85102553760451,PASS,none
TN_GAJA_2018_028483,TN_GAJA_2018,404e1fb938bc9ccc,TRUE,TRUE,data/tamil_nadu/buildings/validated/TN_GAJA_2018_buildings.gpkg,67.76,10.75160630581187,79.84998572673341,PASS,none
TN_GAJA_2018_042652,TN_GAJA_2018,27d1cd8922ce387a,TRUE,TRUE,data/tamil_nadu/buildings/validated/TN_GAJA_2018_buildings.gpkg,22.29,10.770814582418653,79.84766670609679,PASS,none
TN_GAJA_2018_042656,TN_GAJA_2018,dafddd8d08c4c265,TRUE,TRUE,data/tamil_nadu/buildings/validated/TN_GAJA_2018_buildings.gpkg,83.09,10.781413551868807,79.84818673553636,PASS,none
TN_GAJA_2018_052775,TN_GAJA_2018,1de342feb1ee538f,TRUE,TRUE,data/tamil_nadu/buildings/validated/TN_GAJA_2018_buildings.gpkg,15.42,10.798519231710241,79.84607917199148,PASS,none
TN_GAJA_2018_061038,TN_GAJA_2018,c04c7a5d18ca522b,TRUE,TRUE,data/tamil_nadu/buildings/validated/TN_GAJA_2018_buildings.gpkg,16.79,10.815889694935514,79.84561481456,PASS,none
TN_GAJA_2018_068999,TN_GAJA_2018,22c919c480f0d639,TRUE,TRUE,data/tamil_nadu/buildings/validated/TN_GAJA_2018_buildings.gpkg,523.29,10.82901551060475,79.84531890538334,PASS,none
TN_GAJA_2018_069438,TN_GAJA_2018,b981bb723d710955,TRUE,TRUE,data/tamil_nadu/buildings/validated/TN_GAJA_2018_buildings.gpkg,26.57,10.825121615946498,79.85991866323053,PASS,none
TN_GAJA_2018_069641,TN_GAJA_2018,f0b72d9f76ad664a,TRUE,TRUE,data/tamil_nadu/buildings/validated/TN_GAJA_2018_buildings.gpkg,6.25,10.839513745689123,79.86194123816288,PASS,none
TN_GAJA_2018_010198,TN_GAJA_2018,bd24613e19a9ef75,TRUE,TRUE,data/tamil_nadu/buildings/validated/TN_GAJA_2018_buildings.gpkg,26.54,10.72166888533407,79.87698234926928,PASS,none
TN_GAJA_2018_016678,TN_GAJA_2018,e2e853e991791831,TRUE,TRUE,data/tamil_nadu/buildings/validated/TN_GAJA_2018_buildings.gpkg,16.74,10.740581545878337,79.87810399408916,PASS,none
TN_GAJA_2018_000012,TN_GAJA_2018,012bfcfdfbcc676d,TRUE,TRUE,data/tamil_nadu/buildings/validated/TN_GAJA_2018_buildings.gpkg,38.64,10.706817965325197,79.77077875922411,PASS,none
TN_GAJA_2018_006253,TN_GAJA_2018,c32c981c26394fc7,TRUE,TRUE,data/tamil_nadu/buildings/validated/TN_GAJA_2018_buildings.gpkg,10.6,10.722751346951066,79.77308789705774,PASS,none
TN_GAJA_2018_010207,TN_GAJA_2018,f97a7679a03de409,TRUE,TRUE,data/tamil_nadu/buildings/validated/TN_GAJA_2018_buildings.gpkg,24.31,10.73782910346133,79.7734952763196,PASS,none
TN_GAJA_2018_016694,TN_GAJA_2018,902a313599d80145,TRUE,TRUE,data/tamil_nadu/buildings/validated/TN_GAJA_2018_buildings.gpkg,9.84,10.761115023513382,79.77016731699916,PASS,none
TN_GAJA_2018_033171,TN_GAJA_2018,a2353551e8080a3a,TRUE,TRUE,data/tamil_nadu/buildings/validated/TN_GAJA_2018_buildings.gpkg,43.2,10.770298982352694,79.76781765535378,PASS,none
TN_GAJA_2018_033263,TN_GAJA_2018,5c261f7fe28ad4e0,TRUE,TRUE,data/tamil_nadu/buildings/validated/TN_GAJA_2018_buildings.gpkg,29.19,10.784357371045736,79.77271050224999,PASS,none
TN_GAJA_2018_046657,TN_GAJA_2018,fd89b7868f3fbcda,TRUE,TRUE,data/tamil_nadu/buildings/validated/TN_GAJA_2018_buildings.gpkg,18.54,10.80083882420632,79.77058475044554,PASS,none
TN_GAJA_2018_054451,TN_GAJA_2018,13973c15d1bdbd81,TRUE,TRUE,data/tamil_nadu/buildings/validated/TN_GAJA_2018_buildings.gpkg,28.91,10.81833559771737,79.77197763371825,PASS,none
TN_GAJA_2018_063630,TN_GAJA_2018,f0df1f4fb83ad4a1,TRUE,TRUE,data/tamil_nadu/buildings/validated/TN_GAJA_2018_buildings.gpkg,16.74,10.82566139024676,79.77007959086855,PASS,none
TN_GAJA_2018_000036,TN_GAJA_2018,cd030424aba6962c,TRUE,TRUE,data/tamil_nadu/buildings/validated/TN_GAJA_2018_buildings.gpkg,64.99,10.698194006622288,79.78474739127665,PASS,none
TN_GAJA_2018_006249,TN_GAJA_2018,e1ff74d3f8562d6b,TRUE,TRUE,data/tamil_nadu/buildings/validated/TN_GAJA_2018_buildings.gpkg,37.39,10.71419909829014,79.7823959550347,PASS,none
TN_GAJA_2018_006275,TN_GAJA_2018,bfc99525fa8fc66b,TRUE,TRUE,data/tamil_nadu/buildings/validated/TN_GAJA_2018_buildings.gpkg,19.49,10.721687853823978,79.78209696924307,PASS,none
TN_GAJA_2018_010267,TN_GAJA_2018,a005c514f1dddd07,TRUE,TRUE,data/tamil_nadu/buildings/validated/TN_GAJA_2018_buildings.gpkg,82.07,10.745782191792937,79.7827631531992,PASS,none
TN_GAJA_2018_016682,TN_GAJA_2018,b6a7adadedc52c8a,TRUE,TRUE,data/tamil_nadu/buildings/validated/TN_GAJA_2018_buildings.gpkg,47.16,10.758383682341545,79.78245531584378,PASS,none
TN_GAJA_2018_033172,TN_GAJA_2018,0828d5d9218afc55,TRUE,TRUE,data/tamil_nadu/buildings/validated/TN_GAJA_2018_buildings.gpkg,107.72,10.770809125369551,79.77904307389983,PASS,none
TN_GAJA_2018_034312,TN_GAJA_2018,9e9612347f68d773,TRUE,TRUE,data/tamil_nadu/buildings/validated/TN_GAJA_2018_buildings.gpkg,15.19,10.782141155370603,79.7803537991693,PASS,none
TN_GAJA_2018_046651,TN_GAJA_2018,afecd5e5aa17c70c,TRUE,TRUE,data/tamil_nadu/buildings/validated/TN_GAJA_2018_buildings.gpkg,75.92,10.799936733556121,79.78292517485409,PASS,none
TN_GAJA_2018_054448,TN_GAJA_2018,33c8da2481c3398c,TRUE,TRUE,data/tamil_nadu/buildings/validated/TN_GAJA_2018_buildings.gpkg,99.98,10.821692225645828,79.77836279850867,PASS,none
TN_GAJA_2018_063626,TN_GAJA_2018,c696fb21edeb02fb,TRUE,TRUE,data/tamil_nadu/buildings/validated/TN_GAJA_2018_buildings.gpkg,46.58,10.830340300765458,79.78418437458858,PASS,none
TN_GAJA_2018_001090,TN_GAJA_2018,5f633b4694deb369,TRUE,TRUE,data/tamil_nadu/buildings/validated/TN_GAJA_2018_buildings.gpkg,23.44,10.694870264774696,79.80059575537457,PASS,none
TN_GAJA_2018_001108,TN_GAJA_2018,1ec625d715b34dbe,TRUE,TRUE,data/tamil_nadu/buildings/validated/TN_GAJA_2018_buildings.gpkg,35.24,10.709004682561313,79.79102052380345,PASS,none
TN_GAJA_2018_006768,TN_GAJA_2018,56d4ebdfd67a8e4a,TRUE,TRUE,data/tamil_nadu/buildings/validated/TN_GAJA_2018_buildings.gpkg,37.82,10.725852697963134,79.79717901568876,PASS,none
TN_GAJA_2018_011206,TN_GAJA_2018,89e644ba7c48d24f,TRUE,TRUE,data/tamil_nadu/buildings/validated/TN_GAJA_2018_buildings.gpkg,78.59,10.741174054752243,79.79909181702882,PASS,none
TN_GAJA_2018_017089,TN_GAJA_2018,64449b187066a729,TRUE,TRUE,data/tamil_nadu/buildings/validated/TN_GAJA_2018_buildings.gpkg,27.46,10.75546672855964,79.79750187423357,PASS,none
TN_GAJA_2018_034718,TN_GAJA_2018,cbe57c3c438ab473,TRUE,TRUE,data/tamil_nadu/buildings/validated/TN_GAJA_2018_buildings.gpkg,11.45,10.779884323577404,79.79358748104691,PASS,none
TN_GAJA_2018_034825,TN_GAJA_2018,17a7a4f4025fdf89,TRUE,TRUE,data/tamil_nadu/buildings/validated/TN_GAJA_2018_buildings.gpkg,20.15,10.78378497911139,79.79990349408993,PASS,none
TN_GAJA_2018_047535,TN_GAJA_2018,dfda6966c2da4fbc,TRUE,TRUE,data/tamil_nadu/buildings/validated/TN_GAJA_2018_buildings.gpkg,23.45,10.800169455596693,79.79143944092483,PASS,none
TN_GAJA_2018_054767,TN_GAJA_2018,3b363675ae247097,TRUE,TRUE,data/tamil_nadu/buildings/validated/TN_GAJA_2018_buildings.gpkg,13.85,10.813512850545994,79.80042222505116,PASS,none
TN_GAJA_2018_064267,TN_GAJA_2018,009d6b5ebd039194,TRUE,TRUE,data/tamil_nadu/buildings/validated/TN_GAJA_2018_buildings.gpkg,16.8,10.829107011409446,79.79193658472762,PASS,none
TN_GAJA_2018_001099,TN_GAJA_2018,7497027d490acebf,TRUE,TRUE,data/tamil_nadu/buildings/validated/TN_GAJA_2018_buildings.gpkg,62.99,10.701214449706784,79.80127398660679,PASS,none
TN_GAJA_2018_001117,TN_GAJA_2018,85f8e626b7bb8775,TRUE,TRUE,data/tamil_nadu/buildings/validated/TN_GAJA_2018_buildings.gpkg,69.19,10.706964231433613,79.80501408516577,PASS,none
TN_GAJA_2018_006770,TN_GAJA_2018,52446abce41a1f32,TRUE,TRUE,data/tamil_nadu/buildings/validated/TN_GAJA_2018_buildings.gpkg,18.45,10.726402657583511,79.80350648607569,PASS,none
TN_GAJA_2018_011221,TN_GAJA_2018,a54d9c97fead37eb,TRUE,TRUE,data/tamil_nadu/buildings/validated/TN_GAJA_2018_buildings.gpkg,31.79,10.738305132422019,79.80089878367971,PASS,none
TN_GAJA_2018_023237,TN_GAJA_2018,c166e174ec52e1fc,TRUE,TRUE,data/tamil_nadu/buildings/validated/TN_GAJA_2018_buildings.gpkg,122.49,10.765612144427703,79.80602215088675,PASS,none
TN_GAJA_2018_034739,TN_GAJA_2018,a7587bb7fe250f06,TRUE,TRUE,data/tamil_nadu/buildings/validated/TN_GAJA_2018_buildings.gpkg,60.27,10.782750656043588,79.80347651341202,PASS,none
TN_GAJA_2018_047538,TN_GAJA_2018,dc53b12a4b331d12,TRUE,TRUE,data/tamil_nadu/buildings/validated/TN_GAJA_2018_buildings.gpkg,63.85,10.798699072641053,79.80489918270077,PASS,none
TN_GAJA_2018_054784,TN_GAJA_2018,3f8e7f424d9f28b8,TRUE,TRUE,data/tamil_nadu/buildings/validated/TN_GAJA_2018_buildings.gpkg,93.14,10.817554141000652,79.80071222919348,PASS,none
TN_GAJA_2018_064286,TN_GAJA_2018,c01190b9a6622693,TRUE,TRUE,data/tamil_nadu/buildings/validated/TN_GAJA_2018_buildings.gpkg,30.32,10.830497628748283,79.8020779589,PASS,none
TN_GAJA_2018_002181,TN_GAJA_2018,4c43e31f1a5153f4,TRUE,TRUE,data/tamil_nadu/buildings/validated/TN_GAJA_2018_buildings.gpkg,26.87,10.70058966623575,79.81378941909159,PASS,none
TN_GAJA_2018_002178,TN_GAJA_2018,27ef1bcc1d3b698f,TRUE,TRUE,data/tamil_nadu/buildings/validated/TN_GAJA_2018_buildings.gpkg,14.55,10.705885224357964,79.81908346005717,PASS,none
TN_GAJA_2018_007817,TN_GAJA_2018,8bdc4f1d64c837e5,TRUE,TRUE,data/tamil_nadu/buildings/validated/TN_GAJA_2018_buildings.gpkg,48.22,10.723145409531735,79.81484290865384,PASS,none
TN_GAJA_2018_012085,TN_GAJA_2018,5261cb788a6df3e3,TRUE,TRUE,data/tamil_nadu/buildings/validated/TN_GAJA_2018_buildings.gpkg,121.17,10.742988200277358,79.82126455476114,PASS,none
TN_GAJA_2018_019849,TN_GAJA_2018,5aaf5f1172d27703,TRUE,TRUE,data/tamil_nadu/buildings/validated/TN_GAJA_2018_buildings.gpkg,78.38,10.754728734961448,79.8123820931577,PASS,none
TN_GAJA_2018_036107,TN_GAJA_2018,fb019f9616320792,TRUE,TRUE,data/tamil_nadu/buildings/validated/TN_GAJA_2018_buildings.gpkg,33.11,10.776848188298553,79.82166353699789,PASS,none
TN_GAJA_2018_048490,TN_GAJA_2018,6c5b43abd8c5eb7c,TRUE,TRUE,data/tamil_nadu/buildings/validated/TN_GAJA_2018_buildings.gpkg,27.67,10.78619752341332,79.81445348408124,PASS,none
TN_GAJA_2018_048485,TN_GAJA_2018,09561445149eaf1c,TRUE,TRUE,data/tamil_nadu/buildings/validated/TN_GAJA_2018_buildings.gpkg,10.51,10.796555986262028,79.81734362434129,PASS,none
TN_GAJA_2018_055297,TN_GAJA_2018,c0900d53c1fc94d2,TRUE,TRUE,data/tamil_nadu/buildings/validated/TN_GAJA_2018_buildings.gpkg,17.73,10.814817827645571,79.81190608610737,PASS,none
TN_GAJA_2018_065044,TN_GAJA_2018,6d3d2d08f4da1d86,TRUE,TRUE,data/tamil_nadu/buildings/validated/TN_GAJA_2018_buildings.gpkg,10.48,10.826035713895005,79.81797795142091,PASS,none
TN_GAJA_2018_002210,TN_GAJA_2018,bbe5360a8600c110,TRUE,TRUE,data/tamil_nadu/buildings/validated/TN_GAJA_2018_buildings.gpkg,36.3,10.692103941846462,79.82328332653763,PASS,none
TN_GAJA_2018_002198,TN_GAJA_2018,4545b78755326740,TRUE,TRUE,data/tamil_nadu/buildings/validated/TN_GAJA_2018_buildings.gpkg,16.38,10.707888972474704,79.82382372142433,PASS,none
TN_GAJA_2018_008577,TN_GAJA_2018,4415b961ccf3de54,TRUE,TRUE,data/tamil_nadu/buildings/validated/TN_GAJA_2018_buildings.gpkg,15.0,10.722025030839207,79.82880586942262,PASS,none
TN_GAJA_2018_012107,TN_GAJA_2018,50b0b85fbc195ea7,TRUE,TRUE,data/tamil_nadu/buildings/validated/TN_GAJA_2018_buildings.gpkg,40.81,10.74348410549197,79.82371381012797,PASS,none
TN_GAJA_2018_019856,TN_GAJA_2018,009b94f6eac0263f,TRUE,TRUE,data/tamil_nadu/buildings/validated/TN_GAJA_2018_buildings.gpkg,24.29,10.75940865302877,79.82393849465892,PASS,none
TN_GAJA_2018_036111,TN_GAJA_2018,a07806f661d6e6d6,TRUE,TRUE,data/tamil_nadu/buildings/validated/TN_GAJA_2018_buildings.gpkg,31.45,10.773079080213536,79.82356161205747,PASS,none
TN_GAJA_2018_037725,TN_GAJA_2018,d3fc0a16bc85a410,TRUE,TRUE,data/tamil_nadu/buildings/validated/TN_GAJA_2018_buildings.gpkg,42.81,10.781492153050388,79.83220305819441,PASS,none
TN_GAJA_2018_048513,TN_GAJA_2018,30feee6b85a3b4bd,TRUE,TRUE,data/tamil_nadu/buildings/validated/TN_GAJA_2018_buildings.gpkg,22.89,10.800655115235037,79.82280348501043,PASS,none
TN_GAJA_2018_055398,TN_GAJA_2018,5555a9e5f4dc99ae,TRUE,TRUE,data/tamil_nadu/buildings/validated/TN_GAJA_2018_buildings.gpkg,168.45,10.813093496390907,79.82310175006276,PASS,none
TN_GAJA_2018_065054,TN_GAJA_2018,3e4f35250f6c81f8,TRUE,TRUE,data/tamil_nadu/buildings/validated/TN_GAJA_2018_buildings.gpkg,25.64,10.830054853267628,79.82285961610744,PASS,none
TN_GAJA_2018_003845,TN_GAJA_2018,2b9de60c59ef92dd,TRUE,TRUE,data/tamil_nadu/buildings/validated/TN_GAJA_2018_buildings.gpkg,88.96,10.70280908194798,79.83818402866902,PASS,none
TN_GAJA_2018_003848,TN_GAJA_2018,6d7f5f31c9b7a7fa,TRUE,TRUE,data/tamil_nadu/buildings/validated/TN_GAJA_2018_buildings.gpkg,100.85,10.708847651110247,79.83965483166546,PASS,none
TN_GAJA_2018_008576,TN_GAJA_2018,630ba16a748eaa54,TRUE,TRUE,data/tamil_nadu/buildings/validated/TN_GAJA_2018_buildings.gpkg,114.64,10.72810646740657,79.84063405798248,PASS,none
TN_GAJA_2018_013568,TN_GAJA_2018,48ba27131efb03d9,TRUE,TRUE,data/tamil_nadu/buildings/validated/TN_GAJA_2018_buildings.gpkg,65.89,10.73726775273853,79.83521258484973,PASS,none
TN_GAJA_2018_023543,TN_GAJA_2018,60c4c4eb7b0db924,TRUE,TRUE,data/tamil_nadu/buildings/validated/TN_GAJA_2018_buildings.gpkg,98.38,10.758948343894243,79.83987153205291,PASS,none
TN_GAJA_2018_037692,TN_GAJA_2018,af82ab62b2234aa0,TRUE,TRUE,data/tamil_nadu/buildings/validated/TN_GAJA_2018_buildings.gpkg,12.42,10.77858791736512,79.84263422395337,PASS,none
TN_GAJA_2018_037714,TN_GAJA_2018,41181609e6470668,TRUE,TRUE,data/tamil_nadu/buildings/validated/TN_GAJA_2018_buildings.gpkg,59.8,10.781753053636658,79.83726889032359,PASS,none
TN_GAJA_2018_049298,TN_GAJA_2018,25c2fd50fa0125d3,TRUE,TRUE,data/tamil_nadu/buildings/validated/TN_GAJA_2018_buildings.gpkg,59.12,10.799569713887465,79.83427840118338,PASS,none
TN_GAJA_2018_056051,TN_GAJA_2018,7af20219791080ad,TRUE,TRUE,data/tamil_nadu/buildings/validated/TN_GAJA_2018_buildings.gpkg,118.14,10.81627155494061,79.83736011991111,PASS,none
TN_GAJA_2018_066026,TN_GAJA_2018,7333b29d0b3dd613,TRUE,TRUE,data/tamil_nadu/buildings/validated/TN_GAJA_2018_buildings.gpkg,35.9,10.832391647584634,79.83961767427958,PASS,none
TN_GAJA_2018_005635,TN_GAJA_2018,a0f4cec5979c3e4a,TRUE,TRUE,data/tamil_nadu/buildings/validated/TN_GAJA_2018_buildings.gpkg,43.91,10.701783810707452,79.84655112713294,PASS,none
TN_GAJA_2018_005657,TN_GAJA_2018,4631f9a8d46face3,TRUE,TRUE,data/tamil_nadu/buildings/validated/TN_GAJA_2018_buildings.gpkg,35.01,10.705944496007051,79.84579388099326,PASS,none
TN_GAJA_2018_009850,TN_GAJA_2018,cde79e7ea2c55ad4,TRUE,TRUE,data/tamil_nadu/buildings/validated/TN_GAJA_2018_buildings.gpkg,41.43,10.720918931233832,79.84507594633867,PASS,none
TN_GAJA_2018_014524,TN_GAJA_2018,0182fd499baf8244,TRUE,TRUE,data/tamil_nadu/buildings/validated/TN_GAJA_2018_buildings.gpkg,14.15,10.739295830323565,79.84968804287308,PASS,none
TN_GAJA_2018_028484,TN_GAJA_2018,b332100fe53bfc08,TRUE,TRUE,data/tamil_nadu/buildings/validated/TN_GAJA_2018_buildings.gpkg,329.12,10.762008624955408,79.84618614104917,PASS,none
TN_GAJA_2018_042653,TN_GAJA_2018,f9df68b4a1cfc5a9,TRUE,TRUE,data/tamil_nadu/buildings/validated/TN_GAJA_2018_buildings.gpkg,10.59,10.780625190713447,79.84930370066554,PASS,none
TN_GAJA_2018_042682,TN_GAJA_2018,8abafd5f0cf14fc8,TRUE,TRUE,data/tamil_nadu/buildings/validated/TN_GAJA_2018_buildings.gpkg,80.47,10.783265159567316,79.85008367425822,PASS,none
TN_GAJA_2018_052776,TN_GAJA_2018,5cf0bd33fa37b4a0,TRUE,TRUE,data/tamil_nadu/buildings/validated/TN_GAJA_2018_buildings.gpkg,28.1,10.797745931708905,79.8473299911147,PASS,none
TN_GAJA_2018_061039,TN_GAJA_2018,ff15b81758ab8701,TRUE,TRUE,data/tamil_nadu/buildings/validated/TN_GAJA_2018_buildings.gpkg,44.26,10.821858992966222,79.84882361949565,PASS,none
TN_GAJA_2018_069008,TN_GAJA_2018,a4643fba7c8cf7de,TRUE,TRUE,data/tamil_nadu/buildings/validated/TN_GAJA_2018_buildings.gpkg,22.13,10.831128809976875,79.84499380593385,PASS,none
TN_GAJA_2018_069642,TN_GAJA_2018,3f90d8a9ce786c1a,TRUE,TRUE,data/tamil_nadu/buildings/validated/TN_GAJA_2018_buildings.gpkg,152.12,10.824954231193571,79.86194283084994,PASS,none
TN_GAJA_2018_016679,TN_GAJA_2018,1e126da1dc8da636,TRUE,TRUE,data/tamil_nadu/buildings/validated/TN_GAJA_2018_buildings.gpkg,29.0,10.740578318001413,79.87815594270486,PASS,none
TN_GAJA_2018_000004,TN_GAJA_2018,86f94e8a60117d7c,TRUE,TRUE,data/tamil_nadu/buildings/validated/TN_GAJA_2018_buildings.gpkg,29.29,10.69293747883831,79.77077834941178,PASS,none
TN_GAJA_2018_006255,TN_GAJA_2018,9ce650383c265fc0,TRUE,TRUE,data/tamil_nadu/buildings/validated/TN_GAJA_2018_buildings.gpkg,25.3,10.72137523968215,79.77244495434657,PASS,none
TN_GAJA_2018_010209,TN_GAJA_2018,7fc3f47ddefe7e8a,TRUE,TRUE,data/tamil_nadu/buildings/validated/TN_GAJA_2018_buildings.gpkg,12.98,10.737961940638764,79.7734360158178,PASS,none
TN_GAJA_2018_016695,TN_GAJA_2018,90823bef2cfb7874,TRUE,TRUE,data/tamil_nadu/buildings/validated/TN_GAJA_2018_buildings.gpkg,182.23,10.764824036111449,79.77616481644844,PASS,none
TN_GAJA_2018_033173,TN_GAJA_2018,a27b3d295850b593,TRUE,TRUE,data/tamil_nadu/buildings/validated/TN_GAJA_2018_buildings.gpkg,10.82,10.770761850281076,79.77040854956475,PASS,none
TN_GAJA_2018_033353,TN_GAJA_2018,6966a288b1803da7,TRUE,TRUE,data/tamil_nadu/buildings/validated/TN_GAJA_2018_buildings.gpkg,14.13,10.784252495456771,79.77807518402538,PASS,none
TN_GAJA_2018_046664,TN_GAJA_2018,53225c11f5a75e5f,TRUE,TRUE,data/tamil_nadu/buildings/validated/TN_GAJA_2018_buildings.gpkg,64.96,10.795695055890196,79.77289701167079,PASS,none
TN_GAJA_2018_054452,TN_GAJA_2018,e053ed1e3d87cdd1,TRUE,TRUE,data/tamil_nadu/buildings/validated/TN_GAJA_2018_buildings.gpkg,30.73,10.818465945281154,79.77797615741692,PASS,none
TN_GAJA_2018_063631,TN_GAJA_2018,368f96a1c4e80e86,TRUE,TRUE,data/tamil_nadu/buildings/validated/TN_GAJA_2018_buildings.gpkg,39.81,10.837884833128276,79.77405287933104,PASS,none
TN_GAJA_2018_000047,TN_GAJA_2018,8e0b52e05420f17f,TRUE,TRUE,data/tamil_nadu/buildings/validated/TN_GAJA_2018_buildings.gpkg,30.89,10.701104519379673,79.78112578173837,PASS,none
TN_GAJA_2018_006250,TN_GAJA_2018,e24c80740f7635a9,TRUE,TRUE,data/tamil_nadu/buildings/validated/TN_GAJA_2018_buildings.gpkg,69.74,10.71057594081737,79.78492432894703,PASS,none
TN_GAJA_2018_006285,TN_GAJA_2018,58f0777c71c671b3,TRUE,TRUE,data/tamil_nadu/buildings/validated/TN_GAJA_2018_buildings.gpkg,18.6,10.721588797398335,79.78238847078242,PASS,none
TN_GAJA_2018_010270,TN_GAJA_2018,f46693679e77be9e,TRUE,TRUE,data/tamil_nadu/buildings/validated/TN_GAJA_2018_buildings.gpkg,14.39,10.745939479586879,79.78289528162365,PASS,none
TN_GAJA_2018_016696,TN_GAJA_2018,60776960fd8e2c5e,TRUE,TRUE,data/tamil_nadu/buildings/validated/TN_GAJA_2018_buildings.gpkg,22.66,10.765051711328669,79.783407414259,PASS,none
TN_GAJA_2018_033174,TN_GAJA_2018,775e55b52fd66ffb,TRUE,TRUE,data/tamil_nadu/buildings/validated/TN_GAJA_2018_buildings.gpkg,20.55,10.775019429782182,79.78081274303435,PASS,none
TN_GAJA_2018_046646,TN_GAJA_2018,c1d1fa9398402266,TRUE,TRUE,data/tamil_nadu/buildings/validated/TN_GAJA_2018_buildings.gpkg,12.66,10.789746534626344,79.77887779412488,PASS,none
TN_GAJA_2018_046653,TN_GAJA_2018,45991b11559f712b,TRUE,TRUE,data/tamil_nadu/buildings/validated/TN_GAJA_2018_buildings.gpkg,13.05,10.799565661296322,79.77946605617498,PASS,none
TN_GAJA_2018_054449,TN_GAJA_2018,c8079d3b1e276418,TRUE,TRUE,data/tamil_nadu/buildings/validated/TN_GAJA_2018_buildings.gpkg,155.84,10.818570035633932,79.77873657092441,PASS,none
TN_GAJA_2018_063627,TN_GAJA_2018,f82dce5635961322,TRUE,TRUE,data/tamil_nadu/buildings/validated/TN_GAJA_2018_buildings.gpkg,11.65,10.840550752704278,79.78519211420812,PASS,none
TN_GAJA_2018_001091,TN_GAJA_2018,a87c95a431a717c4,TRUE,TRUE,data/tamil_nadu/buildings/validated/TN_GAJA_2018_buildings.gpkg,65.98,10.694946250665593,79.79964544141124,PASS,none
TN_GAJA_2018_001115,TN_GAJA_2018,62068577d8639938,TRUE,TRUE,data/tamil_nadu/buildings/validated/TN_GAJA_2018_buildings.gpkg,74.64,10.709136767049827,79.7912892122667,PASS,none
TN_GAJA_2018_006769,TN_GAJA_2018,2b54496c53d96d6d,TRUE,TRUE,data/tamil_nadu/buildings/validated/TN_GAJA_2018_buildings.gpkg,267.32,10.726346729322504,79.79670276646044,PASS,none
TN_GAJA_2018_011211,TN_GAJA_2018,694d7deae23f35cb,TRUE,TRUE,data/tamil_nadu/buildings/validated/TN_GAJA_2018_buildings.gpkg,57.66,10.739629088923897,79.7991567503706,PASS,none
TN_GAJA_2018_017095,TN_GAJA_2018,316c4591b526dc25,TRUE,TRUE,data/tamil_nadu/buildings/validated/TN_GAJA_2018_buildings.gpkg,58.25,10.758581877162694,79.79141047062795,PASS,none
TN_GAJA_2018_034827,TN_GAJA_2018,3cbc2f799ec87cf6,TRUE,TRUE,data/tamil_nadu/buildings/validated/TN_GAJA_2018_buildings.gpkg,14.3,10.783532986219601,79.79955270723595,PASS,none
TN_GAJA_2018_047536,TN_GAJA_2018,e6898314c117a6a2,TRUE,TRUE,data/tamil_nadu/buildings/validated/TN_GAJA_2018_buildings.gpkg,37.99,10.797808011771385,79.7965856531976,PASS,none
TN_GAJA_2018_054768,TN_GAJA_2018,227e2a627d1bde90,TRUE,TRUE,data/tamil_nadu/buildings/validated/TN_GAJA_2018_buildings.gpkg,55.05,10.816824692150723,79.79302443825009,PASS,none
TN_GAJA_2018_064271,TN_GAJA_2018,07b9671254e88b29,TRUE,TRUE,data/tamil_nadu/buildings/validated/TN_GAJA_2018_buildings.gpkg,120.48,10.827130933984861,79.79727739631454,PASS,none
TN_GAJA_2018_001101,TN_GAJA_2018,c0b41edcd3e0182c,TRUE,TRUE,data/tamil_nadu/buildings/validated/TN_GAJA_2018_buildings.gpkg,76.83,10.702111667515627,79.80448655664898,PASS,none
TN_GAJA_2018_001159,TN_GAJA_2018,9828d8ed58168649,TRUE,TRUE,data/tamil_nadu/buildings/validated/TN_GAJA_2018_buildings.gpkg,120.05,10.70674293876047,79.80252306956108,PASS,none
TN_GAJA_2018_006772,TN_GAJA_2018,1ba01895d0c153bc,TRUE,TRUE,data/tamil_nadu/buildings/validated/TN_GAJA_2018_buildings.gpkg,18.82,10.726560072399135,79.80363326049724,PASS,none
TN_GAJA_2018_011225,TN_GAJA_2018,7a859d5cd9177e4c,TRUE,TRUE,data/tamil_nadu/buildings/validated/TN_GAJA_2018_buildings.gpkg,8.71,10.73820893970562,79.80083035646989,PASS,none
TN_GAJA_2018_017082,TN_GAJA_2018,634463446b8db8eb,TRUE,TRUE,data/tamil_nadu/buildings/validated/TN_GAJA_2018_buildings.gpkg,80.59,10.75583751929468,79.80091849136174,PASS,none
TN_GAJA_2018_034724,TN_GAJA_2018,86b6890f4e88f310,TRUE,TRUE,data/tamil_nadu/buildings/validated/TN_GAJA_2018_buildings.gpkg,16.97,10.771599343349491,79.80149174612042,PASS,none
TN_GAJA_2018_034782,TN_GAJA_2018,bd5c0fed1aa8c6dc,TRUE,TRUE,data/tamil_nadu/buildings/validated/TN_GAJA_2018_buildings.gpkg,90.24,10.781450485474702,79.80243715191986,PASS,none
TN_GAJA_2018_047540,TN_GAJA_2018,08f749ff664c9adf,TRUE,TRUE,data/tamil_nadu/buildings/validated/TN_GAJA_2018_buildings.gpkg,34.34,10.80230629591617,79.80107933416552,PASS,none
TN_GAJA_2018_054799,TN_GAJA_2018,0f430f3c66ba6ff9,TRUE,TRUE,data/tamil_nadu/buildings/validated/TN_GAJA_2018_buildings.gpkg,1044.87,10.817955512118498,79.80050963982703,PASS,none
TN_GAJA_2018_064293,TN_GAJA_2018,158a8fe480f28ac8,TRUE,TRUE,data/tamil_nadu/buildings/validated/TN_GAJA_2018_buildings.gpkg,26.01,10.830979378108074,79.80092779894689,PASS,none
TN_GAJA_2018_002196,TN_GAJA_2018,8d630432a69171f9,TRUE,TRUE,data/tamil_nadu/buildings/validated/TN_GAJA_2018_buildings.gpkg,19.42,10.706697262027067,79.8160888933565,PASS,none
TN_GAJA_2018_007818,TN_GAJA_2018,75289f4e6ee0e63f,TRUE,TRUE,data/tamil_nadu/buildings/validated/TN_GAJA_2018_buildings.gpkg,77.51,10.720824523382523,79.81805449341549,PASS,none
TN_GAJA_2018_012087,TN_GAJA_2018,e45ee37c7598077d,TRUE,TRUE,data/tamil_nadu/buildings/validated/TN_GAJA_2018_buildings.gpkg,34.9,10.74686533326216,79.8197044796741,PASS,none
TN_GAJA_2018_019850,TN_GAJA_2018,12af6940ab419cef,TRUE,TRUE,data/tamil_nadu/buildings/validated/TN_GAJA_2018_buildings.gpkg,28.52,10.75401101002617,79.82258707463217,PASS,none
TN_GAJA_2018_036109,TN_GAJA_2018,d0bc3ac0134a789d,TRUE,TRUE,data/tamil_nadu/buildings/validated/TN_GAJA_2018_buildings.gpkg,53.9,10.77220417155729,79.82082679521542,PASS,none
TN_GAJA_2018_048494,TN_GAJA_2018,6f0b0a928777046e,TRUE,TRUE,data/tamil_nadu/buildings/validated/TN_GAJA_2018_buildings.gpkg,45.01,10.786085850059486,79.81441757262546,PASS,none
TN_GAJA_2018_048486,TN_GAJA_2018,dff2f432c0ef96fd,TRUE,TRUE,data/tamil_nadu/buildings/validated/TN_GAJA_2018_buildings.gpkg,30.76,10.802447981516206,79.81942325577047,PASS,none
TN_GAJA_2018_055300,TN_GAJA_2018,21b661777956493a,TRUE,TRUE,data/tamil_nadu/buildings/validated/TN_GAJA_2018_buildings.gpkg,503.24,10.82115510553736,79.8157351264496,PASS,none
TN_GAJA_2018_065045,TN_GAJA_2018,01097e4cee5903c1,TRUE,TRUE,data/tamil_nadu/buildings/validated/TN_GAJA_2018_buildings.gpkg,40.74,10.826361550524979,79.81888116924787,PASS,none
TN_GAJA_2018_002248,TN_GAJA_2018,82fffd1533c8cd58,TRUE,TRUE,data/tamil_nadu/buildings/validated/TN_GAJA_2018_buildings.gpkg,23.14,10.697895123344574,79.82332070561185,PASS,none
TN_GAJA_2018_002215,TN_GAJA_2018,dc79f9ca6b361b52,TRUE,TRUE,data/tamil_nadu/buildings/validated/TN_GAJA_2018_buildings.gpkg,23.95,10.705882224307175,79.82308288347573,PASS,none
TN_GAJA_2018_008579,TN_GAJA_2018,cce5cc9c52d34230,TRUE,TRUE,data/tamil_nadu/buildings/validated/TN_GAJA_2018_buildings.gpkg,71.2,10.723734109237558,79.82605204709851,PASS,none
TN_GAJA_2018_012114,TN_GAJA_2018,481fa4074ab37ac7,TRUE,TRUE,data/tamil_nadu/buildings/validated/TN_GAJA_2018_buildings.gpkg,36.66,10.74482961683292,79.82323372113466,PASS,none
TN_GAJA_2018_019860,TN_GAJA_2018,008e222ae99904e6,TRUE,TRUE,data/tamil_nadu/buildings/validated/TN_GAJA_2018_buildings.gpkg,17.96,10.759281774425551,79.82377379028453,PASS,none
TN_GAJA_2018_036114,TN_GAJA_2018,f0c1e3fed23fbae7,TRUE,TRUE,data/tamil_nadu/buildings/validated/TN_GAJA_2018_buildings.gpkg,29.77,10.772941957320628,79.82375307711747,PASS,none
TN_GAJA_2018_037747,TN_GAJA_2018,503a26b63bbe8be9,TRUE,TRUE,data/tamil_nadu/buildings/validated/TN_GAJA_2018_buildings.gpkg,51.32,10.780828399585136,79.83253563708952,PASS,none
TN_GAJA_2018_048528,TN_GAJA_2018,55e7ac22e527132d,TRUE,TRUE,data/tamil_nadu/buildings/validated/TN_GAJA_2018_buildings.gpkg,20.75,10.801481896619498,79.82268374864738,PASS,none
TN_GAJA_2018_055432,TN_GAJA_2018,e3d33c549c9946e0,TRUE,TRUE,data/tamil_nadu/buildings/validated/TN_GAJA_2018_buildings.gpkg,70.02,10.814919372659254,79.82302579286711,PASS,none
TN_GAJA_2018_065056,TN_GAJA_2018,f4ade77c0a429325,TRUE,TRUE,data/tamil_nadu/buildings/validated/TN_GAJA_2018_buildings.gpkg,26.19,10.837643407216133,79.82319058507986,PASS,none
TN_GAJA_2018_003849,TN_GAJA_2018,f92e77ac32a24c85,TRUE,TRUE,data/tamil_nadu/buildings/validated/TN_GAJA_2018_buildings.gpkg,34.03,10.696978771983467,79.83445676834343,PASS,none
TN_GAJA_2018_003852,TN_GAJA_2018,211637bcf11751dd,TRUE,TRUE,data/tamil_nadu/buildings/validated/TN_GAJA_2018_buildings.gpkg,36.75,10.705881074854881,79.83727910535167,PASS,none
TN_GAJA_2018_008578,TN_GAJA_2018,1bb2a0f40e5a3f16,TRUE,TRUE,data/tamil_nadu/buildings/validated/TN_GAJA_2018_buildings.gpkg,29.19,10.721175481536479,79.83971418829549,PASS,none
TN_GAJA_2018_013588,TN_GAJA_2018,4b742902134417cd,TRUE,TRUE,data/tamil_nadu/buildings/validated/TN_GAJA_2018_buildings.gpkg,92.25,10.736170810984898,79.8386497607212,PASS,none
TN_GAJA_2018_023544,TN_GAJA_2018,ed899a9c8794c8bb,TRUE,TRUE,data/tamil_nadu/buildings/validated/TN_GAJA_2018_buildings.gpkg,114.44,10.759887743656854,79.83801446841717,PASS,none
TN_GAJA_2018_037693,TN_GAJA_2018,28476bbaea36b906,TRUE,TRUE,data/tamil_nadu/buildings/validated/TN_GAJA_2018_buildings.gpkg,17.51,10.773577040726623,79.84217639137981,PASS,none
TN_GAJA_2018_037723,TN_GAJA_2018,7b5775c4d61aa27d,TRUE,TRUE,data/tamil_nadu/buildings/validated/TN_GAJA_2018_buildings.gpkg,36.99,10.782870427484603,79.8378334931686,PASS,none
TN_GAJA_2018_049305,TN_GAJA_2018,aa4bdff0c9c071ed,TRUE,TRUE,data/tamil_nadu/buildings/validated/TN_GAJA_2018_buildings.gpkg,45.33,10.796630118363804,79.83676630100645,PASS,none
TN_GAJA_2018_056052,TN_GAJA_2018,b09aa04061675fb0,TRUE,TRUE,data/tamil_nadu/buildings/validated/TN_GAJA_2018_buildings.gpkg,71.14,10.812707903282721,79.83791938845833,PASS,none
TN_GAJA_2018_066027,TN_GAJA_2018,4bd11b5a37c41d36,TRUE,TRUE,data/tamil_nadu/buildings/validated/TN_GAJA_2018_buildings.gpkg,75.11,10.828924172929383,79.83437796886871,PASS,none
TN_GAJA_2018_005638,TN_GAJA_2018,773e14e0655da367,TRUE,TRUE,data/tamil_nadu/buildings/validated/TN_GAJA_2018_buildings.gpkg,23.35,10.70536365323177,79.84696110159405,PASS,none
TN_GAJA_2018_005665,TN_GAJA_2018,445c77976625b7c2,TRUE,TRUE,data/tamil_nadu/buildings/validated/TN_GAJA_2018_buildings.gpkg,18.21,10.7090701351383,79.84565594977043,PASS,none
TN_GAJA_2018_009851,TN_GAJA_2018,1991a1197c8acd0a,TRUE,TRUE,data/tamil_nadu/buildings/validated/TN_GAJA_2018_buildings.gpkg,6.07,10.721373031351284,79.84573952005634,PASS,none
TN_GAJA_2018_014525,TN_GAJA_2018,e70723a282bb3d98,TRUE,TRUE,data/tamil_nadu/buildings/validated/TN_GAJA_2018_buildings.gpkg,34.2,10.745085929269038,79.84741116230332,PASS,none
TN_GAJA_2018_028486,TN_GAJA_2018,f337ca9c4f6bf5cc,TRUE,TRUE,data/tamil_nadu/buildings/validated/TN_GAJA_2018_buildings.gpkg,79.01,10.756032502706589,79.8472227115765,PASS,none
TN_GAJA_2018_042657,TN_GAJA_2018,320f00aa841a341c,TRUE,TRUE,data/tamil_nadu/buildings/validated/TN_GAJA_2018_buildings.gpkg,45.65,10.77051166026632,79.84575996543418,PASS,none
TN_GAJA_2018_042683,TN_GAJA_2018,ad71a9399d2d6881,TRUE,TRUE,data/tamil_nadu/buildings/validated/TN_GAJA_2018_buildings.gpkg,69.09,10.782475042129876,79.84908209023891,PASS,none
TN_GAJA_2018_052784,TN_GAJA_2018,18ecd8c583bf7bbb,TRUE,TRUE,data/tamil_nadu/buildings/validated/TN_GAJA_2018_buildings.gpkg,63.68,10.799134948273103,79.84795397479625,PASS,none
TN_GAJA_2018_061040,TN_GAJA_2018,2056e37c3f2b0032,TRUE,TRUE,data/tamil_nadu/buildings/validated/TN_GAJA_2018_buildings.gpkg,29.87,10.818419624642887,79.84649762138676,PASS,none
TN_GAJA_2018_069009,TN_GAJA_2018,f9b234bd1ba1e404,TRUE,TRUE,data/tamil_nadu/buildings/validated/TN_GAJA_2018_buildings.gpkg,465.05,10.828465301057356,79.84794567194173,PASS,none
TN_GAJA_2018_033169,TN_GAJA_2018,47bf163d9fd0b067,TRUE,TRUE,data/tamil_nadu/buildings/validated/TN_GAJA_2018_buildings.gpkg,44.79,10.747524108058823,79.87673939198936,PASS,none
TN_GAJA_2018_000005,TN_GAJA_2018,595ea12656959f04,TRUE,TRUE,data/tamil_nadu/buildings/validated/TN_GAJA_2018_buildings.gpkg,95.23,10.693677872934888,79.7715576228807,PASS,none
TN_GAJA_2018_000022,TN_GAJA_2018,8983500337ec86a7,TRUE,TRUE,data/tamil_nadu/buildings/validated/TN_GAJA_2018_buildings.gpkg,16.62,10.706706871546789,79.77001435280447,PASS,none
TN_GAJA_2018_006257,TN_GAJA_2018,81db5562fb91af82,TRUE,TRUE,data/tamil_nadu/buildings/validated/TN_GAJA_2018_buildings.gpkg,70.89,10.724464464398508,79.77307859584816,PASS,none
TN_GAJA_2018_010214,TN_GAJA_2018,d504f5990c37e35f,TRUE,TRUE,data/tamil_nadu/buildings/validated/TN_GAJA_2018_buildings.gpkg,42.28,10.740290955773853,79.77375514170097,PASS,none
TN_GAJA_2018_016697,TN_GAJA_2018,14c13d09d77a2917,TRUE,TRUE,data/tamil_nadu/buildings/validated/TN_GAJA_2018_buildings.gpkg,30.5,10.761151446434871,79.7704865959465,PASS,none
TN_GAJA_2018_033180,TN_GAJA_2018,0dacaaec47059b79,TRUE,TRUE,data/tamil_nadu/buildings/validated/TN_GAJA_2018_buildings.gpkg,23.77,10.77177201998716,79.76823373866787,PASS,none
TN_GAJA_2018_033395,TN_GAJA_2018,56eb8e0b68ced094,TRUE,TRUE,data/tamil_nadu/buildings/validated/TN_GAJA_2018_buildings.gpkg,43.76,10.78422264881504,79.77298242435678,PASS,none
TN_GAJA_2018_046671,TN_GAJA_2018,9c0dde10645aa2fc,TRUE,TRUE,data/tamil_nadu/buildings/validated/TN_GAJA_2018_buildings.gpkg,27.77,10.802312074714028,79.77104927540162,PASS,none
TN_GAJA_2018_054459,TN_GAJA_2018,1d659d60c25acdac,TRUE,TRUE,data/tamil_nadu/buildings/validated/TN_GAJA_2018_buildings.gpkg,17.66,10.818586669879682,79.76786374490521,PASS,none
TN_GAJA_2018_063632,TN_GAJA_2018,897864753bc2d559,TRUE,TRUE,data/tamil_nadu/buildings/validated/TN_GAJA_2018_buildings.gpkg,31.97,10.83907122824189,79.77700471472254,PASS,none
TN_GAJA_2018_000048,TN_GAJA_2018,e2aed362a7ef7cb1,TRUE,TRUE,data/tamil_nadu/buildings/validated/TN_GAJA_2018_buildings.gpkg,95.41,10.702788686017989,79.77982197132538,PASS,none
TN_GAJA_2018_006252,TN_GAJA_2018,6fb705d1d39d05ea,TRUE,TRUE,data/tamil_nadu/buildings/validated/TN_GAJA_2018_buildings.gpkg,45.12,10.714001589309856,79.78253439225948,PASS,none
TN_GAJA_2018_006307,TN_GAJA_2018,cf75e09e8c3cdc2e,TRUE,TRUE,data/tamil_nadu/buildings/validated/TN_GAJA_2018_buildings.gpkg,31.19,10.722184156004564,79.7824559145837,PASS,none
TN_GAJA_2018_010281,TN_GAJA_2018,f3da640409af8799,TRUE,TRUE,data/tamil_nadu/buildings/validated/TN_GAJA_2018_buildings.gpkg,39.27,10.7447849648918,79.7831235858262,PASS,none
TN_GAJA_2018_016698,TN_GAJA_2018,6148e8546a1d2bf3,TRUE,TRUE,data/tamil_nadu/buildings/validated/TN_GAJA_2018_buildings.gpkg,16.9,10.762802433687018,79.78576765481914,PASS,none
TN_GAJA_2018_033175,TN_GAJA_2018,e9770131e991ff36,TRUE,TRUE,data/tamil_nadu/buildings/validated/TN_GAJA_2018_buildings.gpkg,179.49,10.773809877582966,79.78384608628137,PASS,none
TN_GAJA_2018_046650,TN_GAJA_2018,e07ef642d5665502,TRUE,TRUE,data/tamil_nadu/buildings/validated/TN_GAJA_2018_buildings.gpkg,44.39,10.789558013728204,79.7789816203113,PASS,none
TN_GAJA_2018_046655,TN_GAJA_2018,32663ae32599c1af,TRUE,TRUE,data/tamil_nadu/buildings/validated/TN_GAJA_2018_buildings.gpkg,66.91,10.801073161261893,79.78116301579537,PASS,none
TN_GAJA_2018_063628,TN_GAJA_2018,b745cf58cd35298a,TRUE,TRUE,data/tamil_nadu/buildings/validated/TN_GAJA_2018_buildings.gpkg,25.44,10.839072274916392,79.78435053498558,PASS,none
TN_GAJA_2018_001092,TN_GAJA_2018,ae56826079e2f381,TRUE,TRUE,data/tamil_nadu/buildings/validated/TN_GAJA_2018_buildings.gpkg,123.47,10.699512138355468,79.79951179743931,PASS,none
TN_GAJA_2018_001122,TN_GAJA_2018,38873f6a38d5b625,TRUE,TRUE,data/tamil_nadu/buildings/validated/TN_GAJA_2018_buildings.gpkg,22.46,10.709075688587566,79.79130904168102,PASS,none
TN_GAJA_2018_006776,TN_GAJA_2018,d1a4ec07a9edbd39,TRUE,TRUE,data/tamil_nadu/buildings/validated/TN_GAJA_2018_buildings.gpkg,19.15,10.723647082415855,79.79835104682523,PASS,none
TN_GAJA_2018_011222,TN_GAJA_2018,08c4fbd2781700ec,TRUE,TRUE,data/tamil_nadu/buildings/validated/TN_GAJA_2018_buildings.gpkg,97.32,10.737191373102082,79.79843250245384,PASS,none
TN_GAJA_2018_017097,TN_GAJA_2018,2be4f10ba666eab8,TRUE,TRUE,data/tamil_nadu/buildings/validated/TN_GAJA_2018_buildings.gpkg,60.4,10.753087559385287,79.80054214197233,PASS,none
TN_GAJA_2018_034720,TN_GAJA_2018,59cb79dacab481d8,TRUE,TRUE,data/tamil_nadu/buildings/validated/TN_GAJA_2018_buildings.gpkg,55.61,10.777449615475067,79.79720372686306,PASS,none
TN_GAJA_2018_034832,TN_GAJA_2018,18b4d1f80849c66c,TRUE,TRUE,data/tamil_nadu/buildings/validated/TN_GAJA_2018_buildings.gpkg,84.26,10.783607106567988,79.7995273309305,PASS,none
TN_GAJA_2018_047537,TN_GAJA_2018,001cd7f11657c406,TRUE,TRUE,data/tamil_nadu/buildings/validated/TN_GAJA_2018_buildings.gpkg,70.92,10.798917811071918,79.79715016891768,PASS,none
TN_GAJA_2018_054769,TN_GAJA_2018,b3c33038739b976f,TRUE,TRUE,data/tamil_nadu/buildings/validated/TN_GAJA_2018_buildings.gpkg,28.64,10.814707218021065,79.79499969374538,PASS,none
TN_GAJA_2018_064274,TN_GAJA_2018,52d3d8a9c1de06fc,TRUE,TRUE,data/tamil_nadu/buildings/validated/TN_GAJA_2018_buildings.gpkg,11.28,10.827248549009107,79.79854125228103,PASS,none
TN_GAJA_2018_001102,TN_GAJA_2018,d74c59eebb1a7185,TRUE,TRUE,data/tamil_nadu/buildings/validated/TN_GAJA_2018_buildings.gpkg,24.63,10.693054670466273,79.8018932431723,PASS,none
TN_GAJA_2018_001165,TN_GAJA_2018,6f8bec955e66d359,TRUE,TRUE,data/tamil_nadu/buildings/validated/TN_GAJA_2018_buildings.gpkg,29.63,10.70849501647685,79.80373431774191,PASS,none
TN_GAJA_2018_006773,TN_GAJA_2018,c99cdc77338f821a,TRUE,TRUE,data/tamil_nadu/buildings/validated/TN_GAJA_2018_buildings.gpkg,12.4,10.726714545979927,79.80347185289939,PASS,none
TN_GAJA_2018_011233,TN_GAJA_2018,40f13b7b053111c4,TRUE,TRUE,data/tamil_nadu/buildings/validated/TN_GAJA_2018_buildings.gpkg,10.47,10.738209966200815,79.80086003610961,PASS,none
TN_GAJA_2018_017084,TN_GAJA_2018,bb76fe16ad5bbe98,TRUE,TRUE,data/tamil_nadu/buildings/validated/TN_GAJA_2018_buildings.gpkg,58.45,10.756626631660565,79.80142222585002,PASS,none
TN_GAJA_2018_034726,TN_GAJA_2018,fb668b10bb8aa7c8,TRUE,TRUE,data/tamil_nadu/buildings/validated/TN_GAJA_2018_buildings.gpkg,28.91,10.766245638980118,79.80480271721747,PASS,none
TN_GAJA_2018_034806,TN_GAJA_2018,240fd7e7a60db4f5,TRUE,TRUE,data/tamil_nadu/buildings/validated/TN_GAJA_2018_buildings.gpkg,47.96,10.782176761824427,79.8024002140271,PASS,none
TN_GAJA_2018_047560,TN_GAJA_2018,9da5d8acc25bd438,TRUE,TRUE,data/tamil_nadu/buildings/validated/TN_GAJA_2018_buildings.gpkg,26.87,10.798659619024034,79.80479329148382,PASS,none
TN_GAJA_2018_054807,TN_GAJA_2018,098bf0540392c35b,TRUE,TRUE,data/tamil_nadu/buildings/validated/TN_GAJA_2018_buildings.gpkg,278.28,10.818030883765317,79.8006690442469,PASS,none
TN_GAJA_2018_064323,TN_GAJA_2018,0b39d7425ac9c75b,TRUE,TRUE,data/tamil_nadu/buildings/validated/TN_GAJA_2018_buildings.gpkg,20.56,10.831660054813355,79.80292188980108,PASS,none
TN_GAJA_2018_002186,TN_GAJA_2018,ebf92c6ae649e9bc,TRUE,TRUE,data/tamil_nadu/buildings/validated/TN_GAJA_2018_buildings.gpkg,52.7,10.70155905769115,79.81319912437597,PASS,none
TN_GAJA_2018_002235,TN_GAJA_2018,52bc24c65195bb5d,TRUE,TRUE,data/tamil_nadu/buildings/validated/TN_GAJA_2018_buildings.gpkg,86.05,10.7057902529059,79.81751219959654,PASS,none
TN_GAJA_2018_007819,TN_GAJA_2018,fd936b2872172c60,TRUE,TRUE,data/tamil_nadu/buildings/validated/TN_GAJA_2018_buildings.gpkg,36.72,10.721730010542837,79.81563750958185,PASS,none
TN_GAJA_2018_012088,TN_GAJA_2018,9fff9d835465afba,TRUE,TRUE,data/tamil_nadu/buildings/validated/TN_GAJA_2018_buildings.gpkg,33.15,10.737351784974676,79.8209403632293,PASS,none
TN_GAJA_2018_019851,TN_GAJA_2018,7ff9581506b0bc69,TRUE,TRUE,data/tamil_nadu/buildings/validated/TN_GAJA_2018_buildings.gpkg,43.76,10.752182804856785,79.82098113219855,PASS,none
TN_GAJA_2018_036110,TN_GAJA_2018,873136e1a315e2e8,TRUE,TRUE,data/tamil_nadu/buildings/validated/TN_GAJA_2018_buildings.gpkg,45.33,10.773062954455035,79.8226858432845,PASS,none
TN_GAJA_2018_048496,TN_GAJA_2018,3f7d0b7e422c8a66,TRUE,TRUE,data/tamil_nadu/buildings/validated/TN_GAJA_2018_buildings.gpkg,16.57,10.789666959124718,79.81242196583868,PASS,none
TN_GAJA_2018_048491,TN_GAJA_2018,043f09cc76000eaf,TRUE,TRUE,data/tamil_nadu/buildings/validated/TN_GAJA_2018_buildings.gpkg,50.87,10.799209885061591,79.81920098334389,PASS,none
TN_GAJA_2018_055301,TN_GAJA_2018,7b19df48459fa38b,TRUE,TRUE,data/tamil_nadu/buildings/validated/TN_GAJA_2018_buildings.gpkg,41.04,10.820271501474323,79.81715406918698,PASS,none
TN_GAJA_2018_065049,TN_GAJA_2018,6cfdb0ecca47cf64,TRUE,TRUE,data/tamil_nadu/buildings/validated/TN_GAJA_2018_buildings.gpkg,14.37,10.827839284480167,79.81988527664643,PASS,none
TN_GAJA_2018_002275,TN_GAJA_2018,a0178a71dfa5ad86,TRUE,TRUE,data/tamil_nadu/buildings/validated/TN_GAJA_2018_buildings.gpkg,22.68,10.691714044299923,79.82365313403525,PASS,none
TN_GAJA_2018_002241,TN_GAJA_2018,600570eb0acdb69c,TRUE,TRUE,data/tamil_nadu/buildings/validated/TN_GAJA_2018_buildings.gpkg,41.2,10.707023957934613,79.82394071509384,PASS,none
TN_GAJA_2018_008583,TN_GAJA_2018,7ea4740381124132,TRUE,TRUE,data/tamil_nadu/buildings/validated/TN_GAJA_2018_buildings.gpkg,14.0,10.721777266647424,79.82626172715274,PASS,none
TN_GAJA_2018_012136,TN_GAJA_2018,94c651c114b4afda,TRUE,TRUE,data/tamil_nadu/buildings/validated/TN_GAJA_2018_buildings.gpkg,7.18,10.743138420498955,79.82357471881865,PASS,none
TN_GAJA_2018_019866,TN_GAJA_2018,ba81d4f2d3c30e22,TRUE,TRUE,data/tamil_nadu/buildings/validated/TN_GAJA_2018_buildings.gpkg,11.09,10.759587764246719,79.82297932670596,PASS,none
TN_GAJA_2018_036115,TN_GAJA_2018,6ed1d96d2db91ad7,TRUE,TRUE,data/tamil_nadu/buildings/validated/TN_GAJA_2018_buildings.gpkg,37.89,10.771990398355124,79.82385797876239,PASS,none
TN_GAJA_2018_037796,TN_GAJA_2018,f455084bb9fe8f0d,TRUE,TRUE,data/tamil_nadu/buildings/validated/TN_GAJA_2018_buildings.gpkg,39.36,10.781153236081076,79.83357254017119,PASS,none
TN_GAJA_2018_048534,TN_GAJA_2018,dec4f1322c338002,TRUE,TRUE,data/tamil_nadu/buildings/validated/TN_GAJA_2018_buildings.gpkg,21.35,10.799445442689658,79.82311879508953,PASS,none
TN_GAJA_2018_055454,TN_GAJA_2018,c2281bfef2e5de8e,TRUE,TRUE,data/tamil_nadu/buildings/validated/TN_GAJA_2018_buildings.gpkg,39.51,10.816419113963118,79.82260562866658,PASS,none
TN_GAJA_2018_065065,TN_GAJA_2018,e6e8a2026756fdba,TRUE,TRUE,data/tamil_nadu/buildings/validated/TN_GAJA_2018_buildings.gpkg,43.19,10.829513800883728,79.8239689503781,PASS,none
TN_GAJA_2018_003850,TN_GAJA_2018,98843f7ccfe42557,TRUE,TRUE,data/tamil_nadu/buildings/validated/TN_GAJA_2018_buildings.gpkg,162.68,10.699069488091833,79.83914706765223,PASS,none
TN_GAJA_2018_003854,TN_GAJA_2018,cbc5f0719ec06c7f,TRUE,TRUE,data/tamil_nadu/buildings/validated/TN_GAJA_2018_buildings.gpkg,18.35,10.706487952861089,79.84164641261553,PASS,none
TN_GAJA_2018_013609,TN_GAJA_2018,f1f8be10d5a1d1b2,TRUE,TRUE,data/tamil_nadu/buildings/validated/TN_GAJA_2018_buildings.gpkg,13.48,10.746518405672061,79.84183218465226,PASS,none
TN_GAJA_2018_023547,TN_GAJA_2018,ec8c99843461fadc,TRUE,TRUE,data/tamil_nadu/buildings/validated/TN_GAJA_2018_buildings.gpkg,89.7,10.762642350285248,79.8374028606209,PASS,none
TN_GAJA_2018_037694,TN_GAJA_2018,76e58c75749d3b6a,TRUE,TRUE,data/tamil_nadu/buildings/validated/TN_GAJA_2018_buildings.gpkg,30.17,10.776521296417892,79.84098719950798,PASS,none
TN_GAJA_2018_037730,TN_GAJA_2018,2ae513e446e9fd09,TRUE,TRUE,data/tamil_nadu/buildings/validated/TN_GAJA_2018_buildings.gpkg,11.59,10.78099490544282,79.83760144804852,PASS,none
TN_GAJA_2018_049312,TN_GAJA_2018,19957d0fa7c6208e,TRUE,TRUE,data/tamil_nadu/buildings/validated/TN_GAJA_2018_buildings.gpkg,100.31,10.796732129266944,79.8370484335181,PASS,none
TN_GAJA_2018_056053,TN_GAJA_2018,45e99b45f643f2d2,TRUE,TRUE,data/tamil_nadu/buildings/validated/TN_GAJA_2018_buildings.gpkg,21.11,10.81460408657974,79.83472351677642,PASS,none
TN_GAJA_2018_066029,TN_GAJA_2018,bf5c9fc566278f30,TRUE,TRUE,data/tamil_nadu/buildings/validated/TN_GAJA_2018_buildings.gpkg,172.54,10.826999996972205,79.83492583612643,PASS,none
TN_GAJA_2018_005648,TN_GAJA_2018,92a632e2d9eda59c,TRUE,TRUE,data/tamil_nadu/buildings/validated/TN_GAJA_2018_buildings.gpkg,55.86,10.705580416022444,79.84516595024589,PASS,none
TN_GAJA_2018_005668,TN_GAJA_2018,bd293543d85afc4b,TRUE,TRUE,data/tamil_nadu/buildings/validated/TN_GAJA_2018_buildings.gpkg,25.47,10.708743042014149,79.84601333304097,PASS,none
TN_GAJA_2018_009877,TN_GAJA_2018,864f997952e24e28,TRUE,TRUE,data/tamil_nadu/buildings/validated/TN_GAJA_2018_buildings.gpkg,10.22,10.727094778071203,79.84581599680564,PASS,none
TN_GAJA_2018_014527,TN_GAJA_2018,9f24f5fb8651daa7,TRUE,TRUE,data/tamil_nadu/buildings/validated/TN_GAJA_2018_buildings.gpkg,7.09,10.746465856340047,79.8482931150642,PASS,none
TN_GAJA_2018_028487,TN_GAJA_2018,0c71f94f68203779,TRUE,TRUE,data/tamil_nadu/buildings/validated/TN_GAJA_2018_buildings.gpkg,133.01,10.75534564881842,79.84525860811173,PASS,none
TN_GAJA_2018_042658,TN_GAJA_2018,a62ff04688d4a376,TRUE,TRUE,data/tamil_nadu/buildings/validated/TN_GAJA_2018_buildings.gpkg,94.2,10.77125452736211,79.84612680409283,PASS,none
TN_GAJA_2018_042699,TN_GAJA_2018,1df1b56d42efcba3,TRUE,TRUE,data/tamil_nadu/buildings/validated/TN_GAJA_2018_buildings.gpkg,81.65,10.78324186044857,79.85025148907532,PASS,none
TN_GAJA_2018_052785,TN_GAJA_2018,27492c0a1113ccd3,TRUE,TRUE,data/tamil_nadu/buildings/validated/TN_GAJA_2018_buildings.gpkg,363.28,10.798464781985537,79.85023627901101,PASS,none
TN_GAJA_2018_061041,TN_GAJA_2018,8f457f936d1d398c,TRUE,TRUE,data/tamil_nadu/buildings/validated/TN_GAJA_2018_buildings.gpkg,41.57,10.814906991502081,79.84566314089913,PASS,none
TN_GAJA_2018_069015,TN_GAJA_2018,4c84dc3da421b6a4,TRUE,TRUE,data/tamil_nadu/buildings/validated/TN_GAJA_2018_buildings.gpkg,55.68,10.836215440445715,79.84684972119055,PASS,none
TN_GAJA_2018_000006,TN_GAJA_2018,eb9888f43e7eaea5,TRUE,TRUE,data/tamil_nadu/buildings/validated/TN_GAJA_2018_buildings.gpkg,10.51,10.691577021760956,79.76852150173222,PASS,none
TN_GAJA_2018_000026,TN_GAJA_2018,782e3418c614d49d,TRUE,TRUE,data/tamil_nadu/buildings/validated/TN_GAJA_2018_buildings.gpkg,16.24,10.70717641986334,79.76787133693729,PASS,none
TN_GAJA_2018_006258,TN_GAJA_2018,cf0cf11d8a6677d2,TRUE,TRUE,data/tamil_nadu/buildings/validated/TN_GAJA_2018_buildings.gpkg,21.37,10.720916749599928,79.77378116582715,PASS,none
TN_GAJA_2018_010221,TN_GAJA_2018,b4e263794d2ad3d4,TRUE,TRUE,data/tamil_nadu/buildings/validated/TN_GAJA_2018_buildings.gpkg,26.75,10.738124625186765,79.77403812993666,PASS,none
TN_GAJA_2018_016699,TN_GAJA_2018,7821f6b2dcdd2941,TRUE,TRUE,data/tamil_nadu/buildings/validated/TN_GAJA_2018_buildings.gpkg,63.56,10.761132064904551,79.77033466647883,PASS,none
TN_GAJA_2018_033181,TN_GAJA_2018,bee8779fd14012c4,TRUE,TRUE,data/tamil_nadu/buildings/validated/TN_GAJA_2018_buildings.gpkg,12.89,10.769503886062516,79.768948041476,PASS,none
TN_GAJA_2018_033399,TN_GAJA_2018,f5ea226881092b71,TRUE,TRUE,data/tamil_nadu/buildings/validated/TN_GAJA_2018_buildings.gpkg,21.54,10.78428069705734,79.77334677371621,PASS,none
TN_GAJA_2018_046675,TN_GAJA_2018,2e6377d4c8cd0952,TRUE,TRUE,data/tamil_nadu/buildings/validated/TN_GAJA_2018_buildings.gpkg,24.2,10.802434674798533,79.77129337082451,PASS,none
TN_GAJA_2018_054464,TN_GAJA_2018,1d35d799727f8ab6,TRUE,TRUE,data/tamil_nadu/buildings/validated/TN_GAJA_2018_buildings.gpkg,49.22,10.816325885160193,79.76831969361749,PASS,none
TN_GAJA_2018_063635,TN_GAJA_2018,f2ff40abb5e2adf6,TRUE,TRUE,data/tamil_nadu/buildings/validated/TN_GAJA_2018_buildings.gpkg,84.14,10.837407318753257,79.7751618931136,PASS,none
TN_GAJA_2018_000050,TN_GAJA_2018,4fa3beba5238e1c4,TRUE,TRUE,data/tamil_nadu/buildings/validated/TN_GAJA_2018_buildings.gpkg,18.87,10.697797907788361,79.7855178181363,PASS,none
TN_GAJA_2018_006256,TN_GAJA_2018,4c533c2dbe5c7493,TRUE,TRUE,data/tamil_nadu/buildings/validated/TN_GAJA_2018_buildings.gpkg,18.63,10.712152782049035,79.78328480248963,PASS,none
TN_GAJA_2018_006320,TN_GAJA_2018,cde31af9e037f607,TRUE,TRUE,data/tamil_nadu/buildings/validated/TN_GAJA_2018_buildings.gpkg,26.08,10.721897692113403,79.78192910737326,PASS,none
TN_GAJA_2018_010285,TN_GAJA_2018,b00a36227f4fd655,TRUE,TRUE,data/tamil_nadu/buildings/validated/TN_GAJA_2018_buildings.gpkg,8.23,10.744538985203587,79.78340888970664,PASS,none
TN_GAJA_2018_016700,TN_GAJA_2018,5fbda22764ea2719,TRUE,TRUE,data/tamil_nadu/buildings/validated/TN_GAJA_2018_buildings.gpkg,50.7,10.758132917730844,79.78230060386002,PASS,none
TN_GAJA_2018_033176,TN_GAJA_2018,ee7838645eea9a76,TRUE,TRUE,data/tamil_nadu/buildings/validated/TN_GAJA_2018_buildings.gpkg,71.9,10.769361525024342,79.78602201342734,PASS,none
TN_GAJA_2018_046656,TN_GAJA_2018,adf32f8719f9309a,TRUE,TRUE,data/tamil_nadu/buildings/validated/TN_GAJA_2018_buildings.gpkg,61.89,10.78534943143094,79.78183189702678,PASS,none
TN_GAJA_2018_046660,TN_GAJA_2018,ce8420a5f8de8161,TRUE,TRUE,data/tamil_nadu/buildings/validated/TN_GAJA_2018_buildings.gpkg,49.32,10.799745604089043,79.77924182021684,PASS,none
TN_GAJA_2018_054453,TN_GAJA_2018,1c4bbc027e741511,TRUE,TRUE,data/tamil_nadu/buildings/validated/TN_GAJA_2018_buildings.gpkg,27.59,10.820088754494456,79.78492508399239,PASS,none
TN_GAJA_2018_063638,TN_GAJA_2018,75157400315c17fc,TRUE,TRUE,data/tamil_nadu/buildings/validated/TN_GAJA_2018_buildings.gpkg,25.97,10.836392802635869,79.78413420969606,PASS,none
TN_GAJA_2018_001095,TN_GAJA_2018,a91178ece3f739de,TRUE,TRUE,data/tamil_nadu/buildings/validated/TN_GAJA_2018_buildings.gpkg,67.06,10.695857489530637,79.79955812840282,PASS,none
TN_GAJA_2018_001127,TN_GAJA_2018,85c96d6c26011404,TRUE,TRUE,data/tamil_nadu/buildings/validated/TN_GAJA_2018_buildings.gpkg,26.99,10.70581479720168,79.80035834153273,PASS,none
TN_GAJA_2018_006778,TN_GAJA_2018,31c8bf60309da3df,TRUE,TRUE,data/tamil_nadu/buildings/validated/TN_GAJA_2018_buildings.gpkg,111.16,10.7263407153568,79.79650975356726,PASS,none
TN_GAJA_2018_011226,TN_GAJA_2018,a1c5f99851b665c8,TRUE,TRUE,data/tamil_nadu/buildings/validated/TN_GAJA_2018_buildings.gpkg,16.3,10.73848877256246,79.79108179944592,PASS,none
TN_GAJA_2018_017099,TN_GAJA_2018,8ff5714b33d75fad,TRUE,TRUE,data/tamil_nadu/buildings/validated/TN_GAJA_2018_buildings.gpkg,40.5,10.757994344978217,79.79910447951293,PASS,none
TN_GAJA_2018_034721,TN_GAJA_2018,00b5dd70a273ae76,TRUE,TRUE,data/tamil_nadu/buildings/validated/TN_GAJA_2018_buildings.gpkg,33.81,10.77501449645611,79.80012252539902,PASS,none
TN_GAJA_2018_034962,TN_GAJA_2018,33087a5384dc912d,TRUE,TRUE,data/tamil_nadu/buildings/validated/TN_GAJA_2018_buildings.gpkg,91.82,10.78429863670772,79.7991455494325,PASS,none
TN_GAJA_2018_047544,TN_GAJA_2018,8014c8a3c593223e,TRUE,TRUE,data/tamil_nadu/buildings/validated/TN_GAJA_2018_buildings.gpkg,32.68,10.796229237761537,79.79684918477199,PASS,none
TN_GAJA_2018_054770,TN_GAJA_2018,44a27186c8583d33,TRUE,TRUE,data/tamil_nadu/buildings/validated/TN_GAJA_2018_buildings.gpkg,16.5,10.815910412615912,79.7977475938064,PASS,none
TN_GAJA_2018_064275,TN_GAJA_2018,2ab6307640ee108a,TRUE,TRUE,data/tamil_nadu/buildings/validated/TN_GAJA_2018_buildings.gpkg,37.28,10.827271445566044,79.79894009170476,PASS,none
TN_GAJA_2018_001104,TN_GAJA_2018,ee674f8f60fc26f5,TRUE,TRUE,data/tamil_nadu/buildings/validated/TN_GAJA_2018_buildings.gpkg,57.39,10.704357197654604,79.80248176583126,PASS,none
TN_GAJA_2018_001200,TN_GAJA_2018,6080242e6970384e,TRUE,TRUE,data/tamil_nadu/buildings/validated/TN_GAJA_2018_buildings.gpkg,17.16,10.707540768167611,79.80341844416657,PASS,none
TN_GAJA_2018_006775,TN_GAJA_2018,ede67c0e6320884d,TRUE,TRUE,data/tamil_nadu/buildings/validated/TN_GAJA_2018_buildings.gpkg,7.43,10.725341364025692,79.80308686786391,PASS,none
TN_GAJA_2018_011237,TN_GAJA_2018,0226178df65ed54e,TRUE,TRUE,data/tamil_nadu/buildings/validated/TN_GAJA_2018_buildings.gpkg,39.38,10.744217275131895,79.80518036416403,PASS,none
TN_GAJA_2018_017086,TN_GAJA_2018,8ade2404b645ab71,TRUE,TRUE,data/tamil_nadu/buildings/validated/TN_GAJA_2018_buildings.gpkg,48.64,10.755891604890893,79.80409644523218,PASS,none
TN_GAJA_2018_034732,TN_GAJA_2018,ba662dcddebae265,TRUE,TRUE,data/tamil_nadu/buildings/validated/TN_GAJA_2018_buildings.gpkg,24.63,10.766902798110712,79.80488923357298,PASS,none
TN_GAJA_2018_034813,TN_GAJA_2018,a46afe2b89539167,TRUE,TRUE,data/tamil_nadu/buildings/validated/TN_GAJA_2018_buildings.gpkg,15.65,10.782739137215536,79.80334264109385,PASS,none
TN_GAJA_2018_047575,TN_GAJA_2018,2773641cfb79275e,TRUE,TRUE,data/tamil_nadu/buildings/validated/TN_GAJA_2018_buildings.gpkg,45.18,10.798910239402366,79.80419143038922,PASS,none
TN_GAJA_2018_054824,TN_GAJA_2018,bcdbbdbac36fb0ea,TRUE,TRUE,data/tamil_nadu/buildings/validated/TN_GAJA_2018_buildings.gpkg,44.9,10.815364211654796,79.80187127219781,PASS,none
TN_GAJA_2018_064336,TN_GAJA_2018,4b2b5a923170502a,TRUE,TRUE,data/tamil_nadu/buildings/validated/TN_GAJA_2018_buildings.gpkg,83.83,10.831277265456833,79.80208075629405,PASS,none
TN_GAJA_2018_002190,TN_GAJA_2018,dc222f392c8fd5d1,TRUE,TRUE,data/tamil_nadu/buildings/validated/TN_GAJA_2018_buildings.gpkg,66.34,10.691093465906958,79.81806872253811,PASS,none
TN_GAJA_2018_002244,TN_GAJA_2018,cd40d3d752a8accf,TRUE,TRUE,data/tamil_nadu/buildings/validated/TN_GAJA_2018_buildings.gpkg,33.15,10.706572112152108,79.81248223162048,PASS,none
TN_GAJA_2018_007821,TN_GAJA_2018,30f6ff8f7a083d72,TRUE,TRUE,data/tamil_nadu/buildings/validated/TN_GAJA_2018_buildings.gpkg,50.53,10.720968652727647,79.81471888636747,PASS,none
TN_GAJA_2018_012089,TN_GAJA_2018,155b1e1ca0cf103f,TRUE,TRUE,data/tamil_nadu/buildings/validated/TN_GAJA_2018_buildings.gpkg,24.36,10.746516892077887,79.82009216769355,PASS,none
TN_GAJA_2018_019853,TN_GAJA_2018,dac09be67b3b4e07,TRUE,TRUE,data/tamil_nadu/buildings/validated/TN_GAJA_2018_buildings.gpkg,33.13,10.758908835818582,79.81787263769178,PASS,none
TN_GAJA_2018_036112,TN_GAJA_2018,7d772048d5736978,TRUE,TRUE,data/tamil_nadu/buildings/validated/TN_GAJA_2018_buildings.gpkg,26.07,10.774909812935732,79.81539903299563,PASS,none
TN_GAJA_2018_048497,TN_GAJA_2018,85ac6f00bd3d11be,TRUE,TRUE,data/tamil_nadu/buildings/validated/TN_GAJA_2018_buildings.gpkg,21.24,10.795264765970982,79.81609359595664,PASS,none
TN_GAJA_2018_048492,TN_GAJA_2018,a4c8c0c4252680e3,TRUE,TRUE,data/tamil_nadu/buildings/validated/TN_GAJA_2018_buildings.gpkg,30.94,10.802117860308861,79.81939001609554,PASS,none
TN_GAJA_2018_055302,TN_GAJA_2018,1b9d36cd703d2a58,TRUE,TRUE,data/tamil_nadu/buildings/validated/TN_GAJA_2018_buildings.gpkg,32.77,10.816027491992898,79.81228016832077,PASS,none
TN_GAJA_2018_065051,TN_GAJA_2018,3144d0c0023132ea,TRUE,TRUE,data/tamil_nadu/buildings/validated/TN_GAJA_2018_buildings.gpkg,16.4,10.840341627079368,79.8198509980306,PASS,none
TN_GAJA_2018_002344,TN_GAJA_2018,cace623d04bcceca,TRUE,TRUE,data/tamil_nadu/buildings/validated/TN_GAJA_2018_buildings.gpkg,41.81,10.691872773949305,79.82341507410874,PASS,none
TN_GAJA_2018_002245,TN_GAJA_2018,0f41923a2a7bdd56,TRUE,TRUE,data/tamil_nadu/buildings/validated/TN_GAJA_2018_buildings.gpkg,80.63,10.706646989017996,79.82349419047029,PASS,none
TN_GAJA_2018_008588,TN_GAJA_2018,aef964b6caca0391,TRUE,TRUE,data/tamil_nadu/buildings/validated/TN_GAJA_2018_buildings.gpkg,22.17,10.722424261611081,79.82639413269379,PASS,none
TN_GAJA_2018_012138,TN_GAJA_2018,e6c7e27d9fa49a07,TRUE,TRUE,data/tamil_nadu/buildings/validated/TN_GAJA_2018_buildings.gpkg,21.93,10.744286269843123,79.82313219636735,PASS,none
TN_GAJA_2018_019875,TN_GAJA_2018,b04316c728aa1df5,TRUE,TRUE,data/tamil_nadu/buildings/validated/TN_GAJA_2018_buildings.gpkg,29.22,10.75547888922016,79.82297250922025,PASS,none
TN_GAJA_2018_036118,TN_GAJA_2018,432a434af4db45f1,TRUE,TRUE,data/tamil_nadu/buildings/validated/TN_GAJA_2018_buildings.gpkg,102.58,10.768809992997348,79.82339337290404,PASS,none
TN_GAJA_2018_037849,TN_GAJA_2018,bcf6c836574677d9,TRUE,TRUE,data/tamil_nadu/buildings/validated/TN_GAJA_2018_buildings.gpkg,107.54,10.780821415470497,79.8322303742569,PASS,none
TN_GAJA_2018_055458,TN_GAJA_2018,d92aa016a1505a66,TRUE,TRUE,data/tamil_nadu/buildings/validated/TN_GAJA_2018_buildings.gpkg,86.53,10.814946650282048,79.82316307785347,PASS,none
TN_GAJA_2018_065070,TN_GAJA_2018,c9abd146ce6f9e14,TRUE,TRUE,data/tamil_nadu/buildings/validated/TN_GAJA_2018_buildings.gpkg,100.44,10.832866608323346,79.82262591092406,PASS,none
TN_GAJA_2018_003851,TN_GAJA_2018,e956f2b98eb3afdd,TRUE,TRUE,data/tamil_nadu/buildings/validated/TN_GAJA_2018_buildings.gpkg,26.35,10.705048573472185,79.83890204012526,PASS,none
TN_GAJA_2018_003858,TN_GAJA_2018,c9e633facd6f60bb,TRUE,TRUE,data/tamil_nadu/buildings/validated/TN_GAJA_2018_buildings.gpkg,58.55,10.706881453452928,79.83521188472115,PASS,none
TN_GAJA_2018_008585,TN_GAJA_2018,227a8a4607cb3c47,TRUE,TRUE,data/tamil_nadu/buildings/validated/TN_GAJA_2018_buildings.gpkg,11.07,10.727876459767181,79.83975166729947,PASS,none
TN_GAJA_2018_013626,TN_GAJA_2018,93d0e76d808fd7bf,TRUE,TRUE,data/tamil_nadu/buildings/validated/TN_GAJA_2018_buildings.gpkg,48.52,10.73626216591369,79.83882450989196,PASS,none
TN_GAJA_2018_023549,TN_GAJA_2018,d727345fc1e1f3f7,TRUE,TRUE,data/tamil_nadu/buildings/validated/TN_GAJA_2018_buildings.gpkg,70.35,10.756302749744785,79.84056413685006,PASS,none
TN_GAJA_2018_037697,TN_GAJA_2018,27c490258249e513,TRUE,TRUE,data/tamil_nadu/buildings/validated/TN_GAJA_2018_buildings.gpkg,47.34,10.770431818157194,79.84099013190863,PASS,none
TN_GAJA_2018_037731,TN_GAJA_2018,75b5b03d1559483a,TRUE,TRUE,data/tamil_nadu/buildings/validated/TN_GAJA_2018_buildings.gpkg,13.32,10.784360585813735,79.84073620433144,PASS,none
TN_GAJA_2018_049313,TN_GAJA_2018,de55efc424dffe4e,TRUE,TRUE,data/tamil_nadu/buildings/validated/TN_GAJA_2018_buildings.gpkg,32.3,10.802845753524881,79.84116833753528,PASS,none
TN_GAJA_2018_066033,TN_GAJA_2018,e2aaf6419047d764,TRUE,TRUE,data/tamil_nadu/buildings/validated/TN_GAJA_2018_buildings.gpkg,36.13,10.832471473344102,79.83920769386111,PASS,none
TN_GAJA_2018_005649,TN_GAJA_2018,782ff0b4e61e31c3,TRUE,TRUE,data/tamil_nadu/buildings/validated/TN_GAJA_2018_buildings.gpkg,12.11,10.70215533958326,79.84688686215938,PASS,none
TN_GAJA_2018_005669,TN_GAJA_2018,400c0b2b718dd29e,TRUE,TRUE,data/tamil_nadu/buildings/validated/TN_GAJA_2018_buildings.gpkg,105.52,10.705914181185557,79.84534109643027,PASS,none
TN_GAJA_2018_009904,TN_GAJA_2018,2da467336299f832,TRUE,TRUE,data/tamil_nadu/buildings/validated/TN_GAJA_2018_buildings.gpkg,19.35,10.721101661741882,79.84554509912441,PASS,none
TN_GAJA_2018_014530,TN_GAJA_2018,0825f8dbee74e1ab,TRUE,TRUE,data/tamil_nadu/buildings/validated/TN_GAJA_2018_buildings.gpkg,62.59,10.745061975206912,79.85092293310011,PASS,none
TN_GAJA_2018_028488,TN_GAJA_2018,e23d808bea4d5456,TRUE,TRUE,data/tamil_nadu/buildings/validated/TN_GAJA_2018_buildings.gpkg,60.15,10.761629774099786,79.84816225834565,PASS,none
TN_GAJA_2018_042659,TN_GAJA_2018,e153b49d64a1095b,TRUE,TRUE,data/tamil_nadu/buildings/validated/TN_GAJA_2018_buildings.gpkg,128.13,10.779933860730488,79.84971311832876,PASS,none
TN_GAJA_2018_042713,TN_GAJA_2018,7fd9f470efba8e1c,TRUE,TRUE,data/tamil_nadu/buildings/validated/TN_GAJA_2018_buildings.gpkg,40.75,10.781011621950732,79.8506061447035,PASS,none
TN_GAJA_2018_052789,TN_GAJA_2018,266863e395c365ea,TRUE,TRUE,data/tamil_nadu/buildings/validated/TN_GAJA_2018_buildings.gpkg,29.56,10.79858948177265,79.84799864814251,PASS,none
TN_GAJA_2018_061042,TN_GAJA_2018,499f5d9d20a49bef,TRUE,TRUE,data/tamil_nadu/buildings/validated/TN_GAJA_2018_buildings.gpkg,32.43,10.81577083816997,79.84566240428164,PASS,none
TN_GAJA_2018_069019,TN_GAJA_2018,fd23cfd1a781718b,TRUE,TRUE,data/tamil_nadu/buildings/validated/TN_GAJA_2018_buildings.gpkg,23.13,10.83450171275706,79.84864744152702,PASS,none
TN_GAJA_2018_000008,TN_GAJA_2018,cbcebcc8325e2fb4,TRUE,TRUE,data/tamil_nadu/buildings/validated/TN_GAJA_2018_buildings.gpkg,32.99,10.70325033942797,79.77112887147382,PASS,none
TN_GAJA_2018_000039,TN_GAJA_2018,4da52e15727b9ca8,TRUE,TRUE,data/tamil_nadu/buildings/validated/TN_GAJA_2018_buildings.gpkg,32.15,10.70723919835401,79.77064998826522,PASS,none
TN_GAJA_2018_006261,TN_GAJA_2018,53d2e044be0d3409,TRUE,TRUE,data/tamil_nadu/buildings/validated/TN_GAJA_2018_buildings.gpkg,16.71,10.720882119760024,79.7734891550727,PASS,none
TN_GAJA_2018_010223,TN_GAJA_2018,500a62c13f0d6af9,TRUE,TRUE,data/tamil_nadu/buildings/validated/TN_GAJA_2018_buildings.gpkg,11.96,10.73781346748351,79.77343958787378,PASS,none
TN_GAJA_2018_016701,TN_GAJA_2018,39599e77dad4d82f,TRUE,TRUE,data/tamil_nadu/buildings/validated/TN_GAJA_2018_buildings.gpkg,15.52,10.75977750513521,79.77071132447301,PASS,none
TN_GAJA_2018_033183,TN_GAJA_2018,36623ab3972be488,TRUE,TRUE,data/tamil_nadu/buildings/validated/TN_GAJA_2018_buildings.gpkg,60.38,10.770704742519241,79.77842737235835,PASS,none
TN_GAJA_2018_033407,TN_GAJA_2018,d3eaec73624b8afc,TRUE,TRUE,data/tamil_nadu/buildings/validated/TN_GAJA_2018_buildings.gpkg,53.0,10.780772471299901,79.77408554316544,PASS,none
TN_GAJA_2018_046680,TN_GAJA_2018,14aeccb54e5ea986,TRUE,TRUE,data/tamil_nadu/buildings/validated/TN_GAJA_2018_buildings.gpkg,43.0,10.801103543365477,79.77505530859115,PASS,none
TN_GAJA_2018_054465,TN_GAJA_2018,1dbe5f26feb75025,TRUE,TRUE,data/tamil_nadu/buildings/validated/TN_GAJA_2018_buildings.gpkg,52.27,10.820459421123807,79.77442043958791,PASS,none
TN_GAJA_2018_063647,TN_GAJA_2018,6d7756cff4bbf022,TRUE,TRUE,data/tamil_nadu/buildings/validated/TN_GAJA_2018_buildings.gpkg,42.13,10.837881424284912,79.7739805171226,PASS,none
TN_GAJA_2018_000051,TN_GAJA_2018,fe836a19a776fbb0,TRUE,TRUE,data/tamil_nadu/buildings/validated/TN_GAJA_2018_buildings.gpkg,71.27,10.69768302433678,79.78562332097452,PASS,none
TN_GAJA_2018_006260,TN_GAJA_2018,4939e73ab11d496d,TRUE,TRUE,data/tamil_nadu/buildings/validated/TN_GAJA_2018_buildings.gpkg,46.83,10.716815248890708,79.78388394075128,PASS,none
TN_GAJA_2018_006321,TN_GAJA_2018,fd7d89f68b4c8273,TRUE,TRUE,data/tamil_nadu/buildings/validated/TN_GAJA_2018_buildings.gpkg,34.7,10.721670641504629,79.78250984393799,PASS,none
TN_GAJA_2018_010289,TN_GAJA_2018,179e39e788450a42,TRUE,TRUE,data/tamil_nadu/buildings/validated/TN_GAJA_2018_buildings.gpkg,42.73,10.74534822073313,79.78362473336622,PASS,none
TN_GAJA_2018_016702,TN_GAJA_2018,91bd3f692e105bf7,TRUE,TRUE,data/tamil_nadu/buildings/validated/TN_GAJA_2018_buildings.gpkg,19.55,10.765239359682829,79.78595993050295,PASS,none
TN_GAJA_2018_033177,TN_GAJA_2018,c49e7d6901f55014,TRUE,TRUE,data/tamil_nadu/buildings/validated/TN_GAJA_2018_buildings.gpkg,90.5,10.772593446742343,79.77924983796733,PASS,none
TN_GAJA_2018_046662,TN_GAJA_2018,f773291e4ebc1e31,TRUE,TRUE,data/tamil_nadu/buildings/validated/TN_GAJA_2018_buildings.gpkg,99.88,10.785001245493135,79.77857582370082,PASS,none
TN_GAJA_2018_046661,TN_GAJA_2018,94b98b77212bfd94,TRUE,TRUE,data/tamil_nadu/buildings/validated/TN_GAJA_2018_buildings.gpkg,31.23,10.80044191648073,79.77866616767544,PASS,none
TN_GAJA_2018_054454,TN_GAJA_2018,954f9ec74cc3994b,TRUE,TRUE,data/tamil_nadu/buildings/validated/TN_GAJA_2018_buildings.gpkg,61.57,10.818374696283405,79.78435400324534,PASS,none
TN_GAJA_2018_063640,TN_GAJA_2018,00c2371225194611,TRUE,TRUE,data/tamil_nadu/buildings/validated/TN_GAJA_2018_buildings.gpkg,22.98,10.82979913182114,79.78381323226735,PASS,none
TN_GAJA_2018_001098,TN_GAJA_2018,84a8be72325186c9,TRUE,TRUE,data/tamil_nadu/buildings/validated/TN_GAJA_2018_buildings.gpkg,67.71,10.703965150337977,79.799900843041,PASS,none
TN_GAJA_2018_006779,TN_GAJA_2018,9a6c485ee079a893,TRUE,TRUE,data/tamil_nadu/buildings/validated/TN_GAJA_2018_buildings.gpkg,19.26,10.726694392548092,79.79792942941248,PASS,none
TN_GAJA_2018_011228,TN_GAJA_2018,73572b75a03c8b85,TRUE,TRUE,data/tamil_nadu/buildings/validated/TN_GAJA_2018_buildings.gpkg,62.79,10.737090799746776,79.7974553824928,PASS,none
TN_GAJA_2018_017101,TN_GAJA_2018,d29baf9df7b37a78,TRUE,TRUE,data/tamil_nadu/buildings/validated/TN_GAJA_2018_buildings.gpkg,210.77,10.757584536362428,79.79833703001815,PASS,none
TN_GAJA_2018_034722,TN_GAJA_2018,1e6a4697fab2a34f,TRUE,TRUE,data/tamil_nadu/buildings/validated/TN_GAJA_2018_buildings.gpkg,38.95,10.777157325268043,79.79734936194363,PASS,none
TN_GAJA_2018_034970,TN_GAJA_2018,3646bfbc2a4f9ef7,TRUE,TRUE,data/tamil_nadu/buildings/validated/TN_GAJA_2018_buildings.gpkg,72.07,10.784276628056993,79.79977143678883,PASS,none
TN_GAJA_2018_047545,TN_GAJA_2018,dc005e8fbe46f4c8,TRUE,TRUE,data/tamil_nadu/buildings/validated/TN_GAJA_2018_buildings.gpkg,41.22,10.797432457960127,79.7958183156139,PASS,none
TN_GAJA_2018_054771,TN_GAJA_2018,754c7136d2fce82e,TRUE,TRUE,data/tamil_nadu/buildings/validated/TN_GAJA_2018_buildings.gpkg,22.82,10.81660759574138,79.7952945862893,PASS,none
TN_GAJA_2018_064276,TN_GAJA_2018,98cb5a8a1809aebb,TRUE,TRUE,data/tamil_nadu/buildings/validated/TN_GAJA_2018_buildings.gpkg,62.43,10.825794055374475,79.79647323004504,PASS,none
TN_GAJA_2018_001119,TN_GAJA_2018,1709f428c09edd4c,TRUE,TRUE,data/tamil_nadu/buildings/validated/TN_GAJA_2018_buildings.gpkg,60.2,10.69388003485601,79.801300601775,PASS,none
TN_GAJA_2018_001221,TN_GAJA_2018,43aeeea11d7971bb,TRUE,TRUE,data/tamil_nadu/buildings/validated/TN_GAJA_2018_buildings.gpkg,33.16,10.708368157840749,79.8022443759001,PASS,none
TN_GAJA_2018_006796,TN_GAJA_2018,f46166ebd650aad9,TRUE,TRUE,data/tamil_nadu/buildings/validated/TN_GAJA_2018_buildings.gpkg,34.44,10.725671995055597,79.80279813229606,PASS,none
TN_GAJA_2018_011258,TN_GAJA_2018,076db0e5e287182a,TRUE,TRUE,data/tamil_nadu/buildings/validated/TN_GAJA_2018_buildings.gpkg,54.31,10.738762536699799,79.80076264692697,PASS,none
TN_GAJA_2018_017087,TN_GAJA_2018,7e21ff856c26f458,TRUE,TRUE,data/tamil_nadu/buildings/validated/TN_GAJA_2018_buildings.gpkg,98.82,10.753203123705884,79.80138671644956,PASS,none
TN_GAJA_2018_034735,TN_GAJA_2018,af73bc616c1119f3,TRUE,TRUE,data/tamil_nadu/buildings/validated/TN_GAJA_2018_buildings.gpkg,116.73,10.768212180847083,79.80123588913871,PASS,none
TN_GAJA_2018_034867,TN_GAJA_2018,ae54b370672ef6f9,TRUE,TRUE,data/tamil_nadu/buildings/validated/TN_GAJA_2018_buildings.gpkg,25.6,10.7822607570138,79.80240930953639,PASS,none
TN_GAJA_2018_047578,TN_GAJA_2018,d7f7a9361f301cb8,TRUE,TRUE,data/tamil_nadu/buildings/validated/TN_GAJA_2018_buildings.gpkg,13.42,10.799022323402939,79.801015245118,PASS,none
TN_GAJA_2018_054833,TN_GAJA_2018,1a86f8b85307011e,TRUE,TRUE,data/tamil_nadu/buildings/validated/TN_GAJA_2018_buildings.gpkg,21.05,10.812151503914764,79.80253670920314,PASS,none
TN_GAJA_2018_064337,TN_GAJA_2018,237f201a5a0b8b1c,TRUE,TRUE,data/tamil_nadu/buildings/validated/TN_GAJA_2018_buildings.gpkg,55.93,10.83111921288212,79.8012076878223,PASS,none
TN_GAJA_2018_002197,TN_GAJA_2018,9a25fc83385d8ee9,TRUE,TRUE,data/tamil_nadu/buildings/validated/TN_GAJA_2018_buildings.gpkg,27.01,10.692491729813584,79.81754865466553,PASS,none
TN_GAJA_2018_002268,TN_GAJA_2018,f9c2d66a94b64a7a,TRUE,TRUE,data/tamil_nadu/buildings/validated/TN_GAJA_2018_buildings.gpkg,156.48,10.707595036298168,79.81345129254038,PASS,none
TN_GAJA_2018_007835,TN_GAJA_2018,dbc07d29cb9a5d73,TRUE,TRUE,data/tamil_nadu/buildings/validated/TN_GAJA_2018_buildings.gpkg,33.57,10.721136068649557,79.81461281960162,PASS,none
TN_GAJA_2018_012091,TN_GAJA_2018,a520c4d62b1cec5d,TRUE,TRUE,data/tamil_nadu/buildings/validated/TN_GAJA_2018_buildings.gpkg,57.7,10.743169103650965,79.82210863712663,PASS,none
TN_GAJA_2018_019854,TN_GAJA_2018,8096175d7b85a342,TRUE,TRUE,data/tamil_nadu/buildings/validated/TN_GAJA_2018_buildings.gpkg,9.8,10.755028227004537,79.81180094583706,PASS,none
TN_GAJA_2018_036113,TN_GAJA_2018,4a74549a1fb8f992,TRUE,TRUE,data/tamil_nadu/buildings/validated/TN_GAJA_2018_buildings.gpkg,46.21,10.772354372690069,79.82066958006473,PASS,none
TN_GAJA_2018_048499,TN_GAJA_2018,79b828531d261586,TRUE,TRUE,data/tamil_nadu/buildings/validated/TN_GAJA_2018_buildings.gpkg,28.84,10.7853585455375,79.81416717533553,PASS,none
TN_GAJA_2018_048498,TN_GAJA_2018,21b66d2e0e0bf02d,TRUE,TRUE,data/tamil_nadu/buildings/validated/TN_GAJA_2018_buildings.gpkg,18.38,10.798619450171204,79.81905058569525,PASS,none
TN_GAJA_2018_055303,TN_GAJA_2018,a7a02e25204a9fb0,TRUE,TRUE,data/tamil_nadu/buildings/validated/TN_GAJA_2018_buildings.gpkg,35.55,10.814931654449262,79.81753857186408,PASS,none
TN_GAJA_2018_065059,TN_GAJA_2018,643702728cdbcf0c,TRUE,TRUE,data/tamil_nadu/buildings/validated/TN_GAJA_2018_buildings.gpkg,6.32,10.829766908873298,79.81655139079992,PASS,none
TN_GAJA_2018_002351,TN_GAJA_2018,8a4c64b17bb43006,TRUE,TRUE,data/tamil_nadu/buildings/validated/TN_GAJA_2018_buildings.gpkg,50.39,10.704590979324626,79.8239256902629,PASS,none
TN_GAJA_2018_002252,TN_GAJA_2018,7b4d425fe9f71439,TRUE,TRUE,data/tamil_nadu/buildings/validated/TN_GAJA_2018_buildings.gpkg,37.03,10.707690874464436,79.82372973712641,PASS,none
TN_GAJA_2018_008599,TN_GAJA_2018,4be214383405d86f,TRUE,TRUE,data/tamil_nadu/buildings/validated/TN_GAJA_2018_buildings.gpkg,46.41,10.726491880825506,79.82626166287359,PASS,none
TN_GAJA_2018_012143,TN_GAJA_2018,3a7df798a464aca1,TRUE,TRUE,data/tamil_nadu/buildings/validated/TN_GAJA_2018_buildings.gpkg,20.52,10.744557296747672,79.82286786301097,PASS,none
TN_GAJA_2018_019878,TN_GAJA_2018,5f4e383b626cd1ec,TRUE,TRUE,data/tamil_nadu/buildings/validated/TN_GAJA_2018_buildings.gpkg,67.91,10.757365768216273,79.82314663564917,PASS,none
TN_GAJA_2018_036121,TN_GAJA_2018,dc20409a205d0266,TRUE,TRUE,data/tamil_nadu/buildings/validated/TN_GAJA_2018_buildings.gpkg,46.07,10.772895700826421,79.82284185217337,PASS,none
TN_GAJA_2018_037896,TN_GAJA_2018,b289ddffd00a0742,TRUE,TRUE,data/tamil_nadu/buildings/validated/TN_GAJA_2018_buildings.gpkg,42.4,10.781137394401263,79.83239640172981,PASS,none
TN_GAJA_2018_048656,TN_GAJA_2018,0857c93393d4ef3d,TRUE,TRUE,data/tamil_nadu/buildings/validated/TN_GAJA_2018_buildings.gpkg,21.41,10.79929358713806,79.82335061101297,PASS,none
TN_GAJA_2018_055493,TN_GAJA_2018,0e982a517bd0d6ea,TRUE,TRUE,data/tamil_nadu/buildings/validated/TN_GAJA_2018_buildings.gpkg,19.69,10.815022559609055,79.82313266188416,PASS,none
TN_GAJA_2018_065071,TN_GAJA_2018,2295c0ddb3f579d0,TRUE,TRUE,data/tamil_nadu/buildings/validated/TN_GAJA_2018_buildings.gpkg,18.5,10.834935505874808,79.82305393745284,PASS,none
TN_GAJA_2018_003853,TN_GAJA_2018,972c277dce4d61df,TRUE,TRUE,data/tamil_nadu/buildings/validated/TN_GAJA_2018_buildings.gpkg,60.41,10.696345121866562,79.84247250281257,PASS,none
TN_GAJA_2018_003873,TN_GAJA_2018,8beb0edfc7d0f5af,TRUE,TRUE,data/tamil_nadu/buildings/validated/TN_GAJA_2018_buildings.gpkg,97.0,10.706583154215341,79.8348934571047,PASS,none
TN_GAJA_2018_008586,TN_GAJA_2018,3b41ac68f5e6cd8b,TRUE,TRUE,data/tamil_nadu/buildings/validated/TN_GAJA_2018_buildings.gpkg,42.49,10.725735359357074,79.84185365175772,PASS,none
TN_GAJA_2018_013679,TN_GAJA_2018,ac11d6344bbfa6c5,TRUE,TRUE,data/tamil_nadu/buildings/validated/TN_GAJA_2018_buildings.gpkg,22.82,10.736653006817555,79.84045374488137,PASS,none
TN_GAJA_2018_037698,TN_GAJA_2018,be420eb4f2b99e23,TRUE,TRUE,data/tamil_nadu/buildings/validated/TN_GAJA_2018_buildings.gpkg,82.58,10.773903545204714,79.83751750090138,PASS,none
TN_GAJA_2018_037752,TN_GAJA_2018,dff6fbcb493b39a2,TRUE,TRUE,data/tamil_nadu/buildings/validated/TN_GAJA_2018_buildings.gpkg,48.28,10.784168648886798,79.83483836426605,PASS,none
TN_GAJA_2018_049317,TN_GAJA_2018,2705f857832f5c17,TRUE,TRUE,data/tamil_nadu/buildings/validated/TN_GAJA_2018_buildings.gpkg,29.0,10.796409548306517,79.84241495768104,PASS,none
TN_GAJA_2018_056055,TN_GAJA_2018,b7183385b39a6665,TRUE,TRUE,data/tamil_nadu/buildings/validated/TN_GAJA_2018_buildings.gpkg,72.1,10.814561613079487,79.83490746055467,PASS,none
TN_GAJA_2018_066038,TN_GAJA_2018,3122171e8a9bc105,TRUE,TRUE,data/tamil_nadu/buildings/validated/TN_GAJA_2018_buildings.gpkg,43.52,10.837639921122046,79.83403220608407,PASS,none
TN_GAJA_2018_005650,TN_GAJA_2018,803e47da7ec06646,TRUE,TRUE,data/tamil_nadu/buildings/validated/TN_GAJA_2018_buildings.gpkg,31.88,10.691993293176855,79.85078677881694,PASS,none
TN_GAJA_2018_005687,TN_GAJA_2018,c6d050523b17cede,TRUE,TRUE,data/tamil_nadu/buildings/validated/TN_GAJA_2018_buildings.gpkg,35.98,10.706385182890754,79.84605351391666,PASS,none
TN_GAJA_2018_009919,TN_GAJA_2018,067d5ee30601f67e,TRUE,TRUE,data/tamil_nadu/buildings/validated/TN_GAJA_2018_buildings.gpkg,29.57,10.72265347218195,79.8454746989143,PASS,none
TN_GAJA_2018_014531,TN_GAJA_2018,dc39f2917f8f23e0,TRUE,TRUE,data/tamil_nadu/buildings/validated/TN_GAJA_2018_buildings.gpkg,32.77,10.745355129376694,79.84686015796326,PASS,none
TN_GAJA_2018_028489,TN_GAJA_2018,51b060019b342010,TRUE,TRUE,data/tamil_nadu/buildings/validated/TN_GAJA_2018_buildings.gpkg,35.08,10.751815391203673,79.84771081995275,PASS,none
TN_GAJA_2018_042666,TN_GAJA_2018,2204a6973c395a17,TRUE,TRUE,data/tamil_nadu/buildings/validated/TN_GAJA_2018_buildings.gpkg,87.57,10.771644022009902,79.84581617471174,PASS,none
TN_GAJA_2018_042723,TN_GAJA_2018,9673fd130e031b1a,TRUE,TRUE,data/tamil_nadu/buildings/validated/TN_GAJA_2018_buildings.gpkg,95.42,10.782647426849994,79.8492620996807,PASS,none
TN_GAJA_2018_052792,TN_GAJA_2018,1186113390d2c322,TRUE,TRUE,data/tamil_nadu/buildings/validated/TN_GAJA_2018_buildings.gpkg,62.54,10.798371162946635,79.84772068644222,PASS,none
TN_GAJA_2018_069020,TN_GAJA_2018,3c125f047b465c9e,TRUE,TRUE,data/tamil_nadu/buildings/validated/TN_GAJA_2018_buildings.gpkg,603.98,10.828629933320792,79.84729709835071,PASS,none
TN_GAJA_2018_000009,TN_GAJA_2018,5db4f922e7f79161,TRUE,TRUE,data/tamil_nadu/buildings/validated/TN_GAJA_2018_buildings.gpkg,15.9,10.69337294688957,79.77063653717263,PASS,none
TN_GAJA_2018_000041,TN_GAJA_2018,d7ad0976b2dc24f5,TRUE,TRUE,data/tamil_nadu/buildings/validated/TN_GAJA_2018_buildings.gpkg,9.33,10.707600948044599,79.76968247529746,PASS,none
TN_GAJA_2018_006263,TN_GAJA_2018,0e137c49a044473b,TRUE,TRUE,data/tamil_nadu/buildings/validated/TN_GAJA_2018_buildings.gpkg,20.09,10.720967871561198,79.77343781358509,PASS,none
TN_GAJA_2018_010227,TN_GAJA_2018,289ea08e5c4dd5ab,TRUE,TRUE,data/tamil_nadu/buildings/validated/TN_GAJA_2018_buildings.gpkg,14.79,10.738717073373133,79.77549089131,PASS,none
TN_GAJA_2018_016705,TN_GAJA_2018,d85723aff83ade2e,TRUE,TRUE,data/tamil_nadu/buildings/validated/TN_GAJA_2018_buildings.gpkg,45.48,10.760958021196211,79.77063354375144,PASS,none
TN_GAJA_2018_033187,TN_GAJA_2018,563c29a83d697f72,TRUE,TRUE,data/tamil_nadu/buildings/validated/TN_GAJA_2018_buildings.gpkg,20.47,10.76701606281714,79.77182721681483,PASS,none
TN_GAJA_2018_033540,TN_GAJA_2018,3eaee898a1a1ae06,TRUE,TRUE,data/tamil_nadu/buildings/validated/TN_GAJA_2018_buildings.gpkg,65.44,10.78113922890499,79.77312003277837,PASS,none
TN_GAJA_2018_046688,TN_GAJA_2018,ff1f7b1abfa76959,TRUE,TRUE,data/tamil_nadu/buildings/validated/TN_GAJA_2018_buildings.gpkg,21.61,10.802498421711821,79.77161707648096,PASS,none
TN_GAJA_2018_054470,TN_GAJA_2018,b8fcd546be3dbf74,TRUE,TRUE,data/tamil_nadu/buildings/validated/TN_GAJA_2018_buildings.gpkg,31.21,10.820445965922845,79.77371623336985,PASS,none
TN_GAJA_2018_063649,TN_GAJA_2018,fe31e02ff9741b16,TRUE,TRUE,data/tamil_nadu/buildings/validated/TN_GAJA_2018_buildings.gpkg,13.13,10.825790677550383,79.76868429883076,PASS,none
TN_GAJA_2018_000056,TN_GAJA_2018,51bb5b2bf4c389ba,TRUE,TRUE,data/tamil_nadu/buildings/validated/TN_GAJA_2018_buildings.gpkg,29.8,10.697487535014126,79.7848101718027,PASS,none
TN_GAJA_2018_006262,TN_GAJA_2018,90dfe8bfbdfd6f33,TRUE,TRUE,data/tamil_nadu/buildings/validated/TN_GAJA_2018_buildings.gpkg,22.09,10.712753406873178,79.78143249870726,PASS,none
TN_GAJA_2018_006327,TN_GAJA_2018,126a52a14838f290,TRUE,TRUE,data/tamil_nadu/buildings/validated/TN_GAJA_2018_buildings.gpkg,34.72,10.721617188663988,79.7825031916933,PASS,none
TN_GAJA_2018_010302,TN_GAJA_2018,27844d159587f8f4,TRUE,TRUE,data/tamil_nadu/buildings/validated/TN_GAJA_2018_buildings.gpkg,56.6,10.74547397509971,79.78309036287396,PASS,none
TN_GAJA_2018_016707,TN_GAJA_2018,90681a983b295ccb,TRUE,TRUE,data/tamil_nadu/buildings/validated/TN_GAJA_2018_buildings.gpkg,55.85,10.757902371064224,79.78247661803384,PASS,none
TN_GAJA_2018_033178,TN_GAJA_2018,68ed6bcf75bb40a6,TRUE,TRUE,data/tamil_nadu/buildings/validated/TN_GAJA_2018_buildings.gpkg,51.13,10.775169869947495,79.77964570525648,PASS,none
TN_GAJA_2018_046670,TN_GAJA_2018,e5663dfb1537e5e5,TRUE,TRUE,data/tamil_nadu/buildings/validated/TN_GAJA_2018_buildings.gpkg,8.59,10.785377519205523,79.77862236345119,PASS,none
TN_GAJA_2018_046665,TN_GAJA_2018,3e75ec9c6e5e3e50,TRUE,TRUE,data/tamil_nadu/buildings/validated/TN_GAJA_2018_buildings.gpkg,56.34,10.801145775395993,79.78078742606233,PASS,none
TN_GAJA_2018_054455,TN_GAJA_2018,1bb3ddfcc800a9f4,TRUE,TRUE,data/tamil_nadu/buildings/validated/TN_GAJA_2018_buildings.gpkg,68.03,10.817856673963627,79.78622567265461,PASS,none
TN_GAJA_2018_063641,TN_GAJA_2018,17a0082b6a38c4f0,TRUE,TRUE,data/tamil_nadu/buildings/validated/TN_GAJA_2018_buildings.gpkg,24.47,10.82977235639534,79.78397507602062,PASS,none
TN_GAJA_2018_001100,TN_GAJA_2018,ace74fd84a641a69,TRUE,TRUE,data/tamil_nadu/buildings/validated/TN_GAJA_2018_buildings.gpkg,80.67,10.703991262896546,79.79517991373734,PASS,none
TN_GAJA_2018_001158,TN_GAJA_2018,54dda1c7f26f1049,TRUE,TRUE,data/tamil_nadu/buildings/validated/TN_GAJA_2018_buildings.gpkg,50.08,10.705580158637801,79.79983579124375,PASS,none
TN_GAJA_2018_006783,TN_GAJA_2018,d0f773b816690555,TRUE,TRUE,data/tamil_nadu/buildings/validated/TN_GAJA_2018_buildings.gpkg,48.5,10.722456289421423,79.80031959886858,PASS,none
TN_GAJA_2018_011235,TN_GAJA_2018,8694e9554c034137,TRUE,TRUE,data/tamil_nadu/buildings/validated/TN_GAJA_2018_buildings.gpkg,11.56,10.745975608564287,79.79920456233401,PASS,none
TN_GAJA_2018_017103,TN_GAJA_2018,e4904d9539eae038,TRUE,TRUE,data/tamil_nadu/buildings/validated/TN_GAJA_2018_buildings.gpkg,20.32,10.751270338429187,79.79871669944671,PASS,none
TN_GAJA_2018_034723,TN_GAJA_2018,1e4d9dbd03eb1c8c,TRUE,TRUE,data/tamil_nadu/buildings/validated/TN_GAJA_2018_buildings.gpkg,32.41,10.77048838065598,79.79726864042317,PASS,none
TN_GAJA_2018_034979,TN_GAJA_2018,f58b2cd488338713,TRUE,TRUE,data/tamil_nadu/buildings/validated/TN_GAJA_2018_buildings.gpkg,39.11,10.784228734354448,79.79980154897245,PASS,none
TN_GAJA_2018_047550,TN_GAJA_2018,bbb02c99363cf4a9,TRUE,TRUE,data/tamil_nadu/buildings/validated/TN_GAJA_2018_buildings.gpkg,10.5,10.80006552086813,79.79091641321543,PASS,none
TN_GAJA_2018_054772,TN_GAJA_2018,08c6aeb32d7dbb0a,TRUE,TRUE,data/tamil_nadu/buildings/validated/TN_GAJA_2018_buildings.gpkg,87.17,10.812270436996833,79.79456922378625,PASS,none
TN_GAJA_2018_064277,TN_GAJA_2018,c416ff24713e8f00,TRUE,TRUE,data/tamil_nadu/buildings/validated/TN_GAJA_2018_buildings.gpkg,56.84,10.83119239692225,79.79673849022532,PASS,none
TN_GAJA_2018_001121,TN_GAJA_2018,2163b651d9fc0332,TRUE,TRUE,data/tamil_nadu/buildings/validated/TN_GAJA_2018_buildings.gpkg,52.07,10.703866224903265,79.8032545669261,PASS,none
TN_GAJA_2018_001222,TN_GAJA_2018,25e1605db3e182ee,TRUE,TRUE,data/tamil_nadu/buildings/validated/TN_GAJA_2018_buildings.gpkg,15.97,10.708186723796912,79.80313103604533,PASS,none
TN_GAJA_2018_006797,TN_GAJA_2018,af148a93a0c9e31d,TRUE,TRUE,data/tamil_nadu/buildings/validated/TN_GAJA_2018_buildings.gpkg,32.63,10.72535796032272,79.80324087249654,PASS,none
TN_GAJA_2018_011264,TN_GAJA_2018,5b51e3f316b95d78,TRUE,TRUE,data/tamil_nadu/buildings/validated/TN_GAJA_2018_buildings.gpkg,18.69,10.737699094045663,79.80107512883295,PASS,none
TN_GAJA_2018_017091,TN_GAJA_2018,80149d7dc4d5799d,TRUE,TRUE,data/tamil_nadu/buildings/validated/TN_GAJA_2018_buildings.gpkg,184.09,10.754672813030266,79.80155291990714,PASS,none
TN_GAJA_2018_034738,TN_GAJA_2018,1c58398dd1e36452,TRUE,TRUE,data/tamil_nadu/buildings/validated/TN_GAJA_2018_buildings.gpkg,9.27,10.768618994348726,79.80083128136593,PASS,none
TN_GAJA_2018_034893,TN_GAJA_2018,de82fe2ee2dd3576,TRUE,TRUE,data/tamil_nadu/buildings/validated/TN_GAJA_2018_buildings.gpkg,52.0,10.782759517688643,79.803842256177,PASS,none
TN_GAJA_2018_047584,TN_GAJA_2018,34a387b13d82d36d,TRUE,TRUE,data/tamil_nadu/buildings/validated/TN_GAJA_2018_buildings.gpkg,12.06,10.801999755366552,79.80129416842374,PASS,none
TN_GAJA_2018_054836,TN_GAJA_2018,64f773753f3ab28c,TRUE,TRUE,data/tamil_nadu/buildings/validated/TN_GAJA_2018_buildings.gpkg,140.78,10.815938206469143,79.80078500274796,PASS,none
TN_GAJA_2018_064339,TN_GAJA_2018,1c5095b5263bc498,TRUE,TRUE,data/tamil_nadu/buildings/validated/TN_GAJA_2018_buildings.gpkg,15.24,10.83099175122737,79.80124378051029,PASS,none
TN_GAJA_2018_002200,TN_GAJA_2018,d6e9c29b8ac8efd1,TRUE,TRUE,data/tamil_nadu/buildings/validated/TN_GAJA_2018_buildings.gpkg,193.34,10.705319496647645,79.81372364637754,PASS,none
TN_GAJA_2018_002280,TN_GAJA_2018,0da89218a9d612c4,TRUE,TRUE,data/tamil_nadu/buildings/validated/TN_GAJA_2018_buildings.gpkg,21.56,10.705820024551441,79.82096078387524,PASS,none
TN_GAJA_2018_007836,TN_GAJA_2018,062248bd264e021e,TRUE,TRUE,data/tamil_nadu/buildings/validated/TN_GAJA_2018_buildings.gpkg,15.68,10.721674539788513,79.81583324240972,PASS,none
TN_GAJA_2018_012094,TN_GAJA_2018,987b5582864149c8,TRUE,TRUE,data/tamil_nadu/buildings/validated/TN_GAJA_2018_buildings.gpkg,105.63,10.74608568720144,79.82077455191111,PASS,none
TN_GAJA_2018_019857,TN_GAJA_2018,d7c4ac2ed49fb16f,TRUE,TRUE,data/tamil_nadu/buildings/validated/TN_GAJA_2018_buildings.gpkg,63.35,10.751287675814453,79.82205368733855,PASS,none
TN_GAJA_2018_036116,TN_GAJA_2018,2df9b86ebc6f5710,TRUE,TRUE,data/tamil_nadu/buildings/validated/TN_GAJA_2018_buildings.gpkg,36.63,10.772215908858923,79.82184731933724,PASS,none
TN_GAJA_2018_048509,TN_GAJA_2018,44ebd6b05c51c0c2,TRUE,TRUE,data/tamil_nadu/buildings/validated/TN_GAJA_2018_buildings.gpkg,40.4,10.788400211819752,79.8127849114121,PASS,none
TN_GAJA_2018_048500,TN_GAJA_2018,4a633471ae53e568,TRUE,TRUE,data/tamil_nadu/buildings/validated/TN_GAJA_2018_buildings.gpkg,100.69,10.796423989095498,79.81744419985165,PASS,none
TN_GAJA_2018_055304,TN_GAJA_2018,74ae22c35bf82004,TRUE,TRUE,data/tamil_nadu/buildings/validated/TN_GAJA_2018_buildings.gpkg,44.3,10.816795368751094,79.81691898432408,PASS,none
TN_GAJA_2018_002353,TN_GAJA_2018,83e3a47bd48ffe41,TRUE,TRUE,data/tamil_nadu/buildings/validated/TN_GAJA_2018_buildings.gpkg,36.01,10.691846961390826,79.82317455330936,PASS,none
TN_GAJA_2018_002253,TN_GAJA_2018,a4657f41dd07c15f,TRUE,TRUE,data/tamil_nadu/buildings/validated/TN_GAJA_2018_buildings.gpkg,36.27,10.706485148242505,79.8230226948958,PASS,none
TN_GAJA_2018_008600,TN_GAJA_2018,5fb3b90f5e49fd82,TRUE,TRUE,data/tamil_nadu/buildings/validated/TN_GAJA_2018_buildings.gpkg,12.47,10.726850152519662,79.8270207359417,PASS,none
TN_GAJA_2018_012151,TN_GAJA_2018,0fc21f328c4854df,TRUE,TRUE,data/tamil_nadu/buildings/validated/TN_GAJA_2018_buildings.gpkg,27.18,10.746219407157714,79.82388936878931,PASS,none
TN_GAJA_2018_019881,TN_GAJA_2018,603285bf0f9e385c,TRUE,TRUE,data/tamil_nadu/buildings/validated/TN_GAJA_2018_buildings.gpkg,49.77,10.755330695112656,79.82286316076701,PASS,none
TN_GAJA_2018_036126,TN_GAJA_2018,4a0fff4e6d637423,TRUE,TRUE,data/tamil_nadu/buildings/validated/TN_GAJA_2018_buildings.gpkg,50.43,10.774625523855494,79.82336596876699,PASS,none
TN_GAJA_2018_038005,TN_GAJA_2018,d299aabf25930ee1,TRUE,TRUE,data/tamil_nadu/buildings/validated/TN_GAJA_2018_buildings.gpkg,27.01,10.78160941257098,79.83348613870427,PASS,none
TN_GAJA_2018_048674,TN_GAJA_2018,2095a7e281b3c746,TRUE,TRUE,data/tamil_nadu/buildings/validated/TN_GAJA_2018_buildings.gpkg,26.15,10.800866523695763,79.82274551911767,PASS,none
TN_GAJA_2018_055494,TN_GAJA_2018,100f998e4bc9a5fe,TRUE,TRUE,data/tamil_nadu/buildings/validated/TN_GAJA_2018_buildings.gpkg,214.98,10.81620483154393,79.82307450489135,PASS,none
TN_GAJA_2018_065072,TN_GAJA_2018,7c3b2d93ceea7b2d,TRUE,TRUE,data/tamil_nadu/buildings/validated/TN_GAJA_2018_buildings.gpkg,32.2,10.828778415793913,79.82376131743366,PASS,none
TN_GAJA_2018_003855,TN_GAJA_2018,b4e36e434da2da96,TRUE,TRUE,data/tamil_nadu/buildings/validated/TN_GAJA_2018_buildings.gpkg,38.25,10.702425270234265,79.84172695963395,PASS,none
TN_GAJA_2018_008590,TN_GAJA_2018,b6949f46a69a12e6,TRUE,TRUE,data/tamil_nadu/buildings/validated/TN_GAJA_2018_buildings.gpkg,19.73,10.72700536848755,79.84037188973505,PASS,none
TN_GAJA_2018_013702,TN_GAJA_2018,cca332fa07ccec70,TRUE,TRUE,data/tamil_nadu/buildings/validated/TN_GAJA_2018_buildings.gpkg,9.0,10.746508771034353,79.84174124947988,PASS,none
TN_GAJA_2018_023551,TN_GAJA_2018,7387815b33230861,TRUE,TRUE,data/tamil_nadu/buildings/validated/TN_GAJA_2018_buildings.gpkg,33.58,10.760834486943486,79.83511973357997,PASS,none
TN_GAJA_2018_037702,TN_GAJA_2018,086c2eaa0ca1fd5b,TRUE,TRUE,data/tamil_nadu/buildings/validated/TN_GAJA_2018_buildings.gpkg,261.92,10.766195997737233,79.84048776203569,PASS,none
TN_GAJA_2018_037753,TN_GAJA_2018,cc4cd5283e32a030,TRUE,TRUE,data/tamil_nadu/buildings/validated/TN_GAJA_2018_buildings.gpkg,34.04,10.781173081191831,79.83455499603112,PASS,none
TN_GAJA_2018_049320,TN_GAJA_2018,94ad53514c8fb492,TRUE,TRUE,data/tamil_nadu/buildings/validated/TN_GAJA_2018_buildings.gpkg,54.26,10.796941295797184,79.84169514011423,PASS,none
TN_GAJA_2018_056056,TN_GAJA_2018,db5a6d40471e9af0,TRUE,TRUE,data/tamil_nadu/buildings/validated/TN_GAJA_2018_buildings.gpkg,94.51,10.815565264812665,79.8347312957929,PASS,none
TN_GAJA_2018_066041,TN_GAJA_2018,c1acdf1072cb2ee4,TRUE,TRUE,data/tamil_nadu/buildings/validated/TN_GAJA_2018_buildings.gpkg,208.84,10.837238504608417,79.83970828328624,PASS,none
TN_GAJA_2018_005652,TN_GAJA_2018,10f3e5e3bfe43746,TRUE,TRUE,data/tamil_nadu/buildings/validated/TN_GAJA_2018_buildings.gpkg,12.72,10.69164698362259,79.85096133128243,PASS,none
TN_GAJA_2018_005694,TN_GAJA_2018,0c2bf403774dcb37,TRUE,TRUE,data/tamil_nadu/buildings/validated/TN_GAJA_2018_buildings.gpkg,127.11,10.707296139040322,79.84588100454376,PASS,none
TN_GAJA_2018_009926,TN_GAJA_2018,68634664816bde6c,TRUE,TRUE,data/tamil_nadu/buildings/validated/TN_GAJA_2018_buildings.gpkg,18.43,10.722506849064034,79.84532698267088,PASS,none
TN_GAJA_2018_014534,TN_GAJA_2018,b72aefcaca481fc3,TRUE,TRUE,data/tamil_nadu/buildings/validated/TN_GAJA_2018_buildings.gpkg,45.59,10.74643328652611,79.8477093215197,PASS,none
TN_GAJA_2018_028490,TN_GAJA_2018,4756a7f6d9074dac,TRUE,TRUE,data/tamil_nadu/buildings/validated/TN_GAJA_2018_buildings.gpkg,97.48,10.75175979231211,79.85016953283886,PASS,none
TN_GAJA_2018_042669,TN_GAJA_2018,850d6a2aab63c21f,TRUE,TRUE,data/tamil_nadu/buildings/validated/TN_GAJA_2018_buildings.gpkg,71.94,10.768883580841305,79.84878725567211,PASS,none
TN_GAJA_2018_061044,TN_GAJA_2018,a875168a8a961c49,TRUE,TRUE,data/tamil_nadu/buildings/validated/TN_GAJA_2018_buildings.gpkg,51.26,10.817993955287829,79.84511727293027,PASS,none
TN_GAJA_2018_069025,TN_GAJA_2018,e81437e3c15b9740,TRUE,TRUE,data/tamil_nadu/buildings/validated/TN_GAJA_2018_buildings.gpkg,104.1,10.831569107791186,79.8491900058637,PASS,none
TN_GAJA_2018_000010,TN_GAJA_2018,bf9c1dbe26fa589c,TRUE,TRUE,data/tamil_nadu/buildings/validated/TN_GAJA_2018_buildings.gpkg,122.08,10.695855347988164,79.7723265361445,PASS,none
TN_GAJA_2018_000064,TN_GAJA_2018,e0a92001e138760a,TRUE,TRUE,data/tamil_nadu/buildings/validated/TN_GAJA_2018_buildings.gpkg,41.84,10.707023351863791,79.77075226639909,PASS,none
TN_GAJA_2018_006264,TN_GAJA_2018,b2468dc74042bb51,TRUE,TRUE,data/tamil_nadu/buildings/validated/TN_GAJA_2018_buildings.gpkg,49.81,10.723333920313102,79.77284809911814,PASS,none
TN_GAJA_2018_010229,TN_GAJA_2018,4cefc3d5a9950731,TRUE,TRUE,data/tamil_nadu/buildings/validated/TN_GAJA_2018_buildings.gpkg,23.6,10.745153424017307,79.77476618215866,PASS,none
TN_GAJA_2018_016708,TN_GAJA_2018,c730ed08dabccf68,TRUE,TRUE,data/tamil_nadu/buildings/validated/TN_GAJA_2018_buildings.gpkg,41.31,10.758884175199864,79.77079141683313,PASS,none
TN_GAJA_2018_033189,TN_GAJA_2018,c31ab604a36f5276,TRUE,TRUE,data/tamil_nadu/buildings/validated/TN_GAJA_2018_buildings.gpkg,35.56,10.771313003451997,79.77060076191562,PASS,none
TN_GAJA_2018_033645,TN_GAJA_2018,778547589766cb6e,TRUE,TRUE,data/tamil_nadu/buildings/validated/TN_GAJA_2018_buildings.gpkg,32.27,10.781160601419979,79.77045324613269,PASS,none
TN_GAJA_2018_046696,TN_GAJA_2018,7c0cdfa9dd859296,TRUE,TRUE,data/tamil_nadu/buildings/validated/TN_GAJA_2018_buildings.gpkg,39.27,10.80144427419818,79.77485714872073,PASS,none
TN_GAJA_2018_054471,TN_GAJA_2018,375ba3d5ff6052c3,TRUE,TRUE,data/tamil_nadu/buildings/validated/TN_GAJA_2018_buildings.gpkg,41.6,10.819372457765175,79.77186029953721,PASS,none
TN_GAJA_2018_063657,TN_GAJA_2018,af09059fe1c49c42,TRUE,TRUE,data/tamil_nadu/buildings/validated/TN_GAJA_2018_buildings.gpkg,141.16,10.83741309680266,79.7753297874264,PASS,none
TN_GAJA_2018_000059,TN_GAJA_2018,70bd734eb9dfac51,TRUE,TRUE,data/tamil_nadu/buildings/validated/TN_GAJA_2018_buildings.gpkg,32.35,10.699117695274479,79.78509336786423,PASS,none
TN_GAJA_2018_010304,TN_GAJA_2018,8233eee8e341ad9d,TRUE,TRUE,data/tamil_nadu/buildings/validated/TN_GAJA_2018_buildings.gpkg,22.11,10.74530865327904,79.77946203592757,PASS,none
TN_GAJA_2018_016709,TN_GAJA_2018,e4b3c781d91477dd,TRUE,TRUE,data/tamil_nadu/buildings/validated/TN_GAJA_2018_buildings.gpkg,59.21,10.76510651240948,79.7860541811127,PASS,none
TN_GAJA_2018_033179,TN_GAJA_2018,4829d7cce598428f,TRUE,TRUE,data/tamil_nadu/buildings/validated/TN_GAJA_2018_buildings.gpkg,30.87,10.772217688216543,79.78009693326564,PASS,none
TN_GAJA_2018_046679,TN_GAJA_2018,3ffe647a58d81e40,TRUE,TRUE,data/tamil_nadu/buildings/validated/TN_GAJA_2018_buildings.gpkg,6.29,10.78558217186492,79.77980615127693,PASS,none
TN_GAJA_2018_046672,TN_GAJA_2018,aba93d01dc2d4a4b,TRUE,TRUE,data/tamil_nadu/buildings/validated/TN_GAJA_2018_buildings.gpkg,63.53,10.80144193580903,79.78099473430956,PASS,none
TN_GAJA_2018_001169,TN_GAJA_2018,e8035f8e14e14441,TRUE,TRUE,data/tamil_nadu/buildings/validated/TN_GAJA_2018_buildings.gpkg,22.45,10.705804234402837,79.79957451144193,PASS,none
TN_GAJA_2018_006787,TN_GAJA_2018,53bf01b4e9e799eb,TRUE,TRUE,data/tamil_nadu/buildings/validated/TN_GAJA_2018_buildings.gpkg,17.01,10.72355931479777,79.79866345978417,PASS,none
TN_GAJA_2018_011236,TN_GAJA_2018,f9ee9dab76947276,TRUE,TRUE,data/tamil_nadu/buildings/validated/TN_GAJA_2018_buildings.gpkg,28.1,10.738230867946855,79.80051562608907,PASS,none
TN_GAJA_2018_017105,TN_GAJA_2018,d90ba50017e1db80,TRUE,TRUE,data/tamil_nadu/buildings/validated/TN_GAJA_2018_buildings.gpkg,53.75,10.759672557041565,79.8004934772115,PASS,none
TN_GAJA_2018_034725,TN_GAJA_2018,3f3f2701deee641e,TRUE,TRUE,data/tamil_nadu/buildings/validated/TN_GAJA_2018_buildings.gpkg,13.83,10.769026747051738,79.7921968373954,PASS,none
TN_GAJA_2018_047556,TN_GAJA_2018,d550828e06771ea7,TRUE,TRUE,data/tamil_nadu/buildings/validated/TN_GAJA_2018_buildings.gpkg,30.54,10.80180334343627,79.79837353044844,PASS,none
TN_GAJA_2018_054773,TN_GAJA_2018,b0a8e38298b3a093,TRUE,TRUE,data/tamil_nadu/buildings/validated/TN_GAJA_2018_buildings.gpkg,54.51,10.812401527910275,79.79521361460117,PASS,none
TN_GAJA_2018_064282,TN_GAJA_2018,8914c40e2bdbd53a,TRUE,TRUE,data/tamil_nadu/buildings/validated/TN_GAJA_2018_buildings.gpkg,48.6,10.8262855453587,79.79746365434924,PASS,none
TN_GAJA_2018_001123,TN_GAJA_2018,5a87ae99d3b1c34d,TRUE,TRUE,data/tamil_nadu/buildings/validated/TN_GAJA_2018_buildings.gpkg,30.18,10.701611535451866,79.80484122137482,PASS,none
TN_GAJA_2018_001234,TN_GAJA_2018,6e6d504e5b9d5fee,TRUE,TRUE,data/tamil_nadu/buildings/validated/TN_GAJA_2018_buildings.gpkg,16.23,10.708140034032825,79.80314056421884,PASS,none
TN_GAJA_2018_006799,TN_GAJA_2018,4601327ab4856f30,TRUE,TRUE,data/tamil_nadu/buildings/validated/TN_GAJA_2018_buildings.gpkg,11.95,10.72377011885031,79.80154581966966,PASS,none
TN_GAJA_2018_011266,TN_GAJA_2018,6152d51b62c4d7c2,TRUE,TRUE,data/tamil_nadu/buildings/validated/TN_GAJA_2018_buildings.gpkg,26.51,10.741972367462127,79.80505833790075,PASS,none
TN_GAJA_2018_017092,TN_GAJA_2018,ff01535732af5faa,TRUE,TRUE,data/tamil_nadu/buildings/validated/TN_GAJA_2018_buildings.gpkg,123.89,10.757685409874222,79.80329924263823,PASS,none
TN_GAJA_2018_034742,TN_GAJA_2018,6ee17dce4b04b725,TRUE,TRUE,data/tamil_nadu/buildings/validated/TN_GAJA_2018_buildings.gpkg,15.66,10.766266344426992,79.80126650394674,PASS,none
TN_GAJA_2018_034901,TN_GAJA_2018,9ecc7e81f7ab6c90,TRUE,TRUE,data/tamil_nadu/buildings/validated/TN_GAJA_2018_buildings.gpkg,75.77,10.782294759345943,79.80509181603901,PASS,none
TN_GAJA_2018_047591,TN_GAJA_2018,e790e9c3b2c9222f,TRUE,TRUE,data/tamil_nadu/buildings/validated/TN_GAJA_2018_buildings.gpkg,43.52,10.800227296688469,79.80161759866762,PASS,none
TN_GAJA_2018_054839,TN_GAJA_2018,268217ee349ceaff,TRUE,TRUE,data/tamil_nadu/buildings/validated/TN_GAJA_2018_buildings.gpkg,34.19,10.818274167282773,79.80055016822497,PASS,none
TN_GAJA_2018_064341,TN_GAJA_2018,072f9e22f20e0ad8,TRUE,TRUE,data/tamil_nadu/buildings/validated/TN_GAJA_2018_buildings.gpkg,43.23,10.83119225360491,79.80206464534874,PASS,none
TN_GAJA_2018_002312,TN_GAJA_2018,54821050edf268e8,TRUE,TRUE,data/tamil_nadu/buildings/validated/TN_GAJA_2018_buildings.gpkg,9.16,10.707704025810097,79.81516267465204,PASS,none
TN_GAJA_2018_007838,TN_GAJA_2018,87866aa4beee3b7e,TRUE,TRUE,data/tamil_nadu/buildings/validated/TN_GAJA_2018_buildings.gpkg,44.55,10.720771927060126,79.81838314513807,PASS,none
TN_GAJA_2018_012098,TN_GAJA_2018,740e0afb740945a6,TRUE,TRUE,data/tamil_nadu/buildings/validated/TN_GAJA_2018_buildings.gpkg,9.17,10.7411591125378,79.81830148298752,PASS,none
TN_GAJA_2018_019859,TN_GAJA_2018,d6450f4a02d28953,TRUE,TRUE,data/tamil_nadu/buildings/validated/TN_GAJA_2018_buildings.gpkg,74.51,10.756464340925964,79.8199271048569,PASS,none
TN_GAJA_2018_036117,TN_GAJA_2018,265c1b96ee896af5,TRUE,TRUE,data/tamil_nadu/buildings/validated/TN_GAJA_2018_buildings.gpkg,86.49,10.779713472476798,79.81439880459827,PASS,none
TN_GAJA_2018_048511,TN_GAJA_2018,95b928fcfc8ee6ca,TRUE,TRUE,data/tamil_nadu/buildings/validated/TN_GAJA_2018_buildings.gpkg,50.16,10.786198457481808,79.81411563657163,PASS,none
TN_GAJA_2018_048502,TN_GAJA_2018,4552db9ec6c01bd6,TRUE,TRUE,data/tamil_nadu/buildings/validated/TN_GAJA_2018_buildings.gpkg,52.88,10.802529239032285,79.81951663954702,PASS,none
TN_GAJA_2018_055305,TN_GAJA_2018,0d62810e437d4a8a,TRUE,TRUE,data/tamil_nadu/buildings/validated/TN_GAJA_2018_buildings.gpkg,80.02,10.818590833690473,79.81635535950649,PASS,none
TN_GAJA_2018_065066,TN_GAJA_2018,d476a5281f723500,TRUE,TRUE,data/tamil_nadu/buildings/validated/TN_GAJA_2018_buildings.gpkg,71.97,10.832013955256249,79.82179860934133,PASS,none
TN_GAJA_2018_002372,TN_GAJA_2018,8edd16fd36f5739c,TRUE,TRUE,data/tamil_nadu/buildings/validated/TN_GAJA_2018_buildings.gpkg,36.1,10.69201984418719,79.8231508037059,PASS,none
TN_GAJA_2018_002256,TN_GAJA_2018,b7db1870d0720bc6,TRUE,TRUE,data/tamil_nadu/buildings/validated/TN_GAJA_2018_buildings.gpkg,16.83,10.70825752526678,79.82307651409157,PASS,none
TN_GAJA_2018_008601,TN_GAJA_2018,e327898d8227ff6b,TRUE,TRUE,data/tamil_nadu/buildings/validated/TN_GAJA_2018_buildings.gpkg,30.31,10.722460214160511,79.82609640660877,PASS,none
TN_GAJA_2018_012159,TN_GAJA_2018,da5eb6d826b650dd,TRUE,TRUE,data/tamil_nadu/buildings/validated/TN_GAJA_2018_buildings.gpkg,33.08,10.744245073152312,79.82342468947938,PASS,none
TN_GAJA_2018_019895,TN_GAJA_2018,5923402407b4b897,TRUE,TRUE,data/tamil_nadu/buildings/validated/TN_GAJA_2018_buildings.gpkg,77.86,10.757614912526986,79.82345307652663,PASS,none
TN_GAJA_2018_036128,TN_GAJA_2018,28195f877795ca5c,TRUE,TRUE,data/tamil_nadu/buildings/validated/TN_GAJA_2018_buildings.gpkg,31.87,10.776562377653145,79.82325896048278,PASS,none
TN_GAJA_2018_038022,TN_GAJA_2018,ed13c68d4d7f5a64,TRUE,TRUE,data/tamil_nadu/buildings/validated/TN_GAJA_2018_buildings.gpkg,35.21,10.78149105165346,79.8325380894816,PASS,none
TN_GAJA_2018_048734,TN_GAJA_2018,092f3064689856e3,TRUE,TRUE,data/tamil_nadu/buildings/validated/TN_GAJA_2018_buildings.gpkg,12.83,10.802392864479092,79.82275723200003,PASS,none
TN_GAJA_2018_055538,TN_GAJA_2018,d8f460867a3984fd,TRUE,TRUE,data/tamil_nadu/buildings/validated/TN_GAJA_2018_buildings.gpkg,46.3,10.814683154974832,79.82374115063665,PASS,none
TN_GAJA_2018_065078,TN_GAJA_2018,a7af12fd55c69b92,TRUE,TRUE,data/tamil_nadu/buildings/validated/TN_GAJA_2018_buildings.gpkg,63.48,10.82927989511943,79.82352853754071,PASS,none
TN_GAJA_2018_003856,TN_GAJA_2018,41dc0f7b1377e179,TRUE,TRUE,data/tamil_nadu/buildings/validated/TN_GAJA_2018_buildings.gpkg,69.91,10.703328298242393,79.83410134869224,PASS,none
TN_GAJA_2018_003885,TN_GAJA_2018,1867831c27d3aa6f,TRUE,TRUE,data/tamil_nadu/buildings/validated/TN_GAJA_2018_buildings.gpkg,29.39,10.706416916500633,79.83867043224643,PASS,none
TN_GAJA_2018_008591,TN_GAJA_2018,d765eb5f405f0d6a,TRUE,TRUE,data/tamil_nadu/buildings/validated/TN_GAJA_2018_buildings.gpkg,62.13,10.727723069987771,79.84027560467293,PASS,none
TN_GAJA_2018_013725,TN_GAJA_2018,b92019996912778e,TRUE,TRUE,data/tamil_nadu/buildings/validated/TN_GAJA_2018_buildings.gpkg,10.97,10.737187407892364,79.8352913842435,PASS,none
TN_GAJA_2018_023553,TN_GAJA_2018,e981661cf4c99101,TRUE,TRUE,data/tamil_nadu/buildings/validated/TN_GAJA_2018_buildings.gpkg,41.94,10.760662288392933,79.83726056049905,PASS,none
TN_GAJA_2018_037703,TN_GAJA_2018,7c653963aad8491f,TRUE,TRUE,data/tamil_nadu/buildings/validated/TN_GAJA_2018_buildings.gpkg,152.7,10.779570004279988,79.84061431252411,PASS,none
TN_GAJA_2018_037756,TN_GAJA_2018,f8b56459c04125e8,TRUE,TRUE,data/tamil_nadu/buildings/validated/TN_GAJA_2018_buildings.gpkg,24.56,10.784306382277485,79.83714498495247,PASS,none
TN_GAJA_2018_056057,TN_GAJA_2018,27c5d55b26d4fb03,TRUE,TRUE,data/tamil_nadu/buildings/validated/TN_GAJA_2018_buildings.gpkg,233.62,10.817706601462163,79.83777019919012,PASS,none
TN_GAJA_2018_066043,TN_GAJA_2018,4e0861a9e985f9a5,TRUE,TRUE,data/tamil_nadu/buildings/validated/TN_GAJA_2018_buildings.gpkg,17.18,10.827735641862533,79.8338240510083,PASS,none
TN_GAJA_2018_005654,TN_GAJA_2018,32a68ae5b85d06db,TRUE,TRUE,data/tamil_nadu/buildings/validated/TN_GAJA_2018_buildings.gpkg,26.36,10.700667605608626,79.84657549171435,PASS,none
TN_GAJA_2018_005698,TN_GAJA_2018,0b6a4a657e9075b6,TRUE,TRUE,data/tamil_nadu/buildings/validated/TN_GAJA_2018_buildings.gpkg,48.04,10.706252695884954,79.8461088995337,PASS,none
TN_GAJA_2018_009934,TN_GAJA_2018,fa9e565b8ae3e0bb,TRUE,TRUE,data/tamil_nadu/buildings/validated/TN_GAJA_2018_buildings.gpkg,72.74,10.722685356452955,79.84643588625549,PASS,none
TN_GAJA_2018_014535,TN_GAJA_2018,a30737ea61ff8d4e,TRUE,TRUE,data/tamil_nadu/buildings/validated/TN_GAJA_2018_buildings.gpkg,87.31,10.736917283561514,79.84778038289207,PASS,none
TN_GAJA_2018_028491,TN_GAJA_2018,91026e7cb46c6d42,TRUE,TRUE,data/tamil_nadu/buildings/validated/TN_GAJA_2018_buildings.gpkg,116.41,10.752487242347545,79.84932066348206,PASS,none
TN_GAJA_2018_042670,TN_GAJA_2018,b8ab121ab8711c86,TRUE,TRUE,data/tamil_nadu/buildings/validated/TN_GAJA_2018_buildings.gpkg,43.1,10.780703669250146,79.84841404294495,PASS,none
TN_GAJA_2018_042753,TN_GAJA_2018,973982ebe653bcc7,TRUE,TRUE,data/tamil_nadu/buildings/validated/TN_GAJA_2018_buildings.gpkg,57.15,10.781425067428371,79.84905098904402,PASS,none
TN_GAJA_2018_052796,TN_GAJA_2018,0cc1d8a3b5bd59f2,TRUE,TRUE,data/tamil_nadu/buildings/validated/TN_GAJA_2018_buildings.gpkg,64.61,10.797733039819828,79.84609773334171,PASS,none
TN_GAJA_2018_061046,TN_GAJA_2018,34b7a43f8f1ddf56,TRUE,TRUE,data/tamil_nadu/buildings/validated/TN_GAJA_2018_buildings.gpkg,5.87,10.820946517554427,79.84903722139553,PASS,none
TN_GAJA_2018_069030,TN_GAJA_2018,c86b2c2a2ab0d9bf,TRUE,TRUE,data/tamil_nadu/buildings/validated/TN_GAJA_2018_buildings.gpkg,93.14,10.830826468715108,79.84773019282784,PASS,none
TN_GAJA_2018_000011,TN_GAJA_2018,d40dc06e653322ee,TRUE,TRUE,data/tamil_nadu/buildings/validated/TN_GAJA_2018_buildings.gpkg,52.74,10.693598475357426,79.77371621128349,PASS,none
TN_GAJA_2018_000065,TN_GAJA_2018,db7901ba3061e27f,TRUE,TRUE,data/tamil_nadu/buildings/validated/TN_GAJA_2018_buildings.gpkg,48.93,10.707441439917096,79.77089825914308,PASS,none
TN_GAJA_2018_006265,TN_GAJA_2018,94acaddf40a6ffca,TRUE,TRUE,data/tamil_nadu/buildings/validated/TN_GAJA_2018_buildings.gpkg,91.62,10.721700341681224,79.77284704239392,PASS,none
TN_GAJA_2018_010234,TN_GAJA_2018,3cb2e8d1974e00e6,TRUE,TRUE,data/tamil_nadu/buildings/validated/TN_GAJA_2018_buildings.gpkg,19.9,10.742734661465887,79.77236020405934,PASS,none
TN_GAJA_2018_016710,TN_GAJA_2018,a2a58e0aefad4f7c,TRUE,TRUE,data/tamil_nadu/buildings/validated/TN_GAJA_2018_buildings.gpkg,31.67,10.761933803323245,79.77171008853037,PASS,none
TN_GAJA_2018_033193,TN_GAJA_2018,fdb7b20340aff2c7,TRUE,TRUE,data/tamil_nadu/buildings/validated/TN_GAJA_2018_buildings.gpkg,62.83,10.770442386475814,79.76935275962099,PASS,none
TN_GAJA_2018_033673,TN_GAJA_2018,aff2bb6798627a6b,TRUE,TRUE,data/tamil_nadu/buildings/validated/TN_GAJA_2018_buildings.gpkg,11.07,10.780569850817702,79.77398428099355,PASS,none
TN_GAJA_2018_046701,TN_GAJA_2018,67f1d0feec6795c8,TRUE,TRUE,data/tamil_nadu/buildings/validated/TN_GAJA_2018_buildings.gpkg,70.35,10.801620160987234,79.77054046465182,PASS,none
TN_GAJA_2018_054472,TN_GAJA_2018,522a5b2a721bd53c,TRUE,TRUE,data/tamil_nadu/buildings/validated/TN_GAJA_2018_buildings.gpkg,26.32,10.819461151845267,79.76812190759023,PASS,none
TN_GAJA_2018_063666,TN_GAJA_2018,e243922b151f9d7e,TRUE,TRUE,data/tamil_nadu/buildings/validated/TN_GAJA_2018_buildings.gpkg,33.05,10.826132955008182,79.77118208056218,PASS,none
TN_GAJA_2018_006271,TN_GAJA_2018,232289e3236fc435,TRUE,TRUE,data/tamil_nadu/buildings/validated/TN_GAJA_2018_buildings.gpkg,28.9,10.710434840967322,79.78413134434865,PASS,none
TN_GAJA_2018_006332,TN_GAJA_2018,f4cebfb7a6659ebf,TRUE,TRUE,data/tamil_nadu/buildings/validated/TN_GAJA_2018_buildings.gpkg,25.3,10.7214430484967,79.78128996515545,PASS,none
TN_GAJA_2018_010310,TN_GAJA_2018,e4d154f1a8fd895c,TRUE,TRUE,data/tamil_nadu/buildings/validated/TN_GAJA_2018_buildings.gpkg,37.97,10.745089922227002,79.7795232434958,PASS,none
TN_GAJA_2018_016711,TN_GAJA_2018,cd082d1db0720e2e,TRUE,TRUE,data/tamil_nadu/buildings/validated/TN_GAJA_2018_buildings.gpkg,16.74,10.759909978066704,79.78115000614453,PASS,none
TN_GAJA_2018_033182,TN_GAJA_2018,87f7a7d0c65df0e5,TRUE,TRUE,data/tamil_nadu/buildings/validated/TN_GAJA_2018_buildings.gpkg,65.98,10.773557989493716,79.78325991114784,PASS,none
TN_GAJA_2018_046686,TN_GAJA_2018,a085c388c21066a1,TRUE,TRUE,data/tamil_nadu/buildings/validated/TN_GAJA_2018_buildings.gpkg,53.3,10.785862935526083,79.77954872779357,PASS,none
TN_GAJA_2018_046676,TN_GAJA_2018,81b420ecffa624a5,TRUE,TRUE,data/tamil_nadu/buildings/validated/TN_GAJA_2018_buildings.gpkg,26.41,10.800050717054749,79.77872664520852,PASS,none
TN_GAJA_2018_054457,TN_GAJA_2018,bac2e56e48b5209c,TRUE,TRUE,data/tamil_nadu/buildings/validated/TN_GAJA_2018_buildings.gpkg,28.9,10.818313610458857,79.78567585963025,PASS,none
TN_GAJA_2018_063651,TN_GAJA_2018,020d766f894df83d,TRUE,TRUE,data/tamil_nadu/buildings/validated/TN_GAJA_2018_buildings.gpkg,39.87,10.840254513570201,79.78462715536014,PASS,none
TN_GAJA_2018_001106,TN_GAJA_2018,05b948e9197e7991,TRUE,TRUE,data/tamil_nadu/buildings/validated/TN_GAJA_2018_buildings.gpkg,26.77,10.703928305137861,79.79378172802089,PASS,none
TN_GAJA_2018_001172,TN_GAJA_2018,d012c7a52c6e5eca,TRUE,TRUE,data/tamil_nadu/buildings/validated/TN_GAJA_2018_buildings.gpkg,19.77,10.708833556560128,79.79192698357619,PASS,none
TN_GAJA_2018_006788,TN_GAJA_2018,1639d0983842503c,TRUE,TRUE,data/tamil_nadu/buildings/validated/TN_GAJA_2018_buildings.gpkg,168.71,10.724394403203144,79.79818989781802,PASS,none
TN_GAJA_2018_011238,TN_GAJA_2018,60aeae8864780c2f,TRUE,TRUE,data/tamil_nadu/buildings/validated/TN_GAJA_2018_buildings.gpkg,28.5,10.740501480285682,79.79934582705596,PASS,none
TN_GAJA_2018_017108,TN_GAJA_2018,8b562e406096cefd,TRUE,TRUE,data/tamil_nadu/buildings/validated/TN_GAJA_2018_buildings.gpkg,116.48,10.76181512949993,79.79599726105351,PASS,none
TN_GAJA_2018_034727,TN_GAJA_2018,18ca4073f4c4d9ad,TRUE,TRUE,data/tamil_nadu/buildings/validated/TN_GAJA_2018_buildings.gpkg,42.47,10.771409480887153,79.80053973890128,PASS,none
TN_GAJA_2018_035111,TN_GAJA_2018,df219b7b57bed8c1,TRUE,TRUE,data/tamil_nadu/buildings/validated/TN_GAJA_2018_buildings.gpkg,33.21,10.783568412442696,79.7994224142086,PASS,none
TN_GAJA_2018_047557,TN_GAJA_2018,611c947f4a05f776,TRUE,TRUE,data/tamil_nadu/buildings/validated/TN_GAJA_2018_buildings.gpkg,87.05,10.79622611085386,79.79777074805537,PASS,none
TN_GAJA_2018_054775,TN_GAJA_2018,0c4c3e41ce6a5382,TRUE,TRUE,data/tamil_nadu/buildings/validated/TN_GAJA_2018_buildings.gpkg,61.6,10.816609471396895,79.79499444123064,PASS,none
TN_GAJA_2018_064284,TN_GAJA_2018,ce356825fe32ed14,TRUE,TRUE,data/tamil_nadu/buildings/validated/TN_GAJA_2018_buildings.gpkg,99.88,10.826530129258723,79.79706345327973,PASS,none
TN_GAJA_2018_001125,TN_GAJA_2018,556289e754bb3a7f,TRUE,TRUE,data/tamil_nadu/buildings/validated/TN_GAJA_2018_buildings.gpkg,43.5,10.703921449342836,79.80350274864135,PASS,none
TN_GAJA_2018_001237,TN_GAJA_2018,0e1d3891074485b0,TRUE,TRUE,data/tamil_nadu/buildings/validated/TN_GAJA_2018_buildings.gpkg,14.53,10.707806190588064,79.80226812412836,PASS,none
TN_GAJA_2018_006804,TN_GAJA_2018,b76043b1dcc76d68,TRUE,TRUE,data/tamil_nadu/buildings/validated/TN_GAJA_2018_buildings.gpkg,60.94,10.725870001087337,79.8017140944236,PASS,none
TN_GAJA_2018_011292,TN_GAJA_2018,e348a1821c888ac7,TRUE,TRUE,data/tamil_nadu/buildings/validated/TN_GAJA_2018_buildings.gpkg,54.02,10.737963158839655,79.80105228569032,PASS,none
TN_GAJA_2018_017093,TN_GAJA_2018,41752bdf8f2dbf0c,TRUE,TRUE,data/tamil_nadu/buildings/validated/TN_GAJA_2018_buildings.gpkg,34.79,10.75207867296426,79.80268024591494,PASS,none
TN_GAJA_2018_034748,TN_GAJA_2018,1cbe775b658ba801,TRUE,TRUE,data/tamil_nadu/buildings/validated/TN_GAJA_2018_buildings.gpkg,35.3,10.76677880201025,79.80121301818718,PASS,none
TN_GAJA_2018_034995,TN_GAJA_2018,ba95ffa3959a8cf6,TRUE,TRUE,data/tamil_nadu/buildings/validated/TN_GAJA_2018_buildings.gpkg,19.02,10.78282101907387,79.80338507807045,PASS,none
TN_GAJA_2018_047592,TN_GAJA_2018,eeac5b545e4e79d4,TRUE,TRUE,data/tamil_nadu/buildings/validated/TN_GAJA_2018_buildings.gpkg,41.21,10.802133327092179,79.80134107690897,PASS,none
TN_GAJA_2018_054844,TN_GAJA_2018,742bcbbc9e21b7af,TRUE,TRUE,data/tamil_nadu/buildings/validated/TN_GAJA_2018_buildings.gpkg,18.14,10.81218264548621,79.80252251372218,PASS,none
TN_GAJA_2018_064352,TN_GAJA_2018,7d5889bb0847cfe3,TRUE,TRUE,data/tamil_nadu/buildings/validated/TN_GAJA_2018_buildings.gpkg,24.24,10.830531764502865,79.80189390342287,PASS,none
TN_GAJA_2018_002203,TN_GAJA_2018,870cf7b04c3160a5,TRUE,TRUE,data/tamil_nadu/buildings/validated/TN_GAJA_2018_buildings.gpkg,49.32,10.690873932497947,79.81733733252794,PASS,none
TN_GAJA_2018_002319,TN_GAJA_2018,cd9299bf7ff56ef7,TRUE,TRUE,data/tamil_nadu/buildings/validated/TN_GAJA_2018_buildings.gpkg,35.97,10.705647688561989,79.81600760382338,PASS,none
TN_GAJA_2018_007841,TN_GAJA_2018,3559fb48e9c8946c,TRUE,TRUE,data/tamil_nadu/buildings/validated/TN_GAJA_2018_buildings.gpkg,44.82,10.720915308471172,79.81664738633863,PASS,none
TN_GAJA_2018_012099,TN_GAJA_2018,55976010afe37b58,TRUE,TRUE,data/tamil_nadu/buildings/validated/TN_GAJA_2018_buildings.gpkg,62.62,10.745803425219298,79.82226836779955,PASS,none
TN_GAJA_2018_019861,TN_GAJA_2018,afcc8205058f1fcf,TRUE,TRUE,data/tamil_nadu/buildings/validated/TN_GAJA_2018_buildings.gpkg,30.8,10.753828546433757,79.81794832564906,PASS,none
TN_GAJA_2018_036119,TN_GAJA_2018,16ce1f1ec5067c67,TRUE,TRUE,data/tamil_nadu/buildings/validated/TN_GAJA_2018_buildings.gpkg,30.8,10.77624743548784,79.82187004974845,PASS,none
TN_GAJA_2018_048512,TN_GAJA_2018,e9a2d56ff9c56a9c,TRUE,TRUE,data/tamil_nadu/buildings/validated/TN_GAJA_2018_buildings.gpkg,46.89,10.785696660340864,79.81355397730374,PASS,none
TN_GAJA_2018_048507,TN_GAJA_2018,659a94adc1cd1e19,TRUE,TRUE,data/tamil_nadu/buildings/validated/TN_GAJA_2018_buildings.gpkg,105.84,10.79674034624168,79.81619225212931,PASS,none
TN_GAJA_2018_055306,TN_GAJA_2018,ce62f99473ae40ef,TRUE,TRUE,data/tamil_nadu/buildings/validated/TN_GAJA_2018_buildings.gpkg,69.55,10.815412891180507,79.81491122558175,PASS,none
TN_GAJA_2018_065077,TN_GAJA_2018,822ff77616a845d4,TRUE,TRUE,data/tamil_nadu/buildings/validated/TN_GAJA_2018_buildings.gpkg,45.74,10.826144044666119,79.81879564698548,PASS,none
TN_GAJA_2018_002383,TN_GAJA_2018,12369cf2d40aaf10,TRUE,TRUE,data/tamil_nadu/buildings/validated/TN_GAJA_2018_buildings.gpkg,16.98,10.691869056066599,79.82330405905505,PASS,none
TN_GAJA_2018_002293,TN_GAJA_2018,483352c4d8c937b0,TRUE,TRUE,data/tamil_nadu/buildings/validated/TN_GAJA_2018_buildings.gpkg,9.57,10.7074843199186,79.82384169208835,PASS,none
TN_GAJA_2018_008609,TN_GAJA_2018,6c3df06e753281dd,TRUE,TRUE,data/tamil_nadu/buildings/validated/TN_GAJA_2018_buildings.gpkg,81.96,10.725792175973384,79.83116670701024,PASS,none
TN_GAJA_2018_012175,TN_GAJA_2018,c09672d7e2ad369e,TRUE,TRUE,data/tamil_nadu/buildings/validated/TN_GAJA_2018_buildings.gpkg,39.64,10.74348113073978,79.82391030050303,PASS,none
TN_GAJA_2018_019918,TN_GAJA_2018,b04963bb2c74de1f,TRUE,TRUE,data/tamil_nadu/buildings/validated/TN_GAJA_2018_buildings.gpkg,14.26,10.753056420312301,79.82285839617145,PASS,none
TN_GAJA_2018_038077,TN_GAJA_2018,178b0a9bc64e211d,TRUE,TRUE,data/tamil_nadu/buildings/validated/TN_GAJA_2018_buildings.gpkg,31.84,10.781268665163912,79.83281634214825,PASS,none
TN_GAJA_2018_048745,TN_GAJA_2018,aa408c88d5fb17fb,TRUE,TRUE,data/tamil_nadu/buildings/validated/TN_GAJA_2018_buildings.gpkg,23.22,10.801070295760157,79.82282930461177,PASS,none
TN_GAJA_2018_055539,TN_GAJA_2018,a33f3e57e70ecc63,TRUE,TRUE,data/tamil_nadu/buildings/validated/TN_GAJA_2018_buildings.gpkg,6.05,10.814787201976323,79.82335014079408,PASS,none
TN_GAJA_2018_065083,TN_GAJA_2018,92e969329ae234a5,TRUE,TRUE,data/tamil_nadu/buildings/validated/TN_GAJA_2018_buildings.gpkg,16.15,10.829386804611929,79.8235530879352,PASS,none
TN_GAJA_2018_003857,TN_GAJA_2018,66e9c4e9cae2b5a5,TRUE,TRUE,data/tamil_nadu/buildings/validated/TN_GAJA_2018_buildings.gpkg,39.92,10.7010543017931,79.84241601711173,PASS,none
TN_GAJA_2018_003888,TN_GAJA_2018,6bfd36be53919c37,TRUE,TRUE,data/tamil_nadu/buildings/validated/TN_GAJA_2018_buildings.gpkg,159.4,10.706766526416182,79.8350776910017,PASS,none
TN_GAJA_2018_008592,TN_GAJA_2018,c5bb58a89ff7c0cf,TRUE,TRUE,data/tamil_nadu/buildings/validated/TN_GAJA_2018_buildings.gpkg,65.54,10.722837422324513,79.84131997470946,PASS,none
TN_GAJA_2018_013728,TN_GAJA_2018,d495d479ae1331ff,TRUE,TRUE,data/tamil_nadu/buildings/validated/TN_GAJA_2018_buildings.gpkg,40.88,10.739239009608239,79.83983985618738,PASS,none
TN_GAJA_2018_023557,TN_GAJA_2018,5f49ee014653c7ee,TRUE,TRUE,data/tamil_nadu/buildings/validated/TN_GAJA_2018_buildings.gpkg,25.7,10.763118048130648,79.83662004137692,PASS,none
TN_GAJA_2018_037704,TN_GAJA_2018,d841c3d46913849a,TRUE,TRUE,data/tamil_nadu/buildings/validated/TN_GAJA_2018_buildings.gpkg,95.1,10.768688957771975,79.8422304896105,PASS,none
TN_GAJA_2018_037757,TN_GAJA_2018,2cf3737c3f8b0731,TRUE,TRUE,data/tamil_nadu/buildings/validated/TN_GAJA_2018_buildings.gpkg,139.93,10.78407234685256,79.83806719225959,PASS,none
TN_GAJA_2018_049324,TN_GAJA_2018,5b643ec902f6b5a6,TRUE,TRUE,data/tamil_nadu/buildings/validated/TN_GAJA_2018_buildings.gpkg,179.73,10.795966441685522,79.83525287576656,PASS,none
TN_GAJA_2018_056058,TN_GAJA_2018,6b185c54906340b7,TRUE,TRUE,data/tamil_nadu/buildings/validated/TN_GAJA_2018_buildings.gpkg,41.41,10.81268288379024,79.83466546311575,PASS,none
TN_GAJA_2018_005656,TN_GAJA_2018,c778a20744b9d084,TRUE,TRUE,data/tamil_nadu/buildings/validated/TN_GAJA_2018_buildings.gpkg,12.47,10.694074828728459,79.85067743347216,PASS,none
TN_GAJA_2018_005707,TN_GAJA_2018,f33c11aa60bfe063,TRUE,TRUE,data/tamil_nadu/buildings/validated/TN_GAJA_2018_buildings.gpkg,29.63,10.705972519750427,79.8452417187449,PASS,none
TN_GAJA_2018_009935,TN_GAJA_2018,c46b3d93a571132f,TRUE,TRUE,data/tamil_nadu/buildings/validated/TN_GAJA_2018_buildings.gpkg,6.32,10.721392799498897,79.84530467405905,PASS,none
TN_GAJA_2018_014537,TN_GAJA_2018,6104681e50508d6e,TRUE,TRUE,data/tamil_nadu/buildings/validated/TN_GAJA_2018_buildings.gpkg,96.85,10.744563280697085,79.84966288493328,PASS,none
TN_GAJA_2018_028493,TN_GAJA_2018,3201250614c9d94b,TRUE,TRUE,data/tamil_nadu/buildings/validated/TN_GAJA_2018_buildings.gpkg,16.31,10.751289738598782,79.84571789736263,PASS,none
TN_GAJA_2018_042672,TN_GAJA_2018,bb4613c04c094a6c,TRUE,TRUE,data/tamil_nadu/buildings/validated/TN_GAJA_2018_buildings.gpkg,14.29,10.769705211765979,79.84606326816342,PASS,none
TN_GAJA_2018_042754,TN_GAJA_2018,a7f736ffa2229b89,TRUE,TRUE,data/tamil_nadu/buildings/validated/TN_GAJA_2018_buildings.gpkg,25.37,10.781386850767245,79.84988339372302,PASS,none
TN_GAJA_2018_052798,TN_GAJA_2018,572b15a5887f8334,TRUE,TRUE,data/tamil_nadu/buildings/validated/TN_GAJA_2018_buildings.gpkg,98.64,10.798218751700803,79.84833098683724,PASS,none
TN_GAJA_2018_061051,TN_GAJA_2018,1fa5d9214e00c060,TRUE,TRUE,data/tamil_nadu/buildings/validated/TN_GAJA_2018_buildings.gpkg,75.25,10.816309259221958,79.8453324153022,PASS,none
TN_GAJA_2018_069035,TN_GAJA_2018,c549a916286fc00f,TRUE,TRUE,data/tamil_nadu/buildings/validated/TN_GAJA_2018_buildings.gpkg,143.58,10.839118965223484,79.8479159401645,PASS,none
TN_GAJA_2018_000013,TN_GAJA_2018,334a813204348063,TRUE,TRUE,data/tamil_nadu/buildings/validated/TN_GAJA_2018_buildings.gpkg,24.44,10.691002623611624,79.76838400395623,PASS,none
TN_GAJA_2018_000089,TN_GAJA_2018,acf8321370b804e5,TRUE,TRUE,data/tamil_nadu/buildings/validated/TN_GAJA_2018_buildings.gpkg,12.32,10.706784644796636,79.77075161643259,PASS,none
TN_GAJA_2018_006267,TN_GAJA_2018,7f4b1c26a710569b,TRUE,TRUE,data/tamil_nadu/buildings/validated/TN_GAJA_2018_buildings.gpkg,24.05,10.722895695827187,79.77290669641694,PASS,none
TN_GAJA_2018_010237,TN_GAJA_2018,a93b49ce0fe709fc,TRUE,TRUE,data/tamil_nadu/buildings/validated/TN_GAJA_2018_buildings.gpkg,55.84,10.745159877945575,79.77526502109153,PASS,none
TN_GAJA_2018_016713,TN_GAJA_2018,ef9b2d4b06e849e3,TRUE,TRUE,data/tamil_nadu/buildings/validated/TN_GAJA_2018_buildings.gpkg,38.42,10.761581851631178,79.76942021474245,PASS,none
TN_GAJA_2018_033195,TN_GAJA_2018,0db64094a5c79a91,TRUE,TRUE,data/tamil_nadu/buildings/validated/TN_GAJA_2018_buildings.gpkg,27.77,10.768411319710827,79.77721036985075,PASS,none
TN_GAJA_2018_033696,TN_GAJA_2018,7e4249b110e376ef,TRUE,TRUE,data/tamil_nadu/buildings/validated/TN_GAJA_2018_buildings.gpkg,18.41,10.783983706179997,79.77322200909448,PASS,none
TN_GAJA_2018_046707,TN_GAJA_2018,a22414cb611eac59,TRUE,TRUE,data/tamil_nadu/buildings/validated/TN_GAJA_2018_buildings.gpkg,8.16,10.800995862030597,79.77514582154187,PASS,none
TN_GAJA_2018_054473,TN_GAJA_2018,934becfcde7537b5,TRUE,TRUE,data/tamil_nadu/buildings/validated/TN_GAJA_2018_buildings.gpkg,12.4,10.82055606085293,79.77382554636569,PASS,none
TN_GAJA_2018_063688,TN_GAJA_2018,21f53aeee1870f79,TRUE,TRUE,data/tamil_nadu/buildings/validated/TN_GAJA_2018_buildings.gpkg,91.93,10.826120914769794,79.77100038247762,PASS,none
TN_GAJA_2018_000063,TN_GAJA_2018,3842523cdeac9427,TRUE,TRUE,data/tamil_nadu/buildings/validated/TN_GAJA_2018_buildings.gpkg,58.35,10.701170240425416,79.77956686165768,PASS,none
TN_GAJA_2018_006273,TN_GAJA_2018,3f02a12b3ae85a3e,TRUE,TRUE,data/tamil_nadu/buildings/validated/TN_GAJA_2018_buildings.gpkg,30.03,10.71433134758591,79.78161209703998,PASS,none
TN_GAJA_2018_006341,TN_GAJA_2018,869a4849985d5edc,TRUE,TRUE,data/tamil_nadu/buildings/validated/TN_GAJA_2018_buildings.gpkg,20.21,10.721744089799929,79.78172666772731,PASS,none
TN_GAJA_2018_010320,TN_GAJA_2018,19710c0920be43b7,TRUE,TRUE,data/tamil_nadu/buildings/validated/TN_GAJA_2018_buildings.gpkg,37.87,10.744363145788077,79.77918780334363,PASS,none
TN_GAJA_2018_033184,TN_GAJA_2018,e627d906219c74e2,TRUE,TRUE,data/tamil_nadu/buildings/validated/TN_GAJA_2018_buildings.gpkg,52.13,10.777709112928655,79.78646847960529,PASS,none
TN_GAJA_2018_046682,TN_GAJA_2018,08eb0d6eea69b723,TRUE,TRUE,data/tamil_nadu/buildings/validated/TN_GAJA_2018_buildings.gpkg,25.27,10.79997052416283,79.78282785976525,PASS,none
TN_GAJA_2018_054458,TN_GAJA_2018,d44ce06b93c2b9e9,TRUE,TRUE,data/tamil_nadu/buildings/validated/TN_GAJA_2018_buildings.gpkg,18.6,10.82004342891974,79.78531934244702,PASS,none
TN_GAJA_2018_063652,TN_GAJA_2018,cb466301a4e101b3,TRUE,TRUE,data/tamil_nadu/buildings/validated/TN_GAJA_2018_buildings.gpkg,51.32,10.839847565666561,79.77946498695592,PASS,none
TN_GAJA_2018_001110,TN_GAJA_2018,8a1011b14039695a,TRUE,TRUE,data/tamil_nadu/buildings/validated/TN_GAJA_2018_buildings.gpkg,67.08,10.696621572102284,79.79991236593948,PASS,none
TN_GAJA_2018_001181,TN_GAJA_2018,739d4d9964fe3c96,TRUE,TRUE,data/tamil_nadu/buildings/validated/TN_GAJA_2018_buildings.gpkg,42.12,10.709017450109972,79.79012976504009,PASS,none
TN_GAJA_2018_006791,TN_GAJA_2018,f33aebbc1af7c268,TRUE,TRUE,data/tamil_nadu/buildings/validated/TN_GAJA_2018_buildings.gpkg,28.79,10.726014108654221,79.79742899007101,PASS,none
TN_GAJA_2018_011241,TN_GAJA_2018,14cde2a6d27ee08d,TRUE,TRUE,data/tamil_nadu/buildings/validated/TN_GAJA_2018_buildings.gpkg,14.3,10.737127464733558,79.79810914821077,PASS,none
TN_GAJA_2018_017109,TN_GAJA_2018,9a84c9643ea6952b,TRUE,TRUE,data/tamil_nadu/buildings/validated/TN_GAJA_2018_buildings.gpkg,69.65,10.751170971774942,79.79858138401791,PASS,none
TN_GAJA_2018_034728,TN_GAJA_2018,7553d044e9d70b95,TRUE,TRUE,data/tamil_nadu/buildings/validated/TN_GAJA_2018_buildings.gpkg,34.38,10.779658164656093,79.79319353903635,PASS,none
TN_GAJA_2018_047563,TN_GAJA_2018,17729d00e91ce434,TRUE,TRUE,data/tamil_nadu/buildings/validated/TN_GAJA_2018_buildings.gpkg,27.94,10.800188079233706,79.79190810484418,PASS,none
TN_GAJA_2018_054776,TN_GAJA_2018,5a30cb4bf7d20faf,TRUE,TRUE,data/tamil_nadu/buildings/validated/TN_GAJA_2018_buildings.gpkg,419.61,10.818511549694446,79.8003770715877,PASS,none
TN_GAJA_2018_064294,TN_GAJA_2018,2cde8a1b06d03bd7,TRUE,TRUE,data/tamil_nadu/buildings/validated/TN_GAJA_2018_buildings.gpkg,414.01,10.833517699332045,79.7896490359093,PASS,none
TN_GAJA_2018_001126,TN_GAJA_2018,d2318cf462cb2e66,TRUE,TRUE,data/tamil_nadu/buildings/validated/TN_GAJA_2018_buildings.gpkg,33.0,10.694007938124207,79.80258839108578,PASS,none
TN_GAJA_2018_001254,TN_GAJA_2018,57df416517a34185,TRUE,TRUE,data/tamil_nadu/buildings/validated/TN_GAJA_2018_buildings.gpkg,39.39,10.70640137981278,79.80116422984841,PASS,none
TN_GAJA_2018_006815,TN_GAJA_2018,da4bad81b4e436be,TRUE,TRUE,data/tamil_nadu/buildings/validated/TN_GAJA_2018_buildings.gpkg,22.85,10.727062309241887,79.80447162849279,PASS,none
TN_GAJA_2018_011327,TN_GAJA_2018,13ee442d11c0ab12,TRUE,TRUE,data/tamil_nadu/buildings/validated/TN_GAJA_2018_buildings.gpkg,31.45,10.744314382933792,79.80521790409242,PASS,none
TN_GAJA_2018_017096,TN_GAJA_2018,84cda447288b2e8f,TRUE,TRUE,data/tamil_nadu/buildings/validated/TN_GAJA_2018_buildings.gpkg,32.72,10.752182674339087,79.80263039076901,PASS,none
TN_GAJA_2018_034752,TN_GAJA_2018,0218d4e7377cb152,TRUE,TRUE,data/tamil_nadu/buildings/validated/TN_GAJA_2018_buildings.gpkg,66.02,10.770437913395549,79.80122146027819,PASS,none
TN_GAJA_2018_035081,TN_GAJA_2018,28a0430fc4786125,TRUE,TRUE,data/tamil_nadu/buildings/validated/TN_GAJA_2018_buildings.gpkg,59.02,10.782050889999812,79.80495640693154,PASS,none
TN_GAJA_2018_047633,TN_GAJA_2018,22ed5b5ee3281718,TRUE,TRUE,data/tamil_nadu/buildings/validated/TN_GAJA_2018_buildings.gpkg,29.46,10.802030996847222,79.80115148092145,PASS,none
TN_GAJA_2018_054860,TN_GAJA_2018,1eec81f45b98d04f,TRUE,TRUE,data/tamil_nadu/buildings/validated/TN_GAJA_2018_buildings.gpkg,61.56,10.815405432718238,79.80052593087012,PASS,none
TN_GAJA_2018_064376,TN_GAJA_2018,130b5ab798cd792e,TRUE,TRUE,data/tamil_nadu/buildings/validated/TN_GAJA_2018_buildings.gpkg,24.52,10.827447439854518,79.80140306890873,PASS,none
TN_GAJA_2018_002206,TN_GAJA_2018,4c3173bf656869bb,TRUE,TRUE,data/tamil_nadu/buildings/validated/TN_GAJA_2018_buildings.gpkg,20.89,10.698481327231294,79.82286435770176,PASS,none
TN_GAJA_2018_002321,TN_GAJA_2018,313ae06bbd29ce54,TRUE,TRUE,data/tamil_nadu/buildings/validated/TN_GAJA_2018_buildings.gpkg,90.23,10.706121035662417,79.81407808041264,PASS,none
TN_GAJA_2018_007842,TN_GAJA_2018,2ba9f76e60aa1885,TRUE,TRUE,data/tamil_nadu/buildings/validated/TN_GAJA_2018_buildings.gpkg,14.2,10.723690047061494,79.81607089521165,PASS,none
TN_GAJA_2018_012101,TN_GAJA_2018,4bcd5d614db30b55,TRUE,TRUE,data/tamil_nadu/buildings/validated/TN_GAJA_2018_buildings.gpkg,73.32,10.741266962121623,79.82077952969733,PASS,none
TN_GAJA_2018_019864,TN_GAJA_2018,f56b1c0dd71a282a,TRUE,TRUE,data/tamil_nadu/buildings/validated/TN_GAJA_2018_buildings.gpkg,102.08,10.757974330519698,79.81201348877534,PASS,none
TN_GAJA_2018_036120,TN_GAJA_2018,120b06a3759d8e1a,TRUE,TRUE,data/tamil_nadu/buildings/validated/TN_GAJA_2018_buildings.gpkg,29.23,10.771702019223719,79.82238106322636,PASS,none
TN_GAJA_2018_048514,TN_GAJA_2018,fe327b7c6d022da2,TRUE,TRUE,data/tamil_nadu/buildings/validated/TN_GAJA_2018_buildings.gpkg,10.85,10.785982571688132,79.81432330499293,PASS,none
TN_GAJA_2018_048508,TN_GAJA_2018,68bcc63fc707caf4,TRUE,TRUE,data/tamil_nadu/buildings/validated/TN_GAJA_2018_buildings.gpkg,20.88,10.798494812688812,79.81841504498988,PASS,none
TN_GAJA_2018_055307,TN_GAJA_2018,b85584846adc8b6b,TRUE,TRUE,data/tamil_nadu/buildings/validated/TN_GAJA_2018_buildings.gpkg,26.57,10.814829522839753,79.81324517718356,PASS,none
TN_GAJA_2018_065081,TN_GAJA_2018,f7db7a7f0c2e4cc0,TRUE,TRUE,data/tamil_nadu/buildings/validated/TN_GAJA_2018_buildings.gpkg,663.27,10.82925995686712,79.81601037471458,PASS,none
TN_GAJA_2018_002388,TN_GAJA_2018,cd7ba28ef1f73fcc,TRUE,TRUE,data/tamil_nadu/buildings/validated/TN_GAJA_2018_buildings.gpkg,52.38,10.7047513282262,79.82367442217651,PASS,none
TN_GAJA_2018_002340,TN_GAJA_2018,1661acb1088fe2c4,TRUE,TRUE,data/tamil_nadu/buildings/validated/TN_GAJA_2018_buildings.gpkg,9.75,10.708158628646569,79.82365811565049,PASS,none
TN_GAJA_2018_008615,TN_GAJA_2018,abcb3547d7bf9065,TRUE,TRUE,data/tamil_nadu/buildings/validated/TN_GAJA_2018_buildings.gpkg,166.31,10.722208642034108,79.82637434130646,PASS,none
TN_GAJA_2018_012200,TN_GAJA_2018,918671c32a477792,TRUE,TRUE,data/tamil_nadu/buildings/validated/TN_GAJA_2018_buildings.gpkg,53.68,10.74445562503128,79.82305874794508,PASS,none
TN_GAJA_2018_019944,TN_GAJA_2018,0d11d49735f98d17,TRUE,TRUE,data/tamil_nadu/buildings/validated/TN_GAJA_2018_buildings.gpkg,120.86,10.751022588955841,79.8239553140329,PASS,none
TN_GAJA_2018_036142,TN_GAJA_2018,605f1f6aa2083c8d,TRUE,TRUE,data/tamil_nadu/buildings/validated/TN_GAJA_2018_buildings.gpkg,32.07,10.772848651234005,79.82385559781332,PASS,none
TN_GAJA_2018_038136,TN_GAJA_2018,572f37c2242cbd57,TRUE,TRUE,data/tamil_nadu/buildings/validated/TN_GAJA_2018_buildings.gpkg,38.3,10.781390458587897,79.83376079228475,PASS,none
TN_GAJA_2018_048774,TN_GAJA_2018,2b55b33c900d9ce8,TRUE,TRUE,data/tamil_nadu/buildings/validated/TN_GAJA_2018_buildings.gpkg,20.87,10.801311196641358,79.82290448483126,PASS,none
TN_GAJA_2018_055553,TN_GAJA_2018,41fe42d4bb79616c,TRUE,TRUE,data/tamil_nadu/buildings/validated/TN_GAJA_2018_buildings.gpkg,18.64,10.818504714379435,79.8236427891908,PASS,none
TN_GAJA_2018_065088,TN_GAJA_2018,fef3d38e74bb5d4a,TRUE,TRUE,data/tamil_nadu/buildings/validated/TN_GAJA_2018_buildings.gpkg,36.74,10.829004032333774,79.82370246438144,PASS,none
TN_GAJA_2018_003859,TN_GAJA_2018,4a0a4bf534471907,TRUE,TRUE,data/tamil_nadu/buildings/validated/TN_GAJA_2018_buildings.gpkg,16.75,10.705353917110129,79.84133218140263,PASS,none
TN_GAJA_2018_003900,TN_GAJA_2018,9e2548c7d1252a85,TRUE,TRUE,data/tamil_nadu/buildings/validated/TN_GAJA_2018_buildings.gpkg,31.05,10.70672823128469,79.83530472743381,PASS,none
TN_GAJA_2018_008593,TN_GAJA_2018,a1298394c2d69874,TRUE,TRUE,data/tamil_nadu/buildings/validated/TN_GAJA_2018_buildings.gpkg,59.5,10.726353443516851,79.83926685148377,PASS,none
TN_GAJA_2018_013734,TN_GAJA_2018,08370113e6cb4980,TRUE,TRUE,data/tamil_nadu/buildings/validated/TN_GAJA_2018_buildings.gpkg,22.48,10.737362751336846,79.83537729207872,PASS,none
TN_GAJA_2018_023558,TN_GAJA_2018,9163f8293c7ebaa2,TRUE,TRUE,data/tamil_nadu/buildings/validated/TN_GAJA_2018_buildings.gpkg,51.85,10.760308494398751,79.8364780556176,PASS,none
TN_GAJA_2018_037705,TN_GAJA_2018,9918f9a2083f93aa,TRUE,TRUE,data/tamil_nadu/buildings/validated/TN_GAJA_2018_buildings.gpkg,33.21,10.770462427564121,79.84103191513671,PASS,none
TN_GAJA_2018_037771,TN_GAJA_2018,7de15d5d7a250af5,TRUE,TRUE,data/tamil_nadu/buildings/validated/TN_GAJA_2018_buildings.gpkg,72.87,10.780816188318477,79.83769603984214,PASS,none
TN_GAJA_2018_049326,TN_GAJA_2018,3026ac8055c1d4f7,TRUE,TRUE,data/tamil_nadu/buildings/validated/TN_GAJA_2018_buildings.gpkg,10.89,10.796279301366445,79.84026681072282,PASS,none
TN_GAJA_2018_066053,TN_GAJA_2018,d84d596be7eac229,TRUE,TRUE,data/tamil_nadu/buildings/validated/TN_GAJA_2018_buildings.gpkg,78.83,10.838707091142705,79.83868229256598,PASS,none
TN_GAJA_2018_005663,TN_GAJA_2018,531b9f5e81b8ce16,TRUE,TRUE,data/tamil_nadu/buildings/validated/TN_GAJA_2018_buildings.gpkg,71.27,10.692352302715847,79.8488892582435,PASS,none
TN_GAJA_2018_005714,TN_GAJA_2018,4b1cc9fbd541528c,TRUE,TRUE,data/tamil_nadu/buildings/validated/TN_GAJA_2018_buildings.gpkg,37.97,10.70698174245116,79.84641014756097,PASS,none
TN_GAJA_2018_014540,TN_GAJA_2018,211c4b4bfb6cec18,TRUE,TRUE,data/tamil_nadu/buildings/validated/TN_GAJA_2018_buildings.gpkg,58.17,10.746555580089733,79.84600620878318,PASS,none
TN_GAJA_2018_028494,TN_GAJA_2018,4f3f18aa798b4c45,TRUE,TRUE,data/tamil_nadu/buildings/validated/TN_GAJA_2018_buildings.gpkg,19.24,10.761034525472509,79.84852856256452,PASS,none
TN_GAJA_2018_042673,TN_GAJA_2018,4a9e0d629d1099aa,TRUE,TRUE,data/tamil_nadu/buildings/validated/TN_GAJA_2018_buildings.gpkg,33.59,10.779461071005672,79.84979410482138,PASS,none
TN_GAJA_2018_042760,TN_GAJA_2018,93aedf502e80f038,TRUE,TRUE,data/tamil_nadu/buildings/validated/TN_GAJA_2018_buildings.gpkg,7.04,10.782218685902611,79.84972821134357,PASS,none
TN_GAJA_2018_052799,TN_GAJA_2018,bf61af9564de1d8e,TRUE,TRUE,data/tamil_nadu/buildings/validated/TN_GAJA_2018_buildings.gpkg,52.05,10.797682718216521,79.84574917318075,PASS,none
TN_GAJA_2018_061052,TN_GAJA_2018,777130c6512d6eea,TRUE,TRUE,data/tamil_nadu/buildings/validated/TN_GAJA_2018_buildings.gpkg,31.19,10.814566525762537,79.8468243625504,PASS,none
TN_GAJA_2018_069053,TN_GAJA_2018,c2d4a591b6eaf749,TRUE,TRUE,data/tamil_nadu/buildings/validated/TN_GAJA_2018_buildings.gpkg,222.45,10.831299103631421,79.84698707635955,PASS,none
TN_GAJA_2018_000014,TN_GAJA_2018,cbe0be0a61ba3b98,TRUE,TRUE,data/tamil_nadu/buildings/validated/TN_GAJA_2018_buildings.gpkg,27.44,10.699160252161796,79.77548519785876,PASS,none
TN_GAJA_2018_000131,TN_GAJA_2018,7822303d07cc24bd,TRUE,TRUE,data/tamil_nadu/buildings/validated/TN_GAJA_2018_buildings.gpkg,100.18,10.707936854648601,79.76810098833108,PASS,none
TN_GAJA_2018_006268,TN_GAJA_2018,66390b9467828c4b,TRUE,TRUE,data/tamil_nadu/buildings/validated/TN_GAJA_2018_buildings.gpkg,23.05,10.721156019442017,79.77391423158909,PASS,none
TN_GAJA_2018_010238,TN_GAJA_2018,4437069420f14972,TRUE,TRUE,data/tamil_nadu/buildings/validated/TN_GAJA_2018_buildings.gpkg,99.72,10.74496897857939,79.77463104375413,PASS,none
TN_GAJA_2018_016718,TN_GAJA_2018,fd822b7d6e604287,TRUE,TRUE,data/tamil_nadu/buildings/validated/TN_GAJA_2018_buildings.gpkg,9.77,10.764947849492993,79.77603416518201,PASS,none
TN_GAJA_2018_033196,TN_GAJA_2018,ba1e277d93e2c2d7,TRUE,TRUE,data/tamil_nadu/buildings/validated/TN_GAJA_2018_buildings.gpkg,46.9,10.769675817914708,79.77572746883753,PASS,none
TN_GAJA_2018_033799,TN_GAJA_2018,75eb9b0ae06a9858,TRUE,TRUE,data/tamil_nadu/buildings/validated/TN_GAJA_2018_buildings.gpkg,18.92,10.784318849557694,79.77811173598535,PASS,none
TN_GAJA_2018_046712,TN_GAJA_2018,1c5a7bf01730de8b,TRUE,TRUE,data/tamil_nadu/buildings/validated/TN_GAJA_2018_buildings.gpkg,21.31,10.802209307114655,79.77178435262242,PASS,none
TN_GAJA_2018_054475,TN_GAJA_2018,8f4a315f4ab693c3,TRUE,TRUE,data/tamil_nadu/buildings/validated/TN_GAJA_2018_buildings.gpkg,10.88,10.820719324701088,79.77406252202445,PASS,none
TN_GAJA_2018_063692,TN_GAJA_2018,368817139b7a18ac,TRUE,TRUE,data/tamil_nadu/buildings/validated/TN_GAJA_2018_buildings.gpkg,36.62,10.837579228960657,79.7740746449565,PASS,none
TN_GAJA_2018_000069,TN_GAJA_2018,758a96171fcb51b1,TRUE,TRUE,data/tamil_nadu/buildings/validated/TN_GAJA_2018_buildings.gpkg,42.52,10.695976676024069,79.78356775310853,PASS,none
TN_GAJA_2018_006278,TN_GAJA_2018,e77a948e49e4aecb,TRUE,TRUE,data/tamil_nadu/buildings/validated/TN_GAJA_2018_buildings.gpkg,36.03,10.710581566174156,79.78532533826613,PASS,none
TN_GAJA_2018_006354,TN_GAJA_2018,a6a69e2bc89d9911,TRUE,TRUE,data/tamil_nadu/buildings/validated/TN_GAJA_2018_buildings.gpkg,22.81,10.721507492821662,79.78253469163099,PASS,none
TN_GAJA_2018_010321,TN_GAJA_2018,034ade89d3418912,TRUE,TRUE,data/tamil_nadu/buildings/validated/TN_GAJA_2018_buildings.gpkg,21.87,10.744828684603293,79.78312974495974,PASS,none
TN_GAJA_2018_016717,TN_GAJA_2018,7bbaf543934d0089,TRUE,TRUE,data/tamil_nadu/buildings/validated/TN_GAJA_2018_buildings.gpkg,7.81,10.759771780606059,79.78039357354325,PASS,none
TN_GAJA_2018_033185,TN_GAJA_2018,7e64bb3df5308e58,TRUE,TRUE,data/tamil_nadu/buildings/validated/TN_GAJA_2018_buildings.gpkg,92.93,10.769731254280385,79.77903344066665,PASS,none
TN_GAJA_2018_046690,TN_GAJA_2018,b4ce41228479a051,TRUE,TRUE,data/tamil_nadu/buildings/validated/TN_GAJA_2018_buildings.gpkg,23.76,10.785470944875216,79.77973422127334,PASS,none
TN_GAJA_2018_046698,TN_GAJA_2018,729a62505e7c0efb,TRUE,TRUE,data/tamil_nadu/buildings/validated/TN_GAJA_2018_buildings.gpkg,93.09,10.801164821895924,79.78223936266157,PASS,none
TN_GAJA_2018_054460,TN_GAJA_2018,d4983b66d4dc5080,TRUE,TRUE,data/tamil_nadu/buildings/validated/TN_GAJA_2018_buildings.gpkg,20.24,10.817822666435521,79.78640110696273,PASS,none
TN_GAJA_2018_063653,TN_GAJA_2018,c4f334477c52e8bd,TRUE,TRUE,data/tamil_nadu/buildings/validated/TN_GAJA_2018_buildings.gpkg,29.04,10.839187444674845,79.78435988734914,PASS,none
TN_GAJA_2018_001111,TN_GAJA_2018,3778ca56ccf2420a,TRUE,TRUE,data/tamil_nadu/buildings/validated/TN_GAJA_2018_buildings.gpkg,21.7,10.693541671382295,79.80090739686767,PASS,none
TN_GAJA_2018_001205,TN_GAJA_2018,43fc01b2c927d3f0,TRUE,TRUE,data/tamil_nadu/buildings/validated/TN_GAJA_2018_buildings.gpkg,34.12,10.708523444592055,79.79002010707639,PASS,none
TN_GAJA_2018_006792,TN_GAJA_2018,9a1b39c64b5a296a,TRUE,TRUE,data/tamil_nadu/buildings/validated/TN_GAJA_2018_buildings.gpkg,117.19,10.725526760443941,79.79811132470861,PASS,none
TN_GAJA_2018_034729,TN_GAJA_2018,81310853fe22a857,TRUE,TRUE,data/tamil_nadu/buildings/validated/TN_GAJA_2018_buildings.gpkg,190.58,10.773273718297117,79.79660559658949,PASS,none
TN_GAJA_2018_035234,TN_GAJA_2018,dcc3c400aa250b39,TRUE,TRUE,data/tamil_nadu/buildings/validated/TN_GAJA_2018_buildings.gpkg,58.93,10.783379712123576,79.79877957349844,PASS,none
TN_GAJA_2018_047564,TN_GAJA_2018,d0a065deb4a74ec3,TRUE,TRUE,data/tamil_nadu/buildings/validated/TN_GAJA_2018_buildings.gpkg,162.77,10.797690125077349,79.79654208039696,PASS,none
TN_GAJA_2018_054777,TN_GAJA_2018,9d752a7ba6524a8c,TRUE,TRUE,data/tamil_nadu/buildings/validated/TN_GAJA_2018_buildings.gpkg,567.18,10.817435253897546,79.80036906592737,PASS,none
TN_GAJA_2018_064298,TN_GAJA_2018,fb63dc136f5d127e,TRUE,TRUE,data/tamil_nadu/buildings/validated/TN_GAJA_2018_buildings.gpkg,16.89,10.832192519681449,79.79647911590628,PASS,none
TN_GAJA_2018_001130,TN_GAJA_2018,7b8b6fb1abfbbae1,TRUE,TRUE,data/tamil_nadu/buildings/validated/TN_GAJA_2018_buildings.gpkg,110.94,10.700990829809252,79.80162224481022,PASS,none
TN_GAJA_2018_001256,TN_GAJA_2018,dec2f8ae8e2d8164,TRUE,TRUE,data/tamil_nadu/buildings/validated/TN_GAJA_2018_buildings.gpkg,29.84,10.708139532253623,79.80345812789223,PASS,none
TN_GAJA_2018_006818,TN_GAJA_2018,ce1e0a9c00073ca2,TRUE,TRUE,data/tamil_nadu/buildings/validated/TN_GAJA_2018_buildings.gpkg,70.85,10.726825528478967,79.8034522087576,PASS,none
TN_GAJA_2018_011374,TN_GAJA_2018,52153745a1a317c9,TRUE,TRUE,data/tamil_nadu/buildings/validated/TN_GAJA_2018_buildings.gpkg,13.43,10.744399034229597,79.80518418802784,PASS,none
TN_GAJA_2018_017098,TN_GAJA_2018,2d85762e8be52a13,TRUE,TRUE,data/tamil_nadu/buildings/validated/TN_GAJA_2018_buildings.gpkg,94.08,10.758659615851835,79.80191912000954,PASS,none
TN_GAJA_2018_034754,TN_GAJA_2018,bd8b57e341ea6590,TRUE,TRUE,data/tamil_nadu/buildings/validated/TN_GAJA_2018_buildings.gpkg,56.49,10.766657902646278,79.80193150153922,PASS,none
TN_GAJA_2018_035115,TN_GAJA_2018,36c7706ad7f5dea6,TRUE,TRUE,data/tamil_nadu/buildings/validated/TN_GAJA_2018_buildings.gpkg,27.76,10.782761114179062,79.80358857948498,PASS,none
TN_GAJA_2018_047673,TN_GAJA_2018,54d0953b4422fd5f,TRUE,TRUE,data/tamil_nadu/buildings/validated/TN_GAJA_2018_buildings.gpkg,24.02,10.798949312564037,79.80399182156751,PASS,none
TN_GAJA_2018_054866,TN_GAJA_2018,3e4e5f8214f73425,TRUE,TRUE,data/tamil_nadu/buildings/validated/TN_GAJA_2018_buildings.gpkg,35.6,10.81264519950463,79.80159639941166,PASS,none
TN_GAJA_2018_064392,TN_GAJA_2018,e0f2ee7ffea65991,TRUE,TRUE,data/tamil_nadu/buildings/validated/TN_GAJA_2018_buildings.gpkg,49.56,10.830495787055373,79.80202695317952,PASS,none
TN_GAJA_2018_002207,TN_GAJA_2018,22b26721e90bf5e7,TRUE,TRUE,data/tamil_nadu/buildings/validated/TN_GAJA_2018_buildings.gpkg,42.55,10.69116488154471,79.81808078564899,PASS,none
TN_GAJA_2018_002335,TN_GAJA_2018,76ca12420cc4b254,TRUE,TRUE,data/tamil_nadu/buildings/validated/TN_GAJA_2018_buildings.gpkg,13.57,10.707679855872886,79.81610867060006,PASS,none
TN_GAJA_2018_007845,TN_GAJA_2018,13ad4a3a421db0a9,TRUE,TRUE,data/tamil_nadu/buildings/validated/TN_GAJA_2018_buildings.gpkg,39.8,10.722152675651808,79.81557558141522,PASS,none
TN_GAJA_2018_012103,TN_GAJA_2018,dce1112469b64a26,TRUE,TRUE,data/tamil_nadu/buildings/validated/TN_GAJA_2018_buildings.gpkg,15.43,10.740910933212033,79.8206682764443,PASS,none
TN_GAJA_2018_019865,TN_GAJA_2018,f35920f1424e605f,TRUE,TRUE,data/tamil_nadu/buildings/validated/TN_GAJA_2018_buildings.gpkg,67.94,10.759205483966007,79.82061728685092,PASS,none
TN_GAJA_2018_036122,TN_GAJA_2018,65e50b245bc40fb1,TRUE,TRUE,data/tamil_nadu/buildings/validated/TN_GAJA_2018_buildings.gpkg,43.56,10.779725737411557,79.81456850755498,PASS,none
TN_GAJA_2018_048520,TN_GAJA_2018,46de65615f61e9de,TRUE,TRUE,data/tamil_nadu/buildings/validated/TN_GAJA_2018_buildings.gpkg,60.86,10.795257621470157,79.81589731968315,PASS,none
TN_GAJA_2018_048510,TN_GAJA_2018,5b41b869de854302,TRUE,TRUE,data/tamil_nadu/buildings/validated/TN_GAJA_2018_buildings.gpkg,12.05,10.799545546083388,79.81895559624884,PASS,none
TN_GAJA_2018_055308,TN_GAJA_2018,165a8643edcd5cd9,TRUE,TRUE,data/tamil_nadu/buildings/validated/TN_GAJA_2018_buildings.gpkg,29.41,10.815408628935188,79.81497051212007,PASS,none
TN_GAJA_2018_065084,TN_GAJA_2018,0ad6b75f7cd96744,TRUE,TRUE,data/tamil_nadu/buildings/validated/TN_GAJA_2018_buildings.gpkg,22.06,10.82750808704886,79.81994789321381,PASS,none
TN_GAJA_2018_002391,TN_GAJA_2018,1557a5247befd02d,TRUE,TRUE,data/tamil_nadu/buildings/validated/TN_GAJA_2018_buildings.gpkg,78.02,10.704893361788448,79.82321070375482,PASS,none
TN_GAJA_2018_002349,TN_GAJA_2018,3fdd6327f7586bd9,TRUE,TRUE,data/tamil_nadu/buildings/validated/TN_GAJA_2018_buildings.gpkg,27.83,10.707571483270497,79.82386840907398,PASS,none
TN_GAJA_2018_012219,TN_GAJA_2018,3209fcbfdd1d63cd,TRUE,TRUE,data/tamil_nadu/buildings/validated/TN_GAJA_2018_buildings.gpkg,36.85,10.745110438903989,79.82336523063094,PASS,none
TN_GAJA_2018_019949,TN_GAJA_2018,97170b4036e103e5,TRUE,TRUE,data/tamil_nadu/buildings/validated/TN_GAJA_2018_buildings.gpkg,27.81,10.755712458762813,79.82335210716708,PASS,none
TN_GAJA_2018_036144,TN_GAJA_2018,af0cf2b4003d92d3,TRUE,TRUE,data/tamil_nadu/buildings/validated/TN_GAJA_2018_buildings.gpkg,17.9,10.772750585009794,79.82285416333654,PASS,none
TN_GAJA_2018_038143,TN_GAJA_2018,c244a293bb72df3f,TRUE,TRUE,data/tamil_nadu/buildings/validated/TN_GAJA_2018_buildings.gpkg,29.67,10.781131958528627,79.83198140842794,PASS,none
TN_GAJA_2018_048775,TN_GAJA_2018,42d6ab2aa0fae78b,TRUE,TRUE,data/tamil_nadu/buildings/validated/TN_GAJA_2018_buildings.gpkg,14.57,10.799286642910099,79.82341243610271,PASS,none
TN_GAJA_2018_055569,TN_GAJA_2018,87282285d704b09d,TRUE,TRUE,data/tamil_nadu/buildings/validated/TN_GAJA_2018_buildings.gpkg,98.83,10.814974950517465,79.82301010627916,PASS,none
TN_GAJA_2018_065090,TN_GAJA_2018,cfafe139665e9cff,TRUE,TRUE,data/tamil_nadu/buildings/validated/TN_GAJA_2018_buildings.gpkg,39.29,10.828748166155227,79.82365309128481,PASS,none
TN_GAJA_2018_003860,TN_GAJA_2018,4bbfbba601b5bbfc,TRUE,TRUE,data/tamil_nadu/buildings/validated/TN_GAJA_2018_buildings.gpkg,48.97,10.693856001099356,79.84048703547195,PASS,none
TN_GAJA_2018_003901,TN_GAJA_2018,b5253a79d0218319,TRUE,TRUE,data/tamil_nadu/buildings/validated/TN_GAJA_2018_buildings.gpkg,31.04,10.707563724604743,79.83929272477667,PASS,none
TN_GAJA_2018_008595,TN_GAJA_2018,dfbf77ddd6ff5642,TRUE,TRUE,data/tamil_nadu/buildings/validated/TN_GAJA_2018_buildings.gpkg,32.43,10.726679193377874,79.8346958920187,PASS,none
TN_GAJA_2018_013737,TN_GAJA_2018,ae8f5b13bd045b63,TRUE,TRUE,data/tamil_nadu/buildings/validated/TN_GAJA_2018_buildings.gpkg,20.81,10.736183547111587,79.83922979010102,PASS,none
TN_GAJA_2018_023559,TN_GAJA_2018,ec8abba94dd4b3c4,TRUE,TRUE,data/tamil_nadu/buildings/validated/TN_GAJA_2018_buildings.gpkg,49.18,10.756481480463728,79.84132375345838,PASS,none
TN_GAJA_2018_037706,TN_GAJA_2018,f769d42b4de85158,TRUE,TRUE,data/tamil_nadu/buildings/validated/TN_GAJA_2018_buildings.gpkg,52.84,10.769266506045703,79.84031132885929,PASS,none
TN_GAJA_2018_037776,TN_GAJA_2018,c93325e692204487,TRUE,TRUE,data/tamil_nadu/buildings/validated/TN_GAJA_2018_buildings.gpkg,87.05,10.78130440892123,79.84259396030843,PASS,none
TN_GAJA_2018_049328,TN_GAJA_2018,ab6d8427e3b530b3,TRUE,TRUE,data/tamil_nadu/buildings/validated/TN_GAJA_2018_buildings.gpkg,128.46,10.802391541495805,79.83587989213193,PASS,none
TN_GAJA_2018_056060,TN_GAJA_2018,149397352b9b7d62,TRUE,TRUE,data/tamil_nadu/buildings/validated/TN_GAJA_2018_buildings.gpkg,28.28,10.818072045616763,79.83938756417018,PASS,none
TN_GAJA_2018_066056,TN_GAJA_2018,a5b202701d3066b1,TRUE,TRUE,data/tamil_nadu/buildings/validated/TN_GAJA_2018_buildings.gpkg,50.15,10.835091007912485,79.83944235641553,PASS,none
TN_GAJA_2018_005667,TN_GAJA_2018,de09ba991d2de177,TRUE,TRUE,data/tamil_nadu/buildings/validated/TN_GAJA_2018_buildings.gpkg,70.77,10.700321703500606,79.84598393033559,PASS,none
TN_GAJA_2018_005737,TN_GAJA_2018,0887f1328b302189,TRUE,TRUE,data/tamil_nadu/buildings/validated/TN_GAJA_2018_buildings.gpkg,133.04,10.705770979277842,79.84532064077366,PASS,none
TN_GAJA_2018_009954,TN_GAJA_2018,02b5edff70d10640,TRUE,TRUE,data/tamil_nadu/buildings/validated/TN_GAJA_2018_buildings.gpkg,16.43,10.721838266684465,79.84629966692324,PASS,none
TN_GAJA_2018_014541,TN_GAJA_2018,308456e8a204af12,TRUE,TRUE,data/tamil_nadu/buildings/validated/TN_GAJA_2018_buildings.gpkg,122.4,10.74560206770558,79.8471116571762,PASS,none
TN_GAJA_2018_028495,TN_GAJA_2018,70bc8be6780cbcf9,TRUE,TRUE,data/tamil_nadu/buildings/validated/TN_GAJA_2018_buildings.gpkg,94.61,10.76420605304864,79.84787053566758,PASS,none
TN_GAJA_2018_042674,TN_GAJA_2018,bc9f0bf67893b9b9,TRUE,TRUE,data/tamil_nadu/buildings/validated/TN_GAJA_2018_buildings.gpkg,59.39,10.77939359263695,79.84890628821246,PASS,none
TN_GAJA_2018_042783,TN_GAJA_2018,e912547cf888bdef,TRUE,TRUE,data/tamil_nadu/buildings/validated/TN_GAJA_2018_buildings.gpkg,95.65,10.781502300385547,79.84917824514433,PASS,none
TN_GAJA_2018_052804,TN_GAJA_2018,bb0fb9533c2317d2,TRUE,TRUE,data/tamil_nadu/buildings/validated/TN_GAJA_2018_buildings.gpkg,8.39,10.798564954451754,79.84891667284391,PASS,none
TN_GAJA_2018_061054,TN_GAJA_2018,f30fadc0990dd85d,TRUE,TRUE,data/tamil_nadu/buildings/validated/TN_GAJA_2018_buildings.gpkg,62.93,10.818877818251243,79.84542079781043,PASS,none
TN_GAJA_2018_000015,TN_GAJA_2018,c0c00c04e9119d1d,TRUE,TRUE,data/tamil_nadu/buildings/validated/TN_GAJA_2018_buildings.gpkg,103.29,10.694391316933697,79.77495088392133,PASS,none
TN_GAJA_2018_000147,TN_GAJA_2018,540f394659ed1eff,TRUE,TRUE,data/tamil_nadu/buildings/validated/TN_GAJA_2018_buildings.gpkg,38.47,10.707477269689775,79.76999387485469,PASS,none
TN_GAJA_2018_006270,TN_GAJA_2018,e1bf1f6d356fef79,TRUE,TRUE,data/tamil_nadu/buildings/validated/TN_GAJA_2018_buildings.gpkg,19.34,10.721074527570202,79.77245323287114,PASS,none
TN_GAJA_2018_010239,TN_GAJA_2018,e7f360df40fe5999,TRUE,TRUE,data/tamil_nadu/buildings/validated/TN_GAJA_2018_buildings.gpkg,11.49,10.744535121422905,79.77762942604743,PASS,none
TN_GAJA_2018_016719,TN_GAJA_2018,da68bf44a419448b,TRUE,TRUE,data/tamil_nadu/buildings/validated/TN_GAJA_2018_buildings.gpkg,19.77,10.759919118000974,79.7705585615529,PASS,none
TN_GAJA_2018_033199,TN_GAJA_2018,e92a8179cafc8608,TRUE,TRUE,data/tamil_nadu/buildings/validated/TN_GAJA_2018_buildings.gpkg,24.76,10.770687953355175,79.76933305841642,PASS,none
TN_GAJA_2018_033819,TN_GAJA_2018,6d850506d22eb0a5,TRUE,TRUE,data/tamil_nadu/buildings/validated/TN_GAJA_2018_buildings.gpkg,15.85,10.781138837933026,79.77306322606005,PASS,none
TN_GAJA_2018_046713,TN_GAJA_2018,2e5fb88b2aad7cff,TRUE,TRUE,data/tamil_nadu/buildings/validated/TN_GAJA_2018_buildings.gpkg,35.84,10.802456083400584,79.77105872439621,PASS,none
TN_GAJA_2018_054478,TN_GAJA_2018,c6a1f0a5d74e0d38,TRUE,TRUE,data/tamil_nadu/buildings/validated/TN_GAJA_2018_buildings.gpkg,97.3,10.820691557631072,79.77219152911564,PASS,none
TN_GAJA_2018_063696,TN_GAJA_2018,cb544f747348353b,TRUE,TRUE,data/tamil_nadu/buildings/validated/TN_GAJA_2018_buildings.gpkg,17.46,10.826094483859158,79.7683717810376,PASS,none
TN_GAJA_2018_000070,TN_GAJA_2018,f48ef16822a2e77e,TRUE,TRUE,data/tamil_nadu/buildings/validated/TN_GAJA_2018_buildings.gpkg,16.86,10.696593215902888,79.78523614219384,PASS,none
TN_GAJA_2018_006361,TN_GAJA_2018,fdc80107a8ac4a74,TRUE,TRUE,data/tamil_nadu/buildings/validated/TN_GAJA_2018_buildings.gpkg,6.24,10.72414006310629,79.78225182955593,PASS,none
TN_GAJA_2018_010328,TN_GAJA_2018,f109c93036e678b6,TRUE,TRUE,data/tamil_nadu/buildings/validated/TN_GAJA_2018_buildings.gpkg,73.92,10.745732669871044,79.78291822618654,PASS,none
TN_GAJA_2018_016720,TN_GAJA_2018,43bcb34f5d38d697,TRUE,TRUE,data/tamil_nadu/buildings/validated/TN_GAJA_2018_buildings.gpkg,31.76,10.758436251373999,79.78254782113117,PASS,none
TN_GAJA_2018_033186,TN_GAJA_2018,f936e268b3a4e00c,TRUE,TRUE,data/tamil_nadu/buildings/validated/TN_GAJA_2018_buildings.gpkg,16.75,10.775072699769595,79.77981726134989,PASS,none
TN_GAJA_2018_046692,TN_GAJA_2018,7a765b0c7f1bc4db,TRUE,TRUE,data/tamil_nadu/buildings/validated/TN_GAJA_2018_buildings.gpkg,12.07,10.787600913680759,79.7788680800157,PASS,none
TN_GAJA_2018_046705,TN_GAJA_2018,cccc14f47b27a6f4,TRUE,TRUE,data/tamil_nadu/buildings/validated/TN_GAJA_2018_buildings.gpkg,28.34,10.800011901046565,79.783622786926,PASS,none
TN_GAJA_2018_054461,TN_GAJA_2018,c5d94c6fe8a3fe2a,TRUE,TRUE,data/tamil_nadu/buildings/validated/TN_GAJA_2018_buildings.gpkg,39.32,10.819793350283687,79.78524952633403,PASS,none
TN_GAJA_2018_063654,TN_GAJA_2018,739d686bbb6a01b2,TRUE,TRUE,data/tamil_nadu/buildings/validated/TN_GAJA_2018_buildings.gpkg,34.74,10.8302134442705,79.7840397815711,PASS,none
TN_GAJA_2018_001112,TN_GAJA_2018,494ddcb54f8551e3,TRUE,TRUE,data/tamil_nadu/buildings/validated/TN_GAJA_2018_buildings.gpkg,129.98,10.69845552009924,79.79708447357982,PASS,none
TN_GAJA_2018_001226,TN_GAJA_2018,00c3e2eea1cea378,TRUE,TRUE,data/tamil_nadu/buildings/validated/TN_GAJA_2018_buildings.gpkg,22.68,10.708174859115305,79.79880405302778,PASS,none
TN_GAJA_2018_006794,TN_GAJA_2018,1b007c33486d84b1,TRUE,TRUE,data/tamil_nadu/buildings/validated/TN_GAJA_2018_buildings.gpkg,85.57,10.727348456649654,79.79731178475919,PASS,none
TN_GAJA_2018_011246,TN_GAJA_2018,0b6a23705d1100bc,TRUE,TRUE,data/tamil_nadu/buildings/validated/TN_GAJA_2018_buildings.gpkg,24.8,10.736650913413882,79.79053609926243,PASS,none
TN_GAJA_2018_017112,TN_GAJA_2018,2778757c1d9846fa,TRUE,TRUE,data/tamil_nadu/buildings/validated/TN_GAJA_2018_buildings.gpkg,41.6,10.756554222398764,79.79825552896862,PASS,none
TN_GAJA_2018_034731,TN_GAJA_2018,d34995245001a84b,TRUE,TRUE,data/tamil_nadu/buildings/validated/TN_GAJA_2018_buildings.gpkg,11.09,10.775038415020159,79.7971922794386,PASS,none
TN_GAJA_2018_035282,TN_GAJA_2018,47f8ef54ca8617f6,TRUE,TRUE,data/tamil_nadu/buildings/validated/TN_GAJA_2018_buildings.gpkg,54.8,10.784286534927046,79.79956241239047,PASS,none
TN_GAJA_2018_047565,TN_GAJA_2018,c3ce654104562b78,TRUE,TRUE,data/tamil_nadu/buildings/validated/TN_GAJA_2018_buildings.gpkg,44.15,10.796223357896011,79.79692018950092,PASS,none
TN_GAJA_2018_054778,TN_GAJA_2018,1895db2597b0eb95,TRUE,TRUE,data/tamil_nadu/buildings/validated/TN_GAJA_2018_buildings.gpkg,39.37,10.816567800218827,79.7974639034398,PASS,none
TN_GAJA_2018_064301,TN_GAJA_2018,ada5a9e371345cb7,TRUE,TRUE,data/tamil_nadu/buildings/validated/TN_GAJA_2018_buildings.gpkg,173.6,10.828450710776178,79.78969759344997,PASS,none
TN_GAJA_2018_001131,TN_GAJA_2018,cc5e1e549f9543de,TRUE,TRUE,data/tamil_nadu/buildings/validated/TN_GAJA_2018_buildings.gpkg,11.28,10.702214658401601,79.80438154657249,PASS,none
TN_GAJA_2018_001260,TN_GAJA_2018,dc78b67c21713f8d,TRUE,TRUE,data/tamil_nadu/buildings/validated/TN_GAJA_2018_buildings.gpkg,21.73,10.707647559052921,79.80518329915688,PASS,none
TN_GAJA_2018_006820,TN_GAJA_2018,515083e549205fb5,TRUE,TRUE,data/tamil_nadu/buildings/validated/TN_GAJA_2018_buildings.gpkg,31.95,10.727353290246288,79.80415236534863,PASS,none
TN_GAJA_2018_011388,TN_GAJA_2018,83b5b5bd871d789c,TRUE,TRUE,data/tamil_nadu/buildings/validated/TN_GAJA_2018_buildings.gpkg,42.66,10.737782154366776,79.80090006590429,PASS,none
TN_GAJA_2018_017100,TN_GAJA_2018,af78a18f7b05aa6b,TRUE,TRUE,data/tamil_nadu/buildings/validated/TN_GAJA_2018_buildings.gpkg,13.42,10.757071107688962,79.80217577799421,PASS,none
TN_GAJA_2018_034760,TN_GAJA_2018,e50d33bc3ed571e2,TRUE,TRUE,data/tamil_nadu/buildings/validated/TN_GAJA_2018_buildings.gpkg,16.45,10.775937546667432,79.80168642083424,PASS,none
TN_GAJA_2018_035178,TN_GAJA_2018,0c799882a1462463,TRUE,TRUE,data/tamil_nadu/buildings/validated/TN_GAJA_2018_buildings.gpkg,71.1,10.782728436312096,79.80390270267023,PASS,none
TN_GAJA_2018_047731,TN_GAJA_2018,ba3f2df3246a817e,TRUE,TRUE,data/tamil_nadu/buildings/validated/TN_GAJA_2018_buildings.gpkg,29.05,10.802058560602754,79.80172409976461,PASS,none
TN_GAJA_2018_054873,TN_GAJA_2018,366a2414473644c1,TRUE,TRUE,data/tamil_nadu/buildings/validated/TN_GAJA_2018_buildings.gpkg,76.06,10.816384041177768,79.80074309034626,PASS,none
TN_GAJA_2018_064400,TN_GAJA_2018,c23b14f3fb24b9b9,TRUE,TRUE,data/tamil_nadu/buildings/validated/TN_GAJA_2018_buildings.gpkg,45.81,10.831629023651923,79.80279032140712,PASS,none
TN_GAJA_2018_002369,TN_GAJA_2018,12f1acc5a229de99,TRUE,TRUE,data/tamil_nadu/buildings/validated/TN_GAJA_2018_buildings.gpkg,51.39,10.706140446960243,79.81352463505067,PASS,none
TN_GAJA_2018_007852,TN_GAJA_2018,a45f9fcf7d9a7dd3,TRUE,TRUE,data/tamil_nadu/buildings/validated/TN_GAJA_2018_buildings.gpkg,26.54,10.721803467950531,79.81576340951335,PASS,none
TN_GAJA_2018_012104,TN_GAJA_2018,9e0e1280eb61e25b,TRUE,TRUE,data/tamil_nadu/buildings/validated/TN_GAJA_2018_buildings.gpkg,46.54,10.742709456597341,79.8221195620616,PASS,none
TN_GAJA_2018_019867,TN_GAJA_2018,4860cc8e5a3a8e41,TRUE,TRUE,data/tamil_nadu/buildings/validated/TN_GAJA_2018_buildings.gpkg,185.54,10.75110868915515,79.82225906027823,PASS,none
TN_GAJA_2018_036123,TN_GAJA_2018,fce729bd3a6225e5,TRUE,TRUE,data/tamil_nadu/buildings/validated/TN_GAJA_2018_buildings.gpkg,53.64,10.774903650351794,79.81556723893182,PASS,none
TN_GAJA_2018_048523,TN_GAJA_2018,2f6200667c1fc36f,TRUE,TRUE,data/tamil_nadu/buildings/validated/TN_GAJA_2018_buildings.gpkg,64.67,10.786187403636207,79.8146290864673,PASS,none
TN_GAJA_2018_048515,TN_GAJA_2018,256c91c59d42f62a,TRUE,TRUE,data/tamil_nadu/buildings/validated/TN_GAJA_2018_buildings.gpkg,18.79,10.797615914359291,79.81520597207737,PASS,none
TN_GAJA_2018_055309,TN_GAJA_2018,e749f2e631a68145,TRUE,TRUE,data/tamil_nadu/buildings/validated/TN_GAJA_2018_buildings.gpkg,16.28,10.815225955796754,79.81473376392803,PASS,none
TN_GAJA_2018_065096,TN_GAJA_2018,ffbd69a16d987a8f,TRUE,TRUE,data/tamil_nadu/buildings/validated/TN_GAJA_2018_buildings.gpkg,25.94,10.838400665326654,79.81894134013122,PASS,none
TN_GAJA_2018_002396,TN_GAJA_2018,a5f7834bb743ac6b,TRUE,TRUE,data/tamil_nadu/buildings/validated/TN_GAJA_2018_buildings.gpkg,142.04,10.697221789240993,79.82316209963766,PASS,none
TN_GAJA_2018_002360,TN_GAJA_2018,85a269215e4a841f,TRUE,TRUE,data/tamil_nadu/buildings/validated/TN_GAJA_2018_buildings.gpkg,51.12,10.707316021718901,79.82391393480096,PASS,none
TN_GAJA_2018_008618,TN_GAJA_2018,1d81f4a64c3c1a05,TRUE,TRUE,data/tamil_nadu/buildings/validated/TN_GAJA_2018_buildings.gpkg,11.5,10.724870502362812,79.82412770166978,PASS,none
TN_GAJA_2018_012226,TN_GAJA_2018,973382c52369d6ba,TRUE,TRUE,data/tamil_nadu/buildings/validated/TN_GAJA_2018_buildings.gpkg,179.6,10.746481358810685,79.823387654023,PASS,none
TN_GAJA_2018_019952,TN_GAJA_2018,56bcbd54ef66bd94,TRUE,TRUE,data/tamil_nadu/buildings/validated/TN_GAJA_2018_buildings.gpkg,68.31,10.757111544934347,79.8228553806917,PASS,none
TN_GAJA_2018_036146,TN_GAJA_2018,d2001890a39930fa,TRUE,TRUE,data/tamil_nadu/buildings/validated/TN_GAJA_2018_buildings.gpkg,30.68,10.773050634183544,79.82285048628323,PASS,none
TN_GAJA_2018_038144,TN_GAJA_2018,374bd545b13c5de3,TRUE,TRUE,data/tamil_nadu/buildings/validated/TN_GAJA_2018_buildings.gpkg,31.71,10.781379540514097,79.83341915165217,PASS,none
TN_GAJA_2018_048794,TN_GAJA_2018,1da209eca9079431,TRUE,TRUE,data/tamil_nadu/buildings/validated/TN_GAJA_2018_buildings.gpkg,20.6,10.799473418069974,79.8229407331667,PASS,none
TN_GAJA_2018_055619,TN_GAJA_2018,3599c8efb682d9e4,TRUE,TRUE,data/tamil_nadu/buildings/validated/TN_GAJA_2018_buildings.gpkg,106.3,10.813946510425689,79.82307085077124,PASS,none
TN_GAJA_2018_065091,TN_GAJA_2018,4414da96dc7079ec,TRUE,TRUE,data/tamil_nadu/buildings/validated/TN_GAJA_2018_buildings.gpkg,24.06,10.828774432910343,79.82382310200343,PASS,none
TN_GAJA_2018_003916,TN_GAJA_2018,f724ff4c218d27e7,TRUE,TRUE,data/tamil_nadu/buildings/validated/TN_GAJA_2018_buildings.gpkg,24.67,10.70635664614133,79.83478707400172,PASS,none
TN_GAJA_2018_013757,TN_GAJA_2018,c7b5b8205add7887,TRUE,TRUE,data/tamil_nadu/buildings/validated/TN_GAJA_2018_buildings.gpkg,76.42,10.737037768018169,79.83785283990542,PASS,none
TN_GAJA_2018_023560,TN_GAJA_2018,5941705c6565705e,TRUE,TRUE,data/tamil_nadu/buildings/validated/TN_GAJA_2018_buildings.gpkg,168.06,10.761708438967949,79.84164888990455,PASS,none
TN_GAJA_2018_037707,TN_GAJA_2018,e1f9027afa90bffd,TRUE,TRUE,data/tamil_nadu/buildings/validated/TN_GAJA_2018_buildings.gpkg,25.92,10.78028166028382,79.83957854175233,PASS,none
TN_GAJA_2018_037801,TN_GAJA_2018,2d37889a3210e52f,TRUE,TRUE,data/tamil_nadu/buildings/validated/TN_GAJA_2018_buildings.gpkg,9.78,10.781829848419514,79.83501223804346,PASS,none
TN_GAJA_2018_049332,TN_GAJA_2018,6a0cba8077c731d6,TRUE,TRUE,data/tamil_nadu/buildings/validated/TN_GAJA_2018_buildings.gpkg,33.13,10.80266860173657,79.84117024387396,PASS,none
TN_GAJA_2018_056062,TN_GAJA_2018,5dd49896dd01c23e,TRUE,TRUE,data/tamil_nadu/buildings/validated/TN_GAJA_2018_buildings.gpkg,63.63,10.816253684249862,79.83488078804858,PASS,none
TN_GAJA_2018_066058,TN_GAJA_2018,7db4bd940cdbff3d,TRUE,TRUE,data/tamil_nadu/buildings/validated/TN_GAJA_2018_buildings.gpkg,61.46,10.838578270962689,79.83773412224488,PASS,none
TN_GAJA_2018_005670,TN_GAJA_2018,1b7a0566bfc5f6fb,TRUE,TRUE,data/tamil_nadu/buildings/validated/TN_GAJA_2018_buildings.gpkg,13.8,10.702724327094401,79.84684878433222,PASS,none
TN_GAJA_2018_005744,TN_GAJA_2018,b51e7dd020a746d7,TRUE,TRUE,data/tamil_nadu/buildings/validated/TN_GAJA_2018_buildings.gpkg,33.39,10.709023096847176,79.84569507397583,PASS,none
TN_GAJA_2018_009971,TN_GAJA_2018,60688cc0a4f50e33,TRUE,TRUE,data/tamil_nadu/buildings/validated/TN_GAJA_2018_buildings.gpkg,50.11,10.721229688859076,79.8462393659371,PASS,none
TN_GAJA_2018_014542,TN_GAJA_2018,9a25e5f382fd0d4d,TRUE,TRUE,data/tamil_nadu/buildings/validated/TN_GAJA_2018_buildings.gpkg,103.89,10.736479688785629,79.84820267557704,PASS,none
TN_GAJA_2018_028496,TN_GAJA_2018,84c3e32761f3f25b,TRUE,TRUE,data/tamil_nadu/buildings/validated/TN_GAJA_2018_buildings.gpkg,293.46,10.764293522150865,79.8463575606448,PASS,none
TN_GAJA_2018_042786,TN_GAJA_2018,2f385565440b8a69,TRUE,TRUE,data/tamil_nadu/buildings/validated/TN_GAJA_2018_buildings.gpkg,27.02,10.782435733154554,79.84916492047782,PASS,none
TN_GAJA_2018_052806,TN_GAJA_2018,af64e2ada035e643,TRUE,TRUE,data/tamil_nadu/buildings/validated/TN_GAJA_2018_buildings.gpkg,49.5,10.79754330795377,79.8455726507476,PASS,none
TN_GAJA_2018_061057,TN_GAJA_2018,855595bbcc254e7c,TRUE,TRUE,data/tamil_nadu/buildings/validated/TN_GAJA_2018_buildings.gpkg,45.9,10.816063978634606,79.84515039402741,PASS,none
TN_GAJA_2018_069059,TN_GAJA_2018,96d19c618b5f3406,TRUE,TRUE,data/tamil_nadu/buildings/validated/TN_GAJA_2018_buildings.gpkg,15960.08,10.829303421036512,79.84814705363318,PASS,none
TN_GAJA_2018_000016,TN_GAJA_2018,052d4daf6496f568,TRUE,TRUE,data/tamil_nadu/buildings/validated/TN_GAJA_2018_buildings.gpkg,22.34,10.69927169723132,79.77026312918733,PASS,none
TN_GAJA_2018_000156,TN_GAJA_2018,00c6d1f1ab1841d7,TRUE,TRUE,data/tamil_nadu/buildings/validated/TN_GAJA_2018_buildings.gpkg,33.93,10.707624197051858,79.770143856048,PASS,none
TN_GAJA_2018_006272,TN_GAJA_2018,20a3dd378c1e036b,TRUE,TRUE,data/tamil_nadu/buildings/validated/TN_GAJA_2018_buildings.gpkg,47.04,10.720416350568284,79.77240809080456,PASS,none
TN_GAJA_2018_010241,TN_GAJA_2018,5951e5e2438d8344,TRUE,TRUE,data/tamil_nadu/buildings/validated/TN_GAJA_2018_buildings.gpkg,34.32,10.737989780011478,79.7732899013299,PASS,none
TN_GAJA_2018_016722,TN_GAJA_2018,cf29c4a56b3c165e,TRUE,TRUE,data/tamil_nadu/buildings/validated/TN_GAJA_2018_buildings.gpkg,10.19,10.759658037618713,79.7710326758703,PASS,none
TN_GAJA_2018_033200,TN_GAJA_2018,3ada648a5aea6293,TRUE,TRUE,data/tamil_nadu/buildings/validated/TN_GAJA_2018_buildings.gpkg,16.2,10.770891808095456,79.77021917938178,PASS,none
TN_GAJA_2018_033872,TN_GAJA_2018,29eee8164b49ed71,TRUE,TRUE,data/tamil_nadu/buildings/validated/TN_GAJA_2018_buildings.gpkg,9.41,10.78145014939705,79.77060576116341,PASS,none
TN_GAJA_2018_046717,TN_GAJA_2018,258beb4c4951db6a,TRUE,TRUE,data/tamil_nadu/buildings/validated/TN_GAJA_2018_buildings.gpkg,55.49,10.802341015257213,79.77189019880255,PASS,none
TN_GAJA_2018_054480,TN_GAJA_2018,1b9823bf6bef02b5,TRUE,TRUE,data/tamil_nadu/buildings/validated/TN_GAJA_2018_buildings.gpkg,28.45,10.82040183501083,79.77214658293794,PASS,none
TN_GAJA_2018_063716,TN_GAJA_2018,fb05d63f4df90928,TRUE,TRUE,data/tamil_nadu/buildings/validated/TN_GAJA_2018_buildings.gpkg,139.94,10.826068283742092,79.76884011230153,PASS,none
TN_GAJA_2018_000080,TN_GAJA_2018,1b1376c8c1648869,TRUE,TRUE,data/tamil_nadu/buildings/validated/TN_GAJA_2018_buildings.gpkg,76.39,10.701037572780056,79.78059094813206,PASS,none
TN_GAJA_2018_006291,TN_GAJA_2018,eca965d20f223a2e,TRUE,TRUE,data/tamil_nadu/buildings/validated/TN_GAJA_2018_buildings.gpkg,16.43,10.7171979801194,79.78346885454471,PASS,none
TN_GAJA_2018_006391,TN_GAJA_2018,d553aa0cfadafb34,TRUE,TRUE,data/tamil_nadu/buildings/validated/TN_GAJA_2018_buildings.gpkg,38.11,10.721714495600004,79.78189557772808,PASS,none
TN_GAJA_2018_010333,TN_GAJA_2018,2dd9eb580af51461,TRUE,TRUE,data/tamil_nadu/buildings/validated/TN_GAJA_2018_buildings.gpkg,25.12,10.74539823540618,79.78361387018325,PASS,none
TN_GAJA_2018_016725,TN_GAJA_2018,943134aa5e2b0907,TRUE,TRUE,data/tamil_nadu/buildings/validated/TN_GAJA_2018_buildings.gpkg,24.01,10.765002065658711,79.78343200479193,PASS,none
TN_GAJA_2018_046706,TN_GAJA_2018,2da89986bb3c6955,TRUE,TRUE,data/tamil_nadu/buildings/validated/TN_GAJA_2018_buildings.gpkg,17.53,10.78590260491683,79.77957979708734,PASS,none
TN_GAJA_2018_046711,TN_GAJA_2018,23f3b6b1af837110,TRUE,TRUE,data/tamil_nadu/buildings/validated/TN_GAJA_2018_buildings.gpkg,18.21,10.799971538532667,79.78398876127342,PASS,none
TN_GAJA_2018_054462,TN_GAJA_2018,20ae6544b5f4b396,TRUE,TRUE,data/tamil_nadu/buildings/validated/TN_GAJA_2018_buildings.gpkg,21.5,10.820001218971612,79.78524019417533,PASS,none
TN_GAJA_2018_063658,TN_GAJA_2018,277dcbaaac1c6550,TRUE,TRUE,data/tamil_nadu/buildings/validated/TN_GAJA_2018_buildings.gpkg,34.12,10.837363002234268,79.78460027597923,PASS,none
TN_GAJA_2018_001114,TN_GAJA_2018,15632fabeb7914d0,TRUE,TRUE,data/tamil_nadu/buildings/validated/TN_GAJA_2018_buildings.gpkg,19.73,10.699395248797385,79.79588705237961,PASS,none
TN_GAJA_2018_001244,TN_GAJA_2018,3d7512a0c867d4e4,TRUE,TRUE,data/tamil_nadu/buildings/validated/TN_GAJA_2018_buildings.gpkg,41.97,10.70905170463594,79.79056720047558,PASS,none
TN_GAJA_2018_006795,TN_GAJA_2018,dc73a1332c2e4375,TRUE,TRUE,data/tamil_nadu/buildings/validated/TN_GAJA_2018_buildings.gpkg,43.06,10.724772979386064,79.79914175091129,PASS,none
TN_GAJA_2018_011253,TN_GAJA_2018,541d05ede79d5b56,TRUE,TRUE,data/tamil_nadu/buildings/validated/TN_GAJA_2018_buildings.gpkg,69.95,10.744615167216896,79.7992659359142,PASS,none
TN_GAJA_2018_017114,TN_GAJA_2018,3b45ab9031970b37,TRUE,TRUE,data/tamil_nadu/buildings/validated/TN_GAJA_2018_buildings.gpkg,34.68,10.758582148469673,79.79652600804734,PASS,none
TN_GAJA_2018_034734,TN_GAJA_2018,b46b22bf3a18dc6d,TRUE,TRUE,data/tamil_nadu/buildings/validated/TN_GAJA_2018_buildings.gpkg,46.42,10.77923117451748,79.79362350962954,PASS,none
TN_GAJA_2018_035283,TN_GAJA_2018,04820428e9646a7b,TRUE,TRUE,data/tamil_nadu/buildings/validated/TN_GAJA_2018_buildings.gpkg,37.84,10.784296077091252,79.79968401828292,PASS,none
TN_GAJA_2018_047567,TN_GAJA_2018,fe6d52d830fcc128,TRUE,TRUE,data/tamil_nadu/buildings/validated/TN_GAJA_2018_buildings.gpkg,15.13,10.796363697671223,79.79629975170543,PASS,none
TN_GAJA_2018_054779,TN_GAJA_2018,8ccfa266d6eec7d4,TRUE,TRUE,data/tamil_nadu/buildings/validated/TN_GAJA_2018_buildings.gpkg,49.86,10.814988587772051,79.79137314321412,PASS,none
TN_GAJA_2018_064307,TN_GAJA_2018,eccdc9537737c0a3,TRUE,TRUE,data/tamil_nadu/buildings/validated/TN_GAJA_2018_buildings.gpkg,29.17,10.826979376686266,79.79684966483951,PASS,none
TN_GAJA_2018_001134,TN_GAJA_2018,08389486aca65dea,TRUE,TRUE,data/tamil_nadu/buildings/validated/TN_GAJA_2018_buildings.gpkg,97.91,10.702056540215603,79.80274218411468,PASS,none
TN_GAJA_2018_001272,TN_GAJA_2018,63a6d1fdc97e8e02,TRUE,TRUE,data/tamil_nadu/buildings/validated/TN_GAJA_2018_buildings.gpkg,66.19,10.707450763872423,79.80397172379783,PASS,none
TN_GAJA_2018_006826,TN_GAJA_2018,21c1d799e5b804d7,TRUE,TRUE,data/tamil_nadu/buildings/validated/TN_GAJA_2018_buildings.gpkg,20.47,10.726307983772008,79.80346516208807,PASS,none
TN_GAJA_2018_011483,TN_GAJA_2018,14bb86439a137603,TRUE,TRUE,data/tamil_nadu/buildings/validated/TN_GAJA_2018_buildings.gpkg,27.3,10.74429262334559,79.80506774427693,PASS,none
TN_GAJA_2018_017102,TN_GAJA_2018,e1c59fb07eb14bda,TRUE,TRUE,data/tamil_nadu/buildings/validated/TN_GAJA_2018_buildings.gpkg,26.07,10.757036582826535,79.8034520136338,PASS,none
TN_GAJA_2018_034765,TN_GAJA_2018,89b40b675d1c7557,TRUE,TRUE,data/tamil_nadu/buildings/validated/TN_GAJA_2018_buildings.gpkg,54.94,10.77024295563486,79.80341472950184,PASS,none
TN_GAJA_2018_035285,TN_GAJA_2018,bfac346aa4094d14,TRUE,TRUE,data/tamil_nadu/buildings/validated/TN_GAJA_2018_buildings.gpkg,59.61,10.782737861674542,79.80353534704581,PASS,none
TN_GAJA_2018_047800,TN_GAJA_2018,858547e55f293674,TRUE,TRUE,data/tamil_nadu/buildings/validated/TN_GAJA_2018_buildings.gpkg,14.26,10.80210721020218,79.80139071609025,PASS,none
TN_GAJA_2018_054887,TN_GAJA_2018,f7f180d2037a9ec3,TRUE,TRUE,data/tamil_nadu/buildings/validated/TN_GAJA_2018_buildings.gpkg,9.33,10.812061464674247,79.80096634170437,PASS,none
TN_GAJA_2018_064403,TN_GAJA_2018,84e5413b0c2392ba,TRUE,TRUE,data/tamil_nadu/buildings/validated/TN_GAJA_2018_buildings.gpkg,14.27,10.830750451861705,79.8005113890565,PASS,none
TN_GAJA_2018_002213,TN_GAJA_2018,92c69c0027ff5b01,TRUE,TRUE,data/tamil_nadu/buildings/validated/TN_GAJA_2018_buildings.gpkg,45.17,10.691076437136838,79.81737532364528,PASS,none
TN_GAJA_2018_002377,TN_GAJA_2018,9fe82f88b55d2874,TRUE,TRUE,data/tamil_nadu/buildings/validated/TN_GAJA_2018_buildings.gpkg,129.69,10.705919871906177,79.81276841014216,PASS,none
TN_GAJA_2018_007855,TN_GAJA_2018,55550755a651758c,TRUE,TRUE,data/tamil_nadu/buildings/validated/TN_GAJA_2018_buildings.gpkg,111.69,10.721248535197248,79.81525721908731,PASS,none
TN_GAJA_2018_012105,TN_GAJA_2018,b95a975fba1d8a3d,TRUE,TRUE,data/tamil_nadu/buildings/validated/TN_GAJA_2018_buildings.gpkg,20.81,10.743222251178647,79.82056442431245,PASS,none
TN_GAJA_2018_019868,TN_GAJA_2018,094df52133f1932a,TRUE,TRUE,data/tamil_nadu/buildings/validated/TN_GAJA_2018_buildings.gpkg,58.21,10.75237028030595,79.82143702031227,PASS,none
TN_GAJA_2018_036124,TN_GAJA_2018,d4a15e5005a48edf,TRUE,TRUE,data/tamil_nadu/buildings/validated/TN_GAJA_2018_buildings.gpkg,48.0,10.77640966144333,79.8219542926624,PASS,none
TN_GAJA_2018_048527,TN_GAJA_2018,11ff1591a6012dd0,TRUE,TRUE,data/tamil_nadu/buildings/validated/TN_GAJA_2018_buildings.gpkg,39.12,10.785769900272822,79.81400025041398,PASS,none
TN_GAJA_2018_048517,TN_GAJA_2018,ce5e75536b044c9b,TRUE,TRUE,data/tamil_nadu/buildings/validated/TN_GAJA_2018_buildings.gpkg,22.09,10.797738374543329,79.81816128801641,PASS,none
TN_GAJA_2018_055310,TN_GAJA_2018,9e4c878de1b2f4ca,TRUE,TRUE,data/tamil_nadu/buildings/validated/TN_GAJA_2018_buildings.gpkg,114.73,10.814516467975295,79.81261013890192,PASS,none
TN_GAJA_2018_065097,TN_GAJA_2018,d2faf1f41dbcf271,TRUE,TRUE,data/tamil_nadu/buildings/validated/TN_GAJA_2018_buildings.gpkg,75.1,10.838201201673504,79.81790587484535,PASS,none
TN_GAJA_2018_002403,TN_GAJA_2018,202a82443fbb2a24,TRUE,TRUE,data/tamil_nadu/buildings/validated/TN_GAJA_2018_buildings.gpkg,17.07,10.691912775637503,79.82351085060053,PASS,none
TN_GAJA_2018_002386,TN_GAJA_2018,d272d14cbdaa4b50,TRUE,TRUE,data/tamil_nadu/buildings/validated/TN_GAJA_2018_buildings.gpkg,22.27,10.70744435590225,79.82367903888293,PASS,none
TN_GAJA_2018_008620,TN_GAJA_2018,22c9a48aaf5affb9,TRUE,TRUE,data/tamil_nadu/buildings/validated/TN_GAJA_2018_buildings.gpkg,138.5,10.727804546672134,79.82780442092017,PASS,none
TN_GAJA_2018_012234,TN_GAJA_2018,f80bce933c1cd483,TRUE,TRUE,data/tamil_nadu/buildings/validated/TN_GAJA_2018_buildings.gpkg,19.53,10.743487651599045,79.82359946274022,PASS,none
TN_GAJA_2018_019980,TN_GAJA_2018,b60b69a7f70743c8,TRUE,TRUE,data/tamil_nadu/buildings/validated/TN_GAJA_2018_buildings.gpkg,88.73,10.75210009542729,79.82286940192115,PASS,none
TN_GAJA_2018_036147,TN_GAJA_2018,3325a842a236e41a,TRUE,TRUE,data/tamil_nadu/buildings/validated/TN_GAJA_2018_buildings.gpkg,48.43,10.76781630174715,79.82388572643076,PASS,none
TN_GAJA_2018_038149,TN_GAJA_2018,95141c0c59818500,TRUE,TRUE,data/tamil_nadu/buildings/validated/TN_GAJA_2018_buildings.gpkg,24.48,10.78408985817977,79.8320730716891,PASS,none
TN_GAJA_2018_048824,TN_GAJA_2018,b8719e29cb7cefdd,TRUE,TRUE,data/tamil_nadu/buildings/validated/TN_GAJA_2018_buildings.gpkg,147.93,10.799306755715321,79.82365146679285,PASS,none
TN_GAJA_2018_055623,TN_GAJA_2018,9fcc0da4ac9e6a56,TRUE,TRUE,data/tamil_nadu/buildings/validated/TN_GAJA_2018_buildings.gpkg,42.6,10.817963073590153,79.82286348337944,PASS,none
TN_GAJA_2018_065094,TN_GAJA_2018,2bebc92bf5ea931d,TRUE,TRUE,data/tamil_nadu/buildings/validated/TN_GAJA_2018_buildings.gpkg,19.56,10.837443360241945,79.8233555697167,PASS,none
TN_GAJA_2018_003863,TN_GAJA_2018,afff6bd8413e2d8e,TRUE,TRUE,data/tamil_nadu/buildings/validated/TN_GAJA_2018_buildings.gpkg,42.43,10.704262424125806,79.84088741486403,PASS,none
TN_GAJA_2018_003921,TN_GAJA_2018,de55504bf926f4bc,TRUE,TRUE,data/tamil_nadu/buildings/validated/TN_GAJA_2018_buildings.gpkg,44.88,10.70879810327197,79.84244848395242,PASS,none
TN_GAJA_2018_008602,TN_GAJA_2018,7a2b46771643f144,TRUE,TRUE,data/tamil_nadu/buildings/validated/TN_GAJA_2018_buildings.gpkg,27.45,10.72466866191578,79.84016832366154,PASS,none
TN_GAJA_2018_013783,TN_GAJA_2018,f99a5d6820d82fb5,TRUE,TRUE,data/tamil_nadu/buildings/validated/TN_GAJA_2018_buildings.gpkg,20.46,10.741797097314766,79.83482519976901,PASS,none
TN_GAJA_2018_023561,TN_GAJA_2018,169f2c08e646da7e,TRUE,TRUE,data/tamil_nadu/buildings/validated/TN_GAJA_2018_buildings.gpkg,85.91,10.761250561234649,79.83931156350107,PASS,none
TN_GAJA_2018_037709,TN_GAJA_2018,28f9c8d55a52b59b,TRUE,TRUE,data/tamil_nadu/buildings/validated/TN_GAJA_2018_buildings.gpkg,60.52,10.778538576710408,79.8406370697235,PASS,none
TN_GAJA_2018_037811,TN_GAJA_2018,78230d700ad1197b,TRUE,TRUE,data/tamil_nadu/buildings/validated/TN_GAJA_2018_buildings.gpkg,24.24,10.781118985530313,79.83692058901406,PASS,none
TN_GAJA_2018_049334,TN_GAJA_2018,33ac25f6678a0bd0,TRUE,TRUE,data/tamil_nadu/buildings/validated/TN_GAJA_2018_buildings.gpkg,17.5,10.79867449485982,79.83600696215389,PASS,none
TN_GAJA_2018_056063,TN_GAJA_2018,4e0d5e56d921c793,TRUE,TRUE,data/tamil_nadu/buildings/validated/TN_GAJA_2018_buildings.gpkg,88.03,10.820778772897548,79.83682947893631,PASS,none
TN_GAJA_2018_066059,TN_GAJA_2018,0a79abb30352cd61,TRUE,TRUE,data/tamil_nadu/buildings/validated/TN_GAJA_2018_buildings.gpkg,45.22,10.828464914539728,79.83406016338904,PASS,none
TN_GAJA_2018_005673,TN_GAJA_2018,6d3ee88dcaca3c34,TRUE,TRUE,data/tamil_nadu/buildings/validated/TN_GAJA_2018_buildings.gpkg,60.99,10.70511725939547,79.84534518854079,PASS,none
TN_GAJA_2018_005749,TN_GAJA_2018,ca249b96644bfed3,TRUE,TRUE,data/tamil_nadu/buildings/validated/TN_GAJA_2018_buildings.gpkg,9.67,10.709271140032113,79.84591068602668,PASS,none
TN_GAJA_2018_009974,TN_GAJA_2018,61fdcd50427b8180,TRUE,TRUE,data/tamil_nadu/buildings/validated/TN_GAJA_2018_buildings.gpkg,21.89,10.721394740841248,79.84555390700197,PASS,none
TN_GAJA_2018_014543,TN_GAJA_2018,f3489842e9e55e0d,TRUE,TRUE,data/tamil_nadu/buildings/validated/TN_GAJA_2018_buildings.gpkg,64.26,10.744542374402874,79.84610157200542,PASS,none
TN_GAJA_2018_042676,TN_GAJA_2018,5a6ee7bd46d3d906,TRUE,TRUE,data/tamil_nadu/buildings/validated/TN_GAJA_2018_buildings.gpkg,44.64,10.76655838298018,79.84902081812936,PASS,none
TN_GAJA_2018_052808,TN_GAJA_2018,a802efc556145ea8,TRUE,TRUE,data/tamil_nadu/buildings/validated/TN_GAJA_2018_buildings.gpkg,20.71,10.798027344401238,79.8462604776987,PASS,none
TN_GAJA_2018_061059,TN_GAJA_2018,0adea6128db04516,TRUE,TRUE,data/tamil_nadu/buildings/validated/TN_GAJA_2018_buildings.gpkg,183.87,10.815159387916248,79.84510177778876,PASS,none
TN_GAJA_2018_069071,TN_GAJA_2018,d9155d0820714fe5,TRUE,TRUE,data/tamil_nadu/buildings/validated/TN_GAJA_2018_buildings.gpkg,399.11,10.839288292486858,79.84796058630435,PASS,none
TN_GAJA_2018_000017,TN_GAJA_2018,e0c039d2bac622b8,TRUE,TRUE,data/tamil_nadu/buildings/validated/TN_GAJA_2018_buildings.gpkg,11.35,10.700327488978234,79.77013778227368,PASS,none
TN_GAJA_2018_000158,TN_GAJA_2018,992b2ea0527bb976,TRUE,TRUE,data/tamil_nadu/buildings/validated/TN_GAJA_2018_buildings.gpkg,21.13,10.707620121748914,79.77007595127705,PASS,none
TN_GAJA_2018_006276,TN_GAJA_2018,90236587cab609b8,TRUE,TRUE,data/tamil_nadu/buildings/validated/TN_GAJA_2018_buildings.gpkg,17.25,10.721297229003161,79.77243670108484,PASS,none
TN_GAJA_2018_010242,TN_GAJA_2018,f44d90f64756cbbc,TRUE,TRUE,data/tamil_nadu/buildings/validated/TN_GAJA_2018_buildings.gpkg,85.87,10.745620957654891,79.77474782947915,PASS,none
TN_GAJA_2018_016723,TN_GAJA_2018,ad460cf53e1eb53e,TRUE,TRUE,data/tamil_nadu/buildings/validated/TN_GAJA_2018_buildings.gpkg,17.1,10.760715414324572,79.7700752480269,PASS,none
TN_GAJA_2018_033201,TN_GAJA_2018,551f975e9e3b1446,TRUE,TRUE,data/tamil_nadu/buildings/validated/TN_GAJA_2018_buildings.gpkg,58.6,10.77199317723471,79.76958810389239,PASS,none
TN_GAJA_2018_033889,TN_GAJA_2018,d9e920d770f441b5,TRUE,TRUE,data/tamil_nadu/buildings/validated/TN_GAJA_2018_buildings.gpkg,49.98,10.784376209266393,79.77297439962918,PASS,none
TN_GAJA_2018_046721,TN_GAJA_2018,de9b1180904194b3,TRUE,TRUE,data/tamil_nadu/buildings/validated/TN_GAJA_2018_buildings.gpkg,57.32,10.795507028382813,79.7683024993812,PASS,none
TN_GAJA_2018_054484,TN_GAJA_2018,25dc964316892751,TRUE,TRUE,data/tamil_nadu/buildings/validated/TN_GAJA_2018_buildings.gpkg,15.74,10.81209128732237,79.77018335262368,PASS,none
TN_GAJA_2018_063723,TN_GAJA_2018,6d8d5d03ea7de24e,TRUE,TRUE,data/tamil_nadu/buildings/validated/TN_GAJA_2018_buildings.gpkg,33.94,10.838812573895337,79.77734257078555,PASS,none
TN_GAJA_2018_000095,TN_GAJA_2018,af385bef13937fc6,TRUE,TRUE,data/tamil_nadu/buildings/validated/TN_GAJA_2018_buildings.gpkg,17.59,10.701107365767138,79.78121412553615,PASS,none
TN_GAJA_2018_006292,TN_GAJA_2018,9dc2262f2f640439,TRUE,TRUE,data/tamil_nadu/buildings/validated/TN_GAJA_2018_buildings.gpkg,19.68,10.714251601052126,79.78291405983146,PASS,none
TN_GAJA_2018_006402,TN_GAJA_2018,84823649290b8103,TRUE,TRUE,data/tamil_nadu/buildings/validated/TN_GAJA_2018_buildings.gpkg,40.15,10.721802222447026,79.78239409294369,PASS,none
TN_GAJA_2018_010347,TN_GAJA_2018,34580f19c04970a2,TRUE,TRUE,data/tamil_nadu/buildings/validated/TN_GAJA_2018_buildings.gpkg,24.8,10.745644722830313,79.78315040749568,PASS,none
TN_GAJA_2018_016729,TN_GAJA_2018,c475798c1f2b3cc9,TRUE,TRUE,data/tamil_nadu/buildings/validated/TN_GAJA_2018_buildings.gpkg,46.75,10.763820562051723,79.78609215919991,PASS,none
TN_GAJA_2018_033190,TN_GAJA_2018,50b3a90d0e752a56,TRUE,TRUE,data/tamil_nadu/buildings/validated/TN_GAJA_2018_buildings.gpkg,46.45,10.770229100928558,79.78015163387674,PASS,none
TN_GAJA_2018_046715,TN_GAJA_2018,50280ba82c6ff90c,TRUE,TRUE,data/tamil_nadu/buildings/validated/TN_GAJA_2018_buildings.gpkg,15.67,10.785140130264375,79.77907797322756,PASS,none
TN_GAJA_2018_046716,TN_GAJA_2018,03ca88cfa5c93f4d,TRUE,TRUE,data/tamil_nadu/buildings/validated/TN_GAJA_2018_buildings.gpkg,8.8,10.800043720620396,79.784201523881,PASS,none
TN_GAJA_2018_054463,TN_GAJA_2018,cefaa922d64d1dba,TRUE,TRUE,data/tamil_nadu/buildings/validated/TN_GAJA_2018_buildings.gpkg,75.58,10.817888812330324,79.78600996407805,PASS,none
TN_GAJA_2018_063662,TN_GAJA_2018,7f15e780ef1df81a,TRUE,TRUE,data/tamil_nadu/buildings/validated/TN_GAJA_2018_buildings.gpkg,20.88,10.839767702649334,79.78499470694062,PASS,none
TN_GAJA_2018_001116,TN_GAJA_2018,aefc7a1656d34803,TRUE,TRUE,data/tamil_nadu/buildings/validated/TN_GAJA_2018_buildings.gpkg,45.0,10.69450476503169,79.79975875563348,PASS,none
TN_GAJA_2018_001246,TN_GAJA_2018,592c7b1e12541ac8,TRUE,TRUE,data/tamil_nadu/buildings/validated/TN_GAJA_2018_buildings.gpkg,65.99,10.7059112192025,79.79971234248629,PASS,none
TN_GAJA_2018_006801,TN_GAJA_2018,f19931e9bed7856e,TRUE,TRUE,data/tamil_nadu/buildings/validated/TN_GAJA_2018_buildings.gpkg,35.01,10.727948707478177,79.79500670232429,PASS,none
TN_GAJA_2018_011255,TN_GAJA_2018,16c1087dfcf223a6,TRUE,TRUE,data/tamil_nadu/buildings/validated/TN_GAJA_2018_buildings.gpkg,28.7,10.737707845241312,79.800515070227,PASS,none
TN_GAJA_2018_017115,TN_GAJA_2018,2776073715ec90f9,TRUE,TRUE,data/tamil_nadu/buildings/validated/TN_GAJA_2018_buildings.gpkg,57.59,10.764303129922412,79.78975280528134,PASS,none
TN_GAJA_2018_034736,TN_GAJA_2018,273347fa69c47f25,TRUE,TRUE,data/tamil_nadu/buildings/validated/TN_GAJA_2018_buildings.gpkg,19.17,10.771045708669433,79.79988168712822,PASS,none
TN_GAJA_2018_035310,TN_GAJA_2018,1df0accb3fc27395,TRUE,TRUE,data/tamil_nadu/buildings/validated/TN_GAJA_2018_buildings.gpkg,25.26,10.78415735953613,79.79981624508648,PASS,none
TN_GAJA_2018_047577,TN_GAJA_2018,0d1f0f8cb958aeeb,TRUE,TRUE,data/tamil_nadu/buildings/validated/TN_GAJA_2018_buildings.gpkg,13.22,10.799440592960554,79.7906582737913,PASS,none
TN_GAJA_2018_054780,TN_GAJA_2018,388dab8fbc63ae91,TRUE,TRUE,data/tamil_nadu/buildings/validated/TN_GAJA_2018_buildings.gpkg,26.14,10.81729773489032,79.79934676594236,PASS,none
TN_GAJA_2018_064308,TN_GAJA_2018,1fb9b57a9130b1ef,TRUE,TRUE,data/tamil_nadu/buildings/validated/TN_GAJA_2018_buildings.gpkg,82.02,10.826001258250127,79.79657426578207,PASS,none
TN_GAJA_2018_001135,TN_GAJA_2018,533a88956496f66c,TRUE,TRUE,data/tamil_nadu/buildings/validated/TN_GAJA_2018_buildings.gpkg,14.76,10.69954112998687,79.80372471754977,PASS,none
TN_GAJA_2018_001274,TN_GAJA_2018,ccddfd1786c43ccb,TRUE,TRUE,data/tamil_nadu/buildings/validated/TN_GAJA_2018_buildings.gpkg,43.89,10.706458818752846,79.80110338171397,PASS,none
TN_GAJA_2018_006830,TN_GAJA_2018,6fe760ca69d5d75a,TRUE,TRUE,data/tamil_nadu/buildings/validated/TN_GAJA_2018_buildings.gpkg,19.0,10.726990255107003,79.80480225277734,PASS,none
TN_GAJA_2018_011544,TN_GAJA_2018,eb84c2a575472b42,TRUE,TRUE,data/tamil_nadu/buildings/validated/TN_GAJA_2018_buildings.gpkg,15.69,10.744436510524356,79.80486703725744,PASS,none
TN_GAJA_2018_017106,TN_GAJA_2018,c9a62c7f32b6fd3f,TRUE,TRUE,data/tamil_nadu/buildings/validated/TN_GAJA_2018_buildings.gpkg,28.91,10.758240968328062,79.80492002131025,PASS,none
TN_GAJA_2018_034768,TN_GAJA_2018,e093c7fba0055221,TRUE,TRUE,data/tamil_nadu/buildings/validated/TN_GAJA_2018_buildings.gpkg,64.01,10.770648617140091,79.80088599895386,PASS,none
TN_GAJA_2018_035406,TN_GAJA_2018,9239a141cd408bca,TRUE,TRUE,data/tamil_nadu/buildings/validated/TN_GAJA_2018_buildings.gpkg,230.46,10.780764452161709,79.80196315305382,PASS,none
TN_GAJA_2018_047866,TN_GAJA_2018,e5ea10a6bd86a0c3,TRUE,TRUE,data/tamil_nadu/buildings/validated/TN_GAJA_2018_buildings.gpkg,72.43,10.802078387598712,79.80100439545896,PASS,none
TN_GAJA_2018_054888,TN_GAJA_2018,17ea19ee160a59d7,TRUE,TRUE,data/tamil_nadu/buildings/validated/TN_GAJA_2018_buildings.gpkg,169.8,10.817832012017577,79.8006162508287,PASS,none
TN_GAJA_2018_064433,TN_GAJA_2018,2fd9e4626d83cff4,TRUE,TRUE,data/tamil_nadu/buildings/validated/TN_GAJA_2018_buildings.gpkg,69.0,10.830749002501006,79.80171416446389,PASS,none
TN_GAJA_2018_002214,TN_GAJA_2018,f7a3296ed509dec9,TRUE,TRUE,data/tamil_nadu/buildings/validated/TN_GAJA_2018_buildings.gpkg,62.72,10.70206527084358,79.81833974409744,PASS,none
TN_GAJA_2018_002379,TN_GAJA_2018,f6e5556028dd432f,TRUE,TRUE,data/tamil_nadu/buildings/validated/TN_GAJA_2018_buildings.gpkg,29.49,10.705760202812003,79.82096664042955,PASS,none
TN_GAJA_2018_007856,TN_GAJA_2018,ac550d1cd95a37c2,TRUE,TRUE,data/tamil_nadu/buildings/validated/TN_GAJA_2018_buildings.gpkg,10.2,10.723741319010236,79.81616479257029,PASS,none
TN_GAJA_2018_012106,TN_GAJA_2018,da9294ab54ae5468,TRUE,TRUE,data/tamil_nadu/buildings/validated/TN_GAJA_2018_buildings.gpkg,32.53,10.74592085902779,79.82013393696771,PASS,none
TN_GAJA_2018_019869,TN_GAJA_2018,55545f6a10609fb5,TRUE,TRUE,data/tamil_nadu/buildings/validated/TN_GAJA_2018_buildings.gpkg,98.71,10.753727665592919,79.81865242047498,PASS,none
TN_GAJA_2018_036125,TN_GAJA_2018,4cf75b6bc66b36e6,TRUE,TRUE,data/tamil_nadu/buildings/validated/TN_GAJA_2018_buildings.gpkg,28.53,10.774314435090101,79.82015622125829,PASS,none
TN_GAJA_2018_048530,TN_GAJA_2018,6f51babe22c22a23,TRUE,TRUE,data/tamil_nadu/buildings/validated/TN_GAJA_2018_buildings.gpkg,16.13,10.795257616159908,79.81616905131689,PASS,none
TN_GAJA_2018_048518,TN_GAJA_2018,6334eedcc950aaff,TRUE,TRUE,data/tamil_nadu/buildings/validated/TN_GAJA_2018_buildings.gpkg,34.87,10.80008704086496,79.81867528767019,PASS,none
TN_GAJA_2018_055312,TN_GAJA_2018,92b0ac79f1e327a5,TRUE,TRUE,data/tamil_nadu/buildings/validated/TN_GAJA_2018_buildings.gpkg,37.95,10.814995450301456,79.81226275400715,PASS,none
TN_GAJA_2018_065098,TN_GAJA_2018,adb42b3742fa211a,TRUE,TRUE,data/tamil_nadu/buildings/validated/TN_GAJA_2018_buildings.gpkg,12.78,10.838259368348508,79.81892163316002,PASS,none
TN_GAJA_2018_002423,TN_GAJA_2018,0be86f494fe4dc01,TRUE,TRUE,data/tamil_nadu/buildings/validated/TN_GAJA_2018_buildings.gpkg,31.09,10.691919762866968,79.8236336987181,PASS,none
TN_GAJA_2018_002405,TN_GAJA_2018,5c60fa190711fffb,TRUE,TRUE,data/tamil_nadu/buildings/validated/TN_GAJA_2018_buildings.gpkg,13.15,10.706457411739063,79.82317552406118,PASS,none
TN_GAJA_2018_008627,TN_GAJA_2018,030ab8c49bb88e7e,TRUE,TRUE,data/tamil_nadu/buildings/validated/TN_GAJA_2018_buildings.gpkg,50.55,10.726681198642265,79.82626102168314,PASS,none
TN_NIVAR_2020_000022,TN_NIVAR_2020,b069a2fbe2610398,TRUE,TRUE,data/tamil_nadu/buildings/validated/TN_NIVAR_2020_buildings.gpkg,16.32,11.689541607509312,79.70572412080593,PASS,none
TN_NIVAR_2020_008545,TN_NIVAR_2020,6585107d3979bcbb,TRUE,TRUE,data/tamil_nadu/buildings/validated/TN_NIVAR_2020_buildings.gpkg,52.22,11.708856417481497,79.70015712417874,PASS,none
TN_NIVAR_2020_016999,TN_NIVAR_2020,3eb85fef20c2e8b5,TRUE,TRUE,data/tamil_nadu/buildings/validated/TN_NIVAR_2020_buildings.gpkg,17.33,11.729267523569392,79.7066321392951,PASS,none
TN_NIVAR_2020_029833,TN_NIVAR_2020,8a77aeaed208a79a,TRUE,TRUE,data/tamil_nadu/buildings/validated/TN_NIVAR_2020_buildings.gpkg,9.29,11.743196727153432,79.69892651159061,PASS,none
TN_NIVAR_2020_048040,TN_NIVAR_2020,57de0f909bf85ce5,TRUE,TRUE,data/tamil_nadu/buildings/validated/TN_NIVAR_2020_buildings.gpkg,36.34,11.763740169023205,79.69683309118233,PASS,none
TN_NIVAR_2020_069495,TN_NIVAR_2020,dd10754ab781f2b1,TRUE,TRUE,data/tamil_nadu/buildings/validated/TN_NIVAR_2020_buildings.gpkg,15.67,11.780961097951979,79.70285912165835,PASS,none
TN_NIVAR_2020_085402,TN_NIVAR_2020,81abfa94979abe42,TRUE,TRUE,data/tamil_nadu/buildings/validated/TN_NIVAR_2020_buildings.gpkg,67.51,11.7965456290025,79.69784106710532,PASS,none
TN_NIVAR_2020_096325,TN_NIVAR_2020,954354f20d224eb4,TRUE,TRUE,data/tamil_nadu/buildings/validated/TN_NIVAR_2020_buildings.gpkg,52.23,11.816146186903811,79.69705791554648,PASS,none
TN_NIVAR_2020_000002,TN_NIVAR_2020,90d004ff93f93b58,TRUE,TRUE,data/tamil_nadu/buildings/validated/TN_NIVAR_2020_buildings.gpkg,22.94,11.681466760211041,79.71161730178976,PASS,none
TN_NIVAR_2020_000119,TN_NIVAR_2020,93c7aefe791923f1,TRUE,TRUE,data/tamil_nadu/buildings/validated/TN_NIVAR_2020_buildings.gpkg,22.96,11.68988461272375,79.71138336636137,PASS,none
TN_NIVAR_2020_008628,TN_NIVAR_2020,876db0d8b72f8e38,TRUE,TRUE,data/tamil_nadu/buildings/validated/TN_NIVAR_2020_buildings.gpkg,35.84,11.710093257886458,79.71024769817072,PASS,none
TN_NIVAR_2020_016991,TN_NIVAR_2020,2bba65bf66fe0c3b,TRUE,TRUE,data/tamil_nadu/buildings/validated/TN_NIVAR_2020_buildings.gpkg,18.97,11.72337653728822,79.7141854424441,PASS,none
TN_NIVAR_2020_029834,TN_NIVAR_2020,3e08c9eff878cfe4,TRUE,TRUE,data/tamil_nadu/buildings/validated/TN_NIVAR_2020_buildings.gpkg,44.45,11.746594738860717,79.71174981396642,PASS,none
TN_NIVAR_2020_029832,TN_NIVAR_2020,a7d6a6fddfae5ae5,TRUE,TRUE,data/tamil_nadu/buildings/validated/TN_NIVAR_2020_buildings.gpkg,31.12,11.74800904831136,79.70937077104907,PASS,none
TN_NIVAR_2020_048043,TN_NIVAR_2020,86ff247e903389da,TRUE,TRUE,data/tamil_nadu/buildings/validated/TN_NIVAR_2020_buildings.gpkg,104.03,11.766358851808196,79.7095423797737,PASS,none
TN_NIVAR_2020_069514,TN_NIVAR_2020,85dbf1a093ab518b,TRUE,TRUE,data/tamil_nadu/buildings/validated/TN_NIVAR_2020_buildings.gpkg,18.28,11.778237793375872,79.71279096494287,PASS,none
TN_NIVAR_2020_085401,TN_NIVAR_2020,588e63cad1e6c1e7,TRUE,TRUE,data/tamil_nadu/buildings/validated/TN_NIVAR_2020_buildings.gpkg,20.93,11.795905168872105,79.71300434703393,PASS,none
TN_NIVAR_2020_096322,TN_NIVAR_2020,45c18999959549a9,TRUE,TRUE,data/tamil_nadu/buildings/validated/TN_NIVAR_2020_buildings.gpkg,32.69,11.813915979022589,79.71049873024734,PASS,none
TN_NIVAR_2020_000717,TN_NIVAR_2020,69a97c1585dfdebc,TRUE,TRUE,data/tamil_nadu/buildings/validated/TN_NIVAR_2020_buildings.gpkg,38.14,11.67405293198456,79.73005234448404,PASS,none
TN_NIVAR_2020_000716,TN_NIVAR_2020,e50b69f4a8f5d7a2,TRUE,TRUE,data/tamil_nadu/buildings/validated/TN_NIVAR_2020_buildings.gpkg,38.28,11.691615255242139,79.72472065273563,PASS,none
TN_NIVAR_2020_009976,TN_NIVAR_2020,9955db533452bc7a,TRUE,TRUE,data/tamil_nadu/buildings/validated/TN_NIVAR_2020_buildings.gpkg,23.38,11.709696292189768,79.72970506806338,PASS,none
TN_NIVAR_2020_017761,TN_NIVAR_2020,1a8b1fb1a4e2e792,TRUE,TRUE,data/tamil_nadu/buildings/validated/TN_NIVAR_2020_buildings.gpkg,43.57,11.723402180034336,79.71952334718664,PASS,none
TN_NIVAR_2020_030748,TN_NIVAR_2020,be140ca745b8470d,TRUE,TRUE,data/tamil_nadu/buildings/validated/TN_NIVAR_2020_buildings.gpkg,13.8,11.744587495258084,79.72936293057158,PASS,none
TN_NIVAR_2020_030993,TN_NIVAR_2020,71750a02257a9a65,TRUE,TRUE,data/tamil_nadu/buildings/validated/TN_NIVAR_2020_buildings.gpkg,147.71,11.748069095828294,79.7199423728185,PASS,none
TN_NIVAR_2020_051800,TN_NIVAR_2020,ade4cc2e7df9ffe1,TRUE,TRUE,data/tamil_nadu/buildings/validated/TN_NIVAR_2020_buildings.gpkg,61.48,11.766347341559756,79.72288789378491,PASS,none
TN_NIVAR_2020_071729,TN_NIVAR_2020,88e0717de6883fec,TRUE,TRUE,data/tamil_nadu/buildings/validated/TN_NIVAR_2020_buildings.gpkg,48.72,11.784948704294127,79.7300928953413,PASS,none
TN_NIVAR_2020_086359,TN_NIVAR_2020,6543ca4f4a4b08d3,TRUE,TRUE,data/tamil_nadu/buildings/validated/TN_NIVAR_2020_buildings.gpkg,10.83,11.795978297802693,79.7303926755174,PASS,none
TN_NIVAR_2020_097192,TN_NIVAR_2020,3c34ebf5e313b343,TRUE,TRUE,data/tamil_nadu/buildings/validated/TN_NIVAR_2020_buildings.gpkg,26.51,11.819292145765234,79.72749630757973,PASS,none
TN_NIVAR_2020_000743,TN_NIVAR_2020,63d35943aabf99b8,TRUE,TRUE,data/tamil_nadu/buildings/validated/TN_NIVAR_2020_buildings.gpkg,26.37,11.678194066975305,79.73372471440393,PASS,none
TN_NIVAR_2020_002057,TN_NIVAR_2020,3ae85dbae9909693,TRUE,TRUE,data/tamil_nadu/buildings/validated/TN_NIVAR_2020_buildings.gpkg,12.96,11.69051393950368,79.73973375972405,PASS,none
TN_NIVAR_2020_010379,TN_NIVAR_2020,e65caa570fccd2d0,TRUE,TRUE,data/tamil_nadu/buildings/validated/TN_NIVAR_2020_buildings.gpkg,26.97,11.709082470444,79.7328886852944,PASS,none
TN_NIVAR_2020_017762,TN_NIVAR_2020,72a808dcb36fa09e,TRUE,TRUE,data/tamil_nadu/buildings/validated/TN_NIVAR_2020_buildings.gpkg,30.75,11.726878044095269,79.732389955472,PASS,none
TN_NIVAR_2020_030755,TN_NIVAR_2020,9e6db61ce57b3ef6,TRUE,TRUE,data/tamil_nadu/buildings/validated/TN_NIVAR_2020_buildings.gpkg,30.13,11.745549972176855,79.73309400166528,PASS,none
TN_NIVAR_2020_032438,TN_NIVAR_2020,5dcf895bd0b26e66,TRUE,TRUE,data/tamil_nadu/buildings/validated/TN_NIVAR_2020_buildings.gpkg,108.45,11.748054414660082,79.73129894189208,PASS,none
TN_NIVAR_2020_051786,TN_NIVAR_2020,36060abc2940092b,TRUE,TRUE,data/tamil_nadu/buildings/validated/TN_NIVAR_2020_buildings.gpkg,153.78,11.765966084777158,79.733618718773,PASS,none
TN_NIVAR_2020_071859,TN_NIVAR_2020,c78a2761232b3f17,TRUE,TRUE,data/tamil_nadu/buildings/validated/TN_NIVAR_2020_buildings.gpkg,69.93,11.785479995506254,79.73394885616413,PASS,none
TN_NIVAR_2020_086361,TN_NIVAR_2020,630b1f06d7ceef42,TRUE,TRUE,data/tamil_nadu/buildings/validated/TN_NIVAR_2020_buildings.gpkg,47.32,11.794808510434082,79.73369506852758,PASS,none
TN_NIVAR_2020_097194,TN_NIVAR_2020,1ce8b418dcb0e6ac,TRUE,TRUE,data/tamil_nadu/buildings/validated/TN_NIVAR_2020_buildings.gpkg,38.47,11.818102652830715,79.73155074612981,PASS,none
TN_NIVAR_2020_002049,TN_NIVAR_2020,1790316966d5c0d3,TRUE,TRUE,data/tamil_nadu/buildings/validated/TN_NIVAR_2020_buildings.gpkg,14.38,11.679460053470246,79.74981695153646,PASS,none
TN_NIVAR_2020_002050,TN_NIVAR_2020,3f447ba2dc4f516f,TRUE,TRUE,data/tamil_nadu/buildings/validated/TN_NIVAR_2020_buildings.gpkg,21.09,11.688075248267829,79.74665748976567,PASS,none
TN_NIVAR_2020_010764,TN_NIVAR_2020,25eab58484f799e4,TRUE,TRUE,data/tamil_nadu/buildings/validated/TN_NIVAR_2020_buildings.gpkg,30.27,11.706969548275751,79.74498359159226,PASS,none
TN_NIVAR_2020_018442,TN_NIVAR_2020,a0bdea5ad3ff4195,TRUE,TRUE,data/tamil_nadu/buildings/validated/TN_NIVAR_2020_buildings.gpkg,59.09,11.725050892858564,79.74542412781258,PASS,none
TN_NIVAR_2020_034155,TN_NIVAR_2020,08e273e11d5b5606,TRUE,TRUE,data/tamil_nadu/buildings/validated/TN_NIVAR_2020_buildings.gpkg,116.79,11.745143024598992,79.7523413156956,PASS,none
TN_NIVAR_2020_038582,TN_NIVAR_2020,fa649db46f6c60d5,TRUE,TRUE,data/tamil_nadu/buildings/validated/TN_NIVAR_2020_buildings.gpkg,152.65,11.748091934170363,79.74368023861757,PASS,none
TN_NIVAR_2020_054603,TN_NIVAR_2020,7194ee67b33819fd,TRUE,TRUE,data/tamil_nadu/buildings/validated/TN_NIVAR_2020_buildings.gpkg,21.75,11.765309882290115,79.74821832706829,PASS,none
TN_NIVAR_2020_073661,TN_NIVAR_2020,8a175cf14617f75b,TRUE,TRUE,data/tamil_nadu/buildings/validated/TN_NIVAR_2020_buildings.gpkg,13.43,11.782189158995733,79.749578097234,PASS,none
TN_NIVAR_2020_088255,TN_NIVAR_2020,4701caa5808699cd,TRUE,TRUE,data/tamil_nadu/buildings/validated/TN_NIVAR_2020_buildings.gpkg,25.6,11.7934144479008,79.75142833846036,PASS,none
TN_NIVAR_2020_098624,TN_NIVAR_2020,2779287816fbbf81,TRUE,TRUE,data/tamil_nadu/buildings/validated/TN_NIVAR_2020_buildings.gpkg,62.91,11.810089620775498,79.74617800644512,PASS,none
TN_NIVAR_2020_005129,TN_NIVAR_2020,c659ba56741437e8,TRUE,TRUE,data/tamil_nadu/buildings/validated/TN_NIVAR_2020_buildings.gpkg,78.69,11.680702794136106,79.75894486414792,PASS,none
TN_NIVAR_2020_005137,TN_NIVAR_2020,b0037b82ad4fd1f7,TRUE,TRUE,data/tamil_nadu/buildings/validated/TN_NIVAR_2020_buildings.gpkg,144.9,11.690923791375106,79.75613410490331,PASS,none
TN_NIVAR_2020_011953,TN_NIVAR_2020,218349a76fe80235,TRUE,TRUE,data/tamil_nadu/buildings/validated/TN_NIVAR_2020_buildings.gpkg,22.04,11.710339683466751,79.75837689294252,PASS,none
TN_NIVAR_2020_019963,TN_NIVAR_2020,7e297e2e942b9e78,TRUE,TRUE,data/tamil_nadu/buildings/validated/TN_NIVAR_2020_buildings.gpkg,47.57,11.728726976097626,79.76277169877976,PASS,none
TN_NIVAR_2020_039115,TN_NIVAR_2020,77b495877f66ade1,TRUE,TRUE,data/tamil_nadu/buildings/validated/TN_NIVAR_2020_buildings.gpkg,33.72,11.744913889971173,79.75460924890903,PASS,none
TN_NIVAR_2020_059526,TN_NIVAR_2020,aec77a25c9647e09,TRUE,TRUE,data/tamil_nadu/buildings/validated/TN_NIVAR_2020_buildings.gpkg,9.88,11.764801829278696,79.75568217803654,PASS,none
TN_NIVAR_2020_078622,TN_NIVAR_2020,30fcf74b33b17c0a,TRUE,TRUE,data/tamil_nadu/buildings/validated/TN_NIVAR_2020_buildings.gpkg,69.51,11.782706228030106,79.76488047493375,PASS,none
TN_NIVAR_2020_090631,TN_NIVAR_2020,300b412bbca1b61b,TRUE,TRUE,data/tamil_nadu/buildings/validated/TN_NIVAR_2020_buildings.gpkg,49.29,11.794324852517041,79.7638179228633,PASS,none
TN_NIVAR_2020_102762,TN_NIVAR_2020,d36dc6c33240af67,TRUE,TRUE,data/tamil_nadu/buildings/validated/TN_NIVAR_2020_buildings.gpkg,61.3,11.820442808176765,79.76377493760646,PASS,none
TN_NIVAR_2020_005135,TN_NIVAR_2020,cdf7759a3450869c,TRUE,TRUE,data/tamil_nadu/buildings/validated/TN_NIVAR_2020_buildings.gpkg,45.39,11.684105697677031,79.77070855608953,PASS,none
TN_NIVAR_2020_005134,TN_NIVAR_2020,b098c75593f0f57c,TRUE,TRUE,data/tamil_nadu/buildings/validated/TN_NIVAR_2020_buildings.gpkg,72.67,11.688669280118768,79.77068097533216,PASS,none
TN_NIVAR_2020_011958,TN_NIVAR_2020,3b58b999c04d07b0,TRUE,TRUE,data/tamil_nadu/buildings/validated/TN_NIVAR_2020_buildings.gpkg,87.42,11.706401605207596,79.76958496082193,PASS,none
TN_NIVAR_2020_019969,TN_NIVAR_2020,c7d4a7f13dc728c4,TRUE,TRUE,data/tamil_nadu/buildings/validated/TN_NIVAR_2020_buildings.gpkg,27.86,11.723617416272484,79.77054570240176,PASS,none
TN_NIVAR_2020_039117,TN_NIVAR_2020,0cfca084f123453e,TRUE,TRUE,data/tamil_nadu/buildings/validated/TN_NIVAR_2020_buildings.gpkg,38.51,11.746880932784377,79.76919022548499,PASS,none
TN_NIVAR_2020_059523,TN_NIVAR_2020,c475f4280b4f8f52,TRUE,TRUE,data/tamil_nadu/buildings/validated/TN_NIVAR_2020_buildings.gpkg,8.86,11.750183383998115,79.77071149556504,PASS,none
TN_NIVAR_2020_059535,TN_NIVAR_2020,56454a53780029d8,TRUE,TRUE,data/tamil_nadu/buildings/validated/TN_NIVAR_2020_buildings.gpkg,69.24,11.76479562844655,79.76649014871877,PASS,none
TN_NIVAR_2020_078625,TN_NIVAR_2020,afa31abe2bb680ae,TRUE,TRUE,data/tamil_nadu/buildings/validated/TN_NIVAR_2020_buildings.gpkg,385.57,11.78081884118933,79.76573927519654,PASS,none
TN_NIVAR_2020_090625,TN_NIVAR_2020,965c93c6cbcf0303,TRUE,TRUE,data/tamil_nadu/buildings/validated/TN_NIVAR_2020_buildings.gpkg,50.57,11.79873120589374,79.76933184849511,PASS,none
TN_NIVAR_2020_102761,TN_NIVAR_2020,30531b648c1c8f90,TRUE,TRUE,data/tamil_nadu/buildings/validated/TN_NIVAR_2020_buildings.gpkg,19.74,11.813731476611194,79.7657486869174,PASS,none
TN_NIVAR_2020_008397,TN_NIVAR_2020,941f2d0118fd7ac2,TRUE,TRUE,data/tamil_nadu/buildings/validated/TN_NIVAR_2020_buildings.gpkg,34.11,11.674033562237803,79.78228215152212,PASS,none
TN_NIVAR_2020_016926,TN_NIVAR_2020,49a2401f0ec863a2,TRUE,TRUE,data/tamil_nadu/buildings/validated/TN_NIVAR_2020_buildings.gpkg,17.32,11.709468870009191,79.77744341115009,PASS,none
TN_NIVAR_2020_024895,TN_NIVAR_2020,e1a92972e3eddff5,TRUE,TRUE,data/tamil_nadu/buildings/validated/TN_NIVAR_2020_buildings.gpkg,24.29,11.720509179034032,79.77911945165897,PASS,none
TN_NIVAR_2020_044064,TN_NIVAR_2020,72972c29b748d48f,TRUE,TRUE,data/tamil_nadu/buildings/validated/TN_NIVAR_2020_buildings.gpkg,37.59,11.745141051545229,79.7866329642024,PASS,none
TN_NIVAR_2020_064445,TN_NIVAR_2020,63d3f16fa331804c,TRUE,TRUE,data/tamil_nadu/buildings/validated/TN_NIVAR_2020_buildings.gpkg,11.95,11.760511191446195,79.77788056798681,PASS,none
TN_NIVAR_2020_064455,TN_NIVAR_2020,7c99a2cbbda7e9a1,TRUE,TRUE,data/tamil_nadu/buildings/validated/TN_NIVAR_2020_buildings.gpkg,34.45,11.76375628967448,79.78543916694892,PASS,none
TN_NIVAR_2020_083293,TN_NIVAR_2020,ea652d652861c130,TRUE,TRUE,data/tamil_nadu/buildings/validated/TN_NIVAR_2020_buildings.gpkg,37.91,11.778893874115264,79.78240211350871,PASS,none
TN_NIVAR_2020_091816,TN_NIVAR_2020,b9664e722928cc40,TRUE,TRUE,data/tamil_nadu/buildings/validated/TN_NIVAR_2020_buildings.gpkg,16.99,11.803729523083708,79.77922090633079,PASS,none
TN_NIVAR_2020_104120,TN_NIVAR_2020,7529354600bcae28,TRUE,TRUE,data/tamil_nadu/buildings/validated/TN_NIVAR_2020_buildings.gpkg,115.32,11.814656054885907,79.78613691088545,PASS,none
TN_NIVAR_2020_016990,TN_NIVAR_2020,542070e51d8abf2f,TRUE,TRUE,data/tamil_nadu/buildings/validated/TN_NIVAR_2020_buildings.gpkg,66.32,11.7038146653934,79.79282019034132,PASS,none
TN_NIVAR_2020_044283,TN_NIVAR_2020,b58e434b7660fe6d,TRUE,TRUE,data/tamil_nadu/buildings/validated/TN_NIVAR_2020_buildings.gpkg,35.84,11.74713041724837,79.78850140041267,PASS,none
TN_NIVAR_2020_064501,TN_NIVAR_2020,f6f42b2b1a2ebe97,TRUE,TRUE,data/tamil_nadu/buildings/validated/TN_NIVAR_2020_buildings.gpkg,7.62,11.749274091458707,79.78902765549479,PASS,none
TN_NIVAR_2020_064465,TN_NIVAR_2020,f4955c9dc33772a0,TRUE,TRUE,data/tamil_nadu/buildings/validated/TN_NIVAR_2020_buildings.gpkg,23.48,11.766445145927369,79.78993185963753,PASS,none
TN_NIVAR_2020_083773,TN_NIVAR_2020,797fa94ded879a10,TRUE,TRUE,data/tamil_nadu/buildings/validated/TN_NIVAR_2020_buildings.gpkg,139.88,11.781798747104054,79.78943145241116,PASS,none
TN_NIVAR_2020_091889,TN_NIVAR_2020,5c6546a6f22d4baa,TRUE,TRUE,data/tamil_nadu/buildings/validated/TN_NIVAR_2020_buildings.gpkg,23.18,11.802003743446335,79.78891043935097,PASS,none
TN_NIVAR_2020_104119,TN_NIVAR_2020,c8200c577edd7f92,TRUE,TRUE,data/tamil_nadu/buildings/validated/TN_NIVAR_2020_buildings.gpkg,35.2,11.82088215751895,79.78960940952408,PASS,none
TN_NIVAR_2020_069490,TN_NIVAR_2020,7aa71d103edb57c7,TRUE,TRUE,data/tamil_nadu/buildings/validated/TN_NIVAR_2020_buildings.gpkg,32.88,11.760224342039706,79.80297783692103,PASS,none
TN_NIVAR_2020_085395,TN_NIVAR_2020,82798996026bf4d1,TRUE,TRUE,data/tamil_nadu/buildings/validated/TN_NIVAR_2020_buildings.gpkg,103.11,11.775946366763698,79.81145427173921,PASS,none
TN_NIVAR_2020_085060,TN_NIVAR_2020,86b0e6a01f12a954,TRUE,TRUE,data/tamil_nadu/buildings/validated/TN_NIVAR_2020_buildings.gpkg,82.93,11.778974677528872,79.80783222644962,PASS,none
TN_NIVAR_2020_095919,TN_NIVAR_2020,285994b3e4e7eb0d,TRUE,TRUE,data/tamil_nadu/buildings/validated/TN_NIVAR_2020_buildings.gpkg,9.3,11.796226701586821,79.8086961943665,PASS,none
TN_NIVAR_2020_107800,TN_NIVAR_2020,50f05b649f9d082c,TRUE,TRUE,data/tamil_nadu/buildings/validated/TN_NIVAR_2020_buildings.gpkg,37.51,11.812320549664683,79.80079419193389,PASS,none
TN_NIVAR_2020_000034,TN_NIVAR_2020,2f59d54488a81a15,TRUE,TRUE,data/tamil_nadu/buildings/validated/TN_NIVAR_2020_buildings.gpkg,33.68,11.689816517938464,79.70613760591061,PASS,none
TN_NIVAR_2020_008553,TN_NIVAR_2020,92ab045f1a90f2dd,TRUE,TRUE,data/tamil_nadu/buildings/validated/TN_NIVAR_2020_buildings.gpkg,12.47,11.709117149424118,79.69889620409649,PASS,none
TN_NIVAR_2020_017000,TN_NIVAR_2020,aa402219c8782277,TRUE,TRUE,data/tamil_nadu/buildings/validated/TN_NIVAR_2020_buildings.gpkg,138.56,11.72462530892274,79.70233937805983,PASS,none
TN_NIVAR_2020_029837,TN_NIVAR_2020,8f98a2c2d292e4bd,TRUE,TRUE,data/tamil_nadu/buildings/validated/TN_NIVAR_2020_buildings.gpkg,112.13,11.740008879505105,79.70664749734634,PASS,none
TN_NIVAR_2020_048039,TN_NIVAR_2020,7718a0a178d3a4e4,TRUE,TRUE,data/tamil_nadu/buildings/validated/TN_NIVAR_2020_buildings.gpkg,29.92,11.749911846732001,79.69734359626888,PASS,none
TN_NIVAR_2020_048041,TN_NIVAR_2020,3f9bb15c06bc5f50,TRUE,TRUE,data/tamil_nadu/buildings/validated/TN_NIVAR_2020_buildings.gpkg,67.23,11.764394648575854,79.70064872170836,PASS,none
TN_NIVAR_2020_069496,TN_NIVAR_2020,8ddd807d3345810b,TRUE,TRUE,data/tamil_nadu/buildings/validated/TN_NIVAR_2020_buildings.gpkg,21.69,11.783402998129782,79.69736583354103,PASS,none
TN_NIVAR_2020_085404,TN_NIVAR_2020,669eb4a7642935b3,TRUE,TRUE,data/tamil_nadu/buildings/validated/TN_NIVAR_2020_buildings.gpkg,41.22,11.800652231114697,79.69707265896838,PASS,none
TN_NIVAR_2020_096332,TN_NIVAR_2020,9439958724e994a9,TRUE,TRUE,data/tamil_nadu/buildings/validated/TN_NIVAR_2020_buildings.gpkg,18.5,11.814448301408405,79.69831376740626,PASS,none
TN_NIVAR_2020_000190,TN_NIVAR_2020,a03600770458e97b,TRUE,TRUE,data/tamil_nadu/buildings/validated/TN_NIVAR_2020_buildings.gpkg,11.9,11.691130979138038,79.70966584891488,PASS,none
TN_NIVAR_2020_008755,TN_NIVAR_2020,9c5b2bb360753738,TRUE,TRUE,data/tamil_nadu/buildings/validated/TN_NIVAR_2020_buildings.gpkg,93.34,11.710077112053938,79.7100439804481,PASS,none
TN_NIVAR_2020_016994,TN_NIVAR_2020,959d368f185a6f32,TRUE,TRUE,data/tamil_nadu/buildings/validated/TN_NIVAR_2020_buildings.gpkg,81.82,11.724506991603404,79.71468742771609,PASS,none
TN_NIVAR_2020_029835,TN_NIVAR_2020,993c8959e8c5cb57,TRUE,TRUE,data/tamil_nadu/buildings/validated/TN_NIVAR_2020_buildings.gpkg,35.77,11.744862359825419,79.70864918737175,PASS,none
TN_NIVAR_2020_029839,TN_NIVAR_2020,58cf720a5c3c6a0d,TRUE,TRUE,data/tamil_nadu/buildings/validated/TN_NIVAR_2020_buildings.gpkg,137.51,11.74797021679763,79.70949351261932,PASS,none
TN_NIVAR_2020_048056,TN_NIVAR_2020,6e2f70b61060b4da,TRUE,TRUE,data/tamil_nadu/buildings/validated/TN_NIVAR_2020_buildings.gpkg,21.71,11.766075952136045,79.71273795657736,PASS,none
TN_NIVAR_2020_069524,TN_NIVAR_2020,4351b07d30f01d6e,TRUE,TRUE,data/tamil_nadu/buildings/validated/TN_NIVAR_2020_buildings.gpkg,10.02,11.778097714919651,79.71394118007541,PASS,none
TN_NIVAR_2020_085403,TN_NIVAR_2020,cb5b4939797b739d,TRUE,TRUE,data/tamil_nadu/buildings/validated/TN_NIVAR_2020_buildings.gpkg,14.17,11.796272555944695,79.71314278566702,PASS,none
TN_NIVAR_2020_096324,TN_NIVAR_2020,4dd4b65567a799d8,TRUE,TRUE,data/tamil_nadu/buildings/validated/TN_NIVAR_2020_buildings.gpkg,14.0,11.81286419495147,79.71019862497437,PASS,none
TN_NIVAR_2020_000718,TN_NIVAR_2020,3a652d0544e2244c,TRUE,TRUE,data/tamil_nadu/buildings/validated/TN_NIVAR_2020_buildings.gpkg,78.96,11.673647263667927,79.72984656499816,PASS,none
TN_NIVAR_2020_000719,TN_NIVAR_2020,9b34b3a48cb8f60f,TRUE,TRUE,data/tamil_nadu/buildings/validated/TN_NIVAR_2020_buildings.gpkg,14.35,11.69024559522102,79.72235814537129,PASS,none
TN_NIVAR_2020_009980,TN_NIVAR_2020,f11ca00b90d16a15,TRUE,TRUE,data/tamil_nadu/buildings/validated/TN_NIVAR_2020_buildings.gpkg,44.57,11.704096578719657,79.72734978242609,PASS,none
TN_NIVAR_2020_017763,TN_NIVAR_2020,a75cd3245a48ae32,TRUE,TRUE,data/tamil_nadu/buildings/validated/TN_NIVAR_2020_buildings.gpkg,120.55,11.728910252941935,79.72270398900767,PASS,none
TN_NIVAR_2020_030749,TN_NIVAR_2020,3c7d27347a988720,TRUE,TRUE,data/tamil_nadu/buildings/validated/TN_NIVAR_2020_buildings.gpkg,32.73,11.74772430322078,79.72537612440439,PASS,none
TN_NIVAR_2020_031502,TN_NIVAR_2020,a8d2854b75c3b0a9,TRUE,TRUE,data/tamil_nadu/buildings/validated/TN_NIVAR_2020_buildings.gpkg,24.45,11.748024114917305,79.72692462705531,PASS,none
TN_NIVAR_2020_051806,TN_NIVAR_2020,8e559ee1da48322d,TRUE,TRUE,data/tamil_nadu/buildings/validated/TN_NIVAR_2020_buildings.gpkg,45.62,11.766561305284666,79.72537076683915,PASS,none
TN_NIVAR_2020_071819,TN_NIVAR_2020,abfe1055bcd4bdf4,TRUE,TRUE,data/tamil_nadu/buildings/validated/TN_NIVAR_2020_buildings.gpkg,63.69,11.784551042550428,79.71984448379222,PASS,none
TN_NIVAR_2020_086360,TN_NIVAR_2020,734d64c119ca7bae,TRUE,TRUE,data/tamil_nadu/buildings/validated/TN_NIVAR_2020_buildings.gpkg,20.2,11.802352109881515,79.72903581618604,PASS,none
TN_NIVAR_2020_097193,TN_NIVAR_2020,d7806d49ddc23048,TRUE,TRUE,data/tamil_nadu/buildings/validated/TN_NIVAR_2020_buildings.gpkg,106.87,11.808861356791413,79.72280345617325,PASS,none
TN_NIVAR_2020_000748,TN_NIVAR_2020,5b6a694b60d5bedc,TRUE,TRUE,data/tamil_nadu/buildings/validated/TN_NIVAR_2020_buildings.gpkg,20.49,11.67413363135862,79.7326679265531,PASS,none
TN_NIVAR_2020_002067,TN_NIVAR_2020,e81a66a3a5281699,TRUE,TRUE,data/tamil_nadu/buildings/validated/TN_NIVAR_2020_buildings.gpkg,71.63,11.690782807184446,79.74246724607778,PASS,none
TN_NIVAR_2020_010701,TN_NIVAR_2020,b1ef62d542931c0a,TRUE,TRUE,data/tamil_nadu/buildings/validated/TN_NIVAR_2020_buildings.gpkg,10.26,11.706867770995208,79.73152192334501,PASS,none
TN_NIVAR_2020_017768,TN_NIVAR_2020,d5812ed67977a28a,TRUE,TRUE,data/tamil_nadu/buildings/validated/TN_NIVAR_2020_buildings.gpkg,84.68,11.725004146294255,79.73337945325775,PASS,none
TN_NIVAR_2020_030756,TN_NIVAR_2020,bea0dc76054b251a,TRUE,TRUE,data/tamil_nadu/buildings/validated/TN_NIVAR_2020_buildings.gpkg,99.76,11.743304552747587,79.73211164793435,PASS,none
TN_NIVAR_2020_033450,TN_NIVAR_2020,61feff164c27f449,TRUE,TRUE,data/tamil_nadu/buildings/validated/TN_NIVAR_2020_buildings.gpkg,169.82,11.748042807135986,79.73146249035693,PASS,none
TN_NIVAR_2020_071988,TN_NIVAR_2020,f7c285e91249ef08,TRUE,TRUE,data/tamil_nadu/buildings/validated/TN_NIVAR_2020_buildings.gpkg,79.56,11.784771917833007,79.73358550424051,PASS,none
TN_NIVAR_2020_086367,TN_NIVAR_2020,a27f344b36afab10,TRUE,TRUE,data/tamil_nadu/buildings/validated/TN_NIVAR_2020_buildings.gpkg,67.3,11.802507128623548,79.7318172792579,PASS,none
TN_NIVAR_2020_097196,TN_NIVAR_2020,c31fb59f881458d3,TRUE,TRUE,data/tamil_nadu/buildings/validated/TN_NIVAR_2020_buildings.gpkg,39.25,11.818740396663484,79.73064217537505,PASS,none
TN_NIVAR_2020_002052,TN_NIVAR_2020,0d93e00893343f71,TRUE,TRUE,data/tamil_nadu/buildings/validated/TN_NIVAR_2020_buildings.gpkg,21.09,11.684878694428424,79.74278891499382,PASS,none
TN_NIVAR_2020_002065,TN_NIVAR_2020,efea9cce87f9b597,TRUE,TRUE,data/tamil_nadu/buildings/validated/TN_NIVAR_2020_buildings.gpkg,57.08,11.69057079926364,79.74256449956354,PASS,none
TN_NIVAR_2020_010977,TN_NIVAR_2020,b195598aed36aedb,TRUE,TRUE,data/tamil_nadu/buildings/validated/TN_NIVAR_2020_buildings.gpkg,17.98,11.708163472478677,79.74417838816262,PASS,none
TN_NIVAR_2020_018443,TN_NIVAR_2020,60e13019ef6f86a4,TRUE,TRUE,data/tamil_nadu/buildings/validated/TN_NIVAR_2020_buildings.gpkg,52.72,11.729111417257371,79.75245030352481,PASS,none
TN_NIVAR_2020_034157,TN_NIVAR_2020,e7b108eb5a61605f,TRUE,TRUE,data/tamil_nadu/buildings/validated/TN_NIVAR_2020_buildings.gpkg,69.02,11.733773485884875,79.74956294589724,PASS,none
TN_NIVAR_2020_041904,TN_NIVAR_2020,7bae3f58cdc1778e,TRUE,TRUE,data/tamil_nadu/buildings/validated/TN_NIVAR_2020_buildings.gpkg,712.77,11.748526798307012,79.75374465049904,PASS,none
TN_NIVAR_2020_054605,TN_NIVAR_2020,e426a56c0ae814fc,TRUE,TRUE,data/tamil_nadu/buildings/validated/TN_NIVAR_2020_buildings.gpkg,26.92,11.766511315688586,79.7458736990939,PASS,none
TN_NIVAR_2020_073690,TN_NIVAR_2020,ede44f01d9b22ec5,TRUE,TRUE,data/tamil_nadu/buildings/validated/TN_NIVAR_2020_buildings.gpkg,48.98,11.783916682595864,79.75058781172629,PASS,none
TN_NIVAR_2020_088259,TN_NIVAR_2020,6c1341b06a21afd1,TRUE,TRUE,data/tamil_nadu/buildings/validated/TN_NIVAR_2020_buildings.gpkg,51.51,11.804295718784331,79.74629388957536,PASS,none
TN_NIVAR_2020_098628,TN_NIVAR_2020,7f07ddff6389f7e0,TRUE,TRUE,data/tamil_nadu/buildings/validated/TN_NIVAR_2020_buildings.gpkg,58.18,11.815016068526091,79.74786785265213,PASS,none
TN_NIVAR_2020_005130,TN_NIVAR_2020,7363294babfe8214,TRUE,TRUE,data/tamil_nadu/buildings/validated/TN_NIVAR_2020_buildings.gpkg,82.23,11.679705517872847,79.75488899277646,PASS,none
TN_NIVAR_2020_005145,TN_NIVAR_2020,c3e057348ad76d9e,TRUE,TRUE,data/tamil_nadu/buildings/validated/TN_NIVAR_2020_buildings.gpkg,33.59,11.688760723945395,79.75415229214545,PASS,none
TN_NIVAR_2020_011954,TN_NIVAR_2020,c39810dda20ac899,TRUE,TRUE,data/tamil_nadu/buildings/validated/TN_NIVAR_2020_buildings.gpkg,23.96,11.706831377666713,79.76330482202594,PASS,none
TN_NIVAR_2020_019976,TN_NIVAR_2020,2e4f25a988e90f39,TRUE,TRUE,data/tamil_nadu/buildings/validated/TN_NIVAR_2020_buildings.gpkg,14.74,11.72614463285343,79.76328974608681,PASS,none
TN_NIVAR_2020_039116,TN_NIVAR_2020,ac26b4d13a6e52e9,TRUE,TRUE,data/tamil_nadu/buildings/validated/TN_NIVAR_2020_buildings.gpkg,18.96,11.742634907594784,79.75642156131791,PASS,none
TN_NIVAR_2020_059522,TN_NIVAR_2020,117089a87b3b18aa,TRUE,TRUE,data/tamil_nadu/buildings/validated/TN_NIVAR_2020_buildings.gpkg,58.03,11.759328860710491,79.76132055516942,PASS,none
TN_NIVAR_2020_059532,TN_NIVAR_2020,92605cd9eee6845c,TRUE,TRUE,data/tamil_nadu/buildings/validated/TN_NIVAR_2020_buildings.gpkg,34.17,11.76427431897248,79.757428529768,PASS,none
TN_NIVAR_2020_078641,TN_NIVAR_2020,63e65f4c3fcdc939,TRUE,TRUE,data/tamil_nadu/buildings/validated/TN_NIVAR_2020_buildings.gpkg,51.97,11.783306264114744,79.76487756686602,PASS,none
TN_NIVAR_2020_090641,TN_NIVAR_2020,ded31454a806bedb,TRUE,TRUE,data/tamil_nadu/buildings/validated/TN_NIVAR_2020_buildings.gpkg,16.28,11.801913361842349,79.76359120923136,PASS,none
TN_NIVAR_2020_102763,TN_NIVAR_2020,1c841973252f4253,TRUE,TRUE,data/tamil_nadu/buildings/validated/TN_NIVAR_2020_buildings.gpkg,82.53,11.817330733562565,79.76327392976093,PASS,none
TN_NIVAR_2020_005136,TN_NIVAR_2020,4b0efc7d6c1a6473,TRUE,TRUE,data/tamil_nadu/buildings/validated/TN_NIVAR_2020_buildings.gpkg,26.46,11.682571581487748,79.7686319259595,PASS,none
TN_NIVAR_2020_005153,TN_NIVAR_2020,550e1b733555b441,TRUE,TRUE,data/tamil_nadu/buildings/validated/TN_NIVAR_2020_buildings.gpkg,37.07,11.689167446596906,79.77141135308291,PASS,none
TN_NIVAR_2020_011967,TN_NIVAR_2020,1f21d4f67b8dfc8d,TRUE,TRUE,data/tamil_nadu/buildings/validated/TN_NIVAR_2020_buildings.gpkg,17.77,11.709060425467586,79.7688999211143,PASS,none
TN_NIVAR_2020_019971,TN_NIVAR_2020,2f34752a0ed35707,TRUE,TRUE,data/tamil_nadu/buildings/validated/TN_NIVAR_2020_buildings.gpkg,66.62,11.721610495255407,79.76908155226792,PASS,none
TN_NIVAR_2020_039122,TN_NIVAR_2020,07d5321c1beaa2a8,TRUE,TRUE,data/tamil_nadu/buildings/validated/TN_NIVAR_2020_buildings.gpkg,34.17,11.747195365168352,79.7681116845911,PASS,none
TN_NIVAR_2020_059524,TN_NIVAR_2020,65520777097d5f49,TRUE,TRUE,data/tamil_nadu/buildings/validated/TN_NIVAR_2020_buildings.gpkg,39.81,11.750666413428588,79.7671765963813,PASS,none
TN_NIVAR_2020_059538,TN_NIVAR_2020,77493757499ed3d4,TRUE,TRUE,data/tamil_nadu/buildings/validated/TN_NIVAR_2020_buildings.gpkg,35.17,11.766734361748282,79.76961994371581,PASS,none
TN_NIVAR_2020_078626,TN_NIVAR_2020,c4c5d15d2671a4e5,TRUE,TRUE,data/tamil_nadu/buildings/validated/TN_NIVAR_2020_buildings.gpkg,43.48,11.78032128650692,79.7712201787316,PASS,none
TN_NIVAR_2020_090627,TN_NIVAR_2020,172abcef4796c5ef,TRUE,TRUE,data/tamil_nadu/buildings/validated/TN_NIVAR_2020_buildings.gpkg,31.81,11.795075195762852,79.77045669767844,PASS,none
TN_NIVAR_2020_102765,TN_NIVAR_2020,09517c41b6ca77c2,TRUE,TRUE,data/tamil_nadu/buildings/validated/TN_NIVAR_2020_buildings.gpkg,50.74,11.81387701567279,79.76600889528393,PASS,none
TN_NIVAR_2020_016928,TN_NIVAR_2020,6a77a55bee441369,TRUE,TRUE,data/tamil_nadu/buildings/validated/TN_NIVAR_2020_buildings.gpkg,37.54,11.70575736848479,79.77886632448919,PASS,none
TN_NIVAR_2020_024899,TN_NIVAR_2020,4bf1f5a28c5d3923,TRUE,TRUE,data/tamil_nadu/buildings/validated/TN_NIVAR_2020_buildings.gpkg,70.85,11.722881837963795,79.77816750703782,PASS,none
TN_NIVAR_2020_044066,TN_NIVAR_2020,715c35efea031d81,TRUE,TRUE,data/tamil_nadu/buildings/validated/TN_NIVAR_2020_buildings.gpkg,22.08,11.746354039637353,79.7869286162498,PASS,none
TN_NIVAR_2020_064446,TN_NIVAR_2020,5655d50fda2844b6,TRUE,TRUE,data/tamil_nadu/buildings/validated/TN_NIVAR_2020_buildings.gpkg,45.37,11.755295662325684,79.7781705776848,PASS,none
TN_NIVAR_2020_064458,TN_NIVAR_2020,3143c0b18e1f43a1,TRUE,TRUE,data/tamil_nadu/buildings/validated/TN_NIVAR_2020_buildings.gpkg,48.9,11.765453314908623,79.77787279735438,PASS,none
TN_NIVAR_2020_083304,TN_NIVAR_2020,8268cabc6eb99f45,TRUE,TRUE,data/tamil_nadu/buildings/validated/TN_NIVAR_2020_buildings.gpkg,50.39,11.779101163759186,79.78266830778558,PASS,none
TN_NIVAR_2020_091817,TN_NIVAR_2020,934c3527df307f9f,TRUE,TRUE,data/tamil_nadu/buildings/validated/TN_NIVAR_2020_buildings.gpkg,9.19,11.803137208981987,79.77903129082067,PASS,none
TN_NIVAR_2020_045134,TN_NIVAR_2020,4f0eef3223174918,TRUE,TRUE,data/tamil_nadu/buildings/validated/TN_NIVAR_2020_buildings.gpkg,8.23,11.747372385044986,79.78854823586222,PASS,none
TN_NIVAR_2020_064582,TN_NIVAR_2020,bbc15f21af1ddd66,TRUE,TRUE,data/tamil_nadu/buildings/validated/TN_NIVAR_2020_buildings.gpkg,16.81,11.752099766210188,79.78937690821586,PASS,none
TN_NIVAR_2020_064494,TN_NIVAR_2020,bfa11407f151876d,TRUE,TRUE,data/tamil_nadu/buildings/validated/TN_NIVAR_2020_buildings.gpkg,31.43,11.766292647120993,79.78967065234677,PASS,none
TN_NIVAR_2020_083923,TN_NIVAR_2020,07a571f18e90b19c,TRUE,TRUE,data/tamil_nadu/buildings/validated/TN_NIVAR_2020_buildings.gpkg,5.82,11.78492397954099,79.78937332384238,PASS,none
TN_NIVAR_2020_091898,TN_NIVAR_2020,8c44ef479a5ccb61,TRUE,TRUE,data/tamil_nadu/buildings/validated/TN_NIVAR_2020_buildings.gpkg,73.98,11.801466294788868,79.7889231830187,PASS,none
TN_NIVAR_2020_104126,TN_NIVAR_2020,c5cedb55ded2c762,TRUE,TRUE,data/tamil_nadu/buildings/validated/TN_NIVAR_2020_buildings.gpkg,84.33,11.820983930902582,79.78868278150576,PASS,none
TN_NIVAR_2020_085398,TN_NIVAR_2020,cfd8561cd57883d5,TRUE,TRUE,data/tamil_nadu/buildings/validated/TN_NIVAR_2020_buildings.gpkg,26.5,11.776021969106349,79.81138954344277,PASS,none
TN_NIVAR_2020_085212,TN_NIVAR_2020,d85ad01cdd1fb505,TRUE,TRUE,data/tamil_nadu/buildings/validated/TN_NIVAR_2020_buildings.gpkg,48.55,11.78503837185797,79.80481939422876,PASS,none
TN_NIVAR_2020_107806,TN_NIVAR_2020,1472284be1308597,TRUE,TRUE,data/tamil_nadu/buildings/validated/TN_NIVAR_2020_buildings.gpkg,77.61,11.812955511175339,79.80011033367657,PASS,none
TN_NIVAR_2020_000005,TN_NIVAR_2020,489dc0bf67db5b02,TRUE,TRUE,data/tamil_nadu/buildings/validated/TN_NIVAR_2020_buildings.gpkg,55.98,11.681684696901666,79.7048274115186,PASS,none
TN_NIVAR_2020_000062,TN_NIVAR_2020,11a74f67dddea409,TRUE,TRUE,data/tamil_nadu/buildings/validated/TN_NIVAR_2020_buildings.gpkg,58.57,11.689623096561757,79.70599592424406,PASS,none
TN_NIVAR_2020_008564,TN_NIVAR_2020,7809165bccf02786,TRUE,TRUE,data/tamil_nadu/buildings/validated/TN_NIVAR_2020_buildings.gpkg,152.76,11.709969915377494,79.70483897373455,PASS,none
TN_NIVAR_2020_017001,TN_NIVAR_2020,08b8eb9b47e81508,TRUE,TRUE,data/tamil_nadu/buildings/validated/TN_NIVAR_2020_buildings.gpkg,32.25,11.72326419507836,79.70011489510244,PASS,none
TN_NIVAR_2020_029847,TN_NIVAR_2020,486efee25a0bbcaa,TRUE,TRUE,data/tamil_nadu/buildings/validated/TN_NIVAR_2020_buildings.gpkg,11.19,11.741126808810701,79.69935066150808,PASS,none
TN_NIVAR_2020_048044,TN_NIVAR_2020,138cc52277867741,TRUE,TRUE,data/tamil_nadu/buildings/validated/TN_NIVAR_2020_buildings.gpkg,24.2,11.762711677768497,79.69820949492028,PASS,none
TN_NIVAR_2020_048057,TN_NIVAR_2020,b7a052187b671e4b,TRUE,TRUE,data/tamil_nadu/buildings/validated/TN_NIVAR_2020_buildings.gpkg,35.82,11.765205962245394,79.6966521994291,PASS,none
TN_NIVAR_2020_085405,TN_NIVAR_2020,5d02fd3a5582d926,TRUE,TRUE,data/tamil_nadu/buildings/validated/TN_NIVAR_2020_buildings.gpkg,29.88,11.79640139199488,79.69713942597117,PASS,none
TN_NIVAR_2020_096333,TN_NIVAR_2020,1060fb3d9bbf0681,TRUE,TRUE,data/tamil_nadu/buildings/validated/TN_NIVAR_2020_buildings.gpkg,98.07,11.822653753215144,79.70296923930813,PASS,none
TN_NIVAR_2020_000302,TN_NIVAR_2020,4465e09eacaf6547,TRUE,TRUE,data/tamil_nadu/buildings/validated/TN_NIVAR_2020_buildings.gpkg,13.83,11.689495613246077,79.71255515508548,PASS,none
TN_NIVAR_2020_009166,TN_NIVAR_2020,ffb9893392b52590,TRUE,TRUE,data/tamil_nadu/buildings/validated/TN_NIVAR_2020_buildings.gpkg,14.13,11.703096056433774,79.71129171305508,PASS,none
TN_NIVAR_2020_016995,TN_NIVAR_2020,f2a65529d49e629d,TRUE,TRUE,data/tamil_nadu/buildings/validated/TN_NIVAR_2020_buildings.gpkg,25.28,11.724060218348162,79.70986581989703,PASS,none
TN_NIVAR_2020_029836,TN_NIVAR_2020,e52f4ff360ba00ce,TRUE,TRUE,data/tamil_nadu/buildings/validated/TN_NIVAR_2020_buildings.gpkg,64.69,11.74789387085749,79.71160361860102,PASS,none
TN_NIVAR_2020_029897,TN_NIVAR_2020,7fe5c5e3d667c3b3,TRUE,TRUE,data/tamil_nadu/buildings/validated/TN_NIVAR_2020_buildings.gpkg,280.24,11.74795772561352,79.71047686919785,PASS,none
TN_NIVAR_2020_048061,TN_NIVAR_2020,5fef5415a6c518d2,TRUE,TRUE,data/tamil_nadu/buildings/validated/TN_NIVAR_2020_buildings.gpkg,55.71,11.766692921734283,79.71453242082065,PASS,none
TN_NIVAR_2020_069542,TN_NIVAR_2020,54b1fec02c16592b,TRUE,TRUE,data/tamil_nadu/buildings/validated/TN_NIVAR_2020_buildings.gpkg,36.15,11.778077827700757,79.7128342150442,PASS,none
TN_NIVAR_2020_085408,TN_NIVAR_2020,e223c5acb3b2ccaf,TRUE,TRUE,data/tamil_nadu/buildings/validated/TN_NIVAR_2020_buildings.gpkg,40.67,11.796924256037514,79.7134996110148,PASS,none
TN_NIVAR_2020_096326,TN_NIVAR_2020,3747c184bcc72664,TRUE,TRUE,data/tamil_nadu/buildings/validated/TN_NIVAR_2020_buildings.gpkg,21.83,11.816540175027423,79.71060453588393,PASS,none
TN_NIVAR_2020_000720,TN_NIVAR_2020,001796876483e4f9,TRUE,TRUE,data/tamil_nadu/buildings/validated/TN_NIVAR_2020_buildings.gpkg,19.98,11.675537475260455,79.72933333948791,PASS,none
TN_NIVAR_2020_000722,TN_NIVAR_2020,96105dca6b33726d,TRUE,TRUE,data/tamil_nadu/buildings/validated/TN_NIVAR_2020_buildings.gpkg,18.91,11.68978567187081,79.72243906344845,PASS,none
TN_NIVAR_2020_009983,TN_NIVAR_2020,087383cc34e859a9,TRUE,TRUE,data/tamil_nadu/buildings/validated/TN_NIVAR_2020_buildings.gpkg,30.63,11.708326551370492,79.71973071976338,PASS,none
TN_NIVAR_2020_017767,TN_NIVAR_2020,c75ac1f234f3d890,TRUE,TRUE,data/tamil_nadu/buildings/validated/TN_NIVAR_2020_buildings.gpkg,22.2,11.723544006783495,79.72103257984129,PASS,none
TN_NIVAR_2020_030750,TN_NIVAR_2020,cced4b3fe189db60,TRUE,TRUE,data/tamil_nadu/buildings/validated/TN_NIVAR_2020_buildings.gpkg,57.25,11.74658987509838,79.7298208413866,PASS,none
TN_NIVAR_2020_031555,TN_NIVAR_2020,6967f87085ee5c95,TRUE,TRUE,data/tamil_nadu/buildings/validated/TN_NIVAR_2020_buildings.gpkg,391.4,11.748042426316301,79.7234928347369,PASS,none
TN_NIVAR_2020_051820,TN_NIVAR_2020,3a6f9c346317ec39,TRUE,TRUE,data/tamil_nadu/buildings/validated/TN_NIVAR_2020_buildings.gpkg,53.4,11.765763050471495,79.72428452229464,PASS,none
TN_NIVAR_2020_071861,TN_NIVAR_2020,86820427371b2e00,TRUE,TRUE,data/tamil_nadu/buildings/validated/TN_NIVAR_2020_buildings.gpkg,16.08,11.784338993685413,79.71981548136499,PASS,none
TN_NIVAR_2020_086364,TN_NIVAR_2020,f3cf95990a7dda0b,TRUE,TRUE,data/tamil_nadu/buildings/validated/TN_NIVAR_2020_buildings.gpkg,25.87,11.802659095128902,79.72926170287741,PASS,none
TN_NIVAR_2020_097197,TN_NIVAR_2020,8ba1954292a96bcd,TRUE,TRUE,data/tamil_nadu/buildings/validated/TN_NIVAR_2020_buildings.gpkg,9.61,11.810015195705764,79.72518635405874,PASS,none
TN_NIVAR_2020_000787,TN_NIVAR_2020,a5850c9e38e3b9b2,TRUE,TRUE,data/tamil_nadu/buildings/validated/TN_NIVAR_2020_buildings.gpkg,53.02,11.674231510880686,79.73113167696778,PASS,none
TN_NIVAR_2020_002070,TN_NIVAR_2020,5fda6ee6c16ddd19,TRUE,TRUE,data/tamil_nadu/buildings/validated/TN_NIVAR_2020_buildings.gpkg,30.23,11.691638473272908,79.74082686519444,PASS,none
TN_NIVAR_2020_010807,TN_NIVAR_2020,f34e50d7d287cf06,TRUE,TRUE,data/tamil_nadu/buildings/validated/TN_NIVAR_2020_buildings.gpkg,14.3,11.704811818767023,79.73908746553177,PASS,none
TN_NIVAR_2020_017769,TN_NIVAR_2020,71a4505fa34d3d16,TRUE,TRUE,data/tamil_nadu/buildings/validated/TN_NIVAR_2020_buildings.gpkg,65.37,11.725123651208799,79.73392901261336,PASS,none
TN_NIVAR_2020_030764,TN_NIVAR_2020,402414675587e11d,TRUE,TRUE,data/tamil_nadu/buildings/validated/TN_NIVAR_2020_buildings.gpkg,122.45,11.74395175999623,79.73212148395004,PASS,none
TN_NIVAR_2020_035889,TN_NIVAR_2020,0342da128b8591c2,TRUE,TRUE,data/tamil_nadu/buildings/validated/TN_NIVAR_2020_buildings.gpkg,230.42,11.748070271009752,79.73495487058628,PASS,none
TN_NIVAR_2020_051792,TN_NIVAR_2020,9c39540f07e2ee85,TRUE,TRUE,data/tamil_nadu/buildings/validated/TN_NIVAR_2020_buildings.gpkg,201.8,11.766698824744674,79.73104454878758,PASS,none
TN_NIVAR_2020_071991,TN_NIVAR_2020,d8f5d34f180e940d,TRUE,TRUE,data/tamil_nadu/buildings/validated/TN_NIVAR_2020_buildings.gpkg,26.86,11.78541906108512,79.73362870575247,PASS,none
TN_NIVAR_2020_086375,TN_NIVAR_2020,a70a91eebadda957,TRUE,TRUE,data/tamil_nadu/buildings/validated/TN_NIVAR_2020_buildings.gpkg,75.17,11.79615537645624,79.7335673470472,PASS,none
TN_NIVAR_2020_097208,TN_NIVAR_2020,a107d7eee3c7b03a,TRUE,TRUE,data/tamil_nadu/buildings/validated/TN_NIVAR_2020_buildings.gpkg,9.46,11.817736645866088,79.7319083394351,PASS,none
TN_NIVAR_2020_002053,TN_NIVAR_2020,431a9bb64576e6b5,TRUE,TRUE,data/tamil_nadu/buildings/validated/TN_NIVAR_2020_buildings.gpkg,22.2,11.678007987594992,79.74634957007295,PASS,none
TN_NIVAR_2020_002069,TN_NIVAR_2020,ec75cd834afa90e5,TRUE,TRUE,data/tamil_nadu/buildings/validated/TN_NIVAR_2020_buildings.gpkg,110.68,11.691439460910983,79.74473127719637,PASS,none
TN_NIVAR_2020_011011,TN_NIVAR_2020,1684a8cfde96ddc1,TRUE,TRUE,data/tamil_nadu/buildings/validated/TN_NIVAR_2020_buildings.gpkg,16.33,11.705204919875841,79.74272125685216,PASS,none
TN_NIVAR_2020_018445,TN_NIVAR_2020,de87c36afa92489d,TRUE,TRUE,data/tamil_nadu/buildings/validated/TN_NIVAR_2020_buildings.gpkg,49.5,11.72678064489975,79.74485689466859,PASS,none
TN_NIVAR_2020_034158,TN_NIVAR_2020,4015ed825cf11179,TRUE,TRUE,data/tamil_nadu/buildings/validated/TN_NIVAR_2020_buildings.gpkg,95.94,11.733203224393918,79.74707312713042,PASS,none
TN_NIVAR_2020_054597,TN_NIVAR_2020,2ab3c36b05cbe5b4,TRUE,TRUE,data/tamil_nadu/buildings/validated/TN_NIVAR_2020_buildings.gpkg,18.23,11.748582575860647,79.75231870734888,PASS,none
TN_NIVAR_2020_054616,TN_NIVAR_2020,7cf62f7a065e6012,TRUE,TRUE,data/tamil_nadu/buildings/validated/TN_NIVAR_2020_buildings.gpkg,146.28,11.766521733258323,79.74965343891782,PASS,none
TN_NIVAR_2020_073709,TN_NIVAR_2020,5a759c4a1add4b0e,TRUE,TRUE,data/tamil_nadu/buildings/validated/TN_NIVAR_2020_buildings.gpkg,27.33,11.783347902194336,79.75086946801605,PASS,none
TN_NIVAR_2020_088260,TN_NIVAR_2020,eb5117dcd6a96ab0,TRUE,TRUE,data/tamil_nadu/buildings/validated/TN_NIVAR_2020_buildings.gpkg,104.74,11.803882922763789,79.74842880148921,PASS,none
TN_NIVAR_2020_005131,TN_NIVAR_2020,9c196eee193b47a8,TRUE,TRUE,data/tamil_nadu/buildings/validated/TN_NIVAR_2020_buildings.gpkg,7.29,11.684251624159575,79.7562815452338,PASS,none
TN_NIVAR_2020_005147,TN_NIVAR_2020,558dd470dad57b61,TRUE,TRUE,data/tamil_nadu/buildings/validated/TN_NIVAR_2020_buildings.gpkg,70.41,11.689796549658174,79.76413179943253,PASS,none
TN_NIVAR_2020_011955,TN_NIVAR_2020,27e0e7b7f821bef8,TRUE,TRUE,data/tamil_nadu/buildings/validated/TN_NIVAR_2020_buildings.gpkg,40.95,11.708346874121498,79.7546454209088,PASS,none
TN_NIVAR_2020_019978,TN_NIVAR_2020,cd3df09f01681e25,TRUE,TRUE,data/tamil_nadu/buildings/validated/TN_NIVAR_2020_buildings.gpkg,63.61,11.721510313137754,79.76390265760092,PASS,none
TN_NIVAR_2020_039118,TN_NIVAR_2020,36965503b9f4ead1,TRUE,TRUE,data/tamil_nadu/buildings/validated/TN_NIVAR_2020_buildings.gpkg,52.73,11.747931792133144,79.76421039692677,PASS,none
TN_NIVAR_2020_059545,TN_NIVAR_2020,424dd6de98edaeda,TRUE,TRUE,data/tamil_nadu/buildings/validated/TN_NIVAR_2020_buildings.gpkg,104.45,11.763829524524217,79.75682280143751,PASS,none
TN_NIVAR_2020_078645,TN_NIVAR_2020,0dab1ddc36dd9143,TRUE,TRUE,data/tamil_nadu/buildings/validated/TN_NIVAR_2020_buildings.gpkg,49.34,11.784555630434964,79.76466693892114,PASS,none
TN_NIVAR_2020_090642,TN_NIVAR_2020,ed3be87a6db6b238,TRUE,TRUE,data/tamil_nadu/buildings/validated/TN_NIVAR_2020_buildings.gpkg,88.24,11.793585616879765,79.76444909517751,PASS,none
TN_NIVAR_2020_102764,TN_NIVAR_2020,626749ea72e9406b,TRUE,TRUE,data/tamil_nadu/buildings/validated/TN_NIVAR_2020_buildings.gpkg,12.53,11.818024886378808,79.7560382988078,PASS,none
TN_NIVAR_2020_005146,TN_NIVAR_2020,d49e189cd3b444de,TRUE,TRUE,data/tamil_nadu/buildings/validated/TN_NIVAR_2020_buildings.gpkg,50.69,11.688054592271932,79.76939837731858,PASS,none
TN_NIVAR_2020_005155,TN_NIVAR_2020,f5e56d6ff385aa40,TRUE,TRUE,data/tamil_nadu/buildings/validated/TN_NIVAR_2020_buildings.gpkg,110.06,11.688701333739926,79.77143046184315,PASS,none
TN_NIVAR_2020_011968,TN_NIVAR_2020,ed3c5430253134d1,TRUE,TRUE,data/tamil_nadu/buildings/validated/TN_NIVAR_2020_buildings.gpkg,99.89,11.707968985795043,79.77102835333673,PASS,none
TN_NIVAR_2020_019977,TN_NIVAR_2020,be1c486d44cca2f1,TRUE,TRUE,data/tamil_nadu/buildings/validated/TN_NIVAR_2020_buildings.gpkg,97.91,11.721494533445695,79.76849589763634,PASS,none
TN_NIVAR_2020_039123,TN_NIVAR_2020,870f1ab6c1cbd97b,TRUE,TRUE,data/tamil_nadu/buildings/validated/TN_NIVAR_2020_buildings.gpkg,34.01,11.744764612990128,79.76972102485811,PASS,none
TN_NIVAR_2020_059530,TN_NIVAR_2020,22c3ebffadce88cb,TRUE,TRUE,data/tamil_nadu/buildings/validated/TN_NIVAR_2020_buildings.gpkg,132.49,11.756806320329142,79.7687316921238,PASS,none
TN_NIVAR_2020_059544,TN_NIVAR_2020,ddc21d5753993f0c,TRUE,TRUE,data/tamil_nadu/buildings/validated/TN_NIVAR_2020_buildings.gpkg,65.33,11.763464028544451,79.76613531620765,PASS,none
TN_NIVAR_2020_078634,TN_NIVAR_2020,e154d437a726c94d,TRUE,TRUE,data/tamil_nadu/buildings/validated/TN_NIVAR_2020_buildings.gpkg,22.34,11.785136900140385,79.76727070021279,PASS,none
TN_NIVAR_2020_090628,TN_NIVAR_2020,197b364014cd3272,TRUE,TRUE,data/tamil_nadu/buildings/validated/TN_NIVAR_2020_buildings.gpkg,144.97,11.795103947812398,79.77060962388994,PASS,none
TN_NIVAR_2020_102766,TN_NIVAR_2020,6d2da603021b22b0,TRUE,TRUE,data/tamil_nadu/buildings/validated/TN_NIVAR_2020_buildings.gpkg,42.73,11.819801428781078,79.76644681782405,PASS,none
TN_NIVAR_2020_024902,TN_NIVAR_2020,580a02b182f247a1,TRUE,TRUE,data/tamil_nadu/buildings/validated/TN_NIVAR_2020_buildings.gpkg,71.75,11.716477222009834,79.77815976581361,PASS,none
TN_NIVAR_2020_024903,TN_NIVAR_2020,bd3f00d150210c56,TRUE,TRUE,data/tamil_nadu/buildings/validated/TN_NIVAR_2020_buildings.gpkg,21.18,11.720403789322347,79.77800032206493,PASS,none
TN_NIVAR_2020_044068,TN_NIVAR_2020,9f4a006c48e6d400,TRUE,TRUE,data/tamil_nadu/buildings/validated/TN_NIVAR_2020_buildings.gpkg,40.41,11.745509065599302,79.78535996438903,PASS,none
TN_NIVAR_2020_064451,TN_NIVAR_2020,eb92625485125fa3,TRUE,TRUE,data/tamil_nadu/buildings/validated/TN_NIVAR_2020_buildings.gpkg,45.01,11.750399337069181,79.7839009617984,PASS,none
TN_NIVAR_2020_064463,TN_NIVAR_2020,2454c6d018fd0b3b,TRUE,TRUE,data/tamil_nadu/buildings/validated/TN_NIVAR_2020_buildings.gpkg,108.96,11.765041414938738,79.77730197786046,PASS,none
TN_NIVAR_2020_083309,TN_NIVAR_2020,57639b7496f1f9d7,TRUE,TRUE,data/tamil_nadu/buildings/validated/TN_NIVAR_2020_buildings.gpkg,58.54,11.780452821107017,79.78225046317714,PASS,none
TN_NIVAR_2020_104127,TN_NIVAR_2020,743c0a07f82cab4c,TRUE,TRUE,data/tamil_nadu/buildings/validated/TN_NIVAR_2020_buildings.gpkg,115.42,11.814263165047922,79.785967478723,PASS,none
TN_NIVAR_2020_045476,TN_NIVAR_2020,5e1268c3c4316d2e,TRUE,TRUE,data/tamil_nadu/buildings/validated/TN_NIVAR_2020_buildings.gpkg,46.09,11.747680413725723,79.78856461489214,PASS,none
TN_NIVAR_2020_064632,TN_NIVAR_2020,e50be4e82bb7f813,TRUE,TRUE,data/tamil_nadu/buildings/validated/TN_NIVAR_2020_buildings.gpkg,32.85,11.749557692383359,79.7889417853798,PASS,none
TN_NIVAR_2020_064560,TN_NIVAR_2020,87a07738a2193e16,TRUE,TRUE,data/tamil_nadu/buildings/validated/TN_NIVAR_2020_buildings.gpkg,40.69,11.766481286587709,79.78950921934523,PASS,none
TN_NIVAR_2020_084200,TN_NIVAR_2020,e31100237e8b0385,TRUE,TRUE,data/tamil_nadu/buildings/validated/TN_NIVAR_2020_buildings.gpkg,48.46,11.785348710696987,79.78926858741515,PASS,none
TN_NIVAR_2020_091901,TN_NIVAR_2020,09b7570c68a044d8,TRUE,TRUE,data/tamil_nadu/buildings/validated/TN_NIVAR_2020_buildings.gpkg,64.74,11.801673189149954,79.78905440662697,PASS,none
TN_NIVAR_2020_104137,TN_NIVAR_2020,73701059936d9efc,TRUE,TRUE,data/tamil_nadu/buildings/validated/TN_NIVAR_2020_buildings.gpkg,49.2,11.822404333466894,79.78881272347259,PASS,none
TN_NIVAR_2020_085285,TN_NIVAR_2020,ae1e91b02abbcfdd,TRUE,TRUE,data/tamil_nadu/buildings/validated/TN_NIVAR_2020_buildings.gpkg,29.13,11.785040644727411,79.80489418452063,PASS,none
TN_NIVAR_2020_107827,TN_NIVAR_2020,0cd3375a981dcbc8,TRUE,TRUE,data/tamil_nadu/buildings/validated/TN_NIVAR_2020_buildings.gpkg,26.21,11.81250849712201,79.80084840953054,PASS,none
TN_NIVAR_2020_000067,TN_NIVAR_2020,689fe7bc4ddaa1a7,TRUE,TRUE,data/tamil_nadu/buildings/validated/TN_NIVAR_2020_buildings.gpkg,31.06,11.690314158700149,79.70635389296406,PASS,none
TN_NIVAR_2020_008567,TN_NIVAR_2020,498998e05ed85bd8,TRUE,TRUE,data/tamil_nadu/buildings/validated/TN_NIVAR_2020_buildings.gpkg,78.58,11.708041943373464,79.70004841811858,PASS,none
TN_NIVAR_2020_017003,TN_NIVAR_2020,012cefc57b0ceb2d,TRUE,TRUE,data/tamil_nadu/buildings/validated/TN_NIVAR_2020_buildings.gpkg,26.64,11.721358456507218,79.6998867029132,PASS,none
TN_NIVAR_2020_029848,TN_NIVAR_2020,5561d1f9555180e6,TRUE,TRUE,data/tamil_nadu/buildings/validated/TN_NIVAR_2020_buildings.gpkg,7.73,11.735746126925378,79.70622886007337,PASS,none
TN_NIVAR_2020_048045,TN_NIVAR_2020,cfc45b3dd0df0e57,TRUE,TRUE,data/tamil_nadu/buildings/validated/TN_NIVAR_2020_buildings.gpkg,12.59,11.76267519970335,79.6980765649654,PASS,none
TN_NIVAR_2020_048059,TN_NIVAR_2020,a557ddc76500d7ad,TRUE,TRUE,data/tamil_nadu/buildings/validated/TN_NIVAR_2020_buildings.gpkg,64.48,11.76474121082998,79.70099345821512,PASS,none
TN_NIVAR_2020_069498,TN_NIVAR_2020,b9579e6e8bed7328,TRUE,TRUE,data/tamil_nadu/buildings/validated/TN_NIVAR_2020_buildings.gpkg,180.92,11.779634196833857,79.69904478017692,PASS,none
TN_NIVAR_2020_085406,TN_NIVAR_2020,83d283f281eb1fba,TRUE,TRUE,data/tamil_nadu/buildings/validated/TN_NIVAR_2020_buildings.gpkg,9.41,11.794731836537164,79.7003658822882,PASS,none
TN_NIVAR_2020_096337,TN_NIVAR_2020,93bba4103cdfa223,TRUE,TRUE,data/tamil_nadu/buildings/validated/TN_NIVAR_2020_buildings.gpkg,78.92,11.816775165170693,79.69646459357837,PASS,none
TN_NIVAR_2020_000369,TN_NIVAR_2020,ffc198614763e006,TRUE,TRUE,data/tamil_nadu/buildings/validated/TN_NIVAR_2020_buildings.gpkg,16.34,11.691020320848645,79.70960239474667,PASS,none
TN_NIVAR_2020_009461,TN_NIVAR_2020,1d14e679a0a38b40,TRUE,TRUE,data/tamil_nadu/buildings/validated/TN_NIVAR_2020_buildings.gpkg,109.06,11.70643974711781,79.71484467796385,PASS,none
TN_NIVAR_2020_016996,TN_NIVAR_2020,7f45f0efafdf695d,TRUE,TRUE,data/tamil_nadu/buildings/validated/TN_NIVAR_2020_buildings.gpkg,67.09,11.724068985511183,79.7096782243533,PASS,none
TN_NIVAR_2020_029838,TN_NIVAR_2020,ac48c8a6345c29e9,TRUE,TRUE,data/tamil_nadu/buildings/validated/TN_NIVAR_2020_buildings.gpkg,268.38,11.73808723838206,79.71463089287319,PASS,none
TN_NIVAR_2020_048069,TN_NIVAR_2020,43740ac4dfe40e52,TRUE,TRUE,data/tamil_nadu/buildings/validated/TN_NIVAR_2020_buildings.gpkg,19.95,11.76618051943513,79.71155363540171,PASS,none
TN_NIVAR_2020_069558,TN_NIVAR_2020,8b0c35cfc928519c,TRUE,TRUE,data/tamil_nadu/buildings/validated/TN_NIVAR_2020_buildings.gpkg,37.91,11.778072388908136,79.71274422893062,PASS,none
TN_NIVAR_2020_085411,TN_NIVAR_2020,77b3aad263855e04,TRUE,TRUE,data/tamil_nadu/buildings/validated/TN_NIVAR_2020_buildings.gpkg,26.34,11.796291223863534,79.71346909483879,PASS,none
TN_NIVAR_2020_096328,TN_NIVAR_2020,52278b5348b87ca7,TRUE,TRUE,data/tamil_nadu/buildings/validated/TN_NIVAR_2020_buildings.gpkg,9.0,11.813743808049908,79.7089348296149,PASS,none
TN_NIVAR_2020_000721,TN_NIVAR_2020,d45fed57b0b86d84,TRUE,TRUE,data/tamil_nadu/buildings/validated/TN_NIVAR_2020_buildings.gpkg,43.01,11.673562912155704,79.73036469478005,PASS,none
TN_NIVAR_2020_000726,TN_NIVAR_2020,46bd6e98ca9d48b4,TRUE,TRUE,data/tamil_nadu/buildings/validated/TN_NIVAR_2020_buildings.gpkg,19.17,11.690265505236713,79.72372788396822,PASS,none
TN_NIVAR_2020_010034,TN_NIVAR_2020,c9aa4c4dee500ecc,TRUE,TRUE,data/tamil_nadu/buildings/validated/TN_NIVAR_2020_buildings.gpkg,27.38,11.704888080226727,79.72861749442038,PASS,none
TN_NIVAR_2020_017770,TN_NIVAR_2020,c29ba4b6b6f3752b,TRUE,TRUE,data/tamil_nadu/buildings/validated/TN_NIVAR_2020_buildings.gpkg,9.74,11.723806078112002,79.72307973553502,PASS,none
TN_NIVAR_2020_030751,TN_NIVAR_2020,875dbc184517e904,TRUE,TRUE,data/tamil_nadu/buildings/validated/TN_NIVAR_2020_buildings.gpkg,47.18,11.74018910868709,79.7234073612269,PASS,none
TN_NIVAR_2020_097199,TN_NIVAR_2020,8ea2209d1cb64ae6,TRUE,TRUE,data/tamil_nadu/buildings/validated/TN_NIVAR_2020_buildings.gpkg,55.11,11.819317718766516,79.72781244861089,PASS,none
TN_NIVAR_2020_000802,TN_NIVAR_2020,7b4400b43be81329,TRUE,TRUE,data/tamil_nadu/buildings/validated/TN_NIVAR_2020_buildings.gpkg,117.82,11.675415087225263,79.73256500627299,PASS,none
TN_NIVAR_2020_010843,TN_NIVAR_2020,832d4e1cfd1c67e8,TRUE,TRUE,data/tamil_nadu/buildings/validated/TN_NIVAR_2020_buildings.gpkg,30.2,11.705226129551528,79.73896770191878,PASS,none
TN_NIVAR_2020_059536,TN_NIVAR_2020,f5390511f9257ac0,TRUE,TRUE,data/tamil_nadu/buildings/validated/TN_NIVAR_2020_buildings.gpkg,69.98,11.753021639268688,79.77053834234327,PASS,none
TN_NIVAR_2020_059562,TN_NIVAR_2020,05aae4eb2f37d90e,TRUE,TRUE,data/tamil_nadu/buildings/validated/TN_NIVAR_2020_buildings.gpkg,21.34,11.763420223399613,79.76593321883375,PASS,none
TN_NIVAR_2020_064470,TN_NIVAR_2020,1274851a45057ead,TRUE,TRUE,data/tamil_nadu/buildings/validated/TN_NIVAR_2020_buildings.gpkg,73.17,11.766635450458724,79.78480469773235,PASS,none
TN_NIVAR_2020_083320,TN_NIVAR_2020,bc5c4326f567fbea,TRUE,TRUE,data/tamil_nadu/buildings/validated/TN_NIVAR_2020_buildings.gpkg,69.31,11.779162298782214,79.78306880837548,PASS,none
TN_NIVAR_2020_104130,TN_NIVAR_2020,e30c530baaeca432,TRUE,TRUE,data/tamil_nadu/buildings/validated/TN_NIVAR_2020_buildings.gpkg,28.8,11.818047564086097,79.78500711143593,PASS,none
TN_NIVAR_2020_000068,TN_NIVAR_2020,41aabc65cff6ea10,TRUE,TRUE,data/tamil_nadu/buildings/validated/TN_NIVAR_2020_buildings.gpkg,46.94,11.689605149773708,79.70560046680525,PASS,none
TN_NIVAR_2020_017772,TN_NIVAR_2020,b3385c49850139d8,TRUE,TRUE,data/tamil_nadu/buildings/validated/TN_NIVAR_2020_buildings.gpkg,131.04,11.7237710764185,79.71988787569425,PASS,none
TN_NIVAR_2020_002055,TN_NIVAR_2020,3268bca52ba1c3e7,TRUE,TRUE,data/tamil_nadu/buildings/validated/TN_NIVAR_2020_buildings.gpkg,47.0,11.682393121151323,79.74338648340839,PASS,none
TN_NIVAR_2020_018447,TN_NIVAR_2020,4ef92adbeba6dbf3,TRUE,TRUE,data/tamil_nadu/buildings/validated/TN_NIVAR_2020_buildings.gpkg,326.91,11.728886961005276,79.74817498134713,PASS,none
TN_NIVAR_2020_098634,TN_NIVAR_2020,df6d401fcd286ce4,TRUE,TRUE,data/tamil_nadu/buildings/validated/TN_NIVAR_2020_buildings.gpkg,108.01,11.809891084844418,79.74276441689523,PASS,none
TN_NIVAR_2020_039120,TN_NIVAR_2020,35515e2512e97364,TRUE,TRUE,data/tamil_nadu/buildings/validated/TN_NIVAR_2020_buildings.gpkg,44.78,11.744128605819325,79.76462245218497,PASS,none
TN_NIVAR_2020_091938,TN_NIVAR_2020,2fc599b0da48a29b,TRUE,TRUE,data/tamil_nadu/buildings/validated/TN_NIVAR_2020_buildings.gpkg,16.09,11.802105140300919,79.78899568602752,PASS,none
TN_NIVAR_2020_107865,TN_NIVAR_2020,322fd7a3a891987a,TRUE,TRUE,data/tamil_nadu/buildings/validated/TN_NIVAR_2020_buildings.gpkg,66.65,11.81190924329538,79.79992209413429,PASS,none
TN_NIVAR_2020_096340,TN_NIVAR_2020,b5aaf1aed611ffcd,TRUE,TRUE,data/tamil_nadu/buildings/validated/TN_NIVAR_2020_buildings.gpkg,59.34,11.814814306763754,79.69754824919895,PASS,none
TN_NIVAR_2020_097204,TN_NIVAR_2020,b4b21bf2b135d482,TRUE,TRUE,data/tamil_nadu/buildings/validated/TN_NIVAR_2020_buildings.gpkg,15.08,11.819554430450811,79.72890916742419,PASS,none
TN_NIVAR_2020_002146,TN_NIVAR_2020,48ee8ba660d417bc,TRUE,TRUE,data/tamil_nadu/buildings/validated/TN_NIVAR_2020_buildings.gpkg,66.1,11.690717374435659,79.74183210054045,PASS,none
TN_NIVAR_2020_051823,TN_NIVAR_2020,dd3b9a7e95702d5a,TRUE,TRUE,data/tamil_nadu/buildings/validated/TN_NIVAR_2020_buildings.gpkg,163.17,11.76525087927713,79.73291761195523,PASS,none
TN_NIVAR_2020_086381,TN_NIVAR_2020,e0244b084fbc6632,TRUE,TRUE,data/tamil_nadu/buildings/validated/TN_NIVAR_2020_buildings.gpkg,75.3,11.79484007922212,79.73249594915373,PASS,none
TN_NIVAR_2020_018448,TN_NIVAR_2020,e338b743cf00c351,TRUE,TRUE,data/tamil_nadu/buildings/validated/TN_NIVAR_2020_buildings.gpkg,48.56,11.723604071269241,79.75109979801742,PASS,none
TN_NIVAR_2020_054601,TN_NIVAR_2020,d974dafb0abab49f,TRUE,TRUE,data/tamil_nadu/buildings/validated/TN_NIVAR_2020_buildings.gpkg,125.09,11.750324079164235,79.74899484836979,PASS,none
TN_NIVAR_2020_078648,TN_NIVAR_2020,177345550506cdc9,TRUE,TRUE,data/tamil_nadu/buildings/validated/TN_NIVAR_2020_buildings.gpkg,26.8,11.784129457919668,79.76589147033884,PASS,none
TN_NIVAR_2020_044075,TN_NIVAR_2020,3713ea1f1a516aef,TRUE,TRUE,data/tamil_nadu/buildings/validated/TN_NIVAR_2020_buildings.gpkg,84.15,11.745753566079395,79.78345170205269,PASS,none
TN_NIVAR_2020_083323,TN_NIVAR_2020,70283531aed1682d,TRUE,TRUE,data/tamil_nadu/buildings/validated/TN_NIVAR_2020_buildings.gpkg,59.44,11.778486715219055,79.78238915505516,PASS,none
TN_NIVAR_2020_091826,TN_NIVAR_2020,2e6f8630ac38abd7,TRUE,TRUE,data/tamil_nadu/buildings/validated/TN_NIVAR_2020_buildings.gpkg,132.66,11.797346616884848,79.77699864537558,PASS,none
TN_NIVAR_2020_104133,TN_NIVAR_2020,95591f5426490208,TRUE,TRUE,data/tamil_nadu/buildings/validated/TN_NIVAR_2020_buildings.gpkg,53.24,11.822490562216016,79.78763300265067,PASS,none
TN_NIVAR_2020_084846,TN_NIVAR_2020,ae5a44ad8d01f465,TRUE,TRUE,data/tamil_nadu/buildings/validated/TN_NIVAR_2020_buildings.gpkg,14.01,11.783635978262753,79.78881581009071,PASS,none
TN_NIVAR_2020_104156,TN_NIVAR_2020,884502f110c24f5a,TRUE,TRUE,data/tamil_nadu/buildings/validated/TN_NIVAR_2020_buildings.gpkg,69.04,11.819850054164943,79.78883133011615,PASS,none
TN_NIVAR_2020_085393,TN_NIVAR_2020,18c163dcaa664632,TRUE,TRUE,data/tamil_nadu/buildings/validated/TN_NIVAR_2020_buildings.gpkg,53.84,11.782104354483216,79.80819437160888,PASS,none
TN_NIVAR_2020_029842,TN_NIVAR_2020,ee8a8be91900e724,TRUE,TRUE,data/tamil_nadu/buildings/validated/TN_NIVAR_2020_buildings.gpkg,51.1,11.747432706131665,79.7124295350096,PASS,none
TN_NIVAR_2020_069694,TN_NIVAR_2020,469909ff3cbc2970,TRUE,TRUE,data/tamil_nadu/buildings/validated/TN_NIVAR_2020_buildings.gpkg,31.33,11.778041697702491,79.71322581600566,PASS,none
TN_NIVAR_2020_085421,TN_NIVAR_2020,81a37cce0ebfc9d6,TRUE,TRUE,data/tamil_nadu/buildings/validated/TN_NIVAR_2020_buildings.gpkg,7.29,11.796884906327543,79.70776363244718,PASS,none
TN_NIVAR_2020_017777,TN_NIVAR_2020,cdbf890ebe7314f9,TRUE,TRUE,data/tamil_nadu/buildings/validated/TN_NIVAR_2020_buildings.gpkg,28.37,11.721889134695859,79.72329598559024,PASS,none
TN_NIVAR_2020_000827,TN_NIVAR_2020,1aa9ff20f3e5e06f,TRUE,TRUE,data/tamil_nadu/buildings/validated/TN_NIVAR_2020_buildings.gpkg,17.53,11.674043786701843,79.73115104008276,PASS,none
TN_NIVAR_2020_054652,TN_NIVAR_2020,2197396f23befaab,TRUE,TRUE,data/tamil_nadu/buildings/validated/TN_NIVAR_2020_buildings.gpkg,120.84,11.765707391031277,79.74773709519272,PASS,none
TN_NIVAR_2020_005139,TN_NIVAR_2020,6cdb79198a9a3760,TRUE,TRUE,data/tamil_nadu/buildings/validated/TN_NIVAR_2020_buildings.gpkg,34.08,11.684405982214692,79.75579674282878,PASS,none
TN_NIVAR_2020_078724,TN_NIVAR_2020,1cb3cbdaad07e7a6,TRUE,TRUE,data/tamil_nadu/buildings/validated/TN_NIVAR_2020_buildings.gpkg,15.55,11.784729138167867,79.76438365389234,PASS,none
TN_NIVAR_2020_019983,TN_NIVAR_2020,636dac08e3ba18ff,TRUE,TRUE,data/tamil_nadu/buildings/validated/TN_NIVAR_2020_buildings.gpkg,39.14,11.721612452582585,79.76773129423374,PASS,none
TN_NIVAR_2020_083327,TN_NIVAR_2020,7e28728e744ebc97,TRUE,TRUE,data/tamil_nadu/buildings/validated/TN_NIVAR_2020_buildings.gpkg,48.63,11.77925635825011,79.78180039654072,PASS,none
TN_NIVAR_2020_048074,TN_NIVAR_2020,9ef689cb2a0b7250,TRUE,TRUE,data/tamil_nadu/buildings/validated/TN_NIVAR_2020_buildings.gpkg,118.47,11.76520760458602,79.70113246725691,PASS,none
TN_NIVAR_2020_096343,TN_NIVAR_2020,9d151a21bea1e744,TRUE,TRUE,data/tamil_nadu/buildings/validated/TN_NIVAR_2020_buildings.gpkg,50.66,11.81586844683136,79.69700158009488,PASS,none
TN_NIVAR_2020_048091,TN_NIVAR_2020,75bc01fa828ad1ca,TRUE,TRUE,data/tamil_nadu/buildings/validated/TN_NIVAR_2020_buildings.gpkg,20.15,11.766418708600035,79.71266201743607,PASS,none
TN_NIVAR_2020_030758,TN_NIVAR_2020,23416e2928c00777,TRUE,TRUE,data/tamil_nadu/buildings/validated/TN_NIVAR_2020_buildings.gpkg,38.11,11.740263775491645,79.72743815115903,PASS,none
TN_NIVAR_2020_051858,TN_NIVAR_2020,5f3439688ed1409a,TRUE,TRUE,data/tamil_nadu/buildings/validated/TN_NIVAR_2020_buildings.gpkg,112.2,11.765308601473624,79.73129019730743,PASS,none
TN_NIVAR_2020_034165,TN_NIVAR_2020,ac5aa009fb215805,TRUE,TRUE,data/tamil_nadu/buildings/validated/TN_NIVAR_2020_buildings.gpkg,21.22,11.738989959413177,79.74790806723783,PASS,none
TN_NIVAR_2020_059533,TN_NIVAR_2020,4722e2d344cf70ad,TRUE,TRUE,data/tamil_nadu/buildings/validated/TN_NIVAR_2020_buildings.gpkg,115.52,11.761652669668955,79.76244212036546,PASS,none
TN_NIVAR_2020_090683,TN_NIVAR_2020,aaa4ec1c77fe2070,TRUE,TRUE,data/tamil_nadu/buildings/validated/TN_NIVAR_2020_buildings.gpkg,13.89,11.803424355890616,79.75505268834186,PASS,none
TN_NIVAR_2020_019984,TN_NIVAR_2020,cb2aa3c049db0ded,TRUE,TRUE,data/tamil_nadu/buildings/validated/TN_NIVAR_2020_buildings.gpkg,31.8,11.726586264097763,79.76646432811694,PASS,none
TN_NIVAR_2020_039135,TN_NIVAR_2020,a746fa3778208bd2,TRUE,TRUE,data/tamil_nadu/buildings/validated/TN_NIVAR_2020_buildings.gpkg,60.18,11.743648193493353,79.76706606703041,PASS,none
TN_NIVAR_2020_078660,TN_NIVAR_2020,7f4123457c85a98a,TRUE,TRUE,data/tamil_nadu/buildings/validated/TN_NIVAR_2020_buildings.gpkg,138.59,11.781400596760255,79.76924215250853,PASS,none
TN_NIVAR_2020_024958,TN_NIVAR_2020,9ae8e5c4713233fb,TRUE,TRUE,data/tamil_nadu/buildings/validated/TN_NIVAR_2020_buildings.gpkg,41.62,11.718133781652329,79.77744795502042,PASS,none
TN_NIVAR_2020_104183,TN_NIVAR_2020,d334949486350bf9,TRUE,TRUE,data/tamil_nadu/buildings/validated/TN_NIVAR_2020_buildings.gpkg,66.07,11.822561857983708,79.78833619739358,PASS,none
TN_NIVAR_2020_008591,TN_NIVAR_2020,6594e10335c869f8,TRUE,TRUE,data/tamil_nadu/buildings/validated/TN_NIVAR_2020_buildings.gpkg,21.64,11.710252302453982,79.70505838864715,PASS,none
TN_NIVAR_2020_029905,TN_NIVAR_2020,533ba1112b897998,TRUE,TRUE,data/tamil_nadu/buildings/validated/TN_NIVAR_2020_buildings.gpkg,8.45,11.738197089017643,79.7032827732764,PASS,none
TN_NIVAR_2020_051863,TN_NIVAR_2020,8ed5d76b85367d17,TRUE,TRUE,data/tamil_nadu/buildings/validated/TN_NIVAR_2020_buildings.gpkg,46.15,11.766022479313632,79.72047943467908,PASS,none
TN_NIVAR_2020_097211,TN_NIVAR_2020,b6a0dc271caf516e,TRUE,TRUE,data/tamil_nadu/buildings/validated/TN_NIVAR_2020_buildings.gpkg,14.36,11.8197881923856,79.72884587677736,PASS,none
TN_NIVAR_2020_011983,TN_NIVAR_2020,02cbdc3815365f56,TRUE,TRUE,data/tamil_nadu/buildings/validated/TN_NIVAR_2020_buildings.gpkg,30.62,11.708078519277437,79.75570142903932,PASS,none
TN_NIVAR_2020_039144,TN_NIVAR_2020,0852828a204b8ad9,TRUE,TRUE,data/tamil_nadu/buildings/validated/TN_NIVAR_2020_buildings.gpkg,187.47,11.746233717685959,79.76633589845576,PASS,none
TN_NIVAR_2020_024962,TN_NIVAR_2020,6d17320c43ea9478,TRUE,TRUE,data/tamil_nadu/buildings/validated/TN_NIVAR_2020_buildings.gpkg,8.74,11.717654430664524,79.77878276176382,PASS,none
TN_NIVAR_2020_083329,TN_NIVAR_2020,3cc6805cd42700e3,TRUE,TRUE,data/tamil_nadu/buildings/validated/TN_NIVAR_2020_buildings.gpkg,37.72,11.779719613667066,79.78143162001558,PASS,none
TN_NIVAR_2020_107900,TN_NIVAR_2020,ba561c7278da19e1,TRUE,TRUE,data/tamil_nadu/buildings/validated/TN_NIVAR_2020_buildings.gpkg,27.48,11.811084995031212,79.80069986379554,PASS,none
TN_NIVAR_2020_029933,TN_NIVAR_2020,decc9fd4906b8754,TRUE,TRUE,data/tamil_nadu/buildings/validated/TN_NIVAR_2020_buildings.gpkg,9.67,11.745000065287385,79.69711048385798,PASS,none
TN_NIVAR_2020_000019,TN_NIVAR_2020,2b244a50f92ee943,TRUE,TRUE,data/tamil_nadu/buildings/validated/TN_NIVAR_2020_buildings.gpkg,37.05,11.680350779054553,79.71312225298357,PASS,none
TN_NIVAR_2020_032953,TN_NIVAR_2020,869b882d4baeb5e9,TRUE,TRUE,data/tamil_nadu/buildings/validated/TN_NIVAR_2020_buildings.gpkg,50.88,11.747980327088165,79.72217181523168,PASS,none
TN_NIVAR_2020_002105,TN_NIVAR_2020,2cf68e4a3ad5ff18,TRUE,TRUE,data/tamil_nadu/buildings/validated/TN_NIVAR_2020_buildings.gpkg,49.34,11.69175793663302,79.74589361194325,PASS,none
TN_NIVAR_2020_098650,TN_NIVAR_2020,de6572cda9a4ab43,TRUE,TRUE,data/tamil_nadu/buildings/validated/TN_NIVAR_2020_buildings.gpkg,42.49,11.817012749990548,79.75153995001995,PASS,none
TN_NIVAR_2020_005212,TN_NIVAR_2020,4e5883a3f92b0821,TRUE,TRUE,data/tamil_nadu/buildings/validated/TN_NIVAR_2020_buildings.gpkg,1882.19,11.68955040085289,79.7554469730595,PASS,none
TN_NIVAR_2020_078739,TN_NIVAR_2020,a14b5bac162476cc,TRUE,TRUE,data/tamil_nadu/buildings/validated/TN_NIVAR_2020_buildings.gpkg,50.14,11.784303285194465,79.76501225340274,PASS,none
TN_NIVAR_2020_005221,TN_NIVAR_2020,bc5c84bff526eecd,TRUE,TRUE,data/tamil_nadu/buildings/validated/TN_NIVAR_2020_buildings.gpkg,43.7,11.689510118494178,79.77071347451003,PASS,none
TN_NIVAR_2020_011993,TN_NIVAR_2020,a0ad033db726c4ed,TRUE,TRUE,data/tamil_nadu/buildings/validated/TN_NIVAR_2020_buildings.gpkg,33.88,11.707617192499134,79.76824229956871,PASS,none
TN_NIVAR_2020_019993,TN_NIVAR_2020,1697677c8f18bd32,TRUE,TRUE,data/tamil_nadu/buildings/validated/TN_NIVAR_2020_buildings.gpkg,24.07,11.727194033001902,79.76984514949929,PASS,none
TN_NIVAR_2020_083333,TN_NIVAR_2020,15c6f21ee10f19cf,TRUE,TRUE,data/tamil_nadu/buildings/validated/TN_NIVAR_2020_buildings.gpkg,31.98,11.7796284116336,79.78240327164083,PASS,none
TN_NIVAR_2020_104139,TN_NIVAR_2020,e9fe9b159a2bd3d1,TRUE,TRUE,data/tamil_nadu/buildings/validated/TN_NIVAR_2020_buildings.gpkg,100.88,11.81475998067141,79.78727923301376,PASS,none
TN_NIVAR_2020_017029,TN_NIVAR_2020,4f55272cf4855cd3,TRUE,TRUE,data/tamil_nadu/buildings/validated/TN_NIVAR_2020_buildings.gpkg,31.95,11.722722653790184,79.69997752692599,PASS,none
TN_NIVAR_2020_085416,TN_NIVAR_2020,b15dc354a803fa8c,TRUE,TRUE,data/tamil_nadu/buildings/validated/TN_NIVAR_2020_buildings.gpkg,12.0,11.796872163651,79.69689498031379,PASS,none
TN_NIVAR_2020_069745,TN_NIVAR_2020,1dd3b00e44a82ed5,TRUE,TRUE,data/tamil_nadu/buildings/validated/TN_NIVAR_2020_buildings.gpkg,31.96,11.778046182887264,79.71308780789434,PASS,none
TN_NIVAR_2020_096338,TN_NIVAR_2020,27da27dc03188807,TRUE,TRUE,data/tamil_nadu/buildings/validated/TN_NIVAR_2020_buildings.gpkg,10.28,11.813425525693924,79.71121920765866,PASS,none
TN_NIVAR_2020_010671,TN_NIVAR_2020,54120ee0f2d885c6,TRUE,TRUE,data/tamil_nadu/buildings/validated/TN_NIVAR_2020_buildings.gpkg,9.37,11.708079717681498,79.72042110251381,PASS,none
TN_NIVAR_2020_097219,TN_NIVAR_2020,b56ae4a50c0ccef8,TRUE,TRUE,data/tamil_nadu/buildings/validated/TN_NIVAR_2020_buildings.gpkg,30.23,11.819711149486308,79.72829012987759,PASS,none
TN_NIVAR_2020_017839,TN_NIVAR_2020,1661e66aaefd4c03,TRUE,TRUE,data/tamil_nadu/buildings/validated/TN_NIVAR_2020_buildings.gpkg,488.26,11.725341547422358,79.73092430268771,PASS,none
TN_NIVAR_2020_020022,TN_NIVAR_2020,c8132437f6b05a83,TRUE,TRUE,data/tamil_nadu/buildings/validated/TN_NIVAR_2020_buildings.gpkg,51.8,11.723899202946795,79.7600799829321,PASS,none
TN_NIVAR_2020_064524,TN_NIVAR_2020,6f40738119f2fc15,TRUE,TRUE,data/tamil_nadu/buildings/validated/TN_NIVAR_2020_buildings.gpkg,40.32,11.766069327395329,79.78816249322013,PASS,none
TN_NIVAR_2020_104140,TN_NIVAR_2020,ef96714ddc1d6fe9,TRUE,TRUE,data/tamil_nadu/buildings/validated/TN_NIVAR_2020_buildings.gpkg,40.79,11.809802509593135,79.7805866286889,PASS,none
TN_NIVAR_2020_085031,TN_NIVAR_2020,cd37841aac9622fd,TRUE,TRUE,data/tamil_nadu/buildings/validated/TN_NIVAR_2020_buildings.gpkg,7.16,11.781000761325803,79.79339715150081,PASS,none
TN_NIVAR_2020_048082,TN_NIVAR_2020,2b8ad1ffd3e8cde6,TRUE,TRUE,data/tamil_nadu/buildings/validated/TN_NIVAR_2020_buildings.gpkg,17.69,11.764998155207948,79.69933287930455,PASS,none
TN_NIVAR_2020_030763,TN_NIVAR_2020,296fa6d9601e78f9,TRUE,TRUE,data/tamil_nadu/buildings/validated/TN_NIVAR_2020_buildings.gpkg,28.53,11.747090878450877,79.72834479686493,PASS,none
TN_NIVAR_2020_033575,TN_NIVAR_2020,3bda51187cc457ef,TRUE,TRUE,data/tamil_nadu/buildings/validated/TN_NIVAR_2020_buildings.gpkg,81.05,11.748010449104298,79.72698205630368,PASS,none
TN_NIVAR_2020_086409,TN_NIVAR_2020,1ea8a3fc3884cfa5,TRUE,TRUE,data/tamil_nadu/buildings/validated/TN_NIVAR_2020_buildings.gpkg,36.22,11.798230009737066,79.73008647650613,PASS,none
TN_NIVAR_2020_097220,TN_NIVAR_2020,45e48e2928ca5045,TRUE,TRUE,data/tamil_nadu/buildings/validated/TN_NIVAR_2020_buildings.gpkg,44.08,11.81929846449539,79.72744526686193,PASS,none
TN_NIVAR_2020_000867,TN_NIVAR_2020,075da9b9e102687e,TRUE,TRUE,data/tamil_nadu/buildings/validated/TN_NIVAR_2020_buildings.gpkg,15.32,11.674249916035683,79.73122341747438,PASS,none
TN_NIVAR_2020_072399,TN_NIVAR_2020,d1e02c6c0bbf66b3,TRUE,TRUE,data/tamil_nadu/buildings/validated/TN_NIVAR_2020_buildings.gpkg,63.97,11.785517247837824,79.7334761800775,PASS,none
TN_NIVAR_2020_011574,TN_NIVAR_2020,b01c010a20888ddc,TRUE,TRUE,data/tamil_nadu/buildings/validated/TN_NIVAR_2020_buildings.gpkg,106.53,11.703097048898211,79.74635542869783,PASS,none
TN_NIVAR_2020_018457,TN_NIVAR_2020,47d0a3fbcacacca2,TRUE,TRUE,data/tamil_nadu/buildings/validated/TN_NIVAR_2020_buildings.gpkg,45.94,11.724836235001117,79.75182238605574,PASS,none
TN_NIVAR_2020_078683,TN_NIVAR_2020,b591d65972ea86a2,TRUE,TRUE,data/tamil_nadu/buildings/validated/TN_NIVAR_2020_buildings.gpkg,8.81,11.77932575997198,79.7710254472952,PASS,none
TN_NIVAR_2020_064530,TN_NIVAR_2020,8a159ec8c04244fe,TRUE,TRUE,data/tamil_nadu/buildings/validated/TN_NIVAR_2020_buildings.gpkg,76.28,11.764520955666221,79.77838014904194,PASS,none
TN_NIVAR_2020_083339,TN_NIVAR_2020,bbf6ad232d3c4fbc,TRUE,TRUE,data/tamil_nadu/buildings/validated/TN_NIVAR_2020_buildings.gpkg,55.63,11.77850919484455,79.78283636513521,PASS,none
TN_NIVAR_2020_091840,TN_NIVAR_2020,b490f3a6529a8525,TRUE,TRUE,data/tamil_nadu/buildings/validated/TN_NIVAR_2020_buildings.gpkg,8.32,11.796414253381904,79.77804445995969,PASS,none
TN_NIVAR_2020_065009,TN_NIVAR_2020,8788fa1fc93c32a5,TRUE,TRUE,data/tamil_nadu/buildings/validated/TN_NIVAR_2020_buildings.gpkg,21.49,11.766355912059845,79.78988250331166,PASS,none
TN_NIVAR_2020_092048,TN_NIVAR_2020,3fbebeb6bc9244cd,TRUE,TRUE,data/tamil_nadu/buildings/validated/TN_NIVAR_2020_buildings.gpkg,10.62,11.794175192413807,79.78940926155333,PASS,none
TN_NIVAR_2020_048068,TN_NIVAR_2020,1a447685c5997463,TRUE,TRUE,data/tamil_nadu/buildings/validated/TN_NIVAR_2020_buildings.gpkg,10.62,11.74981956341421,79.70684705957906,PASS,none
TN_NIVAR_2020_069509,TN_NIVAR_2020,1f6cc584a9a2d805,TRUE,TRUE,data/tamil_nadu/buildings/validated/TN_NIVAR_2020_buildings.gpkg,35.97,11.781207425895406,79.70244112068777,PASS,none
TN_NIVAR_2020_030096,TN_NIVAR_2020,49c42baa343a421d,TRUE,TRUE,data/tamil_nadu/buildings/validated/TN_NIVAR_2020_buildings.gpkg,121.51,11.747945044238634,79.7128295843411,PASS,none
TN_NIVAR_2020_011377,TN_NIVAR_2020,bfc05954085aa585,TRUE,TRUE,data/tamil_nadu/buildings/validated/TN_NIVAR_2020_buildings.gpkg,16.76,11.706817354929118,79.73760767406375,PASS,none
TN_NIVAR_2020_072418,TN_NIVAR_2020,4c6d7b65a3431aa3,TRUE,TRUE,data/tamil_nadu/buildings/validated/TN_NIVAR_2020_buildings.gpkg,32.99,11.785448231782476,79.73345235432595,PASS,none
TN_NIVAR_2020_097264,TN_NIVAR_2020,2fd4429a69378445,TRUE,TRUE,data/tamil_nadu/buildings/validated/TN_NIVAR_2020_buildings.gpkg,36.98,11.817820452398086,79.73086079953356,PASS,none
TN_NIVAR_2020_078802,TN_NIVAR_2020,356e845e35cc6cb5,TRUE,TRUE,data/tamil_nadu/buildings/validated/TN_NIVAR_2020_buildings.gpkg,85.84,11.78281090244754,79.75713972603857,PASS,none
TN_NIVAR_2020_090752,TN_NIVAR_2020,7c9b65a2cf993687,TRUE,TRUE,data/tamil_nadu/buildings/validated/TN_NIVAR_2020_buildings.gpkg,17.64,11.802393625355014,79.76372770609582,PASS,none
TN_NIVAR_2020_005197,TN_NIVAR_2020,7dde0c0b579d622e,TRUE,TRUE,data/tamil_nadu/buildings/validated/TN_NIVAR_2020_buildings.gpkg,8.04,11.682359455136874,79.76959871791605,PASS,none
TN_MANDOUS_2022_000001,TN_MANDOUS_2022,dd6553c4e8a56dcb,TRUE,TRUE,data/tamil_nadu/buildings/validated/TN_MANDOUS_2022_buildings.gpkg,16.19,12.554470293100541,80.1292338086594,PASS,none
TN_MANDOUS_2022_004652,TN_MANDOUS_2022,b612f1bf3a20d8b3,TRUE,TRUE,data/tamil_nadu/buildings/validated/TN_MANDOUS_2022_buildings.gpkg,10.51,12.576477810904734,80.12095282669912,PASS,none
TN_MANDOUS_2022_000008,TN_MANDOUS_2022,5dc79e14fd4c23f4,TRUE,TRUE,data/tamil_nadu/buildings/validated/TN_MANDOUS_2022_buildings.gpkg,115.49,12.553565328340067,80.13643559593541,PASS,none
TN_MANDOUS_2022_011832,TN_MANDOUS_2022,c298140889e9ec4d,TRUE,TRUE,data/tamil_nadu/buildings/validated/TN_MANDOUS_2022_buildings.gpkg,19.34,12.608523999825817,80.15416846704689,PASS,none
TN_MANDOUS_2022_003680,TN_MANDOUS_2022,ddd758a107791a76,TRUE,TRUE,data/tamil_nadu/buildings/validated/TN_MANDOUS_2022_buildings.gpkg,363.53,12.546925005171639,80.1672079556225,PASS,none
TN_MANDOUS_2022_018997,TN_MANDOUS_2022,0f3b08c5a1b0bb40,TRUE,TRUE,data/tamil_nadu/buildings/validated/TN_MANDOUS_2022_buildings.gpkg,50.74,12.625823248059906,80.16968608946114,PASS,none
TN_MANDOUS_2022_007513,TN_MANDOUS_2022,7175e94aa7da5001,TRUE,TRUE,data/tamil_nadu/buildings/validated/TN_MANDOUS_2022_buildings.gpkg,188.72,12.575676547161624,80.17526369636363,PASS,none
TN_MANDOUS_2022_019001,TN_MANDOUS_2022,8d084ae13592e795,TRUE,TRUE,data/tamil_nadu/buildings/validated/TN_MANDOUS_2022_buildings.gpkg,58.19,12.628806327345943,80.17300960576881,PASS,none
TN_MANDOUS_2022_028529,TN_MANDOUS_2022,bc6828d78989d0af,TRUE,TRUE,data/tamil_nadu/buildings/validated/TN_MANDOUS_2022_buildings.gpkg,11.62,12.668248539409381,80.19174791511676,PASS,none
TN_MANDOUS_2022_034393,TN_MANDOUS_2022,46fd7f378e55ad70,TRUE,TRUE,data/tamil_nadu/buildings/validated/TN_MANDOUS_2022_buildings.gpkg,6.94,12.690491637520278,80.24759588323182,PASS,none
TN_MANDOUS_2022_017495,TN_MANDOUS_2022,9501e57c775fcd0b,TRUE,TRUE,data/tamil_nadu/buildings/validated/TN_MANDOUS_2022_buildings.gpkg,24.85,12.63502298553347,80.12493678871733,PASS,none
TN_MANDOUS_2022_021957,TN_MANDOUS_2022,187b1d6e408103c5,TRUE,TRUE,data/tamil_nadu/buildings/validated/TN_MANDOUS_2022_buildings.gpkg,11.88,12.657374170041573,80.12855942903145,PASS,none
TN_MANDOUS_2022_000107,TN_MANDOUS_2022,a5fbfefe8dd29227,TRUE,TRUE,data/tamil_nadu/buildings/validated/TN_MANDOUS_2022_buildings.gpkg,251.17,12.563114854961075,80.13486397136069,PASS,none
TN_MANDOUS_2022_002396,TN_MANDOUS_2022,236b3ae5edc8f246,TRUE,TRUE,data/tamil_nadu/buildings/validated/TN_MANDOUS_2022_buildings.gpkg,78.72,12.547474523617838,80.1552887300838,PASS,none
TN_MANDOUS_2022_006497,TN_MANDOUS_2022,422acfacfb752340,TRUE,TRUE,data/tamil_nadu/buildings/validated/TN_MANDOUS_2022_buildings.gpkg,14.0,12.580121227534553,80.15003892307786,PASS,none
TN_MANDOUS_2022_028166,TN_MANDOUS_2022,1bc9e86d5f2448f0,TRUE,TRUE,data/tamil_nadu/buildings/validated/TN_MANDOUS_2022_buildings.gpkg,60.41,12.668938961778299,80.17186469485179,PASS,none
TN_MANDOUS_2022_008607,TN_MANDOUS_2022,16938abcd4f2fb38,TRUE,TRUE,data/tamil_nadu/buildings/validated/TN_MANDOUS_2022_buildings.gpkg,12.09,12.578727757840802,80.18388857250169,PASS,none
TN_MANDOUS_2022_016908,TN_MANDOUS_2022,6ecb8a5f9c05cc4e,TRUE,TRUE,data/tamil_nadu/buildings/validated/TN_MANDOUS_2022_buildings.gpkg,34.22,12.619590380203284,80.197292066158,PASS,none
TN_MANDOUS_2022_025074,TN_MANDOUS_2022,ddac9e0e71f403ad,TRUE,TRUE,data/tamil_nadu/buildings/validated/TN_MANDOUS_2022_buildings.gpkg,8.8,12.653711358759244,80.20673801148148,PASS,none
TN_MANDOUS_2022_033043,TN_MANDOUS_2022,dc7be5fe1eba92d4,TRUE,TRUE,data/tamil_nadu/buildings/validated/TN_MANDOUS_2022_buildings.gpkg,374.53,12.690954868405209,80.19629518198559,PASS,none
TN_MANDOUS_2022_011496,TN_MANDOUS_2022,eaed6e6310374e53,TRUE,TRUE,data/tamil_nadu/buildings/validated/TN_MANDOUS_2022_buildings.gpkg,47.65,12.618282936391253,80.13798774828042,PASS,none
TN_MANDOUS_2022_011779,TN_MANDOUS_2022,5fe2a61286c0ea82,TRUE,TRUE,data/tamil_nadu/buildings/validated/TN_MANDOUS_2022_buildings.gpkg,49.67,12.6204712985018,80.1338102262555,PASS,none
TN_MANDOUS_2022_017658,TN_MANDOUS_2022,9ea1e0b5bd4491b0,TRUE,TRUE,data/tamil_nadu/buildings/validated/TN_MANDOUS_2022_buildings.gpkg,45.24,12.638850017151137,80.13438950569933,PASS,none
TN_MANDOUS_2022_029106,TN_MANDOUS_2022,25787e71761b7d81,TRUE,TRUE,data/tamil_nadu/buildings/validated/TN_MANDOUS_2022_buildings.gpkg,35.09,12.694921768540938,80.13416085483725,PASS,none
TN_MANDOUS_2022_018306,TN_MANDOUS_2022,c55b0c695f730540,TRUE,TRUE,data/tamil_nadu/buildings/validated/TN_MANDOUS_2022_buildings.gpkg,69.13,12.625125742040536,80.14768192865003,PASS,none
TN_MANDOUS_2022_029563,TN_MANDOUS_2022,3e3547a4a0dedb4b,TRUE,TRUE,data/tamil_nadu/buildings/validated/TN_MANDOUS_2022_buildings.gpkg,71.25,12.692785313881027,80.15122196396162,PASS,none
TN_MANDOUS_2022_019008,TN_MANDOUS_2022,4c0d10e05ab788a1,TRUE,TRUE,data/tamil_nadu/buildings/validated/TN_MANDOUS_2022_buildings.gpkg,52.31,12.632836614341619,80.163441478265,PASS,none
TN_MANDOUS_2022_030281,TN_MANDOUS_2022,e9ead06e67bbf8ad,TRUE,TRUE,data/tamil_nadu/buildings/validated/TN_MANDOUS_2022_buildings.gpkg,66.79,12.684126183507345,80.15954751474803,PASS,none
TN_MANDOUS_2022_030458,TN_MANDOUS_2022,9ed77ba3aef340d1,TRUE,TRUE,data/tamil_nadu/buildings/validated/TN_MANDOUS_2022_buildings.gpkg,12.11,12.681898967793003,80.17379089405661,PASS,none
TN_MANDOUS_2022_019995,TN_MANDOUS_2022,9f73cd02d690683e,TRUE,TRUE,data/tamil_nadu/buildings/validated/TN_MANDOUS_2022_buildings.gpkg,57.71,12.6245608678436,80.19196866506047,PASS,none
TN_MANDOUS_2022_028560,TN_MANDOUS_2022,5466d8c1b2d31ac1,TRUE,TRUE,data/tamil_nadu/buildings/validated/TN_MANDOUS_2022_buildings.gpkg,17.81,12.66728854219336,80.18396524191758,PASS,none
TN_MANDOUS_2022_021206,TN_MANDOUS_2022,be8a9a1a52160878,TRUE,TRUE,data/tamil_nadu/buildings/validated/TN_MANDOUS_2022_buildings.gpkg,20.91,12.632481721260195,80.19972821346596,PASS,none
TN_MANDOUS_2022_004669,TN_MANDOUS_2022,28945a072cd8fd03,TRUE,TRUE,data/tamil_nadu/buildings/validated/TN_MANDOUS_2022_buildings.gpkg,10.22,12.582037077271195,80.12022515374576,PASS,none
TN_MANDOUS_2022_017532,TN_MANDOUS_2022,79356a8988156ed9,TRUE,TRUE,data/tamil_nadu/buildings/validated/TN_MANDOUS_2022_buildings.gpkg,18.6,12.635659351544165,80.12526105781673,PASS,none
TN_MANDOUS_2022_005657,TN_MANDOUS_2022,368cf73018eae4b5,TRUE,TRUE,data/tamil_nadu/buildings/validated/TN_MANDOUS_2022_buildings.gpkg,5.84,12.582769371663112,80.1327811640416,PASS,none
TN_MANDOUS_2022_018313,TN_MANDOUS_2022,89700c10da0ea899,TRUE,TRUE,data/tamil_nadu/buildings/validated/TN_MANDOUS_2022_buildings.gpkg,13.84,12.631948717725548,80.14821172273098,PASS,none
TN_MANDOUS_2022_018375,TN_MANDOUS_2022,5accb31e91d8de4f,TRUE,TRUE,data/tamil_nadu/buildings/validated/TN_MANDOUS_2022_buildings.gpkg,33.97,12.636200702631905,80.14844397499044,PASS,none
TN_MANDOUS_2022_012852,TN_MANDOUS_2022,e70edeff3202c172,TRUE,TRUE,data/tamil_nadu/buildings/validated/TN_MANDOUS_2022_buildings.gpkg,23.7,12.611163886806889,80.17550024963018,PASS,none
TN_MANDOUS_2022_028185,TN_MANDOUS_2022,a35dcf26bbf68625,TRUE,TRUE,data/tamil_nadu/buildings/validated/TN_MANDOUS_2022_buildings.gpkg,118.87,12.675677975889972,80.17129171696439,PASS,none
TN_MANDOUS_2022_021207,TN_MANDOUS_2022,3c2f6fbb0262f6f8,TRUE,TRUE,data/tamil_nadu/buildings/validated/TN_MANDOUS_2022_buildings.gpkg,44.44,12.625992593268133,80.19688589133465,PASS,none
TN_MANDOUS_2022_033046,TN_MANDOUS_2022,5bf529426ce19595,TRUE,TRUE,data/tamil_nadu/buildings/validated/TN_MANDOUS_2022_buildings.gpkg,529.04,12.689301837969454,80.19643824357544,PASS,none
TN_MANDOUS_2022_033380,TN_MANDOUS_2022,0a6b29faa6d8dcf4,TRUE,TRUE,data/tamil_nadu/buildings/validated/TN_MANDOUS_2022_buildings.gpkg,25.01,12.690495241385923,80.22229450644011,PASS,none
TN_MANDOUS_2022_017539,TN_MANDOUS_2022,58d9e6115f49ff03,TRUE,TRUE,data/tamil_nadu/buildings/validated/TN_MANDOUS_2022_buildings.gpkg,11.79,12.635905516185613,80.13073488953138,PASS,none
TN_MANDOUS_2022_000233,TN_MANDOUS_2022,7c36feb10ee26028,TRUE,TRUE,data/tamil_nadu/buildings/validated/TN_MANDOUS_2022_buildings.gpkg,57.29,12.563714990909467,80.13293486411497,PASS,none
TN_MANDOUS_2022_026577,TN_MANDOUS_2022,02e5052349aa0a27,TRUE,TRUE,data/tamil_nadu/buildings/validated/TN_MANDOUS_2022_buildings.gpkg,50.8,12.676773374416703,80.13793811644912,PASS,none
TN_MANDOUS_2022_002857,TN_MANDOUS_2022,34f7f85d61644909,TRUE,TRUE,data/tamil_nadu/buildings/validated/TN_MANDOUS_2022_buildings.gpkg,69.77,12.560808760451078,80.14692373550247,PASS,none
TN_MANDOUS_2022_008862,TN_MANDOUS_2022,89c9ddff65099903,TRUE,TRUE,data/tamil_nadu/buildings/validated/TN_MANDOUS_2022_buildings.gpkg,22.9,12.597439392953177,80.14815135143024,PASS,none
TN_MANDOUS_2022_018315,TN_MANDOUS_2022,d96efb2a51c5643d,TRUE,TRUE,data/tamil_nadu/buildings/validated/TN_MANDOUS_2022_buildings.gpkg,70.86,12.623208064550493,80.15264761864648,PASS,none
TN_MANDOUS_2022_022757,TN_MANDOUS_2022,5d06df95bfda8e2e,TRUE,TRUE,data/tamil_nadu/buildings/validated/TN_MANDOUS_2022_buildings.gpkg,14.48,12.651210283377466,80.14656601548415,PASS,none
TN_MANDOUS_2022_023668,TN_MANDOUS_2022,1fd6b8c4544373e0,TRUE,TRUE,data/tamil_nadu/buildings/validated/TN_MANDOUS_2022_buildings.gpkg,242.85,12.654194085315504,80.16042031086948,PASS,none
TN_MANDOUS_2022_030948,TN_MANDOUS_2022,d65549d0b9e562bc,TRUE,TRUE,data/tamil_nadu/buildings/validated/TN_MANDOUS_2022_buildings.gpkg,11.48,12.690829595157599,80.1878109213498,PASS,none
TN_MANDOUS_2022_021211,TN_MANDOUS_2022,2a03921bb3097b2d,TRUE,TRUE,data/tamil_nadu/buildings/validated/TN_MANDOUS_2022_buildings.gpkg,377.18,12.63417487987348,80.19837033511436,PASS,none
TN_MANDOUS_2022_025079,TN_MANDOUS_2022,3df3291db343a0eb,TRUE,TRUE,data/tamil_nadu/buildings/validated/TN_MANDOUS_2022_buildings.gpkg,53.57,12.650856387909304,80.2062594120965,PASS,none
TN_MANDOUS_2022_025386,TN_MANDOUS_2022,3ac49c8a7c55f5b7,TRUE,TRUE,data/tamil_nadu/buildings/validated/TN_MANDOUS_2022_buildings.gpkg,27.94,12.65641368647227,80.20978652839625,PASS,none
TN_MANDOUS_2022_033013,TN_MANDOUS_2022,542e98628bc139fe,TRUE,TRUE,data/tamil_nadu/buildings/validated/TN_MANDOUS_2022_buildings.gpkg,32.32,12.683556087013999,80.21159571636007,PASS,none
TN_MANDOUS_2022_000010,TN_MANDOUS_2022,efed442fbfd50ba3,TRUE,TRUE,data/tamil_nadu/buildings/validated/TN_MANDOUS_2022_buildings.gpkg,173.25,12.559913019828526,80.12338215418438,PASS,none
TN_MANDOUS_2022_011494,TN_MANDOUS_2022,d5acfb53231aa65a,TRUE,TRUE,data/tamil_nadu/buildings/validated/TN_MANDOUS_2022_buildings.gpkg,93.76,12.617414999430412,80.12545724822989,PASS,none
TN_MANDOUS_2022_011510,TN_MANDOUS_2022,59b401119568c870,TRUE,TRUE,data/tamil_nadu/buildings/validated/TN_MANDOUS_2022_buildings.gpkg,54.66,12.6194776888176,80.13385616571023,PASS,none
TN_MANDOUS_2022_018317,TN_MANDOUS_2022,b8b0da5e1c95018a,TRUE,TRUE,data/tamil_nadu/buildings/validated/TN_MANDOUS_2022_buildings.gpkg,18.44,12.62345523200156,80.14851434956663,PASS,none
TN_MANDOUS_2022_019018,TN_MANDOUS_2022,b7fc2bd7621c8a63,TRUE,TRUE,data/tamil_nadu/buildings/validated/TN_MANDOUS_2022_buildings.gpkg,97.74,12.625477845326053,80.16966931389061,PASS,none
TN_MANDOUS_2022_019006,TN_MANDOUS_2022,91347c4f5998502e,TRUE,TRUE,data/tamil_nadu/buildings/validated/TN_MANDOUS_2022_buildings.gpkg,41.25,12.638762923895573,80.16497189917682,PASS,none
TN_MANDOUS_2022_010475,TN_MANDOUS_2022,25e5e3307bd3cb35,TRUE,TRUE,data/tamil_nadu/buildings/validated/TN_MANDOUS_2022_buildings.gpkg,46.81,12.597298918351228,80.17786736021235,PASS,none
TN_MANDOUS_2022_023737,TN_MANDOUS_2022,cab467be35db676d,TRUE,TRUE,data/tamil_nadu/buildings/validated/TN_MANDOUS_2022_buildings.gpkg,222.4,12.652941430172596,80.17548457583365,PASS,none
TN_MANDOUS_2022_028572,TN_MANDOUS_2022,2681fd41a8229717,TRUE,TRUE,data/tamil_nadu/buildings/validated/TN_MANDOUS_2022_buildings.gpkg,9.53,12.667009659382295,80.18382011912591,PASS,none
TN_MANDOUS_2022_028641,TN_MANDOUS_2022,100572f839ca043a,TRUE,TRUE,data/tamil_nadu/buildings/validated/TN_MANDOUS_2022_buildings.gpkg,62.89,12.67485048213762,80.20805224741834,PASS,none
TN_MANDOUS_2022_004683,TN_MANDOUS_2022,97edd6f8e73638e9,TRUE,TRUE,data/tamil_nadu/buildings/validated/TN_MANDOUS_2022_buildings.gpkg,14.23,12.580998444671248,80.1203261733818,PASS,none
TN_MANDOUS_2022_017501,TN_MANDOUS_2022,e3483a3bf054098a,TRUE,TRUE,data/tamil_nadu/buildings/validated/TN_MANDOUS_2022_buildings.gpkg,11.98,12.629968473206238,80.1320546653833,PASS,none
TN_MANDOUS_2022_017580,TN_MANDOUS_2022,55386e07a61a7a06,TRUE,TRUE,data/tamil_nadu/buildings/validated/TN_MANDOUS_2022_buildings.gpkg,54.61,12.636968462113755,80.12532261427803,PASS,none
TN_MANDOUS_2022_021962,TN_MANDOUS_2022,97a386d38af2f57a,TRUE,TRUE,data/tamil_nadu/buildings/validated/TN_MANDOUS_2022_buildings.gpkg,15.53,12.657161552330896,80.12682885048055,PASS,none
TN_MANDOUS_2022_029031,TN_MANDOUS_2022,c09a25305fe87bf9,TRUE,TRUE,data/tamil_nadu/buildings/validated/TN_MANDOUS_2022_buildings.gpkg,107.28,12.69181749154344,80.12948377087822,PASS,none
TN_MANDOUS_2022_006028,TN_MANDOUS_2022,4a97c89cabff043a,TRUE,TRUE,data/tamil_nadu/buildings/validated/TN_MANDOUS_2022_buildings.gpkg,12.96,12.579969633774583,80.1330401308213,PASS,none
TN_MANDOUS_2022_026621,TN_MANDOUS_2022,594d4988abe28a8d,TRUE,TRUE,data/tamil_nadu/buildings/validated/TN_MANDOUS_2022_buildings.gpkg,97.75,12.676035725472016,80.13792235689665,PASS,none
TN_MANDOUS_2022_029176,TN_MANDOUS_2022,c2b34e44b70c7fc4,TRUE,TRUE,data/tamil_nadu/buildings/validated/TN_MANDOUS_2022_buildings.gpkg,18.45,12.691699739747216,80.13328590181484,PASS,none
TN_MANDOUS_2022_027121,TN_MANDOUS_2022,02b0912819006ed1,TRUE,TRUE,data/tamil_nadu/buildings/validated/TN_MANDOUS_2022_buildings.gpkg,132.8,12.674176157630239,80.14902849158503,PASS,none
TN_MANDOUS_2022_003744,TN_MANDOUS_2022,d8f597c97a15c6ec,TRUE,TRUE,data/tamil_nadu/buildings/validated/TN_MANDOUS_2022_buildings.gpkg,45.36,12.563062921020487,80.16796466115039,PASS,none
TN_MANDOUS_2022_012853,TN_MANDOUS_2022,9ede762a72244d5c,TRUE,TRUE,data/tamil_nadu/buildings/validated/TN_MANDOUS_2022_buildings.gpkg,30.9,12.617751961672743,80.16321486361873,PASS,none
TN_MANDOUS_2022_023725,TN_MANDOUS_2022,b4254c6a188800a3,TRUE,TRUE,data/tamil_nadu/buildings/validated/TN_MANDOUS_2022_buildings.gpkg,160.78,12.654591127663458,80.16048747812228,PASS,none
TN_MANDOUS_2022_003690,TN_MANDOUS_2022,b764e154252bd83e,TRUE,TRUE,data/tamil_nadu/buildings/validated/TN_MANDOUS_2022_buildings.gpkg,775.58,12.55502768210004,80.17494583279083,PASS,none
TN_MANDOUS_2022_030836,TN_MANDOUS_2022,a73850e9fa4eefdc,TRUE,TRUE,data/tamil_nadu/buildings/validated/TN_MANDOUS_2022_buildings.gpkg,68.7,12.682930707788802,80.17445596368907,PASS,none
TN_MANDOUS_2022_020214,TN_MANDOUS_2022,5848a5a4c3cb41f0,TRUE,TRUE,data/tamil_nadu/buildings/validated/TN_MANDOUS_2022_buildings.gpkg,79.2,12.636032817632241,80.19344668254502,PASS,none
TN_MANDOUS_2022_028583,TN_MANDOUS_2022,0182b4426ed1057f,TRUE,TRUE,data/tamil_nadu/buildings/validated/TN_MANDOUS_2022_buildings.gpkg,13.3,12.671175687800954,80.19374734752945,PASS,none
TN_MANDOUS_2022_000023,TN_MANDOUS_2022,aeeec2aa4545b536,TRUE,TRUE,data/tamil_nadu/buildings/validated/TN_MANDOUS_2022_buildings.gpkg,20.41,12.564074473729505,80.1317498459147,PASS,none
TN_MANDOUS_2022_011500,TN_MANDOUS_2022,5cc96b95429cb25e,TRUE,TRUE,data/tamil_nadu/buildings/validated/TN_MANDOUS_2022_buildings.gpkg,67.0,12.61907574696736,80.1253822029632,PASS,none
TN_MANDOUS_2022_011516,TN_MANDOUS_2022,c1dc48da6e1cc9f7,TRUE,TRUE,data/tamil_nadu/buildings/validated/TN_MANDOUS_2022_buildings.gpkg,33.33,12.612259966184833,80.13242408763693,PASS,none
TN_MANDOUS_2022_008867,TN_MANDOUS_2022,7ba5958c7b59aa5f,TRUE,TRUE,data/tamil_nadu/buildings/validated/TN_MANDOUS_2022_buildings.gpkg,88.39,12.591261850925942,80.1491777562619,PASS,none
TN_MANDOUS_2022_019014,TN_MANDOUS_2022,97b6d606bb2d2b2b,TRUE,TRUE,data/tamil_nadu/buildings/validated/TN_MANDOUS_2022_buildings.gpkg,49.15,12.637645203026358,80.16491518271287,PASS,none
TN_MANDOUS_2022_028271,TN_MANDOUS_2022,2431505c4dfc1135,TRUE,TRUE,data/tamil_nadu/buildings/validated/TN_MANDOUS_2022_buildings.gpkg,20.67,12.676504192151707,80.15840403623919,PASS,none
TN_MANDOUS_2022_003691,TN_MANDOUS_2022,2b5f960a2806438c,TRUE,TRUE,data/tamil_nadu/buildings/validated/TN_MANDOUS_2022_buildings.gpkg,93.4,12.552325041321962,80.17332030550833,PASS,none
TN_MANDOUS_2022_012863,TN_MANDOUS_2022,fb04cbc1318d3003,TRUE,TRUE,data/tamil_nadu/buildings/validated/TN_MANDOUS_2022_buildings.gpkg,14.45,12.615157613642456,80.17199721108682,PASS,none
TN_MANDOUS_2022_028567,TN_MANDOUS_2022,d2fb4ea0e9788eae,TRUE,TRUE,data/tamil_nadu/buildings/validated/TN_MANDOUS_2022_buildings.gpkg,23.61,12.663567910275507,80.18744075056169,PASS,none
TN_MANDOUS_2022_033022,TN_MANDOUS_2022,035e638ce6adccaa,TRUE,TRUE,data/tamil_nadu/buildings/validated/TN_MANDOUS_2022_buildings.gpkg,11.44,12.681651018970628,80.21296305088495,PASS,none
TN_MANDOUS_2022_011502,TN_MANDOUS_2022,4a40321b80297146,TRUE,TRUE,data/tamil_nadu/buildings/validated/TN_MANDOUS_2022_buildings.gpkg,8.26,12.61866807621728,80.1271010579833,PASS,none
TN_MANDOUS_2022_029034,TN_MANDOUS_2022,ee05ddf840288354,TRUE,TRUE,data/tamil_nadu/buildings/validated/TN_MANDOUS_2022_buildings.gpkg,63.68,12.691490443809728,80.12908982840217,PASS,none
TN_MANDOUS_2022_013116,TN_MANDOUS_2022,9dfd5965e4643d5c,TRUE,TRUE,data/tamil_nadu/buildings/validated/TN_MANDOUS_2022_buildings.gpkg,34.86,12.605300032511314,80.165973734166,PASS,none
TN_MANDOUS_2022_019024,TN_MANDOUS_2022,309aef6fdf87d447,TRUE,TRUE,data/tamil_nadu/buildings/validated/TN_MANDOUS_2022_buildings.gpkg,40.49,12.634430804466732,80.16394703712325,PASS,none
TN_MANDOUS_2022_030954,TN_MANDOUS_2022,26a2cc45e23a920e,TRUE,TRUE,data/tamil_nadu/buildings/validated/TN_MANDOUS_2022_buildings.gpkg,124.81,12.692993605759627,80.18579441311729,PASS,none
TN_MANDOUS_2022_021224,TN_MANDOUS_2022,3ac2106330e2eb56,TRUE,TRUE,data/tamil_nadu/buildings/validated/TN_MANDOUS_2022_buildings.gpkg,847.2,12.637973276123164,80.19847494196269,PASS,none
TN_MANDOUS_2022_008666,TN_MANDOUS_2022,1c9767adabe1d68b,TRUE,TRUE,data/tamil_nadu/buildings/validated/TN_MANDOUS_2022_buildings.gpkg,8.54,12.5914751137472,80.12995142929402,PASS,none
TN_MANDOUS_2022_022777,TN_MANDOUS_2022,04d49d70ff64e397,TRUE,TRUE,data/tamil_nadu/buildings/validated/TN_MANDOUS_2022_buildings.gpkg,56.05,12.652443290405529,80.141058828614,PASS,none
TN_MANDOUS_2022_026726,TN_MANDOUS_2022,8a640b5edec561b5,TRUE,TRUE,data/tamil_nadu/buildings/validated/TN_MANDOUS_2022_buildings.gpkg,23.19,12.676072767396423,80.13845455928833,PASS,none
TN_MANDOUS_2022_006700,TN_MANDOUS_2022,a08a2b1f9ee8cdb9,TRUE,TRUE,data/tamil_nadu/buildings/validated/TN_MANDOUS_2022_buildings.gpkg,87.15,12.58015274672987,80.15621118343444,PASS,none
TN_MANDOUS_2022_019029,TN_MANDOUS_2022,9df1ef88699e5550,TRUE,TRUE,data/tamil_nadu/buildings/validated/TN_MANDOUS_2022_buildings.gpkg,310.23,12.633364299698131,80.17323570741743,PASS,none
TN_MANDOUS_2022_033081,TN_MANDOUS_2022,785bf1c4dbadaabf,TRUE,TRUE,data/tamil_nadu/buildings/validated/TN_MANDOUS_2022_buildings.gpkg,15.7,12.679192920893795,80.2107937945956,PASS,none
TN_MANDOUS_2022_026760,TN_MANDOUS_2022,572ca1d755bcc1a2,TRUE,TRUE,data/tamil_nadu/buildings/validated/TN_MANDOUS_2022_buildings.gpkg,13.06,12.676007680302702,80.1379973429903,PASS,none
TN_MANDOUS_2022_008877,TN_MANDOUS_2022,784aa517250fbc67,TRUE,TRUE,data/tamil_nadu/buildings/validated/TN_MANDOUS_2022_buildings.gpkg,6.12,12.596300586492351,80.14962531906957,PASS,none
TN_MANDOUS_2022_010525,TN_MANDOUS_2022,93533a5a68981897,TRUE,TRUE,data/tamil_nadu/buildings/validated/TN_MANDOUS_2022_buildings.gpkg,170.5,12.591822719555719,80.1825167076762,PASS,none
TN_MANDOUS_2022_019084,TN_MANDOUS_2022,5a25ed896f12ff80,TRUE,TRUE,data/tamil_nadu/buildings/validated/TN_MANDOUS_2022_buildings.gpkg,70.85,12.638335709572404,80.1734869820149,PASS,none
TN_MANDOUS_2022_021229,TN_MANDOUS_2022,4cae9a09d53b865e,TRUE,TRUE,data/tamil_nadu/buildings/validated/TN_MANDOUS_2022_buildings.gpkg,18.11,12.636965842848177,80.1974709153957,PASS,none
TN_MANDOUS_2022_033108,TN_MANDOUS_2022,13ea92fb9f0e4ff4,TRUE,TRUE,data/tamil_nadu/buildings/validated/TN_MANDOUS_2022_buildings.gpkg,88.65,12.69083393400125,80.19686162447933,PASS,none
TN_MANDOUS_2022_025852,TN_MANDOUS_2022,9e0d2360bb53a78d,TRUE,TRUE,data/tamil_nadu/buildings/validated/TN_MANDOUS_2022_buildings.gpkg,85.17,12.653821346364177,80.20929886626679,PASS,none
TN_MANDOUS_2022_030950,TN_MANDOUS_2022,16e8b0084af826cc,TRUE,TRUE,data/tamil_nadu/buildings/validated/TN_MANDOUS_2022_buildings.gpkg,67.39,12.691818003835406,80.1796494681958,PASS,none
TN_MANDOUS_2022_004705,TN_MANDOUS_2022,d1248bcb66fd12f2,TRUE,TRUE,data/tamil_nadu/buildings/validated/TN_MANDOUS_2022_buildings.gpkg,25.52,12.582074314648791,80.12094760782462,PASS,none
TN_MANDOUS_2022_021970,TN_MANDOUS_2022,b333130c2b2f7511,TRUE,TRUE,data/tamil_nadu/buildings/validated/TN_MANDOUS_2022_buildings.gpkg,74.97,12.654209677415034,80.12041725660048,PASS,none
TN_MANDOUS_2022_029039,TN_MANDOUS_2022,dc3c85d022f9fabc,TRUE,TRUE,data/tamil_nadu/buildings/validated/TN_MANDOUS_2022_buildings.gpkg,28.43,12.692675543018929,80.12765520960042,PASS,none
TN_MANDOUS_2022_022788,TN_MANDOUS_2022,700b78d301d3b8e6,TRUE,TRUE,data/tamil_nadu/buildings/validated/TN_MANDOUS_2022_buildings.gpkg,78.07,12.652084695649593,80.14114769036246,PASS,none
TN_MANDOUS_2022_018593,TN_MANDOUS_2022,0fe0b39fc9503ad8,TRUE,TRUE,data/tamil_nadu/buildings/validated/TN_MANDOUS_2022_buildings.gpkg,12.01,12.637602501786743,80.15098354722701,PASS,none
TN_MANDOUS_2022_019053,TN_MANDOUS_2022,9d6ac4c301ab810d,TRUE,TRUE,data/tamil_nadu/buildings/validated/TN_MANDOUS_2022_buildings.gpkg,34.07,12.635715126295795,80.16362270142763,PASS,none
TN_MANDOUS_2022_010535,TN_MANDOUS_2022,145df492b8347770,TRUE,TRUE,data/tamil_nadu/buildings/validated/TN_MANDOUS_2022_buildings.gpkg,15.54,12.599237709265058,80.18310046138627,PASS,none
TN_MANDOUS_2022_014400,TN_MANDOUS_2022,3c5490ce015f055b,TRUE,TRUE,data/tamil_nadu/buildings/validated/TN_MANDOUS_2022_buildings.gpkg,7.09,12.620182714398421,80.19023896550051,PASS,none
TN_MANDOUS_2022_021233,TN_MANDOUS_2022,baf819d6d3006294,TRUE,TRUE,data/tamil_nadu/buildings/validated/TN_MANDOUS_2022_buildings.gpkg,217.19,12.627037602745363,80.19687588339984,PASS,none
TN_MANDOUS_2022_028683,TN_MANDOUS_2022,3fd01ccfedbdfbfe,TRUE,TRUE,data/tamil_nadu/buildings/validated/TN_MANDOUS_2022_buildings.gpkg,25.3,12.667659589074992,80.2069821825994,PASS,none
TN_MANDOUS_2022_004710,TN_MANDOUS_2022,7ea16bf9346daaeb,TRUE,TRUE,data/tamil_nadu/buildings/validated/TN_MANDOUS_2022_buildings.gpkg,12.81,12.582016565286564,80.12169343399651,PASS,none
TN_MANDOUS_2022_011521,TN_MANDOUS_2022,d33eeefd9b37ed69,TRUE,TRUE,data/tamil_nadu/buildings/validated/TN_MANDOUS_2022_buildings.gpkg,23.84,12.617903981793505,80.12497804383901,PASS,none
TN_MANDOUS_2022_017517,TN_MANDOUS_2022,36829b4190be3b4b,TRUE,TRUE,data/tamil_nadu/buildings/validated/TN_MANDOUS_2022_buildings.gpkg,52.67,12.634253463814797,80.12453110477865,PASS,none
TN_MANDOUS_2022_017632,TN_MANDOUS_2022,f100476532ad8147,TRUE,TRUE,data/tamil_nadu/buildings/validated/TN_MANDOUS_2022_buildings.gpkg,74.55,12.636253633390568,80.1267397402146,PASS,none
TN_MANDOUS_2022_011505,TN_MANDOUS_2022,07c9d7c1011ecaaa,TRUE,TRUE,data/tamil_nadu/buildings/validated/TN_MANDOUS_2022_buildings.gpkg,70.85,12.603978113791252,80.13344667927485,PASS,none
TN_MANDOUS_2022_017525,TN_MANDOUS_2022,484ea7621e3cc746,TRUE,TRUE,data/tamil_nadu/buildings/validated/TN_MANDOUS_2022_buildings.gpkg,54.68,12.627363437028288,80.1383644536656,PASS,none
TN_MANDOUS_2022_011852,TN_MANDOUS_2022,0daa366364dcd027,TRUE,TRUE,data/tamil_nadu/buildings/validated/TN_MANDOUS_2022_buildings.gpkg,36.6,12.608479712424561,80.15297558073401,PASS,none
TN_MANDOUS_2022_022817,TN_MANDOUS_2022,fc381aaf2e05430a,TRUE,TRUE,data/tamil_nadu/buildings/validated/TN_MANDOUS_2022_buildings.gpkg,23.53,12.65138931012804,80.14670476189366,PASS,none
TN_MANDOUS_2022_003719,TN_MANDOUS_2022,0f77fd0952ca95a0,TRUE,TRUE,data/tamil_nadu/buildings/validated/TN_MANDOUS_2022_buildings.gpkg,19.24,12.55277353364797,80.16446921796421,PASS,none
TN_MANDOUS_2022_013203,TN_MANDOUS_2022,0f66204bfa76c4a6,TRUE,TRUE,data/tamil_nadu/buildings/validated/TN_MANDOUS_2022_buildings.gpkg,562.9,12.6022235021356,80.16926043843709,PASS,none
TN_MANDOUS_2022_019048,TN_MANDOUS_2022,d2a9d6ff80f83bf5,TRUE,TRUE,data/tamil_nadu/buildings/validated/TN_MANDOUS_2022_buildings.gpkg,40.53,12.62331285397017,80.16112311789011,PASS,none
TN_MANDOUS_2022_028347,TN_MANDOUS_2022,6566a0867896cb52,TRUE,TRUE,data/tamil_nadu/buildings/validated/TN_MANDOUS_2022_buildings.gpkg,18.41,12.67624994953265,80.1639296727097,PASS,none
TN_MANDOUS_2022_030299,TN_MANDOUS_2022,30b46a34c0c7a092,TRUE,TRUE,data/tamil_nadu/buildings/validated/TN_MANDOUS_2022_buildings.gpkg,28.02,12.685107590804652,80.15880614826817,PASS,none
TN_MANDOUS_2022_010469,TN_MANDOUS_2022,5ed25df58dfec51a,TRUE,TRUE,data/tamil_nadu/buildings/validated/TN_MANDOUS_2022_buildings.gpkg,26.95,12.594292122983006,80.18842284782234,PASS,none
TN_MANDOUS_2022_020006,TN_MANDOUS_2022,c8d7b4cfe33638e5,TRUE,TRUE,data/tamil_nadu/buildings/validated/TN_MANDOUS_2022_buildings.gpkg,76.02,12.625564362478617,80.1929593088072,PASS,none
TN_MANDOUS_2022_028603,TN_MANDOUS_2022,802d1a0c4464a616,TRUE,TRUE,data/tamil_nadu/buildings/validated/TN_MANDOUS_2022_buildings.gpkg,91.35,12.66346410297722,80.18748701470902,PASS,none
TN_MANDOUS_2022_025105,TN_MANDOUS_2022,b52721fb69b14488,TRUE,TRUE,data/tamil_nadu/buildings/validated/TN_MANDOUS_2022_buildings.gpkg,27.56,12.655989730385814,80.2052153085631,PASS,none
TN_MANDOUS_2022_033158,TN_MANDOUS_2022,863112305c5948a2,TRUE,TRUE,data/tamil_nadu/buildings/validated/TN_MANDOUS_2022_buildings.gpkg,26.35,12.688882684541515,80.19677087794673,PASS,none
TN_MANDOUS_2022_008679,TN_MANDOUS_2022,2763e1a5d802555b,TRUE,TRUE,data/tamil_nadu/buildings/validated/TN_MANDOUS_2022_buildings.gpkg,31.06,12.591829971245438,80.12378995173518,PASS,none
TN_MANDOUS_2022_011524,TN_MANDOUS_2022,a41e05319aec9ca1,TRUE,TRUE,data/tamil_nadu/buildings/validated/TN_MANDOUS_2022_buildings.gpkg,76.0,12.615513504514674,80.12048545215401,PASS,none
TN_MANDOUS_2022_018167,TN_MANDOUS_2022,a703a8a127cbff19,TRUE,TRUE,data/tamil_nadu/buildings/validated/TN_MANDOUS_2022_buildings.gpkg,21.86,12.639061384069604,80.13564398483516,PASS,none
TN_MANDOUS_2022_002435,TN_MANDOUS_2022,4b665e7dc98c1489,TRUE,TRUE,data/tamil_nadu/buildings/validated/TN_MANDOUS_2022_buildings.gpkg,22.31,12.546349761905178,80.15445861364016,PASS,none
TN_MANDOUS_2022_006813,TN_MANDOUS_2022,8a8cad5e9294ba55,TRUE,TRUE,data/tamil_nadu/buildings/validated/TN_MANDOUS_2022_buildings.gpkg,31.49,12.58035254179736,80.15713564422049,PASS,none
TN_MANDOUS_2022_011859,TN_MANDOUS_2022,4dbd65c60b3c3e0e,TRUE,TRUE,data/tamil_nadu/buildings/validated/TN_MANDOUS_2022_buildings.gpkg,75.01,12.608792075272383,80.1527956446107,PASS,none
TN_MANDOUS_2022_029579,TN_MANDOUS_2022,ba37b442e6983ad8,TRUE,TRUE,data/tamil_nadu/buildings/validated/TN_MANDOUS_2022_buildings.gpkg,35.16,12.683904393671675,80.15586604104776,PASS,none
TN_MANDOUS_2022_030301,TN_MANDOUS_2022,79e557fc196cd822,TRUE,TRUE,data/tamil_nadu/buildings/validated/TN_MANDOUS_2022_buildings.gpkg,68.81,12.684584314182173,80.15974837668837,PASS,none
TN_MANDOUS_2022_019104,TN_MANDOUS_2022,b5e98c1b4cb76994,TRUE,TRUE,data/tamil_nadu/buildings/validated/TN_MANDOUS_2022_buildings.gpkg,35.47,12.638751511720995,80.17349747813718,PASS,none
TN_MANDOUS_2022_024764,TN_MANDOUS_2022,fe7c734dcce95e84,TRUE,TRUE,data/tamil_nadu/buildings/validated/TN_MANDOUS_2022_buildings.gpkg,98.45,12.651505226436106,80.17491622000641,PASS,none
TN_MANDOUS_2022_010470,TN_MANDOUS_2022,5cb4ba99236ae01b,TRUE,TRUE,data/tamil_nadu/buildings/validated/TN_MANDOUS_2022_buildings.gpkg,42.06,12.59378036265661,80.18907298990541,PASS,none
TN_MANDOUS_2022_028604,TN_MANDOUS_2022,d90942cd57eeb249,TRUE,TRUE,data/tamil_nadu/buildings/validated/TN_MANDOUS_2022_buildings.gpkg,10.56,12.663521909140496,80.18754963257037,PASS,none
TN_MANDOUS_2022_033165,TN_MANDOUS_2022,a073f35297b34f05,TRUE,TRUE,data/tamil_nadu/buildings/validated/TN_MANDOUS_2022_buildings.gpkg,183.42,12.688654553548911,80.19647354801931,PASS,none
TN_MANDOUS_2022_017673,TN_MANDOUS_2022,accf514950431e52,TRUE,TRUE,data/tamil_nadu/buildings/validated/TN_MANDOUS_2022_buildings.gpkg,25.56,12.635667588485468,80.12662319083641,PASS,none
TN_MANDOUS_2022_021974,TN_MANDOUS_2022,0887654a50188810,TRUE,TRUE,data/tamil_nadu/buildings/validated/TN_MANDOUS_2022_buildings.gpkg,33.62,12.654544905443647,80.11995806804089,PASS,none
TN_MANDOUS_2022_029466,TN_MANDOUS_2022,d94c492c4a5335a6,TRUE,TRUE,data/tamil_nadu/buildings/validated/TN_MANDOUS_2022_buildings.gpkg,14.75,12.69152989110748,80.13781732696738,PASS,none
TN_MANDOUS_2022_018352,TN_MANDOUS_2022,abadacc7af06f01c,TRUE,TRUE,data/tamil_nadu/buildings/validated/TN_MANDOUS_2022_buildings.gpkg,88.09,12.62536606221486,80.1491030238018,PASS,none
TN_MANDOUS_2022_003939,TN_MANDOUS_2022,6e43d2f7af7537be,TRUE,TRUE,data/tamil_nadu/buildings/validated/TN_MANDOUS_2022_buildings.gpkg,215.14,12.562320877145767,80.1710970154855,PASS,none
TN_MANDOUS_2022_012893,TN_MANDOUS_2022,4f41eeba7005e455,TRUE,TRUE,data/tamil_nadu/buildings/validated/TN_MANDOUS_2022_buildings.gpkg,121.34,12.615698497555197,80.17499238769997,PASS,none
TN_MANDOUS_2022_014405,TN_MANDOUS_2022,642d3672b5f55104,TRUE,TRUE,data/tamil_nadu/buildings/validated/TN_MANDOUS_2022_buildings.gpkg,15.45,12.61400926223836,80.19073557222765,PASS,none
TN_MANDOUS_2022_021415,TN_MANDOUS_2022,3fb89584c241c6cb,TRUE,TRUE,data/tamil_nadu/buildings/validated/TN_MANDOUS_2022_buildings.gpkg,45.63,12.636203485292027,80.19627875906751,PASS,none
TN_MANDOUS_2022_016939,TN_MANDOUS_2022,262c740bb00f7695,TRUE,TRUE,data/tamil_nadu/buildings/validated/TN_MANDOUS_2022_buildings.gpkg,64.79,12.618558077351192,80.19739487596549,PASS,none
TN_MANDOUS_2022_021239,TN_MANDOUS_2022,8ca914182b77f9a5,TRUE,TRUE,data/tamil_nadu/buildings/validated/TN_MANDOUS_2022_buildings.gpkg,216.15,12.638042298228914,80.20176111155057,PASS,none
TN_MANDOUS_2022_022832,TN_MANDOUS_2022,6138a810cb6d34b5,TRUE,TRUE,data/tamil_nadu/buildings/validated/TN_MANDOUS_2022_buildings.gpkg,20.9,12.653481995984368,80.14373103450258,PASS,none
TN_MANDOUS_2022_027187,TN_MANDOUS_2022,50b98a4b8a94597c,TRUE,TRUE,data/tamil_nadu/buildings/validated/TN_MANDOUS_2022_buildings.gpkg,43.01,12.674876137611875,80.14731651082253,PASS,none
TN_SOUTHERN_FLOOD_2023_150703,TN_SOUTHERN_FLOOD_2023,1fe910bd03f1d0c4,TRUE,TRUE,data/tamil_nadu/buildings/validated/TN_SOUTHERN_FLOOD_2023_buildings.gpkg,120.43,8.784471842403136,77.71705980715387,PASS,none
TN_SOUTHERN_FLOOD_2023_145867,TN_SOUTHERN_FLOOD_2023,0cc2eb2cb0327202,TRUE,TRUE,data/tamil_nadu/buildings/validated/TN_SOUTHERN_FLOOD_2023_buildings.gpkg,44.3,8.761825251683952,77.77444458425828,PASS,none
TN_SOUTHERN_FLOOD_2023_160408,TN_SOUTHERN_FLOOD_2023,841a86ae6d52b5e1,TRUE,TRUE,data/tamil_nadu/buildings/validated/TN_SOUTHERN_FLOOD_2023_buildings.gpkg,87.92,8.796164923789805,77.71842009766202,PASS,none
TN_SOUTHERN_FLOOD_2023_168797,TN_SOUTHERN_FLOOD_2023,9ed797792f9108da,TRUE,TRUE,data/tamil_nadu/buildings/validated/TN_SOUTHERN_FLOOD_2023_buildings.gpkg,6.68,8.799452361799846,77.7734232245739,PASS,none
TN_SOUTHERN_FLOOD_2023_150024,TN_SOUTHERN_FLOOD_2023,dba975da80a5877d,TRUE,TRUE,data/tamil_nadu/buildings/validated/TN_SOUTHERN_FLOOD_2023_buildings.gpkg,130.77,8.783556253000633,77.69108402332661,PASS,none
TN_SOUTHERN_FLOOD_2023_159062,TN_SOUTHERN_FLOOD_2023,1f209c7859ccf528,TRUE,TRUE,data/tamil_nadu/buildings/validated/TN_SOUTHERN_FLOOD_2023_buildings.gpkg,28.09,8.791633228339888,77.64277066368938,PASS,none
TN_SOUTHERN_FLOOD_2023_159781,TN_SOUTHERN_FLOOD_2023,86e92dd8110e763d,TRUE,TRUE,data/tamil_nadu/buildings/validated/TN_SOUTHERN_FLOOD_2023_buildings.gpkg,114.85,8.80499776004989,77.66003318558491,PASS,none
TN_SOUTHERN_FLOOD_2023_150037,TN_SOUTHERN_FLOOD_2023,41227d345d25ea9d,TRUE,TRUE,data/tamil_nadu/buildings/validated/TN_SOUTHERN_FLOOD_2023_buildings.gpkg,18.85,8.782004433260935,77.69122195309912,PASS,none
TN_SOUTHERN_FLOOD_2023_139067,TN_SOUTHERN_FLOOD_2023,07971cbf4f30d835,TRUE,TRUE,data/tamil_nadu/buildings/validated/TN_SOUTHERN_FLOOD_2023_buildings.gpkg,122.08,8.766575007365962,77.71319376313173,PASS,none
TN_SOUTHERN_FLOOD_2023_156903,TN_SOUTHERN_FLOOD_2023,5966b7435b13e2e5,TRUE,TRUE,data/tamil_nadu/buildings/validated/TN_SOUTHERN_FLOOD_2023_buildings.gpkg,42.87,8.785365725443866,77.75436522318238,PASS,none
TN_SOUTHERN_FLOOD_2023_157874,TN_SOUTHERN_FLOOD_2023,d1e5f8a9c2d30458,TRUE,TRUE,data/tamil_nadu/buildings/validated/TN_SOUTHERN_FLOOD_2023_buildings.gpkg,8.81,8.775367865460833,77.76871674317499,PASS,none
TN_SOUTHERN_FLOOD_2023_168799,TN_SOUTHERN_FLOOD_2023,19c7720c316bce63,TRUE,TRUE,data/tamil_nadu/buildings/validated/TN_SOUTHERN_FLOOD_2023_buildings.gpkg,62.66,8.793249053689973,77.77340096453847,PASS,none
TN_SOUTHERN_FLOOD_2023_158843,TN_SOUTHERN_FLOOD_2023,02420040956caa91,TRUE,TRUE,data/tamil_nadu/buildings/validated/TN_SOUTHERN_FLOOD_2023_buildings.gpkg,34.09,8.792926722236581,77.6284631891887,PASS,none
TN_SOUTHERN_FLOOD_2023_160177,TN_SOUTHERN_FLOOD_2023,2fcd214aed4030cc,TRUE,TRUE,data/tamil_nadu/buildings/validated/TN_SOUTHERN_FLOOD_2023_buildings.gpkg,52.51,8.7945400935654,77.67531732495323,PASS,none
TN_SOUTHERN_FLOOD_2023_160300,TN_SOUTHERN_FLOOD_2023,b265e85230902ada,TRUE,TRUE,data/tamil_nadu/buildings/validated/TN_SOUTHERN_FLOOD_2023_buildings.gpkg,20.51,8.797881794343265,77.69427187259802,PASS,none
TN_SOUTHERN_FLOOD_2023_150710,TN_SOUTHERN_FLOOD_2023,f95990242ba01b89,TRUE,TRUE,data/tamil_nadu/buildings/validated/TN_SOUTHERN_FLOOD_2023_buildings.gpkg,132.27,8.776710072759629,77.70920285411745,PASS,none
TN_SOUTHERN_FLOOD_2023_158845,TN_SOUTHERN_FLOOD_2023,79e45183b351e21e,TRUE,TRUE,data/tamil_nadu/buildings/validated/TN_SOUTHERN_FLOOD_2023_buildings.gpkg,28.62,8.792068485202257,77.62963652141151,PASS,none
TN_SOUTHERN_FLOOD_2023_159790,TN_SOUTHERN_FLOOD_2023,3b0a750d6dc5f2de,TRUE,TRUE,data/tamil_nadu/buildings/validated/TN_SOUTHERN_FLOOD_2023_buildings.gpkg,49.8,8.80208040249633,77.65986143188987,PASS,none
TN_SOUTHERN_FLOOD_2023_150755,TN_SOUTHERN_FLOOD_2023,390a5d81174ed8ae,TRUE,TRUE,data/tamil_nadu/buildings/validated/TN_SOUTHERN_FLOOD_2023_buildings.gpkg,120.07,8.78584129166273,77.71855370828513,PASS,none
TN_SOUTHERN_FLOOD_2023_152775,TN_SOUTHERN_FLOOD_2023,c169bb5f9c7e676c,TRUE,TRUE,data/tamil_nadu/buildings/validated/TN_SOUTHERN_FLOOD_2023_buildings.gpkg,23.94,8.784103453757348,77.73437777071875,PASS,none
TN_SOUTHERN_FLOOD_2023_158847,TN_SOUTHERN_FLOOD_2023,5d4e0086b6a81134,TRUE,TRUE,data/tamil_nadu/buildings/validated/TN_SOUTHERN_FLOOD_2023_buildings.gpkg,45.6,8.793210450929758,77.62903278074971,PASS,none
TN_SOUTHERN_FLOOD_2023_152776,TN_SOUTHERN_FLOOD_2023,8ca03428a77d7db8,TRUE,TRUE,data/tamil_nadu/buildings/validated/TN_SOUTHERN_FLOOD_2023_buildings.gpkg,140.3,8.78322870492013,77.73423722750242,PASS,none
TN_SOUTHERN_FLOOD_2023_162750,TN_SOUTHERN_FLOOD_2023,e0b6e58fc5a54be2,TRUE,TRUE,data/tamil_nadu/buildings/validated/TN_SOUTHERN_FLOOD_2023_buildings.gpkg,159.79,8.792321011940917,77.73277126207111,PASS,none
TN_SOUTHERN_FLOOD_2023_167117,TN_SOUTHERN_FLOOD_2023,57936967f0092d14,TRUE,TRUE,data/tamil_nadu/buildings/validated/TN_SOUTHERN_FLOOD_2023_buildings.gpkg,35.03,8.791156167455226,77.75280736294324,PASS,none
TN_SOUTHERN_FLOOD_2023_147049,TN_SOUTHERN_FLOOD_2023,2bd355e65f0c5eb6,TRUE,TRUE,data/tamil_nadu/buildings/validated/TN_SOUTHERN_FLOOD_2023_buildings.gpkg,78.42,8.78427742924476,77.62954877327826,PASS,none
TN_SOUTHERN_FLOOD_2023_148484,TN_SOUTHERN_FLOOD_2023,ce72284743f66af0,TRUE,TRUE,data/tamil_nadu/buildings/validated/TN_SOUTHERN_FLOOD_2023_buildings.gpkg,215.22,8.777496177728224,77.6754220910904,PASS,none
TN_SOUTHERN_FLOOD_2023_143674,TN_SOUTHERN_FLOOD_2023,f925777837d3f3d1,TRUE,TRUE,data/tamil_nadu/buildings/validated/TN_SOUTHERN_FLOOD_2023_buildings.gpkg,92.2,8.760979521470453,77.74826389516612,PASS,none
TN_SOUTHERN_FLOOD_2023_168807,TN_SOUTHERN_FLOOD_2023,89d64c42b9ac9fb7,TRUE,TRUE,data/tamil_nadu/buildings/validated/TN_SOUTHERN_FLOOD_2023_buildings.gpkg,85.08,8.792162363973576,77.77462477949581,PASS,none
TN_SOUTHERN_FLOOD_2023_159780,TN_SOUTHERN_FLOOD_2023,c9012d3eed56dc89,TRUE,TRUE,data/tamil_nadu/buildings/validated/TN_SOUTHERN_FLOOD_2023_buildings.gpkg,75.74,8.798900388911688,77.64953646382772,PASS,none
TN_SOUTHERN_FLOOD_2023_150070,TN_SOUTHERN_FLOOD_2023,ad898ef79182c16e,TRUE,TRUE,data/tamil_nadu/buildings/validated/TN_SOUTHERN_FLOOD_2023_buildings.gpkg,33.39,8.782353360316932,77.69177736609566,PASS,none
TN_SOUTHERN_FLOOD_2023_159798,TN_SOUTHERN_FLOOD_2023,c65bb94088738bb0,TRUE,TRUE,data/tamil_nadu/buildings/validated/TN_SOUTHERN_FLOOD_2023_buildings.gpkg,12.14,8.799110558252654,77.65574800416033,PASS,none
TN_SOUTHERN_FLOOD_2023_160208,TN_SOUTHERN_FLOOD_2023,cb202c18ccd9de88,TRUE,TRUE,data/tamil_nadu/buildings/validated/TN_SOUTHERN_FLOOD_2023_buildings.gpkg,58.75,8.79891023384382,77.67573352027432,PASS,none
TN_SOUTHERN_FLOOD_2023_150071,TN_SOUTHERN_FLOOD_2023,918c0e5819b563c0,TRUE,TRUE,data/tamil_nadu/buildings/validated/TN_SOUTHERN_FLOOD_2023_buildings.gpkg,6.33,8.781870681929197,77.6935766089186,PASS,none
TN_SOUTHERN_FLOOD_2023_160309,TN_SOUTHERN_FLOOD_2023,766a3102a16d9398,TRUE,TRUE,data/tamil_nadu/buildings/validated/TN_SOUTHERN_FLOOD_2023_buildings.gpkg,53.05,8.796041917141793,77.68975113592037,PASS,none
TN_SOUTHERN_FLOOD_2023_150767,TN_SOUTHERN_FLOOD_2023,7e89da991a40ab0b,TRUE,TRUE,data/tamil_nadu/buildings/validated/TN_SOUTHERN_FLOOD_2023_buildings.gpkg,136.99,8.777275840171024,77.7157347852492,PASS,none
TN_OCKHI_2017_008649,TN_OCKHI_2017,612c3e17851096bc,TRUE,TRUE,data/tamil_nadu/buildings/validated/TN_OCKHI_2017_buildings.gpkg,24.56,8.095764343568135,77.48184408183869,PASS,none
TN_OCKHI_2017_017754,TN_OCKHI_2017,3597a20f2e274c75,TRUE,TRUE,data/tamil_nadu/buildings/validated/TN_OCKHI_2017_buildings.gpkg,67.15,8.10570222142254,77.53797369721276,PASS,none
TN_OCKHI_2017_033150,TN_OCKHI_2017,ba8e63652b731770,TRUE,TRUE,data/tamil_nadu/buildings/validated/TN_OCKHI_2017_buildings.gpkg,17.36,8.115547016342651,77.52543523545914,PASS,none
TN_OCKHI_2017_033155,TN_OCKHI_2017,f4c0979640161d87,TRUE,TRUE,data/tamil_nadu/buildings/validated/TN_OCKHI_2017_buildings.gpkg,76.98,8.125654243403325,77.53283919558457,PASS,none
TN_OCKHI_2017_001365,TN_OCKHI_2017,2bdb11ad5ed265b3,TRUE,TRUE,data/tamil_nadu/buildings/validated/TN_OCKHI_2017_buildings.gpkg,33.43,8.07977355786047,77.53955523358627,PASS,none
TN_OCKHI_2017_020878,TN_OCKHI_2017,35e272528c053736,TRUE,TRUE,data/tamil_nadu/buildings/validated/TN_OCKHI_2017_buildings.gpkg,37.73,8.09403799202714,77.55844834119941,PASS,none
TN_OCKHI_2017_046474,TN_OCKHI_2017,be914df8b56de53d,TRUE,TRUE,data/tamil_nadu/buildings/validated/TN_OCKHI_2017_buildings.gpkg,33.25,8.145630282128279,77.55787336438618,PASS,none
TN_OCKHI_2017_061435,TN_OCKHI_2017,1d1f62ddf05e32e8,TRUE,TRUE,data/tamil_nadu/buildings/validated/TN_OCKHI_2017_buildings.gpkg,49.64,8.157739666483566,77.55753622892334,PASS,none
TN_OCKHI_2017_040413,TN_OCKHI_2017,4298739ed3c32b41,TRUE,TRUE,data/tamil_nadu/buildings/validated/TN_OCKHI_2017_buildings.gpkg,19.16,8.111096561806963,77.58113426319704,PASS,none
TN_OCKHI_2017_071869,TN_OCKHI_2017,e0853dead978c435,TRUE,TRUE,data/tamil_nadu/buildings/validated/TN_OCKHI_2017_buildings.gpkg,12.55,8.153217823637638,77.60370959089485,PASS,none
TN_OCKHI_2017_008625,TN_OCKHI_2017,5281d21956adb1ae,TRUE,TRUE,data/tamil_nadu/buildings/validated/TN_OCKHI_2017_buildings.gpkg,67.07,8.100692454895611,77.47554418066221,PASS,none
TN_OCKHI_2017_051229,TN_OCKHI_2017,73fff643afb5828b,TRUE,TRUE,data/tamil_nadu/buildings/validated/TN_OCKHI_2017_buildings.gpkg,23.35,8.16197181860335,77.48319968742665,PASS,none
TN_OCKHI_2017_011628,TN_OCKHI_2017,dd9c669c229594e1,TRUE,TRUE,data/tamil_nadu/buildings/validated/TN_OCKHI_2017_buildings.gpkg,292.75,8.103069661726119,77.49792272181992,PASS,none
TN_OCKHI_2017_030729,TN_OCKHI_2017,858f9a0e9ee79423,TRUE,TRUE,data/tamil_nadu/buildings/validated/TN_OCKHI_2017_buildings.gpkg,24.25,8.125986521586093,77.51968848543086,PASS,none
TN_OCKHI_2017_057086,TN_OCKHI_2017,dddd705081374348,TRUE,TRUE,data/tamil_nadu/buildings/validated/TN_OCKHI_2017_buildings.gpkg,62.12,8.151755088097845,77.51073570457658,PASS,none
TN_OCKHI_2017_017743,TN_OCKHI_2017,8f92c8fbc2a6be7a,TRUE,TRUE,data/tamil_nadu/buildings/validated/TN_OCKHI_2017_buildings.gpkg,19.56,8.094406311632461,77.53026930269309,PASS,none
TN_OCKHI_2017_045104,TN_OCKHI_2017,c4127bb20c135606,TRUE,TRUE,data/tamil_nadu/buildings/validated/TN_OCKHI_2017_buildings.gpkg,62.19,8.144962566078682,77.53873968648297,PASS,none
TN_OCKHI_2017_020881,TN_OCKHI_2017,c00aa5ea50e59f9b,TRUE,TRUE,data/tamil_nadu/buildings/validated/TN_OCKHI_2017_buildings.gpkg,60.46,8.097965839627141,77.55825877598268,PASS,none
TN_OCKHI_2017_047840,TN_OCKHI_2017,ad17fa8e861fd509,TRUE,TRUE,data/tamil_nadu/buildings/validated/TN_OCKHI_2017_buildings.gpkg,74.68,8.145656817909328,77.57565072819186,PASS,none
TN_OCKHI_2017_065736,TN_OCKHI_2017,2178bf5164dd9019,TRUE,TRUE,data/tamil_nadu/buildings/validated/TN_OCKHI_2017_buildings.gpkg,138.43,8.149429684291212,77.5700899883173,PASS,none
TN_OCKHI_2017_027366,TN_OCKHI_2017,ca7bff0ea1ffae70,TRUE,TRUE,data/tamil_nadu/buildings/validated/TN_OCKHI_2017_buildings.gpkg,17.2,8.091708519361143,77.58890935991728,PASS,none
TN_OCKHI_2017_040424,TN_OCKHI_2017,85a42f5325ff9b58,TRUE,TRUE,data/tamil_nadu/buildings/validated/TN_OCKHI_2017_buildings.gpkg,35.39,8.131109942909868,77.47873533596905,PASS,none
TN_OCKHI_2017_041032,TN_OCKHI_2017,d8ff406db82fd5ff,TRUE,TRUE,data/tamil_nadu/buildings/validated/TN_OCKHI_2017_buildings.gpkg,15.08,8.142329957048888,77.49648262784379,PASS,none
TN_OCKHI_2017_000991,TN_OCKHI_2017,473fbfc3a6073fba,TRUE,TRUE,data/tamil_nadu/buildings/validated/TN_OCKHI_2017_buildings.gpkg,17.64,8.08413953157875,77.52031155349115,PASS,none
TN_OCKHI_2017_001321,TN_OCKHI_2017,a88d2a5d33904cce,TRUE,TRUE,data/tamil_nadu/buildings/validated/TN_OCKHI_2017_buildings.gpkg,39.78,8.087796772421397,77.53706745984812,PASS,none
TN_OCKHI_2017_001483,TN_OCKHI_2017,c7ae59430e0195b0,TRUE,TRUE,data/tamil_nadu/buildings/validated/TN_OCKHI_2017_buildings.gpkg,197.95,8.081033322649425,77.53971358682713,PASS,none
TN_OCKHI_2017_020883,TN_OCKHI_2017,27c326edfe9b32df,TRUE,TRUE,data/tamil_nadu/buildings/validated/TN_OCKHI_2017_buildings.gpkg,35.22,8.095228396017323,77.55587748849892,PASS,none
TN_OCKHI_2017_071862,TN_OCKHI_2017,14a52a1033dcdc78,TRUE,TRUE,data/tamil_nadu/buildings/validated/TN_OCKHI_2017_buildings.gpkg,43.6,8.160029655046602,77.61451737009094,PASS,none
TN_OCKHI_2017_051150,TN_OCKHI_2017,7ae60e55d3cb37d4,TRUE,TRUE,data/tamil_nadu/buildings/validated/TN_OCKHI_2017_buildings.gpkg,60.13,8.156403501640906,77.47115788763647,PASS,none
TN_OCKHI_2017_000004,TN_OCKHI_2017,11d73ecc9c6b59d2,TRUE,TRUE,data/tamil_nadu/buildings/validated/TN_OCKHI_2017_buildings.gpkg,14.68,8.089552426207424,77.48267797754647,PASS,none
TN_OCKHI_2017_040439,TN_OCKHI_2017,a08e1b67e6c89984,TRUE,TRUE,data/tamil_nadu/buildings/validated/TN_OCKHI_2017_buildings.gpkg,31.93,8.130207627336036,77.48019751545324,PASS,none
TN_OCKHI_2017_051381,TN_OCKHI_2017,96e671ff4196f409,TRUE,TRUE,data/tamil_nadu/buildings/validated/TN_OCKHI_2017_buildings.gpkg,18.96,8.162342889717728,77.48315248640513,PASS,none
TN_OCKHI_2017_027826,TN_OCKHI_2017,f133c34b2514838d,TRUE,TRUE,data/tamil_nadu/buildings/validated/TN_OCKHI_2017_buildings.gpkg,27.35,8.126445255880771,77.49737782307297,PASS,none
TN_OCKHI_2017_014355,TN_OCKHI_2017,2fb9785ddbf76e09,TRUE,TRUE,data/tamil_nadu/buildings/validated/TN_OCKHI_2017_buildings.gpkg,14.72,8.098531806810223,77.5104001238177,PASS,none
TN_OCKHI_2017_044118,TN_OCKHI_2017,24676f9c66058dae,TRUE,TRUE,data/tamil_nadu/buildings/validated/TN_OCKHI_2017_buildings.gpkg,21.49,8.131090954306012,77.51887415126947,PASS,none
TN_OCKHI_2017_044133,TN_OCKHI_2017,3427749a8f580535,TRUE,TRUE,data/tamil_nadu/buildings/validated/TN_OCKHI_2017_buildings.gpkg,142.51,8.143181310488554,77.51079656390681,PASS,none
TN_OCKHI_2017_057206,TN_OCKHI_2017,eb7f540b91ede7d1,TRUE,TRUE,data/tamil_nadu/buildings/validated/TN_OCKHI_2017_buildings.gpkg,15.75,8.159326941907292,77.51839403606597,PASS,none
TN_OCKHI_2017_017750,TN_OCKHI_2017,35205fec59b0f4c5,TRUE,TRUE,data/tamil_nadu/buildings/validated/TN_OCKHI_2017_buildings.gpkg,31.25,8.099844513148218,77.52939332477634,PASS,none
TN_OCKHI_2017_060061,TN_OCKHI_2017,8412657f697d094b,TRUE,TRUE,data/tamil_nadu/buildings/validated/TN_OCKHI_2017_buildings.gpkg,68.2,8.14857868927874,77.53729167632959,PASS,none
TN_OCKHI_2017_046453,TN_OCKHI_2017,668fc879ac7cce3a,TRUE,TRUE,data/tamil_nadu/buildings/validated/TN_OCKHI_2017_buildings.gpkg,37.78,8.130865293075653,77.55376941384813,PASS,none
TN_OCKHI_2017_045489,TN_OCKHI_2017,2ba4abcbba78ae71,TRUE,TRUE,data/tamil_nadu/buildings/validated/TN_OCKHI_2017_buildings.gpkg,177.79,8.145847755458293,77.5400133890041,PASS,none
TN_OCKHI_2017_065739,TN_OCKHI_2017,fb8faf77e6f5d292,TRUE,TRUE,data/tamil_nadu/buildings/validated/TN_OCKHI_2017_buildings.gpkg,47.33,8.154304324160318,77.57219251478644,PASS,none
TN_OCKHI_2017_051197,TN_OCKHI_2017,8fed7ee1989b747c,TRUE,TRUE,data/tamil_nadu/buildings/validated/TN_OCKHI_2017_buildings.gpkg,25.76,8.158557167968594,77.46816066902844,PASS,none
TN_OCKHI_2017_036904,TN_OCKHI_2017,dee272b43bbe5ea2,TRUE,TRUE,data/tamil_nadu/buildings/validated/TN_OCKHI_2017_buildings.gpkg,26.47,8.11687363025126,77.54250155801886,PASS,none
TN_OCKHI_2017_020886,TN_OCKHI_2017,4694c52a91dd248e,TRUE,TRUE,data/tamil_nadu/buildings/validated/TN_OCKHI_2017_buildings.gpkg,30.59,8.101372111280511,77.55505218365903,PASS,none
TN_OCKHI_2017_065743,TN_OCKHI_2017,abe57568d292940b,TRUE,TRUE,data/tamil_nadu/buildings/validated/TN_OCKHI_2017_buildings.gpkg,34.25,8.154870058545967,77.57230618173446,PASS,none
TN_OCKHI_2017_008641,TN_OCKHI_2017,a193f800616b5b14,TRUE,TRUE,data/tamil_nadu/buildings/validated/TN_OCKHI_2017_buildings.gpkg,56.19,8.103731778420677,77.47053657246389,PASS,none
TN_OCKHI_2017_040442,TN_OCKHI_2017,290e07e1d398569f,TRUE,TRUE,data/tamil_nadu/buildings/validated/TN_OCKHI_2017_buildings.gpkg,28.41,8.142985978018691,77.46791941048627,PASS,none
TN_OCKHI_2017_027800,TN_OCKHI_2017,cb012cfde4850219,TRUE,TRUE,data/tamil_nadu/buildings/validated/TN_OCKHI_2017_buildings.gpkg,24.61,8.115779682103065,77.49465935827418,PASS,none
TN_OCKHI_2017_000968,TN_OCKHI_2017,c5d7207d25f910ae,TRUE,TRUE,data/tamil_nadu/buildings/validated/TN_OCKHI_2017_buildings.gpkg,63.18,8.087342531794956,77.49470826502974,PASS,none
TN_OCKHI_2017_060080,TN_OCKHI_2017,0276148967be87ce,TRUE,TRUE,data/tamil_nadu/buildings/validated/TN_OCKHI_2017_buildings.gpkg,62.45,8.161447738407949,77.53435200740553,PASS,none
TN_OCKHI_2017_033521,TN_OCKHI_2017,1b066f2cab68c60d,TRUE,TRUE,data/tamil_nadu/buildings/validated/TN_OCKHI_2017_buildings.gpkg,42.48,8.12305578937648,77.53987582829403,PASS,none
TN_OCKHI_2017_061451,TN_OCKHI_2017,fb90a77984e6c1f8,TRUE,TRUE,data/tamil_nadu/buildings/validated/TN_OCKHI_2017_buildings.gpkg,180.38,8.156614604195328,77.54668715040248,PASS,none
TN_OCKHI_2017_021993,TN_OCKHI_2017,5a2ab06a4a3a6659,TRUE,TRUE,data/tamil_nadu/buildings/validated/TN_OCKHI_2017_buildings.gpkg,11.29,8.10258950549896,77.55645457797527,PASS,none
TN_OCKHI_2017_061448,TN_OCKHI_2017,a7d601bebe83a743,TRUE,TRUE,data/tamil_nadu/buildings/validated/TN_OCKHI_2017_buildings.gpkg,127.27,8.154485878027527,77.55747833944866,PASS,none
TN_OCKHI_2017_047863,TN_OCKHI_2017,2fbdf43645ca85af,TRUE,TRUE,data/tamil_nadu/buildings/validated/TN_OCKHI_2017_buildings.gpkg,31.69,8.142837629104779,77.57747515662518,PASS,none
TN_OCKHI_2017_069312,TN_OCKHI_2017,aa7d8802415c68c3,TRUE,TRUE,data/tamil_nadu/buildings/validated/TN_OCKHI_2017_buildings.gpkg,25.41,8.14874934259576,77.58908323808346,PASS,none
TN_OCKHI_2017_008636,TN_OCKHI_2017,b6f8572faa35b193,TRUE,TRUE,data/tamil_nadu/buildings/validated/TN_OCKHI_2017_buildings.gpkg,67.39,8.09180866211707,77.47753653042581,PASS,none
TN_OCKHI_2017_040526,TN_OCKHI_2017,9eb750b704df5a5e,TRUE,TRUE,data/tamil_nadu/buildings/validated/TN_OCKHI_2017_buildings.gpkg,47.33,8.129539707375645,77.47978458523438,PASS,none
TN_OCKHI_2017_051155,TN_OCKHI_2017,b0a69282af3ba720,TRUE,TRUE,data/tamil_nadu/buildings/validated/TN_OCKHI_2017_buildings.gpkg,64.95,8.150062564275148,77.46769423547723,PASS,none
TN_OCKHI_2017_027958,TN_OCKHI_2017,2e52acafc4bad713,TRUE,TRUE,data/tamil_nadu/buildings/validated/TN_OCKHI_2017_buildings.gpkg,72.59,8.122249922708207,77.49044583360539,PASS,none
TN_OCKHI_2017_000990,TN_OCKHI_2017,5e622905279e6660,TRUE,TRUE,data/tamil_nadu/buildings/validated/TN_OCKHI_2017_buildings.gpkg,59.08,8.089959234334435,77.506350671259,PASS,none
TN_OCKHI_2017_055713,TN_OCKHI_2017,1503213678d6ff35,TRUE,TRUE,data/tamil_nadu/buildings/validated/TN_OCKHI_2017_buildings.gpkg,33.41,8.158220487072828,77.50223628649141,PASS,none
TN_OCKHI_2017_057346,TN_OCKHI_2017,769ce222bcd5aa9f,TRUE,TRUE,data/tamil_nadu/buildings/validated/TN_OCKHI_2017_buildings.gpkg,76.08,8.158779491285808,77.51943666723763,PASS,none
TN_OCKHI_2017_033164,TN_OCKHI_2017,4a89b40b353dd940,TRUE,TRUE,data/tamil_nadu/buildings/validated/TN_OCKHI_2017_buildings.gpkg,243.84,8.114906039294453,77.53514935915851,PASS,none
TN_OCKHI_2017_060065,TN_OCKHI_2017,78f7e2dd67042566,TRUE,TRUE,data/tamil_nadu/buildings/validated/TN_OCKHI_2017_buildings.gpkg,28.76,8.147656998896418,77.53953001844948,PASS,none
TN_OCKHI_2017_046514,TN_OCKHI_2017,1699896fbeb409c5,TRUE,TRUE,data/tamil_nadu/buildings/validated/TN_OCKHI_2017_buildings.gpkg,14.49,8.129960666197778,77.55203233152457,PASS,none
TN_OCKHI_2017_003975,TN_OCKHI_2017,804980521e658683,TRUE,TRUE,data/tamil_nadu/buildings/validated/TN_OCKHI_2017_buildings.gpkg,52.25,8.08953722517495,77.554769036736,PASS,none
TN_OCKHI_2017_036914,TN_OCKHI_2017,ebf78f0c411ac868,TRUE,TRUE,data/tamil_nadu/buildings/validated/TN_OCKHI_2017_buildings.gpkg,23.79,8.119813143829361,77.55722933267744,PASS,none
TN_OCKHI_2017_061449,TN_OCKHI_2017,bafc7680aaab5b20,TRUE,TRUE,data/tamil_nadu/buildings/validated/TN_OCKHI_2017_buildings.gpkg,27.76,8.147911388956203,77.55747225498185,PASS,none
TN_OCKHI_2017_061477,TN_OCKHI_2017,d08096ad419f44c1,TRUE,TRUE,data/tamil_nadu/buildings/validated/TN_OCKHI_2017_buildings.gpkg,31.09,8.157138689093504,77.55662152010196,PASS,none
TN_OCKHI_2017_047867,TN_OCKHI_2017,10e0a2081a838a08,TRUE,TRUE,data/tamil_nadu/buildings/validated/TN_OCKHI_2017_buildings.gpkg,9.61,8.13893637499788,77.57743278838747,PASS,none
TN_OCKHI_2017_069315,TN_OCKHI_2017,87bed56511ed581e,TRUE,TRUE,data/tamil_nadu/buildings/validated/TN_OCKHI_2017_buildings.gpkg,13.58,8.147411558334692,77.59276167048864,PASS,none
TN_OCKHI_2017_008642,TN_OCKHI_2017,4ed08b5df1a78906,TRUE,TRUE,data/tamil_nadu/buildings/validated/TN_OCKHI_2017_buildings.gpkg,57.69,8.09165594583514,77.4796107902874,PASS,none
TN_OCKHI_2017_040447,TN_OCKHI_2017,ad190734ee119f73,TRUE,TRUE,data/tamil_nadu/buildings/validated/TN_OCKHI_2017_buildings.gpkg,27.93,8.138807799747232,77.46841271918645,PASS,none
TN_OCKHI_2017_027805,TN_OCKHI_2017,cfe6292e10570dc4,TRUE,TRUE,data/tamil_nadu/buildings/validated/TN_OCKHI_2017_buildings.gpkg,29.09,8.120059216990056,77.4912308777405,PASS,none
TN_OCKHI_2017_030752,TN_OCKHI_2017,c2983635dd8caece,TRUE,TRUE,data/tamil_nadu/buildings/validated/TN_OCKHI_2017_buildings.gpkg,43.19,8.112564364132359,77.51545284813639,PASS,none
TN_OCKHI_2017_057136,TN_OCKHI_2017,214456dd1fe65926,TRUE,TRUE,data/tamil_nadu/buildings/validated/TN_OCKHI_2017_buildings.gpkg,66.23,8.152289204931662,77.51076443847673,PASS,none
TN_OCKHI_2017_033236,TN_OCKHI_2017,8a781ff3aee4327f,TRUE,TRUE,data/tamil_nadu/buildings/validated/TN_OCKHI_2017_buildings.gpkg,80.78,8.122934026915487,77.52695766447818,PASS,none
TN_OCKHI_2017_045131,TN_OCKHI_2017,ab914878d06fed7e,TRUE,TRUE,data/tamil_nadu/buildings/validated/TN_OCKHI_2017_buildings.gpkg,19.44,8.130045644702053,77.5338810772382,PASS,none
TN_OCKHI_2017_019327,TN_OCKHI_2017,7e30c4aea9cfbb24,TRUE,TRUE,data/tamil_nadu/buildings/validated/TN_OCKHI_2017_buildings.gpkg,65.28,8.103029047920119,77.53981241444187,PASS,none
TN_OCKHI_2017_033576,TN_OCKHI_2017,db728cfd30766695,TRUE,TRUE,data/tamil_nadu/buildings/validated/TN_OCKHI_2017_buildings.gpkg,38.12,8.123952325980431,77.53987071744031,PASS,none
TN_OCKHI_2017_065765,TN_OCKHI_2017,6941e26b1da97cfd,TRUE,TRUE,data/tamil_nadu/buildings/validated/TN_OCKHI_2017_buildings.gpkg,15.69,8.158430466124068,77.57553153549645,PASS,none
TN_OCKHI_2017_071873,TN_OCKHI_2017,c33c39bf821d5974,TRUE,TRUE,data/tamil_nadu/buildings/validated/TN_OCKHI_2017_buildings.gpkg,29.25,8.159341312402097,77.61332875502649,PASS,none
TN_OCKHI_2017_000009,TN_OCKHI_2017,5222bb94a9e0cfd3,TRUE,TRUE,data/tamil_nadu/buildings/validated/TN_OCKHI_2017_buildings.gpkg,64.32,8.089703199389634,77.47985675418141,PASS,none
TN_OCKHI_2017_027978,TN_OCKHI_2017,87a89abfc1c6163c,TRUE,TRUE,data/tamil_nadu/buildings/validated/TN_OCKHI_2017_buildings.gpkg,328.33,8.125543863278073,77.48899845354926,PASS,none
TN_OCKHI_2017_051733,TN_OCKHI_2017,f1e7c38d458cb827,TRUE,TRUE,data/tamil_nadu/buildings/validated/TN_OCKHI_2017_buildings.gpkg,56.85,8.160526941745916,77.48044342836454,PASS,none
TN_OCKHI_2017_001012,TN_OCKHI_2017,1e7611e4812d0329,TRUE,TRUE,data/tamil_nadu/buildings/validated/TN_OCKHI_2017_buildings.gpkg,87.1,8.083447442334496,77.52016615261559,PASS,none
TN_OCKHI_2017_030762,TN_OCKHI_2017,894109673d2c0680,TRUE,TRUE,data/tamil_nadu/buildings/validated/TN_OCKHI_2017_buildings.gpkg,29.26,8.112134995729745,77.51631676557685,PASS,none
TN_OCKHI_2017_033169,TN_OCKHI_2017,88c24f97e83471fb,TRUE,TRUE,data/tamil_nadu/buildings/validated/TN_OCKHI_2017_buildings.gpkg,45.07,8.114364356375713,77.5249951664243,PASS,none
TN_OCKHI_2017_045135,TN_OCKHI_2017,7c269fa598a12460,TRUE,TRUE,data/tamil_nadu/buildings/validated/TN_OCKHI_2017_buildings.gpkg,27.93,8.137117223622226,77.53602493008493,PASS,none
TN_OCKHI_2017_060070,TN_OCKHI_2017,bf01bc0ae64f319d,TRUE,TRUE,data/tamil_nadu/buildings/validated/TN_OCKHI_2017_buildings.gpkg,61.27,8.153787441806251,77.53959714948031,PASS,none
TN_OCKHI_2017_020024,TN_OCKHI_2017,45cd2c39c484f7f4,TRUE,TRUE,data/tamil_nadu/buildings/validated/TN_OCKHI_2017_buildings.gpkg,40.71,8.100233282026927,77.53993173216571,PASS,none
TN_OCKHI_2017_036929,TN_OCKHI_2017,fe7b76a2390cbb9a,TRUE,TRUE,data/tamil_nadu/buildings/validated/TN_OCKHI_2017_buildings.gpkg,24.64,8.119032056508166,77.55565903360123,PASS,none
TN_OCKHI_2017_046490,TN_OCKHI_2017,19c5030582ee4490,TRUE,TRUE,data/tamil_nadu/buildings/validated/TN_OCKHI_2017_buildings.gpkg,89.51,8.13278020239928,77.55831465323266,PASS,none
TN_OCKHI_2017_047895,TN_OCKHI_2017,0fdf081eb406244e,TRUE,TRUE,data/tamil_nadu/buildings/validated/TN_OCKHI_2017_buildings.gpkg,95.94,8.142705111039877,77.57683202337611,PASS,none
TN_OCKHI_2017_027982,TN_OCKHI_2017,7b2f545e331e7926,TRUE,TRUE,data/tamil_nadu/buildings/validated/TN_OCKHI_2017_buildings.gpkg,31.72,8.123040257108048,77.49316384004993,PASS,none
TN_OCKHI_2017_014373,TN_OCKHI_2017,125722c265795f47,TRUE,TRUE,data/tamil_nadu/buildings/validated/TN_OCKHI_2017_buildings.gpkg,30.75,8.098268433889741,77.52102306560872,PASS,none
TN_OCKHI_2017_014448,TN_OCKHI_2017,55ee46488c50e720,TRUE,TRUE,data/tamil_nadu/buildings/validated/TN_OCKHI_2017_buildings.gpkg,26.01,8.108032235628567,77.51313810929902,PASS,none
TN_OCKHI_2017_030769,TN_OCKHI_2017,73ba63e9552edf7d,TRUE,TRUE,data/tamil_nadu/buildings/validated/TN_OCKHI_2017_buildings.gpkg,91.04,8.11278550492114,77.51545229449293,PASS,none
TN_OCKHI_2017_044258,TN_OCKHI_2017,62e8ad05fb3d8eda,TRUE,TRUE,data/tamil_nadu/buildings/validated/TN_OCKHI_2017_buildings.gpkg,40.5,8.144795862926895,77.5207645426874,PASS,none
TN_OCKHI_2017_001334,TN_OCKHI_2017,6c4cdabb3c1ab967,TRUE,TRUE,data/tamil_nadu/buildings/validated/TN_OCKHI_2017_buildings.gpkg,43.63,8.081366574938126,77.53189766672605,PASS,none
TN_OCKHI_2017_017769,TN_OCKHI_2017,8d4b4ef9469c60d8,TRUE,TRUE,data/tamil_nadu/buildings/validated/TN_OCKHI_2017_buildings.gpkg,1558.29,8.101908947401638,77.5337262505948,PASS,none
TN_OCKHI_2017_033272,TN_OCKHI_2017,a802f43ab5c8fa33,TRUE,TRUE,data/tamil_nadu/buildings/validated/TN_OCKHI_2017_buildings.gpkg,93.84,8.121159961560156,77.53004360032283,PASS,none
TN_OCKHI_2017_061430,TN_OCKHI_2017,6cbcdcc056f9d23e,TRUE,TRUE,data/tamil_nadu/buildings/validated/TN_OCKHI_2017_buildings.gpkg,38.37,8.150571571277093,77.54397450534204,PASS,none
TN_OCKHI_2017_020918,TN_OCKHI_2017,93d2527b638d06d5,TRUE,TRUE,data/tamil_nadu/buildings/validated/TN_OCKHI_2017_buildings.gpkg,18.46,8.098351328118875,77.55700985405319,PASS,none
TN_OCKHI_2017_046756,TN_OCKHI_2017,6cc2b6a621917b9f,TRUE,TRUE,data/tamil_nadu/buildings/validated/TN_OCKHI_2017_buildings.gpkg,48.24,8.14461659825695,77.55829512732791,PASS,none
TN_OCKHI_2017_049792,TN_OCKHI_2017,90a64cec019f05d4,TRUE,TRUE,data/tamil_nadu/buildings/validated/TN_OCKHI_2017_buildings.gpkg,31.13,8.146035454600156,77.59460094445589,PASS,none
TN_OCKHI_2017_050871,TN_OCKHI_2017,847f62282eb6a912,TRUE,TRUE,data/tamil_nadu/buildings/validated/TN_OCKHI_2017_buildings.gpkg,43.04,8.145818996918763,77.6002022948726,PASS,none
TN_OCKHI_2017_008643,TN_OCKHI_2017,515fe22d46622c8b,TRUE,TRUE,data/tamil_nadu/buildings/validated/TN_OCKHI_2017_buildings.gpkg,14.98,8.100164446709673,77.47196458881015,PASS,none
TN_OCKHI_2017_051232,TN_OCKHI_2017,2de3d09b07a3c04e,TRUE,TRUE,data/tamil_nadu/buildings/validated/TN_OCKHI_2017_buildings.gpkg,34.02,8.158014467281296,77.4704356946506,PASS,none
TN_OCKHI_2017_000011,TN_OCKHI_2017,2917676c51110e5d,TRUE,TRUE,data/tamil_nadu/buildings/validated/TN_OCKHI_2017_buildings.gpkg,51.97,8.089722358817879,77.48369268996267,PASS,none
TN_OCKHI_2017_027988,TN_OCKHI_2017,50956e7b1895b180,TRUE,TRUE,data/tamil_nadu/buildings/validated/TN_OCKHI_2017_buildings.gpkg,24.55,8.1226711995839,77.49161738123999,PASS,none
TN_OCKHI_2017_011678,TN_OCKHI_2017,ff145b30d604a64d,TRUE,TRUE,data/tamil_nadu/buildings/validated/TN_OCKHI_2017_buildings.gpkg,8.64,8.101711283591106,77.49576658233829,PASS,none
TN_OCKHI_2017_014452,TN_OCKHI_2017,e0448dbf2cccf9ee,TRUE,TRUE,data/tamil_nadu/buildings/validated/TN_OCKHI_2017_buildings.gpkg,108.57,8.10415880275774,77.51350658063784,PASS,none
TN_OCKHI_2017_001367,TN_OCKHI_2017,1477104245da8c7e,TRUE,TRUE,data/tamil_nadu/buildings/validated/TN_OCKHI_2017_buildings.gpkg,43.93,8.089148778836874,77.52700846967525,PASS,none
TN_OCKHI_2017_033172,TN_OCKHI_2017,84f1d2dd5759de2a,TRUE,TRUE,data/tamil_nadu/buildings/validated/TN_OCKHI_2017_buildings.gpkg,14.6,8.113695226889341,77.53769380415865,PASS,none
TN_OCKHI_2017_060073,TN_OCKHI_2017,f8313c37b2c8a410,TRUE,TRUE,data/tamil_nadu/buildings/validated/TN_OCKHI_2017_buildings.gpkg,45.77,8.151924356770822,77.53675481126827,PASS,none
TN_OCKHI_2017_033961,TN_OCKHI_2017,a5cd75db09c55ae4,TRUE,TRUE,data/tamil_nadu/buildings/validated/TN_OCKHI_2017_buildings.gpkg,63.67,8.123702087226555,77.53989250895111,PASS,none
TN_OCKHI_2017_047911,TN_OCKHI_2017,88c8611aecd162b7,TRUE,TRUE,data/tamil_nadu/buildings/validated/TN_OCKHI_2017_buildings.gpkg,146.12,8.13889450953243,77.57093447545353,PASS,none
TN_OCKHI_2017_008664,TN_OCKHI_2017,ede860ef88e01578,TRUE,TRUE,data/tamil_nadu/buildings/validated/TN_OCKHI_2017_buildings.gpkg,24.95,8.103215707055488,77.47093624199869,PASS,none
TN_OCKHI_2017_040455,TN_OCKHI_2017,3e670700b85cb4ca,TRUE,TRUE,data/tamil_nadu/buildings/validated/TN_OCKHI_2017_buildings.gpkg,115.8,8.130995161970612,77.47919763926193,PASS,none
TN_OCKHI_2017_051233,TN_OCKHI_2017,7ae3140a52cb82b1,TRUE,TRUE,data/tamil_nadu/buildings/validated/TN_OCKHI_2017_buildings.gpkg,39.64,8.159850418857895,77.4700882016999,PASS,none
TN_OCKHI_2017_051886,TN_OCKHI_2017,8d4f6ae1f0e83aad,TRUE,TRUE,data/tamil_nadu/buildings/validated/TN_OCKHI_2017_buildings.gpkg,39.76,8.160580371095014,77.48010719452371,PASS,none
TN_OCKHI_2017_011675,TN_OCKHI_2017,322eae5cab1086ef,TRUE,TRUE,data/tamil_nadu/buildings/validated/TN_OCKHI_2017_buildings.gpkg,35.34,8.104809853634336,77.49905620858283,PASS,none
TN_OCKHI_2017_055689,TN_OCKHI_2017,b21b21e4049abcfc,TRUE,TRUE,data/tamil_nadu/buildings/validated/TN_OCKHI_2017_buildings.gpkg,17.42,8.153941023334625,77.50029642910694,PASS,none
TN_OCKHI_2017_036951,TN_OCKHI_2017,46fc7546d4fbd272,TRUE,TRUE,data/tamil_nadu/buildings/validated/TN_OCKHI_2017_buildings.gpkg,93.71,8.119507344132042,77.55377267662342,PASS,none
TN_OCKHI_2017_061432,TN_OCKHI_2017,1451355bf8c87edf,TRUE,TRUE,data/tamil_nadu/buildings/validated/TN_OCKHI_2017_buildings.gpkg,105.74,8.151278754124071,77.54063866961687,PASS,none
TN_OCKHI_2017_046497,TN_OCKHI_2017,4b3c234892e69808,TRUE,TRUE,data/tamil_nadu/buildings/validated/TN_OCKHI_2017_buildings.gpkg,77.45,8.134026557159853,77.55857149128727,PASS,none
TN_OCKHI_2017_027384,TN_OCKHI_2017,7f90f21508f1f17f,TRUE,TRUE,data/tamil_nadu/buildings/validated/TN_OCKHI_2017_buildings.gpkg,132.38,8.11540547453253,77.47099220634155,PASS,none
TN_OCKHI_2017_040529,TN_OCKHI_2017,68af1fbb3de64d70,TRUE,TRUE,data/tamil_nadu/buildings/validated/TN_OCKHI_2017_buildings.gpkg,44.66,8.130299307887684,77.47998310978299,PASS,none
TN_OCKHI_2017_011699,TN_OCKHI_2017,59be884bae60fc8f,TRUE,TRUE,data/tamil_nadu/buildings/validated/TN_OCKHI_2017_buildings.gpkg,19.53,8.100859401458342,77.49907012777261,PASS,none
TN_OCKHI_2017_014386,TN_OCKHI_2017,9f9246a97f539283,TRUE,TRUE,data/tamil_nadu/buildings/validated/TN_OCKHI_2017_buildings.gpkg,73.69,8.097703182876526,77.51150906942438,PASS,none
TN_OCKHI_2017_017826,TN_OCKHI_2017,cefc4ca00a717f55,TRUE,TRUE,data/tamil_nadu/buildings/validated/TN_OCKHI_2017_buildings.gpkg,20.58,8.10530490547165,77.53561486266864,PASS,none
TN_OCKHI_2017_033284,TN_OCKHI_2017,f07e1db61b832d31,TRUE,TRUE,data/tamil_nadu/buildings/validated/TN_OCKHI_2017_buildings.gpkg,53.76,8.12583718857174,77.53290758593822,PASS,none
TN_OCKHI_2017_045120,TN_OCKHI_2017,e69d560fb81a2804,TRUE,TRUE,data/tamil_nadu/buildings/validated/TN_OCKHI_2017_buildings.gpkg,35.52,8.138723947977047,77.53166570934363,PASS,none
TN_OCKHI_2017_019836,TN_OCKHI_2017,58a8211ccf745455,TRUE,TRUE,data/tamil_nadu/buildings/validated/TN_OCKHI_2017_buildings.gpkg,204.81,8.104265548129458,77.54002657711057,PASS,none
TN_OCKHI_2017_037545,TN_OCKHI_2017,620861c9c62ca3f3,TRUE,TRUE,data/tamil_nadu/buildings/validated/TN_OCKHI_2017_buildings.gpkg,44.59,8.123783601598427,77.55732315456532,PASS,none
TN_OCKHI_2017_046891,TN_OCKHI_2017,8b1feb494e14e3d9,TRUE,TRUE,data/tamil_nadu/buildings/validated/TN_OCKHI_2017_buildings.gpkg,123.91,8.144357416144704,77.55805642317617,PASS,none
TN_OCKHI_2017_047936,TN_OCKHI_2017,4955f396bc140c1b,TRUE,TRUE,data/tamil_nadu/buildings/validated/TN_OCKHI_2017_buildings.gpkg,9.0,8.132238849332468,77.57148843543175,PASS,none
TN_OCKHI_2017_027386,TN_OCKHI_2017,ee37e0dc6b0cc640,TRUE,TRUE,data/tamil_nadu/buildings/validated/TN_OCKHI_2017_buildings.gpkg,76.18,8.113979437213288,77.47219802729332,PASS,none
TN_OCKHI_2017_051236,TN_OCKHI_2017,89f4ad764abf8ef3,TRUE,TRUE,data/tamil_nadu/buildings/validated/TN_OCKHI_2017_buildings.gpkg,17.5,8.15730041192137,77.47193933721034,PASS,none
TN_OCKHI_2017_011687,TN_OCKHI_2017,e10499d798f94e19,TRUE,TRUE,data/tamil_nadu/buildings/validated/TN_OCKHI_2017_buildings.gpkg,14.85,8.108043724611791,77.49402992466095,PASS,none
TN_OCKHI_2017_027952,TN_OCKHI_2017,5d39ff580b8b1bb4,TRUE,TRUE,data/tamil_nadu/buildings/validated/TN_OCKHI_2017_buildings.gpkg,14.56,8.127396531894922,77.49912639519182,PASS,none
TN_OCKHI_2017_041051,TN_OCKHI_2017,04cb734c14fe3b16,TRUE,TRUE,data/tamil_nadu/buildings/validated/TN_OCKHI_2017_buildings.gpkg,18.96,8.142974726556979,77.50012686553873,PASS,none
TN_OCKHI_2017_001026,TN_OCKHI_2017,b3788b158ab86d12,TRUE,TRUE,data/tamil_nadu/buildings/validated/TN_OCKHI_2017_buildings.gpkg,13.8,8.08386184214779,77.5180496557575,PASS,none
TN_OCKHI_2017_001338,TN_OCKHI_2017,61264249c3827d07,TRUE,TRUE,data/tamil_nadu/buildings/validated/TN_OCKHI_2017_buildings.gpkg,13.36,8.082424971929209,77.52807378993828,PASS,none
TN_OCKHI_2017_001382,TN_OCKHI_2017,9bf377bc3f69e87f,TRUE,TRUE,data/tamil_nadu/buildings/validated/TN_OCKHI_2017_buildings.gpkg,43.75,8.089317186884557,77.52661093693287,PASS,none
TN_OCKHI_2017_017776,TN_OCKHI_2017,04cbb545f237efcf,TRUE,TRUE,data/tamil_nadu/buildings/validated/TN_OCKHI_2017_buildings.gpkg,52.33,8.09878413121893,77.52997783586292,PASS,none
TN_OCKHI_2017_033176,TN_OCKHI_2017,07baed8265a8b4dc,TRUE,TRUE,data/tamil_nadu/buildings/validated/TN_OCKHI_2017_buildings.gpkg,119.98,8.114501035587157,77.5353604812188,PASS,none
TN_OCKHI_2017_060079,TN_OCKHI_2017,ec47af94ab5c7264,TRUE,TRUE,data/tamil_nadu/buildings/validated/TN_OCKHI_2017_buildings.gpkg,8.16,8.152042763736322,77.53712129884815,PASS,none
TN_OCKHI_2017_060151,TN_OCKHI_2017,dfd360134ca968e6,TRUE,TRUE,data/tamil_nadu/buildings/validated/TN_OCKHI_2017_buildings.gpkg,25.64,8.162123852839317,77.53849482540383,PASS,none
TN_OCKHI_2017_036947,TN_OCKHI_2017,beb7a2f67ca1c9c4,TRUE,TRUE,data/tamil_nadu/buildings/validated/TN_OCKHI_2017_buildings.gpkg,31.43,8.117015648382507,77.55795982100709,PASS,none
TN_OCKHI_2017_046504,TN_OCKHI_2017,d803c77b15b5a191,TRUE,TRUE,data/tamil_nadu/buildings/validated/TN_OCKHI_2017_buildings.gpkg,121.14,8.135456042481518,77.55876867038855,PASS,none
TN_OCKHI_2017_047935,TN_OCKHI_2017,71637b3f5a8b525b,TRUE,TRUE,data/tamil_nadu/buildings/validated/TN_OCKHI_2017_buildings.gpkg,32.27,8.144168824312581,77.57717433323842,PASS,none
TN_OCKHI_2017_049805,TN_OCKHI_2017,392338bfbebb5b85,TRUE,TRUE,data/tamil_nadu/buildings/validated/TN_OCKHI_2017_buildings.gpkg,23.24,8.144380789879289,77.5858683900521,PASS,none
TN_OCKHI_2017_000015,TN_OCKHI_2017,c45afbb16528b675,TRUE,TRUE,data/tamil_nadu/buildings/validated/TN_OCKHI_2017_buildings.gpkg,92.69,8.089458231117723,77.48289562231203,PASS,none
TN_FENGAL_2024_000001,TN_FENGAL_2024,122655ce48bc25d7,TRUE,TRUE,data/tamil_nadu/buildings/validated/TN_FENGAL_2024_buildings.gpkg,44.8,11.87902813255921,79.74245142659791,PASS,none
TN_FENGAL_2024_009743,TN_FENGAL_2024,f64fd1c834892e08,TRUE,TRUE,data/tamil_nadu/buildings/validated/TN_FENGAL_2024_buildings.gpkg,33.13,11.90230533512755,79.73748446341608,PASS,none
TN_FENGAL_2024_000004,TN_FENGAL_2024,66a6855c9a36d9f4,TRUE,TRUE,data/tamil_nadu/buildings/validated/TN_FENGAL_2024_buildings.gpkg,87.42,11.865995055228234,79.74881672888242,PASS,none
TN_FENGAL_2024_000021,TN_FENGAL_2024,e0c035b2921693d2,TRUE,TRUE,data/tamil_nadu/buildings/validated/TN_FENGAL_2024_buildings.gpkg,45.54,11.880956459477314,79.75106921386289,PASS,none
TN_FENGAL_2024_027482,TN_FENGAL_2024,1b5bfb72b9263fa3,TRUE,TRUE,data/tamil_nadu/buildings/validated/TN_FENGAL_2024_buildings.gpkg,9.01,11.913292654268842,79.74879718171434,PASS,none
TN_FENGAL_2024_002945,TN_FENGAL_2024,2a2c380e2df8b17c,TRUE,TRUE,data/tamil_nadu/buildings/validated/TN_FENGAL_2024_buildings.gpkg,14.23,11.865686254525672,79.7699029792527,PASS,none
TN_FENGAL_2024_081045,TN_FENGAL_2024,a6ebb14a7f1863e0,TRUE,TRUE,data/tamil_nadu/buildings/validated/TN_FENGAL_2024_buildings.gpkg,181.17,11.95838392543678,79.77908624983381,PASS,none
TN_FENGAL_2024_133822,TN_FENGAL_2024,883ffa82134add11,TRUE,TRUE,data/tamil_nadu/buildings/validated/TN_FENGAL_2024_buildings.gpkg,279.47,12.001076793260609,79.77248320020702,PASS,none
TN_FENGAL_2024_004094,TN_FENGAL_2024,b9ee843593982f69,TRUE,TRUE,data/tamil_nadu/buildings/validated/TN_FENGAL_2024_buildings.gpkg,66.19,11.88294265486314,79.7906787573488,PASS,none
TN_FENGAL_2024_059422,TN_FENGAL_2024,e00271a46c8a7772,TRUE,TRUE,data/tamil_nadu/buildings/validated/TN_FENGAL_2024_buildings.gpkg,44.14,11.94001477946673,79.78794965457618,PASS,none
TN_FENGAL_2024_081030,TN_FENGAL_2024,054649aaf2712b7b,TRUE,TRUE,data/tamil_nadu/buildings/validated/TN_FENGAL_2024_buildings.gpkg,59.61,11.957147822711114,79.79034434862207,PASS,none
TN_FENGAL_2024_040543,TN_FENGAL_2024,f8796179a2f758cc,TRUE,TRUE,data/tamil_nadu/buildings/validated/TN_FENGAL_2024_buildings.gpkg,48.32,11.910470147771598,79.80751460792129,PASS,none
TN_FENGAL_2024_103958,TN_FENGAL_2024,cfcfe62e697e32b2,TRUE,TRUE,data/tamil_nadu/buildings/validated/TN_FENGAL_2024_buildings.gpkg,56.54,11.977002988570499,79.79818252365621,PASS,none
TN_FENGAL_2024_125708,TN_FENGAL_2024,34079e9e704f001f,TRUE,TRUE,data/tamil_nadu/buildings/validated/TN_FENGAL_2024_buildings.gpkg,36.49,11.988052497828567,79.81918133677054,PASS,none
TN_FENGAL_2024_091017,TN_FENGAL_2024,15e50a55f0ac5468,TRUE,TRUE,data/tamil_nadu/buildings/validated/TN_FENGAL_2024_buildings.gpkg,209.95,11.958217799999133,79.82764858936646,PASS,none
TN_FENGAL_2024_109020,TN_FENGAL_2024,e65c228cf79c036a,TRUE,TRUE,data/tamil_nadu/buildings/validated/TN_FENGAL_2024_buildings.gpkg,5.89,11.974621965983443,79.82332675794855,PASS,none
TN_FENGAL_2024_141940,TN_FENGAL_2024,2a9c4a25d1fa2d46,TRUE,TRUE,data/tamil_nadu/buildings/validated/TN_FENGAL_2024_buildings.gpkg,43.61,12.001239292931391,79.82407060298718,PASS,none
TN_FENGAL_2024_079193,TN_FENGAL_2024,80e977791530ff7d,TRUE,TRUE,data/tamil_nadu/buildings/validated/TN_FENGAL_2024_buildings.gpkg,27.61,11.957823993210674,79.75693372396874,PASS,none
TN_FENGAL_2024_036080,TN_FENGAL_2024,c61de7506b830022,TRUE,TRUE,data/tamil_nadu/buildings/validated/TN_FENGAL_2024_buildings.gpkg,85.77,11.912070139988273,79.77557266149249,PASS,none
TN_FENGAL_2024_059295,TN_FENGAL_2024,bde87b6be63a0ce3,TRUE,TRUE,data/tamil_nadu/buildings/validated/TN_FENGAL_2024_buildings.gpkg,37.85,11.932874931071632,79.78283675961566,PASS,none
TN_FENGAL_2024_036156,TN_FENGAL_2024,5bc05ab137384f59,TRUE,TRUE,data/tamil_nadu/buildings/validated/TN_FENGAL_2024_buildings.gpkg,32.93,11.909982388968526,79.78547761839353,PASS,none
TN_FENGAL_2024_059310,TN_FENGAL_2024,fb19b5dd7cc2130e,TRUE,TRUE,data/tamil_nadu/buildings/validated/TN_FENGAL_2024_buildings.gpkg,13.98,11.938983289768926,79.79007562337006,PASS,none
TN_FENGAL_2024_136773,TN_FENGAL_2024,bad8d961b57a64f1,TRUE,TRUE,data/tamil_nadu/buildings/validated/TN_FENGAL_2024_buildings.gpkg,88.9,12.011056189470365,79.7851242732132,PASS,none
TN_FENGAL_2024_005286,TN_FENGAL_2024,64966be80eaf868a,TRUE,TRUE,data/tamil_nadu/buildings/validated/TN_FENGAL_2024_buildings.gpkg,44.62,11.867399817003788,79.80907994270834,PASS,none
TN_FENGAL_2024_109438,TN_FENGAL_2024,5107fa2bdfb35d77,TRUE,TRUE,data/tamil_nadu/buildings/validated/TN_FENGAL_2024_buildings.gpkg,1239.54,11.970458296193044,79.82834126801761,PASS,none
TN_FENGAL_2024_141955,TN_FENGAL_2024,26d019c3857a4889,TRUE,TRUE,data/tamil_nadu/buildings/validated/TN_FENGAL_2024_buildings.gpkg,18.08,12.00403647215562,79.82430216894394,PASS,none
TN_FENGAL_2024_074305,TN_FENGAL_2024,9147d01da268c8d5,TRUE,TRUE,data/tamil_nadu/buildings/validated/TN_FENGAL_2024_buildings.gpkg,1223.04,11.932766493294292,79.83600460454043,PASS,none
TN_FENGAL_2024_113808,TN_FENGAL_2024,9354ba2f8f791229,TRUE,TRUE,data/tamil_nadu/buildings/validated/TN_FENGAL_2024_buildings.gpkg,60.57,11.97681812457643,79.83931379726123,PASS,none
TN_FENGAL_2024_000003,TN_FENGAL_2024,9d327531965eba93,TRUE,TRUE,data/tamil_nadu/buildings/validated/TN_FENGAL_2024_buildings.gpkg,32.01,11.87121702917047,79.74235217082571,PASS,none
TN_FENGAL_2024_027039,TN_FENGAL_2024,0f66b38033cf886d,TRUE,TRUE,data/tamil_nadu/buildings/validated/TN_FENGAL_2024_buildings.gpkg,79.2,11.910825798063222,79.74000443085782,PASS,none
TN_FENGAL_2024_100789,TN_FENGAL_2024,b31ebb3c57da02d4,TRUE,TRUE,data/tamil_nadu/buildings/validated/TN_FENGAL_2024_buildings.gpkg,20.95,11.975539669525183,79.7369595087744,PASS,none
TN_FENGAL_2024_000052,TN_FENGAL_2024,b429b5ade275f609,TRUE,TRUE,data/tamil_nadu/buildings/validated/TN_FENGAL_2024_buildings.gpkg,69.63,11.881055494882714,79.74806731032673,PASS,none
TN_FENGAL_2024_100966,TN_FENGAL_2024,22b806c1703eacde,TRUE,TRUE,data/tamil_nadu/buildings/validated/TN_FENGAL_2024_buildings.gpkg,61.8,11.969943735399442,79.75347465635105,PASS,none
TN_FENGAL_2024_054678,TN_FENGAL_2024,af6bdaf658eead0a,TRUE,TRUE,data/tamil_nadu/buildings/validated/TN_FENGAL_2024_buildings.gpkg,383.73,11.940059729624389,79.76228117584138,PASS,none
TN_FENGAL_2024_004107,TN_FENGAL_2024,e8c92a53ae845bc7,TRUE,TRUE,data/tamil_nadu/buildings/validated/TN_FENGAL_2024_buildings.gpkg,24.11,11.882068456126426,79.77848440958252,PASS,none
TN_FENGAL_2024_036083,TN_FENGAL_2024,ae20296963bf139a,TRUE,TRUE,data/tamil_nadu/buildings/validated/TN_FENGAL_2024_buildings.gpkg,32.86,11.919616431502334,79.77408009475172,PASS,none
TN_FENGAL_2024_081106,TN_FENGAL_2024,c57f7c7af4325011,TRUE,TRUE,data/tamil_nadu/buildings/validated/TN_FENGAL_2024_buildings.gpkg,232.53,11.957790218957292,79.78036722834037,PASS,none
TN_FENGAL_2024_102562,TN_FENGAL_2024,4a21c4a977176631,TRUE,TRUE,data/tamil_nadu/buildings/validated/TN_FENGAL_2024_buildings.gpkg,106.11,11.976659631601748,79.78326447102155,PASS,none
TN_FENGAL_2024_036167,TN_FENGAL_2024,df4ef0b17a83543d,TRUE,TRUE,data/tamil_nadu/buildings/validated/TN_FENGAL_2024_buildings.gpkg,14.0,11.913279718423906,79.7872101516931,PASS,none
TN_FENGAL_2024_109753,TN_FENGAL_2024,40a5548b0a692df5,TRUE,TRUE,data/tamil_nadu/buildings/validated/TN_FENGAL_2024_buildings.gpkg,64.72,11.974467855129044,79.82320505580023,PASS,none
TN_FENGAL_2024_052392,TN_FENGAL_2024,38b3be15c7948077,TRUE,TRUE,data/tamil_nadu/buildings/validated/TN_FENGAL_2024_buildings.gpkg,123.17,11.939845605129356,79.73754900455666,PASS,none
TN_FENGAL_2024_119507,TN_FENGAL_2024,6a6499f9631db82c,TRUE,TRUE,data/tamil_nadu/buildings/validated/TN_FENGAL_2024_buildings.gpkg,48.1,11.989294533626312,79.75152726450314,PASS,none
TN_FENGAL_2024_132816,TN_FENGAL_2024,9571163c43423069,TRUE,TRUE,data/tamil_nadu/buildings/validated/TN_FENGAL_2024_buildings.gpkg,38.79,12.00432693450604,79.75328660508539,PASS,none
TN_FENGAL_2024_121055,TN_FENGAL_2024,2d3976560fd17830,TRUE,TRUE,data/tamil_nadu/buildings/validated/TN_FENGAL_2024_buildings.gpkg,25.16,11.986324824805857,79.77137267490471,PASS,none
TN_FENGAL_2024_004110,TN_FENGAL_2024,0beab3ce87f9d30c,TRUE,TRUE,data/tamil_nadu/buildings/validated/TN_FENGAL_2024_buildings.gpkg,59.94,11.882098716326459,79.77927523870807,PASS,none
TN_FENGAL_2024_015694,TN_FENGAL_2024,ba1488be1076dda9,TRUE,TRUE,data/tamil_nadu/buildings/validated/TN_FENGAL_2024_buildings.gpkg,10.88,11.901596058582113,79.78052704596021,PASS,none
TN_FENGAL_2024_060094,TN_FENGAL_2024,d512a8cf8acbd35d,TRUE,TRUE,data/tamil_nadu/buildings/validated/TN_FENGAL_2024_buildings.gpkg,58.13,11.93995653110166,79.77765826751518,PASS,none
TN_FENGAL_2024_059318,TN_FENGAL_2024,d5dc549400520cca,TRUE,TRUE,data/tamil_nadu/buildings/validated/TN_FENGAL_2024_buildings.gpkg,43.77,11.939200316511489,79.79062823811141,PASS,none
TN_FENGAL_2024_064278,TN_FENGAL_2024,22f70d5bfe617060,TRUE,TRUE,data/tamil_nadu/buildings/validated/TN_FENGAL_2024_buildings.gpkg,112.24,11.933383772853391,79.80933824178398,PASS,none
TN_FENGAL_2024_008897,TN_FENGAL_2024,1941565d5e68ebcd,TRUE,TRUE,data/tamil_nadu/buildings/validated/TN_FENGAL_2024_buildings.gpkg,85.66,11.883386916207611,79.82062088924442,PASS,none
TN_FENGAL_2024_090899,TN_FENGAL_2024,d5457146ee63649f,TRUE,TRUE,data/tamil_nadu/buildings/validated/TN_FENGAL_2024_buildings.gpkg,141.77,11.9416265058221,79.81602185985948,PASS,none
TN_FENGAL_2024_069240,TN_FENGAL_2024,847934873470be97,TRUE,TRUE,data/tamil_nadu/buildings/validated/TN_FENGAL_2024_buildings.gpkg,155.85,11.936606640895397,79.82600031331125,PASS,none
TN_FENGAL_2024_090923,TN_FENGAL_2024,9d082b28d431b05d,TRUE,TRUE,data/tamil_nadu/buildings/validated/TN_FENGAL_2024_buildings.gpkg,80.42,11.944417192979861,79.82415902302431,PASS,none
TN_FENGAL_2024_141984,TN_FENGAL_2024,e34063ab36be45e6,TRUE,TRUE,data/tamil_nadu/buildings/validated/TN_FENGAL_2024_buildings.gpkg,110.86,12.014525439580492,79.82316719935082,PASS,none
TN_FENGAL_2024_095865,TN_FENGAL_2024,33e46923fb93b8d4,TRUE,TRUE,data/tamil_nadu/buildings/validated/TN_FENGAL_2024_buildings.gpkg,255.3,11.950893807363885,79.83749526013031,PASS,none
TN_FENGAL_2024_000013,TN_FENGAL_2024,284a3bec69f33982,TRUE,TRUE,data/tamil_nadu/buildings/validated/TN_FENGAL_2024_buildings.gpkg,19.6,11.865577287726463,79.75034174652555,PASS,none
TN_FENGAL_2024_002984,TN_FENGAL_2024,6659121e27d9e53b,TRUE,TRUE,data/tamil_nadu/buildings/validated/TN_FENGAL_2024_buildings.gpkg,20.47,11.865121054621497,79.76463802254858,PASS,none
TN_FENGAL_2024_133720,TN_FENGAL_2024,6ba82f6b6a77dd93,TRUE,TRUE,data/tamil_nadu/buildings/validated/TN_FENGAL_2024_buildings.gpkg,22.54,12.003268962198723,79.76478759622158,PASS,none
TN_FENGAL_2024_004088,TN_FENGAL_2024,6c3eff3596ef9ab4,TRUE,TRUE,data/tamil_nadu/buildings/validated/TN_FENGAL_2024_buildings.gpkg,157.77,11.865390723430288,79.77354691116527,PASS,none
TN_FENGAL_2024_004117,TN_FENGAL_2024,85b85245ba56db25,TRUE,TRUE,data/tamil_nadu/buildings/validated/TN_FENGAL_2024_buildings.gpkg,67.05,11.88188693103403,79.7796657645366,PASS,none
TN_FENGAL_2024_081259,TN_FENGAL_2024,b8e7a4d06af1375f,TRUE,TRUE,data/tamil_nadu/buildings/validated/TN_FENGAL_2024_buildings.gpkg,227.85,11.957717050605789,79.78133033404688,PASS,none
TN_FENGAL_2024_121576,TN_FENGAL_2024,b77d1ebfa9bd43a4,TRUE,TRUE,data/tamil_nadu/buildings/validated/TN_FENGAL_2024_buildings.gpkg,47.71,11.995650752504403,79.77713432534584,PASS,none
TN_FENGAL_2024_081137,TN_FENGAL_2024,8b52738a048e6737,TRUE,TRUE,data/tamil_nadu/buildings/validated/TN_FENGAL_2024_buildings.gpkg,72.92,11.957425501825124,79.79010312027002,PASS,none
TN_FENGAL_2024_005293,TN_FENGAL_2024,590f53b70c629366,TRUE,TRUE,data/tamil_nadu/buildings/validated/TN_FENGAL_2024_buildings.gpkg,24.28,11.87317396296233,79.80492217187738,PASS,none
TN_FENGAL_2024_017085,TN_FENGAL_2024,388b870ce03fa7e2,TRUE,TRUE,data/tamil_nadu/buildings/validated/TN_FENGAL_2024_buildings.gpkg,25.23,11.89629549881585,79.80217534593172,PASS,none
TN_FENGAL_2024_085962,TN_FENGAL_2024,f33fa44ce054c133,TRUE,TRUE,data/tamil_nadu/buildings/validated/TN_FENGAL_2024_buildings.gpkg,74.69,11.944387148173742,79.80404346585534,PASS,none
TN_FENGAL_2024_140313,TN_FENGAL_2024,6086573aaaf0c2a9,TRUE,TRUE,data/tamil_nadu/buildings/validated/TN_FENGAL_2024_buildings.gpkg,43.95,12.006526100594238,79.79935130600465,PASS,none
TN_FENGAL_2024_008881,TN_FENGAL_2024,9407befb49029f73,TRUE,TRUE,data/tamil_nadu/buildings/validated/TN_FENGAL_2024_buildings.gpkg,70.37,11.866517370615181,79.81510860904314,PASS,none
TN_FENGAL_2024_069236,TN_FENGAL_2024,e03aa06fa6e56347,TRUE,TRUE,data/tamil_nadu/buildings/validated/TN_FENGAL_2024_buildings.gpkg,62.19,11.939581209510735,79.81295053454517,PASS,none
TN_FENGAL_2024_110434,TN_FENGAL_2024,d2c0c14762c4b039,TRUE,TRUE,data/tamil_nadu/buildings/validated/TN_FENGAL_2024_buildings.gpkg,9.43,11.9719287143026,79.82861007489629,PASS,none
TN_FENGAL_2024_074475,TN_FENGAL_2024,3616201bf5f7091b,TRUE,TRUE,data/tamil_nadu/buildings/validated/TN_FENGAL_2024_buildings.gpkg,65.71,11.934650573812617,79.83583778236402,PASS,none
TN_FENGAL_2024_052722,TN_FENGAL_2024,8950f924fa2f2bff,TRUE,TRUE,data/tamil_nadu/buildings/validated/TN_FENGAL_2024_buildings.gpkg,493.77,11.9399749926238,79.74291648393556,PASS,none
TN_FENGAL_2024_118765,TN_FENGAL_2024,de1bbf078d472702,TRUE,TRUE,data/tamil_nadu/buildings/validated/TN_FENGAL_2024_buildings.gpkg,10.45,11.985590049318816,79.73767137096137,PASS,none
TN_FENGAL_2024_056268,TN_FENGAL_2024,8da77a35cc8ddd2d,TRUE,TRUE,data/tamil_nadu/buildings/validated/TN_FENGAL_2024_buildings.gpkg,22.42,11.94000336979627,79.75714774637825,PASS,none
TN_FENGAL_2024_132820,TN_FENGAL_2024,96854bf4d1016dd2,TRUE,TRUE,data/tamil_nadu/buildings/validated/TN_FENGAL_2024_buildings.gpkg,100.66,12.005686514835888,79.74730829509741,PASS,none
TN_FENGAL_2024_002990,TN_FENGAL_2024,77d1b6890023b29d,TRUE,TRUE,data/tamil_nadu/buildings/validated/TN_FENGAL_2024_buildings.gpkg,72.07,11.867188754880189,79.7696851315847,PASS,none
TN_FENGAL_2024_013334,TN_FENGAL_2024,4914961645e56e2b,TRUE,TRUE,data/tamil_nadu/buildings/validated/TN_FENGAL_2024_buildings.gpkg,15.84,11.900299513049651,79.76787119037073,PASS,none
TN_FENGAL_2024_055127,TN_FENGAL_2024,90c5cb147e3d5ad8,TRUE,TRUE,data/tamil_nadu/buildings/validated/TN_FENGAL_2024_buildings.gpkg,135.86,11.939929621650768,79.77023647798552,PASS,none
TN_FENGAL_2024_015715,TN_FENGAL_2024,9095cf6f01c30e12,TRUE,TRUE,data/tamil_nadu/buildings/validated/TN_FENGAL_2024_buildings.gpkg,25.35,11.899685846688234,79.7807677511587,PASS,none
TN_FENGAL_2024_081150,TN_FENGAL_2024,ba82c6d05c1cee6b,TRUE,TRUE,data/tamil_nadu/buildings/validated/TN_FENGAL_2024_buildings.gpkg,120.11,11.95811355331243,79.79059699238117,PASS,none
TN_FENGAL_2024_006033,TN_FENGAL_2024,0137aa5bca04abd3,TRUE,TRUE,data/tamil_nadu/buildings/validated/TN_FENGAL_2024_buildings.gpkg,139.35,11.883676391281739,79.79902552452597,PASS,none
TN_FENGAL_2024_069238,TN_FENGAL_2024,d330a18b9c72c588,TRUE,TRUE,data/tamil_nadu/buildings/validated/TN_FENGAL_2024_buildings.gpkg,142.06,11.933999858048594,79.81842473075356,PASS,none
TN_FENGAL_2024_090903,TN_FENGAL_2024,11ed1f47be343143,TRUE,TRUE,data/tamil_nadu/buildings/validated/TN_FENGAL_2024_buildings.gpkg,146.19,11.94093718381329,79.81537738663006,PASS,none
TN_FENGAL_2024_091146,TN_FENGAL_2024,09be06479687cac2,TRUE,TRUE,data/tamil_nadu/buildings/validated/TN_FENGAL_2024_buildings.gpkg,12.65,11.958680441306212,79.82781367676033,PASS,none
TN_FENGAL_2024_125761,TN_FENGAL_2024,4481f55483a0f0fa,TRUE,TRUE,data/tamil_nadu/buildings/validated/TN_FENGAL_2024_buildings.gpkg,42.55,11.991148390927265,79.82390606932792,PASS,none
TN_FENGAL_2024_142042,TN_FENGAL_2024,8c56b7ff73b08a73,TRUE,TRUE,data/tamil_nadu/buildings/validated/TN_FENGAL_2024_buildings.gpkg,22.06,12.014270711068633,79.82838119890492,PASS,none
TN_FENGAL_2024_095869,TN_FENGAL_2024,612f649ab8257ed1,TRUE,TRUE,data/tamil_nadu/buildings/validated/TN_FENGAL_2024_buildings.gpkg,41.2,11.951231598821357,79.83887632707865,PASS,none
TN_FENGAL_2024_113813,TN_FENGAL_2024,c40a8a10f61ae73d,TRUE,TRUE,data/tamil_nadu/buildings/validated/TN_FENGAL_2024_buildings.gpkg,51.61,11.973745497910894,79.84203366605922,PASS,none
TN_FENGAL_2024_143114,TN_FENGAL_2024,22dba7d1193f539c,TRUE,TRUE,data/tamil_nadu/buildings/validated/TN_FENGAL_2024_buildings.gpkg,23.23,12.010313573568043,79.84662330856172,PASS,none
TN_FENGAL_2024_131355,TN_FENGAL_2024,9c502025115a75b5,TRUE,TRUE,data/tamil_nadu/buildings/validated/TN_FENGAL_2024_buildings.gpkg,80.23,11.993834875106527,79.85031262860542,PASS,none
TN_FENGAL_2024_143593,TN_FENGAL_2024,035fce0e013e88c2,TRUE,TRUE,data/tamil_nadu/buildings/validated/TN_FENGAL_2024_buildings.gpkg,20.29,12.007857877414498,79.85811931732272,PASS,none
TN_FENGAL_2024_000045,TN_FENGAL_2024,66fdc140d65b9be6,TRUE,TRUE,data/tamil_nadu/buildings/validated/TN_FENGAL_2024_buildings.gpkg,88.89,11.879860996049278,79.74245460141634,PASS,none
TN_FENGAL_2024_027490,TN_FENGAL_2024,02382ad24537cbc3,TRUE,TRUE,data/tamil_nadu/buildings/validated/TN_FENGAL_2024_buildings.gpkg,78.65,11.916962952134073,79.74963326428923,PASS,none
TN_FENGAL_2024_052590,TN_FENGAL_2024,f3d47d43dc7e8065,TRUE,TRUE,data/tamil_nadu/buildings/validated/TN_FENGAL_2024_buildings.gpkg,39.48,11.938530236564489,79.75005320397908,PASS,none
TN_FENGAL_2024_079579,TN_FENGAL_2024,ec10ae7f42dfb99e,TRUE,TRUE,data/tamil_nadu/buildings/validated/TN_FENGAL_2024_buildings.gpkg,44.95,11.956348578043645,79.75484391860641,PASS,none
TN_FENGAL_2024_100971,TN_FENGAL_2024,c6de48aadc97fe34,TRUE,TRUE,data/tamil_nadu/buildings/validated/TN_FENGAL_2024_buildings.gpkg,22.62,11.972563073451598,79.75329256590383,PASS,none
TN_FENGAL_2024_031122,TN_FENGAL_2024,6a6a596c32e5f999,TRUE,TRUE,data/tamil_nadu/buildings/validated/TN_FENGAL_2024_buildings.gpkg,90.87,11.91981293335149,79.76712750999457,PASS,none
TN_FENGAL_2024_101021,TN_FENGAL_2024,1657626452b77e8d,TRUE,TRUE,data/tamil_nadu/buildings/validated/TN_FENGAL_2024_buildings.gpkg,43.05,11.973276877959997,79.76712518699485,PASS,none
TN_FENGAL_2024_004093,TN_FENGAL_2024,846732f3d56087fd,TRUE,TRUE,data/tamil_nadu/buildings/validated/TN_FENGAL_2024_buildings.gpkg,10.43,11.87411741654661,79.77606924143409,PASS,none
TN_FENGAL_2024_006450,TN_FENGAL_2024,6690a6aa8aa7229f,TRUE,TRUE,data/tamil_nadu/buildings/validated/TN_FENGAL_2024_buildings.gpkg,38.43,11.88372676862457,79.8007904769426,PASS,none
TN_FENGAL_2024_040554,TN_FENGAL_2024,e626b47494067b25,TRUE,TRUE,data/tamil_nadu/buildings/validated/TN_FENGAL_2024_buildings.gpkg,53.31,11.914129693419717,79.80111872737673,PASS,none
TN_FENGAL_2024_085966,TN_FENGAL_2024,30c8765bcccf9535,TRUE,TRUE,data/tamil_nadu/buildings/validated/TN_FENGAL_2024_buildings.gpkg,101.78,11.949444470768151,79.80710215093,PASS,none
TN_FENGAL_2024_008884,TN_FENGAL_2024,443fa53fdbcf0ae8,TRUE,TRUE,data/tamil_nadu/buildings/validated/TN_FENGAL_2024_buildings.gpkg,41.83,11.866911259535069,79.81558889496041,PASS,none
TN_FENGAL_2024_090924,TN_FENGAL_2024,721a7b1715f1f425,TRUE,TRUE,data/tamil_nadu/buildings/validated/TN_FENGAL_2024_buildings.gpkg,195.85,11.95524715101411,79.81297604057268,PASS,none
TN_FENGAL_2024_125721,TN_FENGAL_2024,0092504264ad28d4,TRUE,TRUE,data/tamil_nadu/buildings/validated/TN_FENGAL_2024_buildings.gpkg,154.98,11.99489737111656,79.81091416926957,PASS,none
TN_FENGAL_2024_045609,TN_FENGAL_2024,b45cc4a0346cb3a9,TRUE,TRUE,data/tamil_nadu/buildings/validated/TN_FENGAL_2024_buildings.gpkg,51.96,11.917419626114887,79.82388033552976,PASS,none
TN_FENGAL_2024_009804,TN_FENGAL_2024,ee0d63489b9da656,TRUE,TRUE,data/tamil_nadu/buildings/validated/TN_FENGAL_2024_buildings.gpkg,347.57,11.89512905959956,79.73980882359226,PASS,none
TN_FENGAL_2024_100794,TN_FENGAL_2024,700d9ebaeccd9bba,TRUE,TRUE,data/tamil_nadu/buildings/validated/TN_FENGAL_2024_buildings.gpkg,113.1,11.977301186678377,79.73659114354426,PASS,none
TN_FENGAL_2024_000025,TN_FENGAL_2024,3e89123c65722ced,TRUE,TRUE,data/tamil_nadu/buildings/validated/TN_FENGAL_2024_buildings.gpkg,85.1,11.868138734012394,79.74955820029874,PASS,none
TN_FENGAL_2024_079730,TN_FENGAL_2024,005da8b248c0de13,TRUE,TRUE,data/tamil_nadu/buildings/validated/TN_FENGAL_2024_buildings.gpkg,18.67,11.956977492496625,79.75741822942285,PASS,none
TN_FENGAL_2024_003000,TN_FENGAL_2024,f8290c632163e85c,TRUE,TRUE,data/tamil_nadu/buildings/validated/TN_FENGAL_2024_buildings.gpkg,10.16,11.882526403592294,79.77111492761217,PASS,none
TN_FENGAL_2024_121067,TN_FENGAL_2024,230ad413c0017ee8,TRUE,TRUE,data/tamil_nadu/buildings/validated/TN_FENGAL_2024_buildings.gpkg,10.27,11.987695138099625,79.77193210300969,PASS,none
TN_FENGAL_2024_133723,TN_FENGAL_2024,2f85a7d0b74f5dbc,TRUE,TRUE,data/tamil_nadu/buildings/validated/TN_FENGAL_2024_buildings.gpkg,100.75,12.001012971625851,79.77234202215863,PASS,none
TN_FENGAL_2024_004095,TN_FENGAL_2024,b9d774c350af717d,TRUE,TRUE,data/tamil_nadu/buildings/validated/TN_FENGAL_2024_buildings.gpkg,27.25,11.865978301484883,79.77396121883467,PASS,none
TN_FENGAL_2024_059307,TN_FENGAL_2024,562bf99dc220e898,TRUE,TRUE,data/tamil_nadu/buildings/validated/TN_FENGAL_2024_buildings.gpkg,112.76,11.926689417495004,79.78029475762972,PASS,none
TN_FENGAL_2024_085970,TN_FENGAL_2024,97f15257f74911e1,TRUE,TRUE,data/tamil_nadu/buildings/validated/TN_FENGAL_2024_buildings.gpkg,77.29,11.942431143597423,79.8048502801389,PASS,none
TN_FENGAL_2024_045524,TN_FENGAL_2024,4f937e81c42c5e6b,TRUE,TRUE,data/tamil_nadu/buildings/validated/TN_FENGAL_2024_buildings.gpkg,71.64,11.920667052509428,79.81338917356804,PASS,none
TN_FENGAL_2024_090939,TN_FENGAL_2024,0608229ee59de620,TRUE,TRUE,data/tamil_nadu/buildings/validated/TN_FENGAL_2024_buildings.gpkg,219.37,11.948472992076216,79.82431401405827,PASS,none
TN_FENGAL_2024_110838,TN_FENGAL_2024,a67f9aae59875822,TRUE,TRUE,data/tamil_nadu/buildings/validated/TN_FENGAL_2024_buildings.gpkg,148.16,11.977298122836675,79.82403097643467,PASS,none
TN_FENGAL_2024_095874,TN_FENGAL_2024,da6cbb7e12a461e5,TRUE,TRUE,data/tamil_nadu/buildings/validated/TN_FENGAL_2024_buildings.gpkg,33.11,11.946982623846718,79.83770172432786,PASS,none
TN_FENGAL_2024_126410,TN_FENGAL_2024,5ab5993b19cac197,TRUE,TRUE,data/tamil_nadu/buildings/validated/TN_FENGAL_2024_buildings.gpkg,23.72,11.993406517857526,79.84452294890245,PASS,none
TN_FENGAL_2024_027498,TN_FENGAL_2024,60821f737ab62726,TRUE,TRUE,data/tamil_nadu/buildings/validated/TN_FENGAL_2024_buildings.gpkg,36.4,11.91504107477818,79.75038014405929,PASS,none
TN_FENGAL_2024_052595,TN_FENGAL_2024,a395f8f58417d12e,TRUE,TRUE,data/tamil_nadu/buildings/validated/TN_FENGAL_2024_buildings.gpkg,72.61,11.936055847952534,79.75180472741144,PASS,none
TN_FENGAL_2024_079911,TN_FENGAL_2024,981484aa6b7305d8,TRUE,TRUE,data/tamil_nadu/buildings/validated/TN_FENGAL_2024_buildings.gpkg,17.75,11.957620476627739,79.75701499370098,PASS,none
TN_FENGAL_2024_121069,TN_FENGAL_2024,f6d7832c9abf37db,TRUE,TRUE,data/tamil_nadu/buildings/validated/TN_FENGAL_2024_buildings.gpkg,28.6,11.986861935193552,79.77185297439388,PASS,none
TN_FENGAL_2024_133724,TN_FENGAL_2024,0c216def1c8f02e3,TRUE,TRUE,data/tamil_nadu/buildings/validated/TN_FENGAL_2024_buildings.gpkg,27.84,12.00392054481397,79.76174304378955,PASS,none
TN_FENGAL_2024_015729,TN_FENGAL_2024,665acba0eabc2257,TRUE,TRUE,data/tamil_nadu/buildings/validated/TN_FENGAL_2024_buildings.gpkg,97.04,11.902203114666689,79.77761355856222,PASS,none
TN_FENGAL_2024_015689,TN_FENGAL_2024,b1335f32b083087b,TRUE,TRUE,data/tamil_nadu/buildings/validated/TN_FENGAL_2024_buildings.gpkg,7.61,11.89922446413706,79.78907948230632,PASS,none
TN_FENGAL_2024_017099,TN_FENGAL_2024,6877f37f098cb48b,TRUE,TRUE,data/tamil_nadu/buildings/validated/TN_FENGAL_2024_buildings.gpkg,45.96,11.89912764392556,79.80140679309783,PASS,none
TN_FENGAL_2024_040557,TN_FENGAL_2024,9e3989067fedbf12,TRUE,TRUE,data/tamil_nadu/buildings/validated/TN_FENGAL_2024_buildings.gpkg,23.12,11.917083247289726,79.8081959928464,PASS,none
TN_FENGAL_2024_009465,TN_FENGAL_2024,f95bb69e0aa3fd79,TRUE,TRUE,data/tamil_nadu/buildings/validated/TN_FENGAL_2024_buildings.gpkg,35.47,11.882448439821358,79.82418515515997,PASS,none
TN_FENGAL_2024_091183,TN_FENGAL_2024,b7f18bb7c3e7c667,TRUE,TRUE,data/tamil_nadu/buildings/validated/TN_FENGAL_2024_buildings.gpkg,143.13,11.95744607130393,79.82314587944241,PASS,none
TN_FENGAL_2024_113841,TN_FENGAL_2024,5fdb760fec3bb7f8,TRUE,TRUE,data/tamil_nadu/buildings/validated/TN_FENGAL_2024_buildings.gpkg,66.37,11.976054980698997,79.84143489910484,PASS,none
TN_FENGAL_2024_132727,TN_FENGAL_2024,91ddd501c2f4ea5b,TRUE,TRUE,data/tamil_nadu/buildings/validated/TN_FENGAL_2024_buildings.gpkg,19.26,12.008803075861547,79.73598032012953,PASS,none
TN_FENGAL_2024_010465,TN_FENGAL_2024,db5795de6864819d,TRUE,TRUE,data/tamil_nadu/buildings/validated/TN_FENGAL_2024_buildings.gpkg,14.44,11.89960316150745,79.75323760913712,PASS,none
TN_FENGAL_2024_054372,TN_FENGAL_2024,91b7fc1e940ea317,TRUE,TRUE,data/tamil_nadu/buildings/validated/TN_FENGAL_2024_buildings.gpkg,97.29,11.92958874344466,79.77025684611597,PASS,none
TN_FENGAL_2024_036099,TN_FENGAL_2024,3557c570dd8ac197,TRUE,TRUE,data/tamil_nadu/buildings/validated/TN_FENGAL_2024_buildings.gpkg,125.97,11.91035574198103,79.78331942174646,PASS,none
TN_FENGAL_2024_059309,TN_FENGAL_2024,f0cdebf012058acf,TRUE,TRUE,data/tamil_nadu/buildings/validated/TN_FENGAL_2024_buildings.gpkg,33.62,11.935853543894181,79.7832521924399,PASS,none
TN_FENGAL_2024_134350,TN_FENGAL_2024,cb46e584d4a3e9b5,TRUE,TRUE,data/tamil_nadu/buildings/validated/TN_FENGAL_2024_buildings.gpkg,102.89,12.01220963697643,79.77231806984103,PASS,none
TN_FENGAL_2024_004421,TN_FENGAL_2024,ddb9056a016d95ac,TRUE,TRUE,data/tamil_nadu/buildings/validated/TN_FENGAL_2024_buildings.gpkg,55.57,11.882926520978224,79.79075596744676,PASS,none
TN_FENGAL_2024_017101,TN_FENGAL_2024,f0c316ae518f2f2f,TRUE,TRUE,data/tamil_nadu/buildings/validated/TN_FENGAL_2024_buildings.gpkg,11.64,11.89546785324086,79.79900318215218,PASS,none
TN_FENGAL_2024_008928,TN_FENGAL_2024,56948fa060522dcd,TRUE,TRUE,data/tamil_nadu/buildings/validated/TN_FENGAL_2024_buildings.gpkg,46.45,11.880875611327388,79.81893764553328,PASS,none
TN_FENGAL_2024_069246,TN_FENGAL_2024,01252dff5dafdb22,TRUE,TRUE,data/tamil_nadu/buildings/validated/TN_FENGAL_2024_buildings.gpkg,60.59,11.940021809442852,79.8121931671684,PASS,none
TN_FENGAL_2024_090949,TN_FENGAL_2024,b200d88dd4268d7b,TRUE,TRUE,data/tamil_nadu/buildings/validated/TN_FENGAL_2024_buildings.gpkg,14.11,11.956688345465906,79.82205075666234,PASS,none
TN_FENGAL_2024_000019,TN_FENGAL_2024,27438c76beccb113,TRUE,TRUE,data/tamil_nadu/buildings/validated/TN_FENGAL_2024_buildings.gpkg,27.12,11.8794330259798,79.74140566228644,PASS,none
TN_FENGAL_2024_100797,TN_FENGAL_2024,ef4a2a567e313994,TRUE,TRUE,data/tamil_nadu/buildings/validated/TN_FENGAL_2024_buildings.gpkg,35.46,11.977341590209056,79.73708211092428,PASS,none
TN_FENGAL_2024_000130,TN_FENGAL_2024,e4a2e5491adccac0,TRUE,TRUE,data/tamil_nadu/buildings/validated/TN_FENGAL_2024_buildings.gpkg,26.87,11.880441707819479,79.74806155692443,PASS,none
TN_FENGAL_2024_052597,TN_FENGAL_2024,1bec594223923184,TRUE,TRUE,data/tamil_nadu/buildings/validated/TN_FENGAL_2024_buildings.gpkg,23.59,11.938479260644966,79.74946632653614,PASS,none
TN_FENGAL_2024_100978,TN_FENGAL_2024,06bd2dbd3bb0f21d,TRUE,TRUE,data/tamil_nadu/buildings/validated/TN_FENGAL_2024_buildings.gpkg,8.03,11.972197669261563,79.75134672238079,PASS,none
TN_FENGAL_2024_119514,TN_FENGAL_2024,2791d077bb5f434f,TRUE,TRUE,data/tamil_nadu/buildings/validated/TN_FENGAL_2024_buildings.gpkg,66.96,11.990194604101829,79.75135140954663,PASS,none
TN_FENGAL_2024_132834,TN_FENGAL_2024,19bd7a067ecfe126,TRUE,TRUE,data/tamil_nadu/buildings/validated/TN_FENGAL_2024_buildings.gpkg,37.36,12.001202520484144,79.749936979676,PASS,none
TN_FENGAL_2024_013389,TN_FENGAL_2024,7827e2e28b078446,TRUE,TRUE,data/tamil_nadu/buildings/validated/TN_FENGAL_2024_buildings.gpkg,248.71,11.900948200215797,79.76744752951768,PASS,none
TN_FENGAL_2024_015736,TN_FENGAL_2024,93e86a7ac2a2cd28,TRUE,TRUE,data/tamil_nadu/buildings/validated/TN_FENGAL_2024_buildings.gpkg,22.78,11.901303575241087,79.78374898701054,PASS,none
TN_FENGAL_2024_134368,TN_FENGAL_2024,4e45bb87c388c2e4,TRUE,TRUE,data/tamil_nadu/buildings/validated/TN_FENGAL_2024_buildings.gpkg,209.04,12.009569405740333,79.77255487591641,PASS,none
TN_FENGAL_2024_102549,TN_FENGAL_2024,3b2b79ba8fb33a78,TRUE,TRUE,data/tamil_nadu/buildings/validated/TN_FENGAL_2024_buildings.gpkg,9.95,11.97505303594836,79.7880602353828,PASS,none
TN_FENGAL_2024_090944,TN_FENGAL_2024,d980e283dd443141,TRUE,TRUE,data/tamil_nadu/buildings/validated/TN_FENGAL_2024_buildings.gpkg,493.63,11.947476604041048,79.82837247887646,PASS,none
TN_FENGAL_2024_000058,TN_FENGAL_2024,c86ed8b4b9c5dd73,TRUE,TRUE,data/tamil_nadu/buildings/validated/TN_FENGAL_2024_buildings.gpkg,48.33,11.8821003070875,79.74655407770052,PASS,none
TN_FENGAL_2024_051705,TN_FENGAL_2024,ab606e6a63d75d89,TRUE,TRUE,data/tamil_nadu/buildings/validated/TN_FENGAL_2024_buildings.gpkg,25.82,11.927327995593945,79.73862526866778,PASS,none
TN_FENGAL_2024_000137,TN_FENGAL_2024,f3ea0114b3b3f011,TRUE,TRUE,data/tamil_nadu/buildings/validated/TN_FENGAL_2024_buildings.gpkg,82.59,11.880143247362913,79.75172904625715,PASS,none
TN_FENGAL_2024_080072,TN_FENGAL_2024,09747cbe578916c4,TRUE,TRUE,data/tamil_nadu/buildings/validated/TN_FENGAL_2024_buildings.gpkg,26.83,11.956929198173448,79.75732234855138,PASS,none
TN_FENGAL_2024_100979,TN_FENGAL_2024,b97ced7ff3f7860f,TRUE,TRUE,data/tamil_nadu/buildings/validated/TN_FENGAL_2024_buildings.gpkg,18.26,11.971643649851226,79.74955799313275,PASS,none
TN_FENGAL_2024_119515,TN_FENGAL_2024,5cdcb96820217e58,TRUE,TRUE,data/tamil_nadu/buildings/validated/TN_FENGAL_2024_buildings.gpkg,56.71,11.98863467174355,79.75117993283345,PASS,none
TN_FENGAL_2024_081624,TN_FENGAL_2024,8e79a2803696362c,TRUE,TRUE,data/tamil_nadu/buildings/validated/TN_FENGAL_2024_buildings.gpkg,68.58,11.955054054128189,79.78101686463074,PASS,none
TN_FENGAL_2024_123841,TN_FENGAL_2024,e8d39998c055ff02,TRUE,TRUE,data/tamil_nadu/buildings/validated/TN_FENGAL_2024_buildings.gpkg,24.6,11.994592037425747,79.79942113143693,PASS,none
TN_FENGAL_2024_045530,TN_FENGAL_2024,be67d8ccf15e5acb,TRUE,TRUE,data/tamil_nadu/buildings/validated/TN_FENGAL_2024_buildings.gpkg,98.91,11.919000072844366,79.81430444611583,PASS,none
TN_FENGAL_2024_074820,TN_FENGAL_2024,b8e925b73644f62b,TRUE,TRUE,data/tamil_nadu/buildings/validated/TN_FENGAL_2024_buildings.gpkg,633.62,11.932104690525307,79.83583727895295,PASS,none
TN_FENGAL_2024_113847,TN_FENGAL_2024,b0e5e80c9d6dd396,TRUE,TRUE,data/tamil_nadu/buildings/validated/TN_FENGAL_2024_buildings.gpkg,24.42,11.975047002781382,79.83593994375074,PASS,none
TN_FENGAL_2024_143132,TN_FENGAL_2024,221d20fdb02e6381,TRUE,TRUE,data/tamil_nadu/buildings/validated/TN_FENGAL_2024_buildings.gpkg,63.52,12.012654057013362,79.84118772244922,PASS,none
TN_FENGAL_2024_000063,TN_FENGAL_2024,4bfdd071ac7d3c6e,TRUE,TRUE,data/tamil_nadu/buildings/validated/TN_FENGAL_2024_buildings.gpkg,8.34,11.882757042379804,79.73809738917168,PASS,none
TN_FENGAL_2024_027058,TN_FENGAL_2024,4b8c7d009e626c4d,TRUE,TRUE,data/tamil_nadu/buildings/validated/TN_FENGAL_2024_buildings.gpkg,7.5,11.917728053962668,79.73585011170687,PASS,none
TN_FENGAL_2024_051706,TN_FENGAL_2024,20d23e15fc19b704,TRUE,TRUE,data/tamil_nadu/buildings/validated/TN_FENGAL_2024_buildings.gpkg,116.87,11.934151609547268,79.73861742043955,PASS,none
TN_FENGAL_2024_000139,TN_FENGAL_2024,b453b833dc341d58,TRUE,TRUE,data/tamil_nadu/buildings/validated/TN_FENGAL_2024_buildings.gpkg,23.33,11.881616823589246,79.75021658993305,PASS,none
TN_FENGAL_2024_003235,TN_FENGAL_2024,fab040768f83de8e,TRUE,TRUE,data/tamil_nadu/buildings/validated/TN_FENGAL_2024_buildings.gpkg,14.28,11.88138215036297,79.7690286269724,PASS,none
TN_FENGAL_2024_101056,TN_FENGAL_2024,1cba0ee1d9b51e57,TRUE,TRUE,data/tamil_nadu/buildings/validated/TN_FENGAL_2024_buildings.gpkg,49.92,11.972987968839115,79.76656968721134,PASS,none
TN_FENGAL_2024_121084,TN_FENGAL_2024,9cac4c2dbb0b682c,TRUE,TRUE,data/tamil_nadu/buildings/validated/TN_FENGAL_2024_buildings.gpkg,25.26,11.996046102714475,79.76809444692847,PASS,none
TN_FENGAL_2024_004122,TN_FENGAL_2024,1758230a0009ff54,TRUE,TRUE,data/tamil_nadu/buildings/validated/TN_FENGAL_2024_buildings.gpkg,128.44,11.871753139604017,79.79022462619038,PASS,none
TN_FENGAL_2024_004518,TN_FENGAL_2024,6d2fff0821d9d63c,TRUE,TRUE,data/tamil_nadu/buildings/validated/TN_FENGAL_2024_buildings.gpkg,10.99,11.883617701383889,79.79036006605497,PASS,none
TN_FENGAL_2024_102557,TN_FENGAL_2024,a9d5af5aada2f1eb,TRUE,TRUE,data/tamil_nadu/buildings/validated/TN_FENGAL_2024_buildings.gpkg,93.78,11.97729161659335,79.7864425332088,PASS,none
TN_FENGAL_2024_121670,TN_FENGAL_2024,923610d4aa20eef0,TRUE,TRUE,data/tamil_nadu/buildings/validated/TN_FENGAL_2024_buildings.gpkg,25.37,11.986718674538158,79.78831957535141,PASS,none
TN_CHENNAI_FLOOD_2021_193123,TN_CHENNAI_FLOOD_2021,7dd44c720ee7a1c3,TRUE,TRUE,data/tamil_nadu/buildings/validated/TN_CHENNAI_FLOOD_2021_buildings.gpkg,58.73,13.152039797460763,80.25158221335813,PASS,none
TN_CHENNAI_FLOOD_2021_206065,TN_CHENNAI_FLOOD_2021,e5c35867ee0acbab,TRUE,TRUE,data/tamil_nadu/buildings/validated/TN_CHENNAI_FLOOD_2021_buildings.gpkg,48.21,13.155580188175668,80.30316802877634,PASS,none
TN_CHENNAI_FLOOD_2021_188130,TN_CHENNAI_FLOOD_2021,f73fbd5aa8ee7e02,TRUE,TRUE,data/tamil_nadu/buildings/validated/TN_CHENNAI_FLOOD_2021_buildings.gpkg,27.18,13.154469848207617,80.22853821965674,PASS,none
TN_CHENNAI_FLOOD_2021_193115,TN_CHENNAI_FLOOD_2021,3dc9da605c2206b3,TRUE,TRUE,data/tamil_nadu/buildings/validated/TN_CHENNAI_FLOOD_2021_buildings.gpkg,169.75,13.150114888409743,80.23597793456234,PASS,none
TN_CHENNAI_FLOOD_2021_206105,TN_CHENNAI_FLOOD_2021,ebb2ce9c82acf109,TRUE,TRUE,data/tamil_nadu/buildings/validated/TN_CHENNAI_FLOOD_2021_buildings.gpkg,20.98,13.153802070039918,80.30244382534494,PASS,none
TN_CHENNAI_FLOOD_2021_183224,TN_CHENNAI_FLOOD_2021,3fa15d57dc78812d,TRUE,TRUE,data/tamil_nadu/buildings/validated/TN_CHENNAI_FLOOD_2021_buildings.gpkg,127.03,13.15528084578559,80.20990281293042,PASS,none
TN_CHENNAI_FLOOD_2021_173316,TN_CHENNAI_FLOOD_2021,64d5405c44f83081,TRUE,TRUE,data/tamil_nadu/buildings/validated/TN_CHENNAI_FLOOD_2021_buildings.gpkg,80.79,13.137873653914623,80.28813548312579,PASS,none
TN_CHENNAI_FLOOD_2021_203042,TN_CHENNAI_FLOOD_2021,7eea5aa86844e6b4,TRUE,TRUE,data/tamil_nadu/buildings/validated/TN_CHENNAI_FLOOD_2021_buildings.gpkg,25.63,13.15677126866045,80.28885850836632,PASS,none
TN_CHENNAI_FLOOD_2021_183228,TN_CHENNAI_FLOOD_2021,aeda36ed2423ae98,TRUE,TRUE,data/tamil_nadu/buildings/validated/TN_CHENNAI_FLOOD_2021_buildings.gpkg,76.88,13.155590864771206,80.21163361236033,PASS,none
TN_CHENNAI_FLOOD_2021_193124,TN_CHENNAI_FLOOD_2021,e04a6c93a7d1644e,TRUE,TRUE,data/tamil_nadu/buildings/validated/TN_CHENNAI_FLOOD_2021_buildings.gpkg,74.28,13.151990146150514,80.23664509234277,PASS,none
TN_CHENNAI_FLOOD_2021_193147,TN_CHENNAI_FLOOD_2021,9a99454dc9997d96,TRUE,TRUE,data/tamil_nadu/buildings/validated/TN_CHENNAI_FLOOD_2021_buildings.gpkg,80.29,13.156274811585291,80.24894046152443,PASS,none
TN_CHENNAI_FLOOD_2021_203157,TN_CHENNAI_FLOOD_2021,a440eb0b18745f0b,TRUE,TRUE,data/tamil_nadu/buildings/validated/TN_CHENNAI_FLOOD_2021_buildings.gpkg,158.31,13.156746093705562,80.28927630856798,PASS,none
TN_CHENNAI_FLOOD_2021_193136,TN_CHENNAI_FLOOD_2021,f076069d8a0f4056,TRUE,TRUE,data/tamil_nadu/buildings/validated/TN_CHENNAI_FLOOD_2021_buildings.gpkg,83.8,13.14648538661177,80.24804811031349,PASS,none
TN_CHENNAI_FLOOD_2021_193168,TN_CHENNAI_FLOOD_2021,ea8ea49b8f888da2,TRUE,TRUE,data/tamil_nadu/buildings/validated/TN_CHENNAI_FLOOD_2021_buildings.gpkg,129.27,13.152436638020804,80.24929543114735,PASS,none
TN_CHENNAI_FLOOD_2021_198174,TN_CHENNAI_FLOOD_2021,831c72bacac2121b,TRUE,TRUE,data/tamil_nadu/buildings/validated/TN_CHENNAI_FLOOD_2021_buildings.gpkg,21.23,13.152331845932302,80.27008707905331,PASS,none
TN_CHENNAI_FLOOD_2021_183255,TN_CHENNAI_FLOOD_2021,5330fec681664ecb,TRUE,TRUE,data/tamil_nadu/buildings/validated/TN_CHENNAI_FLOOD_2021_buildings.gpkg,70.97,13.156424840101927,80.21341123460616,PASS,none
TN_CHENNAI_FLOOD_2021_193214,TN_CHENNAI_FLOOD_2021,0cced8086a4a2c2f,TRUE,TRUE,data/tamil_nadu/buildings/validated/TN_CHENNAI_FLOOD_2021_buildings.gpkg,110.66,13.152280051015644,80.24973301981953,PASS,none
TN_BUREVI_2020_099771,TN_BUREVI_2020,a5bd03c60ce453ad,TRUE,TRUE,data/tamil_nadu/buildings/validated/TN_BUREVI_2020_buildings.gpkg,69.12,8.878602292375097,78.11883750505413,PASS,none
TN_BUREVI_2020_100546,TN_BUREVI_2020,e28d7a1558f55e7f,TRUE,TRUE,data/tamil_nadu/buildings/validated/TN_BUREVI_2020_buildings.gpkg,15.0,8.87035689946117,78.1277596539884,PASS,none
TN_BUREVI_2020_102106,TN_BUREVI_2020,ea1883aeb82b8d67,TRUE,TRUE,data/tamil_nadu/buildings/validated/TN_BUREVI_2020_buildings.gpkg,87.37,8.883128253381688,78.16992060855002,PASS,none
TN_BUREVI_2020_094450,TN_BUREVI_2020,0ec7568cecd045bf,TRUE,TRUE,data/tamil_nadu/buildings/validated/TN_BUREVI_2020_buildings.gpkg,33.46,8.839056869082743,78.20909072235335,PASS,none
TN_BUREVI_2020_094464,TN_BUREVI_2020,2f4d6609de52b6c5,TRUE,TRUE,data/tamil_nadu/buildings/validated/TN_BUREVI_2020_buildings.gpkg,9.73,8.862748843735092,78.08240657846892,PASS,none
TN_BUREVI_2020_096380,TN_BUREVI_2020,d59b7c0ba037c40c,TRUE,TRUE,data/tamil_nadu/buildings/validated/TN_BUREVI_2020_buildings.gpkg,29.95,8.859720220776868,78.13635949545501,PASS,none
TN_BUREVI_2020_096733,TN_BUREVI_2020,fe4030de235fd5bf,TRUE,TRUE,data/tamil_nadu/buildings/validated/TN_BUREVI_2020_buildings.gpkg,15.16,8.85975026198365,78.13969407678081,PASS,none
TN_BUREVI_2020_097147,TN_BUREVI_2020,938fbc80fbf2ab91,TRUE,TRUE,data/tamil_nadu/buildings/validated/TN_BUREVI_2020_buildings.gpkg,108.13,8.858381439548904,78.15813743845042,PASS,none
TN_BUREVI_2020_094458,TN_BUREVI_2020,b8bc9198bde682d2,TRUE,TRUE,data/tamil_nadu/buildings/validated/TN_BUREVI_2020_buildings.gpkg,23.11,8.86075001356683,78.07522369293933,PASS,none
TN_BUREVI_2020_096837,TN_BUREVI_2020,e6255c66c13f3fe6,TRUE,TRUE,data/tamil_nadu/buildings/validated/TN_BUREVI_2020_buildings.gpkg,86.42,8.859423095139281,78.13974771083642,PASS,none
TN_BUREVI_2020_097160,TN_BUREVI_2020,aa3263326b24a6dc,TRUE,TRUE,data/tamil_nadu/buildings/validated/TN_BUREVI_2020_buildings.gpkg,139.22,8.85866978657027,78.1582927692279,PASS,none
TN_BUREVI_2020_101491,TN_BUREVI_2020,3fcd3e73345628cf,TRUE,TRUE,data/tamil_nadu/buildings/validated/TN_BUREVI_2020_buildings.gpkg,7.6,8.87998808067742,78.15772080088539,PASS,none
TN_BUREVI_2020_101492,TN_BUREVI_2020,2206738b68043f6b,TRUE,TRUE,data/tamil_nadu/buildings/validated/TN_BUREVI_2020_buildings.gpkg,24.96,8.876654777523791,78.15675836170216,PASS,none
TN_BUREVI_2020_094482,TN_BUREVI_2020,797310312f5a1eda,TRUE,TRUE,data/tamil_nadu/buildings/validated/TN_BUREVI_2020_buildings.gpkg,28.46,8.862723980318503,78.08237850608968,PASS,none
TN_BUREVI_2020_100553,TN_BUREVI_2020,9dd5c436c818737c,TRUE,TRUE,data/tamil_nadu/buildings/validated/TN_BUREVI_2020_buildings.gpkg,22.93,8.877583960840784,78.12645342237403,PASS,none
TN_BUREVI_2020_097117,TN_BUREVI_2020,5d51a44543adbda1,TRUE,TRUE,data/tamil_nadu/buildings/validated/TN_BUREVI_2020_buildings.gpkg,587.83,8.856296083859869,78.14336362841463,PASS,none
TN_BUREVI_2020_097214,TN_BUREVI_2020,e6fa7d2ab20f4236,TRUE,TRUE,data/tamil_nadu/buildings/validated/TN_BUREVI_2020_buildings.gpkg,19.72,8.855520197639414,78.15667276409147,PASS,none
TN_BUREVI_2020_099877,TN_BUREVI_2020,24ca780a2b42c5d9,TRUE,TRUE,data/tamil_nadu/buildings/validated/TN_BUREVI_2020_buildings.gpkg,36.55,8.88159680127034,78.10819548414624,PASS,none
TN_BUREVI_2020_101512,TN_BUREVI_2020,4655216fb1c689aa,TRUE,TRUE,data/tamil_nadu/buildings/validated/TN_BUREVI_2020_buildings.gpkg,19.84,8.872012093425079,78.14980849047059,PASS,none
TN_BUREVI_2020_099291,TN_BUREVI_2020,98bb3781752c9c87,TRUE,TRUE,data/tamil_nadu/buildings/validated/TN_BUREVI_2020_buildings.gpkg,56.93,8.874270881514718,78.07243667669844,PASS,none
TN_BUREVI_2020_094476,TN_BUREVI_2020,827717e395411f7b,TRUE,TRUE,data/tamil_nadu/buildings/validated/TN_BUREVI_2020_buildings.gpkg,7.02,8.860986405534112,78.07527449498482,PASS,none
TN_BUREVI_2020_099948,TN_BUREVI_2020,6ab9458b0135b6ca,TRUE,TRUE,data/tamil_nadu/buildings/validated/TN_BUREVI_2020_buildings.gpkg,2029.8,8.882655509514992,78.10785870905876,PASS,none
TN_NADA_2016_085402,TN_NADA_2016,81abfa94979abe42,TRUE,TRUE,data/tamil_nadu/buildings/validated/TN_NADA_2016_buildings.gpkg,67.51,11.7965456290025,79.69784106710532,PASS,none
TN_NADA_2016_000119,TN_NADA_2016,93c7aefe791923f1,TRUE,TRUE,data/tamil_nadu/buildings/validated/TN_NADA_2016_buildings.gpkg,22.96,11.68988461272375,79.71138336636137,PASS,none
TN_NADA_2016_009976,TN_NADA_2016,9955db533452bc7a,TRUE,TRUE,data/tamil_nadu/buildings/validated/TN_NADA_2016_buildings.gpkg,23.38,11.709696292189768,79.72970506806338,PASS,none
TN_NADA_2016_030748,TN_NADA_2016,be140ca745b8470d,TRUE,TRUE,data/tamil_nadu/buildings/validated/TN_NADA_2016_buildings.gpkg,13.8,11.744587495258084,79.72936293057158,PASS,none
TN_NADA_2016_002057,TN_NADA_2016,3ae85dbae9909693,TRUE,TRUE,data/tamil_nadu/buildings/validated/TN_NADA_2016_buildings.gpkg,12.96,11.69051393950368,79.73973375972405,PASS,none
TN_NADA_2016_071859,TN_NADA_2016,c78a2761232b3f17,TRUE,TRUE,data/tamil_nadu/buildings/validated/TN_NADA_2016_buildings.gpkg,69.93,11.785479995506254,79.73394885616413,PASS,none
TN_NADA_2016_038582,TN_NADA_2016,fa649db46f6c60d5,TRUE,TRUE,data/tamil_nadu/buildings/validated/TN_NADA_2016_buildings.gpkg,152.65,11.748091934170363,79.74368023861757,PASS,none
TN_NADA_2016_005129,TN_NADA_2016,c659ba56741437e8,TRUE,TRUE,data/tamil_nadu/buildings/validated/TN_NADA_2016_buildings.gpkg,78.69,11.680702794136106,79.75894486414792,PASS,none
TN_NADA_2016_019969,TN_NADA_2016,c7d4a7f13dc728c4,TRUE,TRUE,data/tamil_nadu/buildings/validated/TN_NADA_2016_buildings.gpkg,27.86,11.723617416272484,79.77054570240176,PASS,none
TN_NADA_2016_083293,TN_NADA_2016,ea652d652861c130,TRUE,TRUE,data/tamil_nadu/buildings/validated/TN_NADA_2016_buildings.gpkg,37.91,11.778893874115264,79.78240211350871,PASS,none
TN_NADA_2016_044283,TN_NADA_2016,b58e434b7660fe6d,TRUE,TRUE,data/tamil_nadu/buildings/validated/TN_NADA_2016_buildings.gpkg,35.84,11.74713041724837,79.78850140041267,PASS,none
TN_NADA_2016_085060,TN_NADA_2016,86b0e6a01f12a954,TRUE,TRUE,data/tamil_nadu/buildings/validated/TN_NADA_2016_buildings.gpkg,82.93,11.778974677528872,79.80783222644962,PASS,none
TN_NADA_2016_048039,TN_NADA_2016,7718a0a178d3a4e4,TRUE,TRUE,data/tamil_nadu/buildings/validated/TN_NADA_2016_buildings.gpkg,29.92,11.749911846732001,79.69734359626888,PASS,none
TN_NADA_2016_096332,TN_NADA_2016,9439958724e994a9,TRUE,TRUE,data/tamil_nadu/buildings/validated/TN_NADA_2016_buildings.gpkg,18.5,11.814448301408405,79.69831376740626,PASS,none
TN_NADA_2016_000190,TN_NADA_2016,a03600770458e97b,TRUE,TRUE,data/tamil_nadu/buildings/validated/TN_NADA_2016_buildings.gpkg,11.9,11.691130979138038,79.70966584891488,PASS,none
TN_NADA_2016_009980,TN_NADA_2016,f11ca00b90d16a15,TRUE,TRUE,data/tamil_nadu/buildings/validated/TN_NADA_2016_buildings.gpkg,44.57,11.704096578719657,79.72734978242609,PASS,none
TN_NADA_2016_030749,TN_NADA_2016,3c7d27347a988720,TRUE,TRUE,data/tamil_nadu/buildings/validated/TN_NADA_2016_buildings.gpkg,32.73,11.74772430322078,79.72537612440439,PASS,none
TN_NADA_2016_031502,TN_NADA_2016,a8d2854b75c3b0a9,TRUE,TRUE,data/tamil_nadu/buildings/validated/TN_NADA_2016_buildings.gpkg,24.45,11.748024114917305,79.72692462705531,PASS,none
TN_NADA_2016_071819,TN_NADA_2016,abfe1055bcd4bdf4,TRUE,TRUE,data/tamil_nadu/buildings/validated/TN_NADA_2016_buildings.gpkg,63.69,11.784551042550428,79.71984448379222,PASS,none
TN_NADA_2016_086360,TN_NADA_2016,734d64c119ca7bae,TRUE,TRUE,data/tamil_nadu/buildings/validated/TN_NADA_2016_buildings.gpkg,20.2,11.802352109881515,79.72903581618604,PASS,none
TN_NADA_2016_034157,TN_NADA_2016,e7b108eb5a61605f,TRUE,TRUE,data/tamil_nadu/buildings/validated/TN_NADA_2016_buildings.gpkg,69.02,11.733773485884875,79.74956294589724,PASS,none
TN_NADA_2016_098628,TN_NADA_2016,7f07ddff6389f7e0,TRUE,TRUE,data/tamil_nadu/buildings/validated/TN_NADA_2016_buildings.gpkg,58.18,11.815016068526091,79.74786785265213,PASS,none
TN_NADA_2016_005130,TN_NADA_2016,7363294babfe8214,TRUE,TRUE,data/tamil_nadu/buildings/validated/TN_NADA_2016_buildings.gpkg,82.23,11.679705517872847,79.75488899277646,PASS,none
TN_NADA_2016_019976,TN_NADA_2016,2e4f25a988e90f39,TRUE,TRUE,data/tamil_nadu/buildings/validated/TN_NADA_2016_buildings.gpkg,14.74,11.72614463285343,79.76328974608681,PASS,none
TN_NADA_2016_078641,TN_NADA_2016,63e65f4c3fcdc939,TRUE,TRUE,data/tamil_nadu/buildings/validated/TN_NADA_2016_buildings.gpkg,51.97,11.783306264114744,79.76487756686602,PASS,none
TN_NADA_2016_102763,TN_NADA_2016,1c841973252f4253,TRUE,TRUE,data/tamil_nadu/buildings/validated/TN_NADA_2016_buildings.gpkg,82.53,11.817330733562565,79.76327392976093,PASS,none
TN_NADA_2016_005136,TN_NADA_2016,4b0efc7d6c1a6473,TRUE,TRUE,data/tamil_nadu/buildings/validated/TN_NADA_2016_buildings.gpkg,26.46,11.682571581487748,79.7686319259595,PASS,none
TN_NADA_2016_104123,TN_NADA_2016,6ba7453301a980c5,TRUE,TRUE,data/tamil_nadu/buildings/validated/TN_NADA_2016_buildings.gpkg,95.75,11.820263967128271,79.78238136669752,PASS,none
TN_NADA_2016_064494,TN_NADA_2016,bfa11407f151876d,TRUE,TRUE,data/tamil_nadu/buildings/validated/TN_NADA_2016_buildings.gpkg,31.43,11.766292647120993,79.78967065234677,PASS,none
TN_NADA_2016_000005,TN_NADA_2016,489dc0bf67db5b02,TRUE,TRUE,data/tamil_nadu/buildings/validated/TN_NADA_2016_buildings.gpkg,55.98,11.681684696901666,79.7048274115186,PASS,none
TN_NADA_2016_017767,TN_NADA_2016,c75ac1f234f3d890,TRUE,TRUE,data/tamil_nadu/buildings/validated/TN_NADA_2016_buildings.gpkg,22.2,11.723544006783495,79.72103257984129,PASS,none
TN_NADA_2016_086375,TN_NADA_2016,a70a91eebadda957,TRUE,TRUE,data/tamil_nadu/buildings/validated/TN_NADA_2016_buildings.gpkg,75.17,11.79615537645624,79.7335673470472,PASS,none
TN_NADA_2016_034158,TN_NADA_2016,4015ed825cf11179,TRUE,TRUE,data/tamil_nadu/buildings/validated/TN_NADA_2016_buildings.gpkg,95.94,11.733203224393918,79.74707312713042,PASS,none
TN_NADA_2016_005131,TN_NADA_2016,9c196eee193b47a8,TRUE,TRUE,data/tamil_nadu/buildings/validated/TN_NADA_2016_buildings.gpkg,7.29,11.684251624159575,79.7562815452338,PASS,none
TN_NADA_2016_019978,TN_NADA_2016,cd3df09f01681e25,TRUE,TRUE,data/tamil_nadu/buildings/validated/TN_NADA_2016_buildings.gpkg,63.61,11.721510313137754,79.76390265760092,PASS,none
TN_NADA_2016_039118,TN_NADA_2016,36965503b9f4ead1,TRUE,TRUE,data/tamil_nadu/buildings/validated/TN_NADA_2016_buildings.gpkg,52.73,11.747931792133144,79.76421039692677,PASS,none
TN_NADA_2016_090642,TN_NADA_2016,ed3be87a6db6b238,TRUE,TRUE,data/tamil_nadu/buildings/validated/TN_NADA_2016_buildings.gpkg,88.24,11.793585616879765,79.76444909517751,PASS,none
TN_NADA_2016_005146,TN_NADA_2016,d49e189cd3b444de,TRUE,TRUE,data/tamil_nadu/buildings/validated/TN_NADA_2016_buildings.gpkg,50.69,11.688054592271932,79.76939837731858,PASS,none
TN_NADA_2016_059544,TN_NADA_2016,ddc21d5753993f0c,TRUE,TRUE,data/tamil_nadu/buildings/validated/TN_NADA_2016_buildings.gpkg,65.33,11.763464028544451,79.76613531620765,PASS,none
TN_NADA_2016_044068,TN_NADA_2016,9f4a006c48e6d400,TRUE,TRUE,data/tamil_nadu/buildings/validated/TN_NADA_2016_buildings.gpkg,40.41,11.745509065599302,79.78535996438903,PASS,none
TN_NADA_2016_045476,TN_NADA_2016,5e1268c3c4316d2e,TRUE,TRUE,data/tamil_nadu/buildings/validated/TN_NADA_2016_buildings.gpkg,46.09,11.747680413725723,79.78856461489214,PASS,none
TN_NADA_2016_084200,TN_NADA_2016,e31100237e8b0385,TRUE,TRUE,data/tamil_nadu/buildings/validated/TN_NADA_2016_buildings.gpkg,48.46,11.785348710696987,79.78926858741515,PASS,none
TN_NADA_2016_091901,TN_NADA_2016,09b7570c68a044d8,TRUE,TRUE,data/tamil_nadu/buildings/validated/TN_NADA_2016_buildings.gpkg,64.74,11.801673189149954,79.78905440662697,PASS,none
TN_NADA_2016_104137,TN_NADA_2016,73701059936d9efc,TRUE,TRUE,data/tamil_nadu/buildings/validated/TN_NADA_2016_buildings.gpkg,49.2,11.822404333466894,79.78881272347259,PASS,none
TN_NADA_2016_107827,TN_NADA_2016,0cd3375a981dcbc8,TRUE,TRUE,data/tamil_nadu/buildings/validated/TN_NADA_2016_buildings.gpkg,26.21,11.81250849712201,79.80084840953054,PASS,none
TN_NADA_2016_048059,TN_NADA_2016,a557ddc76500d7ad,TRUE,TRUE,data/tamil_nadu/buildings/validated/TN_NADA_2016_buildings.gpkg,64.48,11.76474121082998,79.70099345821512,PASS,none
TN_NADA_2016_009461,TN_NADA_2016,1d14e679a0a38b40,TRUE,TRUE,data/tamil_nadu/buildings/validated/TN_NADA_2016_buildings.gpkg,109.06,11.70643974711781,79.71484467796385,PASS,none
TN_NADA_2016_016996,TN_NADA_2016,7f45f0efafdf695d,TRUE,TRUE,data/tamil_nadu/buildings/validated/TN_NADA_2016_buildings.gpkg,67.09,11.724068985511183,79.7096782243533,PASS,none
TN_NADA_2016_030751,TN_NADA_2016,875dbc184517e904,TRUE,TRUE,data/tamil_nadu/buildings/validated/TN_NADA_2016_buildings.gpkg,47.18,11.74018910868709,79.7234073612269,PASS,none
TN_NADA_2016_017774,TN_NADA_2016,8c612ee1ccb4a35a,TRUE,TRUE,data/tamil_nadu/buildings/validated/TN_NADA_2016_buildings.gpkg,15.2,11.728046495506755,79.73271322233961,PASS,none
TN_NADA_2016_030770,TN_NADA_2016,1c371e551df6fdb2,TRUE,TRUE,data/tamil_nadu/buildings/validated/TN_NADA_2016_buildings.gpkg,9.7,11.745720326657766,79.73382032482505,PASS,none
TN_NADA_2016_086378,TN_NADA_2016,9fda9f08fd5a95c8,TRUE,TRUE,data/tamil_nadu/buildings/validated/TN_NADA_2016_buildings.gpkg,17.74,11.7965326342521,79.73379933416633,PASS,none
TN_NADA_2016_034160,TN_NADA_2016,d5235cf9cb3f88d2,TRUE,TRUE,data/tamil_nadu/buildings/validated/TN_NADA_2016_buildings.gpkg,132.55,11.739611027350929,79.74959733125638,PASS,none
TN_NADA_2016_054599,TN_NADA_2016,12666d9624e1893f,TRUE,TRUE,data/tamil_nadu/buildings/validated/TN_NADA_2016_buildings.gpkg,37.91,11.75251490956343,79.743319160247,PASS,none
TN_NADA_2016_005132,TN_NADA_2016,87273d2c8052e6bb,TRUE,TRUE,data/tamil_nadu/buildings/validated/TN_NADA_2016_buildings.gpkg,38.08,11.681344365643058,79.75859231632771,PASS,none
TN_NADA_2016_102769,TN_NADA_2016,51870c730c4ec2a4,TRUE,TRUE,data/tamil_nadu/buildings/validated/TN_NADA_2016_buildings.gpkg,115.03,11.819308131106244,79.76474777326735,PASS,none
TN_NADA_2016_090629,TN_NADA_2016,41a3a959c580971e,TRUE,TRUE,data/tamil_nadu/buildings/validated/TN_NADA_2016_buildings.gpkg,11.48,11.793437311008827,79.76941380240501,PASS,none
TN_NADA_2016_104130,TN_NADA_2016,e30c530baaeca432,TRUE,TRUE,data/tamil_nadu/buildings/validated/TN_NADA_2016_buildings.gpkg,28.8,11.818047564086097,79.78500711143593,PASS,none
TN_NADA_2016_045692,TN_NADA_2016,a88c1198a61f9f0d,TRUE,TRUE,data/tamil_nadu/buildings/validated/TN_NADA_2016_buildings.gpkg,63.99,11.747197855614697,79.78852541239645,PASS,none
TN_NADA_2016_064719,TN_NADA_2016,f7a0fca1ed1ba96f,TRUE,TRUE,data/tamil_nadu/buildings/validated/TN_NADA_2016_buildings.gpkg,7.28,11.752678397487747,79.78955832482451,PASS,none
TN_NADA_2016_104141,TN_NADA_2016,81e4fce1640c3a42,TRUE,TRUE,data/tamil_nadu/buildings/validated/TN_NADA_2016_buildings.gpkg,47.62,11.822685017462248,79.78909376857602,PASS,none
TN_NADA_2016_008572,TN_NADA_2016,dc60e1a318a274bb,TRUE,TRUE,data/tamil_nadu/buildings/validated/TN_NADA_2016_buildings.gpkg,38.99,11.708452785992993,79.7013235564757,PASS,none
TN_NADA_2016_048047,TN_NADA_2016,6e6fe296dd2ff573,TRUE,TRUE,data/tamil_nadu/buildings/validated/TN_NADA_2016_buildings.gpkg,10.49,11.761925427911464,79.70111147582725,PASS,none
TN_NADA_2016_071901,TN_NADA_2016,bc2a6cb2f0da81d4,TRUE,TRUE,data/tamil_nadu/buildings/validated/TN_NADA_2016_buildings.gpkg,17.93,11.782214922556934,79.7222408891973,PASS,none
TN_NADA_2016_086373,TN_NADA_2016,7228f5ea9a4ec163,TRUE,TRUE,data/tamil_nadu/buildings/validated/TN_NADA_2016_buildings.gpkg,43.48,11.802724277267917,79.72934145973036,PASS,none
TN_NADA_2016_072050,TN_NADA_2016,09f9be1b1aa2d7a6,TRUE,TRUE,data/tamil_nadu/buildings/validated/TN_NADA_2016_buildings.gpkg,17.4,11.784765369198734,79.73353445577305,PASS,none
TN_NADA_2016_097217,TN_NADA_2016,64bfb938af629ab8,TRUE,TRUE,data/tamil_nadu/buildings/validated/TN_NADA_2016_buildings.gpkg,72.11,11.81817550924189,79.73081775085663,PASS,none
TN_NADA_2016_054600,TN_NADA_2016,553473daffc61f84,TRUE,TRUE,data/tamil_nadu/buildings/validated/TN_NADA_2016_buildings.gpkg,70.09,11.752583865058112,79.74519455654819,PASS,none
TN_NADA_2016_090658,TN_NADA_2016,344d4373c133f8c3,TRUE,TRUE,data/tamil_nadu/buildings/validated/TN_NADA_2016_buildings.gpkg,71.83,11.794149994337458,79.75441145609786,PASS,none
TN_NADA_2016_019980,TN_NADA_2016,36fc0e50ff72697b,TRUE,TRUE,data/tamil_nadu/buildings/validated/TN_NADA_2016_buildings.gpkg,155.26,11.718409165362152,79.76960714839298,PASS,none
TN_NADA_2016_046466,TN_NADA_2016,1a041f9ba35fd021,TRUE,TRUE,data/tamil_nadu/buildings/validated/TN_NADA_2016_buildings.gpkg,33.65,11.746977859921525,79.78858468186823,PASS,none
TN_NADA_2016_064742,TN_NADA_2016,c1587f6c0b68fb58,TRUE,TRUE,data/tamil_nadu/buildings/validated/TN_NADA_2016_buildings.gpkg,90.91,11.748650130222307,79.7886482347295,PASS,none
TN_NADA_2016_000009,TN_NADA_2016,dafc4bf8f1497130,TRUE,TRUE,data/tamil_nadu/buildings/validated/TN_NADA_2016_buildings.gpkg,100.62,11.673317674187494,79.70256177338882,PASS,none
TN_NADA_2016_000072,TN_NADA_2016,0db9cc6641ca5a0a,TRUE,TRUE,data/tamil_nadu/buildings/validated/TN_NADA_2016_buildings.gpkg,7.85,11.68933952495309,79.69838178355651,PASS,none
TN_NADA_2016_008573,TN_NADA_2016,bb265364c3cc6ff4,TRUE,TRUE,data/tamil_nadu/buildings/validated/TN_NADA_2016_buildings.gpkg,40.39,11.70837021565977,79.70134978403992,PASS,none
TN_NADA_2016_000014,TN_NADA_2016,749ec102351e522e,TRUE,TRUE,data/tamil_nadu/buildings/validated/TN_NADA_2016_buildings.gpkg,27.36,11.680247242264205,79.71516077942181,PASS,none
TN_NADA_2016_010240,TN_NADA_2016,dd00ebc6ca8556f8,TRUE,TRUE,data/tamil_nadu/buildings/validated/TN_NADA_2016_buildings.gpkg,42.19,11.70513925966825,79.72082501885261,PASS,none
TN_NADA_2016_017773,TN_NADA_2016,85fc10db915a332a,TRUE,TRUE,data/tamil_nadu/buildings/validated/TN_NADA_2016_buildings.gpkg,28.13,11.720353750169263,79.72737705442057,PASS,none
TN_NADA_2016_086376,TN_NADA_2016,a2f76d291c9d9f9e,TRUE,TRUE,data/tamil_nadu/buildings/validated/TN_NADA_2016_buildings.gpkg,77.63,11.799562539208967,79.72927357305372,PASS,none
TN_NADA_2016_051823,TN_NADA_2016,dd3b9a7e95702d5a,TRUE,TRUE,data/tamil_nadu/buildings/validated/TN_NADA_2016_buildings.gpkg,163.17,11.76525087927713,79.73291761195523,PASS,none
TN_NADA_2016_097234,TN_NADA_2016,702591f813886fec,TRUE,TRUE,data/tamil_nadu/buildings/validated/TN_NADA_2016_buildings.gpkg,54.34,11.818324708181251,79.73126937402498,PASS,none
TN_NADA_2016_002082,TN_NADA_2016,cb9153ae3dd9a6f9,TRUE,TRUE,data/tamil_nadu/buildings/validated/TN_NADA_2016_buildings.gpkg,16.45,11.690145539165188,79.7457763250637,PASS,none
TN_NADA_2016_034162,TN_NADA_2016,8757f8215ba35166,TRUE,TRUE,data/tamil_nadu/buildings/validated/TN_NADA_2016_buildings.gpkg,141.68,11.742223396503594,79.74302461723359,PASS,none
TN_NADA_2016_011972,TN_NADA_2016,083a18ef230ccc0e,TRUE,TRUE,data/tamil_nadu/buildings/validated/TN_NADA_2016_buildings.gpkg,18.19,11.710476010977969,79.76092414689478,PASS,none
TN_NADA_2016_039124,TN_NADA_2016,231b3a12432e7338,TRUE,TRUE,data/tamil_nadu/buildings/validated/TN_NADA_2016_buildings.gpkg,29.6,11.747487912656862,79.75540098458133,PASS,none
TN_NADA_2016_005171,TN_NADA_2016,50d81c4aea4939ef,TRUE,TRUE,data/tamil_nadu/buildings/validated/TN_NADA_2016_buildings.gpkg,45.74,11.682097837875352,79.77123179000426,PASS,none
TN_NADA_2016_090636,TN_NADA_2016,2f5a9facb265bfa8,TRUE,TRUE,data/tamil_nadu/buildings/validated/TN_NADA_2016_buildings.gpkg,130.74,11.794214033212626,79.77041014455281,PASS,none
TN_NADA_2016_083323,TN_NADA_2016,70283531aed1682d,TRUE,TRUE,data/tamil_nadu/buildings/validated/TN_NADA_2016_buildings.gpkg,59.44,11.778486715219055,79.78238915505516,PASS,none
TN_NADA_2016_047117,TN_NADA_2016,7c12f239f35de0da,TRUE,TRUE,data/tamil_nadu/buildings/validated/TN_NADA_2016_buildings.gpkg,78.21,11.747156914650928,79.78860867286163,PASS,none
TN_NADA_2016_064812,TN_NADA_2016,b7326329452f2702,TRUE,TRUE,data/tamil_nadu/buildings/validated/TN_NADA_2016_buildings.gpkg,50.09,11.75006958216507,79.78878607011805,PASS,none
TN_NADA_2016_008579,TN_NADA_2016,dc307389375b8e3d,TRUE,TRUE,data/tamil_nadu/buildings/validated/TN_NADA_2016_buildings.gpkg,73.68,11.705633679535877,79.69737156980189,PASS,none
TN_NADA_2016_069694,TN_NADA_2016,469909ff3cbc2970,TRUE,TRUE,data/tamil_nadu/buildings/validated/TN_NADA_2016_buildings.gpkg,31.33,11.778041697702491,79.71322581600566,PASS,none
TN_NADA_2016_096331,TN_NADA_2016,d77c1e58d7437850,TRUE,TRUE,data/tamil_nadu/buildings/validated/TN_NADA_2016_buildings.gpkg,41.9,11.81336806290637,79.71117559310646,PASS,none
TN_NADA_2016_000731,TN_NADA_2016,780f71a579c8c921,TRUE,TRUE,data/tamil_nadu/buildings/validated/TN_NADA_2016_buildings.gpkg,30.2,11.688750963607054,79.72376425235616,PASS,none
TN_NADA_2016_017777,TN_NADA_2016,cdbf890ebe7314f9,TRUE,TRUE,data/tamil_nadu/buildings/validated/TN_NADA_2016_buildings.gpkg,28.37,11.721889134695859,79.72329598559024,PASS,none
TN_NADA_2016_030757,TN_NADA_2016,f375aa32898c58a8,TRUE,TRUE,data/tamil_nadu/buildings/validated/TN_NADA_2016_buildings.gpkg,30.67,11.745564438701908,79.73072397061928,PASS,none
TN_NADA_2016_086382,TN_NADA_2016,4d2412e91483ef19,TRUE,TRUE,data/tamil_nadu/buildings/validated/TN_NADA_2016_buildings.gpkg,87.05,11.79622444052127,79.73245392826205,PASS,none
TN_NADA_2016_002092,TN_NADA_2016,657ffe7023c9a761,TRUE,TRUE,data/tamil_nadu/buildings/validated/TN_NADA_2016_buildings.gpkg,39.34,11.690505568216768,79.75181017785044,PASS,none
TN_NADA_2016_011980,TN_NADA_2016,099596bfab189af2,TRUE,TRUE,data/tamil_nadu/buildings/validated/TN_NADA_2016_buildings.gpkg,11.81,11.709433047686957,79.75776172556729,PASS,none
TN_NADA_2016_020013,TN_NADA_2016,53a434b901fce70c,TRUE,TRUE,data/tamil_nadu/buildings/validated/TN_NADA_2016_buildings.gpkg,51.12,11.725569752156213,79.76246387778717,PASS,none
TN_NADA_2016_102815,TN_NADA_2016,a5f1d64bd0b5165f,TRUE,TRUE,data/tamil_nadu/buildings/validated/TN_NADA_2016_buildings.gpkg,18.65,11.814473650365166,79.76890095907962,PASS,none
TN_NADA_2016_064466,TN_NADA_2016,0e6c57ecaf17faaa,TRUE,TRUE,data/tamil_nadu/buildings/validated/TN_NADA_2016_buildings.gpkg,20.71,11.749359486385668,79.78251444033822,PASS,none
TN_NADA_2016_107879,TN_NADA_2016,a26479f9485d9709,TRUE,TRUE,data/tamil_nadu/buildings/validated/TN_NADA_2016_buildings.gpkg,37.76,11.811526719305657,79.8009455184425,PASS,none
TN_NADA_2016_000013,TN_NADA_2016,812e441c7448c007,TRUE,TRUE,data/tamil_nadu/buildings/validated/TN_NADA_2016_buildings.gpkg,24.17,11.676060494471045,79.69798448427116,PASS,none
TN_NADA_2016_048074,TN_NADA_2016,9ef689cb2a0b7250,TRUE,TRUE,data/tamil_nadu/buildings/validated/TN_NADA_2016_buildings.gpkg,118.47,11.76520760458602,79.70113246725691,PASS,none
TN_NADA_2016_069503,TN_NADA_2016,f81f13edd87ce03e,TRUE,TRUE,data/tamil_nadu/buildings/validated/TN_NADA_2016_buildings.gpkg,48.42,11.782839393610262,79.69727358239689,PASS,none
TN_NADA_2016_000017,TN_NADA_2016,be103644df1a4dcb,TRUE,TRUE,data/tamil_nadu/buildings/validated/TN_NADA_2016_buildings.gpkg,9.52,11.681282399909128,79.71236137503591,PASS,none
TN_NADA_2016_069697,TN_NADA_2016,e645ab873fd4368c,TRUE,TRUE,data/tamil_nadu/buildings/validated/TN_NADA_2016_buildings.gpkg,26.08,11.778213901305794,79.71370424513346,PASS,none
TN_NADA_2016_030778,TN_NADA_2016,aa51700971399be8,TRUE,TRUE,data/tamil_nadu/buildings/validated/TN_NADA_2016_buildings.gpkg,55.01,11.744380509844103,79.73372096523457,PASS,none
TN_NADA_2016_051813,TN_NADA_2016,ad6a8a9ab065e374,TRUE,TRUE,data/tamil_nadu/buildings/validated/TN_NADA_2016_buildings.gpkg,141.01,11.749569550269513,79.73295016466953,PASS,none
TN_NADA_2016_018452,TN_NADA_2016,2d9d06a0c1d91700,TRUE,TRUE,data/tamil_nadu/buildings/validated/TN_NADA_2016_buildings.gpkg,64.13,11.728105681704685,79.74553319652568,PASS,none
TN_NADA_2016_000089,TN_NADA_2016,0ec470913d874d80,TRUE,TRUE,data/tamil_nadu/buildings/validated/TN_NADA_2016_buildings.gpkg,57.47,11.689749084827934,79.70613609110067,PASS,none
TN_NADA_2016_017021,TN_NADA_2016,16ffc84252578a03,TRUE,TRUE,data/tamil_nadu/buildings/validated/TN_NADA_2016_buildings.gpkg,23.57,11.726800579699017,79.6982647742539,PASS,none
TN_NADA_2016_000018,TN_NADA_2016,cbfc26adac8151ac,TRUE,TRUE,data/tamil_nadu/buildings/validated/TN_NADA_2016_buildings.gpkg,17.67,11.673057545530991,79.71039441180567,PASS,none
TN_NADA_2016_017007,TN_NADA_2016,a7c00a9146f41941,TRUE,TRUE,data/tamil_nadu/buildings/validated/TN_NADA_2016_buildings.gpkg,7.27,11.72397195773774,79.71465054264299,PASS,none
TN_NADA_2016_096335,TN_NADA_2016,d9b53889035c9173,TRUE,TRUE,data/tamil_nadu/buildings/validated/TN_NADA_2016_buildings.gpkg,47.43,11.812813622458476,79.70909176666719,PASS,none
TN_NADA_2016_000735,TN_NADA_2016,07da3c0bd1f12b96,TRUE,TRUE,data/tamil_nadu/buildings/validated/TN_NADA_2016_buildings.gpkg,22.26,11.690236471950747,79.72290346012059,PASS,none
TN_NADA_2016_000835,TN_NADA_2016,17a8cc477f2feb23,TRUE,TRUE,data/tamil_nadu/buildings/validated/TN_NADA_2016_buildings.gpkg,73.81,11.676441774931911,79.73367586446102,PASS,none
TN_NADA_2016_011146,TN_NADA_2016,a605abd839de2eab,TRUE,TRUE,data/tamil_nadu/buildings/validated/TN_NADA_2016_buildings.gpkg,30.67,11.708839147304243,79.73957648790972,PASS,none
TN_NADA_2016_030779,TN_NADA_2016,9f18634673fda7a1,TRUE,TRUE,data/tamil_nadu/buildings/validated/TN_NADA_2016_buildings.gpkg,33.53,11.745902570062384,79.73138836249919,PASS,none
TN_NADA_2016_002062,TN_NADA_2016,921588c4764f3345,TRUE,TRUE,data/tamil_nadu/buildings/validated/TN_NADA_2016_buildings.gpkg,17.73,11.684574482014837,79.74563434674681,PASS,none
TN_NADA_2016_054607,TN_NADA_2016,cad08f238e044910,TRUE,TRUE,data/tamil_nadu/buildings/validated/TN_NADA_2016_buildings.gpkg,27.06,11.750220436741321,79.74789861210755,PASS,none
TN_NADA_2016_005142,TN_NADA_2016,c847ce9badd5bf44,TRUE,TRUE,data/tamil_nadu/buildings/validated/TN_NADA_2016_buildings.gpkg,247.31,11.68799269695503,79.75723495052647,PASS,none
TN_NADA_2016_020019,TN_NADA_2016,ea5c190c4e876e3f,TRUE,TRUE,data/tamil_nadu/buildings/validated/TN_NADA_2016_buildings.gpkg,47.39,11.72325334338443,79.76000163324802,PASS,none
TN_NADA_2016_102775,TN_NADA_2016,3c478072c32f199c,TRUE,TRUE,data/tamil_nadu/buildings/validated/TN_NADA_2016_buildings.gpkg,82.96,11.809456008421572,79.75576377584798,PASS,none
TN_NADA_2016_059567,TN_NADA_2016,e09ad7952ce16932,TRUE,TRUE,data/tamil_nadu/buildings/validated/TN_NADA_2016_buildings.gpkg,81.91,11.751749288813743,79.76570128983968,PASS,none
TN_NADA_2016_048055,TN_NADA_2016,95a5c572ee6657fc,TRUE,TRUE,data/tamil_nadu/buildings/validated/TN_NADA_2016_buildings.gpkg,29.29,11.75319283608721,79.70555791872066,PASS,none
TN_NADA_2016_048133,TN_NADA_2016,9ddab29326b3d7b4,TRUE,TRUE,data/tamil_nadu/buildings/validated/TN_NADA_2016_buildings.gpkg,18.79,11.766254779358356,79.71175400847298,PASS,none
TN_NADA_2016_085427,TN_NADA_2016,870cca0ee5f7de19,TRUE,TRUE,data/tamil_nadu/buildings/validated/TN_NADA_2016_buildings.gpkg,31.14,11.796859341733692,79.71310146122647,PASS,none
TN_NADA_2016_032953,TN_NADA_2016,869b882d4baeb5e9,TRUE,TRUE,data/tamil_nadu/buildings/validated/TN_NADA_2016_buildings.gpkg,50.88,11.747980327088165,79.72217181523168,PASS,none
TN_NADA_2016_051886,TN_NADA_2016,bf561f2d355f4b00,TRUE,TRUE,data/tamil_nadu/buildings/validated/TN_NADA_2016_buildings.gpkg,85.24,11.765590721007861,79.72353984231458,PASS,none
TN_NADA_2016_097214,TN_NADA_2016,8c7a136cd010c6bf,TRUE,TRUE,data/tamil_nadu/buildings/validated/TN_NADA_2016_buildings.gpkg,72.83,11.8195278052047,79.7285713159208,PASS,none
TN_NADA_2016_002215,TN_NADA_2016,aa9122d20ea3f912,TRUE,TRUE,data/tamil_nadu/buildings/validated/TN_NADA_2016_buildings.gpkg,20.21,11.690389804050492,79.74189781271457,PASS,none
TN_NADA_2016_072352,TN_NADA_2016,03957e9ddd2ff35a,TRUE,TRUE,data/tamil_nadu/buildings/validated/TN_NADA_2016_buildings.gpkg,33.93,11.785397082038854,79.73377973201036,PASS,none
TN_NADA_2016_097259,TN_NADA_2016,0dd09b5df944dbf0,TRUE,TRUE,data/tamil_nadu/buildings/validated/TN_NADA_2016_buildings.gpkg,51.05,11.818483866405032,79.73228453251996,PASS,none
TN_NADA_2016_054685,TN_NADA_2016,bc8fce4f9dc9abbb,TRUE,TRUE,data/tamil_nadu/buildings/validated/TN_NADA_2016_buildings.gpkg,140.02,11.764524313272295,79.74296307627485,PASS,none
TN_NADA_2016_005212,TN_NADA_2016,4e5883a3f92b0821,TRUE,TRUE,data/tamil_nadu/buildings/validated/TN_NADA_2016_buildings.gpkg,1882.19,11.68955040085289,79.7554469730595,PASS,none
TN_NADA_2016_059537,TN_NADA_2016,bbd7f52a6d37737b,TRUE,TRUE,data/tamil_nadu/buildings/validated/TN_NADA_2016_buildings.gpkg,27.9,11.75808385346334,79.75787512086593,PASS,none
TN_NADA_2016_090709,TN_NADA_2016,146ab2c7a92920e0,TRUE,TRUE,data/tamil_nadu/buildings/validated/TN_NADA_2016_buildings.gpkg,61.26,11.793533598144748,79.75386653310346,PASS,none
TN_NADA_2016_011993,TN_NADA_2016,a0ad033db726c4ed,TRUE,TRUE,data/tamil_nadu/buildings/validated/TN_NADA_2016_buildings.gpkg,33.88,11.707617192499134,79.76824229956871,PASS,none
TN_NADA_2016_090661,TN_NADA_2016,c2c98dc810813dcb,TRUE,TRUE,data/tamil_nadu/buildings/validated/TN_NADA_2016_buildings.gpkg,57.93,11.79349671702889,79.77056110630124,PASS,none
TN_NADA_2016_083333,TN_NADA_2016,15c6f21ee10f19cf,TRUE,TRUE,data/tamil_nadu/buildings/validated/TN_NADA_2016_buildings.gpkg,31.98,11.7796284116336,79.78240327164083,PASS,none
TN_NADA_2016_064944,TN_NADA_2016,c47ec5faa87a997b,TRUE,TRUE,data/tamil_nadu/buildings/validated/TN_NADA_2016_buildings.gpkg,28.07,11.766557346332856,79.78940273755504,PASS,none
TN_NADA_2016_107915,TN_NADA_2016,3cea887cdabce50e,TRUE,TRUE,data/tamil_nadu/buildings/validated/TN_NADA_2016_buildings.gpkg,60.79,11.811869109427132,79.80055556246225,PASS,none
TN_NADA_2016_017009,TN_NADA_2016,9a5dbed60d2c92e9,TRUE,TRUE,data/tamil_nadu/buildings/validated/TN_NADA_2016_buildings.gpkg,34.55,11.72430714971921,79.71358836183649,PASS,none
TN_NADA_2016_029846,TN_NADA_2016,937b49326f5d80dd,TRUE,TRUE,data/tamil_nadu/buildings/validated/TN_NADA_2016_buildings.gpkg,35.34,11.738983402171163,79.71027723139488,PASS,none
TN_NADA_2016_002223,TN_NADA_2016,7e9e2c356a16d3c6,TRUE,TRUE,data/tamil_nadu/buildings/validated/TN_NADA_2016_buildings.gpkg,58.71,11.690283447408435,79.74229954351937,PASS,none
TN_NADA_2016_030782,TN_NADA_2016,f450f7cf257ff413,TRUE,TRUE,data/tamil_nadu/buildings/validated/TN_NADA_2016_buildings.gpkg,20.24,11.746820985520936,79.73170112147437,PASS,none
TN_NADA_2016_002066,TN_NADA_2016,43713d23337de8dd,TRUE,TRUE,data/tamil_nadu/buildings/validated/TN_NADA_2016_buildings.gpkg,205.13,11.67750344634725,79.75066703965838,PASS,none
TN_NADA_2016_005219,TN_NADA_2016,7098f6157cad620b,TRUE,TRUE,data/tamil_nadu/buildings/validated/TN_NADA_2016_buildings.gpkg,55.74,11.689983479981601,79.75730346937785,PASS,none
TN_NADA_2016_011999,TN_NADA_2016,f90339c1a9360910,TRUE,TRUE,data/tamil_nadu/buildings/validated/TN_NADA_2016_buildings.gpkg,72.15,11.709730984444631,79.76952736585746,PASS,none
TN_NADA_2016_044089,TN_NADA_2016,2196e38c0f10fa0c,TRUE,TRUE,data/tamil_nadu/buildings/validated/TN_NADA_2016_buildings.gpkg,82.12,11.745358810759942,79.78097346477972,PASS,none
TN_NADA_2016_064524,TN_NADA_2016,6f40738119f2fc15,TRUE,TRUE,data/tamil_nadu/buildings/validated/TN_NADA_2016_buildings.gpkg,40.32,11.766069327395329,79.78816249322013,PASS,none
TN_NADA_2016_104140,TN_NADA_2016,ef96714ddc1d6fe9,TRUE,TRUE,data/tamil_nadu/buildings/validated/TN_NADA_2016_buildings.gpkg,40.79,11.809802509593135,79.7805866286889,PASS,none
TN_NADA_2016_104204,TN_NADA_2016,d39bca08cf7494dd,TRUE,TRUE,data/tamil_nadu/buildings/validated/TN_NADA_2016_buildings.gpkg,24.65,11.821443670854105,79.78924699166811,PASS,none
TN_NADA_2016_048082,TN_NADA_2016,2b8ad1ffd3e8cde6,TRUE,TRUE,data/tamil_nadu/buildings/validated/TN_NADA_2016_buildings.gpkg,17.69,11.764998155207948,79.69933287930455,PASS,none
TN_NADA_2016_085432,TN_NADA_2016,c945c1a634a8d023,TRUE,TRUE,data/tamil_nadu/buildings/validated/TN_NADA_2016_buildings.gpkg,107.95,11.801591287577299,79.71211235289167,PASS,none
TN_NADA_2016_010711,TN_NADA_2016,71411976ded549b0,TRUE,TRUE,data/tamil_nadu/buildings/validated/TN_NADA_2016_buildings.gpkg,13.96,11.706348111380116,79.72756362739217,PASS,none
TN_NADA_2016_030763,TN_NADA_2016,296fa6d9601e78f9,TRUE,TRUE,data/tamil_nadu/buildings/validated/TN_NADA_2016_buildings.gpkg,28.53,11.747090878450877,79.72834479686493,PASS,none
TN_NADA_2016_002230,TN_NADA_2016,bcce089290296811,TRUE,TRUE,data/tamil_nadu/buildings/validated/TN_NADA_2016_buildings.gpkg,25.44,11.691269316695262,79.74146839394828,PASS,none
TN_NADA_2016_030786,TN_NADA_2016,8abd2faa45d9b8f2,TRUE,TRUE,data/tamil_nadu/buildings/validated/TN_NADA_2016_buildings.gpkg,148.08,11.740815421364642,79.73304572787653,PASS,none
TN_NADA_2016_018457,TN_NADA_2016,47d0a3fbcacacca2,TRUE,TRUE,data/tamil_nadu/buildings/validated/TN_NADA_2016_buildings.gpkg,45.94,11.724836235001117,79.75182238605574,PASS,none
TN_NADA_2016_012001,TN_NADA_2016,252d7207f6450a26,TRUE,TRUE,data/tamil_nadu/buildings/validated/TN_NADA_2016_buildings.gpkg,44.86,11.706717051097371,79.76486295355988,PASS,none
TN_NADA_2016_102778,TN_NADA_2016,bc69a5634e53d786,TRUE,TRUE,data/tamil_nadu/buildings/validated/TN_NADA_2016_buildings.gpkg,29.51,11.819269351296365,79.76145444858098,PASS,none
TN_NADA_2016_064530,TN_NADA_2016,8a159ec8c04244fe,TRUE,TRUE,data/tamil_nadu/buildings/validated/TN_NADA_2016_buildings.gpkg,76.28,11.764520955666221,79.77838014904194,PASS,none
TN_NADA_2016_092048,TN_NADA_2016,3fbebeb6bc9244cd,TRUE,TRUE,data/tamil_nadu/buildings/validated/TN_NADA_2016_buildings.gpkg,10.62,11.794175192413807,79.78940926155333,PASS,none
TN_NADA_2016_085419,TN_NADA_2016,15d81cd4caa507b1,TRUE,TRUE,data/tamil_nadu/buildings/validated/TN_NADA_2016_buildings.gpkg,8.19,11.796674716010843,79.69740848782908,PASS,none
TN_NADA_2016_008543,TN_NADA_2016,d7420ef849b9b64b,TRUE,TRUE,data/tamil_nadu/buildings/validated/TN_NADA_2016_buildings.gpkg,78.54,11.70035253928527,79.70889414322728,PASS,none
TN_NADA_2016_010341,TN_NADA_2016,13d6be3ac0f5b8a9,TRUE,TRUE,data/tamil_nadu/buildings/validated/TN_NADA_2016_buildings.gpkg,298.72,11.707790395926207,79.71902721812897,PASS,none
TN_NADA_2016_030096,TN_NADA_2016,49c42baa343a421d,TRUE,TRUE,data/tamil_nadu/buildings/validated/TN_NADA_2016_buildings.gpkg,121.51,11.747945044238634,79.7128295843411,PASS,none
TN_NADA_2016_096346,TN_NADA_2016,845446631949e764,TRUE,TRUE,data/tamil_nadu/buildings/validated/TN_NADA_2016_buildings.gpkg,28.38,11.813459537623121,79.70896244760085,PASS,none
TN_NADA_2016_000739,TN_NADA_2016,1cf8dea1bf9b7d26,TRUE,TRUE,data/tamil_nadu/buildings/validated/TN_NADA_2016_buildings.gpkg,7.48,11.673596985053546,79.72723694115443,PASS,none
TN_NADA_2016_000751,TN_NADA_2016,60880602d668aa7d,TRUE,TRUE,data/tamil_nadu/buildings/validated/TN_NADA_2016_buildings.gpkg,108.63,11.691670396932935,79.72276488961639,PASS,none
TN_NADA_2016_017796,TN_NADA_2016,102b38becb314744,TRUE,TRUE,data/tamil_nadu/buildings/validated/TN_NADA_2016_buildings.gpkg,15.24,11.724402467970776,79.72128459095438,PASS,none
TN_NADA_2016_030787,TN_NADA_2016,07ab13b04af12e68,TRUE,TRUE,data/tamil_nadu/buildings/validated/TN_NADA_2016_buildings.gpkg,31.13,11.74649914542649,79.73223667150981,PASS,none
TN_NADA_2016_011641,TN_NADA_2016,003d02057b610fb9,TRUE,TRUE,data/tamil_nadu/buildings/validated/TN_NADA_2016_buildings.gpkg,108.92,11.70999284527385,79.74577645758876,PASS,none
TN_NADA_2016_018458,TN_NADA_2016,e806b673ce9e872d,TRUE,TRUE,data/tamil_nadu/buildings/validated/TN_NADA_2016_buildings.gpkg,90.13,11.72772710120899,79.74551208675736,PASS,none
TN_NADA_2016_088292,TN_NADA_2016,55110949af178f12,TRUE,TRUE,data/tamil_nadu/buildings/validated/TN_NADA_2016_buildings.gpkg,57.62,11.79341236889167,79.74955371192578,PASS,none
TN_NADA_2016_098662,TN_NADA_2016,acecec4d5ddc8fbe,TRUE,TRUE,data/tamil_nadu/buildings/validated/TN_NADA_2016_buildings.gpkg,5.54,11.820929341869432,79.75182712033765,PASS,none
TN_NADA_2016_005226,TN_NADA_2016,8010e10646079c7a,TRUE,TRUE,data/tamil_nadu/buildings/validated/TN_NADA_2016_buildings.gpkg,265.29,11.690431209743206,79.75661408267776,PASS,none
TN_NADA_2016_012003,TN_NADA_2016,04a7f45840bcc87b,TRUE,TRUE,data/tamil_nadu/buildings/validated/TN_NADA_2016_buildings.gpkg,45.89,11.710477834542376,79.76277927023875,PASS,none
TN_NADA_2016_039145,TN_NADA_2016,e740a951639cca6a,TRUE,TRUE,data/tamil_nadu/buildings/validated/TN_NADA_2016_buildings.gpkg,324.87,11.735549383027776,79.76284761579969,PASS,none
TN_NADA_2016_020002,TN_NADA_2016,886161fa46656609,TRUE,TRUE,data/tamil_nadu/buildings/validated/TN_NADA_2016_buildings.gpkg,30.24,11.72512788854678,79.77096004790323,PASS,none
