geometry_hash,building_id,event_id,duplicate_count,multi_event_flag
30bb327b00cede47,TN_VARDAH_2016_000003,TN_VARDAH_2016,1,SINGLE_EVENT_BUILDING
db92a6a44d83af46,TN_VARDAH_2016_000001,TN_VARDAH_2016,1,SINGLE_EVENT_BUILDING
9928206cb5ffd2e8,TN_VARDAH_2016_021812,TN_VARDAH_2016,1,SINGLE_EVENT_BUILDING
ef753ca579845ad9,TN_VARDAH_2016_046548,TN_VARDAH_2016,1,SINGLE_EVENT_BUILDING
7be06f1776fc023c,TN_VARDAH_2016_071942,TN_VARDAH_2016,1,SINGLE_EVENT_BUILDING
621010d25244a20a,TN_VARDAH_2016_096226,TN_VARDAH_2016,1,SINGLE_EVENT_BUILDING
259b9bd8c8af39e0,TN_VARDAH_2016_123776,TN_VARDAH_2016,1,SINGLE_EVENT_BUILDING
603136a2ff806e01,TN_VARDAH_2016_153525,TN_VARDAH_2016,1,SINGLE_EVENT_BUILDING
a7fd0d22482af66f,TN_VARDAH_2016_183189,TN_VARDAH_2016,1,SINGLE_EVENT_BUILDING
e489955c850b1c04,TN_VARDAH_2016_000002,TN_VARDAH_2016,1,SINGLE_EVENT_BUILDING
9c37601871634f5c,TN_VARDAH_2016_000004,TN_VARDAH_2016,1,SINGLE_EVENT_BUILDING
af2750375901ea5d,TN_VARDAH_2016_021814,TN_VARDAH_2016,1,SINGLE_EVENT_BUILDING
15f776b96bcbe266,TN_VARDAH_2016_046553,TN_VARDAH_2016,1,SINGLE_EVENT_BUILDING
556a049d42b18358,TN_VARDAH_2016_071277,TN_VARDAH_2016,1,SINGLE_EVENT_BUILDING
733b4ff625fd83d5,TN_VARDAH_2016_072795,TN_VARDAH_2016,1,SINGLE_EVENT_BUILDING
e7088067bbfef6cd,TN_VARDAH_2016_096267,TN_VARDAH_2016,1,SINGLE_EVENT_BUILDING
22af4305603596e2,TN_VARDAH_2016_123782,TN_VARDAH_2016,1,SINGLE_EVENT_BUILDING
14c7313328419095,TN_VARDAH_2016_153527,TN_VARDAH_2016,1,SINGLE_EVENT_BUILDING
c09db73918d36b5b,TN_VARDAH_2016_183194,TN_VARDAH_2016,1,SINGLE_EVENT_BUILDING
65dde066ce2a9464,TN_VARDAH_2016_004983,TN_VARDAH_2016,1,SINGLE_EVENT_BUILDING
d89319a9f896e412,TN_VARDAH_2016_005013,TN_VARDAH_2016,1,SINGLE_EVENT_BUILDING
79a0907934fca7e7,TN_VARDAH_2016_026771,TN_VARDAH_2016,1,SINGLE_EVENT_BUILDING
8e226bf46805ac6c,TN_VARDAH_2016_051508,TN_VARDAH_2016,1,SINGLE_EVENT_BUILDING
490833c4aa21b0d7,TN_VARDAH_2016_076255,TN_VARDAH_2016,1,SINGLE_EVENT_BUILDING
933faa7216e3863c,TN_VARDAH_2016_076370,TN_VARDAH_2016,1,SINGLE_EVENT_BUILDING
417a845f7dbbb8de,TN_VARDAH_2016_101198,TN_VARDAH_2016,1,SINGLE_EVENT_BUILDING
d88bd59b75adfbed,TN_VARDAH_2016_128748,TN_VARDAH_2016,1,SINGLE_EVENT_BUILDING
a6b44fd754683495,TN_VARDAH_2016_158503,TN_VARDAH_2016,1,SINGLE_EVENT_BUILDING
27b87200b7c1d146,TN_VARDAH_2016_188127,TN_VARDAH_2016,1,SINGLE_EVENT_BUILDING
62f6ab86fb2e83e2,TN_VARDAH_2016_009951,TN_VARDAH_2016,1,SINGLE_EVENT_BUILDING
c4ad869268f65ca7,TN_VARDAH_2016_009960,TN_VARDAH_2016,1,SINGLE_EVENT_BUILDING
265d9ca9c66ba45c,TN_VARDAH_2016_031712,TN_VARDAH_2016,1,SINGLE_EVENT_BUILDING
f29b78c4cd5e32a6,TN_VARDAH_2016_056431,TN_VARDAH_2016,1,SINGLE_EVENT_BUILDING
088dc8dc09465fde,TN_VARDAH_2016_081204,TN_VARDAH_2016,1,SINGLE_EVENT_BUILDING
bf028422570454ad,TN_VARDAH_2016_081563,TN_VARDAH_2016,1,SINGLE_EVENT_BUILDING
0488dd2e4bd1e10a,TN_VARDAH_2016_106158,TN_VARDAH_2016,1,SINGLE_EVENT_BUILDING
210754a82ca4cea6,TN_VARDAH_2016_133703,TN_VARDAH_2016,1,SINGLE_EVENT_BUILDING
f48ca2fa240c2bb1,TN_VARDAH_2016_163430,TN_VARDAH_2016,1,SINGLE_EVENT_BUILDING
1085c40de58459ce,TN_VARDAH_2016_193112,TN_VARDAH_2016,1,SINGLE_EVENT_BUILDING
1e3b3ae99e4e41f1,TN_VARDAH_2016_009969,TN_VARDAH_2016,1,SINGLE_EVENT_BUILDING
6c7e9b71b93e63c8,TN_VARDAH_2016_009965,TN_VARDAH_2016,1,SINGLE_EVENT_BUILDING
2f3897035097f97f,TN_VARDAH_2016_031727,TN_VARDAH_2016,1,SINGLE_EVENT_BUILDING
51934b7cc89f9d20,TN_VARDAH_2016_056438,TN_VARDAH_2016,1,SINGLE_EVENT_BUILDING
2d6719796279688a,TN_VARDAH_2016_081209,TN_VARDAH_2016,1,SINGLE_EVENT_BUILDING
12d048497c11a153,TN_VARDAH_2016_085565,TN_VARDAH_2016,1,SINGLE_EVENT_BUILDING
be77b4df411875ee,TN_VARDAH_2016_106163,TN_VARDAH_2016,1,SINGLE_EVENT_BUILDING
f0c3242a9c51ee42,TN_VARDAH_2016_133727,TN_VARDAH_2016,1,SINGLE_EVENT_BUILDING
338ea855701dee75,TN_VARDAH_2016_163427,TN_VARDAH_2016,1,SINGLE_EVENT_BUILDING
b25ee9e8f8b50a83,TN_VARDAH_2016_193111,TN_VARDAH_2016,1,SINGLE_EVENT_BUILDING
4ffa2ff6bbf443e1,TN_VARDAH_2016_014926,TN_VARDAH_2016,1,SINGLE_EVENT_BUILDING
6ca0afec1226a6bb,TN_VARDAH_2016_014925,TN_VARDAH_2016,1,SINGLE_EVENT_BUILDING
ed9e4dc391fa6504,TN_VARDAH_2016_036672,TN_VARDAH_2016,1,SINGLE_EVENT_BUILDING
faa2bfba12e4930d,TN_VARDAH_2016_061386,TN_VARDAH_2016,1,SINGLE_EVENT_BUILDING
fabf22a54f407c84,TN_VARDAH_2016_086150,TN_VARDAH_2016,1,SINGLE_EVENT_BUILDING
4d8c66953c22a8ce,TN_VARDAH_2016_091448,TN_VARDAH_2016,1,SINGLE_EVENT_BUILDING
0f8167a46052fabd,TN_VARDAH_2016_111089,TN_VARDAH_2016,1,SINGLE_EVENT_BUILDING
26ff6aee3bbc02bb,TN_VARDAH_2016_138658,TN_VARDAH_2016,1,SINGLE_EVENT_BUILDING
b150c011a8191a06,TN_VARDAH_2016_168391,TN_VARDAH_2016,1,SINGLE_EVENT_BUILDING
5b3ab84ac5008e3f,TN_VARDAH_2016_198058,TN_VARDAH_2016,1,SINGLE_EVENT_BUILDING
5f4772056aeb1035,TN_VARDAH_2016_019885,TN_VARDAH_2016,1,SINGLE_EVENT_BUILDING
cd132e412a8a6324,TN_VARDAH_2016_019891,TN_VARDAH_2016,1,SINGLE_EVENT_BUILDING
169aa16775b9955e,TN_VARDAH_2016_041620,TN_VARDAH_2016,1,SINGLE_EVENT_BUILDING
593deb5c3bc0f64e,TN_VARDAH_2016_066342,TN_VARDAH_2016,1,SINGLE_EVENT_BUILDING
719c138575f33dbd,TN_VARDAH_2016_092127,TN_VARDAH_2016,1,SINGLE_EVENT_BUILDING
108262ea36b1ab5e,TN_VARDAH_2016_116032,TN_VARDAH_2016,1,SINGLE_EVENT_BUILDING
fad016e99fd6b1e2,TN_VARDAH_2016_143610,TN_VARDAH_2016,1,SINGLE_EVENT_BUILDING
0a9b9d1231fd5571,TN_VARDAH_2016_173311,TN_VARDAH_2016,1,SINGLE_EVENT_BUILDING
be7f5b71991641f9,TN_VARDAH_2016_202999,TN_VARDAH_2016,1,SINGLE_EVENT_BUILDING
bcf10b9001bf098d,TN_VARDAH_2016_091132,TN_VARDAH_2016,1,SINGLE_EVENT_BUILDING
1c6f733a186ca859,TN_VARDAH_2016_096100,TN_VARDAH_2016,1,SINGLE_EVENT_BUILDING
80027f01d36c7554,TN_VARDAH_2016_116128,TN_VARDAH_2016,1,SINGLE_EVENT_BUILDING
b42d73aa344eb8bf,TN_VARDAH_2016_143713,TN_VARDAH_2016,1,SINGLE_EVENT_BUILDING
362071e06307d1b8,TN_VARDAH_2016_173319,TN_VARDAH_2016,1,SINGLE_EVENT_BUILDING
7b7c2501ce10b3a5,TN_VARDAH_2016_202995,TN_VARDAH_2016,1,SINGLE_EVENT_BUILDING
c19d8b2f14cefa31,TN_VARDAH_2016_121014,TN_VARDAH_2016,1,SINGLE_EVENT_BUILDING
e2f63972d2574af5,TN_VARDAH_2016_121046,TN_VARDAH_2016,1,SINGLE_EVENT_BUILDING
c2341e69c26b3c1c,TN_VARDAH_2016_178974,TN_VARDAH_2016,1,SINGLE_EVENT_BUILDING
fbb016b2c0262fc7,TN_VARDAH_2016_206062,TN_VARDAH_2016,1,SINGLE_EVENT_BUILDING
a77adb60b197f928,TN_VARDAH_2016_153524,TN_VARDAH_2016,1,SINGLE_EVENT_BUILDING
3711380113675494,TN_VARDAH_2016_000005,TN_VARDAH_2016,1,SINGLE_EVENT_BUILDING
756c5b2b7f98a481,TN_VARDAH_2016_000019,TN_VARDAH_2016,1,SINGLE_EVENT_BUILDING
577a991da378af22,TN_VARDAH_2016_021815,TN_VARDAH_2016,1,SINGLE_EVENT_BUILDING
387875c82ce21f71,TN_VARDAH_2016_046549,TN_VARDAH_2016,1,SINGLE_EVENT_BUILDING
e119b165f457ee48,TN_VARDAH_2016_071282,TN_VARDAH_2016,1,SINGLE_EVENT_BUILDING
a401a1f3b2e0cd2a,TN_VARDAH_2016_071959,TN_VARDAH_2016,1,SINGLE_EVENT_BUILDING
4cdd30a0e3cfe6fc,TN_VARDAH_2016_096232,TN_VARDAH_2016,1,SINGLE_EVENT_BUILDING
c1b824dd6eea8799,TN_VARDAH_2016_123780,TN_VARDAH_2016,1,SINGLE_EVENT_BUILDING
a78277d83ba548bd,TN_VARDAH_2016_153529,TN_VARDAH_2016,1,SINGLE_EVENT_BUILDING
9b248b08bd3ab306,TN_VARDAH_2016_183190,TN_VARDAH_2016,1,SINGLE_EVENT_BUILDING
f4992dd84805a730,TN_VARDAH_2016_000006,TN_VARDAH_2016,1,SINGLE_EVENT_BUILDING
503b78eba2d64ad0,TN_VARDAH_2016_000033,TN_VARDAH_2016,1,SINGLE_EVENT_BUILDING
794e451fb108fd85,TN_VARDAH_2016_021825,TN_VARDAH_2016,1,SINGLE_EVENT_BUILDING
0120b8aa37ea83c5,TN_VARDAH_2016_046556,TN_VARDAH_2016,1,SINGLE_EVENT_BUILDING
8c3669d27aba7ebc,TN_VARDAH_2016_071280,TN_VARDAH_2016,1,SINGLE_EVENT_BUILDING
1b5aa6f3d273b158,TN_VARDAH_2016_073162,TN_VARDAH_2016,1,SINGLE_EVENT_BUILDING
99c4a16810792752,TN_VARDAH_2016_096314,TN_VARDAH_2016,1,SINGLE_EVENT_BUILDING
ef286aba766b5e34,TN_VARDAH_2016_153528,TN_VARDAH_2016,1,SINGLE_EVENT_BUILDING
920b7cdca59c8e29,TN_VARDAH_2016_183205,TN_VARDAH_2016,1,SINGLE_EVENT_BUILDING
ed673c6d532a3458,TN_VARDAH_2016_004986,TN_VARDAH_2016,1,SINGLE_EVENT_BUILDING
06d912a4b4795afa,TN_VARDAH_2016_005025,TN_VARDAH_2016,1,SINGLE_EVENT_BUILDING
52aabaf991a745eb,TN_VARDAH_2016_026772,TN_VARDAH_2016,1,SINGLE_EVENT_BUILDING
48679bd5055c989b,TN_VARDAH_2016_051512,TN_VARDAH_2016,1,SINGLE_EVENT_BUILDING
c612bd18772eed60,TN_VARDAH_2016_076257,TN_VARDAH_2016,1,SINGLE_EVENT_BUILDING
ba90858ed88bedf9,TN_VARDAH_2016_076551,TN_VARDAH_2016,1,SINGLE_EVENT_BUILDING
799e11b63053a8b3,TN_VARDAH_2016_101202,TN_VARDAH_2016,1,SINGLE_EVENT_BUILDING
48a595b368cacb6c,TN_VARDAH_2016_128749,TN_VARDAH_2016,1,SINGLE_EVENT_BUILDING
b2c8c9ad970b2975,TN_VARDAH_2016_158504,TN_VARDAH_2016,1,SINGLE_EVENT_BUILDING
66dba308c9b77a4d,TN_VARDAH_2016_188128,TN_VARDAH_2016,1,SINGLE_EVENT_BUILDING
ae07d35fe06b7897,TN_VARDAH_2016_009952,TN_VARDAH_2016,1,SINGLE_EVENT_BUILDING
8a2b10624a750837,TN_VARDAH_2016_009980,TN_VARDAH_2016,1,SINGLE_EVENT_BUILDING
ee2543418c8e3e9c,TN_VARDAH_2016_031717,TN_VARDAH_2016,1,SINGLE_EVENT_BUILDING
47e8ffaa88e6964b,TN_VARDAH_2016_056433,TN_VARDAH_2016,1,SINGLE_EVENT_BUILDING
ce3f3ccfe3be34ba,TN_VARDAH_2016_081205,TN_VARDAH_2016,1,SINGLE_EVENT_BUILDING
c505f0b3bc03e506,TN_VARDAH_2016_081814,TN_VARDAH_2016,1,SINGLE_EVENT_BUILDING
38e2889e9c7e69f7,TN_VARDAH_2016_106170,TN_VARDAH_2016,1,SINGLE_EVENT_BUILDING
2942fdfb66b986a0,TN_VARDAH_2016_133705,TN_VARDAH_2016,1,SINGLE_EVENT_BUILDING
09313f20dfa3997b,TN_VARDAH_2016_163431,TN_VARDAH_2016,1,SINGLE_EVENT_BUILDING
88af4cf84f7e0327,TN_VARDAH_2016_193113,TN_VARDAH_2016,1,SINGLE_EVENT_BUILDING
066affe7abbbe6ec,TN_VARDAH_2016_009975,TN_VARDAH_2016,1,SINGLE_EVENT_BUILDING
12257f07646fc055,TN_VARDAH_2016_009983,TN_VARDAH_2016,1,SINGLE_EVENT_BUILDING
079e3267003d7c09,TN_VARDAH_2016_031743,TN_VARDAH_2016,1,SINGLE_EVENT_BUILDING
265019ab6973ac88,TN_VARDAH_2016_056450,TN_VARDAH_2016,1,SINGLE_EVENT_BUILDING
35694de4d53c9842,TN_VARDAH_2016_081218,TN_VARDAH_2016,1,SINGLE_EVENT_BUILDING
82693e4ffbdafc8d,TN_VARDAH_2016_086533,TN_VARDAH_2016,1,SINGLE_EVENT_BUILDING
2cdcfec68ba386c5,TN_VARDAH_2016_106174,TN_VARDAH_2016,1,SINGLE_EVENT_BUILDING
787312dae1984c58,TN_VARDAH_2016_133735,TN_VARDAH_2016,1,SINGLE_EVENT_BUILDING
39370074a4b68013,TN_VARDAH_2016_163439,TN_VARDAH_2016,1,SINGLE_EVENT_BUILDING
7dd44c720ee7a1c3,TN_VARDAH_2016_193123,TN_VARDAH_2016,2,MULTI_EVENT_BUILDING
08049d4897741115,TN_VARDAH_2016_014933,TN_VARDAH_2016,1,SINGLE_EVENT_BUILDING
a0c000c67cfceb38,TN_VARDAH_2016_014929,TN_VARDAH_2016,1,SINGLE_EVENT_BUILDING
565e342189de7743,TN_VARDAH_2016_036674,TN_VARDAH_2016,1,SINGLE_EVENT_BUILDING
676353b3326f3905,TN_VARDAH_2016_061393,TN_VARDAH_2016,1,SINGLE_EVENT_BUILDING
5fa5e180b8731aec,TN_VARDAH_2016_086151,TN_VARDAH_2016,1,SINGLE_EVENT_BUILDING
c0396950761fd6e7,TN_VARDAH_2016_093737,TN_VARDAH_2016,1,SINGLE_EVENT_BUILDING
6d6ae883db1cdbb7,TN_VARDAH_2016_111107,TN_VARDAH_2016,1,SINGLE_EVENT_BUILDING
4df1964034a6b0bb,TN_VARDAH_2016_138663,TN_VARDAH_2016,1,SINGLE_EVENT_BUILDING
f2394c6582b6c582,TN_VARDAH_2016_168409,TN_VARDAH_2016,1,SINGLE_EVENT_BUILDING
f6af11f6cd9850f2,TN_VARDAH_2016_198061,TN_VARDAH_2016,1,SINGLE_EVENT_BUILDING
0ca07a8651395631,TN_VARDAH_2016_019886,TN_VARDAH_2016,1,SINGLE_EVENT_BUILDING
8920ee4536030894,TN_VARDAH_2016_019894,TN_VARDAH_2016,1,SINGLE_EVENT_BUILDING
dca7cb2b82d2e903,TN_VARDAH_2016_041639,TN_VARDAH_2016,1,SINGLE_EVENT_BUILDING
c7db7888e80f5f61,TN_VARDAH_2016_066353,TN_VARDAH_2016,1,SINGLE_EVENT_BUILDING
047f7ca7841bf8ea,TN_VARDAH_2016_091112,TN_VARDAH_2016,1,SINGLE_EVENT_BUILDING
d01c2f2bf5211e25,TN_VARDAH_2016_094322,TN_VARDAH_2016,1,SINGLE_EVENT_BUILDING
5530cea3ec702905,TN_VARDAH_2016_116038,TN_VARDAH_2016,1,SINGLE_EVENT_BUILDING
996e9cac65d32701,TN_VARDAH_2016_143611,TN_VARDAH_2016,1,SINGLE_EVENT_BUILDING
9f6203427305beab,TN_VARDAH_2016_173312,TN_VARDAH_2016,1,SINGLE_EVENT_BUILDING
270e59a8af0be1bf,TN_VARDAH_2016_203000,TN_VARDAH_2016,1,SINGLE_EVENT_BUILDING
b9b8123540a40145,TN_VARDAH_2016_091156,TN_VARDAH_2016,1,SINGLE_EVENT_BUILDING
0eba7f5df63ce326,TN_VARDAH_2016_096205,TN_VARDAH_2016,1,SINGLE_EVENT_BUILDING
cfd98b8d90b767b5,TN_VARDAH_2016_116130,TN_VARDAH_2016,1,SINGLE_EVENT_BUILDING
0e9215455023ba68,TN_VARDAH_2016_173372,TN_VARDAH_2016,1,SINGLE_EVENT_BUILDING
2e60cdb855e26de9,TN_VARDAH_2016_202996,TN_VARDAH_2016,1,SINGLE_EVENT_BUILDING
3bd0fac01b541075,TN_VARDAH_2016_121024,TN_VARDAH_2016,1,SINGLE_EVENT_BUILDING
770990fe9da8a250,TN_VARDAH_2016_121169,TN_VARDAH_2016,1,SINGLE_EVENT_BUILDING
68213d37a5f01f61,TN_VARDAH_2016_179018,TN_VARDAH_2016,1,SINGLE_EVENT_BUILDING
e5c35867ee0acbab,TN_VARDAH_2016_206065,TN_VARDAH_2016,2,MULTI_EVENT_BUILDING
47c94b48e9618b1e,TN_VARDAH_2016_000007,TN_VARDAH_2016,1,SINGLE_EVENT_BUILDING
e5f4cb0ed9c63135,TN_VARDAH_2016_000031,TN_VARDAH_2016,1,SINGLE_EVENT_BUILDING
ed7294a20f352cf1,TN_VARDAH_2016_021818,TN_VARDAH_2016,1,SINGLE_EVENT_BUILDING
269839a2833817cd,TN_VARDAH_2016_046551,TN_VARDAH_2016,1,SINGLE_EVENT_BUILDING
0504223909faafc8,TN_VARDAH_2016_071288,TN_VARDAH_2016,1,SINGLE_EVENT_BUILDING
20cbe7299fae3322,TN_VARDAH_2016_073386,TN_VARDAH_2016,1,SINGLE_EVENT_BUILDING
5ce32593816b8280,TN_VARDAH_2016_096241,TN_VARDAH_2016,1,SINGLE_EVENT_BUILDING
83d6c8351cf36a11,TN_VARDAH_2016_123783,TN_VARDAH_2016,1,SINGLE_EVENT_BUILDING
11edd57157e4e879,TN_VARDAH_2016_153530,TN_VARDAH_2016,1,SINGLE_EVENT_BUILDING
41f43559ee7cbf3d,TN_VARDAH_2016_183192,TN_VARDAH_2016,1,SINGLE_EVENT_BUILDING
e03f4d35e6f40fa1,TN_VARDAH_2016_000013,TN_VARDAH_2016,1,SINGLE_EVENT_BUILDING
4d532c5ff4c069ba,TN_VARDAH_2016_000042,TN_VARDAH_2016,1,SINGLE_EVENT_BUILDING
1c9126246643d940,TN_VARDAH_2016_021828,TN_VARDAH_2016,1,SINGLE_EVENT_BUILDING
d51a6e7905b9596d,TN_VARDAH_2016_046559,TN_VARDAH_2016,1,SINGLE_EVENT_BUILDING
7d7dc32d327abc72,TN_VARDAH_2016_071283,TN_VARDAH_2016,1,SINGLE_EVENT_BUILDING
87d6d142488feb14,TN_VARDAH_2016_073179,TN_VARDAH_2016,1,SINGLE_EVENT_BUILDING
a259d6caa831eb85,TN_VARDAH_2016_096323,TN_VARDAH_2016,1,SINGLE_EVENT_BUILDING
2cc88759c6b863ed,TN_VARDAH_2016_123809,TN_VARDAH_2016,1,SINGLE_EVENT_BUILDING
5cf2d4c537ad4ee9,TN_VARDAH_2016_153531,TN_VARDAH_2016,1,SINGLE_EVENT_BUILDING
f35566268f065b67,TN_VARDAH_2016_183215,TN_VARDAH_2016,1,SINGLE_EVENT_BUILDING
d60f74948f9ff661,TN_VARDAH_2016_004988,TN_VARDAH_2016,1,SINGLE_EVENT_BUILDING
b2d1e1ba2d14cec0,TN_VARDAH_2016_005026,TN_VARDAH_2016,1,SINGLE_EVENT_BUILDING
b9fb93b745798182,TN_VARDAH_2016_026778,TN_VARDAH_2016,1,SINGLE_EVENT_BUILDING
9405eed43af8fcbf,TN_VARDAH_2016_051513,TN_VARDAH_2016,1,SINGLE_EVENT_BUILDING
2dc105f5d027f538,TN_VARDAH_2016_076258,TN_VARDAH_2016,1,SINGLE_EVENT_BUILDING
5ea7ca1dfa050510,TN_VARDAH_2016_076688,TN_VARDAH_2016,1,SINGLE_EVENT_BUILDING
9be2407d5d60c007,TN_VARDAH_2016_101218,TN_VARDAH_2016,1,SINGLE_EVENT_BUILDING
f73fbd5aa8ee7e02,TN_VARDAH_2016_188130,TN_VARDAH_2016,2,MULTI_EVENT_BUILDING
25894f0b45919ded,TN_VARDAH_2016_009953,TN_VARDAH_2016,1,SINGLE_EVENT_BUILDING
83e782c42101cb6c,TN_VARDAH_2016_009982,TN_VARDAH_2016,1,SINGLE_EVENT_BUILDING
e2486a50f37d5095,TN_VARDAH_2016_031719,TN_VARDAH_2016,1,SINGLE_EVENT_BUILDING
a626097b24417302,TN_VARDAH_2016_056435,TN_VARDAH_2016,1,SINGLE_EVENT_BUILDING
6292a61dd945e39a,TN_VARDAH_2016_081207,TN_VARDAH_2016,1,SINGLE_EVENT_BUILDING
7fe1305a98c913ab,TN_VARDAH_2016_106177,TN_VARDAH_2016,1,SINGLE_EVENT_BUILDING
d7988326c430e324,TN_VARDAH_2016_133707,TN_VARDAH_2016,1,SINGLE_EVENT_BUILDING
5e2e4b01496eac93,TN_VARDAH_2016_163432,TN_VARDAH_2016,1,SINGLE_EVENT_BUILDING
3dc9da605c2206b3,TN_VARDAH_2016_193115,TN_VARDAH_2016,2,MULTI_EVENT_BUILDING
1a61a13377bc436e,TN_VARDAH_2016_010010,TN_VARDAH_2016,1,SINGLE_EVENT_BUILDING
437493faa8ca73fe,TN_VARDAH_2016_031753,TN_VARDAH_2016,1,SINGLE_EVENT_BUILDING
9fc6e65a78fa0d15,TN_VARDAH_2016_056454,TN_VARDAH_2016,1,SINGLE_EVENT_BUILDING
12aa7624c766cbab,TN_VARDAH_2016_086816,TN_VARDAH_2016,1,SINGLE_EVENT_BUILDING
312de1f1b4c30c0b,TN_VARDAH_2016_106179,TN_VARDAH_2016,1,SINGLE_EVENT_BUILDING
7070d140e3ec1032,TN_VARDAH_2016_133749,TN_VARDAH_2016,1,SINGLE_EVENT_BUILDING
3bfb701aa4eac632,TN_VARDAH_2016_163441,TN_VARDAH_2016,1,SINGLE_EVENT_BUILDING
1f575c2fe9bbc9e7,TN_VARDAH_2016_193125,TN_VARDAH_2016,1,SINGLE_EVENT_BUILDING
890d8c1fc83e2842,TN_VARDAH_2016_014934,TN_VARDAH_2016,1,SINGLE_EVENT_BUILDING
ed7e58eaa3a3a00f,TN_VARDAH_2016_014932,TN_VARDAH_2016,1,SINGLE_EVENT_BUILDING
b079006ee6ee03b6,TN_VARDAH_2016_036683,TN_VARDAH_2016,1,SINGLE_EVENT_BUILDING
d00036b93d2972d0,TN_VARDAH_2016_061396,TN_VARDAH_2016,1,SINGLE_EVENT_BUILDING
2caf5203f56467ab,TN_VARDAH_2016_086152,TN_VARDAH_2016,1,SINGLE_EVENT_BUILDING
071b0f86e2ff99b6,TN_VARDAH_2016_111088,TN_VARDAH_2016,1,SINGLE_EVENT_BUILDING
5cfa4422de9f64d4,TN_VARDAH_2016_111120,TN_VARDAH_2016,1,SINGLE_EVENT_BUILDING
b0bdd87f8ccb88b3,TN_VARDAH_2016_138667,TN_VARDAH_2016,1,SINGLE_EVENT_BUILDING
cec69dbc5f671018,TN_VARDAH_2016_168411,TN_VARDAH_2016,1,SINGLE_EVENT_BUILDING
a7317587648a62cb,TN_VARDAH_2016_198075,TN_VARDAH_2016,1,SINGLE_EVENT_BUILDING
0b5739310625faa2,TN_VARDAH_2016_019887,TN_VARDAH_2016,1,SINGLE_EVENT_BUILDING
24485f722e0c7fd4,TN_VARDAH_2016_019911,TN_VARDAH_2016,1,SINGLE_EVENT_BUILDING
1fb7e6b5906859be,TN_VARDAH_2016_041654,TN_VARDAH_2016,1,SINGLE_EVENT_BUILDING
1d3205b1641d47c0,TN_VARDAH_2016_091119,TN_VARDAH_2016,1,SINGLE_EVENT_BUILDING
b02069075b57e40c,TN_VARDAH_2016_095366,TN_VARDAH_2016,1,SINGLE_EVENT_BUILDING
7efbaace8969cfed,TN_VARDAH_2016_116039,TN_VARDAH_2016,1,SINGLE_EVENT_BUILDING
4cdb2eb376393a19,TN_VARDAH_2016_143612,TN_VARDAH_2016,1,SINGLE_EVENT_BUILDING
589b3b5aa4104a21,TN_VARDAH_2016_173313,TN_VARDAH_2016,1,SINGLE_EVENT_BUILDING
24336f8256ece910,TN_VARDAH_2016_203002,TN_VARDAH_2016,1,SINGLE_EVENT_BUILDING
81dd6e4c64b2c6d9,TN_VARDAH_2016_091235,TN_VARDAH_2016,1,SINGLE_EVENT_BUILDING
cce80ada8a8cbb2d,TN_VARDAH_2016_116060,TN_VARDAH_2016,1,SINGLE_EVENT_BUILDING
afcad7b7c779ddc3,TN_VARDAH_2016_116241,TN_VARDAH_2016,1,SINGLE_EVENT_BUILDING
ef22ee7d46d673db,TN_VARDAH_2016_143773,TN_VARDAH_2016,1,SINGLE_EVENT_BUILDING
cfdb87e75aa91861,TN_VARDAH_2016_173418,TN_VARDAH_2016,1,SINGLE_EVENT_BUILDING
1ec3b90f6abf541a,TN_VARDAH_2016_203024,TN_VARDAH_2016,1,SINGLE_EVENT_BUILDING
d6ad8c91b1d30530,TN_VARDAH_2016_121032,TN_VARDAH_2016,1,SINGLE_EVENT_BUILDING
7f68cafa2fe5433a,TN_VARDAH_2016_121414,TN_VARDAH_2016,1,SINGLE_EVENT_BUILDING
dbb7ff17e0a2c53f,TN_VARDAH_2016_179953,TN_VARDAH_2016,1,SINGLE_EVENT_BUILDING
ebb2ce9c82acf109,TN_VARDAH_2016_206105,TN_VARDAH_2016,2,MULTI_EVENT_BUILDING
e6981e4fd3d75f67,TN_VARDAH_2016_000008,TN_VARDAH_2016,1,SINGLE_EVENT_BUILDING
cbf1c00709b36ea6,TN_VARDAH_2016_000032,TN_VARDAH_2016,1,SINGLE_EVENT_BUILDING
bf5f59b37985e06d,TN_VARDAH_2016_021820,TN_VARDAH_2016,1,SINGLE_EVENT_BUILDING
ef5629bdb0f0889a,TN_VARDAH_2016_046552,TN_VARDAH_2016,1,SINGLE_EVENT_BUILDING
03fe4207a1bbf529,TN_VARDAH_2016_071290,TN_VARDAH_2016,1,SINGLE_EVENT_BUILDING
a2783cdc92c17951,TN_VARDAH_2016_073413,TN_VARDAH_2016,1,SINGLE_EVENT_BUILDING
ff53a20c92fcab6d,TN_VARDAH_2016_096247,TN_VARDAH_2016,1,SINGLE_EVENT_BUILDING
ca55beaeace6c212,TN_VARDAH_2016_123792,TN_VARDAH_2016,1,SINGLE_EVENT_BUILDING
f87ead0128c9af6c,TN_VARDAH_2016_153534,TN_VARDAH_2016,1,SINGLE_EVENT_BUILDING
293524a98e7d6077,TN_VARDAH_2016_183193,TN_VARDAH_2016,1,SINGLE_EVENT_BUILDING
445c21179ba2b819,TN_VARDAH_2016_000016,TN_VARDAH_2016,1,SINGLE_EVENT_BUILDING
63d860f94d0ad657,TN_VARDAH_2016_000045,TN_VARDAH_2016,1,SINGLE_EVENT_BUILDING
b8119e69c516f1e4,TN_VARDAH_2016_021829,TN_VARDAH_2016,1,SINGLE_EVENT_BUILDING
5b85dcbad5735df9,TN_VARDAH_2016_046562,TN_VARDAH_2016,1,SINGLE_EVENT_BUILDING
6c00470fc5199e55,TN_VARDAH_2016_071284,TN_VARDAH_2016,1,SINGLE_EVENT_BUILDING
a69ebaf6f2845260,TN_VARDAH_2016_073200,TN_VARDAH_2016,1,SINGLE_EVENT_BUILDING
aa20775683c541c4,TN_VARDAH_2016_096345,TN_VARDAH_2016,1,SINGLE_EVENT_BUILDING
28142f7d451c0d6d,TN_VARDAH_2016_123811,TN_VARDAH_2016,1,SINGLE_EVENT_BUILDING
58a0a633f9970fd0,TN_VARDAH_2016_153536,TN_VARDAH_2016,1,SINGLE_EVENT_BUILDING
3fa15d57dc78812d,TN_VARDAH_2016_183224,TN_VARDAH_2016,2,MULTI_EVENT_BUILDING
cc46c3187147cb66,TN_VARDAH_2016_005029,TN_VARDAH_2016,1,SINGLE_EVENT_BUILDING
0a48a36c38ce4b7f,TN_VARDAH_2016_026779,TN_VARDAH_2016,1,SINGLE_EVENT_BUILDING
9744d1776030aa26,TN_VARDAH_2016_051515,TN_VARDAH_2016,1,SINGLE_EVENT_BUILDING
8e19f9f68e6956b0,TN_VARDAH_2016_076268,TN_VARDAH_2016,1,SINGLE_EVENT_BUILDING
6b49f041e488f238,TN_VARDAH_2016_078902,TN_VARDAH_2016,1,SINGLE_EVENT_BUILDING
ead82f20e434b5be,TN_VARDAH_2016_101222,TN_VARDAH_2016,1,SINGLE_EVENT_BUILDING
4e366115554720dd,TN_VARDAH_2016_128756,TN_VARDAH_2016,1,SINGLE_EVENT_BUILDING
9f22c40ed4fa2a81,TN_VARDAH_2016_158509,TN_VARDAH_2016,1,SINGLE_EVENT_BUILDING
34525d673c1357ba,TN_VARDAH_2016_188131,TN_VARDAH_2016,1,SINGLE_EVENT_BUILDING
0112923ca947960f,TN_VARDAH_2016_009954,TN_VARDAH_2016,1,SINGLE_EVENT_BUILDING
4f97d146c8676ea8,TN_VARDAH_2016_009988,TN_VARDAH_2016,1,SINGLE_EVENT_BUILDING
968349b66772eb72,TN_VARDAH_2016_031736,TN_VARDAH_2016,1,SINGLE_EVENT_BUILDING
def83f8f215f54aa,TN_VARDAH_2016_056436,TN_VARDAH_2016,1,SINGLE_EVENT_BUILDING
7b3bcc35beb2f2cd,TN_VARDAH_2016_081208,TN_VARDAH_2016,1,SINGLE_EVENT_BUILDING
4ffd4f93909364d7,TN_VARDAH_2016_082775,TN_VARDAH_2016,1,SINGLE_EVENT_BUILDING
48c7d1f99cc981bc,TN_VARDAH_2016_106181,TN_VARDAH_2016,1,SINGLE_EVENT_BUILDING
d8c45b7792e50ade,TN_VARDAH_2016_133708,TN_VARDAH_2016,1,SINGLE_EVENT_BUILDING
63bb266359d9bdcd,TN_VARDAH_2016_163433,TN_VARDAH_2016,1,SINGLE_EVENT_BUILDING
27e81ac729de84c5,TN_VARDAH_2016_193116,TN_VARDAH_2016,1,SINGLE_EVENT_BUILDING
34a7bbc51e9e9d17,TN_VARDAH_2016_009977,TN_VARDAH_2016,1,SINGLE_EVENT_BUILDING
b9f196c1e3dd2771,TN_VARDAH_2016_010063,TN_VARDAH_2016,1,SINGLE_EVENT_BUILDING
d5cb17d414efcab4,TN_VARDAH_2016_031762,TN_VARDAH_2016,1,SINGLE_EVENT_BUILDING
c44bc39d30e28210,TN_VARDAH_2016_056474,TN_VARDAH_2016,1,SINGLE_EVENT_BUILDING
a5482526483ff5e9,TN_VARDAH_2016_081230,TN_VARDAH_2016,1,SINGLE_EVENT_BUILDING
351ebf72313864d7,TN_VARDAH_2016_088607,TN_VARDAH_2016,1,SINGLE_EVENT_BUILDING
95a6a42efa38b237,TN_VARDAH_2016_106206,TN_VARDAH_2016,1,SINGLE_EVENT_BUILDING
6a9412e9713c0a4f,TN_VARDAH_2016_133752,TN_VARDAH_2016,1,SINGLE_EVENT_BUILDING
cf4f483dfbfd8fee,TN_VARDAH_2016_163448,TN_VARDAH_2016,1,SINGLE_EVENT_BUILDING
22132d636b53893e,TN_VARDAH_2016_193139,TN_VARDAH_2016,1,SINGLE_EVENT_BUILDING
15193da86f0e7088,TN_VARDAH_2016_014950,TN_VARDAH_2016,1,SINGLE_EVENT_BUILDING
6e3febdcd63df878,TN_VARDAH_2016_014936,TN_VARDAH_2016,1,SINGLE_EVENT_BUILDING
cb43164db52810e7,TN_VARDAH_2016_036699,TN_VARDAH_2016,1,SINGLE_EVENT_BUILDING
2e7f5d0b3a7b8cf8,TN_VARDAH_2016_061398,TN_VARDAH_2016,1,SINGLE_EVENT_BUILDING
e88601ad2f44504a,TN_VARDAH_2016_086155,TN_VARDAH_2016,1,SINGLE_EVENT_BUILDING
2f30e797b8d175ce,TN_VARDAH_2016_111095,TN_VARDAH_2016,1,SINGLE_EVENT_BUILDING
8b56f3f149b46997,TN_VARDAH_2016_111129,TN_VARDAH_2016,1,SINGLE_EVENT_BUILDING
40ce4416546ad079,TN_VARDAH_2016_138670,TN_VARDAH_2016,1,SINGLE_EVENT_BUILDING
c57cc50273b267b2,TN_VARDAH_2016_168415,TN_VARDAH_2016,1,SINGLE_EVENT_BUILDING
d15088c2d0601553,TN_VARDAH_2016_019888,TN_VARDAH_2016,1,SINGLE_EVENT_BUILDING
7759f123ef4bef18,TN_VARDAH_2016_019918,TN_VARDAH_2016,1,SINGLE_EVENT_BUILDING
2908a497e7dfa530,TN_VARDAH_2016_041655,TN_VARDAH_2016,1,SINGLE_EVENT_BUILDING
7f8544748a11f4fa,TN_VARDAH_2016_066370,TN_VARDAH_2016,1,SINGLE_EVENT_BUILDING
854a3e1879d9421c,TN_VARDAH_2016_091123,TN_VARDAH_2016,1,SINGLE_EVENT_BUILDING
f8d44ce502722d4d,TN_VARDAH_2016_116028,TN_VARDAH_2016,1,SINGLE_EVENT_BUILDING
e88f174e2367ae43,TN_VARDAH_2016_116041,TN_VARDAH_2016,1,SINGLE_EVENT_BUILDING
d71bbe2083da53a9,TN_VARDAH_2016_143617,TN_VARDAH_2016,1,SINGLE_EVENT_BUILDING
64d5405c44f83081,TN_VARDAH_2016_173316,TN_VARDAH_2016,2,MULTI_EVENT_BUILDING
570784cac933bfd9,TN_VARDAH_2016_203006,TN_VARDAH_2016,1,SINGLE_EVENT_BUILDING
8dacf798df4069e6,TN_VARDAH_2016_091294,TN_VARDAH_2016,1,SINGLE_EVENT_BUILDING
422ec0ae7cba9bb2,TN_VARDAH_2016_116148,TN_VARDAH_2016,1,SINGLE_EVENT_BUILDING
0ec7e9c3b38be4ad,TN_VARDAH_2016_116384,TN_VARDAH_2016,1,SINGLE_EVENT_BUILDING
ceaf5bec287bf60d,TN_VARDAH_2016_143807,TN_VARDAH_2016,1,SINGLE_EVENT_BUILDING
83520f86b5735d28,TN_VARDAH_2016_173436,TN_VARDAH_2016,1,SINGLE_EVENT_BUILDING
7eea5aa86844e6b4,TN_VARDAH_2016_203042,TN_VARDAH_2016,2,MULTI_EVENT_BUILDING
fe9f3ce5ea94631c,TN_VARDAH_2016_121042,TN_VARDAH_2016,1,SINGLE_EVENT_BUILDING
44b358f414f38e4e,TN_VARDAH_2016_122314,TN_VARDAH_2016,1,SINGLE_EVENT_BUILDING
90b7c8452d38d6c5,TN_VARDAH_2016_181470,TN_VARDAH_2016,1,SINGLE_EVENT_BUILDING
c5864cd99342653c,TN_VARDAH_2016_206113,TN_VARDAH_2016,1,SINGLE_EVENT_BUILDING
465b2f836ede0351,TN_VARDAH_2016_000009,TN_VARDAH_2016,1,SINGLE_EVENT_BUILDING
769de70dd264ec2a,TN_VARDAH_2016_000034,TN_VARDAH_2016,1,SINGLE_EVENT_BUILDING
478ee5726dfe4c6e,TN_VARDAH_2016_021823,TN_VARDAH_2016,1,SINGLE_EVENT_BUILDING
ff62f1ed9e702c9a,TN_VARDAH_2016_046554,TN_VARDAH_2016,1,SINGLE_EVENT_BUILDING
5d4c49221321e479,TN_VARDAH_2016_071293,TN_VARDAH_2016,1,SINGLE_EVENT_BUILDING
54962b0d067eb551,TN_VARDAH_2016_073419,TN_VARDAH_2016,1,SINGLE_EVENT_BUILDING
460a7a9b870a9cde,TN_VARDAH_2016_096248,TN_VARDAH_2016,1,SINGLE_EVENT_BUILDING
4b5db6a724b2dfef,TN_VARDAH_2016_123798,TN_VARDAH_2016,1,SINGLE_EVENT_BUILDING
90a5631aec4f5c4b,TN_VARDAH_2016_153535,TN_VARDAH_2016,1,SINGLE_EVENT_BUILDING
f33a4f2e6e93e4f4,TN_VARDAH_2016_183196,TN_VARDAH_2016,1,SINGLE_EVENT_BUILDING
8539cc43901f8f1f,TN_VARDAH_2016_000030,TN_VARDAH_2016,1,SINGLE_EVENT_BUILDING
427d8bcd516e62bd,TN_VARDAH_2016_000049,TN_VARDAH_2016,1,SINGLE_EVENT_BUILDING
ab57ce0f8ae19313,TN_VARDAH_2016_021831,TN_VARDAH_2016,1,SINGLE_EVENT_BUILDING
73eada8e53c68c87,TN_VARDAH_2016_046564,TN_VARDAH_2016,1,SINGLE_EVENT_BUILDING
ff32f0d556b39bdf,TN_VARDAH_2016_071286,TN_VARDAH_2016,1,SINGLE_EVENT_BUILDING
d551047d468bcd1e,TN_VARDAH_2016_073585,TN_VARDAH_2016,1,SINGLE_EVENT_BUILDING
783466836df6352e,TN_VARDAH_2016_096368,TN_VARDAH_2016,1,SINGLE_EVENT_BUILDING
817afa769b2cfe30,TN_VARDAH_2016_123818,TN_VARDAH_2016,1,SINGLE_EVENT_BUILDING
67d32120bbea2d0b,TN_VARDAH_2016_153537,TN_VARDAH_2016,1,SINGLE_EVENT_BUILDING
aeda36ed2423ae98,TN_VARDAH_2016_183228,TN_VARDAH_2016,2,MULTI_EVENT_BUILDING
ef17ac5d763a8869,TN_VARDAH_2016_004993,TN_VARDAH_2016,1,SINGLE_EVENT_BUILDING
c847099d78939add,TN_VARDAH_2016_005031,TN_VARDAH_2016,1,SINGLE_EVENT_BUILDING
6536fc8d21f4ea07,TN_VARDAH_2016_026780,TN_VARDAH_2016,1,SINGLE_EVENT_BUILDING
3dcef4f84e7b103c,TN_VARDAH_2016_051523,TN_VARDAH_2016,1,SINGLE_EVENT_BUILDING
c975fb8b77bede92,TN_VARDAH_2016_076269,TN_VARDAH_2016,1,SINGLE_EVENT_BUILDING
4f60ff381bd88c91,TN_VARDAH_2016_079489,TN_VARDAH_2016,1,SINGLE_EVENT_BUILDING
cb6514b413f1a3d1,TN_VARDAH_2016_101228,TN_VARDAH_2016,1,SINGLE_EVENT_BUILDING
e66bed57f542df12,TN_VARDAH_2016_128757,TN_VARDAH_2016,1,SINGLE_EVENT_BUILDING
00f6f8ed9f26861b,TN_VARDAH_2016_158511,TN_VARDAH_2016,1,SINGLE_EVENT_BUILDING
d4a152159452a0d0,TN_VARDAH_2016_188132,TN_VARDAH_2016,1,SINGLE_EVENT_BUILDING
43a6876b318d1f90,TN_VARDAH_2016_009955,TN_VARDAH_2016,1,SINGLE_EVENT_BUILDING
3ea557d77e738f9b,TN_VARDAH_2016_009998,TN_VARDAH_2016,1,SINGLE_EVENT_BUILDING
1633e4c9924f449e,TN_VARDAH_2016_031737,TN_VARDAH_2016,1,SINGLE_EVENT_BUILDING
73f6a35fe2d5eb78,TN_VARDAH_2016_056437,TN_VARDAH_2016,1,SINGLE_EVENT_BUILDING
57224e44d396c714,TN_VARDAH_2016_081210,TN_VARDAH_2016,1,SINGLE_EVENT_BUILDING
e04ca4acf547d0c1,TN_VARDAH_2016_083781,TN_VARDAH_2016,1,SINGLE_EVENT_BUILDING
6c486f59aedcb80c,TN_VARDAH_2016_106185,TN_VARDAH_2016,1,SINGLE_EVENT_BUILDING
5605180141f2e8ef,TN_VARDAH_2016_133713,TN_VARDAH_2016,1,SINGLE_EVENT_BUILDING
b54d60bef7e1d1fc,TN_VARDAH_2016_163437,TN_VARDAH_2016,1,SINGLE_EVENT_BUILDING
9eaf279d18b6978f,TN_VARDAH_2016_193120,TN_VARDAH_2016,1,SINGLE_EVENT_BUILDING
532a422b4098d37e,TN_VARDAH_2016_009979,TN_VARDAH_2016,1,SINGLE_EVENT_BUILDING
5a25773fd49428ea,TN_VARDAH_2016_010069,TN_VARDAH_2016,1,SINGLE_EVENT_BUILDING
ada574cfa85e4de7,TN_VARDAH_2016_031778,TN_VARDAH_2016,1,SINGLE_EVENT_BUILDING
ed8f225fde884565,TN_VARDAH_2016_056478,TN_VARDAH_2016,1,SINGLE_EVENT_BUILDING
ceb61031f8db6728,TN_VARDAH_2016_081234,TN_VARDAH_2016,1,SINGLE_EVENT_BUILDING
3982847e539562c1,TN_VARDAH_2016_089857,TN_VARDAH_2016,1,SINGLE_EVENT_BUILDING
742ecac095d2284a,TN_VARDAH_2016_106244,TN_VARDAH_2016,1,SINGLE_EVENT_BUILDING
7f6c8c564ff48a85,TN_VARDAH_2016_133755,TN_VARDAH_2016,1,SINGLE_EVENT_BUILDING
060afffef4f6a33b,TN_VARDAH_2016_163449,TN_VARDAH_2016,1,SINGLE_EVENT_BUILDING
62e39e41938c44a2,TN_VARDAH_2016_193142,TN_VARDAH_2016,1,SINGLE_EVENT_BUILDING
38a6b4b15fff0960,TN_VARDAH_2016_014951,TN_VARDAH_2016,1,SINGLE_EVENT_BUILDING
17009402719a7b36,TN_VARDAH_2016_014940,TN_VARDAH_2016,1,SINGLE_EVENT_BUILDING
d4e067e2f0bdcf14,TN_VARDAH_2016_036700,TN_VARDAH_2016,1,SINGLE_EVENT_BUILDING
52cee844cd743301,TN_VARDAH_2016_061399,TN_VARDAH_2016,1,SINGLE_EVENT_BUILDING
e275313072a31739,TN_VARDAH_2016_086156,TN_VARDAH_2016,1,SINGLE_EVENT_BUILDING
7e9a2b23be86f4e1,TN_VARDAH_2016_111096,TN_VARDAH_2016,1,SINGLE_EVENT_BUILDING
95c27371c9d96ab6,TN_VARDAH_2016_111135,TN_VARDAH_2016,1,SINGLE_EVENT_BUILDING
0eca5cd6f361cb99,TN_VARDAH_2016_138685,TN_VARDAH_2016,1,SINGLE_EVENT_BUILDING
690eb880cc89dd37,TN_VARDAH_2016_168421,TN_VARDAH_2016,1,SINGLE_EVENT_BUILDING
9810eef4e98c7fd8,TN_VARDAH_2016_198111,TN_VARDAH_2016,1,SINGLE_EVENT_BUILDING
5237b10ce80621a3,TN_VARDAH_2016_019889,TN_VARDAH_2016,1,SINGLE_EVENT_BUILDING
34f3cdd198dd9c06,TN_VARDAH_2016_019919,TN_VARDAH_2016,1,SINGLE_EVENT_BUILDING
8cbb5dde4846c2d9,TN_VARDAH_2016_041662,TN_VARDAH_2016,1,SINGLE_EVENT_BUILDING
58038654d2f22e63,TN_VARDAH_2016_066376,TN_VARDAH_2016,1,SINGLE_EVENT_BUILDING
1a1ec9d5f7b952e8,TN_VARDAH_2016_091125,TN_VARDAH_2016,1,SINGLE_EVENT_BUILDING
c86d1de553d28d4a,TN_VARDAH_2016_116029,TN_VARDAH_2016,1,SINGLE_EVENT_BUILDING
0bf310f037f00334,TN_VARDAH_2016_116047,TN_VARDAH_2016,1,SINGLE_EVENT_BUILDING
4176fb942b172cf5,TN_VARDAH_2016_143628,TN_VARDAH_2016,1,SINGLE_EVENT_BUILDING
4b8ffb18c8a66c41,TN_VARDAH_2016_173320,TN_VARDAH_2016,1,SINGLE_EVENT_BUILDING
3fe717dcd78cce7d,TN_VARDAH_2016_091339,TN_VARDAH_2016,1,SINGLE_EVENT_BUILDING
93e2b0cf2871ea2d,TN_VARDAH_2016_116245,TN_VARDAH_2016,1,SINGLE_EVENT_BUILDING
dde8885740d6a87d,TN_VARDAH_2016_116385,TN_VARDAH_2016,1,SINGLE_EVENT_BUILDING
7d82d4e5ee8d239d,TN_VARDAH_2016_173458,TN_VARDAH_2016,1,SINGLE_EVENT_BUILDING
4c1c0a559bd63947,TN_VARDAH_2016_203057,TN_VARDAH_2016,1,SINGLE_EVENT_BUILDING
85e10434b8a96abe,TN_VARDAH_2016_121225,TN_VARDAH_2016,1,SINGLE_EVENT_BUILDING
7e55fe41112f33d0,TN_VARDAH_2016_122632,TN_VARDAH_2016,1,SINGLE_EVENT_BUILDING
e86e8b5df338a70a,TN_VARDAH_2016_182426,TN_VARDAH_2016,1,SINGLE_EVENT_BUILDING
bb0eb8ed0158ef70,TN_VARDAH_2016_206114,TN_VARDAH_2016,1,SINGLE_EVENT_BUILDING
7621703ee3046931,TN_VARDAH_2016_000010,TN_VARDAH_2016,1,SINGLE_EVENT_BUILDING
454ca3d989dec77b,TN_VARDAH_2016_000035,TN_VARDAH_2016,1,SINGLE_EVENT_BUILDING
76e9fd32d3a347b0,TN_VARDAH_2016_021824,TN_VARDAH_2016,1,SINGLE_EVENT_BUILDING
2e28e02dee68ecac,TN_VARDAH_2016_046557,TN_VARDAH_2016,1,SINGLE_EVENT_BUILDING
47eb0a0e502c9c67,TN_VARDAH_2016_071296,TN_VARDAH_2016,1,SINGLE_EVENT_BUILDING
ee87cdfaa5592e13,TN_VARDAH_2016_073635,TN_VARDAH_2016,1,SINGLE_EVENT_BUILDING
2e2ed73c7c7bfd3f,TN_VARDAH_2016_096249,TN_VARDAH_2016,1,SINGLE_EVENT_BUILDING
2ce7a48123fe878a,TN_VARDAH_2016_123800,TN_VARDAH_2016,1,SINGLE_EVENT_BUILDING
30ee34f2d8671e51,TN_VARDAH_2016_153538,TN_VARDAH_2016,1,SINGLE_EVENT_BUILDING
01edf43b09ceeaa9,TN_VARDAH_2016_183198,TN_VARDAH_2016,1,SINGLE_EVENT_BUILDING
4e58ee362f6b8cab,TN_VARDAH_2016_000052,TN_VARDAH_2016,1,SINGLE_EVENT_BUILDING
5517f8128d775fa9,TN_VARDAH_2016_021849,TN_VARDAH_2016,1,SINGLE_EVENT_BUILDING
4421e4c2fa671032,TN_VARDAH_2016_046569,TN_VARDAH_2016,1,SINGLE_EVENT_BUILDING
b04981d49fff25ff,TN_VARDAH_2016_071289,TN_VARDAH_2016,1,SINGLE_EVENT_BUILDING
d10d30a2a8a7639d,TN_VARDAH_2016_096382,TN_VARDAH_2016,1,SINGLE_EVENT_BUILDING
1b5e91b9ab8f5d3f,TN_VARDAH_2016_123827,TN_VARDAH_2016,1,SINGLE_EVENT_BUILDING
35ec9254001072c9,TN_VARDAH_2016_153547,TN_VARDAH_2016,1,SINGLE_EVENT_BUILDING
177dd7488a9d260c,TN_VARDAH_2016_183229,TN_VARDAH_2016,1,SINGLE_EVENT_BUILDING
523e112f940f9221,TN_VARDAH_2016_004994,TN_VARDAH_2016,1,SINGLE_EVENT_BUILDING
8a9a6704aeeeec80,TN_VARDAH_2016_005034,TN_VARDAH_2016,1,SINGLE_EVENT_BUILDING
beeebe2173650226,TN_VARDAH_2016_026781,TN_VARDAH_2016,1,SINGLE_EVENT_BUILDING
8fce8c065189ac9c,TN_VARDAH_2016_051529,TN_VARDAH_2016,1,SINGLE_EVENT_BUILDING
8b0e7359050b6df1,TN_VARDAH_2016_076270,TN_VARDAH_2016,1,SINGLE_EVENT_BUILDING
ef643bd2be493475,TN_VARDAH_2016_080327,TN_VARDAH_2016,1,SINGLE_EVENT_BUILDING
c88d21fa36966f4f,TN_VARDAH_2016_101234,TN_VARDAH_2016,1,SINGLE_EVENT_BUILDING
e4657bd9a64fd605,TN_VARDAH_2016_128759,TN_VARDAH_2016,1,SINGLE_EVENT_BUILDING
5c914d195dfed463,TN_VARDAH_2016_158520,TN_VARDAH_2016,1,SINGLE_EVENT_BUILDING
8172b4cf5be2fc63,TN_VARDAH_2016_188133,TN_VARDAH_2016,1,SINGLE_EVENT_BUILDING
a51e716aebb29247,TN_VARDAH_2016_009956,TN_VARDAH_2016,1,SINGLE_EVENT_BUILDING
a2f6aa7ac6de9d35,TN_VARDAH_2016_009999,TN_VARDAH_2016,1,SINGLE_EVENT_BUILDING
e8a17737db88471d,TN_VARDAH_2016_031738,TN_VARDAH_2016,1,SINGLE_EVENT_BUILDING
1995af1cc47ca7b6,TN_VARDAH_2016_056441,TN_VARDAH_2016,1,SINGLE_EVENT_BUILDING
63af4f0d75e254e9,TN_VARDAH_2016_081212,TN_VARDAH_2016,1,SINGLE_EVENT_BUILDING
1632539c4ef19d34,TN_VARDAH_2016_084231,TN_VARDAH_2016,1,SINGLE_EVENT_BUILDING
666b0a61a63162f2,TN_VARDAH_2016_106186,TN_VARDAH_2016,1,SINGLE_EVENT_BUILDING
454c2f701565dfbc,TN_VARDAH_2016_133718,TN_VARDAH_2016,1,SINGLE_EVENT_BUILDING
997dfbb90e98b581,TN_VARDAH_2016_163438,TN_VARDAH_2016,1,SINGLE_EVENT_BUILDING
3b8025b0eafbed73,TN_VARDAH_2016_193121,TN_VARDAH_2016,1,SINGLE_EVENT_BUILDING
2dc96840b19689b3,TN_VARDAH_2016_009992,TN_VARDAH_2016,1,SINGLE_EVENT_BUILDING
94dcb540a01fc36e,TN_VARDAH_2016_010096,TN_VARDAH_2016,1,SINGLE_EVENT_BUILDING
73ce16726db56f5b,TN_VARDAH_2016_031786,TN_VARDAH_2016,1,SINGLE_EVENT_BUILDING
faa0ac8efcbd3680,TN_VARDAH_2016_056485,TN_VARDAH_2016,1,SINGLE_EVENT_BUILDING
0679784f1b24f978,TN_VARDAH_2016_081244,TN_VARDAH_2016,1,SINGLE_EVENT_BUILDING
0cb80f8bd6731145,TN_VARDAH_2016_106151,TN_VARDAH_2016,1,SINGLE_EVENT_BUILDING
91c206bbd425f9b2,TN_VARDAH_2016_106293,TN_VARDAH_2016,1,SINGLE_EVENT_BUILDING
dd2fdd78af2a2390,TN_VARDAH_2016_133756,TN_VARDAH_2016,1,SINGLE_EVENT_BUILDING
4fc11dcc6adc0577,TN_VARDAH_2016_163453,TN_VARDAH_2016,1,SINGLE_EVENT_BUILDING
34193f80f14a3466,TN_VARDAH_2016_193144,TN_VARDAH_2016,1,SINGLE_EVENT_BUILDING
478f7768853f6949,TN_VARDAH_2016_014955,TN_VARDAH_2016,1,SINGLE_EVENT_BUILDING
eb778b750fb19d22,TN_VARDAH_2016_014942,TN_VARDAH_2016,1,SINGLE_EVENT_BUILDING
4bbcc7c44d0f4c84,TN_VARDAH_2016_036705,TN_VARDAH_2016,1,SINGLE_EVENT_BUILDING
4335a25cdb5dc93d,TN_VARDAH_2016_061400,TN_VARDAH_2016,1,SINGLE_EVENT_BUILDING
1e7e345c91a3bc33,TN_VARDAH_2016_086157,TN_VARDAH_2016,1,SINGLE_EVENT_BUILDING
fc9bdcafcc0ec3a5,TN_VARDAH_2016_111097,TN_VARDAH_2016,1,SINGLE_EVENT_BUILDING
c4f2c5aea834ee05,TN_VARDAH_2016_111152,TN_VARDAH_2016,1,SINGLE_EVENT_BUILDING
7bc4d65a6c099df0,TN_VARDAH_2016_138686,TN_VARDAH_2016,1,SINGLE_EVENT_BUILDING
224a148374d0d31f,TN_VARDAH_2016_168425,TN_VARDAH_2016,1,SINGLE_EVENT_BUILDING
e2f16f3981e50bd1,TN_VARDAH_2016_198118,TN_VARDAH_2016,1,SINGLE_EVENT_BUILDING
263d7ecf5bc16604,TN_VARDAH_2016_019890,TN_VARDAH_2016,1,SINGLE_EVENT_BUILDING
c6037272a5afdf82,TN_VARDAH_2016_019921,TN_VARDAH_2016,1,SINGLE_EVENT_BUILDING
308750c7ca698480,TN_VARDAH_2016_041667,TN_VARDAH_2016,1,SINGLE_EVENT_BUILDING
f343b7c473bd2628,TN_VARDAH_2016_066379,TN_VARDAH_2016,1,SINGLE_EVENT_BUILDING
8b930842b0d28a45,TN_VARDAH_2016_116030,TN_VARDAH_2016,1,SINGLE_EVENT_BUILDING
98d2201f272d336e,TN_VARDAH_2016_116058,TN_VARDAH_2016,1,SINGLE_EVENT_BUILDING
a2f00bda186b7395,TN_VARDAH_2016_143634,TN_VARDAH_2016,1,SINGLE_EVENT_BUILDING
95791ad973f685ef,TN_VARDAH_2016_173321,TN_VARDAH_2016,1,SINGLE_EVENT_BUILDING
c241c06b935bfe9c,TN_VARDAH_2016_203009,TN_VARDAH_2016,1,SINGLE_EVENT_BUILDING
c401a4127ed90d17,TN_VARDAH_2016_091386,TN_VARDAH_2016,1,SINGLE_EVENT_BUILDING
af4e77ff6593cd14,TN_VARDAH_2016_116247,TN_VARDAH_2016,1,SINGLE_EVENT_BUILDING
ef34dd423349d953,TN_VARDAH_2016_116411,TN_VARDAH_2016,1,SINGLE_EVENT_BUILDING
825a2827f3f14c09,TN_VARDAH_2016_143943,TN_VARDAH_2016,1,SINGLE_EVENT_BUILDING
3137f36b86bf4d21,TN_VARDAH_2016_173459,TN_VARDAH_2016,1,SINGLE_EVENT_BUILDING
26b4a0d8ee101b0b,TN_VARDAH_2016_203085,TN_VARDAH_2016,1,SINGLE_EVENT_BUILDING
4eb63704847904b6,TN_VARDAH_2016_121273,TN_VARDAH_2016,1,SINGLE_EVENT_BUILDING
89128dd3905d79c6,TN_VARDAH_2016_123030,TN_VARDAH_2016,1,SINGLE_EVENT_BUILDING
c7f791acd10c376a,TN_VARDAH_2016_206147,TN_VARDAH_2016,1,SINGLE_EVENT_BUILDING
b0063f22dea0a769,TN_VARDAH_2016_000011,TN_VARDAH_2016,1,SINGLE_EVENT_BUILDING
c081811b4da200f1,TN_VARDAH_2016_000057,TN_VARDAH_2016,1,SINGLE_EVENT_BUILDING
50017d694419c141,TN_VARDAH_2016_021832,TN_VARDAH_2016,1,SINGLE_EVENT_BUILDING
b2a657bf3879c441,TN_VARDAH_2016_046560,TN_VARDAH_2016,1,SINGLE_EVENT_BUILDING
99cf0d68119a84ed,TN_VARDAH_2016_071298,TN_VARDAH_2016,1,SINGLE_EVENT_BUILDING
9ef5002021e17988,TN_VARDAH_2016_073991,TN_VARDAH_2016,1,SINGLE_EVENT_BUILDING
00765346cd16f43b,TN_VARDAH_2016_096262,TN_VARDAH_2016,1,SINGLE_EVENT_BUILDING
4a1ae37ee23e7f97,TN_VARDAH_2016_123803,TN_VARDAH_2016,1,SINGLE_EVENT_BUILDING
d51d013e961061a3,TN_VARDAH_2016_153540,TN_VARDAH_2016,1,SINGLE_EVENT_BUILDING
dbb85aed8d0d0943,TN_VARDAH_2016_183199,TN_VARDAH_2016,1,SINGLE_EVENT_BUILDING
880e5fa7749e1676,TN_VARDAH_2016_000048,TN_VARDAH_2016,1,SINGLE_EVENT_BUILDING
ebdfe4b00267a08d,TN_VARDAH_2016_000054,TN_VARDAH_2016,1,SINGLE_EVENT_BUILDING
040ffe34d73cfc26,TN_VARDAH_2016_021882,TN_VARDAH_2016,1,SINGLE_EVENT_BUILDING
fd2fbc38bcbb5cba,TN_VARDAH_2016_046572,TN_VARDAH_2016,1,SINGLE_EVENT_BUILDING
cbb1306fd2293612,TN_VARDAH_2016_071291,TN_VARDAH_2016,1,SINGLE_EVENT_BUILDING
bb1898058d0d9800,TN_VARDAH_2016_074085,TN_VARDAH_2016,1,SINGLE_EVENT_BUILDING
61af558d80bcb223,TN_VARDAH_2016_096385,TN_VARDAH_2016,1,SINGLE_EVENT_BUILDING
2efbd1adfe107140,TN_VARDAH_2016_123829,TN_VARDAH_2016,1,SINGLE_EVENT_BUILDING
b641ade6622365d3,TN_VARDAH_2016_153556,TN_VARDAH_2016,1,SINGLE_EVENT_BUILDING
070ae72adf2aa97c,TN_VARDAH_2016_183234,TN_VARDAH_2016,1,SINGLE_EVENT_BUILDING
dec2297f164f5e1a,TN_VARDAH_2016_004999,TN_VARDAH_2016,1,SINGLE_EVENT_BUILDING
07353ef1dfb7b055,TN_VARDAH_2016_026785,TN_VARDAH_2016,1,SINGLE_EVENT_BUILDING
ba266b17a4be8d6d,TN_VARDAH_2016_051531,TN_VARDAH_2016,1,SINGLE_EVENT_BUILDING
98c021d6a8fb065a,TN_VARDAH_2016_076273,TN_VARDAH_2016,1,SINGLE_EVENT_BUILDING
d9f6dacb66013d64,TN_VARDAH_2016_080873,TN_VARDAH_2016,1,SINGLE_EVENT_BUILDING
429a4d323f7bf038,TN_VARDAH_2016_101236,TN_VARDAH_2016,1,SINGLE_EVENT_BUILDING
563b4e2180f152e2,TN_VARDAH_2016_128762,TN_VARDAH_2016,1,SINGLE_EVENT_BUILDING
898adcc6a3b97413,TN_VARDAH_2016_158521,TN_VARDAH_2016,1,SINGLE_EVENT_BUILDING
b045f463837c5d7a,TN_VARDAH_2016_188134,TN_VARDAH_2016,1,SINGLE_EVENT_BUILDING
4f005ee83a23d8f3,TN_VARDAH_2016_009957,TN_VARDAH_2016,1,SINGLE_EVENT_BUILDING
5ccb29b70a7e1984,TN_VARDAH_2016_031740,TN_VARDAH_2016,1,SINGLE_EVENT_BUILDING
3cc4baec22c17261,TN_VARDAH_2016_056443,TN_VARDAH_2016,1,SINGLE_EVENT_BUILDING
bf6ab1dbeeb4e4c1,TN_VARDAH_2016_081213,TN_VARDAH_2016,1,SINGLE_EVENT_BUILDING
8bddc5d4b43b60da,TN_VARDAH_2016_084253,TN_VARDAH_2016,1,SINGLE_EVENT_BUILDING
9ff718717c34dc42,TN_VARDAH_2016_106194,TN_VARDAH_2016,1,SINGLE_EVENT_BUILDING
94f43a8a75f4ba5f,TN_VARDAH_2016_133720,TN_VARDAH_2016,1,SINGLE_EVENT_BUILDING
509709d7dc14c602,TN_VARDAH_2016_163440,TN_VARDAH_2016,1,SINGLE_EVENT_BUILDING
e04a6c93a7d1644e,TN_VARDAH_2016_193124,TN_VARDAH_2016,2,MULTI_EVENT_BUILDING
a2548876e644c7b5,TN_VARDAH_2016_009996,TN_VARDAH_2016,1,SINGLE_EVENT_BUILDING
7a1692c9220152d0,TN_VARDAH_2016_010103,TN_VARDAH_2016,1,SINGLE_EVENT_BUILDING
a2495f4883f51216,TN_VARDAH_2016_031801,TN_VARDAH_2016,1,SINGLE_EVENT_BUILDING
d648051c89ca3d9d,TN_VARDAH_2016_056492,TN_VARDAH_2016,1,SINGLE_EVENT_BUILDING
f88ecd15ac185c29,TN_VARDAH_2016_081256,TN_VARDAH_2016,1,SINGLE_EVENT_BUILDING
ca04e7ed5182e525,TN_VARDAH_2016_106160,TN_VARDAH_2016,1,SINGLE_EVENT_BUILDING
9da00aa609a2ea81,TN_VARDAH_2016_106319,TN_VARDAH_2016,1,SINGLE_EVENT_BUILDING
26b128aa8a78179c,TN_VARDAH_2016_133776,TN_VARDAH_2016,1,SINGLE_EVENT_BUILDING
2229cfd17f072171,TN_VARDAH_2016_163455,TN_VARDAH_2016,1,SINGLE_EVENT_BUILDING
9a99454dc9997d96,TN_VARDAH_2016_193147,TN_VARDAH_2016,2,MULTI_EVENT_BUILDING
3631f6e1dcfbfffe,TN_VARDAH_2016_014957,TN_VARDAH_2016,1,SINGLE_EVENT_BUILDING
c73b2123d5bdfb8c,TN_VARDAH_2016_014944,TN_VARDAH_2016,1,SINGLE_EVENT_BUILDING
7ffefb227e20ddae,TN_VARDAH_2016_036707,TN_VARDAH_2016,1,SINGLE_EVENT_BUILDING
c2252b3cb194193d,TN_VARDAH_2016_061403,TN_VARDAH_2016,1,SINGLE_EVENT_BUILDING
48d4ebceff1582e3,TN_VARDAH_2016_086160,TN_VARDAH_2016,1,SINGLE_EVENT_BUILDING
9bb0a048035cb0a5,TN_VARDAH_2016_111099,TN_VARDAH_2016,1,SINGLE_EVENT_BUILDING
3b69bc2d1973fe44,TN_VARDAH_2016_138687,TN_VARDAH_2016,1,SINGLE_EVENT_BUILDING
4537c6bc4e2844e2,TN_VARDAH_2016_168435,TN_VARDAH_2016,1,SINGLE_EVENT_BUILDING
c43b81308e984f90,TN_VARDAH_2016_198119,TN_VARDAH_2016,1,SINGLE_EVENT_BUILDING
75c8410dc5e129e4,TN_VARDAH_2016_019892,TN_VARDAH_2016,1,SINGLE_EVENT_BUILDING
c5597492d986d619,TN_VARDAH_2016_019924,TN_VARDAH_2016,1,SINGLE_EVENT_BUILDING
5644711895497cba,TN_VARDAH_2016_041672,TN_VARDAH_2016,1,SINGLE_EVENT_BUILDING
7d35becbdca50400,TN_VARDAH_2016_066381,TN_VARDAH_2016,1,SINGLE_EVENT_BUILDING
f54eb7190e4c0c18,TN_VARDAH_2016_091129,TN_VARDAH_2016,1,SINGLE_EVENT_BUILDING
3bc66076c997b1f4,TN_VARDAH_2016_116031,TN_VARDAH_2016,1,SINGLE_EVENT_BUILDING
1189b1835edd0dd3,TN_VARDAH_2016_116065,TN_VARDAH_2016,1,SINGLE_EVENT_BUILDING
a8d08db3d4000454,TN_VARDAH_2016_143635,TN_VARDAH_2016,1,SINGLE_EVENT_BUILDING
1457d801751d73bb,TN_VARDAH_2016_173327,TN_VARDAH_2016,1,SINGLE_EVENT_BUILDING
7d792f447c8e9bb9,TN_VARDAH_2016_203012,TN_VARDAH_2016,1,SINGLE_EVENT_BUILDING
5c89096fd75851c1,TN_VARDAH_2016_091769,TN_VARDAH_2016,1,SINGLE_EVENT_BUILDING
a998ffc1562c21bc,TN_VARDAH_2016_116273,TN_VARDAH_2016,1,SINGLE_EVENT_BUILDING
40f0cbb859a0105e,TN_VARDAH_2016_116537,TN_VARDAH_2016,1,SINGLE_EVENT_BUILDING
6719764498809a07,TN_VARDAH_2016_143987,TN_VARDAH_2016,1,SINGLE_EVENT_BUILDING
af4c624844448a50,TN_VARDAH_2016_173472,TN_VARDAH_2016,1,SINGLE_EVENT_BUILDING
4e76073617017fe4,TN_VARDAH_2016_203146,TN_VARDAH_2016,1,SINGLE_EVENT_BUILDING
45f4c02d0f434c30,TN_VARDAH_2016_121650,TN_VARDAH_2016,1,SINGLE_EVENT_BUILDING
f0e4fc8fb63a5504,TN_VARDAH_2016_123379,TN_VARDAH_2016,1,SINGLE_EVENT_BUILDING
3d974c592eb61b16,TN_VARDAH_2016_000012,TN_VARDAH_2016,1,SINGLE_EVENT_BUILDING
2aabd9313826a804,TN_VARDAH_2016_000065,TN_VARDAH_2016,1,SINGLE_EVENT_BUILDING
7565c6670e47d5e2,TN_VARDAH_2016_021833,TN_VARDAH_2016,1,SINGLE_EVENT_BUILDING
db9a17a27eb56cac,TN_VARDAH_2016_046561,TN_VARDAH_2016,1,SINGLE_EVENT_BUILDING
37f07d49b54c4564,TN_VARDAH_2016_071300,TN_VARDAH_2016,1,SINGLE_EVENT_BUILDING
5bc7f500ed751682,TN_VARDAH_2016_074036,TN_VARDAH_2016,1,SINGLE_EVENT_BUILDING
ceb203a2b2e04f27,TN_VARDAH_2016_096263,TN_VARDAH_2016,1,SINGLE_EVENT_BUILDING
943137a442bc7ae8,TN_VARDAH_2016_123807,TN_VARDAH_2016,1,SINGLE_EVENT_BUILDING
e36d97de3db61e05,TN_VARDAH_2016_153541,TN_VARDAH_2016,1,SINGLE_EVENT_BUILDING
1eea84832a445c0a,TN_VARDAH_2016_000051,TN_VARDAH_2016,1,SINGLE_EVENT_BUILDING
cb4000f851fa4487,TN_VARDAH_2016_000056,TN_VARDAH_2016,1,SINGLE_EVENT_BUILDING
722a2da4681a81a4,TN_VARDAH_2016_021886,TN_VARDAH_2016,1,SINGLE_EVENT_BUILDING
b0322651f28c0f06,TN_VARDAH_2016_046579,TN_VARDAH_2016,1,SINGLE_EVENT_BUILDING
bf61b37d44237f77,TN_VARDAH_2016_074124,TN_VARDAH_2016,1,SINGLE_EVENT_BUILDING
05a0b9484a54da16,TN_VARDAH_2016_096401,TN_VARDAH_2016,1,SINGLE_EVENT_BUILDING
8175c0d7522a1941,TN_VARDAH_2016_123837,TN_VARDAH_2016,1,SINGLE_EVENT_BUILDING
efe027640c8e5eda,TN_VARDAH_2016_153560,TN_VARDAH_2016,1,SINGLE_EVENT_BUILDING
7d69256d8f9b6e11,TN_VARDAH_2016_183240,TN_VARDAH_2016,1,SINGLE_EVENT_BUILDING
7c0a18f2dc6dfa4f,TN_VARDAH_2016_005071,TN_VARDAH_2016,1,SINGLE_EVENT_BUILDING
2b34d2aa8e60c55f,TN_VARDAH_2016_026787,TN_VARDAH_2016,1,SINGLE_EVENT_BUILDING
8d730518c7272caa,TN_VARDAH_2016_051536,TN_VARDAH_2016,1,SINGLE_EVENT_BUILDING
a6399a0e3d9971aa,TN_VARDAH_2016_076275,TN_VARDAH_2016,1,SINGLE_EVENT_BUILDING
e5468bb645ee512f,TN_VARDAH_2016_083480,TN_VARDAH_2016,1,SINGLE_EVENT_BUILDING
d583ad8714c4bfcc,TN_VARDAH_2016_101243,TN_VARDAH_2016,1,SINGLE_EVENT_BUILDING
46fe294cd102a8b1,TN_VARDAH_2016_128763,TN_VARDAH_2016,1,SINGLE_EVENT_BUILDING
27c53a9313314b00,TN_VARDAH_2016_158522,TN_VARDAH_2016,1,SINGLE_EVENT_BUILDING
27bcb1b6e83ce0af,TN_VARDAH_2016_188135,TN_VARDAH_2016,1,SINGLE_EVENT_BUILDING
ab6645b4c3954c8a,TN_VARDAH_2016_009961,TN_VARDAH_2016,1,SINGLE_EVENT_BUILDING
93651dde3a64040b,TN_VARDAH_2016_010008,TN_VARDAH_2016,1,SINGLE_EVENT_BUILDING
a56fd953caf53573,TN_VARDAH_2016_031741,TN_VARDAH_2016,1,SINGLE_EVENT_BUILDING
329f55d5070f79fc,TN_VARDAH_2016_056448,TN_VARDAH_2016,1,SINGLE_EVENT_BUILDING
6835108efb41a444,TN_VARDAH_2016_081214,TN_VARDAH_2016,1,SINGLE_EVENT_BUILDING
a61e12453e6abe04,TN_VARDAH_2016_085855,TN_VARDAH_2016,1,SINGLE_EVENT_BUILDING
9e25e9f2b2f722ad,TN_VARDAH_2016_106209,TN_VARDAH_2016,1,SINGLE_EVENT_BUILDING
b7750c2f9cbb3e92,TN_VARDAH_2016_133722,TN_VARDAH_2016,1,SINGLE_EVENT_BUILDING
93d53595fefc38c1,TN_VARDAH_2016_163442,TN_VARDAH_2016,1,SINGLE_EVENT_BUILDING
ad7ab02366ab1eff,TN_VARDAH_2016_193128,TN_VARDAH_2016,1,SINGLE_EVENT_BUILDING
eabda6d57f12254e,TN_VARDAH_2016_010001,TN_VARDAH_2016,1,SINGLE_EVENT_BUILDING
39408936c4fb0084,TN_VARDAH_2016_010120,TN_VARDAH_2016,1,SINGLE_EVENT_BUILDING
12f6d8a8f8198180,TN_VARDAH_2016_031802,TN_VARDAH_2016,1,SINGLE_EVENT_BUILDING
f8e75acf58dc7d9e,TN_VARDAH_2016_056496,TN_VARDAH_2016,1,SINGLE_EVENT_BUILDING
651662c8635a0d4d,TN_VARDAH_2016_081259,TN_VARDAH_2016,1,SINGLE_EVENT_BUILDING
ac4489389d394109,TN_VARDAH_2016_106165,TN_VARDAH_2016,1,SINGLE_EVENT_BUILDING
cbc6f5e5e113d315,TN_VARDAH_2016_133782,TN_VARDAH_2016,1,SINGLE_EVENT_BUILDING
1e753205d4bdce69,TN_VARDAH_2016_163457,TN_VARDAH_2016,1,SINGLE_EVENT_BUILDING
83d579ff6bfa6e66,TN_VARDAH_2016_193158,TN_VARDAH_2016,1,SINGLE_EVENT_BUILDING
80efbcb8bc321680,TN_VARDAH_2016_014958,TN_VARDAH_2016,1,SINGLE_EVENT_BUILDING
7357bf7eb3509497,TN_VARDAH_2016_014947,TN_VARDAH_2016,1,SINGLE_EVENT_BUILDING
5cff2bf66d138b12,TN_VARDAH_2016_036708,TN_VARDAH_2016,1,SINGLE_EVENT_BUILDING
78debd8f7021e117,TN_VARDAH_2016_061405,TN_VARDAH_2016,1,SINGLE_EVENT_BUILDING
a3ab965c9d0cdb02,TN_VARDAH_2016_086161,TN_VARDAH_2016,1,SINGLE_EVENT_BUILDING
fc4b9c04de52822d,TN_VARDAH_2016_111102,TN_VARDAH_2016,1,SINGLE_EVENT_BUILDING
3c4662d865923970,TN_VARDAH_2016_111179,TN_VARDAH_2016,1,SINGLE_EVENT_BUILDING
8d1fe1cf0e560a48,TN_VARDAH_2016_138690,TN_VARDAH_2016,1,SINGLE_EVENT_BUILDING
1e79aef3b47a3b01,TN_VARDAH_2016_168440,TN_VARDAH_2016,1,SINGLE_EVENT_BUILDING
1102f06b33c3f009,TN_VARDAH_2016_198136,TN_VARDAH_2016,1,SINGLE_EVENT_BUILDING
5fa0f59700455928,TN_VARDAH_2016_019893,TN_VARDAH_2016,1,SINGLE_EVENT_BUILDING
9652a8376edf7ada,TN_VARDAH_2016_019929,TN_VARDAH_2016,1,SINGLE_EVENT_BUILDING
43728fa14b3abe5e,TN_VARDAH_2016_041681,TN_VARDAH_2016,1,SINGLE_EVENT_BUILDING
981e24097709ddb7,TN_VARDAH_2016_066388,TN_VARDAH_2016,1,SINGLE_EVENT_BUILDING
d2a4ef6f14d82415,TN_VARDAH_2016_091134,TN_VARDAH_2016,1,SINGLE_EVENT_BUILDING
612abc1915de7de6,TN_VARDAH_2016_116033,TN_VARDAH_2016,1,SINGLE_EVENT_BUILDING
bb5120f9a54b0374,TN_VARDAH_2016_116066,TN_VARDAH_2016,1,SINGLE_EVENT_BUILDING
b73834c2011eaf47,TN_VARDAH_2016_143638,TN_VARDAH_2016,1,SINGLE_EVENT_BUILDING
27ab87c4fab42bc8,TN_VARDAH_2016_173332,TN_VARDAH_2016,1,SINGLE_EVENT_BUILDING
ddeb882f4e4604d0,TN_VARDAH_2016_203013,TN_VARDAH_2016,1,SINGLE_EVENT_BUILDING
288e2d58b4fbdf7f,TN_VARDAH_2016_091834,TN_VARDAH_2016,1,SINGLE_EVENT_BUILDING
0882800db9947e29,TN_VARDAH_2016_116301,TN_VARDAH_2016,1,SINGLE_EVENT_BUILDING
41fb750e21b3f465,TN_VARDAH_2016_116947,TN_VARDAH_2016,1,SINGLE_EVENT_BUILDING
50a5f81daf8c94a8,TN_VARDAH_2016_144076,TN_VARDAH_2016,1,SINGLE_EVENT_BUILDING
0a3f0c728d10eb5f,TN_VARDAH_2016_173515,TN_VARDAH_2016,1,SINGLE_EVENT_BUILDING
384017314a5f248e,TN_VARDAH_2016_122057,TN_VARDAH_2016,1,SINGLE_EVENT_BUILDING
0b40330e1ee9f60e,TN_VARDAH_2016_123529,TN_VARDAH_2016,1,SINGLE_EVENT_BUILDING
44a446056d99d6fc,TN_VARDAH_2016_206168,TN_VARDAH_2016,1,SINGLE_EVENT_BUILDING
9e2e425da7c00823,TN_VARDAH_2016_000014,TN_VARDAH_2016,1,SINGLE_EVENT_BUILDING
b880b0aef9b5afe5,TN_VARDAH_2016_000072,TN_VARDAH_2016,1,SINGLE_EVENT_BUILDING
ed91489f2f6ace23,TN_VARDAH_2016_021834,TN_VARDAH_2016,1,SINGLE_EVENT_BUILDING
ee325ae0b3528ca4,TN_VARDAH_2016_046563,TN_VARDAH_2016,1,SINGLE_EVENT_BUILDING
6fa4f23f4979303f,TN_VARDAH_2016_071302,TN_VARDAH_2016,1,SINGLE_EVENT_BUILDING
9ceb499b480606ff,TN_VARDAH_2016_074137,TN_VARDAH_2016,1,SINGLE_EVENT_BUILDING
8c0bb321d9129652,TN_VARDAH_2016_096264,TN_VARDAH_2016,1,SINGLE_EVENT_BUILDING
a75ee70ee82a5dad,TN_VARDAH_2016_123815,TN_VARDAH_2016,1,SINGLE_EVENT_BUILDING
471b7c795c1398d3,TN_VARDAH_2016_153542,TN_VARDAH_2016,1,SINGLE_EVENT_BUILDING
54b2fa966cffb715,TN_VARDAH_2016_183201,TN_VARDAH_2016,1,SINGLE_EVENT_BUILDING
11c3bc213819096e,TN_VARDAH_2016_000055,TN_VARDAH_2016,1,SINGLE_EVENT_BUILDING
e53f6a2cf001b026,TN_VARDAH_2016_000069,TN_VARDAH_2016,1,SINGLE_EVENT_BUILDING
ebcaae91f9794757,TN_VARDAH_2016_021889,TN_VARDAH_2016,1,SINGLE_EVENT_BUILDING
52649ad6f41dada4,TN_VARDAH_2016_046588,TN_VARDAH_2016,1,SINGLE_EVENT_BUILDING
25314b99994e578e,TN_VARDAH_2016_071297,TN_VARDAH_2016,1,SINGLE_EVENT_BUILDING
e71da46a63eef7f1,TN_VARDAH_2016_074190,TN_VARDAH_2016,1,SINGLE_EVENT_BUILDING
a76d562ce17abcbf,TN_VARDAH_2016_096404,TN_VARDAH_2016,1,SINGLE_EVENT_BUILDING
e5d99469f7313926,TN_VARDAH_2016_123838,TN_VARDAH_2016,1,SINGLE_EVENT_BUILDING
07c14e01a96aa4b3,TN_VARDAH_2016_153566,TN_VARDAH_2016,1,SINGLE_EVENT_BUILDING
72d0030098e84dea,TN_VARDAH_2016_183244,TN_VARDAH_2016,1,SINGLE_EVENT_BUILDING
cbbbe5eb5ffdd2e8,TN_VARDAH_2016_005076,TN_VARDAH_2016,1,SINGLE_EVENT_BUILDING
ae65ae0adcc5eba4,TN_VARDAH_2016_026788,TN_VARDAH_2016,1,SINGLE_EVENT_BUILDING
365a5cd3b6cec09c,TN_VARDAH_2016_051537,TN_VARDAH_2016,1,SINGLE_EVENT_BUILDING
eb2307c403ed2aa5,TN_VARDAH_2016_085181,TN_VARDAH_2016,1,SINGLE_EVENT_BUILDING
2e9c198c12fcd1ce,TN_VARDAH_2016_101245,TN_VARDAH_2016,1,SINGLE_EVENT_BUILDING
812bbe473247edd2,TN_VARDAH_2016_128764,TN_VARDAH_2016,1,SINGLE_EVENT_BUILDING
dc4960aabb7ae928,TN_VARDAH_2016_158525,TN_VARDAH_2016,1,SINGLE_EVENT_BUILDING
9d928d8e1a6c28b7,TN_VARDAH_2016_188137,TN_VARDAH_2016,1,SINGLE_EVENT_BUILDING
75ee0a77f8f8ea59,TN_VARDAH_2016_009962,TN_VARDAH_2016,1,SINGLE_EVENT_BUILDING
ef1f35100cc5824a,TN_VARDAH_2016_010030,TN_VARDAH_2016,1,SINGLE_EVENT_BUILDING
8a8a7ec2312ac9e7,TN_VARDAH_2016_031742,TN_VARDAH_2016,1,SINGLE_EVENT_BUILDING
fb94e31bf16c6b64,TN_VARDAH_2016_056455,TN_VARDAH_2016,1,SINGLE_EVENT_BUILDING
fcbab58ace74377a,TN_VARDAH_2016_081215,TN_VARDAH_2016,1,SINGLE_EVENT_BUILDING
32c30d484abfe6cc,TN_VARDAH_2016_106153,TN_VARDAH_2016,1,SINGLE_EVENT_BUILDING
7d271b29fdb5030c,TN_VARDAH_2016_106217,TN_VARDAH_2016,1,SINGLE_EVENT_BUILDING
e4111f02d4dba912,TN_VARDAH_2016_133723,TN_VARDAH_2016,1,SINGLE_EVENT_BUILDING
c8212eafdf795547,TN_VARDAH_2016_163445,TN_VARDAH_2016,1,SINGLE_EVENT_BUILDING
f076069d8a0f4056,TN_VARDAH_2016_193136,TN_VARDAH_2016,2,MULTI_EVENT_BUILDING
657ceb10717f45d1,TN_VARDAH_2016_010002,TN_VARDAH_2016,1,SINGLE_EVENT_BUILDING
c46c53c8c05b1025,TN_VARDAH_2016_010204,TN_VARDAH_2016,1,SINGLE_EVENT_BUILDING
39485856c52dd24d,TN_VARDAH_2016_031819,TN_VARDAH_2016,1,SINGLE_EVENT_BUILDING
5619464ea2d1e3b3,TN_VARDAH_2016_056497,TN_VARDAH_2016,1,SINGLE_EVENT_BUILDING
ec075318a12d2eab,TN_VARDAH_2016_081272,TN_VARDAH_2016,1,SINGLE_EVENT_BUILDING
a6aedd97c1ccdf00,TN_VARDAH_2016_106173,TN_VARDAH_2016,1,SINGLE_EVENT_BUILDING
fcc3a7290a57124a,TN_VARDAH_2016_106347,TN_VARDAH_2016,1,SINGLE_EVENT_BUILDING
09450ced77ba6980,TN_VARDAH_2016_133784,TN_VARDAH_2016,1,SINGLE_EVENT_BUILDING
eeb01971334fe795,TN_VARDAH_2016_163458,TN_VARDAH_2016,1,SINGLE_EVENT_BUILDING
d12aa20b61afac93,TN_VARDAH_2016_193165,TN_VARDAH_2016,1,SINGLE_EVENT_BUILDING
12536fe23ab23ad6,TN_VARDAH_2016_014967,TN_VARDAH_2016,1,SINGLE_EVENT_BUILDING
fb4f3928d9fffdd8,TN_VARDAH_2016_014962,TN_VARDAH_2016,1,SINGLE_EVENT_BUILDING
98bc8ab651515868,TN_VARDAH_2016_036716,TN_VARDAH_2016,1,SINGLE_EVENT_BUILDING
2b92f4ecb380b3c3,TN_VARDAH_2016_061409,TN_VARDAH_2016,1,SINGLE_EVENT_BUILDING
fff581c1cdf9c9b3,TN_VARDAH_2016_086164,TN_VARDAH_2016,1,SINGLE_EVENT_BUILDING
fb067cd1bcfd3c33,TN_VARDAH_2016_111103,TN_VARDAH_2016,1,SINGLE_EVENT_BUILDING
e92109d6cbcfa113,TN_VARDAH_2016_111198,TN_VARDAH_2016,1,SINGLE_EVENT_BUILDING
95ead1da01b69f1b,TN_VARDAH_2016_138692,TN_VARDAH_2016,1,SINGLE_EVENT_BUILDING
ecd762773802fee2,TN_VARDAH_2016_168450,TN_VARDAH_2016,1,SINGLE_EVENT_BUILDING
53f317ba60efe667,TN_VARDAH_2016_019932,TN_VARDAH_2016,1,SINGLE_EVENT_BUILDING
18b35210138ddce1,TN_VARDAH_2016_041729,TN_VARDAH_2016,1,SINGLE_EVENT_BUILDING
1de4c109ba72fdd7,TN_VARDAH_2016_066389,TN_VARDAH_2016,1,SINGLE_EVENT_BUILDING
e4b851e1c06ae2bb,TN_VARDAH_2016_091136,TN_VARDAH_2016,1,SINGLE_EVENT_BUILDING
f84d6d4b1e2dfee3,TN_VARDAH_2016_116034,TN_VARDAH_2016,1,SINGLE_EVENT_BUILDING
b3af27783d03d706,TN_VARDAH_2016_116068,TN_VARDAH_2016,1,SINGLE_EVENT_BUILDING
e82a234c2f6c427d,TN_VARDAH_2016_143639,TN_VARDAH_2016,1,SINGLE_EVENT_BUILDING
76943a88ec6e7fa1,TN_VARDAH_2016_173333,TN_VARDAH_2016,1,SINGLE_EVENT_BUILDING
37919a2f7bd51cb2,TN_VARDAH_2016_203015,TN_VARDAH_2016,1,SINGLE_EVENT_BUILDING
d260f59fd0751233,TN_VARDAH_2016_091996,TN_VARDAH_2016,1,SINGLE_EVENT_BUILDING
662145f1d76bdef0,TN_VARDAH_2016_116389,TN_VARDAH_2016,1,SINGLE_EVENT_BUILDING
82518e40533c6763,TN_VARDAH_2016_116976,TN_VARDAH_2016,1,SINGLE_EVENT_BUILDING
8acabfe0bacb0a72,TN_VARDAH_2016_144106,TN_VARDAH_2016,1,SINGLE_EVENT_BUILDING
4578f7f36c5fecae,TN_VARDAH_2016_173527,TN_VARDAH_2016,1,SINGLE_EVENT_BUILDING
9c1866b2860b1962,TN_VARDAH_2016_203179,TN_VARDAH_2016,1,SINGLE_EVENT_BUILDING
345923915d8e6ac3,TN_VARDAH_2016_122127,TN_VARDAH_2016,1,SINGLE_EVENT_BUILDING
b9de650bccb5e09e,TN_VARDAH_2016_148992,TN_VARDAH_2016,1,SINGLE_EVENT_BUILDING
efe711ac97565cfd,TN_VARDAH_2016_000015,TN_VARDAH_2016,1,SINGLE_EVENT_BUILDING
c20a082379d1e874,TN_VARDAH_2016_000081,TN_VARDAH_2016,1,SINGLE_EVENT_BUILDING
770792824661aa98,TN_VARDAH_2016_021836,TN_VARDAH_2016,1,SINGLE_EVENT_BUILDING
956c947b13956a98,TN_VARDAH_2016_046567,TN_VARDAH_2016,1,SINGLE_EVENT_BUILDING
775a5f087903943f,TN_VARDAH_2016_071305,TN_VARDAH_2016,1,SINGLE_EVENT_BUILDING
2d6f0769c273d64f,TN_VARDAH_2016_074358,TN_VARDAH_2016,1,SINGLE_EVENT_BUILDING
052df9a2c84ed566,TN_VARDAH_2016_096266,TN_VARDAH_2016,1,SINGLE_EVENT_BUILDING
7735cd7022ced955,TN_VARDAH_2016_123819,TN_VARDAH_2016,1,SINGLE_EVENT_BUILDING
c44f35c1150f26be,TN_VARDAH_2016_153545,TN_VARDAH_2016,1,SINGLE_EVENT_BUILDING
039a72ffbf76455f,TN_VARDAH_2016_183203,TN_VARDAH_2016,1,SINGLE_EVENT_BUILDING
317ce71c12f7a1be,TN_VARDAH_2016_000094,TN_VARDAH_2016,1,SINGLE_EVENT_BUILDING
d5040f442d70cc97,TN_VARDAH_2016_021908,TN_VARDAH_2016,1,SINGLE_EVENT_BUILDING
ac4e00cbc4020592,TN_VARDAH_2016_046590,TN_VARDAH_2016,1,SINGLE_EVENT_BUILDING
a5e8f2fd552d8b10,TN_VARDAH_2016_071301,TN_VARDAH_2016,1,SINGLE_EVENT_BUILDING
2d156dafdaf0c645,TN_VARDAH_2016_075329,TN_VARDAH_2016,1,SINGLE_EVENT_BUILDING
4891725d13ea1cf2,TN_VARDAH_2016_096420,TN_VARDAH_2016,1,SINGLE_EVENT_BUILDING
18192df59bb7b1b3,TN_VARDAH_2016_123859,TN_VARDAH_2016,1,SINGLE_EVENT_BUILDING
c04eb60140d76b3c,TN_VARDAH_2016_153570,TN_VARDAH_2016,1,SINGLE_EVENT_BUILDING
5c8e2a52e495de56,TN_VARDAH_2016_183247,TN_VARDAH_2016,1,SINGLE_EVENT_BUILDING
999f666dc047bd73,TN_VARDAH_2016_005012,TN_VARDAH_2016,1,SINGLE_EVENT_BUILDING
559dccb9f3402434,TN_VARDAH_2016_005079,TN_VARDAH_2016,1,SINGLE_EVENT_BUILDING
57e521b950ebf094,TN_VARDAH_2016_026794,TN_VARDAH_2016,1,SINGLE_EVENT_BUILDING
59bb5886f33fbe95,TN_VARDAH_2016_051539,TN_VARDAH_2016,1,SINGLE_EVENT_BUILDING
175d4c5480678117,TN_VARDAH_2016_076279,TN_VARDAH_2016,1,SINGLE_EVENT_BUILDING
b4cdefd0129d75bf,TN_VARDAH_2016_101186,TN_VARDAH_2016,1,SINGLE_EVENT_BUILDING
69f869a3a10b7693,TN_VARDAH_2016_101249,TN_VARDAH_2016,1,SINGLE_EVENT_BUILDING
f14894eecf5c5714,TN_VARDAH_2016_128766,TN_VARDAH_2016,1,SINGLE_EVENT_BUILDING
6bc95f55490052bc,TN_VARDAH_2016_158527,TN_VARDAH_2016,1,SINGLE_EVENT_BUILDING
ab1ab02da40a91f9,TN_VARDAH_2016_188138,TN_VARDAH_2016,1,SINGLE_EVENT_BUILDING
e709fa22f7ea3886,TN_VARDAH_2016_009963,TN_VARDAH_2016,1,SINGLE_EVENT_BUILDING
dca442d716fac18d,TN_VARDAH_2016_010033,TN_VARDAH_2016,1,SINGLE_EVENT_BUILDING
78d1c267c20cfb91,TN_VARDAH_2016_031744,TN_VARDAH_2016,1,SINGLE_EVENT_BUILDING
633c2b7bb135ebf1,TN_VARDAH_2016_056458,TN_VARDAH_2016,1,SINGLE_EVENT_BUILDING
dc19cfb5810edf45,TN_VARDAH_2016_081217,TN_VARDAH_2016,1,SINGLE_EVENT_BUILDING
bf5f2c29af796893,TN_VARDAH_2016_106154,TN_VARDAH_2016,1,SINGLE_EVENT_BUILDING
909c76e85e4acca6,TN_VARDAH_2016_106226,TN_VARDAH_2016,1,SINGLE_EVENT_BUILDING
7ebcd32b21cdec65,TN_VARDAH_2016_133724,TN_VARDAH_2016,1,SINGLE_EVENT_BUILDING
4d4bc79257af96ce,TN_VARDAH_2016_163447,TN_VARDAH_2016,1,SINGLE_EVENT_BUILDING
12f23754069036f3,TN_VARDAH_2016_193140,TN_VARDAH_2016,1,SINGLE_EVENT_BUILDING
98140c9c0f898b4f,TN_VARDAH_2016_010015,TN_VARDAH_2016,1,SINGLE_EVENT_BUILDING
45cd6fd86e70b6d6,TN_VARDAH_2016_010209,TN_VARDAH_2016,1,SINGLE_EVENT_BUILDING
d2b5117f7015ec02,TN_VARDAH_2016_031823,TN_VARDAH_2016,1,SINGLE_EVENT_BUILDING
c550f4e68601c49d,TN_VARDAH_2016_056502,TN_VARDAH_2016,1,SINGLE_EVENT_BUILDING
30b21a1b56168931,TN_VARDAH_2016_081279,TN_VARDAH_2016,1,SINGLE_EVENT_BUILDING
8222c07f136536d3,TN_VARDAH_2016_106182,TN_VARDAH_2016,1,SINGLE_EVENT_BUILDING
4f2632db4722284d,TN_VARDAH_2016_106450,TN_VARDAH_2016,1,SINGLE_EVENT_BUILDING
e961e7e288051164,TN_VARDAH_2016_133785,TN_VARDAH_2016,1,SINGLE_EVENT_BUILDING
6eee57343b749955,TN_VARDAH_2016_163469,TN_VARDAH_2016,1,SINGLE_EVENT_BUILDING
ea8ea49b8f888da2,TN_VARDAH_2016_193168,TN_VARDAH_2016,2,MULTI_EVENT_BUILDING
06548ab53d3698dd,TN_VARDAH_2016_014983,TN_VARDAH_2016,1,SINGLE_EVENT_BUILDING
1ec28476fee6822c,TN_VARDAH_2016_036720,TN_VARDAH_2016,1,SINGLE_EVENT_BUILDING
fa4a786f6ef22906,TN_VARDAH_2016_061411,TN_VARDAH_2016,1,SINGLE_EVENT_BUILDING
042c9ddaea0f0b71,TN_VARDAH_2016_086165,TN_VARDAH_2016,1,SINGLE_EVENT_BUILDING
2d42772ca2d752c4,TN_VARDAH_2016_111105,TN_VARDAH_2016,1,SINGLE_EVENT_BUILDING
8eee3bcc8d5d9afb,TN_VARDAH_2016_111230,TN_VARDAH_2016,1,SINGLE_EVENT_BUILDING
6018a6cef0e5e36a,TN_VARDAH_2016_168455,TN_VARDAH_2016,1,SINGLE_EVENT_BUILDING
831c72bacac2121b,TN_VARDAH_2016_198174,TN_VARDAH_2016,2,MULTI_EVENT_BUILDING
7176ad5447ed3e3e,TN_VARDAH_2016_019897,TN_VARDAH_2016,1,SINGLE_EVENT_BUILDING
27ed4cd708e4c4fc,TN_VARDAH_2016_019933,TN_VARDAH_2016,1,SINGLE_EVENT_BUILDING
433015c8a3f1df53,TN_VARDAH_2016_041747,TN_VARDAH_2016,1,SINGLE_EVENT_BUILDING
8390725bc225273d,TN_VARDAH_2016_066394,TN_VARDAH_2016,1,SINGLE_EVENT_BUILDING
3a8471353d94d9a9,TN_VARDAH_2016_091139,TN_VARDAH_2016,1,SINGLE_EVENT_BUILDING
22b2a029e1757a0e,TN_VARDAH_2016_116035,TN_VARDAH_2016,1,SINGLE_EVENT_BUILDING
28773a641b9d82cd,TN_VARDAH_2016_143640,TN_VARDAH_2016,1,SINGLE_EVENT_BUILDING
1f33a21aedad8fea,TN_VARDAH_2016_173336,TN_VARDAH_2016,1,SINGLE_EVENT_BUILDING
5b99fdb5dd2185c0,TN_VARDAH_2016_203016,TN_VARDAH_2016,1,SINGLE_EVENT_BUILDING
a6cccdba583ab68b,TN_VARDAH_2016_092053,TN_VARDAH_2016,1,SINGLE_EVENT_BUILDING
1bbfdd9d0d359f63,TN_VARDAH_2016_116543,TN_VARDAH_2016,1,SINGLE_EVENT_BUILDING
5baa5d4286a8d78e,TN_VARDAH_2016_117225,TN_VARDAH_2016,1,SINGLE_EVENT_BUILDING
518d3747e357e98e,TN_VARDAH_2016_144137,TN_VARDAH_2016,1,SINGLE_EVENT_BUILDING
f4e872a827f5406c,TN_VARDAH_2016_173558,TN_VARDAH_2016,1,SINGLE_EVENT_BUILDING
a8091744e8fd2441,TN_VARDAH_2016_203204,TN_VARDAH_2016,1,SINGLE_EVENT_BUILDING
ef9ac38aade3edd0,TN_VARDAH_2016_122228,TN_VARDAH_2016,1,SINGLE_EVENT_BUILDING
d91d86abd805c310,TN_VARDAH_2016_149102,TN_VARDAH_2016,1,SINGLE_EVENT_BUILDING
ee685618b941d42e,TN_VARDAH_2016_206176,TN_VARDAH_2016,1,SINGLE_EVENT_BUILDING
63292fb65c8f196e,TN_VARDAH_2016_000017,TN_VARDAH_2016,1,SINGLE_EVENT_BUILDING
63601f880e59b50f,TN_VARDAH_2016_000087,TN_VARDAH_2016,1,SINGLE_EVENT_BUILDING
a96af940e7017dd9,TN_VARDAH_2016_021839,TN_VARDAH_2016,1,SINGLE_EVENT_BUILDING
402d5de42bb4524f,TN_VARDAH_2016_046570,TN_VARDAH_2016,1,SINGLE_EVENT_BUILDING
b153e57cca496889,TN_VARDAH_2016_071306,TN_VARDAH_2016,1,SINGLE_EVENT_BUILDING
28d738a12965bf2d,TN_VARDAH_2016_075402,TN_VARDAH_2016,1,SINGLE_EVENT_BUILDING
176d2e35622d4db0,TN_VARDAH_2016_096269,TN_VARDAH_2016,1,SINGLE_EVENT_BUILDING
be6030ad0b3e38af,TN_VARDAH_2016_123821,TN_VARDAH_2016,1,SINGLE_EVENT_BUILDING
1451823adcadc5db,TN_VARDAH_2016_153548,TN_VARDAH_2016,1,SINGLE_EVENT_BUILDING
5ecba8589c0b97e3,TN_VARDAH_2016_183207,TN_VARDAH_2016,1,SINGLE_EVENT_BUILDING
31c620f48b4f754f,TN_VARDAH_2016_000070,TN_VARDAH_2016,1,SINGLE_EVENT_BUILDING
100b9595b7a34e11,TN_VARDAH_2016_000095,TN_VARDAH_2016,1,SINGLE_EVENT_BUILDING
0f791e8020322b5a,TN_VARDAH_2016_021910,TN_VARDAH_2016,1,SINGLE_EVENT_BUILDING
9a2c0c5126e1e35d,TN_VARDAH_2016_046593,TN_VARDAH_2016,1,SINGLE_EVENT_BUILDING
c93a875740cc00ea,TN_VARDAH_2016_071312,TN_VARDAH_2016,1,SINGLE_EVENT_BUILDING
e3b4a6b15e9795b8,TN_VARDAH_2016_076069,TN_VARDAH_2016,1,SINGLE_EVENT_BUILDING
a0b841184639b825,TN_VARDAH_2016_096456,TN_VARDAH_2016,1,SINGLE_EVENT_BUILDING
b6b943f97985a7bb,TN_VARDAH_2016_123864,TN_VARDAH_2016,1,SINGLE_EVENT_BUILDING
270a3e19d9526589,TN_VARDAH_2016_153584,TN_VARDAH_2016,1,SINGLE_EVENT_BUILDING
a6e0ea4184547812,TN_VARDAH_2016_183254,TN_VARDAH_2016,1,SINGLE_EVENT_BUILDING
c459f638b5225a0c,TN_VARDAH_2016_005015,TN_VARDAH_2016,1,SINGLE_EVENT_BUILDING
ed4e46ce831c9f24,TN_VARDAH_2016_005082,TN_VARDAH_2016,1,SINGLE_EVENT_BUILDING
e0df3fe6be7c7993,TN_VARDAH_2016_026800,TN_VARDAH_2016,1,SINGLE_EVENT_BUILDING
6fe79b948028c310,TN_VARDAH_2016_051543,TN_VARDAH_2016,1,SINGLE_EVENT_BUILDING
12443d3821ec8d24,TN_VARDAH_2016_076280,TN_VARDAH_2016,1,SINGLE_EVENT_BUILDING
76864c735a7fc232,TN_VARDAH_2016_101188,TN_VARDAH_2016,1,SINGLE_EVENT_BUILDING
2ce17761cbf8a647,TN_VARDAH_2016_101261,TN_VARDAH_2016,1,SINGLE_EVENT_BUILDING
35180b1be046821e,TN_VARDAH_2016_128768,TN_VARDAH_2016,1,SINGLE_EVENT_BUILDING
f9afcd74d03622bc,TN_VARDAH_2016_188139,TN_VARDAH_2016,1,SINGLE_EVENT_BUILDING
9b5630c2f48e67d1,TN_VARDAH_2016_009964,TN_VARDAH_2016,1,SINGLE_EVENT_BUILDING
a2831e5d594da6e1,TN_VARDAH_2016_010034,TN_VARDAH_2016,1,SINGLE_EVENT_BUILDING
57a9e25fcab180e6,TN_VARDAH_2016_031747,TN_VARDAH_2016,1,SINGLE_EVENT_BUILDING
fd986e8c67694f5d,TN_VARDAH_2016_081220,TN_VARDAH_2016,1,SINGLE_EVENT_BUILDING
277c34aa285dc850,TN_VARDAH_2016_106156,TN_VARDAH_2016,1,SINGLE_EVENT_BUILDING
5069ea5a5eb4ccd2,TN_VARDAH_2016_106236,TN_VARDAH_2016,1,SINGLE_EVENT_BUILDING
85a98abdfbb40e12,TN_VARDAH_2016_133728,TN_VARDAH_2016,1,SINGLE_EVENT_BUILDING
176f29c478991cc8,TN_VARDAH_2016_163454,TN_VARDAH_2016,1,SINGLE_EVENT_BUILDING
45d4a61ee3bbf5a9,TN_VARDAH_2016_193143,TN_VARDAH_2016,1,SINGLE_EVENT_BUILDING
0e0fbeee4b8f700b,TN_VARDAH_2016_010025,TN_VARDAH_2016,1,SINGLE_EVENT_BUILDING
59a1d93be413f134,TN_VARDAH_2016_010247,TN_VARDAH_2016,1,SINGLE_EVENT_BUILDING
826f58ef2bd8c157,TN_VARDAH_2016_031834,TN_VARDAH_2016,1,SINGLE_EVENT_BUILDING
f3b7bcb3f15daff8,TN_VARDAH_2016_056503,TN_VARDAH_2016,1,SINGLE_EVENT_BUILDING
f8797a9750b616cc,TN_VARDAH_2016_081288,TN_VARDAH_2016,1,SINGLE_EVENT_BUILDING
ba6bc79e5bb253c5,TN_VARDAH_2016_106192,TN_VARDAH_2016,1,SINGLE_EVENT_BUILDING
9559e3af7cc80730,TN_VARDAH_2016_106461,TN_VARDAH_2016,1,SINGLE_EVENT_BUILDING
bb837def3dd2233a,TN_VARDAH_2016_133788,TN_VARDAH_2016,1,SINGLE_EVENT_BUILDING
0097fe3c8d713011,TN_VARDAH_2016_163473,TN_VARDAH_2016,1,SINGLE_EVENT_BUILDING
fddff8220a477da4,TN_VARDAH_2016_193185,TN_VARDAH_2016,1,SINGLE_EVENT_BUILDING
d1cac375f8c7d303,TN_VARDAH_2016_014988,TN_VARDAH_2016,1,SINGLE_EVENT_BUILDING
6fe86c07ffa01758,TN_VARDAH_2016_014975,TN_VARDAH_2016,1,SINGLE_EVENT_BUILDING
bfcdad1999e2b0d3,TN_VARDAH_2016_036724,TN_VARDAH_2016,1,SINGLE_EVENT_BUILDING
3254fe13300ab246,TN_VARDAH_2016_061412,TN_VARDAH_2016,1,SINGLE_EVENT_BUILDING
afd85c77b6a87ad6,TN_VARDAH_2016_111106,TN_VARDAH_2016,1,SINGLE_EVENT_BUILDING
7737b64b9252a02f,TN_VARDAH_2016_168480,TN_VARDAH_2016,1,SINGLE_EVENT_BUILDING
a823ed984a225d9e,TN_VARDAH_2016_198178,TN_VARDAH_2016,1,SINGLE_EVENT_BUILDING
7419aa0e8d1a048b,TN_VARDAH_2016_019900,TN_VARDAH_2016,1,SINGLE_EVENT_BUILDING
8b2e3e72e431b6ae,TN_VARDAH_2016_019936,TN_VARDAH_2016,1,SINGLE_EVENT_BUILDING
459a43af20505943,TN_VARDAH_2016_041761,TN_VARDAH_2016,1,SINGLE_EVENT_BUILDING
5c95dd876fb947e0,TN_VARDAH_2016_091144,TN_VARDAH_2016,1,SINGLE_EVENT_BUILDING
6db3732513478631,TN_VARDAH_2016_116036,TN_VARDAH_2016,1,SINGLE_EVENT_BUILDING
d7dd0d7916404d76,TN_VARDAH_2016_143641,TN_VARDAH_2016,1,SINGLE_EVENT_BUILDING
89ccc2e1cda440b7,TN_VARDAH_2016_173338,TN_VARDAH_2016,1,SINGLE_EVENT_BUILDING
afb3b8540619ec87,TN_VARDAH_2016_203018,TN_VARDAH_2016,1,SINGLE_EVENT_BUILDING
f1612719b43f8197,TN_VARDAH_2016_092253,TN_VARDAH_2016,1,SINGLE_EVENT_BUILDING
994b15329d6aefa7,TN_VARDAH_2016_116662,TN_VARDAH_2016,1,SINGLE_EVENT_BUILDING
110bf9ef05c4f507,TN_VARDAH_2016_117456,TN_VARDAH_2016,1,SINGLE_EVENT_BUILDING
fadd8d4be38629d9,TN_VARDAH_2016_144180,TN_VARDAH_2016,1,SINGLE_EVENT_BUILDING
634713e6b08d692e,TN_VARDAH_2016_173576,TN_VARDAH_2016,1,SINGLE_EVENT_BUILDING
2e4bef35e4e5d9f1,TN_VARDAH_2016_203228,TN_VARDAH_2016,1,SINGLE_EVENT_BUILDING
8a301fa202b47b55,TN_VARDAH_2016_122303,TN_VARDAH_2016,1,SINGLE_EVENT_BUILDING
22a42d35a3e66b64,TN_VARDAH_2016_150254,TN_VARDAH_2016,1,SINGLE_EVENT_BUILDING
57d83bf848341287,TN_VARDAH_2016_206178,TN_VARDAH_2016,1,SINGLE_EVENT_BUILDING
95cd6d538df6f0dd,TN_VARDAH_2016_000092,TN_VARDAH_2016,1,SINGLE_EVENT_BUILDING
aba12fa21804331a,TN_VARDAH_2016_046571,TN_VARDAH_2016,1,SINGLE_EVENT_BUILDING
1ed255d01f9e6e2b,TN_VARDAH_2016_071307,TN_VARDAH_2016,1,SINGLE_EVENT_BUILDING
78a1a6a9468ac076,TN_VARDAH_2016_076099,TN_VARDAH_2016,1,SINGLE_EVENT_BUILDING
064eaae9cd51ab01,TN_VARDAH_2016_096277,TN_VARDAH_2016,1,SINGLE_EVENT_BUILDING
1e5495149cdf60c7,TN_VARDAH_2016_123826,TN_VARDAH_2016,1,SINGLE_EVENT_BUILDING
2c35bc67d5562965,TN_VARDAH_2016_153549,TN_VARDAH_2016,1,SINGLE_EVENT_BUILDING
dff06112c8adf74b,TN_VARDAH_2016_183208,TN_VARDAH_2016,1,SINGLE_EVENT_BUILDING
5cb0272b6b191cab,TN_VARDAH_2016_000073,TN_VARDAH_2016,1,SINGLE_EVENT_BUILDING
7a53b71b04408547,TN_VARDAH_2016_000098,TN_VARDAH_2016,1,SINGLE_EVENT_BUILDING
81573cb9c1f0dade,TN_VARDAH_2016_021912,TN_VARDAH_2016,1,SINGLE_EVENT_BUILDING
6c7b6b73ea29a682,TN_VARDAH_2016_046597,TN_VARDAH_2016,1,SINGLE_EVENT_BUILDING
5d31e30ddac88705,TN_VARDAH_2016_071313,TN_VARDAH_2016,1,SINGLE_EVENT_BUILDING
4141b4ae8bc46064,TN_VARDAH_2016_076631,TN_VARDAH_2016,1,SINGLE_EVENT_BUILDING
f370e79c954a53bd,TN_VARDAH_2016_096488,TN_VARDAH_2016,1,SINGLE_EVENT_BUILDING
cc5e0349ba9ad265,TN_VARDAH_2016_123866,TN_VARDAH_2016,1,SINGLE_EVENT_BUILDING
72a030555bd34748,TN_VARDAH_2016_153586,TN_VARDAH_2016,1,SINGLE_EVENT_BUILDING
5330fec681664ecb,TN_VARDAH_2016_183255,TN_VARDAH_2016,2,MULTI_EVENT_BUILDING
85fc6bb193bba8a3,TN_VARDAH_2016_005019,TN_VARDAH_2016,1,SINGLE_EVENT_BUILDING
f397c133d4fcf404,TN_VARDAH_2016_005086,TN_VARDAH_2016,1,SINGLE_EVENT_BUILDING
7d59b3de7d42dce4,TN_VARDAH_2016_026801,TN_VARDAH_2016,1,SINGLE_EVENT_BUILDING
ed3a81a7749034e6,TN_VARDAH_2016_051544,TN_VARDAH_2016,1,SINGLE_EVENT_BUILDING
a0b4816a3a7a1f76,TN_VARDAH_2016_076281,TN_VARDAH_2016,1,SINGLE_EVENT_BUILDING
bb5b3a279ea35b39,TN_VARDAH_2016_101189,TN_VARDAH_2016,1,SINGLE_EVENT_BUILDING
7b0e234e5bdfd1f4,TN_VARDAH_2016_101267,TN_VARDAH_2016,1,SINGLE_EVENT_BUILDING
4b9086c992e4cbea,TN_VARDAH_2016_128769,TN_VARDAH_2016,1,SINGLE_EVENT_BUILDING
4be28652c4135357,TN_VARDAH_2016_158534,TN_VARDAH_2016,1,SINGLE_EVENT_BUILDING
b33925a2a6842667,TN_VARDAH_2016_188140,TN_VARDAH_2016,1,SINGLE_EVENT_BUILDING
18ecfa7a1dcff357,TN_VARDAH_2016_009966,TN_VARDAH_2016,1,SINGLE_EVENT_BUILDING
e0f50ef150208028,TN_VARDAH_2016_010035,TN_VARDAH_2016,1,SINGLE_EVENT_BUILDING
1684f54b199b33e0,TN_VARDAH_2016_031749,TN_VARDAH_2016,1,SINGLE_EVENT_BUILDING
1973053ccfae8d89,TN_VARDAH_2016_056461,TN_VARDAH_2016,1,SINGLE_EVENT_BUILDING
73f46bdb4be2abe2,TN_VARDAH_2016_081221,TN_VARDAH_2016,1,SINGLE_EVENT_BUILDING
b94cdfa89129ab1a,TN_VARDAH_2016_106157,TN_VARDAH_2016,1,SINGLE_EVENT_BUILDING
ad2c82f66ca694a0,TN_VARDAH_2016_106238,TN_VARDAH_2016,1,SINGLE_EVENT_BUILDING
703f616a7de1f115,TN_VARDAH_2016_133729,TN_VARDAH_2016,1,SINGLE_EVENT_BUILDING
1ecb1380fe04cff7,TN_VARDAH_2016_163456,TN_VARDAH_2016,1,SINGLE_EVENT_BUILDING
44f48d4cb4d780f0,TN_VARDAH_2016_193148,TN_VARDAH_2016,1,SINGLE_EVENT_BUILDING
9978d643ee2a060e,TN_VARDAH_2016_010031,TN_VARDAH_2016,1,SINGLE_EVENT_BUILDING
da9b0c078cd3e61c,TN_VARDAH_2016_010272,TN_VARDAH_2016,1,SINGLE_EVENT_BUILDING
e8e5337147884197,TN_VARDAH_2016_031855,TN_VARDAH_2016,1,SINGLE_EVENT_BUILDING
a6e1ae38cbee6c98,TN_VARDAH_2016_056509,TN_VARDAH_2016,1,SINGLE_EVENT_BUILDING
178455e8fa038606,TN_VARDAH_2016_081298,TN_VARDAH_2016,1,SINGLE_EVENT_BUILDING
05fd54478cf27af8,TN_VARDAH_2016_106196,TN_VARDAH_2016,1,SINGLE_EVENT_BUILDING
359e05d031a892e5,TN_VARDAH_2016_106471,TN_VARDAH_2016,1,SINGLE_EVENT_BUILDING
30cf5f817e60c59e,TN_VARDAH_2016_133795,TN_VARDAH_2016,1,SINGLE_EVENT_BUILDING
7bbcb1649b451179,TN_VARDAH_2016_163479,TN_VARDAH_2016,1,SINGLE_EVENT_BUILDING
df12dc6fb2cc5255,TN_VARDAH_2016_193198,TN_VARDAH_2016,1,SINGLE_EVENT_BUILDING
b7d7a85dc352da07,TN_VARDAH_2016_014992,TN_VARDAH_2016,1,SINGLE_EVENT_BUILDING
5748dfee6101b50d,TN_VARDAH_2016_014978,TN_VARDAH_2016,1,SINGLE_EVENT_BUILDING
19b3e9d08760cc56,TN_VARDAH_2016_036727,TN_VARDAH_2016,1,SINGLE_EVENT_BUILDING
53f6ee7491ca1dc0,TN_VARDAH_2016_061415,TN_VARDAH_2016,1,SINGLE_EVENT_BUILDING
a5cf352cfe5e5fc5,TN_VARDAH_2016_086167,TN_VARDAH_2016,1,SINGLE_EVENT_BUILDING
3dc3642c6489fbb0,TN_VARDAH_2016_111108,TN_VARDAH_2016,1,SINGLE_EVENT_BUILDING
ac63aed9612f6eb5,TN_VARDAH_2016_111252,TN_VARDAH_2016,1,SINGLE_EVENT_BUILDING
950e4ed13b629da1,TN_VARDAH_2016_138705,TN_VARDAH_2016,1,SINGLE_EVENT_BUILDING
9c72d1ab0e653575,TN_VARDAH_2016_168489,TN_VARDAH_2016,1,SINGLE_EVENT_BUILDING
fa9b7fbef6b8fadd,TN_VARDAH_2016_198190,TN_VARDAH_2016,1,SINGLE_EVENT_BUILDING
7e4772b910a35836,TN_VARDAH_2016_019901,TN_VARDAH_2016,1,SINGLE_EVENT_BUILDING
62b7b6f3fd6bd022,TN_VARDAH_2016_019947,TN_VARDAH_2016,1,SINGLE_EVENT_BUILDING
1c716960bcb002cd,TN_VARDAH_2016_041765,TN_VARDAH_2016,1,SINGLE_EVENT_BUILDING
1daf7d1689579c44,TN_VARDAH_2016_066398,TN_VARDAH_2016,1,SINGLE_EVENT_BUILDING
cd5ad25c7532cfa4,TN_VARDAH_2016_091146,TN_VARDAH_2016,1,SINGLE_EVENT_BUILDING
dc51c20a170972bb,TN_VARDAH_2016_116037,TN_VARDAH_2016,1,SINGLE_EVENT_BUILDING
47abe39766763690,TN_VARDAH_2016_116080,TN_VARDAH_2016,1,SINGLE_EVENT_BUILDING
1f811ee94a2bd279,TN_VARDAH_2016_143645,TN_VARDAH_2016,1,SINGLE_EVENT_BUILDING
593321fca6344e71,TN_VARDAH_2016_173341,TN_VARDAH_2016,1,SINGLE_EVENT_BUILDING
b5a581e648c59c10,TN_VARDAH_2016_203019,TN_VARDAH_2016,1,SINGLE_EVENT_BUILDING
4dd651d8205f41fb,TN_VARDAH_2016_092436,TN_VARDAH_2016,1,SINGLE_EVENT_BUILDING
73ead3a1c928d5f6,TN_VARDAH_2016_116684,TN_VARDAH_2016,1,SINGLE_EVENT_BUILDING
8ebfbb5a2e00ff62,TN_VARDAH_2016_117563,TN_VARDAH_2016,1,SINGLE_EVENT_BUILDING
353980077caf2fd4,TN_VARDAH_2016_144277,TN_VARDAH_2016,1,SINGLE_EVENT_BUILDING
951bf6c15461d862,TN_VARDAH_2016_173589,TN_VARDAH_2016,1,SINGLE_EVENT_BUILDING
2e7e5412ee83f157,TN_VARDAH_2016_203249,TN_VARDAH_2016,1,SINGLE_EVENT_BUILDING
d22bc6357e186019,TN_VARDAH_2016_122391,TN_VARDAH_2016,1,SINGLE_EVENT_BUILDING
6b1dce273abba1b7,TN_VARDAH_2016_150476,TN_VARDAH_2016,1,SINGLE_EVENT_BUILDING
13de2b7465ddfe52,TN_VARDAH_2016_206189,TN_VARDAH_2016,1,SINGLE_EVENT_BUILDING
70ca0994ab62dc3c,TN_VARDAH_2016_000020,TN_VARDAH_2016,1,SINGLE_EVENT_BUILDING
3c16b198ac418a3c,TN_VARDAH_2016_021855,TN_VARDAH_2016,1,SINGLE_EVENT_BUILDING
c3e7e4627baba684,TN_VARDAH_2016_046573,TN_VARDAH_2016,1,SINGLE_EVENT_BUILDING
a1378af3c167c683,TN_VARDAH_2016_071308,TN_VARDAH_2016,1,SINGLE_EVENT_BUILDING
401ddc181742e7eb,TN_VARDAH_2016_096224,TN_VARDAH_2016,1,SINGLE_EVENT_BUILDING
4bbfe8993382e05d,TN_VARDAH_2016_096279,TN_VARDAH_2016,1,SINGLE_EVENT_BUILDING
0a6c48ebd97f1d2b,TN_VARDAH_2016_123828,TN_VARDAH_2016,1,SINGLE_EVENT_BUILDING
22c7b41cb1b86c4b,TN_VARDAH_2016_153550,TN_VARDAH_2016,1,SINGLE_EVENT_BUILDING
a74d3767315c11df,TN_VARDAH_2016_183209,TN_VARDAH_2016,1,SINGLE_EVENT_BUILDING
733536d850d36de1,TN_VARDAH_2016_000074,TN_VARDAH_2016,1,SINGLE_EVENT_BUILDING
11e1a37a73fa8678,TN_VARDAH_2016_000102,TN_VARDAH_2016,1,SINGLE_EVENT_BUILDING
c68a0fd8221daaae,TN_VARDAH_2016_021917,TN_VARDAH_2016,1,SINGLE_EVENT_BUILDING
b7791548f17e8398,TN_VARDAH_2016_046601,TN_VARDAH_2016,1,SINGLE_EVENT_BUILDING
ea2318ccb154bcb7,TN_VARDAH_2016_071322,TN_VARDAH_2016,1,SINGLE_EVENT_BUILDING
0ee042e806d6a694,TN_VARDAH_2016_077012,TN_VARDAH_2016,1,SINGLE_EVENT_BUILDING
a8efebb6666ac7df,TN_VARDAH_2016_096514,TN_VARDAH_2016,1,SINGLE_EVENT_BUILDING
d86bee172f6dde12,TN_VARDAH_2016_123868,TN_VARDAH_2016,1,SINGLE_EVENT_BUILDING
bf6f460994674838,TN_VARDAH_2016_153591,TN_VARDAH_2016,1,SINGLE_EVENT_BUILDING
a317c0ea5efd9521,TN_VARDAH_2016_183258,TN_VARDAH_2016,1,SINGLE_EVENT_BUILDING
cb8944870cf49f02,TN_VARDAH_2016_005021,TN_VARDAH_2016,1,SINGLE_EVENT_BUILDING
db23c6ccc9b5520d,TN_VARDAH_2016_005101,TN_VARDAH_2016,1,SINGLE_EVENT_BUILDING
d1a76702f4e5968e,TN_VARDAH_2016_026803,TN_VARDAH_2016,1,SINGLE_EVENT_BUILDING
944b6381a0855eed,TN_VARDAH_2016_051545,TN_VARDAH_2016,1,SINGLE_EVENT_BUILDING
7973a2ab4277e72c,TN_VARDAH_2016_076282,TN_VARDAH_2016,1,SINGLE_EVENT_BUILDING
bd41aa7d0b5e0d61,TN_VARDAH_2016_101269,TN_VARDAH_2016,1,SINGLE_EVENT_BUILDING
7ea9b1857289e7ce,TN_VARDAH_2016_128771,TN_VARDAH_2016,1,SINGLE_EVENT_BUILDING
f528a8308f9adf54,TN_VARDAH_2016_158535,TN_VARDAH_2016,1,SINGLE_EVENT_BUILDING
3d6f24b28de8b271,TN_VARDAH_2016_188141,TN_VARDAH_2016,1,SINGLE_EVENT_BUILDING
77a97c1b733943da,TN_VARDAH_2016_009967,TN_VARDAH_2016,1,SINGLE_EVENT_BUILDING
0db110f77fce2db7,TN_VARDAH_2016_010048,TN_VARDAH_2016,1,SINGLE_EVENT_BUILDING
e1add3a372213fdc,TN_VARDAH_2016_031750,TN_VARDAH_2016,1,SINGLE_EVENT_BUILDING
b27739729a3122ba,TN_VARDAH_2016_056463,TN_VARDAH_2016,1,SINGLE_EVENT_BUILDING
4fedfc9c5f679d12,TN_VARDAH_2016_081222,TN_VARDAH_2016,1,SINGLE_EVENT_BUILDING
ebcea7de27657a08,TN_VARDAH_2016_106161,TN_VARDAH_2016,1,SINGLE_EVENT_BUILDING
1b69205ccd878997,TN_VARDAH_2016_106249,TN_VARDAH_2016,1,SINGLE_EVENT_BUILDING
c489f12d2c6da38c,TN_VARDAH_2016_133733,TN_VARDAH_2016,1,SINGLE_EVENT_BUILDING
e92860c64dfdfe89,TN_VARDAH_2016_163459,TN_VARDAH_2016,1,SINGLE_EVENT_BUILDING
3f90f4aeb8269817,TN_VARDAH_2016_193149,TN_VARDAH_2016,1,SINGLE_EVENT_BUILDING
fa1f915635e85ca8,TN_VARDAH_2016_010340,TN_VARDAH_2016,1,SINGLE_EVENT_BUILDING
4ef7cf77167c5082,TN_VARDAH_2016_031860,TN_VARDAH_2016,1,SINGLE_EVENT_BUILDING
964f09b51461f136,TN_VARDAH_2016_056515,TN_VARDAH_2016,1,SINGLE_EVENT_BUILDING
ffe5f0439cc3f92e,TN_VARDAH_2016_081317,TN_VARDAH_2016,1,SINGLE_EVENT_BUILDING
4660a62dc47b7a0f,TN_VARDAH_2016_106197,TN_VARDAH_2016,1,SINGLE_EVENT_BUILDING
41c38f17a04e3d15,TN_VARDAH_2016_106472,TN_VARDAH_2016,1,SINGLE_EVENT_BUILDING
0b46fc9115a4e362,TN_VARDAH_2016_133807,TN_VARDAH_2016,1,SINGLE_EVENT_BUILDING
453ab3cc99970b43,TN_VARDAH_2016_163481,TN_VARDAH_2016,1,SINGLE_EVENT_BUILDING
18c289cfe28375fd,TN_VARDAH_2016_193211,TN_VARDAH_2016,1,SINGLE_EVENT_BUILDING
bce0587546656b11,TN_VARDAH_2016_015012,TN_VARDAH_2016,1,SINGLE_EVENT_BUILDING
dde8688a0816dfef,TN_VARDAH_2016_014979,TN_VARDAH_2016,1,SINGLE_EVENT_BUILDING
c977898fee06b282,TN_VARDAH_2016_036732,TN_VARDAH_2016,1,SINGLE_EVENT_BUILDING
6163b02876231f28,TN_VARDAH_2016_061418,TN_VARDAH_2016,1,SINGLE_EVENT_BUILDING
3dc3da4bd19a40ad,TN_VARDAH_2016_086168,TN_VARDAH_2016,1,SINGLE_EVENT_BUILDING
6d80717f1fd3f407,TN_VARDAH_2016_111109,TN_VARDAH_2016,1,SINGLE_EVENT_BUILDING
333097e022cdeb13,TN_VARDAH_2016_111263,TN_VARDAH_2016,1,SINGLE_EVENT_BUILDING
cc4ec946798a756b,TN_VARDAH_2016_138710,TN_VARDAH_2016,1,SINGLE_EVENT_BUILDING
6aef4a88a4a0408f,TN_VARDAH_2016_168503,TN_VARDAH_2016,1,SINGLE_EVENT_BUILDING
8afae72a2f696158,TN_VARDAH_2016_198191,TN_VARDAH_2016,1,SINGLE_EVENT_BUILDING
c0da0aaaea74f69d,TN_VARDAH_2016_019904,TN_VARDAH_2016,1,SINGLE_EVENT_BUILDING
92ce748ebacf4574,TN_VARDAH_2016_041766,TN_VARDAH_2016,1,SINGLE_EVENT_BUILDING
1f5d16049fee3a66,TN_VARDAH_2016_066403,TN_VARDAH_2016,1,SINGLE_EVENT_BUILDING
c23bf9b3c792e54a,TN_VARDAH_2016_091150,TN_VARDAH_2016,1,SINGLE_EVENT_BUILDING
0549aae6f07796c9,TN_VARDAH_2016_116040,TN_VARDAH_2016,1,SINGLE_EVENT_BUILDING
e85efb27f99dbc96,TN_VARDAH_2016_143647,TN_VARDAH_2016,1,SINGLE_EVENT_BUILDING
4c8efd09813b6b09,TN_VARDAH_2016_173342,TN_VARDAH_2016,1,SINGLE_EVENT_BUILDING
6f0b063771a8fdec,TN_VARDAH_2016_203020,TN_VARDAH_2016,1,SINGLE_EVENT_BUILDING
51e6e56d146b13a7,TN_VARDAH_2016_092535,TN_VARDAH_2016,1,SINGLE_EVENT_BUILDING
67a42ff2905121fe,TN_VARDAH_2016_116806,TN_VARDAH_2016,1,SINGLE_EVENT_BUILDING
467bbbe956fa388a,TN_VARDAH_2016_117908,TN_VARDAH_2016,1,SINGLE_EVENT_BUILDING
c3002cd6c5b00ed4,TN_VARDAH_2016_173618,TN_VARDAH_2016,1,SINGLE_EVENT_BUILDING
fa94cebbd8a1002d,TN_VARDAH_2016_203252,TN_VARDAH_2016,1,SINGLE_EVENT_BUILDING
f433c5d583d32982,TN_VARDAH_2016_122455,TN_VARDAH_2016,1,SINGLE_EVENT_BUILDING
99b2c82dc1d35d88,TN_VARDAH_2016_153522,TN_VARDAH_2016,1,SINGLE_EVENT_BUILDING
d714b559ef473ed6,TN_VARDAH_2016_206202,TN_VARDAH_2016,1,SINGLE_EVENT_BUILDING
cb9e495439d2bfc7,TN_VARDAH_2016_000021,TN_VARDAH_2016,1,SINGLE_EVENT_BUILDING
39a9d4dad1a1d5e5,TN_VARDAH_2016_000121,TN_VARDAH_2016,1,SINGLE_EVENT_BUILDING
eaf75c371a3b5ad6,TN_VARDAH_2016_021856,TN_VARDAH_2016,1,SINGLE_EVENT_BUILDING
ebf7d8544e375b4f,TN_VARDAH_2016_046574,TN_VARDAH_2016,1,SINGLE_EVENT_BUILDING
44640a207dcaa45e,TN_VARDAH_2016_071309,TN_VARDAH_2016,1,SINGLE_EVENT_BUILDING
f8ed032f2d5600b0,TN_VARDAH_2016_096225,TN_VARDAH_2016,1,SINGLE_EVENT_BUILDING
802600a9af1500fa,TN_VARDAH_2016_096286,TN_VARDAH_2016,1,SINGLE_EVENT_BUILDING
609abbfdb3434aaf,TN_VARDAH_2016_123831,TN_VARDAH_2016,1,SINGLE_EVENT_BUILDING
f7a4aa4e44e1e7e4,TN_VARDAH_2016_153551,TN_VARDAH_2016,1,SINGLE_EVENT_BUILDING
29b5089cd3195983,TN_VARDAH_2016_183210,TN_VARDAH_2016,1,SINGLE_EVENT_BUILDING
ac6430d8c3eaf355,TN_VARDAH_2016_000085,TN_VARDAH_2016,1,SINGLE_EVENT_BUILDING
6d5573fcf7f732cd,TN_VARDAH_2016_021926,TN_VARDAH_2016,1,SINGLE_EVENT_BUILDING
1fdc122c24320ec7,TN_VARDAH_2016_046603,TN_VARDAH_2016,1,SINGLE_EVENT_BUILDING
c5a7adfbddcb6027,TN_VARDAH_2016_071324,TN_VARDAH_2016,1,SINGLE_EVENT_BUILDING
f60dd887a2c7a69e,TN_VARDAH_2016_077377,TN_VARDAH_2016,1,SINGLE_EVENT_BUILDING
47d2c75af9481809,TN_VARDAH_2016_096531,TN_VARDAH_2016,1,SINGLE_EVENT_BUILDING
9b0c0fb957953f9b,TN_VARDAH_2016_123872,TN_VARDAH_2016,1,SINGLE_EVENT_BUILDING
658fa49d41bdbc1e,TN_VARDAH_2016_153594,TN_VARDAH_2016,1,SINGLE_EVENT_BUILDING
b97b0d60e87ac8e1,TN_VARDAH_2016_183267,TN_VARDAH_2016,1,SINGLE_EVENT_BUILDING
5b3e4251de5a6f0a,TN_VARDAH_2016_005022,TN_VARDAH_2016,1,SINGLE_EVENT_BUILDING
2f989e0268c07e4c,TN_VARDAH_2016_005106,TN_VARDAH_2016,1,SINGLE_EVENT_BUILDING
669f49a1a1d847c0,TN_VARDAH_2016_026810,TN_VARDAH_2016,1,SINGLE_EVENT_BUILDING
a900961a92a84a9d,TN_VARDAH_2016_051549,TN_VARDAH_2016,1,SINGLE_EVENT_BUILDING
6ae468c020c41647,TN_VARDAH_2016_076287,TN_VARDAH_2016,1,SINGLE_EVENT_BUILDING
219a07b4e3153be2,TN_VARDAH_2016_128772,TN_VARDAH_2016,1,SINGLE_EVENT_BUILDING
8886d40c3d35cd60,TN_VARDAH_2016_158538,TN_VARDAH_2016,1,SINGLE_EVENT_BUILDING
57d17ae1500c1b6d,TN_VARDAH_2016_188143,TN_VARDAH_2016,1,SINGLE_EVENT_BUILDING
8b7e3613bc25e17a,TN_VARDAH_2016_009968,TN_VARDAH_2016,1,SINGLE_EVENT_BUILDING
15b139a4d0787375,TN_VARDAH_2016_010064,TN_VARDAH_2016,1,SINGLE_EVENT_BUILDING
44ec993d8d2d66b5,TN_VARDAH_2016_056466,TN_VARDAH_2016,1,SINGLE_EVENT_BUILDING
05a94280bb59dc4d,TN_VARDAH_2016_081223,TN_VARDAH_2016,1,SINGLE_EVENT_BUILDING
8ac8983e397306ca,TN_VARDAH_2016_106252,TN_VARDAH_2016,1,SINGLE_EVENT_BUILDING
316ff694c16e4602,TN_VARDAH_2016_133734,TN_VARDAH_2016,1,SINGLE_EVENT_BUILDING
394906cb103be0a8,TN_VARDAH_2016_163462,TN_VARDAH_2016,1,SINGLE_EVENT_BUILDING
7994795feb76d2f5,TN_VARDAH_2016_193151,TN_VARDAH_2016,1,SINGLE_EVENT_BUILDING
2097a1bf5a0fb12c,TN_VARDAH_2016_010053,TN_VARDAH_2016,1,SINGLE_EVENT_BUILDING
e535808e19280802,TN_VARDAH_2016_010349,TN_VARDAH_2016,1,SINGLE_EVENT_BUILDING
279b0b6bc4912f1b,TN_VARDAH_2016_031864,TN_VARDAH_2016,1,SINGLE_EVENT_BUILDING
1dea4f4bf0031148,TN_VARDAH_2016_056517,TN_VARDAH_2016,1,SINGLE_EVENT_BUILDING
00f612a544cf98df,TN_VARDAH_2016_081336,TN_VARDAH_2016,1,SINGLE_EVENT_BUILDING
91de77c399ea1290,TN_VARDAH_2016_106198,TN_VARDAH_2016,1,SINGLE_EVENT_BUILDING
df11aecbb8268b2d,TN_VARDAH_2016_106477,TN_VARDAH_2016,1,SINGLE_EVENT_BUILDING
877f653ff2ff43a6,TN_VARDAH_2016_163484,TN_VARDAH_2016,1,SINGLE_EVENT_BUILDING
0cced8086a4a2c2f,TN_VARDAH_2016_193214,TN_VARDAH_2016,2,MULTI_EVENT_BUILDING
987bc717ce8df795,TN_VARDAH_2016_015035,TN_VARDAH_2016,1,SINGLE_EVENT_BUILDING
0afcad15ff4a80f7,TN_VARDAH_2016_014984,TN_VARDAH_2016,1,SINGLE_EVENT_BUILDING
21f58770c0244a2b,TN_VARDAH_2016_036736,TN_VARDAH_2016,1,SINGLE_EVENT_BUILDING
19b2892be6075dfb,TN_VARDAH_2016_061423,TN_VARDAH_2016,1,SINGLE_EVENT_BUILDING
4c71415523102363,TN_VARDAH_2016_086177,TN_VARDAH_2016,1,SINGLE_EVENT_BUILDING
4ce1b2bf809c34d1,TN_VARDAH_2016_111110,TN_VARDAH_2016,1,SINGLE_EVENT_BUILDING
62c4ec0371e20dcc,TN_VARDAH_2016_111264,TN_VARDAH_2016,1,SINGLE_EVENT_BUILDING
757cf63896bea7e2,TN_VARDAH_2016_138714,TN_VARDAH_2016,1,SINGLE_EVENT_BUILDING
b97546da6586188e,TN_VARDAH_2016_168511,TN_VARDAH_2016,1,SINGLE_EVENT_BUILDING
b871cfd471c00523,TN_VARDAH_2016_198258,TN_VARDAH_2016,1,SINGLE_EVENT_BUILDING
52745e99d89ea6e6,TN_VARDAH_2016_019905,TN_VARDAH_2016,1,SINGLE_EVENT_BUILDING
694a4a730c07ad27,TN_VARDAH_2016_019956,TN_VARDAH_2016,1,SINGLE_EVENT_BUILDING
a176719b7ada044f,TN_VARDAH_2016_041767,TN_VARDAH_2016,1,SINGLE_EVENT_BUILDING
36ea73989143fd90,TN_VARDAH_2016_066410,TN_VARDAH_2016,1,SINGLE_EVENT_BUILDING
538cb1e5064a5cc4,TN_VARDAH_2016_091154,TN_VARDAH_2016,1,SINGLE_EVENT_BUILDING
2e8b47ee1ba7d5f7,TN_VARDAH_2016_116042,TN_VARDAH_2016,1,SINGLE_EVENT_BUILDING
0b2c7bd7c4a43c79,TN_GAJA_2018_000001,TN_GAJA_2018,1,SINGLE_EVENT_BUILDING
1bf6cdb15de55066,TN_GAJA_2018_000007,TN_GAJA_2018,1,SINGLE_EVENT_BUILDING
3dfca57bd4058d2b,TN_GAJA_2018_006251,TN_GAJA_2018,1,SINGLE_EVENT_BUILDING
94bc6a5e39c4444f,TN_GAJA_2018_010200,TN_GAJA_2018,1,SINGLE_EVENT_BUILDING
13bff53a7c7c0cb9,TN_GAJA_2018_016691,TN_GAJA_2018,1,SINGLE_EVENT_BUILDING
0c4d9d800b6a3e49,TN_GAJA_2018_033170,TN_GAJA_2018,1,SINGLE_EVENT_BUILDING
7b51b69fd8908bc8,TN_GAJA_2018_033217,TN_GAJA_2018,1,SINGLE_EVENT_BUILDING
13fe0a4f4411e9fc,TN_GAJA_2018_046649,TN_GAJA_2018,1,SINGLE_EVENT_BUILDING
f4ff91d7ebda091b,TN_GAJA_2018_054446,TN_GAJA_2018,1,SINGLE_EVENT_BUILDING
f22e464eba9a0706,TN_GAJA_2018_063623,TN_GAJA_2018,1,SINGLE_EVENT_BUILDING
b19805f258b78207,TN_GAJA_2018_000003,TN_GAJA_2018,1,SINGLE_EVENT_BUILDING
b48ae2c607cba467,TN_GAJA_2018_006248,TN_GAJA_2018,1,SINGLE_EVENT_BUILDING
398ff4ad3913293e,TN_GAJA_2018_006269,TN_GAJA_2018,1,SINGLE_EVENT_BUILDING
c277c759777a28a5,TN_GAJA_2018_010247,TN_GAJA_2018,1,SINGLE_EVENT_BUILDING
31d84b0df1c2c88f,TN_GAJA_2018_016681,TN_GAJA_2018,1,SINGLE_EVENT_BUILDING
2ab0c65c91a23aa8,TN_GAJA_2018_016904,TN_GAJA_2018,1,SINGLE_EVENT_BUILDING
0a6e0745bc82c8d0,TN_GAJA_2018_033892,TN_GAJA_2018,1,SINGLE_EVENT_BUILDING
9bffe70b00424221,TN_GAJA_2018_046641,TN_GAJA_2018,1,SINGLE_EVENT_BUILDING
99e6f61b1b7ed958,TN_GAJA_2018_054447,TN_GAJA_2018,1,SINGLE_EVENT_BUILDING
63ba683a4ca23491,TN_GAJA_2018_063621,TN_GAJA_2018,1,SINGLE_EVENT_BUILDING
8cae3d6199b42c98,TN_GAJA_2018_001089,TN_GAJA_2018,1,SINGLE_EVENT_BUILDING
076e33892fbf28da,TN_GAJA_2018_001093,TN_GAJA_2018,1,SINGLE_EVENT_BUILDING
41847ef434010c29,TN_GAJA_2018_011204,TN_GAJA_2018,1,SINGLE_EVENT_BUILDING
0018995c613c4814,TN_GAJA_2018_017083,TN_GAJA_2018,1,SINGLE_EVENT_BUILDING
17afc711e174a674,TN_GAJA_2018_034717,TN_GAJA_2018,1,SINGLE_EVENT_BUILDING
dd71ae74827a1ad5,TN_GAJA_2018_034733,TN_GAJA_2018,1,SINGLE_EVENT_BUILDING
adb626801e782b1e,TN_GAJA_2018_047532,TN_GAJA_2018,1,SINGLE_EVENT_BUILDING
8682214f6a0e44cb,TN_GAJA_2018_054766,TN_GAJA_2018,1,SINGLE_EVENT_BUILDING
b6d02efe9cecfe21,TN_GAJA_2018_064266,TN_GAJA_2018,1,SINGLE_EVENT_BUILDING
215ce932d853d9ff,TN_GAJA_2018_001094,TN_GAJA_2018,1,SINGLE_EVENT_BUILDING
63b5547583660299,TN_GAJA_2018_001097,TN_GAJA_2018,1,SINGLE_EVENT_BUILDING
1210cd6db06e97e2,TN_GAJA_2018_006764,TN_GAJA_2018,1,SINGLE_EVENT_BUILDING
c0799beb35f679f4,TN_GAJA_2018_011220,TN_GAJA_2018,1,SINGLE_EVENT_BUILDING
95ae82a4f57bc714,TN_GAJA_2018_017079,TN_GAJA_2018,1,SINGLE_EVENT_BUILDING
1a4fdb984a5aeeea,TN_GAJA_2018_020419,TN_GAJA_2018,1,SINGLE_EVENT_BUILDING
f9442b071b32702f,TN_GAJA_2018_034730,TN_GAJA_2018,1,SINGLE_EVENT_BUILDING
c456699bcbfbb11f,TN_GAJA_2018_047530,TN_GAJA_2018,1,SINGLE_EVENT_BUILDING
c9ea11e6783b8be4,TN_GAJA_2018_054774,TN_GAJA_2018,1,SINGLE_EVENT_BUILDING
ed16bd24b6362668,TN_GAJA_2018_064278,TN_GAJA_2018,1,SINGLE_EVENT_BUILDING
da08e8c7173fe86e,TN_GAJA_2018_002172,TN_GAJA_2018,1,SINGLE_EVENT_BUILDING
de4eec932d437a5b,TN_GAJA_2018_002173,TN_GAJA_2018,1,SINGLE_EVENT_BUILDING
a8b929f046ebd0e5,TN_GAJA_2018_007816,TN_GAJA_2018,1,SINGLE_EVENT_BUILDING
90cbae4291a59798,TN_GAJA_2018_012082,TN_GAJA_2018,1,SINGLE_EVENT_BUILDING
c10e15ac5e233f32,TN_GAJA_2018_019847,TN_GAJA_2018,1,SINGLE_EVENT_BUILDING
e5ab1ecd810b9742,TN_GAJA_2018_036106,TN_GAJA_2018,1,SINGLE_EVENT_BUILDING
70d80d48845db8ee,TN_GAJA_2018_048489,TN_GAJA_2018,1,SINGLE_EVENT_BUILDING
62d3060062a07c09,TN_GAJA_2018_048482,TN_GAJA_2018,1,SINGLE_EVENT_BUILDING
47e9112484bc3652,TN_GAJA_2018_065040,TN_GAJA_2018,1,SINGLE_EVENT_BUILDING
53a87865af15b8d9,TN_GAJA_2018_002191,TN_GAJA_2018,1,SINGLE_EVENT_BUILDING
261b5d12ae169643,TN_GAJA_2018_008573,TN_GAJA_2018,1,SINGLE_EVENT_BUILDING
1466aba96926f2ca,TN_GAJA_2018_012095,TN_GAJA_2018,1,SINGLE_EVENT_BUILDING
53354c05a2129c7c,TN_GAJA_2018_036108,TN_GAJA_2018,1,SINGLE_EVENT_BUILDING
cdfa8bb4e033ed45,TN_GAJA_2018_037699,TN_GAJA_2018,1,SINGLE_EVENT_BUILDING
a67e5d152eee78dd,TN_GAJA_2018_048505,TN_GAJA_2018,1,SINGLE_EVENT_BUILDING
d460ff142bcc793d,TN_GAJA_2018_055331,TN_GAJA_2018,1,SINGLE_EVENT_BUILDING
e771decd081d9fc6,TN_GAJA_2018_065039,TN_GAJA_2018,1,SINGLE_EVENT_BUILDING
23cb1c2e4b4105b9,TN_GAJA_2018_003844,TN_GAJA_2018,1,SINGLE_EVENT_BUILDING
b804f14793473c95,TN_GAJA_2018_003846,TN_GAJA_2018,1,SINGLE_EVENT_BUILDING
0d499e8f007d15c4,TN_GAJA_2018_008575,TN_GAJA_2018,1,SINGLE_EVENT_BUILDING
fd6ad55ca3766478,TN_GAJA_2018_013554,TN_GAJA_2018,1,SINGLE_EVENT_BUILDING
0ad642e5651f10af,TN_GAJA_2018_023542,TN_GAJA_2018,1,SINGLE_EVENT_BUILDING
209a049dfe297edc,TN_GAJA_2018_037691,TN_GAJA_2018,1,SINGLE_EVENT_BUILDING
a82556837f013549,TN_GAJA_2018_037708,TN_GAJA_2018,1,SINGLE_EVENT_BUILDING
c50764eb5914763f,TN_GAJA_2018_049295,TN_GAJA_2018,1,SINGLE_EVENT_BUILDING
4dce71888192b92c,TN_GAJA_2018_056050,TN_GAJA_2018,1,SINGLE_EVENT_BUILDING
f7928ad790fbff68,TN_GAJA_2018_066025,TN_GAJA_2018,1,SINGLE_EVENT_BUILDING
e1f6c93713a750c4,TN_GAJA_2018_005634,TN_GAJA_2018,1,SINGLE_EVENT_BUILDING
0a9a24a9445f6c16,TN_GAJA_2018_005643,TN_GAJA_2018,1,SINGLE_EVENT_BUILDING
28d9f32ee1b222fa,TN_GAJA_2018_009842,TN_GAJA_2018,1,SINGLE_EVENT_BUILDING
e86a95379645540a,TN_GAJA_2018_014523,TN_GAJA_2018,1,SINGLE_EVENT_BUILDING
404e1fb938bc9ccc,TN_GAJA_2018_028483,TN_GAJA_2018,1,SINGLE_EVENT_BUILDING
27d1cd8922ce387a,TN_GAJA_2018_042652,TN_GAJA_2018,1,SINGLE_EVENT_BUILDING
dafddd8d08c4c265,TN_GAJA_2018_042656,TN_GAJA_2018,1,SINGLE_EVENT_BUILDING
1de342feb1ee538f,TN_GAJA_2018_052775,TN_GAJA_2018,1,SINGLE_EVENT_BUILDING
c04c7a5d18ca522b,TN_GAJA_2018_061038,TN_GAJA_2018,1,SINGLE_EVENT_BUILDING
22c919c480f0d639,TN_GAJA_2018_068999,TN_GAJA_2018,1,SINGLE_EVENT_BUILDING
b981bb723d710955,TN_GAJA_2018_069438,TN_GAJA_2018,1,SINGLE_EVENT_BUILDING
f0b72d9f76ad664a,TN_GAJA_2018_069641,TN_GAJA_2018,1,SINGLE_EVENT_BUILDING
bd24613e19a9ef75,TN_GAJA_2018_010198,TN_GAJA_2018,1,SINGLE_EVENT_BUILDING
e2e853e991791831,TN_GAJA_2018_016678,TN_GAJA_2018,1,SINGLE_EVENT_BUILDING
012bfcfdfbcc676d,TN_GAJA_2018_000012,TN_GAJA_2018,1,SINGLE_EVENT_BUILDING
c32c981c26394fc7,TN_GAJA_2018_006253,TN_GAJA_2018,1,SINGLE_EVENT_BUILDING
f97a7679a03de409,TN_GAJA_2018_010207,TN_GAJA_2018,1,SINGLE_EVENT_BUILDING
902a313599d80145,TN_GAJA_2018_016694,TN_GAJA_2018,1,SINGLE_EVENT_BUILDING
a2353551e8080a3a,TN_GAJA_2018_033171,TN_GAJA_2018,1,SINGLE_EVENT_BUILDING
5c261f7fe28ad4e0,TN_GAJA_2018_033263,TN_GAJA_2018,1,SINGLE_EVENT_BUILDING
fd89b7868f3fbcda,TN_GAJA_2018_046657,TN_GAJA_2018,1,SINGLE_EVENT_BUILDING
13973c15d1bdbd81,TN_GAJA_2018_054451,TN_GAJA_2018,1,SINGLE_EVENT_BUILDING
f0df1f4fb83ad4a1,TN_GAJA_2018_063630,TN_GAJA_2018,1,SINGLE_EVENT_BUILDING
cd030424aba6962c,TN_GAJA_2018_000036,TN_GAJA_2018,1,SINGLE_EVENT_BUILDING
e1ff74d3f8562d6b,TN_GAJA_2018_006249,TN_GAJA_2018,1,SINGLE_EVENT_BUILDING
bfc99525fa8fc66b,TN_GAJA_2018_006275,TN_GAJA_2018,1,SINGLE_EVENT_BUILDING
a005c514f1dddd07,TN_GAJA_2018_010267,TN_GAJA_2018,1,SINGLE_EVENT_BUILDING
b6a7adadedc52c8a,TN_GAJA_2018_016682,TN_GAJA_2018,1,SINGLE_EVENT_BUILDING
0828d5d9218afc55,TN_GAJA_2018_033172,TN_GAJA_2018,1,SINGLE_EVENT_BUILDING
9e9612347f68d773,TN_GAJA_2018_034312,TN_GAJA_2018,1,SINGLE_EVENT_BUILDING
afecd5e5aa17c70c,TN_GAJA_2018_046651,TN_GAJA_2018,1,SINGLE_EVENT_BUILDING
33c8da2481c3398c,TN_GAJA_2018_054448,TN_GAJA_2018,1,SINGLE_EVENT_BUILDING
c696fb21edeb02fb,TN_GAJA_2018_063626,TN_GAJA_2018,1,SINGLE_EVENT_BUILDING
5f633b4694deb369,TN_GAJA_2018_001090,TN_GAJA_2018,1,SINGLE_EVENT_BUILDING
1ec625d715b34dbe,TN_GAJA_2018_001108,TN_GAJA_2018,1,SINGLE_EVENT_BUILDING
56d4ebdfd67a8e4a,TN_GAJA_2018_006768,TN_GAJA_2018,1,SINGLE_EVENT_BUILDING
89e644ba7c48d24f,TN_GAJA_2018_011206,TN_GAJA_2018,1,SINGLE_EVENT_BUILDING
64449b187066a729,TN_GAJA_2018_017089,TN_GAJA_2018,1,SINGLE_EVENT_BUILDING
cbe57c3c438ab473,TN_GAJA_2018_034718,TN_GAJA_2018,1,SINGLE_EVENT_BUILDING
17a7a4f4025fdf89,TN_GAJA_2018_034825,TN_GAJA_2018,1,SINGLE_EVENT_BUILDING
dfda6966c2da4fbc,TN_GAJA_2018_047535,TN_GAJA_2018,1,SINGLE_EVENT_BUILDING
3b363675ae247097,TN_GAJA_2018_054767,TN_GAJA_2018,1,SINGLE_EVENT_BUILDING
009d6b5ebd039194,TN_GAJA_2018_064267,TN_GAJA_2018,1,SINGLE_EVENT_BUILDING
7497027d490acebf,TN_GAJA_2018_001099,TN_GAJA_2018,1,SINGLE_EVENT_BUILDING
85f8e626b7bb8775,TN_GAJA_2018_001117,TN_GAJA_2018,1,SINGLE_EVENT_BUILDING
52446abce41a1f32,TN_GAJA_2018_006770,TN_GAJA_2018,1,SINGLE_EVENT_BUILDING
a54d9c97fead37eb,TN_GAJA_2018_011221,TN_GAJA_2018,1,SINGLE_EVENT_BUILDING
c166e174ec52e1fc,TN_GAJA_2018_023237,TN_GAJA_2018,1,SINGLE_EVENT_BUILDING
a7587bb7fe250f06,TN_GAJA_2018_034739,TN_GAJA_2018,1,SINGLE_EVENT_BUILDING
dc53b12a4b331d12,TN_GAJA_2018_047538,TN_GAJA_2018,1,SINGLE_EVENT_BUILDING
3f8e7f424d9f28b8,TN_GAJA_2018_054784,TN_GAJA_2018,1,SINGLE_EVENT_BUILDING
c01190b9a6622693,TN_GAJA_2018_064286,TN_GAJA_2018,1,SINGLE_EVENT_BUILDING
4c43e31f1a5153f4,TN_GAJA_2018_002181,TN_GAJA_2018,1,SINGLE_EVENT_BUILDING
27ef1bcc1d3b698f,TN_GAJA_2018_002178,TN_GAJA_2018,1,SINGLE_EVENT_BUILDING
8bdc4f1d64c837e5,TN_GAJA_2018_007817,TN_GAJA_2018,1,SINGLE_EVENT_BUILDING
5261cb788a6df3e3,TN_GAJA_2018_012085,TN_GAJA_2018,1,SINGLE_EVENT_BUILDING
5aaf5f1172d27703,TN_GAJA_2018_019849,TN_GAJA_2018,1,SINGLE_EVENT_BUILDING
fb019f9616320792,TN_GAJA_2018_036107,TN_GAJA_2018,1,SINGLE_EVENT_BUILDING
6c5b43abd8c5eb7c,TN_GAJA_2018_048490,TN_GAJA_2018,1,SINGLE_EVENT_BUILDING
09561445149eaf1c,TN_GAJA_2018_048485,TN_GAJA_2018,1,SINGLE_EVENT_BUILDING
c0900d53c1fc94d2,TN_GAJA_2018_055297,TN_GAJA_2018,1,SINGLE_EVENT_BUILDING
6d3d2d08f4da1d86,TN_GAJA_2018_065044,TN_GAJA_2018,1,SINGLE_EVENT_BUILDING
bbe5360a8600c110,TN_GAJA_2018_002210,TN_GAJA_2018,1,SINGLE_EVENT_BUILDING
4545b78755326740,TN_GAJA_2018_002198,TN_GAJA_2018,1,SINGLE_EVENT_BUILDING
4415b961ccf3de54,TN_GAJA_2018_008577,TN_GAJA_2018,1,SINGLE_EVENT_BUILDING
50b0b85fbc195ea7,TN_GAJA_2018_012107,TN_GAJA_2018,1,SINGLE_EVENT_BUILDING
009b94f6eac0263f,TN_GAJA_2018_019856,TN_GAJA_2018,1,SINGLE_EVENT_BUILDING
a07806f661d6e6d6,TN_GAJA_2018_036111,TN_GAJA_2018,1,SINGLE_EVENT_BUILDING
d3fc0a16bc85a410,TN_GAJA_2018_037725,TN_GAJA_2018,1,SINGLE_EVENT_BUILDING
30feee6b85a3b4bd,TN_GAJA_2018_048513,TN_GAJA_2018,1,SINGLE_EVENT_BUILDING
5555a9e5f4dc99ae,TN_GAJA_2018_055398,TN_GAJA_2018,1,SINGLE_EVENT_BUILDING
3e4f35250f6c81f8,TN_GAJA_2018_065054,TN_GAJA_2018,1,SINGLE_EVENT_BUILDING
2b9de60c59ef92dd,TN_GAJA_2018_003845,TN_GAJA_2018,1,SINGLE_EVENT_BUILDING
6d7f5f31c9b7a7fa,TN_GAJA_2018_003848,TN_GAJA_2018,1,SINGLE_EVENT_BUILDING
630ba16a748eaa54,TN_GAJA_2018_008576,TN_GAJA_2018,1,SINGLE_EVENT_BUILDING
48ba27131efb03d9,TN_GAJA_2018_013568,TN_GAJA_2018,1,SINGLE_EVENT_BUILDING
60c4c4eb7b0db924,TN_GAJA_2018_023543,TN_GAJA_2018,1,SINGLE_EVENT_BUILDING
af82ab62b2234aa0,TN_GAJA_2018_037692,TN_GAJA_2018,1,SINGLE_EVENT_BUILDING
41181609e6470668,TN_GAJA_2018_037714,TN_GAJA_2018,1,SINGLE_EVENT_BUILDING
25c2fd50fa0125d3,TN_GAJA_2018_049298,TN_GAJA_2018,1,SINGLE_EVENT_BUILDING
7af20219791080ad,TN_GAJA_2018_056051,TN_GAJA_2018,1,SINGLE_EVENT_BUILDING
7333b29d0b3dd613,TN_GAJA_2018_066026,TN_GAJA_2018,1,SINGLE_EVENT_BUILDING
a0f4cec5979c3e4a,TN_GAJA_2018_005635,TN_GAJA_2018,1,SINGLE_EVENT_BUILDING
4631f9a8d46face3,TN_GAJA_2018_005657,TN_GAJA_2018,1,SINGLE_EVENT_BUILDING
cde79e7ea2c55ad4,TN_GAJA_2018_009850,TN_GAJA_2018,1,SINGLE_EVENT_BUILDING
0182fd499baf8244,TN_GAJA_2018_014524,TN_GAJA_2018,1,SINGLE_EVENT_BUILDING
b332100fe53bfc08,TN_GAJA_2018_028484,TN_GAJA_2018,1,SINGLE_EVENT_BUILDING
f9df68b4a1cfc5a9,TN_GAJA_2018_042653,TN_GAJA_2018,1,SINGLE_EVENT_BUILDING
8abafd5f0cf14fc8,TN_GAJA_2018_042682,TN_GAJA_2018,1,SINGLE_EVENT_BUILDING
5cf0bd33fa37b4a0,TN_GAJA_2018_052776,TN_GAJA_2018,1,SINGLE_EVENT_BUILDING
ff15b81758ab8701,TN_GAJA_2018_061039,TN_GAJA_2018,1,SINGLE_EVENT_BUILDING
a4643fba7c8cf7de,TN_GAJA_2018_069008,TN_GAJA_2018,1,SINGLE_EVENT_BUILDING
3f90d8a9ce786c1a,TN_GAJA_2018_069642,TN_GAJA_2018,1,SINGLE_EVENT_BUILDING
1e126da1dc8da636,TN_GAJA_2018_016679,TN_GAJA_2018,1,SINGLE_EVENT_BUILDING
86f94e8a60117d7c,TN_GAJA_2018_000004,TN_GAJA_2018,1,SINGLE_EVENT_BUILDING
9ce650383c265fc0,TN_GAJA_2018_006255,TN_GAJA_2018,1,SINGLE_EVENT_BUILDING
7fc3f47ddefe7e8a,TN_GAJA_2018_010209,TN_GAJA_2018,1,SINGLE_EVENT_BUILDING
90823bef2cfb7874,TN_GAJA_2018_016695,TN_GAJA_2018,1,SINGLE_EVENT_BUILDING
a27b3d295850b593,TN_GAJA_2018_033173,TN_GAJA_2018,1,SINGLE_EVENT_BUILDING
6966a288b1803da7,TN_GAJA_2018_033353,TN_GAJA_2018,1,SINGLE_EVENT_BUILDING
53225c11f5a75e5f,TN_GAJA_2018_046664,TN_GAJA_2018,1,SINGLE_EVENT_BUILDING
e053ed1e3d87cdd1,TN_GAJA_2018_054452,TN_GAJA_2018,1,SINGLE_EVENT_BUILDING
368f96a1c4e80e86,TN_GAJA_2018_063631,TN_GAJA_2018,1,SINGLE_EVENT_BUILDING
8e0b52e05420f17f,TN_GAJA_2018_000047,TN_GAJA_2018,1,SINGLE_EVENT_BUILDING
e24c80740f7635a9,TN_GAJA_2018_006250,TN_GAJA_2018,1,SINGLE_EVENT_BUILDING
58f0777c71c671b3,TN_GAJA_2018_006285,TN_GAJA_2018,1,SINGLE_EVENT_BUILDING
f46693679e77be9e,TN_GAJA_2018_010270,TN_GAJA_2018,1,SINGLE_EVENT_BUILDING
60776960fd8e2c5e,TN_GAJA_2018_016696,TN_GAJA_2018,1,SINGLE_EVENT_BUILDING
775e55b52fd66ffb,TN_GAJA_2018_033174,TN_GAJA_2018,1,SINGLE_EVENT_BUILDING
c1d1fa9398402266,TN_GAJA_2018_046646,TN_GAJA_2018,1,SINGLE_EVENT_BUILDING
45991b11559f712b,TN_GAJA_2018_046653,TN_GAJA_2018,1,SINGLE_EVENT_BUILDING
c8079d3b1e276418,TN_GAJA_2018_054449,TN_GAJA_2018,1,SINGLE_EVENT_BUILDING
f82dce5635961322,TN_GAJA_2018_063627,TN_GAJA_2018,1,SINGLE_EVENT_BUILDING
a87c95a431a717c4,TN_GAJA_2018_001091,TN_GAJA_2018,1,SINGLE_EVENT_BUILDING
62068577d8639938,TN_GAJA_2018_001115,TN_GAJA_2018,1,SINGLE_EVENT_BUILDING
2b54496c53d96d6d,TN_GAJA_2018_006769,TN_GAJA_2018,1,SINGLE_EVENT_BUILDING
694d7deae23f35cb,TN_GAJA_2018_011211,TN_GAJA_2018,1,SINGLE_EVENT_BUILDING
316c4591b526dc25,TN_GAJA_2018_017095,TN_GAJA_2018,1,SINGLE_EVENT_BUILDING
3cbc2f799ec87cf6,TN_GAJA_2018_034827,TN_GAJA_2018,1,SINGLE_EVENT_BUILDING
e6898314c117a6a2,TN_GAJA_2018_047536,TN_GAJA_2018,1,SINGLE_EVENT_BUILDING
227e2a627d1bde90,TN_GAJA_2018_054768,TN_GAJA_2018,1,SINGLE_EVENT_BUILDING
07b9671254e88b29,TN_GAJA_2018_064271,TN_GAJA_2018,1,SINGLE_EVENT_BUILDING
c0b41edcd3e0182c,TN_GAJA_2018_001101,TN_GAJA_2018,1,SINGLE_EVENT_BUILDING
9828d8ed58168649,TN_GAJA_2018_001159,TN_GAJA_2018,1,SINGLE_EVENT_BUILDING
1ba01895d0c153bc,TN_GAJA_2018_006772,TN_GAJA_2018,1,SINGLE_EVENT_BUILDING
7a859d5cd9177e4c,TN_GAJA_2018_011225,TN_GAJA_2018,1,SINGLE_EVENT_BUILDING
634463446b8db8eb,TN_GAJA_2018_017082,TN_GAJA_2018,1,SINGLE_EVENT_BUILDING
86b6890f4e88f310,TN_GAJA_2018_034724,TN_GAJA_2018,1,SINGLE_EVENT_BUILDING
bd5c0fed1aa8c6dc,TN_GAJA_2018_034782,TN_GAJA_2018,1,SINGLE_EVENT_BUILDING
08f749ff664c9adf,TN_GAJA_2018_047540,TN_GAJA_2018,1,SINGLE_EVENT_BUILDING
0f430f3c66ba6ff9,TN_GAJA_2018_054799,TN_GAJA_2018,1,SINGLE_EVENT_BUILDING
158a8fe480f28ac8,TN_GAJA_2018_064293,TN_GAJA_2018,1,SINGLE_EVENT_BUILDING
8d630432a69171f9,TN_GAJA_2018_002196,TN_GAJA_2018,1,SINGLE_EVENT_BUILDING
75289f4e6ee0e63f,TN_GAJA_2018_007818,TN_GAJA_2018,1,SINGLE_EVENT_BUILDING
e45ee37c7598077d,TN_GAJA_2018_012087,TN_GAJA_2018,1,SINGLE_EVENT_BUILDING
12af6940ab419cef,TN_GAJA_2018_019850,TN_GAJA_2018,1,SINGLE_EVENT_BUILDING
d0bc3ac0134a789d,TN_GAJA_2018_036109,TN_GAJA_2018,1,SINGLE_EVENT_BUILDING
6f0b0a928777046e,TN_GAJA_2018_048494,TN_GAJA_2018,1,SINGLE_EVENT_BUILDING
dff2f432c0ef96fd,TN_GAJA_2018_048486,TN_GAJA_2018,1,SINGLE_EVENT_BUILDING
21b661777956493a,TN_GAJA_2018_055300,TN_GAJA_2018,1,SINGLE_EVENT_BUILDING
01097e4cee5903c1,TN_GAJA_2018_065045,TN_GAJA_2018,1,SINGLE_EVENT_BUILDING
82fffd1533c8cd58,TN_GAJA_2018_002248,TN_GAJA_2018,1,SINGLE_EVENT_BUILDING
dc79f9ca6b361b52,TN_GAJA_2018_002215,TN_GAJA_2018,1,SINGLE_EVENT_BUILDING
cce5cc9c52d34230,TN_GAJA_2018_008579,TN_GAJA_2018,1,SINGLE_EVENT_BUILDING
481fa4074ab37ac7,TN_GAJA_2018_012114,TN_GAJA_2018,1,SINGLE_EVENT_BUILDING
008e222ae99904e6,TN_GAJA_2018_019860,TN_GAJA_2018,1,SINGLE_EVENT_BUILDING
f0c1e3fed23fbae7,TN_GAJA_2018_036114,TN_GAJA_2018,1,SINGLE_EVENT_BUILDING
503a26b63bbe8be9,TN_GAJA_2018_037747,TN_GAJA_2018,1,SINGLE_EVENT_BUILDING
55e7ac22e527132d,TN_GAJA_2018_048528,TN_GAJA_2018,1,SINGLE_EVENT_BUILDING
e3d33c549c9946e0,TN_GAJA_2018_055432,TN_GAJA_2018,1,SINGLE_EVENT_BUILDING
f4ade77c0a429325,TN_GAJA_2018_065056,TN_GAJA_2018,1,SINGLE_EVENT_BUILDING
f92e77ac32a24c85,TN_GAJA_2018_003849,TN_GAJA_2018,1,SINGLE_EVENT_BUILDING
211637bcf11751dd,TN_GAJA_2018_003852,TN_GAJA_2018,1,SINGLE_EVENT_BUILDING
1bb2a0f40e5a3f16,TN_GAJA_2018_008578,TN_GAJA_2018,1,SINGLE_EVENT_BUILDING
4b742902134417cd,TN_GAJA_2018_013588,TN_GAJA_2018,1,SINGLE_EVENT_BUILDING
ed899a9c8794c8bb,TN_GAJA_2018_023544,TN_GAJA_2018,1,SINGLE_EVENT_BUILDING
28476bbaea36b906,TN_GAJA_2018_037693,TN_GAJA_2018,1,SINGLE_EVENT_BUILDING
7b5775c4d61aa27d,TN_GAJA_2018_037723,TN_GAJA_2018,1,SINGLE_EVENT_BUILDING
aa4bdff0c9c071ed,TN_GAJA_2018_049305,TN_GAJA_2018,1,SINGLE_EVENT_BUILDING
b09aa04061675fb0,TN_GAJA_2018_056052,TN_GAJA_2018,1,SINGLE_EVENT_BUILDING
4bd11b5a37c41d36,TN_GAJA_2018_066027,TN_GAJA_2018,1,SINGLE_EVENT_BUILDING
773e14e0655da367,TN_GAJA_2018_005638,TN_GAJA_2018,1,SINGLE_EVENT_BUILDING
445c77976625b7c2,TN_GAJA_2018_005665,TN_GAJA_2018,1,SINGLE_EVENT_BUILDING
1991a1197c8acd0a,TN_GAJA_2018_009851,TN_GAJA_2018,1,SINGLE_EVENT_BUILDING
e70723a282bb3d98,TN_GAJA_2018_014525,TN_GAJA_2018,1,SINGLE_EVENT_BUILDING
f337ca9c4f6bf5cc,TN_GAJA_2018_028486,TN_GAJA_2018,1,SINGLE_EVENT_BUILDING
320f00aa841a341c,TN_GAJA_2018_042657,TN_GAJA_2018,1,SINGLE_EVENT_BUILDING
ad71a9399d2d6881,TN_GAJA_2018_042683,TN_GAJA_2018,1,SINGLE_EVENT_BUILDING
18ecd8c583bf7bbb,TN_GAJA_2018_052784,TN_GAJA_2018,1,SINGLE_EVENT_BUILDING
2056e37c3f2b0032,TN_GAJA_2018_061040,TN_GAJA_2018,1,SINGLE_EVENT_BUILDING
f9b234bd1ba1e404,TN_GAJA_2018_069009,TN_GAJA_2018,1,SINGLE_EVENT_BUILDING
47bf163d9fd0b067,TN_GAJA_2018_033169,TN_GAJA_2018,1,SINGLE_EVENT_BUILDING
595ea12656959f04,TN_GAJA_2018_000005,TN_GAJA_2018,1,SINGLE_EVENT_BUILDING
8983500337ec86a7,TN_GAJA_2018_000022,TN_GAJA_2018,1,SINGLE_EVENT_BUILDING
81db5562fb91af82,TN_GAJA_2018_006257,TN_GAJA_2018,1,SINGLE_EVENT_BUILDING
d504f5990c37e35f,TN_GAJA_2018_010214,TN_GAJA_2018,1,SINGLE_EVENT_BUILDING
14c13d09d77a2917,TN_GAJA_2018_016697,TN_GAJA_2018,1,SINGLE_EVENT_BUILDING
0dacaaec47059b79,TN_GAJA_2018_033180,TN_GAJA_2018,1,SINGLE_EVENT_BUILDING
56eb8e0b68ced094,TN_GAJA_2018_033395,TN_GAJA_2018,1,SINGLE_EVENT_BUILDING
9c0dde10645aa2fc,TN_GAJA_2018_046671,TN_GAJA_2018,1,SINGLE_EVENT_BUILDING
1d659d60c25acdac,TN_GAJA_2018_054459,TN_GAJA_2018,1,SINGLE_EVENT_BUILDING
897864753bc2d559,TN_GAJA_2018_063632,TN_GAJA_2018,1,SINGLE_EVENT_BUILDING
e2aed362a7ef7cb1,TN_GAJA_2018_000048,TN_GAJA_2018,1,SINGLE_EVENT_BUILDING
6fb705d1d39d05ea,TN_GAJA_2018_006252,TN_GAJA_2018,1,SINGLE_EVENT_BUILDING
cf75e09e8c3cdc2e,TN_GAJA_2018_006307,TN_GAJA_2018,1,SINGLE_EVENT_BUILDING
f3da640409af8799,TN_GAJA_2018_010281,TN_GAJA_2018,1,SINGLE_EVENT_BUILDING
6148e8546a1d2bf3,TN_GAJA_2018_016698,TN_GAJA_2018,1,SINGLE_EVENT_BUILDING
e9770131e991ff36,TN_GAJA_2018_033175,TN_GAJA_2018,1,SINGLE_EVENT_BUILDING
e07ef642d5665502,TN_GAJA_2018_046650,TN_GAJA_2018,1,SINGLE_EVENT_BUILDING
32663ae32599c1af,TN_GAJA_2018_046655,TN_GAJA_2018,1,SINGLE_EVENT_BUILDING
b745cf58cd35298a,TN_GAJA_2018_063628,TN_GAJA_2018,1,SINGLE_EVENT_BUILDING
ae56826079e2f381,TN_GAJA_2018_001092,TN_GAJA_2018,1,SINGLE_EVENT_BUILDING
38873f6a38d5b625,TN_GAJA_2018_001122,TN_GAJA_2018,1,SINGLE_EVENT_BUILDING
d1a4ec07a9edbd39,TN_GAJA_2018_006776,TN_GAJA_2018,1,SINGLE_EVENT_BUILDING
08c4fbd2781700ec,TN_GAJA_2018_011222,TN_GAJA_2018,1,SINGLE_EVENT_BUILDING
2be4f10ba666eab8,TN_GAJA_2018_017097,TN_GAJA_2018,1,SINGLE_EVENT_BUILDING
59cb79dacab481d8,TN_GAJA_2018_034720,TN_GAJA_2018,1,SINGLE_EVENT_BUILDING
18b4d1f80849c66c,TN_GAJA_2018_034832,TN_GAJA_2018,1,SINGLE_EVENT_BUILDING
001cd7f11657c406,TN_GAJA_2018_047537,TN_GAJA_2018,1,SINGLE_EVENT_BUILDING
b3c33038739b976f,TN_GAJA_2018_054769,TN_GAJA_2018,1,SINGLE_EVENT_BUILDING
52d3d8a9c1de06fc,TN_GAJA_2018_064274,TN_GAJA_2018,1,SINGLE_EVENT_BUILDING
d74c59eebb1a7185,TN_GAJA_2018_001102,TN_GAJA_2018,1,SINGLE_EVENT_BUILDING
6f8bec955e66d359,TN_GAJA_2018_001165,TN_GAJA_2018,1,SINGLE_EVENT_BUILDING
c99cdc77338f821a,TN_GAJA_2018_006773,TN_GAJA_2018,1,SINGLE_EVENT_BUILDING
40f13b7b053111c4,TN_GAJA_2018_011233,TN_GAJA_2018,1,SINGLE_EVENT_BUILDING
bb76fe16ad5bbe98,TN_GAJA_2018_017084,TN_GAJA_2018,1,SINGLE_EVENT_BUILDING
fb668b10bb8aa7c8,TN_GAJA_2018_034726,TN_GAJA_2018,1,SINGLE_EVENT_BUILDING
240fd7e7a60db4f5,TN_GAJA_2018_034806,TN_GAJA_2018,1,SINGLE_EVENT_BUILDING
9da5d8acc25bd438,TN_GAJA_2018_047560,TN_GAJA_2018,1,SINGLE_EVENT_BUILDING
098bf0540392c35b,TN_GAJA_2018_054807,TN_GAJA_2018,1,SINGLE_EVENT_BUILDING
0b39d7425ac9c75b,TN_GAJA_2018_064323,TN_GAJA_2018,1,SINGLE_EVENT_BUILDING
ebf92c6ae649e9bc,TN_GAJA_2018_002186,TN_GAJA_2018,1,SINGLE_EVENT_BUILDING
52bc24c65195bb5d,TN_GAJA_2018_002235,TN_GAJA_2018,1,SINGLE_EVENT_BUILDING
fd936b2872172c60,TN_GAJA_2018_007819,TN_GAJA_2018,1,SINGLE_EVENT_BUILDING
9fff9d835465afba,TN_GAJA_2018_012088,TN_GAJA_2018,1,SINGLE_EVENT_BUILDING
7ff9581506b0bc69,TN_GAJA_2018_019851,TN_GAJA_2018,1,SINGLE_EVENT_BUILDING
873136e1a315e2e8,TN_GAJA_2018_036110,TN_GAJA_2018,1,SINGLE_EVENT_BUILDING
3f7d0b7e422c8a66,TN_GAJA_2018_048496,TN_GAJA_2018,1,SINGLE_EVENT_BUILDING
043f09cc76000eaf,TN_GAJA_2018_048491,TN_GAJA_2018,1,SINGLE_EVENT_BUILDING
7b19df48459fa38b,TN_GAJA_2018_055301,TN_GAJA_2018,1,SINGLE_EVENT_BUILDING
6cfdb0ecca47cf64,TN_GAJA_2018_065049,TN_GAJA_2018,1,SINGLE_EVENT_BUILDING
a0178a71dfa5ad86,TN_GAJA_2018_002275,TN_GAJA_2018,1,SINGLE_EVENT_BUILDING
600570eb0acdb69c,TN_GAJA_2018_002241,TN_GAJA_2018,1,SINGLE_EVENT_BUILDING
7ea4740381124132,TN_GAJA_2018_008583,TN_GAJA_2018,1,SINGLE_EVENT_BUILDING
94c651c114b4afda,TN_GAJA_2018_012136,TN_GAJA_2018,1,SINGLE_EVENT_BUILDING
ba81d4f2d3c30e22,TN_GAJA_2018_019866,TN_GAJA_2018,1,SINGLE_EVENT_BUILDING
6ed1d96d2db91ad7,TN_GAJA_2018_036115,TN_GAJA_2018,1,SINGLE_EVENT_BUILDING
f455084bb9fe8f0d,TN_GAJA_2018_037796,TN_GAJA_2018,1,SINGLE_EVENT_BUILDING
dec4f1322c338002,TN_GAJA_2018_048534,TN_GAJA_2018,1,SINGLE_EVENT_BUILDING
c2281bfef2e5de8e,TN_GAJA_2018_055454,TN_GAJA_2018,1,SINGLE_EVENT_BUILDING
e6e8a2026756fdba,TN_GAJA_2018_065065,TN_GAJA_2018,1,SINGLE_EVENT_BUILDING
98843f7ccfe42557,TN_GAJA_2018_003850,TN_GAJA_2018,1,SINGLE_EVENT_BUILDING
cbc5f0719ec06c7f,TN_GAJA_2018_003854,TN_GAJA_2018,1,SINGLE_EVENT_BUILDING
f1f8be10d5a1d1b2,TN_GAJA_2018_013609,TN_GAJA_2018,1,SINGLE_EVENT_BUILDING
ec8c99843461fadc,TN_GAJA_2018_023547,TN_GAJA_2018,1,SINGLE_EVENT_BUILDING
76e58c75749d3b6a,TN_GAJA_2018_037694,TN_GAJA_2018,1,SINGLE_EVENT_BUILDING
2ae513e446e9fd09,TN_GAJA_2018_037730,TN_GAJA_2018,1,SINGLE_EVENT_BUILDING
19957d0fa7c6208e,TN_GAJA_2018_049312,TN_GAJA_2018,1,SINGLE_EVENT_BUILDING
45e99b45f643f2d2,TN_GAJA_2018_056053,TN_GAJA_2018,1,SINGLE_EVENT_BUILDING
bf5c9fc566278f30,TN_GAJA_2018_066029,TN_GAJA_2018,1,SINGLE_EVENT_BUILDING
92a632e2d9eda59c,TN_GAJA_2018_005648,TN_GAJA_2018,1,SINGLE_EVENT_BUILDING
bd293543d85afc4b,TN_GAJA_2018_005668,TN_GAJA_2018,1,SINGLE_EVENT_BUILDING
864f997952e24e28,TN_GAJA_2018_009877,TN_GAJA_2018,1,SINGLE_EVENT_BUILDING
9f24f5fb8651daa7,TN_GAJA_2018_014527,TN_GAJA_2018,1,SINGLE_EVENT_BUILDING
0c71f94f68203779,TN_GAJA_2018_028487,TN_GAJA_2018,1,SINGLE_EVENT_BUILDING
a62ff04688d4a376,TN_GAJA_2018_042658,TN_GAJA_2018,1,SINGLE_EVENT_BUILDING
1df1b56d42efcba3,TN_GAJA_2018_042699,TN_GAJA_2018,1,SINGLE_EVENT_BUILDING
27492c0a1113ccd3,TN_GAJA_2018_052785,TN_GAJA_2018,1,SINGLE_EVENT_BUILDING
8f457f936d1d398c,TN_GAJA_2018_061041,TN_GAJA_2018,1,SINGLE_EVENT_BUILDING
4c84dc3da421b6a4,TN_GAJA_2018_069015,TN_GAJA_2018,1,SINGLE_EVENT_BUILDING
eb9888f43e7eaea5,TN_GAJA_2018_000006,TN_GAJA_2018,1,SINGLE_EVENT_BUILDING
782e3418c614d49d,TN_GAJA_2018_000026,TN_GAJA_2018,1,SINGLE_EVENT_BUILDING
cf0cf11d8a6677d2,TN_GAJA_2018_006258,TN_GAJA_2018,1,SINGLE_EVENT_BUILDING
b4e263794d2ad3d4,TN_GAJA_2018_010221,TN_GAJA_2018,1,SINGLE_EVENT_BUILDING
7821f6b2dcdd2941,TN_GAJA_2018_016699,TN_GAJA_2018,1,SINGLE_EVENT_BUILDING
bee8779fd14012c4,TN_GAJA_2018_033181,TN_GAJA_2018,1,SINGLE_EVENT_BUILDING
f5ea226881092b71,TN_GAJA_2018_033399,TN_GAJA_2018,1,SINGLE_EVENT_BUILDING
2e6377d4c8cd0952,TN_GAJA_2018_046675,TN_GAJA_2018,1,SINGLE_EVENT_BUILDING
1d35d799727f8ab6,TN_GAJA_2018_054464,TN_GAJA_2018,1,SINGLE_EVENT_BUILDING
f2ff40abb5e2adf6,TN_GAJA_2018_063635,TN_GAJA_2018,1,SINGLE_EVENT_BUILDING
4fa3beba5238e1c4,TN_GAJA_2018_000050,TN_GAJA_2018,1,SINGLE_EVENT_BUILDING
4c533c2dbe5c7493,TN_GAJA_2018_006256,TN_GAJA_2018,1,SINGLE_EVENT_BUILDING
cde31af9e037f607,TN_GAJA_2018_006320,TN_GAJA_2018,1,SINGLE_EVENT_BUILDING
b00a36227f4fd655,TN_GAJA_2018_010285,TN_GAJA_2018,1,SINGLE_EVENT_BUILDING
5fbda22764ea2719,TN_GAJA_2018_016700,TN_GAJA_2018,1,SINGLE_EVENT_BUILDING
ee7838645eea9a76,TN_GAJA_2018_033176,TN_GAJA_2018,1,SINGLE_EVENT_BUILDING
adf32f8719f9309a,TN_GAJA_2018_046656,TN_GAJA_2018,1,SINGLE_EVENT_BUILDING
ce8420a5f8de8161,TN_GAJA_2018_046660,TN_GAJA_2018,1,SINGLE_EVENT_BUILDING
1c4bbc027e741511,TN_GAJA_2018_054453,TN_GAJA_2018,1,SINGLE_EVENT_BUILDING
75157400315c17fc,TN_GAJA_2018_063638,TN_GAJA_2018,1,SINGLE_EVENT_BUILDING
a91178ece3f739de,TN_GAJA_2018_001095,TN_GAJA_2018,1,SINGLE_EVENT_BUILDING
85c96d6c26011404,TN_GAJA_2018_001127,TN_GAJA_2018,1,SINGLE_EVENT_BUILDING
31c8bf60309da3df,TN_GAJA_2018_006778,TN_GAJA_2018,1,SINGLE_EVENT_BUILDING
a1c5f99851b665c8,TN_GAJA_2018_011226,TN_GAJA_2018,1,SINGLE_EVENT_BUILDING
8ff5714b33d75fad,TN_GAJA_2018_017099,TN_GAJA_2018,1,SINGLE_EVENT_BUILDING
00b5dd70a273ae76,TN_GAJA_2018_034721,TN_GAJA_2018,1,SINGLE_EVENT_BUILDING
33087a5384dc912d,TN_GAJA_2018_034962,TN_GAJA_2018,1,SINGLE_EVENT_BUILDING
8014c8a3c593223e,TN_GAJA_2018_047544,TN_GAJA_2018,1,SINGLE_EVENT_BUILDING
44a27186c8583d33,TN_GAJA_2018_054770,TN_GAJA_2018,1,SINGLE_EVENT_BUILDING
2ab6307640ee108a,TN_GAJA_2018_064275,TN_GAJA_2018,1,SINGLE_EVENT_BUILDING
ee674f8f60fc26f5,TN_GAJA_2018_001104,TN_GAJA_2018,1,SINGLE_EVENT_BUILDING
6080242e6970384e,TN_GAJA_2018_001200,TN_GAJA_2018,1,SINGLE_EVENT_BUILDING
ede67c0e6320884d,TN_GAJA_2018_006775,TN_GAJA_2018,1,SINGLE_EVENT_BUILDING
0226178df65ed54e,TN_GAJA_2018_011237,TN_GAJA_2018,1,SINGLE_EVENT_BUILDING
8ade2404b645ab71,TN_GAJA_2018_017086,TN_GAJA_2018,1,SINGLE_EVENT_BUILDING
ba662dcddebae265,TN_GAJA_2018_034732,TN_GAJA_2018,1,SINGLE_EVENT_BUILDING
a46afe2b89539167,TN_GAJA_2018_034813,TN_GAJA_2018,1,SINGLE_EVENT_BUILDING
2773641cfb79275e,TN_GAJA_2018_047575,TN_GAJA_2018,1,SINGLE_EVENT_BUILDING
bcdbbdbac36fb0ea,TN_GAJA_2018_054824,TN_GAJA_2018,1,SINGLE_EVENT_BUILDING
4b2b5a923170502a,TN_GAJA_2018_064336,TN_GAJA_2018,1,SINGLE_EVENT_BUILDING
dc222f392c8fd5d1,TN_GAJA_2018_002190,TN_GAJA_2018,1,SINGLE_EVENT_BUILDING
cd40d3d752a8accf,TN_GAJA_2018_002244,TN_GAJA_2018,1,SINGLE_EVENT_BUILDING
30f6ff8f7a083d72,TN_GAJA_2018_007821,TN_GAJA_2018,1,SINGLE_EVENT_BUILDING
155b1e1ca0cf103f,TN_GAJA_2018_012089,TN_GAJA_2018,1,SINGLE_EVENT_BUILDING
dac09be67b3b4e07,TN_GAJA_2018_019853,TN_GAJA_2018,1,SINGLE_EVENT_BUILDING
7d772048d5736978,TN_GAJA_2018_036112,TN_GAJA_2018,1,SINGLE_EVENT_BUILDING
85ac6f00bd3d11be,TN_GAJA_2018_048497,TN_GAJA_2018,1,SINGLE_EVENT_BUILDING
a4c8c0c4252680e3,TN_GAJA_2018_048492,TN_GAJA_2018,1,SINGLE_EVENT_BUILDING
1b9d36cd703d2a58,TN_GAJA_2018_055302,TN_GAJA_2018,1,SINGLE_EVENT_BUILDING
3144d0c0023132ea,TN_GAJA_2018_065051,TN_GAJA_2018,1,SINGLE_EVENT_BUILDING
cace623d04bcceca,TN_GAJA_2018_002344,TN_GAJA_2018,1,SINGLE_EVENT_BUILDING
0f41923a2a7bdd56,TN_GAJA_2018_002245,TN_GAJA_2018,1,SINGLE_EVENT_BUILDING
aef964b6caca0391,TN_GAJA_2018_008588,TN_GAJA_2018,1,SINGLE_EVENT_BUILDING
e6c7e27d9fa49a07,TN_GAJA_2018_012138,TN_GAJA_2018,1,SINGLE_EVENT_BUILDING
b04316c728aa1df5,TN_GAJA_2018_019875,TN_GAJA_2018,1,SINGLE_EVENT_BUILDING
432a434af4db45f1,TN_GAJA_2018_036118,TN_GAJA_2018,1,SINGLE_EVENT_BUILDING
bcf6c836574677d9,TN_GAJA_2018_037849,TN_GAJA_2018,1,SINGLE_EVENT_BUILDING
d92aa016a1505a66,TN_GAJA_2018_055458,TN_GAJA_2018,1,SINGLE_EVENT_BUILDING
c9abd146ce6f9e14,TN_GAJA_2018_065070,TN_GAJA_2018,1,SINGLE_EVENT_BUILDING
e956f2b98eb3afdd,TN_GAJA_2018_003851,TN_GAJA_2018,1,SINGLE_EVENT_BUILDING
c9e633facd6f60bb,TN_GAJA_2018_003858,TN_GAJA_2018,1,SINGLE_EVENT_BUILDING
227a8a4607cb3c47,TN_GAJA_2018_008585,TN_GAJA_2018,1,SINGLE_EVENT_BUILDING
93d0e76d808fd7bf,TN_GAJA_2018_013626,TN_GAJA_2018,1,SINGLE_EVENT_BUILDING
d727345fc1e1f3f7,TN_GAJA_2018_023549,TN_GAJA_2018,1,SINGLE_EVENT_BUILDING
27c490258249e513,TN_GAJA_2018_037697,TN_GAJA_2018,1,SINGLE_EVENT_BUILDING
75b5b03d1559483a,TN_GAJA_2018_037731,TN_GAJA_2018,1,SINGLE_EVENT_BUILDING
de55efc424dffe4e,TN_GAJA_2018_049313,TN_GAJA_2018,1,SINGLE_EVENT_BUILDING
e2aaf6419047d764,TN_GAJA_2018_066033,TN_GAJA_2018,1,SINGLE_EVENT_BUILDING
782ff0b4e61e31c3,TN_GAJA_2018_005649,TN_GAJA_2018,1,SINGLE_EVENT_BUILDING
400c0b2b718dd29e,TN_GAJA_2018_005669,TN_GAJA_2018,1,SINGLE_EVENT_BUILDING
2da467336299f832,TN_GAJA_2018_009904,TN_GAJA_2018,1,SINGLE_EVENT_BUILDING
0825f8dbee74e1ab,TN_GAJA_2018_014530,TN_GAJA_2018,1,SINGLE_EVENT_BUILDING
e23d808bea4d5456,TN_GAJA_2018_028488,TN_GAJA_2018,1,SINGLE_EVENT_BUILDING
e153b49d64a1095b,TN_GAJA_2018_042659,TN_GAJA_2018,1,SINGLE_EVENT_BUILDING
7fd9f470efba8e1c,TN_GAJA_2018_042713,TN_GAJA_2018,1,SINGLE_EVENT_BUILDING
266863e395c365ea,TN_GAJA_2018_052789,TN_GAJA_2018,1,SINGLE_EVENT_BUILDING
499f5d9d20a49bef,TN_GAJA_2018_061042,TN_GAJA_2018,1,SINGLE_EVENT_BUILDING
fd23cfd1a781718b,TN_GAJA_2018_069019,TN_GAJA_2018,1,SINGLE_EVENT_BUILDING
cbcebcc8325e2fb4,TN_GAJA_2018_000008,TN_GAJA_2018,1,SINGLE_EVENT_BUILDING
4da52e15727b9ca8,TN_GAJA_2018_000039,TN_GAJA_2018,1,SINGLE_EVENT_BUILDING
53d2e044be0d3409,TN_GAJA_2018_006261,TN_GAJA_2018,1,SINGLE_EVENT_BUILDING
500a62c13f0d6af9,TN_GAJA_2018_010223,TN_GAJA_2018,1,SINGLE_EVENT_BUILDING
39599e77dad4d82f,TN_GAJA_2018_016701,TN_GAJA_2018,1,SINGLE_EVENT_BUILDING
36623ab3972be488,TN_GAJA_2018_033183,TN_GAJA_2018,1,SINGLE_EVENT_BUILDING
d3eaec73624b8afc,TN_GAJA_2018_033407,TN_GAJA_2018,1,SINGLE_EVENT_BUILDING
14aeccb54e5ea986,TN_GAJA_2018_046680,TN_GAJA_2018,1,SINGLE_EVENT_BUILDING
1dbe5f26feb75025,TN_GAJA_2018_054465,TN_GAJA_2018,1,SINGLE_EVENT_BUILDING
6d7756cff4bbf022,TN_GAJA_2018_063647,TN_GAJA_2018,1,SINGLE_EVENT_BUILDING
fe836a19a776fbb0,TN_GAJA_2018_000051,TN_GAJA_2018,1,SINGLE_EVENT_BUILDING
4939e73ab11d496d,TN_GAJA_2018_006260,TN_GAJA_2018,1,SINGLE_EVENT_BUILDING
fd7d89f68b4c8273,TN_GAJA_2018_006321,TN_GAJA_2018,1,SINGLE_EVENT_BUILDING
179e39e788450a42,TN_GAJA_2018_010289,TN_GAJA_2018,1,SINGLE_EVENT_BUILDING
91bd3f692e105bf7,TN_GAJA_2018_016702,TN_GAJA_2018,1,SINGLE_EVENT_BUILDING
c49e7d6901f55014,TN_GAJA_2018_033177,TN_GAJA_2018,1,SINGLE_EVENT_BUILDING
f773291e4ebc1e31,TN_GAJA_2018_046662,TN_GAJA_2018,1,SINGLE_EVENT_BUILDING
94b98b77212bfd94,TN_GAJA_2018_046661,TN_GAJA_2018,1,SINGLE_EVENT_BUILDING
954f9ec74cc3994b,TN_GAJA_2018_054454,TN_GAJA_2018,1,SINGLE_EVENT_BUILDING
00c2371225194611,TN_GAJA_2018_063640,TN_GAJA_2018,1,SINGLE_EVENT_BUILDING
84a8be72325186c9,TN_GAJA_2018_001098,TN_GAJA_2018,1,SINGLE_EVENT_BUILDING
9a6c485ee079a893,TN_GAJA_2018_006779,TN_GAJA_2018,1,SINGLE_EVENT_BUILDING
73572b75a03c8b85,TN_GAJA_2018_011228,TN_GAJA_2018,1,SINGLE_EVENT_BUILDING
d29baf9df7b37a78,TN_GAJA_2018_017101,TN_GAJA_2018,1,SINGLE_EVENT_BUILDING
1e6a4697fab2a34f,TN_GAJA_2018_034722,TN_GAJA_2018,1,SINGLE_EVENT_BUILDING
3646bfbc2a4f9ef7,TN_GAJA_2018_034970,TN_GAJA_2018,1,SINGLE_EVENT_BUILDING
dc005e8fbe46f4c8,TN_GAJA_2018_047545,TN_GAJA_2018,1,SINGLE_EVENT_BUILDING
754c7136d2fce82e,TN_GAJA_2018_054771,TN_GAJA_2018,1,SINGLE_EVENT_BUILDING
98cb5a8a1809aebb,TN_GAJA_2018_064276,TN_GAJA_2018,1,SINGLE_EVENT_BUILDING
1709f428c09edd4c,TN_GAJA_2018_001119,TN_GAJA_2018,1,SINGLE_EVENT_BUILDING
43aeeea11d7971bb,TN_GAJA_2018_001221,TN_GAJA_2018,1,SINGLE_EVENT_BUILDING
f46166ebd650aad9,TN_GAJA_2018_006796,TN_GAJA_2018,1,SINGLE_EVENT_BUILDING
076db0e5e287182a,TN_GAJA_2018_011258,TN_GAJA_2018,1,SINGLE_EVENT_BUILDING
7e21ff856c26f458,TN_GAJA_2018_017087,TN_GAJA_2018,1,SINGLE_EVENT_BUILDING
af73bc616c1119f3,TN_GAJA_2018_034735,TN_GAJA_2018,1,SINGLE_EVENT_BUILDING
ae54b370672ef6f9,TN_GAJA_2018_034867,TN_GAJA_2018,1,SINGLE_EVENT_BUILDING
d7f7a9361f301cb8,TN_GAJA_2018_047578,TN_GAJA_2018,1,SINGLE_EVENT_BUILDING
1a86f8b85307011e,TN_GAJA_2018_054833,TN_GAJA_2018,1,SINGLE_EVENT_BUILDING
237f201a5a0b8b1c,TN_GAJA_2018_064337,TN_GAJA_2018,1,SINGLE_EVENT_BUILDING
9a25fc83385d8ee9,TN_GAJA_2018_002197,TN_GAJA_2018,1,SINGLE_EVENT_BUILDING
f9c2d66a94b64a7a,TN_GAJA_2018_002268,TN_GAJA_2018,1,SINGLE_EVENT_BUILDING
dbc07d29cb9a5d73,TN_GAJA_2018_007835,TN_GAJA_2018,1,SINGLE_EVENT_BUILDING
a520c4d62b1cec5d,TN_GAJA_2018_012091,TN_GAJA_2018,1,SINGLE_EVENT_BUILDING
8096175d7b85a342,TN_GAJA_2018_019854,TN_GAJA_2018,1,SINGLE_EVENT_BUILDING
4a74549a1fb8f992,TN_GAJA_2018_036113,TN_GAJA_2018,1,SINGLE_EVENT_BUILDING
79b828531d261586,TN_GAJA_2018_048499,TN_GAJA_2018,1,SINGLE_EVENT_BUILDING
21b66d2e0e0bf02d,TN_GAJA_2018_048498,TN_GAJA_2018,1,SINGLE_EVENT_BUILDING
a7a02e25204a9fb0,TN_GAJA_2018_055303,TN_GAJA_2018,1,SINGLE_EVENT_BUILDING
643702728cdbcf0c,TN_GAJA_2018_065059,TN_GAJA_2018,1,SINGLE_EVENT_BUILDING
8a4c64b17bb43006,TN_GAJA_2018_002351,TN_GAJA_2018,1,SINGLE_EVENT_BUILDING
7b4d425fe9f71439,TN_GAJA_2018_002252,TN_GAJA_2018,1,SINGLE_EVENT_BUILDING
4be214383405d86f,TN_GAJA_2018_008599,TN_GAJA_2018,1,SINGLE_EVENT_BUILDING
3a7df798a464aca1,TN_GAJA_2018_012143,TN_GAJA_2018,1,SINGLE_EVENT_BUILDING
5f4e383b626cd1ec,TN_GAJA_2018_019878,TN_GAJA_2018,1,SINGLE_EVENT_BUILDING
dc20409a205d0266,TN_GAJA_2018_036121,TN_GAJA_2018,1,SINGLE_EVENT_BUILDING
b289ddffd00a0742,TN_GAJA_2018_037896,TN_GAJA_2018,1,SINGLE_EVENT_BUILDING
0857c93393d4ef3d,TN_GAJA_2018_048656,TN_GAJA_2018,1,SINGLE_EVENT_BUILDING
0e982a517bd0d6ea,TN_GAJA_2018_055493,TN_GAJA_2018,1,SINGLE_EVENT_BUILDING
2295c0ddb3f579d0,TN_GAJA_2018_065071,TN_GAJA_2018,1,SINGLE_EVENT_BUILDING
972c277dce4d61df,TN_GAJA_2018_003853,TN_GAJA_2018,1,SINGLE_EVENT_BUILDING
8beb0edfc7d0f5af,TN_GAJA_2018_003873,TN_GAJA_2018,1,SINGLE_EVENT_BUILDING
3b41ac68f5e6cd8b,TN_GAJA_2018_008586,TN_GAJA_2018,1,SINGLE_EVENT_BUILDING
ac11d6344bbfa6c5,TN_GAJA_2018_013679,TN_GAJA_2018,1,SINGLE_EVENT_BUILDING
be420eb4f2b99e23,TN_GAJA_2018_037698,TN_GAJA_2018,1,SINGLE_EVENT_BUILDING
dff6fbcb493b39a2,TN_GAJA_2018_037752,TN_GAJA_2018,1,SINGLE_EVENT_BUILDING
2705f857832f5c17,TN_GAJA_2018_049317,TN_GAJA_2018,1,SINGLE_EVENT_BUILDING
b7183385b39a6665,TN_GAJA_2018_056055,TN_GAJA_2018,1,SINGLE_EVENT_BUILDING
3122171e8a9bc105,TN_GAJA_2018_066038,TN_GAJA_2018,1,SINGLE_EVENT_BUILDING
803e47da7ec06646,TN_GAJA_2018_005650,TN_GAJA_2018,1,SINGLE_EVENT_BUILDING
c6d050523b17cede,TN_GAJA_2018_005687,TN_GAJA_2018,1,SINGLE_EVENT_BUILDING
067d5ee30601f67e,TN_GAJA_2018_009919,TN_GAJA_2018,1,SINGLE_EVENT_BUILDING
dc39f2917f8f23e0,TN_GAJA_2018_014531,TN_GAJA_2018,1,SINGLE_EVENT_BUILDING
51b060019b342010,TN_GAJA_2018_028489,TN_GAJA_2018,1,SINGLE_EVENT_BUILDING
2204a6973c395a17,TN_GAJA_2018_042666,TN_GAJA_2018,1,SINGLE_EVENT_BUILDING
9673fd130e031b1a,TN_GAJA_2018_042723,TN_GAJA_2018,1,SINGLE_EVENT_BUILDING
1186113390d2c322,TN_GAJA_2018_052792,TN_GAJA_2018,1,SINGLE_EVENT_BUILDING
3c125f047b465c9e,TN_GAJA_2018_069020,TN_GAJA_2018,1,SINGLE_EVENT_BUILDING
5db4f922e7f79161,TN_GAJA_2018_000009,TN_GAJA_2018,1,SINGLE_EVENT_BUILDING
d7ad0976b2dc24f5,TN_GAJA_2018_000041,TN_GAJA_2018,1,SINGLE_EVENT_BUILDING
0e137c49a044473b,TN_GAJA_2018_006263,TN_GAJA_2018,1,SINGLE_EVENT_BUILDING
289ea08e5c4dd5ab,TN_GAJA_2018_010227,TN_GAJA_2018,1,SINGLE_EVENT_BUILDING
d85723aff83ade2e,TN_GAJA_2018_016705,TN_GAJA_2018,1,SINGLE_EVENT_BUILDING
563c29a83d697f72,TN_GAJA_2018_033187,TN_GAJA_2018,1,SINGLE_EVENT_BUILDING
3eaee898a1a1ae06,TN_GAJA_2018_033540,TN_GAJA_2018,1,SINGLE_EVENT_BUILDING
ff1f7b1abfa76959,TN_GAJA_2018_046688,TN_GAJA_2018,1,SINGLE_EVENT_BUILDING
b8fcd546be3dbf74,TN_GAJA_2018_054470,TN_GAJA_2018,1,SINGLE_EVENT_BUILDING
fe31e02ff9741b16,TN_GAJA_2018_063649,TN_GAJA_2018,1,SINGLE_EVENT_BUILDING
51bb5b2bf4c389ba,TN_GAJA_2018_000056,TN_GAJA_2018,1,SINGLE_EVENT_BUILDING
90dfe8bfbdfd6f33,TN_GAJA_2018_006262,TN_GAJA_2018,1,SINGLE_EVENT_BUILDING
126a52a14838f290,TN_GAJA_2018_006327,TN_GAJA_2018,1,SINGLE_EVENT_BUILDING
27844d159587f8f4,TN_GAJA_2018_010302,TN_GAJA_2018,1,SINGLE_EVENT_BUILDING
90681a983b295ccb,TN_GAJA_2018_016707,TN_GAJA_2018,1,SINGLE_EVENT_BUILDING
68ed6bcf75bb40a6,TN_GAJA_2018_033178,TN_GAJA_2018,1,SINGLE_EVENT_BUILDING
e5663dfb1537e5e5,TN_GAJA_2018_046670,TN_GAJA_2018,1,SINGLE_EVENT_BUILDING
3e75ec9c6e5e3e50,TN_GAJA_2018_046665,TN_GAJA_2018,1,SINGLE_EVENT_BUILDING
1bb3ddfcc800a9f4,TN_GAJA_2018_054455,TN_GAJA_2018,1,SINGLE_EVENT_BUILDING
17a0082b6a38c4f0,TN_GAJA_2018_063641,TN_GAJA_2018,1,SINGLE_EVENT_BUILDING
ace74fd84a641a69,TN_GAJA_2018_001100,TN_GAJA_2018,1,SINGLE_EVENT_BUILDING
54dda1c7f26f1049,TN_GAJA_2018_001158,TN_GAJA_2018,1,SINGLE_EVENT_BUILDING
d0f773b816690555,TN_GAJA_2018_006783,TN_GAJA_2018,1,SINGLE_EVENT_BUILDING
8694e9554c034137,TN_GAJA_2018_011235,TN_GAJA_2018,1,SINGLE_EVENT_BUILDING
e4904d9539eae038,TN_GAJA_2018_017103,TN_GAJA_2018,1,SINGLE_EVENT_BUILDING
1e4d9dbd03eb1c8c,TN_GAJA_2018_034723,TN_GAJA_2018,1,SINGLE_EVENT_BUILDING
f58b2cd488338713,TN_GAJA_2018_034979,TN_GAJA_2018,1,SINGLE_EVENT_BUILDING
bbb02c99363cf4a9,TN_GAJA_2018_047550,TN_GAJA_2018,1,SINGLE_EVENT_BUILDING
08c6aeb32d7dbb0a,TN_GAJA_2018_054772,TN_GAJA_2018,1,SINGLE_EVENT_BUILDING
c416ff24713e8f00,TN_GAJA_2018_064277,TN_GAJA_2018,1,SINGLE_EVENT_BUILDING
2163b651d9fc0332,TN_GAJA_2018_001121,TN_GAJA_2018,1,SINGLE_EVENT_BUILDING
25e1605db3e182ee,TN_GAJA_2018_001222,TN_GAJA_2018,1,SINGLE_EVENT_BUILDING
af148a93a0c9e31d,TN_GAJA_2018_006797,TN_GAJA_2018,1,SINGLE_EVENT_BUILDING
5b51e3f316b95d78,TN_GAJA_2018_011264,TN_GAJA_2018,1,SINGLE_EVENT_BUILDING
80149d7dc4d5799d,TN_GAJA_2018_017091,TN_GAJA_2018,1,SINGLE_EVENT_BUILDING
1c58398dd1e36452,TN_GAJA_2018_034738,TN_GAJA_2018,1,SINGLE_EVENT_BUILDING
de82fe2ee2dd3576,TN_GAJA_2018_034893,TN_GAJA_2018,1,SINGLE_EVENT_BUILDING
34a387b13d82d36d,TN_GAJA_2018_047584,TN_GAJA_2018,1,SINGLE_EVENT_BUILDING
64f773753f3ab28c,TN_GAJA_2018_054836,TN_GAJA_2018,1,SINGLE_EVENT_BUILDING
1c5095b5263bc498,TN_GAJA_2018_064339,TN_GAJA_2018,1,SINGLE_EVENT_BUILDING
d6e9c29b8ac8efd1,TN_GAJA_2018_002200,TN_GAJA_2018,1,SINGLE_EVENT_BUILDING
0da89218a9d612c4,TN_GAJA_2018_002280,TN_GAJA_2018,1,SINGLE_EVENT_BUILDING
062248bd264e021e,TN_GAJA_2018_007836,TN_GAJA_2018,1,SINGLE_EVENT_BUILDING
987b5582864149c8,TN_GAJA_2018_012094,TN_GAJA_2018,1,SINGLE_EVENT_BUILDING
d7c4ac2ed49fb16f,TN_GAJA_2018_019857,TN_GAJA_2018,1,SINGLE_EVENT_BUILDING
2df9b86ebc6f5710,TN_GAJA_2018_036116,TN_GAJA_2018,1,SINGLE_EVENT_BUILDING
44ebd6b05c51c0c2,TN_GAJA_2018_048509,TN_GAJA_2018,1,SINGLE_EVENT_BUILDING
4a633471ae53e568,TN_GAJA_2018_048500,TN_GAJA_2018,1,SINGLE_EVENT_BUILDING
74ae22c35bf82004,TN_GAJA_2018_055304,TN_GAJA_2018,1,SINGLE_EVENT_BUILDING
83e3a47bd48ffe41,TN_GAJA_2018_002353,TN_GAJA_2018,1,SINGLE_EVENT_BUILDING
a4657f41dd07c15f,TN_GAJA_2018_002253,TN_GAJA_2018,1,SINGLE_EVENT_BUILDING
5fb3b90f5e49fd82,TN_GAJA_2018_008600,TN_GAJA_2018,1,SINGLE_EVENT_BUILDING
0fc21f328c4854df,TN_GAJA_2018_012151,TN_GAJA_2018,1,SINGLE_EVENT_BUILDING
603285bf0f9e385c,TN_GAJA_2018_019881,TN_GAJA_2018,1,SINGLE_EVENT_BUILDING
4a0fff4e6d637423,TN_GAJA_2018_036126,TN_GAJA_2018,1,SINGLE_EVENT_BUILDING
d299aabf25930ee1,TN_GAJA_2018_038005,TN_GAJA_2018,1,SINGLE_EVENT_BUILDING
2095a7e281b3c746,TN_GAJA_2018_048674,TN_GAJA_2018,1,SINGLE_EVENT_BUILDING
100f998e4bc9a5fe,TN_GAJA_2018_055494,TN_GAJA_2018,1,SINGLE_EVENT_BUILDING
7c3b2d93ceea7b2d,TN_GAJA_2018_065072,TN_GAJA_2018,1,SINGLE_EVENT_BUILDING
b4e36e434da2da96,TN_GAJA_2018_003855,TN_GAJA_2018,1,SINGLE_EVENT_BUILDING
b6949f46a69a12e6,TN_GAJA_2018_008590,TN_GAJA_2018,1,SINGLE_EVENT_BUILDING
cca332fa07ccec70,TN_GAJA_2018_013702,TN_GAJA_2018,1,SINGLE_EVENT_BUILDING
7387815b33230861,TN_GAJA_2018_023551,TN_GAJA_2018,1,SINGLE_EVENT_BUILDING
086c2eaa0ca1fd5b,TN_GAJA_2018_037702,TN_GAJA_2018,1,SINGLE_EVENT_BUILDING
cc4cd5283e32a030,TN_GAJA_2018_037753,TN_GAJA_2018,1,SINGLE_EVENT_BUILDING
94ad53514c8fb492,TN_GAJA_2018_049320,TN_GAJA_2018,1,SINGLE_EVENT_BUILDING
db5a6d40471e9af0,TN_GAJA_2018_056056,TN_GAJA_2018,1,SINGLE_EVENT_BUILDING
c1acdf1072cb2ee4,TN_GAJA_2018_066041,TN_GAJA_2018,1,SINGLE_EVENT_BUILDING
10f3e5e3bfe43746,TN_GAJA_2018_005652,TN_GAJA_2018,1,SINGLE_EVENT_BUILDING
0c2bf403774dcb37,TN_GAJA_2018_005694,TN_GAJA_2018,1,SINGLE_EVENT_BUILDING
68634664816bde6c,TN_GAJA_2018_009926,TN_GAJA_2018,1,SINGLE_EVENT_BUILDING
b72aefcaca481fc3,TN_GAJA_2018_014534,TN_GAJA_2018,1,SINGLE_EVENT_BUILDING
4756a7f6d9074dac,TN_GAJA_2018_028490,TN_GAJA_2018,1,SINGLE_EVENT_BUILDING
850d6a2aab63c21f,TN_GAJA_2018_042669,TN_GAJA_2018,1,SINGLE_EVENT_BUILDING
a875168a8a961c49,TN_GAJA_2018_061044,TN_GAJA_2018,1,SINGLE_EVENT_BUILDING
e81437e3c15b9740,TN_GAJA_2018_069025,TN_GAJA_2018,1,SINGLE_EVENT_BUILDING
bf9c1dbe26fa589c,TN_GAJA_2018_000010,TN_GAJA_2018,1,SINGLE_EVENT_BUILDING
e0a92001e138760a,TN_GAJA_2018_000064,TN_GAJA_2018,1,SINGLE_EVENT_BUILDING
b2468dc74042bb51,TN_GAJA_2018_006264,TN_GAJA_2018,1,SINGLE_EVENT_BUILDING
4cefc3d5a9950731,TN_GAJA_2018_010229,TN_GAJA_2018,1,SINGLE_EVENT_BUILDING
c730ed08dabccf68,TN_GAJA_2018_016708,TN_GAJA_2018,1,SINGLE_EVENT_BUILDING
c31ab604a36f5276,TN_GAJA_2018_033189,TN_GAJA_2018,1,SINGLE_EVENT_BUILDING
778547589766cb6e,TN_GAJA_2018_033645,TN_GAJA_2018,1,SINGLE_EVENT_BUILDING
7c0cdfa9dd859296,TN_GAJA_2018_046696,TN_GAJA_2018,1,SINGLE_EVENT_BUILDING
375ba3d5ff6052c3,TN_GAJA_2018_054471,TN_GAJA_2018,1,SINGLE_EVENT_BUILDING
af09059fe1c49c42,TN_GAJA_2018_063657,TN_GAJA_2018,1,SINGLE_EVENT_BUILDING
70bd734eb9dfac51,TN_GAJA_2018_000059,TN_GAJA_2018,1,SINGLE_EVENT_BUILDING
8233eee8e341ad9d,TN_GAJA_2018_010304,TN_GAJA_2018,1,SINGLE_EVENT_BUILDING
e4b3c781d91477dd,TN_GAJA_2018_016709,TN_GAJA_2018,1,SINGLE_EVENT_BUILDING
4829d7cce598428f,TN_GAJA_2018_033179,TN_GAJA_2018,1,SINGLE_EVENT_BUILDING
3ffe647a58d81e40,TN_GAJA_2018_046679,TN_GAJA_2018,1,SINGLE_EVENT_BUILDING
aba93d01dc2d4a4b,TN_GAJA_2018_046672,TN_GAJA_2018,1,SINGLE_EVENT_BUILDING
e8035f8e14e14441,TN_GAJA_2018_001169,TN_GAJA_2018,1,SINGLE_EVENT_BUILDING
53bf01b4e9e799eb,TN_GAJA_2018_006787,TN_GAJA_2018,1,SINGLE_EVENT_BUILDING
f9ee9dab76947276,TN_GAJA_2018_011236,TN_GAJA_2018,1,SINGLE_EVENT_BUILDING
d90ba50017e1db80,TN_GAJA_2018_017105,TN_GAJA_2018,1,SINGLE_EVENT_BUILDING
3f3f2701deee641e,TN_GAJA_2018_034725,TN_GAJA_2018,1,SINGLE_EVENT_BUILDING
d550828e06771ea7,TN_GAJA_2018_047556,TN_GAJA_2018,1,SINGLE_EVENT_BUILDING
b0a8e38298b3a093,TN_GAJA_2018_054773,TN_GAJA_2018,1,SINGLE_EVENT_BUILDING
8914c40e2bdbd53a,TN_GAJA_2018_064282,TN_GAJA_2018,1,SINGLE_EVENT_BUILDING
5a87ae99d3b1c34d,TN_GAJA_2018_001123,TN_GAJA_2018,1,SINGLE_EVENT_BUILDING
6e6d504e5b9d5fee,TN_GAJA_2018_001234,TN_GAJA_2018,1,SINGLE_EVENT_BUILDING
4601327ab4856f30,TN_GAJA_2018_006799,TN_GAJA_2018,1,SINGLE_EVENT_BUILDING
6152d51b62c4d7c2,TN_GAJA_2018_011266,TN_GAJA_2018,1,SINGLE_EVENT_BUILDING
ff01535732af5faa,TN_GAJA_2018_017092,TN_GAJA_2018,1,SINGLE_EVENT_BUILDING
6ee17dce4b04b725,TN_GAJA_2018_034742,TN_GAJA_2018,1,SINGLE_EVENT_BUILDING
9ecc7e81f7ab6c90,TN_GAJA_2018_034901,TN_GAJA_2018,1,SINGLE_EVENT_BUILDING
e790e9c3b2c9222f,TN_GAJA_2018_047591,TN_GAJA_2018,1,SINGLE_EVENT_BUILDING
268217ee349ceaff,TN_GAJA_2018_054839,TN_GAJA_2018,1,SINGLE_EVENT_BUILDING
072f9e22f20e0ad8,TN_GAJA_2018_064341,TN_GAJA_2018,1,SINGLE_EVENT_BUILDING
54821050edf268e8,TN_GAJA_2018_002312,TN_GAJA_2018,1,SINGLE_EVENT_BUILDING
87866aa4beee3b7e,TN_GAJA_2018_007838,TN_GAJA_2018,1,SINGLE_EVENT_BUILDING
740e0afb740945a6,TN_GAJA_2018_012098,TN_GAJA_2018,1,SINGLE_EVENT_BUILDING
d6450f4a02d28953,TN_GAJA_2018_019859,TN_GAJA_2018,1,SINGLE_EVENT_BUILDING
265c1b96ee896af5,TN_GAJA_2018_036117,TN_GAJA_2018,1,SINGLE_EVENT_BUILDING
95b928fcfc8ee6ca,TN_GAJA_2018_048511,TN_GAJA_2018,1,SINGLE_EVENT_BUILDING
4552db9ec6c01bd6,TN_GAJA_2018_048502,TN_GAJA_2018,1,SINGLE_EVENT_BUILDING
0d62810e437d4a8a,TN_GAJA_2018_055305,TN_GAJA_2018,1,SINGLE_EVENT_BUILDING
d476a5281f723500,TN_GAJA_2018_065066,TN_GAJA_2018,1,SINGLE_EVENT_BUILDING
8edd16fd36f5739c,TN_GAJA_2018_002372,TN_GAJA_2018,1,SINGLE_EVENT_BUILDING
b7db1870d0720bc6,TN_GAJA_2018_002256,TN_GAJA_2018,1,SINGLE_EVENT_BUILDING
e327898d8227ff6b,TN_GAJA_2018_008601,TN_GAJA_2018,1,SINGLE_EVENT_BUILDING
da5eb6d826b650dd,TN_GAJA_2018_012159,TN_GAJA_2018,1,SINGLE_EVENT_BUILDING
5923402407b4b897,TN_GAJA_2018_019895,TN_GAJA_2018,1,SINGLE_EVENT_BUILDING
28195f877795ca5c,TN_GAJA_2018_036128,TN_GAJA_2018,1,SINGLE_EVENT_BUILDING
ed13c68d4d7f5a64,TN_GAJA_2018_038022,TN_GAJA_2018,1,SINGLE_EVENT_BUILDING
092f3064689856e3,TN_GAJA_2018_048734,TN_GAJA_2018,1,SINGLE_EVENT_BUILDING
d8f460867a3984fd,TN_GAJA_2018_055538,TN_GAJA_2018,1,SINGLE_EVENT_BUILDING
a7af12fd55c69b92,TN_GAJA_2018_065078,TN_GAJA_2018,1,SINGLE_EVENT_BUILDING
41dc0f7b1377e179,TN_GAJA_2018_003856,TN_GAJA_2018,1,SINGLE_EVENT_BUILDING
1867831c27d3aa6f,TN_GAJA_2018_003885,TN_GAJA_2018,1,SINGLE_EVENT_BUILDING
d765eb5f405f0d6a,TN_GAJA_2018_008591,TN_GAJA_2018,1,SINGLE_EVENT_BUILDING
b92019996912778e,TN_GAJA_2018_013725,TN_GAJA_2018,1,SINGLE_EVENT_BUILDING
e981661cf4c99101,TN_GAJA_2018_023553,TN_GAJA_2018,1,SINGLE_EVENT_BUILDING
7c653963aad8491f,TN_GAJA_2018_037703,TN_GAJA_2018,1,SINGLE_EVENT_BUILDING
f8b56459c04125e8,TN_GAJA_2018_037756,TN_GAJA_2018,1,SINGLE_EVENT_BUILDING
27c5d55b26d4fb03,TN_GAJA_2018_056057,TN_GAJA_2018,1,SINGLE_EVENT_BUILDING
4e0861a9e985f9a5,TN_GAJA_2018_066043,TN_GAJA_2018,1,SINGLE_EVENT_BUILDING
32a68ae5b85d06db,TN_GAJA_2018_005654,TN_GAJA_2018,1,SINGLE_EVENT_BUILDING
0b6a4a657e9075b6,TN_GAJA_2018_005698,TN_GAJA_2018,1,SINGLE_EVENT_BUILDING
fa9e565b8ae3e0bb,TN_GAJA_2018_009934,TN_GAJA_2018,1,SINGLE_EVENT_BUILDING
a30737ea61ff8d4e,TN_GAJA_2018_014535,TN_GAJA_2018,1,SINGLE_EVENT_BUILDING
91026e7cb46c6d42,TN_GAJA_2018_028491,TN_GAJA_2018,1,SINGLE_EVENT_BUILDING
b8ab121ab8711c86,TN_GAJA_2018_042670,TN_GAJA_2018,1,SINGLE_EVENT_BUILDING
973982ebe653bcc7,TN_GAJA_2018_042753,TN_GAJA_2018,1,SINGLE_EVENT_BUILDING
0cc1d8a3b5bd59f2,TN_GAJA_2018_052796,TN_GAJA_2018,1,SINGLE_EVENT_BUILDING
34b7a43f8f1ddf56,TN_GAJA_2018_061046,TN_GAJA_2018,1,SINGLE_EVENT_BUILDING
c86b2c2a2ab0d9bf,TN_GAJA_2018_069030,TN_GAJA_2018,1,SINGLE_EVENT_BUILDING
d40dc06e653322ee,TN_GAJA_2018_000011,TN_GAJA_2018,1,SINGLE_EVENT_BUILDING
db7901ba3061e27f,TN_GAJA_2018_000065,TN_GAJA_2018,1,SINGLE_EVENT_BUILDING
94acaddf40a6ffca,TN_GAJA_2018_006265,TN_GAJA_2018,1,SINGLE_EVENT_BUILDING
3cb2e8d1974e00e6,TN_GAJA_2018_010234,TN_GAJA_2018,1,SINGLE_EVENT_BUILDING
a2a58e0aefad4f7c,TN_GAJA_2018_016710,TN_GAJA_2018,1,SINGLE_EVENT_BUILDING
fdb7b20340aff2c7,TN_GAJA_2018_033193,TN_GAJA_2018,1,SINGLE_EVENT_BUILDING
aff2bb6798627a6b,TN_GAJA_2018_033673,TN_GAJA_2018,1,SINGLE_EVENT_BUILDING
67f1d0feec6795c8,TN_GAJA_2018_046701,TN_GAJA_2018,1,SINGLE_EVENT_BUILDING
522a5b2a721bd53c,TN_GAJA_2018_054472,TN_GAJA_2018,1,SINGLE_EVENT_BUILDING
e243922b151f9d7e,TN_GAJA_2018_063666,TN_GAJA_2018,1,SINGLE_EVENT_BUILDING
232289e3236fc435,TN_GAJA_2018_006271,TN_GAJA_2018,1,SINGLE_EVENT_BUILDING
f4cebfb7a6659ebf,TN_GAJA_2018_006332,TN_GAJA_2018,1,SINGLE_EVENT_BUILDING
e4d154f1a8fd895c,TN_GAJA_2018_010310,TN_GAJA_2018,1,SINGLE_EVENT_BUILDING
cd082d1db0720e2e,TN_GAJA_2018_016711,TN_GAJA_2018,1,SINGLE_EVENT_BUILDING
87f7a7d0c65df0e5,TN_GAJA_2018_033182,TN_GAJA_2018,1,SINGLE_EVENT_BUILDING
a085c388c21066a1,TN_GAJA_2018_046686,TN_GAJA_2018,1,SINGLE_EVENT_BUILDING
81b420ecffa624a5,TN_GAJA_2018_046676,TN_GAJA_2018,1,SINGLE_EVENT_BUILDING
bac2e56e48b5209c,TN_GAJA_2018_054457,TN_GAJA_2018,1,SINGLE_EVENT_BUILDING
020d766f894df83d,TN_GAJA_2018_063651,TN_GAJA_2018,1,SINGLE_EVENT_BUILDING
05b948e9197e7991,TN_GAJA_2018_001106,TN_GAJA_2018,1,SINGLE_EVENT_BUILDING
d012c7a52c6e5eca,TN_GAJA_2018_001172,TN_GAJA_2018,1,SINGLE_EVENT_BUILDING
1639d0983842503c,TN_GAJA_2018_006788,TN_GAJA_2018,1,SINGLE_EVENT_BUILDING
60aeae8864780c2f,TN_GAJA_2018_011238,TN_GAJA_2018,1,SINGLE_EVENT_BUILDING
8b562e406096cefd,TN_GAJA_2018_017108,TN_GAJA_2018,1,SINGLE_EVENT_BUILDING
18ca4073f4c4d9ad,TN_GAJA_2018_034727,TN_GAJA_2018,1,SINGLE_EVENT_BUILDING
df219b7b57bed8c1,TN_GAJA_2018_035111,TN_GAJA_2018,1,SINGLE_EVENT_BUILDING
611c947f4a05f776,TN_GAJA_2018_047557,TN_GAJA_2018,1,SINGLE_EVENT_BUILDING
0c4c3e41ce6a5382,TN_GAJA_2018_054775,TN_GAJA_2018,1,SINGLE_EVENT_BUILDING
ce356825fe32ed14,TN_GAJA_2018_064284,TN_GAJA_2018,1,SINGLE_EVENT_BUILDING
556289e754bb3a7f,TN_GAJA_2018_001125,TN_GAJA_2018,1,SINGLE_EVENT_BUILDING
0e1d3891074485b0,TN_GAJA_2018_001237,TN_GAJA_2018,1,SINGLE_EVENT_BUILDING
b76043b1dcc76d68,TN_GAJA_2018_006804,TN_GAJA_2018,1,SINGLE_EVENT_BUILDING
e348a1821c888ac7,TN_GAJA_2018_011292,TN_GAJA_2018,1,SINGLE_EVENT_BUILDING
41752bdf8f2dbf0c,TN_GAJA_2018_017093,TN_GAJA_2018,1,SINGLE_EVENT_BUILDING
1cbe775b658ba801,TN_GAJA_2018_034748,TN_GAJA_2018,1,SINGLE_EVENT_BUILDING
ba95ffa3959a8cf6,TN_GAJA_2018_034995,TN_GAJA_2018,1,SINGLE_EVENT_BUILDING
eeac5b545e4e79d4,TN_GAJA_2018_047592,TN_GAJA_2018,1,SINGLE_EVENT_BUILDING
742bcbbc9e21b7af,TN_GAJA_2018_054844,TN_GAJA_2018,1,SINGLE_EVENT_BUILDING
7d5889bb0847cfe3,TN_GAJA_2018_064352,TN_GAJA_2018,1,SINGLE_EVENT_BUILDING
870cf7b04c3160a5,TN_GAJA_2018_002203,TN_GAJA_2018,1,SINGLE_EVENT_BUILDING
cd9299bf7ff56ef7,TN_GAJA_2018_002319,TN_GAJA_2018,1,SINGLE_EVENT_BUILDING
3559fb48e9c8946c,TN_GAJA_2018_007841,TN_GAJA_2018,1,SINGLE_EVENT_BUILDING
55976010afe37b58,TN_GAJA_2018_012099,TN_GAJA_2018,1,SINGLE_EVENT_BUILDING
afcc8205058f1fcf,TN_GAJA_2018_019861,TN_GAJA_2018,1,SINGLE_EVENT_BUILDING
16ce1f1ec5067c67,TN_GAJA_2018_036119,TN_GAJA_2018,1,SINGLE_EVENT_BUILDING
e9a2d56ff9c56a9c,TN_GAJA_2018_048512,TN_GAJA_2018,1,SINGLE_EVENT_BUILDING
659a94adc1cd1e19,TN_GAJA_2018_048507,TN_GAJA_2018,1,SINGLE_EVENT_BUILDING
ce62f99473ae40ef,TN_GAJA_2018_055306,TN_GAJA_2018,1,SINGLE_EVENT_BUILDING
822ff77616a845d4,TN_GAJA_2018_065077,TN_GAJA_2018,1,SINGLE_EVENT_BUILDING
12369cf2d40aaf10,TN_GAJA_2018_002383,TN_GAJA_2018,1,SINGLE_EVENT_BUILDING
483352c4d8c937b0,TN_GAJA_2018_002293,TN_GAJA_2018,1,SINGLE_EVENT_BUILDING
6c3df06e753281dd,TN_GAJA_2018_008609,TN_GAJA_2018,1,SINGLE_EVENT_BUILDING
c09672d7e2ad369e,TN_GAJA_2018_012175,TN_GAJA_2018,1,SINGLE_EVENT_BUILDING
b04963bb2c74de1f,TN_GAJA_2018_019918,TN_GAJA_2018,1,SINGLE_EVENT_BUILDING
178b0a9bc64e211d,TN_GAJA_2018_038077,TN_GAJA_2018,1,SINGLE_EVENT_BUILDING
aa408c88d5fb17fb,TN_GAJA_2018_048745,TN_GAJA_2018,1,SINGLE_EVENT_BUILDING
a33f3e57e70ecc63,TN_GAJA_2018_055539,TN_GAJA_2018,1,SINGLE_EVENT_BUILDING
92e969329ae234a5,TN_GAJA_2018_065083,TN_GAJA_2018,1,SINGLE_EVENT_BUILDING
66e9c4e9cae2b5a5,TN_GAJA_2018_003857,TN_GAJA_2018,1,SINGLE_EVENT_BUILDING
6bfd36be53919c37,TN_GAJA_2018_003888,TN_GAJA_2018,1,SINGLE_EVENT_BUILDING
c5bb58a89ff7c0cf,TN_GAJA_2018_008592,TN_GAJA_2018,1,SINGLE_EVENT_BUILDING
d495d479ae1331ff,TN_GAJA_2018_013728,TN_GAJA_2018,1,SINGLE_EVENT_BUILDING
5f49ee014653c7ee,TN_GAJA_2018_023557,TN_GAJA_2018,1,SINGLE_EVENT_BUILDING
d841c3d46913849a,TN_GAJA_2018_037704,TN_GAJA_2018,1,SINGLE_EVENT_BUILDING
2cf3737c3f8b0731,TN_GAJA_2018_037757,TN_GAJA_2018,1,SINGLE_EVENT_BUILDING
5b643ec902f6b5a6,TN_GAJA_2018_049324,TN_GAJA_2018,1,SINGLE_EVENT_BUILDING
6b185c54906340b7,TN_GAJA_2018_056058,TN_GAJA_2018,1,SINGLE_EVENT_BUILDING
c778a20744b9d084,TN_GAJA_2018_005656,TN_GAJA_2018,1,SINGLE_EVENT_BUILDING
f33c11aa60bfe063,TN_GAJA_2018_005707,TN_GAJA_2018,1,SINGLE_EVENT_BUILDING
c46b3d93a571132f,TN_GAJA_2018_009935,TN_GAJA_2018,1,SINGLE_EVENT_BUILDING
6104681e50508d6e,TN_GAJA_2018_014537,TN_GAJA_2018,1,SINGLE_EVENT_BUILDING
3201250614c9d94b,TN_GAJA_2018_028493,TN_GAJA_2018,1,SINGLE_EVENT_BUILDING
bb4613c04c094a6c,TN_GAJA_2018_042672,TN_GAJA_2018,1,SINGLE_EVENT_BUILDING
a7f736ffa2229b89,TN_GAJA_2018_042754,TN_GAJA_2018,1,SINGLE_EVENT_BUILDING
572b15a5887f8334,TN_GAJA_2018_052798,TN_GAJA_2018,1,SINGLE_EVENT_BUILDING
1fa5d9214e00c060,TN_GAJA_2018_061051,TN_GAJA_2018,1,SINGLE_EVENT_BUILDING
c549a916286fc00f,TN_GAJA_2018_069035,TN_GAJA_2018,1,SINGLE_EVENT_BUILDING
334a813204348063,TN_GAJA_2018_000013,TN_GAJA_2018,1,SINGLE_EVENT_BUILDING
acf8321370b804e5,TN_GAJA_2018_000089,TN_GAJA_2018,1,SINGLE_EVENT_BUILDING
7f4b1c26a710569b,TN_GAJA_2018_006267,TN_GAJA_2018,1,SINGLE_EVENT_BUILDING
a93b49ce0fe709fc,TN_GAJA_2018_010237,TN_GAJA_2018,1,SINGLE_EVENT_BUILDING
ef9b2d4b06e849e3,TN_GAJA_2018_016713,TN_GAJA_2018,1,SINGLE_EVENT_BUILDING
0db64094a5c79a91,TN_GAJA_2018_033195,TN_GAJA_2018,1,SINGLE_EVENT_BUILDING
7e4249b110e376ef,TN_GAJA_2018_033696,TN_GAJA_2018,1,SINGLE_EVENT_BUILDING
a22414cb611eac59,TN_GAJA_2018_046707,TN_GAJA_2018,1,SINGLE_EVENT_BUILDING
934becfcde7537b5,TN_GAJA_2018_054473,TN_GAJA_2018,1,SINGLE_EVENT_BUILDING
21f53aeee1870f79,TN_GAJA_2018_063688,TN_GAJA_2018,1,SINGLE_EVENT_BUILDING
3842523cdeac9427,TN_GAJA_2018_000063,TN_GAJA_2018,1,SINGLE_EVENT_BUILDING
3f02a12b3ae85a3e,TN_GAJA_2018_006273,TN_GAJA_2018,1,SINGLE_EVENT_BUILDING
869a4849985d5edc,TN_GAJA_2018_006341,TN_GAJA_2018,1,SINGLE_EVENT_BUILDING
19710c0920be43b7,TN_GAJA_2018_010320,TN_GAJA_2018,1,SINGLE_EVENT_BUILDING
e627d906219c74e2,TN_GAJA_2018_033184,TN_GAJA_2018,1,SINGLE_EVENT_BUILDING
08eb0d6eea69b723,TN_GAJA_2018_046682,TN_GAJA_2018,1,SINGLE_EVENT_BUILDING
d44ce06b93c2b9e9,TN_GAJA_2018_054458,TN_GAJA_2018,1,SINGLE_EVENT_BUILDING
cb466301a4e101b3,TN_GAJA_2018_063652,TN_GAJA_2018,1,SINGLE_EVENT_BUILDING
8a1011b14039695a,TN_GAJA_2018_001110,TN_GAJA_2018,1,SINGLE_EVENT_BUILDING
739d4d9964fe3c96,TN_GAJA_2018_001181,TN_GAJA_2018,1,SINGLE_EVENT_BUILDING
f33aebbc1af7c268,TN_GAJA_2018_006791,TN_GAJA_2018,1,SINGLE_EVENT_BUILDING
14cde2a6d27ee08d,TN_GAJA_2018_011241,TN_GAJA_2018,1,SINGLE_EVENT_BUILDING
9a84c9643ea6952b,TN_GAJA_2018_017109,TN_GAJA_2018,1,SINGLE_EVENT_BUILDING
7553d044e9d70b95,TN_GAJA_2018_034728,TN_GAJA_2018,1,SINGLE_EVENT_BUILDING
17729d00e91ce434,TN_GAJA_2018_047563,TN_GAJA_2018,1,SINGLE_EVENT_BUILDING
5a30cb4bf7d20faf,TN_GAJA_2018_054776,TN_GAJA_2018,1,SINGLE_EVENT_BUILDING
2cde8a1b06d03bd7,TN_GAJA_2018_064294,TN_GAJA_2018,1,SINGLE_EVENT_BUILDING
d2318cf462cb2e66,TN_GAJA_2018_001126,TN_GAJA_2018,1,SINGLE_EVENT_BUILDING
57df416517a34185,TN_GAJA_2018_001254,TN_GAJA_2018,1,SINGLE_EVENT_BUILDING
da4bad81b4e436be,TN_GAJA_2018_006815,TN_GAJA_2018,1,SINGLE_EVENT_BUILDING
13ee442d11c0ab12,TN_GAJA_2018_011327,TN_GAJA_2018,1,SINGLE_EVENT_BUILDING
84cda447288b2e8f,TN_GAJA_2018_017096,TN_GAJA_2018,1,SINGLE_EVENT_BUILDING
0218d4e7377cb152,TN_GAJA_2018_034752,TN_GAJA_2018,1,SINGLE_EVENT_BUILDING
28a0430fc4786125,TN_GAJA_2018_035081,TN_GAJA_2018,1,SINGLE_EVENT_BUILDING
22ed5b5ee3281718,TN_GAJA_2018_047633,TN_GAJA_2018,1,SINGLE_EVENT_BUILDING
1eec81f45b98d04f,TN_GAJA_2018_054860,TN_GAJA_2018,1,SINGLE_EVENT_BUILDING
130b5ab798cd792e,TN_GAJA_2018_064376,TN_GAJA_2018,1,SINGLE_EVENT_BUILDING
4c3173bf656869bb,TN_GAJA_2018_002206,TN_GAJA_2018,1,SINGLE_EVENT_BUILDING
313ae06bbd29ce54,TN_GAJA_2018_002321,TN_GAJA_2018,1,SINGLE_EVENT_BUILDING
2ba9f76e60aa1885,TN_GAJA_2018_007842,TN_GAJA_2018,1,SINGLE_EVENT_BUILDING
4bcd5d614db30b55,TN_GAJA_2018_012101,TN_GAJA_2018,1,SINGLE_EVENT_BUILDING
f56b1c0dd71a282a,TN_GAJA_2018_019864,TN_GAJA_2018,1,SINGLE_EVENT_BUILDING
120b06a3759d8e1a,TN_GAJA_2018_036120,TN_GAJA_2018,1,SINGLE_EVENT_BUILDING
fe327b7c6d022da2,TN_GAJA_2018_048514,TN_GAJA_2018,1,SINGLE_EVENT_BUILDING
68bcc63fc707caf4,TN_GAJA_2018_048508,TN_GAJA_2018,1,SINGLE_EVENT_BUILDING
b85584846adc8b6b,TN_GAJA_2018_055307,TN_GAJA_2018,1,SINGLE_EVENT_BUILDING
f7db7a7f0c2e4cc0,TN_GAJA_2018_065081,TN_GAJA_2018,1,SINGLE_EVENT_BUILDING
cd7ba28ef1f73fcc,TN_GAJA_2018_002388,TN_GAJA_2018,1,SINGLE_EVENT_BUILDING
1661acb1088fe2c4,TN_GAJA_2018_002340,TN_GAJA_2018,1,SINGLE_EVENT_BUILDING
abcb3547d7bf9065,TN_GAJA_2018_008615,TN_GAJA_2018,1,SINGLE_EVENT_BUILDING
918671c32a477792,TN_GAJA_2018_012200,TN_GAJA_2018,1,SINGLE_EVENT_BUILDING
0d11d49735f98d17,TN_GAJA_2018_019944,TN_GAJA_2018,1,SINGLE_EVENT_BUILDING
605f1f6aa2083c8d,TN_GAJA_2018_036142,TN_GAJA_2018,1,SINGLE_EVENT_BUILDING
572f37c2242cbd57,TN_GAJA_2018_038136,TN_GAJA_2018,1,SINGLE_EVENT_BUILDING
2b55b33c900d9ce8,TN_GAJA_2018_048774,TN_GAJA_2018,1,SINGLE_EVENT_BUILDING
41fe42d4bb79616c,TN_GAJA_2018_055553,TN_GAJA_2018,1,SINGLE_EVENT_BUILDING
fef3d38e74bb5d4a,TN_GAJA_2018_065088,TN_GAJA_2018,1,SINGLE_EVENT_BUILDING
4a0a4bf534471907,TN_GAJA_2018_003859,TN_GAJA_2018,1,SINGLE_EVENT_BUILDING
9e2548c7d1252a85,TN_GAJA_2018_003900,TN_GAJA_2018,1,SINGLE_EVENT_BUILDING
a1298394c2d69874,TN_GAJA_2018_008593,TN_GAJA_2018,1,SINGLE_EVENT_BUILDING
08370113e6cb4980,TN_GAJA_2018_013734,TN_GAJA_2018,1,SINGLE_EVENT_BUILDING
9163f8293c7ebaa2,TN_GAJA_2018_023558,TN_GAJA_2018,1,SINGLE_EVENT_BUILDING
9918f9a2083f93aa,TN_GAJA_2018_037705,TN_GAJA_2018,1,SINGLE_EVENT_BUILDING
7de15d5d7a250af5,TN_GAJA_2018_037771,TN_GAJA_2018,1,SINGLE_EVENT_BUILDING
3026ac8055c1d4f7,TN_GAJA_2018_049326,TN_GAJA_2018,1,SINGLE_EVENT_BUILDING
d84d596be7eac229,TN_GAJA_2018_066053,TN_GAJA_2018,1,SINGLE_EVENT_BUILDING
531b9f5e81b8ce16,TN_GAJA_2018_005663,TN_GAJA_2018,1,SINGLE_EVENT_BUILDING
4b1cc9fbd541528c,TN_GAJA_2018_005714,TN_GAJA_2018,1,SINGLE_EVENT_BUILDING
211c4b4bfb6cec18,TN_GAJA_2018_014540,TN_GAJA_2018,1,SINGLE_EVENT_BUILDING
4f3f18aa798b4c45,TN_GAJA_2018_028494,TN_GAJA_2018,1,SINGLE_EVENT_BUILDING
4a9e0d629d1099aa,TN_GAJA_2018_042673,TN_GAJA_2018,1,SINGLE_EVENT_BUILDING
93aedf502e80f038,TN_GAJA_2018_042760,TN_GAJA_2018,1,SINGLE_EVENT_BUILDING
bf61af9564de1d8e,TN_GAJA_2018_052799,TN_GAJA_2018,1,SINGLE_EVENT_BUILDING
777130c6512d6eea,TN_GAJA_2018_061052,TN_GAJA_2018,1,SINGLE_EVENT_BUILDING
c2d4a591b6eaf749,TN_GAJA_2018_069053,TN_GAJA_2018,1,SINGLE_EVENT_BUILDING
cbe0be0a61ba3b98,TN_GAJA_2018_000014,TN_GAJA_2018,1,SINGLE_EVENT_BUILDING
7822303d07cc24bd,TN_GAJA_2018_000131,TN_GAJA_2018,1,SINGLE_EVENT_BUILDING
66390b9467828c4b,TN_GAJA_2018_006268,TN_GAJA_2018,1,SINGLE_EVENT_BUILDING
4437069420f14972,TN_GAJA_2018_010238,TN_GAJA_2018,1,SINGLE_EVENT_BUILDING
fd822b7d6e604287,TN_GAJA_2018_016718,TN_GAJA_2018,1,SINGLE_EVENT_BUILDING
ba1e277d93e2c2d7,TN_GAJA_2018_033196,TN_GAJA_2018,1,SINGLE_EVENT_BUILDING
75eb9b0ae06a9858,TN_GAJA_2018_033799,TN_GAJA_2018,1,SINGLE_EVENT_BUILDING
1c5a7bf01730de8b,TN_GAJA_2018_046712,TN_GAJA_2018,1,SINGLE_EVENT_BUILDING
8f4a315f4ab693c3,TN_GAJA_2018_054475,TN_GAJA_2018,1,SINGLE_EVENT_BUILDING
368817139b7a18ac,TN_GAJA_2018_063692,TN_GAJA_2018,1,SINGLE_EVENT_BUILDING
758a96171fcb51b1,TN_GAJA_2018_000069,TN_GAJA_2018,1,SINGLE_EVENT_BUILDING
e77a948e49e4aecb,TN_GAJA_2018_006278,TN_GAJA_2018,1,SINGLE_EVENT_BUILDING
a6a69e2bc89d9911,TN_GAJA_2018_006354,TN_GAJA_2018,1,SINGLE_EVENT_BUILDING
034ade89d3418912,TN_GAJA_2018_010321,TN_GAJA_2018,1,SINGLE_EVENT_BUILDING
7bbaf543934d0089,TN_GAJA_2018_016717,TN_GAJA_2018,1,SINGLE_EVENT_BUILDING
7e64bb3df5308e58,TN_GAJA_2018_033185,TN_GAJA_2018,1,SINGLE_EVENT_BUILDING
b4ce41228479a051,TN_GAJA_2018_046690,TN_GAJA_2018,1,SINGLE_EVENT_BUILDING
729a62505e7c0efb,TN_GAJA_2018_046698,TN_GAJA_2018,1,SINGLE_EVENT_BUILDING
d4983b66d4dc5080,TN_GAJA_2018_054460,TN_GAJA_2018,1,SINGLE_EVENT_BUILDING
c4f334477c52e8bd,TN_GAJA_2018_063653,TN_GAJA_2018,1,SINGLE_EVENT_BUILDING
3778ca56ccf2420a,TN_GAJA_2018_001111,TN_GAJA_2018,1,SINGLE_EVENT_BUILDING
43fc01b2c927d3f0,TN_GAJA_2018_001205,TN_GAJA_2018,1,SINGLE_EVENT_BUILDING
9a1b39c64b5a296a,TN_GAJA_2018_006792,TN_GAJA_2018,1,SINGLE_EVENT_BUILDING
81310853fe22a857,TN_GAJA_2018_034729,TN_GAJA_2018,1,SINGLE_EVENT_BUILDING
dcc3c400aa250b39,TN_GAJA_2018_035234,TN_GAJA_2018,1,SINGLE_EVENT_BUILDING
d0a065deb4a74ec3,TN_GAJA_2018_047564,TN_GAJA_2018,1,SINGLE_EVENT_BUILDING
9d752a7ba6524a8c,TN_GAJA_2018_054777,TN_GAJA_2018,1,SINGLE_EVENT_BUILDING
fb63dc136f5d127e,TN_GAJA_2018_064298,TN_GAJA_2018,1,SINGLE_EVENT_BUILDING
7b8b6fb1abfbbae1,TN_GAJA_2018_001130,TN_GAJA_2018,1,SINGLE_EVENT_BUILDING
dec2f8ae8e2d8164,TN_GAJA_2018_001256,TN_GAJA_2018,1,SINGLE_EVENT_BUILDING
ce1e0a9c00073ca2,TN_GAJA_2018_006818,TN_GAJA_2018,1,SINGLE_EVENT_BUILDING
52153745a1a317c9,TN_GAJA_2018_011374,TN_GAJA_2018,1,SINGLE_EVENT_BUILDING
2d85762e8be52a13,TN_GAJA_2018_017098,TN_GAJA_2018,1,SINGLE_EVENT_BUILDING
bd8b57e341ea6590,TN_GAJA_2018_034754,TN_GAJA_2018,1,SINGLE_EVENT_BUILDING
36c7706ad7f5dea6,TN_GAJA_2018_035115,TN_GAJA_2018,1,SINGLE_EVENT_BUILDING
54d0953b4422fd5f,TN_GAJA_2018_047673,TN_GAJA_2018,1,SINGLE_EVENT_BUILDING
3e4e5f8214f73425,TN_GAJA_2018_054866,TN_GAJA_2018,1,SINGLE_EVENT_BUILDING
e0f2ee7ffea65991,TN_GAJA_2018_064392,TN_GAJA_2018,1,SINGLE_EVENT_BUILDING
22b26721e90bf5e7,TN_GAJA_2018_002207,TN_GAJA_2018,1,SINGLE_EVENT_BUILDING
76ca12420cc4b254,TN_GAJA_2018_002335,TN_GAJA_2018,1,SINGLE_EVENT_BUILDING
13ad4a3a421db0a9,TN_GAJA_2018_007845,TN_GAJA_2018,1,SINGLE_EVENT_BUILDING
dce1112469b64a26,TN_GAJA_2018_012103,TN_GAJA_2018,1,SINGLE_EVENT_BUILDING
f35920f1424e605f,TN_GAJA_2018_019865,TN_GAJA_2018,1,SINGLE_EVENT_BUILDING
65e50b245bc40fb1,TN_GAJA_2018_036122,TN_GAJA_2018,1,SINGLE_EVENT_BUILDING
46de65615f61e9de,TN_GAJA_2018_048520,TN_GAJA_2018,1,SINGLE_EVENT_BUILDING
5b41b869de854302,TN_GAJA_2018_048510,TN_GAJA_2018,1,SINGLE_EVENT_BUILDING
165a8643edcd5cd9,TN_GAJA_2018_055308,TN_GAJA_2018,1,SINGLE_EVENT_BUILDING
0ad6b75f7cd96744,TN_GAJA_2018_065084,TN_GAJA_2018,1,SINGLE_EVENT_BUILDING
1557a5247befd02d,TN_GAJA_2018_002391,TN_GAJA_2018,1,SINGLE_EVENT_BUILDING
3fdd6327f7586bd9,TN_GAJA_2018_002349,TN_GAJA_2018,1,SINGLE_EVENT_BUILDING
3209fcbfdd1d63cd,TN_GAJA_2018_012219,TN_GAJA_2018,1,SINGLE_EVENT_BUILDING
97170b4036e103e5,TN_GAJA_2018_019949,TN_GAJA_2018,1,SINGLE_EVENT_BUILDING
af0cf2b4003d92d3,TN_GAJA_2018_036144,TN_GAJA_2018,1,SINGLE_EVENT_BUILDING
c244a293bb72df3f,TN_GAJA_2018_038143,TN_GAJA_2018,1,SINGLE_EVENT_BUILDING
42d6ab2aa0fae78b,TN_GAJA_2018_048775,TN_GAJA_2018,1,SINGLE_EVENT_BUILDING
87282285d704b09d,TN_GAJA_2018_055569,TN_GAJA_2018,1,SINGLE_EVENT_BUILDING
cfafe139665e9cff,TN_GAJA_2018_065090,TN_GAJA_2018,1,SINGLE_EVENT_BUILDING
4bbfbba601b5bbfc,TN_GAJA_2018_003860,TN_GAJA_2018,1,SINGLE_EVENT_BUILDING
b5253a79d0218319,TN_GAJA_2018_003901,TN_GAJA_2018,1,SINGLE_EVENT_BUILDING
dfbf77ddd6ff5642,TN_GAJA_2018_008595,TN_GAJA_2018,1,SINGLE_EVENT_BUILDING
ae8f5b13bd045b63,TN_GAJA_2018_013737,TN_GAJA_2018,1,SINGLE_EVENT_BUILDING
ec8abba94dd4b3c4,TN_GAJA_2018_023559,TN_GAJA_2018,1,SINGLE_EVENT_BUILDING
f769d42b4de85158,TN_GAJA_2018_037706,TN_GAJA_2018,1,SINGLE_EVENT_BUILDING
c93325e692204487,TN_GAJA_2018_037776,TN_GAJA_2018,1,SINGLE_EVENT_BUILDING
ab6d8427e3b530b3,TN_GAJA_2018_049328,TN_GAJA_2018,1,SINGLE_EVENT_BUILDING
149397352b9b7d62,TN_GAJA_2018_056060,TN_GAJA_2018,1,SINGLE_EVENT_BUILDING
a5b202701d3066b1,TN_GAJA_2018_066056,TN_GAJA_2018,1,SINGLE_EVENT_BUILDING
de09ba991d2de177,TN_GAJA_2018_005667,TN_GAJA_2018,1,SINGLE_EVENT_BUILDING
0887f1328b302189,TN_GAJA_2018_005737,TN_GAJA_2018,1,SINGLE_EVENT_BUILDING
02b5edff70d10640,TN_GAJA_2018_009954,TN_GAJA_2018,1,SINGLE_EVENT_BUILDING
308456e8a204af12,TN_GAJA_2018_014541,TN_GAJA_2018,1,SINGLE_EVENT_BUILDING
70bc8be6780cbcf9,TN_GAJA_2018_028495,TN_GAJA_2018,1,SINGLE_EVENT_BUILDING
bc9f0bf67893b9b9,TN_GAJA_2018_042674,TN_GAJA_2018,1,SINGLE_EVENT_BUILDING
e912547cf888bdef,TN_GAJA_2018_042783,TN_GAJA_2018,1,SINGLE_EVENT_BUILDING
bb0fb9533c2317d2,TN_GAJA_2018_052804,TN_GAJA_2018,1,SINGLE_EVENT_BUILDING
f30fadc0990dd85d,TN_GAJA_2018_061054,TN_GAJA_2018,1,SINGLE_EVENT_BUILDING
c0c00c04e9119d1d,TN_GAJA_2018_000015,TN_GAJA_2018,1,SINGLE_EVENT_BUILDING
540f394659ed1eff,TN_GAJA_2018_000147,TN_GAJA_2018,1,SINGLE_EVENT_BUILDING
e1bf1f6d356fef79,TN_GAJA_2018_006270,TN_GAJA_2018,1,SINGLE_EVENT_BUILDING
e7f360df40fe5999,TN_GAJA_2018_010239,TN_GAJA_2018,1,SINGLE_EVENT_BUILDING
da68bf44a419448b,TN_GAJA_2018_016719,TN_GAJA_2018,1,SINGLE_EVENT_BUILDING
e92a8179cafc8608,TN_GAJA_2018_033199,TN_GAJA_2018,1,SINGLE_EVENT_BUILDING
6d850506d22eb0a5,TN_GAJA_2018_033819,TN_GAJA_2018,1,SINGLE_EVENT_BUILDING
2e5fb88b2aad7cff,TN_GAJA_2018_046713,TN_GAJA_2018,1,SINGLE_EVENT_BUILDING
c6a1f0a5d74e0d38,TN_GAJA_2018_054478,TN_GAJA_2018,1,SINGLE_EVENT_BUILDING
cb544f747348353b,TN_GAJA_2018_063696,TN_GAJA_2018,1,SINGLE_EVENT_BUILDING
f48ef16822a2e77e,TN_GAJA_2018_000070,TN_GAJA_2018,1,SINGLE_EVENT_BUILDING
fdc80107a8ac4a74,TN_GAJA_2018_006361,TN_GAJA_2018,1,SINGLE_EVENT_BUILDING
f109c93036e678b6,TN_GAJA_2018_010328,TN_GAJA_2018,1,SINGLE_EVENT_BUILDING
43bcb34f5d38d697,TN_GAJA_2018_016720,TN_GAJA_2018,1,SINGLE_EVENT_BUILDING
f936e268b3a4e00c,TN_GAJA_2018_033186,TN_GAJA_2018,1,SINGLE_EVENT_BUILDING
7a765b0c7f1bc4db,TN_GAJA_2018_046692,TN_GAJA_2018,1,SINGLE_EVENT_BUILDING
cccc14f47b27a6f4,TN_GAJA_2018_046705,TN_GAJA_2018,1,SINGLE_EVENT_BUILDING
c5d94c6fe8a3fe2a,TN_GAJA_2018_054461,TN_GAJA_2018,1,SINGLE_EVENT_BUILDING
739d686bbb6a01b2,TN_GAJA_2018_063654,TN_GAJA_2018,1,SINGLE_EVENT_BUILDING
494ddcb54f8551e3,TN_GAJA_2018_001112,TN_GAJA_2018,1,SINGLE_EVENT_BUILDING
00c3e2eea1cea378,TN_GAJA_2018_001226,TN_GAJA_2018,1,SINGLE_EVENT_BUILDING
1b007c33486d84b1,TN_GAJA_2018_006794,TN_GAJA_2018,1,SINGLE_EVENT_BUILDING
0b6a23705d1100bc,TN_GAJA_2018_011246,TN_GAJA_2018,1,SINGLE_EVENT_BUILDING
2778757c1d9846fa,TN_GAJA_2018_017112,TN_GAJA_2018,1,SINGLE_EVENT_BUILDING
d34995245001a84b,TN_GAJA_2018_034731,TN_GAJA_2018,1,SINGLE_EVENT_BUILDING
47f8ef54ca8617f6,TN_GAJA_2018_035282,TN_GAJA_2018,1,SINGLE_EVENT_BUILDING
c3ce654104562b78,TN_GAJA_2018_047565,TN_GAJA_2018,1,SINGLE_EVENT_BUILDING
1895db2597b0eb95,TN_GAJA_2018_054778,TN_GAJA_2018,1,SINGLE_EVENT_BUILDING
ada5a9e371345cb7,TN_GAJA_2018_064301,TN_GAJA_2018,1,SINGLE_EVENT_BUILDING
cc5e1e549f9543de,TN_GAJA_2018_001131,TN_GAJA_2018,1,SINGLE_EVENT_BUILDING
dc78b67c21713f8d,TN_GAJA_2018_001260,TN_GAJA_2018,1,SINGLE_EVENT_BUILDING
515083e549205fb5,TN_GAJA_2018_006820,TN_GAJA_2018,1,SINGLE_EVENT_BUILDING
83b5b5bd871d789c,TN_GAJA_2018_011388,TN_GAJA_2018,1,SINGLE_EVENT_BUILDING
af78a18f7b05aa6b,TN_GAJA_2018_017100,TN_GAJA_2018,1,SINGLE_EVENT_BUILDING
e50d33bc3ed571e2,TN_GAJA_2018_034760,TN_GAJA_2018,1,SINGLE_EVENT_BUILDING
0c799882a1462463,TN_GAJA_2018_035178,TN_GAJA_2018,1,SINGLE_EVENT_BUILDING
ba3f2df3246a817e,TN_GAJA_2018_047731,TN_GAJA_2018,1,SINGLE_EVENT_BUILDING
366a2414473644c1,TN_GAJA_2018_054873,TN_GAJA_2018,1,SINGLE_EVENT_BUILDING
c23b14f3fb24b9b9,TN_GAJA_2018_064400,TN_GAJA_2018,1,SINGLE_EVENT_BUILDING
12f1acc5a229de99,TN_GAJA_2018_002369,TN_GAJA_2018,1,SINGLE_EVENT_BUILDING
a45f9fcf7d9a7dd3,TN_GAJA_2018_007852,TN_GAJA_2018,1,SINGLE_EVENT_BUILDING
9e0e1280eb61e25b,TN_GAJA_2018_012104,TN_GAJA_2018,1,SINGLE_EVENT_BUILDING
4860cc8e5a3a8e41,TN_GAJA_2018_019867,TN_GAJA_2018,1,SINGLE_EVENT_BUILDING
fce729bd3a6225e5,TN_GAJA_2018_036123,TN_GAJA_2018,1,SINGLE_EVENT_BUILDING
2f6200667c1fc36f,TN_GAJA_2018_048523,TN_GAJA_2018,1,SINGLE_EVENT_BUILDING
256c91c59d42f62a,TN_GAJA_2018_048515,TN_GAJA_2018,1,SINGLE_EVENT_BUILDING
e749f2e631a68145,TN_GAJA_2018_055309,TN_GAJA_2018,1,SINGLE_EVENT_BUILDING
ffbd69a16d987a8f,TN_GAJA_2018_065096,TN_GAJA_2018,1,SINGLE_EVENT_BUILDING
a5f7834bb743ac6b,TN_GAJA_2018_002396,TN_GAJA_2018,1,SINGLE_EVENT_BUILDING
85a269215e4a841f,TN_GAJA_2018_002360,TN_GAJA_2018,1,SINGLE_EVENT_BUILDING
1d81f4a64c3c1a05,TN_GAJA_2018_008618,TN_GAJA_2018,1,SINGLE_EVENT_BUILDING
973382c52369d6ba,TN_GAJA_2018_012226,TN_GAJA_2018,1,SINGLE_EVENT_BUILDING
56bcbd54ef66bd94,TN_GAJA_2018_019952,TN_GAJA_2018,1,SINGLE_EVENT_BUILDING
d2001890a39930fa,TN_GAJA_2018_036146,TN_GAJA_2018,1,SINGLE_EVENT_BUILDING
374bd545b13c5de3,TN_GAJA_2018_038144,TN_GAJA_2018,1,SINGLE_EVENT_BUILDING
1da209eca9079431,TN_GAJA_2018_048794,TN_GAJA_2018,1,SINGLE_EVENT_BUILDING
3599c8efb682d9e4,TN_GAJA_2018_055619,TN_GAJA_2018,1,SINGLE_EVENT_BUILDING
4414da96dc7079ec,TN_GAJA_2018_065091,TN_GAJA_2018,1,SINGLE_EVENT_BUILDING
f724ff4c218d27e7,TN_GAJA_2018_003916,TN_GAJA_2018,1,SINGLE_EVENT_BUILDING
c7b5b8205add7887,TN_GAJA_2018_013757,TN_GAJA_2018,1,SINGLE_EVENT_BUILDING
5941705c6565705e,TN_GAJA_2018_023560,TN_GAJA_2018,1,SINGLE_EVENT_BUILDING
e1f9027afa90bffd,TN_GAJA_2018_037707,TN_GAJA_2018,1,SINGLE_EVENT_BUILDING
2d37889a3210e52f,TN_GAJA_2018_037801,TN_GAJA_2018,1,SINGLE_EVENT_BUILDING
6a0cba8077c731d6,TN_GAJA_2018_049332,TN_GAJA_2018,1,SINGLE_EVENT_BUILDING
5dd49896dd01c23e,TN_GAJA_2018_056062,TN_GAJA_2018,1,SINGLE_EVENT_BUILDING
7db4bd940cdbff3d,TN_GAJA_2018_066058,TN_GAJA_2018,1,SINGLE_EVENT_BUILDING
1b7a0566bfc5f6fb,TN_GAJA_2018_005670,TN_GAJA_2018,1,SINGLE_EVENT_BUILDING
b51e7dd020a746d7,TN_GAJA_2018_005744,TN_GAJA_2018,1,SINGLE_EVENT_BUILDING
60688cc0a4f50e33,TN_GAJA_2018_009971,TN_GAJA_2018,1,SINGLE_EVENT_BUILDING
9a25e5f382fd0d4d,TN_GAJA_2018_014542,TN_GAJA_2018,1,SINGLE_EVENT_BUILDING
84c3e32761f3f25b,TN_GAJA_2018_028496,TN_GAJA_2018,1,SINGLE_EVENT_BUILDING
2f385565440b8a69,TN_GAJA_2018_042786,TN_GAJA_2018,1,SINGLE_EVENT_BUILDING
af64e2ada035e643,TN_GAJA_2018_052806,TN_GAJA_2018,1,SINGLE_EVENT_BUILDING
855595bbcc254e7c,TN_GAJA_2018_061057,TN_GAJA_2018,1,SINGLE_EVENT_BUILDING
96d19c618b5f3406,TN_GAJA_2018_069059,TN_GAJA_2018,1,SINGLE_EVENT_BUILDING
052d4daf6496f568,TN_GAJA_2018_000016,TN_GAJA_2018,1,SINGLE_EVENT_BUILDING
00c6d1f1ab1841d7,TN_GAJA_2018_000156,TN_GAJA_2018,1,SINGLE_EVENT_BUILDING
20a3dd378c1e036b,TN_GAJA_2018_006272,TN_GAJA_2018,1,SINGLE_EVENT_BUILDING
5951e5e2438d8344,TN_GAJA_2018_010241,TN_GAJA_2018,1,SINGLE_EVENT_BUILDING
cf29c4a56b3c165e,TN_GAJA_2018_016722,TN_GAJA_2018,1,SINGLE_EVENT_BUILDING
3ada648a5aea6293,TN_GAJA_2018_033200,TN_GAJA_2018,1,SINGLE_EVENT_BUILDING
29eee8164b49ed71,TN_GAJA_2018_033872,TN_GAJA_2018,1,SINGLE_EVENT_BUILDING
258beb4c4951db6a,TN_GAJA_2018_046717,TN_GAJA_2018,1,SINGLE_EVENT_BUILDING
1b9823bf6bef02b5,TN_GAJA_2018_054480,TN_GAJA_2018,1,SINGLE_EVENT_BUILDING
fb05d63f4df90928,TN_GAJA_2018_063716,TN_GAJA_2018,1,SINGLE_EVENT_BUILDING
1b1376c8c1648869,TN_GAJA_2018_000080,TN_GAJA_2018,1,SINGLE_EVENT_BUILDING
eca965d20f223a2e,TN_GAJA_2018_006291,TN_GAJA_2018,1,SINGLE_EVENT_BUILDING
d553aa0cfadafb34,TN_GAJA_2018_006391,TN_GAJA_2018,1,SINGLE_EVENT_BUILDING
2dd9eb580af51461,TN_GAJA_2018_010333,TN_GAJA_2018,1,SINGLE_EVENT_BUILDING
943134aa5e2b0907,TN_GAJA_2018_016725,TN_GAJA_2018,1,SINGLE_EVENT_BUILDING
2da89986bb3c6955,TN_GAJA_2018_046706,TN_GAJA_2018,1,SINGLE_EVENT_BUILDING
23f3b6b1af837110,TN_GAJA_2018_046711,TN_GAJA_2018,1,SINGLE_EVENT_BUILDING
20ae6544b5f4b396,TN_GAJA_2018_054462,TN_GAJA_2018,1,SINGLE_EVENT_BUILDING
277dcbaaac1c6550,TN_GAJA_2018_063658,TN_GAJA_2018,1,SINGLE_EVENT_BUILDING
15632fabeb7914d0,TN_GAJA_2018_001114,TN_GAJA_2018,1,SINGLE_EVENT_BUILDING
3d7512a0c867d4e4,TN_GAJA_2018_001244,TN_GAJA_2018,1,SINGLE_EVENT_BUILDING
dc73a1332c2e4375,TN_GAJA_2018_006795,TN_GAJA_2018,1,SINGLE_EVENT_BUILDING
541d05ede79d5b56,TN_GAJA_2018_011253,TN_GAJA_2018,1,SINGLE_EVENT_BUILDING
3b45ab9031970b37,TN_GAJA_2018_017114,TN_GAJA_2018,1,SINGLE_EVENT_BUILDING
b46b22bf3a18dc6d,TN_GAJA_2018_034734,TN_GAJA_2018,1,SINGLE_EVENT_BUILDING
04820428e9646a7b,TN_GAJA_2018_035283,TN_GAJA_2018,1,SINGLE_EVENT_BUILDING
fe6d52d830fcc128,TN_GAJA_2018_047567,TN_GAJA_2018,1,SINGLE_EVENT_BUILDING
8ccfa266d6eec7d4,TN_GAJA_2018_054779,TN_GAJA_2018,1,SINGLE_EVENT_BUILDING
eccdc9537737c0a3,TN_GAJA_2018_064307,TN_GAJA_2018,1,SINGLE_EVENT_BUILDING
08389486aca65dea,TN_GAJA_2018_001134,TN_GAJA_2018,1,SINGLE_EVENT_BUILDING
63a6d1fdc97e8e02,TN_GAJA_2018_001272,TN_GAJA_2018,1,SINGLE_EVENT_BUILDING
21c1d799e5b804d7,TN_GAJA_2018_006826,TN_GAJA_2018,1,SINGLE_EVENT_BUILDING
14bb86439a137603,TN_GAJA_2018_011483,TN_GAJA_2018,1,SINGLE_EVENT_BUILDING
e1c59fb07eb14bda,TN_GAJA_2018_017102,TN_GAJA_2018,1,SINGLE_EVENT_BUILDING
89b40b675d1c7557,TN_GAJA_2018_034765,TN_GAJA_2018,1,SINGLE_EVENT_BUILDING
bfac346aa4094d14,TN_GAJA_2018_035285,TN_GAJA_2018,1,SINGLE_EVENT_BUILDING
858547e55f293674,TN_GAJA_2018_047800,TN_GAJA_2018,1,SINGLE_EVENT_BUILDING
f7f180d2037a9ec3,TN_GAJA_2018_054887,TN_GAJA_2018,1,SINGLE_EVENT_BUILDING
84e5413b0c2392ba,TN_GAJA_2018_064403,TN_GAJA_2018,1,SINGLE_EVENT_BUILDING
92c69c0027ff5b01,TN_GAJA_2018_002213,TN_GAJA_2018,1,SINGLE_EVENT_BUILDING
9fe82f88b55d2874,TN_GAJA_2018_002377,TN_GAJA_2018,1,SINGLE_EVENT_BUILDING
55550755a651758c,TN_GAJA_2018_007855,TN_GAJA_2018,1,SINGLE_EVENT_BUILDING
b95a975fba1d8a3d,TN_GAJA_2018_012105,TN_GAJA_2018,1,SINGLE_EVENT_BUILDING
094df52133f1932a,TN_GAJA_2018_019868,TN_GAJA_2018,1,SINGLE_EVENT_BUILDING
d4a15e5005a48edf,TN_GAJA_2018_036124,TN_GAJA_2018,1,SINGLE_EVENT_BUILDING
11ff1591a6012dd0,TN_GAJA_2018_048527,TN_GAJA_2018,1,SINGLE_EVENT_BUILDING
ce5e75536b044c9b,TN_GAJA_2018_048517,TN_GAJA_2018,1,SINGLE_EVENT_BUILDING
9e4c878de1b2f4ca,TN_GAJA_2018_055310,TN_GAJA_2018,1,SINGLE_EVENT_BUILDING
d2faf1f41dbcf271,TN_GAJA_2018_065097,TN_GAJA_2018,1,SINGLE_EVENT_BUILDING
202a82443fbb2a24,TN_GAJA_2018_002403,TN_GAJA_2018,1,SINGLE_EVENT_BUILDING
d272d14cbdaa4b50,TN_GAJA_2018_002386,TN_GAJA_2018,1,SINGLE_EVENT_BUILDING
22c9a48aaf5affb9,TN_GAJA_2018_008620,TN_GAJA_2018,1,SINGLE_EVENT_BUILDING
f80bce933c1cd483,TN_GAJA_2018_012234,TN_GAJA_2018,1,SINGLE_EVENT_BUILDING
b60b69a7f70743c8,TN_GAJA_2018_019980,TN_GAJA_2018,1,SINGLE_EVENT_BUILDING
3325a842a236e41a,TN_GAJA_2018_036147,TN_GAJA_2018,1,SINGLE_EVENT_BUILDING
95141c0c59818500,TN_GAJA_2018_038149,TN_GAJA_2018,1,SINGLE_EVENT_BUILDING
b8719e29cb7cefdd,TN_GAJA_2018_048824,TN_GAJA_2018,1,SINGLE_EVENT_BUILDING
9fcc0da4ac9e6a56,TN_GAJA_2018_055623,TN_GAJA_2018,1,SINGLE_EVENT_BUILDING
2bebc92bf5ea931d,TN_GAJA_2018_065094,TN_GAJA_2018,1,SINGLE_EVENT_BUILDING
afff6bd8413e2d8e,TN_GAJA_2018_003863,TN_GAJA_2018,1,SINGLE_EVENT_BUILDING
de55504bf926f4bc,TN_GAJA_2018_003921,TN_GAJA_2018,1,SINGLE_EVENT_BUILDING
7a2b46771643f144,TN_GAJA_2018_008602,TN_GAJA_2018,1,SINGLE_EVENT_BUILDING
f99a5d6820d82fb5,TN_GAJA_2018_013783,TN_GAJA_2018,1,SINGLE_EVENT_BUILDING
169f2c08e646da7e,TN_GAJA_2018_023561,TN_GAJA_2018,1,SINGLE_EVENT_BUILDING
28f9c8d55a52b59b,TN_GAJA_2018_037709,TN_GAJA_2018,1,SINGLE_EVENT_BUILDING
78230d700ad1197b,TN_GAJA_2018_037811,TN_GAJA_2018,1,SINGLE_EVENT_BUILDING
33ac25f6678a0bd0,TN_GAJA_2018_049334,TN_GAJA_2018,1,SINGLE_EVENT_BUILDING
4e0d5e56d921c793,TN_GAJA_2018_056063,TN_GAJA_2018,1,SINGLE_EVENT_BUILDING
0a79abb30352cd61,TN_GAJA_2018_066059,TN_GAJA_2018,1,SINGLE_EVENT_BUILDING
6d3ee88dcaca3c34,TN_GAJA_2018_005673,TN_GAJA_2018,1,SINGLE_EVENT_BUILDING
ca249b96644bfed3,TN_GAJA_2018_005749,TN_GAJA_2018,1,SINGLE_EVENT_BUILDING
61fdcd50427b8180,TN_GAJA_2018_009974,TN_GAJA_2018,1,SINGLE_EVENT_BUILDING
f3489842e9e55e0d,TN_GAJA_2018_014543,TN_GAJA_2018,1,SINGLE_EVENT_BUILDING
5a6ee7bd46d3d906,TN_GAJA_2018_042676,TN_GAJA_2018,1,SINGLE_EVENT_BUILDING
a802efc556145ea8,TN_GAJA_2018_052808,TN_GAJA_2018,1,SINGLE_EVENT_BUILDING
0adea6128db04516,TN_GAJA_2018_061059,TN_GAJA_2018,1,SINGLE_EVENT_BUILDING
d9155d0820714fe5,TN_GAJA_2018_069071,TN_GAJA_2018,1,SINGLE_EVENT_BUILDING
e0c039d2bac622b8,TN_GAJA_2018_000017,TN_GAJA_2018,1,SINGLE_EVENT_BUILDING
992b2ea0527bb976,TN_GAJA_2018_000158,TN_GAJA_2018,1,SINGLE_EVENT_BUILDING
90236587cab609b8,TN_GAJA_2018_006276,TN_GAJA_2018,1,SINGLE_EVENT_BUILDING
f44d90f64756cbbc,TN_GAJA_2018_010242,TN_GAJA_2018,1,SINGLE_EVENT_BUILDING
ad460cf53e1eb53e,TN_GAJA_2018_016723,TN_GAJA_2018,1,SINGLE_EVENT_BUILDING
551f975e9e3b1446,TN_GAJA_2018_033201,TN_GAJA_2018,1,SINGLE_EVENT_BUILDING
d9e920d770f441b5,TN_GAJA_2018_033889,TN_GAJA_2018,1,SINGLE_EVENT_BUILDING
de9b1180904194b3,TN_GAJA_2018_046721,TN_GAJA_2018,1,SINGLE_EVENT_BUILDING
25dc964316892751,TN_GAJA_2018_054484,TN_GAJA_2018,1,SINGLE_EVENT_BUILDING
6d8d5d03ea7de24e,TN_GAJA_2018_063723,TN_GAJA_2018,1,SINGLE_EVENT_BUILDING
af385bef13937fc6,TN_GAJA_2018_000095,TN_GAJA_2018,1,SINGLE_EVENT_BUILDING
9dc2262f2f640439,TN_GAJA_2018_006292,TN_GAJA_2018,1,SINGLE_EVENT_BUILDING
84823649290b8103,TN_GAJA_2018_006402,TN_GAJA_2018,1,SINGLE_EVENT_BUILDING
34580f19c04970a2,TN_GAJA_2018_010347,TN_GAJA_2018,1,SINGLE_EVENT_BUILDING
c475798c1f2b3cc9,TN_GAJA_2018_016729,TN_GAJA_2018,1,SINGLE_EVENT_BUILDING
50b3a90d0e752a56,TN_GAJA_2018_033190,TN_GAJA_2018,1,SINGLE_EVENT_BUILDING
50280ba82c6ff90c,TN_GAJA_2018_046715,TN_GAJA_2018,1,SINGLE_EVENT_BUILDING
03ca88cfa5c93f4d,TN_GAJA_2018_046716,TN_GAJA_2018,1,SINGLE_EVENT_BUILDING
cefaa922d64d1dba,TN_GAJA_2018_054463,TN_GAJA_2018,1,SINGLE_EVENT_BUILDING
7f15e780ef1df81a,TN_GAJA_2018_063662,TN_GAJA_2018,1,SINGLE_EVENT_BUILDING
aefc7a1656d34803,TN_GAJA_2018_001116,TN_GAJA_2018,1,SINGLE_EVENT_BUILDING
592c7b1e12541ac8,TN_GAJA_2018_001246,TN_GAJA_2018,1,SINGLE_EVENT_BUILDING
f19931e9bed7856e,TN_GAJA_2018_006801,TN_GAJA_2018,1,SINGLE_EVENT_BUILDING
16c1087dfcf223a6,TN_GAJA_2018_011255,TN_GAJA_2018,1,SINGLE_EVENT_BUILDING
2776073715ec90f9,TN_GAJA_2018_017115,TN_GAJA_2018,1,SINGLE_EVENT_BUILDING
273347fa69c47f25,TN_GAJA_2018_034736,TN_GAJA_2018,1,SINGLE_EVENT_BUILDING
1df0accb3fc27395,TN_GAJA_2018_035310,TN_GAJA_2018,1,SINGLE_EVENT_BUILDING
0d1f0f8cb958aeeb,TN_GAJA_2018_047577,TN_GAJA_2018,1,SINGLE_EVENT_BUILDING
388dab8fbc63ae91,TN_GAJA_2018_054780,TN_GAJA_2018,1,SINGLE_EVENT_BUILDING
1fb9b57a9130b1ef,TN_GAJA_2018_064308,TN_GAJA_2018,1,SINGLE_EVENT_BUILDING
533a88956496f66c,TN_GAJA_2018_001135,TN_GAJA_2018,1,SINGLE_EVENT_BUILDING
ccddfd1786c43ccb,TN_GAJA_2018_001274,TN_GAJA_2018,1,SINGLE_EVENT_BUILDING
6fe760ca69d5d75a,TN_GAJA_2018_006830,TN_GAJA_2018,1,SINGLE_EVENT_BUILDING
eb84c2a575472b42,TN_GAJA_2018_011544,TN_GAJA_2018,1,SINGLE_EVENT_BUILDING
c9a62c7f32b6fd3f,TN_GAJA_2018_017106,TN_GAJA_2018,1,SINGLE_EVENT_BUILDING
e093c7fba0055221,TN_GAJA_2018_034768,TN_GAJA_2018,1,SINGLE_EVENT_BUILDING
9239a141cd408bca,TN_GAJA_2018_035406,TN_GAJA_2018,1,SINGLE_EVENT_BUILDING
e5ea10a6bd86a0c3,TN_GAJA_2018_047866,TN_GAJA_2018,1,SINGLE_EVENT_BUILDING
17ea19ee160a59d7,TN_GAJA_2018_054888,TN_GAJA_2018,1,SINGLE_EVENT_BUILDING
2fd9e4626d83cff4,TN_GAJA_2018_064433,TN_GAJA_2018,1,SINGLE_EVENT_BUILDING
f7a3296ed509dec9,TN_GAJA_2018_002214,TN_GAJA_2018,1,SINGLE_EVENT_BUILDING
f6e5556028dd432f,TN_GAJA_2018_002379,TN_GAJA_2018,1,SINGLE_EVENT_BUILDING
ac550d1cd95a37c2,TN_GAJA_2018_007856,TN_GAJA_2018,1,SINGLE_EVENT_BUILDING
da9294ab54ae5468,TN_GAJA_2018_012106,TN_GAJA_2018,1,SINGLE_EVENT_BUILDING
55545f6a10609fb5,TN_GAJA_2018_019869,TN_GAJA_2018,1,SINGLE_EVENT_BUILDING
4cf75b6bc66b36e6,TN_GAJA_2018_036125,TN_GAJA_2018,1,SINGLE_EVENT_BUILDING
6f51babe22c22a23,TN_GAJA_2018_048530,TN_GAJA_2018,1,SINGLE_EVENT_BUILDING
6334eedcc950aaff,TN_GAJA_2018_048518,TN_GAJA_2018,1,SINGLE_EVENT_BUILDING
92b0ac79f1e327a5,TN_GAJA_2018_055312,TN_GAJA_2018,1,SINGLE_EVENT_BUILDING
adb42b3742fa211a,TN_GAJA_2018_065098,TN_GAJA_2018,1,SINGLE_EVENT_BUILDING
0be86f494fe4dc01,TN_GAJA_2018_002423,TN_GAJA_2018,1,SINGLE_EVENT_BUILDING
5c60fa190711fffb,TN_GAJA_2018_002405,TN_GAJA_2018,1,SINGLE_EVENT_BUILDING
030ab8c49bb88e7e,TN_GAJA_2018_008627,TN_GAJA_2018,1,SINGLE_EVENT_BUILDING
b069a2fbe2610398,TN_NIVAR_2020_000022,TN_NIVAR_2020,1,SINGLE_EVENT_BUILDING
6585107d3979bcbb,TN_NIVAR_2020_008545,TN_NIVAR_2020,1,SINGLE_EVENT_BUILDING
3eb85fef20c2e8b5,TN_NIVAR_2020_016999,TN_NIVAR_2020,1,SINGLE_EVENT_BUILDING
8a77aeaed208a79a,TN_NIVAR_2020_029833,TN_NIVAR_2020,1,SINGLE_EVENT_BUILDING
57de0f909bf85ce5,TN_NIVAR_2020_048040,TN_NIVAR_2020,1,SINGLE_EVENT_BUILDING
dd10754ab781f2b1,TN_NIVAR_2020_069495,TN_NIVAR_2020,1,SINGLE_EVENT_BUILDING
81abfa94979abe42,TN_NIVAR_2020_085402,TN_NIVAR_2020,2,MULTI_EVENT_BUILDING
954354f20d224eb4,TN_NIVAR_2020_096325,TN_NIVAR_2020,1,SINGLE_EVENT_BUILDING
90d004ff93f93b58,TN_NIVAR_2020_000002,TN_NIVAR_2020,1,SINGLE_EVENT_BUILDING
93c7aefe791923f1,TN_NIVAR_2020_000119,TN_NIVAR_2020,2,MULTI_EVENT_BUILDING
876db0d8b72f8e38,TN_NIVAR_2020_008628,TN_NIVAR_2020,1,SINGLE_EVENT_BUILDING
2bba65bf66fe0c3b,TN_NIVAR_2020_016991,TN_NIVAR_2020,1,SINGLE_EVENT_BUILDING
3e08c9eff878cfe4,TN_NIVAR_2020_029834,TN_NIVAR_2020,1,SINGLE_EVENT_BUILDING
a7d6a6fddfae5ae5,TN_NIVAR_2020_029832,TN_NIVAR_2020,1,SINGLE_EVENT_BUILDING
86ff247e903389da,TN_NIVAR_2020_048043,TN_NIVAR_2020,1,SINGLE_EVENT_BUILDING
85dbf1a093ab518b,TN_NIVAR_2020_069514,TN_NIVAR_2020,1,SINGLE_EVENT_BUILDING
588e63cad1e6c1e7,TN_NIVAR_2020_085401,TN_NIVAR_2020,1,SINGLE_EVENT_BUILDING
45c18999959549a9,TN_NIVAR_2020_096322,TN_NIVAR_2020,1,SINGLE_EVENT_BUILDING
69a97c1585dfdebc,TN_NIVAR_2020_000717,TN_NIVAR_2020,1,SINGLE_EVENT_BUILDING
e50b69f4a8f5d7a2,TN_NIVAR_2020_000716,TN_NIVAR_2020,1,SINGLE_EVENT_BUILDING
9955db533452bc7a,TN_NIVAR_2020_009976,TN_NIVAR_2020,2,MULTI_EVENT_BUILDING
1a8b1fb1a4e2e792,TN_NIVAR_2020_017761,TN_NIVAR_2020,1,SINGLE_EVENT_BUILDING
be140ca745b8470d,TN_NIVAR_2020_030748,TN_NIVAR_2020,2,MULTI_EVENT_BUILDING
71750a02257a9a65,TN_NIVAR_2020_030993,TN_NIVAR_2020,1,SINGLE_EVENT_BUILDING
ade4cc2e7df9ffe1,TN_NIVAR_2020_051800,TN_NIVAR_2020,1,SINGLE_EVENT_BUILDING
88e0717de6883fec,TN_NIVAR_2020_071729,TN_NIVAR_2020,1,SINGLE_EVENT_BUILDING
6543ca4f4a4b08d3,TN_NIVAR_2020_086359,TN_NIVAR_2020,1,SINGLE_EVENT_BUILDING
3c34ebf5e313b343,TN_NIVAR_2020_097192,TN_NIVAR_2020,1,SINGLE_EVENT_BUILDING
63d35943aabf99b8,TN_NIVAR_2020_000743,TN_NIVAR_2020,1,SINGLE_EVENT_BUILDING
3ae85dbae9909693,TN_NIVAR_2020_002057,TN_NIVAR_2020,2,MULTI_EVENT_BUILDING
e65caa570fccd2d0,TN_NIVAR_2020_010379,TN_NIVAR_2020,1,SINGLE_EVENT_BUILDING
72a808dcb36fa09e,TN_NIVAR_2020_017762,TN_NIVAR_2020,1,SINGLE_EVENT_BUILDING
9e6db61ce57b3ef6,TN_NIVAR_2020_030755,TN_NIVAR_2020,1,SINGLE_EVENT_BUILDING
5dcf895bd0b26e66,TN_NIVAR_2020_032438,TN_NIVAR_2020,1,SINGLE_EVENT_BUILDING
36060abc2940092b,TN_NIVAR_2020_051786,TN_NIVAR_2020,1,SINGLE_EVENT_BUILDING
c78a2761232b3f17,TN_NIVAR_2020_071859,TN_NIVAR_2020,2,MULTI_EVENT_BUILDING
630b1f06d7ceef42,TN_NIVAR_2020_086361,TN_NIVAR_2020,1,SINGLE_EVENT_BUILDING
1ce8b418dcb0e6ac,TN_NIVAR_2020_097194,TN_NIVAR_2020,1,SINGLE_EVENT_BUILDING
1790316966d5c0d3,TN_NIVAR_2020_002049,TN_NIVAR_2020,1,SINGLE_EVENT_BUILDING
3f447ba2dc4f516f,TN_NIVAR_2020_002050,TN_NIVAR_2020,1,SINGLE_EVENT_BUILDING
25eab58484f799e4,TN_NIVAR_2020_010764,TN_NIVAR_2020,1,SINGLE_EVENT_BUILDING
a0bdea5ad3ff4195,TN_NIVAR_2020_018442,TN_NIVAR_2020,1,SINGLE_EVENT_BUILDING
08e273e11d5b5606,TN_NIVAR_2020_034155,TN_NIVAR_2020,1,SINGLE_EVENT_BUILDING
fa649db46f6c60d5,TN_NIVAR_2020_038582,TN_NIVAR_2020,2,MULTI_EVENT_BUILDING
7194ee67b33819fd,TN_NIVAR_2020_054603,TN_NIVAR_2020,1,SINGLE_EVENT_BUILDING
8a175cf14617f75b,TN_NIVAR_2020_073661,TN_NIVAR_2020,1,SINGLE_EVENT_BUILDING
4701caa5808699cd,TN_NIVAR_2020_088255,TN_NIVAR_2020,1,SINGLE_EVENT_BUILDING
2779287816fbbf81,TN_NIVAR_2020_098624,TN_NIVAR_2020,1,SINGLE_EVENT_BUILDING
c659ba56741437e8,TN_NIVAR_2020_005129,TN_NIVAR_2020,2,MULTI_EVENT_BUILDING
b0037b82ad4fd1f7,TN_NIVAR_2020_005137,TN_NIVAR_2020,1,SINGLE_EVENT_BUILDING
218349a76fe80235,TN_NIVAR_2020_011953,TN_NIVAR_2020,1,SINGLE_EVENT_BUILDING
7e297e2e942b9e78,TN_NIVAR_2020_019963,TN_NIVAR_2020,1,SINGLE_EVENT_BUILDING
77b495877f66ade1,TN_NIVAR_2020_039115,TN_NIVAR_2020,1,SINGLE_EVENT_BUILDING
aec77a25c9647e09,TN_NIVAR_2020_059526,TN_NIVAR_2020,1,SINGLE_EVENT_BUILDING
30fcf74b33b17c0a,TN_NIVAR_2020_078622,TN_NIVAR_2020,1,SINGLE_EVENT_BUILDING
300b412bbca1b61b,TN_NIVAR_2020_090631,TN_NIVAR_2020,1,SINGLE_EVENT_BUILDING
d36dc6c33240af67,TN_NIVAR_2020_102762,TN_NIVAR_2020,1,SINGLE_EVENT_BUILDING
cdf7759a3450869c,TN_NIVAR_2020_005135,TN_NIVAR_2020,1,SINGLE_EVENT_BUILDING
b098c75593f0f57c,TN_NIVAR_2020_005134,TN_NIVAR_2020,1,SINGLE_EVENT_BUILDING
3b58b999c04d07b0,TN_NIVAR_2020_011958,TN_NIVAR_2020,1,SINGLE_EVENT_BUILDING
c7d4a7f13dc728c4,TN_NIVAR_2020_019969,TN_NIVAR_2020,2,MULTI_EVENT_BUILDING
0cfca084f123453e,TN_NIVAR_2020_039117,TN_NIVAR_2020,1,SINGLE_EVENT_BUILDING
c475f4280b4f8f52,TN_NIVAR_2020_059523,TN_NIVAR_2020,1,SINGLE_EVENT_BUILDING
56454a53780029d8,TN_NIVAR_2020_059535,TN_NIVAR_2020,1,SINGLE_EVENT_BUILDING
afa31abe2bb680ae,TN_NIVAR_2020_078625,TN_NIVAR_2020,1,SINGLE_EVENT_BUILDING
965c93c6cbcf0303,TN_NIVAR_2020_090625,TN_NIVAR_2020,1,SINGLE_EVENT_BUILDING
30531b648c1c8f90,TN_NIVAR_2020_102761,TN_NIVAR_2020,1,SINGLE_EVENT_BUILDING
941f2d0118fd7ac2,TN_NIVAR_2020_008397,TN_NIVAR_2020,1,SINGLE_EVENT_BUILDING
49a2401f0ec863a2,TN_NIVAR_2020_016926,TN_NIVAR_2020,1,SINGLE_EVENT_BUILDING
e1a92972e3eddff5,TN_NIVAR_2020_024895,TN_NIVAR_2020,1,SINGLE_EVENT_BUILDING
72972c29b748d48f,TN_NIVAR_2020_044064,TN_NIVAR_2020,1,SINGLE_EVENT_BUILDING
63d3f16fa331804c,TN_NIVAR_2020_064445,TN_NIVAR_2020,1,SINGLE_EVENT_BUILDING
7c99a2cbbda7e9a1,TN_NIVAR_2020_064455,TN_NIVAR_2020,1,SINGLE_EVENT_BUILDING
ea652d652861c130,TN_NIVAR_2020_083293,TN_NIVAR_2020,2,MULTI_EVENT_BUILDING
b9664e722928cc40,TN_NIVAR_2020_091816,TN_NIVAR_2020,1,SINGLE_EVENT_BUILDING
7529354600bcae28,TN_NIVAR_2020_104120,TN_NIVAR_2020,1,SINGLE_EVENT_BUILDING
542070e51d8abf2f,TN_NIVAR_2020_016990,TN_NIVAR_2020,1,SINGLE_EVENT_BUILDING
b58e434b7660fe6d,TN_NIVAR_2020_044283,TN_NIVAR_2020,2,MULTI_EVENT_BUILDING
f6f42b2b1a2ebe97,TN_NIVAR_2020_064501,TN_NIVAR_2020,1,SINGLE_EVENT_BUILDING
f4955c9dc33772a0,TN_NIVAR_2020_064465,TN_NIVAR_2020,1,SINGLE_EVENT_BUILDING
797fa94ded879a10,TN_NIVAR_2020_083773,TN_NIVAR_2020,1,SINGLE_EVENT_BUILDING
5c6546a6f22d4baa,TN_NIVAR_2020_091889,TN_NIVAR_2020,1,SINGLE_EVENT_BUILDING
c8200c577edd7f92,TN_NIVAR_2020_104119,TN_NIVAR_2020,1,SINGLE_EVENT_BUILDING
7aa71d103edb57c7,TN_NIVAR_2020_069490,TN_NIVAR_2020,1,SINGLE_EVENT_BUILDING
82798996026bf4d1,TN_NIVAR_2020_085395,TN_NIVAR_2020,1,SINGLE_EVENT_BUILDING
86b0e6a01f12a954,TN_NIVAR_2020_085060,TN_NIVAR_2020,2,MULTI_EVENT_BUILDING
285994b3e4e7eb0d,TN_NIVAR_2020_095919,TN_NIVAR_2020,1,SINGLE_EVENT_BUILDING
50f05b649f9d082c,TN_NIVAR_2020_107800,TN_NIVAR_2020,1,SINGLE_EVENT_BUILDING
2f59d54488a81a15,TN_NIVAR_2020_000034,TN_NIVAR_2020,1,SINGLE_EVENT_BUILDING
92ab045f1a90f2dd,TN_NIVAR_2020_008553,TN_NIVAR_2020,1,SINGLE_EVENT_BUILDING
aa402219c8782277,TN_NIVAR_2020_017000,TN_NIVAR_2020,1,SINGLE_EVENT_BUILDING
8f98a2c2d292e4bd,TN_NIVAR_2020_029837,TN_NIVAR_2020,1,SINGLE_EVENT_BUILDING
7718a0a178d3a4e4,TN_NIVAR_2020_048039,TN_NIVAR_2020,2,MULTI_EVENT_BUILDING
3f9bb15c06bc5f50,TN_NIVAR_2020_048041,TN_NIVAR_2020,1,SINGLE_EVENT_BUILDING
8ddd807d3345810b,TN_NIVAR_2020_069496,TN_NIVAR_2020,1,SINGLE_EVENT_BUILDING
669eb4a7642935b3,TN_NIVAR_2020_085404,TN_NIVAR_2020,1,SINGLE_EVENT_BUILDING
9439958724e994a9,TN_NIVAR_2020_096332,TN_NIVAR_2020,2,MULTI_EVENT_BUILDING
a03600770458e97b,TN_NIVAR_2020_000190,TN_NIVAR_2020,2,MULTI_EVENT_BUILDING
9c5b2bb360753738,TN_NIVAR_2020_008755,TN_NIVAR_2020,1,SINGLE_EVENT_BUILDING
959d368f185a6f32,TN_NIVAR_2020_016994,TN_NIVAR_2020,1,SINGLE_EVENT_BUILDING
993c8959e8c5cb57,TN_NIVAR_2020_029835,TN_NIVAR_2020,1,SINGLE_EVENT_BUILDING
58cf720a5c3c6a0d,TN_NIVAR_2020_029839,TN_NIVAR_2020,1,SINGLE_EVENT_BUILDING
6e2f70b61060b4da,TN_NIVAR_2020_048056,TN_NIVAR_2020,1,SINGLE_EVENT_BUILDING
4351b07d30f01d6e,TN_NIVAR_2020_069524,TN_NIVAR_2020,1,SINGLE_EVENT_BUILDING
cb5b4939797b739d,TN_NIVAR_2020_085403,TN_NIVAR_2020,1,SINGLE_EVENT_BUILDING
4dd4b65567a799d8,TN_NIVAR_2020_096324,TN_NIVAR_2020,1,SINGLE_EVENT_BUILDING
3a652d0544e2244c,TN_NIVAR_2020_000718,TN_NIVAR_2020,1,SINGLE_EVENT_BUILDING
9b34b3a48cb8f60f,TN_NIVAR_2020_000719,TN_NIVAR_2020,1,SINGLE_EVENT_BUILDING
f11ca00b90d16a15,TN_NIVAR_2020_009980,TN_NIVAR_2020,2,MULTI_EVENT_BUILDING
a75cd3245a48ae32,TN_NIVAR_2020_017763,TN_NIVAR_2020,1,SINGLE_EVENT_BUILDING
3c7d27347a988720,TN_NIVAR_2020_030749,TN_NIVAR_2020,2,MULTI_EVENT_BUILDING
a8d2854b75c3b0a9,TN_NIVAR_2020_031502,TN_NIVAR_2020,2,MULTI_EVENT_BUILDING
8e559ee1da48322d,TN_NIVAR_2020_051806,TN_NIVAR_2020,1,SINGLE_EVENT_BUILDING
abfe1055bcd4bdf4,TN_NIVAR_2020_071819,TN_NIVAR_2020,2,MULTI_EVENT_BUILDING
734d64c119ca7bae,TN_NIVAR_2020_086360,TN_NIVAR_2020,2,MULTI_EVENT_BUILDING
d7806d49ddc23048,TN_NIVAR_2020_097193,TN_NIVAR_2020,1,SINGLE_EVENT_BUILDING
5b6a694b60d5bedc,TN_NIVAR_2020_000748,TN_NIVAR_2020,1,SINGLE_EVENT_BUILDING
e81a66a3a5281699,TN_NIVAR_2020_002067,TN_NIVAR_2020,1,SINGLE_EVENT_BUILDING
b1ef62d542931c0a,TN_NIVAR_2020_010701,TN_NIVAR_2020,1,SINGLE_EVENT_BUILDING
d5812ed67977a28a,TN_NIVAR_2020_017768,TN_NIVAR_2020,1,SINGLE_EVENT_BUILDING
bea0dc76054b251a,TN_NIVAR_2020_030756,TN_NIVAR_2020,1,SINGLE_EVENT_BUILDING
61feff164c27f449,TN_NIVAR_2020_033450,TN_NIVAR_2020,1,SINGLE_EVENT_BUILDING
f7c285e91249ef08,TN_NIVAR_2020_071988,TN_NIVAR_2020,1,SINGLE_EVENT_BUILDING
a27f344b36afab10,TN_NIVAR_2020_086367,TN_NIVAR_2020,1,SINGLE_EVENT_BUILDING
c31fb59f881458d3,TN_NIVAR_2020_097196,TN_NIVAR_2020,1,SINGLE_EVENT_BUILDING
0d93e00893343f71,TN_NIVAR_2020_002052,TN_NIVAR_2020,1,SINGLE_EVENT_BUILDING
efea9cce87f9b597,TN_NIVAR_2020_002065,TN_NIVAR_2020,1,SINGLE_EVENT_BUILDING
b195598aed36aedb,TN_NIVAR_2020_010977,TN_NIVAR_2020,1,SINGLE_EVENT_BUILDING
60e13019ef6f86a4,TN_NIVAR_2020_018443,TN_NIVAR_2020,1,SINGLE_EVENT_BUILDING
e7b108eb5a61605f,TN_NIVAR_2020_034157,TN_NIVAR_2020,2,MULTI_EVENT_BUILDING
7bae3f58cdc1778e,TN_NIVAR_2020_041904,TN_NIVAR_2020,1,SINGLE_EVENT_BUILDING
e426a56c0ae814fc,TN_NIVAR_2020_054605,TN_NIVAR_2020,1,SINGLE_EVENT_BUILDING
ede44f01d9b22ec5,TN_NIVAR_2020_073690,TN_NIVAR_2020,1,SINGLE_EVENT_BUILDING
6c1341b06a21afd1,TN_NIVAR_2020_088259,TN_NIVAR_2020,1,SINGLE_EVENT_BUILDING
7f07ddff6389f7e0,TN_NIVAR_2020_098628,TN_NIVAR_2020,2,MULTI_EVENT_BUILDING
7363294babfe8214,TN_NIVAR_2020_005130,TN_NIVAR_2020,2,MULTI_EVENT_BUILDING
c3e057348ad76d9e,TN_NIVAR_2020_005145,TN_NIVAR_2020,1,SINGLE_EVENT_BUILDING
c39810dda20ac899,TN_NIVAR_2020_011954,TN_NIVAR_2020,1,SINGLE_EVENT_BUILDING
2e4f25a988e90f39,TN_NIVAR_2020_019976,TN_NIVAR_2020,2,MULTI_EVENT_BUILDING
ac26b4d13a6e52e9,TN_NIVAR_2020_039116,TN_NIVAR_2020,1,SINGLE_EVENT_BUILDING
117089a87b3b18aa,TN_NIVAR_2020_059522,TN_NIVAR_2020,1,SINGLE_EVENT_BUILDING
92605cd9eee6845c,TN_NIVAR_2020_059532,TN_NIVAR_2020,1,SINGLE_EVENT_BUILDING
63e65f4c3fcdc939,TN_NIVAR_2020_078641,TN_NIVAR_2020,2,MULTI_EVENT_BUILDING
ded31454a806bedb,TN_NIVAR_2020_090641,TN_NIVAR_2020,1,SINGLE_EVENT_BUILDING
1c841973252f4253,TN_NIVAR_2020_102763,TN_NIVAR_2020,2,MULTI_EVENT_BUILDING
4b0efc7d6c1a6473,TN_NIVAR_2020_005136,TN_NIVAR_2020,2,MULTI_EVENT_BUILDING
550e1b733555b441,TN_NIVAR_2020_005153,TN_NIVAR_2020,1,SINGLE_EVENT_BUILDING
1f21d4f67b8dfc8d,TN_NIVAR_2020_011967,TN_NIVAR_2020,1,SINGLE_EVENT_BUILDING
2f34752a0ed35707,TN_NIVAR_2020_019971,TN_NIVAR_2020,1,SINGLE_EVENT_BUILDING
07d5321c1beaa2a8,TN_NIVAR_2020_039122,TN_NIVAR_2020,1,SINGLE_EVENT_BUILDING
65520777097d5f49,TN_NIVAR_2020_059524,TN_NIVAR_2020,1,SINGLE_EVENT_BUILDING
77493757499ed3d4,TN_NIVAR_2020_059538,TN_NIVAR_2020,1,SINGLE_EVENT_BUILDING
c4c5d15d2671a4e5,TN_NIVAR_2020_078626,TN_NIVAR_2020,1,SINGLE_EVENT_BUILDING
172abcef4796c5ef,TN_NIVAR_2020_090627,TN_NIVAR_2020,1,SINGLE_EVENT_BUILDING
09517c41b6ca77c2,TN_NIVAR_2020_102765,TN_NIVAR_2020,1,SINGLE_EVENT_BUILDING
6a77a55bee441369,TN_NIVAR_2020_016928,TN_NIVAR_2020,1,SINGLE_EVENT_BUILDING
4bf1f5a28c5d3923,TN_NIVAR_2020_024899,TN_NIVAR_2020,1,SINGLE_EVENT_BUILDING
715c35efea031d81,TN_NIVAR_2020_044066,TN_NIVAR_2020,1,SINGLE_EVENT_BUILDING
5655d50fda2844b6,TN_NIVAR_2020_064446,TN_NIVAR_2020,1,SINGLE_EVENT_BUILDING
3143c0b18e1f43a1,TN_NIVAR_2020_064458,TN_NIVAR_2020,1,SINGLE_EVENT_BUILDING
8268cabc6eb99f45,TN_NIVAR_2020_083304,TN_NIVAR_2020,1,SINGLE_EVENT_BUILDING
934c3527df307f9f,TN_NIVAR_2020_091817,TN_NIVAR_2020,1,SINGLE_EVENT_BUILDING
4f0eef3223174918,TN_NIVAR_2020_045134,TN_NIVAR_2020,1,SINGLE_EVENT_BUILDING
bbc15f21af1ddd66,TN_NIVAR_2020_064582,TN_NIVAR_2020,1,SINGLE_EVENT_BUILDING
bfa11407f151876d,TN_NIVAR_2020_064494,TN_NIVAR_2020,2,MULTI_EVENT_BUILDING
07a571f18e90b19c,TN_NIVAR_2020_083923,TN_NIVAR_2020,1,SINGLE_EVENT_BUILDING
8c44ef479a5ccb61,TN_NIVAR_2020_091898,TN_NIVAR_2020,1,SINGLE_EVENT_BUILDING
c5cedb55ded2c762,TN_NIVAR_2020_104126,TN_NIVAR_2020,1,SINGLE_EVENT_BUILDING
cfd8561cd57883d5,TN_NIVAR_2020_085398,TN_NIVAR_2020,1,SINGLE_EVENT_BUILDING
d85ad01cdd1fb505,TN_NIVAR_2020_085212,TN_NIVAR_2020,1,SINGLE_EVENT_BUILDING
1472284be1308597,TN_NIVAR_2020_107806,TN_NIVAR_2020,1,SINGLE_EVENT_BUILDING
489dc0bf67db5b02,TN_NIVAR_2020_000005,TN_NIVAR_2020,2,MULTI_EVENT_BUILDING
11a74f67dddea409,TN_NIVAR_2020_000062,TN_NIVAR_2020,1,SINGLE_EVENT_BUILDING
7809165bccf02786,TN_NIVAR_2020_008564,TN_NIVAR_2020,1,SINGLE_EVENT_BUILDING
08b8eb9b47e81508,TN_NIVAR_2020_017001,TN_NIVAR_2020,1,SINGLE_EVENT_BUILDING
486efee25a0bbcaa,TN_NIVAR_2020_029847,TN_NIVAR_2020,1,SINGLE_EVENT_BUILDING
138cc52277867741,TN_NIVAR_2020_048044,TN_NIVAR_2020,1,SINGLE_EVENT_BUILDING
b7a052187b671e4b,TN_NIVAR_2020_048057,TN_NIVAR_2020,1,SINGLE_EVENT_BUILDING
5d02fd3a5582d926,TN_NIVAR_2020_085405,TN_NIVAR_2020,1,SINGLE_EVENT_BUILDING
1060fb3d9bbf0681,TN_NIVAR_2020_096333,TN_NIVAR_2020,1,SINGLE_EVENT_BUILDING
4465e09eacaf6547,TN_NIVAR_2020_000302,TN_NIVAR_2020,1,SINGLE_EVENT_BUILDING
ffb9893392b52590,TN_NIVAR_2020_009166,TN_NIVAR_2020,1,SINGLE_EVENT_BUILDING
f2a65529d49e629d,TN_NIVAR_2020_016995,TN_NIVAR_2020,1,SINGLE_EVENT_BUILDING
e52f4ff360ba00ce,TN_NIVAR_2020_029836,TN_NIVAR_2020,1,SINGLE_EVENT_BUILDING
7fe5c5e3d667c3b3,TN_NIVAR_2020_029897,TN_NIVAR_2020,1,SINGLE_EVENT_BUILDING
5fef5415a6c518d2,TN_NIVAR_2020_048061,TN_NIVAR_2020,1,SINGLE_EVENT_BUILDING
54b1fec02c16592b,TN_NIVAR_2020_069542,TN_NIVAR_2020,1,SINGLE_EVENT_BUILDING
e223c5acb3b2ccaf,TN_NIVAR_2020_085408,TN_NIVAR_2020,1,SINGLE_EVENT_BUILDING
3747c184bcc72664,TN_NIVAR_2020_096326,TN_NIVAR_2020,1,SINGLE_EVENT_BUILDING
001796876483e4f9,TN_NIVAR_2020_000720,TN_NIVAR_2020,1,SINGLE_EVENT_BUILDING
96105dca6b33726d,TN_NIVAR_2020_000722,TN_NIVAR_2020,1,SINGLE_EVENT_BUILDING
087383cc34e859a9,TN_NIVAR_2020_009983,TN_NIVAR_2020,1,SINGLE_EVENT_BUILDING
c75ac1f234f3d890,TN_NIVAR_2020_017767,TN_NIVAR_2020,2,MULTI_EVENT_BUILDING
cced4b3fe189db60,TN_NIVAR_2020_030750,TN_NIVAR_2020,1,SINGLE_EVENT_BUILDING
6967f87085ee5c95,TN_NIVAR_2020_031555,TN_NIVAR_2020,1,SINGLE_EVENT_BUILDING
3a6f9c346317ec39,TN_NIVAR_2020_051820,TN_NIVAR_2020,1,SINGLE_EVENT_BUILDING
86820427371b2e00,TN_NIVAR_2020_071861,TN_NIVAR_2020,1,SINGLE_EVENT_BUILDING
f3cf95990a7dda0b,TN_NIVAR_2020_086364,TN_NIVAR_2020,1,SINGLE_EVENT_BUILDING
8ba1954292a96bcd,TN_NIVAR_2020_097197,TN_NIVAR_2020,1,SINGLE_EVENT_BUILDING
a5850c9e38e3b9b2,TN_NIVAR_2020_000787,TN_NIVAR_2020,1,SINGLE_EVENT_BUILDING
5fda6ee6c16ddd19,TN_NIVAR_2020_002070,TN_NIVAR_2020,1,SINGLE_EVENT_BUILDING
f34e50d7d287cf06,TN_NIVAR_2020_010807,TN_NIVAR_2020,1,SINGLE_EVENT_BUILDING
71a4505fa34d3d16,TN_NIVAR_2020_017769,TN_NIVAR_2020,1,SINGLE_EVENT_BUILDING
402414675587e11d,TN_NIVAR_2020_030764,TN_NIVAR_2020,1,SINGLE_EVENT_BUILDING
0342da128b8591c2,TN_NIVAR_2020_035889,TN_NIVAR_2020,1,SINGLE_EVENT_BUILDING
9c39540f07e2ee85,TN_NIVAR_2020_051792,TN_NIVAR_2020,1,SINGLE_EVENT_BUILDING
d8f5d34f180e940d,TN_NIVAR_2020_071991,TN_NIVAR_2020,1,SINGLE_EVENT_BUILDING
a70a91eebadda957,TN_NIVAR_2020_086375,TN_NIVAR_2020,2,MULTI_EVENT_BUILDING
a107d7eee3c7b03a,TN_NIVAR_2020_097208,TN_NIVAR_2020,1,SINGLE_EVENT_BUILDING
431a9bb64576e6b5,TN_NIVAR_2020_002053,TN_NIVAR_2020,1,SINGLE_EVENT_BUILDING
ec75cd834afa90e5,TN_NIVAR_2020_002069,TN_NIVAR_2020,1,SINGLE_EVENT_BUILDING
1684a8cfde96ddc1,TN_NIVAR_2020_011011,TN_NIVAR_2020,1,SINGLE_EVENT_BUILDING
de87c36afa92489d,TN_NIVAR_2020_018445,TN_NIVAR_2020,1,SINGLE_EVENT_BUILDING
4015ed825cf11179,TN_NIVAR_2020_034158,TN_NIVAR_2020,2,MULTI_EVENT_BUILDING
2ab3c36b05cbe5b4,TN_NIVAR_2020_054597,TN_NIVAR_2020,1,SINGLE_EVENT_BUILDING
7cf62f7a065e6012,TN_NIVAR_2020_054616,TN_NIVAR_2020,1,SINGLE_EVENT_BUILDING
5a759c4a1add4b0e,TN_NIVAR_2020_073709,TN_NIVAR_2020,1,SINGLE_EVENT_BUILDING
eb5117dcd6a96ab0,TN_NIVAR_2020_088260,TN_NIVAR_2020,1,SINGLE_EVENT_BUILDING
9c196eee193b47a8,TN_NIVAR_2020_005131,TN_NIVAR_2020,2,MULTI_EVENT_BUILDING
558dd470dad57b61,TN_NIVAR_2020_005147,TN_NIVAR_2020,1,SINGLE_EVENT_BUILDING
27e0e7b7f821bef8,TN_NIVAR_2020_011955,TN_NIVAR_2020,1,SINGLE_EVENT_BUILDING
cd3df09f01681e25,TN_NIVAR_2020_019978,TN_NIVAR_2020,2,MULTI_EVENT_BUILDING
36965503b9f4ead1,TN_NIVAR_2020_039118,TN_NIVAR_2020,2,MULTI_EVENT_BUILDING
424dd6de98edaeda,TN_NIVAR_2020_059545,TN_NIVAR_2020,1,SINGLE_EVENT_BUILDING
0dab1ddc36dd9143,TN_NIVAR_2020_078645,TN_NIVAR_2020,1,SINGLE_EVENT_BUILDING
ed3be87a6db6b238,TN_NIVAR_2020_090642,TN_NIVAR_2020,2,MULTI_EVENT_BUILDING
626749ea72e9406b,TN_NIVAR_2020_102764,TN_NIVAR_2020,1,SINGLE_EVENT_BUILDING
d49e189cd3b444de,TN_NIVAR_2020_005146,TN_NIVAR_2020,2,MULTI_EVENT_BUILDING
f5e56d6ff385aa40,TN_NIVAR_2020_005155,TN_NIVAR_2020,1,SINGLE_EVENT_BUILDING
ed3c5430253134d1,TN_NIVAR_2020_011968,TN_NIVAR_2020,1,SINGLE_EVENT_BUILDING
be1c486d44cca2f1,TN_NIVAR_2020_019977,TN_NIVAR_2020,1,SINGLE_EVENT_BUILDING
870f1ab6c1cbd97b,TN_NIVAR_2020_039123,TN_NIVAR_2020,1,SINGLE_EVENT_BUILDING
22c3ebffadce88cb,TN_NIVAR_2020_059530,TN_NIVAR_2020,1,SINGLE_EVENT_BUILDING
ddc21d5753993f0c,TN_NIVAR_2020_059544,TN_NIVAR_2020,2,MULTI_EVENT_BUILDING
e154d437a726c94d,TN_NIVAR_2020_078634,TN_NIVAR_2020,1,SINGLE_EVENT_BUILDING
197b364014cd3272,TN_NIVAR_2020_090628,TN_NIVAR_2020,1,SINGLE_EVENT_BUILDING
6d2da603021b22b0,TN_NIVAR_2020_102766,TN_NIVAR_2020,1,SINGLE_EVENT_BUILDING
580a02b182f247a1,TN_NIVAR_2020_024902,TN_NIVAR_2020,1,SINGLE_EVENT_BUILDING
bd3f00d150210c56,TN_NIVAR_2020_024903,TN_NIVAR_2020,1,SINGLE_EVENT_BUILDING
9f4a006c48e6d400,TN_NIVAR_2020_044068,TN_NIVAR_2020,2,MULTI_EVENT_BUILDING
eb92625485125fa3,TN_NIVAR_2020_064451,TN_NIVAR_2020,1,SINGLE_EVENT_BUILDING
2454c6d018fd0b3b,TN_NIVAR_2020_064463,TN_NIVAR_2020,1,SINGLE_EVENT_BUILDING
57639b7496f1f9d7,TN_NIVAR_2020_083309,TN_NIVAR_2020,1,SINGLE_EVENT_BUILDING
743c0a07f82cab4c,TN_NIVAR_2020_104127,TN_NIVAR_2020,1,SINGLE_EVENT_BUILDING
5e1268c3c4316d2e,TN_NIVAR_2020_045476,TN_NIVAR_2020,2,MULTI_EVENT_BUILDING
e50be4e82bb7f813,TN_NIVAR_2020_064632,TN_NIVAR_2020,1,SINGLE_EVENT_BUILDING
87a07738a2193e16,TN_NIVAR_2020_064560,TN_NIVAR_2020,1,SINGLE_EVENT_BUILDING
e31100237e8b0385,TN_NIVAR_2020_084200,TN_NIVAR_2020,2,MULTI_EVENT_BUILDING
09b7570c68a044d8,TN_NIVAR_2020_091901,TN_NIVAR_2020,2,MULTI_EVENT_BUILDING
73701059936d9efc,TN_NIVAR_2020_104137,TN_NIVAR_2020,2,MULTI_EVENT_BUILDING
ae1e91b02abbcfdd,TN_NIVAR_2020_085285,TN_NIVAR_2020,1,SINGLE_EVENT_BUILDING
0cd3375a981dcbc8,TN_NIVAR_2020_107827,TN_NIVAR_2020,2,MULTI_EVENT_BUILDING
689fe7bc4ddaa1a7,TN_NIVAR_2020_000067,TN_NIVAR_2020,1,SINGLE_EVENT_BUILDING
498998e05ed85bd8,TN_NIVAR_2020_008567,TN_NIVAR_2020,1,SINGLE_EVENT_BUILDING
012cefc57b0ceb2d,TN_NIVAR_2020_017003,TN_NIVAR_2020,1,SINGLE_EVENT_BUILDING
5561d1f9555180e6,TN_NIVAR_2020_029848,TN_NIVAR_2020,1,SINGLE_EVENT_BUILDING
cfc45b3dd0df0e57,TN_NIVAR_2020_048045,TN_NIVAR_2020,1,SINGLE_EVENT_BUILDING
a557ddc76500d7ad,TN_NIVAR_2020_048059,TN_NIVAR_2020,2,MULTI_EVENT_BUILDING
b9579e6e8bed7328,TN_NIVAR_2020_069498,TN_NIVAR_2020,1,SINGLE_EVENT_BUILDING
83d283f281eb1fba,TN_NIVAR_2020_085406,TN_NIVAR_2020,1,SINGLE_EVENT_BUILDING
93bba4103cdfa223,TN_NIVAR_2020_096337,TN_NIVAR_2020,1,SINGLE_EVENT_BUILDING
ffc198614763e006,TN_NIVAR_2020_000369,TN_NIVAR_2020,1,SINGLE_EVENT_BUILDING
1d14e679a0a38b40,TN_NIVAR_2020_009461,TN_NIVAR_2020,2,MULTI_EVENT_BUILDING
7f45f0efafdf695d,TN_NIVAR_2020_016996,TN_NIVAR_2020,2,MULTI_EVENT_BUILDING
ac48c8a6345c29e9,TN_NIVAR_2020_029838,TN_NIVAR_2020,1,SINGLE_EVENT_BUILDING
43740ac4dfe40e52,TN_NIVAR_2020_048069,TN_NIVAR_2020,1,SINGLE_EVENT_BUILDING
8b0c35cfc928519c,TN_NIVAR_2020_069558,TN_NIVAR_2020,1,SINGLE_EVENT_BUILDING
77b3aad263855e04,TN_NIVAR_2020_085411,TN_NIVAR_2020,1,SINGLE_EVENT_BUILDING
52278b5348b87ca7,TN_NIVAR_2020_096328,TN_NIVAR_2020,1,SINGLE_EVENT_BUILDING
d45fed57b0b86d84,TN_NIVAR_2020_000721,TN_NIVAR_2020,1,SINGLE_EVENT_BUILDING
46bd6e98ca9d48b4,TN_NIVAR_2020_000726,TN_NIVAR_2020,1,SINGLE_EVENT_BUILDING
c9aa4c4dee500ecc,TN_NIVAR_2020_010034,TN_NIVAR_2020,1,SINGLE_EVENT_BUILDING
c29ba4b6b6f3752b,TN_NIVAR_2020_017770,TN_NIVAR_2020,1,SINGLE_EVENT_BUILDING
875dbc184517e904,TN_NIVAR_2020_030751,TN_NIVAR_2020,2,MULTI_EVENT_BUILDING
8ea2209d1cb64ae6,TN_NIVAR_2020_097199,TN_NIVAR_2020,1,SINGLE_EVENT_BUILDING
7b4400b43be81329,TN_NIVAR_2020_000802,TN_NIVAR_2020,1,SINGLE_EVENT_BUILDING
832d4e1cfd1c67e8,TN_NIVAR_2020_010843,TN_NIVAR_2020,1,SINGLE_EVENT_BUILDING
f5390511f9257ac0,TN_NIVAR_2020_059536,TN_NIVAR_2020,1,SINGLE_EVENT_BUILDING
05aae4eb2f37d90e,TN_NIVAR_2020_059562,TN_NIVAR_2020,1,SINGLE_EVENT_BUILDING
1274851a45057ead,TN_NIVAR_2020_064470,TN_NIVAR_2020,1,SINGLE_EVENT_BUILDING
bc5c4326f567fbea,TN_NIVAR_2020_083320,TN_NIVAR_2020,1,SINGLE_EVENT_BUILDING
e30c530baaeca432,TN_NIVAR_2020_104130,TN_NIVAR_2020,2,MULTI_EVENT_BUILDING
41aabc65cff6ea10,TN_NIVAR_2020_000068,TN_NIVAR_2020,1,SINGLE_EVENT_BUILDING
b3385c49850139d8,TN_NIVAR_2020_017772,TN_NIVAR_2020,1,SINGLE_EVENT_BUILDING
3268bca52ba1c3e7,TN_NIVAR_2020_002055,TN_NIVAR_2020,1,SINGLE_EVENT_BUILDING
4ef92adbeba6dbf3,TN_NIVAR_2020_018447,TN_NIVAR_2020,1,SINGLE_EVENT_BUILDING
df6d401fcd286ce4,TN_NIVAR_2020_098634,TN_NIVAR_2020,1,SINGLE_EVENT_BUILDING
35515e2512e97364,TN_NIVAR_2020_039120,TN_NIVAR_2020,1,SINGLE_EVENT_BUILDING
2fc599b0da48a29b,TN_NIVAR_2020_091938,TN_NIVAR_2020,1,SINGLE_EVENT_BUILDING
322fd7a3a891987a,TN_NIVAR_2020_107865,TN_NIVAR_2020,1,SINGLE_EVENT_BUILDING
b5aaf1aed611ffcd,TN_NIVAR_2020_096340,TN_NIVAR_2020,1,SINGLE_EVENT_BUILDING
b4b21bf2b135d482,TN_NIVAR_2020_097204,TN_NIVAR_2020,1,SINGLE_EVENT_BUILDING
48ee8ba660d417bc,TN_NIVAR_2020_002146,TN_NIVAR_2020,1,SINGLE_EVENT_BUILDING
dd3b9a7e95702d5a,TN_NIVAR_2020_051823,TN_NIVAR_2020,2,MULTI_EVENT_BUILDING
e0244b084fbc6632,TN_NIVAR_2020_086381,TN_NIVAR_2020,1,SINGLE_EVENT_BUILDING
e338b743cf00c351,TN_NIVAR_2020_018448,TN_NIVAR_2020,1,SINGLE_EVENT_BUILDING
d974dafb0abab49f,TN_NIVAR_2020_054601,TN_NIVAR_2020,1,SINGLE_EVENT_BUILDING
177345550506cdc9,TN_NIVAR_2020_078648,TN_NIVAR_2020,1,SINGLE_EVENT_BUILDING
3713ea1f1a516aef,TN_NIVAR_2020_044075,TN_NIVAR_2020,1,SINGLE_EVENT_BUILDING
70283531aed1682d,TN_NIVAR_2020_083323,TN_NIVAR_2020,2,MULTI_EVENT_BUILDING
2e6f8630ac38abd7,TN_NIVAR_2020_091826,TN_NIVAR_2020,1,SINGLE_EVENT_BUILDING
95591f5426490208,TN_NIVAR_2020_104133,TN_NIVAR_2020,1,SINGLE_EVENT_BUILDING
ae5a44ad8d01f465,TN_NIVAR_2020_084846,TN_NIVAR_2020,1,SINGLE_EVENT_BUILDING
884502f110c24f5a,TN_NIVAR_2020_104156,TN_NIVAR_2020,1,SINGLE_EVENT_BUILDING
18c163dcaa664632,TN_NIVAR_2020_085393,TN_NIVAR_2020,1,SINGLE_EVENT_BUILDING
ee8a8be91900e724,TN_NIVAR_2020_029842,TN_NIVAR_2020,1,SINGLE_EVENT_BUILDING
469909ff3cbc2970,TN_NIVAR_2020_069694,TN_NIVAR_2020,2,MULTI_EVENT_BUILDING
81a37cce0ebfc9d6,TN_NIVAR_2020_085421,TN_NIVAR_2020,1,SINGLE_EVENT_BUILDING
cdbf890ebe7314f9,TN_NIVAR_2020_017777,TN_NIVAR_2020,2,MULTI_EVENT_BUILDING
1aa9ff20f3e5e06f,TN_NIVAR_2020_000827,TN_NIVAR_2020,1,SINGLE_EVENT_BUILDING
2197396f23befaab,TN_NIVAR_2020_054652,TN_NIVAR_2020,1,SINGLE_EVENT_BUILDING
6cdb79198a9a3760,TN_NIVAR_2020_005139,TN_NIVAR_2020,1,SINGLE_EVENT_BUILDING
1cb3cbdaad07e7a6,TN_NIVAR_2020_078724,TN_NIVAR_2020,1,SINGLE_EVENT_BUILDING
636dac08e3ba18ff,TN_NIVAR_2020_019983,TN_NIVAR_2020,1,SINGLE_EVENT_BUILDING
7e28728e744ebc97,TN_NIVAR_2020_083327,TN_NIVAR_2020,1,SINGLE_EVENT_BUILDING
9ef689cb2a0b7250,TN_NIVAR_2020_048074,TN_NIVAR_2020,2,MULTI_EVENT_BUILDING
9d151a21bea1e744,TN_NIVAR_2020_096343,TN_NIVAR_2020,1,SINGLE_EVENT_BUILDING
75bc01fa828ad1ca,TN_NIVAR_2020_048091,TN_NIVAR_2020,1,SINGLE_EVENT_BUILDING
23416e2928c00777,TN_NIVAR_2020_030758,TN_NIVAR_2020,1,SINGLE_EVENT_BUILDING
5f3439688ed1409a,TN_NIVAR_2020_051858,TN_NIVAR_2020,1,SINGLE_EVENT_BUILDING
ac5aa009fb215805,TN_NIVAR_2020_034165,TN_NIVAR_2020,1,SINGLE_EVENT_BUILDING
4722e2d344cf70ad,TN_NIVAR_2020_059533,TN_NIVAR_2020,1,SINGLE_EVENT_BUILDING
aaa4ec1c77fe2070,TN_NIVAR_2020_090683,TN_NIVAR_2020,1,SINGLE_EVENT_BUILDING
cb2aa3c049db0ded,TN_NIVAR_2020_019984,TN_NIVAR_2020,1,SINGLE_EVENT_BUILDING
a746fa3778208bd2,TN_NIVAR_2020_039135,TN_NIVAR_2020,1,SINGLE_EVENT_BUILDING
7f4123457c85a98a,TN_NIVAR_2020_078660,TN_NIVAR_2020,1,SINGLE_EVENT_BUILDING
9ae8e5c4713233fb,TN_NIVAR_2020_024958,TN_NIVAR_2020,1,SINGLE_EVENT_BUILDING
d334949486350bf9,TN_NIVAR_2020_104183,TN_NIVAR_2020,1,SINGLE_EVENT_BUILDING
6594e10335c869f8,TN_NIVAR_2020_008591,TN_NIVAR_2020,1,SINGLE_EVENT_BUILDING
533ba1112b897998,TN_NIVAR_2020_029905,TN_NIVAR_2020,1,SINGLE_EVENT_BUILDING
8ed5d76b85367d17,TN_NIVAR_2020_051863,TN_NIVAR_2020,1,SINGLE_EVENT_BUILDING
b6a0dc271caf516e,TN_NIVAR_2020_097211,TN_NIVAR_2020,1,SINGLE_EVENT_BUILDING
02cbdc3815365f56,TN_NIVAR_2020_011983,TN_NIVAR_2020,1,SINGLE_EVENT_BUILDING
0852828a204b8ad9,TN_NIVAR_2020_039144,TN_NIVAR_2020,1,SINGLE_EVENT_BUILDING
6d17320c43ea9478,TN_NIVAR_2020_024962,TN_NIVAR_2020,1,SINGLE_EVENT_BUILDING
3cc6805cd42700e3,TN_NIVAR_2020_083329,TN_NIVAR_2020,1,SINGLE_EVENT_BUILDING
ba561c7278da19e1,TN_NIVAR_2020_107900,TN_NIVAR_2020,1,SINGLE_EVENT_BUILDING
decc9fd4906b8754,TN_NIVAR_2020_029933,TN_NIVAR_2020,1,SINGLE_EVENT_BUILDING
2b244a50f92ee943,TN_NIVAR_2020_000019,TN_NIVAR_2020,1,SINGLE_EVENT_BUILDING
869b882d4baeb5e9,TN_NIVAR_2020_032953,TN_NIVAR_2020,2,MULTI_EVENT_BUILDING
2cf68e4a3ad5ff18,TN_NIVAR_2020_002105,TN_NIVAR_2020,1,SINGLE_EVENT_BUILDING
de6572cda9a4ab43,TN_NIVAR_2020_098650,TN_NIVAR_2020,1,SINGLE_EVENT_BUILDING
4e5883a3f92b0821,TN_NIVAR_2020_005212,TN_NIVAR_2020,2,MULTI_EVENT_BUILDING
a14b5bac162476cc,TN_NIVAR_2020_078739,TN_NIVAR_2020,1,SINGLE_EVENT_BUILDING
bc5c84bff526eecd,TN_NIVAR_2020_005221,TN_NIVAR_2020,1,SINGLE_EVENT_BUILDING
a0ad033db726c4ed,TN_NIVAR_2020_011993,TN_NIVAR_2020,2,MULTI_EVENT_BUILDING
1697677c8f18bd32,TN_NIVAR_2020_019993,TN_NIVAR_2020,1,SINGLE_EVENT_BUILDING
15c6f21ee10f19cf,TN_NIVAR_2020_083333,TN_NIVAR_2020,2,MULTI_EVENT_BUILDING
e9fe9b159a2bd3d1,TN_NIVAR_2020_104139,TN_NIVAR_2020,1,SINGLE_EVENT_BUILDING
4f55272cf4855cd3,TN_NIVAR_2020_017029,TN_NIVAR_2020,1,SINGLE_EVENT_BUILDING
b15dc354a803fa8c,TN_NIVAR_2020_085416,TN_NIVAR_2020,1,SINGLE_EVENT_BUILDING
1dd3b00e44a82ed5,TN_NIVAR_2020_069745,TN_NIVAR_2020,1,SINGLE_EVENT_BUILDING
27da27dc03188807,TN_NIVAR_2020_096338,TN_NIVAR_2020,1,SINGLE_EVENT_BUILDING
54120ee0f2d885c6,TN_NIVAR_2020_010671,TN_NIVAR_2020,1,SINGLE_EVENT_BUILDING
b56ae4a50c0ccef8,TN_NIVAR_2020_097219,TN_NIVAR_2020,1,SINGLE_EVENT_BUILDING
1661e66aaefd4c03,TN_NIVAR_2020_017839,TN_NIVAR_2020,1,SINGLE_EVENT_BUILDING
c8132437f6b05a83,TN_NIVAR_2020_020022,TN_NIVAR_2020,1,SINGLE_EVENT_BUILDING
6f40738119f2fc15,TN_NIVAR_2020_064524,TN_NIVAR_2020,2,MULTI_EVENT_BUILDING
ef96714ddc1d6fe9,TN_NIVAR_2020_104140,TN_NIVAR_2020,2,MULTI_EVENT_BUILDING
cd37841aac9622fd,TN_NIVAR_2020_085031,TN_NIVAR_2020,1,SINGLE_EVENT_BUILDING
2b8ad1ffd3e8cde6,TN_NIVAR_2020_048082,TN_NIVAR_2020,2,MULTI_EVENT_BUILDING
296fa6d9601e78f9,TN_NIVAR_2020_030763,TN_NIVAR_2020,2,MULTI_EVENT_BUILDING
3bda51187cc457ef,TN_NIVAR_2020_033575,TN_NIVAR_2020,1,SINGLE_EVENT_BUILDING
1ea8a3fc3884cfa5,TN_NIVAR_2020_086409,TN_NIVAR_2020,1,SINGLE_EVENT_BUILDING
45e48e2928ca5045,TN_NIVAR_2020_097220,TN_NIVAR_2020,1,SINGLE_EVENT_BUILDING
075da9b9e102687e,TN_NIVAR_2020_000867,TN_NIVAR_2020,1,SINGLE_EVENT_BUILDING
d1e02c6c0bbf66b3,TN_NIVAR_2020_072399,TN_NIVAR_2020,1,SINGLE_EVENT_BUILDING
b01c010a20888ddc,TN_NIVAR_2020_011574,TN_NIVAR_2020,1,SINGLE_EVENT_BUILDING
47d0a3fbcacacca2,TN_NIVAR_2020_018457,TN_NIVAR_2020,2,MULTI_EVENT_BUILDING
b591d65972ea86a2,TN_NIVAR_2020_078683,TN_NIVAR_2020,1,SINGLE_EVENT_BUILDING
8a159ec8c04244fe,TN_NIVAR_2020_064530,TN_NIVAR_2020,2,MULTI_EVENT_BUILDING
bbf6ad232d3c4fbc,TN_NIVAR_2020_083339,TN_NIVAR_2020,1,SINGLE_EVENT_BUILDING
b490f3a6529a8525,TN_NIVAR_2020_091840,TN_NIVAR_2020,1,SINGLE_EVENT_BUILDING
8788fa1fc93c32a5,TN_NIVAR_2020_065009,TN_NIVAR_2020,1,SINGLE_EVENT_BUILDING
3fbebeb6bc9244cd,TN_NIVAR_2020_092048,TN_NIVAR_2020,2,MULTI_EVENT_BUILDING
1a447685c5997463,TN_NIVAR_2020_048068,TN_NIVAR_2020,1,SINGLE_EVENT_BUILDING
1f6cc584a9a2d805,TN_NIVAR_2020_069509,TN_NIVAR_2020,1,SINGLE_EVENT_BUILDING
49c42baa343a421d,TN_NIVAR_2020_030096,TN_NIVAR_2020,2,MULTI_EVENT_BUILDING
bfc05954085aa585,TN_NIVAR_2020_011377,TN_NIVAR_2020,1,SINGLE_EVENT_BUILDING
4c6d7b65a3431aa3,TN_NIVAR_2020_072418,TN_NIVAR_2020,1,SINGLE_EVENT_BUILDING
2fd4429a69378445,TN_NIVAR_2020_097264,TN_NIVAR_2020,1,SINGLE_EVENT_BUILDING
356e845e35cc6cb5,TN_NIVAR_2020_078802,TN_NIVAR_2020,1,SINGLE_EVENT_BUILDING
7c9b65a2cf993687,TN_NIVAR_2020_090752,TN_NIVAR_2020,1,SINGLE_EVENT_BUILDING
7dde0c0b579d622e,TN_NIVAR_2020_005197,TN_NIVAR_2020,1,SINGLE_EVENT_BUILDING
dd6553c4e8a56dcb,TN_MANDOUS_2022_000001,TN_MANDOUS_2022,1,SINGLE_EVENT_BUILDING
b612f1bf3a20d8b3,TN_MANDOUS_2022_004652,TN_MANDOUS_2022,1,SINGLE_EVENT_BUILDING
5dc79e14fd4c23f4,TN_MANDOUS_2022_000008,TN_MANDOUS_2022,1,SINGLE_EVENT_BUILDING
c298140889e9ec4d,TN_MANDOUS_2022_011832,TN_MANDOUS_2022,1,SINGLE_EVENT_BUILDING
ddd758a107791a76,TN_MANDOUS_2022_003680,TN_MANDOUS_2022,1,SINGLE_EVENT_BUILDING
0f3b08c5a1b0bb40,TN_MANDOUS_2022_018997,TN_MANDOUS_2022,1,SINGLE_EVENT_BUILDING
7175e94aa7da5001,TN_MANDOUS_2022_007513,TN_MANDOUS_2022,1,SINGLE_EVENT_BUILDING
8d084ae13592e795,TN_MANDOUS_2022_019001,TN_MANDOUS_2022,1,SINGLE_EVENT_BUILDING
bc6828d78989d0af,TN_MANDOUS_2022_028529,TN_MANDOUS_2022,1,SINGLE_EVENT_BUILDING
46fd7f378e55ad70,TN_MANDOUS_2022_034393,TN_MANDOUS_2022,1,SINGLE_EVENT_BUILDING
9501e57c775fcd0b,TN_MANDOUS_2022_017495,TN_MANDOUS_2022,1,SINGLE_EVENT_BUILDING
187b1d6e408103c5,TN_MANDOUS_2022_021957,TN_MANDOUS_2022,1,SINGLE_EVENT_BUILDING
a5fbfefe8dd29227,TN_MANDOUS_2022_000107,TN_MANDOUS_2022,1,SINGLE_EVENT_BUILDING
236b3ae5edc8f246,TN_MANDOUS_2022_002396,TN_MANDOUS_2022,1,SINGLE_EVENT_BUILDING
422acfacfb752340,TN_MANDOUS_2022_006497,TN_MANDOUS_2022,1,SINGLE_EVENT_BUILDING
1bc9e86d5f2448f0,TN_MANDOUS_2022_028166,TN_MANDOUS_2022,1,SINGLE_EVENT_BUILDING
16938abcd4f2fb38,TN_MANDOUS_2022_008607,TN_MANDOUS_2022,1,SINGLE_EVENT_BUILDING
6ecb8a5f9c05cc4e,TN_MANDOUS_2022_016908,TN_MANDOUS_2022,1,SINGLE_EVENT_BUILDING
ddac9e0e71f403ad,TN_MANDOUS_2022_025074,TN_MANDOUS_2022,1,SINGLE_EVENT_BUILDING
dc7be5fe1eba92d4,TN_MANDOUS_2022_033043,TN_MANDOUS_2022,1,SINGLE_EVENT_BUILDING
eaed6e6310374e53,TN_MANDOUS_2022_011496,TN_MANDOUS_2022,1,SINGLE_EVENT_BUILDING
5fe2a61286c0ea82,TN_MANDOUS_2022_011779,TN_MANDOUS_2022,1,SINGLE_EVENT_BUILDING
9ea1e0b5bd4491b0,TN_MANDOUS_2022_017658,TN_MANDOUS_2022,1,SINGLE_EVENT_BUILDING
25787e71761b7d81,TN_MANDOUS_2022_029106,TN_MANDOUS_2022,1,SINGLE_EVENT_BUILDING
c55b0c695f730540,TN_MANDOUS_2022_018306,TN_MANDOUS_2022,1,SINGLE_EVENT_BUILDING
3e3547a4a0dedb4b,TN_MANDOUS_2022_029563,TN_MANDOUS_2022,1,SINGLE_EVENT_BUILDING
4c0d10e05ab788a1,TN_MANDOUS_2022_019008,TN_MANDOUS_2022,1,SINGLE_EVENT_BUILDING
e9ead06e67bbf8ad,TN_MANDOUS_2022_030281,TN_MANDOUS_2022,1,SINGLE_EVENT_BUILDING
9ed77ba3aef340d1,TN_MANDOUS_2022_030458,TN_MANDOUS_2022,1,SINGLE_EVENT_BUILDING
9f73cd02d690683e,TN_MANDOUS_2022_019995,TN_MANDOUS_2022,1,SINGLE_EVENT_BUILDING
5466d8c1b2d31ac1,TN_MANDOUS_2022_028560,TN_MANDOUS_2022,1,SINGLE_EVENT_BUILDING
be8a9a1a52160878,TN_MANDOUS_2022_021206,TN_MANDOUS_2022,1,SINGLE_EVENT_BUILDING
28945a072cd8fd03,TN_MANDOUS_2022_004669,TN_MANDOUS_2022,1,SINGLE_EVENT_BUILDING
79356a8988156ed9,TN_MANDOUS_2022_017532,TN_MANDOUS_2022,1,SINGLE_EVENT_BUILDING
368cf73018eae4b5,TN_MANDOUS_2022_005657,TN_MANDOUS_2022,1,SINGLE_EVENT_BUILDING
89700c10da0ea899,TN_MANDOUS_2022_018313,TN_MANDOUS_2022,1,SINGLE_EVENT_BUILDING
5accb31e91d8de4f,TN_MANDOUS_2022_018375,TN_MANDOUS_2022,1,SINGLE_EVENT_BUILDING
e70edeff3202c172,TN_MANDOUS_2022_012852,TN_MANDOUS_2022,1,SINGLE_EVENT_BUILDING
a35dcf26bbf68625,TN_MANDOUS_2022_028185,TN_MANDOUS_2022,1,SINGLE_EVENT_BUILDING
3c2f6fbb0262f6f8,TN_MANDOUS_2022_021207,TN_MANDOUS_2022,1,SINGLE_EVENT_BUILDING
5bf529426ce19595,TN_MANDOUS_2022_033046,TN_MANDOUS_2022,1,SINGLE_EVENT_BUILDING
0a6b29faa6d8dcf4,TN_MANDOUS_2022_033380,TN_MANDOUS_2022,1,SINGLE_EVENT_BUILDING
58d9e6115f49ff03,TN_MANDOUS_2022_017539,TN_MANDOUS_2022,1,SINGLE_EVENT_BUILDING
7c36feb10ee26028,TN_MANDOUS_2022_000233,TN_MANDOUS_2022,1,SINGLE_EVENT_BUILDING
02e5052349aa0a27,TN_MANDOUS_2022_026577,TN_MANDOUS_2022,1,SINGLE_EVENT_BUILDING
34f7f85d61644909,TN_MANDOUS_2022_002857,TN_MANDOUS_2022,1,SINGLE_EVENT_BUILDING
89c9ddff65099903,TN_MANDOUS_2022_008862,TN_MANDOUS_2022,1,SINGLE_EVENT_BUILDING
d96efb2a51c5643d,TN_MANDOUS_2022_018315,TN_MANDOUS_2022,1,SINGLE_EVENT_BUILDING
5d06df95bfda8e2e,TN_MANDOUS_2022_022757,TN_MANDOUS_2022,1,SINGLE_EVENT_BUILDING
1fd6b8c4544373e0,TN_MANDOUS_2022_023668,TN_MANDOUS_2022,1,SINGLE_EVENT_BUILDING
d65549d0b9e562bc,TN_MANDOUS_2022_030948,TN_MANDOUS_2022,1,SINGLE_EVENT_BUILDING
2a03921bb3097b2d,TN_MANDOUS_2022_021211,TN_MANDOUS_2022,1,SINGLE_EVENT_BUILDING
3df3291db343a0eb,TN_MANDOUS_2022_025079,TN_MANDOUS_2022,1,SINGLE_EVENT_BUILDING
3ac49c8a7c55f5b7,TN_MANDOUS_2022_025386,TN_MANDOUS_2022,1,SINGLE_EVENT_BUILDING
542e98628bc139fe,TN_MANDOUS_2022_033013,TN_MANDOUS_2022,1,SINGLE_EVENT_BUILDING
efed442fbfd50ba3,TN_MANDOUS_2022_000010,TN_MANDOUS_2022,1,SINGLE_EVENT_BUILDING
d5acfb53231aa65a,TN_MANDOUS_2022_011494,TN_MANDOUS_2022,1,SINGLE_EVENT_BUILDING
59b401119568c870,TN_MANDOUS_2022_011510,TN_MANDOUS_2022,1,SINGLE_EVENT_BUILDING
b8b0da5e1c95018a,TN_MANDOUS_2022_018317,TN_MANDOUS_2022,1,SINGLE_EVENT_BUILDING
b7fc2bd7621c8a63,TN_MANDOUS_2022_019018,TN_MANDOUS_2022,1,SINGLE_EVENT_BUILDING
91347c4f5998502e,TN_MANDOUS_2022_019006,TN_MANDOUS_2022,1,SINGLE_EVENT_BUILDING
25e5e3307bd3cb35,TN_MANDOUS_2022_010475,TN_MANDOUS_2022,1,SINGLE_EVENT_BUILDING
cab467be35db676d,TN_MANDOUS_2022_023737,TN_MANDOUS_2022,1,SINGLE_EVENT_BUILDING
2681fd41a8229717,TN_MANDOUS_2022_028572,TN_MANDOUS_2022,1,SINGLE_EVENT_BUILDING
100572f839ca043a,TN_MANDOUS_2022_028641,TN_MANDOUS_2022,1,SINGLE_EVENT_BUILDING
97edd6f8e73638e9,TN_MANDOUS_2022_004683,TN_MANDOUS_2022,1,SINGLE_EVENT_BUILDING
e3483a3bf054098a,TN_MANDOUS_2022_017501,TN_MANDOUS_2022,1,SINGLE_EVENT_BUILDING
55386e07a61a7a06,TN_MANDOUS_2022_017580,TN_MANDOUS_2022,1,SINGLE_EVENT_BUILDING
97a386d38af2f57a,TN_MANDOUS_2022_021962,TN_MANDOUS_2022,1,SINGLE_EVENT_BUILDING
c09a25305fe87bf9,TN_MANDOUS_2022_029031,TN_MANDOUS_2022,1,SINGLE_EVENT_BUILDING
4a97c89cabff043a,TN_MANDOUS_2022_006028,TN_MANDOUS_2022,1,SINGLE_EVENT_BUILDING
594d4988abe28a8d,TN_MANDOUS_2022_026621,TN_MANDOUS_2022,1,SINGLE_EVENT_BUILDING
c2b34e44b70c7fc4,TN_MANDOUS_2022_029176,TN_MANDOUS_2022,1,SINGLE_EVENT_BUILDING
02b0912819006ed1,TN_MANDOUS_2022_027121,TN_MANDOUS_2022,1,SINGLE_EVENT_BUILDING
d8f597c97a15c6ec,TN_MANDOUS_2022_003744,TN_MANDOUS_2022,1,SINGLE_EVENT_BUILDING
9ede762a72244d5c,TN_MANDOUS_2022_012853,TN_MANDOUS_2022,1,SINGLE_EVENT_BUILDING
b4254c6a188800a3,TN_MANDOUS_2022_023725,TN_MANDOUS_2022,1,SINGLE_EVENT_BUILDING
b764e154252bd83e,TN_MANDOUS_2022_003690,TN_MANDOUS_2022,1,SINGLE_EVENT_BUILDING
a73850e9fa4eefdc,TN_MANDOUS_2022_030836,TN_MANDOUS_2022,1,SINGLE_EVENT_BUILDING
5848a5a4c3cb41f0,TN_MANDOUS_2022_020214,TN_MANDOUS_2022,1,SINGLE_EVENT_BUILDING
0182b4426ed1057f,TN_MANDOUS_2022_028583,TN_MANDOUS_2022,1,SINGLE_EVENT_BUILDING
aeeec2aa4545b536,TN_MANDOUS_2022_000023,TN_MANDOUS_2022,1,SINGLE_EVENT_BUILDING
5cc96b95429cb25e,TN_MANDOUS_2022_011500,TN_MANDOUS_2022,1,SINGLE_EVENT_BUILDING
c1dc48da6e1cc9f7,TN_MANDOUS_2022_011516,TN_MANDOUS_2022,1,SINGLE_EVENT_BUILDING
7ba5958c7b59aa5f,TN_MANDOUS_2022_008867,TN_MANDOUS_2022,1,SINGLE_EVENT_BUILDING
97b6d606bb2d2b2b,TN_MANDOUS_2022_019014,TN_MANDOUS_2022,1,SINGLE_EVENT_BUILDING
2431505c4dfc1135,TN_MANDOUS_2022_028271,TN_MANDOUS_2022,1,SINGLE_EVENT_BUILDING
2b5f960a2806438c,TN_MANDOUS_2022_003691,TN_MANDOUS_2022,1,SINGLE_EVENT_BUILDING
fb04cbc1318d3003,TN_MANDOUS_2022_012863,TN_MANDOUS_2022,1,SINGLE_EVENT_BUILDING
d2fb4ea0e9788eae,TN_MANDOUS_2022_028567,TN_MANDOUS_2022,1,SINGLE_EVENT_BUILDING
035e638ce6adccaa,TN_MANDOUS_2022_033022,TN_MANDOUS_2022,1,SINGLE_EVENT_BUILDING
4a40321b80297146,TN_MANDOUS_2022_011502,TN_MANDOUS_2022,1,SINGLE_EVENT_BUILDING
ee05ddf840288354,TN_MANDOUS_2022_029034,TN_MANDOUS_2022,1,SINGLE_EVENT_BUILDING
9dfd5965e4643d5c,TN_MANDOUS_2022_013116,TN_MANDOUS_2022,1,SINGLE_EVENT_BUILDING
309aef6fdf87d447,TN_MANDOUS_2022_019024,TN_MANDOUS_2022,1,SINGLE_EVENT_BUILDING
26a2cc45e23a920e,TN_MANDOUS_2022_030954,TN_MANDOUS_2022,1,SINGLE_EVENT_BUILDING
3ac2106330e2eb56,TN_MANDOUS_2022_021224,TN_MANDOUS_2022,1,SINGLE_EVENT_BUILDING
1c9767adabe1d68b,TN_MANDOUS_2022_008666,TN_MANDOUS_2022,1,SINGLE_EVENT_BUILDING
04d49d70ff64e397,TN_MANDOUS_2022_022777,TN_MANDOUS_2022,1,SINGLE_EVENT_BUILDING
8a640b5edec561b5,TN_MANDOUS_2022_026726,TN_MANDOUS_2022,1,SINGLE_EVENT_BUILDING
a08a2b1f9ee8cdb9,TN_MANDOUS_2022_006700,TN_MANDOUS_2022,1,SINGLE_EVENT_BUILDING
9df1ef88699e5550,TN_MANDOUS_2022_019029,TN_MANDOUS_2022,1,SINGLE_EVENT_BUILDING
785bf1c4dbadaabf,TN_MANDOUS_2022_033081,TN_MANDOUS_2022,1,SINGLE_EVENT_BUILDING
572ca1d755bcc1a2,TN_MANDOUS_2022_026760,TN_MANDOUS_2022,1,SINGLE_EVENT_BUILDING
784aa517250fbc67,TN_MANDOUS_2022_008877,TN_MANDOUS_2022,1,SINGLE_EVENT_BUILDING
93533a5a68981897,TN_MANDOUS_2022_010525,TN_MANDOUS_2022,1,SINGLE_EVENT_BUILDING
5a25ed896f12ff80,TN_MANDOUS_2022_019084,TN_MANDOUS_2022,1,SINGLE_EVENT_BUILDING
4cae9a09d53b865e,TN_MANDOUS_2022_021229,TN_MANDOUS_2022,1,SINGLE_EVENT_BUILDING
13ea92fb9f0e4ff4,TN_MANDOUS_2022_033108,TN_MANDOUS_2022,1,SINGLE_EVENT_BUILDING
9e0d2360bb53a78d,TN_MANDOUS_2022_025852,TN_MANDOUS_2022,1,SINGLE_EVENT_BUILDING
16e8b0084af826cc,TN_MANDOUS_2022_030950,TN_MANDOUS_2022,1,SINGLE_EVENT_BUILDING
d1248bcb66fd12f2,TN_MANDOUS_2022_004705,TN_MANDOUS_2022,1,SINGLE_EVENT_BUILDING
b333130c2b2f7511,TN_MANDOUS_2022_021970,TN_MANDOUS_2022,1,SINGLE_EVENT_BUILDING
dc3c85d022f9fabc,TN_MANDOUS_2022_029039,TN_MANDOUS_2022,1,SINGLE_EVENT_BUILDING
700b78d301d3b8e6,TN_MANDOUS_2022_022788,TN_MANDOUS_2022,1,SINGLE_EVENT_BUILDING
0fe0b39fc9503ad8,TN_MANDOUS_2022_018593,TN_MANDOUS_2022,1,SINGLE_EVENT_BUILDING
9d6ac4c301ab810d,TN_MANDOUS_2022_019053,TN_MANDOUS_2022,1,SINGLE_EVENT_BUILDING
145df492b8347770,TN_MANDOUS_2022_010535,TN_MANDOUS_2022,1,SINGLE_EVENT_BUILDING
3c5490ce015f055b,TN_MANDOUS_2022_014400,TN_MANDOUS_2022,1,SINGLE_EVENT_BUILDING
baf819d6d3006294,TN_MANDOUS_2022_021233,TN_MANDOUS_2022,1,SINGLE_EVENT_BUILDING
3fd01ccfedbdfbfe,TN_MANDOUS_2022_028683,TN_MANDOUS_2022,1,SINGLE_EVENT_BUILDING
7ea16bf9346daaeb,TN_MANDOUS_2022_004710,TN_MANDOUS_2022,1,SINGLE_EVENT_BUILDING
d33eeefd9b37ed69,TN_MANDOUS_2022_011521,TN_MANDOUS_2022,1,SINGLE_EVENT_BUILDING
36829b4190be3b4b,TN_MANDOUS_2022_017517,TN_MANDOUS_2022,1,SINGLE_EVENT_BUILDING
f100476532ad8147,TN_MANDOUS_2022_017632,TN_MANDOUS_2022,1,SINGLE_EVENT_BUILDING
07c9d7c1011ecaaa,TN_MANDOUS_2022_011505,TN_MANDOUS_2022,1,SINGLE_EVENT_BUILDING
484ea7621e3cc746,TN_MANDOUS_2022_017525,TN_MANDOUS_2022,1,SINGLE_EVENT_BUILDING
0daa366364dcd027,TN_MANDOUS_2022_011852,TN_MANDOUS_2022,1,SINGLE_EVENT_BUILDING
fc381aaf2e05430a,TN_MANDOUS_2022_022817,TN_MANDOUS_2022,1,SINGLE_EVENT_BUILDING
0f77fd0952ca95a0,TN_MANDOUS_2022_003719,TN_MANDOUS_2022,1,SINGLE_EVENT_BUILDING
0f66204bfa76c4a6,TN_MANDOUS_2022_013203,TN_MANDOUS_2022,1,SINGLE_EVENT_BUILDING
d2a9d6ff80f83bf5,TN_MANDOUS_2022_019048,TN_MANDOUS_2022,1,SINGLE_EVENT_BUILDING
6566a0867896cb52,TN_MANDOUS_2022_028347,TN_MANDOUS_2022,1,SINGLE_EVENT_BUILDING
30b46a34c0c7a092,TN_MANDOUS_2022_030299,TN_MANDOUS_2022,1,SINGLE_EVENT_BUILDING
5ed25df58dfec51a,TN_MANDOUS_2022_010469,TN_MANDOUS_2022,1,SINGLE_EVENT_BUILDING
c8d7b4cfe33638e5,TN_MANDOUS_2022_020006,TN_MANDOUS_2022,1,SINGLE_EVENT_BUILDING
802d1a0c4464a616,TN_MANDOUS_2022_028603,TN_MANDOUS_2022,1,SINGLE_EVENT_BUILDING
b52721fb69b14488,TN_MANDOUS_2022_025105,TN_MANDOUS_2022,1,SINGLE_EVENT_BUILDING
863112305c5948a2,TN_MANDOUS_2022_033158,TN_MANDOUS_2022,1,SINGLE_EVENT_BUILDING
2763e1a5d802555b,TN_MANDOUS_2022_008679,TN_MANDOUS_2022,1,SINGLE_EVENT_BUILDING
a41e05319aec9ca1,TN_MANDOUS_2022_011524,TN_MANDOUS_2022,1,SINGLE_EVENT_BUILDING
a703a8a127cbff19,TN_MANDOUS_2022_018167,TN_MANDOUS_2022,1,SINGLE_EVENT_BUILDING
4b665e7dc98c1489,TN_MANDOUS_2022_002435,TN_MANDOUS_2022,1,SINGLE_EVENT_BUILDING
8a8cad5e9294ba55,TN_MANDOUS_2022_006813,TN_MANDOUS_2022,1,SINGLE_EVENT_BUILDING
4dbd65c60b3c3e0e,TN_MANDOUS_2022_011859,TN_MANDOUS_2022,1,SINGLE_EVENT_BUILDING
ba37b442e6983ad8,TN_MANDOUS_2022_029579,TN_MANDOUS_2022,1,SINGLE_EVENT_BUILDING
79e557fc196cd822,TN_MANDOUS_2022_030301,TN_MANDOUS_2022,1,SINGLE_EVENT_BUILDING
b5e98c1b4cb76994,TN_MANDOUS_2022_019104,TN_MANDOUS_2022,1,SINGLE_EVENT_BUILDING
fe7c734dcce95e84,TN_MANDOUS_2022_024764,TN_MANDOUS_2022,1,SINGLE_EVENT_BUILDING
5cb4ba99236ae01b,TN_MANDOUS_2022_010470,TN_MANDOUS_2022,1,SINGLE_EVENT_BUILDING
d90942cd57eeb249,TN_MANDOUS_2022_028604,TN_MANDOUS_2022,1,SINGLE_EVENT_BUILDING
a073f35297b34f05,TN_MANDOUS_2022_033165,TN_MANDOUS_2022,1,SINGLE_EVENT_BUILDING
accf514950431e52,TN_MANDOUS_2022_017673,TN_MANDOUS_2022,1,SINGLE_EVENT_BUILDING
0887654a50188810,TN_MANDOUS_2022_021974,TN_MANDOUS_2022,1,SINGLE_EVENT_BUILDING
d94c492c4a5335a6,TN_MANDOUS_2022_029466,TN_MANDOUS_2022,1,SINGLE_EVENT_BUILDING
abadacc7af06f01c,TN_MANDOUS_2022_018352,TN_MANDOUS_2022,1,SINGLE_EVENT_BUILDING
6e43d2f7af7537be,TN_MANDOUS_2022_003939,TN_MANDOUS_2022,1,SINGLE_EVENT_BUILDING
4f41eeba7005e455,TN_MANDOUS_2022_012893,TN_MANDOUS_2022,1,SINGLE_EVENT_BUILDING
642d3672b5f55104,TN_MANDOUS_2022_014405,TN_MANDOUS_2022,1,SINGLE_EVENT_BUILDING
3fb89584c241c6cb,TN_MANDOUS_2022_021415,TN_MANDOUS_2022,1,SINGLE_EVENT_BUILDING
262c740bb00f7695,TN_MANDOUS_2022_016939,TN_MANDOUS_2022,1,SINGLE_EVENT_BUILDING
8ca914182b77f9a5,TN_MANDOUS_2022_021239,TN_MANDOUS_2022,1,SINGLE_EVENT_BUILDING
6138a810cb6d34b5,TN_MANDOUS_2022_022832,TN_MANDOUS_2022,1,SINGLE_EVENT_BUILDING
50b98a4b8a94597c,TN_MANDOUS_2022_027187,TN_MANDOUS_2022,1,SINGLE_EVENT_BUILDING
1fe910bd03f1d0c4,TN_SOUTHERN_FLOOD_2023_150703,TN_SOUTHERN_FLOOD_2023,1,SINGLE_EVENT_BUILDING
0cc2eb2cb0327202,TN_SOUTHERN_FLOOD_2023_145867,TN_SOUTHERN_FLOOD_2023,1,SINGLE_EVENT_BUILDING
841a86ae6d52b5e1,TN_SOUTHERN_FLOOD_2023_160408,TN_SOUTHERN_FLOOD_2023,1,SINGLE_EVENT_BUILDING
9ed797792f9108da,TN_SOUTHERN_FLOOD_2023_168797,TN_SOUTHERN_FLOOD_2023,1,SINGLE_EVENT_BUILDING
dba975da80a5877d,TN_SOUTHERN_FLOOD_2023_150024,TN_SOUTHERN_FLOOD_2023,1,SINGLE_EVENT_BUILDING
1f209c7859ccf528,TN_SOUTHERN_FLOOD_2023_159062,TN_SOUTHERN_FLOOD_2023,1,SINGLE_EVENT_BUILDING
86e92dd8110e763d,TN_SOUTHERN_FLOOD_2023_159781,TN_SOUTHERN_FLOOD_2023,1,SINGLE_EVENT_BUILDING
41227d345d25ea9d,TN_SOUTHERN_FLOOD_2023_150037,TN_SOUTHERN_FLOOD_2023,1,SINGLE_EVENT_BUILDING
07971cbf4f30d835,TN_SOUTHERN_FLOOD_2023_139067,TN_SOUTHERN_FLOOD_2023,1,SINGLE_EVENT_BUILDING
5966b7435b13e2e5,TN_SOUTHERN_FLOOD_2023_156903,TN_SOUTHERN_FLOOD_2023,1,SINGLE_EVENT_BUILDING
d1e5f8a9c2d30458,TN_SOUTHERN_FLOOD_2023_157874,TN_SOUTHERN_FLOOD_2023,1,SINGLE_EVENT_BUILDING
19c7720c316bce63,TN_SOUTHERN_FLOOD_2023_168799,TN_SOUTHERN_FLOOD_2023,1,SINGLE_EVENT_BUILDING
02420040956caa91,TN_SOUTHERN_FLOOD_2023_158843,TN_SOUTHERN_FLOOD_2023,1,SINGLE_EVENT_BUILDING
2fcd214aed4030cc,TN_SOUTHERN_FLOOD_2023_160177,TN_SOUTHERN_FLOOD_2023,1,SINGLE_EVENT_BUILDING
b265e85230902ada,TN_SOUTHERN_FLOOD_2023_160300,TN_SOUTHERN_FLOOD_2023,1,SINGLE_EVENT_BUILDING
f95990242ba01b89,TN_SOUTHERN_FLOOD_2023_150710,TN_SOUTHERN_FLOOD_2023,1,SINGLE_EVENT_BUILDING
79e45183b351e21e,TN_SOUTHERN_FLOOD_2023_158845,TN_SOUTHERN_FLOOD_2023,1,SINGLE_EVENT_BUILDING
3b0a750d6dc5f2de,TN_SOUTHERN_FLOOD_2023_159790,TN_SOUTHERN_FLOOD_2023,1,SINGLE_EVENT_BUILDING
390a5d81174ed8ae,TN_SOUTHERN_FLOOD_2023_150755,TN_SOUTHERN_FLOOD_2023,1,SINGLE_EVENT_BUILDING
c169bb5f9c7e676c,TN_SOUTHERN_FLOOD_2023_152775,TN_SOUTHERN_FLOOD_2023,1,SINGLE_EVENT_BUILDING
5d4e0086b6a81134,TN_SOUTHERN_FLOOD_2023_158847,TN_SOUTHERN_FLOOD_2023,1,SINGLE_EVENT_BUILDING
8ca03428a77d7db8,TN_SOUTHERN_FLOOD_2023_152776,TN_SOUTHERN_FLOOD_2023,1,SINGLE_EVENT_BUILDING
e0b6e58fc5a54be2,TN_SOUTHERN_FLOOD_2023_162750,TN_SOUTHERN_FLOOD_2023,1,SINGLE_EVENT_BUILDING
57936967f0092d14,TN_SOUTHERN_FLOOD_2023_167117,TN_SOUTHERN_FLOOD_2023,1,SINGLE_EVENT_BUILDING
2bd355e65f0c5eb6,TN_SOUTHERN_FLOOD_2023_147049,TN_SOUTHERN_FLOOD_2023,1,SINGLE_EVENT_BUILDING
ce72284743f66af0,TN_SOUTHERN_FLOOD_2023_148484,TN_SOUTHERN_FLOOD_2023,1,SINGLE_EVENT_BUILDING
f925777837d3f3d1,TN_SOUTHERN_FLOOD_2023_143674,TN_SOUTHERN_FLOOD_2023,1,SINGLE_EVENT_BUILDING
89d64c42b9ac9fb7,TN_SOUTHERN_FLOOD_2023_168807,TN_SOUTHERN_FLOOD_2023,1,SINGLE_EVENT_BUILDING
c9012d3eed56dc89,TN_SOUTHERN_FLOOD_2023_159780,TN_SOUTHERN_FLOOD_2023,1,SINGLE_EVENT_BUILDING
ad898ef79182c16e,TN_SOUTHERN_FLOOD_2023_150070,TN_SOUTHERN_FLOOD_2023,1,SINGLE_EVENT_BUILDING
c65bb94088738bb0,TN_SOUTHERN_FLOOD_2023_159798,TN_SOUTHERN_FLOOD_2023,1,SINGLE_EVENT_BUILDING
cb202c18ccd9de88,TN_SOUTHERN_FLOOD_2023_160208,TN_SOUTHERN_FLOOD_2023,1,SINGLE_EVENT_BUILDING
918c0e5819b563c0,TN_SOUTHERN_FLOOD_2023_150071,TN_SOUTHERN_FLOOD_2023,1,SINGLE_EVENT_BUILDING
766a3102a16d9398,TN_SOUTHERN_FLOOD_2023_160309,TN_SOUTHERN_FLOOD_2023,1,SINGLE_EVENT_BUILDING
7e89da991a40ab0b,TN_SOUTHERN_FLOOD_2023_150767,TN_SOUTHERN_FLOOD_2023,1,SINGLE_EVENT_BUILDING
612c3e17851096bc,TN_OCKHI_2017_008649,TN_OCKHI_2017,1,SINGLE_EVENT_BUILDING
3597a20f2e274c75,TN_OCKHI_2017_017754,TN_OCKHI_2017,1,SINGLE_EVENT_BUILDING
ba8e63652b731770,TN_OCKHI_2017_033150,TN_OCKHI_2017,1,SINGLE_EVENT_BUILDING
f4c0979640161d87,TN_OCKHI_2017_033155,TN_OCKHI_2017,1,SINGLE_EVENT_BUILDING
2bdb11ad5ed265b3,TN_OCKHI_2017_001365,TN_OCKHI_2017,1,SINGLE_EVENT_BUILDING
35e272528c053736,TN_OCKHI_2017_020878,TN_OCKHI_2017,1,SINGLE_EVENT_BUILDING
be914df8b56de53d,TN_OCKHI_2017_046474,TN_OCKHI_2017,1,SINGLE_EVENT_BUILDING
1d1f62ddf05e32e8,TN_OCKHI_2017_061435,TN_OCKHI_2017,1,SINGLE_EVENT_BUILDING
4298739ed3c32b41,TN_OCKHI_2017_040413,TN_OCKHI_2017,1,SINGLE_EVENT_BUILDING
e0853dead978c435,TN_OCKHI_2017_071869,TN_OCKHI_2017,1,SINGLE_EVENT_BUILDING
5281d21956adb1ae,TN_OCKHI_2017_008625,TN_OCKHI_2017,1,SINGLE_EVENT_BUILDING
73fff643afb5828b,TN_OCKHI_2017_051229,TN_OCKHI_2017,1,SINGLE_EVENT_BUILDING
dd9c669c229594e1,TN_OCKHI_2017_011628,TN_OCKHI_2017,1,SINGLE_EVENT_BUILDING
858f9a0e9ee79423,TN_OCKHI_2017_030729,TN_OCKHI_2017,1,SINGLE_EVENT_BUILDING
dddd705081374348,TN_OCKHI_2017_057086,TN_OCKHI_2017,1,SINGLE_EVENT_BUILDING
8f92c8fbc2a6be7a,TN_OCKHI_2017_017743,TN_OCKHI_2017,1,SINGLE_EVENT_BUILDING
c4127bb20c135606,TN_OCKHI_2017_045104,TN_OCKHI_2017,1,SINGLE_EVENT_BUILDING
c00aa5ea50e59f9b,TN_OCKHI_2017_020881,TN_OCKHI_2017,1,SINGLE_EVENT_BUILDING
ad17fa8e861fd509,TN_OCKHI_2017_047840,TN_OCKHI_2017,1,SINGLE_EVENT_BUILDING
2178bf5164dd9019,TN_OCKHI_2017_065736,TN_OCKHI_2017,1,SINGLE_EVENT_BUILDING
ca7bff0ea1ffae70,TN_OCKHI_2017_027366,TN_OCKHI_2017,1,SINGLE_EVENT_BUILDING
85a42f5325ff9b58,TN_OCKHI_2017_040424,TN_OCKHI_2017,1,SINGLE_EVENT_BUILDING
d8ff406db82fd5ff,TN_OCKHI_2017_041032,TN_OCKHI_2017,1,SINGLE_EVENT_BUILDING
473fbfc3a6073fba,TN_OCKHI_2017_000991,TN_OCKHI_2017,1,SINGLE_EVENT_BUILDING
a88d2a5d33904cce,TN_OCKHI_2017_001321,TN_OCKHI_2017,1,SINGLE_EVENT_BUILDING
c7ae59430e0195b0,TN_OCKHI_2017_001483,TN_OCKHI_2017,1,SINGLE_EVENT_BUILDING
27c326edfe9b32df,TN_OCKHI_2017_020883,TN_OCKHI_2017,1,SINGLE_EVENT_BUILDING
14a52a1033dcdc78,TN_OCKHI_2017_071862,TN_OCKHI_2017,1,SINGLE_EVENT_BUILDING
7ae60e55d3cb37d4,TN_OCKHI_2017_051150,TN_OCKHI_2017,1,SINGLE_EVENT_BUILDING
11d73ecc9c6b59d2,TN_OCKHI_2017_000004,TN_OCKHI_2017,1,SINGLE_EVENT_BUILDING
a08e1b67e6c89984,TN_OCKHI_2017_040439,TN_OCKHI_2017,1,SINGLE_EVENT_BUILDING
96e671ff4196f409,TN_OCKHI_2017_051381,TN_OCKHI_2017,1,SINGLE_EVENT_BUILDING
f133c34b2514838d,TN_OCKHI_2017_027826,TN_OCKHI_2017,1,SINGLE_EVENT_BUILDING
2fb9785ddbf76e09,TN_OCKHI_2017_014355,TN_OCKHI_2017,1,SINGLE_EVENT_BUILDING
24676f9c66058dae,TN_OCKHI_2017_044118,TN_OCKHI_2017,1,SINGLE_EVENT_BUILDING
3427749a8f580535,TN_OCKHI_2017_044133,TN_OCKHI_2017,1,SINGLE_EVENT_BUILDING
eb7f540b91ede7d1,TN_OCKHI_2017_057206,TN_OCKHI_2017,1,SINGLE_EVENT_BUILDING
35205fec59b0f4c5,TN_OCKHI_2017_017750,TN_OCKHI_2017,1,SINGLE_EVENT_BUILDING
8412657f697d094b,TN_OCKHI_2017_060061,TN_OCKHI_2017,1,SINGLE_EVENT_BUILDING
668fc879ac7cce3a,TN_OCKHI_2017_046453,TN_OCKHI_2017,1,SINGLE_EVENT_BUILDING
2ba4abcbba78ae71,TN_OCKHI_2017_045489,TN_OCKHI_2017,1,SINGLE_EVENT_BUILDING
fb8faf77e6f5d292,TN_OCKHI_2017_065739,TN_OCKHI_2017,1,SINGLE_EVENT_BUILDING
8fed7ee1989b747c,TN_OCKHI_2017_051197,TN_OCKHI_2017,1,SINGLE_EVENT_BUILDING
dee272b43bbe5ea2,TN_OCKHI_2017_036904,TN_OCKHI_2017,1,SINGLE_EVENT_BUILDING
4694c52a91dd248e,TN_OCKHI_2017_020886,TN_OCKHI_2017,1,SINGLE_EVENT_BUILDING
abe57568d292940b,TN_OCKHI_2017_065743,TN_OCKHI_2017,1,SINGLE_EVENT_BUILDING
a193f800616b5b14,TN_OCKHI_2017_008641,TN_OCKHI_2017,1,SINGLE_EVENT_BUILDING
290e07e1d398569f,TN_OCKHI_2017_040442,TN_OCKHI_2017,1,SINGLE_EVENT_BUILDING
cb012cfde4850219,TN_OCKHI_2017_027800,TN_OCKHI_2017,1,SINGLE_EVENT_BUILDING
c5d7207d25f910ae,TN_OCKHI_2017_000968,TN_OCKHI_2017,1,SINGLE_EVENT_BUILDING
0276148967be87ce,TN_OCKHI_2017_060080,TN_OCKHI_2017,1,SINGLE_EVENT_BUILDING
1b066f2cab68c60d,TN_OCKHI_2017_033521,TN_OCKHI_2017,1,SINGLE_EVENT_BUILDING
fb90a77984e6c1f8,TN_OCKHI_2017_061451,TN_OCKHI_2017,1,SINGLE_EVENT_BUILDING
5a2ab06a4a3a6659,TN_OCKHI_2017_021993,TN_OCKHI_2017,1,SINGLE_EVENT_BUILDING
a7d601bebe83a743,TN_OCKHI_2017_061448,TN_OCKHI_2017,1,SINGLE_EVENT_BUILDING
2fbdf43645ca85af,TN_OCKHI_2017_047863,TN_OCKHI_2017,1,SINGLE_EVENT_BUILDING
aa7d8802415c68c3,TN_OCKHI_2017_069312,TN_OCKHI_2017,1,SINGLE_EVENT_BUILDING
b6f8572faa35b193,TN_OCKHI_2017_008636,TN_OCKHI_2017,1,SINGLE_EVENT_BUILDING
9eb750b704df5a5e,TN_OCKHI_2017_040526,TN_OCKHI_2017,1,SINGLE_EVENT_BUILDING
b0a69282af3ba720,TN_OCKHI_2017_051155,TN_OCKHI_2017,1,SINGLE_EVENT_BUILDING
2e52acafc4bad713,TN_OCKHI_2017_027958,TN_OCKHI_2017,1,SINGLE_EVENT_BUILDING
5e622905279e6660,TN_OCKHI_2017_000990,TN_OCKHI_2017,1,SINGLE_EVENT_BUILDING
1503213678d6ff35,TN_OCKHI_2017_055713,TN_OCKHI_2017,1,SINGLE_EVENT_BUILDING
769ce222bcd5aa9f,TN_OCKHI_2017_057346,TN_OCKHI_2017,1,SINGLE_EVENT_BUILDING
4a89b40b353dd940,TN_OCKHI_2017_033164,TN_OCKHI_2017,1,SINGLE_EVENT_BUILDING
78f7e2dd67042566,TN_OCKHI_2017_060065,TN_OCKHI_2017,1,SINGLE_EVENT_BUILDING
1699896fbeb409c5,TN_OCKHI_2017_046514,TN_OCKHI_2017,1,SINGLE_EVENT_BUILDING
804980521e658683,TN_OCKHI_2017_003975,TN_OCKHI_2017,1,SINGLE_EVENT_BUILDING
ebf78f0c411ac868,TN_OCKHI_2017_036914,TN_OCKHI_2017,1,SINGLE_EVENT_BUILDING
bafc7680aaab5b20,TN_OCKHI_2017_061449,TN_OCKHI_2017,1,SINGLE_EVENT_BUILDING
d08096ad419f44c1,TN_OCKHI_2017_061477,TN_OCKHI_2017,1,SINGLE_EVENT_BUILDING
10e0a2081a838a08,TN_OCKHI_2017_047867,TN_OCKHI_2017,1,SINGLE_EVENT_BUILDING
87bed56511ed581e,TN_OCKHI_2017_069315,TN_OCKHI_2017,1,SINGLE_EVENT_BUILDING
4ed08b5df1a78906,TN_OCKHI_2017_008642,TN_OCKHI_2017,1,SINGLE_EVENT_BUILDING
ad190734ee119f73,TN_OCKHI_2017_040447,TN_OCKHI_2017,1,SINGLE_EVENT_BUILDING
cfe6292e10570dc4,TN_OCKHI_2017_027805,TN_OCKHI_2017,1,SINGLE_EVENT_BUILDING
c2983635dd8caece,TN_OCKHI_2017_030752,TN_OCKHI_2017,1,SINGLE_EVENT_BUILDING
214456dd1fe65926,TN_OCKHI_2017_057136,TN_OCKHI_2017,1,SINGLE_EVENT_BUILDING
8a781ff3aee4327f,TN_OCKHI_2017_033236,TN_OCKHI_2017,1,SINGLE_EVENT_BUILDING
ab914878d06fed7e,TN_OCKHI_2017_045131,TN_OCKHI_2017,1,SINGLE_EVENT_BUILDING
7e30c4aea9cfbb24,TN_OCKHI_2017_019327,TN_OCKHI_2017,1,SINGLE_EVENT_BUILDING
db728cfd30766695,TN_OCKHI_2017_033576,TN_OCKHI_2017,1,SINGLE_EVENT_BUILDING
6941e26b1da97cfd,TN_OCKHI_2017_065765,TN_OCKHI_2017,1,SINGLE_EVENT_BUILDING
c33c39bf821d5974,TN_OCKHI_2017_071873,TN_OCKHI_2017,1,SINGLE_EVENT_BUILDING
5222bb94a9e0cfd3,TN_OCKHI_2017_000009,TN_OCKHI_2017,1,SINGLE_EVENT_BUILDING
87a89abfc1c6163c,TN_OCKHI_2017_027978,TN_OCKHI_2017,1,SINGLE_EVENT_BUILDING
f1e7c38d458cb827,TN_OCKHI_2017_051733,TN_OCKHI_2017,1,SINGLE_EVENT_BUILDING
1e7611e4812d0329,TN_OCKHI_2017_001012,TN_OCKHI_2017,1,SINGLE_EVENT_BUILDING
894109673d2c0680,TN_OCKHI_2017_030762,TN_OCKHI_2017,1,SINGLE_EVENT_BUILDING
88c24f97e83471fb,TN_OCKHI_2017_033169,TN_OCKHI_2017,1,SINGLE_EVENT_BUILDING
7c269fa598a12460,TN_OCKHI_2017_045135,TN_OCKHI_2017,1,SINGLE_EVENT_BUILDING
bf01bc0ae64f319d,TN_OCKHI_2017_060070,TN_OCKHI_2017,1,SINGLE_EVENT_BUILDING
45cd2c39c484f7f4,TN_OCKHI_2017_020024,TN_OCKHI_2017,1,SINGLE_EVENT_BUILDING
fe7b76a2390cbb9a,TN_OCKHI_2017_036929,TN_OCKHI_2017,1,SINGLE_EVENT_BUILDING
19c5030582ee4490,TN_OCKHI_2017_046490,TN_OCKHI_2017,1,SINGLE_EVENT_BUILDING
0fdf081eb406244e,TN_OCKHI_2017_047895,TN_OCKHI_2017,1,SINGLE_EVENT_BUILDING
7b2f545e331e7926,TN_OCKHI_2017_027982,TN_OCKHI_2017,1,SINGLE_EVENT_BUILDING
125722c265795f47,TN_OCKHI_2017_014373,TN_OCKHI_2017,1,SINGLE_EVENT_BUILDING
55ee46488c50e720,TN_OCKHI_2017_014448,TN_OCKHI_2017,1,SINGLE_EVENT_BUILDING
73ba63e9552edf7d,TN_OCKHI_2017_030769,TN_OCKHI_2017,1,SINGLE_EVENT_BUILDING
62e8ad05fb3d8eda,TN_OCKHI_2017_044258,TN_OCKHI_2017,1,SINGLE_EVENT_BUILDING
6c4cdabb3c1ab967,TN_OCKHI_2017_001334,TN_OCKHI_2017,1,SINGLE_EVENT_BUILDING
8d4b4ef9469c60d8,TN_OCKHI_2017_017769,TN_OCKHI_2017,1,SINGLE_EVENT_BUILDING
a802f43ab5c8fa33,TN_OCKHI_2017_033272,TN_OCKHI_2017,1,SINGLE_EVENT_BUILDING
6cbcdcc056f9d23e,TN_OCKHI_2017_061430,TN_OCKHI_2017,1,SINGLE_EVENT_BUILDING
93d2527b638d06d5,TN_OCKHI_2017_020918,TN_OCKHI_2017,1,SINGLE_EVENT_BUILDING
6cc2b6a621917b9f,TN_OCKHI_2017_046756,TN_OCKHI_2017,1,SINGLE_EVENT_BUILDING
90a64cec019f05d4,TN_OCKHI_2017_049792,TN_OCKHI_2017,1,SINGLE_EVENT_BUILDING
847f62282eb6a912,TN_OCKHI_2017_050871,TN_OCKHI_2017,1,SINGLE_EVENT_BUILDING
515fe22d46622c8b,TN_OCKHI_2017_008643,TN_OCKHI_2017,1,SINGLE_EVENT_BUILDING
2de3d09b07a3c04e,TN_OCKHI_2017_051232,TN_OCKHI_2017,1,SINGLE_EVENT_BUILDING
2917676c51110e5d,TN_OCKHI_2017_000011,TN_OCKHI_2017,1,SINGLE_EVENT_BUILDING
50956e7b1895b180,TN_OCKHI_2017_027988,TN_OCKHI_2017,1,SINGLE_EVENT_BUILDING
ff145b30d604a64d,TN_OCKHI_2017_011678,TN_OCKHI_2017,1,SINGLE_EVENT_BUILDING
e0448dbf2cccf9ee,TN_OCKHI_2017_014452,TN_OCKHI_2017,1,SINGLE_EVENT_BUILDING
1477104245da8c7e,TN_OCKHI_2017_001367,TN_OCKHI_2017,1,SINGLE_EVENT_BUILDING
84f1d2dd5759de2a,TN_OCKHI_2017_033172,TN_OCKHI_2017,1,SINGLE_EVENT_BUILDING
f8313c37b2c8a410,TN_OCKHI_2017_060073,TN_OCKHI_2017,1,SINGLE_EVENT_BUILDING
a5cd75db09c55ae4,TN_OCKHI_2017_033961,TN_OCKHI_2017,1,SINGLE_EVENT_BUILDING
88c8611aecd162b7,TN_OCKHI_2017_047911,TN_OCKHI_2017,1,SINGLE_EVENT_BUILDING
ede860ef88e01578,TN_OCKHI_2017_008664,TN_OCKHI_2017,1,SINGLE_EVENT_BUILDING
3e670700b85cb4ca,TN_OCKHI_2017_040455,TN_OCKHI_2017,1,SINGLE_EVENT_BUILDING
7ae3140a52cb82b1,TN_OCKHI_2017_051233,TN_OCKHI_2017,1,SINGLE_EVENT_BUILDING
8d4f6ae1f0e83aad,TN_OCKHI_2017_051886,TN_OCKHI_2017,1,SINGLE_EVENT_BUILDING
322eae5cab1086ef,TN_OCKHI_2017_011675,TN_OCKHI_2017,1,SINGLE_EVENT_BUILDING
b21b21e4049abcfc,TN_OCKHI_2017_055689,TN_OCKHI_2017,1,SINGLE_EVENT_BUILDING
46fc7546d4fbd272,TN_OCKHI_2017_036951,TN_OCKHI_2017,1,SINGLE_EVENT_BUILDING
1451355bf8c87edf,TN_OCKHI_2017_061432,TN_OCKHI_2017,1,SINGLE_EVENT_BUILDING
4b3c234892e69808,TN_OCKHI_2017_046497,TN_OCKHI_2017,1,SINGLE_EVENT_BUILDING
7f90f21508f1f17f,TN_OCKHI_2017_027384,TN_OCKHI_2017,1,SINGLE_EVENT_BUILDING
68af1fbb3de64d70,TN_OCKHI_2017_040529,TN_OCKHI_2017,1,SINGLE_EVENT_BUILDING
59be884bae60fc8f,TN_OCKHI_2017_011699,TN_OCKHI_2017,1,SINGLE_EVENT_BUILDING
9f9246a97f539283,TN_OCKHI_2017_014386,TN_OCKHI_2017,1,SINGLE_EVENT_BUILDING
cefc4ca00a717f55,TN_OCKHI_2017_017826,TN_OCKHI_2017,1,SINGLE_EVENT_BUILDING
f07e1db61b832d31,TN_OCKHI_2017_033284,TN_OCKHI_2017,1,SINGLE_EVENT_BUILDING
e69d560fb81a2804,TN_OCKHI_2017_045120,TN_OCKHI_2017,1,SINGLE_EVENT_BUILDING
58a8211ccf745455,TN_OCKHI_2017_019836,TN_OCKHI_2017,1,SINGLE_EVENT_BUILDING
620861c9c62ca3f3,TN_OCKHI_2017_037545,TN_OCKHI_2017,1,SINGLE_EVENT_BUILDING
8b1feb494e14e3d9,TN_OCKHI_2017_046891,TN_OCKHI_2017,1,SINGLE_EVENT_BUILDING
4955f396bc140c1b,TN_OCKHI_2017_047936,TN_OCKHI_2017,1,SINGLE_EVENT_BUILDING
ee37e0dc6b0cc640,TN_OCKHI_2017_027386,TN_OCKHI_2017,1,SINGLE_EVENT_BUILDING
89f4ad764abf8ef3,TN_OCKHI_2017_051236,TN_OCKHI_2017,1,SINGLE_EVENT_BUILDING
e10499d798f94e19,TN_OCKHI_2017_011687,TN_OCKHI_2017,1,SINGLE_EVENT_BUILDING
5d39ff580b8b1bb4,TN_OCKHI_2017_027952,TN_OCKHI_2017,1,SINGLE_EVENT_BUILDING
04cb734c14fe3b16,TN_OCKHI_2017_041051,TN_OCKHI_2017,1,SINGLE_EVENT_BUILDING
b3788b158ab86d12,TN_OCKHI_2017_001026,TN_OCKHI_2017,1,SINGLE_EVENT_BUILDING
61264249c3827d07,TN_OCKHI_2017_001338,TN_OCKHI_2017,1,SINGLE_EVENT_BUILDING
9bf377bc3f69e87f,TN_OCKHI_2017_001382,TN_OCKHI_2017,1,SINGLE_EVENT_BUILDING
04cbb545f237efcf,TN_OCKHI_2017_017776,TN_OCKHI_2017,1,SINGLE_EVENT_BUILDING
07baed8265a8b4dc,TN_OCKHI_2017_033176,TN_OCKHI_2017,1,SINGLE_EVENT_BUILDING
ec47af94ab5c7264,TN_OCKHI_2017_060079,TN_OCKHI_2017,1,SINGLE_EVENT_BUILDING
dfd360134ca968e6,TN_OCKHI_2017_060151,TN_OCKHI_2017,1,SINGLE_EVENT_BUILDING
beb7a2f67ca1c9c4,TN_OCKHI_2017_036947,TN_OCKHI_2017,1,SINGLE_EVENT_BUILDING
d803c77b15b5a191,TN_OCKHI_2017_046504,TN_OCKHI_2017,1,SINGLE_EVENT_BUILDING
71637b3f5a8b525b,TN_OCKHI_2017_047935,TN_OCKHI_2017,1,SINGLE_EVENT_BUILDING
392338bfbebb5b85,TN_OCKHI_2017_049805,TN_OCKHI_2017,1,SINGLE_EVENT_BUILDING
c45afbb16528b675,TN_OCKHI_2017_000015,TN_OCKHI_2017,1,SINGLE_EVENT_BUILDING
122655ce48bc25d7,TN_FENGAL_2024_000001,TN_FENGAL_2024,1,SINGLE_EVENT_BUILDING
f64fd1c834892e08,TN_FENGAL_2024_009743,TN_FENGAL_2024,1,SINGLE_EVENT_BUILDING
66a6855c9a36d9f4,TN_FENGAL_2024_000004,TN_FENGAL_2024,1,SINGLE_EVENT_BUILDING
e0c035b2921693d2,TN_FENGAL_2024_000021,TN_FENGAL_2024,1,SINGLE_EVENT_BUILDING
1b5bfb72b9263fa3,TN_FENGAL_2024_027482,TN_FENGAL_2024,1,SINGLE_EVENT_BUILDING
2a2c380e2df8b17c,TN_FENGAL_2024_002945,TN_FENGAL_2024,1,SINGLE_EVENT_BUILDING
a6ebb14a7f1863e0,TN_FENGAL_2024_081045,TN_FENGAL_2024,1,SINGLE_EVENT_BUILDING
883ffa82134add11,TN_FENGAL_2024_133822,TN_FENGAL_2024,1,SINGLE_EVENT_BUILDING
b9ee843593982f69,TN_FENGAL_2024_004094,TN_FENGAL_2024,1,SINGLE_EVENT_BUILDING
e00271a46c8a7772,TN_FENGAL_2024_059422,TN_FENGAL_2024,1,SINGLE_EVENT_BUILDING
054649aaf2712b7b,TN_FENGAL_2024_081030,TN_FENGAL_2024,1,SINGLE_EVENT_BUILDING
f8796179a2f758cc,TN_FENGAL_2024_040543,TN_FENGAL_2024,1,SINGLE_EVENT_BUILDING
cfcfe62e697e32b2,TN_FENGAL_2024_103958,TN_FENGAL_2024,1,SINGLE_EVENT_BUILDING
34079e9e704f001f,TN_FENGAL_2024_125708,TN_FENGAL_2024,1,SINGLE_EVENT_BUILDING
15e50a55f0ac5468,TN_FENGAL_2024_091017,TN_FENGAL_2024,1,SINGLE_EVENT_BUILDING
e65c228cf79c036a,TN_FENGAL_2024_109020,TN_FENGAL_2024,1,SINGLE_EVENT_BUILDING
2a9c4a25d1fa2d46,TN_FENGAL_2024_141940,TN_FENGAL_2024,1,SINGLE_EVENT_BUILDING
80e977791530ff7d,TN_FENGAL_2024_079193,TN_FENGAL_2024,1,SINGLE_EVENT_BUILDING
c61de7506b830022,TN_FENGAL_2024_036080,TN_FENGAL_2024,1,SINGLE_EVENT_BUILDING
bde87b6be63a0ce3,TN_FENGAL_2024_059295,TN_FENGAL_2024,1,SINGLE_EVENT_BUILDING
5bc05ab137384f59,TN_FENGAL_2024_036156,TN_FENGAL_2024,1,SINGLE_EVENT_BUILDING
fb19b5dd7cc2130e,TN_FENGAL_2024_059310,TN_FENGAL_2024,1,SINGLE_EVENT_BUILDING
bad8d961b57a64f1,TN_FENGAL_2024_136773,TN_FENGAL_2024,1,SINGLE_EVENT_BUILDING
64966be80eaf868a,TN_FENGAL_2024_005286,TN_FENGAL_2024,1,SINGLE_EVENT_BUILDING
5107fa2bdfb35d77,TN_FENGAL_2024_109438,TN_FENGAL_2024,1,SINGLE_EVENT_BUILDING
26d019c3857a4889,TN_FENGAL_2024_141955,TN_FENGAL_2024,1,SINGLE_EVENT_BUILDING
9147d01da268c8d5,TN_FENGAL_2024_074305,TN_FENGAL_2024,1,SINGLE_EVENT_BUILDING
9354ba2f8f791229,TN_FENGAL_2024_113808,TN_FENGAL_2024,1,SINGLE_EVENT_BUILDING
9d327531965eba93,TN_FENGAL_2024_000003,TN_FENGAL_2024,1,SINGLE_EVENT_BUILDING
0f66b38033cf886d,TN_FENGAL_2024_027039,TN_FENGAL_2024,1,SINGLE_EVENT_BUILDING
b31ebb3c57da02d4,TN_FENGAL_2024_100789,TN_FENGAL_2024,1,SINGLE_EVENT_BUILDING
b429b5ade275f609,TN_FENGAL_2024_000052,TN_FENGAL_2024,1,SINGLE_EVENT_BUILDING
22b806c1703eacde,TN_FENGAL_2024_100966,TN_FENGAL_2024,1,SINGLE_EVENT_BUILDING
af6bdaf658eead0a,TN_FENGAL_2024_054678,TN_FENGAL_2024,1,SINGLE_EVENT_BUILDING
e8c92a53ae845bc7,TN_FENGAL_2024_004107,TN_FENGAL_2024,1,SINGLE_EVENT_BUILDING
ae20296963bf139a,TN_FENGAL_2024_036083,TN_FENGAL_2024,1,SINGLE_EVENT_BUILDING
c57f7c7af4325011,TN_FENGAL_2024_081106,TN_FENGAL_2024,1,SINGLE_EVENT_BUILDING
4a21c4a977176631,TN_FENGAL_2024_102562,TN_FENGAL_2024,1,SINGLE_EVENT_BUILDING
df4ef0b17a83543d,TN_FENGAL_2024_036167,TN_FENGAL_2024,1,SINGLE_EVENT_BUILDING
40a5548b0a692df5,TN_FENGAL_2024_109753,TN_FENGAL_2024,1,SINGLE_EVENT_BUILDING
38b3be15c7948077,TN_FENGAL_2024_052392,TN_FENGAL_2024,1,SINGLE_EVENT_BUILDING
6a6499f9631db82c,TN_FENGAL_2024_119507,TN_FENGAL_2024,1,SINGLE_EVENT_BUILDING
9571163c43423069,TN_FENGAL_2024_132816,TN_FENGAL_2024,1,SINGLE_EVENT_BUILDING
2d3976560fd17830,TN_FENGAL_2024_121055,TN_FENGAL_2024,1,SINGLE_EVENT_BUILDING
0beab3ce87f9d30c,TN_FENGAL_2024_004110,TN_FENGAL_2024,1,SINGLE_EVENT_BUILDING
ba1488be1076dda9,TN_FENGAL_2024_015694,TN_FENGAL_2024,1,SINGLE_EVENT_BUILDING
d512a8cf8acbd35d,TN_FENGAL_2024_060094,TN_FENGAL_2024,1,SINGLE_EVENT_BUILDING
d5dc549400520cca,TN_FENGAL_2024_059318,TN_FENGAL_2024,1,SINGLE_EVENT_BUILDING
22f70d5bfe617060,TN_FENGAL_2024_064278,TN_FENGAL_2024,1,SINGLE_EVENT_BUILDING
1941565d5e68ebcd,TN_FENGAL_2024_008897,TN_FENGAL_2024,1,SINGLE_EVENT_BUILDING
d5457146ee63649f,TN_FENGAL_2024_090899,TN_FENGAL_2024,1,SINGLE_EVENT_BUILDING
847934873470be97,TN_FENGAL_2024_069240,TN_FENGAL_2024,1,SINGLE_EVENT_BUILDING
9d082b28d431b05d,TN_FENGAL_2024_090923,TN_FENGAL_2024,1,SINGLE_EVENT_BUILDING
e34063ab36be45e6,TN_FENGAL_2024_141984,TN_FENGAL_2024,1,SINGLE_EVENT_BUILDING
33e46923fb93b8d4,TN_FENGAL_2024_095865,TN_FENGAL_2024,1,SINGLE_EVENT_BUILDING
284a3bec69f33982,TN_FENGAL_2024_000013,TN_FENGAL_2024,1,SINGLE_EVENT_BUILDING
6659121e27d9e53b,TN_FENGAL_2024_002984,TN_FENGAL_2024,1,SINGLE_EVENT_BUILDING
6ba82f6b6a77dd93,TN_FENGAL_2024_133720,TN_FENGAL_2024,1,SINGLE_EVENT_BUILDING
6c3eff3596ef9ab4,TN_FENGAL_2024_004088,TN_FENGAL_2024,1,SINGLE_EVENT_BUILDING
85b85245ba56db25,TN_FENGAL_2024_004117,TN_FENGAL_2024,1,SINGLE_EVENT_BUILDING
b8e7a4d06af1375f,TN_FENGAL_2024_081259,TN_FENGAL_2024,1,SINGLE_EVENT_BUILDING
b77d1ebfa9bd43a4,TN_FENGAL_2024_121576,TN_FENGAL_2024,1,SINGLE_EVENT_BUILDING
8b52738a048e6737,TN_FENGAL_2024_081137,TN_FENGAL_2024,1,SINGLE_EVENT_BUILDING
590f53b70c629366,TN_FENGAL_2024_005293,TN_FENGAL_2024,1,SINGLE_EVENT_BUILDING
388b870ce03fa7e2,TN_FENGAL_2024_017085,TN_FENGAL_2024,1,SINGLE_EVENT_BUILDING
f33fa44ce054c133,TN_FENGAL_2024_085962,TN_FENGAL_2024,1,SINGLE_EVENT_BUILDING
6086573aaaf0c2a9,TN_FENGAL_2024_140313,TN_FENGAL_2024,1,SINGLE_EVENT_BUILDING
9407befb49029f73,TN_FENGAL_2024_008881,TN_FENGAL_2024,1,SINGLE_EVENT_BUILDING
e03aa06fa6e56347,TN_FENGAL_2024_069236,TN_FENGAL_2024,1,SINGLE_EVENT_BUILDING
d2c0c14762c4b039,TN_FENGAL_2024_110434,TN_FENGAL_2024,1,SINGLE_EVENT_BUILDING
3616201bf5f7091b,TN_FENGAL_2024_074475,TN_FENGAL_2024,1,SINGLE_EVENT_BUILDING
8950f924fa2f2bff,TN_FENGAL_2024_052722,TN_FENGAL_2024,1,SINGLE_EVENT_BUILDING
de1bbf078d472702,TN_FENGAL_2024_118765,TN_FENGAL_2024,1,SINGLE_EVENT_BUILDING
8da77a35cc8ddd2d,TN_FENGAL_2024_056268,TN_FENGAL_2024,1,SINGLE_EVENT_BUILDING
96854bf4d1016dd2,TN_FENGAL_2024_132820,TN_FENGAL_2024,1,SINGLE_EVENT_BUILDING
77d1b6890023b29d,TN_FENGAL_2024_002990,TN_FENGAL_2024,1,SINGLE_EVENT_BUILDING
4914961645e56e2b,TN_FENGAL_2024_013334,TN_FENGAL_2024,1,SINGLE_EVENT_BUILDING
90c5cb147e3d5ad8,TN_FENGAL_2024_055127,TN_FENGAL_2024,1,SINGLE_EVENT_BUILDING
9095cf6f01c30e12,TN_FENGAL_2024_015715,TN_FENGAL_2024,1,SINGLE_EVENT_BUILDING
ba82c6d05c1cee6b,TN_FENGAL_2024_081150,TN_FENGAL_2024,1,SINGLE_EVENT_BUILDING
0137aa5bca04abd3,TN_FENGAL_2024_006033,TN_FENGAL_2024,1,SINGLE_EVENT_BUILDING
d330a18b9c72c588,TN_FENGAL_2024_069238,TN_FENGAL_2024,1,SINGLE_EVENT_BUILDING
11ed1f47be343143,TN_FENGAL_2024_090903,TN_FENGAL_2024,1,SINGLE_EVENT_BUILDING
09be06479687cac2,TN_FENGAL_2024_091146,TN_FENGAL_2024,1,SINGLE_EVENT_BUILDING
4481f55483a0f0fa,TN_FENGAL_2024_125761,TN_FENGAL_2024,1,SINGLE_EVENT_BUILDING
8c56b7ff73b08a73,TN_FENGAL_2024_142042,TN_FENGAL_2024,1,SINGLE_EVENT_BUILDING
612f649ab8257ed1,TN_FENGAL_2024_095869,TN_FENGAL_2024,1,SINGLE_EVENT_BUILDING
c40a8a10f61ae73d,TN_FENGAL_2024_113813,TN_FENGAL_2024,1,SINGLE_EVENT_BUILDING
22dba7d1193f539c,TN_FENGAL_2024_143114,TN_FENGAL_2024,1,SINGLE_EVENT_BUILDING
9c502025115a75b5,TN_FENGAL_2024_131355,TN_FENGAL_2024,1,SINGLE_EVENT_BUILDING
035fce0e013e88c2,TN_FENGAL_2024_143593,TN_FENGAL_2024,1,SINGLE_EVENT_BUILDING
66fdc140d65b9be6,TN_FENGAL_2024_000045,TN_FENGAL_2024,1,SINGLE_EVENT_BUILDING
02382ad24537cbc3,TN_FENGAL_2024_027490,TN_FENGAL_2024,1,SINGLE_EVENT_BUILDING
f3d47d43dc7e8065,TN_FENGAL_2024_052590,TN_FENGAL_2024,1,SINGLE_EVENT_BUILDING
ec10ae7f42dfb99e,TN_FENGAL_2024_079579,TN_FENGAL_2024,1,SINGLE_EVENT_BUILDING
c6de48aadc97fe34,TN_FENGAL_2024_100971,TN_FENGAL_2024,1,SINGLE_EVENT_BUILDING
6a6a596c32e5f999,TN_FENGAL_2024_031122,TN_FENGAL_2024,1,SINGLE_EVENT_BUILDING
1657626452b77e8d,TN_FENGAL_2024_101021,TN_FENGAL_2024,1,SINGLE_EVENT_BUILDING
846732f3d56087fd,TN_FENGAL_2024_004093,TN_FENGAL_2024,1,SINGLE_EVENT_BUILDING
6690a6aa8aa7229f,TN_FENGAL_2024_006450,TN_FENGAL_2024,1,SINGLE_EVENT_BUILDING
e626b47494067b25,TN_FENGAL_2024_040554,TN_FENGAL_2024,1,SINGLE_EVENT_BUILDING
30c8765bcccf9535,TN_FENGAL_2024_085966,TN_FENGAL_2024,1,SINGLE_EVENT_BUILDING
443fa53fdbcf0ae8,TN_FENGAL_2024_008884,TN_FENGAL_2024,1,SINGLE_EVENT_BUILDING
721a7b1715f1f425,TN_FENGAL_2024_090924,TN_FENGAL_2024,1,SINGLE_EVENT_BUILDING
0092504264ad28d4,TN_FENGAL_2024_125721,TN_FENGAL_2024,1,SINGLE_EVENT_BUILDING
b45cc4a0346cb3a9,TN_FENGAL_2024_045609,TN_FENGAL_2024,1,SINGLE_EVENT_BUILDING
ee0d63489b9da656,TN_FENGAL_2024_009804,TN_FENGAL_2024,1,SINGLE_EVENT_BUILDING
700d9ebaeccd9bba,TN_FENGAL_2024_100794,TN_FENGAL_2024,1,SINGLE_EVENT_BUILDING
3e89123c65722ced,TN_FENGAL_2024_000025,TN_FENGAL_2024,1,SINGLE_EVENT_BUILDING
005da8b248c0de13,TN_FENGAL_2024_079730,TN_FENGAL_2024,1,SINGLE_EVENT_BUILDING
f8290c632163e85c,TN_FENGAL_2024_003000,TN_FENGAL_2024,1,SINGLE_EVENT_BUILDING
230ad413c0017ee8,TN_FENGAL_2024_121067,TN_FENGAL_2024,1,SINGLE_EVENT_BUILDING
2f85a7d0b74f5dbc,TN_FENGAL_2024_133723,TN_FENGAL_2024,1,SINGLE_EVENT_BUILDING
b9d774c350af717d,TN_FENGAL_2024_004095,TN_FENGAL_2024,1,SINGLE_EVENT_BUILDING
562bf99dc220e898,TN_FENGAL_2024_059307,TN_FENGAL_2024,1,SINGLE_EVENT_BUILDING
97f15257f74911e1,TN_FENGAL_2024_085970,TN_FENGAL_2024,1,SINGLE_EVENT_BUILDING
4f937e81c42c5e6b,TN_FENGAL_2024_045524,TN_FENGAL_2024,1,SINGLE_EVENT_BUILDING
0608229ee59de620,TN_FENGAL_2024_090939,TN_FENGAL_2024,1,SINGLE_EVENT_BUILDING
a67f9aae59875822,TN_FENGAL_2024_110838,TN_FENGAL_2024,1,SINGLE_EVENT_BUILDING
da6cbb7e12a461e5,TN_FENGAL_2024_095874,TN_FENGAL_2024,1,SINGLE_EVENT_BUILDING
5ab5993b19cac197,TN_FENGAL_2024_126410,TN_FENGAL_2024,1,SINGLE_EVENT_BUILDING
60821f737ab62726,TN_FENGAL_2024_027498,TN_FENGAL_2024,1,SINGLE_EVENT_BUILDING
a395f8f58417d12e,TN_FENGAL_2024_052595,TN_FENGAL_2024,1,SINGLE_EVENT_BUILDING
981484aa6b7305d8,TN_FENGAL_2024_079911,TN_FENGAL_2024,1,SINGLE_EVENT_BUILDING
f6d7832c9abf37db,TN_FENGAL_2024_121069,TN_FENGAL_2024,1,SINGLE_EVENT_BUILDING
0c216def1c8f02e3,TN_FENGAL_2024_133724,TN_FENGAL_2024,1,SINGLE_EVENT_BUILDING
665acba0eabc2257,TN_FENGAL_2024_015729,TN_FENGAL_2024,1,SINGLE_EVENT_BUILDING
b1335f32b083087b,TN_FENGAL_2024_015689,TN_FENGAL_2024,1,SINGLE_EVENT_BUILDING
6877f37f098cb48b,TN_FENGAL_2024_017099,TN_FENGAL_2024,1,SINGLE_EVENT_BUILDING
9e3989067fedbf12,TN_FENGAL_2024_040557,TN_FENGAL_2024,1,SINGLE_EVENT_BUILDING
f95bb69e0aa3fd79,TN_FENGAL_2024_009465,TN_FENGAL_2024,1,SINGLE_EVENT_BUILDING
b7f18bb7c3e7c667,TN_FENGAL_2024_091183,TN_FENGAL_2024,1,SINGLE_EVENT_BUILDING
5fdb760fec3bb7f8,TN_FENGAL_2024_113841,TN_FENGAL_2024,1,SINGLE_EVENT_BUILDING
91ddd501c2f4ea5b,TN_FENGAL_2024_132727,TN_FENGAL_2024,1,SINGLE_EVENT_BUILDING
db5795de6864819d,TN_FENGAL_2024_010465,TN_FENGAL_2024,1,SINGLE_EVENT_BUILDING
91b7fc1e940ea317,TN_FENGAL_2024_054372,TN_FENGAL_2024,1,SINGLE_EVENT_BUILDING
3557c570dd8ac197,TN_FENGAL_2024_036099,TN_FENGAL_2024,1,SINGLE_EVENT_BUILDING
f0cdebf012058acf,TN_FENGAL_2024_059309,TN_FENGAL_2024,1,SINGLE_EVENT_BUILDING
cb46e584d4a3e9b5,TN_FENGAL_2024_134350,TN_FENGAL_2024,1,SINGLE_EVENT_BUILDING
ddb9056a016d95ac,TN_FENGAL_2024_004421,TN_FENGAL_2024,1,SINGLE_EVENT_BUILDING
f0c316ae518f2f2f,TN_FENGAL_2024_017101,TN_FENGAL_2024,1,SINGLE_EVENT_BUILDING
56948fa060522dcd,TN_FENGAL_2024_008928,TN_FENGAL_2024,1,SINGLE_EVENT_BUILDING
01252dff5dafdb22,TN_FENGAL_2024_069246,TN_FENGAL_2024,1,SINGLE_EVENT_BUILDING
b200d88dd4268d7b,TN_FENGAL_2024_090949,TN_FENGAL_2024,1,SINGLE_EVENT_BUILDING
27438c76beccb113,TN_FENGAL_2024_000019,TN_FENGAL_2024,1,SINGLE_EVENT_BUILDING
ef4a2a567e313994,TN_FENGAL_2024_100797,TN_FENGAL_2024,1,SINGLE_EVENT_BUILDING
e4a2e5491adccac0,TN_FENGAL_2024_000130,TN_FENGAL_2024,1,SINGLE_EVENT_BUILDING
1bec594223923184,TN_FENGAL_2024_052597,TN_FENGAL_2024,1,SINGLE_EVENT_BUILDING
06bd2dbd3bb0f21d,TN_FENGAL_2024_100978,TN_FENGAL_2024,1,SINGLE_EVENT_BUILDING
2791d077bb5f434f,TN_FENGAL_2024_119514,TN_FENGAL_2024,1,SINGLE_EVENT_BUILDING
19bd7a067ecfe126,TN_FENGAL_2024_132834,TN_FENGAL_2024,1,SINGLE_EVENT_BUILDING
7827e2e28b078446,TN_FENGAL_2024_013389,TN_FENGAL_2024,1,SINGLE_EVENT_BUILDING
93e86a7ac2a2cd28,TN_FENGAL_2024_015736,TN_FENGAL_2024,1,SINGLE_EVENT_BUILDING
4e45bb87c388c2e4,TN_FENGAL_2024_134368,TN_FENGAL_2024,1,SINGLE_EVENT_BUILDING
3b2b79ba8fb33a78,TN_FENGAL_2024_102549,TN_FENGAL_2024,1,SINGLE_EVENT_BUILDING
d980e283dd443141,TN_FENGAL_2024_090944,TN_FENGAL_2024,1,SINGLE_EVENT_BUILDING
c86ed8b4b9c5dd73,TN_FENGAL_2024_000058,TN_FENGAL_2024,1,SINGLE_EVENT_BUILDING
ab606e6a63d75d89,TN_FENGAL_2024_051705,TN_FENGAL_2024,1,SINGLE_EVENT_BUILDING
f3ea0114b3b3f011,TN_FENGAL_2024_000137,TN_FENGAL_2024,1,SINGLE_EVENT_BUILDING
09747cbe578916c4,TN_FENGAL_2024_080072,TN_FENGAL_2024,1,SINGLE_EVENT_BUILDING
b97ced7ff3f7860f,TN_FENGAL_2024_100979,TN_FENGAL_2024,1,SINGLE_EVENT_BUILDING
5cdcb96820217e58,TN_FENGAL_2024_119515,TN_FENGAL_2024,1,SINGLE_EVENT_BUILDING
8e79a2803696362c,TN_FENGAL_2024_081624,TN_FENGAL_2024,1,SINGLE_EVENT_BUILDING
e8d39998c055ff02,TN_FENGAL_2024_123841,TN_FENGAL_2024,1,SINGLE_EVENT_BUILDING
be67d8ccf15e5acb,TN_FENGAL_2024_045530,TN_FENGAL_2024,1,SINGLE_EVENT_BUILDING
b8e925b73644f62b,TN_FENGAL_2024_074820,TN_FENGAL_2024,1,SINGLE_EVENT_BUILDING
b0e5e80c9d6dd396,TN_FENGAL_2024_113847,TN_FENGAL_2024,1,SINGLE_EVENT_BUILDING
221d20fdb02e6381,TN_FENGAL_2024_143132,TN_FENGAL_2024,1,SINGLE_EVENT_BUILDING
4bfdd071ac7d3c6e,TN_FENGAL_2024_000063,TN_FENGAL_2024,1,SINGLE_EVENT_BUILDING
4b8c7d009e626c4d,TN_FENGAL_2024_027058,TN_FENGAL_2024,1,SINGLE_EVENT_BUILDING
20d23e15fc19b704,TN_FENGAL_2024_051706,TN_FENGAL_2024,1,SINGLE_EVENT_BUILDING
b453b833dc341d58,TN_FENGAL_2024_000139,TN_FENGAL_2024,1,SINGLE_EVENT_BUILDING
fab040768f83de8e,TN_FENGAL_2024_003235,TN_FENGAL_2024,1,SINGLE_EVENT_BUILDING
1cba0ee1d9b51e57,TN_FENGAL_2024_101056,TN_FENGAL_2024,1,SINGLE_EVENT_BUILDING
9cac4c2dbb0b682c,TN_FENGAL_2024_121084,TN_FENGAL_2024,1,SINGLE_EVENT_BUILDING
1758230a0009ff54,TN_FENGAL_2024_004122,TN_FENGAL_2024,1,SINGLE_EVENT_BUILDING
6d2fff0821d9d63c,TN_FENGAL_2024_004518,TN_FENGAL_2024,1,SINGLE_EVENT_BUILDING
a9d5af5aada2f1eb,TN_FENGAL_2024_102557,TN_FENGAL_2024,1,SINGLE_EVENT_BUILDING
923610d4aa20eef0,TN_FENGAL_2024_121670,TN_FENGAL_2024,1,SINGLE_EVENT_BUILDING
7dd44c720ee7a1c3,TN_CHENNAI_FLOOD_2021_193123,TN_CHENNAI_FLOOD_2021,2,MULTI_EVENT_BUILDING
e5c35867ee0acbab,TN_CHENNAI_FLOOD_2021_206065,TN_CHENNAI_FLOOD_2021,2,MULTI_EVENT_BUILDING
f73fbd5aa8ee7e02,TN_CHENNAI_FLOOD_2021_188130,TN_CHENNAI_FLOOD_2021,2,MULTI_EVENT_BUILDING
3dc9da605c2206b3,TN_CHENNAI_FLOOD_2021_193115,TN_CHENNAI_FLOOD_2021,2,MULTI_EVENT_BUILDING
ebb2ce9c82acf109,TN_CHENNAI_FLOOD_2021_206105,TN_CHENNAI_FLOOD_2021,2,MULTI_EVENT_BUILDING
3fa15d57dc78812d,TN_CHENNAI_FLOOD_2021_183224,TN_CHENNAI_FLOOD_2021,2,MULTI_EVENT_BUILDING
64d5405c44f83081,TN_CHENNAI_FLOOD_2021_173316,TN_CHENNAI_FLOOD_2021,2,MULTI_EVENT_BUILDING
7eea5aa86844e6b4,TN_CHENNAI_FLOOD_2021_203042,TN_CHENNAI_FLOOD_2021,2,MULTI_EVENT_BUILDING
aeda36ed2423ae98,TN_CHENNAI_FLOOD_2021_183228,TN_CHENNAI_FLOOD_2021,2,MULTI_EVENT_BUILDING
e04a6c93a7d1644e,TN_CHENNAI_FLOOD_2021_193124,TN_CHENNAI_FLOOD_2021,2,MULTI_EVENT_BUILDING
9a99454dc9997d96,TN_CHENNAI_FLOOD_2021_193147,TN_CHENNAI_FLOOD_2021,2,MULTI_EVENT_BUILDING
a440eb0b18745f0b,TN_CHENNAI_FLOOD_2021_203157,TN_CHENNAI_FLOOD_2021,1,SINGLE_EVENT_BUILDING
f076069d8a0f4056,TN_CHENNAI_FLOOD_2021_193136,TN_CHENNAI_FLOOD_2021,2,MULTI_EVENT_BUILDING
ea8ea49b8f888da2,TN_CHENNAI_FLOOD_2021_193168,TN_CHENNAI_FLOOD_2021,2,MULTI_EVENT_BUILDING
831c72bacac2121b,TN_CHENNAI_FLOOD_2021_198174,TN_CHENNAI_FLOOD_2021,2,MULTI_EVENT_BUILDING
5330fec681664ecb,TN_CHENNAI_FLOOD_2021_183255,TN_CHENNAI_FLOOD_2021,2,MULTI_EVENT_BUILDING
0cced8086a4a2c2f,TN_CHENNAI_FLOOD_2021_193214,TN_CHENNAI_FLOOD_2021,2,MULTI_EVENT_BUILDING
a5bd03c60ce453ad,TN_BUREVI_2020_099771,TN_BUREVI_2020,1,SINGLE_EVENT_BUILDING
e28d7a1558f55e7f,TN_BUREVI_2020_100546,TN_BUREVI_2020,1,SINGLE_EVENT_BUILDING
ea1883aeb82b8d67,TN_BUREVI_2020_102106,TN_BUREVI_2020,1,SINGLE_EVENT_BUILDING
0ec7568cecd045bf,TN_BUREVI_2020_094450,TN_BUREVI_2020,1,SINGLE_EVENT_BUILDING
2f4d6609de52b6c5,TN_BUREVI_2020_094464,TN_BUREVI_2020,1,SINGLE_EVENT_BUILDING
d59b7c0ba037c40c,TN_BUREVI_2020_096380,TN_BUREVI_2020,1,SINGLE_EVENT_BUILDING
fe4030de235fd5bf,TN_BUREVI_2020_096733,TN_BUREVI_2020,1,SINGLE_EVENT_BUILDING
938fbc80fbf2ab91,TN_BUREVI_2020_097147,TN_BUREVI_2020,1,SINGLE_EVENT_BUILDING
b8bc9198bde682d2,TN_BUREVI_2020_094458,TN_BUREVI_2020,1,SINGLE_EVENT_BUILDING
e6255c66c13f3fe6,TN_BUREVI_2020_096837,TN_BUREVI_2020,1,SINGLE_EVENT_BUILDING
aa3263326b24a6dc,TN_BUREVI_2020_097160,TN_BUREVI_2020,1,SINGLE_EVENT_BUILDING
3fcd3e73345628cf,TN_BUREVI_2020_101491,TN_BUREVI_2020,1,SINGLE_EVENT_BUILDING
2206738b68043f6b,TN_BUREVI_2020_101492,TN_BUREVI_2020,1,SINGLE_EVENT_BUILDING
797310312f5a1eda,TN_BUREVI_2020_094482,TN_BUREVI_2020,1,SINGLE_EVENT_BUILDING
9dd5c436c818737c,TN_BUREVI_2020_100553,TN_BUREVI_2020,1,SINGLE_EVENT_BUILDING
5d51a44543adbda1,TN_BUREVI_2020_097117,TN_BUREVI_2020,1,SINGLE_EVENT_BUILDING
e6fa7d2ab20f4236,TN_BUREVI_2020_097214,TN_BUREVI_2020,1,SINGLE_EVENT_BUILDING
24ca780a2b42c5d9,TN_BUREVI_2020_099877,TN_BUREVI_2020,1,SINGLE_EVENT_BUILDING
4655216fb1c689aa,TN_BUREVI_2020_101512,TN_BUREVI_2020,1,SINGLE_EVENT_BUILDING
98bb3781752c9c87,TN_BUREVI_2020_099291,TN_BUREVI_2020,1,SINGLE_EVENT_BUILDING
827717e395411f7b,TN_BUREVI_2020_094476,TN_BUREVI_2020,1,SINGLE_EVENT_BUILDING
6ab9458b0135b6ca,TN_BUREVI_2020_099948,TN_BUREVI_2020,1,SINGLE_EVENT_BUILDING
81abfa94979abe42,TN_NADA_2016_085402,TN_NADA_2016,2,MULTI_EVENT_BUILDING
93c7aefe791923f1,TN_NADA_2016_000119,TN_NADA_2016,2,MULTI_EVENT_BUILDING
9955db533452bc7a,TN_NADA_2016_009976,TN_NADA_2016,2,MULTI_EVENT_BUILDING
be140ca745b8470d,TN_NADA_2016_030748,TN_NADA_2016,2,MULTI_EVENT_BUILDING
3ae85dbae9909693,TN_NADA_2016_002057,TN_NADA_2016,2,MULTI_EVENT_BUILDING
c78a2761232b3f17,TN_NADA_2016_071859,TN_NADA_2016,2,MULTI_EVENT_BUILDING
fa649db46f6c60d5,TN_NADA_2016_038582,TN_NADA_2016,2,MULTI_EVENT_BUILDING
c659ba56741437e8,TN_NADA_2016_005129,TN_NADA_2016,2,MULTI_EVENT_BUILDING
c7d4a7f13dc728c4,TN_NADA_2016_019969,TN_NADA_2016,2,MULTI_EVENT_BUILDING
ea652d652861c130,TN_NADA_2016_083293,TN_NADA_2016,2,MULTI_EVENT_BUILDING
b58e434b7660fe6d,TN_NADA_2016_044283,TN_NADA_2016,2,MULTI_EVENT_BUILDING
86b0e6a01f12a954,TN_NADA_2016_085060,TN_NADA_2016,2,MULTI_EVENT_BUILDING
7718a0a178d3a4e4,TN_NADA_2016_048039,TN_NADA_2016,2,MULTI_EVENT_BUILDING
9439958724e994a9,TN_NADA_2016_096332,TN_NADA_2016,2,MULTI_EVENT_BUILDING
a03600770458e97b,TN_NADA_2016_000190,TN_NADA_2016,2,MULTI_EVENT_BUILDING
f11ca00b90d16a15,TN_NADA_2016_009980,TN_NADA_2016,2,MULTI_EVENT_BUILDING
3c7d27347a988720,TN_NADA_2016_030749,TN_NADA_2016,2,MULTI_EVENT_BUILDING
a8d2854b75c3b0a9,TN_NADA_2016_031502,TN_NADA_2016,2,MULTI_EVENT_BUILDING
abfe1055bcd4bdf4,TN_NADA_2016_071819,TN_NADA_2016,2,MULTI_EVENT_BUILDING
734d64c119ca7bae,TN_NADA_2016_086360,TN_NADA_2016,2,MULTI_EVENT_BUILDING
e7b108eb5a61605f,TN_NADA_2016_034157,TN_NADA_2016,2,MULTI_EVENT_BUILDING
7f07ddff6389f7e0,TN_NADA_2016_098628,TN_NADA_2016,2,MULTI_EVENT_BUILDING
7363294babfe8214,TN_NADA_2016_005130,TN_NADA_2016,2,MULTI_EVENT_BUILDING
2e4f25a988e90f39,TN_NADA_2016_019976,TN_NADA_2016,2,MULTI_EVENT_BUILDING
63e65f4c3fcdc939,TN_NADA_2016_078641,TN_NADA_2016,2,MULTI_EVENT_BUILDING
1c841973252f4253,TN_NADA_2016_102763,TN_NADA_2016,2,MULTI_EVENT_BUILDING
4b0efc7d6c1a6473,TN_NADA_2016_005136,TN_NADA_2016,2,MULTI_EVENT_BUILDING
6ba7453301a980c5,TN_NADA_2016_104123,TN_NADA_2016,1,SINGLE_EVENT_BUILDING
bfa11407f151876d,TN_NADA_2016_064494,TN_NADA_2016,2,MULTI_EVENT_BUILDING
489dc0bf67db5b02,TN_NADA_2016_000005,TN_NADA_2016,2,MULTI_EVENT_BUILDING
c75ac1f234f3d890,TN_NADA_2016_017767,TN_NADA_2016,2,MULTI_EVENT_BUILDING
a70a91eebadda957,TN_NADA_2016_086375,TN_NADA_2016,2,MULTI_EVENT_BUILDING
4015ed825cf11179,TN_NADA_2016_034158,TN_NADA_2016,2,MULTI_EVENT_BUILDING
9c196eee193b47a8,TN_NADA_2016_005131,TN_NADA_2016,2,MULTI_EVENT_BUILDING
cd3df09f01681e25,TN_NADA_2016_019978,TN_NADA_2016,2,MULTI_EVENT_BUILDING
36965503b9f4ead1,TN_NADA_2016_039118,TN_NADA_2016,2,MULTI_EVENT_BUILDING
ed3be87a6db6b238,TN_NADA_2016_090642,TN_NADA_2016,2,MULTI_EVENT_BUILDING
d49e189cd3b444de,TN_NADA_2016_005146,TN_NADA_2016,2,MULTI_EVENT_BUILDING
ddc21d5753993f0c,TN_NADA_2016_059544,TN_NADA_2016,2,MULTI_EVENT_BUILDING
9f4a006c48e6d400,TN_NADA_2016_044068,TN_NADA_2016,2,MULTI_EVENT_BUILDING
5e1268c3c4316d2e,TN_NADA_2016_045476,TN_NADA_2016,2,MULTI_EVENT_BUILDING
e31100237e8b0385,TN_NADA_2016_084200,TN_NADA_2016,2,MULTI_EVENT_BUILDING
09b7570c68a044d8,TN_NADA_2016_091901,TN_NADA_2016,2,MULTI_EVENT_BUILDING
73701059936d9efc,TN_NADA_2016_104137,TN_NADA_2016,2,MULTI_EVENT_BUILDING
0cd3375a981dcbc8,TN_NADA_2016_107827,TN_NADA_2016,2,MULTI_EVENT_BUILDING
a557ddc76500d7ad,TN_NADA_2016_048059,TN_NADA_2016,2,MULTI_EVENT_BUILDING
1d14e679a0a38b40,TN_NADA_2016_009461,TN_NADA_2016,2,MULTI_EVENT_BUILDING
7f45f0efafdf695d,TN_NADA_2016_016996,TN_NADA_2016,2,MULTI_EVENT_BUILDING
875dbc184517e904,TN_NADA_2016_030751,TN_NADA_2016,2,MULTI_EVENT_BUILDING
8c612ee1ccb4a35a,TN_NADA_2016_017774,TN_NADA_2016,1,SINGLE_EVENT_BUILDING
1c371e551df6fdb2,TN_NADA_2016_030770,TN_NADA_2016,1,SINGLE_EVENT_BUILDING
9fda9f08fd5a95c8,TN_NADA_2016_086378,TN_NADA_2016,1,SINGLE_EVENT_BUILDING
d5235cf9cb3f88d2,TN_NADA_2016_034160,TN_NADA_2016,1,SINGLE_EVENT_BUILDING
12666d9624e1893f,TN_NADA_2016_054599,TN_NADA_2016,1,SINGLE_EVENT_BUILDING
87273d2c8052e6bb,TN_NADA_2016_005132,TN_NADA_2016,1,SINGLE_EVENT_BUILDING
51870c730c4ec2a4,TN_NADA_2016_102769,TN_NADA_2016,1,SINGLE_EVENT_BUILDING
41a3a959c580971e,TN_NADA_2016_090629,TN_NADA_2016,1,SINGLE_EVENT_BUILDING
e30c530baaeca432,TN_NADA_2016_104130,TN_NADA_2016,2,MULTI_EVENT_BUILDING
a88c1198a61f9f0d,TN_NADA_2016_045692,TN_NADA_2016,1,SINGLE_EVENT_BUILDING
f7a0fca1ed1ba96f,TN_NADA_2016_064719,TN_NADA_2016,1,SINGLE_EVENT_BUILDING
81e4fce1640c3a42,TN_NADA_2016_104141,TN_NADA_2016,1,SINGLE_EVENT_BUILDING
dc60e1a318a274bb,TN_NADA_2016_008572,TN_NADA_2016,1,SINGLE_EVENT_BUILDING
6e6fe296dd2ff573,TN_NADA_2016_048047,TN_NADA_2016,1,SINGLE_EVENT_BUILDING
bc2a6cb2f0da81d4,TN_NADA_2016_071901,TN_NADA_2016,1,SINGLE_EVENT_BUILDING
7228f5ea9a4ec163,TN_NADA_2016_086373,TN_NADA_2016,1,SINGLE_EVENT_BUILDING
09f9be1b1aa2d7a6,TN_NADA_2016_072050,TN_NADA_2016,1,SINGLE_EVENT_BUILDING
64bfb938af629ab8,TN_NADA_2016_097217,TN_NADA_2016,1,SINGLE_EVENT_BUILDING
553473daffc61f84,TN_NADA_2016_054600,TN_NADA_2016,1,SINGLE_EVENT_BUILDING
344d4373c133f8c3,TN_NADA_2016_090658,TN_NADA_2016,1,SINGLE_EVENT_BUILDING
36fc0e50ff72697b,TN_NADA_2016_019980,TN_NADA_2016,1,SINGLE_EVENT_BUILDING
1a041f9ba35fd021,TN_NADA_2016_046466,TN_NADA_2016,1,SINGLE_EVENT_BUILDING
c1587f6c0b68fb58,TN_NADA_2016_064742,TN_NADA_2016,1,SINGLE_EVENT_BUILDING
dafc4bf8f1497130,TN_NADA_2016_000009,TN_NADA_2016,1,SINGLE_EVENT_BUILDING
0db9cc6641ca5a0a,TN_NADA_2016_000072,TN_NADA_2016,1,SINGLE_EVENT_BUILDING
bb265364c3cc6ff4,TN_NADA_2016_008573,TN_NADA_2016,1,SINGLE_EVENT_BUILDING
749ec102351e522e,TN_NADA_2016_000014,TN_NADA_2016,1,SINGLE_EVENT_BUILDING
dd00ebc6ca8556f8,TN_NADA_2016_010240,TN_NADA_2016,1,SINGLE_EVENT_BUILDING
85fc10db915a332a,TN_NADA_2016_017773,TN_NADA_2016,1,SINGLE_EVENT_BUILDING
a2f76d291c9d9f9e,TN_NADA_2016_086376,TN_NADA_2016,1,SINGLE_EVENT_BUILDING
dd3b9a7e95702d5a,TN_NADA_2016_051823,TN_NADA_2016,2,MULTI_EVENT_BUILDING
702591f813886fec,TN_NADA_2016_097234,TN_NADA_2016,1,SINGLE_EVENT_BUILDING
cb9153ae3dd9a6f9,TN_NADA_2016_002082,TN_NADA_2016,1,SINGLE_EVENT_BUILDING
8757f8215ba35166,TN_NADA_2016_034162,TN_NADA_2016,1,SINGLE_EVENT_BUILDING
083a18ef230ccc0e,TN_NADA_2016_011972,TN_NADA_2016,1,SINGLE_EVENT_BUILDING
231b3a12432e7338,TN_NADA_2016_039124,TN_NADA_2016,1,SINGLE_EVENT_BUILDING
50d81c4aea4939ef,TN_NADA_2016_005171,TN_NADA_2016,1,SINGLE_EVENT_BUILDING
2f5a9facb265bfa8,TN_NADA_2016_090636,TN_NADA_2016,1,SINGLE_EVENT_BUILDING
70283531aed1682d,TN_NADA_2016_083323,TN_NADA_2016,2,MULTI_EVENT_BUILDING
7c12f239f35de0da,TN_NADA_2016_047117,TN_NADA_2016,1,SINGLE_EVENT_BUILDING
b7326329452f2702,TN_NADA_2016_064812,TN_NADA_2016,1,SINGLE_EVENT_BUILDING
dc307389375b8e3d,TN_NADA_2016_008579,TN_NADA_2016,1,SINGLE_EVENT_BUILDING
469909ff3cbc2970,TN_NADA_2016_069694,TN_NADA_2016,2,MULTI_EVENT_BUILDING
d77c1e58d7437850,TN_NADA_2016_096331,TN_NADA_2016,1,SINGLE_EVENT_BUILDING
780f71a579c8c921,TN_NADA_2016_000731,TN_NADA_2016,1,SINGLE_EVENT_BUILDING
cdbf890ebe7314f9,TN_NADA_2016_017777,TN_NADA_2016,2,MULTI_EVENT_BUILDING
f375aa32898c58a8,TN_NADA_2016_030757,TN_NADA_2016,1,SINGLE_EVENT_BUILDING
4d2412e91483ef19,TN_NADA_2016_086382,TN_NADA_2016,1,SINGLE_EVENT_BUILDING
657ffe7023c9a761,TN_NADA_2016_002092,TN_NADA_2016,1,SINGLE_EVENT_BUILDING
099596bfab189af2,TN_NADA_2016_011980,TN_NADA_2016,1,SINGLE_EVENT_BUILDING
53a434b901fce70c,TN_NADA_2016_020013,TN_NADA_2016,1,SINGLE_EVENT_BUILDING
a5f1d64bd0b5165f,TN_NADA_2016_102815,TN_NADA_2016,1,SINGLE_EVENT_BUILDING
0e6c57ecaf17faaa,TN_NADA_2016_064466,TN_NADA_2016,1,SINGLE_EVENT_BUILDING
a26479f9485d9709,TN_NADA_2016_107879,TN_NADA_2016,1,SINGLE_EVENT_BUILDING
812e441c7448c007,TN_NADA_2016_000013,TN_NADA_2016,1,SINGLE_EVENT_BUILDING
9ef689cb2a0b7250,TN_NADA_2016_048074,TN_NADA_2016,2,MULTI_EVENT_BUILDING
f81f13edd87ce03e,TN_NADA_2016_069503,TN_NADA_2016,1,SINGLE_EVENT_BUILDING
be103644df1a4dcb,TN_NADA_2016_000017,TN_NADA_2016,1,SINGLE_EVENT_BUILDING
e645ab873fd4368c,TN_NADA_2016_069697,TN_NADA_2016,1,SINGLE_EVENT_BUILDING
aa51700971399be8,TN_NADA_2016_030778,TN_NADA_2016,1,SINGLE_EVENT_BUILDING
ad6a8a9ab065e374,TN_NADA_2016_051813,TN_NADA_2016,1,SINGLE_EVENT_BUILDING
2d9d06a0c1d91700,TN_NADA_2016_018452,TN_NADA_2016,1,SINGLE_EVENT_BUILDING
0ec470913d874d80,TN_NADA_2016_000089,TN_NADA_2016,1,SINGLE_EVENT_BUILDING
16ffc84252578a03,TN_NADA_2016_017021,TN_NADA_2016,1,SINGLE_EVENT_BUILDING
cbfc26adac8151ac,TN_NADA_2016_000018,TN_NADA_2016,1,SINGLE_EVENT_BUILDING
a7c00a9146f41941,TN_NADA_2016_017007,TN_NADA_2016,1,SINGLE_EVENT_BUILDING
d9b53889035c9173,TN_NADA_2016_096335,TN_NADA_2016,1,SINGLE_EVENT_BUILDING
07da3c0bd1f12b96,TN_NADA_2016_000735,TN_NADA_2016,1,SINGLE_EVENT_BUILDING
17a8cc477f2feb23,TN_NADA_2016_000835,TN_NADA_2016,1,SINGLE_EVENT_BUILDING
a605abd839de2eab,TN_NADA_2016_011146,TN_NADA_2016,1,SINGLE_EVENT_BUILDING
9f18634673fda7a1,TN_NADA_2016_030779,TN_NADA_2016,1,SINGLE_EVENT_BUILDING
921588c4764f3345,TN_NADA_2016_002062,TN_NADA_2016,1,SINGLE_EVENT_BUILDING
cad08f238e044910,TN_NADA_2016_054607,TN_NADA_2016,1,SINGLE_EVENT_BUILDING
c847ce9badd5bf44,TN_NADA_2016_005142,TN_NADA_2016,1,SINGLE_EVENT_BUILDING
ea5c190c4e876e3f,TN_NADA_2016_020019,TN_NADA_2016,1,SINGLE_EVENT_BUILDING
3c478072c32f199c,TN_NADA_2016_102775,TN_NADA_2016,1,SINGLE_EVENT_BUILDING
e09ad7952ce16932,TN_NADA_2016_059567,TN_NADA_2016,1,SINGLE_EVENT_BUILDING
95a5c572ee6657fc,TN_NADA_2016_048055,TN_NADA_2016,1,SINGLE_EVENT_BUILDING
9ddab29326b3d7b4,TN_NADA_2016_048133,TN_NADA_2016,1,SINGLE_EVENT_BUILDING
870cca0ee5f7de19,TN_NADA_2016_085427,TN_NADA_2016,1,SINGLE_EVENT_BUILDING
869b882d4baeb5e9,TN_NADA_2016_032953,TN_NADA_2016,2,MULTI_EVENT_BUILDING
bf561f2d355f4b00,TN_NADA_2016_051886,TN_NADA_2016,1,SINGLE_EVENT_BUILDING
8c7a136cd010c6bf,TN_NADA_2016_097214,TN_NADA_2016,1,SINGLE_EVENT_BUILDING
aa9122d20ea3f912,TN_NADA_2016_002215,TN_NADA_2016,1,SINGLE_EVENT_BUILDING
03957e9ddd2ff35a,TN_NADA_2016_072352,TN_NADA_2016,1,SINGLE_EVENT_BUILDING
0dd09b5df944dbf0,TN_NADA_2016_097259,TN_NADA_2016,1,SINGLE_EVENT_BUILDING
bc8fce4f9dc9abbb,TN_NADA_2016_054685,TN_NADA_2016,1,SINGLE_EVENT_BUILDING
4e5883a3f92b0821,TN_NADA_2016_005212,TN_NADA_2016,2,MULTI_EVENT_BUILDING
bbd7f52a6d37737b,TN_NADA_2016_059537,TN_NADA_2016,1,SINGLE_EVENT_BUILDING
146ab2c7a92920e0,TN_NADA_2016_090709,TN_NADA_2016,1,SINGLE_EVENT_BUILDING
a0ad033db726c4ed,TN_NADA_2016_011993,TN_NADA_2016,2,MULTI_EVENT_BUILDING
c2c98dc810813dcb,TN_NADA_2016_090661,TN_NADA_2016,1,SINGLE_EVENT_BUILDING
15c6f21ee10f19cf,TN_NADA_2016_083333,TN_NADA_2016,2,MULTI_EVENT_BUILDING
c47ec5faa87a997b,TN_NADA_2016_064944,TN_NADA_2016,1,SINGLE_EVENT_BUILDING
3cea887cdabce50e,TN_NADA_2016_107915,TN_NADA_2016,1,SINGLE_EVENT_BUILDING
9a5dbed60d2c92e9,TN_NADA_2016_017009,TN_NADA_2016,1,SINGLE_EVENT_BUILDING
937b49326f5d80dd,TN_NADA_2016_029846,TN_NADA_2016,1,SINGLE_EVENT_BUILDING
7e9e2c356a16d3c6,TN_NADA_2016_002223,TN_NADA_2016,1,SINGLE_EVENT_BUILDING
f450f7cf257ff413,TN_NADA_2016_030782,TN_NADA_2016,1,SINGLE_EVENT_BUILDING
43713d23337de8dd,TN_NADA_2016_002066,TN_NADA_2016,1,SINGLE_EVENT_BUILDING
7098f6157cad620b,TN_NADA_2016_005219,TN_NADA_2016,1,SINGLE_EVENT_BUILDING
f90339c1a9360910,TN_NADA_2016_011999,TN_NADA_2016,1,SINGLE_EVENT_BUILDING
2196e38c0f10fa0c,TN_NADA_2016_044089,TN_NADA_2016,1,SINGLE_EVENT_BUILDING
6f40738119f2fc15,TN_NADA_2016_064524,TN_NADA_2016,2,MULTI_EVENT_BUILDING
ef96714ddc1d6fe9,TN_NADA_2016_104140,TN_NADA_2016,2,MULTI_EVENT_BUILDING
d39bca08cf7494dd,TN_NADA_2016_104204,TN_NADA_2016,1,SINGLE_EVENT_BUILDING
2b8ad1ffd3e8cde6,TN_NADA_2016_048082,TN_NADA_2016,2,MULTI_EVENT_BUILDING
c945c1a634a8d023,TN_NADA_2016_085432,TN_NADA_2016,1,SINGLE_EVENT_BUILDING
71411976ded549b0,TN_NADA_2016_010711,TN_NADA_2016,1,SINGLE_EVENT_BUILDING
296fa6d9601e78f9,TN_NADA_2016_030763,TN_NADA_2016,2,MULTI_EVENT_BUILDING
bcce089290296811,TN_NADA_2016_002230,TN_NADA_2016,1,SINGLE_EVENT_BUILDING
8abd2faa45d9b8f2,TN_NADA_2016_030786,TN_NADA_2016,1,SINGLE_EVENT_BUILDING
47d0a3fbcacacca2,TN_NADA_2016_018457,TN_NADA_2016,2,MULTI_EVENT_BUILDING
252d7207f6450a26,TN_NADA_2016_012001,TN_NADA_2016,1,SINGLE_EVENT_BUILDING
bc69a5634e53d786,TN_NADA_2016_102778,TN_NADA_2016,1,SINGLE_EVENT_BUILDING
8a159ec8c04244fe,TN_NADA_2016_064530,TN_NADA_2016,2,MULTI_EVENT_BUILDING
3fbebeb6bc9244cd,TN_NADA_2016_092048,TN_NADA_2016,2,MULTI_EVENT_BUILDING
15d81cd4caa507b1,TN_NADA_2016_085419,TN_NADA_2016,1,SINGLE_EVENT_BUILDING
d7420ef849b9b64b,TN_NADA_2016_008543,TN_NADA_2016,1,SINGLE_EVENT_BUILDING
13d6be3ac0f5b8a9,TN_NADA_2016_010341,TN_NADA_2016,1,SINGLE_EVENT_BUILDING
49c42baa343a421d,TN_NADA_2016_030096,TN_NADA_2016,2,MULTI_EVENT_BUILDING
845446631949e764,TN_NADA_2016_096346,TN_NADA_2016,1,SINGLE_EVENT_BUILDING
1cf8dea1bf9b7d26,TN_NADA_2016_000739,TN_NADA_2016,1,SINGLE_EVENT_BUILDING
60880602d668aa7d,TN_NADA_2016_000751,TN_NADA_2016,1,SINGLE_EVENT_BUILDING
102b38becb314744,TN_NADA_2016_017796,TN_NADA_2016,1,SINGLE_EVENT_BUILDING
07ab13b04af12e68,TN_NADA_2016_030787,TN_NADA_2016,1,SINGLE_EVENT_BUILDING
003d02057b610fb9,TN_NADA_2016_011641,TN_NADA_2016,1,SINGLE_EVENT_BUILDING
e806b673ce9e872d,TN_NADA_2016_018458,TN_NADA_2016,1,SINGLE_EVENT_BUILDING
55110949af178f12,TN_NADA_2016_088292,TN_NADA_2016,1,SINGLE_EVENT_BUILDING
acecec4d5ddc8fbe,TN_NADA_2016_098662,TN_NADA_2016,1,SINGLE_EVENT_BUILDING
8010e10646079c7a,TN_NADA_2016_005226,TN_NADA_2016,1,SINGLE_EVENT_BUILDING
04a7f45840bcc87b,TN_NADA_2016_012003,TN_NADA_2016,1,SINGLE_EVENT_BUILDING
e740a951639cca6a,TN_NADA_2016_039145,TN_NADA_2016,1,SINGLE_EVENT_BUILDING
886161fa46656609,TN_NADA_2016_020002,TN_NADA_2016,1,SINGLE_EVENT_BUILDING
