building_id,event_id,inside_event_aoi,intersection_area,intersection_percentage
TN_VARDAH_2016_000003,TN_VARDAH_2016,TRUE,25.16589775975697,100.0
TN_VARDAH_2016_000001,TN_VARDAH_2016,TRUE,10.563487052061589,100.0
TN_VARDAH_2016_021812,TN_VARDAH_2016,TRUE,50.78240641404573,100.0
TN_VARDAH_2016_046548,TN_VARDAH_2016,TRUE,108.30920808758347,100.0
TN_VARDAH_2016_071942,TN_VARDAH_2016,TRUE,38.53126117628896,100.0
TN_VARDAH_2016_096226,TN_VARDAH_2016,TRUE,432.5203256023987,100.0
TN_VARDAH_2016_123776,TN_VARDAH_2016,TRUE,43.18831186067665,100.0
TN_VARDAH_2016_153525,TN_VARDAH_2016,TRUE,32.73703457208225,100.0
TN_VARDAH_2016_183189,TN_VARDAH_2016,TRUE,61.13661001943702,100.0
TN_VARDAH_2016_000002,TN_VARDAH_2016,TRUE,20.96514413943653,100.0
TN_VARDAH_2016_000004,TN_VARDAH_2016,TRUE,48.75194663469896,100.0
TN_VARDAH_2016_021814,TN_VARDAH_2016,TRUE,51.218342266133845,100.0
TN_VARDAH_2016_046553,TN_VARDAH_2016,TRUE,62.17880857269936,100.0
TN_VARDAH_2016_071277,TN_VARDAH_2016,TRUE,57.17004119399767,100.0
TN_VARDAH_2016_072795,TN_VARDAH_2016,TRUE,121.94088339903969,100.0
TN_VARDAH_2016_096267,TN_VARDAH_2016,TRUE,84.42494585602604,100.0
TN_VARDAH_2016_123782,TN_VARDAH_2016,TRUE,150.11563299954315,100.0
TN_VARDAH_2016_153527,TN_VARDAH_2016,TRUE,37.58310170855562,100.0
TN_VARDAH_2016_183194,TN_VARDAH_2016,TRUE,145.74084369675649,100.0
TN_VARDAH_2016_004983,TN_VARDAH_2016,TRUE,17.559705173245398,100.0
TN_VARDAH_2016_005013,TN_VARDAH_2016,TRUE,219.01403509752254,100.0
TN_VARDAH_2016_026771,TN_VARDAH_2016,TRUE,34.128319670020055,100.0
TN_VARDAH_2016_051508,TN_VARDAH_2016,TRUE,132.3729442438704,100.0
TN_VARDAH_2016_076255,TN_VARDAH_2016,TRUE,36.229541830601335,100.0
TN_VARDAH_2016_076370,TN_VARDAH_2016,TRUE,97.84494921701666,100.0
TN_VARDAH_2016_101198,TN_VARDAH_2016,TRUE,13.851531025795671,100.0
TN_VARDAH_2016_128748,TN_VARDAH_2016,TRUE,28.128072402057583,100.0
TN_VARDAH_2016_158503,TN_VARDAH_2016,TRUE,129.38448452243824,100.0
TN_VARDAH_2016_188127,TN_VARDAH_2016,TRUE,16.95520382252713,100.0
TN_VARDAH_2016_009951,TN_VARDAH_2016,TRUE,29.960150836304628,100.0
TN_VARDAH_2016_009960,TN_VARDAH_2016,TRUE,599.2618398250642,100.0
TN_VARDAH_2016_031712,TN_VARDAH_2016,TRUE,28.27698304664326,100.0
TN_VARDAH_2016_056431,TN_VARDAH_2016,TRUE,102.1798681591175,100.0
TN_VARDAH_2016_081204,TN_VARDAH_2016,TRUE,98.6111278525116,100.0
TN_VARDAH_2016_081563,TN_VARDAH_2016,TRUE,115.63460389000464,100.0
TN_VARDAH_2016_106158,TN_VARDAH_2016,TRUE,57.667232026853476,100.0
TN_VARDAH_2016_133703,TN_VARDAH_2016,TRUE,47.33931085180066,100.0
TN_VARDAH_2016_163430,TN_VARDAH_2016,TRUE,18.746385563990955,100.0
TN_VARDAH_2016_193112,TN_VARDAH_2016,TRUE,85.48728674712397,100.0
TN_VARDAH_2016_009969,TN_VARDAH_2016,TRUE,90.8087170415624,100.0
TN_VARDAH_2016_009965,TN_VARDAH_2016,TRUE,206.37333705170442,100.0
TN_VARDAH_2016_031727,TN_VARDAH_2016,TRUE,447.85674196434724,100.0
TN_VARDAH_2016_056438,TN_VARDAH_2016,TRUE,21.6062977375584,100.0
TN_VARDAH_2016_081209,TN_VARDAH_2016,TRUE,16.863924907356655,100.0
TN_VARDAH_2016_085565,TN_VARDAH_2016,TRUE,117.78706005945878,100.0
TN_VARDAH_2016_106163,TN_VARDAH_2016,TRUE,136.84579001194084,100.0
TN_VARDAH_2016_133727,TN_VARDAH_2016,TRUE,36.79998774966154,100.0
TN_VARDAH_2016_163427,TN_VARDAH_2016,TRUE,30.115905462326104,100.0
TN_VARDAH_2016_193111,TN_VARDAH_2016,TRUE,25.916389642766667,100.0
TN_VARDAH_2016_014926,TN_VARDAH_2016,TRUE,231.1320626965055,100.0
TN_VARDAH_2016_014925,TN_VARDAH_2016,TRUE,20.27058158664817,100.0
TN_VARDAH_2016_036672,TN_VARDAH_2016,TRUE,92.96334458726655,100.0
TN_VARDAH_2016_061386,TN_VARDAH_2016,TRUE,103.95130107243298,100.0
TN_VARDAH_2016_086150,TN_VARDAH_2016,TRUE,85.03000362487302,100.0
TN_VARDAH_2016_091448,TN_VARDAH_2016,TRUE,497.03837547449,100.0
TN_VARDAH_2016_111089,TN_VARDAH_2016,TRUE,65.0548904932438,100.0
TN_VARDAH_2016_138658,TN_VARDAH_2016,TRUE,10.316920421337553,100.0
TN_VARDAH_2016_168391,TN_VARDAH_2016,TRUE,81.32122738961525,100.0
TN_VARDAH_2016_198058,TN_VARDAH_2016,TRUE,104.59467245410914,100.0
TN_VARDAH_2016_019885,TN_VARDAH_2016,TRUE,50.5180324765209,100.0
TN_VARDAH_2016_019891,TN_VARDAH_2016,TRUE,25.51372604376224,100.0
TN_VARDAH_2016_041620,TN_VARDAH_2016,TRUE,43.47137817676106,100.0
TN_VARDAH_2016_066342,TN_VARDAH_2016,TRUE,84.25493203141653,100.0
TN_VARDAH_2016_092127,TN_VARDAH_2016,TRUE,525.7493456372888,100.0
TN_VARDAH_2016_116032,TN_VARDAH_2016,TRUE,187.8952077018837,100.0
TN_VARDAH_2016_143610,TN_VARDAH_2016,TRUE,16.288674690778887,100.0
TN_VARDAH_2016_173311,TN_VARDAH_2016,TRUE,171.4045021340139,100.0
TN_VARDAH_2016_202999,TN_VARDAH_2016,TRUE,12.549971832119,100.0
TN_VARDAH_2016_091132,TN_VARDAH_2016,TRUE,66.66944033978137,100.0
TN_VARDAH_2016_096100,TN_VARDAH_2016,TRUE,1927.9230156762717,100.0
TN_VARDAH_2016_116128,TN_VARDAH_2016,TRUE,44.4695536483251,100.0
TN_VARDAH_2016_143713,TN_VARDAH_2016,TRUE,74.41207688751001,100.0
TN_VARDAH_2016_173319,TN_VARDAH_2016,TRUE,33.89234548785175,100.0
TN_VARDAH_2016_202995,TN_VARDAH_2016,TRUE,14.863000748482175,100.0
TN_VARDAH_2016_121014,TN_VARDAH_2016,TRUE,17.982968210928927,100.0
TN_VARDAH_2016_121046,TN_VARDAH_2016,TRUE,57.60722609947551,100.0
TN_VARDAH_2016_178974,TN_VARDAH_2016,TRUE,7.807757406884258,100.0
TN_VARDAH_2016_206062,TN_VARDAH_2016,TRUE,48.04358351780187,100.0
TN_VARDAH_2016_153524,TN_VARDAH_2016,TRUE,6.936941693072017,100.0
TN_VARDAH_2016_000005,TN_VARDAH_2016,TRUE,25.806918423675434,100.0
TN_VARDAH_2016_000019,TN_VARDAH_2016,TRUE,441.07900684861306,100.0
TN_VARDAH_2016_021815,TN_VARDAH_2016,TRUE,38.33609023566448,100.0
TN_VARDAH_2016_046549,TN_VARDAH_2016,TRUE,183.00213564135294,100.0
TN_VARDAH_2016_071282,TN_VARDAH_2016,TRUE,55.77156064380253,100.0
TN_VARDAH_2016_071959,TN_VARDAH_2016,TRUE,335.7018019440457,100.0
TN_VARDAH_2016_096232,TN_VARDAH_2016,TRUE,105.48388838916884,100.0
TN_VARDAH_2016_123780,TN_VARDAH_2016,TRUE,23.01187614254368,100.0
TN_VARDAH_2016_153529,TN_VARDAH_2016,TRUE,49.305161399399644,100.0
TN_VARDAH_2016_183190,TN_VARDAH_2016,TRUE,12.730569129677752,100.0
TN_VARDAH_2016_000006,TN_VARDAH_2016,TRUE,46.156481246179595,100.0
TN_VARDAH_2016_000033,TN_VARDAH_2016,TRUE,124.59228638882678,100.0
TN_VARDAH_2016_021825,TN_VARDAH_2016,TRUE,65.19226989672319,100.0
TN_VARDAH_2016_046556,TN_VARDAH_2016,TRUE,120.0789756577957,100.0
TN_VARDAH_2016_071280,TN_VARDAH_2016,TRUE,99.77509346244084,100.0
TN_VARDAH_2016_073162,TN_VARDAH_2016,TRUE,161.23493627389934,100.0
TN_VARDAH_2016_096314,TN_VARDAH_2016,TRUE,179.58386961702024,100.0
TN_VARDAH_2016_153528,TN_VARDAH_2016,TRUE,63.27826737290256,100.0
TN_VARDAH_2016_183205,TN_VARDAH_2016,TRUE,90.58426450099986,100.0
TN_VARDAH_2016_004986,TN_VARDAH_2016,TRUE,81.90731331368585,100.0
TN_VARDAH_2016_005025,TN_VARDAH_2016,TRUE,68.35635606148891,100.0
TN_VARDAH_2016_026772,TN_VARDAH_2016,TRUE,15.321943011150974,100.0
TN_VARDAH_2016_051512,TN_VARDAH_2016,TRUE,93.41641337867082,100.0
TN_VARDAH_2016_076257,TN_VARDAH_2016,TRUE,34.322864043403165,100.0
TN_VARDAH_2016_076551,TN_VARDAH_2016,TRUE,163.29160127871702,100.0
TN_VARDAH_2016_101202,TN_VARDAH_2016,TRUE,10.682804899729744,100.0
TN_VARDAH_2016_128749,TN_VARDAH_2016,TRUE,36.2567900641812,100.0
TN_VARDAH_2016_158504,TN_VARDAH_2016,TRUE,52.97923114547545,100.0
TN_VARDAH_2016_188128,TN_VARDAH_2016,TRUE,45.39619125987356,100.0
TN_VARDAH_2016_009952,TN_VARDAH_2016,TRUE,22.154848113946585,100.0
TN_VARDAH_2016_009980,TN_VARDAH_2016,TRUE,399.0798496309517,100.0
TN_VARDAH_2016_031717,TN_VARDAH_2016,TRUE,81.99985167900769,100.0
TN_VARDAH_2016_056433,TN_VARDAH_2016,TRUE,84.0437532187729,100.0
TN_VARDAH_2016_081205,TN_VARDAH_2016,TRUE,28.464031277629864,100.0
TN_VARDAH_2016_081814,TN_VARDAH_2016,TRUE,1271.273117637916,100.0
TN_VARDAH_2016_106170,TN_VARDAH_2016,TRUE,132.21858601297527,100.0
TN_VARDAH_2016_133705,TN_VARDAH_2016,TRUE,20.64365646231728,100.0
TN_VARDAH_2016_163431,TN_VARDAH_2016,TRUE,85.58363457039471,100.0
TN_VARDAH_2016_193113,TN_VARDAH_2016,TRUE,29.790482591042746,100.0
TN_VARDAH_2016_009975,TN_VARDAH_2016,TRUE,25.15042291398641,100.0
TN_VARDAH_2016_009983,TN_VARDAH_2016,TRUE,360.2410057423396,100.0
TN_VARDAH_2016_031743,TN_VARDAH_2016,TRUE,109.09269841053013,100.0
TN_VARDAH_2016_056450,TN_VARDAH_2016,TRUE,124.2194245885037,100.0
TN_VARDAH_2016_081218,TN_VARDAH_2016,TRUE,4607.591900531311,100.0
TN_VARDAH_2016_086533,TN_VARDAH_2016,TRUE,479.2689620357042,100.0
TN_VARDAH_2016_106174,TN_VARDAH_2016,TRUE,40.54380626180201,100.0
TN_VARDAH_2016_133735,TN_VARDAH_2016,TRUE,94.46727092352441,100.0
TN_VARDAH_2016_163439,TN_VARDAH_2016,TRUE,59.45916282643777,100.0
TN_VARDAH_2016_193123,TN_VARDAH_2016,TRUE,58.73084773285463,100.0
TN_VARDAH_2016_014933,TN_VARDAH_2016,TRUE,115.61041546334164,100.0
TN_VARDAH_2016_014929,TN_VARDAH_2016,TRUE,42.80885768700592,100.0
TN_VARDAH_2016_036674,TN_VARDAH_2016,TRUE,476.21117259680875,100.0
TN_VARDAH_2016_061393,TN_VARDAH_2016,TRUE,180.33840597200717,100.0
TN_VARDAH_2016_086151,TN_VARDAH_2016,TRUE,81.26123700989551,100.0
TN_VARDAH_2016_093737,TN_VARDAH_2016,TRUE,9981.571754623934,100.0
TN_VARDAH_2016_111107,TN_VARDAH_2016,TRUE,72.76755724120255,100.0
TN_VARDAH_2016_138663,TN_VARDAH_2016,TRUE,42.18288270081885,100.0
TN_VARDAH_2016_168409,TN_VARDAH_2016,TRUE,83.8822289755225,100.0
TN_VARDAH_2016_198061,TN_VARDAH_2016,TRUE,91.96153367759018,100.0
TN_VARDAH_2016_019886,TN_VARDAH_2016,TRUE,176.3574490006868,100.0
TN_VARDAH_2016_019894,TN_VARDAH_2016,TRUE,16.756652386488078,100.0
TN_VARDAH_2016_041639,TN_VARDAH_2016,TRUE,35.13725488146727,100.0
TN_VARDAH_2016_066353,TN_VARDAH_2016,TRUE,36.83154206816002,100.0
TN_VARDAH_2016_091112,TN_VARDAH_2016,TRUE,60.47097943119162,100.0
TN_VARDAH_2016_094322,TN_VARDAH_2016,TRUE,2288.675558785585,100.0
TN_VARDAH_2016_116038,TN_VARDAH_2016,TRUE,135.15269164564612,100.0
TN_VARDAH_2016_143611,TN_VARDAH_2016,TRUE,26.051207823539954,100.0
TN_VARDAH_2016_173312,TN_VARDAH_2016,TRUE,20.002904047162033,100.0
TN_VARDAH_2016_203000,TN_VARDAH_2016,TRUE,6.04166867664585,100.0
TN_VARDAH_2016_091156,TN_VARDAH_2016,TRUE,48.582551144421785,100.0
TN_VARDAH_2016_096205,TN_VARDAH_2016,TRUE,3619.039818465853,100.0
TN_VARDAH_2016_116130,TN_VARDAH_2016,TRUE,133.70649653510173,100.0
TN_VARDAH_2016_173372,TN_VARDAH_2016,TRUE,41.971062544650394,100.0
TN_VARDAH_2016_202996,TN_VARDAH_2016,TRUE,24.255248575864872,100.0
TN_VARDAH_2016_121024,TN_VARDAH_2016,TRUE,11.620715967323235,100.0
TN_VARDAH_2016_121169,TN_VARDAH_2016,TRUE,17.330582040375106,100.0
TN_VARDAH_2016_179018,TN_VARDAH_2016,TRUE,13.407240983336742,100.0
TN_VARDAH_2016_206065,TN_VARDAH_2016,TRUE,48.205146941048504,100.0
TN_VARDAH_2016_000007,TN_VARDAH_2016,TRUE,39.7163542208571,100.0
TN_VARDAH_2016_000031,TN_VARDAH_2016,TRUE,146.2605337433092,100.0
TN_VARDAH_2016_021818,TN_VARDAH_2016,TRUE,134.22610244863657,100.0
TN_VARDAH_2016_046551,TN_VARDAH_2016,TRUE,33.074180979964595,100.0
TN_VARDAH_2016_071288,TN_VARDAH_2016,TRUE,126.43738035200997,100.0
TN_VARDAH_2016_073386,TN_VARDAH_2016,TRUE,174.37202900725703,100.0
TN_VARDAH_2016_096241,TN_VARDAH_2016,TRUE,79.35394929913531,100.0
TN_VARDAH_2016_123783,TN_VARDAH_2016,TRUE,37.77322593328903,100.0
TN_VARDAH_2016_153530,TN_VARDAH_2016,TRUE,256.48026066231205,100.0
TN_VARDAH_2016_183192,TN_VARDAH_2016,TRUE,19.968997979839386,100.0
TN_VARDAH_2016_000013,TN_VARDAH_2016,TRUE,142.74782853475386,100.0
TN_VARDAH_2016_000042,TN_VARDAH_2016,TRUE,9.26356879326782,100.0
TN_VARDAH_2016_021828,TN_VARDAH_2016,TRUE,98.03008786923988,100.0
TN_VARDAH_2016_046559,TN_VARDAH_2016,TRUE,62.45857322260432,100.0
TN_VARDAH_2016_071283,TN_VARDAH_2016,TRUE,32.10938758343862,100.0
TN_VARDAH_2016_073179,TN_VARDAH_2016,TRUE,26.43434314759203,100.0
TN_VARDAH_2016_096323,TN_VARDAH_2016,TRUE,13.10717103655561,100.0
TN_VARDAH_2016_123809,TN_VARDAH_2016,TRUE,28.064097836730053,100.0
TN_VARDAH_2016_153531,TN_VARDAH_2016,TRUE,19.210942911970726,100.0
TN_VARDAH_2016_183215,TN_VARDAH_2016,TRUE,96.5092184826899,100.0
TN_VARDAH_2016_004988,TN_VARDAH_2016,TRUE,190.38283004879986,100.0
TN_VARDAH_2016_005026,TN_VARDAH_2016,TRUE,43.897066807231276,100.0
TN_VARDAH_2016_026778,TN_VARDAH_2016,TRUE,17.710404759655106,100.0
TN_VARDAH_2016_051513,TN_VARDAH_2016,TRUE,105.84985720304978,100.0
TN_VARDAH_2016_076258,TN_VARDAH_2016,TRUE,52.2922943515336,100.0
TN_VARDAH_2016_076688,TN_VARDAH_2016,TRUE,209.16801911946396,100.0
TN_VARDAH_2016_101218,TN_VARDAH_2016,TRUE,50.059981134811245,100.0
TN_VARDAH_2016_188130,TN_VARDAH_2016,TRUE,27.18412369076838,100.0
TN_VARDAH_2016_009953,TN_VARDAH_2016,TRUE,135.69711738908273,100.0
TN_VARDAH_2016_009982,TN_VARDAH_2016,TRUE,82.55793901225297,100.0
TN_VARDAH_2016_031719,TN_VARDAH_2016,TRUE,21.801592878077706,100.0
TN_VARDAH_2016_056435,TN_VARDAH_2016,TRUE,97.0924047851067,100.0
TN_VARDAH_2016_081207,TN_VARDAH_2016,TRUE,49.3726259971906,100.0
TN_VARDAH_2016_106177,TN_VARDAH_2016,TRUE,36.09563008378344,100.0
TN_VARDAH_2016_133707,TN_VARDAH_2016,TRUE,15.208396169941398,100.0
TN_VARDAH_2016_163432,TN_VARDAH_2016,TRUE,41.551722906719036,100.0
TN_VARDAH_2016_193115,TN_VARDAH_2016,TRUE,169.75046682537925,100.0
TN_VARDAH_2016_010010,TN_VARDAH_2016,TRUE,138.95294265072195,100.0
TN_VARDAH_2016_031753,TN_VARDAH_2016,TRUE,26.754323930911692,100.0
TN_VARDAH_2016_056454,TN_VARDAH_2016,TRUE,11.614736737344192,100.0
TN_VARDAH_2016_086816,TN_VARDAH_2016,TRUE,236.2039319715403,100.0
TN_VARDAH_2016_106179,TN_VARDAH_2016,TRUE,191.0008722200929,100.0
TN_VARDAH_2016_133749,TN_VARDAH_2016,TRUE,70.6990592201347,100.0
TN_VARDAH_2016_163441,TN_VARDAH_2016,TRUE,46.112755433907715,100.0
TN_VARDAH_2016_193125,TN_VARDAH_2016,TRUE,97.51144311330262,100.0
TN_VARDAH_2016_014934,TN_VARDAH_2016,TRUE,201.81470447761913,100.0
TN_VARDAH_2016_014932,TN_VARDAH_2016,TRUE,165.90123310054372,100.0
TN_VARDAH_2016_036683,TN_VARDAH_2016,TRUE,13.464386936127719,100.0
TN_VARDAH_2016_061396,TN_VARDAH_2016,TRUE,177.2869159648214,100.0
TN_VARDAH_2016_086152,TN_VARDAH_2016,TRUE,31.807973906390288,100.0
TN_VARDAH_2016_111088,TN_VARDAH_2016,TRUE,42.64283674836343,100.0
TN_VARDAH_2016_111120,TN_VARDAH_2016,TRUE,41.70721830328678,100.0
TN_VARDAH_2016_138667,TN_VARDAH_2016,TRUE,43.30299050583369,100.0
TN_VARDAH_2016_168411,TN_VARDAH_2016,TRUE,120.25755444641494,100.0
TN_VARDAH_2016_198075,TN_VARDAH_2016,TRUE,41.214735201852136,100.0
TN_VARDAH_2016_019887,TN_VARDAH_2016,TRUE,18.29084725707572,100.0
TN_VARDAH_2016_019911,TN_VARDAH_2016,TRUE,133.56667116884037,100.0
TN_VARDAH_2016_041654,TN_VARDAH_2016,TRUE,15.508674397080116,100.0
TN_VARDAH_2016_091119,TN_VARDAH_2016,TRUE,23.976821979017675,100.0
TN_VARDAH_2016_095366,TN_VARDAH_2016,TRUE,514.3308877252381,100.0
TN_VARDAH_2016_116039,TN_VARDAH_2016,TRUE,63.02719632274846,100.0
TN_VARDAH_2016_143612,TN_VARDAH_2016,TRUE,30.824499191023193,100.0
TN_VARDAH_2016_173313,TN_VARDAH_2016,TRUE,31.013035094978612,100.0
TN_VARDAH_2016_203002,TN_VARDAH_2016,TRUE,79.53826425459319,100.0
TN_VARDAH_2016_091235,TN_VARDAH_2016,TRUE,21.97982982016503,100.0
TN_VARDAH_2016_116060,TN_VARDAH_2016,TRUE,142.33110724892396,100.0
TN_VARDAH_2016_116241,TN_VARDAH_2016,TRUE,48.21528139231941,100.0
TN_VARDAH_2016_143773,TN_VARDAH_2016,TRUE,81.44934343444879,100.0
TN_VARDAH_2016_173418,TN_VARDAH_2016,TRUE,95.97309446319291,100.0
TN_VARDAH_2016_203024,TN_VARDAH_2016,TRUE,94.76616259207498,100.0
TN_VARDAH_2016_121032,TN_VARDAH_2016,TRUE,34.758702668954164,100.0
TN_VARDAH_2016_121414,TN_VARDAH_2016,TRUE,43.30963927332054,100.0
TN_VARDAH_2016_179953,TN_VARDAH_2016,TRUE,14.727088664605235,100.0
TN_VARDAH_2016_206105,TN_VARDAH_2016,TRUE,20.976875960358743,100.0
TN_VARDAH_2016_000008,TN_VARDAH_2016,TRUE,76.7062363256744,100.0
TN_VARDAH_2016_000032,TN_VARDAH_2016,TRUE,166.10205890555423,100.0
TN_VARDAH_2016_021820,TN_VARDAH_2016,TRUE,10.693471009604359,100.0
TN_VARDAH_2016_046552,TN_VARDAH_2016,TRUE,50.26825849856854,100.0
TN_VARDAH_2016_071290,TN_VARDAH_2016,TRUE,101.94781633021064,100.0
TN_VARDAH_2016_073413,TN_VARDAH_2016,TRUE,99.07304041145083,100.0
TN_VARDAH_2016_096247,TN_VARDAH_2016,TRUE,114.16545622795253,100.0
TN_VARDAH_2016_123792,TN_VARDAH_2016,TRUE,27.1294185401924,100.0
TN_VARDAH_2016_153534,TN_VARDAH_2016,TRUE,42.525299638506816,100.0
TN_VARDAH_2016_183193,TN_VARDAH_2016,TRUE,150.93770787724077,100.0
TN_VARDAH_2016_000016,TN_VARDAH_2016,TRUE,79.19799079486135,100.0
TN_VARDAH_2016_000045,TN_VARDAH_2016,TRUE,100.66511871192407,100.0
TN_VARDAH_2016_021829,TN_VARDAH_2016,TRUE,55.657522172930435,100.0
TN_VARDAH_2016_046562,TN_VARDAH_2016,TRUE,102.23399064252307,100.0
TN_VARDAH_2016_071284,TN_VARDAH_2016,TRUE,60.88799049317253,100.0
TN_VARDAH_2016_073200,TN_VARDAH_2016,TRUE,157.01964370056515,100.0
TN_VARDAH_2016_096345,TN_VARDAH_2016,TRUE,66.74758745068958,100.0
TN_VARDAH_2016_123811,TN_VARDAH_2016,TRUE,144.0894416920929,100.0
TN_VARDAH_2016_153536,TN_VARDAH_2016,TRUE,35.57398043176383,100.0
TN_VARDAH_2016_183224,TN_VARDAH_2016,TRUE,127.03009977750386,100.0
TN_VARDAH_2016_005029,TN_VARDAH_2016,TRUE,69.73087195895904,100.0
TN_VARDAH_2016_026779,TN_VARDAH_2016,TRUE,99.77010110517026,100.0
TN_VARDAH_2016_051515,TN_VARDAH_2016,TRUE,102.02319212627174,100.0
TN_VARDAH_2016_076268,TN_VARDAH_2016,TRUE,135.3553376590366,100.0
TN_VARDAH_2016_078902,TN_VARDAH_2016,TRUE,58.527246775873145,100.0
TN_VARDAH_2016_101222,TN_VARDAH_2016,TRUE,5.427223040398729,100.0
TN_VARDAH_2016_128756,TN_VARDAH_2016,TRUE,38.037112849023465,100.0
TN_VARDAH_2016_158509,TN_VARDAH_2016,TRUE,21.731602213555632,100.0
TN_VARDAH_2016_188131,TN_VARDAH_2016,TRUE,120.7693761708132,100.0
TN_VARDAH_2016_009954,TN_VARDAH_2016,TRUE,83.67505774847623,100.0
TN_VARDAH_2016_009988,TN_VARDAH_2016,TRUE,283.33767601941173,100.0
TN_VARDAH_2016_031736,TN_VARDAH_2016,TRUE,725.8542676865322,100.0
TN_VARDAH_2016_056436,TN_VARDAH_2016,TRUE,51.39089331169982,100.0
TN_VARDAH_2016_081208,TN_VARDAH_2016,TRUE,16.51359367025794,100.0
TN_VARDAH_2016_082775,TN_VARDAH_2016,TRUE,97.89945164897429,100.0
TN_VARDAH_2016_106181,TN_VARDAH_2016,TRUE,109.47658392045238,100.0
TN_VARDAH_2016_133708,TN_VARDAH_2016,TRUE,20.665131927299996,100.0
TN_VARDAH_2016_163433,TN_VARDAH_2016,TRUE,20.132146852085768,100.0
TN_VARDAH_2016_193116,TN_VARDAH_2016,TRUE,68.31963717614424,100.0
TN_VARDAH_2016_009977,TN_VARDAH_2016,TRUE,17.302883229456462,100.0
TN_VARDAH_2016_010063,TN_VARDAH_2016,TRUE,38.62376936101596,100.0
TN_VARDAH_2016_031762,TN_VARDAH_2016,TRUE,127.4406351969816,100.0
TN_VARDAH_2016_056474,TN_VARDAH_2016,TRUE,170.87538854864056,100.0
TN_VARDAH_2016_081230,TN_VARDAH_2016,TRUE,95.56846225758767,100.0
TN_VARDAH_2016_088607,TN_VARDAH_2016,TRUE,370.8698729552318,100.0
TN_VARDAH_2016_106206,TN_VARDAH_2016,TRUE,10.10535285103138,100.0
TN_VARDAH_2016_133752,TN_VARDAH_2016,TRUE,133.97631918614877,100.0
TN_VARDAH_2016_163448,TN_VARDAH_2016,TRUE,44.4013311554735,100.0
TN_VARDAH_2016_193139,TN_VARDAH_2016,TRUE,90.05045289970764,100.0
TN_VARDAH_2016_014950,TN_VARDAH_2016,TRUE,24.578960441596493,100.0
TN_VARDAH_2016_014936,TN_VARDAH_2016,TRUE,99.85047772400495,100.0
TN_VARDAH_2016_036699,TN_VARDAH_2016,TRUE,8.913432211508958,100.0
TN_VARDAH_2016_061398,TN_VARDAH_2016,TRUE,24.93354838284977,100.0
TN_VARDAH_2016_086155,TN_VARDAH_2016,TRUE,20.93245260623758,100.0
TN_VARDAH_2016_111095,TN_VARDAH_2016,TRUE,9.219794561735592,100.0
TN_VARDAH_2016_111129,TN_VARDAH_2016,TRUE,40.71369130558046,100.0
TN_VARDAH_2016_138670,TN_VARDAH_2016,TRUE,26.966280382112984,100.0
TN_VARDAH_2016_168415,TN_VARDAH_2016,TRUE,219.8922808154849,100.0
TN_VARDAH_2016_019888,TN_VARDAH_2016,TRUE,13.823354361868638,100.0
TN_VARDAH_2016_019918,TN_VARDAH_2016,TRUE,16.546379846767575,100.0
TN_VARDAH_2016_041655,TN_VARDAH_2016,TRUE,97.87031016044229,100.0
TN_VARDAH_2016_066370,TN_VARDAH_2016,TRUE,127.67275242217688,100.0
TN_VARDAH_2016_091123,TN_VARDAH_2016,TRUE,61.75043093014747,100.0
TN_VARDAH_2016_116028,TN_VARDAH_2016,TRUE,98.78710554308034,100.0
TN_VARDAH_2016_116041,TN_VARDAH_2016,TRUE,67.25410619532587,100.0
TN_VARDAH_2016_143617,TN_VARDAH_2016,TRUE,89.97442771962658,100.0
TN_VARDAH_2016_173316,TN_VARDAH_2016,TRUE,80.79012707854439,100.0
TN_VARDAH_2016_203006,TN_VARDAH_2016,TRUE,91.64220109409123,100.0
TN_VARDAH_2016_091294,TN_VARDAH_2016,TRUE,65.0193557291374,100.0
TN_VARDAH_2016_116148,TN_VARDAH_2016,TRUE,468.16176050018186,100.0
TN_VARDAH_2016_116384,TN_VARDAH_2016,TRUE,140.63643889127925,100.0
TN_VARDAH_2016_143807,TN_VARDAH_2016,TRUE,61.1534785500821,100.0
TN_VARDAH_2016_173436,TN_VARDAH_2016,TRUE,13.79170595783124,100.0
TN_VARDAH_2016_203042,TN_VARDAH_2016,TRUE,25.63233707634209,100.0
TN_VARDAH_2016_121042,TN_VARDAH_2016,TRUE,180.8509877705443,100.0
TN_VARDAH_2016_122314,TN_VARDAH_2016,TRUE,30.325901586260812,100.0
TN_VARDAH_2016_181470,TN_VARDAH_2016,TRUE,33.817245500316155,100.0
TN_VARDAH_2016_206113,TN_VARDAH_2016,TRUE,35.20028975541544,100.0
TN_VARDAH_2016_000009,TN_VARDAH_2016,TRUE,63.031993170505295,100.0
TN_VARDAH_2016_000034,TN_VARDAH_2016,TRUE,27.236890603168362,100.0
TN_VARDAH_2016_021823,TN_VARDAH_2016,TRUE,35.052331211294145,100.0
TN_VARDAH_2016_046554,TN_VARDAH_2016,TRUE,94.42998913953144,100.0
TN_VARDAH_2016_071293,TN_VARDAH_2016,TRUE,103.6120275083606,100.0
TN_VARDAH_2016_073419,TN_VARDAH_2016,TRUE,107.49513446817714,100.0
TN_VARDAH_2016_096248,TN_VARDAH_2016,TRUE,199.31232723010731,100.0
TN_VARDAH_2016_123798,TN_VARDAH_2016,TRUE,23.74093560027025,100.0
TN_VARDAH_2016_153535,TN_VARDAH_2016,TRUE,51.704540947664896,100.0
TN_VARDAH_2016_183196,TN_VARDAH_2016,TRUE,112.6793708196609,100.0
TN_VARDAH_2016_000030,TN_VARDAH_2016,TRUE,71.22102342606381,100.0
TN_VARDAH_2016_000049,TN_VARDAH_2016,TRUE,157.6059651590711,100.0
TN_VARDAH_2016_021831,TN_VARDAH_2016,TRUE,254.65247845208162,100.0
TN_VARDAH_2016_046564,TN_VARDAH_2016,TRUE,119.70434801325021,100.0
TN_VARDAH_2016_071286,TN_VARDAH_2016,TRUE,329.8795623282581,100.0
TN_VARDAH_2016_073585,TN_VARDAH_2016,TRUE,182.539622381923,100.0
TN_VARDAH_2016_096368,TN_VARDAH_2016,TRUE,92.12805140563714,100.0
TN_VARDAH_2016_123818,TN_VARDAH_2016,TRUE,92.06884854157336,100.0
TN_VARDAH_2016_153537,TN_VARDAH_2016,TRUE,29.484197819389344,100.0
TN_VARDAH_2016_183228,TN_VARDAH_2016,TRUE,76.88024483944747,100.0
TN_VARDAH_2016_004993,TN_VARDAH_2016,TRUE,194.98366859901108,100.0
TN_VARDAH_2016_005031,TN_VARDAH_2016,TRUE,55.00946308868257,100.0
TN_VARDAH_2016_026780,TN_VARDAH_2016,TRUE,12.685037202849363,100.0
TN_VARDAH_2016_051523,TN_VARDAH_2016,TRUE,246.37623945011615,100.0
TN_VARDAH_2016_076269,TN_VARDAH_2016,TRUE,95.35843999805762,100.0
TN_VARDAH_2016_079489,TN_VARDAH_2016,TRUE,62.97379538933463,100.0
TN_VARDAH_2016_101228,TN_VARDAH_2016,TRUE,336.0613510225765,100.0
TN_VARDAH_2016_128757,TN_VARDAH_2016,TRUE,58.983979297589244,100.0
TN_VARDAH_2016_158511,TN_VARDAH_2016,TRUE,64.27013521372638,100.0
TN_VARDAH_2016_188132,TN_VARDAH_2016,TRUE,173.1281310811799,100.0
TN_VARDAH_2016_009955,TN_VARDAH_2016,TRUE,43.18449129903889,100.0
TN_VARDAH_2016_009998,TN_VARDAH_2016,TRUE,327.02258276160535,100.0
TN_VARDAH_2016_031737,TN_VARDAH_2016,TRUE,47.30964946194099,100.0
TN_VARDAH_2016_056437,TN_VARDAH_2016,TRUE,55.16228804115717,100.0
TN_VARDAH_2016_081210,TN_VARDAH_2016,TRUE,85.20226230598966,100.0
TN_VARDAH_2016_083781,TN_VARDAH_2016,TRUE,383.52981827694157,100.0
TN_VARDAH_2016_106185,TN_VARDAH_2016,TRUE,28.52765247406564,100.0
TN_VARDAH_2016_133713,TN_VARDAH_2016,TRUE,139.01290553021138,100.0
TN_VARDAH_2016_163437,TN_VARDAH_2016,TRUE,145.75321014465533,100.0
TN_VARDAH_2016_193120,TN_VARDAH_2016,TRUE,53.81085321204823,100.0
TN_VARDAH_2016_009979,TN_VARDAH_2016,TRUE,106.8097597216161,100.0
TN_VARDAH_2016_010069,TN_VARDAH_2016,TRUE,317.4052468783733,100.0
TN_VARDAH_2016_031778,TN_VARDAH_2016,TRUE,46.53713306519946,100.0
TN_VARDAH_2016_056478,TN_VARDAH_2016,TRUE,119.0422560758045,100.0
TN_VARDAH_2016_081234,TN_VARDAH_2016,TRUE,136.48152057227463,100.0
TN_VARDAH_2016_089857,TN_VARDAH_2016,TRUE,285.4991969827308,100.0
TN_VARDAH_2016_106244,TN_VARDAH_2016,TRUE,23.347607593314862,100.0
TN_VARDAH_2016_133755,TN_VARDAH_2016,TRUE,46.534302236804415,100.0
TN_VARDAH_2016_163449,TN_VARDAH_2016,TRUE,71.77436393605842,100.0
TN_VARDAH_2016_193142,TN_VARDAH_2016,TRUE,55.716606682346544,100.0
TN_VARDAH_2016_014951,TN_VARDAH_2016,TRUE,101.70567623628935,100.0
TN_VARDAH_2016_014940,TN_VARDAH_2016,TRUE,41.05248288257239,100.0
TN_VARDAH_2016_036700,TN_VARDAH_2016,TRUE,56.17589214505123,100.0
TN_VARDAH_2016_061399,TN_VARDAH_2016,TRUE,105.76113408243866,100.0
TN_VARDAH_2016_086156,TN_VARDAH_2016,TRUE,78.66588455011265,100.0
TN_VARDAH_2016_111096,TN_VARDAH_2016,TRUE,43.18819296914453,100.0
TN_VARDAH_2016_111135,TN_VARDAH_2016,TRUE,23.686244607910517,100.0
TN_VARDAH_2016_138685,TN_VARDAH_2016,TRUE,52.417196140850834,100.0
TN_VARDAH_2016_168421,TN_VARDAH_2016,TRUE,26.209109473479153,100.0
TN_VARDAH_2016_198111,TN_VARDAH_2016,TRUE,9.675142893716695,100.0
TN_VARDAH_2016_019889,TN_VARDAH_2016,TRUE,13.63780473563073,100.0
TN_VARDAH_2016_019919,TN_VARDAH_2016,TRUE,109.06774135029087,100.0
TN_VARDAH_2016_041662,TN_VARDAH_2016,TRUE,64.00783539654411,100.0
TN_VARDAH_2016_066376,TN_VARDAH_2016,TRUE,402.624327744809,100.0
TN_VARDAH_2016_091125,TN_VARDAH_2016,TRUE,250.042532188445,100.0
TN_VARDAH_2016_116029,TN_VARDAH_2016,TRUE,16.65861450403547,100.0
TN_VARDAH_2016_116047,TN_VARDAH_2016,TRUE,73.2053021948629,100.0
TN_VARDAH_2016_143628,TN_VARDAH_2016,TRUE,53.21218649777861,100.0
TN_VARDAH_2016_173320,TN_VARDAH_2016,TRUE,59.49482808303991,100.0
TN_VARDAH_2016_091339,TN_VARDAH_2016,TRUE,53.91438654691104,100.0
TN_VARDAH_2016_116245,TN_VARDAH_2016,TRUE,97.19215647795295,100.0
TN_VARDAH_2016_116385,TN_VARDAH_2016,TRUE,46.58630506287231,100.0
TN_VARDAH_2016_173458,TN_VARDAH_2016,TRUE,44.48861881024362,100.0
TN_VARDAH_2016_203057,TN_VARDAH_2016,TRUE,13.14180094456475,100.0
TN_VARDAH_2016_121225,TN_VARDAH_2016,TRUE,21.124460835607415,100.0
TN_VARDAH_2016_122632,TN_VARDAH_2016,TRUE,35.25572586246017,100.0
TN_VARDAH_2016_182426,TN_VARDAH_2016,TRUE,10.931128041034514,100.0
TN_VARDAH_2016_206114,TN_VARDAH_2016,TRUE,15.344350682373644,100.0
TN_VARDAH_2016_000010,TN_VARDAH_2016,TRUE,261.3999103590202,100.0
TN_VARDAH_2016_000035,TN_VARDAH_2016,TRUE,85.66901723357022,100.0
TN_VARDAH_2016_021824,TN_VARDAH_2016,TRUE,258.7812333323338,100.0
TN_VARDAH_2016_046557,TN_VARDAH_2016,TRUE,866.0683115657579,100.0
TN_VARDAH_2016_071296,TN_VARDAH_2016,TRUE,72.84510526221234,100.0
TN_VARDAH_2016_073635,TN_VARDAH_2016,TRUE,237.8357534474693,100.0
TN_VARDAH_2016_096249,TN_VARDAH_2016,TRUE,96.28520086480938,100.0
TN_VARDAH_2016_123800,TN_VARDAH_2016,TRUE,205.392759389765,100.0
TN_VARDAH_2016_153538,TN_VARDAH_2016,TRUE,80.98158314994431,100.0
TN_VARDAH_2016_183198,TN_VARDAH_2016,TRUE,16.57929659607987,100.0
TN_VARDAH_2016_000052,TN_VARDAH_2016,TRUE,114.30349383923983,100.0
TN_VARDAH_2016_021849,TN_VARDAH_2016,TRUE,52.68774435842488,100.0
TN_VARDAH_2016_046569,TN_VARDAH_2016,TRUE,19.83357798057517,100.0
TN_VARDAH_2016_071289,TN_VARDAH_2016,TRUE,122.83502185371668,100.0
TN_VARDAH_2016_096382,TN_VARDAH_2016,TRUE,48.776381491604845,100.0
TN_VARDAH_2016_123827,TN_VARDAH_2016,TRUE,73.3912745846174,100.0
TN_VARDAH_2016_153547,TN_VARDAH_2016,TRUE,66.66600259466124,100.0
TN_VARDAH_2016_183229,TN_VARDAH_2016,TRUE,27.619287378657283,100.0
TN_VARDAH_2016_004994,TN_VARDAH_2016,TRUE,118.6613946031596,100.0
TN_VARDAH_2016_005034,TN_VARDAH_2016,TRUE,31.410199126434943,100.0
TN_VARDAH_2016_026781,TN_VARDAH_2016,TRUE,70.75353389016156,100.0
TN_VARDAH_2016_051529,TN_VARDAH_2016,TRUE,66.38363272802813,100.0
TN_VARDAH_2016_076270,TN_VARDAH_2016,TRUE,143.25894454540884,100.0
TN_VARDAH_2016_080327,TN_VARDAH_2016,TRUE,161.8123456956304,100.0
TN_VARDAH_2016_101234,TN_VARDAH_2016,TRUE,56.38184323723901,100.0
TN_VARDAH_2016_128759,TN_VARDAH_2016,TRUE,132.97583597921218,100.0
TN_VARDAH_2016_158520,TN_VARDAH_2016,TRUE,93.23760336288377,100.0
TN_VARDAH_2016_188133,TN_VARDAH_2016,TRUE,81.69455427727775,100.0
TN_VARDAH_2016_009956,TN_VARDAH_2016,TRUE,34.68837870201679,100.0
TN_VARDAH_2016_009999,TN_VARDAH_2016,TRUE,165.9960442738627,100.0
TN_VARDAH_2016_031738,TN_VARDAH_2016,TRUE,202.70416070758242,100.0
TN_VARDAH_2016_056441,TN_VARDAH_2016,TRUE,38.52079902598625,100.0
TN_VARDAH_2016_081212,TN_VARDAH_2016,TRUE,285.95800927321636,100.0
TN_VARDAH_2016_084231,TN_VARDAH_2016,TRUE,433.83933961343973,100.0
TN_VARDAH_2016_106186,TN_VARDAH_2016,TRUE,25.277168821534946,100.0
TN_VARDAH_2016_133718,TN_VARDAH_2016,TRUE,160.5108534507931,100.0
TN_VARDAH_2016_163438,TN_VARDAH_2016,TRUE,59.02117806444787,100.0
TN_VARDAH_2016_193121,TN_VARDAH_2016,TRUE,86.82528992559763,100.0
TN_VARDAH_2016_009992,TN_VARDAH_2016,TRUE,40.982562325773024,100.0
TN_VARDAH_2016_010096,TN_VARDAH_2016,TRUE,285.7557339138074,100.0
TN_VARDAH_2016_031786,TN_VARDAH_2016,TRUE,80.25899450259084,100.0
TN_VARDAH_2016_056485,TN_VARDAH_2016,TRUE,142.25793987763976,100.0
TN_VARDAH_2016_081244,TN_VARDAH_2016,TRUE,23.124401954589864,100.0
TN_VARDAH_2016_106151,TN_VARDAH_2016,TRUE,40.61069976367179,100.0
TN_VARDAH_2016_106293,TN_VARDAH_2016,TRUE,13.330236148366062,100.0
TN_VARDAH_2016_133756,TN_VARDAH_2016,TRUE,17.76972210189556,100.0
TN_VARDAH_2016_163453,TN_VARDAH_2016,TRUE,80.10891997762181,100.0
TN_VARDAH_2016_193144,TN_VARDAH_2016,TRUE,118.36658444017887,100.0
TN_VARDAH_2016_014955,TN_VARDAH_2016,TRUE,55.15682826043434,100.0
TN_VARDAH_2016_014942,TN_VARDAH_2016,TRUE,26.35063077027661,100.0
TN_VARDAH_2016_036705,TN_VARDAH_2016,TRUE,210.85386053164027,100.0
TN_VARDAH_2016_061400,TN_VARDAH_2016,TRUE,56.50410223065746,100.0
TN_VARDAH_2016_086157,TN_VARDAH_2016,TRUE,115.9646733714293,100.0
TN_VARDAH_2016_111097,TN_VARDAH_2016,TRUE,55.43587691974999,100.0
TN_VARDAH_2016_111152,TN_VARDAH_2016,TRUE,148.58119251315136,100.0
TN_VARDAH_2016_138686,TN_VARDAH_2016,TRUE,299.8457283902238,100.0
TN_VARDAH_2016_168425,TN_VARDAH_2016,TRUE,54.956175955270226,100.0
TN_VARDAH_2016_198118,TN_VARDAH_2016,TRUE,67.9361017110321,100.0
TN_VARDAH_2016_019890,TN_VARDAH_2016,TRUE,48.55770395862161,100.0
TN_VARDAH_2016_019921,TN_VARDAH_2016,TRUE,15.955534452687568,100.0
TN_VARDAH_2016_041667,TN_VARDAH_2016,TRUE,294.5525876167107,100.0
TN_VARDAH_2016_066379,TN_VARDAH_2016,TRUE,26.51549953126118,100.0
TN_VARDAH_2016_116030,TN_VARDAH_2016,TRUE,54.00944526091058,100.0
TN_VARDAH_2016_116058,TN_VARDAH_2016,TRUE,201.85756675876968,100.0
TN_VARDAH_2016_143634,TN_VARDAH_2016,TRUE,159.34306169416288,100.0
TN_VARDAH_2016_173321,TN_VARDAH_2016,TRUE,126.43585833288874,100.0
TN_VARDAH_2016_203009,TN_VARDAH_2016,TRUE,22.19464297850411,100.0
TN_VARDAH_2016_091386,TN_VARDAH_2016,TRUE,51.677988227350866,100.0
TN_VARDAH_2016_116247,TN_VARDAH_2016,TRUE,228.09906260548206,100.0
TN_VARDAH_2016_116411,TN_VARDAH_2016,TRUE,165.21060438189588,100.0
TN_VARDAH_2016_143943,TN_VARDAH_2016,TRUE,152.73372171318618,100.0
TN_VARDAH_2016_173459,TN_VARDAH_2016,TRUE,26.709044979960897,100.0
TN_VARDAH_2016_203085,TN_VARDAH_2016,TRUE,14.003730006703616,100.0
TN_VARDAH_2016_121273,TN_VARDAH_2016,TRUE,11.44200336309618,100.0
TN_VARDAH_2016_123030,TN_VARDAH_2016,TRUE,31.568430860066528,100.0
TN_VARDAH_2016_206147,TN_VARDAH_2016,TRUE,25.84111523791416,100.0
TN_VARDAH_2016_000011,TN_VARDAH_2016,TRUE,36.088359057714115,100.0
TN_VARDAH_2016_000057,TN_VARDAH_2016,TRUE,103.8729422397309,100.0
TN_VARDAH_2016_021832,TN_VARDAH_2016,TRUE,255.72148691800686,100.0
TN_VARDAH_2016_046560,TN_VARDAH_2016,TRUE,48.89327361711193,100.0
TN_VARDAH_2016_071298,TN_VARDAH_2016,TRUE,239.85888562391438,100.0
TN_VARDAH_2016_073991,TN_VARDAH_2016,TRUE,71.37095719173882,100.0
TN_VARDAH_2016_096262,TN_VARDAH_2016,TRUE,62.69560226114491,100.0
TN_VARDAH_2016_123803,TN_VARDAH_2016,TRUE,312.1902608545771,100.0
TN_VARDAH_2016_153540,TN_VARDAH_2016,TRUE,30.57034175808622,100.0
TN_VARDAH_2016_183199,TN_VARDAH_2016,TRUE,432.5308166246204,100.0
TN_VARDAH_2016_000048,TN_VARDAH_2016,TRUE,110.0456087280335,100.0
TN_VARDAH_2016_000054,TN_VARDAH_2016,TRUE,106.76254034582462,100.0
TN_VARDAH_2016_021882,TN_VARDAH_2016,TRUE,48.42775560320911,100.0
TN_VARDAH_2016_046572,TN_VARDAH_2016,TRUE,89.44891332542451,100.0
TN_VARDAH_2016_071291,TN_VARDAH_2016,TRUE,28.716836168887383,100.0
TN_VARDAH_2016_074085,TN_VARDAH_2016,TRUE,214.96411277352087,100.0
TN_VARDAH_2016_096385,TN_VARDAH_2016,TRUE,87.10001300154656,100.0
TN_VARDAH_2016_123829,TN_VARDAH_2016,TRUE,86.60524202590324,100.0
TN_VARDAH_2016_153556,TN_VARDAH_2016,TRUE,47.4441890723792,100.0
TN_VARDAH_2016_183234,TN_VARDAH_2016,TRUE,75.18984610053329,100.0
TN_VARDAH_2016_004999,TN_VARDAH_2016,TRUE,43.92538818949942,100.0
TN_VARDAH_2016_026785,TN_VARDAH_2016,TRUE,698.7889965417962,100.0
TN_VARDAH_2016_051531,TN_VARDAH_2016,TRUE,116.29529620343021,100.0
TN_VARDAH_2016_076273,TN_VARDAH_2016,TRUE,58.21739689169591,100.0
TN_VARDAH_2016_080873,TN_VARDAH_2016,TRUE,44.192516895162136,100.0
TN_VARDAH_2016_101236,TN_VARDAH_2016,TRUE,15.533447957846283,100.0
TN_VARDAH_2016_128762,TN_VARDAH_2016,TRUE,103.96100269219104,100.0
TN_VARDAH_2016_158521,TN_VARDAH_2016,TRUE,83.62689252894589,100.0
TN_VARDAH_2016_188134,TN_VARDAH_2016,TRUE,160.4001012385905,100.0
TN_VARDAH_2016_009957,TN_VARDAH_2016,TRUE,79.17317662900116,100.0
TN_VARDAH_2016_031740,TN_VARDAH_2016,TRUE,106.73414253320378,100.0
TN_VARDAH_2016_056443,TN_VARDAH_2016,TRUE,81.05397503733644,100.0
TN_VARDAH_2016_081213,TN_VARDAH_2016,TRUE,44.70705564021951,100.0
TN_VARDAH_2016_084253,TN_VARDAH_2016,TRUE,102.62175563909629,100.0
TN_VARDAH_2016_106194,TN_VARDAH_2016,TRUE,13.768385793127662,100.0
TN_VARDAH_2016_133720,TN_VARDAH_2016,TRUE,132.55837313878206,100.0
TN_VARDAH_2016_163440,TN_VARDAH_2016,TRUE,56.87445358421736,100.0
TN_VARDAH_2016_193124,TN_VARDAH_2016,TRUE,74.27689781590446,100.0
TN_VARDAH_2016_009996,TN_VARDAH_2016,TRUE,58.82592908329024,100.0
TN_VARDAH_2016_010103,TN_VARDAH_2016,TRUE,23.72176424304967,100.0
TN_VARDAH_2016_031801,TN_VARDAH_2016,TRUE,62.391676781595784,100.0
TN_VARDAH_2016_056492,TN_VARDAH_2016,TRUE,43.77232022204916,100.0
TN_VARDAH_2016_081256,TN_VARDAH_2016,TRUE,38.04223385726165,100.0
TN_VARDAH_2016_106160,TN_VARDAH_2016,TRUE,29.985001650754263,100.0
TN_VARDAH_2016_106319,TN_VARDAH_2016,TRUE,30.90275544452415,100.0
TN_VARDAH_2016_133776,TN_VARDAH_2016,TRUE,46.194165328172275,100.0
TN_VARDAH_2016_163455,TN_VARDAH_2016,TRUE,89.01029523243996,100.0
TN_VARDAH_2016_193147,TN_VARDAH_2016,TRUE,80.28849863126884,100.0
TN_VARDAH_2016_014957,TN_VARDAH_2016,TRUE,76.98006251865188,100.0
TN_VARDAH_2016_014944,TN_VARDAH_2016,TRUE,87.08026511747403,100.0
TN_VARDAH_2016_036707,TN_VARDAH_2016,TRUE,192.83534266969406,100.0
TN_VARDAH_2016_061403,TN_VARDAH_2016,TRUE,164.81587649796813,100.0
TN_VARDAH_2016_086160,TN_VARDAH_2016,TRUE,95.18185032314227,100.0
TN_VARDAH_2016_111099,TN_VARDAH_2016,TRUE,43.10320151926635,100.0
TN_VARDAH_2016_138687,TN_VARDAH_2016,TRUE,71.34102527877502,100.0
TN_VARDAH_2016_168435,TN_VARDAH_2016,TRUE,167.79091299900625,100.0
TN_VARDAH_2016_198119,TN_VARDAH_2016,TRUE,75.62021944973526,100.0
TN_VARDAH_2016_019892,TN_VARDAH_2016,TRUE,56.568671889071815,100.0
TN_VARDAH_2016_019924,TN_VARDAH_2016,TRUE,296.5954203807774,100.0
TN_VARDAH_2016_041672,TN_VARDAH_2016,TRUE,35.063659437391266,100.0
TN_VARDAH_2016_066381,TN_VARDAH_2016,TRUE,22.239348748601515,100.0
TN_VARDAH_2016_091129,TN_VARDAH_2016,TRUE,137.75555249479243,100.0
TN_VARDAH_2016_116031,TN_VARDAH_2016,TRUE,17.27738154954379,100.0
TN_VARDAH_2016_116065,TN_VARDAH_2016,TRUE,26.753999576610937,100.0
TN_VARDAH_2016_143635,TN_VARDAH_2016,TRUE,22.89658541151047,100.0
TN_VARDAH_2016_173327,TN_VARDAH_2016,TRUE,28.849004680786734,100.0
TN_VARDAH_2016_203012,TN_VARDAH_2016,TRUE,114.2504430681026,76.29
TN_VARDAH_2016_091769,TN_VARDAH_2016,TRUE,7.06659437700184,100.0
TN_VARDAH_2016_116273,TN_VARDAH_2016,TRUE,38.14954011104107,100.0
TN_VARDAH_2016_116537,TN_VARDAH_2016,TRUE,409.7674980265237,100.0
TN_VARDAH_2016_143987,TN_VARDAH_2016,TRUE,95.10889186210699,100.0
TN_VARDAH_2016_173472,TN_VARDAH_2016,TRUE,121.65711744675842,100.0
TN_VARDAH_2016_203146,TN_VARDAH_2016,TRUE,25.606162945869592,100.0
TN_VARDAH_2016_121650,TN_VARDAH_2016,TRUE,23.160391680810175,100.0
TN_VARDAH_2016_123379,TN_VARDAH_2016,TRUE,457.4573299591322,100.0
TN_VARDAH_2016_000012,TN_VARDAH_2016,TRUE,62.16632837298502,100.0
TN_VARDAH_2016_000065,TN_VARDAH_2016,TRUE,238.45326914749617,100.0
TN_VARDAH_2016_021833,TN_VARDAH_2016,TRUE,1718.860837660532,100.0
TN_VARDAH_2016_046561,TN_VARDAH_2016,TRUE,178.61009318541616,100.0
TN_VARDAH_2016_071300,TN_VARDAH_2016,TRUE,64.5264109789727,100.0
TN_VARDAH_2016_074036,TN_VARDAH_2016,TRUE,28.897126053577907,100.0
TN_VARDAH_2016_096263,TN_VARDAH_2016,TRUE,66.76135735523867,100.0
TN_VARDAH_2016_123807,TN_VARDAH_2016,TRUE,6.08754305864149,100.0
TN_VARDAH_2016_153541,TN_VARDAH_2016,TRUE,166.43985049935606,100.0
TN_VARDAH_2016_000051,TN_VARDAH_2016,TRUE,126.46677044802748,100.0
TN_VARDAH_2016_000056,TN_VARDAH_2016,TRUE,108.39397529372769,100.0
TN_VARDAH_2016_021886,TN_VARDAH_2016,TRUE,251.73141837668612,100.0
TN_VARDAH_2016_046579,TN_VARDAH_2016,TRUE,119.17142574191725,100.0
TN_VARDAH_2016_074124,TN_VARDAH_2016,TRUE,41.10877705369251,100.0
TN_VARDAH_2016_096401,TN_VARDAH_2016,TRUE,152.7494960082321,100.0
TN_VARDAH_2016_123837,TN_VARDAH_2016,TRUE,128.69849775863148,100.0
TN_VARDAH_2016_153560,TN_VARDAH_2016,TRUE,17.96417320946955,100.0
TN_VARDAH_2016_183240,TN_VARDAH_2016,TRUE,21.190656844903412,100.0
TN_VARDAH_2016_005071,TN_VARDAH_2016,TRUE,12.156547063136204,100.0
TN_VARDAH_2016_026787,TN_VARDAH_2016,TRUE,66.39250420488916,100.0
TN_VARDAH_2016_051536,TN_VARDAH_2016,TRUE,221.37407753794486,100.0
TN_VARDAH_2016_076275,TN_VARDAH_2016,TRUE,85.55798541234903,100.0
TN_VARDAH_2016_083480,TN_VARDAH_2016,TRUE,214.16644756773488,100.0
TN_VARDAH_2016_101243,TN_VARDAH_2016,TRUE,62.69825989550785,100.0
TN_VARDAH_2016_128763,TN_VARDAH_2016,TRUE,51.53764120356356,100.0
TN_VARDAH_2016_158522,TN_VARDAH_2016,TRUE,223.2759798905053,100.0
TN_VARDAH_2016_188135,TN_VARDAH_2016,TRUE,146.70184957470357,100.0
TN_VARDAH_2016_009961,TN_VARDAH_2016,TRUE,125.79167493059427,100.0
TN_VARDAH_2016_010008,TN_VARDAH_2016,TRUE,286.2040238629652,100.0
TN_VARDAH_2016_031741,TN_VARDAH_2016,TRUE,44.89007147589457,100.0
TN_VARDAH_2016_056448,TN_VARDAH_2016,TRUE,175.35267073637098,100.0
TN_VARDAH_2016_081214,TN_VARDAH_2016,TRUE,103.80015029435394,100.0
TN_VARDAH_2016_085855,TN_VARDAH_2016,TRUE,121.04026654473456,100.0
TN_VARDAH_2016_106209,TN_VARDAH_2016,TRUE,80.54736402547063,100.0
TN_VARDAH_2016_133722,TN_VARDAH_2016,TRUE,242.7468059855959,100.0
TN_VARDAH_2016_163442,TN_VARDAH_2016,TRUE,79.96012920983917,100.0
TN_VARDAH_2016_193128,TN_VARDAH_2016,TRUE,65.93185353743455,100.0
TN_VARDAH_2016_010001,TN_VARDAH_2016,TRUE,207.90360950792464,100.0
TN_VARDAH_2016_010120,TN_VARDAH_2016,TRUE,50.397111696403854,100.0
TN_VARDAH_2016_031802,TN_VARDAH_2016,TRUE,75.30053554385607,100.0
TN_VARDAH_2016_056496,TN_VARDAH_2016,TRUE,196.89355957805577,100.0
TN_VARDAH_2016_081259,TN_VARDAH_2016,TRUE,171.85510698304856,100.0
TN_VARDAH_2016_106165,TN_VARDAH_2016,TRUE,82.10689528229676,100.0
TN_VARDAH_2016_133782,TN_VARDAH_2016,TRUE,39.12451127594605,100.0
TN_VARDAH_2016_163457,TN_VARDAH_2016,TRUE,99.21348594961823,100.0
TN_VARDAH_2016_193158,TN_VARDAH_2016,TRUE,19.687933445633966,100.0
TN_VARDAH_2016_014958,TN_VARDAH_2016,TRUE,1076.5031109142792,100.0
TN_VARDAH_2016_014947,TN_VARDAH_2016,TRUE,129.63051333578807,100.0
TN_VARDAH_2016_036708,TN_VARDAH_2016,TRUE,330.85708129206444,100.0
TN_VARDAH_2016_061405,TN_VARDAH_2016,TRUE,57.75283545798912,100.0
TN_VARDAH_2016_086161,TN_VARDAH_2016,TRUE,135.20290968063125,100.0
TN_VARDAH_2016_111102,TN_VARDAH_2016,TRUE,36.901456801677156,100.0
TN_VARDAH_2016_111179,TN_VARDAH_2016,TRUE,82.381227683404,100.0
TN_VARDAH_2016_138690,TN_VARDAH_2016,TRUE,45.12461191937793,100.0
TN_VARDAH_2016_168440,TN_VARDAH_2016,TRUE,52.24333129833667,100.0
TN_VARDAH_2016_198136,TN_VARDAH_2016,TRUE,24.30706595506431,100.0
TN_VARDAH_2016_019893,TN_VARDAH_2016,TRUE,246.8496983270124,100.0
TN_VARDAH_2016_019929,TN_VARDAH_2016,TRUE,14.569587058972044,100.0
TN_VARDAH_2016_041681,TN_VARDAH_2016,TRUE,39.35198412468546,100.0
TN_VARDAH_2016_066388,TN_VARDAH_2016,TRUE,102.95926638605783,100.0
TN_VARDAH_2016_091134,TN_VARDAH_2016,TRUE,211.65045961893543,100.0
TN_VARDAH_2016_116033,TN_VARDAH_2016,TRUE,249.44574855362114,100.0
TN_VARDAH_2016_116066,TN_VARDAH_2016,TRUE,66.20717417519643,100.0
TN_VARDAH_2016_143638,TN_VARDAH_2016,TRUE,54.1171477628432,100.0
TN_VARDAH_2016_173332,TN_VARDAH_2016,TRUE,45.976185067652466,100.0
TN_VARDAH_2016_203013,TN_VARDAH_2016,TRUE,194.84395592850706,100.0
TN_VARDAH_2016_091834,TN_VARDAH_2016,TRUE,479.21180598618446,100.0
TN_VARDAH_2016_116301,TN_VARDAH_2016,TRUE,56.75831799848538,100.0
TN_VARDAH_2016_116947,TN_VARDAH_2016,TRUE,92.5968670442951,100.0
TN_VARDAH_2016_144076,TN_VARDAH_2016,TRUE,121.35798073841597,100.0
TN_VARDAH_2016_173515,TN_VARDAH_2016,TRUE,36.82791211942518,100.0
TN_VARDAH_2016_122057,TN_VARDAH_2016,TRUE,6.496784167882964,100.0
TN_VARDAH_2016_123529,TN_VARDAH_2016,TRUE,18.143042462236686,100.0
TN_VARDAH_2016_206168,TN_VARDAH_2016,TRUE,30.372743114976686,100.0
TN_VARDAH_2016_000014,TN_VARDAH_2016,TRUE,105.19829394662693,100.0
TN_VARDAH_2016_000072,TN_VARDAH_2016,TRUE,218.93891738763188,100.0
TN_VARDAH_2016_021834,TN_VARDAH_2016,TRUE,99.06610363319368,100.0
TN_VARDAH_2016_046563,TN_VARDAH_2016,TRUE,45.17978071495365,100.0
TN_VARDAH_2016_071302,TN_VARDAH_2016,TRUE,103.91815055223962,100.0
TN_VARDAH_2016_074137,TN_VARDAH_2016,TRUE,231.67196411556654,100.0
TN_VARDAH_2016_096264,TN_VARDAH_2016,TRUE,130.01640261141375,100.0
TN_VARDAH_2016_123815,TN_VARDAH_2016,TRUE,49.858424331923175,100.0
TN_VARDAH_2016_153542,TN_VARDAH_2016,TRUE,80.33683008612977,100.0
TN_VARDAH_2016_183201,TN_VARDAH_2016,TRUE,13.446128202079116,100.0
TN_VARDAH_2016_000055,TN_VARDAH_2016,TRUE,598.1795177982756,100.0
TN_VARDAH_2016_000069,TN_VARDAH_2016,TRUE,43.5249651493434,100.0
TN_VARDAH_2016_021889,TN_VARDAH_2016,TRUE,154.2656198464804,100.0
TN_VARDAH_2016_046588,TN_VARDAH_2016,TRUE,329.5887345457359,100.0
TN_VARDAH_2016_071297,TN_VARDAH_2016,TRUE,53.8741753386516,100.0
TN_VARDAH_2016_074190,TN_VARDAH_2016,TRUE,169.10338811448239,100.0
TN_VARDAH_2016_096404,TN_VARDAH_2016,TRUE,12.746588886021826,100.0
TN_VARDAH_2016_123838,TN_VARDAH_2016,TRUE,61.605182295648405,100.0
TN_VARDAH_2016_153566,TN_VARDAH_2016,TRUE,68.49003338968046,100.0
TN_VARDAH_2016_183244,TN_VARDAH_2016,TRUE,42.29638828804056,100.0
TN_VARDAH_2016_005076,TN_VARDAH_2016,TRUE,29.80847671022272,100.0
TN_VARDAH_2016_026788,TN_VARDAH_2016,TRUE,85.6858829253201,100.0
TN_VARDAH_2016_051537,TN_VARDAH_2016,TRUE,150.47921336693878,100.0
TN_VARDAH_2016_085181,TN_VARDAH_2016,TRUE,116.9488389570705,100.0
TN_VARDAH_2016_101245,TN_VARDAH_2016,TRUE,34.58554577200494,100.0
TN_VARDAH_2016_128764,TN_VARDAH_2016,TRUE,148.79500195275637,100.0
TN_VARDAH_2016_158525,TN_VARDAH_2016,TRUE,19.69532038645651,100.0
TN_VARDAH_2016_188137,TN_VARDAH_2016,TRUE,20.604617800261614,100.0
TN_VARDAH_2016_009962,TN_VARDAH_2016,TRUE,23.31129101692673,100.0
TN_VARDAH_2016_010030,TN_VARDAH_2016,TRUE,283.2957491659139,100.0
TN_VARDAH_2016_031742,TN_VARDAH_2016,TRUE,130.17794766360876,100.0
TN_VARDAH_2016_056455,TN_VARDAH_2016,TRUE,90.12180528651297,100.0
TN_VARDAH_2016_081215,TN_VARDAH_2016,TRUE,72.65598489832176,100.0
TN_VARDAH_2016_106153,TN_VARDAH_2016,TRUE,12.188918970195203,100.0
TN_VARDAH_2016_106217,TN_VARDAH_2016,TRUE,46.97256669764354,100.0
TN_VARDAH_2016_133723,TN_VARDAH_2016,TRUE,30.5914653814724,100.0
TN_VARDAH_2016_163445,TN_VARDAH_2016,TRUE,86.24281766890371,100.0
TN_VARDAH_2016_193136,TN_VARDAH_2016,TRUE,83.80306436310548,100.0
TN_VARDAH_2016_010002,TN_VARDAH_2016,TRUE,7.317908425346352,100.0
TN_VARDAH_2016_010204,TN_VARDAH_2016,TRUE,43.613954378983244,100.0
TN_VARDAH_2016_031819,TN_VARDAH_2016,TRUE,16.342590050891985,100.0
TN_VARDAH_2016_056497,TN_VARDAH_2016,TRUE,250.23367813972308,100.0
TN_VARDAH_2016_081272,TN_VARDAH_2016,TRUE,105.93757785781949,100.0
TN_VARDAH_2016_106173,TN_VARDAH_2016,TRUE,30.964501827550983,100.0
TN_VARDAH_2016_106347,TN_VARDAH_2016,TRUE,39.36106891119945,100.0
TN_VARDAH_2016_133784,TN_VARDAH_2016,TRUE,120.74584491134922,100.0
TN_VARDAH_2016_163458,TN_VARDAH_2016,TRUE,14.849070290352383,100.0
TN_VARDAH_2016_193165,TN_VARDAH_2016,TRUE,48.07590879846819,100.0
TN_VARDAH_2016_014967,TN_VARDAH_2016,TRUE,119.5419618236713,100.0
TN_VARDAH_2016_014962,TN_VARDAH_2016,TRUE,340.2288432952247,100.0
TN_VARDAH_2016_036716,TN_VARDAH_2016,TRUE,94.6466282783541,100.0
TN_VARDAH_2016_061409,TN_VARDAH_2016,TRUE,78.76523471207469,100.0
TN_VARDAH_2016_086164,TN_VARDAH_2016,TRUE,104.36916795250758,100.0
TN_VARDAH_2016_111103,TN_VARDAH_2016,TRUE,11.611486705522713,100.0
TN_VARDAH_2016_111198,TN_VARDAH_2016,TRUE,19.450715558648938,100.0
TN_VARDAH_2016_138692,TN_VARDAH_2016,TRUE,114.02308729226996,100.0
TN_VARDAH_2016_168450,TN_VARDAH_2016,TRUE,19.92603145460572,100.0
TN_VARDAH_2016_019932,TN_VARDAH_2016,TRUE,35.91577458579298,100.0
TN_VARDAH_2016_041729,TN_VARDAH_2016,TRUE,23.450792808742815,100.0
TN_VARDAH_2016_066389,TN_VARDAH_2016,TRUE,68.2461706099106,100.0
TN_VARDAH_2016_091136,TN_VARDAH_2016,TRUE,461.33062176294845,100.0
TN_VARDAH_2016_116034,TN_VARDAH_2016,TRUE,74.63630315682752,100.0
TN_VARDAH_2016_116068,TN_VARDAH_2016,TRUE,200.7387113620101,100.0
TN_VARDAH_2016_143639,TN_VARDAH_2016,TRUE,16.734574511465308,100.0
TN_VARDAH_2016_173333,TN_VARDAH_2016,TRUE,358.96550619664123,100.0
TN_VARDAH_2016_203015,TN_VARDAH_2016,TRUE,12.000650544446799,100.0
TN_VARDAH_2016_091996,TN_VARDAH_2016,TRUE,17.542691581511416,100.0
TN_VARDAH_2016_116389,TN_VARDAH_2016,TRUE,1143.1805582595528,100.0
TN_VARDAH_2016_116976,TN_VARDAH_2016,TRUE,179.53900919147162,100.0
TN_VARDAH_2016_144106,TN_VARDAH_2016,TRUE,181.80768954843205,100.0
TN_VARDAH_2016_173527,TN_VARDAH_2016,TRUE,38.59164045708562,100.0
TN_VARDAH_2016_203179,TN_VARDAH_2016,TRUE,166.68369994495427,100.0
TN_VARDAH_2016_122127,TN_VARDAH_2016,TRUE,184.9369789926085,100.0
TN_VARDAH_2016_148992,TN_VARDAH_2016,TRUE,43.52730051608423,100.0
TN_VARDAH_2016_000015,TN_VARDAH_2016,TRUE,107.2350879786095,100.0
TN_VARDAH_2016_000081,TN_VARDAH_2016,TRUE,25.513216545796332,100.0
TN_VARDAH_2016_021836,TN_VARDAH_2016,TRUE,19.19431480097738,100.0
TN_VARDAH_2016_046567,TN_VARDAH_2016,TRUE,79.822003066088,100.0
TN_VARDAH_2016_071305,TN_VARDAH_2016,TRUE,96.79370867735315,100.0
TN_VARDAH_2016_074358,TN_VARDAH_2016,TRUE,47.20634703243732,100.0
TN_VARDAH_2016_096266,TN_VARDAH_2016,TRUE,54.884684949844086,100.0
TN_VARDAH_2016_123819,TN_VARDAH_2016,TRUE,74.51160670899444,100.0
TN_VARDAH_2016_153545,TN_VARDAH_2016,TRUE,68.70867485856607,100.0
TN_VARDAH_2016_183203,TN_VARDAH_2016,TRUE,16.252292270501673,100.0
TN_VARDAH_2016_000094,TN_VARDAH_2016,TRUE,52.34547589138583,100.0
TN_VARDAH_2016_021908,TN_VARDAH_2016,TRUE,105.29706157210693,100.0
TN_VARDAH_2016_046590,TN_VARDAH_2016,TRUE,198.9668066666892,100.0
TN_VARDAH_2016_071301,TN_VARDAH_2016,TRUE,44.59636649473037,100.0
TN_VARDAH_2016_075329,TN_VARDAH_2016,TRUE,348.9546650795126,100.0
TN_VARDAH_2016_096420,TN_VARDAH_2016,TRUE,20.070835636546683,100.0
TN_VARDAH_2016_123859,TN_VARDAH_2016,TRUE,31.180380757666704,100.0
TN_VARDAH_2016_153570,TN_VARDAH_2016,TRUE,48.34381895650233,100.0
TN_VARDAH_2016_183247,TN_VARDAH_2016,TRUE,76.98591714939498,100.0
TN_VARDAH_2016_005012,TN_VARDAH_2016,TRUE,174.38642312742118,100.0
TN_VARDAH_2016_005079,TN_VARDAH_2016,TRUE,138.1540792562554,100.0
TN_VARDAH_2016_026794,TN_VARDAH_2016,TRUE,52.80829770476931,100.0
TN_VARDAH_2016_051539,TN_VARDAH_2016,TRUE,327.0906367287761,100.0
TN_VARDAH_2016_076279,TN_VARDAH_2016,TRUE,593.2541991664124,100.0
TN_VARDAH_2016_101186,TN_VARDAH_2016,TRUE,66.02264554649078,100.0
TN_VARDAH_2016_101249,TN_VARDAH_2016,TRUE,148.8180258874084,100.0
TN_VARDAH_2016_128766,TN_VARDAH_2016,TRUE,153.14751345495156,100.0
TN_VARDAH_2016_158527,TN_VARDAH_2016,TRUE,39.470686576846816,100.0
TN_VARDAH_2016_188138,TN_VARDAH_2016,TRUE,31.538978802813816,100.0
TN_VARDAH_2016_009963,TN_VARDAH_2016,TRUE,84.055548992113,100.0
TN_VARDAH_2016_010033,TN_VARDAH_2016,TRUE,116.63753324421124,100.0
TN_VARDAH_2016_031744,TN_VARDAH_2016,TRUE,139.79664161243232,100.0
TN_VARDAH_2016_056458,TN_VARDAH_2016,TRUE,43.91357003519575,100.0
TN_VARDAH_2016_081217,TN_VARDAH_2016,TRUE,129.64636550564592,100.0
TN_VARDAH_2016_106154,TN_VARDAH_2016,TRUE,51.45944113160306,100.0
TN_VARDAH_2016_106226,TN_VARDAH_2016,TRUE,100.84924023973394,100.0
TN_VARDAH_2016_133724,TN_VARDAH_2016,TRUE,28.32582451636789,100.0
TN_VARDAH_2016_163447,TN_VARDAH_2016,TRUE,45.60428623229895,100.0
TN_VARDAH_2016_193140,TN_VARDAH_2016,TRUE,94.33953555284786,100.0
TN_VARDAH_2016_010015,TN_VARDAH_2016,TRUE,123.69831422514201,100.0
TN_VARDAH_2016_010209,TN_VARDAH_2016,TRUE,47.138332034608624,100.0
TN_VARDAH_2016_031823,TN_VARDAH_2016,TRUE,56.81420830658699,100.0
TN_VARDAH_2016_056502,TN_VARDAH_2016,TRUE,293.67975340399323,100.0
TN_VARDAH_2016_081279,TN_VARDAH_2016,TRUE,29.485271347022604,100.0
TN_VARDAH_2016_106182,TN_VARDAH_2016,TRUE,191.6430812138232,100.0
TN_VARDAH_2016_106450,TN_VARDAH_2016,TRUE,61.02216640001252,100.0
TN_VARDAH_2016_133785,TN_VARDAH_2016,TRUE,66.77372848366913,100.0
TN_VARDAH_2016_163469,TN_VARDAH_2016,TRUE,43.969157021852624,100.0
TN_VARDAH_2016_193168,TN_VARDAH_2016,TRUE,129.26923269329464,100.0
TN_VARDAH_2016_014983,TN_VARDAH_2016,TRUE,1170.939855028558,100.0
TN_VARDAH_2016_036720,TN_VARDAH_2016,TRUE,92.46306630855476,100.0
TN_VARDAH_2016_061411,TN_VARDAH_2016,TRUE,147.19905034178055,100.0
TN_VARDAH_2016_086165,TN_VARDAH_2016,TRUE,70.06268136145002,100.0
TN_VARDAH_2016_111105,TN_VARDAH_2016,TRUE,87.95940519035535,100.0
TN_VARDAH_2016_111230,TN_VARDAH_2016,TRUE,40.775699011805756,100.0
TN_VARDAH_2016_168455,TN_VARDAH_2016,TRUE,32.065671023970125,100.0
TN_VARDAH_2016_198174,TN_VARDAH_2016,TRUE,21.22963203685575,100.0
TN_VARDAH_2016_019897,TN_VARDAH_2016,TRUE,41.95304429388345,100.0
TN_VARDAH_2016_019933,TN_VARDAH_2016,TRUE,79.77847218994134,100.0
TN_VARDAH_2016_041747,TN_VARDAH_2016,TRUE,245.0927422524828,100.0
TN_VARDAH_2016_066394,TN_VARDAH_2016,TRUE,126.03473561201544,100.0
TN_VARDAH_2016_091139,TN_VARDAH_2016,TRUE,51.26855245425444,100.0
TN_VARDAH_2016_116035,TN_VARDAH_2016,TRUE,336.5403113948685,100.0
TN_VARDAH_2016_143640,TN_VARDAH_2016,TRUE,111.50854732980365,100.0
TN_VARDAH_2016_173336,TN_VARDAH_2016,TRUE,53.36277151807417,100.0
TN_VARDAH_2016_203016,TN_VARDAH_2016,TRUE,13.799799288464003,100.0
TN_VARDAH_2016_092053,TN_VARDAH_2016,TRUE,174.0456333041057,100.0
TN_VARDAH_2016_116543,TN_VARDAH_2016,TRUE,39.68517254450528,100.0
TN_VARDAH_2016_117225,TN_VARDAH_2016,TRUE,115.8332430170903,100.0
TN_VARDAH_2016_144137,TN_VARDAH_2016,TRUE,41.385493170472316,100.0
TN_VARDAH_2016_173558,TN_VARDAH_2016,TRUE,49.84014998874847,100.0
TN_VARDAH_2016_203204,TN_VARDAH_2016,TRUE,253.03878493900672,100.0
TN_VARDAH_2016_122228,TN_VARDAH_2016,TRUE,13.442513083519778,100.0
TN_VARDAH_2016_149102,TN_VARDAH_2016,TRUE,34.18179910298841,100.0
TN_VARDAH_2016_206176,TN_VARDAH_2016,TRUE,82.018623356675,100.0
TN_VARDAH_2016_000017,TN_VARDAH_2016,TRUE,112.11476784242822,100.0
TN_VARDAH_2016_000087,TN_VARDAH_2016,TRUE,120.55489048714956,100.0
TN_VARDAH_2016_021839,TN_VARDAH_2016,TRUE,56.2524060892496,100.0
TN_VARDAH_2016_046570,TN_VARDAH_2016,TRUE,171.33842024512637,100.0
TN_VARDAH_2016_071306,TN_VARDAH_2016,TRUE,47.05947605241501,100.0
TN_VARDAH_2016_075402,TN_VARDAH_2016,TRUE,105.65802777457961,100.0
TN_VARDAH_2016_096269,TN_VARDAH_2016,TRUE,28.246887897621573,100.0
TN_VARDAH_2016_123821,TN_VARDAH_2016,TRUE,212.22891468561414,100.0
TN_VARDAH_2016_153548,TN_VARDAH_2016,TRUE,153.7101513950293,100.0
TN_VARDAH_2016_183207,TN_VARDAH_2016,TRUE,83.61743619356302,100.0
TN_VARDAH_2016_000070,TN_VARDAH_2016,TRUE,38.969467117525596,100.0
TN_VARDAH_2016_000095,TN_VARDAH_2016,TRUE,81.29396682749322,100.0
TN_VARDAH_2016_021910,TN_VARDAH_2016,TRUE,188.3203225425143,100.0
TN_VARDAH_2016_046593,TN_VARDAH_2016,TRUE,41.33136998454478,100.0
TN_VARDAH_2016_071312,TN_VARDAH_2016,TRUE,57.54493747983235,100.0
TN_VARDAH_2016_076069,TN_VARDAH_2016,TRUE,109.1708494591823,100.0
TN_VARDAH_2016_096456,TN_VARDAH_2016,TRUE,45.21640645686477,100.0
TN_VARDAH_2016_123864,TN_VARDAH_2016,TRUE,52.56515488069446,100.0
TN_VARDAH_2016_153584,TN_VARDAH_2016,TRUE,27.730811129271153,100.0
TN_VARDAH_2016_183254,TN_VARDAH_2016,TRUE,108.03687977949389,100.0
TN_VARDAH_2016_005015,TN_VARDAH_2016,TRUE,31.98263236332365,100.0
TN_VARDAH_2016_005082,TN_VARDAH_2016,TRUE,87.23686760123934,100.0
TN_VARDAH_2016_026800,TN_VARDAH_2016,TRUE,82.03452856222412,100.0
TN_VARDAH_2016_051543,TN_VARDAH_2016,TRUE,32.505392872895825,100.0
TN_VARDAH_2016_076280,TN_VARDAH_2016,TRUE,251.01992718553498,100.0
TN_VARDAH_2016_101188,TN_VARDAH_2016,TRUE,52.29674043252054,100.0
TN_VARDAH_2016_101261,TN_VARDAH_2016,TRUE,33.81880317000128,100.0
TN_VARDAH_2016_128768,TN_VARDAH_2016,TRUE,6.963089646075665,100.0
TN_VARDAH_2016_188139,TN_VARDAH_2016,TRUE,25.44201785320952,100.0
TN_VARDAH_2016_009964,TN_VARDAH_2016,TRUE,36.51004650378029,100.0
TN_VARDAH_2016_010034,TN_VARDAH_2016,TRUE,167.7708609651326,100.0
TN_VARDAH_2016_031747,TN_VARDAH_2016,TRUE,22.206359976200407,100.0
TN_VARDAH_2016_081220,TN_VARDAH_2016,TRUE,25.696016088778258,100.0
TN_VARDAH_2016_106156,TN_VARDAH_2016,TRUE,54.77356896494782,100.0
TN_VARDAH_2016_106236,TN_VARDAH_2016,TRUE,40.53591576010623,100.0
TN_VARDAH_2016_133728,TN_VARDAH_2016,TRUE,86.66557612168299,100.0
TN_VARDAH_2016_163454,TN_VARDAH_2016,TRUE,219.28143347530138,100.0
TN_VARDAH_2016_193143,TN_VARDAH_2016,TRUE,111.4387757636373,100.0
TN_VARDAH_2016_010025,TN_VARDAH_2016,TRUE,383.83067756194316,100.0
TN_VARDAH_2016_010247,TN_VARDAH_2016,TRUE,65.68941512639806,100.0
TN_VARDAH_2016_031834,TN_VARDAH_2016,TRUE,13.861998901221112,100.0
TN_VARDAH_2016_056503,TN_VARDAH_2016,TRUE,15.267010753286666,100.0
TN_VARDAH_2016_081288,TN_VARDAH_2016,TRUE,205.9008760362591,100.0
TN_VARDAH_2016_106192,TN_VARDAH_2016,TRUE,222.3432577171239,100.0
TN_VARDAH_2016_106461,TN_VARDAH_2016,TRUE,21.919633930631168,100.0
TN_VARDAH_2016_133788,TN_VARDAH_2016,TRUE,31.608221707696007,100.0
TN_VARDAH_2016_163473,TN_VARDAH_2016,TRUE,38.3144276034087,100.0
TN_VARDAH_2016_193185,TN_VARDAH_2016,TRUE,71.65490529971896,100.0
TN_VARDAH_2016_014988,TN_VARDAH_2016,TRUE,106.36399080557582,100.0
TN_VARDAH_2016_014975,TN_VARDAH_2016,TRUE,21.287688453456564,100.0
TN_VARDAH_2016_036724,TN_VARDAH_2016,TRUE,141.35560169757093,100.0
TN_VARDAH_2016_061412,TN_VARDAH_2016,TRUE,58.174966814848474,100.0
TN_VARDAH_2016_111106,TN_VARDAH_2016,TRUE,20.441732997603143,100.0
TN_VARDAH_2016_168480,TN_VARDAH_2016,TRUE,298.0445016998239,100.0
TN_VARDAH_2016_198178,TN_VARDAH_2016,TRUE,33.284271279799775,100.0
TN_VARDAH_2016_019900,TN_VARDAH_2016,TRUE,44.93447891253348,100.0
TN_VARDAH_2016_019936,TN_VARDAH_2016,TRUE,96.69774772765726,100.0
TN_VARDAH_2016_041761,TN_VARDAH_2016,TRUE,19.576894440694083,100.0
TN_VARDAH_2016_091144,TN_VARDAH_2016,TRUE,104.50770558961489,100.0
TN_VARDAH_2016_116036,TN_VARDAH_2016,TRUE,185.37883334915628,100.0
TN_VARDAH_2016_143641,TN_VARDAH_2016,TRUE,25.75639532796878,100.0
TN_VARDAH_2016_173338,TN_VARDAH_2016,TRUE,207.25841710330576,100.0
TN_VARDAH_2016_203018,TN_VARDAH_2016,TRUE,6.627496376756792,100.0
TN_VARDAH_2016_092253,TN_VARDAH_2016,TRUE,13.070419922461697,100.0
TN_VARDAH_2016_116662,TN_VARDAH_2016,TRUE,136.55070554791968,100.0
TN_VARDAH_2016_117456,TN_VARDAH_2016,TRUE,280.9185218861624,100.0
TN_VARDAH_2016_144180,TN_VARDAH_2016,TRUE,80.41604842465334,100.0
TN_VARDAH_2016_173576,TN_VARDAH_2016,TRUE,38.83904547373841,100.0
TN_VARDAH_2016_203228,TN_VARDAH_2016,TRUE,13.932007694214775,100.0
TN_VARDAH_2016_122303,TN_VARDAH_2016,TRUE,34.14001118147466,100.0
TN_VARDAH_2016_150254,TN_VARDAH_2016,TRUE,12.87625447852743,100.0
TN_VARDAH_2016_206178,TN_VARDAH_2016,TRUE,62.26231269052447,100.0
TN_VARDAH_2016_000092,TN_VARDAH_2016,TRUE,24.84870321409977,100.0
TN_VARDAH_2016_046571,TN_VARDAH_2016,TRUE,210.5918294411328,100.0
TN_VARDAH_2016_071307,TN_VARDAH_2016,TRUE,277.75079155114287,100.0
TN_VARDAH_2016_076099,TN_VARDAH_2016,TRUE,167.31114711108285,100.0
TN_VARDAH_2016_096277,TN_VARDAH_2016,TRUE,75.06531381779877,100.0
TN_VARDAH_2016_123826,TN_VARDAH_2016,TRUE,203.6943158718812,100.0
TN_VARDAH_2016_153549,TN_VARDAH_2016,TRUE,192.59583395384035,100.0
TN_VARDAH_2016_183208,TN_VARDAH_2016,TRUE,89.14721095559517,100.0
TN_VARDAH_2016_000073,TN_VARDAH_2016,TRUE,125.86628403747622,100.0
TN_VARDAH_2016_000098,TN_VARDAH_2016,TRUE,31.118668461636943,100.0
TN_VARDAH_2016_021912,TN_VARDAH_2016,TRUE,197.58830477573088,100.0
TN_VARDAH_2016_046597,TN_VARDAH_2016,TRUE,248.17528377980418,100.0
TN_VARDAH_2016_071313,TN_VARDAH_2016,TRUE,43.852616454640795,100.0
TN_VARDAH_2016_076631,TN_VARDAH_2016,TRUE,204.34676630720918,100.0
TN_VARDAH_2016_096488,TN_VARDAH_2016,TRUE,24.808978467362344,100.0
TN_VARDAH_2016_123866,TN_VARDAH_2016,TRUE,48.88654305175122,100.0
TN_VARDAH_2016_153586,TN_VARDAH_2016,TRUE,95.84262408785682,100.0
TN_VARDAH_2016_183255,TN_VARDAH_2016,TRUE,70.96802442735056,100.0
TN_VARDAH_2016_005019,TN_VARDAH_2016,TRUE,25.491541368530402,100.0
TN_VARDAH_2016_005086,TN_VARDAH_2016,TRUE,43.41628394773099,100.0
TN_VARDAH_2016_026801,TN_VARDAH_2016,TRUE,89.1715861537276,100.0
TN_VARDAH_2016_051544,TN_VARDAH_2016,TRUE,89.04692954599646,100.0
TN_VARDAH_2016_076281,TN_VARDAH_2016,TRUE,37.24303393518201,100.0
TN_VARDAH_2016_101189,TN_VARDAH_2016,TRUE,103.1586019561466,100.0
TN_VARDAH_2016_101267,TN_VARDAH_2016,TRUE,75.58946049569407,100.0
TN_VARDAH_2016_128769,TN_VARDAH_2016,TRUE,99.17127373380463,100.0
TN_VARDAH_2016_158534,TN_VARDAH_2016,TRUE,117.2074743916232,100.0
TN_VARDAH_2016_188140,TN_VARDAH_2016,TRUE,36.92545335985081,100.0
TN_VARDAH_2016_009966,TN_VARDAH_2016,TRUE,215.3369347993828,100.0
TN_VARDAH_2016_010035,TN_VARDAH_2016,TRUE,258.99980228288445,100.0
TN_VARDAH_2016_031749,TN_VARDAH_2016,TRUE,103.11838774179954,100.0
TN_VARDAH_2016_056461,TN_VARDAH_2016,TRUE,271.63644298985344,100.0
TN_VARDAH_2016_081221,TN_VARDAH_2016,TRUE,28.668755291489255,100.0
TN_VARDAH_2016_106157,TN_VARDAH_2016,TRUE,17.49862706518936,100.0
TN_VARDAH_2016_106238,TN_VARDAH_2016,TRUE,79.37018011212355,100.0
TN_VARDAH_2016_133729,TN_VARDAH_2016,TRUE,23.731693245250746,100.0
TN_VARDAH_2016_163456,TN_VARDAH_2016,TRUE,168.77762680676977,100.0
TN_VARDAH_2016_193148,TN_VARDAH_2016,TRUE,61.27933637061845,100.0
TN_VARDAH_2016_010031,TN_VARDAH_2016,TRUE,31.14854736823544,100.0
TN_VARDAH_2016_010272,TN_VARDAH_2016,TRUE,38.07537493029716,100.0
TN_VARDAH_2016_031855,TN_VARDAH_2016,TRUE,60.345017961097824,100.0
TN_VARDAH_2016_056509,TN_VARDAH_2016,TRUE,60.19979181209028,100.0
TN_VARDAH_2016_081298,TN_VARDAH_2016,TRUE,55.49721625323637,100.0
TN_VARDAH_2016_106196,TN_VARDAH_2016,TRUE,53.403937425351366,100.0
TN_VARDAH_2016_106471,TN_VARDAH_2016,TRUE,43.033543135828275,100.0
TN_VARDAH_2016_133795,TN_VARDAH_2016,TRUE,37.40867452739896,100.0
TN_VARDAH_2016_163479,TN_VARDAH_2016,TRUE,45.13014555562446,100.0
TN_VARDAH_2016_193198,TN_VARDAH_2016,TRUE,37.499650688997896,100.0
TN_VARDAH_2016_014992,TN_VARDAH_2016,TRUE,79.35155407814256,100.0
TN_VARDAH_2016_014978,TN_VARDAH_2016,TRUE,7.790619639148444,100.0
TN_VARDAH_2016_036727,TN_VARDAH_2016,TRUE,35.431970036859944,100.0
TN_VARDAH_2016_061415,TN_VARDAH_2016,TRUE,137.97418965683602,100.0
TN_VARDAH_2016_086167,TN_VARDAH_2016,TRUE,104.77600695916934,100.0
TN_VARDAH_2016_111108,TN_VARDAH_2016,TRUE,164.57212170325212,100.0
TN_VARDAH_2016_111252,TN_VARDAH_2016,TRUE,80.18113959117167,100.0
TN_VARDAH_2016_138705,TN_VARDAH_2016,TRUE,55.868364537338834,100.0
TN_VARDAH_2016_168489,TN_VARDAH_2016,TRUE,12.066258664582163,100.0
TN_VARDAH_2016_198190,TN_VARDAH_2016,TRUE,1699.2235233357526,82.4
TN_VARDAH_2016_019901,TN_VARDAH_2016,TRUE,22.206021464649737,100.0
TN_VARDAH_2016_019947,TN_VARDAH_2016,TRUE,40.10780281338234,100.0
TN_VARDAH_2016_041765,TN_VARDAH_2016,TRUE,188.76566845107396,100.0
TN_VARDAH_2016_066398,TN_VARDAH_2016,TRUE,39.6886354724591,100.0
TN_VARDAH_2016_091146,TN_VARDAH_2016,TRUE,186.1197436124534,100.0
TN_VARDAH_2016_116037,TN_VARDAH_2016,TRUE,258.8465811521056,100.0
TN_VARDAH_2016_116080,TN_VARDAH_2016,TRUE,234.94094126230962,100.0
TN_VARDAH_2016_143645,TN_VARDAH_2016,TRUE,77.39486623225582,100.0
TN_VARDAH_2016_173341,TN_VARDAH_2016,TRUE,47.13997539260133,100.0
TN_VARDAH_2016_203019,TN_VARDAH_2016,TRUE,43.52571892272055,100.0
TN_VARDAH_2016_092436,TN_VARDAH_2016,TRUE,424.70967220682525,100.0
TN_VARDAH_2016_116684,TN_VARDAH_2016,TRUE,966.0841242525471,100.0
TN_VARDAH_2016_117563,TN_VARDAH_2016,TRUE,230.48243305202445,100.0
TN_VARDAH_2016_144277,TN_VARDAH_2016,TRUE,89.10207148015338,100.0
TN_VARDAH_2016_173589,TN_VARDAH_2016,TRUE,28.301983845341866,100.0
TN_VARDAH_2016_203249,TN_VARDAH_2016,TRUE,16.024900574805763,100.0
TN_VARDAH_2016_122391,TN_VARDAH_2016,TRUE,8.286824625944853,100.0
TN_VARDAH_2016_150476,TN_VARDAH_2016,TRUE,42.33856337776376,100.0
TN_VARDAH_2016_206189,TN_VARDAH_2016,TRUE,6.063404940694271,100.0
TN_VARDAH_2016_000020,TN_VARDAH_2016,TRUE,21.522630031492902,100.0
TN_VARDAH_2016_021855,TN_VARDAH_2016,TRUE,20.726097930078375,100.0
TN_VARDAH_2016_046573,TN_VARDAH_2016,TRUE,66.81536463241383,100.0
TN_VARDAH_2016_071308,TN_VARDAH_2016,TRUE,47.58835142150359,100.0
TN_VARDAH_2016_096224,TN_VARDAH_2016,TRUE,140.08063298822398,100.0
TN_VARDAH_2016_096279,TN_VARDAH_2016,TRUE,94.37376426266104,100.0
TN_VARDAH_2016_123828,TN_VARDAH_2016,TRUE,273.680301839044,100.0
TN_VARDAH_2016_153550,TN_VARDAH_2016,TRUE,72.96506428622514,100.0
TN_VARDAH_2016_183209,TN_VARDAH_2016,TRUE,148.93594091407564,100.0
TN_VARDAH_2016_000074,TN_VARDAH_2016,TRUE,75.97985226656468,100.0
TN_VARDAH_2016_000102,TN_VARDAH_2016,TRUE,55.65371790222068,100.0
TN_VARDAH_2016_021917,TN_VARDAH_2016,TRUE,20.07568592452897,100.0
TN_VARDAH_2016_046601,TN_VARDAH_2016,TRUE,407.84013414040317,100.0
TN_VARDAH_2016_071322,TN_VARDAH_2016,TRUE,14.826744516071379,100.0
TN_VARDAH_2016_077012,TN_VARDAH_2016,TRUE,66.10479087777634,100.0
TN_VARDAH_2016_096514,TN_VARDAH_2016,TRUE,31.65089518372063,100.0
TN_VARDAH_2016_123868,TN_VARDAH_2016,TRUE,98.61321392778665,100.0
TN_VARDAH_2016_153591,TN_VARDAH_2016,TRUE,44.857967467042975,100.0
TN_VARDAH_2016_183258,TN_VARDAH_2016,TRUE,88.74143940499368,100.0
TN_VARDAH_2016_005021,TN_VARDAH_2016,TRUE,53.06808185868455,100.0
TN_VARDAH_2016_005101,TN_VARDAH_2016,TRUE,67.94793476557254,100.0
TN_VARDAH_2016_026803,TN_VARDAH_2016,TRUE,86.66781428136153,100.0
TN_VARDAH_2016_051545,TN_VARDAH_2016,TRUE,34.86202315242006,100.0
TN_VARDAH_2016_076282,TN_VARDAH_2016,TRUE,67.33037816128584,100.0
TN_VARDAH_2016_101269,TN_VARDAH_2016,TRUE,46.04635953939821,100.0
TN_VARDAH_2016_128771,TN_VARDAH_2016,TRUE,82.29962053291425,100.0
TN_VARDAH_2016_158535,TN_VARDAH_2016,TRUE,202.36639029034637,100.0
TN_VARDAH_2016_188141,TN_VARDAH_2016,TRUE,37.833111678838165,100.0
TN_VARDAH_2016_009967,TN_VARDAH_2016,TRUE,67.67450755465376,100.0
TN_VARDAH_2016_010048,TN_VARDAH_2016,TRUE,105.50921122189762,100.0
TN_VARDAH_2016_031750,TN_VARDAH_2016,TRUE,373.0350182335831,100.0
TN_VARDAH_2016_056463,TN_VARDAH_2016,TRUE,49.273758457762035,100.0
TN_VARDAH_2016_081222,TN_VARDAH_2016,TRUE,110.09291074603094,100.0
TN_VARDAH_2016_106161,TN_VARDAH_2016,TRUE,47.00651850652648,100.0
TN_VARDAH_2016_106249,TN_VARDAH_2016,TRUE,22.68280951972455,100.0
TN_VARDAH_2016_133733,TN_VARDAH_2016,TRUE,90.22679497085272,100.0
TN_VARDAH_2016_163459,TN_VARDAH_2016,TRUE,28.165062188969813,100.0
TN_VARDAH_2016_193149,TN_VARDAH_2016,TRUE,126.16545827421825,100.0
TN_VARDAH_2016_010340,TN_VARDAH_2016,TRUE,75.77835775233434,100.0
TN_VARDAH_2016_031860,TN_VARDAH_2016,TRUE,332.6678930621811,100.0
TN_VARDAH_2016_056515,TN_VARDAH_2016,TRUE,456.33331945522167,100.0
TN_VARDAH_2016_081317,TN_VARDAH_2016,TRUE,62.0331747108986,100.0
TN_VARDAH_2016_106197,TN_VARDAH_2016,TRUE,144.0213399251485,100.0
TN_VARDAH_2016_106472,TN_VARDAH_2016,TRUE,64.80073332602947,100.0
TN_VARDAH_2016_133807,TN_VARDAH_2016,TRUE,34.64732396785442,100.0
TN_VARDAH_2016_163481,TN_VARDAH_2016,TRUE,42.89857319797463,100.0
TN_VARDAH_2016_193211,TN_VARDAH_2016,TRUE,83.92130439407556,100.0
TN_VARDAH_2016_015012,TN_VARDAH_2016,TRUE,55.85559609212487,100.0
TN_VARDAH_2016_014979,TN_VARDAH_2016,TRUE,45.94436186108311,100.0
TN_VARDAH_2016_036732,TN_VARDAH_2016,TRUE,152.0308964833292,100.0
TN_VARDAH_2016_061418,TN_VARDAH_2016,TRUE,71.65366545608418,100.0
TN_VARDAH_2016_086168,TN_VARDAH_2016,TRUE,497.1417267801555,100.0
TN_VARDAH_2016_111109,TN_VARDAH_2016,TRUE,81.52297929242542,100.0
TN_VARDAH_2016_111263,TN_VARDAH_2016,TRUE,71.39821405364482,100.0
TN_VARDAH_2016_138710,TN_VARDAH_2016,TRUE,53.25301035788816,100.0
TN_VARDAH_2016_168503,TN_VARDAH_2016,TRUE,131.55710793195308,100.0
TN_VARDAH_2016_198191,TN_VARDAH_2016,TRUE,252.57739099844247,100.0
TN_VARDAH_2016_019904,TN_VARDAH_2016,TRUE,14.024615073868606,100.0
TN_VARDAH_2016_041766,TN_VARDAH_2016,TRUE,157.05948143069426,100.0
TN_VARDAH_2016_066403,TN_VARDAH_2016,TRUE,113.48014453215019,100.0
TN_VARDAH_2016_091150,TN_VARDAH_2016,TRUE,25.540101583593167,100.0
TN_VARDAH_2016_116040,TN_VARDAH_2016,TRUE,316.350057468556,100.0
TN_VARDAH_2016_143647,TN_VARDAH_2016,TRUE,61.24010019843665,100.0
TN_VARDAH_2016_173342,TN_VARDAH_2016,TRUE,65.75781955038319,100.0
TN_VARDAH_2016_203020,TN_VARDAH_2016,TRUE,178.18745429240712,100.0
TN_VARDAH_2016_092535,TN_VARDAH_2016,TRUE,44.68561795688301,100.0
TN_VARDAH_2016_116806,TN_VARDAH_2016,TRUE,359.55739664390836,100.0
TN_VARDAH_2016_117908,TN_VARDAH_2016,TRUE,136.87951785359874,100.0
TN_VARDAH_2016_173618,TN_VARDAH_2016,TRUE,23.639260857043595,100.0
TN_VARDAH_2016_203252,TN_VARDAH_2016,TRUE,107.92369455551368,100.0
TN_VARDAH_2016_122455,TN_VARDAH_2016,TRUE,179.32230767863834,100.0
TN_VARDAH_2016_153522,TN_VARDAH_2016,TRUE,81.21137061052698,100.0
TN_VARDAH_2016_206202,TN_VARDAH_2016,TRUE,80.12415819037228,100.0
TN_VARDAH_2016_000021,TN_VARDAH_2016,TRUE,11.83558456112473,100.0
TN_VARDAH_2016_000121,TN_VARDAH_2016,TRUE,50.827473568776796,100.0
TN_VARDAH_2016_021856,TN_VARDAH_2016,TRUE,135.85545885131648,78.26
TN_VARDAH_2016_046574,TN_VARDAH_2016,TRUE,70.11895232631188,100.0
TN_VARDAH_2016_071309,TN_VARDAH_2016,TRUE,54.10163469027823,100.0
TN_VARDAH_2016_096225,TN_VARDAH_2016,TRUE,55.206406299877244,100.0
TN_VARDAH_2016_096286,TN_VARDAH_2016,TRUE,6695.565090239809,100.0
TN_VARDAH_2016_123831,TN_VARDAH_2016,TRUE,157.76294831630702,100.0
TN_VARDAH_2016_153551,TN_VARDAH_2016,TRUE,48.457914768536554,100.0
TN_VARDAH_2016_183210,TN_VARDAH_2016,TRUE,21.744566348543827,100.0
TN_VARDAH_2016_000085,TN_VARDAH_2016,TRUE,123.49729986505051,100.0
TN_VARDAH_2016_021926,TN_VARDAH_2016,TRUE,170.6504453922875,100.0
TN_VARDAH_2016_046603,TN_VARDAH_2016,TRUE,84.97092008742673,100.0
TN_VARDAH_2016_071324,TN_VARDAH_2016,TRUE,35.3370074623574,100.0
TN_VARDAH_2016_077377,TN_VARDAH_2016,TRUE,43.154640456837235,100.0
TN_VARDAH_2016_096531,TN_VARDAH_2016,TRUE,28.337032633889514,100.0
TN_VARDAH_2016_123872,TN_VARDAH_2016,TRUE,77.02389317672001,100.0
TN_VARDAH_2016_153594,TN_VARDAH_2016,TRUE,101.63883418376844,100.0
TN_VARDAH_2016_183267,TN_VARDAH_2016,TRUE,105.09310649582508,100.0
TN_VARDAH_2016_005022,TN_VARDAH_2016,TRUE,31.96938292634427,100.0
TN_VARDAH_2016_005106,TN_VARDAH_2016,TRUE,37.44647444458434,100.0
TN_VARDAH_2016_026810,TN_VARDAH_2016,TRUE,169.9164877034625,100.0
TN_VARDAH_2016_051549,TN_VARDAH_2016,TRUE,216.48642931761523,100.0
TN_VARDAH_2016_076287,TN_VARDAH_2016,TRUE,429.6296897745177,100.0
TN_VARDAH_2016_128772,TN_VARDAH_2016,TRUE,41.672559445313055,100.0
TN_VARDAH_2016_158538,TN_VARDAH_2016,TRUE,54.391765003686494,100.0
TN_VARDAH_2016_188143,TN_VARDAH_2016,TRUE,99.87568193244128,100.0
TN_VARDAH_2016_009968,TN_VARDAH_2016,TRUE,46.41778019290642,100.0
TN_VARDAH_2016_010064,TN_VARDAH_2016,TRUE,180.7245340033329,100.0
TN_VARDAH_2016_056466,TN_VARDAH_2016,TRUE,30.301180999021465,100.0
TN_VARDAH_2016_081223,TN_VARDAH_2016,TRUE,27.015410035835586,100.0
TN_VARDAH_2016_106252,TN_VARDAH_2016,TRUE,15.152780519271506,100.0
TN_VARDAH_2016_133734,TN_VARDAH_2016,TRUE,19.0507437063615,100.0
TN_VARDAH_2016_163462,TN_VARDAH_2016,TRUE,56.98591618727167,100.0
TN_VARDAH_2016_193151,TN_VARDAH_2016,TRUE,70.90653690779969,100.0
TN_VARDAH_2016_010053,TN_VARDAH_2016,TRUE,33.82436155885533,100.0
TN_VARDAH_2016_010349,TN_VARDAH_2016,TRUE,22.998145776112864,100.0
TN_VARDAH_2016_031864,TN_VARDAH_2016,TRUE,8.995136951037004,100.0
TN_VARDAH_2016_056517,TN_VARDAH_2016,TRUE,32.656460048238635,100.0
TN_VARDAH_2016_081336,TN_VARDAH_2016,TRUE,15.025828049175217,100.0
TN_VARDAH_2016_106198,TN_VARDAH_2016,TRUE,59.043150377677264,100.0
TN_VARDAH_2016_106477,TN_VARDAH_2016,TRUE,56.906497948701194,100.0
TN_VARDAH_2016_163484,TN_VARDAH_2016,TRUE,56.46578223976255,100.0
TN_VARDAH_2016_193214,TN_VARDAH_2016,TRUE,110.65631989948756,100.0
TN_VARDAH_2016_015035,TN_VARDAH_2016,TRUE,517.5587873925869,100.0
TN_VARDAH_2016_014984,TN_VARDAH_2016,TRUE,86.03755392604872,100.0
TN_VARDAH_2016_036736,TN_VARDAH_2016,TRUE,262.0309306901678,100.0
TN_VARDAH_2016_061423,TN_VARDAH_2016,TRUE,145.48160505457764,100.0
TN_VARDAH_2016_086177,TN_VARDAH_2016,TRUE,109.80048057824982,100.0
TN_VARDAH_2016_111110,TN_VARDAH_2016,TRUE,171.4115648915261,100.0
TN_VARDAH_2016_111264,TN_VARDAH_2016,TRUE,56.19009467381831,100.0
TN_VARDAH_2016_138714,TN_VARDAH_2016,TRUE,70.5597755945,100.0
TN_VARDAH_2016_168511,TN_VARDAH_2016,TRUE,42.57074876767754,100.0
TN_VARDAH_2016_198258,TN_VARDAH_2016,TRUE,11.850118620557897,100.0
TN_VARDAH_2016_019905,TN_VARDAH_2016,TRUE,36.02366648697343,100.0
TN_VARDAH_2016_019956,TN_VARDAH_2016,TRUE,339.87582972195133,100.0
TN_VARDAH_2016_041767,TN_VARDAH_2016,TRUE,25.81897653323194,100.0
TN_VARDAH_2016_066410,TN_VARDAH_2016,TRUE,189.17127444378167,100.0
TN_VARDAH_2016_091154,TN_VARDAH_2016,TRUE,571.6550908721694,100.0
TN_VARDAH_2016_116042,TN_VARDAH_2016,TRUE,49.90468235565039,100.0
TN_GAJA_2018_000001,TN_GAJA_2018,TRUE,19.29493620265644,100.0
TN_GAJA_2018_000007,TN_GAJA_2018,TRUE,50.15770942922059,100.0
TN_GAJA_2018_006251,TN_GAJA_2018,TRUE,45.39974370475632,100.0
TN_GAJA_2018_010200,TN_GAJA_2018,TRUE,22.20090221270928,100.0
TN_GAJA_2018_016691,TN_GAJA_2018,TRUE,11.031389096539483,100.0
TN_GAJA_2018_033170,TN_GAJA_2018,TRUE,15.664570820601245,100.0
TN_GAJA_2018_033217,TN_GAJA_2018,TRUE,27.54571341751752,100.0
TN_GAJA_2018_046649,TN_GAJA_2018,TRUE,28.031297185843833,100.0
TN_GAJA_2018_054446,TN_GAJA_2018,TRUE,43.61062632661601,100.0
TN_GAJA_2018_063623,TN_GAJA_2018,TRUE,20.93600770198027,100.0
TN_GAJA_2018_000003,TN_GAJA_2018,TRUE,20.842447079894956,100.0
TN_GAJA_2018_006248,TN_GAJA_2018,TRUE,37.57690118485101,100.0
TN_GAJA_2018_006269,TN_GAJA_2018,TRUE,37.659805960708454,100.0
TN_GAJA_2018_010247,TN_GAJA_2018,TRUE,41.07559041048914,100.0
TN_GAJA_2018_016681,TN_GAJA_2018,TRUE,77.41539438945243,100.0
TN_GAJA_2018_016904,TN_GAJA_2018,TRUE,59.996211199280104,100.0
TN_GAJA_2018_033892,TN_GAJA_2018,TRUE,15.59574946790718,100.0
TN_GAJA_2018_046641,TN_GAJA_2018,TRUE,19.52487943621569,100.0
TN_GAJA_2018_054447,TN_GAJA_2018,TRUE,8.588354212599413,100.0
TN_GAJA_2018_063621,TN_GAJA_2018,TRUE,98.91790970171553,100.0
TN_GAJA_2018_001089,TN_GAJA_2018,TRUE,13.507570209914544,100.0
TN_GAJA_2018_001093,TN_GAJA_2018,TRUE,24.117673496583222,100.0
TN_GAJA_2018_011204,TN_GAJA_2018,TRUE,54.611277976411856,100.0
TN_GAJA_2018_017083,TN_GAJA_2018,TRUE,55.1913468703943,100.0
TN_GAJA_2018_034717,TN_GAJA_2018,TRUE,28.649336657967957,100.0
TN_GAJA_2018_034733,TN_GAJA_2018,TRUE,27.464416803182026,100.0
TN_GAJA_2018_047532,TN_GAJA_2018,TRUE,42.226252542619335,100.0
TN_GAJA_2018_054766,TN_GAJA_2018,TRUE,13.071705101192393,100.0
TN_GAJA_2018_064266,TN_GAJA_2018,TRUE,76.41737028982386,100.0
TN_GAJA_2018_001094,TN_GAJA_2018,TRUE,51.320263488855296,100.0
TN_GAJA_2018_001097,TN_GAJA_2018,TRUE,23.366383158195823,100.0
TN_GAJA_2018_006764,TN_GAJA_2018,TRUE,23.983884438302297,100.0
TN_GAJA_2018_011220,TN_GAJA_2018,TRUE,42.49128065035185,100.0
TN_GAJA_2018_017079,TN_GAJA_2018,TRUE,140.17250057833704,100.0
TN_GAJA_2018_020419,TN_GAJA_2018,TRUE,51.45117805396377,100.0
TN_GAJA_2018_034730,TN_GAJA_2018,TRUE,7.080887352175356,100.0
TN_GAJA_2018_047530,TN_GAJA_2018,TRUE,12.346266895266739,100.0
TN_GAJA_2018_054774,TN_GAJA_2018,TRUE,50.52648995168156,100.0
TN_GAJA_2018_064278,TN_GAJA_2018,TRUE,47.649514594882376,100.0
TN_GAJA_2018_002172,TN_GAJA_2018,TRUE,33.11482933849501,100.0
TN_GAJA_2018_002173,TN_GAJA_2018,TRUE,13.076644167903996,100.0
TN_GAJA_2018_007816,TN_GAJA_2018,TRUE,22.819914810429317,100.0
TN_GAJA_2018_012082,TN_GAJA_2018,TRUE,42.040749351085225,100.0
TN_GAJA_2018_019847,TN_GAJA_2018,TRUE,21.34072463428775,100.0
TN_GAJA_2018_036106,TN_GAJA_2018,TRUE,37.29517088199447,100.0
TN_GAJA_2018_048489,TN_GAJA_2018,TRUE,73.87961932977814,100.0
TN_GAJA_2018_048482,TN_GAJA_2018,TRUE,30.756732410049956,100.0
TN_GAJA_2018_065040,TN_GAJA_2018,TRUE,12.812925930523189,100.0
TN_GAJA_2018_002191,TN_GAJA_2018,TRUE,69.13166075287617,100.0
TN_GAJA_2018_008573,TN_GAJA_2018,TRUE,28.88784733600053,100.0
TN_GAJA_2018_012095,TN_GAJA_2018,TRUE,36.19643621444256,100.0
TN_GAJA_2018_036108,TN_GAJA_2018,TRUE,35.006348123447445,100.0
TN_GAJA_2018_037699,TN_GAJA_2018,TRUE,67.31096882300396,100.0
TN_GAJA_2018_048505,TN_GAJA_2018,TRUE,34.82583459044096,100.0
TN_GAJA_2018_055331,TN_GAJA_2018,TRUE,18.12789733592125,100.0
TN_GAJA_2018_065039,TN_GAJA_2018,TRUE,27.517687101537042,100.0
TN_GAJA_2018_003844,TN_GAJA_2018,TRUE,23.24347849554291,100.0
TN_GAJA_2018_003846,TN_GAJA_2018,TRUE,52.363277909214844,100.0
TN_GAJA_2018_008575,TN_GAJA_2018,TRUE,34.09226396070477,100.0
TN_GAJA_2018_013554,TN_GAJA_2018,TRUE,38.31565126715283,100.0
TN_GAJA_2018_023542,TN_GAJA_2018,TRUE,30.371384853642788,100.0
TN_GAJA_2018_037691,TN_GAJA_2018,TRUE,53.56133235566167,100.0
TN_GAJA_2018_037708,TN_GAJA_2018,TRUE,76.71350852434306,100.0
TN_GAJA_2018_049295,TN_GAJA_2018,TRUE,152.38845110081047,100.0
TN_GAJA_2018_056050,TN_GAJA_2018,TRUE,24.988333963695563,100.0
TN_GAJA_2018_066025,TN_GAJA_2018,TRUE,79.80331577500708,100.0
TN_GAJA_2018_005634,TN_GAJA_2018,TRUE,81.21803562572325,100.0
TN_GAJA_2018_005643,TN_GAJA_2018,TRUE,54.56679185129327,100.0
TN_GAJA_2018_009842,TN_GAJA_2018,TRUE,13.810921044753444,100.0
TN_GAJA_2018_014523,TN_GAJA_2018,TRUE,38.777906030967166,100.0
TN_GAJA_2018_028483,TN_GAJA_2018,TRUE,67.76411482713311,100.0
TN_GAJA_2018_042652,TN_GAJA_2018,TRUE,22.29018374426022,100.0
TN_GAJA_2018_042656,TN_GAJA_2018,TRUE,83.08710021186198,100.0
TN_GAJA_2018_052775,TN_GAJA_2018,TRUE,15.42070102751968,100.0
TN_GAJA_2018_061038,TN_GAJA_2018,TRUE,16.78732291772996,100.0
TN_GAJA_2018_068999,TN_GAJA_2018,TRUE,523.2921447269231,100.0
TN_GAJA_2018_069438,TN_GAJA_2018,TRUE,26.571041123403575,100.0
TN_GAJA_2018_069641,TN_GAJA_2018,TRUE,6.249403324271995,100.0
TN_GAJA_2018_010198,TN_GAJA_2018,TRUE,26.54188765458744,100.0
TN_GAJA_2018_016678,TN_GAJA_2018,TRUE,16.736104509739494,100.0
TN_GAJA_2018_000012,TN_GAJA_2018,TRUE,38.64364538189795,100.0
TN_GAJA_2018_006253,TN_GAJA_2018,TRUE,10.600239118880337,100.0
TN_GAJA_2018_010207,TN_GAJA_2018,TRUE,24.312001411787637,100.0
TN_GAJA_2018_016694,TN_GAJA_2018,TRUE,9.843041966928592,100.0
TN_GAJA_2018_033171,TN_GAJA_2018,TRUE,43.19657427257441,100.0
TN_GAJA_2018_033263,TN_GAJA_2018,TRUE,29.19032614230361,100.0
TN_GAJA_2018_046657,TN_GAJA_2018,TRUE,18.540968575081624,100.0
TN_GAJA_2018_054451,TN_GAJA_2018,TRUE,28.91315546319168,100.0
TN_GAJA_2018_063630,TN_GAJA_2018,TRUE,16.74205327558215,100.0
TN_GAJA_2018_000036,TN_GAJA_2018,TRUE,64.98665560111229,100.0
TN_GAJA_2018_006249,TN_GAJA_2018,TRUE,37.38638122965016,100.0
TN_GAJA_2018_006275,TN_GAJA_2018,TRUE,19.48905559972517,100.0
TN_GAJA_2018_010267,TN_GAJA_2018,TRUE,82.07104898509276,100.0
TN_GAJA_2018_016682,TN_GAJA_2018,TRUE,47.16004633736267,100.0
TN_GAJA_2018_033172,TN_GAJA_2018,TRUE,107.72495939588757,100.0
TN_GAJA_2018_034312,TN_GAJA_2018,TRUE,15.193835003964342,100.0
TN_GAJA_2018_046651,TN_GAJA_2018,TRUE,75.92129056322561,100.0
TN_GAJA_2018_054448,TN_GAJA_2018,TRUE,99.98153619926919,100.0
TN_GAJA_2018_063626,TN_GAJA_2018,TRUE,46.58311525282583,100.0
TN_GAJA_2018_001090,TN_GAJA_2018,TRUE,23.439027976651136,100.0
TN_GAJA_2018_001108,TN_GAJA_2018,TRUE,35.239195075398165,100.0
TN_GAJA_2018_006768,TN_GAJA_2018,TRUE,37.81885302132095,100.0
TN_GAJA_2018_011206,TN_GAJA_2018,TRUE,78.5890010517597,100.0
TN_GAJA_2018_017089,TN_GAJA_2018,TRUE,27.456774182078668,100.0
TN_GAJA_2018_034718,TN_GAJA_2018,TRUE,11.45381278194845,100.0
TN_GAJA_2018_034825,TN_GAJA_2018,TRUE,20.154672256376973,100.0
TN_GAJA_2018_047535,TN_GAJA_2018,TRUE,23.448222235468553,100.0
TN_GAJA_2018_054767,TN_GAJA_2018,TRUE,13.85146812269576,100.0
TN_GAJA_2018_064267,TN_GAJA_2018,TRUE,16.79731493524923,100.0
TN_GAJA_2018_001099,TN_GAJA_2018,TRUE,62.98761113372172,100.0
TN_GAJA_2018_001117,TN_GAJA_2018,TRUE,69.19072346920825,100.0
TN_GAJA_2018_006770,TN_GAJA_2018,TRUE,18.454127711246162,100.0
TN_GAJA_2018_011221,TN_GAJA_2018,TRUE,31.792218853363504,100.0
TN_GAJA_2018_023237,TN_GAJA_2018,TRUE,122.49023703090592,100.0
TN_GAJA_2018_034739,TN_GAJA_2018,TRUE,60.26929461131362,100.0
TN_GAJA_2018_047538,TN_GAJA_2018,TRUE,63.85251734170889,100.0
TN_GAJA_2018_054784,TN_GAJA_2018,TRUE,93.13630892646017,100.0
TN_GAJA_2018_064286,TN_GAJA_2018,TRUE,30.31951833849143,100.0
TN_GAJA_2018_002181,TN_GAJA_2018,TRUE,26.87063449216357,100.0
TN_GAJA_2018_002178,TN_GAJA_2018,TRUE,14.549977690671684,100.0
TN_GAJA_2018_007817,TN_GAJA_2018,TRUE,48.224380966596925,100.0
TN_GAJA_2018_012085,TN_GAJA_2018,TRUE,121.16503150980691,100.0
TN_GAJA_2018_019849,TN_GAJA_2018,TRUE,78.37520821434231,100.0
TN_GAJA_2018_036107,TN_GAJA_2018,TRUE,33.108229047836964,100.0
TN_GAJA_2018_048490,TN_GAJA_2018,TRUE,27.669597302873637,100.0
TN_GAJA_2018_048485,TN_GAJA_2018,TRUE,10.507496889467394,100.0
TN_GAJA_2018_055297,TN_GAJA_2018,TRUE,17.73109331925891,100.0
TN_GAJA_2018_065044,TN_GAJA_2018,TRUE,10.481994950911332,100.0
TN_GAJA_2018_002210,TN_GAJA_2018,TRUE,36.30001047532839,100.0
TN_GAJA_2018_002198,TN_GAJA_2018,TRUE,16.37565085763061,100.0
TN_GAJA_2018_008577,TN_GAJA_2018,TRUE,15.003074782172352,100.0
TN_GAJA_2018_012107,TN_GAJA_2018,TRUE,40.81469848738975,100.0
TN_GAJA_2018_019856,TN_GAJA_2018,TRUE,24.28630773140877,100.0
TN_GAJA_2018_036111,TN_GAJA_2018,TRUE,31.45498281291436,100.0
TN_GAJA_2018_037725,TN_GAJA_2018,TRUE,42.80864583434369,100.0
TN_GAJA_2018_048513,TN_GAJA_2018,TRUE,22.893749191003028,100.0
TN_GAJA_2018_055398,TN_GAJA_2018,TRUE,168.4512458370457,100.0
TN_GAJA_2018_065054,TN_GAJA_2018,TRUE,25.642058476220214,100.0
TN_GAJA_2018_003845,TN_GAJA_2018,TRUE,88.95684839606315,100.0
TN_GAJA_2018_003848,TN_GAJA_2018,TRUE,100.8461925469654,100.0
TN_GAJA_2018_008576,TN_GAJA_2018,TRUE,114.63552697662722,100.0
TN_GAJA_2018_013568,TN_GAJA_2018,TRUE,65.89483531703897,100.0
TN_GAJA_2018_023543,TN_GAJA_2018,TRUE,98.37752628508191,100.0
TN_GAJA_2018_037692,TN_GAJA_2018,TRUE,12.41853185638115,100.0
TN_GAJA_2018_037714,TN_GAJA_2018,TRUE,59.79849219317295,100.0
TN_GAJA_2018_049298,TN_GAJA_2018,TRUE,59.11783032304059,100.0
TN_GAJA_2018_056051,TN_GAJA_2018,TRUE,118.14419336848569,100.0
TN_GAJA_2018_066026,TN_GAJA_2018,TRUE,35.903078582361324,100.0
TN_GAJA_2018_005635,TN_GAJA_2018,TRUE,43.91368504607895,100.0
TN_GAJA_2018_005657,TN_GAJA_2018,TRUE,35.00831027130206,100.0
TN_GAJA_2018_009850,TN_GAJA_2018,TRUE,41.426897318498554,100.0
TN_GAJA_2018_014524,TN_GAJA_2018,TRUE,14.145510344471738,100.0
TN_GAJA_2018_028484,TN_GAJA_2018,TRUE,329.12264618447216,100.0
TN_GAJA_2018_042653,TN_GAJA_2018,TRUE,10.58758060188769,100.0
TN_GAJA_2018_042682,TN_GAJA_2018,TRUE,80.47025847617277,100.0
TN_GAJA_2018_052776,TN_GAJA_2018,TRUE,28.097437967378,100.0
TN_GAJA_2018_061039,TN_GAJA_2018,TRUE,44.25901998707176,100.0
TN_GAJA_2018_069008,TN_GAJA_2018,TRUE,22.134043850344085,100.0
TN_GAJA_2018_069642,TN_GAJA_2018,TRUE,152.12400627237182,100.0
TN_GAJA_2018_016679,TN_GAJA_2018,TRUE,28.999614378279972,100.0
TN_GAJA_2018_000004,TN_GAJA_2018,TRUE,29.29190171417891,100.0
TN_GAJA_2018_006255,TN_GAJA_2018,TRUE,25.298247653903296,100.0
TN_GAJA_2018_010209,TN_GAJA_2018,TRUE,12.976795537393128,100.0
TN_GAJA_2018_016695,TN_GAJA_2018,TRUE,182.226285349084,100.0
TN_GAJA_2018_033173,TN_GAJA_2018,TRUE,10.82483993023812,100.0
TN_GAJA_2018_033353,TN_GAJA_2018,TRUE,14.13128842419442,100.0
TN_GAJA_2018_046664,TN_GAJA_2018,TRUE,64.9595315925581,100.0
TN_GAJA_2018_054452,TN_GAJA_2018,TRUE,30.728548331202973,100.0
TN_GAJA_2018_063631,TN_GAJA_2018,TRUE,39.80917600941057,100.0
TN_GAJA_2018_000047,TN_GAJA_2018,TRUE,30.88834871710218,100.0
TN_GAJA_2018_006250,TN_GAJA_2018,TRUE,69.74026267906544,100.0
TN_GAJA_2018_006285,TN_GAJA_2018,TRUE,18.601942709790755,100.0
TN_GAJA_2018_010270,TN_GAJA_2018,TRUE,14.390204187741896,100.0
TN_GAJA_2018_016696,TN_GAJA_2018,TRUE,22.65558973752274,100.0
TN_GAJA_2018_033174,TN_GAJA_2018,TRUE,20.54531362792863,100.0
TN_GAJA_2018_046646,TN_GAJA_2018,TRUE,12.655387138702075,100.0
TN_GAJA_2018_046653,TN_GAJA_2018,TRUE,13.0465751376831,100.0
TN_GAJA_2018_054449,TN_GAJA_2018,TRUE,155.84099620115808,100.0
TN_GAJA_2018_063627,TN_GAJA_2018,TRUE,11.649853844069291,100.0
TN_GAJA_2018_001091,TN_GAJA_2018,TRUE,65.98314323321635,100.0
TN_GAJA_2018_001115,TN_GAJA_2018,TRUE,74.64186179257484,100.0
TN_GAJA_2018_006769,TN_GAJA_2018,TRUE,267.3214829651499,100.0
TN_GAJA_2018_011211,TN_GAJA_2018,TRUE,57.661748808081335,100.0
TN_GAJA_2018_017095,TN_GAJA_2018,TRUE,58.25372043269547,100.0
TN_GAJA_2018_034827,TN_GAJA_2018,TRUE,14.296199877147888,100.0
TN_GAJA_2018_047536,TN_GAJA_2018,TRUE,37.992763480345715,100.0
TN_GAJA_2018_054768,TN_GAJA_2018,TRUE,55.05317169012351,100.0
TN_GAJA_2018_064271,TN_GAJA_2018,TRUE,120.48409589658421,100.0
TN_GAJA_2018_001101,TN_GAJA_2018,TRUE,76.82796383636804,100.0
TN_GAJA_2018_001159,TN_GAJA_2018,TRUE,120.04751317102546,100.0
TN_GAJA_2018_006772,TN_GAJA_2018,TRUE,18.815386349854528,100.0
TN_GAJA_2018_011225,TN_GAJA_2018,TRUE,8.714631196089554,100.0
TN_GAJA_2018_017082,TN_GAJA_2018,TRUE,80.59225602037354,100.0
TN_GAJA_2018_034724,TN_GAJA_2018,TRUE,16.973973586624385,100.0
TN_GAJA_2018_034782,TN_GAJA_2018,TRUE,90.23759618385778,100.0
TN_GAJA_2018_047540,TN_GAJA_2018,TRUE,34.33863985869074,100.0
TN_GAJA_2018_054799,TN_GAJA_2018,TRUE,1044.873497943153,100.0
TN_GAJA_2018_064293,TN_GAJA_2018,TRUE,26.00562092187071,100.0
TN_GAJA_2018_002196,TN_GAJA_2018,TRUE,19.42475134277059,100.0
TN_GAJA_2018_007818,TN_GAJA_2018,TRUE,77.51263559819739,100.0
TN_GAJA_2018_012087,TN_GAJA_2018,TRUE,34.89905269249985,100.0
TN_GAJA_2018_019850,TN_GAJA_2018,TRUE,28.523513498500968,100.0
TN_GAJA_2018_036109,TN_GAJA_2018,TRUE,53.89701150793717,100.0
TN_GAJA_2018_048494,TN_GAJA_2018,TRUE,45.00508373810452,100.0
TN_GAJA_2018_048486,TN_GAJA_2018,TRUE,30.762801783691682,100.0
TN_GAJA_2018_055300,TN_GAJA_2018,TRUE,503.2449508702815,100.0
TN_GAJA_2018_065045,TN_GAJA_2018,TRUE,40.743647486268,100.0
TN_GAJA_2018_002248,TN_GAJA_2018,TRUE,23.135058846343,100.0
TN_GAJA_2018_002215,TN_GAJA_2018,TRUE,23.952987954097285,100.0
TN_GAJA_2018_008579,TN_GAJA_2018,TRUE,71.19950370681929,100.0
TN_GAJA_2018_012114,TN_GAJA_2018,TRUE,36.656890700498536,100.0
TN_GAJA_2018_019860,TN_GAJA_2018,TRUE,17.964276023231115,100.0
TN_GAJA_2018_036114,TN_GAJA_2018,TRUE,29.773634921198514,100.0
TN_GAJA_2018_037747,TN_GAJA_2018,TRUE,51.3218458202151,100.0
TN_GAJA_2018_048528,TN_GAJA_2018,TRUE,20.75486552132252,100.0
TN_GAJA_2018_055432,TN_GAJA_2018,TRUE,70.02148527020793,100.0
TN_GAJA_2018_065056,TN_GAJA_2018,TRUE,26.185412467097958,100.0
TN_GAJA_2018_003849,TN_GAJA_2018,TRUE,34.02605357631126,100.0
TN_GAJA_2018_003852,TN_GAJA_2018,TRUE,36.74799544545313,100.0
TN_GAJA_2018_008578,TN_GAJA_2018,TRUE,29.189815517237914,100.0
TN_GAJA_2018_013588,TN_GAJA_2018,TRUE,92.25377258848029,100.0
TN_GAJA_2018_023544,TN_GAJA_2018,TRUE,114.44042050679215,100.0
TN_GAJA_2018_037693,TN_GAJA_2018,TRUE,17.506128261897004,100.0
TN_GAJA_2018_037723,TN_GAJA_2018,TRUE,36.99450062935708,100.0
TN_GAJA_2018_049305,TN_GAJA_2018,TRUE,45.32537246819912,100.0
TN_GAJA_2018_056052,TN_GAJA_2018,TRUE,71.1390103077097,100.0
TN_GAJA_2018_066027,TN_GAJA_2018,TRUE,75.11477966092312,100.0
TN_GAJA_2018_005638,TN_GAJA_2018,TRUE,23.345971895937645,100.0
TN_GAJA_2018_005665,TN_GAJA_2018,TRUE,18.210582128965335,100.0
TN_GAJA_2018_009851,TN_GAJA_2018,TRUE,6.072179384655468,100.0
TN_GAJA_2018_014525,TN_GAJA_2018,TRUE,34.20114713054218,100.0
TN_GAJA_2018_028486,TN_GAJA_2018,TRUE,79.01494926230832,100.0
TN_GAJA_2018_042657,TN_GAJA_2018,TRUE,45.65340479149413,100.0
TN_GAJA_2018_042683,TN_GAJA_2018,TRUE,69.08607547074385,100.0
TN_GAJA_2018_052784,TN_GAJA_2018,TRUE,63.680509230896774,100.0
TN_GAJA_2018_061040,TN_GAJA_2018,TRUE,29.867821385990965,100.0
TN_GAJA_2018_069009,TN_GAJA_2018,TRUE,465.04902216819494,100.0
TN_GAJA_2018_033169,TN_GAJA_2018,TRUE,44.78516973086746,100.0
TN_GAJA_2018_000005,TN_GAJA_2018,TRUE,95.2333443142756,100.0
TN_GAJA_2018_000022,TN_GAJA_2018,TRUE,16.6154858937264,100.0
TN_GAJA_2018_006257,TN_GAJA_2018,TRUE,70.8907135782691,100.0
TN_GAJA_2018_010214,TN_GAJA_2018,TRUE,42.28039147708666,100.0
TN_GAJA_2018_016697,TN_GAJA_2018,TRUE,30.496719019548124,100.0
TN_GAJA_2018_033180,TN_GAJA_2018,TRUE,23.772294607589117,100.0
TN_GAJA_2018_033395,TN_GAJA_2018,TRUE,43.75857462638222,100.0
TN_GAJA_2018_046671,TN_GAJA_2018,TRUE,27.769211244723536,100.0
TN_GAJA_2018_054459,TN_GAJA_2018,TRUE,17.657196629775854,100.0
TN_GAJA_2018_063632,TN_GAJA_2018,TRUE,31.974356419342982,100.0
TN_GAJA_2018_000048,TN_GAJA_2018,TRUE,95.41434143754884,100.0
TN_GAJA_2018_006252,TN_GAJA_2018,TRUE,45.12137372706936,100.0
TN_GAJA_2018_006307,TN_GAJA_2018,TRUE,31.185979871776077,100.0
TN_GAJA_2018_010281,TN_GAJA_2018,TRUE,39.26740306205326,100.0
TN_GAJA_2018_016698,TN_GAJA_2018,TRUE,16.898748982488982,100.0
TN_GAJA_2018_033175,TN_GAJA_2018,TRUE,179.48876809124866,100.0
TN_GAJA_2018_046650,TN_GAJA_2018,TRUE,44.386697837987555,100.0
TN_GAJA_2018_046655,TN_GAJA_2018,TRUE,66.90915294651472,100.0
TN_GAJA_2018_063628,TN_GAJA_2018,TRUE,25.437337774136534,100.0
TN_GAJA_2018_001092,TN_GAJA_2018,TRUE,123.46843735896624,100.0
TN_GAJA_2018_001122,TN_GAJA_2018,TRUE,22.46428062064304,100.0
TN_GAJA_2018_006776,TN_GAJA_2018,TRUE,19.154472348270495,100.0
TN_GAJA_2018_011222,TN_GAJA_2018,TRUE,97.31632417177633,100.0
TN_GAJA_2018_017097,TN_GAJA_2018,TRUE,60.395758332877186,100.0
TN_GAJA_2018_034720,TN_GAJA_2018,TRUE,55.612743693391074,100.0
TN_GAJA_2018_034832,TN_GAJA_2018,TRUE,84.26004054958996,100.0
TN_GAJA_2018_047537,TN_GAJA_2018,TRUE,70.9229022741575,100.0
TN_GAJA_2018_054769,TN_GAJA_2018,TRUE,28.643221536544317,100.0
TN_GAJA_2018_064274,TN_GAJA_2018,TRUE,11.27689192879844,100.0
TN_GAJA_2018_001102,TN_GAJA_2018,TRUE,24.629956827736425,100.0
TN_GAJA_2018_001165,TN_GAJA_2018,TRUE,29.633565518540046,100.0
TN_GAJA_2018_006773,TN_GAJA_2018,TRUE,12.39838334808297,100.0
TN_GAJA_2018_011233,TN_GAJA_2018,TRUE,10.468523569126281,100.0
TN_GAJA_2018_017084,TN_GAJA_2018,TRUE,58.45316032610321,100.0
TN_GAJA_2018_034726,TN_GAJA_2018,TRUE,28.90825010276585,100.0
TN_GAJA_2018_034806,TN_GAJA_2018,TRUE,47.95885950324005,100.0
TN_GAJA_2018_047560,TN_GAJA_2018,TRUE,26.8707185790449,100.0
TN_GAJA_2018_054807,TN_GAJA_2018,TRUE,278.27732784401877,100.0
TN_GAJA_2018_064323,TN_GAJA_2018,TRUE,20.56363394131612,100.0
TN_GAJA_2018_002186,TN_GAJA_2018,TRUE,52.69988863493669,100.0
TN_GAJA_2018_002235,TN_GAJA_2018,TRUE,86.0523799518121,100.0
TN_GAJA_2018_007819,TN_GAJA_2018,TRUE,36.71825400162995,100.0
TN_GAJA_2018_012088,TN_GAJA_2018,TRUE,33.152446228129115,100.0
TN_GAJA_2018_019851,TN_GAJA_2018,TRUE,43.76388829689337,100.0
TN_GAJA_2018_036110,TN_GAJA_2018,TRUE,45.32553179705092,100.0
TN_GAJA_2018_048496,TN_GAJA_2018,TRUE,16.57378505970801,100.0
TN_GAJA_2018_048491,TN_GAJA_2018,TRUE,50.86903904036067,100.0
TN_GAJA_2018_055301,TN_GAJA_2018,TRUE,41.04452528280727,100.0
TN_GAJA_2018_065049,TN_GAJA_2018,TRUE,14.366450852333159,100.0
TN_GAJA_2018_002275,TN_GAJA_2018,TRUE,22.683442615040608,100.0
TN_GAJA_2018_002241,TN_GAJA_2018,TRUE,41.19739470700662,100.0
TN_GAJA_2018_008583,TN_GAJA_2018,TRUE,14.004312048723925,100.0
TN_GAJA_2018_012136,TN_GAJA_2018,TRUE,7.181743212880141,100.0
TN_GAJA_2018_019866,TN_GAJA_2018,TRUE,11.086148730045837,100.0
TN_GAJA_2018_036115,TN_GAJA_2018,TRUE,37.88706744572025,100.0
TN_GAJA_2018_037796,TN_GAJA_2018,TRUE,39.36213589068158,100.0
TN_GAJA_2018_048534,TN_GAJA_2018,TRUE,21.352945915537884,100.0
TN_GAJA_2018_055454,TN_GAJA_2018,TRUE,39.50502210137914,100.0
TN_GAJA_2018_065065,TN_GAJA_2018,TRUE,43.189475289661274,100.0
TN_GAJA_2018_003850,TN_GAJA_2018,TRUE,162.6762176531363,100.0
TN_GAJA_2018_003854,TN_GAJA_2018,TRUE,18.354016272468805,100.0
TN_GAJA_2018_013609,TN_GAJA_2018,TRUE,13.479579488485353,100.0
TN_GAJA_2018_023547,TN_GAJA_2018,TRUE,89.6961593931083,100.0
TN_GAJA_2018_037694,TN_GAJA_2018,TRUE,30.16805269784941,100.0
TN_GAJA_2018_037730,TN_GAJA_2018,TRUE,11.591336186573848,100.0
TN_GAJA_2018_049312,TN_GAJA_2018,TRUE,100.3107556302177,100.0
TN_GAJA_2018_056053,TN_GAJA_2018,TRUE,21.111817271888597,100.0
TN_GAJA_2018_066029,TN_GAJA_2018,TRUE,172.5362520958061,100.0
TN_GAJA_2018_005648,TN_GAJA_2018,TRUE,55.863660396440196,100.0
TN_GAJA_2018_005668,TN_GAJA_2018,TRUE,25.465606049479668,100.0
TN_GAJA_2018_009877,TN_GAJA_2018,TRUE,10.216762195661854,100.0
TN_GAJA_2018_014527,TN_GAJA_2018,TRUE,7.093688946123188,100.0
TN_GAJA_2018_028487,TN_GAJA_2018,TRUE,133.01030249494414,100.0
TN_GAJA_2018_042658,TN_GAJA_2018,TRUE,94.2004091644973,100.0
TN_GAJA_2018_042699,TN_GAJA_2018,TRUE,81.65007860683326,100.0
TN_GAJA_2018_052785,TN_GAJA_2018,TRUE,363.2808082716225,100.0
TN_GAJA_2018_061041,TN_GAJA_2018,TRUE,41.57407868701602,100.0
TN_GAJA_2018_069015,TN_GAJA_2018,TRUE,55.67876498722646,100.0
TN_GAJA_2018_000006,TN_GAJA_2018,TRUE,10.513857620260659,100.0
TN_GAJA_2018_000026,TN_GAJA_2018,TRUE,16.236680502490415,100.0
TN_GAJA_2018_006258,TN_GAJA_2018,TRUE,21.3699996154437,100.0
TN_GAJA_2018_010221,TN_GAJA_2018,TRUE,26.748729794316898,100.0
TN_GAJA_2018_016699,TN_GAJA_2018,TRUE,63.558752698432684,100.0
TN_GAJA_2018_033181,TN_GAJA_2018,TRUE,12.887969151951232,100.0
TN_GAJA_2018_033399,TN_GAJA_2018,TRUE,21.542329261479445,100.0
TN_GAJA_2018_046675,TN_GAJA_2018,TRUE,24.201617535524868,100.0
TN_GAJA_2018_054464,TN_GAJA_2018,TRUE,49.21718565952112,100.0
TN_GAJA_2018_063635,TN_GAJA_2018,TRUE,84.13919343132471,100.0
TN_GAJA_2018_000050,TN_GAJA_2018,TRUE,18.86634718360054,100.0
TN_GAJA_2018_006256,TN_GAJA_2018,TRUE,18.63219038922466,100.0
TN_GAJA_2018_006320,TN_GAJA_2018,TRUE,26.075863910297933,100.0
TN_GAJA_2018_010285,TN_GAJA_2018,TRUE,8.232082336086183,100.0
TN_GAJA_2018_016700,TN_GAJA_2018,TRUE,50.69654393768718,100.0
TN_GAJA_2018_033176,TN_GAJA_2018,TRUE,71.89549484721576,100.0
TN_GAJA_2018_046656,TN_GAJA_2018,TRUE,61.894894069473985,100.0
TN_GAJA_2018_046660,TN_GAJA_2018,TRUE,49.31998260561039,100.0
TN_GAJA_2018_054453,TN_GAJA_2018,TRUE,27.587584812739234,100.0
TN_GAJA_2018_063638,TN_GAJA_2018,TRUE,25.972988368271658,100.0
TN_GAJA_2018_001095,TN_GAJA_2018,TRUE,67.06362190944076,100.0
TN_GAJA_2018_001127,TN_GAJA_2018,TRUE,26.994037651172583,100.0
TN_GAJA_2018_006778,TN_GAJA_2018,TRUE,111.16328242823565,100.0
TN_GAJA_2018_011226,TN_GAJA_2018,TRUE,16.297360658869348,100.0
TN_GAJA_2018_017099,TN_GAJA_2018,TRUE,40.50007144635076,100.0
TN_GAJA_2018_034721,TN_GAJA_2018,TRUE,33.810902731094075,100.0
TN_GAJA_2018_034962,TN_GAJA_2018,TRUE,91.82028412513603,100.0
TN_GAJA_2018_047544,TN_GAJA_2018,TRUE,32.67978434061656,100.0
TN_GAJA_2018_054770,TN_GAJA_2018,TRUE,16.498811360840413,100.0
TN_GAJA_2018_064275,TN_GAJA_2018,TRUE,37.27986474739615,100.0
TN_GAJA_2018_001104,TN_GAJA_2018,TRUE,57.39357074353795,100.0
TN_GAJA_2018_001200,TN_GAJA_2018,TRUE,17.162498893690714,100.0
TN_GAJA_2018_006775,TN_GAJA_2018,TRUE,7.431409650034081,100.0
TN_GAJA_2018_011237,TN_GAJA_2018,TRUE,39.381550337950856,100.0
TN_GAJA_2018_017086,TN_GAJA_2018,TRUE,48.640308377987196,100.0
TN_GAJA_2018_034732,TN_GAJA_2018,TRUE,24.63461811336726,100.0
TN_GAJA_2018_034813,TN_GAJA_2018,TRUE,15.654814154064763,100.0
TN_GAJA_2018_047575,TN_GAJA_2018,TRUE,45.18492394981783,100.0
TN_GAJA_2018_054824,TN_GAJA_2018,TRUE,44.898094437832995,100.0
TN_GAJA_2018_064336,TN_GAJA_2018,TRUE,83.82726322986878,100.0
TN_GAJA_2018_002190,TN_GAJA_2018,TRUE,66.33958229481604,100.0
TN_GAJA_2018_002244,TN_GAJA_2018,TRUE,33.15234451504735,100.0
TN_GAJA_2018_007821,TN_GAJA_2018,TRUE,50.534067910792714,100.0
TN_GAJA_2018_012089,TN_GAJA_2018,TRUE,24.35760749118456,100.0
TN_GAJA_2018_019853,TN_GAJA_2018,TRUE,33.13231605870611,100.0
TN_GAJA_2018_036112,TN_GAJA_2018,TRUE,26.066339104622486,100.0
TN_GAJA_2018_048497,TN_GAJA_2018,TRUE,21.23667622408753,100.0
TN_GAJA_2018_048492,TN_GAJA_2018,TRUE,30.939883003434275,100.0
TN_GAJA_2018_055302,TN_GAJA_2018,TRUE,32.7652130283427,100.0
TN_GAJA_2018_065051,TN_GAJA_2018,TRUE,16.403619127932345,100.0
TN_GAJA_2018_002344,TN_GAJA_2018,TRUE,41.80655924109911,100.0
TN_GAJA_2018_002245,TN_GAJA_2018,TRUE,80.62731499575591,100.0
TN_GAJA_2018_008588,TN_GAJA_2018,TRUE,22.16741964993834,100.0
TN_GAJA_2018_012138,TN_GAJA_2018,TRUE,21.934232435829408,100.0
TN_GAJA_2018_019875,TN_GAJA_2018,TRUE,29.217380664041663,100.0
TN_GAJA_2018_036118,TN_GAJA_2018,TRUE,102.57875914503873,100.0
TN_GAJA_2018_037849,TN_GAJA_2018,TRUE,107.54326977919617,100.0
TN_GAJA_2018_055458,TN_GAJA_2018,TRUE,86.53218149143572,100.0
TN_GAJA_2018_065070,TN_GAJA_2018,TRUE,100.44230790439987,100.0
TN_GAJA_2018_003851,TN_GAJA_2018,TRUE,26.345596730038043,100.0
TN_GAJA_2018_003858,TN_GAJA_2018,TRUE,58.54794094398383,100.0
TN_GAJA_2018_008585,TN_GAJA_2018,TRUE,11.067762174722699,100.0
TN_GAJA_2018_013626,TN_GAJA_2018,TRUE,48.51642276470554,100.0
TN_GAJA_2018_023549,TN_GAJA_2018,TRUE,70.34918317485361,100.0
TN_GAJA_2018_037697,TN_GAJA_2018,TRUE,47.34126201560054,100.0
TN_GAJA_2018_037731,TN_GAJA_2018,TRUE,13.321556389546014,100.0
TN_GAJA_2018_049313,TN_GAJA_2018,TRUE,32.30316086192172,100.0
TN_GAJA_2018_066033,TN_GAJA_2018,TRUE,36.13284241671178,100.0
TN_GAJA_2018_005649,TN_GAJA_2018,TRUE,12.110935535041573,100.0
TN_GAJA_2018_005669,TN_GAJA_2018,TRUE,105.52403120531777,100.0
TN_GAJA_2018_009904,TN_GAJA_2018,TRUE,19.349427774878937,100.0
TN_GAJA_2018_014530,TN_GAJA_2018,TRUE,62.59135325423626,100.0
TN_GAJA_2018_028488,TN_GAJA_2018,TRUE,60.15444516012175,100.0
TN_GAJA_2018_042659,TN_GAJA_2018,TRUE,128.1328965704166,100.0
TN_GAJA_2018_042713,TN_GAJA_2018,TRUE,40.75153063727351,100.0
TN_GAJA_2018_052789,TN_GAJA_2018,TRUE,29.558903912937673,100.0
TN_GAJA_2018_061042,TN_GAJA_2018,TRUE,32.430355474426364,100.0
TN_GAJA_2018_069019,TN_GAJA_2018,TRUE,23.131156209287617,100.0
TN_GAJA_2018_000008,TN_GAJA_2018,TRUE,32.99016198096061,100.0
TN_GAJA_2018_000039,TN_GAJA_2018,TRUE,32.150733784340716,100.0
TN_GAJA_2018_006261,TN_GAJA_2018,TRUE,16.709146121295706,100.0
TN_GAJA_2018_010223,TN_GAJA_2018,TRUE,11.96283562860732,100.0
TN_GAJA_2018_016701,TN_GAJA_2018,TRUE,15.519835840089787,100.0
TN_GAJA_2018_033183,TN_GAJA_2018,TRUE,60.38072528732428,100.0
TN_GAJA_2018_033407,TN_GAJA_2018,TRUE,53.00345971966333,100.0
TN_GAJA_2018_046680,TN_GAJA_2018,TRUE,42.99767857932059,100.0
TN_GAJA_2018_054465,TN_GAJA_2018,TRUE,52.266673033437854,100.0
TN_GAJA_2018_063647,TN_GAJA_2018,TRUE,42.128937093809355,100.0
TN_GAJA_2018_000051,TN_GAJA_2018,TRUE,71.26796273045193,100.0
TN_GAJA_2018_006260,TN_GAJA_2018,TRUE,46.82850049841291,100.0
TN_GAJA_2018_006321,TN_GAJA_2018,TRUE,34.695902242452895,100.0
TN_GAJA_2018_010289,TN_GAJA_2018,TRUE,42.726700406446945,100.0
TN_GAJA_2018_016702,TN_GAJA_2018,TRUE,19.553711430791697,100.0
TN_GAJA_2018_033177,TN_GAJA_2018,TRUE,90.5049943406535,100.0
TN_GAJA_2018_046662,TN_GAJA_2018,TRUE,99.87853933176527,100.0
TN_GAJA_2018_046661,TN_GAJA_2018,TRUE,31.230782298602765,100.0
TN_GAJA_2018_054454,TN_GAJA_2018,TRUE,61.5720185273337,100.0
TN_GAJA_2018_063640,TN_GAJA_2018,TRUE,22.980565248504845,100.0
TN_GAJA_2018_001098,TN_GAJA_2018,TRUE,67.70706686754036,100.0
TN_GAJA_2018_006779,TN_GAJA_2018,TRUE,19.258837369606763,100.0
TN_GAJA_2018_011228,TN_GAJA_2018,TRUE,62.790970144362745,100.0
TN_GAJA_2018_017101,TN_GAJA_2018,TRUE,210.7656961972923,100.0
TN_GAJA_2018_034722,TN_GAJA_2018,TRUE,38.953370643097685,100.0
TN_GAJA_2018_034970,TN_GAJA_2018,TRUE,72.07382705358825,100.0
TN_GAJA_2018_047545,TN_GAJA_2018,TRUE,41.22234456547653,100.0
TN_GAJA_2018_054771,TN_GAJA_2018,TRUE,22.82017742326037,100.0
TN_GAJA_2018_064276,TN_GAJA_2018,TRUE,62.43425091135558,100.0
TN_GAJA_2018_001119,TN_GAJA_2018,TRUE,60.20468891934782,100.0
TN_GAJA_2018_001221,TN_GAJA_2018,TRUE,33.15889622541511,100.0
TN_GAJA_2018_006796,TN_GAJA_2018,TRUE,34.438229811427455,100.0
TN_GAJA_2018_011258,TN_GAJA_2018,TRUE,54.31006712565687,100.0
TN_GAJA_2018_017087,TN_GAJA_2018,TRUE,98.81966142272826,100.0
TN_GAJA_2018_034735,TN_GAJA_2018,TRUE,116.73487366546061,100.0
TN_GAJA_2018_034867,TN_GAJA_2018,TRUE,25.602869606902154,100.0
TN_GAJA_2018_047578,TN_GAJA_2018,TRUE,13.424496031142077,100.0
TN_GAJA_2018_054833,TN_GAJA_2018,TRUE,21.046577898884344,100.0
TN_GAJA_2018_064337,TN_GAJA_2018,TRUE,55.93286844220934,100.0
TN_GAJA_2018_002197,TN_GAJA_2018,TRUE,27.006876298972468,100.0
TN_GAJA_2018_002268,TN_GAJA_2018,TRUE,156.48338923390008,100.0
TN_GAJA_2018_007835,TN_GAJA_2018,TRUE,33.56600961998606,100.0
TN_GAJA_2018_012091,TN_GAJA_2018,TRUE,57.70478664292555,100.0
TN_GAJA_2018_019854,TN_GAJA_2018,TRUE,9.80008913552635,100.0
TN_GAJA_2018_036113,TN_GAJA_2018,TRUE,46.212427941790985,100.0
TN_GAJA_2018_048499,TN_GAJA_2018,TRUE,28.84272072609523,100.0
TN_GAJA_2018_048498,TN_GAJA_2018,TRUE,18.37868755657576,100.0
TN_GAJA_2018_055303,TN_GAJA_2018,TRUE,35.54577626543333,100.0
TN_GAJA_2018_065059,TN_GAJA_2018,TRUE,6.319992057418643,100.0
TN_GAJA_2018_002351,TN_GAJA_2018,TRUE,50.391677485996695,100.0
TN_GAJA_2018_002252,TN_GAJA_2018,TRUE,37.02875575658253,100.0
TN_GAJA_2018_008599,TN_GAJA_2018,TRUE,46.409332520603776,100.0
TN_GAJA_2018_012143,TN_GAJA_2018,TRUE,20.522246353217522,100.0
TN_GAJA_2018_019878,TN_GAJA_2018,TRUE,67.90663425142412,100.0
TN_GAJA_2018_036121,TN_GAJA_2018,TRUE,46.0745720452193,100.0
TN_GAJA_2018_037896,TN_GAJA_2018,TRUE,42.40274728890083,100.0
TN_GAJA_2018_048656,TN_GAJA_2018,TRUE,21.408567936699686,100.0
TN_GAJA_2018_055493,TN_GAJA_2018,TRUE,19.685106820579865,100.0
TN_GAJA_2018_065071,TN_GAJA_2018,TRUE,18.502721098182192,100.0
TN_GAJA_2018_003853,TN_GAJA_2018,TRUE,60.411984145141446,100.0
TN_GAJA_2018_003873,TN_GAJA_2018,TRUE,97.00071620881911,100.0
TN_GAJA_2018_008586,TN_GAJA_2018,TRUE,42.48742888662497,100.0
TN_GAJA_2018_013679,TN_GAJA_2018,TRUE,22.819719296651357,100.0
TN_GAJA_2018_037698,TN_GAJA_2018,TRUE,82.57972085113106,100.0
TN_GAJA_2018_037752,TN_GAJA_2018,TRUE,48.278025597465316,100.0
TN_GAJA_2018_049317,TN_GAJA_2018,TRUE,28.995519337255786,100.0
TN_GAJA_2018_056055,TN_GAJA_2018,TRUE,72.09531404404389,100.0
TN_GAJA_2018_066038,TN_GAJA_2018,TRUE,43.52441333806572,100.0
TN_GAJA_2018_005650,TN_GAJA_2018,TRUE,31.882050246519213,100.0
TN_GAJA_2018_005687,TN_GAJA_2018,TRUE,35.982734606586455,100.0
TN_GAJA_2018_009919,TN_GAJA_2018,TRUE,29.565899367158316,100.0
TN_GAJA_2018_014531,TN_GAJA_2018,TRUE,32.77276529340221,100.0
TN_GAJA_2018_028489,TN_GAJA_2018,TRUE,35.07611367365994,100.0
TN_GAJA_2018_042666,TN_GAJA_2018,TRUE,87.56586285050528,100.0
TN_GAJA_2018_042723,TN_GAJA_2018,TRUE,95.42402591079941,100.0
TN_GAJA_2018_052792,TN_GAJA_2018,TRUE,62.544816905034295,100.0
TN_GAJA_2018_069020,TN_GAJA_2018,TRUE,603.9819730851101,100.0
TN_GAJA_2018_000009,TN_GAJA_2018,TRUE,15.900045076892582,100.0
TN_GAJA_2018_000041,TN_GAJA_2018,TRUE,9.326336987538088,100.0
TN_GAJA_2018_006263,TN_GAJA_2018,TRUE,20.091313594299237,100.0
TN_GAJA_2018_010227,TN_GAJA_2018,TRUE,14.786149329980073,100.0
TN_GAJA_2018_016705,TN_GAJA_2018,TRUE,45.47775920088077,100.0
TN_GAJA_2018_033187,TN_GAJA_2018,TRUE,20.474721205773864,100.0
TN_GAJA_2018_033540,TN_GAJA_2018,TRUE,65.43521562934494,100.0
TN_GAJA_2018_046688,TN_GAJA_2018,TRUE,21.606632695581233,100.0
TN_GAJA_2018_054470,TN_GAJA_2018,TRUE,31.20893383262655,100.0
TN_GAJA_2018_063649,TN_GAJA_2018,TRUE,13.130989855680795,100.0
TN_GAJA_2018_000056,TN_GAJA_2018,TRUE,29.796943789990586,100.0
TN_GAJA_2018_006262,TN_GAJA_2018,TRUE,22.094946095132503,100.0
TN_GAJA_2018_006327,TN_GAJA_2018,TRUE,34.719164168457596,100.0
TN_GAJA_2018_010302,TN_GAJA_2018,TRUE,56.596006331406016,100.0
TN_GAJA_2018_016707,TN_GAJA_2018,TRUE,55.85257558509847,100.0
TN_GAJA_2018_033178,TN_GAJA_2018,TRUE,51.1294843122875,100.0
TN_GAJA_2018_046670,TN_GAJA_2018,TRUE,8.586883860268996,100.0
TN_GAJA_2018_046665,TN_GAJA_2018,TRUE,56.34240542228997,100.0
TN_GAJA_2018_054455,TN_GAJA_2018,TRUE,68.03382251102339,100.0
TN_GAJA_2018_063641,TN_GAJA_2018,TRUE,24.466420761056796,100.0
TN_GAJA_2018_001100,TN_GAJA_2018,TRUE,80.67405942148154,100.0
TN_GAJA_2018_001158,TN_GAJA_2018,TRUE,50.08166836739252,100.0
TN_GAJA_2018_006783,TN_GAJA_2018,TRUE,48.49675353840206,100.0
TN_GAJA_2018_011235,TN_GAJA_2018,TRUE,11.560708043984015,100.0
TN_GAJA_2018_017103,TN_GAJA_2018,TRUE,20.32476567024242,100.0
TN_GAJA_2018_034723,TN_GAJA_2018,TRUE,32.40708491604249,100.0
TN_GAJA_2018_034979,TN_GAJA_2018,TRUE,39.11304000881897,100.0
TN_GAJA_2018_047550,TN_GAJA_2018,TRUE,10.496156218788403,100.0
TN_GAJA_2018_054772,TN_GAJA_2018,TRUE,87.16785076321489,100.0
TN_GAJA_2018_064277,TN_GAJA_2018,TRUE,56.84440239332513,100.0
TN_GAJA_2018_001121,TN_GAJA_2018,TRUE,52.070372062875634,100.0
TN_GAJA_2018_001222,TN_GAJA_2018,TRUE,15.971271151362206,100.0
TN_GAJA_2018_006797,TN_GAJA_2018,TRUE,32.632116039521634,100.0
TN_GAJA_2018_011264,TN_GAJA_2018,TRUE,18.693653260169576,100.0
TN_GAJA_2018_017091,TN_GAJA_2018,TRUE,184.08673264639486,100.0
TN_GAJA_2018_034738,TN_GAJA_2018,TRUE,9.266537128708823,100.0
TN_GAJA_2018_034893,TN_GAJA_2018,TRUE,52.00036469616357,100.0
TN_GAJA_2018_047584,TN_GAJA_2018,TRUE,12.064888334066765,100.0
TN_GAJA_2018_054836,TN_GAJA_2018,TRUE,140.7841361375447,100.0
TN_GAJA_2018_064339,TN_GAJA_2018,TRUE,15.235272320318915,100.0
TN_GAJA_2018_002200,TN_GAJA_2018,TRUE,193.3372680568864,100.0
TN_GAJA_2018_002280,TN_GAJA_2018,TRUE,21.56178860451279,100.0
TN_GAJA_2018_007836,TN_GAJA_2018,TRUE,15.67863754734686,100.0
TN_GAJA_2018_012094,TN_GAJA_2018,TRUE,105.62658020315509,100.0
TN_GAJA_2018_019857,TN_GAJA_2018,TRUE,63.354990807426304,100.0
TN_GAJA_2018_036116,TN_GAJA_2018,TRUE,36.63240256552771,100.0
TN_GAJA_2018_048509,TN_GAJA_2018,TRUE,40.39580933492908,100.0
TN_GAJA_2018_048500,TN_GAJA_2018,TRUE,100.69479742413952,100.0
TN_GAJA_2018_055304,TN_GAJA_2018,TRUE,44.299849275028876,100.0
TN_GAJA_2018_002353,TN_GAJA_2018,TRUE,36.00953693538064,100.0
TN_GAJA_2018_002253,TN_GAJA_2018,TRUE,36.27250269191925,100.0
TN_GAJA_2018_008600,TN_GAJA_2018,TRUE,12.472330501988893,100.0
TN_GAJA_2018_012151,TN_GAJA_2018,TRUE,27.17976264490344,100.0
TN_GAJA_2018_019881,TN_GAJA_2018,TRUE,49.76791321744594,100.0
TN_GAJA_2018_036126,TN_GAJA_2018,TRUE,50.42514252173613,100.0
TN_GAJA_2018_038005,TN_GAJA_2018,TRUE,27.005648314955444,100.0
TN_GAJA_2018_048674,TN_GAJA_2018,TRUE,26.14970815361309,100.0
TN_GAJA_2018_055494,TN_GAJA_2018,TRUE,214.97829713190575,100.0
TN_GAJA_2018_065072,TN_GAJA_2018,TRUE,32.19996668833107,100.0
TN_GAJA_2018_003855,TN_GAJA_2018,TRUE,38.25432071421857,100.0
TN_GAJA_2018_008590,TN_GAJA_2018,TRUE,19.72642568075306,100.0
TN_GAJA_2018_013702,TN_GAJA_2018,TRUE,8.996840846461948,100.0
TN_GAJA_2018_023551,TN_GAJA_2018,TRUE,33.58045593863156,100.0
TN_GAJA_2018_037702,TN_GAJA_2018,TRUE,261.9150267796082,100.0
TN_GAJA_2018_037753,TN_GAJA_2018,TRUE,34.042306808736726,100.0
TN_GAJA_2018_049320,TN_GAJA_2018,TRUE,54.26010269708884,100.0
TN_GAJA_2018_056056,TN_GAJA_2018,TRUE,94.51161444434464,100.0
TN_GAJA_2018_066041,TN_GAJA_2018,TRUE,208.84378074840444,100.0
TN_GAJA_2018_005652,TN_GAJA_2018,TRUE,12.717946202070873,100.0
TN_GAJA_2018_005694,TN_GAJA_2018,TRUE,127.107105301318,100.0
TN_GAJA_2018_009926,TN_GAJA_2018,TRUE,18.429883975410533,100.0
TN_GAJA_2018_014534,TN_GAJA_2018,TRUE,45.59352816748959,100.0
TN_GAJA_2018_028490,TN_GAJA_2018,TRUE,97.48138705680341,100.0
TN_GAJA_2018_042669,TN_GAJA_2018,TRUE,71.94421902822383,100.0
TN_GAJA_2018_061044,TN_GAJA_2018,TRUE,51.26106002254515,100.0
TN_GAJA_2018_069025,TN_GAJA_2018,TRUE,104.09880564664785,100.0
TN_GAJA_2018_000010,TN_GAJA_2018,TRUE,122.08387696944123,100.0
TN_GAJA_2018_000064,TN_GAJA_2018,TRUE,41.842208019582344,100.0
TN_GAJA_2018_006264,TN_GAJA_2018,TRUE,49.80970547839817,100.0
TN_GAJA_2018_010229,TN_GAJA_2018,TRUE,23.598157177284378,100.0
TN_GAJA_2018_016708,TN_GAJA_2018,TRUE,41.307853021772694,100.0
TN_GAJA_2018_033189,TN_GAJA_2018,TRUE,35.56280219673742,100.0
TN_GAJA_2018_033645,TN_GAJA_2018,TRUE,32.27015636135302,100.0
TN_GAJA_2018_046696,TN_GAJA_2018,TRUE,39.27419871371917,100.0
TN_GAJA_2018_054471,TN_GAJA_2018,TRUE,41.59733028256278,100.0
TN_GAJA_2018_063657,TN_GAJA_2018,TRUE,141.15557786240157,100.0
TN_GAJA_2018_000059,TN_GAJA_2018,TRUE,32.35229962193751,100.0
TN_GAJA_2018_010304,TN_GAJA_2018,TRUE,22.11186852584622,100.0
TN_GAJA_2018_016709,TN_GAJA_2018,TRUE,59.214492535182615,100.0
TN_GAJA_2018_033179,TN_GAJA_2018,TRUE,30.87230655543222,100.0
TN_GAJA_2018_046679,TN_GAJA_2018,TRUE,6.286381769179424,100.0
TN_GAJA_2018_046672,TN_GAJA_2018,TRUE,63.530085035711174,100.0
TN_GAJA_2018_001169,TN_GAJA_2018,TRUE,22.446517024386495,100.0
TN_GAJA_2018_006787,TN_GAJA_2018,TRUE,17.007041464714508,100.0
TN_GAJA_2018_011236,TN_GAJA_2018,TRUE,28.10316096667881,100.0
TN_GAJA_2018_017105,TN_GAJA_2018,TRUE,53.75114711873208,100.0
TN_GAJA_2018_034725,TN_GAJA_2018,TRUE,13.82518625954185,100.0
TN_GAJA_2018_047556,TN_GAJA_2018,TRUE,30.536042933107044,100.0
TN_GAJA_2018_054773,TN_GAJA_2018,TRUE,54.513066634704565,100.0
TN_GAJA_2018_064282,TN_GAJA_2018,TRUE,48.59965638345508,100.0
TN_GAJA_2018_001123,TN_GAJA_2018,TRUE,30.182777853599124,100.0
TN_GAJA_2018_001234,TN_GAJA_2018,TRUE,16.229352186386116,100.0
TN_GAJA_2018_006799,TN_GAJA_2018,TRUE,11.951894168183607,100.0
TN_GAJA_2018_011266,TN_GAJA_2018,TRUE,26.513723521844167,100.0
TN_GAJA_2018_017092,TN_GAJA_2018,TRUE,123.88959028690697,100.0
TN_GAJA_2018_034742,TN_GAJA_2018,TRUE,15.662656715786234,100.0
TN_GAJA_2018_034901,TN_GAJA_2018,TRUE,75.77456184116457,100.0
TN_GAJA_2018_047591,TN_GAJA_2018,TRUE,43.524984020859804,100.0
TN_GAJA_2018_054839,TN_GAJA_2018,TRUE,34.18629235813313,100.0
TN_GAJA_2018_064341,TN_GAJA_2018,TRUE,43.23185243449478,100.0
TN_GAJA_2018_002312,TN_GAJA_2018,TRUE,9.160425414390197,100.0
TN_GAJA_2018_007838,TN_GAJA_2018,TRUE,44.550579637588726,100.0
TN_GAJA_2018_012098,TN_GAJA_2018,TRUE,9.165392014768255,100.0
TN_GAJA_2018_019859,TN_GAJA_2018,TRUE,74.50612297159175,100.0
TN_GAJA_2018_036117,TN_GAJA_2018,TRUE,86.48607481565693,100.0
TN_GAJA_2018_048511,TN_GAJA_2018,TRUE,50.15588407204463,100.0
TN_GAJA_2018_048502,TN_GAJA_2018,TRUE,52.87690192984296,100.0
TN_GAJA_2018_055305,TN_GAJA_2018,TRUE,80.02140291994031,100.0
TN_GAJA_2018_065066,TN_GAJA_2018,TRUE,71.96961037667063,100.0
TN_GAJA_2018_002372,TN_GAJA_2018,TRUE,36.09934032143634,100.0
TN_GAJA_2018_002256,TN_GAJA_2018,TRUE,16.83048771337061,100.0
TN_GAJA_2018_008601,TN_GAJA_2018,TRUE,30.30664614235738,100.0
TN_GAJA_2018_012159,TN_GAJA_2018,TRUE,33.07978199128003,100.0
TN_GAJA_2018_019895,TN_GAJA_2018,TRUE,77.85804428411362,100.0
TN_GAJA_2018_036128,TN_GAJA_2018,TRUE,31.871508519343195,100.0
TN_GAJA_2018_038022,TN_GAJA_2018,TRUE,35.20961239797135,100.0
TN_GAJA_2018_048734,TN_GAJA_2018,TRUE,12.825957629591393,100.0
TN_GAJA_2018_055538,TN_GAJA_2018,TRUE,46.295499257764504,100.0
TN_GAJA_2018_065078,TN_GAJA_2018,TRUE,63.48209696566978,100.0
TN_GAJA_2018_003856,TN_GAJA_2018,TRUE,69.9111317565326,100.0
TN_GAJA_2018_003885,TN_GAJA_2018,TRUE,29.387668524531815,100.0
TN_GAJA_2018_008591,TN_GAJA_2018,TRUE,62.13379650344435,100.0
TN_GAJA_2018_013725,TN_GAJA_2018,TRUE,10.97094947788331,100.0
TN_GAJA_2018_023553,TN_GAJA_2018,TRUE,41.93728241064245,100.0
TN_GAJA_2018_037703,TN_GAJA_2018,TRUE,152.69654413043062,100.0
TN_GAJA_2018_037756,TN_GAJA_2018,TRUE,24.555757575616973,100.0
TN_GAJA_2018_056057,TN_GAJA_2018,TRUE,233.61801239071673,100.0
TN_GAJA_2018_066043,TN_GAJA_2018,TRUE,17.181020429388077,100.0
TN_GAJA_2018_005654,TN_GAJA_2018,TRUE,26.364434281167224,100.0
TN_GAJA_2018_005698,TN_GAJA_2018,TRUE,48.037740164629845,100.0
TN_GAJA_2018_009934,TN_GAJA_2018,TRUE,72.74207148115767,100.0
TN_GAJA_2018_014535,TN_GAJA_2018,TRUE,87.31279052310988,100.0
TN_GAJA_2018_028491,TN_GAJA_2018,TRUE,116.41418981139617,100.0
TN_GAJA_2018_042670,TN_GAJA_2018,TRUE,43.10442929578683,100.0
TN_GAJA_2018_042753,TN_GAJA_2018,TRUE,57.15270269128682,100.0
TN_GAJA_2018_052796,TN_GAJA_2018,TRUE,64.61057387257118,100.0
TN_GAJA_2018_061046,TN_GAJA_2018,TRUE,5.86597750518106,100.0
TN_GAJA_2018_069030,TN_GAJA_2018,TRUE,93.13590807530545,100.0
TN_GAJA_2018_000011,TN_GAJA_2018,TRUE,52.74382709872212,100.0
TN_GAJA_2018_000065,TN_GAJA_2018,TRUE,48.92739897701948,100.0
TN_GAJA_2018_006265,TN_GAJA_2018,TRUE,91.62156935263498,100.0
TN_GAJA_2018_010234,TN_GAJA_2018,TRUE,19.89965243778447,100.0
TN_GAJA_2018_016710,TN_GAJA_2018,TRUE,31.673548775433705,100.0
TN_GAJA_2018_033193,TN_GAJA_2018,TRUE,62.83314159505854,100.0
TN_GAJA_2018_033673,TN_GAJA_2018,TRUE,11.065522634894325,100.0
TN_GAJA_2018_046701,TN_GAJA_2018,TRUE,70.35359251036088,100.0
TN_GAJA_2018_054472,TN_GAJA_2018,TRUE,26.320910326504492,100.0
TN_GAJA_2018_063666,TN_GAJA_2018,TRUE,33.04699030927857,100.0
TN_GAJA_2018_006271,TN_GAJA_2018,TRUE,28.903301262687435,100.0
TN_GAJA_2018_006332,TN_GAJA_2018,TRUE,25.29879264945162,100.0
TN_GAJA_2018_010310,TN_GAJA_2018,TRUE,37.97092377173429,100.0
TN_GAJA_2018_016711,TN_GAJA_2018,TRUE,16.742646280325385,100.0
TN_GAJA_2018_033182,TN_GAJA_2018,TRUE,65.97861575097596,100.0
TN_GAJA_2018_046686,TN_GAJA_2018,TRUE,53.29894593629423,100.0
TN_GAJA_2018_046676,TN_GAJA_2018,TRUE,26.409756473384107,100.0
TN_GAJA_2018_054457,TN_GAJA_2018,TRUE,28.9041099308291,100.0
TN_GAJA_2018_063651,TN_GAJA_2018,TRUE,39.8745747813457,100.0
TN_GAJA_2018_001106,TN_GAJA_2018,TRUE,26.76847464371218,100.0
TN_GAJA_2018_001172,TN_GAJA_2018,TRUE,19.765714312945335,100.0
TN_GAJA_2018_006788,TN_GAJA_2018,TRUE,168.71226603698318,100.0
TN_GAJA_2018_011238,TN_GAJA_2018,TRUE,28.504833029941437,100.0
TN_GAJA_2018_017108,TN_GAJA_2018,TRUE,116.4796600573834,100.0
TN_GAJA_2018_034727,TN_GAJA_2018,TRUE,42.47438823335201,100.0
TN_GAJA_2018_035111,TN_GAJA_2018,TRUE,33.21212993144425,100.0
TN_GAJA_2018_047557,TN_GAJA_2018,TRUE,87.04786363164024,100.0
TN_GAJA_2018_054775,TN_GAJA_2018,TRUE,61.5950043003398,100.0
TN_GAJA_2018_064284,TN_GAJA_2018,TRUE,99.87697011287507,100.0
TN_GAJA_2018_001125,TN_GAJA_2018,TRUE,43.50476386217172,100.0
TN_GAJA_2018_001237,TN_GAJA_2018,TRUE,14.533137924496756,100.0
TN_GAJA_2018_006804,TN_GAJA_2018,TRUE,60.939927735746366,100.0
TN_GAJA_2018_011292,TN_GAJA_2018,TRUE,54.022850070201585,100.0
TN_GAJA_2018_017093,TN_GAJA_2018,TRUE,34.7877297888066,100.0
TN_GAJA_2018_034748,TN_GAJA_2018,TRUE,35.30183019616667,100.0
TN_GAJA_2018_034995,TN_GAJA_2018,TRUE,19.018099652348383,100.0
TN_GAJA_2018_047592,TN_GAJA_2018,TRUE,41.20641469108871,100.0
TN_GAJA_2018_054844,TN_GAJA_2018,TRUE,18.135633360518955,100.0
TN_GAJA_2018_064352,TN_GAJA_2018,TRUE,24.236574871233465,100.0
TN_GAJA_2018_002203,TN_GAJA_2018,TRUE,49.32038566771545,100.0
TN_GAJA_2018_002319,TN_GAJA_2018,TRUE,35.96982721632769,100.0
TN_GAJA_2018_007841,TN_GAJA_2018,TRUE,44.82151042679229,100.0
TN_GAJA_2018_012099,TN_GAJA_2018,TRUE,62.624193850432434,100.0
TN_GAJA_2018_019861,TN_GAJA_2018,TRUE,30.800886452013852,100.0
TN_GAJA_2018_036119,TN_GAJA_2018,TRUE,30.80383715662976,100.0
TN_GAJA_2018_048512,TN_GAJA_2018,TRUE,46.887490238444904,100.0
TN_GAJA_2018_048507,TN_GAJA_2018,TRUE,105.84141498299721,100.0
TN_GAJA_2018_055306,TN_GAJA_2018,TRUE,69.55282807089765,100.0
TN_GAJA_2018_065077,TN_GAJA_2018,TRUE,45.73683835397025,100.0
TN_GAJA_2018_002383,TN_GAJA_2018,TRUE,16.98439554188677,100.0
TN_GAJA_2018_002293,TN_GAJA_2018,TRUE,9.571798775040808,100.0
TN_GAJA_2018_008609,TN_GAJA_2018,TRUE,81.95875842118761,100.0
TN_GAJA_2018_012175,TN_GAJA_2018,TRUE,39.635951049083346,100.0
TN_GAJA_2018_019918,TN_GAJA_2018,TRUE,14.2588946356747,100.0
TN_GAJA_2018_038077,TN_GAJA_2018,TRUE,31.84442890867418,100.0
TN_GAJA_2018_048745,TN_GAJA_2018,TRUE,23.222885070977412,100.0
TN_GAJA_2018_055539,TN_GAJA_2018,TRUE,6.054040379376699,100.0
TN_GAJA_2018_065083,TN_GAJA_2018,TRUE,16.153926810325107,100.0
TN_GAJA_2018_003857,TN_GAJA_2018,TRUE,39.92023999176753,100.0
TN_GAJA_2018_003888,TN_GAJA_2018,TRUE,159.40401684783586,100.0
TN_GAJA_2018_008592,TN_GAJA_2018,TRUE,65.53569774748587,100.0
TN_GAJA_2018_013728,TN_GAJA_2018,TRUE,40.88222642336688,100.0
TN_GAJA_2018_023557,TN_GAJA_2018,TRUE,25.704175035051588,100.0
TN_GAJA_2018_037704,TN_GAJA_2018,TRUE,95.1011609635477,100.0
TN_GAJA_2018_037757,TN_GAJA_2018,TRUE,139.92664429458864,100.0
TN_GAJA_2018_049324,TN_GAJA_2018,TRUE,179.73414597711087,100.0
TN_GAJA_2018_056058,TN_GAJA_2018,TRUE,41.4096615747421,100.0
TN_GAJA_2018_005656,TN_GAJA_2018,TRUE,12.46900410116381,100.0
TN_GAJA_2018_005707,TN_GAJA_2018,TRUE,29.630779889920646,100.0
TN_GAJA_2018_009935,TN_GAJA_2018,TRUE,6.323414444967139,100.0
TN_GAJA_2018_014537,TN_GAJA_2018,TRUE,96.84635047357398,100.0
TN_GAJA_2018_028493,TN_GAJA_2018,TRUE,16.307230884064285,100.0
TN_GAJA_2018_042672,TN_GAJA_2018,TRUE,14.292559711189785,100.0
TN_GAJA_2018_042754,TN_GAJA_2018,TRUE,25.369465139920916,100.0
TN_GAJA_2018_052798,TN_GAJA_2018,TRUE,98.6357994860299,100.0
TN_GAJA_2018_061051,TN_GAJA_2018,TRUE,75.25309113568971,100.0
TN_GAJA_2018_069035,TN_GAJA_2018,TRUE,143.5803314891783,100.0
TN_GAJA_2018_000013,TN_GAJA_2018,TRUE,24.439391169061086,100.0
TN_GAJA_2018_000089,TN_GAJA_2018,TRUE,12.321617971351651,100.0
TN_GAJA_2018_006267,TN_GAJA_2018,TRUE,24.049551019672265,100.0
TN_GAJA_2018_010237,TN_GAJA_2018,TRUE,55.841161713721576,100.0
TN_GAJA_2018_016713,TN_GAJA_2018,TRUE,38.422206318529746,100.0
TN_GAJA_2018_033195,TN_GAJA_2018,TRUE,27.773897190155388,100.0
TN_GAJA_2018_033696,TN_GAJA_2018,TRUE,18.408493189238165,100.0
TN_GAJA_2018_046707,TN_GAJA_2018,TRUE,8.159603800400278,100.0
TN_GAJA_2018_054473,TN_GAJA_2018,TRUE,12.404936480194742,100.0
TN_GAJA_2018_063688,TN_GAJA_2018,TRUE,91.92728703742226,100.0
TN_GAJA_2018_000063,TN_GAJA_2018,TRUE,58.3547880932627,100.0
TN_GAJA_2018_006273,TN_GAJA_2018,TRUE,30.02558805149056,100.0
TN_GAJA_2018_006341,TN_GAJA_2018,TRUE,20.205886835012876,100.0
TN_GAJA_2018_010320,TN_GAJA_2018,TRUE,37.87187720228359,100.0
TN_GAJA_2018_033184,TN_GAJA_2018,TRUE,52.125453982906464,100.0
TN_GAJA_2018_046682,TN_GAJA_2018,TRUE,25.267932826462182,100.0
TN_GAJA_2018_054458,TN_GAJA_2018,TRUE,18.600708010972177,100.0
TN_GAJA_2018_063652,TN_GAJA_2018,TRUE,51.31877776181746,100.0
TN_GAJA_2018_001110,TN_GAJA_2018,TRUE,67.084159967353,100.0
TN_GAJA_2018_001181,TN_GAJA_2018,TRUE,42.117846455310556,100.0
TN_GAJA_2018_006791,TN_GAJA_2018,TRUE,28.78606736015429,100.0
TN_GAJA_2018_011241,TN_GAJA_2018,TRUE,14.301199936775998,100.0
TN_GAJA_2018_017109,TN_GAJA_2018,TRUE,69.64617522762856,100.0
TN_GAJA_2018_034728,TN_GAJA_2018,TRUE,34.38369069842358,100.0
TN_GAJA_2018_047563,TN_GAJA_2018,TRUE,27.94429035440912,100.0
TN_GAJA_2018_054776,TN_GAJA_2018,TRUE,419.61123374153055,100.0
TN_GAJA_2018_064294,TN_GAJA_2018,TRUE,414.0085640377621,100.0
TN_GAJA_2018_001126,TN_GAJA_2018,TRUE,32.995313970363725,100.0
TN_GAJA_2018_001254,TN_GAJA_2018,TRUE,39.38611561813504,100.0
TN_GAJA_2018_006815,TN_GAJA_2018,TRUE,22.848585796778384,100.0
TN_GAJA_2018_011327,TN_GAJA_2018,TRUE,31.453120929779455,100.0
TN_GAJA_2018_017096,TN_GAJA_2018,TRUE,32.7192905085405,100.0
TN_GAJA_2018_034752,TN_GAJA_2018,TRUE,66.02107064090609,100.0
TN_GAJA_2018_035081,TN_GAJA_2018,TRUE,59.02016855530862,100.0
TN_GAJA_2018_047633,TN_GAJA_2018,TRUE,29.460320770593782,100.0
TN_GAJA_2018_054860,TN_GAJA_2018,TRUE,61.56373466500286,100.0
TN_GAJA_2018_064376,TN_GAJA_2018,TRUE,24.51774149468867,100.0
TN_GAJA_2018_002206,TN_GAJA_2018,TRUE,20.88544495095627,100.0
TN_GAJA_2018_002321,TN_GAJA_2018,TRUE,90.23236722422271,100.0
TN_GAJA_2018_007842,TN_GAJA_2018,TRUE,14.196169058244724,100.0
TN_GAJA_2018_012101,TN_GAJA_2018,TRUE,73.3235019507929,100.0
TN_GAJA_2018_019864,TN_GAJA_2018,TRUE,102.07783813836637,100.0
TN_GAJA_2018_036120,TN_GAJA_2018,TRUE,29.229347987166808,100.0
TN_GAJA_2018_048514,TN_GAJA_2018,TRUE,10.852971195494579,100.0
TN_GAJA_2018_048508,TN_GAJA_2018,TRUE,20.877211317147463,100.0
TN_GAJA_2018_055307,TN_GAJA_2018,TRUE,26.57495583223071,100.0
TN_GAJA_2018_065081,TN_GAJA_2018,TRUE,663.273597557435,100.0
TN_GAJA_2018_002388,TN_GAJA_2018,TRUE,52.3786884732791,100.0
TN_GAJA_2018_002340,TN_GAJA_2018,TRUE,9.752302861354742,100.0
TN_GAJA_2018_008615,TN_GAJA_2018,TRUE,166.312292702898,100.0
TN_GAJA_2018_012200,TN_GAJA_2018,TRUE,53.67985268610543,100.0
TN_GAJA_2018_019944,TN_GAJA_2018,TRUE,120.85674708759056,100.0
TN_GAJA_2018_036142,TN_GAJA_2018,TRUE,32.065232312187554,100.0
TN_GAJA_2018_038136,TN_GAJA_2018,TRUE,38.29565096943402,100.0
TN_GAJA_2018_048774,TN_GAJA_2018,TRUE,20.873167813943535,100.0
TN_GAJA_2018_055553,TN_GAJA_2018,TRUE,18.635860582575205,100.0
TN_GAJA_2018_065088,TN_GAJA_2018,TRUE,36.741125843408184,100.0
TN_GAJA_2018_003859,TN_GAJA_2018,TRUE,16.749846420800367,100.0
TN_GAJA_2018_003900,TN_GAJA_2018,TRUE,31.048318233950447,100.0
TN_GAJA_2018_008593,TN_GAJA_2018,TRUE,59.504877975191306,100.0
TN_GAJA_2018_013734,TN_GAJA_2018,TRUE,22.478895875402007,100.0
TN_GAJA_2018_023558,TN_GAJA_2018,TRUE,51.8510144963731,100.0
TN_GAJA_2018_037705,TN_GAJA_2018,TRUE,33.21134783988286,100.0
TN_GAJA_2018_037771,TN_GAJA_2018,TRUE,72.86613758919609,100.0
TN_GAJA_2018_049326,TN_GAJA_2018,TRUE,10.891337007697288,100.0
TN_GAJA_2018_066053,TN_GAJA_2018,TRUE,78.83064090718948,100.0
TN_GAJA_2018_005663,TN_GAJA_2018,TRUE,71.27418497817213,100.0
TN_GAJA_2018_005714,TN_GAJA_2018,TRUE,37.9729446069514,100.0
TN_GAJA_2018_014540,TN_GAJA_2018,TRUE,58.167141402008696,100.0
TN_GAJA_2018_028494,TN_GAJA_2018,TRUE,19.24440100037713,100.0
TN_GAJA_2018_042673,TN_GAJA_2018,TRUE,33.585537320177735,100.0
TN_GAJA_2018_042760,TN_GAJA_2018,TRUE,7.039974114260528,100.0
TN_GAJA_2018_052799,TN_GAJA_2018,TRUE,52.05397705486969,100.0
TN_GAJA_2018_061052,TN_GAJA_2018,TRUE,31.18649398393698,100.0
TN_GAJA_2018_069053,TN_GAJA_2018,TRUE,222.4468720207018,100.0
TN_GAJA_2018_000014,TN_GAJA_2018,TRUE,27.438938963226903,100.0
TN_GAJA_2018_000131,TN_GAJA_2018,TRUE,100.18305236376241,100.0
TN_GAJA_2018_006268,TN_GAJA_2018,TRUE,23.05267105155378,100.0
TN_GAJA_2018_010238,TN_GAJA_2018,TRUE,99.72483045153247,100.0
TN_GAJA_2018_016718,TN_GAJA_2018,TRUE,9.771925896585094,100.0
TN_GAJA_2018_033196,TN_GAJA_2018,TRUE,46.896006061622096,100.0
TN_GAJA_2018_033799,TN_GAJA_2018,TRUE,18.91770050022385,100.0
TN_GAJA_2018_046712,TN_GAJA_2018,TRUE,21.307598402549424,100.0
TN_GAJA_2018_054475,TN_GAJA_2018,TRUE,10.880930940478027,100.0
TN_GAJA_2018_063692,TN_GAJA_2018,TRUE,36.62114912181421,100.0
TN_GAJA_2018_000069,TN_GAJA_2018,TRUE,42.524673774079226,100.0
TN_GAJA_2018_006278,TN_GAJA_2018,TRUE,36.02544549593584,100.0
TN_GAJA_2018_006354,TN_GAJA_2018,TRUE,22.81395440387798,100.0
TN_GAJA_2018_010321,TN_GAJA_2018,TRUE,21.874029815307594,100.0
TN_GAJA_2018_016717,TN_GAJA_2018,TRUE,7.810254299788099,100.0
TN_GAJA_2018_033185,TN_GAJA_2018,TRUE,92.92532990363517,100.0
TN_GAJA_2018_046690,TN_GAJA_2018,TRUE,23.755667024652915,100.0
TN_GAJA_2018_046698,TN_GAJA_2018,TRUE,93.0915577349603,100.0
TN_GAJA_2018_054460,TN_GAJA_2018,TRUE,20.23617967334591,100.0
TN_GAJA_2018_063653,TN_GAJA_2018,TRUE,29.037762154963236,100.0
TN_GAJA_2018_001111,TN_GAJA_2018,TRUE,21.69503838235996,100.0
TN_GAJA_2018_001205,TN_GAJA_2018,TRUE,34.120331875312935,100.0
TN_GAJA_2018_006792,TN_GAJA_2018,TRUE,117.18530313343788,100.0
TN_GAJA_2018_034729,TN_GAJA_2018,TRUE,190.57719610155314,100.0
TN_GAJA_2018_035234,TN_GAJA_2018,TRUE,58.92606234686372,100.0
TN_GAJA_2018_047564,TN_GAJA_2018,TRUE,162.77286785702478,100.0
TN_GAJA_2018_054777,TN_GAJA_2018,TRUE,567.1847388426751,100.0
TN_GAJA_2018_064298,TN_GAJA_2018,TRUE,16.890321451535378,100.0
TN_GAJA_2018_001130,TN_GAJA_2018,TRUE,110.94057750661531,100.0
TN_GAJA_2018_001256,TN_GAJA_2018,TRUE,29.841383985718956,100.0
TN_GAJA_2018_006818,TN_GAJA_2018,TRUE,70.8494770357487,100.0
TN_GAJA_2018_011374,TN_GAJA_2018,TRUE,13.431067450599112,100.0
TN_GAJA_2018_017098,TN_GAJA_2018,TRUE,94.07885995980843,100.0
TN_GAJA_2018_034754,TN_GAJA_2018,TRUE,56.48606062719797,100.0
TN_GAJA_2018_035115,TN_GAJA_2018,TRUE,27.758772119720987,100.0
TN_GAJA_2018_047673,TN_GAJA_2018,TRUE,24.020014632782203,100.0
TN_GAJA_2018_054866,TN_GAJA_2018,TRUE,35.60200098000449,100.0
TN_GAJA_2018_064392,TN_GAJA_2018,TRUE,49.56000445629614,100.0
TN_GAJA_2018_002207,TN_GAJA_2018,TRUE,42.548125788687116,100.0
TN_GAJA_2018_002335,TN_GAJA_2018,TRUE,13.574284567617248,100.0
TN_GAJA_2018_007845,TN_GAJA_2018,TRUE,39.7975101252211,100.0
TN_GAJA_2018_012103,TN_GAJA_2018,TRUE,15.427336770295597,100.0
TN_GAJA_2018_019865,TN_GAJA_2018,TRUE,67.93559274548925,100.0
TN_GAJA_2018_036122,TN_GAJA_2018,TRUE,43.56160598800621,100.0
TN_GAJA_2018_048520,TN_GAJA_2018,TRUE,60.86194878674621,100.0
TN_GAJA_2018_048510,TN_GAJA_2018,TRUE,12.045702273664645,100.0
TN_GAJA_2018_055308,TN_GAJA_2018,TRUE,29.409890889460083,100.0
TN_GAJA_2018_065084,TN_GAJA_2018,TRUE,22.05652683800176,100.0
TN_GAJA_2018_002391,TN_GAJA_2018,TRUE,78.01750305212292,100.0
TN_GAJA_2018_002349,TN_GAJA_2018,TRUE,27.834247625702282,100.0
TN_GAJA_2018_012219,TN_GAJA_2018,TRUE,36.85190130229583,100.0
TN_GAJA_2018_019949,TN_GAJA_2018,TRUE,27.81298803347152,100.0
TN_GAJA_2018_036144,TN_GAJA_2018,TRUE,17.89912121461528,100.0
TN_GAJA_2018_038143,TN_GAJA_2018,TRUE,29.67295713019073,100.0
TN_GAJA_2018_048775,TN_GAJA_2018,TRUE,14.571785905876254,100.0
TN_GAJA_2018_055569,TN_GAJA_2018,TRUE,98.8286462625797,100.0
TN_GAJA_2018_065090,TN_GAJA_2018,TRUE,39.294554388290706,100.0
TN_GAJA_2018_003860,TN_GAJA_2018,TRUE,48.97339174901566,100.0
TN_GAJA_2018_003901,TN_GAJA_2018,TRUE,31.03931637363112,100.0
TN_GAJA_2018_008595,TN_GAJA_2018,TRUE,32.42533355390904,100.0
TN_GAJA_2018_013737,TN_GAJA_2018,TRUE,20.81388038203459,100.0
TN_GAJA_2018_023559,TN_GAJA_2018,TRUE,49.181987346566466,100.0
TN_GAJA_2018_037706,TN_GAJA_2018,TRUE,52.837665409831885,100.0
TN_GAJA_2018_037776,TN_GAJA_2018,TRUE,87.04956845491836,100.0
TN_GAJA_2018_049328,TN_GAJA_2018,TRUE,128.460988603837,100.0
TN_GAJA_2018_056060,TN_GAJA_2018,TRUE,28.27926288589279,100.0
TN_GAJA_2018_066056,TN_GAJA_2018,TRUE,50.15181228071021,100.0
TN_GAJA_2018_005667,TN_GAJA_2018,TRUE,70.76697858598294,100.0
TN_GAJA_2018_005737,TN_GAJA_2018,TRUE,133.0387588674893,100.0
TN_GAJA_2018_009954,TN_GAJA_2018,TRUE,16.429877387596182,100.0
TN_GAJA_2018_014541,TN_GAJA_2018,TRUE,122.40399694690149,100.0
TN_GAJA_2018_028495,TN_GAJA_2018,TRUE,94.60820479395889,100.0
TN_GAJA_2018_042674,TN_GAJA_2018,TRUE,59.390612014231046,100.0
TN_GAJA_2018_042783,TN_GAJA_2018,TRUE,95.64837959034094,100.0
TN_GAJA_2018_052804,TN_GAJA_2018,TRUE,8.388793705424833,100.0
TN_GAJA_2018_061054,TN_GAJA_2018,TRUE,62.92561553332676,100.0
TN_GAJA_2018_000015,TN_GAJA_2018,TRUE,103.29290692246607,100.0
TN_GAJA_2018_000147,TN_GAJA_2018,TRUE,38.46552934092719,100.0
TN_GAJA_2018_006270,TN_GAJA_2018,TRUE,19.342862156780782,100.0
TN_GAJA_2018_010239,TN_GAJA_2018,TRUE,11.491861226654327,100.0
TN_GAJA_2018_016719,TN_GAJA_2018,TRUE,19.769037957906107,100.0
TN_GAJA_2018_033199,TN_GAJA_2018,TRUE,24.761575466759698,100.0
TN_GAJA_2018_033819,TN_GAJA_2018,TRUE,15.854077290898903,100.0
TN_GAJA_2018_046713,TN_GAJA_2018,TRUE,35.84201547627039,100.0
TN_GAJA_2018_054478,TN_GAJA_2018,TRUE,97.29921794289022,100.0
TN_GAJA_2018_063696,TN_GAJA_2018,TRUE,17.45956757077691,100.0
TN_GAJA_2018_000070,TN_GAJA_2018,TRUE,16.857943786060915,100.0
TN_GAJA_2018_006361,TN_GAJA_2018,TRUE,6.238776627083427,100.0
TN_GAJA_2018_010328,TN_GAJA_2018,TRUE,73.92268022471129,100.0
TN_GAJA_2018_016720,TN_GAJA_2018,TRUE,31.760759054193134,100.0
TN_GAJA_2018_033186,TN_GAJA_2018,TRUE,16.747107445397297,100.0
TN_GAJA_2018_046692,TN_GAJA_2018,TRUE,12.069772520853748,100.0
TN_GAJA_2018_046705,TN_GAJA_2018,TRUE,28.338233465815904,100.0
TN_GAJA_2018_054461,TN_GAJA_2018,TRUE,39.32015852100484,100.0
TN_GAJA_2018_063654,TN_GAJA_2018,TRUE,34.73505581040196,100.0
TN_GAJA_2018_001112,TN_GAJA_2018,TRUE,129.98021599436265,100.0
TN_GAJA_2018_001226,TN_GAJA_2018,TRUE,22.682840256861,100.0
TN_GAJA_2018_006794,TN_GAJA_2018,TRUE,85.56798292531963,100.0
TN_GAJA_2018_011246,TN_GAJA_2018,TRUE,24.803334584161206,100.0
TN_GAJA_2018_017112,TN_GAJA_2018,TRUE,41.604715979715465,100.0
TN_GAJA_2018_034731,TN_GAJA_2018,TRUE,11.09224986462997,100.0
TN_GAJA_2018_035282,TN_GAJA_2018,TRUE,54.795714772685514,100.0
TN_GAJA_2018_047565,TN_GAJA_2018,TRUE,44.149387494144946,100.0
TN_GAJA_2018_054778,TN_GAJA_2018,TRUE,39.36517211835264,100.0
TN_GAJA_2018_064301,TN_GAJA_2018,TRUE,173.60476675939242,100.0
TN_GAJA_2018_001131,TN_GAJA_2018,TRUE,11.276479488082328,100.0
TN_GAJA_2018_001260,TN_GAJA_2018,TRUE,21.73127978297802,100.0
TN_GAJA_2018_006820,TN_GAJA_2018,TRUE,31.954247976579843,100.0
TN_GAJA_2018_011388,TN_GAJA_2018,TRUE,42.659375991989926,100.0
TN_GAJA_2018_017100,TN_GAJA_2018,TRUE,13.416316424267801,100.0
TN_GAJA_2018_034760,TN_GAJA_2018,TRUE,16.45277888847601,100.0
TN_GAJA_2018_035178,TN_GAJA_2018,TRUE,71.10159928121503,100.0
TN_GAJA_2018_047731,TN_GAJA_2018,TRUE,29.046197564441513,100.0
TN_GAJA_2018_054873,TN_GAJA_2018,TRUE,76.0617919606226,100.0
TN_GAJA_2018_064400,TN_GAJA_2018,TRUE,45.80502769010843,100.0
TN_GAJA_2018_002369,TN_GAJA_2018,TRUE,51.392012388026174,100.0
TN_GAJA_2018_007852,TN_GAJA_2018,TRUE,26.536691896734588,100.0
TN_GAJA_2018_012104,TN_GAJA_2018,TRUE,46.537793251722064,100.0
TN_GAJA_2018_019867,TN_GAJA_2018,TRUE,185.54197703979543,100.0
TN_GAJA_2018_036123,TN_GAJA_2018,TRUE,53.64110434627183,100.0
TN_GAJA_2018_048523,TN_GAJA_2018,TRUE,64.67409089047499,100.0
TN_GAJA_2018_048515,TN_GAJA_2018,TRUE,18.79061543493823,100.0
TN_GAJA_2018_055309,TN_GAJA_2018,TRUE,16.283416241746952,100.0
TN_GAJA_2018_065096,TN_GAJA_2018,TRUE,25.935731868423968,100.0
TN_GAJA_2018_002396,TN_GAJA_2018,TRUE,142.0443493919251,100.0
TN_GAJA_2018_002360,TN_GAJA_2018,TRUE,51.11781674994032,100.0
TN_GAJA_2018_008618,TN_GAJA_2018,TRUE,11.495643878449076,100.0
TN_GAJA_2018_012226,TN_GAJA_2018,TRUE,179.59583502449397,100.0
TN_GAJA_2018_019952,TN_GAJA_2018,TRUE,68.30840643649657,100.0
TN_GAJA_2018_036146,TN_GAJA_2018,TRUE,30.67769775003958,100.0
TN_GAJA_2018_038144,TN_GAJA_2018,TRUE,31.710035495495354,100.0
TN_GAJA_2018_048794,TN_GAJA_2018,TRUE,20.59620562577249,100.0
TN_GAJA_2018_055619,TN_GAJA_2018,TRUE,106.29875394975043,100.0
TN_GAJA_2018_065091,TN_GAJA_2018,TRUE,24.06026294863095,100.0
TN_GAJA_2018_003916,TN_GAJA_2018,TRUE,24.670076552942092,100.0
TN_GAJA_2018_013757,TN_GAJA_2018,TRUE,76.42040510428511,100.0
TN_GAJA_2018_023560,TN_GAJA_2018,TRUE,168.06403243995112,100.0
TN_GAJA_2018_037707,TN_GAJA_2018,TRUE,25.916548132002397,100.0
TN_GAJA_2018_037801,TN_GAJA_2018,TRUE,9.778370731832338,100.0
TN_GAJA_2018_049332,TN_GAJA_2018,TRUE,33.12653779671511,100.0
TN_GAJA_2018_056062,TN_GAJA_2018,TRUE,63.63156931801086,100.0
TN_GAJA_2018_066058,TN_GAJA_2018,TRUE,61.461124997506296,100.0
TN_GAJA_2018_005670,TN_GAJA_2018,TRUE,13.798884271384182,100.0
TN_GAJA_2018_005744,TN_GAJA_2018,TRUE,33.3948120985964,100.0
TN_GAJA_2018_009971,TN_GAJA_2018,TRUE,50.108705397586206,100.0
TN_GAJA_2018_014542,TN_GAJA_2018,TRUE,103.89183405859345,100.0
TN_GAJA_2018_028496,TN_GAJA_2018,TRUE,293.45761032921916,100.0
TN_GAJA_2018_042786,TN_GAJA_2018,TRUE,27.02363627648259,100.0
TN_GAJA_2018_052806,TN_GAJA_2018,TRUE,49.50380593149127,100.0
TN_GAJA_2018_061057,TN_GAJA_2018,TRUE,45.89697106295416,100.0
TN_GAJA_2018_069059,TN_GAJA_2018,TRUE,15960.08041302335,100.0
TN_GAJA_2018_000016,TN_GAJA_2018,TRUE,22.34171637201616,100.0
TN_GAJA_2018_000156,TN_GAJA_2018,TRUE,33.93307776956854,100.0
TN_GAJA_2018_006272,TN_GAJA_2018,TRUE,47.041601607831524,100.0
TN_GAJA_2018_010241,TN_GAJA_2018,TRUE,34.3234323997847,100.0
TN_GAJA_2018_016722,TN_GAJA_2018,TRUE,10.193550534622194,100.0
TN_GAJA_2018_033200,TN_GAJA_2018,TRUE,16.199564926369053,100.0
TN_GAJA_2018_033872,TN_GAJA_2018,TRUE,9.410277834446692,100.0
TN_GAJA_2018_046717,TN_GAJA_2018,TRUE,55.4856580160828,100.0
TN_GAJA_2018_054480,TN_GAJA_2018,TRUE,28.454234184840807,100.0
TN_GAJA_2018_063716,TN_GAJA_2018,TRUE,139.93878513397323,100.0
TN_GAJA_2018_000080,TN_GAJA_2018,TRUE,76.39017213483197,100.0
TN_GAJA_2018_006291,TN_GAJA_2018,TRUE,16.433322071038955,100.0
TN_GAJA_2018_006391,TN_GAJA_2018,TRUE,38.108005977159465,100.0
TN_GAJA_2018_010333,TN_GAJA_2018,TRUE,25.11755908027898,100.0
TN_GAJA_2018_016725,TN_GAJA_2018,TRUE,24.006248985148545,100.0
TN_GAJA_2018_046706,TN_GAJA_2018,TRUE,17.526660755578042,100.0
TN_GAJA_2018_046711,TN_GAJA_2018,TRUE,18.207082795746743,100.0
TN_GAJA_2018_054462,TN_GAJA_2018,TRUE,21.50014008063254,100.0
TN_GAJA_2018_063658,TN_GAJA_2018,TRUE,34.12397043247271,100.0
TN_GAJA_2018_001114,TN_GAJA_2018,TRUE,19.729393629945427,100.0
TN_GAJA_2018_001244,TN_GAJA_2018,TRUE,41.96923959657296,100.0
TN_GAJA_2018_006795,TN_GAJA_2018,TRUE,43.06322206885689,100.0
TN_GAJA_2018_011253,TN_GAJA_2018,TRUE,69.94684204745204,100.0
TN_GAJA_2018_017114,TN_GAJA_2018,TRUE,34.683289569910215,100.0
TN_GAJA_2018_034734,TN_GAJA_2018,TRUE,46.41532541169023,100.0
TN_GAJA_2018_035283,TN_GAJA_2018,TRUE,37.83909208561957,100.0
TN_GAJA_2018_047567,TN_GAJA_2018,TRUE,15.129878843009319,100.0
TN_GAJA_2018_054779,TN_GAJA_2018,TRUE,49.856430144296375,100.0
TN_GAJA_2018_064307,TN_GAJA_2018,TRUE,29.17464123205267,100.0
TN_GAJA_2018_001134,TN_GAJA_2018,TRUE,97.91342096054066,100.0
TN_GAJA_2018_001272,TN_GAJA_2018,TRUE,66.19473386673532,100.0
TN_GAJA_2018_006826,TN_GAJA_2018,TRUE,20.472259831717555,100.0
TN_GAJA_2018_011483,TN_GAJA_2018,TRUE,27.297040464040215,100.0
TN_GAJA_2018_017102,TN_GAJA_2018,TRUE,26.06684294407703,100.0
TN_GAJA_2018_034765,TN_GAJA_2018,TRUE,54.94395973646464,100.0
TN_GAJA_2018_035285,TN_GAJA_2018,TRUE,59.6064307074608,100.0
TN_GAJA_2018_047800,TN_GAJA_2018,TRUE,14.262456837951179,100.0
TN_GAJA_2018_054887,TN_GAJA_2018,TRUE,9.327073108024887,100.0
TN_GAJA_2018_064403,TN_GAJA_2018,TRUE,14.268321164823787,100.0
TN_GAJA_2018_002213,TN_GAJA_2018,TRUE,45.174133929534676,100.0
TN_GAJA_2018_002377,TN_GAJA_2018,TRUE,129.68888228433107,100.0
TN_GAJA_2018_007855,TN_GAJA_2018,TRUE,111.69065592581791,100.0
TN_GAJA_2018_012105,TN_GAJA_2018,TRUE,20.81251746381839,100.0
TN_GAJA_2018_019868,TN_GAJA_2018,TRUE,58.21179466900905,100.0
TN_GAJA_2018_036124,TN_GAJA_2018,TRUE,47.995928196194086,100.0
TN_GAJA_2018_048527,TN_GAJA_2018,TRUE,39.11621130204453,100.0
TN_GAJA_2018_048517,TN_GAJA_2018,TRUE,22.09426741833008,100.0
TN_GAJA_2018_055310,TN_GAJA_2018,TRUE,114.72768066129598,100.0
TN_GAJA_2018_065097,TN_GAJA_2018,TRUE,75.10214837554022,100.0
TN_GAJA_2018_002403,TN_GAJA_2018,TRUE,17.074773524267854,100.0
TN_GAJA_2018_002386,TN_GAJA_2018,TRUE,22.268680276052095,100.0
TN_GAJA_2018_008620,TN_GAJA_2018,TRUE,138.5013182540034,100.0
TN_GAJA_2018_012234,TN_GAJA_2018,TRUE,19.52818445311516,100.0
TN_GAJA_2018_019980,TN_GAJA_2018,TRUE,88.72849964767664,100.0
TN_GAJA_2018_036147,TN_GAJA_2018,TRUE,48.43376916188754,100.0
TN_GAJA_2018_038149,TN_GAJA_2018,TRUE,24.47894769994803,100.0
TN_GAJA_2018_048824,TN_GAJA_2018,TRUE,147.9282303138681,100.0
TN_GAJA_2018_055623,TN_GAJA_2018,TRUE,42.596142011669826,100.0
TN_GAJA_2018_065094,TN_GAJA_2018,TRUE,19.557489732978212,100.0
TN_GAJA_2018_003863,TN_GAJA_2018,TRUE,42.425723013873366,100.0
TN_GAJA_2018_003921,TN_GAJA_2018,TRUE,44.876085883646425,100.0
TN_GAJA_2018_008602,TN_GAJA_2018,TRUE,27.44776350964601,100.0
TN_GAJA_2018_013783,TN_GAJA_2018,TRUE,20.462870339444475,100.0
TN_GAJA_2018_023561,TN_GAJA_2018,TRUE,85.91334488739051,100.0
TN_GAJA_2018_037709,TN_GAJA_2018,TRUE,60.51663306511046,100.0
TN_GAJA_2018_037811,TN_GAJA_2018,TRUE,24.235770551601416,100.0
TN_GAJA_2018_049334,TN_GAJA_2018,TRUE,17.501725340412143,100.0
TN_GAJA_2018_056063,TN_GAJA_2018,TRUE,88.03155203305805,100.0
TN_GAJA_2018_066059,TN_GAJA_2018,TRUE,45.22293606626364,100.0
TN_GAJA_2018_005673,TN_GAJA_2018,TRUE,60.98714917316518,100.0
TN_GAJA_2018_005749,TN_GAJA_2018,TRUE,9.665643035980525,100.0
TN_GAJA_2018_009974,TN_GAJA_2018,TRUE,21.886088236470606,100.0
TN_GAJA_2018_014543,TN_GAJA_2018,TRUE,64.25681171877464,100.0
TN_GAJA_2018_042676,TN_GAJA_2018,TRUE,44.635869915933036,100.0
TN_GAJA_2018_052808,TN_GAJA_2018,TRUE,20.711061294194792,100.0
TN_GAJA_2018_061059,TN_GAJA_2018,TRUE,183.86905349001054,100.0
TN_GAJA_2018_069071,TN_GAJA_2018,TRUE,399.1056465922068,100.0
TN_GAJA_2018_000017,TN_GAJA_2018,TRUE,11.346342409395586,100.0
TN_GAJA_2018_000158,TN_GAJA_2018,TRUE,21.127572286128093,100.0
TN_GAJA_2018_006276,TN_GAJA_2018,TRUE,17.246338912688785,100.0
TN_GAJA_2018_010242,TN_GAJA_2018,TRUE,85.87394946178833,100.0
TN_GAJA_2018_016723,TN_GAJA_2018,TRUE,17.10086179450578,100.0
TN_GAJA_2018_033201,TN_GAJA_2018,TRUE,58.60343865328902,100.0
TN_GAJA_2018_033889,TN_GAJA_2018,TRUE,49.9847664810563,100.0
TN_GAJA_2018_046721,TN_GAJA_2018,TRUE,57.31522995198105,100.0
TN_GAJA_2018_054484,TN_GAJA_2018,TRUE,15.735104275950825,100.0
TN_GAJA_2018_063723,TN_GAJA_2018,TRUE,33.937491016474105,100.0
TN_GAJA_2018_000095,TN_GAJA_2018,TRUE,17.590563146627936,100.0
TN_GAJA_2018_006292,TN_GAJA_2018,TRUE,19.675998005716785,100.0
TN_GAJA_2018_006402,TN_GAJA_2018,TRUE,40.15157204422817,100.0
TN_GAJA_2018_010347,TN_GAJA_2018,TRUE,24.801397724017136,100.0
TN_GAJA_2018_016729,TN_GAJA_2018,TRUE,46.745806889102035,100.0
TN_GAJA_2018_033190,TN_GAJA_2018,TRUE,46.44625117126921,100.0
TN_GAJA_2018_046715,TN_GAJA_2018,TRUE,15.67413888978292,100.0
TN_GAJA_2018_046716,TN_GAJA_2018,TRUE,8.801758570574593,100.0
TN_GAJA_2018_054463,TN_GAJA_2018,TRUE,75.57593537767383,100.0
TN_GAJA_2018_063662,TN_GAJA_2018,TRUE,20.87930700531978,100.0
TN_GAJA_2018_001116,TN_GAJA_2018,TRUE,44.99994887101088,100.0
TN_GAJA_2018_001246,TN_GAJA_2018,TRUE,65.99031923750663,100.0
TN_GAJA_2018_006801,TN_GAJA_2018,TRUE,35.006476910491045,100.0
TN_GAJA_2018_011255,TN_GAJA_2018,TRUE,28.7012928295359,100.0
TN_GAJA_2018_017115,TN_GAJA_2018,TRUE,57.59293258763818,100.0
TN_GAJA_2018_034736,TN_GAJA_2018,TRUE,19.171333625124877,100.0
TN_GAJA_2018_035310,TN_GAJA_2018,TRUE,25.258245810856014,100.0
TN_GAJA_2018_047577,TN_GAJA_2018,TRUE,13.22374365762802,100.0
TN_GAJA_2018_054780,TN_GAJA_2018,TRUE,26.141483351707386,100.0
TN_GAJA_2018_064308,TN_GAJA_2018,TRUE,82.01846345394141,100.0
TN_GAJA_2018_001135,TN_GAJA_2018,TRUE,14.764451851117395,100.0
TN_GAJA_2018_001274,TN_GAJA_2018,TRUE,43.89440807830886,100.0
TN_GAJA_2018_006830,TN_GAJA_2018,TRUE,19.000830120247755,100.0
TN_GAJA_2018_011544,TN_GAJA_2018,TRUE,15.68846800442253,100.0
TN_GAJA_2018_017106,TN_GAJA_2018,TRUE,28.910108978464017,100.0
TN_GAJA_2018_034768,TN_GAJA_2018,TRUE,64.00589893243138,100.0
TN_GAJA_2018_035406,TN_GAJA_2018,TRUE,230.45585580230673,100.0
TN_GAJA_2018_047866,TN_GAJA_2018,TRUE,72.43340725378353,100.0
TN_GAJA_2018_054888,TN_GAJA_2018,TRUE,169.7971990307952,100.0
TN_GAJA_2018_064433,TN_GAJA_2018,TRUE,68.99542588900451,100.0
TN_GAJA_2018_002214,TN_GAJA_2018,TRUE,62.71998508708132,100.0
TN_GAJA_2018_002379,TN_GAJA_2018,TRUE,29.48750224797827,100.0
TN_GAJA_2018_007856,TN_GAJA_2018,TRUE,10.197104047112138,100.0
TN_GAJA_2018_012106,TN_GAJA_2018,TRUE,32.52599996111741,100.0
TN_GAJA_2018_019869,TN_GAJA_2018,TRUE,98.70904317019503,100.0
TN_GAJA_2018_036125,TN_GAJA_2018,TRUE,28.53452906785604,100.0
TN_GAJA_2018_048530,TN_GAJA_2018,TRUE,16.133518993445392,100.0
TN_GAJA_2018_048518,TN_GAJA_2018,TRUE,34.87439624503115,100.0
TN_GAJA_2018_055312,TN_GAJA_2018,TRUE,37.94799654307323,100.0
TN_GAJA_2018_065098,TN_GAJA_2018,TRUE,12.78031079449346,100.0
TN_GAJA_2018_002423,TN_GAJA_2018,TRUE,31.08797290657332,100.0
TN_GAJA_2018_002405,TN_GAJA_2018,TRUE,13.151502577330756,100.0
TN_GAJA_2018_008627,TN_GAJA_2018,TRUE,50.54964567341081,100.0
TN_NIVAR_2020_000022,TN_NIVAR_2020,TRUE,16.324649177059467,100.0
TN_NIVAR_2020_008545,TN_NIVAR_2020,TRUE,52.22207353566374,100.0
TN_NIVAR_2020_016999,TN_NIVAR_2020,TRUE,17.32529163813309,100.0
TN_NIVAR_2020_029833,TN_NIVAR_2020,TRUE,9.28864800716331,100.0
TN_NIVAR_2020_048040,TN_NIVAR_2020,TRUE,36.33829279925588,100.0
TN_NIVAR_2020_069495,TN_NIVAR_2020,TRUE,15.67414289162663,100.0
TN_NIVAR_2020_085402,TN_NIVAR_2020,TRUE,67.50654357734211,100.0
TN_NIVAR_2020_096325,TN_NIVAR_2020,TRUE,52.22822690227617,100.0
TN_NIVAR_2020_000002,TN_NIVAR_2020,TRUE,22.93604998098495,100.0
TN_NIVAR_2020_000119,TN_NIVAR_2020,TRUE,22.95819276886205,100.0
TN_NIVAR_2020_008628,TN_NIVAR_2020,TRUE,35.83600014658633,100.0
TN_NIVAR_2020_016991,TN_NIVAR_2020,TRUE,18.96929649067585,100.0
TN_NIVAR_2020_029834,TN_NIVAR_2020,TRUE,44.4465570318812,100.0
TN_NIVAR_2020_029832,TN_NIVAR_2020,TRUE,31.11881378938,100.0
TN_NIVAR_2020_048043,TN_NIVAR_2020,TRUE,104.03429903882477,100.0
TN_NIVAR_2020_069514,TN_NIVAR_2020,TRUE,18.275122784171444,100.0
TN_NIVAR_2020_085401,TN_NIVAR_2020,TRUE,20.93095235923535,100.0
TN_NIVAR_2020_096322,TN_NIVAR_2020,TRUE,32.69393782837242,100.0
TN_NIVAR_2020_000717,TN_NIVAR_2020,TRUE,38.14273009760407,100.0
TN_NIVAR_2020_000716,TN_NIVAR_2020,TRUE,38.27977846525913,100.0
TN_NIVAR_2020_009976,TN_NIVAR_2020,TRUE,23.376282113797075,100.0
TN_NIVAR_2020_017761,TN_NIVAR_2020,TRUE,43.569716977431824,100.0
TN_NIVAR_2020_030748,TN_NIVAR_2020,TRUE,13.795269150398061,100.0
TN_NIVAR_2020_030993,TN_NIVAR_2020,TRUE,147.70708126953247,100.0
TN_NIVAR_2020_051800,TN_NIVAR_2020,TRUE,61.480768576705586,100.0
TN_NIVAR_2020_071729,TN_NIVAR_2020,TRUE,48.72256354800055,100.0
TN_NIVAR_2020_086359,TN_NIVAR_2020,TRUE,10.834276741332637,100.0
TN_NIVAR_2020_097192,TN_NIVAR_2020,TRUE,26.514336187664583,100.0
TN_NIVAR_2020_000743,TN_NIVAR_2020,TRUE,26.373336987307187,100.0
TN_NIVAR_2020_002057,TN_NIVAR_2020,TRUE,12.958950515573022,100.0
TN_NIVAR_2020_010379,TN_NIVAR_2020,TRUE,26.97140366599905,100.0
TN_NIVAR_2020_017762,TN_NIVAR_2020,TRUE,30.749312430338268,100.0
TN_NIVAR_2020_030755,TN_NIVAR_2020,TRUE,30.132039257933812,100.0
TN_NIVAR_2020_032438,TN_NIVAR_2020,TRUE,108.45215378727625,100.0
TN_NIVAR_2020_051786,TN_NIVAR_2020,TRUE,153.78199439545352,100.0
TN_NIVAR_2020_071859,TN_NIVAR_2020,TRUE,69.92885658730387,100.0
TN_NIVAR_2020_086361,TN_NIVAR_2020,TRUE,47.31961950612022,100.0
TN_NIVAR_2020_097194,TN_NIVAR_2020,TRUE,38.47235755254173,100.0
TN_NIVAR_2020_002049,TN_NIVAR_2020,TRUE,14.380231798625077,100.0
TN_NIVAR_2020_002050,TN_NIVAR_2020,TRUE,21.090312026582467,100.0
TN_NIVAR_2020_010764,TN_NIVAR_2020,TRUE,30.27235928445582,100.0
TN_NIVAR_2020_018442,TN_NIVAR_2020,TRUE,59.09052552624702,100.0
TN_NIVAR_2020_034155,TN_NIVAR_2020,TRUE,116.7901952988948,100.0
TN_NIVAR_2020_038582,TN_NIVAR_2020,TRUE,152.64660320352164,100.0
TN_NIVAR_2020_054603,TN_NIVAR_2020,TRUE,21.74778402623617,100.0
TN_NIVAR_2020_073661,TN_NIVAR_2020,TRUE,13.427299340380017,100.0
TN_NIVAR_2020_088255,TN_NIVAR_2020,TRUE,25.595137660609613,100.0
TN_NIVAR_2020_098624,TN_NIVAR_2020,TRUE,62.91124498736295,100.0
TN_NIVAR_2020_005129,TN_NIVAR_2020,TRUE,78.69225567373596,100.0
TN_NIVAR_2020_005137,TN_NIVAR_2020,TRUE,144.90052904122555,100.0
TN_NIVAR_2020_011953,TN_NIVAR_2020,TRUE,22.043316410057642,100.0
TN_NIVAR_2020_019963,TN_NIVAR_2020,TRUE,47.56913990924202,100.0
TN_NIVAR_2020_039115,TN_NIVAR_2020,TRUE,33.71919302148785,100.0
TN_NIVAR_2020_059526,TN_NIVAR_2020,TRUE,9.87786233960977,100.0
TN_NIVAR_2020_078622,TN_NIVAR_2020,TRUE,69.51130843378913,100.0
TN_NIVAR_2020_090631,TN_NIVAR_2020,TRUE,49.292453789843464,100.0
TN_NIVAR_2020_102762,TN_NIVAR_2020,TRUE,61.298052662707406,100.0
TN_NIVAR_2020_005135,TN_NIVAR_2020,TRUE,45.392088479613044,100.0
TN_NIVAR_2020_005134,TN_NIVAR_2020,TRUE,72.66908872481412,100.0
TN_NIVAR_2020_011958,TN_NIVAR_2020,TRUE,87.4215133454133,100.0
TN_NIVAR_2020_019969,TN_NIVAR_2020,TRUE,27.857616166678717,100.0
TN_NIVAR_2020_039117,TN_NIVAR_2020,TRUE,38.51331523592681,100.0
TN_NIVAR_2020_059523,TN_NIVAR_2020,TRUE,8.856841738540968,100.0
TN_NIVAR_2020_059535,TN_NIVAR_2020,TRUE,69.24443151010162,100.0
TN_NIVAR_2020_078625,TN_NIVAR_2020,TRUE,385.56884972521453,100.0
TN_NIVAR_2020_090625,TN_NIVAR_2020,TRUE,50.56574112488802,100.0
TN_NIVAR_2020_102761,TN_NIVAR_2020,TRUE,19.744200646269533,100.0
TN_NIVAR_2020_008397,TN_NIVAR_2020,TRUE,34.106606464345745,100.0
TN_NIVAR_2020_016926,TN_NIVAR_2020,TRUE,17.321755472682725,100.0
TN_NIVAR_2020_024895,TN_NIVAR_2020,TRUE,24.286048558687966,100.0
TN_NIVAR_2020_044064,TN_NIVAR_2020,TRUE,37.585444001703074,100.0
TN_NIVAR_2020_064445,TN_NIVAR_2020,TRUE,11.951294813071405,100.0
TN_NIVAR_2020_064455,TN_NIVAR_2020,TRUE,34.452649887315495,100.0
TN_NIVAR_2020_083293,TN_NIVAR_2020,TRUE,37.91241288922397,100.0
TN_NIVAR_2020_091816,TN_NIVAR_2020,TRUE,16.98791985817254,100.0
TN_NIVAR_2020_104120,TN_NIVAR_2020,TRUE,115.31659181668086,100.0
TN_NIVAR_2020_016990,TN_NIVAR_2020,TRUE,66.32449313743342,100.0
TN_NIVAR_2020_044283,TN_NIVAR_2020,TRUE,35.84016509615978,100.0
TN_NIVAR_2020_064501,TN_NIVAR_2020,TRUE,7.621433779647029,100.0
TN_NIVAR_2020_064465,TN_NIVAR_2020,TRUE,23.479346407687203,100.0
TN_NIVAR_2020_083773,TN_NIVAR_2020,TRUE,139.88208746860315,100.0
TN_NIVAR_2020_091889,TN_NIVAR_2020,TRUE,23.180075143735344,100.0
TN_NIVAR_2020_104119,TN_NIVAR_2020,TRUE,35.20361229381355,100.0
TN_NIVAR_2020_069490,TN_NIVAR_2020,TRUE,32.875043662636685,100.0
TN_NIVAR_2020_085395,TN_NIVAR_2020,TRUE,103.10690855240017,100.0
TN_NIVAR_2020_085060,TN_NIVAR_2020,TRUE,82.92566466972191,100.0
TN_NIVAR_2020_095919,TN_NIVAR_2020,TRUE,9.298894733031664,100.0
TN_NIVAR_2020_107800,TN_NIVAR_2020,TRUE,37.50763572040541,100.0
TN_NIVAR_2020_000034,TN_NIVAR_2020,TRUE,33.681201762534734,100.0
TN_NIVAR_2020_008553,TN_NIVAR_2020,TRUE,12.467526931690507,100.0
TN_NIVAR_2020_017000,TN_NIVAR_2020,TRUE,138.55859286780432,100.0
TN_NIVAR_2020_029837,TN_NIVAR_2020,TRUE,112.12941814434397,100.0
TN_NIVAR_2020_048039,TN_NIVAR_2020,TRUE,29.92288914383538,100.0
TN_NIVAR_2020_048041,TN_NIVAR_2020,TRUE,67.22908385687319,100.0
TN_NIVAR_2020_069496,TN_NIVAR_2020,TRUE,21.694757126552048,100.0
TN_NIVAR_2020_085404,TN_NIVAR_2020,TRUE,41.21869911034179,100.0
TN_NIVAR_2020_096332,TN_NIVAR_2020,TRUE,18.49928353724949,100.0
TN_NIVAR_2020_000190,TN_NIVAR_2020,TRUE,11.896025523141606,100.0
TN_NIVAR_2020_008755,TN_NIVAR_2020,TRUE,93.33654749775567,100.0
TN_NIVAR_2020_016994,TN_NIVAR_2020,TRUE,81.82199828480273,100.0
TN_NIVAR_2020_029835,TN_NIVAR_2020,TRUE,35.768385757699235,100.0
TN_NIVAR_2020_029839,TN_NIVAR_2020,TRUE,137.5141776444308,100.0
TN_NIVAR_2020_048056,TN_NIVAR_2020,TRUE,21.710299513491343,100.0
TN_NIVAR_2020_069524,TN_NIVAR_2020,TRUE,10.01940459454049,100.0
TN_NIVAR_2020_085403,TN_NIVAR_2020,TRUE,14.17338660269074,100.0
TN_NIVAR_2020_096324,TN_NIVAR_2020,TRUE,13.999715048511913,100.0
TN_NIVAR_2020_000718,TN_NIVAR_2020,TRUE,78.95747652147159,100.0
TN_NIVAR_2020_000719,TN_NIVAR_2020,TRUE,14.353375717487317,100.0
TN_NIVAR_2020_009980,TN_NIVAR_2020,TRUE,44.569157279391234,100.0
TN_NIVAR_2020_017763,TN_NIVAR_2020,TRUE,120.55180967806608,100.0
TN_NIVAR_2020_030749,TN_NIVAR_2020,TRUE,32.731488479253045,100.0
TN_NIVAR_2020_031502,TN_NIVAR_2020,TRUE,24.4485019470795,100.0
TN_NIVAR_2020_051806,TN_NIVAR_2020,TRUE,45.61604782521117,100.0
TN_NIVAR_2020_071819,TN_NIVAR_2020,TRUE,63.6891231286044,100.0
TN_NIVAR_2020_086360,TN_NIVAR_2020,TRUE,20.20311931995647,100.0
TN_NIVAR_2020_097193,TN_NIVAR_2020,TRUE,106.87209139292324,100.0
TN_NIVAR_2020_000748,TN_NIVAR_2020,TRUE,20.48759719899425,100.0
TN_NIVAR_2020_002067,TN_NIVAR_2020,TRUE,71.62588696059163,100.0
TN_NIVAR_2020_010701,TN_NIVAR_2020,TRUE,10.260918188090605,100.0
TN_NIVAR_2020_017768,TN_NIVAR_2020,TRUE,84.68481073070008,100.0
TN_NIVAR_2020_030756,TN_NIVAR_2020,TRUE,99.7634452165373,100.0
TN_NIVAR_2020_033450,TN_NIVAR_2020,TRUE,169.81984714842443,100.0
TN_NIVAR_2020_071988,TN_NIVAR_2020,TRUE,79.55797033983053,100.0
TN_NIVAR_2020_086367,TN_NIVAR_2020,TRUE,67.29854125202274,100.0
TN_NIVAR_2020_097196,TN_NIVAR_2020,TRUE,39.25334088169053,100.0
TN_NIVAR_2020_002052,TN_NIVAR_2020,TRUE,21.085039548715677,100.0
TN_NIVAR_2020_002065,TN_NIVAR_2020,TRUE,57.08261550810404,100.0
TN_NIVAR_2020_010977,TN_NIVAR_2020,TRUE,17.9848817070835,100.0
TN_NIVAR_2020_018443,TN_NIVAR_2020,TRUE,52.72312211661208,100.0
TN_NIVAR_2020_034157,TN_NIVAR_2020,TRUE,69.02431937667123,100.0
TN_NIVAR_2020_041904,TN_NIVAR_2020,TRUE,712.7661777102205,100.0
TN_NIVAR_2020_054605,TN_NIVAR_2020,TRUE,26.923207652320286,100.0
TN_NIVAR_2020_073690,TN_NIVAR_2020,TRUE,48.98199038002795,100.0
TN_NIVAR_2020_088259,TN_NIVAR_2020,TRUE,51.51351451343002,100.0
TN_NIVAR_2020_098628,TN_NIVAR_2020,TRUE,58.181104224468626,100.0
TN_NIVAR_2020_005130,TN_NIVAR_2020,TRUE,82.23253910084478,100.0
TN_NIVAR_2020_005145,TN_NIVAR_2020,TRUE,33.58558146185434,100.0
TN_NIVAR_2020_011954,TN_NIVAR_2020,TRUE,23.958582671088834,100.0
TN_NIVAR_2020_019976,TN_NIVAR_2020,TRUE,14.736912143137674,100.0
TN_NIVAR_2020_039116,TN_NIVAR_2020,TRUE,18.955235826247886,100.0
TN_NIVAR_2020_059522,TN_NIVAR_2020,TRUE,58.03133936436228,100.0
TN_NIVAR_2020_059532,TN_NIVAR_2020,TRUE,34.171814811139456,100.0
TN_NIVAR_2020_078641,TN_NIVAR_2020,TRUE,51.96968956562088,100.0
TN_NIVAR_2020_090641,TN_NIVAR_2020,TRUE,16.275626107049735,100.0
TN_NIVAR_2020_102763,TN_NIVAR_2020,TRUE,82.52853769240079,100.0
TN_NIVAR_2020_005136,TN_NIVAR_2020,TRUE,26.463823464888797,100.0
TN_NIVAR_2020_005153,TN_NIVAR_2020,TRUE,37.072235036632186,100.0
TN_NIVAR_2020_011967,TN_NIVAR_2020,TRUE,17.76915907647173,100.0
TN_NIVAR_2020_019971,TN_NIVAR_2020,TRUE,66.6208038912522,100.0
TN_NIVAR_2020_039122,TN_NIVAR_2020,TRUE,34.16778134270779,100.0
TN_NIVAR_2020_059524,TN_NIVAR_2020,TRUE,39.80804745789985,100.0
TN_NIVAR_2020_059538,TN_NIVAR_2020,TRUE,35.16982649277142,100.0
TN_NIVAR_2020_078626,TN_NIVAR_2020,TRUE,43.48392801165523,100.0
TN_NIVAR_2020_090627,TN_NIVAR_2020,TRUE,31.80883145143759,100.0
TN_NIVAR_2020_102765,TN_NIVAR_2020,TRUE,50.73816026706831,100.0
TN_NIVAR_2020_016928,TN_NIVAR_2020,TRUE,37.536989697332935,100.0
TN_NIVAR_2020_024899,TN_NIVAR_2020,TRUE,70.84854855172148,100.0
TN_NIVAR_2020_044066,TN_NIVAR_2020,TRUE,22.084286069180802,100.0
TN_NIVAR_2020_064446,TN_NIVAR_2020,TRUE,45.373899264640784,100.0
TN_NIVAR_2020_064458,TN_NIVAR_2020,TRUE,48.89603705064411,100.0
TN_NIVAR_2020_083304,TN_NIVAR_2020,TRUE,50.39171412597002,100.0
TN_NIVAR_2020_091817,TN_NIVAR_2020,TRUE,9.19411920747098,100.0
TN_NIVAR_2020_045134,TN_NIVAR_2020,TRUE,8.229753372363323,100.0
TN_NIVAR_2020_064582,TN_NIVAR_2020,TRUE,16.813119417240443,100.0
TN_NIVAR_2020_064494,TN_NIVAR_2020,TRUE,31.430535384394886,100.0
TN_NIVAR_2020_083923,TN_NIVAR_2020,TRUE,5.819755070367405,100.0
TN_NIVAR_2020_091898,TN_NIVAR_2020,TRUE,73.98081218328397,100.0
TN_NIVAR_2020_104126,TN_NIVAR_2020,TRUE,84.33251939933065,100.0
TN_NIVAR_2020_085398,TN_NIVAR_2020,TRUE,26.502292024035274,100.0
TN_NIVAR_2020_085212,TN_NIVAR_2020,TRUE,48.54677608582885,100.0
TN_NIVAR_2020_107806,TN_NIVAR_2020,TRUE,77.60548141313635,100.0
TN_NIVAR_2020_000005,TN_NIVAR_2020,TRUE,55.97671527400545,100.0
TN_NIVAR_2020_000062,TN_NIVAR_2020,TRUE,58.573645773220974,100.0
TN_NIVAR_2020_008564,TN_NIVAR_2020,TRUE,152.75781257494907,100.0
TN_NIVAR_2020_017001,TN_NIVAR_2020,TRUE,32.25213586318738,100.0
TN_NIVAR_2020_029847,TN_NIVAR_2020,TRUE,11.189209448237413,100.0
TN_NIVAR_2020_048044,TN_NIVAR_2020,TRUE,24.197249634324415,100.0
TN_NIVAR_2020_048057,TN_NIVAR_2020,TRUE,35.82169990009977,100.0
TN_NIVAR_2020_085405,TN_NIVAR_2020,TRUE,29.87815654604072,100.0
TN_NIVAR_2020_096333,TN_NIVAR_2020,TRUE,98.0689824639004,100.0
TN_NIVAR_2020_000302,TN_NIVAR_2020,TRUE,13.830931460811541,100.0
TN_NIVAR_2020_009166,TN_NIVAR_2020,TRUE,14.133124564720369,100.0
TN_NIVAR_2020_016995,TN_NIVAR_2020,TRUE,25.28022296632615,100.0
TN_NIVAR_2020_029836,TN_NIVAR_2020,TRUE,64.68677302857475,100.0
TN_NIVAR_2020_029897,TN_NIVAR_2020,TRUE,280.2388145325307,100.0
TN_NIVAR_2020_048061,TN_NIVAR_2020,TRUE,55.711202266455246,100.0
TN_NIVAR_2020_069542,TN_NIVAR_2020,TRUE,36.15138686933342,100.0
TN_NIVAR_2020_085408,TN_NIVAR_2020,TRUE,40.67183553072611,100.0
TN_NIVAR_2020_096326,TN_NIVAR_2020,TRUE,21.826450933699668,100.0
TN_NIVAR_2020_000720,TN_NIVAR_2020,TRUE,19.975908336080238,100.0
TN_NIVAR_2020_000722,TN_NIVAR_2020,TRUE,18.914394722480765,100.0
TN_NIVAR_2020_009983,TN_NIVAR_2020,TRUE,30.632970500258452,100.0
TN_NIVAR_2020_017767,TN_NIVAR_2020,TRUE,22.195025344079525,100.0
TN_NIVAR_2020_030750,TN_NIVAR_2020,TRUE,57.25291013197844,100.0
TN_NIVAR_2020_031555,TN_NIVAR_2020,TRUE,391.39530961454506,100.0
TN_NIVAR_2020_051820,TN_NIVAR_2020,TRUE,53.395159179764825,100.0
TN_NIVAR_2020_071861,TN_NIVAR_2020,TRUE,16.075996059367785,100.0
TN_NIVAR_2020_086364,TN_NIVAR_2020,TRUE,25.870283658603146,100.0
TN_NIVAR_2020_097197,TN_NIVAR_2020,TRUE,9.606371024921707,100.0
TN_NIVAR_2020_000787,TN_NIVAR_2020,TRUE,53.01735542469466,100.0
TN_NIVAR_2020_002070,TN_NIVAR_2020,TRUE,30.231055439464022,100.0
TN_NIVAR_2020_010807,TN_NIVAR_2020,TRUE,14.298555124968287,100.0
TN_NIVAR_2020_017769,TN_NIVAR_2020,TRUE,65.36988498082476,100.0
TN_NIVAR_2020_030764,TN_NIVAR_2020,TRUE,122.45345433079225,100.0
TN_NIVAR_2020_035889,TN_NIVAR_2020,TRUE,230.41753283270822,100.0
TN_NIVAR_2020_051792,TN_NIVAR_2020,TRUE,201.79574131745406,100.0
TN_NIVAR_2020_071991,TN_NIVAR_2020,TRUE,26.858316955483566,100.0
TN_NIVAR_2020_086375,TN_NIVAR_2020,TRUE,75.16789625722629,100.0
TN_NIVAR_2020_097208,TN_NIVAR_2020,TRUE,9.459033504709339,100.0
TN_NIVAR_2020_002053,TN_NIVAR_2020,TRUE,22.198421776123407,100.0
TN_NIVAR_2020_002069,TN_NIVAR_2020,TRUE,110.67561745810465,100.0
TN_NIVAR_2020_011011,TN_NIVAR_2020,TRUE,16.33031274479093,100.0
TN_NIVAR_2020_018445,TN_NIVAR_2020,TRUE,49.500384171475375,100.0
TN_NIVAR_2020_034158,TN_NIVAR_2020,TRUE,95.9443771795766,100.0
TN_NIVAR_2020_054597,TN_NIVAR_2020,TRUE,18.228767657151078,100.0
TN_NIVAR_2020_054616,TN_NIVAR_2020,TRUE,146.27695139145715,100.0
TN_NIVAR_2020_073709,TN_NIVAR_2020,TRUE,27.326063254988654,100.0
TN_NIVAR_2020_088260,TN_NIVAR_2020,TRUE,104.7351538735378,100.0
TN_NIVAR_2020_005131,TN_NIVAR_2020,TRUE,7.287773698202125,100.0
TN_NIVAR_2020_005147,TN_NIVAR_2020,TRUE,70.41136659498854,100.0
TN_NIVAR_2020_011955,TN_NIVAR_2020,TRUE,40.9539762910625,100.0
TN_NIVAR_2020_019978,TN_NIVAR_2020,TRUE,63.60810164871891,100.0
TN_NIVAR_2020_039118,TN_NIVAR_2020,TRUE,52.73051513874094,100.0
TN_NIVAR_2020_059545,TN_NIVAR_2020,TRUE,104.45335529405722,100.0
TN_NIVAR_2020_078645,TN_NIVAR_2020,TRUE,49.342908103842845,100.0
TN_NIVAR_2020_090642,TN_NIVAR_2020,TRUE,88.24496791884484,100.0
TN_NIVAR_2020_102764,TN_NIVAR_2020,TRUE,12.531079373367247,100.0
TN_NIVAR_2020_005146,TN_NIVAR_2020,TRUE,50.69355270052446,100.0
TN_NIVAR_2020_005155,TN_NIVAR_2020,TRUE,110.06362031173349,100.0
TN_NIVAR_2020_011968,TN_NIVAR_2020,TRUE,99.88985703700882,100.0
TN_NIVAR_2020_019977,TN_NIVAR_2020,TRUE,97.90721255752152,100.0
TN_NIVAR_2020_039123,TN_NIVAR_2020,TRUE,34.01150174523621,100.0
TN_NIVAR_2020_059530,TN_NIVAR_2020,TRUE,132.49180828158788,100.0
TN_NIVAR_2020_059544,TN_NIVAR_2020,TRUE,65.32715910349287,100.0
TN_NIVAR_2020_078634,TN_NIVAR_2020,TRUE,22.335883719182934,100.0
TN_NIVAR_2020_090628,TN_NIVAR_2020,TRUE,144.9740244339647,100.0
TN_NIVAR_2020_102766,TN_NIVAR_2020,TRUE,42.725381716891455,100.0
TN_NIVAR_2020_024902,TN_NIVAR_2020,TRUE,71.7515946507118,100.0
TN_NIVAR_2020_024903,TN_NIVAR_2020,TRUE,21.179220254924658,100.0
TN_NIVAR_2020_044068,TN_NIVAR_2020,TRUE,40.40741167705202,100.0
TN_NIVAR_2020_064451,TN_NIVAR_2020,TRUE,45.00963502768203,100.0
TN_NIVAR_2020_064463,TN_NIVAR_2020,TRUE,108.95909789604836,100.0
TN_NIVAR_2020_083309,TN_NIVAR_2020,TRUE,58.541223421082634,100.0
TN_NIVAR_2020_104127,TN_NIVAR_2020,TRUE,115.42378735956437,100.0
TN_NIVAR_2020_045476,TN_NIVAR_2020,TRUE,46.08921145069141,100.0
TN_NIVAR_2020_064632,TN_NIVAR_2020,TRUE,32.84804811322375,100.0
TN_NIVAR_2020_064560,TN_NIVAR_2020,TRUE,40.69190839711209,100.0
TN_NIVAR_2020_084200,TN_NIVAR_2020,TRUE,48.461817919593194,100.0
TN_NIVAR_2020_091901,TN_NIVAR_2020,TRUE,64.74455923239356,100.0
TN_NIVAR_2020_104137,TN_NIVAR_2020,TRUE,49.19548655191535,100.0
TN_NIVAR_2020_085285,TN_NIVAR_2020,TRUE,29.13053099235141,100.0
TN_NIVAR_2020_107827,TN_NIVAR_2020,TRUE,26.210980186862706,100.0
TN_NIVAR_2020_000067,TN_NIVAR_2020,TRUE,31.064537115455536,100.0
TN_NIVAR_2020_008567,TN_NIVAR_2020,TRUE,78.58116086965377,100.0
TN_NIVAR_2020_017003,TN_NIVAR_2020,TRUE,26.642488353258468,100.0
TN_NIVAR_2020_029848,TN_NIVAR_2020,TRUE,7.7284714409659685,100.0
TN_NIVAR_2020_048045,TN_NIVAR_2020,TRUE,12.5949112525235,100.0
TN_NIVAR_2020_048059,TN_NIVAR_2020,TRUE,64.47653667571238,100.0
TN_NIVAR_2020_069498,TN_NIVAR_2020,TRUE,180.91855062031112,100.0
TN_NIVAR_2020_085406,TN_NIVAR_2020,TRUE,9.410121700363039,100.0
TN_NIVAR_2020_096337,TN_NIVAR_2020,TRUE,78.92296795300985,100.0
TN_NIVAR_2020_000369,TN_NIVAR_2020,TRUE,16.341106987431893,100.0
TN_NIVAR_2020_009461,TN_NIVAR_2020,TRUE,109.05673990082585,100.0
TN_NIVAR_2020_016996,TN_NIVAR_2020,TRUE,67.08917146057365,100.0
TN_NIVAR_2020_029838,TN_NIVAR_2020,TRUE,268.3757191771667,100.0
TN_NIVAR_2020_048069,TN_NIVAR_2020,TRUE,19.94541740527186,100.0
TN_NIVAR_2020_069558,TN_NIVAR_2020,TRUE,37.913652956135614,100.0
TN_NIVAR_2020_085411,TN_NIVAR_2020,TRUE,26.335528917324275,100.0
TN_NIVAR_2020_096328,TN_NIVAR_2020,TRUE,9.00127781196906,100.0
TN_NIVAR_2020_000721,TN_NIVAR_2020,TRUE,43.00970184624791,100.0
TN_NIVAR_2020_000726,TN_NIVAR_2020,TRUE,19.16852514214689,100.0
TN_NIVAR_2020_010034,TN_NIVAR_2020,TRUE,27.3763631312161,100.0
TN_NIVAR_2020_017770,TN_NIVAR_2020,TRUE,9.737066898432742,100.0
TN_NIVAR_2020_030751,TN_NIVAR_2020,TRUE,47.17880091507345,100.0
TN_NIVAR_2020_097199,TN_NIVAR_2020,TRUE,55.112472112429636,100.0
TN_NIVAR_2020_000802,TN_NIVAR_2020,TRUE,117.82451650009892,100.0
TN_NIVAR_2020_010843,TN_NIVAR_2020,TRUE,30.19814889055028,100.0
TN_NIVAR_2020_059536,TN_NIVAR_2020,TRUE,69.98419181510289,100.0
TN_NIVAR_2020_059562,TN_NIVAR_2020,TRUE,21.33608633424065,100.0
TN_NIVAR_2020_064470,TN_NIVAR_2020,TRUE,73.16572835647227,100.0
TN_NIVAR_2020_083320,TN_NIVAR_2020,TRUE,69.3133356486816,100.0
TN_NIVAR_2020_104130,TN_NIVAR_2020,TRUE,28.795009868309744,100.0
TN_NIVAR_2020_000068,TN_NIVAR_2020,TRUE,46.940507043630525,100.0
TN_NIVAR_2020_017772,TN_NIVAR_2020,TRUE,131.03685951655248,100.0
TN_NIVAR_2020_002055,TN_NIVAR_2020,TRUE,47.004174889220614,100.0
TN_NIVAR_2020_018447,TN_NIVAR_2020,TRUE,326.91359025306986,100.0
TN_NIVAR_2020_098634,TN_NIVAR_2020,TRUE,108.0077050219212,100.0
TN_NIVAR_2020_039120,TN_NIVAR_2020,TRUE,44.782346150824914,100.0
TN_NIVAR_2020_091938,TN_NIVAR_2020,TRUE,16.093823352498674,100.0
TN_NIVAR_2020_107865,TN_NIVAR_2020,TRUE,66.6517916890478,100.0
TN_NIVAR_2020_096340,TN_NIVAR_2020,TRUE,59.34374730279197,100.0
TN_NIVAR_2020_097204,TN_NIVAR_2020,TRUE,15.078615427703033,100.0
TN_NIVAR_2020_002146,TN_NIVAR_2020,TRUE,66.09709755186003,100.0
TN_NIVAR_2020_051823,TN_NIVAR_2020,TRUE,163.1747701296041,100.0
TN_NIVAR_2020_086381,TN_NIVAR_2020,TRUE,75.29755007187799,100.0
TN_NIVAR_2020_018448,TN_NIVAR_2020,TRUE,48.558339471305494,100.0
TN_NIVAR_2020_054601,TN_NIVAR_2020,TRUE,125.08876304217904,100.0
TN_NIVAR_2020_078648,TN_NIVAR_2020,TRUE,26.797615427972445,100.0
TN_NIVAR_2020_044075,TN_NIVAR_2020,TRUE,84.14731261944105,100.0
TN_NIVAR_2020_083323,TN_NIVAR_2020,TRUE,59.444980510972506,100.0
TN_NIVAR_2020_091826,TN_NIVAR_2020,TRUE,132.6604474974667,100.0
TN_NIVAR_2020_104133,TN_NIVAR_2020,TRUE,53.23931310740731,100.0
TN_NIVAR_2020_084846,TN_NIVAR_2020,TRUE,14.014819286172214,100.0
TN_NIVAR_2020_104156,TN_NIVAR_2020,TRUE,69.04264290929036,100.0
TN_NIVAR_2020_085393,TN_NIVAR_2020,TRUE,53.839226336158376,100.0
TN_NIVAR_2020_029842,TN_NIVAR_2020,TRUE,51.10266409190406,100.0
TN_NIVAR_2020_069694,TN_NIVAR_2020,TRUE,31.32533465088909,100.0
TN_NIVAR_2020_085421,TN_NIVAR_2020,TRUE,7.289457702127487,100.0
TN_NIVAR_2020_017777,TN_NIVAR_2020,TRUE,28.371014856338753,100.0
TN_NIVAR_2020_000827,TN_NIVAR_2020,TRUE,17.527526696533357,100.0
TN_NIVAR_2020_054652,TN_NIVAR_2020,TRUE,120.8446513210637,100.0
TN_NIVAR_2020_005139,TN_NIVAR_2020,TRUE,34.082406626140184,100.0
TN_NIVAR_2020_078724,TN_NIVAR_2020,TRUE,15.550150770634644,100.0
TN_NIVAR_2020_019983,TN_NIVAR_2020,TRUE,39.14419697104639,100.0
TN_NIVAR_2020_083327,TN_NIVAR_2020,TRUE,48.63151162076341,100.0
TN_NIVAR_2020_048074,TN_NIVAR_2020,TRUE,118.47143427384738,100.0
TN_NIVAR_2020_096343,TN_NIVAR_2020,TRUE,50.662438721035954,100.0
TN_NIVAR_2020_048091,TN_NIVAR_2020,TRUE,20.147594773803412,100.0
TN_NIVAR_2020_030758,TN_NIVAR_2020,TRUE,38.11147718754146,100.0
TN_NIVAR_2020_051858,TN_NIVAR_2020,TRUE,112.20205307099361,100.0
TN_NIVAR_2020_034165,TN_NIVAR_2020,TRUE,21.219740736939514,100.0
TN_NIVAR_2020_059533,TN_NIVAR_2020,TRUE,115.51584133097188,100.0
TN_NIVAR_2020_090683,TN_NIVAR_2020,TRUE,13.890523123868997,100.0
TN_NIVAR_2020_019984,TN_NIVAR_2020,TRUE,31.797565224878653,100.0
TN_NIVAR_2020_039135,TN_NIVAR_2020,TRUE,60.179979853718436,100.0
TN_NIVAR_2020_078660,TN_NIVAR_2020,TRUE,138.5947999469481,100.0
TN_NIVAR_2020_024958,TN_NIVAR_2020,TRUE,41.62401826982223,100.0
TN_NIVAR_2020_104183,TN_NIVAR_2020,TRUE,66.0687325647012,100.0
TN_NIVAR_2020_008591,TN_NIVAR_2020,TRUE,21.641958090851702,100.0
TN_NIVAR_2020_029905,TN_NIVAR_2020,TRUE,8.45234165474854,100.0
TN_NIVAR_2020_051863,TN_NIVAR_2020,TRUE,46.14928803989788,100.0
TN_NIVAR_2020_097211,TN_NIVAR_2020,TRUE,14.355315643029376,100.0
TN_NIVAR_2020_011983,TN_NIVAR_2020,TRUE,30.616115033220247,100.0
TN_NIVAR_2020_039144,TN_NIVAR_2020,TRUE,187.4712247882519,100.0
TN_NIVAR_2020_024962,TN_NIVAR_2020,TRUE,8.742152941625495,100.0
TN_NIVAR_2020_083329,TN_NIVAR_2020,TRUE,37.71650580557948,100.0
TN_NIVAR_2020_107900,TN_NIVAR_2020,TRUE,27.475561082304473,100.0
TN_NIVAR_2020_029933,TN_NIVAR_2020,TRUE,9.670256495202288,100.0
TN_NIVAR_2020_000019,TN_NIVAR_2020,TRUE,37.050772111018446,100.0
TN_NIVAR_2020_032953,TN_NIVAR_2020,TRUE,50.88249016696601,100.0
TN_NIVAR_2020_002105,TN_NIVAR_2020,TRUE,49.34451034077624,100.0
TN_NIVAR_2020_098650,TN_NIVAR_2020,TRUE,42.494673689068804,100.0
TN_NIVAR_2020_005212,TN_NIVAR_2020,TRUE,1882.1940286950808,100.0
TN_NIVAR_2020_078739,TN_NIVAR_2020,TRUE,50.13510406430116,100.0
TN_NIVAR_2020_005221,TN_NIVAR_2020,TRUE,43.699239784733585,100.0
TN_NIVAR_2020_011993,TN_NIVAR_2020,TRUE,33.88225021029636,100.0
TN_NIVAR_2020_019993,TN_NIVAR_2020,TRUE,24.071593540084507,100.0
TN_NIVAR_2020_083333,TN_NIVAR_2020,TRUE,31.97528129985441,100.0
TN_NIVAR_2020_104139,TN_NIVAR_2020,TRUE,100.88075332007993,100.0
TN_NIVAR_2020_017029,TN_NIVAR_2020,TRUE,31.945041401836,100.0
TN_NIVAR_2020_085416,TN_NIVAR_2020,TRUE,12.002470347816974,100.0
TN_NIVAR_2020_069745,TN_NIVAR_2020,TRUE,31.963245804544954,100.0
TN_NIVAR_2020_096338,TN_NIVAR_2020,TRUE,10.280027742861689,100.0
TN_NIVAR_2020_010671,TN_NIVAR_2020,TRUE,9.372964185318143,100.0
TN_NIVAR_2020_097219,TN_NIVAR_2020,TRUE,30.234283610247424,100.0
TN_NIVAR_2020_017839,TN_NIVAR_2020,TRUE,488.25944112928977,100.0
TN_NIVAR_2020_020022,TN_NIVAR_2020,TRUE,51.795113494249364,100.0
TN_NIVAR_2020_064524,TN_NIVAR_2020,TRUE,40.32443226031942,100.0
TN_NIVAR_2020_104140,TN_NIVAR_2020,TRUE,40.79011580944386,100.0
TN_NIVAR_2020_085031,TN_NIVAR_2020,TRUE,7.157309131509626,100.0
TN_NIVAR_2020_048082,TN_NIVAR_2020,TRUE,17.688676851610857,100.0
TN_NIVAR_2020_030763,TN_NIVAR_2020,TRUE,28.531143849210828,100.0
TN_NIVAR_2020_033575,TN_NIVAR_2020,TRUE,81.05341230798449,100.0
TN_NIVAR_2020_086409,TN_NIVAR_2020,TRUE,36.22064130458402,100.0
TN_NIVAR_2020_097220,TN_NIVAR_2020,TRUE,44.0845910788057,100.0
TN_NIVAR_2020_000867,TN_NIVAR_2020,TRUE,15.319125799297986,100.0
TN_NIVAR_2020_072399,TN_NIVAR_2020,TRUE,63.9697236671057,100.0
TN_NIVAR_2020_011574,TN_NIVAR_2020,TRUE,106.5277679269304,100.0
TN_NIVAR_2020_018457,TN_NIVAR_2020,TRUE,45.94028678848069,100.0
TN_NIVAR_2020_078683,TN_NIVAR_2020,TRUE,8.807443074224771,100.0
TN_NIVAR_2020_064530,TN_NIVAR_2020,TRUE,76.2764077683194,100.0
TN_NIVAR_2020_083339,TN_NIVAR_2020,TRUE,55.631298093293495,100.0
TN_NIVAR_2020_091840,TN_NIVAR_2020,TRUE,8.317950454398066,100.0
TN_NIVAR_2020_065009,TN_NIVAR_2020,TRUE,21.487512533855785,100.0
TN_NIVAR_2020_092048,TN_NIVAR_2020,TRUE,10.617180408929553,100.0
TN_NIVAR_2020_048068,TN_NIVAR_2020,TRUE,10.61907662303404,100.0
TN_NIVAR_2020_069509,TN_NIVAR_2020,TRUE,35.96560591213706,100.0
TN_NIVAR_2020_030096,TN_NIVAR_2020,TRUE,121.51146865714395,100.0
TN_NIVAR_2020_011377,TN_NIVAR_2020,TRUE,16.756517932809384,100.0
TN_NIVAR_2020_072418,TN_NIVAR_2020,TRUE,32.989140440497614,100.0
TN_NIVAR_2020_097264,TN_NIVAR_2020,TRUE,36.97670117848314,100.0
TN_NIVAR_2020_078802,TN_NIVAR_2020,TRUE,85.84099538734395,100.0
TN_NIVAR_2020_090752,TN_NIVAR_2020,TRUE,17.639914676432717,100.0
TN_NIVAR_2020_005197,TN_NIVAR_2020,TRUE,8.04100144445962,100.0
TN_MANDOUS_2022_000001,TN_MANDOUS_2022,TRUE,16.189700924832223,100.0
TN_MANDOUS_2022_004652,TN_MANDOUS_2022,TRUE,10.51494942530757,100.0
TN_MANDOUS_2022_000008,TN_MANDOUS_2022,TRUE,115.4880730175629,100.0
TN_MANDOUS_2022_011832,TN_MANDOUS_2022,TRUE,19.335443126386668,100.0
TN_MANDOUS_2022_003680,TN_MANDOUS_2022,TRUE,363.5349301019893,100.0
TN_MANDOUS_2022_018997,TN_MANDOUS_2022,TRUE,50.740088090011554,100.0
TN_MANDOUS_2022_007513,TN_MANDOUS_2022,TRUE,188.72408155478738,100.0
TN_MANDOUS_2022_019001,TN_MANDOUS_2022,TRUE,58.19211667506118,100.0
TN_MANDOUS_2022_028529,TN_MANDOUS_2022,TRUE,11.617547379722383,100.0
TN_MANDOUS_2022_034393,TN_MANDOUS_2022,TRUE,6.9390006886871305,100.0
TN_MANDOUS_2022_017495,TN_MANDOUS_2022,TRUE,24.849091015661845,100.0
TN_MANDOUS_2022_021957,TN_MANDOUS_2022,TRUE,11.882287991652866,100.0
TN_MANDOUS_2022_000107,TN_MANDOUS_2022,TRUE,251.16524908152525,100.0
TN_MANDOUS_2022_002396,TN_MANDOUS_2022,TRUE,78.71535844414798,100.0
TN_MANDOUS_2022_006497,TN_MANDOUS_2022,TRUE,14.004558980539667,100.0
TN_MANDOUS_2022_028166,TN_MANDOUS_2022,TRUE,60.40785761583527,100.0
TN_MANDOUS_2022_008607,TN_MANDOUS_2022,TRUE,12.09298179134643,100.0
TN_MANDOUS_2022_016908,TN_MANDOUS_2022,TRUE,34.222643042047906,100.0
TN_MANDOUS_2022_025074,TN_MANDOUS_2022,TRUE,8.796851110980748,100.0
TN_MANDOUS_2022_033043,TN_MANDOUS_2022,TRUE,374.53227375423114,100.0
TN_MANDOUS_2022_011496,TN_MANDOUS_2022,TRUE,47.654896062282994,100.0
TN_MANDOUS_2022_011779,TN_MANDOUS_2022,TRUE,49.668025691206395,100.0
TN_MANDOUS_2022_017658,TN_MANDOUS_2022,TRUE,45.244433577190826,100.0
TN_MANDOUS_2022_029106,TN_MANDOUS_2022,TRUE,35.094515400832194,100.0
TN_MANDOUS_2022_018306,TN_MANDOUS_2022,TRUE,69.12933120150981,100.0
TN_MANDOUS_2022_029563,TN_MANDOUS_2022,TRUE,71.25356390673748,100.0
TN_MANDOUS_2022_019008,TN_MANDOUS_2022,TRUE,52.311102702162856,100.0
TN_MANDOUS_2022_030281,TN_MANDOUS_2022,TRUE,66.79192106826166,100.0
TN_MANDOUS_2022_030458,TN_MANDOUS_2022,TRUE,12.110011293308371,100.0
TN_MANDOUS_2022_019995,TN_MANDOUS_2022,TRUE,57.71246196749993,100.0
TN_MANDOUS_2022_028560,TN_MANDOUS_2022,TRUE,17.80842171107764,100.0
TN_MANDOUS_2022_021206,TN_MANDOUS_2022,TRUE,20.91075765330331,100.0
TN_MANDOUS_2022_004669,TN_MANDOUS_2022,TRUE,10.223097435224705,100.0
TN_MANDOUS_2022_017532,TN_MANDOUS_2022,TRUE,18.595066447972652,100.0
TN_MANDOUS_2022_005657,TN_MANDOUS_2022,TRUE,5.841849458824143,100.0
TN_MANDOUS_2022_018313,TN_MANDOUS_2022,TRUE,13.836058839619865,100.0
TN_MANDOUS_2022_018375,TN_MANDOUS_2022,TRUE,33.97274385785918,100.0
TN_MANDOUS_2022_012852,TN_MANDOUS_2022,TRUE,23.69921437266004,100.0
TN_MANDOUS_2022_028185,TN_MANDOUS_2022,TRUE,118.86693530495273,100.0
TN_MANDOUS_2022_021207,TN_MANDOUS_2022,TRUE,44.4371327542159,100.0
TN_MANDOUS_2022_033046,TN_MANDOUS_2022,TRUE,529.0361438526426,100.0
TN_MANDOUS_2022_033380,TN_MANDOUS_2022,TRUE,25.006727970404995,100.0
TN_MANDOUS_2022_017539,TN_MANDOUS_2022,TRUE,11.786515406665709,100.0
TN_MANDOUS_2022_000233,TN_MANDOUS_2022,TRUE,57.293284319337594,100.0
TN_MANDOUS_2022_026577,TN_MANDOUS_2022,TRUE,50.80070519204077,100.0
TN_MANDOUS_2022_002857,TN_MANDOUS_2022,TRUE,69.76531386331877,100.0
TN_MANDOUS_2022_008862,TN_MANDOUS_2022,TRUE,22.904920369035622,100.0
TN_MANDOUS_2022_018315,TN_MANDOUS_2022,TRUE,70.86268792302388,100.0
TN_MANDOUS_2022_022757,TN_MANDOUS_2022,TRUE,14.477853126892654,100.0
TN_MANDOUS_2022_023668,TN_MANDOUS_2022,TRUE,242.84671021273937,100.0
TN_MANDOUS_2022_030948,TN_MANDOUS_2022,TRUE,11.475442634649765,100.0
TN_MANDOUS_2022_021211,TN_MANDOUS_2022,TRUE,377.18434640084024,100.0
TN_MANDOUS_2022_025079,TN_MANDOUS_2022,TRUE,53.56546923040008,100.0
TN_MANDOUS_2022_025386,TN_MANDOUS_2022,TRUE,27.94228784304145,100.0
TN_MANDOUS_2022_033013,TN_MANDOUS_2022,TRUE,32.3241777376554,100.0
TN_MANDOUS_2022_000010,TN_MANDOUS_2022,TRUE,173.24799031480043,100.0
TN_MANDOUS_2022_011494,TN_MANDOUS_2022,TRUE,93.76236602544644,100.0
TN_MANDOUS_2022_011510,TN_MANDOUS_2022,TRUE,54.65663121325112,100.0
TN_MANDOUS_2022_018317,TN_MANDOUS_2022,TRUE,18.43827205295602,100.0
TN_MANDOUS_2022_019018,TN_MANDOUS_2022,TRUE,97.73742324833162,100.0
TN_MANDOUS_2022_019006,TN_MANDOUS_2022,TRUE,41.24993508699394,100.0
TN_MANDOUS_2022_010475,TN_MANDOUS_2022,TRUE,46.81087167931523,100.0
TN_MANDOUS_2022_023737,TN_MANDOUS_2022,TRUE,222.39855023483358,100.0
TN_MANDOUS_2022_028572,TN_MANDOUS_2022,TRUE,9.528963377926877,100.0
TN_MANDOUS_2022_028641,TN_MANDOUS_2022,TRUE,62.89416584098485,100.0
TN_MANDOUS_2022_004683,TN_MANDOUS_2022,TRUE,14.230561226901905,100.0
TN_MANDOUS_2022_017501,TN_MANDOUS_2022,TRUE,11.979230981378784,100.0
TN_MANDOUS_2022_017580,TN_MANDOUS_2022,TRUE,54.60734767535325,100.0
TN_MANDOUS_2022_021962,TN_MANDOUS_2022,TRUE,15.526875041347896,100.0
TN_MANDOUS_2022_029031,TN_MANDOUS_2022,TRUE,107.27924960751298,100.0
TN_MANDOUS_2022_006028,TN_MANDOUS_2022,TRUE,12.961518699444566,100.0
TN_MANDOUS_2022_026621,TN_MANDOUS_2022,TRUE,97.747388745905,100.0
TN_MANDOUS_2022_029176,TN_MANDOUS_2022,TRUE,18.454905834266725,100.0
TN_MANDOUS_2022_027121,TN_MANDOUS_2022,TRUE,132.80319191071342,100.0
TN_MANDOUS_2022_003744,TN_MANDOUS_2022,TRUE,45.35742969769743,100.0
TN_MANDOUS_2022_012853,TN_MANDOUS_2022,TRUE,30.89986946051655,100.0
TN_MANDOUS_2022_023725,TN_MANDOUS_2022,TRUE,160.78309467024076,100.0
TN_MANDOUS_2022_003690,TN_MANDOUS_2022,TRUE,775.5846316000108,100.0
TN_MANDOUS_2022_030836,TN_MANDOUS_2022,TRUE,68.70390083231831,100.0
TN_MANDOUS_2022_020214,TN_MANDOUS_2022,TRUE,79.19755179791593,100.0
TN_MANDOUS_2022_028583,TN_MANDOUS_2022,TRUE,13.297400063249242,100.0
TN_MANDOUS_2022_000023,TN_MANDOUS_2022,TRUE,20.408489650210868,100.0
TN_MANDOUS_2022_011500,TN_MANDOUS_2022,TRUE,66.9953300474136,100.0
TN_MANDOUS_2022_011516,TN_MANDOUS_2022,TRUE,33.33179748852904,100.0
TN_MANDOUS_2022_008867,TN_MANDOUS_2022,TRUE,88.39155459059701,100.0
TN_MANDOUS_2022_019014,TN_MANDOUS_2022,TRUE,49.15144109462725,100.0
TN_MANDOUS_2022_028271,TN_MANDOUS_2022,TRUE,20.66590582890471,100.0
TN_MANDOUS_2022_003691,TN_MANDOUS_2022,TRUE,93.40379262119976,100.0
TN_MANDOUS_2022_012863,TN_MANDOUS_2022,TRUE,14.445423246488492,100.0
TN_MANDOUS_2022_028567,TN_MANDOUS_2022,TRUE,23.610310461421697,100.0
TN_MANDOUS_2022_033022,TN_MANDOUS_2022,TRUE,11.444743154067226,100.0
TN_MANDOUS_2022_011502,TN_MANDOUS_2022,TRUE,8.263462461263954,100.0
TN_MANDOUS_2022_029034,TN_MANDOUS_2022,TRUE,63.68485161320298,100.0
TN_MANDOUS_2022_013116,TN_MANDOUS_2022,TRUE,34.86089428440694,100.0
TN_MANDOUS_2022_019024,TN_MANDOUS_2022,TRUE,40.486133175989124,100.0
TN_MANDOUS_2022_030954,TN_MANDOUS_2022,TRUE,124.8121798179061,100.0
TN_MANDOUS_2022_021224,TN_MANDOUS_2022,TRUE,847.2016823171509,100.0
TN_MANDOUS_2022_008666,TN_MANDOUS_2022,TRUE,8.538995316380909,100.0
TN_MANDOUS_2022_022777,TN_MANDOUS_2022,TRUE,56.05210348217088,100.0
TN_MANDOUS_2022_026726,TN_MANDOUS_2022,TRUE,23.192614729625245,100.0
TN_MANDOUS_2022_006700,TN_MANDOUS_2022,TRUE,87.14609669022991,100.0
TN_MANDOUS_2022_019029,TN_MANDOUS_2022,TRUE,310.2270135578842,100.0
TN_MANDOUS_2022_033081,TN_MANDOUS_2022,TRUE,15.696137236728124,100.0
TN_MANDOUS_2022_026760,TN_MANDOUS_2022,TRUE,13.0557126781202,100.0
TN_MANDOUS_2022_008877,TN_MANDOUS_2022,TRUE,6.115554976033852,100.0
TN_MANDOUS_2022_010525,TN_MANDOUS_2022,TRUE,170.50221729396984,100.0
TN_MANDOUS_2022_019084,TN_MANDOUS_2022,TRUE,70.8537584750128,100.0
TN_MANDOUS_2022_021229,TN_MANDOUS_2022,TRUE,18.113507696040845,100.0
TN_MANDOUS_2022_033108,TN_MANDOUS_2022,TRUE,88.65047522459525,100.0
TN_MANDOUS_2022_025852,TN_MANDOUS_2022,TRUE,85.17078093805715,100.0
TN_MANDOUS_2022_030950,TN_MANDOUS_2022,TRUE,67.38884527586532,100.0
TN_MANDOUS_2022_004705,TN_MANDOUS_2022,TRUE,25.52067611548146,100.0
TN_MANDOUS_2022_021970,TN_MANDOUS_2022,TRUE,74.970975139716,100.0
TN_MANDOUS_2022_029039,TN_MANDOUS_2022,TRUE,28.425628368552918,100.0
TN_MANDOUS_2022_022788,TN_MANDOUS_2022,TRUE,78.07059231959232,100.0
TN_MANDOUS_2022_018593,TN_MANDOUS_2022,TRUE,12.010645708346189,100.0
TN_MANDOUS_2022_019053,TN_MANDOUS_2022,TRUE,34.06638077355927,100.0
TN_MANDOUS_2022_010535,TN_MANDOUS_2022,TRUE,15.535899256398768,100.0
TN_MANDOUS_2022_014400,TN_MANDOUS_2022,TRUE,7.087075312838396,100.0
TN_MANDOUS_2022_021233,TN_MANDOUS_2022,TRUE,217.1948250900563,100.0
TN_MANDOUS_2022_028683,TN_MANDOUS_2022,TRUE,25.304438738318346,100.0
TN_MANDOUS_2022_004710,TN_MANDOUS_2022,TRUE,12.812856586273625,100.0
TN_MANDOUS_2022_011521,TN_MANDOUS_2022,TRUE,23.83549342789986,100.0
TN_MANDOUS_2022_017517,TN_MANDOUS_2022,TRUE,52.665592855376076,100.0
TN_MANDOUS_2022_017632,TN_MANDOUS_2022,TRUE,74.54535557392538,100.0
TN_MANDOUS_2022_011505,TN_MANDOUS_2022,TRUE,70.8474224312315,100.0
TN_MANDOUS_2022_017525,TN_MANDOUS_2022,TRUE,54.68201478579835,100.0
TN_MANDOUS_2022_011852,TN_MANDOUS_2022,TRUE,36.59574796414131,100.0
TN_MANDOUS_2022_022817,TN_MANDOUS_2022,TRUE,23.52983884280787,100.0
TN_MANDOUS_2022_003719,TN_MANDOUS_2022,TRUE,19.236728424194503,100.0
TN_MANDOUS_2022_013203,TN_MANDOUS_2022,TRUE,562.9048831044818,100.0
TN_MANDOUS_2022_019048,TN_MANDOUS_2022,TRUE,40.52805990495148,100.0
TN_MANDOUS_2022_028347,TN_MANDOUS_2022,TRUE,18.40738575055378,100.0
TN_MANDOUS_2022_030299,TN_MANDOUS_2022,TRUE,28.02331780369972,100.0
TN_MANDOUS_2022_010469,TN_MANDOUS_2022,TRUE,26.94857819798201,100.0
TN_MANDOUS_2022_020006,TN_MANDOUS_2022,TRUE,76.02494664771642,100.0
TN_MANDOUS_2022_028603,TN_MANDOUS_2022,TRUE,91.34554072087232,100.0
TN_MANDOUS_2022_025105,TN_MANDOUS_2022,TRUE,27.56082250816791,100.0
TN_MANDOUS_2022_033158,TN_MANDOUS_2022,TRUE,26.3523325787323,100.0
TN_MANDOUS_2022_008679,TN_MANDOUS_2022,TRUE,31.05992785998965,100.0
TN_MANDOUS_2022_011524,TN_MANDOUS_2022,TRUE,75.9987369467158,100.0
TN_MANDOUS_2022_018167,TN_MANDOUS_2022,TRUE,21.86022071655445,100.0
TN_MANDOUS_2022_002435,TN_MANDOUS_2022,TRUE,22.30817058923989,100.0
TN_MANDOUS_2022_006813,TN_MANDOUS_2022,TRUE,31.491134593133594,100.0
TN_MANDOUS_2022_011859,TN_MANDOUS_2022,TRUE,75.00584519414514,100.0
TN_MANDOUS_2022_029579,TN_MANDOUS_2022,TRUE,35.15811767454238,100.0
TN_MANDOUS_2022_030301,TN_MANDOUS_2022,TRUE,68.8125711518779,100.0
TN_MANDOUS_2022_019104,TN_MANDOUS_2022,TRUE,35.46967663969613,100.0
TN_MANDOUS_2022_024764,TN_MANDOUS_2022,TRUE,98.4531226023816,100.0
TN_MANDOUS_2022_010470,TN_MANDOUS_2022,TRUE,42.05621949163533,100.0
TN_MANDOUS_2022_028604,TN_MANDOUS_2022,TRUE,10.56163608033155,100.0
TN_MANDOUS_2022_033165,TN_MANDOUS_2022,TRUE,183.4202004326512,100.0
TN_MANDOUS_2022_017673,TN_MANDOUS_2022,TRUE,25.56245190119502,100.0
TN_MANDOUS_2022_021974,TN_MANDOUS_2022,TRUE,33.62017039041149,100.0
TN_MANDOUS_2022_029466,TN_MANDOUS_2022,TRUE,14.746008125123968,100.0
TN_MANDOUS_2022_018352,TN_MANDOUS_2022,TRUE,88.09256383960007,100.0
TN_MANDOUS_2022_003939,TN_MANDOUS_2022,TRUE,215.14443005478594,100.0
TN_MANDOUS_2022_012893,TN_MANDOUS_2022,TRUE,121.33984836265066,100.0
TN_MANDOUS_2022_014405,TN_MANDOUS_2022,TRUE,15.45443380048594,100.0
TN_MANDOUS_2022_021415,TN_MANDOUS_2022,TRUE,45.63324893637185,100.0
TN_MANDOUS_2022_016939,TN_MANDOUS_2022,TRUE,64.79176442987193,100.0
TN_MANDOUS_2022_021239,TN_MANDOUS_2022,TRUE,216.1539242170182,100.0
TN_MANDOUS_2022_022832,TN_MANDOUS_2022,TRUE,20.896463889275523,100.0
TN_MANDOUS_2022_027187,TN_MANDOUS_2022,TRUE,43.005142180897685,100.0
TN_SOUTHERN_FLOOD_2023_150703,TN_SOUTHERN_FLOOD_2023,TRUE,120.43173624349592,100.0
TN_SOUTHERN_FLOOD_2023_145867,TN_SOUTHERN_FLOOD_2023,TRUE,44.302274292002906,100.0
TN_SOUTHERN_FLOOD_2023_160408,TN_SOUTHERN_FLOOD_2023,TRUE,87.91768542405991,100.0
TN_SOUTHERN_FLOOD_2023_168797,TN_SOUTHERN_FLOOD_2023,TRUE,6.683959107020484,100.0
TN_SOUTHERN_FLOOD_2023_150024,TN_SOUTHERN_FLOOD_2023,TRUE,130.76562156993606,100.0
TN_SOUTHERN_FLOOD_2023_159062,TN_SOUTHERN_FLOOD_2023,TRUE,28.09366196336162,100.0
TN_SOUTHERN_FLOOD_2023_159781,TN_SOUTHERN_FLOOD_2023,TRUE,64.33821911177886,56.02
TN_SOUTHERN_FLOOD_2023_150037,TN_SOUTHERN_FLOOD_2023,TRUE,18.847197689413797,100.0
TN_SOUTHERN_FLOOD_2023_139067,TN_SOUTHERN_FLOOD_2023,TRUE,122.07616412139718,100.0
TN_SOUTHERN_FLOOD_2023_156903,TN_SOUTHERN_FLOOD_2023,TRUE,42.871918989131615,100.0
TN_SOUTHERN_FLOOD_2023_157874,TN_SOUTHERN_FLOOD_2023,TRUE,8.811492910738744,100.0
TN_SOUTHERN_FLOOD_2023_168799,TN_SOUTHERN_FLOOD_2023,TRUE,62.66315345420954,100.0
TN_SOUTHERN_FLOOD_2023_158843,TN_SOUTHERN_FLOOD_2023,TRUE,34.09024567020011,100.0
TN_SOUTHERN_FLOOD_2023_160177,TN_SOUTHERN_FLOOD_2023,TRUE,52.50664036744105,100.0
TN_SOUTHERN_FLOOD_2023_160300,TN_SOUTHERN_FLOOD_2023,TRUE,20.51057782796939,100.0
TN_SOUTHERN_FLOOD_2023_150710,TN_SOUTHERN_FLOOD_2023,TRUE,132.26945121947222,100.0
TN_SOUTHERN_FLOOD_2023_158845,TN_SOUTHERN_FLOOD_2023,TRUE,28.62083121797302,100.0
TN_SOUTHERN_FLOOD_2023_159790,TN_SOUTHERN_FLOOD_2023,TRUE,49.80369864104365,100.0
TN_SOUTHERN_FLOOD_2023_150755,TN_SOUTHERN_FLOOD_2023,TRUE,120.07108187048415,100.0
TN_SOUTHERN_FLOOD_2023_152775,TN_SOUTHERN_FLOOD_2023,TRUE,23.937794091692968,100.0
TN_SOUTHERN_FLOOD_2023_158847,TN_SOUTHERN_FLOOD_2023,TRUE,45.597776841374426,100.0
TN_SOUTHERN_FLOOD_2023_152776,TN_SOUTHERN_FLOOD_2023,TRUE,140.30291027953925,100.0
TN_SOUTHERN_FLOOD_2023_162750,TN_SOUTHERN_FLOOD_2023,TRUE,159.7934431880199,100.0
TN_SOUTHERN_FLOOD_2023_167117,TN_SOUTHERN_FLOOD_2023,TRUE,35.02657308765573,100.0
TN_SOUTHERN_FLOOD_2023_147049,TN_SOUTHERN_FLOOD_2023,TRUE,78.42105120066768,100.0
TN_SOUTHERN_FLOOD_2023_148484,TN_SOUTHERN_FLOOD_2023,TRUE,215.21849164856252,100.0
TN_SOUTHERN_FLOOD_2023_143674,TN_SOUTHERN_FLOOD_2023,TRUE,92.20199695795719,100.0
TN_SOUTHERN_FLOOD_2023_168807,TN_SOUTHERN_FLOOD_2023,TRUE,85.07601600822622,100.0
TN_SOUTHERN_FLOOD_2023_159780,TN_SOUTHERN_FLOOD_2023,TRUE,75.7366295895993,100.0
TN_SOUTHERN_FLOOD_2023_150070,TN_SOUTHERN_FLOOD_2023,TRUE,33.3870848898854,100.0
TN_SOUTHERN_FLOOD_2023_159798,TN_SOUTHERN_FLOOD_2023,TRUE,12.136838294197096,100.0
TN_SOUTHERN_FLOOD_2023_160208,TN_SOUTHERN_FLOOD_2023,TRUE,58.750516895177206,100.0
TN_SOUTHERN_FLOOD_2023_150071,TN_SOUTHERN_FLOOD_2023,TRUE,6.334468263341186,100.0
TN_SOUTHERN_FLOOD_2023_160309,TN_SOUTHERN_FLOOD_2023,TRUE,53.04927405203962,100.0
TN_SOUTHERN_FLOOD_2023_150767,TN_SOUTHERN_FLOOD_2023,TRUE,136.98857318467947,100.0
TN_OCKHI_2017_008649,TN_OCKHI_2017,TRUE,24.56156447465748,100.0
TN_OCKHI_2017_017754,TN_OCKHI_2017,TRUE,67.14918051296432,100.0
TN_OCKHI_2017_033150,TN_OCKHI_2017,TRUE,17.357645547472117,100.0
TN_OCKHI_2017_033155,TN_OCKHI_2017,TRUE,76.97679517238097,100.0
TN_OCKHI_2017_001365,TN_OCKHI_2017,TRUE,33.430264626654555,100.0
TN_OCKHI_2017_020878,TN_OCKHI_2017,TRUE,37.731693678692125,100.0
TN_OCKHI_2017_046474,TN_OCKHI_2017,TRUE,33.24972794734549,100.0
TN_OCKHI_2017_061435,TN_OCKHI_2017,TRUE,49.64162911658173,100.0
TN_OCKHI_2017_040413,TN_OCKHI_2017,TRUE,19.15944314819429,100.0
TN_OCKHI_2017_071869,TN_OCKHI_2017,TRUE,12.545763451881477,100.0
TN_OCKHI_2017_008625,TN_OCKHI_2017,TRUE,67.06823861697636,100.0
TN_OCKHI_2017_051229,TN_OCKHI_2017,TRUE,23.35200776345323,100.0
TN_OCKHI_2017_011628,TN_OCKHI_2017,TRUE,292.74645824375153,100.0
TN_OCKHI_2017_030729,TN_OCKHI_2017,TRUE,24.2515235737361,100.0
TN_OCKHI_2017_057086,TN_OCKHI_2017,TRUE,62.11632260288401,100.0
TN_OCKHI_2017_017743,TN_OCKHI_2017,TRUE,19.56083827873172,100.0
TN_OCKHI_2017_045104,TN_OCKHI_2017,TRUE,62.18576041527648,100.0
TN_OCKHI_2017_020881,TN_OCKHI_2017,TRUE,60.45686206391324,100.0
TN_OCKHI_2017_047840,TN_OCKHI_2017,TRUE,74.68145872574837,100.0
TN_OCKHI_2017_065736,TN_OCKHI_2017,TRUE,138.43396988048792,100.0
TN_OCKHI_2017_027366,TN_OCKHI_2017,TRUE,17.199004248130873,100.0
TN_OCKHI_2017_040424,TN_OCKHI_2017,TRUE,35.39297403422018,100.0
TN_OCKHI_2017_041032,TN_OCKHI_2017,TRUE,15.082554418075418,100.0
TN_OCKHI_2017_000991,TN_OCKHI_2017,TRUE,17.63846330073178,100.0
TN_OCKHI_2017_001321,TN_OCKHI_2017,TRUE,39.77859422773324,100.0
TN_OCKHI_2017_001483,TN_OCKHI_2017,TRUE,197.9491685686379,100.0
TN_OCKHI_2017_020883,TN_OCKHI_2017,TRUE,35.21734581457186,100.0
TN_OCKHI_2017_071862,TN_OCKHI_2017,TRUE,43.598509768735696,100.0
TN_OCKHI_2017_051150,TN_OCKHI_2017,TRUE,60.129294385257964,100.0
TN_OCKHI_2017_000004,TN_OCKHI_2017,TRUE,14.677500118425705,100.0
TN_OCKHI_2017_040439,TN_OCKHI_2017,TRUE,31.93028385897298,100.0
TN_OCKHI_2017_051381,TN_OCKHI_2017,TRUE,18.962090743513183,100.0
TN_OCKHI_2017_027826,TN_OCKHI_2017,TRUE,27.350485927163803,100.0
TN_OCKHI_2017_014355,TN_OCKHI_2017,TRUE,14.720386539922822,100.0
TN_OCKHI_2017_044118,TN_OCKHI_2017,TRUE,21.49106614203714,100.0
TN_OCKHI_2017_044133,TN_OCKHI_2017,TRUE,142.50686026673213,100.0
TN_OCKHI_2017_057206,TN_OCKHI_2017,TRUE,15.751112834401379,100.0
TN_OCKHI_2017_017750,TN_OCKHI_2017,TRUE,31.25062916882353,100.0
TN_OCKHI_2017_060061,TN_OCKHI_2017,TRUE,68.20044495810852,100.0
TN_OCKHI_2017_046453,TN_OCKHI_2017,TRUE,37.77979750783331,100.0
TN_OCKHI_2017_045489,TN_OCKHI_2017,TRUE,177.78800557343465,100.0
TN_OCKHI_2017_065739,TN_OCKHI_2017,TRUE,47.33038673295298,100.0
TN_OCKHI_2017_051197,TN_OCKHI_2017,TRUE,25.76020777788131,100.0
TN_OCKHI_2017_036904,TN_OCKHI_2017,TRUE,26.46808601916392,100.0
TN_OCKHI_2017_020886,TN_OCKHI_2017,TRUE,30.58640205102122,100.0
TN_OCKHI_2017_065743,TN_OCKHI_2017,TRUE,34.24743569518067,100.0
TN_OCKHI_2017_008641,TN_OCKHI_2017,TRUE,56.19477555924323,100.0
TN_OCKHI_2017_040442,TN_OCKHI_2017,TRUE,28.41088509601198,100.0
TN_OCKHI_2017_027800,TN_OCKHI_2017,TRUE,24.60739955207863,100.0
TN_OCKHI_2017_000968,TN_OCKHI_2017,TRUE,63.18350100223445,100.0
TN_OCKHI_2017_060080,TN_OCKHI_2017,TRUE,62.445236628486676,100.0
TN_OCKHI_2017_033521,TN_OCKHI_2017,TRUE,42.478884521420824,100.0
TN_OCKHI_2017_061451,TN_OCKHI_2017,TRUE,180.3757955952779,100.0
TN_OCKHI_2017_021993,TN_OCKHI_2017,TRUE,11.28704507935201,100.0
TN_OCKHI_2017_061448,TN_OCKHI_2017,TRUE,127.27130075436018,100.0
TN_OCKHI_2017_047863,TN_OCKHI_2017,TRUE,31.68717140119,100.0
TN_OCKHI_2017_069312,TN_OCKHI_2017,TRUE,25.406685594962276,100.0
TN_OCKHI_2017_008636,TN_OCKHI_2017,TRUE,67.38861651921,100.0
TN_OCKHI_2017_040526,TN_OCKHI_2017,TRUE,47.33263562021286,100.0
TN_OCKHI_2017_051155,TN_OCKHI_2017,TRUE,64.9546201118869,100.0
TN_OCKHI_2017_027958,TN_OCKHI_2017,TRUE,72.58882455573408,100.0
TN_OCKHI_2017_000990,TN_OCKHI_2017,TRUE,59.08315240176581,100.0
TN_OCKHI_2017_055713,TN_OCKHI_2017,TRUE,33.409707751501855,100.0
TN_OCKHI_2017_057346,TN_OCKHI_2017,TRUE,76.08354784482154,100.0
TN_OCKHI_2017_033164,TN_OCKHI_2017,TRUE,243.83846544244142,100.0
TN_OCKHI_2017_060065,TN_OCKHI_2017,TRUE,28.762298074363162,100.0
TN_OCKHI_2017_046514,TN_OCKHI_2017,TRUE,14.486511800769627,100.0
TN_OCKHI_2017_003975,TN_OCKHI_2017,TRUE,52.24707020655691,100.0
TN_OCKHI_2017_036914,TN_OCKHI_2017,TRUE,23.78917113049414,100.0
TN_OCKHI_2017_061449,TN_OCKHI_2017,TRUE,27.755439896568618,100.0
TN_OCKHI_2017_061477,TN_OCKHI_2017,TRUE,31.086741976950012,100.0
TN_OCKHI_2017_047867,TN_OCKHI_2017,TRUE,9.609544491368856,100.0
TN_OCKHI_2017_069315,TN_OCKHI_2017,TRUE,13.581366746412172,100.0
TN_OCKHI_2017_008642,TN_OCKHI_2017,TRUE,57.68997425594345,100.0
TN_OCKHI_2017_040447,TN_OCKHI_2017,TRUE,27.93456054380824,100.0
TN_OCKHI_2017_027805,TN_OCKHI_2017,TRUE,29.0884052032388,100.0
TN_OCKHI_2017_030752,TN_OCKHI_2017,TRUE,43.189781667620416,100.0
TN_OCKHI_2017_057136,TN_OCKHI_2017,TRUE,66.22827786065027,100.0
TN_OCKHI_2017_033236,TN_OCKHI_2017,TRUE,80.77815495381498,100.0
TN_OCKHI_2017_045131,TN_OCKHI_2017,TRUE,19.44242385423022,100.0
TN_OCKHI_2017_019327,TN_OCKHI_2017,TRUE,65.27976358746913,100.0
TN_OCKHI_2017_033576,TN_OCKHI_2017,TRUE,38.11669758842794,100.0
TN_OCKHI_2017_065765,TN_OCKHI_2017,TRUE,15.686917678555972,100.0
TN_OCKHI_2017_071873,TN_OCKHI_2017,TRUE,29.24887595450372,100.0
TN_OCKHI_2017_000009,TN_OCKHI_2017,TRUE,64.32171238435765,100.0
TN_OCKHI_2017_027978,TN_OCKHI_2017,TRUE,328.3299551270664,100.0
TN_OCKHI_2017_051733,TN_OCKHI_2017,TRUE,56.8485320005699,100.0
TN_OCKHI_2017_001012,TN_OCKHI_2017,TRUE,87.10377886314583,100.0
TN_OCKHI_2017_030762,TN_OCKHI_2017,TRUE,29.263215540166033,100.0
TN_OCKHI_2017_033169,TN_OCKHI_2017,TRUE,45.06647490684292,100.0
TN_OCKHI_2017_045135,TN_OCKHI_2017,TRUE,27.93143006221765,100.0
TN_OCKHI_2017_060070,TN_OCKHI_2017,TRUE,61.26993447694439,100.0
TN_OCKHI_2017_020024,TN_OCKHI_2017,TRUE,40.712341307659656,100.0
TN_OCKHI_2017_036929,TN_OCKHI_2017,TRUE,24.637897702262215,100.0
TN_OCKHI_2017_046490,TN_OCKHI_2017,TRUE,89.51075675026154,100.0
TN_OCKHI_2017_047895,TN_OCKHI_2017,TRUE,95.9446967133668,100.0
TN_OCKHI_2017_027982,TN_OCKHI_2017,TRUE,31.721715859437122,100.0
TN_OCKHI_2017_014373,TN_OCKHI_2017,TRUE,30.754391501950188,100.0
TN_OCKHI_2017_014448,TN_OCKHI_2017,TRUE,26.014443831835763,100.0
TN_OCKHI_2017_030769,TN_OCKHI_2017,TRUE,91.03846536990443,100.0
TN_OCKHI_2017_044258,TN_OCKHI_2017,TRUE,40.49611368922241,100.0
TN_OCKHI_2017_001334,TN_OCKHI_2017,TRUE,43.63052012276292,100.0
TN_OCKHI_2017_017769,TN_OCKHI_2017,TRUE,1558.2908628703374,100.0
TN_OCKHI_2017_033272,TN_OCKHI_2017,TRUE,93.84399361690602,100.0
TN_OCKHI_2017_061430,TN_OCKHI_2017,TRUE,38.370438345573945,100.0
TN_OCKHI_2017_020918,TN_OCKHI_2017,TRUE,18.460060423887686,100.0
TN_OCKHI_2017_046756,TN_OCKHI_2017,TRUE,48.241066123986506,100.0
TN_OCKHI_2017_049792,TN_OCKHI_2017,TRUE,31.13069208357851,100.0
TN_OCKHI_2017_050871,TN_OCKHI_2017,TRUE,43.03538743071918,100.0
TN_OCKHI_2017_008643,TN_OCKHI_2017,TRUE,14.98097254458392,100.0
TN_OCKHI_2017_051232,TN_OCKHI_2017,TRUE,34.018502686565846,100.0
TN_OCKHI_2017_000011,TN_OCKHI_2017,TRUE,51.970588994205144,100.0
TN_OCKHI_2017_027988,TN_OCKHI_2017,TRUE,24.54876711787938,100.0
TN_OCKHI_2017_011678,TN_OCKHI_2017,TRUE,8.635154438176972,100.0
TN_OCKHI_2017_014452,TN_OCKHI_2017,TRUE,108.57120905114655,100.0
TN_OCKHI_2017_001367,TN_OCKHI_2017,TRUE,43.928332655887736,100.0
TN_OCKHI_2017_033172,TN_OCKHI_2017,TRUE,14.60162179082524,100.0
TN_OCKHI_2017_060073,TN_OCKHI_2017,TRUE,45.769478706535665,100.0
TN_OCKHI_2017_033961,TN_OCKHI_2017,TRUE,63.672426497223114,100.0
TN_OCKHI_2017_047911,TN_OCKHI_2017,TRUE,146.12151701264943,100.0
TN_OCKHI_2017_008664,TN_OCKHI_2017,TRUE,24.94717760983307,100.0
TN_OCKHI_2017_040455,TN_OCKHI_2017,TRUE,115.79729727847615,100.0
TN_OCKHI_2017_051233,TN_OCKHI_2017,TRUE,39.63797462699071,100.0
TN_OCKHI_2017_051886,TN_OCKHI_2017,TRUE,39.760816592073596,100.0
TN_OCKHI_2017_011675,TN_OCKHI_2017,TRUE,35.34257691703699,100.0
TN_OCKHI_2017_055689,TN_OCKHI_2017,TRUE,17.42292249047452,100.0
TN_OCKHI_2017_036951,TN_OCKHI_2017,TRUE,93.70776793732253,100.0
TN_OCKHI_2017_061432,TN_OCKHI_2017,TRUE,105.73754076994933,100.0
TN_OCKHI_2017_046497,TN_OCKHI_2017,TRUE,77.44819095399623,100.0
TN_OCKHI_2017_027384,TN_OCKHI_2017,TRUE,132.38372041505016,100.0
TN_OCKHI_2017_040529,TN_OCKHI_2017,TRUE,44.664637780269224,100.0
TN_OCKHI_2017_011699,TN_OCKHI_2017,TRUE,19.528219080568455,100.0
TN_OCKHI_2017_014386,TN_OCKHI_2017,TRUE,73.68673957462958,100.0
TN_OCKHI_2017_017826,TN_OCKHI_2017,TRUE,20.581135990015568,100.0
TN_OCKHI_2017_033284,TN_OCKHI_2017,TRUE,53.76488216242994,100.0
TN_OCKHI_2017_045120,TN_OCKHI_2017,TRUE,35.52282289083252,100.0
TN_OCKHI_2017_019836,TN_OCKHI_2017,TRUE,204.80886146394758,100.0
TN_OCKHI_2017_037545,TN_OCKHI_2017,TRUE,44.5868279088557,100.0
TN_OCKHI_2017_046891,TN_OCKHI_2017,TRUE,123.91001749989975,100.0
TN_OCKHI_2017_047936,TN_OCKHI_2017,TRUE,8.996686760812462,100.0
TN_OCKHI_2017_027386,TN_OCKHI_2017,TRUE,76.1834582978578,100.0
TN_OCKHI_2017_051236,TN_OCKHI_2017,TRUE,17.49608065720414,100.0
TN_OCKHI_2017_011687,TN_OCKHI_2017,TRUE,14.852593298150225,100.0
TN_OCKHI_2017_027952,TN_OCKHI_2017,TRUE,14.556406171745305,100.0
TN_OCKHI_2017_041051,TN_OCKHI_2017,TRUE,18.964417540837196,100.0
TN_OCKHI_2017_001026,TN_OCKHI_2017,TRUE,13.798443918735156,100.0
TN_OCKHI_2017_001338,TN_OCKHI_2017,TRUE,13.364663900122506,100.0
TN_OCKHI_2017_001382,TN_OCKHI_2017,TRUE,43.75037800643794,100.0
TN_OCKHI_2017_017776,TN_OCKHI_2017,TRUE,52.329473447254145,100.0
TN_OCKHI_2017_033176,TN_OCKHI_2017,TRUE,119.9819755651337,100.0
TN_OCKHI_2017_060079,TN_OCKHI_2017,TRUE,8.163715442184548,100.0
TN_OCKHI_2017_060151,TN_OCKHI_2017,TRUE,25.638858836682775,100.0
TN_OCKHI_2017_036947,TN_OCKHI_2017,TRUE,31.431001067723194,100.0
TN_OCKHI_2017_046504,TN_OCKHI_2017,TRUE,121.13723422672511,100.0
TN_OCKHI_2017_047935,TN_OCKHI_2017,TRUE,32.269773587199886,100.0
TN_OCKHI_2017_049805,TN_OCKHI_2017,TRUE,23.243047163954394,100.0
TN_OCKHI_2017_000015,TN_OCKHI_2017,TRUE,92.69282155028826,100.0
TN_FENGAL_2024_000001,TN_FENGAL_2024,TRUE,44.797601345267786,100.0
TN_FENGAL_2024_009743,TN_FENGAL_2024,TRUE,33.12850171320339,100.0
TN_FENGAL_2024_000004,TN_FENGAL_2024,TRUE,87.42055167629373,100.0
TN_FENGAL_2024_000021,TN_FENGAL_2024,TRUE,45.53759230566094,100.0
TN_FENGAL_2024_027482,TN_FENGAL_2024,TRUE,9.006053007910385,100.0
TN_FENGAL_2024_002945,TN_FENGAL_2024,TRUE,14.231815938269069,100.0
TN_FENGAL_2024_081045,TN_FENGAL_2024,TRUE,181.17073478466932,100.0
TN_FENGAL_2024_133822,TN_FENGAL_2024,TRUE,279.47469351230524,100.0
TN_FENGAL_2024_004094,TN_FENGAL_2024,TRUE,66.1897543290097,100.0
TN_FENGAL_2024_059422,TN_FENGAL_2024,TRUE,44.14317700452368,100.0
TN_FENGAL_2024_081030,TN_FENGAL_2024,TRUE,59.60648147059193,100.0
TN_FENGAL_2024_040543,TN_FENGAL_2024,TRUE,48.31566315970339,100.0
TN_FENGAL_2024_103958,TN_FENGAL_2024,TRUE,56.54404398603286,100.0
TN_FENGAL_2024_125708,TN_FENGAL_2024,TRUE,36.49013240621501,100.0
TN_FENGAL_2024_091017,TN_FENGAL_2024,TRUE,209.94786466855294,100.0
TN_FENGAL_2024_109020,TN_FENGAL_2024,TRUE,5.8863576540647875,100.0
TN_FENGAL_2024_141940,TN_FENGAL_2024,TRUE,43.6101878208996,100.0
TN_FENGAL_2024_079193,TN_FENGAL_2024,TRUE,27.611376732313005,100.0
TN_FENGAL_2024_036080,TN_FENGAL_2024,TRUE,85.7726476438686,100.0
TN_FENGAL_2024_059295,TN_FENGAL_2024,TRUE,37.84815202279681,100.0
TN_FENGAL_2024_036156,TN_FENGAL_2024,TRUE,32.93106720849529,100.0
TN_FENGAL_2024_059310,TN_FENGAL_2024,TRUE,13.981249491936762,100.0
TN_FENGAL_2024_136773,TN_FENGAL_2024,TRUE,88.89607860528213,100.0
TN_FENGAL_2024_005286,TN_FENGAL_2024,TRUE,44.624610620953774,100.0
TN_FENGAL_2024_109438,TN_FENGAL_2024,TRUE,1239.5437862647889,100.0
TN_FENGAL_2024_141955,TN_FENGAL_2024,TRUE,18.08456381023513,100.0
TN_FENGAL_2024_074305,TN_FENGAL_2024,TRUE,1223.0351167689876,100.0
TN_FENGAL_2024_113808,TN_FENGAL_2024,TRUE,60.56613117158089,100.0
TN_FENGAL_2024_000003,TN_FENGAL_2024,TRUE,32.00719388800936,100.0
TN_FENGAL_2024_027039,TN_FENGAL_2024,TRUE,79.19957777531152,100.0
TN_FENGAL_2024_100789,TN_FENGAL_2024,TRUE,20.95251403485701,100.0
TN_FENGAL_2024_000052,TN_FENGAL_2024,TRUE,69.62917352040441,100.0
TN_FENGAL_2024_100966,TN_FENGAL_2024,TRUE,61.797688117240455,100.0
TN_FENGAL_2024_054678,TN_FENGAL_2024,TRUE,383.72901410222573,100.0
TN_FENGAL_2024_004107,TN_FENGAL_2024,TRUE,24.10860951730688,100.0
TN_FENGAL_2024_036083,TN_FENGAL_2024,TRUE,32.862247937265046,100.0
TN_FENGAL_2024_081106,TN_FENGAL_2024,TRUE,232.5289712838055,100.0
TN_FENGAL_2024_102562,TN_FENGAL_2024,TRUE,106.11316197671076,100.0
TN_FENGAL_2024_036167,TN_FENGAL_2024,TRUE,13.99808693636377,100.0
TN_FENGAL_2024_109753,TN_FENGAL_2024,TRUE,64.71905052306404,100.0
TN_FENGAL_2024_052392,TN_FENGAL_2024,TRUE,123.16707027458133,100.0
TN_FENGAL_2024_119507,TN_FENGAL_2024,TRUE,48.095309251671935,100.0
TN_FENGAL_2024_132816,TN_FENGAL_2024,TRUE,38.79005093440014,100.0
TN_FENGAL_2024_121055,TN_FENGAL_2024,TRUE,25.15531131910405,100.0
TN_FENGAL_2024_004110,TN_FENGAL_2024,TRUE,59.93711913555515,100.0
TN_FENGAL_2024_015694,TN_FENGAL_2024,TRUE,10.882518695541659,100.0
TN_FENGAL_2024_060094,TN_FENGAL_2024,TRUE,58.13263282895187,100.0
TN_FENGAL_2024_059318,TN_FENGAL_2024,TRUE,43.766984564427894,100.0
TN_FENGAL_2024_064278,TN_FENGAL_2024,TRUE,112.23837892737838,100.0
TN_FENGAL_2024_008897,TN_FENGAL_2024,TRUE,85.65791293223565,100.0
TN_FENGAL_2024_090899,TN_FENGAL_2024,TRUE,141.76684419725888,100.0
TN_FENGAL_2024_069240,TN_FENGAL_2024,TRUE,155.85132405796926,100.0
TN_FENGAL_2024_090923,TN_FENGAL_2024,TRUE,80.42095330791163,100.0
TN_FENGAL_2024_141984,TN_FENGAL_2024,TRUE,110.85848198862395,100.0
TN_FENGAL_2024_095865,TN_FENGAL_2024,TRUE,255.29596029310449,100.0
TN_FENGAL_2024_000013,TN_FENGAL_2024,TRUE,19.601773924398064,100.0
TN_FENGAL_2024_002984,TN_FENGAL_2024,TRUE,20.474991602350592,100.0
TN_FENGAL_2024_133720,TN_FENGAL_2024,TRUE,22.54406003862234,100.0
TN_FENGAL_2024_004088,TN_FENGAL_2024,TRUE,157.7698193184248,100.0
TN_FENGAL_2024_004117,TN_FENGAL_2024,TRUE,67.04699300259742,100.0
TN_FENGAL_2024_081259,TN_FENGAL_2024,TRUE,227.84560235636255,100.0
TN_FENGAL_2024_121576,TN_FENGAL_2024,TRUE,47.71368825259462,100.0
TN_FENGAL_2024_081137,TN_FENGAL_2024,TRUE,72.92158801849591,100.0
TN_FENGAL_2024_005293,TN_FENGAL_2024,TRUE,24.275516485954483,100.0
TN_FENGAL_2024_017085,TN_FENGAL_2024,TRUE,25.227458762526215,100.0
TN_FENGAL_2024_085962,TN_FENGAL_2024,TRUE,74.68555024823492,100.0
TN_FENGAL_2024_140313,TN_FENGAL_2024,TRUE,43.949902650337194,100.0
TN_FENGAL_2024_008881,TN_FENGAL_2024,TRUE,70.37076647085513,100.0
TN_FENGAL_2024_069236,TN_FENGAL_2024,TRUE,62.19277608270182,100.0
TN_FENGAL_2024_110434,TN_FENGAL_2024,TRUE,9.428450294149297,100.0
TN_FENGAL_2024_074475,TN_FENGAL_2024,TRUE,65.7124791519157,100.0
TN_FENGAL_2024_052722,TN_FENGAL_2024,TRUE,493.7728779512063,100.0
TN_FENGAL_2024_118765,TN_FENGAL_2024,TRUE,10.453276811083011,100.0
TN_FENGAL_2024_056268,TN_FENGAL_2024,TRUE,22.415603170756235,100.0
TN_FENGAL_2024_132820,TN_FENGAL_2024,TRUE,100.65827611785127,100.0
TN_FENGAL_2024_002990,TN_FENGAL_2024,TRUE,72.06593616816927,100.0
TN_FENGAL_2024_013334,TN_FENGAL_2024,TRUE,15.844754152695138,100.0
TN_FENGAL_2024_055127,TN_FENGAL_2024,TRUE,135.8566730469457,100.0
TN_FENGAL_2024_015715,TN_FENGAL_2024,TRUE,25.34913908071853,100.0
TN_FENGAL_2024_081150,TN_FENGAL_2024,TRUE,120.11424503899092,100.0
TN_FENGAL_2024_006033,TN_FENGAL_2024,TRUE,139.34941939623067,100.0
TN_FENGAL_2024_069238,TN_FENGAL_2024,TRUE,142.05562349442874,100.0
TN_FENGAL_2024_090903,TN_FENGAL_2024,TRUE,146.18631271161317,100.0
TN_FENGAL_2024_091146,TN_FENGAL_2024,TRUE,12.646942590955398,100.0
TN_FENGAL_2024_125761,TN_FENGAL_2024,TRUE,42.55204069817154,100.0
TN_FENGAL_2024_142042,TN_FENGAL_2024,TRUE,22.062133701467562,100.0
TN_FENGAL_2024_095869,TN_FENGAL_2024,TRUE,41.20497659977824,100.0
TN_FENGAL_2024_113813,TN_FENGAL_2024,TRUE,51.60626523500953,100.0
TN_FENGAL_2024_143114,TN_FENGAL_2024,TRUE,23.229240981893852,100.0
TN_FENGAL_2024_131355,TN_FENGAL_2024,TRUE,80.22646241715526,100.0
TN_FENGAL_2024_143593,TN_FENGAL_2024,TRUE,20.285807403990923,100.0
TN_FENGAL_2024_000045,TN_FENGAL_2024,TRUE,88.88516477967596,100.0
TN_FENGAL_2024_027490,TN_FENGAL_2024,TRUE,78.64891422820645,100.0
TN_FENGAL_2024_052590,TN_FENGAL_2024,TRUE,39.48444041440001,100.0
TN_FENGAL_2024_079579,TN_FENGAL_2024,TRUE,44.95237787398271,100.0
TN_FENGAL_2024_100971,TN_FENGAL_2024,TRUE,22.62342685991191,100.0
TN_FENGAL_2024_031122,TN_FENGAL_2024,TRUE,90.86718201057877,100.0
TN_FENGAL_2024_101021,TN_FENGAL_2024,TRUE,43.05267268271634,100.0
TN_FENGAL_2024_004093,TN_FENGAL_2024,TRUE,10.425814172349522,100.0
TN_FENGAL_2024_006450,TN_FENGAL_2024,TRUE,38.43295341261417,100.0
TN_FENGAL_2024_040554,TN_FENGAL_2024,TRUE,53.305183407890816,100.0
TN_FENGAL_2024_085966,TN_FENGAL_2024,TRUE,101.77984338579209,100.0
TN_FENGAL_2024_008884,TN_FENGAL_2024,TRUE,41.832774129439244,100.0
TN_FENGAL_2024_090924,TN_FENGAL_2024,TRUE,195.85058876266143,100.0
TN_FENGAL_2024_125721,TN_FENGAL_2024,TRUE,154.98277104207156,100.0
TN_FENGAL_2024_045609,TN_FENGAL_2024,TRUE,51.96359520732242,100.0
TN_FENGAL_2024_009804,TN_FENGAL_2024,TRUE,347.57495834845463,100.0
TN_FENGAL_2024_100794,TN_FENGAL_2024,TRUE,113.10283344148225,100.0
TN_FENGAL_2024_000025,TN_FENGAL_2024,TRUE,85.10158236617738,100.0
TN_FENGAL_2024_079730,TN_FENGAL_2024,TRUE,18.674459575864514,100.0
TN_FENGAL_2024_003000,TN_FENGAL_2024,TRUE,10.163972360432522,100.0
TN_FENGAL_2024_121067,TN_FENGAL_2024,TRUE,10.274718472412868,100.0
TN_FENGAL_2024_133723,TN_FENGAL_2024,TRUE,100.75051308748824,100.0
TN_FENGAL_2024_004095,TN_FENGAL_2024,TRUE,27.245591441519608,100.0
TN_FENGAL_2024_059307,TN_FENGAL_2024,TRUE,112.75984248048726,100.0
TN_FENGAL_2024_085970,TN_FENGAL_2024,TRUE,77.29417721535302,100.0
TN_FENGAL_2024_045524,TN_FENGAL_2024,TRUE,71.64068887910852,100.0
TN_FENGAL_2024_090939,TN_FENGAL_2024,TRUE,219.37372399351509,100.0
TN_FENGAL_2024_110838,TN_FENGAL_2024,TRUE,148.15889879289415,100.0
TN_FENGAL_2024_095874,TN_FENGAL_2024,TRUE,33.11197304212813,100.0
TN_FENGAL_2024_126410,TN_FENGAL_2024,TRUE,23.722473694414397,100.0
TN_FENGAL_2024_027498,TN_FENGAL_2024,TRUE,36.40165909367134,100.0
TN_FENGAL_2024_052595,TN_FENGAL_2024,TRUE,72.61460884496712,100.0
TN_FENGAL_2024_079911,TN_FENGAL_2024,TRUE,17.74915828040851,100.0
TN_FENGAL_2024_121069,TN_FENGAL_2024,TRUE,28.596853104858795,100.0
TN_FENGAL_2024_133724,TN_FENGAL_2024,TRUE,27.840206027347392,100.0
TN_FENGAL_2024_015729,TN_FENGAL_2024,TRUE,97.04076576337161,100.0
TN_FENGAL_2024_015689,TN_FENGAL_2024,TRUE,7.614393342709273,100.0
TN_FENGAL_2024_017099,TN_FENGAL_2024,TRUE,45.96479837343639,100.0
TN_FENGAL_2024_040557,TN_FENGAL_2024,TRUE,23.11713865476672,100.0
TN_FENGAL_2024_009465,TN_FENGAL_2024,TRUE,35.472785863201146,100.0
TN_FENGAL_2024_091183,TN_FENGAL_2024,TRUE,143.13245166864456,100.0
TN_FENGAL_2024_113841,TN_FENGAL_2024,TRUE,66.36580840540418,100.0
TN_FENGAL_2024_132727,TN_FENGAL_2024,TRUE,19.26255617288343,100.0
TN_FENGAL_2024_010465,TN_FENGAL_2024,TRUE,14.442266197373051,100.0
TN_FENGAL_2024_054372,TN_FENGAL_2024,TRUE,97.28524189227306,100.0
TN_FENGAL_2024_036099,TN_FENGAL_2024,TRUE,125.96945502050471,100.0
TN_FENGAL_2024_059309,TN_FENGAL_2024,TRUE,33.62114555195109,100.0
TN_FENGAL_2024_134350,TN_FENGAL_2024,TRUE,102.89050930095493,100.0
TN_FENGAL_2024_004421,TN_FENGAL_2024,TRUE,55.56928908350042,100.0
TN_FENGAL_2024_017101,TN_FENGAL_2024,TRUE,11.642705807061443,100.0
TN_FENGAL_2024_008928,TN_FENGAL_2024,TRUE,46.447005544602945,100.0
TN_FENGAL_2024_069246,TN_FENGAL_2024,TRUE,60.589101279132656,100.0
TN_FENGAL_2024_090949,TN_FENGAL_2024,TRUE,14.112695169124436,100.0
TN_FENGAL_2024_000019,TN_FENGAL_2024,TRUE,27.11831134553373,100.0
TN_FENGAL_2024_100797,TN_FENGAL_2024,TRUE,35.462970961129834,100.0
TN_FENGAL_2024_000130,TN_FENGAL_2024,TRUE,26.874014263018445,100.0
TN_FENGAL_2024_052597,TN_FENGAL_2024,TRUE,23.58682061611864,100.0
TN_FENGAL_2024_100978,TN_FENGAL_2024,TRUE,8.027410173527425,100.0
TN_FENGAL_2024_119514,TN_FENGAL_2024,TRUE,66.95680850089805,100.0
TN_FENGAL_2024_132834,TN_FENGAL_2024,TRUE,37.35964292657283,100.0
TN_FENGAL_2024_013389,TN_FENGAL_2024,TRUE,248.70912329238723,100.0
TN_FENGAL_2024_015736,TN_FENGAL_2024,TRUE,22.77692995467666,100.0
TN_FENGAL_2024_134368,TN_FENGAL_2024,TRUE,209.03689377625966,100.0
TN_FENGAL_2024_102549,TN_FENGAL_2024,TRUE,9.954479947160513,100.0
TN_FENGAL_2024_090944,TN_FENGAL_2024,TRUE,493.6267800860991,100.0
TN_FENGAL_2024_000058,TN_FENGAL_2024,TRUE,48.32852244920438,100.0
TN_FENGAL_2024_051705,TN_FENGAL_2024,TRUE,25.821799984744153,100.0
TN_FENGAL_2024_000137,TN_FENGAL_2024,TRUE,82.59435994071379,100.0
TN_FENGAL_2024_080072,TN_FENGAL_2024,TRUE,26.826852051179557,100.0
TN_FENGAL_2024_100979,TN_FENGAL_2024,TRUE,18.25616953473058,100.0
TN_FENGAL_2024_119515,TN_FENGAL_2024,TRUE,56.711773845143746,100.0
TN_FENGAL_2024_081624,TN_FENGAL_2024,TRUE,68.58231251041865,100.0
TN_FENGAL_2024_123841,TN_FENGAL_2024,TRUE,24.597908605956878,100.0
TN_FENGAL_2024_045530,TN_FENGAL_2024,TRUE,98.90998785445291,100.0
TN_FENGAL_2024_074820,TN_FENGAL_2024,TRUE,633.624875581845,100.0
TN_FENGAL_2024_113847,TN_FENGAL_2024,TRUE,24.422019853370205,100.0
TN_FENGAL_2024_143132,TN_FENGAL_2024,TRUE,63.51690381310425,100.0
TN_FENGAL_2024_000063,TN_FENGAL_2024,TRUE,8.341728713058489,100.0
TN_FENGAL_2024_027058,TN_FENGAL_2024,TRUE,7.500708517485154,100.0
TN_FENGAL_2024_051706,TN_FENGAL_2024,TRUE,116.8663330673907,100.0
TN_FENGAL_2024_000139,TN_FENGAL_2024,TRUE,23.33072086299501,100.0
TN_FENGAL_2024_003235,TN_FENGAL_2024,TRUE,14.280774690994942,100.0
TN_FENGAL_2024_101056,TN_FENGAL_2024,TRUE,49.921187889022335,100.0
TN_FENGAL_2024_121084,TN_FENGAL_2024,TRUE,25.259403311730257,100.0
TN_FENGAL_2024_004122,TN_FENGAL_2024,TRUE,128.44427120861414,100.0
TN_FENGAL_2024_004518,TN_FENGAL_2024,TRUE,10.985276006384137,100.0
TN_FENGAL_2024_102557,TN_FENGAL_2024,TRUE,93.77984538640266,100.0
TN_FENGAL_2024_121670,TN_FENGAL_2024,TRUE,25.367466190532763,100.0
TN_CHENNAI_FLOOD_2021_193123,TN_CHENNAI_FLOOD_2021,TRUE,58.73084773285463,100.0
TN_CHENNAI_FLOOD_2021_206065,TN_CHENNAI_FLOOD_2021,TRUE,48.205146941048504,100.0
TN_CHENNAI_FLOOD_2021_188130,TN_CHENNAI_FLOOD_2021,TRUE,27.18412369076838,100.0
TN_CHENNAI_FLOOD_2021_193115,TN_CHENNAI_FLOOD_2021,TRUE,169.75046682537925,100.0
TN_CHENNAI_FLOOD_2021_206105,TN_CHENNAI_FLOOD_2021,TRUE,20.976875960358743,100.0
TN_CHENNAI_FLOOD_2021_183224,TN_CHENNAI_FLOOD_2021,TRUE,127.03009977750386,100.0
TN_CHENNAI_FLOOD_2021_173316,TN_CHENNAI_FLOOD_2021,TRUE,80.79012707854439,100.0
TN_CHENNAI_FLOOD_2021_203042,TN_CHENNAI_FLOOD_2021,TRUE,25.63233707634209,100.0
TN_CHENNAI_FLOOD_2021_183228,TN_CHENNAI_FLOOD_2021,TRUE,76.88024483944747,100.0
TN_CHENNAI_FLOOD_2021_193124,TN_CHENNAI_FLOOD_2021,TRUE,74.27689781590446,100.0
TN_CHENNAI_FLOOD_2021_193147,TN_CHENNAI_FLOOD_2021,TRUE,80.28849863126884,100.0
TN_CHENNAI_FLOOD_2021_203157,TN_CHENNAI_FLOOD_2021,TRUE,158.3092733110794,100.0
TN_CHENNAI_FLOOD_2021_193136,TN_CHENNAI_FLOOD_2021,TRUE,83.80306436310548,100.0
TN_CHENNAI_FLOOD_2021_193168,TN_CHENNAI_FLOOD_2021,TRUE,129.26923269329464,100.0
TN_CHENNAI_FLOOD_2021_198174,TN_CHENNAI_FLOOD_2021,TRUE,21.22963203685575,100.0
TN_CHENNAI_FLOOD_2021_183255,TN_CHENNAI_FLOOD_2021,TRUE,70.96802442735056,100.0
TN_CHENNAI_FLOOD_2021_193214,TN_CHENNAI_FLOOD_2021,TRUE,110.65631989948756,100.0
TN_BUREVI_2020_099771,TN_BUREVI_2020,TRUE,69.1237077183725,100.0
TN_BUREVI_2020_100546,TN_BUREVI_2020,TRUE,15.004796795166886,100.0
TN_BUREVI_2020_102106,TN_BUREVI_2020,TRUE,87.36959715124985,100.0
TN_BUREVI_2020_094450,TN_BUREVI_2020,TRUE,33.46431085293754,100.0
TN_BUREVI_2020_094464,TN_BUREVI_2020,TRUE,9.72556575453932,100.0
TN_BUREVI_2020_096380,TN_BUREVI_2020,TRUE,29.95476729052655,100.0
TN_BUREVI_2020_096733,TN_BUREVI_2020,TRUE,15.161712333851781,100.0
TN_BUREVI_2020_097147,TN_BUREVI_2020,TRUE,108.12585873092522,100.0
TN_BUREVI_2020_094458,TN_BUREVI_2020,TRUE,23.108646441309226,100.0
TN_BUREVI_2020_096837,TN_BUREVI_2020,TRUE,86.42114298119792,100.0
TN_BUREVI_2020_097160,TN_BUREVI_2020,TRUE,139.21984347170124,100.0
TN_BUREVI_2020_101491,TN_BUREVI_2020,TRUE,7.600472282473059,100.0
TN_BUREVI_2020_101492,TN_BUREVI_2020,TRUE,24.96259579093758,100.0
TN_BUREVI_2020_094482,TN_BUREVI_2020,TRUE,28.459072733702133,100.0
TN_BUREVI_2020_100553,TN_BUREVI_2020,TRUE,22.93280545327347,100.0
TN_BUREVI_2020_097117,TN_BUREVI_2020,TRUE,587.8257895841385,100.0
TN_BUREVI_2020_097214,TN_BUREVI_2020,TRUE,19.715694096014055,100.0
TN_BUREVI_2020_099877,TN_BUREVI_2020,TRUE,36.55342926246028,100.0
TN_BUREVI_2020_101512,TN_BUREVI_2020,TRUE,19.84380560376949,100.0
TN_BUREVI_2020_099291,TN_BUREVI_2020,TRUE,56.93480559731549,100.0
TN_BUREVI_2020_094476,TN_BUREVI_2020,TRUE,7.020703946141439,100.0
TN_BUREVI_2020_099948,TN_BUREVI_2020,TRUE,2029.7955994762265,100.0
TN_NADA_2016_085402,TN_NADA_2016,TRUE,67.50654357734211,100.0
TN_NADA_2016_000119,TN_NADA_2016,TRUE,22.95819276886205,100.0
TN_NADA_2016_009976,TN_NADA_2016,TRUE,23.376282113797075,100.0
TN_NADA_2016_030748,TN_NADA_2016,TRUE,13.795269150398061,100.0
TN_NADA_2016_002057,TN_NADA_2016,TRUE,12.958950515573022,100.0
TN_NADA_2016_071859,TN_NADA_2016,TRUE,69.92885658730387,100.0
TN_NADA_2016_038582,TN_NADA_2016,TRUE,152.64660320352164,100.0
TN_NADA_2016_005129,TN_NADA_2016,TRUE,78.69225567373596,100.0
TN_NADA_2016_019969,TN_NADA_2016,TRUE,27.857616166678717,100.0
TN_NADA_2016_083293,TN_NADA_2016,TRUE,37.91241288922397,100.0
TN_NADA_2016_044283,TN_NADA_2016,TRUE,35.84016509615978,100.0
TN_NADA_2016_085060,TN_NADA_2016,TRUE,82.92566466972191,100.0
TN_NADA_2016_048039,TN_NADA_2016,TRUE,29.92288914383538,100.0
TN_NADA_2016_096332,TN_NADA_2016,TRUE,18.49928353724949,100.0
TN_NADA_2016_000190,TN_NADA_2016,TRUE,11.896025523141606,100.0
TN_NADA_2016_009980,TN_NADA_2016,TRUE,44.569157279391234,100.0
TN_NADA_2016_030749,TN_NADA_2016,TRUE,32.731488479253045,100.0
TN_NADA_2016_031502,TN_NADA_2016,TRUE,24.4485019470795,100.0
TN_NADA_2016_071819,TN_NADA_2016,TRUE,63.6891231286044,100.0
TN_NADA_2016_086360,TN_NADA_2016,TRUE,20.20311931995647,100.0
TN_NADA_2016_034157,TN_NADA_2016,TRUE,69.02431937667123,100.0
TN_NADA_2016_098628,TN_NADA_2016,TRUE,58.181104224468626,100.0
TN_NADA_2016_005130,TN_NADA_2016,TRUE,82.23253910084478,100.0
TN_NADA_2016_019976,TN_NADA_2016,TRUE,14.736912143137674,100.0
TN_NADA_2016_078641,TN_NADA_2016,TRUE,51.96968956562088,100.0
TN_NADA_2016_102763,TN_NADA_2016,TRUE,82.52853769240079,100.0
TN_NADA_2016_005136,TN_NADA_2016,TRUE,26.463823464888797,100.0
TN_NADA_2016_104123,TN_NADA_2016,TRUE,95.75130019482712,100.0
TN_NADA_2016_064494,TN_NADA_2016,TRUE,31.430535384394886,100.0
TN_NADA_2016_000005,TN_NADA_2016,TRUE,55.97671527400545,100.0
TN_NADA_2016_017767,TN_NADA_2016,TRUE,22.195025344079525,100.0
TN_NADA_2016_086375,TN_NADA_2016,TRUE,75.16789625722629,100.0
TN_NADA_2016_034158,TN_NADA_2016,TRUE,95.9443771795766,100.0
TN_NADA_2016_005131,TN_NADA_2016,TRUE,7.287773698202125,100.0
TN_NADA_2016_019978,TN_NADA_2016,TRUE,63.60810164871891,100.0
TN_NADA_2016_039118,TN_NADA_2016,TRUE,52.73051513874094,100.0
TN_NADA_2016_090642,TN_NADA_2016,TRUE,88.24496791884484,100.0
TN_NADA_2016_005146,TN_NADA_2016,TRUE,50.69355270052446,100.0
TN_NADA_2016_059544,TN_NADA_2016,TRUE,65.32715910349287,100.0
TN_NADA_2016_044068,TN_NADA_2016,TRUE,40.40741167705202,100.0
TN_NADA_2016_045476,TN_NADA_2016,TRUE,46.08921145069141,100.0
TN_NADA_2016_084200,TN_NADA_2016,TRUE,48.461817919593194,100.0
TN_NADA_2016_091901,TN_NADA_2016,TRUE,64.74455923239356,100.0
TN_NADA_2016_104137,TN_NADA_2016,TRUE,49.19548655191535,100.0
TN_NADA_2016_107827,TN_NADA_2016,TRUE,26.210980186862706,100.0
TN_NADA_2016_048059,TN_NADA_2016,TRUE,64.47653667571238,100.0
TN_NADA_2016_009461,TN_NADA_2016,TRUE,109.05673990082585,100.0
TN_NADA_2016_016996,TN_NADA_2016,TRUE,67.08917146057365,100.0
TN_NADA_2016_030751,TN_NADA_2016,TRUE,47.17880091507345,100.0
TN_NADA_2016_017774,TN_NADA_2016,TRUE,15.195280214777288,100.0
TN_NADA_2016_030770,TN_NADA_2016,TRUE,9.70095111962305,100.0
TN_NADA_2016_086378,TN_NADA_2016,TRUE,17.74037998344778,100.0
TN_NADA_2016_034160,TN_NADA_2016,TRUE,132.5467902851762,100.0
TN_NADA_2016_054599,TN_NADA_2016,TRUE,37.90896738258887,100.0
TN_NADA_2016_005132,TN_NADA_2016,TRUE,38.07910753822962,100.0
TN_NADA_2016_102769,TN_NADA_2016,TRUE,115.02958937655961,100.0
TN_NADA_2016_090629,TN_NADA_2016,TRUE,11.47701522339458,100.0
TN_NADA_2016_104130,TN_NADA_2016,TRUE,28.795009868309744,100.0
TN_NADA_2016_045692,TN_NADA_2016,TRUE,63.99352423635846,100.0
TN_NADA_2016_064719,TN_NADA_2016,TRUE,7.281871813672177,100.0
TN_NADA_2016_104141,TN_NADA_2016,TRUE,47.61949972517731,100.0
TN_NADA_2016_008572,TN_NADA_2016,TRUE,38.98514070869311,100.0
TN_NADA_2016_048047,TN_NADA_2016,TRUE,10.488846766310974,100.0
TN_NADA_2016_071901,TN_NADA_2016,TRUE,17.926419351059955,100.0
TN_NADA_2016_086373,TN_NADA_2016,TRUE,43.47520907298365,100.0
TN_NADA_2016_072050,TN_NADA_2016,TRUE,17.400409549233803,100.0
TN_NADA_2016_097217,TN_NADA_2016,TRUE,72.10955081847185,100.0
TN_NADA_2016_054600,TN_NADA_2016,TRUE,70.08825480624256,100.0
TN_NADA_2016_090658,TN_NADA_2016,TRUE,71.83119993541108,100.0
TN_NADA_2016_019980,TN_NADA_2016,TRUE,155.26208776218658,100.0
TN_NADA_2016_046466,TN_NADA_2016,TRUE,33.647757788813934,100.0
TN_NADA_2016_064742,TN_NADA_2016,TRUE,90.91248236423682,100.0
TN_NADA_2016_000009,TN_NADA_2016,TRUE,100.62041298306923,100.0
TN_NADA_2016_000072,TN_NADA_2016,TRUE,7.853385847533851,100.0
TN_NADA_2016_008573,TN_NADA_2016,TRUE,40.38659270483562,100.0
TN_NADA_2016_000014,TN_NADA_2016,TRUE,27.363915232023373,100.0
TN_NADA_2016_010240,TN_NADA_2016,TRUE,42.19465782665506,100.0
TN_NADA_2016_017773,TN_NADA_2016,TRUE,28.132215662627097,100.0
TN_NADA_2016_086376,TN_NADA_2016,TRUE,77.63168114089737,100.0
TN_NADA_2016_051823,TN_NADA_2016,TRUE,163.1747701296041,100.0
TN_NADA_2016_097234,TN_NADA_2016,TRUE,54.33688763813632,100.0
TN_NADA_2016_002082,TN_NADA_2016,TRUE,16.44558966740255,100.0
TN_NADA_2016_034162,TN_NADA_2016,TRUE,141.68199281033586,100.0
TN_NADA_2016_011972,TN_NADA_2016,TRUE,18.192329440831315,100.0
TN_NADA_2016_039124,TN_NADA_2016,TRUE,29.59590410437101,100.0
TN_NADA_2016_005171,TN_NADA_2016,TRUE,45.73862328952627,100.0
TN_NADA_2016_090636,TN_NADA_2016,TRUE,130.73572278560908,100.0
TN_NADA_2016_083323,TN_NADA_2016,TRUE,59.444980510972506,100.0
TN_NADA_2016_047117,TN_NADA_2016,TRUE,78.20503971390141,100.0
TN_NADA_2016_064812,TN_NADA_2016,TRUE,50.09070171069381,100.0
TN_NADA_2016_008579,TN_NADA_2016,TRUE,73.6810225207443,100.0
TN_NADA_2016_069694,TN_NADA_2016,TRUE,31.32533465088909,100.0
TN_NADA_2016_096331,TN_NADA_2016,TRUE,41.90356950486324,100.0
TN_NADA_2016_000731,TN_NADA_2016,TRUE,30.201071342827255,100.0
TN_NADA_2016_017777,TN_NADA_2016,TRUE,28.371014856338753,100.0
TN_NADA_2016_030757,TN_NADA_2016,TRUE,30.673935973154634,100.0
TN_NADA_2016_086382,TN_NADA_2016,TRUE,87.04630587332309,100.0
TN_NADA_2016_002092,TN_NADA_2016,TRUE,39.344998230991905,100.0
TN_NADA_2016_011980,TN_NADA_2016,TRUE,11.808030246037063,100.0
TN_NADA_2016_020013,TN_NADA_2016,TRUE,51.12479152535212,100.0
TN_NADA_2016_102815,TN_NADA_2016,TRUE,18.64910748853561,100.0
TN_NADA_2016_064466,TN_NADA_2016,TRUE,20.706782852636625,100.0
TN_NADA_2016_107879,TN_NADA_2016,TRUE,37.75967377900104,100.0
TN_NADA_2016_000013,TN_NADA_2016,TRUE,24.171017117322975,100.0
TN_NADA_2016_048074,TN_NADA_2016,TRUE,118.47143427384738,100.0
TN_NADA_2016_069503,TN_NADA_2016,TRUE,48.41818337586874,100.0
TN_NADA_2016_000017,TN_NADA_2016,TRUE,9.52343247214852,100.0
TN_NADA_2016_069697,TN_NADA_2016,TRUE,26.081582990461932,100.0
TN_NADA_2016_030778,TN_NADA_2016,TRUE,55.01088214898538,100.0
TN_NADA_2016_051813,TN_NADA_2016,TRUE,141.00536251275602,100.0
TN_NADA_2016_018452,TN_NADA_2016,TRUE,64.13452951738287,100.0
TN_NADA_2016_000089,TN_NADA_2016,TRUE,57.46798008648448,100.0
TN_NADA_2016_017021,TN_NADA_2016,TRUE,23.57366086055197,100.0
TN_NADA_2016_000018,TN_NADA_2016,TRUE,17.668446029190665,100.0
TN_NADA_2016_017007,TN_NADA_2016,TRUE,7.27247848783777,100.0
TN_NADA_2016_096335,TN_NADA_2016,TRUE,47.434971404514556,100.0
TN_NADA_2016_000735,TN_NADA_2016,TRUE,22.257034788873643,100.0
TN_NADA_2016_000835,TN_NADA_2016,TRUE,73.80986414955674,100.0
TN_NADA_2016_011146,TN_NADA_2016,TRUE,30.668674438587022,100.0
TN_NADA_2016_030779,TN_NADA_2016,TRUE,33.52937808696719,100.0
TN_NADA_2016_002062,TN_NADA_2016,TRUE,17.72809324167959,100.0
TN_NADA_2016_054607,TN_NADA_2016,TRUE,27.05501037272309,100.0
TN_NADA_2016_005142,TN_NADA_2016,TRUE,247.30519648381622,100.0
TN_NADA_2016_020019,TN_NADA_2016,TRUE,47.39162771091872,100.0
TN_NADA_2016_102775,TN_NADA_2016,TRUE,82.95772392404271,100.0
TN_NADA_2016_059567,TN_NADA_2016,TRUE,81.90894873584615,100.0
TN_NADA_2016_048055,TN_NADA_2016,TRUE,29.285412499370977,100.0
TN_NADA_2016_048133,TN_NADA_2016,TRUE,18.789095487868146,100.0
TN_NADA_2016_085427,TN_NADA_2016,TRUE,31.14478803861031,100.0
TN_NADA_2016_032953,TN_NADA_2016,TRUE,50.88249016696601,100.0
TN_NADA_2016_051886,TN_NADA_2016,TRUE,85.24280992965892,100.0
TN_NADA_2016_097214,TN_NADA_2016,TRUE,72.82769275929772,100.0
TN_NADA_2016_002215,TN_NADA_2016,TRUE,20.207691905691654,100.0
TN_NADA_2016_072352,TN_NADA_2016,TRUE,33.93491531907819,100.0
TN_NADA_2016_097259,TN_NADA_2016,TRUE,51.046908410596146,100.0
TN_NADA_2016_054685,TN_NADA_2016,TRUE,140.01611514339544,100.0
TN_NADA_2016_005212,TN_NADA_2016,TRUE,1882.1940286950808,100.0
TN_NADA_2016_059537,TN_NADA_2016,TRUE,27.89546949157535,100.0
TN_NADA_2016_090709,TN_NADA_2016,TRUE,61.25794876905479,100.0
TN_NADA_2016_011993,TN_NADA_2016,TRUE,33.88225021029636,100.0
TN_NADA_2016_090661,TN_NADA_2016,TRUE,57.93114285133723,100.0
TN_NADA_2016_083333,TN_NADA_2016,TRUE,31.97528129985441,100.0
TN_NADA_2016_064944,TN_NADA_2016,TRUE,28.071741272898123,100.0
TN_NADA_2016_107915,TN_NADA_2016,TRUE,60.79257103486579,100.0
TN_NADA_2016_017009,TN_NADA_2016,TRUE,34.54902518895545,100.0
TN_NADA_2016_029846,TN_NADA_2016,TRUE,35.338387290635964,100.0
TN_NADA_2016_002223,TN_NADA_2016,TRUE,58.71027719663229,100.0
TN_NADA_2016_030782,TN_NADA_2016,TRUE,20.239165160942754,100.0
TN_NADA_2016_002066,TN_NADA_2016,TRUE,205.1300694765439,100.0
TN_NADA_2016_005219,TN_NADA_2016,TRUE,55.7401064218361,100.0
TN_NADA_2016_011999,TN_NADA_2016,TRUE,72.14691531915062,100.0
TN_NADA_2016_044089,TN_NADA_2016,TRUE,82.12327607573266,100.0
TN_NADA_2016_064524,TN_NADA_2016,TRUE,40.32443226031942,100.0
TN_NADA_2016_104140,TN_NADA_2016,TRUE,40.79011580944386,100.0
TN_NADA_2016_104204,TN_NADA_2016,TRUE,24.652669395798366,100.0
TN_NADA_2016_048082,TN_NADA_2016,TRUE,17.688676851610857,100.0
TN_NADA_2016_085432,TN_NADA_2016,TRUE,107.95434420382489,100.0
TN_NADA_2016_010711,TN_NADA_2016,TRUE,13.959128238078364,100.0
TN_NADA_2016_030763,TN_NADA_2016,TRUE,28.531143849210828,100.0
TN_NADA_2016_002230,TN_NADA_2016,TRUE,25.43592406688493,100.0
TN_NADA_2016_030786,TN_NADA_2016,TRUE,148.07760174858205,100.0
TN_NADA_2016_018457,TN_NADA_2016,TRUE,45.94028678848069,100.0
TN_NADA_2016_012001,TN_NADA_2016,TRUE,44.86478234123917,100.0
TN_NADA_2016_102778,TN_NADA_2016,TRUE,29.507553765213217,100.0
TN_NADA_2016_064530,TN_NADA_2016,TRUE,76.2764077683194,100.0
TN_NADA_2016_092048,TN_NADA_2016,TRUE,10.617180408929553,100.0
TN_NADA_2016_085419,TN_NADA_2016,TRUE,8.193527677325502,100.0
TN_NADA_2016_008543,TN_NADA_2016,TRUE,78.53649610320099,100.0
TN_NADA_2016_010341,TN_NADA_2016,TRUE,298.7249253915807,100.0
TN_NADA_2016_030096,TN_NADA_2016,TRUE,121.51146865714395,100.0
TN_NADA_2016_096346,TN_NADA_2016,TRUE,28.38127682369977,100.0
TN_NADA_2016_000739,TN_NADA_2016,TRUE,7.475917717500623,100.0
TN_NADA_2016_000751,TN_NADA_2016,TRUE,108.6348306738432,100.0
TN_NADA_2016_017796,TN_NADA_2016,TRUE,15.237492483807138,100.0
TN_NADA_2016_030787,TN_NADA_2016,TRUE,31.12786424771776,100.0
TN_NADA_2016_011641,TN_NADA_2016,TRUE,108.91532120768483,100.0
TN_NADA_2016_018458,TN_NADA_2016,TRUE,90.12719498643851,100.0
TN_NADA_2016_088292,TN_NADA_2016,TRUE,57.616703131684716,100.0
TN_NADA_2016_098662,TN_NADA_2016,TRUE,5.544091821762887,100.0
TN_NADA_2016_005226,TN_NADA_2016,TRUE,265.2878142753673,100.0
TN_NADA_2016_012003,TN_NADA_2016,TRUE,45.889605992675804,100.0
TN_NADA_2016_039145,TN_NADA_2016,TRUE,324.8703332689221,100.0
TN_NADA_2016_020002,TN_NADA_2016,TRUE,30.236498037582322,100.0
