building_id,event_id,sample_type,qc_status,errors
TN_VARDAH_2016_000003,TN_VARDAH_2016,SAR_ONLY,PASS,none
TN_VARDAH_2016_000001,TN_VARDAH_2016,SAR_ONLY,PASS,none
TN_VARDAH_2016_021812,TN_VARDAH_2016,SAR_ONLY,PASS,none
TN_VARDAH_2016_046548,TN_VARDAH_2016,SAR_ONLY,PASS,none
TN_VARDAH_2016_071278,TN_VARDAH_2016,SAR_ONLY,PASS,none
TN_VARDAH_2016_071942,TN_VARDAH_2016,SAR_ONLY,PASS,none
TN_VARDAH_2016_096226,TN_VARDAH_2016,SAR_ONLY,PASS,none
TN_VARDAH_2016_123776,TN_VARDAH_2016,SAR_ONLY,PASS,none
TN_VARDAH_2016_153525,TN_VARDAH_2016,SAR_ONLY,PASS,none
TN_VARDAH_2016_183189,TN_VARDAH_2016,SAR_ONLY,PASS,none
TN_VARDAH_2016_000002,TN_VARDAH_2016,SAR_ONLY,PASS,none
TN_VARDAH_2016_000004,TN_VARDAH_2016,SAR_ONLY,PASS,none
TN_VARDAH_2016_021814,TN_VARDAH_2016,SAR_ONLY,PASS,none
TN_VARDAH_2016_046553,TN_VARDAH_2016,SAR_ONLY,PASS,none
TN_VARDAH_2016_071277,TN_VARDAH_2016,SAR_ONLY,PASS,none
TN_VARDAH_2016_072795,TN_VARDAH_2016,SAR_ONLY,PASS,none
TN_VARDAH_2016_096267,TN_VARDAH_2016,SAR_ONLY,PASS,none
TN_VARDAH_2016_123782,TN_VARDAH_2016,SAR_ONLY,PASS,none
TN_VARDAH_2016_153527,TN_VARDAH_2016,SAR_ONLY,PASS,none
TN_VARDAH_2016_183194,TN_VARDAH_2016,SAR_ONLY,PASS,none
TN_VARDAH_2016_004983,TN_VARDAH_2016,SAR_ONLY,PASS,none
TN_VARDAH_2016_005013,TN_VARDAH_2016,SAR_ONLY,PASS,none
TN_VARDAH_2016_026771,TN_VARDAH_2016,SAR_ONLY,PASS,none
TN_VARDAH_2016_051508,TN_VARDAH_2016,SAR_ONLY,PASS,none
TN_VARDAH_2016_076255,TN_VARDAH_2016,SAR_ONLY,PASS,none
TN_VARDAH_2016_076370,TN_VARDAH_2016,SAR_ONLY,PASS,none
TN_VARDAH_2016_101198,TN_VARDAH_2016,SAR_ONLY,PASS,none
TN_VARDAH_2016_128748,TN_VARDAH_2016,SAR_ONLY,PASS,none
TN_VARDAH_2016_158503,TN_VARDAH_2016,SAR_ONLY,PASS,none
TN_VARDAH_2016_188127,TN_VARDAH_2016,SAR_ONLY,PASS,none
TN_VARDAH_2016_009951,TN_VARDAH_2016,SAR_ONLY,PASS,none
TN_VARDAH_2016_009960,TN_VARDAH_2016,SAR_ONLY,PASS,none
TN_VARDAH_2016_031712,TN_VARDAH_2016,SAR_ONLY,PASS,none
TN_VARDAH_2016_056431,TN_VARDAH_2016,SAR_ONLY,PASS,none
TN_VARDAH_2016_081204,TN_VARDAH_2016,SAR_ONLY,PASS,none
TN_VARDAH_2016_081563,TN_VARDAH_2016,SAR_ONLY,PASS,none
TN_VARDAH_2016_106158,TN_VARDAH_2016,SAR_ONLY,PASS,none
TN_VARDAH_2016_133703,TN_VARDAH_2016,SAR_ONLY,PASS,none
TN_VARDAH_2016_163430,TN_VARDAH_2016,SAR_ONLY,PASS,none
TN_VARDAH_2016_193112,TN_VARDAH_2016,SAR_ONLY,PASS,none
TN_VARDAH_2016_009969,TN_VARDAH_2016,SAR_ONLY,PASS,none
TN_VARDAH_2016_009965,TN_VARDAH_2016,SAR_ONLY,PASS,none
TN_VARDAH_2016_031727,TN_VARDAH_2016,SAR_ONLY,PASS,none
TN_VARDAH_2016_056438,TN_VARDAH_2016,SAR_ONLY,PASS,none
TN_VARDAH_2016_081209,TN_VARDAH_2016,SAR_ONLY,PASS,none
TN_VARDAH_2016_085565,TN_VARDAH_2016,SAR_ONLY,PASS,none
TN_VARDAH_2016_106163,TN_VARDAH_2016,SAR_ONLY,PASS,none
TN_VARDAH_2016_133727,TN_VARDAH_2016,SAR_ONLY,PASS,none
TN_VARDAH_2016_163427,TN_VARDAH_2016,SAR_ONLY,PASS,none
TN_VARDAH_2016_193111,TN_VARDAH_2016,SAR_ONLY,PASS,none
TN_VARDAH_2016_014926,TN_VARDAH_2016,SAR_ONLY,PASS,none
TN_VARDAH_2016_014925,TN_VARDAH_2016,SAR_ONLY,PASS,none
TN_VARDAH_2016_036672,TN_VARDAH_2016,SAR_ONLY,PASS,none
TN_VARDAH_2016_061386,TN_VARDAH_2016,SAR_ONLY,PASS,none
TN_VARDAH_2016_086150,TN_VARDAH_2016,SAR_ONLY,PASS,none
TN_VARDAH_2016_091448,TN_VARDAH_2016,SAR_ONLY,PASS,none
TN_VARDAH_2016_111089,TN_VARDAH_2016,SAR_ONLY,PASS,none
TN_VARDAH_2016_138658,TN_VARDAH_2016,SAR_ONLY,PASS,none
TN_VARDAH_2016_168391,TN_VARDAH_2016,SAR_ONLY,PASS,none
TN_VARDAH_2016_198058,TN_VARDAH_2016,SAR_ONLY,PASS,none
TN_VARDAH_2016_019885,TN_VARDAH_2016,SAR_ONLY,PASS,none
TN_VARDAH_2016_019891,TN_VARDAH_2016,SAR_ONLY,PASS,none
TN_VARDAH_2016_041620,TN_VARDAH_2016,SAR_ONLY,PASS,none
TN_VARDAH_2016_066342,TN_VARDAH_2016,SAR_ONLY,PASS,none
TN_VARDAH_2016_091106,TN_VARDAH_2016,SAR_ONLY,PASS,none
TN_VARDAH_2016_092127,TN_VARDAH_2016,SAR_ONLY,PASS,none
TN_VARDAH_2016_116032,TN_VARDAH_2016,SAR_ONLY,PASS,none
TN_VARDAH_2016_143610,TN_VARDAH_2016,SAR_ONLY,PASS,none
TN_VARDAH_2016_173311,TN_VARDAH_2016,SAR_ONLY,PASS,none
TN_VARDAH_2016_202999,TN_VARDAH_2016,SAR_ONLY,PASS,none
TN_VARDAH_2016_091132,TN_VARDAH_2016,SAR_ONLY,PASS,none
TN_VARDAH_2016_096100,TN_VARDAH_2016,SAR_ONLY,PASS,none
TN_VARDAH_2016_116128,TN_VARDAH_2016,SAR_ONLY,PASS,none
TN_VARDAH_2016_143713,TN_VARDAH_2016,SAR_ONLY,PASS,none
TN_VARDAH_2016_173319,TN_VARDAH_2016,SAR_ONLY,PASS,none
TN_VARDAH_2016_202995,TN_VARDAH_2016,SAR_ONLY,PASS,none
TN_VARDAH_2016_121014,TN_VARDAH_2016,SAR_ONLY,PASS,none
TN_VARDAH_2016_121046,TN_VARDAH_2016,SAR_ONLY,PASS,none
TN_VARDAH_2016_178974,TN_VARDAH_2016,SAR_ONLY,PASS,none
TN_VARDAH_2016_206062,TN_VARDAH_2016,SAR_ONLY,PASS,none
TN_VARDAH_2016_153524,TN_VARDAH_2016,SAR_ONLY,PASS,none
TN_VARDAH_2016_000005,TN_VARDAH_2016,SAR_ONLY,PASS,none
TN_VARDAH_2016_000019,TN_VARDAH_2016,SAR_ONLY,PASS,none
TN_VARDAH_2016_021815,TN_VARDAH_2016,SAR_ONLY,PASS,none
TN_VARDAH_2016_046549,TN_VARDAH_2016,SAR_ONLY,PASS,none
TN_VARDAH_2016_071282,TN_VARDAH_2016,SAR_ONLY,PASS,none
TN_VARDAH_2016_071959,TN_VARDAH_2016,SAR_ONLY,PASS,none
TN_VARDAH_2016_096232,TN_VARDAH_2016,SAR_ONLY,PASS,none
TN_VARDAH_2016_123780,TN_VARDAH_2016,SAR_ONLY,PASS,none
TN_VARDAH_2016_153529,TN_VARDAH_2016,SAR_ONLY,PASS,none
TN_VARDAH_2016_183190,TN_VARDAH_2016,SAR_ONLY,PASS,none
TN_VARDAH_2016_000006,TN_VARDAH_2016,SAR_ONLY,PASS,none
TN_VARDAH_2016_000033,TN_VARDAH_2016,SAR_ONLY,PASS,none
TN_VARDAH_2016_021825,TN_VARDAH_2016,SAR_ONLY,PASS,none
TN_VARDAH_2016_046556,TN_VARDAH_2016,SAR_ONLY,PASS,none
TN_VARDAH_2016_071280,TN_VARDAH_2016,SAR_ONLY,PASS,none
TN_VARDAH_2016_073162,TN_VARDAH_2016,SAR_ONLY,PASS,none
TN_VARDAH_2016_096314,TN_VARDAH_2016,SAR_ONLY,PASS,none
TN_VARDAH_2016_123802,TN_VARDAH_2016,SAR_ONLY,PASS,none
TN_VARDAH_2016_153528,TN_VARDAH_2016,SAR_ONLY,PASS,none
TN_VARDAH_2016_183205,TN_VARDAH_2016,SAR_ONLY,PASS,none
TN_VARDAH_2016_004986,TN_VARDAH_2016,SAR_ONLY,PASS,none
TN_VARDAH_2016_005025,TN_VARDAH_2016,SAR_ONLY,PASS,none
TN_VARDAH_2016_026772,TN_VARDAH_2016,SAR_ONLY,PASS,none
TN_VARDAH_2016_051512,TN_VARDAH_2016,SAR_ONLY,PASS,none
TN_VARDAH_2016_076257,TN_VARDAH_2016,SAR_ONLY,PASS,none
TN_VARDAH_2016_076551,TN_VARDAH_2016,SAR_ONLY,PASS,none
TN_VARDAH_2016_101202,TN_VARDAH_2016,SAR_ONLY,PASS,none
TN_VARDAH_2016_128749,TN_VARDAH_2016,SAR_ONLY,PASS,none
TN_VARDAH_2016_158504,TN_VARDAH_2016,SAR_ONLY,PASS,none
TN_VARDAH_2016_188128,TN_VARDAH_2016,SAR_ONLY,PASS,none
TN_VARDAH_2016_009952,TN_VARDAH_2016,SAR_ONLY,PASS,none
TN_VARDAH_2016_009980,TN_VARDAH_2016,SAR_ONLY,PASS,none
TN_VARDAH_2016_031717,TN_VARDAH_2016,SAR_ONLY,PASS,none
TN_VARDAH_2016_056433,TN_VARDAH_2016,SAR_ONLY,PASS,none
TN_VARDAH_2016_081205,TN_VARDAH_2016,SAR_ONLY,PASS,none
TN_VARDAH_2016_081814,TN_VARDAH_2016,SAR_ONLY,PASS,none
TN_VARDAH_2016_106170,TN_VARDAH_2016,SAR_ONLY,PASS,none
TN_VARDAH_2016_133705,TN_VARDAH_2016,SAR_ONLY,PASS,none
TN_VARDAH_2016_163431,TN_VARDAH_2016,SAR_ONLY,PASS,none
TN_VARDAH_2016_193113,TN_VARDAH_2016,SAR_ONLY,PASS,none
TN_VARDAH_2016_009975,TN_VARDAH_2016,SAR_ONLY,PASS,none
TN_VARDAH_2016_009983,TN_VARDAH_2016,SAR_ONLY,PASS,none
TN_VARDAH_2016_031743,TN_VARDAH_2016,SAR_ONLY,PASS,none
TN_VARDAH_2016_056450,TN_VARDAH_2016,SAR_ONLY,PASS,none
TN_VARDAH_2016_081218,TN_VARDAH_2016,SAR_ONLY,PASS,none
TN_VARDAH_2016_086533,TN_VARDAH_2016,SAR_ONLY,PASS,none
TN_VARDAH_2016_106174,TN_VARDAH_2016,SAR_ONLY,PASS,none
TN_VARDAH_2016_133735,TN_VARDAH_2016,SAR_ONLY,PASS,none
TN_VARDAH_2016_163439,TN_VARDAH_2016,SAR_ONLY,PASS,none
TN_VARDAH_2016_193123,TN_VARDAH_2016,SAR_ONLY,PASS,none
TN_VARDAH_2016_014933,TN_VARDAH_2016,SAR_ONLY,PASS,none
TN_VARDAH_2016_014929,TN_VARDAH_2016,SAR_ONLY,PASS,none
TN_VARDAH_2016_036674,TN_VARDAH_2016,SAR_ONLY,PASS,none
TN_VARDAH_2016_061393,TN_VARDAH_2016,SAR_ONLY,PASS,none
TN_VARDAH_2016_086151,TN_VARDAH_2016,SAR_ONLY,PASS,none
TN_VARDAH_2016_093737,TN_VARDAH_2016,SAR_ONLY,PASS,none
TN_VARDAH_2016_111107,TN_VARDAH_2016,SAR_ONLY,PASS,none
TN_VARDAH_2016_138663,TN_VARDAH_2016,SAR_ONLY,PASS,none
TN_VARDAH_2016_168409,TN_VARDAH_2016,SAR_ONLY,PASS,none
TN_VARDAH_2016_198061,TN_VARDAH_2016,SAR_ONLY,PASS,none
TN_VARDAH_2016_019886,TN_VARDAH_2016,SAR_ONLY,PASS,none
TN_VARDAH_2016_019894,TN_VARDAH_2016,SAR_ONLY,PASS,none
TN_VARDAH_2016_041639,TN_VARDAH_2016,SAR_ONLY,PASS,none
TN_VARDAH_2016_066353,TN_VARDAH_2016,SAR_ONLY,PASS,none
TN_VARDAH_2016_091112,TN_VARDAH_2016,SAR_ONLY,PASS,none
TN_VARDAH_2016_094322,TN_VARDAH_2016,SAR_ONLY,PASS,none
TN_VARDAH_2016_116038,TN_VARDAH_2016,SAR_ONLY,PASS,none
TN_VARDAH_2016_143611,TN_VARDAH_2016,SAR_ONLY,PASS,none
TN_VARDAH_2016_173312,TN_VARDAH_2016,SAR_ONLY,PASS,none
TN_VARDAH_2016_203000,TN_VARDAH_2016,SAR_ONLY,PASS,none
TN_VARDAH_2016_091156,TN_VARDAH_2016,SAR_ONLY,PASS,none
TN_VARDAH_2016_096205,TN_VARDAH_2016,SAR_ONLY,PASS,none
TN_VARDAH_2016_116130,TN_VARDAH_2016,SAR_ONLY,PASS,none
TN_VARDAH_2016_143747,TN_VARDAH_2016,SAR_ONLY,PASS,none
TN_VARDAH_2016_173372,TN_VARDAH_2016,SAR_ONLY,PASS,none
TN_VARDAH_2016_202996,TN_VARDAH_2016,SAR_ONLY,PASS,none
TN_VARDAH_2016_121024,TN_VARDAH_2016,SAR_ONLY,PASS,none
TN_VARDAH_2016_121169,TN_VARDAH_2016,SAR_ONLY,PASS,none
TN_VARDAH_2016_179018,TN_VARDAH_2016,SAR_ONLY,PASS,none
TN_VARDAH_2016_206065,TN_VARDAH_2016,SAR_ONLY,PASS,none
TN_VARDAH_2016_183187,TN_VARDAH_2016,SAR_ONLY,PASS,none
TN_VARDAH_2016_000007,TN_VARDAH_2016,SAR_ONLY,PASS,none
TN_VARDAH_2016_000031,TN_VARDAH_2016,SAR_ONLY,PASS,none
TN_VARDAH_2016_021818,TN_VARDAH_2016,SAR_ONLY,PASS,none
TN_VARDAH_2016_046551,TN_VARDAH_2016,SAR_ONLY,PASS,none
TN_VARDAH_2016_071288,TN_VARDAH_2016,SAR_ONLY,PASS,none
TN_VARDAH_2016_073386,TN_VARDAH_2016,SAR_ONLY,PASS,none
TN_VARDAH_2016_096241,TN_VARDAH_2016,SAR_ONLY,PASS,none
TN_VARDAH_2016_123783,TN_VARDAH_2016,SAR_ONLY,PASS,none
TN_VARDAH_2016_153530,TN_VARDAH_2016,SAR_ONLY,PASS,none
TN_VARDAH_2016_183192,TN_VARDAH_2016,SAR_ONLY,PASS,none
TN_VARDAH_2016_000013,TN_VARDAH_2016,SAR_ONLY,PASS,none
TN_VARDAH_2016_000042,TN_VARDAH_2016,SAR_ONLY,PASS,none
TN_VARDAH_2016_021828,TN_VARDAH_2016,SAR_ONLY,PASS,none
TN_VARDAH_2016_046559,TN_VARDAH_2016,SAR_ONLY,PASS,none
TN_VARDAH_2016_071283,TN_VARDAH_2016,SAR_ONLY,PASS,none
TN_VARDAH_2016_073179,TN_VARDAH_2016,SAR_ONLY,PASS,none
TN_VARDAH_2016_096323,TN_VARDAH_2016,SAR_ONLY,PASS,none
TN_VARDAH_2016_123809,TN_VARDAH_2016,SAR_ONLY,PASS,none
TN_VARDAH_2016_153531,TN_VARDAH_2016,SAR_ONLY,PASS,none
TN_VARDAH_2016_183215,TN_VARDAH_2016,SAR_ONLY,PASS,none
TN_VARDAH_2016_004988,TN_VARDAH_2016,SAR_ONLY,PASS,none
TN_VARDAH_2016_005026,TN_VARDAH_2016,SAR_ONLY,PASS,none
TN_VARDAH_2016_026778,TN_VARDAH_2016,SAR_ONLY,PASS,none
TN_VARDAH_2016_051513,TN_VARDAH_2016,SAR_ONLY,PASS,none
TN_VARDAH_2016_076258,TN_VARDAH_2016,SAR_ONLY,PASS,none
TN_VARDAH_2016_076688,TN_VARDAH_2016,SAR_ONLY,PASS,none
TN_VARDAH_2016_101218,TN_VARDAH_2016,SAR_ONLY,PASS,none
TN_VARDAH_2016_128750,TN_VARDAH_2016,SAR_ONLY,PASS,none
TN_VARDAH_2016_158507,TN_VARDAH_2016,SAR_ONLY,PASS,none
TN_VARDAH_2016_188130,TN_VARDAH_2016,SAR_ONLY,PASS,none
TN_VARDAH_2016_009953,TN_VARDAH_2016,SAR_ONLY,PASS,none
TN_VARDAH_2016_009982,TN_VARDAH_2016,SAR_ONLY,PASS,none
TN_VARDAH_2016_031719,TN_VARDAH_2016,SAR_ONLY,PASS,none
TN_VARDAH_2016_056435,TN_VARDAH_2016,SAR_ONLY,PASS,none
TN_VARDAH_2016_081207,TN_VARDAH_2016,SAR_ONLY,PASS,none
TN_VARDAH_2016_082051,TN_VARDAH_2016,SAR_ONLY,PASS,none
TN_VARDAH_2016_106177,TN_VARDAH_2016,SAR_ONLY,PASS,none
TN_VARDAH_2016_133707,TN_VARDAH_2016,SAR_ONLY,PASS,none
TN_GAJA_2018_000001,TN_GAJA_2018,SAR_ONLY,PASS,none
TN_GAJA_2018_000007,TN_GAJA_2018,SAR_ONLY,PASS,none
TN_GAJA_2018_006251,TN_GAJA_2018,SAR_ONLY,PASS,none
TN_GAJA_2018_010200,TN_GAJA_2018,SAR_ONLY,PASS,none
TN_GAJA_2018_016691,TN_GAJA_2018,SAR_ONLY,PASS,none
TN_GAJA_2018_033170,TN_GAJA_2018,SAR_ONLY,PASS,none
TN_GAJA_2018_033217,TN_GAJA_2018,SAR_ONLY,PASS,none
TN_GAJA_2018_046649,TN_GAJA_2018,SAR_ONLY,PASS,none
TN_GAJA_2018_054446,TN_GAJA_2018,SAR_ONLY,PASS,none
TN_GAJA_2018_063623,TN_GAJA_2018,SAR_ONLY,PASS,none
TN_GAJA_2018_000003,TN_GAJA_2018,SAR_ONLY,PASS,none
TN_GAJA_2018_006248,TN_GAJA_2018,SAR_ONLY,PASS,none
TN_GAJA_2018_006269,TN_GAJA_2018,SAR_ONLY,PASS,none
TN_GAJA_2018_010247,TN_GAJA_2018,SAR_ONLY,PASS,none
TN_GAJA_2018_016681,TN_GAJA_2018,SAR_ONLY,PASS,none
TN_GAJA_2018_016904,TN_GAJA_2018,SAR_ONLY,PASS,none
TN_GAJA_2018_033892,TN_GAJA_2018,SAR_ONLY,PASS,none
TN_GAJA_2018_046641,TN_GAJA_2018,SAR_ONLY,PASS,none
TN_GAJA_2018_054447,TN_GAJA_2018,SAR_ONLY,PASS,none
TN_GAJA_2018_063621,TN_GAJA_2018,SAR_ONLY,PASS,none
TN_GAJA_2018_001089,TN_GAJA_2018,SAR_ONLY,PASS,none
TN_GAJA_2018_001093,TN_GAJA_2018,SAR_ONLY,PASS,none
TN_GAJA_2018_006765,TN_GAJA_2018,SAR_ONLY,PASS,none
TN_GAJA_2018_011204,TN_GAJA_2018,SAR_ONLY,PASS,none
TN_GAJA_2018_017083,TN_GAJA_2018,SAR_ONLY,PASS,none
TN_GAJA_2018_034717,TN_GAJA_2018,SAR_ONLY,PASS,none
TN_GAJA_2018_034733,TN_GAJA_2018,SAR_ONLY,PASS,none
TN_GAJA_2018_047532,TN_GAJA_2018,SAR_ONLY,PASS,none
TN_GAJA_2018_054766,TN_GAJA_2018,SAR_ONLY,PASS,none
TN_GAJA_2018_064266,TN_GAJA_2018,SAR_ONLY,PASS,none
TN_GAJA_2018_001094,TN_GAJA_2018,SAR_ONLY,PASS,none
TN_GAJA_2018_001097,TN_GAJA_2018,SAR_ONLY,PASS,none
TN_GAJA_2018_006764,TN_GAJA_2018,SAR_ONLY,PASS,none
TN_GAJA_2018_011220,TN_GAJA_2018,SAR_ONLY,PASS,none
TN_GAJA_2018_017079,TN_GAJA_2018,SAR_ONLY,PASS,none
TN_GAJA_2018_020419,TN_GAJA_2018,SAR_ONLY,PASS,none
TN_GAJA_2018_034730,TN_GAJA_2018,SAR_ONLY,PASS,none
TN_GAJA_2018_047530,TN_GAJA_2018,SAR_ONLY,PASS,none
TN_GAJA_2018_054774,TN_GAJA_2018,SAR_ONLY,PASS,none
TN_GAJA_2018_064278,TN_GAJA_2018,SAR_ONLY,PASS,none
TN_GAJA_2018_002172,TN_GAJA_2018,SAR_ONLY,PASS,none
TN_GAJA_2018_002173,TN_GAJA_2018,SAR_ONLY,PASS,none
TN_GAJA_2018_007816,TN_GAJA_2018,SAR_ONLY,PASS,none
TN_GAJA_2018_012082,TN_GAJA_2018,SAR_ONLY,PASS,none
TN_GAJA_2018_019847,TN_GAJA_2018,SAR_ONLY,PASS,none
TN_GAJA_2018_036106,TN_GAJA_2018,SAR_ONLY,PASS,none
TN_GAJA_2018_048489,TN_GAJA_2018,SAR_ONLY,PASS,none
TN_GAJA_2018_048482,TN_GAJA_2018,SAR_ONLY,PASS,none
TN_GAJA_2018_055295,TN_GAJA_2018,SAR_ONLY,PASS,none
TN_GAJA_2018_065040,TN_GAJA_2018,SAR_ONLY,PASS,none
TN_GAJA_2018_002185,TN_GAJA_2018,SAR_ONLY,PASS,none
TN_GAJA_2018_002191,TN_GAJA_2018,SAR_ONLY,PASS,none
TN_GAJA_2018_008573,TN_GAJA_2018,SAR_ONLY,PASS,none
TN_GAJA_2018_012095,TN_GAJA_2018,SAR_ONLY,PASS,none
TN_GAJA_2018_019852,TN_GAJA_2018,SAR_ONLY,PASS,none
TN_GAJA_2018_036108,TN_GAJA_2018,SAR_ONLY,PASS,none
TN_GAJA_2018_037699,TN_GAJA_2018,SAR_ONLY,PASS,none
TN_GAJA_2018_048505,TN_GAJA_2018,SAR_ONLY,PASS,none
TN_GAJA_2018_055331,TN_GAJA_2018,SAR_ONLY,PASS,none
TN_GAJA_2018_065039,TN_GAJA_2018,SAR_ONLY,PASS,none
TN_GAJA_2018_003844,TN_GAJA_2018,SAR_ONLY,PASS,none
TN_GAJA_2018_003846,TN_GAJA_2018,SAR_ONLY,PASS,none
TN_GAJA_2018_008575,TN_GAJA_2018,SAR_ONLY,PASS,none
TN_GAJA_2018_013554,TN_GAJA_2018,SAR_ONLY,PASS,none
TN_GAJA_2018_023542,TN_GAJA_2018,SAR_ONLY,PASS,none
TN_GAJA_2018_037691,TN_GAJA_2018,SAR_ONLY,PASS,none
TN_GAJA_2018_037708,TN_GAJA_2018,SAR_ONLY,PASS,none
TN_GAJA_2018_049295,TN_GAJA_2018,SAR_ONLY,PASS,none
TN_GAJA_2018_056050,TN_GAJA_2018,SAR_ONLY,PASS,none
TN_GAJA_2018_066025,TN_GAJA_2018,SAR_ONLY,PASS,none
TN_GAJA_2018_005634,TN_GAJA_2018,SAR_ONLY,PASS,none
TN_GAJA_2018_005643,TN_GAJA_2018,SAR_ONLY,PASS,none
TN_GAJA_2018_009842,TN_GAJA_2018,SAR_ONLY,PASS,none
TN_GAJA_2018_014523,TN_GAJA_2018,SAR_ONLY,PASS,none
TN_GAJA_2018_028483,TN_GAJA_2018,SAR_ONLY,PASS,none
TN_GAJA_2018_042652,TN_GAJA_2018,SAR_ONLY,PASS,none
TN_GAJA_2018_042656,TN_GAJA_2018,SAR_ONLY,PASS,none
TN_GAJA_2018_052775,TN_GAJA_2018,SAR_ONLY,PASS,none
TN_GAJA_2018_061038,TN_GAJA_2018,SAR_ONLY,PASS,none
TN_GAJA_2018_068999,TN_GAJA_2018,SAR_ONLY,PASS,none
TN_GAJA_2018_069438,TN_GAJA_2018,SAR_ONLY,PASS,none
TN_GAJA_2018_069641,TN_GAJA_2018,SAR_ONLY,PASS,none
TN_GAJA_2018_010198,TN_GAJA_2018,SAR_ONLY,PASS,none
TN_GAJA_2018_016678,TN_GAJA_2018,SAR_ONLY,PASS,none
TN_GAJA_2018_000002,TN_GAJA_2018,SAR_ONLY,PASS,none
TN_GAJA_2018_000012,TN_GAJA_2018,SAR_ONLY,PASS,none
TN_GAJA_2018_006253,TN_GAJA_2018,SAR_ONLY,PASS,none
TN_GAJA_2018_010207,TN_GAJA_2018,SAR_ONLY,PASS,none
TN_GAJA_2018_016694,TN_GAJA_2018,SAR_ONLY,PASS,none
TN_GAJA_2018_033171,TN_GAJA_2018,SAR_ONLY,PASS,none
TN_GAJA_2018_033263,TN_GAJA_2018,SAR_ONLY,PASS,none
TN_GAJA_2018_046657,TN_GAJA_2018,SAR_ONLY,PASS,none
TN_GAJA_2018_054451,TN_GAJA_2018,SAR_ONLY,PASS,none
TN_GAJA_2018_063630,TN_GAJA_2018,SAR_ONLY,PASS,none
TN_GAJA_2018_000036,TN_GAJA_2018,SAR_ONLY,PASS,none
TN_GAJA_2018_006249,TN_GAJA_2018,SAR_ONLY,PASS,none
TN_GAJA_2018_006275,TN_GAJA_2018,SAR_ONLY,PASS,none
TN_GAJA_2018_010267,TN_GAJA_2018,SAR_ONLY,PASS,none
TN_GAJA_2018_016682,TN_GAJA_2018,SAR_ONLY,PASS,none
TN_GAJA_2018_033172,TN_GAJA_2018,SAR_ONLY,PASS,none
TN_GAJA_2018_034312,TN_GAJA_2018,SAR_ONLY,PASS,none
TN_GAJA_2018_046651,TN_GAJA_2018,SAR_ONLY,PASS,none
TN_GAJA_2018_054448,TN_GAJA_2018,SAR_ONLY,PASS,none
TN_GAJA_2018_063626,TN_GAJA_2018,SAR_ONLY,PASS,none
TN_GAJA_2018_001090,TN_GAJA_2018,SAR_ONLY,PASS,none
TN_GAJA_2018_001108,TN_GAJA_2018,SAR_ONLY,PASS,none
TN_GAJA_2018_006768,TN_GAJA_2018,SAR_ONLY,PASS,none
TN_GAJA_2018_011206,TN_GAJA_2018,SAR_ONLY,PASS,none
TN_GAJA_2018_017089,TN_GAJA_2018,SAR_ONLY,PASS,none
TN_GAJA_2018_034718,TN_GAJA_2018,SAR_ONLY,PASS,none
TN_GAJA_2018_034825,TN_GAJA_2018,SAR_ONLY,PASS,none
TN_GAJA_2018_047535,TN_GAJA_2018,SAR_ONLY,PASS,none
TN_GAJA_2018_054767,TN_GAJA_2018,SAR_ONLY,PASS,none
TN_GAJA_2018_064267,TN_GAJA_2018,SAR_ONLY,PASS,none
TN_GAJA_2018_001099,TN_GAJA_2018,SAR_ONLY,PASS,none
TN_GAJA_2018_001117,TN_GAJA_2018,SAR_ONLY,PASS,none
TN_GAJA_2018_006770,TN_GAJA_2018,SAR_ONLY,PASS,none
TN_GAJA_2018_011221,TN_GAJA_2018,SAR_ONLY,PASS,none
TN_GAJA_2018_017081,TN_GAJA_2018,SAR_ONLY,PASS,none
TN_GAJA_2018_023237,TN_GAJA_2018,SAR_ONLY,PASS,none
TN_GAJA_2018_034739,TN_GAJA_2018,SAR_ONLY,PASS,none
TN_GAJA_2018_047538,TN_GAJA_2018,SAR_ONLY,PASS,none
TN_GAJA_2018_054784,TN_GAJA_2018,SAR_ONLY,PASS,none
TN_GAJA_2018_064286,TN_GAJA_2018,SAR_ONLY,PASS,none
TN_GAJA_2018_002181,TN_GAJA_2018,SAR_ONLY,PASS,none
TN_GAJA_2018_002178,TN_GAJA_2018,SAR_ONLY,PASS,none
TN_GAJA_2018_007817,TN_GAJA_2018,SAR_ONLY,PASS,none
TN_GAJA_2018_012085,TN_GAJA_2018,SAR_ONLY,PASS,none
TN_GAJA_2018_019849,TN_GAJA_2018,SAR_ONLY,PASS,none
TN_GAJA_2018_036107,TN_GAJA_2018,SAR_ONLY,PASS,none
TN_GAJA_2018_048490,TN_GAJA_2018,SAR_ONLY,PASS,none
TN_GAJA_2018_048485,TN_GAJA_2018,SAR_ONLY,PASS,none
TN_GAJA_2018_055297,TN_GAJA_2018,SAR_ONLY,PASS,none
TN_GAJA_2018_065044,TN_GAJA_2018,SAR_ONLY,PASS,none
TN_GAJA_2018_002210,TN_GAJA_2018,SAR_ONLY,PASS,none
TN_GAJA_2018_002198,TN_GAJA_2018,SAR_ONLY,PASS,none
TN_GAJA_2018_008577,TN_GAJA_2018,SAR_ONLY,PASS,none
TN_GAJA_2018_012107,TN_GAJA_2018,SAR_ONLY,PASS,none
TN_GAJA_2018_019856,TN_GAJA_2018,SAR_ONLY,PASS,none
TN_GAJA_2018_036111,TN_GAJA_2018,SAR_ONLY,PASS,none
TN_GAJA_2018_037725,TN_GAJA_2018,SAR_ONLY,PASS,none
TN_GAJA_2018_048513,TN_GAJA_2018,SAR_ONLY,PASS,none
TN_GAJA_2018_055398,TN_GAJA_2018,SAR_ONLY,PASS,none
TN_GAJA_2018_065054,TN_GAJA_2018,SAR_ONLY,PASS,none
TN_GAJA_2018_003845,TN_GAJA_2018,SAR_ONLY,PASS,none
TN_GAJA_2018_003848,TN_GAJA_2018,SAR_ONLY,PASS,none
TN_GAJA_2018_008576,TN_GAJA_2018,SAR_ONLY,PASS,none
TN_GAJA_2018_013568,TN_GAJA_2018,SAR_ONLY,PASS,none
TN_GAJA_2018_023543,TN_GAJA_2018,SAR_ONLY,PASS,none
TN_GAJA_2018_037692,TN_GAJA_2018,SAR_ONLY,PASS,none
TN_GAJA_2018_037714,TN_GAJA_2018,SAR_ONLY,PASS,none
TN_GAJA_2018_049298,TN_GAJA_2018,SAR_ONLY,PASS,none
TN_GAJA_2018_056051,TN_GAJA_2018,SAR_ONLY,PASS,none
TN_GAJA_2018_066026,TN_GAJA_2018,SAR_ONLY,PASS,none
TN_GAJA_2018_005635,TN_GAJA_2018,SAR_ONLY,PASS,none
TN_GAJA_2018_005657,TN_GAJA_2018,SAR_ONLY,PASS,none
TN_GAJA_2018_009850,TN_GAJA_2018,SAR_ONLY,PASS,none
TN_GAJA_2018_014524,TN_GAJA_2018,SAR_ONLY,PASS,none
TN_GAJA_2018_028484,TN_GAJA_2018,SAR_ONLY,PASS,none
TN_GAJA_2018_042653,TN_GAJA_2018,SAR_ONLY,PASS,none
TN_GAJA_2018_042682,TN_GAJA_2018,SAR_ONLY,PASS,none
TN_GAJA_2018_052776,TN_GAJA_2018,SAR_ONLY,PASS,none
TN_GAJA_2018_061039,TN_GAJA_2018,SAR_ONLY,PASS,none
TN_GAJA_2018_069008,TN_GAJA_2018,SAR_ONLY,PASS,none
TN_GAJA_2018_069642,TN_GAJA_2018,SAR_ONLY,PASS,none
TN_GAJA_2018_016679,TN_GAJA_2018,SAR_ONLY,PASS,none
TN_GAJA_2018_000004,TN_GAJA_2018,SAR_ONLY,PASS,none
TN_GAJA_2018_000019,TN_GAJA_2018,SAR_ONLY,PASS,none
TN_GAJA_2018_006255,TN_GAJA_2018,SAR_ONLY,PASS,none
TN_GAJA_2018_010209,TN_GAJA_2018,SAR_ONLY,PASS,none
TN_GAJA_2018_016695,TN_GAJA_2018,SAR_ONLY,PASS,none
TN_GAJA_2018_033173,TN_GAJA_2018,SAR_ONLY,PASS,none
TN_GAJA_2018_033353,TN_GAJA_2018,SAR_ONLY,PASS,none
TN_GAJA_2018_046664,TN_GAJA_2018,SAR_ONLY,PASS,none
TN_GAJA_2018_054452,TN_GAJA_2018,SAR_ONLY,PASS,none
TN_GAJA_2018_063631,TN_GAJA_2018,SAR_ONLY,PASS,none
TN_GAJA_2018_000047,TN_GAJA_2018,SAR_ONLY,PASS,none
TN_GAJA_2018_006250,TN_GAJA_2018,SAR_ONLY,PASS,none
TN_GAJA_2018_006285,TN_GAJA_2018,SAR_ONLY,PASS,none
TN_GAJA_2018_010270,TN_GAJA_2018,SAR_ONLY,PASS,none
TN_GAJA_2018_016696,TN_GAJA_2018,SAR_ONLY,PASS,none
TN_GAJA_2018_033174,TN_GAJA_2018,SAR_ONLY,PASS,none
TN_GAJA_2018_046646,TN_GAJA_2018,SAR_ONLY,PASS,none
TN_GAJA_2018_046653,TN_GAJA_2018,SAR_ONLY,PASS,none
TN_GAJA_2018_054449,TN_GAJA_2018,SAR_ONLY,PASS,none
TN_GAJA_2018_063627,TN_GAJA_2018,SAR_ONLY,PASS,none
TN_GAJA_2018_001091,TN_GAJA_2018,SAR_ONLY,PASS,none
TN_GAJA_2018_001115,TN_GAJA_2018,SAR_ONLY,PASS,none
TN_GAJA_2018_006769,TN_GAJA_2018,SAR_ONLY,PASS,none
TN_GAJA_2018_011211,TN_GAJA_2018,SAR_ONLY,PASS,none
TN_GAJA_2018_017095,TN_GAJA_2018,SAR_ONLY,PASS,none
TN_GAJA_2018_034719,TN_GAJA_2018,SAR_ONLY,PASS,none
TN_GAJA_2018_034827,TN_GAJA_2018,SAR_ONLY,PASS,none
TN_GAJA_2018_047536,TN_GAJA_2018,SAR_ONLY,PASS,none
TN_GAJA_2018_054768,TN_GAJA_2018,SAR_ONLY,PASS,none
TN_GAJA_2018_064271,TN_GAJA_2018,SAR_ONLY,PASS,none
TN_GAJA_2018_001101,TN_GAJA_2018,SAR_ONLY,PASS,none
TN_GAJA_2018_001159,TN_GAJA_2018,SAR_ONLY,PASS,none
TN_GAJA_2018_006772,TN_GAJA_2018,SAR_ONLY,PASS,none
TN_GAJA_2018_011225,TN_GAJA_2018,SAR_ONLY,PASS,none
TN_NIVAR_2020_000001,TN_NIVAR_2020,MULTIMODAL,PASS,none
TN_NIVAR_2020_000022,TN_NIVAR_2020,MULTIMODAL,PASS,none
TN_NIVAR_2020_008545,TN_NIVAR_2020,MULTIMODAL,PASS,none
TN_NIVAR_2020_016999,TN_NIVAR_2020,MULTIMODAL,PASS,none
TN_NIVAR_2020_029833,TN_NIVAR_2020,MULTIMODAL,PASS,none
TN_NIVAR_2020_030554,TN_NIVAR_2020,MULTIMODAL,PASS,none
TN_NIVAR_2020_048040,TN_NIVAR_2020,SAR_ONLY,PASS,none
TN_NIVAR_2020_069495,TN_NIVAR_2020,SAR_ONLY,PASS,none
TN_NIVAR_2020_085402,TN_NIVAR_2020,SAR_ONLY,PASS,none
TN_NIVAR_2020_096325,TN_NIVAR_2020,SAR_ONLY,PASS,none
TN_NIVAR_2020_000002,TN_NIVAR_2020,MULTIMODAL,PASS,none
TN_NIVAR_2020_000119,TN_NIVAR_2020,MULTIMODAL,PASS,none
TN_NIVAR_2020_008628,TN_NIVAR_2020,MULTIMODAL,PASS,none
TN_NIVAR_2020_016991,TN_NIVAR_2020,MULTIMODAL,PASS,none
TN_NIVAR_2020_029834,TN_NIVAR_2020,MULTIMODAL,PASS,none
TN_NIVAR_2020_029832,TN_NIVAR_2020,MULTIMODAL,PASS,none
TN_NIVAR_2020_048043,TN_NIVAR_2020,SAR_ONLY,PASS,none
TN_NIVAR_2020_069514,TN_NIVAR_2020,SAR_ONLY,PASS,none
TN_NIVAR_2020_085401,TN_NIVAR_2020,SAR_ONLY,PASS,none
TN_NIVAR_2020_096322,TN_NIVAR_2020,SAR_ONLY,PASS,none
TN_NIVAR_2020_000717,TN_NIVAR_2020,MULTIMODAL,PASS,none
TN_NIVAR_2020_000716,TN_NIVAR_2020,MULTIMODAL,PASS,none
TN_NIVAR_2020_009976,TN_NIVAR_2020,MULTIMODAL,PASS,none
TN_NIVAR_2020_017761,TN_NIVAR_2020,MULTIMODAL,PASS,none
TN_NIVAR_2020_030748,TN_NIVAR_2020,MULTIMODAL,PASS,none
TN_NIVAR_2020_030993,TN_NIVAR_2020,MULTIMODAL,PASS,none
TN_NIVAR_2020_051800,TN_NIVAR_2020,SAR_ONLY,PASS,none
TN_NIVAR_2020_071729,TN_NIVAR_2020,SAR_ONLY,PASS,none
TN_NIVAR_2020_086359,TN_NIVAR_2020,SAR_ONLY,PASS,none
TN_NIVAR_2020_097192,TN_NIVAR_2020,SAR_ONLY,PASS,none
TN_NIVAR_2020_000743,TN_NIVAR_2020,MULTIMODAL,PASS,none
TN_NIVAR_2020_002057,TN_NIVAR_2020,MULTIMODAL,PASS,none
TN_NIVAR_2020_010379,TN_NIVAR_2020,MULTIMODAL,PASS,none
TN_NIVAR_2020_017762,TN_NIVAR_2020,MULTIMODAL,PASS,none
TN_NIVAR_2020_030755,TN_NIVAR_2020,MULTIMODAL,PASS,none
TN_NIVAR_2020_032438,TN_NIVAR_2020,MULTIMODAL,PASS,none
TN_NIVAR_2020_051786,TN_NIVAR_2020,SAR_ONLY,PASS,none
TN_NIVAR_2020_071859,TN_NIVAR_2020,SAR_ONLY,PASS,none
TN_NIVAR_2020_086361,TN_NIVAR_2020,SAR_ONLY,PASS,none
TN_NIVAR_2020_097194,TN_NIVAR_2020,SAR_ONLY,PASS,none
TN_NIVAR_2020_002049,TN_NIVAR_2020,MULTIMODAL,PASS,none
TN_NIVAR_2020_002050,TN_NIVAR_2020,MULTIMODAL,PASS,none
TN_NIVAR_2020_010764,TN_NIVAR_2020,MULTIMODAL,PASS,none
TN_NIVAR_2020_018442,TN_NIVAR_2020,MULTIMODAL,PASS,none
TN_NIVAR_2020_034155,TN_NIVAR_2020,MULTIMODAL,PASS,none
TN_NIVAR_2020_038582,TN_NIVAR_2020,MULTIMODAL,PASS,none
TN_NIVAR_2020_054603,TN_NIVAR_2020,SAR_ONLY,PASS,none
TN_NIVAR_2020_073661,TN_NIVAR_2020,SAR_ONLY,PASS,none
TN_NIVAR_2020_088255,TN_NIVAR_2020,SAR_ONLY,PASS,none
TN_NIVAR_2020_098624,TN_NIVAR_2020,SAR_ONLY,PASS,none
TN_NIVAR_2020_005129,TN_NIVAR_2020,MULTIMODAL,PASS,none
TN_NIVAR_2020_005137,TN_NIVAR_2020,MULTIMODAL,PASS,none
TN_NIVAR_2020_011953,TN_NIVAR_2020,MULTIMODAL,PASS,none
TN_NIVAR_2020_019963,TN_NIVAR_2020,MULTIMODAL,PASS,none
TN_NIVAR_2020_039115,TN_NIVAR_2020,MULTIMODAL,PASS,none
TN_NIVAR_2020_043758,TN_NIVAR_2020,MULTIMODAL,PASS,none
TN_NIVAR_2020_059526,TN_NIVAR_2020,SAR_ONLY,PASS,none
TN_NIVAR_2020_078622,TN_NIVAR_2020,SAR_ONLY,PASS,none
TN_NIVAR_2020_090631,TN_NIVAR_2020,SAR_ONLY,PASS,none
TN_NIVAR_2020_102762,TN_NIVAR_2020,SAR_ONLY,PASS,none
TN_NIVAR_2020_005135,TN_NIVAR_2020,MULTIMODAL,PASS,none
TN_NIVAR_2020_005134,TN_NIVAR_2020,MULTIMODAL,PASS,none
TN_NIVAR_2020_011958,TN_NIVAR_2020,MULTIMODAL,PASS,none
TN_NIVAR_2020_019969,TN_NIVAR_2020,MULTIMODAL,PASS,none
TN_NIVAR_2020_039117,TN_NIVAR_2020,MULTIMODAL,PASS,none
TN_NIVAR_2020_059523,TN_NIVAR_2020,MULTIMODAL,PASS,none
TN_NIVAR_2020_059535,TN_NIVAR_2020,SAR_ONLY,PASS,none
TN_NIVAR_2020_078625,TN_NIVAR_2020,SAR_ONLY,PASS,none
TN_NIVAR_2020_090625,TN_NIVAR_2020,SAR_ONLY,PASS,none
TN_NIVAR_2020_102761,TN_NIVAR_2020,SAR_ONLY,PASS,none
TN_NIVAR_2020_008397,TN_NIVAR_2020,MULTIMODAL,PASS,none
TN_NIVAR_2020_016926,TN_NIVAR_2020,MULTIMODAL,PASS,none
TN_NIVAR_2020_024895,TN_NIVAR_2020,MULTIMODAL,PASS,none
TN_NIVAR_2020_044064,TN_NIVAR_2020,MULTIMODAL,PASS,none
TN_NIVAR_2020_064445,TN_NIVAR_2020,SAR_ONLY,PASS,none
TN_NIVAR_2020_064455,TN_NIVAR_2020,SAR_ONLY,PASS,none
TN_NIVAR_2020_083293,TN_NIVAR_2020,SAR_ONLY,PASS,none
TN_NIVAR_2020_091816,TN_NIVAR_2020,SAR_ONLY,PASS,none
TN_NIVAR_2020_104120,TN_NIVAR_2020,SAR_ONLY,PASS,none
TN_NIVAR_2020_016990,TN_NIVAR_2020,MULTIMODAL,PASS,none
TN_NIVAR_2020_044283,TN_NIVAR_2020,MULTIMODAL,PASS,none
TN_NIVAR_2020_064501,TN_NIVAR_2020,MULTIMODAL,PASS,none
TN_NIVAR_2020_064465,TN_NIVAR_2020,SAR_ONLY,PASS,none
TN_NIVAR_2020_083773,TN_NIVAR_2020,SAR_ONLY,PASS,none
TN_NIVAR_2020_091889,TN_NIVAR_2020,SAR_ONLY,PASS,none
TN_NIVAR_2020_104119,TN_NIVAR_2020,SAR_ONLY,PASS,none
TN_NIVAR_2020_069490,TN_NIVAR_2020,SAR_ONLY,PASS,none
TN_NIVAR_2020_085395,TN_NIVAR_2020,SAR_ONLY,PASS,none
TN_NIVAR_2020_085060,TN_NIVAR_2020,SAR_ONLY,PASS,none
TN_NIVAR_2020_095919,TN_NIVAR_2020,SAR_ONLY,PASS,none
TN_NIVAR_2020_107800,TN_NIVAR_2020,SAR_ONLY,PASS,none
TN_NIVAR_2020_000004,TN_NIVAR_2020,MULTIMODAL,FAIL,non_finite_values_in_sar_pre;non_finite_values_in_sar_post
TN_NIVAR_2020_000034,TN_NIVAR_2020,MULTIMODAL,PASS,none
TN_NIVAR_2020_008553,TN_NIVAR_2020,MULTIMODAL,PASS,none
TN_NIVAR_2020_017000,TN_NIVAR_2020,MULTIMODAL,PASS,none
TN_NIVAR_2020_029837,TN_NIVAR_2020,MULTIMODAL,PASS,none
TN_NIVAR_2020_048039,TN_NIVAR_2020,MULTIMODAL,PASS,none
TN_NIVAR_2020_048041,TN_NIVAR_2020,SAR_ONLY,PASS,none
TN_NIVAR_2020_069496,TN_NIVAR_2020,SAR_ONLY,PASS,none
TN_NIVAR_2020_085404,TN_NIVAR_2020,SAR_ONLY,PASS,none
TN_NIVAR_2020_096332,TN_NIVAR_2020,SAR_ONLY,PASS,none
TN_NIVAR_2020_000003,TN_NIVAR_2020,MULTIMODAL,FAIL,non_finite_values_in_sar_pre;non_finite_values_in_sar_post
TN_NIVAR_2020_000190,TN_NIVAR_2020,MULTIMODAL,PASS,none
TN_NIVAR_2020_008755,TN_NIVAR_2020,MULTIMODAL,PASS,none
TN_NIVAR_2020_016994,TN_NIVAR_2020,MULTIMODAL,PASS,none
TN_NIVAR_2020_029835,TN_NIVAR_2020,MULTIMODAL,PASS,none
TN_NIVAR_2020_029839,TN_NIVAR_2020,MULTIMODAL,PASS,none
TN_NIVAR_2020_048056,TN_NIVAR_2020,SAR_ONLY,PASS,none
TN_NIVAR_2020_069524,TN_NIVAR_2020,SAR_ONLY,PASS,none
TN_NIVAR_2020_085403,TN_NIVAR_2020,SAR_ONLY,PASS,none
TN_NIVAR_2020_096324,TN_NIVAR_2020,SAR_ONLY,PASS,none
TN_NIVAR_2020_000718,TN_NIVAR_2020,MULTIMODAL,PASS,none
TN_NIVAR_2020_000719,TN_NIVAR_2020,MULTIMODAL,PASS,none
TN_NIVAR_2020_009980,TN_NIVAR_2020,MULTIMODAL,PASS,none
TN_NIVAR_2020_017763,TN_NIVAR_2020,MULTIMODAL,PASS,none
TN_NIVAR_2020_030749,TN_NIVAR_2020,MULTIMODAL,PASS,none
TN_NIVAR_2020_031502,TN_NIVAR_2020,MULTIMODAL,PASS,none
TN_NIVAR_2020_051806,TN_NIVAR_2020,SAR_ONLY,PASS,none
TN_NIVAR_2020_071819,TN_NIVAR_2020,SAR_ONLY,PASS,none
TN_NIVAR_2020_086360,TN_NIVAR_2020,SAR_ONLY,PASS,none
TN_NIVAR_2020_097193,TN_NIVAR_2020,SAR_ONLY,PASS,none
TN_NIVAR_2020_000748,TN_NIVAR_2020,MULTIMODAL,PASS,none
TN_NIVAR_2020_002067,TN_NIVAR_2020,MULTIMODAL,PASS,none
TN_NIVAR_2020_010701,TN_NIVAR_2020,MULTIMODAL,PASS,none
TN_NIVAR_2020_017768,TN_NIVAR_2020,MULTIMODAL,PASS,none
TN_NIVAR_2020_030756,TN_NIVAR_2020,MULTIMODAL,PASS,none
TN_NIVAR_2020_033450,TN_NIVAR_2020,MULTIMODAL,PASS,none
TN_NIVAR_2020_051789,TN_NIVAR_2020,SAR_ONLY,PASS,none
TN_NIVAR_2020_071988,TN_NIVAR_2020,SAR_ONLY,PASS,none
TN_NIVAR_2020_086367,TN_NIVAR_2020,SAR_ONLY,PASS,none
TN_NIVAR_2020_097196,TN_NIVAR_2020,SAR_ONLY,PASS,none
TN_NIVAR_2020_002052,TN_NIVAR_2020,MULTIMODAL,PASS,none
TN_NIVAR_2020_002065,TN_NIVAR_2020,MULTIMODAL,PASS,none
TN_NIVAR_2020_010977,TN_NIVAR_2020,MULTIMODAL,PASS,none
TN_NIVAR_2020_018443,TN_NIVAR_2020,MULTIMODAL,PASS,none
TN_NIVAR_2020_034157,TN_NIVAR_2020,MULTIMODAL,PASS,none
TN_NIVAR_2020_041904,TN_NIVAR_2020,MULTIMODAL,PASS,none
TN_NIVAR_2020_054605,TN_NIVAR_2020,SAR_ONLY,PASS,none
TN_NIVAR_2020_073690,TN_NIVAR_2020,SAR_ONLY,PASS,none
TN_NIVAR_2020_088259,TN_NIVAR_2020,SAR_ONLY,PASS,none
TN_NIVAR_2020_098628,TN_NIVAR_2020,SAR_ONLY,PASS,none
TN_NIVAR_2020_005130,TN_NIVAR_2020,MULTIMODAL,PASS,none
TN_NIVAR_2020_005145,TN_NIVAR_2020,MULTIMODAL,PASS,none
TN_NIVAR_2020_011954,TN_NIVAR_2020,MULTIMODAL,PASS,none
TN_NIVAR_2020_019976,TN_NIVAR_2020,MULTIMODAL,PASS,none
TN_NIVAR_2020_039116,TN_NIVAR_2020,MULTIMODAL,PASS,none
TN_NIVAR_2020_059522,TN_NIVAR_2020,SAR_ONLY,PASS,none
TN_NIVAR_2020_059532,TN_NIVAR_2020,SAR_ONLY,PASS,none
TN_NIVAR_2020_078641,TN_NIVAR_2020,SAR_ONLY,PASS,none
TN_NIVAR_2020_090641,TN_NIVAR_2020,SAR_ONLY,PASS,none
TN_NIVAR_2020_102763,TN_NIVAR_2020,SAR_ONLY,PASS,none
TN_NIVAR_2020_005136,TN_NIVAR_2020,MULTIMODAL,PASS,none
TN_NIVAR_2020_005153,TN_NIVAR_2020,MULTIMODAL,PASS,none
TN_NIVAR_2020_011967,TN_NIVAR_2020,MULTIMODAL,PASS,none
TN_NIVAR_2020_019971,TN_NIVAR_2020,MULTIMODAL,PASS,none
TN_NIVAR_2020_039122,TN_NIVAR_2020,MULTIMODAL,PASS,none
TN_NIVAR_2020_059524,TN_NIVAR_2020,MULTIMODAL,PASS,none
TN_NIVAR_2020_059538,TN_NIVAR_2020,SAR_ONLY,PASS,none
TN_NIVAR_2020_078626,TN_NIVAR_2020,SAR_ONLY,PASS,none
TN_NIVAR_2020_090627,TN_NIVAR_2020,SAR_ONLY,PASS,none
TN_NIVAR_2020_102765,TN_NIVAR_2020,SAR_ONLY,PASS,none
TN_NIVAR_2020_016928,TN_NIVAR_2020,MULTIMODAL,PASS,none
TN_NIVAR_2020_024899,TN_NIVAR_2020,MULTIMODAL,PASS,none
TN_NIVAR_2020_044066,TN_NIVAR_2020,MULTIMODAL,PASS,none
TN_NIVAR_2020_064446,TN_NIVAR_2020,MULTIMODAL,PASS,none
TN_NIVAR_2020_064458,TN_NIVAR_2020,SAR_ONLY,PASS,none
TN_NIVAR_2020_083304,TN_NIVAR_2020,SAR_ONLY,PASS,none
TN_NIVAR_2020_091817,TN_NIVAR_2020,SAR_ONLY,PASS,none
TN_NIVAR_2020_104123,TN_NIVAR_2020,SAR_ONLY,PASS,none
TN_NIVAR_2020_045134,TN_NIVAR_2020,MULTIMODAL,PASS,none
TN_NIVAR_2020_064582,TN_NIVAR_2020,MULTIMODAL,PASS,none
TN_NIVAR_2020_064494,TN_NIVAR_2020,SAR_ONLY,PASS,none
TN_NIVAR_2020_083923,TN_NIVAR_2020,SAR_ONLY,PASS,none
TN_NIVAR_2020_091898,TN_NIVAR_2020,SAR_ONLY,PASS,none
TN_NIVAR_2020_104126,TN_NIVAR_2020,SAR_ONLY,PASS,none
TN_NIVAR_2020_085398,TN_NIVAR_2020,SAR_ONLY,PASS,none
TN_NIVAR_2020_085212,TN_NIVAR_2020,SAR_ONLY,PASS,none
TN_NIVAR_2020_107806,TN_NIVAR_2020,SAR_ONLY,PASS,none
TN_NIVAR_2020_000005,TN_NIVAR_2020,MULTIMODAL,PASS,none
TN_NIVAR_2020_000062,TN_NIVAR_2020,MULTIMODAL,PASS,none
TN_NIVAR_2020_008564,TN_NIVAR_2020,MULTIMODAL,PASS,none
TN_NIVAR_2020_017001,TN_NIVAR_2020,MULTIMODAL,PASS,none
TN_NIVAR_2020_029847,TN_NIVAR_2020,MULTIMODAL,PASS,none
TN_NIVAR_2020_048044,TN_NIVAR_2020,SAR_ONLY,PASS,none
TN_NIVAR_2020_048057,TN_NIVAR_2020,SAR_ONLY,PASS,none
TN_NIVAR_2020_069497,TN_NIVAR_2020,SAR_ONLY,PASS,none
TN_NIVAR_2020_085405,TN_NIVAR_2020,SAR_ONLY,PASS,none
TN_NIVAR_2020_096333,TN_NIVAR_2020,SAR_ONLY,PASS,none
TN_NIVAR_2020_000008,TN_NIVAR_2020,MULTIMODAL,FAIL,non_finite_values_in_sar_pre;non_finite_values_in_sar_post
TN_NIVAR_2020_000302,TN_NIVAR_2020,MULTIMODAL,PASS,none
TN_NIVAR_2020_009166,TN_NIVAR_2020,MULTIMODAL,PASS,none
TN_NIVAR_2020_016995,TN_NIVAR_2020,MULTIMODAL,PASS,none
TN_NIVAR_2020_029836,TN_NIVAR_2020,MULTIMODAL,PASS,none
TN_NIVAR_2020_029897,TN_NIVAR_2020,MULTIMODAL,PASS,none
TN_NIVAR_2020_048061,TN_NIVAR_2020,SAR_ONLY,PASS,none
TN_NIVAR_2020_069542,TN_NIVAR_2020,SAR_ONLY,PASS,none
TN_NIVAR_2020_085408,TN_NIVAR_2020,SAR_ONLY,PASS,none
TN_NIVAR_2020_096326,TN_NIVAR_2020,SAR_ONLY,PASS,none
TN_NIVAR_2020_000720,TN_NIVAR_2020,MULTIMODAL,PASS,none
TN_NIVAR_2020_000722,TN_NIVAR_2020,MULTIMODAL,PASS,none
TN_MANDOUS_2022_000001,TN_MANDOUS_2022,SAR_ONLY,PASS,none
TN_MANDOUS_2022_000002,TN_MANDOUS_2022,SAR_ONLY,PASS,none
TN_MANDOUS_2022_004652,TN_MANDOUS_2022,SAR_ONLY,PASS,none
TN_MANDOUS_2022_008650,TN_MANDOUS_2022,SAR_ONLY,PASS,none
TN_MANDOUS_2022_011486,TN_MANDOUS_2022,SAR_ONLY,PASS,none
TN_MANDOUS_2022_017494,TN_MANDOUS_2022,SAR_ONLY,PASS,none
TN_MANDOUS_2022_017503,TN_MANDOUS_2022,SAR_ONLY,PASS,none
TN_MANDOUS_2022_021954,TN_MANDOUS_2022,SAR_ONLY,PASS,none
TN_MANDOUS_2022_026451,TN_MANDOUS_2022,SAR_ONLY,PASS,none
TN_MANDOUS_2022_029020,TN_MANDOUS_2022,SAR_ONLY,PASS,none
TN_MANDOUS_2022_000008,TN_MANDOUS_2022,SAR_ONLY,PASS,none
TN_MANDOUS_2022_000012,TN_MANDOUS_2022,SAR_ONLY,PASS,none
TN_MANDOUS_2022_004662,TN_MANDOUS_2022,SAR_ONLY,PASS,none
TN_MANDOUS_2022_008674,TN_MANDOUS_2022,SAR_ONLY,PASS,none
TN_MANDOUS_2022_011484,TN_MANDOUS_2022,SAR_ONLY,PASS,none
TN_MANDOUS_2022_011485,TN_MANDOUS_2022,SAR_ONLY,PASS,none
TN_MANDOUS_2022_017493,TN_MANDOUS_2022,SAR_ONLY,PASS,none
TN_MANDOUS_2022_022199,TN_MANDOUS_2022,SAR_ONLY,PASS,none
TN_MANDOUS_2022_026446,TN_MANDOUS_2022,SAR_ONLY,PASS,none
TN_MANDOUS_2022_029023,TN_MANDOUS_2022,SAR_ONLY,PASS,none
TN_MANDOUS_2022_002392,TN_MANDOUS_2022,SAR_ONLY,PASS,none
TN_MANDOUS_2022_002452,TN_MANDOUS_2022,SAR_ONLY,PASS,none
TN_MANDOUS_2022_006463,TN_MANDOUS_2022,SAR_ONLY,PASS,none
TN_MANDOUS_2022_008857,TN_MANDOUS_2022,SAR_ONLY,PASS,none
TN_MANDOUS_2022_011832,TN_MANDOUS_2022,SAR_ONLY,PASS,none
TN_MANDOUS_2022_018298,TN_MANDOUS_2022,SAR_ONLY,PASS,none
TN_MANDOUS_2022_018297,TN_MANDOUS_2022,SAR_ONLY,PASS,none
TN_MANDOUS_2022_022741,TN_MANDOUS_2022,SAR_ONLY,PASS,none
TN_MANDOUS_2022_027094,TN_MANDOUS_2022,SAR_ONLY,PASS,none
TN_MANDOUS_2022_029561,TN_MANDOUS_2022,SAR_ONLY,PASS,none
TN_MANDOUS_2022_003680,TN_MANDOUS_2022,SAR_ONLY,PASS,none
TN_MANDOUS_2022_003694,TN_MANDOUS_2022,SAR_ONLY,PASS,none
TN_MANDOUS_2022_007515,TN_MANDOUS_2022,SAR_ONLY,PASS,none
TN_MANDOUS_2022_010409,TN_MANDOUS_2022,SAR_ONLY,PASS,none
TN_MANDOUS_2022_012845,TN_MANDOUS_2022,SAR_ONLY,PASS,none
TN_MANDOUS_2022_018997,TN_MANDOUS_2022,SAR_ONLY,PASS,none
TN_MANDOUS_2022_018994,TN_MANDOUS_2022,SAR_ONLY,PASS,none
TN_MANDOUS_2022_023583,TN_MANDOUS_2022,SAR_ONLY,PASS,none
TN_MANDOUS_2022_028169,TN_MANDOUS_2022,SAR_ONLY,PASS,none
TN_MANDOUS_2022_030278,TN_MANDOUS_2022,SAR_ONLY,PASS,none
TN_MANDOUS_2022_003682,TN_MANDOUS_2022,SAR_ONLY,PASS,none
TN_MANDOUS_2022_003722,TN_MANDOUS_2022,SAR_ONLY,PASS,none
TN_MANDOUS_2022_007513,TN_MANDOUS_2022,SAR_ONLY,PASS,none
TN_MANDOUS_2022_010455,TN_MANDOUS_2022,SAR_ONLY,PASS,none
TN_MANDOUS_2022_012843,TN_MANDOUS_2022,SAR_ONLY,PASS,none
TN_MANDOUS_2022_019001,TN_MANDOUS_2022,SAR_ONLY,PASS,none
TN_MANDOUS_2022_018993,TN_MANDOUS_2022,SAR_ONLY,PASS,none
TN_MANDOUS_2022_023618,TN_MANDOUS_2022,SAR_ONLY,PASS,none
TN_MANDOUS_2022_028164,TN_MANDOUS_2022,SAR_ONLY,PASS,none
TN_MANDOUS_2022_030302,TN_MANDOUS_2022,SAR_ONLY,PASS,none
TN_MANDOUS_2022_008354,TN_MANDOUS_2022,SAR_ONLY,PASS,none
TN_MANDOUS_2022_010452,TN_MANDOUS_2022,SAR_ONLY,PASS,none
TN_MANDOUS_2022_014371,TN_MANDOUS_2022,SAR_ONLY,PASS,none
TN_MANDOUS_2022_019993,TN_MANDOUS_2022,SAR_ONLY,PASS,none
TN_MANDOUS_2022_020011,TN_MANDOUS_2022,SAR_ONLY,PASS,none
TN_MANDOUS_2022_025023,TN_MANDOUS_2022,SAR_ONLY,PASS,none
TN_MANDOUS_2022_028529,TN_MANDOUS_2022,SAR_ONLY,PASS,none
TN_MANDOUS_2022_030944,TN_MANDOUS_2022,SAR_ONLY,PASS,none
TN_MANDOUS_2022_016906,TN_MANDOUS_2022,SAR_ONLY,PASS,none
TN_MANDOUS_2022_021204,TN_MANDOUS_2022,SAR_ONLY,PASS,none
TN_MANDOUS_2022_021209,TN_MANDOUS_2022,SAR_ONLY,PASS,none
TN_MANDOUS_2022_025073,TN_MANDOUS_2022,SAR_ONLY,PASS,none
TN_MANDOUS_2022_028619,TN_MANDOUS_2022,SAR_ONLY,PASS,none
TN_MANDOUS_2022_033019,TN_MANDOUS_2022,SAR_ONLY,PASS,none
TN_MANDOUS_2022_025218,TN_MANDOUS_2022,SAR_ONLY,PASS,none
TN_MANDOUS_2022_033021,TN_MANDOUS_2022,SAR_ONLY,PASS,none
TN_MANDOUS_2022_033007,TN_MANDOUS_2022,SAR_ONLY,PASS,none
TN_MANDOUS_2022_033351,TN_MANDOUS_2022,SAR_ONLY,PASS,none
TN_MANDOUS_2022_034393,TN_MANDOUS_2022,SAR_ONLY,PASS,none
TN_MANDOUS_2022_000003,TN_MANDOUS_2022,SAR_ONLY,PASS,none
TN_MANDOUS_2022_000006,TN_MANDOUS_2022,SAR_ONLY,PASS,none
TN_MANDOUS_2022_004660,TN_MANDOUS_2022,SAR_ONLY,PASS,none
TN_MANDOUS_2022_008651,TN_MANDOUS_2022,SAR_ONLY,PASS,none
TN_MANDOUS_2022_011487,TN_MANDOUS_2022,SAR_ONLY,PASS,none
TN_MANDOUS_2022_017495,TN_MANDOUS_2022,SAR_ONLY,PASS,none
TN_MANDOUS_2022_017504,TN_MANDOUS_2022,SAR_ONLY,PASS,none
TN_MANDOUS_2022_021957,TN_MANDOUS_2022,SAR_ONLY,PASS,none
TN_MANDOUS_2022_026458,TN_MANDOUS_2022,SAR_ONLY,PASS,none
TN_MANDOUS_2022_029025,TN_MANDOUS_2022,SAR_ONLY,PASS,none
TN_MANDOUS_2022_000038,TN_MANDOUS_2022,SAR_ONLY,PASS,none
TN_MANDOUS_2022_000107,TN_MANDOUS_2022,SAR_ONLY,PASS,none
TN_MANDOUS_2022_005039,TN_MANDOUS_2022,SAR_ONLY,PASS,none
TN_MANDOUS_2022_008731,TN_MANDOUS_2022,SAR_ONLY,PASS,none
TN_MANDOUS_2022_011495,TN_MANDOUS_2022,SAR_ONLY,PASS,none
TN_MANDOUS_2022_011564,TN_MANDOUS_2022,SAR_ONLY,PASS,none
TN_MANDOUS_2022_017508,TN_MANDOUS_2022,SAR_ONLY,PASS,none
TN_MANDOUS_2022_022606,TN_MANDOUS_2022,SAR_ONLY,PASS,none
TN_MANDOUS_2022_026493,TN_MANDOUS_2022,SAR_ONLY,PASS,none
TN_MANDOUS_2022_029024,TN_MANDOUS_2022,SAR_ONLY,PASS,none
TN_MANDOUS_2022_002396,TN_MANDOUS_2022,SAR_ONLY,PASS,none
TN_MANDOUS_2022_002659,TN_MANDOUS_2022,SAR_ONLY,PASS,none
TN_MANDOUS_2022_006497,TN_MANDOUS_2022,SAR_ONLY,PASS,none
TN_MANDOUS_2022_008859,TN_MANDOUS_2022,SAR_ONLY,PASS,none
TN_MANDOUS_2022_011834,TN_MANDOUS_2022,SAR_ONLY,PASS,none
TN_MANDOUS_2022_018305,TN_MANDOUS_2022,SAR_ONLY,PASS,none
TN_MANDOUS_2022_018347,TN_MANDOUS_2022,SAR_ONLY,PASS,none
TN_MANDOUS_2022_022748,TN_MANDOUS_2022,SAR_ONLY,PASS,none
TN_MANDOUS_2022_027101,TN_MANDOUS_2022,SAR_ONLY,PASS,none
TN_MANDOUS_2022_029562,TN_MANDOUS_2022,SAR_ONLY,PASS,none
TN_MANDOUS_2022_003681,TN_MANDOUS_2022,SAR_ONLY,PASS,none
TN_MANDOUS_2022_003699,TN_MANDOUS_2022,SAR_ONLY,PASS,none
TN_MANDOUS_2022_007521,TN_MANDOUS_2022,SAR_ONLY,PASS,none
TN_MANDOUS_2022_010416,TN_MANDOUS_2022,SAR_ONLY,PASS,none
TN_MANDOUS_2022_012846,TN_MANDOUS_2022,SAR_ONLY,PASS,none
TN_MANDOUS_2022_018998,TN_MANDOUS_2022,SAR_ONLY,PASS,none
TN_MANDOUS_2022_018996,TN_MANDOUS_2022,SAR_ONLY,PASS,none
TN_MANDOUS_2022_023624,TN_MANDOUS_2022,SAR_ONLY,PASS,none
TN_MANDOUS_2022_028206,TN_MANDOUS_2022,SAR_ONLY,PASS,none
TN_MANDOUS_2022_030280,TN_MANDOUS_2022,SAR_ONLY,PASS,none
TN_MANDOUS_2022_003683,TN_MANDOUS_2022,SAR_ONLY,PASS,none
TN_MANDOUS_2022_003734,TN_MANDOUS_2022,SAR_ONLY,PASS,none
TN_MANDOUS_2022_007791,TN_MANDOUS_2022,SAR_ONLY,PASS,none
TN_MANDOUS_2022_010464,TN_MANDOUS_2022,SAR_ONLY,PASS,none
TN_MANDOUS_2022_012844,TN_MANDOUS_2022,SAR_ONLY,PASS,none
TN_MANDOUS_2022_019002,TN_MANDOUS_2022,SAR_ONLY,PASS,none
TN_MANDOUS_2022_018995,TN_MANDOUS_2022,SAR_ONLY,PASS,none
TN_MANDOUS_2022_023639,TN_MANDOUS_2022,SAR_ONLY,PASS,none
TN_MANDOUS_2022_028166,TN_MANDOUS_2022,SAR_ONLY,PASS,none
TN_MANDOUS_2022_030418,TN_MANDOUS_2022,SAR_ONLY,PASS,none
TN_MANDOUS_2022_008607,TN_MANDOUS_2022,SAR_ONLY,PASS,none
TN_MANDOUS_2022_010453,TN_MANDOUS_2022,SAR_ONLY,PASS,none
TN_MANDOUS_2022_014372,TN_MANDOUS_2022,SAR_ONLY,PASS,none
TN_MANDOUS_2022_019994,TN_MANDOUS_2022,SAR_ONLY,PASS,none
TN_MANDOUS_2022_020018,TN_MANDOUS_2022,SAR_ONLY,PASS,none
TN_MANDOUS_2022_028527,TN_MANDOUS_2022,SAR_ONLY,PASS,none
TN_MANDOUS_2022_028541,TN_MANDOUS_2022,SAR_ONLY,PASS,none
TN_MANDOUS_2022_030945,TN_MANDOUS_2022,SAR_ONLY,PASS,none
TN_MANDOUS_2022_016908,TN_MANDOUS_2022,SAR_ONLY,PASS,none
TN_MANDOUS_2022_021205,TN_MANDOUS_2022,SAR_ONLY,PASS,none
TN_MANDOUS_2022_021210,TN_MANDOUS_2022,SAR_ONLY,PASS,none
TN_MANDOUS_2022_025074,TN_MANDOUS_2022,SAR_ONLY,PASS,none
TN_MANDOUS_2022_028622,TN_MANDOUS_2022,SAR_ONLY,PASS,none
TN_MANDOUS_2022_033043,TN_MANDOUS_2022,SAR_ONLY,PASS,none
TN_MANDOUS_2022_025227,TN_MANDOUS_2022,SAR_ONLY,PASS,none
TN_MANDOUS_2022_033034,TN_MANDOUS_2022,SAR_ONLY,PASS,none
TN_MANDOUS_2022_033008,TN_MANDOUS_2022,SAR_ONLY,PASS,none
TN_MANDOUS_2022_033353,TN_MANDOUS_2022,SAR_ONLY,PASS,none
TN_MANDOUS_2022_000004,TN_MANDOUS_2022,SAR_ONLY,PASS,none
TN_MANDOUS_2022_000007,TN_MANDOUS_2022,SAR_ONLY,PASS,none
TN_MANDOUS_2022_004668,TN_MANDOUS_2022,SAR_ONLY,PASS,none
TN_MANDOUS_2022_008652,TN_MANDOUS_2022,SAR_ONLY,PASS,none
TN_MANDOUS_2022_011488,TN_MANDOUS_2022,SAR_ONLY,PASS,none
TN_MANDOUS_2022_017496,TN_MANDOUS_2022,SAR_ONLY,PASS,none
TN_MANDOUS_2022_017509,TN_MANDOUS_2022,SAR_ONLY,PASS,none
TN_MANDOUS_2022_021958,TN_MANDOUS_2022,SAR_ONLY,PASS,none
TN_MANDOUS_2022_026460,TN_MANDOUS_2022,SAR_ONLY,PASS,none
TN_MANDOUS_2022_029026,TN_MANDOUS_2022,SAR_ONLY,PASS,none
TN_MANDOUS_2022_000042,TN_MANDOUS_2022,SAR_ONLY,PASS,none
TN_MANDOUS_2022_000129,TN_MANDOUS_2022,SAR_ONLY,PASS,none
TN_MANDOUS_2022_005186,TN_MANDOUS_2022,SAR_ONLY,PASS,none
TN_MANDOUS_2022_008753,TN_MANDOUS_2022,SAR_ONLY,PASS,none
TN_MANDOUS_2022_011496,TN_MANDOUS_2022,SAR_ONLY,PASS,none
TN_MANDOUS_2022_011779,TN_MANDOUS_2022,SAR_ONLY,PASS,none
TN_MANDOUS_2022_017658,TN_MANDOUS_2022,SAR_ONLY,PASS,none
TN_MANDOUS_2022_022682,TN_MANDOUS_2022,SAR_ONLY,PASS,none
TN_MANDOUS_2022_026539,TN_MANDOUS_2022,SAR_ONLY,PASS,none
TN_MANDOUS_2022_029106,TN_MANDOUS_2022,SAR_ONLY,PASS,none
TN_MANDOUS_2022_002397,TN_MANDOUS_2022,SAR_ONLY,PASS,none
TN_MANDOUS_2022_002790,TN_MANDOUS_2022,SAR_ONLY,PASS,none
TN_MANDOUS_2022_006540,TN_MANDOUS_2022,SAR_ONLY,PASS,none
TN_MANDOUS_2022_008860,TN_MANDOUS_2022,SAR_ONLY,PASS,none
TN_MANDOUS_2022_011835,TN_MANDOUS_2022,SAR_ONLY,PASS,none
TN_MANDOUS_2022_018306,TN_MANDOUS_2022,SAR_ONLY,PASS,none
TN_MANDOUS_2022_018359,TN_MANDOUS_2022,SAR_ONLY,PASS,none
TN_MANDOUS_2022_022751,TN_MANDOUS_2022,SAR_ONLY,PASS,none
TN_MANDOUS_2022_027102,TN_MANDOUS_2022,SAR_ONLY,PASS,none
TN_MANDOUS_2022_029563,TN_MANDOUS_2022,SAR_ONLY,PASS,none
TN_MANDOUS_2022_003684,TN_MANDOUS_2022,SAR_ONLY,PASS,none
TN_MANDOUS_2022_003713,TN_MANDOUS_2022,SAR_ONLY,PASS,none
TN_MANDOUS_2022_007525,TN_MANDOUS_2022,SAR_ONLY,PASS,none
TN_MANDOUS_2022_010434,TN_MANDOUS_2022,SAR_ONLY,PASS,none
TN_MANDOUS_2022_012848,TN_MANDOUS_2022,SAR_ONLY,PASS,none
TN_MANDOUS_2022_019008,TN_MANDOUS_2022,SAR_ONLY,PASS,none
TN_MANDOUS_2022_018999,TN_MANDOUS_2022,SAR_ONLY,PASS,none
TN_MANDOUS_2022_023645,TN_MANDOUS_2022,SAR_ONLY,PASS,none
TN_MANDOUS_2022_028209,TN_MANDOUS_2022,SAR_ONLY,PASS,none
TN_MANDOUS_2022_030281,TN_MANDOUS_2022,SAR_ONLY,PASS,none
TN_MANDOUS_2022_003686,TN_MANDOUS_2022,SAR_ONLY,PASS,none
TN_MANDOUS_2022_003737,TN_MANDOUS_2022,SAR_ONLY,PASS,none
TN_MANDOUS_2022_007841,TN_MANDOUS_2022,SAR_ONLY,PASS,none
TN_MANDOUS_2022_010468,TN_MANDOUS_2022,SAR_ONLY,PASS,none
TN_MANDOUS_2022_012847,TN_MANDOUS_2022,SAR_ONLY,PASS,none
TN_MANDOUS_2022_019005,TN_MANDOUS_2022,SAR_ONLY,PASS,none
TN_MANDOUS_2022_019003,TN_MANDOUS_2022,SAR_ONLY,PASS,none
TN_MANDOUS_2022_023651,TN_MANDOUS_2022,SAR_ONLY,PASS,none
TN_MANDOUS_2022_028183,TN_MANDOUS_2022,SAR_ONLY,PASS,none
TN_MANDOUS_2022_030458,TN_MANDOUS_2022,SAR_ONLY,PASS,none
TN_MANDOUS_2022_010550,TN_MANDOUS_2022,SAR_ONLY,PASS,none
TN_MANDOUS_2022_010454,TN_MANDOUS_2022,SAR_ONLY,PASS,none
TN_MANDOUS_2022_014375,TN_MANDOUS_2022,SAR_ONLY,PASS,none
TN_MANDOUS_2022_019995,TN_MANDOUS_2022,SAR_ONLY,PASS,none
TN_MANDOUS_2022_020030,TN_MANDOUS_2022,SAR_ONLY,PASS,none
TN_MANDOUS_2022_028538,TN_MANDOUS_2022,SAR_ONLY,PASS,none
TN_MANDOUS_2022_028560,TN_MANDOUS_2022,SAR_ONLY,PASS,none
TN_MANDOUS_2022_030946,TN_MANDOUS_2022,SAR_ONLY,PASS,none
TN_MANDOUS_2022_016909,TN_MANDOUS_2022,SAR_ONLY,PASS,none
TN_MANDOUS_2022_021206,TN_MANDOUS_2022,SAR_ONLY,PASS,none
TN_MANDOUS_2022_021213,TN_MANDOUS_2022,SAR_ONLY,PASS,none
TN_MANDOUS_2022_025077,TN_MANDOUS_2022,SAR_ONLY,PASS,none
TN_MANDOUS_2022_028623,TN_MANDOUS_2022,SAR_ONLY,PASS,none
TN_SOUTHERN_FLOOD_2023_000002,TN_SOUTHERN_FLOOD_2023,SAR_ONLY,FAIL,non_finite_values_in_sar_pre;non_finite_values_in_sar_post
TN_SOUTHERN_FLOOD_2023_000003,TN_SOUTHERN_FLOOD_2023,SAR_ONLY,FAIL,non_finite_values_in_sar_pre;non_finite_values_in_sar_post
TN_SOUTHERN_FLOOD_2023_011241,TN_SOUTHERN_FLOOD_2023,SAR_ONLY,FAIL,non_finite_values_in_sar_pre;non_finite_values_in_sar_post
TN_SOUTHERN_FLOOD_2023_034258,TN_SOUTHERN_FLOOD_2023,SAR_ONLY,FAIL,non_finite_values_in_sar_pre;non_finite_values_in_sar_post
TN_SOUTHERN_FLOOD_2023_064769,TN_SOUTHERN_FLOOD_2023,SAR_ONLY,FAIL,non_finite_values_in_sar_pre;non_finite_values_in_sar_post
TN_SOUTHERN_FLOOD_2023_103087,TN_SOUTHERN_FLOOD_2023,SAR_ONLY,FAIL,non_finite_values_in_sar_pre;non_finite_values_in_sar_post
TN_SOUTHERN_FLOOD_2023_103230,TN_SOUTHERN_FLOOD_2023,SAR_ONLY,FAIL,non_finite_values_in_sar_pre;non_finite_values_in_sar_post
TN_SOUTHERN_FLOOD_2023_132547,TN_SOUTHERN_FLOOD_2023,SAR_ONLY,FAIL,non_finite_values_in_sar_pre;non_finite_values_in_sar_post
TN_SOUTHERN_FLOOD_2023_146885,TN_SOUTHERN_FLOOD_2023,SAR_ONLY,PASS,none
TN_SOUTHERN_FLOOD_2023_158837,TN_SOUTHERN_FLOOD_2023,SAR_ONLY,PASS,none
TN_SOUTHERN_FLOOD_2023_000005,TN_SOUTHERN_FLOOD_2023,SAR_ONLY,FAIL,non_finite_values_in_sar_pre;non_finite_values_in_sar_post
TN_SOUTHERN_FLOOD_2023_000001,TN_SOUTHERN_FLOOD_2023,SAR_ONLY,FAIL,non_finite_values_in_sar_pre;non_finite_values_in_sar_post
TN_SOUTHERN_FLOOD_2023_011271,TN_SOUTHERN_FLOOD_2023,SAR_ONLY,FAIL,non_finite_values_in_sar_pre;non_finite_values_in_sar_post
TN_SOUTHERN_FLOOD_2023_034260,TN_SOUTHERN_FLOOD_2023,SAR_ONLY,FAIL,non_finite_values_in_sar_pre;non_finite_values_in_sar_post
TN_SOUTHERN_FLOOD_2023_064772,TN_SOUTHERN_FLOOD_2023,SAR_ONLY,FAIL,non_finite_values_in_sar_pre;non_finite_values_in_sar_post
TN_SOUTHERN_FLOOD_2023_103110,TN_SOUTHERN_FLOOD_2023,SAR_ONLY,FAIL,non_finite_values_in_sar_pre;non_finite_values_in_sar_post
TN_SOUTHERN_FLOOD_2023_103434,TN_SOUTHERN_FLOOD_2023,SAR_ONLY,FAIL,non_finite_values_in_sar_pre;non_finite_values_in_sar_post
TN_SOUTHERN_FLOOD_2023_132551,TN_SOUTHERN_FLOOD_2023,SAR_ONLY,FAIL,non_finite_values_in_sar_pre;non_finite_values_in_sar_post
TN_SOUTHERN_FLOOD_2023_147306,TN_SOUTHERN_FLOOD_2023,SAR_ONLY,PASS,none
TN_SOUTHERN_FLOOD_2023_158840,TN_SOUTHERN_FLOOD_2023,SAR_ONLY,PASS,none
TN_SOUTHERN_FLOOD_2023_002178,TN_SOUTHERN_FLOOD_2023,SAR_ONLY,FAIL,non_finite_values_in_sar_pre;non_finite_values_in_sar_post
TN_SOUTHERN_FLOOD_2023_002269,TN_SOUTHERN_FLOOD_2023,SAR_ONLY,FAIL,non_finite_values_in_sar_pre;non_finite_values_in_sar_post
TN_SOUTHERN_FLOOD_2023_013103,TN_SOUTHERN_FLOOD_2023,SAR_ONLY,FAIL,non_finite_values_in_sar_pre;non_finite_values_in_sar_post
TN_SOUTHERN_FLOOD_2023_038820,TN_SOUTHERN_FLOOD_2023,SAR_ONLY,FAIL,non_finite_values_in_sar_pre;non_finite_values_in_sar_post
TN_SOUTHERN_FLOOD_2023_068424,TN_SOUTHERN_FLOOD_2023,SAR_ONLY,FAIL,non_finite_values_in_sar_pre;non_finite_values_in_sar_post
TN_SOUTHERN_FLOOD_2023_105178,TN_SOUTHERN_FLOOD_2023,SAR_ONLY,FAIL,non_finite_values_in_sar_pre;non_finite_values_in_sar_post
TN_SOUTHERN_FLOOD_2023_105180,TN_SOUTHERN_FLOOD_2023,SAR_ONLY,FAIL,non_finite_values_in_sar_pre;non_finite_values_in_sar_post
TN_SOUTHERN_FLOOD_2023_133511,TN_SOUTHERN_FLOOD_2023,SAR_ONLY,FAIL,non_finite_values_in_sar_pre;non_finite_values_in_sar_post
TN_SOUTHERN_FLOOD_2023_147683,TN_SOUTHERN_FLOOD_2023,SAR_ONLY,PASS,none
TN_SOUTHERN_FLOOD_2023_159776,TN_SOUTHERN_FLOOD_2023,SAR_ONLY,PASS,none
TN_SOUTHERN_FLOOD_2023_002880,TN_SOUTHERN_FLOOD_2023,SAR_ONLY,FAIL,non_finite_values_in_sar_pre;non_finite_values_in_sar_post
TN_SOUTHERN_FLOOD_2023_002875,TN_SOUTHERN_FLOOD_2023,SAR_ONLY,FAIL,non_finite_values_in_sar_pre;non_finite_values_in_sar_post
TN_SOUTHERN_FLOOD_2023_013907,TN_SOUTHERN_FLOOD_2023,SAR_ONLY,FAIL,non_finite_values_in_sar_pre;non_finite_values_in_sar_post
TN_SOUTHERN_FLOOD_2023_042162,TN_SOUTHERN_FLOOD_2023,SAR_ONLY,FAIL,non_finite_values_in_sar_pre;non_finite_values_in_sar_post
TN_SOUTHERN_FLOOD_2023_073396,TN_SOUTHERN_FLOOD_2023,SAR_ONLY,FAIL,non_finite_values_in_sar_pre;non_finite_values_in_sar_post
TN_SOUTHERN_FLOOD_2023_106865,TN_SOUTHERN_FLOOD_2023,SAR_ONLY,FAIL,non_finite_values_in_sar_pre;non_finite_values_in_sar_post
TN_SOUTHERN_FLOOD_2023_106898,TN_SOUTHERN_FLOOD_2023,SAR_ONLY,FAIL,non_finite_values_in_sar_pre;non_finite_values_in_sar_post
TN_SOUTHERN_FLOOD_2023_133867,TN_SOUTHERN_FLOOD_2023,SAR_ONLY,FAIL,non_finite_values_in_sar_pre;non_finite_values_in_sar_post
TN_SOUTHERN_FLOOD_2023_148463,TN_SOUTHERN_FLOOD_2023,SAR_ONLY,PASS,none
TN_SOUTHERN_FLOOD_2023_160162,TN_SOUTHERN_FLOOD_2023,SAR_ONLY,PASS,none
TN_SOUTHERN_FLOOD_2023_004160,TN_SOUTHERN_FLOOD_2023,SAR_ONLY,FAIL,non_finite_values_in_sar_pre;non_finite_values_in_sar_post
TN_SOUTHERN_FLOOD_2023_004153,TN_SOUTHERN_FLOOD_2023,SAR_ONLY,FAIL,non_finite_values_in_sar_pre;non_finite_values_in_sar_post
TN_SOUTHERN_FLOOD_2023_015573,TN_SOUTHERN_FLOOD_2023,SAR_ONLY,FAIL,non_finite_values_in_sar_pre;non_finite_values_in_sar_post
TN_SOUTHERN_FLOOD_2023_043517,TN_SOUTHERN_FLOOD_2023,SAR_ONLY,FAIL,non_finite_values_in_sar_pre;non_finite_values_in_sar_post
TN_SOUTHERN_FLOOD_2023_078359,TN_SOUTHERN_FLOOD_2023,SAR_ONLY,FAIL,non_finite_values_in_sar_pre;non_finite_values_in_sar_post
TN_SOUTHERN_FLOOD_2023_111754,TN_SOUTHERN_FLOOD_2023,SAR_ONLY,FAIL,non_finite_values_in_sar_pre;non_finite_values_in_sar_post
TN_SOUTHERN_FLOOD_2023_111759,TN_SOUTHERN_FLOOD_2023,SAR_ONLY,FAIL,non_finite_values_in_sar_pre;non_finite_values_in_sar_post
TN_SOUTHERN_FLOOD_2023_134372,TN_SOUTHERN_FLOOD_2023,SAR_ONLY,FAIL,non_finite_values_in_sar_pre;non_finite_values_in_sar_post
TN_SOUTHERN_FLOOD_2023_150019,TN_SOUTHERN_FLOOD_2023,SAR_ONLY,PASS,none
TN_SOUTHERN_FLOOD_2023_160295,TN_SOUTHERN_FLOOD_2023,SAR_ONLY,PASS,none
TN_SOUTHERN_FLOOD_2023_005177,TN_SOUTHERN_FLOOD_2023,SAR_ONLY,FAIL,non_finite_values_in_sar_pre;non_finite_values_in_sar_post
TN_SOUTHERN_FLOOD_2023_004435,TN_SOUTHERN_FLOOD_2023,SAR_ONLY,FAIL,non_finite_values_in_sar_pre;non_finite_values_in_sar_post
TN_SOUTHERN_FLOOD_2023_015843,TN_SOUTHERN_FLOOD_2023,SAR_ONLY,FAIL,non_finite_values_in_sar_pre;non_finite_values_in_sar_post
TN_SOUTHERN_FLOOD_2023_044972,TN_SOUTHERN_FLOOD_2023,SAR_ONLY,FAIL,non_finite_values_in_sar_pre;non_finite_values_in_sar_post
TN_SOUTHERN_FLOOD_2023_083287,TN_SOUTHERN_FLOOD_2023,SAR_ONLY,FAIL,non_finite_values_in_sar_pre;non_finite_values_in_sar_post
TN_SOUTHERN_FLOOD_2023_083577,TN_SOUTHERN_FLOOD_2023,SAR_ONLY,FAIL,non_finite_values_in_sar_pre;non_finite_values_in_sar_post
TN_SOUTHERN_FLOOD_2023_116426,TN_SOUTHERN_FLOOD_2023,SAR_ONLY,FAIL,non_finite_values_in_sar_pre;non_finite_values_in_sar_post
TN_SOUTHERN_FLOOD_2023_139058,TN_SOUTHERN_FLOOD_2023,SAR_ONLY,PASS,none
TN_SOUTHERN_FLOOD_2023_150701,TN_SOUTHERN_FLOOD_2023,SAR_ONLY,PASS,none
TN_SOUTHERN_FLOOD_2023_160407,TN_SOUTHERN_FLOOD_2023,SAR_ONLY,PASS,none
TN_SOUTHERN_FLOOD_2023_005176,TN_SOUTHERN_FLOOD_2023,SAR_ONLY,FAIL,non_finite_values_in_sar_pre;non_finite_values_in_sar_post
TN_SOUTHERN_FLOOD_2023_005184,TN_SOUTHERN_FLOOD_2023,SAR_ONLY,FAIL,non_finite_values_in_sar_pre;non_finite_values_in_sar_post
TN_SOUTHERN_FLOOD_2023_019691,TN_SOUTHERN_FLOOD_2023,SAR_ONLY,FAIL,non_finite_values_in_sar_pre;non_finite_values_in_sar_post
TN_SOUTHERN_FLOOD_2023_044978,TN_SOUTHERN_FLOOD_2023,SAR_ONLY,FAIL,non_finite_values_in_sar_pre;non_finite_values_in_sar_post
TN_SOUTHERN_FLOOD_2023_083303,TN_SOUTHERN_FLOOD_2023,SAR_ONLY,FAIL,non_finite_values_in_sar_pre;non_finite_values_in_sar_post
TN_SOUTHERN_FLOOD_2023_083472,TN_SOUTHERN_FLOOD_2023,SAR_ONLY,FAIL,non_finite_values_in_sar_pre;non_finite_values_in_sar_post
TN_SOUTHERN_FLOOD_2023_116434,TN_SOUTHERN_FLOOD_2023,SAR_ONLY,FAIL,non_finite_values_in_sar_pre;non_finite_values_in_sar_post
TN_SOUTHERN_FLOOD_2023_139051,TN_SOUTHERN_FLOOD_2023,SAR_ONLY,FAIL,non_finite_values_in_sar_pre;non_finite_values_in_sar_post
TN_SOUTHERN_FLOOD_2023_150703,TN_SOUTHERN_FLOOD_2023,SAR_ONLY,PASS,none
TN_SOUTHERN_FLOOD_2023_160405,TN_SOUTHERN_FLOOD_2023,SAR_ONLY,PASS,none
TN_SOUTHERN_FLOOD_2023_006654,TN_SOUTHERN_FLOOD_2023,SAR_ONLY,FAIL,non_finite_values_in_sar_pre;non_finite_values_in_sar_post
TN_SOUTHERN_FLOOD_2023_006650,TN_SOUTHERN_FLOOD_2023,SAR_ONLY,FAIL,non_finite_values_in_sar_pre;non_finite_values_in_sar_post
TN_SOUTHERN_FLOOD_2023_023909,TN_SOUTHERN_FLOOD_2023,SAR_ONLY,FAIL,non_finite_values_in_sar_pre;non_finite_values_in_sar_post
TN_SOUTHERN_FLOOD_2023_049920,TN_SOUTHERN_FLOOD_2023,SAR_ONLY,FAIL,non_finite_values_in_sar_pre;non_finite_values_in_sar_post
TN_SOUTHERN_FLOOD_2023_088258,TN_SOUTHERN_FLOOD_2023,SAR_ONLY,FAIL,non_finite_values_in_sar_pre;non_finite_values_in_sar_post
TN_SOUTHERN_FLOOD_2023_088263,TN_SOUTHERN_FLOOD_2023,SAR_ONLY,FAIL,non_finite_values_in_sar_pre;non_finite_values_in_sar_post
TN_SOUTHERN_FLOOD_2023_121470,TN_SOUTHERN_FLOOD_2023,SAR_ONLY,FAIL,non_finite_values_in_sar_pre;non_finite_values_in_sar_post
TN_SOUTHERN_FLOOD_2023_142587,TN_SOUTHERN_FLOOD_2023,SAR_ONLY,PASS,none
TN_SOUTHERN_FLOOD_2023_152759,TN_SOUTHERN_FLOOD_2023,SAR_ONLY,PASS,none
TN_SOUTHERN_FLOOD_2023_162717,TN_SOUTHERN_FLOOD_2023,SAR_ONLY,PASS,none
TN_SOUTHERN_FLOOD_2023_008911,TN_SOUTHERN_FLOOD_2023,SAR_ONLY,FAIL,non_finite_values_in_sar_pre;non_finite_values_in_sar_post
TN_SOUTHERN_FLOOD_2023_008919,TN_SOUTHERN_FLOOD_2023,SAR_ONLY,FAIL,non_finite_values_in_sar_pre;non_finite_values_in_sar_post
TN_SOUTHERN_FLOOD_2023_027428,TN_SOUTHERN_FLOOD_2023,SAR_ONLY,FAIL,non_finite_values_in_sar_pre;non_finite_values_in_sar_post
TN_SOUTHERN_FLOOD_2023_054879,TN_SOUTHERN_FLOOD_2023,SAR_ONLY,FAIL,non_finite_values_in_sar_pre;non_finite_values_in_sar_post
TN_SOUTHERN_FLOOD_2023_093201,TN_SOUTHERN_FLOOD_2023,SAR_ONLY,FAIL,non_finite_values_in_sar_pre;non_finite_values_in_sar_post
TN_SOUTHERN_FLOOD_2023_093324,TN_SOUTHERN_FLOOD_2023,SAR_ONLY,FAIL,non_finite_values_in_sar_pre;non_finite_values_in_sar_post
TN_SOUTHERN_FLOOD_2023_126255,TN_SOUTHERN_FLOOD_2023,SAR_ONLY,FAIL,non_finite_values_in_sar_pre;non_finite_values_in_sar_post
TN_SOUTHERN_FLOOD_2023_143641,TN_SOUTHERN_FLOOD_2023,SAR_ONLY,PASS,none
TN_SOUTHERN_FLOOD_2023_156890,TN_SOUTHERN_FLOOD_2023,SAR_ONLY,PASS,none
TN_SOUTHERN_FLOOD_2023_167094,TN_SOUTHERN_FLOOD_2023,SAR_ONLY,PASS,none
TN_SOUTHERN_FLOOD_2023_011039,TN_SOUTHERN_FLOOD_2023,SAR_ONLY,FAIL,non_finite_values_in_sar_pre;non_finite_values_in_sar_post
TN_SOUTHERN_FLOOD_2023_011053,TN_SOUTHERN_FLOOD_2023,SAR_ONLY,FAIL,non_finite_values_in_sar_pre;non_finite_values_in_sar_post
TN_SOUTHERN_FLOOD_2023_032377,TN_SOUTHERN_FLOOD_2023,SAR_ONLY,FAIL,non_finite_values_in_sar_pre;non_finite_values_in_sar_post
TN_SOUTHERN_FLOOD_2023_059822,TN_SOUTHERN_FLOOD_2023,SAR_ONLY,FAIL,non_finite_values_in_sar_pre;non_finite_values_in_sar_post
TN_SOUTHERN_FLOOD_2023_098167,TN_SOUTHERN_FLOOD_2023,SAR_ONLY,FAIL,non_finite_values_in_sar_pre;non_finite_values_in_sar_post
TN_SOUTHERN_FLOOD_2023_098186,TN_SOUTHERN_FLOOD_2023,SAR_ONLY,FAIL,non_finite_values_in_sar_pre;non_finite_values_in_sar_post
TN_SOUTHERN_FLOOD_2023_130292,TN_SOUTHERN_FLOOD_2023,SAR_ONLY,FAIL,non_finite_values_in_sar_pre;non_finite_values_in_sar_post
TN_SOUTHERN_FLOOD_2023_145867,TN_SOUTHERN_FLOOD_2023,SAR_ONLY,PASS,none
TN_SOUTHERN_FLOOD_2023_157868,TN_SOUTHERN_FLOOD_2023,SAR_ONLY,PASS,none
TN_SOUTHERN_FLOOD_2023_168795,TN_SOUTHERN_FLOOD_2023,SAR_ONLY,PASS,none
TN_SOUTHERN_FLOOD_2023_000004,TN_SOUTHERN_FLOOD_2023,SAR_ONLY,FAIL,non_finite_values_in_sar_pre;non_finite_values_in_sar_post
TN_SOUTHERN_FLOOD_2023_000009,TN_SOUTHERN_FLOOD_2023,SAR_ONLY,FAIL,non_finite_values_in_sar_pre;non_finite_values_in_sar_post
TN_SOUTHERN_FLOOD_2023_011252,TN_SOUTHERN_FLOOD_2023,SAR_ONLY,FAIL,non_finite_values_in_sar_pre;non_finite_values_in_sar_post
TN_SOUTHERN_FLOOD_2023_034262,TN_SOUTHERN_FLOOD_2023,SAR_ONLY,FAIL,non_finite_values_in_sar_pre;non_finite_values_in_sar_post
TN_SOUTHERN_FLOOD_2023_064770,TN_SOUTHERN_FLOOD_2023,SAR_ONLY,FAIL,non_finite_values_in_sar_pre;non_finite_values_in_sar_post
TN_SOUTHERN_FLOOD_2023_103088,TN_SOUTHERN_FLOOD_2023,SAR_ONLY,FAIL,non_finite_values_in_sar_pre;non_finite_values_in_sar_post
TN_SOUTHERN_FLOOD_2023_103464,TN_SOUTHERN_FLOOD_2023,SAR_ONLY,FAIL,non_finite_values_in_sar_pre;non_finite_values_in_sar_post
TN_SOUTHERN_FLOOD_2023_132549,TN_SOUTHERN_FLOOD_2023,SAR_ONLY,FAIL,non_finite_values_in_sar_pre;non_finite_values_in_sar_post
TN_SOUTHERN_FLOOD_2023_146953,TN_SOUTHERN_FLOOD_2023,SAR_ONLY,PASS,none
TN_SOUTHERN_FLOOD_2023_158839,TN_SOUTHERN_FLOOD_2023,SAR_ONLY,PASS,none
TN_SOUTHERN_FLOOD_2023_000019,TN_SOUTHERN_FLOOD_2023,SAR_ONLY,FAIL,non_finite_values_in_sar_pre;non_finite_values_in_sar_post
TN_SOUTHERN_FLOOD_2023_000023,TN_SOUTHERN_FLOOD_2023,SAR_ONLY,FAIL,non_finite_values_in_sar_pre;non_finite_values_in_sar_post
TN_SOUTHERN_FLOOD_2023_011770,TN_SOUTHERN_FLOOD_2023,SAR_ONLY,FAIL,non_finite_values_in_sar_pre;non_finite_values_in_sar_post
TN_SOUTHERN_FLOOD_2023_034261,TN_SOUTHERN_FLOOD_2023,SAR_ONLY,FAIL,non_finite_values_in_sar_pre;non_finite_values_in_sar_post
TN_SOUTHERN_FLOOD_2023_064773,TN_SOUTHERN_FLOOD_2023,SAR_ONLY,FAIL,non_finite_values_in_sar_pre;non_finite_values_in_sar_post
TN_SOUTHERN_FLOOD_2023_103115,TN_SOUTHERN_FLOOD_2023,SAR_ONLY,FAIL,non_finite_values_in_sar_pre;non_finite_values_in_sar_post
TN_SOUTHERN_FLOOD_2023_103549,TN_SOUTHERN_FLOOD_2023,SAR_ONLY,FAIL,non_finite_values_in_sar_pre;non_finite_values_in_sar_post
TN_SOUTHERN_FLOOD_2023_132552,TN_SOUTHERN_FLOOD_2023,SAR_ONLY,FAIL,non_finite_values_in_sar_pre;non_finite_values_in_sar_post
TN_SOUTHERN_FLOOD_2023_147648,TN_SOUTHERN_FLOOD_2023,SAR_ONLY,PASS,none
TN_SOUTHERN_FLOOD_2023_158944,TN_SOUTHERN_FLOOD_2023,SAR_ONLY,PASS,none
TN_SOUTHERN_FLOOD_2023_002255,TN_SOUTHERN_FLOOD_2023,SAR_ONLY,FAIL,non_finite_values_in_sar_pre;non_finite_values_in_sar_post
TN_SOUTHERN_FLOOD_2023_002350,TN_SOUTHERN_FLOOD_2023,SAR_ONLY,FAIL,non_finite_values_in_sar_pre;non_finite_values_in_sar_post
TN_SOUTHERN_FLOOD_2023_013125,TN_SOUTHERN_FLOOD_2023,SAR_ONLY,FAIL,non_finite_values_in_sar_pre;non_finite_values_in_sar_post
TN_SOUTHERN_FLOOD_2023_038823,TN_SOUTHERN_FLOOD_2023,SAR_ONLY,FAIL,non_finite_values_in_sar_pre;non_finite_values_in_sar_post
TN_SOUTHERN_FLOOD_2023_068425,TN_SOUTHERN_FLOOD_2023,SAR_ONLY,FAIL,non_finite_values_in_sar_pre;non_finite_values_in_sar_post
TN_SOUTHERN_FLOOD_2023_105179,TN_SOUTHERN_FLOOD_2023,SAR_ONLY,FAIL,non_finite_values_in_sar_pre;non_finite_values_in_sar_post
TN_SOUTHERN_FLOOD_2023_105205,TN_SOUTHERN_FLOOD_2023,SAR_ONLY,FAIL,non_finite_values_in_sar_pre;non_finite_values_in_sar_post
TN_SOUTHERN_FLOOD_2023_133565,TN_SOUTHERN_FLOOD_2023,SAR_ONLY,FAIL,non_finite_values_in_sar_pre;non_finite_values_in_sar_post
TN_SOUTHERN_FLOOD_2023_147684,TN_SOUTHERN_FLOOD_2023,SAR_ONLY,PASS,none
TN_SOUTHERN_FLOOD_2023_159778,TN_SOUTHERN_FLOOD_2023,SAR_ONLY,PASS,none
TN_SOUTHERN_FLOOD_2023_002887,TN_SOUTHERN_FLOOD_2023,SAR_ONLY,FAIL,non_finite_values_in_sar_pre;non_finite_values_in_sar_post
TN_SOUTHERN_FLOOD_2023_002876,TN_SOUTHERN_FLOOD_2023,SAR_ONLY,FAIL,non_finite_values_in_sar_pre;non_finite_values_in_sar_post
TN_SOUTHERN_FLOOD_2023_014076,TN_SOUTHERN_FLOOD_2023,SAR_ONLY,FAIL,non_finite_values_in_sar_pre;non_finite_values_in_sar_post
TN_SOUTHERN_FLOOD_2023_042164,TN_SOUTHERN_FLOOD_2023,SAR_ONLY,FAIL,non_finite_values_in_sar_pre;non_finite_values_in_sar_post
TN_SOUTHERN_FLOOD_2023_073397,TN_SOUTHERN_FLOOD_2023,SAR_ONLY,FAIL,non_finite_values_in_sar_pre;non_finite_values_in_sar_post
TN_SOUTHERN_FLOOD_2023_106866,TN_SOUTHERN_FLOOD_2023,SAR_ONLY,FAIL,non_finite_values_in_sar_pre;non_finite_values_in_sar_post
TN_SOUTHERN_FLOOD_2023_106916,TN_SOUTHERN_FLOOD_2023,SAR_ONLY,FAIL,non_finite_values_in_sar_pre;non_finite_values_in_sar_post
TN_SOUTHERN_FLOOD_2023_133869,TN_SOUTHERN_FLOOD_2023,SAR_ONLY,FAIL,non_finite_values_in_sar_pre;non_finite_values_in_sar_post
TN_SOUTHERN_FLOOD_2023_148468,TN_SOUTHERN_FLOOD_2023,SAR_ONLY,PASS,none
TN_SOUTHERN_FLOOD_2023_160164,TN_SOUTHERN_FLOOD_2023,SAR_ONLY,PASS,none
TN_SOUTHERN_FLOOD_2023_004164,TN_SOUTHERN_FLOOD_2023,SAR_ONLY,FAIL,non_finite_values_in_sar_pre;non_finite_values_in_sar_post
TN_SOUTHERN_FLOOD_2023_004158,TN_SOUTHERN_FLOOD_2023,SAR_ONLY,FAIL,non_finite_values_in_sar_pre;non_finite_values_in_sar_post
TN_SOUTHERN_FLOOD_2023_015577,TN_SOUTHERN_FLOOD_2023,SAR_ONLY,FAIL,non_finite_values_in_sar_pre;non_finite_values_in_sar_post
TN_SOUTHERN_FLOOD_2023_043519,TN_SOUTHERN_FLOOD_2023,SAR_ONLY,FAIL,non_finite_values_in_sar_pre;non_finite_values_in_sar_post
TN_SOUTHERN_FLOOD_2023_078362,TN_SOUTHERN_FLOOD_2023,SAR_ONLY,FAIL,non_finite_values_in_sar_pre;non_finite_values_in_sar_post
TN_SOUTHERN_FLOOD_2023_111755,TN_SOUTHERN_FLOOD_2023,SAR_ONLY,FAIL,non_finite_values_in_sar_pre;non_finite_values_in_sar_post
TN_SOUTHERN_FLOOD_2023_111769,TN_SOUTHERN_FLOOD_2023,SAR_ONLY,FAIL,non_finite_values_in_sar_pre;non_finite_values_in_sar_post
TN_SOUTHERN_FLOOD_2023_134373,TN_SOUTHERN_FLOOD_2023,SAR_ONLY,FAIL,non_finite_values_in_sar_pre;non_finite_values_in_sar_post
TN_SOUTHERN_FLOOD_2023_150021,TN_SOUTHERN_FLOOD_2023,SAR_ONLY,PASS,none
TN_SOUTHERN_FLOOD_2023_160297,TN_SOUTHERN_FLOOD_2023,SAR_ONLY,PASS,none
TN_SOUTHERN_FLOOD_2023_005182,TN_SOUTHERN_FLOOD_2023,SAR_ONLY,FAIL,non_finite_values_in_sar_pre;non_finite_values_in_sar_post
TN_SOUTHERN_FLOOD_2023_005180,TN_SOUTHERN_FLOOD_2023,SAR_ONLY,FAIL,non_finite_values_in_sar_pre;non_finite_values_in_sar_post
TN_SOUTHERN_FLOOD_2023_016198,TN_SOUTHERN_FLOOD_2023,SAR_ONLY,FAIL,non_finite_values_in_sar_pre;non_finite_values_in_sar_post
TN_SOUTHERN_FLOOD_2023_044973,TN_SOUTHERN_FLOOD_2023,SAR_ONLY,FAIL,non_finite_values_in_sar_pre;non_finite_values_in_sar_post
TN_SOUTHERN_FLOOD_2023_083288,TN_SOUTHERN_FLOOD_2023,SAR_ONLY,FAIL,non_finite_values_in_sar_pre;non_finite_values_in_sar_post
TN_SOUTHERN_FLOOD_2023_084604,TN_SOUTHERN_FLOOD_2023,SAR_ONLY,FAIL,non_finite_values_in_sar_pre;non_finite_values_in_sar_post
TN_SOUTHERN_FLOOD_2023_116429,TN_SOUTHERN_FLOOD_2023,SAR_ONLY,FAIL,non_finite_values_in_sar_pre;non_finite_values_in_sar_post
TN_SOUTHERN_FLOOD_2023_139059,TN_SOUTHERN_FLOOD_2023,SAR_ONLY,PASS,none
TN_SOUTHERN_FLOOD_2023_150702,TN_SOUTHERN_FLOOD_2023,SAR_ONLY,PASS,none
TN_SOUTHERN_FLOOD_2023_160410,TN_SOUTHERN_FLOOD_2023,SAR_ONLY,PASS,none
TN_SOUTHERN_FLOOD_2023_005178,TN_SOUTHERN_FLOOD_2023,SAR_ONLY,FAIL,non_finite_values_in_sar_pre;non_finite_values_in_sar_post
TN_SOUTHERN_FLOOD_2023_005188,TN_SOUTHERN_FLOOD_2023,SAR_ONLY,FAIL,non_finite_values_in_sar_pre;non_finite_values_in_sar_post
TN_SOUTHERN_FLOOD_2023_019696,TN_SOUTHERN_FLOOD_2023,SAR_ONLY,FAIL,non_finite_values_in_sar_pre;non_finite_values_in_sar_post
TN_SOUTHERN_FLOOD_2023_044988,TN_SOUTHERN_FLOOD_2023,SAR_ONLY,FAIL,non_finite_values_in_sar_pre;non_finite_values_in_sar_post
TN_SOUTHERN_FLOOD_2023_083337,TN_SOUTHERN_FLOOD_2023,SAR_ONLY,FAIL,non_finite_values_in_sar_pre;non_finite_values_in_sar_post
TN_SOUTHERN_FLOOD_2023_083829,TN_SOUTHERN_FLOOD_2023,SAR_ONLY,FAIL,non_finite_values_in_sar_pre;non_finite_values_in_sar_post
TN_SOUTHERN_FLOOD_2023_116447,TN_SOUTHERN_FLOOD_2023,SAR_ONLY,FAIL,non_finite_values_in_sar_pre;non_finite_values_in_sar_post
TN_SOUTHERN_FLOOD_2023_139054,TN_SOUTHERN_FLOOD_2023,SAR_ONLY,PASS,none
TN_SOUTHERN_FLOOD_2023_150711,TN_SOUTHERN_FLOOD_2023,SAR_ONLY,PASS,none
TN_SOUTHERN_FLOOD_2023_160408,TN_SOUTHERN_FLOOD_2023,SAR_ONLY,PASS,none
TN_SOUTHERN_FLOOD_2023_006662,TN_SOUTHERN_FLOOD_2023,SAR_ONLY,FAIL,non_finite_values_in_sar_pre;non_finite_values_in_sar_post
TN_SOUTHERN_FLOOD_2023_006652,TN_SOUTHERN_FLOOD_2023,SAR_ONLY,FAIL,non_finite_values_in_sar_pre;non_finite_values_in_sar_post
TN_SOUTHERN_FLOOD_2023_023910,TN_SOUTHERN_FLOOD_2023,SAR_ONLY,FAIL,non_finite_values_in_sar_pre;non_finite_values_in_sar_post
TN_SOUTHERN_FLOOD_2023_049921,TN_SOUTHERN_FLOOD_2023,SAR_ONLY,FAIL,non_finite_values_in_sar_pre;non_finite_values_in_sar_post
TN_SOUTHERN_FLOOD_2023_088259,TN_SOUTHERN_FLOOD_2023,SAR_ONLY,FAIL,non_finite_values_in_sar_pre;non_finite_values_in_sar_post
TN_SOUTHERN_FLOOD_2023_088329,TN_SOUTHERN_FLOOD_2023,SAR_ONLY,FAIL,non_finite_values_in_sar_pre;non_finite_values_in_sar_post
TN_SOUTHERN_FLOOD_2023_121502,TN_SOUTHERN_FLOOD_2023,SAR_ONLY,FAIL,non_finite_values_in_sar_pre;non_finite_values_in_sar_post
TN_SOUTHERN_FLOOD_2023_142594,TN_SOUTHERN_FLOOD_2023,SAR_ONLY,PASS,none
TN_SOUTHERN_FLOOD_2023_152760,TN_SOUTHERN_FLOOD_2023,SAR_ONLY,PASS,none
TN_SOUTHERN_FLOOD_2023_162732,TN_SOUTHERN_FLOOD_2023,SAR_ONLY,PASS,none
TN_SOUTHERN_FLOOD_2023_008935,TN_SOUTHERN_FLOOD_2023,SAR_ONLY,FAIL,non_finite_values_in_sar_pre;non_finite_values_in_sar_post
TN_SOUTHERN_FLOOD_2023_008980,TN_SOUTHERN_FLOOD_2023,SAR_ONLY,FAIL,non_finite_values_in_sar_pre;non_finite_values_in_sar_post
TN_SOUTHERN_FLOOD_2023_027437,TN_SOUTHERN_FLOOD_2023,SAR_ONLY,FAIL,non_finite_values_in_sar_pre;non_finite_values_in_sar_post
TN_SOUTHERN_FLOOD_2023_054888,TN_SOUTHERN_FLOOD_2023,SAR_ONLY,FAIL,non_finite_values_in_sar_pre;non_finite_values_in_sar_post
TN_SOUTHERN_FLOOD_2023_093202,TN_SOUTHERN_FLOOD_2023,SAR_ONLY,FAIL,non_finite_values_in_sar_pre;non_finite_values_in_sar_post
TN_SOUTHERN_FLOOD_2023_093395,TN_SOUTHERN_FLOOD_2023,SAR_ONLY,FAIL,non_finite_values_in_sar_pre;non_finite_values_in_sar_post
TN_SOUTHERN_FLOOD_2023_126882,TN_SOUTHERN_FLOOD_2023,SAR_ONLY,FAIL,non_finite_values_in_sar_pre;non_finite_values_in_sar_post
TN_SOUTHERN_FLOOD_2023_143642,TN_SOUTHERN_FLOOD_2023,SAR_ONLY,PASS,none
TN_SOUTHERN_FLOOD_2023_156891,TN_SOUTHERN_FLOOD_2023,SAR_ONLY,PASS,none
TN_SOUTHERN_FLOOD_2023_167097,TN_SOUTHERN_FLOOD_2023,SAR_ONLY,PASS,none
TN_SOUTHERN_FLOOD_2023_011042,TN_SOUTHERN_FLOOD_2023,SAR_ONLY,FAIL,non_finite_values_in_sar_pre;non_finite_values_in_sar_post
TN_SOUTHERN_FLOOD_2023_011116,TN_SOUTHERN_FLOOD_2023,SAR_ONLY,FAIL,non_finite_values_in_sar_pre;non_finite_values_in_sar_post
TN_SOUTHERN_FLOOD_2023_032378,TN_SOUTHERN_FLOOD_2023,SAR_ONLY,FAIL,non_finite_values_in_sar_pre;non_finite_values_in_sar_post
TN_SOUTHERN_FLOOD_2023_059825,TN_SOUTHERN_FLOOD_2023,SAR_ONLY,FAIL,non_finite_values_in_sar_pre;non_finite_values_in_sar_post
TN_SOUTHERN_FLOOD_2023_098168,TN_SOUTHERN_FLOOD_2023,SAR_ONLY,FAIL,non_finite_values_in_sar_pre;non_finite_values_in_sar_post
TN_SOUTHERN_FLOOD_2023_098188,TN_SOUTHERN_FLOOD_2023,SAR_ONLY,FAIL,non_finite_values_in_sar_pre;non_finite_values_in_sar_post
TN_SOUTHERN_FLOOD_2023_130297,TN_SOUTHERN_FLOOD_2023,SAR_ONLY,FAIL,non_finite_values_in_sar_pre;non_finite_values_in_sar_post
TN_SOUTHERN_FLOOD_2023_145870,TN_SOUTHERN_FLOOD_2023,SAR_ONLY,PASS,none
TN_SOUTHERN_FLOOD_2023_157870,TN_SOUTHERN_FLOOD_2023,SAR_ONLY,PASS,none
TN_SOUTHERN_FLOOD_2023_168797,TN_SOUTHERN_FLOOD_2023,SAR_ONLY,PASS,none
TN_OCKHI_2017_000018,TN_OCKHI_2017,SAR_ONLY,PASS,none
TN_OCKHI_2017_008624,TN_OCKHI_2017,SAR_ONLY,PASS,none
TN_OCKHI_2017_008619,TN_OCKHI_2017,SAR_ONLY,PASS,none
TN_OCKHI_2017_027368,TN_OCKHI_2017,SAR_ONLY,PASS,none
TN_OCKHI_2017_027654,TN_OCKHI_2017,SAR_ONLY,PASS,none
TN_OCKHI_2017_040422,TN_OCKHI_2017,SAR_ONLY,PASS,none
TN_OCKHI_2017_040419,TN_OCKHI_2017,SAR_ONLY,PASS,none
TN_OCKHI_2017_051146,TN_OCKHI_2017,SAR_ONLY,PASS,none
TN_OCKHI_2017_051153,TN_OCKHI_2017,SAR_ONLY,PASS,none
TN_OCKHI_2017_000001,TN_OCKHI_2017,SAR_ONLY,PASS,none
TN_OCKHI_2017_008649,TN_OCKHI_2017,SAR_ONLY,PASS,none
TN_OCKHI_2017_011616,TN_OCKHI_2017,SAR_ONLY,PASS,none
TN_OCKHI_2017_027461,TN_OCKHI_2017,SAR_ONLY,PASS,none
TN_OCKHI_2017_027860,TN_OCKHI_2017,SAR_ONLY,PASS,none
TN_OCKHI_2017_040420,TN_OCKHI_2017,SAR_ONLY,PASS,none
TN_OCKHI_2017_040434,TN_OCKHI_2017,SAR_ONLY,PASS,none
TN_OCKHI_2017_051145,TN_OCKHI_2017,SAR_ONLY,PASS,none
TN_OCKHI_2017_051164,TN_OCKHI_2017,SAR_ONLY,PASS,none
TN_OCKHI_2017_001177,TN_OCKHI_2017,SAR_ONLY,PASS,none
TN_OCKHI_2017_000377,TN_OCKHI_2017,SAR_ONLY,PASS,none
TN_OCKHI_2017_011617,TN_OCKHI_2017,SAR_ONLY,PASS,none
TN_OCKHI_2017_011615,TN_OCKHI_2017,SAR_ONLY,PASS,none
TN_OCKHI_2017_027796,TN_OCKHI_2017,SAR_ONLY,PASS,none
TN_OCKHI_2017_027802,TN_OCKHI_2017,SAR_ONLY,PASS,none
TN_OCKHI_2017_041023,TN_OCKHI_2017,SAR_ONLY,PASS,none
TN_OCKHI_2017_041022,TN_OCKHI_2017,SAR_ONLY,PASS,none
TN_OCKHI_2017_055669,TN_OCKHI_2017,SAR_ONLY,PASS,none
TN_OCKHI_2017_055673,TN_OCKHI_2017,SAR_ONLY,PASS,none
TN_OCKHI_2017_000988,TN_OCKHI_2017,SAR_ONLY,PASS,none
TN_OCKHI_2017_000993,TN_OCKHI_2017,SAR_ONLY,PASS,none
TN_OCKHI_2017_014348,TN_OCKHI_2017,SAR_ONLY,PASS,none
TN_OCKHI_2017_014367,TN_OCKHI_2017,SAR_ONLY,PASS,none
TN_OCKHI_2017_030721,TN_OCKHI_2017,SAR_ONLY,PASS,none
TN_OCKHI_2017_030725,TN_OCKHI_2017,SAR_ONLY,PASS,none
TN_OCKHI_2017_044071,TN_OCKHI_2017,SAR_ONLY,PASS,none
TN_OCKHI_2017_044058,TN_OCKHI_2017,SAR_ONLY,PASS,none
TN_OCKHI_2017_057078,TN_OCKHI_2017,SAR_ONLY,PASS,none
TN_OCKHI_2017_057094,TN_OCKHI_2017,SAR_ONLY,PASS,none
TN_OCKHI_2017_001318,TN_OCKHI_2017,SAR_ONLY,PASS,none
TN_OCKHI_2017_001319,TN_OCKHI_2017,SAR_ONLY,PASS,none
TN_OCKHI_2017_017741,TN_OCKHI_2017,SAR_ONLY,PASS,none
TN_OCKHI_2017_017754,TN_OCKHI_2017,SAR_ONLY,PASS,none
TN_OCKHI_2017_033150,TN_OCKHI_2017,SAR_ONLY,PASS,none
TN_OCKHI_2017_033155,TN_OCKHI_2017,SAR_ONLY,PASS,none
TN_OCKHI_2017_045105,TN_OCKHI_2017,SAR_ONLY,PASS,none
TN_OCKHI_2017_045103,TN_OCKHI_2017,SAR_ONLY,PASS,none
TN_OCKHI_2017_060057,TN_OCKHI_2017,SAR_ONLY,PASS,none
TN_OCKHI_2017_060060,TN_OCKHI_2017,SAR_ONLY,PASS,none
TN_OCKHI_2017_001365,TN_OCKHI_2017,SAR_ONLY,PASS,none
TN_OCKHI_2017_001470,TN_OCKHI_2017,SAR_ONLY,PASS,none
TN_OCKHI_2017_017790,TN_OCKHI_2017,SAR_ONLY,PASS,none
TN_OCKHI_2017_017978,TN_OCKHI_2017,SAR_ONLY,PASS,none
TN_OCKHI_2017_036896,TN_OCKHI_2017,SAR_ONLY,PASS,none
TN_OCKHI_2017_033160,TN_OCKHI_2017,SAR_ONLY,PASS,none
TN_OCKHI_2017_046091,TN_OCKHI_2017,SAR_ONLY,PASS,none
TN_OCKHI_2017_045125,TN_OCKHI_2017,SAR_ONLY,PASS,none
TN_OCKHI_2017_060308,TN_OCKHI_2017,SAR_ONLY,PASS,none
TN_OCKHI_2017_061428,TN_OCKHI_2017,SAR_ONLY,PASS,none
TN_OCKHI_2017_005768,TN_OCKHI_2017,SAR_ONLY,PASS,none
TN_OCKHI_2017_003750,TN_OCKHI_2017,SAR_ONLY,PASS,none
TN_OCKHI_2017_020878,TN_OCKHI_2017,SAR_ONLY,PASS,none
TN_OCKHI_2017_021282,TN_OCKHI_2017,SAR_ONLY,PASS,none
TN_OCKHI_2017_036894,TN_OCKHI_2017,SAR_ONLY,PASS,none
TN_OCKHI_2017_036899,TN_OCKHI_2017,SAR_ONLY,PASS,none
TN_OCKHI_2017_046454,TN_OCKHI_2017,SAR_ONLY,PASS,none
TN_OCKHI_2017_046474,TN_OCKHI_2017,SAR_ONLY,PASS,none
TN_OCKHI_2017_061433,TN_OCKHI_2017,SAR_ONLY,PASS,none
TN_OCKHI_2017_061435,TN_OCKHI_2017,SAR_ONLY,PASS,none
TN_OCKHI_2017_008614,TN_OCKHI_2017,SAR_ONLY,PASS,none
TN_OCKHI_2017_040413,TN_OCKHI_2017,SAR_ONLY,PASS,none
TN_OCKHI_2017_040414,TN_OCKHI_2017,SAR_ONLY,PASS,none
TN_OCKHI_2017_047819,TN_OCKHI_2017,SAR_ONLY,PASS,none
TN_OCKHI_2017_047837,TN_OCKHI_2017,SAR_ONLY,PASS,none
TN_OCKHI_2017_065730,TN_OCKHI_2017,SAR_ONLY,PASS,none
TN_OCKHI_2017_065731,TN_OCKHI_2017,SAR_ONLY,PASS,none
TN_OCKHI_2017_008617,TN_OCKHI_2017,SAR_ONLY,PASS,none
TN_OCKHI_2017_008616,TN_OCKHI_2017,SAR_ONLY,PASS,none
TN_OCKHI_2017_027367,TN_OCKHI_2017,SAR_ONLY,PASS,none
TN_OCKHI_2017_040415,TN_OCKHI_2017,SAR_ONLY,PASS,none
TN_OCKHI_2017_049769,TN_OCKHI_2017,SAR_ONLY,PASS,none
TN_OCKHI_2017_069306,TN_OCKHI_2017,SAR_ONLY,PASS,none
TN_OCKHI_2017_069313,TN_OCKHI_2017,SAR_ONLY,PASS,none
TN_OCKHI_2017_040417,TN_OCKHI_2017,SAR_ONLY,PASS,none
TN_OCKHI_2017_051076,TN_OCKHI_2017,SAR_ONLY,PASS,none
TN_OCKHI_2017_050845,TN_OCKHI_2017,SAR_ONLY,PASS,none
TN_OCKHI_2017_071869,TN_OCKHI_2017,SAR_ONLY,PASS,none
TN_OCKHI_2017_071860,TN_OCKHI_2017,SAR_ONLY,PASS,none
TN_OCKHI_2017_000057,TN_OCKHI_2017,SAR_ONLY,PASS,none
TN_OCKHI_2017_008625,TN_OCKHI_2017,SAR_ONLY,PASS,none
TN_OCKHI_2017_008620,TN_OCKHI_2017,SAR_ONLY,PASS,none
TN_OCKHI_2017_027369,TN_OCKHI_2017,SAR_ONLY,PASS,none
TN_OCKHI_2017_027755,TN_OCKHI_2017,SAR_ONLY,PASS,none
TN_OCKHI_2017_040423,TN_OCKHI_2017,SAR_ONLY,PASS,none
TN_OCKHI_2017_040426,TN_OCKHI_2017,SAR_ONLY,PASS,none
TN_OCKHI_2017_051148,TN_OCKHI_2017,SAR_ONLY,PASS,none
TN_OCKHI_2017_051168,TN_OCKHI_2017,SAR_ONLY,PASS,none
TN_OCKHI_2017_000002,TN_OCKHI_2017,SAR_ONLY,PASS,none
TN_OCKHI_2017_008655,TN_OCKHI_2017,SAR_ONLY,PASS,none
TN_OCKHI_2017_011620,TN_OCKHI_2017,SAR_ONLY,PASS,none
TN_OCKHI_2017_027473,TN_OCKHI_2017,SAR_ONLY,PASS,none
TN_OCKHI_2017_027873,TN_OCKHI_2017,SAR_ONLY,PASS,none
TN_OCKHI_2017_040429,TN_OCKHI_2017,SAR_ONLY,PASS,none
TN_OCKHI_2017_040490,TN_OCKHI_2017,SAR_ONLY,PASS,none
TN_OCKHI_2017_051147,TN_OCKHI_2017,SAR_ONLY,PASS,none
TN_OCKHI_2017_051229,TN_OCKHI_2017,SAR_ONLY,PASS,none
TN_OCKHI_2017_000456,TN_OCKHI_2017,SAR_ONLY,PASS,none
TN_OCKHI_2017_011624,TN_OCKHI_2017,SAR_ONLY,PASS,none
TN_OCKHI_2017_011628,TN_OCKHI_2017,SAR_ONLY,PASS,none
TN_OCKHI_2017_027798,TN_OCKHI_2017,SAR_ONLY,PASS,none
TN_OCKHI_2017_027814,TN_OCKHI_2017,SAR_ONLY,PASS,none
TN_OCKHI_2017_041029,TN_OCKHI_2017,SAR_ONLY,PASS,none
TN_OCKHI_2017_041030,TN_OCKHI_2017,SAR_ONLY,PASS,none
TN_OCKHI_2017_055670,TN_OCKHI_2017,SAR_ONLY,PASS,none
TN_OCKHI_2017_055680,TN_OCKHI_2017,SAR_ONLY,PASS,none
TN_OCKHI_2017_000989,TN_OCKHI_2017,SAR_ONLY,PASS,none
TN_OCKHI_2017_000994,TN_OCKHI_2017,SAR_ONLY,PASS,none
TN_OCKHI_2017_014350,TN_OCKHI_2017,SAR_ONLY,PASS,none
TN_OCKHI_2017_014375,TN_OCKHI_2017,SAR_ONLY,PASS,none
TN_OCKHI_2017_030726,TN_OCKHI_2017,SAR_ONLY,PASS,none
TN_OCKHI_2017_030729,TN_OCKHI_2017,SAR_ONLY,PASS,none
TN_OCKHI_2017_044077,TN_OCKHI_2017,SAR_ONLY,PASS,none
TN_OCKHI_2017_044061,TN_OCKHI_2017,SAR_ONLY,PASS,none
TN_OCKHI_2017_057086,TN_OCKHI_2017,SAR_ONLY,PASS,none
TN_OCKHI_2017_057119,TN_OCKHI_2017,SAR_ONLY,PASS,none
TN_OCKHI_2017_001322,TN_OCKHI_2017,SAR_ONLY,PASS,none
TN_OCKHI_2017_001320,TN_OCKHI_2017,SAR_ONLY,PASS,none
TN_OCKHI_2017_017743,TN_OCKHI_2017,SAR_ONLY,PASS,none
TN_OCKHI_2017_017758,TN_OCKHI_2017,SAR_ONLY,PASS,none
TN_OCKHI_2017_033151,TN_OCKHI_2017,SAR_ONLY,PASS,none
TN_OCKHI_2017_033163,TN_OCKHI_2017,SAR_ONLY,PASS,none
TN_OCKHI_2017_045106,TN_OCKHI_2017,SAR_ONLY,PASS,none
TN_OCKHI_2017_045104,TN_OCKHI_2017,SAR_ONLY,PASS,none
TN_OCKHI_2017_060058,TN_OCKHI_2017,SAR_ONLY,PASS,none
TN_OCKHI_2017_060062,TN_OCKHI_2017,SAR_ONLY,PASS,none
TN_OCKHI_2017_001366,TN_OCKHI_2017,SAR_ONLY,PASS,none
TN_OCKHI_2017_001471,TN_OCKHI_2017,SAR_ONLY,PASS,none
TN_OCKHI_2017_017857,TN_OCKHI_2017,SAR_ONLY,PASS,none
TN_OCKHI_2017_018226,TN_OCKHI_2017,SAR_ONLY,PASS,none
TN_OCKHI_2017_036897,TN_OCKHI_2017,SAR_ONLY,PASS,none
TN_OCKHI_2017_033168,TN_OCKHI_2017,SAR_ONLY,PASS,none
TN_OCKHI_2017_046140,TN_OCKHI_2017,SAR_ONLY,PASS,none
TN_OCKHI_2017_045280,TN_OCKHI_2017,SAR_ONLY,PASS,none
TN_OCKHI_2017_060355,TN_OCKHI_2017,SAR_ONLY,PASS,none
TN_OCKHI_2017_061429,TN_OCKHI_2017,SAR_ONLY,PASS,none
TN_OCKHI_2017_003777,TN_OCKHI_2017,SAR_ONLY,PASS,none
TN_OCKHI_2017_020881,TN_OCKHI_2017,SAR_ONLY,PASS,none
TN_OCKHI_2017_021283,TN_OCKHI_2017,SAR_ONLY,PASS,none
TN_OCKHI_2017_036898,TN_OCKHI_2017,SAR_ONLY,PASS,none
TN_OCKHI_2017_036934,TN_OCKHI_2017,SAR_ONLY,PASS,none
TN_OCKHI_2017_046456,TN_OCKHI_2017,SAR_ONLY,PASS,none
TN_OCKHI_2017_046491,TN_OCKHI_2017,SAR_ONLY,PASS,none
TN_OCKHI_2017_061436,TN_OCKHI_2017,SAR_ONLY,PASS,none
TN_OCKHI_2017_061446,TN_OCKHI_2017,SAR_ONLY,PASS,none
TN_OCKHI_2017_008615,TN_OCKHI_2017,SAR_ONLY,PASS,none
TN_OCKHI_2017_047825,TN_OCKHI_2017,SAR_ONLY,PASS,none
TN_OCKHI_2017_047840,TN_OCKHI_2017,SAR_ONLY,PASS,none
TN_OCKHI_2017_065736,TN_OCKHI_2017,SAR_ONLY,PASS,none
TN_OCKHI_2017_065733,TN_OCKHI_2017,SAR_ONLY,PASS,none
TN_OCKHI_2017_027366,TN_OCKHI_2017,SAR_ONLY,PASS,none
TN_OCKHI_2017_040416,TN_OCKHI_2017,SAR_ONLY,PASS,none
TN_OCKHI_2017_049771,TN_OCKHI_2017,SAR_ONLY,PASS,none
TN_OCKHI_2017_069307,TN_OCKHI_2017,SAR_ONLY,PASS,none
TN_OCKHI_2017_069361,TN_OCKHI_2017,SAR_ONLY,PASS,none
TN_OCKHI_2017_050848,TN_OCKHI_2017,SAR_ONLY,PASS,none
TN_OCKHI_2017_071879,TN_OCKHI_2017,SAR_ONLY,PASS,none
TN_OCKHI_2017_071861,TN_OCKHI_2017,SAR_ONLY,PASS,none
TN_OCKHI_2017_000059,TN_OCKHI_2017,SAR_ONLY,PASS,none
TN_OCKHI_2017_008627,TN_OCKHI_2017,SAR_ONLY,PASS,none
TN_OCKHI_2017_008626,TN_OCKHI_2017,SAR_ONLY,PASS,none
TN_OCKHI_2017_027370,TN_OCKHI_2017,SAR_ONLY,PASS,none
TN_OCKHI_2017_040421,TN_OCKHI_2017,SAR_ONLY,PASS,none
TN_OCKHI_2017_040424,TN_OCKHI_2017,SAR_ONLY,PASS,none
TN_OCKHI_2017_040428,TN_OCKHI_2017,SAR_ONLY,PASS,none
TN_OCKHI_2017_051149,TN_OCKHI_2017,SAR_ONLY,PASS,none
TN_OCKHI_2017_051169,TN_OCKHI_2017,SAR_ONLY,PASS,none
TN_OCKHI_2017_000003,TN_OCKHI_2017,SAR_ONLY,PASS,none
TN_OCKHI_2017_008673,TN_OCKHI_2017,SAR_ONLY,PASS,none
TN_OCKHI_2017_011622,TN_OCKHI_2017,SAR_ONLY,PASS,none
TN_OCKHI_2017_027517,TN_OCKHI_2017,SAR_ONLY,PASS,none
TN_OCKHI_2017_027874,TN_OCKHI_2017,SAR_ONLY,PASS,none
TN_OCKHI_2017_040436,TN_OCKHI_2017,SAR_ONLY,PASS,none
TN_OCKHI_2017_040614,TN_OCKHI_2017,SAR_ONLY,PASS,none
TN_OCKHI_2017_051154,TN_OCKHI_2017,SAR_ONLY,PASS,none
TN_OCKHI_2017_051341,TN_OCKHI_2017,SAR_ONLY,PASS,none
TN_OCKHI_2017_000470,TN_OCKHI_2017,SAR_ONLY,PASS,none
TN_OCKHI_2017_011625,TN_OCKHI_2017,SAR_ONLY,PASS,none
TN_OCKHI_2017_011635,TN_OCKHI_2017,SAR_ONLY,PASS,none
TN_OCKHI_2017_027801,TN_OCKHI_2017,SAR_ONLY,PASS,none
TN_OCKHI_2017_027818,TN_OCKHI_2017,SAR_ONLY,PASS,none
TN_OCKHI_2017_041094,TN_OCKHI_2017,SAR_ONLY,PASS,none
TN_OCKHI_2017_041032,TN_OCKHI_2017,SAR_ONLY,PASS,none
TN_OCKHI_2017_055672,TN_OCKHI_2017,SAR_ONLY,PASS,none
TN_OCKHI_2017_055681,TN_OCKHI_2017,SAR_ONLY,PASS,none
TN_OCKHI_2017_000991,TN_OCKHI_2017,SAR_ONLY,PASS,none
TN_OCKHI_2017_000995,TN_OCKHI_2017,SAR_ONLY,PASS,none
TN_OCKHI_2017_014353,TN_OCKHI_2017,SAR_ONLY,PASS,none
TN_OCKHI_2017_014382,TN_OCKHI_2017,SAR_ONLY,PASS,none
TN_OCKHI_2017_030728,TN_OCKHI_2017,SAR_ONLY,PASS,none
TN_OCKHI_2017_030735,TN_OCKHI_2017,SAR_ONLY,PASS,none
TN_OCKHI_2017_044109,TN_OCKHI_2017,SAR_ONLY,PASS,none
TN_FENGAL_2024_000001,TN_FENGAL_2024,SAR_ONLY,PASS,none
TN_FENGAL_2024_000014,TN_FENGAL_2024,SAR_ONLY,PASS,none
TN_FENGAL_2024_009743,TN_FENGAL_2024,SAR_ONLY,PASS,none
TN_FENGAL_2024_027032,TN_FENGAL_2024,SAR_ONLY,PASS,none
TN_FENGAL_2024_051689,TN_FENGAL_2024,SAR_ONLY,PASS,none
TN_FENGAL_2024_051890,TN_FENGAL_2024,SAR_ONLY,PASS,none
TN_FENGAL_2024_100787,TN_FENGAL_2024,SAR_ONLY,PASS,none
TN_FENGAL_2024_118757,TN_FENGAL_2024,SAR_ONLY,PASS,none
TN_FENGAL_2024_132697,TN_FENGAL_2024,SAR_ONLY,PASS,none
TN_FENGAL_2024_000004,TN_FENGAL_2024,SAR_ONLY,PASS,none
TN_FENGAL_2024_000021,TN_FENGAL_2024,SAR_ONLY,PASS,none
TN_FENGAL_2024_010408,TN_FENGAL_2024,SAR_ONLY,PASS,none
TN_FENGAL_2024_027482,TN_FENGAL_2024,SAR_ONLY,PASS,none
TN_FENGAL_2024_052564,TN_FENGAL_2024,SAR_ONLY,PASS,none
TN_FENGAL_2024_052678,TN_FENGAL_2024,SAR_ONLY,PASS,none
TN_FENGAL_2024_079156,TN_FENGAL_2024,SAR_ONLY,PASS,none
TN_FENGAL_2024_100963,TN_FENGAL_2024,SAR_ONLY,PASS,none
TN_FENGAL_2024_119504,TN_FENGAL_2024,SAR_ONLY,PASS,none
TN_FENGAL_2024_132810,TN_FENGAL_2024,SAR_ONLY,PASS,none
TN_FENGAL_2024_002945,TN_FENGAL_2024,SAR_ONLY,PASS,none
TN_FENGAL_2024_002939,TN_FENGAL_2024,SAR_ONLY,PASS,none
TN_FENGAL_2024_013317,TN_FENGAL_2024,SAR_ONLY,PASS,none
TN_FENGAL_2024_031108,TN_FENGAL_2024,SAR_ONLY,PASS,none
TN_FENGAL_2024_054348,TN_FENGAL_2024,SAR_ONLY,PASS,none
TN_FENGAL_2024_054595,TN_FENGAL_2024,SAR_ONLY,PASS,none
TN_FENGAL_2024_079406,TN_FENGAL_2024,SAR_ONLY,PASS,none
TN_FENGAL_2024_100988,TN_FENGAL_2024,SAR_ONLY,PASS,none
TN_FENGAL_2024_121047,TN_FENGAL_2024,SAR_ONLY,PASS,none
TN_FENGAL_2024_133715,TN_FENGAL_2024,SAR_ONLY,PASS,none
TN_FENGAL_2024_004084,TN_FENGAL_2024,SAR_ONLY,PASS,none
TN_FENGAL_2024_004090,TN_FENGAL_2024,SAR_ONLY,PASS,none
TN_FENGAL_2024_015662,TN_FENGAL_2024,SAR_ONLY,PASS,none
TN_FENGAL_2024_036079,TN_FENGAL_2024,SAR_ONLY,PASS,none
TN_FENGAL_2024_055714,TN_FENGAL_2024,SAR_ONLY,PASS,none
TN_FENGAL_2024_059301,TN_FENGAL_2024,SAR_ONLY,PASS,none
TN_FENGAL_2024_081045,TN_FENGAL_2024,SAR_ONLY,PASS,none
TN_FENGAL_2024_102531,TN_FENGAL_2024,SAR_ONLY,PASS,none
TN_FENGAL_2024_121568,TN_FENGAL_2024,SAR_ONLY,PASS,none
TN_FENGAL_2024_133822,TN_FENGAL_2024,SAR_ONLY,PASS,none
TN_FENGAL_2024_004082,TN_FENGAL_2024,SAR_ONLY,PASS,none
TN_FENGAL_2024_004094,TN_FENGAL_2024,SAR_ONLY,PASS,none
TN_FENGAL_2024_015657,TN_FENGAL_2024,SAR_ONLY,PASS,none
TN_FENGAL_2024_036087,TN_FENGAL_2024,SAR_ONLY,PASS,none
TN_FENGAL_2024_059305,TN_FENGAL_2024,SAR_ONLY,PASS,none
TN_FENGAL_2024_059422,TN_FENGAL_2024,SAR_ONLY,PASS,none
TN_FENGAL_2024_081030,TN_FENGAL_2024,SAR_ONLY,PASS,none
TN_FENGAL_2024_102508,TN_FENGAL_2024,SAR_ONLY,PASS,none
TN_FENGAL_2024_121569,TN_FENGAL_2024,SAR_ONLY,PASS,none
TN_FENGAL_2024_136767,TN_FENGAL_2024,SAR_ONLY,PASS,none
TN_FENGAL_2024_005285,TN_FENGAL_2024,SAR_ONLY,PASS,none
TN_FENGAL_2024_005794,TN_FENGAL_2024,SAR_ONLY,PASS,none
TN_FENGAL_2024_017079,TN_FENGAL_2024,SAR_ONLY,PASS,none
TN_FENGAL_2024_040543,TN_FENGAL_2024,SAR_ONLY,PASS,none
TN_FENGAL_2024_064269,TN_FENGAL_2024,SAR_ONLY,PASS,none
TN_FENGAL_2024_067695,TN_FENGAL_2024,SAR_ONLY,PASS,none
TN_FENGAL_2024_085965,TN_FENGAL_2024,SAR_ONLY,PASS,none
TN_FENGAL_2024_103958,TN_FENGAL_2024,SAR_ONLY,PASS,none
TN_FENGAL_2024_123826,TN_FENGAL_2024,SAR_ONLY,PASS,none
TN_FENGAL_2024_140307,TN_FENGAL_2024,SAR_ONLY,PASS,none
TN_FENGAL_2024_008877,TN_FENGAL_2024,SAR_ONLY,PASS,none
TN_FENGAL_2024_008883,TN_FENGAL_2024,SAR_ONLY,PASS,none
TN_FENGAL_2024_022091,TN_FENGAL_2024,SAR_ONLY,PASS,none
TN_FENGAL_2024_045515,TN_FENGAL_2024,SAR_ONLY,PASS,none
TN_FENGAL_2024_069230,TN_FENGAL_2024,SAR_ONLY,PASS,none
TN_FENGAL_2024_090895,TN_FENGAL_2024,SAR_ONLY,PASS,none
TN_FENGAL_2024_090897,TN_FENGAL_2024,SAR_ONLY,PASS,none
TN_FENGAL_2024_108864,TN_FENGAL_2024,SAR_ONLY,PASS,none
TN_FENGAL_2024_125708,TN_FENGAL_2024,SAR_ONLY,PASS,none
TN_FENGAL_2024_141929,TN_FENGAL_2024,SAR_ONLY,PASS,none
TN_FENGAL_2024_008964,TN_FENGAL_2024,SAR_ONLY,PASS,none
TN_FENGAL_2024_022097,TN_FENGAL_2024,SAR_ONLY,PASS,none
TN_FENGAL_2024_045565,TN_FENGAL_2024,SAR_ONLY,PASS,none
TN_FENGAL_2024_069232,TN_FENGAL_2024,SAR_ONLY,PASS,none
TN_FENGAL_2024_090900,TN_FENGAL_2024,SAR_ONLY,PASS,none
TN_FENGAL_2024_091017,TN_FENGAL_2024,SAR_ONLY,PASS,none
TN_FENGAL_2024_109020,TN_FENGAL_2024,SAR_ONLY,PASS,none
TN_FENGAL_2024_125712,TN_FENGAL_2024,SAR_ONLY,PASS,none
TN_FENGAL_2024_141940,TN_FENGAL_2024,SAR_ONLY,PASS,none
TN_FENGAL_2024_074257,TN_FENGAL_2024,SAR_ONLY,PASS,none
TN_FENGAL_2024_095847,TN_FENGAL_2024,SAR_ONLY,PASS,none
TN_FENGAL_2024_095872,TN_FENGAL_2024,SAR_ONLY,PASS,none
TN_FENGAL_2024_113806,TN_FENGAL_2024,SAR_ONLY,PASS,none
TN_FENGAL_2024_126391,TN_FENGAL_2024,SAR_ONLY,PASS,none
TN_FENGAL_2024_143101,TN_FENGAL_2024,SAR_ONLY,PASS,none
TN_FENGAL_2024_079136,TN_FENGAL_2024,SAR_ONLY,PASS,none
TN_FENGAL_2024_118751,TN_FENGAL_2024,SAR_ONLY,PASS,none
TN_FENGAL_2024_118753,TN_FENGAL_2024,SAR_ONLY,PASS,none
TN_FENGAL_2024_131350,TN_FENGAL_2024,SAR_ONLY,PASS,none
TN_FENGAL_2024_143587,TN_FENGAL_2024,SAR_ONLY,PASS,none
TN_FENGAL_2024_000002,TN_FENGAL_2024,SAR_ONLY,PASS,none
TN_FENGAL_2024_000016,TN_FENGAL_2024,SAR_ONLY,PASS,none
TN_FENGAL_2024_009767,TN_FENGAL_2024,SAR_ONLY,PASS,none
TN_FENGAL_2024_027038,TN_FENGAL_2024,SAR_ONLY,PASS,none
TN_FENGAL_2024_051690,TN_FENGAL_2024,SAR_ONLY,PASS,none
TN_FENGAL_2024_051972,TN_FENGAL_2024,SAR_ONLY,PASS,none
TN_FENGAL_2024_100788,TN_FENGAL_2024,SAR_ONLY,PASS,none
TN_FENGAL_2024_118759,TN_FENGAL_2024,SAR_ONLY,PASS,none
TN_FENGAL_2024_132701,TN_FENGAL_2024,SAR_ONLY,PASS,none
TN_FENGAL_2024_000006,TN_FENGAL_2024,SAR_ONLY,PASS,none
TN_FENGAL_2024_000050,TN_FENGAL_2024,SAR_ONLY,PASS,none
TN_FENGAL_2024_010412,TN_FENGAL_2024,SAR_ONLY,PASS,none
TN_FENGAL_2024_027483,TN_FENGAL_2024,SAR_ONLY,PASS,none
TN_FENGAL_2024_052574,TN_FENGAL_2024,SAR_ONLY,PASS,none
TN_FENGAL_2024_052787,TN_FENGAL_2024,SAR_ONLY,PASS,none
TN_FENGAL_2024_079193,TN_FENGAL_2024,SAR_ONLY,PASS,none
TN_FENGAL_2024_100964,TN_FENGAL_2024,SAR_ONLY,PASS,none
TN_FENGAL_2024_119505,TN_FENGAL_2024,SAR_ONLY,PASS,none
TN_FENGAL_2024_132812,TN_FENGAL_2024,SAR_ONLY,PASS,none
TN_FENGAL_2024_002952,TN_FENGAL_2024,SAR_ONLY,PASS,none
TN_FENGAL_2024_002947,TN_FENGAL_2024,SAR_ONLY,PASS,none
TN_FENGAL_2024_013320,TN_FENGAL_2024,SAR_ONLY,PASS,none
TN_FENGAL_2024_031111,TN_FENGAL_2024,SAR_ONLY,PASS,none
TN_FENGAL_2024_054349,TN_FENGAL_2024,SAR_ONLY,PASS,none
TN_FENGAL_2024_054670,TN_FENGAL_2024,SAR_ONLY,PASS,none
TN_FENGAL_2024_079777,TN_FENGAL_2024,SAR_ONLY,PASS,none
TN_FENGAL_2024_100994,TN_FENGAL_2024,SAR_ONLY,PASS,none
TN_FENGAL_2024_121048,TN_FENGAL_2024,SAR_ONLY,PASS,none
TN_FENGAL_2024_133716,TN_FENGAL_2024,SAR_ONLY,PASS,none
TN_FENGAL_2024_004085,TN_FENGAL_2024,SAR_ONLY,PASS,none
TN_FENGAL_2024_004096,TN_FENGAL_2024,SAR_ONLY,PASS,none
TN_FENGAL_2024_015668,TN_FENGAL_2024,SAR_ONLY,PASS,none
TN_FENGAL_2024_036080,TN_FENGAL_2024,SAR_ONLY,PASS,none
TN_FENGAL_2024_059295,TN_FENGAL_2024,SAR_ONLY,PASS,none
TN_FENGAL_2024_059319,TN_FENGAL_2024,SAR_ONLY,PASS,none
TN_FENGAL_2024_081060,TN_FENGAL_2024,SAR_ONLY,PASS,none
TN_FENGAL_2024_102546,TN_FENGAL_2024,SAR_ONLY,PASS,none
TN_FENGAL_2024_121570,TN_FENGAL_2024,SAR_ONLY,PASS,none
TN_FENGAL_2024_133856,TN_FENGAL_2024,SAR_ONLY,PASS,none
TN_FENGAL_2024_004083,TN_FENGAL_2024,SAR_ONLY,PASS,none
TN_FENGAL_2024_004126,TN_FENGAL_2024,SAR_ONLY,PASS,none
TN_FENGAL_2024_015660,TN_FENGAL_2024,SAR_ONLY,PASS,none
TN_FENGAL_2024_036156,TN_FENGAL_2024,SAR_ONLY,PASS,none
TN_FENGAL_2024_059310,TN_FENGAL_2024,SAR_ONLY,PASS,none
TN_FENGAL_2024_059428,TN_FENGAL_2024,SAR_ONLY,PASS,none
TN_FENGAL_2024_081051,TN_FENGAL_2024,SAR_ONLY,PASS,none
TN_FENGAL_2024_102510,TN_FENGAL_2024,SAR_ONLY,PASS,none
TN_FENGAL_2024_121572,TN_FENGAL_2024,SAR_ONLY,PASS,none
TN_FENGAL_2024_136773,TN_FENGAL_2024,SAR_ONLY,PASS,none
TN_FENGAL_2024_005286,TN_FENGAL_2024,SAR_ONLY,PASS,none
TN_FENGAL_2024_005860,TN_FENGAL_2024,SAR_ONLY,PASS,none
TN_FENGAL_2024_017080,TN_FENGAL_2024,SAR_ONLY,PASS,none
TN_FENGAL_2024_040548,TN_FENGAL_2024,SAR_ONLY,PASS,none
TN_FENGAL_2024_064272,TN_FENGAL_2024,SAR_ONLY,PASS,none
TN_FENGAL_2024_085956,TN_FENGAL_2024,SAR_ONLY,PASS,none
TN_FENGAL_2024_085969,TN_FENGAL_2024,SAR_ONLY,PASS,none
TN_FENGAL_2024_103979,TN_FENGAL_2024,SAR_ONLY,PASS,none
TN_FENGAL_2024_123827,TN_FENGAL_2024,SAR_ONLY,PASS,none
TN_FENGAL_2024_140309,TN_FENGAL_2024,SAR_ONLY,PASS,none
TN_FENGAL_2024_008878,TN_FENGAL_2024,SAR_ONLY,PASS,none
TN_FENGAL_2024_008893,TN_FENGAL_2024,SAR_ONLY,PASS,none
TN_FENGAL_2024_022095,TN_FENGAL_2024,SAR_ONLY,PASS,none
TN_FENGAL_2024_045516,TN_FENGAL_2024,SAR_ONLY,PASS,none
TN_FENGAL_2024_069231,TN_FENGAL_2024,SAR_ONLY,PASS,none
TN_FENGAL_2024_090896,TN_FENGAL_2024,SAR_ONLY,PASS,none
TN_FENGAL_2024_090905,TN_FENGAL_2024,SAR_ONLY,PASS,none
TN_FENGAL_2024_108916,TN_FENGAL_2024,SAR_ONLY,PASS,none
TN_FENGAL_2024_125709,TN_FENGAL_2024,SAR_ONLY,PASS,none
TN_FENGAL_2024_141930,TN_FENGAL_2024,SAR_ONLY,PASS,none
TN_FENGAL_2024_008986,TN_FENGAL_2024,SAR_ONLY,PASS,none
TN_FENGAL_2024_022117,TN_FENGAL_2024,SAR_ONLY,PASS,none
TN_FENGAL_2024_045572,TN_FENGAL_2024,SAR_ONLY,PASS,none
TN_FENGAL_2024_069233,TN_FENGAL_2024,SAR_ONLY,PASS,none
TN_FENGAL_2024_090902,TN_FENGAL_2024,SAR_ONLY,PASS,none
TN_FENGAL_2024_091062,TN_FENGAL_2024,SAR_ONLY,PASS,none
TN_FENGAL_2024_109438,TN_FENGAL_2024,SAR_ONLY,PASS,none
TN_FENGAL_2024_125718,TN_FENGAL_2024,SAR_ONLY,PASS,none
TN_FENGAL_2024_141955,TN_FENGAL_2024,SAR_ONLY,PASS,none
TN_FENGAL_2024_074305,TN_FENGAL_2024,SAR_ONLY,PASS,none
TN_FENGAL_2024_095856,TN_FENGAL_2024,SAR_ONLY,PASS,none
TN_FENGAL_2024_095875,TN_FENGAL_2024,SAR_ONLY,PASS,none
TN_FENGAL_2024_113808,TN_FENGAL_2024,SAR_ONLY,PASS,none
TN_FENGAL_2024_126392,TN_FENGAL_2024,SAR_ONLY,PASS,none
TN_FENGAL_2024_143103,TN_FENGAL_2024,SAR_ONLY,PASS,none
TN_FENGAL_2024_118752,TN_FENGAL_2024,SAR_ONLY,PASS,none
TN_FENGAL_2024_118754,TN_FENGAL_2024,SAR_ONLY,PASS,none
TN_FENGAL_2024_131351,TN_FENGAL_2024,SAR_ONLY,PASS,none
TN_FENGAL_2024_143589,TN_FENGAL_2024,SAR_ONLY,PASS,none
TN_FENGAL_2024_000003,TN_FENGAL_2024,SAR_ONLY,PASS,none
TN_FENGAL_2024_000023,TN_FENGAL_2024,SAR_ONLY,PASS,none
TN_FENGAL_2024_009770,TN_FENGAL_2024,SAR_ONLY,PASS,none
TN_FENGAL_2024_027039,TN_FENGAL_2024,SAR_ONLY,PASS,none
TN_FENGAL_2024_051691,TN_FENGAL_2024,SAR_ONLY,PASS,none
TN_FENGAL_2024_052292,TN_FENGAL_2024,SAR_ONLY,PASS,none
TN_FENGAL_2024_100789,TN_FENGAL_2024,SAR_ONLY,PASS,none
TN_FENGAL_2024_118761,TN_FENGAL_2024,SAR_ONLY,PASS,none
TN_FENGAL_2024_132702,TN_FENGAL_2024,SAR_ONLY,PASS,none
TN_FENGAL_2024_000011,TN_FENGAL_2024,SAR_ONLY,PASS,none
TN_FENGAL_2024_000052,TN_FENGAL_2024,SAR_ONLY,PASS,none
TN_FENGAL_2024_010414,TN_FENGAL_2024,SAR_ONLY,PASS,none
TN_FENGAL_2024_027484,TN_FENGAL_2024,SAR_ONLY,PASS,none
TN_FENGAL_2024_052577,TN_FENGAL_2024,SAR_ONLY,PASS,none
TN_FENGAL_2024_054636,TN_FENGAL_2024,SAR_ONLY,PASS,none
TN_FENGAL_2024_079204,TN_FENGAL_2024,SAR_ONLY,PASS,none
TN_FENGAL_2024_100966,TN_FENGAL_2024,SAR_ONLY,PASS,none
TN_FENGAL_2024_119506,TN_FENGAL_2024,SAR_ONLY,PASS,none
TN_FENGAL_2024_132814,TN_FENGAL_2024,SAR_ONLY,PASS,none
TN_FENGAL_2024_002972,TN_FENGAL_2024,SAR_ONLY,PASS,none
TN_FENGAL_2024_002960,TN_FENGAL_2024,SAR_ONLY,PASS,none
TN_FENGAL_2024_013327,TN_FENGAL_2024,SAR_ONLY,PASS,none
TN_FENGAL_2024_031113,TN_FENGAL_2024,SAR_ONLY,PASS,none
TN_CHENNAI_FLOOD_2021_000003,TN_CHENNAI_FLOOD_2021,MULTIMODAL,FAIL,non_finite_values_in_sar_pre;non_finite_values_in_sar_post
TN_CHENNAI_FLOOD_2021_000001,TN_CHENNAI_FLOOD_2021,MULTIMODAL,FAIL,non_finite_values_in_sar_pre;non_finite_values_in_sar_post
TN_CHENNAI_FLOOD_2021_021812,TN_CHENNAI_FLOOD_2021,MULTIMODAL,FAIL,non_finite_values_in_sar_pre;non_finite_values_in_sar_post
TN_CHENNAI_FLOOD_2021_046548,TN_CHENNAI_FLOOD_2021,MULTIMODAL,FAIL,non_finite_values_in_sar_pre;non_finite_values_in_sar_post
TN_CHENNAI_FLOOD_2021_071278,TN_CHENNAI_FLOOD_2021,MULTIMODAL,FAIL,non_finite_values_in_sar_pre;non_finite_values_in_sar_post
TN_CHENNAI_FLOOD_2021_071942,TN_CHENNAI_FLOOD_2021,MULTIMODAL,FAIL,non_finite_values_in_sar_pre;non_finite_values_in_sar_post
TN_CHENNAI_FLOOD_2021_096226,TN_CHENNAI_FLOOD_2021,MULTIMODAL,FAIL,non_finite_values_in_sar_pre;non_finite_values_in_sar_post
TN_CHENNAI_FLOOD_2021_123776,TN_CHENNAI_FLOOD_2021,MULTIMODAL,FAIL,non_finite_values_in_sar_pre;non_finite_values_in_sar_post
TN_CHENNAI_FLOOD_2021_153525,TN_CHENNAI_FLOOD_2021,MULTIMODAL,FAIL,non_finite_values_in_sar_pre;non_finite_values_in_sar_post
TN_CHENNAI_FLOOD_2021_183189,TN_CHENNAI_FLOOD_2021,MULTIMODAL,PASS,none
TN_CHENNAI_FLOOD_2021_000002,TN_CHENNAI_FLOOD_2021,MULTIMODAL,FAIL,non_finite_values_in_sar_pre;non_finite_values_in_sar_post
TN_CHENNAI_FLOOD_2021_000004,TN_CHENNAI_FLOOD_2021,MULTIMODAL,FAIL,non_finite_values_in_sar_pre;non_finite_values_in_sar_post
TN_CHENNAI_FLOOD_2021_021814,TN_CHENNAI_FLOOD_2021,MULTIMODAL,FAIL,non_finite_values_in_sar_pre;non_finite_values_in_sar_post
TN_CHENNAI_FLOOD_2021_046553,TN_CHENNAI_FLOOD_2021,MULTIMODAL,FAIL,non_finite_values_in_sar_pre;non_finite_values_in_sar_post
TN_CHENNAI_FLOOD_2021_071277,TN_CHENNAI_FLOOD_2021,MULTIMODAL,FAIL,non_finite_values_in_sar_pre;non_finite_values_in_sar_post
TN_CHENNAI_FLOOD_2021_072795,TN_CHENNAI_FLOOD_2021,MULTIMODAL,FAIL,non_finite_values_in_sar_pre;non_finite_values_in_sar_post
TN_CHENNAI_FLOOD_2021_096267,TN_CHENNAI_FLOOD_2021,MULTIMODAL,FAIL,non_finite_values_in_sar_pre;non_finite_values_in_sar_post
TN_CHENNAI_FLOOD_2021_123782,TN_CHENNAI_FLOOD_2021,MULTIMODAL,FAIL,non_finite_values_in_sar_pre;non_finite_values_in_sar_post
TN_CHENNAI_FLOOD_2021_153527,TN_CHENNAI_FLOOD_2021,MULTIMODAL,FAIL,non_finite_values_in_sar_pre;non_finite_values_in_sar_post
TN_CHENNAI_FLOOD_2021_183194,TN_CHENNAI_FLOOD_2021,MULTIMODAL,PASS,none
TN_CHENNAI_FLOOD_2021_004983,TN_CHENNAI_FLOOD_2021,MULTIMODAL,FAIL,non_finite_values_in_sar_pre;non_finite_values_in_sar_post
TN_CHENNAI_FLOOD_2021_005013,TN_CHENNAI_FLOOD_2021,MULTIMODAL,FAIL,non_finite_values_in_sar_pre;non_finite_values_in_sar_post
TN_CHENNAI_FLOOD_2021_026771,TN_CHENNAI_FLOOD_2021,MULTIMODAL,FAIL,non_finite_values_in_sar_pre;non_finite_values_in_sar_post
TN_CHENNAI_FLOOD_2021_051508,TN_CHENNAI_FLOOD_2021,MULTIMODAL,FAIL,non_finite_values_in_sar_pre;non_finite_values_in_sar_post
TN_CHENNAI_FLOOD_2021_076255,TN_CHENNAI_FLOOD_2021,MULTIMODAL,FAIL,non_finite_values_in_sar_pre;non_finite_values_in_sar_post
TN_CHENNAI_FLOOD_2021_076370,TN_CHENNAI_FLOOD_2021,MULTIMODAL,FAIL,non_finite_values_in_sar_pre;non_finite_values_in_sar_post
TN_CHENNAI_FLOOD_2021_101198,TN_CHENNAI_FLOOD_2021,MULTIMODAL,FAIL,non_finite_values_in_sar_pre;non_finite_values_in_sar_post
TN_CHENNAI_FLOOD_2021_128748,TN_CHENNAI_FLOOD_2021,MULTIMODAL,FAIL,non_finite_values_in_sar_pre;non_finite_values_in_sar_post
TN_CHENNAI_FLOOD_2021_158503,TN_CHENNAI_FLOOD_2021,MULTIMODAL,FAIL,non_finite_values_in_sar_pre;non_finite_values_in_sar_post
TN_CHENNAI_FLOOD_2021_188127,TN_CHENNAI_FLOOD_2021,MULTIMODAL,PASS,none
TN_CHENNAI_FLOOD_2021_009951,TN_CHENNAI_FLOOD_2021,MULTIMODAL,FAIL,non_finite_values_in_sar_pre;non_finite_values_in_sar_post
TN_CHENNAI_FLOOD_2021_009960,TN_CHENNAI_FLOOD_2021,MULTIMODAL,FAIL,non_finite_values_in_sar_pre;non_finite_values_in_sar_post
TN_CHENNAI_FLOOD_2021_031712,TN_CHENNAI_FLOOD_2021,MULTIMODAL,FAIL,non_finite_values_in_sar_pre;non_finite_values_in_sar_post
TN_CHENNAI_FLOOD_2021_056431,TN_CHENNAI_FLOOD_2021,MULTIMODAL,FAIL,non_finite_values_in_sar_pre;non_finite_values_in_sar_post
TN_CHENNAI_FLOOD_2021_081204,TN_CHENNAI_FLOOD_2021,MULTIMODAL,FAIL,non_finite_values_in_sar_pre;non_finite_values_in_sar_post
TN_CHENNAI_FLOOD_2021_081563,TN_CHENNAI_FLOOD_2021,MULTIMODAL,FAIL,non_finite_values_in_sar_pre;non_finite_values_in_sar_post
TN_CHENNAI_FLOOD_2021_106158,TN_CHENNAI_FLOOD_2021,MULTIMODAL,FAIL,non_finite_values_in_sar_pre;non_finite_values_in_sar_post
TN_CHENNAI_FLOOD_2021_133703,TN_CHENNAI_FLOOD_2021,MULTIMODAL,FAIL,non_finite_values_in_sar_pre;non_finite_values_in_sar_post
TN_CHENNAI_FLOOD_2021_163430,TN_CHENNAI_FLOOD_2021,MULTIMODAL,FAIL,non_finite_values_in_sar_pre;non_finite_values_in_sar_post
TN_CHENNAI_FLOOD_2021_193112,TN_CHENNAI_FLOOD_2021,MULTIMODAL,PASS,none
TN_CHENNAI_FLOOD_2021_009969,TN_CHENNAI_FLOOD_2021,MULTIMODAL,FAIL,non_finite_values_in_sar_pre;non_finite_values_in_sar_post
TN_CHENNAI_FLOOD_2021_009965,TN_CHENNAI_FLOOD_2021,MULTIMODAL,FAIL,non_finite_values_in_sar_pre;non_finite_values_in_sar_post
TN_CHENNAI_FLOOD_2021_031727,TN_CHENNAI_FLOOD_2021,MULTIMODAL,FAIL,non_finite_values_in_sar_pre;non_finite_values_in_sar_post
TN_CHENNAI_FLOOD_2021_056438,TN_CHENNAI_FLOOD_2021,MULTIMODAL,FAIL,non_finite_values_in_sar_pre;non_finite_values_in_sar_post
TN_CHENNAI_FLOOD_2021_081209,TN_CHENNAI_FLOOD_2021,MULTIMODAL,FAIL,non_finite_values_in_sar_pre;non_finite_values_in_sar_post
TN_CHENNAI_FLOOD_2021_085565,TN_CHENNAI_FLOOD_2021,MULTIMODAL,FAIL,non_finite_values_in_sar_pre;non_finite_values_in_sar_post
TN_CHENNAI_FLOOD_2021_106163,TN_CHENNAI_FLOOD_2021,MULTIMODAL,FAIL,non_finite_values_in_sar_pre;non_finite_values_in_sar_post
TN_CHENNAI_FLOOD_2021_133727,TN_CHENNAI_FLOOD_2021,MULTIMODAL,FAIL,non_finite_values_in_sar_pre;non_finite_values_in_sar_post
TN_CHENNAI_FLOOD_2021_163427,TN_CHENNAI_FLOOD_2021,MULTIMODAL,FAIL,non_finite_values_in_sar_pre;non_finite_values_in_sar_post
TN_CHENNAI_FLOOD_2021_193111,TN_CHENNAI_FLOOD_2021,MULTIMODAL,PASS,none
TN_CHENNAI_FLOOD_2021_014926,TN_CHENNAI_FLOOD_2021,MULTIMODAL,FAIL,non_finite_values_in_sar_pre;non_finite_values_in_sar_post
TN_CHENNAI_FLOOD_2021_014925,TN_CHENNAI_FLOOD_2021,MULTIMODAL,FAIL,non_finite_values_in_sar_pre;non_finite_values_in_sar_post
TN_CHENNAI_FLOOD_2021_036672,TN_CHENNAI_FLOOD_2021,MULTIMODAL,FAIL,non_finite_values_in_sar_pre;non_finite_values_in_sar_post
TN_CHENNAI_FLOOD_2021_061386,TN_CHENNAI_FLOOD_2021,MULTIMODAL,FAIL,non_finite_values_in_sar_pre;non_finite_values_in_sar_post
TN_CHENNAI_FLOOD_2021_086150,TN_CHENNAI_FLOOD_2021,MULTIMODAL,FAIL,non_finite_values_in_sar_pre;non_finite_values_in_sar_post
TN_CHENNAI_FLOOD_2021_091448,TN_CHENNAI_FLOOD_2021,MULTIMODAL,FAIL,non_finite_values_in_sar_pre;non_finite_values_in_sar_post
TN_CHENNAI_FLOOD_2021_111089,TN_CHENNAI_FLOOD_2021,MULTIMODAL,FAIL,non_finite_values_in_sar_pre;non_finite_values_in_sar_post
TN_CHENNAI_FLOOD_2021_138658,TN_CHENNAI_FLOOD_2021,MULTIMODAL,FAIL,non_finite_values_in_sar_pre;non_finite_values_in_sar_post
TN_CHENNAI_FLOOD_2021_168391,TN_CHENNAI_FLOOD_2021,MULTIMODAL,FAIL,non_finite_values_in_sar_pre;non_finite_values_in_sar_post
TN_CHENNAI_FLOOD_2021_198058,TN_CHENNAI_FLOOD_2021,MULTIMODAL,PASS,none
TN_CHENNAI_FLOOD_2021_019885,TN_CHENNAI_FLOOD_2021,MULTIMODAL,FAIL,non_finite_values_in_sar_pre;non_finite_values_in_sar_post
TN_CHENNAI_FLOOD_2021_019891,TN_CHENNAI_FLOOD_2021,MULTIMODAL,FAIL,non_finite_values_in_sar_pre;non_finite_values_in_sar_post
TN_CHENNAI_FLOOD_2021_041620,TN_CHENNAI_FLOOD_2021,MULTIMODAL,FAIL,non_finite_values_in_sar_pre;non_finite_values_in_sar_post
TN_CHENNAI_FLOOD_2021_066342,TN_CHENNAI_FLOOD_2021,MULTIMODAL,FAIL,non_finite_values_in_sar_pre;non_finite_values_in_sar_post
TN_CHENNAI_FLOOD_2021_091106,TN_CHENNAI_FLOOD_2021,MULTIMODAL,FAIL,non_finite_values_in_sar_pre;non_finite_values_in_sar_post
TN_CHENNAI_FLOOD_2021_092127,TN_CHENNAI_FLOOD_2021,MULTIMODAL,FAIL,non_finite_values_in_sar_pre;non_finite_values_in_sar_post
TN_CHENNAI_FLOOD_2021_116032,TN_CHENNAI_FLOOD_2021,MULTIMODAL,FAIL,non_finite_values_in_sar_pre;non_finite_values_in_sar_post
TN_CHENNAI_FLOOD_2021_143610,TN_CHENNAI_FLOOD_2021,MULTIMODAL,FAIL,non_finite_values_in_sar_pre;non_finite_values_in_sar_post
TN_CHENNAI_FLOOD_2021_173311,TN_CHENNAI_FLOOD_2021,MULTIMODAL,FAIL,non_finite_values_in_sar_pre;non_finite_values_in_sar_post
TN_CHENNAI_FLOOD_2021_202999,TN_CHENNAI_FLOOD_2021,MULTIMODAL,PASS,none
TN_CHENNAI_FLOOD_2021_091132,TN_CHENNAI_FLOOD_2021,MULTIMODAL,FAIL,non_finite_values_in_sar_pre;non_finite_values_in_sar_post
TN_CHENNAI_FLOOD_2021_096100,TN_CHENNAI_FLOOD_2021,MULTIMODAL,FAIL,non_finite_values_in_sar_pre;non_finite_values_in_sar_post
TN_CHENNAI_FLOOD_2021_116128,TN_CHENNAI_FLOOD_2021,MULTIMODAL,FAIL,non_finite_values_in_sar_pre;non_finite_values_in_sar_post
TN_CHENNAI_FLOOD_2021_143713,TN_CHENNAI_FLOOD_2021,MULTIMODAL,FAIL,non_finite_values_in_sar_pre;non_finite_values_in_sar_post
TN_CHENNAI_FLOOD_2021_173319,TN_CHENNAI_FLOOD_2021,MULTIMODAL,FAIL,non_finite_values_in_sar_pre;non_finite_values_in_sar_post
TN_CHENNAI_FLOOD_2021_202995,TN_CHENNAI_FLOOD_2021,MULTIMODAL,PASS,none
TN_CHENNAI_FLOOD_2021_121014,TN_CHENNAI_FLOOD_2021,MULTIMODAL,FAIL,non_finite_values_in_sar_pre;non_finite_values_in_sar_post
TN_CHENNAI_FLOOD_2021_121046,TN_CHENNAI_FLOOD_2021,MULTIMODAL,FAIL,non_finite_values_in_sar_pre;non_finite_values_in_sar_post
TN_CHENNAI_FLOOD_2021_178974,TN_CHENNAI_FLOOD_2021,MULTIMODAL,FAIL,non_finite_values_in_sar_pre;non_finite_values_in_sar_post
TN_CHENNAI_FLOOD_2021_206062,TN_CHENNAI_FLOOD_2021,MULTIMODAL,PASS,none
TN_CHENNAI_FLOOD_2021_153524,TN_CHENNAI_FLOOD_2021,MULTIMODAL,FAIL,non_finite_values_in_sar_pre;non_finite_values_in_sar_post
TN_CHENNAI_FLOOD_2021_000005,TN_CHENNAI_FLOOD_2021,MULTIMODAL,FAIL,non_finite_values_in_sar_pre;non_finite_values_in_sar_post
TN_CHENNAI_FLOOD_2021_000019,TN_CHENNAI_FLOOD_2021,MULTIMODAL,FAIL,non_finite_values_in_sar_pre;non_finite_values_in_sar_post
TN_CHENNAI_FLOOD_2021_021815,TN_CHENNAI_FLOOD_2021,MULTIMODAL,FAIL,non_finite_values_in_sar_pre;non_finite_values_in_sar_post
TN_CHENNAI_FLOOD_2021_046549,TN_CHENNAI_FLOOD_2021,MULTIMODAL,FAIL,non_finite_values_in_sar_pre;non_finite_values_in_sar_post
TN_CHENNAI_FLOOD_2021_071282,TN_CHENNAI_FLOOD_2021,MULTIMODAL,FAIL,non_finite_values_in_sar_pre;non_finite_values_in_sar_post
TN_CHENNAI_FLOOD_2021_071959,TN_CHENNAI_FLOOD_2021,MULTIMODAL,FAIL,non_finite_values_in_sar_pre;non_finite_values_in_sar_post
TN_CHENNAI_FLOOD_2021_096232,TN_CHENNAI_FLOOD_2021,MULTIMODAL,FAIL,non_finite_values_in_sar_pre;non_finite_values_in_sar_post
TN_CHENNAI_FLOOD_2021_123780,TN_CHENNAI_FLOOD_2021,MULTIMODAL,FAIL,non_finite_values_in_sar_pre;non_finite_values_in_sar_post
TN_CHENNAI_FLOOD_2021_153529,TN_CHENNAI_FLOOD_2021,MULTIMODAL,FAIL,non_finite_values_in_sar_pre;non_finite_values_in_sar_post
TN_CHENNAI_FLOOD_2021_183190,TN_CHENNAI_FLOOD_2021,MULTIMODAL,FAIL,non_finite_values_in_sar_pre;non_finite_values_in_sar_post
TN_CHENNAI_FLOOD_2021_000006,TN_CHENNAI_FLOOD_2021,MULTIMODAL,FAIL,non_finite_values_in_sar_pre;non_finite_values_in_sar_post
TN_CHENNAI_FLOOD_2021_000033,TN_CHENNAI_FLOOD_2021,MULTIMODAL,FAIL,non_finite_values_in_sar_pre;non_finite_values_in_sar_post
TN_CHENNAI_FLOOD_2021_021825,TN_CHENNAI_FLOOD_2021,MULTIMODAL,FAIL,non_finite_values_in_sar_pre;non_finite_values_in_sar_post
TN_CHENNAI_FLOOD_2021_046556,TN_CHENNAI_FLOOD_2021,MULTIMODAL,FAIL,non_finite_values_in_sar_pre;non_finite_values_in_sar_post
TN_CHENNAI_FLOOD_2021_071280,TN_CHENNAI_FLOOD_2021,MULTIMODAL,FAIL,non_finite_values_in_sar_pre;non_finite_values_in_sar_post
TN_CHENNAI_FLOOD_2021_073162,TN_CHENNAI_FLOOD_2021,MULTIMODAL,FAIL,non_finite_values_in_sar_pre;non_finite_values_in_sar_post
TN_CHENNAI_FLOOD_2021_096314,TN_CHENNAI_FLOOD_2021,MULTIMODAL,FAIL,non_finite_values_in_sar_pre;non_finite_values_in_sar_post
TN_CHENNAI_FLOOD_2021_123802,TN_CHENNAI_FLOOD_2021,MULTIMODAL,FAIL,non_finite_values_in_sar_pre;non_finite_values_in_sar_post
TN_CHENNAI_FLOOD_2021_153528,TN_CHENNAI_FLOOD_2021,MULTIMODAL,FAIL,non_finite_values_in_sar_pre;non_finite_values_in_sar_post
TN_CHENNAI_FLOOD_2021_183205,TN_CHENNAI_FLOOD_2021,MULTIMODAL,PASS,none
TN_CHENNAI_FLOOD_2021_004986,TN_CHENNAI_FLOOD_2021,MULTIMODAL,FAIL,non_finite_values_in_sar_pre;non_finite_values_in_sar_post
TN_CHENNAI_FLOOD_2021_005025,TN_CHENNAI_FLOOD_2021,MULTIMODAL,FAIL,non_finite_values_in_sar_pre;non_finite_values_in_sar_post
TN_CHENNAI_FLOOD_2021_026772,TN_CHENNAI_FLOOD_2021,MULTIMODAL,FAIL,non_finite_values_in_sar_pre;non_finite_values_in_sar_post
TN_CHENNAI_FLOOD_2021_051512,TN_CHENNAI_FLOOD_2021,MULTIMODAL,FAIL,non_finite_values_in_sar_pre;non_finite_values_in_sar_post
TN_CHENNAI_FLOOD_2021_076257,TN_CHENNAI_FLOOD_2021,MULTIMODAL,FAIL,non_finite_values_in_sar_pre;non_finite_values_in_sar_post
TN_CHENNAI_FLOOD_2021_076551,TN_CHENNAI_FLOOD_2021,MULTIMODAL,FAIL,non_finite_values_in_sar_pre;non_finite_values_in_sar_post
TN_CHENNAI_FLOOD_2021_101202,TN_CHENNAI_FLOOD_2021,MULTIMODAL,FAIL,non_finite_values_in_sar_pre;non_finite_values_in_sar_post
TN_CHENNAI_FLOOD_2021_128749,TN_CHENNAI_FLOOD_2021,MULTIMODAL,FAIL,non_finite_values_in_sar_pre;non_finite_values_in_sar_post
TN_CHENNAI_FLOOD_2021_158504,TN_CHENNAI_FLOOD_2021,MULTIMODAL,FAIL,non_finite_values_in_sar_pre;non_finite_values_in_sar_post
TN_CHENNAI_FLOOD_2021_188128,TN_CHENNAI_FLOOD_2021,MULTIMODAL,PASS,none
TN_CHENNAI_FLOOD_2021_009952,TN_CHENNAI_FLOOD_2021,MULTIMODAL,FAIL,non_finite_values_in_sar_pre;non_finite_values_in_sar_post
TN_CHENNAI_FLOOD_2021_009980,TN_CHENNAI_FLOOD_2021,MULTIMODAL,FAIL,non_finite_values_in_sar_pre;non_finite_values_in_sar_post
TN_CHENNAI_FLOOD_2021_031717,TN_CHENNAI_FLOOD_2021,MULTIMODAL,FAIL,non_finite_values_in_sar_pre;non_finite_values_in_sar_post
TN_CHENNAI_FLOOD_2021_056433,TN_CHENNAI_FLOOD_2021,MULTIMODAL,FAIL,non_finite_values_in_sar_pre;non_finite_values_in_sar_post
TN_CHENNAI_FLOOD_2021_081205,TN_CHENNAI_FLOOD_2021,MULTIMODAL,FAIL,non_finite_values_in_sar_pre;non_finite_values_in_sar_post
TN_CHENNAI_FLOOD_2021_081814,TN_CHENNAI_FLOOD_2021,MULTIMODAL,FAIL,non_finite_values_in_sar_pre;non_finite_values_in_sar_post
TN_CHENNAI_FLOOD_2021_106170,TN_CHENNAI_FLOOD_2021,MULTIMODAL,FAIL,non_finite_values_in_sar_pre;non_finite_values_in_sar_post
TN_CHENNAI_FLOOD_2021_133705,TN_CHENNAI_FLOOD_2021,MULTIMODAL,FAIL,non_finite_values_in_sar_pre;non_finite_values_in_sar_post
TN_CHENNAI_FLOOD_2021_163431,TN_CHENNAI_FLOOD_2021,MULTIMODAL,FAIL,non_finite_values_in_sar_pre;non_finite_values_in_sar_post
TN_CHENNAI_FLOOD_2021_193113,TN_CHENNAI_FLOOD_2021,MULTIMODAL,PASS,none
TN_CHENNAI_FLOOD_2021_009975,TN_CHENNAI_FLOOD_2021,MULTIMODAL,FAIL,non_finite_values_in_sar_pre;non_finite_values_in_sar_post
TN_CHENNAI_FLOOD_2021_009983,TN_CHENNAI_FLOOD_2021,MULTIMODAL,FAIL,non_finite_values_in_sar_pre;non_finite_values_in_sar_post
TN_CHENNAI_FLOOD_2021_031743,TN_CHENNAI_FLOOD_2021,MULTIMODAL,FAIL,non_finite_values_in_sar_pre;non_finite_values_in_sar_post
TN_CHENNAI_FLOOD_2021_056450,TN_CHENNAI_FLOOD_2021,MULTIMODAL,FAIL,non_finite_values_in_sar_pre;non_finite_values_in_sar_post
TN_CHENNAI_FLOOD_2021_081218,TN_CHENNAI_FLOOD_2021,MULTIMODAL,FAIL,non_finite_values_in_sar_pre;non_finite_values_in_sar_post
TN_CHENNAI_FLOOD_2021_086533,TN_CHENNAI_FLOOD_2021,MULTIMODAL,FAIL,non_finite_values_in_sar_pre;non_finite_values_in_sar_post
TN_CHENNAI_FLOOD_2021_106174,TN_CHENNAI_FLOOD_2021,MULTIMODAL,FAIL,non_finite_values_in_sar_pre;non_finite_values_in_sar_post
TN_CHENNAI_FLOOD_2021_133735,TN_CHENNAI_FLOOD_2021,MULTIMODAL,FAIL,non_finite_values_in_sar_pre;non_finite_values_in_sar_post
TN_CHENNAI_FLOOD_2021_163439,TN_CHENNAI_FLOOD_2021,MULTIMODAL,FAIL,non_finite_values_in_sar_pre;non_finite_values_in_sar_post
TN_CHENNAI_FLOOD_2021_193123,TN_CHENNAI_FLOOD_2021,MULTIMODAL,PASS,none
TN_CHENNAI_FLOOD_2021_014933,TN_CHENNAI_FLOOD_2021,MULTIMODAL,FAIL,non_finite_values_in_sar_pre;non_finite_values_in_sar_post
TN_CHENNAI_FLOOD_2021_014929,TN_CHENNAI_FLOOD_2021,MULTIMODAL,FAIL,non_finite_values_in_sar_pre;non_finite_values_in_sar_post
TN_CHENNAI_FLOOD_2021_036674,TN_CHENNAI_FLOOD_2021,MULTIMODAL,FAIL,non_finite_values_in_sar_pre;non_finite_values_in_sar_post
TN_CHENNAI_FLOOD_2021_061393,TN_CHENNAI_FLOOD_2021,MULTIMODAL,FAIL,non_finite_values_in_sar_pre;non_finite_values_in_sar_post
TN_CHENNAI_FLOOD_2021_086151,TN_CHENNAI_FLOOD_2021,MULTIMODAL,FAIL,non_finite_values_in_sar_pre;non_finite_values_in_sar_post
TN_CHENNAI_FLOOD_2021_093737,TN_CHENNAI_FLOOD_2021,MULTIMODAL,FAIL,non_finite_values_in_sar_pre;non_finite_values_in_sar_post
TN_CHENNAI_FLOOD_2021_111107,TN_CHENNAI_FLOOD_2021,MULTIMODAL,FAIL,non_finite_values_in_sar_pre;non_finite_values_in_sar_post
TN_CHENNAI_FLOOD_2021_138663,TN_CHENNAI_FLOOD_2021,MULTIMODAL,FAIL,non_finite_values_in_sar_pre;non_finite_values_in_sar_post
TN_CHENNAI_FLOOD_2021_168409,TN_CHENNAI_FLOOD_2021,MULTIMODAL,FAIL,non_finite_values_in_sar_pre;non_finite_values_in_sar_post
TN_CHENNAI_FLOOD_2021_198061,TN_CHENNAI_FLOOD_2021,MULTIMODAL,PASS,none
TN_CHENNAI_FLOOD_2021_019886,TN_CHENNAI_FLOOD_2021,MULTIMODAL,FAIL,non_finite_values_in_sar_pre;non_finite_values_in_sar_post
TN_CHENNAI_FLOOD_2021_019894,TN_CHENNAI_FLOOD_2021,MULTIMODAL,FAIL,non_finite_values_in_sar_pre;non_finite_values_in_sar_post
TN_CHENNAI_FLOOD_2021_041639,TN_CHENNAI_FLOOD_2021,MULTIMODAL,FAIL,non_finite_values_in_sar_pre;non_finite_values_in_sar_post
TN_CHENNAI_FLOOD_2021_066353,TN_CHENNAI_FLOOD_2021,MULTIMODAL,FAIL,non_finite_values_in_sar_pre;non_finite_values_in_sar_post
TN_CHENNAI_FLOOD_2021_091112,TN_CHENNAI_FLOOD_2021,MULTIMODAL,FAIL,non_finite_values_in_sar_pre;non_finite_values_in_sar_post
TN_CHENNAI_FLOOD_2021_094322,TN_CHENNAI_FLOOD_2021,MULTIMODAL,FAIL,non_finite_values_in_sar_pre;non_finite_values_in_sar_post
TN_CHENNAI_FLOOD_2021_116038,TN_CHENNAI_FLOOD_2021,MULTIMODAL,FAIL,non_finite_values_in_sar_pre;non_finite_values_in_sar_post
TN_CHENNAI_FLOOD_2021_143611,TN_CHENNAI_FLOOD_2021,MULTIMODAL,FAIL,non_finite_values_in_sar_pre;non_finite_values_in_sar_post
TN_CHENNAI_FLOOD_2021_173312,TN_CHENNAI_FLOOD_2021,MULTIMODAL,FAIL,non_finite_values_in_sar_pre;non_finite_values_in_sar_post
TN_CHENNAI_FLOOD_2021_203000,TN_CHENNAI_FLOOD_2021,MULTIMODAL,PASS,none
TN_CHENNAI_FLOOD_2021_091156,TN_CHENNAI_FLOOD_2021,MULTIMODAL,FAIL,non_finite_values_in_sar_pre;non_finite_values_in_sar_post
TN_CHENNAI_FLOOD_2021_096205,TN_CHENNAI_FLOOD_2021,MULTIMODAL,FAIL,non_finite_values_in_sar_pre;non_finite_values_in_sar_post
TN_CHENNAI_FLOOD_2021_116130,TN_CHENNAI_FLOOD_2021,MULTIMODAL,FAIL,non_finite_values_in_sar_pre;non_finite_values_in_sar_post
TN_CHENNAI_FLOOD_2021_143747,TN_CHENNAI_FLOOD_2021,MULTIMODAL,FAIL,non_finite_values_in_sar_pre;non_finite_values_in_sar_post
TN_CHENNAI_FLOOD_2021_173372,TN_CHENNAI_FLOOD_2021,MULTIMODAL,PASS,none
TN_CHENNAI_FLOOD_2021_202996,TN_CHENNAI_FLOOD_2021,MULTIMODAL,PASS,none
TN_CHENNAI_FLOOD_2021_121024,TN_CHENNAI_FLOOD_2021,MULTIMODAL,FAIL,non_finite_values_in_sar_pre;non_finite_values_in_sar_post
TN_CHENNAI_FLOOD_2021_121169,TN_CHENNAI_FLOOD_2021,MULTIMODAL,FAIL,non_finite_values_in_sar_pre;non_finite_values_in_sar_post
TN_CHENNAI_FLOOD_2021_179018,TN_CHENNAI_FLOOD_2021,MULTIMODAL,FAIL,non_finite_values_in_sar_pre;non_finite_values_in_sar_post
TN_CHENNAI_FLOOD_2021_206065,TN_CHENNAI_FLOOD_2021,MULTIMODAL,PASS,none
TN_CHENNAI_FLOOD_2021_183187,TN_CHENNAI_FLOOD_2021,MULTIMODAL,FAIL,non_finite_values_in_sar_pre;non_finite_values_in_sar_post
TN_CHENNAI_FLOOD_2021_000007,TN_CHENNAI_FLOOD_2021,MULTIMODAL,FAIL,non_finite_values_in_sar_pre;non_finite_values_in_sar_post
TN_CHENNAI_FLOOD_2021_000031,TN_CHENNAI_FLOOD_2021,MULTIMODAL,FAIL,non_finite_values_in_sar_pre;non_finite_values_in_sar_post
TN_CHENNAI_FLOOD_2021_021818,TN_CHENNAI_FLOOD_2021,MULTIMODAL,FAIL,non_finite_values_in_sar_pre;non_finite_values_in_sar_post
TN_CHENNAI_FLOOD_2021_046551,TN_CHENNAI_FLOOD_2021,MULTIMODAL,FAIL,non_finite_values_in_sar_pre;non_finite_values_in_sar_post
TN_CHENNAI_FLOOD_2021_071288,TN_CHENNAI_FLOOD_2021,MULTIMODAL,FAIL,non_finite_values_in_sar_pre;non_finite_values_in_sar_post
TN_CHENNAI_FLOOD_2021_073386,TN_CHENNAI_FLOOD_2021,MULTIMODAL,FAIL,non_finite_values_in_sar_pre;non_finite_values_in_sar_post
TN_CHENNAI_FLOOD_2021_096241,TN_CHENNAI_FLOOD_2021,MULTIMODAL,FAIL,non_finite_values_in_sar_pre;non_finite_values_in_sar_post
TN_CHENNAI_FLOOD_2021_123783,TN_CHENNAI_FLOOD_2021,MULTIMODAL,FAIL,non_finite_values_in_sar_pre;non_finite_values_in_sar_post
TN_CHENNAI_FLOOD_2021_153530,TN_CHENNAI_FLOOD_2021,MULTIMODAL,FAIL,non_finite_values_in_sar_pre;non_finite_values_in_sar_post
TN_CHENNAI_FLOOD_2021_183192,TN_CHENNAI_FLOOD_2021,MULTIMODAL,PASS,none
TN_CHENNAI_FLOOD_2021_000013,TN_CHENNAI_FLOOD_2021,MULTIMODAL,FAIL,non_finite_values_in_sar_pre;non_finite_values_in_sar_post
TN_CHENNAI_FLOOD_2021_000042,TN_CHENNAI_FLOOD_2021,MULTIMODAL,FAIL,non_finite_values_in_sar_pre;non_finite_values_in_sar_post
TN_CHENNAI_FLOOD_2021_021828,TN_CHENNAI_FLOOD_2021,MULTIMODAL,FAIL,non_finite_values_in_sar_pre;non_finite_values_in_sar_post
TN_CHENNAI_FLOOD_2021_046559,TN_CHENNAI_FLOOD_2021,MULTIMODAL,FAIL,non_finite_values_in_sar_pre;non_finite_values_in_sar_post
TN_CHENNAI_FLOOD_2021_071283,TN_CHENNAI_FLOOD_2021,MULTIMODAL,FAIL,non_finite_values_in_sar_pre;non_finite_values_in_sar_post
TN_CHENNAI_FLOOD_2021_073179,TN_CHENNAI_FLOOD_2021,MULTIMODAL,FAIL,non_finite_values_in_sar_pre;non_finite_values_in_sar_post
TN_CHENNAI_FLOOD_2021_096323,TN_CHENNAI_FLOOD_2021,MULTIMODAL,FAIL,non_finite_values_in_sar_pre;non_finite_values_in_sar_post
TN_CHENNAI_FLOOD_2021_123809,TN_CHENNAI_FLOOD_2021,MULTIMODAL,FAIL,non_finite_values_in_sar_pre;non_finite_values_in_sar_post
TN_CHENNAI_FLOOD_2021_153531,TN_CHENNAI_FLOOD_2021,MULTIMODAL,FAIL,non_finite_values_in_sar_pre;non_finite_values_in_sar_post
TN_CHENNAI_FLOOD_2021_183215,TN_CHENNAI_FLOOD_2021,MULTIMODAL,PASS,none
TN_CHENNAI_FLOOD_2021_004988,TN_CHENNAI_FLOOD_2021,MULTIMODAL,FAIL,non_finite_values_in_sar_pre;non_finite_values_in_sar_post
TN_CHENNAI_FLOOD_2021_005026,TN_CHENNAI_FLOOD_2021,MULTIMODAL,FAIL,non_finite_values_in_sar_pre;non_finite_values_in_sar_post
TN_CHENNAI_FLOOD_2021_026778,TN_CHENNAI_FLOOD_2021,MULTIMODAL,FAIL,non_finite_values_in_sar_pre;non_finite_values_in_sar_post
TN_CHENNAI_FLOOD_2021_051513,TN_CHENNAI_FLOOD_2021,MULTIMODAL,FAIL,non_finite_values_in_sar_pre;non_finite_values_in_sar_post
TN_CHENNAI_FLOOD_2021_076258,TN_CHENNAI_FLOOD_2021,MULTIMODAL,FAIL,non_finite_values_in_sar_pre;non_finite_values_in_sar_post
TN_CHENNAI_FLOOD_2021_076688,TN_CHENNAI_FLOOD_2021,MULTIMODAL,FAIL,non_finite_values_in_sar_pre;non_finite_values_in_sar_post
TN_CHENNAI_FLOOD_2021_101218,TN_CHENNAI_FLOOD_2021,MULTIMODAL,FAIL,non_finite_values_in_sar_pre;non_finite_values_in_sar_post
TN_CHENNAI_FLOOD_2021_128750,TN_CHENNAI_FLOOD_2021,MULTIMODAL,FAIL,non_finite_values_in_sar_pre;non_finite_values_in_sar_post
TN_CHENNAI_FLOOD_2021_158507,TN_CHENNAI_FLOOD_2021,MULTIMODAL,FAIL,non_finite_values_in_sar_pre;non_finite_values_in_sar_post
TN_CHENNAI_FLOOD_2021_188130,TN_CHENNAI_FLOOD_2021,MULTIMODAL,PASS,none
TN_CHENNAI_FLOOD_2021_009953,TN_CHENNAI_FLOOD_2021,MULTIMODAL,FAIL,non_finite_values_in_sar_pre;non_finite_values_in_sar_post
TN_CHENNAI_FLOOD_2021_009982,TN_CHENNAI_FLOOD_2021,MULTIMODAL,FAIL,non_finite_values_in_sar_pre;non_finite_values_in_sar_post
TN_CHENNAI_FLOOD_2021_031719,TN_CHENNAI_FLOOD_2021,MULTIMODAL,FAIL,non_finite_values_in_sar_pre;non_finite_values_in_sar_post
TN_CHENNAI_FLOOD_2021_056435,TN_CHENNAI_FLOOD_2021,MULTIMODAL,FAIL,non_finite_values_in_sar_pre;non_finite_values_in_sar_post
TN_CHENNAI_FLOOD_2021_081207,TN_CHENNAI_FLOOD_2021,MULTIMODAL,FAIL,non_finite_values_in_sar_pre;non_finite_values_in_sar_post
TN_CHENNAI_FLOOD_2021_082051,TN_CHENNAI_FLOOD_2021,MULTIMODAL,FAIL,non_finite_values_in_sar_pre;non_finite_values_in_sar_post
TN_CHENNAI_FLOOD_2021_106177,TN_CHENNAI_FLOOD_2021,MULTIMODAL,FAIL,non_finite_values_in_sar_pre;non_finite_values_in_sar_post
TN_CHENNAI_FLOOD_2021_133707,TN_CHENNAI_FLOOD_2021,MULTIMODAL,FAIL,non_finite_values_in_sar_pre;non_finite_values_in_sar_post
TN_BUREVI_2020_000001,TN_BUREVI_2020,MULTIMODAL,FAIL,non_finite_values_in_sar_pre
TN_BUREVI_2020_000023,TN_BUREVI_2020,MULTIMODAL,FAIL,non_finite_values_in_sar_pre
TN_BUREVI_2020_013087,TN_BUREVI_2020,MULTIMODAL,FAIL,non_finite_values_in_sar_pre
TN_BUREVI_2020_024222,TN_BUREVI_2020,MULTIMODAL,FAIL,non_finite_values_in_sar_pre
TN_BUREVI_2020_041833,TN_BUREVI_2020,MULTIMODAL,FAIL,non_finite_values_in_sar_pre
TN_BUREVI_2020_041876,TN_BUREVI_2020,MULTIMODAL,FAIL,non_finite_values_in_sar_pre
TN_BUREVI_2020_061398,TN_BUREVI_2020,MULTIMODAL,FAIL,non_finite_values_in_sar_pre
TN_BUREVI_2020_082384,TN_BUREVI_2020,MULTIMODAL,FAIL,non_finite_values_in_sar_pre
TN_BUREVI_2020_094451,TN_BUREVI_2020,MULTIMODAL,PASS,none
TN_BUREVI_2020_099279,TN_BUREVI_2020,MULTIMODAL,PASS,none
TN_BUREVI_2020_000350,TN_BUREVI_2020,MULTIMODAL,FAIL,non_finite_values_in_sar_pre
TN_BUREVI_2020_000518,TN_BUREVI_2020,MULTIMODAL,FAIL,non_finite_values_in_sar_pre
TN_BUREVI_2020_013086,TN_BUREVI_2020,MULTIMODAL,FAIL,non_finite_values_in_sar_pre
TN_BUREVI_2020_024223,TN_BUREVI_2020,MULTIMODAL,FAIL,non_finite_values_in_sar_pre
TN_BUREVI_2020_041834,TN_BUREVI_2020,MULTIMODAL,FAIL,non_finite_values_in_sar_pre
TN_BUREVI_2020_042564,TN_BUREVI_2020,MULTIMODAL,FAIL,non_finite_values_in_sar_pre
TN_BUREVI_2020_061853,TN_BUREVI_2020,MULTIMODAL,FAIL,non_finite_values_in_sar_pre
TN_BUREVI_2020_082406,TN_BUREVI_2020,MULTIMODAL,FAIL,non_finite_values_in_sar_pre
TN_BUREVI_2020_094460,TN_BUREVI_2020,MULTIMODAL,PASS,none
TN_BUREVI_2020_099315,TN_BUREVI_2020,MULTIMODAL,PASS,none
TN_BUREVI_2020_000515,TN_BUREVI_2020,MULTIMODAL,FAIL,non_finite_values_in_sar_pre
TN_BUREVI_2020_000535,TN_BUREVI_2020,MULTIMODAL,FAIL,non_finite_values_in_sar_pre
TN_BUREVI_2020_014802,TN_BUREVI_2020,MULTIMODAL,FAIL,non_finite_values_in_sar_pre
TN_BUREVI_2020_025192,TN_BUREVI_2020,MULTIMODAL,FAIL,non_finite_values_in_sar_pre
TN_BUREVI_2020_042406,TN_BUREVI_2020,MULTIMODAL,FAIL,non_finite_values_in_sar_pre
TN_BUREVI_2020_062839,TN_BUREVI_2020,MULTIMODAL,FAIL,non_finite_values_in_sar_pre
TN_BUREVI_2020_062851,TN_BUREVI_2020,MULTIMODAL,FAIL,non_finite_values_in_sar_pre
TN_BUREVI_2020_082625,TN_BUREVI_2020,MULTIMODAL,FAIL,non_finite_values_in_sar_pre
TN_BUREVI_2020_094495,TN_BUREVI_2020,MULTIMODAL,PASS,none
TN_BUREVI_2020_099721,TN_BUREVI_2020,MULTIMODAL,PASS,none
TN_BUREVI_2020_000599,TN_BUREVI_2020,MULTIMODAL,FAIL,non_finite_values_in_sar_pre
TN_BUREVI_2020_000799,TN_BUREVI_2020,MULTIMODAL,FAIL,non_finite_values_in_sar_pre
TN_BUREVI_2020_015165,TN_BUREVI_2020,MULTIMODAL,FAIL,non_finite_values_in_sar_pre
TN_BUREVI_2020_030154,TN_BUREVI_2020,MULTIMODAL,FAIL,non_finite_values_in_sar_pre
TN_BUREVI_2020_045127,TN_BUREVI_2020,MULTIMODAL,FAIL,non_finite_values_in_sar_pre
TN_BUREVI_2020_047073,TN_BUREVI_2020,MULTIMODAL,FAIL,non_finite_values_in_sar_pre
TN_BUREVI_2020_063983,TN_BUREVI_2020,MULTIMODAL,FAIL,non_finite_values_in_sar_pre
TN_BUREVI_2020_082947,TN_BUREVI_2020,MULTIMODAL,FAIL,non_finite_values_in_sar_pre
TN_BUREVI_2020_095052,TN_BUREVI_2020,MULTIMODAL,PASS,none
TN_BUREVI_2020_099770,TN_BUREVI_2020,MULTIMODAL,PASS,none
TN_BUREVI_2020_005440,TN_BUREVI_2020,MULTIMODAL,FAIL,non_finite_values_in_sar_pre
TN_BUREVI_2020_005451,TN_BUREVI_2020,MULTIMODAL,FAIL,non_finite_values_in_sar_pre
TN_BUREVI_2020_016167,TN_BUREVI_2020,MULTIMODAL,FAIL,non_finite_values_in_sar_pre
TN_BUREVI_2020_034733,TN_BUREVI_2020,MULTIMODAL,FAIL,non_finite_values_in_sar_pre
TN_BUREVI_2020_050093,TN_BUREVI_2020,MULTIMODAL,FAIL,non_finite_values_in_sar_pre
TN_BUREVI_2020_050728,TN_BUREVI_2020,MULTIMODAL,FAIL,non_finite_values_in_sar_pre
TN_BUREVI_2020_067553,TN_BUREVI_2020,MULTIMODAL,FAIL,non_finite_values_in_sar_pre
TN_BUREVI_2020_084543,TN_BUREVI_2020,MULTIMODAL,FAIL,non_finite_values_in_sar_pre
TN_BUREVI_2020_096377,TN_BUREVI_2020,MULTIMODAL,PASS,none
TN_BUREVI_2020_100545,TN_BUREVI_2020,MULTIMODAL,PASS,none
TN_BUREVI_2020_008864,TN_BUREVI_2020,MULTIMODAL,FAIL,non_finite_values_in_sar_pre
TN_BUREVI_2020_010476,TN_BUREVI_2020,MULTIMODAL,FAIL,non_finite_values_in_sar_pre
TN_BUREVI_2020_016435,TN_BUREVI_2020,MULTIMODAL,FAIL,non_finite_values_in_sar_pre
TN_BUREVI_2020_034785,TN_BUREVI_2020,MULTIMODAL,FAIL,non_finite_values_in_sar_pre
TN_BUREVI_2020_050127,TN_BUREVI_2020,MULTIMODAL,FAIL,non_finite_values_in_sar_pre
TN_BUREVI_2020_056103,TN_BUREVI_2020,MULTIMODAL,FAIL,non_finite_values_in_sar_pre
TN_BUREVI_2020_067541,TN_BUREVI_2020,MULTIMODAL,FAIL,non_finite_values_in_sar_pre
TN_BUREVI_2020_084672,TN_BUREVI_2020,MULTIMODAL,FAIL,non_finite_values_in_sar_pre
TN_BUREVI_2020_096432,TN_BUREVI_2020,MULTIMODAL,PASS,none
TN_BUREVI_2020_100698,TN_BUREVI_2020,MULTIMODAL,PASS,none
TN_BUREVI_2020_010398,TN_BUREVI_2020,MULTIMODAL,FAIL,non_finite_values_in_sar_pre
TN_BUREVI_2020_010424,TN_BUREVI_2020,MULTIMODAL,FAIL,non_finite_values_in_sar_pre
TN_BUREVI_2020_019265,TN_BUREVI_2020,MULTIMODAL,FAIL,non_finite_values_in_sar_pre
TN_BUREVI_2020_039709,TN_BUREVI_2020,MULTIMODAL,FAIL,non_finite_values_in_sar_pre
TN_BUREVI_2020_055056,TN_BUREVI_2020,MULTIMODAL,FAIL,non_finite_values_in_sar_pre
TN_BUREVI_2020_072497,TN_BUREVI_2020,MULTIMODAL,FAIL,non_finite_values_in_sar_pre
TN_BUREVI_2020_072529,TN_BUREVI_2020,MULTIMODAL,FAIL,non_finite_values_in_sar_pre
TN_BUREVI_2020_087600,TN_BUREVI_2020,MULTIMODAL,FAIL,non_finite_values_in_sar_pre
TN_BUREVI_2020_097121,TN_BUREVI_2020,MULTIMODAL,PASS,none
TN_BUREVI_2020_101481,TN_BUREVI_2020,MULTIMODAL,PASS,none
TN_BUREVI_2020_011721,TN_BUREVI_2020,MULTIMODAL,FAIL,non_finite_values_in_sar_pre
TN_BUREVI_2020_011706,TN_BUREVI_2020,MULTIMODAL,FAIL,non_finite_values_in_sar_pre
TN_BUREVI_2020_022020,TN_BUREVI_2020,MULTIMODAL,FAIL,non_finite_values_in_sar_pre
TN_BUREVI_2020_102100,TN_BUREVI_2020,MULTIMODAL,PASS,none
TN_BUREVI_2020_012798,TN_BUREVI_2020,MULTIMODAL,FAIL,non_finite_values_in_sar_pre
TN_BUREVI_2020_012782,TN_BUREVI_2020,MULTIMODAL,FAIL,non_finite_values_in_sar_pre
TN_BUREVI_2020_023122,TN_BUREVI_2020,MULTIMODAL,FAIL,non_finite_values_in_sar_pre
TN_BUREVI_2020_041752,TN_BUREVI_2020,MULTIMODAL,FAIL,non_finite_values_in_sar_pre
TN_BUREVI_2020_012985,TN_BUREVI_2020,MULTIMODAL,FAIL,non_finite_values_in_sar_pre
TN_BUREVI_2020_012987,TN_BUREVI_2020,MULTIMODAL,FAIL,non_finite_values_in_sar_pre
TN_BUREVI_2020_094448,TN_BUREVI_2020,MULTIMODAL,PASS,none
TN_BUREVI_2020_000002,TN_BUREVI_2020,MULTIMODAL,FAIL,non_finite_values_in_sar_pre
TN_BUREVI_2020_000061,TN_BUREVI_2020,MULTIMODAL,FAIL,non_finite_values_in_sar_pre
TN_BUREVI_2020_013088,TN_BUREVI_2020,MULTIMODAL,FAIL,non_finite_values_in_sar_pre
TN_BUREVI_2020_024224,TN_BUREVI_2020,MULTIMODAL,FAIL,non_finite_values_in_sar_pre
TN_BUREVI_2020_041836,TN_BUREVI_2020,MULTIMODAL,FAIL,non_finite_values_in_sar_pre
TN_BUREVI_2020_041988,TN_BUREVI_2020,MULTIMODAL,FAIL,non_finite_values_in_sar_pre
TN_BUREVI_2020_061405,TN_BUREVI_2020,MULTIMODAL,FAIL,non_finite_values_in_sar_pre
TN_BUREVI_2020_082455,TN_BUREVI_2020,MULTIMODAL,FAIL,non_finite_values_in_sar_pre
TN_BUREVI_2020_094452,TN_BUREVI_2020,MULTIMODAL,PASS,none
TN_BUREVI_2020_099280,TN_BUREVI_2020,MULTIMODAL,PASS,none
TN_BUREVI_2020_000359,TN_BUREVI_2020,MULTIMODAL,FAIL,non_finite_values_in_sar_pre
TN_BUREVI_2020_000525,TN_BUREVI_2020,MULTIMODAL,FAIL,non_finite_values_in_sar_pre
TN_BUREVI_2020_013114,TN_BUREVI_2020,MULTIMODAL,FAIL,non_finite_values_in_sar_pre
TN_BUREVI_2020_024226,TN_BUREVI_2020,MULTIMODAL,FAIL,non_finite_values_in_sar_pre
TN_BUREVI_2020_041837,TN_BUREVI_2020,MULTIMODAL,FAIL,non_finite_values_in_sar_pre
TN_BUREVI_2020_042853,TN_BUREVI_2020,MULTIMODAL,FAIL,non_finite_values_in_sar_pre
TN_BUREVI_2020_062637,TN_BUREVI_2020,MULTIMODAL,FAIL,non_finite_values_in_sar_pre
TN_BUREVI_2020_082500,TN_BUREVI_2020,MULTIMODAL,FAIL,non_finite_values_in_sar_pre
TN_BUREVI_2020_094461,TN_BUREVI_2020,MULTIMODAL,PASS,none
TN_BUREVI_2020_099353,TN_BUREVI_2020,MULTIMODAL,PASS,none
TN_BUREVI_2020_000516,TN_BUREVI_2020,MULTIMODAL,FAIL,non_finite_values_in_sar_pre
TN_BUREVI_2020_000577,TN_BUREVI_2020,MULTIMODAL,FAIL,non_finite_values_in_sar_pre
TN_BUREVI_2020_014831,TN_BUREVI_2020,MULTIMODAL,FAIL,non_finite_values_in_sar_pre
TN_BUREVI_2020_025194,TN_BUREVI_2020,MULTIMODAL,FAIL,non_finite_values_in_sar_pre
TN_BUREVI_2020_042408,TN_BUREVI_2020,MULTIMODAL,FAIL,non_finite_values_in_sar_pre
TN_BUREVI_2020_062840,TN_BUREVI_2020,MULTIMODAL,FAIL,non_finite_values_in_sar_pre
TN_BUREVI_2020_062870,TN_BUREVI_2020,MULTIMODAL,FAIL,non_finite_values_in_sar_pre
TN_BUREVI_2020_082656,TN_BUREVI_2020,MULTIMODAL,FAIL,non_finite_values_in_sar_pre
TN_BUREVI_2020_094503,TN_BUREVI_2020,MULTIMODAL,PASS,none
TN_BUREVI_2020_099733,TN_BUREVI_2020,MULTIMODAL,PASS,none
TN_BUREVI_2020_000600,TN_BUREVI_2020,MULTIMODAL,FAIL,non_finite_values_in_sar_pre
TN_BUREVI_2020_002076,TN_BUREVI_2020,MULTIMODAL,FAIL,non_finite_values_in_sar_pre
TN_BUREVI_2020_015171,TN_BUREVI_2020,MULTIMODAL,FAIL,non_finite_values_in_sar_pre
TN_BUREVI_2020_030156,TN_BUREVI_2020,MULTIMODAL,FAIL,non_finite_values_in_sar_pre
TN_BUREVI_2020_045128,TN_BUREVI_2020,MULTIMODAL,FAIL,non_finite_values_in_sar_pre
TN_BUREVI_2020_052321,TN_BUREVI_2020,MULTIMODAL,FAIL,non_finite_values_in_sar_pre
TN_BUREVI_2020_063997,TN_BUREVI_2020,MULTIMODAL,FAIL,non_finite_values_in_sar_pre
TN_BUREVI_2020_082963,TN_BUREVI_2020,MULTIMODAL,FAIL,non_finite_values_in_sar_pre
TN_BUREVI_2020_095054,TN_BUREVI_2020,MULTIMODAL,PASS,none
TN_BUREVI_2020_099771,TN_BUREVI_2020,MULTIMODAL,PASS,none
TN_BUREVI_2020_005441,TN_BUREVI_2020,MULTIMODAL,FAIL,non_finite_values_in_sar_pre
TN_BUREVI_2020_005452,TN_BUREVI_2020,MULTIMODAL,FAIL,non_finite_values_in_sar_pre
TN_BUREVI_2020_016168,TN_BUREVI_2020,MULTIMODAL,FAIL,non_finite_values_in_sar_pre
TN_BUREVI_2020_034734,TN_BUREVI_2020,MULTIMODAL,FAIL,non_finite_values_in_sar_pre
TN_BUREVI_2020_050095,TN_BUREVI_2020,MULTIMODAL,FAIL,non_finite_values_in_sar_pre
TN_BUREVI_2020_067534,TN_BUREVI_2020,MULTIMODAL,FAIL,non_finite_values_in_sar_pre
TN_BUREVI_2020_067566,TN_BUREVI_2020,MULTIMODAL,FAIL,non_finite_values_in_sar_pre
TN_BUREVI_2020_084618,TN_BUREVI_2020,MULTIMODAL,FAIL,non_finite_values_in_sar_pre
TN_BUREVI_2020_096378,TN_BUREVI_2020,MULTIMODAL,PASS,none
TN_BUREVI_2020_100546,TN_BUREVI_2020,MULTIMODAL,PASS,none
TN_BUREVI_2020_010055,TN_BUREVI_2020,MULTIMODAL,FAIL,non_finite_values_in_sar_pre
TN_BUREVI_2020_010486,TN_BUREVI_2020,MULTIMODAL,FAIL,non_finite_values_in_sar_pre
TN_BUREVI_2020_017390,TN_BUREVI_2020,MULTIMODAL,FAIL,non_finite_values_in_sar_pre
TN_BUREVI_2020_035201,TN_BUREVI_2020,MULTIMODAL,FAIL,non_finite_values_in_sar_pre
TN_BUREVI_2020_050167,TN_BUREVI_2020,MULTIMODAL,FAIL,non_finite_values_in_sar_pre
TN_BUREVI_2020_067604,TN_BUREVI_2020,MULTIMODAL,FAIL,non_finite_values_in_sar_pre
TN_BUREVI_2020_067663,TN_BUREVI_2020,MULTIMODAL,FAIL,non_finite_values_in_sar_pre
TN_BUREVI_2020_084717,TN_BUREVI_2020,MULTIMODAL,FAIL,non_finite_values_in_sar_pre
TN_BUREVI_2020_096451,TN_BUREVI_2020,MULTIMODAL,PASS,none
TN_BUREVI_2020_101480,TN_BUREVI_2020,MULTIMODAL,PASS,none
TN_BUREVI_2020_010405,TN_BUREVI_2020,MULTIMODAL,FAIL,non_finite_values_in_sar_pre
TN_BUREVI_2020_010503,TN_BUREVI_2020,MULTIMODAL,FAIL,non_finite_values_in_sar_pre
TN_BUREVI_2020_019271,TN_BUREVI_2020,MULTIMODAL,FAIL,non_finite_values_in_sar_pre
TN_BUREVI_2020_039876,TN_BUREVI_2020,MULTIMODAL,FAIL,non_finite_values_in_sar_pre
TN_BUREVI_2020_055071,TN_BUREVI_2020,MULTIMODAL,FAIL,non_finite_values_in_sar_pre
TN_BUREVI_2020_072499,TN_BUREVI_2020,MULTIMODAL,FAIL,non_finite_values_in_sar_pre
TN_BUREVI_2020_072530,TN_BUREVI_2020,MULTIMODAL,FAIL,non_finite_values_in_sar_pre
TN_BUREVI_2020_087626,TN_BUREVI_2020,MULTIMODAL,FAIL,non_finite_values_in_sar_pre
TN_BUREVI_2020_097131,TN_BUREVI_2020,MULTIMODAL,PASS,none
TN_BUREVI_2020_101484,TN_BUREVI_2020,MULTIMODAL,PASS,none
TN_BUREVI_2020_011724,TN_BUREVI_2020,MULTIMODAL,FAIL,non_finite_values_in_sar_pre
TN_BUREVI_2020_011710,TN_BUREVI_2020,MULTIMODAL,FAIL,non_finite_values_in_sar_pre
TN_BUREVI_2020_022111,TN_BUREVI_2020,MULTIMODAL,FAIL,non_finite_values_in_sar_pre
TN_BUREVI_2020_102106,TN_BUREVI_2020,MULTIMODAL,PASS,none
TN_BUREVI_2020_012802,TN_BUREVI_2020,MULTIMODAL,FAIL,non_finite_values_in_sar_pre
TN_BUREVI_2020_012784,TN_BUREVI_2020,MULTIMODAL,FAIL,non_finite_values_in_sar_pre
TN_BUREVI_2020_023139,TN_BUREVI_2020,MULTIMODAL,FAIL,non_finite_values_in_sar_pre
TN_BUREVI_2020_041754,TN_BUREVI_2020,MULTIMODAL,FAIL,non_finite_values_in_sar_pre
TN_BUREVI_2020_012986,TN_BUREVI_2020,MULTIMODAL,FAIL,non_finite_values_in_sar_pre
TN_BUREVI_2020_012988,TN_BUREVI_2020,MULTIMODAL,FAIL,non_finite_values_in_sar_pre
TN_BUREVI_2020_094449,TN_BUREVI_2020,MULTIMODAL,PASS,none
TN_BUREVI_2020_000003,TN_BUREVI_2020,MULTIMODAL,FAIL,non_finite_values_in_sar_pre
TN_BUREVI_2020_000097,TN_BUREVI_2020,MULTIMODAL,FAIL,non_finite_values_in_sar_pre
TN_BUREVI_2020_013089,TN_BUREVI_2020,MULTIMODAL,FAIL,non_finite_values_in_sar_pre
TN_BUREVI_2020_024230,TN_BUREVI_2020,MULTIMODAL,FAIL,non_finite_values_in_sar_pre
TN_BUREVI_2020_041840,TN_BUREVI_2020,MULTIMODAL,FAIL,non_finite_values_in_sar_pre
TN_BUREVI_2020_041999,TN_BUREVI_2020,MULTIMODAL,FAIL,non_finite_values_in_sar_pre
TN_BUREVI_2020_061407,TN_BUREVI_2020,MULTIMODAL,FAIL,non_finite_values_in_sar_pre
TN_BUREVI_2020_082473,TN_BUREVI_2020,MULTIMODAL,FAIL,non_finite_values_in_sar_pre
TN_BUREVI_2020_094453,TN_BUREVI_2020,MULTIMODAL,PASS,none
TN_BUREVI_2020_099281,TN_BUREVI_2020,MULTIMODAL,PASS,none
TN_BUREVI_2020_000403,TN_BUREVI_2020,MULTIMODAL,FAIL,non_finite_values_in_sar_pre
TN_BUREVI_2020_000529,TN_BUREVI_2020,MULTIMODAL,FAIL,non_finite_values_in_sar_pre
TN_BUREVI_2020_013125,TN_BUREVI_2020,MULTIMODAL,FAIL,non_finite_values_in_sar_pre
TN_BUREVI_2020_024227,TN_BUREVI_2020,MULTIMODAL,FAIL,non_finite_values_in_sar_pre
TN_BUREVI_2020_041838,TN_BUREVI_2020,MULTIMODAL,FAIL,non_finite_values_in_sar_pre
TN_BUREVI_2020_042859,TN_BUREVI_2020,MULTIMODAL,FAIL,non_finite_values_in_sar_pre
TN_BUREVI_2020_062762,TN_BUREVI_2020,MULTIMODAL,FAIL,non_finite_values_in_sar_pre
TN_BUREVI_2020_082521,TN_BUREVI_2020,MULTIMODAL,FAIL,non_finite_values_in_sar_pre
TN_BUREVI_2020_094462,TN_BUREVI_2020,MULTIMODAL,PASS,none
TN_BUREVI_2020_099385,TN_BUREVI_2020,MULTIMODAL,PASS,none
TN_BUREVI_2020_000517,TN_BUREVI_2020,MULTIMODAL,FAIL,non_finite_values_in_sar_pre
TN_BUREVI_2020_014777,TN_BUREVI_2020,MULTIMODAL,FAIL,non_finite_values_in_sar_pre
TN_BUREVI_2020_014859,TN_BUREVI_2020,MULTIMODAL,FAIL,non_finite_values_in_sar_pre
TN_BUREVI_2020_025195,TN_BUREVI_2020,MULTIMODAL,FAIL,non_finite_values_in_sar_pre
TN_BUREVI_2020_042409,TN_BUREVI_2020,MULTIMODAL,FAIL,non_finite_values_in_sar_pre
TN_BUREVI_2020_062841,TN_BUREVI_2020,MULTIMODAL,FAIL,non_finite_values_in_sar_pre
TN_BUREVI_2020_062886,TN_BUREVI_2020,MULTIMODAL,FAIL,non_finite_values_in_sar_pre
TN_BUREVI_2020_082703,TN_BUREVI_2020,MULTIMODAL,FAIL,non_finite_values_in_sar_pre
TN_BUREVI_2020_094508,TN_BUREVI_2020,MULTIMODAL,PASS,none
TN_BUREVI_2020_099735,TN_BUREVI_2020,MULTIMODAL,PASS,none
TN_BUREVI_2020_000602,TN_BUREVI_2020,MULTIMODAL,FAIL,non_finite_values_in_sar_pre
TN_BUREVI_2020_002210,TN_BUREVI_2020,MULTIMODAL,FAIL,non_finite_values_in_sar_pre
TN_BUREVI_2020_015173,TN_BUREVI_2020,MULTIMODAL,FAIL,non_finite_values_in_sar_pre
TN_BUREVI_2020_030157,TN_BUREVI_2020,MULTIMODAL,FAIL,non_finite_values_in_sar_pre
TN_BUREVI_2020_045129,TN_BUREVI_2020,MULTIMODAL,FAIL,non_finite_values_in_sar_pre
TN_BUREVI_2020_052912,TN_BUREVI_2020,MULTIMODAL,FAIL,non_finite_values_in_sar_pre
TN_BUREVI_2020_064044,TN_BUREVI_2020,MULTIMODAL,FAIL,non_finite_values_in_sar_pre
TN_BUREVI_2020_082966,TN_BUREVI_2020,MULTIMODAL,FAIL,non_finite_values_in_sar_pre
TN_NADA_2016_000001,TN_NADA_2016,SAR_ONLY,PASS,none
TN_NADA_2016_000022,TN_NADA_2016,SAR_ONLY,PASS,none
TN_NADA_2016_008545,TN_NADA_2016,SAR_ONLY,PASS,none
TN_NADA_2016_016999,TN_NADA_2016,SAR_ONLY,PASS,none
TN_NADA_2016_029833,TN_NADA_2016,SAR_ONLY,PASS,none
TN_NADA_2016_030554,TN_NADA_2016,SAR_ONLY,PASS,none
TN_NADA_2016_048040,TN_NADA_2016,SAR_ONLY,PASS,none
TN_NADA_2016_069495,TN_NADA_2016,SAR_ONLY,PASS,none
TN_NADA_2016_085402,TN_NADA_2016,SAR_ONLY,PASS,none
TN_NADA_2016_096325,TN_NADA_2016,SAR_ONLY,PASS,none
TN_NADA_2016_000002,TN_NADA_2016,SAR_ONLY,PASS,none
TN_NADA_2016_000119,TN_NADA_2016,SAR_ONLY,PASS,none
TN_NADA_2016_008628,TN_NADA_2016,SAR_ONLY,PASS,none
TN_NADA_2016_016991,TN_NADA_2016,SAR_ONLY,PASS,none
TN_NADA_2016_029834,TN_NADA_2016,SAR_ONLY,PASS,none
TN_NADA_2016_029832,TN_NADA_2016,SAR_ONLY,PASS,none
TN_NADA_2016_048043,TN_NADA_2016,SAR_ONLY,PASS,none
TN_NADA_2016_069514,TN_NADA_2016,SAR_ONLY,PASS,none
TN_NADA_2016_085401,TN_NADA_2016,SAR_ONLY,PASS,none
TN_NADA_2016_096322,TN_NADA_2016,SAR_ONLY,PASS,none
TN_NADA_2016_000717,TN_NADA_2016,SAR_ONLY,PASS,none
TN_NADA_2016_000716,TN_NADA_2016,SAR_ONLY,PASS,none
TN_NADA_2016_009976,TN_NADA_2016,SAR_ONLY,PASS,none
TN_NADA_2016_017761,TN_NADA_2016,SAR_ONLY,PASS,none
TN_NADA_2016_030748,TN_NADA_2016,SAR_ONLY,PASS,none
TN_NADA_2016_030993,TN_NADA_2016,SAR_ONLY,PASS,none
TN_NADA_2016_051800,TN_NADA_2016,SAR_ONLY,PASS,none
TN_NADA_2016_071729,TN_NADA_2016,SAR_ONLY,PASS,none
TN_NADA_2016_086359,TN_NADA_2016,SAR_ONLY,PASS,none
TN_NADA_2016_097192,TN_NADA_2016,SAR_ONLY,PASS,none
TN_NADA_2016_000743,TN_NADA_2016,SAR_ONLY,PASS,none
TN_NADA_2016_002057,TN_NADA_2016,SAR_ONLY,PASS,none
TN_NADA_2016_010379,TN_NADA_2016,SAR_ONLY,PASS,none
TN_NADA_2016_017762,TN_NADA_2016,SAR_ONLY,PASS,none
TN_NADA_2016_030755,TN_NADA_2016,SAR_ONLY,PASS,none
TN_NADA_2016_032438,TN_NADA_2016,SAR_ONLY,PASS,none
TN_NADA_2016_051786,TN_NADA_2016,SAR_ONLY,PASS,none
TN_NADA_2016_071859,TN_NADA_2016,SAR_ONLY,PASS,none
TN_NADA_2016_086361,TN_NADA_2016,SAR_ONLY,PASS,none
TN_NADA_2016_097194,TN_NADA_2016,SAR_ONLY,PASS,none
TN_NADA_2016_002049,TN_NADA_2016,SAR_ONLY,PASS,none
TN_NADA_2016_002050,TN_NADA_2016,SAR_ONLY,PASS,none
TN_NADA_2016_010764,TN_NADA_2016,SAR_ONLY,PASS,none
TN_NADA_2016_018442,TN_NADA_2016,SAR_ONLY,PASS,none
TN_NADA_2016_034155,TN_NADA_2016,SAR_ONLY,PASS,none
TN_NADA_2016_038582,TN_NADA_2016,SAR_ONLY,PASS,none
TN_NADA_2016_054603,TN_NADA_2016,SAR_ONLY,PASS,none
TN_NADA_2016_073661,TN_NADA_2016,SAR_ONLY,PASS,none
TN_NADA_2016_088255,TN_NADA_2016,SAR_ONLY,PASS,none
TN_NADA_2016_098624,TN_NADA_2016,SAR_ONLY,PASS,none
TN_NADA_2016_005129,TN_NADA_2016,SAR_ONLY,PASS,none
TN_NADA_2016_005137,TN_NADA_2016,SAR_ONLY,PASS,none
TN_NADA_2016_011953,TN_NADA_2016,SAR_ONLY,PASS,none
TN_NADA_2016_019963,TN_NADA_2016,SAR_ONLY,PASS,none
TN_NADA_2016_039115,TN_NADA_2016,SAR_ONLY,PASS,none
TN_NADA_2016_043758,TN_NADA_2016,SAR_ONLY,PASS,none
TN_NADA_2016_059526,TN_NADA_2016,SAR_ONLY,PASS,none
TN_NADA_2016_078622,TN_NADA_2016,SAR_ONLY,PASS,none
TN_NADA_2016_090631,TN_NADA_2016,SAR_ONLY,PASS,none
TN_NADA_2016_102762,TN_NADA_2016,SAR_ONLY,PASS,none
TN_NADA_2016_005135,TN_NADA_2016,SAR_ONLY,PASS,none
TN_NADA_2016_005134,TN_NADA_2016,SAR_ONLY,PASS,none
TN_NADA_2016_011958,TN_NADA_2016,SAR_ONLY,PASS,none
TN_NADA_2016_019969,TN_NADA_2016,SAR_ONLY,PASS,none
TN_NADA_2016_039117,TN_NADA_2016,SAR_ONLY,PASS,none
TN_NADA_2016_059523,TN_NADA_2016,SAR_ONLY,PASS,none
TN_NADA_2016_059535,TN_NADA_2016,SAR_ONLY,PASS,none
TN_NADA_2016_078625,TN_NADA_2016,SAR_ONLY,PASS,none
TN_NADA_2016_090625,TN_NADA_2016,SAR_ONLY,PASS,none
TN_NADA_2016_102761,TN_NADA_2016,SAR_ONLY,PASS,none
TN_NADA_2016_008397,TN_NADA_2016,SAR_ONLY,PASS,none
TN_NADA_2016_016926,TN_NADA_2016,SAR_ONLY,PASS,none
TN_NADA_2016_024895,TN_NADA_2016,SAR_ONLY,PASS,none
TN_NADA_2016_044064,TN_NADA_2016,SAR_ONLY,PASS,none
TN_NADA_2016_064445,TN_NADA_2016,SAR_ONLY,PASS,none
TN_NADA_2016_064455,TN_NADA_2016,SAR_ONLY,PASS,none
TN_NADA_2016_083293,TN_NADA_2016,SAR_ONLY,PASS,none
TN_NADA_2016_091816,TN_NADA_2016,SAR_ONLY,PASS,none
TN_NADA_2016_104120,TN_NADA_2016,SAR_ONLY,PASS,none
TN_NADA_2016_016990,TN_NADA_2016,SAR_ONLY,PASS,none
TN_NADA_2016_044283,TN_NADA_2016,SAR_ONLY,PASS,none
TN_NADA_2016_064501,TN_NADA_2016,SAR_ONLY,PASS,none
TN_NADA_2016_064465,TN_NADA_2016,SAR_ONLY,PASS,none
TN_NADA_2016_083773,TN_NADA_2016,SAR_ONLY,PASS,none
TN_NADA_2016_091889,TN_NADA_2016,SAR_ONLY,PASS,none
TN_NADA_2016_104119,TN_NADA_2016,SAR_ONLY,PASS,none
TN_NADA_2016_069490,TN_NADA_2016,SAR_ONLY,PASS,none
TN_NADA_2016_085395,TN_NADA_2016,SAR_ONLY,PASS,none
TN_NADA_2016_085060,TN_NADA_2016,SAR_ONLY,PASS,none
TN_NADA_2016_095919,TN_NADA_2016,SAR_ONLY,PASS,none
TN_NADA_2016_107800,TN_NADA_2016,SAR_ONLY,PASS,none
TN_NADA_2016_000004,TN_NADA_2016,SAR_ONLY,PASS,none
TN_NADA_2016_000034,TN_NADA_2016,SAR_ONLY,PASS,none
TN_NADA_2016_008553,TN_NADA_2016,SAR_ONLY,PASS,none
TN_NADA_2016_017000,TN_NADA_2016,SAR_ONLY,PASS,none
TN_NADA_2016_029837,TN_NADA_2016,SAR_ONLY,PASS,none
TN_NADA_2016_048039,TN_NADA_2016,SAR_ONLY,PASS,none
TN_NADA_2016_048041,TN_NADA_2016,SAR_ONLY,PASS,none
TN_NADA_2016_069496,TN_NADA_2016,SAR_ONLY,PASS,none
TN_NADA_2016_085404,TN_NADA_2016,SAR_ONLY,PASS,none
TN_NADA_2016_096332,TN_NADA_2016,SAR_ONLY,PASS,none
TN_NADA_2016_000003,TN_NADA_2016,SAR_ONLY,PASS,none
TN_NADA_2016_000190,TN_NADA_2016,SAR_ONLY,PASS,none
TN_NADA_2016_008755,TN_NADA_2016,SAR_ONLY,PASS,none
TN_NADA_2016_016994,TN_NADA_2016,SAR_ONLY,PASS,none
TN_NADA_2016_029835,TN_NADA_2016,SAR_ONLY,PASS,none
TN_NADA_2016_029839,TN_NADA_2016,SAR_ONLY,PASS,none
TN_NADA_2016_048056,TN_NADA_2016,SAR_ONLY,PASS,none
TN_NADA_2016_069524,TN_NADA_2016,SAR_ONLY,PASS,none
TN_NADA_2016_085403,TN_NADA_2016,SAR_ONLY,PASS,none
TN_NADA_2016_096324,TN_NADA_2016,SAR_ONLY,PASS,none
TN_NADA_2016_000718,TN_NADA_2016,SAR_ONLY,PASS,none
TN_NADA_2016_000719,TN_NADA_2016,SAR_ONLY,PASS,none
TN_NADA_2016_009980,TN_NADA_2016,SAR_ONLY,PASS,none
TN_NADA_2016_017763,TN_NADA_2016,SAR_ONLY,PASS,none
TN_NADA_2016_030749,TN_NADA_2016,SAR_ONLY,PASS,none
TN_NADA_2016_031502,TN_NADA_2016,SAR_ONLY,PASS,none
TN_NADA_2016_051806,TN_NADA_2016,SAR_ONLY,PASS,none
TN_NADA_2016_071819,TN_NADA_2016,SAR_ONLY,PASS,none
TN_NADA_2016_086360,TN_NADA_2016,SAR_ONLY,PASS,none
TN_NADA_2016_097193,TN_NADA_2016,SAR_ONLY,PASS,none
TN_NADA_2016_000748,TN_NADA_2016,SAR_ONLY,PASS,none
TN_NADA_2016_002067,TN_NADA_2016,SAR_ONLY,PASS,none
TN_NADA_2016_010701,TN_NADA_2016,SAR_ONLY,PASS,none
TN_NADA_2016_017768,TN_NADA_2016,SAR_ONLY,PASS,none
TN_NADA_2016_030756,TN_NADA_2016,SAR_ONLY,PASS,none
TN_NADA_2016_033450,TN_NADA_2016,SAR_ONLY,PASS,none
TN_NADA_2016_051789,TN_NADA_2016,SAR_ONLY,PASS,none
TN_NADA_2016_071988,TN_NADA_2016,SAR_ONLY,PASS,none
TN_NADA_2016_086367,TN_NADA_2016,SAR_ONLY,PASS,none
TN_NADA_2016_097196,TN_NADA_2016,SAR_ONLY,PASS,none
TN_NADA_2016_002052,TN_NADA_2016,SAR_ONLY,PASS,none
TN_NADA_2016_002065,TN_NADA_2016,SAR_ONLY,PASS,none
TN_NADA_2016_010977,TN_NADA_2016,SAR_ONLY,PASS,none
TN_NADA_2016_018443,TN_NADA_2016,SAR_ONLY,PASS,none
TN_NADA_2016_034157,TN_NADA_2016,SAR_ONLY,PASS,none
TN_NADA_2016_041904,TN_NADA_2016,SAR_ONLY,PASS,none
TN_NADA_2016_054605,TN_NADA_2016,SAR_ONLY,PASS,none
TN_NADA_2016_073690,TN_NADA_2016,SAR_ONLY,PASS,none
TN_NADA_2016_088259,TN_NADA_2016,SAR_ONLY,PASS,none
TN_NADA_2016_098628,TN_NADA_2016,SAR_ONLY,PASS,none
TN_NADA_2016_005130,TN_NADA_2016,SAR_ONLY,PASS,none
TN_NADA_2016_005145,TN_NADA_2016,SAR_ONLY,PASS,none
TN_NADA_2016_011954,TN_NADA_2016,SAR_ONLY,PASS,none
TN_NADA_2016_019976,TN_NADA_2016,SAR_ONLY,PASS,none
TN_NADA_2016_039116,TN_NADA_2016,SAR_ONLY,PASS,none
TN_NADA_2016_059522,TN_NADA_2016,SAR_ONLY,PASS,none
TN_NADA_2016_059532,TN_NADA_2016,SAR_ONLY,PASS,none
TN_NADA_2016_078641,TN_NADA_2016,SAR_ONLY,PASS,none
TN_NADA_2016_090641,TN_NADA_2016,SAR_ONLY,PASS,none
TN_NADA_2016_102763,TN_NADA_2016,SAR_ONLY,PASS,none
TN_NADA_2016_005136,TN_NADA_2016,SAR_ONLY,PASS,none
TN_NADA_2016_005153,TN_NADA_2016,SAR_ONLY,PASS,none
TN_NADA_2016_011967,TN_NADA_2016,SAR_ONLY,PASS,none
TN_NADA_2016_019971,TN_NADA_2016,SAR_ONLY,PASS,none
TN_NADA_2016_039122,TN_NADA_2016,SAR_ONLY,PASS,none
TN_NADA_2016_059524,TN_NADA_2016,SAR_ONLY,PASS,none
TN_NADA_2016_059538,TN_NADA_2016,SAR_ONLY,PASS,none
TN_NADA_2016_078626,TN_NADA_2016,SAR_ONLY,PASS,none
TN_NADA_2016_090627,TN_NADA_2016,SAR_ONLY,PASS,none
TN_NADA_2016_102765,TN_NADA_2016,SAR_ONLY,PASS,none
TN_NADA_2016_016928,TN_NADA_2016,SAR_ONLY,PASS,none
TN_NADA_2016_024899,TN_NADA_2016,SAR_ONLY,PASS,none
TN_NADA_2016_044066,TN_NADA_2016,SAR_ONLY,PASS,none
TN_NADA_2016_064446,TN_NADA_2016,SAR_ONLY,PASS,none
TN_NADA_2016_064458,TN_NADA_2016,SAR_ONLY,PASS,none
TN_NADA_2016_083304,TN_NADA_2016,SAR_ONLY,PASS,none
TN_NADA_2016_091817,TN_NADA_2016,SAR_ONLY,PASS,none
TN_NADA_2016_104123,TN_NADA_2016,SAR_ONLY,PASS,none
TN_NADA_2016_045134,TN_NADA_2016,SAR_ONLY,PASS,none
TN_NADA_2016_064582,TN_NADA_2016,SAR_ONLY,PASS,none
TN_NADA_2016_064494,TN_NADA_2016,SAR_ONLY,PASS,none
TN_NADA_2016_083923,TN_NADA_2016,SAR_ONLY,PASS,none
TN_NADA_2016_091898,TN_NADA_2016,SAR_ONLY,PASS,none
TN_NADA_2016_104126,TN_NADA_2016,SAR_ONLY,PASS,none
TN_NADA_2016_085398,TN_NADA_2016,SAR_ONLY,PASS,none
TN_NADA_2016_085212,TN_NADA_2016,SAR_ONLY,PASS,none
TN_NADA_2016_107806,TN_NADA_2016,SAR_ONLY,PASS,none
TN_NADA_2016_000005,TN_NADA_2016,SAR_ONLY,PASS,none
TN_NADA_2016_000062,TN_NADA_2016,SAR_ONLY,PASS,none
TN_NADA_2016_008564,TN_NADA_2016,SAR_ONLY,PASS,none
TN_NADA_2016_017001,TN_NADA_2016,SAR_ONLY,PASS,none
TN_NADA_2016_029847,TN_NADA_2016,SAR_ONLY,PASS,none
TN_NADA_2016_048044,TN_NADA_2016,SAR_ONLY,PASS,none
TN_NADA_2016_048057,TN_NADA_2016,SAR_ONLY,PASS,none
TN_NADA_2016_069497,TN_NADA_2016,SAR_ONLY,PASS,none
TN_NADA_2016_085405,TN_NADA_2016,SAR_ONLY,PASS,none
TN_NADA_2016_096333,TN_NADA_2016,SAR_ONLY,PASS,none
TN_NADA_2016_000008,TN_NADA_2016,SAR_ONLY,PASS,none
TN_NADA_2016_000302,TN_NADA_2016,SAR_ONLY,PASS,none
TN_NADA_2016_009166,TN_NADA_2016,SAR_ONLY,PASS,none
TN_NADA_2016_016995,TN_NADA_2016,SAR_ONLY,PASS,none
TN_NADA_2016_029836,TN_NADA_2016,SAR_ONLY,PASS,none
TN_NADA_2016_029897,TN_NADA_2016,SAR_ONLY,PASS,none
TN_NADA_2016_048061,TN_NADA_2016,SAR_ONLY,PASS,none
TN_NADA_2016_069542,TN_NADA_2016,SAR_ONLY,PASS,none
TN_NADA_2016_085408,TN_NADA_2016,SAR_ONLY,PASS,none
TN_NADA_2016_096326,TN_NADA_2016,SAR_ONLY,PASS,none
TN_NADA_2016_000720,TN_NADA_2016,SAR_ONLY,PASS,none
TN_NADA_2016_000722,TN_NADA_2016,SAR_ONLY,PASS,none
