building_id,event_id,label,geometry_hash
TN_VARDAH_2016_000003,TN_VARDAH_2016,0,30bb327b00cede47
TN_VARDAH_2016_000001,TN_VARDAH_2016,1,db92a6a44d83af46
TN_VARDAH_2016_021812,TN_VARDAH_2016,0,9928206cb5ffd2e8
TN_VARDAH_2016_046548,TN_VARDAH_2016,0,ef753ca579845ad9
TN_VARDAH_2016_071942,TN_VARDAH_2016,1,7be06f1776fc023c
TN_VARDAH_2016_096226,TN_VARDAH_2016,0,621010d25244a20a
TN_VARDAH_2016_123776,TN_VARDAH_2016,0,259b9bd8c8af39e0
TN_VARDAH_2016_153525,TN_VARDAH_2016,0,603136a2ff806e01
TN_VARDAH_2016_183189,TN_VARDAH_2016,2,a7fd0d22482af66f
TN_VARDAH_2016_000002,TN_VARDAH_2016,0,e489955c850b1c04
TN_VARDAH_2016_000004,TN_VARDAH_2016,1,9c37601871634f5c
TN_VARDAH_2016_021814,TN_VARDAH_2016,0,af2750375901ea5d
TN_VARDAH_2016_046553,TN_VARDAH_2016,1,15f776b96bcbe266
TN_VARDAH_2016_071277,TN_VARDAH_2016,0,556a049d42b18358
TN_VARDAH_2016_072795,TN_VARDAH_2016,0,733b4ff625fd83d5
TN_VARDAH_2016_096267,TN_VARDAH_2016,1,e7088067bbfef6cd
TN_VARDAH_2016_123782,TN_VARDAH_2016,0,22af4305603596e2
TN_VARDAH_2016_153527,TN_VARDAH_2016,0,14c7313328419095
TN_VARDAH_2016_183194,TN_VARDAH_2016,0,c09db73918d36b5b
TN_VARDAH_2016_004983,TN_VARDAH_2016,0,65dde066ce2a9464
TN_VARDAH_2016_005013,TN_VARDAH_2016,1,d89319a9f896e412
TN_VARDAH_2016_026771,TN_VARDAH_2016,0,79a0907934fca7e7
TN_VARDAH_2016_051508,TN_VARDAH_2016,0,8e226bf46805ac6c
TN_VARDAH_2016_076255,TN_VARDAH_2016,0,490833c4aa21b0d7
TN_VARDAH_2016_076370,TN_VARDAH_2016,0,933faa7216e3863c
TN_VARDAH_2016_101198,TN_VARDAH_2016,0,417a845f7dbbb8de
TN_VARDAH_2016_128748,TN_VARDAH_2016,0,d88bd59b75adfbed
TN_VARDAH_2016_158503,TN_VARDAH_2016,0,a6b44fd754683495
TN_VARDAH_2016_188127,TN_VARDAH_2016,0,27b87200b7c1d146
TN_VARDAH_2016_009951,TN_VARDAH_2016,0,62f6ab86fb2e83e2
TN_VARDAH_2016_009960,TN_VARDAH_2016,0,c4ad869268f65ca7
TN_VARDAH_2016_031712,TN_VARDAH_2016,0,265d9ca9c66ba45c
TN_VARDAH_2016_056431,TN_VARDAH_2016,0,f29b78c4cd5e32a6
TN_VARDAH_2016_081204,TN_VARDAH_2016,0,088dc8dc09465fde
TN_VARDAH_2016_081563,TN_VARDAH_2016,0,bf028422570454ad
TN_VARDAH_2016_106158,TN_VARDAH_2016,0,0488dd2e4bd1e10a
TN_VARDAH_2016_133703,TN_VARDAH_2016,0,210754a82ca4cea6
TN_VARDAH_2016_163430,TN_VARDAH_2016,1,f48ca2fa240c2bb1
TN_VARDAH_2016_193112,TN_VARDAH_2016,0,1085c40de58459ce
TN_VARDAH_2016_009969,TN_VARDAH_2016,0,1e3b3ae99e4e41f1
TN_VARDAH_2016_009965,TN_VARDAH_2016,0,6c7e9b71b93e63c8
TN_VARDAH_2016_031727,TN_VARDAH_2016,0,2f3897035097f97f
TN_VARDAH_2016_056438,TN_VARDAH_2016,0,51934b7cc89f9d20
TN_VARDAH_2016_081209,TN_VARDAH_2016,0,2d6719796279688a
TN_VARDAH_2016_085565,TN_VARDAH_2016,0,12d048497c11a153
TN_VARDAH_2016_106163,TN_VARDAH_2016,0,be77b4df411875ee
TN_VARDAH_2016_133727,TN_VARDAH_2016,0,f0c3242a9c51ee42
TN_VARDAH_2016_163427,TN_VARDAH_2016,0,338ea855701dee75
TN_VARDAH_2016_193111,TN_VARDAH_2016,0,b25ee9e8f8b50a83
TN_VARDAH_2016_014926,TN_VARDAH_2016,0,4ffa2ff6bbf443e1
TN_VARDAH_2016_014925,TN_VARDAH_2016,0,6ca0afec1226a6bb
TN_VARDAH_2016_036672,TN_VARDAH_2016,0,ed9e4dc391fa6504
TN_VARDAH_2016_061386,TN_VARDAH_2016,0,faa2bfba12e4930d
TN_VARDAH_2016_086150,TN_VARDAH_2016,1,fabf22a54f407c84
TN_VARDAH_2016_091448,TN_VARDAH_2016,2,4d8c66953c22a8ce
TN_VARDAH_2016_111089,TN_VARDAH_2016,0,0f8167a46052fabd
TN_VARDAH_2016_138658,TN_VARDAH_2016,0,26ff6aee3bbc02bb
TN_VARDAH_2016_168391,TN_VARDAH_2016,0,b150c011a8191a06
TN_VARDAH_2016_198058,TN_VARDAH_2016,0,5b3ab84ac5008e3f
TN_VARDAH_2016_019885,TN_VARDAH_2016,1,5f4772056aeb1035
TN_VARDAH_2016_019891,TN_VARDAH_2016,0,cd132e412a8a6324
TN_VARDAH_2016_041620,TN_VARDAH_2016,0,169aa16775b9955e
TN_VARDAH_2016_066342,TN_VARDAH_2016,0,593deb5c3bc0f64e
TN_VARDAH_2016_092127,TN_VARDAH_2016,0,719c138575f33dbd
TN_VARDAH_2016_116032,TN_VARDAH_2016,0,108262ea36b1ab5e
TN_VARDAH_2016_143610,TN_VARDAH_2016,0,fad016e99fd6b1e2
TN_VARDAH_2016_173311,TN_VARDAH_2016,0,0a9b9d1231fd5571
TN_VARDAH_2016_202999,TN_VARDAH_2016,0,be7f5b71991641f9
TN_VARDAH_2016_091132,TN_VARDAH_2016,0,bcf10b9001bf098d
TN_VARDAH_2016_096100,TN_VARDAH_2016,0,1c6f733a186ca859
TN_VARDAH_2016_116128,TN_VARDAH_2016,1,80027f01d36c7554
TN_VARDAH_2016_143713,TN_VARDAH_2016,0,b42d73aa344eb8bf
TN_VARDAH_2016_173319,TN_VARDAH_2016,1,362071e06307d1b8
TN_VARDAH_2016_202995,TN_VARDAH_2016,0,7b7c2501ce10b3a5
TN_VARDAH_2016_121014,TN_VARDAH_2016,0,c19d8b2f14cefa31
TN_VARDAH_2016_121046,TN_VARDAH_2016,1,e2f63972d2574af5
TN_VARDAH_2016_178974,TN_VARDAH_2016,1,c2341e69c26b3c1c
TN_VARDAH_2016_206062,TN_VARDAH_2016,0,fbb016b2c0262fc7
TN_VARDAH_2016_153524,TN_VARDAH_2016,0,a77adb60b197f928
TN_VARDAH_2016_000005,TN_VARDAH_2016,0,3711380113675494
TN_VARDAH_2016_000019,TN_VARDAH_2016,0,756c5b2b7f98a481
TN_VARDAH_2016_021815,TN_VARDAH_2016,0,577a991da378af22
TN_VARDAH_2016_046549,TN_VARDAH_2016,0,387875c82ce21f71
TN_VARDAH_2016_071282,TN_VARDAH_2016,0,e119b165f457ee48
TN_VARDAH_2016_071959,TN_VARDAH_2016,0,a401a1f3b2e0cd2a
TN_VARDAH_2016_096232,TN_VARDAH_2016,0,4cdd30a0e3cfe6fc
TN_VARDAH_2016_123780,TN_VARDAH_2016,0,c1b824dd6eea8799
TN_VARDAH_2016_153529,TN_VARDAH_2016,1,a78277d83ba548bd
TN_VARDAH_2016_183190,TN_VARDAH_2016,0,9b248b08bd3ab306
TN_VARDAH_2016_000006,TN_VARDAH_2016,0,f4992dd84805a730
TN_VARDAH_2016_000033,TN_VARDAH_2016,0,503b78eba2d64ad0
TN_VARDAH_2016_021825,TN_VARDAH_2016,0,794e451fb108fd85
TN_VARDAH_2016_046556,TN_VARDAH_2016,1,0120b8aa37ea83c5
TN_VARDAH_2016_071280,TN_VARDAH_2016,0,8c3669d27aba7ebc
TN_VARDAH_2016_073162,TN_VARDAH_2016,0,1b5aa6f3d273b158
TN_VARDAH_2016_096314,TN_VARDAH_2016,0,99c4a16810792752
TN_VARDAH_2016_153528,TN_VARDAH_2016,0,ef286aba766b5e34
TN_VARDAH_2016_183205,TN_VARDAH_2016,0,920b7cdca59c8e29
TN_VARDAH_2016_004986,TN_VARDAH_2016,0,ed673c6d532a3458
TN_VARDAH_2016_005025,TN_VARDAH_2016,0,06d912a4b4795afa
TN_VARDAH_2016_026772,TN_VARDAH_2016,0,52aabaf991a745eb
TN_VARDAH_2016_051512,TN_VARDAH_2016,0,48679bd5055c989b
TN_VARDAH_2016_076257,TN_VARDAH_2016,1,c612bd18772eed60
TN_VARDAH_2016_076551,TN_VARDAH_2016,0,ba90858ed88bedf9
TN_VARDAH_2016_101202,TN_VARDAH_2016,0,799e11b63053a8b3
TN_VARDAH_2016_128749,TN_VARDAH_2016,0,48a595b368cacb6c
TN_VARDAH_2016_158504,TN_VARDAH_2016,0,b2c8c9ad970b2975
TN_VARDAH_2016_188128,TN_VARDAH_2016,0,66dba308c9b77a4d
TN_VARDAH_2016_009952,TN_VARDAH_2016,0,ae07d35fe06b7897
TN_VARDAH_2016_009980,TN_VARDAH_2016,0,8a2b10624a750837
TN_VARDAH_2016_031717,TN_VARDAH_2016,0,ee2543418c8e3e9c
TN_VARDAH_2016_056433,TN_VARDAH_2016,0,47e8ffaa88e6964b
TN_VARDAH_2016_081205,TN_VARDAH_2016,0,ce3f3ccfe3be34ba
TN_VARDAH_2016_081814,TN_VARDAH_2016,1,c505f0b3bc03e506
TN_VARDAH_2016_106170,TN_VARDAH_2016,1,38e2889e9c7e69f7
TN_VARDAH_2016_133705,TN_VARDAH_2016,0,2942fdfb66b986a0
TN_VARDAH_2016_163431,TN_VARDAH_2016,0,09313f20dfa3997b
TN_VARDAH_2016_193113,TN_VARDAH_2016,0,88af4cf84f7e0327
TN_VARDAH_2016_009975,TN_VARDAH_2016,0,066affe7abbbe6ec
TN_VARDAH_2016_009983,TN_VARDAH_2016,0,12257f07646fc055
TN_VARDAH_2016_031743,TN_VARDAH_2016,0,079e3267003d7c09
TN_VARDAH_2016_056450,TN_VARDAH_2016,0,265019ab6973ac88
TN_VARDAH_2016_081218,TN_VARDAH_2016,2,35694de4d53c9842
TN_VARDAH_2016_086533,TN_VARDAH_2016,1,82693e4ffbdafc8d
TN_VARDAH_2016_106174,TN_VARDAH_2016,0,2cdcfec68ba386c5
TN_VARDAH_2016_133735,TN_VARDAH_2016,0,787312dae1984c58
TN_VARDAH_2016_163439,TN_VARDAH_2016,0,39370074a4b68013
TN_VARDAH_2016_193123,TN_VARDAH_2016,1,7dd44c720ee7a1c3
TN_VARDAH_2016_014933,TN_VARDAH_2016,0,08049d4897741115
TN_VARDAH_2016_014929,TN_VARDAH_2016,0,a0c000c67cfceb38
TN_VARDAH_2016_036674,TN_VARDAH_2016,2,565e342189de7743
TN_VARDAH_2016_061393,TN_VARDAH_2016,0,676353b3326f3905
TN_VARDAH_2016_086151,TN_VARDAH_2016,0,5fa5e180b8731aec
TN_VARDAH_2016_093737,TN_VARDAH_2016,0,c0396950761fd6e7
TN_VARDAH_2016_111107,TN_VARDAH_2016,2,6d6ae883db1cdbb7
TN_VARDAH_2016_138663,TN_VARDAH_2016,0,4df1964034a6b0bb
TN_VARDAH_2016_168409,TN_VARDAH_2016,0,f2394c6582b6c582
TN_VARDAH_2016_198061,TN_VARDAH_2016,1,f6af11f6cd9850f2
TN_VARDAH_2016_019886,TN_VARDAH_2016,0,0ca07a8651395631
TN_VARDAH_2016_019894,TN_VARDAH_2016,0,8920ee4536030894
TN_VARDAH_2016_041639,TN_VARDAH_2016,0,dca7cb2b82d2e903
TN_VARDAH_2016_066353,TN_VARDAH_2016,0,c7db7888e80f5f61
TN_VARDAH_2016_091112,TN_VARDAH_2016,1,047f7ca7841bf8ea
TN_VARDAH_2016_094322,TN_VARDAH_2016,0,d01c2f2bf5211e25
TN_VARDAH_2016_116038,TN_VARDAH_2016,1,5530cea3ec702905
TN_VARDAH_2016_143611,TN_VARDAH_2016,1,996e9cac65d32701
TN_VARDAH_2016_173312,TN_VARDAH_2016,0,9f6203427305beab
TN_VARDAH_2016_203000,TN_VARDAH_2016,0,270e59a8af0be1bf
TN_VARDAH_2016_091156,TN_VARDAH_2016,0,b9b8123540a40145
TN_VARDAH_2016_096205,TN_VARDAH_2016,0,0eba7f5df63ce326
TN_VARDAH_2016_116130,TN_VARDAH_2016,1,cfd98b8d90b767b5
TN_VARDAH_2016_173372,TN_VARDAH_2016,0,0e9215455023ba68
TN_VARDAH_2016_202996,TN_VARDAH_2016,0,2e60cdb855e26de9
TN_VARDAH_2016_121024,TN_VARDAH_2016,0,3bd0fac01b541075
TN_VARDAH_2016_121169,TN_VARDAH_2016,1,770990fe9da8a250
TN_VARDAH_2016_179018,TN_VARDAH_2016,0,68213d37a5f01f61
TN_VARDAH_2016_206065,TN_VARDAH_2016,0,e5c35867ee0acbab
TN_VARDAH_2016_000007,TN_VARDAH_2016,0,47c94b48e9618b1e
TN_VARDAH_2016_000031,TN_VARDAH_2016,1,e5f4cb0ed9c63135
TN_VARDAH_2016_021818,TN_VARDAH_2016,0,ed7294a20f352cf1
TN_VARDAH_2016_046551,TN_VARDAH_2016,0,269839a2833817cd
TN_VARDAH_2016_071288,TN_VARDAH_2016,0,0504223909faafc8
TN_VARDAH_2016_073386,TN_VARDAH_2016,0,20cbe7299fae3322
TN_VARDAH_2016_096241,TN_VARDAH_2016,0,5ce32593816b8280
TN_VARDAH_2016_123783,TN_VARDAH_2016,0,83d6c8351cf36a11
TN_VARDAH_2016_153530,TN_VARDAH_2016,0,11edd57157e4e879
TN_VARDAH_2016_183192,TN_VARDAH_2016,0,41f43559ee7cbf3d
TN_VARDAH_2016_000013,TN_VARDAH_2016,0,e03f4d35e6f40fa1
TN_VARDAH_2016_000042,TN_VARDAH_2016,0,4d532c5ff4c069ba
TN_VARDAH_2016_021828,TN_VARDAH_2016,0,1c9126246643d940
TN_VARDAH_2016_046559,TN_VARDAH_2016,0,d51a6e7905b9596d
TN_VARDAH_2016_071283,TN_VARDAH_2016,0,7d7dc32d327abc72
TN_VARDAH_2016_073179,TN_VARDAH_2016,0,87d6d142488feb14
TN_VARDAH_2016_096323,TN_VARDAH_2016,0,a259d6caa831eb85
TN_VARDAH_2016_123809,TN_VARDAH_2016,0,2cc88759c6b863ed
TN_VARDAH_2016_153531,TN_VARDAH_2016,0,5cf2d4c537ad4ee9
TN_VARDAH_2016_183215,TN_VARDAH_2016,0,f35566268f065b67
TN_VARDAH_2016_004988,TN_VARDAH_2016,0,d60f74948f9ff661
TN_VARDAH_2016_005026,TN_VARDAH_2016,0,b2d1e1ba2d14cec0
TN_VARDAH_2016_026778,TN_VARDAH_2016,0,b9fb93b745798182
TN_VARDAH_2016_051513,TN_VARDAH_2016,0,9405eed43af8fcbf
TN_VARDAH_2016_076258,TN_VARDAH_2016,0,2dc105f5d027f538
TN_VARDAH_2016_076688,TN_VARDAH_2016,0,5ea7ca1dfa050510
TN_VARDAH_2016_101218,TN_VARDAH_2016,0,9be2407d5d60c007
TN_VARDAH_2016_188130,TN_VARDAH_2016,0,f73fbd5aa8ee7e02
TN_VARDAH_2016_009953,TN_VARDAH_2016,0,25894f0b45919ded
TN_VARDAH_2016_009982,TN_VARDAH_2016,0,83e782c42101cb6c
TN_VARDAH_2016_031719,TN_VARDAH_2016,0,e2486a50f37d5095
TN_VARDAH_2016_056435,TN_VARDAH_2016,0,a626097b24417302
TN_VARDAH_2016_081207,TN_VARDAH_2016,0,6292a61dd945e39a
TN_VARDAH_2016_106177,TN_VARDAH_2016,0,7fe1305a98c913ab
TN_VARDAH_2016_133707,TN_VARDAH_2016,0,d7988326c430e324
TN_VARDAH_2016_163432,TN_VARDAH_2016,0,5e2e4b01496eac93
TN_VARDAH_2016_193115,TN_VARDAH_2016,0,3dc9da605c2206b3
TN_VARDAH_2016_010010,TN_VARDAH_2016,0,1a61a13377bc436e
TN_VARDAH_2016_031753,TN_VARDAH_2016,0,437493faa8ca73fe
TN_VARDAH_2016_056454,TN_VARDAH_2016,0,9fc6e65a78fa0d15
TN_VARDAH_2016_086816,TN_VARDAH_2016,1,12aa7624c766cbab
TN_VARDAH_2016_106179,TN_VARDAH_2016,0,312de1f1b4c30c0b
TN_VARDAH_2016_133749,TN_VARDAH_2016,0,7070d140e3ec1032
TN_VARDAH_2016_163441,TN_VARDAH_2016,0,3bfb701aa4eac632
TN_VARDAH_2016_193125,TN_VARDAH_2016,0,1f575c2fe9bbc9e7
TN_VARDAH_2016_014934,TN_VARDAH_2016,0,890d8c1fc83e2842
TN_VARDAH_2016_014932,TN_VARDAH_2016,1,ed7e58eaa3a3a00f
TN_VARDAH_2016_036683,TN_VARDAH_2016,0,b079006ee6ee03b6
TN_VARDAH_2016_061396,TN_VARDAH_2016,0,d00036b93d2972d0
TN_VARDAH_2016_086152,TN_VARDAH_2016,0,2caf5203f56467ab
TN_VARDAH_2016_111088,TN_VARDAH_2016,0,071b0f86e2ff99b6
TN_VARDAH_2016_111120,TN_VARDAH_2016,0,5cfa4422de9f64d4
TN_VARDAH_2016_138667,TN_VARDAH_2016,0,b0bdd87f8ccb88b3
TN_VARDAH_2016_168411,TN_VARDAH_2016,0,cec69dbc5f671018
TN_VARDAH_2016_198075,TN_VARDAH_2016,0,a7317587648a62cb
TN_VARDAH_2016_019887,TN_VARDAH_2016,0,0b5739310625faa2
TN_VARDAH_2016_019911,TN_VARDAH_2016,0,24485f722e0c7fd4
TN_VARDAH_2016_041654,TN_VARDAH_2016,1,1fb7e6b5906859be
TN_VARDAH_2016_091119,TN_VARDAH_2016,0,1d3205b1641d47c0
TN_VARDAH_2016_095366,TN_VARDAH_2016,0,b02069075b57e40c
TN_VARDAH_2016_116039,TN_VARDAH_2016,0,7efbaace8969cfed
TN_VARDAH_2016_143612,TN_VARDAH_2016,0,4cdb2eb376393a19
TN_VARDAH_2016_173313,TN_VARDAH_2016,0,589b3b5aa4104a21
TN_VARDAH_2016_203002,TN_VARDAH_2016,0,24336f8256ece910
TN_VARDAH_2016_091235,TN_VARDAH_2016,2,81dd6e4c64b2c6d9
TN_VARDAH_2016_116060,TN_VARDAH_2016,0,cce80ada8a8cbb2d
TN_VARDAH_2016_116241,TN_VARDAH_2016,0,afcad7b7c779ddc3
TN_VARDAH_2016_143773,TN_VARDAH_2016,1,ef22ee7d46d673db
TN_VARDAH_2016_173418,TN_VARDAH_2016,1,cfdb87e75aa91861
TN_VARDAH_2016_203024,TN_VARDAH_2016,0,1ec3b90f6abf541a
TN_VARDAH_2016_121032,TN_VARDAH_2016,0,d6ad8c91b1d30530
TN_VARDAH_2016_121414,TN_VARDAH_2016,0,7f68cafa2fe5433a
TN_VARDAH_2016_179953,TN_VARDAH_2016,0,dbb7ff17e0a2c53f
TN_VARDAH_2016_206105,TN_VARDAH_2016,0,ebb2ce9c82acf109
TN_VARDAH_2016_000008,TN_VARDAH_2016,0,e6981e4fd3d75f67
TN_VARDAH_2016_000032,TN_VARDAH_2016,0,cbf1c00709b36ea6
TN_VARDAH_2016_021820,TN_VARDAH_2016,0,bf5f59b37985e06d
TN_VARDAH_2016_046552,TN_VARDAH_2016,0,ef5629bdb0f0889a
TN_VARDAH_2016_071290,TN_VARDAH_2016,0,03fe4207a1bbf529
TN_VARDAH_2016_073413,TN_VARDAH_2016,0,a2783cdc92c17951
TN_VARDAH_2016_096247,TN_VARDAH_2016,0,ff53a20c92fcab6d
TN_VARDAH_2016_123792,TN_VARDAH_2016,2,ca55beaeace6c212
TN_VARDAH_2016_153534,TN_VARDAH_2016,0,f87ead0128c9af6c
TN_VARDAH_2016_183193,TN_VARDAH_2016,0,293524a98e7d6077
TN_VARDAH_2016_000016,TN_VARDAH_2016,0,445c21179ba2b819
TN_VARDAH_2016_000045,TN_VARDAH_2016,0,63d860f94d0ad657
TN_VARDAH_2016_021829,TN_VARDAH_2016,0,b8119e69c516f1e4
TN_VARDAH_2016_046562,TN_VARDAH_2016,2,5b85dcbad5735df9
TN_VARDAH_2016_071284,TN_VARDAH_2016,0,6c00470fc5199e55
TN_VARDAH_2016_073200,TN_VARDAH_2016,0,a69ebaf6f2845260
TN_VARDAH_2016_096345,TN_VARDAH_2016,0,aa20775683c541c4
TN_VARDAH_2016_123811,TN_VARDAH_2016,0,28142f7d451c0d6d
TN_VARDAH_2016_153536,TN_VARDAH_2016,1,58a0a633f9970fd0
TN_VARDAH_2016_183224,TN_VARDAH_2016,0,3fa15d57dc78812d
TN_VARDAH_2016_005029,TN_VARDAH_2016,0,cc46c3187147cb66
TN_VARDAH_2016_026779,TN_VARDAH_2016,0,0a48a36c38ce4b7f
TN_VARDAH_2016_051515,TN_VARDAH_2016,0,9744d1776030aa26
TN_VARDAH_2016_076268,TN_VARDAH_2016,0,8e19f9f68e6956b0
TN_VARDAH_2016_078902,TN_VARDAH_2016,0,6b49f041e488f238
TN_VARDAH_2016_101222,TN_VARDAH_2016,0,ead82f20e434b5be
TN_VARDAH_2016_128756,TN_VARDAH_2016,1,4e366115554720dd
TN_VARDAH_2016_158509,TN_VARDAH_2016,0,9f22c40ed4fa2a81
TN_VARDAH_2016_188131,TN_VARDAH_2016,1,34525d673c1357ba
TN_VARDAH_2016_009954,TN_VARDAH_2016,0,0112923ca947960f
TN_VARDAH_2016_009988,TN_VARDAH_2016,0,4f97d146c8676ea8
TN_VARDAH_2016_031736,TN_VARDAH_2016,0,968349b66772eb72
TN_VARDAH_2016_056436,TN_VARDAH_2016,0,def83f8f215f54aa
TN_VARDAH_2016_081208,TN_VARDAH_2016,0,7b3bcc35beb2f2cd
TN_VARDAH_2016_082775,TN_VARDAH_2016,1,4ffd4f93909364d7
TN_VARDAH_2016_106181,TN_VARDAH_2016,0,48c7d1f99cc981bc
TN_VARDAH_2016_133708,TN_VARDAH_2016,0,d8c45b7792e50ade
TN_VARDAH_2016_163433,TN_VARDAH_2016,0,63bb266359d9bdcd
TN_VARDAH_2016_193116,TN_VARDAH_2016,1,27e81ac729de84c5
TN_VARDAH_2016_009977,TN_VARDAH_2016,0,34a7bbc51e9e9d17
TN_VARDAH_2016_010063,TN_VARDAH_2016,0,b9f196c1e3dd2771
TN_VARDAH_2016_031762,TN_VARDAH_2016,0,d5cb17d414efcab4
TN_VARDAH_2016_056474,TN_VARDAH_2016,1,c44bc39d30e28210
TN_VARDAH_2016_081230,TN_VARDAH_2016,0,a5482526483ff5e9
TN_VARDAH_2016_088607,TN_VARDAH_2016,0,351ebf72313864d7
TN_VARDAH_2016_106206,TN_VARDAH_2016,0,95a6a42efa38b237
TN_VARDAH_2016_133752,TN_VARDAH_2016,0,6a9412e9713c0a4f
TN_VARDAH_2016_163448,TN_VARDAH_2016,0,cf4f483dfbfd8fee
TN_VARDAH_2016_193139,TN_VARDAH_2016,0,22132d636b53893e
TN_VARDAH_2016_014950,TN_VARDAH_2016,0,15193da86f0e7088
TN_VARDAH_2016_014936,TN_VARDAH_2016,0,6e3febdcd63df878
TN_VARDAH_2016_036699,TN_VARDAH_2016,1,cb43164db52810e7
TN_VARDAH_2016_061398,TN_VARDAH_2016,0,2e7f5d0b3a7b8cf8
TN_VARDAH_2016_086155,TN_VARDAH_2016,0,e88601ad2f44504a
TN_VARDAH_2016_111095,TN_VARDAH_2016,0,2f30e797b8d175ce
TN_VARDAH_2016_111129,TN_VARDAH_2016,0,8b56f3f149b46997
TN_VARDAH_2016_138670,TN_VARDAH_2016,0,40ce4416546ad079
TN_VARDAH_2016_168415,TN_VARDAH_2016,0,c57cc50273b267b2
TN_VARDAH_2016_019888,TN_VARDAH_2016,2,d15088c2d0601553
TN_VARDAH_2016_019918,TN_VARDAH_2016,0,7759f123ef4bef18
TN_VARDAH_2016_041655,TN_VARDAH_2016,0,2908a497e7dfa530
TN_VARDAH_2016_066370,TN_VARDAH_2016,0,7f8544748a11f4fa
TN_VARDAH_2016_091123,TN_VARDAH_2016,1,854a3e1879d9421c
TN_VARDAH_2016_116028,TN_VARDAH_2016,0,f8d44ce502722d4d
TN_VARDAH_2016_116041,TN_VARDAH_2016,0,e88f174e2367ae43
TN_VARDAH_2016_143617,TN_VARDAH_2016,0,d71bbe2083da53a9
TN_VARDAH_2016_173316,TN_VARDAH_2016,0,64d5405c44f83081
TN_VARDAH_2016_203006,TN_VARDAH_2016,0,570784cac933bfd9
TN_VARDAH_2016_091294,TN_VARDAH_2016,0,8dacf798df4069e6
TN_VARDAH_2016_116148,TN_VARDAH_2016,0,422ec0ae7cba9bb2
TN_VARDAH_2016_116384,TN_VARDAH_2016,0,0ec7e9c3b38be4ad
TN_VARDAH_2016_143807,TN_VARDAH_2016,0,ceaf5bec287bf60d
TN_VARDAH_2016_173436,TN_VARDAH_2016,0,83520f86b5735d28
TN_VARDAH_2016_203042,TN_VARDAH_2016,1,7eea5aa86844e6b4
TN_VARDAH_2016_121042,TN_VARDAH_2016,0,fe9f3ce5ea94631c
TN_VARDAH_2016_122314,TN_VARDAH_2016,0,44b358f414f38e4e
TN_VARDAH_2016_181470,TN_VARDAH_2016,0,90b7c8452d38d6c5
TN_VARDAH_2016_206113,TN_VARDAH_2016,0,c5864cd99342653c
TN_VARDAH_2016_000009,TN_VARDAH_2016,0,465b2f836ede0351
TN_VARDAH_2016_000034,TN_VARDAH_2016,0,769de70dd264ec2a
TN_VARDAH_2016_021823,TN_VARDAH_2016,0,478ee5726dfe4c6e
TN_VARDAH_2016_046554,TN_VARDAH_2016,0,ff62f1ed9e702c9a
TN_VARDAH_2016_071293,TN_VARDAH_2016,0,5d4c49221321e479
TN_VARDAH_2016_073419,TN_VARDAH_2016,0,54962b0d067eb551
TN_VARDAH_2016_096248,TN_VARDAH_2016,0,460a7a9b870a9cde
TN_VARDAH_2016_123798,TN_VARDAH_2016,1,4b5db6a724b2dfef
TN_VARDAH_2016_153535,TN_VARDAH_2016,0,90a5631aec4f5c4b
TN_VARDAH_2016_183196,TN_VARDAH_2016,0,f33a4f2e6e93e4f4
TN_VARDAH_2016_000030,TN_VARDAH_2016,0,8539cc43901f8f1f
TN_VARDAH_2016_000049,TN_VARDAH_2016,0,427d8bcd516e62bd
TN_VARDAH_2016_021831,TN_VARDAH_2016,0,ab57ce0f8ae19313
TN_VARDAH_2016_046564,TN_VARDAH_2016,0,73eada8e53c68c87
TN_VARDAH_2016_071286,TN_VARDAH_2016,0,ff32f0d556b39bdf
TN_VARDAH_2016_073585,TN_VARDAH_2016,0,d551047d468bcd1e
TN_VARDAH_2016_096368,TN_VARDAH_2016,1,783466836df6352e
TN_VARDAH_2016_123818,TN_VARDAH_2016,0,817afa769b2cfe30
TN_VARDAH_2016_153537,TN_VARDAH_2016,1,67d32120bbea2d0b
TN_VARDAH_2016_183228,TN_VARDAH_2016,1,aeda36ed2423ae98
TN_VARDAH_2016_004993,TN_VARDAH_2016,0,ef17ac5d763a8869
TN_VARDAH_2016_005031,TN_VARDAH_2016,0,c847099d78939add
TN_VARDAH_2016_026780,TN_VARDAH_2016,0,6536fc8d21f4ea07
TN_VARDAH_2016_051523,TN_VARDAH_2016,1,3dcef4f84e7b103c
TN_VARDAH_2016_076269,TN_VARDAH_2016,0,c975fb8b77bede92
TN_VARDAH_2016_079489,TN_VARDAH_2016,0,4f60ff381bd88c91
TN_VARDAH_2016_101228,TN_VARDAH_2016,0,cb6514b413f1a3d1
TN_VARDAH_2016_128757,TN_VARDAH_2016,0,e66bed57f542df12
TN_VARDAH_2016_158511,TN_VARDAH_2016,0,00f6f8ed9f26861b
TN_VARDAH_2016_188132,TN_VARDAH_2016,0,d4a152159452a0d0
TN_VARDAH_2016_009955,TN_VARDAH_2016,1,43a6876b318d1f90
TN_VARDAH_2016_009998,TN_VARDAH_2016,0,3ea557d77e738f9b
TN_VARDAH_2016_031737,TN_VARDAH_2016,0,1633e4c9924f449e
TN_VARDAH_2016_056437,TN_VARDAH_2016,0,73f6a35fe2d5eb78
TN_VARDAH_2016_081210,TN_VARDAH_2016,0,57224e44d396c714
TN_VARDAH_2016_083781,TN_VARDAH_2016,0,e04ca4acf547d0c1
TN_VARDAH_2016_106185,TN_VARDAH_2016,0,6c486f59aedcb80c
TN_VARDAH_2016_133713,TN_VARDAH_2016,0,5605180141f2e8ef
TN_VARDAH_2016_163437,TN_VARDAH_2016,0,b54d60bef7e1d1fc
TN_VARDAH_2016_193120,TN_VARDAH_2016,0,9eaf279d18b6978f
TN_VARDAH_2016_009979,TN_VARDAH_2016,1,532a422b4098d37e
TN_VARDAH_2016_010069,TN_VARDAH_2016,0,5a25773fd49428ea
TN_VARDAH_2016_031778,TN_VARDAH_2016,2,ada574cfa85e4de7
TN_VARDAH_2016_056478,TN_VARDAH_2016,1,ed8f225fde884565
TN_VARDAH_2016_081234,TN_VARDAH_2016,0,ceb61031f8db6728
TN_VARDAH_2016_089857,TN_VARDAH_2016,0,3982847e539562c1
TN_VARDAH_2016_106244,TN_VARDAH_2016,0,742ecac095d2284a
TN_VARDAH_2016_133755,TN_VARDAH_2016,0,7f6c8c564ff48a85
TN_VARDAH_2016_163449,TN_VARDAH_2016,0,060afffef4f6a33b
TN_VARDAH_2016_193142,TN_VARDAH_2016,0,62e39e41938c44a2
TN_VARDAH_2016_014951,TN_VARDAH_2016,0,38a6b4b15fff0960
TN_VARDAH_2016_014940,TN_VARDAH_2016,0,17009402719a7b36
TN_VARDAH_2016_036700,TN_VARDAH_2016,1,d4e067e2f0bdcf14
TN_VARDAH_2016_061399,TN_VARDAH_2016,0,52cee844cd743301
TN_VARDAH_2016_086156,TN_VARDAH_2016,0,e275313072a31739
TN_VARDAH_2016_111096,TN_VARDAH_2016,0,7e9a2b23be86f4e1
TN_VARDAH_2016_111135,TN_VARDAH_2016,0,95c27371c9d96ab6
TN_VARDAH_2016_138685,TN_VARDAH_2016,0,0eca5cd6f361cb99
TN_VARDAH_2016_168421,TN_VARDAH_2016,0,690eb880cc89dd37
TN_VARDAH_2016_198111,TN_VARDAH_2016,0,9810eef4e98c7fd8
TN_VARDAH_2016_019889,TN_VARDAH_2016,0,5237b10ce80621a3
TN_VARDAH_2016_019919,TN_VARDAH_2016,0,34f3cdd198dd9c06
TN_VARDAH_2016_041662,TN_VARDAH_2016,2,8cbb5dde4846c2d9
TN_VARDAH_2016_066376,TN_VARDAH_2016,0,58038654d2f22e63
TN_VARDAH_2016_091125,TN_VARDAH_2016,0,1a1ec9d5f7b952e8
TN_VARDAH_2016_116029,TN_VARDAH_2016,0,c86d1de553d28d4a
TN_VARDAH_2016_116047,TN_VARDAH_2016,0,0bf310f037f00334
TN_VARDAH_2016_143628,TN_VARDAH_2016,0,4176fb942b172cf5
TN_VARDAH_2016_173320,TN_VARDAH_2016,1,4b8ffb18c8a66c41
TN_VARDAH_2016_091339,TN_VARDAH_2016,1,3fe717dcd78cce7d
TN_VARDAH_2016_116245,TN_VARDAH_2016,0,93e2b0cf2871ea2d
TN_VARDAH_2016_116385,TN_VARDAH_2016,0,dde8885740d6a87d
TN_VARDAH_2016_173458,TN_VARDAH_2016,0,7d82d4e5ee8d239d
TN_VARDAH_2016_203057,TN_VARDAH_2016,0,4c1c0a559bd63947
TN_VARDAH_2016_121225,TN_VARDAH_2016,0,85e10434b8a96abe
TN_VARDAH_2016_122632,TN_VARDAH_2016,0,7e55fe41112f33d0
TN_VARDAH_2016_182426,TN_VARDAH_2016,0,e86e8b5df338a70a
TN_VARDAH_2016_206114,TN_VARDAH_2016,0,bb0eb8ed0158ef70
TN_VARDAH_2016_000010,TN_VARDAH_2016,0,7621703ee3046931
TN_VARDAH_2016_000035,TN_VARDAH_2016,0,454ca3d989dec77b
TN_VARDAH_2016_021824,TN_VARDAH_2016,2,76e9fd32d3a347b0
TN_VARDAH_2016_046557,TN_VARDAH_2016,0,2e28e02dee68ecac
TN_VARDAH_2016_071296,TN_VARDAH_2016,1,47eb0a0e502c9c67
TN_VARDAH_2016_073635,TN_VARDAH_2016,0,ee87cdfaa5592e13
TN_VARDAH_2016_096249,TN_VARDAH_2016,0,2e2ed73c7c7bfd3f
TN_VARDAH_2016_123800,TN_VARDAH_2016,0,2ce7a48123fe878a
TN_VARDAH_2016_153538,TN_VARDAH_2016,0,30ee34f2d8671e51
TN_VARDAH_2016_183198,TN_VARDAH_2016,0,01edf43b09ceeaa9
TN_VARDAH_2016_000052,TN_VARDAH_2016,0,4e58ee362f6b8cab
TN_VARDAH_2016_021849,TN_VARDAH_2016,0,5517f8128d775fa9
TN_VARDAH_2016_046569,TN_VARDAH_2016,0,4421e4c2fa671032
TN_VARDAH_2016_071289,TN_VARDAH_2016,0,b04981d49fff25ff
TN_VARDAH_2016_096382,TN_VARDAH_2016,0,d10d30a2a8a7639d
TN_VARDAH_2016_123827,TN_VARDAH_2016,1,1b5e91b9ab8f5d3f
TN_VARDAH_2016_153547,TN_VARDAH_2016,0,35ec9254001072c9
TN_VARDAH_2016_183229,TN_VARDAH_2016,0,177dd7488a9d260c
TN_VARDAH_2016_004994,TN_VARDAH_2016,0,523e112f940f9221
TN_VARDAH_2016_005034,TN_VARDAH_2016,0,8a9a6704aeeeec80
TN_VARDAH_2016_026781,TN_VARDAH_2016,0,beeebe2173650226
TN_VARDAH_2016_051529,TN_VARDAH_2016,0,8fce8c065189ac9c
TN_VARDAH_2016_076270,TN_VARDAH_2016,0,8b0e7359050b6df1
TN_VARDAH_2016_080327,TN_VARDAH_2016,0,ef643bd2be493475
TN_VARDAH_2016_101234,TN_VARDAH_2016,0,c88d21fa36966f4f
TN_VARDAH_2016_128759,TN_VARDAH_2016,0,e4657bd9a64fd605
TN_VARDAH_2016_158520,TN_VARDAH_2016,0,5c914d195dfed463
TN_VARDAH_2016_188133,TN_VARDAH_2016,0,8172b4cf5be2fc63
TN_VARDAH_2016_009956,TN_VARDAH_2016,0,a51e716aebb29247
TN_VARDAH_2016_009999,TN_VARDAH_2016,0,a2f6aa7ac6de9d35
TN_VARDAH_2016_031738,TN_VARDAH_2016,0,e8a17737db88471d
TN_VARDAH_2016_056441,TN_VARDAH_2016,0,1995af1cc47ca7b6
TN_VARDAH_2016_081212,TN_VARDAH_2016,0,63af4f0d75e254e9
TN_VARDAH_2016_084231,TN_VARDAH_2016,0,1632539c4ef19d34
TN_VARDAH_2016_106186,TN_VARDAH_2016,0,666b0a61a63162f2
TN_VARDAH_2016_133718,TN_VARDAH_2016,0,454c2f701565dfbc
TN_VARDAH_2016_163438,TN_VARDAH_2016,0,997dfbb90e98b581
TN_VARDAH_2016_193121,TN_VARDAH_2016,0,3b8025b0eafbed73
TN_VARDAH_2016_009992,TN_VARDAH_2016,0,2dc96840b19689b3
TN_VARDAH_2016_010096,TN_VARDAH_2016,0,94dcb540a01fc36e
TN_VARDAH_2016_031786,TN_VARDAH_2016,0,73ce16726db56f5b
TN_VARDAH_2016_056485,TN_VARDAH_2016,0,faa0ac8efcbd3680
TN_VARDAH_2016_081244,TN_VARDAH_2016,0,0679784f1b24f978
TN_VARDAH_2016_106151,TN_VARDAH_2016,0,0cb80f8bd6731145
TN_VARDAH_2016_106293,TN_VARDAH_2016,0,91c206bbd425f9b2
TN_VARDAH_2016_133756,TN_VARDAH_2016,0,dd2fdd78af2a2390
TN_VARDAH_2016_163453,TN_VARDAH_2016,0,4fc11dcc6adc0577
TN_VARDAH_2016_193144,TN_VARDAH_2016,0,34193f80f14a3466
TN_VARDAH_2016_014955,TN_VARDAH_2016,0,478f7768853f6949
TN_VARDAH_2016_014942,TN_VARDAH_2016,0,eb778b750fb19d22
TN_VARDAH_2016_036705,TN_VARDAH_2016,1,4bbcc7c44d0f4c84
TN_VARDAH_2016_061400,TN_VARDAH_2016,0,4335a25cdb5dc93d
TN_VARDAH_2016_086157,TN_VARDAH_2016,0,1e7e345c91a3bc33
TN_VARDAH_2016_111097,TN_VARDAH_2016,0,fc9bdcafcc0ec3a5
TN_VARDAH_2016_111152,TN_VARDAH_2016,1,c4f2c5aea834ee05
TN_VARDAH_2016_138686,TN_VARDAH_2016,0,7bc4d65a6c099df0
TN_VARDAH_2016_168425,TN_VARDAH_2016,0,224a148374d0d31f
TN_VARDAH_2016_198118,TN_VARDAH_2016,0,e2f16f3981e50bd1
TN_VARDAH_2016_019890,TN_VARDAH_2016,0,263d7ecf5bc16604
TN_VARDAH_2016_019921,TN_VARDAH_2016,0,c6037272a5afdf82
TN_VARDAH_2016_041667,TN_VARDAH_2016,0,308750c7ca698480
TN_VARDAH_2016_066379,TN_VARDAH_2016,0,f343b7c473bd2628
TN_VARDAH_2016_116030,TN_VARDAH_2016,0,8b930842b0d28a45
TN_VARDAH_2016_116058,TN_VARDAH_2016,0,98d2201f272d336e
TN_VARDAH_2016_143634,TN_VARDAH_2016,0,a2f00bda186b7395
TN_VARDAH_2016_173321,TN_VARDAH_2016,0,95791ad973f685ef
TN_VARDAH_2016_203009,TN_VARDAH_2016,0,c241c06b935bfe9c
TN_VARDAH_2016_091386,TN_VARDAH_2016,0,c401a4127ed90d17
TN_VARDAH_2016_116247,TN_VARDAH_2016,0,af4e77ff6593cd14
TN_VARDAH_2016_116411,TN_VARDAH_2016,0,ef34dd423349d953
TN_VARDAH_2016_143943,TN_VARDAH_2016,0,825a2827f3f14c09
TN_VARDAH_2016_173459,TN_VARDAH_2016,0,3137f36b86bf4d21
TN_VARDAH_2016_203085,TN_VARDAH_2016,0,26b4a0d8ee101b0b
TN_VARDAH_2016_121273,TN_VARDAH_2016,0,4eb63704847904b6
TN_VARDAH_2016_123030,TN_VARDAH_2016,0,89128dd3905d79c6
TN_VARDAH_2016_206147,TN_VARDAH_2016,0,c7f791acd10c376a
TN_VARDAH_2016_000011,TN_VARDAH_2016,1,b0063f22dea0a769
TN_VARDAH_2016_000057,TN_VARDAH_2016,1,c081811b4da200f1
TN_VARDAH_2016_021832,TN_VARDAH_2016,0,50017d694419c141
TN_VARDAH_2016_046560,TN_VARDAH_2016,0,b2a657bf3879c441
TN_VARDAH_2016_071298,TN_VARDAH_2016,0,99cf0d68119a84ed
TN_VARDAH_2016_073991,TN_VARDAH_2016,0,9ef5002021e17988
TN_VARDAH_2016_096262,TN_VARDAH_2016,0,00765346cd16f43b
TN_VARDAH_2016_123803,TN_VARDAH_2016,1,4a1ae37ee23e7f97
TN_VARDAH_2016_153540,TN_VARDAH_2016,0,d51d013e961061a3
TN_VARDAH_2016_183199,TN_VARDAH_2016,0,dbb85aed8d0d0943
TN_VARDAH_2016_000048,TN_VARDAH_2016,0,880e5fa7749e1676
TN_VARDAH_2016_000054,TN_VARDAH_2016,0,ebdfe4b00267a08d
TN_VARDAH_2016_021882,TN_VARDAH_2016,0,040ffe34d73cfc26
TN_VARDAH_2016_046572,TN_VARDAH_2016,0,fd2fbc38bcbb5cba
TN_VARDAH_2016_071291,TN_VARDAH_2016,0,cbb1306fd2293612
TN_VARDAH_2016_074085,TN_VARDAH_2016,0,bb1898058d0d9800
TN_VARDAH_2016_096385,TN_VARDAH_2016,0,61af558d80bcb223
TN_VARDAH_2016_123829,TN_VARDAH_2016,0,2efbd1adfe107140
TN_VARDAH_2016_153556,TN_VARDAH_2016,0,b641ade6622365d3
TN_VARDAH_2016_183234,TN_VARDAH_2016,0,070ae72adf2aa97c
TN_VARDAH_2016_004999,TN_VARDAH_2016,0,dec2297f164f5e1a
TN_VARDAH_2016_026785,TN_VARDAH_2016,0,07353ef1dfb7b055
TN_VARDAH_2016_051531,TN_VARDAH_2016,2,ba266b17a4be8d6d
TN_VARDAH_2016_076273,TN_VARDAH_2016,0,98c021d6a8fb065a
TN_VARDAH_2016_080873,TN_VARDAH_2016,0,d9f6dacb66013d64
TN_VARDAH_2016_101236,TN_VARDAH_2016,0,429a4d323f7bf038
TN_VARDAH_2016_128762,TN_VARDAH_2016,0,563b4e2180f152e2
TN_VARDAH_2016_158521,TN_VARDAH_2016,0,898adcc6a3b97413
TN_VARDAH_2016_188134,TN_VARDAH_2016,0,b045f463837c5d7a
TN_VARDAH_2016_009957,TN_VARDAH_2016,0,4f005ee83a23d8f3
TN_VARDAH_2016_031740,TN_VARDAH_2016,0,5ccb29b70a7e1984
TN_VARDAH_2016_056443,TN_VARDAH_2016,1,3cc4baec22c17261
TN_VARDAH_2016_081213,TN_VARDAH_2016,0,bf6ab1dbeeb4e4c1
TN_VARDAH_2016_084253,TN_VARDAH_2016,0,8bddc5d4b43b60da
TN_VARDAH_2016_106194,TN_VARDAH_2016,0,9ff718717c34dc42
TN_VARDAH_2016_133720,TN_VARDAH_2016,0,94f43a8a75f4ba5f
TN_VARDAH_2016_163440,TN_VARDAH_2016,0,509709d7dc14c602
TN_VARDAH_2016_193124,TN_VARDAH_2016,0,e04a6c93a7d1644e
TN_VARDAH_2016_009996,TN_VARDAH_2016,0,a2548876e644c7b5
TN_VARDAH_2016_010103,TN_VARDAH_2016,0,7a1692c9220152d0
TN_VARDAH_2016_031801,TN_VARDAH_2016,2,a2495f4883f51216
TN_VARDAH_2016_056492,TN_VARDAH_2016,0,d648051c89ca3d9d
TN_VARDAH_2016_081256,TN_VARDAH_2016,1,f88ecd15ac185c29
TN_VARDAH_2016_106160,TN_VARDAH_2016,1,ca04e7ed5182e525
TN_VARDAH_2016_106319,TN_VARDAH_2016,0,9da00aa609a2ea81
TN_VARDAH_2016_133776,TN_VARDAH_2016,0,26b128aa8a78179c
TN_VARDAH_2016_163455,TN_VARDAH_2016,1,2229cfd17f072171
TN_VARDAH_2016_193147,TN_VARDAH_2016,0,9a99454dc9997d96
TN_VARDAH_2016_014957,TN_VARDAH_2016,0,3631f6e1dcfbfffe
TN_VARDAH_2016_014944,TN_VARDAH_2016,0,c73b2123d5bdfb8c
TN_VARDAH_2016_036707,TN_VARDAH_2016,0,7ffefb227e20ddae
TN_VARDAH_2016_061403,TN_VARDAH_2016,0,c2252b3cb194193d
TN_VARDAH_2016_086160,TN_VARDAH_2016,0,48d4ebceff1582e3
TN_VARDAH_2016_111099,TN_VARDAH_2016,1,9bb0a048035cb0a5
TN_VARDAH_2016_138687,TN_VARDAH_2016,0,3b69bc2d1973fe44
TN_VARDAH_2016_168435,TN_VARDAH_2016,2,4537c6bc4e2844e2
TN_VARDAH_2016_198119,TN_VARDAH_2016,0,c43b81308e984f90
TN_VARDAH_2016_019892,TN_VARDAH_2016,0,75c8410dc5e129e4
TN_VARDAH_2016_019924,TN_VARDAH_2016,0,c5597492d986d619
TN_VARDAH_2016_041672,TN_VARDAH_2016,0,5644711895497cba
TN_VARDAH_2016_066381,TN_VARDAH_2016,0,7d35becbdca50400
TN_VARDAH_2016_091129,TN_VARDAH_2016,1,f54eb7190e4c0c18
TN_VARDAH_2016_116031,TN_VARDAH_2016,0,3bc66076c997b1f4
TN_VARDAH_2016_116065,TN_VARDAH_2016,0,1189b1835edd0dd3
TN_VARDAH_2016_143635,TN_VARDAH_2016,0,a8d08db3d4000454
TN_VARDAH_2016_173327,TN_VARDAH_2016,0,1457d801751d73bb
TN_VARDAH_2016_203012,TN_VARDAH_2016,0,7d792f447c8e9bb9
TN_VARDAH_2016_091769,TN_VARDAH_2016,0,5c89096fd75851c1
TN_VARDAH_2016_116273,TN_VARDAH_2016,1,a998ffc1562c21bc
TN_VARDAH_2016_116537,TN_VARDAH_2016,0,40f0cbb859a0105e
TN_VARDAH_2016_143987,TN_VARDAH_2016,0,6719764498809a07
TN_VARDAH_2016_173472,TN_VARDAH_2016,0,af4c624844448a50
TN_VARDAH_2016_203146,TN_VARDAH_2016,1,4e76073617017fe4
TN_VARDAH_2016_121650,TN_VARDAH_2016,0,45f4c02d0f434c30
TN_VARDAH_2016_123379,TN_VARDAH_2016,0,f0e4fc8fb63a5504
TN_VARDAH_2016_000012,TN_VARDAH_2016,1,3d974c592eb61b16
TN_VARDAH_2016_000065,TN_VARDAH_2016,0,2aabd9313826a804
TN_VARDAH_2016_021833,TN_VARDAH_2016,0,7565c6670e47d5e2
TN_VARDAH_2016_046561,TN_VARDAH_2016,0,db9a17a27eb56cac
TN_VARDAH_2016_071300,TN_VARDAH_2016,0,37f07d49b54c4564
TN_VARDAH_2016_074036,TN_VARDAH_2016,0,5bc7f500ed751682
TN_VARDAH_2016_096263,TN_VARDAH_2016,0,ceb203a2b2e04f27
TN_VARDAH_2016_123807,TN_VARDAH_2016,0,943137a442bc7ae8
TN_VARDAH_2016_153541,TN_VARDAH_2016,0,e36d97de3db61e05
TN_VARDAH_2016_000051,TN_VARDAH_2016,0,1eea84832a445c0a
TN_VARDAH_2016_000056,TN_VARDAH_2016,1,cb4000f851fa4487
TN_VARDAH_2016_021886,TN_VARDAH_2016,0,722a2da4681a81a4
TN_VARDAH_2016_046579,TN_VARDAH_2016,0,b0322651f28c0f06
TN_VARDAH_2016_074124,TN_VARDAH_2016,1,bf61b37d44237f77
TN_VARDAH_2016_096401,TN_VARDAH_2016,0,05a0b9484a54da16
TN_VARDAH_2016_123837,TN_VARDAH_2016,0,8175c0d7522a1941
TN_VARDAH_2016_153560,TN_VARDAH_2016,0,efe027640c8e5eda
TN_VARDAH_2016_183240,TN_VARDAH_2016,0,7d69256d8f9b6e11
TN_VARDAH_2016_005071,TN_VARDAH_2016,0,7c0a18f2dc6dfa4f
TN_VARDAH_2016_026787,TN_VARDAH_2016,0,2b34d2aa8e60c55f
TN_VARDAH_2016_051536,TN_VARDAH_2016,1,8d730518c7272caa
TN_VARDAH_2016_076275,TN_VARDAH_2016,0,a6399a0e3d9971aa
TN_VARDAH_2016_083480,TN_VARDAH_2016,0,e5468bb645ee512f
TN_VARDAH_2016_101243,TN_VARDAH_2016,0,d583ad8714c4bfcc
TN_VARDAH_2016_128763,TN_VARDAH_2016,0,46fe294cd102a8b1
TN_VARDAH_2016_158522,TN_VARDAH_2016,0,27c53a9313314b00
TN_VARDAH_2016_188135,TN_VARDAH_2016,0,27bcb1b6e83ce0af
TN_VARDAH_2016_009961,TN_VARDAH_2016,0,ab6645b4c3954c8a
TN_VARDAH_2016_010008,TN_VARDAH_2016,0,93651dde3a64040b
TN_VARDAH_2016_031741,TN_VARDAH_2016,0,a56fd953caf53573
TN_VARDAH_2016_056448,TN_VARDAH_2016,1,329f55d5070f79fc
TN_VARDAH_2016_081214,TN_VARDAH_2016,0,6835108efb41a444
TN_VARDAH_2016_085855,TN_VARDAH_2016,0,a61e12453e6abe04
TN_VARDAH_2016_106209,TN_VARDAH_2016,0,9e25e9f2b2f722ad
TN_VARDAH_2016_133722,TN_VARDAH_2016,0,b7750c2f9cbb3e92
TN_VARDAH_2016_163442,TN_VARDAH_2016,0,93d53595fefc38c1
TN_VARDAH_2016_193128,TN_VARDAH_2016,0,ad7ab02366ab1eff
TN_VARDAH_2016_010001,TN_VARDAH_2016,1,eabda6d57f12254e
TN_VARDAH_2016_010120,TN_VARDAH_2016,0,39408936c4fb0084
TN_VARDAH_2016_031802,TN_VARDAH_2016,0,12f6d8a8f8198180
TN_VARDAH_2016_056496,TN_VARDAH_2016,0,f8e75acf58dc7d9e
TN_VARDAH_2016_081259,TN_VARDAH_2016,0,651662c8635a0d4d
TN_VARDAH_2016_106165,TN_VARDAH_2016,0,ac4489389d394109
TN_VARDAH_2016_133782,TN_VARDAH_2016,0,cbc6f5e5e113d315
TN_VARDAH_2016_163457,TN_VARDAH_2016,0,1e753205d4bdce69
TN_VARDAH_2016_193158,TN_VARDAH_2016,0,83d579ff6bfa6e66
TN_VARDAH_2016_014958,TN_VARDAH_2016,0,80efbcb8bc321680
TN_VARDAH_2016_014947,TN_VARDAH_2016,0,7357bf7eb3509497
TN_VARDAH_2016_036708,TN_VARDAH_2016,0,5cff2bf66d138b12
TN_VARDAH_2016_061405,TN_VARDAH_2016,0,78debd8f7021e117
TN_VARDAH_2016_086161,TN_VARDAH_2016,1,a3ab965c9d0cdb02
TN_VARDAH_2016_111102,TN_VARDAH_2016,0,fc4b9c04de52822d
TN_VARDAH_2016_111179,TN_VARDAH_2016,0,3c4662d865923970
TN_VARDAH_2016_138690,TN_VARDAH_2016,0,8d1fe1cf0e560a48
TN_VARDAH_2016_168440,TN_VARDAH_2016,0,1e79aef3b47a3b01
TN_VARDAH_2016_198136,TN_VARDAH_2016,1,1102f06b33c3f009
TN_VARDAH_2016_019893,TN_VARDAH_2016,0,5fa0f59700455928
TN_VARDAH_2016_019929,TN_VARDAH_2016,0,9652a8376edf7ada
TN_VARDAH_2016_041681,TN_VARDAH_2016,0,43728fa14b3abe5e
TN_VARDAH_2016_066388,TN_VARDAH_2016,0,981e24097709ddb7
TN_VARDAH_2016_091134,TN_VARDAH_2016,0,d2a4ef6f14d82415
TN_VARDAH_2016_116033,TN_VARDAH_2016,0,612abc1915de7de6
TN_VARDAH_2016_116066,TN_VARDAH_2016,0,bb5120f9a54b0374
TN_VARDAH_2016_143638,TN_VARDAH_2016,0,b73834c2011eaf47
TN_VARDAH_2016_173332,TN_VARDAH_2016,0,27ab87c4fab42bc8
TN_VARDAH_2016_203013,TN_VARDAH_2016,1,ddeb882f4e4604d0
TN_VARDAH_2016_091834,TN_VARDAH_2016,1,288e2d58b4fbdf7f
TN_VARDAH_2016_116301,TN_VARDAH_2016,0,0882800db9947e29
TN_VARDAH_2016_116947,TN_VARDAH_2016,1,41fb750e21b3f465
TN_VARDAH_2016_144076,TN_VARDAH_2016,0,50a5f81daf8c94a8
TN_VARDAH_2016_173515,TN_VARDAH_2016,1,0a3f0c728d10eb5f
TN_VARDAH_2016_122057,TN_VARDAH_2016,0,384017314a5f248e
TN_VARDAH_2016_123529,TN_VARDAH_2016,0,0b40330e1ee9f60e
TN_VARDAH_2016_206168,TN_VARDAH_2016,2,44a446056d99d6fc
TN_VARDAH_2016_000014,TN_VARDAH_2016,0,9e2e425da7c00823
TN_VARDAH_2016_000072,TN_VARDAH_2016,0,b880b0aef9b5afe5
TN_VARDAH_2016_021834,TN_VARDAH_2016,0,ed91489f2f6ace23
TN_VARDAH_2016_046563,TN_VARDAH_2016,0,ee325ae0b3528ca4
TN_VARDAH_2016_071302,TN_VARDAH_2016,0,6fa4f23f4979303f
TN_VARDAH_2016_074137,TN_VARDAH_2016,0,9ceb499b480606ff
TN_VARDAH_2016_096264,TN_VARDAH_2016,1,8c0bb321d9129652
TN_VARDAH_2016_123815,TN_VARDAH_2016,0,a75ee70ee82a5dad
TN_VARDAH_2016_153542,TN_VARDAH_2016,0,471b7c795c1398d3
TN_VARDAH_2016_183201,TN_VARDAH_2016,0,54b2fa966cffb715
TN_VARDAH_2016_000055,TN_VARDAH_2016,0,11c3bc213819096e
TN_VARDAH_2016_000069,TN_VARDAH_2016,0,e53f6a2cf001b026
TN_VARDAH_2016_021889,TN_VARDAH_2016,0,ebcaae91f9794757
TN_VARDAH_2016_046588,TN_VARDAH_2016,0,52649ad6f41dada4
TN_VARDAH_2016_071297,TN_VARDAH_2016,0,25314b99994e578e
TN_VARDAH_2016_074190,TN_VARDAH_2016,0,e71da46a63eef7f1
TN_VARDAH_2016_096404,TN_VARDAH_2016,0,a76d562ce17abcbf
TN_VARDAH_2016_123838,TN_VARDAH_2016,0,e5d99469f7313926
TN_VARDAH_2016_153566,TN_VARDAH_2016,0,07c14e01a96aa4b3
TN_VARDAH_2016_183244,TN_VARDAH_2016,0,72d0030098e84dea
TN_VARDAH_2016_005076,TN_VARDAH_2016,0,cbbbe5eb5ffdd2e8
TN_VARDAH_2016_026788,TN_VARDAH_2016,1,ae65ae0adcc5eba4
TN_VARDAH_2016_051537,TN_VARDAH_2016,0,365a5cd3b6cec09c
TN_VARDAH_2016_085181,TN_VARDAH_2016,0,eb2307c403ed2aa5
TN_VARDAH_2016_101245,TN_VARDAH_2016,0,2e9c198c12fcd1ce
TN_VARDAH_2016_128764,TN_VARDAH_2016,2,812bbe473247edd2
TN_VARDAH_2016_158525,TN_VARDAH_2016,2,dc4960aabb7ae928
TN_VARDAH_2016_188137,TN_VARDAH_2016,0,9d928d8e1a6c28b7
TN_VARDAH_2016_009962,TN_VARDAH_2016,0,75ee0a77f8f8ea59
TN_VARDAH_2016_010030,TN_VARDAH_2016,0,ef1f35100cc5824a
TN_VARDAH_2016_031742,TN_VARDAH_2016,2,8a8a7ec2312ac9e7
TN_VARDAH_2016_056455,TN_VARDAH_2016,0,fb94e31bf16c6b64
TN_VARDAH_2016_081215,TN_VARDAH_2016,0,fcbab58ace74377a
TN_VARDAH_2016_106153,TN_VARDAH_2016,0,32c30d484abfe6cc
TN_VARDAH_2016_106217,TN_VARDAH_2016,0,7d271b29fdb5030c
TN_VARDAH_2016_133723,TN_VARDAH_2016,0,e4111f02d4dba912
TN_VARDAH_2016_163445,TN_VARDAH_2016,0,c8212eafdf795547
TN_VARDAH_2016_193136,TN_VARDAH_2016,0,f076069d8a0f4056
TN_VARDAH_2016_010002,TN_VARDAH_2016,0,657ceb10717f45d1
TN_VARDAH_2016_010204,TN_VARDAH_2016,0,c46c53c8c05b1025
TN_VARDAH_2016_031819,TN_VARDAH_2016,0,39485856c52dd24d
TN_VARDAH_2016_056497,TN_VARDAH_2016,0,5619464ea2d1e3b3
TN_VARDAH_2016_081272,TN_VARDAH_2016,0,ec075318a12d2eab
TN_VARDAH_2016_106173,TN_VARDAH_2016,0,a6aedd97c1ccdf00
TN_VARDAH_2016_106347,TN_VARDAH_2016,0,fcc3a7290a57124a
TN_VARDAH_2016_133784,TN_VARDAH_2016,1,09450ced77ba6980
TN_VARDAH_2016_163458,TN_VARDAH_2016,0,eeb01971334fe795
TN_VARDAH_2016_193165,TN_VARDAH_2016,1,d12aa20b61afac93
TN_VARDAH_2016_014967,TN_VARDAH_2016,1,12536fe23ab23ad6
TN_VARDAH_2016_014962,TN_VARDAH_2016,0,fb4f3928d9fffdd8
TN_VARDAH_2016_036716,TN_VARDAH_2016,0,98bc8ab651515868
TN_VARDAH_2016_061409,TN_VARDAH_2016,0,2b92f4ecb380b3c3
TN_VARDAH_2016_086164,TN_VARDAH_2016,0,fff581c1cdf9c9b3
TN_VARDAH_2016_111103,TN_VARDAH_2016,0,fb067cd1bcfd3c33
TN_VARDAH_2016_111198,TN_VARDAH_2016,0,e92109d6cbcfa113
TN_VARDAH_2016_138692,TN_VARDAH_2016,0,95ead1da01b69f1b
TN_VARDAH_2016_168450,TN_VARDAH_2016,0,ecd762773802fee2
TN_VARDAH_2016_019932,TN_VARDAH_2016,0,53f317ba60efe667
TN_VARDAH_2016_041729,TN_VARDAH_2016,0,18b35210138ddce1
TN_VARDAH_2016_066389,TN_VARDAH_2016,0,1de4c109ba72fdd7
TN_VARDAH_2016_091136,TN_VARDAH_2016,1,e4b851e1c06ae2bb
TN_VARDAH_2016_116034,TN_VARDAH_2016,0,f84d6d4b1e2dfee3
TN_VARDAH_2016_116068,TN_VARDAH_2016,0,b3af27783d03d706
TN_VARDAH_2016_143639,TN_VARDAH_2016,0,e82a234c2f6c427d
TN_VARDAH_2016_173333,TN_VARDAH_2016,1,76943a88ec6e7fa1
TN_VARDAH_2016_203015,TN_VARDAH_2016,0,37919a2f7bd51cb2
TN_VARDAH_2016_091996,TN_VARDAH_2016,0,d260f59fd0751233
TN_VARDAH_2016_116389,TN_VARDAH_2016,0,662145f1d76bdef0
TN_VARDAH_2016_116976,TN_VARDAH_2016,0,82518e40533c6763
TN_VARDAH_2016_144106,TN_VARDAH_2016,0,8acabfe0bacb0a72
TN_VARDAH_2016_173527,TN_VARDAH_2016,0,4578f7f36c5fecae
TN_VARDAH_2016_203179,TN_VARDAH_2016,0,9c1866b2860b1962
TN_VARDAH_2016_122127,TN_VARDAH_2016,0,345923915d8e6ac3
TN_VARDAH_2016_148992,TN_VARDAH_2016,2,b9de650bccb5e09e
TN_VARDAH_2016_000015,TN_VARDAH_2016,0,efe711ac97565cfd
TN_VARDAH_2016_000081,TN_VARDAH_2016,0,c20a082379d1e874
TN_VARDAH_2016_021836,TN_VARDAH_2016,0,770792824661aa98
TN_VARDAH_2016_046567,TN_VARDAH_2016,0,956c947b13956a98
TN_VARDAH_2016_071305,TN_VARDAH_2016,0,775a5f087903943f
TN_VARDAH_2016_074358,TN_VARDAH_2016,0,2d6f0769c273d64f
TN_VARDAH_2016_096266,TN_VARDAH_2016,0,052df9a2c84ed566
TN_VARDAH_2016_123819,TN_VARDAH_2016,0,7735cd7022ced955
TN_VARDAH_2016_153545,TN_VARDAH_2016,1,c44f35c1150f26be
TN_VARDAH_2016_183203,TN_VARDAH_2016,0,039a72ffbf76455f
TN_VARDAH_2016_000094,TN_VARDAH_2016,0,317ce71c12f7a1be
TN_VARDAH_2016_021908,TN_VARDAH_2016,0,d5040f442d70cc97
TN_VARDAH_2016_046590,TN_VARDAH_2016,0,ac4e00cbc4020592
TN_VARDAH_2016_071301,TN_VARDAH_2016,0,a5e8f2fd552d8b10
TN_VARDAH_2016_075329,TN_VARDAH_2016,0,2d156dafdaf0c645
TN_VARDAH_2016_096420,TN_VARDAH_2016,0,4891725d13ea1cf2
TN_VARDAH_2016_123859,TN_VARDAH_2016,0,18192df59bb7b1b3
TN_VARDAH_2016_153570,TN_VARDAH_2016,0,c04eb60140d76b3c
TN_VARDAH_2016_183247,TN_VARDAH_2016,0,5c8e2a52e495de56
TN_VARDAH_2016_005012,TN_VARDAH_2016,0,999f666dc047bd73
TN_VARDAH_2016_005079,TN_VARDAH_2016,0,559dccb9f3402434
TN_VARDAH_2016_026794,TN_VARDAH_2016,0,57e521b950ebf094
TN_VARDAH_2016_051539,TN_VARDAH_2016,0,59bb5886f33fbe95
TN_VARDAH_2016_076279,TN_VARDAH_2016,0,175d4c5480678117
TN_VARDAH_2016_101186,TN_VARDAH_2016,0,b4cdefd0129d75bf
TN_VARDAH_2016_101249,TN_VARDAH_2016,0,69f869a3a10b7693
TN_VARDAH_2016_128766,TN_VARDAH_2016,0,f14894eecf5c5714
TN_VARDAH_2016_158527,TN_VARDAH_2016,0,6bc95f55490052bc
TN_VARDAH_2016_188138,TN_VARDAH_2016,0,ab1ab02da40a91f9
TN_VARDAH_2016_009963,TN_VARDAH_2016,0,e709fa22f7ea3886
TN_VARDAH_2016_010033,TN_VARDAH_2016,0,dca442d716fac18d
TN_VARDAH_2016_031744,TN_VARDAH_2016,0,78d1c267c20cfb91
TN_VARDAH_2016_056458,TN_VARDAH_2016,0,633c2b7bb135ebf1
TN_VARDAH_2016_081217,TN_VARDAH_2016,0,dc19cfb5810edf45
TN_VARDAH_2016_106154,TN_VARDAH_2016,0,bf5f2c29af796893
TN_VARDAH_2016_106226,TN_VARDAH_2016,0,909c76e85e4acca6
TN_VARDAH_2016_133724,TN_VARDAH_2016,0,7ebcd32b21cdec65
TN_VARDAH_2016_163447,TN_VARDAH_2016,0,4d4bc79257af96ce
TN_VARDAH_2016_193140,TN_VARDAH_2016,0,12f23754069036f3
TN_VARDAH_2016_010015,TN_VARDAH_2016,0,98140c9c0f898b4f
TN_VARDAH_2016_010209,TN_VARDAH_2016,0,45cd6fd86e70b6d6
TN_VARDAH_2016_031823,TN_VARDAH_2016,2,d2b5117f7015ec02
TN_VARDAH_2016_056502,TN_VARDAH_2016,0,c550f4e68601c49d
TN_VARDAH_2016_081279,TN_VARDAH_2016,0,30b21a1b56168931
TN_VARDAH_2016_106182,TN_VARDAH_2016,0,8222c07f136536d3
TN_VARDAH_2016_106450,TN_VARDAH_2016,0,4f2632db4722284d
TN_VARDAH_2016_133785,TN_VARDAH_2016,0,e961e7e288051164
TN_VARDAH_2016_163469,TN_VARDAH_2016,0,6eee57343b749955
TN_VARDAH_2016_193168,TN_VARDAH_2016,1,ea8ea49b8f888da2
TN_VARDAH_2016_014983,TN_VARDAH_2016,1,06548ab53d3698dd
TN_VARDAH_2016_036720,TN_VARDAH_2016,2,1ec28476fee6822c
TN_VARDAH_2016_061411,TN_VARDAH_2016,0,fa4a786f6ef22906
TN_VARDAH_2016_086165,TN_VARDAH_2016,0,042c9ddaea0f0b71
TN_VARDAH_2016_111105,TN_VARDAH_2016,0,2d42772ca2d752c4
TN_VARDAH_2016_111230,TN_VARDAH_2016,0,8eee3bcc8d5d9afb
TN_VARDAH_2016_168455,TN_VARDAH_2016,0,6018a6cef0e5e36a
TN_VARDAH_2016_198174,TN_VARDAH_2016,0,831c72bacac2121b
TN_VARDAH_2016_019897,TN_VARDAH_2016,1,7176ad5447ed3e3e
TN_VARDAH_2016_019933,TN_VARDAH_2016,0,27ed4cd708e4c4fc
TN_VARDAH_2016_041747,TN_VARDAH_2016,1,433015c8a3f1df53
TN_VARDAH_2016_066394,TN_VARDAH_2016,0,8390725bc225273d
TN_VARDAH_2016_091139,TN_VARDAH_2016,0,3a8471353d94d9a9
TN_VARDAH_2016_116035,TN_VARDAH_2016,0,22b2a029e1757a0e
TN_VARDAH_2016_143640,TN_VARDAH_2016,0,28773a641b9d82cd
TN_VARDAH_2016_173336,TN_VARDAH_2016,0,1f33a21aedad8fea
TN_VARDAH_2016_203016,TN_VARDAH_2016,0,5b99fdb5dd2185c0
TN_VARDAH_2016_092053,TN_VARDAH_2016,0,a6cccdba583ab68b
TN_VARDAH_2016_116543,TN_VARDAH_2016,0,1bbfdd9d0d359f63
TN_VARDAH_2016_117225,TN_VARDAH_2016,0,5baa5d4286a8d78e
TN_VARDAH_2016_144137,TN_VARDAH_2016,1,518d3747e357e98e
TN_VARDAH_2016_173558,TN_VARDAH_2016,0,f4e872a827f5406c
TN_VARDAH_2016_203204,TN_VARDAH_2016,1,a8091744e8fd2441
TN_VARDAH_2016_122228,TN_VARDAH_2016,0,ef9ac38aade3edd0
TN_VARDAH_2016_149102,TN_VARDAH_2016,0,d91d86abd805c310
TN_VARDAH_2016_206176,TN_VARDAH_2016,0,ee685618b941d42e
TN_VARDAH_2016_000017,TN_VARDAH_2016,0,63292fb65c8f196e
TN_VARDAH_2016_000087,TN_VARDAH_2016,0,63601f880e59b50f
TN_VARDAH_2016_021839,TN_VARDAH_2016,0,a96af940e7017dd9
TN_VARDAH_2016_046570,TN_VARDAH_2016,0,402d5de42bb4524f
TN_VARDAH_2016_071306,TN_VARDAH_2016,0,b153e57cca496889
TN_VARDAH_2016_075402,TN_VARDAH_2016,0,28d738a12965bf2d
TN_VARDAH_2016_096269,TN_VARDAH_2016,0,176d2e35622d4db0
TN_VARDAH_2016_123821,TN_VARDAH_2016,1,be6030ad0b3e38af
TN_VARDAH_2016_153548,TN_VARDAH_2016,0,1451823adcadc5db
TN_VARDAH_2016_183207,TN_VARDAH_2016,1,5ecba8589c0b97e3
TN_VARDAH_2016_000070,TN_VARDAH_2016,0,31c620f48b4f754f
TN_VARDAH_2016_000095,TN_VARDAH_2016,0,100b9595b7a34e11
TN_VARDAH_2016_021910,TN_VARDAH_2016,0,0f791e8020322b5a
TN_VARDAH_2016_046593,TN_VARDAH_2016,0,9a2c0c5126e1e35d
TN_VARDAH_2016_071312,TN_VARDAH_2016,0,c93a875740cc00ea
TN_VARDAH_2016_076069,TN_VARDAH_2016,0,e3b4a6b15e9795b8
TN_VARDAH_2016_096456,TN_VARDAH_2016,0,a0b841184639b825
TN_VARDAH_2016_123864,TN_VARDAH_2016,1,b6b943f97985a7bb
TN_VARDAH_2016_153584,TN_VARDAH_2016,0,270a3e19d9526589
TN_VARDAH_2016_183254,TN_VARDAH_2016,0,a6e0ea4184547812
TN_VARDAH_2016_005015,TN_VARDAH_2016,0,c459f638b5225a0c
TN_VARDAH_2016_005082,TN_VARDAH_2016,0,ed4e46ce831c9f24
TN_VARDAH_2016_026800,TN_VARDAH_2016,0,e0df3fe6be7c7993
TN_VARDAH_2016_051543,TN_VARDAH_2016,0,6fe79b948028c310
TN_VARDAH_2016_076280,TN_VARDAH_2016,0,12443d3821ec8d24
TN_VARDAH_2016_101188,TN_VARDAH_2016,1,76864c735a7fc232
TN_VARDAH_2016_101261,TN_VARDAH_2016,2,2ce17761cbf8a647
TN_VARDAH_2016_128768,TN_VARDAH_2016,1,35180b1be046821e
TN_VARDAH_2016_188139,TN_VARDAH_2016,0,f9afcd74d03622bc
TN_VARDAH_2016_009964,TN_VARDAH_2016,1,9b5630c2f48e67d1
TN_VARDAH_2016_010034,TN_VARDAH_2016,0,a2831e5d594da6e1
TN_VARDAH_2016_031747,TN_VARDAH_2016,0,57a9e25fcab180e6
TN_VARDAH_2016_081220,TN_VARDAH_2016,0,fd986e8c67694f5d
TN_VARDAH_2016_106156,TN_VARDAH_2016,1,277c34aa285dc850
TN_VARDAH_2016_106236,TN_VARDAH_2016,0,5069ea5a5eb4ccd2
TN_VARDAH_2016_133728,TN_VARDAH_2016,0,85a98abdfbb40e12
TN_VARDAH_2016_163454,TN_VARDAH_2016,0,176f29c478991cc8
TN_VARDAH_2016_193143,TN_VARDAH_2016,0,45d4a61ee3bbf5a9
TN_VARDAH_2016_010025,TN_VARDAH_2016,0,0e0fbeee4b8f700b
TN_VARDAH_2016_010247,TN_VARDAH_2016,0,59a1d93be413f134
TN_VARDAH_2016_031834,TN_VARDAH_2016,0,826f58ef2bd8c157
TN_VARDAH_2016_056503,TN_VARDAH_2016,0,f3b7bcb3f15daff8
TN_VARDAH_2016_081288,TN_VARDAH_2016,0,f8797a9750b616cc
TN_VARDAH_2016_106192,TN_VARDAH_2016,0,ba6bc79e5bb253c5
TN_VARDAH_2016_106461,TN_VARDAH_2016,0,9559e3af7cc80730
TN_VARDAH_2016_133788,TN_VARDAH_2016,0,bb837def3dd2233a
TN_VARDAH_2016_163473,TN_VARDAH_2016,1,0097fe3c8d713011
TN_VARDAH_2016_193185,TN_VARDAH_2016,1,fddff8220a477da4
TN_VARDAH_2016_014988,TN_VARDAH_2016,0,d1cac375f8c7d303
TN_VARDAH_2016_014975,TN_VARDAH_2016,0,6fe86c07ffa01758
TN_VARDAH_2016_036724,TN_VARDAH_2016,0,bfcdad1999e2b0d3
TN_VARDAH_2016_061412,TN_VARDAH_2016,0,3254fe13300ab246
TN_VARDAH_2016_111106,TN_VARDAH_2016,0,afd85c77b6a87ad6
TN_VARDAH_2016_168480,TN_VARDAH_2016,0,7737b64b9252a02f
TN_VARDAH_2016_198178,TN_VARDAH_2016,0,a823ed984a225d9e
TN_VARDAH_2016_019900,TN_VARDAH_2016,0,7419aa0e8d1a048b
TN_VARDAH_2016_019936,TN_VARDAH_2016,0,8b2e3e72e431b6ae
TN_VARDAH_2016_041761,TN_VARDAH_2016,0,459a43af20505943
TN_VARDAH_2016_091144,TN_VARDAH_2016,0,5c95dd876fb947e0
TN_VARDAH_2016_116036,TN_VARDAH_2016,0,6db3732513478631
TN_VARDAH_2016_143641,TN_VARDAH_2016,0,d7dd0d7916404d76
TN_VARDAH_2016_173338,TN_VARDAH_2016,0,89ccc2e1cda440b7
TN_VARDAH_2016_203018,TN_VARDAH_2016,0,afb3b8540619ec87
TN_VARDAH_2016_092253,TN_VARDAH_2016,0,f1612719b43f8197
TN_VARDAH_2016_116662,TN_VARDAH_2016,0,994b15329d6aefa7
TN_VARDAH_2016_117456,TN_VARDAH_2016,0,110bf9ef05c4f507
TN_VARDAH_2016_144180,TN_VARDAH_2016,0,fadd8d4be38629d9
TN_VARDAH_2016_173576,TN_VARDAH_2016,0,634713e6b08d692e
TN_VARDAH_2016_203228,TN_VARDAH_2016,0,2e4bef35e4e5d9f1
TN_VARDAH_2016_122303,TN_VARDAH_2016,0,8a301fa202b47b55
TN_VARDAH_2016_150254,TN_VARDAH_2016,0,22a42d35a3e66b64
TN_VARDAH_2016_206178,TN_VARDAH_2016,0,57d83bf848341287
TN_VARDAH_2016_000092,TN_VARDAH_2016,0,95cd6d538df6f0dd
TN_VARDAH_2016_046571,TN_VARDAH_2016,0,aba12fa21804331a
TN_VARDAH_2016_071307,TN_VARDAH_2016,0,1ed255d01f9e6e2b
TN_VARDAH_2016_076099,TN_VARDAH_2016,0,78a1a6a9468ac076
TN_VARDAH_2016_096277,TN_VARDAH_2016,0,064eaae9cd51ab01
TN_VARDAH_2016_123826,TN_VARDAH_2016,0,1e5495149cdf60c7
TN_VARDAH_2016_153549,TN_VARDAH_2016,0,2c35bc67d5562965
TN_VARDAH_2016_183208,TN_VARDAH_2016,0,dff06112c8adf74b
TN_VARDAH_2016_000073,TN_VARDAH_2016,0,5cb0272b6b191cab
TN_VARDAH_2016_000098,TN_VARDAH_2016,0,7a53b71b04408547
TN_VARDAH_2016_021912,TN_VARDAH_2016,0,81573cb9c1f0dade
TN_VARDAH_2016_046597,TN_VARDAH_2016,0,6c7b6b73ea29a682
TN_VARDAH_2016_071313,TN_VARDAH_2016,0,5d31e30ddac88705
TN_VARDAH_2016_076631,TN_VARDAH_2016,1,4141b4ae8bc46064
TN_VARDAH_2016_096488,TN_VARDAH_2016,1,f370e79c954a53bd
TN_VARDAH_2016_123866,TN_VARDAH_2016,0,cc5e0349ba9ad265
TN_VARDAH_2016_153586,TN_VARDAH_2016,1,72a030555bd34748
TN_VARDAH_2016_183255,TN_VARDAH_2016,0,5330fec681664ecb
TN_VARDAH_2016_005019,TN_VARDAH_2016,0,85fc6bb193bba8a3
TN_VARDAH_2016_005086,TN_VARDAH_2016,0,f397c133d4fcf404
TN_VARDAH_2016_026801,TN_VARDAH_2016,0,7d59b3de7d42dce4
TN_VARDAH_2016_051544,TN_VARDAH_2016,1,ed3a81a7749034e6
TN_VARDAH_2016_076281,TN_VARDAH_2016,0,a0b4816a3a7a1f76
TN_VARDAH_2016_101189,TN_VARDAH_2016,0,bb5b3a279ea35b39
TN_VARDAH_2016_101267,TN_VARDAH_2016,0,7b0e234e5bdfd1f4
TN_VARDAH_2016_128769,TN_VARDAH_2016,0,4b9086c992e4cbea
TN_VARDAH_2016_158534,TN_VARDAH_2016,0,4be28652c4135357
TN_VARDAH_2016_188140,TN_VARDAH_2016,0,b33925a2a6842667
TN_VARDAH_2016_009966,TN_VARDAH_2016,0,18ecfa7a1dcff357
TN_VARDAH_2016_010035,TN_VARDAH_2016,0,e0f50ef150208028
TN_VARDAH_2016_031749,TN_VARDAH_2016,0,1684f54b199b33e0
TN_VARDAH_2016_056461,TN_VARDAH_2016,0,1973053ccfae8d89
TN_VARDAH_2016_081221,TN_VARDAH_2016,0,73f46bdb4be2abe2
TN_VARDAH_2016_106157,TN_VARDAH_2016,0,b94cdfa89129ab1a
TN_VARDAH_2016_106238,TN_VARDAH_2016,0,ad2c82f66ca694a0
TN_VARDAH_2016_133729,TN_VARDAH_2016,0,703f616a7de1f115
TN_VARDAH_2016_163456,TN_VARDAH_2016,0,1ecb1380fe04cff7
TN_VARDAH_2016_193148,TN_VARDAH_2016,0,44f48d4cb4d780f0
TN_VARDAH_2016_010031,TN_VARDAH_2016,0,9978d643ee2a060e
TN_VARDAH_2016_010272,TN_VARDAH_2016,1,da9b0c078cd3e61c
TN_VARDAH_2016_031855,TN_VARDAH_2016,2,e8e5337147884197
TN_VARDAH_2016_056509,TN_VARDAH_2016,0,a6e1ae38cbee6c98
TN_VARDAH_2016_081298,TN_VARDAH_2016,1,178455e8fa038606
TN_VARDAH_2016_106196,TN_VARDAH_2016,0,05fd54478cf27af8
TN_VARDAH_2016_106471,TN_VARDAH_2016,1,359e05d031a892e5
TN_VARDAH_2016_133795,TN_VARDAH_2016,0,30cf5f817e60c59e
TN_VARDAH_2016_163479,TN_VARDAH_2016,2,7bbcb1649b451179
TN_VARDAH_2016_193198,TN_VARDAH_2016,0,df12dc6fb2cc5255
TN_VARDAH_2016_014992,TN_VARDAH_2016,0,b7d7a85dc352da07
TN_VARDAH_2016_014978,TN_VARDAH_2016,0,5748dfee6101b50d
TN_VARDAH_2016_036727,TN_VARDAH_2016,2,19b3e9d08760cc56
TN_VARDAH_2016_061415,TN_VARDAH_2016,0,53f6ee7491ca1dc0
TN_VARDAH_2016_086167,TN_VARDAH_2016,0,a5cf352cfe5e5fc5
TN_VARDAH_2016_111108,TN_VARDAH_2016,0,3dc3642c6489fbb0
TN_VARDAH_2016_111252,TN_VARDAH_2016,0,ac63aed9612f6eb5
TN_VARDAH_2016_138705,TN_VARDAH_2016,1,950e4ed13b629da1
TN_VARDAH_2016_168489,TN_VARDAH_2016,0,9c72d1ab0e653575
TN_VARDAH_2016_198190,TN_VARDAH_2016,0,fa9b7fbef6b8fadd
TN_VARDAH_2016_019901,TN_VARDAH_2016,1,7e4772b910a35836
TN_VARDAH_2016_019947,TN_VARDAH_2016,0,62b7b6f3fd6bd022
TN_VARDAH_2016_041765,TN_VARDAH_2016,0,1c716960bcb002cd
TN_VARDAH_2016_066398,TN_VARDAH_2016,0,1daf7d1689579c44
TN_VARDAH_2016_091146,TN_VARDAH_2016,0,cd5ad25c7532cfa4
TN_VARDAH_2016_116037,TN_VARDAH_2016,0,dc51c20a170972bb
TN_VARDAH_2016_116080,TN_VARDAH_2016,0,47abe39766763690
TN_VARDAH_2016_143645,TN_VARDAH_2016,1,1f811ee94a2bd279
TN_VARDAH_2016_173341,TN_VARDAH_2016,0,593321fca6344e71
TN_VARDAH_2016_203019,TN_VARDAH_2016,0,b5a581e648c59c10
TN_VARDAH_2016_092436,TN_VARDAH_2016,0,4dd651d8205f41fb
TN_VARDAH_2016_116684,TN_VARDAH_2016,0,73ead3a1c928d5f6
TN_VARDAH_2016_117563,TN_VARDAH_2016,0,8ebfbb5a2e00ff62
TN_VARDAH_2016_144277,TN_VARDAH_2016,0,353980077caf2fd4
TN_VARDAH_2016_173589,TN_VARDAH_2016,1,951bf6c15461d862
TN_VARDAH_2016_203249,TN_VARDAH_2016,1,2e7e5412ee83f157
TN_VARDAH_2016_122391,TN_VARDAH_2016,0,d22bc6357e186019
TN_VARDAH_2016_150476,TN_VARDAH_2016,2,6b1dce273abba1b7
TN_VARDAH_2016_206189,TN_VARDAH_2016,1,13de2b7465ddfe52
TN_VARDAH_2016_000020,TN_VARDAH_2016,1,70ca0994ab62dc3c
TN_VARDAH_2016_021855,TN_VARDAH_2016,0,3c16b198ac418a3c
TN_VARDAH_2016_046573,TN_VARDAH_2016,0,c3e7e4627baba684
TN_VARDAH_2016_071308,TN_VARDAH_2016,1,a1378af3c167c683
TN_VARDAH_2016_096224,TN_VARDAH_2016,0,401ddc181742e7eb
TN_VARDAH_2016_096279,TN_VARDAH_2016,0,4bbfe8993382e05d
TN_VARDAH_2016_123828,TN_VARDAH_2016,0,0a6c48ebd97f1d2b
TN_VARDAH_2016_153550,TN_VARDAH_2016,1,22c7b41cb1b86c4b
TN_VARDAH_2016_183209,TN_VARDAH_2016,0,a74d3767315c11df
TN_VARDAH_2016_000074,TN_VARDAH_2016,0,733536d850d36de1
TN_VARDAH_2016_000102,TN_VARDAH_2016,1,11e1a37a73fa8678
TN_VARDAH_2016_021917,TN_VARDAH_2016,0,c68a0fd8221daaae
TN_VARDAH_2016_046601,TN_VARDAH_2016,1,b7791548f17e8398
TN_VARDAH_2016_071322,TN_VARDAH_2016,0,ea2318ccb154bcb7
TN_VARDAH_2016_077012,TN_VARDAH_2016,0,0ee042e806d6a694
TN_VARDAH_2016_096514,TN_VARDAH_2016,0,a8efebb6666ac7df
TN_VARDAH_2016_123868,TN_VARDAH_2016,0,d86bee172f6dde12
TN_VARDAH_2016_153591,TN_VARDAH_2016,0,bf6f460994674838
TN_VARDAH_2016_183258,TN_VARDAH_2016,1,a317c0ea5efd9521
TN_VARDAH_2016_005021,TN_VARDAH_2016,0,cb8944870cf49f02
TN_VARDAH_2016_005101,TN_VARDAH_2016,0,db23c6ccc9b5520d
TN_VARDAH_2016_026803,TN_VARDAH_2016,0,d1a76702f4e5968e
TN_VARDAH_2016_051545,TN_VARDAH_2016,0,944b6381a0855eed
TN_VARDAH_2016_076282,TN_VARDAH_2016,0,7973a2ab4277e72c
TN_VARDAH_2016_101269,TN_VARDAH_2016,0,bd41aa7d0b5e0d61
TN_VARDAH_2016_128771,TN_VARDAH_2016,0,7ea9b1857289e7ce
TN_VARDAH_2016_158535,TN_VARDAH_2016,0,f528a8308f9adf54
TN_VARDAH_2016_188141,TN_VARDAH_2016,1,3d6f24b28de8b271
TN_VARDAH_2016_009967,TN_VARDAH_2016,0,77a97c1b733943da
TN_VARDAH_2016_010048,TN_VARDAH_2016,1,0db110f77fce2db7
TN_VARDAH_2016_031750,TN_VARDAH_2016,1,e1add3a372213fdc
TN_VARDAH_2016_056463,TN_VARDAH_2016,1,b27739729a3122ba
TN_VARDAH_2016_081222,TN_VARDAH_2016,0,4fedfc9c5f679d12
TN_VARDAH_2016_106161,TN_VARDAH_2016,0,ebcea7de27657a08
TN_VARDAH_2016_106249,TN_VARDAH_2016,0,1b69205ccd878997
TN_VARDAH_2016_133733,TN_VARDAH_2016,0,c489f12d2c6da38c
TN_VARDAH_2016_163459,TN_VARDAH_2016,0,e92860c64dfdfe89
TN_VARDAH_2016_193149,TN_VARDAH_2016,0,3f90f4aeb8269817
TN_VARDAH_2016_010340,TN_VARDAH_2016,0,fa1f915635e85ca8
TN_VARDAH_2016_031860,TN_VARDAH_2016,0,4ef7cf77167c5082
TN_VARDAH_2016_056515,TN_VARDAH_2016,0,964f09b51461f136
TN_VARDAH_2016_081317,TN_VARDAH_2016,0,ffe5f0439cc3f92e
TN_VARDAH_2016_106197,TN_VARDAH_2016,1,4660a62dc47b7a0f
TN_VARDAH_2016_106472,TN_VARDAH_2016,0,41c38f17a04e3d15
TN_VARDAH_2016_133807,TN_VARDAH_2016,0,0b46fc9115a4e362
TN_VARDAH_2016_163481,TN_VARDAH_2016,0,453ab3cc99970b43
TN_VARDAH_2016_193211,TN_VARDAH_2016,0,18c289cfe28375fd
TN_VARDAH_2016_015012,TN_VARDAH_2016,0,bce0587546656b11
TN_VARDAH_2016_014979,TN_VARDAH_2016,0,dde8688a0816dfef
TN_VARDAH_2016_036732,TN_VARDAH_2016,1,c977898fee06b282
TN_VARDAH_2016_061418,TN_VARDAH_2016,0,6163b02876231f28
TN_VARDAH_2016_086168,TN_VARDAH_2016,0,3dc3da4bd19a40ad
TN_VARDAH_2016_111109,TN_VARDAH_2016,0,6d80717f1fd3f407
TN_VARDAH_2016_111263,TN_VARDAH_2016,0,333097e022cdeb13
TN_VARDAH_2016_138710,TN_VARDAH_2016,1,cc4ec946798a756b
TN_VARDAH_2016_168503,TN_VARDAH_2016,0,6aef4a88a4a0408f
TN_VARDAH_2016_198191,TN_VARDAH_2016,0,8afae72a2f696158
TN_VARDAH_2016_019904,TN_VARDAH_2016,2,c0da0aaaea74f69d
TN_VARDAH_2016_041766,TN_VARDAH_2016,0,92ce748ebacf4574
TN_VARDAH_2016_066403,TN_VARDAH_2016,0,1f5d16049fee3a66
TN_VARDAH_2016_091150,TN_VARDAH_2016,0,c23bf9b3c792e54a
TN_VARDAH_2016_116040,TN_VARDAH_2016,0,0549aae6f07796c9
TN_VARDAH_2016_143647,TN_VARDAH_2016,0,e85efb27f99dbc96
TN_VARDAH_2016_173342,TN_VARDAH_2016,0,4c8efd09813b6b09
TN_VARDAH_2016_203020,TN_VARDAH_2016,0,6f0b063771a8fdec
TN_VARDAH_2016_092535,TN_VARDAH_2016,0,51e6e56d146b13a7
TN_VARDAH_2016_116806,TN_VARDAH_2016,0,67a42ff2905121fe
TN_VARDAH_2016_117908,TN_VARDAH_2016,0,467bbbe956fa388a
TN_VARDAH_2016_173618,TN_VARDAH_2016,0,c3002cd6c5b00ed4
TN_VARDAH_2016_203252,TN_VARDAH_2016,0,fa94cebbd8a1002d
TN_VARDAH_2016_122455,TN_VARDAH_2016,0,f433c5d583d32982
TN_VARDAH_2016_153522,TN_VARDAH_2016,0,99b2c82dc1d35d88
TN_VARDAH_2016_206202,TN_VARDAH_2016,0,d714b559ef473ed6
TN_VARDAH_2016_000021,TN_VARDAH_2016,0,cb9e495439d2bfc7
TN_VARDAH_2016_000121,TN_VARDAH_2016,0,39a9d4dad1a1d5e5
TN_VARDAH_2016_021856,TN_VARDAH_2016,0,eaf75c371a3b5ad6
TN_VARDAH_2016_046574,TN_VARDAH_2016,0,ebf7d8544e375b4f
TN_VARDAH_2016_071309,TN_VARDAH_2016,0,44640a207dcaa45e
TN_VARDAH_2016_096225,TN_VARDAH_2016,0,f8ed032f2d5600b0
TN_VARDAH_2016_096286,TN_VARDAH_2016,1,802600a9af1500fa
TN_VARDAH_2016_123831,TN_VARDAH_2016,0,609abbfdb3434aaf
TN_VARDAH_2016_153551,TN_VARDAH_2016,0,f7a4aa4e44e1e7e4
TN_VARDAH_2016_183210,TN_VARDAH_2016,0,29b5089cd3195983
TN_VARDAH_2016_000085,TN_VARDAH_2016,0,ac6430d8c3eaf355
TN_VARDAH_2016_021926,TN_VARDAH_2016,0,6d5573fcf7f732cd
TN_VARDAH_2016_046603,TN_VARDAH_2016,0,1fdc122c24320ec7
TN_VARDAH_2016_071324,TN_VARDAH_2016,1,c5a7adfbddcb6027
TN_VARDAH_2016_077377,TN_VARDAH_2016,0,f60dd887a2c7a69e
TN_VARDAH_2016_096531,TN_VARDAH_2016,1,47d2c75af9481809
TN_VARDAH_2016_123872,TN_VARDAH_2016,0,9b0c0fb957953f9b
TN_VARDAH_2016_153594,TN_VARDAH_2016,0,658fa49d41bdbc1e
TN_VARDAH_2016_183267,TN_VARDAH_2016,0,b97b0d60e87ac8e1
TN_VARDAH_2016_005022,TN_VARDAH_2016,0,5b3e4251de5a6f0a
TN_VARDAH_2016_005106,TN_VARDAH_2016,0,2f989e0268c07e4c
TN_VARDAH_2016_026810,TN_VARDAH_2016,0,669f49a1a1d847c0
TN_VARDAH_2016_051549,TN_VARDAH_2016,0,a900961a92a84a9d
TN_VARDAH_2016_076287,TN_VARDAH_2016,1,6ae468c020c41647
TN_VARDAH_2016_128772,TN_VARDAH_2016,0,219a07b4e3153be2
TN_VARDAH_2016_158538,TN_VARDAH_2016,2,8886d40c3d35cd60
TN_VARDAH_2016_188143,TN_VARDAH_2016,1,57d17ae1500c1b6d
TN_VARDAH_2016_009968,TN_VARDAH_2016,0,8b7e3613bc25e17a
TN_VARDAH_2016_010064,TN_VARDAH_2016,1,15b139a4d0787375
TN_VARDAH_2016_056466,TN_VARDAH_2016,0,44ec993d8d2d66b5
TN_VARDAH_2016_081223,TN_VARDAH_2016,0,05a94280bb59dc4d
TN_VARDAH_2016_106252,TN_VARDAH_2016,0,8ac8983e397306ca
TN_VARDAH_2016_133734,TN_VARDAH_2016,0,316ff694c16e4602
TN_VARDAH_2016_163462,TN_VARDAH_2016,1,394906cb103be0a8
TN_VARDAH_2016_193151,TN_VARDAH_2016,0,7994795feb76d2f5
TN_VARDAH_2016_010053,TN_VARDAH_2016,0,2097a1bf5a0fb12c
TN_VARDAH_2016_010349,TN_VARDAH_2016,0,e535808e19280802
TN_VARDAH_2016_031864,TN_VARDAH_2016,0,279b0b6bc4912f1b
TN_VARDAH_2016_056517,TN_VARDAH_2016,2,1dea4f4bf0031148
TN_VARDAH_2016_081336,TN_VARDAH_2016,0,00f612a544cf98df
TN_VARDAH_2016_106198,TN_VARDAH_2016,0,91de77c399ea1290
TN_VARDAH_2016_106477,TN_VARDAH_2016,0,df11aecbb8268b2d
TN_VARDAH_2016_163484,TN_VARDAH_2016,0,877f653ff2ff43a6
TN_VARDAH_2016_193214,TN_VARDAH_2016,0,0cced8086a4a2c2f
TN_VARDAH_2016_015035,TN_VARDAH_2016,0,987bc717ce8df795
TN_VARDAH_2016_014984,TN_VARDAH_2016,0,0afcad15ff4a80f7
TN_VARDAH_2016_036736,TN_VARDAH_2016,0,21f58770c0244a2b
TN_VARDAH_2016_061423,TN_VARDAH_2016,0,19b2892be6075dfb
TN_VARDAH_2016_086177,TN_VARDAH_2016,0,4c71415523102363
TN_VARDAH_2016_111110,TN_VARDAH_2016,0,4ce1b2bf809c34d1
TN_VARDAH_2016_111264,TN_VARDAH_2016,0,62c4ec0371e20dcc
TN_VARDAH_2016_138714,TN_VARDAH_2016,0,757cf63896bea7e2
TN_VARDAH_2016_168511,TN_VARDAH_2016,0,b97546da6586188e
TN_VARDAH_2016_198258,TN_VARDAH_2016,0,b871cfd471c00523
TN_VARDAH_2016_019905,TN_VARDAH_2016,0,52745e99d89ea6e6
TN_VARDAH_2016_019956,TN_VARDAH_2016,0,694a4a730c07ad27
TN_VARDAH_2016_041767,TN_VARDAH_2016,0,a176719b7ada044f
TN_VARDAH_2016_066410,TN_VARDAH_2016,0,36ea73989143fd90
TN_VARDAH_2016_091154,TN_VARDAH_2016,1,538cb1e5064a5cc4
TN_VARDAH_2016_116042,TN_VARDAH_2016,0,2e8b47ee1ba7d5f7
TN_GAJA_2018_000001,TN_GAJA_2018,1,0b2c7bd7c4a43c79
TN_GAJA_2018_000007,TN_GAJA_2018,0,1bf6cdb15de55066
TN_GAJA_2018_006251,TN_GAJA_2018,0,3dfca57bd4058d2b
TN_GAJA_2018_010200,TN_GAJA_2018,0,94bc6a5e39c4444f
TN_GAJA_2018_016691,TN_GAJA_2018,0,13bff53a7c7c0cb9
TN_GAJA_2018_033170,TN_GAJA_2018,0,0c4d9d800b6a3e49
TN_GAJA_2018_033217,TN_GAJA_2018,0,7b51b69fd8908bc8
TN_GAJA_2018_046649,TN_GAJA_2018,0,13fe0a4f4411e9fc
TN_GAJA_2018_054446,TN_GAJA_2018,0,f4ff91d7ebda091b
TN_GAJA_2018_063623,TN_GAJA_2018,0,f22e464eba9a0706
TN_GAJA_2018_000003,TN_GAJA_2018,0,b19805f258b78207
TN_GAJA_2018_006248,TN_GAJA_2018,0,b48ae2c607cba467
TN_GAJA_2018_006269,TN_GAJA_2018,0,398ff4ad3913293e
TN_GAJA_2018_010247,TN_GAJA_2018,0,c277c759777a28a5
TN_GAJA_2018_016681,TN_GAJA_2018,0,31d84b0df1c2c88f
TN_GAJA_2018_016904,TN_GAJA_2018,0,2ab0c65c91a23aa8
TN_GAJA_2018_033892,TN_GAJA_2018,0,0a6e0745bc82c8d0
TN_GAJA_2018_046641,TN_GAJA_2018,0,9bffe70b00424221
TN_GAJA_2018_054447,TN_GAJA_2018,0,99e6f61b1b7ed958
TN_GAJA_2018_063621,TN_GAJA_2018,0,63ba683a4ca23491
TN_GAJA_2018_001089,TN_GAJA_2018,1,8cae3d6199b42c98
TN_GAJA_2018_001093,TN_GAJA_2018,0,076e33892fbf28da
TN_GAJA_2018_011204,TN_GAJA_2018,0,41847ef434010c29
TN_GAJA_2018_017083,TN_GAJA_2018,0,0018995c613c4814
TN_GAJA_2018_034717,TN_GAJA_2018,1,17afc711e174a674
TN_GAJA_2018_034733,TN_GAJA_2018,0,dd71ae74827a1ad5
TN_GAJA_2018_047532,TN_GAJA_2018,0,adb626801e782b1e
TN_GAJA_2018_054766,TN_GAJA_2018,0,8682214f6a0e44cb
TN_GAJA_2018_064266,TN_GAJA_2018,0,b6d02efe9cecfe21
TN_GAJA_2018_001094,TN_GAJA_2018,0,215ce932d853d9ff
TN_GAJA_2018_001097,TN_GAJA_2018,0,63b5547583660299
TN_GAJA_2018_006764,TN_GAJA_2018,0,1210cd6db06e97e2
TN_GAJA_2018_011220,TN_GAJA_2018,0,c0799beb35f679f4
TN_GAJA_2018_017079,TN_GAJA_2018,0,95ae82a4f57bc714
TN_GAJA_2018_020419,TN_GAJA_2018,0,1a4fdb984a5aeeea
TN_GAJA_2018_034730,TN_GAJA_2018,1,f9442b071b32702f
TN_GAJA_2018_047530,TN_GAJA_2018,0,c456699bcbfbb11f
TN_GAJA_2018_054774,TN_GAJA_2018,0,c9ea11e6783b8be4
TN_GAJA_2018_064278,TN_GAJA_2018,0,ed16bd24b6362668
TN_GAJA_2018_002172,TN_GAJA_2018,0,da08e8c7173fe86e
TN_GAJA_2018_002173,TN_GAJA_2018,0,de4eec932d437a5b
TN_GAJA_2018_007816,TN_GAJA_2018,0,a8b929f046ebd0e5
TN_GAJA_2018_012082,TN_GAJA_2018,0,90cbae4291a59798
TN_GAJA_2018_019847,TN_GAJA_2018,0,c10e15ac5e233f32
TN_GAJA_2018_036106,TN_GAJA_2018,0,e5ab1ecd810b9742
TN_GAJA_2018_048489,TN_GAJA_2018,0,70d80d48845db8ee
TN_GAJA_2018_048482,TN_GAJA_2018,0,62d3060062a07c09
TN_GAJA_2018_065040,TN_GAJA_2018,0,47e9112484bc3652
TN_GAJA_2018_002191,TN_GAJA_2018,0,53a87865af15b8d9
TN_GAJA_2018_008573,TN_GAJA_2018,0,261b5d12ae169643
TN_GAJA_2018_012095,TN_GAJA_2018,0,1466aba96926f2ca
TN_GAJA_2018_036108,TN_GAJA_2018,0,53354c05a2129c7c
TN_GAJA_2018_037699,TN_GAJA_2018,0,cdfa8bb4e033ed45
TN_GAJA_2018_048505,TN_GAJA_2018,0,a67e5d152eee78dd
TN_GAJA_2018_055331,TN_GAJA_2018,0,d460ff142bcc793d
TN_GAJA_2018_065039,TN_GAJA_2018,0,e771decd081d9fc6
TN_GAJA_2018_003844,TN_GAJA_2018,0,23cb1c2e4b4105b9
TN_GAJA_2018_003846,TN_GAJA_2018,0,b804f14793473c95
TN_GAJA_2018_008575,TN_GAJA_2018,0,0d499e8f007d15c4
TN_GAJA_2018_013554,TN_GAJA_2018,0,fd6ad55ca3766478
TN_GAJA_2018_023542,TN_GAJA_2018,0,0ad642e5651f10af
TN_GAJA_2018_037691,TN_GAJA_2018,1,209a049dfe297edc
TN_GAJA_2018_037708,TN_GAJA_2018,0,a82556837f013549
TN_GAJA_2018_049295,TN_GAJA_2018,2,c50764eb5914763f
TN_GAJA_2018_056050,TN_GAJA_2018,0,4dce71888192b92c
TN_GAJA_2018_066025,TN_GAJA_2018,0,f7928ad790fbff68
TN_GAJA_2018_005634,TN_GAJA_2018,0,e1f6c93713a750c4
TN_GAJA_2018_005643,TN_GAJA_2018,0,0a9a24a9445f6c16
TN_GAJA_2018_009842,TN_GAJA_2018,0,28d9f32ee1b222fa
TN_GAJA_2018_014523,TN_GAJA_2018,0,e86a95379645540a
TN_GAJA_2018_028483,TN_GAJA_2018,0,404e1fb938bc9ccc
TN_GAJA_2018_042652,TN_GAJA_2018,0,27d1cd8922ce387a
TN_GAJA_2018_042656,TN_GAJA_2018,0,dafddd8d08c4c265
TN_GAJA_2018_052775,TN_GAJA_2018,1,1de342feb1ee538f
TN_GAJA_2018_061038,TN_GAJA_2018,0,c04c7a5d18ca522b
TN_GAJA_2018_068999,TN_GAJA_2018,1,22c919c480f0d639
TN_GAJA_2018_069438,TN_GAJA_2018,0,b981bb723d710955
TN_GAJA_2018_069641,TN_GAJA_2018,0,f0b72d9f76ad664a
TN_GAJA_2018_010198,TN_GAJA_2018,0,bd24613e19a9ef75
TN_GAJA_2018_016678,TN_GAJA_2018,0,e2e853e991791831
TN_GAJA_2018_000012,TN_GAJA_2018,0,012bfcfdfbcc676d
TN_GAJA_2018_006253,TN_GAJA_2018,0,c32c981c26394fc7
TN_GAJA_2018_010207,TN_GAJA_2018,0,f97a7679a03de409
TN_GAJA_2018_016694,TN_GAJA_2018,0,902a313599d80145
TN_GAJA_2018_033171,TN_GAJA_2018,0,a2353551e8080a3a
TN_GAJA_2018_033263,TN_GAJA_2018,0,5c261f7fe28ad4e0
TN_GAJA_2018_046657,TN_GAJA_2018,2,fd89b7868f3fbcda
TN_GAJA_2018_054451,TN_GAJA_2018,0,13973c15d1bdbd81
TN_GAJA_2018_063630,TN_GAJA_2018,0,f0df1f4fb83ad4a1
TN_GAJA_2018_000036,TN_GAJA_2018,0,cd030424aba6962c
TN_GAJA_2018_006249,TN_GAJA_2018,0,e1ff74d3f8562d6b
TN_GAJA_2018_006275,TN_GAJA_2018,0,bfc99525fa8fc66b
TN_GAJA_2018_010267,TN_GAJA_2018,0,a005c514f1dddd07
TN_GAJA_2018_016682,TN_GAJA_2018,1,b6a7adadedc52c8a
TN_GAJA_2018_033172,TN_GAJA_2018,0,0828d5d9218afc55
TN_GAJA_2018_034312,TN_GAJA_2018,0,9e9612347f68d773
TN_GAJA_2018_046651,TN_GAJA_2018,0,afecd5e5aa17c70c
TN_GAJA_2018_054448,TN_GAJA_2018,1,33c8da2481c3398c
TN_GAJA_2018_063626,TN_GAJA_2018,0,c696fb21edeb02fb
TN_GAJA_2018_001090,TN_GAJA_2018,0,5f633b4694deb369
TN_GAJA_2018_001108,TN_GAJA_2018,1,1ec625d715b34dbe
TN_GAJA_2018_006768,TN_GAJA_2018,0,56d4ebdfd67a8e4a
TN_GAJA_2018_011206,TN_GAJA_2018,0,89e644ba7c48d24f
TN_GAJA_2018_017089,TN_GAJA_2018,0,64449b187066a729
TN_GAJA_2018_034718,TN_GAJA_2018,0,cbe57c3c438ab473
TN_GAJA_2018_034825,TN_GAJA_2018,0,17a7a4f4025fdf89
TN_GAJA_2018_047535,TN_GAJA_2018,0,dfda6966c2da4fbc
TN_GAJA_2018_054767,TN_GAJA_2018,0,3b363675ae247097
TN_GAJA_2018_064267,TN_GAJA_2018,0,009d6b5ebd039194
TN_GAJA_2018_001099,TN_GAJA_2018,2,7497027d490acebf
TN_GAJA_2018_001117,TN_GAJA_2018,0,85f8e626b7bb8775
TN_GAJA_2018_006770,TN_GAJA_2018,0,52446abce41a1f32
TN_GAJA_2018_011221,TN_GAJA_2018,0,a54d9c97fead37eb
TN_GAJA_2018_023237,TN_GAJA_2018,0,c166e174ec52e1fc
TN_GAJA_2018_034739,TN_GAJA_2018,0,a7587bb7fe250f06
TN_GAJA_2018_047538,TN_GAJA_2018,0,dc53b12a4b331d12
TN_GAJA_2018_054784,TN_GAJA_2018,0,3f8e7f424d9f28b8
TN_GAJA_2018_064286,TN_GAJA_2018,0,c01190b9a6622693
TN_GAJA_2018_002181,TN_GAJA_2018,0,4c43e31f1a5153f4
TN_GAJA_2018_002178,TN_GAJA_2018,0,27ef1bcc1d3b698f
TN_GAJA_2018_007817,TN_GAJA_2018,0,8bdc4f1d64c837e5
TN_GAJA_2018_012085,TN_GAJA_2018,0,5261cb788a6df3e3
TN_GAJA_2018_019849,TN_GAJA_2018,0,5aaf5f1172d27703
TN_GAJA_2018_036107,TN_GAJA_2018,1,fb019f9616320792
TN_GAJA_2018_048490,TN_GAJA_2018,0,6c5b43abd8c5eb7c
TN_GAJA_2018_048485,TN_GAJA_2018,0,09561445149eaf1c
TN_GAJA_2018_055297,TN_GAJA_2018,0,c0900d53c1fc94d2
TN_GAJA_2018_065044,TN_GAJA_2018,0,6d3d2d08f4da1d86
TN_GAJA_2018_002210,TN_GAJA_2018,0,bbe5360a8600c110
TN_GAJA_2018_002198,TN_GAJA_2018,0,4545b78755326740
TN_GAJA_2018_008577,TN_GAJA_2018,0,4415b961ccf3de54
TN_GAJA_2018_012107,TN_GAJA_2018,0,50b0b85fbc195ea7
TN_GAJA_2018_019856,TN_GAJA_2018,0,009b94f6eac0263f
TN_GAJA_2018_036111,TN_GAJA_2018,1,a07806f661d6e6d6
TN_GAJA_2018_037725,TN_GAJA_2018,1,d3fc0a16bc85a410
TN_GAJA_2018_048513,TN_GAJA_2018,1,30feee6b85a3b4bd
TN_GAJA_2018_055398,TN_GAJA_2018,0,5555a9e5f4dc99ae
TN_GAJA_2018_065054,TN_GAJA_2018,0,3e4f35250f6c81f8
TN_GAJA_2018_003845,TN_GAJA_2018,0,2b9de60c59ef92dd
TN_GAJA_2018_003848,TN_GAJA_2018,0,6d7f5f31c9b7a7fa
TN_GAJA_2018_008576,TN_GAJA_2018,1,630ba16a748eaa54
TN_GAJA_2018_013568,TN_GAJA_2018,0,48ba27131efb03d9
TN_GAJA_2018_023543,TN_GAJA_2018,1,60c4c4eb7b0db924
TN_GAJA_2018_037692,TN_GAJA_2018,1,af82ab62b2234aa0
TN_GAJA_2018_037714,TN_GAJA_2018,0,41181609e6470668
TN_GAJA_2018_049298,TN_GAJA_2018,0,25c2fd50fa0125d3
TN_GAJA_2018_056051,TN_GAJA_2018,2,7af20219791080ad
TN_GAJA_2018_066026,TN_GAJA_2018,0,7333b29d0b3dd613
TN_GAJA_2018_005635,TN_GAJA_2018,0,a0f4cec5979c3e4a
TN_GAJA_2018_005657,TN_GAJA_2018,0,4631f9a8d46face3
TN_GAJA_2018_009850,TN_GAJA_2018,2,cde79e7ea2c55ad4
TN_GAJA_2018_014524,TN_GAJA_2018,0,0182fd499baf8244
TN_GAJA_2018_028484,TN_GAJA_2018,0,b332100fe53bfc08
TN_GAJA_2018_042653,TN_GAJA_2018,0,f9df68b4a1cfc5a9
TN_GAJA_2018_042682,TN_GAJA_2018,0,8abafd5f0cf14fc8
TN_GAJA_2018_052776,TN_GAJA_2018,0,5cf0bd33fa37b4a0
TN_GAJA_2018_061039,TN_GAJA_2018,0,ff15b81758ab8701
TN_GAJA_2018_069008,TN_GAJA_2018,0,a4643fba7c8cf7de
TN_GAJA_2018_069642,TN_GAJA_2018,0,3f90d8a9ce786c1a
TN_GAJA_2018_016679,TN_GAJA_2018,1,1e126da1dc8da636
TN_GAJA_2018_000004,TN_GAJA_2018,1,86f94e8a60117d7c
TN_GAJA_2018_006255,TN_GAJA_2018,0,9ce650383c265fc0
TN_GAJA_2018_010209,TN_GAJA_2018,0,7fc3f47ddefe7e8a
TN_GAJA_2018_016695,TN_GAJA_2018,0,90823bef2cfb7874
TN_GAJA_2018_033173,TN_GAJA_2018,0,a27b3d295850b593
TN_GAJA_2018_033353,TN_GAJA_2018,0,6966a288b1803da7
TN_GAJA_2018_046664,TN_GAJA_2018,0,53225c11f5a75e5f
TN_GAJA_2018_054452,TN_GAJA_2018,1,e053ed1e3d87cdd1
TN_GAJA_2018_063631,TN_GAJA_2018,0,368f96a1c4e80e86
TN_GAJA_2018_000047,TN_GAJA_2018,2,8e0b52e05420f17f
TN_GAJA_2018_006250,TN_GAJA_2018,0,e24c80740f7635a9
TN_GAJA_2018_006285,TN_GAJA_2018,0,58f0777c71c671b3
TN_GAJA_2018_010270,TN_GAJA_2018,1,f46693679e77be9e
TN_GAJA_2018_016696,TN_GAJA_2018,0,60776960fd8e2c5e
TN_GAJA_2018_033174,TN_GAJA_2018,0,775e55b52fd66ffb
TN_GAJA_2018_046646,TN_GAJA_2018,0,c1d1fa9398402266
TN_GAJA_2018_046653,TN_GAJA_2018,0,45991b11559f712b
TN_GAJA_2018_054449,TN_GAJA_2018,0,c8079d3b1e276418
TN_GAJA_2018_063627,TN_GAJA_2018,0,f82dce5635961322
TN_GAJA_2018_001091,TN_GAJA_2018,1,a87c95a431a717c4
TN_GAJA_2018_001115,TN_GAJA_2018,0,62068577d8639938
TN_GAJA_2018_006769,TN_GAJA_2018,0,2b54496c53d96d6d
TN_GAJA_2018_011211,TN_GAJA_2018,0,694d7deae23f35cb
TN_GAJA_2018_017095,TN_GAJA_2018,1,316c4591b526dc25
TN_GAJA_2018_034827,TN_GAJA_2018,0,3cbc2f799ec87cf6
TN_GAJA_2018_047536,TN_GAJA_2018,0,e6898314c117a6a2
TN_GAJA_2018_054768,TN_GAJA_2018,0,227e2a627d1bde90
TN_GAJA_2018_064271,TN_GAJA_2018,0,07b9671254e88b29
TN_GAJA_2018_001101,TN_GAJA_2018,2,c0b41edcd3e0182c
TN_GAJA_2018_001159,TN_GAJA_2018,0,9828d8ed58168649
TN_GAJA_2018_006772,TN_GAJA_2018,0,1ba01895d0c153bc
TN_GAJA_2018_011225,TN_GAJA_2018,0,7a859d5cd9177e4c
TN_GAJA_2018_017082,TN_GAJA_2018,1,634463446b8db8eb
TN_GAJA_2018_034724,TN_GAJA_2018,1,86b6890f4e88f310
TN_GAJA_2018_034782,TN_GAJA_2018,0,bd5c0fed1aa8c6dc
TN_GAJA_2018_047540,TN_GAJA_2018,0,08f749ff664c9adf
TN_GAJA_2018_054799,TN_GAJA_2018,1,0f430f3c66ba6ff9
TN_GAJA_2018_064293,TN_GAJA_2018,0,158a8fe480f28ac8
TN_GAJA_2018_002196,TN_GAJA_2018,0,8d630432a69171f9
TN_GAJA_2018_007818,TN_GAJA_2018,1,75289f4e6ee0e63f
TN_GAJA_2018_012087,TN_GAJA_2018,0,e45ee37c7598077d
TN_GAJA_2018_019850,TN_GAJA_2018,0,12af6940ab419cef
TN_GAJA_2018_036109,TN_GAJA_2018,0,d0bc3ac0134a789d
TN_GAJA_2018_048494,TN_GAJA_2018,1,6f0b0a928777046e
TN_GAJA_2018_048486,TN_GAJA_2018,0,dff2f432c0ef96fd
TN_GAJA_2018_055300,TN_GAJA_2018,0,21b661777956493a
TN_GAJA_2018_065045,TN_GAJA_2018,0,01097e4cee5903c1
TN_GAJA_2018_002248,TN_GAJA_2018,1,82fffd1533c8cd58
TN_GAJA_2018_002215,TN_GAJA_2018,0,dc79f9ca6b361b52
TN_GAJA_2018_008579,TN_GAJA_2018,0,cce5cc9c52d34230
TN_GAJA_2018_012114,TN_GAJA_2018,0,481fa4074ab37ac7
TN_GAJA_2018_019860,TN_GAJA_2018,0,008e222ae99904e6
TN_GAJA_2018_036114,TN_GAJA_2018,0,f0c1e3fed23fbae7
TN_GAJA_2018_037747,TN_GAJA_2018,0,503a26b63bbe8be9
TN_GAJA_2018_048528,TN_GAJA_2018,0,55e7ac22e527132d
TN_GAJA_2018_055432,TN_GAJA_2018,2,e3d33c549c9946e0
TN_GAJA_2018_065056,TN_GAJA_2018,0,f4ade77c0a429325
TN_GAJA_2018_003849,TN_GAJA_2018,0,f92e77ac32a24c85
TN_GAJA_2018_003852,TN_GAJA_2018,0,211637bcf11751dd
TN_GAJA_2018_008578,TN_GAJA_2018,0,1bb2a0f40e5a3f16
TN_GAJA_2018_013588,TN_GAJA_2018,0,4b742902134417cd
TN_GAJA_2018_023544,TN_GAJA_2018,0,ed899a9c8794c8bb
TN_GAJA_2018_037693,TN_GAJA_2018,2,28476bbaea36b906
TN_GAJA_2018_037723,TN_GAJA_2018,0,7b5775c4d61aa27d
TN_GAJA_2018_049305,TN_GAJA_2018,1,aa4bdff0c9c071ed
TN_GAJA_2018_056052,TN_GAJA_2018,0,b09aa04061675fb0
TN_GAJA_2018_066027,TN_GAJA_2018,0,4bd11b5a37c41d36
TN_GAJA_2018_005638,TN_GAJA_2018,0,773e14e0655da367
TN_GAJA_2018_005665,TN_GAJA_2018,0,445c77976625b7c2
TN_GAJA_2018_009851,TN_GAJA_2018,0,1991a1197c8acd0a
TN_GAJA_2018_014525,TN_GAJA_2018,0,e70723a282bb3d98
TN_GAJA_2018_028486,TN_GAJA_2018,0,f337ca9c4f6bf5cc
TN_GAJA_2018_042657,TN_GAJA_2018,1,320f00aa841a341c
TN_GAJA_2018_042683,TN_GAJA_2018,1,ad71a9399d2d6881
TN_GAJA_2018_052784,TN_GAJA_2018,1,18ecd8c583bf7bbb
TN_GAJA_2018_061040,TN_GAJA_2018,0,2056e37c3f2b0032
TN_GAJA_2018_069009,TN_GAJA_2018,0,f9b234bd1ba1e404
TN_GAJA_2018_033169,TN_GAJA_2018,0,47bf163d9fd0b067
TN_GAJA_2018_000005,TN_GAJA_2018,0,595ea12656959f04
TN_GAJA_2018_000022,TN_GAJA_2018,0,8983500337ec86a7
TN_GAJA_2018_006257,TN_GAJA_2018,0,81db5562fb91af82
TN_GAJA_2018_010214,TN_GAJA_2018,0,d504f5990c37e35f
TN_GAJA_2018_016697,TN_GAJA_2018,0,14c13d09d77a2917
TN_GAJA_2018_033180,TN_GAJA_2018,0,0dacaaec47059b79
TN_GAJA_2018_033395,TN_GAJA_2018,2,56eb8e0b68ced094
TN_GAJA_2018_046671,TN_GAJA_2018,0,9c0dde10645aa2fc
TN_GAJA_2018_054459,TN_GAJA_2018,0,1d659d60c25acdac
TN_GAJA_2018_063632,TN_GAJA_2018,0,897864753bc2d559
TN_GAJA_2018_000048,TN_GAJA_2018,0,e2aed362a7ef7cb1
TN_GAJA_2018_006252,TN_GAJA_2018,0,6fb705d1d39d05ea
TN_GAJA_2018_006307,TN_GAJA_2018,0,cf75e09e8c3cdc2e
TN_GAJA_2018_010281,TN_GAJA_2018,0,f3da640409af8799
TN_GAJA_2018_016698,TN_GAJA_2018,0,6148e8546a1d2bf3
TN_GAJA_2018_033175,TN_GAJA_2018,0,e9770131e991ff36
TN_GAJA_2018_046650,TN_GAJA_2018,0,e07ef642d5665502
TN_GAJA_2018_046655,TN_GAJA_2018,0,32663ae32599c1af
TN_GAJA_2018_063628,TN_GAJA_2018,0,b745cf58cd35298a
TN_GAJA_2018_001092,TN_GAJA_2018,1,ae56826079e2f381
TN_GAJA_2018_001122,TN_GAJA_2018,0,38873f6a38d5b625
TN_GAJA_2018_006776,TN_GAJA_2018,0,d1a4ec07a9edbd39
TN_GAJA_2018_011222,TN_GAJA_2018,0,08c4fbd2781700ec
TN_GAJA_2018_017097,TN_GAJA_2018,0,2be4f10ba666eab8
TN_GAJA_2018_034720,TN_GAJA_2018,0,59cb79dacab481d8
TN_GAJA_2018_034832,TN_GAJA_2018,0,18b4d1f80849c66c
TN_GAJA_2018_047537,TN_GAJA_2018,0,001cd7f11657c406
TN_GAJA_2018_054769,TN_GAJA_2018,0,b3c33038739b976f
TN_GAJA_2018_064274,TN_GAJA_2018,0,52d3d8a9c1de06fc
TN_GAJA_2018_001102,TN_GAJA_2018,0,d74c59eebb1a7185
TN_GAJA_2018_001165,TN_GAJA_2018,0,6f8bec955e66d359
TN_GAJA_2018_006773,TN_GAJA_2018,0,c99cdc77338f821a
TN_GAJA_2018_011233,TN_GAJA_2018,1,40f13b7b053111c4
TN_GAJA_2018_017084,TN_GAJA_2018,0,bb76fe16ad5bbe98
TN_GAJA_2018_034726,TN_GAJA_2018,1,fb668b10bb8aa7c8
TN_GAJA_2018_034806,TN_GAJA_2018,0,240fd7e7a60db4f5
TN_GAJA_2018_047560,TN_GAJA_2018,0,9da5d8acc25bd438
TN_GAJA_2018_054807,TN_GAJA_2018,0,098bf0540392c35b
TN_GAJA_2018_064323,TN_GAJA_2018,1,0b39d7425ac9c75b
TN_GAJA_2018_002186,TN_GAJA_2018,1,ebf92c6ae649e9bc
TN_GAJA_2018_002235,TN_GAJA_2018,1,52bc24c65195bb5d
TN_GAJA_2018_007819,TN_GAJA_2018,1,fd936b2872172c60
TN_GAJA_2018_012088,TN_GAJA_2018,1,9fff9d835465afba
TN_GAJA_2018_019851,TN_GAJA_2018,0,7ff9581506b0bc69
TN_GAJA_2018_036110,TN_GAJA_2018,0,873136e1a315e2e8
TN_GAJA_2018_048496,TN_GAJA_2018,0,3f7d0b7e422c8a66
TN_GAJA_2018_048491,TN_GAJA_2018,1,043f09cc76000eaf
TN_GAJA_2018_055301,TN_GAJA_2018,0,7b19df48459fa38b
TN_GAJA_2018_065049,TN_GAJA_2018,0,6cfdb0ecca47cf64
TN_GAJA_2018_002275,TN_GAJA_2018,0,a0178a71dfa5ad86
TN_GAJA_2018_002241,TN_GAJA_2018,0,600570eb0acdb69c
TN_GAJA_2018_008583,TN_GAJA_2018,0,7ea4740381124132
TN_GAJA_2018_012136,TN_GAJA_2018,0,94c651c114b4afda
TN_GAJA_2018_019866,TN_GAJA_2018,0,ba81d4f2d3c30e22
TN_GAJA_2018_036115,TN_GAJA_2018,0,6ed1d96d2db91ad7
TN_GAJA_2018_037796,TN_GAJA_2018,1,f455084bb9fe8f0d
TN_GAJA_2018_048534,TN_GAJA_2018,0,dec4f1322c338002
TN_GAJA_2018_055454,TN_GAJA_2018,0,c2281bfef2e5de8e
TN_GAJA_2018_065065,TN_GAJA_2018,0,e6e8a2026756fdba
TN_GAJA_2018_003850,TN_GAJA_2018,0,98843f7ccfe42557
TN_GAJA_2018_003854,TN_GAJA_2018,0,cbc5f0719ec06c7f
TN_GAJA_2018_013609,TN_GAJA_2018,0,f1f8be10d5a1d1b2
TN_GAJA_2018_023547,TN_GAJA_2018,0,ec8c99843461fadc
TN_GAJA_2018_037694,TN_GAJA_2018,0,76e58c75749d3b6a
TN_GAJA_2018_037730,TN_GAJA_2018,0,2ae513e446e9fd09
TN_GAJA_2018_049312,TN_GAJA_2018,0,19957d0fa7c6208e
TN_GAJA_2018_056053,TN_GAJA_2018,0,45e99b45f643f2d2
TN_GAJA_2018_066029,TN_GAJA_2018,0,bf5c9fc566278f30
TN_GAJA_2018_005648,TN_GAJA_2018,0,92a632e2d9eda59c
TN_GAJA_2018_005668,TN_GAJA_2018,0,bd293543d85afc4b
TN_GAJA_2018_009877,TN_GAJA_2018,0,864f997952e24e28
TN_GAJA_2018_014527,TN_GAJA_2018,0,9f24f5fb8651daa7
TN_GAJA_2018_028487,TN_GAJA_2018,0,0c71f94f68203779
TN_GAJA_2018_042658,TN_GAJA_2018,0,a62ff04688d4a376
TN_GAJA_2018_042699,TN_GAJA_2018,0,1df1b56d42efcba3
TN_GAJA_2018_052785,TN_GAJA_2018,0,27492c0a1113ccd3
TN_GAJA_2018_061041,TN_GAJA_2018,0,8f457f936d1d398c
TN_GAJA_2018_069015,TN_GAJA_2018,0,4c84dc3da421b6a4
TN_GAJA_2018_000006,TN_GAJA_2018,0,eb9888f43e7eaea5
TN_GAJA_2018_000026,TN_GAJA_2018,0,782e3418c614d49d
TN_GAJA_2018_006258,TN_GAJA_2018,0,cf0cf11d8a6677d2
TN_GAJA_2018_010221,TN_GAJA_2018,0,b4e263794d2ad3d4
TN_GAJA_2018_016699,TN_GAJA_2018,0,7821f6b2dcdd2941
TN_GAJA_2018_033181,TN_GAJA_2018,0,bee8779fd14012c4
TN_GAJA_2018_033399,TN_GAJA_2018,0,f5ea226881092b71
TN_GAJA_2018_046675,TN_GAJA_2018,0,2e6377d4c8cd0952
TN_GAJA_2018_054464,TN_GAJA_2018,1,1d35d799727f8ab6
TN_GAJA_2018_063635,TN_GAJA_2018,0,f2ff40abb5e2adf6
TN_GAJA_2018_000050,TN_GAJA_2018,0,4fa3beba5238e1c4
TN_GAJA_2018_006256,TN_GAJA_2018,0,4c533c2dbe5c7493
TN_GAJA_2018_006320,TN_GAJA_2018,0,cde31af9e037f607
TN_GAJA_2018_010285,TN_GAJA_2018,1,b00a36227f4fd655
TN_GAJA_2018_016700,TN_GAJA_2018,0,5fbda22764ea2719
TN_GAJA_2018_033176,TN_GAJA_2018,1,ee7838645eea9a76
TN_GAJA_2018_046656,TN_GAJA_2018,0,adf32f8719f9309a
TN_GAJA_2018_046660,TN_GAJA_2018,0,ce8420a5f8de8161
TN_GAJA_2018_054453,TN_GAJA_2018,0,1c4bbc027e741511
TN_GAJA_2018_063638,TN_GAJA_2018,0,75157400315c17fc
TN_GAJA_2018_001095,TN_GAJA_2018,0,a91178ece3f739de
TN_GAJA_2018_001127,TN_GAJA_2018,0,85c96d6c26011404
TN_GAJA_2018_006778,TN_GAJA_2018,0,31c8bf60309da3df
TN_GAJA_2018_011226,TN_GAJA_2018,0,a1c5f99851b665c8
TN_GAJA_2018_017099,TN_GAJA_2018,0,8ff5714b33d75fad
TN_GAJA_2018_034721,TN_GAJA_2018,0,00b5dd70a273ae76
TN_GAJA_2018_034962,TN_GAJA_2018,0,33087a5384dc912d
TN_GAJA_2018_047544,TN_GAJA_2018,0,8014c8a3c593223e
TN_GAJA_2018_054770,TN_GAJA_2018,0,44a27186c8583d33
TN_GAJA_2018_064275,TN_GAJA_2018,0,2ab6307640ee108a
TN_GAJA_2018_001104,TN_GAJA_2018,0,ee674f8f60fc26f5
TN_GAJA_2018_001200,TN_GAJA_2018,0,6080242e6970384e
TN_GAJA_2018_006775,TN_GAJA_2018,0,ede67c0e6320884d
TN_GAJA_2018_011237,TN_GAJA_2018,2,0226178df65ed54e
TN_GAJA_2018_017086,TN_GAJA_2018,0,8ade2404b645ab71
TN_GAJA_2018_034732,TN_GAJA_2018,0,ba662dcddebae265
TN_GAJA_2018_034813,TN_GAJA_2018,0,a46afe2b89539167
TN_GAJA_2018_047575,TN_GAJA_2018,0,2773641cfb79275e
TN_GAJA_2018_054824,TN_GAJA_2018,0,bcdbbdbac36fb0ea
TN_GAJA_2018_064336,TN_GAJA_2018,1,4b2b5a923170502a
TN_GAJA_2018_002190,TN_GAJA_2018,0,dc222f392c8fd5d1
TN_GAJA_2018_002244,TN_GAJA_2018,0,cd40d3d752a8accf
TN_GAJA_2018_007821,TN_GAJA_2018,0,30f6ff8f7a083d72
TN_GAJA_2018_012089,TN_GAJA_2018,0,155b1e1ca0cf103f
TN_GAJA_2018_019853,TN_GAJA_2018,0,dac09be67b3b4e07
TN_GAJA_2018_036112,TN_GAJA_2018,0,7d772048d5736978
TN_GAJA_2018_048497,TN_GAJA_2018,0,85ac6f00bd3d11be
TN_GAJA_2018_048492,TN_GAJA_2018,0,a4c8c0c4252680e3
TN_GAJA_2018_055302,TN_GAJA_2018,0,1b9d36cd703d2a58
TN_GAJA_2018_065051,TN_GAJA_2018,0,3144d0c0023132ea
TN_GAJA_2018_002344,TN_GAJA_2018,0,cace623d04bcceca
TN_GAJA_2018_002245,TN_GAJA_2018,0,0f41923a2a7bdd56
TN_GAJA_2018_008588,TN_GAJA_2018,0,aef964b6caca0391
TN_GAJA_2018_012138,TN_GAJA_2018,0,e6c7e27d9fa49a07
TN_GAJA_2018_019875,TN_GAJA_2018,1,b04316c728aa1df5
TN_GAJA_2018_036118,TN_GAJA_2018,0,432a434af4db45f1
TN_GAJA_2018_037849,TN_GAJA_2018,0,bcf6c836574677d9
TN_GAJA_2018_055458,TN_GAJA_2018,0,d92aa016a1505a66
TN_GAJA_2018_065070,TN_GAJA_2018,0,c9abd146ce6f9e14
TN_GAJA_2018_003851,TN_GAJA_2018,0,e956f2b98eb3afdd
TN_GAJA_2018_003858,TN_GAJA_2018,0,c9e633facd6f60bb
TN_GAJA_2018_008585,TN_GAJA_2018,0,227a8a4607cb3c47
TN_GAJA_2018_013626,TN_GAJA_2018,0,93d0e76d808fd7bf
TN_GAJA_2018_023549,TN_GAJA_2018,0,d727345fc1e1f3f7
TN_GAJA_2018_037697,TN_GAJA_2018,0,27c490258249e513
TN_GAJA_2018_037731,TN_GAJA_2018,0,75b5b03d1559483a
TN_GAJA_2018_049313,TN_GAJA_2018,0,de55efc424dffe4e
TN_GAJA_2018_066033,TN_GAJA_2018,0,e2aaf6419047d764
TN_GAJA_2018_005649,TN_GAJA_2018,0,782ff0b4e61e31c3
TN_GAJA_2018_005669,TN_GAJA_2018,0,400c0b2b718dd29e
TN_GAJA_2018_009904,TN_GAJA_2018,0,2da467336299f832
TN_GAJA_2018_014530,TN_GAJA_2018,1,0825f8dbee74e1ab
TN_GAJA_2018_028488,TN_GAJA_2018,0,e23d808bea4d5456
TN_GAJA_2018_042659,TN_GAJA_2018,0,e153b49d64a1095b
TN_GAJA_2018_042713,TN_GAJA_2018,0,7fd9f470efba8e1c
TN_GAJA_2018_052789,TN_GAJA_2018,0,266863e395c365ea
TN_GAJA_2018_061042,TN_GAJA_2018,0,499f5d9d20a49bef
TN_GAJA_2018_069019,TN_GAJA_2018,0,fd23cfd1a781718b
TN_GAJA_2018_000008,TN_GAJA_2018,0,cbcebcc8325e2fb4
TN_GAJA_2018_000039,TN_GAJA_2018,0,4da52e15727b9ca8
TN_GAJA_2018_006261,TN_GAJA_2018,0,53d2e044be0d3409
TN_GAJA_2018_010223,TN_GAJA_2018,0,500a62c13f0d6af9
TN_GAJA_2018_016701,TN_GAJA_2018,0,39599e77dad4d82f
TN_GAJA_2018_033183,TN_GAJA_2018,0,36623ab3972be488
TN_GAJA_2018_033407,TN_GAJA_2018,0,d3eaec73624b8afc
TN_GAJA_2018_046680,TN_GAJA_2018,0,14aeccb54e5ea986
TN_GAJA_2018_054465,TN_GAJA_2018,0,1dbe5f26feb75025
TN_GAJA_2018_063647,TN_GAJA_2018,0,6d7756cff4bbf022
TN_GAJA_2018_000051,TN_GAJA_2018,0,fe836a19a776fbb0
TN_GAJA_2018_006260,TN_GAJA_2018,0,4939e73ab11d496d
TN_GAJA_2018_006321,TN_GAJA_2018,0,fd7d89f68b4c8273
TN_GAJA_2018_010289,TN_GAJA_2018,0,179e39e788450a42
TN_GAJA_2018_016702,TN_GAJA_2018,1,91bd3f692e105bf7
TN_GAJA_2018_033177,TN_GAJA_2018,0,c49e7d6901f55014
TN_GAJA_2018_046662,TN_GAJA_2018,0,f773291e4ebc1e31
TN_GAJA_2018_046661,TN_GAJA_2018,1,94b98b77212bfd94
TN_GAJA_2018_054454,TN_GAJA_2018,1,954f9ec74cc3994b
TN_GAJA_2018_063640,TN_GAJA_2018,0,00c2371225194611
TN_GAJA_2018_001098,TN_GAJA_2018,0,84a8be72325186c9
TN_GAJA_2018_006779,TN_GAJA_2018,0,9a6c485ee079a893
TN_GAJA_2018_011228,TN_GAJA_2018,0,73572b75a03c8b85
TN_GAJA_2018_017101,TN_GAJA_2018,2,d29baf9df7b37a78
TN_GAJA_2018_034722,TN_GAJA_2018,0,1e6a4697fab2a34f
TN_GAJA_2018_034970,TN_GAJA_2018,0,3646bfbc2a4f9ef7
TN_GAJA_2018_047545,TN_GAJA_2018,0,dc005e8fbe46f4c8
TN_GAJA_2018_054771,TN_GAJA_2018,0,754c7136d2fce82e
TN_GAJA_2018_064276,TN_GAJA_2018,0,98cb5a8a1809aebb
TN_GAJA_2018_001119,TN_GAJA_2018,0,1709f428c09edd4c
TN_GAJA_2018_001221,TN_GAJA_2018,0,43aeeea11d7971bb
TN_GAJA_2018_006796,TN_GAJA_2018,0,f46166ebd650aad9
TN_GAJA_2018_011258,TN_GAJA_2018,2,076db0e5e287182a
TN_GAJA_2018_017087,TN_GAJA_2018,0,7e21ff856c26f458
TN_GAJA_2018_034735,TN_GAJA_2018,2,af73bc616c1119f3
TN_GAJA_2018_034867,TN_GAJA_2018,0,ae54b370672ef6f9
TN_GAJA_2018_047578,TN_GAJA_2018,0,d7f7a9361f301cb8
TN_GAJA_2018_054833,TN_GAJA_2018,0,1a86f8b85307011e
TN_GAJA_2018_064337,TN_GAJA_2018,0,237f201a5a0b8b1c
TN_GAJA_2018_002197,TN_GAJA_2018,0,9a25fc83385d8ee9
TN_GAJA_2018_002268,TN_GAJA_2018,0,f9c2d66a94b64a7a
TN_GAJA_2018_007835,TN_GAJA_2018,1,dbc07d29cb9a5d73
TN_GAJA_2018_012091,TN_GAJA_2018,0,a520c4d62b1cec5d
TN_GAJA_2018_019854,TN_GAJA_2018,0,8096175d7b85a342
TN_GAJA_2018_036113,TN_GAJA_2018,0,4a74549a1fb8f992
TN_GAJA_2018_048499,TN_GAJA_2018,0,79b828531d261586
TN_GAJA_2018_048498,TN_GAJA_2018,0,21b66d2e0e0bf02d
TN_GAJA_2018_055303,TN_GAJA_2018,1,a7a02e25204a9fb0
TN_GAJA_2018_065059,TN_GAJA_2018,0,643702728cdbcf0c
TN_GAJA_2018_002351,TN_GAJA_2018,0,8a4c64b17bb43006
TN_GAJA_2018_002252,TN_GAJA_2018,0,7b4d425fe9f71439
TN_GAJA_2018_008599,TN_GAJA_2018,0,4be214383405d86f
TN_GAJA_2018_012143,TN_GAJA_2018,1,3a7df798a464aca1
TN_GAJA_2018_019878,TN_GAJA_2018,0,5f4e383b626cd1ec
TN_GAJA_2018_036121,TN_GAJA_2018,0,dc20409a205d0266
TN_GAJA_2018_037896,TN_GAJA_2018,0,b289ddffd00a0742
TN_GAJA_2018_048656,TN_GAJA_2018,0,0857c93393d4ef3d
TN_GAJA_2018_055493,TN_GAJA_2018,0,0e982a517bd0d6ea
TN_GAJA_2018_065071,TN_GAJA_2018,0,2295c0ddb3f579d0
TN_GAJA_2018_003853,TN_GAJA_2018,0,972c277dce4d61df
TN_GAJA_2018_003873,TN_GAJA_2018,0,8beb0edfc7d0f5af
TN_GAJA_2018_008586,TN_GAJA_2018,0,3b41ac68f5e6cd8b
TN_GAJA_2018_013679,TN_GAJA_2018,0,ac11d6344bbfa6c5
TN_GAJA_2018_037698,TN_GAJA_2018,0,be420eb4f2b99e23
TN_GAJA_2018_037752,TN_GAJA_2018,0,dff6fbcb493b39a2
TN_GAJA_2018_049317,TN_GAJA_2018,0,2705f857832f5c17
TN_GAJA_2018_056055,TN_GAJA_2018,0,b7183385b39a6665
TN_GAJA_2018_066038,TN_GAJA_2018,0,3122171e8a9bc105
TN_GAJA_2018_005650,TN_GAJA_2018,0,803e47da7ec06646
TN_GAJA_2018_005687,TN_GAJA_2018,0,c6d050523b17cede
TN_GAJA_2018_009919,TN_GAJA_2018,0,067d5ee30601f67e
TN_GAJA_2018_014531,TN_GAJA_2018,0,dc39f2917f8f23e0
TN_GAJA_2018_028489,TN_GAJA_2018,2,51b060019b342010
TN_GAJA_2018_042666,TN_GAJA_2018,0,2204a6973c395a17
TN_GAJA_2018_042723,TN_GAJA_2018,0,9673fd130e031b1a
TN_GAJA_2018_052792,TN_GAJA_2018,0,1186113390d2c322
TN_GAJA_2018_069020,TN_GAJA_2018,0,3c125f047b465c9e
TN_GAJA_2018_000009,TN_GAJA_2018,0,5db4f922e7f79161
TN_GAJA_2018_000041,TN_GAJA_2018,0,d7ad0976b2dc24f5
TN_GAJA_2018_006263,TN_GAJA_2018,0,0e137c49a044473b
TN_GAJA_2018_010227,TN_GAJA_2018,0,289ea08e5c4dd5ab
TN_GAJA_2018_016705,TN_GAJA_2018,1,d85723aff83ade2e
TN_GAJA_2018_033187,TN_GAJA_2018,0,563c29a83d697f72
TN_GAJA_2018_033540,TN_GAJA_2018,0,3eaee898a1a1ae06
TN_GAJA_2018_046688,TN_GAJA_2018,0,ff1f7b1abfa76959
TN_GAJA_2018_054470,TN_GAJA_2018,0,b8fcd546be3dbf74
TN_GAJA_2018_063649,TN_GAJA_2018,0,fe31e02ff9741b16
TN_GAJA_2018_000056,TN_GAJA_2018,0,51bb5b2bf4c389ba
TN_GAJA_2018_006262,TN_GAJA_2018,0,90dfe8bfbdfd6f33
TN_GAJA_2018_006327,TN_GAJA_2018,0,126a52a14838f290
TN_GAJA_2018_010302,TN_GAJA_2018,0,27844d159587f8f4
TN_GAJA_2018_016707,TN_GAJA_2018,0,90681a983b295ccb
TN_GAJA_2018_033178,TN_GAJA_2018,0,68ed6bcf75bb40a6
TN_GAJA_2018_046670,TN_GAJA_2018,0,e5663dfb1537e5e5
TN_GAJA_2018_046665,TN_GAJA_2018,1,3e75ec9c6e5e3e50
TN_GAJA_2018_054455,TN_GAJA_2018,1,1bb3ddfcc800a9f4
TN_GAJA_2018_063641,TN_GAJA_2018,0,17a0082b6a38c4f0
TN_GAJA_2018_001100,TN_GAJA_2018,1,ace74fd84a641a69
TN_GAJA_2018_001158,TN_GAJA_2018,0,54dda1c7f26f1049
TN_GAJA_2018_006783,TN_GAJA_2018,0,d0f773b816690555
TN_GAJA_2018_011235,TN_GAJA_2018,0,8694e9554c034137
TN_GAJA_2018_017103,TN_GAJA_2018,0,e4904d9539eae038
TN_GAJA_2018_034723,TN_GAJA_2018,0,1e4d9dbd03eb1c8c
TN_GAJA_2018_034979,TN_GAJA_2018,0,f58b2cd488338713
TN_GAJA_2018_047550,TN_GAJA_2018,0,bbb02c99363cf4a9
TN_GAJA_2018_054772,TN_GAJA_2018,0,08c6aeb32d7dbb0a
TN_GAJA_2018_064277,TN_GAJA_2018,0,c416ff24713e8f00
TN_GAJA_2018_001121,TN_GAJA_2018,0,2163b651d9fc0332
TN_GAJA_2018_001222,TN_GAJA_2018,0,25e1605db3e182ee
TN_GAJA_2018_006797,TN_GAJA_2018,1,af148a93a0c9e31d
TN_GAJA_2018_011264,TN_GAJA_2018,0,5b51e3f316b95d78
TN_GAJA_2018_017091,TN_GAJA_2018,0,80149d7dc4d5799d
TN_GAJA_2018_034738,TN_GAJA_2018,1,1c58398dd1e36452
TN_GAJA_2018_034893,TN_GAJA_2018,0,de82fe2ee2dd3576
TN_GAJA_2018_047584,TN_GAJA_2018,0,34a387b13d82d36d
TN_GAJA_2018_054836,TN_GAJA_2018,1,64f773753f3ab28c
TN_GAJA_2018_064339,TN_GAJA_2018,0,1c5095b5263bc498
TN_GAJA_2018_002200,TN_GAJA_2018,0,d6e9c29b8ac8efd1
TN_GAJA_2018_002280,TN_GAJA_2018,0,0da89218a9d612c4
TN_GAJA_2018_007836,TN_GAJA_2018,0,062248bd264e021e
TN_GAJA_2018_012094,TN_GAJA_2018,0,987b5582864149c8
TN_GAJA_2018_019857,TN_GAJA_2018,0,d7c4ac2ed49fb16f
TN_GAJA_2018_036116,TN_GAJA_2018,0,2df9b86ebc6f5710
TN_GAJA_2018_048509,TN_GAJA_2018,2,44ebd6b05c51c0c2
TN_GAJA_2018_048500,TN_GAJA_2018,0,4a633471ae53e568
TN_GAJA_2018_055304,TN_GAJA_2018,0,74ae22c35bf82004
TN_GAJA_2018_002353,TN_GAJA_2018,0,83e3a47bd48ffe41
TN_GAJA_2018_002253,TN_GAJA_2018,1,a4657f41dd07c15f
TN_GAJA_2018_008600,TN_GAJA_2018,1,5fb3b90f5e49fd82
TN_GAJA_2018_012151,TN_GAJA_2018,1,0fc21f328c4854df
TN_GAJA_2018_019881,TN_GAJA_2018,0,603285bf0f9e385c
TN_GAJA_2018_036126,TN_GAJA_2018,0,4a0fff4e6d637423
TN_GAJA_2018_038005,TN_GAJA_2018,0,d299aabf25930ee1
TN_GAJA_2018_048674,TN_GAJA_2018,0,2095a7e281b3c746
TN_GAJA_2018_055494,TN_GAJA_2018,1,100f998e4bc9a5fe
TN_GAJA_2018_065072,TN_GAJA_2018,2,7c3b2d93ceea7b2d
TN_GAJA_2018_003855,TN_GAJA_2018,0,b4e36e434da2da96
TN_GAJA_2018_008590,TN_GAJA_2018,0,b6949f46a69a12e6
TN_GAJA_2018_013702,TN_GAJA_2018,0,cca332fa07ccec70
TN_GAJA_2018_023551,TN_GAJA_2018,0,7387815b33230861
TN_GAJA_2018_037702,TN_GAJA_2018,0,086c2eaa0ca1fd5b
TN_GAJA_2018_037753,TN_GAJA_2018,0,cc4cd5283e32a030
TN_GAJA_2018_049320,TN_GAJA_2018,0,94ad53514c8fb492
TN_GAJA_2018_056056,TN_GAJA_2018,0,db5a6d40471e9af0
TN_GAJA_2018_066041,TN_GAJA_2018,0,c1acdf1072cb2ee4
TN_GAJA_2018_005652,TN_GAJA_2018,0,10f3e5e3bfe43746
TN_GAJA_2018_005694,TN_GAJA_2018,0,0c2bf403774dcb37
TN_GAJA_2018_009926,TN_GAJA_2018,0,68634664816bde6c
TN_GAJA_2018_014534,TN_GAJA_2018,0,b72aefcaca481fc3
TN_GAJA_2018_028490,TN_GAJA_2018,0,4756a7f6d9074dac
TN_GAJA_2018_042669,TN_GAJA_2018,0,850d6a2aab63c21f
TN_GAJA_2018_061044,TN_GAJA_2018,0,a875168a8a961c49
TN_GAJA_2018_069025,TN_GAJA_2018,0,e81437e3c15b9740
TN_GAJA_2018_000010,TN_GAJA_2018,1,bf9c1dbe26fa589c
TN_GAJA_2018_000064,TN_GAJA_2018,1,e0a92001e138760a
TN_GAJA_2018_006264,TN_GAJA_2018,0,b2468dc74042bb51
TN_GAJA_2018_010229,TN_GAJA_2018,0,4cefc3d5a9950731
TN_GAJA_2018_016708,TN_GAJA_2018,0,c730ed08dabccf68
TN_GAJA_2018_033189,TN_GAJA_2018,0,c31ab604a36f5276
TN_GAJA_2018_033645,TN_GAJA_2018,0,778547589766cb6e
TN_GAJA_2018_046696,TN_GAJA_2018,0,7c0cdfa9dd859296
TN_GAJA_2018_054471,TN_GAJA_2018,0,375ba3d5ff6052c3
TN_GAJA_2018_063657,TN_GAJA_2018,0,af09059fe1c49c42
TN_GAJA_2018_000059,TN_GAJA_2018,0,70bd734eb9dfac51
TN_GAJA_2018_010304,TN_GAJA_2018,0,8233eee8e341ad9d
TN_GAJA_2018_016709,TN_GAJA_2018,0,e4b3c781d91477dd
TN_GAJA_2018_033179,TN_GAJA_2018,1,4829d7cce598428f
TN_GAJA_2018_046679,TN_GAJA_2018,0,3ffe647a58d81e40
TN_GAJA_2018_046672,TN_GAJA_2018,0,aba93d01dc2d4a4b
TN_GAJA_2018_001169,TN_GAJA_2018,0,e8035f8e14e14441
TN_GAJA_2018_006787,TN_GAJA_2018,1,53bf01b4e9e799eb
TN_GAJA_2018_011236,TN_GAJA_2018,0,f9ee9dab76947276
TN_GAJA_2018_017105,TN_GAJA_2018,0,d90ba50017e1db80
TN_GAJA_2018_034725,TN_GAJA_2018,0,3f3f2701deee641e
TN_GAJA_2018_047556,TN_GAJA_2018,0,d550828e06771ea7
TN_GAJA_2018_054773,TN_GAJA_2018,0,b0a8e38298b3a093
TN_GAJA_2018_064282,TN_GAJA_2018,0,8914c40e2bdbd53a
TN_GAJA_2018_001123,TN_GAJA_2018,0,5a87ae99d3b1c34d
TN_GAJA_2018_001234,TN_GAJA_2018,0,6e6d504e5b9d5fee
TN_GAJA_2018_006799,TN_GAJA_2018,0,4601327ab4856f30
TN_GAJA_2018_011266,TN_GAJA_2018,0,6152d51b62c4d7c2
TN_GAJA_2018_017092,TN_GAJA_2018,0,ff01535732af5faa
TN_GAJA_2018_034742,TN_GAJA_2018,0,6ee17dce4b04b725
TN_GAJA_2018_034901,TN_GAJA_2018,0,9ecc7e81f7ab6c90
TN_GAJA_2018_047591,TN_GAJA_2018,1,e790e9c3b2c9222f
TN_GAJA_2018_054839,TN_GAJA_2018,0,268217ee349ceaff
TN_GAJA_2018_064341,TN_GAJA_2018,0,072f9e22f20e0ad8
TN_GAJA_2018_002312,TN_GAJA_2018,0,54821050edf268e8
TN_GAJA_2018_007838,TN_GAJA_2018,1,87866aa4beee3b7e
TN_GAJA_2018_012098,TN_GAJA_2018,0,740e0afb740945a6
TN_GAJA_2018_019859,TN_GAJA_2018,0,d6450f4a02d28953
TN_GAJA_2018_036117,TN_GAJA_2018,1,265c1b96ee896af5
TN_GAJA_2018_048511,TN_GAJA_2018,0,95b928fcfc8ee6ca
TN_GAJA_2018_048502,TN_GAJA_2018,0,4552db9ec6c01bd6
TN_GAJA_2018_055305,TN_GAJA_2018,0,0d62810e437d4a8a
TN_GAJA_2018_065066,TN_GAJA_2018,0,d476a5281f723500
TN_GAJA_2018_002372,TN_GAJA_2018,0,8edd16fd36f5739c
TN_GAJA_2018_002256,TN_GAJA_2018,0,b7db1870d0720bc6
TN_GAJA_2018_008601,TN_GAJA_2018,0,e327898d8227ff6b
TN_GAJA_2018_012159,TN_GAJA_2018,0,da5eb6d826b650dd
TN_GAJA_2018_019895,TN_GAJA_2018,0,5923402407b4b897
TN_GAJA_2018_036128,TN_GAJA_2018,0,28195f877795ca5c
TN_GAJA_2018_038022,TN_GAJA_2018,0,ed13c68d4d7f5a64
TN_GAJA_2018_048734,TN_GAJA_2018,0,092f3064689856e3
TN_GAJA_2018_055538,TN_GAJA_2018,0,d8f460867a3984fd
TN_GAJA_2018_065078,TN_GAJA_2018,0,a7af12fd55c69b92
TN_GAJA_2018_003856,TN_GAJA_2018,0,41dc0f7b1377e179
TN_GAJA_2018_003885,TN_GAJA_2018,0,1867831c27d3aa6f
TN_GAJA_2018_008591,TN_GAJA_2018,0,d765eb5f405f0d6a
TN_GAJA_2018_013725,TN_GAJA_2018,0,b92019996912778e
TN_GAJA_2018_023553,TN_GAJA_2018,0,e981661cf4c99101
TN_GAJA_2018_037703,TN_GAJA_2018,0,7c653963aad8491f
TN_GAJA_2018_037756,TN_GAJA_2018,1,f8b56459c04125e8
TN_GAJA_2018_056057,TN_GAJA_2018,1,27c5d55b26d4fb03
TN_GAJA_2018_066043,TN_GAJA_2018,0,4e0861a9e985f9a5
TN_GAJA_2018_005654,TN_GAJA_2018,0,32a68ae5b85d06db
TN_GAJA_2018_005698,TN_GAJA_2018,0,0b6a4a657e9075b6
TN_GAJA_2018_009934,TN_GAJA_2018,0,fa9e565b8ae3e0bb
TN_GAJA_2018_014535,TN_GAJA_2018,0,a30737ea61ff8d4e
TN_GAJA_2018_028491,TN_GAJA_2018,0,91026e7cb46c6d42
TN_GAJA_2018_042670,TN_GAJA_2018,1,b8ab121ab8711c86
TN_GAJA_2018_042753,TN_GAJA_2018,0,973982ebe653bcc7
TN_GAJA_2018_052796,TN_GAJA_2018,0,0cc1d8a3b5bd59f2
TN_GAJA_2018_061046,TN_GAJA_2018,0,34b7a43f8f1ddf56
TN_GAJA_2018_069030,TN_GAJA_2018,0,c86b2c2a2ab0d9bf
TN_GAJA_2018_000011,TN_GAJA_2018,0,d40dc06e653322ee
TN_GAJA_2018_000065,TN_GAJA_2018,0,db7901ba3061e27f
TN_GAJA_2018_006265,TN_GAJA_2018,0,94acaddf40a6ffca
TN_GAJA_2018_010234,TN_GAJA_2018,1,3cb2e8d1974e00e6
TN_GAJA_2018_016710,TN_GAJA_2018,0,a2a58e0aefad4f7c
TN_GAJA_2018_033193,TN_GAJA_2018,0,fdb7b20340aff2c7
TN_GAJA_2018_033673,TN_GAJA_2018,0,aff2bb6798627a6b
TN_GAJA_2018_046701,TN_GAJA_2018,0,67f1d0feec6795c8
TN_GAJA_2018_054472,TN_GAJA_2018,0,522a5b2a721bd53c
TN_GAJA_2018_063666,TN_GAJA_2018,0,e243922b151f9d7e
TN_GAJA_2018_006271,TN_GAJA_2018,0,232289e3236fc435
TN_GAJA_2018_006332,TN_GAJA_2018,1,f4cebfb7a6659ebf
TN_GAJA_2018_010310,TN_GAJA_2018,0,e4d154f1a8fd895c
TN_GAJA_2018_016711,TN_GAJA_2018,1,cd082d1db0720e2e
TN_GAJA_2018_033182,TN_GAJA_2018,1,87f7a7d0c65df0e5
TN_GAJA_2018_046686,TN_GAJA_2018,1,a085c388c21066a1
TN_GAJA_2018_046676,TN_GAJA_2018,0,81b420ecffa624a5
TN_GAJA_2018_054457,TN_GAJA_2018,0,bac2e56e48b5209c
TN_GAJA_2018_063651,TN_GAJA_2018,0,020d766f894df83d
TN_GAJA_2018_001106,TN_GAJA_2018,0,05b948e9197e7991
TN_GAJA_2018_001172,TN_GAJA_2018,0,d012c7a52c6e5eca
TN_GAJA_2018_006788,TN_GAJA_2018,0,1639d0983842503c
TN_GAJA_2018_011238,TN_GAJA_2018,0,60aeae8864780c2f
TN_GAJA_2018_017108,TN_GAJA_2018,1,8b562e406096cefd
TN_GAJA_2018_034727,TN_GAJA_2018,0,18ca4073f4c4d9ad
TN_GAJA_2018_035111,TN_GAJA_2018,0,df219b7b57bed8c1
TN_GAJA_2018_047557,TN_GAJA_2018,0,611c947f4a05f776
TN_GAJA_2018_054775,TN_GAJA_2018,0,0c4c3e41ce6a5382
TN_GAJA_2018_064284,TN_GAJA_2018,0,ce356825fe32ed14
TN_GAJA_2018_001125,TN_GAJA_2018,0,556289e754bb3a7f
TN_GAJA_2018_001237,TN_GAJA_2018,0,0e1d3891074485b0
TN_GAJA_2018_006804,TN_GAJA_2018,0,b76043b1dcc76d68
TN_GAJA_2018_011292,TN_GAJA_2018,0,e348a1821c888ac7
TN_GAJA_2018_017093,TN_GAJA_2018,0,41752bdf8f2dbf0c
TN_GAJA_2018_034748,TN_GAJA_2018,0,1cbe775b658ba801
TN_GAJA_2018_034995,TN_GAJA_2018,0,ba95ffa3959a8cf6
TN_GAJA_2018_047592,TN_GAJA_2018,0,eeac5b545e4e79d4
TN_GAJA_2018_054844,TN_GAJA_2018,0,742bcbbc9e21b7af
TN_GAJA_2018_064352,TN_GAJA_2018,0,7d5889bb0847cfe3
TN_GAJA_2018_002203,TN_GAJA_2018,0,870cf7b04c3160a5
TN_GAJA_2018_002319,TN_GAJA_2018,0,cd9299bf7ff56ef7
TN_GAJA_2018_007841,TN_GAJA_2018,0,3559fb48e9c8946c
TN_GAJA_2018_012099,TN_GAJA_2018,0,55976010afe37b58
TN_GAJA_2018_019861,TN_GAJA_2018,0,afcc8205058f1fcf
TN_GAJA_2018_036119,TN_GAJA_2018,1,16ce1f1ec5067c67
TN_GAJA_2018_048512,TN_GAJA_2018,0,e9a2d56ff9c56a9c
TN_GAJA_2018_048507,TN_GAJA_2018,0,659a94adc1cd1e19
TN_GAJA_2018_055306,TN_GAJA_2018,0,ce62f99473ae40ef
TN_GAJA_2018_065077,TN_GAJA_2018,1,822ff77616a845d4
TN_GAJA_2018_002383,TN_GAJA_2018,0,12369cf2d40aaf10
TN_GAJA_2018_002293,TN_GAJA_2018,1,483352c4d8c937b0
TN_GAJA_2018_008609,TN_GAJA_2018,0,6c3df06e753281dd
TN_GAJA_2018_012175,TN_GAJA_2018,0,c09672d7e2ad369e
TN_GAJA_2018_019918,TN_GAJA_2018,0,b04963bb2c74de1f
TN_GAJA_2018_038077,TN_GAJA_2018,0,178b0a9bc64e211d
TN_GAJA_2018_048745,TN_GAJA_2018,1,aa408c88d5fb17fb
TN_GAJA_2018_055539,TN_GAJA_2018,0,a33f3e57e70ecc63
TN_GAJA_2018_065083,TN_GAJA_2018,0,92e969329ae234a5
TN_GAJA_2018_003857,TN_GAJA_2018,0,66e9c4e9cae2b5a5
TN_GAJA_2018_003888,TN_GAJA_2018,0,6bfd36be53919c37
TN_GAJA_2018_008592,TN_GAJA_2018,0,c5bb58a89ff7c0cf
TN_GAJA_2018_013728,TN_GAJA_2018,2,d495d479ae1331ff
TN_GAJA_2018_023557,TN_GAJA_2018,0,5f49ee014653c7ee
TN_GAJA_2018_037704,TN_GAJA_2018,0,d841c3d46913849a
TN_GAJA_2018_037757,TN_GAJA_2018,0,2cf3737c3f8b0731
TN_GAJA_2018_049324,TN_GAJA_2018,0,5b643ec902f6b5a6
TN_GAJA_2018_056058,TN_GAJA_2018,0,6b185c54906340b7
TN_GAJA_2018_005656,TN_GAJA_2018,0,c778a20744b9d084
TN_GAJA_2018_005707,TN_GAJA_2018,0,f33c11aa60bfe063
TN_GAJA_2018_009935,TN_GAJA_2018,0,c46b3d93a571132f
TN_GAJA_2018_014537,TN_GAJA_2018,0,6104681e50508d6e
TN_GAJA_2018_028493,TN_GAJA_2018,0,3201250614c9d94b
TN_GAJA_2018_042672,TN_GAJA_2018,0,bb4613c04c094a6c
TN_GAJA_2018_042754,TN_GAJA_2018,1,a7f736ffa2229b89
TN_GAJA_2018_052798,TN_GAJA_2018,0,572b15a5887f8334
TN_GAJA_2018_061051,TN_GAJA_2018,0,1fa5d9214e00c060
TN_GAJA_2018_069035,TN_GAJA_2018,1,c549a916286fc00f
TN_GAJA_2018_000013,TN_GAJA_2018,1,334a813204348063
TN_GAJA_2018_000089,TN_GAJA_2018,1,acf8321370b804e5
TN_GAJA_2018_006267,TN_GAJA_2018,0,7f4b1c26a710569b
TN_GAJA_2018_010237,TN_GAJA_2018,0,a93b49ce0fe709fc
TN_GAJA_2018_016713,TN_GAJA_2018,0,ef9b2d4b06e849e3
TN_GAJA_2018_033195,TN_GAJA_2018,0,0db64094a5c79a91
TN_GAJA_2018_033696,TN_GAJA_2018,0,7e4249b110e376ef
TN_GAJA_2018_046707,TN_GAJA_2018,0,a22414cb611eac59
TN_GAJA_2018_054473,TN_GAJA_2018,0,934becfcde7537b5
TN_GAJA_2018_063688,TN_GAJA_2018,0,21f53aeee1870f79
TN_GAJA_2018_000063,TN_GAJA_2018,0,3842523cdeac9427
TN_GAJA_2018_006273,TN_GAJA_2018,2,3f02a12b3ae85a3e
TN_GAJA_2018_006341,TN_GAJA_2018,0,869a4849985d5edc
TN_GAJA_2018_010320,TN_GAJA_2018,0,19710c0920be43b7
TN_GAJA_2018_033184,TN_GAJA_2018,0,e627d906219c74e2
TN_GAJA_2018_046682,TN_GAJA_2018,0,08eb0d6eea69b723
TN_GAJA_2018_054458,TN_GAJA_2018,0,d44ce06b93c2b9e9
TN_GAJA_2018_063652,TN_GAJA_2018,0,cb466301a4e101b3
TN_GAJA_2018_001110,TN_GAJA_2018,0,8a1011b14039695a
TN_GAJA_2018_001181,TN_GAJA_2018,0,739d4d9964fe3c96
TN_GAJA_2018_006791,TN_GAJA_2018,0,f33aebbc1af7c268
TN_GAJA_2018_011241,TN_GAJA_2018,0,14cde2a6d27ee08d
TN_GAJA_2018_017109,TN_GAJA_2018,0,9a84c9643ea6952b
TN_GAJA_2018_034728,TN_GAJA_2018,2,7553d044e9d70b95
TN_GAJA_2018_047563,TN_GAJA_2018,1,17729d00e91ce434
TN_GAJA_2018_054776,TN_GAJA_2018,0,5a30cb4bf7d20faf
TN_GAJA_2018_064294,TN_GAJA_2018,0,2cde8a1b06d03bd7
TN_GAJA_2018_001126,TN_GAJA_2018,0,d2318cf462cb2e66
TN_GAJA_2018_001254,TN_GAJA_2018,0,57df416517a34185
TN_GAJA_2018_006815,TN_GAJA_2018,0,da4bad81b4e436be
TN_GAJA_2018_011327,TN_GAJA_2018,0,13ee442d11c0ab12
TN_GAJA_2018_017096,TN_GAJA_2018,0,84cda447288b2e8f
TN_GAJA_2018_034752,TN_GAJA_2018,0,0218d4e7377cb152
TN_GAJA_2018_035081,TN_GAJA_2018,0,28a0430fc4786125
TN_GAJA_2018_047633,TN_GAJA_2018,0,22ed5b5ee3281718
TN_GAJA_2018_054860,TN_GAJA_2018,1,1eec81f45b98d04f
TN_GAJA_2018_064376,TN_GAJA_2018,0,130b5ab798cd792e
TN_GAJA_2018_002206,TN_GAJA_2018,0,4c3173bf656869bb
TN_GAJA_2018_002321,TN_GAJA_2018,1,313ae06bbd29ce54
TN_GAJA_2018_007842,TN_GAJA_2018,0,2ba9f76e60aa1885
TN_GAJA_2018_012101,TN_GAJA_2018,0,4bcd5d614db30b55
TN_GAJA_2018_019864,TN_GAJA_2018,0,f56b1c0dd71a282a
TN_GAJA_2018_036120,TN_GAJA_2018,0,120b06a3759d8e1a
TN_GAJA_2018_048514,TN_GAJA_2018,0,fe327b7c6d022da2
TN_GAJA_2018_048508,TN_GAJA_2018,0,68bcc63fc707caf4
TN_GAJA_2018_055307,TN_GAJA_2018,1,b85584846adc8b6b
TN_GAJA_2018_065081,TN_GAJA_2018,0,f7db7a7f0c2e4cc0
TN_GAJA_2018_002388,TN_GAJA_2018,0,cd7ba28ef1f73fcc
TN_GAJA_2018_002340,TN_GAJA_2018,0,1661acb1088fe2c4
TN_GAJA_2018_008615,TN_GAJA_2018,0,abcb3547d7bf9065
TN_GAJA_2018_012200,TN_GAJA_2018,0,918671c32a477792
TN_GAJA_2018_019944,TN_GAJA_2018,0,0d11d49735f98d17
TN_GAJA_2018_036142,TN_GAJA_2018,0,605f1f6aa2083c8d
TN_GAJA_2018_038136,TN_GAJA_2018,0,572f37c2242cbd57
TN_GAJA_2018_048774,TN_GAJA_2018,1,2b55b33c900d9ce8
TN_GAJA_2018_055553,TN_GAJA_2018,0,41fe42d4bb79616c
TN_GAJA_2018_065088,TN_GAJA_2018,0,fef3d38e74bb5d4a
TN_GAJA_2018_003859,TN_GAJA_2018,2,4a0a4bf534471907
TN_GAJA_2018_003900,TN_GAJA_2018,0,9e2548c7d1252a85
TN_GAJA_2018_008593,TN_GAJA_2018,0,a1298394c2d69874
TN_GAJA_2018_013734,TN_GAJA_2018,0,08370113e6cb4980
TN_GAJA_2018_023558,TN_GAJA_2018,0,9163f8293c7ebaa2
TN_GAJA_2018_037705,TN_GAJA_2018,0,9918f9a2083f93aa
TN_GAJA_2018_037771,TN_GAJA_2018,0,7de15d5d7a250af5
TN_GAJA_2018_049326,TN_GAJA_2018,0,3026ac8055c1d4f7
TN_GAJA_2018_066053,TN_GAJA_2018,0,d84d596be7eac229
TN_GAJA_2018_005663,TN_GAJA_2018,0,531b9f5e81b8ce16
TN_GAJA_2018_005714,TN_GAJA_2018,0,4b1cc9fbd541528c
TN_GAJA_2018_014540,TN_GAJA_2018,0,211c4b4bfb6cec18
TN_GAJA_2018_028494,TN_GAJA_2018,0,4f3f18aa798b4c45
TN_GAJA_2018_042673,TN_GAJA_2018,0,4a9e0d629d1099aa
TN_GAJA_2018_042760,TN_GAJA_2018,0,93aedf502e80f038
TN_GAJA_2018_052799,TN_GAJA_2018,0,bf61af9564de1d8e
TN_GAJA_2018_061052,TN_GAJA_2018,0,777130c6512d6eea
TN_GAJA_2018_069053,TN_GAJA_2018,2,c2d4a591b6eaf749
TN_GAJA_2018_000014,TN_GAJA_2018,0,cbe0be0a61ba3b98
TN_GAJA_2018_000131,TN_GAJA_2018,1,7822303d07cc24bd
TN_GAJA_2018_006268,TN_GAJA_2018,0,66390b9467828c4b
TN_GAJA_2018_010238,TN_GAJA_2018,0,4437069420f14972
TN_GAJA_2018_016718,TN_GAJA_2018,0,fd822b7d6e604287
TN_GAJA_2018_033196,TN_GAJA_2018,0,ba1e277d93e2c2d7
TN_GAJA_2018_033799,TN_GAJA_2018,1,75eb9b0ae06a9858
TN_GAJA_2018_046712,TN_GAJA_2018,0,1c5a7bf01730de8b
TN_GAJA_2018_054475,TN_GAJA_2018,0,8f4a315f4ab693c3
TN_GAJA_2018_063692,TN_GAJA_2018,0,368817139b7a18ac
TN_GAJA_2018_000069,TN_GAJA_2018,1,758a96171fcb51b1
TN_GAJA_2018_006278,TN_GAJA_2018,0,e77a948e49e4aecb
TN_GAJA_2018_006354,TN_GAJA_2018,0,a6a69e2bc89d9911
TN_GAJA_2018_010321,TN_GAJA_2018,0,034ade89d3418912
TN_GAJA_2018_016717,TN_GAJA_2018,0,7bbaf543934d0089
TN_GAJA_2018_033185,TN_GAJA_2018,0,7e64bb3df5308e58
TN_GAJA_2018_046690,TN_GAJA_2018,0,b4ce41228479a051
TN_GAJA_2018_046698,TN_GAJA_2018,0,729a62505e7c0efb
TN_GAJA_2018_054460,TN_GAJA_2018,1,d4983b66d4dc5080
TN_GAJA_2018_063653,TN_GAJA_2018,0,c4f334477c52e8bd
TN_GAJA_2018_001111,TN_GAJA_2018,1,3778ca56ccf2420a
TN_GAJA_2018_001205,TN_GAJA_2018,0,43fc01b2c927d3f0
TN_GAJA_2018_006792,TN_GAJA_2018,0,9a1b39c64b5a296a
TN_GAJA_2018_034729,TN_GAJA_2018,0,81310853fe22a857
TN_GAJA_2018_035234,TN_GAJA_2018,1,dcc3c400aa250b39
TN_GAJA_2018_047564,TN_GAJA_2018,0,d0a065deb4a74ec3
TN_GAJA_2018_054777,TN_GAJA_2018,0,9d752a7ba6524a8c
TN_GAJA_2018_064298,TN_GAJA_2018,0,fb63dc136f5d127e
TN_GAJA_2018_001130,TN_GAJA_2018,0,7b8b6fb1abfbbae1
TN_GAJA_2018_001256,TN_GAJA_2018,0,dec2f8ae8e2d8164
TN_GAJA_2018_006818,TN_GAJA_2018,1,ce1e0a9c00073ca2
TN_GAJA_2018_011374,TN_GAJA_2018,0,52153745a1a317c9
TN_GAJA_2018_017098,TN_GAJA_2018,0,2d85762e8be52a13
TN_GAJA_2018_034754,TN_GAJA_2018,0,bd8b57e341ea6590
TN_GAJA_2018_035115,TN_GAJA_2018,0,36c7706ad7f5dea6
TN_GAJA_2018_047673,TN_GAJA_2018,0,54d0953b4422fd5f
TN_GAJA_2018_054866,TN_GAJA_2018,0,3e4e5f8214f73425
TN_GAJA_2018_064392,TN_GAJA_2018,0,e0f2ee7ffea65991
TN_GAJA_2018_002207,TN_GAJA_2018,0,22b26721e90bf5e7
TN_GAJA_2018_002335,TN_GAJA_2018,0,76ca12420cc4b254
TN_GAJA_2018_007845,TN_GAJA_2018,1,13ad4a3a421db0a9
TN_GAJA_2018_012103,TN_GAJA_2018,0,dce1112469b64a26
TN_GAJA_2018_019865,TN_GAJA_2018,0,f35920f1424e605f
TN_GAJA_2018_036122,TN_GAJA_2018,0,65e50b245bc40fb1
TN_GAJA_2018_048520,TN_GAJA_2018,0,46de65615f61e9de
TN_GAJA_2018_048510,TN_GAJA_2018,0,5b41b869de854302
TN_GAJA_2018_055308,TN_GAJA_2018,0,165a8643edcd5cd9
TN_GAJA_2018_065084,TN_GAJA_2018,0,0ad6b75f7cd96744
TN_GAJA_2018_002391,TN_GAJA_2018,0,1557a5247befd02d
TN_GAJA_2018_002349,TN_GAJA_2018,0,3fdd6327f7586bd9
TN_GAJA_2018_012219,TN_GAJA_2018,1,3209fcbfdd1d63cd
TN_GAJA_2018_019949,TN_GAJA_2018,0,97170b4036e103e5
TN_GAJA_2018_036144,TN_GAJA_2018,0,af0cf2b4003d92d3
TN_GAJA_2018_038143,TN_GAJA_2018,0,c244a293bb72df3f
TN_GAJA_2018_048775,TN_GAJA_2018,0,42d6ab2aa0fae78b
TN_GAJA_2018_055569,TN_GAJA_2018,0,87282285d704b09d
TN_GAJA_2018_065090,TN_GAJA_2018,0,cfafe139665e9cff
TN_GAJA_2018_003860,TN_GAJA_2018,0,4bbfbba601b5bbfc
TN_GAJA_2018_003901,TN_GAJA_2018,0,b5253a79d0218319
TN_GAJA_2018_008595,TN_GAJA_2018,1,dfbf77ddd6ff5642
TN_GAJA_2018_013737,TN_GAJA_2018,1,ae8f5b13bd045b63
TN_GAJA_2018_023559,TN_GAJA_2018,0,ec8abba94dd4b3c4
TN_GAJA_2018_037706,TN_GAJA_2018,0,f769d42b4de85158
TN_GAJA_2018_037776,TN_GAJA_2018,0,c93325e692204487
TN_GAJA_2018_049328,TN_GAJA_2018,0,ab6d8427e3b530b3
TN_GAJA_2018_056060,TN_GAJA_2018,0,149397352b9b7d62
TN_GAJA_2018_066056,TN_GAJA_2018,2,a5b202701d3066b1
TN_GAJA_2018_005667,TN_GAJA_2018,0,de09ba991d2de177
TN_GAJA_2018_005737,TN_GAJA_2018,0,0887f1328b302189
TN_GAJA_2018_009954,TN_GAJA_2018,0,02b5edff70d10640
TN_GAJA_2018_014541,TN_GAJA_2018,1,308456e8a204af12
TN_GAJA_2018_028495,TN_GAJA_2018,0,70bc8be6780cbcf9
TN_GAJA_2018_042674,TN_GAJA_2018,0,bc9f0bf67893b9b9
TN_GAJA_2018_042783,TN_GAJA_2018,0,e912547cf888bdef
TN_GAJA_2018_052804,TN_GAJA_2018,0,bb0fb9533c2317d2
TN_GAJA_2018_061054,TN_GAJA_2018,0,f30fadc0990dd85d
TN_GAJA_2018_000015,TN_GAJA_2018,0,c0c00c04e9119d1d
TN_GAJA_2018_000147,TN_GAJA_2018,0,540f394659ed1eff
TN_GAJA_2018_006270,TN_GAJA_2018,0,e1bf1f6d356fef79
TN_GAJA_2018_010239,TN_GAJA_2018,1,e7f360df40fe5999
TN_GAJA_2018_016719,TN_GAJA_2018,0,da68bf44a419448b
TN_GAJA_2018_033199,TN_GAJA_2018,0,e92a8179cafc8608
TN_GAJA_2018_033819,TN_GAJA_2018,0,6d850506d22eb0a5
TN_GAJA_2018_046713,TN_GAJA_2018,1,2e5fb88b2aad7cff
TN_GAJA_2018_054478,TN_GAJA_2018,0,c6a1f0a5d74e0d38
TN_GAJA_2018_063696,TN_GAJA_2018,0,cb544f747348353b
TN_GAJA_2018_000070,TN_GAJA_2018,1,f48ef16822a2e77e
TN_GAJA_2018_006361,TN_GAJA_2018,0,fdc80107a8ac4a74
TN_GAJA_2018_010328,TN_GAJA_2018,2,f109c93036e678b6
TN_GAJA_2018_016720,TN_GAJA_2018,0,43bcb34f5d38d697
TN_GAJA_2018_033186,TN_GAJA_2018,0,f936e268b3a4e00c
TN_GAJA_2018_046692,TN_GAJA_2018,0,7a765b0c7f1bc4db
TN_GAJA_2018_046705,TN_GAJA_2018,0,cccc14f47b27a6f4
TN_GAJA_2018_054461,TN_GAJA_2018,0,c5d94c6fe8a3fe2a
TN_GAJA_2018_063654,TN_GAJA_2018,0,739d686bbb6a01b2
TN_GAJA_2018_001112,TN_GAJA_2018,0,494ddcb54f8551e3
TN_GAJA_2018_001226,TN_GAJA_2018,0,00c3e2eea1cea378
TN_GAJA_2018_006794,TN_GAJA_2018,0,1b007c33486d84b1
TN_GAJA_2018_011246,TN_GAJA_2018,0,0b6a23705d1100bc
TN_GAJA_2018_017112,TN_GAJA_2018,0,2778757c1d9846fa
TN_GAJA_2018_034731,TN_GAJA_2018,0,d34995245001a84b
TN_GAJA_2018_035282,TN_GAJA_2018,0,47f8ef54ca8617f6
TN_GAJA_2018_047565,TN_GAJA_2018,0,c3ce654104562b78
TN_GAJA_2018_054778,TN_GAJA_2018,0,1895db2597b0eb95
TN_GAJA_2018_064301,TN_GAJA_2018,0,ada5a9e371345cb7
TN_GAJA_2018_001131,TN_GAJA_2018,0,cc5e1e549f9543de
TN_GAJA_2018_001260,TN_GAJA_2018,0,dc78b67c21713f8d
TN_GAJA_2018_006820,TN_GAJA_2018,0,515083e549205fb5
TN_GAJA_2018_011388,TN_GAJA_2018,0,83b5b5bd871d789c
TN_GAJA_2018_017100,TN_GAJA_2018,0,af78a18f7b05aa6b
TN_GAJA_2018_034760,TN_GAJA_2018,0,e50d33bc3ed571e2
TN_GAJA_2018_035178,TN_GAJA_2018,0,0c799882a1462463
TN_GAJA_2018_047731,TN_GAJA_2018,0,ba3f2df3246a817e
TN_GAJA_2018_054873,TN_GAJA_2018,0,366a2414473644c1
TN_GAJA_2018_064400,TN_GAJA_2018,1,c23b14f3fb24b9b9
TN_GAJA_2018_002369,TN_GAJA_2018,0,12f1acc5a229de99
TN_GAJA_2018_007852,TN_GAJA_2018,0,a45f9fcf7d9a7dd3
TN_GAJA_2018_012104,TN_GAJA_2018,0,9e0e1280eb61e25b
TN_GAJA_2018_019867,TN_GAJA_2018,0,4860cc8e5a3a8e41
TN_GAJA_2018_036123,TN_GAJA_2018,1,fce729bd3a6225e5
TN_GAJA_2018_048523,TN_GAJA_2018,1,2f6200667c1fc36f
TN_GAJA_2018_048515,TN_GAJA_2018,0,256c91c59d42f62a
TN_GAJA_2018_055309,TN_GAJA_2018,0,e749f2e631a68145
TN_GAJA_2018_065096,TN_GAJA_2018,0,ffbd69a16d987a8f
TN_GAJA_2018_002396,TN_GAJA_2018,0,a5f7834bb743ac6b
TN_GAJA_2018_002360,TN_GAJA_2018,0,85a269215e4a841f
TN_GAJA_2018_008618,TN_GAJA_2018,0,1d81f4a64c3c1a05
TN_GAJA_2018_012226,TN_GAJA_2018,0,973382c52369d6ba
TN_GAJA_2018_019952,TN_GAJA_2018,0,56bcbd54ef66bd94
TN_GAJA_2018_036146,TN_GAJA_2018,0,d2001890a39930fa
TN_GAJA_2018_038144,TN_GAJA_2018,1,374bd545b13c5de3
TN_GAJA_2018_048794,TN_GAJA_2018,1,1da209eca9079431
TN_GAJA_2018_055619,TN_GAJA_2018,0,3599c8efb682d9e4
TN_GAJA_2018_065091,TN_GAJA_2018,0,4414da96dc7079ec
TN_GAJA_2018_003916,TN_GAJA_2018,2,f724ff4c218d27e7
TN_GAJA_2018_013757,TN_GAJA_2018,1,c7b5b8205add7887
TN_GAJA_2018_023560,TN_GAJA_2018,1,5941705c6565705e
TN_GAJA_2018_037707,TN_GAJA_2018,0,e1f9027afa90bffd
TN_GAJA_2018_037801,TN_GAJA_2018,0,2d37889a3210e52f
TN_GAJA_2018_049332,TN_GAJA_2018,0,6a0cba8077c731d6
TN_GAJA_2018_056062,TN_GAJA_2018,0,5dd49896dd01c23e
TN_GAJA_2018_066058,TN_GAJA_2018,1,7db4bd940cdbff3d
TN_GAJA_2018_005670,TN_GAJA_2018,0,1b7a0566bfc5f6fb
TN_GAJA_2018_005744,TN_GAJA_2018,0,b51e7dd020a746d7
TN_GAJA_2018_009971,TN_GAJA_2018,0,60688cc0a4f50e33
TN_GAJA_2018_014542,TN_GAJA_2018,1,9a25e5f382fd0d4d
TN_GAJA_2018_028496,TN_GAJA_2018,0,84c3e32761f3f25b
TN_GAJA_2018_042786,TN_GAJA_2018,0,2f385565440b8a69
TN_GAJA_2018_052806,TN_GAJA_2018,1,af64e2ada035e643
TN_GAJA_2018_061057,TN_GAJA_2018,1,855595bbcc254e7c
TN_GAJA_2018_069059,TN_GAJA_2018,0,96d19c618b5f3406
TN_GAJA_2018_000016,TN_GAJA_2018,0,052d4daf6496f568
TN_GAJA_2018_000156,TN_GAJA_2018,0,00c6d1f1ab1841d7
TN_GAJA_2018_006272,TN_GAJA_2018,0,20a3dd378c1e036b
TN_GAJA_2018_010241,TN_GAJA_2018,0,5951e5e2438d8344
TN_GAJA_2018_016722,TN_GAJA_2018,1,cf29c4a56b3c165e
TN_GAJA_2018_033200,TN_GAJA_2018,0,3ada648a5aea6293
TN_GAJA_2018_033872,TN_GAJA_2018,0,29eee8164b49ed71
TN_GAJA_2018_046717,TN_GAJA_2018,1,258beb4c4951db6a
TN_GAJA_2018_054480,TN_GAJA_2018,0,1b9823bf6bef02b5
TN_GAJA_2018_063716,TN_GAJA_2018,0,fb05d63f4df90928
TN_GAJA_2018_000080,TN_GAJA_2018,0,1b1376c8c1648869
TN_GAJA_2018_006291,TN_GAJA_2018,0,eca965d20f223a2e
TN_GAJA_2018_006391,TN_GAJA_2018,1,d553aa0cfadafb34
TN_GAJA_2018_010333,TN_GAJA_2018,0,2dd9eb580af51461
TN_GAJA_2018_016725,TN_GAJA_2018,0,943134aa5e2b0907
TN_GAJA_2018_046706,TN_GAJA_2018,0,2da89986bb3c6955
TN_GAJA_2018_046711,TN_GAJA_2018,0,23f3b6b1af837110
TN_GAJA_2018_054462,TN_GAJA_2018,0,20ae6544b5f4b396
TN_GAJA_2018_063658,TN_GAJA_2018,0,277dcbaaac1c6550
TN_GAJA_2018_001114,TN_GAJA_2018,0,15632fabeb7914d0
TN_GAJA_2018_001244,TN_GAJA_2018,0,3d7512a0c867d4e4
TN_GAJA_2018_006795,TN_GAJA_2018,0,dc73a1332c2e4375
TN_GAJA_2018_011253,TN_GAJA_2018,0,541d05ede79d5b56
TN_GAJA_2018_017114,TN_GAJA_2018,0,3b45ab9031970b37
TN_GAJA_2018_034734,TN_GAJA_2018,0,b46b22bf3a18dc6d
TN_GAJA_2018_035283,TN_GAJA_2018,0,04820428e9646a7b
TN_GAJA_2018_047567,TN_GAJA_2018,0,fe6d52d830fcc128
TN_GAJA_2018_054779,TN_GAJA_2018,0,8ccfa266d6eec7d4
TN_GAJA_2018_064307,TN_GAJA_2018,0,eccdc9537737c0a3
TN_GAJA_2018_001134,TN_GAJA_2018,0,08389486aca65dea
TN_GAJA_2018_001272,TN_GAJA_2018,0,63a6d1fdc97e8e02
TN_GAJA_2018_006826,TN_GAJA_2018,0,21c1d799e5b804d7
TN_GAJA_2018_011483,TN_GAJA_2018,0,14bb86439a137603
TN_GAJA_2018_017102,TN_GAJA_2018,0,e1c59fb07eb14bda
TN_GAJA_2018_034765,TN_GAJA_2018,0,89b40b675d1c7557
TN_GAJA_2018_035285,TN_GAJA_2018,0,bfac346aa4094d14
TN_GAJA_2018_047800,TN_GAJA_2018,0,858547e55f293674
TN_GAJA_2018_054887,TN_GAJA_2018,2,f7f180d2037a9ec3
TN_GAJA_2018_064403,TN_GAJA_2018,1,84e5413b0c2392ba
TN_GAJA_2018_002213,TN_GAJA_2018,0,92c69c0027ff5b01
TN_GAJA_2018_002377,TN_GAJA_2018,0,9fe82f88b55d2874
TN_GAJA_2018_007855,TN_GAJA_2018,0,55550755a651758c
TN_GAJA_2018_012105,TN_GAJA_2018,0,b95a975fba1d8a3d
TN_GAJA_2018_019868,TN_GAJA_2018,0,094df52133f1932a
TN_GAJA_2018_036124,TN_GAJA_2018,0,d4a15e5005a48edf
TN_GAJA_2018_048527,TN_GAJA_2018,1,11ff1591a6012dd0
TN_GAJA_2018_048517,TN_GAJA_2018,0,ce5e75536b044c9b
TN_GAJA_2018_055310,TN_GAJA_2018,0,9e4c878de1b2f4ca
TN_GAJA_2018_065097,TN_GAJA_2018,1,d2faf1f41dbcf271
TN_GAJA_2018_002403,TN_GAJA_2018,0,202a82443fbb2a24
TN_GAJA_2018_002386,TN_GAJA_2018,0,d272d14cbdaa4b50
TN_GAJA_2018_008620,TN_GAJA_2018,0,22c9a48aaf5affb9
TN_GAJA_2018_012234,TN_GAJA_2018,1,f80bce933c1cd483
TN_GAJA_2018_019980,TN_GAJA_2018,0,b60b69a7f70743c8
TN_GAJA_2018_036147,TN_GAJA_2018,0,3325a842a236e41a
TN_GAJA_2018_038149,TN_GAJA_2018,0,95141c0c59818500
TN_GAJA_2018_048824,TN_GAJA_2018,0,b8719e29cb7cefdd
TN_GAJA_2018_055623,TN_GAJA_2018,2,9fcc0da4ac9e6a56
TN_GAJA_2018_065094,TN_GAJA_2018,0,2bebc92bf5ea931d
TN_GAJA_2018_003863,TN_GAJA_2018,0,afff6bd8413e2d8e
TN_GAJA_2018_003921,TN_GAJA_2018,0,de55504bf926f4bc
TN_GAJA_2018_008602,TN_GAJA_2018,0,7a2b46771643f144
TN_GAJA_2018_013783,TN_GAJA_2018,0,f99a5d6820d82fb5
TN_GAJA_2018_023561,TN_GAJA_2018,0,169f2c08e646da7e
TN_GAJA_2018_037709,TN_GAJA_2018,0,28f9c8d55a52b59b
TN_GAJA_2018_037811,TN_GAJA_2018,0,78230d700ad1197b
TN_GAJA_2018_049334,TN_GAJA_2018,0,33ac25f6678a0bd0
TN_GAJA_2018_056063,TN_GAJA_2018,0,4e0d5e56d921c793
TN_GAJA_2018_066059,TN_GAJA_2018,1,0a79abb30352cd61
TN_GAJA_2018_005673,TN_GAJA_2018,1,6d3ee88dcaca3c34
TN_GAJA_2018_005749,TN_GAJA_2018,0,ca249b96644bfed3
TN_GAJA_2018_009974,TN_GAJA_2018,1,61fdcd50427b8180
TN_GAJA_2018_014543,TN_GAJA_2018,0,f3489842e9e55e0d
TN_GAJA_2018_042676,TN_GAJA_2018,0,5a6ee7bd46d3d906
TN_GAJA_2018_052808,TN_GAJA_2018,0,a802efc556145ea8
TN_GAJA_2018_061059,TN_GAJA_2018,0,0adea6128db04516
TN_GAJA_2018_069071,TN_GAJA_2018,0,d9155d0820714fe5
TN_GAJA_2018_000017,TN_GAJA_2018,0,e0c039d2bac622b8
TN_GAJA_2018_000158,TN_GAJA_2018,0,992b2ea0527bb976
TN_GAJA_2018_006276,TN_GAJA_2018,0,90236587cab609b8
TN_GAJA_2018_010242,TN_GAJA_2018,0,f44d90f64756cbbc
TN_GAJA_2018_016723,TN_GAJA_2018,0,ad460cf53e1eb53e
TN_GAJA_2018_033201,TN_GAJA_2018,0,551f975e9e3b1446
TN_GAJA_2018_033889,TN_GAJA_2018,0,d9e920d770f441b5
TN_GAJA_2018_046721,TN_GAJA_2018,0,de9b1180904194b3
TN_GAJA_2018_054484,TN_GAJA_2018,0,25dc964316892751
TN_GAJA_2018_063723,TN_GAJA_2018,2,6d8d5d03ea7de24e
TN_GAJA_2018_000095,TN_GAJA_2018,0,af385bef13937fc6
TN_GAJA_2018_006292,TN_GAJA_2018,0,9dc2262f2f640439
TN_GAJA_2018_006402,TN_GAJA_2018,0,84823649290b8103
TN_GAJA_2018_010347,TN_GAJA_2018,0,34580f19c04970a2
TN_GAJA_2018_016729,TN_GAJA_2018,0,c475798c1f2b3cc9
TN_GAJA_2018_033190,TN_GAJA_2018,1,50b3a90d0e752a56
TN_GAJA_2018_046715,TN_GAJA_2018,0,50280ba82c6ff90c
TN_GAJA_2018_046716,TN_GAJA_2018,0,03ca88cfa5c93f4d
TN_GAJA_2018_054463,TN_GAJA_2018,0,cefaa922d64d1dba
TN_GAJA_2018_063662,TN_GAJA_2018,0,7f15e780ef1df81a
TN_GAJA_2018_001116,TN_GAJA_2018,0,aefc7a1656d34803
TN_GAJA_2018_001246,TN_GAJA_2018,0,592c7b1e12541ac8
TN_GAJA_2018_006801,TN_GAJA_2018,0,f19931e9bed7856e
TN_GAJA_2018_011255,TN_GAJA_2018,0,16c1087dfcf223a6
TN_GAJA_2018_017115,TN_GAJA_2018,0,2776073715ec90f9
TN_GAJA_2018_034736,TN_GAJA_2018,0,273347fa69c47f25
TN_GAJA_2018_035310,TN_GAJA_2018,0,1df0accb3fc27395
TN_GAJA_2018_047577,TN_GAJA_2018,0,0d1f0f8cb958aeeb
TN_GAJA_2018_054780,TN_GAJA_2018,0,388dab8fbc63ae91
TN_GAJA_2018_064308,TN_GAJA_2018,0,1fb9b57a9130b1ef
TN_GAJA_2018_001135,TN_GAJA_2018,0,533a88956496f66c
TN_GAJA_2018_001274,TN_GAJA_2018,0,ccddfd1786c43ccb
TN_GAJA_2018_006830,TN_GAJA_2018,0,6fe760ca69d5d75a
TN_GAJA_2018_011544,TN_GAJA_2018,2,eb84c2a575472b42
TN_GAJA_2018_017106,TN_GAJA_2018,0,c9a62c7f32b6fd3f
TN_GAJA_2018_034768,TN_GAJA_2018,0,e093c7fba0055221
TN_GAJA_2018_035406,TN_GAJA_2018,0,9239a141cd408bca
TN_GAJA_2018_047866,TN_GAJA_2018,0,e5ea10a6bd86a0c3
TN_GAJA_2018_054888,TN_GAJA_2018,0,17ea19ee160a59d7
TN_GAJA_2018_064433,TN_GAJA_2018,0,2fd9e4626d83cff4
TN_GAJA_2018_002214,TN_GAJA_2018,0,f7a3296ed509dec9
TN_GAJA_2018_002379,TN_GAJA_2018,0,f6e5556028dd432f
TN_GAJA_2018_007856,TN_GAJA_2018,0,ac550d1cd95a37c2
TN_GAJA_2018_012106,TN_GAJA_2018,1,da9294ab54ae5468
TN_GAJA_2018_019869,TN_GAJA_2018,0,55545f6a10609fb5
TN_GAJA_2018_036125,TN_GAJA_2018,1,4cf75b6bc66b36e6
TN_GAJA_2018_048530,TN_GAJA_2018,2,6f51babe22c22a23
TN_GAJA_2018_048518,TN_GAJA_2018,0,6334eedcc950aaff
TN_GAJA_2018_055312,TN_GAJA_2018,0,92b0ac79f1e327a5
TN_GAJA_2018_065098,TN_GAJA_2018,1,adb42b3742fa211a
TN_GAJA_2018_002423,TN_GAJA_2018,0,0be86f494fe4dc01
TN_GAJA_2018_002405,TN_GAJA_2018,1,5c60fa190711fffb
TN_GAJA_2018_008627,TN_GAJA_2018,0,030ab8c49bb88e7e
TN_NIVAR_2020_000022,TN_NIVAR_2020,0,b069a2fbe2610398
TN_NIVAR_2020_008545,TN_NIVAR_2020,0,6585107d3979bcbb
TN_NIVAR_2020_016999,TN_NIVAR_2020,1,3eb85fef20c2e8b5
TN_NIVAR_2020_029833,TN_NIVAR_2020,1,8a77aeaed208a79a
TN_NIVAR_2020_048040,TN_NIVAR_2020,0,57de0f909bf85ce5
TN_NIVAR_2020_069495,TN_NIVAR_2020,0,dd10754ab781f2b1
TN_NIVAR_2020_085402,TN_NIVAR_2020,0,81abfa94979abe42
TN_NIVAR_2020_096325,TN_NIVAR_2020,0,954354f20d224eb4
TN_NIVAR_2020_000002,TN_NIVAR_2020,0,90d004ff93f93b58
TN_NIVAR_2020_000119,TN_NIVAR_2020,0,93c7aefe791923f1
TN_NIVAR_2020_008628,TN_NIVAR_2020,0,876db0d8b72f8e38
TN_NIVAR_2020_016991,TN_NIVAR_2020,0,2bba65bf66fe0c3b
TN_NIVAR_2020_029834,TN_NIVAR_2020,0,3e08c9eff878cfe4
TN_NIVAR_2020_029832,TN_NIVAR_2020,0,a7d6a6fddfae5ae5
TN_NIVAR_2020_048043,TN_NIVAR_2020,0,86ff247e903389da
TN_NIVAR_2020_069514,TN_NIVAR_2020,0,85dbf1a093ab518b
TN_NIVAR_2020_085401,TN_NIVAR_2020,0,588e63cad1e6c1e7
TN_NIVAR_2020_096322,TN_NIVAR_2020,1,45c18999959549a9
TN_NIVAR_2020_000717,TN_NIVAR_2020,0,69a97c1585dfdebc
TN_NIVAR_2020_000716,TN_NIVAR_2020,0,e50b69f4a8f5d7a2
TN_NIVAR_2020_009976,TN_NIVAR_2020,0,9955db533452bc7a
TN_NIVAR_2020_017761,TN_NIVAR_2020,0,1a8b1fb1a4e2e792
TN_NIVAR_2020_030748,TN_NIVAR_2020,0,be140ca745b8470d
TN_NIVAR_2020_030993,TN_NIVAR_2020,0,71750a02257a9a65
TN_NIVAR_2020_051800,TN_NIVAR_2020,0,ade4cc2e7df9ffe1
TN_NIVAR_2020_071729,TN_NIVAR_2020,0,88e0717de6883fec
TN_NIVAR_2020_086359,TN_NIVAR_2020,0,6543ca4f4a4b08d3
TN_NIVAR_2020_097192,TN_NIVAR_2020,0,3c34ebf5e313b343
TN_NIVAR_2020_000743,TN_NIVAR_2020,0,63d35943aabf99b8
TN_NIVAR_2020_002057,TN_NIVAR_2020,0,3ae85dbae9909693
TN_NIVAR_2020_010379,TN_NIVAR_2020,0,e65caa570fccd2d0
TN_NIVAR_2020_017762,TN_NIVAR_2020,0,72a808dcb36fa09e
TN_NIVAR_2020_030755,TN_NIVAR_2020,0,9e6db61ce57b3ef6
TN_NIVAR_2020_032438,TN_NIVAR_2020,0,5dcf895bd0b26e66
TN_NIVAR_2020_051786,TN_NIVAR_2020,0,36060abc2940092b
TN_NIVAR_2020_071859,TN_NIVAR_2020,0,c78a2761232b3f17
TN_NIVAR_2020_086361,TN_NIVAR_2020,0,630b1f06d7ceef42
TN_NIVAR_2020_097194,TN_NIVAR_2020,0,1ce8b418dcb0e6ac
TN_NIVAR_2020_002049,TN_NIVAR_2020,0,1790316966d5c0d3
TN_NIVAR_2020_002050,TN_NIVAR_2020,0,3f447ba2dc4f516f
TN_NIVAR_2020_010764,TN_NIVAR_2020,0,25eab58484f799e4
TN_NIVAR_2020_018442,TN_NIVAR_2020,1,a0bdea5ad3ff4195
TN_NIVAR_2020_034155,TN_NIVAR_2020,0,08e273e11d5b5606
TN_NIVAR_2020_038582,TN_NIVAR_2020,0,fa649db46f6c60d5
TN_NIVAR_2020_054603,TN_NIVAR_2020,0,7194ee67b33819fd
TN_NIVAR_2020_073661,TN_NIVAR_2020,1,8a175cf14617f75b
TN_NIVAR_2020_088255,TN_NIVAR_2020,0,4701caa5808699cd
TN_NIVAR_2020_098624,TN_NIVAR_2020,0,2779287816fbbf81
TN_NIVAR_2020_005129,TN_NIVAR_2020,0,c659ba56741437e8
TN_NIVAR_2020_005137,TN_NIVAR_2020,0,b0037b82ad4fd1f7
TN_NIVAR_2020_011953,TN_NIVAR_2020,0,218349a76fe80235
TN_NIVAR_2020_019963,TN_NIVAR_2020,0,7e297e2e942b9e78
TN_NIVAR_2020_039115,TN_NIVAR_2020,0,77b495877f66ade1
TN_NIVAR_2020_059526,TN_NIVAR_2020,0,aec77a25c9647e09
TN_NIVAR_2020_078622,TN_NIVAR_2020,0,30fcf74b33b17c0a
TN_NIVAR_2020_090631,TN_NIVAR_2020,0,300b412bbca1b61b
TN_NIVAR_2020_102762,TN_NIVAR_2020,0,d36dc6c33240af67
TN_NIVAR_2020_005135,TN_NIVAR_2020,0,cdf7759a3450869c
TN_NIVAR_2020_005134,TN_NIVAR_2020,0,b098c75593f0f57c
TN_NIVAR_2020_011958,TN_NIVAR_2020,0,3b58b999c04d07b0
TN_NIVAR_2020_019969,TN_NIVAR_2020,0,c7d4a7f13dc728c4
TN_NIVAR_2020_039117,TN_NIVAR_2020,0,0cfca084f123453e
TN_NIVAR_2020_059523,TN_NIVAR_2020,1,c475f4280b4f8f52
TN_NIVAR_2020_059535,TN_NIVAR_2020,0,56454a53780029d8
TN_NIVAR_2020_078625,TN_NIVAR_2020,0,afa31abe2bb680ae
TN_NIVAR_2020_090625,TN_NIVAR_2020,0,965c93c6cbcf0303
TN_NIVAR_2020_102761,TN_NIVAR_2020,0,30531b648c1c8f90
TN_NIVAR_2020_008397,TN_NIVAR_2020,0,941f2d0118fd7ac2
TN_NIVAR_2020_016926,TN_NIVAR_2020,0,49a2401f0ec863a2
TN_NIVAR_2020_024895,TN_NIVAR_2020,0,e1a92972e3eddff5
TN_NIVAR_2020_044064,TN_NIVAR_2020,0,72972c29b748d48f
TN_NIVAR_2020_064445,TN_NIVAR_2020,0,63d3f16fa331804c
TN_NIVAR_2020_064455,TN_NIVAR_2020,0,7c99a2cbbda7e9a1
TN_NIVAR_2020_083293,TN_NIVAR_2020,0,ea652d652861c130
TN_NIVAR_2020_091816,TN_NIVAR_2020,0,b9664e722928cc40
TN_NIVAR_2020_104120,TN_NIVAR_2020,1,7529354600bcae28
TN_NIVAR_2020_016990,TN_NIVAR_2020,1,542070e51d8abf2f
TN_NIVAR_2020_044283,TN_NIVAR_2020,0,b58e434b7660fe6d
TN_NIVAR_2020_064501,TN_NIVAR_2020,0,f6f42b2b1a2ebe97
TN_NIVAR_2020_064465,TN_NIVAR_2020,0,f4955c9dc33772a0
TN_NIVAR_2020_083773,TN_NIVAR_2020,0,797fa94ded879a10
TN_NIVAR_2020_091889,TN_NIVAR_2020,0,5c6546a6f22d4baa
TN_NIVAR_2020_104119,TN_NIVAR_2020,0,c8200c577edd7f92
TN_NIVAR_2020_069490,TN_NIVAR_2020,0,7aa71d103edb57c7
TN_NIVAR_2020_085395,TN_NIVAR_2020,0,82798996026bf4d1
TN_NIVAR_2020_085060,TN_NIVAR_2020,0,86b0e6a01f12a954
TN_NIVAR_2020_095919,TN_NIVAR_2020,1,285994b3e4e7eb0d
TN_NIVAR_2020_107800,TN_NIVAR_2020,0,50f05b649f9d082c
TN_NIVAR_2020_000034,TN_NIVAR_2020,0,2f59d54488a81a15
TN_NIVAR_2020_008553,TN_NIVAR_2020,1,92ab045f1a90f2dd
TN_NIVAR_2020_017000,TN_NIVAR_2020,0,aa402219c8782277
TN_NIVAR_2020_029837,TN_NIVAR_2020,0,8f98a2c2d292e4bd
TN_NIVAR_2020_048039,TN_NIVAR_2020,0,7718a0a178d3a4e4
TN_NIVAR_2020_048041,TN_NIVAR_2020,0,3f9bb15c06bc5f50
TN_NIVAR_2020_069496,TN_NIVAR_2020,0,8ddd807d3345810b
TN_NIVAR_2020_085404,TN_NIVAR_2020,0,669eb4a7642935b3
TN_NIVAR_2020_096332,TN_NIVAR_2020,0,9439958724e994a9
TN_NIVAR_2020_000190,TN_NIVAR_2020,0,a03600770458e97b
TN_NIVAR_2020_008755,TN_NIVAR_2020,0,9c5b2bb360753738
TN_NIVAR_2020_016994,TN_NIVAR_2020,0,959d368f185a6f32
TN_NIVAR_2020_029835,TN_NIVAR_2020,0,993c8959e8c5cb57
TN_NIVAR_2020_029839,TN_NIVAR_2020,0,58cf720a5c3c6a0d
TN_NIVAR_2020_048056,TN_NIVAR_2020,0,6e2f70b61060b4da
TN_NIVAR_2020_069524,TN_NIVAR_2020,0,4351b07d30f01d6e
TN_NIVAR_2020_085403,TN_NIVAR_2020,0,cb5b4939797b739d
TN_NIVAR_2020_096324,TN_NIVAR_2020,0,4dd4b65567a799d8
TN_NIVAR_2020_000718,TN_NIVAR_2020,0,3a652d0544e2244c
TN_NIVAR_2020_000719,TN_NIVAR_2020,0,9b34b3a48cb8f60f
TN_NIVAR_2020_009980,TN_NIVAR_2020,0,f11ca00b90d16a15
TN_NIVAR_2020_017763,TN_NIVAR_2020,0,a75cd3245a48ae32
TN_NIVAR_2020_030749,TN_NIVAR_2020,0,3c7d27347a988720
TN_NIVAR_2020_031502,TN_NIVAR_2020,0,a8d2854b75c3b0a9
TN_NIVAR_2020_051806,TN_NIVAR_2020,0,8e559ee1da48322d
TN_NIVAR_2020_071819,TN_NIVAR_2020,0,abfe1055bcd4bdf4
TN_NIVAR_2020_086360,TN_NIVAR_2020,0,734d64c119ca7bae
TN_NIVAR_2020_097193,TN_NIVAR_2020,0,d7806d49ddc23048
TN_NIVAR_2020_000748,TN_NIVAR_2020,0,5b6a694b60d5bedc
TN_NIVAR_2020_002067,TN_NIVAR_2020,1,e81a66a3a5281699
TN_NIVAR_2020_010701,TN_NIVAR_2020,0,b1ef62d542931c0a
TN_NIVAR_2020_017768,TN_NIVAR_2020,0,d5812ed67977a28a
TN_NIVAR_2020_030756,TN_NIVAR_2020,0,bea0dc76054b251a
TN_NIVAR_2020_033450,TN_NIVAR_2020,0,61feff164c27f449
TN_NIVAR_2020_071988,TN_NIVAR_2020,0,f7c285e91249ef08
TN_NIVAR_2020_086367,TN_NIVAR_2020,0,a27f344b36afab10
TN_NIVAR_2020_097196,TN_NIVAR_2020,0,c31fb59f881458d3
TN_NIVAR_2020_002052,TN_NIVAR_2020,0,0d93e00893343f71
TN_NIVAR_2020_002065,TN_NIVAR_2020,0,efea9cce87f9b597
TN_NIVAR_2020_010977,TN_NIVAR_2020,0,b195598aed36aedb
TN_NIVAR_2020_018443,TN_NIVAR_2020,0,60e13019ef6f86a4
TN_NIVAR_2020_034157,TN_NIVAR_2020,0,e7b108eb5a61605f
TN_NIVAR_2020_041904,TN_NIVAR_2020,1,7bae3f58cdc1778e
TN_NIVAR_2020_054605,TN_NIVAR_2020,0,e426a56c0ae814fc
TN_NIVAR_2020_073690,TN_NIVAR_2020,0,ede44f01d9b22ec5
TN_NIVAR_2020_088259,TN_NIVAR_2020,0,6c1341b06a21afd1
TN_NIVAR_2020_098628,TN_NIVAR_2020,0,7f07ddff6389f7e0
TN_NIVAR_2020_005130,TN_NIVAR_2020,0,7363294babfe8214
TN_NIVAR_2020_005145,TN_NIVAR_2020,0,c3e057348ad76d9e
TN_NIVAR_2020_011954,TN_NIVAR_2020,1,c39810dda20ac899
TN_NIVAR_2020_019976,TN_NIVAR_2020,0,2e4f25a988e90f39
TN_NIVAR_2020_039116,TN_NIVAR_2020,0,ac26b4d13a6e52e9
TN_NIVAR_2020_059522,TN_NIVAR_2020,0,117089a87b3b18aa
TN_NIVAR_2020_059532,TN_NIVAR_2020,0,92605cd9eee6845c
TN_NIVAR_2020_078641,TN_NIVAR_2020,0,63e65f4c3fcdc939
TN_NIVAR_2020_090641,TN_NIVAR_2020,1,ded31454a806bedb
TN_NIVAR_2020_102763,TN_NIVAR_2020,0,1c841973252f4253
TN_NIVAR_2020_005136,TN_NIVAR_2020,0,4b0efc7d6c1a6473
TN_NIVAR_2020_005153,TN_NIVAR_2020,0,550e1b733555b441
TN_NIVAR_2020_011967,TN_NIVAR_2020,1,1f21d4f67b8dfc8d
TN_NIVAR_2020_019971,TN_NIVAR_2020,0,2f34752a0ed35707
TN_NIVAR_2020_039122,TN_NIVAR_2020,1,07d5321c1beaa2a8
TN_NIVAR_2020_059524,TN_NIVAR_2020,1,65520777097d5f49
TN_NIVAR_2020_059538,TN_NIVAR_2020,0,77493757499ed3d4
TN_NIVAR_2020_078626,TN_NIVAR_2020,0,c4c5d15d2671a4e5
TN_NIVAR_2020_090627,TN_NIVAR_2020,1,172abcef4796c5ef
TN_NIVAR_2020_102765,TN_NIVAR_2020,0,09517c41b6ca77c2
TN_NIVAR_2020_016928,TN_NIVAR_2020,0,6a77a55bee441369
TN_NIVAR_2020_024899,TN_NIVAR_2020,0,4bf1f5a28c5d3923
TN_NIVAR_2020_044066,TN_NIVAR_2020,0,715c35efea031d81
TN_NIVAR_2020_064446,TN_NIVAR_2020,0,5655d50fda2844b6
TN_NIVAR_2020_064458,TN_NIVAR_2020,1,3143c0b18e1f43a1
TN_NIVAR_2020_083304,TN_NIVAR_2020,0,8268cabc6eb99f45
TN_NIVAR_2020_091817,TN_NIVAR_2020,0,934c3527df307f9f
TN_NIVAR_2020_045134,TN_NIVAR_2020,0,4f0eef3223174918
TN_NIVAR_2020_064582,TN_NIVAR_2020,0,bbc15f21af1ddd66
TN_NIVAR_2020_064494,TN_NIVAR_2020,1,bfa11407f151876d
TN_NIVAR_2020_083923,TN_NIVAR_2020,0,07a571f18e90b19c
TN_NIVAR_2020_091898,TN_NIVAR_2020,0,8c44ef479a5ccb61
TN_NIVAR_2020_104126,TN_NIVAR_2020,0,c5cedb55ded2c762
TN_NIVAR_2020_085398,TN_NIVAR_2020,0,cfd8561cd57883d5
TN_NIVAR_2020_085212,TN_NIVAR_2020,1,d85ad01cdd1fb505
TN_NIVAR_2020_107806,TN_NIVAR_2020,0,1472284be1308597
TN_NIVAR_2020_000005,TN_NIVAR_2020,0,489dc0bf67db5b02
TN_NIVAR_2020_000062,TN_NIVAR_2020,0,11a74f67dddea409
TN_NIVAR_2020_008564,TN_NIVAR_2020,0,7809165bccf02786
TN_NIVAR_2020_017001,TN_NIVAR_2020,0,08b8eb9b47e81508
TN_NIVAR_2020_029847,TN_NIVAR_2020,1,486efee25a0bbcaa
TN_NIVAR_2020_048044,TN_NIVAR_2020,1,138cc52277867741
TN_NIVAR_2020_048057,TN_NIVAR_2020,0,b7a052187b671e4b
TN_NIVAR_2020_085405,TN_NIVAR_2020,0,5d02fd3a5582d926
TN_NIVAR_2020_096333,TN_NIVAR_2020,0,1060fb3d9bbf0681
TN_NIVAR_2020_000302,TN_NIVAR_2020,0,4465e09eacaf6547
TN_NIVAR_2020_009166,TN_NIVAR_2020,0,ffb9893392b52590
TN_NIVAR_2020_016995,TN_NIVAR_2020,0,f2a65529d49e629d
TN_NIVAR_2020_029836,TN_NIVAR_2020,0,e52f4ff360ba00ce
TN_NIVAR_2020_029897,TN_NIVAR_2020,2,7fe5c5e3d667c3b3
TN_NIVAR_2020_048061,TN_NIVAR_2020,0,5fef5415a6c518d2
TN_NIVAR_2020_069542,TN_NIVAR_2020,0,54b1fec02c16592b
TN_NIVAR_2020_085408,TN_NIVAR_2020,1,e223c5acb3b2ccaf
TN_NIVAR_2020_096326,TN_NIVAR_2020,0,3747c184bcc72664
TN_NIVAR_2020_000720,TN_NIVAR_2020,0,001796876483e4f9
TN_NIVAR_2020_000722,TN_NIVAR_2020,0,96105dca6b33726d
TN_NIVAR_2020_009983,TN_NIVAR_2020,0,087383cc34e859a9
TN_NIVAR_2020_017767,TN_NIVAR_2020,0,c75ac1f234f3d890
TN_NIVAR_2020_030750,TN_NIVAR_2020,0,cced4b3fe189db60
TN_NIVAR_2020_031555,TN_NIVAR_2020,1,6967f87085ee5c95
TN_NIVAR_2020_051820,TN_NIVAR_2020,0,3a6f9c346317ec39
TN_NIVAR_2020_071861,TN_NIVAR_2020,0,86820427371b2e00
TN_NIVAR_2020_086364,TN_NIVAR_2020,0,f3cf95990a7dda0b
TN_NIVAR_2020_097197,TN_NIVAR_2020,0,8ba1954292a96bcd
TN_NIVAR_2020_000787,TN_NIVAR_2020,1,a5850c9e38e3b9b2
TN_NIVAR_2020_002070,TN_NIVAR_2020,0,5fda6ee6c16ddd19
TN_NIVAR_2020_010807,TN_NIVAR_2020,0,f34e50d7d287cf06
TN_NIVAR_2020_017769,TN_NIVAR_2020,0,71a4505fa34d3d16
TN_NIVAR_2020_030764,TN_NIVAR_2020,0,402414675587e11d
TN_NIVAR_2020_035889,TN_NIVAR_2020,0,0342da128b8591c2
TN_NIVAR_2020_051792,TN_NIVAR_2020,0,9c39540f07e2ee85
TN_NIVAR_2020_071991,TN_NIVAR_2020,0,d8f5d34f180e940d
TN_NIVAR_2020_086375,TN_NIVAR_2020,0,a70a91eebadda957
TN_NIVAR_2020_097208,TN_NIVAR_2020,0,a107d7eee3c7b03a
TN_NIVAR_2020_002053,TN_NIVAR_2020,0,431a9bb64576e6b5
TN_NIVAR_2020_002069,TN_NIVAR_2020,1,ec75cd834afa90e5
TN_NIVAR_2020_011011,TN_NIVAR_2020,0,1684a8cfde96ddc1
TN_NIVAR_2020_018445,TN_NIVAR_2020,1,de87c36afa92489d
TN_NIVAR_2020_034158,TN_NIVAR_2020,0,4015ed825cf11179
TN_NIVAR_2020_054597,TN_NIVAR_2020,0,2ab3c36b05cbe5b4
TN_NIVAR_2020_054616,TN_NIVAR_2020,0,7cf62f7a065e6012
TN_NIVAR_2020_073709,TN_NIVAR_2020,0,5a759c4a1add4b0e
TN_NIVAR_2020_088260,TN_NIVAR_2020,0,eb5117dcd6a96ab0
TN_NIVAR_2020_005131,TN_NIVAR_2020,1,9c196eee193b47a8
TN_NIVAR_2020_005147,TN_NIVAR_2020,0,558dd470dad57b61
TN_NIVAR_2020_011955,TN_NIVAR_2020,1,27e0e7b7f821bef8
TN_NIVAR_2020_019978,TN_NIVAR_2020,0,cd3df09f01681e25
TN_NIVAR_2020_039118,TN_NIVAR_2020,0,36965503b9f4ead1
TN_NIVAR_2020_059545,TN_NIVAR_2020,0,424dd6de98edaeda
TN_NIVAR_2020_078645,TN_NIVAR_2020,0,0dab1ddc36dd9143
TN_NIVAR_2020_090642,TN_NIVAR_2020,0,ed3be87a6db6b238
TN_NIVAR_2020_102764,TN_NIVAR_2020,0,626749ea72e9406b
TN_NIVAR_2020_005146,TN_NIVAR_2020,0,d49e189cd3b444de
TN_NIVAR_2020_005155,TN_NIVAR_2020,0,f5e56d6ff385aa40
TN_NIVAR_2020_011968,TN_NIVAR_2020,0,ed3c5430253134d1
TN_NIVAR_2020_019977,TN_NIVAR_2020,0,be1c486d44cca2f1
TN_NIVAR_2020_039123,TN_NIVAR_2020,0,870f1ab6c1cbd97b
TN_NIVAR_2020_059530,TN_NIVAR_2020,1,22c3ebffadce88cb
TN_NIVAR_2020_059544,TN_NIVAR_2020,0,ddc21d5753993f0c
TN_NIVAR_2020_078634,TN_NIVAR_2020,0,e154d437a726c94d
TN_NIVAR_2020_090628,TN_NIVAR_2020,0,197b364014cd3272
TN_NIVAR_2020_102766,TN_NIVAR_2020,0,6d2da603021b22b0
TN_NIVAR_2020_024902,TN_NIVAR_2020,0,580a02b182f247a1
TN_NIVAR_2020_024903,TN_NIVAR_2020,0,bd3f00d150210c56
TN_NIVAR_2020_044068,TN_NIVAR_2020,0,9f4a006c48e6d400
TN_NIVAR_2020_064451,TN_NIVAR_2020,0,eb92625485125fa3
TN_NIVAR_2020_064463,TN_NIVAR_2020,0,2454c6d018fd0b3b
TN_NIVAR_2020_083309,TN_NIVAR_2020,0,57639b7496f1f9d7
TN_NIVAR_2020_104127,TN_NIVAR_2020,0,743c0a07f82cab4c
TN_NIVAR_2020_045476,TN_NIVAR_2020,0,5e1268c3c4316d2e
TN_NIVAR_2020_064632,TN_NIVAR_2020,0,e50be4e82bb7f813
TN_NIVAR_2020_064560,TN_NIVAR_2020,0,87a07738a2193e16
TN_NIVAR_2020_084200,TN_NIVAR_2020,0,e31100237e8b0385
TN_NIVAR_2020_091901,TN_NIVAR_2020,0,09b7570c68a044d8
TN_NIVAR_2020_104137,TN_NIVAR_2020,0,73701059936d9efc
TN_NIVAR_2020_085285,TN_NIVAR_2020,0,ae1e91b02abbcfdd
TN_NIVAR_2020_107827,TN_NIVAR_2020,0,0cd3375a981dcbc8
TN_NIVAR_2020_000067,TN_NIVAR_2020,0,689fe7bc4ddaa1a7
TN_NIVAR_2020_008567,TN_NIVAR_2020,1,498998e05ed85bd8
TN_NIVAR_2020_017003,TN_NIVAR_2020,0,012cefc57b0ceb2d
TN_NIVAR_2020_029848,TN_NIVAR_2020,0,5561d1f9555180e6
TN_NIVAR_2020_048045,TN_NIVAR_2020,1,cfc45b3dd0df0e57
TN_NIVAR_2020_048059,TN_NIVAR_2020,0,a557ddc76500d7ad
TN_NIVAR_2020_069498,TN_NIVAR_2020,0,b9579e6e8bed7328
TN_NIVAR_2020_085406,TN_NIVAR_2020,2,83d283f281eb1fba
TN_NIVAR_2020_096337,TN_NIVAR_2020,0,93bba4103cdfa223
TN_NIVAR_2020_000369,TN_NIVAR_2020,1,ffc198614763e006
TN_NIVAR_2020_009461,TN_NIVAR_2020,0,1d14e679a0a38b40
TN_NIVAR_2020_016996,TN_NIVAR_2020,0,7f45f0efafdf695d
TN_NIVAR_2020_029838,TN_NIVAR_2020,0,ac48c8a6345c29e9
TN_NIVAR_2020_048069,TN_NIVAR_2020,0,43740ac4dfe40e52
TN_NIVAR_2020_069558,TN_NIVAR_2020,0,8b0c35cfc928519c
TN_NIVAR_2020_085411,TN_NIVAR_2020,1,77b3aad263855e04
TN_NIVAR_2020_096328,TN_NIVAR_2020,0,52278b5348b87ca7
TN_NIVAR_2020_000721,TN_NIVAR_2020,0,d45fed57b0b86d84
TN_NIVAR_2020_000726,TN_NIVAR_2020,0,46bd6e98ca9d48b4
TN_NIVAR_2020_010034,TN_NIVAR_2020,0,c9aa4c4dee500ecc
TN_NIVAR_2020_017770,TN_NIVAR_2020,0,c29ba4b6b6f3752b
TN_NIVAR_2020_030751,TN_NIVAR_2020,0,875dbc184517e904
TN_NIVAR_2020_097199,TN_NIVAR_2020,1,8ea2209d1cb64ae6
TN_NIVAR_2020_000802,TN_NIVAR_2020,1,7b4400b43be81329
TN_NIVAR_2020_010843,TN_NIVAR_2020,1,832d4e1cfd1c67e8
TN_NIVAR_2020_059536,TN_NIVAR_2020,1,f5390511f9257ac0
TN_NIVAR_2020_059562,TN_NIVAR_2020,1,05aae4eb2f37d90e
TN_NIVAR_2020_064470,TN_NIVAR_2020,1,1274851a45057ead
TN_NIVAR_2020_083320,TN_NIVAR_2020,2,bc5c4326f567fbea
TN_NIVAR_2020_104130,TN_NIVAR_2020,1,e30c530baaeca432
TN_NIVAR_2020_000068,TN_NIVAR_2020,1,41aabc65cff6ea10
TN_NIVAR_2020_017772,TN_NIVAR_2020,1,b3385c49850139d8
TN_NIVAR_2020_002055,TN_NIVAR_2020,1,3268bca52ba1c3e7
TN_NIVAR_2020_018447,TN_NIVAR_2020,2,4ef92adbeba6dbf3
TN_NIVAR_2020_098634,TN_NIVAR_2020,1,df6d401fcd286ce4
TN_NIVAR_2020_039120,TN_NIVAR_2020,1,35515e2512e97364
TN_NIVAR_2020_091938,TN_NIVAR_2020,1,2fc599b0da48a29b
TN_NIVAR_2020_107865,TN_NIVAR_2020,1,322fd7a3a891987a
TN_NIVAR_2020_096340,TN_NIVAR_2020,1,b5aaf1aed611ffcd
TN_NIVAR_2020_097204,TN_NIVAR_2020,1,b4b21bf2b135d482
TN_NIVAR_2020_002146,TN_NIVAR_2020,1,48ee8ba660d417bc
TN_NIVAR_2020_051823,TN_NIVAR_2020,1,dd3b9a7e95702d5a
TN_NIVAR_2020_086381,TN_NIVAR_2020,1,e0244b084fbc6632
TN_NIVAR_2020_018448,TN_NIVAR_2020,1,e338b743cf00c351
TN_NIVAR_2020_054601,TN_NIVAR_2020,2,d974dafb0abab49f
TN_NIVAR_2020_078648,TN_NIVAR_2020,2,177345550506cdc9
TN_NIVAR_2020_044075,TN_NIVAR_2020,1,3713ea1f1a516aef
TN_NIVAR_2020_083323,TN_NIVAR_2020,1,70283531aed1682d
TN_NIVAR_2020_091826,TN_NIVAR_2020,1,2e6f8630ac38abd7
TN_NIVAR_2020_104133,TN_NIVAR_2020,1,95591f5426490208
TN_NIVAR_2020_084846,TN_NIVAR_2020,1,ae5a44ad8d01f465
TN_NIVAR_2020_104156,TN_NIVAR_2020,1,884502f110c24f5a
TN_NIVAR_2020_085393,TN_NIVAR_2020,1,18c163dcaa664632
TN_NIVAR_2020_029842,TN_NIVAR_2020,1,ee8a8be91900e724
TN_NIVAR_2020_069694,TN_NIVAR_2020,2,469909ff3cbc2970
TN_NIVAR_2020_085421,TN_NIVAR_2020,1,81a37cce0ebfc9d6
TN_NIVAR_2020_017777,TN_NIVAR_2020,2,cdbf890ebe7314f9
TN_NIVAR_2020_000827,TN_NIVAR_2020,1,1aa9ff20f3e5e06f
TN_NIVAR_2020_054652,TN_NIVAR_2020,1,2197396f23befaab
TN_NIVAR_2020_005139,TN_NIVAR_2020,1,6cdb79198a9a3760
TN_NIVAR_2020_078724,TN_NIVAR_2020,2,1cb3cbdaad07e7a6
TN_NIVAR_2020_019983,TN_NIVAR_2020,1,636dac08e3ba18ff
TN_NIVAR_2020_083327,TN_NIVAR_2020,2,7e28728e744ebc97
TN_NIVAR_2020_048074,TN_NIVAR_2020,2,9ef689cb2a0b7250
TN_NIVAR_2020_096343,TN_NIVAR_2020,1,9d151a21bea1e744
TN_NIVAR_2020_048091,TN_NIVAR_2020,1,75bc01fa828ad1ca
TN_NIVAR_2020_030758,TN_NIVAR_2020,2,23416e2928c00777
TN_NIVAR_2020_051858,TN_NIVAR_2020,1,5f3439688ed1409a
TN_NIVAR_2020_034165,TN_NIVAR_2020,1,ac5aa009fb215805
TN_NIVAR_2020_059533,TN_NIVAR_2020,1,4722e2d344cf70ad
TN_NIVAR_2020_090683,TN_NIVAR_2020,1,aaa4ec1c77fe2070
TN_NIVAR_2020_019984,TN_NIVAR_2020,2,cb2aa3c049db0ded
TN_NIVAR_2020_039135,TN_NIVAR_2020,1,a746fa3778208bd2
TN_NIVAR_2020_078660,TN_NIVAR_2020,1,7f4123457c85a98a
TN_NIVAR_2020_024958,TN_NIVAR_2020,2,9ae8e5c4713233fb
TN_NIVAR_2020_104183,TN_NIVAR_2020,1,d334949486350bf9
TN_NIVAR_2020_008591,TN_NIVAR_2020,1,6594e10335c869f8
TN_NIVAR_2020_029905,TN_NIVAR_2020,1,533ba1112b897998
TN_NIVAR_2020_051863,TN_NIVAR_2020,1,8ed5d76b85367d17
TN_NIVAR_2020_097211,TN_NIVAR_2020,2,b6a0dc271caf516e
TN_NIVAR_2020_011983,TN_NIVAR_2020,1,02cbdc3815365f56
TN_NIVAR_2020_039144,TN_NIVAR_2020,1,0852828a204b8ad9
TN_NIVAR_2020_024962,TN_NIVAR_2020,1,6d17320c43ea9478
TN_NIVAR_2020_083329,TN_NIVAR_2020,1,3cc6805cd42700e3
TN_NIVAR_2020_107900,TN_NIVAR_2020,1,ba561c7278da19e1
TN_NIVAR_2020_029933,TN_NIVAR_2020,1,decc9fd4906b8754
TN_NIVAR_2020_000019,TN_NIVAR_2020,1,2b244a50f92ee943
TN_NIVAR_2020_032953,TN_NIVAR_2020,1,869b882d4baeb5e9
TN_NIVAR_2020_002105,TN_NIVAR_2020,1,2cf68e4a3ad5ff18
TN_NIVAR_2020_098650,TN_NIVAR_2020,1,de6572cda9a4ab43
TN_NIVAR_2020_005212,TN_NIVAR_2020,1,4e5883a3f92b0821
TN_NIVAR_2020_078739,TN_NIVAR_2020,1,a14b5bac162476cc
TN_NIVAR_2020_005221,TN_NIVAR_2020,1,bc5c84bff526eecd
TN_NIVAR_2020_011993,TN_NIVAR_2020,1,a0ad033db726c4ed
TN_NIVAR_2020_019993,TN_NIVAR_2020,1,1697677c8f18bd32
TN_NIVAR_2020_083333,TN_NIVAR_2020,1,15c6f21ee10f19cf
TN_NIVAR_2020_104139,TN_NIVAR_2020,1,e9fe9b159a2bd3d1
TN_NIVAR_2020_017029,TN_NIVAR_2020,1,4f55272cf4855cd3
TN_NIVAR_2020_085416,TN_NIVAR_2020,2,b15dc354a803fa8c
TN_NIVAR_2020_069745,TN_NIVAR_2020,1,1dd3b00e44a82ed5
TN_NIVAR_2020_096338,TN_NIVAR_2020,1,27da27dc03188807
TN_NIVAR_2020_010671,TN_NIVAR_2020,2,54120ee0f2d885c6
TN_NIVAR_2020_097219,TN_NIVAR_2020,1,b56ae4a50c0ccef8
TN_NIVAR_2020_017839,TN_NIVAR_2020,1,1661e66aaefd4c03
TN_NIVAR_2020_020022,TN_NIVAR_2020,1,c8132437f6b05a83
TN_NIVAR_2020_064524,TN_NIVAR_2020,1,6f40738119f2fc15
TN_NIVAR_2020_104140,TN_NIVAR_2020,2,ef96714ddc1d6fe9
TN_NIVAR_2020_085031,TN_NIVAR_2020,1,cd37841aac9622fd
TN_NIVAR_2020_048082,TN_NIVAR_2020,1,2b8ad1ffd3e8cde6
TN_NIVAR_2020_030763,TN_NIVAR_2020,1,296fa6d9601e78f9
TN_NIVAR_2020_033575,TN_NIVAR_2020,1,3bda51187cc457ef
TN_NIVAR_2020_086409,TN_NIVAR_2020,2,1ea8a3fc3884cfa5
TN_NIVAR_2020_097220,TN_NIVAR_2020,1,45e48e2928ca5045
TN_NIVAR_2020_000867,TN_NIVAR_2020,1,075da9b9e102687e
TN_NIVAR_2020_072399,TN_NIVAR_2020,1,d1e02c6c0bbf66b3
TN_NIVAR_2020_011574,TN_NIVAR_2020,1,b01c010a20888ddc
TN_NIVAR_2020_018457,TN_NIVAR_2020,1,47d0a3fbcacacca2
TN_NIVAR_2020_078683,TN_NIVAR_2020,1,b591d65972ea86a2
TN_NIVAR_2020_064530,TN_NIVAR_2020,1,8a159ec8c04244fe
TN_NIVAR_2020_083339,TN_NIVAR_2020,1,bbf6ad232d3c4fbc
TN_NIVAR_2020_091840,TN_NIVAR_2020,1,b490f3a6529a8525
TN_NIVAR_2020_065009,TN_NIVAR_2020,1,8788fa1fc93c32a5
TN_NIVAR_2020_092048,TN_NIVAR_2020,1,3fbebeb6bc9244cd
TN_NIVAR_2020_048068,TN_NIVAR_2020,1,1a447685c5997463
TN_NIVAR_2020_069509,TN_NIVAR_2020,1,1f6cc584a9a2d805
TN_NIVAR_2020_030096,TN_NIVAR_2020,1,49c42baa343a421d
TN_NIVAR_2020_011377,TN_NIVAR_2020,2,bfc05954085aa585
TN_NIVAR_2020_072418,TN_NIVAR_2020,1,4c6d7b65a3431aa3
TN_NIVAR_2020_097264,TN_NIVAR_2020,1,2fd4429a69378445
TN_NIVAR_2020_078802,TN_NIVAR_2020,1,356e845e35cc6cb5
TN_NIVAR_2020_090752,TN_NIVAR_2020,1,7c9b65a2cf993687
TN_NIVAR_2020_005197,TN_NIVAR_2020,1,7dde0c0b579d622e
TN_SOUTHERN_FLOOD_2023_150703,TN_SOUTHERN_FLOOD_2023,2,1fe910bd03f1d0c4
TN_SOUTHERN_FLOOD_2023_145867,TN_SOUTHERN_FLOOD_2023,1,0cc2eb2cb0327202
TN_SOUTHERN_FLOOD_2023_160408,TN_SOUTHERN_FLOOD_2023,1,841a86ae6d52b5e1
TN_SOUTHERN_FLOOD_2023_168797,TN_SOUTHERN_FLOOD_2023,1,9ed797792f9108da
TN_SOUTHERN_FLOOD_2023_150024,TN_SOUTHERN_FLOOD_2023,1,dba975da80a5877d
TN_SOUTHERN_FLOOD_2023_159062,TN_SOUTHERN_FLOOD_2023,2,1f209c7859ccf528
TN_SOUTHERN_FLOOD_2023_159781,TN_SOUTHERN_FLOOD_2023,2,86e92dd8110e763d
TN_SOUTHERN_FLOOD_2023_150037,TN_SOUTHERN_FLOOD_2023,2,41227d345d25ea9d
TN_SOUTHERN_FLOOD_2023_139067,TN_SOUTHERN_FLOOD_2023,1,07971cbf4f30d835
TN_SOUTHERN_FLOOD_2023_156903,TN_SOUTHERN_FLOOD_2023,1,5966b7435b13e2e5
TN_SOUTHERN_FLOOD_2023_157874,TN_SOUTHERN_FLOOD_2023,1,d1e5f8a9c2d30458
TN_SOUTHERN_FLOOD_2023_168799,TN_SOUTHERN_FLOOD_2023,1,19c7720c316bce63
TN_SOUTHERN_FLOOD_2023_158843,TN_SOUTHERN_FLOOD_2023,2,02420040956caa91
TN_SOUTHERN_FLOOD_2023_160177,TN_SOUTHERN_FLOOD_2023,1,2fcd214aed4030cc
TN_SOUTHERN_FLOOD_2023_160300,TN_SOUTHERN_FLOOD_2023,2,b265e85230902ada
TN_SOUTHERN_FLOOD_2023_150710,TN_SOUTHERN_FLOOD_2023,2,f95990242ba01b89
TN_SOUTHERN_FLOOD_2023_158845,TN_SOUTHERN_FLOOD_2023,1,79e45183b351e21e
TN_SOUTHERN_FLOOD_2023_159790,TN_SOUTHERN_FLOOD_2023,2,3b0a750d6dc5f2de
TN_SOUTHERN_FLOOD_2023_150755,TN_SOUTHERN_FLOOD_2023,1,390a5d81174ed8ae
TN_SOUTHERN_FLOOD_2023_152775,TN_SOUTHERN_FLOOD_2023,1,c169bb5f9c7e676c
TN_SOUTHERN_FLOOD_2023_158847,TN_SOUTHERN_FLOOD_2023,1,5d4e0086b6a81134
TN_SOUTHERN_FLOOD_2023_152776,TN_SOUTHERN_FLOOD_2023,1,8ca03428a77d7db8
TN_SOUTHERN_FLOOD_2023_162750,TN_SOUTHERN_FLOOD_2023,1,e0b6e58fc5a54be2
TN_SOUTHERN_FLOOD_2023_167117,TN_SOUTHERN_FLOOD_2023,1,57936967f0092d14
TN_SOUTHERN_FLOOD_2023_147049,TN_SOUTHERN_FLOOD_2023,1,2bd355e65f0c5eb6
TN_SOUTHERN_FLOOD_2023_148484,TN_SOUTHERN_FLOOD_2023,1,ce72284743f66af0
TN_SOUTHERN_FLOOD_2023_143674,TN_SOUTHERN_FLOOD_2023,1,f925777837d3f3d1
TN_SOUTHERN_FLOOD_2023_168807,TN_SOUTHERN_FLOOD_2023,1,89d64c42b9ac9fb7
TN_SOUTHERN_FLOOD_2023_159780,TN_SOUTHERN_FLOOD_2023,1,c9012d3eed56dc89
TN_SOUTHERN_FLOOD_2023_150070,TN_SOUTHERN_FLOOD_2023,2,ad898ef79182c16e
TN_SOUTHERN_FLOOD_2023_159798,TN_SOUTHERN_FLOOD_2023,1,c65bb94088738bb0
TN_SOUTHERN_FLOOD_2023_160208,TN_SOUTHERN_FLOOD_2023,1,cb202c18ccd9de88
TN_SOUTHERN_FLOOD_2023_150071,TN_SOUTHERN_FLOOD_2023,1,918c0e5819b563c0
TN_SOUTHERN_FLOOD_2023_160309,TN_SOUTHERN_FLOOD_2023,2,766a3102a16d9398
TN_SOUTHERN_FLOOD_2023_150767,TN_SOUTHERN_FLOOD_2023,1,7e89da991a40ab0b
TN_FENGAL_2024_000001,TN_FENGAL_2024,2,122655ce48bc25d7
TN_FENGAL_2024_009743,TN_FENGAL_2024,1,f64fd1c834892e08
TN_FENGAL_2024_000004,TN_FENGAL_2024,1,66a6855c9a36d9f4
TN_FENGAL_2024_000021,TN_FENGAL_2024,1,e0c035b2921693d2
TN_FENGAL_2024_027482,TN_FENGAL_2024,1,1b5bfb72b9263fa3
TN_FENGAL_2024_002945,TN_FENGAL_2024,2,2a2c380e2df8b17c
TN_FENGAL_2024_081045,TN_FENGAL_2024,1,a6ebb14a7f1863e0
TN_FENGAL_2024_133822,TN_FENGAL_2024,1,883ffa82134add11
TN_FENGAL_2024_004094,TN_FENGAL_2024,1,b9ee843593982f69
TN_FENGAL_2024_059422,TN_FENGAL_2024,1,e00271a46c8a7772
TN_FENGAL_2024_081030,TN_FENGAL_2024,1,054649aaf2712b7b
TN_FENGAL_2024_040543,TN_FENGAL_2024,1,f8796179a2f758cc
TN_FENGAL_2024_103958,TN_FENGAL_2024,1,cfcfe62e697e32b2
TN_FENGAL_2024_125708,TN_FENGAL_2024,1,34079e9e704f001f
TN_FENGAL_2024_091017,TN_FENGAL_2024,1,15e50a55f0ac5468
TN_FENGAL_2024_109020,TN_FENGAL_2024,1,e65c228cf79c036a
TN_FENGAL_2024_141940,TN_FENGAL_2024,2,2a9c4a25d1fa2d46
TN_FENGAL_2024_079193,TN_FENGAL_2024,1,80e977791530ff7d
TN_FENGAL_2024_036080,TN_FENGAL_2024,1,c61de7506b830022
TN_FENGAL_2024_059295,TN_FENGAL_2024,1,bde87b6be63a0ce3
TN_FENGAL_2024_036156,TN_FENGAL_2024,2,5bc05ab137384f59
TN_FENGAL_2024_059310,TN_FENGAL_2024,1,fb19b5dd7cc2130e
TN_FENGAL_2024_136773,TN_FENGAL_2024,1,bad8d961b57a64f1
TN_FENGAL_2024_005286,TN_FENGAL_2024,2,64966be80eaf868a
TN_FENGAL_2024_109438,TN_FENGAL_2024,1,5107fa2bdfb35d77
TN_FENGAL_2024_141955,TN_FENGAL_2024,1,26d019c3857a4889
TN_FENGAL_2024_074305,TN_FENGAL_2024,1,9147d01da268c8d5
TN_FENGAL_2024_113808,TN_FENGAL_2024,1,9354ba2f8f791229
TN_FENGAL_2024_000003,TN_FENGAL_2024,2,9d327531965eba93
TN_FENGAL_2024_027039,TN_FENGAL_2024,1,0f66b38033cf886d
TN_FENGAL_2024_100789,TN_FENGAL_2024,1,b31ebb3c57da02d4
TN_FENGAL_2024_000052,TN_FENGAL_2024,1,b429b5ade275f609
TN_FENGAL_2024_100966,TN_FENGAL_2024,1,22b806c1703eacde
TN_FENGAL_2024_054678,TN_FENGAL_2024,2,af6bdaf658eead0a
TN_FENGAL_2024_004107,TN_FENGAL_2024,1,e8c92a53ae845bc7
TN_FENGAL_2024_036083,TN_FENGAL_2024,2,ae20296963bf139a
TN_FENGAL_2024_081106,TN_FENGAL_2024,1,c57f7c7af4325011
TN_FENGAL_2024_102562,TN_FENGAL_2024,1,4a21c4a977176631
TN_FENGAL_2024_036167,TN_FENGAL_2024,2,df4ef0b17a83543d
TN_FENGAL_2024_109753,TN_FENGAL_2024,1,40a5548b0a692df5
TN_FENGAL_2024_052392,TN_FENGAL_2024,1,38b3be15c7948077
TN_FENGAL_2024_119507,TN_FENGAL_2024,2,6a6499f9631db82c
TN_FENGAL_2024_132816,TN_FENGAL_2024,2,9571163c43423069
TN_FENGAL_2024_121055,TN_FENGAL_2024,2,2d3976560fd17830
TN_FENGAL_2024_004110,TN_FENGAL_2024,1,0beab3ce87f9d30c
TN_FENGAL_2024_015694,TN_FENGAL_2024,1,ba1488be1076dda9
TN_FENGAL_2024_060094,TN_FENGAL_2024,1,d512a8cf8acbd35d
TN_FENGAL_2024_059318,TN_FENGAL_2024,1,d5dc549400520cca
TN_FENGAL_2024_064278,TN_FENGAL_2024,1,22f70d5bfe617060
TN_FENGAL_2024_008897,TN_FENGAL_2024,1,1941565d5e68ebcd
TN_FENGAL_2024_090899,TN_FENGAL_2024,1,d5457146ee63649f
TN_FENGAL_2024_069240,TN_FENGAL_2024,1,847934873470be97
TN_FENGAL_2024_090923,TN_FENGAL_2024,2,9d082b28d431b05d
TN_FENGAL_2024_141984,TN_FENGAL_2024,2,e34063ab36be45e6
TN_FENGAL_2024_095865,TN_FENGAL_2024,1,33e46923fb93b8d4
TN_FENGAL_2024_000013,TN_FENGAL_2024,1,284a3bec69f33982
TN_FENGAL_2024_002984,TN_FENGAL_2024,2,6659121e27d9e53b
TN_FENGAL_2024_133720,TN_FENGAL_2024,1,6ba82f6b6a77dd93
TN_FENGAL_2024_004088,TN_FENGAL_2024,1,6c3eff3596ef9ab4
TN_FENGAL_2024_004117,TN_FENGAL_2024,2,85b85245ba56db25
TN_FENGAL_2024_081259,TN_FENGAL_2024,1,b8e7a4d06af1375f
TN_FENGAL_2024_121576,TN_FENGAL_2024,1,b77d1ebfa9bd43a4
TN_FENGAL_2024_081137,TN_FENGAL_2024,2,8b52738a048e6737
TN_FENGAL_2024_005293,TN_FENGAL_2024,1,590f53b70c629366
TN_FENGAL_2024_017085,TN_FENGAL_2024,2,388b870ce03fa7e2
TN_FENGAL_2024_085962,TN_FENGAL_2024,1,f33fa44ce054c133
TN_FENGAL_2024_140313,TN_FENGAL_2024,1,6086573aaaf0c2a9
TN_FENGAL_2024_008881,TN_FENGAL_2024,1,9407befb49029f73
TN_FENGAL_2024_069236,TN_FENGAL_2024,1,e03aa06fa6e56347
TN_FENGAL_2024_110434,TN_FENGAL_2024,2,d2c0c14762c4b039
TN_FENGAL_2024_074475,TN_FENGAL_2024,1,3616201bf5f7091b
TN_FENGAL_2024_052722,TN_FENGAL_2024,2,8950f924fa2f2bff
TN_FENGAL_2024_118765,TN_FENGAL_2024,1,de1bbf078d472702
TN_FENGAL_2024_056268,TN_FENGAL_2024,1,8da77a35cc8ddd2d
TN_FENGAL_2024_132820,TN_FENGAL_2024,2,96854bf4d1016dd2
TN_FENGAL_2024_002990,TN_FENGAL_2024,1,77d1b6890023b29d
TN_FENGAL_2024_013334,TN_FENGAL_2024,1,4914961645e56e2b
TN_FENGAL_2024_055127,TN_FENGAL_2024,1,90c5cb147e3d5ad8
TN_FENGAL_2024_015715,TN_FENGAL_2024,1,9095cf6f01c30e12
TN_FENGAL_2024_081150,TN_FENGAL_2024,1,ba82c6d05c1cee6b
TN_FENGAL_2024_006033,TN_FENGAL_2024,1,0137aa5bca04abd3
TN_FENGAL_2024_069238,TN_FENGAL_2024,1,d330a18b9c72c588
TN_FENGAL_2024_090903,TN_FENGAL_2024,2,11ed1f47be343143
TN_FENGAL_2024_091146,TN_FENGAL_2024,1,09be06479687cac2
TN_FENGAL_2024_125761,TN_FENGAL_2024,2,4481f55483a0f0fa
TN_FENGAL_2024_142042,TN_FENGAL_2024,1,8c56b7ff73b08a73
TN_FENGAL_2024_095869,TN_FENGAL_2024,1,612f649ab8257ed1
TN_FENGAL_2024_113813,TN_FENGAL_2024,1,c40a8a10f61ae73d
TN_FENGAL_2024_143114,TN_FENGAL_2024,1,22dba7d1193f539c
TN_FENGAL_2024_131355,TN_FENGAL_2024,1,9c502025115a75b5
TN_FENGAL_2024_143593,TN_FENGAL_2024,1,035fce0e013e88c2
TN_FENGAL_2024_000045,TN_FENGAL_2024,1,66fdc140d65b9be6
TN_FENGAL_2024_027490,TN_FENGAL_2024,1,02382ad24537cbc3
TN_FENGAL_2024_052590,TN_FENGAL_2024,1,f3d47d43dc7e8065
TN_FENGAL_2024_079579,TN_FENGAL_2024,2,ec10ae7f42dfb99e
TN_FENGAL_2024_100971,TN_FENGAL_2024,1,c6de48aadc97fe34
TN_FENGAL_2024_031122,TN_FENGAL_2024,1,6a6a596c32e5f999
TN_FENGAL_2024_101021,TN_FENGAL_2024,1,1657626452b77e8d
TN_FENGAL_2024_004093,TN_FENGAL_2024,1,846732f3d56087fd
TN_FENGAL_2024_006450,TN_FENGAL_2024,1,6690a6aa8aa7229f
TN_FENGAL_2024_040554,TN_FENGAL_2024,1,e626b47494067b25
TN_FENGAL_2024_085966,TN_FENGAL_2024,1,30c8765bcccf9535
TN_FENGAL_2024_008884,TN_FENGAL_2024,1,443fa53fdbcf0ae8
TN_FENGAL_2024_090924,TN_FENGAL_2024,2,721a7b1715f1f425
TN_FENGAL_2024_125721,TN_FENGAL_2024,2,0092504264ad28d4
TN_FENGAL_2024_045609,TN_FENGAL_2024,1,b45cc4a0346cb3a9
TN_FENGAL_2024_009804,TN_FENGAL_2024,1,ee0d63489b9da656
TN_FENGAL_2024_100794,TN_FENGAL_2024,1,700d9ebaeccd9bba
TN_FENGAL_2024_000025,TN_FENGAL_2024,1,3e89123c65722ced
TN_FENGAL_2024_079730,TN_FENGAL_2024,1,005da8b248c0de13
TN_FENGAL_2024_003000,TN_FENGAL_2024,1,f8290c632163e85c
TN_FENGAL_2024_121067,TN_FENGAL_2024,2,230ad413c0017ee8
TN_FENGAL_2024_133723,TN_FENGAL_2024,2,2f85a7d0b74f5dbc
TN_FENGAL_2024_004095,TN_FENGAL_2024,2,b9d774c350af717d
TN_FENGAL_2024_059307,TN_FENGAL_2024,2,562bf99dc220e898
TN_FENGAL_2024_085970,TN_FENGAL_2024,2,97f15257f74911e1
TN_FENGAL_2024_045524,TN_FENGAL_2024,1,4f937e81c42c5e6b
TN_FENGAL_2024_090939,TN_FENGAL_2024,1,0608229ee59de620
TN_FENGAL_2024_110838,TN_FENGAL_2024,1,a67f9aae59875822
TN_FENGAL_2024_095874,TN_FENGAL_2024,1,da6cbb7e12a461e5
TN_FENGAL_2024_126410,TN_FENGAL_2024,1,5ab5993b19cac197
TN_FENGAL_2024_027498,TN_FENGAL_2024,1,60821f737ab62726
TN_FENGAL_2024_052595,TN_FENGAL_2024,2,a395f8f58417d12e
TN_FENGAL_2024_079911,TN_FENGAL_2024,1,981484aa6b7305d8
TN_FENGAL_2024_121069,TN_FENGAL_2024,1,f6d7832c9abf37db
TN_FENGAL_2024_133724,TN_FENGAL_2024,1,0c216def1c8f02e3
TN_FENGAL_2024_015729,TN_FENGAL_2024,2,665acba0eabc2257
TN_FENGAL_2024_015689,TN_FENGAL_2024,1,b1335f32b083087b
TN_FENGAL_2024_017099,TN_FENGAL_2024,2,6877f37f098cb48b
TN_FENGAL_2024_040557,TN_FENGAL_2024,1,9e3989067fedbf12
TN_FENGAL_2024_009465,TN_FENGAL_2024,1,f95bb69e0aa3fd79
TN_FENGAL_2024_091183,TN_FENGAL_2024,1,b7f18bb7c3e7c667
TN_FENGAL_2024_113841,TN_FENGAL_2024,1,5fdb760fec3bb7f8
TN_FENGAL_2024_132727,TN_FENGAL_2024,1,91ddd501c2f4ea5b
TN_FENGAL_2024_010465,TN_FENGAL_2024,1,db5795de6864819d
TN_FENGAL_2024_054372,TN_FENGAL_2024,2,91b7fc1e940ea317
TN_FENGAL_2024_036099,TN_FENGAL_2024,2,3557c570dd8ac197
TN_FENGAL_2024_059309,TN_FENGAL_2024,2,f0cdebf012058acf
TN_FENGAL_2024_134350,TN_FENGAL_2024,1,cb46e584d4a3e9b5
TN_FENGAL_2024_004421,TN_FENGAL_2024,1,ddb9056a016d95ac
TN_FENGAL_2024_017101,TN_FENGAL_2024,1,f0c316ae518f2f2f
TN_FENGAL_2024_008928,TN_FENGAL_2024,1,56948fa060522dcd
TN_FENGAL_2024_069246,TN_FENGAL_2024,2,01252dff5dafdb22
TN_FENGAL_2024_090949,TN_FENGAL_2024,1,b200d88dd4268d7b
TN_FENGAL_2024_000019,TN_FENGAL_2024,1,27438c76beccb113
TN_FENGAL_2024_100797,TN_FENGAL_2024,1,ef4a2a567e313994
TN_FENGAL_2024_000130,TN_FENGAL_2024,2,e4a2e5491adccac0
TN_FENGAL_2024_052597,TN_FENGAL_2024,1,1bec594223923184
TN_FENGAL_2024_100978,TN_FENGAL_2024,1,06bd2dbd3bb0f21d
TN_FENGAL_2024_119514,TN_FENGAL_2024,1,2791d077bb5f434f
TN_FENGAL_2024_132834,TN_FENGAL_2024,1,19bd7a067ecfe126
TN_FENGAL_2024_013389,TN_FENGAL_2024,2,7827e2e28b078446
TN_FENGAL_2024_015736,TN_FENGAL_2024,1,93e86a7ac2a2cd28
TN_FENGAL_2024_134368,TN_FENGAL_2024,1,4e45bb87c388c2e4
TN_FENGAL_2024_102549,TN_FENGAL_2024,1,3b2b79ba8fb33a78
TN_FENGAL_2024_090944,TN_FENGAL_2024,1,d980e283dd443141
TN_FENGAL_2024_000058,TN_FENGAL_2024,2,c86ed8b4b9c5dd73
TN_FENGAL_2024_051705,TN_FENGAL_2024,1,ab606e6a63d75d89
TN_FENGAL_2024_000137,TN_FENGAL_2024,2,f3ea0114b3b3f011
TN_FENGAL_2024_080072,TN_FENGAL_2024,2,09747cbe578916c4
TN_FENGAL_2024_100979,TN_FENGAL_2024,2,b97ced7ff3f7860f
TN_FENGAL_2024_119515,TN_FENGAL_2024,1,5cdcb96820217e58
TN_FENGAL_2024_081624,TN_FENGAL_2024,1,8e79a2803696362c
TN_FENGAL_2024_123841,TN_FENGAL_2024,1,e8d39998c055ff02
TN_FENGAL_2024_045530,TN_FENGAL_2024,1,be67d8ccf15e5acb
TN_FENGAL_2024_074820,TN_FENGAL_2024,1,b8e925b73644f62b
TN_FENGAL_2024_113847,TN_FENGAL_2024,2,b0e5e80c9d6dd396
TN_FENGAL_2024_143132,TN_FENGAL_2024,1,221d20fdb02e6381
TN_FENGAL_2024_000063,TN_FENGAL_2024,2,4bfdd071ac7d3c6e
TN_FENGAL_2024_027058,TN_FENGAL_2024,1,4b8c7d009e626c4d
TN_FENGAL_2024_051706,TN_FENGAL_2024,2,20d23e15fc19b704
TN_FENGAL_2024_000139,TN_FENGAL_2024,1,b453b833dc341d58
TN_FENGAL_2024_003235,TN_FENGAL_2024,1,fab040768f83de8e
TN_FENGAL_2024_101056,TN_FENGAL_2024,2,1cba0ee1d9b51e57
TN_FENGAL_2024_121084,TN_FENGAL_2024,1,9cac4c2dbb0b682c
TN_FENGAL_2024_004122,TN_FENGAL_2024,1,1758230a0009ff54
TN_FENGAL_2024_004518,TN_FENGAL_2024,2,6d2fff0821d9d63c
TN_FENGAL_2024_102557,TN_FENGAL_2024,1,a9d5af5aada2f1eb
TN_FENGAL_2024_121670,TN_FENGAL_2024,1,923610d4aa20eef0
TN_CHENNAI_FLOOD_2021_193123,TN_CHENNAI_FLOOD_2021,2,7dd44c720ee7a1c3
TN_CHENNAI_FLOOD_2021_206065,TN_CHENNAI_FLOOD_2021,2,e5c35867ee0acbab
TN_CHENNAI_FLOOD_2021_188130,TN_CHENNAI_FLOOD_2021,2,f73fbd5aa8ee7e02
TN_CHENNAI_FLOOD_2021_193115,TN_CHENNAI_FLOOD_2021,2,3dc9da605c2206b3
TN_CHENNAI_FLOOD_2021_206105,TN_CHENNAI_FLOOD_2021,2,ebb2ce9c82acf109
TN_CHENNAI_FLOOD_2021_183224,TN_CHENNAI_FLOOD_2021,1,3fa15d57dc78812d
TN_CHENNAI_FLOOD_2021_173316,TN_CHENNAI_FLOOD_2021,2,64d5405c44f83081
TN_CHENNAI_FLOOD_2021_203042,TN_CHENNAI_FLOOD_2021,2,7eea5aa86844e6b4
TN_CHENNAI_FLOOD_2021_183228,TN_CHENNAI_FLOOD_2021,1,aeda36ed2423ae98
TN_CHENNAI_FLOOD_2021_193124,TN_CHENNAI_FLOOD_2021,1,e04a6c93a7d1644e
TN_CHENNAI_FLOOD_2021_193147,TN_CHENNAI_FLOOD_2021,1,9a99454dc9997d96
TN_CHENNAI_FLOOD_2021_203157,TN_CHENNAI_FLOOD_2021,2,a440eb0b18745f0b
TN_CHENNAI_FLOOD_2021_193136,TN_CHENNAI_FLOOD_2021,1,f076069d8a0f4056
TN_CHENNAI_FLOOD_2021_193168,TN_CHENNAI_FLOOD_2021,1,ea8ea49b8f888da2
TN_CHENNAI_FLOOD_2021_198174,TN_CHENNAI_FLOOD_2021,1,831c72bacac2121b
TN_CHENNAI_FLOOD_2021_183255,TN_CHENNAI_FLOOD_2021,1,5330fec681664ecb
TN_CHENNAI_FLOOD_2021_193214,TN_CHENNAI_FLOOD_2021,1,0cced8086a4a2c2f
TN_NADA_2016_085402,TN_NADA_2016,1,81abfa94979abe42
TN_NADA_2016_000119,TN_NADA_2016,2,93c7aefe791923f1
TN_NADA_2016_009976,TN_NADA_2016,1,9955db533452bc7a
TN_NADA_2016_030748,TN_NADA_2016,1,be140ca745b8470d
TN_NADA_2016_002057,TN_NADA_2016,1,3ae85dbae9909693
TN_NADA_2016_071859,TN_NADA_2016,1,c78a2761232b3f17
TN_NADA_2016_038582,TN_NADA_2016,2,fa649db46f6c60d5
TN_NADA_2016_005129,TN_NADA_2016,1,c659ba56741437e8
TN_NADA_2016_019969,TN_NADA_2016,1,c7d4a7f13dc728c4
TN_NADA_2016_083293,TN_NADA_2016,1,ea652d652861c130
TN_NADA_2016_044283,TN_NADA_2016,1,b58e434b7660fe6d
TN_NADA_2016_085060,TN_NADA_2016,1,86b0e6a01f12a954
TN_NADA_2016_048039,TN_NADA_2016,1,7718a0a178d3a4e4
TN_NADA_2016_096332,TN_NADA_2016,1,9439958724e994a9
TN_NADA_2016_000190,TN_NADA_2016,1,a03600770458e97b
TN_NADA_2016_009980,TN_NADA_2016,1,f11ca00b90d16a15
TN_NADA_2016_030749,TN_NADA_2016,2,3c7d27347a988720
TN_NADA_2016_031502,TN_NADA_2016,2,a8d2854b75c3b0a9
TN_NADA_2016_071819,TN_NADA_2016,1,abfe1055bcd4bdf4
TN_NADA_2016_086360,TN_NADA_2016,2,734d64c119ca7bae
TN_NADA_2016_034157,TN_NADA_2016,1,e7b108eb5a61605f
TN_NADA_2016_098628,TN_NADA_2016,2,7f07ddff6389f7e0
TN_NADA_2016_005130,TN_NADA_2016,1,7363294babfe8214
TN_NADA_2016_019976,TN_NADA_2016,1,2e4f25a988e90f39
TN_NADA_2016_078641,TN_NADA_2016,2,63e65f4c3fcdc939
TN_NADA_2016_102763,TN_NADA_2016,1,1c841973252f4253
TN_NADA_2016_005136,TN_NADA_2016,1,4b0efc7d6c1a6473
TN_NADA_2016_104123,TN_NADA_2016,1,6ba7453301a980c5
TN_NADA_2016_064494,TN_NADA_2016,1,bfa11407f151876d
TN_NADA_2016_000005,TN_NADA_2016,1,489dc0bf67db5b02
TN_NADA_2016_017767,TN_NADA_2016,1,c75ac1f234f3d890
TN_NADA_2016_086375,TN_NADA_2016,1,a70a91eebadda957
TN_NADA_2016_034158,TN_NADA_2016,1,4015ed825cf11179
TN_NADA_2016_005131,TN_NADA_2016,1,9c196eee193b47a8
TN_NADA_2016_019978,TN_NADA_2016,1,cd3df09f01681e25
TN_NADA_2016_039118,TN_NADA_2016,1,36965503b9f4ead1
TN_NADA_2016_090642,TN_NADA_2016,2,ed3be87a6db6b238
TN_NADA_2016_005146,TN_NADA_2016,1,d49e189cd3b444de
TN_NADA_2016_059544,TN_NADA_2016,1,ddc21d5753993f0c
TN_NADA_2016_044068,TN_NADA_2016,2,9f4a006c48e6d400
TN_NADA_2016_045476,TN_NADA_2016,1,5e1268c3c4316d2e
TN_NADA_2016_084200,TN_NADA_2016,1,e31100237e8b0385
TN_NADA_2016_091901,TN_NADA_2016,2,09b7570c68a044d8
TN_NADA_2016_104137,TN_NADA_2016,2,73701059936d9efc
TN_NADA_2016_107827,TN_NADA_2016,1,0cd3375a981dcbc8
TN_NADA_2016_048059,TN_NADA_2016,1,a557ddc76500d7ad
TN_NADA_2016_009461,TN_NADA_2016,2,1d14e679a0a38b40
TN_NADA_2016_016996,TN_NADA_2016,1,7f45f0efafdf695d
TN_NADA_2016_030751,TN_NADA_2016,2,875dbc184517e904
TN_NADA_2016_017774,TN_NADA_2016,1,8c612ee1ccb4a35a
TN_NADA_2016_030770,TN_NADA_2016,1,1c371e551df6fdb2
TN_NADA_2016_086378,TN_NADA_2016,1,9fda9f08fd5a95c8
TN_NADA_2016_034160,TN_NADA_2016,1,d5235cf9cb3f88d2
TN_NADA_2016_054599,TN_NADA_2016,2,12666d9624e1893f
TN_NADA_2016_005132,TN_NADA_2016,2,87273d2c8052e6bb
TN_NADA_2016_102769,TN_NADA_2016,1,51870c730c4ec2a4
TN_NADA_2016_090629,TN_NADA_2016,1,41a3a959c580971e
TN_NADA_2016_104130,TN_NADA_2016,1,e30c530baaeca432
TN_NADA_2016_045692,TN_NADA_2016,2,a88c1198a61f9f0d
TN_NADA_2016_064719,TN_NADA_2016,1,f7a0fca1ed1ba96f
TN_NADA_2016_104141,TN_NADA_2016,2,81e4fce1640c3a42
TN_NADA_2016_008572,TN_NADA_2016,1,dc60e1a318a274bb
TN_NADA_2016_048047,TN_NADA_2016,1,6e6fe296dd2ff573
TN_NADA_2016_071901,TN_NADA_2016,1,bc2a6cb2f0da81d4
TN_NADA_2016_086373,TN_NADA_2016,1,7228f5ea9a4ec163
TN_NADA_2016_072050,TN_NADA_2016,1,09f9be1b1aa2d7a6
TN_NADA_2016_097217,TN_NADA_2016,1,64bfb938af629ab8
TN_NADA_2016_054600,TN_NADA_2016,1,553473daffc61f84
TN_NADA_2016_090658,TN_NADA_2016,2,344d4373c133f8c3
TN_NADA_2016_019980,TN_NADA_2016,1,36fc0e50ff72697b
TN_NADA_2016_046466,TN_NADA_2016,1,1a041f9ba35fd021
TN_NADA_2016_064742,TN_NADA_2016,1,c1587f6c0b68fb58
TN_NADA_2016_000009,TN_NADA_2016,1,dafc4bf8f1497130
TN_NADA_2016_000072,TN_NADA_2016,1,0db9cc6641ca5a0a
TN_NADA_2016_008573,TN_NADA_2016,1,bb265364c3cc6ff4
TN_NADA_2016_000014,TN_NADA_2016,1,749ec102351e522e
TN_NADA_2016_010240,TN_NADA_2016,2,dd00ebc6ca8556f8
TN_NADA_2016_017773,TN_NADA_2016,1,85fc10db915a332a
TN_NADA_2016_086376,TN_NADA_2016,1,a2f76d291c9d9f9e
TN_NADA_2016_051823,TN_NADA_2016,2,dd3b9a7e95702d5a
TN_NADA_2016_097234,TN_NADA_2016,1,702591f813886fec
TN_NADA_2016_002082,TN_NADA_2016,1,cb9153ae3dd9a6f9
TN_NADA_2016_034162,TN_NADA_2016,1,8757f8215ba35166
TN_NADA_2016_011972,TN_NADA_2016,1,083a18ef230ccc0e
TN_NADA_2016_039124,TN_NADA_2016,2,231b3a12432e7338
TN_NADA_2016_005171,TN_NADA_2016,2,50d81c4aea4939ef
TN_NADA_2016_090636,TN_NADA_2016,2,2f5a9facb265bfa8
TN_NADA_2016_083323,TN_NADA_2016,1,70283531aed1682d
TN_NADA_2016_047117,TN_NADA_2016,1,7c12f239f35de0da
TN_NADA_2016_064812,TN_NADA_2016,2,b7326329452f2702
TN_NADA_2016_008579,TN_NADA_2016,1,dc307389375b8e3d
TN_NADA_2016_069694,TN_NADA_2016,2,469909ff3cbc2970
TN_NADA_2016_096331,TN_NADA_2016,2,d77c1e58d7437850
TN_NADA_2016_000731,TN_NADA_2016,1,780f71a579c8c921
TN_NADA_2016_017777,TN_NADA_2016,1,cdbf890ebe7314f9
TN_NADA_2016_030757,TN_NADA_2016,2,f375aa32898c58a8
TN_NADA_2016_086382,TN_NADA_2016,1,4d2412e91483ef19
TN_NADA_2016_002092,TN_NADA_2016,2,657ffe7023c9a761
TN_NADA_2016_011980,TN_NADA_2016,1,099596bfab189af2
TN_NADA_2016_020013,TN_NADA_2016,1,53a434b901fce70c
TN_NADA_2016_102815,TN_NADA_2016,1,a5f1d64bd0b5165f
TN_NADA_2016_064466,TN_NADA_2016,1,0e6c57ecaf17faaa
TN_NADA_2016_107879,TN_NADA_2016,1,a26479f9485d9709
TN_NADA_2016_000013,TN_NADA_2016,1,812e441c7448c007
TN_NADA_2016_048074,TN_NADA_2016,1,9ef689cb2a0b7250
TN_NADA_2016_069503,TN_NADA_2016,1,f81f13edd87ce03e
TN_NADA_2016_000017,TN_NADA_2016,2,be103644df1a4dcb
TN_NADA_2016_069697,TN_NADA_2016,1,e645ab873fd4368c
TN_NADA_2016_030778,TN_NADA_2016,1,aa51700971399be8
TN_NADA_2016_051813,TN_NADA_2016,1,ad6a8a9ab065e374
TN_NADA_2016_018452,TN_NADA_2016,2,2d9d06a0c1d91700
TN_NADA_2016_000089,TN_NADA_2016,1,0ec470913d874d80
TN_NADA_2016_017021,TN_NADA_2016,1,16ffc84252578a03
TN_NADA_2016_000018,TN_NADA_2016,1,cbfc26adac8151ac
TN_NADA_2016_017007,TN_NADA_2016,2,a7c00a9146f41941
TN_NADA_2016_096335,TN_NADA_2016,1,d9b53889035c9173
TN_NADA_2016_000735,TN_NADA_2016,1,07da3c0bd1f12b96
TN_NADA_2016_000835,TN_NADA_2016,1,17a8cc477f2feb23
TN_NADA_2016_011146,TN_NADA_2016,1,a605abd839de2eab
TN_NADA_2016_030779,TN_NADA_2016,1,9f18634673fda7a1
TN_NADA_2016_002062,TN_NADA_2016,1,921588c4764f3345
TN_NADA_2016_054607,TN_NADA_2016,1,cad08f238e044910
TN_NADA_2016_005142,TN_NADA_2016,1,c847ce9badd5bf44
TN_NADA_2016_020019,TN_NADA_2016,1,ea5c190c4e876e3f
TN_NADA_2016_102775,TN_NADA_2016,1,3c478072c32f199c
TN_NADA_2016_059567,TN_NADA_2016,1,e09ad7952ce16932
TN_NADA_2016_048055,TN_NADA_2016,1,95a5c572ee6657fc
TN_NADA_2016_048133,TN_NADA_2016,1,9ddab29326b3d7b4
TN_NADA_2016_085427,TN_NADA_2016,1,870cca0ee5f7de19
TN_NADA_2016_032953,TN_NADA_2016,1,869b882d4baeb5e9
TN_NADA_2016_051886,TN_NADA_2016,1,bf561f2d355f4b00
TN_NADA_2016_097214,TN_NADA_2016,1,8c7a136cd010c6bf
TN_NADA_2016_002215,TN_NADA_2016,1,aa9122d20ea3f912
TN_NADA_2016_072352,TN_NADA_2016,1,03957e9ddd2ff35a
TN_NADA_2016_097259,TN_NADA_2016,1,0dd09b5df944dbf0
TN_NADA_2016_054685,TN_NADA_2016,1,bc8fce4f9dc9abbb
TN_NADA_2016_005212,TN_NADA_2016,1,4e5883a3f92b0821
TN_NADA_2016_059537,TN_NADA_2016,1,bbd7f52a6d37737b
TN_NADA_2016_090709,TN_NADA_2016,1,146ab2c7a92920e0
TN_NADA_2016_011993,TN_NADA_2016,1,a0ad033db726c4ed
TN_NADA_2016_090661,TN_NADA_2016,1,c2c98dc810813dcb
TN_NADA_2016_083333,TN_NADA_2016,2,15c6f21ee10f19cf
TN_NADA_2016_064944,TN_NADA_2016,1,c47ec5faa87a997b
TN_NADA_2016_107915,TN_NADA_2016,1,3cea887cdabce50e
TN_NADA_2016_017009,TN_NADA_2016,1,9a5dbed60d2c92e9
TN_NADA_2016_029846,TN_NADA_2016,1,937b49326f5d80dd
TN_NADA_2016_002223,TN_NADA_2016,1,7e9e2c356a16d3c6
TN_NADA_2016_030782,TN_NADA_2016,1,f450f7cf257ff413
TN_NADA_2016_002066,TN_NADA_2016,1,43713d23337de8dd
TN_NADA_2016_005219,TN_NADA_2016,1,7098f6157cad620b
TN_NADA_2016_011999,TN_NADA_2016,1,f90339c1a9360910
TN_NADA_2016_044089,TN_NADA_2016,1,2196e38c0f10fa0c
TN_NADA_2016_064524,TN_NADA_2016,1,6f40738119f2fc15
TN_NADA_2016_104140,TN_NADA_2016,2,ef96714ddc1d6fe9
TN_NADA_2016_104204,TN_NADA_2016,1,d39bca08cf7494dd
TN_NADA_2016_048082,TN_NADA_2016,1,2b8ad1ffd3e8cde6
TN_NADA_2016_085432,TN_NADA_2016,2,c945c1a634a8d023
TN_NADA_2016_010711,TN_NADA_2016,2,71411976ded549b0
TN_NADA_2016_030763,TN_NADA_2016,1,296fa6d9601e78f9
TN_NADA_2016_002230,TN_NADA_2016,1,bcce089290296811
TN_NADA_2016_030786,TN_NADA_2016,1,8abd2faa45d9b8f2
TN_NADA_2016_018457,TN_NADA_2016,1,47d0a3fbcacacca2
TN_NADA_2016_012001,TN_NADA_2016,1,252d7207f6450a26
TN_NADA_2016_102778,TN_NADA_2016,1,bc69a5634e53d786
TN_NADA_2016_064530,TN_NADA_2016,1,8a159ec8c04244fe
TN_NADA_2016_092048,TN_NADA_2016,1,3fbebeb6bc9244cd
TN_NADA_2016_085419,TN_NADA_2016,1,15d81cd4caa507b1
TN_NADA_2016_008543,TN_NADA_2016,1,d7420ef849b9b64b
TN_NADA_2016_010341,TN_NADA_2016,2,13d6be3ac0f5b8a9
TN_NADA_2016_030096,TN_NADA_2016,1,49c42baa343a421d
TN_NADA_2016_096346,TN_NADA_2016,1,845446631949e764
TN_NADA_2016_000739,TN_NADA_2016,1,1cf8dea1bf9b7d26
TN_NADA_2016_000751,TN_NADA_2016,1,60880602d668aa7d
TN_NADA_2016_017796,TN_NADA_2016,2,102b38becb314744
TN_NADA_2016_030787,TN_NADA_2016,1,07ab13b04af12e68
TN_NADA_2016_011641,TN_NADA_2016,1,003d02057b610fb9
TN_NADA_2016_018458,TN_NADA_2016,1,e806b673ce9e872d
TN_NADA_2016_088292,TN_NADA_2016,1,55110949af178f12
TN_NADA_2016_098662,TN_NADA_2016,1,acecec4d5ddc8fbe
TN_NADA_2016_005226,TN_NADA_2016,1,8010e10646079c7a
TN_NADA_2016_012003,TN_NADA_2016,2,04a7f45840bcc87b
TN_NADA_2016_039145,TN_NADA_2016,1,e740a951639cca6a
TN_NADA_2016_020002,TN_NADA_2016,1,886161fa46656609
TN_CHENNAI_FLOOD_2021_004992,TN_CHENNAI_FLOOD_2021,0,3ddaa24272978d59
TN_CHENNAI_FLOOD_2021_198165,TN_CHENNAI_FLOOD_2021,0,3206da63bcb3723d
TN_CHENNAI_FLOOD_2021_128750,TN_CHENNAI_FLOOD_2021,0,5d34fa91b2e62987
TN_CHENNAI_FLOOD_2021_158533,TN_CHENNAI_FLOOD_2021,0,42c35288b7523a88
TN_CHENNAI_FLOOD_2021_005008,TN_CHENNAI_FLOOD_2021,0,765841a2edf20089
TN_CHENNAI_FLOOD_2021_116075,TN_CHENNAI_FLOOD_2021,0,7e64ec8cb71161b2
TN_CHENNAI_FLOOD_2021_082051,TN_CHENNAI_FLOOD_2021,0,d7b669785eb5b9a4
TN_CHENNAI_FLOOD_2021_066397,TN_CHENNAI_FLOOD_2021,0,4a2c535c91090926
TN_CHENNAI_FLOOD_2021_076277,TN_CHENNAI_FLOOD_2021,0,2631bb7bd69d03fc
TN_CHENNAI_FLOOD_2021_031751,TN_CHENNAI_FLOOD_2021,0,09f33a961ac8f485
TN_CHENNAI_FLOOD_2021_111165,TN_CHENNAI_FLOOD_2021,0,bff6714de75a7878
TN_CHENNAI_FLOOD_2021_158507,TN_CHENNAI_FLOOD_2021,0,84ccd4ece6b5e5b7
TN_CHENNAI_FLOOD_2021_116093,TN_CHENNAI_FLOOD_2021,0,f23c36ee59091580
TN_CHENNAI_FLOOD_2021_138699,TN_CHENNAI_FLOOD_2021,0,bd2833e68b884818
TN_CHENNAI_FLOOD_2021_000041,TN_CHENNAI_FLOOD_2021,0,dc9c17a4a6ac8c44
TN_CHENNAI_FLOOD_2021_086166,TN_CHENNAI_FLOOD_2021,0,7005761609ce1fba
TN_CHENNAI_FLOOD_2021_071278,TN_CHENNAI_FLOOD_2021,0,29a1f4c6e437735a
TN_CHENNAI_FLOOD_2021_116071,TN_CHENNAI_FLOOD_2021,0,ba3a629e5c588e50
TN_CHENNAI_FLOOD_2021_081225,TN_CHENNAI_FLOOD_2021,0,c12ecc16ea870461
TN_CHENNAI_FLOOD_2021_056460,TN_CHENNAI_FLOOD_2021,0,08f384467ec72790
TN_CHENNAI_FLOOD_2021_203008,TN_CHENNAI_FLOOD_2021,0,71a9d173652e98ac
TN_CHENNAI_FLOOD_2021_071292,TN_CHENNAI_FLOOD_2021,0,fee20c76d28bd1d6
TN_CHENNAI_FLOOD_2021_066354,TN_CHENNAI_FLOOD_2021,0,5dd14a4cb1c45103
TN_CHENNAI_FLOOD_2021_000061,TN_CHENNAI_FLOOD_2021,0,9a636eb3fe9f4311
TN_CHENNAI_FLOOD_2021_183187,TN_CHENNAI_FLOOD_2021,0,30a6588f2d883154
TN_CHENNAI_FLOOD_2021_143924,TN_CHENNAI_FLOOD_2021,0,bb82830efd45a8bf
TN_CHENNAI_FLOOD_2021_106321,TN_CHENNAI_FLOOD_2021,0,b5c6b3a251b2e2b8
TN_CHENNAI_FLOOD_2021_206167,TN_CHENNAI_FLOOD_2021,0,ab160925c18f8a51
TN_CHENNAI_FLOOD_2021_021847,TN_CHENNAI_FLOOD_2021,0,f5c0a113bda04eba
TN_CHENNAI_FLOOD_2021_000111,TN_CHENNAI_FLOOD_2021,0,745cb15add36da87
TN_CHENNAI_FLOOD_2021_000018,TN_CHENNAI_FLOOD_2021,0,5dc73b29acb4f949
TN_CHENNAI_FLOOD_2021_101272,TN_CHENNAI_FLOOD_2021,0,d7c494c12a4fec96
TN_CHENNAI_FLOOD_2021_009976,TN_CHENNAI_FLOOD_2021,0,9d20051aee7cfabe
TN_CHENNAI_FLOOD_2021_123802,TN_CHENNAI_FLOOD_2021,0,c75e78f14fbc03d2
TN_CHENNAI_FLOOD_2021_091106,TN_CHENNAI_FLOOD_2021,0,a3338f9ec80b5a69
TN_CHENNAI_FLOOD_2021_206171,TN_CHENNAI_FLOOD_2021,0,12ac6b81d5ee4fb5
TN_CHENNAI_FLOOD_2021_005063,TN_CHENNAI_FLOOD_2021,0,b0a67449518e290f
TN_CHENNAI_FLOOD_2021_000114,TN_CHENNAI_FLOOD_2021,0,52b0ea84b5452add
TN_CHENNAI_FLOOD_2021_010007,TN_CHENNAI_FLOOD_2021,0,bfcba7dd86196982
TN_CHENNAI_FLOOD_2021_133820,TN_CHENNAI_FLOOD_2021,0,63012257c85d43a3
TN_CHENNAI_FLOOD_2021_111240,TN_CHENNAI_FLOOD_2021,0,d652c85d1e9c7b5a
TN_CHENNAI_FLOOD_2021_144303,TN_CHENNAI_FLOOD_2021,0,51a842abdafb3211
TN_CHENNAI_FLOOD_2021_143747,TN_CHENNAI_FLOOD_2021,0,dc9fcf8946038800
TN_CHENNAI_FLOOD_2021_014966,TN_CHENNAI_FLOOD_2021,0,2f2e1535f1f29514
TN_CHENNAI_FLOOD_2021_198078,TN_CHENNAI_FLOOD_2021,0,1973c331e07d9b14
TN_CHENNAI_FLOOD_2021_019896,TN_CHENNAI_FLOOD_2021,0,fea12fc1271fc245
TN_CHENNAI_FLOOD_2021_073784,TN_CHENNAI_FLOOD_2021,0,ad57d6bf56d3094e
TN_CHENNAI_FLOOD_2021_091127,TN_CHENNAI_FLOOD_2021,0,274ab3eb9df598e0
TN_CHENNAI_FLOOD_2021_106162,TN_CHENNAI_FLOOD_2021,0,fce85525f71a7421
TN_CHENNAI_FLOOD_2021_010050,TN_CHENNAI_FLOOD_2021,0,58ab88fcc7c18e91
TN_CHENNAI_FLOOD_2021_138700,TN_CHENNAI_FLOOD_2021,0,a8f554c0441bccec
TN_CHENNAI_FLOOD_2021_101191,TN_CHENNAI_FLOOD_2021,0,85010f3b06da400b
TN_CHENNAI_FLOOD_2021_183200,TN_CHENNAI_FLOOD_2021,0,4af87cb0d8339c95
TN_CHENNAI_FLOOD_2021_019951,TN_CHENNAI_FLOOD_2021,0,35dce69f4ee65bd4
TN_CHENNAI_FLOOD_2021_101190,TN_CHENNAI_FLOOD_2021,0,332922834d87aeac
TN_CHENNAI_FLOOD_2021_005009,TN_CHENNAI_FLOOD_2021,0,3bd9c5b64a8d1f76
TN_FENGAL_2024_000022,TN_FENGAL_2024,0,6d2e0a89970cb2da
TN_FENGAL_2024_118766,TN_FENGAL_2024,0,3eec86486c330355
TN_FENGAL_2024_045573,TN_FENGAL_2024,0,dd49b50d5e576718
TN_FENGAL_2024_004083,TN_FENGAL_2024,0,2a22900f3e02f037
TN_FENGAL_2024_102678,TN_FENGAL_2024,0,a8653881adebe7bd
TN_FENGAL_2024_081019,TN_FENGAL_2024,0,ea8c77d4c99cf325
TN_FENGAL_2024_074257,TN_FENGAL_2024,0,489adeb5ea24ab05
TN_FENGAL_2024_003044,TN_FENGAL_2024,0,9cd42a5bde29566e
TN_FENGAL_2024_054636,TN_FENGAL_2024,0,2e205bc9d9a6100d
TN_FENGAL_2024_123836,TN_FENGAL_2024,0,7819b805cb6d4ea6
TN_FENGAL_2024_004087,TN_FENGAL_2024,0,1d0696ee77a68035
TN_FENGAL_2024_068925,TN_FENGAL_2024,0,29d9c89b5fcfabb8
TN_FENGAL_2024_079156,TN_FENGAL_2024,0,26950c2151e3f982
TN_FENGAL_2024_022110,TN_FENGAL_2024,0,554e33bc76508832
TN_FENGAL_2024_102547,TN_FENGAL_2024,0,d7b34d8ab88e4212
TN_FENGAL_2024_119513,TN_FENGAL_2024,0,f6ad76a1ac104ccf
TN_FENGAL_2024_121634,TN_FENGAL_2024,0,25c7e2b12507bac6
TN_FENGAL_2024_090897,TN_FENGAL_2024,0,16561ee366acec80
TN_FENGAL_2024_004294,TN_FENGAL_2024,0,562141aa11e4b437
TN_FENGAL_2024_005289,TN_FENGAL_2024,0,a7f0d98e13918f15
TN_FENGAL_2024_040559,TN_FENGAL_2024,0,49bdf0365f8ce4ee
TN_FENGAL_2024_069255,TN_FENGAL_2024,0,48ad1c8df23eb349
TN_FENGAL_2024_051703,TN_FENGAL_2024,0,d5b62a602ef26bdf
TN_FENGAL_2024_132734,TN_FENGAL_2024,0,c69d6a21db62d718
TN_FENGAL_2024_069250,TN_FENGAL_2024,0,6517a1c131333813
TN_FENGAL_2024_132810,TN_FENGAL_2024,0,12396e90321a59ab
TN_FENGAL_2024_045727,TN_FENGAL_2024,0,2c574c2cfe2bd602
TN_FENGAL_2024_054349,TN_FENGAL_2024,0,330552711606b278
TN_FENGAL_2024_111587,TN_FENGAL_2024,0,d218bafa5728a235
TN_FENGAL_2024_100790,TN_FENGAL_2024,0,af968e574082ccc7
TN_FENGAL_2024_118764,TN_FENGAL_2024,0,2c843e26b18e33c6
TN_FENGAL_2024_059343,TN_FENGAL_2024,0,66a2730a6b14ae09
TN_FENGAL_2024_133725,TN_FENGAL_2024,0,2c19c0ab8aebf388
TN_FENGAL_2024_133856,TN_FENGAL_2024,0,3e82a08af0ded012
TN_FENGAL_2024_091140,TN_FENGAL_2024,0,9ec7492566548a01
TN_FENGAL_2024_121052,TN_FENGAL_2024,0,3923b586ca67152c
TN_FENGAL_2024_104058,TN_FENGAL_2024,0,c608042e86dd044d
TN_FENGAL_2024_060257,TN_FENGAL_2024,0,9c9e236de307a6ab
TN_FENGAL_2024_132812,TN_FENGAL_2024,0,9f1ba6ef0934a7ba
TN_FENGAL_2024_079406,TN_FENGAL_2024,0,aa344c83c4633d6c
TN_FENGAL_2024_102512,TN_FENGAL_2024,0,0c35cc2a0b148d2e
TN_FENGAL_2024_000009,TN_FENGAL_2024,0,2542ca323e4eb30d
TN_FENGAL_2024_133728,TN_FENGAL_2024,0,c812b62635e9847d
TN_FENGAL_2024_081167,TN_FENGAL_2024,0,8c15a8c5869abed4
TN_FENGAL_2024_000057,TN_FENGAL_2024,0,464af7c4e19962a4
TN_FENGAL_2024_015738,TN_FENGAL_2024,0,b58e45d4593164bd
TN_FENGAL_2024_069232,TN_FENGAL_2024,0,77764c51e325507f
TN_FENGAL_2024_004111,TN_FENGAL_2024,0,f2cd04c7320c1c8d
TN_FENGAL_2024_017080,TN_FENGAL_2024,0,81d12d2d829bd74a
TN_FENGAL_2024_017079,TN_FENGAL_2024,0,e2632e7ed532ac84
TN_FENGAL_2024_133722,TN_FENGAL_2024,0,102b4aa2dd06cb02
TN_FENGAL_2024_000033,TN_FENGAL_2024,0,8831c30c35ece330
TN_FENGAL_2024_119508,TN_FENGAL_2024,0,7753c756d026f5a4
TN_FENGAL_2024_031140,TN_FENGAL_2024,0,f2d07665c46818a7
TN_FENGAL_2024_036221,TN_FENGAL_2024,0,9ed9510be752cf81
TN_FENGAL_2024_004124,TN_FENGAL_2024,0,617bb8ca8299a0a8
TN_FENGAL_2024_108916,TN_FENGAL_2024,0,e1f6b4eeb783d078
TN_FENGAL_2024_051700,TN_FENGAL_2024,0,9e72407ae6eb7322
TN_FENGAL_2024_118762,TN_FENGAL_2024,0,aac023bf8fc724f9
TN_FENGAL_2024_125777,TN_FENGAL_2024,0,fd4f1935a68ab1a2
TN_FENGAL_2024_008888,TN_FENGAL_2024,0,c9d90e950a1860e7
TN_FENGAL_2024_052574,TN_FENGAL_2024,0,7ca8833f72afa1f9
TN_FENGAL_2024_103979,TN_FENGAL_2024,0,185b1fa351c5dac8
TN_FENGAL_2024_090931,TN_FENGAL_2024,0,af4788a23f8c8da7
TN_FENGAL_2024_000002,TN_FENGAL_2024,0,fdf8acca4cb7903b
TN_FENGAL_2024_004096,TN_FENGAL_2024,0,1388ddeeac031503
TN_FENGAL_2024_125774,TN_FENGAL_2024,0,4d1fdc7c3d2173fd
TN_FENGAL_2024_022104,TN_FENGAL_2024,0,0b8b63bdb1aa51ee
TN_FENGAL_2024_031147,TN_FENGAL_2024,0,59c7b583a508f683
TN_FENGAL_2024_133716,TN_FENGAL_2024,0,6a9259fdd26f0214
TN_FENGAL_2024_004132,TN_FENGAL_2024,0,f2439f2a0901876b
TN_FENGAL_2024_009848,TN_FENGAL_2024,0,bf2532c98fc5c307
TN_FENGAL_2024_009806,TN_FENGAL_2024,0,ddd88bcf0805d603
TN_FENGAL_2024_102594,TN_FENGAL_2024,0,122fd2a567207a81
TN_FENGAL_2024_005294,TN_FENGAL_2024,0,c82024b1b3e4e703
TN_FENGAL_2024_118753,TN_FENGAL_2024,0,0d40a0de08cba023
TN_FENGAL_2024_059319,TN_FENGAL_2024,0,69cc18ee2c83d016
TN_FENGAL_2024_002939,TN_FENGAL_2024,0,5059dee223951cf4
TN_FENGAL_2024_010408,TN_FENGAL_2024,0,f273a282e2c4de59
TN_FENGAL_2024_119511,TN_FENGAL_2024,0,0eb027df780c458f
TN_FENGAL_2024_000054,TN_FENGAL_2024,0,198fec246b9c6a4b
TN_FENGAL_2024_136888,TN_FENGAL_2024,0,ced1768a14a43344
TN_FENGAL_2024_136880,TN_FENGAL_2024,0,67a9ebf93b1abc9e
TN_FENGAL_2024_000050,TN_FENGAL_2024,0,aba616bc1667f2d7
TN_FENGAL_2024_085973,TN_FENGAL_2024,0,ca907d482ae1b42e
TN_FENGAL_2024_015697,TN_FENGAL_2024,0,a5d6d4c8231c90c2
TN_FENGAL_2024_005794,TN_FENGAL_2024,0,9276f80a102c509d
TN_FENGAL_2024_015735,TN_FENGAL_2024,0,2fc470f79d52888f
TN_FENGAL_2024_118757,TN_FENGAL_2024,0,278982066a574192
TN_FENGAL_2024_140323,TN_FENGAL_2024,0,69289f2b57b87a43
TN_FENGAL_2024_085988,TN_FENGAL_2024,0,4c1c37393134e21b
TN_FENGAL_2024_000042,TN_FENGAL_2024,0,ce5cba8cb98c5c87
TN_FENGAL_2024_131929,TN_FENGAL_2024,0,8381ccd91b40431d
TN_FENGAL_2024_003026,TN_FENGAL_2024,0,62876d2b98063913
TN_FENGAL_2024_100988,TN_FENGAL_2024,0,c28254ecbf9e9b25
TN_FENGAL_2024_003066,TN_FENGAL_2024,0,97b0255251653afc
TN_FENGAL_2024_022118,TN_FENGAL_2024,0,81df951c5175f7c7
TN_FENGAL_2024_015668,TN_FENGAL_2024,0,b9abb9567fc1c45c
TN_FENGAL_2024_005295,TN_FENGAL_2024,0,d37f873a8e0278c5
TN_FENGAL_2024_100974,TN_FENGAL_2024,0,263a4646d83bf7c2
TN_FENGAL_2024_004116,TN_FENGAL_2024,1,48d754cebab6ee13
TN_FENGAL_2024_108947,TN_FENGAL_2024,1,006f1228cbde573f
TN_FENGAL_2024_113818,TN_FENGAL_2024,1,8c16a3ed5c90d19b
TN_FENGAL_2024_013342,TN_FENGAL_2024,1,58220541838322b5
TN_FENGAL_2024_040549,TN_FENGAL_2024,1,91e9d9859f8be8e8
TN_FENGAL_2024_081136,TN_FENGAL_2024,1,ab3254e174c16b52
TN_FENGAL_2024_008896,TN_FENGAL_2024,1,00faaa4fe67d6db9
TN_FENGAL_2024_086016,TN_FENGAL_2024,1,102aef9b933b49fe
TN_FENGAL_2024_095887,TN_FENGAL_2024,1,51e119d542aecfe1
TN_FENGAL_2024_022106,TN_FENGAL_2024,1,41b776d2b8300126
TN_FENGAL_2024_054384,TN_FENGAL_2024,1,6ca5e8d0a88420af
TN_FENGAL_2024_022126,TN_FENGAL_2024,1,28a0c431ce5cafb7
TN_FENGAL_2024_005296,TN_FENGAL_2024,1,670685ff83f6ed7c
TN_FENGAL_2024_132697,TN_FENGAL_2024,1,d10f150c3384b12d
TN_FENGAL_2024_027483,TN_FENGAL_2024,1,9b5ed239c9e0f32a
TN_FENGAL_2024_102641,TN_FENGAL_2024,2,5cd75895b7ef90de
TN_FENGAL_2024_121575,TN_FENGAL_2024,2,4eed8128a135892a
TN_FENGAL_2024_052564,TN_FENGAL_2024,2,7be22b8e345a9d8e
TN_FENGAL_2024_004115,TN_FENGAL_2024,2,5c9b92adbd4ff0d0
TN_FENGAL_2024_134586,TN_FENGAL_2024,2,65da664f0070103f
TN_NADA_2016_019981,TN_NADA_2016,0,9c6fd2f479f6b3b5
TN_NADA_2016_085394,TN_NADA_2016,0,9902aafeb3f6d661
TN_NADA_2016_000007,TN_NADA_2016,0,f39c0989cda4ef08
TN_NADA_2016_059566,TN_NADA_2016,0,d35d2da4c6132494
TN_NADA_2016_051802,TN_NADA_2016,0,cf36459d1adbcdb6
TN_NADA_2016_033682,TN_NADA_2016,0,966a505a7a1b77f0
TN_NADA_2016_078676,TN_NADA_2016,0,ba563b92bd890c69
TN_NADA_2016_037296,TN_NADA_2016,0,ba0d5fd5b21d5268
TN_NADA_2016_008594,TN_NADA_2016,0,117417150ee9e32a
TN_NADA_2016_039146,TN_NADA_2016,0,9805aa04c9f0353f
TN_NADA_2016_000008,TN_NADA_2016,0,5b4e3076d91e0e57
TN_NADA_2016_030780,TN_NADA_2016,0,90e4c61944473aa7
TN_NADA_2016_010213,TN_NADA_2016,0,abbfb70605f1fb96
TN_NADA_2016_091821,TN_NADA_2016,0,d388c42059872065
TN_NADA_2016_002073,TN_NADA_2016,0,519ae68a93381375
TN_NADA_2016_051789,TN_NADA_2016,0,eab322abe3a6a380
TN_NADA_2016_059529,TN_NADA_2016,0,3475a687f2382c11
TN_NADA_2016_000012,TN_NADA_2016,0,283eab3304c727f1
TN_NADA_2016_054612,TN_NADA_2016,0,3ae4df1ec7aae0cd
TN_NADA_2016_069603,TN_NADA_2016,0,19df0240f853e64b
TN_NADA_2016_000010,TN_NADA_2016,0,2b5f236c0484e2ac
TN_NADA_2016_000740,TN_NADA_2016,0,efe841eef50ac812
TN_NADA_2016_011984,TN_NADA_2016,0,d5ad5245ec6fa152
TN_NADA_2016_090667,TN_NADA_2016,0,305b59d3316d08b9
TN_NADA_2016_097252,TN_NADA_2016,0,7e0dff00d052919a
TN_NADA_2016_086377,TN_NADA_2016,0,14545bd08afd7d6b
TN_NADA_2016_092037,TN_NADA_2016,0,bcd6c164cce3c278
TN_NADA_2016_069501,TN_NADA_2016,0,7a4d44669a0782f1
TN_NADA_2016_000021,TN_NADA_2016,0,c115e1bf45cf6a68
TN_NADA_2016_030759,TN_NADA_2016,0,3bba4854b4009633
TN_NADA_2016_005181,TN_NADA_2016,0,fc8591e6eb7bfd21
TN_NADA_2016_000035,TN_NADA_2016,0,96fd6335cfa55e20
TN_NADA_2016_088285,TN_NADA_2016,0,19632d280f3fd196
TN_NADA_2016_018455,TN_NADA_2016,0,f2bf3ad689ddb141
TN_NADA_2016_051824,TN_NADA_2016,0,afe2d2354e7b8db0
TN_NADA_2016_029930,TN_NADA_2016,0,7bbd9663cb8ef133
TN_NADA_2016_059607,TN_NADA_2016,0,c1aa929f89d91e4e
TN_NADA_2016_090669,TN_NADA_2016,0,25a88739d2ac9992
TN_NADA_2016_024988,TN_NADA_2016,0,64944a5f4f9add5f
TN_NADA_2016_064977,TN_NADA_2016,0,6bae00f8b14b0d7a
TN_NADA_2016_017032,TN_NADA_2016,0,dcfca56e721cad67
TN_NADA_2016_059608,TN_NADA_2016,0,fb18c2d472f2a85c
TN_NADA_2016_000111,TN_NADA_2016,0,20d0450907b2c3df
TN_NADA_2016_059561,TN_NADA_2016,0,f381bf3b6cbb1bb8
TN_NADA_2016_064850,TN_NADA_2016,0,210e987dc3701370
TN_NADA_2016_012005,TN_NADA_2016,0,e58433e19defe3eb
TN_NADA_2016_010304,TN_NADA_2016,0,8ef1f6d01d927577
TN_NADA_2016_029844,TN_NADA_2016,0,c32a0f008d476c2c
TN_NADA_2016_005240,TN_NADA_2016,0,d9b1a4bab60bbe8a
TN_NADA_2016_097207,TN_NADA_2016,0,7df7d17194c73b7c
TN_NADA_2016_102772,TN_NADA_2016,0,2a5c1f4ad8c7c395
TN_NADA_2016_072374,TN_NADA_2016,0,cb619904f9566239
TN_NADA_2016_011074,TN_NADA_2016,0,f39f5e152d311ca7
TN_NADA_2016_000738,TN_NADA_2016,0,c1af3a2779cd97c1
TN_NADA_2016_011163,TN_NADA_2016,0,a056649bb73ca273
TN_NADA_2016_086406,TN_NADA_2016,0,37d95d6b9657a09a
TN_NADA_2016_098661,TN_NADA_2016,0,6834087f63a3503c
TN_NADA_2016_005202,TN_NADA_2016,0,8814ef4ea80a1261
TN_NADA_2016_000001,TN_NADA_2016,0,c356f9ee602acd61
TN_NADA_2016_073923,TN_NADA_2016,0,e868d92acdc1b32c
TN_NADA_2016_039134,TN_NADA_2016,0,3f883bbd14e14eb9
TN_NADA_2016_102768,TN_NADA_2016,0,83dc55259723e94a
TN_NADA_2016_005190,TN_NADA_2016,0,ca6125950bd89b98
TN_NADA_2016_059593,TN_NADA_2016,0,bc574dc4faf29455
TN_NADA_2016_017841,TN_NADA_2016,0,0185427acffa2e09
TN_NADA_2016_030772,TN_NADA_2016,0,ac179e41a1cfd30c
TN_NADA_2016_039131,TN_NADA_2016,0,b9f0df6c8e677a8a
TN_NADA_2016_005166,TN_NADA_2016,0,b60d840b3532b6d2
TN_NADA_2016_054731,TN_NADA_2016,0,f28b3d2879fb354b
TN_NADA_2016_097242,TN_NADA_2016,0,e74cf4282db18dd4
TN_NADA_2016_048067,TN_NADA_2016,0,21c5d02cee85ce83
TN_NADA_2016_002075,TN_NADA_2016,0,a8a26b51a5d04452
TN_NADA_2016_073893,TN_NADA_2016,0,f73b59fc422faffd
TN_NADA_2016_104153,TN_NADA_2016,0,a837a14b2cb29d2f
TN_NADA_2016_011314,TN_NADA_2016,0,52baa1bfc08fdf6a
TN_NADA_2016_005177,TN_NADA_2016,0,57a5eb51370bca7a
TN_NADA_2016_024983,TN_NADA_2016,0,c8479db30e7a4666
TN_NADA_2016_091998,TN_NADA_2016,0,1bac3b3c6637f809
TN_NADA_2016_090653,TN_NADA_2016,0,818bfdbcea63f443
TN_NADA_2016_059612,TN_NADA_2016,0,84fecec6e5dba811
TN_NADA_2016_084387,TN_NADA_2016,0,a3de510263ec5ef2
TN_NADA_2016_059575,TN_NADA_2016,0,4b14b0991eae1554
TN_NADA_2016_078638,TN_NADA_2016,0,a98611734b8ab516
TN_NADA_2016_098632,TN_NADA_2016,0,acb5a99745acc36b
TN_NADA_2016_059580,TN_NADA_2016,0,d74a85f0c38df160
TN_NADA_2016_051835,TN_NADA_2016,0,11c84df06c0b303a
TN_NADA_2016_039129,TN_NADA_2016,0,66685af8301c35ce
TN_NADA_2016_011997,TN_NADA_2016,0,cb3b49bf5be7e932
TN_NADA_2016_029843,TN_NADA_2016,0,239f48d0f2d8ebbb
TN_NADA_2016_091996,TN_NADA_2016,0,2a3242b82a711ea7
TN_NADA_2016_011408,TN_NADA_2016,0,50ef7da02079effe
TN_NADA_2016_090674,TN_NADA_2016,0,ee33e009c94d22c0
TN_NADA_2016_009562,TN_NADA_2016,0,e5307efb1cb20482
TN_NADA_2016_005208,TN_NADA_2016,0,89d723d087cfc56e
TN_NADA_2016_005149,TN_NADA_2016,0,c254969cdf78b16c
TN_NADA_2016_054624,TN_NADA_2016,0,ed3ddab65515a028
TN_NADA_2016_051787,TN_NADA_2016,0,43058c4db1b48f11
TN_NADA_2016_091829,TN_NADA_2016,0,d16c3f9c74e01a3c
TN_NADA_2016_002113,TN_NADA_2016,0,22c674616880c3ae
TN_NADA_2016_029940,TN_NADA_2016,0,20e4f3063ca1a79a
TN_NADA_2016_059528,TN_NADA_2016,1,43e28a9cda5b93ad
TN_NADA_2016_054684,TN_NADA_2016,1,542bf9f8e5c8995e
TN_NADA_2016_017008,TN_NADA_2016,1,d099c762419e5210
TN_NADA_2016_002176,TN_NADA_2016,1,8a94ef79f77fdc68
TN_NADA_2016_090695,TN_NADA_2016,1,2e7fa33dccc18562
TN_NADA_2016_002072,TN_NADA_2016,1,5b1147aac57e8c70
TN_NADA_2016_048080,TN_NADA_2016,1,5fff43798af04a7e
TN_NADA_2016_051862,TN_NADA_2016,1,1b73b178c5c2903f
TN_NADA_2016_085396,TN_NADA_2016,1,e5e270ec53c6c851
TN_NADA_2016_018446,TN_NADA_2016,1,5db5d2da9b61db98
TN_NADA_2016_002058,TN_NADA_2016,1,443de1857d8f97df
TN_NADA_2016_065072,TN_NADA_2016,1,1cfbf10d51f20718
TN_NADA_2016_000728,TN_NADA_2016,1,80405737a26e1ae2
TN_NADA_2016_072139,TN_NADA_2016,1,0bbfcdc96ae7b46e
TN_NADA_2016_017795,TN_NADA_2016,1,42edfcefd6b66a6a
TN_NADA_2016_005198,TN_NADA_2016,2,b2302ecabb667135
TN_NADA_2016_002060,TN_NADA_2016,2,336908685cddd327
TN_NADA_2016_039141,TN_NADA_2016,2,7ac6a79ac2a97474
TN_NADA_2016_011981,TN_NADA_2016,2,3dce5080f2074070
TN_NADA_2016_011162,TN_NADA_2016,2,3f30b773d6822860
TN_SOUTHERN_FLOOD_2023_103729,TN_SOUTHERN_FLOOD_2023,0,4d846a3817713f40
TN_SOUTHERN_FLOOD_2023_034262,TN_SOUTHERN_FLOOD_2023,0,8b03714e1be8fed7
TN_SOUTHERN_FLOOD_2023_005218,TN_SOUTHERN_FLOOD_2023,0,924d9703630ee6a6
TN_SOUTHERN_FLOOD_2023_126255,TN_SOUTHERN_FLOOD_2023,0,3a45e88180879ae9
TN_SOUTHERN_FLOOD_2023_130434,TN_SOUTHERN_FLOOD_2023,0,9e193ca3e0bc7617
TN_SOUTHERN_FLOOD_2023_168810,TN_SOUTHERN_FLOOD_2023,0,bc5c34113e0db817
TN_SOUTHERN_FLOOD_2023_011042,TN_SOUTHERN_FLOOD_2023,0,036771c48f4912fd
TN_SOUTHERN_FLOOD_2023_000040,TN_SOUTHERN_FLOOD_2023,0,ac43c3ed9fc8571b
TN_SOUTHERN_FLOOD_2023_111760,TN_SOUTHERN_FLOOD_2023,0,a8762d0dc5200583
TN_SOUTHERN_FLOOD_2023_064864,TN_SOUTHERN_FLOOD_2023,0,b181e4ae74b229e3
TN_SOUTHERN_FLOOD_2023_049954,TN_SOUTHERN_FLOOD_2023,0,7845a20a8478a8da
TN_SOUTHERN_FLOOD_2023_159794,TN_SOUTHERN_FLOOD_2023,0,104424d2fe05e27f
TN_SOUTHERN_FLOOD_2023_011052,TN_SOUTHERN_FLOOD_2023,0,6931d14d4c37c3e3
TN_SOUTHERN_FLOOD_2023_011241,TN_SOUTHERN_FLOOD_2023,0,92a7ec29526264ec
TN_SOUTHERN_FLOOD_2023_129080,TN_SOUTHERN_FLOOD_2023,0,e2afdbf2393d7602
TN_SOUTHERN_FLOOD_2023_143657,TN_SOUTHERN_FLOOD_2023,0,1fe138ef143b6724
TN_SOUTHERN_FLOOD_2023_012358,TN_SOUTHERN_FLOOD_2023,0,916f2cddf775d456
TN_SOUTHERN_FLOOD_2023_015581,TN_SOUTHERN_FLOOD_2023,0,3f30e45103d1b802
TN_SOUTHERN_FLOOD_2023_132588,TN_SOUTHERN_FLOOD_2023,0,0001b2738a08dd3a
TN_SOUTHERN_FLOOD_2023_083829,TN_SOUTHERN_FLOOD_2023,0,fd74df1bd3326f67
TN_SOUTHERN_FLOOD_2023_064795,TN_SOUTHERN_FLOOD_2023,0,b4c92d62efa37a3a
TN_SOUTHERN_FLOOD_2023_146979,TN_SOUTHERN_FLOOD_2023,0,3e295876758e7f5a
TN_SOUTHERN_FLOOD_2023_133932,TN_SOUTHERN_FLOOD_2023,0,a0b38fb9d2c70324
TN_SOUTHERN_FLOOD_2023_023938,TN_SOUTHERN_FLOOD_2023,0,63ef9751ee4e392f
TN_SOUTHERN_FLOOD_2023_089305,TN_SOUTHERN_FLOOD_2023,0,3c685fa114e2f835
TN_SOUTHERN_FLOOD_2023_000002,TN_SOUTHERN_FLOOD_2023,0,4ec86b0b99c20c6f
TN_SOUTHERN_FLOOD_2023_111769,TN_SOUTHERN_FLOOD_2023,0,ec7a9a88c536ad4b
TN_SOUTHERN_FLOOD_2023_023913,TN_SOUTHERN_FLOOD_2023,0,4926cb67e361efd5
TN_SOUTHERN_FLOOD_2023_143642,TN_SOUTHERN_FLOOD_2023,0,71610b1505a2f127
TN_SOUTHERN_FLOOD_2023_147878,TN_SOUTHERN_FLOOD_2023,0,a11dfed09dca4a8d
TN_SOUTHERN_FLOOD_2023_000047,TN_SOUTHERN_FLOOD_2023,0,0ba99a16680a649f
TN_SOUTHERN_FLOOD_2023_000012,TN_SOUTHERN_FLOOD_2023,0,83ebf085e668a23d
TN_SOUTHERN_FLOOD_2023_023915,TN_SOUTHERN_FLOOD_2023,0,68485c2d35393d32
TN_SOUTHERN_FLOOD_2023_000101,TN_SOUTHERN_FLOOD_2023,0,46c46cb6947071ee
TN_SOUTHERN_FLOOD_2023_162732,TN_SOUTHERN_FLOOD_2023,0,05b77ef5ba975e9f
TN_SOUTHERN_FLOOD_2023_000009,TN_SOUTHERN_FLOOD_2023,0,adac502d995600e9
TN_SOUTHERN_FLOOD_2023_006650,TN_SOUTHERN_FLOOD_2023,0,8a335044ed819c39
TN_SOUTHERN_FLOOD_2023_134412,TN_SOUTHERN_FLOOD_2023,0,fec27ccf0211de19
TN_SOUTHERN_FLOOD_2023_015583,TN_SOUTHERN_FLOOD_2023,0,51d9c73c493ba4ba
TN_SOUTHERN_FLOOD_2023_013017,TN_SOUTHERN_FLOOD_2023,0,ce70b03068f482f4
TN_SOUTHERN_FLOOD_2023_034281,TN_SOUTHERN_FLOOD_2023,0,a4223ed89124677c
TN_SOUTHERN_FLOOD_2023_049921,TN_SOUTHERN_FLOOD_2023,0,e84649e435ce6f0b
TN_SOUTHERN_FLOOD_2023_105322,TN_SOUTHERN_FLOOD_2023,0,058251dd8bd3b6db
TN_SOUTHERN_FLOOD_2023_014206,TN_SOUTHERN_FLOOD_2023,0,0a0be343ee9ace99
TN_SOUTHERN_FLOOD_2023_167118,TN_SOUTHERN_FLOOD_2023,0,6450efeefde05c2f
TN_SOUTHERN_FLOOD_2023_093201,TN_SOUTHERN_FLOOD_2023,0,58f08c04d7ab095f
TN_SOUTHERN_FLOOD_2023_106936,TN_SOUTHERN_FLOOD_2023,0,aee93990a95c2d75
TN_SOUTHERN_FLOOD_2023_006659,TN_SOUTHERN_FLOOD_2023,0,5ba2fef98c52fe42
TN_SOUTHERN_FLOOD_2023_133986,TN_SOUTHERN_FLOOD_2023,0,81512657536019b7
TN_SOUTHERN_FLOOD_2023_088258,TN_SOUTHERN_FLOOD_2023,0,dee6608628daaa22
TN_SOUTHERN_FLOOD_2023_083448,TN_SOUTHERN_FLOOD_2023,0,9c2feb183d73b6d5
TN_SOUTHERN_FLOOD_2023_121641,TN_SOUTHERN_FLOOD_2023,0,07be5b525a60ad49
TN_SOUTHERN_FLOOD_2023_157882,TN_SOUTHERN_FLOOD_2023,0,b8c741b922d60575
TN_SOUTHERN_FLOOD_2023_157875,TN_SOUTHERN_FLOOD_2023,0,ec9d6dae92d3a73b
TN_SOUTHERN_FLOOD_2023_013139,TN_SOUTHERN_FLOOD_2023,0,f70cbddfd662a91e
TN_SOUTHERN_FLOOD_2023_004435,TN_SOUTHERN_FLOOD_2023,0,1d458aa6ada9fd81
TN_SOUTHERN_FLOOD_2023_147002,TN_SOUTHERN_FLOOD_2023,0,8f7cf95a8a6d718d
TN_SOUTHERN_FLOOD_2023_002321,TN_SOUTHERN_FLOOD_2023,0,161d64730269a335
TN_SOUTHERN_FLOOD_2023_132552,TN_SOUTHERN_FLOOD_2023,0,c3ccedc469280acb
TN_SOUTHERN_FLOOD_2023_004238,TN_SOUTHERN_FLOOD_2023,0,2226b8715435ef52
TN_SOUTHERN_FLOOD_2023_059825,TN_SOUTHERN_FLOOD_2023,0,fc99597ee4e2ad15
TN_SOUTHERN_FLOOD_2023_059840,TN_SOUTHERN_FLOOD_2023,0,95b06385512b7ac8
TN_SOUTHERN_FLOOD_2023_009092,TN_SOUTHERN_FLOOD_2023,0,79bce7e9fcc9eb83
TN_SOUTHERN_FLOOD_2023_128330,TN_SOUTHERN_FLOOD_2023,0,d8eedfee9e4e0a98
TN_SOUTHERN_FLOOD_2023_150045,TN_SOUTHERN_FLOOD_2023,0,df0c7620a06bff84
TN_SOUTHERN_FLOOD_2023_111809,TN_SOUTHERN_FLOOD_2023,0,567eb8611de853e8
TN_SOUTHERN_FLOOD_2023_145925,TN_SOUTHERN_FLOOD_2023,0,659f013901b183bf
TN_SOUTHERN_FLOOD_2023_083497,TN_SOUTHERN_FLOOD_2023,0,15405acd159da819
TN_SOUTHERN_FLOOD_2023_106866,TN_SOUTHERN_FLOOD_2023,0,4c480b9889e31744
TN_SOUTHERN_FLOOD_2023_034260,TN_SOUTHERN_FLOOD_2023,0,bc86bf2a4f03da86
TN_SOUTHERN_FLOOD_2023_019715,TN_SOUTHERN_FLOOD_2023,0,8786598be0731f90
TN_SOUTHERN_FLOOD_2023_005209,TN_SOUTHERN_FLOOD_2023,0,61b0e8e0e0db3b05
TN_SOUTHERN_FLOOD_2023_015843,TN_SOUTHERN_FLOOD_2023,0,901f46ffafb08efe
TN_SOUTHERN_FLOOD_2023_111763,TN_SOUTHERN_FLOOD_2023,0,cd398c44d91911d3
TN_SOUTHERN_FLOOD_2023_003261,TN_SOUTHERN_FLOOD_2023,0,c5c0ac23cbfc4b8d
TN_SOUTHERN_FLOOD_2023_004174,TN_SOUTHERN_FLOOD_2023,0,91210602d5e17d8d
TN_SOUTHERN_FLOOD_2023_064855,TN_SOUTHERN_FLOOD_2023,0,5f7a4f82bbf4245e
TN_SOUTHERN_FLOOD_2023_132788,TN_SOUTHERN_FLOOD_2023,0,f8c68887b37d404f
TN_SOUTHERN_FLOOD_2023_147690,TN_SOUTHERN_FLOOD_2023,0,2d79de996569ec8c
TN_SOUTHERN_FLOOD_2023_121575,TN_SOUTHERN_FLOOD_2023,0,4580e4f351a5e3e4
TN_SOUTHERN_FLOOD_2023_005202,TN_SOUTHERN_FLOOD_2023,0,28ac08c4d79858df
TN_SOUTHERN_FLOOD_2023_147691,TN_SOUTHERN_FLOOD_2023,0,2d8448a6243e8120
TN_SOUTHERN_FLOOD_2023_111787,TN_SOUTHERN_FLOOD_2023,0,9951fda5d9577a22
TN_SOUTHERN_FLOOD_2023_083472,TN_SOUTHERN_FLOOD_2023,0,06ed4a10bf673d88
TN_SOUTHERN_FLOOD_2023_088270,TN_SOUTHERN_FLOOD_2023,0,bf961c9a7145f5c8
TN_SOUTHERN_FLOOD_2023_105187,TN_SOUTHERN_FLOOD_2023,0,0e09864775e9ef56
TN_SOUTHERN_FLOOD_2023_103090,TN_SOUTHERN_FLOOD_2023,0,2a01d908c37c834f
TN_SOUTHERN_FLOOD_2023_088266,TN_SOUTHERN_FLOOD_2023,0,f58ec81eeb485579
TN_SOUTHERN_FLOOD_2023_167115,TN_SOUTHERN_FLOOD_2023,0,7509e6cbbead4614
TN_SOUTHERN_FLOOD_2023_103092,TN_SOUTHERN_FLOOD_2023,0,431a768d5f002da4
TN_SOUTHERN_FLOOD_2023_049920,TN_SOUTHERN_FLOOD_2023,0,47eb8413bc456892
TN_SOUTHERN_FLOOD_2023_005184,TN_SOUTHERN_FLOOD_2023,0,23a1ceac3ee6e1dd
TN_SOUTHERN_FLOOD_2023_106877,TN_SOUTHERN_FLOOD_2023,0,3ff9a454df208141
TN_SOUTHERN_FLOOD_2023_160423,TN_SOUTHERN_FLOOD_2023,0,4ae46de80d0a59fc
TN_SOUTHERN_FLOOD_2023_014291,TN_SOUTHERN_FLOOD_2023,0,ab5510f7c9a970ac
TN_SOUTHERN_FLOOD_2023_078363,TN_SOUTHERN_FLOOD_2023,0,385978a23bdb9fa5
TN_SOUTHERN_FLOOD_2023_000046,TN_SOUTHERN_FLOOD_2023,0,a5cabe2dff1ab069
TN_SOUTHERN_FLOOD_2023_157886,TN_SOUTHERN_FLOOD_2023,0,933bbd5abe0b8cf9
TN_SOUTHERN_FLOOD_2023_156918,TN_SOUTHERN_FLOOD_2023,0,36c9a3d3ab21fbc9
TN_SOUTHERN_FLOOD_2023_045023,TN_SOUTHERN_FLOOD_2023,0,c768d1808a953efc
TN_SOUTHERN_FLOOD_2023_059837,TN_SOUTHERN_FLOOD_2023,1,3be854f46f16c65c
TN_SOUTHERN_FLOOD_2023_005182,TN_SOUTHERN_FLOOD_2023,1,68a63098ddbc7467
TN_SOUTHERN_FLOOD_2023_148085,TN_SOUTHERN_FLOOD_2023,1,6a84877f76701b0f
TN_SOUTHERN_FLOOD_2023_038837,TN_SOUTHERN_FLOOD_2023,1,2ec94f9f5b75abf0
TN_SOUTHERN_FLOOD_2023_147648,TN_SOUTHERN_FLOOD_2023,1,ead7bbaab0f5f4d7
TN_SOUTHERN_FLOOD_2023_068436,TN_SOUTHERN_FLOOD_2023,1,e826e4e8c44faeb6
TN_SOUTHERN_FLOOD_2023_111767,TN_SOUTHERN_FLOOD_2023,1,492c89fa669c2e65
TN_SOUTHERN_FLOOD_2023_014343,TN_SOUTHERN_FLOOD_2023,1,f26f7883a67f7add
TN_SOUTHERN_FLOOD_2023_002882,TN_SOUTHERN_FLOOD_2023,1,7e69e921ec3183cb
TN_SOUTHERN_FLOOD_2023_002255,TN_SOUTHERN_FLOOD_2023,1,a1caede4d8aad0ab
TN_SOUTHERN_FLOOD_2023_045059,TN_SOUTHERN_FLOOD_2023,1,111d48fa175f0992
TN_SOUTHERN_FLOOD_2023_130607,TN_SOUTHERN_FLOOD_2023,1,54a2ffa38482003b
TN_SOUTHERN_FLOOD_2023_000033,TN_SOUTHERN_FLOOD_2023,1,3410dc696fbbe3f8
TN_SOUTHERN_FLOOD_2023_098302,TN_SOUTHERN_FLOOD_2023,1,a691afaf0b84f494
TN_SOUTHERN_FLOOD_2023_160303,TN_SOUTHERN_FLOOD_2023,1,5c0875b8eb0b5a26
TN_SOUTHERN_FLOOD_2023_009030,TN_SOUTHERN_FLOOD_2023,2,9cfe79361eec18f5
TN_SOUTHERN_FLOOD_2023_002350,TN_SOUTHERN_FLOOD_2023,2,568f870e539902c8
TN_SOUTHERN_FLOOD_2023_013129,TN_SOUTHERN_FLOOD_2023,2,907ea05f03a69ede
TN_SOUTHERN_FLOOD_2023_105205,TN_SOUTHERN_FLOOD_2023,2,0c448837bb492d5a
TN_SOUTHERN_FLOOD_2023_005186,TN_SOUTHERN_FLOOD_2023,2,173aec48cfbaa261
