{
  "type": "FeatureCollection",
  "metadata": {
    "source": "OpenStreetMap",
    "source_license": "ODbL",
    "source_url": "https://www.openstreetmap.org/",
    "extracted_at": "2026-09-01T07:33:24Z",
    "building_count": 140,
    "repaired_count": 0,
    "duplicate_count": 0
  },
  "features": [
    {
      "type": "Feature",
      "id": "osm_way_189153205",
      "properties": {
        "osm_id": 189153205,
        "osm_type": "way",
        "amenity": "townhall",
        "building": "yes",
        "name": "Town Hall"
      },
      "geometry": {
        "type": "Polygon",
        "coordinates": [
          [
            [
              79.7636583,
              11.7562882
            ],
            [
              79.7636837,
              11.7564859
            ],
            [
              79.7639074,
              11.7564584
            ],
            [
              79.7639112,
              11.7564874
            ],
            [
              79.7640442,
              11.756471
            ],
            [
              79.7640111,
              11.7562131
            ],
            [
              79.7638751,
              11.7562299
            ],
            [
              79.7638791,
              11.756261
            ],
            [
              79.7636583,
              11.7562882
            ]
          ]
        ]
      }
    },
    {
      "type": "Feature",
      "id": "osm_way_189154477",
      "properties": {
        "osm_id": 189154477,
        "osm_type": "way",
        "addr:postcode": "607001",
        "amenity": "prison",
        "building": "yes",
        "name": "Sub-jail",
        "name:ta": "கிளைச்சிறை"
      },
      "geometry": {
        "type": "Polygon",
        "coordinates": [
          [
            [
              79.7667315,
              11.7554399
            ],
            [
              79.7668119,
              11.7561962
            ],
            [
              79.7663161,
              11.7562373
            ],
            [
              79.7662514,
              11.7555266
            ],
            [
              79.7662809,
              11.7554819
            ],
            [
              79.7667315,
              11.7554399
            ]
          ]
        ]
      }
    },
    {
      "type": "Feature",
      "id": "osm_way_253330366",
      "properties": {
        "osm_id": 253330366,
        "osm_type": "way",
        "addr:housename": "Collector's office",
        "addr:street": "Collector office Road",
        "building": "office",
        "name": "Collector's office (District Headquarters, Cuddalore)"
      },
      "geometry": {
        "type": "Polygon",
        "coordinates": [
          [
            [
              79.7653766,
              11.7554008
            ],
            [
              79.7654515,
              11.755395
            ],
            [
              79.7654652,
              11.7555654
            ],
            [
              79.7659793,
              11.7555257
            ],
            [
              79.7659895,
              11.7556523
            ],
            [
              79.7654831,
              11.7556914
            ],
            [
              79.7654972,
              11.7558664
            ],
            [
              79.7653718,
              11.7558761
            ],
            [
              79.765369,
              11.7558413
            ],
            [
              79.7651723,
              11.7558565
            ],
            [
              79.7652108,
              11.7563346
            ],
            [
              79.7650973,
              11.7563434
            ],
            [
              79.7650316,
              11.7555292
            ],
            [
              79.7653848,
              11.7555019
            ],
            [
              79.7653766,
              11.7554008
            ]
          ]
        ]
      }
    },
    {
      "type": "Feature",
      "id": "osm_way_257602881",
      "properties": {
        "osm_id": 257602881,
        "osm_type": "way",
        "addr:city": "Cuddalore",
        "addr:postcode": "607001",
        "addr:street": "Pudupalayam Main Road",
        "amenity": "place_of_worship",
        "building": "yes",
        "denomination": "vaishnava",
        "name": "Sri Rajagopala swamy Temple",
        "religion": "hindu"
      },
      "geometry": {
        "type": "Polygon",
        "coordinates": [
          [
            [
              79.7631469,
              11.7475033
            ],
            [
              79.7638116,
              11.7475046
            ],
            [
              79.7638111,
              11.7477637
            ],
            [
              79.763672,
              11.7477634
            ],
            [
              79.7636713,
              11.7480877
            ],
            [
              79.7633814,
              11.7480872
            ],
            [
              79.7633822,
              11.7477306
            ],
            [
              79.7631465,
              11.7477301
            ],
            [
              79.7631469,
              11.7475033
            ]
          ]
        ]
      }
    },
    {
      "type": "Feature",
      "id": "osm_way_257923376",
      "properties": {
        "osm_id": 257923376,
        "osm_type": "way",
        "addr:city": "Cuddalore",
        "addr:street": "Rettai pilliyar koil street (RP Koil Street)",
        "amenity": "place_of_worship",
        "building": "yes",
        "denomination": "Saiva",
        "name": "Rettai Pillayar Temple",
        "religion": "hindu"
      },
      "geometry": {
        "type": "Polygon",
        "coordinates": [
          [
            [
              79.7638116,
              11.7475046
            ],
            [
              79.7641603,
              11.7474983
            ],
            [
              79.7641615,
              11.7477602
            ],
            [
              79.7638111,
              11.7477637
            ],
            [
              79.7638116,
              11.7475046
            ]
          ]
        ]
      }
    },
    {
      "type": "Feature",
      "id": "osm_way_257924444",
      "properties": {
        "osm_id": 257924444,
        "osm_type": "way",
        "addr:city": "Puduppalayam",
        "addr:postcode": "607001",
        "addr:street": "Mosque Street",
        "amenity": "place_of_worship",
        "building": "yes",
        "name": "Mosque",
        "religion": "muslim"
      },
      "geometry": {
        "type": "Polygon",
        "coordinates": [
          [
            [
              79.7645108,
              11.7470437
            ],
            [
              79.7647174,
              11.7470415
            ],
            [
              79.7647186,
              11.7471538
            ],
            [
              79.764512,
              11.7471559
            ],
            [
              79.7645108,
              11.7470437
            ]
          ]
        ]
      }
    },
    {
      "type": "Feature",
      "id": "osm_way_360856283",
      "properties": {
        "osm_id": 360856283,
        "osm_type": "way",
        "building": "yes"
      },
      "geometry": {
        "type": "Polygon",
        "coordinates": [
          [
            [
              79.7602397,
              11.7502901
            ],
            [
              79.7602095,
              11.7500665
            ],
            [
              79.7600823,
              11.7500829
            ],
            [
              79.7601014,
              11.7502245
            ],
            [
              79.7600169,
              11.7502229
            ],
            [
              79.759994,
              11.750039
            ],
            [
              79.7598842,
              11.7500521
            ],
            [
              79.7599199,
              11.7503384
            ],
            [
              79.7600297,
              11.7503253
            ],
            [
              79.7600229,
              11.7502705
            ],
            [
              79.7601078,
              11.7502721
            ],
            [
              79.7601125,
              11.7503065
            ],
            [
              79.7602397,
              11.7502901
            ]
          ]
        ]
      }
    },
    {
      "type": "Feature",
      "id": "osm_way_360856290",
      "properties": {
        "osm_id": 360856290,
        "osm_type": "way",
        "building": "yes"
      },
      "geometry": {
        "type": "Polygon",
        "coordinates": [
          [
            [
              79.7603847,
              11.7497323
            ],
            [
              79.7605355,
              11.7497233
            ],
            [
              79.7605172,
              11.7494284
            ],
            [
              79.7603664,
              11.7494374
            ],
            [
              79.7603847,
              11.7497323
            ]
          ]
        ]
      }
    },
    {
      "type": "Feature",
      "id": "osm_way_360856296",
      "properties": {
        "osm_id": 360856296,
        "osm_type": "way",
        "building": "yes"
      },
      "geometry": {
        "type": "Polygon",
        "coordinates": [
          [
            [
              79.7602834,
              11.7432953
            ],
            [
              79.7604765,
              11.7433888
            ],
            [
              79.7605185,
              11.7433056
            ],
            [
              79.7603254,
              11.7432121
            ],
            [
              79.7602834,
              11.7432953
            ]
          ]
        ]
      }
    },
    {
      "type": "Feature",
      "id": "osm_way_360856306",
      "properties": {
        "osm_id": 360856306,
        "osm_type": "way",
        "building": "yes"
      },
      "geometry": {
        "type": "Polygon",
        "coordinates": [
          [
            [
              79.7603857,
              11.7438493
            ],
            [
              79.7604552,
              11.7436899
            ],
            [
              79.7603676,
              11.743661
            ],
            [
              79.7601875,
              11.7435839
            ],
            [
              79.760233,
              11.7434447
            ],
            [
              79.7601743,
              11.7434263
            ],
            [
              79.7601212,
              11.7435889
            ],
            [
              79.7600768,
              11.7437327
            ],
            [
              79.7603857,
              11.7438493
            ]
          ]
        ]
      }
    },
    {
      "type": "Feature",
      "id": "osm_way_402157066",
      "properties": {
        "osm_id": 402157066,
        "osm_type": "way",
        "building": "temple"
      },
      "geometry": {
        "type": "Polygon",
        "coordinates": [
          [
            [
              79.7681763,
              11.7419756
            ],
            [
              79.7682407,
              11.7421883
            ],
            [
              79.7686457,
              11.7420622
            ],
            [
              79.7685921,
              11.7419204
            ],
            [
              79.7682314,
              11.7419683
            ],
            [
              79.7681763,
              11.7419756
            ]
          ]
        ]
      }
    },
    {
      "type": "Feature",
      "id": "osm_way_435365024",
      "properties": {
        "osm_id": 435365024,
        "osm_type": "way",
        "building": "yes"
      },
      "geometry": {
        "type": "Polygon",
        "coordinates": [
          [
            [
              79.7840196,
              11.7646883
            ],
            [
              79.7839354,
              11.7646028
            ],
            [
              79.7839981,
              11.7645436
            ],
            [
              79.7840823,
              11.7646291
            ],
            [
              79.7840196,
              11.7646883
            ]
          ]
        ]
      }
    },
    {
      "type": "Feature",
      "id": "osm_way_435365056",
      "properties": {
        "osm_id": 435365056,
        "osm_type": "way",
        "building": "yes"
      },
      "geometry": {
        "type": "Polygon",
        "coordinates": [
          [
            [
              79.7836606,
              11.7650251
            ],
            [
              79.7836945,
              11.7650311
            ],
            [
              79.7837283,
              11.7650191
            ],
            [
              79.7837129,
              11.7649617
            ],
            [
              79.783679,
              11.7649768
            ],
            [
              79.7836421,
              11.7649859
            ],
            [
              79.7836606,
              11.7650251
            ]
          ]
        ]
      }
    },
    {
      "type": "Feature",
      "id": "osm_way_435365078",
      "properties": {
        "osm_id": 435365078,
        "osm_type": "way",
        "building": "yes"
      },
      "geometry": {
        "type": "Polygon",
        "coordinates": [
          [
            [
              79.7836267,
              11.7649316
            ],
            [
              79.7836606,
              11.7649376
            ],
            [
              79.7837037,
              11.7648924
            ],
            [
              79.7836821,
              11.7648169
            ],
            [
              79.7836359,
              11.7648622
            ],
            [
              79.7835959,
              11.7648622
            ],
            [
              79.7836267,
              11.7649316
            ]
          ]
        ]
      }
    },
    {
      "type": "Feature",
      "id": "osm_way_435365136",
      "properties": {
        "osm_id": 435365136,
        "osm_type": "way",
        "building": "yes"
      },
      "geometry": {
        "type": "Polygon",
        "coordinates": [
          [
            [
              79.7835681,
              11.7648532
            ],
            [
              79.7836359,
              11.7648622
            ],
            [
              79.7836821,
              11.7648169
            ],
            [
              79.7836452,
              11.7647627
            ],
            [
              79.7835959,
              11.7647928
            ],
            [
              79.7835496,
              11.7648139
            ],
            [
              79.7835681,
              11.7648532
            ]
          ]
        ]
      }
    },
    {
      "type": "Feature",
      "id": "osm_way_435365473",
      "properties": {
        "osm_id": 435365473,
        "osm_type": "way",
        "building": "yes"
      },
      "geometry": {
        "type": "Polygon",
        "coordinates": [
          [
            [
              79.7837219,
              11.764688
            ],
            [
              79.7837789,
              11.7646303
            ],
            [
              79.7837108,
              11.7645447
            ],
            [
              79.7836528,
              11.7646004
            ],
            [
              79.7837219,
              11.764688
            ]
          ]
        ]
      }
    },
    {
      "type": "Feature",
      "id": "osm_way_435365475",
      "properties": {
        "osm_id": 435365475,
        "osm_type": "way",
        "building": "yes"
      },
      "geometry": {
        "type": "Polygon",
        "coordinates": [
          [
            [
              79.7836447,
              11.7645835
            ],
            [
              79.7836955,
              11.7645467
            ],
            [
              79.7837036,
              11.7645148
            ],
            [
              79.7836742,
              11.764489
            ],
            [
              79.7836559,
              11.7645039
            ],
            [
              79.7836101,
              11.7645427
            ],
            [
              79.7836447,
              11.7645835
            ]
          ]
        ]
      }
    },
    {
      "type": "Feature",
      "id": "osm_way_440855574",
      "properties": {
        "osm_id": 440855574,
        "osm_type": "way",
        "building": "school",
        "name": "St. Joseph's School Hostel"
      },
      "geometry": {
        "type": "Polygon",
        "coordinates": [
          [
            [
              79.7673834,
              11.7615978
            ],
            [
              79.7667055,
              11.7617004
            ],
            [
              79.7667117,
              11.761821
            ],
            [
              79.7669797,
              11.7617909
            ],
            [
              79.7670044,
              11.7619417
            ],
            [
              79.7672293,
              11.7619176
            ],
            [
              79.7671985,
              11.7617336
            ],
            [
              79.7673248,
              11.7617245
            ],
            [
              79.7673679,
              11.7618391
            ],
            [
              79.7674481,
              11.761821
            ],
            [
              79.7673834,
              11.7615978
            ]
          ]
        ]
      }
    },
    {
      "type": "Feature",
      "id": "osm_way_440855936",
      "properties": {
        "osm_id": 440855936,
        "osm_type": "way",
        "building": "school",
        "name": "St. Joseph's School Boarding"
      },
      "geometry": {
        "type": "Polygon",
        "coordinates": [
          [
            [
              79.768776,
              11.7600082
            ],
            [
              79.768801,
              11.7603233
            ],
            [
              79.7688191,
              11.7605511
            ],
            [
              79.7689609,
              11.7605391
            ],
            [
              79.7689023,
              11.7599871
            ],
            [
              79.768776,
              11.7600082
            ]
          ]
        ]
      }
    },
    {
      "type": "Feature",
      "id": "osm_way_440855996",
      "properties": {
        "osm_id": 440855996,
        "osm_type": "way",
        "amenity": "place_of_worship",
        "building": "yes",
        "denomination": "catholic",
        "name": "St. Joseph's Chapel",
        "religion": "christian"
      },
      "geometry": {
        "type": "Polygon",
        "coordinates": [
          [
            [
              79.76889,
              11.7598031
            ],
            [
              79.7686866,
              11.7598212
            ],
            [
              79.7686959,
              11.7600022
            ],
            [
              79.7689023,
              11.7599871
            ],
            [
              79.76889,
              11.7598031
            ]
          ]
        ]
      }
    },
    {
      "type": "Feature",
      "id": "osm_way_440856155",
      "properties": {
        "osm_id": 440856155,
        "osm_type": "way",
        "building": "school",
        "name": "St. Joseph's Nursery School"
      },
      "geometry": {
        "type": "Polygon",
        "coordinates": [
          [
            [
              79.7690656,
              11.7604757
            ],
            [
              79.7690779,
              11.7606115
            ],
            [
              79.769366,
              11.7605843
            ],
            [
              79.7693691,
              11.7605451
            ],
            [
              79.7695031,
              11.7605421
            ],
            [
              79.7695016,
              11.760518
            ],
            [
              79.7696187,
              11.7605089
            ],
            [
              79.7696156,
              11.7604818
            ],
            [
              79.7696911,
              11.7604712
            ],
            [
              79.7696341,
              11.7599494
            ],
            [
              79.7695385,
              11.7599494
            ],
            [
              79.7695971,
              11.760426
            ],
            [
              79.7690656,
              11.7604757
            ]
          ]
        ]
      }
    },
    {
      "type": "Feature",
      "id": "osm_way_440856859",
      "properties": {
        "osm_id": 440856859,
        "osm_type": "way",
        "building": "school",
        "name": "St.Joseph's Higher Secondary School"
      },
      "geometry": {
        "type": "Polygon",
        "coordinates": [
          [
            [
              79.7687836,
              11.7601986
            ],
            [
              79.7679779,
              11.7602846
            ],
            [
              79.7679363,
              11.7600026
            ],
            [
              79.7678007,
              11.7600146
            ],
            [
              79.76783,
              11.7602982
            ],
            [
              79.7676775,
              11.7603072
            ],
            [
              79.7676498,
              11.7601157
            ],
            [
              79.7675219,
              11.7601474
            ],
            [
              79.7676143,
              11.760826
            ],
            [
              79.7676421,
              11.7610146
            ],
            [
              79.7677175,
              11.761004
            ],
            [
              79.767773,
              11.7614474
            ],
            [
              79.7673802,
              11.7615017
            ],
            [
              79.7674141,
              11.7616058
            ],
            [
              79.7678762,
              11.7615424
            ],
            [
              79.76783,
              11.7610794
            ],
            [
              79.767881,
              11.7607916
            ],
            [
              79.7683235,
              11.7607548
            ],
            [
              79.7683048,
              11.7603819
            ],
            [
              79.768801,
              11.7603233
            ],
            [
              79.7687836,
              11.7601986
            ]
          ]
        ]
      }
    },
    {
      "type": "Feature",
      "id": "osm_way_440857428",
      "properties": {
        "osm_id": 440857428,
        "osm_type": "way",
        "amenity": "theatre",
        "building": "yes",
        "name": "Archbishop S Michael Augustine Auditorium",
        "name:etymology:wikidata": "Q1438152"
      },
      "geometry": {
        "type": "Polygon",
        "coordinates": [
          [
            [
              79.7676264,
              11.7597429
            ],
            [
              79.7671026,
              11.7599196
            ],
            [
              79.7671946,
              11.760124
            ],
            [
              79.7676911,
              11.7599603
            ],
            [
              79.7676264,
              11.7597429
            ]
          ]
        ]
      }
    },
    {
      "type": "Feature",
      "id": "osm_way_440857696",
      "properties": {
        "osm_id": 440857696,
        "osm_type": "way",
        "building": "school",
        "name": "Silver Jubilee Building"
      },
      "geometry": {
        "type": "Polygon",
        "coordinates": [
          [
            [
              79.7686884,
              11.7579938
            ],
            [
              79.7683183,
              11.7579675
            ],
            [
              79.767991,
              11.7579938
            ],
            [
              79.767645,
              11.7580962
            ],
            [
              79.7676714,
              11.7581821
            ],
            [
              79.7680259,
              11.758083
            ],
            [
              79.7683397,
              11.7580568
            ],
            [
              79.7686857,
              11.7580699
            ],
            [
              79.7686884,
              11.7579938
            ]
          ]
        ]
      }
    },
    {
      "type": "Feature",
      "id": "osm_way_473808828",
      "properties": {
        "osm_id": 473808828,
        "osm_type": "way",
        "building": "yes"
      },
      "geometry": {
        "type": "Polygon",
        "coordinates": [
          [
            [
              79.7656082,
              11.7513339
            ],
            [
              79.7659172,
              11.7511468
            ],
            [
              79.7660412,
              11.751105
            ],
            [
              79.7664314,
              11.7510294
            ],
            [
              79.7664497,
              11.7510811
            ],
            [
              79.7664436,
              11.7511189
            ],
            [
              79.7663786,
              11.7511408
            ],
            [
              79.7660838,
              11.7511965
            ],
            [
              79.7659433,
              11.7512536
            ],
            [
              79.7656535,
              11.7514222
            ],
            [
              79.7656082,
              11.7513339
            ]
          ]
        ]
      }
    },
    {
      "type": "Feature",
      "id": "osm_way_474802312",
      "properties": {
        "osm_id": 474802312,
        "osm_type": "way",
        "building": "yes"
      },
      "geometry": {
        "type": "Polygon",
        "coordinates": [
          [
            [
              79.7675823,
              11.7559864
            ],
            [
              79.7678156,
              11.7559654
            ],
            [
              79.7678039,
              11.75584
            ],
            [
              79.7675705,
              11.755861
            ],
            [
              79.7675823,
              11.7559864
            ]
          ]
        ]
      }
    },
    {
      "type": "Feature",
      "id": "osm_way_474802313",
      "properties": {
        "osm_id": 474802313,
        "osm_type": "way",
        "building": "yes"
      },
      "geometry": {
        "type": "Polygon",
        "coordinates": [
          [
            [
              79.7676547,
              11.7557422
            ],
            [
              79.768171,
              11.7556949
            ],
            [
              79.7681527,
              11.7555029
            ],
            [
              79.7676364,
              11.7555502
            ],
            [
              79.7676547,
              11.7557422
            ]
          ]
        ]
      }
    },
    {
      "type": "Feature",
      "id": "osm_way_474802325",
      "properties": {
        "osm_id": 474802325,
        "osm_type": "way",
        "building": "yes"
      },
      "geometry": {
        "type": "Polygon",
        "coordinates": [
          [
            [
              79.7655893,
              11.7512366
            ],
            [
              79.7656529,
              11.7512033
            ],
            [
              79.7653686,
              11.7506833
            ],
            [
              79.7653049,
              11.7507167
            ],
            [
              79.7655893,
              11.7512366
            ]
          ]
        ]
      }
    },
    {
      "type": "Feature",
      "id": "osm_way_474802326",
      "properties": {
        "osm_id": 474802326,
        "osm_type": "way",
        "building": "yes"
      },
      "geometry": {
        "type": "Polygon",
        "coordinates": [
          [
            [
              79.7688086,
              11.7575947
            ],
            [
              79.7693423,
              11.7575396
            ],
            [
              79.7693332,
              11.7574545
            ],
            [
              79.7687994,
              11.7575096
            ],
            [
              79.7688086,
              11.7575947
            ]
          ]
        ]
      }
    },
    {
      "type": "Feature",
      "id": "osm_way_474802327",
      "properties": {
        "osm_id": 474802327,
        "osm_type": "way",
        "building": "yes"
      },
      "geometry": {
        "type": "Polygon",
        "coordinates": [
          [
            [
              79.7688012,
              11.7578429
            ],
            [
              79.7693524,
              11.7577799
            ],
            [
              79.7693432,
              11.7577024
            ],
            [
              79.768792,
              11.7577655
            ],
            [
              79.7688012,
              11.7578429
            ]
          ]
        ]
      }
    },
    {
      "type": "Feature",
      "id": "osm_way_474802328",
      "properties": {
        "osm_id": 474802328,
        "osm_type": "way",
        "building": "yes"
      },
      "geometry": {
        "type": "Polygon",
        "coordinates": [
          [
            [
              79.7691687,
              11.7582329
            ],
            [
              79.7692982,
              11.7582208
            ],
            [
              79.7692757,
              11.7579913
            ],
            [
              79.7691441,
              11.7580037
            ],
            [
              79.7691474,
              11.7580374
            ],
            [
              79.7691542,
              11.7580368
            ],
            [
              79.7691603,
              11.7580986
            ],
            [
              79.7691534,
              11.7580993
            ],
            [
              79.7691568,
              11.7581346
            ],
            [
              79.7691637,
              11.7581339
            ],
            [
              79.7691699,
              11.7581967
            ],
            [
              79.7691652,
              11.7581971
            ],
            [
              79.7691687,
              11.7582329
            ]
          ]
        ]
      }
    },
    {
      "type": "Feature",
      "id": "osm_way_474802329",
      "properties": {
        "osm_id": 474802329,
        "osm_type": "way",
        "building": "yes"
      },
      "geometry": {
        "type": "Polygon",
        "coordinates": [
          [
            [
              79.7691083,
              11.759725
            ],
            [
              79.7692758,
              11.7597077
            ],
            [
              79.7692483,
              11.759453
            ],
            [
              79.7690808,
              11.7594703
            ],
            [
              79.7690874,
              11.7595316
            ],
            [
              79.7691003,
              11.7595302
            ],
            [
              79.7691149,
              11.7596653
            ],
            [
              79.769102,
              11.7596666
            ],
            [
              79.7691083,
              11.759725
            ]
          ]
        ]
      }
    },
    {
      "type": "Feature",
      "id": "osm_way_474802330",
      "properties": {
        "osm_id": 474802330,
        "osm_type": "way",
        "building": "yes"
      },
      "geometry": {
        "type": "Polygon",
        "coordinates": [
          [
            [
              79.76894,
              11.7587482
            ],
            [
              79.7693075,
              11.7587114
            ],
            [
              79.7693049,
              11.7586863
            ],
            [
              79.7694569,
              11.7586711
            ],
            [
              79.7694392,
              11.7585018
            ],
            [
              79.7692872,
              11.758517
            ],
            [
              79.7692854,
              11.7584996
            ],
            [
              79.7689179,
              11.7585363
            ],
            [
              79.76894,
              11.7587482
            ]
          ]
        ]
      }
    },
    {
      "type": "Feature",
      "id": "osm_way_540337454",
      "properties": {
        "osm_id": 540337454,
        "osm_type": "way",
        "addr:city": "Cuddalore",
        "addr:postcode": "607001",
        "addr:street": "Hospital Rd, Allpettai",
        "addr:unit": "Manjakuppam",
        "building": "school",
        "name": "Krishnasamy Kids school"
      },
      "geometry": {
        "type": "Polygon",
        "coordinates": [
          [
            [
              79.7602759,
              11.7577521
            ],
            [
              79.7602304,
              11.7572585
            ],
            [
              79.7603894,
              11.7572318
            ],
            [
              79.7604439,
              11.7577521
            ],
            [
              79.760394,
              11.7577565
            ],
            [
              79.7602759,
              11.7577521
            ]
          ]
        ]
      }
    },
    {
      "type": "Feature",
      "id": "osm_way_583111007",
      "properties": {
        "osm_id": 583111007,
        "osm_type": "way",
        "building": "yes"
      },
      "geometry": {
        "type": "Polygon",
        "coordinates": [
          [
            [
              79.7808152,
              11.7543691
            ],
            [
              79.7809089,
              11.7543658
            ],
            [
              79.7809068,
              11.7543108
            ],
            [
              79.7808131,
              11.7543142
            ],
            [
              79.7808152,
              11.7543691
            ]
          ]
        ]
      }
    },
    {
      "type": "Feature",
      "id": "osm_way_583257474",
      "properties": {
        "osm_id": 583257474,
        "osm_type": "way",
        "building": "yes"
      },
      "geometry": {
        "type": "Polygon",
        "coordinates": [
          [
            [
              79.7829231,
              11.7402463
            ],
            [
              79.7830921,
              11.7402056
            ],
            [
              79.7830961,
              11.7402279
            ],
            [
              79.7831444,
              11.7402214
            ],
            [
              79.783139,
              11.7401741
            ],
            [
              79.7831524,
              11.7401728
            ],
            [
              79.7831471,
              11.7401439
            ],
            [
              79.783135,
              11.7401452
            ],
            [
              79.7831216,
              11.7400914
            ],
            [
              79.7830022,
              11.740115
            ],
            [
              79.7830143,
              11.7401518
            ],
            [
              79.7830733,
              11.7401373
            ],
            [
              79.7830787,
              11.7401544
            ],
            [
              79.7829097,
              11.7401872
            ],
            [
              79.7829231,
              11.7402463
            ]
          ]
        ]
      }
    },
    {
      "type": "Feature",
      "id": "osm_way_583257482",
      "properties": {
        "osm_id": 583257482,
        "osm_type": "way",
        "building": "yes"
      },
      "geometry": {
        "type": "Polygon",
        "coordinates": [
          [
            [
              79.7849236,
              11.7405884
            ],
            [
              79.7849585,
              11.7406094
            ],
            [
              79.785008,
              11.7405307
            ],
            [
              79.7849731,
              11.7405097
            ],
            [
              79.7849236,
              11.7405884
            ]
          ]
        ]
      }
    },
    {
      "type": "Feature",
      "id": "osm_way_583257486",
      "properties": {
        "osm_id": 583257486,
        "osm_type": "way",
        "building": "yes"
      },
      "geometry": {
        "type": "Polygon",
        "coordinates": [
          [
            [
              79.7848123,
              11.7411569
            ],
            [
              79.7846941,
              11.7412056
            ],
            [
              79.7847303,
              11.7412857
            ],
            [
              79.7847687,
              11.7412712
            ],
            [
              79.7847734,
              11.7412843
            ],
            [
              79.7848257,
              11.7412633
            ],
            [
              79.7848338,
              11.7412843
            ],
            [
              79.784862,
              11.7412725
            ],
            [
              79.7848123,
              11.7411569
            ]
          ]
        ]
      }
    },
    {
      "type": "Feature",
      "id": "osm_way_583257487",
      "properties": {
        "osm_id": 583257487,
        "osm_type": "way",
        "building": "yes"
      },
      "geometry": {
        "type": "Polygon",
        "coordinates": [
          [
            [
              79.7849435,
              11.7412683
            ],
            [
              79.7851755,
              11.7411777
            ],
            [
              79.7851313,
              11.7410692
            ],
            [
              79.7848993,
              11.7411598
            ],
            [
              79.7849435,
              11.7412683
            ]
          ]
        ]
      }
    },
    {
      "type": "Feature",
      "id": "osm_way_583257488",
      "properties": {
        "osm_id": 583257488,
        "osm_type": "way",
        "building": "yes"
      },
      "geometry": {
        "type": "Polygon",
        "coordinates": [
          [
            [
              79.7845723,
              11.7413802
            ],
            [
              79.7846889,
              11.7413355
            ],
            [
              79.784654,
              11.7412479
            ],
            [
              79.7845373,
              11.7412926
            ],
            [
              79.7845723,
              11.7413802
            ]
          ]
        ]
      }
    },
    {
      "type": "Feature",
      "id": "osm_way_583257489",
      "properties": {
        "osm_id": 583257489,
        "osm_type": "way",
        "building": "yes"
      },
      "geometry": {
        "type": "Polygon",
        "coordinates": [
          [
            [
              79.7843389,
              11.7415049
            ],
            [
              79.7845039,
              11.7414366
            ],
            [
              79.7844743,
              11.741368
            ],
            [
              79.7843093,
              11.7414363
            ],
            [
              79.7843389,
              11.7415049
            ]
          ]
        ]
      }
    },
    {
      "type": "Feature",
      "id": "osm_way_583257490",
      "properties": {
        "osm_id": 583257490,
        "osm_type": "way",
        "building": "yes"
      },
      "geometry": {
        "type": "Polygon",
        "coordinates": [
          [
            [
              79.784112,
              11.7418005
            ],
            [
              79.7842864,
              11.7417348
            ],
            [
              79.784263,
              11.7416753
            ],
            [
              79.7840887,
              11.741741
            ],
            [
              79.784112,
              11.7418005
            ]
          ]
        ]
      }
    },
    {
      "type": "Feature",
      "id": "osm_way_583257491",
      "properties": {
        "osm_id": 583257491,
        "osm_type": "way",
        "building": "yes"
      },
      "geometry": {
        "type": "Polygon",
        "coordinates": [
          [
            [
              79.7841441,
              11.7418706
            ],
            [
              79.7843198,
              11.7418089
            ],
            [
              79.7842999,
              11.7417546
            ],
            [
              79.7841242,
              11.7418163
            ],
            [
              79.7841441,
              11.7418706
            ]
          ]
        ]
      }
    },
    {
      "type": "Feature",
      "id": "osm_way_583257492",
      "properties": {
        "osm_id": 583257492,
        "osm_type": "way",
        "building": "yes"
      },
      "geometry": {
        "type": "Polygon",
        "coordinates": [
          [
            [
              79.7850088,
              11.7414721
            ],
            [
              79.785161,
              11.741413
            ],
            [
              79.7851222,
              11.7413171
            ],
            [
              79.78497,
              11.7413762
            ],
            [
              79.7850088,
              11.7414721
            ]
          ]
        ]
      }
    },
    {
      "type": "Feature",
      "id": "osm_way_583257495",
      "properties": {
        "osm_id": 583257495,
        "osm_type": "way",
        "building": "yes"
      },
      "geometry": {
        "type": "Polygon",
        "coordinates": [
          [
            [
              79.784819,
              11.7416612
            ],
            [
              79.7849203,
              11.7416224
            ],
            [
              79.7848967,
              11.7415633
            ],
            [
              79.7847954,
              11.7416021
            ],
            [
              79.784819,
              11.7416612
            ]
          ]
        ]
      }
    },
    {
      "type": "Feature",
      "id": "osm_way_583257496",
      "properties": {
        "osm_id": 583257496,
        "osm_type": "way",
        "building": "yes"
      },
      "geometry": {
        "type": "Polygon",
        "coordinates": [
          [
            [
              79.7849005,
              11.7418609
            ],
            [
              79.7850695,
              11.7417985
            ],
            [
              79.7850286,
              11.7416923
            ],
            [
              79.7848596,
              11.7417546
            ],
            [
              79.7849005,
              11.7418609
            ]
          ]
        ]
      }
    },
    {
      "type": "Feature",
      "id": "osm_way_583257499",
      "properties": {
        "osm_id": 583257499,
        "osm_type": "way",
        "building": "yes"
      },
      "geometry": {
        "type": "Polygon",
        "coordinates": [
          [
            [
              79.784473,
              11.7423295
            ],
            [
              79.7845052,
              11.7423177
            ],
            [
              79.7844793,
              11.7422499
            ],
            [
              79.7844471,
              11.7422617
            ],
            [
              79.784473,
              11.7423295
            ]
          ]
        ]
      }
    },
    {
      "type": "Feature",
      "id": "osm_way_583257500",
      "properties": {
        "osm_id": 583257500,
        "osm_type": "way",
        "building": "yes"
      },
      "geometry": {
        "type": "Polygon",
        "coordinates": [
          [
            [
              79.7844046,
              11.7423518
            ],
            [
              79.7844355,
              11.7423426
            ],
            [
              79.7844152,
              11.7422775
            ],
            [
              79.7843844,
              11.7422867
            ],
            [
              79.7844046,
              11.7423518
            ]
          ]
        ]
      }
    },
    {
      "type": "Feature",
      "id": "osm_way_583257501",
      "properties": {
        "osm_id": 583257501,
        "osm_type": "way",
        "building": "yes"
      },
      "geometry": {
        "type": "Polygon",
        "coordinates": [
          [
            [
              79.7841027,
              11.7421367
            ],
            [
              79.7848309,
              11.7418649
            ],
            [
              79.7847914,
              11.7417633
            ],
            [
              79.7840632,
              11.7420351
            ],
            [
              79.7841027,
              11.7421367
            ]
          ]
        ]
      }
    },
    {
      "type": "Feature",
      "id": "osm_way_583257502",
      "properties": {
        "osm_id": 583257502,
        "osm_type": "way",
        "building": "yes"
      },
      "geometry": {
        "type": "Polygon",
        "coordinates": [
          [
            [
              79.7834106,
              11.7421721
            ],
            [
              79.7840824,
              11.7419239
            ],
            [
              79.7840436,
              11.7418231
            ],
            [
              79.7833717,
              11.7420713
            ],
            [
              79.7834106,
              11.7421721
            ]
          ]
        ]
      }
    },
    {
      "type": "Feature",
      "id": "osm_way_583257503",
      "properties": {
        "osm_id": 583257503,
        "osm_type": "way",
        "building": "yes"
      },
      "geometry": {
        "type": "Polygon",
        "coordinates": [
          [
            [
              79.7838964,
              11.7421995
            ],
            [
              79.7839969,
              11.7421614
            ],
            [
              79.7839846,
              11.7421302
            ],
            [
              79.783884,
              11.7421683
            ],
            [
              79.7838964,
              11.7421995
            ]
          ]
        ]
      }
    },
    {
      "type": "Feature",
      "id": "osm_way_583257504",
      "properties": {
        "osm_id": 583257504,
        "osm_type": "way",
        "building": "yes"
      },
      "geometry": {
        "type": "Polygon",
        "coordinates": [
          [
            [
              79.7837301,
              11.7421483
            ],
            [
              79.7837676,
              11.7421338
            ],
            [
              79.7837537,
              11.7420991
            ],
            [
              79.7837161,
              11.7421136
            ],
            [
              79.7837301,
              11.7421483
            ]
          ]
        ]
      }
    },
    {
      "type": "Feature",
      "id": "osm_way_583257505",
      "properties": {
        "osm_id": 583257505,
        "osm_type": "way",
        "building": "yes"
      },
      "geometry": {
        "type": "Polygon",
        "coordinates": [
          [
            [
              79.7837488,
              11.7422061
            ],
            [
              79.7837783,
              11.7421956
            ],
            [
              79.7837657,
              11.7421616
            ],
            [
              79.7837362,
              11.7421721
            ],
            [
              79.7837488,
              11.7422061
            ]
          ]
        ]
      }
    },
    {
      "type": "Feature",
      "id": "osm_way_583257506",
      "properties": {
        "osm_id": 583257506,
        "osm_type": "way",
        "building": "yes"
      },
      "geometry": {
        "type": "Polygon",
        "coordinates": [
          [
            [
              79.7833505,
              11.7422783
            ],
            [
              79.7833814,
              11.7422691
            ],
            [
              79.7833574,
              11.7421921
            ],
            [
              79.7833266,
              11.7422013
            ],
            [
              79.7833505,
              11.7422783
            ]
          ]
        ]
      }
    },
    {
      "type": "Feature",
      "id": "osm_way_583257507",
      "properties": {
        "osm_id": 583257507,
        "osm_type": "way",
        "building": "yes"
      },
      "geometry": {
        "type": "Polygon",
        "coordinates": [
          [
            [
              79.783439,
              11.7422875
            ],
            [
              79.783718,
              11.7421837
            ],
            [
              79.78368,
              11.7420858
            ],
            [
              79.783401,
              11.7421895
            ],
            [
              79.783439,
              11.7422875
            ]
          ]
        ]
      }
    },
    {
      "type": "Feature",
      "id": "osm_way_583257508",
      "properties": {
        "osm_id": 583257508,
        "osm_type": "way",
        "building": "yes"
      },
      "geometry": {
        "type": "Polygon",
        "coordinates": [
          [
            [
              79.7832526,
              11.7422153
            ],
            [
              79.7833559,
              11.7421772
            ],
            [
              79.7832607,
              11.7419297
            ],
            [
              79.7831574,
              11.7419678
            ],
            [
              79.7832526,
              11.7422153
            ]
          ]
        ]
      }
    },
    {
      "type": "Feature",
      "id": "osm_way_583257509",
      "properties": {
        "osm_id": 583257509,
        "osm_type": "way",
        "building": "yes"
      },
      "geometry": {
        "type": "Polygon",
        "coordinates": [
          [
            [
              79.7832609,
              11.7424309
            ],
            [
              79.7834782,
              11.7423521
            ],
            [
              79.7834581,
              11.7423048
            ],
            [
              79.7832435,
              11.7423836
            ],
            [
              79.7832609,
              11.7424309
            ]
          ]
        ]
      }
    },
    {
      "type": "Feature",
      "id": "osm_way_583257510",
      "properties": {
        "osm_id": 583257510,
        "osm_type": "way",
        "building": "yes"
      },
      "geometry": {
        "type": "Polygon",
        "coordinates": [
          [
            [
              79.7830804,
              11.7424784
            ],
            [
              79.7831073,
              11.7424718
            ],
            [
              79.7831233,
              11.7425033
            ],
            [
              79.7831998,
              11.7424731
            ],
            [
              79.7832105,
              11.742502
            ],
            [
              79.7832709,
              11.7424797
            ],
            [
              79.7832199,
              11.7423536
            ],
            [
              79.783055,
              11.7424101
            ],
            [
              79.7830804,
              11.7424784
            ]
          ]
        ]
      }
    },
    {
      "type": "Feature",
      "id": "osm_way_583257516",
      "properties": {
        "osm_id": 583257516,
        "osm_type": "way",
        "building": "yes"
      },
      "geometry": {
        "type": "Polygon",
        "coordinates": [
          [
            [
              79.7802439,
              11.7529413
            ],
            [
              79.7802814,
              11.7529301
            ],
            [
              79.7802794,
              11.7529038
            ],
            [
              79.7802452,
              11.7529071
            ],
            [
              79.7802439,
              11.7529413
            ]
          ]
        ]
      }
    },
    {
      "type": "Feature",
      "id": "osm_way_583257517",
      "properties": {
        "osm_id": 583257517,
        "osm_type": "way",
        "building": "yes"
      },
      "geometry": {
        "type": "Polygon",
        "coordinates": [
          [
            [
              79.7801507,
              11.7530417
            ],
            [
              79.780215,
              11.7530375
            ],
            [
              79.7802088,
              11.7529466
            ],
            [
              79.7801444,
              11.7529509
            ],
            [
              79.7801507,
              11.7530417
            ]
          ]
        ]
      }
    },
    {
      "type": "Feature",
      "id": "osm_way_583257518",
      "properties": {
        "osm_id": 583257518,
        "osm_type": "way",
        "building": "yes"
      },
      "geometry": {
        "type": "Polygon",
        "coordinates": [
          [
            [
              79.780101,
              11.7532649
            ],
            [
              79.7802204,
              11.7532649
            ],
            [
              79.7802204,
              11.7532078
            ],
            [
              79.780101,
              11.7532078
            ],
            [
              79.780101,
              11.7532649
            ]
          ]
        ]
      }
    },
    {
      "type": "Feature",
      "id": "osm_way_583257522",
      "properties": {
        "osm_id": 583257522,
        "osm_type": "way",
        "building": "yes"
      },
      "geometry": {
        "type": "Polygon",
        "coordinates": [
          [
            [
              79.7804712,
              11.753817
            ],
            [
              79.7805691,
              11.7538148
            ],
            [
              79.7805656,
              11.7536707
            ],
            [
              79.7804677,
              11.753673
            ],
            [
              79.7804712,
              11.753817
            ]
          ]
        ]
      }
    },
    {
      "type": "Feature",
      "id": "osm_way_583257523",
      "properties": {
        "osm_id": 583257523,
        "osm_type": "way",
        "building": "yes"
      },
      "geometry": {
        "type": "Polygon",
        "coordinates": [
          [
            [
              79.780205,
              11.7542759
            ],
            [
              79.7802358,
              11.7542752
            ],
            [
              79.7802348,
              11.7542334
            ],
            [
              79.780204,
              11.7542341
            ],
            [
              79.780205,
              11.7542759
            ]
          ]
        ]
      }
    },
    {
      "type": "Feature",
      "id": "osm_way_583257530",
      "properties": {
        "osm_id": 583257530,
        "osm_type": "way",
        "building": "yes"
      },
      "geometry": {
        "type": "Polygon",
        "coordinates": [
          [
            [
              79.7807991,
              11.7545319
            ],
            [
              79.7808465,
              11.7545302
            ],
            [
              79.7808441,
              11.7544662
            ],
            [
              79.7807967,
              11.7544679
            ],
            [
              79.7807991,
              11.7545319
            ]
          ]
        ]
      }
    },
    {
      "type": "Feature",
      "id": "osm_way_583257531",
      "properties": {
        "osm_id": 583257531,
        "osm_type": "way",
        "building": "yes"
      },
      "geometry": {
        "type": "Polygon",
        "coordinates": [
          [
            [
              79.7807407,
              11.754528
            ],
            [
              79.7807931,
              11.7545251
            ],
            [
              79.7807893,
              11.7544618
            ],
            [
              79.780737,
              11.7544648
            ],
            [
              79.7807407,
              11.754528
            ]
          ]
        ]
      }
    },
    {
      "type": "Feature",
      "id": "osm_way_646071062",
      "properties": {
        "osm_id": 646071062,
        "osm_type": "way",
        "building": "yes"
      },
      "geometry": {
        "type": "Polygon",
        "coordinates": [
          [
            [
              79.7847612,
              11.7425273
            ],
            [
              79.7849131,
              11.7424711
            ],
            [
              79.7848937,
              11.7424208
            ],
            [
              79.7849423,
              11.7424028
            ],
            [
              79.7849576,
              11.7424424
            ],
            [
              79.7850965,
              11.7423909
            ],
            [
              79.7850703,
              11.742323
            ],
            [
              79.7847308,
              11.7424487
            ],
            [
              79.7847612,
              11.7425273
            ]
          ]
        ]
      }
    },
    {
      "type": "Feature",
      "id": "osm_way_740415965",
      "properties": {
        "osm_id": 740415965,
        "osm_type": "way",
        "building": "yes"
      },
      "geometry": {
        "type": "Polygon",
        "coordinates": [
          [
            [
              79.7613075,
              11.7560839
            ],
            [
              79.7613947,
              11.7560655
            ],
            [
              79.7613645,
              11.755935
            ],
            [
              79.761276,
              11.7559401
            ],
            [
              79.761292,
              11.7560268
            ],
            [
              79.7613075,
              11.7560839
            ]
          ]
        ]
      }
    },
    {
      "type": "Feature",
      "id": "osm_way_740570210",
      "properties": {
        "osm_id": 740570210,
        "osm_type": "way",
        "building": "yes"
      },
      "geometry": {
        "type": "Polygon",
        "coordinates": [
          [
            [
              79.7636417,
              11.7588168
            ],
            [
              79.7638187,
              11.7588109
            ],
            [
              79.7638169,
              11.75876
            ],
            [
              79.7636399,
              11.7587659
            ],
            [
              79.7636417,
              11.7588168
            ]
          ]
        ]
      }
    },
    {
      "type": "Feature",
      "id": "osm_way_740756406",
      "properties": {
        "osm_id": 740756406,
        "osm_type": "way",
        "building": "yes"
      },
      "geometry": {
        "type": "Polygon",
        "coordinates": [
          [
            [
              79.7614094,
              11.7557609
            ],
            [
              79.7615492,
              11.7557361
            ],
            [
              79.7615335,
              11.755651
            ],
            [
              79.761484,
              11.7556597
            ],
            [
              79.7614756,
              11.7556143
            ],
            [
              79.7613852,
              11.7556303
            ],
            [
              79.7614094,
              11.7557609
            ]
          ]
        ]
      }
    },
    {
      "type": "Feature",
      "id": "osm_way_740756410",
      "properties": {
        "osm_id": 740756410,
        "osm_type": "way",
        "building": "yes"
      },
      "geometry": {
        "type": "Polygon",
        "coordinates": [
          [
            [
              79.7639749,
              11.7620329
            ],
            [
              79.7640976,
              11.7620329
            ],
            [
              79.7640976,
              11.761943
            ],
            [
              79.7639749,
              11.761943
            ],
            [
              79.7639749,
              11.7620329
            ]
          ]
        ]
      }
    },
    {
      "type": "Feature",
      "id": "osm_way_740929348",
      "properties": {
        "osm_id": 740929348,
        "osm_type": "way",
        "building": "yes"
      },
      "geometry": {
        "type": "Polygon",
        "coordinates": [
          [
            [
              79.7616917,
              11.7619417
            ],
            [
              79.7617802,
              11.7618839
            ],
            [
              79.7616956,
              11.7617597
            ],
            [
              79.7616071,
              11.7618174
            ],
            [
              79.7616917,
              11.7619417
            ]
          ]
        ]
      }
    },
    {
      "type": "Feature",
      "id": "osm_way_740952191",
      "properties": {
        "osm_id": 740952191,
        "osm_type": "way",
        "building": "yes"
      },
      "geometry": {
        "type": "Polygon",
        "coordinates": [
          [
            [
              79.7617882,
              11.7560392
            ],
            [
              79.7617507,
              11.7558489
            ],
            [
              79.7616716,
              11.7558638
            ],
            [
              79.7617092,
              11.7560542
            ],
            [
              79.7617882,
              11.7560392
            ]
          ]
        ]
      }
    },
    {
      "type": "Feature",
      "id": "osm_way_778199748",
      "properties": {
        "osm_id": 778199748,
        "osm_type": "way",
        "building": "yes"
      },
      "geometry": {
        "type": "Polygon",
        "coordinates": [
          [
            [
              79.764174,
              11.761317
            ],
            [
              79.7644448,
              11.7613159
            ],
            [
              79.7644445,
              11.7612325
            ],
            [
              79.7641736,
              11.7612336
            ],
            [
              79.764174,
              11.761317
            ]
          ]
        ]
      }
    },
    {
      "type": "Feature",
      "id": "osm_way_778432816",
      "properties": {
        "osm_id": 778432816,
        "osm_type": "way",
        "building": "yes"
      },
      "geometry": {
        "type": "Polygon",
        "coordinates": [
          [
            [
              79.7610035,
              11.7578418
            ],
            [
              79.761162,
              11.7578229
            ],
            [
              79.7611301,
              11.7575664
            ],
            [
              79.7609716,
              11.7575853
            ],
            [
              79.7610035,
              11.7578418
            ]
          ]
        ]
      }
    },
    {
      "type": "Feature",
      "id": "osm_way_778432822",
      "properties": {
        "osm_id": 778432822,
        "osm_type": "way",
        "building": "yes"
      },
      "geometry": {
        "type": "Polygon",
        "coordinates": [
          [
            [
              79.7607057,
              11.751865
            ],
            [
              79.7610213,
              11.7517886
            ],
            [
              79.7610821,
              11.7520296
            ],
            [
              79.7611807,
              11.7520057
            ],
            [
              79.7611208,
              11.7517686
            ],
            [
              79.7612709,
              11.7517323
            ],
            [
              79.7612459,
              11.751633
            ],
            [
              79.7606816,
              11.7517696
            ],
            [
              79.7607057,
              11.751865
            ]
          ]
        ]
      }
    },
    {
      "type": "Feature",
      "id": "osm_way_778432831",
      "properties": {
        "osm_id": 778432831,
        "osm_type": "way",
        "building": "yes"
      },
      "geometry": {
        "type": "Polygon",
        "coordinates": [
          [
            [
              79.7602735,
              11.7546225
            ],
            [
              79.7603719,
              11.7546033
            ],
            [
              79.7603015,
              11.7542574
            ],
            [
              79.7602031,
              11.7542766
            ],
            [
              79.7602735,
              11.7546225
            ]
          ]
        ]
      }
    },
    {
      "type": "Feature",
      "id": "osm_way_778432848",
      "properties": {
        "osm_id": 778432848,
        "osm_type": "way",
        "building": "yes"
      },
      "geometry": {
        "type": "Polygon",
        "coordinates": [
          [
            [
              79.7615794,
              11.7560613
            ],
            [
              79.7616519,
              11.7560508
            ],
            [
              79.761628,
              11.7558925
            ],
            [
              79.7615555,
              11.755903
            ],
            [
              79.7615794,
              11.7560613
            ]
          ]
        ]
      }
    },
    {
      "type": "Feature",
      "id": "osm_way_838475000",
      "properties": {
        "osm_id": 838475000,
        "osm_type": "way",
        "building": "yes"
      },
      "geometry": {
        "type": "Polygon",
        "coordinates": [
          [
            [
              79.7656587,
              11.7481633
            ],
            [
              79.7657503,
              11.7481608
            ],
            [
              79.765741,
              11.7478195
            ],
            [
              79.7656493,
              11.7478219
            ],
            [
              79.7656587,
              11.7481633
            ]
          ]
        ]
      }
    },
    {
      "type": "Feature",
      "id": "osm_way_838475001",
      "properties": {
        "osm_id": 838475001,
        "osm_type": "way",
        "building": "yes"
      },
      "geometry": {
        "type": "Polygon",
        "coordinates": [
          [
            [
              79.7645093,
              11.7587105
            ],
            [
              79.7645999,
              11.7587005
            ],
            [
              79.7645824,
              11.7585495
            ],
            [
              79.7644919,
              11.7585595
            ],
            [
              79.7645093,
              11.7587105
            ]
          ]
        ]
      }
    },
    {
      "type": "Feature",
      "id": "osm_way_838475002",
      "properties": {
        "osm_id": 838475002,
        "osm_type": "way",
        "building": "yes"
      },
      "geometry": {
        "type": "Polygon",
        "coordinates": [
          [
            [
              79.763242,
              11.7480714
            ],
            [
              79.7633677,
              11.7480756
            ],
            [
              79.7633758,
              11.7478471
            ],
            [
              79.7632501,
              11.7478429
            ],
            [
              79.763242,
              11.7480714
            ]
          ]
        ]
      }
    },
    {
      "type": "Feature",
      "id": "osm_way_838475003",
      "properties": {
        "osm_id": 838475003,
        "osm_type": "way",
        "building": "yes"
      },
      "geometry": {
        "type": "Polygon",
        "coordinates": [
          [
            [
              79.7640654,
              11.7578282
            ],
            [
              79.7641326,
              11.7578204
            ],
            [
              79.7641125,
              11.7576537
            ],
            [
              79.7640453,
              11.7576614
            ],
            [
              79.7640654,
              11.7578282
            ]
          ]
        ]
      }
    },
    {
      "type": "Feature",
      "id": "osm_way_838475004",
      "properties": {
        "osm_id": 838475004,
        "osm_type": "way",
        "building": "yes"
      },
      "geometry": {
        "type": "Polygon",
        "coordinates": [
          [
            [
              79.7637208,
              11.7578597
            ],
            [
              79.7638297,
              11.7578494
            ],
            [
              79.7638163,
              11.7577129
            ],
            [
              79.7637074,
              11.7577231
            ],
            [
              79.7637208,
              11.7578597
            ]
          ]
        ]
      }
    },
    {
      "type": "Feature",
      "id": "osm_way_838475005",
      "properties": {
        "osm_id": 838475005,
        "osm_type": "way",
        "building": "yes"
      },
      "geometry": {
        "type": "Polygon",
        "coordinates": [
          [
            [
              79.7606617,
              11.7575012
            ],
            [
              79.7607679,
              11.7574944
            ],
            [
              79.7607558,
              11.7573158
            ],
            [
              79.7606496,
              11.7573227
            ],
            [
              79.7606617,
              11.7575012
            ]
          ]
        ]
      }
    },
    {
      "type": "Feature",
      "id": "osm_way_838475006",
      "properties": {
        "osm_id": 838475006,
        "osm_type": "way",
        "building": "yes"
      },
      "geometry": {
        "type": "Polygon",
        "coordinates": [
          [
            [
              79.7661495,
              11.7482171
            ],
            [
              79.7662309,
              11.7482145
            ],
            [
              79.7662242,
              11.7480149
            ],
            [
              79.7661428,
              11.7480175
            ],
            [
              79.7661495,
              11.7482171
            ]
          ]
        ]
      }
    },
    {
      "type": "Feature",
      "id": "osm_way_838475008",
      "properties": {
        "osm_id": 838475008,
        "osm_type": "way",
        "building": "yes"
      },
      "geometry": {
        "type": "Polygon",
        "coordinates": [
          [
            [
              79.7611539,
              11.755967
            ],
            [
              79.7611901,
              11.7561233
            ],
            [
              79.7612847,
              11.7561023
            ],
            [
              79.7612485,
              11.755946
            ],
            [
              79.7611539,
              11.755967
            ]
          ]
        ]
      }
    },
    {
      "type": "Feature",
      "id": "osm_way_838475009",
      "properties": {
        "osm_id": 838475009,
        "osm_type": "way",
        "building": "yes"
      },
      "geometry": {
        "type": "Polygon",
        "coordinates": [
          [
            [
              79.7613055,
              11.7565585
            ],
            [
              79.7614101,
              11.7565585
            ],
            [
              79.7614101,
              11.7564154
            ],
            [
              79.7613055,
              11.7564154
            ],
            [
              79.7613055,
              11.7565585
            ]
          ]
        ]
      }
    },
    {
      "type": "Feature",
      "id": "osm_way_838475010",
      "properties": {
        "osm_id": 838475010,
        "osm_type": "way",
        "building": "yes"
      },
      "geometry": {
        "type": "Polygon",
        "coordinates": [
          [
            [
              79.7664714,
              11.743288
            ],
            [
              79.7665699,
              11.7432855
            ],
            [
              79.7665659,
              11.7431319
            ],
            [
              79.7664674,
              11.7431344
            ],
            [
              79.7664714,
              11.743288
            ]
          ]
        ]
      }
    },
    {
      "type": "Feature",
      "id": "osm_way_838475011",
      "properties": {
        "osm_id": 838475011,
        "osm_type": "way",
        "building": "yes"
      },
      "geometry": {
        "type": "Polygon",
        "coordinates": [
          [
            [
              79.7652456,
              11.7616449
            ],
            [
              79.7652548,
              11.7617871
            ],
            [
              79.7654238,
              11.7617766
            ],
            [
              79.7654146,
              11.7616344
            ],
            [
              79.7652456,
              11.7616449
            ]
          ]
        ]
      }
    },
    {
      "type": "Feature",
      "id": "osm_way_838475012",
      "properties": {
        "osm_id": 838475012,
        "osm_type": "way",
        "building": "yes"
      },
      "geometry": {
        "type": "Polygon",
        "coordinates": [
          [
            [
              79.7632273,
              11.7560241
            ],
            [
              79.7633158,
              11.7560031
            ],
            [
              79.7632836,
              11.7558731
            ],
            [
              79.7631951,
              11.7558942
            ],
            [
              79.7632273,
              11.7560241
            ]
          ]
        ]
      }
    },
    {
      "type": "Feature",
      "id": "osm_way_838475013",
      "properties": {
        "osm_id": 838475013,
        "osm_type": "way",
        "building": "yes"
      },
      "geometry": {
        "type": "Polygon",
        "coordinates": [
          [
            [
              79.7678058,
              11.7485769
            ],
            [
              79.7679245,
              11.7485725
            ],
            [
              79.7679138,
              11.7482954
            ],
            [
              79.7677951,
              11.7482998
            ],
            [
              79.7678058,
              11.7485769
            ]
          ]
        ]
      }
    },
    {
      "type": "Feature",
      "id": "osm_way_838475014",
      "properties": {
        "osm_id": 838475014,
        "osm_type": "way",
        "building": "yes"
      },
      "geometry": {
        "type": "Polygon",
        "coordinates": [
          [
            [
              79.7641848,
              11.7649457
            ],
            [
              79.7642643,
              11.7649253
            ],
            [
              79.7641812,
              11.7646141
            ],
            [
              79.7641017,
              11.7646345
            ],
            [
              79.7641848,
              11.7649457
            ]
          ]
        ]
      }
    },
    {
      "type": "Feature",
      "id": "osm_way_838475016",
      "properties": {
        "osm_id": 838475016,
        "osm_type": "way",
        "building": "yes"
      },
      "geometry": {
        "type": "Polygon",
        "coordinates": [
          [
            [
              79.763525,
              11.760212
            ],
            [
              79.7636402,
              11.7601801
            ],
            [
              79.763572,
              11.7599446
            ],
            [
              79.7637456,
              11.7598964
            ],
            [
              79.7637214,
              11.7598128
            ],
            [
              79.7634327,
              11.7598929
            ],
            [
              79.763525,
              11.760212
            ]
          ]
        ]
      }
    },
    {
      "type": "Feature",
      "id": "osm_way_838475018",
      "properties": {
        "osm_id": 838475018,
        "osm_type": "way",
        "building": "yes"
      },
      "geometry": {
        "type": "Polygon",
        "coordinates": [
          [
            [
              79.7630261,
              11.7575393
            ],
            [
              79.7630613,
              11.7577131
            ],
            [
              79.7633657,
              11.757654
            ],
            [
              79.7633305,
              11.7574802
            ],
            [
              79.7630261,
              11.7575393
            ]
          ]
        ]
      }
    },
    {
      "type": "Feature",
      "id": "osm_way_838475019",
      "properties": {
        "osm_id": 838475019,
        "osm_type": "way",
        "building": "yes"
      },
      "geometry": {
        "type": "Polygon",
        "coordinates": [
          [
            [
              79.7602902,
              11.7538078
            ],
            [
              79.7604462,
              11.7537652
            ],
            [
              79.7603998,
              11.7536027
            ],
            [
              79.7603185,
              11.7536249
            ],
            [
              79.7602885,
              11.7535196
            ],
            [
              79.7602138,
              11.75354
            ],
            [
              79.7602902,
              11.7538078
            ]
          ]
        ]
      }
    },
    {
      "type": "Feature",
      "id": "osm_way_838475023",
      "properties": {
        "osm_id": 838475023,
        "osm_type": "way",
        "building": "yes"
      },
      "geometry": {
        "type": "Polygon",
        "coordinates": [
          [
            [
              79.7618957,
              11.7616507
            ],
            [
              79.7620065,
              11.7618682
            ],
            [
              79.7620735,
              11.7618356
            ],
            [
              79.7619627,
              11.761618
            ],
            [
              79.7618957,
              11.7616507
            ]
          ]
        ]
      }
    },
    {
      "type": "Feature",
      "id": "osm_way_838475024",
      "properties": {
        "osm_id": 838475024,
        "osm_type": "way",
        "building": "yes"
      },
      "geometry": {
        "type": "Polygon",
        "coordinates": [
          [
            [
              79.7641915,
              11.7639373
            ],
            [
              79.7642294,
              11.7640525
            ],
            [
              79.7645499,
              11.7639514
            ],
            [
              79.764512,
              11.7638362
            ],
            [
              79.7641915,
              11.7639373
            ]
          ]
        ]
      }
    },
    {
      "type": "Feature",
      "id": "osm_way_838475025",
      "properties": {
        "osm_id": 838475025,
        "osm_type": "way",
        "building": "yes"
      },
      "geometry": {
        "type": "Polygon",
        "coordinates": [
          [
            [
              79.7624125,
              11.7615209
            ],
            [
              79.7625066,
              11.761659
            ],
            [
              79.7625448,
              11.7616341
            ],
            [
              79.7624508,
              11.7614959
            ],
            [
              79.7624125,
              11.7615209
            ]
          ]
        ]
      }
    },
    {
      "type": "Feature",
      "id": "osm_way_838475026",
      "properties": {
        "osm_id": 838475026,
        "osm_type": "way",
        "building": "yes"
      },
      "geometry": {
        "type": "Polygon",
        "coordinates": [
          [
            [
              79.7623287,
              11.7616101
            ],
            [
              79.7624174,
              11.7617615
            ],
            [
              79.762463,
              11.7617359
            ],
            [
              79.7623743,
              11.7615845
            ],
            [
              79.7623287,
              11.7616101
            ]
          ]
        ]
      }
    },
    {
      "type": "Feature",
      "id": "osm_way_838475028",
      "properties": {
        "osm_id": 838475028,
        "osm_type": "way",
        "building": "yes"
      },
      "geometry": {
        "type": "Polygon",
        "coordinates": [
          [
            [
              79.7649895,
              11.7486399
            ],
            [
              79.7651102,
              11.748638
            ],
            [
              79.7651062,
              11.7483925
            ],
            [
              79.7649854,
              11.7483944
            ],
            [
              79.7649895,
              11.7486399
            ]
          ]
        ]
      }
    },
    {
      "type": "Feature",
      "id": "osm_way_838475030",
      "properties": {
        "osm_id": 838475030,
        "osm_type": "way",
        "building": "yes"
      },
      "geometry": {
        "type": "Polygon",
        "coordinates": [
          [
            [
              79.762178,
              11.7612728
            ],
            [
              79.7623372,
              11.7614619
            ],
            [
              79.7624041,
              11.7614079
            ],
            [
              79.7622449,
              11.7612188
            ],
            [
              79.762178,
              11.7612728
            ]
          ]
        ]
      }
    },
    {
      "type": "Feature",
      "id": "osm_way_838475032",
      "properties": {
        "osm_id": 838475032,
        "osm_type": "way",
        "building": "yes"
      },
      "geometry": {
        "type": "Polygon",
        "coordinates": [
          [
            [
              79.7641322,
              11.7609349
            ],
            [
              79.7641405,
              11.7610182
            ],
            [
              79.7643336,
              11.7609998
            ],
            [
              79.7643253,
              11.7609165
            ],
            [
              79.7641322,
              11.7609349
            ]
          ]
        ]
      }
    },
    {
      "type": "Feature",
      "id": "osm_way_838475033",
      "properties": {
        "osm_id": 838475033,
        "osm_type": "way",
        "building": "yes"
      },
      "geometry": {
        "type": "Polygon",
        "coordinates": [
          [
            [
              79.7640949,
              11.7607246
            ],
            [
              79.7641049,
              11.7608149
            ],
            [
              79.7643155,
              11.7607926
            ],
            [
              79.7643055,
              11.7607022
            ],
            [
              79.7640949,
              11.7607246
            ]
          ]
        ]
      }
    },
    {
      "type": "Feature",
      "id": "osm_way_838475038",
      "properties": {
        "osm_id": 838475038,
        "osm_type": "way",
        "building": "yes"
      },
      "geometry": {
        "type": "Polygon",
        "coordinates": [
          [
            [
              79.7604659,
              11.7505871
            ],
            [
              79.7604853,
              11.7506988
            ],
            [
              79.7606905,
              11.7506646
            ],
            [
              79.7606711,
              11.7505529
            ],
            [
              79.7604659,
              11.7505871
            ]
          ]
        ]
      }
    },
    {
      "type": "Feature",
      "id": "osm_way_838475041",
      "properties": {
        "osm_id": 838475041,
        "osm_type": "way",
        "building": "yes"
      },
      "geometry": {
        "type": "Polygon",
        "coordinates": [
          [
            [
              79.7647534,
              11.7600129
            ],
            [
              79.7648267,
              11.7599988
            ],
            [
              79.7647785,
              11.7597585
            ],
            [
              79.7647051,
              11.7597727
            ],
            [
              79.7647534,
              11.7600129
            ]
          ]
        ]
      }
    },
    {
      "type": "Feature",
      "id": "osm_way_838475042",
      "properties": {
        "osm_id": 838475042,
        "osm_type": "way",
        "building": "yes"
      },
      "geometry": {
        "type": "Polygon",
        "coordinates": [
          [
            [
              79.7643846,
              11.759577
            ],
            [
              79.7645614,
              11.7595493
            ],
            [
              79.7645238,
              11.7593196
            ],
            [
              79.7643471,
              11.7593473
            ],
            [
              79.7643846,
              11.759577
            ]
          ]
        ]
      }
    },
    {
      "type": "Feature",
      "id": "osm_way_838475043",
      "properties": {
        "osm_id": 838475043,
        "osm_type": "way",
        "building": "yes"
      },
      "geometry": {
        "type": "Polygon",
        "coordinates": [
          [
            [
              79.7616716,
              11.7561476
            ],
            [
              79.7617183,
              11.7563426
            ],
            [
              79.7618497,
              11.7563124
            ],
            [
              79.761803,
              11.7561174
            ],
            [
              79.7616716,
              11.7561476
            ]
          ]
        ]
      }
    },
    {
      "type": "Feature",
      "id": "osm_way_838475044",
      "properties": {
        "osm_id": 838475044,
        "osm_type": "way",
        "building": "yes"
      },
      "geometry": {
        "type": "Polygon",
        "coordinates": [
          [
            [
              79.761626,
              11.7501774
            ],
            [
              79.761714,
              11.7501623
            ],
            [
              79.7616684,
              11.7499076
            ],
            [
              79.7615804,
              11.7499227
            ],
            [
              79.761626,
              11.7501774
            ]
          ]
        ]
      }
    },
    {
      "type": "Feature",
      "id": "osm_way_838475045",
      "properties": {
        "osm_id": 838475045,
        "osm_type": "way",
        "building": "yes"
      },
      "geometry": {
        "type": "Polygon",
        "coordinates": [
          [
            [
              79.7637248,
              11.7608348
            ],
            [
              79.7637317,
              11.7608952
            ],
            [
              79.7639946,
              11.7608663
            ],
            [
              79.7639877,
              11.760806
            ],
            [
              79.7637248,
              11.7608348
            ]
          ]
        ]
      }
    },
    {
      "type": "Feature",
      "id": "osm_way_838475046",
      "properties": {
        "osm_id": 838475046,
        "osm_type": "way",
        "building": "yes"
      },
      "geometry": {
        "type": "Polygon",
        "coordinates": [
          [
            [
              79.7636819,
              11.7609399
            ],
            [
              79.7636918,
              11.7610241
            ],
            [
              79.7639936,
              11.76099
            ],
            [
              79.7639836,
              11.7609057
            ],
            [
              79.7636819,
              11.7609399
            ]
          ]
        ]
      }
    },
    {
      "type": "Feature",
      "id": "osm_way_838475047",
      "properties": {
        "osm_id": 838475047,
        "osm_type": "way",
        "building": "yes"
      },
      "geometry": {
        "type": "Polygon",
        "coordinates": [
          [
            [
              79.7614798,
              11.7544643
            ],
            [
              79.7615231,
              11.7545371
            ],
            [
              79.7617833,
              11.7543887
            ],
            [
              79.76174,
              11.754316
            ],
            [
              79.7614798,
              11.7544643
            ]
          ]
        ]
      }
    },
    {
      "type": "Feature",
      "id": "osm_way_838475048",
      "properties": {
        "osm_id": 838475048,
        "osm_type": "way",
        "building": "yes"
      },
      "geometry": {
        "type": "Polygon",
        "coordinates": [
          [
            [
              79.7622161,
              11.76175
            ],
            [
              79.7623477,
              11.7619374
            ],
            [
              79.7624121,
              11.7618941
            ],
            [
              79.7622804,
              11.7617066
            ],
            [
              79.7622161,
              11.76175
            ]
          ]
        ]
      }
    },
    {
      "type": "Feature",
      "id": "osm_way_838475052",
      "properties": {
        "osm_id": 838475052,
        "osm_type": "way",
        "building": "yes"
      },
      "geometry": {
        "type": "Polygon",
        "coordinates": [
          [
            [
              79.7611083,
              11.7506737
            ],
            [
              79.761294,
              11.7506497
            ],
            [
              79.7612592,
              11.7503911
            ],
            [
              79.7610734,
              11.7504151
            ],
            [
              79.7611083,
              11.7506737
            ]
          ]
        ]
      }
    },
    {
      "type": "Feature",
      "id": "osm_way_838475053",
      "properties": {
        "osm_id": 838475053,
        "osm_type": "way",
        "building": "yes"
      },
      "geometry": {
        "type": "Polygon",
        "coordinates": [
          [
            [
              79.7630583,
              11.7586238
            ],
            [
              79.7631489,
              11.758605
            ],
            [
              79.7631207,
              11.758475
            ],
            [
              79.7630301,
              11.7584938
            ],
            [
              79.7630583,
              11.7586238
            ]
          ]
        ]
      }
    },
    {
      "type": "Feature",
      "id": "osm_way_838475054",
      "properties": {
        "osm_id": 838475054,
        "osm_type": "way",
        "building": "yes"
      },
      "geometry": {
        "type": "Polygon",
        "coordinates": [
          [
            [
              79.7641593,
              11.7600917
            ],
            [
              79.7642362,
              11.760076
            ],
            [
              79.7641946,
              11.7598816
            ],
            [
              79.7641177,
              11.7598974
            ],
            [
              79.7641593,
              11.7600917
            ]
          ]
        ]
      }
    },
    {
      "type": "Feature",
      "id": "osm_way_838475055",
      "properties": {
        "osm_id": 838475055,
        "osm_type": "way",
        "building": "yes"
      },
      "geometry": {
        "type": "Polygon",
        "coordinates": [
          [
            [
              79.7617574,
              11.7617762
            ],
            [
              79.7619085,
              11.7619792
            ],
            [
              79.7619876,
              11.7619228
            ],
            [
              79.7618365,
              11.7617198
            ],
            [
              79.7617574,
              11.7617762
            ]
          ]
        ]
      }
    },
    {
      "type": "Feature",
      "id": "osm_way_838475056",
      "properties": {
        "osm_id": 838475056,
        "osm_type": "way",
        "building": "yes"
      },
      "geometry": {
        "type": "Polygon",
        "coordinates": [
          [
            [
              79.7637691,
              11.7592764
            ],
            [
              79.7637751,
              11.7593386
            ],
            [
              79.7639575,
              11.7593216
            ],
            [
              79.7639514,
              11.7592593
            ],
            [
              79.7637691,
              11.7592764
            ]
          ]
        ]
      }
    },
    {
      "type": "Feature",
      "id": "osm_way_838475057",
      "properties": {
        "osm_id": 838475057,
        "osm_type": "way",
        "building": "yes"
      },
      "geometry": {
        "type": "Polygon",
        "coordinates": [
          [
            [
              79.7636685,
              11.7591083
            ],
            [
              79.7636848,
              11.759221
            ],
            [
              79.7639584,
              11.7591829
            ],
            [
              79.7639421,
              11.7590702
            ],
            [
              79.7636685,
              11.7591083
            ]
          ]
        ]
      }
    },
    {
      "type": "Feature",
      "id": "osm_way_838475063",
      "properties": {
        "osm_id": 838475063,
        "osm_type": "way",
        "building": "yes"
      },
      "geometry": {
        "type": "Polygon",
        "coordinates": [
          [
            [
              79.7678728,
              11.7445393
            ],
            [
              79.7678806,
              11.7446144
            ],
            [
              79.7680791,
              11.7445947
            ],
            [
              79.7680713,
              11.7445196
            ],
            [
              79.7678728,
              11.7445393
            ]
          ]
        ]
      }
    },
    {
      "type": "Feature",
      "id": "osm_way_838475064",
      "properties": {
        "osm_id": 838475064,
        "osm_type": "way",
        "building": "yes"
      },
      "geometry": {
        "type": "Polygon",
        "coordinates": [
          [
            [
              79.7679748,
              11.7446916
            ],
            [
              79.7679907,
              11.7448455
            ],
            [
              79.7680699,
              11.7448376
            ],
            [
              79.7680539,
              11.7446838
            ],
            [
              79.7679748,
              11.7446916
            ]
          ]
        ]
      }
    },
    {
      "type": "Feature",
      "id": "osm_way_838475066",
      "properties": {
        "osm_id": 838475066,
        "osm_type": "way",
        "building": "yes"
      },
      "geometry": {
        "type": "Polygon",
        "coordinates": [
          [
            [
              79.7636068,
              11.7585661
            ],
            [
              79.7636164,
              11.7586328
            ],
            [
              79.7638632,
              11.7585987
            ],
            [
              79.7638535,
              11.7585319
            ],
            [
              79.7636068,
              11.7585661
            ]
          ]
        ]
      }
    },
    {
      "type": "Feature",
      "id": "osm_way_838475067",
      "properties": {
        "osm_id": 838475067,
        "osm_type": "way",
        "building": "yes"
      },
      "geometry": {
        "type": "Polygon",
        "coordinates": [
          [
            [
              79.7661871,
              11.7476617
            ],
            [
              79.7662647,
              11.7476586
            ],
            [
              79.766258,
              11.7474984
            ],
            [
              79.7661804,
              11.7475015
            ],
            [
              79.7661871,
              11.7476617
            ]
          ]
        ]
      }
    },
    {
      "type": "Feature",
      "id": "osm_way_838475068",
      "properties": {
        "osm_id": 838475068,
        "osm_type": "way",
        "building": "yes"
      },
      "geometry": {
        "type": "Polygon",
        "coordinates": [
          [
            [
              79.7640467,
              11.7593118
            ],
            [
              79.764152,
              11.7592961
            ],
            [
              79.7641252,
              11.7591241
            ],
            [
              79.7640198,
              11.7591398
            ],
            [
              79.7640467,
              11.7593118
            ]
          ]
        ]
      }
    },
    {
      "type": "Feature",
      "id": "osm_way_838475071",
      "properties": {
        "osm_id": 838475071,
        "osm_type": "way",
        "building": "yes"
      },
      "geometry": {
        "type": "Polygon",
        "coordinates": [
          [
            [
              79.7637865,
              11.7619824
            ],
            [
              79.763798,
              11.7620569
            ],
            [
              79.7639669,
              11.7620319
            ],
            [
              79.7639555,
              11.7619574
            ],
            [
              79.7637865,
              11.7619824
            ]
          ]
        ]
      }
    },
    {
      "type": "Feature",
      "id": "osm_way_838475072",
      "properties": {
        "osm_id": 838475072,
        "osm_type": "way",
        "building": "yes"
      },
      "geometry": {
        "type": "Polygon",
        "coordinates": [
          [
            [
              79.7628745,
              11.757106
            ],
            [
              79.7628847,
              11.7572027
            ],
            [
              79.7632374,
              11.7571672
            ],
            [
              79.7632273,
              11.7570706
            ],
            [
              79.7628745,
              11.757106
            ]
          ]
        ]
      }
    },
    {
      "type": "Feature",
      "id": "osm_way_1067561600",
      "properties": {
        "osm_id": 1067561600,
        "osm_type": "way",
        "building": "yes",
        "source": "microsoft/BuildingFootprints"
      },
      "geometry": {
        "type": "Polygon",
        "coordinates": [
          [
            [
              79.7601047,
              11.7579413
            ],
            [
              79.7601165,
              11.7582971
            ],
            [
              79.7598432,
              11.7583058
            ],
            [
              79.7598314,
              11.75795
            ],
            [
              79.7601047,
              11.7579413
            ]
          ]
        ]
      }
    },
    {
      "type": "Feature",
      "id": "osm_way_1067561602",
      "properties": {
        "osm_id": 1067561602,
        "osm_type": "way",
        "building": "yes",
        "source": "microsoft/BuildingFootprints"
      },
      "geometry": {
        "type": "Polygon",
        "coordinates": [
          [
            [
              79.7628615,
              11.7583377
            ],
            [
              79.7628159,
              11.7580263
            ],
            [
              79.7632233,
              11.7579692
            ],
            [
              79.7632689,
              11.7582806
            ],
            [
              79.7628615,
              11.7583377
            ]
          ]
        ]
      }
    },
    {
      "type": "Feature",
      "id": "osm_way_1067561603",
      "properties": {
        "osm_id": 1067561603,
        "osm_type": "way",
        "building": "yes",
        "source": "microsoft/BuildingFootprints"
      },
      "geometry": {
        "type": "Polygon",
        "coordinates": [
          [
            [
              79.7619485,
              11.7575867
            ],
            [
              79.7620202,
              11.7575795
            ],
            [
              79.7620115,
              11.7574963
            ],
            [
              79.7622291,
              11.7574745
            ],
            [
              79.7622606,
              11.757776
            ],
            [
              79.7619713,
              11.757805
            ],
            [
              79.7619485,
              11.7575867
            ]
          ]
        ]
      }
    },
    {
      "type": "Feature",
      "id": "osm_way_1067561604",
      "properties": {
        "osm_id": 1067561604,
        "osm_type": "way",
        "building": "yes",
        "source": "microsoft/BuildingFootprints"
      },
      "geometry": {
        "type": "Polygon",
        "coordinates": [
          [
            [
              79.7619261,
              11.7553195
            ],
            [
              79.7619041,
              11.755218
            ],
            [
              79.7621479,
              11.7551673
            ],
            [
              79.7621699,
              11.7552688
            ],
            [
              79.7619261,
              11.7553195
            ]
          ]
        ]
      }
    },
    {
      "type": "Feature",
      "id": "osm_way_1067561605",
      "properties": {
        "osm_id": 1067561605,
        "osm_type": "way",
        "building": "yes",
        "source": "microsoft/BuildingFootprints"
      },
      "geometry": {
        "type": "Polygon",
        "coordinates": [
          [
            [
              79.7622776,
              11.7525491
            ],
            [
              79.7622973,
              11.7526451
            ],
            [
              79.7623707,
              11.7526307
            ],
            [
              79.7623893,
              11.7527215
            ],
            [
              79.762138,
              11.7527708
            ],
            [
              79.7621194,
              11.75268
            ],
            [
              79.7621967,
              11.7526648
            ],
            [
              79.7621771,
              11.7525688
            ],
            [
              79.7622776,
              11.7525491
            ]
          ]
        ]
      }
    },
    {
      "type": "Feature",
      "id": "osm_way_1067561606",
      "properties": {
        "osm_id": 1067561606,
        "osm_type": "way",
        "building": "yes",
        "source": "microsoft/BuildingFootprints"
      },
      "geometry": {
        "type": "Polygon",
        "coordinates": [
          [
            [
              79.7623476,
              11.7523912
            ],
            [
              79.7623746,
              11.7525087
            ],
            [
              79.7620988,
              11.7525694
            ],
            [
              79.7620719,
              11.7524519
            ],
            [
              79.7623476,
              11.7523912
            ]
          ]
        ]
      }
    },
    {
      "type": "Feature",
      "id": "osm_way_1067561607",
      "properties": {
        "osm_id": 1067561607,
        "osm_type": "way",
        "building": "yes",
        "source": "microsoft/BuildingFootprints"
      },
      "geometry": {
        "type": "Polygon",
        "coordinates": [
          [
            [
              79.7624174,
              11.7522118
            ],
            [
              79.762205,
              11.7522541
            ],
            [
              79.7622183,
              11.7523181
            ],
            [
              79.7620767,
              11.7523464
            ],
            [
              79.7620655,
              11.7522924
            ],
            [
              79.7618657,
              11.7523322
            ],
            [
              79.7618581,
              11.7522954
            ],
            [
              79.7617937,
              11.7523082
            ],
            [
              79.7617704,
              11.7521963
            ],
            [
              79.7618271,
              11.752185
            ],
            [
              79.7618187,
              11.7521446
            ],
            [
              79.762428,
              11.7520232
            ],
            [
              79.7624408,
              11.7520848
            ],
            [
              79.7623929,
              11.7520943
            ],
            [
              79.7624174,
              11.7522118
            ]
          ]
        ]
      }
    },
    {
      "type": "Feature",
      "id": "osm_way_1067561608",
      "properties": {
        "osm_id": 1067561608,
        "osm_type": "way",
        "building": "yes",
        "source": "microsoft/BuildingFootprints"
      },
      "geometry": {
        "type": "Polygon",
        "coordinates": [
          [
            [
              79.7685159,
              11.7528494
            ],
            [
              79.768784,
              11.7530872
            ],
            [
              79.768686,
              11.7531931
            ],
            [
              79.7684179,
              11.7529553
            ],
            [
              79.7685159,
              11.7528494
            ]
          ]
        ]
      }
    },
    {
      "type": "Feature",
      "id": "osm_way_1067561609",
      "properties": {
        "osm_id": 1067561609,
        "osm_type": "way",
        "building": "yes",
        "source": "microsoft/BuildingFootprints"
      },
      "geometry": {
        "type": "Polygon",
        "coordinates": [
          [
            [
              79.7670476,
              11.7520365
            ],
            [
              79.7668196,
              11.7520376
            ],
            [
              79.7668198,
              11.7520796
            ],
            [
              79.7667799,
              11.7520798
            ],
            [
              79.7667646,
              11.7520353
            ],
            [
              79.7667954,
              11.7520252
            ],
            [
              79.766795,
              11.7519458
            ],
            [
              79.7667601,
              11.751946
            ],
            [
              79.7667599,
              11.7519014
            ],
            [
              79.7668551,
              11.7519009
            ],
            [
              79.766866,
              11.7519324
            ],
            [
              79.7669184,
              11.7519321
            ],
            [
              79.7670073,
              11.7519028
            ],
            [
              79.7670335,
              11.7519026
            ],
            [
              79.7670331,
              11.7518186
            ],
            [
              79.7671232,
              11.7518182
            ],
            [
              79.7671379,
              11.7518608
            ],
            [
              79.7671381,
              11.7518995
            ],
            [
              79.7671913,
              11.7518992
            ],
            [
              79.7671997,
              11.7519234
            ],
            [
              79.7672406,
              11.7519098
            ],
            [
              79.7672509,
              11.7519399
            ],
            [
              79.7672513,
              11.7520118
            ],
            [
              79.7672498,
              11.7520118
            ],
            [
              79.7671549,
              11.7520431
            ],
            [
              79.7671554,
              11.7521305
            ],
            [
              79.7670481,
              11.752131
            ],
            [
              79.7670476,
              11.7520365
            ]
          ]
        ]
      }
    },
    {
      "type": "Feature",
      "id": "osm_way_1067561610",
      "properties": {
        "osm_id": 1067561610,
        "osm_type": "way",
        "building": "yes",
        "source": "microsoft/BuildingFootprints"
      },
      "geometry": {
        "type": "Polygon",
        "coordinates": [
          [
            [
              79.760416,
              11.7424513
            ],
            [
              79.7608104,
              11.7426005
            ],
            [
              79.7607383,
              11.7427833
            ],
            [
              79.7604944,
              11.742691
            ],
            [
              79.7604821,
              11.7427222
            ],
            [
              79.7604296,
              11.7427023
            ],
            [
              79.7604374,
              11.7426826
            ],
            [
              79.7603393,
              11.7426455
            ],
            [
              79.760416,
              11.7424513
            ]
          ]
        ]
      }
    },
    {
      "type": "Feature",
      "id": "osm_way_1067561611",
      "properties": {
        "osm_id": 1067561611,
        "osm_type": "way",
        "building": "retail",
        "source": "microsoft/BuildingFootprints"
      },
      "geometry": {
        "type": "Polygon",
        "coordinates": [
          [
            [
              79.7596961,
              11.7421735
            ],
            [
              79.7600676,
              11.7422581
            ],
            [
              79.7600329,
              11.7424041
            ],
            [
              79.7596614,
              11.7423195
            ],
            [
              79.7596961,
              11.7421735
            ]
          ]
        ]
      }
    },
    {
      "type": "Feature",
      "id": "osm_way_1067561630",
      "properties": {
        "osm_id": 1067561630,
        "osm_type": "way",
        "building": "yes",
        "source": "microsoft/BuildingFootprints"
      },
      "geometry": {
        "type": "Polygon",
        "coordinates": [
          [
            [
              79.7647618,
              11.7567114
            ],
            [
              79.7649091,
              11.7567053
            ],
            [
              79.7649115,
              11.7567616
            ],
            [
              79.7649624,
              11.7567595
            ],
            [
              79.7649664,
              11.7568526
            ],
            [
              79.7649209,
              11.7568545
            ],
            [
              79.7649251,
              11.7569527
            ],
            [
              79.7647966,
              11.756958
            ],
            [
              79.7647952,
              11.7569266
            ],
            [
              79.7647723,
              11.7569275
            ],
            [
              79.7647697,
              11.7568672
            ],
            [
              79.7646855,
              11.7568707
            ],
            [
              79.7646815,
              11.7567778
            ],
            [
              79.7647645,
              11.7567743
            ],
            [
              79.7647618,
              11.7567114
            ]
          ]
        ]
      }
    },
    {
      "type": "Feature",
      "id": "osm_way_1151432292",
      "properties": {
        "osm_id": 1151432292,
        "osm_type": "way",
        "addr:city": "Cuddalore",
        "addr:postcode": "607001",
        "building": "yes",
        "guest_house": "student_accommodation",
        "internet_access": "no",
        "name": "St. Joseph's College girls hostel",
        "phone": "+91 4142 286311",
        "tourism": "hostel",
        "website": "https://sjctnc.edu.in/aboutcollege/"
      },
      "geometry": {
        "type": "Polygon",
        "coordinates": [
          [
            [
              79.774175,
              11.7599885
            ],
            [
              79.7743042,
              11.7606828
            ],
            [
              79.7738754,
              11.7607593
            ],
            [
              79.7737462,
              11.7600649
            ],
            [
              79.774175,
              11.7599885
            ]
          ]
        ]
      }
    },
    {
      "type": "Feature",
      "id": "osm_way_1151436260",
      "properties": {
        "osm_id": 1151436260,
        "osm_type": "way",
        "addr:city": "Cuddalore",
        "addr:postcode": "607001",
        "building": "yes",
        "guest_house": "student_accommodation",
        "internet_access": "no",
        "name": "St. Joseph's College boys hostel",
        "phone": "+91 4142 286312",
        "tourism": "hostel",
        "website": "https://sjctnc.edu.in/aboutcollege/"
      },
      "geometry": {
        "type": "Polygon",
        "coordinates": [
          [
            [
              79.7756221,
              11.7596516
            ],
            [
              79.7761191,
              11.7595633
            ],
            [
              79.7762015,
              11.7600074
            ],
            [
              79.7757046,
              11.7600957
            ],
            [
              79.7756221,
              11.7596516
            ]
          ]
        ]
      }
    },
    {
      "type": "Feature",
      "id": "osm_way_1286663021",
      "properties": {
        "osm_id": 1286663021,
        "osm_type": "way",
        "building": "yes"
      },
      "geometry": {
        "type": "Polygon",
        "coordinates": [
          [
            [
              79.7840084,
              11.7424755
            ],
            [
              79.7840468,
              11.7425716
            ],
            [
              79.7844265,
              11.7424264
            ],
            [
              79.7843881,
              11.7423302
            ],
            [
              79.7840084,
              11.7424755
            ]
          ]
        ]
      }
    },
    {
      "type": "Feature",
      "id": "osm_way_1286663211",
      "properties": {
        "osm_id": 1286663211,
        "osm_type": "way",
        "building": "yes"
      },
      "geometry": {
        "type": "Polygon",
        "coordinates": [
          [
            [
              79.784052,
              11.7427621
            ],
            [
              79.7840818,
              11.7428411
            ],
            [
              79.7845223,
              11.7426744
            ],
            [
              79.784489,
              11.7425885
            ],
            [
              79.784052,
              11.7427621
            ]
          ]
        ]
      }
    }
  ]
}