building_id,event_id,exclusion_reason
TN_VARDAH_2016_071278,TN_VARDAH_2016,INSUFFICIENT_EVIDENCE
TN_VARDAH_2016_091106,TN_VARDAH_2016,INSUFFICIENT_EVIDENCE
TN_VARDAH_2016_123802,TN_VARDAH_2016,INSUFFICIENT_EVIDENCE
TN_VARDAH_2016_143747,TN_VARDAH_2016,INSUFFICIENT_EVIDENCE
TN_VARDAH_2016_183187,TN_VARDAH_2016,INSUFFICIENT_EVIDENCE
TN_VARDAH_2016_128750,TN_VARDAH_2016,INSUFFICIENT_EVIDENCE
TN_VARDAH_2016_158507,TN_VARDAH_2016,INSUFFICIENT_EVIDENCE
TN_VARDAH_2016_082051,TN_VARDAH_2016,INSUFFICIENT_EVIDENCE
TN_VARDAH_2016_009976,TN_VARDAH_2016,INSUFFICIENT_EVIDENCE
TN_VARDAH_2016_081225,TN_VARDAH_2016,INSUFFICIENT_EVIDENCE
TN_VARDAH_2016_066354,TN_VARDAH_2016,INSUFFICIENT_EVIDENCE
TN_VARDAH_2016_004992,TN_VARDAH_2016,INSUFFICIENT_EVIDENCE
TN_VARDAH_2016_198078,TN_VARDAH_2016,INSUFFICIENT_EVIDENCE
TN_VARDAH_2016_203008,TN_VARDAH_2016,INSUFFICIENT_EVIDENCE
TN_VARDAH_2016_143924,TN_VARDAH_2016,INSUFFICIENT_EVIDENCE
TN_VARDAH_2016_000041,TN_VARDAH_2016,INSUFFICIENT_EVIDENCE
TN_VARDAH_2016_073784,TN_VARDAH_2016,INSUFFICIENT_EVIDENCE
TN_VARDAH_2016_091127,TN_VARDAH_2016,INSUFFICIENT_EVIDENCE
TN_VARDAH_2016_005063,TN_VARDAH_2016,INSUFFICIENT_EVIDENCE
TN_VARDAH_2016_010007,TN_VARDAH_2016,INSUFFICIENT_EVIDENCE
TN_VARDAH_2016_111165,TN_VARDAH_2016,INSUFFICIENT_EVIDENCE
TN_VARDAH_2016_206167,TN_VARDAH_2016,INSUFFICIENT_EVIDENCE
TN_VARDAH_2016_183200,TN_VARDAH_2016,INSUFFICIENT_EVIDENCE
TN_VARDAH_2016_071292,TN_VARDAH_2016,INSUFFICIENT_EVIDENCE
TN_VARDAH_2016_005008,TN_VARDAH_2016,INSUFFICIENT_EVIDENCE
TN_VARDAH_2016_106321,TN_VARDAH_2016,INSUFFICIENT_EVIDENCE
TN_VARDAH_2016_203157,TN_VARDAH_2016,INSUFFICIENT_EVIDENCE
TN_VARDAH_2016_005009,TN_VARDAH_2016,INSUFFICIENT_EVIDENCE
TN_VARDAH_2016_076277,TN_VARDAH_2016,INSUFFICIENT_EVIDENCE
TN_VARDAH_2016_198165,TN_VARDAH_2016,INSUFFICIENT_EVIDENCE
TN_VARDAH_2016_019896,TN_VARDAH_2016,INSUFFICIENT_EVIDENCE
TN_VARDAH_2016_206171,TN_VARDAH_2016,INSUFFICIENT_EVIDENCE
TN_VARDAH_2016_000061,TN_VARDAH_2016,INSUFFICIENT_EVIDENCE
TN_VARDAH_2016_014966,TN_VARDAH_2016,INSUFFICIENT_EVIDENCE
TN_VARDAH_2016_138699,TN_VARDAH_2016,INSUFFICIENT_EVIDENCE
TN_VARDAH_2016_116071,TN_VARDAH_2016,INSUFFICIENT_EVIDENCE
TN_VARDAH_2016_158533,TN_VARDAH_2016,INSUFFICIENT_EVIDENCE
TN_VARDAH_2016_056460,TN_VARDAH_2016,INSUFFICIENT_EVIDENCE
TN_VARDAH_2016_086166,TN_VARDAH_2016,INSUFFICIENT_EVIDENCE
TN_VARDAH_2016_111240,TN_VARDAH_2016,INSUFFICIENT_EVIDENCE
TN_VARDAH_2016_138700,TN_VARDAH_2016,INSUFFICIENT_EVIDENCE
TN_VARDAH_2016_066397,TN_VARDAH_2016,INSUFFICIENT_EVIDENCE
TN_VARDAH_2016_116075,TN_VARDAH_2016,INSUFFICIENT_EVIDENCE
TN_VARDAH_2016_000018,TN_VARDAH_2016,INSUFFICIENT_EVIDENCE
TN_VARDAH_2016_021847,TN_VARDAH_2016,INSUFFICIENT_EVIDENCE
TN_VARDAH_2016_000111,TN_VARDAH_2016,INSUFFICIENT_EVIDENCE
TN_VARDAH_2016_101190,TN_VARDAH_2016,INSUFFICIENT_EVIDENCE
TN_VARDAH_2016_010050,TN_VARDAH_2016,INSUFFICIENT_EVIDENCE
TN_VARDAH_2016_019951,TN_VARDAH_2016,INSUFFICIENT_EVIDENCE
TN_VARDAH_2016_116093,TN_VARDAH_2016,INSUFFICIENT_EVIDENCE
TN_VARDAH_2016_144303,TN_VARDAH_2016,INSUFFICIENT_EVIDENCE
TN_VARDAH_2016_000114,TN_VARDAH_2016,INSUFFICIENT_EVIDENCE
TN_VARDAH_2016_101191,TN_VARDAH_2016,INSUFFICIENT_EVIDENCE
TN_VARDAH_2016_101272,TN_VARDAH_2016,INSUFFICIENT_EVIDENCE
TN_VARDAH_2016_031751,TN_VARDAH_2016,INSUFFICIENT_EVIDENCE
TN_VARDAH_2016_106162,TN_VARDAH_2016,INSUFFICIENT_EVIDENCE
TN_VARDAH_2016_133820,TN_VARDAH_2016,INSUFFICIENT_EVIDENCE
TN_GAJA_2018_006765,TN_GAJA_2018,INSUFFICIENT_EVIDENCE
TN_GAJA_2018_055295,TN_GAJA_2018,INSUFFICIENT_EVIDENCE
TN_GAJA_2018_002185,TN_GAJA_2018,INSUFFICIENT_EVIDENCE
TN_GAJA_2018_019852,TN_GAJA_2018,INSUFFICIENT_EVIDENCE
TN_GAJA_2018_000002,TN_GAJA_2018,INSUFFICIENT_EVIDENCE
TN_GAJA_2018_017081,TN_GAJA_2018,INSUFFICIENT_EVIDENCE
TN_GAJA_2018_000019,TN_GAJA_2018,INSUFFICIENT_EVIDENCE
TN_GAJA_2018_034719,TN_GAJA_2018,INSUFFICIENT_EVIDENCE
TN_GAJA_2018_002182,TN_GAJA_2018,INSUFFICIENT_EVIDENCE
TN_GAJA_2018_054450,TN_GAJA_2018,INSUFFICIENT_EVIDENCE
TN_GAJA_2018_008582,TN_GAJA_2018,INSUFFICIENT_EVIDENCE
TN_GAJA_2018_048636,TN_GAJA_2018,INSUFFICIENT_EVIDENCE
TN_GAJA_2018_056054,TN_GAJA_2018,INSUFFICIENT_EVIDENCE
TN_GAJA_2018_001151,TN_GAJA_2018,INSUFFICIENT_EVIDENCE
TN_GAJA_2018_023550,TN_GAJA_2018,INSUFFICIENT_EVIDENCE
TN_GAJA_2018_061043,TN_GAJA_2018,INSUFFICIENT_EVIDENCE
TN_GAJA_2018_065062,TN_GAJA_2018,INSUFFICIENT_EVIDENCE
TN_GAJA_2018_003881,TN_GAJA_2018,INSUFFICIENT_EVIDENCE
TN_GAJA_2018_042729,TN_GAJA_2018,INSUFFICIENT_EVIDENCE
TN_GAJA_2018_052795,TN_GAJA_2018,INSUFFICIENT_EVIDENCE
TN_GAJA_2018_006266,TN_GAJA_2018,INSUFFICIENT_EVIDENCE
TN_GAJA_2018_006330,TN_GAJA_2018,INSUFFICIENT_EVIDENCE
TN_GAJA_2018_054456,TN_GAJA_2018,INSUFFICIENT_EVIDENCE
TN_GAJA_2018_063650,TN_GAJA_2018,INSUFFICIENT_EVIDENCE
TN_GAJA_2018_001103,TN_GAJA_2018,INSUFFICIENT_EVIDENCE
TN_GAJA_2018_035068,TN_GAJA_2018,INSUFFICIENT_EVIDENCE
TN_GAJA_2018_002201,TN_GAJA_2018,INSUFFICIENT_EVIDENCE
TN_GAJA_2018_049322,TN_GAJA_2018,INSUFFICIENT_EVIDENCE
TN_GAJA_2018_000061,TN_GAJA_2018,INSUFFICIENT_EVIDENCE
TN_GAJA_2018_036135,TN_GAJA_2018,INSUFFICIENT_EVIDENCE
TN_GAJA_2018_066045,TN_GAJA_2018,INSUFFICIENT_EVIDENCE
TN_GAJA_2018_016715,TN_GAJA_2018,INSUFFICIENT_EVIDENCE
TN_GAJA_2018_046689,TN_GAJA_2018,INSUFFICIENT_EVIDENCE
TN_GAJA_2018_035214,TN_GAJA_2018,INSUFFICIENT_EVIDENCE
TN_GAJA_2018_056059,TN_GAJA_2018,INSUFFICIENT_EVIDENCE
TN_GAJA_2018_009953,TN_GAJA_2018,INSUFFICIENT_EVIDENCE
TN_GAJA_2018_011245,TN_GAJA_2018,INSUFFICIENT_EVIDENCE
TN_GAJA_2018_017110,TN_GAJA_2018,INSUFFICIENT_EVIDENCE
TN_GAJA_2018_008616,TN_GAJA_2018,INSUFFICIENT_EVIDENCE
TN_GAJA_2018_069056,TN_GAJA_2018,INSUFFICIENT_EVIDENCE
TN_GAJA_2018_006279,TN_GAJA_2018,INSUFFICIENT_EVIDENCE
TN_GAJA_2018_002212,TN_GAJA_2018,INSUFFICIENT_EVIDENCE
TN_GAJA_2018_003861,TN_GAJA_2018,INSUFFICIENT_EVIDENCE
TN_GAJA_2018_008596,TN_GAJA_2018,INSUFFICIENT_EVIDENCE
TN_GAJA_2018_042675,TN_GAJA_2018,INSUFFICIENT_EVIDENCE
TN_GAJA_2018_033188,TN_GAJA_2018,INSUFFICIENT_EVIDENCE
TN_GAJA_2018_028498,TN_GAJA_2018,INSUFFICIENT_EVIDENCE
TN_GAJA_2018_042803,TN_GAJA_2018,INSUFFICIENT_EVIDENCE
TN_NIVAR_2020_000001,TN_NIVAR_2020,INSUFFICIENT_EVIDENCE
TN_NIVAR_2020_030554,TN_NIVAR_2020,INSUFFICIENT_EVIDENCE
TN_NIVAR_2020_043758,TN_NIVAR_2020,INSUFFICIENT_EVIDENCE
TN_NIVAR_2020_000004,TN_NIVAR_2020,BORDER_NODATA
TN_NIVAR_2020_000003,TN_NIVAR_2020,BORDER_NODATA
TN_NIVAR_2020_051789,TN_NIVAR_2020,INSUFFICIENT_EVIDENCE
TN_NIVAR_2020_104123,TN_NIVAR_2020,INSUFFICIENT_EVIDENCE
TN_NIVAR_2020_069497,TN_NIVAR_2020,INSUFFICIENT_EVIDENCE
TN_NIVAR_2020_000008,TN_NIVAR_2020,BORDER_NODATA
TN_NIVAR_2020_098629,TN_NIVAR_2020,INSUFFICIENT_EVIDENCE
TN_NIVAR_2020_059525,TN_NIVAR_2020,INSUFFICIENT_EVIDENCE
TN_NIVAR_2020_091821,TN_NIVAR_2020,INSUFFICIENT_EVIDENCE
TN_NIVAR_2020_000006,TN_NIVAR_2020,BORDER_NODATA
TN_NIVAR_2020_000010,TN_NIVAR_2020,BORDER_NODATA
TN_NIVAR_2020_029921,TN_NIVAR_2020,INSUFFICIENT_EVIDENCE
TN_NIVAR_2020_031711,TN_NIVAR_2020,INSUFFICIENT_EVIDENCE
TN_NIVAR_2020_071897,TN_NIVAR_2020,INSUFFICIENT_EVIDENCE
TN_NIVAR_2020_086378,TN_NIVAR_2020,INSUFFICIENT_EVIDENCE
TN_NIVAR_2020_002054,TN_NIVAR_2020,INSUFFICIENT_EVIDENCE
TN_NIVAR_2020_073736,TN_NIVAR_2020,INSUFFICIENT_EVIDENCE
TN_NIVAR_2020_000007,TN_NIVAR_2020,BORDER_NODATA
TN_NIVAR_2020_069499,TN_NIVAR_2020,INSUFFICIENT_EVIDENCE
TN_NIVAR_2020_085407,TN_NIVAR_2020,INSUFFICIENT_EVIDENCE
TN_NIVAR_2020_000011,TN_NIVAR_2020,BORDER_NODATA
TN_NIVAR_2020_085418,TN_NIVAR_2020,INSUFFICIENT_EVIDENCE
TN_NIVAR_2020_011981,TN_NIVAR_2020,INSUFFICIENT_EVIDENCE
TN_NIVAR_2020_000009,TN_NIVAR_2020,BORDER_NODATA
TN_NIVAR_2020_078706,TN_NIVAR_2020,INSUFFICIENT_EVIDENCE
TN_NIVAR_2020_102772,TN_NIVAR_2020,INSUFFICIENT_EVIDENCE
TN_NIVAR_2020_096341,TN_NIVAR_2020,INSUFFICIENT_EVIDENCE
TN_NIVAR_2020_000573,TN_NIVAR_2020,INSUFFICIENT_EVIDENCE
TN_NIVAR_2020_009591,TN_NIVAR_2020,INSUFFICIENT_EVIDENCE
TN_NIVAR_2020_048083,TN_NIVAR_2020,INSUFFICIENT_EVIDENCE
TN_NIVAR_2020_010284,TN_NIVAR_2020,INSUFFICIENT_EVIDENCE
TN_NIVAR_2020_031960,TN_NIVAR_2020,INSUFFICIENT_EVIDENCE
TN_NIVAR_2020_005174,TN_NIVAR_2020,INSUFFICIENT_EVIDENCE
TN_NIVAR_2020_039132,TN_NIVAR_2020,INSUFFICIENT_EVIDENCE
TN_NIVAR_2020_090643,TN_NIVAR_2020,INSUFFICIENT_EVIDENCE
TN_NIVAR_2020_085394,TN_NIVAR_2020,INSUFFICIENT_EVIDENCE
TN_NIVAR_2020_000013,TN_NIVAR_2020,BORDER_NODATA
TN_NIVAR_2020_017018,TN_NIVAR_2020,INSUFFICIENT_EVIDENCE
TN_NIVAR_2020_000830,TN_NIVAR_2020,INSUFFICIENT_EVIDENCE
TN_NIVAR_2020_002176,TN_NIVAR_2020,INSUFFICIENT_EVIDENCE
TN_NIVAR_2020_002096,TN_NIVAR_2020,INSUFFICIENT_EVIDENCE
TN_NIVAR_2020_005208,TN_NIVAR_2020,INSUFFICIENT_EVIDENCE
TN_NIVAR_2020_000016,TN_NIVAR_2020,BORDER_NODATA
TN_NIVAR_2020_000018,TN_NIVAR_2020,BORDER_NODATA
TN_NIVAR_2020_069709,TN_NIVAR_2020,INSUFFICIENT_EVIDENCE
TN_NIVAR_2020_000730,TN_NIVAR_2020,INSUFFICIENT_EVIDENCE
TN_NIVAR_2020_072351,TN_NIVAR_2020,INSUFFICIENT_EVIDENCE
TN_NIVAR_2020_059593,TN_NIVAR_2020,INSUFFICIENT_EVIDENCE
TN_NIVAR_2020_078665,TN_NIVAR_2020,INSUFFICIENT_EVIDENCE
TN_NIVAR_2020_064475,TN_NIVAR_2020,INSUFFICIENT_EVIDENCE
TN_NIVAR_2020_092010,TN_NIVAR_2020,INSUFFICIENT_EVIDENCE
TN_NIVAR_2020_104195,TN_NIVAR_2020,INSUFFICIENT_EVIDENCE
TN_NIVAR_2020_000021,TN_NIVAR_2020,BORDER_NODATA
TN_NIVAR_2020_051886,TN_NIVAR_2020,INSUFFICIENT_EVIDENCE
TN_NIVAR_2020_000849,TN_NIVAR_2020,INSUFFICIENT_EVIDENCE
TN_NIVAR_2020_044084,TN_NIVAR_2020,INSUFFICIENT_EVIDENCE
TN_NIVAR_2020_096347,TN_NIVAR_2020,INSUFFICIENT_EVIDENCE
TN_NIVAR_2020_051818,TN_NIVAR_2020,INSUFFICIENT_EVIDENCE
TN_NIVAR_2020_002066,TN_NIVAR_2020,INSUFFICIENT_EVIDENCE
TN_NIVAR_2020_034169,TN_NIVAR_2020,INSUFFICIENT_EVIDENCE
TN_NIVAR_2020_005190,TN_NIVAR_2020,INSUFFICIENT_EVIDENCE
TN_NIVAR_2020_085400,TN_NIVAR_2020,INSUFFICIENT_EVIDENCE
TN_NIVAR_2020_000033,TN_NIVAR_2020,BORDER_NODATA
TN_NIVAR_2020_017032,TN_NIVAR_2020,INSUFFICIENT_EVIDENCE
TN_NIVAR_2020_085417,TN_NIVAR_2020,INSUFFICIENT_EVIDENCE
TN_NIVAR_2020_000023,TN_NIVAR_2020,BORDER_NODATA
TN_NIVAR_2020_000738,TN_NIVAR_2020,BORDER_NODATA
TN_NIVAR_2020_000747,TN_NIVAR_2020,INSUFFICIENT_EVIDENCE
TN_NIVAR_2020_000035,TN_NIVAR_2020,BORDER_NODATA
TN_NIVAR_2020_085419,TN_NIVAR_2020,INSUFFICIENT_EVIDENCE
TN_NIVAR_2020_000739,TN_NIVAR_2020,BORDER_NODATA
TN_NIVAR_2020_017843,TN_NIVAR_2020,INSUFFICIENT_EVIDENCE
TN_MANDOUS_2022_011486,TN_MANDOUS_2022,INSUFFICIENT_EVIDENCE
TN_MANDOUS_2022_022741,TN_MANDOUS_2022,INSUFFICIENT_EVIDENCE
TN_MANDOUS_2022_010455,TN_MANDOUS_2022,INSUFFICIENT_EVIDENCE
TN_MANDOUS_2022_020011,TN_MANDOUS_2022,INSUFFICIENT_EVIDENCE
TN_MANDOUS_2022_011487,TN_MANDOUS_2022,INSUFFICIENT_EVIDENCE
TN_MANDOUS_2022_017508,TN_MANDOUS_2022,INSUFFICIENT_EVIDENCE
TN_MANDOUS_2022_018305,TN_MANDOUS_2022,INSUFFICIENT_EVIDENCE
TN_MANDOUS_2022_010453,TN_MANDOUS_2022,INSUFFICIENT_EVIDENCE
TN_MANDOUS_2022_033353,TN_MANDOUS_2022,INSUFFICIENT_EVIDENCE
TN_MANDOUS_2022_008652,TN_MANDOUS_2022,INSUFFICIENT_EVIDENCE
TN_MANDOUS_2022_021958,TN_MANDOUS_2022,INSUFFICIENT_EVIDENCE
TN_MANDOUS_2022_029026,TN_MANDOUS_2022,INSUFFICIENT_EVIDENCE
TN_MANDOUS_2022_000011,TN_MANDOUS_2022,INSUFFICIENT_EVIDENCE
TN_MANDOUS_2022_017497,TN_MANDOUS_2022,INSUFFICIENT_EVIDENCE
TN_MANDOUS_2022_010456,TN_MANDOUS_2022,INSUFFICIENT_EVIDENCE
TN_MANDOUS_2022_028563,TN_MANDOUS_2022,INSUFFICIENT_EVIDENCE
TN_MANDOUS_2022_026464,TN_MANDOUS_2022,INSUFFICIENT_EVIDENCE
TN_MANDOUS_2022_028552,TN_MANDOUS_2022,INSUFFICIENT_EVIDENCE
TN_MANDOUS_2022_007550,TN_MANDOUS_2022,INSUFFICIENT_EVIDENCE
TN_MANDOUS_2022_030949,TN_MANDOUS_2022,INSUFFICIENT_EVIDENCE
TN_MANDOUS_2022_003789,TN_MANDOUS_2022,INSUFFICIENT_EVIDENCE
TN_MANDOUS_2022_030951,TN_MANDOUS_2022,INSUFFICIENT_EVIDENCE
TN_MANDOUS_2022_021222,TN_MANDOUS_2022,INSUFFICIENT_EVIDENCE
TN_MANDOUS_2022_033080,TN_MANDOUS_2022,INSUFFICIENT_EVIDENCE
TN_MANDOUS_2022_033493,TN_MANDOUS_2022,INSUFFICIENT_EVIDENCE
TN_MANDOUS_2022_004692,TN_MANDOUS_2022,INSUFFICIENT_EVIDENCE
TN_MANDOUS_2022_009971,TN_MANDOUS_2022,INSUFFICIENT_EVIDENCE
TN_MANDOUS_2022_006692,TN_MANDOUS_2022,INSUFFICIENT_EVIDENCE
TN_MANDOUS_2022_030888,TN_MANDOUS_2022,INSUFFICIENT_EVIDENCE
TN_MANDOUS_2022_017507,TN_MANDOUS_2022,INSUFFICIENT_EVIDENCE
TN_MANDOUS_2022_019026,TN_MANDOUS_2022,INSUFFICIENT_EVIDENCE
TN_MANDOUS_2022_033509,TN_MANDOUS_2022,INSUFFICIENT_EVIDENCE
TN_MANDOUS_2022_006558,TN_MANDOUS_2022,INSUFFICIENT_EVIDENCE
TN_MANDOUS_2022_018337,TN_MANDOUS_2022,INSUFFICIENT_EVIDENCE
TN_MANDOUS_2022_030295,TN_MANDOUS_2022,INSUFFICIENT_EVIDENCE
TN_MANDOUS_2022_002423,TN_MANDOUS_2022,INSUFFICIENT_EVIDENCE
TN_MANDOUS_2022_029574,TN_MANDOUS_2022,INSUFFICIENT_EVIDENCE
TN_MANDOUS_2022_028319,TN_MANDOUS_2022,INSUFFICIENT_EVIDENCE
TN_MANDOUS_2022_000022,TN_MANDOUS_2022,INSUFFICIENT_EVIDENCE
TN_MANDOUS_2022_019047,TN_MANDOUS_2022,INSUFFICIENT_EVIDENCE
TN_MANDOUS_2022_030298,TN_MANDOUS_2022,INSUFFICIENT_EVIDENCE
TN_MANDOUS_2022_033029,TN_MANDOUS_2022,INSUFFICIENT_EVIDENCE
TN_MANDOUS_2022_018614,TN_MANDOUS_2022,INSUFFICIENT_EVIDENCE
TN_MANDOUS_2022_019034,TN_MANDOUS_2022,INSUFFICIENT_EVIDENCE
TN_MANDOUS_2022_000241,TN_MANDOUS_2022,INSUFFICIENT_EVIDENCE
TN_MANDOUS_2022_010562,TN_MANDOUS_2022,INSUFFICIENT_EVIDENCE
TN_MANDOUS_2022_021238,TN_MANDOUS_2022,INSUFFICIENT_EVIDENCE
TN_MANDOUS_2022_030966,TN_MANDOUS_2022,INSUFFICIENT_EVIDENCE
TN_MANDOUS_2022_029044,TN_MANDOUS_2022,INSUFFICIENT_EVIDENCE
TN_MANDOUS_2022_027071,TN_MANDOUS_2022,INSUFFICIENT_EVIDENCE
TN_SOUTHERN_FLOOD_2023_000002,TN_SOUTHERN_FLOOD_2023,BORDER_NODATA
TN_SOUTHERN_FLOOD_2023_000003,TN_SOUTHERN_FLOOD_2023,BORDER_NODATA
TN_SOUTHERN_FLOOD_2023_011241,TN_SOUTHERN_FLOOD_2023,BORDER_NODATA
TN_SOUTHERN_FLOOD_2023_034258,TN_SOUTHERN_FLOOD_2023,BORDER_NODATA
TN_SOUTHERN_FLOOD_2023_064769,TN_SOUTHERN_FLOOD_2023,BORDER_NODATA
TN_SOUTHERN_FLOOD_2023_103087,TN_SOUTHERN_FLOOD_2023,BORDER_NODATA
TN_SOUTHERN_FLOOD_2023_103230,TN_SOUTHERN_FLOOD_2023,BORDER_NODATA
TN_SOUTHERN_FLOOD_2023_132547,TN_SOUTHERN_FLOOD_2023,BORDER_NODATA
TN_SOUTHERN_FLOOD_2023_000005,TN_SOUTHERN_FLOOD_2023,BORDER_NODATA
TN_SOUTHERN_FLOOD_2023_000001,TN_SOUTHERN_FLOOD_2023,BORDER_NODATA
TN_SOUTHERN_FLOOD_2023_011271,TN_SOUTHERN_FLOOD_2023,BORDER_NODATA
TN_SOUTHERN_FLOOD_2023_034260,TN_SOUTHERN_FLOOD_2023,BORDER_NODATA
TN_SOUTHERN_FLOOD_2023_064772,TN_SOUTHERN_FLOOD_2023,BORDER_NODATA
TN_SOUTHERN_FLOOD_2023_103110,TN_SOUTHERN_FLOOD_2023,BORDER_NODATA
TN_SOUTHERN_FLOOD_2023_103434,TN_SOUTHERN_FLOOD_2023,BORDER_NODATA
TN_SOUTHERN_FLOOD_2023_132551,TN_SOUTHERN_FLOOD_2023,BORDER_NODATA
TN_SOUTHERN_FLOOD_2023_002178,TN_SOUTHERN_FLOOD_2023,BORDER_NODATA
TN_SOUTHERN_FLOOD_2023_002269,TN_SOUTHERN_FLOOD_2023,BORDER_NODATA
TN_SOUTHERN_FLOOD_2023_013103,TN_SOUTHERN_FLOOD_2023,BORDER_NODATA
TN_SOUTHERN_FLOOD_2023_038820,TN_SOUTHERN_FLOOD_2023,BORDER_NODATA
TN_SOUTHERN_FLOOD_2023_068424,TN_SOUTHERN_FLOOD_2023,BORDER_NODATA
TN_SOUTHERN_FLOOD_2023_105178,TN_SOUTHERN_FLOOD_2023,BORDER_NODATA
TN_SOUTHERN_FLOOD_2023_105180,TN_SOUTHERN_FLOOD_2023,BORDER_NODATA
TN_SOUTHERN_FLOOD_2023_133511,TN_SOUTHERN_FLOOD_2023,BORDER_NODATA
TN_SOUTHERN_FLOOD_2023_002880,TN_SOUTHERN_FLOOD_2023,BORDER_NODATA
TN_SOUTHERN_FLOOD_2023_002875,TN_SOUTHERN_FLOOD_2023,BORDER_NODATA
TN_SOUTHERN_FLOOD_2023_013907,TN_SOUTHERN_FLOOD_2023,BORDER_NODATA
TN_SOUTHERN_FLOOD_2023_042162,TN_SOUTHERN_FLOOD_2023,BORDER_NODATA
TN_SOUTHERN_FLOOD_2023_073396,TN_SOUTHERN_FLOOD_2023,BORDER_NODATA
TN_SOUTHERN_FLOOD_2023_106865,TN_SOUTHERN_FLOOD_2023,BORDER_NODATA
TN_SOUTHERN_FLOOD_2023_106898,TN_SOUTHERN_FLOOD_2023,BORDER_NODATA
TN_SOUTHERN_FLOOD_2023_133867,TN_SOUTHERN_FLOOD_2023,BORDER_NODATA
TN_SOUTHERN_FLOOD_2023_004160,TN_SOUTHERN_FLOOD_2023,BORDER_NODATA
TN_SOUTHERN_FLOOD_2023_004153,TN_SOUTHERN_FLOOD_2023,BORDER_NODATA
TN_SOUTHERN_FLOOD_2023_015573,TN_SOUTHERN_FLOOD_2023,BORDER_NODATA
TN_SOUTHERN_FLOOD_2023_043517,TN_SOUTHERN_FLOOD_2023,BORDER_NODATA
TN_SOUTHERN_FLOOD_2023_078359,TN_SOUTHERN_FLOOD_2023,BORDER_NODATA
TN_SOUTHERN_FLOOD_2023_111754,TN_SOUTHERN_FLOOD_2023,BORDER_NODATA
TN_SOUTHERN_FLOOD_2023_111759,TN_SOUTHERN_FLOOD_2023,BORDER_NODATA
TN_SOUTHERN_FLOOD_2023_134372,TN_SOUTHERN_FLOOD_2023,BORDER_NODATA
TN_SOUTHERN_FLOOD_2023_005177,TN_SOUTHERN_FLOOD_2023,BORDER_NODATA
TN_SOUTHERN_FLOOD_2023_004435,TN_SOUTHERN_FLOOD_2023,BORDER_NODATA
TN_SOUTHERN_FLOOD_2023_015843,TN_SOUTHERN_FLOOD_2023,BORDER_NODATA
TN_SOUTHERN_FLOOD_2023_044972,TN_SOUTHERN_FLOOD_2023,BORDER_NODATA
TN_SOUTHERN_FLOOD_2023_083287,TN_SOUTHERN_FLOOD_2023,BORDER_NODATA
TN_SOUTHERN_FLOOD_2023_083577,TN_SOUTHERN_FLOOD_2023,BORDER_NODATA
TN_SOUTHERN_FLOOD_2023_116426,TN_SOUTHERN_FLOOD_2023,BORDER_NODATA
TN_SOUTHERN_FLOOD_2023_005176,TN_SOUTHERN_FLOOD_2023,BORDER_NODATA
TN_SOUTHERN_FLOOD_2023_005184,TN_SOUTHERN_FLOOD_2023,BORDER_NODATA
TN_SOUTHERN_FLOOD_2023_019691,TN_SOUTHERN_FLOOD_2023,BORDER_NODATA
TN_SOUTHERN_FLOOD_2023_044978,TN_SOUTHERN_FLOOD_2023,BORDER_NODATA
TN_SOUTHERN_FLOOD_2023_083303,TN_SOUTHERN_FLOOD_2023,BORDER_NODATA
TN_SOUTHERN_FLOOD_2023_083472,TN_SOUTHERN_FLOOD_2023,BORDER_NODATA
TN_SOUTHERN_FLOOD_2023_116434,TN_SOUTHERN_FLOOD_2023,BORDER_NODATA
TN_SOUTHERN_FLOOD_2023_139051,TN_SOUTHERN_FLOOD_2023,BORDER_NODATA
TN_SOUTHERN_FLOOD_2023_006654,TN_SOUTHERN_FLOOD_2023,BORDER_NODATA
TN_SOUTHERN_FLOOD_2023_006650,TN_SOUTHERN_FLOOD_2023,BORDER_NODATA
TN_SOUTHERN_FLOOD_2023_023909,TN_SOUTHERN_FLOOD_2023,BORDER_NODATA
TN_SOUTHERN_FLOOD_2023_049920,TN_SOUTHERN_FLOOD_2023,BORDER_NODATA
TN_SOUTHERN_FLOOD_2023_088258,TN_SOUTHERN_FLOOD_2023,BORDER_NODATA
TN_SOUTHERN_FLOOD_2023_088263,TN_SOUTHERN_FLOOD_2023,BORDER_NODATA
TN_SOUTHERN_FLOOD_2023_121470,TN_SOUTHERN_FLOOD_2023,BORDER_NODATA
TN_SOUTHERN_FLOOD_2023_008911,TN_SOUTHERN_FLOOD_2023,BORDER_NODATA
TN_SOUTHERN_FLOOD_2023_008919,TN_SOUTHERN_FLOOD_2023,BORDER_NODATA
TN_SOUTHERN_FLOOD_2023_027428,TN_SOUTHERN_FLOOD_2023,BORDER_NODATA
TN_SOUTHERN_FLOOD_2023_054879,TN_SOUTHERN_FLOOD_2023,BORDER_NODATA
TN_SOUTHERN_FLOOD_2023_093201,TN_SOUTHERN_FLOOD_2023,BORDER_NODATA
TN_SOUTHERN_FLOOD_2023_093324,TN_SOUTHERN_FLOOD_2023,BORDER_NODATA
TN_SOUTHERN_FLOOD_2023_126255,TN_SOUTHERN_FLOOD_2023,BORDER_NODATA
TN_SOUTHERN_FLOOD_2023_156890,TN_SOUTHERN_FLOOD_2023,INSUFFICIENT_EVIDENCE
TN_SOUTHERN_FLOOD_2023_011039,TN_SOUTHERN_FLOOD_2023,BORDER_NODATA
TN_SOUTHERN_FLOOD_2023_011053,TN_SOUTHERN_FLOOD_2023,BORDER_NODATA
TN_SOUTHERN_FLOOD_2023_032377,TN_SOUTHERN_FLOOD_2023,BORDER_NODATA
TN_SOUTHERN_FLOOD_2023_059822,TN_SOUTHERN_FLOOD_2023,BORDER_NODATA
TN_SOUTHERN_FLOOD_2023_098167,TN_SOUTHERN_FLOOD_2023,BORDER_NODATA
TN_SOUTHERN_FLOOD_2023_098186,TN_SOUTHERN_FLOOD_2023,BORDER_NODATA
TN_SOUTHERN_FLOOD_2023_130292,TN_SOUTHERN_FLOOD_2023,BORDER_NODATA
TN_SOUTHERN_FLOOD_2023_168795,TN_SOUTHERN_FLOOD_2023,INSUFFICIENT_EVIDENCE
TN_SOUTHERN_FLOOD_2023_000004,TN_SOUTHERN_FLOOD_2023,BORDER_NODATA
TN_SOUTHERN_FLOOD_2023_000009,TN_SOUTHERN_FLOOD_2023,BORDER_NODATA
TN_SOUTHERN_FLOOD_2023_011252,TN_SOUTHERN_FLOOD_2023,BORDER_NODATA
TN_SOUTHERN_FLOOD_2023_034262,TN_SOUTHERN_FLOOD_2023,BORDER_NODATA
TN_SOUTHERN_FLOOD_2023_064770,TN_SOUTHERN_FLOOD_2023,BORDER_NODATA
TN_SOUTHERN_FLOOD_2023_103088,TN_SOUTHERN_FLOOD_2023,BORDER_NODATA
TN_SOUTHERN_FLOOD_2023_103464,TN_SOUTHERN_FLOOD_2023,BORDER_NODATA
TN_SOUTHERN_FLOOD_2023_132549,TN_SOUTHERN_FLOOD_2023,BORDER_NODATA
TN_SOUTHERN_FLOOD_2023_000019,TN_SOUTHERN_FLOOD_2023,BORDER_NODATA
TN_SOUTHERN_FLOOD_2023_000023,TN_SOUTHERN_FLOOD_2023,BORDER_NODATA
TN_SOUTHERN_FLOOD_2023_011770,TN_SOUTHERN_FLOOD_2023,BORDER_NODATA
TN_SOUTHERN_FLOOD_2023_034261,TN_SOUTHERN_FLOOD_2023,BORDER_NODATA
TN_SOUTHERN_FLOOD_2023_064773,TN_SOUTHERN_FLOOD_2023,BORDER_NODATA
TN_SOUTHERN_FLOOD_2023_103115,TN_SOUTHERN_FLOOD_2023,BORDER_NODATA
TN_SOUTHERN_FLOOD_2023_103549,TN_SOUTHERN_FLOOD_2023,BORDER_NODATA
TN_SOUTHERN_FLOOD_2023_132552,TN_SOUTHERN_FLOOD_2023,BORDER_NODATA
TN_SOUTHERN_FLOOD_2023_002255,TN_SOUTHERN_FLOOD_2023,BORDER_NODATA
TN_SOUTHERN_FLOOD_2023_002350,TN_SOUTHERN_FLOOD_2023,BORDER_NODATA
TN_SOUTHERN_FLOOD_2023_013125,TN_SOUTHERN_FLOOD_2023,BORDER_NODATA
TN_SOUTHERN_FLOOD_2023_038823,TN_SOUTHERN_FLOOD_2023,BORDER_NODATA
TN_SOUTHERN_FLOOD_2023_068425,TN_SOUTHERN_FLOOD_2023,BORDER_NODATA
TN_SOUTHERN_FLOOD_2023_105179,TN_SOUTHERN_FLOOD_2023,BORDER_NODATA
TN_SOUTHERN_FLOOD_2023_105205,TN_SOUTHERN_FLOOD_2023,BORDER_NODATA
TN_SOUTHERN_FLOOD_2023_133565,TN_SOUTHERN_FLOOD_2023,BORDER_NODATA
TN_SOUTHERN_FLOOD_2023_002887,TN_SOUTHERN_FLOOD_2023,BORDER_NODATA
TN_SOUTHERN_FLOOD_2023_002876,TN_SOUTHERN_FLOOD_2023,BORDER_NODATA
TN_SOUTHERN_FLOOD_2023_014076,TN_SOUTHERN_FLOOD_2023,BORDER_NODATA
TN_SOUTHERN_FLOOD_2023_042164,TN_SOUTHERN_FLOOD_2023,BORDER_NODATA
TN_SOUTHERN_FLOOD_2023_073397,TN_SOUTHERN_FLOOD_2023,BORDER_NODATA
TN_SOUTHERN_FLOOD_2023_106866,TN_SOUTHERN_FLOOD_2023,BORDER_NODATA
TN_SOUTHERN_FLOOD_2023_106916,TN_SOUTHERN_FLOOD_2023,BORDER_NODATA
TN_SOUTHERN_FLOOD_2023_133869,TN_SOUTHERN_FLOOD_2023,BORDER_NODATA
TN_SOUTHERN_FLOOD_2023_004164,TN_SOUTHERN_FLOOD_2023,BORDER_NODATA
TN_SOUTHERN_FLOOD_2023_004158,TN_SOUTHERN_FLOOD_2023,BORDER_NODATA
TN_SOUTHERN_FLOOD_2023_015577,TN_SOUTHERN_FLOOD_2023,BORDER_NODATA
TN_SOUTHERN_FLOOD_2023_043519,TN_SOUTHERN_FLOOD_2023,BORDER_NODATA
TN_SOUTHERN_FLOOD_2023_078362,TN_SOUTHERN_FLOOD_2023,BORDER_NODATA
TN_SOUTHERN_FLOOD_2023_111755,TN_SOUTHERN_FLOOD_2023,BORDER_NODATA
TN_SOUTHERN_FLOOD_2023_111769,TN_SOUTHERN_FLOOD_2023,BORDER_NODATA
TN_SOUTHERN_FLOOD_2023_134373,TN_SOUTHERN_FLOOD_2023,BORDER_NODATA
TN_SOUTHERN_FLOOD_2023_150021,TN_SOUTHERN_FLOOD_2023,INSUFFICIENT_EVIDENCE
TN_SOUTHERN_FLOOD_2023_005182,TN_SOUTHERN_FLOOD_2023,BORDER_NODATA
TN_SOUTHERN_FLOOD_2023_005180,TN_SOUTHERN_FLOOD_2023,BORDER_NODATA
TN_SOUTHERN_FLOOD_2023_016198,TN_SOUTHERN_FLOOD_2023,BORDER_NODATA
TN_SOUTHERN_FLOOD_2023_044973,TN_SOUTHERN_FLOOD_2023,BORDER_NODATA
TN_SOUTHERN_FLOOD_2023_083288,TN_SOUTHERN_FLOOD_2023,BORDER_NODATA
TN_SOUTHERN_FLOOD_2023_084604,TN_SOUTHERN_FLOOD_2023,BORDER_NODATA
TN_SOUTHERN_FLOOD_2023_116429,TN_SOUTHERN_FLOOD_2023,BORDER_NODATA
TN_SOUTHERN_FLOOD_2023_005178,TN_SOUTHERN_FLOOD_2023,BORDER_NODATA
TN_SOUTHERN_FLOOD_2023_005188,TN_SOUTHERN_FLOOD_2023,BORDER_NODATA
TN_SOUTHERN_FLOOD_2023_019696,TN_SOUTHERN_FLOOD_2023,BORDER_NODATA
TN_SOUTHERN_FLOOD_2023_044988,TN_SOUTHERN_FLOOD_2023,BORDER_NODATA
TN_SOUTHERN_FLOOD_2023_083337,TN_SOUTHERN_FLOOD_2023,BORDER_NODATA
TN_SOUTHERN_FLOOD_2023_083829,TN_SOUTHERN_FLOOD_2023,BORDER_NODATA
TN_SOUTHERN_FLOOD_2023_116447,TN_SOUTHERN_FLOOD_2023,BORDER_NODATA
TN_SOUTHERN_FLOOD_2023_006662,TN_SOUTHERN_FLOOD_2023,BORDER_NODATA
TN_SOUTHERN_FLOOD_2023_006652,TN_SOUTHERN_FLOOD_2023,BORDER_NODATA
TN_SOUTHERN_FLOOD_2023_023910,TN_SOUTHERN_FLOOD_2023,BORDER_NODATA
TN_SOUTHERN_FLOOD_2023_049921,TN_SOUTHERN_FLOOD_2023,BORDER_NODATA
TN_SOUTHERN_FLOOD_2023_088259,TN_SOUTHERN_FLOOD_2023,BORDER_NODATA
TN_SOUTHERN_FLOOD_2023_088329,TN_SOUTHERN_FLOOD_2023,BORDER_NODATA
TN_SOUTHERN_FLOOD_2023_121502,TN_SOUTHERN_FLOOD_2023,BORDER_NODATA
TN_SOUTHERN_FLOOD_2023_008935,TN_SOUTHERN_FLOOD_2023,BORDER_NODATA
TN_SOUTHERN_FLOOD_2023_008980,TN_SOUTHERN_FLOOD_2023,BORDER_NODATA
TN_SOUTHERN_FLOOD_2023_027437,TN_SOUTHERN_FLOOD_2023,BORDER_NODATA
TN_SOUTHERN_FLOOD_2023_054888,TN_SOUTHERN_FLOOD_2023,BORDER_NODATA
TN_SOUTHERN_FLOOD_2023_093202,TN_SOUTHERN_FLOOD_2023,BORDER_NODATA
TN_SOUTHERN_FLOOD_2023_093395,TN_SOUTHERN_FLOOD_2023,BORDER_NODATA
TN_SOUTHERN_FLOOD_2023_126882,TN_SOUTHERN_FLOOD_2023,BORDER_NODATA
TN_SOUTHERN_FLOOD_2023_011042,TN_SOUTHERN_FLOOD_2023,BORDER_NODATA
TN_SOUTHERN_FLOOD_2023_011116,TN_SOUTHERN_FLOOD_2023,BORDER_NODATA
TN_SOUTHERN_FLOOD_2023_032378,TN_SOUTHERN_FLOOD_2023,BORDER_NODATA
TN_SOUTHERN_FLOOD_2023_059825,TN_SOUTHERN_FLOOD_2023,BORDER_NODATA
TN_SOUTHERN_FLOOD_2023_098168,TN_SOUTHERN_FLOOD_2023,BORDER_NODATA
TN_SOUTHERN_FLOOD_2023_098188,TN_SOUTHERN_FLOOD_2023,BORDER_NODATA
TN_SOUTHERN_FLOOD_2023_130297,TN_SOUTHERN_FLOOD_2023,BORDER_NODATA
TN_SOUTHERN_FLOOD_2023_000006,TN_SOUTHERN_FLOOD_2023,BORDER_NODATA
TN_SOUTHERN_FLOOD_2023_000011,TN_SOUTHERN_FLOOD_2023,BORDER_NODATA
TN_SOUTHERN_FLOOD_2023_011300,TN_SOUTHERN_FLOOD_2023,BORDER_NODATA
TN_SOUTHERN_FLOOD_2023_034265,TN_SOUTHERN_FLOOD_2023,BORDER_NODATA
TN_SOUTHERN_FLOOD_2023_064771,TN_SOUTHERN_FLOOD_2023,BORDER_NODATA
TN_SOUTHERN_FLOOD_2023_103089,TN_SOUTHERN_FLOOD_2023,BORDER_NODATA
TN_SOUTHERN_FLOOD_2023_103543,TN_SOUTHERN_FLOOD_2023,BORDER_NODATA
TN_SOUTHERN_FLOOD_2023_132550,TN_SOUTHERN_FLOOD_2023,BORDER_NODATA
TN_SOUTHERN_FLOOD_2023_146969,TN_SOUTHERN_FLOOD_2023,BORDER_NODATA
TN_SOUTHERN_FLOOD_2023_000020,TN_SOUTHERN_FLOOD_2023,BORDER_NODATA
TN_SOUTHERN_FLOOD_2023_000028,TN_SOUTHERN_FLOOD_2023,BORDER_NODATA
TN_SOUTHERN_FLOOD_2023_011931,TN_SOUTHERN_FLOOD_2023,BORDER_NODATA
TN_SOUTHERN_FLOOD_2023_034263,TN_SOUTHERN_FLOOD_2023,BORDER_NODATA
TN_SOUTHERN_FLOOD_2023_064803,TN_SOUTHERN_FLOOD_2023,BORDER_NODATA
TN_SOUTHERN_FLOOD_2023_103124,TN_SOUTHERN_FLOOD_2023,BORDER_NODATA
TN_SOUTHERN_FLOOD_2023_103649,TN_SOUTHERN_FLOOD_2023,BORDER_NODATA
TN_SOUTHERN_FLOOD_2023_132557,TN_SOUTHERN_FLOOD_2023,BORDER_NODATA
TN_SOUTHERN_FLOOD_2023_002279,TN_SOUTHERN_FLOOD_2023,BORDER_NODATA
TN_SOUTHERN_FLOOD_2023_002965,TN_SOUTHERN_FLOOD_2023,BORDER_NODATA
TN_SOUTHERN_FLOOD_2023_013129,TN_SOUTHERN_FLOOD_2023,BORDER_NODATA
TN_SOUTHERN_FLOOD_2023_038824,TN_SOUTHERN_FLOOD_2023,BORDER_NODATA
TN_SOUTHERN_FLOOD_2023_068427,TN_SOUTHERN_FLOOD_2023,BORDER_NODATA
TN_SOUTHERN_FLOOD_2023_105181,TN_SOUTHERN_FLOOD_2023,BORDER_NODATA
TN_SOUTHERN_FLOOD_2023_105209,TN_SOUTHERN_FLOOD_2023,BORDER_NODATA
TN_SOUTHERN_FLOOD_2023_133680,TN_SOUTHERN_FLOOD_2023,BORDER_NODATA
TN_SOUTHERN_FLOOD_2023_002888,TN_SOUTHERN_FLOOD_2023,BORDER_NODATA
TN_SOUTHERN_FLOOD_2023_002878,TN_SOUTHERN_FLOOD_2023,BORDER_NODATA
TN_SOUTHERN_FLOOD_2023_014120,TN_SOUTHERN_FLOOD_2023,BORDER_NODATA
TN_SOUTHERN_FLOOD_2023_042165,TN_SOUTHERN_FLOOD_2023,BORDER_NODATA
TN_SOUTHERN_FLOOD_2023_073401,TN_SOUTHERN_FLOOD_2023,BORDER_NODATA
TN_SOUTHERN_FLOOD_2023_106870,TN_SOUTHERN_FLOOD_2023,BORDER_NODATA
TN_SOUTHERN_FLOOD_2023_106920,TN_SOUTHERN_FLOOD_2023,BORDER_NODATA
TN_SOUTHERN_FLOOD_2023_133875,TN_SOUTHERN_FLOOD_2023,BORDER_NODATA
TN_SOUTHERN_FLOOD_2023_004170,TN_SOUTHERN_FLOOD_2023,BORDER_NODATA
TN_SOUTHERN_FLOOD_2023_004159,TN_SOUTHERN_FLOOD_2023,BORDER_NODATA
TN_SOUTHERN_FLOOD_2023_015580,TN_SOUTHERN_FLOOD_2023,BORDER_NODATA
TN_SOUTHERN_FLOOD_2023_043524,TN_SOUTHERN_FLOOD_2023,BORDER_NODATA
TN_SOUTHERN_FLOOD_2023_078363,TN_SOUTHERN_FLOOD_2023,BORDER_NODATA
TN_SOUTHERN_FLOOD_2023_111756,TN_SOUTHERN_FLOOD_2023,BORDER_NODATA
TN_SOUTHERN_FLOOD_2023_111772,TN_SOUTHERN_FLOOD_2023,BORDER_NODATA
TN_SOUTHERN_FLOOD_2023_134389,TN_SOUTHERN_FLOOD_2023,BORDER_NODATA
TN_SOUTHERN_FLOOD_2023_005185,TN_SOUTHERN_FLOOD_2023,BORDER_NODATA
TN_SOUTHERN_FLOOD_2023_005181,TN_SOUTHERN_FLOOD_2023,BORDER_NODATA
TN_SOUTHERN_FLOOD_2023_016210,TN_SOUTHERN_FLOOD_2023,BORDER_NODATA
TN_SOUTHERN_FLOOD_2023_044977,TN_SOUTHERN_FLOOD_2023,BORDER_NODATA
TN_SOUTHERN_FLOOD_2023_083289,TN_SOUTHERN_FLOOD_2023,BORDER_NODATA
TN_SOUTHERN_FLOOD_2023_085264,TN_SOUTHERN_FLOOD_2023,BORDER_NODATA
TN_SOUTHERN_FLOOD_2023_116430,TN_SOUTHERN_FLOOD_2023,BORDER_NODATA
TN_SOUTHERN_FLOOD_2023_150707,TN_SOUTHERN_FLOOD_2023,INSUFFICIENT_EVIDENCE
TN_SOUTHERN_FLOOD_2023_005179,TN_SOUTHERN_FLOOD_2023,BORDER_NODATA
TN_SOUTHERN_FLOOD_2023_005193,TN_SOUTHERN_FLOOD_2023,BORDER_NODATA
TN_SOUTHERN_FLOOD_2023_019698,TN_SOUTHERN_FLOOD_2023,BORDER_NODATA
TN_SOUTHERN_FLOOD_2023_045001,TN_SOUTHERN_FLOOD_2023,BORDER_NODATA
TN_SOUTHERN_FLOOD_2023_083340,TN_SOUTHERN_FLOOD_2023,BORDER_NODATA
TN_SOUTHERN_FLOOD_2023_083952,TN_SOUTHERN_FLOOD_2023,BORDER_NODATA
TN_SOUTHERN_FLOOD_2023_116499,TN_SOUTHERN_FLOOD_2023,BORDER_NODATA
TN_SOUTHERN_FLOOD_2023_006665,TN_SOUTHERN_FLOOD_2023,BORDER_NODATA
TN_SOUTHERN_FLOOD_2023_006659,TN_SOUTHERN_FLOOD_2023,BORDER_NODATA
TN_SOUTHERN_FLOOD_2023_023911,TN_SOUTHERN_FLOOD_2023,BORDER_NODATA
TN_SOUTHERN_FLOOD_2023_049923,TN_SOUTHERN_FLOOD_2023,BORDER_NODATA
TN_SOUTHERN_FLOOD_2023_088260,TN_SOUTHERN_FLOOD_2023,BORDER_NODATA
TN_SOUTHERN_FLOOD_2023_088411,TN_SOUTHERN_FLOOD_2023,BORDER_NODATA
TN_SOUTHERN_FLOOD_2023_121503,TN_SOUTHERN_FLOOD_2023,BORDER_NODATA
TN_SOUTHERN_FLOOD_2023_008945,TN_SOUTHERN_FLOOD_2023,BORDER_NODATA
TN_SOUTHERN_FLOOD_2023_009008,TN_SOUTHERN_FLOOD_2023,BORDER_NODATA
TN_SOUTHERN_FLOOD_2023_027453,TN_SOUTHERN_FLOOD_2023,BORDER_NODATA
TN_SOUTHERN_FLOOD_2023_054890,TN_SOUTHERN_FLOOD_2023,BORDER_NODATA
TN_SOUTHERN_FLOOD_2023_093204,TN_SOUTHERN_FLOOD_2023,BORDER_NODATA
TN_SOUTHERN_FLOOD_2023_093396,TN_SOUTHERN_FLOOD_2023,BORDER_NODATA
TN_SOUTHERN_FLOOD_2023_127612,TN_SOUTHERN_FLOOD_2023,BORDER_NODATA
TN_SOUTHERN_FLOOD_2023_011043,TN_SOUTHERN_FLOOD_2023,BORDER_NODATA
TN_SOUTHERN_FLOOD_2023_011132,TN_SOUTHERN_FLOOD_2023,BORDER_NODATA
TN_SOUTHERN_FLOOD_2023_032379,TN_SOUTHERN_FLOOD_2023,BORDER_NODATA
TN_SOUTHERN_FLOOD_2023_059827,TN_SOUTHERN_FLOOD_2023,BORDER_NODATA
TN_SOUTHERN_FLOOD_2023_098169,TN_SOUTHERN_FLOOD_2023,BORDER_NODATA
TN_SOUTHERN_FLOOD_2023_098190,TN_SOUTHERN_FLOOD_2023,BORDER_NODATA
TN_SOUTHERN_FLOOD_2023_130305,TN_SOUTHERN_FLOOD_2023,BORDER_NODATA
TN_SOUTHERN_FLOOD_2023_000007,TN_SOUTHERN_FLOOD_2023,BORDER_NODATA
TN_SOUTHERN_FLOOD_2023_000012,TN_SOUTHERN_FLOOD_2023,BORDER_NODATA
TN_SOUTHERN_FLOOD_2023_011375,TN_SOUTHERN_FLOOD_2023,BORDER_NODATA
TN_SOUTHERN_FLOOD_2023_034266,TN_SOUTHERN_FLOOD_2023,BORDER_NODATA
TN_SOUTHERN_FLOOD_2023_064775,TN_SOUTHERN_FLOOD_2023,BORDER_NODATA
TN_SOUTHERN_FLOOD_2023_103090,TN_SOUTHERN_FLOOD_2023,BORDER_NODATA
TN_SOUTHERN_FLOOD_2023_103943,TN_SOUTHERN_FLOOD_2023,BORDER_NODATA
TN_SOUTHERN_FLOOD_2023_132554,TN_SOUTHERN_FLOOD_2023,BORDER_NODATA
TN_SOUTHERN_FLOOD_2023_146973,TN_SOUTHERN_FLOOD_2023,BORDER_NODATA
TN_SOUTHERN_FLOOD_2023_000032,TN_SOUTHERN_FLOOD_2023,BORDER_NODATA
TN_SOUTHERN_FLOOD_2023_000035,TN_SOUTHERN_FLOOD_2023,BORDER_NODATA
TN_SOUTHERN_FLOOD_2023_011951,TN_SOUTHERN_FLOOD_2023,BORDER_NODATA
TN_SOUTHERN_FLOOD_2023_034264,TN_SOUTHERN_FLOOD_2023,BORDER_NODATA
TN_SOUTHERN_FLOOD_2023_064819,TN_SOUTHERN_FLOOD_2023,BORDER_NODATA
TN_SOUTHERN_FLOOD_2023_103195,TN_SOUTHERN_FLOOD_2023,BORDER_NODATA
TN_SOUTHERN_FLOOD_2023_103729,TN_SOUTHERN_FLOOD_2023,BORDER_NODATA
TN_SOUTHERN_FLOOD_2023_132559,TN_SOUTHERN_FLOOD_2023,BORDER_NODATA
TN_SOUTHERN_FLOOD_2023_002319,TN_SOUTHERN_FLOOD_2023,BORDER_NODATA
TN_SOUTHERN_FLOOD_2023_003017,TN_SOUTHERN_FLOOD_2023,BORDER_NODATA
TN_SOUTHERN_FLOOD_2023_013139,TN_SOUTHERN_FLOOD_2023,BORDER_NODATA
TN_SOUTHERN_FLOOD_2023_038825,TN_SOUTHERN_FLOOD_2023,BORDER_NODATA
TN_SOUTHERN_FLOOD_2023_068428,TN_SOUTHERN_FLOOD_2023,BORDER_NODATA
TN_SOUTHERN_FLOOD_2023_105182,TN_SOUTHERN_FLOOD_2023,BORDER_NODATA
TN_SOUTHERN_FLOOD_2023_105215,TN_SOUTHERN_FLOOD_2023,BORDER_NODATA
TN_SOUTHERN_FLOOD_2023_133926,TN_SOUTHERN_FLOOD_2023,BORDER_NODATA
TN_SOUTHERN_FLOOD_2023_002889,TN_SOUTHERN_FLOOD_2023,BORDER_NODATA
TN_SOUTHERN_FLOOD_2023_002879,TN_SOUTHERN_FLOOD_2023,BORDER_NODATA
TN_SOUTHERN_FLOOD_2023_014137,TN_SOUTHERN_FLOOD_2023,BORDER_NODATA
TN_SOUTHERN_FLOOD_2023_042168,TN_SOUTHERN_FLOOD_2023,BORDER_NODATA
TN_SOUTHERN_FLOOD_2023_073406,TN_SOUTHERN_FLOOD_2023,BORDER_NODATA
TN_SOUTHERN_FLOOD_2023_106871,TN_SOUTHERN_FLOOD_2023,BORDER_NODATA
TN_SOUTHERN_FLOOD_2023_106923,TN_SOUTHERN_FLOOD_2023,BORDER_NODATA
TN_SOUTHERN_FLOOD_2023_133876,TN_SOUTHERN_FLOOD_2023,BORDER_NODATA
TN_SOUTHERN_FLOOD_2023_004181,TN_SOUTHERN_FLOOD_2023,BORDER_NODATA
TN_SOUTHERN_FLOOD_2023_004161,TN_SOUTHERN_FLOOD_2023,BORDER_NODATA
TN_SOUTHERN_FLOOD_2023_015581,TN_SOUTHERN_FLOOD_2023,BORDER_NODATA
TN_SOUTHERN_FLOOD_2023_043525,TN_SOUTHERN_FLOOD_2023,BORDER_NODATA
TN_SOUTHERN_FLOOD_2023_078365,TN_SOUTHERN_FLOOD_2023,BORDER_NODATA
TN_SOUTHERN_FLOOD_2023_111758,TN_SOUTHERN_FLOOD_2023,BORDER_NODATA
TN_SOUTHERN_FLOOD_2023_111774,TN_SOUTHERN_FLOOD_2023,BORDER_NODATA
TN_SOUTHERN_FLOOD_2023_134392,TN_SOUTHERN_FLOOD_2023,BORDER_NODATA
TN_SOUTHERN_FLOOD_2023_005187,TN_SOUTHERN_FLOOD_2023,BORDER_NODATA
TN_SOUTHERN_FLOOD_2023_005186,TN_SOUTHERN_FLOOD_2023,BORDER_NODATA
TN_SOUTHERN_FLOOD_2023_016250,TN_SOUTHERN_FLOOD_2023,BORDER_NODATA
TN_SOUTHERN_FLOOD_2023_044979,TN_SOUTHERN_FLOOD_2023,BORDER_NODATA
TN_SOUTHERN_FLOOD_2023_083290,TN_SOUTHERN_FLOOD_2023,BORDER_NODATA
TN_SOUTHERN_FLOOD_2023_085409,TN_SOUTHERN_FLOOD_2023,BORDER_NODATA
TN_SOUTHERN_FLOOD_2023_116433,TN_SOUTHERN_FLOOD_2023,BORDER_NODATA
TN_SOUTHERN_FLOOD_2023_005183,TN_SOUTHERN_FLOOD_2023,BORDER_NODATA
TN_SOUTHERN_FLOOD_2023_005199,TN_SOUTHERN_FLOOD_2023,BORDER_NODATA
TN_SOUTHERN_FLOOD_2023_019699,TN_SOUTHERN_FLOOD_2023,BORDER_NODATA
TN_SOUTHERN_FLOOD_2023_045005,TN_SOUTHERN_FLOOD_2023,BORDER_NODATA
TN_SOUTHERN_FLOOD_2023_083356,TN_SOUTHERN_FLOOD_2023,BORDER_NODATA
TN_SOUTHERN_FLOOD_2023_084659,TN_SOUTHERN_FLOOD_2023,BORDER_NODATA
TN_SOUTHERN_FLOOD_2023_116509,TN_SOUTHERN_FLOOD_2023,BORDER_NODATA
TN_SOUTHERN_FLOOD_2023_006672,TN_SOUTHERN_FLOOD_2023,BORDER_NODATA
TN_SOUTHERN_FLOOD_2023_006666,TN_SOUTHERN_FLOOD_2023,BORDER_NODATA
TN_SOUTHERN_FLOOD_2023_023912,TN_SOUTHERN_FLOOD_2023,BORDER_NODATA
TN_SOUTHERN_FLOOD_2023_049929,TN_SOUTHERN_FLOOD_2023,BORDER_NODATA
TN_SOUTHERN_FLOOD_2023_088264,TN_SOUTHERN_FLOOD_2023,BORDER_NODATA
TN_SOUTHERN_FLOOD_2023_088826,TN_SOUTHERN_FLOOD_2023,BORDER_NODATA
TN_SOUTHERN_FLOOD_2023_121518,TN_SOUTHERN_FLOOD_2023,BORDER_NODATA
TN_SOUTHERN_FLOOD_2023_142616,TN_SOUTHERN_FLOOD_2023,INSUFFICIENT_EVIDENCE
TN_SOUTHERN_FLOOD_2023_008947,TN_SOUTHERN_FLOOD_2023,BORDER_NODATA
TN_SOUTHERN_FLOOD_2023_009030,TN_SOUTHERN_FLOOD_2023,BORDER_NODATA
TN_SOUTHERN_FLOOD_2023_027454,TN_SOUTHERN_FLOOD_2023,BORDER_NODATA
TN_SOUTHERN_FLOOD_2023_054892,TN_SOUTHERN_FLOOD_2023,BORDER_NODATA
TN_SOUTHERN_FLOOD_2023_093205,TN_SOUTHERN_FLOOD_2023,BORDER_NODATA
TN_SOUTHERN_FLOOD_2023_093500,TN_SOUTHERN_FLOOD_2023,BORDER_NODATA
TN_SOUTHERN_FLOOD_2023_127924,TN_SOUTHERN_FLOOD_2023,BORDER_NODATA
TN_SOUTHERN_FLOOD_2023_011044,TN_SOUTHERN_FLOOD_2023,BORDER_NODATA
TN_SOUTHERN_FLOOD_2023_011141,TN_SOUTHERN_FLOOD_2023,BORDER_NODATA
TN_SOUTHERN_FLOOD_2023_032380,TN_SOUTHERN_FLOOD_2023,BORDER_NODATA
TN_SOUTHERN_FLOOD_2023_059829,TN_SOUTHERN_FLOOD_2023,BORDER_NODATA
TN_SOUTHERN_FLOOD_2023_098170,TN_SOUTHERN_FLOOD_2023,BORDER_NODATA
TN_SOUTHERN_FLOOD_2023_098302,TN_SOUTHERN_FLOOD_2023,BORDER_NODATA
TN_SOUTHERN_FLOOD_2023_130434,TN_SOUTHERN_FLOOD_2023,BORDER_NODATA
TN_SOUTHERN_FLOOD_2023_000008,TN_SOUTHERN_FLOOD_2023,BORDER_NODATA
TN_SOUTHERN_FLOOD_2023_000025,TN_SOUTHERN_FLOOD_2023,BORDER_NODATA
TN_SOUTHERN_FLOOD_2023_011384,TN_SOUTHERN_FLOOD_2023,BORDER_NODATA
TN_SOUTHERN_FLOOD_2023_034267,TN_SOUTHERN_FLOOD_2023,BORDER_NODATA
TN_SOUTHERN_FLOOD_2023_064781,TN_SOUTHERN_FLOOD_2023,BORDER_NODATA
TN_SOUTHERN_FLOOD_2023_103091,TN_SOUTHERN_FLOOD_2023,BORDER_NODATA
TN_SOUTHERN_FLOOD_2023_104064,TN_SOUTHERN_FLOOD_2023,BORDER_NODATA
TN_SOUTHERN_FLOOD_2023_132563,TN_SOUTHERN_FLOOD_2023,BORDER_NODATA
TN_SOUTHERN_FLOOD_2023_146979,TN_SOUTHERN_FLOOD_2023,BORDER_NODATA
TN_SOUTHERN_FLOOD_2023_000043,TN_SOUTHERN_FLOOD_2023,BORDER_NODATA
TN_SOUTHERN_FLOOD_2023_000060,TN_SOUTHERN_FLOOD_2023,BORDER_NODATA
TN_SOUTHERN_FLOOD_2023_012254,TN_SOUTHERN_FLOOD_2023,BORDER_NODATA
TN_SOUTHERN_FLOOD_2023_034269,TN_SOUTHERN_FLOOD_2023,BORDER_NODATA
TN_SOUTHERN_FLOOD_2023_064832,TN_SOUTHERN_FLOOD_2023,BORDER_NODATA
TN_SOUTHERN_FLOOD_2023_103199,TN_SOUTHERN_FLOOD_2023,BORDER_NODATA
TN_SOUTHERN_FLOOD_2023_104212,TN_SOUTHERN_FLOOD_2023,BORDER_NODATA
TN_SOUTHERN_FLOOD_2023_132570,TN_SOUTHERN_FLOOD_2023,BORDER_NODATA
TN_SOUTHERN_FLOOD_2023_002321,TN_SOUTHERN_FLOOD_2023,BORDER_NODATA
TN_SOUTHERN_FLOOD_2023_003084,TN_SOUTHERN_FLOOD_2023,BORDER_NODATA
TN_SOUTHERN_FLOOD_2023_013150,TN_SOUTHERN_FLOOD_2023,BORDER_NODATA
TN_SOUTHERN_FLOOD_2023_038831,TN_SOUTHERN_FLOOD_2023,BORDER_NODATA
TN_SOUTHERN_FLOOD_2023_068429,TN_SOUTHERN_FLOOD_2023,BORDER_NODATA
TN_SOUTHERN_FLOOD_2023_105183,TN_SOUTHERN_FLOOD_2023,BORDER_NODATA
TN_SOUTHERN_FLOOD_2023_105233,TN_SOUTHERN_FLOOD_2023,BORDER_NODATA
TN_SOUTHERN_FLOOD_2023_133932,TN_SOUTHERN_FLOOD_2023,BORDER_NODATA
TN_SOUTHERN_FLOOD_2023_002890,TN_SOUTHERN_FLOOD_2023,BORDER_NODATA
TN_SOUTHERN_FLOOD_2023_002881,TN_SOUTHERN_FLOOD_2023,BORDER_NODATA
TN_SOUTHERN_FLOOD_2023_014206,TN_SOUTHERN_FLOOD_2023,BORDER_NODATA
TN_SOUTHERN_FLOOD_2023_042169,TN_SOUTHERN_FLOOD_2023,BORDER_NODATA
TN_SOUTHERN_FLOOD_2023_073407,TN_SOUTHERN_FLOOD_2023,BORDER_NODATA
TN_SOUTHERN_FLOOD_2023_106874,TN_SOUTHERN_FLOOD_2023,BORDER_NODATA
TN_SOUTHERN_FLOOD_2023_106935,TN_SOUTHERN_FLOOD_2023,BORDER_NODATA
TN_SOUTHERN_FLOOD_2023_133892,TN_SOUTHERN_FLOOD_2023,BORDER_NODATA
TN_SOUTHERN_FLOOD_2023_004188,TN_SOUTHERN_FLOOD_2023,BORDER_NODATA
TN_SOUTHERN_FLOOD_2023_004166,TN_SOUTHERN_FLOOD_2023,BORDER_NODATA
TN_SOUTHERN_FLOOD_2023_015583,TN_SOUTHERN_FLOOD_2023,BORDER_NODATA
TN_SOUTHERN_FLOOD_2023_043526,TN_SOUTHERN_FLOOD_2023,BORDER_NODATA
TN_SOUTHERN_FLOOD_2023_078366,TN_SOUTHERN_FLOOD_2023,BORDER_NODATA
TN_SOUTHERN_FLOOD_2023_111760,TN_SOUTHERN_FLOOD_2023,BORDER_NODATA
TN_SOUTHERN_FLOOD_2023_111784,TN_SOUTHERN_FLOOD_2023,BORDER_NODATA
TN_SOUTHERN_FLOOD_2023_134394,TN_SOUTHERN_FLOOD_2023,BORDER_NODATA
TN_SOUTHERN_FLOOD_2023_005190,TN_SOUTHERN_FLOOD_2023,BORDER_NODATA
TN_SOUTHERN_FLOOD_2023_005200,TN_SOUTHERN_FLOOD_2023,BORDER_NODATA
TN_SOUTHERN_FLOOD_2023_016427,TN_SOUTHERN_FLOOD_2023,BORDER_NODATA
TN_SOUTHERN_FLOOD_2023_044981,TN_SOUTHERN_FLOOD_2023,BORDER_NODATA
TN_SOUTHERN_FLOOD_2023_083291,TN_SOUTHERN_FLOOD_2023,BORDER_NODATA
TN_SOUTHERN_FLOOD_2023_086217,TN_SOUTHERN_FLOOD_2023,BORDER_NODATA
TN_SOUTHERN_FLOOD_2023_116435,TN_SOUTHERN_FLOOD_2023,BORDER_NODATA
TN_SOUTHERN_FLOOD_2023_139077,TN_SOUTHERN_FLOOD_2023,BORDER_NODATA
TN_SOUTHERN_FLOOD_2023_160415,TN_SOUTHERN_FLOOD_2023,INSUFFICIENT_EVIDENCE
TN_SOUTHERN_FLOOD_2023_005189,TN_SOUTHERN_FLOOD_2023,BORDER_NODATA
TN_SOUTHERN_FLOOD_2023_005204,TN_SOUTHERN_FLOOD_2023,BORDER_NODATA
TN_SOUTHERN_FLOOD_2023_019706,TN_SOUTHERN_FLOOD_2023,BORDER_NODATA
TN_SOUTHERN_FLOOD_2023_045008,TN_SOUTHERN_FLOOD_2023,BORDER_NODATA
TN_SOUTHERN_FLOOD_2023_083385,TN_SOUTHERN_FLOOD_2023,BORDER_NODATA
TN_SOUTHERN_FLOOD_2023_084672,TN_SOUTHERN_FLOOD_2023,BORDER_NODATA
TN_SOUTHERN_FLOOD_2023_116576,TN_SOUTHERN_FLOOD_2023,BORDER_NODATA
TN_SOUTHERN_FLOOD_2023_160430,TN_SOUTHERN_FLOOD_2023,INSUFFICIENT_EVIDENCE
TN_SOUTHERN_FLOOD_2023_006684,TN_SOUTHERN_FLOOD_2023,BORDER_NODATA
TN_SOUTHERN_FLOOD_2023_006678,TN_SOUTHERN_FLOOD_2023,BORDER_NODATA
TN_SOUTHERN_FLOOD_2023_023913,TN_SOUTHERN_FLOOD_2023,BORDER_NODATA
TN_SOUTHERN_FLOOD_2023_049933,TN_SOUTHERN_FLOOD_2023,BORDER_NODATA
TN_SOUTHERN_FLOOD_2023_088266,TN_SOUTHERN_FLOOD_2023,BORDER_NODATA
TN_SOUTHERN_FLOOD_2023_088843,TN_SOUTHERN_FLOOD_2023,BORDER_NODATA
TN_SOUTHERN_FLOOD_2023_121551,TN_SOUTHERN_FLOOD_2023,BORDER_NODATA
TN_SOUTHERN_FLOOD_2023_008952,TN_SOUTHERN_FLOOD_2023,BORDER_NODATA
TN_SOUTHERN_FLOOD_2023_009067,TN_SOUTHERN_FLOOD_2023,BORDER_NODATA
TN_SOUTHERN_FLOOD_2023_027461,TN_SOUTHERN_FLOOD_2023,BORDER_NODATA
TN_SOUTHERN_FLOOD_2023_054894,TN_SOUTHERN_FLOOD_2023,BORDER_NODATA
TN_SOUTHERN_FLOOD_2023_093206,TN_SOUTHERN_FLOOD_2023,BORDER_NODATA
TN_SOUTHERN_FLOOD_2023_093503,TN_SOUTHERN_FLOOD_2023,BORDER_NODATA
TN_SOUTHERN_FLOOD_2023_128202,TN_SOUTHERN_FLOOD_2023,BORDER_NODATA
TN_SOUTHERN_FLOOD_2023_143657,TN_SOUTHERN_FLOOD_2023,INSUFFICIENT_EVIDENCE
TN_SOUTHERN_FLOOD_2023_011045,TN_SOUTHERN_FLOOD_2023,BORDER_NODATA
TN_SOUTHERN_FLOOD_2023_011168,TN_SOUTHERN_FLOOD_2023,BORDER_NODATA
TN_SOUTHERN_FLOOD_2023_032381,TN_SOUTHERN_FLOOD_2023,BORDER_NODATA
TN_SOUTHERN_FLOOD_2023_059831,TN_SOUTHERN_FLOOD_2023,BORDER_NODATA
TN_SOUTHERN_FLOOD_2023_098171,TN_SOUTHERN_FLOOD_2023,BORDER_NODATA
TN_SOUTHERN_FLOOD_2023_098341,TN_SOUTHERN_FLOOD_2023,BORDER_NODATA
TN_SOUTHERN_FLOOD_2023_130541,TN_SOUTHERN_FLOOD_2023,BORDER_NODATA
TN_SOUTHERN_FLOOD_2023_000010,TN_SOUTHERN_FLOOD_2023,BORDER_NODATA
TN_SOUTHERN_FLOOD_2023_000030,TN_SOUTHERN_FLOOD_2023,BORDER_NODATA
TN_SOUTHERN_FLOOD_2023_011539,TN_SOUTHERN_FLOOD_2023,BORDER_NODATA
TN_SOUTHERN_FLOOD_2023_034270,TN_SOUTHERN_FLOOD_2023,BORDER_NODATA
TN_SOUTHERN_FLOOD_2023_064787,TN_SOUTHERN_FLOOD_2023,BORDER_NODATA
TN_SOUTHERN_FLOOD_2023_103092,TN_SOUTHERN_FLOOD_2023,BORDER_NODATA
TN_SOUTHERN_FLOOD_2023_104225,TN_SOUTHERN_FLOOD_2023,BORDER_NODATA
TN_SOUTHERN_FLOOD_2023_132571,TN_SOUTHERN_FLOOD_2023,BORDER_NODATA
TN_SOUTHERN_FLOOD_2023_147002,TN_SOUTHERN_FLOOD_2023,BORDER_NODATA
TN_SOUTHERN_FLOOD_2023_000048,TN_SOUTHERN_FLOOD_2023,BORDER_NODATA
TN_SOUTHERN_FLOOD_2023_000084,TN_SOUTHERN_FLOOD_2023,BORDER_NODATA
TN_SOUTHERN_FLOOD_2023_012358,TN_SOUTHERN_FLOOD_2023,BORDER_NODATA
TN_SOUTHERN_FLOOD_2023_034273,TN_SOUTHERN_FLOOD_2023,BORDER_NODATA
TN_SOUTHERN_FLOOD_2023_064855,TN_SOUTHERN_FLOOD_2023,BORDER_NODATA
TN_SOUTHERN_FLOOD_2023_103204,TN_SOUTHERN_FLOOD_2023,BORDER_NODATA
TN_SOUTHERN_FLOOD_2023_132593,TN_SOUTHERN_FLOOD_2023,BORDER_NODATA
TN_SOUTHERN_FLOOD_2023_132586,TN_SOUTHERN_FLOOD_2023,BORDER_NODATA
TN_SOUTHERN_FLOOD_2023_002421,TN_SOUTHERN_FLOOD_2023,BORDER_NODATA
TN_SOUTHERN_FLOOD_2023_003087,TN_SOUTHERN_FLOOD_2023,BORDER_NODATA
TN_SOUTHERN_FLOOD_2023_013160,TN_SOUTHERN_FLOOD_2023,BORDER_NODATA
TN_SOUTHERN_FLOOD_2023_038837,TN_SOUTHERN_FLOOD_2023,BORDER_NODATA
TN_SOUTHERN_FLOOD_2023_068430,TN_SOUTHERN_FLOOD_2023,BORDER_NODATA
TN_SOUTHERN_FLOOD_2023_105184,TN_SOUTHERN_FLOOD_2023,BORDER_NODATA
TN_SOUTHERN_FLOOD_2023_105259,TN_SOUTHERN_FLOOD_2023,BORDER_NODATA
TN_SOUTHERN_FLOOD_2023_133935,TN_SOUTHERN_FLOOD_2023,BORDER_NODATA
TN_SOUTHERN_FLOOD_2023_002892,TN_SOUTHERN_FLOOD_2023,BORDER_NODATA
TN_SOUTHERN_FLOOD_2023_002882,TN_SOUTHERN_FLOOD_2023,BORDER_NODATA
TN_SOUTHERN_FLOOD_2023_014291,TN_SOUTHERN_FLOOD_2023,BORDER_NODATA
TN_SOUTHERN_FLOOD_2023_042170,TN_SOUTHERN_FLOOD_2023,BORDER_NODATA
TN_SOUTHERN_FLOOD_2023_073408,TN_SOUTHERN_FLOOD_2023,BORDER_NODATA
TN_SOUTHERN_FLOOD_2023_106875,TN_SOUTHERN_FLOOD_2023,BORDER_NODATA
TN_SOUTHERN_FLOOD_2023_106936,TN_SOUTHERN_FLOOD_2023,BORDER_NODATA
TN_SOUTHERN_FLOOD_2023_133901,TN_SOUTHERN_FLOOD_2023,BORDER_NODATA
TN_SOUTHERN_FLOOD_2023_004234,TN_SOUTHERN_FLOOD_2023,BORDER_NODATA
TN_SOUTHERN_FLOOD_2023_004167,TN_SOUTHERN_FLOOD_2023,BORDER_NODATA
TN_SOUTHERN_FLOOD_2023_015587,TN_SOUTHERN_FLOOD_2023,BORDER_NODATA
TN_SOUTHERN_FLOOD_2023_043527,TN_SOUTHERN_FLOOD_2023,BORDER_NODATA
TN_SOUTHERN_FLOOD_2023_078370,TN_SOUTHERN_FLOOD_2023,BORDER_NODATA
TN_SOUTHERN_FLOOD_2023_111763,TN_SOUTHERN_FLOOD_2023,BORDER_NODATA
TN_SOUTHERN_FLOOD_2023_111787,TN_SOUTHERN_FLOOD_2023,BORDER_NODATA
TN_SOUTHERN_FLOOD_2023_134397,TN_SOUTHERN_FLOOD_2023,BORDER_NODATA
TN_SOUTHERN_FLOOD_2023_005194,TN_SOUTHERN_FLOOD_2023,BORDER_NODATA
TN_SOUTHERN_FLOOD_2023_005202,TN_SOUTHERN_FLOOD_2023,BORDER_NODATA
TN_SOUTHERN_FLOOD_2023_017243,TN_SOUTHERN_FLOOD_2023,BORDER_NODATA
TN_SOUTHERN_FLOOD_2023_044983,TN_SOUTHERN_FLOOD_2023,BORDER_NODATA
TN_SOUTHERN_FLOOD_2023_083292,TN_SOUTHERN_FLOOD_2023,BORDER_NODATA
TN_SOUTHERN_FLOOD_2023_086677,TN_SOUTHERN_FLOOD_2023,BORDER_NODATA
TN_SOUTHERN_FLOOD_2023_116442,TN_SOUTHERN_FLOOD_2023,BORDER_NODATA
TN_SOUTHERN_FLOOD_2023_005191,TN_SOUTHERN_FLOOD_2023,BORDER_NODATA
TN_SOUTHERN_FLOOD_2023_005208,TN_SOUTHERN_FLOOD_2023,BORDER_NODATA
TN_SOUTHERN_FLOOD_2023_019712,TN_SOUTHERN_FLOOD_2023,BORDER_NODATA
TN_SOUTHERN_FLOOD_2023_045016,TN_SOUTHERN_FLOOD_2023,BORDER_NODATA
TN_SOUTHERN_FLOOD_2023_083403,TN_SOUTHERN_FLOOD_2023,BORDER_NODATA
TN_SOUTHERN_FLOOD_2023_084873,TN_SOUTHERN_FLOOD_2023,BORDER_NODATA
TN_SOUTHERN_FLOOD_2023_116608,TN_SOUTHERN_FLOOD_2023,BORDER_NODATA
TN_SOUTHERN_FLOOD_2023_139088,TN_SOUTHERN_FLOOD_2023,BORDER_NODATA
TN_SOUTHERN_FLOOD_2023_150736,TN_SOUTHERN_FLOOD_2023,INSUFFICIENT_EVIDENCE
TN_SOUTHERN_FLOOD_2023_006685,TN_SOUTHERN_FLOOD_2023,BORDER_NODATA
TN_SOUTHERN_FLOOD_2023_006686,TN_SOUTHERN_FLOOD_2023,BORDER_NODATA
TN_SOUTHERN_FLOOD_2023_023915,TN_SOUTHERN_FLOOD_2023,BORDER_NODATA
TN_SOUTHERN_FLOOD_2023_049938,TN_SOUTHERN_FLOOD_2023,BORDER_NODATA
TN_SOUTHERN_FLOOD_2023_088267,TN_SOUTHERN_FLOOD_2023,BORDER_NODATA
TN_SOUTHERN_FLOOD_2023_089020,TN_SOUTHERN_FLOOD_2023,BORDER_NODATA
TN_SOUTHERN_FLOOD_2023_121575,TN_SOUTHERN_FLOOD_2023,BORDER_NODATA
TN_SOUTHERN_FLOOD_2023_008967,TN_SOUTHERN_FLOOD_2023,BORDER_NODATA
TN_SOUTHERN_FLOOD_2023_009092,TN_SOUTHERN_FLOOD_2023,BORDER_NODATA
TN_SOUTHERN_FLOOD_2023_027462,TN_SOUTHERN_FLOOD_2023,BORDER_NODATA
TN_SOUTHERN_FLOOD_2023_054896,TN_SOUTHERN_FLOOD_2023,BORDER_NODATA
TN_SOUTHERN_FLOOD_2023_093208,TN_SOUTHERN_FLOOD_2023,BORDER_NODATA
TN_SOUTHERN_FLOOD_2023_093506,TN_SOUTHERN_FLOOD_2023,BORDER_NODATA
TN_SOUTHERN_FLOOD_2023_128330,TN_SOUTHERN_FLOOD_2023,BORDER_NODATA
TN_SOUTHERN_FLOOD_2023_011049,TN_SOUTHERN_FLOOD_2023,BORDER_NODATA
TN_SOUTHERN_FLOOD_2023_032386,TN_SOUTHERN_FLOOD_2023,BORDER_NODATA
TN_SOUTHERN_FLOOD_2023_032384,TN_SOUTHERN_FLOOD_2023,BORDER_NODATA
TN_SOUTHERN_FLOOD_2023_059832,TN_SOUTHERN_FLOOD_2023,BORDER_NODATA
TN_SOUTHERN_FLOOD_2023_098172,TN_SOUTHERN_FLOOD_2023,BORDER_NODATA
TN_SOUTHERN_FLOOD_2023_098372,TN_SOUTHERN_FLOOD_2023,BORDER_NODATA
TN_SOUTHERN_FLOOD_2023_130607,TN_SOUTHERN_FLOOD_2023,BORDER_NODATA
TN_SOUTHERN_FLOOD_2023_000013,TN_SOUTHERN_FLOOD_2023,BORDER_NODATA
TN_SOUTHERN_FLOOD_2023_000033,TN_SOUTHERN_FLOOD_2023,BORDER_NODATA
TN_SOUTHERN_FLOOD_2023_011646,TN_SOUTHERN_FLOOD_2023,BORDER_NODATA
TN_SOUTHERN_FLOOD_2023_034272,TN_SOUTHERN_FLOOD_2023,BORDER_NODATA
TN_SOUTHERN_FLOOD_2023_064788,TN_SOUTHERN_FLOOD_2023,BORDER_NODATA
TN_SOUTHERN_FLOOD_2023_103093,TN_SOUTHERN_FLOOD_2023,BORDER_NODATA
TN_SOUTHERN_FLOOD_2023_104292,TN_SOUTHERN_FLOOD_2023,BORDER_NODATA
TN_SOUTHERN_FLOOD_2023_132581,TN_SOUTHERN_FLOOD_2023,BORDER_NODATA
TN_SOUTHERN_FLOOD_2023_000057,TN_SOUTHERN_FLOOD_2023,BORDER_NODATA
TN_SOUTHERN_FLOOD_2023_000101,TN_SOUTHERN_FLOOD_2023,BORDER_NODATA
TN_SOUTHERN_FLOOD_2023_012433,TN_SOUTHERN_FLOOD_2023,BORDER_NODATA
TN_SOUTHERN_FLOOD_2023_034278,TN_SOUTHERN_FLOOD_2023,BORDER_NODATA
TN_SOUTHERN_FLOOD_2023_064864,TN_SOUTHERN_FLOOD_2023,BORDER_NODATA
TN_SOUTHERN_FLOOD_2023_103234,TN_SOUTHERN_FLOOD_2023,BORDER_NODATA
TN_SOUTHERN_FLOOD_2023_132634,TN_SOUTHERN_FLOOD_2023,BORDER_NODATA
TN_SOUTHERN_FLOOD_2023_132607,TN_SOUTHERN_FLOOD_2023,BORDER_NODATA
TN_SOUTHERN_FLOOD_2023_002442,TN_SOUTHERN_FLOOD_2023,BORDER_NODATA
TN_SOUTHERN_FLOOD_2023_003096,TN_SOUTHERN_FLOOD_2023,BORDER_NODATA
TN_SOUTHERN_FLOOD_2023_013178,TN_SOUTHERN_FLOOD_2023,BORDER_NODATA
TN_SOUTHERN_FLOOD_2023_038845,TN_SOUTHERN_FLOOD_2023,BORDER_NODATA
TN_SOUTHERN_FLOOD_2023_068434,TN_SOUTHERN_FLOOD_2023,BORDER_NODATA
TN_SOUTHERN_FLOOD_2023_105185,TN_SOUTHERN_FLOOD_2023,BORDER_NODATA
TN_SOUTHERN_FLOOD_2023_105268,TN_SOUTHERN_FLOOD_2023,BORDER_NODATA
TN_SOUTHERN_FLOOD_2023_133986,TN_SOUTHERN_FLOOD_2023,BORDER_NODATA
TN_SOUTHERN_FLOOD_2023_002896,TN_SOUTHERN_FLOOD_2023,BORDER_NODATA
TN_SOUTHERN_FLOOD_2023_002883,TN_SOUTHERN_FLOOD_2023,BORDER_NODATA
TN_SOUTHERN_FLOOD_2023_014343,TN_SOUTHERN_FLOOD_2023,BORDER_NODATA
TN_SOUTHERN_FLOOD_2023_042173,TN_SOUTHERN_FLOOD_2023,BORDER_NODATA
TN_SOUTHERN_FLOOD_2023_073409,TN_SOUTHERN_FLOOD_2023,BORDER_NODATA
TN_SOUTHERN_FLOOD_2023_106876,TN_SOUTHERN_FLOOD_2023,BORDER_NODATA
TN_SOUTHERN_FLOOD_2023_106940,TN_SOUTHERN_FLOOD_2023,BORDER_NODATA
TN_SOUTHERN_FLOOD_2023_133917,TN_SOUTHERN_FLOOD_2023,BORDER_NODATA
TN_SOUTHERN_FLOOD_2023_004238,TN_SOUTHERN_FLOOD_2023,BORDER_NODATA
TN_SOUTHERN_FLOOD_2023_004168,TN_SOUTHERN_FLOOD_2023,BORDER_NODATA
TN_SOUTHERN_FLOOD_2023_015590,TN_SOUTHERN_FLOOD_2023,BORDER_NODATA
TN_SOUTHERN_FLOOD_2023_043531,TN_SOUTHERN_FLOOD_2023,BORDER_NODATA
TN_SOUTHERN_FLOOD_2023_078373,TN_SOUTHERN_FLOOD_2023,BORDER_NODATA
TN_SOUTHERN_FLOOD_2023_111764,TN_SOUTHERN_FLOOD_2023,BORDER_NODATA
TN_SOUTHERN_FLOOD_2023_111798,TN_SOUTHERN_FLOOD_2023,BORDER_NODATA
TN_SOUTHERN_FLOOD_2023_134412,TN_SOUTHERN_FLOOD_2023,BORDER_NODATA
TN_SOUTHERN_FLOOD_2023_005195,TN_SOUTHERN_FLOOD_2023,BORDER_NODATA
TN_SOUTHERN_FLOOD_2023_005212,TN_SOUTHERN_FLOOD_2023,BORDER_NODATA
TN_SOUTHERN_FLOOD_2023_017279,TN_SOUTHERN_FLOOD_2023,BORDER_NODATA
TN_SOUTHERN_FLOOD_2023_044984,TN_SOUTHERN_FLOOD_2023,BORDER_NODATA
TN_SOUTHERN_FLOOD_2023_083293,TN_SOUTHERN_FLOOD_2023,BORDER_NODATA
TN_SOUTHERN_FLOOD_2023_086718,TN_SOUTHERN_FLOOD_2023,BORDER_NODATA
TN_SOUTHERN_FLOOD_2023_116444,TN_SOUTHERN_FLOOD_2023,BORDER_NODATA
TN_SOUTHERN_FLOOD_2023_139091,TN_SOUTHERN_FLOOD_2023,BORDER_NODATA
TN_SOUTHERN_FLOOD_2023_005192,TN_SOUTHERN_FLOOD_2023,BORDER_NODATA
TN_SOUTHERN_FLOOD_2023_005209,TN_SOUTHERN_FLOOD_2023,BORDER_NODATA
TN_SOUTHERN_FLOOD_2023_019713,TN_SOUTHERN_FLOOD_2023,BORDER_NODATA
TN_SOUTHERN_FLOOD_2023_045023,TN_SOUTHERN_FLOOD_2023,BORDER_NODATA
TN_SOUTHERN_FLOOD_2023_083448,TN_SOUTHERN_FLOOD_2023,BORDER_NODATA
TN_SOUTHERN_FLOOD_2023_084951,TN_SOUTHERN_FLOOD_2023,BORDER_NODATA
TN_SOUTHERN_FLOOD_2023_116617,TN_SOUTHERN_FLOOD_2023,BORDER_NODATA
TN_SOUTHERN_FLOOD_2023_139103,TN_SOUTHERN_FLOOD_2023,BORDER_NODATA
TN_SOUTHERN_FLOOD_2023_006689,TN_SOUTHERN_FLOOD_2023,BORDER_NODATA
TN_SOUTHERN_FLOOD_2023_006688,TN_SOUTHERN_FLOOD_2023,BORDER_NODATA
TN_SOUTHERN_FLOOD_2023_023938,TN_SOUTHERN_FLOOD_2023,BORDER_NODATA
TN_SOUTHERN_FLOOD_2023_049947,TN_SOUTHERN_FLOOD_2023,BORDER_NODATA
TN_SOUTHERN_FLOOD_2023_088270,TN_SOUTHERN_FLOOD_2023,BORDER_NODATA
TN_SOUTHERN_FLOOD_2023_089140,TN_SOUTHERN_FLOOD_2023,BORDER_NODATA
TN_SOUTHERN_FLOOD_2023_121585,TN_SOUTHERN_FLOOD_2023,BORDER_NODATA
TN_SOUTHERN_FLOOD_2023_008986,TN_SOUTHERN_FLOOD_2023,BORDER_NODATA
TN_SOUTHERN_FLOOD_2023_009105,TN_SOUTHERN_FLOOD_2023,BORDER_NODATA
TN_SOUTHERN_FLOOD_2023_027469,TN_SOUTHERN_FLOOD_2023,BORDER_NODATA
TN_SOUTHERN_FLOOD_2023_054899,TN_SOUTHERN_FLOOD_2023,BORDER_NODATA
TN_SOUTHERN_FLOOD_2023_093209,TN_SOUTHERN_FLOOD_2023,BORDER_NODATA
TN_SOUTHERN_FLOOD_2023_093508,TN_SOUTHERN_FLOOD_2023,BORDER_NODATA
TN_SOUTHERN_FLOOD_2023_129080,TN_SOUTHERN_FLOOD_2023,BORDER_NODATA
TN_SOUTHERN_FLOOD_2023_156916,TN_SOUTHERN_FLOOD_2023,INSUFFICIENT_EVIDENCE
TN_SOUTHERN_FLOOD_2023_011050,TN_SOUTHERN_FLOOD_2023,BORDER_NODATA
TN_SOUTHERN_FLOOD_2023_032393,TN_SOUTHERN_FLOOD_2023,BORDER_NODATA
TN_SOUTHERN_FLOOD_2023_032391,TN_SOUTHERN_FLOOD_2023,BORDER_NODATA
TN_SOUTHERN_FLOOD_2023_059834,TN_SOUTHERN_FLOOD_2023,BORDER_NODATA
TN_SOUTHERN_FLOOD_2023_098173,TN_SOUTHERN_FLOOD_2023,BORDER_NODATA
TN_SOUTHERN_FLOOD_2023_098415,TN_SOUTHERN_FLOOD_2023,BORDER_NODATA
TN_SOUTHERN_FLOOD_2023_130631,TN_SOUTHERN_FLOOD_2023,BORDER_NODATA
TN_SOUTHERN_FLOOD_2023_000014,TN_SOUTHERN_FLOOD_2023,BORDER_NODATA
TN_SOUTHERN_FLOOD_2023_000040,TN_SOUTHERN_FLOOD_2023,BORDER_NODATA
TN_SOUTHERN_FLOOD_2023_011685,TN_SOUTHERN_FLOOD_2023,BORDER_NODATA
TN_SOUTHERN_FLOOD_2023_034275,TN_SOUTHERN_FLOOD_2023,BORDER_NODATA
TN_SOUTHERN_FLOOD_2023_064791,TN_SOUTHERN_FLOOD_2023,BORDER_NODATA
TN_SOUTHERN_FLOOD_2023_103094,TN_SOUTHERN_FLOOD_2023,BORDER_NODATA
TN_SOUTHERN_FLOOD_2023_104460,TN_SOUTHERN_FLOOD_2023,BORDER_NODATA
TN_SOUTHERN_FLOOD_2023_132588,TN_SOUTHERN_FLOOD_2023,BORDER_NODATA
TN_SOUTHERN_FLOOD_2023_147040,TN_SOUTHERN_FLOOD_2023,BORDER_NODATA
TN_SOUTHERN_FLOOD_2023_000058,TN_SOUTHERN_FLOOD_2023,BORDER_NODATA
TN_SOUTHERN_FLOOD_2023_000116,TN_SOUTHERN_FLOOD_2023,BORDER_NODATA
TN_SOUTHERN_FLOOD_2023_012773,TN_SOUTHERN_FLOOD_2023,BORDER_NODATA
TN_SOUTHERN_FLOOD_2023_034281,TN_SOUTHERN_FLOOD_2023,BORDER_NODATA
TN_SOUTHERN_FLOOD_2023_064866,TN_SOUTHERN_FLOOD_2023,BORDER_NODATA
TN_SOUTHERN_FLOOD_2023_103271,TN_SOUTHERN_FLOOD_2023,BORDER_NODATA
TN_SOUTHERN_FLOOD_2023_132636,TN_SOUTHERN_FLOOD_2023,BORDER_NODATA
TN_SOUTHERN_FLOOD_2023_132617,TN_SOUTHERN_FLOOD_2023,BORDER_NODATA
TN_SOUTHERN_FLOOD_2023_002457,TN_SOUTHERN_FLOOD_2023,BORDER_NODATA
TN_SOUTHERN_FLOOD_2023_003112,TN_SOUTHERN_FLOOD_2023,BORDER_NODATA
TN_SOUTHERN_FLOOD_2023_013180,TN_SOUTHERN_FLOOD_2023,BORDER_NODATA
TN_SOUTHERN_FLOOD_2023_038849,TN_SOUTHERN_FLOOD_2023,BORDER_NODATA
TN_SOUTHERN_FLOOD_2023_068435,TN_SOUTHERN_FLOOD_2023,BORDER_NODATA
TN_SOUTHERN_FLOOD_2023_105186,TN_SOUTHERN_FLOOD_2023,BORDER_NODATA
TN_SOUTHERN_FLOOD_2023_105276,TN_SOUTHERN_FLOOD_2023,BORDER_NODATA
TN_SOUTHERN_FLOOD_2023_134059,TN_SOUTHERN_FLOOD_2023,BORDER_NODATA
TN_SOUTHERN_FLOOD_2023_002910,TN_SOUTHERN_FLOOD_2023,BORDER_NODATA
TN_SOUTHERN_FLOOD_2023_002884,TN_SOUTHERN_FLOOD_2023,BORDER_NODATA
TN_SOUTHERN_FLOOD_2023_014364,TN_SOUTHERN_FLOOD_2023,BORDER_NODATA
TN_SOUTHERN_FLOOD_2023_042175,TN_SOUTHERN_FLOOD_2023,BORDER_NODATA
TN_SOUTHERN_FLOOD_2023_073410,TN_SOUTHERN_FLOOD_2023,BORDER_NODATA
TN_SOUTHERN_FLOOD_2023_106877,TN_SOUTHERN_FLOOD_2023,BORDER_NODATA
TN_SOUTHERN_FLOOD_2023_106958,TN_SOUTHERN_FLOOD_2023,BORDER_NODATA
TN_SOUTHERN_FLOOD_2023_133929,TN_SOUTHERN_FLOOD_2023,BORDER_NODATA
TN_SOUTHERN_FLOOD_2023_004239,TN_SOUTHERN_FLOOD_2023,BORDER_NODATA
TN_SOUTHERN_FLOOD_2023_004173,TN_SOUTHERN_FLOOD_2023,BORDER_NODATA
TN_SOUTHERN_FLOOD_2023_015597,TN_SOUTHERN_FLOOD_2023,BORDER_NODATA
TN_SOUTHERN_FLOOD_2023_043532,TN_SOUTHERN_FLOOD_2023,BORDER_NODATA
TN_SOUTHERN_FLOOD_2023_078374,TN_SOUTHERN_FLOOD_2023,BORDER_NODATA
TN_SOUTHERN_FLOOD_2023_111765,TN_SOUTHERN_FLOOD_2023,BORDER_NODATA
TN_SOUTHERN_FLOOD_2023_111800,TN_SOUTHERN_FLOOD_2023,BORDER_NODATA
TN_SOUTHERN_FLOOD_2023_134418,TN_SOUTHERN_FLOOD_2023,BORDER_NODATA
TN_SOUTHERN_FLOOD_2023_005197,TN_SOUTHERN_FLOOD_2023,BORDER_NODATA
TN_SOUTHERN_FLOOD_2023_005218,TN_SOUTHERN_FLOOD_2023,BORDER_NODATA
TN_SOUTHERN_FLOOD_2023_017568,TN_SOUTHERN_FLOOD_2023,BORDER_NODATA
TN_SOUTHERN_FLOOD_2023_044989,TN_SOUTHERN_FLOOD_2023,BORDER_NODATA
TN_SOUTHERN_FLOOD_2023_083294,TN_SOUTHERN_FLOOD_2023,BORDER_NODATA
TN_SOUTHERN_FLOOD_2023_087179,TN_SOUTHERN_FLOOD_2023,BORDER_NODATA
TN_SOUTHERN_FLOOD_2023_116445,TN_SOUTHERN_FLOOD_2023,BORDER_NODATA
TN_SOUTHERN_FLOOD_2023_005196,TN_SOUTHERN_FLOOD_2023,BORDER_NODATA
TN_SOUTHERN_FLOOD_2023_005213,TN_SOUTHERN_FLOOD_2023,BORDER_NODATA
TN_SOUTHERN_FLOOD_2023_019715,TN_SOUTHERN_FLOOD_2023,BORDER_NODATA
TN_SOUTHERN_FLOOD_2023_045037,TN_SOUTHERN_FLOOD_2023,BORDER_NODATA
TN_SOUTHERN_FLOOD_2023_083451,TN_SOUTHERN_FLOOD_2023,BORDER_NODATA
TN_SOUTHERN_FLOOD_2023_085041,TN_SOUTHERN_FLOOD_2023,BORDER_NODATA
TN_SOUTHERN_FLOOD_2023_116625,TN_SOUTHERN_FLOOD_2023,BORDER_NODATA
TN_SOUTHERN_FLOOD_2023_139111,TN_SOUTHERN_FLOOD_2023,BORDER_NODATA
TN_SOUTHERN_FLOOD_2023_006692,TN_SOUTHERN_FLOOD_2023,BORDER_NODATA
TN_SOUTHERN_FLOOD_2023_006700,TN_SOUTHERN_FLOOD_2023,BORDER_NODATA
TN_SOUTHERN_FLOOD_2023_023939,TN_SOUTHERN_FLOOD_2023,BORDER_NODATA
TN_SOUTHERN_FLOOD_2023_049948,TN_SOUTHERN_FLOOD_2023,BORDER_NODATA
TN_SOUTHERN_FLOOD_2023_088272,TN_SOUTHERN_FLOOD_2023,BORDER_NODATA
TN_SOUTHERN_FLOOD_2023_089279,TN_SOUTHERN_FLOOD_2023,BORDER_NODATA
TN_SOUTHERN_FLOOD_2023_121641,TN_SOUTHERN_FLOOD_2023,BORDER_NODATA
TN_SOUTHERN_FLOOD_2023_142640,TN_SOUTHERN_FLOOD_2023,INSUFFICIENT_EVIDENCE
TN_SOUTHERN_FLOOD_2023_008994,TN_SOUTHERN_FLOOD_2023,BORDER_NODATA
TN_SOUTHERN_FLOOD_2023_009138,TN_SOUTHERN_FLOOD_2023,BORDER_NODATA
TN_SOUTHERN_FLOOD_2023_027470,TN_SOUTHERN_FLOOD_2023,BORDER_NODATA
TN_SOUTHERN_FLOOD_2023_054900,TN_SOUTHERN_FLOOD_2023,BORDER_NODATA
TN_SOUTHERN_FLOOD_2023_093211,TN_SOUTHERN_FLOOD_2023,BORDER_NODATA
TN_SOUTHERN_FLOOD_2023_093580,TN_SOUTHERN_FLOOD_2023,BORDER_NODATA
TN_SOUTHERN_FLOOD_2023_129210,TN_SOUTHERN_FLOOD_2023,BORDER_NODATA
TN_SOUTHERN_FLOOD_2023_156918,TN_SOUTHERN_FLOOD_2023,INSUFFICIENT_EVIDENCE
TN_SOUTHERN_FLOOD_2023_011051,TN_SOUTHERN_FLOOD_2023,BORDER_NODATA
TN_SOUTHERN_FLOOD_2023_032395,TN_SOUTHERN_FLOOD_2023,BORDER_NODATA
TN_SOUTHERN_FLOOD_2023_032394,TN_SOUTHERN_FLOOD_2023,BORDER_NODATA
TN_SOUTHERN_FLOOD_2023_059835,TN_SOUTHERN_FLOOD_2023,BORDER_NODATA
TN_SOUTHERN_FLOOD_2023_098174,TN_SOUTHERN_FLOOD_2023,BORDER_NODATA
TN_SOUTHERN_FLOOD_2023_098495,TN_SOUTHERN_FLOOD_2023,BORDER_NODATA
TN_SOUTHERN_FLOOD_2023_130698,TN_SOUTHERN_FLOOD_2023,BORDER_NODATA
TN_SOUTHERN_FLOOD_2023_000015,TN_SOUTHERN_FLOOD_2023,BORDER_NODATA
TN_SOUTHERN_FLOOD_2023_000045,TN_SOUTHERN_FLOOD_2023,BORDER_NODATA
TN_SOUTHERN_FLOOD_2023_011691,TN_SOUTHERN_FLOOD_2023,BORDER_NODATA
TN_SOUTHERN_FLOOD_2023_034284,TN_SOUTHERN_FLOOD_2023,BORDER_NODATA
TN_SOUTHERN_FLOOD_2023_064794,TN_SOUTHERN_FLOOD_2023,BORDER_NODATA
TN_SOUTHERN_FLOOD_2023_103095,TN_SOUTHERN_FLOOD_2023,BORDER_NODATA
TN_SOUTHERN_FLOOD_2023_104916,TN_SOUTHERN_FLOOD_2023,BORDER_NODATA
TN_SOUTHERN_FLOOD_2023_132592,TN_SOUTHERN_FLOOD_2023,BORDER_NODATA
TN_SOUTHERN_FLOOD_2023_000074,TN_SOUTHERN_FLOOD_2023,BORDER_NODATA
TN_SOUTHERN_FLOOD_2023_000120,TN_SOUTHERN_FLOOD_2023,BORDER_NODATA
TN_SOUTHERN_FLOOD_2023_012775,TN_SOUTHERN_FLOOD_2023,BORDER_NODATA
TN_SOUTHERN_FLOOD_2023_034286,TN_SOUTHERN_FLOOD_2023,BORDER_NODATA
TN_SOUTHERN_FLOOD_2023_064877,TN_SOUTHERN_FLOOD_2023,BORDER_NODATA
TN_SOUTHERN_FLOOD_2023_103326,TN_SOUTHERN_FLOOD_2023,BORDER_NODATA
TN_SOUTHERN_FLOOD_2023_132705,TN_SOUTHERN_FLOOD_2023,BORDER_NODATA
TN_SOUTHERN_FLOOD_2023_132620,TN_SOUTHERN_FLOOD_2023,BORDER_NODATA
TN_SOUTHERN_FLOOD_2023_002513,TN_SOUTHERN_FLOOD_2023,BORDER_NODATA
TN_SOUTHERN_FLOOD_2023_003170,TN_SOUTHERN_FLOOD_2023,BORDER_NODATA
TN_SOUTHERN_FLOOD_2023_013192,TN_SOUTHERN_FLOOD_2023,BORDER_NODATA
TN_SOUTHERN_FLOOD_2023_038855,TN_SOUTHERN_FLOOD_2023,BORDER_NODATA
TN_SOUTHERN_FLOOD_2023_068436,TN_SOUTHERN_FLOOD_2023,BORDER_NODATA
TN_SOUTHERN_FLOOD_2023_105187,TN_SOUTHERN_FLOOD_2023,BORDER_NODATA
TN_SOUTHERN_FLOOD_2023_105279,TN_SOUTHERN_FLOOD_2023,BORDER_NODATA
TN_SOUTHERN_FLOOD_2023_134194,TN_SOUTHERN_FLOOD_2023,BORDER_NODATA
TN_SOUTHERN_FLOOD_2023_002923,TN_SOUTHERN_FLOOD_2023,BORDER_NODATA
TN_SOUTHERN_FLOOD_2023_002885,TN_SOUTHERN_FLOOD_2023,BORDER_NODATA
TN_SOUTHERN_FLOOD_2023_014371,TN_SOUTHERN_FLOOD_2023,BORDER_NODATA
TN_SOUTHERN_FLOOD_2023_042178,TN_SOUTHERN_FLOOD_2023,BORDER_NODATA
TN_SOUTHERN_FLOOD_2023_073411,TN_SOUTHERN_FLOOD_2023,BORDER_NODATA
TN_SOUTHERN_FLOOD_2023_106878,TN_SOUTHERN_FLOOD_2023,BORDER_NODATA
TN_SOUTHERN_FLOOD_2023_106968,TN_SOUTHERN_FLOOD_2023,BORDER_NODATA
TN_SOUTHERN_FLOOD_2023_133931,TN_SOUTHERN_FLOOD_2023,BORDER_NODATA
TN_SOUTHERN_FLOOD_2023_004249,TN_SOUTHERN_FLOOD_2023,BORDER_NODATA
TN_SOUTHERN_FLOOD_2023_004174,TN_SOUTHERN_FLOOD_2023,BORDER_NODATA
TN_SOUTHERN_FLOOD_2023_015598,TN_SOUTHERN_FLOOD_2023,BORDER_NODATA
TN_SOUTHERN_FLOOD_2023_043533,TN_SOUTHERN_FLOOD_2023,BORDER_NODATA
TN_SOUTHERN_FLOOD_2023_078375,TN_SOUTHERN_FLOOD_2023,BORDER_NODATA
TN_SOUTHERN_FLOOD_2023_111766,TN_SOUTHERN_FLOOD_2023,BORDER_NODATA
TN_SOUTHERN_FLOOD_2023_111801,TN_SOUTHERN_FLOOD_2023,BORDER_NODATA
TN_SOUTHERN_FLOOD_2023_134423,TN_SOUTHERN_FLOOD_2023,BORDER_NODATA
TN_SOUTHERN_FLOOD_2023_160306,TN_SOUTHERN_FLOOD_2023,INSUFFICIENT_EVIDENCE
TN_SOUTHERN_FLOOD_2023_005198,TN_SOUTHERN_FLOOD_2023,BORDER_NODATA
TN_SOUTHERN_FLOOD_2023_005219,TN_SOUTHERN_FLOOD_2023,BORDER_NODATA
TN_SOUTHERN_FLOOD_2023_017688,TN_SOUTHERN_FLOOD_2023,BORDER_NODATA
TN_SOUTHERN_FLOOD_2023_044990,TN_SOUTHERN_FLOOD_2023,BORDER_NODATA
TN_SOUTHERN_FLOOD_2023_083295,TN_SOUTHERN_FLOOD_2023,BORDER_NODATA
TN_SOUTHERN_FLOOD_2023_087235,TN_SOUTHERN_FLOOD_2023,BORDER_NODATA
TN_SOUTHERN_FLOOD_2023_116449,TN_SOUTHERN_FLOOD_2023,BORDER_NODATA
TN_SOUTHERN_FLOOD_2023_150718,TN_SOUTHERN_FLOOD_2023,INSUFFICIENT_EVIDENCE
TN_SOUTHERN_FLOOD_2023_005205,TN_SOUTHERN_FLOOD_2023,BORDER_NODATA
TN_SOUTHERN_FLOOD_2023_005215,TN_SOUTHERN_FLOOD_2023,BORDER_NODATA
TN_SOUTHERN_FLOOD_2023_019716,TN_SOUTHERN_FLOOD_2023,BORDER_NODATA
TN_SOUTHERN_FLOOD_2023_045044,TN_SOUTHERN_FLOOD_2023,BORDER_NODATA
TN_SOUTHERN_FLOOD_2023_083458,TN_SOUTHERN_FLOOD_2023,BORDER_NODATA
TN_SOUTHERN_FLOOD_2023_085168,TN_SOUTHERN_FLOOD_2023,BORDER_NODATA
TN_SOUTHERN_FLOOD_2023_116646,TN_SOUTHERN_FLOOD_2023,BORDER_NODATA
TN_SOUTHERN_FLOOD_2023_006703,TN_SOUTHERN_FLOOD_2023,BORDER_NODATA
TN_SOUTHERN_FLOOD_2023_006705,TN_SOUTHERN_FLOOD_2023,BORDER_NODATA
TN_SOUTHERN_FLOOD_2023_023940,TN_SOUTHERN_FLOOD_2023,BORDER_NODATA
TN_SOUTHERN_FLOOD_2023_049953,TN_SOUTHERN_FLOOD_2023,BORDER_NODATA
TN_SOUTHERN_FLOOD_2023_088274,TN_SOUTHERN_FLOOD_2023,BORDER_NODATA
TN_SOUTHERN_FLOOD_2023_089305,TN_SOUTHERN_FLOOD_2023,BORDER_NODATA
TN_SOUTHERN_FLOOD_2023_121644,TN_SOUTHERN_FLOOD_2023,BORDER_NODATA
TN_SOUTHERN_FLOOD_2023_009025,TN_SOUTHERN_FLOOD_2023,BORDER_NODATA
TN_SOUTHERN_FLOOD_2023_009248,TN_SOUTHERN_FLOOD_2023,BORDER_NODATA
TN_SOUTHERN_FLOOD_2023_027479,TN_SOUTHERN_FLOOD_2023,BORDER_NODATA
TN_SOUTHERN_FLOOD_2023_054901,TN_SOUTHERN_FLOOD_2023,BORDER_NODATA
TN_SOUTHERN_FLOOD_2023_093216,TN_SOUTHERN_FLOOD_2023,BORDER_NODATA
TN_SOUTHERN_FLOOD_2023_093613,TN_SOUTHERN_FLOOD_2023,BORDER_NODATA
TN_SOUTHERN_FLOOD_2023_130264,TN_SOUTHERN_FLOOD_2023,BORDER_NODATA
TN_SOUTHERN_FLOOD_2023_011052,TN_SOUTHERN_FLOOD_2023,BORDER_NODATA
TN_SOUTHERN_FLOOD_2023_032408,TN_SOUTHERN_FLOOD_2023,BORDER_NODATA
TN_SOUTHERN_FLOOD_2023_032397,TN_SOUTHERN_FLOOD_2023,BORDER_NODATA
TN_SOUTHERN_FLOOD_2023_059836,TN_SOUTHERN_FLOOD_2023,BORDER_NODATA
TN_SOUTHERN_FLOOD_2023_098175,TN_SOUTHERN_FLOOD_2023,BORDER_NODATA
TN_SOUTHERN_FLOOD_2023_098622,TN_SOUTHERN_FLOOD_2023,BORDER_NODATA
TN_SOUTHERN_FLOOD_2023_130717,TN_SOUTHERN_FLOOD_2023,BORDER_NODATA
TN_SOUTHERN_FLOOD_2023_000016,TN_SOUTHERN_FLOOD_2023,BORDER_NODATA
TN_SOUTHERN_FLOOD_2023_000046,TN_SOUTHERN_FLOOD_2023,BORDER_NODATA
TN_SOUTHERN_FLOOD_2023_011717,TN_SOUTHERN_FLOOD_2023,BORDER_NODATA
TN_SOUTHERN_FLOOD_2023_034288,TN_SOUTHERN_FLOOD_2023,BORDER_NODATA
TN_SOUTHERN_FLOOD_2023_064795,TN_SOUTHERN_FLOOD_2023,BORDER_NODATA
TN_SOUTHERN_FLOOD_2023_103096,TN_SOUTHERN_FLOOD_2023,BORDER_NODATA
TN_SOUTHERN_FLOOD_2023_105074,TN_SOUTHERN_FLOOD_2023,BORDER_NODATA
TN_SOUTHERN_FLOOD_2023_132598,TN_SOUTHERN_FLOOD_2023,BORDER_NODATA
TN_SOUTHERN_FLOOD_2023_147054,TN_SOUTHERN_FLOOD_2023,BORDER_NODATA
TN_SOUTHERN_FLOOD_2023_000088,TN_SOUTHERN_FLOOD_2023,BORDER_NODATA
TN_SOUTHERN_FLOOD_2023_000136,TN_SOUTHERN_FLOOD_2023,BORDER_NODATA
TN_SOUTHERN_FLOOD_2023_012900,TN_SOUTHERN_FLOOD_2023,BORDER_NODATA
TN_SOUTHERN_FLOOD_2023_034287,TN_SOUTHERN_FLOOD_2023,BORDER_NODATA
TN_SOUTHERN_FLOOD_2023_064886,TN_SOUTHERN_FLOOD_2023,BORDER_NODATA
TN_SOUTHERN_FLOOD_2023_103553,TN_SOUTHERN_FLOOD_2023,BORDER_NODATA
TN_SOUTHERN_FLOOD_2023_132767,TN_SOUTHERN_FLOOD_2023,BORDER_NODATA
TN_SOUTHERN_FLOOD_2023_132622,TN_SOUTHERN_FLOOD_2023,BORDER_NODATA
TN_SOUTHERN_FLOOD_2023_002583,TN_SOUTHERN_FLOOD_2023,BORDER_NODATA
TN_SOUTHERN_FLOOD_2023_003236,TN_SOUTHERN_FLOOD_2023,BORDER_NODATA
TN_SOUTHERN_FLOOD_2023_013208,TN_SOUTHERN_FLOOD_2023,BORDER_NODATA
TN_SOUTHERN_FLOOD_2023_038872,TN_SOUTHERN_FLOOD_2023,BORDER_NODATA
TN_SOUTHERN_FLOOD_2023_068437,TN_SOUTHERN_FLOOD_2023,BORDER_NODATA
TN_SOUTHERN_FLOOD_2023_105189,TN_SOUTHERN_FLOOD_2023,BORDER_NODATA
TN_SOUTHERN_FLOOD_2023_105304,TN_SOUTHERN_FLOOD_2023,BORDER_NODATA
TN_SOUTHERN_FLOOD_2023_134196,TN_SOUTHERN_FLOOD_2023,BORDER_NODATA
TN_SOUTHERN_FLOOD_2023_002924,TN_SOUTHERN_FLOOD_2023,BORDER_NODATA
TN_SOUTHERN_FLOOD_2023_002886,TN_SOUTHERN_FLOOD_2023,BORDER_NODATA
TN_SOUTHERN_FLOOD_2023_014403,TN_SOUTHERN_FLOOD_2023,BORDER_NODATA
TN_SOUTHERN_FLOOD_2023_042179,TN_SOUTHERN_FLOOD_2023,BORDER_NODATA
TN_SOUTHERN_FLOOD_2023_073412,TN_SOUTHERN_FLOOD_2023,BORDER_NODATA
TN_SOUTHERN_FLOOD_2023_106879,TN_SOUTHERN_FLOOD_2023,BORDER_NODATA
TN_SOUTHERN_FLOOD_2023_106969,TN_SOUTHERN_FLOOD_2023,BORDER_NODATA
TN_SOUTHERN_FLOOD_2023_133962,TN_SOUTHERN_FLOOD_2023,BORDER_NODATA
TN_SOUTHERN_FLOOD_2023_004260,TN_SOUTHERN_FLOOD_2023,BORDER_NODATA
TN_SOUTHERN_FLOOD_2023_004175,TN_SOUTHERN_FLOOD_2023,BORDER_NODATA
TN_SOUTHERN_FLOOD_2023_015600,TN_SOUTHERN_FLOOD_2023,BORDER_NODATA
TN_SOUTHERN_FLOOD_2023_043534,TN_SOUTHERN_FLOOD_2023,BORDER_NODATA
TN_SOUTHERN_FLOOD_2023_078376,TN_SOUTHERN_FLOOD_2023,BORDER_NODATA
TN_SOUTHERN_FLOOD_2023_111767,TN_SOUTHERN_FLOOD_2023,BORDER_NODATA
TN_SOUTHERN_FLOOD_2023_111804,TN_SOUTHERN_FLOOD_2023,BORDER_NODATA
TN_SOUTHERN_FLOOD_2023_134436,TN_SOUTHERN_FLOOD_2023,BORDER_NODATA
TN_SOUTHERN_FLOOD_2023_005201,TN_SOUTHERN_FLOOD_2023,BORDER_NODATA
TN_SOUTHERN_FLOOD_2023_005224,TN_SOUTHERN_FLOOD_2023,BORDER_NODATA
TN_SOUTHERN_FLOOD_2023_017803,TN_SOUTHERN_FLOOD_2023,BORDER_NODATA
TN_SOUTHERN_FLOOD_2023_044993,TN_SOUTHERN_FLOOD_2023,BORDER_NODATA
TN_SOUTHERN_FLOOD_2023_083296,TN_SOUTHERN_FLOOD_2023,BORDER_NODATA
TN_SOUTHERN_FLOOD_2023_087280,TN_SOUTHERN_FLOOD_2023,BORDER_NODATA
TN_SOUTHERN_FLOOD_2023_116454,TN_SOUTHERN_FLOOD_2023,BORDER_NODATA
TN_SOUTHERN_FLOOD_2023_005206,TN_SOUTHERN_FLOOD_2023,BORDER_NODATA
TN_SOUTHERN_FLOOD_2023_005227,TN_SOUTHERN_FLOOD_2023,BORDER_NODATA
TN_SOUTHERN_FLOOD_2023_019719,TN_SOUTHERN_FLOOD_2023,BORDER_NODATA
TN_SOUTHERN_FLOOD_2023_045048,TN_SOUTHERN_FLOOD_2023,BORDER_NODATA
TN_SOUTHERN_FLOOD_2023_083492,TN_SOUTHERN_FLOOD_2023,BORDER_NODATA
TN_SOUTHERN_FLOOD_2023_085828,TN_SOUTHERN_FLOOD_2023,BORDER_NODATA
TN_SOUTHERN_FLOOD_2023_116678,TN_SOUTHERN_FLOOD_2023,BORDER_NODATA
TN_SOUTHERN_FLOOD_2023_006706,TN_SOUTHERN_FLOOD_2023,BORDER_NODATA
TN_SOUTHERN_FLOOD_2023_006708,TN_SOUTHERN_FLOOD_2023,BORDER_NODATA
TN_SOUTHERN_FLOOD_2023_023943,TN_SOUTHERN_FLOOD_2023,BORDER_NODATA
TN_SOUTHERN_FLOOD_2023_049954,TN_SOUTHERN_FLOOD_2023,BORDER_NODATA
TN_SOUTHERN_FLOOD_2023_088277,TN_SOUTHERN_FLOOD_2023,BORDER_NODATA
TN_SOUTHERN_FLOOD_2023_089392,TN_SOUTHERN_FLOOD_2023,BORDER_NODATA
TN_SOUTHERN_FLOOD_2023_121676,TN_SOUTHERN_FLOOD_2023,BORDER_NODATA
TN_SOUTHERN_FLOOD_2023_009035,TN_SOUTHERN_FLOOD_2023,BORDER_NODATA
TN_SOUTHERN_FLOOD_2023_009273,TN_SOUTHERN_FLOOD_2023,BORDER_NODATA
TN_SOUTHERN_FLOOD_2023_027497,TN_SOUTHERN_FLOOD_2023,BORDER_NODATA
TN_SOUTHERN_FLOOD_2023_054902,TN_SOUTHERN_FLOOD_2023,BORDER_NODATA
TN_SOUTHERN_FLOOD_2023_093217,TN_SOUTHERN_FLOOD_2023,BORDER_NODATA
TN_SOUTHERN_FLOOD_2023_093620,TN_SOUTHERN_FLOOD_2023,BORDER_NODATA
TN_SOUTHERN_FLOOD_2023_130281,TN_SOUTHERN_FLOOD_2023,BORDER_NODATA
TN_SOUTHERN_FLOOD_2023_143677,TN_SOUTHERN_FLOOD_2023,INSUFFICIENT_EVIDENCE
TN_SOUTHERN_FLOOD_2023_011055,TN_SOUTHERN_FLOOD_2023,BORDER_NODATA
TN_SOUTHERN_FLOOD_2023_032421,TN_SOUTHERN_FLOOD_2023,BORDER_NODATA
TN_SOUTHERN_FLOOD_2023_032399,TN_SOUTHERN_FLOOD_2023,BORDER_NODATA
TN_SOUTHERN_FLOOD_2023_059837,TN_SOUTHERN_FLOOD_2023,BORDER_NODATA
TN_SOUTHERN_FLOOD_2023_098176,TN_SOUTHERN_FLOOD_2023,BORDER_NODATA
TN_SOUTHERN_FLOOD_2023_098835,TN_SOUTHERN_FLOOD_2023,BORDER_NODATA
TN_SOUTHERN_FLOOD_2023_130749,TN_SOUTHERN_FLOOD_2023,BORDER_NODATA
TN_SOUTHERN_FLOOD_2023_000017,TN_SOUTHERN_FLOOD_2023,BORDER_NODATA
TN_SOUTHERN_FLOOD_2023_000047,TN_SOUTHERN_FLOOD_2023,BORDER_NODATA
TN_SOUTHERN_FLOOD_2023_011801,TN_SOUTHERN_FLOOD_2023,BORDER_NODATA
TN_SOUTHERN_FLOOD_2023_034291,TN_SOUTHERN_FLOOD_2023,BORDER_NODATA
TN_SOUTHERN_FLOOD_2023_064799,TN_SOUTHERN_FLOOD_2023,BORDER_NODATA
TN_SOUTHERN_FLOOD_2023_103097,TN_SOUTHERN_FLOOD_2023,BORDER_NODATA
TN_SOUTHERN_FLOOD_2023_132544,TN_SOUTHERN_FLOOD_2023,BORDER_NODATA
TN_SOUTHERN_FLOOD_2023_132600,TN_SOUTHERN_FLOOD_2023,BORDER_NODATA
TN_SOUTHERN_FLOOD_2023_147080,TN_SOUTHERN_FLOOD_2023,BORDER_NODATA
TN_SOUTHERN_FLOOD_2023_000097,TN_SOUTHERN_FLOOD_2023,BORDER_NODATA
TN_SOUTHERN_FLOOD_2023_000170,TN_SOUTHERN_FLOOD_2023,BORDER_NODATA
TN_SOUTHERN_FLOOD_2023_013017,TN_SOUTHERN_FLOOD_2023,BORDER_NODATA
TN_SOUTHERN_FLOOD_2023_034289,TN_SOUTHERN_FLOOD_2023,BORDER_NODATA
TN_SOUTHERN_FLOOD_2023_064913,TN_SOUTHERN_FLOOD_2023,BORDER_NODATA
TN_SOUTHERN_FLOOD_2023_103594,TN_SOUTHERN_FLOOD_2023,BORDER_NODATA
TN_SOUTHERN_FLOOD_2023_132788,TN_SOUTHERN_FLOOD_2023,BORDER_NODATA
TN_SOUTHERN_FLOOD_2023_132624,TN_SOUTHERN_FLOOD_2023,BORDER_NODATA
TN_SOUTHERN_FLOOD_2023_002612,TN_SOUTHERN_FLOOD_2023,BORDER_NODATA
TN_SOUTHERN_FLOOD_2023_003261,TN_SOUTHERN_FLOOD_2023,BORDER_NODATA
TN_SOUTHERN_FLOOD_2023_013220,TN_SOUTHERN_FLOOD_2023,BORDER_NODATA
TN_SOUTHERN_FLOOD_2023_038907,TN_SOUTHERN_FLOOD_2023,BORDER_NODATA
TN_SOUTHERN_FLOOD_2023_068438,TN_SOUTHERN_FLOOD_2023,BORDER_NODATA
TN_SOUTHERN_FLOOD_2023_105191,TN_SOUTHERN_FLOOD_2023,BORDER_NODATA
TN_SOUTHERN_FLOOD_2023_105322,TN_SOUTHERN_FLOOD_2023,BORDER_NODATA
TN_SOUTHERN_FLOOD_2023_134227,TN_SOUTHERN_FLOOD_2023,BORDER_NODATA
TN_SOUTHERN_FLOOD_2023_002926,TN_SOUTHERN_FLOOD_2023,BORDER_NODATA
TN_SOUTHERN_FLOOD_2023_002891,TN_SOUTHERN_FLOOD_2023,BORDER_NODATA
TN_SOUTHERN_FLOOD_2023_014442,TN_SOUTHERN_FLOOD_2023,BORDER_NODATA
TN_SOUTHERN_FLOOD_2023_042180,TN_SOUTHERN_FLOOD_2023,BORDER_NODATA
TN_SOUTHERN_FLOOD_2023_073416,TN_SOUTHERN_FLOOD_2023,BORDER_NODATA
TN_SOUTHERN_FLOOD_2023_106883,TN_SOUTHERN_FLOOD_2023,BORDER_NODATA
TN_SOUTHERN_FLOOD_2023_107026,TN_SOUTHERN_FLOOD_2023,BORDER_NODATA
TN_SOUTHERN_FLOOD_2023_133992,TN_SOUTHERN_FLOOD_2023,BORDER_NODATA
TN_SOUTHERN_FLOOD_2023_004269,TN_SOUTHERN_FLOOD_2023,BORDER_NODATA
TN_SOUTHERN_FLOOD_2023_004179,TN_SOUTHERN_FLOOD_2023,BORDER_NODATA
TN_SOUTHERN_FLOOD_2023_015601,TN_SOUTHERN_FLOOD_2023,BORDER_NODATA
TN_SOUTHERN_FLOOD_2023_043536,TN_SOUTHERN_FLOOD_2023,BORDER_NODATA
TN_SOUTHERN_FLOOD_2023_078377,TN_SOUTHERN_FLOOD_2023,BORDER_NODATA
TN_SOUTHERN_FLOOD_2023_111768,TN_SOUTHERN_FLOOD_2023,BORDER_NODATA
TN_SOUTHERN_FLOOD_2023_111809,TN_SOUTHERN_FLOOD_2023,BORDER_NODATA
TN_SOUTHERN_FLOOD_2023_134462,TN_SOUTHERN_FLOOD_2023,BORDER_NODATA
TN_SOUTHERN_FLOOD_2023_005203,TN_SOUTHERN_FLOOD_2023,BORDER_NODATA
TN_SOUTHERN_FLOOD_2023_005236,TN_SOUTHERN_FLOOD_2023,BORDER_NODATA
TN_SOUTHERN_FLOOD_2023_017811,TN_SOUTHERN_FLOOD_2023,BORDER_NODATA
TN_SOUTHERN_FLOOD_2023_044995,TN_SOUTHERN_FLOOD_2023,BORDER_NODATA
TN_SOUTHERN_FLOOD_2023_083297,TN_SOUTHERN_FLOOD_2023,BORDER_NODATA
TN_SOUTHERN_FLOOD_2023_087547,TN_SOUTHERN_FLOOD_2023,BORDER_NODATA
TN_SOUTHERN_FLOOD_2023_116471,TN_SOUTHERN_FLOOD_2023,BORDER_NODATA
TN_SOUTHERN_FLOOD_2023_005207,TN_SOUTHERN_FLOOD_2023,BORDER_NODATA
TN_SOUTHERN_FLOOD_2023_005246,TN_SOUTHERN_FLOOD_2023,BORDER_NODATA
TN_SOUTHERN_FLOOD_2023_019723,TN_SOUTHERN_FLOOD_2023,BORDER_NODATA
TN_SOUTHERN_FLOOD_2023_045059,TN_SOUTHERN_FLOOD_2023,BORDER_NODATA
TN_SOUTHERN_FLOOD_2023_083497,TN_SOUTHERN_FLOOD_2023,BORDER_NODATA
TN_SOUTHERN_FLOOD_2023_085910,TN_SOUTHERN_FLOOD_2023,BORDER_NODATA
TN_SOUTHERN_FLOOD_2023_116738,TN_SOUTHERN_FLOOD_2023,BORDER_NODATA
TN_SOUTHERN_FLOOD_2023_006720,TN_SOUTHERN_FLOOD_2023,BORDER_NODATA
TN_SOUTHERN_FLOOD_2023_006713,TN_SOUTHERN_FLOOD_2023,BORDER_NODATA
TN_SOUTHERN_FLOOD_2023_023944,TN_SOUTHERN_FLOOD_2023,BORDER_NODATA
TN_SOUTHERN_FLOOD_2023_049961,TN_SOUTHERN_FLOOD_2023,BORDER_NODATA
TN_SOUTHERN_FLOOD_2023_088278,TN_SOUTHERN_FLOOD_2023,BORDER_NODATA
TN_SOUTHERN_FLOOD_2023_089458,TN_SOUTHERN_FLOOD_2023,BORDER_NODATA
TN_SOUTHERN_FLOOD_2023_121699,TN_SOUTHERN_FLOOD_2023,BORDER_NODATA
TN_SOUTHERN_FLOOD_2023_009043,TN_SOUTHERN_FLOOD_2023,BORDER_NODATA
TN_SOUTHERN_FLOOD_2023_009319,TN_SOUTHERN_FLOOD_2023,BORDER_NODATA
TN_SOUTHERN_FLOOD_2023_027498,TN_SOUTHERN_FLOOD_2023,BORDER_NODATA
TN_SOUTHERN_FLOOD_2023_054903,TN_SOUTHERN_FLOOD_2023,BORDER_NODATA
TN_SOUTHERN_FLOOD_2023_093218,TN_SOUTHERN_FLOOD_2023,BORDER_NODATA
TN_SOUTHERN_FLOOD_2023_093632,TN_SOUTHERN_FLOOD_2023,BORDER_NODATA
TN_SOUTHERN_FLOOD_2023_130291,TN_SOUTHERN_FLOOD_2023,BORDER_NODATA
TN_SOUTHERN_FLOOD_2023_011056,TN_SOUTHERN_FLOOD_2023,BORDER_NODATA
TN_SOUTHERN_FLOOD_2023_032439,TN_SOUTHERN_FLOOD_2023,BORDER_NODATA
TN_SOUTHERN_FLOOD_2023_032400,TN_SOUTHERN_FLOOD_2023,BORDER_NODATA
TN_SOUTHERN_FLOOD_2023_059840,TN_SOUTHERN_FLOOD_2023,BORDER_NODATA
TN_SOUTHERN_FLOOD_2023_098177,TN_SOUTHERN_FLOOD_2023,BORDER_NODATA
TN_SOUTHERN_FLOOD_2023_098911,TN_SOUTHERN_FLOOD_2023,BORDER_NODATA
TN_SOUTHERN_FLOOD_2023_130757,TN_SOUTHERN_FLOOD_2023,BORDER_NODATA
TN_OCKHI_2017_014348,TN_OCKHI_2017,INSUFFICIENT_EVIDENCE
TN_OCKHI_2017_044071,TN_OCKHI_2017,INSUFFICIENT_EVIDENCE
TN_OCKHI_2017_044058,TN_OCKHI_2017,INSUFFICIENT_EVIDENCE
TN_OCKHI_2017_057078,TN_OCKHI_2017,INSUFFICIENT_EVIDENCE
TN_OCKHI_2017_001319,TN_OCKHI_2017,INSUFFICIENT_EVIDENCE
TN_OCKHI_2017_008617,TN_OCKHI_2017,INSUFFICIENT_EVIDENCE
TN_OCKHI_2017_040415,TN_OCKHI_2017,INSUFFICIENT_EVIDENCE
TN_OCKHI_2017_040423,TN_OCKHI_2017,INSUFFICIENT_EVIDENCE
TN_OCKHI_2017_000002,TN_OCKHI_2017,INSUFFICIENT_EVIDENCE
TN_OCKHI_2017_027873,TN_OCKHI_2017,INSUFFICIENT_EVIDENCE
TN_OCKHI_2017_030726,TN_OCKHI_2017,INSUFFICIENT_EVIDENCE
TN_OCKHI_2017_001320,TN_OCKHI_2017,INSUFFICIENT_EVIDENCE
TN_OCKHI_2017_003777,TN_OCKHI_2017,INSUFFICIENT_EVIDENCE
TN_OCKHI_2017_000003,TN_OCKHI_2017,INSUFFICIENT_EVIDENCE
TN_OCKHI_2017_055672,TN_OCKHI_2017,INSUFFICIENT_EVIDENCE
TN_OCKHI_2017_044109,TN_OCKHI_2017,INSUFFICIENT_EVIDENCE
TN_OCKHI_2017_036905,TN_OCKHI_2017,INSUFFICIENT_EVIDENCE
TN_OCKHI_2017_008618,TN_OCKHI_2017,INSUFFICIENT_EVIDENCE
TN_OCKHI_2017_047841,TN_OCKHI_2017,INSUFFICIENT_EVIDENCE
TN_OCKHI_2017_008630,TN_OCKHI_2017,INSUFFICIENT_EVIDENCE
TN_OCKHI_2017_051157,TN_OCKHI_2017,INSUFFICIENT_EVIDENCE
TN_OCKHI_2017_001546,TN_OCKHI_2017,INSUFFICIENT_EVIDENCE
TN_OCKHI_2017_020884,TN_OCKHI_2017,INSUFFICIENT_EVIDENCE
TN_OCKHI_2017_057117,TN_OCKHI_2017,INSUFFICIENT_EVIDENCE
TN_OCKHI_2017_057225,TN_OCKHI_2017,INSUFFICIENT_EVIDENCE
TN_OCKHI_2017_060063,TN_OCKHI_2017,INSUFFICIENT_EVIDENCE
TN_OCKHI_2017_021758,TN_OCKHI_2017,INSUFFICIENT_EVIDENCE
TN_OCKHI_2017_046473,TN_OCKHI_2017,INSUFFICIENT_EVIDENCE
TN_OCKHI_2017_050856,TN_OCKHI_2017,INSUFFICIENT_EVIDENCE
TN_OCKHI_2017_008621,TN_OCKHI_2017,INSUFFICIENT_EVIDENCE
TN_OCKHI_2017_011646,TN_OCKHI_2017,INSUFFICIENT_EVIDENCE
TN_OCKHI_2017_027848,TN_OCKHI_2017,INSUFFICIENT_EVIDENCE
TN_OCKHI_2017_041039,TN_OCKHI_2017,INSUFFICIENT_EVIDENCE
TN_OCKHI_2017_045767,TN_OCKHI_2017,INSUFFICIENT_EVIDENCE
TN_OCKHI_2017_040452,TN_OCKHI_2017,INSUFFICIENT_EVIDENCE
TN_OCKHI_2017_041026,TN_OCKHI_2017,INSUFFICIENT_EVIDENCE
TN_OCKHI_2017_051715,TN_OCKHI_2017,INSUFFICIENT_EVIDENCE
TN_OCKHI_2017_030746,TN_OCKHI_2017,INSUFFICIENT_EVIDENCE
TN_OCKHI_2017_045113,TN_OCKHI_2017,INSUFFICIENT_EVIDENCE
TN_OCKHI_2017_002210,TN_OCKHI_2017,INSUFFICIENT_EVIDENCE
TN_OCKHI_2017_061354,TN_OCKHI_2017,INSUFFICIENT_EVIDENCE
TN_OCKHI_2017_037289,TN_OCKHI_2017,INSUFFICIENT_EVIDENCE
TN_OCKHI_2017_071926,TN_OCKHI_2017,INSUFFICIENT_EVIDENCE
TN_OCKHI_2017_057656,TN_OCKHI_2017,INSUFFICIENT_EVIDENCE
TN_OCKHI_2017_047889,TN_OCKHI_2017,INSUFFICIENT_EVIDENCE
TN_OCKHI_2017_027382,TN_OCKHI_2017,INSUFFICIENT_EVIDENCE
TN_OCKHI_2017_027810,TN_OCKHI_2017,INSUFFICIENT_EVIDENCE
TN_OCKHI_2017_001019,TN_OCKHI_2017,INSUFFICIENT_EVIDENCE
TN_OCKHI_2017_011674,TN_OCKHI_2017,INSUFFICIENT_EVIDENCE
TN_OCKHI_2017_001006,TN_OCKHI_2017,INSUFFICIENT_EVIDENCE
TN_OCKHI_2017_061489,TN_OCKHI_2017,INSUFFICIENT_EVIDENCE
TN_OCKHI_2017_041176,TN_OCKHI_2017,INSUFFICIENT_EVIDENCE
TN_OCKHI_2017_060077,TN_OCKHI_2017,INSUFFICIENT_EVIDENCE
TN_OCKHI_2017_065777,TN_OCKHI_2017,INSUFFICIENT_EVIDENCE
TN_OCKHI_2017_027816,TN_OCKHI_2017,INSUFFICIENT_EVIDENCE
TN_OCKHI_2017_014463,TN_OCKHI_2017,INSUFFICIENT_EVIDENCE
TN_OCKHI_2017_004140,TN_OCKHI_2017,INSUFFICIENT_EVIDENCE
TN_OCKHI_2017_055694,TN_OCKHI_2017,INSUFFICIENT_EVIDENCE
TN_OCKHI_2017_045142,TN_OCKHI_2017,INSUFFICIENT_EVIDENCE
TN_OCKHI_2017_040475,TN_OCKHI_2017,INSUFFICIENT_EVIDENCE
TN_FENGAL_2024_052678,TN_FENGAL_2024,INSUFFICIENT_EVIDENCE
TN_FENGAL_2024_100963,TN_FENGAL_2024,INSUFFICIENT_EVIDENCE
TN_FENGAL_2024_119504,TN_FENGAL_2024,INSUFFICIENT_EVIDENCE
TN_FENGAL_2024_085965,TN_FENGAL_2024,INSUFFICIENT_EVIDENCE
TN_FENGAL_2024_090897,TN_FENGAL_2024,INSUFFICIENT_EVIDENCE
TN_FENGAL_2024_141929,TN_FENGAL_2024,INSUFFICIENT_EVIDENCE
TN_FENGAL_2024_051972,TN_FENGAL_2024,INSUFFICIENT_EVIDENCE
TN_FENGAL_2024_002947,TN_FENGAL_2024,INSUFFICIENT_EVIDENCE
TN_FENGAL_2024_121572,TN_FENGAL_2024,INSUFFICIENT_EVIDENCE
TN_FENGAL_2024_008878,TN_FENGAL_2024,INSUFFICIENT_EVIDENCE
TN_FENGAL_2024_143589,TN_FENGAL_2024,INSUFFICIENT_EVIDENCE
TN_FENGAL_2024_031113,TN_FENGAL_2024,INSUFFICIENT_EVIDENCE
TN_FENGAL_2024_004086,TN_FENGAL_2024,INSUFFICIENT_EVIDENCE
TN_FENGAL_2024_103990,TN_FENGAL_2024,INSUFFICIENT_EVIDENCE
TN_FENGAL_2024_143590,TN_FENGAL_2024,INSUFFICIENT_EVIDENCE
TN_FENGAL_2024_000012,TN_FENGAL_2024,INSUFFICIENT_EVIDENCE
TN_FENGAL_2024_133719,TN_FENGAL_2024,INSUFFICIENT_EVIDENCE
TN_FENGAL_2024_004087,TN_FENGAL_2024,INSUFFICIENT_EVIDENCE
TN_FENGAL_2024_015664,TN_FENGAL_2024,INSUFFICIENT_EVIDENCE
TN_FENGAL_2024_102518,TN_FENGAL_2024,INSUFFICIENT_EVIDENCE
TN_FENGAL_2024_091090,TN_FENGAL_2024,INSUFFICIENT_EVIDENCE
TN_FENGAL_2024_095880,TN_FENGAL_2024,INSUFFICIENT_EVIDENCE
TN_FENGAL_2024_131353,TN_FENGAL_2024,INSUFFICIENT_EVIDENCE
TN_FENGAL_2024_079365,TN_FENGAL_2024,INSUFFICIENT_EVIDENCE
TN_FENGAL_2024_002980,TN_FENGAL_2024,INSUFFICIENT_EVIDENCE
TN_FENGAL_2024_064280,TN_FENGAL_2024,INSUFFICIENT_EVIDENCE
TN_FENGAL_2024_045603,TN_FENGAL_2024,INSUFFICIENT_EVIDENCE
TN_FENGAL_2024_125747,TN_FENGAL_2024,INSUFFICIENT_EVIDENCE
TN_FENGAL_2024_131554,TN_FENGAL_2024,INSUFFICIENT_EVIDENCE
TN_FENGAL_2024_027047,TN_FENGAL_2024,INSUFFICIENT_EVIDENCE
TN_FENGAL_2024_015672,TN_FENGAL_2024,INSUFFICIENT_EVIDENCE
TN_FENGAL_2024_008903,TN_FENGAL_2024,INSUFFICIENT_EVIDENCE
TN_FENGAL_2024_022110,TN_FENGAL_2024,INSUFFICIENT_EVIDENCE
TN_FENGAL_2024_000009,TN_FENGAL_2024,INSUFFICIENT_EVIDENCE
TN_FENGAL_2024_059306,TN_FENGAL_2024,INSUFFICIENT_EVIDENCE
TN_FENGAL_2024_004104,TN_FENGAL_2024,INSUFFICIENT_EVIDENCE
TN_FENGAL_2024_022118,TN_FENGAL_2024,INSUFFICIENT_EVIDENCE
TN_FENGAL_2024_113818,TN_FENGAL_2024,INSUFFICIENT_EVIDENCE
TN_FENGAL_2024_143115,TN_FENGAL_2024,INSUFFICIENT_EVIDENCE
TN_FENGAL_2024_027050,TN_FENGAL_2024,INSUFFICIENT_EVIDENCE
TN_FENGAL_2024_015687,TN_FENGAL_2024,INSUFFICIENT_EVIDENCE
TN_FENGAL_2024_140316,TN_FENGAL_2024,INSUFFICIENT_EVIDENCE
TN_FENGAL_2024_141936,TN_FENGAL_2024,INSUFFICIENT_EVIDENCE
TN_FENGAL_2024_004408,TN_FENGAL_2024,INSUFFICIENT_EVIDENCE
TN_FENGAL_2024_068925,TN_FENGAL_2024,INSUFFICIENT_EVIDENCE
TN_FENGAL_2024_140317,TN_FENGAL_2024,INSUFFICIENT_EVIDENCE
TN_FENGAL_2024_143596,TN_FENGAL_2024,INSUFFICIENT_EVIDENCE
TN_FENGAL_2024_051702,TN_FENGAL_2024,INSUFFICIENT_EVIDENCE
TN_FENGAL_2024_100796,TN_FENGAL_2024,INSUFFICIENT_EVIDENCE
TN_FENGAL_2024_057158,TN_FENGAL_2024,INSUFFICIENT_EVIDENCE
TN_FENGAL_2024_132832,TN_FENGAL_2024,INSUFFICIENT_EVIDENCE
TN_FENGAL_2024_031132,TN_FENGAL_2024,INSUFFICIENT_EVIDENCE
TN_FENGAL_2024_081525,TN_FENGAL_2024,INSUFFICIENT_EVIDENCE
TN_FENGAL_2024_009483,TN_FENGAL_2024,INSUFFICIENT_EVIDENCE
TN_FENGAL_2024_102666,TN_FENGAL_2024,INSUFFICIENT_EVIDENCE
TN_FENGAL_2024_004431,TN_FENGAL_2024,INSUFFICIENT_EVIDENCE
TN_FENGAL_2024_064291,TN_FENGAL_2024,INSUFFICIENT_EVIDENCE
TN_FENGAL_2024_022227,TN_FENGAL_2024,INSUFFICIENT_EVIDENCE
TN_FENGAL_2024_113844,TN_FENGAL_2024,INSUFFICIENT_EVIDENCE
TN_FENGAL_2024_126414,TN_FENGAL_2024,INSUFFICIENT_EVIDENCE
TN_FENGAL_2024_000020,TN_FENGAL_2024,INSUFFICIENT_EVIDENCE
TN_FENGAL_2024_057389,TN_FENGAL_2024,INSUFFICIENT_EVIDENCE
TN_FENGAL_2024_121082,TN_FENGAL_2024,INSUFFICIENT_EVIDENCE
TN_FENGAL_2024_009517,TN_FENGAL_2024,INSUFFICIENT_EVIDENCE
TN_FENGAL_2024_013432,TN_FENGAL_2024,INSUFFICIENT_EVIDENCE
TN_FENGAL_2024_036104,TN_FENGAL_2024,INSUFFICIENT_EVIDENCE
TN_FENGAL_2024_102684,TN_FENGAL_2024,INSUFFICIENT_EVIDENCE
TN_CHENNAI_FLOOD_2021_000003,TN_CHENNAI_FLOOD_2021,BORDER_NODATA
TN_CHENNAI_FLOOD_2021_000001,TN_CHENNAI_FLOOD_2021,BORDER_NODATA
TN_CHENNAI_FLOOD_2021_021812,TN_CHENNAI_FLOOD_2021,BORDER_NODATA
TN_CHENNAI_FLOOD_2021_046548,TN_CHENNAI_FLOOD_2021,BORDER_NODATA
TN_CHENNAI_FLOOD_2021_071278,TN_CHENNAI_FLOOD_2021,BORDER_NODATA
TN_CHENNAI_FLOOD_2021_071942,TN_CHENNAI_FLOOD_2021,BORDER_NODATA
TN_CHENNAI_FLOOD_2021_096226,TN_CHENNAI_FLOOD_2021,BORDER_NODATA
TN_CHENNAI_FLOOD_2021_123776,TN_CHENNAI_FLOOD_2021,BORDER_NODATA
TN_CHENNAI_FLOOD_2021_153525,TN_CHENNAI_FLOOD_2021,BORDER_NODATA
TN_CHENNAI_FLOOD_2021_000002,TN_CHENNAI_FLOOD_2021,BORDER_NODATA
TN_CHENNAI_FLOOD_2021_000004,TN_CHENNAI_FLOOD_2021,BORDER_NODATA
TN_CHENNAI_FLOOD_2021_021814,TN_CHENNAI_FLOOD_2021,BORDER_NODATA
TN_CHENNAI_FLOOD_2021_046553,TN_CHENNAI_FLOOD_2021,BORDER_NODATA
TN_CHENNAI_FLOOD_2021_071277,TN_CHENNAI_FLOOD_2021,BORDER_NODATA
TN_CHENNAI_FLOOD_2021_072795,TN_CHENNAI_FLOOD_2021,BORDER_NODATA
TN_CHENNAI_FLOOD_2021_096267,TN_CHENNAI_FLOOD_2021,BORDER_NODATA
TN_CHENNAI_FLOOD_2021_123782,TN_CHENNAI_FLOOD_2021,BORDER_NODATA
TN_CHENNAI_FLOOD_2021_153527,TN_CHENNAI_FLOOD_2021,BORDER_NODATA
TN_CHENNAI_FLOOD_2021_004983,TN_CHENNAI_FLOOD_2021,BORDER_NODATA
TN_CHENNAI_FLOOD_2021_005013,TN_CHENNAI_FLOOD_2021,BORDER_NODATA
TN_CHENNAI_FLOOD_2021_026771,TN_CHENNAI_FLOOD_2021,BORDER_NODATA
TN_CHENNAI_FLOOD_2021_051508,TN_CHENNAI_FLOOD_2021,BORDER_NODATA
TN_CHENNAI_FLOOD_2021_076255,TN_CHENNAI_FLOOD_2021,BORDER_NODATA
TN_CHENNAI_FLOOD_2021_076370,TN_CHENNAI_FLOOD_2021,BORDER_NODATA
TN_CHENNAI_FLOOD_2021_101198,TN_CHENNAI_FLOOD_2021,BORDER_NODATA
TN_CHENNAI_FLOOD_2021_128748,TN_CHENNAI_FLOOD_2021,BORDER_NODATA
TN_CHENNAI_FLOOD_2021_158503,TN_CHENNAI_FLOOD_2021,BORDER_NODATA
TN_CHENNAI_FLOOD_2021_009951,TN_CHENNAI_FLOOD_2021,BORDER_NODATA
TN_CHENNAI_FLOOD_2021_009960,TN_CHENNAI_FLOOD_2021,BORDER_NODATA
TN_CHENNAI_FLOOD_2021_031712,TN_CHENNAI_FLOOD_2021,BORDER_NODATA
TN_CHENNAI_FLOOD_2021_056431,TN_CHENNAI_FLOOD_2021,BORDER_NODATA
TN_CHENNAI_FLOOD_2021_081204,TN_CHENNAI_FLOOD_2021,BORDER_NODATA
TN_CHENNAI_FLOOD_2021_081563,TN_CHENNAI_FLOOD_2021,BORDER_NODATA
TN_CHENNAI_FLOOD_2021_106158,TN_CHENNAI_FLOOD_2021,BORDER_NODATA
TN_CHENNAI_FLOOD_2021_133703,TN_CHENNAI_FLOOD_2021,BORDER_NODATA
TN_CHENNAI_FLOOD_2021_163430,TN_CHENNAI_FLOOD_2021,BORDER_NODATA
TN_CHENNAI_FLOOD_2021_009969,TN_CHENNAI_FLOOD_2021,BORDER_NODATA
TN_CHENNAI_FLOOD_2021_009965,TN_CHENNAI_FLOOD_2021,BORDER_NODATA
TN_CHENNAI_FLOOD_2021_031727,TN_CHENNAI_FLOOD_2021,BORDER_NODATA
TN_CHENNAI_FLOOD_2021_056438,TN_CHENNAI_FLOOD_2021,BORDER_NODATA
TN_CHENNAI_FLOOD_2021_081209,TN_CHENNAI_FLOOD_2021,BORDER_NODATA
TN_CHENNAI_FLOOD_2021_085565,TN_CHENNAI_FLOOD_2021,BORDER_NODATA
TN_CHENNAI_FLOOD_2021_106163,TN_CHENNAI_FLOOD_2021,BORDER_NODATA
TN_CHENNAI_FLOOD_2021_133727,TN_CHENNAI_FLOOD_2021,BORDER_NODATA
TN_CHENNAI_FLOOD_2021_163427,TN_CHENNAI_FLOOD_2021,BORDER_NODATA
TN_CHENNAI_FLOOD_2021_014926,TN_CHENNAI_FLOOD_2021,BORDER_NODATA
TN_CHENNAI_FLOOD_2021_014925,TN_CHENNAI_FLOOD_2021,BORDER_NODATA
TN_CHENNAI_FLOOD_2021_036672,TN_CHENNAI_FLOOD_2021,BORDER_NODATA
TN_CHENNAI_FLOOD_2021_061386,TN_CHENNAI_FLOOD_2021,BORDER_NODATA
TN_CHENNAI_FLOOD_2021_086150,TN_CHENNAI_FLOOD_2021,BORDER_NODATA
TN_CHENNAI_FLOOD_2021_091448,TN_CHENNAI_FLOOD_2021,BORDER_NODATA
TN_CHENNAI_FLOOD_2021_111089,TN_CHENNAI_FLOOD_2021,BORDER_NODATA
TN_CHENNAI_FLOOD_2021_138658,TN_CHENNAI_FLOOD_2021,BORDER_NODATA
TN_CHENNAI_FLOOD_2021_168391,TN_CHENNAI_FLOOD_2021,BORDER_NODATA
TN_CHENNAI_FLOOD_2021_019885,TN_CHENNAI_FLOOD_2021,BORDER_NODATA
TN_CHENNAI_FLOOD_2021_019891,TN_CHENNAI_FLOOD_2021,BORDER_NODATA
TN_CHENNAI_FLOOD_2021_041620,TN_CHENNAI_FLOOD_2021,BORDER_NODATA
TN_CHENNAI_FLOOD_2021_066342,TN_CHENNAI_FLOOD_2021,BORDER_NODATA
TN_CHENNAI_FLOOD_2021_091106,TN_CHENNAI_FLOOD_2021,BORDER_NODATA
TN_CHENNAI_FLOOD_2021_092127,TN_CHENNAI_FLOOD_2021,BORDER_NODATA
TN_CHENNAI_FLOOD_2021_116032,TN_CHENNAI_FLOOD_2021,BORDER_NODATA
TN_CHENNAI_FLOOD_2021_143610,TN_CHENNAI_FLOOD_2021,BORDER_NODATA
TN_CHENNAI_FLOOD_2021_173311,TN_CHENNAI_FLOOD_2021,BORDER_NODATA
TN_CHENNAI_FLOOD_2021_091132,TN_CHENNAI_FLOOD_2021,BORDER_NODATA
TN_CHENNAI_FLOOD_2021_096100,TN_CHENNAI_FLOOD_2021,BORDER_NODATA
TN_CHENNAI_FLOOD_2021_116128,TN_CHENNAI_FLOOD_2021,BORDER_NODATA
TN_CHENNAI_FLOOD_2021_143713,TN_CHENNAI_FLOOD_2021,BORDER_NODATA
TN_CHENNAI_FLOOD_2021_173319,TN_CHENNAI_FLOOD_2021,BORDER_NODATA
TN_CHENNAI_FLOOD_2021_121014,TN_CHENNAI_FLOOD_2021,BORDER_NODATA
TN_CHENNAI_FLOOD_2021_121046,TN_CHENNAI_FLOOD_2021,BORDER_NODATA
TN_CHENNAI_FLOOD_2021_178974,TN_CHENNAI_FLOOD_2021,BORDER_NODATA
TN_CHENNAI_FLOOD_2021_153524,TN_CHENNAI_FLOOD_2021,BORDER_NODATA
TN_CHENNAI_FLOOD_2021_000005,TN_CHENNAI_FLOOD_2021,BORDER_NODATA
TN_CHENNAI_FLOOD_2021_000019,TN_CHENNAI_FLOOD_2021,BORDER_NODATA
TN_CHENNAI_FLOOD_2021_021815,TN_CHENNAI_FLOOD_2021,BORDER_NODATA
TN_CHENNAI_FLOOD_2021_046549,TN_CHENNAI_FLOOD_2021,BORDER_NODATA
TN_CHENNAI_FLOOD_2021_071282,TN_CHENNAI_FLOOD_2021,BORDER_NODATA
TN_CHENNAI_FLOOD_2021_071959,TN_CHENNAI_FLOOD_2021,BORDER_NODATA
TN_CHENNAI_FLOOD_2021_096232,TN_CHENNAI_FLOOD_2021,BORDER_NODATA
TN_CHENNAI_FLOOD_2021_123780,TN_CHENNAI_FLOOD_2021,BORDER_NODATA
TN_CHENNAI_FLOOD_2021_153529,TN_CHENNAI_FLOOD_2021,BORDER_NODATA
TN_CHENNAI_FLOOD_2021_183190,TN_CHENNAI_FLOOD_2021,BORDER_NODATA
TN_CHENNAI_FLOOD_2021_000006,TN_CHENNAI_FLOOD_2021,BORDER_NODATA
TN_CHENNAI_FLOOD_2021_000033,TN_CHENNAI_FLOOD_2021,BORDER_NODATA
TN_CHENNAI_FLOOD_2021_021825,TN_CHENNAI_FLOOD_2021,BORDER_NODATA
TN_CHENNAI_FLOOD_2021_046556,TN_CHENNAI_FLOOD_2021,BORDER_NODATA
TN_CHENNAI_FLOOD_2021_071280,TN_CHENNAI_FLOOD_2021,BORDER_NODATA
TN_CHENNAI_FLOOD_2021_073162,TN_CHENNAI_FLOOD_2021,BORDER_NODATA
TN_CHENNAI_FLOOD_2021_096314,TN_CHENNAI_FLOOD_2021,BORDER_NODATA
TN_CHENNAI_FLOOD_2021_123802,TN_CHENNAI_FLOOD_2021,BORDER_NODATA
TN_CHENNAI_FLOOD_2021_153528,TN_CHENNAI_FLOOD_2021,BORDER_NODATA
TN_CHENNAI_FLOOD_2021_004986,TN_CHENNAI_FLOOD_2021,BORDER_NODATA
TN_CHENNAI_FLOOD_2021_005025,TN_CHENNAI_FLOOD_2021,BORDER_NODATA
TN_CHENNAI_FLOOD_2021_026772,TN_CHENNAI_FLOOD_2021,BORDER_NODATA
TN_CHENNAI_FLOOD_2021_051512,TN_CHENNAI_FLOOD_2021,BORDER_NODATA
TN_CHENNAI_FLOOD_2021_076257,TN_CHENNAI_FLOOD_2021,BORDER_NODATA
TN_CHENNAI_FLOOD_2021_076551,TN_CHENNAI_FLOOD_2021,BORDER_NODATA
TN_CHENNAI_FLOOD_2021_101202,TN_CHENNAI_FLOOD_2021,BORDER_NODATA
TN_CHENNAI_FLOOD_2021_128749,TN_CHENNAI_FLOOD_2021,BORDER_NODATA
TN_CHENNAI_FLOOD_2021_158504,TN_CHENNAI_FLOOD_2021,BORDER_NODATA
TN_CHENNAI_FLOOD_2021_009952,TN_CHENNAI_FLOOD_2021,BORDER_NODATA
TN_CHENNAI_FLOOD_2021_009980,TN_CHENNAI_FLOOD_2021,BORDER_NODATA
TN_CHENNAI_FLOOD_2021_031717,TN_CHENNAI_FLOOD_2021,BORDER_NODATA
TN_CHENNAI_FLOOD_2021_056433,TN_CHENNAI_FLOOD_2021,BORDER_NODATA
TN_CHENNAI_FLOOD_2021_081205,TN_CHENNAI_FLOOD_2021,BORDER_NODATA
TN_CHENNAI_FLOOD_2021_081814,TN_CHENNAI_FLOOD_2021,BORDER_NODATA
TN_CHENNAI_FLOOD_2021_106170,TN_CHENNAI_FLOOD_2021,BORDER_NODATA
TN_CHENNAI_FLOOD_2021_133705,TN_CHENNAI_FLOOD_2021,BORDER_NODATA
TN_CHENNAI_FLOOD_2021_163431,TN_CHENNAI_FLOOD_2021,BORDER_NODATA
TN_CHENNAI_FLOOD_2021_009975,TN_CHENNAI_FLOOD_2021,BORDER_NODATA
TN_CHENNAI_FLOOD_2021_009983,TN_CHENNAI_FLOOD_2021,BORDER_NODATA
TN_CHENNAI_FLOOD_2021_031743,TN_CHENNAI_FLOOD_2021,BORDER_NODATA
TN_CHENNAI_FLOOD_2021_056450,TN_CHENNAI_FLOOD_2021,BORDER_NODATA
TN_CHENNAI_FLOOD_2021_081218,TN_CHENNAI_FLOOD_2021,BORDER_NODATA
TN_CHENNAI_FLOOD_2021_086533,TN_CHENNAI_FLOOD_2021,BORDER_NODATA
TN_CHENNAI_FLOOD_2021_106174,TN_CHENNAI_FLOOD_2021,BORDER_NODATA
TN_CHENNAI_FLOOD_2021_133735,TN_CHENNAI_FLOOD_2021,BORDER_NODATA
TN_CHENNAI_FLOOD_2021_163439,TN_CHENNAI_FLOOD_2021,BORDER_NODATA
TN_CHENNAI_FLOOD_2021_014933,TN_CHENNAI_FLOOD_2021,BORDER_NODATA
TN_CHENNAI_FLOOD_2021_014929,TN_CHENNAI_FLOOD_2021,BORDER_NODATA
TN_CHENNAI_FLOOD_2021_036674,TN_CHENNAI_FLOOD_2021,BORDER_NODATA
TN_CHENNAI_FLOOD_2021_061393,TN_CHENNAI_FLOOD_2021,BORDER_NODATA
TN_CHENNAI_FLOOD_2021_086151,TN_CHENNAI_FLOOD_2021,BORDER_NODATA
TN_CHENNAI_FLOOD_2021_093737,TN_CHENNAI_FLOOD_2021,BORDER_NODATA
TN_CHENNAI_FLOOD_2021_111107,TN_CHENNAI_FLOOD_2021,BORDER_NODATA
TN_CHENNAI_FLOOD_2021_138663,TN_CHENNAI_FLOOD_2021,BORDER_NODATA
TN_CHENNAI_FLOOD_2021_168409,TN_CHENNAI_FLOOD_2021,BORDER_NODATA
TN_CHENNAI_FLOOD_2021_019886,TN_CHENNAI_FLOOD_2021,BORDER_NODATA
TN_CHENNAI_FLOOD_2021_019894,TN_CHENNAI_FLOOD_2021,BORDER_NODATA
TN_CHENNAI_FLOOD_2021_041639,TN_CHENNAI_FLOOD_2021,BORDER_NODATA
TN_CHENNAI_FLOOD_2021_066353,TN_CHENNAI_FLOOD_2021,BORDER_NODATA
TN_CHENNAI_FLOOD_2021_091112,TN_CHENNAI_FLOOD_2021,BORDER_NODATA
TN_CHENNAI_FLOOD_2021_094322,TN_CHENNAI_FLOOD_2021,BORDER_NODATA
TN_CHENNAI_FLOOD_2021_116038,TN_CHENNAI_FLOOD_2021,BORDER_NODATA
TN_CHENNAI_FLOOD_2021_143611,TN_CHENNAI_FLOOD_2021,BORDER_NODATA
TN_CHENNAI_FLOOD_2021_173312,TN_CHENNAI_FLOOD_2021,BORDER_NODATA
TN_CHENNAI_FLOOD_2021_091156,TN_CHENNAI_FLOOD_2021,BORDER_NODATA
TN_CHENNAI_FLOOD_2021_096205,TN_CHENNAI_FLOOD_2021,BORDER_NODATA
TN_CHENNAI_FLOOD_2021_116130,TN_CHENNAI_FLOOD_2021,BORDER_NODATA
TN_CHENNAI_FLOOD_2021_143747,TN_CHENNAI_FLOOD_2021,BORDER_NODATA
TN_CHENNAI_FLOOD_2021_121024,TN_CHENNAI_FLOOD_2021,BORDER_NODATA
TN_CHENNAI_FLOOD_2021_121169,TN_CHENNAI_FLOOD_2021,BORDER_NODATA
TN_CHENNAI_FLOOD_2021_179018,TN_CHENNAI_FLOOD_2021,BORDER_NODATA
TN_CHENNAI_FLOOD_2021_183187,TN_CHENNAI_FLOOD_2021,BORDER_NODATA
TN_CHENNAI_FLOOD_2021_000007,TN_CHENNAI_FLOOD_2021,BORDER_NODATA
TN_CHENNAI_FLOOD_2021_000031,TN_CHENNAI_FLOOD_2021,BORDER_NODATA
TN_CHENNAI_FLOOD_2021_021818,TN_CHENNAI_FLOOD_2021,BORDER_NODATA
TN_CHENNAI_FLOOD_2021_046551,TN_CHENNAI_FLOOD_2021,BORDER_NODATA
TN_CHENNAI_FLOOD_2021_071288,TN_CHENNAI_FLOOD_2021,BORDER_NODATA
TN_CHENNAI_FLOOD_2021_073386,TN_CHENNAI_FLOOD_2021,BORDER_NODATA
TN_CHENNAI_FLOOD_2021_096241,TN_CHENNAI_FLOOD_2021,BORDER_NODATA
TN_CHENNAI_FLOOD_2021_123783,TN_CHENNAI_FLOOD_2021,BORDER_NODATA
TN_CHENNAI_FLOOD_2021_153530,TN_CHENNAI_FLOOD_2021,BORDER_NODATA
TN_CHENNAI_FLOOD_2021_000013,TN_CHENNAI_FLOOD_2021,BORDER_NODATA
TN_CHENNAI_FLOOD_2021_000042,TN_CHENNAI_FLOOD_2021,BORDER_NODATA
TN_CHENNAI_FLOOD_2021_021828,TN_CHENNAI_FLOOD_2021,BORDER_NODATA
TN_CHENNAI_FLOOD_2021_046559,TN_CHENNAI_FLOOD_2021,BORDER_NODATA
TN_CHENNAI_FLOOD_2021_071283,TN_CHENNAI_FLOOD_2021,BORDER_NODATA
TN_CHENNAI_FLOOD_2021_073179,TN_CHENNAI_FLOOD_2021,BORDER_NODATA
TN_CHENNAI_FLOOD_2021_096323,TN_CHENNAI_FLOOD_2021,BORDER_NODATA
TN_CHENNAI_FLOOD_2021_123809,TN_CHENNAI_FLOOD_2021,BORDER_NODATA
TN_CHENNAI_FLOOD_2021_153531,TN_CHENNAI_FLOOD_2021,BORDER_NODATA
TN_CHENNAI_FLOOD_2021_004988,TN_CHENNAI_FLOOD_2021,BORDER_NODATA
TN_CHENNAI_FLOOD_2021_005026,TN_CHENNAI_FLOOD_2021,BORDER_NODATA
TN_CHENNAI_FLOOD_2021_026778,TN_CHENNAI_FLOOD_2021,BORDER_NODATA
TN_CHENNAI_FLOOD_2021_051513,TN_CHENNAI_FLOOD_2021,BORDER_NODATA
TN_CHENNAI_FLOOD_2021_076258,TN_CHENNAI_FLOOD_2021,BORDER_NODATA
TN_CHENNAI_FLOOD_2021_076688,TN_CHENNAI_FLOOD_2021,BORDER_NODATA
TN_CHENNAI_FLOOD_2021_101218,TN_CHENNAI_FLOOD_2021,BORDER_NODATA
TN_CHENNAI_FLOOD_2021_128750,TN_CHENNAI_FLOOD_2021,BORDER_NODATA
TN_CHENNAI_FLOOD_2021_158507,TN_CHENNAI_FLOOD_2021,BORDER_NODATA
TN_CHENNAI_FLOOD_2021_009953,TN_CHENNAI_FLOOD_2021,BORDER_NODATA
TN_CHENNAI_FLOOD_2021_009982,TN_CHENNAI_FLOOD_2021,BORDER_NODATA
TN_CHENNAI_FLOOD_2021_031719,TN_CHENNAI_FLOOD_2021,BORDER_NODATA
TN_CHENNAI_FLOOD_2021_056435,TN_CHENNAI_FLOOD_2021,BORDER_NODATA
TN_CHENNAI_FLOOD_2021_081207,TN_CHENNAI_FLOOD_2021,BORDER_NODATA
TN_CHENNAI_FLOOD_2021_082051,TN_CHENNAI_FLOOD_2021,BORDER_NODATA
TN_CHENNAI_FLOOD_2021_106177,TN_CHENNAI_FLOOD_2021,BORDER_NODATA
TN_CHENNAI_FLOOD_2021_133707,TN_CHENNAI_FLOOD_2021,BORDER_NODATA
TN_CHENNAI_FLOOD_2021_163432,TN_CHENNAI_FLOOD_2021,BORDER_NODATA
TN_CHENNAI_FLOOD_2021_009976,TN_CHENNAI_FLOOD_2021,BORDER_NODATA
TN_CHENNAI_FLOOD_2021_010010,TN_CHENNAI_FLOOD_2021,BORDER_NODATA
TN_CHENNAI_FLOOD_2021_031753,TN_CHENNAI_FLOOD_2021,BORDER_NODATA
TN_CHENNAI_FLOOD_2021_056454,TN_CHENNAI_FLOOD_2021,BORDER_NODATA
TN_CHENNAI_FLOOD_2021_081225,TN_CHENNAI_FLOOD_2021,BORDER_NODATA
TN_CHENNAI_FLOOD_2021_086816,TN_CHENNAI_FLOOD_2021,BORDER_NODATA
TN_CHENNAI_FLOOD_2021_106179,TN_CHENNAI_FLOOD_2021,BORDER_NODATA
TN_CHENNAI_FLOOD_2021_133749,TN_CHENNAI_FLOOD_2021,BORDER_NODATA
TN_CHENNAI_FLOOD_2021_163441,TN_CHENNAI_FLOOD_2021,BORDER_NODATA
TN_CHENNAI_FLOOD_2021_014934,TN_CHENNAI_FLOOD_2021,BORDER_NODATA
TN_CHENNAI_FLOOD_2021_014932,TN_CHENNAI_FLOOD_2021,BORDER_NODATA
TN_CHENNAI_FLOOD_2021_036683,TN_CHENNAI_FLOOD_2021,BORDER_NODATA
TN_CHENNAI_FLOOD_2021_061396,TN_CHENNAI_FLOOD_2021,BORDER_NODATA
TN_CHENNAI_FLOOD_2021_086152,TN_CHENNAI_FLOOD_2021,BORDER_NODATA
TN_CHENNAI_FLOOD_2021_111088,TN_CHENNAI_FLOOD_2021,BORDER_NODATA
TN_CHENNAI_FLOOD_2021_111120,TN_CHENNAI_FLOOD_2021,BORDER_NODATA
TN_CHENNAI_FLOOD_2021_138667,TN_CHENNAI_FLOOD_2021,BORDER_NODATA
TN_CHENNAI_FLOOD_2021_168411,TN_CHENNAI_FLOOD_2021,BORDER_NODATA
TN_CHENNAI_FLOOD_2021_019887,TN_CHENNAI_FLOOD_2021,BORDER_NODATA
TN_CHENNAI_FLOOD_2021_019911,TN_CHENNAI_FLOOD_2021,BORDER_NODATA
TN_CHENNAI_FLOOD_2021_041654,TN_CHENNAI_FLOOD_2021,BORDER_NODATA
TN_CHENNAI_FLOOD_2021_066354,TN_CHENNAI_FLOOD_2021,BORDER_NODATA
TN_CHENNAI_FLOOD_2021_091119,TN_CHENNAI_FLOOD_2021,BORDER_NODATA
TN_CHENNAI_FLOOD_2021_095366,TN_CHENNAI_FLOOD_2021,BORDER_NODATA
TN_CHENNAI_FLOOD_2021_116039,TN_CHENNAI_FLOOD_2021,BORDER_NODATA
TN_CHENNAI_FLOOD_2021_143612,TN_CHENNAI_FLOOD_2021,BORDER_NODATA
TN_CHENNAI_FLOOD_2021_091235,TN_CHENNAI_FLOOD_2021,BORDER_NODATA
TN_CHENNAI_FLOOD_2021_116060,TN_CHENNAI_FLOOD_2021,BORDER_NODATA
TN_CHENNAI_FLOOD_2021_116241,TN_CHENNAI_FLOOD_2021,BORDER_NODATA
TN_CHENNAI_FLOOD_2021_143773,TN_CHENNAI_FLOOD_2021,BORDER_NODATA
TN_CHENNAI_FLOOD_2021_173418,TN_CHENNAI_FLOOD_2021,BORDER_NODATA
TN_CHENNAI_FLOOD_2021_121032,TN_CHENNAI_FLOOD_2021,BORDER_NODATA
TN_CHENNAI_FLOOD_2021_121414,TN_CHENNAI_FLOOD_2021,BORDER_NODATA
TN_CHENNAI_FLOOD_2021_179953,TN_CHENNAI_FLOOD_2021,BORDER_NODATA
TN_CHENNAI_FLOOD_2021_000008,TN_CHENNAI_FLOOD_2021,BORDER_NODATA
TN_CHENNAI_FLOOD_2021_000032,TN_CHENNAI_FLOOD_2021,BORDER_NODATA
TN_CHENNAI_FLOOD_2021_021820,TN_CHENNAI_FLOOD_2021,BORDER_NODATA
TN_CHENNAI_FLOOD_2021_046552,TN_CHENNAI_FLOOD_2021,BORDER_NODATA
TN_CHENNAI_FLOOD_2021_071290,TN_CHENNAI_FLOOD_2021,BORDER_NODATA
TN_CHENNAI_FLOOD_2021_073413,TN_CHENNAI_FLOOD_2021,BORDER_NODATA
TN_CHENNAI_FLOOD_2021_096247,TN_CHENNAI_FLOOD_2021,BORDER_NODATA
TN_CHENNAI_FLOOD_2021_123792,TN_CHENNAI_FLOOD_2021,BORDER_NODATA
TN_CHENNAI_FLOOD_2021_153534,TN_CHENNAI_FLOOD_2021,BORDER_NODATA
TN_CHENNAI_FLOOD_2021_183193,TN_CHENNAI_FLOOD_2021,BORDER_NODATA
TN_CHENNAI_FLOOD_2021_000016,TN_CHENNAI_FLOOD_2021,BORDER_NODATA
TN_CHENNAI_FLOOD_2021_000045,TN_CHENNAI_FLOOD_2021,BORDER_NODATA
TN_CHENNAI_FLOOD_2021_021829,TN_CHENNAI_FLOOD_2021,BORDER_NODATA
TN_CHENNAI_FLOOD_2021_046562,TN_CHENNAI_FLOOD_2021,BORDER_NODATA
TN_CHENNAI_FLOOD_2021_071284,TN_CHENNAI_FLOOD_2021,BORDER_NODATA
TN_CHENNAI_FLOOD_2021_073200,TN_CHENNAI_FLOOD_2021,BORDER_NODATA
TN_CHENNAI_FLOOD_2021_096345,TN_CHENNAI_FLOOD_2021,BORDER_NODATA
TN_CHENNAI_FLOOD_2021_123811,TN_CHENNAI_FLOOD_2021,BORDER_NODATA
TN_CHENNAI_FLOOD_2021_153536,TN_CHENNAI_FLOOD_2021,BORDER_NODATA
TN_CHENNAI_FLOOD_2021_004992,TN_CHENNAI_FLOOD_2021,BORDER_NODATA
TN_CHENNAI_FLOOD_2021_005029,TN_CHENNAI_FLOOD_2021,BORDER_NODATA
TN_CHENNAI_FLOOD_2021_026779,TN_CHENNAI_FLOOD_2021,BORDER_NODATA
TN_CHENNAI_FLOOD_2021_051515,TN_CHENNAI_FLOOD_2021,BORDER_NODATA
TN_CHENNAI_FLOOD_2021_076268,TN_CHENNAI_FLOOD_2021,BORDER_NODATA
TN_CHENNAI_FLOOD_2021_078902,TN_CHENNAI_FLOOD_2021,BORDER_NODATA
TN_CHENNAI_FLOOD_2021_101222,TN_CHENNAI_FLOOD_2021,BORDER_NODATA
TN_CHENNAI_FLOOD_2021_128756,TN_CHENNAI_FLOOD_2021,BORDER_NODATA
TN_CHENNAI_FLOOD_2021_158509,TN_CHENNAI_FLOOD_2021,BORDER_NODATA
TN_CHENNAI_FLOOD_2021_009954,TN_CHENNAI_FLOOD_2021,BORDER_NODATA
TN_CHENNAI_FLOOD_2021_009988,TN_CHENNAI_FLOOD_2021,BORDER_NODATA
TN_CHENNAI_FLOOD_2021_031736,TN_CHENNAI_FLOOD_2021,BORDER_NODATA
TN_CHENNAI_FLOOD_2021_056436,TN_CHENNAI_FLOOD_2021,BORDER_NODATA
TN_CHENNAI_FLOOD_2021_081208,TN_CHENNAI_FLOOD_2021,BORDER_NODATA
TN_CHENNAI_FLOOD_2021_082775,TN_CHENNAI_FLOOD_2021,BORDER_NODATA
TN_CHENNAI_FLOOD_2021_106181,TN_CHENNAI_FLOOD_2021,BORDER_NODATA
TN_CHENNAI_FLOOD_2021_133708,TN_CHENNAI_FLOOD_2021,BORDER_NODATA
TN_CHENNAI_FLOOD_2021_163433,TN_CHENNAI_FLOOD_2021,BORDER_NODATA
TN_CHENNAI_FLOOD_2021_009977,TN_CHENNAI_FLOOD_2021,BORDER_NODATA
TN_CHENNAI_FLOOD_2021_010063,TN_CHENNAI_FLOOD_2021,BORDER_NODATA
TN_CHENNAI_FLOOD_2021_031762,TN_CHENNAI_FLOOD_2021,BORDER_NODATA
TN_CHENNAI_FLOOD_2021_056474,TN_CHENNAI_FLOOD_2021,BORDER_NODATA
TN_CHENNAI_FLOOD_2021_081230,TN_CHENNAI_FLOOD_2021,BORDER_NODATA
TN_CHENNAI_FLOOD_2021_088607,TN_CHENNAI_FLOOD_2021,BORDER_NODATA
TN_CHENNAI_FLOOD_2021_106206,TN_CHENNAI_FLOOD_2021,BORDER_NODATA
TN_CHENNAI_FLOOD_2021_133752,TN_CHENNAI_FLOOD_2021,BORDER_NODATA
TN_CHENNAI_FLOOD_2021_163448,TN_CHENNAI_FLOOD_2021,BORDER_NODATA
TN_CHENNAI_FLOOD_2021_014950,TN_CHENNAI_FLOOD_2021,BORDER_NODATA
TN_CHENNAI_FLOOD_2021_014936,TN_CHENNAI_FLOOD_2021,BORDER_NODATA
TN_CHENNAI_FLOOD_2021_036699,TN_CHENNAI_FLOOD_2021,BORDER_NODATA
TN_CHENNAI_FLOOD_2021_061398,TN_CHENNAI_FLOOD_2021,BORDER_NODATA
TN_CHENNAI_FLOOD_2021_086155,TN_CHENNAI_FLOOD_2021,BORDER_NODATA
TN_CHENNAI_FLOOD_2021_111095,TN_CHENNAI_FLOOD_2021,BORDER_NODATA
TN_CHENNAI_FLOOD_2021_111129,TN_CHENNAI_FLOOD_2021,BORDER_NODATA
TN_CHENNAI_FLOOD_2021_138670,TN_CHENNAI_FLOOD_2021,BORDER_NODATA
TN_CHENNAI_FLOOD_2021_168415,TN_CHENNAI_FLOOD_2021,BORDER_NODATA
TN_CHENNAI_FLOOD_2021_019888,TN_CHENNAI_FLOOD_2021,BORDER_NODATA
TN_CHENNAI_FLOOD_2021_019918,TN_CHENNAI_FLOOD_2021,BORDER_NODATA
TN_CHENNAI_FLOOD_2021_041655,TN_CHENNAI_FLOOD_2021,BORDER_NODATA
TN_CHENNAI_FLOOD_2021_066370,TN_CHENNAI_FLOOD_2021,BORDER_NODATA
TN_CHENNAI_FLOOD_2021_091123,TN_CHENNAI_FLOOD_2021,BORDER_NODATA
TN_CHENNAI_FLOOD_2021_116028,TN_CHENNAI_FLOOD_2021,BORDER_NODATA
TN_CHENNAI_FLOOD_2021_116041,TN_CHENNAI_FLOOD_2021,BORDER_NODATA
TN_CHENNAI_FLOOD_2021_143617,TN_CHENNAI_FLOOD_2021,BORDER_NODATA
TN_CHENNAI_FLOOD_2021_091294,TN_CHENNAI_FLOOD_2021,BORDER_NODATA
TN_CHENNAI_FLOOD_2021_116148,TN_CHENNAI_FLOOD_2021,BORDER_NODATA
TN_CHENNAI_FLOOD_2021_116384,TN_CHENNAI_FLOOD_2021,BORDER_NODATA
TN_CHENNAI_FLOOD_2021_143807,TN_CHENNAI_FLOOD_2021,BORDER_NODATA
TN_CHENNAI_FLOOD_2021_173436,TN_CHENNAI_FLOOD_2021,BORDER_NODATA
TN_CHENNAI_FLOOD_2021_121042,TN_CHENNAI_FLOOD_2021,BORDER_NODATA
TN_CHENNAI_FLOOD_2021_122314,TN_CHENNAI_FLOOD_2021,BORDER_NODATA
TN_CHENNAI_FLOOD_2021_181470,TN_CHENNAI_FLOOD_2021,BORDER_NODATA
TN_CHENNAI_FLOOD_2021_000009,TN_CHENNAI_FLOOD_2021,BORDER_NODATA
TN_CHENNAI_FLOOD_2021_000034,TN_CHENNAI_FLOOD_2021,BORDER_NODATA
TN_CHENNAI_FLOOD_2021_021823,TN_CHENNAI_FLOOD_2021,BORDER_NODATA
TN_CHENNAI_FLOOD_2021_046554,TN_CHENNAI_FLOOD_2021,BORDER_NODATA
TN_CHENNAI_FLOOD_2021_071293,TN_CHENNAI_FLOOD_2021,BORDER_NODATA
TN_CHENNAI_FLOOD_2021_073419,TN_CHENNAI_FLOOD_2021,BORDER_NODATA
TN_CHENNAI_FLOOD_2021_096248,TN_CHENNAI_FLOOD_2021,BORDER_NODATA
TN_CHENNAI_FLOOD_2021_123798,TN_CHENNAI_FLOOD_2021,BORDER_NODATA
TN_CHENNAI_FLOOD_2021_153535,TN_CHENNAI_FLOOD_2021,BORDER_NODATA
TN_CHENNAI_FLOOD_2021_183196,TN_CHENNAI_FLOOD_2021,BORDER_NODATA
TN_CHENNAI_FLOOD_2021_000030,TN_CHENNAI_FLOOD_2021,BORDER_NODATA
TN_CHENNAI_FLOOD_2021_000049,TN_CHENNAI_FLOOD_2021,BORDER_NODATA
TN_CHENNAI_FLOOD_2021_021831,TN_CHENNAI_FLOOD_2021,BORDER_NODATA
TN_CHENNAI_FLOOD_2021_046564,TN_CHENNAI_FLOOD_2021,BORDER_NODATA
TN_CHENNAI_FLOOD_2021_071286,TN_CHENNAI_FLOOD_2021,BORDER_NODATA
TN_CHENNAI_FLOOD_2021_073585,TN_CHENNAI_FLOOD_2021,BORDER_NODATA
TN_CHENNAI_FLOOD_2021_096368,TN_CHENNAI_FLOOD_2021,BORDER_NODATA
TN_CHENNAI_FLOOD_2021_123818,TN_CHENNAI_FLOOD_2021,BORDER_NODATA
TN_CHENNAI_FLOOD_2021_153537,TN_CHENNAI_FLOOD_2021,BORDER_NODATA
TN_CHENNAI_FLOOD_2021_004993,TN_CHENNAI_FLOOD_2021,BORDER_NODATA
TN_CHENNAI_FLOOD_2021_005031,TN_CHENNAI_FLOOD_2021,BORDER_NODATA
TN_CHENNAI_FLOOD_2021_026780,TN_CHENNAI_FLOOD_2021,BORDER_NODATA
TN_CHENNAI_FLOOD_2021_051523,TN_CHENNAI_FLOOD_2021,BORDER_NODATA
TN_CHENNAI_FLOOD_2021_076269,TN_CHENNAI_FLOOD_2021,BORDER_NODATA
TN_CHENNAI_FLOOD_2021_079489,TN_CHENNAI_FLOOD_2021,BORDER_NODATA
TN_CHENNAI_FLOOD_2021_101228,TN_CHENNAI_FLOOD_2021,BORDER_NODATA
TN_CHENNAI_FLOOD_2021_128757,TN_CHENNAI_FLOOD_2021,BORDER_NODATA
TN_CHENNAI_FLOOD_2021_158511,TN_CHENNAI_FLOOD_2021,BORDER_NODATA
TN_CHENNAI_FLOOD_2021_009955,TN_CHENNAI_FLOOD_2021,BORDER_NODATA
TN_CHENNAI_FLOOD_2021_009998,TN_CHENNAI_FLOOD_2021,BORDER_NODATA
TN_CHENNAI_FLOOD_2021_031737,TN_CHENNAI_FLOOD_2021,BORDER_NODATA
TN_CHENNAI_FLOOD_2021_056437,TN_CHENNAI_FLOOD_2021,BORDER_NODATA
TN_CHENNAI_FLOOD_2021_081210,TN_CHENNAI_FLOOD_2021,BORDER_NODATA
TN_CHENNAI_FLOOD_2021_083781,TN_CHENNAI_FLOOD_2021,BORDER_NODATA
TN_CHENNAI_FLOOD_2021_106185,TN_CHENNAI_FLOOD_2021,BORDER_NODATA
TN_CHENNAI_FLOOD_2021_133713,TN_CHENNAI_FLOOD_2021,BORDER_NODATA
TN_CHENNAI_FLOOD_2021_163437,TN_CHENNAI_FLOOD_2021,BORDER_NODATA
TN_CHENNAI_FLOOD_2021_009979,TN_CHENNAI_FLOOD_2021,BORDER_NODATA
TN_CHENNAI_FLOOD_2021_010069,TN_CHENNAI_FLOOD_2021,BORDER_NODATA
TN_CHENNAI_FLOOD_2021_031778,TN_CHENNAI_FLOOD_2021,BORDER_NODATA
TN_CHENNAI_FLOOD_2021_056478,TN_CHENNAI_FLOOD_2021,BORDER_NODATA
TN_CHENNAI_FLOOD_2021_081234,TN_CHENNAI_FLOOD_2021,BORDER_NODATA
TN_CHENNAI_FLOOD_2021_089857,TN_CHENNAI_FLOOD_2021,BORDER_NODATA
TN_CHENNAI_FLOOD_2021_106244,TN_CHENNAI_FLOOD_2021,BORDER_NODATA
TN_CHENNAI_FLOOD_2021_133755,TN_CHENNAI_FLOOD_2021,BORDER_NODATA
TN_CHENNAI_FLOOD_2021_163449,TN_CHENNAI_FLOOD_2021,BORDER_NODATA
TN_CHENNAI_FLOOD_2021_014951,TN_CHENNAI_FLOOD_2021,BORDER_NODATA
TN_CHENNAI_FLOOD_2021_014940,TN_CHENNAI_FLOOD_2021,BORDER_NODATA
TN_CHENNAI_FLOOD_2021_036700,TN_CHENNAI_FLOOD_2021,BORDER_NODATA
TN_CHENNAI_FLOOD_2021_061399,TN_CHENNAI_FLOOD_2021,BORDER_NODATA
TN_CHENNAI_FLOOD_2021_086156,TN_CHENNAI_FLOOD_2021,BORDER_NODATA
TN_CHENNAI_FLOOD_2021_111096,TN_CHENNAI_FLOOD_2021,BORDER_NODATA
TN_CHENNAI_FLOOD_2021_111135,TN_CHENNAI_FLOOD_2021,BORDER_NODATA
TN_CHENNAI_FLOOD_2021_138685,TN_CHENNAI_FLOOD_2021,BORDER_NODATA
TN_CHENNAI_FLOOD_2021_168421,TN_CHENNAI_FLOOD_2021,BORDER_NODATA
TN_CHENNAI_FLOOD_2021_019889,TN_CHENNAI_FLOOD_2021,BORDER_NODATA
TN_CHENNAI_FLOOD_2021_019919,TN_CHENNAI_FLOOD_2021,BORDER_NODATA
TN_CHENNAI_FLOOD_2021_041662,TN_CHENNAI_FLOOD_2021,BORDER_NODATA
TN_CHENNAI_FLOOD_2021_066376,TN_CHENNAI_FLOOD_2021,BORDER_NODATA
TN_CHENNAI_FLOOD_2021_091125,TN_CHENNAI_FLOOD_2021,BORDER_NODATA
TN_CHENNAI_FLOOD_2021_116029,TN_CHENNAI_FLOOD_2021,BORDER_NODATA
TN_CHENNAI_FLOOD_2021_116047,TN_CHENNAI_FLOOD_2021,BORDER_NODATA
TN_CHENNAI_FLOOD_2021_143628,TN_CHENNAI_FLOOD_2021,BORDER_NODATA
TN_CHENNAI_FLOOD_2021_173320,TN_CHENNAI_FLOOD_2021,BORDER_NODATA
TN_CHENNAI_FLOOD_2021_091339,TN_CHENNAI_FLOOD_2021,BORDER_NODATA
TN_CHENNAI_FLOOD_2021_116245,TN_CHENNAI_FLOOD_2021,BORDER_NODATA
TN_CHENNAI_FLOOD_2021_116385,TN_CHENNAI_FLOOD_2021,BORDER_NODATA
TN_CHENNAI_FLOOD_2021_143924,TN_CHENNAI_FLOOD_2021,BORDER_NODATA
TN_CHENNAI_FLOOD_2021_173458,TN_CHENNAI_FLOOD_2021,BORDER_NODATA
TN_CHENNAI_FLOOD_2021_121225,TN_CHENNAI_FLOOD_2021,BORDER_NODATA
TN_CHENNAI_FLOOD_2021_122632,TN_CHENNAI_FLOOD_2021,BORDER_NODATA
TN_CHENNAI_FLOOD_2021_182426,TN_CHENNAI_FLOOD_2021,BORDER_NODATA
TN_CHENNAI_FLOOD_2021_000010,TN_CHENNAI_FLOOD_2021,BORDER_NODATA
TN_CHENNAI_FLOOD_2021_000035,TN_CHENNAI_FLOOD_2021,BORDER_NODATA
TN_CHENNAI_FLOOD_2021_021824,TN_CHENNAI_FLOOD_2021,BORDER_NODATA
TN_CHENNAI_FLOOD_2021_046557,TN_CHENNAI_FLOOD_2021,BORDER_NODATA
TN_CHENNAI_FLOOD_2021_071296,TN_CHENNAI_FLOOD_2021,BORDER_NODATA
TN_CHENNAI_FLOOD_2021_073635,TN_CHENNAI_FLOOD_2021,BORDER_NODATA
TN_CHENNAI_FLOOD_2021_096249,TN_CHENNAI_FLOOD_2021,BORDER_NODATA
TN_CHENNAI_FLOOD_2021_123800,TN_CHENNAI_FLOOD_2021,BORDER_NODATA
TN_CHENNAI_FLOOD_2021_153538,TN_CHENNAI_FLOOD_2021,BORDER_NODATA
TN_CHENNAI_FLOOD_2021_183198,TN_CHENNAI_FLOOD_2021,BORDER_NODATA
TN_CHENNAI_FLOOD_2021_000041,TN_CHENNAI_FLOOD_2021,BORDER_NODATA
TN_CHENNAI_FLOOD_2021_000052,TN_CHENNAI_FLOOD_2021,BORDER_NODATA
TN_CHENNAI_FLOOD_2021_021849,TN_CHENNAI_FLOOD_2021,BORDER_NODATA
TN_CHENNAI_FLOOD_2021_046569,TN_CHENNAI_FLOOD_2021,BORDER_NODATA
TN_CHENNAI_FLOOD_2021_071289,TN_CHENNAI_FLOOD_2021,BORDER_NODATA
TN_CHENNAI_FLOOD_2021_073784,TN_CHENNAI_FLOOD_2021,BORDER_NODATA
TN_CHENNAI_FLOOD_2021_096382,TN_CHENNAI_FLOOD_2021,BORDER_NODATA
TN_CHENNAI_FLOOD_2021_123827,TN_CHENNAI_FLOOD_2021,BORDER_NODATA
TN_CHENNAI_FLOOD_2021_153547,TN_CHENNAI_FLOOD_2021,BORDER_NODATA
TN_CHENNAI_FLOOD_2021_004994,TN_CHENNAI_FLOOD_2021,BORDER_NODATA
TN_CHENNAI_FLOOD_2021_005034,TN_CHENNAI_FLOOD_2021,BORDER_NODATA
TN_CHENNAI_FLOOD_2021_026781,TN_CHENNAI_FLOOD_2021,BORDER_NODATA
TN_CHENNAI_FLOOD_2021_051529,TN_CHENNAI_FLOOD_2021,BORDER_NODATA
TN_CHENNAI_FLOOD_2021_076270,TN_CHENNAI_FLOOD_2021,BORDER_NODATA
TN_CHENNAI_FLOOD_2021_080327,TN_CHENNAI_FLOOD_2021,BORDER_NODATA
TN_CHENNAI_FLOOD_2021_101234,TN_CHENNAI_FLOOD_2021,BORDER_NODATA
TN_CHENNAI_FLOOD_2021_128759,TN_CHENNAI_FLOOD_2021,BORDER_NODATA
TN_CHENNAI_FLOOD_2021_158520,TN_CHENNAI_FLOOD_2021,BORDER_NODATA
TN_CHENNAI_FLOOD_2021_009956,TN_CHENNAI_FLOOD_2021,BORDER_NODATA
TN_CHENNAI_FLOOD_2021_009999,TN_CHENNAI_FLOOD_2021,BORDER_NODATA
TN_CHENNAI_FLOOD_2021_031738,TN_CHENNAI_FLOOD_2021,BORDER_NODATA
TN_CHENNAI_FLOOD_2021_056441,TN_CHENNAI_FLOOD_2021,BORDER_NODATA
TN_CHENNAI_FLOOD_2021_081212,TN_CHENNAI_FLOOD_2021,BORDER_NODATA
TN_CHENNAI_FLOOD_2021_084231,TN_CHENNAI_FLOOD_2021,BORDER_NODATA
TN_CHENNAI_FLOOD_2021_106186,TN_CHENNAI_FLOOD_2021,BORDER_NODATA
TN_CHENNAI_FLOOD_2021_133718,TN_CHENNAI_FLOOD_2021,BORDER_NODATA
TN_CHENNAI_FLOOD_2021_163438,TN_CHENNAI_FLOOD_2021,BORDER_NODATA
TN_CHENNAI_FLOOD_2021_009992,TN_CHENNAI_FLOOD_2021,BORDER_NODATA
TN_CHENNAI_FLOOD_2021_010096,TN_CHENNAI_FLOOD_2021,BORDER_NODATA
TN_CHENNAI_FLOOD_2021_031786,TN_CHENNAI_FLOOD_2021,BORDER_NODATA
TN_CHENNAI_FLOOD_2021_056485,TN_CHENNAI_FLOOD_2021,BORDER_NODATA
TN_CHENNAI_FLOOD_2021_081244,TN_CHENNAI_FLOOD_2021,BORDER_NODATA
TN_CHENNAI_FLOOD_2021_106151,TN_CHENNAI_FLOOD_2021,BORDER_NODATA
TN_CHENNAI_FLOOD_2021_106293,TN_CHENNAI_FLOOD_2021,BORDER_NODATA
TN_CHENNAI_FLOOD_2021_133756,TN_CHENNAI_FLOOD_2021,BORDER_NODATA
TN_CHENNAI_FLOOD_2021_163453,TN_CHENNAI_FLOOD_2021,BORDER_NODATA
TN_CHENNAI_FLOOD_2021_014955,TN_CHENNAI_FLOOD_2021,BORDER_NODATA
TN_CHENNAI_FLOOD_2021_014942,TN_CHENNAI_FLOOD_2021,BORDER_NODATA
TN_CHENNAI_FLOOD_2021_036705,TN_CHENNAI_FLOOD_2021,BORDER_NODATA
TN_CHENNAI_FLOOD_2021_061400,TN_CHENNAI_FLOOD_2021,BORDER_NODATA
TN_CHENNAI_FLOOD_2021_086157,TN_CHENNAI_FLOOD_2021,BORDER_NODATA
TN_CHENNAI_FLOOD_2021_111097,TN_CHENNAI_FLOOD_2021,BORDER_NODATA
TN_CHENNAI_FLOOD_2021_111152,TN_CHENNAI_FLOOD_2021,BORDER_NODATA
TN_CHENNAI_FLOOD_2021_138686,TN_CHENNAI_FLOOD_2021,BORDER_NODATA
TN_CHENNAI_FLOOD_2021_168425,TN_CHENNAI_FLOOD_2021,BORDER_NODATA
TN_CHENNAI_FLOOD_2021_019890,TN_CHENNAI_FLOOD_2021,BORDER_NODATA
TN_CHENNAI_FLOOD_2021_019921,TN_CHENNAI_FLOOD_2021,BORDER_NODATA
TN_CHENNAI_FLOOD_2021_041667,TN_CHENNAI_FLOOD_2021,BORDER_NODATA
TN_CHENNAI_FLOOD_2021_066379,TN_CHENNAI_FLOOD_2021,BORDER_NODATA
TN_CHENNAI_FLOOD_2021_091127,TN_CHENNAI_FLOOD_2021,BORDER_NODATA
TN_CHENNAI_FLOOD_2021_116030,TN_CHENNAI_FLOOD_2021,BORDER_NODATA
TN_CHENNAI_FLOOD_2021_116058,TN_CHENNAI_FLOOD_2021,BORDER_NODATA
TN_CHENNAI_FLOOD_2021_143634,TN_CHENNAI_FLOOD_2021,BORDER_NODATA
TN_CHENNAI_FLOOD_2021_173321,TN_CHENNAI_FLOOD_2021,BORDER_NODATA
TN_CHENNAI_FLOOD_2021_091386,TN_CHENNAI_FLOOD_2021,BORDER_NODATA
TN_CHENNAI_FLOOD_2021_116247,TN_CHENNAI_FLOOD_2021,BORDER_NODATA
TN_CHENNAI_FLOOD_2021_116411,TN_CHENNAI_FLOOD_2021,BORDER_NODATA
TN_CHENNAI_FLOOD_2021_143943,TN_CHENNAI_FLOOD_2021,BORDER_NODATA
TN_CHENNAI_FLOOD_2021_173459,TN_CHENNAI_FLOOD_2021,BORDER_NODATA
TN_CHENNAI_FLOOD_2021_121273,TN_CHENNAI_FLOOD_2021,BORDER_NODATA
TN_CHENNAI_FLOOD_2021_123030,TN_CHENNAI_FLOOD_2021,BORDER_NODATA
TN_CHENNAI_FLOOD_2021_000011,TN_CHENNAI_FLOOD_2021,BORDER_NODATA
TN_CHENNAI_FLOOD_2021_000057,TN_CHENNAI_FLOOD_2021,BORDER_NODATA
TN_CHENNAI_FLOOD_2021_021832,TN_CHENNAI_FLOOD_2021,BORDER_NODATA
TN_CHENNAI_FLOOD_2021_046560,TN_CHENNAI_FLOOD_2021,BORDER_NODATA
TN_CHENNAI_FLOOD_2021_071298,TN_CHENNAI_FLOOD_2021,BORDER_NODATA
TN_CHENNAI_FLOOD_2021_073991,TN_CHENNAI_FLOOD_2021,BORDER_NODATA
TN_CHENNAI_FLOOD_2021_096262,TN_CHENNAI_FLOOD_2021,BORDER_NODATA
TN_CHENNAI_FLOOD_2021_123803,TN_CHENNAI_FLOOD_2021,BORDER_NODATA
TN_CHENNAI_FLOOD_2021_153540,TN_CHENNAI_FLOOD_2021,BORDER_NODATA
TN_CHENNAI_FLOOD_2021_183199,TN_CHENNAI_FLOOD_2021,BORDER_NODATA
TN_CHENNAI_FLOOD_2021_000048,TN_CHENNAI_FLOOD_2021,BORDER_NODATA
TN_CHENNAI_FLOOD_2021_000054,TN_CHENNAI_FLOOD_2021,BORDER_NODATA
TN_CHENNAI_FLOOD_2021_021882,TN_CHENNAI_FLOOD_2021,BORDER_NODATA
TN_CHENNAI_FLOOD_2021_046572,TN_CHENNAI_FLOOD_2021,BORDER_NODATA
TN_CHENNAI_FLOOD_2021_071291,TN_CHENNAI_FLOOD_2021,BORDER_NODATA
TN_CHENNAI_FLOOD_2021_074085,TN_CHENNAI_FLOOD_2021,BORDER_NODATA
TN_CHENNAI_FLOOD_2021_096385,TN_CHENNAI_FLOOD_2021,BORDER_NODATA
TN_CHENNAI_FLOOD_2021_123829,TN_CHENNAI_FLOOD_2021,BORDER_NODATA
TN_CHENNAI_FLOOD_2021_153556,TN_CHENNAI_FLOOD_2021,BORDER_NODATA
TN_CHENNAI_FLOOD_2021_004999,TN_CHENNAI_FLOOD_2021,BORDER_NODATA
TN_CHENNAI_FLOOD_2021_005063,TN_CHENNAI_FLOOD_2021,BORDER_NODATA
TN_CHENNAI_FLOOD_2021_026785,TN_CHENNAI_FLOOD_2021,BORDER_NODATA
TN_CHENNAI_FLOOD_2021_051531,TN_CHENNAI_FLOOD_2021,BORDER_NODATA
TN_CHENNAI_FLOOD_2021_076273,TN_CHENNAI_FLOOD_2021,BORDER_NODATA
TN_CHENNAI_FLOOD_2021_080873,TN_CHENNAI_FLOOD_2021,BORDER_NODATA
TN_CHENNAI_FLOOD_2021_101236,TN_CHENNAI_FLOOD_2021,BORDER_NODATA
TN_CHENNAI_FLOOD_2021_128762,TN_CHENNAI_FLOOD_2021,BORDER_NODATA
TN_CHENNAI_FLOOD_2021_158521,TN_CHENNAI_FLOOD_2021,BORDER_NODATA
TN_CHENNAI_FLOOD_2021_009957,TN_CHENNAI_FLOOD_2021,BORDER_NODATA
TN_CHENNAI_FLOOD_2021_010007,TN_CHENNAI_FLOOD_2021,BORDER_NODATA
TN_CHENNAI_FLOOD_2021_031740,TN_CHENNAI_FLOOD_2021,BORDER_NODATA
TN_CHENNAI_FLOOD_2021_056443,TN_CHENNAI_FLOOD_2021,BORDER_NODATA
TN_CHENNAI_FLOOD_2021_081213,TN_CHENNAI_FLOOD_2021,BORDER_NODATA
TN_CHENNAI_FLOOD_2021_084253,TN_CHENNAI_FLOOD_2021,BORDER_NODATA
TN_CHENNAI_FLOOD_2021_106194,TN_CHENNAI_FLOOD_2021,BORDER_NODATA
TN_CHENNAI_FLOOD_2021_133720,TN_CHENNAI_FLOOD_2021,BORDER_NODATA
TN_CHENNAI_FLOOD_2021_163440,TN_CHENNAI_FLOOD_2021,BORDER_NODATA
TN_CHENNAI_FLOOD_2021_009996,TN_CHENNAI_FLOOD_2021,BORDER_NODATA
TN_CHENNAI_FLOOD_2021_010103,TN_CHENNAI_FLOOD_2021,BORDER_NODATA
TN_CHENNAI_FLOOD_2021_031801,TN_CHENNAI_FLOOD_2021,BORDER_NODATA
TN_CHENNAI_FLOOD_2021_056492,TN_CHENNAI_FLOOD_2021,BORDER_NODATA
TN_CHENNAI_FLOOD_2021_081256,TN_CHENNAI_FLOOD_2021,BORDER_NODATA
TN_CHENNAI_FLOOD_2021_106160,TN_CHENNAI_FLOOD_2021,BORDER_NODATA
TN_CHENNAI_FLOOD_2021_106319,TN_CHENNAI_FLOOD_2021,BORDER_NODATA
TN_CHENNAI_FLOOD_2021_133776,TN_CHENNAI_FLOOD_2021,BORDER_NODATA
TN_CHENNAI_FLOOD_2021_163455,TN_CHENNAI_FLOOD_2021,BORDER_NODATA
TN_CHENNAI_FLOOD_2021_014957,TN_CHENNAI_FLOOD_2021,BORDER_NODATA
TN_CHENNAI_FLOOD_2021_014944,TN_CHENNAI_FLOOD_2021,BORDER_NODATA
TN_CHENNAI_FLOOD_2021_036707,TN_CHENNAI_FLOOD_2021,BORDER_NODATA
TN_CHENNAI_FLOOD_2021_061403,TN_CHENNAI_FLOOD_2021,BORDER_NODATA
TN_CHENNAI_FLOOD_2021_086160,TN_CHENNAI_FLOOD_2021,BORDER_NODATA
TN_CHENNAI_FLOOD_2021_111099,TN_CHENNAI_FLOOD_2021,BORDER_NODATA
TN_CHENNAI_FLOOD_2021_111165,TN_CHENNAI_FLOOD_2021,BORDER_NODATA
TN_CHENNAI_FLOOD_2021_138687,TN_CHENNAI_FLOOD_2021,BORDER_NODATA
TN_CHENNAI_FLOOD_2021_168435,TN_CHENNAI_FLOOD_2021,BORDER_NODATA
TN_CHENNAI_FLOOD_2021_019892,TN_CHENNAI_FLOOD_2021,BORDER_NODATA
TN_CHENNAI_FLOOD_2021_019924,TN_CHENNAI_FLOOD_2021,BORDER_NODATA
TN_CHENNAI_FLOOD_2021_041672,TN_CHENNAI_FLOOD_2021,BORDER_NODATA
TN_CHENNAI_FLOOD_2021_066381,TN_CHENNAI_FLOOD_2021,BORDER_NODATA
TN_CHENNAI_FLOOD_2021_091129,TN_CHENNAI_FLOOD_2021,BORDER_NODATA
TN_CHENNAI_FLOOD_2021_116031,TN_CHENNAI_FLOOD_2021,BORDER_NODATA
TN_CHENNAI_FLOOD_2021_116065,TN_CHENNAI_FLOOD_2021,BORDER_NODATA
TN_CHENNAI_FLOOD_2021_143635,TN_CHENNAI_FLOOD_2021,BORDER_NODATA
TN_CHENNAI_FLOOD_2021_173327,TN_CHENNAI_FLOOD_2021,BORDER_NODATA
TN_CHENNAI_FLOOD_2021_091769,TN_CHENNAI_FLOOD_2021,BORDER_NODATA
TN_CHENNAI_FLOOD_2021_116273,TN_CHENNAI_FLOOD_2021,BORDER_NODATA
TN_CHENNAI_FLOOD_2021_116537,TN_CHENNAI_FLOOD_2021,BORDER_NODATA
TN_CHENNAI_FLOOD_2021_143987,TN_CHENNAI_FLOOD_2021,BORDER_NODATA
TN_CHENNAI_FLOOD_2021_121650,TN_CHENNAI_FLOOD_2021,BORDER_NODATA
TN_CHENNAI_FLOOD_2021_123379,TN_CHENNAI_FLOOD_2021,BORDER_NODATA
TN_CHENNAI_FLOOD_2021_000012,TN_CHENNAI_FLOOD_2021,BORDER_NODATA
TN_CHENNAI_FLOOD_2021_000065,TN_CHENNAI_FLOOD_2021,BORDER_NODATA
TN_CHENNAI_FLOOD_2021_021833,TN_CHENNAI_FLOOD_2021,BORDER_NODATA
TN_CHENNAI_FLOOD_2021_046561,TN_CHENNAI_FLOOD_2021,BORDER_NODATA
TN_CHENNAI_FLOOD_2021_071300,TN_CHENNAI_FLOOD_2021,BORDER_NODATA
TN_CHENNAI_FLOOD_2021_074036,TN_CHENNAI_FLOOD_2021,BORDER_NODATA
TN_CHENNAI_FLOOD_2021_096263,TN_CHENNAI_FLOOD_2021,BORDER_NODATA
TN_CHENNAI_FLOOD_2021_123807,TN_CHENNAI_FLOOD_2021,BORDER_NODATA
TN_CHENNAI_FLOOD_2021_153541,TN_CHENNAI_FLOOD_2021,BORDER_NODATA
TN_CHENNAI_FLOOD_2021_183200,TN_CHENNAI_FLOOD_2021,BORDER_NODATA
TN_CHENNAI_FLOOD_2021_000051,TN_CHENNAI_FLOOD_2021,BORDER_NODATA
TN_CHENNAI_FLOOD_2021_000056,TN_CHENNAI_FLOOD_2021,BORDER_NODATA
TN_CHENNAI_FLOOD_2021_021886,TN_CHENNAI_FLOOD_2021,BORDER_NODATA
TN_CHENNAI_FLOOD_2021_046579,TN_CHENNAI_FLOOD_2021,BORDER_NODATA
TN_CHENNAI_FLOOD_2021_071292,TN_CHENNAI_FLOOD_2021,BORDER_NODATA
TN_CHENNAI_FLOOD_2021_074124,TN_CHENNAI_FLOOD_2021,BORDER_NODATA
TN_CHENNAI_FLOOD_2021_096401,TN_CHENNAI_FLOOD_2021,BORDER_NODATA
TN_CHENNAI_FLOOD_2021_123837,TN_CHENNAI_FLOOD_2021,BORDER_NODATA
TN_CHENNAI_FLOOD_2021_153560,TN_CHENNAI_FLOOD_2021,BORDER_NODATA
TN_CHENNAI_FLOOD_2021_005008,TN_CHENNAI_FLOOD_2021,BORDER_NODATA
TN_CHENNAI_FLOOD_2021_005071,TN_CHENNAI_FLOOD_2021,BORDER_NODATA
TN_CHENNAI_FLOOD_2021_026787,TN_CHENNAI_FLOOD_2021,BORDER_NODATA
TN_CHENNAI_FLOOD_2021_051536,TN_CHENNAI_FLOOD_2021,BORDER_NODATA
TN_CHENNAI_FLOOD_2021_076275,TN_CHENNAI_FLOOD_2021,BORDER_NODATA
TN_CHENNAI_FLOOD_2021_083480,TN_CHENNAI_FLOOD_2021,BORDER_NODATA
TN_CHENNAI_FLOOD_2021_101243,TN_CHENNAI_FLOOD_2021,BORDER_NODATA
TN_CHENNAI_FLOOD_2021_128763,TN_CHENNAI_FLOOD_2021,BORDER_NODATA
TN_CHENNAI_FLOOD_2021_158522,TN_CHENNAI_FLOOD_2021,BORDER_NODATA
TN_CHENNAI_FLOOD_2021_009961,TN_CHENNAI_FLOOD_2021,BORDER_NODATA
TN_CHENNAI_FLOOD_2021_010008,TN_CHENNAI_FLOOD_2021,BORDER_NODATA
TN_CHENNAI_FLOOD_2021_031741,TN_CHENNAI_FLOOD_2021,BORDER_NODATA
TN_CHENNAI_FLOOD_2021_056448,TN_CHENNAI_FLOOD_2021,BORDER_NODATA
TN_CHENNAI_FLOOD_2021_081214,TN_CHENNAI_FLOOD_2021,BORDER_NODATA
TN_CHENNAI_FLOOD_2021_085855,TN_CHENNAI_FLOOD_2021,BORDER_NODATA
TN_CHENNAI_FLOOD_2021_106209,TN_CHENNAI_FLOOD_2021,BORDER_NODATA
TN_CHENNAI_FLOOD_2021_133722,TN_CHENNAI_FLOOD_2021,BORDER_NODATA
TN_CHENNAI_FLOOD_2021_163442,TN_CHENNAI_FLOOD_2021,BORDER_NODATA
TN_CHENNAI_FLOOD_2021_010001,TN_CHENNAI_FLOOD_2021,BORDER_NODATA
TN_CHENNAI_FLOOD_2021_010120,TN_CHENNAI_FLOOD_2021,BORDER_NODATA
TN_CHENNAI_FLOOD_2021_031802,TN_CHENNAI_FLOOD_2021,BORDER_NODATA
TN_CHENNAI_FLOOD_2021_056496,TN_CHENNAI_FLOOD_2021,BORDER_NODATA
TN_CHENNAI_FLOOD_2021_081259,TN_CHENNAI_FLOOD_2021,BORDER_NODATA
TN_CHENNAI_FLOOD_2021_106165,TN_CHENNAI_FLOOD_2021,BORDER_NODATA
TN_CHENNAI_FLOOD_2021_106321,TN_CHENNAI_FLOOD_2021,BORDER_NODATA
TN_CHENNAI_FLOOD_2021_133782,TN_CHENNAI_FLOOD_2021,BORDER_NODATA
TN_CHENNAI_FLOOD_2021_163457,TN_CHENNAI_FLOOD_2021,BORDER_NODATA
TN_CHENNAI_FLOOD_2021_014958,TN_CHENNAI_FLOOD_2021,BORDER_NODATA
TN_CHENNAI_FLOOD_2021_014947,TN_CHENNAI_FLOOD_2021,BORDER_NODATA
TN_CHENNAI_FLOOD_2021_036708,TN_CHENNAI_FLOOD_2021,BORDER_NODATA
TN_CHENNAI_FLOOD_2021_061405,TN_CHENNAI_FLOOD_2021,BORDER_NODATA
TN_CHENNAI_FLOOD_2021_086161,TN_CHENNAI_FLOOD_2021,BORDER_NODATA
TN_CHENNAI_FLOOD_2021_111102,TN_CHENNAI_FLOOD_2021,BORDER_NODATA
TN_CHENNAI_FLOOD_2021_111179,TN_CHENNAI_FLOOD_2021,BORDER_NODATA
TN_CHENNAI_FLOOD_2021_138690,TN_CHENNAI_FLOOD_2021,BORDER_NODATA
TN_CHENNAI_FLOOD_2021_168440,TN_CHENNAI_FLOOD_2021,BORDER_NODATA
TN_CHENNAI_FLOOD_2021_198136,TN_CHENNAI_FLOOD_2021,INSUFFICIENT_EVIDENCE
TN_CHENNAI_FLOOD_2021_019893,TN_CHENNAI_FLOOD_2021,BORDER_NODATA
TN_CHENNAI_FLOOD_2021_019929,TN_CHENNAI_FLOOD_2021,BORDER_NODATA
TN_CHENNAI_FLOOD_2021_041681,TN_CHENNAI_FLOOD_2021,BORDER_NODATA
TN_CHENNAI_FLOOD_2021_066388,TN_CHENNAI_FLOOD_2021,BORDER_NODATA
TN_CHENNAI_FLOOD_2021_091134,TN_CHENNAI_FLOOD_2021,BORDER_NODATA
TN_CHENNAI_FLOOD_2021_116033,TN_CHENNAI_FLOOD_2021,BORDER_NODATA
TN_CHENNAI_FLOOD_2021_116066,TN_CHENNAI_FLOOD_2021,BORDER_NODATA
TN_CHENNAI_FLOOD_2021_143638,TN_CHENNAI_FLOOD_2021,BORDER_NODATA
TN_CHENNAI_FLOOD_2021_173332,TN_CHENNAI_FLOOD_2021,BORDER_NODATA
TN_CHENNAI_FLOOD_2021_091834,TN_CHENNAI_FLOOD_2021,BORDER_NODATA
TN_CHENNAI_FLOOD_2021_116301,TN_CHENNAI_FLOOD_2021,BORDER_NODATA
TN_CHENNAI_FLOOD_2021_116947,TN_CHENNAI_FLOOD_2021,BORDER_NODATA
TN_CHENNAI_FLOOD_2021_144076,TN_CHENNAI_FLOOD_2021,BORDER_NODATA
TN_CHENNAI_FLOOD_2021_173515,TN_CHENNAI_FLOOD_2021,BORDER_NODATA
TN_CHENNAI_FLOOD_2021_122057,TN_CHENNAI_FLOOD_2021,BORDER_NODATA
TN_CHENNAI_FLOOD_2021_123529,TN_CHENNAI_FLOOD_2021,BORDER_NODATA
TN_CHENNAI_FLOOD_2021_206168,TN_CHENNAI_FLOOD_2021,INSUFFICIENT_EVIDENCE
TN_CHENNAI_FLOOD_2021_000014,TN_CHENNAI_FLOOD_2021,BORDER_NODATA
TN_CHENNAI_FLOOD_2021_000072,TN_CHENNAI_FLOOD_2021,BORDER_NODATA
TN_CHENNAI_FLOOD_2021_021834,TN_CHENNAI_FLOOD_2021,BORDER_NODATA
TN_CHENNAI_FLOOD_2021_046563,TN_CHENNAI_FLOOD_2021,BORDER_NODATA
TN_CHENNAI_FLOOD_2021_071302,TN_CHENNAI_FLOOD_2021,BORDER_NODATA
TN_CHENNAI_FLOOD_2021_074137,TN_CHENNAI_FLOOD_2021,BORDER_NODATA
TN_CHENNAI_FLOOD_2021_096264,TN_CHENNAI_FLOOD_2021,BORDER_NODATA
TN_CHENNAI_FLOOD_2021_123815,TN_CHENNAI_FLOOD_2021,BORDER_NODATA
TN_CHENNAI_FLOOD_2021_153542,TN_CHENNAI_FLOOD_2021,BORDER_NODATA
TN_CHENNAI_FLOOD_2021_000055,TN_CHENNAI_FLOOD_2021,BORDER_NODATA
TN_CHENNAI_FLOOD_2021_000069,TN_CHENNAI_FLOOD_2021,BORDER_NODATA
TN_CHENNAI_FLOOD_2021_021889,TN_CHENNAI_FLOOD_2021,BORDER_NODATA
TN_CHENNAI_FLOOD_2021_046588,TN_CHENNAI_FLOOD_2021,BORDER_NODATA
TN_CHENNAI_FLOOD_2021_071297,TN_CHENNAI_FLOOD_2021,BORDER_NODATA
TN_CHENNAI_FLOOD_2021_074190,TN_CHENNAI_FLOOD_2021,BORDER_NODATA
TN_CHENNAI_FLOOD_2021_096404,TN_CHENNAI_FLOOD_2021,BORDER_NODATA
TN_CHENNAI_FLOOD_2021_123838,TN_CHENNAI_FLOOD_2021,BORDER_NODATA
TN_CHENNAI_FLOOD_2021_153566,TN_CHENNAI_FLOOD_2021,BORDER_NODATA
TN_CHENNAI_FLOOD_2021_005009,TN_CHENNAI_FLOOD_2021,BORDER_NODATA
TN_CHENNAI_FLOOD_2021_005076,TN_CHENNAI_FLOOD_2021,BORDER_NODATA
TN_CHENNAI_FLOOD_2021_026788,TN_CHENNAI_FLOOD_2021,BORDER_NODATA
TN_CHENNAI_FLOOD_2021_051537,TN_CHENNAI_FLOOD_2021,BORDER_NODATA
TN_CHENNAI_FLOOD_2021_076277,TN_CHENNAI_FLOOD_2021,BORDER_NODATA
TN_CHENNAI_FLOOD_2021_085181,TN_CHENNAI_FLOOD_2021,BORDER_NODATA
TN_CHENNAI_FLOOD_2021_101245,TN_CHENNAI_FLOOD_2021,BORDER_NODATA
TN_CHENNAI_FLOOD_2021_128764,TN_CHENNAI_FLOOD_2021,BORDER_NODATA
TN_CHENNAI_FLOOD_2021_158525,TN_CHENNAI_FLOOD_2021,BORDER_NODATA
TN_CHENNAI_FLOOD_2021_009962,TN_CHENNAI_FLOOD_2021,BORDER_NODATA
TN_CHENNAI_FLOOD_2021_010030,TN_CHENNAI_FLOOD_2021,BORDER_NODATA
TN_CHENNAI_FLOOD_2021_031742,TN_CHENNAI_FLOOD_2021,BORDER_NODATA
TN_CHENNAI_FLOOD_2021_056455,TN_CHENNAI_FLOOD_2021,BORDER_NODATA
TN_CHENNAI_FLOOD_2021_081215,TN_CHENNAI_FLOOD_2021,BORDER_NODATA
TN_CHENNAI_FLOOD_2021_106153,TN_CHENNAI_FLOOD_2021,BORDER_NODATA
TN_CHENNAI_FLOOD_2021_106217,TN_CHENNAI_FLOOD_2021,BORDER_NODATA
TN_CHENNAI_FLOOD_2021_133723,TN_CHENNAI_FLOOD_2021,BORDER_NODATA
TN_CHENNAI_FLOOD_2021_163445,TN_CHENNAI_FLOOD_2021,BORDER_NODATA
TN_CHENNAI_FLOOD_2021_010002,TN_CHENNAI_FLOOD_2021,BORDER_NODATA
TN_CHENNAI_FLOOD_2021_010204,TN_CHENNAI_FLOOD_2021,BORDER_NODATA
TN_CHENNAI_FLOOD_2021_031819,TN_CHENNAI_FLOOD_2021,BORDER_NODATA
TN_CHENNAI_FLOOD_2021_056497,TN_CHENNAI_FLOOD_2021,BORDER_NODATA
TN_CHENNAI_FLOOD_2021_081272,TN_CHENNAI_FLOOD_2021,BORDER_NODATA
TN_CHENNAI_FLOOD_2021_106173,TN_CHENNAI_FLOOD_2021,BORDER_NODATA
TN_CHENNAI_FLOOD_2021_106347,TN_CHENNAI_FLOOD_2021,BORDER_NODATA
TN_CHENNAI_FLOOD_2021_133784,TN_CHENNAI_FLOOD_2021,BORDER_NODATA
TN_CHENNAI_FLOOD_2021_163458,TN_CHENNAI_FLOOD_2021,BORDER_NODATA
TN_CHENNAI_FLOOD_2021_014967,TN_CHENNAI_FLOOD_2021,BORDER_NODATA
TN_CHENNAI_FLOOD_2021_014962,TN_CHENNAI_FLOOD_2021,BORDER_NODATA
TN_CHENNAI_FLOOD_2021_036716,TN_CHENNAI_FLOOD_2021,BORDER_NODATA
TN_CHENNAI_FLOOD_2021_061409,TN_CHENNAI_FLOOD_2021,BORDER_NODATA
TN_CHENNAI_FLOOD_2021_086164,TN_CHENNAI_FLOOD_2021,BORDER_NODATA
TN_CHENNAI_FLOOD_2021_111103,TN_CHENNAI_FLOOD_2021,BORDER_NODATA
TN_CHENNAI_FLOOD_2021_111198,TN_CHENNAI_FLOOD_2021,BORDER_NODATA
TN_CHENNAI_FLOOD_2021_138692,TN_CHENNAI_FLOOD_2021,BORDER_NODATA
TN_CHENNAI_FLOOD_2021_168450,TN_CHENNAI_FLOOD_2021,BORDER_NODATA
TN_CHENNAI_FLOOD_2021_019896,TN_CHENNAI_FLOOD_2021,BORDER_NODATA
TN_CHENNAI_FLOOD_2021_019932,TN_CHENNAI_FLOOD_2021,BORDER_NODATA
TN_CHENNAI_FLOOD_2021_041729,TN_CHENNAI_FLOOD_2021,BORDER_NODATA
TN_CHENNAI_FLOOD_2021_066389,TN_CHENNAI_FLOOD_2021,BORDER_NODATA
TN_CHENNAI_FLOOD_2021_091136,TN_CHENNAI_FLOOD_2021,BORDER_NODATA
TN_CHENNAI_FLOOD_2021_116034,TN_CHENNAI_FLOOD_2021,BORDER_NODATA
TN_CHENNAI_FLOOD_2021_116068,TN_CHENNAI_FLOOD_2021,BORDER_NODATA
TN_CHENNAI_FLOOD_2021_143639,TN_CHENNAI_FLOOD_2021,BORDER_NODATA
TN_CHENNAI_FLOOD_2021_173333,TN_CHENNAI_FLOOD_2021,BORDER_NODATA
TN_CHENNAI_FLOOD_2021_091996,TN_CHENNAI_FLOOD_2021,BORDER_NODATA
TN_CHENNAI_FLOOD_2021_116389,TN_CHENNAI_FLOOD_2021,BORDER_NODATA
TN_CHENNAI_FLOOD_2021_116976,TN_CHENNAI_FLOOD_2021,BORDER_NODATA
TN_CHENNAI_FLOOD_2021_144106,TN_CHENNAI_FLOOD_2021,BORDER_NODATA
TN_CHENNAI_FLOOD_2021_173527,TN_CHENNAI_FLOOD_2021,BORDER_NODATA
TN_CHENNAI_FLOOD_2021_122127,TN_CHENNAI_FLOOD_2021,BORDER_NODATA
TN_CHENNAI_FLOOD_2021_148992,TN_CHENNAI_FLOOD_2021,BORDER_NODATA
TN_CHENNAI_FLOOD_2021_000015,TN_CHENNAI_FLOOD_2021,BORDER_NODATA
TN_CHENNAI_FLOOD_2021_000081,TN_CHENNAI_FLOOD_2021,BORDER_NODATA
TN_CHENNAI_FLOOD_2021_021836,TN_CHENNAI_FLOOD_2021,BORDER_NODATA
TN_CHENNAI_FLOOD_2021_046567,TN_CHENNAI_FLOOD_2021,BORDER_NODATA
TN_CHENNAI_FLOOD_2021_071305,TN_CHENNAI_FLOOD_2021,BORDER_NODATA
TN_CHENNAI_FLOOD_2021_074358,TN_CHENNAI_FLOOD_2021,BORDER_NODATA
TN_CHENNAI_FLOOD_2021_096266,TN_CHENNAI_FLOOD_2021,BORDER_NODATA
TN_CHENNAI_FLOOD_2021_123819,TN_CHENNAI_FLOOD_2021,BORDER_NODATA
TN_CHENNAI_FLOOD_2021_153545,TN_CHENNAI_FLOOD_2021,BORDER_NODATA
TN_CHENNAI_FLOOD_2021_183203,TN_CHENNAI_FLOOD_2021,BORDER_NODATA
TN_CHENNAI_FLOOD_2021_000061,TN_CHENNAI_FLOOD_2021,BORDER_NODATA
TN_CHENNAI_FLOOD_2021_000094,TN_CHENNAI_FLOOD_2021,BORDER_NODATA
TN_CHENNAI_FLOOD_2021_021908,TN_CHENNAI_FLOOD_2021,BORDER_NODATA
TN_CHENNAI_FLOOD_2021_046590,TN_CHENNAI_FLOOD_2021,BORDER_NODATA
TN_CHENNAI_FLOOD_2021_071301,TN_CHENNAI_FLOOD_2021,BORDER_NODATA
TN_CHENNAI_FLOOD_2021_075329,TN_CHENNAI_FLOOD_2021,BORDER_NODATA
TN_CHENNAI_FLOOD_2021_096420,TN_CHENNAI_FLOOD_2021,BORDER_NODATA
TN_CHENNAI_FLOOD_2021_123859,TN_CHENNAI_FLOOD_2021,BORDER_NODATA
TN_CHENNAI_FLOOD_2021_153570,TN_CHENNAI_FLOOD_2021,BORDER_NODATA
TN_CHENNAI_FLOOD_2021_005012,TN_CHENNAI_FLOOD_2021,BORDER_NODATA
TN_CHENNAI_FLOOD_2021_005079,TN_CHENNAI_FLOOD_2021,BORDER_NODATA
TN_CHENNAI_FLOOD_2021_026794,TN_CHENNAI_FLOOD_2021,BORDER_NODATA
TN_CHENNAI_FLOOD_2021_051539,TN_CHENNAI_FLOOD_2021,BORDER_NODATA
TN_CHENNAI_FLOOD_2021_076279,TN_CHENNAI_FLOOD_2021,BORDER_NODATA
TN_CHENNAI_FLOOD_2021_101186,TN_CHENNAI_FLOOD_2021,BORDER_NODATA
TN_CHENNAI_FLOOD_2021_101249,TN_CHENNAI_FLOOD_2021,BORDER_NODATA
TN_CHENNAI_FLOOD_2021_128766,TN_CHENNAI_FLOOD_2021,BORDER_NODATA
TN_CHENNAI_FLOOD_2021_158527,TN_CHENNAI_FLOOD_2021,BORDER_NODATA
TN_CHENNAI_FLOOD_2021_009963,TN_CHENNAI_FLOOD_2021,BORDER_NODATA
TN_CHENNAI_FLOOD_2021_010033,TN_CHENNAI_FLOOD_2021,BORDER_NODATA
TN_CHENNAI_FLOOD_2021_031744,TN_CHENNAI_FLOOD_2021,BORDER_NODATA
TN_CHENNAI_FLOOD_2021_056458,TN_CHENNAI_FLOOD_2021,BORDER_NODATA
TN_CHENNAI_FLOOD_2021_081217,TN_CHENNAI_FLOOD_2021,BORDER_NODATA
TN_CHENNAI_FLOOD_2021_106154,TN_CHENNAI_FLOOD_2021,BORDER_NODATA
TN_CHENNAI_FLOOD_2021_106226,TN_CHENNAI_FLOOD_2021,BORDER_NODATA
TN_CHENNAI_FLOOD_2021_133724,TN_CHENNAI_FLOOD_2021,BORDER_NODATA
TN_CHENNAI_FLOOD_2021_163447,TN_CHENNAI_FLOOD_2021,BORDER_NODATA
TN_CHENNAI_FLOOD_2021_010015,TN_CHENNAI_FLOOD_2021,BORDER_NODATA
TN_CHENNAI_FLOOD_2021_010209,TN_CHENNAI_FLOOD_2021,BORDER_NODATA
TN_CHENNAI_FLOOD_2021_031823,TN_CHENNAI_FLOOD_2021,BORDER_NODATA
TN_CHENNAI_FLOOD_2021_056502,TN_CHENNAI_FLOOD_2021,BORDER_NODATA
TN_CHENNAI_FLOOD_2021_081279,TN_CHENNAI_FLOOD_2021,BORDER_NODATA
TN_CHENNAI_FLOOD_2021_106182,TN_CHENNAI_FLOOD_2021,BORDER_NODATA
TN_CHENNAI_FLOOD_2021_106450,TN_CHENNAI_FLOOD_2021,BORDER_NODATA
TN_CHENNAI_FLOOD_2021_133785,TN_CHENNAI_FLOOD_2021,BORDER_NODATA
TN_CHENNAI_FLOOD_2021_163469,TN_CHENNAI_FLOOD_2021,BORDER_NODATA
TN_CHENNAI_FLOOD_2021_014983,TN_CHENNAI_FLOOD_2021,BORDER_NODATA
TN_CHENNAI_FLOOD_2021_014966,TN_CHENNAI_FLOOD_2021,BORDER_NODATA
TN_CHENNAI_FLOOD_2021_036720,TN_CHENNAI_FLOOD_2021,BORDER_NODATA
TN_CHENNAI_FLOOD_2021_061411,TN_CHENNAI_FLOOD_2021,BORDER_NODATA
TN_CHENNAI_FLOOD_2021_086165,TN_CHENNAI_FLOOD_2021,BORDER_NODATA
TN_CHENNAI_FLOOD_2021_111105,TN_CHENNAI_FLOOD_2021,BORDER_NODATA
TN_CHENNAI_FLOOD_2021_111230,TN_CHENNAI_FLOOD_2021,BORDER_NODATA
TN_CHENNAI_FLOOD_2021_138699,TN_CHENNAI_FLOOD_2021,BORDER_NODATA
TN_CHENNAI_FLOOD_2021_168455,TN_CHENNAI_FLOOD_2021,BORDER_NODATA
TN_CHENNAI_FLOOD_2021_019897,TN_CHENNAI_FLOOD_2021,BORDER_NODATA
TN_CHENNAI_FLOOD_2021_019933,TN_CHENNAI_FLOOD_2021,BORDER_NODATA
TN_CHENNAI_FLOOD_2021_041747,TN_CHENNAI_FLOOD_2021,BORDER_NODATA
TN_CHENNAI_FLOOD_2021_066394,TN_CHENNAI_FLOOD_2021,BORDER_NODATA
TN_CHENNAI_FLOOD_2021_091139,TN_CHENNAI_FLOOD_2021,BORDER_NODATA
TN_CHENNAI_FLOOD_2021_116035,TN_CHENNAI_FLOOD_2021,BORDER_NODATA
TN_CHENNAI_FLOOD_2021_116071,TN_CHENNAI_FLOOD_2021,BORDER_NODATA
TN_CHENNAI_FLOOD_2021_143640,TN_CHENNAI_FLOOD_2021,BORDER_NODATA
TN_CHENNAI_FLOOD_2021_173336,TN_CHENNAI_FLOOD_2021,BORDER_NODATA
TN_CHENNAI_FLOOD_2021_092053,TN_CHENNAI_FLOOD_2021,BORDER_NODATA
TN_CHENNAI_FLOOD_2021_116543,TN_CHENNAI_FLOOD_2021,BORDER_NODATA
TN_CHENNAI_FLOOD_2021_117225,TN_CHENNAI_FLOOD_2021,BORDER_NODATA
TN_CHENNAI_FLOOD_2021_144137,TN_CHENNAI_FLOOD_2021,BORDER_NODATA
TN_CHENNAI_FLOOD_2021_173558,TN_CHENNAI_FLOOD_2021,BORDER_NODATA
TN_CHENNAI_FLOOD_2021_122228,TN_CHENNAI_FLOOD_2021,BORDER_NODATA
TN_CHENNAI_FLOOD_2021_149102,TN_CHENNAI_FLOOD_2021,BORDER_NODATA
TN_CHENNAI_FLOOD_2021_000017,TN_CHENNAI_FLOOD_2021,BORDER_NODATA
TN_CHENNAI_FLOOD_2021_000087,TN_CHENNAI_FLOOD_2021,BORDER_NODATA
TN_CHENNAI_FLOOD_2021_021839,TN_CHENNAI_FLOOD_2021,BORDER_NODATA
TN_CHENNAI_FLOOD_2021_046570,TN_CHENNAI_FLOOD_2021,BORDER_NODATA
TN_CHENNAI_FLOOD_2021_071306,TN_CHENNAI_FLOOD_2021,BORDER_NODATA
TN_CHENNAI_FLOOD_2021_075402,TN_CHENNAI_FLOOD_2021,BORDER_NODATA
TN_CHENNAI_FLOOD_2021_096269,TN_CHENNAI_FLOOD_2021,BORDER_NODATA
TN_CHENNAI_FLOOD_2021_123821,TN_CHENNAI_FLOOD_2021,BORDER_NODATA
TN_CHENNAI_FLOOD_2021_153548,TN_CHENNAI_FLOOD_2021,BORDER_NODATA
TN_CHENNAI_FLOOD_2021_183207,TN_CHENNAI_FLOOD_2021,BORDER_NODATA
TN_CHENNAI_FLOOD_2021_000070,TN_CHENNAI_FLOOD_2021,BORDER_NODATA
TN_CHENNAI_FLOOD_2021_000095,TN_CHENNAI_FLOOD_2021,BORDER_NODATA
TN_CHENNAI_FLOOD_2021_021910,TN_CHENNAI_FLOOD_2021,BORDER_NODATA
TN_CHENNAI_FLOOD_2021_046593,TN_CHENNAI_FLOOD_2021,BORDER_NODATA
TN_CHENNAI_FLOOD_2021_071312,TN_CHENNAI_FLOOD_2021,BORDER_NODATA
TN_CHENNAI_FLOOD_2021_076069,TN_CHENNAI_FLOOD_2021,BORDER_NODATA
TN_CHENNAI_FLOOD_2021_096456,TN_CHENNAI_FLOOD_2021,BORDER_NODATA
TN_CHENNAI_FLOOD_2021_123864,TN_CHENNAI_FLOOD_2021,BORDER_NODATA
TN_CHENNAI_FLOOD_2021_153584,TN_CHENNAI_FLOOD_2021,BORDER_NODATA
TN_CHENNAI_FLOOD_2021_005015,TN_CHENNAI_FLOOD_2021,BORDER_NODATA
TN_CHENNAI_FLOOD_2021_005082,TN_CHENNAI_FLOOD_2021,BORDER_NODATA
TN_CHENNAI_FLOOD_2021_026800,TN_CHENNAI_FLOOD_2021,BORDER_NODATA
TN_CHENNAI_FLOOD_2021_051543,TN_CHENNAI_FLOOD_2021,BORDER_NODATA
TN_CHENNAI_FLOOD_2021_076280,TN_CHENNAI_FLOOD_2021,BORDER_NODATA
TN_CHENNAI_FLOOD_2021_101188,TN_CHENNAI_FLOOD_2021,BORDER_NODATA
TN_CHENNAI_FLOOD_2021_101261,TN_CHENNAI_FLOOD_2021,BORDER_NODATA
TN_CHENNAI_FLOOD_2021_128768,TN_CHENNAI_FLOOD_2021,BORDER_NODATA
TN_CHENNAI_FLOOD_2021_158533,TN_CHENNAI_FLOOD_2021,BORDER_NODATA
TN_CHENNAI_FLOOD_2021_009964,TN_CHENNAI_FLOOD_2021,BORDER_NODATA
TN_CHENNAI_FLOOD_2021_010034,TN_CHENNAI_FLOOD_2021,BORDER_NODATA
TN_CHENNAI_FLOOD_2021_031747,TN_CHENNAI_FLOOD_2021,BORDER_NODATA
TN_CHENNAI_FLOOD_2021_056460,TN_CHENNAI_FLOOD_2021,BORDER_NODATA
TN_CHENNAI_FLOOD_2021_081220,TN_CHENNAI_FLOOD_2021,BORDER_NODATA
TN_CHENNAI_FLOOD_2021_106156,TN_CHENNAI_FLOOD_2021,BORDER_NODATA
TN_CHENNAI_FLOOD_2021_106236,TN_CHENNAI_FLOOD_2021,BORDER_NODATA
TN_CHENNAI_FLOOD_2021_133728,TN_CHENNAI_FLOOD_2021,BORDER_NODATA
TN_CHENNAI_FLOOD_2021_163454,TN_CHENNAI_FLOOD_2021,BORDER_NODATA
TN_CHENNAI_FLOOD_2021_010025,TN_CHENNAI_FLOOD_2021,BORDER_NODATA
TN_CHENNAI_FLOOD_2021_010247,TN_CHENNAI_FLOOD_2021,BORDER_NODATA
TN_CHENNAI_FLOOD_2021_031834,TN_CHENNAI_FLOOD_2021,BORDER_NODATA
TN_CHENNAI_FLOOD_2021_056503,TN_CHENNAI_FLOOD_2021,BORDER_NODATA
TN_CHENNAI_FLOOD_2021_081288,TN_CHENNAI_FLOOD_2021,BORDER_NODATA
TN_CHENNAI_FLOOD_2021_106192,TN_CHENNAI_FLOOD_2021,BORDER_NODATA
TN_CHENNAI_FLOOD_2021_106461,TN_CHENNAI_FLOOD_2021,BORDER_NODATA
TN_CHENNAI_FLOOD_2021_133788,TN_CHENNAI_FLOOD_2021,BORDER_NODATA
TN_CHENNAI_FLOOD_2021_163473,TN_CHENNAI_FLOOD_2021,BORDER_NODATA
TN_CHENNAI_FLOOD_2021_014988,TN_CHENNAI_FLOOD_2021,BORDER_NODATA
TN_CHENNAI_FLOOD_2021_014975,TN_CHENNAI_FLOOD_2021,BORDER_NODATA
TN_CHENNAI_FLOOD_2021_036724,TN_CHENNAI_FLOOD_2021,BORDER_NODATA
TN_CHENNAI_FLOOD_2021_061412,TN_CHENNAI_FLOOD_2021,BORDER_NODATA
TN_CHENNAI_FLOOD_2021_086166,TN_CHENNAI_FLOOD_2021,BORDER_NODATA
TN_CHENNAI_FLOOD_2021_111106,TN_CHENNAI_FLOOD_2021,BORDER_NODATA
TN_CHENNAI_FLOOD_2021_111240,TN_CHENNAI_FLOOD_2021,BORDER_NODATA
TN_CHENNAI_FLOOD_2021_138700,TN_CHENNAI_FLOOD_2021,BORDER_NODATA
TN_CHENNAI_FLOOD_2021_168480,TN_CHENNAI_FLOOD_2021,BORDER_NODATA
TN_CHENNAI_FLOOD_2021_019900,TN_CHENNAI_FLOOD_2021,BORDER_NODATA
TN_CHENNAI_FLOOD_2021_019936,TN_CHENNAI_FLOOD_2021,BORDER_NODATA
TN_CHENNAI_FLOOD_2021_041761,TN_CHENNAI_FLOOD_2021,BORDER_NODATA
TN_CHENNAI_FLOOD_2021_066397,TN_CHENNAI_FLOOD_2021,BORDER_NODATA
TN_CHENNAI_FLOOD_2021_091144,TN_CHENNAI_FLOOD_2021,BORDER_NODATA
TN_CHENNAI_FLOOD_2021_116036,TN_CHENNAI_FLOOD_2021,BORDER_NODATA
TN_CHENNAI_FLOOD_2021_116075,TN_CHENNAI_FLOOD_2021,BORDER_NODATA
TN_CHENNAI_FLOOD_2021_143641,TN_CHENNAI_FLOOD_2021,BORDER_NODATA
TN_CHENNAI_FLOOD_2021_173338,TN_CHENNAI_FLOOD_2021,BORDER_NODATA
TN_CHENNAI_FLOOD_2021_092253,TN_CHENNAI_FLOOD_2021,BORDER_NODATA
TN_CHENNAI_FLOOD_2021_116662,TN_CHENNAI_FLOOD_2021,BORDER_NODATA
TN_CHENNAI_FLOOD_2021_117456,TN_CHENNAI_FLOOD_2021,BORDER_NODATA
TN_CHENNAI_FLOOD_2021_144180,TN_CHENNAI_FLOOD_2021,BORDER_NODATA
TN_CHENNAI_FLOOD_2021_173576,TN_CHENNAI_FLOOD_2021,BORDER_NODATA
TN_CHENNAI_FLOOD_2021_122303,TN_CHENNAI_FLOOD_2021,BORDER_NODATA
TN_CHENNAI_FLOOD_2021_150254,TN_CHENNAI_FLOOD_2021,BORDER_NODATA
TN_CHENNAI_FLOOD_2021_000018,TN_CHENNAI_FLOOD_2021,BORDER_NODATA
TN_CHENNAI_FLOOD_2021_000092,TN_CHENNAI_FLOOD_2021,BORDER_NODATA
TN_CHENNAI_FLOOD_2021_021847,TN_CHENNAI_FLOOD_2021,BORDER_NODATA
TN_CHENNAI_FLOOD_2021_046571,TN_CHENNAI_FLOOD_2021,BORDER_NODATA
TN_CHENNAI_FLOOD_2021_071307,TN_CHENNAI_FLOOD_2021,BORDER_NODATA
TN_CHENNAI_FLOOD_2021_076099,TN_CHENNAI_FLOOD_2021,BORDER_NODATA
TN_CHENNAI_FLOOD_2021_096277,TN_CHENNAI_FLOOD_2021,BORDER_NODATA
TN_CHENNAI_FLOOD_2021_123826,TN_CHENNAI_FLOOD_2021,BORDER_NODATA
TN_CHENNAI_FLOOD_2021_153549,TN_CHENNAI_FLOOD_2021,BORDER_NODATA
TN_CHENNAI_FLOOD_2021_000073,TN_CHENNAI_FLOOD_2021,BORDER_NODATA
TN_CHENNAI_FLOOD_2021_000098,TN_CHENNAI_FLOOD_2021,BORDER_NODATA
TN_CHENNAI_FLOOD_2021_021912,TN_CHENNAI_FLOOD_2021,BORDER_NODATA
TN_CHENNAI_FLOOD_2021_046597,TN_CHENNAI_FLOOD_2021,BORDER_NODATA
TN_CHENNAI_FLOOD_2021_071313,TN_CHENNAI_FLOOD_2021,BORDER_NODATA
TN_CHENNAI_FLOOD_2021_076631,TN_CHENNAI_FLOOD_2021,BORDER_NODATA
TN_CHENNAI_FLOOD_2021_096488,TN_CHENNAI_FLOOD_2021,BORDER_NODATA
TN_CHENNAI_FLOOD_2021_123866,TN_CHENNAI_FLOOD_2021,BORDER_NODATA
TN_CHENNAI_FLOOD_2021_153586,TN_CHENNAI_FLOOD_2021,BORDER_NODATA
TN_CHENNAI_FLOOD_2021_005019,TN_CHENNAI_FLOOD_2021,BORDER_NODATA
TN_CHENNAI_FLOOD_2021_005086,TN_CHENNAI_FLOOD_2021,BORDER_NODATA
TN_CHENNAI_FLOOD_2021_026801,TN_CHENNAI_FLOOD_2021,BORDER_NODATA
TN_CHENNAI_FLOOD_2021_051544,TN_CHENNAI_FLOOD_2021,BORDER_NODATA
TN_CHENNAI_FLOOD_2021_076281,TN_CHENNAI_FLOOD_2021,BORDER_NODATA
TN_CHENNAI_FLOOD_2021_101189,TN_CHENNAI_FLOOD_2021,BORDER_NODATA
TN_CHENNAI_FLOOD_2021_101267,TN_CHENNAI_FLOOD_2021,BORDER_NODATA
TN_CHENNAI_FLOOD_2021_128769,TN_CHENNAI_FLOOD_2021,BORDER_NODATA
TN_CHENNAI_FLOOD_2021_158534,TN_CHENNAI_FLOOD_2021,BORDER_NODATA
TN_CHENNAI_FLOOD_2021_009966,TN_CHENNAI_FLOOD_2021,BORDER_NODATA
TN_CHENNAI_FLOOD_2021_010035,TN_CHENNAI_FLOOD_2021,BORDER_NODATA
TN_CHENNAI_FLOOD_2021_031749,TN_CHENNAI_FLOOD_2021,BORDER_NODATA
TN_CHENNAI_FLOOD_2021_056461,TN_CHENNAI_FLOOD_2021,BORDER_NODATA
TN_CHENNAI_FLOOD_2021_081221,TN_CHENNAI_FLOOD_2021,BORDER_NODATA
TN_CHENNAI_FLOOD_2021_106157,TN_CHENNAI_FLOOD_2021,BORDER_NODATA
TN_CHENNAI_FLOOD_2021_106238,TN_CHENNAI_FLOOD_2021,BORDER_NODATA
TN_CHENNAI_FLOOD_2021_133729,TN_CHENNAI_FLOOD_2021,BORDER_NODATA
TN_CHENNAI_FLOOD_2021_163456,TN_CHENNAI_FLOOD_2021,BORDER_NODATA
TN_CHENNAI_FLOOD_2021_010031,TN_CHENNAI_FLOOD_2021,BORDER_NODATA
TN_CHENNAI_FLOOD_2021_010272,TN_CHENNAI_FLOOD_2021,BORDER_NODATA
TN_CHENNAI_FLOOD_2021_031855,TN_CHENNAI_FLOOD_2021,BORDER_NODATA
TN_CHENNAI_FLOOD_2021_056509,TN_CHENNAI_FLOOD_2021,BORDER_NODATA
TN_CHENNAI_FLOOD_2021_081298,TN_CHENNAI_FLOOD_2021,BORDER_NODATA
TN_CHENNAI_FLOOD_2021_106196,TN_CHENNAI_FLOOD_2021,BORDER_NODATA
TN_CHENNAI_FLOOD_2021_106471,TN_CHENNAI_FLOOD_2021,BORDER_NODATA
TN_CHENNAI_FLOOD_2021_133795,TN_CHENNAI_FLOOD_2021,BORDER_NODATA
TN_CHENNAI_FLOOD_2021_163479,TN_CHENNAI_FLOOD_2021,BORDER_NODATA
TN_CHENNAI_FLOOD_2021_014992,TN_CHENNAI_FLOOD_2021,BORDER_NODATA
TN_CHENNAI_FLOOD_2021_014978,TN_CHENNAI_FLOOD_2021,BORDER_NODATA
TN_CHENNAI_FLOOD_2021_036727,TN_CHENNAI_FLOOD_2021,BORDER_NODATA
TN_CHENNAI_FLOOD_2021_061415,TN_CHENNAI_FLOOD_2021,BORDER_NODATA
TN_CHENNAI_FLOOD_2021_086167,TN_CHENNAI_FLOOD_2021,BORDER_NODATA
TN_CHENNAI_FLOOD_2021_111108,TN_CHENNAI_FLOOD_2021,BORDER_NODATA
TN_CHENNAI_FLOOD_2021_111252,TN_CHENNAI_FLOOD_2021,BORDER_NODATA
TN_CHENNAI_FLOOD_2021_138705,TN_CHENNAI_FLOOD_2021,BORDER_NODATA
TN_CHENNAI_FLOOD_2021_168489,TN_CHENNAI_FLOOD_2021,BORDER_NODATA
TN_CHENNAI_FLOOD_2021_019901,TN_CHENNAI_FLOOD_2021,BORDER_NODATA
TN_CHENNAI_FLOOD_2021_019947,TN_CHENNAI_FLOOD_2021,BORDER_NODATA
TN_CHENNAI_FLOOD_2021_041765,TN_CHENNAI_FLOOD_2021,BORDER_NODATA
TN_CHENNAI_FLOOD_2021_066398,TN_CHENNAI_FLOOD_2021,BORDER_NODATA
TN_CHENNAI_FLOOD_2021_091146,TN_CHENNAI_FLOOD_2021,BORDER_NODATA
TN_CHENNAI_FLOOD_2021_116037,TN_CHENNAI_FLOOD_2021,BORDER_NODATA
TN_CHENNAI_FLOOD_2021_116080,TN_CHENNAI_FLOOD_2021,BORDER_NODATA
TN_CHENNAI_FLOOD_2021_143645,TN_CHENNAI_FLOOD_2021,BORDER_NODATA
TN_CHENNAI_FLOOD_2021_173341,TN_CHENNAI_FLOOD_2021,BORDER_NODATA
TN_CHENNAI_FLOOD_2021_092436,TN_CHENNAI_FLOOD_2021,BORDER_NODATA
TN_CHENNAI_FLOOD_2021_116684,TN_CHENNAI_FLOOD_2021,BORDER_NODATA
TN_CHENNAI_FLOOD_2021_117563,TN_CHENNAI_FLOOD_2021,BORDER_NODATA
TN_CHENNAI_FLOOD_2021_144277,TN_CHENNAI_FLOOD_2021,BORDER_NODATA
TN_CHENNAI_FLOOD_2021_173589,TN_CHENNAI_FLOOD_2021,BORDER_NODATA
TN_CHENNAI_FLOOD_2021_122391,TN_CHENNAI_FLOOD_2021,BORDER_NODATA
TN_CHENNAI_FLOOD_2021_150476,TN_CHENNAI_FLOOD_2021,BORDER_NODATA
TN_CHENNAI_FLOOD_2021_000020,TN_CHENNAI_FLOOD_2021,BORDER_NODATA
TN_CHENNAI_FLOOD_2021_000111,TN_CHENNAI_FLOOD_2021,BORDER_NODATA
TN_CHENNAI_FLOOD_2021_021855,TN_CHENNAI_FLOOD_2021,BORDER_NODATA
TN_CHENNAI_FLOOD_2021_046573,TN_CHENNAI_FLOOD_2021,BORDER_NODATA
TN_CHENNAI_FLOOD_2021_071308,TN_CHENNAI_FLOOD_2021,BORDER_NODATA
TN_CHENNAI_FLOOD_2021_096224,TN_CHENNAI_FLOOD_2021,BORDER_NODATA
TN_CHENNAI_FLOOD_2021_096279,TN_CHENNAI_FLOOD_2021,BORDER_NODATA
TN_CHENNAI_FLOOD_2021_123828,TN_CHENNAI_FLOOD_2021,BORDER_NODATA
TN_CHENNAI_FLOOD_2021_153550,TN_CHENNAI_FLOOD_2021,BORDER_NODATA
TN_CHENNAI_FLOOD_2021_183209,TN_CHENNAI_FLOOD_2021,BORDER_NODATA
TN_CHENNAI_FLOOD_2021_000074,TN_CHENNAI_FLOOD_2021,BORDER_NODATA
TN_CHENNAI_FLOOD_2021_000102,TN_CHENNAI_FLOOD_2021,BORDER_NODATA
TN_CHENNAI_FLOOD_2021_021917,TN_CHENNAI_FLOOD_2021,BORDER_NODATA
TN_CHENNAI_FLOOD_2021_046601,TN_CHENNAI_FLOOD_2021,BORDER_NODATA
TN_CHENNAI_FLOOD_2021_071322,TN_CHENNAI_FLOOD_2021,BORDER_NODATA
TN_CHENNAI_FLOOD_2021_077012,TN_CHENNAI_FLOOD_2021,BORDER_NODATA
TN_CHENNAI_FLOOD_2021_096514,TN_CHENNAI_FLOOD_2021,BORDER_NODATA
TN_CHENNAI_FLOOD_2021_123868,TN_CHENNAI_FLOOD_2021,BORDER_NODATA
TN_CHENNAI_FLOOD_2021_153591,TN_CHENNAI_FLOOD_2021,BORDER_NODATA
TN_CHENNAI_FLOOD_2021_005021,TN_CHENNAI_FLOOD_2021,BORDER_NODATA
TN_CHENNAI_FLOOD_2021_005101,TN_CHENNAI_FLOOD_2021,BORDER_NODATA
TN_CHENNAI_FLOOD_2021_026803,TN_CHENNAI_FLOOD_2021,BORDER_NODATA
TN_CHENNAI_FLOOD_2021_051545,TN_CHENNAI_FLOOD_2021,BORDER_NODATA
TN_CHENNAI_FLOOD_2021_076282,TN_CHENNAI_FLOOD_2021,BORDER_NODATA
TN_CHENNAI_FLOOD_2021_101190,TN_CHENNAI_FLOOD_2021,BORDER_NODATA
TN_CHENNAI_FLOOD_2021_101269,TN_CHENNAI_FLOOD_2021,BORDER_NODATA
TN_CHENNAI_FLOOD_2021_128771,TN_CHENNAI_FLOOD_2021,BORDER_NODATA
TN_CHENNAI_FLOOD_2021_158535,TN_CHENNAI_FLOOD_2021,BORDER_NODATA
TN_CHENNAI_FLOOD_2021_188141,TN_CHENNAI_FLOOD_2021,INSUFFICIENT_EVIDENCE
TN_CHENNAI_FLOOD_2021_009967,TN_CHENNAI_FLOOD_2021,BORDER_NODATA
TN_CHENNAI_FLOOD_2021_010048,TN_CHENNAI_FLOOD_2021,BORDER_NODATA
TN_CHENNAI_FLOOD_2021_031750,TN_CHENNAI_FLOOD_2021,BORDER_NODATA
TN_CHENNAI_FLOOD_2021_056463,TN_CHENNAI_FLOOD_2021,BORDER_NODATA
TN_CHENNAI_FLOOD_2021_081222,TN_CHENNAI_FLOOD_2021,BORDER_NODATA
TN_CHENNAI_FLOOD_2021_106161,TN_CHENNAI_FLOOD_2021,BORDER_NODATA
TN_CHENNAI_FLOOD_2021_106249,TN_CHENNAI_FLOOD_2021,BORDER_NODATA
TN_CHENNAI_FLOOD_2021_133733,TN_CHENNAI_FLOOD_2021,BORDER_NODATA
TN_CHENNAI_FLOOD_2021_163459,TN_CHENNAI_FLOOD_2021,BORDER_NODATA
TN_CHENNAI_FLOOD_2021_010050,TN_CHENNAI_FLOOD_2021,BORDER_NODATA
TN_CHENNAI_FLOOD_2021_010340,TN_CHENNAI_FLOOD_2021,BORDER_NODATA
TN_CHENNAI_FLOOD_2021_031860,TN_CHENNAI_FLOOD_2021,BORDER_NODATA
TN_CHENNAI_FLOOD_2021_056515,TN_CHENNAI_FLOOD_2021,BORDER_NODATA
TN_CHENNAI_FLOOD_2021_081317,TN_CHENNAI_FLOOD_2021,BORDER_NODATA
TN_CHENNAI_FLOOD_2021_106197,TN_CHENNAI_FLOOD_2021,BORDER_NODATA
TN_CHENNAI_FLOOD_2021_106472,TN_CHENNAI_FLOOD_2021,BORDER_NODATA
TN_CHENNAI_FLOOD_2021_133807,TN_CHENNAI_FLOOD_2021,BORDER_NODATA
TN_CHENNAI_FLOOD_2021_163481,TN_CHENNAI_FLOOD_2021,BORDER_NODATA
TN_CHENNAI_FLOOD_2021_015012,TN_CHENNAI_FLOOD_2021,BORDER_NODATA
TN_CHENNAI_FLOOD_2021_014979,TN_CHENNAI_FLOOD_2021,BORDER_NODATA
TN_CHENNAI_FLOOD_2021_036732,TN_CHENNAI_FLOOD_2021,BORDER_NODATA
TN_CHENNAI_FLOOD_2021_061418,TN_CHENNAI_FLOOD_2021,BORDER_NODATA
TN_CHENNAI_FLOOD_2021_086168,TN_CHENNAI_FLOOD_2021,BORDER_NODATA
TN_CHENNAI_FLOOD_2021_111109,TN_CHENNAI_FLOOD_2021,BORDER_NODATA
TN_CHENNAI_FLOOD_2021_111263,TN_CHENNAI_FLOOD_2021,BORDER_NODATA
TN_CHENNAI_FLOOD_2021_138710,TN_CHENNAI_FLOOD_2021,BORDER_NODATA
TN_CHENNAI_FLOOD_2021_168503,TN_CHENNAI_FLOOD_2021,BORDER_NODATA
TN_CHENNAI_FLOOD_2021_019904,TN_CHENNAI_FLOOD_2021,BORDER_NODATA
TN_CHENNAI_FLOOD_2021_019951,TN_CHENNAI_FLOOD_2021,BORDER_NODATA
TN_CHENNAI_FLOOD_2021_041766,TN_CHENNAI_FLOOD_2021,BORDER_NODATA
TN_CHENNAI_FLOOD_2021_066403,TN_CHENNAI_FLOOD_2021,BORDER_NODATA
TN_CHENNAI_FLOOD_2021_091150,TN_CHENNAI_FLOOD_2021,BORDER_NODATA
TN_CHENNAI_FLOOD_2021_116040,TN_CHENNAI_FLOOD_2021,BORDER_NODATA
TN_CHENNAI_FLOOD_2021_116093,TN_CHENNAI_FLOOD_2021,BORDER_NODATA
TN_CHENNAI_FLOOD_2021_143647,TN_CHENNAI_FLOOD_2021,BORDER_NODATA
TN_CHENNAI_FLOOD_2021_173342,TN_CHENNAI_FLOOD_2021,BORDER_NODATA
TN_CHENNAI_FLOOD_2021_092535,TN_CHENNAI_FLOOD_2021,BORDER_NODATA
TN_CHENNAI_FLOOD_2021_116806,TN_CHENNAI_FLOOD_2021,BORDER_NODATA
TN_CHENNAI_FLOOD_2021_117908,TN_CHENNAI_FLOOD_2021,BORDER_NODATA
TN_CHENNAI_FLOOD_2021_144303,TN_CHENNAI_FLOOD_2021,BORDER_NODATA
TN_CHENNAI_FLOOD_2021_173618,TN_CHENNAI_FLOOD_2021,BORDER_NODATA
TN_CHENNAI_FLOOD_2021_122455,TN_CHENNAI_FLOOD_2021,BORDER_NODATA
TN_CHENNAI_FLOOD_2021_153522,TN_CHENNAI_FLOOD_2021,BORDER_NODATA
TN_CHENNAI_FLOOD_2021_000021,TN_CHENNAI_FLOOD_2021,BORDER_NODATA
TN_CHENNAI_FLOOD_2021_000121,TN_CHENNAI_FLOOD_2021,BORDER_NODATA
TN_CHENNAI_FLOOD_2021_021856,TN_CHENNAI_FLOOD_2021,BORDER_NODATA
TN_CHENNAI_FLOOD_2021_046574,TN_CHENNAI_FLOOD_2021,BORDER_NODATA
TN_CHENNAI_FLOOD_2021_071309,TN_CHENNAI_FLOOD_2021,BORDER_NODATA
TN_CHENNAI_FLOOD_2021_096225,TN_CHENNAI_FLOOD_2021,BORDER_NODATA
TN_CHENNAI_FLOOD_2021_096286,TN_CHENNAI_FLOOD_2021,BORDER_NODATA
TN_CHENNAI_FLOOD_2021_123831,TN_CHENNAI_FLOOD_2021,BORDER_NODATA
TN_CHENNAI_FLOOD_2021_153551,TN_CHENNAI_FLOOD_2021,BORDER_NODATA
TN_CHENNAI_FLOOD_2021_000085,TN_CHENNAI_FLOOD_2021,BORDER_NODATA
TN_CHENNAI_FLOOD_2021_000114,TN_CHENNAI_FLOOD_2021,BORDER_NODATA
TN_CHENNAI_FLOOD_2021_021926,TN_CHENNAI_FLOOD_2021,BORDER_NODATA
TN_CHENNAI_FLOOD_2021_046603,TN_CHENNAI_FLOOD_2021,BORDER_NODATA
TN_CHENNAI_FLOOD_2021_071324,TN_CHENNAI_FLOOD_2021,BORDER_NODATA
TN_CHENNAI_FLOOD_2021_077377,TN_CHENNAI_FLOOD_2021,BORDER_NODATA
TN_CHENNAI_FLOOD_2021_096531,TN_CHENNAI_FLOOD_2021,BORDER_NODATA
TN_CHENNAI_FLOOD_2021_123872,TN_CHENNAI_FLOOD_2021,BORDER_NODATA
TN_CHENNAI_FLOOD_2021_153594,TN_CHENNAI_FLOOD_2021,BORDER_NODATA
TN_CHENNAI_FLOOD_2021_005022,TN_CHENNAI_FLOOD_2021,BORDER_NODATA
TN_CHENNAI_FLOOD_2021_005106,TN_CHENNAI_FLOOD_2021,BORDER_NODATA
TN_CHENNAI_FLOOD_2021_026810,TN_CHENNAI_FLOOD_2021,BORDER_NODATA
TN_CHENNAI_FLOOD_2021_051549,TN_CHENNAI_FLOOD_2021,BORDER_NODATA
TN_CHENNAI_FLOOD_2021_076287,TN_CHENNAI_FLOOD_2021,BORDER_NODATA
TN_CHENNAI_FLOOD_2021_101191,TN_CHENNAI_FLOOD_2021,BORDER_NODATA
TN_CHENNAI_FLOOD_2021_101272,TN_CHENNAI_FLOOD_2021,BORDER_NODATA
TN_CHENNAI_FLOOD_2021_128772,TN_CHENNAI_FLOOD_2021,BORDER_NODATA
TN_CHENNAI_FLOOD_2021_158538,TN_CHENNAI_FLOOD_2021,BORDER_NODATA
TN_CHENNAI_FLOOD_2021_188143,TN_CHENNAI_FLOOD_2021,BORDER_NODATA
TN_CHENNAI_FLOOD_2021_009968,TN_CHENNAI_FLOOD_2021,BORDER_NODATA
TN_CHENNAI_FLOOD_2021_010064,TN_CHENNAI_FLOOD_2021,BORDER_NODATA
TN_CHENNAI_FLOOD_2021_031751,TN_CHENNAI_FLOOD_2021,BORDER_NODATA
TN_CHENNAI_FLOOD_2021_056466,TN_CHENNAI_FLOOD_2021,BORDER_NODATA
TN_CHENNAI_FLOOD_2021_081223,TN_CHENNAI_FLOOD_2021,BORDER_NODATA
TN_CHENNAI_FLOOD_2021_106162,TN_CHENNAI_FLOOD_2021,BORDER_NODATA
TN_CHENNAI_FLOOD_2021_106252,TN_CHENNAI_FLOOD_2021,BORDER_NODATA
TN_CHENNAI_FLOOD_2021_133734,TN_CHENNAI_FLOOD_2021,BORDER_NODATA
TN_CHENNAI_FLOOD_2021_163462,TN_CHENNAI_FLOOD_2021,BORDER_NODATA
TN_CHENNAI_FLOOD_2021_010053,TN_CHENNAI_FLOOD_2021,BORDER_NODATA
TN_CHENNAI_FLOOD_2021_010349,TN_CHENNAI_FLOOD_2021,BORDER_NODATA
TN_CHENNAI_FLOOD_2021_031864,TN_CHENNAI_FLOOD_2021,BORDER_NODATA
TN_CHENNAI_FLOOD_2021_056517,TN_CHENNAI_FLOOD_2021,BORDER_NODATA
TN_CHENNAI_FLOOD_2021_081336,TN_CHENNAI_FLOOD_2021,BORDER_NODATA
TN_CHENNAI_FLOOD_2021_106198,TN_CHENNAI_FLOOD_2021,BORDER_NODATA
TN_CHENNAI_FLOOD_2021_106477,TN_CHENNAI_FLOOD_2021,BORDER_NODATA
TN_CHENNAI_FLOOD_2021_133820,TN_CHENNAI_FLOOD_2021,BORDER_NODATA
TN_CHENNAI_FLOOD_2021_163484,TN_CHENNAI_FLOOD_2021,BORDER_NODATA
TN_CHENNAI_FLOOD_2021_015035,TN_CHENNAI_FLOOD_2021,BORDER_NODATA
TN_CHENNAI_FLOOD_2021_014984,TN_CHENNAI_FLOOD_2021,BORDER_NODATA
TN_CHENNAI_FLOOD_2021_036736,TN_CHENNAI_FLOOD_2021,BORDER_NODATA
TN_CHENNAI_FLOOD_2021_061423,TN_CHENNAI_FLOOD_2021,BORDER_NODATA
TN_CHENNAI_FLOOD_2021_086177,TN_CHENNAI_FLOOD_2021,BORDER_NODATA
TN_CHENNAI_FLOOD_2021_111110,TN_CHENNAI_FLOOD_2021,BORDER_NODATA
TN_CHENNAI_FLOOD_2021_111264,TN_CHENNAI_FLOOD_2021,BORDER_NODATA
TN_CHENNAI_FLOOD_2021_138714,TN_CHENNAI_FLOOD_2021,BORDER_NODATA
TN_CHENNAI_FLOOD_2021_168511,TN_CHENNAI_FLOOD_2021,BORDER_NODATA
TN_CHENNAI_FLOOD_2021_019905,TN_CHENNAI_FLOOD_2021,BORDER_NODATA
TN_CHENNAI_FLOOD_2021_019956,TN_CHENNAI_FLOOD_2021,BORDER_NODATA
TN_CHENNAI_FLOOD_2021_041767,TN_CHENNAI_FLOOD_2021,BORDER_NODATA
TN_CHENNAI_FLOOD_2021_066410,TN_CHENNAI_FLOOD_2021,BORDER_NODATA
TN_CHENNAI_FLOOD_2021_091154,TN_CHENNAI_FLOOD_2021,BORDER_NODATA
TN_CHENNAI_FLOOD_2021_116042,TN_CHENNAI_FLOOD_2021,BORDER_NODATA
TN_BUREVI_2020_000001,TN_BUREVI_2020,BORDER_NODATA
TN_BUREVI_2020_000023,TN_BUREVI_2020,BORDER_NODATA
TN_BUREVI_2020_013087,TN_BUREVI_2020,BORDER_NODATA
TN_BUREVI_2020_024222,TN_BUREVI_2020,BORDER_NODATA
TN_BUREVI_2020_041833,TN_BUREVI_2020,BORDER_NODATA
TN_BUREVI_2020_041876,TN_BUREVI_2020,BORDER_NODATA
TN_BUREVI_2020_061398,TN_BUREVI_2020,BORDER_NODATA
TN_BUREVI_2020_082384,TN_BUREVI_2020,BORDER_NODATA
TN_BUREVI_2020_094451,TN_BUREVI_2020,INSUFFICIENT_EVIDENCE
TN_BUREVI_2020_000350,TN_BUREVI_2020,BORDER_NODATA
TN_BUREVI_2020_000518,TN_BUREVI_2020,BORDER_NODATA
TN_BUREVI_2020_013086,TN_BUREVI_2020,BORDER_NODATA
TN_BUREVI_2020_024223,TN_BUREVI_2020,BORDER_NODATA
TN_BUREVI_2020_041834,TN_BUREVI_2020,BORDER_NODATA
TN_BUREVI_2020_042564,TN_BUREVI_2020,BORDER_NODATA
TN_BUREVI_2020_061853,TN_BUREVI_2020,BORDER_NODATA
TN_BUREVI_2020_082406,TN_BUREVI_2020,BORDER_NODATA
TN_BUREVI_2020_000515,TN_BUREVI_2020,BORDER_NODATA
TN_BUREVI_2020_000535,TN_BUREVI_2020,BORDER_NODATA
TN_BUREVI_2020_014802,TN_BUREVI_2020,BORDER_NODATA
TN_BUREVI_2020_025192,TN_BUREVI_2020,BORDER_NODATA
TN_BUREVI_2020_042406,TN_BUREVI_2020,BORDER_NODATA
TN_BUREVI_2020_062839,TN_BUREVI_2020,BORDER_NODATA
TN_BUREVI_2020_062851,TN_BUREVI_2020,BORDER_NODATA
TN_BUREVI_2020_082625,TN_BUREVI_2020,BORDER_NODATA
TN_BUREVI_2020_000599,TN_BUREVI_2020,BORDER_NODATA
TN_BUREVI_2020_000799,TN_BUREVI_2020,BORDER_NODATA
TN_BUREVI_2020_015165,TN_BUREVI_2020,BORDER_NODATA
TN_BUREVI_2020_030154,TN_BUREVI_2020,BORDER_NODATA
TN_BUREVI_2020_045127,TN_BUREVI_2020,BORDER_NODATA
TN_BUREVI_2020_047073,TN_BUREVI_2020,BORDER_NODATA
TN_BUREVI_2020_063983,TN_BUREVI_2020,BORDER_NODATA
TN_BUREVI_2020_082947,TN_BUREVI_2020,BORDER_NODATA
TN_BUREVI_2020_095052,TN_BUREVI_2020,INSUFFICIENT_EVIDENCE
TN_BUREVI_2020_005440,TN_BUREVI_2020,BORDER_NODATA
TN_BUREVI_2020_005451,TN_BUREVI_2020,BORDER_NODATA
TN_BUREVI_2020_016167,TN_BUREVI_2020,BORDER_NODATA
TN_BUREVI_2020_034733,TN_BUREVI_2020,BORDER_NODATA
TN_BUREVI_2020_050093,TN_BUREVI_2020,BORDER_NODATA
TN_BUREVI_2020_050728,TN_BUREVI_2020,BORDER_NODATA
TN_BUREVI_2020_067553,TN_BUREVI_2020,BORDER_NODATA
TN_BUREVI_2020_084543,TN_BUREVI_2020,BORDER_NODATA
TN_BUREVI_2020_008864,TN_BUREVI_2020,BORDER_NODATA
TN_BUREVI_2020_010476,TN_BUREVI_2020,BORDER_NODATA
TN_BUREVI_2020_016435,TN_BUREVI_2020,BORDER_NODATA
TN_BUREVI_2020_034785,TN_BUREVI_2020,BORDER_NODATA
TN_BUREVI_2020_050127,TN_BUREVI_2020,BORDER_NODATA
TN_BUREVI_2020_056103,TN_BUREVI_2020,BORDER_NODATA
TN_BUREVI_2020_067541,TN_BUREVI_2020,BORDER_NODATA
TN_BUREVI_2020_084672,TN_BUREVI_2020,BORDER_NODATA
TN_BUREVI_2020_010398,TN_BUREVI_2020,BORDER_NODATA
TN_BUREVI_2020_010424,TN_BUREVI_2020,BORDER_NODATA
TN_BUREVI_2020_019265,TN_BUREVI_2020,BORDER_NODATA
TN_BUREVI_2020_039709,TN_BUREVI_2020,BORDER_NODATA
TN_BUREVI_2020_055056,TN_BUREVI_2020,BORDER_NODATA
TN_BUREVI_2020_072497,TN_BUREVI_2020,BORDER_NODATA
TN_BUREVI_2020_072529,TN_BUREVI_2020,BORDER_NODATA
TN_BUREVI_2020_087600,TN_BUREVI_2020,BORDER_NODATA
TN_BUREVI_2020_011721,TN_BUREVI_2020,BORDER_NODATA
TN_BUREVI_2020_011706,TN_BUREVI_2020,BORDER_NODATA
TN_BUREVI_2020_022020,TN_BUREVI_2020,BORDER_NODATA
TN_BUREVI_2020_012798,TN_BUREVI_2020,BORDER_NODATA
TN_BUREVI_2020_012782,TN_BUREVI_2020,BORDER_NODATA
TN_BUREVI_2020_023122,TN_BUREVI_2020,BORDER_NODATA
TN_BUREVI_2020_041752,TN_BUREVI_2020,BORDER_NODATA
TN_BUREVI_2020_012985,TN_BUREVI_2020,BORDER_NODATA
TN_BUREVI_2020_012987,TN_BUREVI_2020,BORDER_NODATA
TN_BUREVI_2020_000002,TN_BUREVI_2020,BORDER_NODATA
TN_BUREVI_2020_000061,TN_BUREVI_2020,BORDER_NODATA
TN_BUREVI_2020_013088,TN_BUREVI_2020,BORDER_NODATA
TN_BUREVI_2020_024224,TN_BUREVI_2020,BORDER_NODATA
TN_BUREVI_2020_041836,TN_BUREVI_2020,BORDER_NODATA
TN_BUREVI_2020_041988,TN_BUREVI_2020,BORDER_NODATA
TN_BUREVI_2020_061405,TN_BUREVI_2020,BORDER_NODATA
TN_BUREVI_2020_082455,TN_BUREVI_2020,BORDER_NODATA
TN_BUREVI_2020_000359,TN_BUREVI_2020,BORDER_NODATA
TN_BUREVI_2020_000525,TN_BUREVI_2020,BORDER_NODATA
TN_BUREVI_2020_013114,TN_BUREVI_2020,BORDER_NODATA
TN_BUREVI_2020_024226,TN_BUREVI_2020,BORDER_NODATA
TN_BUREVI_2020_041837,TN_BUREVI_2020,BORDER_NODATA
TN_BUREVI_2020_042853,TN_BUREVI_2020,BORDER_NODATA
TN_BUREVI_2020_062637,TN_BUREVI_2020,BORDER_NODATA
TN_BUREVI_2020_082500,TN_BUREVI_2020,BORDER_NODATA
TN_BUREVI_2020_000516,TN_BUREVI_2020,BORDER_NODATA
TN_BUREVI_2020_000577,TN_BUREVI_2020,BORDER_NODATA
TN_BUREVI_2020_014831,TN_BUREVI_2020,BORDER_NODATA
TN_BUREVI_2020_025194,TN_BUREVI_2020,BORDER_NODATA
TN_BUREVI_2020_042408,TN_BUREVI_2020,BORDER_NODATA
TN_BUREVI_2020_062840,TN_BUREVI_2020,BORDER_NODATA
TN_BUREVI_2020_062870,TN_BUREVI_2020,BORDER_NODATA
TN_BUREVI_2020_082656,TN_BUREVI_2020,BORDER_NODATA
TN_BUREVI_2020_000600,TN_BUREVI_2020,BORDER_NODATA
TN_BUREVI_2020_002076,TN_BUREVI_2020,BORDER_NODATA
TN_BUREVI_2020_015171,TN_BUREVI_2020,BORDER_NODATA
TN_BUREVI_2020_030156,TN_BUREVI_2020,BORDER_NODATA
TN_BUREVI_2020_045128,TN_BUREVI_2020,BORDER_NODATA
TN_BUREVI_2020_052321,TN_BUREVI_2020,BORDER_NODATA
TN_BUREVI_2020_063997,TN_BUREVI_2020,BORDER_NODATA
TN_BUREVI_2020_082963,TN_BUREVI_2020,BORDER_NODATA
TN_BUREVI_2020_005441,TN_BUREVI_2020,BORDER_NODATA
TN_BUREVI_2020_005452,TN_BUREVI_2020,BORDER_NODATA
TN_BUREVI_2020_016168,TN_BUREVI_2020,BORDER_NODATA
TN_BUREVI_2020_034734,TN_BUREVI_2020,BORDER_NODATA
TN_BUREVI_2020_050095,TN_BUREVI_2020,BORDER_NODATA
TN_BUREVI_2020_067534,TN_BUREVI_2020,BORDER_NODATA
TN_BUREVI_2020_067566,TN_BUREVI_2020,BORDER_NODATA
TN_BUREVI_2020_084618,TN_BUREVI_2020,BORDER_NODATA
TN_BUREVI_2020_010055,TN_BUREVI_2020,BORDER_NODATA
TN_BUREVI_2020_010486,TN_BUREVI_2020,BORDER_NODATA
TN_BUREVI_2020_017390,TN_BUREVI_2020,BORDER_NODATA
TN_BUREVI_2020_035201,TN_BUREVI_2020,BORDER_NODATA
TN_BUREVI_2020_050167,TN_BUREVI_2020,BORDER_NODATA
TN_BUREVI_2020_067604,TN_BUREVI_2020,BORDER_NODATA
TN_BUREVI_2020_067663,TN_BUREVI_2020,BORDER_NODATA
TN_BUREVI_2020_084717,TN_BUREVI_2020,BORDER_NODATA
TN_BUREVI_2020_010405,TN_BUREVI_2020,BORDER_NODATA
TN_BUREVI_2020_010503,TN_BUREVI_2020,BORDER_NODATA
TN_BUREVI_2020_019271,TN_BUREVI_2020,BORDER_NODATA
TN_BUREVI_2020_039876,TN_BUREVI_2020,BORDER_NODATA
TN_BUREVI_2020_055071,TN_BUREVI_2020,BORDER_NODATA
TN_BUREVI_2020_072499,TN_BUREVI_2020,BORDER_NODATA
TN_BUREVI_2020_072530,TN_BUREVI_2020,BORDER_NODATA
TN_BUREVI_2020_087626,TN_BUREVI_2020,BORDER_NODATA
TN_BUREVI_2020_011724,TN_BUREVI_2020,BORDER_NODATA
TN_BUREVI_2020_011710,TN_BUREVI_2020,BORDER_NODATA
TN_BUREVI_2020_022111,TN_BUREVI_2020,BORDER_NODATA
TN_BUREVI_2020_012802,TN_BUREVI_2020,BORDER_NODATA
TN_BUREVI_2020_012784,TN_BUREVI_2020,BORDER_NODATA
TN_BUREVI_2020_023139,TN_BUREVI_2020,BORDER_NODATA
TN_BUREVI_2020_041754,TN_BUREVI_2020,BORDER_NODATA
TN_BUREVI_2020_012986,TN_BUREVI_2020,BORDER_NODATA
TN_BUREVI_2020_012988,TN_BUREVI_2020,BORDER_NODATA
TN_BUREVI_2020_000003,TN_BUREVI_2020,BORDER_NODATA
TN_BUREVI_2020_000097,TN_BUREVI_2020,BORDER_NODATA
TN_BUREVI_2020_013089,TN_BUREVI_2020,BORDER_NODATA
TN_BUREVI_2020_024230,TN_BUREVI_2020,BORDER_NODATA
TN_BUREVI_2020_041840,TN_BUREVI_2020,BORDER_NODATA
TN_BUREVI_2020_041999,TN_BUREVI_2020,BORDER_NODATA
TN_BUREVI_2020_061407,TN_BUREVI_2020,BORDER_NODATA
TN_BUREVI_2020_082473,TN_BUREVI_2020,BORDER_NODATA
TN_BUREVI_2020_000403,TN_BUREVI_2020,BORDER_NODATA
TN_BUREVI_2020_000529,TN_BUREVI_2020,BORDER_NODATA
TN_BUREVI_2020_013125,TN_BUREVI_2020,BORDER_NODATA
TN_BUREVI_2020_024227,TN_BUREVI_2020,BORDER_NODATA
TN_BUREVI_2020_041838,TN_BUREVI_2020,BORDER_NODATA
TN_BUREVI_2020_042859,TN_BUREVI_2020,BORDER_NODATA
TN_BUREVI_2020_062762,TN_BUREVI_2020,BORDER_NODATA
TN_BUREVI_2020_082521,TN_BUREVI_2020,BORDER_NODATA
TN_BUREVI_2020_000517,TN_BUREVI_2020,BORDER_NODATA
TN_BUREVI_2020_014777,TN_BUREVI_2020,BORDER_NODATA
TN_BUREVI_2020_014859,TN_BUREVI_2020,BORDER_NODATA
TN_BUREVI_2020_025195,TN_BUREVI_2020,BORDER_NODATA
TN_BUREVI_2020_042409,TN_BUREVI_2020,BORDER_NODATA
TN_BUREVI_2020_062841,TN_BUREVI_2020,BORDER_NODATA
TN_BUREVI_2020_062886,TN_BUREVI_2020,BORDER_NODATA
TN_BUREVI_2020_082703,TN_BUREVI_2020,BORDER_NODATA
TN_BUREVI_2020_000602,TN_BUREVI_2020,BORDER_NODATA
TN_BUREVI_2020_002210,TN_BUREVI_2020,BORDER_NODATA
TN_BUREVI_2020_015173,TN_BUREVI_2020,BORDER_NODATA
TN_BUREVI_2020_030157,TN_BUREVI_2020,BORDER_NODATA
TN_BUREVI_2020_045129,TN_BUREVI_2020,BORDER_NODATA
TN_BUREVI_2020_052912,TN_BUREVI_2020,BORDER_NODATA
TN_BUREVI_2020_064044,TN_BUREVI_2020,BORDER_NODATA
TN_BUREVI_2020_082966,TN_BUREVI_2020,BORDER_NODATA
TN_BUREVI_2020_005442,TN_BUREVI_2020,BORDER_NODATA
TN_BUREVI_2020_005454,TN_BUREVI_2020,BORDER_NODATA
TN_BUREVI_2020_016170,TN_BUREVI_2020,BORDER_NODATA
TN_BUREVI_2020_034735,TN_BUREVI_2020,BORDER_NODATA
TN_BUREVI_2020_050100,TN_BUREVI_2020,BORDER_NODATA
TN_BUREVI_2020_067535,TN_BUREVI_2020,BORDER_NODATA
TN_BUREVI_2020_067572,TN_BUREVI_2020,BORDER_NODATA
TN_BUREVI_2020_084621,TN_BUREVI_2020,BORDER_NODATA
TN_BUREVI_2020_010387,TN_BUREVI_2020,BORDER_NODATA
TN_BUREVI_2020_010519,TN_BUREVI_2020,BORDER_NODATA
TN_BUREVI_2020_017870,TN_BUREVI_2020,BORDER_NODATA
TN_BUREVI_2020_035234,TN_BUREVI_2020,BORDER_NODATA
TN_BUREVI_2020_050217,TN_BUREVI_2020,BORDER_NODATA
TN_BUREVI_2020_067659,TN_BUREVI_2020,BORDER_NODATA
TN_BUREVI_2020_067883,TN_BUREVI_2020,BORDER_NODATA
TN_BUREVI_2020_085093,TN_BUREVI_2020,BORDER_NODATA
TN_BUREVI_2020_010406,TN_BUREVI_2020,BORDER_NODATA
TN_BUREVI_2020_010511,TN_BUREVI_2020,BORDER_NODATA
TN_BUREVI_2020_019306,TN_BUREVI_2020,BORDER_NODATA
TN_BUREVI_2020_039899,TN_BUREVI_2020,BORDER_NODATA
TN_BUREVI_2020_055074,TN_BUREVI_2020,BORDER_NODATA
TN_BUREVI_2020_072501,TN_BUREVI_2020,BORDER_NODATA
TN_BUREVI_2020_072574,TN_BUREVI_2020,BORDER_NODATA
TN_BUREVI_2020_087687,TN_BUREVI_2020,BORDER_NODATA
TN_BUREVI_2020_011727,TN_BUREVI_2020,BORDER_NODATA
TN_BUREVI_2020_011726,TN_BUREVI_2020,BORDER_NODATA
TN_BUREVI_2020_022197,TN_BUREVI_2020,BORDER_NODATA
TN_BUREVI_2020_012807,TN_BUREVI_2020,BORDER_NODATA
TN_BUREVI_2020_012785,TN_BUREVI_2020,BORDER_NODATA
TN_BUREVI_2020_023167,TN_BUREVI_2020,BORDER_NODATA
TN_BUREVI_2020_041755,TN_BUREVI_2020,BORDER_NODATA
TN_BUREVI_2020_012990,TN_BUREVI_2020,BORDER_NODATA
TN_BUREVI_2020_012989,TN_BUREVI_2020,BORDER_NODATA
TN_BUREVI_2020_000004,TN_BUREVI_2020,BORDER_NODATA
TN_BUREVI_2020_000100,TN_BUREVI_2020,BORDER_NODATA
TN_BUREVI_2020_013090,TN_BUREVI_2020,BORDER_NODATA
TN_BUREVI_2020_024231,TN_BUREVI_2020,BORDER_NODATA
TN_BUREVI_2020_041841,TN_BUREVI_2020,BORDER_NODATA
TN_BUREVI_2020_042104,TN_BUREVI_2020,BORDER_NODATA
TN_BUREVI_2020_061409,TN_BUREVI_2020,BORDER_NODATA
TN_BUREVI_2020_094455,TN_BUREVI_2020,BORDER_NODATA
TN_BUREVI_2020_000521,TN_BUREVI_2020,BORDER_NODATA
TN_BUREVI_2020_000532,TN_BUREVI_2020,BORDER_NODATA
TN_BUREVI_2020_013144,TN_BUREVI_2020,BORDER_NODATA
TN_BUREVI_2020_024228,TN_BUREVI_2020,BORDER_NODATA
TN_BUREVI_2020_041843,TN_BUREVI_2020,BORDER_NODATA
TN_BUREVI_2020_042931,TN_BUREVI_2020,BORDER_NODATA
TN_BUREVI_2020_062849,TN_BUREVI_2020,BORDER_NODATA
TN_BUREVI_2020_082569,TN_BUREVI_2020,BORDER_NODATA
TN_BUREVI_2020_099403,TN_BUREVI_2020,INSUFFICIENT_EVIDENCE
TN_BUREVI_2020_000519,TN_BUREVI_2020,BORDER_NODATA
TN_BUREVI_2020_014780,TN_BUREVI_2020,BORDER_NODATA
TN_BUREVI_2020_014861,TN_BUREVI_2020,BORDER_NODATA
TN_BUREVI_2020_025200,TN_BUREVI_2020,BORDER_NODATA
TN_BUREVI_2020_042411,TN_BUREVI_2020,BORDER_NODATA
TN_BUREVI_2020_062842,TN_BUREVI_2020,BORDER_NODATA
TN_BUREVI_2020_062895,TN_BUREVI_2020,BORDER_NODATA
TN_BUREVI_2020_082704,TN_BUREVI_2020,BORDER_NODATA
TN_BUREVI_2020_000605,TN_BUREVI_2020,BORDER_NODATA
TN_BUREVI_2020_002282,TN_BUREVI_2020,BORDER_NODATA
TN_BUREVI_2020_015174,TN_BUREVI_2020,BORDER_NODATA
TN_BUREVI_2020_030159,TN_BUREVI_2020,BORDER_NODATA
TN_BUREVI_2020_045130,TN_BUREVI_2020,BORDER_NODATA
TN_BUREVI_2020_063977,TN_BUREVI_2020,BORDER_NODATA
TN_BUREVI_2020_064061,TN_BUREVI_2020,BORDER_NODATA
TN_BUREVI_2020_082976,TN_BUREVI_2020,BORDER_NODATA
TN_BUREVI_2020_005443,TN_BUREVI_2020,BORDER_NODATA
TN_BUREVI_2020_005459,TN_BUREVI_2020,BORDER_NODATA
TN_BUREVI_2020_016171,TN_BUREVI_2020,BORDER_NODATA
TN_BUREVI_2020_034736,TN_BUREVI_2020,BORDER_NODATA
TN_BUREVI_2020_050101,TN_BUREVI_2020,BORDER_NODATA
TN_BUREVI_2020_067536,TN_BUREVI_2020,BORDER_NODATA
TN_BUREVI_2020_067573,TN_BUREVI_2020,BORDER_NODATA
TN_BUREVI_2020_084660,TN_BUREVI_2020,BORDER_NODATA
TN_BUREVI_2020_010388,TN_BUREVI_2020,BORDER_NODATA
TN_BUREVI_2020_010521,TN_BUREVI_2020,BORDER_NODATA
TN_BUREVI_2020_019260,TN_BUREVI_2020,BORDER_NODATA
TN_BUREVI_2020_035364,TN_BUREVI_2020,BORDER_NODATA
TN_BUREVI_2020_050388,TN_BUREVI_2020,BORDER_NODATA
TN_BUREVI_2020_067724,TN_BUREVI_2020,BORDER_NODATA
TN_BUREVI_2020_067904,TN_BUREVI_2020,BORDER_NODATA
TN_BUREVI_2020_085163,TN_BUREVI_2020,BORDER_NODATA
TN_BUREVI_2020_010414,TN_BUREVI_2020,BORDER_NODATA
TN_BUREVI_2020_010703,TN_BUREVI_2020,BORDER_NODATA
TN_BUREVI_2020_019322,TN_BUREVI_2020,BORDER_NODATA
TN_BUREVI_2020_039903,TN_BUREVI_2020,BORDER_NODATA
TN_BUREVI_2020_055084,TN_BUREVI_2020,BORDER_NODATA
TN_BUREVI_2020_072507,TN_BUREVI_2020,BORDER_NODATA
TN_BUREVI_2020_072603,TN_BUREVI_2020,BORDER_NODATA
TN_BUREVI_2020_087706,TN_BUREVI_2020,BORDER_NODATA
TN_BUREVI_2020_011743,TN_BUREVI_2020,BORDER_NODATA
TN_BUREVI_2020_011733,TN_BUREVI_2020,BORDER_NODATA
TN_BUREVI_2020_022226,TN_BUREVI_2020,BORDER_NODATA
TN_BUREVI_2020_012816,TN_BUREVI_2020,BORDER_NODATA
TN_BUREVI_2020_012786,TN_BUREVI_2020,BORDER_NODATA
TN_BUREVI_2020_023205,TN_BUREVI_2020,BORDER_NODATA
TN_BUREVI_2020_041756,TN_BUREVI_2020,BORDER_NODATA
TN_BUREVI_2020_012991,TN_BUREVI_2020,BORDER_NODATA
TN_BUREVI_2020_012993,TN_BUREVI_2020,BORDER_NODATA
TN_BUREVI_2020_000005,TN_BUREVI_2020,BORDER_NODATA
TN_BUREVI_2020_000128,TN_BUREVI_2020,BORDER_NODATA
TN_BUREVI_2020_013091,TN_BUREVI_2020,BORDER_NODATA
TN_BUREVI_2020_024237,TN_BUREVI_2020,BORDER_NODATA
TN_BUREVI_2020_041844,TN_BUREVI_2020,BORDER_NODATA
TN_BUREVI_2020_042123,TN_BUREVI_2020,BORDER_NODATA
TN_BUREVI_2020_061411,TN_BUREVI_2020,BORDER_NODATA
TN_BUREVI_2020_094456,TN_BUREVI_2020,BORDER_NODATA
TN_BUREVI_2020_000528,TN_BUREVI_2020,BORDER_NODATA
TN_BUREVI_2020_000533,TN_BUREVI_2020,BORDER_NODATA
TN_BUREVI_2020_013157,TN_BUREVI_2020,BORDER_NODATA
TN_BUREVI_2020_024229,TN_BUREVI_2020,BORDER_NODATA
TN_BUREVI_2020_041845,TN_BUREVI_2020,BORDER_NODATA
TN_BUREVI_2020_042989,TN_BUREVI_2020,BORDER_NODATA
TN_BUREVI_2020_062880,TN_BUREVI_2020,BORDER_NODATA
TN_BUREVI_2020_082757,TN_BUREVI_2020,BORDER_NODATA
TN_BUREVI_2020_000520,TN_BUREVI_2020,BORDER_NODATA
TN_BUREVI_2020_014783,TN_BUREVI_2020,BORDER_NODATA
TN_BUREVI_2020_014882,TN_BUREVI_2020,BORDER_NODATA
TN_BUREVI_2020_025208,TN_BUREVI_2020,BORDER_NODATA
TN_BUREVI_2020_042412,TN_BUREVI_2020,BORDER_NODATA
TN_BUREVI_2020_062843,TN_BUREVI_2020,BORDER_NODATA
TN_BUREVI_2020_062897,TN_BUREVI_2020,BORDER_NODATA
TN_BUREVI_2020_082715,TN_BUREVI_2020,BORDER_NODATA
TN_BUREVI_2020_094537,TN_BUREVI_2020,INSUFFICIENT_EVIDENCE
TN_BUREVI_2020_000606,TN_BUREVI_2020,BORDER_NODATA
TN_BUREVI_2020_002826,TN_BUREVI_2020,BORDER_NODATA
TN_BUREVI_2020_015176,TN_BUREVI_2020,BORDER_NODATA
TN_BUREVI_2020_030161,TN_BUREVI_2020,BORDER_NODATA
TN_BUREVI_2020_045135,TN_BUREVI_2020,BORDER_NODATA
TN_BUREVI_2020_063980,TN_BUREVI_2020,BORDER_NODATA
TN_BUREVI_2020_064072,TN_BUREVI_2020,BORDER_NODATA
TN_BUREVI_2020_083004,TN_BUREVI_2020,BORDER_NODATA
TN_BUREVI_2020_005444,TN_BUREVI_2020,BORDER_NODATA
TN_BUREVI_2020_005462,TN_BUREVI_2020,BORDER_NODATA
TN_BUREVI_2020_016174,TN_BUREVI_2020,BORDER_NODATA
TN_BUREVI_2020_034737,TN_BUREVI_2020,BORDER_NODATA
TN_BUREVI_2020_050102,TN_BUREVI_2020,BORDER_NODATA
TN_BUREVI_2020_067537,TN_BUREVI_2020,BORDER_NODATA
TN_BUREVI_2020_067580,TN_BUREVI_2020,BORDER_NODATA
TN_BUREVI_2020_084768,TN_BUREVI_2020,BORDER_NODATA
TN_BUREVI_2020_010389,TN_BUREVI_2020,BORDER_NODATA
TN_BUREVI_2020_010564,TN_BUREVI_2020,BORDER_NODATA
TN_BUREVI_2020_019263,TN_BUREVI_2020,BORDER_NODATA
TN_BUREVI_2020_035473,TN_BUREVI_2020,BORDER_NODATA
TN_BUREVI_2020_050544,TN_BUREVI_2020,BORDER_NODATA
TN_BUREVI_2020_067771,TN_BUREVI_2020,BORDER_NODATA
TN_BUREVI_2020_067932,TN_BUREVI_2020,BORDER_NODATA
TN_BUREVI_2020_085331,TN_BUREVI_2020,BORDER_NODATA
TN_BUREVI_2020_010416,TN_BUREVI_2020,BORDER_NODATA
TN_BUREVI_2020_010711,TN_BUREVI_2020,BORDER_NODATA
TN_BUREVI_2020_019335,TN_BUREVI_2020,BORDER_NODATA
TN_BUREVI_2020_039931,TN_BUREVI_2020,BORDER_NODATA
TN_BUREVI_2020_055102,TN_BUREVI_2020,BORDER_NODATA
TN_BUREVI_2020_072509,TN_BUREVI_2020,BORDER_NODATA
TN_BUREVI_2020_072644,TN_BUREVI_2020,BORDER_NODATA
TN_BUREVI_2020_087734,TN_BUREVI_2020,BORDER_NODATA
TN_BUREVI_2020_011750,TN_BUREVI_2020,BORDER_NODATA
TN_BUREVI_2020_011745,TN_BUREVI_2020,BORDER_NODATA
TN_BUREVI_2020_022255,TN_BUREVI_2020,BORDER_NODATA
TN_BUREVI_2020_012819,TN_BUREVI_2020,BORDER_NODATA
TN_BUREVI_2020_012791,TN_BUREVI_2020,BORDER_NODATA
TN_BUREVI_2020_023276,TN_BUREVI_2020,BORDER_NODATA
TN_BUREVI_2020_041757,TN_BUREVI_2020,BORDER_NODATA
TN_BUREVI_2020_012994,TN_BUREVI_2020,BORDER_NODATA
TN_BUREVI_2020_012997,TN_BUREVI_2020,BORDER_NODATA
TN_BUREVI_2020_000006,TN_BUREVI_2020,BORDER_NODATA
TN_BUREVI_2020_000130,TN_BUREVI_2020,BORDER_NODATA
TN_BUREVI_2020_013092,TN_BUREVI_2020,BORDER_NODATA
TN_BUREVI_2020_024239,TN_BUREVI_2020,BORDER_NODATA
TN_BUREVI_2020_041847,TN_BUREVI_2020,BORDER_NODATA
TN_BUREVI_2020_042285,TN_BUREVI_2020,BORDER_NODATA
TN_BUREVI_2020_061417,TN_BUREVI_2020,BORDER_NODATA
TN_BUREVI_2020_094457,TN_BUREVI_2020,BORDER_NODATA
TN_BUREVI_2020_094459,TN_BUREVI_2020,BORDER_NODATA
TN_BUREVI_2020_000534,TN_BUREVI_2020,BORDER_NODATA
TN_BUREVI_2020_000538,TN_BUREVI_2020,BORDER_NODATA
TN_BUREVI_2020_013177,TN_BUREVI_2020,BORDER_NODATA
TN_BUREVI_2020_024232,TN_BUREVI_2020,BORDER_NODATA
TN_BUREVI_2020_041848,TN_BUREVI_2020,BORDER_NODATA
TN_BUREVI_2020_043350,TN_BUREVI_2020,BORDER_NODATA
TN_BUREVI_2020_062891,TN_BUREVI_2020,BORDER_NODATA
TN_BUREVI_2020_082777,TN_BUREVI_2020,BORDER_NODATA
TN_BUREVI_2020_000522,TN_BUREVI_2020,BORDER_NODATA
TN_BUREVI_2020_014784,TN_BUREVI_2020,BORDER_NODATA
TN_BUREVI_2020_014897,TN_BUREVI_2020,BORDER_NODATA
TN_BUREVI_2020_025209,TN_BUREVI_2020,BORDER_NODATA
TN_BUREVI_2020_042413,TN_BUREVI_2020,BORDER_NODATA
TN_BUREVI_2020_062844,TN_BUREVI_2020,BORDER_NODATA
TN_BUREVI_2020_062906,TN_BUREVI_2020,BORDER_NODATA
TN_BUREVI_2020_082721,TN_BUREVI_2020,BORDER_NODATA
TN_BUREVI_2020_000608,TN_BUREVI_2020,BORDER_NODATA
TN_BUREVI_2020_003016,TN_BUREVI_2020,BORDER_NODATA
TN_BUREVI_2020_015180,TN_BUREVI_2020,BORDER_NODATA
TN_BUREVI_2020_030162,TN_BUREVI_2020,BORDER_NODATA
TN_BUREVI_2020_045136,TN_BUREVI_2020,BORDER_NODATA
TN_BUREVI_2020_063981,TN_BUREVI_2020,BORDER_NODATA
TN_BUREVI_2020_064104,TN_BUREVI_2020,BORDER_NODATA
TN_BUREVI_2020_083014,TN_BUREVI_2020,BORDER_NODATA
TN_BUREVI_2020_005445,TN_BUREVI_2020,BORDER_NODATA
TN_BUREVI_2020_005465,TN_BUREVI_2020,BORDER_NODATA
TN_BUREVI_2020_016175,TN_BUREVI_2020,BORDER_NODATA
TN_BUREVI_2020_034738,TN_BUREVI_2020,BORDER_NODATA
TN_BUREVI_2020_050104,TN_BUREVI_2020,BORDER_NODATA
TN_BUREVI_2020_067538,TN_BUREVI_2020,BORDER_NODATA
TN_BUREVI_2020_067583,TN_BUREVI_2020,BORDER_NODATA
TN_BUREVI_2020_084846,TN_BUREVI_2020,BORDER_NODATA
TN_BUREVI_2020_010390,TN_BUREVI_2020,BORDER_NODATA
TN_BUREVI_2020_010638,TN_BUREVI_2020,BORDER_NODATA
TN_BUREVI_2020_019266,TN_BUREVI_2020,BORDER_NODATA
TN_BUREVI_2020_035582,TN_BUREVI_2020,BORDER_NODATA
TN_BUREVI_2020_050580,TN_BUREVI_2020,BORDER_NODATA
TN_BUREVI_2020_067870,TN_BUREVI_2020,BORDER_NODATA
TN_BUREVI_2020_068136,TN_BUREVI_2020,BORDER_NODATA
TN_BUREVI_2020_085743,TN_BUREVI_2020,BORDER_NODATA
TN_BUREVI_2020_010435,TN_BUREVI_2020,BORDER_NODATA
TN_BUREVI_2020_010737,TN_BUREVI_2020,BORDER_NODATA
TN_BUREVI_2020_019401,TN_BUREVI_2020,BORDER_NODATA
TN_BUREVI_2020_039975,TN_BUREVI_2020,BORDER_NODATA
TN_BUREVI_2020_055108,TN_BUREVI_2020,BORDER_NODATA
TN_BUREVI_2020_072510,TN_BUREVI_2020,BORDER_NODATA
TN_BUREVI_2020_072666,TN_BUREVI_2020,BORDER_NODATA
TN_BUREVI_2020_087767,TN_BUREVI_2020,BORDER_NODATA
TN_BUREVI_2020_011772,TN_BUREVI_2020,BORDER_NODATA
TN_BUREVI_2020_011751,TN_BUREVI_2020,BORDER_NODATA
TN_BUREVI_2020_022291,TN_BUREVI_2020,BORDER_NODATA
TN_BUREVI_2020_012837,TN_BUREVI_2020,BORDER_NODATA
TN_BUREVI_2020_012793,TN_BUREVI_2020,BORDER_NODATA
TN_BUREVI_2020_023344,TN_BUREVI_2020,BORDER_NODATA
TN_BUREVI_2020_041758,TN_BUREVI_2020,BORDER_NODATA
TN_BUREVI_2020_012995,TN_BUREVI_2020,BORDER_NODATA
TN_BUREVI_2020_013004,TN_BUREVI_2020,BORDER_NODATA
TN_BUREVI_2020_000007,TN_BUREVI_2020,BORDER_NODATA
TN_BUREVI_2020_000150,TN_BUREVI_2020,BORDER_NODATA
TN_BUREVI_2020_013093,TN_BUREVI_2020,BORDER_NODATA
TN_BUREVI_2020_024245,TN_BUREVI_2020,BORDER_NODATA
TN_BUREVI_2020_041849,TN_BUREVI_2020,BORDER_NODATA
TN_BUREVI_2020_042321,TN_BUREVI_2020,BORDER_NODATA
TN_BUREVI_2020_061427,TN_BUREVI_2020,BORDER_NODATA
TN_BUREVI_2020_094469,TN_BUREVI_2020,BORDER_NODATA
TN_BUREVI_2020_094463,TN_BUREVI_2020,BORDER_NODATA
TN_BUREVI_2020_000545,TN_BUREVI_2020,BORDER_NODATA
TN_BUREVI_2020_000540,TN_BUREVI_2020,BORDER_NODATA
TN_BUREVI_2020_013182,TN_BUREVI_2020,BORDER_NODATA
TN_BUREVI_2020_024233,TN_BUREVI_2020,BORDER_NODATA
TN_BUREVI_2020_041850,TN_BUREVI_2020,BORDER_NODATA
TN_BUREVI_2020_043358,TN_BUREVI_2020,BORDER_NODATA
TN_BUREVI_2020_062974,TN_BUREVI_2020,BORDER_NODATA
TN_BUREVI_2020_082861,TN_BUREVI_2020,BORDER_NODATA
TN_BUREVI_2020_000523,TN_BUREVI_2020,BORDER_NODATA
TN_BUREVI_2020_014785,TN_BUREVI_2020,BORDER_NODATA
TN_BUREVI_2020_014906,TN_BUREVI_2020,BORDER_NODATA
TN_BUREVI_2020_025210,TN_BUREVI_2020,BORDER_NODATA
TN_BUREVI_2020_042415,TN_BUREVI_2020,BORDER_NODATA
TN_BUREVI_2020_062845,TN_BUREVI_2020,BORDER_NODATA
TN_BUREVI_2020_062952,TN_BUREVI_2020,BORDER_NODATA
TN_BUREVI_2020_082729,TN_BUREVI_2020,BORDER_NODATA
TN_BUREVI_2020_000609,TN_BUREVI_2020,BORDER_NODATA
TN_BUREVI_2020_003694,TN_BUREVI_2020,BORDER_NODATA
TN_BUREVI_2020_015181,TN_BUREVI_2020,BORDER_NODATA
TN_BUREVI_2020_030163,TN_BUREVI_2020,BORDER_NODATA
TN_BUREVI_2020_045137,TN_BUREVI_2020,BORDER_NODATA
TN_BUREVI_2020_063987,TN_BUREVI_2020,BORDER_NODATA
TN_BUREVI_2020_064367,TN_BUREVI_2020,BORDER_NODATA
TN_BUREVI_2020_083020,TN_BUREVI_2020,BORDER_NODATA
TN_BUREVI_2020_005446,TN_BUREVI_2020,BORDER_NODATA
TN_BUREVI_2020_005468,TN_BUREVI_2020,BORDER_NODATA
TN_BUREVI_2020_016176,TN_BUREVI_2020,BORDER_NODATA
TN_BUREVI_2020_034739,TN_BUREVI_2020,BORDER_NODATA
TN_BUREVI_2020_050105,TN_BUREVI_2020,BORDER_NODATA
TN_BUREVI_2020_067539,TN_BUREVI_2020,BORDER_NODATA
TN_BUREVI_2020_067584,TN_BUREVI_2020,BORDER_NODATA
TN_BUREVI_2020_085018,TN_BUREVI_2020,BORDER_NODATA
TN_BUREVI_2020_096384,TN_BUREVI_2020,INSUFFICIENT_EVIDENCE
TN_BUREVI_2020_010391,TN_BUREVI_2020,BORDER_NODATA
TN_BUREVI_2020_010670,TN_BUREVI_2020,BORDER_NODATA
TN_BUREVI_2020_019269,TN_BUREVI_2020,BORDER_NODATA
TN_BUREVI_2020_035759,TN_BUREVI_2020,BORDER_NODATA
TN_BUREVI_2020_050733,TN_BUREVI_2020,BORDER_NODATA
TN_BUREVI_2020_067914,TN_BUREVI_2020,BORDER_NODATA
TN_BUREVI_2020_068425,TN_BUREVI_2020,BORDER_NODATA
TN_BUREVI_2020_085964,TN_BUREVI_2020,BORDER_NODATA
TN_BUREVI_2020_010442,TN_BUREVI_2020,BORDER_NODATA
TN_BUREVI_2020_010743,TN_BUREVI_2020,BORDER_NODATA
TN_BUREVI_2020_019403,TN_BUREVI_2020,BORDER_NODATA
TN_BUREVI_2020_039997,TN_BUREVI_2020,BORDER_NODATA
TN_BUREVI_2020_055110,TN_BUREVI_2020,BORDER_NODATA
TN_BUREVI_2020_072514,TN_BUREVI_2020,BORDER_NODATA
TN_BUREVI_2020_072680,TN_BUREVI_2020,BORDER_NODATA
TN_BUREVI_2020_087772,TN_BUREVI_2020,BORDER_NODATA
TN_BUREVI_2020_011789,TN_BUREVI_2020,BORDER_NODATA
TN_BUREVI_2020_011754,TN_BUREVI_2020,BORDER_NODATA
TN_BUREVI_2020_022312,TN_BUREVI_2020,BORDER_NODATA
TN_BUREVI_2020_012840,TN_BUREVI_2020,BORDER_NODATA
TN_BUREVI_2020_012794,TN_BUREVI_2020,BORDER_NODATA
TN_BUREVI_2020_023363,TN_BUREVI_2020,BORDER_NODATA
TN_BUREVI_2020_041759,TN_BUREVI_2020,BORDER_NODATA
TN_BUREVI_2020_012996,TN_BUREVI_2020,BORDER_NODATA
TN_BUREVI_2020_013006,TN_BUREVI_2020,BORDER_NODATA
TN_BUREVI_2020_000008,TN_BUREVI_2020,BORDER_NODATA
TN_BUREVI_2020_000155,TN_BUREVI_2020,BORDER_NODATA
TN_BUREVI_2020_013094,TN_BUREVI_2020,BORDER_NODATA
TN_BUREVI_2020_024246,TN_BUREVI_2020,BORDER_NODATA
TN_BUREVI_2020_041855,TN_BUREVI_2020,BORDER_NODATA
TN_BUREVI_2020_042323,TN_BUREVI_2020,BORDER_NODATA
TN_BUREVI_2020_061428,TN_BUREVI_2020,BORDER_NODATA
TN_BUREVI_2020_094472,TN_BUREVI_2020,BORDER_NODATA
TN_BUREVI_2020_094465,TN_BUREVI_2020,BORDER_NODATA
TN_BUREVI_2020_000553,TN_BUREVI_2020,BORDER_NODATA
TN_BUREVI_2020_000542,TN_BUREVI_2020,BORDER_NODATA
TN_BUREVI_2020_013183,TN_BUREVI_2020,BORDER_NODATA
TN_BUREVI_2020_024234,TN_BUREVI_2020,BORDER_NODATA
TN_BUREVI_2020_041852,TN_BUREVI_2020,BORDER_NODATA
TN_BUREVI_2020_043428,TN_BUREVI_2020,BORDER_NODATA
TN_BUREVI_2020_063004,TN_BUREVI_2020,BORDER_NODATA
TN_BUREVI_2020_082916,TN_BUREVI_2020,BORDER_NODATA
TN_BUREVI_2020_000524,TN_BUREVI_2020,BORDER_NODATA
TN_BUREVI_2020_014787,TN_BUREVI_2020,BORDER_NODATA
TN_BUREVI_2020_014917,TN_BUREVI_2020,BORDER_NODATA
TN_BUREVI_2020_025212,TN_BUREVI_2020,BORDER_NODATA
TN_BUREVI_2020_042417,TN_BUREVI_2020,BORDER_NODATA
TN_BUREVI_2020_062848,TN_BUREVI_2020,BORDER_NODATA
TN_BUREVI_2020_062958,TN_BUREVI_2020,BORDER_NODATA
TN_BUREVI_2020_082732,TN_BUREVI_2020,BORDER_NODATA
TN_BUREVI_2020_000610,TN_BUREVI_2020,BORDER_NODATA
TN_BUREVI_2020_004786,TN_BUREVI_2020,BORDER_NODATA
TN_BUREVI_2020_015184,TN_BUREVI_2020,BORDER_NODATA
TN_BUREVI_2020_030164,TN_BUREVI_2020,BORDER_NODATA
TN_BUREVI_2020_045138,TN_BUREVI_2020,BORDER_NODATA
TN_BUREVI_2020_063989,TN_BUREVI_2020,BORDER_NODATA
TN_BUREVI_2020_064419,TN_BUREVI_2020,BORDER_NODATA
TN_BUREVI_2020_083023,TN_BUREVI_2020,BORDER_NODATA
TN_BUREVI_2020_005447,TN_BUREVI_2020,BORDER_NODATA
TN_BUREVI_2020_005473,TN_BUREVI_2020,BORDER_NODATA
TN_BUREVI_2020_016177,TN_BUREVI_2020,BORDER_NODATA
TN_BUREVI_2020_034741,TN_BUREVI_2020,BORDER_NODATA
TN_BUREVI_2020_050106,TN_BUREVI_2020,BORDER_NODATA
TN_BUREVI_2020_067540,TN_BUREVI_2020,BORDER_NODATA
TN_BUREVI_2020_067596,TN_BUREVI_2020,BORDER_NODATA
TN_BUREVI_2020_085047,TN_BUREVI_2020,BORDER_NODATA
TN_BUREVI_2020_010392,TN_BUREVI_2020,BORDER_NODATA
TN_BUREVI_2020_010686,TN_BUREVI_2020,BORDER_NODATA
TN_BUREVI_2020_019273,TN_BUREVI_2020,BORDER_NODATA
TN_BUREVI_2020_035810,TN_BUREVI_2020,BORDER_NODATA
TN_BUREVI_2020_050833,TN_BUREVI_2020,BORDER_NODATA
TN_BUREVI_2020_067935,TN_BUREVI_2020,BORDER_NODATA
TN_BUREVI_2020_068596,TN_BUREVI_2020,BORDER_NODATA
TN_BUREVI_2020_087323,TN_BUREVI_2020,BORDER_NODATA
TN_BUREVI_2020_010446,TN_BUREVI_2020,BORDER_NODATA
TN_BUREVI_2020_010818,TN_BUREVI_2020,BORDER_NODATA
TN_BUREVI_2020_019406,TN_BUREVI_2020,BORDER_NODATA
TN_BUREVI_2020_040116,TN_BUREVI_2020,BORDER_NODATA
TN_BUREVI_2020_055122,TN_BUREVI_2020,BORDER_NODATA
TN_BUREVI_2020_072516,TN_BUREVI_2020,BORDER_NODATA
TN_BUREVI_2020_072700,TN_BUREVI_2020,BORDER_NODATA
TN_BUREVI_2020_087799,TN_BUREVI_2020,BORDER_NODATA
TN_BUREVI_2020_011797,TN_BUREVI_2020,BORDER_NODATA
TN_BUREVI_2020_011770,TN_BUREVI_2020,BORDER_NODATA
TN_BUREVI_2020_022332,TN_BUREVI_2020,BORDER_NODATA
TN_BUREVI_2020_012848,TN_BUREVI_2020,BORDER_NODATA
TN_BUREVI_2020_012795,TN_BUREVI_2020,BORDER_NODATA
TN_BUREVI_2020_023365,TN_BUREVI_2020,BORDER_NODATA
TN_BUREVI_2020_041760,TN_BUREVI_2020,BORDER_NODATA
TN_BUREVI_2020_012998,TN_BUREVI_2020,BORDER_NODATA
TN_BUREVI_2020_013007,TN_BUREVI_2020,BORDER_NODATA
TN_BUREVI_2020_000009,TN_BUREVI_2020,BORDER_NODATA
TN_BUREVI_2020_000164,TN_BUREVI_2020,BORDER_NODATA
TN_BUREVI_2020_013095,TN_BUREVI_2020,BORDER_NODATA
TN_BUREVI_2020_024254,TN_BUREVI_2020,BORDER_NODATA
TN_BUREVI_2020_041857,TN_BUREVI_2020,BORDER_NODATA
TN_BUREVI_2020_061395,TN_BUREVI_2020,BORDER_NODATA
TN_BUREVI_2020_061433,TN_BUREVI_2020,BORDER_NODATA
TN_BUREVI_2020_094475,TN_BUREVI_2020,BORDER_NODATA
TN_BUREVI_2020_000570,TN_BUREVI_2020,BORDER_NODATA
TN_BUREVI_2020_000543,TN_BUREVI_2020,BORDER_NODATA
TN_BUREVI_2020_013185,TN_BUREVI_2020,BORDER_NODATA
TN_BUREVI_2020_024235,TN_BUREVI_2020,BORDER_NODATA
TN_BUREVI_2020_041853,TN_BUREVI_2020,BORDER_NODATA
TN_BUREVI_2020_043915,TN_BUREVI_2020,BORDER_NODATA
TN_BUREVI_2020_063031,TN_BUREVI_2020,BORDER_NODATA
TN_BUREVI_2020_094748,TN_BUREVI_2020,BORDER_NODATA
TN_BUREVI_2020_094489,TN_BUREVI_2020,BORDER_NODATA
TN_BUREVI_2020_000526,TN_BUREVI_2020,BORDER_NODATA
TN_BUREVI_2020_014788,TN_BUREVI_2020,BORDER_NODATA
TN_BUREVI_2020_014921,TN_BUREVI_2020,BORDER_NODATA
TN_BUREVI_2020_025215,TN_BUREVI_2020,BORDER_NODATA
TN_BUREVI_2020_042419,TN_BUREVI_2020,BORDER_NODATA
TN_BUREVI_2020_062850,TN_BUREVI_2020,BORDER_NODATA
TN_BUREVI_2020_062963,TN_BUREVI_2020,BORDER_NODATA
TN_BUREVI_2020_082744,TN_BUREVI_2020,BORDER_NODATA
TN_BUREVI_2020_000611,TN_BUREVI_2020,BORDER_NODATA
TN_BUREVI_2020_005448,TN_BUREVI_2020,BORDER_NODATA
TN_BUREVI_2020_015186,TN_BUREVI_2020,BORDER_NODATA
TN_BUREVI_2020_030165,TN_BUREVI_2020,BORDER_NODATA
TN_BUREVI_2020_045139,TN_BUREVI_2020,BORDER_NODATA
TN_BUREVI_2020_063990,TN_BUREVI_2020,BORDER_NODATA
TN_BUREVI_2020_064456,TN_BUREVI_2020,BORDER_NODATA
TN_BUREVI_2020_083025,TN_BUREVI_2020,BORDER_NODATA
TN_BUREVI_2020_005449,TN_BUREVI_2020,BORDER_NODATA
TN_BUREVI_2020_005481,TN_BUREVI_2020,BORDER_NODATA
TN_BUREVI_2020_016179,TN_BUREVI_2020,BORDER_NODATA
TN_BUREVI_2020_034742,TN_BUREVI_2020,BORDER_NODATA
TN_BUREVI_2020_050107,TN_BUREVI_2020,BORDER_NODATA
TN_BUREVI_2020_067542,TN_BUREVI_2020,BORDER_NODATA
TN_BUREVI_2020_067610,TN_BUREVI_2020,BORDER_NODATA
TN_BUREVI_2020_085062,TN_BUREVI_2020,BORDER_NODATA
TN_BUREVI_2020_010393,TN_BUREVI_2020,BORDER_NODATA
TN_BUREVI_2020_010761,TN_BUREVI_2020,BORDER_NODATA
TN_BUREVI_2020_019277,TN_BUREVI_2020,BORDER_NODATA
TN_BUREVI_2020_036471,TN_BUREVI_2020,BORDER_NODATA
TN_BUREVI_2020_051145,TN_BUREVI_2020,BORDER_NODATA
TN_BUREVI_2020_067959,TN_BUREVI_2020,BORDER_NODATA
TN_BUREVI_2020_068652,TN_BUREVI_2020,BORDER_NODATA
TN_BUREVI_2020_087599,TN_BUREVI_2020,BORDER_NODATA
TN_BUREVI_2020_010450,TN_BUREVI_2020,BORDER_NODATA
TN_BUREVI_2020_010998,TN_BUREVI_2020,BORDER_NODATA
TN_BUREVI_2020_019421,TN_BUREVI_2020,BORDER_NODATA
TN_BUREVI_2020_040133,TN_BUREVI_2020,BORDER_NODATA
TN_BUREVI_2020_055124,TN_BUREVI_2020,BORDER_NODATA
TN_BUREVI_2020_072532,TN_BUREVI_2020,BORDER_NODATA
TN_BUREVI_2020_072718,TN_BUREVI_2020,BORDER_NODATA
TN_BUREVI_2020_087801,TN_BUREVI_2020,BORDER_NODATA
TN_BUREVI_2020_011811,TN_BUREVI_2020,BORDER_NODATA
TN_BUREVI_2020_011778,TN_BUREVI_2020,BORDER_NODATA
TN_BUREVI_2020_022335,TN_BUREVI_2020,BORDER_NODATA
TN_BUREVI_2020_012857,TN_BUREVI_2020,BORDER_NODATA
TN_BUREVI_2020_012799,TN_BUREVI_2020,BORDER_NODATA
TN_BUREVI_2020_023388,TN_BUREVI_2020,BORDER_NODATA
TN_BUREVI_2020_041762,TN_BUREVI_2020,BORDER_NODATA
TN_BUREVI_2020_012999,TN_BUREVI_2020,BORDER_NODATA
TN_BUREVI_2020_013009,TN_BUREVI_2020,BORDER_NODATA
TN_BUREVI_2020_000010,TN_BUREVI_2020,BORDER_NODATA
TN_BUREVI_2020_000181,TN_BUREVI_2020,BORDER_NODATA
TN_BUREVI_2020_013098,TN_BUREVI_2020,BORDER_NODATA
TN_BUREVI_2020_024255,TN_BUREVI_2020,BORDER_NODATA
TN_BUREVI_2020_041859,TN_BUREVI_2020,BORDER_NODATA
TN_BUREVI_2020_061396,TN_BUREVI_2020,BORDER_NODATA
TN_BUREVI_2020_061434,TN_BUREVI_2020,BORDER_NODATA
TN_BUREVI_2020_094477,TN_BUREVI_2020,BORDER_NODATA
TN_BUREVI_2020_094470,TN_BUREVI_2020,BORDER_NODATA
TN_BUREVI_2020_000583,TN_BUREVI_2020,BORDER_NODATA
TN_BUREVI_2020_000547,TN_BUREVI_2020,BORDER_NODATA
TN_BUREVI_2020_013196,TN_BUREVI_2020,BORDER_NODATA
TN_BUREVI_2020_024242,TN_BUREVI_2020,BORDER_NODATA
TN_BUREVI_2020_041854,TN_BUREVI_2020,BORDER_NODATA
TN_BUREVI_2020_044052,TN_BUREVI_2020,BORDER_NODATA
TN_BUREVI_2020_063081,TN_BUREVI_2020,BORDER_NODATA
TN_BUREVI_2020_094804,TN_BUREVI_2020,BORDER_NODATA
TN_BUREVI_2020_099501,TN_BUREVI_2020,INSUFFICIENT_EVIDENCE
TN_BUREVI_2020_000527,TN_BUREVI_2020,BORDER_NODATA
TN_BUREVI_2020_014789,TN_BUREVI_2020,BORDER_NODATA
TN_BUREVI_2020_014930,TN_BUREVI_2020,BORDER_NODATA
TN_BUREVI_2020_025226,TN_BUREVI_2020,BORDER_NODATA
TN_BUREVI_2020_042420,TN_BUREVI_2020,BORDER_NODATA
TN_BUREVI_2020_062853,TN_BUREVI_2020,BORDER_NODATA
TN_BUREVI_2020_062964,TN_BUREVI_2020,BORDER_NODATA
TN_BUREVI_2020_082755,TN_BUREVI_2020,BORDER_NODATA
TN_BUREVI_2020_000612,TN_BUREVI_2020,BORDER_NODATA
TN_BUREVI_2020_005516,TN_BUREVI_2020,BORDER_NODATA
TN_BUREVI_2020_015188,TN_BUREVI_2020,BORDER_NODATA
TN_BUREVI_2020_030166,TN_BUREVI_2020,BORDER_NODATA
TN_BUREVI_2020_045141,TN_BUREVI_2020,BORDER_NODATA
TN_BUREVI_2020_063993,TN_BUREVI_2020,BORDER_NODATA
TN_BUREVI_2020_064506,TN_BUREVI_2020,BORDER_NODATA
TN_BUREVI_2020_083026,TN_BUREVI_2020,BORDER_NODATA
TN_BUREVI_2020_005455,TN_BUREVI_2020,BORDER_NODATA
TN_BUREVI_2020_005487,TN_BUREVI_2020,BORDER_NODATA
TN_BUREVI_2020_016180,TN_BUREVI_2020,BORDER_NODATA
TN_BUREVI_2020_034743,TN_BUREVI_2020,BORDER_NODATA
TN_BUREVI_2020_050108,TN_BUREVI_2020,BORDER_NODATA
TN_BUREVI_2020_067544,TN_BUREVI_2020,BORDER_NODATA
TN_BUREVI_2020_067611,TN_BUREVI_2020,BORDER_NODATA
TN_BUREVI_2020_085064,TN_BUREVI_2020,BORDER_NODATA
TN_BUREVI_2020_010394,TN_BUREVI_2020,BORDER_NODATA
TN_BUREVI_2020_010777,TN_BUREVI_2020,BORDER_NODATA
TN_BUREVI_2020_019278,TN_BUREVI_2020,BORDER_NODATA
TN_BUREVI_2020_036619,TN_BUREVI_2020,BORDER_NODATA
TN_BUREVI_2020_051175,TN_BUREVI_2020,BORDER_NODATA
TN_BUREVI_2020_068024,TN_BUREVI_2020,BORDER_NODATA
TN_BUREVI_2020_068887,TN_BUREVI_2020,BORDER_NODATA
TN_BUREVI_2020_087607,TN_BUREVI_2020,BORDER_NODATA
TN_BUREVI_2020_010452,TN_BUREVI_2020,BORDER_NODATA
TN_BUREVI_2020_011536,TN_BUREVI_2020,BORDER_NODATA
TN_BUREVI_2020_019442,TN_BUREVI_2020,BORDER_NODATA
TN_BUREVI_2020_040160,TN_BUREVI_2020,BORDER_NODATA
TN_BUREVI_2020_055131,TN_BUREVI_2020,BORDER_NODATA
TN_BUREVI_2020_072535,TN_BUREVI_2020,BORDER_NODATA
TN_BUREVI_2020_072721,TN_BUREVI_2020,BORDER_NODATA
TN_BUREVI_2020_087832,TN_BUREVI_2020,BORDER_NODATA
TN_BUREVI_2020_011815,TN_BUREVI_2020,BORDER_NODATA
TN_BUREVI_2020_011784,TN_BUREVI_2020,BORDER_NODATA
TN_BUREVI_2020_022340,TN_BUREVI_2020,BORDER_NODATA
TN_BUREVI_2020_012865,TN_BUREVI_2020,BORDER_NODATA
TN_BUREVI_2020_012800,TN_BUREVI_2020,BORDER_NODATA
TN_BUREVI_2020_023514,TN_BUREVI_2020,BORDER_NODATA
TN_BUREVI_2020_041765,TN_BUREVI_2020,BORDER_NODATA
TN_BUREVI_2020_013001,TN_BUREVI_2020,BORDER_NODATA
TN_BUREVI_2020_013022,TN_BUREVI_2020,BORDER_NODATA
TN_BUREVI_2020_000011,TN_BUREVI_2020,BORDER_NODATA
TN_BUREVI_2020_000182,TN_BUREVI_2020,BORDER_NODATA
TN_BUREVI_2020_013099,TN_BUREVI_2020,BORDER_NODATA
TN_BUREVI_2020_024264,TN_BUREVI_2020,BORDER_NODATA
TN_BUREVI_2020_041868,TN_BUREVI_2020,BORDER_NODATA
TN_BUREVI_2020_061401,TN_BUREVI_2020,BORDER_NODATA
TN_BUREVI_2020_061437,TN_BUREVI_2020,BORDER_NODATA
TN_BUREVI_2020_094478,TN_BUREVI_2020,BORDER_NODATA
TN_BUREVI_2020_000584,TN_BUREVI_2020,BORDER_NODATA
TN_BUREVI_2020_000549,TN_BUREVI_2020,BORDER_NODATA
TN_BUREVI_2020_013233,TN_BUREVI_2020,BORDER_NODATA
TN_BUREVI_2020_024252,TN_BUREVI_2020,BORDER_NODATA
TN_BUREVI_2020_041856,TN_BUREVI_2020,BORDER_NODATA
TN_BUREVI_2020_044120,TN_BUREVI_2020,BORDER_NODATA
TN_BUREVI_2020_063103,TN_BUREVI_2020,BORDER_NODATA
TN_BUREVI_2020_000530,TN_BUREVI_2020,BORDER_NODATA
TN_BUREVI_2020_014790,TN_BUREVI_2020,BORDER_NODATA
TN_BUREVI_2020_014942,TN_BUREVI_2020,BORDER_NODATA
TN_BUREVI_2020_025232,TN_BUREVI_2020,BORDER_NODATA
TN_BUREVI_2020_042421,TN_BUREVI_2020,BORDER_NODATA
TN_BUREVI_2020_062854,TN_BUREVI_2020,BORDER_NODATA
TN_BUREVI_2020_062965,TN_BUREVI_2020,BORDER_NODATA
TN_BUREVI_2020_082787,TN_BUREVI_2020,BORDER_NODATA
TN_BUREVI_2020_000613,TN_BUREVI_2020,BORDER_NODATA
TN_BUREVI_2020_005637,TN_BUREVI_2020,BORDER_NODATA
TN_BUREVI_2020_015189,TN_BUREVI_2020,BORDER_NODATA
TN_BUREVI_2020_030167,TN_BUREVI_2020,BORDER_NODATA
TN_BUREVI_2020_045142,TN_BUREVI_2020,BORDER_NODATA
TN_BUREVI_2020_063994,TN_BUREVI_2020,BORDER_NODATA
TN_BUREVI_2020_064521,TN_BUREVI_2020,BORDER_NODATA
TN_BUREVI_2020_083034,TN_BUREVI_2020,BORDER_NODATA
TN_BUREVI_2020_095082,TN_BUREVI_2020,INSUFFICIENT_EVIDENCE
TN_BUREVI_2020_005457,TN_BUREVI_2020,BORDER_NODATA
TN_BUREVI_2020_005507,TN_BUREVI_2020,BORDER_NODATA
TN_BUREVI_2020_016181,TN_BUREVI_2020,BORDER_NODATA
TN_BUREVI_2020_034744,TN_BUREVI_2020,BORDER_NODATA
TN_BUREVI_2020_050109,TN_BUREVI_2020,BORDER_NODATA
TN_BUREVI_2020_067545,TN_BUREVI_2020,BORDER_NODATA
TN_BUREVI_2020_067622,TN_BUREVI_2020,BORDER_NODATA
TN_BUREVI_2020_085073,TN_BUREVI_2020,BORDER_NODATA
TN_BUREVI_2020_010395,TN_BUREVI_2020,BORDER_NODATA
TN_BUREVI_2020_010807,TN_BUREVI_2020,BORDER_NODATA
TN_BUREVI_2020_019283,TN_BUREVI_2020,BORDER_NODATA
TN_BUREVI_2020_036698,TN_BUREVI_2020,BORDER_NODATA
TN_BUREVI_2020_051203,TN_BUREVI_2020,BORDER_NODATA
TN_BUREVI_2020_068038,TN_BUREVI_2020,BORDER_NODATA
TN_BUREVI_2020_069042,TN_BUREVI_2020,BORDER_NODATA
TN_BUREVI_2020_087610,TN_BUREVI_2020,BORDER_NODATA
TN_BUREVI_2020_010472,TN_BUREVI_2020,BORDER_NODATA
TN_BUREVI_2020_011614,TN_BUREVI_2020,BORDER_NODATA
TN_BUREVI_2020_019446,TN_BUREVI_2020,BORDER_NODATA
TN_BUREVI_2020_040163,TN_BUREVI_2020,BORDER_NODATA
TN_BUREVI_2020_055132,TN_BUREVI_2020,BORDER_NODATA
TN_BUREVI_2020_072536,TN_BUREVI_2020,BORDER_NODATA
TN_BUREVI_2020_072723,TN_BUREVI_2020,BORDER_NODATA
TN_BUREVI_2020_011830,TN_BUREVI_2020,BORDER_NODATA
TN_BUREVI_2020_011785,TN_BUREVI_2020,BORDER_NODATA
TN_BUREVI_2020_022347,TN_BUREVI_2020,BORDER_NODATA
TN_BUREVI_2020_012870,TN_BUREVI_2020,BORDER_NODATA
TN_BUREVI_2020_012805,TN_BUREVI_2020,BORDER_NODATA
TN_BUREVI_2020_023757,TN_BUREVI_2020,BORDER_NODATA
TN_BUREVI_2020_041766,TN_BUREVI_2020,BORDER_NODATA
TN_BUREVI_2020_013002,TN_BUREVI_2020,BORDER_NODATA
TN_BUREVI_2020_013025,TN_BUREVI_2020,BORDER_NODATA
TN_BUREVI_2020_000012,TN_BUREVI_2020,BORDER_NODATA
TN_BUREVI_2020_000195,TN_BUREVI_2020,BORDER_NODATA
TN_BUREVI_2020_013101,TN_BUREVI_2020,BORDER_NODATA
TN_BUREVI_2020_024265,TN_BUREVI_2020,BORDER_NODATA
TN_BUREVI_2020_041869,TN_BUREVI_2020,BORDER_NODATA
TN_BUREVI_2020_061402,TN_BUREVI_2020,BORDER_NODATA
TN_BUREVI_2020_061441,TN_BUREVI_2020,BORDER_NODATA
TN_BUREVI_2020_094483,TN_BUREVI_2020,BORDER_NODATA
TN_BUREVI_2020_099290,TN_BUREVI_2020,INSUFFICIENT_EVIDENCE
TN_BUREVI_2020_000589,TN_BUREVI_2020,BORDER_NODATA
TN_BUREVI_2020_000551,TN_BUREVI_2020,BORDER_NODATA
TN_BUREVI_2020_013241,TN_BUREVI_2020,BORDER_NODATA
TN_BUREVI_2020_024256,TN_BUREVI_2020,BORDER_NODATA
TN_BUREVI_2020_041858,TN_BUREVI_2020,BORDER_NODATA
TN_BUREVI_2020_044263,TN_BUREVI_2020,BORDER_NODATA
TN_BUREVI_2020_063154,TN_BUREVI_2020,BORDER_NODATA
TN_BUREVI_2020_000531,TN_BUREVI_2020,BORDER_NODATA
TN_BUREVI_2020_014791,TN_BUREVI_2020,BORDER_NODATA
TN_BUREVI_2020_014946,TN_BUREVI_2020,BORDER_NODATA
TN_BUREVI_2020_025233,TN_BUREVI_2020,BORDER_NODATA
TN_BUREVI_2020_042423,TN_BUREVI_2020,BORDER_NODATA
TN_BUREVI_2020_062855,TN_BUREVI_2020,BORDER_NODATA
TN_BUREVI_2020_063032,TN_BUREVI_2020,BORDER_NODATA
TN_BUREVI_2020_082806,TN_BUREVI_2020,BORDER_NODATA
TN_BUREVI_2020_000614,TN_BUREVI_2020,BORDER_NODATA
TN_BUREVI_2020_005741,TN_BUREVI_2020,BORDER_NODATA
TN_BUREVI_2020_015190,TN_BUREVI_2020,BORDER_NODATA
TN_BUREVI_2020_030168,TN_BUREVI_2020,BORDER_NODATA
TN_BUREVI_2020_045143,TN_BUREVI_2020,BORDER_NODATA
TN_BUREVI_2020_063995,TN_BUREVI_2020,BORDER_NODATA
TN_BUREVI_2020_064524,TN_BUREVI_2020,BORDER_NODATA
TN_BUREVI_2020_083039,TN_BUREVI_2020,BORDER_NODATA
TN_BUREVI_2020_005458,TN_BUREVI_2020,BORDER_NODATA
TN_BUREVI_2020_005513,TN_BUREVI_2020,BORDER_NODATA
TN_BUREVI_2020_016182,TN_BUREVI_2020,BORDER_NODATA
TN_BUREVI_2020_034745,TN_BUREVI_2020,BORDER_NODATA
TN_BUREVI_2020_050110,TN_BUREVI_2020,BORDER_NODATA
TN_BUREVI_2020_067546,TN_BUREVI_2020,BORDER_NODATA
TN_BUREVI_2020_067623,TN_BUREVI_2020,BORDER_NODATA
TN_BUREVI_2020_085252,TN_BUREVI_2020,BORDER_NODATA
TN_BUREVI_2020_010396,TN_BUREVI_2020,BORDER_NODATA
TN_BUREVI_2020_010835,TN_BUREVI_2020,BORDER_NODATA
TN_BUREVI_2020_019287,TN_BUREVI_2020,BORDER_NODATA
TN_BUREVI_2020_036718,TN_BUREVI_2020,BORDER_NODATA
TN_BUREVI_2020_051227,TN_BUREVI_2020,BORDER_NODATA
TN_BUREVI_2020_068048,TN_BUREVI_2020,BORDER_NODATA
TN_BUREVI_2020_069153,TN_BUREVI_2020,BORDER_NODATA
TN_BUREVI_2020_087617,TN_BUREVI_2020,BORDER_NODATA
TN_BUREVI_2020_010481,TN_BUREVI_2020,BORDER_NODATA
TN_BUREVI_2020_011707,TN_BUREVI_2020,BORDER_NODATA
TN_BUREVI_2020_019466,TN_BUREVI_2020,BORDER_NODATA
TN_BUREVI_2020_040194,TN_BUREVI_2020,BORDER_NODATA
TN_BUREVI_2020_055150,TN_BUREVI_2020,BORDER_NODATA
TN_BUREVI_2020_072540,TN_BUREVI_2020,BORDER_NODATA
TN_BUREVI_2020_072756,TN_BUREVI_2020,BORDER_NODATA
TN_BUREVI_2020_087883,TN_BUREVI_2020,BORDER_NODATA
TN_BUREVI_2020_011835,TN_BUREVI_2020,BORDER_NODATA
TN_BUREVI_2020_011791,TN_BUREVI_2020,BORDER_NODATA
TN_BUREVI_2020_022414,TN_BUREVI_2020,BORDER_NODATA
TN_BUREVI_2020_012876,TN_BUREVI_2020,BORDER_NODATA
TN_BUREVI_2020_012806,TN_BUREVI_2020,BORDER_NODATA
TN_BUREVI_2020_023901,TN_BUREVI_2020,BORDER_NODATA
TN_BUREVI_2020_041767,TN_BUREVI_2020,BORDER_NODATA
TN_BUREVI_2020_013003,TN_BUREVI_2020,BORDER_NODATA
TN_BUREVI_2020_013032,TN_BUREVI_2020,BORDER_NODATA
TN_BUREVI_2020_000013,TN_BUREVI_2020,BORDER_NODATA
TN_BUREVI_2020_000203,TN_BUREVI_2020,BORDER_NODATA
TN_BUREVI_2020_013102,TN_BUREVI_2020,BORDER_NODATA
TN_BUREVI_2020_024266,TN_BUREVI_2020,BORDER_NODATA
TN_BUREVI_2020_041870,TN_BUREVI_2020,BORDER_NODATA
TN_BUREVI_2020_061403,TN_BUREVI_2020,BORDER_NODATA
TN_BUREVI_2020_061458,TN_BUREVI_2020,BORDER_NODATA
TN_BUREVI_2020_094486,TN_BUREVI_2020,BORDER_NODATA
TN_BUREVI_2020_000557,TN_BUREVI_2020,BORDER_NODATA
TN_BUREVI_2020_013249,TN_BUREVI_2020,BORDER_NODATA
TN_BUREVI_2020_024259,TN_BUREVI_2020,BORDER_NODATA
TN_BUREVI_2020_041860,TN_BUREVI_2020,BORDER_NODATA
TN_BUREVI_2020_044407,TN_BUREVI_2020,BORDER_NODATA
TN_BUREVI_2020_063181,TN_BUREVI_2020,BORDER_NODATA
TN_BUREVI_2020_000536,TN_BUREVI_2020,BORDER_NODATA
TN_BUREVI_2020_014792,TN_BUREVI_2020,BORDER_NODATA
TN_BUREVI_2020_014950,TN_BUREVI_2020,BORDER_NODATA
TN_BUREVI_2020_025234,TN_BUREVI_2020,BORDER_NODATA
TN_BUREVI_2020_042425,TN_BUREVI_2020,BORDER_NODATA
TN_BUREVI_2020_062857,TN_BUREVI_2020,BORDER_NODATA
TN_BUREVI_2020_063035,TN_BUREVI_2020,BORDER_NODATA
TN_BUREVI_2020_082850,TN_BUREVI_2020,BORDER_NODATA
TN_BUREVI_2020_000615,TN_BUREVI_2020,BORDER_NODATA
TN_BUREVI_2020_005830,TN_BUREVI_2020,BORDER_NODATA
TN_BUREVI_2020_015192,TN_BUREVI_2020,BORDER_NODATA
TN_BUREVI_2020_030173,TN_BUREVI_2020,BORDER_NODATA
TN_BUREVI_2020_045144,TN_BUREVI_2020,BORDER_NODATA
TN_BUREVI_2020_063998,TN_BUREVI_2020,BORDER_NODATA
TN_BUREVI_2020_064547,TN_BUREVI_2020,BORDER_NODATA
TN_BUREVI_2020_083041,TN_BUREVI_2020,BORDER_NODATA
TN_BUREVI_2020_005460,TN_BUREVI_2020,BORDER_NODATA
TN_BUREVI_2020_005524,TN_BUREVI_2020,BORDER_NODATA
TN_BUREVI_2020_016183,TN_BUREVI_2020,BORDER_NODATA
TN_BUREVI_2020_034747,TN_BUREVI_2020,BORDER_NODATA
TN_BUREVI_2020_050111,TN_BUREVI_2020,BORDER_NODATA
TN_BUREVI_2020_067547,TN_BUREVI_2020,BORDER_NODATA
TN_BUREVI_2020_067632,TN_BUREVI_2020,BORDER_NODATA
TN_BUREVI_2020_085287,TN_BUREVI_2020,BORDER_NODATA
TN_BUREVI_2020_010397,TN_BUREVI_2020,BORDER_NODATA
TN_BUREVI_2020_010862,TN_BUREVI_2020,BORDER_NODATA
TN_BUREVI_2020_019296,TN_BUREVI_2020,BORDER_NODATA
TN_BUREVI_2020_036773,TN_BUREVI_2020,BORDER_NODATA
TN_BUREVI_2020_051339,TN_BUREVI_2020,BORDER_NODATA
TN_BUREVI_2020_068051,TN_BUREVI_2020,BORDER_NODATA
TN_BUREVI_2020_069175,TN_BUREVI_2020,BORDER_NODATA
TN_BUREVI_2020_087621,TN_BUREVI_2020,BORDER_NODATA
TN_BUREVI_2020_010491,TN_BUREVI_2020,BORDER_NODATA
TN_BUREVI_2020_011728,TN_BUREVI_2020,BORDER_NODATA
TN_BUREVI_2020_019476,TN_BUREVI_2020,BORDER_NODATA
TN_BUREVI_2020_040220,TN_BUREVI_2020,BORDER_NODATA
TN_BUREVI_2020_055151,TN_BUREVI_2020,BORDER_NODATA
TN_BUREVI_2020_072550,TN_BUREVI_2020,BORDER_NODATA
TN_BUREVI_2020_072790,TN_BUREVI_2020,BORDER_NODATA
TN_BUREVI_2020_087885,TN_BUREVI_2020,BORDER_NODATA
TN_BUREVI_2020_101498,TN_BUREVI_2020,INSUFFICIENT_EVIDENCE
TN_BUREVI_2020_011866,TN_BUREVI_2020,BORDER_NODATA
TN_BUREVI_2020_011798,TN_BUREVI_2020,BORDER_NODATA
TN_BUREVI_2020_022425,TN_BUREVI_2020,BORDER_NODATA
TN_BUREVI_2020_012886,TN_BUREVI_2020,BORDER_NODATA
TN_BUREVI_2020_012808,TN_BUREVI_2020,BORDER_NODATA
TN_BUREVI_2020_023903,TN_BUREVI_2020,BORDER_NODATA
TN_BUREVI_2020_041768,TN_BUREVI_2020,BORDER_NODATA
TN_BUREVI_2020_013005,TN_BUREVI_2020,BORDER_NODATA
TN_BUREVI_2020_013034,TN_BUREVI_2020,BORDER_NODATA
TN_BUREVI_2020_000014,TN_BUREVI_2020,BORDER_NODATA
TN_BUREVI_2020_000215,TN_BUREVI_2020,BORDER_NODATA
TN_BUREVI_2020_013104,TN_BUREVI_2020,BORDER_NODATA
TN_BUREVI_2020_024270,TN_BUREVI_2020,BORDER_NODATA
TN_BUREVI_2020_041871,TN_BUREVI_2020,BORDER_NODATA
TN_BUREVI_2020_061404,TN_BUREVI_2020,BORDER_NODATA
TN_BUREVI_2020_061462,TN_BUREVI_2020,BORDER_NODATA
TN_BUREVI_2020_094487,TN_BUREVI_2020,BORDER_NODATA
TN_BUREVI_2020_000560,TN_BUREVI_2020,BORDER_NODATA
TN_BUREVI_2020_013251,TN_BUREVI_2020,BORDER_NODATA
TN_BUREVI_2020_024260,TN_BUREVI_2020,BORDER_NODATA
TN_BUREVI_2020_041861,TN_BUREVI_2020,BORDER_NODATA
TN_BUREVI_2020_044474,TN_BUREVI_2020,BORDER_NODATA
TN_BUREVI_2020_063187,TN_BUREVI_2020,BORDER_NODATA
TN_BUREVI_2020_000537,TN_BUREVI_2020,BORDER_NODATA
TN_BUREVI_2020_014793,TN_BUREVI_2020,BORDER_NODATA
TN_BUREVI_2020_014978,TN_BUREVI_2020,BORDER_NODATA
TN_BUREVI_2020_025240,TN_BUREVI_2020,BORDER_NODATA
TN_BUREVI_2020_042429,TN_BUREVI_2020,BORDER_NODATA
TN_BUREVI_2020_062858,TN_BUREVI_2020,BORDER_NODATA
TN_BUREVI_2020_063045,TN_BUREVI_2020,BORDER_NODATA
TN_BUREVI_2020_082860,TN_BUREVI_2020,BORDER_NODATA
TN_BUREVI_2020_000616,TN_BUREVI_2020,BORDER_NODATA
TN_BUREVI_2020_005853,TN_BUREVI_2020,BORDER_NODATA
TN_BUREVI_2020_015193,TN_BUREVI_2020,BORDER_NODATA
TN_BUREVI_2020_030174,TN_BUREVI_2020,BORDER_NODATA
TN_BUREVI_2020_045146,TN_BUREVI_2020,BORDER_NODATA
TN_BUREVI_2020_063999,TN_BUREVI_2020,BORDER_NODATA
TN_BUREVI_2020_064574,TN_BUREVI_2020,BORDER_NODATA
TN_BUREVI_2020_083061,TN_BUREVI_2020,BORDER_NODATA
TN_BUREVI_2020_005461,TN_BUREVI_2020,BORDER_NODATA
TN_BUREVI_2020_005539,TN_BUREVI_2020,BORDER_NODATA
TN_BUREVI_2020_016184,TN_BUREVI_2020,BORDER_NODATA
TN_BUREVI_2020_034748,TN_BUREVI_2020,BORDER_NODATA
TN_BUREVI_2020_050112,TN_BUREVI_2020,BORDER_NODATA
TN_BUREVI_2020_067548,TN_BUREVI_2020,BORDER_NODATA
TN_BUREVI_2020_067655,TN_BUREVI_2020,BORDER_NODATA
TN_BUREVI_2020_085406,TN_BUREVI_2020,BORDER_NODATA
TN_BUREVI_2020_096393,TN_BUREVI_2020,INSUFFICIENT_EVIDENCE
TN_BUREVI_2020_010399,TN_BUREVI_2020,BORDER_NODATA
TN_BUREVI_2020_010905,TN_BUREVI_2020,BORDER_NODATA
TN_BUREVI_2020_019297,TN_BUREVI_2020,BORDER_NODATA
TN_BUREVI_2020_036800,TN_BUREVI_2020,BORDER_NODATA
TN_BUREVI_2020_051355,TN_BUREVI_2020,BORDER_NODATA
TN_BUREVI_2020_068137,TN_BUREVI_2020,BORDER_NODATA
TN_BUREVI_2020_069316,TN_BUREVI_2020,BORDER_NODATA
TN_BUREVI_2020_087622,TN_BUREVI_2020,BORDER_NODATA
TN_BUREVI_2020_010509,TN_BUREVI_2020,BORDER_NODATA
TN_BUREVI_2020_011729,TN_BUREVI_2020,BORDER_NODATA
TN_BUREVI_2020_019519,TN_BUREVI_2020,BORDER_NODATA
TN_BUREVI_2020_040234,TN_BUREVI_2020,BORDER_NODATA
TN_BUREVI_2020_055161,TN_BUREVI_2020,BORDER_NODATA
TN_BUREVI_2020_072555,TN_BUREVI_2020,BORDER_NODATA
TN_BUREVI_2020_072828,TN_BUREVI_2020,BORDER_NODATA
TN_BUREVI_2020_087906,TN_BUREVI_2020,BORDER_NODATA
TN_NADA_2016_069495,TN_NADA_2016,INSUFFICIENT_EVIDENCE
TN_NADA_2016_029834,TN_NADA_2016,INSUFFICIENT_EVIDENCE
TN_NADA_2016_030993,TN_NADA_2016,INSUFFICIENT_EVIDENCE
TN_NADA_2016_098624,TN_NADA_2016,INSUFFICIENT_EVIDENCE
TN_NADA_2016_069490,TN_NADA_2016,INSUFFICIENT_EVIDENCE
TN_NADA_2016_069496,TN_NADA_2016,INSUFFICIENT_EVIDENCE
TN_NADA_2016_000718,TN_NADA_2016,INSUFFICIENT_EVIDENCE
TN_NADA_2016_054597,TN_NADA_2016,INSUFFICIENT_EVIDENCE
TN_NADA_2016_102766,TN_NADA_2016,INSUFFICIENT_EVIDENCE
TN_NADA_2016_096337,TN_NADA_2016,INSUFFICIENT_EVIDENCE
TN_NADA_2016_000010,TN_NADA_2016,INSUFFICIENT_EVIDENCE
TN_NADA_2016_059562,TN_NADA_2016,INSUFFICIENT_EVIDENCE
TN_NADA_2016_102767,TN_NADA_2016,INSUFFICIENT_EVIDENCE
TN_NADA_2016_085304,TN_NADA_2016,INSUFFICIENT_EVIDENCE
TN_NADA_2016_017006,TN_NADA_2016,INSUFFICIENT_EVIDENCE
TN_NADA_2016_069499,TN_NADA_2016,INSUFFICIENT_EVIDENCE
TN_NADA_2016_009476,TN_NADA_2016,INSUFFICIENT_EVIDENCE
TN_NADA_2016_048075,TN_NADA_2016,INSUFFICIENT_EVIDENCE
TN_NADA_2016_069501,TN_NADA_2016,INSUFFICIENT_EVIDENCE
TN_NADA_2016_051787,TN_NADA_2016,INSUFFICIENT_EVIDENCE
TN_NADA_2016_088281,TN_NADA_2016,INSUFFICIENT_EVIDENCE
TN_NADA_2016_039132,TN_NADA_2016,INSUFFICIENT_EVIDENCE
TN_NADA_2016_059561,TN_NADA_2016,INSUFFICIENT_EVIDENCE
TN_NADA_2016_024949,TN_NADA_2016,INSUFFICIENT_EVIDENCE
TN_NADA_2016_073795,TN_NADA_2016,INSUFFICIENT_EVIDENCE
TN_NADA_2016_083328,TN_NADA_2016,INSUFFICIENT_EVIDENCE
TN_NADA_2016_017813,TN_NADA_2016,INSUFFICIENT_EVIDENCE
TN_NADA_2016_073805,TN_NADA_2016,INSUFFICIENT_EVIDENCE
TN_NADA_2016_085397,TN_NADA_2016,INSUFFICIENT_EVIDENCE
TN_NADA_2016_008592,TN_NADA_2016,INSUFFICIENT_EVIDENCE
TN_NADA_2016_000734,TN_NADA_2016,INSUFFICIENT_EVIDENCE
TN_NADA_2016_102776,TN_NADA_2016,INSUFFICIENT_EVIDENCE
TN_NADA_2016_005187,TN_NADA_2016,INSUFFICIENT_EVIDENCE
TN_NADA_2016_005221,TN_NADA_2016,INSUFFICIENT_EVIDENCE
TN_NADA_2016_102832,TN_NADA_2016,INSUFFICIENT_EVIDENCE
TN_NADA_2016_048058,TN_NADA_2016,INSUFFICIENT_EVIDENCE
TN_NADA_2016_030059,TN_NADA_2016,INSUFFICIENT_EVIDENCE
TN_NADA_2016_010671,TN_NADA_2016,INSUFFICIENT_EVIDENCE
TN_NADA_2016_002113,TN_NADA_2016,INSUFFICIENT_EVIDENCE
TN_NADA_2016_011518,TN_NADA_2016,INSUFFICIENT_EVIDENCE
TN_NADA_2016_020022,TN_NADA_2016,INSUFFICIENT_EVIDENCE
TN_NADA_2016_090667,TN_NADA_2016,INSUFFICIENT_EVIDENCE
TN_NADA_2016_024983,TN_NADA_2016,INSUFFICIENT_EVIDENCE
TN_NADA_2016_091840,TN_NADA_2016,INSUFFICIENT_EVIDENCE
TN_NADA_2016_029850,TN_NADA_2016,INSUFFICIENT_EVIDENCE
TN_NADA_2016_054731,TN_NADA_2016,INSUFFICIENT_EVIDENCE
TN_NADA_2016_073923,TN_NADA_2016,INSUFFICIENT_EVIDENCE
