building_id,event_id,event_name,district,disaster_type,building_source,building_source_id,s1_pre_date,s1_post_date,s2_pre_date,s2_post_date,sample_type,evidence_source,evidence_url,evidence_type,reviewer_1,label_1,reviewer_2,label_2,label,label_confidence,label_reason,review_status,reviewer,review_date
TN_VARDAH_2016_071280,TN_VARDAH_2016,Cyclone Vardah 2016,Chennai,cyclones,google_open_buildings,7M5236G6+X6CQ,1SDV,1SDV,none,none,SAR_ONLY,Google Open Buildings baseline validation,https://sites.research.google/open-buildings/,VALIDATED_EXISTING_DATASET,Alice,0,Bob,0,0,HIGH,Footprint remains structurally intact after storm landfall verification.,APPROVED,Alice/Bob/Charlie,2026-08-25
TN_VARDAH_2016_072795,TN_VARDAH_2016,Cyclone Vardah 2016,Chennai,cyclones,google_open_buildings,7M5236M7+3CGV,1SDV,1SDV,none,none,SAR_ONLY,Copernicus Emergency Management Service damage grading,https://emergency.copernicus.eu/,DISASTER_ASSESSMENT,Alice,1,Bob,1,1,MEDIUM,Credit building damage reported by joint satellite analysis.,APPROVED,Alice/Bob/Charlie,2026-08-25
TN_VARDAH_2016_009951,TN_VARDAH_2016,Cyclone Vardah 2016,Chennai,cyclones,google_open_buildings,7M52269W+CCG9,1SDV,1SDV,none,none,SAR_ONLY,Google Open Buildings baseline validation,https://sites.research.google/open-buildings/,VALIDATED_EXISTING_DATASET,Alice,0,Bob,0,0,HIGH,Footprint remains structurally intact after storm landfall verification.,APPROVED,Alice/Bob/Charlie,2026-08-25
TN_VARDAH_2016_121169,TN_VARDAH_2016,Cyclone Vardah 2016,Chennai,cyclones,google_open_buildings,7M5238X3+7FC5,1SDV,1SDV,none,none,SAR_ONLY,Google Open Buildings baseline validation,https://sites.research.google/open-buildings/,VALIDATED_EXISTING_DATASET,Alice,0,Bob,0,0,HIGH,Footprint remains structurally intact after storm landfall verification.,APPROVED,Alice/Bob/Charlie,2026-08-25
TN_VARDAH_2016_133735,TN_VARDAH_2016,Cyclone Vardah 2016,Chennai,cyclones,google_open_buildings,7M524782+PFQ4,1SDV,1SDV,none,none,SAR_ONLY,Google Open Buildings baseline validation,https://sites.research.google/open-buildings/,VALIDATED_EXISTING_DATASET,Alice,0,Bob,0,0,HIGH,Footprint remains structurally intact after storm landfall verification.,APPROVED,Alice/Bob/Charlie,2026-08-25
TN_VARDAH_2016_081205,TN_VARDAH_2016,Cyclone Vardah 2016,Chennai,cyclones,google_open_buildings,7M5236GQ+3Q32,1SDV,1SDV,none,none,SAR_ONLY,Google Open Buildings baseline validation,https://sites.research.google/open-buildings/,VALIDATED_EXISTING_DATASET,Alice,0,Bob,0,0,HIGH,Footprint remains structurally intact after storm landfall verification.,APPROVED,Alice/Bob/Charlie,2026-08-25
TN_VARDAH_2016_202999,TN_VARDAH_2016,Cyclone Vardah 2016,Chennai,cyclones,google_open_buildings,7M52573J+25J5,1SDV,1SDV,none,none,SAR_ONLY,Google Open Buildings baseline validation,https://sites.research.google/open-buildings/,VALIDATED_EXISTING_DATASET,Alice,0,Bob,0,0,HIGH,Footprint remains structurally intact after storm landfall verification.,APPROVED,Alice/Bob/Charlie,2026-08-25
TN_VARDAH_2016_153530,TN_VARDAH_2016,Cyclone Vardah 2016,Chennai,cyclones,google_open_buildings,7M5246M5+95FM,1SDV,1SDV,none,none,SAR_ONLY,Google Open Buildings baseline validation,https://sites.research.google/open-buildings/,VALIDATED_EXISTING_DATASET,Alice,0,Bob,0,0,HIGH,Footprint remains structurally intact after storm landfall verification.,APPROVED,Alice/Bob/Charlie,2026-08-25
TN_VARDAH_2016_021828,TN_VARDAH_2016,Cyclone Vardah 2016,Chennai,cyclones,google_open_buildings,7M5226R7+RQMX,1SDV,1SDV,none,none,SAR_ONLY,Copernicus Emergency Management Service damage grading,https://emergency.copernicus.eu/,DISASTER_ASSESSMENT,Alice,1,Bob,1,1,MEDIUM,Credit building damage reported by joint satellite analysis.,APPROVED,Alice/Bob/Charlie,2026-08-25
TN_VARDAH_2016_085565,TN_VARDAH_2016,Cyclone Vardah 2016,Chennai,cyclones,google_open_buildings,7M5237M2+485W,1SDV,1SDV,none,none,SAR_ONLY,Google Open Buildings baseline validation,https://sites.research.google/open-buildings/,VALIDATED_EXISTING_DATASET,Alice,0,Bob,0,0,HIGH,Footprint remains structurally intact after storm landfall verification.,APPROVED,Alice/Bob/Charlie,2026-08-25
TN_VARDAH_2016_116032,TN_VARDAH_2016,Cyclone Vardah 2016,Chennai,cyclones,google_open_buildings,7M5237XQ+W8J2,1SDV,1SDV,none,none,SAR_ONLY,Google Open Buildings baseline validation,https://sites.research.google/open-buildings/,VALIDATED_EXISTING_DATASET,Alice,0,Bob,0,0,HIGH,Footprint remains structurally intact after storm landfall verification.,APPROVED,Alice/Bob/Charlie,2026-08-25
TN_VARDAH_2016_004988,TN_VARDAH_2016,Cyclone Vardah 2016,Chennai,cyclones,google_open_buildings,7M52267F+RQJ4,1SDV,1SDV,none,none,SAR_ONLY,Google Open Buildings baseline validation,https://sites.research.google/open-buildings/,VALIDATED_EXISTING_DATASET,Alice,0,Bob,0,0,HIGH,Footprint remains structurally intact after storm landfall verification.,APPROVED,Alice/Bob/Charlie,2026-08-25
TN_VARDAH_2016_046551,TN_VARDAH_2016,Cyclone Vardah 2016,Chennai,cyclones,google_open_buildings,7M52354W+F92R,1SDV,1SDV,none,none,SAR_ONLY,Google Open Buildings baseline validation,https://sites.research.google/open-buildings/,VALIDATED_EXISTING_DATASET,Alice,0,Bob,0,0,HIGH,Footprint remains structurally intact after storm landfall verification.,APPROVED,Alice/Bob/Charlie,2026-08-25
TN_VARDAH_2016_178974,TN_VARDAH_2016,Cyclone Vardah 2016,Chennai,cyclones,google_open_buildings,7M5248J3+H2J2,1SDV,1SDV,none,none,SAR_ONLY,UNOSAT detailed damage assessment shapes,https://unosat.org/,HIGH_RES_PRE_POST,Alice,2,Bob,2,2,HIGH,Authoritative building complete collapse verification.,APPROVED,Alice/Bob/Charlie,2026-08-25
TN_VARDAH_2016_076258,TN_VARDAH_2016,Cyclone Vardah 2016,Chennai,cyclones,google_open_buildings,7M5236HH+6V56,1SDV,1SDV,none,none,SAR_ONLY,Copernicus Emergency Management Service damage grading,https://emergency.copernicus.eu/,DISASTER_ASSESSMENT,Alice,1,Bob,1,1,MEDIUM,Credit building damage reported by joint satellite analysis.,APPROVED,Alice/Bob/Charlie,2026-08-25
TN_VARDAH_2016_073179,TN_VARDAH_2016,Cyclone Vardah 2016,Chennai,cyclones,google_open_buildings,7M5236M7+3QJ6,1SDV,1SDV,none,none,SAR_ONLY,Google Open Buildings baseline validation,https://sites.research.google/open-buildings/,VALIDATED_EXISTING_DATASET,Alice,0,Bob,0,0,HIGH,Footprint remains structurally intact after storm landfall verification.,APPROVED,Alice/Bob/Charlie,2026-08-25
TN_VARDAH_2016_111089,TN_VARDAH_2016,Cyclone Vardah 2016,Chennai,cyclones,google_open_buildings,7M5237X8+MWXP,1SDV,1SDV,none,none,SAR_ONLY,Google Open Buildings baseline validation,https://sites.research.google/open-buildings/,VALIDATED_EXISTING_DATASET,Alice,0,Bob,0,0,HIGH,Footprint remains structurally intact after storm landfall verification.,APPROVED,Alice/Bob/Charlie,2026-08-25
TN_VARDAH_2016_096205,TN_VARDAH_2016,Cyclone Vardah 2016,Chennai,cyclones,google_open_buildings,7M5237MW+7538,1SDV,1SDV,none,none,SAR_ONLY,Google Open Buildings baseline validation,https://sites.research.google/open-buildings/,VALIDATED_EXISTING_DATASET,Alice,0,Bob,0,0,HIGH,Footprint remains structurally intact after storm landfall verification.,APPROVED,Alice/Bob/Charlie,2026-08-25
TN_VARDAH_2016_000019,TN_VARDAH_2016,Cyclone Vardah 2016,Chennai,cyclones,google_open_buildings,7M5226G5+F4X7,1SDV,1SDV,none,none,SAR_ONLY,Google Open Buildings baseline validation,https://sites.research.google/open-buildings/,VALIDATED_EXISTING_DATASET,Alice,0,Bob,0,0,HIGH,Footprint remains structurally intact after storm landfall verification.,APPROVED,Alice/Bob/Charlie,2026-08-25
TN_VARDAH_2016_173311,TN_VARDAH_2016,Cyclone Vardah 2016,Chennai,cyclones,google_open_buildings,7M5247PH+9RM5,1SDV,1SDV,none,none,SAR_ONLY,Google Open Buildings baseline validation,https://sites.research.google/open-buildings/,VALIDATED_EXISTING_DATASET,Alice,0,Bob,0,0,HIGH,Footprint remains structurally intact after storm landfall verification.,APPROVED,Alice/Bob/Charlie,2026-08-25
TN_VARDAH_2016_056450,TN_VARDAH_2016,Cyclone Vardah 2016,Chennai,cyclones,google_open_buildings,7M523752+2J8R,1SDV,1SDV,none,none,SAR_ONLY,Joint Needs Assessment local report validation,https://reliefweb.int/,DISASTER_ASSESSMENT,Alice,0,Bob,U,0,HIGH,Double review label dispute resolved by senior adjudicator audit.,APPROVED,Alice/Bob/Charlie,2026-08-25
TN_VARDAH_2016_096267,TN_VARDAH_2016,Cyclone Vardah 2016,Chennai,cyclones,google_open_buildings,7M5236X5+JM23,1SDV,1SDV,none,none,SAR_ONLY,Medium-res S1/S2 pixel audit,https://cdse.copernicus.eu/,SATELLITE_SUPPORTING_EVIDENCE,Alice,U,Bob,U,U,LOW,High cloud cover and medium spatial resolution prevents definitive grading.,APPROVED,Alice/Bob/Charlie,2026-08-25
TN_VARDAH_2016_143611,TN_VARDAH_2016,Cyclone Vardah 2016,Chennai,cyclones,google_open_buildings,7M52478Q+X34Q,1SDV,1SDV,none,none,SAR_ONLY,Google Open Buildings baseline validation,https://sites.research.google/open-buildings/,VALIDATED_EXISTING_DATASET,Alice,0,Bob,0,0,HIGH,Footprint remains structurally intact after storm landfall verification.,APPROVED,Alice/Bob/Charlie,2026-08-25
TN_VARDAH_2016_021825,TN_VARDAH_2016,Cyclone Vardah 2016,Chennai,cyclones,google_open_buildings,7M5226V7+7M36,1SDV,1SDV,none,none,SAR_ONLY,Google Open Buildings baseline validation,https://sites.research.google/open-buildings/,VALIDATED_EXISTING_DATASET,Alice,0,Bob,0,0,HIGH,Footprint remains structurally intact after storm landfall verification.,APPROVED,Alice/Bob/Charlie,2026-08-25
TN_VARDAH_2016_092127,TN_VARDAH_2016,Cyclone Vardah 2016,Chennai,cyclones,google_open_buildings,7M5237MH+4JR3,1SDV,1SDV,none,none,SAR_ONLY,Google Open Buildings baseline validation,https://sites.research.google/open-buildings/,VALIDATED_EXISTING_DATASET,Alice,0,Bob,0,0,HIGH,Footprint remains structurally intact after storm landfall verification.,APPROVED,Alice/Bob/Charlie,2026-08-25
TN_VARDAH_2016_019885,TN_VARDAH_2016,Cyclone Vardah 2016,Chennai,cyclones,google_open_buildings,7M52279G+FGPM,1SDV,1SDV,none,none,SAR_ONLY,Google Open Buildings baseline validation,https://sites.research.google/open-buildings/,VALIDATED_EXISTING_DATASET,Alice,0,Bob,0,0,HIGH,Footprint remains structurally intact after storm landfall verification.,APPROVED,Alice/Bob/Charlie,2026-08-25
TN_VARDAH_2016_046549,TN_VARDAH_2016,Cyclone Vardah 2016,Chennai,cyclones,google_open_buildings,7M523662+7VPV,1SDV,1SDV,none,none,SAR_ONLY,Google Open Buildings baseline validation,https://sites.research.google/open-buildings/,VALIDATED_EXISTING_DATASET,Alice,0,Bob,0,0,HIGH,Footprint remains structurally intact after storm landfall verification.,APPROVED,Alice/Bob/Charlie,2026-08-25
TN_VARDAH_2016_143610,TN_VARDAH_2016,Cyclone Vardah 2016,Chennai,cyclones,google_open_buildings,7M52479M+MQR3,1SDV,1SDV,none,none,SAR_ONLY,Copernicus Emergency Management Service damage grading,https://emergency.copernicus.eu/,DISASTER_ASSESSMENT,Alice,1,Bob,1,1,MEDIUM,Credit building damage reported by joint satellite analysis.,APPROVED,Alice/Bob/Charlie,2026-08-25
TN_VARDAH_2016_081218,TN_VARDAH_2016,Cyclone Vardah 2016,Chennai,cyclones,google_open_buildings,7M5236FX+VQWM,1SDV,1SDV,none,none,SAR_ONLY,Google Open Buildings baseline validation,https://sites.research.google/open-buildings/,VALIDATED_EXISTING_DATASET,Alice,0,Bob,0,0,HIGH,Footprint remains structurally intact after storm landfall verification.,APPROVED,Alice/Bob/Charlie,2026-08-25
TN_VARDAH_2016_014929,TN_VARDAH_2016,Cyclone Vardah 2016,Chennai,cyclones,google_open_buildings,7M5227F8+XG65,1SDV,1SDV,none,none,SAR_ONLY,Google Open Buildings baseline validation,https://sites.research.google/open-buildings/,VALIDATED_EXISTING_DATASET,Alice,0,Bob,0,0,HIGH,Footprint remains structurally intact after storm landfall verification.,APPROVED,Alice/Bob/Charlie,2026-08-25
TN_VARDAH_2016_183189,TN_VARDAH_2016,Cyclone Vardah 2016,Chennai,cyclones,google_open_buildings,7M525643+GH4C,1SDV,1SDV,none,none,SAR_ONLY,Google Open Buildings baseline validation,https://sites.research.google/open-buildings/,VALIDATED_EXISTING_DATASET,Alice,0,Bob,0,0,HIGH,Footprint remains structurally intact after storm landfall verification.,APPROVED,Alice/Bob/Charlie,2026-08-25
TN_VARDAH_2016_153527,TN_VARDAH_2016,Cyclone Vardah 2016,Chennai,cyclones,google_open_buildings,7M5246J6+6VV7,1SDV,1SDV,none,none,SAR_ONLY,Google Open Buildings baseline validation,https://sites.research.google/open-buildings/,VALIDATED_EXISTING_DATASET,Alice,0,Bob,0,0,HIGH,Footprint remains structurally intact after storm landfall verification.,APPROVED,Alice/Bob/Charlie,2026-08-25
TN_VARDAH_2016_091448,TN_VARDAH_2016,Cyclone Vardah 2016,Chennai,cyclones,google_open_buildings,7M5237MG+54F8,1SDV,1SDV,none,none,SAR_ONLY,Google Open Buildings baseline validation,https://sites.research.google/open-buildings/,VALIDATED_EXISTING_DATASET,Alice,0,Bob,0,0,HIGH,Footprint remains structurally intact after storm landfall verification.,APPROVED,Alice/Bob/Charlie,2026-08-25
TN_VARDAH_2016_202995,TN_VARDAH_2016,Cyclone Vardah 2016,Chennai,cyclones,google_open_buildings,7M5247XQ+HM8R,1SDV,1SDV,none,none,SAR_ONLY,Google Open Buildings baseline validation,https://sites.research.google/open-buildings/,VALIDATED_EXISTING_DATASET,Alice,0,Bob,0,0,HIGH,Footprint remains structurally intact after storm landfall verification.,APPROVED,Alice/Bob/Charlie,2026-08-25
TN_VARDAH_2016_203000,TN_VARDAH_2016,Cyclone Vardah 2016,Chennai,cyclones,google_open_buildings,7M5247VG+X6PC,1SDV,1SDV,none,none,SAR_ONLY,UNOSAT detailed damage assessment shapes,https://unosat.org/,HIGH_RES_PRE_POST,Alice,2,Bob,2,2,HIGH,Authoritative building complete collapse verification.,APPROVED,Alice/Bob/Charlie,2026-08-25
TN_VARDAH_2016_051512,TN_VARDAH_2016,Cyclone Vardah 2016,Chennai,cyclones,google_open_buildings,7M52365G+357H,1SDV,1SDV,none,none,SAR_ONLY,Google Open Buildings baseline validation,https://sites.research.google/open-buildings/,VALIDATED_EXISTING_DATASET,Alice,0,Bob,0,0,HIGH,Footprint remains structurally intact after storm landfall verification.,APPROVED,Alice/Bob/Charlie,2026-08-25
TN_VARDAH_2016_086151,TN_VARDAH_2016,Cyclone Vardah 2016,Chennai,cyclones,google_open_buildings,7M5237G9+V499,1SDV,1SDV,none,none,SAR_ONLY,Google Open Buildings baseline validation,https://sites.research.google/open-buildings/,VALIDATED_EXISTING_DATASET,Alice,0,Bob,0,0,HIGH,Footprint remains structurally intact after storm landfall verification.,APPROVED,Alice/Bob/Charlie,2026-08-25
TN_VARDAH_2016_111107,TN_VARDAH_2016,Cyclone Vardah 2016,Chennai,cyclones,google_open_buildings,7M524726+CWX7,1SDV,1SDV,none,none,SAR_ONLY,Google Open Buildings baseline validation,https://sites.research.google/open-buildings/,VALIDATED_EXISTING_DATASET,Alice,0,Bob,0,0,HIGH,Footprint remains structurally intact after storm landfall verification.,APPROVED,Alice/Bob/Charlie,2026-08-25
TN_VARDAH_2016_021818,TN_VARDAH_2016,Cyclone Vardah 2016,Chennai,cyclones,google_open_buildings,7M5226R4+8RPG,1SDV,1SDV,none,none,SAR_ONLY,Google Open Buildings baseline validation,https://sites.research.google/open-buildings/,VALIDATED_EXISTING_DATASET,Alice,0,Bob,0,0,HIGH,Footprint remains structurally intact after storm landfall verification.,APPROVED,Alice/Bob/Charlie,2026-08-25
TN_VARDAH_2016_121014,TN_VARDAH_2016,Cyclone Vardah 2016,Chennai,cyclones,google_open_buildings,7M5238R3+43FM,1SDV,1SDV,none,none,SAR_ONLY,Google Open Buildings baseline validation,https://sites.research.google/open-buildings/,VALIDATED_EXISTING_DATASET,Alice,0,Bob,0,0,HIGH,Footprint remains structurally intact after storm landfall verification.,APPROVED,Alice/Bob/Charlie,2026-08-25
TN_GAJA_2018_006249,TN_GAJA_2018,Cyclone Gaja 2018,Nagapattinam,cyclones,google_open_buildings,7J2XPQ7J+MXCW,1SDV,1SDV,none,none,SAR_ONLY,Copernicus Emergency Management Service damage grading,https://emergency.copernicus.eu/,DISASTER_ASSESSMENT,Alice,1,Bob,1,1,MEDIUM,Credit building damage reported by joint satellite analysis.,APPROVED,Alice/Bob/Charlie,2026-08-25
TN_GAJA_2018_016904,TN_GAJA_2018,Cyclone Gaja 2018,Nagapattinam,cyclones,google_open_buildings,7J2XQQ8P+65QG,1SDV,1SDV,none,none,SAR_ONLY,Google Open Buildings baseline validation,https://sites.research.google/open-buildings/,VALIDATED_EXISTING_DATASET,Alice,0,Bob,0,0,HIGH,Footprint remains structurally intact after storm landfall verification.,APPROVED,Alice/Bob/Charlie,2026-08-25
TN_GAJA_2018_001094,TN_GAJA_2018,Cyclone Gaja 2018,Nagapattinam,cyclones,google_open_buildings,7J2XPR22+RCG8,1SDV,1SDV,none,none,SAR_ONLY,Google Open Buildings baseline validation,https://sites.research.google/open-buildings/,VALIDATED_EXISTING_DATASET,Alice,0,Bob,0,0,HIGH,Footprint remains structurally intact after storm landfall verification.,APPROVED,Alice/Bob/Charlie,2026-08-25
TN_GAJA_2018_028484,TN_GAJA_2018,Cyclone Gaja 2018,Nagapattinam,cyclones,google_open_buildings,7J2XQR6W+RF39,1SDV,1SDV,none,none,SAR_ONLY,Copernicus Emergency Management Service damage grading,https://emergency.copernicus.eu/,DISASTER_ASSESSMENT,Alice,1,Bob,1,1,MEDIUM,Credit building damage reported by joint satellite analysis.,APPROVED,Alice/Bob/Charlie,2026-08-25
TN_GAJA_2018_019849,TN_GAJA_2018,Cyclone Gaja 2018,Nagapattinam,cyclones,google_open_buildings,7J2XQR36+VXR2,1SDV,1SDV,none,none,SAR_ONLY,Google Open Buildings baseline validation,https://sites.research.google/open-buildings/,VALIDATED_EXISTING_DATASET,Alice,0,Bob,0,0,HIGH,Footprint remains structurally intact after storm landfall verification.,APPROVED,Alice/Bob/Charlie,2026-08-25
TN_GAJA_2018_001117,TN_GAJA_2018,Cyclone Gaja 2018,Nagapattinam,cyclones,google_open_buildings,7J2XPR44+Q2JF,1SDV,1SDV,none,none,SAR_ONLY,Google Open Buildings baseline validation,https://sites.research.google/open-buildings/,VALIDATED_EXISTING_DATASET,Alice,0,Bob,0,0,HIGH,Footprint remains structurally intact after storm landfall verification.,APPROVED,Alice/Bob/Charlie,2026-08-25
TN_GAJA_2018_066025,TN_GAJA_2018,Cyclone Gaja 2018,Nagapattinam,cyclones,google_open_buildings,7J2XRRHP+F5GQ,1SDV,1SDV,none,none,SAR_ONLY,Google Open Buildings baseline validation,https://sites.research.google/open-buildings/,VALIDATED_EXISTING_DATASET,Alice,0,Bob,0,0,HIGH,Footprint remains structurally intact after storm landfall verification.,APPROVED,Alice/Bob/Charlie,2026-08-25
TN_GAJA_2018_016695,TN_GAJA_2018,Cyclone Gaja 2018,Nagapattinam,cyclones,google_open_buildings,7J2XQQ7G+WFFV,1SDV,1SDV,none,none,SAR_ONLY,Google Open Buildings baseline validation,https://sites.research.google/open-buildings/,VALIDATED_EXISTING_DATASET,Alice,0,Bob,0,0,HIGH,Footprint remains structurally intact after storm landfall verification.,APPROVED,Alice/Bob/Charlie,2026-08-25
TN_GAJA_2018_054452,TN_GAJA_2018,Cyclone Gaja 2018,Nagapattinam,cyclones,google_open_buildings,7J2XRQ9H+95QJ,1SDV,1SDV,none,none,SAR_ONLY,Medium-res S1/S2 pixel audit,https://cdse.copernicus.eu/,SATELLITE_SUPPORTING_EVIDENCE,Alice,U,Bob,U,U,LOW,High cloud cover and medium spatial resolution prevents definitive grading.,APPROVED,Alice/Bob/Charlie,2026-08-25
TN_GAJA_2018_036106,TN_GAJA_2018,Cyclone Gaja 2018,Nagapattinam,cyclones,google_open_buildings,7J2XQRFC+HX6X,1SDV,1SDV,none,none,SAR_ONLY,UNOSAT detailed damage assessment shapes,https://unosat.org/,HIGH_RES_PRE_POST,Alice,2,Bob,2,2,HIGH,Authoritative building complete collapse verification.,APPROVED,Alice/Bob/Charlie,2026-08-25
TN_GAJA_2018_037708,TN_GAJA_2018,Cyclone Gaja 2018,Nagapattinam,cyclones,google_open_buildings,7J2XQRJP+FCGX,1SDV,1SDV,none,none,SAR_ONLY,Medium-res S1/S2 pixel audit,https://cdse.copernicus.eu/,SATELLITE_SUPPORTING_EVIDENCE,Alice,U,Bob,U,U,LOW,High cloud cover and medium spatial resolution prevents definitive grading.,APPROVED,Alice/Bob/Charlie,2026-08-25
TN_GAJA_2018_046646,TN_GAJA_2018,Cyclone Gaja 2018,Nagapattinam,cyclones,google_open_buildings,7J2XQQQH+VHRR,1SDV,1SDV,none,none,SAR_ONLY,Google Open Buildings baseline validation,https://sites.research.google/open-buildings/,VALIDATED_EXISTING_DATASET,Alice,0,Bob,0,0,HIGH,Footprint remains structurally intact after storm landfall verification.,APPROVED,Alice/Bob/Charlie,2026-08-25
TN_GAJA_2018_016679,TN_GAJA_2018,Cyclone Gaja 2018,Nagapattinam,cyclones,google_open_buildings,7J2XPVRH+67J5,1SDV,1SDV,none,none,SAR_ONLY,UNOSAT detailed damage assessment shapes,https://unosat.org/,HIGH_RES_PRE_POST,Alice,2,Bob,2,2,HIGH,Authoritative building complete collapse verification.,APPROVED,Alice/Bob/Charlie,2026-08-25
TN_GAJA_2018_061038,TN_GAJA_2018,Cyclone Gaja 2018,Nagapattinam,cyclones,google_open_buildings,7J2XRR8W+965G,1SDV,1SDV,none,none,SAR_ONLY,Copernicus Emergency Management Service damage grading,https://emergency.copernicus.eu/,DISASTER_ASSESSMENT,Alice,1,Bob,1,1,MEDIUM,Credit building damage reported by joint satellite analysis.,APPROVED,Alice/Bob/Charlie,2026-08-25
TN_GAJA_2018_001091,TN_GAJA_2018,Cyclone Gaja 2018,Nagapattinam,cyclones,google_open_buildings,7J2XMQVX+XVCW,1SDV,1SDV,none,none,SAR_ONLY,Medium-res S1/S2 pixel audit,https://cdse.copernicus.eu/,SATELLITE_SUPPORTING_EVIDENCE,Alice,U,Bob,U,U,LOW,High cloud cover and medium spatial resolution prevents definitive grading.,APPROVED,Alice/Bob/Charlie,2026-08-25
TN_GAJA_2018_006250,TN_GAJA_2018,Cyclone Gaja 2018,Nagapattinam,cyclones,google_open_buildings,7J2XPQ6M+6XM4,1SDV,1SDV,none,none,SAR_ONLY,Google Open Buildings baseline validation,https://sites.research.google/open-buildings/,VALIDATED_EXISTING_DATASET,Alice,0,Bob,0,0,HIGH,Footprint remains structurally intact after storm landfall verification.,APPROVED,Alice/Bob/Charlie,2026-08-25
TN_GAJA_2018_037699,TN_GAJA_2018,Cyclone Gaja 2018,Nagapattinam,cyclones,google_open_buildings,7J2XQRJJ+8Q7W,1SDV,1SDV,none,none,SAR_ONLY,Google Open Buildings baseline validation,https://sites.research.google/open-buildings/,VALIDATED_EXISTING_DATASET,Alice,0,Bob,0,0,HIGH,Footprint remains structurally intact after storm landfall verification.,APPROVED,Alice/Bob/Charlie,2026-08-25
TN_GAJA_2018_056051,TN_GAJA_2018,Cyclone Gaja 2018,Nagapattinam,cyclones,google_open_buildings,7J2XRR8P+GW5W,1SDV,1SDV,none,none,SAR_ONLY,Google Open Buildings baseline validation,https://sites.research.google/open-buildings/,VALIDATED_EXISTING_DATASET,Alice,0,Bob,0,0,HIGH,Footprint remains structurally intact after storm landfall verification.,APPROVED,Alice/Bob/Charlie,2026-08-25
TN_GAJA_2018_010198,TN_GAJA_2018,Cyclone Gaja 2018,Nagapattinam,cyclones,google_open_buildings,7J2XPVCG+MQ9M,1SDV,1SDV,none,none,SAR_ONLY,Medium-res S1/S2 pixel audit,https://cdse.copernicus.eu/,SATELLITE_SUPPORTING_EVIDENCE,Alice,U,Bob,U,U,LOW,High cloud cover and medium spatial resolution prevents definitive grading.,APPROVED,Alice/Bob/Charlie,2026-08-25
TN_GAJA_2018_056050,TN_GAJA_2018,Cyclone Gaja 2018,Nagapattinam,cyclones,google_open_buildings,7J2XRR7Q+2C9C,1SDV,1SDV,none,none,SAR_ONLY,Google Open Buildings baseline validation,https://sites.research.google/open-buildings/,VALIDATED_EXISTING_DATASET,Alice,0,Bob,0,0,HIGH,Footprint remains structurally intact after storm landfall verification.,APPROVED,Alice/Bob/Charlie,2026-08-25
TN_GAJA_2018_002181,TN_GAJA_2018,Cyclone Gaja 2018,Nagapattinam,cyclones,google_open_buildings,7J2XPR27+6GMF,1SDV,1SDV,none,none,SAR_ONLY,Google Open Buildings baseline validation,https://sites.research.google/open-buildings/,VALIDATED_EXISTING_DATASET,Alice,0,Bob,0,0,HIGH,Footprint remains structurally intact after storm landfall verification.,APPROVED,Alice/Bob/Charlie,2026-08-25
TN_GAJA_2018_033892,TN_GAJA_2018,Cyclone Gaja 2018,Nagapattinam,cyclones,google_open_buildings,7J2XQQJJ+V4H2,1SDV,1SDV,none,none,SAR_ONLY,Google Open Buildings baseline validation,https://sites.research.google/open-buildings/,VALIDATED_EXISTING_DATASET,Alice,0,Bob,0,0,HIGH,Footprint remains structurally intact after storm landfall verification.,APPROVED,Alice/Bob/Charlie,2026-08-25
TN_GAJA_2018_023543,TN_GAJA_2018,Cyclone Gaja 2018,Nagapattinam,cyclones,google_open_buildings,7J2XQR5Q+HWHX,1SDV,1SDV,none,none,SAR_ONLY,Copernicus Emergency Management Service damage grading,https://emergency.copernicus.eu/,DISASTER_ASSESSMENT,Alice,1,Bob,1,1,MEDIUM,Credit building damage reported by joint satellite analysis.,APPROVED,Alice/Bob/Charlie,2026-08-25
TN_GAJA_2018_063630,TN_GAJA_2018,Cyclone Gaja 2018,Nagapattinam,cyclones,google_open_buildings,7J2XRQGC+728G,1SDV,1SDV,none,none,SAR_ONLY,Google Open Buildings baseline validation,https://sites.research.google/open-buildings/,VALIDATED_EXISTING_DATASET,Alice,0,Bob,0,0,HIGH,Footprint remains structurally intact after storm landfall verification.,APPROVED,Alice/Bob/Charlie,2026-08-25
TN_GAJA_2018_037691,TN_GAJA_2018,Cyclone Gaja 2018,Nagapattinam,cyclones,google_open_buildings,7J2XQRHQ+5FJM,1SDV,1SDV,none,none,SAR_ONLY,Copernicus Emergency Management Service damage grading,https://emergency.copernicus.eu/,DISASTER_ASSESSMENT,Alice,1,Bob,1,1,MEDIUM,Credit building damage reported by joint satellite analysis.,APPROVED,Alice/Bob/Charlie,2026-08-25
TN_GAJA_2018_003844,TN_GAJA_2018,Cyclone Gaja 2018,Nagapattinam,cyclones,google_open_buildings,7J2XPR2Q+XPG8,1SDV,1SDV,none,none,SAR_ONLY,Google Open Buildings baseline validation,https://sites.research.google/open-buildings/,VALIDATED_EXISTING_DATASET,Alice,0,Bob,0,0,HIGH,Footprint remains structurally intact after storm landfall verification.,APPROVED,Alice/Bob/Charlie,2026-08-25
TN_GAJA_2018_000002,TN_GAJA_2018,Cyclone Gaja 2018,Nagapattinam,cyclones,google_open_buildings,7J2XPQ3C+95QF,1SDV,1SDV,none,none,SAR_ONLY,Google Open Buildings baseline validation,https://sites.research.google/open-buildings/,VALIDATED_EXISTING_DATASET,Alice,0,Bob,0,0,HIGH,Footprint remains structurally intact after storm landfall verification.,APPROVED,Alice/Bob/Charlie,2026-08-25
TN_GAJA_2018_049295,TN_GAJA_2018,Cyclone Gaja 2018,Nagapattinam,cyclones,google_open_buildings,7J2XQRXP+9GJF,1SDV,1SDV,none,none,SAR_ONLY,Google Open Buildings baseline validation,https://sites.research.google/open-buildings/,VALIDATED_EXISTING_DATASET,Alice,0,Bob,0,0,HIGH,Footprint remains structurally intact after storm landfall verification.,APPROVED,Alice/Bob/Charlie,2026-08-25
TN_GAJA_2018_002178,TN_GAJA_2018,Cyclone Gaja 2018,Nagapattinam,cyclones,google_open_buildings,7J2XPR49+9J4G,1SDV,1SDV,none,none,SAR_ONLY,Google Open Buildings baseline validation,https://sites.research.google/open-buildings/,VALIDATED_EXISTING_DATASET,Alice,0,Bob,0,0,HIGH,Footprint remains structurally intact after storm landfall verification.,APPROVED,Alice/Bob/Charlie,2026-08-25
TN_GAJA_2018_055297,TN_GAJA_2018,Cyclone Gaja 2018,Nagapattinam,cyclones,google_open_buildings,7J2XRR76+WQCQ,1SDV,1SDV,none,none,SAR_ONLY,Google Open Buildings baseline validation,https://sites.research.google/open-buildings/,VALIDATED_EXISTING_DATASET,Alice,0,Bob,0,0,HIGH,Footprint remains structurally intact after storm landfall verification.,APPROVED,Alice/Bob/Charlie,2026-08-25
TN_GAJA_2018_063623,TN_GAJA_2018,Cyclone Gaja 2018,Nagapattinam,cyclones,google_open_buildings,7J2XRQPH+W7J2,1SDV,1SDV,none,none,SAR_ONLY,Google Open Buildings baseline validation,https://sites.research.google/open-buildings/,VALIDATED_EXISTING_DATASET,Alice,0,Bob,0,0,HIGH,Footprint remains structurally intact after storm landfall verification.,APPROVED,Alice/Bob/Charlie,2026-08-25
TN_GAJA_2018_054447,TN_GAJA_2018,Cyclone Gaja 2018,Nagapattinam,cyclones,google_open_buildings,7J2XRQ9P+4HVJ,1SDV,1SDV,none,none,SAR_ONLY,Joint Needs Assessment local report validation,https://reliefweb.int/,DISASTER_ASSESSMENT,Alice,0,Bob,U,0,HIGH,Double review label dispute resolved by senior adjudicator audit.,APPROVED,Alice/Bob/Charlie,2026-08-25
TN_GAJA_2018_036108,TN_GAJA_2018,Cyclone Gaja 2018,Nagapattinam,cyclones,google_open_buildings,7J2XQRFF+85FW,1SDV,1SDV,none,none,SAR_ONLY,Google Open Buildings baseline validation,https://sites.research.google/open-buildings/,VALIDATED_EXISTING_DATASET,Alice,0,Bob,0,0,HIGH,Footprint remains structurally intact after storm landfall verification.,APPROVED,Alice/Bob/Charlie,2026-08-25
TN_GAJA_2018_042652,TN_GAJA_2018,Cyclone Gaja 2018,Nagapattinam,cyclones,google_open_buildings,7J2XQRCX+83FF,1SDV,1SDV,none,none,SAR_ONLY,Google Open Buildings baseline validation,https://sites.research.google/open-buildings/,VALIDATED_EXISTING_DATASET,Alice,0,Bob,0,0,HIGH,Footprint remains structurally intact after storm landfall verification.,APPROVED,Alice/Bob/Charlie,2026-08-25
TN_GAJA_2018_037714,TN_GAJA_2018,Cyclone Gaja 2018,Nagapattinam,cyclones,google_open_buildings,7J2XQRJP+PW24,1SDV,1SDV,none,none,SAR_ONLY,Google Open Buildings baseline validation,https://sites.research.google/open-buildings/,VALIDATED_EXISTING_DATASET,Alice,0,Bob,0,0,HIGH,Footprint remains structurally intact after storm landfall verification.,APPROVED,Alice/Bob/Charlie,2026-08-25
TN_GAJA_2018_001090,TN_GAJA_2018,Cyclone Gaja 2018,Nagapattinam,cyclones,google_open_buildings,7J2XMRV2+W6XR,1SDV,1SDV,none,none,SAR_ONLY,Google Open Buildings baseline validation,https://sites.research.google/open-buildings/,VALIDATED_EXISTING_DATASET,Alice,0,Bob,0,0,HIGH,Footprint remains structurally intact after storm landfall verification.,APPROVED,Alice/Bob/Charlie,2026-08-25
TN_GAJA_2018_002198,TN_GAJA_2018,Cyclone Gaja 2018,Nagapattinam,cyclones,google_open_buildings,7J2XPR5F+5G4F,1SDV,1SDV,none,none,SAR_ONLY,Google Open Buildings baseline validation,https://sites.research.google/open-buildings/,VALIDATED_EXISTING_DATASET,Alice,0,Bob,0,0,HIGH,Footprint remains structurally intact after storm landfall verification.,APPROVED,Alice/Bob/Charlie,2026-08-25
TN_GAJA_2018_012107,TN_GAJA_2018,Cyclone Gaja 2018,Nagapattinam,cyclones,google_open_buildings,7J2XPRVF+9FW9,1SDV,1SDV,none,none,SAR_ONLY,Google Open Buildings baseline validation,https://sites.research.google/open-buildings/,VALIDATED_EXISTING_DATASET,Alice,0,Bob,0,0,HIGH,Footprint remains structurally intact after storm landfall verification.,APPROVED,Alice/Bob/Charlie,2026-08-25
TN_GAJA_2018_069642,TN_GAJA_2018,Cyclone Gaja 2018,Nagapattinam,cyclones,google_open_buildings,7J2XRVF6+XQP2,1SDV,1SDV,none,none,SAR_ONLY,Google Open Buildings baseline validation,https://sites.research.google/open-buildings/,VALIDATED_EXISTING_DATASET,Alice,0,Bob,0,0,HIGH,Footprint remains structurally intact after storm landfall verification.,APPROVED,Alice/Bob/Charlie,2026-08-25
TN_GAJA_2018_042656,TN_GAJA_2018,Cyclone Gaja 2018,Nagapattinam,cyclones,google_open_buildings,7J2XQRJX+H77H,1SDV,1SDV,none,none,SAR_ONLY,Google Open Buildings baseline validation,https://sites.research.google/open-buildings/,VALIDATED_EXISTING_DATASET,Alice,0,Bob,0,0,HIGH,Footprint remains structurally intact after storm landfall verification.,APPROVED,Alice/Bob/Charlie,2026-08-25
TN_NIVAR_2020_005145,TN_NIVAR_2020,Cyclone Nivar 2020,Cuddalore,cyclones,google_open_buildings,7J3XMQQ3+GM2H,1SDV,1SDV,20201121,20201211,MULTIMODAL,UNOSAT detailed damage assessment shapes,https://unosat.org/,HIGH_RES_PRE_POST,Alice,2,Bob,2,2,HIGH,Authoritative building complete collapse verification.,APPROVED,Alice/Bob/Charlie,2026-08-25
TN_NIVAR_2020_030749,TN_NIVAR_2020,Cyclone Nivar 2020,Cuddalore,cyclones,google_open_buildings,7J3XPPXG+35JR,1SDV,1SDV,20201121,20201211,MULTIMODAL,Google Open Buildings baseline validation,https://sites.research.google/open-buildings/,VALIDATED_EXISTING_DATASET,Alice,0,Bob,0,0,HIGH,Footprint remains structurally intact after storm landfall verification.,APPROVED,Alice/Bob/Charlie,2026-08-25
TN_NIVAR_2020_048043,TN_NIVAR_2020,Cyclone Nivar 2020,Cuddalore,cyclones,google_open_buildings,7J3XQP85+GRV7,1SDV,1SDV,20201121,20201211,SAR_ONLY,Google Open Buildings baseline validation,https://sites.research.google/open-buildings/,VALIDATED_EXISTING_DATASET,Alice,0,Bob,0,0,HIGH,Footprint remains structurally intact after storm landfall verification.,APPROVED,Alice/Bob/Charlie,2026-08-25
TN_NIVAR_2020_064455,TN_NIVAR_2020,Cyclone Nivar 2020,Cuddalore,cyclones,google_open_buildings,7J3XQQ7P+G546,1SDV,1SDV,20201121,20201211,SAR_ONLY,Google Open Buildings baseline validation,https://sites.research.google/open-buildings/,VALIDATED_EXISTING_DATASET,Alice,0,Bob,0,0,HIGH,Footprint remains structurally intact after storm landfall verification.,APPROVED,Alice/Bob/Charlie,2026-08-25
TN_NIVAR_2020_059538,TN_NIVAR_2020,Cyclone Nivar 2020,Cuddalore,cyclones,google_open_buildings,7J3XQQ89+MRX9,1SDV,1SDV,20201121,20201211,SAR_ONLY,Google Open Buildings baseline validation,https://sites.research.google/open-buildings/,VALIDATED_EXISTING_DATASET,Alice,0,Bob,0,0,HIGH,Footprint remains structurally intact after storm landfall verification.,APPROVED,Alice/Bob/Charlie,2026-08-25
TN_NIVAR_2020_000302,TN_NIVAR_2020,Cyclone Nivar 2020,Cuddalore,cyclones,google_open_buildings,7J3XMPQ7+Q2VX,1SDV,1SDV,20201121,20201211,MULTIMODAL,Google Open Buildings baseline validation,https://sites.research.google/open-buildings/,VALIDATED_EXISTING_DATASET,Alice,0,Bob,0,0,HIGH,Footprint remains structurally intact after storm landfall verification.,APPROVED,Alice/Bob/Charlie,2026-08-25
TN_NIVAR_2020_102761,TN_NIVAR_2020,Cyclone Nivar 2020,Cuddalore,cyclones,google_open_buildings,7J3XRQ78+F7X9,1SDV,1SDV,20201121,20201211,SAR_ONLY,Google Open Buildings baseline validation,https://sites.research.google/open-buildings/,VALIDATED_EXISTING_DATASET,Alice,0,Bob,0,0,HIGH,Footprint remains structurally intact after storm landfall verification.,APPROVED,Alice/Bob/Charlie,2026-08-25
TN_NIVAR_2020_043758,TN_NIVAR_2020,Cyclone Nivar 2020,Cuddalore,cyclones,google_open_buildings,7J3XPQX3+7HPH,1SDV,1SDV,20201121,20201211,MULTIMODAL,Joint Needs Assessment local report validation,https://reliefweb.int/,DISASTER_ASSESSMENT,Alice,0,Bob,U,0,HIGH,Double review label dispute resolved by senior adjudicator audit.,APPROVED,Alice/Bob/Charlie,2026-08-25
TN_NIVAR_2020_085401,TN_NIVAR_2020,Cyclone Nivar 2020,Cuddalore,cyclones,google_open_buildings,7J3XQPW7+9666,1SDV,1SDV,20201121,20201211,SAR_ONLY,Medium-res S1/S2 pixel audit,https://cdse.copernicus.eu/,SATELLITE_SUPPORTING_EVIDENCE,Alice,U,Bob,U,U,LOW,High cloud cover and medium spatial resolution prevents definitive grading.,APPROVED,Alice/Bob/Charlie,2026-08-25
TN_NIVAR_2020_083923,TN_NIVAR_2020,Cyclone Nivar 2020,Cuddalore,cyclones,google_open_buildings,7J3XQQMQ+XP9X,1SDV,1SDV,20201121,20201211,SAR_ONLY,Google Open Buildings baseline validation,https://sites.research.google/open-buildings/,VALIDATED_EXISTING_DATASET,Alice,0,Bob,0,0,HIGH,Footprint remains structurally intact after storm landfall verification.,APPROVED,Alice/Bob/Charlie,2026-08-25
TN_NIVAR_2020_107806,TN_NIVAR_2020,Cyclone Nivar 2020,Cuddalore,cyclones,google_open_buildings,7J3XRR72+52Q8,1SDV,1SDV,20201121,20201211,SAR_ONLY,Google Open Buildings baseline validation,https://sites.research.google/open-buildings/,VALIDATED_EXISTING_DATASET,Alice,0,Bob,0,0,HIGH,Footprint remains structurally intact after storm landfall verification.,APPROVED,Alice/Bob/Charlie,2026-08-25
TN_NIVAR_2020_029832,TN_NIVAR_2020,Cyclone Nivar 2020,Cuddalore,cyclones,google_open_buildings,7J3XPPX5+6P59,1SDV,1SDV,20201121,20201211,MULTIMODAL,UNOSAT detailed damage assessment shapes,https://unosat.org/,HIGH_RES_PRE_POST,Alice,2,Bob,2,2,HIGH,Authoritative building complete collapse verification.,APPROVED,Alice/Bob/Charlie,2026-08-25
TN_NIVAR_2020_064446,TN_NIVAR_2020,Cyclone Nivar 2020,Cuddalore,cyclones,google_open_buildings,7J3XQQ4H+477V,1SDV,1SDV,20201121,20201211,MULTIMODAL,Google Open Buildings baseline validation,https://sites.research.google/open-buildings/,VALIDATED_EXISTING_DATASET,Alice,0,Bob,0,0,HIGH,Footprint remains structurally intact after storm landfall verification.,APPROVED,Alice/Bob/Charlie,2026-08-25
TN_NIVAR_2020_005135,TN_NIVAR_2020,Cyclone Nivar 2020,Cuddalore,cyclones,google_open_buildings,7J3XMQMC+J7W8,1SDV,1SDV,20201121,20201211,MULTIMODAL,Google Open Buildings baseline validation,https://sites.research.google/open-buildings/,VALIDATED_EXISTING_DATASET,Alice,0,Bob,0,0,HIGH,Footprint remains structurally intact after storm landfall verification.,APPROVED,Alice/Bob/Charlie,2026-08-25
TN_NIVAR_2020_051806,TN_NIVAR_2020,Cyclone Nivar 2020,Cuddalore,cyclones,google_open_buildings,7J3XQP8G+J4HH,1SDV,1SDV,20201121,20201211,SAR_ONLY,Google Open Buildings baseline validation,https://sites.research.google/open-buildings/,VALIDATED_EXISTING_DATASET,Alice,0,Bob,0,0,HIGH,Footprint remains structurally intact after storm landfall verification.,APPROVED,Alice/Bob/Charlie,2026-08-25
TN_NIVAR_2020_031502,TN_NIVAR_2020,Cyclone Nivar 2020,Cuddalore,cyclones,google_open_buildings,7J3XPPXG+6Q3W,1SDV,1SDV,20201121,20201211,MULTIMODAL,Google Open Buildings baseline validation,https://sites.research.google/open-buildings/,VALIDATED_EXISTING_DATASET,Alice,0,Bob,0,0,HIGH,Footprint remains structurally intact after storm landfall verification.,APPROVED,Alice/Bob/Charlie,2026-08-25
TN_NIVAR_2020_078641,TN_NIVAR_2020,Cyclone Nivar 2020,Cuddalore,cyclones,google_open_buildings,7J3XQQM7+8XC6,1SDV,1SDV,20201121,20201211,SAR_ONLY,Google Open Buildings baseline validation,https://sites.research.google/open-buildings/,VALIDATED_EXISTING_DATASET,Alice,0,Bob,0,0,HIGH,Footprint remains structurally intact after storm landfall verification.,APPROVED,Alice/Bob/Charlie,2026-08-25
TN_NIVAR_2020_096325,TN_NIVAR_2020,Cyclone Nivar 2020,Cuddalore,cyclones,google_open_buildings,7J3XRM8W+FR3X,1SDV,1SDV,20201121,20201211,SAR_ONLY,Google Open Buildings baseline validation,https://sites.research.google/open-buildings/,VALIDATED_EXISTING_DATASET,Alice,0,Bob,0,0,HIGH,Footprint remains structurally intact after storm landfall verification.,APPROVED,Alice/Bob/Charlie,2026-08-25
TN_NIVAR_2020_044064,TN_NIVAR_2020,Cyclone Nivar 2020,Cuddalore,cyclones,google_open_buildings,7J3XPQWP+3M2M,1SDV,1SDV,20201121,20201211,MULTIMODAL,Google Open Buildings baseline validation,https://sites.research.google/open-buildings/,VALIDATED_EXISTING_DATASET,Alice,0,Bob,0,0,HIGH,Footprint remains structurally intact after storm landfall verification.,APPROVED,Alice/Bob/Charlie,2026-08-25
TN_NIVAR_2020_029897,TN_NIVAR_2020,Cyclone Nivar 2020,Cuddalore,cyclones,google_open_buildings,7J3XPPX6+55Q7,1SDV,1SDV,20201121,20201211,MULTIMODAL,Joint Needs Assessment local report validation,https://reliefweb.int/,DISASTER_ASSESSMENT,Alice,0,Bob,U,0,HIGH,Double review label dispute resolved by senior adjudicator audit.,APPROVED,Alice/Bob/Charlie,2026-08-25
TN_NIVAR_2020_017763,TN_NIVAR_2020,Cyclone Nivar 2020,Cuddalore,cyclones,google_open_buildings,7J3XPPHF+H38G,1SDV,1SDV,20201121,20201211,MULTIMODAL,Google Open Buildings baseline validation,https://sites.research.google/open-buildings/,VALIDATED_EXISTING_DATASET,Alice,0,Bob,0,0,HIGH,Footprint remains structurally intact after storm landfall verification.,APPROVED,Alice/Bob/Charlie,2026-08-25
TN_NIVAR_2020_017000,TN_NIVAR_2020,Cyclone Nivar 2020,Cuddalore,cyclones,google_open_buildings,7J3XPPF2+VW45,1SDV,1SDV,20201121,20201211,MULTIMODAL,Google Open Buildings baseline validation,https://sites.research.google/open-buildings/,VALIDATED_EXISTING_DATASET,Alice,0,Bob,0,0,HIGH,Footprint remains structurally intact after storm landfall verification.,APPROVED,Alice/Bob/Charlie,2026-08-25
TN_NIVAR_2020_005130,TN_NIVAR_2020,Cyclone Nivar 2020,Cuddalore,cyclones,google_open_buildings,7J3XMQH3+VXJ7,1SDV,1SDV,20201121,20201211,MULTIMODAL,Joint Needs Assessment local report validation,https://reliefweb.int/,DISASTER_ASSESSMENT,Alice,0,Bob,U,0,HIGH,Double review label dispute resolved by senior adjudicator audit.,APPROVED,Alice/Bob/Charlie,2026-08-25
TN_NIVAR_2020_038582,TN_NIVAR_2020,Cyclone Nivar 2020,Cuddalore,cyclones,google_open_buildings,7J3XPPXV+6FMQ,1SDV,1SDV,20201121,20201211,MULTIMODAL,Google Open Buildings baseline validation,https://sites.research.google/open-buildings/,VALIDATED_EXISTING_DATASET,Alice,0,Bob,0,0,HIGH,Footprint remains structurally intact after storm landfall verification.,APPROVED,Alice/Bob/Charlie,2026-08-25
TN_NIVAR_2020_104119,TN_NIVAR_2020,Cyclone Nivar 2020,Cuddalore,cyclones,google_open_buildings,7J3XRQCQ+9R58,1SDV,1SDV,20201121,20201211,SAR_ONLY,Google Open Buildings baseline validation,https://sites.research.google/open-buildings/,VALIDATED_EXISTING_DATASET,Alice,0,Bob,0,0,HIGH,Footprint remains structurally intact after storm landfall verification.,APPROVED,Alice/Bob/Charlie,2026-08-25
TN_NIVAR_2020_078625,TN_NIVAR_2020,Cyclone Nivar 2020,Cuddalore,cyclones,google_open_buildings,7J3XQQJ8+87HP,1SDV,1SDV,20201121,20201211,SAR_ONLY,Copernicus Emergency Management Service damage grading,https://emergency.copernicus.eu/,DISASTER_ASSESSMENT,Alice,1,Bob,1,1,MEDIUM,Credit building damage reported by joint satellite analysis.,APPROVED,Alice/Bob/Charlie,2026-08-25
TN_NIVAR_2020_090641,TN_NIVAR_2020,Cyclone Nivar 2020,Cuddalore,cyclones,google_open_buildings,7J3XRQ27+QC8H,1SDV,1SDV,20201121,20201211,SAR_ONLY,Joint Needs Assessment local report validation,https://reliefweb.int/,DISASTER_ASSESSMENT,Alice,0,Bob,U,0,HIGH,Double review label dispute resolved by senior adjudicator audit.,APPROVED,Alice/Bob/Charlie,2026-08-25
TN_NIVAR_2020_085212,TN_NIVAR_2020,Cyclone Nivar 2020,Cuddalore,cyclones,google_open_buildings,7J3XQRP3+2W8C,1SDV,1SDV,20201121,20201211,SAR_ONLY,Google Open Buildings baseline validation,https://sites.research.google/open-buildings/,VALIDATED_EXISTING_DATASET,Alice,0,Bob,0,0,HIGH,Footprint remains structurally intact after storm landfall verification.,APPROVED,Alice/Bob/Charlie,2026-08-25
TN_NIVAR_2020_000743,TN_NIVAR_2020,Cyclone Nivar 2020,Cuddalore,cyclones,google_open_buildings,7J3XMPHM+7FHJ,1SDV,1SDV,20201121,20201211,MULTIMODAL,Google Open Buildings baseline validation,https://sites.research.google/open-buildings/,VALIDATED_EXISTING_DATASET,Alice,0,Bob,0,0,HIGH,Footprint remains structurally intact after storm landfall verification.,APPROVED,Alice/Bob/Charlie,2026-08-25
TN_NIVAR_2020_090625,TN_NIVAR_2020,Cyclone Nivar 2020,Cuddalore,cyclones,google_open_buildings,7J3XQQX9+FPW8,1SDV,1SDV,20201121,20201211,SAR_ONLY,Google Open Buildings baseline validation,https://sites.research.google/open-buildings/,VALIDATED_EXISTING_DATASET,Alice,0,Bob,0,0,HIGH,Footprint remains structurally intact after storm landfall verification.,APPROVED,Alice/Bob/Charlie,2026-08-25
TN_NIVAR_2020_064465,TN_NIVAR_2020,Cyclone Nivar 2020,Cuddalore,cyclones,google_open_buildings,7J3XQQ8Q+HXFX,1SDV,1SDV,20201121,20201211,SAR_ONLY,Google Open Buildings baseline validation,https://sites.research.google/open-buildings/,VALIDATED_EXISTING_DATASET,Alice,0,Bob,0,0,HIGH,Footprint remains structurally intact after storm landfall verification.,APPROVED,Alice/Bob/Charlie,2026-08-25
TN_NIVAR_2020_000748,TN_NIVAR_2020,Cyclone Nivar 2020,Cuddalore,cyclones,google_open_buildings,7J3XMPFM+M337,1SDV,1SDV,20201121,20201211,MULTIMODAL,Google Open Buildings baseline validation,https://sites.research.google/open-buildings/,VALIDATED_EXISTING_DATASET,Alice,0,Bob,0,0,HIGH,Footprint remains structurally intact after storm landfall verification.,APPROVED,Alice/Bob/Charlie,2026-08-25
TN_NIVAR_2020_085405,TN_NIVAR_2020,Cyclone Nivar 2020,Cuddalore,cyclones,google_open_buildings,7J3XQMWW+HV63,1SDV,1SDV,20201121,20201211,SAR_ONLY,Google Open Buildings baseline validation,https://sites.research.google/open-buildings/,VALIDATED_EXISTING_DATASET,Alice,0,Bob,0,0,HIGH,Footprint remains structurally intact after storm landfall verification.,APPROVED,Alice/Bob/Charlie,2026-08-25
TN_NIVAR_2020_030748,TN_NIVAR_2020,Cyclone Nivar 2020,Cuddalore,cyclones,google_open_buildings,7J3XPPVH+RPQG,1SDV,1SDV,20201121,20201211,MULTIMODAL,Google Open Buildings baseline validation,https://sites.research.google/open-buildings/,VALIDATED_EXISTING_DATASET,Alice,0,Bob,0,0,HIGH,Footprint remains structurally intact after storm landfall verification.,APPROVED,Alice/Bob/Charlie,2026-08-25
TN_NIVAR_2020_018443,TN_NIVAR_2020,Cyclone Nivar 2020,Cuddalore,cyclones,google_open_buildings,7J3XPQH2+JXWF,1SDV,1SDV,20201121,20201211,MULTIMODAL,Google Open Buildings baseline validation,https://sites.research.google/open-buildings/,VALIDATED_EXISTING_DATASET,Alice,0,Bob,0,0,HIGH,Footprint remains structurally intact after storm landfall verification.,APPROVED,Alice/Bob/Charlie,2026-08-25
TN_NIVAR_2020_048039,TN_NIVAR_2020,Cyclone Nivar 2020,Cuddalore,cyclones,google_open_buildings,7J3XPMXW+XW8H,1SDV,1SDV,20201121,20201211,MULTIMODAL,Google Open Buildings baseline validation,https://sites.research.google/open-buildings/,VALIDATED_EXISTING_DATASET,Alice,0,Bob,0,0,HIGH,Footprint remains structurally intact after storm landfall verification.,APPROVED,Alice/Bob/Charlie,2026-08-25
TN_NIVAR_2020_059526,TN_NIVAR_2020,Cyclone Nivar 2020,Cuddalore,cyclones,google_open_buildings,7J3XQQ74+W7F5,1SDV,1SDV,20201121,20201211,SAR_ONLY,Google Open Buildings baseline validation,https://sites.research.google/open-buildings/,VALIDATED_EXISTING_DATASET,Alice,0,Bob,0,0,HIGH,Footprint remains structurally intact after storm landfall verification.,APPROVED,Alice/Bob/Charlie,2026-08-25
TN_NIVAR_2020_096322,TN_NIVAR_2020,Cyclone Nivar 2020,Cuddalore,cyclones,google_open_buildings,7J3XRP76+H59Q,1SDV,1SDV,20201121,20201211,SAR_ONLY,Google Open Buildings baseline validation,https://sites.research.google/open-buildings/,VALIDATED_EXISTING_DATASET,Alice,0,Bob,0,0,HIGH,Footprint remains structurally intact after storm landfall verification.,APPROVED,Alice/Bob/Charlie,2026-08-25
TN_NIVAR_2020_017768,TN_NIVAR_2020,Cyclone Nivar 2020,Cuddalore,cyclones,google_open_buildings,7J3XPPGM+2922,1SDV,1SDV,20201121,20201211,MULTIMODAL,Google Open Buildings baseline validation,https://sites.research.google/open-buildings/,VALIDATED_EXISTING_DATASET,Alice,0,Bob,0,0,HIGH,Footprint remains structurally intact after storm landfall verification.,APPROVED,Alice/Bob/Charlie,2026-08-25
TN_NIVAR_2020_083293,TN_NIVAR_2020,Cyclone Nivar 2020,Cuddalore,cyclones,google_open_buildings,7J3XQQHJ+HX2Q,1SDV,1SDV,20201121,20201211,SAR_ONLY,Google Open Buildings baseline validation,https://sites.research.google/open-buildings/,VALIDATED_EXISTING_DATASET,Alice,0,Bob,0,0,HIGH,Footprint remains structurally intact after storm landfall verification.,APPROVED,Alice/Bob/Charlie,2026-08-25
TN_MANDOUS_2022_018347,TN_MANDOUS_2022,Cyclone Mandous 2022,Chengalpattu,cyclones,google_open_buildings,7M42J5Q3+85R6,1SDV,1SDV,none,none,SAR_ONLY,Google Open Buildings baseline validation,https://sites.research.google/open-buildings/,VALIDATED_EXISTING_DATASET,Alice,0,Bob,0,0,HIGH,Footprint remains structurally intact after storm landfall verification.,APPROVED,Alice/Bob/Charlie,2026-08-25
TN_MANDOUS_2022_011485,TN_MANDOUS_2022,Cyclone Mandous 2022,Chengalpattu,cyclones,google_open_buildings,7M42J4CM+6H74,1SDV,1SDV,none,none,SAR_ONLY,Joint Needs Assessment local report validation,https://reliefweb.int/,DISASTER_ASSESSMENT,Alice,0,Bob,U,0,HIGH,Double review label dispute resolved by senior adjudicator audit.,APPROVED,Alice/Bob/Charlie,2026-08-25
TN_MANDOUS_2022_003680,TN_MANDOUS_2022,Cyclone Mandous 2022,Chengalpattu,cyclones,google_open_buildings,7M42G5W8+QV8W,1SDV,1SDV,none,none,SAR_ONLY,Google Open Buildings baseline validation,https://sites.research.google/open-buildings/,VALIDATED_EXISTING_DATASET,Alice,0,Bob,0,0,HIGH,Footprint remains structurally intact after storm landfall verification.,APPROVED,Alice/Bob/Charlie,2026-08-25
TN_MANDOUS_2022_002790,TN_MANDOUS_2022,Cyclone Mandous 2022,Chengalpattu,cyclones,google_open_buildings,7M42H46W+7QMV,1SDV,1SDV,none,none,SAR_ONLY,Google Open Buildings baseline validation,https://sites.research.google/open-buildings/,VALIDATED_EXISTING_DATASET,Alice,0,Bob,0,0,HIGH,Footprint remains structurally intact after storm landfall verification.,APPROVED,Alice/Bob/Charlie,2026-08-25
TN_MANDOUS_2022_021205,TN_MANDOUS_2022,Cyclone Mandous 2022,Chengalpattu,cyclones,google_open_buildings,7M42J5MX+GJJ8,1SDV,1SDV,none,none,SAR_ONLY,Google Open Buildings baseline validation,https://sites.research.google/open-buildings/,VALIDATED_EXISTING_DATASET,Alice,0,Bob,0,0,HIGH,Footprint remains structurally intact after storm landfall verification.,APPROVED,Alice/Bob/Charlie,2026-08-25
TN_MANDOUS_2022_018995,TN_MANDOUS_2022,Cyclone Mandous 2022,Chengalpattu,cyclones,google_open_buildings,7M42J5QF+GCGM,1SDV,1SDV,none,none,SAR_ONLY,Google Open Buildings baseline validation,https://sites.research.google/open-buildings/,VALIDATED_EXISTING_DATASET,Alice,0,Bob,0,0,HIGH,Footprint remains structurally intact after storm landfall verification.,APPROVED,Alice/Bob/Charlie,2026-08-25
TN_MANDOUS_2022_000003,TN_MANDOUS_2022,Cyclone Mandous 2022,Chengalpattu,cyclones,google_open_buildings,7M42H45C+3XCG,1SDV,1SDV,none,none,SAR_ONLY,Google Open Buildings baseline validation,https://sites.research.google/open-buildings/,VALIDATED_EXISTING_DATASET,Alice,0,Bob,0,0,HIGH,Footprint remains structurally intact after storm landfall verification.,APPROVED,Alice/Bob/Charlie,2026-08-25
TN_MANDOUS_2022_010434,TN_MANDOUS_2022,Cyclone Mandous 2022,Chengalpattu,cyclones,google_open_buildings,7M42J52C+P7JX,1SDV,1SDV,none,none,SAR_ONLY,Google Open Buildings baseline validation,https://sites.research.google/open-buildings/,VALIDATED_EXISTING_DATASET,Alice,0,Bob,0,0,HIGH,Footprint remains structurally intact after storm landfall verification.,APPROVED,Alice/Bob/Charlie,2026-08-25
TN_MANDOUS_2022_023645,TN_MANDOUS_2022,Cyclone Mandous 2022,Chengalpattu,cyclones,google_open_buildings,7M42M536+P5QJ,1SDV,1SDV,none,none,SAR_ONLY,Copernicus Emergency Management Service damage grading,https://emergency.copernicus.eu/,DISASTER_ASSESSMENT,Alice,1,Bob,1,1,MEDIUM,Credit building damage reported by joint satellite analysis.,APPROVED,Alice/Bob/Charlie,2026-08-25
TN_MANDOUS_2022_019001,TN_MANDOUS_2022,Cyclone Mandous 2022,Chengalpattu,cyclones,google_open_buildings,7M42J5HF+G6C7,1SDV,1SDV,none,none,SAR_ONLY,Google Open Buildings baseline validation,https://sites.research.google/open-buildings/,VALIDATED_EXISTING_DATASET,Alice,0,Bob,0,0,HIGH,Footprint remains structurally intact after storm landfall verification.,APPROVED,Alice/Bob/Charlie,2026-08-25
TN_MANDOUS_2022_033007,TN_MANDOUS_2022,Cyclone Mandous 2022,Chengalpattu,cyclones,google_open_buildings,7M42M6J6+PV2C,1SDV,1SDV,none,none,SAR_ONLY,Joint Needs Assessment local report validation,https://reliefweb.int/,DISASTER_ASSESSMENT,Alice,0,Bob,U,0,HIGH,Double review label dispute resolved by senior adjudicator audit.,APPROVED,Alice/Bob/Charlie,2026-08-25
TN_MANDOUS_2022_019005,TN_MANDOUS_2022,Cyclone Mandous 2022,Chengalpattu,cyclones,google_open_buildings,7M42J5JF+9759,1SDV,1SDV,none,none,SAR_ONLY,Google Open Buildings baseline validation,https://sites.research.google/open-buildings/,VALIDATED_EXISTING_DATASET,Alice,0,Bob,0,0,HIGH,Footprint remains structurally intact after storm landfall verification.,APPROVED,Alice/Bob/Charlie,2026-08-25
TN_MANDOUS_2022_027102,TN_MANDOUS_2022,Cyclone Mandous 2022,Chengalpattu,cyclones,google_open_buildings,7M42M4FW+WJC5,1SDV,1SDV,none,none,SAR_ONLY,Google Open Buildings baseline validation,https://sites.research.google/open-buildings/,VALIDATED_EXISTING_DATASET,Alice,0,Bob,0,0,HIGH,Footprint remains structurally intact after storm landfall verification.,APPROVED,Alice/Bob/Charlie,2026-08-25
TN_MANDOUS_2022_029025,TN_MANDOUS_2022,Cyclone Mandous 2022,Chengalpattu,cyclones,google_open_buildings,7M42M4VH+M6JP,1SDV,1SDV,none,none,SAR_ONLY,Google Open Buildings baseline validation,https://sites.research.google/open-buildings/,VALIDATED_EXISTING_DATASET,Alice,0,Bob,0,0,HIGH,Footprint remains structurally intact after storm landfall verification.,APPROVED,Alice/Bob/Charlie,2026-08-25
TN_MANDOUS_2022_030458,TN_MANDOUS_2022,Cyclone Mandous 2022,Chengalpattu,cyclones,google_open_buildings,7M42M5JF+QG3V,1SDV,1SDV,none,none,SAR_ONLY,Medium-res S1/S2 pixel audit,https://cdse.copernicus.eu/,SATELLITE_SUPPORTING_EVIDENCE,Alice,U,Bob,U,U,LOW,High cloud cover and medium spatial resolution prevents definitive grading.,APPROVED,Alice/Bob/Charlie,2026-08-25
TN_MANDOUS_2022_003686,TN_MANDOUS_2022,Cyclone Mandous 2022,Chengalpattu,cyclones,google_open_buildings,7M42H53C+PX8F,1SDV,1SDV,none,none,SAR_ONLY,Copernicus Emergency Management Service damage grading,https://emergency.copernicus.eu/,DISASTER_ASSESSMENT,Alice,1,Bob,1,1,MEDIUM,Credit building damage reported by joint satellite analysis.,APPROVED,Alice/Bob/Charlie,2026-08-25
TN_MANDOUS_2022_028529,TN_MANDOUS_2022,Cyclone Mandous 2022,Chengalpattu,cyclones,google_open_buildings,7M42M59R+7MXX,1SDV,1SDV,none,none,SAR_ONLY,Google Open Buildings baseline validation,https://sites.research.google/open-buildings/,VALIDATED_EXISTING_DATASET,Alice,0,Bob,0,0,HIGH,Footprint remains structurally intact after storm landfall verification.,APPROVED,Alice/Bob/Charlie,2026-08-25
TN_MANDOUS_2022_011779,TN_MANDOUS_2022,Cyclone Mandous 2022,Chengalpattu,cyclones,google_open_buildings,7M42J4CM+5GMX,1SDV,1SDV,none,none,SAR_ONLY,Google Open Buildings baseline validation,https://sites.research.google/open-buildings/,VALIDATED_EXISTING_DATASET,Alice,0,Bob,0,0,HIGH,Footprint remains structurally intact after storm landfall verification.,APPROVED,Alice/Bob/Charlie,2026-08-25
TN_MANDOUS_2022_008731,TN_MANDOUS_2022,Cyclone Mandous 2022,Chengalpattu,cyclones,google_open_buildings,7M42H4VM+36WX,1SDV,1SDV,none,none,SAR_ONLY,Copernicus Emergency Management Service damage grading,https://emergency.copernicus.eu/,DISASTER_ASSESSMENT,Alice,1,Bob,1,1,MEDIUM,Credit building damage reported by joint satellite analysis.,APPROVED,Alice/Bob/Charlie,2026-08-25
TN_MANDOUS_2022_034393,TN_MANDOUS_2022,Cyclone Mandous 2022,Chengalpattu,cyclones,google_open_buildings,7M42M6RX+52XJ,1SDV,1SDV,none,none,SAR_ONLY,Google Open Buildings baseline validation,https://sites.research.google/open-buildings/,VALIDATED_EXISTING_DATASET,Alice,0,Bob,0,0,HIGH,Footprint remains structurally intact after storm landfall verification.,APPROVED,Alice/Bob/Charlie,2026-08-25
TN_MANDOUS_2022_028527,TN_MANDOUS_2022,Cyclone Mandous 2022,Chengalpattu,cyclones,google_open_buildings,7M42M57Q+5PCH,1SDV,1SDV,none,none,SAR_ONLY,Google Open Buildings baseline validation,https://sites.research.google/open-buildings/,VALIDATED_EXISTING_DATASET,Alice,0,Bob,0,0,HIGH,Footprint remains structurally intact after storm landfall verification.,APPROVED,Alice/Bob/Charlie,2026-08-25
TN_MANDOUS_2022_017493,TN_MANDOUS_2022,Cyclone Mandous 2022,Chengalpattu,cyclones,google_open_buildings,7M42J4QM+GQC9,1SDV,1SDV,none,none,SAR_ONLY,Google Open Buildings baseline validation,https://sites.research.google/open-buildings/,VALIDATED_EXISTING_DATASET,Alice,0,Bob,0,0,HIGH,Footprint remains structurally intact after storm landfall verification.,APPROVED,Alice/Bob/Charlie,2026-08-25
TN_MANDOUS_2022_000129,TN_MANDOUS_2022,Cyclone Mandous 2022,Chengalpattu,cyclones,google_open_buildings,7M42H47M+6P9Q,1SDV,1SDV,none,none,SAR_ONLY,Google Open Buildings baseline validation,https://sites.research.google/open-buildings/,VALIDATED_EXISTING_DATASET,Alice,0,Bob,0,0,HIGH,Footprint remains structurally intact after storm landfall verification.,APPROVED,Alice/Bob/Charlie,2026-08-25
TN_MANDOUS_2022_011834,TN_MANDOUS_2022,Cyclone Mandous 2022,Chengalpattu,cyclones,google_open_buildings,7M42J582+X93M,1SDV,1SDV,none,none,SAR_ONLY,Google Open Buildings baseline validation,https://sites.research.google/open-buildings/,VALIDATED_EXISTING_DATASET,Alice,0,Bob,0,0,HIGH,Footprint remains structurally intact after storm landfall verification.,APPROVED,Alice/Bob/Charlie,2026-08-25
TN_MANDOUS_2022_033021,TN_MANDOUS_2022,Cyclone Mandous 2022,Chengalpattu,cyclones,google_open_buildings,7M42M6H6+M96M,1SDV,1SDV,none,none,SAR_ONLY,Google Open Buildings baseline validation,https://sites.research.google/open-buildings/,VALIDATED_EXISTING_DATASET,Alice,0,Bob,0,0,HIGH,Footprint remains structurally intact after storm landfall verification.,APPROVED,Alice/Bob/Charlie,2026-08-25
TN_MANDOUS_2022_021209,TN_MANDOUS_2022,Cyclone Mandous 2022,Chengalpattu,cyclones,google_open_buildings,7M42J5PW+MMR8,1SDV,1SDV,none,none,SAR_ONLY,Google Open Buildings baseline validation,https://sites.research.google/open-buildings/,VALIDATED_EXISTING_DATASET,Alice,0,Bob,0,0,HIGH,Footprint remains structurally intact after storm landfall verification.,APPROVED,Alice/Bob/Charlie,2026-08-25
TN_MANDOUS_2022_011564,TN_MANDOUS_2022,Cyclone Mandous 2022,Chengalpattu,cyclones,google_open_buildings,7M42J4CM+5JXW,1SDV,1SDV,none,none,SAR_ONLY,Google Open Buildings baseline validation,https://sites.research.google/open-buildings/,VALIDATED_EXISTING_DATASET,Alice,0,Bob,0,0,HIGH,Footprint remains structurally intact after storm landfall verification.,APPROVED,Alice/Bob/Charlie,2026-08-25
TN_MANDOUS_2022_033351,TN_MANDOUS_2022,Cyclone Mandous 2022,Chengalpattu,cyclones,google_open_buildings,7M42M6RF+H47F,1SDV,1SDV,none,none,SAR_ONLY,Google Open Buildings baseline validation,https://sites.research.google/open-buildings/,VALIDATED_EXISTING_DATASET,Alice,0,Bob,0,0,HIGH,Footprint remains structurally intact after storm landfall verification.,APPROVED,Alice/Bob/Charlie,2026-08-25
TN_MANDOUS_2022_028541,TN_MANDOUS_2022,Cyclone Mandous 2022,Chengalpattu,cyclones,google_open_buildings,7M42M58R+XJH2,1SDV,1SDV,none,none,SAR_ONLY,Google Open Buildings baseline validation,https://sites.research.google/open-buildings/,VALIDATED_EXISTING_DATASET,Alice,0,Bob,0,0,HIGH,Footprint remains structurally intact after storm landfall verification.,APPROVED,Alice/Bob/Charlie,2026-08-25
TN_MANDOUS_2022_033043,TN_MANDOUS_2022,Cyclone Mandous 2022,Chengalpattu,cyclones,google_open_buildings,7M42M5RW+9GM3,1SDV,1SDV,none,none,SAR_ONLY,Joint Needs Assessment local report validation,https://reliefweb.int/,DISASTER_ASSESSMENT,Alice,0,Bob,U,0,HIGH,Double review label dispute resolved by senior adjudicator audit.,APPROVED,Alice/Bob/Charlie,2026-08-25
TN_MANDOUS_2022_029020,TN_MANDOUS_2022,Cyclone Mandous 2022,Chengalpattu,cyclones,google_open_buildings,7M42M4VH+PMMH,1SDV,1SDV,none,none,SAR_ONLY,Google Open Buildings baseline validation,https://sites.research.google/open-buildings/,VALIDATED_EXISTING_DATASET,Alice,0,Bob,0,0,HIGH,Footprint remains structurally intact after storm landfall verification.,APPROVED,Alice/Bob/Charlie,2026-08-25
TN_MANDOUS_2022_026446,TN_MANDOUS_2022,Cyclone Mandous 2022,Chengalpattu,cyclones,google_open_buildings,7M42M4GQ+P666,1SDV,1SDV,none,none,SAR_ONLY,Joint Needs Assessment local report validation,https://reliefweb.int/,DISASTER_ASSESSMENT,Alice,0,Bob,U,0,HIGH,Double review label dispute resolved by senior adjudicator audit.,APPROVED,Alice/Bob/Charlie,2026-08-25
TN_MANDOUS_2022_025023,TN_MANDOUS_2022,Cyclone Mandous 2022,Chengalpattu,cyclones,google_open_buildings,7M42M53Q+R5W2,1SDV,1SDV,none,none,SAR_ONLY,Google Open Buildings baseline validation,https://sites.research.google/open-buildings/,VALIDATED_EXISTING_DATASET,Alice,0,Bob,0,0,HIGH,Footprint remains structurally intact after storm landfall verification.,APPROVED,Alice/Bob/Charlie,2026-08-25
TN_MANDOUS_2022_017504,TN_MANDOUS_2022,Cyclone Mandous 2022,Chengalpattu,cyclones,google_open_buildings,7M42J4PG+FPX7,1SDV,1SDV,none,none,SAR_ONLY,Google Open Buildings baseline validation,https://sites.research.google/open-buildings/,VALIDATED_EXISTING_DATASET,Alice,0,Bob,0,0,HIGH,Footprint remains structurally intact after storm landfall verification.,APPROVED,Alice/Bob/Charlie,2026-08-25
TN_MANDOUS_2022_008753,TN_MANDOUS_2022,Cyclone Mandous 2022,Chengalpattu,cyclones,google_open_buildings,7M42H4VM+35H3,1SDV,1SDV,none,none,SAR_ONLY,Google Open Buildings baseline validation,https://sites.research.google/open-buildings/,VALIDATED_EXISTING_DATASET,Alice,0,Bob,0,0,HIGH,Footprint remains structurally intact after storm landfall verification.,APPROVED,Alice/Bob/Charlie,2026-08-25
TN_MANDOUS_2022_018998,TN_MANDOUS_2022,Cyclone Mandous 2022,Chengalpattu,cyclones,google_open_buildings,7M42J5FC+X6G4,1SDV,1SDV,none,none,SAR_ONLY,Google Open Buildings baseline validation,https://sites.research.google/open-buildings/,VALIDATED_EXISTING_DATASET,Alice,0,Bob,0,0,HIGH,Footprint remains structurally intact after storm landfall verification.,APPROVED,Alice/Bob/Charlie,2026-08-25
TN_MANDOUS_2022_033008,TN_MANDOUS_2022,Cyclone Mandous 2022,Chengalpattu,cyclones,google_open_buildings,7M42M6J6+PVW7,1SDV,1SDV,none,none,SAR_ONLY,Copernicus Emergency Management Service damage grading,https://emergency.copernicus.eu/,DISASTER_ASSESSMENT,Alice,1,Bob,1,1,MEDIUM,Credit building damage reported by joint satellite analysis.,APPROVED,Alice/Bob/Charlie,2026-08-25
TN_MANDOUS_2022_000004,TN_MANDOUS_2022,Cyclone Mandous 2022,Chengalpattu,cyclones,google_open_buildings,7M42H45H+2FCP,1SDV,1SDV,none,none,SAR_ONLY,Google Open Buildings baseline validation,https://sites.research.google/open-buildings/,VALIDATED_EXISTING_DATASET,Alice,0,Bob,0,0,HIGH,Footprint remains structurally intact after storm landfall verification.,APPROVED,Alice/Bob/Charlie,2026-08-25
TN_MANDOUS_2022_022751,TN_MANDOUS_2022,Cyclone Mandous 2022,Chengalpattu,cyclones,google_open_buildings,7M42M43X+7JJG,1SDV,1SDV,none,none,SAR_ONLY,Google Open Buildings baseline validation,https://sites.research.google/open-buildings/,VALIDATED_EXISTING_DATASET,Alice,0,Bob,0,0,HIGH,Footprint remains structurally intact after storm landfall verification.,APPROVED,Alice/Bob/Charlie,2026-08-25
TN_MANDOUS_2022_021957,TN_MANDOUS_2022,Cyclone Mandous 2022,Chengalpattu,cyclones,google_open_buildings,7M42M44H+WCVX,1SDV,1SDV,none,none,SAR_ONLY,Google Open Buildings baseline validation,https://sites.research.google/open-buildings/,VALIDATED_EXISTING_DATASET,Alice,0,Bob,0,0,HIGH,Footprint remains structurally intact after storm landfall verification.,APPROVED,Alice/Bob/Charlie,2026-08-25
TN_SOUTHERN_FLOOD_2023_150703,TN_SOUTHERN_FLOOD_2023,Southern Districts Floods 2023,Tirunelveli,floods,google_open_buildings,6JWVQPM8+QRMX,1SDV,1SDV,none,none,SAR_ONLY,Medium-res S1/S2 pixel audit,https://cdse.copernicus.eu/,SATELLITE_SUPPORTING_EVIDENCE,Alice,U,Bob,U,U,LOW,High cloud cover and medium spatial resolution prevents definitive grading.,APPROVED,Alice/Bob/Charlie,2026-08-25
TN_SOUTHERN_FLOOD_2023_167097,TN_SOUTHERN_FLOOD_2023,Southern Districts Floods 2023,Tirunelveli,floods,google_open_buildings,6JWVQQR3+58P5,1SDV,1SDV,none,none,SAR_ONLY,Copernicus Emergency Management Service damage grading,https://emergency.copernicus.eu/,DISASTER_ASSESSMENT,Alice,1,Bob,1,1,MEDIUM,Credit building damage reported by joint satellite analysis.,APPROVED,Alice/Bob/Charlie,2026-08-25
TN_SOUTHERN_FLOOD_2023_157870,TN_SOUTHERN_FLOOD_2023,Southern Districts Floods 2023,Tirunelveli,floods,google_open_buildings,6JWVQQG8+6F53,1SDV,1SDV,none,none,SAR_ONLY,Copernicus Emergency Management Service damage grading,https://emergency.copernicus.eu/,DISASTER_ASSESSMENT,Alice,1,Bob,1,1,MEDIUM,Credit building damage reported by joint satellite analysis.,APPROVED,Alice/Bob/Charlie,2026-08-25
TN_SOUTHERN_FLOOD_2023_156891,TN_SOUTHERN_FLOOD_2023,Southern Districts Floods 2023,Tirunelveli,floods,google_open_buildings,6JWVQQP3+9469,1SDV,1SDV,none,none,SAR_ONLY,Google Open Buildings baseline validation,https://sites.research.google/open-buildings/,VALIDATED_EXISTING_DATASET,Alice,0,Bob,0,0,HIGH,Footprint remains structurally intact after storm landfall verification.,APPROVED,Alice/Bob/Charlie,2026-08-25
TN_SOUTHERN_FLOOD_2023_162717,TN_SOUTHERN_FLOOD_2023,Southern Districts Floods 2023,Tirunelveli,floods,google_open_buildings,6JWVQPWM+GG5W,1SDV,1SDV,none,none,SAR_ONLY,Google Open Buildings baseline validation,https://sites.research.google/open-buildings/,VALIDATED_EXISTING_DATASET,Alice,0,Bob,0,0,HIGH,Footprint remains structurally intact after storm landfall verification.,APPROVED,Alice/Bob/Charlie,2026-08-25
TN_SOUTHERN_FLOOD_2023_158944,TN_SOUTHERN_FLOOD_2023,Southern Districts Floods 2023,Tirunelveli,floods,google_open_buildings,6JWVQJRV+G8M3,1SDV,1SDV,none,none,SAR_ONLY,Google Open Buildings baseline validation,https://sites.research.google/open-buildings/,VALIDATED_EXISTING_DATASET,Alice,0,Bob,0,0,HIGH,Footprint remains structurally intact after storm landfall verification.,APPROVED,Alice/Bob/Charlie,2026-08-25
TN_SOUTHERN_FLOOD_2023_147648,TN_SOUTHERN_FLOOD_2023,Southern Districts Floods 2023,Tirunelveli,floods,google_open_buildings,6JWVQJMR+2GX4,1SDV,1SDV,none,none,SAR_ONLY,Medium-res S1/S2 pixel audit,https://cdse.copernicus.eu/,SATELLITE_SUPPORTING_EVIDENCE,Alice,U,Bob,U,U,LOW,High cloud cover and medium spatial resolution prevents definitive grading.,APPROVED,Alice/Bob/Charlie,2026-08-25
TN_SOUTHERN_FLOOD_2023_158839,TN_SOUTHERN_FLOOD_2023,Southern Districts Floods 2023,Tirunelveli,floods,google_open_buildings,6JWVQJVH+4H7Q,1SDV,1SDV,none,none,SAR_ONLY,Google Open Buildings baseline validation,https://sites.research.google/open-buildings/,VALIDATED_EXISTING_DATASET,Alice,0,Bob,0,0,HIGH,Footprint remains structurally intact after storm landfall verification.,APPROVED,Alice/Bob/Charlie,2026-08-25
TN_SOUTHERN_FLOOD_2023_160164,TN_SOUTHERN_FLOOD_2023,Southern Districts Floods 2023,Tirunelveli,floods,google_open_buildings,6JWVQMVG+R79F,1SDV,1SDV,none,none,SAR_ONLY,Google Open Buildings baseline validation,https://sites.research.google/open-buildings/,VALIDATED_EXISTING_DATASET,Alice,0,Bob,0,0,HIGH,Footprint remains structurally intact after storm landfall verification.,APPROVED,Alice/Bob/Charlie,2026-08-25
TN_SOUTHERN_FLOOD_2023_156890,TN_SOUTHERN_FLOOD_2023,Southern Districts Floods 2023,Tirunelveli,floods,google_open_buildings,6JWVQQP2+CQ2C,1SDV,1SDV,none,none,SAR_ONLY,Medium-res S1/S2 pixel audit,https://cdse.copernicus.eu/,SATELLITE_SUPPORTING_EVIDENCE,Alice,U,Bob,U,U,LOW,High cloud cover and medium spatial resolution prevents definitive grading.,APPROVED,Alice/Bob/Charlie,2026-08-25
TN_SOUTHERN_FLOOD_2023_160407,TN_SOUTHERN_FLOOD_2023,Southern Districts Floods 2023,Tirunelveli,floods,google_open_buildings,6JWVQPX8+239X,1SDV,1SDV,none,none,SAR_ONLY,Google Open Buildings baseline validation,https://sites.research.google/open-buildings/,VALIDATED_EXISTING_DATASET,Alice,0,Bob,0,0,HIGH,Footprint remains structurally intact after storm landfall verification.,APPROVED,Alice/Bob/Charlie,2026-08-25
TN_SOUTHERN_FLOOD_2023_147683,TN_SOUTHERN_FLOOD_2023,Southern Districts Floods 2023,Tirunelveli,floods,google_open_buildings,6JWVQMJ6+QM49,1SDV,1SDV,none,none,SAR_ONLY,Google Open Buildings baseline validation,https://sites.research.google/open-buildings/,VALIDATED_EXISTING_DATASET,Alice,0,Bob,0,0,HIGH,Footprint remains structurally intact after storm landfall verification.,APPROVED,Alice/Bob/Charlie,2026-08-25
TN_SOUTHERN_FLOOD_2023_139059,TN_SOUTHERN_FLOOD_2023,Southern Districts Floods 2023,Tirunelveli,floods,google_open_buildings,6JWVQP87+WRH6,1SDV,1SDV,none,none,SAR_ONLY,Google Open Buildings baseline validation,https://sites.research.google/open-buildings/,VALIDATED_EXISTING_DATASET,Alice,0,Bob,0,0,HIGH,Footprint remains structurally intact after storm landfall verification.,APPROVED,Alice/Bob/Charlie,2026-08-25
TN_SOUTHERN_FLOOD_2023_150019,TN_SOUTHERN_FLOOD_2023,Southern Districts Floods 2023,Tirunelveli,floods,google_open_buildings,6JWVQMPR+6V77,1SDV,1SDV,none,none,SAR_ONLY,Google Open Buildings baseline validation,https://sites.research.google/open-buildings/,VALIDATED_EXISTING_DATASET,Alice,0,Bob,0,0,HIGH,Footprint remains structurally intact after storm landfall verification.,APPROVED,Alice/Bob/Charlie,2026-08-25
TN_SOUTHERN_FLOOD_2023_158840,TN_SOUTHERN_FLOOD_2023,Southern Districts Floods 2023,Tirunelveli,floods,google_open_buildings,6JWVQJRV+F68W,1SDV,1SDV,none,none,SAR_ONLY,Medium-res S1/S2 pixel audit,https://cdse.copernicus.eu/,SATELLITE_SUPPORTING_EVIDENCE,Alice,U,Bob,U,U,LOW,High cloud cover and medium spatial resolution prevents definitive grading.,APPROVED,Alice/Bob/Charlie,2026-08-25
TN_SOUTHERN_FLOOD_2023_148463,TN_SOUTHERN_FLOOD_2023,Southern Districts Floods 2023,Tirunelveli,floods,google_open_buildings,6JWVQMJH+J9W8,1SDV,1SDV,none,none,SAR_ONLY,Google Open Buildings baseline validation,https://sites.research.google/open-buildings/,VALIDATED_EXISTING_DATASET,Alice,0,Bob,0,0,HIGH,Footprint remains structurally intact after storm landfall verification.,APPROVED,Alice/Bob/Charlie,2026-08-25
TN_SOUTHERN_FLOOD_2023_142594,TN_SOUTHERN_FLOOD_2023,Southern Districts Floods 2023,Tirunelveli,floods,google_open_buildings,6JWVQP8M+4RPR,1SDV,1SDV,none,none,SAR_ONLY,Google Open Buildings baseline validation,https://sites.research.google/open-buildings/,VALIDATED_EXISTING_DATASET,Alice,0,Bob,0,0,HIGH,Footprint remains structurally intact after storm landfall verification.,APPROVED,Alice/Bob/Charlie,2026-08-25
TN_SOUTHERN_FLOOD_2023_152760,TN_SOUTHERN_FLOOD_2023,Southern Districts Floods 2023,Tirunelveli,floods,google_open_buildings,6JWVQPMP+645V,1SDV,1SDV,none,none,SAR_ONLY,Google Open Buildings baseline validation,https://sites.research.google/open-buildings/,VALIDATED_EXISTING_DATASET,Alice,0,Bob,0,0,HIGH,Footprint remains structurally intact after storm landfall verification.,APPROVED,Alice/Bob/Charlie,2026-08-25
TN_SOUTHERN_FLOOD_2023_145870,TN_SOUTHERN_FLOOD_2023,Southern Districts Floods 2023,Tirunelveli,floods,google_open_buildings,6JWVQQ6F+RR4W,1SDV,1SDV,none,none,SAR_ONLY,Google Open Buildings baseline validation,https://sites.research.google/open-buildings/,VALIDATED_EXISTING_DATASET,Alice,0,Bob,0,0,HIGH,Footprint remains structurally intact after storm landfall verification.,APPROVED,Alice/Bob/Charlie,2026-08-25
TN_SOUTHERN_FLOOD_2023_142587,TN_SOUTHERN_FLOOD_2023,Southern Districts Floods 2023,Tirunelveli,floods,google_open_buildings,6JWVQP6P+XH8M,1SDV,1SDV,none,none,SAR_ONLY,Google Open Buildings baseline validation,https://sites.research.google/open-buildings/,VALIDATED_EXISTING_DATASET,Alice,0,Bob,0,0,HIGH,Footprint remains structurally intact after storm landfall verification.,APPROVED,Alice/Bob/Charlie,2026-08-25
TN_SOUTHERN_FLOOD_2023_160295,TN_SOUTHERN_FLOOD_2023,Southern Districts Floods 2023,Tirunelveli,floods,google_open_buildings,6JWVRM2V+7QCW,1SDV,1SDV,none,none,SAR_ONLY,Google Open Buildings baseline validation,https://sites.research.google/open-buildings/,VALIDATED_EXISTING_DATASET,Alice,0,Bob,0,0,HIGH,Footprint remains structurally intact after storm landfall verification.,APPROVED,Alice/Bob/Charlie,2026-08-25
TN_SOUTHERN_FLOOD_2023_152759,TN_SOUTHERN_FLOOD_2023,Southern Districts Floods 2023,Tirunelveli,floods,google_open_buildings,6JWVQPJJ+6PG8,1SDV,1SDV,none,none,SAR_ONLY,Google Open Buildings baseline validation,https://sites.research.google/open-buildings/,VALIDATED_EXISTING_DATASET,Alice,0,Bob,0,0,HIGH,Footprint remains structurally intact after storm landfall verification.,APPROVED,Alice/Bob/Charlie,2026-08-25
TN_SOUTHERN_FLOOD_2023_146953,TN_SOUTHERN_FLOOD_2023,Southern Districts Floods 2023,Tirunelveli,floods,google_open_buildings,6JWVQJPJ+CHVF,1SDV,1SDV,none,none,SAR_ONLY,Google Open Buildings baseline validation,https://sites.research.google/open-buildings/,VALIDATED_EXISTING_DATASET,Alice,0,Bob,0,0,HIGH,Footprint remains structurally intact after storm landfall verification.,APPROVED,Alice/Bob/Charlie,2026-08-25
TN_SOUTHERN_FLOOD_2023_160297,TN_SOUTHERN_FLOOD_2023,Southern Districts Floods 2023,Tirunelveli,floods,google_open_buildings,6JWVQMXW+2779,1SDV,1SDV,none,none,SAR_ONLY,Google Open Buildings baseline validation,https://sites.research.google/open-buildings/,VALIDATED_EXISTING_DATASET,Alice,0,Bob,0,0,HIGH,Footprint remains structurally intact after storm landfall verification.,APPROVED,Alice/Bob/Charlie,2026-08-25
TN_SOUTHERN_FLOOD_2023_148468,TN_SOUTHERN_FLOOD_2023,Southern Districts Floods 2023,Tirunelveli,floods,google_open_buildings,6JWVQMHH+65XM,1SDV,1SDV,none,none,SAR_ONLY,Google Open Buildings baseline validation,https://sites.research.google/open-buildings/,VALIDATED_EXISTING_DATASET,Alice,0,Bob,0,0,HIGH,Footprint remains structurally intact after storm landfall verification.,APPROVED,Alice/Bob/Charlie,2026-08-25
TN_SOUTHERN_FLOOD_2023_146885,TN_SOUTHERN_FLOOD_2023,Southern Districts Floods 2023,Tirunelveli,floods,google_open_buildings,6JWVQJMM+FP3C,1SDV,1SDV,none,none,SAR_ONLY,Google Open Buildings baseline validation,https://sites.research.google/open-buildings/,VALIDATED_EXISTING_DATASET,Alice,0,Bob,0,0,HIGH,Footprint remains structurally intact after storm landfall verification.,APPROVED,Alice/Bob/Charlie,2026-08-25
TN_SOUTHERN_FLOOD_2023_143642,TN_SOUTHERN_FLOOD_2023,Southern Districts Floods 2023,Tirunelveli,floods,google_open_buildings,6JWVQP6W+2R66,1SDV,1SDV,none,none,SAR_ONLY,Google Open Buildings baseline validation,https://sites.research.google/open-buildings/,VALIDATED_EXISTING_DATASET,Alice,0,Bob,0,0,HIGH,Footprint remains structurally intact after storm landfall verification.,APPROVED,Alice/Bob/Charlie,2026-08-25
TN_SOUTHERN_FLOOD_2023_150021,TN_SOUTHERN_FLOOD_2023,Southern Districts Floods 2023,Tirunelveli,floods,google_open_buildings,6JWVQMMV+V4GP,1SDV,1SDV,none,none,SAR_ONLY,Medium-res S1/S2 pixel audit,https://cdse.copernicus.eu/,SATELLITE_SUPPORTING_EVIDENCE,Alice,U,Bob,U,U,LOW,High cloud cover and medium spatial resolution prevents definitive grading.,APPROVED,Alice/Bob/Charlie,2026-08-25
TN_SOUTHERN_FLOOD_2023_159776,TN_SOUTHERN_FLOOD_2023,Southern Districts Floods 2023,Tirunelveli,floods,google_open_buildings,6JWVRM26+F4RP,1SDV,1SDV,none,none,SAR_ONLY,Joint Needs Assessment local report validation,https://reliefweb.int/,DISASTER_ASSESSMENT,Alice,0,Bob,U,0,HIGH,Double review label dispute resolved by senior adjudicator audit.,APPROVED,Alice/Bob/Charlie,2026-08-25
TN_SOUTHERN_FLOOD_2023_159778,TN_SOUTHERN_FLOOD_2023,Southern Districts Floods 2023,Tirunelveli,floods,google_open_buildings,6JWVQMX4+Q88P,1SDV,1SDV,none,none,SAR_ONLY,Medium-res S1/S2 pixel audit,https://cdse.copernicus.eu/,SATELLITE_SUPPORTING_EVIDENCE,Alice,U,Bob,U,U,LOW,High cloud cover and medium spatial resolution prevents definitive grading.,APPROVED,Alice/Bob/Charlie,2026-08-25
TN_SOUTHERN_FLOOD_2023_150701,TN_SOUTHERN_FLOOD_2023,Southern Districts Floods 2023,Tirunelveli,floods,google_open_buildings,6JWVQPG7+FM5M,1SDV,1SDV,none,none,SAR_ONLY,Copernicus Emergency Management Service damage grading,https://emergency.copernicus.eu/,DISASTER_ASSESSMENT,Alice,1,Bob,1,1,MEDIUM,Credit building damage reported by joint satellite analysis.,APPROVED,Alice/Bob/Charlie,2026-08-25
TN_SOUTHERN_FLOOD_2023_160410,TN_SOUTHERN_FLOOD_2023,Southern Districts Floods 2023,Tirunelveli,floods,google_open_buildings,6JWVQPX5+GJRF,1SDV,1SDV,none,none,SAR_ONLY,Medium-res S1/S2 pixel audit,https://cdse.copernicus.eu/,SATELLITE_SUPPORTING_EVIDENCE,Alice,U,Bob,U,U,LOW,High cloud cover and medium spatial resolution prevents definitive grading.,APPROVED,Alice/Bob/Charlie,2026-08-25
TN_SOUTHERN_FLOOD_2023_158837,TN_SOUTHERN_FLOOD_2023,Southern Districts Floods 2023,Tirunelveli,floods,google_open_buildings,6JWVQJVH+4986,1SDV,1SDV,none,none,SAR_ONLY,Google Open Buildings baseline validation,https://sites.research.google/open-buildings/,VALIDATED_EXISTING_DATASET,Alice,0,Bob,0,0,HIGH,Footprint remains structurally intact after storm landfall verification.,APPROVED,Alice/Bob/Charlie,2026-08-25
TN_SOUTHERN_FLOOD_2023_145867,TN_SOUTHERN_FLOOD_2023,Southern Districts Floods 2023,Tirunelveli,floods,google_open_buildings,6JWVQQ6F+PQP2,1SDV,1SDV,none,none,SAR_ONLY,Google Open Buildings baseline validation,https://sites.research.google/open-buildings/,VALIDATED_EXISTING_DATASET,Alice,0,Bob,0,0,HIGH,Footprint remains structurally intact after storm landfall verification.,APPROVED,Alice/Bob/Charlie,2026-08-25
TN_SOUTHERN_FLOOD_2023_147306,TN_SOUTHERN_FLOOD_2023,Southern Districts Floods 2023,Tirunelveli,floods,google_open_buildings,6JWVQJMR+2JC5,1SDV,1SDV,none,none,SAR_ONLY,Google Open Buildings baseline validation,https://sites.research.google/open-buildings/,VALIDATED_EXISTING_DATASET,Alice,0,Bob,0,0,HIGH,Footprint remains structurally intact after storm landfall verification.,APPROVED,Alice/Bob/Charlie,2026-08-25
TN_SOUTHERN_FLOOD_2023_139054,TN_SOUTHERN_FLOOD_2023,Southern Districts Floods 2023,Tirunelveli,floods,google_open_buildings,6JWVQP88+9J68,1SDV,1SDV,none,none,SAR_ONLY,Google Open Buildings baseline validation,https://sites.research.google/open-buildings/,VALIDATED_EXISTING_DATASET,Alice,0,Bob,0,0,HIGH,Footprint remains structurally intact after storm landfall verification.,APPROVED,Alice/Bob/Charlie,2026-08-25
TN_SOUTHERN_FLOOD_2023_150702,TN_SOUTHERN_FLOOD_2023,Southern Districts Floods 2023,Tirunelveli,floods,google_open_buildings,6JWVQPM7+XQH3,1SDV,1SDV,none,none,SAR_ONLY,Google Open Buildings baseline validation,https://sites.research.google/open-buildings/,VALIDATED_EXISTING_DATASET,Alice,0,Bob,0,0,HIGH,Footprint remains structurally intact after storm landfall verification.,APPROVED,Alice/Bob/Charlie,2026-08-25
TN_SOUTHERN_FLOOD_2023_168795,TN_SOUTHERN_FLOOD_2023,Southern Districts Floods 2023,Tirunelveli,floods,google_open_buildings,6JWVQQVF+8Q67,1SDV,1SDV,none,none,SAR_ONLY,Google Open Buildings baseline validation,https://sites.research.google/open-buildings/,VALIDATED_EXISTING_DATASET,Alice,0,Bob,0,0,HIGH,Footprint remains structurally intact after storm landfall verification.,APPROVED,Alice/Bob/Charlie,2026-08-25
TN_SOUTHERN_FLOOD_2023_160408,TN_SOUTHERN_FLOOD_2023,Southern Districts Floods 2023,Tirunelveli,floods,google_open_buildings,6JWVQPW9+F97F,1SDV,1SDV,none,none,SAR_ONLY,Google Open Buildings baseline validation,https://sites.research.google/open-buildings/,VALIDATED_EXISTING_DATASET,Alice,0,Bob,0,0,HIGH,Footprint remains structurally intact after storm landfall verification.,APPROVED,Alice/Bob/Charlie,2026-08-25
TN_SOUTHERN_FLOOD_2023_139058,TN_SOUTHERN_FLOOD_2023,Southern Districts Floods 2023,Tirunelveli,floods,google_open_buildings,6JWVQP87+MM96,1SDV,1SDV,none,none,SAR_ONLY,Google Open Buildings baseline validation,https://sites.research.google/open-buildings/,VALIDATED_EXISTING_DATASET,Alice,0,Bob,0,0,HIGH,Footprint remains structurally intact after storm landfall verification.,APPROVED,Alice/Bob/Charlie,2026-08-25
TN_OCKHI_2017_051168,TN_OCKHI_2017,Cyclone Ockhi 2017,Kanyakumari,cyclones,google_open_buildings,6JWV5F49+Q8Q6,1SDV,1SDV,none,none,SAR_ONLY,Google Open Buildings baseline validation,https://sites.research.google/open-buildings/,VALIDATED_EXISTING_DATASET,Alice,0,Bob,0,0,HIGH,Footprint remains structurally intact after storm landfall verification.,APPROVED,Alice/Bob/Charlie,2026-08-25
TN_OCKHI_2017_040434,TN_OCKHI_2017,Cyclone Ockhi 2017,Kanyakumari,cyclones,google_open_buildings,6JWV4FVJ+229C,1SDV,1SDV,none,none,SAR_ONLY,Copernicus Emergency Management Service damage grading,https://emergency.copernicus.eu/,DISASTER_ASSESSMENT,Alice,1,Bob,1,1,MEDIUM,Credit building damage reported by joint satellite analysis.,APPROVED,Alice/Bob/Charlie,2026-08-25
TN_OCKHI_2017_014348,TN_OCKHI_2017,Cyclone Ockhi 2017,Kanyakumari,cyclones,google_open_buildings,6JWV3GX6+2G93,1SDV,1SDV,none,none,SAR_ONLY,Google Open Buildings baseline validation,https://sites.research.google/open-buildings/,VALIDATED_EXISTING_DATASET,Alice,0,Bob,0,0,HIGH,Footprint remains structurally intact after storm landfall verification.,APPROVED,Alice/Bob/Charlie,2026-08-25
TN_OCKHI_2017_027366,TN_OCKHI_2017,Cyclone Ockhi 2017,Kanyakumari,cyclones,google_open_buildings,6JWV3HRQ+MHM6,1SDV,1SDV,none,none,SAR_ONLY,Google Open Buildings baseline validation,https://sites.research.google/open-buildings/,VALIDATED_EXISTING_DATASET,Alice,0,Bob,0,0,HIGH,Footprint remains structurally intact after storm landfall verification.,APPROVED,Alice/Bob/Charlie,2026-08-25
TN_OCKHI_2017_033151,TN_OCKHI_2017,Cyclone Ockhi 2017,Kanyakumari,cyclones,google_open_buildings,6JWV4G7P+C5M9,1SDV,1SDV,none,none,SAR_ONLY,Google Open Buildings baseline validation,https://sites.research.google/open-buildings/,VALIDATED_EXISTING_DATASET,Alice,0,Bob,0,0,HIGH,Footprint remains structurally intact after storm landfall verification.,APPROVED,Alice/Bob/Charlie,2026-08-25
TN_OCKHI_2017_000994,TN_OCKHI_2017,Cyclone Ockhi 2017,Kanyakumari,cyclones,google_open_buildings,6JWV3GQ8+3XPP,1SDV,1SDV,none,none,SAR_ONLY,UNOSAT detailed damage assessment shapes,https://unosat.org/,HIGH_RES_PRE_POST,Alice,2,Bob,2,2,HIGH,Authoritative building complete collapse verification.,APPROVED,Alice/Bob/Charlie,2026-08-25
TN_OCKHI_2017_040413,TN_OCKHI_2017,Cyclone Ockhi 2017,Kanyakumari,cyclones,google_open_buildings,6JWV4H6J+CFJV,1SDV,1SDV,none,none,SAR_ONLY,Google Open Buildings baseline validation,https://sites.research.google/open-buildings/,VALIDATED_EXISTING_DATASET,Alice,0,Bob,0,0,HIGH,Footprint remains structurally intact after storm landfall verification.,APPROVED,Alice/Bob/Charlie,2026-08-25
TN_OCKHI_2017_040421,TN_OCKHI_2017,Cyclone Ockhi 2017,Kanyakumari,cyclones,google_open_buildings,6JWV4FHH+WVF6,1SDV,1SDV,none,none,SAR_ONLY,Copernicus Emergency Management Service damage grading,https://emergency.copernicus.eu/,DISASTER_ASSESSMENT,Alice,1,Bob,1,1,MEDIUM,Credit building damage reported by joint satellite analysis.,APPROVED,Alice/Bob/Charlie,2026-08-25
TN_OCKHI_2017_051169,TN_OCKHI_2017,Cyclone Ockhi 2017,Kanyakumari,cyclones,google_open_buildings,6JWV5F59+GWFP,1SDV,1SDV,none,none,SAR_ONLY,Google Open Buildings baseline validation,https://sites.research.google/open-buildings/,VALIDATED_EXISTING_DATASET,Alice,0,Bob,0,0,HIGH,Footprint remains structurally intact after storm landfall verification.,APPROVED,Alice/Bob/Charlie,2026-08-25
TN_OCKHI_2017_045103,TN_OCKHI_2017,Cyclone Ockhi 2017,Kanyakumari,cyclones,google_open_buildings,6JWV4GRH+FH97,1SDV,1SDV,none,none,SAR_ONLY,Google Open Buildings baseline validation,https://sites.research.google/open-buildings/,VALIDATED_EXISTING_DATASET,Alice,0,Bob,0,0,HIGH,Footprint remains structurally intact after storm landfall verification.,APPROVED,Alice/Bob/Charlie,2026-08-25
TN_OCKHI_2017_061433,TN_OCKHI_2017,Cyclone Ockhi 2017,Kanyakumari,cyclones,google_open_buildings,6JWV5H24+X8JW,1SDV,1SDV,none,none,SAR_ONLY,Google Open Buildings baseline validation,https://sites.research.google/open-buildings/,VALIDATED_EXISTING_DATASET,Alice,0,Bob,0,0,HIGH,Footprint remains structurally intact after storm landfall verification.,APPROVED,Alice/Bob/Charlie,2026-08-25
TN_OCKHI_2017_051154,TN_OCKHI_2017,Cyclone Ockhi 2017,Kanyakumari,cyclones,google_open_buildings,6JWV4FXJ+JFM7,1SDV,1SDV,none,none,SAR_ONLY,Google Open Buildings baseline validation,https://sites.research.google/open-buildings/,VALIDATED_EXISTING_DATASET,Alice,0,Bob,0,0,HIGH,Footprint remains structurally intact after storm landfall verification.,APPROVED,Alice/Bob/Charlie,2026-08-25
TN_OCKHI_2017_071861,TN_OCKHI_2017,Cyclone Ockhi 2017,Kanyakumari,cyclones,google_open_buildings,6JWV5J67+8V63,1SDV,1SDV,none,none,SAR_ONLY,Copernicus Emergency Management Service damage grading,https://emergency.copernicus.eu/,DISASTER_ASSESSMENT,Alice,1,Bob,1,1,MEDIUM,Credit building damage reported by joint satellite analysis.,APPROVED,Alice/Bob/Charlie,2026-08-25
TN_OCKHI_2017_040415,TN_OCKHI_2017,Cyclone Ockhi 2017,Kanyakumari,cyclones,google_open_buildings,6JWV4H9W+5G6J,1SDV,1SDV,none,none,SAR_ONLY,Google Open Buildings baseline validation,https://sites.research.google/open-buildings/,VALIDATED_EXISTING_DATASET,Alice,0,Bob,0,0,HIGH,Footprint remains structurally intact after storm landfall verification.,APPROVED,Alice/Bob/Charlie,2026-08-25
TN_OCKHI_2017_011635,TN_OCKHI_2017,Cyclone Ockhi 2017,Kanyakumari,cyclones,google_open_buildings,6JWV4G42+RQC6,1SDV,1SDV,none,none,SAR_ONLY,Joint Needs Assessment local report validation,https://reliefweb.int/,DISASTER_ASSESSMENT,Alice,0,Bob,U,0,HIGH,Double review label dispute resolved by senior adjudicator audit.,APPROVED,Alice/Bob/Charlie,2026-08-25
TN_OCKHI_2017_011622,TN_OCKHI_2017,Cyclone Ockhi 2017,Kanyakumari,cyclones,google_open_buildings,6JWV4F4V+G72F,1SDV,1SDV,none,none,SAR_ONLY,Google Open Buildings baseline validation,https://sites.research.google/open-buildings/,VALIDATED_EXISTING_DATASET,Alice,0,Bob,0,0,HIGH,Footprint remains structurally intact after storm landfall verification.,APPROVED,Alice/Bob/Charlie,2026-08-25
TN_OCKHI_2017_060308,TN_OCKHI_2017,Cyclone Ockhi 2017,Kanyakumari,cyclones,google_open_buildings,6JWV4GXR+42CX,1SDV,1SDV,none,none,SAR_ONLY,Copernicus Emergency Management Service damage grading,https://emergency.copernicus.eu/,DISASTER_ASSESSMENT,Alice,1,Bob,1,1,MEDIUM,Credit building damage reported by joint satellite analysis.,APPROVED,Alice/Bob/Charlie,2026-08-25
TN_OCKHI_2017_061446,TN_OCKHI_2017,Cyclone Ockhi 2017,Kanyakumari,cyclones,google_open_buildings,6JWV5H54+5P5P,1SDV,1SDV,none,none,SAR_ONLY,Copernicus Emergency Management Service damage grading,https://emergency.copernicus.eu/,DISASTER_ASSESSMENT,Alice,1,Bob,1,1,MEDIUM,Credit building damage reported by joint satellite analysis.,APPROVED,Alice/Bob/Charlie,2026-08-25
TN_OCKHI_2017_040417,TN_OCKHI_2017,Cyclone Ockhi 2017,Kanyakumari,cyclones,google_open_buildings,6JWV4J74+JJ3F,1SDV,1SDV,none,none,SAR_ONLY,Google Open Buildings baseline validation,https://sites.research.google/open-buildings/,VALIDATED_EXISTING_DATASET,Alice,0,Bob,0,0,HIGH,Footprint remains structurally intact after storm landfall verification.,APPROVED,Alice/Bob/Charlie,2026-08-25
TN_OCKHI_2017_008614,TN_OCKHI_2017,Cyclone Ockhi 2017,Kanyakumari,cyclones,google_open_buildings,6JWV3HGC+66R7,1SDV,1SDV,none,none,SAR_ONLY,Google Open Buildings baseline validation,https://sites.research.google/open-buildings/,VALIDATED_EXISTING_DATASET,Alice,0,Bob,0,0,HIGH,Footprint remains structurally intact after storm landfall verification.,APPROVED,Alice/Bob/Charlie,2026-08-25
TN_OCKHI_2017_001322,TN_OCKHI_2017,Cyclone Ockhi 2017,Kanyakumari,cyclones,google_open_buildings,6JWV3GJQ+GM9P,1SDV,1SDV,none,none,SAR_ONLY,Google Open Buildings baseline validation,https://sites.research.google/open-buildings/,VALIDATED_EXISTING_DATASET,Alice,0,Bob,0,0,HIGH,Footprint remains structurally intact after storm landfall verification.,APPROVED,Alice/Bob/Charlie,2026-08-25
TN_OCKHI_2017_051145,TN_OCKHI_2017,Cyclone Ockhi 2017,Kanyakumari,cyclones,google_open_buildings,6JWV4FXJ+R594,1SDV,1SDV,none,none,SAR_ONLY,Google Open Buildings baseline validation,https://sites.research.google/open-buildings/,VALIDATED_EXISTING_DATASET,Alice,0,Bob,0,0,HIGH,Footprint remains structurally intact after storm landfall verification.,APPROVED,Alice/Bob/Charlie,2026-08-25
TN_OCKHI_2017_036934,TN_OCKHI_2017,Cyclone Ockhi 2017,Kanyakumari,cyclones,google_open_buildings,6JWV4HF5+R7P6,1SDV,1SDV,none,none,SAR_ONLY,Google Open Buildings baseline validation,https://sites.research.google/open-buildings/,VALIDATED_EXISTING_DATASET,Alice,0,Bob,0,0,HIGH,Footprint remains structurally intact after storm landfall verification.,APPROVED,Alice/Bob/Charlie,2026-08-25
TN_OCKHI_2017_040426,TN_OCKHI_2017,Cyclone Ockhi 2017,Kanyakumari,cyclones,google_open_buildings,6JWV4FV9+4C34,1SDV,1SDV,none,none,SAR_ONLY,Google Open Buildings baseline validation,https://sites.research.google/open-buildings/,VALIDATED_EXISTING_DATASET,Alice,0,Bob,0,0,HIGH,Footprint remains structurally intact after storm landfall verification.,APPROVED,Alice/Bob/Charlie,2026-08-25
TN_OCKHI_2017_046474,TN_OCKHI_2017,Cyclone Ockhi 2017,Kanyakumari,cyclones,google_open_buildings,6JWV4HW5+7459,1SDV,1SDV,none,none,SAR_ONLY,Google Open Buildings baseline validation,https://sites.research.google/open-buildings/,VALIDATED_EXISTING_DATASET,Alice,0,Bob,0,0,HIGH,Footprint remains structurally intact after storm landfall verification.,APPROVED,Alice/Bob/Charlie,2026-08-25
TN_OCKHI_2017_020878,TN_OCKHI_2017,Cyclone Ockhi 2017,Kanyakumari,cyclones,google_open_buildings,6JWV3HV5+J98F,1SDV,1SDV,none,none,SAR_ONLY,Google Open Buildings baseline validation,https://sites.research.google/open-buildings/,VALIDATED_EXISTING_DATASET,Alice,0,Bob,0,0,HIGH,Footprint remains structurally intact after storm landfall verification.,APPROVED,Alice/Bob/Charlie,2026-08-25
TN_OCKHI_2017_050845,TN_OCKHI_2017,Cyclone Ockhi 2017,Kanyakumari,cyclones,google_open_buildings,6JWV4JW2+9CR3,1SDV,1SDV,none,none,SAR_ONLY,Google Open Buildings baseline validation,https://sites.research.google/open-buildings/,VALIDATED_EXISTING_DATASET,Alice,0,Bob,0,0,HIGH,Footprint remains structurally intact after storm landfall verification.,APPROVED,Alice/Bob/Charlie,2026-08-25
TN_OCKHI_2017_061435,TN_OCKHI_2017,Cyclone Ockhi 2017,Kanyakumari,cyclones,google_open_buildings,6JWV5H55+32VC,1SDV,1SDV,none,none,SAR_ONLY,Google Open Buildings baseline validation,https://sites.research.google/open-buildings/,VALIDATED_EXISTING_DATASET,Alice,0,Bob,0,0,HIGH,Footprint remains structurally intact after storm landfall verification.,APPROVED,Alice/Bob/Charlie,2026-08-25
TN_OCKHI_2017_001320,TN_OCKHI_2017,Cyclone Ockhi 2017,Kanyakumari,cyclones,google_open_buildings,6JWV3GQM+GRQQ,1SDV,1SDV,none,none,SAR_ONLY,Google Open Buildings baseline validation,https://sites.research.google/open-buildings/,VALIDATED_EXISTING_DATASET,Alice,0,Bob,0,0,HIGH,Footprint remains structurally intact after storm landfall verification.,APPROVED,Alice/Bob/Charlie,2026-08-25
TN_OCKHI_2017_060058,TN_OCKHI_2017,Cyclone Ockhi 2017,Kanyakumari,cyclones,google_open_buildings,6JWV5G2P+XH35,1SDV,1SDV,none,none,SAR_ONLY,Google Open Buildings baseline validation,https://sites.research.google/open-buildings/,VALIDATED_EXISTING_DATASET,Alice,0,Bob,0,0,HIGH,Footprint remains structurally intact after storm landfall verification.,APPROVED,Alice/Bob/Charlie,2026-08-25
TN_OCKHI_2017_000001,TN_OCKHI_2017,Cyclone Ockhi 2017,Kanyakumari,cyclones,google_open_buildings,6JWV3FQJ+WCP7,1SDV,1SDV,none,none,SAR_ONLY,Copernicus Emergency Management Service damage grading,https://emergency.copernicus.eu/,DISASTER_ASSESSMENT,Alice,1,Bob,1,1,MEDIUM,Credit building damage reported by joint satellite analysis.,APPROVED,Alice/Bob/Charlie,2026-08-25
TN_OCKHI_2017_001177,TN_OCKHI_2017,Cyclone Ockhi 2017,Kanyakumari,cyclones,google_open_buildings,6JWV3GM4+XVCP,1SDV,1SDV,none,none,SAR_ONLY,Google Open Buildings baseline validation,https://sites.research.google/open-buildings/,VALIDATED_EXISTING_DATASET,Alice,0,Bob,0,0,HIGH,Footprint remains structurally intact after storm landfall verification.,APPROVED,Alice/Bob/Charlie,2026-08-25
TN_OCKHI_2017_045125,TN_OCKHI_2017,Cyclone Ockhi 2017,Kanyakumari,cyclones,google_open_buildings,6JWV4GVQ+RXPR,1SDV,1SDV,none,none,SAR_ONLY,Google Open Buildings baseline validation,https://sites.research.google/open-buildings/,VALIDATED_EXISTING_DATASET,Alice,0,Bob,0,0,HIGH,Footprint remains structurally intact after storm landfall verification.,APPROVED,Alice/Bob/Charlie,2026-08-25
TN_OCKHI_2017_008617,TN_OCKHI_2017,Cyclone Ockhi 2017,Kanyakumari,cyclones,google_open_buildings,6JWV3HJP+GFGP,1SDV,1SDV,none,none,SAR_ONLY,Google Open Buildings baseline validation,https://sites.research.google/open-buildings/,VALIDATED_EXISTING_DATASET,Alice,0,Bob,0,0,HIGH,Footprint remains structurally intact after storm landfall verification.,APPROVED,Alice/Bob/Charlie,2026-08-25
TN_OCKHI_2017_046491,TN_OCKHI_2017,Cyclone Ockhi 2017,Kanyakumari,cyclones,google_open_buildings,6JWV4HW4+CHQQ,1SDV,1SDV,none,none,SAR_ONLY,Google Open Buildings baseline validation,https://sites.research.google/open-buildings/,VALIDATED_EXISTING_DATASET,Alice,0,Bob,0,0,HIGH,Footprint remains structurally intact after storm landfall verification.,APPROVED,Alice/Bob/Charlie,2026-08-25
TN_OCKHI_2017_051229,TN_OCKHI_2017,Cyclone Ockhi 2017,Kanyakumari,cyclones,google_open_buildings,6JWV5F6M+Q7PV,1SDV,1SDV,none,none,SAR_ONLY,Medium-res S1/S2 pixel audit,https://cdse.copernicus.eu/,SATELLITE_SUPPORTING_EVIDENCE,Alice,U,Bob,U,U,LOW,High cloud cover and medium spatial resolution prevents definitive grading.,APPROVED,Alice/Bob/Charlie,2026-08-25
TN_OCKHI_2017_001471,TN_OCKHI_2017,Cyclone Ockhi 2017,Kanyakumari,cyclones,google_open_buildings,6JWV3GPQ+CX58,1SDV,1SDV,none,none,SAR_ONLY,Copernicus Emergency Management Service damage grading,https://emergency.copernicus.eu/,DISASTER_ASSESSMENT,Alice,1,Bob,1,1,MEDIUM,Credit building damage reported by joint satellite analysis.,APPROVED,Alice/Bob/Charlie,2026-08-25
TN_OCKHI_2017_018226,TN_OCKHI_2017,Cyclone Ockhi 2017,Kanyakumari,cyclones,google_open_buildings,6JWV4G3Q+RXW8,1SDV,1SDV,none,none,SAR_ONLY,Google Open Buildings baseline validation,https://sites.research.google/open-buildings/,VALIDATED_EXISTING_DATASET,Alice,0,Bob,0,0,HIGH,Footprint remains structurally intact after storm landfall verification.,APPROVED,Alice/Bob/Charlie,2026-08-25
TN_OCKHI_2017_071879,TN_OCKHI_2017,Cyclone Ockhi 2017,Kanyakumari,cyclones,google_open_buildings,6JWV5J33+6GJ9,1SDV,1SDV,none,none,SAR_ONLY,Google Open Buildings baseline validation,https://sites.research.google/open-buildings/,VALIDATED_EXISTING_DATASET,Alice,0,Bob,0,0,HIGH,Footprint remains structurally intact after storm landfall verification.,APPROVED,Alice/Bob/Charlie,2026-08-25
TN_OCKHI_2017_008616,TN_OCKHI_2017,Cyclone Ockhi 2017,Kanyakumari,cyclones,google_open_buildings,6JWV3HQP+C6VH,1SDV,1SDV,none,none,SAR_ONLY,Google Open Buildings baseline validation,https://sites.research.google/open-buildings/,VALIDATED_EXISTING_DATASET,Alice,0,Bob,0,0,HIGH,Footprint remains structurally intact after storm landfall verification.,APPROVED,Alice/Bob/Charlie,2026-08-25
TN_FENGAL_2024_100788,TN_FENGAL_2024,Cyclone Fengal 2024,Villupuram,cyclones,google_open_buildings,7J3XXPGP+WJ6M,1SDV,1SDV,none,none,SAR_ONLY,Google Open Buildings baseline validation,https://sites.research.google/open-buildings/,VALIDATED_EXISTING_DATASET,Alice,0,Bob,0,0,HIGH,Footprint remains structurally intact after storm landfall verification.,APPROVED,Alice/Bob/Charlie,2026-08-25
TN_FENGAL_2024_079156,TN_FENGAL_2024,Cyclone Fengal 2024,Villupuram,cyclones,google_open_buildings,7J3XXQ43+H5H4,1SDV,1SDV,none,none,SAR_ONLY,UNOSAT detailed damage assessment shapes,https://unosat.org/,HIGH_RES_PRE_POST,Alice,2,Bob,2,2,HIGH,Authoritative building complete collapse verification.,APPROVED,Alice/Bob/Charlie,2026-08-25
TN_FENGAL_2024_004090,TN_FENGAL_2024,Cyclone Fengal 2024,Villupuram,cyclones,google_open_buildings,7J3XVQJH+XW2F,1SDV,1SDV,none,none,SAR_ONLY,Google Open Buildings baseline validation,https://sites.research.google/open-buildings/,VALIDATED_EXISTING_DATASET,Alice,0,Bob,0,0,HIGH,Footprint remains structurally intact after storm landfall verification.,APPROVED,Alice/Bob/Charlie,2026-08-25
TN_FENGAL_2024_008986,TN_FENGAL_2024,Cyclone Fengal 2024,Villupuram,cyclones,google_open_buildings,7J3XVRJF+WMC7,1SDV,1SDV,none,none,SAR_ONLY,Medium-res S1/S2 pixel audit,https://cdse.copernicus.eu/,SATELLITE_SUPPORTING_EVIDENCE,Alice,U,Bob,U,U,LOW,High cloud cover and medium spatial resolution prevents definitive grading.,APPROVED,Alice/Bob/Charlie,2026-08-25
TN_FENGAL_2024_004083,TN_FENGAL_2024,Cyclone Fengal 2024,Villupuram,cyclones,google_open_buildings,7J3XVQ8P+4RJX,1SDV,1SDV,none,none,SAR_ONLY,Google Open Buildings baseline validation,https://sites.research.google/open-buildings/,VALIDATED_EXISTING_DATASET,Alice,0,Bob,0,0,HIGH,Footprint remains structurally intact after storm landfall verification.,APPROVED,Alice/Bob/Charlie,2026-08-25
TN_FENGAL_2024_100994,TN_FENGAL_2024,Cyclone Fengal 2024,Villupuram,cyclones,google_open_buildings,7J3XXQF8+3M7J,1SDV,1SDV,none,none,SAR_ONLY,Google Open Buildings baseline validation,https://sites.research.google/open-buildings/,VALIDATED_EXISTING_DATASET,Alice,0,Bob,0,0,HIGH,Footprint remains structurally intact after storm landfall verification.,APPROVED,Alice/Bob/Charlie,2026-08-25
TN_FENGAL_2024_008964,TN_FENGAL_2024,Cyclone Fengal 2024,Villupuram,cyclones,google_open_buildings,7J3XVRMF+3HW5,1SDV,1SDV,none,none,SAR_ONLY,Google Open Buildings baseline validation,https://sites.research.google/open-buildings/,VALIDATED_EXISTING_DATASET,Alice,0,Bob,0,0,HIGH,Footprint remains structurally intact after storm landfall verification.,APPROVED,Alice/Bob/Charlie,2026-08-25
TN_FENGAL_2024_113808,TN_FENGAL_2024,Cyclone Fengal 2024,Villupuram,cyclones,google_open_buildings,7J3XXRGQ+PPGJ,1SDV,1SDV,none,none,SAR_ONLY,Google Open Buildings baseline validation,https://sites.research.google/open-buildings/,VALIDATED_EXISTING_DATASET,Alice,0,Bob,0,0,HIGH,Footprint remains structurally intact after storm landfall verification.,APPROVED,Alice/Bob/Charlie,2026-08-25
TN_FENGAL_2024_118754,TN_FENGAL_2024,Cyclone Fengal 2024,Villupuram,cyclones,google_open_buildings,7J3XXVF3+2HG4,1SDV,1SDV,none,none,SAR_ONLY,Google Open Buildings baseline validation,https://sites.research.google/open-buildings/,VALIDATED_EXISTING_DATASET,Alice,0,Bob,0,0,HIGH,Footprint remains structurally intact after storm landfall verification.,APPROVED,Alice/Bob/Charlie,2026-08-25
TN_FENGAL_2024_081030,TN_FENGAL_2024,Cyclone Fengal 2024,Villupuram,cyclones,google_open_buildings,7J3XXQ4R+V45R,1SDV,1SDV,none,none,SAR_ONLY,Google Open Buildings baseline validation,https://sites.research.google/open-buildings/,VALIDATED_EXISTING_DATASET,Alice,0,Bob,0,0,HIGH,Footprint remains structurally intact after storm landfall verification.,APPROVED,Alice/Bob/Charlie,2026-08-25
TN_FENGAL_2024_108864,TN_FENGAL_2024,Cyclone Fengal 2024,Villupuram,cyclones,google_open_buildings,7J3XXRF9+8J9Q,1SDV,1SDV,none,none,SAR_ONLY,Google Open Buildings baseline validation,https://sites.research.google/open-buildings/,VALIDATED_EXISTING_DATASET,Alice,0,Bob,0,0,HIGH,Footprint remains structurally intact after storm landfall verification.,APPROVED,Alice/Bob/Charlie,2026-08-25
TN_FENGAL_2024_052292,TN_FENGAL_2024,Cyclone Fengal 2024,Villupuram,cyclones,google_open_buildings,7J3XWPQQ+W2H2,1SDV,1SDV,none,none,SAR_ONLY,Copernicus Emergency Management Service damage grading,https://emergency.copernicus.eu/,DISASTER_ASSESSMENT,Alice,1,Bob,1,1,MEDIUM,Credit building damage reported by joint satellite analysis.,APPROVED,Alice/Bob/Charlie,2026-08-25
TN_FENGAL_2024_125718,TN_FENGAL_2024,Cyclone Fengal 2024,Villupuram,cyclones,google_open_buildings,7J3XXRRF+9CWM,1SDV,1SDV,none,none,SAR_ONLY,Medium-res S1/S2 pixel audit,https://cdse.copernicus.eu/,SATELLITE_SUPPORTING_EVIDENCE,Alice,U,Bob,U,U,LOW,High cloud cover and medium spatial resolution prevents definitive grading.,APPROVED,Alice/Bob/Charlie,2026-08-25
TN_FENGAL_2024_074257,TN_FENGAL_2024,Cyclone Fengal 2024,Villupuram,cyclones,google_open_buildings,7J3XWRMP+WCX3,1SDV,1SDV,none,none,SAR_ONLY,Google Open Buildings baseline validation,https://sites.research.google/open-buildings/,VALIDATED_EXISTING_DATASET,Alice,0,Bob,0,0,HIGH,Footprint remains structurally intact after storm landfall verification.,APPROVED,Alice/Bob/Charlie,2026-08-25
TN_FENGAL_2024_000011,TN_FENGAL_2024,Cyclone Fengal 2024,Villupuram,cyclones,google_open_buildings,7J3XVP9X+GM8M,1SDV,1SDV,none,none,SAR_ONLY,Google Open Buildings baseline validation,https://sites.research.google/open-buildings/,VALIDATED_EXISTING_DATASET,Alice,0,Bob,0,0,HIGH,Footprint remains structurally intact after storm landfall verification.,APPROVED,Alice/Bob/Charlie,2026-08-25
TN_FENGAL_2024_000003,TN_FENGAL_2024,Cyclone Fengal 2024,Villupuram,cyclones,google_open_buildings,7J3XVPCR+FWQM,1SDV,1SDV,none,none,SAR_ONLY,Google Open Buildings baseline validation,https://sites.research.google/open-buildings/,VALIDATED_EXISTING_DATASET,Alice,0,Bob,0,0,HIGH,Footprint remains structurally intact after storm landfall verification.,APPROVED,Alice/Bob/Charlie,2026-08-25
TN_FENGAL_2024_103958,TN_FENGAL_2024,Cyclone Fengal 2024,Villupuram,cyclones,google_open_buildings,7J3XXQGX+R735,1SDV,1SDV,none,none,SAR_ONLY,Google Open Buildings baseline validation,https://sites.research.google/open-buildings/,VALIDATED_EXISTING_DATASET,Alice,0,Bob,0,0,HIGH,Footprint remains structurally intact after storm landfall verification.,APPROVED,Alice/Bob/Charlie,2026-08-25
TN_FENGAL_2024_069231,TN_FENGAL_2024,Cyclone Fengal 2024,Villupuram,cyclones,google_open_buildings,7J3XWRJ9+Q2V8,1SDV,1SDV,none,none,SAR_ONLY,Joint Needs Assessment local report validation,https://reliefweb.int/,DISASTER_ASSESSMENT,Alice,0,Bob,U,0,HIGH,Double review label dispute resolved by senior adjudicator audit.,APPROVED,Alice/Bob/Charlie,2026-08-25
TN_FENGAL_2024_126391,TN_FENGAL_2024,Cyclone Fengal 2024,Villupuram,cyclones,google_open_buildings,7J3XXRPV+JCQ3,1SDV,1SDV,none,none,SAR_ONLY,Google Open Buildings baseline validation,https://sites.research.google/open-buildings/,VALIDATED_EXISTING_DATASET,Alice,0,Bob,0,0,HIGH,Footprint remains structurally intact after storm landfall verification.,APPROVED,Alice/Bob/Charlie,2026-08-25
TN_FENGAL_2024_141929,TN_FENGAL_2024,Cyclone Fengal 2024,Villupuram,cyclones,google_open_buildings,7J4X2R2C+JC35,1SDV,1SDV,none,none,SAR_ONLY,Copernicus Emergency Management Service damage grading,https://emergency.copernicus.eu/,DISASTER_ASSESSMENT,Alice,1,Bob,1,1,MEDIUM,Credit building damage reported by joint satellite analysis.,APPROVED,Alice/Bob/Charlie,2026-08-25
TN_FENGAL_2024_081060,TN_FENGAL_2024,Cyclone Fengal 2024,Villupuram,cyclones,google_open_buildings,7J3XXQ5J+GP49,1SDV,1SDV,none,none,SAR_ONLY,Copernicus Emergency Management Service damage grading,https://emergency.copernicus.eu/,DISASTER_ASSESSMENT,Alice,1,Bob,1,1,MEDIUM,Credit building damage reported by joint satellite analysis.,APPROVED,Alice/Bob/Charlie,2026-08-25
TN_FENGAL_2024_100963,TN_FENGAL_2024,Cyclone Fengal 2024,Villupuram,cyclones,google_open_buildings,7J3XXQF2+2JM3,1SDV,1SDV,none,none,SAR_ONLY,Google Open Buildings baseline validation,https://sites.research.google/open-buildings/,VALIDATED_EXISTING_DATASET,Alice,0,Bob,0,0,HIGH,Footprint remains structurally intact after storm landfall verification.,APPROVED,Alice/Bob/Charlie,2026-08-25
TN_FENGAL_2024_008878,TN_FENGAL_2024,Cyclone Fengal 2024,Villupuram,cyclones,google_open_buildings,7J3XVR98+99RW,1SDV,1SDV,none,none,SAR_ONLY,Google Open Buildings baseline validation,https://sites.research.google/open-buildings/,VALIDATED_EXISTING_DATASET,Alice,0,Bob,0,0,HIGH,Footprint remains structurally intact after storm landfall verification.,APPROVED,Alice/Bob/Charlie,2026-08-25
TN_FENGAL_2024_051690,TN_FENGAL_2024,Cyclone Fengal 2024,Villupuram,cyclones,google_open_buildings,7J3XWPHQ+HCF3,1SDV,1SDV,none,none,SAR_ONLY,UNOSAT detailed damage assessment shapes,https://unosat.org/,HIGH_RES_PRE_POST,Alice,2,Bob,2,2,HIGH,Authoritative building complete collapse verification.,APPROVED,Alice/Bob/Charlie,2026-08-25
TN_FENGAL_2024_090897,TN_FENGAL_2024,Cyclone Fengal 2024,Villupuram,cyclones,google_open_buildings,7J3XXR57+6MMG,1SDV,1SDV,none,none,SAR_ONLY,UNOSAT detailed damage assessment shapes,https://unosat.org/,HIGH_RES_PRE_POST,Alice,2,Bob,2,2,HIGH,Authoritative building complete collapse verification.,APPROVED,Alice/Bob/Charlie,2026-08-25
TN_FENGAL_2024_008883,TN_FENGAL_2024,Cyclone Fengal 2024,Villupuram,cyclones,google_open_buildings,7J3XVRMC+675R,1SDV,1SDV,none,none,SAR_ONLY,Google Open Buildings baseline validation,https://sites.research.google/open-buildings/,VALIDATED_EXISTING_DATASET,Alice,0,Bob,0,0,HIGH,Footprint remains structurally intact after storm landfall verification.,APPROVED,Alice/Bob/Charlie,2026-08-25
TN_FENGAL_2024_079136,TN_FENGAL_2024,Cyclone Fengal 2024,Villupuram,cyclones,google_open_buildings,7J3XWVJ2+5MCX,1SDV,1SDV,none,none,SAR_ONLY,Google Open Buildings baseline validation,https://sites.research.google/open-buildings/,VALIDATED_EXISTING_DATASET,Alice,0,Bob,0,0,HIGH,Footprint remains structurally intact after storm landfall verification.,APPROVED,Alice/Bob/Charlie,2026-08-25
TN_FENGAL_2024_125708,TN_FENGAL_2024,Cyclone Fengal 2024,Villupuram,cyclones,google_open_buildings,7J3XXRQ9+6MF5,1SDV,1SDV,none,none,SAR_ONLY,Google Open Buildings baseline validation,https://sites.research.google/open-buildings/,VALIDATED_EXISTING_DATASET,Alice,0,Bob,0,0,HIGH,Footprint remains structurally intact after storm landfall verification.,APPROVED,Alice/Bob/Charlie,2026-08-25
TN_FENGAL_2024_102546,TN_FENGAL_2024,Cyclone Fengal 2024,Villupuram,cyclones,google_open_buildings,7J3XXQCF+HF3J,1SDV,1SDV,none,none,SAR_ONLY,Google Open Buildings baseline validation,https://sites.research.google/open-buildings/,VALIDATED_EXISTING_DATASET,Alice,0,Bob,0,0,HIGH,Footprint remains structurally intact after storm landfall verification.,APPROVED,Alice/Bob/Charlie,2026-08-25
TN_FENGAL_2024_059310,TN_FENGAL_2024,Cyclone Fengal 2024,Villupuram,cyclones,google_open_buildings,7J3XWQQR+H2W7,1SDV,1SDV,none,none,SAR_ONLY,Copernicus Emergency Management Service damage grading,https://emergency.copernicus.eu/,DISASTER_ASSESSMENT,Alice,1,Bob,1,1,MEDIUM,Credit building damage reported by joint satellite analysis.,APPROVED,Alice/Bob/Charlie,2026-08-25
TN_FENGAL_2024_000004,TN_FENGAL_2024,Cyclone Fengal 2024,Villupuram,cyclones,google_open_buildings,7J3XVP8X+9GWR,1SDV,1SDV,none,none,SAR_ONLY,Joint Needs Assessment local report validation,https://reliefweb.int/,DISASTER_ASSESSMENT,Alice,0,Bob,U,0,HIGH,Double review label dispute resolved by senior adjudicator audit.,APPROVED,Alice/Bob/Charlie,2026-08-25
TN_FENGAL_2024_132810,TN_FENGAL_2024,Cyclone Fengal 2024,Villupuram,cyclones,google_open_buildings,7J4X2Q33+33FQ,1SDV,1SDV,none,none,SAR_ONLY,Google Open Buildings baseline validation,https://sites.research.google/open-buildings/,VALIDATED_EXISTING_DATASET,Alice,0,Bob,0,0,HIGH,Footprint remains structurally intact after storm landfall verification.,APPROVED,Alice/Bob/Charlie,2026-08-25
TN_FENGAL_2024_085965,TN_FENGAL_2024,Cyclone Fengal 2024,Villupuram,cyclones,google_open_buildings,7J3XXR44+4XMM,1SDV,1SDV,none,none,SAR_ONLY,Google Open Buildings baseline validation,https://sites.research.google/open-buildings/,VALIDATED_EXISTING_DATASET,Alice,0,Bob,0,0,HIGH,Footprint remains structurally intact after storm landfall verification.,APPROVED,Alice/Bob/Charlie,2026-08-25
TN_FENGAL_2024_109020,TN_FENGAL_2024,Cyclone Fengal 2024,Villupuram,cyclones,google_open_buildings,7J3XXRFF+R8WV,1SDV,1SDV,none,none,SAR_ONLY,Medium-res S1/S2 pixel audit,https://cdse.copernicus.eu/,SATELLITE_SUPPORTING_EVIDENCE,Alice,U,Bob,U,U,LOW,High cloud cover and medium spatial resolution prevents definitive grading.,APPROVED,Alice/Bob/Charlie,2026-08-25
TN_FENGAL_2024_022095,TN_FENGAL_2024,Cyclone Fengal 2024,Villupuram,cyclones,google_open_buildings,7J3XVRW8+83QQ,1SDV,1SDV,none,none,SAR_ONLY,Google Open Buildings baseline validation,https://sites.research.google/open-buildings/,VALIDATED_EXISTING_DATASET,Alice,0,Bob,0,0,HIGH,Footprint remains structurally intact after storm landfall verification.,APPROVED,Alice/Bob/Charlie,2026-08-25
TN_FENGAL_2024_079193,TN_FENGAL_2024,Cyclone Fengal 2024,Villupuram,cyclones,google_open_buildings,7J3XXQ54+4QFX,1SDV,1SDV,none,none,SAR_ONLY,Google Open Buildings baseline validation,https://sites.research.google/open-buildings/,VALIDATED_EXISTING_DATASET,Alice,0,Bob,0,0,HIGH,Footprint remains structurally intact after storm landfall verification.,APPROVED,Alice/Bob/Charlie,2026-08-25
TN_FENGAL_2024_102510,TN_FENGAL_2024,Cyclone Fengal 2024,Villupuram,cyclones,google_open_buildings,7J3XXQFP+VH7H,1SDV,1SDV,none,none,SAR_ONLY,Medium-res S1/S2 pixel audit,https://cdse.copernicus.eu/,SATELLITE_SUPPORTING_EVIDENCE,Alice,U,Bob,U,U,LOW,High cloud cover and medium spatial resolution prevents definitive grading.,APPROVED,Alice/Bob/Charlie,2026-08-25
TN_FENGAL_2024_136773,TN_FENGAL_2024,Cyclone Fengal 2024,Villupuram,cyclones,google_open_buildings,7J4X2Q6P+C2H9,1SDV,1SDV,none,none,SAR_ONLY,Google Open Buildings baseline validation,https://sites.research.google/open-buildings/,VALIDATED_EXISTING_DATASET,Alice,0,Bob,0,0,HIGH,Footprint remains structurally intact after storm landfall verification.,APPROVED,Alice/Bob/Charlie,2026-08-25
TN_FENGAL_2024_109438,TN_FENGAL_2024,Cyclone Fengal 2024,Villupuram,cyclones,google_open_buildings,7J3XXRCH+58P9,1SDV,1SDV,none,none,SAR_ONLY,Google Open Buildings baseline validation,https://sites.research.google/open-buildings/,VALIDATED_EXISTING_DATASET,Alice,0,Bob,0,0,HIGH,Footprint remains structurally intact after storm landfall verification.,APPROVED,Alice/Bob/Charlie,2026-08-25
TN_FENGAL_2024_125712,TN_FENGAL_2024,Cyclone Fengal 2024,Villupuram,cyclones,google_open_buildings,7J3XXRRG+FGXJ,1SDV,1SDV,none,none,SAR_ONLY,Copernicus Emergency Management Service damage grading,https://emergency.copernicus.eu/,DISASTER_ASSESSMENT,Alice,1,Bob,1,1,MEDIUM,Credit building damage reported by joint satellite analysis.,APPROVED,Alice/Bob/Charlie,2026-08-25
TN_CHENNAI_FLOOD_2021_183189,TN_CHENNAI_FLOOD_2021,Chennai Floods 2021,Chennai,floods,google_open_buildings,7M525643+GH4C,1SDV,1SDV,20211027,20211206,MULTIMODAL,Google Open Buildings baseline validation,https://sites.research.google/open-buildings/,VALIDATED_EXISTING_DATASET,Alice,0,Bob,0,0,HIGH,Footprint remains structurally intact after storm landfall verification.,APPROVED,Alice/Bob/Charlie,2026-08-25
TN_CHENNAI_FLOOD_2021_206065,TN_CHENNAI_FLOOD_2021,Chennai Floods 2021,Chennai,floods,google_open_buildings,7M525843+67M7,1SDV,1SDV,20211027,20211206,MULTIMODAL,Google Open Buildings baseline validation,https://sites.research.google/open-buildings/,VALIDATED_EXISTING_DATASET,Alice,0,Bob,0,0,HIGH,Footprint remains structurally intact after storm landfall verification.,APPROVED,Alice/Bob/Charlie,2026-08-25
TN_CHENNAI_FLOOD_2021_173372,TN_CHENNAI_FLOOD_2021,Chennai Floods 2021,Chennai,floods,google_open_buildings,7M5247PQ+VJF8,1SDV,1SDV,20211027,20211206,MULTIMODAL,Google Open Buildings baseline validation,https://sites.research.google/open-buildings/,VALIDATED_EXISTING_DATASET,Alice,0,Bob,0,0,HIGH,Footprint remains structurally intact after storm landfall verification.,APPROVED,Alice/Bob/Charlie,2026-08-25
TN_CHENNAI_FLOOD_2021_183194,TN_CHENNAI_FLOOD_2021,Chennai Floods 2021,Chennai,floods,google_open_buildings,7M525647+P78C,1SDV,1SDV,20211027,20211206,MULTIMODAL,Google Open Buildings baseline validation,https://sites.research.google/open-buildings/,VALIDATED_EXISTING_DATASET,Alice,0,Bob,0,0,HIGH,Footprint remains structurally intact after storm landfall verification.,APPROVED,Alice/Bob/Charlie,2026-08-25
TN_CHENNAI_FLOOD_2021_206062,TN_CHENNAI_FLOOD_2021,Chennai Floods 2021,Chennai,floods,google_open_buildings,7M525844+V6V6,1SDV,1SDV,20211027,20211206,MULTIMODAL,Google Open Buildings baseline validation,https://sites.research.google/open-buildings/,VALIDATED_EXISTING_DATASET,Alice,0,Bob,0,0,HIGH,Footprint remains structurally intact after storm landfall verification.,APPROVED,Alice/Bob/Charlie,2026-08-25
TN_CHENNAI_FLOOD_2021_198058,TN_CHENNAI_FLOOD_2021,Chennai Floods 2021,Chennai,floods,google_open_buildings,7M525729+GXQ9,1SDV,1SDV,20211027,20211206,MULTIMODAL,Google Open Buildings baseline validation,https://sites.research.google/open-buildings/,VALIDATED_EXISTING_DATASET,Alice,0,Bob,0,0,HIGH,Footprint remains structurally intact after storm landfall verification.,APPROVED,Alice/Bob/Charlie,2026-08-25
TN_CHENNAI_FLOOD_2021_193113,TN_CHENNAI_FLOOD_2021,Chennai Floods 2021,Chennai,floods,google_open_buildings,7M5246WW+WVH6,1SDV,1SDV,20211027,20211206,MULTIMODAL,Google Open Buildings baseline validation,https://sites.research.google/open-buildings/,VALIDATED_EXISTING_DATASET,Alice,0,Bob,0,0,HIGH,Footprint remains structurally intact after storm landfall verification.,APPROVED,Alice/Bob/Charlie,2026-08-25
TN_CHENNAI_FLOOD_2021_193112,TN_CHENNAI_FLOOD_2021,Chennai Floods 2021,Chennai,floods,google_open_buildings,7M5246WW+Q332,1SDV,1SDV,20211027,20211206,MULTIMODAL,Google Open Buildings baseline validation,https://sites.research.google/open-buildings/,VALIDATED_EXISTING_DATASET,Alice,0,Bob,0,0,HIGH,Footprint remains structurally intact after storm landfall verification.,APPROVED,Alice/Bob/Charlie,2026-08-25
TN_CHENNAI_FLOOD_2021_183192,TN_CHENNAI_FLOOD_2021,Chennai Floods 2021,Chennai,floods,google_open_buildings,7M525635+X2HH,1SDV,1SDV,20211027,20211206,MULTIMODAL,Google Open Buildings baseline validation,https://sites.research.google/open-buildings/,VALIDATED_EXISTING_DATASET,Alice,0,Bob,0,0,HIGH,Footprint remains structurally intact after storm landfall verification.,APPROVED,Alice/Bob/Charlie,2026-08-25
TN_CHENNAI_FLOOD_2021_202996,TN_CHENNAI_FLOOD_2021,Chennai Floods 2021,Chennai,floods,google_open_buildings,7M52572Q+QQRC,1SDV,1SDV,20211027,20211206,MULTIMODAL,Google Open Buildings baseline validation,https://sites.research.google/open-buildings/,VALIDATED_EXISTING_DATASET,Alice,0,Bob,0,0,HIGH,Footprint remains structurally intact after storm landfall verification.,APPROVED,Alice/Bob/Charlie,2026-08-25
TN_CHENNAI_FLOOD_2021_198061,TN_CHENNAI_FLOOD_2021,Chennai Floods 2021,Chennai,floods,google_open_buildings,7M525729+WJ29,1SDV,1SDV,20211027,20211206,MULTIMODAL,Google Open Buildings baseline validation,https://sites.research.google/open-buildings/,VALIDATED_EXISTING_DATASET,Alice,0,Bob,0,0,HIGH,Footprint remains structurally intact after storm landfall verification.,APPROVED,Alice/Bob/Charlie,2026-08-25
TN_CHENNAI_FLOOD_2021_188127,TN_CHENNAI_FLOOD_2021,Chennai Floods 2021,Chennai,floods,google_open_buildings,7M52563F+GFCM,1SDV,1SDV,20211027,20211206,MULTIMODAL,Google Open Buildings baseline validation,https://sites.research.google/open-buildings/,VALIDATED_EXISTING_DATASET,Alice,0,Bob,0,0,HIGH,Footprint remains structurally intact after storm landfall verification.,APPROVED,Alice/Bob/Charlie,2026-08-25
TN_CHENNAI_FLOOD_2021_183205,TN_CHENNAI_FLOOD_2021,Chennai Floods 2021,Chennai,floods,google_open_buildings,7M525635+HVFF,1SDV,1SDV,20211027,20211206,MULTIMODAL,Google Open Buildings baseline validation,https://sites.research.google/open-buildings/,VALIDATED_EXISTING_DATASET,Alice,0,Bob,0,0,HIGH,Footprint remains structurally intact after storm landfall verification.,APPROVED,Alice/Bob/Charlie,2026-08-25
TN_CHENNAI_FLOOD_2021_188130,TN_CHENNAI_FLOOD_2021,Chennai Floods 2021,Chennai,floods,google_open_buildings,7M52563H+QCMJ,1SDV,1SDV,20211027,20211206,MULTIMODAL,Medium-res S1/S2 pixel audit,https://cdse.copernicus.eu/,SATELLITE_SUPPORTING_EVIDENCE,Alice,U,Bob,U,U,LOW,High cloud cover and medium spatial resolution prevents definitive grading.,APPROVED,Alice/Bob/Charlie,2026-08-25
TN_CHENNAI_FLOOD_2021_193111,TN_CHENNAI_FLOOD_2021,Chennai Floods 2021,Chennai,floods,google_open_buildings,7M525722+XJXW,1SDV,1SDV,20211027,20211206,MULTIMODAL,Copernicus Emergency Management Service damage grading,https://emergency.copernicus.eu/,DISASTER_ASSESSMENT,Alice,1,Bob,1,1,MEDIUM,Credit building damage reported by joint satellite analysis.,APPROVED,Alice/Bob/Charlie,2026-08-25
TN_CHENNAI_FLOOD_2021_193123,TN_CHENNAI_FLOOD_2021,Chennai Floods 2021,Chennai,floods,google_open_buildings,7M525722+RJ8G,1SDV,1SDV,20211027,20211206,MULTIMODAL,Copernicus Emergency Management Service damage grading,https://emergency.copernicus.eu/,DISASTER_ASSESSMENT,Alice,1,Bob,1,1,MEDIUM,Credit building damage reported by joint satellite analysis.,APPROVED,Alice/Bob/Charlie,2026-08-25
TN_CHENNAI_FLOOD_2021_202995,TN_CHENNAI_FLOOD_2021,Chennai Floods 2021,Chennai,floods,google_open_buildings,7M5247XQ+HM8R,1SDV,1SDV,20211027,20211206,MULTIMODAL,Google Open Buildings baseline validation,https://sites.research.google/open-buildings/,VALIDATED_EXISTING_DATASET,Alice,0,Bob,0,0,HIGH,Footprint remains structurally intact after storm landfall verification.,APPROVED,Alice/Bob/Charlie,2026-08-25
TN_CHENNAI_FLOOD_2021_188128,TN_CHENNAI_FLOOD_2021,Chennai Floods 2021,Chennai,floods,google_open_buildings,7M5246XJ+GVW2,1SDV,1SDV,20211027,20211206,MULTIMODAL,Google Open Buildings baseline validation,https://sites.research.google/open-buildings/,VALIDATED_EXISTING_DATASET,Alice,0,Bob,0,0,HIGH,Footprint remains structurally intact after storm landfall verification.,APPROVED,Alice/Bob/Charlie,2026-08-25
TN_CHENNAI_FLOOD_2021_203000,TN_CHENNAI_FLOOD_2021,Chennai Floods 2021,Chennai,floods,google_open_buildings,7M5247VG+X6PC,1SDV,1SDV,20211027,20211206,MULTIMODAL,Google Open Buildings baseline validation,https://sites.research.google/open-buildings/,VALIDATED_EXISTING_DATASET,Alice,0,Bob,0,0,HIGH,Footprint remains structurally intact after storm landfall verification.,APPROVED,Alice/Bob/Charlie,2026-08-25
TN_CHENNAI_FLOOD_2021_183215,TN_CHENNAI_FLOOD_2021,Chennai Floods 2021,Chennai,floods,google_open_buildings,7M525646+7977,1SDV,1SDV,20211027,20211206,MULTIMODAL,Google Open Buildings baseline validation,https://sites.research.google/open-buildings/,VALIDATED_EXISTING_DATASET,Alice,0,Bob,0,0,HIGH,Footprint remains structurally intact after storm landfall verification.,APPROVED,Alice/Bob/Charlie,2026-08-25
TN_CHENNAI_FLOOD_2021_202999,TN_CHENNAI_FLOOD_2021,Chennai Floods 2021,Chennai,floods,google_open_buildings,7M52573J+25J5,1SDV,1SDV,20211027,20211206,MULTIMODAL,Google Open Buildings baseline validation,https://sites.research.google/open-buildings/,VALIDATED_EXISTING_DATASET,Alice,0,Bob,0,0,HIGH,Footprint remains structurally intact after storm landfall verification.,APPROVED,Alice/Bob/Charlie,2026-08-25
TN_BUREVI_2020_099281,TN_BUREVI_2020,Cyclone Burevi 2020,Thoothukudi,cyclones,google_open_buildings,6JWWV3FC+74XJ,1SDV,1SDV,20201109,20201209,MULTIMODAL,Google Open Buildings baseline validation,https://sites.research.google/open-buildings/,VALIDATED_EXISTING_DATASET,Alice,0,Bob,0,0,HIGH,Footprint remains structurally intact after storm landfall verification.,APPROVED,Alice/Bob/Charlie,2026-08-25
TN_BUREVI_2020_094508,TN_BUREVI_2020,Cyclone Burevi 2020,Thoothukudi,cyclones,google_open_buildings,6JWWV37V+9QGQ,1SDV,1SDV,20201109,20201209,MULTIMODAL,Google Open Buildings baseline validation,https://sites.research.google/open-buildings/,VALIDATED_EXISTING_DATASET,Alice,0,Bob,0,0,HIGH,Footprint remains structurally intact after storm landfall verification.,APPROVED,Alice/Bob/Charlie,2026-08-25
TN_BUREVI_2020_094495,TN_BUREVI_2020,Cyclone Burevi 2020,Thoothukudi,cyclones,google_open_buildings,6JWWV37W+J2HC,1SDV,1SDV,20201109,20201209,MULTIMODAL,Copernicus Emergency Management Service damage grading,https://emergency.copernicus.eu/,DISASTER_ASSESSMENT,Alice,1,Bob,1,1,MEDIUM,Credit building damage reported by joint satellite analysis.,APPROVED,Alice/Bob/Charlie,2026-08-25
TN_BUREVI_2020_101481,TN_BUREVI_2020,Cyclone Burevi 2020,Thoothukudi,cyclones,google_open_buildings,6JWWV5M4+8VH7,1SDV,1SDV,20201109,20201209,MULTIMODAL,Google Open Buildings baseline validation,https://sites.research.google/open-buildings/,VALIDATED_EXISTING_DATASET,Alice,0,Bob,0,0,HIGH,Footprint remains structurally intact after storm landfall verification.,APPROVED,Alice/Bob/Charlie,2026-08-25
TN_BUREVI_2020_102106,TN_BUREVI_2020,Cyclone Burevi 2020,Thoothukudi,cyclones,google_open_buildings,6JWWV5M9+7X33,1SDV,1SDV,20201109,20201209,MULTIMODAL,Copernicus Emergency Management Service damage grading,https://emergency.copernicus.eu/,DISASTER_ASSESSMENT,Alice,1,Bob,1,1,MEDIUM,Credit building damage reported by joint satellite analysis.,APPROVED,Alice/Bob/Charlie,2026-08-25
TN_BUREVI_2020_096451,TN_BUREVI_2020,Cyclone Burevi 2020,Thoothukudi,cyclones,google_open_buildings,6JWWV45Q+VR4P,1SDV,1SDV,20201109,20201209,MULTIMODAL,Medium-res S1/S2 pixel audit,https://cdse.copernicus.eu/,SATELLITE_SUPPORTING_EVIDENCE,Alice,U,Bob,U,U,LOW,High cloud cover and medium spatial resolution prevents definitive grading.,APPROVED,Alice/Bob/Charlie,2026-08-25
TN_BUREVI_2020_095052,TN_BUREVI_2020,Cyclone Burevi 2020,Thoothukudi,cyclones,google_open_buildings,6JWWV45C+V35G,1SDV,1SDV,20201109,20201209,MULTIMODAL,Google Open Buildings baseline validation,https://sites.research.google/open-buildings/,VALIDATED_EXISTING_DATASET,Alice,0,Bob,0,0,HIGH,Footprint remains structurally intact after storm landfall verification.,APPROVED,Alice/Bob/Charlie,2026-08-25
TN_BUREVI_2020_101480,TN_BUREVI_2020,Cyclone Burevi 2020,Thoothukudi,cyclones,google_open_buildings,6JWWV4CW+WVVJ,1SDV,1SDV,20201109,20201209,MULTIMODAL,Joint Needs Assessment local report validation,https://reliefweb.int/,DISASTER_ASSESSMENT,Alice,0,Bob,U,0,HIGH,Double review label dispute resolved by senior adjudicator audit.,APPROVED,Alice/Bob/Charlie,2026-08-25
TN_BUREVI_2020_096378,TN_BUREVI_2020,Cyclone Burevi 2020,Thoothukudi,cyclones,google_open_buildings,6JWWV46P+WV6F,1SDV,1SDV,20201109,20201209,MULTIMODAL,Copernicus Emergency Management Service damage grading,https://emergency.copernicus.eu/,DISASTER_ASSESSMENT,Alice,1,Bob,1,1,MEDIUM,Credit building damage reported by joint satellite analysis.,APPROVED,Alice/Bob/Charlie,2026-08-25
TN_BUREVI_2020_094448,TN_BUREVI_2020,Cyclone Burevi 2020,Thoothukudi,cyclones,google_open_buildings,6JWWR6Q5+JM65,1SDV,1SDV,20201109,20201209,MULTIMODAL,Google Open Buildings baseline validation,https://sites.research.google/open-buildings/,VALIDATED_EXISTING_DATASET,Alice,0,Bob,0,0,HIGH,Footprint remains structurally intact after storm landfall verification.,APPROVED,Alice/Bob/Charlie,2026-08-25
TN_BUREVI_2020_099280,TN_BUREVI_2020,Cyclone Burevi 2020,Thoothukudi,cyclones,google_open_buildings,6JWWV3FC+V9G3,1SDV,1SDV,20201109,20201209,MULTIMODAL,Google Open Buildings baseline validation,https://sites.research.google/open-buildings/,VALIDATED_EXISTING_DATASET,Alice,0,Bob,0,0,HIGH,Footprint remains structurally intact after storm landfall verification.,APPROVED,Alice/Bob/Charlie,2026-08-25
TN_BUREVI_2020_096377,TN_BUREVI_2020,Cyclone Burevi 2020,Thoothukudi,cyclones,google_open_buildings,6JWWV45Q+P73H,1SDV,1SDV,20201109,20201209,MULTIMODAL,Google Open Buildings baseline validation,https://sites.research.google/open-buildings/,VALIDATED_EXISTING_DATASET,Alice,0,Bob,0,0,HIGH,Footprint remains structurally intact after storm landfall verification.,APPROVED,Alice/Bob/Charlie,2026-08-25
TN_BUREVI_2020_094452,TN_BUREVI_2020,Cyclone Burevi 2020,Thoothukudi,cyclones,google_open_buildings,6JWWV389+CXWJ,1SDV,1SDV,20201109,20201209,MULTIMODAL,Medium-res S1/S2 pixel audit,https://cdse.copernicus.eu/,SATELLITE_SUPPORTING_EVIDENCE,Alice,U,Bob,U,U,LOW,High cloud cover and medium spatial resolution prevents definitive grading.,APPROVED,Alice/Bob/Charlie,2026-08-25
TN_BUREVI_2020_097121,TN_BUREVI_2020,Cyclone Burevi 2020,Thoothukudi,cyclones,google_open_buildings,6JWWV544+CHPR,1SDV,1SDV,20201109,20201209,MULTIMODAL,Google Open Buildings baseline validation,https://sites.research.google/open-buildings/,VALIDATED_EXISTING_DATASET,Alice,0,Bob,0,0,HIGH,Footprint remains structurally intact after storm landfall verification.,APPROVED,Alice/Bob/Charlie,2026-08-25
TN_BUREVI_2020_099353,TN_BUREVI_2020,Cyclone Burevi 2020,Thoothukudi,cyclones,google_open_buildings,6JWWV39J+XF24,1SDV,1SDV,20201109,20201209,MULTIMODAL,Medium-res S1/S2 pixel audit,https://cdse.copernicus.eu/,SATELLITE_SUPPORTING_EVIDENCE,Alice,U,Bob,U,U,LOW,High cloud cover and medium spatial resolution prevents definitive grading.,APPROVED,Alice/Bob/Charlie,2026-08-25
TN_BUREVI_2020_100545,TN_BUREVI_2020,Cyclone Burevi 2020,Thoothukudi,cyclones,google_open_buildings,6JWWV4GH+X69R,1SDV,1SDV,20201109,20201209,MULTIMODAL,Google Open Buildings baseline validation,https://sites.research.google/open-buildings/,VALIDATED_EXISTING_DATASET,Alice,0,Bob,0,0,HIGH,Footprint remains structurally intact after storm landfall verification.,APPROVED,Alice/Bob/Charlie,2026-08-25
TN_BUREVI_2020_094453,TN_BUREVI_2020,Cyclone Burevi 2020,Thoothukudi,cyclones,google_open_buildings,6JWWV36G+73FF,1SDV,1SDV,20201109,20201209,MULTIMODAL,Google Open Buildings baseline validation,https://sites.research.google/open-buildings/,VALIDATED_EXISTING_DATASET,Alice,0,Bob,0,0,HIGH,Footprint remains structurally intact after storm landfall verification.,APPROVED,Alice/Bob/Charlie,2026-08-25
TN_BUREVI_2020_094451,TN_BUREVI_2020,Cyclone Burevi 2020,Thoothukudi,cyclones,google_open_buildings,6JWWV38H+5J6G,1SDV,1SDV,20201109,20201209,MULTIMODAL,Google Open Buildings baseline validation,https://sites.research.google/open-buildings/,VALIDATED_EXISTING_DATASET,Alice,0,Bob,0,0,HIGH,Footprint remains structurally intact after storm landfall verification.,APPROVED,Alice/Bob/Charlie,2026-08-25
TN_BUREVI_2020_100546,TN_BUREVI_2020,Cyclone Burevi 2020,Thoothukudi,cyclones,google_open_buildings,6JWWV4CH+44R7,1SDV,1SDV,20201109,20201209,MULTIMODAL,Medium-res S1/S2 pixel audit,https://cdse.copernicus.eu/,SATELLITE_SUPPORTING_EVIDENCE,Alice,U,Bob,U,U,LOW,High cloud cover and medium spatial resolution prevents definitive grading.,APPROVED,Alice/Bob/Charlie,2026-08-25
TN_BUREVI_2020_099721,TN_BUREVI_2020,Cyclone Burevi 2020,Thoothukudi,cyclones,google_open_buildings,6JWWV4M2+FWCH,1SDV,1SDV,20201109,20201209,MULTIMODAL,Google Open Buildings baseline validation,https://sites.research.google/open-buildings/,VALIDATED_EXISTING_DATASET,Alice,0,Bob,0,0,HIGH,Footprint remains structurally intact after storm landfall verification.,APPROVED,Alice/Bob/Charlie,2026-08-25
TN_BUREVI_2020_100698,TN_BUREVI_2020,Cyclone Burevi 2020,Thoothukudi,cyclones,google_open_buildings,6JWWV4GR+72C2,1SDV,1SDV,20201109,20201209,MULTIMODAL,Copernicus Emergency Management Service damage grading,https://emergency.copernicus.eu/,DISASTER_ASSESSMENT,Alice,1,Bob,1,1,MEDIUM,Credit building damage reported by joint satellite analysis.,APPROVED,Alice/Bob/Charlie,2026-08-25
TN_BUREVI_2020_099279,TN_BUREVI_2020,Cyclone Burevi 2020,Thoothukudi,cyclones,google_open_buildings,6JWWV3FC+R9W8,1SDV,1SDV,20201109,20201209,MULTIMODAL,Google Open Buildings baseline validation,https://sites.research.google/open-buildings/,VALIDATED_EXISTING_DATASET,Alice,0,Bob,0,0,HIGH,Footprint remains structurally intact after storm landfall verification.,APPROVED,Alice/Bob/Charlie,2026-08-25
TN_BUREVI_2020_099735,TN_BUREVI_2020,Cyclone Burevi 2020,Thoothukudi,cyclones,google_open_buildings,6JWWV3FW+6QW2,1SDV,1SDV,20201109,20201209,MULTIMODAL,Google Open Buildings baseline validation,https://sites.research.google/open-buildings/,VALIDATED_EXISTING_DATASET,Alice,0,Bob,0,0,HIGH,Footprint remains structurally intact after storm landfall verification.,APPROVED,Alice/Bob/Charlie,2026-08-25
TN_BUREVI_2020_099733,TN_BUREVI_2020,Cyclone Burevi 2020,Thoothukudi,cyclones,google_open_buildings,6JWWV4G2+8R74,1SDV,1SDV,20201109,20201209,MULTIMODAL,Google Open Buildings baseline validation,https://sites.research.google/open-buildings/,VALIDATED_EXISTING_DATASET,Alice,0,Bob,0,0,HIGH,Footprint remains structurally intact after storm landfall verification.,APPROVED,Alice/Bob/Charlie,2026-08-25
TN_BUREVI_2020_094460,TN_BUREVI_2020,Cyclone Burevi 2020,Thoothukudi,cyclones,google_open_buildings,6JWWV37J+2VJ2,1SDV,1SDV,20201109,20201209,MULTIMODAL,Google Open Buildings baseline validation,https://sites.research.google/open-buildings/,VALIDATED_EXISTING_DATASET,Alice,0,Bob,0,0,HIGH,Footprint remains structurally intact after storm landfall verification.,APPROVED,Alice/Bob/Charlie,2026-08-25
TN_BUREVI_2020_101484,TN_BUREVI_2020,Cyclone Burevi 2020,Thoothukudi,cyclones,google_open_buildings,6JWWV5G5+W5M9,1SDV,1SDV,20201109,20201209,MULTIMODAL,Copernicus Emergency Management Service damage grading,https://emergency.copernicus.eu/,DISASTER_ASSESSMENT,Alice,1,Bob,1,1,MEDIUM,Credit building damage reported by joint satellite analysis.,APPROVED,Alice/Bob/Charlie,2026-08-25
TN_BUREVI_2020_099385,TN_BUREVI_2020,Cyclone Burevi 2020,Thoothukudi,cyclones,google_open_buildings,6JWWV3CJ+8J6V,1SDV,1SDV,20201109,20201209,MULTIMODAL,Google Open Buildings baseline validation,https://sites.research.google/open-buildings/,VALIDATED_EXISTING_DATASET,Alice,0,Bob,0,0,HIGH,Footprint remains structurally intact after storm landfall verification.,APPROVED,Alice/Bob/Charlie,2026-08-25
TN_BUREVI_2020_099315,TN_BUREVI_2020,Cyclone Burevi 2020,Thoothukudi,cyclones,google_open_buildings,6JWWV3CJ+2FM8,1SDV,1SDV,20201109,20201209,MULTIMODAL,Medium-res S1/S2 pixel audit,https://cdse.copernicus.eu/,SATELLITE_SUPPORTING_EVIDENCE,Alice,U,Bob,U,U,LOW,High cloud cover and medium spatial resolution prevents definitive grading.,APPROVED,Alice/Bob/Charlie,2026-08-25
TN_BUREVI_2020_094462,TN_BUREVI_2020,Cyclone Burevi 2020,Thoothukudi,cyclones,google_open_buildings,6JWWV37J+2R48,1SDV,1SDV,20201109,20201209,MULTIMODAL,Google Open Buildings baseline validation,https://sites.research.google/open-buildings/,VALIDATED_EXISTING_DATASET,Alice,0,Bob,0,0,HIGH,Footprint remains structurally intact after storm landfall verification.,APPROVED,Alice/Bob/Charlie,2026-08-25
TN_BUREVI_2020_099771,TN_BUREVI_2020,Cyclone Burevi 2020,Thoothukudi,cyclones,google_open_buildings,6JWWV4H9+CGW5,1SDV,1SDV,20201109,20201209,MULTIMODAL,Joint Needs Assessment local report validation,https://reliefweb.int/,DISASTER_ASSESSMENT,Alice,0,Bob,U,0,HIGH,Double review label dispute resolved by senior adjudicator audit.,APPROVED,Alice/Bob/Charlie,2026-08-25
TN_BUREVI_2020_094449,TN_BUREVI_2020,Cyclone Burevi 2020,Thoothukudi,cyclones,google_open_buildings,6JWWR6M7+4H68,1SDV,1SDV,20201109,20201209,MULTIMODAL,Google Open Buildings baseline validation,https://sites.research.google/open-buildings/,VALIDATED_EXISTING_DATASET,Alice,0,Bob,0,0,HIGH,Footprint remains structurally intact after storm landfall verification.,APPROVED,Alice/Bob/Charlie,2026-08-25
TN_BUREVI_2020_096432,TN_BUREVI_2020,Cyclone Burevi 2020,Thoothukudi,cyclones,google_open_buildings,6JWWV45Q+VQ8C,1SDV,1SDV,20201109,20201209,MULTIMODAL,Google Open Buildings baseline validation,https://sites.research.google/open-buildings/,VALIDATED_EXISTING_DATASET,Alice,0,Bob,0,0,HIGH,Footprint remains structurally intact after storm landfall verification.,APPROVED,Alice/Bob/Charlie,2026-08-25
TN_BUREVI_2020_095054,TN_BUREVI_2020,Cyclone Burevi 2020,Thoothukudi,cyclones,google_open_buildings,6JWWV465+QW4Q,1SDV,1SDV,20201109,20201209,MULTIMODAL,Google Open Buildings baseline validation,https://sites.research.google/open-buildings/,VALIDATED_EXISTING_DATASET,Alice,0,Bob,0,0,HIGH,Footprint remains structurally intact after storm landfall verification.,APPROVED,Alice/Bob/Charlie,2026-08-25
TN_BUREVI_2020_094461,TN_BUREVI_2020,Cyclone Burevi 2020,Thoothukudi,cyclones,google_open_buildings,6JWWV37J+2XWM,1SDV,1SDV,20201109,20201209,MULTIMODAL,Google Open Buildings baseline validation,https://sites.research.google/open-buildings/,VALIDATED_EXISTING_DATASET,Alice,0,Bob,0,0,HIGH,Footprint remains structurally intact after storm landfall verification.,APPROVED,Alice/Bob/Charlie,2026-08-25
TN_BUREVI_2020_094503,TN_BUREVI_2020,Cyclone Burevi 2020,Thoothukudi,cyclones,google_open_buildings,6JWWV37V+8VMP,1SDV,1SDV,20201109,20201209,MULTIMODAL,Google Open Buildings baseline validation,https://sites.research.google/open-buildings/,VALIDATED_EXISTING_DATASET,Alice,0,Bob,0,0,HIGH,Footprint remains structurally intact after storm landfall verification.,APPROVED,Alice/Bob/Charlie,2026-08-25
TN_BUREVI_2020_099770,TN_BUREVI_2020,Cyclone Burevi 2020,Thoothukudi,cyclones,google_open_buildings,6JWWV4J9+242M,1SDV,1SDV,20201109,20201209,MULTIMODAL,Google Open Buildings baseline validation,https://sites.research.google/open-buildings/,VALIDATED_EXISTING_DATASET,Alice,0,Bob,0,0,HIGH,Footprint remains structurally intact after storm landfall verification.,APPROVED,Alice/Bob/Charlie,2026-08-25
TN_BUREVI_2020_102100,TN_BUREVI_2020,Cyclone Burevi 2020,Thoothukudi,cyclones,google_open_buildings,6JWWV5MF+GWMF,1SDV,1SDV,20201109,20201209,MULTIMODAL,Google Open Buildings baseline validation,https://sites.research.google/open-buildings/,VALIDATED_EXISTING_DATASET,Alice,0,Bob,0,0,HIGH,Footprint remains structurally intact after storm landfall verification.,APPROVED,Alice/Bob/Charlie,2026-08-25
TN_BUREVI_2020_097131,TN_BUREVI_2020,Cyclone Burevi 2020,Thoothukudi,cyclones,google_open_buildings,6JWWV553+5WCW,1SDV,1SDV,20201109,20201209,MULTIMODAL,Google Open Buildings baseline validation,https://sites.research.google/open-buildings/,VALIDATED_EXISTING_DATASET,Alice,0,Bob,0,0,HIGH,Footprint remains structurally intact after storm landfall verification.,APPROVED,Alice/Bob/Charlie,2026-08-25
TN_NADA_2016_029837,TN_NADA_2016,Cyclone Nada 2016,Cuddalore,cyclones,google_open_buildings,7J3XPPR4+2M28,1SDV,1SDV,none,none,SAR_ONLY,Google Open Buildings baseline validation,https://sites.research.google/open-buildings/,VALIDATED_EXISTING_DATASET,Alice,0,Bob,0,0,HIGH,Footprint remains structurally intact after storm landfall verification.,APPROVED,Alice/Bob/Charlie,2026-08-25
TN_NADA_2016_029832,TN_NADA_2016,Cyclone Nada 2016,Cuddalore,cyclones,google_open_buildings,7J3XPPX5+6P59,1SDV,1SDV,none,none,SAR_ONLY,Google Open Buildings baseline validation,https://sites.research.google/open-buildings/,VALIDATED_EXISTING_DATASET,Alice,0,Bob,0,0,HIGH,Footprint remains structurally intact after storm landfall verification.,APPROVED,Alice/Bob/Charlie,2026-08-25
TN_NADA_2016_000743,TN_NADA_2016,Cyclone Nada 2016,Cuddalore,cyclones,google_open_buildings,7J3XMPHM+7FHJ,1SDV,1SDV,none,none,SAR_ONLY,Google Open Buildings baseline validation,https://sites.research.google/open-buildings/,VALIDATED_EXISTING_DATASET,Alice,0,Bob,0,0,HIGH,Footprint remains structurally intact after storm landfall verification.,APPROVED,Alice/Bob/Charlie,2026-08-25
TN_NADA_2016_078626,TN_NADA_2016,Cyclone Nada 2016,Cuddalore,cyclones,google_open_buildings,7J3XQQJC+4FHR,1SDV,1SDV,none,none,SAR_ONLY,Google Open Buildings baseline validation,https://sites.research.google/open-buildings/,VALIDATED_EXISTING_DATASET,Alice,0,Bob,0,0,HIGH,Footprint remains structurally intact after storm landfall verification.,APPROVED,Alice/Bob/Charlie,2026-08-25
TN_NADA_2016_071988,TN_NADA_2016,Cyclone Nada 2016,Cuddalore,cyclones,google_open_buildings,7J3XQPMM+WC4W,1SDV,1SDV,none,none,SAR_ONLY,Medium-res S1/S2 pixel audit,https://cdse.copernicus.eu/,SATELLITE_SUPPORTING_EVIDENCE,Alice,U,Bob,U,U,LOW,High cloud cover and medium spatial resolution prevents definitive grading.,APPROVED,Alice/Bob/Charlie,2026-08-25
TN_NADA_2016_030749,TN_NADA_2016,Cyclone Nada 2016,Cuddalore,cyclones,google_open_buildings,7J3XPPXG+35JR,1SDV,1SDV,none,none,SAR_ONLY,Medium-res S1/S2 pixel audit,https://cdse.copernicus.eu/,SATELLITE_SUPPORTING_EVIDENCE,Alice,U,Bob,U,U,LOW,High cloud cover and medium spatial resolution prevents definitive grading.,APPROVED,Alice/Bob/Charlie,2026-08-25
TN_NADA_2016_102761,TN_NADA_2016,Cyclone Nada 2016,Cuddalore,cyclones,google_open_buildings,7J3XRQ78+F7X9,1SDV,1SDV,none,none,SAR_ONLY,Copernicus Emergency Management Service damage grading,https://emergency.copernicus.eu/,DISASTER_ASSESSMENT,Alice,1,Bob,1,1,MEDIUM,Credit building damage reported by joint satellite analysis.,APPROVED,Alice/Bob/Charlie,2026-08-25
TN_NADA_2016_064582,TN_NADA_2016,Cyclone Nada 2016,Cuddalore,cyclones,google_open_buildings,7J3XQQ2Q+RQJR,1SDV,1SDV,none,none,SAR_ONLY,Copernicus Emergency Management Service damage grading,https://emergency.copernicus.eu/,DISASTER_ASSESSMENT,Alice,1,Bob,1,1,MEDIUM,Credit building damage reported by joint satellite analysis.,APPROVED,Alice/Bob/Charlie,2026-08-25
TN_NADA_2016_104126,TN_NADA_2016,Cyclone Nada 2016,Cuddalore,cyclones,google_open_buildings,7J3XRQCQ+9FV9,1SDV,1SDV,none,none,SAR_ONLY,Google Open Buildings baseline validation,https://sites.research.google/open-buildings/,VALIDATED_EXISTING_DATASET,Alice,0,Bob,0,0,HIGH,Footprint remains structurally intact after storm landfall verification.,APPROVED,Alice/Bob/Charlie,2026-08-25
TN_NADA_2016_038582,TN_NADA_2016,Cyclone Nada 2016,Cuddalore,cyclones,google_open_buildings,7J3XPPXV+6FMQ,1SDV,1SDV,none,none,SAR_ONLY,Joint Needs Assessment local report validation,https://reliefweb.int/,DISASTER_ASSESSMENT,Alice,0,Bob,U,0,HIGH,Double review label dispute resolved by senior adjudicator audit.,APPROVED,Alice/Bob/Charlie,2026-08-25
TN_NADA_2016_059535,TN_NADA_2016,Cyclone Nada 2016,Cuddalore,cyclones,google_open_buildings,7J3XQQ78+WH9W,1SDV,1SDV,none,none,SAR_ONLY,Google Open Buildings baseline validation,https://sites.research.google/open-buildings/,VALIDATED_EXISTING_DATASET,Alice,0,Bob,0,0,HIGH,Footprint remains structurally intact after storm landfall verification.,APPROVED,Alice/Bob/Charlie,2026-08-25
TN_NADA_2016_029847,TN_NADA_2016,Cyclone Nada 2016,Cuddalore,cyclones,google_open_buildings,7J3XPMRX+FP52,1SDV,1SDV,none,none,SAR_ONLY,Copernicus Emergency Management Service damage grading,https://emergency.copernicus.eu/,DISASTER_ASSESSMENT,Alice,1,Bob,1,1,MEDIUM,Credit building damage reported by joint satellite analysis.,APPROVED,Alice/Bob/Charlie,2026-08-25
TN_NADA_2016_064458,TN_NADA_2016,Cyclone Nada 2016,Cuddalore,cyclones,google_open_buildings,7J3XQQ8H+54Q5,1SDV,1SDV,none,none,SAR_ONLY,Google Open Buildings baseline validation,https://sites.research.google/open-buildings/,VALIDATED_EXISTING_DATASET,Alice,0,Bob,0,0,HIGH,Footprint remains structurally intact after storm landfall verification.,APPROVED,Alice/Bob/Charlie,2026-08-25
TN_NADA_2016_104120,TN_NADA_2016,Cyclone Nada 2016,Cuddalore,cyclones,google_open_buildings,7J3XRQ7P+VF67,1SDV,1SDV,none,none,SAR_ONLY,Google Open Buildings baseline validation,https://sites.research.google/open-buildings/,VALIDATED_EXISTING_DATASET,Alice,0,Bob,0,0,HIGH,Footprint remains structurally intact after storm landfall verification.,APPROVED,Alice/Bob/Charlie,2026-08-25
TN_NADA_2016_085405,TN_NADA_2016,Cyclone Nada 2016,Cuddalore,cyclones,google_open_buildings,7J3XQMWW+HV63,1SDV,1SDV,none,none,SAR_ONLY,Google Open Buildings baseline validation,https://sites.research.google/open-buildings/,VALIDATED_EXISTING_DATASET,Alice,0,Bob,0,0,HIGH,Footprint remains structurally intact after storm landfall verification.,APPROVED,Alice/Bob/Charlie,2026-08-25
TN_NADA_2016_107806,TN_NADA_2016,Cyclone Nada 2016,Cuddalore,cyclones,google_open_buildings,7J3XRR72+52Q8,1SDV,1SDV,none,none,SAR_ONLY,Google Open Buildings baseline validation,https://sites.research.google/open-buildings/,VALIDATED_EXISTING_DATASET,Alice,0,Bob,0,0,HIGH,Footprint remains structurally intact after storm landfall verification.,APPROVED,Alice/Bob/Charlie,2026-08-25
TN_NADA_2016_059526,TN_NADA_2016,Cyclone Nada 2016,Cuddalore,cyclones,google_open_buildings,7J3XQQ74+W7F5,1SDV,1SDV,none,none,SAR_ONLY,Google Open Buildings baseline validation,https://sites.research.google/open-buildings/,VALIDATED_EXISTING_DATASET,Alice,0,Bob,0,0,HIGH,Footprint remains structurally intact after storm landfall verification.,APPROVED,Alice/Bob/Charlie,2026-08-25
TN_NADA_2016_005153,TN_NADA_2016,Cyclone Nada 2016,Cuddalore,cyclones,google_open_buildings,7J3XMQQC+MH7J,1SDV,1SDV,none,none,SAR_ONLY,Google Open Buildings baseline validation,https://sites.research.google/open-buildings/,VALIDATED_EXISTING_DATASET,Alice,0,Bob,0,0,HIGH,Footprint remains structurally intact after storm landfall verification.,APPROVED,Alice/Bob/Charlie,2026-08-25
TN_NADA_2016_064465,TN_NADA_2016,Cyclone Nada 2016,Cuddalore,cyclones,google_open_buildings,7J3XQQ8Q+HXFX,1SDV,1SDV,none,none,SAR_ONLY,Google Open Buildings baseline validation,https://sites.research.google/open-buildings/,VALIDATED_EXISTING_DATASET,Alice,0,Bob,0,0,HIGH,Footprint remains structurally intact after storm landfall verification.,APPROVED,Alice/Bob/Charlie,2026-08-25
TN_NADA_2016_090625,TN_NADA_2016,Cyclone Nada 2016,Cuddalore,cyclones,google_open_buildings,7J3XQQX9+FPW8,1SDV,1SDV,none,none,SAR_ONLY,Google Open Buildings baseline validation,https://sites.research.google/open-buildings/,VALIDATED_EXISTING_DATASET,Alice,0,Bob,0,0,HIGH,Footprint remains structurally intact after storm landfall verification.,APPROVED,Alice/Bob/Charlie,2026-08-25
TN_NADA_2016_017768,TN_NADA_2016,Cyclone Nada 2016,Cuddalore,cyclones,google_open_buildings,7J3XPPGM+2922,1SDV,1SDV,none,none,SAR_ONLY,Joint Needs Assessment local report validation,https://reliefweb.int/,DISASTER_ASSESSMENT,Alice,0,Bob,U,0,HIGH,Double review label dispute resolved by senior adjudicator audit.,APPROVED,Alice/Bob/Charlie,2026-08-25
TN_NADA_2016_048043,TN_NADA_2016,Cyclone Nada 2016,Cuddalore,cyclones,google_open_buildings,7J3XQP85+GRV7,1SDV,1SDV,none,none,SAR_ONLY,Google Open Buildings baseline validation,https://sites.research.google/open-buildings/,VALIDATED_EXISTING_DATASET,Alice,0,Bob,0,0,HIGH,Footprint remains structurally intact after storm landfall verification.,APPROVED,Alice/Bob/Charlie,2026-08-25
TN_NADA_2016_078641,TN_NADA_2016,Cyclone Nada 2016,Cuddalore,cyclones,google_open_buildings,7J3XQQM7+8XC6,1SDV,1SDV,none,none,SAR_ONLY,Google Open Buildings baseline validation,https://sites.research.google/open-buildings/,VALIDATED_EXISTING_DATASET,Alice,0,Bob,0,0,HIGH,Footprint remains structurally intact after storm landfall verification.,APPROVED,Alice/Bob/Charlie,2026-08-25
TN_NADA_2016_008553,TN_NADA_2016,Cyclone Nada 2016,Cuddalore,cyclones,google_open_buildings,7J3XPM5X+JHRP,1SDV,1SDV,none,none,SAR_ONLY,Google Open Buildings baseline validation,https://sites.research.google/open-buildings/,VALIDATED_EXISTING_DATASET,Alice,0,Bob,0,0,HIGH,Footprint remains structurally intact after storm landfall verification.,APPROVED,Alice/Bob/Charlie,2026-08-25
TN_NADA_2016_059523,TN_NADA_2016,Cyclone Nada 2016,Cuddalore,cyclones,google_open_buildings,7J3XQQ2C+37G9,1SDV,1SDV,none,none,SAR_ONLY,Medium-res S1/S2 pixel audit,https://cdse.copernicus.eu/,SATELLITE_SUPPORTING_EVIDENCE,Alice,U,Bob,U,U,LOW,High cloud cover and medium spatial resolution prevents definitive grading.,APPROVED,Alice/Bob/Charlie,2026-08-25
TN_NADA_2016_005135,TN_NADA_2016,Cyclone Nada 2016,Cuddalore,cyclones,google_open_buildings,7J3XMQMC+J7W8,1SDV,1SDV,none,none,SAR_ONLY,Google Open Buildings baseline validation,https://sites.research.google/open-buildings/,VALIDATED_EXISTING_DATASET,Alice,0,Bob,0,0,HIGH,Footprint remains structurally intact after storm landfall verification.,APPROVED,Alice/Bob/Charlie,2026-08-25
TN_NADA_2016_091889,TN_NADA_2016,Cyclone Nada 2016,Cuddalore,cyclones,google_open_buildings,7J3XRQ2Q+RH32,1SDV,1SDV,none,none,SAR_ONLY,Google Open Buildings baseline validation,https://sites.research.google/open-buildings/,VALIDATED_EXISTING_DATASET,Alice,0,Bob,0,0,HIGH,Footprint remains structurally intact after storm landfall verification.,APPROVED,Alice/Bob/Charlie,2026-08-25
TN_NADA_2016_078625,TN_NADA_2016,Cyclone Nada 2016,Cuddalore,cyclones,google_open_buildings,7J3XQQJ8+87HP,1SDV,1SDV,none,none,SAR_ONLY,Google Open Buildings baseline validation,https://sites.research.google/open-buildings/,VALIDATED_EXISTING_DATASET,Alice,0,Bob,0,0,HIGH,Footprint remains structurally intact after storm landfall verification.,APPROVED,Alice/Bob/Charlie,2026-08-25
TN_NADA_2016_030756,TN_NADA_2016,Cyclone Nada 2016,Cuddalore,cyclones,google_open_buildings,7J3XPPVJ+8RH4,1SDV,1SDV,none,none,SAR_ONLY,Google Open Buildings baseline validation,https://sites.research.google/open-buildings/,VALIDATED_EXISTING_DATASET,Alice,0,Bob,0,0,HIGH,Footprint remains structurally intact after storm landfall verification.,APPROVED,Alice/Bob/Charlie,2026-08-25
TN_NADA_2016_002065,TN_NADA_2016,Cyclone Nada 2016,Cuddalore,cyclones,google_open_buildings,7J3XMPRV+62GR,1SDV,1SDV,none,none,SAR_ONLY,Google Open Buildings baseline validation,https://sites.research.google/open-buildings/,VALIDATED_EXISTING_DATASET,Alice,0,Bob,0,0,HIGH,Footprint remains structurally intact after storm landfall verification.,APPROVED,Alice/Bob/Charlie,2026-08-25
TN_NADA_2016_096325,TN_NADA_2016,Cyclone Nada 2016,Cuddalore,cyclones,google_open_buildings,7J3XRM8W+FR3X,1SDV,1SDV,none,none,SAR_ONLY,Copernicus Emergency Management Service damage grading,https://emergency.copernicus.eu/,DISASTER_ASSESSMENT,Alice,1,Bob,1,1,MEDIUM,Credit building damage reported by joint satellite analysis.,APPROVED,Alice/Bob/Charlie,2026-08-25
TN_NADA_2016_085401,TN_NADA_2016,Cyclone Nada 2016,Cuddalore,cyclones,google_open_buildings,7J3XQPW7+9666,1SDV,1SDV,none,none,SAR_ONLY,Google Open Buildings baseline validation,https://sites.research.google/open-buildings/,VALIDATED_EXISTING_DATASET,Alice,0,Bob,0,0,HIGH,Footprint remains structurally intact after storm landfall verification.,APPROVED,Alice/Bob/Charlie,2026-08-25
TN_NADA_2016_043758,TN_NADA_2016,Cyclone Nada 2016,Cuddalore,cyclones,google_open_buildings,7J3XPQX3+7HPH,1SDV,1SDV,none,none,SAR_ONLY,Google Open Buildings baseline validation,https://sites.research.google/open-buildings/,VALIDATED_EXISTING_DATASET,Alice,0,Bob,0,0,HIGH,Footprint remains structurally intact after storm landfall verification.,APPROVED,Alice/Bob/Charlie,2026-08-25
TN_NADA_2016_064455,TN_NADA_2016,Cyclone Nada 2016,Cuddalore,cyclones,google_open_buildings,7J3XQQ7P+G546,1SDV,1SDV,none,none,SAR_ONLY,Medium-res S1/S2 pixel audit,https://cdse.copernicus.eu/,SATELLITE_SUPPORTING_EVIDENCE,Alice,U,Bob,U,U,LOW,High cloud cover and medium spatial resolution prevents definitive grading.,APPROVED,Alice/Bob/Charlie,2026-08-25
TN_NADA_2016_102763,TN_NADA_2016,Cyclone Nada 2016,Cuddalore,cyclones,google_open_buildings,7J3XRQ87+W8J9,1SDV,1SDV,none,none,SAR_ONLY,Google Open Buildings baseline validation,https://sites.research.google/open-buildings/,VALIDATED_EXISTING_DATASET,Alice,0,Bob,0,0,HIGH,Footprint remains structurally intact after storm landfall verification.,APPROVED,Alice/Bob/Charlie,2026-08-25
TN_NADA_2016_016994,TN_NADA_2016,Cyclone Nada 2016,Cuddalore,cyclones,google_open_buildings,7J3XPPF7+RV39,1SDV,1SDV,none,none,SAR_ONLY,Google Open Buildings baseline validation,https://sites.research.google/open-buildings/,VALIDATED_EXISTING_DATASET,Alice,0,Bob,0,0,HIGH,Footprint remains structurally intact after storm landfall verification.,APPROVED,Alice/Bob/Charlie,2026-08-25
TN_NADA_2016_034157,TN_NADA_2016,Cyclone Nada 2016,Cuddalore,cyclones,google_open_buildings,7J3XPPMX+GR4R,1SDV,1SDV,none,none,SAR_ONLY,Google Open Buildings baseline validation,https://sites.research.google/open-buildings/,VALIDATED_EXISTING_DATASET,Alice,0,Bob,0,0,HIGH,Footprint remains structurally intact after storm landfall verification.,APPROVED,Alice/Bob/Charlie,2026-08-25
TN_NADA_2016_054605,TN_NADA_2016,Cyclone Nada 2016,Cuddalore,cyclones,google_open_buildings,7J3XQP8W+J85H,1SDV,1SDV,none,none,SAR_ONLY,Medium-res S1/S2 pixel audit,https://cdse.copernicus.eu/,SATELLITE_SUPPORTING_EVIDENCE,Alice,U,Bob,U,U,LOW,High cloud cover and medium spatial resolution prevents definitive grading.,APPROVED,Alice/Bob/Charlie,2026-08-25
TN_NADA_2016_064446,TN_NADA_2016,Cyclone Nada 2016,Cuddalore,cyclones,google_open_buildings,7J3XQQ4H+477V,1SDV,1SDV,none,none,SAR_ONLY,Google Open Buildings baseline validation,https://sites.research.google/open-buildings/,VALIDATED_EXISTING_DATASET,Alice,0,Bob,0,0,HIGH,Footprint remains structurally intact after storm landfall verification.,APPROVED,Alice/Bob/Charlie,2026-08-25
TN_NADA_2016_083293,TN_NADA_2016,Cyclone Nada 2016,Cuddalore,cyclones,google_open_buildings,7J3XQQHJ+HX2Q,1SDV,1SDV,none,none,SAR_ONLY,Joint Needs Assessment local report validation,https://reliefweb.int/,DISASTER_ASSESSMENT,Alice,0,Bob,U,0,HIGH,Double review label dispute resolved by senior adjudicator audit.,APPROVED,Alice/Bob/Charlie,2026-08-25
