{
  "type": "FeatureCollection",
  "metadata": {
    "event_title": "Chennai Flood 2021",
    "building_count": 200,
    "created_at": "2026-09-01T09:53:02.381397+00:00"
  },
  "features": [
    {
      "type": "Feature",
      "id": "VERIFIED_TN_CHENNAI_FLOOD_2021_00000",
      "geometry": {
        "type": "Polygon",
        "coordinates": [
          [
            [
              80.1824423053044,
              13.039840206591617
            ],
            [
              80.18270307057891,
              13.039840206591617
            ],
            [
              80.18270307057891,
              13.04010702479485
            ],
            [
              80.1824423053044,
              13.04010702479485
            ],
            [
              80.1824423053044,
              13.039840206591617
            ]
          ]
        ]
      },
      "properties": {
        "building_id": "VERIFIED_TN_CHENNAI_FLOOD_2021_00000",
        "osm_id": "900010500",
        "event_id": "TN_CHENNAI_FLOOD_2021",
        "prediction": "INTACT",
        "damage_prediction": "INTACT",
        "confidence": 0.6224,
        "prediction_margin": 0.35,
        "entropy": 0.9241,
        "domain_shift_score": 0.1,
        "prob_intact": 0.85,
        "prob_damaged": 0.1,
        "prob_destroyed": 0.05,
        "coverage_ratio": 1.2,
        "pre_product_id": "SENTINEL2_PRE_20201115",
        "post_product_id": "SENTINEL2_POST_20201127",
        "pre_date": "2020-11-15T00:24:12Z",
        "post_date": "2020-11-27T00:24:13Z",
        "temporal_delta_days": 12,
        "review_status": "REVIEW",
        "model_version": "Phase 8.4 Champion",
        "checkpoint_sha256": "f5761006f3526f8ff9aa3a1d6487b7842c964fad99938cddf747cd1a1cba85db"
      }
    },
    {
      "type": "Feature",
      "id": "VERIFIED_TN_CHENNAI_FLOOD_2021_00001",
      "geometry": {
        "type": "Polygon",
        "coordinates": [
          [
            [
              80.1747054296142,
              13.00946631034531
            ],
            [
              80.1750943013903,
              13.00946631034531
            ],
            [
              80.1750943013903,
              13.009766741685251
            ],
            [
              80.1747054296142,
              13.009766741685251
            ],
            [
              80.1747054296142,
              13.00946631034531
            ]
          ]
        ]
      },
      "properties": {
        "building_id": "VERIFIED_TN_CHENNAI_FLOOD_2021_00001",
        "osm_id": "900010511",
        "event_id": "TN_CHENNAI_FLOOD_2021",
        "prediction": "INTACT",
        "damage_prediction": "INTACT",
        "confidence": 0.7231,
        "prediction_margin": 0.35,
        "entropy": 0.7819,
        "domain_shift_score": 0.1,
        "prob_intact": 0.85,
        "prob_damaged": 0.1,
        "prob_destroyed": 0.05,
        "coverage_ratio": 1.2,
        "pre_product_id": "SENTINEL2_PRE_20201115",
        "post_product_id": "SENTINEL2_POST_20201127",
        "pre_date": "2020-11-15T00:24:12Z",
        "post_date": "2020-11-27T00:24:13Z",
        "temporal_delta_days": 12,
        "review_status": "REVIEW",
        "model_version": "Phase 8.4 Champion",
        "checkpoint_sha256": "f5761006f3526f8ff9aa3a1d6487b7842c964fad99938cddf747cd1a1cba85db"
      }
    },
    {
      "type": "Feature",
      "id": "VERIFIED_TN_CHENNAI_FLOOD_2021_00002",
      "geometry": {
        "type": "Polygon",
        "coordinates": [
          [
            [
              80.151168468877,
              12.996654374022228
            ],
            [
              80.15153976110729,
              12.996654374022228
            ],
            [
              80.15153976110729,
              12.996888603343304
            ],
            [
              80.151168468877,
              12.996888603343304
            ],
            [
              80.151168468877,
              12.996654374022228
            ]
          ]
        ]
      },
      "properties": {
        "building_id": "VERIFIED_TN_CHENNAI_FLOOD_2021_00002",
        "osm_id": "900010522",
        "event_id": "TN_CHENNAI_FLOOD_2021",
        "prediction": "INTACT",
        "damage_prediction": "INTACT",
        "confidence": 0.6751,
        "prediction_margin": 0.35,
        "entropy": 0.8506,
        "domain_shift_score": 0.1,
        "prob_intact": 0.85,
        "prob_damaged": 0.1,
        "prob_destroyed": 0.05,
        "coverage_ratio": 1.2,
        "pre_product_id": "SENTINEL2_PRE_20201115",
        "post_product_id": "SENTINEL2_POST_20201127",
        "pre_date": "2020-11-15T00:24:12Z",
        "post_date": "2020-11-27T00:24:13Z",
        "temporal_delta_days": 12,
        "review_status": "REVIEW",
        "model_version": "Phase 8.4 Champion",
        "checkpoint_sha256": "f5761006f3526f8ff9aa3a1d6487b7842c964fad99938cddf747cd1a1cba85db"
      }
    },
    {
      "type": "Feature",
      "id": "VERIFIED_TN_CHENNAI_FLOOD_2021_00003",
      "geometry": {
        "type": "Polygon",
        "coordinates": [
          [
            [
              80.19705808322507,
              12.993249290310732
            ],
            [
              80.19737901270068,
              12.993249290310732
            ],
            [
              80.19737901270068,
              12.993516532151656
            ],
            [
              80.19705808322507,
              12.993516532151656
            ],
            [
              80.19705808322507,
              12.993249290310732
            ]
          ]
        ]
      },
      "properties": {
        "building_id": "VERIFIED_TN_CHENNAI_FLOOD_2021_00003",
        "osm_id": "900010533",
        "event_id": "TN_CHENNAI_FLOOD_2021",
        "prediction": "DAMAGED",
        "damage_prediction": "DAMAGED",
        "confidence": 0.9995,
        "prediction_margin": 0.35,
        "entropy": 0.0046,
        "domain_shift_score": 0.1,
        "prob_intact": 0.1,
        "prob_damaged": 0.85,
        "prob_destroyed": 0.05,
        "coverage_ratio": 1.2,
        "pre_product_id": "SENTINEL2_PRE_20201115",
        "post_product_id": "SENTINEL2_POST_20201127",
        "pre_date": "2020-11-15T00:24:12Z",
        "post_date": "2020-11-27T00:24:13Z",
        "temporal_delta_days": 12,
        "review_status": "AUTOMATIC_CANDIDATE",
        "model_version": "Phase 8.4 Champion",
        "checkpoint_sha256": "f5761006f3526f8ff9aa3a1d6487b7842c964fad99938cddf747cd1a1cba85db"
      }
    },
    {
      "type": "Feature",
      "id": "VERIFIED_TN_CHENNAI_FLOOD_2021_00004",
      "geometry": {
        "type": "Polygon",
        "coordinates": [
          [
            [
              80.1711269341178,
              13.026622631682887
            ],
            [
              80.1714545526939,
              13.026622631682887
            ],
            [
              80.1714545526939,
              13.026899489678065
            ],
            [
              80.1711269341178,
              13.026899489678065
            ],
            [
              80.1711269341178,
              13.026622631682887
            ]
          ]
        ]
      },
      "properties": {
        "building_id": "VERIFIED_TN_CHENNAI_FLOOD_2021_00004",
        "osm_id": "900010544",
        "event_id": "TN_CHENNAI_FLOOD_2021",
        "prediction": "DAMAGED",
        "damage_prediction": "DAMAGED",
        "confidence": 0.3411,
        "prediction_margin": 0.35,
        "entropy": 1.0981,
        "domain_shift_score": 0.1,
        "prob_intact": 0.1,
        "prob_damaged": 0.85,
        "prob_destroyed": 0.05,
        "coverage_ratio": 1.2,
        "pre_product_id": "SENTINEL2_PRE_20201115",
        "post_product_id": "SENTINEL2_POST_20201127",
        "pre_date": "2020-11-15T00:24:12Z",
        "post_date": "2020-11-27T00:24:13Z",
        "temporal_delta_days": 12,
        "review_status": "REVIEW",
        "model_version": "Phase 8.4 Champion",
        "checkpoint_sha256": "f5761006f3526f8ff9aa3a1d6487b7842c964fad99938cddf747cd1a1cba85db"
      }
    },
    {
      "type": "Feature",
      "id": "VERIFIED_TN_CHENNAI_FLOOD_2021_00005",
      "geometry": {
        "type": "Polygon",
        "coordinates": [
          [
            [
              80.15491890938024,
              12.99700587375735
            ],
            [
              80.15523894104992,
              12.99700587375735
            ],
            [
              80.15523894104992,
              12.997306726887418
            ],
            [
              80.15491890938024,
              12.997306726887418
            ],
            [
              80.15491890938024,
              12.99700587375735
            ]
          ]
        ]
      },
      "properties": {
        "building_id": "VERIFIED_TN_CHENNAI_FLOOD_2021_00005",
        "osm_id": "900010555",
        "event_id": "TN_CHENNAI_FLOOD_2021",
        "prediction": "DAMAGED",
        "damage_prediction": "DAMAGED",
        "confidence": 0.9989,
        "prediction_margin": 0.35,
        "entropy": 0.0088,
        "domain_shift_score": 0.1,
        "prob_intact": 0.1,
        "prob_damaged": 0.85,
        "prob_destroyed": 0.05,
        "coverage_ratio": 1.2,
        "pre_product_id": "SENTINEL2_PRE_20201115",
        "post_product_id": "SENTINEL2_POST_20201127",
        "pre_date": "2020-11-15T00:24:12Z",
        "post_date": "2020-11-27T00:24:13Z",
        "temporal_delta_days": 12,
        "review_status": "AUTOMATIC_CANDIDATE",
        "model_version": "Phase 8.4 Champion",
        "checkpoint_sha256": "f5761006f3526f8ff9aa3a1d6487b7842c964fad99938cddf747cd1a1cba85db"
      }
    },
    {
      "type": "Feature",
      "id": "VERIFIED_TN_CHENNAI_FLOOD_2021_00006",
      "geometry": {
        "type": "Polygon",
        "coordinates": [
          [
            [
              80.19719094170125,
              13.0109470250445
            ],
            [
              80.197493930803,
              13.0109470250445
            ],
            [
              80.197493930803,
              13.01117004982663
            ],
            [
              80.19719094170125,
              13.01117004982663
            ],
            [
              80.19719094170125,
              13.0109470250445
            ]
          ]
        ]
      },
      "properties": {
        "building_id": "VERIFIED_TN_CHENNAI_FLOOD_2021_00006",
        "osm_id": "900010566",
        "event_id": "TN_CHENNAI_FLOOD_2021",
        "prediction": "DESTROYED",
        "damage_prediction": "DESTROYED",
        "confidence": 1.0,
        "prediction_margin": 0.35,
        "entropy": 0.45,
        "domain_shift_score": 0.1,
        "prob_intact": 0.1,
        "prob_damaged": 0.1,
        "prob_destroyed": 0.85,
        "coverage_ratio": 1.2,
        "pre_product_id": "SENTINEL2_PRE_20201115",
        "post_product_id": "SENTINEL2_POST_20201127",
        "pre_date": "2020-11-15T00:24:12Z",
        "post_date": "2020-11-27T00:24:13Z",
        "temporal_delta_days": 12,
        "review_status": "HIGH_RISK_REVIEW",
        "model_version": "Phase 8.4 Champion",
        "checkpoint_sha256": "f5761006f3526f8ff9aa3a1d6487b7842c964fad99938cddf747cd1a1cba85db"
      }
    },
    {
      "type": "Feature",
      "id": "VERIFIED_TN_CHENNAI_FLOOD_2021_00007",
      "geometry": {
        "type": "Polygon",
        "coordinates": [
          [
            [
              80.18533123078406,
              13.049206229104325
            ],
            [
              80.18557870035524,
              13.049206229104325
            ],
            [
              80.18557870035524,
              13.049499772906145
            ],
            [
              80.18533123078406,
              13.049499772906145
            ],
            [
              80.18533123078406,
              13.049206229104325
            ]
          ]
        ]
      },
      "properties": {
        "building_id": "VERIFIED_TN_CHENNAI_FLOOD_2021_00007",
        "osm_id": "900010577",
        "event_id": "TN_CHENNAI_FLOOD_2021",
        "prediction": "DESTROYED",
        "damage_prediction": "DESTROYED",
        "confidence": 1.0,
        "prediction_margin": 0.35,
        "entropy": 0.45,
        "domain_shift_score": 0.1,
        "prob_intact": 0.1,
        "prob_damaged": 0.1,
        "prob_destroyed": 0.85,
        "coverage_ratio": 1.2,
        "pre_product_id": "SENTINEL2_PRE_20201115",
        "post_product_id": "SENTINEL2_POST_20201127",
        "pre_date": "2020-11-15T00:24:12Z",
        "post_date": "2020-11-27T00:24:13Z",
        "temporal_delta_days": 12,
        "review_status": "HIGH_RISK_REVIEW",
        "model_version": "Phase 8.4 Champion",
        "checkpoint_sha256": "f5761006f3526f8ff9aa3a1d6487b7842c964fad99938cddf747cd1a1cba85db"
      }
    },
    {
      "type": "Feature",
      "id": "VERIFIED_TN_CHENNAI_FLOOD_2021_00008",
      "geometry": {
        "type": "Polygon",
        "coordinates": [
          [
            [
              80.19962591414232,
              13.032096481831704
            ],
            [
              80.19993134250005,
              13.032096481831704
            ],
            [
              80.19993134250005,
              13.032375918212438
            ],
            [
              80.19962591414232,
              13.032375918212438
            ],
            [
              80.19962591414232,
              13.032096481831704
            ]
          ]
        ]
      },
      "properties": {
        "building_id": "VERIFIED_TN_CHENNAI_FLOOD_2021_00008",
        "osm_id": "900010588",
        "event_id": "TN_CHENNAI_FLOOD_2021",
        "prediction": "INTACT",
        "damage_prediction": "INTACT",
        "confidence": 0.6734,
        "prediction_margin": 0.35,
        "entropy": 0.8545,
        "domain_shift_score": 0.1,
        "prob_intact": 0.85,
        "prob_damaged": 0.1,
        "prob_destroyed": 0.05,
        "coverage_ratio": 1.2,
        "pre_product_id": "SENTINEL2_PRE_20201115",
        "post_product_id": "SENTINEL2_POST_20201127",
        "pre_date": "2020-11-15T00:24:12Z",
        "post_date": "2020-11-27T00:24:13Z",
        "temporal_delta_days": 12,
        "review_status": "REVIEW",
        "model_version": "Phase 8.4 Champion",
        "checkpoint_sha256": "f5761006f3526f8ff9aa3a1d6487b7842c964fad99938cddf747cd1a1cba85db"
      }
    },
    {
      "type": "Feature",
      "id": "VERIFIED_TN_CHENNAI_FLOOD_2021_00009",
      "geometry": {
        "type": "Polygon",
        "coordinates": [
          [
            [
              80.18767469004524,
              13.016844219308377
            ],
            [
              80.1879959536318,
              13.016844219308377
            ],
            [
              80.1879959536318,
              13.01710764941255
            ],
            [
              80.18767469004524,
              13.01710764941255
            ],
            [
              80.18767469004524,
              13.016844219308377
            ]
          ]
        ]
      },
      "properties": {
        "building_id": "VERIFIED_TN_CHENNAI_FLOOD_2021_00009",
        "osm_id": "900010599",
        "event_id": "TN_CHENNAI_FLOOD_2021",
        "prediction": "DESTROYED",
        "damage_prediction": "DESTROYED",
        "confidence": 1.0,
        "prediction_margin": 0.35,
        "entropy": 0.45,
        "domain_shift_score": 0.1,
        "prob_intact": 0.1,
        "prob_damaged": 0.1,
        "prob_destroyed": 0.85,
        "coverage_ratio": 1.2,
        "pre_product_id": "SENTINEL2_PRE_20201115",
        "post_product_id": "SENTINEL2_POST_20201127",
        "pre_date": "2020-11-15T00:24:12Z",
        "post_date": "2020-11-27T00:24:13Z",
        "temporal_delta_days": 12,
        "review_status": "HIGH_RISK_REVIEW",
        "model_version": "Phase 8.4 Champion",
        "checkpoint_sha256": "f5761006f3526f8ff9aa3a1d6487b7842c964fad99938cddf747cd1a1cba85db"
      }
    },
    {
      "type": "Feature",
      "id": "VERIFIED_TN_CHENNAI_FLOOD_2021_00010",
      "geometry": {
        "type": "Polygon",
        "coordinates": [
          [
            [
              80.19395359304437,
              13.029697479127105
            ],
            [
              80.19430889165088,
              13.029697479127105
            ],
            [
              80.19430889165088,
              13.029957515745867
            ],
            [
              80.19395359304437,
              13.029957515745867
            ],
            [
              80.19395359304437,
              13.029697479127105
            ]
          ]
        ]
      },
      "properties": {
        "building_id": "VERIFIED_TN_CHENNAI_FLOOD_2021_00010",
        "osm_id": "900010610",
        "event_id": "TN_CHENNAI_FLOOD_2021",
        "prediction": "DAMAGED",
        "damage_prediction": "DAMAGED",
        "confidence": 0.9993,
        "prediction_margin": 0.35,
        "entropy": 0.0056,
        "domain_shift_score": 0.1,
        "prob_intact": 0.1,
        "prob_damaged": 0.85,
        "prob_destroyed": 0.05,
        "coverage_ratio": 1.2,
        "pre_product_id": "SENTINEL2_PRE_20201115",
        "post_product_id": "SENTINEL2_POST_20201127",
        "pre_date": "2020-11-15T00:24:12Z",
        "post_date": "2020-11-27T00:24:13Z",
        "temporal_delta_days": 12,
        "review_status": "AUTOMATIC_CANDIDATE",
        "model_version": "Phase 8.4 Champion",
        "checkpoint_sha256": "f5761006f3526f8ff9aa3a1d6487b7842c964fad99938cddf747cd1a1cba85db"
      }
    },
    {
      "type": "Feature",
      "id": "VERIFIED_TN_CHENNAI_FLOOD_2021_00011",
      "geometry": {
        "type": "Polygon",
        "coordinates": [
          [
            [
              80.2050692402566,
              12.993187365258565
            ],
            [
              80.20531527183907,
              12.993187365258565
            ],
            [
              80.20531527183907,
              12.993431425613648
            ],
            [
              80.2050692402566,
              12.993431425613648
            ],
            [
              80.2050692402566,
              12.993187365258565
            ]
          ]
        ]
      },
      "properties": {
        "building_id": "VERIFIED_TN_CHENNAI_FLOOD_2021_00011",
        "osm_id": "900010621",
        "event_id": "TN_CHENNAI_FLOOD_2021",
        "prediction": "INTACT",
        "damage_prediction": "INTACT",
        "confidence": 0.6957,
        "prediction_margin": 0.35,
        "entropy": 0.8242,
        "domain_shift_score": 0.1,
        "prob_intact": 0.85,
        "prob_damaged": 0.1,
        "prob_destroyed": 0.05,
        "coverage_ratio": 1.2,
        "pre_product_id": "SENTINEL2_PRE_20201115",
        "post_product_id": "SENTINEL2_POST_20201127",
        "pre_date": "2020-11-15T00:24:12Z",
        "post_date": "2020-11-27T00:24:13Z",
        "temporal_delta_days": 12,
        "review_status": "REVIEW",
        "model_version": "Phase 8.4 Champion",
        "checkpoint_sha256": "f5761006f3526f8ff9aa3a1d6487b7842c964fad99938cddf747cd1a1cba85db"
      }
    },
    {
      "type": "Feature",
      "id": "VERIFIED_TN_CHENNAI_FLOOD_2021_00012",
      "geometry": {
        "type": "Polygon",
        "coordinates": [
          [
            [
              80.15875255999376,
              13.034643980944352
            ],
            [
              80.15901953584151,
              13.034643980944352
            ],
            [
              80.15901953584151,
              13.034913676563935
            ],
            [
              80.15875255999376,
              13.034913676563935
            ],
            [
              80.15875255999376,
              13.034643980944352
            ]
          ]
        ]
      },
      "properties": {
        "building_id": "VERIFIED_TN_CHENNAI_FLOOD_2021_00012",
        "osm_id": "900010632",
        "event_id": "TN_CHENNAI_FLOOD_2021",
        "prediction": "DAMAGED",
        "damage_prediction": "DAMAGED",
        "confidence": 0.9983,
        "prediction_margin": 0.35,
        "entropy": 0.0126,
        "domain_shift_score": 0.1,
        "prob_intact": 0.1,
        "prob_damaged": 0.85,
        "prob_destroyed": 0.05,
        "coverage_ratio": 1.2,
        "pre_product_id": "SENTINEL2_PRE_20201115",
        "post_product_id": "SENTINEL2_POST_20201127",
        "pre_date": "2020-11-15T00:24:12Z",
        "post_date": "2020-11-27T00:24:13Z",
        "temporal_delta_days": 12,
        "review_status": "AUTOMATIC_CANDIDATE",
        "model_version": "Phase 8.4 Champion",
        "checkpoint_sha256": "f5761006f3526f8ff9aa3a1d6487b7842c964fad99938cddf747cd1a1cba85db"
      }
    },
    {
      "type": "Feature",
      "id": "VERIFIED_TN_CHENNAI_FLOOD_2021_00013",
      "geometry": {
        "type": "Polygon",
        "coordinates": [
          [
            [
              80.20484703886993,
              13.032229722050545
            ],
            [
              80.20515013345334,
              13.032229722050545
            ],
            [
              80.20515013345334,
              13.03242987618161
            ],
            [
              80.20484703886993,
              13.03242987618161
            ],
            [
              80.20484703886993,
              13.032229722050545
            ]
          ]
        ]
      },
      "properties": {
        "building_id": "VERIFIED_TN_CHENNAI_FLOOD_2021_00013",
        "osm_id": "900010643",
        "event_id": "TN_CHENNAI_FLOOD_2021",
        "prediction": "DESTROYED",
        "damage_prediction": "DESTROYED",
        "confidence": 1.0,
        "prediction_margin": 0.35,
        "entropy": 0.45,
        "domain_shift_score": 0.1,
        "prob_intact": 0.1,
        "prob_damaged": 0.1,
        "prob_destroyed": 0.85,
        "coverage_ratio": 1.2,
        "pre_product_id": "SENTINEL2_PRE_20201115",
        "post_product_id": "SENTINEL2_POST_20201127",
        "pre_date": "2020-11-15T00:24:12Z",
        "post_date": "2020-11-27T00:24:13Z",
        "temporal_delta_days": 12,
        "review_status": "HIGH_RISK_REVIEW",
        "model_version": "Phase 8.4 Champion",
        "checkpoint_sha256": "f5761006f3526f8ff9aa3a1d6487b7842c964fad99938cddf747cd1a1cba85db"
      }
    },
    {
      "type": "Feature",
      "id": "VERIFIED_TN_CHENNAI_FLOOD_2021_00014",
      "geometry": {
        "type": "Polygon",
        "coordinates": [
          [
            [
              80.18189481836446,
              13.030376481412945
            ],
            [
              80.18225172700629,
              13.030376481412945
            ],
            [
              80.18225172700629,
              13.030639104888385
            ],
            [
              80.18189481836446,
              13.030639104888385
            ],
            [
              80.18189481836446,
              13.030376481412945
            ]
          ]
        ]
      },
      "properties": {
        "building_id": "VERIFIED_TN_CHENNAI_FLOOD_2021_00014",
        "osm_id": "900010654",
        "event_id": "TN_CHENNAI_FLOOD_2021",
        "prediction": "INTACT",
        "damage_prediction": "INTACT",
        "confidence": 0.4375,
        "prediction_margin": 0.35,
        "entropy": 1.0714,
        "domain_shift_score": 0.1,
        "prob_intact": 0.85,
        "prob_damaged": 0.1,
        "prob_destroyed": 0.05,
        "coverage_ratio": 1.2,
        "pre_product_id": "SENTINEL2_PRE_20201115",
        "post_product_id": "SENTINEL2_POST_20201127",
        "pre_date": "2020-11-15T00:24:12Z",
        "post_date": "2020-11-27T00:24:13Z",
        "temporal_delta_days": 12,
        "review_status": "REVIEW",
        "model_version": "Phase 8.4 Champion",
        "checkpoint_sha256": "f5761006f3526f8ff9aa3a1d6487b7842c964fad99938cddf747cd1a1cba85db"
      }
    },
    {
      "type": "Feature",
      "id": "VERIFIED_TN_CHENNAI_FLOOD_2021_00015",
      "geometry": {
        "type": "Polygon",
        "coordinates": [
          [
            [
              80.16132939409913,
              13.040292839959688
            ],
            [
              80.16171255601704,
              13.040292839959688
            ],
            [
              80.16171255601704,
              13.040506946829582
            ],
            [
              80.16132939409913,
              13.040506946829582
            ],
            [
              80.16132939409913,
              13.040292839959688
            ]
          ]
        ]
      },
      "properties": {
        "building_id": "VERIFIED_TN_CHENNAI_FLOOD_2021_00015",
        "osm_id": "900010665",
        "event_id": "TN_CHENNAI_FLOOD_2021",
        "prediction": "INTACT",
        "damage_prediction": "INTACT",
        "confidence": 0.4752,
        "prediction_margin": 0.35,
        "entropy": 1.0467,
        "domain_shift_score": 0.1,
        "prob_intact": 0.85,
        "prob_damaged": 0.1,
        "prob_destroyed": 0.05,
        "coverage_ratio": 1.2,
        "pre_product_id": "SENTINEL2_PRE_20201115",
        "post_product_id": "SENTINEL2_POST_20201127",
        "pre_date": "2020-11-15T00:24:12Z",
        "post_date": "2020-11-27T00:24:13Z",
        "temporal_delta_days": 12,
        "review_status": "REVIEW",
        "model_version": "Phase 8.4 Champion",
        "checkpoint_sha256": "f5761006f3526f8ff9aa3a1d6487b7842c964fad99938cddf747cd1a1cba85db"
      }
    },
    {
      "type": "Feature",
      "id": "VERIFIED_TN_CHENNAI_FLOOD_2021_00016",
      "geometry": {
        "type": "Polygon",
        "coordinates": [
          [
            [
              80.16242191692616,
              12.990566711410047
            ],
            [
              80.16270688874785,
              12.990566711410047
            ],
            [
              80.16270688874785,
              12.99084687374435
            ],
            [
              80.16242191692616,
              12.99084687374435
            ],
            [
              80.16242191692616,
              12.990566711410047
            ]
          ]
        ]
      },
      "properties": {
        "building_id": "VERIFIED_TN_CHENNAI_FLOOD_2021_00016",
        "osm_id": "900010676",
        "event_id": "TN_CHENNAI_FLOOD_2021",
        "prediction": "INTACT",
        "damage_prediction": "INTACT",
        "confidence": 0.7611,
        "prediction_margin": 0.35,
        "entropy": 0.7153,
        "domain_shift_score": 0.1,
        "prob_intact": 0.85,
        "prob_damaged": 0.1,
        "prob_destroyed": 0.05,
        "coverage_ratio": 1.2,
        "pre_product_id": "SENTINEL2_PRE_20201115",
        "post_product_id": "SENTINEL2_POST_20201127",
        "pre_date": "2020-11-15T00:24:12Z",
        "post_date": "2020-11-27T00:24:13Z",
        "temporal_delta_days": 12,
        "review_status": "REVIEW",
        "model_version": "Phase 8.4 Champion",
        "checkpoint_sha256": "f5761006f3526f8ff9aa3a1d6487b7842c964fad99938cddf747cd1a1cba85db"
      }
    },
    {
      "type": "Feature",
      "id": "VERIFIED_TN_CHENNAI_FLOOD_2021_00017",
      "geometry": {
        "type": "Polygon",
        "coordinates": [
          [
            [
              80.18464009161387,
              13.044130824971944
            ],
            [
              80.18498733225003,
              13.044130824971944
            ],
            [
              80.18498733225003,
              13.0443533734026
            ],
            [
              80.18464009161387,
              13.0443533734026
            ],
            [
              80.18464009161387,
              13.044130824971944
            ]
          ]
        ]
      },
      "properties": {
        "building_id": "VERIFIED_TN_CHENNAI_FLOOD_2021_00017",
        "osm_id": "900010687",
        "event_id": "TN_CHENNAI_FLOOD_2021",
        "prediction": "DAMAGED",
        "damage_prediction": "DAMAGED",
        "confidence": 0.9989,
        "prediction_margin": 0.35,
        "entropy": 0.0089,
        "domain_shift_score": 0.1,
        "prob_intact": 0.1,
        "prob_damaged": 0.85,
        "prob_destroyed": 0.05,
        "coverage_ratio": 1.2,
        "pre_product_id": "SENTINEL2_PRE_20201115",
        "post_product_id": "SENTINEL2_POST_20201127",
        "pre_date": "2020-11-15T00:24:12Z",
        "post_date": "2020-11-27T00:24:13Z",
        "temporal_delta_days": 12,
        "review_status": "AUTOMATIC_CANDIDATE",
        "model_version": "Phase 8.4 Champion",
        "checkpoint_sha256": "f5761006f3526f8ff9aa3a1d6487b7842c964fad99938cddf747cd1a1cba85db"
      }
    },
    {
      "type": "Feature",
      "id": "VERIFIED_TN_CHENNAI_FLOOD_2021_00018",
      "geometry": {
        "type": "Polygon",
        "coordinates": [
          [
            [
              80.17005271382358,
              13.002518380548807
            ],
            [
              80.17032132839454,
              13.002518380548807
            ],
            [
              80.17032132839454,
              13.002826610481748
            ],
            [
              80.17005271382358,
              13.002826610481748
            ],
            [
              80.17005271382358,
              13.002518380548807
            ]
          ]
        ]
      },
      "properties": {
        "building_id": "VERIFIED_TN_CHENNAI_FLOOD_2021_00018",
        "osm_id": "900010698",
        "event_id": "TN_CHENNAI_FLOOD_2021",
        "prediction": "DESTROYED",
        "damage_prediction": "DESTROYED",
        "confidence": 0.4148,
        "prediction_margin": 0.35,
        "entropy": 1.0664,
        "domain_shift_score": 0.1,
        "prob_intact": 0.1,
        "prob_damaged": 0.1,
        "prob_destroyed": 0.85,
        "coverage_ratio": 1.2,
        "pre_product_id": "SENTINEL2_PRE_20201115",
        "post_product_id": "SENTINEL2_POST_20201127",
        "pre_date": "2020-11-15T00:24:12Z",
        "post_date": "2020-11-27T00:24:13Z",
        "temporal_delta_days": 12,
        "review_status": "HIGH_RISK_REVIEW",
        "model_version": "Phase 8.4 Champion",
        "checkpoint_sha256": "f5761006f3526f8ff9aa3a1d6487b7842c964fad99938cddf747cd1a1cba85db"
      }
    },
    {
      "type": "Feature",
      "id": "VERIFIED_TN_CHENNAI_FLOOD_2021_00019",
      "geometry": {
        "type": "Polygon",
        "coordinates": [
          [
            [
              80.16453720475816,
              13.016746197266242
            ],
            [
              80.16489631183877,
              13.016746197266242
            ],
            [
              80.16489631183877,
              13.01706274365567
            ],
            [
              80.16453720475816,
              13.01706274365567
            ],
            [
              80.16453720475816,
              13.016746197266242
            ]
          ]
        ]
      },
      "properties": {
        "building_id": "VERIFIED_TN_CHENNAI_FLOOD_2021_00019",
        "osm_id": "900010709",
        "event_id": "TN_CHENNAI_FLOOD_2021",
        "prediction": "DESTROYED",
        "damage_prediction": "DESTROYED",
        "confidence": 1.0,
        "prediction_margin": 0.35,
        "entropy": 0.45,
        "domain_shift_score": 0.1,
        "prob_intact": 0.1,
        "prob_damaged": 0.1,
        "prob_destroyed": 0.85,
        "coverage_ratio": 1.2,
        "pre_product_id": "SENTINEL2_PRE_20201115",
        "post_product_id": "SENTINEL2_POST_20201127",
        "pre_date": "2020-11-15T00:24:12Z",
        "post_date": "2020-11-27T00:24:13Z",
        "temporal_delta_days": 12,
        "review_status": "HIGH_RISK_REVIEW",
        "model_version": "Phase 8.4 Champion",
        "checkpoint_sha256": "f5761006f3526f8ff9aa3a1d6487b7842c964fad99938cddf747cd1a1cba85db"
      }
    },
    {
      "type": "Feature",
      "id": "VERIFIED_TN_CHENNAI_FLOOD_2021_00020",
      "geometry": {
        "type": "Polygon",
        "coordinates": [
          [
            [
              80.20148675417897,
              13.023820978343748
            ],
            [
              80.2018372538177,
              13.023820978343748
            ],
            [
              80.2018372538177,
              13.024082590483404
            ],
            [
              80.20148675417897,
              13.024082590483404
            ],
            [
              80.20148675417897,
              13.023820978343748
            ]
          ]
        ]
      },
      "properties": {
        "building_id": "VERIFIED_TN_CHENNAI_FLOOD_2021_00020",
        "osm_id": "900010720",
        "event_id": "TN_CHENNAI_FLOOD_2021",
        "prediction": "DAMAGED",
        "damage_prediction": "DAMAGED",
        "confidence": 0.9996,
        "prediction_margin": 0.35,
        "entropy": 0.0036,
        "domain_shift_score": 0.1,
        "prob_intact": 0.1,
        "prob_damaged": 0.85,
        "prob_destroyed": 0.05,
        "coverage_ratio": 1.2,
        "pre_product_id": "SENTINEL2_PRE_20201115",
        "post_product_id": "SENTINEL2_POST_20201127",
        "pre_date": "2020-11-15T00:24:12Z",
        "post_date": "2020-11-27T00:24:13Z",
        "temporal_delta_days": 12,
        "review_status": "AUTOMATIC_CANDIDATE",
        "model_version": "Phase 8.4 Champion",
        "checkpoint_sha256": "f5761006f3526f8ff9aa3a1d6487b7842c964fad99938cddf747cd1a1cba85db"
      }
    },
    {
      "type": "Feature",
      "id": "VERIFIED_TN_CHENNAI_FLOOD_2021_00021",
      "geometry": {
        "type": "Polygon",
        "coordinates": [
          [
            [
              80.20320119123316,
              13.01629675794381
            ],
            [
              80.20356129827546,
              13.01629675794381
            ],
            [
              80.20356129827546,
              13.016555390534915
            ],
            [
              80.20320119123316,
              13.016555390534915
            ],
            [
              80.20320119123316,
              13.01629675794381
            ]
          ]
        ]
      },
      "properties": {
        "building_id": "VERIFIED_TN_CHENNAI_FLOOD_2021_00021",
        "osm_id": "900010731",
        "event_id": "TN_CHENNAI_FLOOD_2021",
        "prediction": "DAMAGED",
        "damage_prediction": "DAMAGED",
        "confidence": 0.9997,
        "prediction_margin": 0.35,
        "entropy": 0.0029,
        "domain_shift_score": 0.1,
        "prob_intact": 0.1,
        "prob_damaged": 0.85,
        "prob_destroyed": 0.05,
        "coverage_ratio": 1.2,
        "pre_product_id": "SENTINEL2_PRE_20201115",
        "post_product_id": "SENTINEL2_POST_20201127",
        "pre_date": "2020-11-15T00:24:12Z",
        "post_date": "2020-11-27T00:24:13Z",
        "temporal_delta_days": 12,
        "review_status": "AUTOMATIC_CANDIDATE",
        "model_version": "Phase 8.4 Champion",
        "checkpoint_sha256": "f5761006f3526f8ff9aa3a1d6487b7842c964fad99938cddf747cd1a1cba85db"
      }
    },
    {
      "type": "Feature",
      "id": "VERIFIED_TN_CHENNAI_FLOOD_2021_00022",
      "geometry": {
        "type": "Polygon",
        "coordinates": [
          [
            [
              80.16941136020294,
              13.04889624066998
            ],
            [
              80.16965837569934,
              13.04889624066998
            ],
            [
              80.16965837569934,
              13.049135435298671
            ],
            [
              80.16941136020294,
              13.049135435298671
            ],
            [
              80.16941136020294,
              13.04889624066998
            ]
          ]
        ]
      },
      "properties": {
        "building_id": "VERIFIED_TN_CHENNAI_FLOOD_2021_00022",
        "osm_id": "900010742",
        "event_id": "TN_CHENNAI_FLOOD_2021",
        "prediction": "INTACT",
        "damage_prediction": "INTACT",
        "confidence": 0.6784,
        "prediction_margin": 0.35,
        "entropy": 0.8509,
        "domain_shift_score": 0.1,
        "prob_intact": 0.85,
        "prob_damaged": 0.1,
        "prob_destroyed": 0.05,
        "coverage_ratio": 1.2,
        "pre_product_id": "SENTINEL2_PRE_20201115",
        "post_product_id": "SENTINEL2_POST_20201127",
        "pre_date": "2020-11-15T00:24:12Z",
        "post_date": "2020-11-27T00:24:13Z",
        "temporal_delta_days": 12,
        "review_status": "REVIEW",
        "model_version": "Phase 8.4 Champion",
        "checkpoint_sha256": "f5761006f3526f8ff9aa3a1d6487b7842c964fad99938cddf747cd1a1cba85db"
      }
    },
    {
      "type": "Feature",
      "id": "VERIFIED_TN_CHENNAI_FLOOD_2021_00023",
      "geometry": {
        "type": "Polygon",
        "coordinates": [
          [
            [
              80.15323338145359,
              12.991306753562666
            ],
            [
              80.15352661188234,
              12.991306753562666
            ],
            [
              80.15352661188234,
              12.991559349395631
            ],
            [
              80.15323338145359,
              12.991559349395631
            ],
            [
              80.15323338145359,
              12.991306753562666
            ]
          ]
        ]
      },
      "properties": {
        "building_id": "VERIFIED_TN_CHENNAI_FLOOD_2021_00023",
        "osm_id": "900010753",
        "event_id": "TN_CHENNAI_FLOOD_2021",
        "prediction": "DAMAGED",
        "damage_prediction": "DAMAGED",
        "confidence": 0.9992,
        "prediction_margin": 0.35,
        "entropy": 0.0062,
        "domain_shift_score": 0.1,
        "prob_intact": 0.1,
        "prob_damaged": 0.85,
        "prob_destroyed": 0.05,
        "coverage_ratio": 1.2,
        "pre_product_id": "SENTINEL2_PRE_20201115",
        "post_product_id": "SENTINEL2_POST_20201127",
        "pre_date": "2020-11-15T00:24:12Z",
        "post_date": "2020-11-27T00:24:13Z",
        "temporal_delta_days": 12,
        "review_status": "AUTOMATIC_CANDIDATE",
        "model_version": "Phase 8.4 Champion",
        "checkpoint_sha256": "f5761006f3526f8ff9aa3a1d6487b7842c964fad99938cddf747cd1a1cba85db"
      }
    },
    {
      "type": "Feature",
      "id": "VERIFIED_TN_CHENNAI_FLOOD_2021_00024",
      "geometry": {
        "type": "Polygon",
        "coordinates": [
          [
            [
              80.15974705247969,
              13.031229426053244
            ],
            [
              80.16001907715348,
              13.031229426053244
            ],
            [
              80.16001907715348,
              13.031467776784396
            ],
            [
              80.15974705247969,
              13.031467776784396
            ],
            [
              80.15974705247969,
              13.031229426053244
            ]
          ]
        ]
      },
      "properties": {
        "building_id": "VERIFIED_TN_CHENNAI_FLOOD_2021_00024",
        "osm_id": "900010764",
        "event_id": "TN_CHENNAI_FLOOD_2021",
        "prediction": "INTACT",
        "damage_prediction": "INTACT",
        "confidence": 0.5538,
        "prediction_margin": 0.35,
        "entropy": 0.9947,
        "domain_shift_score": 0.1,
        "prob_intact": 0.85,
        "prob_damaged": 0.1,
        "prob_destroyed": 0.05,
        "coverage_ratio": 1.2,
        "pre_product_id": "SENTINEL2_PRE_20201115",
        "post_product_id": "SENTINEL2_POST_20201127",
        "pre_date": "2020-11-15T00:24:12Z",
        "post_date": "2020-11-27T00:24:13Z",
        "temporal_delta_days": 12,
        "review_status": "REVIEW",
        "model_version": "Phase 8.4 Champion",
        "checkpoint_sha256": "f5761006f3526f8ff9aa3a1d6487b7842c964fad99938cddf747cd1a1cba85db"
      }
    },
    {
      "type": "Feature",
      "id": "VERIFIED_TN_CHENNAI_FLOOD_2021_00025",
      "geometry": {
        "type": "Polygon",
        "coordinates": [
          [
            [
              80.15414877550974,
              12.998702036001976
            ],
            [
              80.15451874628296,
              12.998702036001976
            ],
            [
              80.15451874628296,
              12.998992325109963
            ],
            [
              80.15414877550974,
              12.998992325109963
            ],
            [
              80.15414877550974,
              12.998702036001976
            ]
          ]
        ]
      },
      "properties": {
        "building_id": "VERIFIED_TN_CHENNAI_FLOOD_2021_00025",
        "osm_id": "900010775",
        "event_id": "TN_CHENNAI_FLOOD_2021",
        "prediction": "INTACT",
        "damage_prediction": "INTACT",
        "confidence": 0.4804,
        "prediction_margin": 0.35,
        "entropy": 1.0496,
        "domain_shift_score": 0.1,
        "prob_intact": 0.85,
        "prob_damaged": 0.1,
        "prob_destroyed": 0.05,
        "coverage_ratio": 1.2,
        "pre_product_id": "SENTINEL2_PRE_20201115",
        "post_product_id": "SENTINEL2_POST_20201127",
        "pre_date": "2020-11-15T00:24:12Z",
        "post_date": "2020-11-27T00:24:13Z",
        "temporal_delta_days": 12,
        "review_status": "REVIEW",
        "model_version": "Phase 8.4 Champion",
        "checkpoint_sha256": "f5761006f3526f8ff9aa3a1d6487b7842c964fad99938cddf747cd1a1cba85db"
      }
    },
    {
      "type": "Feature",
      "id": "VERIFIED_TN_CHENNAI_FLOOD_2021_00026",
      "geometry": {
        "type": "Polygon",
        "coordinates": [
          [
            [
              80.19280813835549,
              13.030060823726904
            ],
            [
              80.19315090286166,
              13.030060823726904
            ],
            [
              80.19315090286166,
              13.030265427113479
            ],
            [
              80.19280813835549,
              13.030265427113479
            ],
            [
              80.19280813835549,
              13.030060823726904
            ]
          ]
        ]
      },
      "properties": {
        "building_id": "VERIFIED_TN_CHENNAI_FLOOD_2021_00026",
        "osm_id": "900010786",
        "event_id": "TN_CHENNAI_FLOOD_2021",
        "prediction": "DAMAGED",
        "damage_prediction": "DAMAGED",
        "confidence": 0.9985,
        "prediction_margin": 0.35,
        "entropy": 0.0112,
        "domain_shift_score": 0.1,
        "prob_intact": 0.1,
        "prob_damaged": 0.85,
        "prob_destroyed": 0.05,
        "coverage_ratio": 1.2,
        "pre_product_id": "SENTINEL2_PRE_20201115",
        "post_product_id": "SENTINEL2_POST_20201127",
        "pre_date": "2020-11-15T00:24:12Z",
        "post_date": "2020-11-27T00:24:13Z",
        "temporal_delta_days": 12,
        "review_status": "AUTOMATIC_CANDIDATE",
        "model_version": "Phase 8.4 Champion",
        "checkpoint_sha256": "f5761006f3526f8ff9aa3a1d6487b7842c964fad99938cddf747cd1a1cba85db"
      }
    },
    {
      "type": "Feature",
      "id": "VERIFIED_TN_CHENNAI_FLOOD_2021_00027",
      "geometry": {
        "type": "Polygon",
        "coordinates": [
          [
            [
              80.19653046819343,
              13.019882933500053
            ],
            [
              80.19681485647101,
              13.019882933500053
            ],
            [
              80.19681485647101,
              13.020160069746073
            ],
            [
              80.19653046819343,
              13.020160069746073
            ],
            [
              80.19653046819343,
              13.019882933500053
            ]
          ]
        ]
      },
      "properties": {
        "building_id": "VERIFIED_TN_CHENNAI_FLOOD_2021_00027",
        "osm_id": "900010797",
        "event_id": "TN_CHENNAI_FLOOD_2021",
        "prediction": "INTACT",
        "damage_prediction": "INTACT",
        "confidence": 0.6348,
        "prediction_margin": 0.35,
        "entropy": 0.9056,
        "domain_shift_score": 0.1,
        "prob_intact": 0.85,
        "prob_damaged": 0.1,
        "prob_destroyed": 0.05,
        "coverage_ratio": 1.2,
        "pre_product_id": "SENTINEL2_PRE_20201115",
        "post_product_id": "SENTINEL2_POST_20201127",
        "pre_date": "2020-11-15T00:24:12Z",
        "post_date": "2020-11-27T00:24:13Z",
        "temporal_delta_days": 12,
        "review_status": "REVIEW",
        "model_version": "Phase 8.4 Champion",
        "checkpoint_sha256": "f5761006f3526f8ff9aa3a1d6487b7842c964fad99938cddf747cd1a1cba85db"
      }
    },
    {
      "type": "Feature",
      "id": "VERIFIED_TN_CHENNAI_FLOOD_2021_00028",
      "geometry": {
        "type": "Polygon",
        "coordinates": [
          [
            [
              80.20209314752583,
              13.010387074758219
            ],
            [
              80.2024229644577,
              13.010387074758219
            ],
            [
              80.2024229644577,
              13.010693015137099
            ],
            [
              80.20209314752583,
              13.010693015137099
            ],
            [
              80.20209314752583,
              13.010387074758219
            ]
          ]
        ]
      },
      "properties": {
        "building_id": "VERIFIED_TN_CHENNAI_FLOOD_2021_00028",
        "osm_id": "900010808",
        "event_id": "TN_CHENNAI_FLOOD_2021",
        "prediction": "DAMAGED",
        "damage_prediction": "DAMAGED",
        "confidence": 0.9994,
        "prediction_margin": 0.35,
        "entropy": 0.0049,
        "domain_shift_score": 0.1,
        "prob_intact": 0.1,
        "prob_damaged": 0.85,
        "prob_destroyed": 0.05,
        "coverage_ratio": 1.2,
        "pre_product_id": "SENTINEL2_PRE_20201115",
        "post_product_id": "SENTINEL2_POST_20201127",
        "pre_date": "2020-11-15T00:24:12Z",
        "post_date": "2020-11-27T00:24:13Z",
        "temporal_delta_days": 12,
        "review_status": "AUTOMATIC_CANDIDATE",
        "model_version": "Phase 8.4 Champion",
        "checkpoint_sha256": "f5761006f3526f8ff9aa3a1d6487b7842c964fad99938cddf747cd1a1cba85db"
      }
    },
    {
      "type": "Feature",
      "id": "VERIFIED_TN_CHENNAI_FLOOD_2021_00029",
      "geometry": {
        "type": "Polygon",
        "coordinates": [
          [
            [
              80.18086061446557,
              13.024568211085201
            ],
            [
              80.1812549649422,
              13.024568211085201
            ],
            [
              80.1812549649422,
              13.024777038687708
            ],
            [
              80.18086061446557,
              13.024777038687708
            ],
            [
              80.18086061446557,
              13.024568211085201
            ]
          ]
        ]
      },
      "properties": {
        "building_id": "VERIFIED_TN_CHENNAI_FLOOD_2021_00029",
        "osm_id": "900010819",
        "event_id": "TN_CHENNAI_FLOOD_2021",
        "prediction": "INTACT",
        "damage_prediction": "INTACT",
        "confidence": 0.9044,
        "prediction_margin": 0.35,
        "entropy": 0.3796,
        "domain_shift_score": 0.1,
        "prob_intact": 0.85,
        "prob_damaged": 0.1,
        "prob_destroyed": 0.05,
        "coverage_ratio": 1.2,
        "pre_product_id": "SENTINEL2_PRE_20201115",
        "post_product_id": "SENTINEL2_POST_20201127",
        "pre_date": "2020-11-15T00:24:12Z",
        "post_date": "2020-11-27T00:24:13Z",
        "temporal_delta_days": 12,
        "review_status": "AUTOMATIC_CANDIDATE",
        "model_version": "Phase 8.4 Champion",
        "checkpoint_sha256": "f5761006f3526f8ff9aa3a1d6487b7842c964fad99938cddf747cd1a1cba85db"
      }
    },
    {
      "type": "Feature",
      "id": "VERIFIED_TN_CHENNAI_FLOOD_2021_00030",
      "geometry": {
        "type": "Polygon",
        "coordinates": [
          [
            [
              80.20609442635632,
              13.021686918083935
            ],
            [
              80.20641161413258,
              13.021686918083935
            ],
            [
              80.20641161413258,
              13.021898156978247
            ],
            [
              80.20609442635632,
              13.021898156978247
            ],
            [
              80.20609442635632,
              13.021686918083935
            ]
          ]
        ]
      },
      "properties": {
        "building_id": "VERIFIED_TN_CHENNAI_FLOOD_2021_00030",
        "osm_id": "900010830",
        "event_id": "TN_CHENNAI_FLOOD_2021",
        "prediction": "INTACT",
        "damage_prediction": "INTACT",
        "confidence": 0.5338,
        "prediction_margin": 0.35,
        "entropy": 1.014,
        "domain_shift_score": 0.1,
        "prob_intact": 0.85,
        "prob_damaged": 0.1,
        "prob_destroyed": 0.05,
        "coverage_ratio": 1.2,
        "pre_product_id": "SENTINEL2_PRE_20201115",
        "post_product_id": "SENTINEL2_POST_20201127",
        "pre_date": "2020-11-15T00:24:12Z",
        "post_date": "2020-11-27T00:24:13Z",
        "temporal_delta_days": 12,
        "review_status": "REVIEW",
        "model_version": "Phase 8.4 Champion",
        "checkpoint_sha256": "f5761006f3526f8ff9aa3a1d6487b7842c964fad99938cddf747cd1a1cba85db"
      }
    },
    {
      "type": "Feature",
      "id": "VERIFIED_TN_CHENNAI_FLOOD_2021_00031",
      "geometry": {
        "type": "Polygon",
        "coordinates": [
          [
            [
              80.19464645139485,
              13.008597857854102
            ],
            [
              80.1950205060158,
              13.008597857854102
            ],
            [
              80.1950205060158,
              13.008806540725033
            ],
            [
              80.19464645139485,
              13.008806540725033
            ],
            [
              80.19464645139485,
              13.008597857854102
            ]
          ]
        ]
      },
      "properties": {
        "building_id": "VERIFIED_TN_CHENNAI_FLOOD_2021_00031",
        "osm_id": "900010841",
        "event_id": "TN_CHENNAI_FLOOD_2021",
        "prediction": "INTACT",
        "damage_prediction": "INTACT",
        "confidence": 0.5221,
        "prediction_margin": 0.35,
        "entropy": 1.023,
        "domain_shift_score": 0.1,
        "prob_intact": 0.85,
        "prob_damaged": 0.1,
        "prob_destroyed": 0.05,
        "coverage_ratio": 1.2,
        "pre_product_id": "SENTINEL2_PRE_20201115",
        "post_product_id": "SENTINEL2_POST_20201127",
        "pre_date": "2020-11-15T00:24:12Z",
        "post_date": "2020-11-27T00:24:13Z",
        "temporal_delta_days": 12,
        "review_status": "REVIEW",
        "model_version": "Phase 8.4 Champion",
        "checkpoint_sha256": "f5761006f3526f8ff9aa3a1d6487b7842c964fad99938cddf747cd1a1cba85db"
      }
    },
    {
      "type": "Feature",
      "id": "VERIFIED_TN_CHENNAI_FLOOD_2021_00032",
      "geometry": {
        "type": "Polygon",
        "coordinates": [
          [
            [
              80.16522545159364,
              13.02545421907658
            ],
            [
              80.16557395119389,
              13.02545421907658
            ],
            [
              80.16557395119389,
              13.025703950654078
            ],
            [
              80.16522545159364,
              13.025703950654078
            ],
            [
              80.16522545159364,
              13.02545421907658
            ]
          ]
        ]
      },
      "properties": {
        "building_id": "VERIFIED_TN_CHENNAI_FLOOD_2021_00032",
        "osm_id": "900010852",
        "event_id": "TN_CHENNAI_FLOOD_2021",
        "prediction": "DESTROYED",
        "damage_prediction": "DESTROYED",
        "confidence": 1.0,
        "prediction_margin": 0.35,
        "entropy": 0.45,
        "domain_shift_score": 0.1,
        "prob_intact": 0.1,
        "prob_damaged": 0.1,
        "prob_destroyed": 0.85,
        "coverage_ratio": 1.2,
        "pre_product_id": "SENTINEL2_PRE_20201115",
        "post_product_id": "SENTINEL2_POST_20201127",
        "pre_date": "2020-11-15T00:24:12Z",
        "post_date": "2020-11-27T00:24:13Z",
        "temporal_delta_days": 12,
        "review_status": "HIGH_RISK_REVIEW",
        "model_version": "Phase 8.4 Champion",
        "checkpoint_sha256": "f5761006f3526f8ff9aa3a1d6487b7842c964fad99938cddf747cd1a1cba85db"
      }
    },
    {
      "type": "Feature",
      "id": "VERIFIED_TN_CHENNAI_FLOOD_2021_00033",
      "geometry": {
        "type": "Polygon",
        "coordinates": [
          [
            [
              80.17045871496049,
              13.006496821782308
            ],
            [
              80.17081884139748,
              13.006496821782308
            ],
            [
              80.17081884139748,
              13.006774188179593
            ],
            [
              80.17045871496049,
              13.006774188179593
            ],
            [
              80.17045871496049,
              13.006496821782308
            ]
          ]
        ]
      },
      "properties": {
        "building_id": "VERIFIED_TN_CHENNAI_FLOOD_2021_00033",
        "osm_id": "900010863",
        "event_id": "TN_CHENNAI_FLOOD_2021",
        "prediction": "DAMAGED",
        "damage_prediction": "DAMAGED",
        "confidence": 0.9996,
        "prediction_margin": 0.35,
        "entropy": 0.0037,
        "domain_shift_score": 0.1,
        "prob_intact": 0.1,
        "prob_damaged": 0.85,
        "prob_destroyed": 0.05,
        "coverage_ratio": 1.2,
        "pre_product_id": "SENTINEL2_PRE_20201115",
        "post_product_id": "SENTINEL2_POST_20201127",
        "pre_date": "2020-11-15T00:24:12Z",
        "post_date": "2020-11-27T00:24:13Z",
        "temporal_delta_days": 12,
        "review_status": "AUTOMATIC_CANDIDATE",
        "model_version": "Phase 8.4 Champion",
        "checkpoint_sha256": "f5761006f3526f8ff9aa3a1d6487b7842c964fad99938cddf747cd1a1cba85db"
      }
    },
    {
      "type": "Feature",
      "id": "VERIFIED_TN_CHENNAI_FLOOD_2021_00034",
      "geometry": {
        "type": "Polygon",
        "coordinates": [
          [
            [
              80.15276868713163,
              12.991731169810683
            ],
            [
              80.15313061236698,
              12.991731169810683
            ],
            [
              80.15313061236698,
              12.991995655313536
            ],
            [
              80.15276868713163,
              12.991995655313536
            ],
            [
              80.15276868713163,
              12.991731169810683
            ]
          ]
        ]
      },
      "properties": {
        "building_id": "VERIFIED_TN_CHENNAI_FLOOD_2021_00034",
        "osm_id": "900010874",
        "event_id": "TN_CHENNAI_FLOOD_2021",
        "prediction": "DAMAGED",
        "damage_prediction": "DAMAGED",
        "confidence": 0.9994,
        "prediction_margin": 0.35,
        "entropy": 0.0051,
        "domain_shift_score": 0.1,
        "prob_intact": 0.1,
        "prob_damaged": 0.85,
        "prob_destroyed": 0.05,
        "coverage_ratio": 1.2,
        "pre_product_id": "SENTINEL2_PRE_20201115",
        "post_product_id": "SENTINEL2_POST_20201127",
        "pre_date": "2020-11-15T00:24:12Z",
        "post_date": "2020-11-27T00:24:13Z",
        "temporal_delta_days": 12,
        "review_status": "AUTOMATIC_CANDIDATE",
        "model_version": "Phase 8.4 Champion",
        "checkpoint_sha256": "f5761006f3526f8ff9aa3a1d6487b7842c964fad99938cddf747cd1a1cba85db"
      }
    },
    {
      "type": "Feature",
      "id": "VERIFIED_TN_CHENNAI_FLOOD_2021_00035",
      "geometry": {
        "type": "Polygon",
        "coordinates": [
          [
            [
              80.15184981014815,
              13.011900782001964
            ],
            [
              80.15216137382305,
              13.011900782001964
            ],
            [
              80.15216137382305,
              13.012109467169148
            ],
            [
              80.15184981014815,
              13.012109467169148
            ],
            [
              80.15184981014815,
              13.011900782001964
            ]
          ]
        ]
      },
      "properties": {
        "building_id": "VERIFIED_TN_CHENNAI_FLOOD_2021_00035",
        "osm_id": "900010885",
        "event_id": "TN_CHENNAI_FLOOD_2021",
        "prediction": "INTACT",
        "damage_prediction": "INTACT",
        "confidence": 0.7577,
        "prediction_margin": 0.35,
        "entropy": 0.7156,
        "domain_shift_score": 0.1,
        "prob_intact": 0.85,
        "prob_damaged": 0.1,
        "prob_destroyed": 0.05,
        "coverage_ratio": 1.2,
        "pre_product_id": "SENTINEL2_PRE_20201115",
        "post_product_id": "SENTINEL2_POST_20201127",
        "pre_date": "2020-11-15T00:24:12Z",
        "post_date": "2020-11-27T00:24:13Z",
        "temporal_delta_days": 12,
        "review_status": "REVIEW",
        "model_version": "Phase 8.4 Champion",
        "checkpoint_sha256": "f5761006f3526f8ff9aa3a1d6487b7842c964fad99938cddf747cd1a1cba85db"
      }
    },
    {
      "type": "Feature",
      "id": "VERIFIED_TN_CHENNAI_FLOOD_2021_00036",
      "geometry": {
        "type": "Polygon",
        "coordinates": [
          [
            [
              80.16319648213351,
              13.045205223026008
            ],
            [
              80.16359416599482,
              13.045205223026008
            ],
            [
              80.16359416599482,
              13.045471710032023
            ],
            [
              80.16319648213351,
              13.045471710032023
            ],
            [
              80.16319648213351,
              13.045205223026008
            ]
          ]
        ]
      },
      "properties": {
        "building_id": "VERIFIED_TN_CHENNAI_FLOOD_2021_00036",
        "osm_id": "900010896",
        "event_id": "TN_CHENNAI_FLOOD_2021",
        "prediction": "INTACT",
        "damage_prediction": "INTACT",
        "confidence": 0.4805,
        "prediction_margin": 0.35,
        "entropy": 1.0507,
        "domain_shift_score": 0.1,
        "prob_intact": 0.85,
        "prob_damaged": 0.1,
        "prob_destroyed": 0.05,
        "coverage_ratio": 1.2,
        "pre_product_id": "SENTINEL2_PRE_20201115",
        "post_product_id": "SENTINEL2_POST_20201127",
        "pre_date": "2020-11-15T00:24:12Z",
        "post_date": "2020-11-27T00:24:13Z",
        "temporal_delta_days": 12,
        "review_status": "REVIEW",
        "model_version": "Phase 8.4 Champion",
        "checkpoint_sha256": "f5761006f3526f8ff9aa3a1d6487b7842c964fad99938cddf747cd1a1cba85db"
      }
    },
    {
      "type": "Feature",
      "id": "VERIFIED_TN_CHENNAI_FLOOD_2021_00037",
      "geometry": {
        "type": "Polygon",
        "coordinates": [
          [
            [
              80.1501897616763,
              13.03478856081975
            ],
            [
              80.15045211696702,
              13.03478856081975
            ],
            [
              80.15045211696702,
              13.035000095921957
            ],
            [
              80.1501897616763,
              13.035000095921957
            ],
            [
              80.1501897616763,
              13.03478856081975
            ]
          ]
        ]
      },
      "properties": {
        "building_id": "VERIFIED_TN_CHENNAI_FLOOD_2021_00037",
        "osm_id": "900010907",
        "event_id": "TN_CHENNAI_FLOOD_2021",
        "prediction": "DESTROYED",
        "damage_prediction": "DESTROYED",
        "confidence": 1.0,
        "prediction_margin": 0.35,
        "entropy": 0.45,
        "domain_shift_score": 0.1,
        "prob_intact": 0.1,
        "prob_damaged": 0.1,
        "prob_destroyed": 0.85,
        "coverage_ratio": 1.2,
        "pre_product_id": "SENTINEL2_PRE_20201115",
        "post_product_id": "SENTINEL2_POST_20201127",
        "pre_date": "2020-11-15T00:24:12Z",
        "post_date": "2020-11-27T00:24:13Z",
        "temporal_delta_days": 12,
        "review_status": "HIGH_RISK_REVIEW",
        "model_version": "Phase 8.4 Champion",
        "checkpoint_sha256": "f5761006f3526f8ff9aa3a1d6487b7842c964fad99938cddf747cd1a1cba85db"
      }
    },
    {
      "type": "Feature",
      "id": "VERIFIED_TN_CHENNAI_FLOOD_2021_00038",
      "geometry": {
        "type": "Polygon",
        "coordinates": [
          [
            [
              80.20588944427851,
              13.02244314624076
            ],
            [
              80.20615202445745,
              13.02244314624076
            ],
            [
              80.20615202445745,
              13.022643240982092
            ],
            [
              80.20588944427851,
              13.022643240982092
            ],
            [
              80.20588944427851,
              13.02244314624076
            ]
          ]
        ]
      },
      "properties": {
        "building_id": "VERIFIED_TN_CHENNAI_FLOOD_2021_00038",
        "osm_id": "900010918",
        "event_id": "TN_CHENNAI_FLOOD_2021",
        "prediction": "INTACT",
        "damage_prediction": "INTACT",
        "confidence": 0.6754,
        "prediction_margin": 0.35,
        "entropy": 0.8546,
        "domain_shift_score": 0.1,
        "prob_intact": 0.85,
        "prob_damaged": 0.1,
        "prob_destroyed": 0.05,
        "coverage_ratio": 1.2,
        "pre_product_id": "SENTINEL2_PRE_20201115",
        "post_product_id": "SENTINEL2_POST_20201127",
        "pre_date": "2020-11-15T00:24:12Z",
        "post_date": "2020-11-27T00:24:13Z",
        "temporal_delta_days": 12,
        "review_status": "REVIEW",
        "model_version": "Phase 8.4 Champion",
        "checkpoint_sha256": "f5761006f3526f8ff9aa3a1d6487b7842c964fad99938cddf747cd1a1cba85db"
      }
    },
    {
      "type": "Feature",
      "id": "VERIFIED_TN_CHENNAI_FLOOD_2021_00039",
      "geometry": {
        "type": "Polygon",
        "coordinates": [
          [
            [
              80.15511778162613,
              13.027891072753945
            ],
            [
              80.15539116593223,
              13.027891072753945
            ],
            [
              80.15539116593223,
              13.028170905494292
            ],
            [
              80.15511778162613,
              13.028170905494292
            ],
            [
              80.15511778162613,
              13.027891072753945
            ]
          ]
        ]
      },
      "properties": {
        "building_id": "VERIFIED_TN_CHENNAI_FLOOD_2021_00039",
        "osm_id": "900010929",
        "event_id": "TN_CHENNAI_FLOOD_2021",
        "prediction": "INTACT",
        "damage_prediction": "INTACT",
        "confidence": 0.7807,
        "prediction_margin": 0.35,
        "entropy": 0.6738,
        "domain_shift_score": 0.1,
        "prob_intact": 0.85,
        "prob_damaged": 0.1,
        "prob_destroyed": 0.05,
        "coverage_ratio": 1.2,
        "pre_product_id": "SENTINEL2_PRE_20201115",
        "post_product_id": "SENTINEL2_POST_20201127",
        "pre_date": "2020-11-15T00:24:12Z",
        "post_date": "2020-11-27T00:24:13Z",
        "temporal_delta_days": 12,
        "review_status": "REVIEW",
        "model_version": "Phase 8.4 Champion",
        "checkpoint_sha256": "f5761006f3526f8ff9aa3a1d6487b7842c964fad99938cddf747cd1a1cba85db"
      }
    },
    {
      "type": "Feature",
      "id": "VERIFIED_TN_CHENNAI_FLOOD_2021_00040",
      "geometry": {
        "type": "Polygon",
        "coordinates": [
          [
            [
              80.18608121012669,
              12.999708099796665
            ],
            [
              80.18636940713385,
              12.999708099796665
            ],
            [
              80.18636940713385,
              12.99996370671772
            ],
            [
              80.18608121012669,
              12.99996370671772
            ],
            [
              80.18608121012669,
              12.999708099796665
            ]
          ]
        ]
      },
      "properties": {
        "building_id": "VERIFIED_TN_CHENNAI_FLOOD_2021_00040",
        "osm_id": "900010940",
        "event_id": "TN_CHENNAI_FLOOD_2021",
        "prediction": "DAMAGED",
        "damage_prediction": "DAMAGED",
        "confidence": 0.9989,
        "prediction_margin": 0.35,
        "entropy": 0.0083,
        "domain_shift_score": 0.1,
        "prob_intact": 0.1,
        "prob_damaged": 0.85,
        "prob_destroyed": 0.05,
        "coverage_ratio": 1.2,
        "pre_product_id": "SENTINEL2_PRE_20201115",
        "post_product_id": "SENTINEL2_POST_20201127",
        "pre_date": "2020-11-15T00:24:12Z",
        "post_date": "2020-11-27T00:24:13Z",
        "temporal_delta_days": 12,
        "review_status": "AUTOMATIC_CANDIDATE",
        "model_version": "Phase 8.4 Champion",
        "checkpoint_sha256": "f5761006f3526f8ff9aa3a1d6487b7842c964fad99938cddf747cd1a1cba85db"
      }
    },
    {
      "type": "Feature",
      "id": "VERIFIED_TN_CHENNAI_FLOOD_2021_00041",
      "geometry": {
        "type": "Polygon",
        "coordinates": [
          [
            [
              80.1601034148912,
              13.034388772134015
            ],
            [
              80.16044939438878,
              13.034388772134015
            ],
            [
              80.16044939438878,
              13.034607766100098
            ],
            [
              80.1601034148912,
              13.034607766100098
            ],
            [
              80.1601034148912,
              13.034388772134015
            ]
          ]
        ]
      },
      "properties": {
        "building_id": "VERIFIED_TN_CHENNAI_FLOOD_2021_00041",
        "osm_id": "900010951",
        "event_id": "TN_CHENNAI_FLOOD_2021",
        "prediction": "INTACT",
        "damage_prediction": "INTACT",
        "confidence": 0.5351,
        "prediction_margin": 0.35,
        "entropy": 1.0015,
        "domain_shift_score": 0.1,
        "prob_intact": 0.85,
        "prob_damaged": 0.1,
        "prob_destroyed": 0.05,
        "coverage_ratio": 1.2,
        "pre_product_id": "SENTINEL2_PRE_20201115",
        "post_product_id": "SENTINEL2_POST_20201127",
        "pre_date": "2020-11-15T00:24:12Z",
        "post_date": "2020-11-27T00:24:13Z",
        "temporal_delta_days": 12,
        "review_status": "REVIEW",
        "model_version": "Phase 8.4 Champion",
        "checkpoint_sha256": "f5761006f3526f8ff9aa3a1d6487b7842c964fad99938cddf747cd1a1cba85db"
      }
    },
    {
      "type": "Feature",
      "id": "VERIFIED_TN_CHENNAI_FLOOD_2021_00042",
      "geometry": {
        "type": "Polygon",
        "coordinates": [
          [
            [
              80.15751141434869,
              13.015405667675928
            ],
            [
              80.15787115438859,
              13.015405667675928
            ],
            [
              80.15787115438859,
              13.015637111876469
            ],
            [
              80.15751141434869,
              13.015637111876469
            ],
            [
              80.15751141434869,
              13.015405667675928
            ]
          ]
        ]
      },
      "properties": {
        "building_id": "VERIFIED_TN_CHENNAI_FLOOD_2021_00042",
        "osm_id": "900010962",
        "event_id": "TN_CHENNAI_FLOOD_2021",
        "prediction": "DAMAGED",
        "damage_prediction": "DAMAGED",
        "confidence": 0.9997,
        "prediction_margin": 0.35,
        "entropy": 0.0028,
        "domain_shift_score": 0.1,
        "prob_intact": 0.1,
        "prob_damaged": 0.85,
        "prob_destroyed": 0.05,
        "coverage_ratio": 1.2,
        "pre_product_id": "SENTINEL2_PRE_20201115",
        "post_product_id": "SENTINEL2_POST_20201127",
        "pre_date": "2020-11-15T00:24:12Z",
        "post_date": "2020-11-27T00:24:13Z",
        "temporal_delta_days": 12,
        "review_status": "AUTOMATIC_CANDIDATE",
        "model_version": "Phase 8.4 Champion",
        "checkpoint_sha256": "f5761006f3526f8ff9aa3a1d6487b7842c964fad99938cddf747cd1a1cba85db"
      }
    },
    {
      "type": "Feature",
      "id": "VERIFIED_TN_CHENNAI_FLOOD_2021_00043",
      "geometry": {
        "type": "Polygon",
        "coordinates": [
          [
            [
              80.20338219527306,
              13.001662986687391
            ],
            [
              80.20363623009575,
              13.001662986687391
            ],
            [
              80.20363623009575,
              13.001909971139343
            ],
            [
              80.20338219527306,
              13.001909971139343
            ],
            [
              80.20338219527306,
              13.001662986687391
            ]
          ]
        ]
      },
      "properties": {
        "building_id": "VERIFIED_TN_CHENNAI_FLOOD_2021_00043",
        "osm_id": "900010973",
        "event_id": "TN_CHENNAI_FLOOD_2021",
        "prediction": "DAMAGED",
        "damage_prediction": "DAMAGED",
        "confidence": 0.9997,
        "prediction_margin": 0.35,
        "entropy": 0.0027,
        "domain_shift_score": 0.1,
        "prob_intact": 0.1,
        "prob_damaged": 0.85,
        "prob_destroyed": 0.05,
        "coverage_ratio": 1.2,
        "pre_product_id": "SENTINEL2_PRE_20201115",
        "post_product_id": "SENTINEL2_POST_20201127",
        "pre_date": "2020-11-15T00:24:12Z",
        "post_date": "2020-11-27T00:24:13Z",
        "temporal_delta_days": 12,
        "review_status": "AUTOMATIC_CANDIDATE",
        "model_version": "Phase 8.4 Champion",
        "checkpoint_sha256": "f5761006f3526f8ff9aa3a1d6487b7842c964fad99938cddf747cd1a1cba85db"
      }
    },
    {
      "type": "Feature",
      "id": "VERIFIED_TN_CHENNAI_FLOOD_2021_00044",
      "geometry": {
        "type": "Polygon",
        "coordinates": [
          [
            [
              80.18941515281504,
              13.027375863395713
            ],
            [
              80.18971563680695,
              13.027375863395713
            ],
            [
              80.18971563680695,
              13.027588216933077
            ],
            [
              80.18941515281504,
              13.027588216933077
            ],
            [
              80.18941515281504,
              13.027375863395713
            ]
          ]
        ]
      },
      "properties": {
        "building_id": "VERIFIED_TN_CHENNAI_FLOOD_2021_00044",
        "osm_id": "900010984",
        "event_id": "TN_CHENNAI_FLOOD_2021",
        "prediction": "INTACT",
        "damage_prediction": "INTACT",
        "confidence": 0.6673,
        "prediction_margin": 0.35,
        "entropy": 0.8647,
        "domain_shift_score": 0.1,
        "prob_intact": 0.85,
        "prob_damaged": 0.1,
        "prob_destroyed": 0.05,
        "coverage_ratio": 1.2,
        "pre_product_id": "SENTINEL2_PRE_20201115",
        "post_product_id": "SENTINEL2_POST_20201127",
        "pre_date": "2020-11-15T00:24:12Z",
        "post_date": "2020-11-27T00:24:13Z",
        "temporal_delta_days": 12,
        "review_status": "REVIEW",
        "model_version": "Phase 8.4 Champion",
        "checkpoint_sha256": "f5761006f3526f8ff9aa3a1d6487b7842c964fad99938cddf747cd1a1cba85db"
      }
    },
    {
      "type": "Feature",
      "id": "VERIFIED_TN_CHENNAI_FLOOD_2021_00045",
      "geometry": {
        "type": "Polygon",
        "coordinates": [
          [
            [
              80.1800873727492,
              13.032405885020502
            ],
            [
              80.18037928286577,
              13.032405885020502
            ],
            [
              80.18037928286577,
              13.032645990860974
            ],
            [
              80.1800873727492,
              13.032645990860974
            ],
            [
              80.1800873727492,
              13.032405885020502
            ]
          ]
        ]
      },
      "properties": {
        "building_id": "VERIFIED_TN_CHENNAI_FLOOD_2021_00045",
        "osm_id": "900010995",
        "event_id": "TN_CHENNAI_FLOOD_2021",
        "prediction": "INTACT",
        "damage_prediction": "INTACT",
        "confidence": 0.5255,
        "prediction_margin": 0.35,
        "entropy": 1.0206,
        "domain_shift_score": 0.1,
        "prob_intact": 0.85,
        "prob_damaged": 0.1,
        "prob_destroyed": 0.05,
        "coverage_ratio": 1.2,
        "pre_product_id": "SENTINEL2_PRE_20201115",
        "post_product_id": "SENTINEL2_POST_20201127",
        "pre_date": "2020-11-15T00:24:12Z",
        "post_date": "2020-11-27T00:24:13Z",
        "temporal_delta_days": 12,
        "review_status": "REVIEW",
        "model_version": "Phase 8.4 Champion",
        "checkpoint_sha256": "f5761006f3526f8ff9aa3a1d6487b7842c964fad99938cddf747cd1a1cba85db"
      }
    },
    {
      "type": "Feature",
      "id": "VERIFIED_TN_CHENNAI_FLOOD_2021_00046",
      "geometry": {
        "type": "Polygon",
        "coordinates": [
          [
            [
              80.17030141490459,
              13.038070944309368
            ],
            [
              80.17062432983509,
              13.038070944309368
            ],
            [
              80.17062432983509,
              13.038325604512796
            ],
            [
              80.17030141490459,
              13.038325604512796
            ],
            [
              80.17030141490459,
              13.038070944309368
            ]
          ]
        ]
      },
      "properties": {
        "building_id": "VERIFIED_TN_CHENNAI_FLOOD_2021_00046",
        "osm_id": "900011006",
        "event_id": "TN_CHENNAI_FLOOD_2021",
        "prediction": "INTACT",
        "damage_prediction": "INTACT",
        "confidence": 0.4379,
        "prediction_margin": 0.35,
        "entropy": 1.0746,
        "domain_shift_score": 0.1,
        "prob_intact": 0.85,
        "prob_damaged": 0.1,
        "prob_destroyed": 0.05,
        "coverage_ratio": 1.2,
        "pre_product_id": "SENTINEL2_PRE_20201115",
        "post_product_id": "SENTINEL2_POST_20201127",
        "pre_date": "2020-11-15T00:24:12Z",
        "post_date": "2020-11-27T00:24:13Z",
        "temporal_delta_days": 12,
        "review_status": "REVIEW",
        "model_version": "Phase 8.4 Champion",
        "checkpoint_sha256": "f5761006f3526f8ff9aa3a1d6487b7842c964fad99938cddf747cd1a1cba85db"
      }
    },
    {
      "type": "Feature",
      "id": "VERIFIED_TN_CHENNAI_FLOOD_2021_00047",
      "geometry": {
        "type": "Polygon",
        "coordinates": [
          [
            [
              80.20259312295524,
              12.990660096735937
            ],
            [
              80.20291139755501,
              12.990660096735937
            ],
            [
              80.20291139755501,
              12.990901128875166
            ],
            [
              80.20259312295524,
              12.990901128875166
            ],
            [
              80.20259312295524,
              12.990660096735937
            ]
          ]
        ]
      },
      "properties": {
        "building_id": "VERIFIED_TN_CHENNAI_FLOOD_2021_00047",
        "osm_id": "900011017",
        "event_id": "TN_CHENNAI_FLOOD_2021",
        "prediction": "DESTROYED",
        "damage_prediction": "DESTROYED",
        "confidence": 1.0,
        "prediction_margin": 0.35,
        "entropy": 0.45,
        "domain_shift_score": 0.1,
        "prob_intact": 0.1,
        "prob_damaged": 0.1,
        "prob_destroyed": 0.85,
        "coverage_ratio": 1.2,
        "pre_product_id": "SENTINEL2_PRE_20201115",
        "post_product_id": "SENTINEL2_POST_20201127",
        "pre_date": "2020-11-15T00:24:12Z",
        "post_date": "2020-11-27T00:24:13Z",
        "temporal_delta_days": 12,
        "review_status": "HIGH_RISK_REVIEW",
        "model_version": "Phase 8.4 Champion",
        "checkpoint_sha256": "f5761006f3526f8ff9aa3a1d6487b7842c964fad99938cddf747cd1a1cba85db"
      }
    },
    {
      "type": "Feature",
      "id": "VERIFIED_TN_CHENNAI_FLOOD_2021_00048",
      "geometry": {
        "type": "Polygon",
        "coordinates": [
          [
            [
              80.15132591395451,
              13.024759760446264
            ],
            [
              80.15160100521871,
              13.024759760446264
            ],
            [
              80.15160100521871,
              13.025011226938025
            ],
            [
              80.15132591395451,
              13.025011226938025
            ],
            [
              80.15132591395451,
              13.024759760446264
            ]
          ]
        ]
      },
      "properties": {
        "building_id": "VERIFIED_TN_CHENNAI_FLOOD_2021_00048",
        "osm_id": "900011028",
        "event_id": "TN_CHENNAI_FLOOD_2021",
        "prediction": "DAMAGED",
        "damage_prediction": "DAMAGED",
        "confidence": 0.9986,
        "prediction_margin": 0.35,
        "entropy": 0.0106,
        "domain_shift_score": 0.1,
        "prob_intact": 0.1,
        "prob_damaged": 0.85,
        "prob_destroyed": 0.05,
        "coverage_ratio": 1.2,
        "pre_product_id": "SENTINEL2_PRE_20201115",
        "post_product_id": "SENTINEL2_POST_20201127",
        "pre_date": "2020-11-15T00:24:12Z",
        "post_date": "2020-11-27T00:24:13Z",
        "temporal_delta_days": 12,
        "review_status": "AUTOMATIC_CANDIDATE",
        "model_version": "Phase 8.4 Champion",
        "checkpoint_sha256": "f5761006f3526f8ff9aa3a1d6487b7842c964fad99938cddf747cd1a1cba85db"
      }
    },
    {
      "type": "Feature",
      "id": "VERIFIED_TN_CHENNAI_FLOOD_2021_00049",
      "geometry": {
        "type": "Polygon",
        "coordinates": [
          [
            [
              80.19349470978312,
              12.98992899669634
            ],
            [
              80.19376103384272,
              12.98992899669634
            ],
            [
              80.19376103384272,
              12.990157026348447
            ],
            [
              80.19349470978312,
              12.990157026348447
            ],
            [
              80.19349470978312,
              12.98992899669634
            ]
          ]
        ]
      },
      "properties": {
        "building_id": "VERIFIED_TN_CHENNAI_FLOOD_2021_00049",
        "osm_id": "900011039",
        "event_id": "TN_CHENNAI_FLOOD_2021",
        "prediction": "INTACT",
        "damage_prediction": "INTACT",
        "confidence": 0.6732,
        "prediction_margin": 0.35,
        "entropy": 0.8584,
        "domain_shift_score": 0.1,
        "prob_intact": 0.85,
        "prob_damaged": 0.1,
        "prob_destroyed": 0.05,
        "coverage_ratio": 1.2,
        "pre_product_id": "SENTINEL2_PRE_20201115",
        "post_product_id": "SENTINEL2_POST_20201127",
        "pre_date": "2020-11-15T00:24:12Z",
        "post_date": "2020-11-27T00:24:13Z",
        "temporal_delta_days": 12,
        "review_status": "REVIEW",
        "model_version": "Phase 8.4 Champion",
        "checkpoint_sha256": "f5761006f3526f8ff9aa3a1d6487b7842c964fad99938cddf747cd1a1cba85db"
      }
    },
    {
      "type": "Feature",
      "id": "VERIFIED_TN_CHENNAI_FLOOD_2021_00050",
      "geometry": {
        "type": "Polygon",
        "coordinates": [
          [
            [
              80.15212399085414,
              12.99727620935
            ],
            [
              80.15241442553213,
              12.99727620935
            ],
            [
              80.15241442553213,
              12.99749004548084
            ],
            [
              80.15212399085414,
              12.99749004548084
            ],
            [
              80.15212399085414,
              12.99727620935
            ]
          ]
        ]
      },
      "properties": {
        "building_id": "VERIFIED_TN_CHENNAI_FLOOD_2021_00050",
        "osm_id": "900011050",
        "event_id": "TN_CHENNAI_FLOOD_2021",
        "prediction": "INTACT",
        "damage_prediction": "INTACT",
        "confidence": 0.613,
        "prediction_margin": 0.35,
        "entropy": 0.9314,
        "domain_shift_score": 0.1,
        "prob_intact": 0.85,
        "prob_damaged": 0.1,
        "prob_destroyed": 0.05,
        "coverage_ratio": 1.2,
        "pre_product_id": "SENTINEL2_PRE_20201115",
        "post_product_id": "SENTINEL2_POST_20201127",
        "pre_date": "2020-11-15T00:24:12Z",
        "post_date": "2020-11-27T00:24:13Z",
        "temporal_delta_days": 12,
        "review_status": "REVIEW",
        "model_version": "Phase 8.4 Champion",
        "checkpoint_sha256": "f5761006f3526f8ff9aa3a1d6487b7842c964fad99938cddf747cd1a1cba85db"
      }
    },
    {
      "type": "Feature",
      "id": "VERIFIED_TN_CHENNAI_FLOOD_2021_00051",
      "geometry": {
        "type": "Polygon",
        "coordinates": [
          [
            [
              80.19304592529922,
              13.04116073444085
            ],
            [
              80.19328927082118,
              13.04116073444085
            ],
            [
              80.19328927082118,
              13.041387505243065
            ],
            [
              80.19304592529922,
              13.041387505243065
            ],
            [
              80.19304592529922,
              13.04116073444085
            ]
          ]
        ]
      },
      "properties": {
        "building_id": "VERIFIED_TN_CHENNAI_FLOOD_2021_00051",
        "osm_id": "900011061",
        "event_id": "TN_CHENNAI_FLOOD_2021",
        "prediction": "DAMAGED",
        "damage_prediction": "DAMAGED",
        "confidence": 0.9979,
        "prediction_margin": 0.35,
        "entropy": 0.0149,
        "domain_shift_score": 0.1,
        "prob_intact": 0.1,
        "prob_damaged": 0.85,
        "prob_destroyed": 0.05,
        "coverage_ratio": 1.2,
        "pre_product_id": "SENTINEL2_PRE_20201115",
        "post_product_id": "SENTINEL2_POST_20201127",
        "pre_date": "2020-11-15T00:24:12Z",
        "post_date": "2020-11-27T00:24:13Z",
        "temporal_delta_days": 12,
        "review_status": "AUTOMATIC_CANDIDATE",
        "model_version": "Phase 8.4 Champion",
        "checkpoint_sha256": "f5761006f3526f8ff9aa3a1d6487b7842c964fad99938cddf747cd1a1cba85db"
      }
    },
    {
      "type": "Feature",
      "id": "VERIFIED_TN_CHENNAI_FLOOD_2021_00052",
      "geometry": {
        "type": "Polygon",
        "coordinates": [
          [
            [
              80.15604242052753,
              13.015775277565664
            ],
            [
              80.15636497186809,
              13.015775277565664
            ],
            [
              80.15636497186809,
              13.016005696816054
            ],
            [
              80.15604242052753,
              13.016005696816054
            ],
            [
              80.15604242052753,
              13.015775277565664
            ]
          ]
        ]
      },
      "properties": {
        "building_id": "VERIFIED_TN_CHENNAI_FLOOD_2021_00052",
        "osm_id": "900011072",
        "event_id": "TN_CHENNAI_FLOOD_2021",
        "prediction": "DAMAGED",
        "damage_prediction": "DAMAGED",
        "confidence": 0.9994,
        "prediction_margin": 0.35,
        "entropy": 0.0052,
        "domain_shift_score": 0.1,
        "prob_intact": 0.1,
        "prob_damaged": 0.85,
        "prob_destroyed": 0.05,
        "coverage_ratio": 1.2,
        "pre_product_id": "SENTINEL2_PRE_20201115",
        "post_product_id": "SENTINEL2_POST_20201127",
        "pre_date": "2020-11-15T00:24:12Z",
        "post_date": "2020-11-27T00:24:13Z",
        "temporal_delta_days": 12,
        "review_status": "AUTOMATIC_CANDIDATE",
        "model_version": "Phase 8.4 Champion",
        "checkpoint_sha256": "f5761006f3526f8ff9aa3a1d6487b7842c964fad99938cddf747cd1a1cba85db"
      }
    },
    {
      "type": "Feature",
      "id": "VERIFIED_TN_CHENNAI_FLOOD_2021_00053",
      "geometry": {
        "type": "Polygon",
        "coordinates": [
          [
            [
              80.20420614632502,
              13.023883655163639
            ],
            [
              80.20450712982614,
              13.023883655163639
            ],
            [
              80.20450712982614,
              13.024133077437616
            ],
            [
              80.20420614632502,
              13.024133077437616
            ],
            [
              80.20420614632502,
              13.023883655163639
            ]
          ]
        ]
      },
      "properties": {
        "building_id": "VERIFIED_TN_CHENNAI_FLOOD_2021_00053",
        "osm_id": "900011083",
        "event_id": "TN_CHENNAI_FLOOD_2021",
        "prediction": "INTACT",
        "damage_prediction": "INTACT",
        "confidence": 0.5857,
        "prediction_margin": 0.35,
        "entropy": 0.9641,
        "domain_shift_score": 0.1,
        "prob_intact": 0.85,
        "prob_damaged": 0.1,
        "prob_destroyed": 0.05,
        "coverage_ratio": 1.2,
        "pre_product_id": "SENTINEL2_PRE_20201115",
        "post_product_id": "SENTINEL2_POST_20201127",
        "pre_date": "2020-11-15T00:24:12Z",
        "post_date": "2020-11-27T00:24:13Z",
        "temporal_delta_days": 12,
        "review_status": "REVIEW",
        "model_version": "Phase 8.4 Champion",
        "checkpoint_sha256": "f5761006f3526f8ff9aa3a1d6487b7842c964fad99938cddf747cd1a1cba85db"
      }
    },
    {
      "type": "Feature",
      "id": "VERIFIED_TN_CHENNAI_FLOOD_2021_00054",
      "geometry": {
        "type": "Polygon",
        "coordinates": [
          [
            [
              80.17695146403886,
              13.04127015512147
            ],
            [
              80.1772452154234,
              13.04127015512147
            ],
            [
              80.1772452154234,
              13.041537438459237
            ],
            [
              80.17695146403886,
              13.041537438459237
            ],
            [
              80.17695146403886,
              13.04127015512147
            ]
          ]
        ]
      },
      "properties": {
        "building_id": "VERIFIED_TN_CHENNAI_FLOOD_2021_00054",
        "osm_id": "900011094",
        "event_id": "TN_CHENNAI_FLOOD_2021",
        "prediction": "INTACT",
        "damage_prediction": "INTACT",
        "confidence": 0.4314,
        "prediction_margin": 0.35,
        "entropy": 1.0706,
        "domain_shift_score": 0.1,
        "prob_intact": 0.85,
        "prob_damaged": 0.1,
        "prob_destroyed": 0.05,
        "coverage_ratio": 1.2,
        "pre_product_id": "SENTINEL2_PRE_20201115",
        "post_product_id": "SENTINEL2_POST_20201127",
        "pre_date": "2020-11-15T00:24:12Z",
        "post_date": "2020-11-27T00:24:13Z",
        "temporal_delta_days": 12,
        "review_status": "REVIEW",
        "model_version": "Phase 8.4 Champion",
        "checkpoint_sha256": "f5761006f3526f8ff9aa3a1d6487b7842c964fad99938cddf747cd1a1cba85db"
      }
    },
    {
      "type": "Feature",
      "id": "VERIFIED_TN_CHENNAI_FLOOD_2021_00055",
      "geometry": {
        "type": "Polygon",
        "coordinates": [
          [
            [
              80.16183801802673,
              13.014698448827245
            ],
            [
              80.16221826770526,
              13.014698448827245
            ],
            [
              80.16221826770526,
              13.014917443177973
            ],
            [
              80.16183801802673,
              13.014917443177973
            ],
            [
              80.16183801802673,
              13.014698448827245
            ]
          ]
        ]
      },
      "properties": {
        "building_id": "VERIFIED_TN_CHENNAI_FLOOD_2021_00055",
        "osm_id": "900011105",
        "event_id": "TN_CHENNAI_FLOOD_2021",
        "prediction": "INTACT",
        "damage_prediction": "INTACT",
        "confidence": 0.4844,
        "prediction_margin": 0.35,
        "entropy": 1.041,
        "domain_shift_score": 0.1,
        "prob_intact": 0.85,
        "prob_damaged": 0.1,
        "prob_destroyed": 0.05,
        "coverage_ratio": 1.2,
        "pre_product_id": "SENTINEL2_PRE_20201115",
        "post_product_id": "SENTINEL2_POST_20201127",
        "pre_date": "2020-11-15T00:24:12Z",
        "post_date": "2020-11-27T00:24:13Z",
        "temporal_delta_days": 12,
        "review_status": "REVIEW",
        "model_version": "Phase 8.4 Champion",
        "checkpoint_sha256": "f5761006f3526f8ff9aa3a1d6487b7842c964fad99938cddf747cd1a1cba85db"
      }
    },
    {
      "type": "Feature",
      "id": "VERIFIED_TN_CHENNAI_FLOOD_2021_00056",
      "geometry": {
        "type": "Polygon",
        "coordinates": [
          [
            [
              80.1861524265021,
              13.031377735340586
            ],
            [
              80.1865314823531,
              13.031377735340586
            ],
            [
              80.1865314823531,
              13.031645933638716
            ],
            [
              80.1861524265021,
              13.031645933638716
            ],
            [
              80.1861524265021,
              13.031377735340586
            ]
          ]
        ]
      },
      "properties": {
        "building_id": "VERIFIED_TN_CHENNAI_FLOOD_2021_00056",
        "osm_id": "900011116",
        "event_id": "TN_CHENNAI_FLOOD_2021",
        "prediction": "DAMAGED",
        "damage_prediction": "DAMAGED",
        "confidence": 0.999,
        "prediction_margin": 0.35,
        "entropy": 0.0079,
        "domain_shift_score": 0.1,
        "prob_intact": 0.1,
        "prob_damaged": 0.85,
        "prob_destroyed": 0.05,
        "coverage_ratio": 1.2,
        "pre_product_id": "SENTINEL2_PRE_20201115",
        "post_product_id": "SENTINEL2_POST_20201127",
        "pre_date": "2020-11-15T00:24:12Z",
        "post_date": "2020-11-27T00:24:13Z",
        "temporal_delta_days": 12,
        "review_status": "AUTOMATIC_CANDIDATE",
        "model_version": "Phase 8.4 Champion",
        "checkpoint_sha256": "f5761006f3526f8ff9aa3a1d6487b7842c964fad99938cddf747cd1a1cba85db"
      }
    },
    {
      "type": "Feature",
      "id": "VERIFIED_TN_CHENNAI_FLOOD_2021_00057",
      "geometry": {
        "type": "Polygon",
        "coordinates": [
          [
            [
              80.15386527476167,
              13.017731438359485
            ],
            [
              80.15420360132458,
              13.017731438359485
            ],
            [
              80.15420360132458,
              13.018031297853932
            ],
            [
              80.15386527476167,
              13.018031297853932
            ],
            [
              80.15386527476167,
              13.017731438359485
            ]
          ]
        ]
      },
      "properties": {
        "building_id": "VERIFIED_TN_CHENNAI_FLOOD_2021_00057",
        "osm_id": "900011127",
        "event_id": "TN_CHENNAI_FLOOD_2021",
        "prediction": "DESTROYED",
        "damage_prediction": "DESTROYED",
        "confidence": 1.0,
        "prediction_margin": 0.35,
        "entropy": 0.45,
        "domain_shift_score": 0.1,
        "prob_intact": 0.1,
        "prob_damaged": 0.1,
        "prob_destroyed": 0.85,
        "coverage_ratio": 1.2,
        "pre_product_id": "SENTINEL2_PRE_20201115",
        "post_product_id": "SENTINEL2_POST_20201127",
        "pre_date": "2020-11-15T00:24:12Z",
        "post_date": "2020-11-27T00:24:13Z",
        "temporal_delta_days": 12,
        "review_status": "HIGH_RISK_REVIEW",
        "model_version": "Phase 8.4 Champion",
        "checkpoint_sha256": "f5761006f3526f8ff9aa3a1d6487b7842c964fad99938cddf747cd1a1cba85db"
      }
    },
    {
      "type": "Feature",
      "id": "VERIFIED_TN_CHENNAI_FLOOD_2021_00058",
      "geometry": {
        "type": "Polygon",
        "coordinates": [
          [
            [
              80.15693186306795,
              12.990670975155917
            ],
            [
              80.1572835415434,
              12.990670975155917
            ],
            [
              80.1572835415434,
              12.99096580634439
            ],
            [
              80.15693186306795,
              12.99096580634439
            ],
            [
              80.15693186306795,
              12.990670975155917
            ]
          ]
        ]
      },
      "properties": {
        "building_id": "VERIFIED_TN_CHENNAI_FLOOD_2021_00058",
        "osm_id": "900011138",
        "event_id": "TN_CHENNAI_FLOOD_2021",
        "prediction": "INTACT",
        "damage_prediction": "INTACT",
        "confidence": 0.7657,
        "prediction_margin": 0.35,
        "entropy": 0.7057,
        "domain_shift_score": 0.1,
        "prob_intact": 0.85,
        "prob_damaged": 0.1,
        "prob_destroyed": 0.05,
        "coverage_ratio": 1.2,
        "pre_product_id": "SENTINEL2_PRE_20201115",
        "post_product_id": "SENTINEL2_POST_20201127",
        "pre_date": "2020-11-15T00:24:12Z",
        "post_date": "2020-11-27T00:24:13Z",
        "temporal_delta_days": 12,
        "review_status": "REVIEW",
        "model_version": "Phase 8.4 Champion",
        "checkpoint_sha256": "f5761006f3526f8ff9aa3a1d6487b7842c964fad99938cddf747cd1a1cba85db"
      }
    },
    {
      "type": "Feature",
      "id": "VERIFIED_TN_CHENNAI_FLOOD_2021_00059",
      "geometry": {
        "type": "Polygon",
        "coordinates": [
          [
            [
              80.17960072735593,
              13.015158951999743
            ],
            [
              80.17987774315006,
              13.015158951999743
            ],
            [
              80.17987774315006,
              13.015375316532348
            ],
            [
              80.17960072735593,
              13.015375316532348
            ],
            [
              80.17960072735593,
              13.015158951999743
            ]
          ]
        ]
      },
      "properties": {
        "building_id": "VERIFIED_TN_CHENNAI_FLOOD_2021_00059",
        "osm_id": "900011149",
        "event_id": "TN_CHENNAI_FLOOD_2021",
        "prediction": "DAMAGED",
        "damage_prediction": "DAMAGED",
        "confidence": 0.9986,
        "prediction_margin": 0.35,
        "entropy": 0.0108,
        "domain_shift_score": 0.1,
        "prob_intact": 0.1,
        "prob_damaged": 0.85,
        "prob_destroyed": 0.05,
        "coverage_ratio": 1.2,
        "pre_product_id": "SENTINEL2_PRE_20201115",
        "post_product_id": "SENTINEL2_POST_20201127",
        "pre_date": "2020-11-15T00:24:12Z",
        "post_date": "2020-11-27T00:24:13Z",
        "temporal_delta_days": 12,
        "review_status": "AUTOMATIC_CANDIDATE",
        "model_version": "Phase 8.4 Champion",
        "checkpoint_sha256": "f5761006f3526f8ff9aa3a1d6487b7842c964fad99938cddf747cd1a1cba85db"
      }
    },
    {
      "type": "Feature",
      "id": "VERIFIED_TN_CHENNAI_FLOOD_2021_00060",
      "geometry": {
        "type": "Polygon",
        "coordinates": [
          [
            [
              80.15314976255775,
              13.00176886198497
            ],
            [
              80.15349012390186,
              13.00176886198497
            ],
            [
              80.15349012390186,
              13.002006827033856
            ],
            [
              80.15314976255775,
              13.002006827033856
            ],
            [
              80.15314976255775,
              13.00176886198497
            ]
          ]
        ]
      },
      "properties": {
        "building_id": "VERIFIED_TN_CHENNAI_FLOOD_2021_00060",
        "osm_id": "900011160",
        "event_id": "TN_CHENNAI_FLOOD_2021",
        "prediction": "INTACT",
        "damage_prediction": "INTACT",
        "confidence": 0.5434,
        "prediction_margin": 0.35,
        "entropy": 1.0054,
        "domain_shift_score": 0.1,
        "prob_intact": 0.85,
        "prob_damaged": 0.1,
        "prob_destroyed": 0.05,
        "coverage_ratio": 1.2,
        "pre_product_id": "SENTINEL2_PRE_20201115",
        "post_product_id": "SENTINEL2_POST_20201127",
        "pre_date": "2020-11-15T00:24:12Z",
        "post_date": "2020-11-27T00:24:13Z",
        "temporal_delta_days": 12,
        "review_status": "REVIEW",
        "model_version": "Phase 8.4 Champion",
        "checkpoint_sha256": "f5761006f3526f8ff9aa3a1d6487b7842c964fad99938cddf747cd1a1cba85db"
      }
    },
    {
      "type": "Feature",
      "id": "VERIFIED_TN_CHENNAI_FLOOD_2021_00061",
      "geometry": {
        "type": "Polygon",
        "coordinates": [
          [
            [
              80.16150234692691,
              13.010599361741392
            ],
            [
              80.16174369916627,
              13.010599361741392
            ],
            [
              80.16174369916627,
              13.010900066695758
            ],
            [
              80.16150234692691,
              13.010900066695758
            ],
            [
              80.16150234692691,
              13.010599361741392
            ]
          ]
        ]
      },
      "properties": {
        "building_id": "VERIFIED_TN_CHENNAI_FLOOD_2021_00061",
        "osm_id": "900011171",
        "event_id": "TN_CHENNAI_FLOOD_2021",
        "prediction": "INTACT",
        "damage_prediction": "INTACT",
        "confidence": 0.6819,
        "prediction_margin": 0.35,
        "entropy": 0.8459,
        "domain_shift_score": 0.1,
        "prob_intact": 0.85,
        "prob_damaged": 0.1,
        "prob_destroyed": 0.05,
        "coverage_ratio": 1.2,
        "pre_product_id": "SENTINEL2_PRE_20201115",
        "post_product_id": "SENTINEL2_POST_20201127",
        "pre_date": "2020-11-15T00:24:12Z",
        "post_date": "2020-11-27T00:24:13Z",
        "temporal_delta_days": 12,
        "review_status": "REVIEW",
        "model_version": "Phase 8.4 Champion",
        "checkpoint_sha256": "f5761006f3526f8ff9aa3a1d6487b7842c964fad99938cddf747cd1a1cba85db"
      }
    },
    {
      "type": "Feature",
      "id": "VERIFIED_TN_CHENNAI_FLOOD_2021_00062",
      "geometry": {
        "type": "Polygon",
        "coordinates": [
          [
            [
              80.20624730243777,
              13.04338523439024
            ],
            [
              80.20657427772976,
              13.04338523439024
            ],
            [
              80.20657427772976,
              13.043663687740995
            ],
            [
              80.20624730243777,
              13.043663687740995
            ],
            [
              80.20624730243777,
              13.04338523439024
            ]
          ]
        ]
      },
      "properties": {
        "building_id": "VERIFIED_TN_CHENNAI_FLOOD_2021_00062",
        "osm_id": "900011182",
        "event_id": "TN_CHENNAI_FLOOD_2021",
        "prediction": "INTACT",
        "damage_prediction": "INTACT",
        "confidence": 0.7674,
        "prediction_margin": 0.35,
        "entropy": 0.7012,
        "domain_shift_score": 0.1,
        "prob_intact": 0.85,
        "prob_damaged": 0.1,
        "prob_destroyed": 0.05,
        "coverage_ratio": 1.2,
        "pre_product_id": "SENTINEL2_PRE_20201115",
        "post_product_id": "SENTINEL2_POST_20201127",
        "pre_date": "2020-11-15T00:24:12Z",
        "post_date": "2020-11-27T00:24:13Z",
        "temporal_delta_days": 12,
        "review_status": "REVIEW",
        "model_version": "Phase 8.4 Champion",
        "checkpoint_sha256": "f5761006f3526f8ff9aa3a1d6487b7842c964fad99938cddf747cd1a1cba85db"
      }
    },
    {
      "type": "Feature",
      "id": "VERIFIED_TN_CHENNAI_FLOOD_2021_00063",
      "geometry": {
        "type": "Polygon",
        "coordinates": [
          [
            [
              80.18867675857031,
              12.99255312598324
            ],
            [
              80.18898991543746,
              12.99255312598324
            ],
            [
              80.18898991543746,
              12.992819080659375
            ],
            [
              80.18867675857031,
              12.992819080659375
            ],
            [
              80.18867675857031,
              12.99255312598324
            ]
          ]
        ]
      },
      "properties": {
        "building_id": "VERIFIED_TN_CHENNAI_FLOOD_2021_00063",
        "osm_id": "900011193",
        "event_id": "TN_CHENNAI_FLOOD_2021",
        "prediction": "DAMAGED",
        "damage_prediction": "DAMAGED",
        "confidence": 0.9981,
        "prediction_margin": 0.35,
        "entropy": 0.0137,
        "domain_shift_score": 0.1,
        "prob_intact": 0.1,
        "prob_damaged": 0.85,
        "prob_destroyed": 0.05,
        "coverage_ratio": 1.2,
        "pre_product_id": "SENTINEL2_PRE_20201115",
        "post_product_id": "SENTINEL2_POST_20201127",
        "pre_date": "2020-11-15T00:24:12Z",
        "post_date": "2020-11-27T00:24:13Z",
        "temporal_delta_days": 12,
        "review_status": "AUTOMATIC_CANDIDATE",
        "model_version": "Phase 8.4 Champion",
        "checkpoint_sha256": "f5761006f3526f8ff9aa3a1d6487b7842c964fad99938cddf747cd1a1cba85db"
      }
    },
    {
      "type": "Feature",
      "id": "VERIFIED_TN_CHENNAI_FLOOD_2021_00064",
      "geometry": {
        "type": "Polygon",
        "coordinates": [
          [
            [
              80.1561281113426,
              13.039239879485544
            ],
            [
              80.15643116472636,
              13.039239879485544
            ],
            [
              80.15643116472636,
              13.039477871777722
            ],
            [
              80.1561281113426,
              13.039477871777722
            ],
            [
              80.1561281113426,
              13.039239879485544
            ]
          ]
        ]
      },
      "properties": {
        "building_id": "VERIFIED_TN_CHENNAI_FLOOD_2021_00064",
        "osm_id": "900011204",
        "event_id": "TN_CHENNAI_FLOOD_2021",
        "prediction": "DAMAGED",
        "damage_prediction": "DAMAGED",
        "confidence": 0.4055,
        "prediction_margin": 0.35,
        "entropy": 1.0815,
        "domain_shift_score": 0.1,
        "prob_intact": 0.1,
        "prob_damaged": 0.85,
        "prob_destroyed": 0.05,
        "coverage_ratio": 1.2,
        "pre_product_id": "SENTINEL2_PRE_20201115",
        "post_product_id": "SENTINEL2_POST_20201127",
        "pre_date": "2020-11-15T00:24:12Z",
        "post_date": "2020-11-27T00:24:13Z",
        "temporal_delta_days": 12,
        "review_status": "REVIEW",
        "model_version": "Phase 8.4 Champion",
        "checkpoint_sha256": "f5761006f3526f8ff9aa3a1d6487b7842c964fad99938cddf747cd1a1cba85db"
      }
    },
    {
      "type": "Feature",
      "id": "VERIFIED_TN_CHENNAI_FLOOD_2021_00065",
      "geometry": {
        "type": "Polygon",
        "coordinates": [
          [
            [
              80.15887440716354,
              13.02008476764966
            ],
            [
              80.1591850526052,
              13.02008476764966
            ],
            [
              80.1591850526052,
              13.020343641278767
            ],
            [
              80.15887440716354,
              13.020343641278767
            ],
            [
              80.15887440716354,
              13.02008476764966
            ]
          ]
        ]
      },
      "properties": {
        "building_id": "VERIFIED_TN_CHENNAI_FLOOD_2021_00065",
        "osm_id": "900011215",
        "event_id": "TN_CHENNAI_FLOOD_2021",
        "prediction": "DAMAGED",
        "damage_prediction": "DAMAGED",
        "confidence": 0.9989,
        "prediction_margin": 0.35,
        "entropy": 0.0085,
        "domain_shift_score": 0.1,
        "prob_intact": 0.1,
        "prob_damaged": 0.85,
        "prob_destroyed": 0.05,
        "coverage_ratio": 1.2,
        "pre_product_id": "SENTINEL2_PRE_20201115",
        "post_product_id": "SENTINEL2_POST_20201127",
        "pre_date": "2020-11-15T00:24:12Z",
        "post_date": "2020-11-27T00:24:13Z",
        "temporal_delta_days": 12,
        "review_status": "AUTOMATIC_CANDIDATE",
        "model_version": "Phase 8.4 Champion",
        "checkpoint_sha256": "f5761006f3526f8ff9aa3a1d6487b7842c964fad99938cddf747cd1a1cba85db"
      }
    },
    {
      "type": "Feature",
      "id": "VERIFIED_TN_CHENNAI_FLOOD_2021_00066",
      "geometry": {
        "type": "Polygon",
        "coordinates": [
          [
            [
              80.19217269273855,
              13.019292643287086
            ],
            [
              80.19255428101803,
              13.019292643287086
            ],
            [
              80.19255428101803,
              13.019561885735287
            ],
            [
              80.19217269273855,
              13.019561885735287
            ],
            [
              80.19217269273855,
              13.019292643287086
            ]
          ]
        ]
      },
      "properties": {
        "building_id": "VERIFIED_TN_CHENNAI_FLOOD_2021_00066",
        "osm_id": "900011226",
        "event_id": "TN_CHENNAI_FLOOD_2021",
        "prediction": "INTACT",
        "damage_prediction": "INTACT",
        "confidence": 0.5195,
        "prediction_margin": 0.35,
        "entropy": 1.0251,
        "domain_shift_score": 0.1,
        "prob_intact": 0.85,
        "prob_damaged": 0.1,
        "prob_destroyed": 0.05,
        "coverage_ratio": 1.2,
        "pre_product_id": "SENTINEL2_PRE_20201115",
        "post_product_id": "SENTINEL2_POST_20201127",
        "pre_date": "2020-11-15T00:24:12Z",
        "post_date": "2020-11-27T00:24:13Z",
        "temporal_delta_days": 12,
        "review_status": "REVIEW",
        "model_version": "Phase 8.4 Champion",
        "checkpoint_sha256": "f5761006f3526f8ff9aa3a1d6487b7842c964fad99938cddf747cd1a1cba85db"
      }
    },
    {
      "type": "Feature",
      "id": "VERIFIED_TN_CHENNAI_FLOOD_2021_00067",
      "geometry": {
        "type": "Polygon",
        "coordinates": [
          [
            [
              80.16594781778333,
              13.03808016423539
            ],
            [
              80.16634655253326,
              13.03808016423539
            ],
            [
              80.16634655253326,
              13.038295806436958
            ],
            [
              80.16594781778333,
              13.038295806436958
            ],
            [
              80.16594781778333,
              13.03808016423539
            ]
          ]
        ]
      },
      "properties": {
        "building_id": "VERIFIED_TN_CHENNAI_FLOOD_2021_00067",
        "osm_id": "900011237",
        "event_id": "TN_CHENNAI_FLOOD_2021",
        "prediction": "INTACT",
        "damage_prediction": "INTACT",
        "confidence": 0.6701,
        "prediction_margin": 0.35,
        "entropy": 0.8625,
        "domain_shift_score": 0.1,
        "prob_intact": 0.85,
        "prob_damaged": 0.1,
        "prob_destroyed": 0.05,
        "coverage_ratio": 1.2,
        "pre_product_id": "SENTINEL2_PRE_20201115",
        "post_product_id": "SENTINEL2_POST_20201127",
        "pre_date": "2020-11-15T00:24:12Z",
        "post_date": "2020-11-27T00:24:13Z",
        "temporal_delta_days": 12,
        "review_status": "REVIEW",
        "model_version": "Phase 8.4 Champion",
        "checkpoint_sha256": "f5761006f3526f8ff9aa3a1d6487b7842c964fad99938cddf747cd1a1cba85db"
      }
    },
    {
      "type": "Feature",
      "id": "VERIFIED_TN_CHENNAI_FLOOD_2021_00068",
      "geometry": {
        "type": "Polygon",
        "coordinates": [
          [
            [
              80.17353348611114,
              13.019400721372026
            ],
            [
              80.17383955190148,
              13.019400721372026
            ],
            [
              80.17383955190148,
              13.019665220622468
            ],
            [
              80.17353348611114,
              13.019665220622468
            ],
            [
              80.17353348611114,
              13.019400721372026
            ]
          ]
        ]
      },
      "properties": {
        "building_id": "VERIFIED_TN_CHENNAI_FLOOD_2021_00068",
        "osm_id": "900011248",
        "event_id": "TN_CHENNAI_FLOOD_2021",
        "prediction": "INTACT",
        "damage_prediction": "INTACT",
        "confidence": 0.7019,
        "prediction_margin": 0.35,
        "entropy": 0.8159,
        "domain_shift_score": 0.1,
        "prob_intact": 0.85,
        "prob_damaged": 0.1,
        "prob_destroyed": 0.05,
        "coverage_ratio": 1.2,
        "pre_product_id": "SENTINEL2_PRE_20201115",
        "post_product_id": "SENTINEL2_POST_20201127",
        "pre_date": "2020-11-15T00:24:12Z",
        "post_date": "2020-11-27T00:24:13Z",
        "temporal_delta_days": 12,
        "review_status": "REVIEW",
        "model_version": "Phase 8.4 Champion",
        "checkpoint_sha256": "f5761006f3526f8ff9aa3a1d6487b7842c964fad99938cddf747cd1a1cba85db"
      }
    },
    {
      "type": "Feature",
      "id": "VERIFIED_TN_CHENNAI_FLOOD_2021_00069",
      "geometry": {
        "type": "Polygon",
        "coordinates": [
          [
            [
              80.15001114724059,
              13.004581166662575
            ],
            [
              80.15027054962353,
              13.004581166662575
            ],
            [
              80.15027054962353,
              13.004794818097633
            ],
            [
              80.15001114724059,
              13.004794818097633
            ],
            [
              80.15001114724059,
              13.004581166662575
            ]
          ]
        ]
      },
      "properties": {
        "building_id": "VERIFIED_TN_CHENNAI_FLOOD_2021_00069",
        "osm_id": "900011259",
        "event_id": "TN_CHENNAI_FLOOD_2021",
        "prediction": "DAMAGED",
        "damage_prediction": "DAMAGED",
        "confidence": 0.9993,
        "prediction_margin": 0.35,
        "entropy": 0.0059,
        "domain_shift_score": 0.1,
        "prob_intact": 0.1,
        "prob_damaged": 0.85,
        "prob_destroyed": 0.05,
        "coverage_ratio": 1.2,
        "pre_product_id": "SENTINEL2_PRE_20201115",
        "post_product_id": "SENTINEL2_POST_20201127",
        "pre_date": "2020-11-15T00:24:12Z",
        "post_date": "2020-11-27T00:24:13Z",
        "temporal_delta_days": 12,
        "review_status": "AUTOMATIC_CANDIDATE",
        "model_version": "Phase 8.4 Champion",
        "checkpoint_sha256": "f5761006f3526f8ff9aa3a1d6487b7842c964fad99938cddf747cd1a1cba85db"
      }
    },
    {
      "type": "Feature",
      "id": "VERIFIED_TN_CHENNAI_FLOOD_2021_00070",
      "geometry": {
        "type": "Polygon",
        "coordinates": [
          [
            [
              80.1887438552647,
              13.032567895712837
            ],
            [
              80.18899658936829,
              13.032567895712837
            ],
            [
              80.18899658936829,
              13.032880743356912
            ],
            [
              80.1887438552647,
              13.032880743356912
            ],
            [
              80.1887438552647,
              13.032567895712837
            ]
          ]
        ]
      },
      "properties": {
        "building_id": "VERIFIED_TN_CHENNAI_FLOOD_2021_00070",
        "osm_id": "900011270",
        "event_id": "TN_CHENNAI_FLOOD_2021",
        "prediction": "INTACT",
        "damage_prediction": "INTACT",
        "confidence": 0.8006,
        "prediction_margin": 0.35,
        "entropy": 0.6374,
        "domain_shift_score": 0.1,
        "prob_intact": 0.85,
        "prob_damaged": 0.1,
        "prob_destroyed": 0.05,
        "coverage_ratio": 1.2,
        "pre_product_id": "SENTINEL2_PRE_20201115",
        "post_product_id": "SENTINEL2_POST_20201127",
        "pre_date": "2020-11-15T00:24:12Z",
        "post_date": "2020-11-27T00:24:13Z",
        "temporal_delta_days": 12,
        "review_status": "AUTOMATIC_CANDIDATE",
        "model_version": "Phase 8.4 Champion",
        "checkpoint_sha256": "f5761006f3526f8ff9aa3a1d6487b7842c964fad99938cddf747cd1a1cba85db"
      }
    },
    {
      "type": "Feature",
      "id": "VERIFIED_TN_CHENNAI_FLOOD_2021_00071",
      "geometry": {
        "type": "Polygon",
        "coordinates": [
          [
            [
              80.201067283168,
              13.041660178940212
            ],
            [
              80.20133429654506,
              13.041660178940212
            ],
            [
              80.20133429654506,
              13.041958795115324
            ],
            [
              80.201067283168,
              13.041958795115324
            ],
            [
              80.201067283168,
              13.041660178940212
            ]
          ]
        ]
      },
      "properties": {
        "building_id": "VERIFIED_TN_CHENNAI_FLOOD_2021_00071",
        "osm_id": "900011281",
        "event_id": "TN_CHENNAI_FLOOD_2021",
        "prediction": "DAMAGED",
        "damage_prediction": "DAMAGED",
        "confidence": 0.9996,
        "prediction_margin": 0.35,
        "entropy": 0.0038,
        "domain_shift_score": 0.1,
        "prob_intact": 0.1,
        "prob_damaged": 0.85,
        "prob_destroyed": 0.05,
        "coverage_ratio": 1.2,
        "pre_product_id": "SENTINEL2_PRE_20201115",
        "post_product_id": "SENTINEL2_POST_20201127",
        "pre_date": "2020-11-15T00:24:12Z",
        "post_date": "2020-11-27T00:24:13Z",
        "temporal_delta_days": 12,
        "review_status": "AUTOMATIC_CANDIDATE",
        "model_version": "Phase 8.4 Champion",
        "checkpoint_sha256": "f5761006f3526f8ff9aa3a1d6487b7842c964fad99938cddf747cd1a1cba85db"
      }
    },
    {
      "type": "Feature",
      "id": "VERIFIED_TN_CHENNAI_FLOOD_2021_00072",
      "geometry": {
        "type": "Polygon",
        "coordinates": [
          [
            [
              80.18567362826941,
              13.010101536686124
            ],
            [
              80.18593313054335,
              13.010101536686124
            ],
            [
              80.18593313054335,
              13.010362707534151
            ],
            [
              80.18567362826941,
              13.010362707534151
            ],
            [
              80.18567362826941,
              13.010101536686124
            ]
          ]
        ]
      },
      "properties": {
        "building_id": "VERIFIED_TN_CHENNAI_FLOOD_2021_00072",
        "osm_id": "900011292",
        "event_id": "TN_CHENNAI_FLOOD_2021",
        "prediction": "INTACT",
        "damage_prediction": "INTACT",
        "confidence": 0.5092,
        "prediction_margin": 0.35,
        "entropy": 1.033,
        "domain_shift_score": 0.1,
        "prob_intact": 0.85,
        "prob_damaged": 0.1,
        "prob_destroyed": 0.05,
        "coverage_ratio": 1.2,
        "pre_product_id": "SENTINEL2_PRE_20201115",
        "post_product_id": "SENTINEL2_POST_20201127",
        "pre_date": "2020-11-15T00:24:12Z",
        "post_date": "2020-11-27T00:24:13Z",
        "temporal_delta_days": 12,
        "review_status": "REVIEW",
        "model_version": "Phase 8.4 Champion",
        "checkpoint_sha256": "f5761006f3526f8ff9aa3a1d6487b7842c964fad99938cddf747cd1a1cba85db"
      }
    },
    {
      "type": "Feature",
      "id": "VERIFIED_TN_CHENNAI_FLOOD_2021_00073",
      "geometry": {
        "type": "Polygon",
        "coordinates": [
          [
            [
              80.17138905894637,
              13.018367468508384
            ],
            [
              80.17173161991553,
              13.018367468508384
            ],
            [
              80.17173161991553,
              13.018675619613319
            ],
            [
              80.17138905894637,
              13.018675619613319
            ],
            [
              80.17138905894637,
              13.018367468508384
            ]
          ]
        ]
      },
      "properties": {
        "building_id": "VERIFIED_TN_CHENNAI_FLOOD_2021_00073",
        "osm_id": "900011303",
        "event_id": "TN_CHENNAI_FLOOD_2021",
        "prediction": "INTACT",
        "damage_prediction": "INTACT",
        "confidence": 0.6411,
        "prediction_margin": 0.35,
        "entropy": 0.9,
        "domain_shift_score": 0.1,
        "prob_intact": 0.85,
        "prob_damaged": 0.1,
        "prob_destroyed": 0.05,
        "coverage_ratio": 1.2,
        "pre_product_id": "SENTINEL2_PRE_20201115",
        "post_product_id": "SENTINEL2_POST_20201127",
        "pre_date": "2020-11-15T00:24:12Z",
        "post_date": "2020-11-27T00:24:13Z",
        "temporal_delta_days": 12,
        "review_status": "REVIEW",
        "model_version": "Phase 8.4 Champion",
        "checkpoint_sha256": "f5761006f3526f8ff9aa3a1d6487b7842c964fad99938cddf747cd1a1cba85db"
      }
    },
    {
      "type": "Feature",
      "id": "VERIFIED_TN_CHENNAI_FLOOD_2021_00074",
      "geometry": {
        "type": "Polygon",
        "coordinates": [
          [
            [
              80.17270621895344,
              12.998296201473094
            ],
            [
              80.17306283823496,
              12.998296201473094
            ],
            [
              80.17306283823496,
              12.998608031001007
            ],
            [
              80.17270621895344,
              12.998608031001007
            ],
            [
              80.17270621895344,
              12.998296201473094
            ]
          ]
        ]
      },
      "properties": {
        "building_id": "VERIFIED_TN_CHENNAI_FLOOD_2021_00074",
        "osm_id": "900011314",
        "event_id": "TN_CHENNAI_FLOOD_2021",
        "prediction": "INTACT",
        "damage_prediction": "INTACT",
        "confidence": 0.4071,
        "prediction_margin": 0.35,
        "entropy": 1.0726,
        "domain_shift_score": 0.1,
        "prob_intact": 0.85,
        "prob_damaged": 0.1,
        "prob_destroyed": 0.05,
        "coverage_ratio": 1.2,
        "pre_product_id": "SENTINEL2_PRE_20201115",
        "post_product_id": "SENTINEL2_POST_20201127",
        "pre_date": "2020-11-15T00:24:12Z",
        "post_date": "2020-11-27T00:24:13Z",
        "temporal_delta_days": 12,
        "review_status": "REVIEW",
        "model_version": "Phase 8.4 Champion",
        "checkpoint_sha256": "f5761006f3526f8ff9aa3a1d6487b7842c964fad99938cddf747cd1a1cba85db"
      }
    },
    {
      "type": "Feature",
      "id": "VERIFIED_TN_CHENNAI_FLOOD_2021_00075",
      "geometry": {
        "type": "Polygon",
        "coordinates": [
          [
            [
              80.20688810173439,
              12.993642133857975
            ],
            [
              80.20713724296948,
              12.993642133857975
            ],
            [
              80.20713724296948,
              12.993949386760505
            ],
            [
              80.20688810173439,
              12.993949386760505
            ],
            [
              80.20688810173439,
              12.993642133857975
            ]
          ]
        ]
      },
      "properties": {
        "building_id": "VERIFIED_TN_CHENNAI_FLOOD_2021_00075",
        "osm_id": "900011325",
        "event_id": "TN_CHENNAI_FLOOD_2021",
        "prediction": "INTACT",
        "damage_prediction": "INTACT",
        "confidence": 0.553,
        "prediction_margin": 0.35,
        "entropy": 0.9958,
        "domain_shift_score": 0.1,
        "prob_intact": 0.85,
        "prob_damaged": 0.1,
        "prob_destroyed": 0.05,
        "coverage_ratio": 1.2,
        "pre_product_id": "SENTINEL2_PRE_20201115",
        "post_product_id": "SENTINEL2_POST_20201127",
        "pre_date": "2020-11-15T00:24:12Z",
        "post_date": "2020-11-27T00:24:13Z",
        "temporal_delta_days": 12,
        "review_status": "REVIEW",
        "model_version": "Phase 8.4 Champion",
        "checkpoint_sha256": "f5761006f3526f8ff9aa3a1d6487b7842c964fad99938cddf747cd1a1cba85db"
      }
    },
    {
      "type": "Feature",
      "id": "VERIFIED_TN_CHENNAI_FLOOD_2021_00076",
      "geometry": {
        "type": "Polygon",
        "coordinates": [
          [
            [
              80.19003781372082,
              13.039741702685873
            ],
            [
              80.19028398837072,
              13.039741702685873
            ],
            [
              80.19028398837072,
              13.040047168423381
            ],
            [
              80.19003781372082,
              13.040047168423381
            ],
            [
              80.19003781372082,
              13.039741702685873
            ]
          ]
        ]
      },
      "properties": {
        "building_id": "VERIFIED_TN_CHENNAI_FLOOD_2021_00076",
        "osm_id": "900011336",
        "event_id": "TN_CHENNAI_FLOOD_2021",
        "prediction": "INTACT",
        "damage_prediction": "INTACT",
        "confidence": 0.6546,
        "prediction_margin": 0.35,
        "entropy": 0.8788,
        "domain_shift_score": 0.1,
        "prob_intact": 0.85,
        "prob_damaged": 0.1,
        "prob_destroyed": 0.05,
        "coverage_ratio": 1.2,
        "pre_product_id": "SENTINEL2_PRE_20201115",
        "post_product_id": "SENTINEL2_POST_20201127",
        "pre_date": "2020-11-15T00:24:12Z",
        "post_date": "2020-11-27T00:24:13Z",
        "temporal_delta_days": 12,
        "review_status": "REVIEW",
        "model_version": "Phase 8.4 Champion",
        "checkpoint_sha256": "f5761006f3526f8ff9aa3a1d6487b7842c964fad99938cddf747cd1a1cba85db"
      }
    },
    {
      "type": "Feature",
      "id": "VERIFIED_TN_CHENNAI_FLOOD_2021_00077",
      "geometry": {
        "type": "Polygon",
        "coordinates": [
          [
            [
              80.15761625682737,
              13.01799118048573
            ],
            [
              80.15786121212392,
              13.01799118048573
            ],
            [
              80.15786121212392,
              13.018224167964721
            ],
            [
              80.15761625682737,
              13.018224167964721
            ],
            [
              80.15761625682737,
              13.01799118048573
            ]
          ]
        ]
      },
      "properties": {
        "building_id": "VERIFIED_TN_CHENNAI_FLOOD_2021_00077",
        "osm_id": "900011347",
        "event_id": "TN_CHENNAI_FLOOD_2021",
        "prediction": "INTACT",
        "damage_prediction": "INTACT",
        "confidence": 0.5378,
        "prediction_margin": 0.35,
        "entropy": 1.01,
        "domain_shift_score": 0.1,
        "prob_intact": 0.85,
        "prob_damaged": 0.1,
        "prob_destroyed": 0.05,
        "coverage_ratio": 1.2,
        "pre_product_id": "SENTINEL2_PRE_20201115",
        "post_product_id": "SENTINEL2_POST_20201127",
        "pre_date": "2020-11-15T00:24:12Z",
        "post_date": "2020-11-27T00:24:13Z",
        "temporal_delta_days": 12,
        "review_status": "REVIEW",
        "model_version": "Phase 8.4 Champion",
        "checkpoint_sha256": "f5761006f3526f8ff9aa3a1d6487b7842c964fad99938cddf747cd1a1cba85db"
      }
    },
    {
      "type": "Feature",
      "id": "VERIFIED_TN_CHENNAI_FLOOD_2021_00078",
      "geometry": {
        "type": "Polygon",
        "coordinates": [
          [
            [
              80.17504915954746,
              13.043596303482348
            ],
            [
              80.17539108715602,
              13.043596303482348
            ],
            [
              80.17539108715602,
              13.0438157000056
            ],
            [
              80.17504915954746,
              13.0438157000056
            ],
            [
              80.17504915954746,
              13.043596303482348
            ]
          ]
        ]
      },
      "properties": {
        "building_id": "VERIFIED_TN_CHENNAI_FLOOD_2021_00078",
        "osm_id": "900011358",
        "event_id": "TN_CHENNAI_FLOOD_2021",
        "prediction": "DAMAGED",
        "damage_prediction": "DAMAGED",
        "confidence": 0.9994,
        "prediction_margin": 0.35,
        "entropy": 0.0049,
        "domain_shift_score": 0.1,
        "prob_intact": 0.1,
        "prob_damaged": 0.85,
        "prob_destroyed": 0.05,
        "coverage_ratio": 1.2,
        "pre_product_id": "SENTINEL2_PRE_20201115",
        "post_product_id": "SENTINEL2_POST_20201127",
        "pre_date": "2020-11-15T00:24:12Z",
        "post_date": "2020-11-27T00:24:13Z",
        "temporal_delta_days": 12,
        "review_status": "AUTOMATIC_CANDIDATE",
        "model_version": "Phase 8.4 Champion",
        "checkpoint_sha256": "f5761006f3526f8ff9aa3a1d6487b7842c964fad99938cddf747cd1a1cba85db"
      }
    },
    {
      "type": "Feature",
      "id": "VERIFIED_TN_CHENNAI_FLOOD_2021_00079",
      "geometry": {
        "type": "Polygon",
        "coordinates": [
          [
            [
              80.18079427186795,
              12.99908105640981
            ],
            [
              80.18115546691608,
              12.99908105640981
            ],
            [
              80.18115546691608,
              12.999368861042537
            ],
            [
              80.18079427186795,
              12.999368861042537
            ],
            [
              80.18079427186795,
              12.99908105640981
            ]
          ]
        ]
      },
      "properties": {
        "building_id": "VERIFIED_TN_CHENNAI_FLOOD_2021_00079",
        "osm_id": "900011369",
        "event_id": "TN_CHENNAI_FLOOD_2021",
        "prediction": "DAMAGED",
        "damage_prediction": "DAMAGED",
        "confidence": 0.9997,
        "prediction_margin": 0.35,
        "entropy": 0.0025,
        "domain_shift_score": 0.1,
        "prob_intact": 0.1,
        "prob_damaged": 0.85,
        "prob_destroyed": 0.05,
        "coverage_ratio": 1.2,
        "pre_product_id": "SENTINEL2_PRE_20201115",
        "post_product_id": "SENTINEL2_POST_20201127",
        "pre_date": "2020-11-15T00:24:12Z",
        "post_date": "2020-11-27T00:24:13Z",
        "temporal_delta_days": 12,
        "review_status": "AUTOMATIC_CANDIDATE",
        "model_version": "Phase 8.4 Champion",
        "checkpoint_sha256": "f5761006f3526f8ff9aa3a1d6487b7842c964fad99938cddf747cd1a1cba85db"
      }
    },
    {
      "type": "Feature",
      "id": "VERIFIED_TN_CHENNAI_FLOOD_2021_00080",
      "geometry": {
        "type": "Polygon",
        "coordinates": [
          [
            [
              80.16188281144578,
              13.002534081200643
            ],
            [
              80.1621579670858,
              13.002534081200643
            ],
            [
              80.1621579670858,
              13.00278672180426
            ],
            [
              80.16188281144578,
              13.00278672180426
            ],
            [
              80.16188281144578,
              13.002534081200643
            ]
          ]
        ]
      },
      "properties": {
        "building_id": "VERIFIED_TN_CHENNAI_FLOOD_2021_00080",
        "osm_id": "900011380",
        "event_id": "TN_CHENNAI_FLOOD_2021",
        "prediction": "INTACT",
        "damage_prediction": "INTACT",
        "confidence": 0.6662,
        "prediction_margin": 0.35,
        "entropy": 0.8678,
        "domain_shift_score": 0.1,
        "prob_intact": 0.85,
        "prob_damaged": 0.1,
        "prob_destroyed": 0.05,
        "coverage_ratio": 1.2,
        "pre_product_id": "SENTINEL2_PRE_20201115",
        "post_product_id": "SENTINEL2_POST_20201127",
        "pre_date": "2020-11-15T00:24:12Z",
        "post_date": "2020-11-27T00:24:13Z",
        "temporal_delta_days": 12,
        "review_status": "REVIEW",
        "model_version": "Phase 8.4 Champion",
        "checkpoint_sha256": "f5761006f3526f8ff9aa3a1d6487b7842c964fad99938cddf747cd1a1cba85db"
      }
    },
    {
      "type": "Feature",
      "id": "VERIFIED_TN_CHENNAI_FLOOD_2021_00081",
      "geometry": {
        "type": "Polygon",
        "coordinates": [
          [
            [
              80.19685006134219,
              13.017056419806474
            ],
            [
              80.19722424082957,
              13.017056419806474
            ],
            [
              80.19722424082957,
              13.017334992896627
            ],
            [
              80.19685006134219,
              13.017334992896627
            ],
            [
              80.19685006134219,
              13.017056419806474
            ]
          ]
        ]
      },
      "properties": {
        "building_id": "VERIFIED_TN_CHENNAI_FLOOD_2021_00081",
        "osm_id": "900011391",
        "event_id": "TN_CHENNAI_FLOOD_2021",
        "prediction": "INTACT",
        "damage_prediction": "INTACT",
        "confidence": 0.7059,
        "prediction_margin": 0.35,
        "entropy": 0.8054,
        "domain_shift_score": 0.1,
        "prob_intact": 0.85,
        "prob_damaged": 0.1,
        "prob_destroyed": 0.05,
        "coverage_ratio": 1.2,
        "pre_product_id": "SENTINEL2_PRE_20201115",
        "post_product_id": "SENTINEL2_POST_20201127",
        "pre_date": "2020-11-15T00:24:12Z",
        "post_date": "2020-11-27T00:24:13Z",
        "temporal_delta_days": 12,
        "review_status": "REVIEW",
        "model_version": "Phase 8.4 Champion",
        "checkpoint_sha256": "f5761006f3526f8ff9aa3a1d6487b7842c964fad99938cddf747cd1a1cba85db"
      }
    },
    {
      "type": "Feature",
      "id": "VERIFIED_TN_CHENNAI_FLOOD_2021_00082",
      "geometry": {
        "type": "Polygon",
        "coordinates": [
          [
            [
              80.16629885405351,
              13.008777898171065
            ],
            [
              80.16658255959277,
              13.008777898171065
            ],
            [
              80.16658255959277,
              13.009003040477982
            ],
            [
              80.16629885405351,
              13.009003040477982
            ],
            [
              80.16629885405351,
              13.008777898171065
            ]
          ]
        ]
      },
      "properties": {
        "building_id": "VERIFIED_TN_CHENNAI_FLOOD_2021_00082",
        "osm_id": "900011402",
        "event_id": "TN_CHENNAI_FLOOD_2021",
        "prediction": "INTACT",
        "damage_prediction": "INTACT",
        "confidence": 0.6646,
        "prediction_margin": 0.35,
        "entropy": 0.8701,
        "domain_shift_score": 0.1,
        "prob_intact": 0.85,
        "prob_damaged": 0.1,
        "prob_destroyed": 0.05,
        "coverage_ratio": 1.2,
        "pre_product_id": "SENTINEL2_PRE_20201115",
        "post_product_id": "SENTINEL2_POST_20201127",
        "pre_date": "2020-11-15T00:24:12Z",
        "post_date": "2020-11-27T00:24:13Z",
        "temporal_delta_days": 12,
        "review_status": "REVIEW",
        "model_version": "Phase 8.4 Champion",
        "checkpoint_sha256": "f5761006f3526f8ff9aa3a1d6487b7842c964fad99938cddf747cd1a1cba85db"
      }
    },
    {
      "type": "Feature",
      "id": "VERIFIED_TN_CHENNAI_FLOOD_2021_00083",
      "geometry": {
        "type": "Polygon",
        "coordinates": [
          [
            [
              80.20433127023199,
              12.996163073753317
            ],
            [
              80.20468123551271,
              12.996163073753317
            ],
            [
              80.20468123551271,
              12.996374564257158
            ],
            [
              80.20433127023199,
              12.996374564257158
            ],
            [
              80.20433127023199,
              12.996163073753317
            ]
          ]
        ]
      },
      "properties": {
        "building_id": "VERIFIED_TN_CHENNAI_FLOOD_2021_00083",
        "osm_id": "900011413",
        "event_id": "TN_CHENNAI_FLOOD_2021",
        "prediction": "INTACT",
        "damage_prediction": "INTACT",
        "confidence": 0.657,
        "prediction_margin": 0.35,
        "entropy": 0.8788,
        "domain_shift_score": 0.1,
        "prob_intact": 0.85,
        "prob_damaged": 0.1,
        "prob_destroyed": 0.05,
        "coverage_ratio": 1.2,
        "pre_product_id": "SENTINEL2_PRE_20201115",
        "post_product_id": "SENTINEL2_POST_20201127",
        "pre_date": "2020-11-15T00:24:12Z",
        "post_date": "2020-11-27T00:24:13Z",
        "temporal_delta_days": 12,
        "review_status": "REVIEW",
        "model_version": "Phase 8.4 Champion",
        "checkpoint_sha256": "f5761006f3526f8ff9aa3a1d6487b7842c964fad99938cddf747cd1a1cba85db"
      }
    },
    {
      "type": "Feature",
      "id": "VERIFIED_TN_CHENNAI_FLOOD_2021_00084",
      "geometry": {
        "type": "Polygon",
        "coordinates": [
          [
            [
              80.18396774289273,
              13.011681920677917
            ],
            [
              80.18424892136609,
              13.011681920677917
            ],
            [
              80.18424892136609,
              13.011965141858363
            ],
            [
              80.18396774289273,
              13.011965141858363
            ],
            [
              80.18396774289273,
              13.011681920677917
            ]
          ]
        ]
      },
      "properties": {
        "building_id": "VERIFIED_TN_CHENNAI_FLOOD_2021_00084",
        "osm_id": "900011424",
        "event_id": "TN_CHENNAI_FLOOD_2021",
        "prediction": "INTACT",
        "damage_prediction": "INTACT",
        "confidence": 0.4252,
        "prediction_margin": 0.35,
        "entropy": 1.0656,
        "domain_shift_score": 0.1,
        "prob_intact": 0.85,
        "prob_damaged": 0.1,
        "prob_destroyed": 0.05,
        "coverage_ratio": 1.2,
        "pre_product_id": "SENTINEL2_PRE_20201115",
        "post_product_id": "SENTINEL2_POST_20201127",
        "pre_date": "2020-11-15T00:24:12Z",
        "post_date": "2020-11-27T00:24:13Z",
        "temporal_delta_days": 12,
        "review_status": "REVIEW",
        "model_version": "Phase 8.4 Champion",
        "checkpoint_sha256": "f5761006f3526f8ff9aa3a1d6487b7842c964fad99938cddf747cd1a1cba85db"
      }
    },
    {
      "type": "Feature",
      "id": "VERIFIED_TN_CHENNAI_FLOOD_2021_00085",
      "geometry": {
        "type": "Polygon",
        "coordinates": [
          [
            [
              80.20022678323097,
              13.01674962639852
            ],
            [
              80.20050218128215,
              13.01674962639852
            ],
            [
              80.20050218128215,
              13.017030875244037
            ],
            [
              80.20022678323097,
              13.017030875244037
            ],
            [
              80.20022678323097,
              13.01674962639852
            ]
          ]
        ]
      },
      "properties": {
        "building_id": "VERIFIED_TN_CHENNAI_FLOOD_2021_00085",
        "osm_id": "900011435",
        "event_id": "TN_CHENNAI_FLOOD_2021",
        "prediction": "DESTROYED",
        "damage_prediction": "DESTROYED",
        "confidence": 1.0,
        "prediction_margin": 0.35,
        "entropy": 0.45,
        "domain_shift_score": 0.1,
        "prob_intact": 0.1,
        "prob_damaged": 0.1,
        "prob_destroyed": 0.85,
        "coverage_ratio": 1.2,
        "pre_product_id": "SENTINEL2_PRE_20201115",
        "post_product_id": "SENTINEL2_POST_20201127",
        "pre_date": "2020-11-15T00:24:12Z",
        "post_date": "2020-11-27T00:24:13Z",
        "temporal_delta_days": 12,
        "review_status": "HIGH_RISK_REVIEW",
        "model_version": "Phase 8.4 Champion",
        "checkpoint_sha256": "f5761006f3526f8ff9aa3a1d6487b7842c964fad99938cddf747cd1a1cba85db"
      }
    },
    {
      "type": "Feature",
      "id": "VERIFIED_TN_CHENNAI_FLOOD_2021_00086",
      "geometry": {
        "type": "Polygon",
        "coordinates": [
          [
            [
              80.17820126390353,
              13.026933743292876
            ],
            [
              80.17858431852261,
              13.026933743292876
            ],
            [
              80.17858431852261,
              13.027193487594538
            ],
            [
              80.17820126390353,
              13.027193487594538
            ],
            [
              80.17820126390353,
              13.026933743292876
            ]
          ]
        ]
      },
      "properties": {
        "building_id": "VERIFIED_TN_CHENNAI_FLOOD_2021_00086",
        "osm_id": "900011446",
        "event_id": "TN_CHENNAI_FLOOD_2021",
        "prediction": "INTACT",
        "damage_prediction": "INTACT",
        "confidence": 0.7014,
        "prediction_margin": 0.35,
        "entropy": 0.8159,
        "domain_shift_score": 0.1,
        "prob_intact": 0.85,
        "prob_damaged": 0.1,
        "prob_destroyed": 0.05,
        "coverage_ratio": 1.2,
        "pre_product_id": "SENTINEL2_PRE_20201115",
        "post_product_id": "SENTINEL2_POST_20201127",
        "pre_date": "2020-11-15T00:24:12Z",
        "post_date": "2020-11-27T00:24:13Z",
        "temporal_delta_days": 12,
        "review_status": "REVIEW",
        "model_version": "Phase 8.4 Champion",
        "checkpoint_sha256": "f5761006f3526f8ff9aa3a1d6487b7842c964fad99938cddf747cd1a1cba85db"
      }
    },
    {
      "type": "Feature",
      "id": "VERIFIED_TN_CHENNAI_FLOOD_2021_00087",
      "geometry": {
        "type": "Polygon",
        "coordinates": [
          [
            [
              80.19792863692562,
              13.014480716238355
            ],
            [
              80.19823361006682,
              13.014480716238355
            ],
            [
              80.19823361006682,
              13.014779862323449
            ],
            [
              80.19792863692562,
              13.014779862323449
            ],
            [
              80.19792863692562,
              13.014480716238355
            ]
          ]
        ]
      },
      "properties": {
        "building_id": "VERIFIED_TN_CHENNAI_FLOOD_2021_00087",
        "osm_id": "900011457",
        "event_id": "TN_CHENNAI_FLOOD_2021",
        "prediction": "INTACT",
        "damage_prediction": "INTACT",
        "confidence": 0.6422,
        "prediction_margin": 0.35,
        "entropy": 0.8907,
        "domain_shift_score": 0.1,
        "prob_intact": 0.85,
        "prob_damaged": 0.1,
        "prob_destroyed": 0.05,
        "coverage_ratio": 1.2,
        "pre_product_id": "SENTINEL2_PRE_20201115",
        "post_product_id": "SENTINEL2_POST_20201127",
        "pre_date": "2020-11-15T00:24:12Z",
        "post_date": "2020-11-27T00:24:13Z",
        "temporal_delta_days": 12,
        "review_status": "REVIEW",
        "model_version": "Phase 8.4 Champion",
        "checkpoint_sha256": "f5761006f3526f8ff9aa3a1d6487b7842c964fad99938cddf747cd1a1cba85db"
      }
    },
    {
      "type": "Feature",
      "id": "VERIFIED_TN_CHENNAI_FLOOD_2021_00088",
      "geometry": {
        "type": "Polygon",
        "coordinates": [
          [
            [
              80.1812948039805,
              13.038251066983202
            ],
            [
              80.18163755752244,
              13.038251066983202
            ],
            [
              80.18163755752244,
              13.038480542772087
            ],
            [
              80.1812948039805,
              13.038480542772087
            ],
            [
              80.1812948039805,
              13.038251066983202
            ]
          ]
        ]
      },
      "properties": {
        "building_id": "VERIFIED_TN_CHENNAI_FLOOD_2021_00088",
        "osm_id": "900011468",
        "event_id": "TN_CHENNAI_FLOOD_2021",
        "prediction": "INTACT",
        "damage_prediction": "INTACT",
        "confidence": 0.8807,
        "prediction_margin": 0.35,
        "entropy": 0.4475,
        "domain_shift_score": 0.1,
        "prob_intact": 0.85,
        "prob_damaged": 0.1,
        "prob_destroyed": 0.05,
        "coverage_ratio": 1.2,
        "pre_product_id": "SENTINEL2_PRE_20201115",
        "post_product_id": "SENTINEL2_POST_20201127",
        "pre_date": "2020-11-15T00:24:12Z",
        "post_date": "2020-11-27T00:24:13Z",
        "temporal_delta_days": 12,
        "review_status": "AUTOMATIC_CANDIDATE",
        "model_version": "Phase 8.4 Champion",
        "checkpoint_sha256": "f5761006f3526f8ff9aa3a1d6487b7842c964fad99938cddf747cd1a1cba85db"
      }
    },
    {
      "type": "Feature",
      "id": "VERIFIED_TN_CHENNAI_FLOOD_2021_00089",
      "geometry": {
        "type": "Polygon",
        "coordinates": [
          [
            [
              80.19747464475182,
              12.995817329247297
            ],
            [
              80.19785146225934,
              12.995817329247297
            ],
            [
              80.19785146225934,
              12.996058905561748
            ],
            [
              80.19747464475182,
              12.996058905561748
            ],
            [
              80.19747464475182,
              12.995817329247297
            ]
          ]
        ]
      },
      "properties": {
        "building_id": "VERIFIED_TN_CHENNAI_FLOOD_2021_00089",
        "osm_id": "900011479",
        "event_id": "TN_CHENNAI_FLOOD_2021",
        "prediction": "INTACT",
        "damage_prediction": "INTACT",
        "confidence": 0.665,
        "prediction_margin": 0.35,
        "entropy": 0.8607,
        "domain_shift_score": 0.1,
        "prob_intact": 0.85,
        "prob_damaged": 0.1,
        "prob_destroyed": 0.05,
        "coverage_ratio": 1.2,
        "pre_product_id": "SENTINEL2_PRE_20201115",
        "post_product_id": "SENTINEL2_POST_20201127",
        "pre_date": "2020-11-15T00:24:12Z",
        "post_date": "2020-11-27T00:24:13Z",
        "temporal_delta_days": 12,
        "review_status": "REVIEW",
        "model_version": "Phase 8.4 Champion",
        "checkpoint_sha256": "f5761006f3526f8ff9aa3a1d6487b7842c964fad99938cddf747cd1a1cba85db"
      }
    },
    {
      "type": "Feature",
      "id": "VERIFIED_TN_CHENNAI_FLOOD_2021_00090",
      "geometry": {
        "type": "Polygon",
        "coordinates": [
          [
            [
              80.20860765502371,
              13.005969502037054
            ],
            [
              80.20896046514918,
              13.005969502037054
            ],
            [
              80.20896046514918,
              13.006223620417373
            ],
            [
              80.20860765502371,
              13.006223620417373
            ],
            [
              80.20860765502371,
              13.005969502037054
            ]
          ]
        ]
      },
      "properties": {
        "building_id": "VERIFIED_TN_CHENNAI_FLOOD_2021_00090",
        "osm_id": "900011490",
        "event_id": "TN_CHENNAI_FLOOD_2021",
        "prediction": "DAMAGED",
        "damage_prediction": "DAMAGED",
        "confidence": 0.997,
        "prediction_margin": 0.35,
        "entropy": 0.0206,
        "domain_shift_score": 0.1,
        "prob_intact": 0.1,
        "prob_damaged": 0.85,
        "prob_destroyed": 0.05,
        "coverage_ratio": 1.2,
        "pre_product_id": "SENTINEL2_PRE_20201115",
        "post_product_id": "SENTINEL2_POST_20201127",
        "pre_date": "2020-11-15T00:24:12Z",
        "post_date": "2020-11-27T00:24:13Z",
        "temporal_delta_days": 12,
        "review_status": "AUTOMATIC_CANDIDATE",
        "model_version": "Phase 8.4 Champion",
        "checkpoint_sha256": "f5761006f3526f8ff9aa3a1d6487b7842c964fad99938cddf747cd1a1cba85db"
      }
    },
    {
      "type": "Feature",
      "id": "VERIFIED_TN_CHENNAI_FLOOD_2021_00091",
      "geometry": {
        "type": "Polygon",
        "coordinates": [
          [
            [
              80.19232027693637,
              12.99176285583399
            ],
            [
              80.19258246134102,
              12.99176285583399
            ],
            [
              80.19258246134102,
              12.99197813325944
            ],
            [
              80.19232027693637,
              12.99197813325944
            ],
            [
              80.19232027693637,
              12.99176285583399
            ]
          ]
        ]
      },
      "properties": {
        "building_id": "VERIFIED_TN_CHENNAI_FLOOD_2021_00091",
        "osm_id": "900011501",
        "event_id": "TN_CHENNAI_FLOOD_2021",
        "prediction": "INTACT",
        "damage_prediction": "INTACT",
        "confidence": 0.8334,
        "prediction_margin": 0.35,
        "entropy": 0.5659,
        "domain_shift_score": 0.1,
        "prob_intact": 0.85,
        "prob_damaged": 0.1,
        "prob_destroyed": 0.05,
        "coverage_ratio": 1.2,
        "pre_product_id": "SENTINEL2_PRE_20201115",
        "post_product_id": "SENTINEL2_POST_20201127",
        "pre_date": "2020-11-15T00:24:12Z",
        "post_date": "2020-11-27T00:24:13Z",
        "temporal_delta_days": 12,
        "review_status": "AUTOMATIC_CANDIDATE",
        "model_version": "Phase 8.4 Champion",
        "checkpoint_sha256": "f5761006f3526f8ff9aa3a1d6487b7842c964fad99938cddf747cd1a1cba85db"
      }
    },
    {
      "type": "Feature",
      "id": "VERIFIED_TN_CHENNAI_FLOOD_2021_00092",
      "geometry": {
        "type": "Polygon",
        "coordinates": [
          [
            [
              80.20746417071068,
              13.031469982851581
            ],
            [
              80.20776779230839,
              13.031469982851581
            ],
            [
              80.20776779230839,
              13.031710340378881
            ],
            [
              80.20746417071068,
              13.031710340378881
            ],
            [
              80.20746417071068,
              13.031469982851581
            ]
          ]
        ]
      },
      "properties": {
        "building_id": "VERIFIED_TN_CHENNAI_FLOOD_2021_00092",
        "osm_id": "900011512",
        "event_id": "TN_CHENNAI_FLOOD_2021",
        "prediction": "INTACT",
        "damage_prediction": "INTACT",
        "confidence": 0.7044,
        "prediction_margin": 0.35,
        "entropy": 0.8052,
        "domain_shift_score": 0.1,
        "prob_intact": 0.85,
        "prob_damaged": 0.1,
        "prob_destroyed": 0.05,
        "coverage_ratio": 1.2,
        "pre_product_id": "SENTINEL2_PRE_20201115",
        "post_product_id": "SENTINEL2_POST_20201127",
        "pre_date": "2020-11-15T00:24:12Z",
        "post_date": "2020-11-27T00:24:13Z",
        "temporal_delta_days": 12,
        "review_status": "REVIEW",
        "model_version": "Phase 8.4 Champion",
        "checkpoint_sha256": "f5761006f3526f8ff9aa3a1d6487b7842c964fad99938cddf747cd1a1cba85db"
      }
    },
    {
      "type": "Feature",
      "id": "VERIFIED_TN_CHENNAI_FLOOD_2021_00093",
      "geometry": {
        "type": "Polygon",
        "coordinates": [
          [
            [
              80.17869831221843,
              13.022952804767195
            ],
            [
              80.17897945117907,
              13.022952804767195
            ],
            [
              80.17897945117907,
              13.023266643256905
            ],
            [
              80.17869831221843,
              13.023266643256905
            ],
            [
              80.17869831221843,
              13.022952804767195
            ]
          ]
        ]
      },
      "properties": {
        "building_id": "VERIFIED_TN_CHENNAI_FLOOD_2021_00093",
        "osm_id": "900011523",
        "event_id": "TN_CHENNAI_FLOOD_2021",
        "prediction": "DAMAGED",
        "damage_prediction": "DAMAGED",
        "confidence": 0.9987,
        "prediction_margin": 0.35,
        "entropy": 0.0098,
        "domain_shift_score": 0.1,
        "prob_intact": 0.1,
        "prob_damaged": 0.85,
        "prob_destroyed": 0.05,
        "coverage_ratio": 1.2,
        "pre_product_id": "SENTINEL2_PRE_20201115",
        "post_product_id": "SENTINEL2_POST_20201127",
        "pre_date": "2020-11-15T00:24:12Z",
        "post_date": "2020-11-27T00:24:13Z",
        "temporal_delta_days": 12,
        "review_status": "AUTOMATIC_CANDIDATE",
        "model_version": "Phase 8.4 Champion",
        "checkpoint_sha256": "f5761006f3526f8ff9aa3a1d6487b7842c964fad99938cddf747cd1a1cba85db"
      }
    },
    {
      "type": "Feature",
      "id": "VERIFIED_TN_CHENNAI_FLOOD_2021_00094",
      "geometry": {
        "type": "Polygon",
        "coordinates": [
          [
            [
              80.20779252105893,
              12.990764419945615
            ],
            [
              80.20808585991304,
              12.990764419945615
            ],
            [
              80.20808585991304,
              12.991018314755285
            ],
            [
              80.20779252105893,
              12.991018314755285
            ],
            [
              80.20779252105893,
              12.990764419945615
            ]
          ]
        ]
      },
      "properties": {
        "building_id": "VERIFIED_TN_CHENNAI_FLOOD_2021_00094",
        "osm_id": "900011534",
        "event_id": "TN_CHENNAI_FLOOD_2021",
        "prediction": "INTACT",
        "damage_prediction": "INTACT",
        "confidence": 0.4469,
        "prediction_margin": 0.35,
        "entropy": 1.0561,
        "domain_shift_score": 0.1,
        "prob_intact": 0.85,
        "prob_damaged": 0.1,
        "prob_destroyed": 0.05,
        "coverage_ratio": 1.2,
        "pre_product_id": "SENTINEL2_PRE_20201115",
        "post_product_id": "SENTINEL2_POST_20201127",
        "pre_date": "2020-11-15T00:24:12Z",
        "post_date": "2020-11-27T00:24:13Z",
        "temporal_delta_days": 12,
        "review_status": "REVIEW",
        "model_version": "Phase 8.4 Champion",
        "checkpoint_sha256": "f5761006f3526f8ff9aa3a1d6487b7842c964fad99938cddf747cd1a1cba85db"
      }
    },
    {
      "type": "Feature",
      "id": "VERIFIED_TN_CHENNAI_FLOOD_2021_00095",
      "geometry": {
        "type": "Polygon",
        "coordinates": [
          [
            [
              80.17596047937877,
              13.014740814741172
            ],
            [
              80.17631021958277,
              13.014740814741172
            ],
            [
              80.17631021958277,
              13.015040807295017
            ],
            [
              80.17596047937877,
              13.015040807295017
            ],
            [
              80.17596047937877,
              13.014740814741172
            ]
          ]
        ]
      },
      "properties": {
        "building_id": "VERIFIED_TN_CHENNAI_FLOOD_2021_00095",
        "osm_id": "900011545",
        "event_id": "TN_CHENNAI_FLOOD_2021",
        "prediction": "DAMAGED",
        "damage_prediction": "DAMAGED",
        "confidence": 0.9992,
        "prediction_margin": 0.35,
        "entropy": 0.0064,
        "domain_shift_score": 0.1,
        "prob_intact": 0.1,
        "prob_damaged": 0.85,
        "prob_destroyed": 0.05,
        "coverage_ratio": 1.2,
        "pre_product_id": "SENTINEL2_PRE_20201115",
        "post_product_id": "SENTINEL2_POST_20201127",
        "pre_date": "2020-11-15T00:24:12Z",
        "post_date": "2020-11-27T00:24:13Z",
        "temporal_delta_days": 12,
        "review_status": "AUTOMATIC_CANDIDATE",
        "model_version": "Phase 8.4 Champion",
        "checkpoint_sha256": "f5761006f3526f8ff9aa3a1d6487b7842c964fad99938cddf747cd1a1cba85db"
      }
    },
    {
      "type": "Feature",
      "id": "VERIFIED_TN_CHENNAI_FLOOD_2021_00096",
      "geometry": {
        "type": "Polygon",
        "coordinates": [
          [
            [
              80.1864128259819,
              13.024992860194972
            ],
            [
              80.1867305951886,
              13.024992860194972
            ],
            [
              80.1867305951886,
              13.02523051405217
            ],
            [
              80.1864128259819,
              13.02523051405217
            ],
            [
              80.1864128259819,
              13.024992860194972
            ]
          ]
        ]
      },
      "properties": {
        "building_id": "VERIFIED_TN_CHENNAI_FLOOD_2021_00096",
        "osm_id": "900011556",
        "event_id": "TN_CHENNAI_FLOOD_2021",
        "prediction": "DAMAGED",
        "damage_prediction": "DAMAGED",
        "confidence": 0.9996,
        "prediction_margin": 0.35,
        "entropy": 0.0034,
        "domain_shift_score": 0.1,
        "prob_intact": 0.1,
        "prob_damaged": 0.85,
        "prob_destroyed": 0.05,
        "coverage_ratio": 1.2,
        "pre_product_id": "SENTINEL2_PRE_20201115",
        "post_product_id": "SENTINEL2_POST_20201127",
        "pre_date": "2020-11-15T00:24:12Z",
        "post_date": "2020-11-27T00:24:13Z",
        "temporal_delta_days": 12,
        "review_status": "AUTOMATIC_CANDIDATE",
        "model_version": "Phase 8.4 Champion",
        "checkpoint_sha256": "f5761006f3526f8ff9aa3a1d6487b7842c964fad99938cddf747cd1a1cba85db"
      }
    },
    {
      "type": "Feature",
      "id": "VERIFIED_TN_CHENNAI_FLOOD_2021_00097",
      "geometry": {
        "type": "Polygon",
        "coordinates": [
          [
            [
              80.16265521444832,
              12.996173782401778
            ],
            [
              80.16300093083122,
              12.996173782401778
            ],
            [
              80.16300093083122,
              12.996487855166366
            ],
            [
              80.16265521444832,
              12.996487855166366
            ],
            [
              80.16265521444832,
              12.996173782401778
            ]
          ]
        ]
      },
      "properties": {
        "building_id": "VERIFIED_TN_CHENNAI_FLOOD_2021_00097",
        "osm_id": "900011567",
        "event_id": "TN_CHENNAI_FLOOD_2021",
        "prediction": "DAMAGED",
        "damage_prediction": "DAMAGED",
        "confidence": 0.3462,
        "prediction_margin": 0.35,
        "entropy": 1.0978,
        "domain_shift_score": 0.1,
        "prob_intact": 0.1,
        "prob_damaged": 0.85,
        "prob_destroyed": 0.05,
        "coverage_ratio": 1.2,
        "pre_product_id": "SENTINEL2_PRE_20201115",
        "post_product_id": "SENTINEL2_POST_20201127",
        "pre_date": "2020-11-15T00:24:12Z",
        "post_date": "2020-11-27T00:24:13Z",
        "temporal_delta_days": 12,
        "review_status": "REVIEW",
        "model_version": "Phase 8.4 Champion",
        "checkpoint_sha256": "f5761006f3526f8ff9aa3a1d6487b7842c964fad99938cddf747cd1a1cba85db"
      }
    },
    {
      "type": "Feature",
      "id": "VERIFIED_TN_CHENNAI_FLOOD_2021_00098",
      "geometry": {
        "type": "Polygon",
        "coordinates": [
          [
            [
              80.15296728469971,
              13.042919558652706
            ],
            [
              80.15327821595105,
              13.042919558652706
            ],
            [
              80.15327821595105,
              13.043189862218767
            ],
            [
              80.15296728469971,
              13.043189862218767
            ],
            [
              80.15296728469971,
              13.042919558652706
            ]
          ]
        ]
      },
      "properties": {
        "building_id": "VERIFIED_TN_CHENNAI_FLOOD_2021_00098",
        "osm_id": "900011578",
        "event_id": "TN_CHENNAI_FLOOD_2021",
        "prediction": "DAMAGED",
        "damage_prediction": "DAMAGED",
        "confidence": 0.9988,
        "prediction_margin": 0.35,
        "entropy": 0.0093,
        "domain_shift_score": 0.1,
        "prob_intact": 0.1,
        "prob_damaged": 0.85,
        "prob_destroyed": 0.05,
        "coverage_ratio": 1.2,
        "pre_product_id": "SENTINEL2_PRE_20201115",
        "post_product_id": "SENTINEL2_POST_20201127",
        "pre_date": "2020-11-15T00:24:12Z",
        "post_date": "2020-11-27T00:24:13Z",
        "temporal_delta_days": 12,
        "review_status": "AUTOMATIC_CANDIDATE",
        "model_version": "Phase 8.4 Champion",
        "checkpoint_sha256": "f5761006f3526f8ff9aa3a1d6487b7842c964fad99938cddf747cd1a1cba85db"
      }
    },
    {
      "type": "Feature",
      "id": "VERIFIED_TN_CHENNAI_FLOOD_2021_00099",
      "geometry": {
        "type": "Polygon",
        "coordinates": [
          [
            [
              80.1818029776814,
              13.044192864405959
            ],
            [
              80.18207354598039,
              13.044192864405959
            ],
            [
              80.18207354598039,
              13.044445754999172
            ],
            [
              80.1818029776814,
              13.044445754999172
            ],
            [
              80.1818029776814,
              13.044192864405959
            ]
          ]
        ]
      },
      "properties": {
        "building_id": "VERIFIED_TN_CHENNAI_FLOOD_2021_00099",
        "osm_id": "900011589",
        "event_id": "TN_CHENNAI_FLOOD_2021",
        "prediction": "INTACT",
        "damage_prediction": "INTACT",
        "confidence": 0.6627,
        "prediction_margin": 0.35,
        "entropy": 0.8722,
        "domain_shift_score": 0.1,
        "prob_intact": 0.85,
        "prob_damaged": 0.1,
        "prob_destroyed": 0.05,
        "coverage_ratio": 1.2,
        "pre_product_id": "SENTINEL2_PRE_20201115",
        "post_product_id": "SENTINEL2_POST_20201127",
        "pre_date": "2020-11-15T00:24:12Z",
        "post_date": "2020-11-27T00:24:13Z",
        "temporal_delta_days": 12,
        "review_status": "REVIEW",
        "model_version": "Phase 8.4 Champion",
        "checkpoint_sha256": "f5761006f3526f8ff9aa3a1d6487b7842c964fad99938cddf747cd1a1cba85db"
      }
    },
    {
      "type": "Feature",
      "id": "VERIFIED_TN_CHENNAI_FLOOD_2021_00100",
      "geometry": {
        "type": "Polygon",
        "coordinates": [
          [
            [
              80.19884987786088,
              13.049147656618393
            ],
            [
              80.19909746436267,
              13.049147656618393
            ],
            [
              80.19909746436267,
              13.049443797198789
            ],
            [
              80.19884987786088,
              13.049443797198789
            ],
            [
              80.19884987786088,
              13.049147656618393
            ]
          ]
        ]
      },
      "properties": {
        "building_id": "VERIFIED_TN_CHENNAI_FLOOD_2021_00100",
        "osm_id": "900011600",
        "event_id": "TN_CHENNAI_FLOOD_2021",
        "prediction": "DAMAGED",
        "damage_prediction": "DAMAGED",
        "confidence": 0.9994,
        "prediction_margin": 0.35,
        "entropy": 0.0053,
        "domain_shift_score": 0.1,
        "prob_intact": 0.1,
        "prob_damaged": 0.85,
        "prob_destroyed": 0.05,
        "coverage_ratio": 1.2,
        "pre_product_id": "SENTINEL2_PRE_20201115",
        "post_product_id": "SENTINEL2_POST_20201127",
        "pre_date": "2020-11-15T00:24:12Z",
        "post_date": "2020-11-27T00:24:13Z",
        "temporal_delta_days": 12,
        "review_status": "AUTOMATIC_CANDIDATE",
        "model_version": "Phase 8.4 Champion",
        "checkpoint_sha256": "f5761006f3526f8ff9aa3a1d6487b7842c964fad99938cddf747cd1a1cba85db"
      }
    },
    {
      "type": "Feature",
      "id": "VERIFIED_TN_CHENNAI_FLOOD_2021_00101",
      "geometry": {
        "type": "Polygon",
        "coordinates": [
          [
            [
              80.16173093858913,
              13.019559730292565
            ],
            [
              80.16209420447507,
              13.019559730292565
            ],
            [
              80.16209420447507,
              13.019819684502005
            ],
            [
              80.16173093858913,
              13.019819684502005
            ],
            [
              80.16173093858913,
              13.019559730292565
            ]
          ]
        ]
      },
      "properties": {
        "building_id": "VERIFIED_TN_CHENNAI_FLOOD_2021_00101",
        "osm_id": "900011611",
        "event_id": "TN_CHENNAI_FLOOD_2021",
        "prediction": "INTACT",
        "damage_prediction": "INTACT",
        "confidence": 0.5597,
        "prediction_margin": 0.35,
        "entropy": 0.9866,
        "domain_shift_score": 0.1,
        "prob_intact": 0.85,
        "prob_damaged": 0.1,
        "prob_destroyed": 0.05,
        "coverage_ratio": 1.2,
        "pre_product_id": "SENTINEL2_PRE_20201115",
        "post_product_id": "SENTINEL2_POST_20201127",
        "pre_date": "2020-11-15T00:24:12Z",
        "post_date": "2020-11-27T00:24:13Z",
        "temporal_delta_days": 12,
        "review_status": "REVIEW",
        "model_version": "Phase 8.4 Champion",
        "checkpoint_sha256": "f5761006f3526f8ff9aa3a1d6487b7842c964fad99938cddf747cd1a1cba85db"
      }
    },
    {
      "type": "Feature",
      "id": "VERIFIED_TN_CHENNAI_FLOOD_2021_00102",
      "geometry": {
        "type": "Polygon",
        "coordinates": [
          [
            [
              80.20828211786439,
              13.029657890478408
            ],
            [
              80.20856699198025,
              13.029657890478408
            ],
            [
              80.20856699198025,
              13.029945622836369
            ],
            [
              80.20828211786439,
              13.029945622836369
            ],
            [
              80.20828211786439,
              13.029657890478408
            ]
          ]
        ]
      },
      "properties": {
        "building_id": "VERIFIED_TN_CHENNAI_FLOOD_2021_00102",
        "osm_id": "900011622",
        "event_id": "TN_CHENNAI_FLOOD_2021",
        "prediction": "INTACT",
        "damage_prediction": "INTACT",
        "confidence": 0.8582,
        "prediction_margin": 0.35,
        "entropy": 0.505,
        "domain_shift_score": 0.1,
        "prob_intact": 0.85,
        "prob_damaged": 0.1,
        "prob_destroyed": 0.05,
        "coverage_ratio": 1.2,
        "pre_product_id": "SENTINEL2_PRE_20201115",
        "post_product_id": "SENTINEL2_POST_20201127",
        "pre_date": "2020-11-15T00:24:12Z",
        "post_date": "2020-11-27T00:24:13Z",
        "temporal_delta_days": 12,
        "review_status": "AUTOMATIC_CANDIDATE",
        "model_version": "Phase 8.4 Champion",
        "checkpoint_sha256": "f5761006f3526f8ff9aa3a1d6487b7842c964fad99938cddf747cd1a1cba85db"
      }
    },
    {
      "type": "Feature",
      "id": "VERIFIED_TN_CHENNAI_FLOOD_2021_00103",
      "geometry": {
        "type": "Polygon",
        "coordinates": [
          [
            [
              80.16013228692682,
              13.02168295701723
            ],
            [
              80.16047291175002,
              13.02168295701723
            ],
            [
              80.16047291175002,
              13.021897109658216
            ],
            [
              80.16013228692682,
              13.021897109658216
            ],
            [
              80.16013228692682,
              13.02168295701723
            ]
          ]
        ]
      },
      "properties": {
        "building_id": "VERIFIED_TN_CHENNAI_FLOOD_2021_00103",
        "osm_id": "900011633",
        "event_id": "TN_CHENNAI_FLOOD_2021",
        "prediction": "DAMAGED",
        "damage_prediction": "DAMAGED",
        "confidence": 0.9998,
        "prediction_margin": 0.35,
        "entropy": 0.002,
        "domain_shift_score": 0.1,
        "prob_intact": 0.1,
        "prob_damaged": 0.85,
        "prob_destroyed": 0.05,
        "coverage_ratio": 1.2,
        "pre_product_id": "SENTINEL2_PRE_20201115",
        "post_product_id": "SENTINEL2_POST_20201127",
        "pre_date": "2020-11-15T00:24:12Z",
        "post_date": "2020-11-27T00:24:13Z",
        "temporal_delta_days": 12,
        "review_status": "AUTOMATIC_CANDIDATE",
        "model_version": "Phase 8.4 Champion",
        "checkpoint_sha256": "f5761006f3526f8ff9aa3a1d6487b7842c964fad99938cddf747cd1a1cba85db"
      }
    },
    {
      "type": "Feature",
      "id": "VERIFIED_TN_CHENNAI_FLOOD_2021_00104",
      "geometry": {
        "type": "Polygon",
        "coordinates": [
          [
            [
              80.16680310244965,
              12.989862534787722
            ],
            [
              80.1671924809101,
              12.989862534787722
            ],
            [
              80.1671924809101,
              12.990166617344418
            ],
            [
              80.16680310244965,
              12.990166617344418
            ],
            [
              80.16680310244965,
              12.989862534787722
            ]
          ]
        ]
      },
      "properties": {
        "building_id": "VERIFIED_TN_CHENNAI_FLOOD_2021_00104",
        "osm_id": "900011644",
        "event_id": "TN_CHENNAI_FLOOD_2021",
        "prediction": "DESTROYED",
        "damage_prediction": "DESTROYED",
        "confidence": 1.0,
        "prediction_margin": 0.35,
        "entropy": 0.45,
        "domain_shift_score": 0.1,
        "prob_intact": 0.1,
        "prob_damaged": 0.1,
        "prob_destroyed": 0.85,
        "coverage_ratio": 1.2,
        "pre_product_id": "SENTINEL2_PRE_20201115",
        "post_product_id": "SENTINEL2_POST_20201127",
        "pre_date": "2020-11-15T00:24:12Z",
        "post_date": "2020-11-27T00:24:13Z",
        "temporal_delta_days": 12,
        "review_status": "HIGH_RISK_REVIEW",
        "model_version": "Phase 8.4 Champion",
        "checkpoint_sha256": "f5761006f3526f8ff9aa3a1d6487b7842c964fad99938cddf747cd1a1cba85db"
      }
    },
    {
      "type": "Feature",
      "id": "VERIFIED_TN_CHENNAI_FLOOD_2021_00105",
      "geometry": {
        "type": "Polygon",
        "coordinates": [
          [
            [
              80.19655242581997,
              13.026373407953686
            ],
            [
              80.19685220272551,
              13.026373407953686
            ],
            [
              80.19685220272551,
              13.02665518322719
            ],
            [
              80.19655242581997,
              13.02665518322719
            ],
            [
              80.19655242581997,
              13.026373407953686
            ]
          ]
        ]
      },
      "properties": {
        "building_id": "VERIFIED_TN_CHENNAI_FLOOD_2021_00105",
        "osm_id": "900011655",
        "event_id": "TN_CHENNAI_FLOOD_2021",
        "prediction": "DESTROYED",
        "damage_prediction": "DESTROYED",
        "confidence": 1.0,
        "prediction_margin": 0.35,
        "entropy": 0.45,
        "domain_shift_score": 0.1,
        "prob_intact": 0.1,
        "prob_damaged": 0.1,
        "prob_destroyed": 0.85,
        "coverage_ratio": 1.2,
        "pre_product_id": "SENTINEL2_PRE_20201115",
        "post_product_id": "SENTINEL2_POST_20201127",
        "pre_date": "2020-11-15T00:24:12Z",
        "post_date": "2020-11-27T00:24:13Z",
        "temporal_delta_days": 12,
        "review_status": "HIGH_RISK_REVIEW",
        "model_version": "Phase 8.4 Champion",
        "checkpoint_sha256": "f5761006f3526f8ff9aa3a1d6487b7842c964fad99938cddf747cd1a1cba85db"
      }
    },
    {
      "type": "Feature",
      "id": "VERIFIED_TN_CHENNAI_FLOOD_2021_00106",
      "geometry": {
        "type": "Polygon",
        "coordinates": [
          [
            [
              80.17363181044873,
              13.047721843413502
            ],
            [
              80.17391787116925,
              13.047721843413502
            ],
            [
              80.17391787116925,
              13.047936275929079
            ],
            [
              80.17363181044873,
              13.047936275929079
            ],
            [
              80.17363181044873,
              13.047721843413502
            ]
          ]
        ]
      },
      "properties": {
        "building_id": "VERIFIED_TN_CHENNAI_FLOOD_2021_00106",
        "osm_id": "900011666",
        "event_id": "TN_CHENNAI_FLOOD_2021",
        "prediction": "DAMAGED",
        "damage_prediction": "DAMAGED",
        "confidence": 0.9989,
        "prediction_margin": 0.35,
        "entropy": 0.0089,
        "domain_shift_score": 0.1,
        "prob_intact": 0.1,
        "prob_damaged": 0.85,
        "prob_destroyed": 0.05,
        "coverage_ratio": 1.2,
        "pre_product_id": "SENTINEL2_PRE_20201115",
        "post_product_id": "SENTINEL2_POST_20201127",
        "pre_date": "2020-11-15T00:24:12Z",
        "post_date": "2020-11-27T00:24:13Z",
        "temporal_delta_days": 12,
        "review_status": "AUTOMATIC_CANDIDATE",
        "model_version": "Phase 8.4 Champion",
        "checkpoint_sha256": "f5761006f3526f8ff9aa3a1d6487b7842c964fad99938cddf747cd1a1cba85db"
      }
    },
    {
      "type": "Feature",
      "id": "VERIFIED_TN_CHENNAI_FLOOD_2021_00107",
      "geometry": {
        "type": "Polygon",
        "coordinates": [
          [
            [
              80.18856958638075,
              13.012318099385128
            ],
            [
              80.18881313883084,
              13.012318099385128
            ],
            [
              80.18881313883084,
              13.012554546247324
            ],
            [
              80.18856958638075,
              13.012554546247324
            ],
            [
              80.18856958638075,
              13.012318099385128
            ]
          ]
        ]
      },
      "properties": {
        "building_id": "VERIFIED_TN_CHENNAI_FLOOD_2021_00107",
        "osm_id": "900011677",
        "event_id": "TN_CHENNAI_FLOOD_2021",
        "prediction": "INTACT",
        "damage_prediction": "INTACT",
        "confidence": 0.5341,
        "prediction_margin": 0.35,
        "entropy": 0.9913,
        "domain_shift_score": 0.1,
        "prob_intact": 0.85,
        "prob_damaged": 0.1,
        "prob_destroyed": 0.05,
        "coverage_ratio": 1.2,
        "pre_product_id": "SENTINEL2_PRE_20201115",
        "post_product_id": "SENTINEL2_POST_20201127",
        "pre_date": "2020-11-15T00:24:12Z",
        "post_date": "2020-11-27T00:24:13Z",
        "temporal_delta_days": 12,
        "review_status": "REVIEW",
        "model_version": "Phase 8.4 Champion",
        "checkpoint_sha256": "f5761006f3526f8ff9aa3a1d6487b7842c964fad99938cddf747cd1a1cba85db"
      }
    },
    {
      "type": "Feature",
      "id": "VERIFIED_TN_CHENNAI_FLOOD_2021_00108",
      "geometry": {
        "type": "Polygon",
        "coordinates": [
          [
            [
              80.16907022215918,
              13.005028981225657
            ],
            [
              80.16944203043917,
              13.005028981225657
            ],
            [
              80.16944203043917,
              13.005241358836962
            ],
            [
              80.16907022215918,
              13.005241358836962
            ],
            [
              80.16907022215918,
              13.005028981225657
            ]
          ]
        ]
      },
      "properties": {
        "building_id": "VERIFIED_TN_CHENNAI_FLOOD_2021_00108",
        "osm_id": "900011688",
        "event_id": "TN_CHENNAI_FLOOD_2021",
        "prediction": "INTACT",
        "damage_prediction": "INTACT",
        "confidence": 0.7509,
        "prediction_margin": 0.35,
        "entropy": 0.7339,
        "domain_shift_score": 0.1,
        "prob_intact": 0.85,
        "prob_damaged": 0.1,
        "prob_destroyed": 0.05,
        "coverage_ratio": 1.2,
        "pre_product_id": "SENTINEL2_PRE_20201115",
        "post_product_id": "SENTINEL2_POST_20201127",
        "pre_date": "2020-11-15T00:24:12Z",
        "post_date": "2020-11-27T00:24:13Z",
        "temporal_delta_days": 12,
        "review_status": "REVIEW",
        "model_version": "Phase 8.4 Champion",
        "checkpoint_sha256": "f5761006f3526f8ff9aa3a1d6487b7842c964fad99938cddf747cd1a1cba85db"
      }
    },
    {
      "type": "Feature",
      "id": "VERIFIED_TN_CHENNAI_FLOOD_2021_00109",
      "geometry": {
        "type": "Polygon",
        "coordinates": [
          [
            [
              80.19755357617306,
              13.000750877652408
            ],
            [
              80.19785516956868,
              13.000750877652408
            ],
            [
              80.19785516956868,
              13.000999153013776
            ],
            [
              80.19755357617306,
              13.000999153013776
            ],
            [
              80.19755357617306,
              13.000750877652408
            ]
          ]
        ]
      },
      "properties": {
        "building_id": "VERIFIED_TN_CHENNAI_FLOOD_2021_00109",
        "osm_id": "900011699",
        "event_id": "TN_CHENNAI_FLOOD_2021",
        "prediction": "INTACT",
        "damage_prediction": "INTACT",
        "confidence": 0.51,
        "prediction_margin": 0.35,
        "entropy": 1.0301,
        "domain_shift_score": 0.1,
        "prob_intact": 0.85,
        "prob_damaged": 0.1,
        "prob_destroyed": 0.05,
        "coverage_ratio": 1.2,
        "pre_product_id": "SENTINEL2_PRE_20201115",
        "post_product_id": "SENTINEL2_POST_20201127",
        "pre_date": "2020-11-15T00:24:12Z",
        "post_date": "2020-11-27T00:24:13Z",
        "temporal_delta_days": 12,
        "review_status": "REVIEW",
        "model_version": "Phase 8.4 Champion",
        "checkpoint_sha256": "f5761006f3526f8ff9aa3a1d6487b7842c964fad99938cddf747cd1a1cba85db"
      }
    },
    {
      "type": "Feature",
      "id": "VERIFIED_TN_CHENNAI_FLOOD_2021_00110",
      "geometry": {
        "type": "Polygon",
        "coordinates": [
          [
            [
              80.2076086131502,
              12.997476773661813
            ],
            [
              80.20792556380749,
              12.997476773661813
            ],
            [
              80.20792556380749,
              12.997721931079848
            ],
            [
              80.2076086131502,
              12.997721931079848
            ],
            [
              80.2076086131502,
              12.997476773661813
            ]
          ]
        ]
      },
      "properties": {
        "building_id": "VERIFIED_TN_CHENNAI_FLOOD_2021_00110",
        "osm_id": "900011710",
        "event_id": "TN_CHENNAI_FLOOD_2021",
        "prediction": "INTACT",
        "damage_prediction": "INTACT",
        "confidence": 0.8054,
        "prediction_margin": 0.35,
        "entropy": 0.6254,
        "domain_shift_score": 0.1,
        "prob_intact": 0.85,
        "prob_damaged": 0.1,
        "prob_destroyed": 0.05,
        "coverage_ratio": 1.2,
        "pre_product_id": "SENTINEL2_PRE_20201115",
        "post_product_id": "SENTINEL2_POST_20201127",
        "pre_date": "2020-11-15T00:24:12Z",
        "post_date": "2020-11-27T00:24:13Z",
        "temporal_delta_days": 12,
        "review_status": "AUTOMATIC_CANDIDATE",
        "model_version": "Phase 8.4 Champion",
        "checkpoint_sha256": "f5761006f3526f8ff9aa3a1d6487b7842c964fad99938cddf747cd1a1cba85db"
      }
    },
    {
      "type": "Feature",
      "id": "VERIFIED_TN_CHENNAI_FLOOD_2021_00111",
      "geometry": {
        "type": "Polygon",
        "coordinates": [
          [
            [
              80.15300053654948,
              13.030983355223619
            ],
            [
              80.15327170355792,
              13.030983355223619
            ],
            [
              80.15327170355792,
              13.031281279243895
            ],
            [
              80.15300053654948,
              13.031281279243895
            ],
            [
              80.15300053654948,
              13.030983355223619
            ]
          ]
        ]
      },
      "properties": {
        "building_id": "VERIFIED_TN_CHENNAI_FLOOD_2021_00111",
        "osm_id": "900011721",
        "event_id": "TN_CHENNAI_FLOOD_2021",
        "prediction": "INTACT",
        "damage_prediction": "INTACT",
        "confidence": 0.7486,
        "prediction_margin": 0.35,
        "entropy": 0.7346,
        "domain_shift_score": 0.1,
        "prob_intact": 0.85,
        "prob_damaged": 0.1,
        "prob_destroyed": 0.05,
        "coverage_ratio": 1.2,
        "pre_product_id": "SENTINEL2_PRE_20201115",
        "post_product_id": "SENTINEL2_POST_20201127",
        "pre_date": "2020-11-15T00:24:12Z",
        "post_date": "2020-11-27T00:24:13Z",
        "temporal_delta_days": 12,
        "review_status": "REVIEW",
        "model_version": "Phase 8.4 Champion",
        "checkpoint_sha256": "f5761006f3526f8ff9aa3a1d6487b7842c964fad99938cddf747cd1a1cba85db"
      }
    },
    {
      "type": "Feature",
      "id": "VERIFIED_TN_CHENNAI_FLOOD_2021_00112",
      "geometry": {
        "type": "Polygon",
        "coordinates": [
          [
            [
              80.17904044551449,
              13.007792879193046
            ],
            [
              80.1793265498562,
              13.007792879193046
            ],
            [
              80.1793265498562,
              13.008021200144684
            ],
            [
              80.17904044551449,
              13.008021200144684
            ],
            [
              80.17904044551449,
              13.007792879193046
            ]
          ]
        ]
      },
      "properties": {
        "building_id": "VERIFIED_TN_CHENNAI_FLOOD_2021_00112",
        "osm_id": "900011732",
        "event_id": "TN_CHENNAI_FLOOD_2021",
        "prediction": "DESTROYED",
        "damage_prediction": "DESTROYED",
        "confidence": 1.0,
        "prediction_margin": 0.35,
        "entropy": 0.45,
        "domain_shift_score": 0.1,
        "prob_intact": 0.1,
        "prob_damaged": 0.1,
        "prob_destroyed": 0.85,
        "coverage_ratio": 1.2,
        "pre_product_id": "SENTINEL2_PRE_20201115",
        "post_product_id": "SENTINEL2_POST_20201127",
        "pre_date": "2020-11-15T00:24:12Z",
        "post_date": "2020-11-27T00:24:13Z",
        "temporal_delta_days": 12,
        "review_status": "HIGH_RISK_REVIEW",
        "model_version": "Phase 8.4 Champion",
        "checkpoint_sha256": "f5761006f3526f8ff9aa3a1d6487b7842c964fad99938cddf747cd1a1cba85db"
      }
    },
    {
      "type": "Feature",
      "id": "VERIFIED_TN_CHENNAI_FLOOD_2021_00113",
      "geometry": {
        "type": "Polygon",
        "coordinates": [
          [
            [
              80.15228727892836,
              12.995581968861552
            ],
            [
              80.15255174983818,
              12.995581968861552
            ],
            [
              80.15255174983818,
              12.9957902476626
            ],
            [
              80.15228727892836,
              12.9957902476626
            ],
            [
              80.15228727892836,
              12.995581968861552
            ]
          ]
        ]
      },
      "properties": {
        "building_id": "VERIFIED_TN_CHENNAI_FLOOD_2021_00113",
        "osm_id": "900011743",
        "event_id": "TN_CHENNAI_FLOOD_2021",
        "prediction": "DAMAGED",
        "damage_prediction": "DAMAGED",
        "confidence": 0.3866,
        "prediction_margin": 0.35,
        "entropy": 1.0902,
        "domain_shift_score": 0.1,
        "prob_intact": 0.1,
        "prob_damaged": 0.85,
        "prob_destroyed": 0.05,
        "coverage_ratio": 1.2,
        "pre_product_id": "SENTINEL2_PRE_20201115",
        "post_product_id": "SENTINEL2_POST_20201127",
        "pre_date": "2020-11-15T00:24:12Z",
        "post_date": "2020-11-27T00:24:13Z",
        "temporal_delta_days": 12,
        "review_status": "REVIEW",
        "model_version": "Phase 8.4 Champion",
        "checkpoint_sha256": "f5761006f3526f8ff9aa3a1d6487b7842c964fad99938cddf747cd1a1cba85db"
      }
    },
    {
      "type": "Feature",
      "id": "VERIFIED_TN_CHENNAI_FLOOD_2021_00114",
      "geometry": {
        "type": "Polygon",
        "coordinates": [
          [
            [
              80.16713370815154,
              12.998824871146772
            ],
            [
              80.16752348824298,
              12.998824871146772
            ],
            [
              80.16752348824298,
              12.999087290373536
            ],
            [
              80.16713370815154,
              12.999087290373536
            ],
            [
              80.16713370815154,
              12.998824871146772
            ]
          ]
        ]
      },
      "properties": {
        "building_id": "VERIFIED_TN_CHENNAI_FLOOD_2021_00114",
        "osm_id": "900011754",
        "event_id": "TN_CHENNAI_FLOOD_2021",
        "prediction": "INTACT",
        "damage_prediction": "INTACT",
        "confidence": 0.8311,
        "prediction_margin": 0.35,
        "entropy": 0.5704,
        "domain_shift_score": 0.1,
        "prob_intact": 0.85,
        "prob_damaged": 0.1,
        "prob_destroyed": 0.05,
        "coverage_ratio": 1.2,
        "pre_product_id": "SENTINEL2_PRE_20201115",
        "post_product_id": "SENTINEL2_POST_20201127",
        "pre_date": "2020-11-15T00:24:12Z",
        "post_date": "2020-11-27T00:24:13Z",
        "temporal_delta_days": 12,
        "review_status": "AUTOMATIC_CANDIDATE",
        "model_version": "Phase 8.4 Champion",
        "checkpoint_sha256": "f5761006f3526f8ff9aa3a1d6487b7842c964fad99938cddf747cd1a1cba85db"
      }
    },
    {
      "type": "Feature",
      "id": "VERIFIED_TN_CHENNAI_FLOOD_2021_00115",
      "geometry": {
        "type": "Polygon",
        "coordinates": [
          [
            [
              80.20226690487276,
              13.013576748423509
            ],
            [
              80.20254007007635,
              13.013576748423509
            ],
            [
              80.20254007007635,
              13.013822084042376
            ],
            [
              80.20226690487276,
              13.013822084042376
            ],
            [
              80.20226690487276,
              13.013576748423509
            ]
          ]
        ]
      },
      "properties": {
        "building_id": "VERIFIED_TN_CHENNAI_FLOOD_2021_00115",
        "osm_id": "900011765",
        "event_id": "TN_CHENNAI_FLOOD_2021",
        "prediction": "INTACT",
        "damage_prediction": "INTACT",
        "confidence": 0.5305,
        "prediction_margin": 0.35,
        "entropy": 1.01,
        "domain_shift_score": 0.1,
        "prob_intact": 0.85,
        "prob_damaged": 0.1,
        "prob_destroyed": 0.05,
        "coverage_ratio": 1.2,
        "pre_product_id": "SENTINEL2_PRE_20201115",
        "post_product_id": "SENTINEL2_POST_20201127",
        "pre_date": "2020-11-15T00:24:12Z",
        "post_date": "2020-11-27T00:24:13Z",
        "temporal_delta_days": 12,
        "review_status": "REVIEW",
        "model_version": "Phase 8.4 Champion",
        "checkpoint_sha256": "f5761006f3526f8ff9aa3a1d6487b7842c964fad99938cddf747cd1a1cba85db"
      }
    },
    {
      "type": "Feature",
      "id": "VERIFIED_TN_CHENNAI_FLOOD_2021_00116",
      "geometry": {
        "type": "Polygon",
        "coordinates": [
          [
            [
              80.19051296618468,
              13.007263484930842
            ],
            [
              80.1907635089311,
              13.007263484930842
            ],
            [
              80.1907635089311,
              13.007486439629645
            ],
            [
              80.19051296618468,
              13.007486439629645
            ],
            [
              80.19051296618468,
              13.007263484930842
            ]
          ]
        ]
      },
      "properties": {
        "building_id": "VERIFIED_TN_CHENNAI_FLOOD_2021_00116",
        "osm_id": "900011776",
        "event_id": "TN_CHENNAI_FLOOD_2021",
        "prediction": "DAMAGED",
        "damage_prediction": "DAMAGED",
        "confidence": 0.9992,
        "prediction_margin": 0.35,
        "entropy": 0.0064,
        "domain_shift_score": 0.1,
        "prob_intact": 0.1,
        "prob_damaged": 0.85,
        "prob_destroyed": 0.05,
        "coverage_ratio": 1.2,
        "pre_product_id": "SENTINEL2_PRE_20201115",
        "post_product_id": "SENTINEL2_POST_20201127",
        "pre_date": "2020-11-15T00:24:12Z",
        "post_date": "2020-11-27T00:24:13Z",
        "temporal_delta_days": 12,
        "review_status": "AUTOMATIC_CANDIDATE",
        "model_version": "Phase 8.4 Champion",
        "checkpoint_sha256": "f5761006f3526f8ff9aa3a1d6487b7842c964fad99938cddf747cd1a1cba85db"
      }
    },
    {
      "type": "Feature",
      "id": "VERIFIED_TN_CHENNAI_FLOOD_2021_00117",
      "geometry": {
        "type": "Polygon",
        "coordinates": [
          [
            [
              80.20607654825673,
              13.012527497128383
            ],
            [
              80.20635736221232,
              13.012527497128383
            ],
            [
              80.20635736221232,
              13.012742741157501
            ],
            [
              80.20607654825673,
              13.012742741157501
            ],
            [
              80.20607654825673,
              13.012527497128383
            ]
          ]
        ]
      },
      "properties": {
        "building_id": "VERIFIED_TN_CHENNAI_FLOOD_2021_00117",
        "osm_id": "900011787",
        "event_id": "TN_CHENNAI_FLOOD_2021",
        "prediction": "DAMAGED",
        "damage_prediction": "DAMAGED",
        "confidence": 0.9992,
        "prediction_margin": 0.35,
        "entropy": 0.0063,
        "domain_shift_score": 0.1,
        "prob_intact": 0.1,
        "prob_damaged": 0.85,
        "prob_destroyed": 0.05,
        "coverage_ratio": 1.2,
        "pre_product_id": "SENTINEL2_PRE_20201115",
        "post_product_id": "SENTINEL2_POST_20201127",
        "pre_date": "2020-11-15T00:24:12Z",
        "post_date": "2020-11-27T00:24:13Z",
        "temporal_delta_days": 12,
        "review_status": "AUTOMATIC_CANDIDATE",
        "model_version": "Phase 8.4 Champion",
        "checkpoint_sha256": "f5761006f3526f8ff9aa3a1d6487b7842c964fad99938cddf747cd1a1cba85db"
      }
    },
    {
      "type": "Feature",
      "id": "VERIFIED_TN_CHENNAI_FLOOD_2021_00118",
      "geometry": {
        "type": "Polygon",
        "coordinates": [
          [
            [
              80.1681439491679,
              12.999358711323557
            ],
            [
              80.16850567065725,
              12.999358711323557
            ],
            [
              80.16850567065725,
              12.99956061189207
            ],
            [
              80.1681439491679,
              12.99956061189207
            ],
            [
              80.1681439491679,
              12.999358711323557
            ]
          ]
        ]
      },
      "properties": {
        "building_id": "VERIFIED_TN_CHENNAI_FLOOD_2021_00118",
        "osm_id": "900011798",
        "event_id": "TN_CHENNAI_FLOOD_2021",
        "prediction": "DAMAGED",
        "damage_prediction": "DAMAGED",
        "confidence": 0.9992,
        "prediction_margin": 0.35,
        "entropy": 0.0065,
        "domain_shift_score": 0.1,
        "prob_intact": 0.1,
        "prob_damaged": 0.85,
        "prob_destroyed": 0.05,
        "coverage_ratio": 1.2,
        "pre_product_id": "SENTINEL2_PRE_20201115",
        "post_product_id": "SENTINEL2_POST_20201127",
        "pre_date": "2020-11-15T00:24:12Z",
        "post_date": "2020-11-27T00:24:13Z",
        "temporal_delta_days": 12,
        "review_status": "AUTOMATIC_CANDIDATE",
        "model_version": "Phase 8.4 Champion",
        "checkpoint_sha256": "f5761006f3526f8ff9aa3a1d6487b7842c964fad99938cddf747cd1a1cba85db"
      }
    },
    {
      "type": "Feature",
      "id": "VERIFIED_TN_CHENNAI_FLOOD_2021_00119",
      "geometry": {
        "type": "Polygon",
        "coordinates": [
          [
            [
              80.17262261342006,
              13.020275293462902
            ],
            [
              80.17291275225116,
              13.020275293462902
            ],
            [
              80.17291275225116,
              13.020510706526125
            ],
            [
              80.17262261342006,
              13.020510706526125
            ],
            [
              80.17262261342006,
              13.020275293462902
            ]
          ]
        ]
      },
      "properties": {
        "building_id": "VERIFIED_TN_CHENNAI_FLOOD_2021_00119",
        "osm_id": "900011809",
        "event_id": "TN_CHENNAI_FLOOD_2021",
        "prediction": "INTACT",
        "damage_prediction": "INTACT",
        "confidence": 0.7793,
        "prediction_margin": 0.35,
        "entropy": 0.6784,
        "domain_shift_score": 0.1,
        "prob_intact": 0.85,
        "prob_damaged": 0.1,
        "prob_destroyed": 0.05,
        "coverage_ratio": 1.2,
        "pre_product_id": "SENTINEL2_PRE_20201115",
        "post_product_id": "SENTINEL2_POST_20201127",
        "pre_date": "2020-11-15T00:24:12Z",
        "post_date": "2020-11-27T00:24:13Z",
        "temporal_delta_days": 12,
        "review_status": "REVIEW",
        "model_version": "Phase 8.4 Champion",
        "checkpoint_sha256": "f5761006f3526f8ff9aa3a1d6487b7842c964fad99938cddf747cd1a1cba85db"
      }
    },
    {
      "type": "Feature",
      "id": "VERIFIED_TN_CHENNAI_FLOOD_2021_00120",
      "geometry": {
        "type": "Polygon",
        "coordinates": [
          [
            [
              80.20208479562277,
              13.001433904219692
            ],
            [
              80.20246844295178,
              13.001433904219692
            ],
            [
              80.20246844295178,
              13.00167589167533
            ],
            [
              80.20208479562277,
              13.00167589167533
            ],
            [
              80.20208479562277,
              13.001433904219692
            ]
          ]
        ]
      },
      "properties": {
        "building_id": "VERIFIED_TN_CHENNAI_FLOOD_2021_00120",
        "osm_id": "900011820",
        "event_id": "TN_CHENNAI_FLOOD_2021",
        "prediction": "DAMAGED",
        "damage_prediction": "DAMAGED",
        "confidence": 0.999,
        "prediction_margin": 0.35,
        "entropy": 0.0078,
        "domain_shift_score": 0.1,
        "prob_intact": 0.1,
        "prob_damaged": 0.85,
        "prob_destroyed": 0.05,
        "coverage_ratio": 1.2,
        "pre_product_id": "SENTINEL2_PRE_20201115",
        "post_product_id": "SENTINEL2_POST_20201127",
        "pre_date": "2020-11-15T00:24:12Z",
        "post_date": "2020-11-27T00:24:13Z",
        "temporal_delta_days": 12,
        "review_status": "AUTOMATIC_CANDIDATE",
        "model_version": "Phase 8.4 Champion",
        "checkpoint_sha256": "f5761006f3526f8ff9aa3a1d6487b7842c964fad99938cddf747cd1a1cba85db"
      }
    },
    {
      "type": "Feature",
      "id": "VERIFIED_TN_CHENNAI_FLOOD_2021_00121",
      "geometry": {
        "type": "Polygon",
        "coordinates": [
          [
            [
              80.17141057740307,
              12.997435960567211
            ],
            [
              80.17173459993936,
              12.997435960567211
            ],
            [
              80.17173459993936,
              12.997660319794315
            ],
            [
              80.17141057740307,
              12.997660319794315
            ],
            [
              80.17141057740307,
              12.997435960567211
            ]
          ]
        ]
      },
      "properties": {
        "building_id": "VERIFIED_TN_CHENNAI_FLOOD_2021_00121",
        "osm_id": "900011831",
        "event_id": "TN_CHENNAI_FLOOD_2021",
        "prediction": "INTACT",
        "damage_prediction": "INTACT",
        "confidence": 0.6549,
        "prediction_margin": 0.35,
        "entropy": 0.8823,
        "domain_shift_score": 0.1,
        "prob_intact": 0.85,
        "prob_damaged": 0.1,
        "prob_destroyed": 0.05,
        "coverage_ratio": 1.2,
        "pre_product_id": "SENTINEL2_PRE_20201115",
        "post_product_id": "SENTINEL2_POST_20201127",
        "pre_date": "2020-11-15T00:24:12Z",
        "post_date": "2020-11-27T00:24:13Z",
        "temporal_delta_days": 12,
        "review_status": "REVIEW",
        "model_version": "Phase 8.4 Champion",
        "checkpoint_sha256": "f5761006f3526f8ff9aa3a1d6487b7842c964fad99938cddf747cd1a1cba85db"
      }
    },
    {
      "type": "Feature",
      "id": "VERIFIED_TN_CHENNAI_FLOOD_2021_00122",
      "geometry": {
        "type": "Polygon",
        "coordinates": [
          [
            [
              80.19765300852116,
              13.025283401888515
            ],
            [
              80.19798069196072,
              13.025283401888515
            ],
            [
              80.19798069196072,
              13.025567730484429
            ],
            [
              80.19765300852116,
              13.025567730484429
            ],
            [
              80.19765300852116,
              13.025283401888515
            ]
          ]
        ]
      },
      "properties": {
        "building_id": "VERIFIED_TN_CHENNAI_FLOOD_2021_00122",
        "osm_id": "900011842",
        "event_id": "TN_CHENNAI_FLOOD_2021",
        "prediction": "DESTROYED",
        "damage_prediction": "DESTROYED",
        "confidence": 1.0,
        "prediction_margin": 0.35,
        "entropy": 0.45,
        "domain_shift_score": 0.1,
        "prob_intact": 0.1,
        "prob_damaged": 0.1,
        "prob_destroyed": 0.85,
        "coverage_ratio": 1.2,
        "pre_product_id": "SENTINEL2_PRE_20201115",
        "post_product_id": "SENTINEL2_POST_20201127",
        "pre_date": "2020-11-15T00:24:12Z",
        "post_date": "2020-11-27T00:24:13Z",
        "temporal_delta_days": 12,
        "review_status": "HIGH_RISK_REVIEW",
        "model_version": "Phase 8.4 Champion",
        "checkpoint_sha256": "f5761006f3526f8ff9aa3a1d6487b7842c964fad99938cddf747cd1a1cba85db"
      }
    },
    {
      "type": "Feature",
      "id": "VERIFIED_TN_CHENNAI_FLOOD_2021_00123",
      "geometry": {
        "type": "Polygon",
        "coordinates": [
          [
            [
              80.18757286737038,
              12.99905802425947
            ],
            [
              80.18792124206574,
              12.99905802425947
            ],
            [
              80.18792124206574,
              12.999260955485424
            ],
            [
              80.18757286737038,
              12.999260955485424
            ],
            [
              80.18757286737038,
              12.99905802425947
            ]
          ]
        ]
      },
      "properties": {
        "building_id": "VERIFIED_TN_CHENNAI_FLOOD_2021_00123",
        "osm_id": "900011853",
        "event_id": "TN_CHENNAI_FLOOD_2021",
        "prediction": "INTACT",
        "damage_prediction": "INTACT",
        "confidence": 0.7976,
        "prediction_margin": 0.35,
        "entropy": 0.6418,
        "domain_shift_score": 0.1,
        "prob_intact": 0.85,
        "prob_damaged": 0.1,
        "prob_destroyed": 0.05,
        "coverage_ratio": 1.2,
        "pre_product_id": "SENTINEL2_PRE_20201115",
        "post_product_id": "SENTINEL2_POST_20201127",
        "pre_date": "2020-11-15T00:24:12Z",
        "post_date": "2020-11-27T00:24:13Z",
        "temporal_delta_days": 12,
        "review_status": "REVIEW",
        "model_version": "Phase 8.4 Champion",
        "checkpoint_sha256": "f5761006f3526f8ff9aa3a1d6487b7842c964fad99938cddf747cd1a1cba85db"
      }
    },
    {
      "type": "Feature",
      "id": "VERIFIED_TN_CHENNAI_FLOOD_2021_00124",
      "geometry": {
        "type": "Polygon",
        "coordinates": [
          [
            [
              80.16980974506392,
              13.03000993149751
            ],
            [
              80.17014428457158,
              13.03000993149751
            ],
            [
              80.17014428457158,
              13.030319516212927
            ],
            [
              80.16980974506392,
              13.030319516212927
            ],
            [
              80.16980974506392,
              13.03000993149751
            ]
          ]
        ]
      },
      "properties": {
        "building_id": "VERIFIED_TN_CHENNAI_FLOOD_2021_00124",
        "osm_id": "900011864",
        "event_id": "TN_CHENNAI_FLOOD_2021",
        "prediction": "DAMAGED",
        "damage_prediction": "DAMAGED",
        "confidence": 0.4426,
        "prediction_margin": 0.35,
        "entropy": 1.0618,
        "domain_shift_score": 0.1,
        "prob_intact": 0.1,
        "prob_damaged": 0.85,
        "prob_destroyed": 0.05,
        "coverage_ratio": 1.2,
        "pre_product_id": "SENTINEL2_PRE_20201115",
        "post_product_id": "SENTINEL2_POST_20201127",
        "pre_date": "2020-11-15T00:24:12Z",
        "post_date": "2020-11-27T00:24:13Z",
        "temporal_delta_days": 12,
        "review_status": "REVIEW",
        "model_version": "Phase 8.4 Champion",
        "checkpoint_sha256": "f5761006f3526f8ff9aa3a1d6487b7842c964fad99938cddf747cd1a1cba85db"
      }
    },
    {
      "type": "Feature",
      "id": "VERIFIED_TN_CHENNAI_FLOOD_2021_00125",
      "geometry": {
        "type": "Polygon",
        "coordinates": [
          [
            [
              80.20511764487088,
              13.048585587652097
            ],
            [
              80.20545728347511,
              13.048585587652097
            ],
            [
              80.20545728347511,
              13.048835128379826
            ],
            [
              80.20511764487088,
              13.048835128379826
            ],
            [
              80.20511764487088,
              13.048585587652097
            ]
          ]
        ]
      },
      "properties": {
        "building_id": "VERIFIED_TN_CHENNAI_FLOOD_2021_00125",
        "osm_id": "900011875",
        "event_id": "TN_CHENNAI_FLOOD_2021",
        "prediction": "INTACT",
        "damage_prediction": "INTACT",
        "confidence": 0.5133,
        "prediction_margin": 0.35,
        "entropy": 1.0243,
        "domain_shift_score": 0.1,
        "prob_intact": 0.85,
        "prob_damaged": 0.1,
        "prob_destroyed": 0.05,
        "coverage_ratio": 1.2,
        "pre_product_id": "SENTINEL2_PRE_20201115",
        "post_product_id": "SENTINEL2_POST_20201127",
        "pre_date": "2020-11-15T00:24:12Z",
        "post_date": "2020-11-27T00:24:13Z",
        "temporal_delta_days": 12,
        "review_status": "REVIEW",
        "model_version": "Phase 8.4 Champion",
        "checkpoint_sha256": "f5761006f3526f8ff9aa3a1d6487b7842c964fad99938cddf747cd1a1cba85db"
      }
    },
    {
      "type": "Feature",
      "id": "VERIFIED_TN_CHENNAI_FLOOD_2021_00126",
      "geometry": {
        "type": "Polygon",
        "coordinates": [
          [
            [
              80.16492539912836,
              13.048756633373735
            ],
            [
              80.16529236511273,
              13.048756633373735
            ],
            [
              80.16529236511273,
              13.048966905320075
            ],
            [
              80.16492539912836,
              13.048966905320075
            ],
            [
              80.16492539912836,
              13.048756633373735
            ]
          ]
        ]
      },
      "properties": {
        "building_id": "VERIFIED_TN_CHENNAI_FLOOD_2021_00126",
        "osm_id": "900011886",
        "event_id": "TN_CHENNAI_FLOOD_2021",
        "prediction": "DAMAGED",
        "damage_prediction": "DAMAGED",
        "confidence": 0.9983,
        "prediction_margin": 0.35,
        "entropy": 0.0123,
        "domain_shift_score": 0.1,
        "prob_intact": 0.1,
        "prob_damaged": 0.85,
        "prob_destroyed": 0.05,
        "coverage_ratio": 1.2,
        "pre_product_id": "SENTINEL2_PRE_20201115",
        "post_product_id": "SENTINEL2_POST_20201127",
        "pre_date": "2020-11-15T00:24:12Z",
        "post_date": "2020-11-27T00:24:13Z",
        "temporal_delta_days": 12,
        "review_status": "AUTOMATIC_CANDIDATE",
        "model_version": "Phase 8.4 Champion",
        "checkpoint_sha256": "f5761006f3526f8ff9aa3a1d6487b7842c964fad99938cddf747cd1a1cba85db"
      }
    },
    {
      "type": "Feature",
      "id": "VERIFIED_TN_CHENNAI_FLOOD_2021_00127",
      "geometry": {
        "type": "Polygon",
        "coordinates": [
          [
            [
              80.19538310446056,
              12.991179764192015
            ],
            [
              80.19562533630356,
              12.991179764192015
            ],
            [
              80.19562533630356,
              12.991458618452704
            ],
            [
              80.19538310446056,
              12.991458618452704
            ],
            [
              80.19538310446056,
              12.991179764192015
            ]
          ]
        ]
      },
      "properties": {
        "building_id": "VERIFIED_TN_CHENNAI_FLOOD_2021_00127",
        "osm_id": "900011897",
        "event_id": "TN_CHENNAI_FLOOD_2021",
        "prediction": "INTACT",
        "damage_prediction": "INTACT",
        "confidence": 0.7238,
        "prediction_margin": 0.35,
        "entropy": 0.7752,
        "domain_shift_score": 0.1,
        "prob_intact": 0.85,
        "prob_damaged": 0.1,
        "prob_destroyed": 0.05,
        "coverage_ratio": 1.2,
        "pre_product_id": "SENTINEL2_PRE_20201115",
        "post_product_id": "SENTINEL2_POST_20201127",
        "pre_date": "2020-11-15T00:24:12Z",
        "post_date": "2020-11-27T00:24:13Z",
        "temporal_delta_days": 12,
        "review_status": "REVIEW",
        "model_version": "Phase 8.4 Champion",
        "checkpoint_sha256": "f5761006f3526f8ff9aa3a1d6487b7842c964fad99938cddf747cd1a1cba85db"
      }
    },
    {
      "type": "Feature",
      "id": "VERIFIED_TN_CHENNAI_FLOOD_2021_00128",
      "geometry": {
        "type": "Polygon",
        "coordinates": [
          [
            [
              80.1865610541673,
              13.031657705667282
            ],
            [
              80.186818328159,
              13.031657705667282
            ],
            [
              80.186818328159,
              13.03186606317141
            ],
            [
              80.1865610541673,
              13.03186606317141
            ],
            [
              80.1865610541673,
              13.031657705667282
            ]
          ]
        ]
      },
      "properties": {
        "building_id": "VERIFIED_TN_CHENNAI_FLOOD_2021_00128",
        "osm_id": "900011908",
        "event_id": "TN_CHENNAI_FLOOD_2021",
        "prediction": "DESTROYED",
        "damage_prediction": "DESTROYED",
        "confidence": 1.0,
        "prediction_margin": 0.35,
        "entropy": 0.45,
        "domain_shift_score": 0.1,
        "prob_intact": 0.1,
        "prob_damaged": 0.1,
        "prob_destroyed": 0.85,
        "coverage_ratio": 1.2,
        "pre_product_id": "SENTINEL2_PRE_20201115",
        "post_product_id": "SENTINEL2_POST_20201127",
        "pre_date": "2020-11-15T00:24:12Z",
        "post_date": "2020-11-27T00:24:13Z",
        "temporal_delta_days": 12,
        "review_status": "HIGH_RISK_REVIEW",
        "model_version": "Phase 8.4 Champion",
        "checkpoint_sha256": "f5761006f3526f8ff9aa3a1d6487b7842c964fad99938cddf747cd1a1cba85db"
      }
    },
    {
      "type": "Feature",
      "id": "VERIFIED_TN_CHENNAI_FLOOD_2021_00129",
      "geometry": {
        "type": "Polygon",
        "coordinates": [
          [
            [
              80.18108552556085,
              13.034408175316573
            ],
            [
              80.18139311688726,
              13.034408175316573
            ],
            [
              80.18139311688726,
              13.034655945777962
            ],
            [
              80.18108552556085,
              13.034655945777962
            ],
            [
              80.18108552556085,
              13.034408175316573
            ]
          ]
        ]
      },
      "properties": {
        "building_id": "VERIFIED_TN_CHENNAI_FLOOD_2021_00129",
        "osm_id": "900011919",
        "event_id": "TN_CHENNAI_FLOOD_2021",
        "prediction": "INTACT",
        "damage_prediction": "INTACT",
        "confidence": 0.801,
        "prediction_margin": 0.35,
        "entropy": 0.6359,
        "domain_shift_score": 0.1,
        "prob_intact": 0.85,
        "prob_damaged": 0.1,
        "prob_destroyed": 0.05,
        "coverage_ratio": 1.2,
        "pre_product_id": "SENTINEL2_PRE_20201115",
        "post_product_id": "SENTINEL2_POST_20201127",
        "pre_date": "2020-11-15T00:24:12Z",
        "post_date": "2020-11-27T00:24:13Z",
        "temporal_delta_days": 12,
        "review_status": "AUTOMATIC_CANDIDATE",
        "model_version": "Phase 8.4 Champion",
        "checkpoint_sha256": "f5761006f3526f8ff9aa3a1d6487b7842c964fad99938cddf747cd1a1cba85db"
      }
    },
    {
      "type": "Feature",
      "id": "VERIFIED_TN_CHENNAI_FLOOD_2021_00130",
      "geometry": {
        "type": "Polygon",
        "coordinates": [
          [
            [
              80.16998708185645,
              13.048425941727166
            ],
            [
              80.17027978234717,
              13.048425941727166
            ],
            [
              80.17027978234717,
              13.048696477175772
            ],
            [
              80.16998708185645,
              13.048696477175772
            ],
            [
              80.16998708185645,
              13.048425941727166
            ]
          ]
        ]
      },
      "properties": {
        "building_id": "VERIFIED_TN_CHENNAI_FLOOD_2021_00130",
        "osm_id": "900011930",
        "event_id": "TN_CHENNAI_FLOOD_2021",
        "prediction": "INTACT",
        "damage_prediction": "INTACT",
        "confidence": 0.4939,
        "prediction_margin": 0.35,
        "entropy": 1.041,
        "domain_shift_score": 0.1,
        "prob_intact": 0.85,
        "prob_damaged": 0.1,
        "prob_destroyed": 0.05,
        "coverage_ratio": 1.2,
        "pre_product_id": "SENTINEL2_PRE_20201115",
        "post_product_id": "SENTINEL2_POST_20201127",
        "pre_date": "2020-11-15T00:24:12Z",
        "post_date": "2020-11-27T00:24:13Z",
        "temporal_delta_days": 12,
        "review_status": "REVIEW",
        "model_version": "Phase 8.4 Champion",
        "checkpoint_sha256": "f5761006f3526f8ff9aa3a1d6487b7842c964fad99938cddf747cd1a1cba85db"
      }
    },
    {
      "type": "Feature",
      "id": "VERIFIED_TN_CHENNAI_FLOOD_2021_00131",
      "geometry": {
        "type": "Polygon",
        "coordinates": [
          [
            [
              80.17631562878731,
              12.990919305462468
            ],
            [
              80.17663729162271,
              12.990919305462468
            ],
            [
              80.17663729162271,
              12.991235638187549
            ],
            [
              80.17631562878731,
              12.991235638187549
            ],
            [
              80.17631562878731,
              12.990919305462468
            ]
          ]
        ]
      },
      "properties": {
        "building_id": "VERIFIED_TN_CHENNAI_FLOOD_2021_00131",
        "osm_id": "900011941",
        "event_id": "TN_CHENNAI_FLOOD_2021",
        "prediction": "INTACT",
        "damage_prediction": "INTACT",
        "confidence": 0.4343,
        "prediction_margin": 0.35,
        "entropy": 1.074,
        "domain_shift_score": 0.1,
        "prob_intact": 0.85,
        "prob_damaged": 0.1,
        "prob_destroyed": 0.05,
        "coverage_ratio": 1.2,
        "pre_product_id": "SENTINEL2_PRE_20201115",
        "post_product_id": "SENTINEL2_POST_20201127",
        "pre_date": "2020-11-15T00:24:12Z",
        "post_date": "2020-11-27T00:24:13Z",
        "temporal_delta_days": 12,
        "review_status": "REVIEW",
        "model_version": "Phase 8.4 Champion",
        "checkpoint_sha256": "f5761006f3526f8ff9aa3a1d6487b7842c964fad99938cddf747cd1a1cba85db"
      }
    },
    {
      "type": "Feature",
      "id": "VERIFIED_TN_CHENNAI_FLOOD_2021_00132",
      "geometry": {
        "type": "Polygon",
        "coordinates": [
          [
            [
              80.15406765630553,
              13.00122459087234
            ],
            [
              80.15444228666712,
              13.00122459087234
            ],
            [
              80.15444228666712,
              13.001498714222684
            ],
            [
              80.15406765630553,
              13.001498714222684
            ],
            [
              80.15406765630553,
              13.00122459087234
            ]
          ]
        ]
      },
      "properties": {
        "building_id": "VERIFIED_TN_CHENNAI_FLOOD_2021_00132",
        "osm_id": "900011952",
        "event_id": "TN_CHENNAI_FLOOD_2021",
        "prediction": "INTACT",
        "damage_prediction": "INTACT",
        "confidence": 0.6095,
        "prediction_margin": 0.35,
        "entropy": 0.9396,
        "domain_shift_score": 0.1,
        "prob_intact": 0.85,
        "prob_damaged": 0.1,
        "prob_destroyed": 0.05,
        "coverage_ratio": 1.2,
        "pre_product_id": "SENTINEL2_PRE_20201115",
        "post_product_id": "SENTINEL2_POST_20201127",
        "pre_date": "2020-11-15T00:24:12Z",
        "post_date": "2020-11-27T00:24:13Z",
        "temporal_delta_days": 12,
        "review_status": "REVIEW",
        "model_version": "Phase 8.4 Champion",
        "checkpoint_sha256": "f5761006f3526f8ff9aa3a1d6487b7842c964fad99938cddf747cd1a1cba85db"
      }
    },
    {
      "type": "Feature",
      "id": "VERIFIED_TN_CHENNAI_FLOOD_2021_00133",
      "geometry": {
        "type": "Polygon",
        "coordinates": [
          [
            [
              80.15155952421149,
              13.039569294971692
            ],
            [
              80.15184096983454,
              13.039569294971692
            ],
            [
              80.15184096983454,
              13.039854336178088
            ],
            [
              80.15155952421149,
              13.039854336178088
            ],
            [
              80.15155952421149,
              13.039569294971692
            ]
          ]
        ]
      },
      "properties": {
        "building_id": "VERIFIED_TN_CHENNAI_FLOOD_2021_00133",
        "osm_id": "900011963",
        "event_id": "TN_CHENNAI_FLOOD_2021",
        "prediction": "INTACT",
        "damage_prediction": "INTACT",
        "confidence": 0.7061,
        "prediction_margin": 0.35,
        "entropy": 0.8086,
        "domain_shift_score": 0.1,
        "prob_intact": 0.85,
        "prob_damaged": 0.1,
        "prob_destroyed": 0.05,
        "coverage_ratio": 1.2,
        "pre_product_id": "SENTINEL2_PRE_20201115",
        "post_product_id": "SENTINEL2_POST_20201127",
        "pre_date": "2020-11-15T00:24:12Z",
        "post_date": "2020-11-27T00:24:13Z",
        "temporal_delta_days": 12,
        "review_status": "REVIEW",
        "model_version": "Phase 8.4 Champion",
        "checkpoint_sha256": "f5761006f3526f8ff9aa3a1d6487b7842c964fad99938cddf747cd1a1cba85db"
      }
    },
    {
      "type": "Feature",
      "id": "VERIFIED_TN_CHENNAI_FLOOD_2021_00134",
      "geometry": {
        "type": "Polygon",
        "coordinates": [
          [
            [
              80.15227278982336,
              13.00194308558559
            ],
            [
              80.15256682950285,
              13.00194308558559
            ],
            [
              80.15256682950285,
              13.002193299525253
            ],
            [
              80.15227278982336,
              13.002193299525253
            ],
            [
              80.15227278982336,
              13.00194308558559
            ]
          ]
        ]
      },
      "properties": {
        "building_id": "VERIFIED_TN_CHENNAI_FLOOD_2021_00134",
        "osm_id": "900011974",
        "event_id": "TN_CHENNAI_FLOOD_2021",
        "prediction": "INTACT",
        "damage_prediction": "INTACT",
        "confidence": 0.6443,
        "prediction_margin": 0.35,
        "entropy": 0.8973,
        "domain_shift_score": 0.1,
        "prob_intact": 0.85,
        "prob_damaged": 0.1,
        "prob_destroyed": 0.05,
        "coverage_ratio": 1.2,
        "pre_product_id": "SENTINEL2_PRE_20201115",
        "post_product_id": "SENTINEL2_POST_20201127",
        "pre_date": "2020-11-15T00:24:12Z",
        "post_date": "2020-11-27T00:24:13Z",
        "temporal_delta_days": 12,
        "review_status": "REVIEW",
        "model_version": "Phase 8.4 Champion",
        "checkpoint_sha256": "f5761006f3526f8ff9aa3a1d6487b7842c964fad99938cddf747cd1a1cba85db"
      }
    },
    {
      "type": "Feature",
      "id": "VERIFIED_TN_CHENNAI_FLOOD_2021_00135",
      "geometry": {
        "type": "Polygon",
        "coordinates": [
          [
            [
              80.17843682440072,
              13.006116731668126
            ],
            [
              80.17877364066028,
              13.006116731668126
            ],
            [
              80.17877364066028,
              13.006364221047708
            ],
            [
              80.17843682440072,
              13.006364221047708
            ],
            [
              80.17843682440072,
              13.006116731668126
            ]
          ]
        ]
      },
      "properties": {
        "building_id": "VERIFIED_TN_CHENNAI_FLOOD_2021_00135",
        "osm_id": "900011985",
        "event_id": "TN_CHENNAI_FLOOD_2021",
        "prediction": "DAMAGED",
        "damage_prediction": "DAMAGED",
        "confidence": 0.9992,
        "prediction_margin": 0.35,
        "entropy": 0.0067,
        "domain_shift_score": 0.1,
        "prob_intact": 0.1,
        "prob_damaged": 0.85,
        "prob_destroyed": 0.05,
        "coverage_ratio": 1.2,
        "pre_product_id": "SENTINEL2_PRE_20201115",
        "post_product_id": "SENTINEL2_POST_20201127",
        "pre_date": "2020-11-15T00:24:12Z",
        "post_date": "2020-11-27T00:24:13Z",
        "temporal_delta_days": 12,
        "review_status": "AUTOMATIC_CANDIDATE",
        "model_version": "Phase 8.4 Champion",
        "checkpoint_sha256": "f5761006f3526f8ff9aa3a1d6487b7842c964fad99938cddf747cd1a1cba85db"
      }
    },
    {
      "type": "Feature",
      "id": "VERIFIED_TN_CHENNAI_FLOOD_2021_00136",
      "geometry": {
        "type": "Polygon",
        "coordinates": [
          [
            [
              80.20185686394626,
              13.034696742592763
            ],
            [
              80.20217606119343,
              13.034696742592763
            ],
            [
              80.20217606119343,
              13.034912454343017
            ],
            [
              80.20185686394626,
              13.034912454343017
            ],
            [
              80.20185686394626,
              13.034696742592763
            ]
          ]
        ]
      },
      "properties": {
        "building_id": "VERIFIED_TN_CHENNAI_FLOOD_2021_00136",
        "osm_id": "900011996",
        "event_id": "TN_CHENNAI_FLOOD_2021",
        "prediction": "DAMAGED",
        "damage_prediction": "DAMAGED",
        "confidence": 0.4668,
        "prediction_margin": 0.35,
        "entropy": 1.0311,
        "domain_shift_score": 0.1,
        "prob_intact": 0.1,
        "prob_damaged": 0.85,
        "prob_destroyed": 0.05,
        "coverage_ratio": 1.2,
        "pre_product_id": "SENTINEL2_PRE_20201115",
        "post_product_id": "SENTINEL2_POST_20201127",
        "pre_date": "2020-11-15T00:24:12Z",
        "post_date": "2020-11-27T00:24:13Z",
        "temporal_delta_days": 12,
        "review_status": "REVIEW",
        "model_version": "Phase 8.4 Champion",
        "checkpoint_sha256": "f5761006f3526f8ff9aa3a1d6487b7842c964fad99938cddf747cd1a1cba85db"
      }
    },
    {
      "type": "Feature",
      "id": "VERIFIED_TN_CHENNAI_FLOOD_2021_00137",
      "geometry": {
        "type": "Polygon",
        "coordinates": [
          [
            [
              80.16217840212404,
              13.01636622370704
            ],
            [
              80.16255045146842,
              13.01636622370704
            ],
            [
              80.16255045146842,
              13.016581336583966
            ],
            [
              80.16217840212404,
              13.016581336583966
            ],
            [
              80.16217840212404,
              13.01636622370704
            ]
          ]
        ]
      },
      "properties": {
        "building_id": "VERIFIED_TN_CHENNAI_FLOOD_2021_00137",
        "osm_id": "900012007",
        "event_id": "TN_CHENNAI_FLOOD_2021",
        "prediction": "DESTROYED",
        "damage_prediction": "DESTROYED",
        "confidence": 1.0,
        "prediction_margin": 0.35,
        "entropy": 0.45,
        "domain_shift_score": 0.1,
        "prob_intact": 0.1,
        "prob_damaged": 0.1,
        "prob_destroyed": 0.85,
        "coverage_ratio": 1.2,
        "pre_product_id": "SENTINEL2_PRE_20201115",
        "post_product_id": "SENTINEL2_POST_20201127",
        "pre_date": "2020-11-15T00:24:12Z",
        "post_date": "2020-11-27T00:24:13Z",
        "temporal_delta_days": 12,
        "review_status": "HIGH_RISK_REVIEW",
        "model_version": "Phase 8.4 Champion",
        "checkpoint_sha256": "f5761006f3526f8ff9aa3a1d6487b7842c964fad99938cddf747cd1a1cba85db"
      }
    },
    {
      "type": "Feature",
      "id": "VERIFIED_TN_CHENNAI_FLOOD_2021_00138",
      "geometry": {
        "type": "Polygon",
        "coordinates": [
          [
            [
              80.20168428052979,
              13.017726781327815
            ],
            [
              80.2020233917416,
              13.017726781327815
            ],
            [
              80.2020233917416,
              13.018023150404895
            ],
            [
              80.20168428052979,
              13.018023150404895
            ],
            [
              80.20168428052979,
              13.017726781327815
            ]
          ]
        ]
      },
      "properties": {
        "building_id": "VERIFIED_TN_CHENNAI_FLOOD_2021_00138",
        "osm_id": "900012018",
        "event_id": "TN_CHENNAI_FLOOD_2021",
        "prediction": "DAMAGED",
        "damage_prediction": "DAMAGED",
        "confidence": 0.9956,
        "prediction_margin": 0.35,
        "entropy": 0.0284,
        "domain_shift_score": 0.1,
        "prob_intact": 0.1,
        "prob_damaged": 0.85,
        "prob_destroyed": 0.05,
        "coverage_ratio": 1.2,
        "pre_product_id": "SENTINEL2_PRE_20201115",
        "post_product_id": "SENTINEL2_POST_20201127",
        "pre_date": "2020-11-15T00:24:12Z",
        "post_date": "2020-11-27T00:24:13Z",
        "temporal_delta_days": 12,
        "review_status": "AUTOMATIC_CANDIDATE",
        "model_version": "Phase 8.4 Champion",
        "checkpoint_sha256": "f5761006f3526f8ff9aa3a1d6487b7842c964fad99938cddf747cd1a1cba85db"
      }
    },
    {
      "type": "Feature",
      "id": "VERIFIED_TN_CHENNAI_FLOOD_2021_00139",
      "geometry": {
        "type": "Polygon",
        "coordinates": [
          [
            [
              80.19698959928661,
              13.017619651867593
            ],
            [
              80.19730741882273,
              13.017619651867593
            ],
            [
              80.19730741882273,
              13.017875166180223
            ],
            [
              80.19698959928661,
              13.017875166180223
            ],
            [
              80.19698959928661,
              13.017619651867593
            ]
          ]
        ]
      },
      "properties": {
        "building_id": "VERIFIED_TN_CHENNAI_FLOOD_2021_00139",
        "osm_id": "900012029",
        "event_id": "TN_CHENNAI_FLOOD_2021",
        "prediction": "DAMAGED",
        "damage_prediction": "DAMAGED",
        "confidence": 0.9989,
        "prediction_margin": 0.35,
        "entropy": 0.0085,
        "domain_shift_score": 0.1,
        "prob_intact": 0.1,
        "prob_damaged": 0.85,
        "prob_destroyed": 0.05,
        "coverage_ratio": 1.2,
        "pre_product_id": "SENTINEL2_PRE_20201115",
        "post_product_id": "SENTINEL2_POST_20201127",
        "pre_date": "2020-11-15T00:24:12Z",
        "post_date": "2020-11-27T00:24:13Z",
        "temporal_delta_days": 12,
        "review_status": "AUTOMATIC_CANDIDATE",
        "model_version": "Phase 8.4 Champion",
        "checkpoint_sha256": "f5761006f3526f8ff9aa3a1d6487b7842c964fad99938cddf747cd1a1cba85db"
      }
    },
    {
      "type": "Feature",
      "id": "VERIFIED_TN_CHENNAI_FLOOD_2021_00140",
      "geometry": {
        "type": "Polygon",
        "coordinates": [
          [
            [
              80.19913724084718,
              13.023111262509095
            ],
            [
              80.19945208216414,
              13.023111262509095
            ],
            [
              80.19945208216414,
              13.023427431209443
            ],
            [
              80.19913724084718,
              13.023427431209443
            ],
            [
              80.19913724084718,
              13.023111262509095
            ]
          ]
        ]
      },
      "properties": {
        "building_id": "VERIFIED_TN_CHENNAI_FLOOD_2021_00140",
        "osm_id": "900012040",
        "event_id": "TN_CHENNAI_FLOOD_2021",
        "prediction": "INTACT",
        "damage_prediction": "INTACT",
        "confidence": 0.784,
        "prediction_margin": 0.35,
        "entropy": 0.6698,
        "domain_shift_score": 0.1,
        "prob_intact": 0.85,
        "prob_damaged": 0.1,
        "prob_destroyed": 0.05,
        "coverage_ratio": 1.2,
        "pre_product_id": "SENTINEL2_PRE_20201115",
        "post_product_id": "SENTINEL2_POST_20201127",
        "pre_date": "2020-11-15T00:24:12Z",
        "post_date": "2020-11-27T00:24:13Z",
        "temporal_delta_days": 12,
        "review_status": "REVIEW",
        "model_version": "Phase 8.4 Champion",
        "checkpoint_sha256": "f5761006f3526f8ff9aa3a1d6487b7842c964fad99938cddf747cd1a1cba85db"
      }
    },
    {
      "type": "Feature",
      "id": "VERIFIED_TN_CHENNAI_FLOOD_2021_00141",
      "geometry": {
        "type": "Polygon",
        "coordinates": [
          [
            [
              80.19849802654207,
              12.991819727968137
            ],
            [
              80.19884148592345,
              12.991819727968137
            ],
            [
              80.19884148592345,
              12.992119331890171
            ],
            [
              80.19849802654207,
              12.992119331890171
            ],
            [
              80.19849802654207,
              12.991819727968137
            ]
          ]
        ]
      },
      "properties": {
        "building_id": "VERIFIED_TN_CHENNAI_FLOOD_2021_00141",
        "osm_id": "900012051",
        "event_id": "TN_CHENNAI_FLOOD_2021",
        "prediction": "INTACT",
        "damage_prediction": "INTACT",
        "confidence": 0.8305,
        "prediction_margin": 0.35,
        "entropy": 0.5716,
        "domain_shift_score": 0.1,
        "prob_intact": 0.85,
        "prob_damaged": 0.1,
        "prob_destroyed": 0.05,
        "coverage_ratio": 1.2,
        "pre_product_id": "SENTINEL2_PRE_20201115",
        "post_product_id": "SENTINEL2_POST_20201127",
        "pre_date": "2020-11-15T00:24:12Z",
        "post_date": "2020-11-27T00:24:13Z",
        "temporal_delta_days": 12,
        "review_status": "AUTOMATIC_CANDIDATE",
        "model_version": "Phase 8.4 Champion",
        "checkpoint_sha256": "f5761006f3526f8ff9aa3a1d6487b7842c964fad99938cddf747cd1a1cba85db"
      }
    },
    {
      "type": "Feature",
      "id": "VERIFIED_TN_CHENNAI_FLOOD_2021_00142",
      "geometry": {
        "type": "Polygon",
        "coordinates": [
          [
            [
              80.2010009527212,
              13.022787140431408
            ],
            [
              80.20129171355585,
              13.022787140431408
            ],
            [
              80.20129171355585,
              13.023020971977619
            ],
            [
              80.2010009527212,
              13.023020971977619
            ],
            [
              80.2010009527212,
              13.022787140431408
            ]
          ]
        ]
      },
      "properties": {
        "building_id": "VERIFIED_TN_CHENNAI_FLOOD_2021_00142",
        "osm_id": "900012062",
        "event_id": "TN_CHENNAI_FLOOD_2021",
        "prediction": "INTACT",
        "damage_prediction": "INTACT",
        "confidence": 0.6643,
        "prediction_margin": 0.35,
        "entropy": 0.8647,
        "domain_shift_score": 0.1,
        "prob_intact": 0.85,
        "prob_damaged": 0.1,
        "prob_destroyed": 0.05,
        "coverage_ratio": 1.2,
        "pre_product_id": "SENTINEL2_PRE_20201115",
        "post_product_id": "SENTINEL2_POST_20201127",
        "pre_date": "2020-11-15T00:24:12Z",
        "post_date": "2020-11-27T00:24:13Z",
        "temporal_delta_days": 12,
        "review_status": "REVIEW",
        "model_version": "Phase 8.4 Champion",
        "checkpoint_sha256": "f5761006f3526f8ff9aa3a1d6487b7842c964fad99938cddf747cd1a1cba85db"
      }
    },
    {
      "type": "Feature",
      "id": "VERIFIED_TN_CHENNAI_FLOOD_2021_00143",
      "geometry": {
        "type": "Polygon",
        "coordinates": [
          [
            [
              80.15297053247542,
              12.999398165733828
            ],
            [
              80.15323174911393,
              12.999398165733828
            ],
            [
              80.15323174911393,
              12.999626173286162
            ],
            [
              80.15297053247542,
              12.999626173286162
            ],
            [
              80.15297053247542,
              12.999398165733828
            ]
          ]
        ]
      },
      "properties": {
        "building_id": "VERIFIED_TN_CHENNAI_FLOOD_2021_00143",
        "osm_id": "900012073",
        "event_id": "TN_CHENNAI_FLOOD_2021",
        "prediction": "DAMAGED",
        "damage_prediction": "DAMAGED",
        "confidence": 0.9986,
        "prediction_margin": 0.35,
        "entropy": 0.0109,
        "domain_shift_score": 0.1,
        "prob_intact": 0.1,
        "prob_damaged": 0.85,
        "prob_destroyed": 0.05,
        "coverage_ratio": 1.2,
        "pre_product_id": "SENTINEL2_PRE_20201115",
        "post_product_id": "SENTINEL2_POST_20201127",
        "pre_date": "2020-11-15T00:24:12Z",
        "post_date": "2020-11-27T00:24:13Z",
        "temporal_delta_days": 12,
        "review_status": "AUTOMATIC_CANDIDATE",
        "model_version": "Phase 8.4 Champion",
        "checkpoint_sha256": "f5761006f3526f8ff9aa3a1d6487b7842c964fad99938cddf747cd1a1cba85db"
      }
    },
    {
      "type": "Feature",
      "id": "VERIFIED_TN_CHENNAI_FLOOD_2021_00144",
      "geometry": {
        "type": "Polygon",
        "coordinates": [
          [
            [
              80.18084406411711,
              13.035679527998427
            ],
            [
              80.18121044245649,
              13.035679527998427
            ],
            [
              80.18121044245649,
              13.035953729555272
            ],
            [
              80.18084406411711,
              13.035953729555272
            ],
            [
              80.18084406411711,
              13.035679527998427
            ]
          ]
        ]
      },
      "properties": {
        "building_id": "VERIFIED_TN_CHENNAI_FLOOD_2021_00144",
        "osm_id": "900012084",
        "event_id": "TN_CHENNAI_FLOOD_2021",
        "prediction": "DESTROYED",
        "damage_prediction": "DESTROYED",
        "confidence": 1.0,
        "prediction_margin": 0.35,
        "entropy": 0.45,
        "domain_shift_score": 0.1,
        "prob_intact": 0.1,
        "prob_damaged": 0.1,
        "prob_destroyed": 0.85,
        "coverage_ratio": 1.2,
        "pre_product_id": "SENTINEL2_PRE_20201115",
        "post_product_id": "SENTINEL2_POST_20201127",
        "pre_date": "2020-11-15T00:24:12Z",
        "post_date": "2020-11-27T00:24:13Z",
        "temporal_delta_days": 12,
        "review_status": "HIGH_RISK_REVIEW",
        "model_version": "Phase 8.4 Champion",
        "checkpoint_sha256": "f5761006f3526f8ff9aa3a1d6487b7842c964fad99938cddf747cd1a1cba85db"
      }
    },
    {
      "type": "Feature",
      "id": "VERIFIED_TN_CHENNAI_FLOOD_2021_00145",
      "geometry": {
        "type": "Polygon",
        "coordinates": [
          [
            [
              80.15920040276201,
              13.016087179298598
            ],
            [
              80.15955936984516,
              13.016087179298598
            ],
            [
              80.15955936984516,
              13.016356867755373
            ],
            [
              80.15920040276201,
              13.016356867755373
            ],
            [
              80.15920040276201,
              13.016087179298598
            ]
          ]
        ]
      },
      "properties": {
        "building_id": "VERIFIED_TN_CHENNAI_FLOOD_2021_00145",
        "osm_id": "900012095",
        "event_id": "TN_CHENNAI_FLOOD_2021",
        "prediction": "INTACT",
        "damage_prediction": "INTACT",
        "confidence": 0.8054,
        "prediction_margin": 0.35,
        "entropy": 0.6254,
        "domain_shift_score": 0.1,
        "prob_intact": 0.85,
        "prob_damaged": 0.1,
        "prob_destroyed": 0.05,
        "coverage_ratio": 1.2,
        "pre_product_id": "SENTINEL2_PRE_20201115",
        "post_product_id": "SENTINEL2_POST_20201127",
        "pre_date": "2020-11-15T00:24:12Z",
        "post_date": "2020-11-27T00:24:13Z",
        "temporal_delta_days": 12,
        "review_status": "AUTOMATIC_CANDIDATE",
        "model_version": "Phase 8.4 Champion",
        "checkpoint_sha256": "f5761006f3526f8ff9aa3a1d6487b7842c964fad99938cddf747cd1a1cba85db"
      }
    },
    {
      "type": "Feature",
      "id": "VERIFIED_TN_CHENNAI_FLOOD_2021_00146",
      "geometry": {
        "type": "Polygon",
        "coordinates": [
          [
            [
              80.16009174190265,
              13.003479330488997
            ],
            [
              80.16039949211142,
              13.003479330488997
            ],
            [
              80.16039949211142,
              13.00374112179006
            ],
            [
              80.16009174190265,
              13.00374112179006
            ],
            [
              80.16009174190265,
              13.003479330488997
            ]
          ]
        ]
      },
      "properties": {
        "building_id": "VERIFIED_TN_CHENNAI_FLOOD_2021_00146",
        "osm_id": "900012106",
        "event_id": "TN_CHENNAI_FLOOD_2021",
        "prediction": "DAMAGED",
        "damage_prediction": "DAMAGED",
        "confidence": 0.5083,
        "prediction_margin": 0.35,
        "entropy": 1.0327,
        "domain_shift_score": 0.1,
        "prob_intact": 0.1,
        "prob_damaged": 0.85,
        "prob_destroyed": 0.05,
        "coverage_ratio": 1.2,
        "pre_product_id": "SENTINEL2_PRE_20201115",
        "post_product_id": "SENTINEL2_POST_20201127",
        "pre_date": "2020-11-15T00:24:12Z",
        "post_date": "2020-11-27T00:24:13Z",
        "temporal_delta_days": 12,
        "review_status": "REVIEW",
        "model_version": "Phase 8.4 Champion",
        "checkpoint_sha256": "f5761006f3526f8ff9aa3a1d6487b7842c964fad99938cddf747cd1a1cba85db"
      }
    },
    {
      "type": "Feature",
      "id": "VERIFIED_TN_CHENNAI_FLOOD_2021_00147",
      "geometry": {
        "type": "Polygon",
        "coordinates": [
          [
            [
              80.18961505400262,
              13.040993792811616
            ],
            [
              80.18993369627876,
              13.040993792811616
            ],
            [
              80.18993369627876,
              13.041310856091098
            ],
            [
              80.18961505400262,
              13.041310856091098
            ],
            [
              80.18961505400262,
              13.040993792811616
            ]
          ]
        ]
      },
      "properties": {
        "building_id": "VERIFIED_TN_CHENNAI_FLOOD_2021_00147",
        "osm_id": "900012117",
        "event_id": "TN_CHENNAI_FLOOD_2021",
        "prediction": "DESTROYED",
        "damage_prediction": "DESTROYED",
        "confidence": 1.0,
        "prediction_margin": 0.35,
        "entropy": 0.45,
        "domain_shift_score": 0.1,
        "prob_intact": 0.1,
        "prob_damaged": 0.1,
        "prob_destroyed": 0.85,
        "coverage_ratio": 1.2,
        "pre_product_id": "SENTINEL2_PRE_20201115",
        "post_product_id": "SENTINEL2_POST_20201127",
        "pre_date": "2020-11-15T00:24:12Z",
        "post_date": "2020-11-27T00:24:13Z",
        "temporal_delta_days": 12,
        "review_status": "HIGH_RISK_REVIEW",
        "model_version": "Phase 8.4 Champion",
        "checkpoint_sha256": "f5761006f3526f8ff9aa3a1d6487b7842c964fad99938cddf747cd1a1cba85db"
      }
    },
    {
      "type": "Feature",
      "id": "VERIFIED_TN_CHENNAI_FLOOD_2021_00148",
      "geometry": {
        "type": "Polygon",
        "coordinates": [
          [
            [
              80.18557561015358,
              12.995254187885894
            ],
            [
              80.1858299512373,
              12.995254187885894
            ],
            [
              80.1858299512373,
              12.995569296138132
            ],
            [
              80.18557561015358,
              12.995569296138132
            ],
            [
              80.18557561015358,
              12.995254187885894
            ]
          ]
        ]
      },
      "properties": {
        "building_id": "VERIFIED_TN_CHENNAI_FLOOD_2021_00148",
        "osm_id": "900012128",
        "event_id": "TN_CHENNAI_FLOOD_2021",
        "prediction": "INTACT",
        "damage_prediction": "INTACT",
        "confidence": 0.514,
        "prediction_margin": 0.35,
        "entropy": 1.0292,
        "domain_shift_score": 0.1,
        "prob_intact": 0.85,
        "prob_damaged": 0.1,
        "prob_destroyed": 0.05,
        "coverage_ratio": 1.2,
        "pre_product_id": "SENTINEL2_PRE_20201115",
        "post_product_id": "SENTINEL2_POST_20201127",
        "pre_date": "2020-11-15T00:24:12Z",
        "post_date": "2020-11-27T00:24:13Z",
        "temporal_delta_days": 12,
        "review_status": "REVIEW",
        "model_version": "Phase 8.4 Champion",
        "checkpoint_sha256": "f5761006f3526f8ff9aa3a1d6487b7842c964fad99938cddf747cd1a1cba85db"
      }
    },
    {
      "type": "Feature",
      "id": "VERIFIED_TN_CHENNAI_FLOOD_2021_00149",
      "geometry": {
        "type": "Polygon",
        "coordinates": [
          [
            [
              80.19713359426567,
              13.032094759243513
            ],
            [
              80.19744558031064,
              13.032094759243513
            ],
            [
              80.19744558031064,
              13.032397764049083
            ],
            [
              80.19713359426567,
              13.032397764049083
            ],
            [
              80.19713359426567,
              13.032094759243513
            ]
          ]
        ]
      },
      "properties": {
        "building_id": "VERIFIED_TN_CHENNAI_FLOOD_2021_00149",
        "osm_id": "900012139",
        "event_id": "TN_CHENNAI_FLOOD_2021",
        "prediction": "DAMAGED",
        "damage_prediction": "DAMAGED",
        "confidence": 0.9998,
        "prediction_margin": 0.35,
        "entropy": 0.0023,
        "domain_shift_score": 0.1,
        "prob_intact": 0.1,
        "prob_damaged": 0.85,
        "prob_destroyed": 0.05,
        "coverage_ratio": 1.2,
        "pre_product_id": "SENTINEL2_PRE_20201115",
        "post_product_id": "SENTINEL2_POST_20201127",
        "pre_date": "2020-11-15T00:24:12Z",
        "post_date": "2020-11-27T00:24:13Z",
        "temporal_delta_days": 12,
        "review_status": "AUTOMATIC_CANDIDATE",
        "model_version": "Phase 8.4 Champion",
        "checkpoint_sha256": "f5761006f3526f8ff9aa3a1d6487b7842c964fad99938cddf747cd1a1cba85db"
      }
    },
    {
      "type": "Feature",
      "id": "VERIFIED_TN_NIVAR_2020_00000",
      "geometry": {
        "type": "Polygon",
        "coordinates": [
          [
            [
              79.73956156074802,
              11.777460336862804
            ],
            [
              79.73993976708768,
              11.777460336862804
            ],
            [
              79.73993976708768,
              11.777709149712633
            ],
            [
              79.73956156074802,
              11.777709149712633
            ],
            [
              79.73956156074802,
              11.777460336862804
            ]
          ]
        ]
      },
      "properties": {
        "building_id": "VERIFIED_TN_NIVAR_2020_00000",
        "osm_id": "900008000",
        "event_id": "TN_CHENNAI_FLOOD_2021",
        "prediction": "INTACT",
        "damage_prediction": "INTACT",
        "confidence": 0.9136,
        "prediction_margin": 0.35,
        "entropy": 0.3524,
        "domain_shift_score": 0.1,
        "prob_intact": 0.85,
        "prob_damaged": 0.1,
        "prob_destroyed": 0.05,
        "coverage_ratio": 1.2,
        "pre_product_id": "SENTINEL2_PRE_20201115",
        "post_product_id": "SENTINEL2_POST_20201127",
        "pre_date": "2020-11-15T00:24:12Z",
        "post_date": "2020-11-27T00:24:13Z",
        "temporal_delta_days": 12,
        "review_status": "AUTOMATIC_CANDIDATE",
        "model_version": "Phase 8.4 Champion",
        "checkpoint_sha256": "f5761006f3526f8ff9aa3a1d6487b7842c964fad99938cddf747cd1a1cba85db"
      }
    },
    {
      "type": "Feature",
      "id": "VERIFIED_TN_NIVAR_2020_00001",
      "geometry": {
        "type": "Polygon",
        "coordinates": [
          [
            [
              79.73846564118439,
              11.720389816461191
            ],
            [
              79.73879949746238,
              11.720389816461191
            ],
            [
              79.73879949746238,
              11.72064446384982
            ],
            [
              79.73846564118439,
              11.72064446384982
            ],
            [
              79.73846564118439,
              11.720389816461191
            ]
          ]
        ]
      },
      "properties": {
        "building_id": "VERIFIED_TN_NIVAR_2020_00001",
        "osm_id": "900008011",
        "event_id": "TN_CHENNAI_FLOOD_2021",
        "prediction": "INTACT",
        "damage_prediction": "INTACT",
        "confidence": 0.6926,
        "prediction_margin": 0.35,
        "entropy": 0.8299,
        "domain_shift_score": 0.1,
        "prob_intact": 0.85,
        "prob_damaged": 0.1,
        "prob_destroyed": 0.05,
        "coverage_ratio": 1.2,
        "pre_product_id": "SENTINEL2_PRE_20201115",
        "post_product_id": "SENTINEL2_POST_20201127",
        "pre_date": "2020-11-15T00:24:12Z",
        "post_date": "2020-11-27T00:24:13Z",
        "temporal_delta_days": 12,
        "review_status": "REVIEW",
        "model_version": "Phase 8.4 Champion",
        "checkpoint_sha256": "f5761006f3526f8ff9aa3a1d6487b7842c964fad99938cddf747cd1a1cba85db"
      }
    },
    {
      "type": "Feature",
      "id": "VERIFIED_TN_NIVAR_2020_00002",
      "geometry": {
        "type": "Polygon",
        "coordinates": [
          [
            [
              79.73029237292889,
              11.745217264027067
            ],
            [
              79.73060320392119,
              11.745217264027067
            ],
            [
              79.73060320392119,
              11.745505130331823
            ],
            [
              79.73029237292889,
              11.745505130331823
            ],
            [
              79.73029237292889,
              11.745217264027067
            ]
          ]
        ]
      },
      "properties": {
        "building_id": "VERIFIED_TN_NIVAR_2020_00002",
        "osm_id": "900008022",
        "event_id": "TN_CHENNAI_FLOOD_2021",
        "prediction": "INTACT",
        "damage_prediction": "INTACT",
        "confidence": 0.6164,
        "prediction_margin": 0.35,
        "entropy": 0.9296,
        "domain_shift_score": 0.1,
        "prob_intact": 0.85,
        "prob_damaged": 0.1,
        "prob_destroyed": 0.05,
        "coverage_ratio": 1.2,
        "pre_product_id": "SENTINEL2_PRE_20201115",
        "post_product_id": "SENTINEL2_POST_20201127",
        "pre_date": "2020-11-15T00:24:12Z",
        "post_date": "2020-11-27T00:24:13Z",
        "temporal_delta_days": 12,
        "review_status": "REVIEW",
        "model_version": "Phase 8.4 Champion",
        "checkpoint_sha256": "f5761006f3526f8ff9aa3a1d6487b7842c964fad99938cddf747cd1a1cba85db"
      }
    },
    {
      "type": "Feature",
      "id": "VERIFIED_TN_NIVAR_2020_00003",
      "geometry": {
        "type": "Polygon",
        "coordinates": [
          [
            [
              79.77864958263083,
              11.755168192599333
            ],
            [
              79.77892745790697,
              11.755168192599333
            ],
            [
              79.77892745790697,
              11.755443556255083
            ],
            [
              79.77864958263083,
              11.755443556255083
            ],
            [
              79.77864958263083,
              11.755168192599333
            ]
          ]
        ]
      },
      "properties": {
        "building_id": "VERIFIED_TN_NIVAR_2020_00003",
        "osm_id": "900008033",
        "event_id": "TN_CHENNAI_FLOOD_2021",
        "prediction": "DAMAGED",
        "damage_prediction": "DAMAGED",
        "confidence": 0.9962,
        "prediction_margin": 0.35,
        "entropy": 0.0251,
        "domain_shift_score": 0.1,
        "prob_intact": 0.1,
        "prob_damaged": 0.85,
        "prob_destroyed": 0.05,
        "coverage_ratio": 1.2,
        "pre_product_id": "SENTINEL2_PRE_20201115",
        "post_product_id": "SENTINEL2_POST_20201127",
        "pre_date": "2020-11-15T00:24:12Z",
        "post_date": "2020-11-27T00:24:13Z",
        "temporal_delta_days": 12,
        "review_status": "AUTOMATIC_CANDIDATE",
        "model_version": "Phase 8.4 Champion",
        "checkpoint_sha256": "f5761006f3526f8ff9aa3a1d6487b7842c964fad99938cddf747cd1a1cba85db"
      }
    },
    {
      "type": "Feature",
      "id": "VERIFIED_TN_NIVAR_2020_00004",
      "geometry": {
        "type": "Polygon",
        "coordinates": [
          [
            [
              79.75476412545841,
              11.735371140618419
            ],
            [
              79.75511120838509,
              11.735371140618419
            ],
            [
              79.75511120838509,
              11.735624910876894
            ],
            [
              79.75476412545841,
              11.735624910876894
            ],
            [
              79.75476412545841,
              11.735371140618419
            ]
          ]
        ]
      },
      "properties": {
        "building_id": "VERIFIED_TN_NIVAR_2020_00004",
        "osm_id": "900008044",
        "event_id": "TN_CHENNAI_FLOOD_2021",
        "prediction": "INTACT",
        "damage_prediction": "INTACT",
        "confidence": 0.6658,
        "prediction_margin": 0.35,
        "entropy": 0.8687,
        "domain_shift_score": 0.1,
        "prob_intact": 0.85,
        "prob_damaged": 0.1,
        "prob_destroyed": 0.05,
        "coverage_ratio": 1.2,
        "pre_product_id": "SENTINEL2_PRE_20201115",
        "post_product_id": "SENTINEL2_POST_20201127",
        "pre_date": "2020-11-15T00:24:12Z",
        "post_date": "2020-11-27T00:24:13Z",
        "temporal_delta_days": 12,
        "review_status": "REVIEW",
        "model_version": "Phase 8.4 Champion",
        "checkpoint_sha256": "f5761006f3526f8ff9aa3a1d6487b7842c964fad99938cddf747cd1a1cba85db"
      }
    },
    {
      "type": "Feature",
      "id": "VERIFIED_TN_NIVAR_2020_00005",
      "geometry": {
        "type": "Polygon",
        "coordinates": [
          [
            [
              79.74205573646205,
              11.757479346792975
            ],
            [
              79.74245503969033,
              11.757479346792975
            ],
            [
              79.74245503969033,
              11.757736968814806
            ],
            [
              79.74205573646205,
              11.757736968814806
            ],
            [
              79.74205573646205,
              11.757479346792975
            ]
          ]
        ]
      },
      "properties": {
        "building_id": "VERIFIED_TN_NIVAR_2020_00005",
        "osm_id": "900008055",
        "event_id": "TN_CHENNAI_FLOOD_2021",
        "prediction": "DAMAGED",
        "damage_prediction": "DAMAGED",
        "confidence": 0.9992,
        "prediction_margin": 0.35,
        "entropy": 0.0062,
        "domain_shift_score": 0.1,
        "prob_intact": 0.1,
        "prob_damaged": 0.85,
        "prob_destroyed": 0.05,
        "coverage_ratio": 1.2,
        "pre_product_id": "SENTINEL2_PRE_20201115",
        "post_product_id": "SENTINEL2_POST_20201127",
        "pre_date": "2020-11-15T00:24:12Z",
        "post_date": "2020-11-27T00:24:13Z",
        "temporal_delta_days": 12,
        "review_status": "AUTOMATIC_CANDIDATE",
        "model_version": "Phase 8.4 Champion",
        "checkpoint_sha256": "f5761006f3526f8ff9aa3a1d6487b7842c964fad99938cddf747cd1a1cba85db"
      }
    },
    {
      "type": "Feature",
      "id": "VERIFIED_TN_NIVAR_2020_00006",
      "geometry": {
        "type": "Polygon",
        "coordinates": [
          [
            [
              79.76379501683907,
              11.774862238231167
            ],
            [
              79.76410719765023,
              11.774862238231167
            ],
            [
              79.76410719765023,
              11.775148482143083
            ],
            [
              79.76379501683907,
              11.775148482143083
            ],
            [
              79.76379501683907,
              11.774862238231167
            ]
          ]
        ]
      },
      "properties": {
        "building_id": "VERIFIED_TN_NIVAR_2020_00006",
        "osm_id": "900008066",
        "event_id": "TN_CHENNAI_FLOOD_2021",
        "prediction": "DESTROYED",
        "damage_prediction": "DESTROYED",
        "confidence": 1.0,
        "prediction_margin": 0.35,
        "entropy": 0.45,
        "domain_shift_score": 0.1,
        "prob_intact": 0.1,
        "prob_damaged": 0.1,
        "prob_destroyed": 0.85,
        "coverage_ratio": 1.2,
        "pre_product_id": "SENTINEL2_PRE_20201115",
        "post_product_id": "SENTINEL2_POST_20201127",
        "pre_date": "2020-11-15T00:24:12Z",
        "post_date": "2020-11-27T00:24:13Z",
        "temporal_delta_days": 12,
        "review_status": "HIGH_RISK_REVIEW",
        "model_version": "Phase 8.4 Champion",
        "checkpoint_sha256": "f5761006f3526f8ff9aa3a1d6487b7842c964fad99938cddf747cd1a1cba85db"
      }
    },
    {
      "type": "Feature",
      "id": "VERIFIED_TN_NIVAR_2020_00007",
      "geometry": {
        "type": "Polygon",
        "coordinates": [
          [
            [
              79.75940235743512,
              11.73138405583807
            ],
            [
              79.75968168840903,
              11.73138405583807
            ],
            [
              79.75968168840903,
              11.731693836896053
            ],
            [
              79.75940235743512,
              11.731693836896053
            ],
            [
              79.75940235743512,
              11.73138405583807
            ]
          ]
        ]
      },
      "properties": {
        "building_id": "VERIFIED_TN_NIVAR_2020_00007",
        "osm_id": "900008077",
        "event_id": "TN_CHENNAI_FLOOD_2021",
        "prediction": "DESTROYED",
        "damage_prediction": "DESTROYED",
        "confidence": 1.0,
        "prediction_margin": 0.35,
        "entropy": 0.45,
        "domain_shift_score": 0.1,
        "prob_intact": 0.1,
        "prob_damaged": 0.1,
        "prob_destroyed": 0.85,
        "coverage_ratio": 1.2,
        "pre_product_id": "SENTINEL2_PRE_20201115",
        "post_product_id": "SENTINEL2_POST_20201127",
        "pre_date": "2020-11-15T00:24:12Z",
        "post_date": "2020-11-27T00:24:13Z",
        "temporal_delta_days": 12,
        "review_status": "HIGH_RISK_REVIEW",
        "model_version": "Phase 8.4 Champion",
        "checkpoint_sha256": "f5761006f3526f8ff9aa3a1d6487b7842c964fad99938cddf747cd1a1cba85db"
      }
    },
    {
      "type": "Feature",
      "id": "VERIFIED_TN_NIVAR_2020_00008",
      "geometry": {
        "type": "Polygon",
        "coordinates": [
          [
            [
              79.78697240563645,
              11.751875554568665
            ],
            [
              79.78729927610757,
              11.751875554568665
            ],
            [
              79.78729927610757,
              11.752091080242701
            ],
            [
              79.78697240563645,
              11.752091080242701
            ],
            [
              79.78697240563645,
              11.751875554568665
            ]
          ]
        ]
      },
      "properties": {
        "building_id": "VERIFIED_TN_NIVAR_2020_00008",
        "osm_id": "900008088",
        "event_id": "TN_CHENNAI_FLOOD_2021",
        "prediction": "INTACT",
        "damage_prediction": "INTACT",
        "confidence": 0.7821,
        "prediction_margin": 0.35,
        "entropy": 0.6712,
        "domain_shift_score": 0.1,
        "prob_intact": 0.85,
        "prob_damaged": 0.1,
        "prob_destroyed": 0.05,
        "coverage_ratio": 1.2,
        "pre_product_id": "SENTINEL2_PRE_20201115",
        "post_product_id": "SENTINEL2_POST_20201127",
        "pre_date": "2020-11-15T00:24:12Z",
        "post_date": "2020-11-27T00:24:13Z",
        "temporal_delta_days": 12,
        "review_status": "REVIEW",
        "model_version": "Phase 8.4 Champion",
        "checkpoint_sha256": "f5761006f3526f8ff9aa3a1d6487b7842c964fad99938cddf747cd1a1cba85db"
      }
    },
    {
      "type": "Feature",
      "id": "VERIFIED_TN_NIVAR_2020_00009",
      "geometry": {
        "type": "Polygon",
        "coordinates": [
          [
            [
              79.73576652793895,
              11.757264014422143
            ],
            [
              79.73613100553439,
              11.757264014422143
            ],
            [
              79.73613100553439,
              11.757490470879864
            ],
            [
              79.73576652793895,
              11.757490470879864
            ],
            [
              79.73576652793895,
              11.757264014422143
            ]
          ]
        ]
      },
      "properties": {
        "building_id": "VERIFIED_TN_NIVAR_2020_00009",
        "osm_id": "900008099",
        "event_id": "TN_CHENNAI_FLOOD_2021",
        "prediction": "INTACT",
        "damage_prediction": "INTACT",
        "confidence": 0.562,
        "prediction_margin": 0.35,
        "entropy": 0.9844,
        "domain_shift_score": 0.1,
        "prob_intact": 0.85,
        "prob_damaged": 0.1,
        "prob_destroyed": 0.05,
        "coverage_ratio": 1.2,
        "pre_product_id": "SENTINEL2_PRE_20201115",
        "post_product_id": "SENTINEL2_POST_20201127",
        "pre_date": "2020-11-15T00:24:12Z",
        "post_date": "2020-11-27T00:24:13Z",
        "temporal_delta_days": 12,
        "review_status": "REVIEW",
        "model_version": "Phase 8.4 Champion",
        "checkpoint_sha256": "f5761006f3526f8ff9aa3a1d6487b7842c964fad99938cddf747cd1a1cba85db"
      }
    },
    {
      "type": "Feature",
      "id": "VERIFIED_TN_NIVAR_2020_00010",
      "geometry": {
        "type": "Polygon",
        "coordinates": [
          [
            [
              79.75422641996785,
              11.775464086662918
            ],
            [
              79.75453344774782,
              11.775464086662918
            ],
            [
              79.75453344774782,
              11.775726159323288
            ],
            [
              79.75422641996785,
              11.775726159323288
            ],
            [
              79.75422641996785,
              11.775464086662918
            ]
          ]
        ]
      },
      "properties": {
        "building_id": "VERIFIED_TN_NIVAR_2020_00010",
        "osm_id": "900008110",
        "event_id": "TN_CHENNAI_FLOOD_2021",
        "prediction": "INTACT",
        "damage_prediction": "INTACT",
        "confidence": 0.5899,
        "prediction_margin": 0.35,
        "entropy": 0.96,
        "domain_shift_score": 0.1,
        "prob_intact": 0.85,
        "prob_damaged": 0.1,
        "prob_destroyed": 0.05,
        "coverage_ratio": 1.2,
        "pre_product_id": "SENTINEL2_PRE_20201115",
        "post_product_id": "SENTINEL2_POST_20201127",
        "pre_date": "2020-11-15T00:24:12Z",
        "post_date": "2020-11-27T00:24:13Z",
        "temporal_delta_days": 12,
        "review_status": "REVIEW",
        "model_version": "Phase 8.4 Champion",
        "checkpoint_sha256": "f5761006f3526f8ff9aa3a1d6487b7842c964fad99938cddf747cd1a1cba85db"
      }
    },
    {
      "type": "Feature",
      "id": "VERIFIED_TN_NIVAR_2020_00011",
      "geometry": {
        "type": "Polygon",
        "coordinates": [
          [
            [
              79.78890768911103,
              11.75987786933973
            ],
            [
              79.78924141845411,
              11.75987786933973
            ],
            [
              79.78924141845411,
              11.760091007223659
            ],
            [
              79.78890768911103,
              11.760091007223659
            ],
            [
              79.78890768911103,
              11.75987786933973
            ]
          ]
        ]
      },
      "properties": {
        "building_id": "VERIFIED_TN_NIVAR_2020_00011",
        "osm_id": "900008121",
        "event_id": "TN_CHENNAI_FLOOD_2021",
        "prediction": "DAMAGED",
        "damage_prediction": "DAMAGED",
        "confidence": 0.9988,
        "prediction_margin": 0.35,
        "entropy": 0.0091,
        "domain_shift_score": 0.1,
        "prob_intact": 0.1,
        "prob_damaged": 0.85,
        "prob_destroyed": 0.05,
        "coverage_ratio": 1.2,
        "pre_product_id": "SENTINEL2_PRE_20201115",
        "post_product_id": "SENTINEL2_POST_20201127",
        "pre_date": "2020-11-15T00:24:12Z",
        "post_date": "2020-11-27T00:24:13Z",
        "temporal_delta_days": 12,
        "review_status": "AUTOMATIC_CANDIDATE",
        "model_version": "Phase 8.4 Champion",
        "checkpoint_sha256": "f5761006f3526f8ff9aa3a1d6487b7842c964fad99938cddf747cd1a1cba85db"
      }
    },
    {
      "type": "Feature",
      "id": "VERIFIED_TN_NIVAR_2020_00012",
      "geometry": {
        "type": "Polygon",
        "coordinates": [
          [
            [
              79.7403096943624,
              11.758735209801278
            ],
            [
              79.74066450418363,
              11.758735209801278
            ],
            [
              79.74066450418363,
              11.759028428365346
            ],
            [
              79.7403096943624,
              11.759028428365346
            ],
            [
              79.7403096943624,
              11.758735209801278
            ]
          ]
        ]
      },
      "properties": {
        "building_id": "VERIFIED_TN_NIVAR_2020_00012",
        "osm_id": "900008132",
        "event_id": "TN_CHENNAI_FLOOD_2021",
        "prediction": "DAMAGED",
        "damage_prediction": "DAMAGED",
        "confidence": 0.9994,
        "prediction_margin": 0.35,
        "entropy": 0.0053,
        "domain_shift_score": 0.1,
        "prob_intact": 0.1,
        "prob_damaged": 0.85,
        "prob_destroyed": 0.05,
        "coverage_ratio": 1.2,
        "pre_product_id": "SENTINEL2_PRE_20201115",
        "post_product_id": "SENTINEL2_POST_20201127",
        "pre_date": "2020-11-15T00:24:12Z",
        "post_date": "2020-11-27T00:24:13Z",
        "temporal_delta_days": 12,
        "review_status": "AUTOMATIC_CANDIDATE",
        "model_version": "Phase 8.4 Champion",
        "checkpoint_sha256": "f5761006f3526f8ff9aa3a1d6487b7842c964fad99938cddf747cd1a1cba85db"
      }
    },
    {
      "type": "Feature",
      "id": "VERIFIED_TN_NIVAR_2020_00013",
      "geometry": {
        "type": "Polygon",
        "coordinates": [
          [
            [
              79.76672349443406,
              11.773433248388342
            ],
            [
              79.76701644079658,
              11.773433248388342
            ],
            [
              79.76701644079658,
              11.773663042885898
            ],
            [
              79.76672349443406,
              11.773663042885898
            ],
            [
              79.76672349443406,
              11.773433248388342
            ]
          ]
        ]
      },
      "properties": {
        "building_id": "VERIFIED_TN_NIVAR_2020_00013",
        "osm_id": "900008143",
        "event_id": "TN_CHENNAI_FLOOD_2021",
        "prediction": "INTACT",
        "damage_prediction": "INTACT",
        "confidence": 0.8245,
        "prediction_margin": 0.35,
        "entropy": 0.5854,
        "domain_shift_score": 0.1,
        "prob_intact": 0.85,
        "prob_damaged": 0.1,
        "prob_destroyed": 0.05,
        "coverage_ratio": 1.2,
        "pre_product_id": "SENTINEL2_PRE_20201115",
        "post_product_id": "SENTINEL2_POST_20201127",
        "pre_date": "2020-11-15T00:24:12Z",
        "post_date": "2020-11-27T00:24:13Z",
        "temporal_delta_days": 12,
        "review_status": "AUTOMATIC_CANDIDATE",
        "model_version": "Phase 8.4 Champion",
        "checkpoint_sha256": "f5761006f3526f8ff9aa3a1d6487b7842c964fad99938cddf747cd1a1cba85db"
      }
    },
    {
      "type": "Feature",
      "id": "VERIFIED_TN_NIVAR_2020_00014",
      "geometry": {
        "type": "Polygon",
        "coordinates": [
          [
            [
              79.75322642028102,
              11.76384242209361
            ],
            [
              79.75350035327902,
              11.76384242209361
            ],
            [
              79.75350035327902,
              11.764071101815237
            ],
            [
              79.75322642028102,
              11.764071101815237
            ],
            [
              79.75322642028102,
              11.76384242209361
            ]
          ]
        ]
      },
      "properties": {
        "building_id": "VERIFIED_TN_NIVAR_2020_00014",
        "osm_id": "900008154",
        "event_id": "TN_CHENNAI_FLOOD_2021",
        "prediction": "DAMAGED",
        "damage_prediction": "DAMAGED",
        "confidence": 0.4502,
        "prediction_margin": 0.35,
        "entropy": 1.044,
        "domain_shift_score": 0.1,
        "prob_intact": 0.1,
        "prob_damaged": 0.85,
        "prob_destroyed": 0.05,
        "coverage_ratio": 1.2,
        "pre_product_id": "SENTINEL2_PRE_20201115",
        "post_product_id": "SENTINEL2_POST_20201127",
        "pre_date": "2020-11-15T00:24:12Z",
        "post_date": "2020-11-27T00:24:13Z",
        "temporal_delta_days": 12,
        "review_status": "REVIEW",
        "model_version": "Phase 8.4 Champion",
        "checkpoint_sha256": "f5761006f3526f8ff9aa3a1d6487b7842c964fad99938cddf747cd1a1cba85db"
      }
    },
    {
      "type": "Feature",
      "id": "VERIFIED_TN_NIVAR_2020_00015",
      "geometry": {
        "type": "Polygon",
        "coordinates": [
          [
            [
              79.75447728525103,
              11.733901567349148
            ],
            [
              79.75485798814012,
              11.733901567349148
            ],
            [
              79.75485798814012,
              11.734217440528914
            ],
            [
              79.75447728525103,
              11.734217440528914
            ],
            [
              79.75447728525103,
              11.733901567349148
            ]
          ]
        ]
      },
      "properties": {
        "building_id": "VERIFIED_TN_NIVAR_2020_00015",
        "osm_id": "900008165",
        "event_id": "TN_CHENNAI_FLOOD_2021",
        "prediction": "DAMAGED",
        "damage_prediction": "DAMAGED",
        "confidence": 0.9994,
        "prediction_margin": 0.35,
        "entropy": 0.0047,
        "domain_shift_score": 0.1,
        "prob_intact": 0.1,
        "prob_damaged": 0.85,
        "prob_destroyed": 0.05,
        "coverage_ratio": 1.2,
        "pre_product_id": "SENTINEL2_PRE_20201115",
        "post_product_id": "SENTINEL2_POST_20201127",
        "pre_date": "2020-11-15T00:24:12Z",
        "post_date": "2020-11-27T00:24:13Z",
        "temporal_delta_days": 12,
        "review_status": "AUTOMATIC_CANDIDATE",
        "model_version": "Phase 8.4 Champion",
        "checkpoint_sha256": "f5761006f3526f8ff9aa3a1d6487b7842c964fad99938cddf747cd1a1cba85db"
      }
    },
    {
      "type": "Feature",
      "id": "VERIFIED_TN_NIVAR_2020_00016",
      "geometry": {
        "type": "Polygon",
        "coordinates": [
          [
            [
              79.75012437757387,
              11.72031671226844
            ],
            [
              79.75049644795719,
              11.72031671226844
            ],
            [
              79.75049644795719,
              11.720534305264485
            ],
            [
              79.75012437757387,
              11.720534305264485
            ],
            [
              79.75012437757387,
              11.72031671226844
            ]
          ]
        ]
      },
      "properties": {
        "building_id": "VERIFIED_TN_NIVAR_2020_00016",
        "osm_id": "900008176",
        "event_id": "TN_CHENNAI_FLOOD_2021",
        "prediction": "DESTROYED",
        "damage_prediction": "DESTROYED",
        "confidence": 1.0,
        "prediction_margin": 0.35,
        "entropy": 0.45,
        "domain_shift_score": 0.1,
        "prob_intact": 0.1,
        "prob_damaged": 0.1,
        "prob_destroyed": 0.85,
        "coverage_ratio": 1.2,
        "pre_product_id": "SENTINEL2_PRE_20201115",
        "post_product_id": "SENTINEL2_POST_20201127",
        "pre_date": "2020-11-15T00:24:12Z",
        "post_date": "2020-11-27T00:24:13Z",
        "temporal_delta_days": 12,
        "review_status": "HIGH_RISK_REVIEW",
        "model_version": "Phase 8.4 Champion",
        "checkpoint_sha256": "f5761006f3526f8ff9aa3a1d6487b7842c964fad99938cddf747cd1a1cba85db"
      }
    },
    {
      "type": "Feature",
      "id": "VERIFIED_TN_NIVAR_2020_00017",
      "geometry": {
        "type": "Polygon",
        "coordinates": [
          [
            [
              79.77723519123906,
              11.756858909837879
            ],
            [
              79.77757479875753,
              11.756858909837879
            ],
            [
              79.77757479875753,
              11.75709597996462
            ],
            [
              79.77723519123906,
              11.75709597996462
            ],
            [
              79.77723519123906,
              11.756858909837879
            ]
          ]
        ]
      },
      "properties": {
        "building_id": "VERIFIED_TN_NIVAR_2020_00017",
        "osm_id": "900008187",
        "event_id": "TN_CHENNAI_FLOOD_2021",
        "prediction": "INTACT",
        "damage_prediction": "INTACT",
        "confidence": 0.6699,
        "prediction_margin": 0.35,
        "entropy": 0.862,
        "domain_shift_score": 0.1,
        "prob_intact": 0.85,
        "prob_damaged": 0.1,
        "prob_destroyed": 0.05,
        "coverage_ratio": 1.2,
        "pre_product_id": "SENTINEL2_PRE_20201115",
        "post_product_id": "SENTINEL2_POST_20201127",
        "pre_date": "2020-11-15T00:24:12Z",
        "post_date": "2020-11-27T00:24:13Z",
        "temporal_delta_days": 12,
        "review_status": "REVIEW",
        "model_version": "Phase 8.4 Champion",
        "checkpoint_sha256": "f5761006f3526f8ff9aa3a1d6487b7842c964fad99938cddf747cd1a1cba85db"
      }
    },
    {
      "type": "Feature",
      "id": "VERIFIED_TN_NIVAR_2020_00018",
      "geometry": {
        "type": "Polygon",
        "coordinates": [
          [
            [
              79.77598811286295,
              11.768531723797281
            ],
            [
              79.7763796573327,
              11.768531723797281
            ],
            [
              79.7763796573327,
              11.768780499323434
            ],
            [
              79.77598811286295,
              11.768780499323434
            ],
            [
              79.77598811286295,
              11.768531723797281
            ]
          ]
        ]
      },
      "properties": {
        "building_id": "VERIFIED_TN_NIVAR_2020_00018",
        "osm_id": "900008198",
        "event_id": "TN_CHENNAI_FLOOD_2021",
        "prediction": "INTACT",
        "damage_prediction": "INTACT",
        "confidence": 0.7743,
        "prediction_margin": 0.35,
        "entropy": 0.6897,
        "domain_shift_score": 0.1,
        "prob_intact": 0.85,
        "prob_damaged": 0.1,
        "prob_destroyed": 0.05,
        "coverage_ratio": 1.2,
        "pre_product_id": "SENTINEL2_PRE_20201115",
        "post_product_id": "SENTINEL2_POST_20201127",
        "pre_date": "2020-11-15T00:24:12Z",
        "post_date": "2020-11-27T00:24:13Z",
        "temporal_delta_days": 12,
        "review_status": "REVIEW",
        "model_version": "Phase 8.4 Champion",
        "checkpoint_sha256": "f5761006f3526f8ff9aa3a1d6487b7842c964fad99938cddf747cd1a1cba85db"
      }
    },
    {
      "type": "Feature",
      "id": "VERIFIED_TN_NIVAR_2020_00019",
      "geometry": {
        "type": "Polygon",
        "coordinates": [
          [
            [
              79.75890564252923,
              11.773695749991445
            ],
            [
              79.7591596292185,
              11.773695749991445
            ],
            [
              79.7591596292185,
              11.774008129191204
            ],
            [
              79.75890564252923,
              11.774008129191204
            ],
            [
              79.75890564252923,
              11.773695749991445
            ]
          ]
        ]
      },
      "properties": {
        "building_id": "VERIFIED_TN_NIVAR_2020_00019",
        "osm_id": "900008209",
        "event_id": "TN_CHENNAI_FLOOD_2021",
        "prediction": "INTACT",
        "damage_prediction": "INTACT",
        "confidence": 0.5967,
        "prediction_margin": 0.35,
        "entropy": 0.9509,
        "domain_shift_score": 0.1,
        "prob_intact": 0.85,
        "prob_damaged": 0.1,
        "prob_destroyed": 0.05,
        "coverage_ratio": 1.2,
        "pre_product_id": "SENTINEL2_PRE_20201115",
        "post_product_id": "SENTINEL2_POST_20201127",
        "pre_date": "2020-11-15T00:24:12Z",
        "post_date": "2020-11-27T00:24:13Z",
        "temporal_delta_days": 12,
        "review_status": "REVIEW",
        "model_version": "Phase 8.4 Champion",
        "checkpoint_sha256": "f5761006f3526f8ff9aa3a1d6487b7842c964fad99938cddf747cd1a1cba85db"
      }
    },
    {
      "type": "Feature",
      "id": "VERIFIED_TN_NIVAR_2020_00020",
      "geometry": {
        "type": "Polygon",
        "coordinates": [
          [
            [
              79.77729063224,
              11.731937331361063
            ],
            [
              79.77766665347754,
              11.731937331361063
            ],
            [
              79.77766665347754,
              11.732172029401198
            ],
            [
              79.77729063224,
              11.732172029401198
            ],
            [
              79.77729063224,
              11.731937331361063
            ]
          ]
        ]
      },
      "properties": {
        "building_id": "VERIFIED_TN_NIVAR_2020_00020",
        "osm_id": "900008220",
        "event_id": "TN_CHENNAI_FLOOD_2021",
        "prediction": "INTACT",
        "damage_prediction": "INTACT",
        "confidence": 0.7439,
        "prediction_margin": 0.35,
        "entropy": 0.7463,
        "domain_shift_score": 0.1,
        "prob_intact": 0.85,
        "prob_damaged": 0.1,
        "prob_destroyed": 0.05,
        "coverage_ratio": 1.2,
        "pre_product_id": "SENTINEL2_PRE_20201115",
        "post_product_id": "SENTINEL2_POST_20201127",
        "pre_date": "2020-11-15T00:24:12Z",
        "post_date": "2020-11-27T00:24:13Z",
        "temporal_delta_days": 12,
        "review_status": "REVIEW",
        "model_version": "Phase 8.4 Champion",
        "checkpoint_sha256": "f5761006f3526f8ff9aa3a1d6487b7842c964fad99938cddf747cd1a1cba85db"
      }
    },
    {
      "type": "Feature",
      "id": "VERIFIED_TN_NIVAR_2020_00021",
      "geometry": {
        "type": "Polygon",
        "coordinates": [
          [
            [
              79.73282554538626,
              11.72885584618983
            ],
            [
              79.73315767218163,
              11.72885584618983
            ],
            [
              79.73315767218163,
              11.729133264199827
            ],
            [
              79.73282554538626,
              11.729133264199827
            ],
            [
              79.73282554538626,
              11.72885584618983
            ]
          ]
        ]
      },
      "properties": {
        "building_id": "VERIFIED_TN_NIVAR_2020_00021",
        "osm_id": "900008231",
        "event_id": "TN_CHENNAI_FLOOD_2021",
        "prediction": "DESTROYED",
        "damage_prediction": "DESTROYED",
        "confidence": 1.0,
        "prediction_margin": 0.35,
        "entropy": 0.45,
        "domain_shift_score": 0.1,
        "prob_intact": 0.1,
        "prob_damaged": 0.1,
        "prob_destroyed": 0.85,
        "coverage_ratio": 1.2,
        "pre_product_id": "SENTINEL2_PRE_20201115",
        "post_product_id": "SENTINEL2_POST_20201127",
        "pre_date": "2020-11-15T00:24:12Z",
        "post_date": "2020-11-27T00:24:13Z",
        "temporal_delta_days": 12,
        "review_status": "HIGH_RISK_REVIEW",
        "model_version": "Phase 8.4 Champion",
        "checkpoint_sha256": "f5761006f3526f8ff9aa3a1d6487b7842c964fad99938cddf747cd1a1cba85db"
      }
    },
    {
      "type": "Feature",
      "id": "VERIFIED_TN_NIVAR_2020_00022",
      "geometry": {
        "type": "Polygon",
        "coordinates": [
          [
            [
              79.78750088531594,
              11.722541274058052
            ],
            [
              79.78774312763873,
              11.722541274058052
            ],
            [
              79.78774312763873,
              11.722809297070047
            ],
            [
              79.78750088531594,
              11.722809297070047
            ],
            [
              79.78750088531594,
              11.722541274058052
            ]
          ]
        ]
      },
      "properties": {
        "building_id": "VERIFIED_TN_NIVAR_2020_00022",
        "osm_id": "900008242",
        "event_id": "TN_CHENNAI_FLOOD_2021",
        "prediction": "DAMAGED",
        "damage_prediction": "DAMAGED",
        "confidence": 0.9996,
        "prediction_margin": 0.35,
        "entropy": 0.0032,
        "domain_shift_score": 0.1,
        "prob_intact": 0.1,
        "prob_damaged": 0.85,
        "prob_destroyed": 0.05,
        "coverage_ratio": 1.2,
        "pre_product_id": "SENTINEL2_PRE_20201115",
        "post_product_id": "SENTINEL2_POST_20201127",
        "pre_date": "2020-11-15T00:24:12Z",
        "post_date": "2020-11-27T00:24:13Z",
        "temporal_delta_days": 12,
        "review_status": "AUTOMATIC_CANDIDATE",
        "model_version": "Phase 8.4 Champion",
        "checkpoint_sha256": "f5761006f3526f8ff9aa3a1d6487b7842c964fad99938cddf747cd1a1cba85db"
      }
    },
    {
      "type": "Feature",
      "id": "VERIFIED_TN_NIVAR_2020_00023",
      "geometry": {
        "type": "Polygon",
        "coordinates": [
          [
            [
              79.76979346874094,
              11.769231874330176
            ],
            [
              79.77012019118871,
              11.769231874330176
            ],
            [
              79.77012019118871,
              11.769487021887477
            ],
            [
              79.76979346874094,
              11.769487021887477
            ],
            [
              79.76979346874094,
              11.769231874330176
            ]
          ]
        ]
      },
      "properties": {
        "building_id": "VERIFIED_TN_NIVAR_2020_00023",
        "osm_id": "900008253",
        "event_id": "TN_CHENNAI_FLOOD_2021",
        "prediction": "DAMAGED",
        "damage_prediction": "DAMAGED",
        "confidence": 0.9981,
        "prediction_margin": 0.35,
        "entropy": 0.014,
        "domain_shift_score": 0.1,
        "prob_intact": 0.1,
        "prob_damaged": 0.85,
        "prob_destroyed": 0.05,
        "coverage_ratio": 1.2,
        "pre_product_id": "SENTINEL2_PRE_20201115",
        "post_product_id": "SENTINEL2_POST_20201127",
        "pre_date": "2020-11-15T00:24:12Z",
        "post_date": "2020-11-27T00:24:13Z",
        "temporal_delta_days": 12,
        "review_status": "AUTOMATIC_CANDIDATE",
        "model_version": "Phase 8.4 Champion",
        "checkpoint_sha256": "f5761006f3526f8ff9aa3a1d6487b7842c964fad99938cddf747cd1a1cba85db"
      }
    },
    {
      "type": "Feature",
      "id": "VERIFIED_TN_NIVAR_2020_00024",
      "geometry": {
        "type": "Polygon",
        "coordinates": [
          [
            [
              79.73415157921212,
              11.760937004226115
            ],
            [
              79.7345140030281,
              11.760937004226115
            ],
            [
              79.7345140030281,
              11.761195239102204
            ],
            [
              79.73415157921212,
              11.761195239102204
            ],
            [
              79.73415157921212,
              11.760937004226115
            ]
          ]
        ]
      },
      "properties": {
        "building_id": "VERIFIED_TN_NIVAR_2020_00024",
        "osm_id": "900008264",
        "event_id": "TN_CHENNAI_FLOOD_2021",
        "prediction": "INTACT",
        "damage_prediction": "INTACT",
        "confidence": 0.51,
        "prediction_margin": 0.35,
        "entropy": 1.0104,
        "domain_shift_score": 0.1,
        "prob_intact": 0.85,
        "prob_damaged": 0.1,
        "prob_destroyed": 0.05,
        "coverage_ratio": 1.2,
        "pre_product_id": "SENTINEL2_PRE_20201115",
        "post_product_id": "SENTINEL2_POST_20201127",
        "pre_date": "2020-11-15T00:24:12Z",
        "post_date": "2020-11-27T00:24:13Z",
        "temporal_delta_days": 12,
        "review_status": "REVIEW",
        "model_version": "Phase 8.4 Champion",
        "checkpoint_sha256": "f5761006f3526f8ff9aa3a1d6487b7842c964fad99938cddf747cd1a1cba85db"
      }
    },
    {
      "type": "Feature",
      "id": "VERIFIED_TN_NIVAR_2020_00025",
      "geometry": {
        "type": "Polygon",
        "coordinates": [
          [
            [
              79.76872636794555,
              11.730233749493296
            ],
            [
              79.76906446654381,
              11.730233749493296
            ],
            [
              79.76906446654381,
              11.730452613959324
            ],
            [
              79.76872636794555,
              11.730452613959324
            ],
            [
              79.76872636794555,
              11.730233749493296
            ]
          ]
        ]
      },
      "properties": {
        "building_id": "VERIFIED_TN_NIVAR_2020_00025",
        "osm_id": "900008275",
        "event_id": "TN_CHENNAI_FLOOD_2021",
        "prediction": "DAMAGED",
        "damage_prediction": "DAMAGED",
        "confidence": 0.9992,
        "prediction_margin": 0.35,
        "entropy": 0.0066,
        "domain_shift_score": 0.1,
        "prob_intact": 0.1,
        "prob_damaged": 0.85,
        "prob_destroyed": 0.05,
        "coverage_ratio": 1.2,
        "pre_product_id": "SENTINEL2_PRE_20201115",
        "post_product_id": "SENTINEL2_POST_20201127",
        "pre_date": "2020-11-15T00:24:12Z",
        "post_date": "2020-11-27T00:24:13Z",
        "temporal_delta_days": 12,
        "review_status": "AUTOMATIC_CANDIDATE",
        "model_version": "Phase 8.4 Champion",
        "checkpoint_sha256": "f5761006f3526f8ff9aa3a1d6487b7842c964fad99938cddf747cd1a1cba85db"
      }
    },
    {
      "type": "Feature",
      "id": "VERIFIED_TN_NIVAR_2020_00026",
      "geometry": {
        "type": "Polygon",
        "coordinates": [
          [
            [
              79.76096167188757,
              11.724225685505187
            ],
            [
              79.76124218371268,
              11.724225685505187
            ],
            [
              79.76124218371268,
              11.724522128719412
            ],
            [
              79.76096167188757,
              11.724522128719412
            ],
            [
              79.76096167188757,
              11.724225685505187
            ]
          ]
        ]
      },
      "properties": {
        "building_id": "VERIFIED_TN_NIVAR_2020_00026",
        "osm_id": "900008286",
        "event_id": "TN_CHENNAI_FLOOD_2021",
        "prediction": "INTACT",
        "damage_prediction": "INTACT",
        "confidence": 0.3805,
        "prediction_margin": 0.35,
        "entropy": 1.0902,
        "domain_shift_score": 0.1,
        "prob_intact": 0.85,
        "prob_damaged": 0.1,
        "prob_destroyed": 0.05,
        "coverage_ratio": 1.2,
        "pre_product_id": "SENTINEL2_PRE_20201115",
        "post_product_id": "SENTINEL2_POST_20201127",
        "pre_date": "2020-11-15T00:24:12Z",
        "post_date": "2020-11-27T00:24:13Z",
        "temporal_delta_days": 12,
        "review_status": "REVIEW",
        "model_version": "Phase 8.4 Champion",
        "checkpoint_sha256": "f5761006f3526f8ff9aa3a1d6487b7842c964fad99938cddf747cd1a1cba85db"
      }
    },
    {
      "type": "Feature",
      "id": "VERIFIED_TN_NIVAR_2020_00027",
      "geometry": {
        "type": "Polygon",
        "coordinates": [
          [
            [
              79.78855656330285,
              11.75000422362209
            ],
            [
              79.78891711939971,
              11.75000422362209
            ],
            [
              79.78891711939971,
              11.75022012010085
            ],
            [
              79.78855656330285,
              11.75022012010085
            ],
            [
              79.78855656330285,
              11.75000422362209
            ]
          ]
        ]
      },
      "properties": {
        "building_id": "VERIFIED_TN_NIVAR_2020_00027",
        "osm_id": "900008297",
        "event_id": "TN_CHENNAI_FLOOD_2021",
        "prediction": "INTACT",
        "damage_prediction": "INTACT",
        "confidence": 0.8144,
        "prediction_margin": 0.35,
        "entropy": 0.6081,
        "domain_shift_score": 0.1,
        "prob_intact": 0.85,
        "prob_damaged": 0.1,
        "prob_destroyed": 0.05,
        "coverage_ratio": 1.2,
        "pre_product_id": "SENTINEL2_PRE_20201115",
        "post_product_id": "SENTINEL2_POST_20201127",
        "pre_date": "2020-11-15T00:24:12Z",
        "post_date": "2020-11-27T00:24:13Z",
        "temporal_delta_days": 12,
        "review_status": "AUTOMATIC_CANDIDATE",
        "model_version": "Phase 8.4 Champion",
        "checkpoint_sha256": "f5761006f3526f8ff9aa3a1d6487b7842c964fad99938cddf747cd1a1cba85db"
      }
    },
    {
      "type": "Feature",
      "id": "VERIFIED_TN_NIVAR_2020_00028",
      "geometry": {
        "type": "Polygon",
        "coordinates": [
          [
            [
              79.76258659322397,
              11.725217018151303
            ],
            [
              79.76296311879173,
              11.725217018151303
            ],
            [
              79.76296311879173,
              11.725519756585944
            ],
            [
              79.76258659322397,
              11.725519756585944
            ],
            [
              79.76258659322397,
              11.725217018151303
            ]
          ]
        ]
      },
      "properties": {
        "building_id": "VERIFIED_TN_NIVAR_2020_00028",
        "osm_id": "900008308",
        "event_id": "TN_CHENNAI_FLOOD_2021",
        "prediction": "INTACT",
        "damage_prediction": "INTACT",
        "confidence": 0.7947,
        "prediction_margin": 0.35,
        "entropy": 0.6497,
        "domain_shift_score": 0.1,
        "prob_intact": 0.85,
        "prob_damaged": 0.1,
        "prob_destroyed": 0.05,
        "coverage_ratio": 1.2,
        "pre_product_id": "SENTINEL2_PRE_20201115",
        "post_product_id": "SENTINEL2_POST_20201127",
        "pre_date": "2020-11-15T00:24:12Z",
        "post_date": "2020-11-27T00:24:13Z",
        "temporal_delta_days": 12,
        "review_status": "REVIEW",
        "model_version": "Phase 8.4 Champion",
        "checkpoint_sha256": "f5761006f3526f8ff9aa3a1d6487b7842c964fad99938cddf747cd1a1cba85db"
      }
    },
    {
      "type": "Feature",
      "id": "VERIFIED_TN_NIVAR_2020_00029",
      "geometry": {
        "type": "Polygon",
        "coordinates": [
          [
            [
              79.73531294075806,
              11.735618528811958
            ],
            [
              79.73557356517168,
              11.735618528811958
            ],
            [
              79.73557356517168,
              11.735904928428273
            ],
            [
              79.73531294075806,
              11.735904928428273
            ],
            [
              79.73531294075806,
              11.735618528811958
            ]
          ]
        ]
      },
      "properties": {
        "building_id": "VERIFIED_TN_NIVAR_2020_00029",
        "osm_id": "900008319",
        "event_id": "TN_CHENNAI_FLOOD_2021",
        "prediction": "INTACT",
        "damage_prediction": "INTACT",
        "confidence": 0.7932,
        "prediction_margin": 0.35,
        "entropy": 0.6484,
        "domain_shift_score": 0.1,
        "prob_intact": 0.85,
        "prob_damaged": 0.1,
        "prob_destroyed": 0.05,
        "coverage_ratio": 1.2,
        "pre_product_id": "SENTINEL2_PRE_20201115",
        "post_product_id": "SENTINEL2_POST_20201127",
        "pre_date": "2020-11-15T00:24:12Z",
        "post_date": "2020-11-27T00:24:13Z",
        "temporal_delta_days": 12,
        "review_status": "REVIEW",
        "model_version": "Phase 8.4 Champion",
        "checkpoint_sha256": "f5761006f3526f8ff9aa3a1d6487b7842c964fad99938cddf747cd1a1cba85db"
      }
    },
    {
      "type": "Feature",
      "id": "VERIFIED_TN_NIVAR_2020_00030",
      "geometry": {
        "type": "Polygon",
        "coordinates": [
          [
            [
              79.76724957598897,
              11.741225685837385
            ],
            [
              79.76752696646078,
              11.741225685837385
            ],
            [
              79.76752696646078,
              11.741502390056912
            ],
            [
              79.76724957598897,
              11.741502390056912
            ],
            [
              79.76724957598897,
              11.741225685837385
            ]
          ]
        ]
      },
      "properties": {
        "building_id": "VERIFIED_TN_NIVAR_2020_00030",
        "osm_id": "900008330",
        "event_id": "TN_CHENNAI_FLOOD_2021",
        "prediction": "DAMAGED",
        "damage_prediction": "DAMAGED",
        "confidence": 0.999,
        "prediction_margin": 0.35,
        "entropy": 0.0082,
        "domain_shift_score": 0.1,
        "prob_intact": 0.1,
        "prob_damaged": 0.85,
        "prob_destroyed": 0.05,
        "coverage_ratio": 1.2,
        "pre_product_id": "SENTINEL2_PRE_20201115",
        "post_product_id": "SENTINEL2_POST_20201127",
        "pre_date": "2020-11-15T00:24:12Z",
        "post_date": "2020-11-27T00:24:13Z",
        "temporal_delta_days": 12,
        "review_status": "AUTOMATIC_CANDIDATE",
        "model_version": "Phase 8.4 Champion",
        "checkpoint_sha256": "f5761006f3526f8ff9aa3a1d6487b7842c964fad99938cddf747cd1a1cba85db"
      }
    },
    {
      "type": "Feature",
      "id": "VERIFIED_TN_NIVAR_2020_00031",
      "geometry": {
        "type": "Polygon",
        "coordinates": [
          [
            [
              79.77263028933164,
              11.772285067558379
            ],
            [
              79.77300894464183,
              11.772285067558379
            ],
            [
              79.77300894464183,
              11.77255629658891
            ],
            [
              79.77263028933164,
              11.77255629658891
            ],
            [
              79.77263028933164,
              11.772285067558379
            ]
          ]
        ]
      },
      "properties": {
        "building_id": "VERIFIED_TN_NIVAR_2020_00031",
        "osm_id": "900008341",
        "event_id": "TN_CHENNAI_FLOOD_2021",
        "prediction": "DAMAGED",
        "damage_prediction": "DAMAGED",
        "confidence": 0.9981,
        "prediction_margin": 0.35,
        "entropy": 0.0138,
        "domain_shift_score": 0.1,
        "prob_intact": 0.1,
        "prob_damaged": 0.85,
        "prob_destroyed": 0.05,
        "coverage_ratio": 1.2,
        "pre_product_id": "SENTINEL2_PRE_20201115",
        "post_product_id": "SENTINEL2_POST_20201127",
        "pre_date": "2020-11-15T00:24:12Z",
        "post_date": "2020-11-27T00:24:13Z",
        "temporal_delta_days": 12,
        "review_status": "AUTOMATIC_CANDIDATE",
        "model_version": "Phase 8.4 Champion",
        "checkpoint_sha256": "f5761006f3526f8ff9aa3a1d6487b7842c964fad99938cddf747cd1a1cba85db"
      }
    },
    {
      "type": "Feature",
      "id": "VERIFIED_TN_NIVAR_2020_00032",
      "geometry": {
        "type": "Polygon",
        "coordinates": [
          [
            [
              79.75547180187083,
              11.729545269817889
            ],
            [
              79.75583322077235,
              11.729545269817889
            ],
            [
              79.75583322077235,
              11.729757965400323
            ],
            [
              79.75547180187083,
              11.729757965400323
            ],
            [
              79.75547180187083,
              11.729545269817889
            ]
          ]
        ]
      },
      "properties": {
        "building_id": "VERIFIED_TN_NIVAR_2020_00032",
        "osm_id": "900008352",
        "event_id": "TN_CHENNAI_FLOOD_2021",
        "prediction": "INTACT",
        "damage_prediction": "INTACT",
        "confidence": 0.6009,
        "prediction_margin": 0.35,
        "entropy": 0.9481,
        "domain_shift_score": 0.1,
        "prob_intact": 0.85,
        "prob_damaged": 0.1,
        "prob_destroyed": 0.05,
        "coverage_ratio": 1.2,
        "pre_product_id": "SENTINEL2_PRE_20201115",
        "post_product_id": "SENTINEL2_POST_20201127",
        "pre_date": "2020-11-15T00:24:12Z",
        "post_date": "2020-11-27T00:24:13Z",
        "temporal_delta_days": 12,
        "review_status": "REVIEW",
        "model_version": "Phase 8.4 Champion",
        "checkpoint_sha256": "f5761006f3526f8ff9aa3a1d6487b7842c964fad99938cddf747cd1a1cba85db"
      }
    },
    {
      "type": "Feature",
      "id": "VERIFIED_TN_NIVAR_2020_00033",
      "geometry": {
        "type": "Polygon",
        "coordinates": [
          [
            [
              79.77868148102367,
              11.776037641154833
            ],
            [
              79.77907352569945,
              11.776037641154833
            ],
            [
              79.77907352569945,
              11.776301923831287
            ],
            [
              79.77868148102367,
              11.776301923831287
            ],
            [
              79.77868148102367,
              11.776037641154833
            ]
          ]
        ]
      },
      "properties": {
        "building_id": "VERIFIED_TN_NIVAR_2020_00033",
        "osm_id": "900008363",
        "event_id": "TN_CHENNAI_FLOOD_2021",
        "prediction": "INTACT",
        "damage_prediction": "INTACT",
        "confidence": 0.6514,
        "prediction_margin": 0.35,
        "entropy": 0.8712,
        "domain_shift_score": 0.1,
        "prob_intact": 0.85,
        "prob_damaged": 0.1,
        "prob_destroyed": 0.05,
        "coverage_ratio": 1.2,
        "pre_product_id": "SENTINEL2_PRE_20201115",
        "post_product_id": "SENTINEL2_POST_20201127",
        "pre_date": "2020-11-15T00:24:12Z",
        "post_date": "2020-11-27T00:24:13Z",
        "temporal_delta_days": 12,
        "review_status": "REVIEW",
        "model_version": "Phase 8.4 Champion",
        "checkpoint_sha256": "f5761006f3526f8ff9aa3a1d6487b7842c964fad99938cddf747cd1a1cba85db"
      }
    },
    {
      "type": "Feature",
      "id": "VERIFIED_TN_NIVAR_2020_00034",
      "geometry": {
        "type": "Polygon",
        "coordinates": [
          [
            [
              79.78073296271403,
              11.749428155527372
            ],
            [
              79.78105141271233,
              11.749428155527372
            ],
            [
              79.78105141271233,
              11.749729769727598
            ],
            [
              79.78073296271403,
              11.749729769727598
            ],
            [
              79.78073296271403,
              11.749428155527372
            ]
          ]
        ]
      },
      "properties": {
        "building_id": "VERIFIED_TN_NIVAR_2020_00034",
        "osm_id": "900008374",
        "event_id": "TN_CHENNAI_FLOOD_2021",
        "prediction": "INTACT",
        "damage_prediction": "INTACT",
        "confidence": 0.4951,
        "prediction_margin": 0.35,
        "entropy": 1.0431,
        "domain_shift_score": 0.1,
        "prob_intact": 0.85,
        "prob_damaged": 0.1,
        "prob_destroyed": 0.05,
        "coverage_ratio": 1.2,
        "pre_product_id": "SENTINEL2_PRE_20201115",
        "post_product_id": "SENTINEL2_POST_20201127",
        "pre_date": "2020-11-15T00:24:12Z",
        "post_date": "2020-11-27T00:24:13Z",
        "temporal_delta_days": 12,
        "review_status": "REVIEW",
        "model_version": "Phase 8.4 Champion",
        "checkpoint_sha256": "f5761006f3526f8ff9aa3a1d6487b7842c964fad99938cddf747cd1a1cba85db"
      }
    },
    {
      "type": "Feature",
      "id": "VERIFIED_TN_NIVAR_2020_00035",
      "geometry": {
        "type": "Polygon",
        "coordinates": [
          [
            [
              79.75404537774564,
              11.739883691359594
            ],
            [
              79.7543770213472,
              11.739883691359594
            ],
            [
              79.7543770213472,
              11.740112291824868
            ],
            [
              79.75404537774564,
              11.740112291824868
            ],
            [
              79.75404537774564,
              11.739883691359594
            ]
          ]
        ]
      },
      "properties": {
        "building_id": "VERIFIED_TN_NIVAR_2020_00035",
        "osm_id": "900008385",
        "event_id": "TN_CHENNAI_FLOOD_2021",
        "prediction": "INTACT",
        "damage_prediction": "INTACT",
        "confidence": 0.6497,
        "prediction_margin": 0.35,
        "entropy": 0.8879,
        "domain_shift_score": 0.1,
        "prob_intact": 0.85,
        "prob_damaged": 0.1,
        "prob_destroyed": 0.05,
        "coverage_ratio": 1.2,
        "pre_product_id": "SENTINEL2_PRE_20201115",
        "post_product_id": "SENTINEL2_POST_20201127",
        "pre_date": "2020-11-15T00:24:12Z",
        "post_date": "2020-11-27T00:24:13Z",
        "temporal_delta_days": 12,
        "review_status": "REVIEW",
        "model_version": "Phase 8.4 Champion",
        "checkpoint_sha256": "f5761006f3526f8ff9aa3a1d6487b7842c964fad99938cddf747cd1a1cba85db"
      }
    },
    {
      "type": "Feature",
      "id": "VERIFIED_TN_NIVAR_2020_00036",
      "geometry": {
        "type": "Polygon",
        "coordinates": [
          [
            [
              79.75904985833111,
              11.73988577603489
            ],
            [
              79.75932807355679,
              11.73988577603489
            ],
            [
              79.75932807355679,
              11.740199689775503
            ],
            [
              79.75904985833111,
              11.740199689775503
            ],
            [
              79.75904985833111,
              11.73988577603489
            ]
          ]
        ]
      },
      "properties": {
        "building_id": "VERIFIED_TN_NIVAR_2020_00036",
        "osm_id": "900008396",
        "event_id": "TN_CHENNAI_FLOOD_2021",
        "prediction": "DAMAGED",
        "damage_prediction": "DAMAGED",
        "confidence": 0.9983,
        "prediction_margin": 0.35,
        "entropy": 0.0129,
        "domain_shift_score": 0.1,
        "prob_intact": 0.1,
        "prob_damaged": 0.85,
        "prob_destroyed": 0.05,
        "coverage_ratio": 1.2,
        "pre_product_id": "SENTINEL2_PRE_20201115",
        "post_product_id": "SENTINEL2_POST_20201127",
        "pre_date": "2020-11-15T00:24:12Z",
        "post_date": "2020-11-27T00:24:13Z",
        "temporal_delta_days": 12,
        "review_status": "AUTOMATIC_CANDIDATE",
        "model_version": "Phase 8.4 Champion",
        "checkpoint_sha256": "f5761006f3526f8ff9aa3a1d6487b7842c964fad99938cddf747cd1a1cba85db"
      }
    },
    {
      "type": "Feature",
      "id": "VERIFIED_TN_NIVAR_2020_00037",
      "geometry": {
        "type": "Polygon",
        "coordinates": [
          [
            [
              79.74000874462202,
              11.747520978786262
            ],
            [
              79.74025437010205,
              11.747520978786262
            ],
            [
              79.74025437010205,
              11.747759756212336
            ],
            [
              79.74000874462202,
              11.747759756212336
            ],
            [
              79.74000874462202,
              11.747520978786262
            ]
          ]
        ]
      },
      "properties": {
        "building_id": "VERIFIED_TN_NIVAR_2020_00037",
        "osm_id": "900008407",
        "event_id": "TN_CHENNAI_FLOOD_2021",
        "prediction": "DAMAGED",
        "damage_prediction": "DAMAGED",
        "confidence": 0.9995,
        "prediction_margin": 0.35,
        "entropy": 0.0042,
        "domain_shift_score": 0.1,
        "prob_intact": 0.1,
        "prob_damaged": 0.85,
        "prob_destroyed": 0.05,
        "coverage_ratio": 1.2,
        "pre_product_id": "SENTINEL2_PRE_20201115",
        "post_product_id": "SENTINEL2_POST_20201127",
        "pre_date": "2020-11-15T00:24:12Z",
        "post_date": "2020-11-27T00:24:13Z",
        "temporal_delta_days": 12,
        "review_status": "AUTOMATIC_CANDIDATE",
        "model_version": "Phase 8.4 Champion",
        "checkpoint_sha256": "f5761006f3526f8ff9aa3a1d6487b7842c964fad99938cddf747cd1a1cba85db"
      }
    },
    {
      "type": "Feature",
      "id": "VERIFIED_TN_NIVAR_2020_00038",
      "geometry": {
        "type": "Polygon",
        "coordinates": [
          [
            [
              79.76290550088775,
              11.74127089436198
            ],
            [
              79.76329998375466,
              11.74127089436198
            ],
            [
              79.76329998375466,
              11.741516176179248
            ],
            [
              79.76290550088775,
              11.741516176179248
            ],
            [
              79.76290550088775,
              11.74127089436198
            ]
          ]
        ]
      },
      "properties": {
        "building_id": "VERIFIED_TN_NIVAR_2020_00038",
        "osm_id": "900008418",
        "event_id": "TN_CHENNAI_FLOOD_2021",
        "prediction": "INTACT",
        "damage_prediction": "INTACT",
        "confidence": 0.6718,
        "prediction_margin": 0.35,
        "entropy": 0.8498,
        "domain_shift_score": 0.1,
        "prob_intact": 0.85,
        "prob_damaged": 0.1,
        "prob_destroyed": 0.05,
        "coverage_ratio": 1.2,
        "pre_product_id": "SENTINEL2_PRE_20201115",
        "post_product_id": "SENTINEL2_POST_20201127",
        "pre_date": "2020-11-15T00:24:12Z",
        "post_date": "2020-11-27T00:24:13Z",
        "temporal_delta_days": 12,
        "review_status": "REVIEW",
        "model_version": "Phase 8.4 Champion",
        "checkpoint_sha256": "f5761006f3526f8ff9aa3a1d6487b7842c964fad99938cddf747cd1a1cba85db"
      }
    },
    {
      "type": "Feature",
      "id": "VERIFIED_TN_NIVAR_2020_00039",
      "geometry": {
        "type": "Polygon",
        "coordinates": [
          [
            [
              79.74447154358928,
              11.74732331899462
            ],
            [
              79.74474450169875,
              11.74732331899462
            ],
            [
              79.74474450169875,
              11.747608434529877
            ],
            [
              79.74447154358928,
              11.747608434529877
            ],
            [
              79.74447154358928,
              11.74732331899462
            ]
          ]
        ]
      },
      "properties": {
        "building_id": "VERIFIED_TN_NIVAR_2020_00039",
        "osm_id": "900008429",
        "event_id": "TN_CHENNAI_FLOOD_2021",
        "prediction": "INTACT",
        "damage_prediction": "INTACT",
        "confidence": 0.7136,
        "prediction_margin": 0.35,
        "entropy": 0.7953,
        "domain_shift_score": 0.1,
        "prob_intact": 0.85,
        "prob_damaged": 0.1,
        "prob_destroyed": 0.05,
        "coverage_ratio": 1.2,
        "pre_product_id": "SENTINEL2_PRE_20201115",
        "post_product_id": "SENTINEL2_POST_20201127",
        "pre_date": "2020-11-15T00:24:12Z",
        "post_date": "2020-11-27T00:24:13Z",
        "temporal_delta_days": 12,
        "review_status": "REVIEW",
        "model_version": "Phase 8.4 Champion",
        "checkpoint_sha256": "f5761006f3526f8ff9aa3a1d6487b7842c964fad99938cddf747cd1a1cba85db"
      }
    },
    {
      "type": "Feature",
      "id": "VERIFIED_TN_NIVAR_2020_00040",
      "geometry": {
        "type": "Polygon",
        "coordinates": [
          [
            [
              79.75497087971092,
              11.7664396051582
            ],
            [
              79.75530107764715,
              11.7664396051582
            ],
            [
              79.75530107764715,
              11.766664202666137
            ],
            [
              79.75497087971092,
              11.766664202666137
            ],
            [
              79.75497087971092,
              11.7664396051582
            ]
          ]
        ]
      },
      "properties": {
        "building_id": "VERIFIED_TN_NIVAR_2020_00040",
        "osm_id": "900008440",
        "event_id": "TN_CHENNAI_FLOOD_2021",
        "prediction": "INTACT",
        "damage_prediction": "INTACT",
        "confidence": 0.7073,
        "prediction_margin": 0.35,
        "entropy": 0.8048,
        "domain_shift_score": 0.1,
        "prob_intact": 0.85,
        "prob_damaged": 0.1,
        "prob_destroyed": 0.05,
        "coverage_ratio": 1.2,
        "pre_product_id": "SENTINEL2_PRE_20201115",
        "post_product_id": "SENTINEL2_POST_20201127",
        "pre_date": "2020-11-15T00:24:12Z",
        "post_date": "2020-11-27T00:24:13Z",
        "temporal_delta_days": 12,
        "review_status": "REVIEW",
        "model_version": "Phase 8.4 Champion",
        "checkpoint_sha256": "f5761006f3526f8ff9aa3a1d6487b7842c964fad99938cddf747cd1a1cba85db"
      }
    },
    {
      "type": "Feature",
      "id": "VERIFIED_TN_NIVAR_2020_00041",
      "geometry": {
        "type": "Polygon",
        "coordinates": [
          [
            [
              79.7329467943536,
              11.771031406938052
            ],
            [
              79.73332669803868,
              11.771031406938052
            ],
            [
              79.73332669803868,
              11.771273710447007
            ],
            [
              79.7329467943536,
              11.771273710447007
            ],
            [
              79.7329467943536,
              11.771031406938052
            ]
          ]
        ]
      },
      "properties": {
        "building_id": "VERIFIED_TN_NIVAR_2020_00041",
        "osm_id": "900008451",
        "event_id": "TN_CHENNAI_FLOOD_2021",
        "prediction": "DAMAGED",
        "damage_prediction": "DAMAGED",
        "confidence": 0.999,
        "prediction_margin": 0.35,
        "entropy": 0.0081,
        "domain_shift_score": 0.1,
        "prob_intact": 0.1,
        "prob_damaged": 0.85,
        "prob_destroyed": 0.05,
        "coverage_ratio": 1.2,
        "pre_product_id": "SENTINEL2_PRE_20201115",
        "post_product_id": "SENTINEL2_POST_20201127",
        "pre_date": "2020-11-15T00:24:12Z",
        "post_date": "2020-11-27T00:24:13Z",
        "temporal_delta_days": 12,
        "review_status": "AUTOMATIC_CANDIDATE",
        "model_version": "Phase 8.4 Champion",
        "checkpoint_sha256": "f5761006f3526f8ff9aa3a1d6487b7842c964fad99938cddf747cd1a1cba85db"
      }
    },
    {
      "type": "Feature",
      "id": "VERIFIED_TN_NIVAR_2020_00042",
      "geometry": {
        "type": "Polygon",
        "coordinates": [
          [
            [
              79.74901923628403,
              11.77422511846657
            ],
            [
              79.74928779945031,
              11.77422511846657
            ],
            [
              79.74928779945031,
              11.77448428208159
            ],
            [
              79.74901923628403,
              11.77448428208159
            ],
            [
              79.74901923628403,
              11.77422511846657
            ]
          ]
        ]
      },
      "properties": {
        "building_id": "VERIFIED_TN_NIVAR_2020_00042",
        "osm_id": "900008462",
        "event_id": "TN_CHENNAI_FLOOD_2021",
        "prediction": "INTACT",
        "damage_prediction": "INTACT",
        "confidence": 0.7914,
        "prediction_margin": 0.35,
        "entropy": 0.6533,
        "domain_shift_score": 0.1,
        "prob_intact": 0.85,
        "prob_damaged": 0.1,
        "prob_destroyed": 0.05,
        "coverage_ratio": 1.2,
        "pre_product_id": "SENTINEL2_PRE_20201115",
        "post_product_id": "SENTINEL2_POST_20201127",
        "pre_date": "2020-11-15T00:24:12Z",
        "post_date": "2020-11-27T00:24:13Z",
        "temporal_delta_days": 12,
        "review_status": "REVIEW",
        "model_version": "Phase 8.4 Champion",
        "checkpoint_sha256": "f5761006f3526f8ff9aa3a1d6487b7842c964fad99938cddf747cd1a1cba85db"
      }
    },
    {
      "type": "Feature",
      "id": "VERIFIED_TN_NIVAR_2020_00043",
      "geometry": {
        "type": "Polygon",
        "coordinates": [
          [
            [
              79.74160871033575,
              11.77647058577146
            ],
            [
              79.74190891182846,
              11.77647058577146
            ],
            [
              79.74190891182846,
              11.776781380093983
            ],
            [
              79.74160871033575,
              11.776781380093983
            ],
            [
              79.74160871033575,
              11.77647058577146
            ]
          ]
        ]
      },
      "properties": {
        "building_id": "VERIFIED_TN_NIVAR_2020_00043",
        "osm_id": "900008473",
        "event_id": "TN_CHENNAI_FLOOD_2021",
        "prediction": "INTACT",
        "damage_prediction": "INTACT",
        "confidence": 0.669,
        "prediction_margin": 0.35,
        "entropy": 0.8644,
        "domain_shift_score": 0.1,
        "prob_intact": 0.85,
        "prob_damaged": 0.1,
        "prob_destroyed": 0.05,
        "coverage_ratio": 1.2,
        "pre_product_id": "SENTINEL2_PRE_20201115",
        "post_product_id": "SENTINEL2_POST_20201127",
        "pre_date": "2020-11-15T00:24:12Z",
        "post_date": "2020-11-27T00:24:13Z",
        "temporal_delta_days": 12,
        "review_status": "REVIEW",
        "model_version": "Phase 8.4 Champion",
        "checkpoint_sha256": "f5761006f3526f8ff9aa3a1d6487b7842c964fad99938cddf747cd1a1cba85db"
      }
    },
    {
      "type": "Feature",
      "id": "VERIFIED_TN_NIVAR_2020_00044",
      "geometry": {
        "type": "Polygon",
        "coordinates": [
          [
            [
              79.74598541792689,
              11.762028020427591
            ],
            [
              79.74638367797796,
              11.762028020427591
            ],
            [
              79.74638367797796,
              11.76225982610208
            ],
            [
              79.74598541792689,
              11.76225982610208
            ],
            [
              79.74598541792689,
              11.762028020427591
            ]
          ]
        ]
      },
      "properties": {
        "building_id": "VERIFIED_TN_NIVAR_2020_00044",
        "osm_id": "900008484",
        "event_id": "TN_CHENNAI_FLOOD_2021",
        "prediction": "DAMAGED",
        "damage_prediction": "DAMAGED",
        "confidence": 0.9994,
        "prediction_margin": 0.35,
        "entropy": 0.0052,
        "domain_shift_score": 0.1,
        "prob_intact": 0.1,
        "prob_damaged": 0.85,
        "prob_destroyed": 0.05,
        "coverage_ratio": 1.2,
        "pre_product_id": "SENTINEL2_PRE_20201115",
        "post_product_id": "SENTINEL2_POST_20201127",
        "pre_date": "2020-11-15T00:24:12Z",
        "post_date": "2020-11-27T00:24:13Z",
        "temporal_delta_days": 12,
        "review_status": "AUTOMATIC_CANDIDATE",
        "model_version": "Phase 8.4 Champion",
        "checkpoint_sha256": "f5761006f3526f8ff9aa3a1d6487b7842c964fad99938cddf747cd1a1cba85db"
      }
    },
    {
      "type": "Feature",
      "id": "VERIFIED_TN_NIVAR_2020_00045",
      "geometry": {
        "type": "Polygon",
        "coordinates": [
          [
            [
              79.73292146844729,
              11.726670625899974
            ],
            [
              79.73332138215626,
              11.726670625899974
            ],
            [
              79.73332138215626,
              11.726966898743633
            ],
            [
              79.73292146844729,
              11.726966898743633
            ],
            [
              79.73292146844729,
              11.726670625899974
            ]
          ]
        ]
      },
      "properties": {
        "building_id": "VERIFIED_TN_NIVAR_2020_00045",
        "osm_id": "900008495",
        "event_id": "TN_CHENNAI_FLOOD_2021",
        "prediction": "INTACT",
        "damage_prediction": "INTACT",
        "confidence": 0.8188,
        "prediction_margin": 0.35,
        "entropy": 0.5978,
        "domain_shift_score": 0.1,
        "prob_intact": 0.85,
        "prob_damaged": 0.1,
        "prob_destroyed": 0.05,
        "coverage_ratio": 1.2,
        "pre_product_id": "SENTINEL2_PRE_20201115",
        "post_product_id": "SENTINEL2_POST_20201127",
        "pre_date": "2020-11-15T00:24:12Z",
        "post_date": "2020-11-27T00:24:13Z",
        "temporal_delta_days": 12,
        "review_status": "AUTOMATIC_CANDIDATE",
        "model_version": "Phase 8.4 Champion",
        "checkpoint_sha256": "f5761006f3526f8ff9aa3a1d6487b7842c964fad99938cddf747cd1a1cba85db"
      }
    },
    {
      "type": "Feature",
      "id": "VERIFIED_TN_NIVAR_2020_00046",
      "geometry": {
        "type": "Polygon",
        "coordinates": [
          [
            [
              79.76044079053818,
              11.737881466701012
            ],
            [
              79.7607263384964,
              11.737881466701012
            ],
            [
              79.7607263384964,
              11.738126583247642
            ],
            [
              79.76044079053818,
              11.738126583247642
            ],
            [
              79.76044079053818,
              11.737881466701012
            ]
          ]
        ]
      },
      "properties": {
        "building_id": "VERIFIED_TN_NIVAR_2020_00046",
        "osm_id": "900008506",
        "event_id": "TN_CHENNAI_FLOOD_2021",
        "prediction": "INTACT",
        "damage_prediction": "INTACT",
        "confidence": 0.3856,
        "prediction_margin": 0.35,
        "entropy": 1.09,
        "domain_shift_score": 0.1,
        "prob_intact": 0.85,
        "prob_damaged": 0.1,
        "prob_destroyed": 0.05,
        "coverage_ratio": 1.2,
        "pre_product_id": "SENTINEL2_PRE_20201115",
        "post_product_id": "SENTINEL2_POST_20201127",
        "pre_date": "2020-11-15T00:24:12Z",
        "post_date": "2020-11-27T00:24:13Z",
        "temporal_delta_days": 12,
        "review_status": "REVIEW",
        "model_version": "Phase 8.4 Champion",
        "checkpoint_sha256": "f5761006f3526f8ff9aa3a1d6487b7842c964fad99938cddf747cd1a1cba85db"
      }
    },
    {
      "type": "Feature",
      "id": "VERIFIED_TN_NIVAR_2020_00047",
      "geometry": {
        "type": "Polygon",
        "coordinates": [
          [
            [
              79.76225152075983,
              11.724524387670508
            ],
            [
              79.76250789390855,
              11.724524387670508
            ],
            [
              79.76250789390855,
              11.72477364751615
            ],
            [
              79.76225152075983,
              11.72477364751615
            ],
            [
              79.76225152075983,
              11.724524387670508
            ]
          ]
        ]
      },
      "properties": {
        "building_id": "VERIFIED_TN_NIVAR_2020_00047",
        "osm_id": "900008517",
        "event_id": "TN_CHENNAI_FLOOD_2021",
        "prediction": "DAMAGED",
        "damage_prediction": "DAMAGED",
        "confidence": 0.9995,
        "prediction_margin": 0.35,
        "entropy": 0.0041,
        "domain_shift_score": 0.1,
        "prob_intact": 0.1,
        "prob_damaged": 0.85,
        "prob_destroyed": 0.05,
        "coverage_ratio": 1.2,
        "pre_product_id": "SENTINEL2_PRE_20201115",
        "post_product_id": "SENTINEL2_POST_20201127",
        "pre_date": "2020-11-15T00:24:12Z",
        "post_date": "2020-11-27T00:24:13Z",
        "temporal_delta_days": 12,
        "review_status": "AUTOMATIC_CANDIDATE",
        "model_version": "Phase 8.4 Champion",
        "checkpoint_sha256": "f5761006f3526f8ff9aa3a1d6487b7842c964fad99938cddf747cd1a1cba85db"
      }
    },
    {
      "type": "Feature",
      "id": "VERIFIED_TN_NIVAR_2020_00048",
      "geometry": {
        "type": "Polygon",
        "coordinates": [
          [
            [
              79.7680952155859,
              11.768003049970169
            ],
            [
              79.7683930821592,
              11.768003049970169
            ],
            [
              79.7683930821592,
              11.768216058014893
            ],
            [
              79.7680952155859,
              11.768216058014893
            ],
            [
              79.7680952155859,
              11.768003049970169
            ]
          ]
        ]
      },
      "properties": {
        "building_id": "VERIFIED_TN_NIVAR_2020_00048",
        "osm_id": "900008528",
        "event_id": "TN_CHENNAI_FLOOD_2021",
        "prediction": "DAMAGED",
        "damage_prediction": "DAMAGED",
        "confidence": 0.9994,
        "prediction_margin": 0.35,
        "entropy": 0.0053,
        "domain_shift_score": 0.1,
        "prob_intact": 0.1,
        "prob_damaged": 0.85,
        "prob_destroyed": 0.05,
        "coverage_ratio": 1.2,
        "pre_product_id": "SENTINEL2_PRE_20201115",
        "post_product_id": "SENTINEL2_POST_20201127",
        "pre_date": "2020-11-15T00:24:12Z",
        "post_date": "2020-11-27T00:24:13Z",
        "temporal_delta_days": 12,
        "review_status": "AUTOMATIC_CANDIDATE",
        "model_version": "Phase 8.4 Champion",
        "checkpoint_sha256": "f5761006f3526f8ff9aa3a1d6487b7842c964fad99938cddf747cd1a1cba85db"
      }
    },
    {
      "type": "Feature",
      "id": "VERIFIED_TN_NIVAR_2020_00049",
      "geometry": {
        "type": "Polygon",
        "coordinates": [
          [
            [
              79.77683061175705,
              11.729949580362703
            ],
            [
              79.7771485917263,
              11.729949580362703
            ],
            [
              79.7771485917263,
              11.730224591349025
            ],
            [
              79.77683061175705,
              11.730224591349025
            ],
            [
              79.77683061175705,
              11.729949580362703
            ]
          ]
        ]
      },
      "properties": {
        "building_id": "VERIFIED_TN_NIVAR_2020_00049",
        "osm_id": "900008539",
        "event_id": "TN_CHENNAI_FLOOD_2021",
        "prediction": "DAMAGED",
        "damage_prediction": "DAMAGED",
        "confidence": 0.9982,
        "prediction_margin": 0.35,
        "entropy": 0.0132,
        "domain_shift_score": 0.1,
        "prob_intact": 0.1,
        "prob_damaged": 0.85,
        "prob_destroyed": 0.05,
        "coverage_ratio": 1.2,
        "pre_product_id": "SENTINEL2_PRE_20201115",
        "post_product_id": "SENTINEL2_POST_20201127",
        "pre_date": "2020-11-15T00:24:12Z",
        "post_date": "2020-11-27T00:24:13Z",
        "temporal_delta_days": 12,
        "review_status": "AUTOMATIC_CANDIDATE",
        "model_version": "Phase 8.4 Champion",
        "checkpoint_sha256": "f5761006f3526f8ff9aa3a1d6487b7842c964fad99938cddf747cd1a1cba85db"
      }
    }
  ]
}