{
  "type": "FeatureCollection",
  "metadata": {
    "event_title": "Nagapattinam Cyclone 2022",
    "building_count": 180,
    "created_at": "2026-09-01T09:53:02.398957+00:00"
  },
  "features": [
    {
      "type": "Feature",
      "id": "473808828",
      "geometry": {
        "type": "Polygon",
        "coordinates": [
          [
            [
              79.7656082,
              11.7513339
            ],
            [
              79.7659172,
              11.7511468
            ],
            [
              79.7660412,
              11.751105
            ],
            [
              79.7664314,
              11.7510294
            ],
            [
              79.7664497,
              11.7510811
            ],
            [
              79.7664436,
              11.7511189
            ],
            [
              79.7663786,
              11.7511408
            ],
            [
              79.7660838,
              11.7511965
            ],
            [
              79.7659433,
              11.7512536
            ],
            [
              79.7656535,
              11.7514222
            ],
            [
              79.7656082,
              11.7513339
            ]
          ]
        ]
      },
      "properties": {
        "building_id": "473808828",
        "osm_id": "473808828",
        "event_id": "TN_NAGAPATTINAM_CYCLONE_2022",
        "prediction": "INTACT",
        "damage_prediction": "INTACT",
        "confidence": 0.6594,
        "prediction_margin": 0.35,
        "entropy": 0.8769,
        "domain_shift_score": 0.1,
        "prob_intact": 0.85,
        "prob_damaged": 0.1,
        "prob_destroyed": 0.05,
        "coverage_ratio": 1.2,
        "pre_product_id": "SENTINEL2_PRE_20201115",
        "post_product_id": "SENTINEL2_POST_20201127",
        "pre_date": "2020-11-15T00:24:12Z",
        "post_date": "2020-11-27T00:24:13Z",
        "temporal_delta_days": 12,
        "review_status": "REVIEW",
        "model_version": "Phase 8.4 Champion",
        "checkpoint_sha256": "f5761006f3526f8ff9aa3a1d6487b7842c964fad99938cddf747cd1a1cba85db"
      }
    },
    {
      "type": "Feature",
      "id": "474802325",
      "geometry": {
        "type": "Polygon",
        "coordinates": [
          [
            [
              79.7655893,
              11.7512366
            ],
            [
              79.7656529,
              11.7512033
            ],
            [
              79.7653686,
              11.7506833
            ],
            [
              79.7653049,
              11.7507167
            ],
            [
              79.7655893,
              11.7512366
            ]
          ]
        ]
      },
      "properties": {
        "building_id": "474802325",
        "osm_id": "474802325",
        "event_id": "TN_NAGAPATTINAM_CYCLONE_2022",
        "prediction": "INTACT",
        "damage_prediction": "INTACT",
        "confidence": 0.6379,
        "prediction_margin": 0.35,
        "entropy": 0.9036,
        "domain_shift_score": 0.1,
        "prob_intact": 0.85,
        "prob_damaged": 0.1,
        "prob_destroyed": 0.05,
        "coverage_ratio": 1.2,
        "pre_product_id": "SENTINEL2_PRE_20201115",
        "post_product_id": "SENTINEL2_POST_20201127",
        "pre_date": "2020-11-15T00:24:12Z",
        "post_date": "2020-11-27T00:24:13Z",
        "temporal_delta_days": 12,
        "review_status": "REVIEW",
        "model_version": "Phase 8.4 Champion",
        "checkpoint_sha256": "f5761006f3526f8ff9aa3a1d6487b7842c964fad99938cddf747cd1a1cba85db"
      }
    },
    {
      "type": "Feature",
      "id": "838475000",
      "geometry": {
        "type": "Polygon",
        "coordinates": [
          [
            [
              79.7656587,
              11.7481633
            ],
            [
              79.7657503,
              11.7481608
            ],
            [
              79.765741,
              11.7478195
            ],
            [
              79.7656493,
              11.7478219
            ],
            [
              79.7656587,
              11.7481633
            ]
          ]
        ]
      },
      "properties": {
        "building_id": "838475000",
        "osm_id": "838475000",
        "event_id": "TN_NAGAPATTINAM_CYCLONE_2022",
        "prediction": "INTACT",
        "damage_prediction": "INTACT",
        "confidence": 0.5268,
        "prediction_margin": 0.35,
        "entropy": 1.0141,
        "domain_shift_score": 0.1,
        "prob_intact": 0.85,
        "prob_damaged": 0.1,
        "prob_destroyed": 0.05,
        "coverage_ratio": 1.2,
        "pre_product_id": "SENTINEL2_PRE_20201115",
        "post_product_id": "SENTINEL2_POST_20201127",
        "pre_date": "2020-11-15T00:24:12Z",
        "post_date": "2020-11-27T00:24:13Z",
        "temporal_delta_days": 12,
        "review_status": "REVIEW",
        "model_version": "Phase 8.4 Champion",
        "checkpoint_sha256": "f5761006f3526f8ff9aa3a1d6487b7842c964fad99938cddf747cd1a1cba85db"
      }
    },
    {
      "type": "Feature",
      "id": "838475006",
      "geometry": {
        "type": "Polygon",
        "coordinates": [
          [
            [
              79.7661495,
              11.7482171
            ],
            [
              79.7662309,
              11.7482145
            ],
            [
              79.7662242,
              11.7480149
            ],
            [
              79.7661428,
              11.7480175
            ],
            [
              79.7661495,
              11.7482171
            ]
          ]
        ]
      },
      "properties": {
        "building_id": "838475006",
        "osm_id": "838475006",
        "event_id": "TN_NAGAPATTINAM_CYCLONE_2022",
        "prediction": "INTACT",
        "damage_prediction": "INTACT",
        "confidence": 0.6794,
        "prediction_margin": 0.35,
        "entropy": 0.8483,
        "domain_shift_score": 0.1,
        "prob_intact": 0.85,
        "prob_damaged": 0.1,
        "prob_destroyed": 0.05,
        "coverage_ratio": 1.2,
        "pre_product_id": "SENTINEL2_PRE_20201115",
        "post_product_id": "SENTINEL2_POST_20201127",
        "pre_date": "2020-11-15T00:24:12Z",
        "post_date": "2020-11-27T00:24:13Z",
        "temporal_delta_days": 12,
        "review_status": "REVIEW",
        "model_version": "Phase 8.4 Champion",
        "checkpoint_sha256": "f5761006f3526f8ff9aa3a1d6487b7842c964fad99938cddf747cd1a1cba85db"
      }
    },
    {
      "type": "Feature",
      "id": "838475013",
      "geometry": {
        "type": "Polygon",
        "coordinates": [
          [
            [
              79.7678058,
              11.7485769
            ],
            [
              79.7679245,
              11.7485725
            ],
            [
              79.7679138,
              11.7482954
            ],
            [
              79.7677951,
              11.7482998
            ],
            [
              79.7678058,
              11.7485769
            ]
          ]
        ]
      },
      "properties": {
        "building_id": "838475013",
        "osm_id": "838475013",
        "event_id": "TN_NAGAPATTINAM_CYCLONE_2022",
        "prediction": "INTACT",
        "damage_prediction": "INTACT",
        "confidence": 0.5899,
        "prediction_margin": 0.35,
        "entropy": 0.9553,
        "domain_shift_score": 0.1,
        "prob_intact": 0.85,
        "prob_damaged": 0.1,
        "prob_destroyed": 0.05,
        "coverage_ratio": 1.2,
        "pre_product_id": "SENTINEL2_PRE_20201115",
        "post_product_id": "SENTINEL2_POST_20201127",
        "pre_date": "2020-11-15T00:24:12Z",
        "post_date": "2020-11-27T00:24:13Z",
        "temporal_delta_days": 12,
        "review_status": "REVIEW",
        "model_version": "Phase 8.4 Champion",
        "checkpoint_sha256": "f5761006f3526f8ff9aa3a1d6487b7842c964fad99938cddf747cd1a1cba85db"
      }
    },
    {
      "type": "Feature",
      "id": "838475028",
      "geometry": {
        "type": "Polygon",
        "coordinates": [
          [
            [
              79.7649895,
              11.7486399
            ],
            [
              79.7651102,
              11.748638
            ],
            [
              79.7651062,
              11.7483925
            ],
            [
              79.7649854,
              11.7483944
            ],
            [
              79.7649895,
              11.7486399
            ]
          ]
        ]
      },
      "properties": {
        "building_id": "838475028",
        "osm_id": "838475028",
        "event_id": "TN_NAGAPATTINAM_CYCLONE_2022",
        "prediction": "INTACT",
        "damage_prediction": "INTACT",
        "confidence": 0.6338,
        "prediction_margin": 0.35,
        "entropy": 0.9066,
        "domain_shift_score": 0.1,
        "prob_intact": 0.85,
        "prob_damaged": 0.1,
        "prob_destroyed": 0.05,
        "coverage_ratio": 1.2,
        "pre_product_id": "SENTINEL2_PRE_20201115",
        "post_product_id": "SENTINEL2_POST_20201127",
        "pre_date": "2020-11-15T00:24:12Z",
        "post_date": "2020-11-27T00:24:13Z",
        "temporal_delta_days": 12,
        "review_status": "REVIEW",
        "model_version": "Phase 8.4 Champion",
        "checkpoint_sha256": "f5761006f3526f8ff9aa3a1d6487b7842c964fad99938cddf747cd1a1cba85db"
      }
    },
    {
      "type": "Feature",
      "id": "838475067",
      "geometry": {
        "type": "Polygon",
        "coordinates": [
          [
            [
              79.7661871,
              11.7476617
            ],
            [
              79.7662647,
              11.7476586
            ],
            [
              79.766258,
              11.7474984
            ],
            [
              79.7661804,
              11.7475015
            ],
            [
              79.7661871,
              11.7476617
            ]
          ]
        ]
      },
      "properties": {
        "building_id": "838475067",
        "osm_id": "838475067",
        "event_id": "TN_NAGAPATTINAM_CYCLONE_2022",
        "prediction": "INTACT",
        "damage_prediction": "INTACT",
        "confidence": 0.6679,
        "prediction_margin": 0.35,
        "entropy": 0.8627,
        "domain_shift_score": 0.1,
        "prob_intact": 0.85,
        "prob_damaged": 0.1,
        "prob_destroyed": 0.05,
        "coverage_ratio": 1.2,
        "pre_product_id": "SENTINEL2_PRE_20201115",
        "post_product_id": "SENTINEL2_POST_20201127",
        "pre_date": "2020-11-15T00:24:12Z",
        "post_date": "2020-11-27T00:24:13Z",
        "temporal_delta_days": 12,
        "review_status": "REVIEW",
        "model_version": "Phase 8.4 Champion",
        "checkpoint_sha256": "f5761006f3526f8ff9aa3a1d6487b7842c964fad99938cddf747cd1a1cba85db"
      }
    },
    {
      "type": "Feature",
      "id": "1067561608",
      "geometry": {
        "type": "Polygon",
        "coordinates": [
          [
            [
              79.7685159,
              11.7528494
            ],
            [
              79.768784,
              11.7530872
            ],
            [
              79.768686,
              11.7531931
            ],
            [
              79.7684179,
              11.7529553
            ],
            [
              79.7685159,
              11.7528494
            ]
          ]
        ]
      },
      "properties": {
        "building_id": "1067561608",
        "osm_id": "1067561608",
        "event_id": "TN_NAGAPATTINAM_CYCLONE_2022",
        "prediction": "INTACT",
        "damage_prediction": "INTACT",
        "confidence": 0.6283,
        "prediction_margin": 0.35,
        "entropy": 0.9164,
        "domain_shift_score": 0.1,
        "prob_intact": 0.85,
        "prob_damaged": 0.1,
        "prob_destroyed": 0.05,
        "coverage_ratio": 1.2,
        "pre_product_id": "SENTINEL2_PRE_20201115",
        "post_product_id": "SENTINEL2_POST_20201127",
        "pre_date": "2020-11-15T00:24:12Z",
        "post_date": "2020-11-27T00:24:13Z",
        "temporal_delta_days": 12,
        "review_status": "REVIEW",
        "model_version": "Phase 8.4 Champion",
        "checkpoint_sha256": "f5761006f3526f8ff9aa3a1d6487b7842c964fad99938cddf747cd1a1cba85db"
      }
    },
    {
      "type": "Feature",
      "id": "1067561609",
      "geometry": {
        "type": "Polygon",
        "coordinates": [
          [
            [
              79.7670476,
              11.7520365
            ],
            [
              79.7668196,
              11.7520376
            ],
            [
              79.7668198,
              11.7520796
            ],
            [
              79.7667799,
              11.7520798
            ],
            [
              79.7667646,
              11.7520353
            ],
            [
              79.7667954,
              11.7520252
            ],
            [
              79.766795,
              11.7519458
            ],
            [
              79.7667601,
              11.751946
            ],
            [
              79.7667599,
              11.7519014
            ],
            [
              79.7668551,
              11.7519009
            ],
            [
              79.766866,
              11.7519324
            ],
            [
              79.7669184,
              11.7519321
            ],
            [
              79.7670073,
              11.7519028
            ],
            [
              79.7670335,
              11.7519026
            ],
            [
              79.7670331,
              11.7518186
            ],
            [
              79.7671232,
              11.7518182
            ],
            [
              79.7671379,
              11.7518608
            ],
            [
              79.7671381,
              11.7518995
            ],
            [
              79.7671913,
              11.7518992
            ],
            [
              79.7671997,
              11.7519234
            ],
            [
              79.7672406,
              11.7519098
            ],
            [
              79.7672509,
              11.7519399
            ],
            [
              79.7672513,
              11.7520118
            ],
            [
              79.7672498,
              11.7520118
            ],
            [
              79.7671549,
              11.7520431
            ],
            [
              79.7671554,
              11.7521305
            ],
            [
              79.7670481,
              11.752131
            ],
            [
              79.7670476,
              11.7520365
            ]
          ]
        ]
      },
      "properties": {
        "building_id": "1067561609",
        "osm_id": "1067561609",
        "event_id": "TN_NAGAPATTINAM_CYCLONE_2022",
        "prediction": "INTACT",
        "damage_prediction": "INTACT",
        "confidence": 0.4821,
        "prediction_margin": 0.35,
        "entropy": 1.0509,
        "domain_shift_score": 0.1,
        "prob_intact": 0.85,
        "prob_damaged": 0.1,
        "prob_destroyed": 0.05,
        "coverage_ratio": 1.2,
        "pre_product_id": "SENTINEL2_PRE_20201115",
        "post_product_id": "SENTINEL2_POST_20201127",
        "pre_date": "2020-11-15T00:24:12Z",
        "post_date": "2020-11-27T00:24:13Z",
        "temporal_delta_days": 12,
        "review_status": "REVIEW",
        "model_version": "Phase 8.4 Champion",
        "checkpoint_sha256": "f5761006f3526f8ff9aa3a1d6487b7842c964fad99938cddf747cd1a1cba85db"
      }
    },
    {
      "type": "Feature",
      "id": "INDEPENDENT_TN_BLD_0000",
      "geometry": {
        "type": "Polygon",
        "coordinates": [
          [
            [
              79.76,
              11.74
            ],
            [
              79.761,
              11.74
            ],
            [
              79.761,
              11.741
            ],
            [
              79.76,
              11.741
            ],
            [
              79.76,
              11.74
            ]
          ]
        ]
      },
      "properties": {
        "building_id": "INDEPENDENT_TN_BLD_0000",
        "osm_id": "osm_way_ind_0000",
        "event_id": "TN_NAGAPATTINAM_CYCLONE_2022",
        "prediction": "INTACT",
        "damage_prediction": "INTACT",
        "confidence": 0.5343,
        "prediction_margin": 0.35,
        "entropy": 0.45,
        "domain_shift_score": 0.1,
        "prob_intact": 0.85,
        "prob_damaged": 0.1,
        "prob_destroyed": 0.05,
        "coverage_ratio": 1.2,
        "pre_product_id": "SENTINEL2_PRE_20201115",
        "post_product_id": "SENTINEL2_POST_20201127",
        "pre_date": "2020-11-15T00:24:12Z",
        "post_date": "2020-11-27T00:24:13Z",
        "temporal_delta_days": 12,
        "review_status": "AUTOMATIC_CANDIDATE",
        "model_version": "Phase 8.4 Champion",
        "checkpoint_sha256": "f5761006f3526f8ff9aa3a1d6487b7842c964fad99938cddf747cd1a1cba85db"
      }
    },
    {
      "type": "Feature",
      "id": "INDEPENDENT_TN_BLD_0001",
      "geometry": {
        "type": "Polygon",
        "coordinates": [
          [
            [
              79.76010000000001,
              11.7401
            ],
            [
              79.7611,
              11.7401
            ],
            [
              79.7611,
              11.7411
            ],
            [
              79.76010000000001,
              11.7411
            ],
            [
              79.76010000000001,
              11.7401
            ]
          ]
        ]
      },
      "properties": {
        "building_id": "INDEPENDENT_TN_BLD_0001",
        "osm_id": "osm_way_ind_0001",
        "event_id": "TN_NAGAPATTINAM_CYCLONE_2022",
        "prediction": "DAMAGED",
        "damage_prediction": "DAMAGED",
        "confidence": 1.0,
        "prediction_margin": 0.35,
        "entropy": 0.45,
        "domain_shift_score": 0.1,
        "prob_intact": 0.1,
        "prob_damaged": 0.85,
        "prob_destroyed": 0.05,
        "coverage_ratio": 1.2,
        "pre_product_id": "SENTINEL2_PRE_20201115",
        "post_product_id": "SENTINEL2_POST_20201127",
        "pre_date": "2020-11-15T00:24:12Z",
        "post_date": "2020-11-27T00:24:13Z",
        "temporal_delta_days": 12,
        "review_status": "AUTOMATIC_CANDIDATE",
        "model_version": "Phase 8.4 Champion",
        "checkpoint_sha256": "f5761006f3526f8ff9aa3a1d6487b7842c964fad99938cddf747cd1a1cba85db"
      }
    },
    {
      "type": "Feature",
      "id": "INDEPENDENT_TN_BLD_0002",
      "geometry": {
        "type": "Polygon",
        "coordinates": [
          [
            [
              79.76020000000001,
              11.7402
            ],
            [
              79.7612,
              11.7402
            ],
            [
              79.7612,
              11.7412
            ],
            [
              79.76020000000001,
              11.7412
            ],
            [
              79.76020000000001,
              11.7402
            ]
          ]
        ]
      },
      "properties": {
        "building_id": "INDEPENDENT_TN_BLD_0002",
        "osm_id": "osm_way_ind_0002",
        "event_id": "TN_NAGAPATTINAM_CYCLONE_2022",
        "prediction": "INTACT",
        "damage_prediction": "INTACT",
        "confidence": 0.5833,
        "prediction_margin": 0.35,
        "entropy": 0.45,
        "domain_shift_score": 0.1,
        "prob_intact": 0.85,
        "prob_damaged": 0.1,
        "prob_destroyed": 0.05,
        "coverage_ratio": 1.2,
        "pre_product_id": "SENTINEL2_PRE_20201115",
        "post_product_id": "SENTINEL2_POST_20201127",
        "pre_date": "2020-11-15T00:24:12Z",
        "post_date": "2020-11-27T00:24:13Z",
        "temporal_delta_days": 12,
        "review_status": "AUTOMATIC_CANDIDATE",
        "model_version": "Phase 8.4 Champion",
        "checkpoint_sha256": "f5761006f3526f8ff9aa3a1d6487b7842c964fad99938cddf747cd1a1cba85db"
      }
    },
    {
      "type": "Feature",
      "id": "INDEPENDENT_TN_BLD_0003",
      "geometry": {
        "type": "Polygon",
        "coordinates": [
          [
            [
              79.7603,
              11.7403
            ],
            [
              79.76129999999999,
              11.7403
            ],
            [
              79.76129999999999,
              11.741299999999999
            ],
            [
              79.7603,
              11.741299999999999
            ],
            [
              79.7603,
              11.7403
            ]
          ]
        ]
      },
      "properties": {
        "building_id": "INDEPENDENT_TN_BLD_0003",
        "osm_id": "osm_way_ind_0003",
        "event_id": "TN_NAGAPATTINAM_CYCLONE_2022",
        "prediction": "INTACT",
        "damage_prediction": "INTACT",
        "confidence": 0.9307,
        "prediction_margin": 0.35,
        "entropy": 0.45,
        "domain_shift_score": 0.1,
        "prob_intact": 0.85,
        "prob_damaged": 0.1,
        "prob_destroyed": 0.05,
        "coverage_ratio": 1.2,
        "pre_product_id": "SENTINEL2_PRE_20201115",
        "post_product_id": "SENTINEL2_POST_20201127",
        "pre_date": "2020-11-15T00:24:12Z",
        "post_date": "2020-11-27T00:24:13Z",
        "temporal_delta_days": 12,
        "review_status": "AUTOMATIC_CANDIDATE",
        "model_version": "Phase 8.4 Champion",
        "checkpoint_sha256": "f5761006f3526f8ff9aa3a1d6487b7842c964fad99938cddf747cd1a1cba85db"
      }
    },
    {
      "type": "Feature",
      "id": "INDEPENDENT_TN_BLD_0004",
      "geometry": {
        "type": "Polygon",
        "coordinates": [
          [
            [
              79.7604,
              11.740400000000001
            ],
            [
              79.7614,
              11.740400000000001
            ],
            [
              79.7614,
              11.7414
            ],
            [
              79.7604,
              11.7414
            ],
            [
              79.7604,
              11.740400000000001
            ]
          ]
        ]
      },
      "properties": {
        "building_id": "INDEPENDENT_TN_BLD_0004",
        "osm_id": "osm_way_ind_0004",
        "event_id": "TN_NAGAPATTINAM_CYCLONE_2022",
        "prediction": "INTACT",
        "damage_prediction": "INTACT",
        "confidence": 0.8904,
        "prediction_margin": 0.35,
        "entropy": 0.45,
        "domain_shift_score": 0.1,
        "prob_intact": 0.85,
        "prob_damaged": 0.1,
        "prob_destroyed": 0.05,
        "coverage_ratio": 1.2,
        "pre_product_id": "SENTINEL2_PRE_20201115",
        "post_product_id": "SENTINEL2_POST_20201127",
        "pre_date": "2020-11-15T00:24:12Z",
        "post_date": "2020-11-27T00:24:13Z",
        "temporal_delta_days": 12,
        "review_status": "AUTOMATIC_CANDIDATE",
        "model_version": "Phase 8.4 Champion",
        "checkpoint_sha256": "f5761006f3526f8ff9aa3a1d6487b7842c964fad99938cddf747cd1a1cba85db"
      }
    },
    {
      "type": "Feature",
      "id": "INDEPENDENT_TN_BLD_0005",
      "geometry": {
        "type": "Polygon",
        "coordinates": [
          [
            [
              79.76050000000001,
              11.7405
            ],
            [
              79.7615,
              11.7405
            ],
            [
              79.7615,
              11.7415
            ],
            [
              79.76050000000001,
              11.7415
            ],
            [
              79.76050000000001,
              11.7405
            ]
          ]
        ]
      },
      "properties": {
        "building_id": "INDEPENDENT_TN_BLD_0005",
        "osm_id": "osm_way_ind_0005",
        "event_id": "TN_NAGAPATTINAM_CYCLONE_2022",
        "prediction": "INTACT",
        "damage_prediction": "INTACT",
        "confidence": 0.6,
        "prediction_margin": 0.35,
        "entropy": 0.45,
        "domain_shift_score": 0.1,
        "prob_intact": 0.85,
        "prob_damaged": 0.1,
        "prob_destroyed": 0.05,
        "coverage_ratio": 1.2,
        "pre_product_id": "SENTINEL2_PRE_20201115",
        "post_product_id": "SENTINEL2_POST_20201127",
        "pre_date": "2020-11-15T00:24:12Z",
        "post_date": "2020-11-27T00:24:13Z",
        "temporal_delta_days": 12,
        "review_status": "AUTOMATIC_CANDIDATE",
        "model_version": "Phase 8.4 Champion",
        "checkpoint_sha256": "f5761006f3526f8ff9aa3a1d6487b7842c964fad99938cddf747cd1a1cba85db"
      }
    },
    {
      "type": "Feature",
      "id": "INDEPENDENT_TN_BLD_0006",
      "geometry": {
        "type": "Polygon",
        "coordinates": [
          [
            [
              79.76060000000001,
              11.7406
            ],
            [
              79.7616,
              11.7406
            ],
            [
              79.7616,
              11.7416
            ],
            [
              79.76060000000001,
              11.7416
            ],
            [
              79.76060000000001,
              11.7406
            ]
          ]
        ]
      },
      "properties": {
        "building_id": "INDEPENDENT_TN_BLD_0006",
        "osm_id": "osm_way_ind_0006",
        "event_id": "TN_NAGAPATTINAM_CYCLONE_2022",
        "prediction": "INTACT",
        "damage_prediction": "INTACT",
        "confidence": 0.9757,
        "prediction_margin": 0.35,
        "entropy": 0.45,
        "domain_shift_score": 0.1,
        "prob_intact": 0.85,
        "prob_damaged": 0.1,
        "prob_destroyed": 0.05,
        "coverage_ratio": 1.2,
        "pre_product_id": "SENTINEL2_PRE_20201115",
        "post_product_id": "SENTINEL2_POST_20201127",
        "pre_date": "2020-11-15T00:24:12Z",
        "post_date": "2020-11-27T00:24:13Z",
        "temporal_delta_days": 12,
        "review_status": "AUTOMATIC_CANDIDATE",
        "model_version": "Phase 8.4 Champion",
        "checkpoint_sha256": "f5761006f3526f8ff9aa3a1d6487b7842c964fad99938cddf747cd1a1cba85db"
      }
    },
    {
      "type": "Feature",
      "id": "INDEPENDENT_TN_BLD_0007",
      "geometry": {
        "type": "Polygon",
        "coordinates": [
          [
            [
              79.7607,
              11.7407
            ],
            [
              79.76169999999999,
              11.7407
            ],
            [
              79.76169999999999,
              11.7417
            ],
            [
              79.7607,
              11.7417
            ],
            [
              79.7607,
              11.7407
            ]
          ]
        ]
      },
      "properties": {
        "building_id": "INDEPENDENT_TN_BLD_0007",
        "osm_id": "osm_way_ind_0007",
        "event_id": "TN_NAGAPATTINAM_CYCLONE_2022",
        "prediction": "INTACT",
        "damage_prediction": "INTACT",
        "confidence": 0.9462,
        "prediction_margin": 0.35,
        "entropy": 0.45,
        "domain_shift_score": 0.1,
        "prob_intact": 0.85,
        "prob_damaged": 0.1,
        "prob_destroyed": 0.05,
        "coverage_ratio": 1.2,
        "pre_product_id": "SENTINEL2_PRE_20201115",
        "post_product_id": "SENTINEL2_POST_20201127",
        "pre_date": "2020-11-15T00:24:12Z",
        "post_date": "2020-11-27T00:24:13Z",
        "temporal_delta_days": 12,
        "review_status": "AUTOMATIC_CANDIDATE",
        "model_version": "Phase 8.4 Champion",
        "checkpoint_sha256": "f5761006f3526f8ff9aa3a1d6487b7842c964fad99938cddf747cd1a1cba85db"
      }
    },
    {
      "type": "Feature",
      "id": "INDEPENDENT_TN_BLD_0008",
      "geometry": {
        "type": "Polygon",
        "coordinates": [
          [
            [
              79.7608,
              11.7408
            ],
            [
              79.7618,
              11.7408
            ],
            [
              79.7618,
              11.7418
            ],
            [
              79.7608,
              11.7418
            ],
            [
              79.7608,
              11.7408
            ]
          ]
        ]
      },
      "properties": {
        "building_id": "INDEPENDENT_TN_BLD_0008",
        "osm_id": "osm_way_ind_0008",
        "event_id": "TN_NAGAPATTINAM_CYCLONE_2022",
        "prediction": "INTACT",
        "damage_prediction": "INTACT",
        "confidence": 0.8448,
        "prediction_margin": 0.35,
        "entropy": 0.45,
        "domain_shift_score": 0.1,
        "prob_intact": 0.85,
        "prob_damaged": 0.1,
        "prob_destroyed": 0.05,
        "coverage_ratio": 1.2,
        "pre_product_id": "SENTINEL2_PRE_20201115",
        "post_product_id": "SENTINEL2_POST_20201127",
        "pre_date": "2020-11-15T00:24:12Z",
        "post_date": "2020-11-27T00:24:13Z",
        "temporal_delta_days": 12,
        "review_status": "AUTOMATIC_CANDIDATE",
        "model_version": "Phase 8.4 Champion",
        "checkpoint_sha256": "f5761006f3526f8ff9aa3a1d6487b7842c964fad99938cddf747cd1a1cba85db"
      }
    },
    {
      "type": "Feature",
      "id": "INDEPENDENT_TN_BLD_0009",
      "geometry": {
        "type": "Polygon",
        "coordinates": [
          [
            [
              79.7609,
              11.7409
            ],
            [
              79.7619,
              11.7409
            ],
            [
              79.7619,
              11.7419
            ],
            [
              79.7609,
              11.7419
            ],
            [
              79.7609,
              11.7409
            ]
          ]
        ]
      },
      "properties": {
        "building_id": "INDEPENDENT_TN_BLD_0009",
        "osm_id": "osm_way_ind_0009",
        "event_id": "TN_NAGAPATTINAM_CYCLONE_2022",
        "prediction": "DAMAGED",
        "damage_prediction": "DAMAGED",
        "confidence": 1.0,
        "prediction_margin": 0.35,
        "entropy": 0.45,
        "domain_shift_score": 0.1,
        "prob_intact": 0.1,
        "prob_damaged": 0.85,
        "prob_destroyed": 0.05,
        "coverage_ratio": 1.2,
        "pre_product_id": "SENTINEL2_PRE_20201115",
        "post_product_id": "SENTINEL2_POST_20201127",
        "pre_date": "2020-11-15T00:24:12Z",
        "post_date": "2020-11-27T00:24:13Z",
        "temporal_delta_days": 12,
        "review_status": "AUTOMATIC_CANDIDATE",
        "model_version": "Phase 8.4 Champion",
        "checkpoint_sha256": "f5761006f3526f8ff9aa3a1d6487b7842c964fad99938cddf747cd1a1cba85db"
      }
    },
    {
      "type": "Feature",
      "id": "INDEPENDENT_TN_BLD_0010",
      "geometry": {
        "type": "Polygon",
        "coordinates": [
          [
            [
              79.76100000000001,
              11.741
            ],
            [
              79.762,
              11.741
            ],
            [
              79.762,
              11.741999999999999
            ],
            [
              79.76100000000001,
              11.741999999999999
            ],
            [
              79.76100000000001,
              11.741
            ]
          ]
        ]
      },
      "properties": {
        "building_id": "INDEPENDENT_TN_BLD_0010",
        "osm_id": "osm_way_ind_0010",
        "event_id": "TN_NAGAPATTINAM_CYCLONE_2022",
        "prediction": "DAMAGED",
        "damage_prediction": "DAMAGED",
        "confidence": 1.0,
        "prediction_margin": 0.35,
        "entropy": 0.45,
        "domain_shift_score": 0.1,
        "prob_intact": 0.1,
        "prob_damaged": 0.85,
        "prob_destroyed": 0.05,
        "coverage_ratio": 1.2,
        "pre_product_id": "SENTINEL2_PRE_20201115",
        "post_product_id": "SENTINEL2_POST_20201127",
        "pre_date": "2020-11-15T00:24:12Z",
        "post_date": "2020-11-27T00:24:13Z",
        "temporal_delta_days": 12,
        "review_status": "AUTOMATIC_CANDIDATE",
        "model_version": "Phase 8.4 Champion",
        "checkpoint_sha256": "f5761006f3526f8ff9aa3a1d6487b7842c964fad99938cddf747cd1a1cba85db"
      }
    },
    {
      "type": "Feature",
      "id": "INDEPENDENT_TN_BLD_0011",
      "geometry": {
        "type": "Polygon",
        "coordinates": [
          [
            [
              79.7611,
              11.7411
            ],
            [
              79.76209999999999,
              11.7411
            ],
            [
              79.76209999999999,
              11.742099999999999
            ],
            [
              79.7611,
              11.742099999999999
            ],
            [
              79.7611,
              11.7411
            ]
          ]
        ]
      },
      "properties": {
        "building_id": "INDEPENDENT_TN_BLD_0011",
        "osm_id": "osm_way_ind_0011",
        "event_id": "TN_NAGAPATTINAM_CYCLONE_2022",
        "prediction": "INTACT",
        "damage_prediction": "INTACT",
        "confidence": 0.9035,
        "prediction_margin": 0.35,
        "entropy": 0.45,
        "domain_shift_score": 0.1,
        "prob_intact": 0.85,
        "prob_damaged": 0.1,
        "prob_destroyed": 0.05,
        "coverage_ratio": 1.2,
        "pre_product_id": "SENTINEL2_PRE_20201115",
        "post_product_id": "SENTINEL2_POST_20201127",
        "pre_date": "2020-11-15T00:24:12Z",
        "post_date": "2020-11-27T00:24:13Z",
        "temporal_delta_days": 12,
        "review_status": "AUTOMATIC_CANDIDATE",
        "model_version": "Phase 8.4 Champion",
        "checkpoint_sha256": "f5761006f3526f8ff9aa3a1d6487b7842c964fad99938cddf747cd1a1cba85db"
      }
    },
    {
      "type": "Feature",
      "id": "INDEPENDENT_TN_BLD_0012",
      "geometry": {
        "type": "Polygon",
        "coordinates": [
          [
            [
              79.7612,
              11.741200000000001
            ],
            [
              79.76219999999999,
              11.741200000000001
            ],
            [
              79.76219999999999,
              11.7422
            ],
            [
              79.7612,
              11.7422
            ],
            [
              79.7612,
              11.741200000000001
            ]
          ]
        ]
      },
      "properties": {
        "building_id": "INDEPENDENT_TN_BLD_0012",
        "osm_id": "osm_way_ind_0012",
        "event_id": "TN_NAGAPATTINAM_CYCLONE_2022",
        "prediction": "INTACT",
        "damage_prediction": "INTACT",
        "confidence": 0.4838,
        "prediction_margin": 0.35,
        "entropy": 0.45,
        "domain_shift_score": 0.1,
        "prob_intact": 0.85,
        "prob_damaged": 0.1,
        "prob_destroyed": 0.05,
        "coverage_ratio": 1.2,
        "pre_product_id": "SENTINEL2_PRE_20201115",
        "post_product_id": "SENTINEL2_POST_20201127",
        "pre_date": "2020-11-15T00:24:12Z",
        "post_date": "2020-11-27T00:24:13Z",
        "temporal_delta_days": 12,
        "review_status": "AUTOMATIC_CANDIDATE",
        "model_version": "Phase 8.4 Champion",
        "checkpoint_sha256": "f5761006f3526f8ff9aa3a1d6487b7842c964fad99938cddf747cd1a1cba85db"
      }
    },
    {
      "type": "Feature",
      "id": "INDEPENDENT_TN_BLD_0013",
      "geometry": {
        "type": "Polygon",
        "coordinates": [
          [
            [
              79.7613,
              11.7413
            ],
            [
              79.7623,
              11.7413
            ],
            [
              79.7623,
              11.7423
            ],
            [
              79.7613,
              11.7423
            ],
            [
              79.7613,
              11.7413
            ]
          ]
        ]
      },
      "properties": {
        "building_id": "INDEPENDENT_TN_BLD_0013",
        "osm_id": "osm_way_ind_0013",
        "event_id": "TN_NAGAPATTINAM_CYCLONE_2022",
        "prediction": "INTACT",
        "damage_prediction": "INTACT",
        "confidence": 0.7981,
        "prediction_margin": 0.35,
        "entropy": 0.45,
        "domain_shift_score": 0.1,
        "prob_intact": 0.85,
        "prob_damaged": 0.1,
        "prob_destroyed": 0.05,
        "coverage_ratio": 1.2,
        "pre_product_id": "SENTINEL2_PRE_20201115",
        "post_product_id": "SENTINEL2_POST_20201127",
        "pre_date": "2020-11-15T00:24:12Z",
        "post_date": "2020-11-27T00:24:13Z",
        "temporal_delta_days": 12,
        "review_status": "AUTOMATIC_CANDIDATE",
        "model_version": "Phase 8.4 Champion",
        "checkpoint_sha256": "f5761006f3526f8ff9aa3a1d6487b7842c964fad99938cddf747cd1a1cba85db"
      }
    },
    {
      "type": "Feature",
      "id": "INDEPENDENT_TN_BLD_0014",
      "geometry": {
        "type": "Polygon",
        "coordinates": [
          [
            [
              79.76140000000001,
              11.7414
            ],
            [
              79.7624,
              11.7414
            ],
            [
              79.7624,
              11.7424
            ],
            [
              79.76140000000001,
              11.7424
            ],
            [
              79.76140000000001,
              11.7414
            ]
          ]
        ]
      },
      "properties": {
        "building_id": "INDEPENDENT_TN_BLD_0014",
        "osm_id": "osm_way_ind_0014",
        "event_id": "TN_NAGAPATTINAM_CYCLONE_2022",
        "prediction": "DAMAGED",
        "damage_prediction": "DAMAGED",
        "confidence": 1.0,
        "prediction_margin": 0.35,
        "entropy": 0.45,
        "domain_shift_score": 0.1,
        "prob_intact": 0.1,
        "prob_damaged": 0.85,
        "prob_destroyed": 0.05,
        "coverage_ratio": 1.2,
        "pre_product_id": "SENTINEL2_PRE_20201115",
        "post_product_id": "SENTINEL2_POST_20201127",
        "pre_date": "2020-11-15T00:24:12Z",
        "post_date": "2020-11-27T00:24:13Z",
        "temporal_delta_days": 12,
        "review_status": "AUTOMATIC_CANDIDATE",
        "model_version": "Phase 8.4 Champion",
        "checkpoint_sha256": "f5761006f3526f8ff9aa3a1d6487b7842c964fad99938cddf747cd1a1cba85db"
      }
    },
    {
      "type": "Feature",
      "id": "INDEPENDENT_TN_BLD_0015",
      "geometry": {
        "type": "Polygon",
        "coordinates": [
          [
            [
              79.7615,
              11.7415
            ],
            [
              79.76249999999999,
              11.7415
            ],
            [
              79.76249999999999,
              11.7425
            ],
            [
              79.7615,
              11.7425
            ],
            [
              79.7615,
              11.7415
            ]
          ]
        ]
      },
      "properties": {
        "building_id": "INDEPENDENT_TN_BLD_0015",
        "osm_id": "osm_way_ind_0015",
        "event_id": "TN_NAGAPATTINAM_CYCLONE_2022",
        "prediction": "INTACT",
        "damage_prediction": "INTACT",
        "confidence": 0.9828,
        "prediction_margin": 0.35,
        "entropy": 0.45,
        "domain_shift_score": 0.1,
        "prob_intact": 0.85,
        "prob_damaged": 0.1,
        "prob_destroyed": 0.05,
        "coverage_ratio": 1.2,
        "pre_product_id": "SENTINEL2_PRE_20201115",
        "post_product_id": "SENTINEL2_POST_20201127",
        "pre_date": "2020-11-15T00:24:12Z",
        "post_date": "2020-11-27T00:24:13Z",
        "temporal_delta_days": 12,
        "review_status": "AUTOMATIC_CANDIDATE",
        "model_version": "Phase 8.4 Champion",
        "checkpoint_sha256": "f5761006f3526f8ff9aa3a1d6487b7842c964fad99938cddf747cd1a1cba85db"
      }
    },
    {
      "type": "Feature",
      "id": "INDEPENDENT_TN_BLD_0016",
      "geometry": {
        "type": "Polygon",
        "coordinates": [
          [
            [
              79.7616,
              11.7416
            ],
            [
              79.76259999999999,
              11.7416
            ],
            [
              79.76259999999999,
              11.7426
            ],
            [
              79.7616,
              11.7426
            ],
            [
              79.7616,
              11.7416
            ]
          ]
        ]
      },
      "properties": {
        "building_id": "INDEPENDENT_TN_BLD_0016",
        "osm_id": "osm_way_ind_0016",
        "event_id": "TN_NAGAPATTINAM_CYCLONE_2022",
        "prediction": "DESTROYED",
        "damage_prediction": "DESTROYED",
        "confidence": 0.411,
        "prediction_margin": 0.35,
        "entropy": 0.45,
        "domain_shift_score": 0.1,
        "prob_intact": 0.1,
        "prob_damaged": 0.1,
        "prob_destroyed": 0.85,
        "coverage_ratio": 1.2,
        "pre_product_id": "SENTINEL2_PRE_20201115",
        "post_product_id": "SENTINEL2_POST_20201127",
        "pre_date": "2020-11-15T00:24:12Z",
        "post_date": "2020-11-27T00:24:13Z",
        "temporal_delta_days": 12,
        "review_status": "AUTOMATIC_CANDIDATE",
        "model_version": "Phase 8.4 Champion",
        "checkpoint_sha256": "f5761006f3526f8ff9aa3a1d6487b7842c964fad99938cddf747cd1a1cba85db"
      }
    },
    {
      "type": "Feature",
      "id": "INDEPENDENT_TN_BLD_0017",
      "geometry": {
        "type": "Polygon",
        "coordinates": [
          [
            [
              79.7617,
              11.7417
            ],
            [
              79.7627,
              11.7417
            ],
            [
              79.7627,
              11.7427
            ],
            [
              79.7617,
              11.7427
            ],
            [
              79.7617,
              11.7417
            ]
          ]
        ]
      },
      "properties": {
        "building_id": "INDEPENDENT_TN_BLD_0017",
        "osm_id": "osm_way_ind_0017",
        "event_id": "TN_NAGAPATTINAM_CYCLONE_2022",
        "prediction": "INTACT",
        "damage_prediction": "INTACT",
        "confidence": 0.9174,
        "prediction_margin": 0.35,
        "entropy": 0.45,
        "domain_shift_score": 0.1,
        "prob_intact": 0.85,
        "prob_damaged": 0.1,
        "prob_destroyed": 0.05,
        "coverage_ratio": 1.2,
        "pre_product_id": "SENTINEL2_PRE_20201115",
        "post_product_id": "SENTINEL2_POST_20201127",
        "pre_date": "2020-11-15T00:24:12Z",
        "post_date": "2020-11-27T00:24:13Z",
        "temporal_delta_days": 12,
        "review_status": "AUTOMATIC_CANDIDATE",
        "model_version": "Phase 8.4 Champion",
        "checkpoint_sha256": "f5761006f3526f8ff9aa3a1d6487b7842c964fad99938cddf747cd1a1cba85db"
      }
    },
    {
      "type": "Feature",
      "id": "INDEPENDENT_TN_BLD_0018",
      "geometry": {
        "type": "Polygon",
        "coordinates": [
          [
            [
              79.76180000000001,
              11.7418
            ],
            [
              79.7628,
              11.7418
            ],
            [
              79.7628,
              11.742799999999999
            ],
            [
              79.76180000000001,
              11.742799999999999
            ],
            [
              79.76180000000001,
              11.7418
            ]
          ]
        ]
      },
      "properties": {
        "building_id": "INDEPENDENT_TN_BLD_0018",
        "osm_id": "osm_way_ind_0018",
        "event_id": "TN_NAGAPATTINAM_CYCLONE_2022",
        "prediction": "INTACT",
        "damage_prediction": "INTACT",
        "confidence": 0.8853,
        "prediction_margin": 0.35,
        "entropy": 0.45,
        "domain_shift_score": 0.1,
        "prob_intact": 0.85,
        "prob_damaged": 0.1,
        "prob_destroyed": 0.05,
        "coverage_ratio": 1.2,
        "pre_product_id": "SENTINEL2_PRE_20201115",
        "post_product_id": "SENTINEL2_POST_20201127",
        "pre_date": "2020-11-15T00:24:12Z",
        "post_date": "2020-11-27T00:24:13Z",
        "temporal_delta_days": 12,
        "review_status": "AUTOMATIC_CANDIDATE",
        "model_version": "Phase 8.4 Champion",
        "checkpoint_sha256": "f5761006f3526f8ff9aa3a1d6487b7842c964fad99938cddf747cd1a1cba85db"
      }
    },
    {
      "type": "Feature",
      "id": "INDEPENDENT_TN_BLD_0019",
      "geometry": {
        "type": "Polygon",
        "coordinates": [
          [
            [
              79.76190000000001,
              11.7419
            ],
            [
              79.7629,
              11.7419
            ],
            [
              79.7629,
              11.742899999999999
            ],
            [
              79.76190000000001,
              11.742899999999999
            ],
            [
              79.76190000000001,
              11.7419
            ]
          ]
        ]
      },
      "properties": {
        "building_id": "INDEPENDENT_TN_BLD_0019",
        "osm_id": "osm_way_ind_0019",
        "event_id": "TN_NAGAPATTINAM_CYCLONE_2022",
        "prediction": "DAMAGED",
        "damage_prediction": "DAMAGED",
        "confidence": 1.0,
        "prediction_margin": 0.35,
        "entropy": 0.45,
        "domain_shift_score": 0.1,
        "prob_intact": 0.1,
        "prob_damaged": 0.85,
        "prob_destroyed": 0.05,
        "coverage_ratio": 1.2,
        "pre_product_id": "SENTINEL2_PRE_20201115",
        "post_product_id": "SENTINEL2_POST_20201127",
        "pre_date": "2020-11-15T00:24:12Z",
        "post_date": "2020-11-27T00:24:13Z",
        "temporal_delta_days": 12,
        "review_status": "AUTOMATIC_CANDIDATE",
        "model_version": "Phase 8.4 Champion",
        "checkpoint_sha256": "f5761006f3526f8ff9aa3a1d6487b7842c964fad99938cddf747cd1a1cba85db"
      }
    },
    {
      "type": "Feature",
      "id": "INDEPENDENT_TN_BLD_0020",
      "geometry": {
        "type": "Polygon",
        "coordinates": [
          [
            [
              79.762,
              11.742
            ],
            [
              79.76299999999999,
              11.742
            ],
            [
              79.76299999999999,
              11.743
            ],
            [
              79.762,
              11.743
            ],
            [
              79.762,
              11.742
            ]
          ]
        ]
      },
      "properties": {
        "building_id": "INDEPENDENT_TN_BLD_0020",
        "osm_id": "osm_way_ind_0020",
        "event_id": "TN_NAGAPATTINAM_CYCLONE_2022",
        "prediction": "DAMAGED",
        "damage_prediction": "DAMAGED",
        "confidence": 0.5688,
        "prediction_margin": 0.35,
        "entropy": 0.45,
        "domain_shift_score": 0.1,
        "prob_intact": 0.1,
        "prob_damaged": 0.85,
        "prob_destroyed": 0.05,
        "coverage_ratio": 1.2,
        "pre_product_id": "SENTINEL2_PRE_20201115",
        "post_product_id": "SENTINEL2_POST_20201127",
        "pre_date": "2020-11-15T00:24:12Z",
        "post_date": "2020-11-27T00:24:13Z",
        "temporal_delta_days": 12,
        "review_status": "AUTOMATIC_CANDIDATE",
        "model_version": "Phase 8.4 Champion",
        "checkpoint_sha256": "f5761006f3526f8ff9aa3a1d6487b7842c964fad99938cddf747cd1a1cba85db"
      }
    },
    {
      "type": "Feature",
      "id": "INDEPENDENT_TN_BLD_0021",
      "geometry": {
        "type": "Polygon",
        "coordinates": [
          [
            [
              79.7621,
              11.7421
            ],
            [
              79.7631,
              11.7421
            ],
            [
              79.7631,
              11.7431
            ],
            [
              79.7621,
              11.7431
            ],
            [
              79.7621,
              11.7421
            ]
          ]
        ]
      },
      "properties": {
        "building_id": "INDEPENDENT_TN_BLD_0021",
        "osm_id": "osm_way_ind_0021",
        "event_id": "TN_NAGAPATTINAM_CYCLONE_2022",
        "prediction": "DAMAGED",
        "damage_prediction": "DAMAGED",
        "confidence": 1.0,
        "prediction_margin": 0.35,
        "entropy": 0.45,
        "domain_shift_score": 0.1,
        "prob_intact": 0.1,
        "prob_damaged": 0.85,
        "prob_destroyed": 0.05,
        "coverage_ratio": 1.2,
        "pre_product_id": "SENTINEL2_PRE_20201115",
        "post_product_id": "SENTINEL2_POST_20201127",
        "pre_date": "2020-11-15T00:24:12Z",
        "post_date": "2020-11-27T00:24:13Z",
        "temporal_delta_days": 12,
        "review_status": "AUTOMATIC_CANDIDATE",
        "model_version": "Phase 8.4 Champion",
        "checkpoint_sha256": "f5761006f3526f8ff9aa3a1d6487b7842c964fad99938cddf747cd1a1cba85db"
      }
    },
    {
      "type": "Feature",
      "id": "INDEPENDENT_TN_BLD_0022",
      "geometry": {
        "type": "Polygon",
        "coordinates": [
          [
            [
              79.7622,
              11.7422
            ],
            [
              79.7632,
              11.7422
            ],
            [
              79.7632,
              11.7432
            ],
            [
              79.7622,
              11.7432
            ],
            [
              79.7622,
              11.7422
            ]
          ]
        ]
      },
      "properties": {
        "building_id": "INDEPENDENT_TN_BLD_0022",
        "osm_id": "osm_way_ind_0022",
        "event_id": "TN_NAGAPATTINAM_CYCLONE_2022",
        "prediction": "INTACT",
        "damage_prediction": "INTACT",
        "confidence": 0.8963,
        "prediction_margin": 0.35,
        "entropy": 0.45,
        "domain_shift_score": 0.1,
        "prob_intact": 0.85,
        "prob_damaged": 0.1,
        "prob_destroyed": 0.05,
        "coverage_ratio": 1.2,
        "pre_product_id": "SENTINEL2_PRE_20201115",
        "post_product_id": "SENTINEL2_POST_20201127",
        "pre_date": "2020-11-15T00:24:12Z",
        "post_date": "2020-11-27T00:24:13Z",
        "temporal_delta_days": 12,
        "review_status": "AUTOMATIC_CANDIDATE",
        "model_version": "Phase 8.4 Champion",
        "checkpoint_sha256": "f5761006f3526f8ff9aa3a1d6487b7842c964fad99938cddf747cd1a1cba85db"
      }
    },
    {
      "type": "Feature",
      "id": "INDEPENDENT_TN_BLD_0023",
      "geometry": {
        "type": "Polygon",
        "coordinates": [
          [
            [
              79.76230000000001,
              11.7423
            ],
            [
              79.7633,
              11.7423
            ],
            [
              79.7633,
              11.7433
            ],
            [
              79.76230000000001,
              11.7433
            ],
            [
              79.76230000000001,
              11.7423
            ]
          ]
        ]
      },
      "properties": {
        "building_id": "INDEPENDENT_TN_BLD_0023",
        "osm_id": "osm_way_ind_0023",
        "event_id": "TN_NAGAPATTINAM_CYCLONE_2022",
        "prediction": "DAMAGED",
        "damage_prediction": "DAMAGED",
        "confidence": 1.0,
        "prediction_margin": 0.35,
        "entropy": 0.45,
        "domain_shift_score": 0.1,
        "prob_intact": 0.1,
        "prob_damaged": 0.85,
        "prob_destroyed": 0.05,
        "coverage_ratio": 1.2,
        "pre_product_id": "SENTINEL2_PRE_20201115",
        "post_product_id": "SENTINEL2_POST_20201127",
        "pre_date": "2020-11-15T00:24:12Z",
        "post_date": "2020-11-27T00:24:13Z",
        "temporal_delta_days": 12,
        "review_status": "AUTOMATIC_CANDIDATE",
        "model_version": "Phase 8.4 Champion",
        "checkpoint_sha256": "f5761006f3526f8ff9aa3a1d6487b7842c964fad99938cddf747cd1a1cba85db"
      }
    },
    {
      "type": "Feature",
      "id": "INDEPENDENT_TN_BLD_0024",
      "geometry": {
        "type": "Polygon",
        "coordinates": [
          [
            [
              79.7624,
              11.7424
            ],
            [
              79.76339999999999,
              11.7424
            ],
            [
              79.76339999999999,
              11.7434
            ],
            [
              79.7624,
              11.7434
            ],
            [
              79.7624,
              11.7424
            ]
          ]
        ]
      },
      "properties": {
        "building_id": "INDEPENDENT_TN_BLD_0024",
        "osm_id": "osm_way_ind_0024",
        "event_id": "TN_NAGAPATTINAM_CYCLONE_2022",
        "prediction": "INTACT",
        "damage_prediction": "INTACT",
        "confidence": 0.8029,
        "prediction_margin": 0.35,
        "entropy": 0.45,
        "domain_shift_score": 0.1,
        "prob_intact": 0.85,
        "prob_damaged": 0.1,
        "prob_destroyed": 0.05,
        "coverage_ratio": 1.2,
        "pre_product_id": "SENTINEL2_PRE_20201115",
        "post_product_id": "SENTINEL2_POST_20201127",
        "pre_date": "2020-11-15T00:24:12Z",
        "post_date": "2020-11-27T00:24:13Z",
        "temporal_delta_days": 12,
        "review_status": "AUTOMATIC_CANDIDATE",
        "model_version": "Phase 8.4 Champion",
        "checkpoint_sha256": "f5761006f3526f8ff9aa3a1d6487b7842c964fad99938cddf747cd1a1cba85db"
      }
    },
    {
      "type": "Feature",
      "id": "INDEPENDENT_TN_BLD_0025",
      "geometry": {
        "type": "Polygon",
        "coordinates": [
          [
            [
              79.7625,
              11.7425
            ],
            [
              79.7635,
              11.7425
            ],
            [
              79.7635,
              11.7435
            ],
            [
              79.7625,
              11.7435
            ],
            [
              79.7625,
              11.7425
            ]
          ]
        ]
      },
      "properties": {
        "building_id": "INDEPENDENT_TN_BLD_0025",
        "osm_id": "osm_way_ind_0025",
        "event_id": "TN_NAGAPATTINAM_CYCLONE_2022",
        "prediction": "DAMAGED",
        "damage_prediction": "DAMAGED",
        "confidence": 1.0,
        "prediction_margin": 0.35,
        "entropy": 0.45,
        "domain_shift_score": 0.1,
        "prob_intact": 0.1,
        "prob_damaged": 0.85,
        "prob_destroyed": 0.05,
        "coverage_ratio": 1.2,
        "pre_product_id": "SENTINEL2_PRE_20201115",
        "post_product_id": "SENTINEL2_POST_20201127",
        "pre_date": "2020-11-15T00:24:12Z",
        "post_date": "2020-11-27T00:24:13Z",
        "temporal_delta_days": 12,
        "review_status": "AUTOMATIC_CANDIDATE",
        "model_version": "Phase 8.4 Champion",
        "checkpoint_sha256": "f5761006f3526f8ff9aa3a1d6487b7842c964fad99938cddf747cd1a1cba85db"
      }
    },
    {
      "type": "Feature",
      "id": "INDEPENDENT_TN_BLD_0026",
      "geometry": {
        "type": "Polygon",
        "coordinates": [
          [
            [
              79.7626,
              11.7426
            ],
            [
              79.7636,
              11.7426
            ],
            [
              79.7636,
              11.743599999999999
            ],
            [
              79.7626,
              11.743599999999999
            ],
            [
              79.7626,
              11.7426
            ]
          ]
        ]
      },
      "properties": {
        "building_id": "INDEPENDENT_TN_BLD_0026",
        "osm_id": "osm_way_ind_0026",
        "event_id": "TN_NAGAPATTINAM_CYCLONE_2022",
        "prediction": "INTACT",
        "damage_prediction": "INTACT",
        "confidence": 0.6306,
        "prediction_margin": 0.35,
        "entropy": 0.45,
        "domain_shift_score": 0.1,
        "prob_intact": 0.85,
        "prob_damaged": 0.1,
        "prob_destroyed": 0.05,
        "coverage_ratio": 1.2,
        "pre_product_id": "SENTINEL2_PRE_20201115",
        "post_product_id": "SENTINEL2_POST_20201127",
        "pre_date": "2020-11-15T00:24:12Z",
        "post_date": "2020-11-27T00:24:13Z",
        "temporal_delta_days": 12,
        "review_status": "AUTOMATIC_CANDIDATE",
        "model_version": "Phase 8.4 Champion",
        "checkpoint_sha256": "f5761006f3526f8ff9aa3a1d6487b7842c964fad99938cddf747cd1a1cba85db"
      }
    },
    {
      "type": "Feature",
      "id": "INDEPENDENT_TN_BLD_0027",
      "geometry": {
        "type": "Polygon",
        "coordinates": [
          [
            [
              79.76270000000001,
              11.742700000000001
            ],
            [
              79.7637,
              11.742700000000001
            ],
            [
              79.7637,
              11.7437
            ],
            [
              79.76270000000001,
              11.7437
            ],
            [
              79.76270000000001,
              11.742700000000001
            ]
          ]
        ]
      },
      "properties": {
        "building_id": "INDEPENDENT_TN_BLD_0027",
        "osm_id": "osm_way_ind_0027",
        "event_id": "TN_NAGAPATTINAM_CYCLONE_2022",
        "prediction": "INTACT",
        "damage_prediction": "INTACT",
        "confidence": 0.945,
        "prediction_margin": 0.35,
        "entropy": 0.45,
        "domain_shift_score": 0.1,
        "prob_intact": 0.85,
        "prob_damaged": 0.1,
        "prob_destroyed": 0.05,
        "coverage_ratio": 1.2,
        "pre_product_id": "SENTINEL2_PRE_20201115",
        "post_product_id": "SENTINEL2_POST_20201127",
        "pre_date": "2020-11-15T00:24:12Z",
        "post_date": "2020-11-27T00:24:13Z",
        "temporal_delta_days": 12,
        "review_status": "AUTOMATIC_CANDIDATE",
        "model_version": "Phase 8.4 Champion",
        "checkpoint_sha256": "f5761006f3526f8ff9aa3a1d6487b7842c964fad99938cddf747cd1a1cba85db"
      }
    },
    {
      "type": "Feature",
      "id": "INDEPENDENT_TN_BLD_0028",
      "geometry": {
        "type": "Polygon",
        "coordinates": [
          [
            [
              79.7628,
              11.7428
            ],
            [
              79.76379999999999,
              11.7428
            ],
            [
              79.76379999999999,
              11.7438
            ],
            [
              79.7628,
              11.7438
            ],
            [
              79.7628,
              11.7428
            ]
          ]
        ]
      },
      "properties": {
        "building_id": "INDEPENDENT_TN_BLD_0028",
        "osm_id": "osm_way_ind_0028",
        "event_id": "TN_NAGAPATTINAM_CYCLONE_2022",
        "prediction": "INTACT",
        "damage_prediction": "INTACT",
        "confidence": 0.73,
        "prediction_margin": 0.35,
        "entropy": 0.45,
        "domain_shift_score": 0.1,
        "prob_intact": 0.85,
        "prob_damaged": 0.1,
        "prob_destroyed": 0.05,
        "coverage_ratio": 1.2,
        "pre_product_id": "SENTINEL2_PRE_20201115",
        "post_product_id": "SENTINEL2_POST_20201127",
        "pre_date": "2020-11-15T00:24:12Z",
        "post_date": "2020-11-27T00:24:13Z",
        "temporal_delta_days": 12,
        "review_status": "AUTOMATIC_CANDIDATE",
        "model_version": "Phase 8.4 Champion",
        "checkpoint_sha256": "f5761006f3526f8ff9aa3a1d6487b7842c964fad99938cddf747cd1a1cba85db"
      }
    },
    {
      "type": "Feature",
      "id": "INDEPENDENT_TN_BLD_0029",
      "geometry": {
        "type": "Polygon",
        "coordinates": [
          [
            [
              79.7629,
              11.7429
            ],
            [
              79.76389999999999,
              11.7429
            ],
            [
              79.76389999999999,
              11.7439
            ],
            [
              79.7629,
              11.7439
            ],
            [
              79.7629,
              11.7429
            ]
          ]
        ]
      },
      "properties": {
        "building_id": "INDEPENDENT_TN_BLD_0029",
        "osm_id": "osm_way_ind_0029",
        "event_id": "TN_NAGAPATTINAM_CYCLONE_2022",
        "prediction": "INTACT",
        "damage_prediction": "INTACT",
        "confidence": 0.746,
        "prediction_margin": 0.35,
        "entropy": 0.45,
        "domain_shift_score": 0.1,
        "prob_intact": 0.85,
        "prob_damaged": 0.1,
        "prob_destroyed": 0.05,
        "coverage_ratio": 1.2,
        "pre_product_id": "SENTINEL2_PRE_20201115",
        "post_product_id": "SENTINEL2_POST_20201127",
        "pre_date": "2020-11-15T00:24:12Z",
        "post_date": "2020-11-27T00:24:13Z",
        "temporal_delta_days": 12,
        "review_status": "AUTOMATIC_CANDIDATE",
        "model_version": "Phase 8.4 Champion",
        "checkpoint_sha256": "f5761006f3526f8ff9aa3a1d6487b7842c964fad99938cddf747cd1a1cba85db"
      }
    },
    {
      "type": "Feature",
      "id": "INDEPENDENT_TN_BLD_0030",
      "geometry": {
        "type": "Polygon",
        "coordinates": [
          [
            [
              79.763,
              11.743
            ],
            [
              79.764,
              11.743
            ],
            [
              79.764,
              11.744
            ],
            [
              79.763,
              11.744
            ],
            [
              79.763,
              11.743
            ]
          ]
        ]
      },
      "properties": {
        "building_id": "INDEPENDENT_TN_BLD_0030",
        "osm_id": "osm_way_ind_0030",
        "event_id": "TN_NAGAPATTINAM_CYCLONE_2022",
        "prediction": "DAMAGED",
        "damage_prediction": "DAMAGED",
        "confidence": 1.0,
        "prediction_margin": 0.35,
        "entropy": 0.45,
        "domain_shift_score": 0.1,
        "prob_intact": 0.1,
        "prob_damaged": 0.85,
        "prob_destroyed": 0.05,
        "coverage_ratio": 1.2,
        "pre_product_id": "SENTINEL2_PRE_20201115",
        "post_product_id": "SENTINEL2_POST_20201127",
        "pre_date": "2020-11-15T00:24:12Z",
        "post_date": "2020-11-27T00:24:13Z",
        "temporal_delta_days": 12,
        "review_status": "AUTOMATIC_CANDIDATE",
        "model_version": "Phase 8.4 Champion",
        "checkpoint_sha256": "f5761006f3526f8ff9aa3a1d6487b7842c964fad99938cddf747cd1a1cba85db"
      }
    },
    {
      "type": "Feature",
      "id": "INDEPENDENT_TN_BLD_0031",
      "geometry": {
        "type": "Polygon",
        "coordinates": [
          [
            [
              79.76310000000001,
              11.7431
            ],
            [
              79.7641,
              11.7431
            ],
            [
              79.7641,
              11.7441
            ],
            [
              79.76310000000001,
              11.7441
            ],
            [
              79.76310000000001,
              11.7431
            ]
          ]
        ]
      },
      "properties": {
        "building_id": "INDEPENDENT_TN_BLD_0031",
        "osm_id": "osm_way_ind_0031",
        "event_id": "TN_NAGAPATTINAM_CYCLONE_2022",
        "prediction": "INTACT",
        "damage_prediction": "INTACT",
        "confidence": 0.9264,
        "prediction_margin": 0.35,
        "entropy": 0.45,
        "domain_shift_score": 0.1,
        "prob_intact": 0.85,
        "prob_damaged": 0.1,
        "prob_destroyed": 0.05,
        "coverage_ratio": 1.2,
        "pre_product_id": "SENTINEL2_PRE_20201115",
        "post_product_id": "SENTINEL2_POST_20201127",
        "pre_date": "2020-11-15T00:24:12Z",
        "post_date": "2020-11-27T00:24:13Z",
        "temporal_delta_days": 12,
        "review_status": "AUTOMATIC_CANDIDATE",
        "model_version": "Phase 8.4 Champion",
        "checkpoint_sha256": "f5761006f3526f8ff9aa3a1d6487b7842c964fad99938cddf747cd1a1cba85db"
      }
    },
    {
      "type": "Feature",
      "id": "INDEPENDENT_TN_BLD_0032",
      "geometry": {
        "type": "Polygon",
        "coordinates": [
          [
            [
              79.76320000000001,
              11.7432
            ],
            [
              79.7642,
              11.7432
            ],
            [
              79.7642,
              11.7442
            ],
            [
              79.76320000000001,
              11.7442
            ],
            [
              79.76320000000001,
              11.7432
            ]
          ]
        ]
      },
      "properties": {
        "building_id": "INDEPENDENT_TN_BLD_0032",
        "osm_id": "osm_way_ind_0032",
        "event_id": "TN_NAGAPATTINAM_CYCLONE_2022",
        "prediction": "DAMAGED",
        "damage_prediction": "DAMAGED",
        "confidence": 1.0,
        "prediction_margin": 0.35,
        "entropy": 0.45,
        "domain_shift_score": 0.1,
        "prob_intact": 0.1,
        "prob_damaged": 0.85,
        "prob_destroyed": 0.05,
        "coverage_ratio": 1.2,
        "pre_product_id": "SENTINEL2_PRE_20201115",
        "post_product_id": "SENTINEL2_POST_20201127",
        "pre_date": "2020-11-15T00:24:12Z",
        "post_date": "2020-11-27T00:24:13Z",
        "temporal_delta_days": 12,
        "review_status": "AUTOMATIC_CANDIDATE",
        "model_version": "Phase 8.4 Champion",
        "checkpoint_sha256": "f5761006f3526f8ff9aa3a1d6487b7842c964fad99938cddf747cd1a1cba85db"
      }
    },
    {
      "type": "Feature",
      "id": "INDEPENDENT_TN_BLD_0033",
      "geometry": {
        "type": "Polygon",
        "coordinates": [
          [
            [
              79.7633,
              11.7433
            ],
            [
              79.76429999999999,
              11.7433
            ],
            [
              79.76429999999999,
              11.744299999999999
            ],
            [
              79.7633,
              11.744299999999999
            ],
            [
              79.7633,
              11.7433
            ]
          ]
        ]
      },
      "properties": {
        "building_id": "INDEPENDENT_TN_BLD_0033",
        "osm_id": "osm_way_ind_0033",
        "event_id": "TN_NAGAPATTINAM_CYCLONE_2022",
        "prediction": "INTACT",
        "damage_prediction": "INTACT",
        "confidence": 0.6789,
        "prediction_margin": 0.35,
        "entropy": 0.45,
        "domain_shift_score": 0.1,
        "prob_intact": 0.85,
        "prob_damaged": 0.1,
        "prob_destroyed": 0.05,
        "coverage_ratio": 1.2,
        "pre_product_id": "SENTINEL2_PRE_20201115",
        "post_product_id": "SENTINEL2_POST_20201127",
        "pre_date": "2020-11-15T00:24:12Z",
        "post_date": "2020-11-27T00:24:13Z",
        "temporal_delta_days": 12,
        "review_status": "AUTOMATIC_CANDIDATE",
        "model_version": "Phase 8.4 Champion",
        "checkpoint_sha256": "f5761006f3526f8ff9aa3a1d6487b7842c964fad99938cddf747cd1a1cba85db"
      }
    },
    {
      "type": "Feature",
      "id": "INDEPENDENT_TN_BLD_0034",
      "geometry": {
        "type": "Polygon",
        "coordinates": [
          [
            [
              79.7634,
              11.7434
            ],
            [
              79.7644,
              11.7434
            ],
            [
              79.7644,
              11.744399999999999
            ],
            [
              79.7634,
              11.744399999999999
            ],
            [
              79.7634,
              11.7434
            ]
          ]
        ]
      },
      "properties": {
        "building_id": "INDEPENDENT_TN_BLD_0034",
        "osm_id": "osm_way_ind_0034",
        "event_id": "TN_NAGAPATTINAM_CYCLONE_2022",
        "prediction": "INTACT",
        "damage_prediction": "INTACT",
        "confidence": 0.9735,
        "prediction_margin": 0.35,
        "entropy": 0.45,
        "domain_shift_score": 0.1,
        "prob_intact": 0.85,
        "prob_damaged": 0.1,
        "prob_destroyed": 0.05,
        "coverage_ratio": 1.2,
        "pre_product_id": "SENTINEL2_PRE_20201115",
        "post_product_id": "SENTINEL2_POST_20201127",
        "pre_date": "2020-11-15T00:24:12Z",
        "post_date": "2020-11-27T00:24:13Z",
        "temporal_delta_days": 12,
        "review_status": "AUTOMATIC_CANDIDATE",
        "model_version": "Phase 8.4 Champion",
        "checkpoint_sha256": "f5761006f3526f8ff9aa3a1d6487b7842c964fad99938cddf747cd1a1cba85db"
      }
    },
    {
      "type": "Feature",
      "id": "INDEPENDENT_TN_BLD_0035",
      "geometry": {
        "type": "Polygon",
        "coordinates": [
          [
            [
              79.76350000000001,
              11.743500000000001
            ],
            [
              79.7645,
              11.743500000000001
            ],
            [
              79.7645,
              11.7445
            ],
            [
              79.76350000000001,
              11.7445
            ],
            [
              79.76350000000001,
              11.743500000000001
            ]
          ]
        ]
      },
      "properties": {
        "building_id": "INDEPENDENT_TN_BLD_0035",
        "osm_id": "osm_way_ind_0035",
        "event_id": "TN_NAGAPATTINAM_CYCLONE_2022",
        "prediction": "DAMAGED",
        "damage_prediction": "DAMAGED",
        "confidence": 1.0,
        "prediction_margin": 0.35,
        "entropy": 0.45,
        "domain_shift_score": 0.1,
        "prob_intact": 0.1,
        "prob_damaged": 0.85,
        "prob_destroyed": 0.05,
        "coverage_ratio": 1.2,
        "pre_product_id": "SENTINEL2_PRE_20201115",
        "post_product_id": "SENTINEL2_POST_20201127",
        "pre_date": "2020-11-15T00:24:12Z",
        "post_date": "2020-11-27T00:24:13Z",
        "temporal_delta_days": 12,
        "review_status": "AUTOMATIC_CANDIDATE",
        "model_version": "Phase 8.4 Champion",
        "checkpoint_sha256": "f5761006f3526f8ff9aa3a1d6487b7842c964fad99938cddf747cd1a1cba85db"
      }
    },
    {
      "type": "Feature",
      "id": "INDEPENDENT_TN_BLD_0036",
      "geometry": {
        "type": "Polygon",
        "coordinates": [
          [
            [
              79.76360000000001,
              11.7436
            ],
            [
              79.7646,
              11.7436
            ],
            [
              79.7646,
              11.7446
            ],
            [
              79.76360000000001,
              11.7446
            ],
            [
              79.76360000000001,
              11.7436
            ]
          ]
        ]
      },
      "properties": {
        "building_id": "INDEPENDENT_TN_BLD_0036",
        "osm_id": "osm_way_ind_0036",
        "event_id": "TN_NAGAPATTINAM_CYCLONE_2022",
        "prediction": "INTACT",
        "damage_prediction": "INTACT",
        "confidence": 0.8292,
        "prediction_margin": 0.35,
        "entropy": 0.45,
        "domain_shift_score": 0.1,
        "prob_intact": 0.85,
        "prob_damaged": 0.1,
        "prob_destroyed": 0.05,
        "coverage_ratio": 1.2,
        "pre_product_id": "SENTINEL2_PRE_20201115",
        "post_product_id": "SENTINEL2_POST_20201127",
        "pre_date": "2020-11-15T00:24:12Z",
        "post_date": "2020-11-27T00:24:13Z",
        "temporal_delta_days": 12,
        "review_status": "AUTOMATIC_CANDIDATE",
        "model_version": "Phase 8.4 Champion",
        "checkpoint_sha256": "f5761006f3526f8ff9aa3a1d6487b7842c964fad99938cddf747cd1a1cba85db"
      }
    },
    {
      "type": "Feature",
      "id": "INDEPENDENT_TN_BLD_0037",
      "geometry": {
        "type": "Polygon",
        "coordinates": [
          [
            [
              79.7637,
              11.7437
            ],
            [
              79.76469999999999,
              11.7437
            ],
            [
              79.76469999999999,
              11.7447
            ],
            [
              79.7637,
              11.7447
            ],
            [
              79.7637,
              11.7437
            ]
          ]
        ]
      },
      "properties": {
        "building_id": "INDEPENDENT_TN_BLD_0037",
        "osm_id": "osm_way_ind_0037",
        "event_id": "TN_NAGAPATTINAM_CYCLONE_2022",
        "prediction": "DAMAGED",
        "damage_prediction": "DAMAGED",
        "confidence": 1.0,
        "prediction_margin": 0.35,
        "entropy": 0.45,
        "domain_shift_score": 0.1,
        "prob_intact": 0.1,
        "prob_damaged": 0.85,
        "prob_destroyed": 0.05,
        "coverage_ratio": 1.2,
        "pre_product_id": "SENTINEL2_PRE_20201115",
        "post_product_id": "SENTINEL2_POST_20201127",
        "pre_date": "2020-11-15T00:24:12Z",
        "post_date": "2020-11-27T00:24:13Z",
        "temporal_delta_days": 12,
        "review_status": "AUTOMATIC_CANDIDATE",
        "model_version": "Phase 8.4 Champion",
        "checkpoint_sha256": "f5761006f3526f8ff9aa3a1d6487b7842c964fad99938cddf747cd1a1cba85db"
      }
    },
    {
      "type": "Feature",
      "id": "INDEPENDENT_TN_BLD_0038",
      "geometry": {
        "type": "Polygon",
        "coordinates": [
          [
            [
              79.7638,
              11.7438
            ],
            [
              79.7648,
              11.7438
            ],
            [
              79.7648,
              11.7448
            ],
            [
              79.7638,
              11.7448
            ],
            [
              79.7638,
              11.7438
            ]
          ]
        ]
      },
      "properties": {
        "building_id": "INDEPENDENT_TN_BLD_0038",
        "osm_id": "osm_way_ind_0038",
        "event_id": "TN_NAGAPATTINAM_CYCLONE_2022",
        "prediction": "INTACT",
        "damage_prediction": "INTACT",
        "confidence": 0.9137,
        "prediction_margin": 0.35,
        "entropy": 0.45,
        "domain_shift_score": 0.1,
        "prob_intact": 0.85,
        "prob_damaged": 0.1,
        "prob_destroyed": 0.05,
        "coverage_ratio": 1.2,
        "pre_product_id": "SENTINEL2_PRE_20201115",
        "post_product_id": "SENTINEL2_POST_20201127",
        "pre_date": "2020-11-15T00:24:12Z",
        "post_date": "2020-11-27T00:24:13Z",
        "temporal_delta_days": 12,
        "review_status": "AUTOMATIC_CANDIDATE",
        "model_version": "Phase 8.4 Champion",
        "checkpoint_sha256": "f5761006f3526f8ff9aa3a1d6487b7842c964fad99938cddf747cd1a1cba85db"
      }
    },
    {
      "type": "Feature",
      "id": "INDEPENDENT_TN_BLD_0039",
      "geometry": {
        "type": "Polygon",
        "coordinates": [
          [
            [
              79.7639,
              11.7439
            ],
            [
              79.7649,
              11.7439
            ],
            [
              79.7649,
              11.7449
            ],
            [
              79.7639,
              11.7449
            ],
            [
              79.7639,
              11.7439
            ]
          ]
        ]
      },
      "properties": {
        "building_id": "INDEPENDENT_TN_BLD_0039",
        "osm_id": "osm_way_ind_0039",
        "event_id": "TN_NAGAPATTINAM_CYCLONE_2022",
        "prediction": "INTACT",
        "damage_prediction": "INTACT",
        "confidence": 0.8976,
        "prediction_margin": 0.35,
        "entropy": 0.45,
        "domain_shift_score": 0.1,
        "prob_intact": 0.85,
        "prob_damaged": 0.1,
        "prob_destroyed": 0.05,
        "coverage_ratio": 1.2,
        "pre_product_id": "SENTINEL2_PRE_20201115",
        "post_product_id": "SENTINEL2_POST_20201127",
        "pre_date": "2020-11-15T00:24:12Z",
        "post_date": "2020-11-27T00:24:13Z",
        "temporal_delta_days": 12,
        "review_status": "AUTOMATIC_CANDIDATE",
        "model_version": "Phase 8.4 Champion",
        "checkpoint_sha256": "f5761006f3526f8ff9aa3a1d6487b7842c964fad99938cddf747cd1a1cba85db"
      }
    },
    {
      "type": "Feature",
      "id": "INDEPENDENT_TN_BLD_0040",
      "geometry": {
        "type": "Polygon",
        "coordinates": [
          [
            [
              79.76400000000001,
              11.744
            ],
            [
              79.765,
              11.744
            ],
            [
              79.765,
              11.745
            ],
            [
              79.76400000000001,
              11.745
            ],
            [
              79.76400000000001,
              11.744
            ]
          ]
        ]
      },
      "properties": {
        "building_id": "INDEPENDENT_TN_BLD_0040",
        "osm_id": "osm_way_ind_0040",
        "event_id": "TN_NAGAPATTINAM_CYCLONE_2022",
        "prediction": "INTACT",
        "damage_prediction": "INTACT",
        "confidence": 0.8471,
        "prediction_margin": 0.35,
        "entropy": 0.45,
        "domain_shift_score": 0.1,
        "prob_intact": 0.85,
        "prob_damaged": 0.1,
        "prob_destroyed": 0.05,
        "coverage_ratio": 1.2,
        "pre_product_id": "SENTINEL2_PRE_20201115",
        "post_product_id": "SENTINEL2_POST_20201127",
        "pre_date": "2020-11-15T00:24:12Z",
        "post_date": "2020-11-27T00:24:13Z",
        "temporal_delta_days": 12,
        "review_status": "AUTOMATIC_CANDIDATE",
        "model_version": "Phase 8.4 Champion",
        "checkpoint_sha256": "f5761006f3526f8ff9aa3a1d6487b7842c964fad99938cddf747cd1a1cba85db"
      }
    },
    {
      "type": "Feature",
      "id": "INDEPENDENT_TN_BLD_0041",
      "geometry": {
        "type": "Polygon",
        "coordinates": [
          [
            [
              79.7641,
              11.7441
            ],
            [
              79.76509999999999,
              11.7441
            ],
            [
              79.76509999999999,
              11.745099999999999
            ],
            [
              79.7641,
              11.745099999999999
            ],
            [
              79.7641,
              11.7441
            ]
          ]
        ]
      },
      "properties": {
        "building_id": "INDEPENDENT_TN_BLD_0041",
        "osm_id": "osm_way_ind_0041",
        "event_id": "TN_NAGAPATTINAM_CYCLONE_2022",
        "prediction": "INTACT",
        "damage_prediction": "INTACT",
        "confidence": 0.7963,
        "prediction_margin": 0.35,
        "entropy": 0.45,
        "domain_shift_score": 0.1,
        "prob_intact": 0.85,
        "prob_damaged": 0.1,
        "prob_destroyed": 0.05,
        "coverage_ratio": 1.2,
        "pre_product_id": "SENTINEL2_PRE_20201115",
        "post_product_id": "SENTINEL2_POST_20201127",
        "pre_date": "2020-11-15T00:24:12Z",
        "post_date": "2020-11-27T00:24:13Z",
        "temporal_delta_days": 12,
        "review_status": "AUTOMATIC_CANDIDATE",
        "model_version": "Phase 8.4 Champion",
        "checkpoint_sha256": "f5761006f3526f8ff9aa3a1d6487b7842c964fad99938cddf747cd1a1cba85db"
      }
    },
    {
      "type": "Feature",
      "id": "INDEPENDENT_TN_BLD_0042",
      "geometry": {
        "type": "Polygon",
        "coordinates": [
          [
            [
              79.7642,
              11.744200000000001
            ],
            [
              79.7652,
              11.744200000000001
            ],
            [
              79.7652,
              11.7452
            ],
            [
              79.7642,
              11.7452
            ],
            [
              79.7642,
              11.744200000000001
            ]
          ]
        ]
      },
      "properties": {
        "building_id": "INDEPENDENT_TN_BLD_0042",
        "osm_id": "osm_way_ind_0042",
        "event_id": "TN_NAGAPATTINAM_CYCLONE_2022",
        "prediction": "INTACT",
        "damage_prediction": "INTACT",
        "confidence": 0.9374,
        "prediction_margin": 0.35,
        "entropy": 0.45,
        "domain_shift_score": 0.1,
        "prob_intact": 0.85,
        "prob_damaged": 0.1,
        "prob_destroyed": 0.05,
        "coverage_ratio": 1.2,
        "pre_product_id": "SENTINEL2_PRE_20201115",
        "post_product_id": "SENTINEL2_POST_20201127",
        "pre_date": "2020-11-15T00:24:12Z",
        "post_date": "2020-11-27T00:24:13Z",
        "temporal_delta_days": 12,
        "review_status": "AUTOMATIC_CANDIDATE",
        "model_version": "Phase 8.4 Champion",
        "checkpoint_sha256": "f5761006f3526f8ff9aa3a1d6487b7842c964fad99938cddf747cd1a1cba85db"
      }
    },
    {
      "type": "Feature",
      "id": "INDEPENDENT_TN_BLD_0043",
      "geometry": {
        "type": "Polygon",
        "coordinates": [
          [
            [
              79.7643,
              11.7443
            ],
            [
              79.7653,
              11.7443
            ],
            [
              79.7653,
              11.7453
            ],
            [
              79.7643,
              11.7453
            ],
            [
              79.7643,
              11.7443
            ]
          ]
        ]
      },
      "properties": {
        "building_id": "INDEPENDENT_TN_BLD_0043",
        "osm_id": "osm_way_ind_0043",
        "event_id": "TN_NAGAPATTINAM_CYCLONE_2022",
        "prediction": "INTACT",
        "damage_prediction": "INTACT",
        "confidence": 0.6005,
        "prediction_margin": 0.35,
        "entropy": 0.45,
        "domain_shift_score": 0.1,
        "prob_intact": 0.85,
        "prob_damaged": 0.1,
        "prob_destroyed": 0.05,
        "coverage_ratio": 1.2,
        "pre_product_id": "SENTINEL2_PRE_20201115",
        "post_product_id": "SENTINEL2_POST_20201127",
        "pre_date": "2020-11-15T00:24:12Z",
        "post_date": "2020-11-27T00:24:13Z",
        "temporal_delta_days": 12,
        "review_status": "AUTOMATIC_CANDIDATE",
        "model_version": "Phase 8.4 Champion",
        "checkpoint_sha256": "f5761006f3526f8ff9aa3a1d6487b7842c964fad99938cddf747cd1a1cba85db"
      }
    },
    {
      "type": "Feature",
      "id": "INDEPENDENT_TN_BLD_0044",
      "geometry": {
        "type": "Polygon",
        "coordinates": [
          [
            [
              79.76440000000001,
              11.7444
            ],
            [
              79.7654,
              11.7444
            ],
            [
              79.7654,
              11.7454
            ],
            [
              79.76440000000001,
              11.7454
            ],
            [
              79.76440000000001,
              11.7444
            ]
          ]
        ]
      },
      "properties": {
        "building_id": "INDEPENDENT_TN_BLD_0044",
        "osm_id": "osm_way_ind_0044",
        "event_id": "TN_NAGAPATTINAM_CYCLONE_2022",
        "prediction": "INTACT",
        "damage_prediction": "INTACT",
        "confidence": 0.9748,
        "prediction_margin": 0.35,
        "entropy": 0.45,
        "domain_shift_score": 0.1,
        "prob_intact": 0.85,
        "prob_damaged": 0.1,
        "prob_destroyed": 0.05,
        "coverage_ratio": 1.2,
        "pre_product_id": "SENTINEL2_PRE_20201115",
        "post_product_id": "SENTINEL2_POST_20201127",
        "pre_date": "2020-11-15T00:24:12Z",
        "post_date": "2020-11-27T00:24:13Z",
        "temporal_delta_days": 12,
        "review_status": "AUTOMATIC_CANDIDATE",
        "model_version": "Phase 8.4 Champion",
        "checkpoint_sha256": "f5761006f3526f8ff9aa3a1d6487b7842c964fad99938cddf747cd1a1cba85db"
      }
    },
    {
      "type": "Feature",
      "id": "INDEPENDENT_TN_BLD_0045",
      "geometry": {
        "type": "Polygon",
        "coordinates": [
          [
            [
              79.7645,
              11.7445
            ],
            [
              79.76549999999999,
              11.7445
            ],
            [
              79.76549999999999,
              11.7455
            ],
            [
              79.7645,
              11.7455
            ],
            [
              79.7645,
              11.7445
            ]
          ]
        ]
      },
      "properties": {
        "building_id": "INDEPENDENT_TN_BLD_0045",
        "osm_id": "osm_way_ind_0045",
        "event_id": "TN_NAGAPATTINAM_CYCLONE_2022",
        "prediction": "INTACT",
        "damage_prediction": "INTACT",
        "confidence": 0.8325,
        "prediction_margin": 0.35,
        "entropy": 0.45,
        "domain_shift_score": 0.1,
        "prob_intact": 0.85,
        "prob_damaged": 0.1,
        "prob_destroyed": 0.05,
        "coverage_ratio": 1.2,
        "pre_product_id": "SENTINEL2_PRE_20201115",
        "post_product_id": "SENTINEL2_POST_20201127",
        "pre_date": "2020-11-15T00:24:12Z",
        "post_date": "2020-11-27T00:24:13Z",
        "temporal_delta_days": 12,
        "review_status": "AUTOMATIC_CANDIDATE",
        "model_version": "Phase 8.4 Champion",
        "checkpoint_sha256": "f5761006f3526f8ff9aa3a1d6487b7842c964fad99938cddf747cd1a1cba85db"
      }
    },
    {
      "type": "Feature",
      "id": "INDEPENDENT_TN_BLD_0046",
      "geometry": {
        "type": "Polygon",
        "coordinates": [
          [
            [
              79.7646,
              11.7446
            ],
            [
              79.76559999999999,
              11.7446
            ],
            [
              79.76559999999999,
              11.7456
            ],
            [
              79.7646,
              11.7456
            ],
            [
              79.7646,
              11.7446
            ]
          ]
        ]
      },
      "properties": {
        "building_id": "INDEPENDENT_TN_BLD_0046",
        "osm_id": "osm_way_ind_0046",
        "event_id": "TN_NAGAPATTINAM_CYCLONE_2022",
        "prediction": "INTACT",
        "damage_prediction": "INTACT",
        "confidence": 0.8016,
        "prediction_margin": 0.35,
        "entropy": 0.45,
        "domain_shift_score": 0.1,
        "prob_intact": 0.85,
        "prob_damaged": 0.1,
        "prob_destroyed": 0.05,
        "coverage_ratio": 1.2,
        "pre_product_id": "SENTINEL2_PRE_20201115",
        "post_product_id": "SENTINEL2_POST_20201127",
        "pre_date": "2020-11-15T00:24:12Z",
        "post_date": "2020-11-27T00:24:13Z",
        "temporal_delta_days": 12,
        "review_status": "AUTOMATIC_CANDIDATE",
        "model_version": "Phase 8.4 Champion",
        "checkpoint_sha256": "f5761006f3526f8ff9aa3a1d6487b7842c964fad99938cddf747cd1a1cba85db"
      }
    },
    {
      "type": "Feature",
      "id": "INDEPENDENT_TN_BLD_0047",
      "geometry": {
        "type": "Polygon",
        "coordinates": [
          [
            [
              79.7647,
              11.7447
            ],
            [
              79.7657,
              11.7447
            ],
            [
              79.7657,
              11.7457
            ],
            [
              79.7647,
              11.7457
            ],
            [
              79.7647,
              11.7447
            ]
          ]
        ]
      },
      "properties": {
        "building_id": "INDEPENDENT_TN_BLD_0047",
        "osm_id": "osm_way_ind_0047",
        "event_id": "TN_NAGAPATTINAM_CYCLONE_2022",
        "prediction": "INTACT",
        "damage_prediction": "INTACT",
        "confidence": 0.5795,
        "prediction_margin": 0.35,
        "entropy": 0.45,
        "domain_shift_score": 0.1,
        "prob_intact": 0.85,
        "prob_damaged": 0.1,
        "prob_destroyed": 0.05,
        "coverage_ratio": 1.2,
        "pre_product_id": "SENTINEL2_PRE_20201115",
        "post_product_id": "SENTINEL2_POST_20201127",
        "pre_date": "2020-11-15T00:24:12Z",
        "post_date": "2020-11-27T00:24:13Z",
        "temporal_delta_days": 12,
        "review_status": "AUTOMATIC_CANDIDATE",
        "model_version": "Phase 8.4 Champion",
        "checkpoint_sha256": "f5761006f3526f8ff9aa3a1d6487b7842c964fad99938cddf747cd1a1cba85db"
      }
    },
    {
      "type": "Feature",
      "id": "INDEPENDENT_TN_BLD_0048",
      "geometry": {
        "type": "Polygon",
        "coordinates": [
          [
            [
              79.76480000000001,
              11.7448
            ],
            [
              79.7658,
              11.7448
            ],
            [
              79.7658,
              11.7458
            ],
            [
              79.76480000000001,
              11.7458
            ],
            [
              79.76480000000001,
              11.7448
            ]
          ]
        ]
      },
      "properties": {
        "building_id": "INDEPENDENT_TN_BLD_0048",
        "osm_id": "osm_way_ind_0048",
        "event_id": "TN_NAGAPATTINAM_CYCLONE_2022",
        "prediction": "INTACT",
        "damage_prediction": "INTACT",
        "confidence": 0.9942,
        "prediction_margin": 0.35,
        "entropy": 0.45,
        "domain_shift_score": 0.1,
        "prob_intact": 0.85,
        "prob_damaged": 0.1,
        "prob_destroyed": 0.05,
        "coverage_ratio": 1.2,
        "pre_product_id": "SENTINEL2_PRE_20201115",
        "post_product_id": "SENTINEL2_POST_20201127",
        "pre_date": "2020-11-15T00:24:12Z",
        "post_date": "2020-11-27T00:24:13Z",
        "temporal_delta_days": 12,
        "review_status": "AUTOMATIC_CANDIDATE",
        "model_version": "Phase 8.4 Champion",
        "checkpoint_sha256": "f5761006f3526f8ff9aa3a1d6487b7842c964fad99938cddf747cd1a1cba85db"
      }
    },
    {
      "type": "Feature",
      "id": "INDEPENDENT_TN_BLD_0049",
      "geometry": {
        "type": "Polygon",
        "coordinates": [
          [
            [
              79.76490000000001,
              11.7449
            ],
            [
              79.7659,
              11.7449
            ],
            [
              79.7659,
              11.745899999999999
            ],
            [
              79.76490000000001,
              11.745899999999999
            ],
            [
              79.76490000000001,
              11.7449
            ]
          ]
        ]
      },
      "properties": {
        "building_id": "INDEPENDENT_TN_BLD_0049",
        "osm_id": "osm_way_ind_0049",
        "event_id": "TN_NAGAPATTINAM_CYCLONE_2022",
        "prediction": "INTACT",
        "damage_prediction": "INTACT",
        "confidence": 0.909,
        "prediction_margin": 0.35,
        "entropy": 0.45,
        "domain_shift_score": 0.1,
        "prob_intact": 0.85,
        "prob_damaged": 0.1,
        "prob_destroyed": 0.05,
        "coverage_ratio": 1.2,
        "pre_product_id": "SENTINEL2_PRE_20201115",
        "post_product_id": "SENTINEL2_POST_20201127",
        "pre_date": "2020-11-15T00:24:12Z",
        "post_date": "2020-11-27T00:24:13Z",
        "temporal_delta_days": 12,
        "review_status": "AUTOMATIC_CANDIDATE",
        "model_version": "Phase 8.4 Champion",
        "checkpoint_sha256": "f5761006f3526f8ff9aa3a1d6487b7842c964fad99938cddf747cd1a1cba85db"
      }
    },
    {
      "type": "Feature",
      "id": "INDEPENDENT_TN_BLD_0050",
      "geometry": {
        "type": "Polygon",
        "coordinates": [
          [
            [
              79.765,
              11.745000000000001
            ],
            [
              79.76599999999999,
              11.745000000000001
            ],
            [
              79.76599999999999,
              11.746
            ],
            [
              79.765,
              11.746
            ],
            [
              79.765,
              11.745000000000001
            ]
          ]
        ]
      },
      "properties": {
        "building_id": "INDEPENDENT_TN_BLD_0050",
        "osm_id": "osm_way_ind_0050",
        "event_id": "TN_NAGAPATTINAM_CYCLONE_2022",
        "prediction": "INTACT",
        "damage_prediction": "INTACT",
        "confidence": 0.958,
        "prediction_margin": 0.35,
        "entropy": 0.45,
        "domain_shift_score": 0.1,
        "prob_intact": 0.85,
        "prob_damaged": 0.1,
        "prob_destroyed": 0.05,
        "coverage_ratio": 1.2,
        "pre_product_id": "SENTINEL2_PRE_20201115",
        "post_product_id": "SENTINEL2_POST_20201127",
        "pre_date": "2020-11-15T00:24:12Z",
        "post_date": "2020-11-27T00:24:13Z",
        "temporal_delta_days": 12,
        "review_status": "AUTOMATIC_CANDIDATE",
        "model_version": "Phase 8.4 Champion",
        "checkpoint_sha256": "f5761006f3526f8ff9aa3a1d6487b7842c964fad99938cddf747cd1a1cba85db"
      }
    },
    {
      "type": "Feature",
      "id": "INDEPENDENT_TN_BLD_0051",
      "geometry": {
        "type": "Polygon",
        "coordinates": [
          [
            [
              79.7651,
              11.7451
            ],
            [
              79.7661,
              11.7451
            ],
            [
              79.7661,
              11.7461
            ],
            [
              79.7651,
              11.7461
            ],
            [
              79.7651,
              11.7451
            ]
          ]
        ]
      },
      "properties": {
        "building_id": "INDEPENDENT_TN_BLD_0051",
        "osm_id": "osm_way_ind_0051",
        "event_id": "TN_NAGAPATTINAM_CYCLONE_2022",
        "prediction": "INTACT",
        "damage_prediction": "INTACT",
        "confidence": 0.789,
        "prediction_margin": 0.35,
        "entropy": 0.45,
        "domain_shift_score": 0.1,
        "prob_intact": 0.85,
        "prob_damaged": 0.1,
        "prob_destroyed": 0.05,
        "coverage_ratio": 1.2,
        "pre_product_id": "SENTINEL2_PRE_20201115",
        "post_product_id": "SENTINEL2_POST_20201127",
        "pre_date": "2020-11-15T00:24:12Z",
        "post_date": "2020-11-27T00:24:13Z",
        "temporal_delta_days": 12,
        "review_status": "AUTOMATIC_CANDIDATE",
        "model_version": "Phase 8.4 Champion",
        "checkpoint_sha256": "f5761006f3526f8ff9aa3a1d6487b7842c964fad99938cddf747cd1a1cba85db"
      }
    },
    {
      "type": "Feature",
      "id": "INDEPENDENT_TN_BLD_0052",
      "geometry": {
        "type": "Polygon",
        "coordinates": [
          [
            [
              79.76520000000001,
              11.7452
            ],
            [
              79.7662,
              11.7452
            ],
            [
              79.7662,
              11.7462
            ],
            [
              79.76520000000001,
              11.7462
            ],
            [
              79.76520000000001,
              11.7452
            ]
          ]
        ]
      },
      "properties": {
        "building_id": "INDEPENDENT_TN_BLD_0052",
        "osm_id": "osm_way_ind_0052",
        "event_id": "TN_NAGAPATTINAM_CYCLONE_2022",
        "prediction": "INTACT",
        "damage_prediction": "INTACT",
        "confidence": 0.796,
        "prediction_margin": 0.35,
        "entropy": 0.45,
        "domain_shift_score": 0.1,
        "prob_intact": 0.85,
        "prob_damaged": 0.1,
        "prob_destroyed": 0.05,
        "coverage_ratio": 1.2,
        "pre_product_id": "SENTINEL2_PRE_20201115",
        "post_product_id": "SENTINEL2_POST_20201127",
        "pre_date": "2020-11-15T00:24:12Z",
        "post_date": "2020-11-27T00:24:13Z",
        "temporal_delta_days": 12,
        "review_status": "AUTOMATIC_CANDIDATE",
        "model_version": "Phase 8.4 Champion",
        "checkpoint_sha256": "f5761006f3526f8ff9aa3a1d6487b7842c964fad99938cddf747cd1a1cba85db"
      }
    },
    {
      "type": "Feature",
      "id": "INDEPENDENT_TN_BLD_0053",
      "geometry": {
        "type": "Polygon",
        "coordinates": [
          [
            [
              79.76530000000001,
              11.7453
            ],
            [
              79.7663,
              11.7453
            ],
            [
              79.7663,
              11.7463
            ],
            [
              79.76530000000001,
              11.7463
            ],
            [
              79.76530000000001,
              11.7453
            ]
          ]
        ]
      },
      "properties": {
        "building_id": "INDEPENDENT_TN_BLD_0053",
        "osm_id": "osm_way_ind_0053",
        "event_id": "TN_NAGAPATTINAM_CYCLONE_2022",
        "prediction": "INTACT",
        "damage_prediction": "INTACT",
        "confidence": 0.9845,
        "prediction_margin": 0.35,
        "entropy": 0.45,
        "domain_shift_score": 0.1,
        "prob_intact": 0.85,
        "prob_damaged": 0.1,
        "prob_destroyed": 0.05,
        "coverage_ratio": 1.2,
        "pre_product_id": "SENTINEL2_PRE_20201115",
        "post_product_id": "SENTINEL2_POST_20201127",
        "pre_date": "2020-11-15T00:24:12Z",
        "post_date": "2020-11-27T00:24:13Z",
        "temporal_delta_days": 12,
        "review_status": "AUTOMATIC_CANDIDATE",
        "model_version": "Phase 8.4 Champion",
        "checkpoint_sha256": "f5761006f3526f8ff9aa3a1d6487b7842c964fad99938cddf747cd1a1cba85db"
      }
    },
    {
      "type": "Feature",
      "id": "INDEPENDENT_TN_BLD_0054",
      "geometry": {
        "type": "Polygon",
        "coordinates": [
          [
            [
              79.7654,
              11.7454
            ],
            [
              79.76639999999999,
              11.7454
            ],
            [
              79.76639999999999,
              11.7464
            ],
            [
              79.7654,
              11.7464
            ],
            [
              79.7654,
              11.7454
            ]
          ]
        ]
      },
      "properties": {
        "building_id": "INDEPENDENT_TN_BLD_0054",
        "osm_id": "osm_way_ind_0054",
        "event_id": "TN_NAGAPATTINAM_CYCLONE_2022",
        "prediction": "INTACT",
        "damage_prediction": "INTACT",
        "confidence": 0.7981,
        "prediction_margin": 0.35,
        "entropy": 0.45,
        "domain_shift_score": 0.1,
        "prob_intact": 0.85,
        "prob_damaged": 0.1,
        "prob_destroyed": 0.05,
        "coverage_ratio": 1.2,
        "pre_product_id": "SENTINEL2_PRE_20201115",
        "post_product_id": "SENTINEL2_POST_20201127",
        "pre_date": "2020-11-15T00:24:12Z",
        "post_date": "2020-11-27T00:24:13Z",
        "temporal_delta_days": 12,
        "review_status": "AUTOMATIC_CANDIDATE",
        "model_version": "Phase 8.4 Champion",
        "checkpoint_sha256": "f5761006f3526f8ff9aa3a1d6487b7842c964fad99938cddf747cd1a1cba85db"
      }
    },
    {
      "type": "Feature",
      "id": "INDEPENDENT_TN_BLD_0055",
      "geometry": {
        "type": "Polygon",
        "coordinates": [
          [
            [
              79.7655,
              11.7455
            ],
            [
              79.7665,
              11.7455
            ],
            [
              79.7665,
              11.7465
            ],
            [
              79.7655,
              11.7465
            ],
            [
              79.7655,
              11.7455
            ]
          ]
        ]
      },
      "properties": {
        "building_id": "INDEPENDENT_TN_BLD_0055",
        "osm_id": "osm_way_ind_0055",
        "event_id": "TN_NAGAPATTINAM_CYCLONE_2022",
        "prediction": "INTACT",
        "damage_prediction": "INTACT",
        "confidence": 0.9571,
        "prediction_margin": 0.35,
        "entropy": 0.45,
        "domain_shift_score": 0.1,
        "prob_intact": 0.85,
        "prob_damaged": 0.1,
        "prob_destroyed": 0.05,
        "coverage_ratio": 1.2,
        "pre_product_id": "SENTINEL2_PRE_20201115",
        "post_product_id": "SENTINEL2_POST_20201127",
        "pre_date": "2020-11-15T00:24:12Z",
        "post_date": "2020-11-27T00:24:13Z",
        "temporal_delta_days": 12,
        "review_status": "AUTOMATIC_CANDIDATE",
        "model_version": "Phase 8.4 Champion",
        "checkpoint_sha256": "f5761006f3526f8ff9aa3a1d6487b7842c964fad99938cddf747cd1a1cba85db"
      }
    },
    {
      "type": "Feature",
      "id": "INDEPENDENT_TN_BLD_0056",
      "geometry": {
        "type": "Polygon",
        "coordinates": [
          [
            [
              79.7656,
              11.7456
            ],
            [
              79.7666,
              11.7456
            ],
            [
              79.7666,
              11.746599999999999
            ],
            [
              79.7656,
              11.746599999999999
            ],
            [
              79.7656,
              11.7456
            ]
          ]
        ]
      },
      "properties": {
        "building_id": "INDEPENDENT_TN_BLD_0056",
        "osm_id": "osm_way_ind_0056",
        "event_id": "TN_NAGAPATTINAM_CYCLONE_2022",
        "prediction": "INTACT",
        "damage_prediction": "INTACT",
        "confidence": 0.7851,
        "prediction_margin": 0.35,
        "entropy": 0.45,
        "domain_shift_score": 0.1,
        "prob_intact": 0.85,
        "prob_damaged": 0.1,
        "prob_destroyed": 0.05,
        "coverage_ratio": 1.2,
        "pre_product_id": "SENTINEL2_PRE_20201115",
        "post_product_id": "SENTINEL2_POST_20201127",
        "pre_date": "2020-11-15T00:24:12Z",
        "post_date": "2020-11-27T00:24:13Z",
        "temporal_delta_days": 12,
        "review_status": "AUTOMATIC_CANDIDATE",
        "model_version": "Phase 8.4 Champion",
        "checkpoint_sha256": "f5761006f3526f8ff9aa3a1d6487b7842c964fad99938cddf747cd1a1cba85db"
      }
    },
    {
      "type": "Feature",
      "id": "INDEPENDENT_TN_BLD_0057",
      "geometry": {
        "type": "Polygon",
        "coordinates": [
          [
            [
              79.76570000000001,
              11.7457
            ],
            [
              79.7667,
              11.7457
            ],
            [
              79.7667,
              11.746699999999999
            ],
            [
              79.76570000000001,
              11.746699999999999
            ],
            [
              79.76570000000001,
              11.7457
            ]
          ]
        ]
      },
      "properties": {
        "building_id": "INDEPENDENT_TN_BLD_0057",
        "osm_id": "osm_way_ind_0057",
        "event_id": "TN_NAGAPATTINAM_CYCLONE_2022",
        "prediction": "INTACT",
        "damage_prediction": "INTACT",
        "confidence": 0.9174,
        "prediction_margin": 0.35,
        "entropy": 0.45,
        "domain_shift_score": 0.1,
        "prob_intact": 0.85,
        "prob_damaged": 0.1,
        "prob_destroyed": 0.05,
        "coverage_ratio": 1.2,
        "pre_product_id": "SENTINEL2_PRE_20201115",
        "post_product_id": "SENTINEL2_POST_20201127",
        "pre_date": "2020-11-15T00:24:12Z",
        "post_date": "2020-11-27T00:24:13Z",
        "temporal_delta_days": 12,
        "review_status": "AUTOMATIC_CANDIDATE",
        "model_version": "Phase 8.4 Champion",
        "checkpoint_sha256": "f5761006f3526f8ff9aa3a1d6487b7842c964fad99938cddf747cd1a1cba85db"
      }
    },
    {
      "type": "Feature",
      "id": "INDEPENDENT_TN_BLD_0058",
      "geometry": {
        "type": "Polygon",
        "coordinates": [
          [
            [
              79.7658,
              11.745800000000001
            ],
            [
              79.76679999999999,
              11.745800000000001
            ],
            [
              79.76679999999999,
              11.7468
            ],
            [
              79.7658,
              11.7468
            ],
            [
              79.7658,
              11.745800000000001
            ]
          ]
        ]
      },
      "properties": {
        "building_id": "INDEPENDENT_TN_BLD_0058",
        "osm_id": "osm_way_ind_0058",
        "event_id": "TN_NAGAPATTINAM_CYCLONE_2022",
        "prediction": "INTACT",
        "damage_prediction": "INTACT",
        "confidence": 0.4574,
        "prediction_margin": 0.35,
        "entropy": 0.45,
        "domain_shift_score": 0.1,
        "prob_intact": 0.85,
        "prob_damaged": 0.1,
        "prob_destroyed": 0.05,
        "coverage_ratio": 1.2,
        "pre_product_id": "SENTINEL2_PRE_20201115",
        "post_product_id": "SENTINEL2_POST_20201127",
        "pre_date": "2020-11-15T00:24:12Z",
        "post_date": "2020-11-27T00:24:13Z",
        "temporal_delta_days": 12,
        "review_status": "AUTOMATIC_CANDIDATE",
        "model_version": "Phase 8.4 Champion",
        "checkpoint_sha256": "f5761006f3526f8ff9aa3a1d6487b7842c964fad99938cddf747cd1a1cba85db"
      }
    },
    {
      "type": "Feature",
      "id": "INDEPENDENT_TN_BLD_0059",
      "geometry": {
        "type": "Polygon",
        "coordinates": [
          [
            [
              79.7659,
              11.7459
            ],
            [
              79.76689999999999,
              11.7459
            ],
            [
              79.76689999999999,
              11.7469
            ],
            [
              79.7659,
              11.7469
            ],
            [
              79.7659,
              11.7459
            ]
          ]
        ]
      },
      "properties": {
        "building_id": "INDEPENDENT_TN_BLD_0059",
        "osm_id": "osm_way_ind_0059",
        "event_id": "TN_NAGAPATTINAM_CYCLONE_2022",
        "prediction": "DAMAGED",
        "damage_prediction": "DAMAGED",
        "confidence": 0.4457,
        "prediction_margin": 0.35,
        "entropy": 0.45,
        "domain_shift_score": 0.1,
        "prob_intact": 0.1,
        "prob_damaged": 0.85,
        "prob_destroyed": 0.05,
        "coverage_ratio": 1.2,
        "pre_product_id": "SENTINEL2_PRE_20201115",
        "post_product_id": "SENTINEL2_POST_20201127",
        "pre_date": "2020-11-15T00:24:12Z",
        "post_date": "2020-11-27T00:24:13Z",
        "temporal_delta_days": 12,
        "review_status": "AUTOMATIC_CANDIDATE",
        "model_version": "Phase 8.4 Champion",
        "checkpoint_sha256": "f5761006f3526f8ff9aa3a1d6487b7842c964fad99938cddf747cd1a1cba85db"
      }
    },
    {
      "type": "Feature",
      "id": "INDEPENDENT_TN_BLD_0060",
      "geometry": {
        "type": "Polygon",
        "coordinates": [
          [
            [
              79.766,
              11.746
            ],
            [
              79.767,
              11.746
            ],
            [
              79.767,
              11.747
            ],
            [
              79.766,
              11.747
            ],
            [
              79.766,
              11.746
            ]
          ]
        ]
      },
      "properties": {
        "building_id": "INDEPENDENT_TN_BLD_0060",
        "osm_id": "osm_way_ind_0060",
        "event_id": "TN_NAGAPATTINAM_CYCLONE_2022",
        "prediction": "INTACT",
        "damage_prediction": "INTACT",
        "confidence": 0.6712,
        "prediction_margin": 0.35,
        "entropy": 0.45,
        "domain_shift_score": 0.1,
        "prob_intact": 0.85,
        "prob_damaged": 0.1,
        "prob_destroyed": 0.05,
        "coverage_ratio": 1.2,
        "pre_product_id": "SENTINEL2_PRE_20201115",
        "post_product_id": "SENTINEL2_POST_20201127",
        "pre_date": "2020-11-15T00:24:12Z",
        "post_date": "2020-11-27T00:24:13Z",
        "temporal_delta_days": 12,
        "review_status": "AUTOMATIC_CANDIDATE",
        "model_version": "Phase 8.4 Champion",
        "checkpoint_sha256": "f5761006f3526f8ff9aa3a1d6487b7842c964fad99938cddf747cd1a1cba85db"
      }
    },
    {
      "type": "Feature",
      "id": "INDEPENDENT_TN_BLD_0061",
      "geometry": {
        "type": "Polygon",
        "coordinates": [
          [
            [
              79.76610000000001,
              11.7461
            ],
            [
              79.7671,
              11.7461
            ],
            [
              79.7671,
              11.7471
            ],
            [
              79.76610000000001,
              11.7471
            ],
            [
              79.76610000000001,
              11.7461
            ]
          ]
        ]
      },
      "properties": {
        "building_id": "INDEPENDENT_TN_BLD_0061",
        "osm_id": "osm_way_ind_0061",
        "event_id": "TN_NAGAPATTINAM_CYCLONE_2022",
        "prediction": "INTACT",
        "damage_prediction": "INTACT",
        "confidence": 0.9654,
        "prediction_margin": 0.35,
        "entropy": 0.45,
        "domain_shift_score": 0.1,
        "prob_intact": 0.85,
        "prob_damaged": 0.1,
        "prob_destroyed": 0.05,
        "coverage_ratio": 1.2,
        "pre_product_id": "SENTINEL2_PRE_20201115",
        "post_product_id": "SENTINEL2_POST_20201127",
        "pre_date": "2020-11-15T00:24:12Z",
        "post_date": "2020-11-27T00:24:13Z",
        "temporal_delta_days": 12,
        "review_status": "AUTOMATIC_CANDIDATE",
        "model_version": "Phase 8.4 Champion",
        "checkpoint_sha256": "f5761006f3526f8ff9aa3a1d6487b7842c964fad99938cddf747cd1a1cba85db"
      }
    },
    {
      "type": "Feature",
      "id": "INDEPENDENT_TN_BLD_0062",
      "geometry": {
        "type": "Polygon",
        "coordinates": [
          [
            [
              79.76620000000001,
              11.7462
            ],
            [
              79.7672,
              11.7462
            ],
            [
              79.7672,
              11.7472
            ],
            [
              79.76620000000001,
              11.7472
            ],
            [
              79.76620000000001,
              11.7462
            ]
          ]
        ]
      },
      "properties": {
        "building_id": "INDEPENDENT_TN_BLD_0062",
        "osm_id": "osm_way_ind_0062",
        "event_id": "TN_NAGAPATTINAM_CYCLONE_2022",
        "prediction": "INTACT",
        "damage_prediction": "INTACT",
        "confidence": 0.9886,
        "prediction_margin": 0.35,
        "entropy": 0.45,
        "domain_shift_score": 0.1,
        "prob_intact": 0.85,
        "prob_damaged": 0.1,
        "prob_destroyed": 0.05,
        "coverage_ratio": 1.2,
        "pre_product_id": "SENTINEL2_PRE_20201115",
        "post_product_id": "SENTINEL2_POST_20201127",
        "pre_date": "2020-11-15T00:24:12Z",
        "post_date": "2020-11-27T00:24:13Z",
        "temporal_delta_days": 12,
        "review_status": "AUTOMATIC_CANDIDATE",
        "model_version": "Phase 8.4 Champion",
        "checkpoint_sha256": "f5761006f3526f8ff9aa3a1d6487b7842c964fad99938cddf747cd1a1cba85db"
      }
    },
    {
      "type": "Feature",
      "id": "INDEPENDENT_TN_BLD_0063",
      "geometry": {
        "type": "Polygon",
        "coordinates": [
          [
            [
              79.7663,
              11.7463
            ],
            [
              79.76729999999999,
              11.7463
            ],
            [
              79.76729999999999,
              11.7473
            ],
            [
              79.7663,
              11.7473
            ],
            [
              79.7663,
              11.7463
            ]
          ]
        ]
      },
      "properties": {
        "building_id": "INDEPENDENT_TN_BLD_0063",
        "osm_id": "osm_way_ind_0063",
        "event_id": "TN_NAGAPATTINAM_CYCLONE_2022",
        "prediction": "INTACT",
        "damage_prediction": "INTACT",
        "confidence": 0.9615,
        "prediction_margin": 0.35,
        "entropy": 0.45,
        "domain_shift_score": 0.1,
        "prob_intact": 0.85,
        "prob_damaged": 0.1,
        "prob_destroyed": 0.05,
        "coverage_ratio": 1.2,
        "pre_product_id": "SENTINEL2_PRE_20201115",
        "post_product_id": "SENTINEL2_POST_20201127",
        "pre_date": "2020-11-15T00:24:12Z",
        "post_date": "2020-11-27T00:24:13Z",
        "temporal_delta_days": 12,
        "review_status": "AUTOMATIC_CANDIDATE",
        "model_version": "Phase 8.4 Champion",
        "checkpoint_sha256": "f5761006f3526f8ff9aa3a1d6487b7842c964fad99938cddf747cd1a1cba85db"
      }
    },
    {
      "type": "Feature",
      "id": "INDEPENDENT_TN_BLD_0064",
      "geometry": {
        "type": "Polygon",
        "coordinates": [
          [
            [
              79.7664,
              11.7464
            ],
            [
              79.7674,
              11.7464
            ],
            [
              79.7674,
              11.747399999999999
            ],
            [
              79.7664,
              11.747399999999999
            ],
            [
              79.7664,
              11.7464
            ]
          ]
        ]
      },
      "properties": {
        "building_id": "INDEPENDENT_TN_BLD_0064",
        "osm_id": "osm_way_ind_0064",
        "event_id": "TN_NAGAPATTINAM_CYCLONE_2022",
        "prediction": "INTACT",
        "damage_prediction": "INTACT",
        "confidence": 0.9697,
        "prediction_margin": 0.35,
        "entropy": 0.45,
        "domain_shift_score": 0.1,
        "prob_intact": 0.85,
        "prob_damaged": 0.1,
        "prob_destroyed": 0.05,
        "coverage_ratio": 1.2,
        "pre_product_id": "SENTINEL2_PRE_20201115",
        "post_product_id": "SENTINEL2_POST_20201127",
        "pre_date": "2020-11-15T00:24:12Z",
        "post_date": "2020-11-27T00:24:13Z",
        "temporal_delta_days": 12,
        "review_status": "AUTOMATIC_CANDIDATE",
        "model_version": "Phase 8.4 Champion",
        "checkpoint_sha256": "f5761006f3526f8ff9aa3a1d6487b7842c964fad99938cddf747cd1a1cba85db"
      }
    },
    {
      "type": "Feature",
      "id": "INDEPENDENT_TN_BLD_0065",
      "geometry": {
        "type": "Polygon",
        "coordinates": [
          [
            [
              79.76650000000001,
              11.746500000000001
            ],
            [
              79.7675,
              11.746500000000001
            ],
            [
              79.7675,
              11.7475
            ],
            [
              79.76650000000001,
              11.7475
            ],
            [
              79.76650000000001,
              11.746500000000001
            ]
          ]
        ]
      },
      "properties": {
        "building_id": "INDEPENDENT_TN_BLD_0065",
        "osm_id": "osm_way_ind_0065",
        "event_id": "TN_NAGAPATTINAM_CYCLONE_2022",
        "prediction": "INTACT",
        "damage_prediction": "INTACT",
        "confidence": 0.736,
        "prediction_margin": 0.35,
        "entropy": 0.45,
        "domain_shift_score": 0.1,
        "prob_intact": 0.85,
        "prob_damaged": 0.1,
        "prob_destroyed": 0.05,
        "coverage_ratio": 1.2,
        "pre_product_id": "SENTINEL2_PRE_20201115",
        "post_product_id": "SENTINEL2_POST_20201127",
        "pre_date": "2020-11-15T00:24:12Z",
        "post_date": "2020-11-27T00:24:13Z",
        "temporal_delta_days": 12,
        "review_status": "AUTOMATIC_CANDIDATE",
        "model_version": "Phase 8.4 Champion",
        "checkpoint_sha256": "f5761006f3526f8ff9aa3a1d6487b7842c964fad99938cddf747cd1a1cba85db"
      }
    },
    {
      "type": "Feature",
      "id": "INDEPENDENT_TN_BLD_0066",
      "geometry": {
        "type": "Polygon",
        "coordinates": [
          [
            [
              79.76660000000001,
              11.7466
            ],
            [
              79.7676,
              11.7466
            ],
            [
              79.7676,
              11.7476
            ],
            [
              79.76660000000001,
              11.7476
            ],
            [
              79.76660000000001,
              11.7466
            ]
          ]
        ]
      },
      "properties": {
        "building_id": "INDEPENDENT_TN_BLD_0066",
        "osm_id": "osm_way_ind_0066",
        "event_id": "TN_NAGAPATTINAM_CYCLONE_2022",
        "prediction": "INTACT",
        "damage_prediction": "INTACT",
        "confidence": 0.8004,
        "prediction_margin": 0.35,
        "entropy": 0.45,
        "domain_shift_score": 0.1,
        "prob_intact": 0.85,
        "prob_damaged": 0.1,
        "prob_destroyed": 0.05,
        "coverage_ratio": 1.2,
        "pre_product_id": "SENTINEL2_PRE_20201115",
        "post_product_id": "SENTINEL2_POST_20201127",
        "pre_date": "2020-11-15T00:24:12Z",
        "post_date": "2020-11-27T00:24:13Z",
        "temporal_delta_days": 12,
        "review_status": "AUTOMATIC_CANDIDATE",
        "model_version": "Phase 8.4 Champion",
        "checkpoint_sha256": "f5761006f3526f8ff9aa3a1d6487b7842c964fad99938cddf747cd1a1cba85db"
      }
    },
    {
      "type": "Feature",
      "id": "INDEPENDENT_TN_BLD_0067",
      "geometry": {
        "type": "Polygon",
        "coordinates": [
          [
            [
              79.7667,
              11.7467
            ],
            [
              79.76769999999999,
              11.7467
            ],
            [
              79.76769999999999,
              11.7477
            ],
            [
              79.7667,
              11.7477
            ],
            [
              79.7667,
              11.7467
            ]
          ]
        ]
      },
      "properties": {
        "building_id": "INDEPENDENT_TN_BLD_0067",
        "osm_id": "osm_way_ind_0067",
        "event_id": "TN_NAGAPATTINAM_CYCLONE_2022",
        "prediction": "DAMAGED",
        "damage_prediction": "DAMAGED",
        "confidence": 1.0,
        "prediction_margin": 0.35,
        "entropy": 0.45,
        "domain_shift_score": 0.1,
        "prob_intact": 0.1,
        "prob_damaged": 0.85,
        "prob_destroyed": 0.05,
        "coverage_ratio": 1.2,
        "pre_product_id": "SENTINEL2_PRE_20201115",
        "post_product_id": "SENTINEL2_POST_20201127",
        "pre_date": "2020-11-15T00:24:12Z",
        "post_date": "2020-11-27T00:24:13Z",
        "temporal_delta_days": 12,
        "review_status": "AUTOMATIC_CANDIDATE",
        "model_version": "Phase 8.4 Champion",
        "checkpoint_sha256": "f5761006f3526f8ff9aa3a1d6487b7842c964fad99938cddf747cd1a1cba85db"
      }
    },
    {
      "type": "Feature",
      "id": "INDEPENDENT_TN_BLD_0068",
      "geometry": {
        "type": "Polygon",
        "coordinates": [
          [
            [
              79.7668,
              11.7468
            ],
            [
              79.7678,
              11.7468
            ],
            [
              79.7678,
              11.7478
            ],
            [
              79.7668,
              11.7478
            ],
            [
              79.7668,
              11.7468
            ]
          ]
        ]
      },
      "properties": {
        "building_id": "INDEPENDENT_TN_BLD_0068",
        "osm_id": "osm_way_ind_0068",
        "event_id": "TN_NAGAPATTINAM_CYCLONE_2022",
        "prediction": "INTACT",
        "damage_prediction": "INTACT",
        "confidence": 0.9902,
        "prediction_margin": 0.35,
        "entropy": 0.45,
        "domain_shift_score": 0.1,
        "prob_intact": 0.85,
        "prob_damaged": 0.1,
        "prob_destroyed": 0.05,
        "coverage_ratio": 1.2,
        "pre_product_id": "SENTINEL2_PRE_20201115",
        "post_product_id": "SENTINEL2_POST_20201127",
        "pre_date": "2020-11-15T00:24:12Z",
        "post_date": "2020-11-27T00:24:13Z",
        "temporal_delta_days": 12,
        "review_status": "AUTOMATIC_CANDIDATE",
        "model_version": "Phase 8.4 Champion",
        "checkpoint_sha256": "f5761006f3526f8ff9aa3a1d6487b7842c964fad99938cddf747cd1a1cba85db"
      }
    },
    {
      "type": "Feature",
      "id": "INDEPENDENT_TN_BLD_0069",
      "geometry": {
        "type": "Polygon",
        "coordinates": [
          [
            [
              79.7669,
              11.7469
            ],
            [
              79.7679,
              11.7469
            ],
            [
              79.7679,
              11.7479
            ],
            [
              79.7669,
              11.7479
            ],
            [
              79.7669,
              11.7469
            ]
          ]
        ]
      },
      "properties": {
        "building_id": "INDEPENDENT_TN_BLD_0069",
        "osm_id": "osm_way_ind_0069",
        "event_id": "TN_NAGAPATTINAM_CYCLONE_2022",
        "prediction": "INTACT",
        "damage_prediction": "INTACT",
        "confidence": 0.9255,
        "prediction_margin": 0.35,
        "entropy": 0.45,
        "domain_shift_score": 0.1,
        "prob_intact": 0.85,
        "prob_damaged": 0.1,
        "prob_destroyed": 0.05,
        "coverage_ratio": 1.2,
        "pre_product_id": "SENTINEL2_PRE_20201115",
        "post_product_id": "SENTINEL2_POST_20201127",
        "pre_date": "2020-11-15T00:24:12Z",
        "post_date": "2020-11-27T00:24:13Z",
        "temporal_delta_days": 12,
        "review_status": "AUTOMATIC_CANDIDATE",
        "model_version": "Phase 8.4 Champion",
        "checkpoint_sha256": "f5761006f3526f8ff9aa3a1d6487b7842c964fad99938cddf747cd1a1cba85db"
      }
    },
    {
      "type": "Feature",
      "id": "INDEPENDENT_TN_BLD_0070",
      "geometry": {
        "type": "Polygon",
        "coordinates": [
          [
            [
              79.76700000000001,
              11.747
            ],
            [
              79.768,
              11.747
            ],
            [
              79.768,
              11.748
            ],
            [
              79.76700000000001,
              11.748
            ],
            [
              79.76700000000001,
              11.747
            ]
          ]
        ]
      },
      "properties": {
        "building_id": "INDEPENDENT_TN_BLD_0070",
        "osm_id": "osm_way_ind_0070",
        "event_id": "TN_NAGAPATTINAM_CYCLONE_2022",
        "prediction": "INTACT",
        "damage_prediction": "INTACT",
        "confidence": 0.8827,
        "prediction_margin": 0.35,
        "entropy": 0.45,
        "domain_shift_score": 0.1,
        "prob_intact": 0.85,
        "prob_damaged": 0.1,
        "prob_destroyed": 0.05,
        "coverage_ratio": 1.2,
        "pre_product_id": "SENTINEL2_PRE_20201115",
        "post_product_id": "SENTINEL2_POST_20201127",
        "pre_date": "2020-11-15T00:24:12Z",
        "post_date": "2020-11-27T00:24:13Z",
        "temporal_delta_days": 12,
        "review_status": "AUTOMATIC_CANDIDATE",
        "model_version": "Phase 8.4 Champion",
        "checkpoint_sha256": "f5761006f3526f8ff9aa3a1d6487b7842c964fad99938cddf747cd1a1cba85db"
      }
    },
    {
      "type": "Feature",
      "id": "INDEPENDENT_TN_BLD_0071",
      "geometry": {
        "type": "Polygon",
        "coordinates": [
          [
            [
              79.7671,
              11.7471
            ],
            [
              79.76809999999999,
              11.7471
            ],
            [
              79.76809999999999,
              11.748099999999999
            ],
            [
              79.7671,
              11.748099999999999
            ],
            [
              79.7671,
              11.7471
            ]
          ]
        ]
      },
      "properties": {
        "building_id": "INDEPENDENT_TN_BLD_0071",
        "osm_id": "osm_way_ind_0071",
        "event_id": "TN_NAGAPATTINAM_CYCLONE_2022",
        "prediction": "INTACT",
        "damage_prediction": "INTACT",
        "confidence": 0.5927,
        "prediction_margin": 0.35,
        "entropy": 0.45,
        "domain_shift_score": 0.1,
        "prob_intact": 0.85,
        "prob_damaged": 0.1,
        "prob_destroyed": 0.05,
        "coverage_ratio": 1.2,
        "pre_product_id": "SENTINEL2_PRE_20201115",
        "post_product_id": "SENTINEL2_POST_20201127",
        "pre_date": "2020-11-15T00:24:12Z",
        "post_date": "2020-11-27T00:24:13Z",
        "temporal_delta_days": 12,
        "review_status": "AUTOMATIC_CANDIDATE",
        "model_version": "Phase 8.4 Champion",
        "checkpoint_sha256": "f5761006f3526f8ff9aa3a1d6487b7842c964fad99938cddf747cd1a1cba85db"
      }
    },
    {
      "type": "Feature",
      "id": "INDEPENDENT_TN_BLD_0072",
      "geometry": {
        "type": "Polygon",
        "coordinates": [
          [
            [
              79.7672,
              11.7472
            ],
            [
              79.7682,
              11.7472
            ],
            [
              79.7682,
              11.748199999999999
            ],
            [
              79.7672,
              11.748199999999999
            ],
            [
              79.7672,
              11.7472
            ]
          ]
        ]
      },
      "properties": {
        "building_id": "INDEPENDENT_TN_BLD_0072",
        "osm_id": "osm_way_ind_0072",
        "event_id": "TN_NAGAPATTINAM_CYCLONE_2022",
        "prediction": "INTACT",
        "damage_prediction": "INTACT",
        "confidence": 0.7346,
        "prediction_margin": 0.35,
        "entropy": 0.45,
        "domain_shift_score": 0.1,
        "prob_intact": 0.85,
        "prob_damaged": 0.1,
        "prob_destroyed": 0.05,
        "coverage_ratio": 1.2,
        "pre_product_id": "SENTINEL2_PRE_20201115",
        "post_product_id": "SENTINEL2_POST_20201127",
        "pre_date": "2020-11-15T00:24:12Z",
        "post_date": "2020-11-27T00:24:13Z",
        "temporal_delta_days": 12,
        "review_status": "AUTOMATIC_CANDIDATE",
        "model_version": "Phase 8.4 Champion",
        "checkpoint_sha256": "f5761006f3526f8ff9aa3a1d6487b7842c964fad99938cddf747cd1a1cba85db"
      }
    },
    {
      "type": "Feature",
      "id": "INDEPENDENT_TN_BLD_0073",
      "geometry": {
        "type": "Polygon",
        "coordinates": [
          [
            [
              79.7673,
              11.747300000000001
            ],
            [
              79.7683,
              11.747300000000001
            ],
            [
              79.7683,
              11.7483
            ],
            [
              79.7673,
              11.7483
            ],
            [
              79.7673,
              11.747300000000001
            ]
          ]
        ]
      },
      "properties": {
        "building_id": "INDEPENDENT_TN_BLD_0073",
        "osm_id": "osm_way_ind_0073",
        "event_id": "TN_NAGAPATTINAM_CYCLONE_2022",
        "prediction": "INTACT",
        "damage_prediction": "INTACT",
        "confidence": 0.8186,
        "prediction_margin": 0.35,
        "entropy": 0.45,
        "domain_shift_score": 0.1,
        "prob_intact": 0.85,
        "prob_damaged": 0.1,
        "prob_destroyed": 0.05,
        "coverage_ratio": 1.2,
        "pre_product_id": "SENTINEL2_PRE_20201115",
        "post_product_id": "SENTINEL2_POST_20201127",
        "pre_date": "2020-11-15T00:24:12Z",
        "post_date": "2020-11-27T00:24:13Z",
        "temporal_delta_days": 12,
        "review_status": "AUTOMATIC_CANDIDATE",
        "model_version": "Phase 8.4 Champion",
        "checkpoint_sha256": "f5761006f3526f8ff9aa3a1d6487b7842c964fad99938cddf747cd1a1cba85db"
      }
    },
    {
      "type": "Feature",
      "id": "INDEPENDENT_TN_BLD_0074",
      "geometry": {
        "type": "Polygon",
        "coordinates": [
          [
            [
              79.76740000000001,
              11.7474
            ],
            [
              79.7684,
              11.7474
            ],
            [
              79.7684,
              11.7484
            ],
            [
              79.76740000000001,
              11.7484
            ],
            [
              79.76740000000001,
              11.7474
            ]
          ]
        ]
      },
      "properties": {
        "building_id": "INDEPENDENT_TN_BLD_0074",
        "osm_id": "osm_way_ind_0074",
        "event_id": "TN_NAGAPATTINAM_CYCLONE_2022",
        "prediction": "INTACT",
        "damage_prediction": "INTACT",
        "confidence": 0.8112,
        "prediction_margin": 0.35,
        "entropy": 0.45,
        "domain_shift_score": 0.1,
        "prob_intact": 0.85,
        "prob_damaged": 0.1,
        "prob_destroyed": 0.05,
        "coverage_ratio": 1.2,
        "pre_product_id": "SENTINEL2_PRE_20201115",
        "post_product_id": "SENTINEL2_POST_20201127",
        "pre_date": "2020-11-15T00:24:12Z",
        "post_date": "2020-11-27T00:24:13Z",
        "temporal_delta_days": 12,
        "review_status": "AUTOMATIC_CANDIDATE",
        "model_version": "Phase 8.4 Champion",
        "checkpoint_sha256": "f5761006f3526f8ff9aa3a1d6487b7842c964fad99938cddf747cd1a1cba85db"
      }
    },
    {
      "type": "Feature",
      "id": "INDEPENDENT_TN_BLD_0075",
      "geometry": {
        "type": "Polygon",
        "coordinates": [
          [
            [
              79.7675,
              11.7475
            ],
            [
              79.76849999999999,
              11.7475
            ],
            [
              79.76849999999999,
              11.7485
            ],
            [
              79.7675,
              11.7485
            ],
            [
              79.7675,
              11.7475
            ]
          ]
        ]
      },
      "properties": {
        "building_id": "INDEPENDENT_TN_BLD_0075",
        "osm_id": "osm_way_ind_0075",
        "event_id": "TN_NAGAPATTINAM_CYCLONE_2022",
        "prediction": "INTACT",
        "damage_prediction": "INTACT",
        "confidence": 0.9745,
        "prediction_margin": 0.35,
        "entropy": 0.45,
        "domain_shift_score": 0.1,
        "prob_intact": 0.85,
        "prob_damaged": 0.1,
        "prob_destroyed": 0.05,
        "coverage_ratio": 1.2,
        "pre_product_id": "SENTINEL2_PRE_20201115",
        "post_product_id": "SENTINEL2_POST_20201127",
        "pre_date": "2020-11-15T00:24:12Z",
        "post_date": "2020-11-27T00:24:13Z",
        "temporal_delta_days": 12,
        "review_status": "AUTOMATIC_CANDIDATE",
        "model_version": "Phase 8.4 Champion",
        "checkpoint_sha256": "f5761006f3526f8ff9aa3a1d6487b7842c964fad99938cddf747cd1a1cba85db"
      }
    },
    {
      "type": "Feature",
      "id": "INDEPENDENT_TN_BLD_0076",
      "geometry": {
        "type": "Polygon",
        "coordinates": [
          [
            [
              79.7676,
              11.7476
            ],
            [
              79.76859999999999,
              11.7476
            ],
            [
              79.76859999999999,
              11.7486
            ],
            [
              79.7676,
              11.7486
            ],
            [
              79.7676,
              11.7476
            ]
          ]
        ]
      },
      "properties": {
        "building_id": "INDEPENDENT_TN_BLD_0076",
        "osm_id": "osm_way_ind_0076",
        "event_id": "TN_NAGAPATTINAM_CYCLONE_2022",
        "prediction": "INTACT",
        "damage_prediction": "INTACT",
        "confidence": 0.4882,
        "prediction_margin": 0.35,
        "entropy": 0.45,
        "domain_shift_score": 0.1,
        "prob_intact": 0.85,
        "prob_damaged": 0.1,
        "prob_destroyed": 0.05,
        "coverage_ratio": 1.2,
        "pre_product_id": "SENTINEL2_PRE_20201115",
        "post_product_id": "SENTINEL2_POST_20201127",
        "pre_date": "2020-11-15T00:24:12Z",
        "post_date": "2020-11-27T00:24:13Z",
        "temporal_delta_days": 12,
        "review_status": "AUTOMATIC_CANDIDATE",
        "model_version": "Phase 8.4 Champion",
        "checkpoint_sha256": "f5761006f3526f8ff9aa3a1d6487b7842c964fad99938cddf747cd1a1cba85db"
      }
    },
    {
      "type": "Feature",
      "id": "INDEPENDENT_TN_BLD_0077",
      "geometry": {
        "type": "Polygon",
        "coordinates": [
          [
            [
              79.7677,
              11.7477
            ],
            [
              79.7687,
              11.7477
            ],
            [
              79.7687,
              11.7487
            ],
            [
              79.7677,
              11.7487
            ],
            [
              79.7677,
              11.7477
            ]
          ]
        ]
      },
      "properties": {
        "building_id": "INDEPENDENT_TN_BLD_0077",
        "osm_id": "osm_way_ind_0077",
        "event_id": "TN_NAGAPATTINAM_CYCLONE_2022",
        "prediction": "INTACT",
        "damage_prediction": "INTACT",
        "confidence": 0.5326,
        "prediction_margin": 0.35,
        "entropy": 0.45,
        "domain_shift_score": 0.1,
        "prob_intact": 0.85,
        "prob_damaged": 0.1,
        "prob_destroyed": 0.05,
        "coverage_ratio": 1.2,
        "pre_product_id": "SENTINEL2_PRE_20201115",
        "post_product_id": "SENTINEL2_POST_20201127",
        "pre_date": "2020-11-15T00:24:12Z",
        "post_date": "2020-11-27T00:24:13Z",
        "temporal_delta_days": 12,
        "review_status": "AUTOMATIC_CANDIDATE",
        "model_version": "Phase 8.4 Champion",
        "checkpoint_sha256": "f5761006f3526f8ff9aa3a1d6487b7842c964fad99938cddf747cd1a1cba85db"
      }
    },
    {
      "type": "Feature",
      "id": "INDEPENDENT_TN_BLD_0078",
      "geometry": {
        "type": "Polygon",
        "coordinates": [
          [
            [
              79.76780000000001,
              11.7478
            ],
            [
              79.7688,
              11.7478
            ],
            [
              79.7688,
              11.7488
            ],
            [
              79.76780000000001,
              11.7488
            ],
            [
              79.76780000000001,
              11.7478
            ]
          ]
        ]
      },
      "properties": {
        "building_id": "INDEPENDENT_TN_BLD_0078",
        "osm_id": "osm_way_ind_0078",
        "event_id": "TN_NAGAPATTINAM_CYCLONE_2022",
        "prediction": "DESTROYED",
        "damage_prediction": "DESTROYED",
        "confidence": 1.0,
        "prediction_margin": 0.35,
        "entropy": 0.45,
        "domain_shift_score": 0.1,
        "prob_intact": 0.1,
        "prob_damaged": 0.1,
        "prob_destroyed": 0.85,
        "coverage_ratio": 1.2,
        "pre_product_id": "SENTINEL2_PRE_20201115",
        "post_product_id": "SENTINEL2_POST_20201127",
        "pre_date": "2020-11-15T00:24:12Z",
        "post_date": "2020-11-27T00:24:13Z",
        "temporal_delta_days": 12,
        "review_status": "AUTOMATIC_CANDIDATE",
        "model_version": "Phase 8.4 Champion",
        "checkpoint_sha256": "f5761006f3526f8ff9aa3a1d6487b7842c964fad99938cddf747cd1a1cba85db"
      }
    },
    {
      "type": "Feature",
      "id": "INDEPENDENT_TN_BLD_0079",
      "geometry": {
        "type": "Polygon",
        "coordinates": [
          [
            [
              79.76790000000001,
              11.7479
            ],
            [
              79.7689,
              11.7479
            ],
            [
              79.7689,
              11.748899999999999
            ],
            [
              79.76790000000001,
              11.748899999999999
            ],
            [
              79.76790000000001,
              11.7479
            ]
          ]
        ]
      },
      "properties": {
        "building_id": "INDEPENDENT_TN_BLD_0079",
        "osm_id": "osm_way_ind_0079",
        "event_id": "TN_NAGAPATTINAM_CYCLONE_2022",
        "prediction": "INTACT",
        "damage_prediction": "INTACT",
        "confidence": 0.7096,
        "prediction_margin": 0.35,
        "entropy": 0.45,
        "domain_shift_score": 0.1,
        "prob_intact": 0.85,
        "prob_damaged": 0.1,
        "prob_destroyed": 0.05,
        "coverage_ratio": 1.2,
        "pre_product_id": "SENTINEL2_PRE_20201115",
        "post_product_id": "SENTINEL2_POST_20201127",
        "pre_date": "2020-11-15T00:24:12Z",
        "post_date": "2020-11-27T00:24:13Z",
        "temporal_delta_days": 12,
        "review_status": "AUTOMATIC_CANDIDATE",
        "model_version": "Phase 8.4 Champion",
        "checkpoint_sha256": "f5761006f3526f8ff9aa3a1d6487b7842c964fad99938cddf747cd1a1cba85db"
      }
    },
    {
      "type": "Feature",
      "id": "INDEPENDENT_TN_BLD_0080",
      "geometry": {
        "type": "Polygon",
        "coordinates": [
          [
            [
              79.768,
              11.748
            ],
            [
              79.76899999999999,
              11.748
            ],
            [
              79.76899999999999,
              11.748999999999999
            ],
            [
              79.768,
              11.748999999999999
            ],
            [
              79.768,
              11.748
            ]
          ]
        ]
      },
      "properties": {
        "building_id": "INDEPENDENT_TN_BLD_0080",
        "osm_id": "osm_way_ind_0080",
        "event_id": "TN_NAGAPATTINAM_CYCLONE_2022",
        "prediction": "INTACT",
        "damage_prediction": "INTACT",
        "confidence": 0.8895,
        "prediction_margin": 0.35,
        "entropy": 0.45,
        "domain_shift_score": 0.1,
        "prob_intact": 0.85,
        "prob_damaged": 0.1,
        "prob_destroyed": 0.05,
        "coverage_ratio": 1.2,
        "pre_product_id": "SENTINEL2_PRE_20201115",
        "post_product_id": "SENTINEL2_POST_20201127",
        "pre_date": "2020-11-15T00:24:12Z",
        "post_date": "2020-11-27T00:24:13Z",
        "temporal_delta_days": 12,
        "review_status": "AUTOMATIC_CANDIDATE",
        "model_version": "Phase 8.4 Champion",
        "checkpoint_sha256": "f5761006f3526f8ff9aa3a1d6487b7842c964fad99938cddf747cd1a1cba85db"
      }
    },
    {
      "type": "Feature",
      "id": "INDEPENDENT_TN_BLD_0081",
      "geometry": {
        "type": "Polygon",
        "coordinates": [
          [
            [
              79.7681,
              11.7481
            ],
            [
              79.7691,
              11.7481
            ],
            [
              79.7691,
              11.7491
            ],
            [
              79.7681,
              11.7491
            ],
            [
              79.7681,
              11.7481
            ]
          ]
        ]
      },
      "properties": {
        "building_id": "INDEPENDENT_TN_BLD_0081",
        "osm_id": "osm_way_ind_0081",
        "event_id": "TN_NAGAPATTINAM_CYCLONE_2022",
        "prediction": "DAMAGED",
        "damage_prediction": "DAMAGED",
        "confidence": 1.0,
        "prediction_margin": 0.35,
        "entropy": 0.45,
        "domain_shift_score": 0.1,
        "prob_intact": 0.1,
        "prob_damaged": 0.85,
        "prob_destroyed": 0.05,
        "coverage_ratio": 1.2,
        "pre_product_id": "SENTINEL2_PRE_20201115",
        "post_product_id": "SENTINEL2_POST_20201127",
        "pre_date": "2020-11-15T00:24:12Z",
        "post_date": "2020-11-27T00:24:13Z",
        "temporal_delta_days": 12,
        "review_status": "AUTOMATIC_CANDIDATE",
        "model_version": "Phase 8.4 Champion",
        "checkpoint_sha256": "f5761006f3526f8ff9aa3a1d6487b7842c964fad99938cddf747cd1a1cba85db"
      }
    },
    {
      "type": "Feature",
      "id": "INDEPENDENT_TN_BLD_0082",
      "geometry": {
        "type": "Polygon",
        "coordinates": [
          [
            [
              79.76820000000001,
              11.7482
            ],
            [
              79.7692,
              11.7482
            ],
            [
              79.7692,
              11.7492
            ],
            [
              79.76820000000001,
              11.7492
            ],
            [
              79.76820000000001,
              11.7482
            ]
          ]
        ]
      },
      "properties": {
        "building_id": "INDEPENDENT_TN_BLD_0082",
        "osm_id": "osm_way_ind_0082",
        "event_id": "TN_NAGAPATTINAM_CYCLONE_2022",
        "prediction": "INTACT",
        "damage_prediction": "INTACT",
        "confidence": 0.7786,
        "prediction_margin": 0.35,
        "entropy": 0.45,
        "domain_shift_score": 0.1,
        "prob_intact": 0.85,
        "prob_damaged": 0.1,
        "prob_destroyed": 0.05,
        "coverage_ratio": 1.2,
        "pre_product_id": "SENTINEL2_PRE_20201115",
        "post_product_id": "SENTINEL2_POST_20201127",
        "pre_date": "2020-11-15T00:24:12Z",
        "post_date": "2020-11-27T00:24:13Z",
        "temporal_delta_days": 12,
        "review_status": "AUTOMATIC_CANDIDATE",
        "model_version": "Phase 8.4 Champion",
        "checkpoint_sha256": "f5761006f3526f8ff9aa3a1d6487b7842c964fad99938cddf747cd1a1cba85db"
      }
    },
    {
      "type": "Feature",
      "id": "INDEPENDENT_TN_BLD_0083",
      "geometry": {
        "type": "Polygon",
        "coordinates": [
          [
            [
              79.76830000000001,
              11.7483
            ],
            [
              79.7693,
              11.7483
            ],
            [
              79.7693,
              11.7493
            ],
            [
              79.76830000000001,
              11.7493
            ],
            [
              79.76830000000001,
              11.7483
            ]
          ]
        ]
      },
      "properties": {
        "building_id": "INDEPENDENT_TN_BLD_0083",
        "osm_id": "osm_way_ind_0083",
        "event_id": "TN_NAGAPATTINAM_CYCLONE_2022",
        "prediction": "INTACT",
        "damage_prediction": "INTACT",
        "confidence": 0.9195,
        "prediction_margin": 0.35,
        "entropy": 0.45,
        "domain_shift_score": 0.1,
        "prob_intact": 0.85,
        "prob_damaged": 0.1,
        "prob_destroyed": 0.05,
        "coverage_ratio": 1.2,
        "pre_product_id": "SENTINEL2_PRE_20201115",
        "post_product_id": "SENTINEL2_POST_20201127",
        "pre_date": "2020-11-15T00:24:12Z",
        "post_date": "2020-11-27T00:24:13Z",
        "temporal_delta_days": 12,
        "review_status": "AUTOMATIC_CANDIDATE",
        "model_version": "Phase 8.4 Champion",
        "checkpoint_sha256": "f5761006f3526f8ff9aa3a1d6487b7842c964fad99938cddf747cd1a1cba85db"
      }
    },
    {
      "type": "Feature",
      "id": "INDEPENDENT_TN_BLD_0084",
      "geometry": {
        "type": "Polygon",
        "coordinates": [
          [
            [
              79.7684,
              11.7484
            ],
            [
              79.76939999999999,
              11.7484
            ],
            [
              79.76939999999999,
              11.7494
            ],
            [
              79.7684,
              11.7494
            ],
            [
              79.7684,
              11.7484
            ]
          ]
        ]
      },
      "properties": {
        "building_id": "INDEPENDENT_TN_BLD_0084",
        "osm_id": "osm_way_ind_0084",
        "event_id": "TN_NAGAPATTINAM_CYCLONE_2022",
        "prediction": "INTACT",
        "damage_prediction": "INTACT",
        "confidence": 0.7129,
        "prediction_margin": 0.35,
        "entropy": 0.45,
        "domain_shift_score": 0.1,
        "prob_intact": 0.85,
        "prob_damaged": 0.1,
        "prob_destroyed": 0.05,
        "coverage_ratio": 1.2,
        "pre_product_id": "SENTINEL2_PRE_20201115",
        "post_product_id": "SENTINEL2_POST_20201127",
        "pre_date": "2020-11-15T00:24:12Z",
        "post_date": "2020-11-27T00:24:13Z",
        "temporal_delta_days": 12,
        "review_status": "AUTOMATIC_CANDIDATE",
        "model_version": "Phase 8.4 Champion",
        "checkpoint_sha256": "f5761006f3526f8ff9aa3a1d6487b7842c964fad99938cddf747cd1a1cba85db"
      }
    },
    {
      "type": "Feature",
      "id": "INDEPENDENT_TN_BLD_0085",
      "geometry": {
        "type": "Polygon",
        "coordinates": [
          [
            [
              79.7685,
              11.7485
            ],
            [
              79.7695,
              11.7485
            ],
            [
              79.7695,
              11.7495
            ],
            [
              79.7685,
              11.7495
            ],
            [
              79.7685,
              11.7485
            ]
          ]
        ]
      },
      "properties": {
        "building_id": "INDEPENDENT_TN_BLD_0085",
        "osm_id": "osm_way_ind_0085",
        "event_id": "TN_NAGAPATTINAM_CYCLONE_2022",
        "prediction": "INTACT",
        "damage_prediction": "INTACT",
        "confidence": 0.6164,
        "prediction_margin": 0.35,
        "entropy": 0.45,
        "domain_shift_score": 0.1,
        "prob_intact": 0.85,
        "prob_damaged": 0.1,
        "prob_destroyed": 0.05,
        "coverage_ratio": 1.2,
        "pre_product_id": "SENTINEL2_PRE_20201115",
        "post_product_id": "SENTINEL2_POST_20201127",
        "pre_date": "2020-11-15T00:24:12Z",
        "post_date": "2020-11-27T00:24:13Z",
        "temporal_delta_days": 12,
        "review_status": "AUTOMATIC_CANDIDATE",
        "model_version": "Phase 8.4 Champion",
        "checkpoint_sha256": "f5761006f3526f8ff9aa3a1d6487b7842c964fad99938cddf747cd1a1cba85db"
      }
    },
    {
      "type": "Feature",
      "id": "INDEPENDENT_TN_BLD_0086",
      "geometry": {
        "type": "Polygon",
        "coordinates": [
          [
            [
              79.7686,
              11.7486
            ],
            [
              79.7696,
              11.7486
            ],
            [
              79.7696,
              11.7496
            ],
            [
              79.7686,
              11.7496
            ],
            [
              79.7686,
              11.7486
            ]
          ]
        ]
      },
      "properties": {
        "building_id": "INDEPENDENT_TN_BLD_0086",
        "osm_id": "osm_way_ind_0086",
        "event_id": "TN_NAGAPATTINAM_CYCLONE_2022",
        "prediction": "INTACT",
        "damage_prediction": "INTACT",
        "confidence": 0.9088,
        "prediction_margin": 0.35,
        "entropy": 0.45,
        "domain_shift_score": 0.1,
        "prob_intact": 0.85,
        "prob_damaged": 0.1,
        "prob_destroyed": 0.05,
        "coverage_ratio": 1.2,
        "pre_product_id": "SENTINEL2_PRE_20201115",
        "post_product_id": "SENTINEL2_POST_20201127",
        "pre_date": "2020-11-15T00:24:12Z",
        "post_date": "2020-11-27T00:24:13Z",
        "temporal_delta_days": 12,
        "review_status": "AUTOMATIC_CANDIDATE",
        "model_version": "Phase 8.4 Champion",
        "checkpoint_sha256": "f5761006f3526f8ff9aa3a1d6487b7842c964fad99938cddf747cd1a1cba85db"
      }
    },
    {
      "type": "Feature",
      "id": "INDEPENDENT_TN_BLD_0087",
      "geometry": {
        "type": "Polygon",
        "coordinates": [
          [
            [
              79.76870000000001,
              11.7487
            ],
            [
              79.7697,
              11.7487
            ],
            [
              79.7697,
              11.749699999999999
            ],
            [
              79.76870000000001,
              11.749699999999999
            ],
            [
              79.76870000000001,
              11.7487
            ]
          ]
        ]
      },
      "properties": {
        "building_id": "INDEPENDENT_TN_BLD_0087",
        "osm_id": "osm_way_ind_0087",
        "event_id": "TN_NAGAPATTINAM_CYCLONE_2022",
        "prediction": "INTACT",
        "damage_prediction": "INTACT",
        "confidence": 0.7972,
        "prediction_margin": 0.35,
        "entropy": 0.45,
        "domain_shift_score": 0.1,
        "prob_intact": 0.85,
        "prob_damaged": 0.1,
        "prob_destroyed": 0.05,
        "coverage_ratio": 1.2,
        "pre_product_id": "SENTINEL2_PRE_20201115",
        "post_product_id": "SENTINEL2_POST_20201127",
        "pre_date": "2020-11-15T00:24:12Z",
        "post_date": "2020-11-27T00:24:13Z",
        "temporal_delta_days": 12,
        "review_status": "AUTOMATIC_CANDIDATE",
        "model_version": "Phase 8.4 Champion",
        "checkpoint_sha256": "f5761006f3526f8ff9aa3a1d6487b7842c964fad99938cddf747cd1a1cba85db"
      }
    },
    {
      "type": "Feature",
      "id": "INDEPENDENT_TN_BLD_0088",
      "geometry": {
        "type": "Polygon",
        "coordinates": [
          [
            [
              79.7688,
              11.748800000000001
            ],
            [
              79.76979999999999,
              11.748800000000001
            ],
            [
              79.76979999999999,
              11.7498
            ],
            [
              79.7688,
              11.7498
            ],
            [
              79.7688,
              11.748800000000001
            ]
          ]
        ]
      },
      "properties": {
        "building_id": "INDEPENDENT_TN_BLD_0088",
        "osm_id": "osm_way_ind_0088",
        "event_id": "TN_NAGAPATTINAM_CYCLONE_2022",
        "prediction": "INTACT",
        "damage_prediction": "INTACT",
        "confidence": 0.9542,
        "prediction_margin": 0.35,
        "entropy": 0.45,
        "domain_shift_score": 0.1,
        "prob_intact": 0.85,
        "prob_damaged": 0.1,
        "prob_destroyed": 0.05,
        "coverage_ratio": 1.2,
        "pre_product_id": "SENTINEL2_PRE_20201115",
        "post_product_id": "SENTINEL2_POST_20201127",
        "pre_date": "2020-11-15T00:24:12Z",
        "post_date": "2020-11-27T00:24:13Z",
        "temporal_delta_days": 12,
        "review_status": "AUTOMATIC_CANDIDATE",
        "model_version": "Phase 8.4 Champion",
        "checkpoint_sha256": "f5761006f3526f8ff9aa3a1d6487b7842c964fad99938cddf747cd1a1cba85db"
      }
    },
    {
      "type": "Feature",
      "id": "INDEPENDENT_TN_BLD_0089",
      "geometry": {
        "type": "Polygon",
        "coordinates": [
          [
            [
              79.7689,
              11.7489
            ],
            [
              79.76989999999999,
              11.7489
            ],
            [
              79.76989999999999,
              11.7499
            ],
            [
              79.7689,
              11.7499
            ],
            [
              79.7689,
              11.7489
            ]
          ]
        ]
      },
      "properties": {
        "building_id": "INDEPENDENT_TN_BLD_0089",
        "osm_id": "osm_way_ind_0089",
        "event_id": "TN_NAGAPATTINAM_CYCLONE_2022",
        "prediction": "INTACT",
        "damage_prediction": "INTACT",
        "confidence": 0.8023,
        "prediction_margin": 0.35,
        "entropy": 0.45,
        "domain_shift_score": 0.1,
        "prob_intact": 0.85,
        "prob_damaged": 0.1,
        "prob_destroyed": 0.05,
        "coverage_ratio": 1.2,
        "pre_product_id": "SENTINEL2_PRE_20201115",
        "post_product_id": "SENTINEL2_POST_20201127",
        "pre_date": "2020-11-15T00:24:12Z",
        "post_date": "2020-11-27T00:24:13Z",
        "temporal_delta_days": 12,
        "review_status": "AUTOMATIC_CANDIDATE",
        "model_version": "Phase 8.4 Champion",
        "checkpoint_sha256": "f5761006f3526f8ff9aa3a1d6487b7842c964fad99938cddf747cd1a1cba85db"
      }
    },
    {
      "type": "Feature",
      "id": "INDEPENDENT_TN_BLD_0090",
      "geometry": {
        "type": "Polygon",
        "coordinates": [
          [
            [
              79.769,
              11.749
            ],
            [
              79.77,
              11.749
            ],
            [
              79.77,
              11.75
            ],
            [
              79.769,
              11.75
            ],
            [
              79.769,
              11.749
            ]
          ]
        ]
      },
      "properties": {
        "building_id": "INDEPENDENT_TN_BLD_0090",
        "osm_id": "osm_way_ind_0090",
        "event_id": "TN_NAGAPATTINAM_CYCLONE_2022",
        "prediction": "DAMAGED",
        "damage_prediction": "DAMAGED",
        "confidence": 1.0,
        "prediction_margin": 0.35,
        "entropy": 0.45,
        "domain_shift_score": 0.1,
        "prob_intact": 0.1,
        "prob_damaged": 0.85,
        "prob_destroyed": 0.05,
        "coverage_ratio": 1.2,
        "pre_product_id": "SENTINEL2_PRE_20201115",
        "post_product_id": "SENTINEL2_POST_20201127",
        "pre_date": "2020-11-15T00:24:12Z",
        "post_date": "2020-11-27T00:24:13Z",
        "temporal_delta_days": 12,
        "review_status": "AUTOMATIC_CANDIDATE",
        "model_version": "Phase 8.4 Champion",
        "checkpoint_sha256": "f5761006f3526f8ff9aa3a1d6487b7842c964fad99938cddf747cd1a1cba85db"
      }
    },
    {
      "type": "Feature",
      "id": "INDEPENDENT_TN_BLD_0091",
      "geometry": {
        "type": "Polygon",
        "coordinates": [
          [
            [
              79.76910000000001,
              11.7491
            ],
            [
              79.7701,
              11.7491
            ],
            [
              79.7701,
              11.7501
            ],
            [
              79.76910000000001,
              11.7501
            ],
            [
              79.76910000000001,
              11.7491
            ]
          ]
        ]
      },
      "properties": {
        "building_id": "INDEPENDENT_TN_BLD_0091",
        "osm_id": "osm_way_ind_0091",
        "event_id": "TN_NAGAPATTINAM_CYCLONE_2022",
        "prediction": "DAMAGED",
        "damage_prediction": "DAMAGED",
        "confidence": 0.5293,
        "prediction_margin": 0.35,
        "entropy": 0.45,
        "domain_shift_score": 0.1,
        "prob_intact": 0.1,
        "prob_damaged": 0.85,
        "prob_destroyed": 0.05,
        "coverage_ratio": 1.2,
        "pre_product_id": "SENTINEL2_PRE_20201115",
        "post_product_id": "SENTINEL2_POST_20201127",
        "pre_date": "2020-11-15T00:24:12Z",
        "post_date": "2020-11-27T00:24:13Z",
        "temporal_delta_days": 12,
        "review_status": "AUTOMATIC_CANDIDATE",
        "model_version": "Phase 8.4 Champion",
        "checkpoint_sha256": "f5761006f3526f8ff9aa3a1d6487b7842c964fad99938cddf747cd1a1cba85db"
      }
    },
    {
      "type": "Feature",
      "id": "INDEPENDENT_TN_BLD_0092",
      "geometry": {
        "type": "Polygon",
        "coordinates": [
          [
            [
              79.76920000000001,
              11.7492
            ],
            [
              79.7702,
              11.7492
            ],
            [
              79.7702,
              11.7502
            ],
            [
              79.76920000000001,
              11.7502
            ],
            [
              79.76920000000001,
              11.7492
            ]
          ]
        ]
      },
      "properties": {
        "building_id": "INDEPENDENT_TN_BLD_0092",
        "osm_id": "osm_way_ind_0092",
        "event_id": "TN_NAGAPATTINAM_CYCLONE_2022",
        "prediction": "INTACT",
        "damage_prediction": "INTACT",
        "confidence": 0.9342,
        "prediction_margin": 0.35,
        "entropy": 0.45,
        "domain_shift_score": 0.1,
        "prob_intact": 0.85,
        "prob_damaged": 0.1,
        "prob_destroyed": 0.05,
        "coverage_ratio": 1.2,
        "pre_product_id": "SENTINEL2_PRE_20201115",
        "post_product_id": "SENTINEL2_POST_20201127",
        "pre_date": "2020-11-15T00:24:12Z",
        "post_date": "2020-11-27T00:24:13Z",
        "temporal_delta_days": 12,
        "review_status": "AUTOMATIC_CANDIDATE",
        "model_version": "Phase 8.4 Champion",
        "checkpoint_sha256": "f5761006f3526f8ff9aa3a1d6487b7842c964fad99938cddf747cd1a1cba85db"
      }
    },
    {
      "type": "Feature",
      "id": "INDEPENDENT_TN_BLD_0093",
      "geometry": {
        "type": "Polygon",
        "coordinates": [
          [
            [
              79.7693,
              11.7493
            ],
            [
              79.77029999999999,
              11.7493
            ],
            [
              79.77029999999999,
              11.7503
            ],
            [
              79.7693,
              11.7503
            ],
            [
              79.7693,
              11.7493
            ]
          ]
        ]
      },
      "properties": {
        "building_id": "INDEPENDENT_TN_BLD_0093",
        "osm_id": "osm_way_ind_0093",
        "event_id": "TN_NAGAPATTINAM_CYCLONE_2022",
        "prediction": "DAMAGED",
        "damage_prediction": "DAMAGED",
        "confidence": 1.0,
        "prediction_margin": 0.35,
        "entropy": 0.45,
        "domain_shift_score": 0.1,
        "prob_intact": 0.1,
        "prob_damaged": 0.85,
        "prob_destroyed": 0.05,
        "coverage_ratio": 1.2,
        "pre_product_id": "SENTINEL2_PRE_20201115",
        "post_product_id": "SENTINEL2_POST_20201127",
        "pre_date": "2020-11-15T00:24:12Z",
        "post_date": "2020-11-27T00:24:13Z",
        "temporal_delta_days": 12,
        "review_status": "AUTOMATIC_CANDIDATE",
        "model_version": "Phase 8.4 Champion",
        "checkpoint_sha256": "f5761006f3526f8ff9aa3a1d6487b7842c964fad99938cddf747cd1a1cba85db"
      }
    },
    {
      "type": "Feature",
      "id": "INDEPENDENT_TN_BLD_0094",
      "geometry": {
        "type": "Polygon",
        "coordinates": [
          [
            [
              79.7694,
              11.7494
            ],
            [
              79.7704,
              11.7494
            ],
            [
              79.7704,
              11.750399999999999
            ],
            [
              79.7694,
              11.750399999999999
            ],
            [
              79.7694,
              11.7494
            ]
          ]
        ]
      },
      "properties": {
        "building_id": "INDEPENDENT_TN_BLD_0094",
        "osm_id": "osm_way_ind_0094",
        "event_id": "TN_NAGAPATTINAM_CYCLONE_2022",
        "prediction": "INTACT",
        "damage_prediction": "INTACT",
        "confidence": 0.7287,
        "prediction_margin": 0.35,
        "entropy": 0.45,
        "domain_shift_score": 0.1,
        "prob_intact": 0.85,
        "prob_damaged": 0.1,
        "prob_destroyed": 0.05,
        "coverage_ratio": 1.2,
        "pre_product_id": "SENTINEL2_PRE_20201115",
        "post_product_id": "SENTINEL2_POST_20201127",
        "pre_date": "2020-11-15T00:24:12Z",
        "post_date": "2020-11-27T00:24:13Z",
        "temporal_delta_days": 12,
        "review_status": "AUTOMATIC_CANDIDATE",
        "model_version": "Phase 8.4 Champion",
        "checkpoint_sha256": "f5761006f3526f8ff9aa3a1d6487b7842c964fad99938cddf747cd1a1cba85db"
      }
    },
    {
      "type": "Feature",
      "id": "INDEPENDENT_TN_BLD_0095",
      "geometry": {
        "type": "Polygon",
        "coordinates": [
          [
            [
              79.76950000000001,
              11.7495
            ],
            [
              79.7705,
              11.7495
            ],
            [
              79.7705,
              11.750499999999999
            ],
            [
              79.76950000000001,
              11.750499999999999
            ],
            [
              79.76950000000001,
              11.7495
            ]
          ]
        ]
      },
      "properties": {
        "building_id": "INDEPENDENT_TN_BLD_0095",
        "osm_id": "osm_way_ind_0095",
        "event_id": "TN_NAGAPATTINAM_CYCLONE_2022",
        "prediction": "INTACT",
        "damage_prediction": "INTACT",
        "confidence": 0.6319,
        "prediction_margin": 0.35,
        "entropy": 0.45,
        "domain_shift_score": 0.1,
        "prob_intact": 0.85,
        "prob_damaged": 0.1,
        "prob_destroyed": 0.05,
        "coverage_ratio": 1.2,
        "pre_product_id": "SENTINEL2_PRE_20201115",
        "post_product_id": "SENTINEL2_POST_20201127",
        "pre_date": "2020-11-15T00:24:12Z",
        "post_date": "2020-11-27T00:24:13Z",
        "temporal_delta_days": 12,
        "review_status": "AUTOMATIC_CANDIDATE",
        "model_version": "Phase 8.4 Champion",
        "checkpoint_sha256": "f5761006f3526f8ff9aa3a1d6487b7842c964fad99938cddf747cd1a1cba85db"
      }
    },
    {
      "type": "Feature",
      "id": "INDEPENDENT_TN_BLD_0096",
      "geometry": {
        "type": "Polygon",
        "coordinates": [
          [
            [
              79.76960000000001,
              11.749600000000001
            ],
            [
              79.7706,
              11.749600000000001
            ],
            [
              79.7706,
              11.7506
            ],
            [
              79.76960000000001,
              11.7506
            ],
            [
              79.76960000000001,
              11.749600000000001
            ]
          ]
        ]
      },
      "properties": {
        "building_id": "INDEPENDENT_TN_BLD_0096",
        "osm_id": "osm_way_ind_0096",
        "event_id": "TN_NAGAPATTINAM_CYCLONE_2022",
        "prediction": "DAMAGED",
        "damage_prediction": "DAMAGED",
        "confidence": 0.5826,
        "prediction_margin": 0.35,
        "entropy": 0.45,
        "domain_shift_score": 0.1,
        "prob_intact": 0.1,
        "prob_damaged": 0.85,
        "prob_destroyed": 0.05,
        "coverage_ratio": 1.2,
        "pre_product_id": "SENTINEL2_PRE_20201115",
        "post_product_id": "SENTINEL2_POST_20201127",
        "pre_date": "2020-11-15T00:24:12Z",
        "post_date": "2020-11-27T00:24:13Z",
        "temporal_delta_days": 12,
        "review_status": "AUTOMATIC_CANDIDATE",
        "model_version": "Phase 8.4 Champion",
        "checkpoint_sha256": "f5761006f3526f8ff9aa3a1d6487b7842c964fad99938cddf747cd1a1cba85db"
      }
    },
    {
      "type": "Feature",
      "id": "INDEPENDENT_TN_BLD_0097",
      "geometry": {
        "type": "Polygon",
        "coordinates": [
          [
            [
              79.7697,
              11.7497
            ],
            [
              79.77069999999999,
              11.7497
            ],
            [
              79.77069999999999,
              11.7507
            ],
            [
              79.7697,
              11.7507
            ],
            [
              79.7697,
              11.7497
            ]
          ]
        ]
      },
      "properties": {
        "building_id": "INDEPENDENT_TN_BLD_0097",
        "osm_id": "osm_way_ind_0097",
        "event_id": "TN_NAGAPATTINAM_CYCLONE_2022",
        "prediction": "INTACT",
        "damage_prediction": "INTACT",
        "confidence": 0.9541,
        "prediction_margin": 0.35,
        "entropy": 0.45,
        "domain_shift_score": 0.1,
        "prob_intact": 0.85,
        "prob_damaged": 0.1,
        "prob_destroyed": 0.05,
        "coverage_ratio": 1.2,
        "pre_product_id": "SENTINEL2_PRE_20201115",
        "post_product_id": "SENTINEL2_POST_20201127",
        "pre_date": "2020-11-15T00:24:12Z",
        "post_date": "2020-11-27T00:24:13Z",
        "temporal_delta_days": 12,
        "review_status": "AUTOMATIC_CANDIDATE",
        "model_version": "Phase 8.4 Champion",
        "checkpoint_sha256": "f5761006f3526f8ff9aa3a1d6487b7842c964fad99938cddf747cd1a1cba85db"
      }
    },
    {
      "type": "Feature",
      "id": "INDEPENDENT_TN_BLD_0098",
      "geometry": {
        "type": "Polygon",
        "coordinates": [
          [
            [
              79.7698,
              11.7498
            ],
            [
              79.7708,
              11.7498
            ],
            [
              79.7708,
              11.7508
            ],
            [
              79.7698,
              11.7508
            ],
            [
              79.7698,
              11.7498
            ]
          ]
        ]
      },
      "properties": {
        "building_id": "INDEPENDENT_TN_BLD_0098",
        "osm_id": "osm_way_ind_0098",
        "event_id": "TN_NAGAPATTINAM_CYCLONE_2022",
        "prediction": "INTACT",
        "damage_prediction": "INTACT",
        "confidence": 0.899,
        "prediction_margin": 0.35,
        "entropy": 0.45,
        "domain_shift_score": 0.1,
        "prob_intact": 0.85,
        "prob_damaged": 0.1,
        "prob_destroyed": 0.05,
        "coverage_ratio": 1.2,
        "pre_product_id": "SENTINEL2_PRE_20201115",
        "post_product_id": "SENTINEL2_POST_20201127",
        "pre_date": "2020-11-15T00:24:12Z",
        "post_date": "2020-11-27T00:24:13Z",
        "temporal_delta_days": 12,
        "review_status": "AUTOMATIC_CANDIDATE",
        "model_version": "Phase 8.4 Champion",
        "checkpoint_sha256": "f5761006f3526f8ff9aa3a1d6487b7842c964fad99938cddf747cd1a1cba85db"
      }
    },
    {
      "type": "Feature",
      "id": "INDEPENDENT_TN_BLD_0099",
      "geometry": {
        "type": "Polygon",
        "coordinates": [
          [
            [
              79.7699,
              11.7499
            ],
            [
              79.7709,
              11.7499
            ],
            [
              79.7709,
              11.7509
            ],
            [
              79.7699,
              11.7509
            ],
            [
              79.7699,
              11.7499
            ]
          ]
        ]
      },
      "properties": {
        "building_id": "INDEPENDENT_TN_BLD_0099",
        "osm_id": "osm_way_ind_0099",
        "event_id": "TN_NAGAPATTINAM_CYCLONE_2022",
        "prediction": "INTACT",
        "damage_prediction": "INTACT",
        "confidence": 0.9178,
        "prediction_margin": 0.35,
        "entropy": 0.45,
        "domain_shift_score": 0.1,
        "prob_intact": 0.85,
        "prob_damaged": 0.1,
        "prob_destroyed": 0.05,
        "coverage_ratio": 1.2,
        "pre_product_id": "SENTINEL2_PRE_20201115",
        "post_product_id": "SENTINEL2_POST_20201127",
        "pre_date": "2020-11-15T00:24:12Z",
        "post_date": "2020-11-27T00:24:13Z",
        "temporal_delta_days": 12,
        "review_status": "AUTOMATIC_CANDIDATE",
        "model_version": "Phase 8.4 Champion",
        "checkpoint_sha256": "f5761006f3526f8ff9aa3a1d6487b7842c964fad99938cddf747cd1a1cba85db"
      }
    },
    {
      "type": "Feature",
      "id": "INDEPENDENT_TN_BLD_0100",
      "geometry": {
        "type": "Polygon",
        "coordinates": [
          [
            [
              79.77000000000001,
              11.75
            ],
            [
              79.771,
              11.75
            ],
            [
              79.771,
              11.751
            ],
            [
              79.77000000000001,
              11.751
            ],
            [
              79.77000000000001,
              11.75
            ]
          ]
        ]
      },
      "properties": {
        "building_id": "INDEPENDENT_TN_BLD_0100",
        "osm_id": "osm_way_ind_0100",
        "event_id": "TN_NAGAPATTINAM_CYCLONE_2022",
        "prediction": "INTACT",
        "damage_prediction": "INTACT",
        "confidence": 0.6245,
        "prediction_margin": 0.35,
        "entropy": 0.45,
        "domain_shift_score": 0.1,
        "prob_intact": 0.85,
        "prob_damaged": 0.1,
        "prob_destroyed": 0.05,
        "coverage_ratio": 1.2,
        "pre_product_id": "SENTINEL2_PRE_20201115",
        "post_product_id": "SENTINEL2_POST_20201127",
        "pre_date": "2020-11-15T00:24:12Z",
        "post_date": "2020-11-27T00:24:13Z",
        "temporal_delta_days": 12,
        "review_status": "AUTOMATIC_CANDIDATE",
        "model_version": "Phase 8.4 Champion",
        "checkpoint_sha256": "f5761006f3526f8ff9aa3a1d6487b7842c964fad99938cddf747cd1a1cba85db"
      }
    },
    {
      "type": "Feature",
      "id": "INDEPENDENT_TN_BLD_0101",
      "geometry": {
        "type": "Polygon",
        "coordinates": [
          [
            [
              79.7701,
              11.7501
            ],
            [
              79.77109999999999,
              11.7501
            ],
            [
              79.77109999999999,
              11.7511
            ],
            [
              79.7701,
              11.7511
            ],
            [
              79.7701,
              11.7501
            ]
          ]
        ]
      },
      "properties": {
        "building_id": "INDEPENDENT_TN_BLD_0101",
        "osm_id": "osm_way_ind_0101",
        "event_id": "TN_NAGAPATTINAM_CYCLONE_2022",
        "prediction": "INTACT",
        "damage_prediction": "INTACT",
        "confidence": 0.9828,
        "prediction_margin": 0.35,
        "entropy": 0.45,
        "domain_shift_score": 0.1,
        "prob_intact": 0.85,
        "prob_damaged": 0.1,
        "prob_destroyed": 0.05,
        "coverage_ratio": 1.2,
        "pre_product_id": "SENTINEL2_PRE_20201115",
        "post_product_id": "SENTINEL2_POST_20201127",
        "pre_date": "2020-11-15T00:24:12Z",
        "post_date": "2020-11-27T00:24:13Z",
        "temporal_delta_days": 12,
        "review_status": "AUTOMATIC_CANDIDATE",
        "model_version": "Phase 8.4 Champion",
        "checkpoint_sha256": "f5761006f3526f8ff9aa3a1d6487b7842c964fad99938cddf747cd1a1cba85db"
      }
    },
    {
      "type": "Feature",
      "id": "INDEPENDENT_TN_BLD_0102",
      "geometry": {
        "type": "Polygon",
        "coordinates": [
          [
            [
              79.7702,
              11.7502
            ],
            [
              79.7712,
              11.7502
            ],
            [
              79.7712,
              11.751199999999999
            ],
            [
              79.7702,
              11.751199999999999
            ],
            [
              79.7702,
              11.7502
            ]
          ]
        ]
      },
      "properties": {
        "building_id": "INDEPENDENT_TN_BLD_0102",
        "osm_id": "osm_way_ind_0102",
        "event_id": "TN_NAGAPATTINAM_CYCLONE_2022",
        "prediction": "INTACT",
        "damage_prediction": "INTACT",
        "confidence": 0.923,
        "prediction_margin": 0.35,
        "entropy": 0.45,
        "domain_shift_score": 0.1,
        "prob_intact": 0.85,
        "prob_damaged": 0.1,
        "prob_destroyed": 0.05,
        "coverage_ratio": 1.2,
        "pre_product_id": "SENTINEL2_PRE_20201115",
        "post_product_id": "SENTINEL2_POST_20201127",
        "pre_date": "2020-11-15T00:24:12Z",
        "post_date": "2020-11-27T00:24:13Z",
        "temporal_delta_days": 12,
        "review_status": "AUTOMATIC_CANDIDATE",
        "model_version": "Phase 8.4 Champion",
        "checkpoint_sha256": "f5761006f3526f8ff9aa3a1d6487b7842c964fad99938cddf747cd1a1cba85db"
      }
    },
    {
      "type": "Feature",
      "id": "INDEPENDENT_TN_BLD_0103",
      "geometry": {
        "type": "Polygon",
        "coordinates": [
          [
            [
              79.7703,
              11.750300000000001
            ],
            [
              79.7713,
              11.750300000000001
            ],
            [
              79.7713,
              11.7513
            ],
            [
              79.7703,
              11.7513
            ],
            [
              79.7703,
              11.750300000000001
            ]
          ]
        ]
      },
      "properties": {
        "building_id": "INDEPENDENT_TN_BLD_0103",
        "osm_id": "osm_way_ind_0103",
        "event_id": "TN_NAGAPATTINAM_CYCLONE_2022",
        "prediction": "DAMAGED",
        "damage_prediction": "DAMAGED",
        "confidence": 1.0,
        "prediction_margin": 0.35,
        "entropy": 0.45,
        "domain_shift_score": 0.1,
        "prob_intact": 0.1,
        "prob_damaged": 0.85,
        "prob_destroyed": 0.05,
        "coverage_ratio": 1.2,
        "pre_product_id": "SENTINEL2_PRE_20201115",
        "post_product_id": "SENTINEL2_POST_20201127",
        "pre_date": "2020-11-15T00:24:12Z",
        "post_date": "2020-11-27T00:24:13Z",
        "temporal_delta_days": 12,
        "review_status": "AUTOMATIC_CANDIDATE",
        "model_version": "Phase 8.4 Champion",
        "checkpoint_sha256": "f5761006f3526f8ff9aa3a1d6487b7842c964fad99938cddf747cd1a1cba85db"
      }
    },
    {
      "type": "Feature",
      "id": "INDEPENDENT_TN_BLD_0104",
      "geometry": {
        "type": "Polygon",
        "coordinates": [
          [
            [
              79.77040000000001,
              11.7504
            ],
            [
              79.7714,
              11.7504
            ],
            [
              79.7714,
              11.7514
            ],
            [
              79.77040000000001,
              11.7514
            ],
            [
              79.77040000000001,
              11.7504
            ]
          ]
        ]
      },
      "properties": {
        "building_id": "INDEPENDENT_TN_BLD_0104",
        "osm_id": "osm_way_ind_0104",
        "event_id": "TN_NAGAPATTINAM_CYCLONE_2022",
        "prediction": "INTACT",
        "damage_prediction": "INTACT",
        "confidence": 0.9196,
        "prediction_margin": 0.35,
        "entropy": 0.45,
        "domain_shift_score": 0.1,
        "prob_intact": 0.85,
        "prob_damaged": 0.1,
        "prob_destroyed": 0.05,
        "coverage_ratio": 1.2,
        "pre_product_id": "SENTINEL2_PRE_20201115",
        "post_product_id": "SENTINEL2_POST_20201127",
        "pre_date": "2020-11-15T00:24:12Z",
        "post_date": "2020-11-27T00:24:13Z",
        "temporal_delta_days": 12,
        "review_status": "AUTOMATIC_CANDIDATE",
        "model_version": "Phase 8.4 Champion",
        "checkpoint_sha256": "f5761006f3526f8ff9aa3a1d6487b7842c964fad99938cddf747cd1a1cba85db"
      }
    },
    {
      "type": "Feature",
      "id": "INDEPENDENT_TN_BLD_0105",
      "geometry": {
        "type": "Polygon",
        "coordinates": [
          [
            [
              79.7705,
              11.7505
            ],
            [
              79.77149999999999,
              11.7505
            ],
            [
              79.77149999999999,
              11.7515
            ],
            [
              79.7705,
              11.7515
            ],
            [
              79.7705,
              11.7505
            ]
          ]
        ]
      },
      "properties": {
        "building_id": "INDEPENDENT_TN_BLD_0105",
        "osm_id": "osm_way_ind_0105",
        "event_id": "TN_NAGAPATTINAM_CYCLONE_2022",
        "prediction": "DESTROYED",
        "damage_prediction": "DESTROYED",
        "confidence": 0.4008,
        "prediction_margin": 0.35,
        "entropy": 0.45,
        "domain_shift_score": 0.1,
        "prob_intact": 0.1,
        "prob_damaged": 0.1,
        "prob_destroyed": 0.85,
        "coverage_ratio": 1.2,
        "pre_product_id": "SENTINEL2_PRE_20201115",
        "post_product_id": "SENTINEL2_POST_20201127",
        "pre_date": "2020-11-15T00:24:12Z",
        "post_date": "2020-11-27T00:24:13Z",
        "temporal_delta_days": 12,
        "review_status": "AUTOMATIC_CANDIDATE",
        "model_version": "Phase 8.4 Champion",
        "checkpoint_sha256": "f5761006f3526f8ff9aa3a1d6487b7842c964fad99938cddf747cd1a1cba85db"
      }
    },
    {
      "type": "Feature",
      "id": "INDEPENDENT_TN_BLD_0106",
      "geometry": {
        "type": "Polygon",
        "coordinates": [
          [
            [
              79.7706,
              11.7506
            ],
            [
              79.77159999999999,
              11.7506
            ],
            [
              79.77159999999999,
              11.7516
            ],
            [
              79.7706,
              11.7516
            ],
            [
              79.7706,
              11.7506
            ]
          ]
        ]
      },
      "properties": {
        "building_id": "INDEPENDENT_TN_BLD_0106",
        "osm_id": "osm_way_ind_0106",
        "event_id": "TN_NAGAPATTINAM_CYCLONE_2022",
        "prediction": "DAMAGED",
        "damage_prediction": "DAMAGED",
        "confidence": 1.0,
        "prediction_margin": 0.35,
        "entropy": 0.45,
        "domain_shift_score": 0.1,
        "prob_intact": 0.1,
        "prob_damaged": 0.85,
        "prob_destroyed": 0.05,
        "coverage_ratio": 1.2,
        "pre_product_id": "SENTINEL2_PRE_20201115",
        "post_product_id": "SENTINEL2_POST_20201127",
        "pre_date": "2020-11-15T00:24:12Z",
        "post_date": "2020-11-27T00:24:13Z",
        "temporal_delta_days": 12,
        "review_status": "AUTOMATIC_CANDIDATE",
        "model_version": "Phase 8.4 Champion",
        "checkpoint_sha256": "f5761006f3526f8ff9aa3a1d6487b7842c964fad99938cddf747cd1a1cba85db"
      }
    },
    {
      "type": "Feature",
      "id": "INDEPENDENT_TN_BLD_0107",
      "geometry": {
        "type": "Polygon",
        "coordinates": [
          [
            [
              79.7707,
              11.7507
            ],
            [
              79.7717,
              11.7507
            ],
            [
              79.7717,
              11.7517
            ],
            [
              79.7707,
              11.7517
            ],
            [
              79.7707,
              11.7507
            ]
          ]
        ]
      },
      "properties": {
        "building_id": "INDEPENDENT_TN_BLD_0107",
        "osm_id": "osm_way_ind_0107",
        "event_id": "TN_NAGAPATTINAM_CYCLONE_2022",
        "prediction": "INTACT",
        "damage_prediction": "INTACT",
        "confidence": 0.6935,
        "prediction_margin": 0.35,
        "entropy": 0.45,
        "domain_shift_score": 0.1,
        "prob_intact": 0.85,
        "prob_damaged": 0.1,
        "prob_destroyed": 0.05,
        "coverage_ratio": 1.2,
        "pre_product_id": "SENTINEL2_PRE_20201115",
        "post_product_id": "SENTINEL2_POST_20201127",
        "pre_date": "2020-11-15T00:24:12Z",
        "post_date": "2020-11-27T00:24:13Z",
        "temporal_delta_days": 12,
        "review_status": "AUTOMATIC_CANDIDATE",
        "model_version": "Phase 8.4 Champion",
        "checkpoint_sha256": "f5761006f3526f8ff9aa3a1d6487b7842c964fad99938cddf747cd1a1cba85db"
      }
    },
    {
      "type": "Feature",
      "id": "INDEPENDENT_TN_BLD_0108",
      "geometry": {
        "type": "Polygon",
        "coordinates": [
          [
            [
              79.77080000000001,
              11.7508
            ],
            [
              79.7718,
              11.7508
            ],
            [
              79.7718,
              11.7518
            ],
            [
              79.77080000000001,
              11.7518
            ],
            [
              79.77080000000001,
              11.7508
            ]
          ]
        ]
      },
      "properties": {
        "building_id": "INDEPENDENT_TN_BLD_0108",
        "osm_id": "osm_way_ind_0108",
        "event_id": "TN_NAGAPATTINAM_CYCLONE_2022",
        "prediction": "INTACT",
        "damage_prediction": "INTACT",
        "confidence": 0.8021,
        "prediction_margin": 0.35,
        "entropy": 0.45,
        "domain_shift_score": 0.1,
        "prob_intact": 0.85,
        "prob_damaged": 0.1,
        "prob_destroyed": 0.05,
        "coverage_ratio": 1.2,
        "pre_product_id": "SENTINEL2_PRE_20201115",
        "post_product_id": "SENTINEL2_POST_20201127",
        "pre_date": "2020-11-15T00:24:12Z",
        "post_date": "2020-11-27T00:24:13Z",
        "temporal_delta_days": 12,
        "review_status": "AUTOMATIC_CANDIDATE",
        "model_version": "Phase 8.4 Champion",
        "checkpoint_sha256": "f5761006f3526f8ff9aa3a1d6487b7842c964fad99938cddf747cd1a1cba85db"
      }
    },
    {
      "type": "Feature",
      "id": "INDEPENDENT_TN_BLD_0109",
      "geometry": {
        "type": "Polygon",
        "coordinates": [
          [
            [
              79.77090000000001,
              11.7509
            ],
            [
              79.7719,
              11.7509
            ],
            [
              79.7719,
              11.7519
            ],
            [
              79.77090000000001,
              11.7519
            ],
            [
              79.77090000000001,
              11.7509
            ]
          ]
        ]
      },
      "properties": {
        "building_id": "INDEPENDENT_TN_BLD_0109",
        "osm_id": "osm_way_ind_0109",
        "event_id": "TN_NAGAPATTINAM_CYCLONE_2022",
        "prediction": "INTACT",
        "damage_prediction": "INTACT",
        "confidence": 0.8637,
        "prediction_margin": 0.35,
        "entropy": 0.45,
        "domain_shift_score": 0.1,
        "prob_intact": 0.85,
        "prob_damaged": 0.1,
        "prob_destroyed": 0.05,
        "coverage_ratio": 1.2,
        "pre_product_id": "SENTINEL2_PRE_20201115",
        "post_product_id": "SENTINEL2_POST_20201127",
        "pre_date": "2020-11-15T00:24:12Z",
        "post_date": "2020-11-27T00:24:13Z",
        "temporal_delta_days": 12,
        "review_status": "AUTOMATIC_CANDIDATE",
        "model_version": "Phase 8.4 Champion",
        "checkpoint_sha256": "f5761006f3526f8ff9aa3a1d6487b7842c964fad99938cddf747cd1a1cba85db"
      }
    },
    {
      "type": "Feature",
      "id": "INDEPENDENT_TN_BLD_0110",
      "geometry": {
        "type": "Polygon",
        "coordinates": [
          [
            [
              79.771,
              11.751
            ],
            [
              79.77199999999999,
              11.751
            ],
            [
              79.77199999999999,
              11.751999999999999
            ],
            [
              79.771,
              11.751999999999999
            ],
            [
              79.771,
              11.751
            ]
          ]
        ]
      },
      "properties": {
        "building_id": "INDEPENDENT_TN_BLD_0110",
        "osm_id": "osm_way_ind_0110",
        "event_id": "TN_NAGAPATTINAM_CYCLONE_2022",
        "prediction": "DAMAGED",
        "damage_prediction": "DAMAGED",
        "confidence": 1.0,
        "prediction_margin": 0.35,
        "entropy": 0.45,
        "domain_shift_score": 0.1,
        "prob_intact": 0.1,
        "prob_damaged": 0.85,
        "prob_destroyed": 0.05,
        "coverage_ratio": 1.2,
        "pre_product_id": "SENTINEL2_PRE_20201115",
        "post_product_id": "SENTINEL2_POST_20201127",
        "pre_date": "2020-11-15T00:24:12Z",
        "post_date": "2020-11-27T00:24:13Z",
        "temporal_delta_days": 12,
        "review_status": "AUTOMATIC_CANDIDATE",
        "model_version": "Phase 8.4 Champion",
        "checkpoint_sha256": "f5761006f3526f8ff9aa3a1d6487b7842c964fad99938cddf747cd1a1cba85db"
      }
    },
    {
      "type": "Feature",
      "id": "INDEPENDENT_TN_BLD_0111",
      "geometry": {
        "type": "Polygon",
        "coordinates": [
          [
            [
              79.7711,
              11.751100000000001
            ],
            [
              79.7721,
              11.751100000000001
            ],
            [
              79.7721,
              11.7521
            ],
            [
              79.7711,
              11.7521
            ],
            [
              79.7711,
              11.751100000000001
            ]
          ]
        ]
      },
      "properties": {
        "building_id": "INDEPENDENT_TN_BLD_0111",
        "osm_id": "osm_way_ind_0111",
        "event_id": "TN_NAGAPATTINAM_CYCLONE_2022",
        "prediction": "DAMAGED",
        "damage_prediction": "DAMAGED",
        "confidence": 1.0,
        "prediction_margin": 0.35,
        "entropy": 0.45,
        "domain_shift_score": 0.1,
        "prob_intact": 0.1,
        "prob_damaged": 0.85,
        "prob_destroyed": 0.05,
        "coverage_ratio": 1.2,
        "pre_product_id": "SENTINEL2_PRE_20201115",
        "post_product_id": "SENTINEL2_POST_20201127",
        "pre_date": "2020-11-15T00:24:12Z",
        "post_date": "2020-11-27T00:24:13Z",
        "temporal_delta_days": 12,
        "review_status": "AUTOMATIC_CANDIDATE",
        "model_version": "Phase 8.4 Champion",
        "checkpoint_sha256": "f5761006f3526f8ff9aa3a1d6487b7842c964fad99938cddf747cd1a1cba85db"
      }
    },
    {
      "type": "Feature",
      "id": "INDEPENDENT_TN_BLD_0112",
      "geometry": {
        "type": "Polygon",
        "coordinates": [
          [
            [
              79.77120000000001,
              11.7512
            ],
            [
              79.7722,
              11.7512
            ],
            [
              79.7722,
              11.7522
            ],
            [
              79.77120000000001,
              11.7522
            ],
            [
              79.77120000000001,
              11.7512
            ]
          ]
        ]
      },
      "properties": {
        "building_id": "INDEPENDENT_TN_BLD_0112",
        "osm_id": "osm_way_ind_0112",
        "event_id": "TN_NAGAPATTINAM_CYCLONE_2022",
        "prediction": "DAMAGED",
        "damage_prediction": "DAMAGED",
        "confidence": 1.0,
        "prediction_margin": 0.35,
        "entropy": 0.45,
        "domain_shift_score": 0.1,
        "prob_intact": 0.1,
        "prob_damaged": 0.85,
        "prob_destroyed": 0.05,
        "coverage_ratio": 1.2,
        "pre_product_id": "SENTINEL2_PRE_20201115",
        "post_product_id": "SENTINEL2_POST_20201127",
        "pre_date": "2020-11-15T00:24:12Z",
        "post_date": "2020-11-27T00:24:13Z",
        "temporal_delta_days": 12,
        "review_status": "AUTOMATIC_CANDIDATE",
        "model_version": "Phase 8.4 Champion",
        "checkpoint_sha256": "f5761006f3526f8ff9aa3a1d6487b7842c964fad99938cddf747cd1a1cba85db"
      }
    },
    {
      "type": "Feature",
      "id": "INDEPENDENT_TN_BLD_0113",
      "geometry": {
        "type": "Polygon",
        "coordinates": [
          [
            [
              79.77130000000001,
              11.7513
            ],
            [
              79.7723,
              11.7513
            ],
            [
              79.7723,
              11.7523
            ],
            [
              79.77130000000001,
              11.7523
            ],
            [
              79.77130000000001,
              11.7513
            ]
          ]
        ]
      },
      "properties": {
        "building_id": "INDEPENDENT_TN_BLD_0113",
        "osm_id": "osm_way_ind_0113",
        "event_id": "TN_NAGAPATTINAM_CYCLONE_2022",
        "prediction": "DAMAGED",
        "damage_prediction": "DAMAGED",
        "confidence": 1.0,
        "prediction_margin": 0.35,
        "entropy": 0.45,
        "domain_shift_score": 0.1,
        "prob_intact": 0.1,
        "prob_damaged": 0.85,
        "prob_destroyed": 0.05,
        "coverage_ratio": 1.2,
        "pre_product_id": "SENTINEL2_PRE_20201115",
        "post_product_id": "SENTINEL2_POST_20201127",
        "pre_date": "2020-11-15T00:24:12Z",
        "post_date": "2020-11-27T00:24:13Z",
        "temporal_delta_days": 12,
        "review_status": "AUTOMATIC_CANDIDATE",
        "model_version": "Phase 8.4 Champion",
        "checkpoint_sha256": "f5761006f3526f8ff9aa3a1d6487b7842c964fad99938cddf747cd1a1cba85db"
      }
    },
    {
      "type": "Feature",
      "id": "INDEPENDENT_TN_BLD_0114",
      "geometry": {
        "type": "Polygon",
        "coordinates": [
          [
            [
              79.7714,
              11.7514
            ],
            [
              79.77239999999999,
              11.7514
            ],
            [
              79.77239999999999,
              11.7524
            ],
            [
              79.7714,
              11.7524
            ],
            [
              79.7714,
              11.7514
            ]
          ]
        ]
      },
      "properties": {
        "building_id": "INDEPENDENT_TN_BLD_0114",
        "osm_id": "osm_way_ind_0114",
        "event_id": "TN_NAGAPATTINAM_CYCLONE_2022",
        "prediction": "DAMAGED",
        "damage_prediction": "DAMAGED",
        "confidence": 1.0,
        "prediction_margin": 0.35,
        "entropy": 0.45,
        "domain_shift_score": 0.1,
        "prob_intact": 0.1,
        "prob_damaged": 0.85,
        "prob_destroyed": 0.05,
        "coverage_ratio": 1.2,
        "pre_product_id": "SENTINEL2_PRE_20201115",
        "post_product_id": "SENTINEL2_POST_20201127",
        "pre_date": "2020-11-15T00:24:12Z",
        "post_date": "2020-11-27T00:24:13Z",
        "temporal_delta_days": 12,
        "review_status": "AUTOMATIC_CANDIDATE",
        "model_version": "Phase 8.4 Champion",
        "checkpoint_sha256": "f5761006f3526f8ff9aa3a1d6487b7842c964fad99938cddf747cd1a1cba85db"
      }
    },
    {
      "type": "Feature",
      "id": "INDEPENDENT_TN_BLD_0115",
      "geometry": {
        "type": "Polygon",
        "coordinates": [
          [
            [
              79.7715,
              11.7515
            ],
            [
              79.7725,
              11.7515
            ],
            [
              79.7725,
              11.7525
            ],
            [
              79.7715,
              11.7525
            ],
            [
              79.7715,
              11.7515
            ]
          ]
        ]
      },
      "properties": {
        "building_id": "INDEPENDENT_TN_BLD_0115",
        "osm_id": "osm_way_ind_0115",
        "event_id": "TN_NAGAPATTINAM_CYCLONE_2022",
        "prediction": "DAMAGED",
        "damage_prediction": "DAMAGED",
        "confidence": 1.0,
        "prediction_margin": 0.35,
        "entropy": 0.45,
        "domain_shift_score": 0.1,
        "prob_intact": 0.1,
        "prob_damaged": 0.85,
        "prob_destroyed": 0.05,
        "coverage_ratio": 1.2,
        "pre_product_id": "SENTINEL2_PRE_20201115",
        "post_product_id": "SENTINEL2_POST_20201127",
        "pre_date": "2020-11-15T00:24:12Z",
        "post_date": "2020-11-27T00:24:13Z",
        "temporal_delta_days": 12,
        "review_status": "AUTOMATIC_CANDIDATE",
        "model_version": "Phase 8.4 Champion",
        "checkpoint_sha256": "f5761006f3526f8ff9aa3a1d6487b7842c964fad99938cddf747cd1a1cba85db"
      }
    },
    {
      "type": "Feature",
      "id": "INDEPENDENT_TN_BLD_0116",
      "geometry": {
        "type": "Polygon",
        "coordinates": [
          [
            [
              79.7716,
              11.7516
            ],
            [
              79.7726,
              11.7516
            ],
            [
              79.7726,
              11.7526
            ],
            [
              79.7716,
              11.7526
            ],
            [
              79.7716,
              11.7516
            ]
          ]
        ]
      },
      "properties": {
        "building_id": "INDEPENDENT_TN_BLD_0116",
        "osm_id": "osm_way_ind_0116",
        "event_id": "TN_NAGAPATTINAM_CYCLONE_2022",
        "prediction": "DAMAGED",
        "damage_prediction": "DAMAGED",
        "confidence": 1.0,
        "prediction_margin": 0.35,
        "entropy": 0.45,
        "domain_shift_score": 0.1,
        "prob_intact": 0.1,
        "prob_damaged": 0.85,
        "prob_destroyed": 0.05,
        "coverage_ratio": 1.2,
        "pre_product_id": "SENTINEL2_PRE_20201115",
        "post_product_id": "SENTINEL2_POST_20201127",
        "pre_date": "2020-11-15T00:24:12Z",
        "post_date": "2020-11-27T00:24:13Z",
        "temporal_delta_days": 12,
        "review_status": "AUTOMATIC_CANDIDATE",
        "model_version": "Phase 8.4 Champion",
        "checkpoint_sha256": "f5761006f3526f8ff9aa3a1d6487b7842c964fad99938cddf747cd1a1cba85db"
      }
    },
    {
      "type": "Feature",
      "id": "INDEPENDENT_TN_BLD_0117",
      "geometry": {
        "type": "Polygon",
        "coordinates": [
          [
            [
              79.77170000000001,
              11.7517
            ],
            [
              79.7727,
              11.7517
            ],
            [
              79.7727,
              11.752699999999999
            ],
            [
              79.77170000000001,
              11.752699999999999
            ],
            [
              79.77170000000001,
              11.7517
            ]
          ]
        ]
      },
      "properties": {
        "building_id": "INDEPENDENT_TN_BLD_0117",
        "osm_id": "osm_way_ind_0117",
        "event_id": "TN_NAGAPATTINAM_CYCLONE_2022",
        "prediction": "DAMAGED",
        "damage_prediction": "DAMAGED",
        "confidence": 1.0,
        "prediction_margin": 0.35,
        "entropy": 0.45,
        "domain_shift_score": 0.1,
        "prob_intact": 0.1,
        "prob_damaged": 0.85,
        "prob_destroyed": 0.05,
        "coverage_ratio": 1.2,
        "pre_product_id": "SENTINEL2_PRE_20201115",
        "post_product_id": "SENTINEL2_POST_20201127",
        "pre_date": "2020-11-15T00:24:12Z",
        "post_date": "2020-11-27T00:24:13Z",
        "temporal_delta_days": 12,
        "review_status": "AUTOMATIC_CANDIDATE",
        "model_version": "Phase 8.4 Champion",
        "checkpoint_sha256": "f5761006f3526f8ff9aa3a1d6487b7842c964fad99938cddf747cd1a1cba85db"
      }
    },
    {
      "type": "Feature",
      "id": "INDEPENDENT_TN_BLD_0118",
      "geometry": {
        "type": "Polygon",
        "coordinates": [
          [
            [
              79.7718,
              11.7518
            ],
            [
              79.77279999999999,
              11.7518
            ],
            [
              79.77279999999999,
              11.752799999999999
            ],
            [
              79.7718,
              11.752799999999999
            ],
            [
              79.7718,
              11.7518
            ]
          ]
        ]
      },
      "properties": {
        "building_id": "INDEPENDENT_TN_BLD_0118",
        "osm_id": "osm_way_ind_0118",
        "event_id": "TN_NAGAPATTINAM_CYCLONE_2022",
        "prediction": "DAMAGED",
        "damage_prediction": "DAMAGED",
        "confidence": 1.0,
        "prediction_margin": 0.35,
        "entropy": 0.45,
        "domain_shift_score": 0.1,
        "prob_intact": 0.1,
        "prob_damaged": 0.85,
        "prob_destroyed": 0.05,
        "coverage_ratio": 1.2,
        "pre_product_id": "SENTINEL2_PRE_20201115",
        "post_product_id": "SENTINEL2_POST_20201127",
        "pre_date": "2020-11-15T00:24:12Z",
        "post_date": "2020-11-27T00:24:13Z",
        "temporal_delta_days": 12,
        "review_status": "AUTOMATIC_CANDIDATE",
        "model_version": "Phase 8.4 Champion",
        "checkpoint_sha256": "f5761006f3526f8ff9aa3a1d6487b7842c964fad99938cddf747cd1a1cba85db"
      }
    },
    {
      "type": "Feature",
      "id": "INDEPENDENT_TN_BLD_0119",
      "geometry": {
        "type": "Polygon",
        "coordinates": [
          [
            [
              79.7719,
              11.751900000000001
            ],
            [
              79.77289999999999,
              11.751900000000001
            ],
            [
              79.77289999999999,
              11.7529
            ],
            [
              79.7719,
              11.7529
            ],
            [
              79.7719,
              11.751900000000001
            ]
          ]
        ]
      },
      "properties": {
        "building_id": "INDEPENDENT_TN_BLD_0119",
        "osm_id": "osm_way_ind_0119",
        "event_id": "TN_NAGAPATTINAM_CYCLONE_2022",
        "prediction": "DAMAGED",
        "damage_prediction": "DAMAGED",
        "confidence": 1.0,
        "prediction_margin": 0.35,
        "entropy": 0.45,
        "domain_shift_score": 0.1,
        "prob_intact": 0.1,
        "prob_damaged": 0.85,
        "prob_destroyed": 0.05,
        "coverage_ratio": 1.2,
        "pre_product_id": "SENTINEL2_PRE_20201115",
        "post_product_id": "SENTINEL2_POST_20201127",
        "pre_date": "2020-11-15T00:24:12Z",
        "post_date": "2020-11-27T00:24:13Z",
        "temporal_delta_days": 12,
        "review_status": "AUTOMATIC_CANDIDATE",
        "model_version": "Phase 8.4 Champion",
        "checkpoint_sha256": "f5761006f3526f8ff9aa3a1d6487b7842c964fad99938cddf747cd1a1cba85db"
      }
    },
    {
      "type": "Feature",
      "id": "INDEPENDENT_TN_BLD_0120",
      "geometry": {
        "type": "Polygon",
        "coordinates": [
          [
            [
              79.772,
              11.752
            ],
            [
              79.773,
              11.752
            ],
            [
              79.773,
              11.753
            ],
            [
              79.772,
              11.753
            ],
            [
              79.772,
              11.752
            ]
          ]
        ]
      },
      "properties": {
        "building_id": "INDEPENDENT_TN_BLD_0120",
        "osm_id": "osm_way_ind_0120",
        "event_id": "TN_NAGAPATTINAM_CYCLONE_2022",
        "prediction": "DAMAGED",
        "damage_prediction": "DAMAGED",
        "confidence": 1.0,
        "prediction_margin": 0.35,
        "entropy": 0.45,
        "domain_shift_score": 0.1,
        "prob_intact": 0.1,
        "prob_damaged": 0.85,
        "prob_destroyed": 0.05,
        "coverage_ratio": 1.2,
        "pre_product_id": "SENTINEL2_PRE_20201115",
        "post_product_id": "SENTINEL2_POST_20201127",
        "pre_date": "2020-11-15T00:24:12Z",
        "post_date": "2020-11-27T00:24:13Z",
        "temporal_delta_days": 12,
        "review_status": "AUTOMATIC_CANDIDATE",
        "model_version": "Phase 8.4 Champion",
        "checkpoint_sha256": "f5761006f3526f8ff9aa3a1d6487b7842c964fad99938cddf747cd1a1cba85db"
      }
    },
    {
      "type": "Feature",
      "id": "INDEPENDENT_TN_BLD_0121",
      "geometry": {
        "type": "Polygon",
        "coordinates": [
          [
            [
              79.77210000000001,
              11.7521
            ],
            [
              79.7731,
              11.7521
            ],
            [
              79.7731,
              11.7531
            ],
            [
              79.77210000000001,
              11.7531
            ],
            [
              79.77210000000001,
              11.7521
            ]
          ]
        ]
      },
      "properties": {
        "building_id": "INDEPENDENT_TN_BLD_0121",
        "osm_id": "osm_way_ind_0121",
        "event_id": "TN_NAGAPATTINAM_CYCLONE_2022",
        "prediction": "DAMAGED",
        "damage_prediction": "DAMAGED",
        "confidence": 1.0,
        "prediction_margin": 0.35,
        "entropy": 0.45,
        "domain_shift_score": 0.1,
        "prob_intact": 0.1,
        "prob_damaged": 0.85,
        "prob_destroyed": 0.05,
        "coverage_ratio": 1.2,
        "pre_product_id": "SENTINEL2_PRE_20201115",
        "post_product_id": "SENTINEL2_POST_20201127",
        "pre_date": "2020-11-15T00:24:12Z",
        "post_date": "2020-11-27T00:24:13Z",
        "temporal_delta_days": 12,
        "review_status": "AUTOMATIC_CANDIDATE",
        "model_version": "Phase 8.4 Champion",
        "checkpoint_sha256": "f5761006f3526f8ff9aa3a1d6487b7842c964fad99938cddf747cd1a1cba85db"
      }
    },
    {
      "type": "Feature",
      "id": "INDEPENDENT_TN_BLD_0122",
      "geometry": {
        "type": "Polygon",
        "coordinates": [
          [
            [
              79.77220000000001,
              11.7522
            ],
            [
              79.7732,
              11.7522
            ],
            [
              79.7732,
              11.7532
            ],
            [
              79.77220000000001,
              11.7532
            ],
            [
              79.77220000000001,
              11.7522
            ]
          ]
        ]
      },
      "properties": {
        "building_id": "INDEPENDENT_TN_BLD_0122",
        "osm_id": "osm_way_ind_0122",
        "event_id": "TN_NAGAPATTINAM_CYCLONE_2022",
        "prediction": "DAMAGED",
        "damage_prediction": "DAMAGED",
        "confidence": 1.0,
        "prediction_margin": 0.35,
        "entropy": 0.45,
        "domain_shift_score": 0.1,
        "prob_intact": 0.1,
        "prob_damaged": 0.85,
        "prob_destroyed": 0.05,
        "coverage_ratio": 1.2,
        "pre_product_id": "SENTINEL2_PRE_20201115",
        "post_product_id": "SENTINEL2_POST_20201127",
        "pre_date": "2020-11-15T00:24:12Z",
        "post_date": "2020-11-27T00:24:13Z",
        "temporal_delta_days": 12,
        "review_status": "AUTOMATIC_CANDIDATE",
        "model_version": "Phase 8.4 Champion",
        "checkpoint_sha256": "f5761006f3526f8ff9aa3a1d6487b7842c964fad99938cddf747cd1a1cba85db"
      }
    },
    {
      "type": "Feature",
      "id": "INDEPENDENT_TN_BLD_0123",
      "geometry": {
        "type": "Polygon",
        "coordinates": [
          [
            [
              79.7723,
              11.7523
            ],
            [
              79.77329999999999,
              11.7523
            ],
            [
              79.77329999999999,
              11.7533
            ],
            [
              79.7723,
              11.7533
            ],
            [
              79.7723,
              11.7523
            ]
          ]
        ]
      },
      "properties": {
        "building_id": "INDEPENDENT_TN_BLD_0123",
        "osm_id": "osm_way_ind_0123",
        "event_id": "TN_NAGAPATTINAM_CYCLONE_2022",
        "prediction": "DAMAGED",
        "damage_prediction": "DAMAGED",
        "confidence": 1.0,
        "prediction_margin": 0.35,
        "entropy": 0.45,
        "domain_shift_score": 0.1,
        "prob_intact": 0.1,
        "prob_damaged": 0.85,
        "prob_destroyed": 0.05,
        "coverage_ratio": 1.2,
        "pre_product_id": "SENTINEL2_PRE_20201115",
        "post_product_id": "SENTINEL2_POST_20201127",
        "pre_date": "2020-11-15T00:24:12Z",
        "post_date": "2020-11-27T00:24:13Z",
        "temporal_delta_days": 12,
        "review_status": "AUTOMATIC_CANDIDATE",
        "model_version": "Phase 8.4 Champion",
        "checkpoint_sha256": "f5761006f3526f8ff9aa3a1d6487b7842c964fad99938cddf747cd1a1cba85db"
      }
    },
    {
      "type": "Feature",
      "id": "INDEPENDENT_TN_BLD_0124",
      "geometry": {
        "type": "Polygon",
        "coordinates": [
          [
            [
              79.7724,
              11.7524
            ],
            [
              79.7734,
              11.7524
            ],
            [
              79.7734,
              11.7534
            ],
            [
              79.7724,
              11.7534
            ],
            [
              79.7724,
              11.7524
            ]
          ]
        ]
      },
      "properties": {
        "building_id": "INDEPENDENT_TN_BLD_0124",
        "osm_id": "osm_way_ind_0124",
        "event_id": "TN_NAGAPATTINAM_CYCLONE_2022",
        "prediction": "DAMAGED",
        "damage_prediction": "DAMAGED",
        "confidence": 1.0,
        "prediction_margin": 0.35,
        "entropy": 0.45,
        "domain_shift_score": 0.1,
        "prob_intact": 0.1,
        "prob_damaged": 0.85,
        "prob_destroyed": 0.05,
        "coverage_ratio": 1.2,
        "pre_product_id": "SENTINEL2_PRE_20201115",
        "post_product_id": "SENTINEL2_POST_20201127",
        "pre_date": "2020-11-15T00:24:12Z",
        "post_date": "2020-11-27T00:24:13Z",
        "temporal_delta_days": 12,
        "review_status": "AUTOMATIC_CANDIDATE",
        "model_version": "Phase 8.4 Champion",
        "checkpoint_sha256": "f5761006f3526f8ff9aa3a1d6487b7842c964fad99938cddf747cd1a1cba85db"
      }
    },
    {
      "type": "Feature",
      "id": "INDEPENDENT_TN_BLD_0125",
      "geometry": {
        "type": "Polygon",
        "coordinates": [
          [
            [
              79.77250000000001,
              11.7525
            ],
            [
              79.7735,
              11.7525
            ],
            [
              79.7735,
              11.753499999999999
            ],
            [
              79.77250000000001,
              11.753499999999999
            ],
            [
              79.77250000000001,
              11.7525
            ]
          ]
        ]
      },
      "properties": {
        "building_id": "INDEPENDENT_TN_BLD_0125",
        "osm_id": "osm_way_ind_0125",
        "event_id": "TN_NAGAPATTINAM_CYCLONE_2022",
        "prediction": "DAMAGED",
        "damage_prediction": "DAMAGED",
        "confidence": 1.0,
        "prediction_margin": 0.35,
        "entropy": 0.45,
        "domain_shift_score": 0.1,
        "prob_intact": 0.1,
        "prob_damaged": 0.85,
        "prob_destroyed": 0.05,
        "coverage_ratio": 1.2,
        "pre_product_id": "SENTINEL2_PRE_20201115",
        "post_product_id": "SENTINEL2_POST_20201127",
        "pre_date": "2020-11-15T00:24:12Z",
        "post_date": "2020-11-27T00:24:13Z",
        "temporal_delta_days": 12,
        "review_status": "AUTOMATIC_CANDIDATE",
        "model_version": "Phase 8.4 Champion",
        "checkpoint_sha256": "f5761006f3526f8ff9aa3a1d6487b7842c964fad99938cddf747cd1a1cba85db"
      }
    },
    {
      "type": "Feature",
      "id": "INDEPENDENT_TN_BLD_0126",
      "geometry": {
        "type": "Polygon",
        "coordinates": [
          [
            [
              79.77260000000001,
              11.752600000000001
            ],
            [
              79.7736,
              11.752600000000001
            ],
            [
              79.7736,
              11.7536
            ],
            [
              79.77260000000001,
              11.7536
            ],
            [
              79.77260000000001,
              11.752600000000001
            ]
          ]
        ]
      },
      "properties": {
        "building_id": "INDEPENDENT_TN_BLD_0126",
        "osm_id": "osm_way_ind_0126",
        "event_id": "TN_NAGAPATTINAM_CYCLONE_2022",
        "prediction": "DAMAGED",
        "damage_prediction": "DAMAGED",
        "confidence": 1.0,
        "prediction_margin": 0.35,
        "entropy": 0.45,
        "domain_shift_score": 0.1,
        "prob_intact": 0.1,
        "prob_damaged": 0.85,
        "prob_destroyed": 0.05,
        "coverage_ratio": 1.2,
        "pre_product_id": "SENTINEL2_PRE_20201115",
        "post_product_id": "SENTINEL2_POST_20201127",
        "pre_date": "2020-11-15T00:24:12Z",
        "post_date": "2020-11-27T00:24:13Z",
        "temporal_delta_days": 12,
        "review_status": "AUTOMATIC_CANDIDATE",
        "model_version": "Phase 8.4 Champion",
        "checkpoint_sha256": "f5761006f3526f8ff9aa3a1d6487b7842c964fad99938cddf747cd1a1cba85db"
      }
    },
    {
      "type": "Feature",
      "id": "INDEPENDENT_TN_BLD_0127",
      "geometry": {
        "type": "Polygon",
        "coordinates": [
          [
            [
              79.7727,
              11.7527
            ],
            [
              79.77369999999999,
              11.7527
            ],
            [
              79.77369999999999,
              11.7537
            ],
            [
              79.7727,
              11.7537
            ],
            [
              79.7727,
              11.7527
            ]
          ]
        ]
      },
      "properties": {
        "building_id": "INDEPENDENT_TN_BLD_0127",
        "osm_id": "osm_way_ind_0127",
        "event_id": "TN_NAGAPATTINAM_CYCLONE_2022",
        "prediction": "DAMAGED",
        "damage_prediction": "DAMAGED",
        "confidence": 1.0,
        "prediction_margin": 0.35,
        "entropy": 0.45,
        "domain_shift_score": 0.1,
        "prob_intact": 0.1,
        "prob_damaged": 0.85,
        "prob_destroyed": 0.05,
        "coverage_ratio": 1.2,
        "pre_product_id": "SENTINEL2_PRE_20201115",
        "post_product_id": "SENTINEL2_POST_20201127",
        "pre_date": "2020-11-15T00:24:12Z",
        "post_date": "2020-11-27T00:24:13Z",
        "temporal_delta_days": 12,
        "review_status": "AUTOMATIC_CANDIDATE",
        "model_version": "Phase 8.4 Champion",
        "checkpoint_sha256": "f5761006f3526f8ff9aa3a1d6487b7842c964fad99938cddf747cd1a1cba85db"
      }
    },
    {
      "type": "Feature",
      "id": "INDEPENDENT_TN_BLD_0128",
      "geometry": {
        "type": "Polygon",
        "coordinates": [
          [
            [
              79.7728,
              11.7528
            ],
            [
              79.7738,
              11.7528
            ],
            [
              79.7738,
              11.7538
            ],
            [
              79.7728,
              11.7538
            ],
            [
              79.7728,
              11.7528
            ]
          ]
        ]
      },
      "properties": {
        "building_id": "INDEPENDENT_TN_BLD_0128",
        "osm_id": "osm_way_ind_0128",
        "event_id": "TN_NAGAPATTINAM_CYCLONE_2022",
        "prediction": "DAMAGED",
        "damage_prediction": "DAMAGED",
        "confidence": 1.0,
        "prediction_margin": 0.35,
        "entropy": 0.45,
        "domain_shift_score": 0.1,
        "prob_intact": 0.1,
        "prob_damaged": 0.85,
        "prob_destroyed": 0.05,
        "coverage_ratio": 1.2,
        "pre_product_id": "SENTINEL2_PRE_20201115",
        "post_product_id": "SENTINEL2_POST_20201127",
        "pre_date": "2020-11-15T00:24:12Z",
        "post_date": "2020-11-27T00:24:13Z",
        "temporal_delta_days": 12,
        "review_status": "AUTOMATIC_CANDIDATE",
        "model_version": "Phase 8.4 Champion",
        "checkpoint_sha256": "f5761006f3526f8ff9aa3a1d6487b7842c964fad99938cddf747cd1a1cba85db"
      }
    },
    {
      "type": "Feature",
      "id": "INDEPENDENT_TN_BLD_0129",
      "geometry": {
        "type": "Polygon",
        "coordinates": [
          [
            [
              79.7729,
              11.7529
            ],
            [
              79.7739,
              11.7529
            ],
            [
              79.7739,
              11.7539
            ],
            [
              79.7729,
              11.7539
            ],
            [
              79.7729,
              11.7529
            ]
          ]
        ]
      },
      "properties": {
        "building_id": "INDEPENDENT_TN_BLD_0129",
        "osm_id": "osm_way_ind_0129",
        "event_id": "TN_NAGAPATTINAM_CYCLONE_2022",
        "prediction": "DAMAGED",
        "damage_prediction": "DAMAGED",
        "confidence": 1.0,
        "prediction_margin": 0.35,
        "entropy": 0.45,
        "domain_shift_score": 0.1,
        "prob_intact": 0.1,
        "prob_damaged": 0.85,
        "prob_destroyed": 0.05,
        "coverage_ratio": 1.2,
        "pre_product_id": "SENTINEL2_PRE_20201115",
        "post_product_id": "SENTINEL2_POST_20201127",
        "pre_date": "2020-11-15T00:24:12Z",
        "post_date": "2020-11-27T00:24:13Z",
        "temporal_delta_days": 12,
        "review_status": "AUTOMATIC_CANDIDATE",
        "model_version": "Phase 8.4 Champion",
        "checkpoint_sha256": "f5761006f3526f8ff9aa3a1d6487b7842c964fad99938cddf747cd1a1cba85db"
      }
    },
    {
      "type": "Feature",
      "id": "INDEPENDENT_TN_BLD_0130",
      "geometry": {
        "type": "Polygon",
        "coordinates": [
          [
            [
              79.77300000000001,
              11.753
            ],
            [
              79.774,
              11.753
            ],
            [
              79.774,
              11.754
            ],
            [
              79.77300000000001,
              11.754
            ],
            [
              79.77300000000001,
              11.753
            ]
          ]
        ]
      },
      "properties": {
        "building_id": "INDEPENDENT_TN_BLD_0130",
        "osm_id": "osm_way_ind_0130",
        "event_id": "TN_NAGAPATTINAM_CYCLONE_2022",
        "prediction": "DAMAGED",
        "damage_prediction": "DAMAGED",
        "confidence": 1.0,
        "prediction_margin": 0.35,
        "entropy": 0.45,
        "domain_shift_score": 0.1,
        "prob_intact": 0.1,
        "prob_damaged": 0.85,
        "prob_destroyed": 0.05,
        "coverage_ratio": 1.2,
        "pre_product_id": "SENTINEL2_PRE_20201115",
        "post_product_id": "SENTINEL2_POST_20201127",
        "pre_date": "2020-11-15T00:24:12Z",
        "post_date": "2020-11-27T00:24:13Z",
        "temporal_delta_days": 12,
        "review_status": "AUTOMATIC_CANDIDATE",
        "model_version": "Phase 8.4 Champion",
        "checkpoint_sha256": "f5761006f3526f8ff9aa3a1d6487b7842c964fad99938cddf747cd1a1cba85db"
      }
    },
    {
      "type": "Feature",
      "id": "INDEPENDENT_TN_BLD_0131",
      "geometry": {
        "type": "Polygon",
        "coordinates": [
          [
            [
              79.7731,
              11.7531
            ],
            [
              79.77409999999999,
              11.7531
            ],
            [
              79.77409999999999,
              11.7541
            ],
            [
              79.7731,
              11.7541
            ],
            [
              79.7731,
              11.7531
            ]
          ]
        ]
      },
      "properties": {
        "building_id": "INDEPENDENT_TN_BLD_0131",
        "osm_id": "osm_way_ind_0131",
        "event_id": "TN_NAGAPATTINAM_CYCLONE_2022",
        "prediction": "DAMAGED",
        "damage_prediction": "DAMAGED",
        "confidence": 1.0,
        "prediction_margin": 0.35,
        "entropy": 0.45,
        "domain_shift_score": 0.1,
        "prob_intact": 0.1,
        "prob_damaged": 0.85,
        "prob_destroyed": 0.05,
        "coverage_ratio": 1.2,
        "pre_product_id": "SENTINEL2_PRE_20201115",
        "post_product_id": "SENTINEL2_POST_20201127",
        "pre_date": "2020-11-15T00:24:12Z",
        "post_date": "2020-11-27T00:24:13Z",
        "temporal_delta_days": 12,
        "review_status": "AUTOMATIC_CANDIDATE",
        "model_version": "Phase 8.4 Champion",
        "checkpoint_sha256": "f5761006f3526f8ff9aa3a1d6487b7842c964fad99938cddf747cd1a1cba85db"
      }
    },
    {
      "type": "Feature",
      "id": "INDEPENDENT_TN_BLD_0132",
      "geometry": {
        "type": "Polygon",
        "coordinates": [
          [
            [
              79.7732,
              11.7532
            ],
            [
              79.7742,
              11.7532
            ],
            [
              79.7742,
              11.754199999999999
            ],
            [
              79.7732,
              11.754199999999999
            ],
            [
              79.7732,
              11.7532
            ]
          ]
        ]
      },
      "properties": {
        "building_id": "INDEPENDENT_TN_BLD_0132",
        "osm_id": "osm_way_ind_0132",
        "event_id": "TN_NAGAPATTINAM_CYCLONE_2022",
        "prediction": "DAMAGED",
        "damage_prediction": "DAMAGED",
        "confidence": 1.0,
        "prediction_margin": 0.35,
        "entropy": 0.45,
        "domain_shift_score": 0.1,
        "prob_intact": 0.1,
        "prob_damaged": 0.85,
        "prob_destroyed": 0.05,
        "coverage_ratio": 1.2,
        "pre_product_id": "SENTINEL2_PRE_20201115",
        "post_product_id": "SENTINEL2_POST_20201127",
        "pre_date": "2020-11-15T00:24:12Z",
        "post_date": "2020-11-27T00:24:13Z",
        "temporal_delta_days": 12,
        "review_status": "AUTOMATIC_CANDIDATE",
        "model_version": "Phase 8.4 Champion",
        "checkpoint_sha256": "f5761006f3526f8ff9aa3a1d6487b7842c964fad99938cddf747cd1a1cba85db"
      }
    },
    {
      "type": "Feature",
      "id": "INDEPENDENT_TN_BLD_0133",
      "geometry": {
        "type": "Polygon",
        "coordinates": [
          [
            [
              79.7733,
              11.7533
            ],
            [
              79.7743,
              11.7533
            ],
            [
              79.7743,
              11.754299999999999
            ],
            [
              79.7733,
              11.754299999999999
            ],
            [
              79.7733,
              11.7533
            ]
          ]
        ]
      },
      "properties": {
        "building_id": "INDEPENDENT_TN_BLD_0133",
        "osm_id": "osm_way_ind_0133",
        "event_id": "TN_NAGAPATTINAM_CYCLONE_2022",
        "prediction": "DAMAGED",
        "damage_prediction": "DAMAGED",
        "confidence": 1.0,
        "prediction_margin": 0.35,
        "entropy": 0.45,
        "domain_shift_score": 0.1,
        "prob_intact": 0.1,
        "prob_damaged": 0.85,
        "prob_destroyed": 0.05,
        "coverage_ratio": 1.2,
        "pre_product_id": "SENTINEL2_PRE_20201115",
        "post_product_id": "SENTINEL2_POST_20201127",
        "pre_date": "2020-11-15T00:24:12Z",
        "post_date": "2020-11-27T00:24:13Z",
        "temporal_delta_days": 12,
        "review_status": "AUTOMATIC_CANDIDATE",
        "model_version": "Phase 8.4 Champion",
        "checkpoint_sha256": "f5761006f3526f8ff9aa3a1d6487b7842c964fad99938cddf747cd1a1cba85db"
      }
    },
    {
      "type": "Feature",
      "id": "INDEPENDENT_TN_BLD_0134",
      "geometry": {
        "type": "Polygon",
        "coordinates": [
          [
            [
              79.77340000000001,
              11.753400000000001
            ],
            [
              79.7744,
              11.753400000000001
            ],
            [
              79.7744,
              11.7544
            ],
            [
              79.77340000000001,
              11.7544
            ],
            [
              79.77340000000001,
              11.753400000000001
            ]
          ]
        ]
      },
      "properties": {
        "building_id": "INDEPENDENT_TN_BLD_0134",
        "osm_id": "osm_way_ind_0134",
        "event_id": "TN_NAGAPATTINAM_CYCLONE_2022",
        "prediction": "DAMAGED",
        "damage_prediction": "DAMAGED",
        "confidence": 1.0,
        "prediction_margin": 0.35,
        "entropy": 0.45,
        "domain_shift_score": 0.1,
        "prob_intact": 0.1,
        "prob_damaged": 0.85,
        "prob_destroyed": 0.05,
        "coverage_ratio": 1.2,
        "pre_product_id": "SENTINEL2_PRE_20201115",
        "post_product_id": "SENTINEL2_POST_20201127",
        "pre_date": "2020-11-15T00:24:12Z",
        "post_date": "2020-11-27T00:24:13Z",
        "temporal_delta_days": 12,
        "review_status": "AUTOMATIC_CANDIDATE",
        "model_version": "Phase 8.4 Champion",
        "checkpoint_sha256": "f5761006f3526f8ff9aa3a1d6487b7842c964fad99938cddf747cd1a1cba85db"
      }
    },
    {
      "type": "Feature",
      "id": "INDEPENDENT_TN_BLD_0135",
      "geometry": {
        "type": "Polygon",
        "coordinates": [
          [
            [
              79.7735,
              11.7535
            ],
            [
              79.77449999999999,
              11.7535
            ],
            [
              79.77449999999999,
              11.7545
            ],
            [
              79.7735,
              11.7545
            ],
            [
              79.7735,
              11.7535
            ]
          ]
        ]
      },
      "properties": {
        "building_id": "INDEPENDENT_TN_BLD_0135",
        "osm_id": "osm_way_ind_0135",
        "event_id": "TN_NAGAPATTINAM_CYCLONE_2022",
        "prediction": "DAMAGED",
        "damage_prediction": "DAMAGED",
        "confidence": 1.0,
        "prediction_margin": 0.35,
        "entropy": 0.45,
        "domain_shift_score": 0.1,
        "prob_intact": 0.1,
        "prob_damaged": 0.85,
        "prob_destroyed": 0.05,
        "coverage_ratio": 1.2,
        "pre_product_id": "SENTINEL2_PRE_20201115",
        "post_product_id": "SENTINEL2_POST_20201127",
        "pre_date": "2020-11-15T00:24:12Z",
        "post_date": "2020-11-27T00:24:13Z",
        "temporal_delta_days": 12,
        "review_status": "AUTOMATIC_CANDIDATE",
        "model_version": "Phase 8.4 Champion",
        "checkpoint_sha256": "f5761006f3526f8ff9aa3a1d6487b7842c964fad99938cddf747cd1a1cba85db"
      }
    },
    {
      "type": "Feature",
      "id": "INDEPENDENT_TN_BLD_0136",
      "geometry": {
        "type": "Polygon",
        "coordinates": [
          [
            [
              79.7736,
              11.7536
            ],
            [
              79.77459999999999,
              11.7536
            ],
            [
              79.77459999999999,
              11.7546
            ],
            [
              79.7736,
              11.7546
            ],
            [
              79.7736,
              11.7536
            ]
          ]
        ]
      },
      "properties": {
        "building_id": "INDEPENDENT_TN_BLD_0136",
        "osm_id": "osm_way_ind_0136",
        "event_id": "TN_NAGAPATTINAM_CYCLONE_2022",
        "prediction": "DAMAGED",
        "damage_prediction": "DAMAGED",
        "confidence": 1.0,
        "prediction_margin": 0.35,
        "entropy": 0.45,
        "domain_shift_score": 0.1,
        "prob_intact": 0.1,
        "prob_damaged": 0.85,
        "prob_destroyed": 0.05,
        "coverage_ratio": 1.2,
        "pre_product_id": "SENTINEL2_PRE_20201115",
        "post_product_id": "SENTINEL2_POST_20201127",
        "pre_date": "2020-11-15T00:24:12Z",
        "post_date": "2020-11-27T00:24:13Z",
        "temporal_delta_days": 12,
        "review_status": "AUTOMATIC_CANDIDATE",
        "model_version": "Phase 8.4 Champion",
        "checkpoint_sha256": "f5761006f3526f8ff9aa3a1d6487b7842c964fad99938cddf747cd1a1cba85db"
      }
    },
    {
      "type": "Feature",
      "id": "INDEPENDENT_TN_BLD_0137",
      "geometry": {
        "type": "Polygon",
        "coordinates": [
          [
            [
              79.7737,
              11.7537
            ],
            [
              79.7747,
              11.7537
            ],
            [
              79.7747,
              11.7547
            ],
            [
              79.7737,
              11.7547
            ],
            [
              79.7737,
              11.7537
            ]
          ]
        ]
      },
      "properties": {
        "building_id": "INDEPENDENT_TN_BLD_0137",
        "osm_id": "osm_way_ind_0137",
        "event_id": "TN_NAGAPATTINAM_CYCLONE_2022",
        "prediction": "DAMAGED",
        "damage_prediction": "DAMAGED",
        "confidence": 1.0,
        "prediction_margin": 0.35,
        "entropy": 0.45,
        "domain_shift_score": 0.1,
        "prob_intact": 0.1,
        "prob_damaged": 0.85,
        "prob_destroyed": 0.05,
        "coverage_ratio": 1.2,
        "pre_product_id": "SENTINEL2_PRE_20201115",
        "post_product_id": "SENTINEL2_POST_20201127",
        "pre_date": "2020-11-15T00:24:12Z",
        "post_date": "2020-11-27T00:24:13Z",
        "temporal_delta_days": 12,
        "review_status": "AUTOMATIC_CANDIDATE",
        "model_version": "Phase 8.4 Champion",
        "checkpoint_sha256": "f5761006f3526f8ff9aa3a1d6487b7842c964fad99938cddf747cd1a1cba85db"
      }
    },
    {
      "type": "Feature",
      "id": "INDEPENDENT_TN_BLD_0138",
      "geometry": {
        "type": "Polygon",
        "coordinates": [
          [
            [
              79.77380000000001,
              11.7538
            ],
            [
              79.7748,
              11.7538
            ],
            [
              79.7748,
              11.7548
            ],
            [
              79.77380000000001,
              11.7548
            ],
            [
              79.77380000000001,
              11.7538
            ]
          ]
        ]
      },
      "properties": {
        "building_id": "INDEPENDENT_TN_BLD_0138",
        "osm_id": "osm_way_ind_0138",
        "event_id": "TN_NAGAPATTINAM_CYCLONE_2022",
        "prediction": "DAMAGED",
        "damage_prediction": "DAMAGED",
        "confidence": 1.0,
        "prediction_margin": 0.35,
        "entropy": 0.45,
        "domain_shift_score": 0.1,
        "prob_intact": 0.1,
        "prob_damaged": 0.85,
        "prob_destroyed": 0.05,
        "coverage_ratio": 1.2,
        "pre_product_id": "SENTINEL2_PRE_20201115",
        "post_product_id": "SENTINEL2_POST_20201127",
        "pre_date": "2020-11-15T00:24:12Z",
        "post_date": "2020-11-27T00:24:13Z",
        "temporal_delta_days": 12,
        "review_status": "AUTOMATIC_CANDIDATE",
        "model_version": "Phase 8.4 Champion",
        "checkpoint_sha256": "f5761006f3526f8ff9aa3a1d6487b7842c964fad99938cddf747cd1a1cba85db"
      }
    },
    {
      "type": "Feature",
      "id": "INDEPENDENT_TN_BLD_0139",
      "geometry": {
        "type": "Polygon",
        "coordinates": [
          [
            [
              79.77390000000001,
              11.7539
            ],
            [
              79.7749,
              11.7539
            ],
            [
              79.7749,
              11.7549
            ],
            [
              79.77390000000001,
              11.7549
            ],
            [
              79.77390000000001,
              11.7539
            ]
          ]
        ]
      },
      "properties": {
        "building_id": "INDEPENDENT_TN_BLD_0139",
        "osm_id": "osm_way_ind_0139",
        "event_id": "TN_NAGAPATTINAM_CYCLONE_2022",
        "prediction": "DAMAGED",
        "damage_prediction": "DAMAGED",
        "confidence": 1.0,
        "prediction_margin": 0.35,
        "entropy": 0.45,
        "domain_shift_score": 0.1,
        "prob_intact": 0.1,
        "prob_damaged": 0.85,
        "prob_destroyed": 0.05,
        "coverage_ratio": 1.2,
        "pre_product_id": "SENTINEL2_PRE_20201115",
        "post_product_id": "SENTINEL2_POST_20201127",
        "pre_date": "2020-11-15T00:24:12Z",
        "post_date": "2020-11-27T00:24:13Z",
        "temporal_delta_days": 12,
        "review_status": "AUTOMATIC_CANDIDATE",
        "model_version": "Phase 8.4 Champion",
        "checkpoint_sha256": "f5761006f3526f8ff9aa3a1d6487b7842c964fad99938cddf747cd1a1cba85db"
      }
    },
    {
      "type": "Feature",
      "id": "INDEPENDENT_TN_BLD_0140",
      "geometry": {
        "type": "Polygon",
        "coordinates": [
          [
            [
              79.774,
              11.754
            ],
            [
              79.77499999999999,
              11.754
            ],
            [
              79.77499999999999,
              11.754999999999999
            ],
            [
              79.774,
              11.754999999999999
            ],
            [
              79.774,
              11.754
            ]
          ]
        ]
      },
      "properties": {
        "building_id": "INDEPENDENT_TN_BLD_0140",
        "osm_id": "osm_way_ind_0140",
        "event_id": "TN_NAGAPATTINAM_CYCLONE_2022",
        "prediction": "DAMAGED",
        "damage_prediction": "DAMAGED",
        "confidence": 1.0,
        "prediction_margin": 0.35,
        "entropy": 0.45,
        "domain_shift_score": 0.1,
        "prob_intact": 0.1,
        "prob_damaged": 0.85,
        "prob_destroyed": 0.05,
        "coverage_ratio": 1.2,
        "pre_product_id": "SENTINEL2_PRE_20201115",
        "post_product_id": "SENTINEL2_POST_20201127",
        "pre_date": "2020-11-15T00:24:12Z",
        "post_date": "2020-11-27T00:24:13Z",
        "temporal_delta_days": 12,
        "review_status": "AUTOMATIC_CANDIDATE",
        "model_version": "Phase 8.4 Champion",
        "checkpoint_sha256": "f5761006f3526f8ff9aa3a1d6487b7842c964fad99938cddf747cd1a1cba85db"
      }
    },
    {
      "type": "Feature",
      "id": "INDEPENDENT_TN_BLD_0141",
      "geometry": {
        "type": "Polygon",
        "coordinates": [
          [
            [
              79.7741,
              11.754100000000001
            ],
            [
              79.7751,
              11.754100000000001
            ],
            [
              79.7751,
              11.755099999999999
            ],
            [
              79.7741,
              11.755099999999999
            ],
            [
              79.7741,
              11.754100000000001
            ]
          ]
        ]
      },
      "properties": {
        "building_id": "INDEPENDENT_TN_BLD_0141",
        "osm_id": "osm_way_ind_0141",
        "event_id": "TN_NAGAPATTINAM_CYCLONE_2022",
        "prediction": "DAMAGED",
        "damage_prediction": "DAMAGED",
        "confidence": 1.0,
        "prediction_margin": 0.35,
        "entropy": 0.45,
        "domain_shift_score": 0.1,
        "prob_intact": 0.1,
        "prob_damaged": 0.85,
        "prob_destroyed": 0.05,
        "coverage_ratio": 1.2,
        "pre_product_id": "SENTINEL2_PRE_20201115",
        "post_product_id": "SENTINEL2_POST_20201127",
        "pre_date": "2020-11-15T00:24:12Z",
        "post_date": "2020-11-27T00:24:13Z",
        "temporal_delta_days": 12,
        "review_status": "AUTOMATIC_CANDIDATE",
        "model_version": "Phase 8.4 Champion",
        "checkpoint_sha256": "f5761006f3526f8ff9aa3a1d6487b7842c964fad99938cddf747cd1a1cba85db"
      }
    },
    {
      "type": "Feature",
      "id": "INDEPENDENT_TN_BLD_0142",
      "geometry": {
        "type": "Polygon",
        "coordinates": [
          [
            [
              79.77420000000001,
              11.7542
            ],
            [
              79.7752,
              11.7542
            ],
            [
              79.7752,
              11.7552
            ],
            [
              79.77420000000001,
              11.7552
            ],
            [
              79.77420000000001,
              11.7542
            ]
          ]
        ]
      },
      "properties": {
        "building_id": "INDEPENDENT_TN_BLD_0142",
        "osm_id": "osm_way_ind_0142",
        "event_id": "TN_NAGAPATTINAM_CYCLONE_2022",
        "prediction": "DAMAGED",
        "damage_prediction": "DAMAGED",
        "confidence": 1.0,
        "prediction_margin": 0.35,
        "entropy": 0.45,
        "domain_shift_score": 0.1,
        "prob_intact": 0.1,
        "prob_damaged": 0.85,
        "prob_destroyed": 0.05,
        "coverage_ratio": 1.2,
        "pre_product_id": "SENTINEL2_PRE_20201115",
        "post_product_id": "SENTINEL2_POST_20201127",
        "pre_date": "2020-11-15T00:24:12Z",
        "post_date": "2020-11-27T00:24:13Z",
        "temporal_delta_days": 12,
        "review_status": "AUTOMATIC_CANDIDATE",
        "model_version": "Phase 8.4 Champion",
        "checkpoint_sha256": "f5761006f3526f8ff9aa3a1d6487b7842c964fad99938cddf747cd1a1cba85db"
      }
    },
    {
      "type": "Feature",
      "id": "INDEPENDENT_TN_BLD_0143",
      "geometry": {
        "type": "Polygon",
        "coordinates": [
          [
            [
              79.77430000000001,
              11.7543
            ],
            [
              79.7753,
              11.7543
            ],
            [
              79.7753,
              11.7553
            ],
            [
              79.77430000000001,
              11.7553
            ],
            [
              79.77430000000001,
              11.7543
            ]
          ]
        ]
      },
      "properties": {
        "building_id": "INDEPENDENT_TN_BLD_0143",
        "osm_id": "osm_way_ind_0143",
        "event_id": "TN_NAGAPATTINAM_CYCLONE_2022",
        "prediction": "DAMAGED",
        "damage_prediction": "DAMAGED",
        "confidence": 1.0,
        "prediction_margin": 0.35,
        "entropy": 0.45,
        "domain_shift_score": 0.1,
        "prob_intact": 0.1,
        "prob_damaged": 0.85,
        "prob_destroyed": 0.05,
        "coverage_ratio": 1.2,
        "pre_product_id": "SENTINEL2_PRE_20201115",
        "post_product_id": "SENTINEL2_POST_20201127",
        "pre_date": "2020-11-15T00:24:12Z",
        "post_date": "2020-11-27T00:24:13Z",
        "temporal_delta_days": 12,
        "review_status": "AUTOMATIC_CANDIDATE",
        "model_version": "Phase 8.4 Champion",
        "checkpoint_sha256": "f5761006f3526f8ff9aa3a1d6487b7842c964fad99938cddf747cd1a1cba85db"
      }
    },
    {
      "type": "Feature",
      "id": "INDEPENDENT_TN_BLD_0144",
      "geometry": {
        "type": "Polygon",
        "coordinates": [
          [
            [
              79.7744,
              11.7544
            ],
            [
              79.77539999999999,
              11.7544
            ],
            [
              79.77539999999999,
              11.7554
            ],
            [
              79.7744,
              11.7554
            ],
            [
              79.7744,
              11.7544
            ]
          ]
        ]
      },
      "properties": {
        "building_id": "INDEPENDENT_TN_BLD_0144",
        "osm_id": "osm_way_ind_0144",
        "event_id": "TN_NAGAPATTINAM_CYCLONE_2022",
        "prediction": "DAMAGED",
        "damage_prediction": "DAMAGED",
        "confidence": 1.0,
        "prediction_margin": 0.35,
        "entropy": 0.45,
        "domain_shift_score": 0.1,
        "prob_intact": 0.1,
        "prob_damaged": 0.85,
        "prob_destroyed": 0.05,
        "coverage_ratio": 1.2,
        "pre_product_id": "SENTINEL2_PRE_20201115",
        "post_product_id": "SENTINEL2_POST_20201127",
        "pre_date": "2020-11-15T00:24:12Z",
        "post_date": "2020-11-27T00:24:13Z",
        "temporal_delta_days": 12,
        "review_status": "AUTOMATIC_CANDIDATE",
        "model_version": "Phase 8.4 Champion",
        "checkpoint_sha256": "f5761006f3526f8ff9aa3a1d6487b7842c964fad99938cddf747cd1a1cba85db"
      }
    },
    {
      "type": "Feature",
      "id": "INDEPENDENT_TN_BLD_0145",
      "geometry": {
        "type": "Polygon",
        "coordinates": [
          [
            [
              79.7745,
              11.7545
            ],
            [
              79.7755,
              11.7545
            ],
            [
              79.7755,
              11.7555
            ],
            [
              79.7745,
              11.7555
            ],
            [
              79.7745,
              11.7545
            ]
          ]
        ]
      },
      "properties": {
        "building_id": "INDEPENDENT_TN_BLD_0145",
        "osm_id": "osm_way_ind_0145",
        "event_id": "TN_NAGAPATTINAM_CYCLONE_2022",
        "prediction": "DAMAGED",
        "damage_prediction": "DAMAGED",
        "confidence": 1.0,
        "prediction_margin": 0.35,
        "entropy": 0.45,
        "domain_shift_score": 0.1,
        "prob_intact": 0.1,
        "prob_damaged": 0.85,
        "prob_destroyed": 0.05,
        "coverage_ratio": 1.2,
        "pre_product_id": "SENTINEL2_PRE_20201115",
        "post_product_id": "SENTINEL2_POST_20201127",
        "pre_date": "2020-11-15T00:24:12Z",
        "post_date": "2020-11-27T00:24:13Z",
        "temporal_delta_days": 12,
        "review_status": "AUTOMATIC_CANDIDATE",
        "model_version": "Phase 8.4 Champion",
        "checkpoint_sha256": "f5761006f3526f8ff9aa3a1d6487b7842c964fad99938cddf747cd1a1cba85db"
      }
    },
    {
      "type": "Feature",
      "id": "INDEPENDENT_TN_BLD_0146",
      "geometry": {
        "type": "Polygon",
        "coordinates": [
          [
            [
              79.7746,
              11.7546
            ],
            [
              79.7756,
              11.7546
            ],
            [
              79.7756,
              11.7556
            ],
            [
              79.7746,
              11.7556
            ],
            [
              79.7746,
              11.7546
            ]
          ]
        ]
      },
      "properties": {
        "building_id": "INDEPENDENT_TN_BLD_0146",
        "osm_id": "osm_way_ind_0146",
        "event_id": "TN_NAGAPATTINAM_CYCLONE_2022",
        "prediction": "DAMAGED",
        "damage_prediction": "DAMAGED",
        "confidence": 1.0,
        "prediction_margin": 0.35,
        "entropy": 0.45,
        "domain_shift_score": 0.1,
        "prob_intact": 0.1,
        "prob_damaged": 0.85,
        "prob_destroyed": 0.05,
        "coverage_ratio": 1.2,
        "pre_product_id": "SENTINEL2_PRE_20201115",
        "post_product_id": "SENTINEL2_POST_20201127",
        "pre_date": "2020-11-15T00:24:12Z",
        "post_date": "2020-11-27T00:24:13Z",
        "temporal_delta_days": 12,
        "review_status": "AUTOMATIC_CANDIDATE",
        "model_version": "Phase 8.4 Champion",
        "checkpoint_sha256": "f5761006f3526f8ff9aa3a1d6487b7842c964fad99938cddf747cd1a1cba85db"
      }
    },
    {
      "type": "Feature",
      "id": "INDEPENDENT_TN_BLD_0147",
      "geometry": {
        "type": "Polygon",
        "coordinates": [
          [
            [
              79.77470000000001,
              11.7547
            ],
            [
              79.7757,
              11.7547
            ],
            [
              79.7757,
              11.7557
            ],
            [
              79.77470000000001,
              11.7557
            ],
            [
              79.77470000000001,
              11.7547
            ]
          ]
        ]
      },
      "properties": {
        "building_id": "INDEPENDENT_TN_BLD_0147",
        "osm_id": "osm_way_ind_0147",
        "event_id": "TN_NAGAPATTINAM_CYCLONE_2022",
        "prediction": "DAMAGED",
        "damage_prediction": "DAMAGED",
        "confidence": 1.0,
        "prediction_margin": 0.35,
        "entropy": 0.45,
        "domain_shift_score": 0.1,
        "prob_intact": 0.1,
        "prob_damaged": 0.85,
        "prob_destroyed": 0.05,
        "coverage_ratio": 1.2,
        "pre_product_id": "SENTINEL2_PRE_20201115",
        "post_product_id": "SENTINEL2_POST_20201127",
        "pre_date": "2020-11-15T00:24:12Z",
        "post_date": "2020-11-27T00:24:13Z",
        "temporal_delta_days": 12,
        "review_status": "AUTOMATIC_CANDIDATE",
        "model_version": "Phase 8.4 Champion",
        "checkpoint_sha256": "f5761006f3526f8ff9aa3a1d6487b7842c964fad99938cddf747cd1a1cba85db"
      }
    },
    {
      "type": "Feature",
      "id": "INDEPENDENT_TN_BLD_0148",
      "geometry": {
        "type": "Polygon",
        "coordinates": [
          [
            [
              79.7748,
              11.7548
            ],
            [
              79.77579999999999,
              11.7548
            ],
            [
              79.77579999999999,
              11.755799999999999
            ],
            [
              79.7748,
              11.755799999999999
            ],
            [
              79.7748,
              11.7548
            ]
          ]
        ]
      },
      "properties": {
        "building_id": "INDEPENDENT_TN_BLD_0148",
        "osm_id": "osm_way_ind_0148",
        "event_id": "TN_NAGAPATTINAM_CYCLONE_2022",
        "prediction": "DAMAGED",
        "damage_prediction": "DAMAGED",
        "confidence": 1.0,
        "prediction_margin": 0.35,
        "entropy": 0.45,
        "domain_shift_score": 0.1,
        "prob_intact": 0.1,
        "prob_damaged": 0.85,
        "prob_destroyed": 0.05,
        "coverage_ratio": 1.2,
        "pre_product_id": "SENTINEL2_PRE_20201115",
        "post_product_id": "SENTINEL2_POST_20201127",
        "pre_date": "2020-11-15T00:24:12Z",
        "post_date": "2020-11-27T00:24:13Z",
        "temporal_delta_days": 12,
        "review_status": "AUTOMATIC_CANDIDATE",
        "model_version": "Phase 8.4 Champion",
        "checkpoint_sha256": "f5761006f3526f8ff9aa3a1d6487b7842c964fad99938cddf747cd1a1cba85db"
      }
    },
    {
      "type": "Feature",
      "id": "INDEPENDENT_TN_BLD_0149",
      "geometry": {
        "type": "Polygon",
        "coordinates": [
          [
            [
              79.7749,
              11.754900000000001
            ],
            [
              79.7759,
              11.754900000000001
            ],
            [
              79.7759,
              11.7559
            ],
            [
              79.7749,
              11.7559
            ],
            [
              79.7749,
              11.754900000000001
            ]
          ]
        ]
      },
      "properties": {
        "building_id": "INDEPENDENT_TN_BLD_0149",
        "osm_id": "osm_way_ind_0149",
        "event_id": "TN_NAGAPATTINAM_CYCLONE_2022",
        "prediction": "DAMAGED",
        "damage_prediction": "DAMAGED",
        "confidence": 1.0,
        "prediction_margin": 0.35,
        "entropy": 0.45,
        "domain_shift_score": 0.1,
        "prob_intact": 0.1,
        "prob_damaged": 0.85,
        "prob_destroyed": 0.05,
        "coverage_ratio": 1.2,
        "pre_product_id": "SENTINEL2_PRE_20201115",
        "post_product_id": "SENTINEL2_POST_20201127",
        "pre_date": "2020-11-15T00:24:12Z",
        "post_date": "2020-11-27T00:24:13Z",
        "temporal_delta_days": 12,
        "review_status": "AUTOMATIC_CANDIDATE",
        "model_version": "Phase 8.4 Champion",
        "checkpoint_sha256": "f5761006f3526f8ff9aa3a1d6487b7842c964fad99938cddf747cd1a1cba85db"
      }
    },
    {
      "type": "Feature",
      "id": "INDEPENDENT_TN_BLD_0150",
      "geometry": {
        "type": "Polygon",
        "coordinates": [
          [
            [
              79.775,
              11.755
            ],
            [
              79.776,
              11.755
            ],
            [
              79.776,
              11.756
            ],
            [
              79.775,
              11.756
            ],
            [
              79.775,
              11.755
            ]
          ]
        ]
      },
      "properties": {
        "building_id": "INDEPENDENT_TN_BLD_0150",
        "osm_id": "osm_way_ind_0150",
        "event_id": "TN_NAGAPATTINAM_CYCLONE_2022",
        "prediction": "DAMAGED",
        "damage_prediction": "DAMAGED",
        "confidence": 1.0,
        "prediction_margin": 0.35,
        "entropy": 0.45,
        "domain_shift_score": 0.1,
        "prob_intact": 0.1,
        "prob_damaged": 0.85,
        "prob_destroyed": 0.05,
        "coverage_ratio": 1.2,
        "pre_product_id": "SENTINEL2_PRE_20201115",
        "post_product_id": "SENTINEL2_POST_20201127",
        "pre_date": "2020-11-15T00:24:12Z",
        "post_date": "2020-11-27T00:24:13Z",
        "temporal_delta_days": 12,
        "review_status": "AUTOMATIC_CANDIDATE",
        "model_version": "Phase 8.4 Champion",
        "checkpoint_sha256": "f5761006f3526f8ff9aa3a1d6487b7842c964fad99938cddf747cd1a1cba85db"
      }
    },
    {
      "type": "Feature",
      "id": "INDEPENDENT_TN_BLD_0151",
      "geometry": {
        "type": "Polygon",
        "coordinates": [
          [
            [
              79.77510000000001,
              11.7551
            ],
            [
              79.7761,
              11.7551
            ],
            [
              79.7761,
              11.7561
            ],
            [
              79.77510000000001,
              11.7561
            ],
            [
              79.77510000000001,
              11.7551
            ]
          ]
        ]
      },
      "properties": {
        "building_id": "INDEPENDENT_TN_BLD_0151",
        "osm_id": "osm_way_ind_0151",
        "event_id": "TN_NAGAPATTINAM_CYCLONE_2022",
        "prediction": "DAMAGED",
        "damage_prediction": "DAMAGED",
        "confidence": 1.0,
        "prediction_margin": 0.35,
        "entropy": 0.45,
        "domain_shift_score": 0.1,
        "prob_intact": 0.1,
        "prob_damaged": 0.85,
        "prob_destroyed": 0.05,
        "coverage_ratio": 1.2,
        "pre_product_id": "SENTINEL2_PRE_20201115",
        "post_product_id": "SENTINEL2_POST_20201127",
        "pre_date": "2020-11-15T00:24:12Z",
        "post_date": "2020-11-27T00:24:13Z",
        "temporal_delta_days": 12,
        "review_status": "AUTOMATIC_CANDIDATE",
        "model_version": "Phase 8.4 Champion",
        "checkpoint_sha256": "f5761006f3526f8ff9aa3a1d6487b7842c964fad99938cddf747cd1a1cba85db"
      }
    },
    {
      "type": "Feature",
      "id": "INDEPENDENT_TN_BLD_0152",
      "geometry": {
        "type": "Polygon",
        "coordinates": [
          [
            [
              79.7752,
              11.7552
            ],
            [
              79.77619999999999,
              11.7552
            ],
            [
              79.77619999999999,
              11.7562
            ],
            [
              79.7752,
              11.7562
            ],
            [
              79.7752,
              11.7552
            ]
          ]
        ]
      },
      "properties": {
        "building_id": "INDEPENDENT_TN_BLD_0152",
        "osm_id": "osm_way_ind_0152",
        "event_id": "TN_NAGAPATTINAM_CYCLONE_2022",
        "prediction": "DAMAGED",
        "damage_prediction": "DAMAGED",
        "confidence": 1.0,
        "prediction_margin": 0.35,
        "entropy": 0.45,
        "domain_shift_score": 0.1,
        "prob_intact": 0.1,
        "prob_damaged": 0.85,
        "prob_destroyed": 0.05,
        "coverage_ratio": 1.2,
        "pre_product_id": "SENTINEL2_PRE_20201115",
        "post_product_id": "SENTINEL2_POST_20201127",
        "pre_date": "2020-11-15T00:24:12Z",
        "post_date": "2020-11-27T00:24:13Z",
        "temporal_delta_days": 12,
        "review_status": "AUTOMATIC_CANDIDATE",
        "model_version": "Phase 8.4 Champion",
        "checkpoint_sha256": "f5761006f3526f8ff9aa3a1d6487b7842c964fad99938cddf747cd1a1cba85db"
      }
    },
    {
      "type": "Feature",
      "id": "INDEPENDENT_TN_BLD_0153",
      "geometry": {
        "type": "Polygon",
        "coordinates": [
          [
            [
              79.7753,
              11.7553
            ],
            [
              79.77629999999999,
              11.7553
            ],
            [
              79.77629999999999,
              11.7563
            ],
            [
              79.7753,
              11.7563
            ],
            [
              79.7753,
              11.7553
            ]
          ]
        ]
      },
      "properties": {
        "building_id": "INDEPENDENT_TN_BLD_0153",
        "osm_id": "osm_way_ind_0153",
        "event_id": "TN_NAGAPATTINAM_CYCLONE_2022",
        "prediction": "DAMAGED",
        "damage_prediction": "DAMAGED",
        "confidence": 1.0,
        "prediction_margin": 0.35,
        "entropy": 0.45,
        "domain_shift_score": 0.1,
        "prob_intact": 0.1,
        "prob_damaged": 0.85,
        "prob_destroyed": 0.05,
        "coverage_ratio": 1.2,
        "pre_product_id": "SENTINEL2_PRE_20201115",
        "post_product_id": "SENTINEL2_POST_20201127",
        "pre_date": "2020-11-15T00:24:12Z",
        "post_date": "2020-11-27T00:24:13Z",
        "temporal_delta_days": 12,
        "review_status": "AUTOMATIC_CANDIDATE",
        "model_version": "Phase 8.4 Champion",
        "checkpoint_sha256": "f5761006f3526f8ff9aa3a1d6487b7842c964fad99938cddf747cd1a1cba85db"
      }
    },
    {
      "type": "Feature",
      "id": "INDEPENDENT_TN_BLD_0154",
      "geometry": {
        "type": "Polygon",
        "coordinates": [
          [
            [
              79.7754,
              11.7554
            ],
            [
              79.7764,
              11.7554
            ],
            [
              79.7764,
              11.7564
            ],
            [
              79.7754,
              11.7564
            ],
            [
              79.7754,
              11.7554
            ]
          ]
        ]
      },
      "properties": {
        "building_id": "INDEPENDENT_TN_BLD_0154",
        "osm_id": "osm_way_ind_0154",
        "event_id": "TN_NAGAPATTINAM_CYCLONE_2022",
        "prediction": "DAMAGED",
        "damage_prediction": "DAMAGED",
        "confidence": 1.0,
        "prediction_margin": 0.35,
        "entropy": 0.45,
        "domain_shift_score": 0.1,
        "prob_intact": 0.1,
        "prob_damaged": 0.85,
        "prob_destroyed": 0.05,
        "coverage_ratio": 1.2,
        "pre_product_id": "SENTINEL2_PRE_20201115",
        "post_product_id": "SENTINEL2_POST_20201127",
        "pre_date": "2020-11-15T00:24:12Z",
        "post_date": "2020-11-27T00:24:13Z",
        "temporal_delta_days": 12,
        "review_status": "AUTOMATIC_CANDIDATE",
        "model_version": "Phase 8.4 Champion",
        "checkpoint_sha256": "f5761006f3526f8ff9aa3a1d6487b7842c964fad99938cddf747cd1a1cba85db"
      }
    },
    {
      "type": "Feature",
      "id": "INDEPENDENT_TN_BLD_0155",
      "geometry": {
        "type": "Polygon",
        "coordinates": [
          [
            [
              79.77550000000001,
              11.7555
            ],
            [
              79.7765,
              11.7555
            ],
            [
              79.7765,
              11.756499999999999
            ],
            [
              79.77550000000001,
              11.756499999999999
            ],
            [
              79.77550000000001,
              11.7555
            ]
          ]
        ]
      },
      "properties": {
        "building_id": "INDEPENDENT_TN_BLD_0155",
        "osm_id": "osm_way_ind_0155",
        "event_id": "TN_NAGAPATTINAM_CYCLONE_2022",
        "prediction": "DAMAGED",
        "damage_prediction": "DAMAGED",
        "confidence": 1.0,
        "prediction_margin": 0.35,
        "entropy": 0.45,
        "domain_shift_score": 0.1,
        "prob_intact": 0.1,
        "prob_damaged": 0.85,
        "prob_destroyed": 0.05,
        "coverage_ratio": 1.2,
        "pre_product_id": "SENTINEL2_PRE_20201115",
        "post_product_id": "SENTINEL2_POST_20201127",
        "pre_date": "2020-11-15T00:24:12Z",
        "post_date": "2020-11-27T00:24:13Z",
        "temporal_delta_days": 12,
        "review_status": "AUTOMATIC_CANDIDATE",
        "model_version": "Phase 8.4 Champion",
        "checkpoint_sha256": "f5761006f3526f8ff9aa3a1d6487b7842c964fad99938cddf747cd1a1cba85db"
      }
    },
    {
      "type": "Feature",
      "id": "INDEPENDENT_TN_BLD_0156",
      "geometry": {
        "type": "Polygon",
        "coordinates": [
          [
            [
              79.77560000000001,
              11.7556
            ],
            [
              79.7766,
              11.7556
            ],
            [
              79.7766,
              11.756599999999999
            ],
            [
              79.77560000000001,
              11.756599999999999
            ],
            [
              79.77560000000001,
              11.7556
            ]
          ]
        ]
      },
      "properties": {
        "building_id": "INDEPENDENT_TN_BLD_0156",
        "osm_id": "osm_way_ind_0156",
        "event_id": "TN_NAGAPATTINAM_CYCLONE_2022",
        "prediction": "DAMAGED",
        "damage_prediction": "DAMAGED",
        "confidence": 1.0,
        "prediction_margin": 0.35,
        "entropy": 0.45,
        "domain_shift_score": 0.1,
        "prob_intact": 0.1,
        "prob_damaged": 0.85,
        "prob_destroyed": 0.05,
        "coverage_ratio": 1.2,
        "pre_product_id": "SENTINEL2_PRE_20201115",
        "post_product_id": "SENTINEL2_POST_20201127",
        "pre_date": "2020-11-15T00:24:12Z",
        "post_date": "2020-11-27T00:24:13Z",
        "temporal_delta_days": 12,
        "review_status": "AUTOMATIC_CANDIDATE",
        "model_version": "Phase 8.4 Champion",
        "checkpoint_sha256": "f5761006f3526f8ff9aa3a1d6487b7842c964fad99938cddf747cd1a1cba85db"
      }
    },
    {
      "type": "Feature",
      "id": "INDEPENDENT_TN_BLD_0157",
      "geometry": {
        "type": "Polygon",
        "coordinates": [
          [
            [
              79.7757,
              11.755700000000001
            ],
            [
              79.77669999999999,
              11.755700000000001
            ],
            [
              79.77669999999999,
              11.7567
            ],
            [
              79.7757,
              11.7567
            ],
            [
              79.7757,
              11.755700000000001
            ]
          ]
        ]
      },
      "properties": {
        "building_id": "INDEPENDENT_TN_BLD_0157",
        "osm_id": "osm_way_ind_0157",
        "event_id": "TN_NAGAPATTINAM_CYCLONE_2022",
        "prediction": "DAMAGED",
        "damage_prediction": "DAMAGED",
        "confidence": 1.0,
        "prediction_margin": 0.35,
        "entropy": 0.45,
        "domain_shift_score": 0.1,
        "prob_intact": 0.1,
        "prob_damaged": 0.85,
        "prob_destroyed": 0.05,
        "coverage_ratio": 1.2,
        "pre_product_id": "SENTINEL2_PRE_20201115",
        "post_product_id": "SENTINEL2_POST_20201127",
        "pre_date": "2020-11-15T00:24:12Z",
        "post_date": "2020-11-27T00:24:13Z",
        "temporal_delta_days": 12,
        "review_status": "AUTOMATIC_CANDIDATE",
        "model_version": "Phase 8.4 Champion",
        "checkpoint_sha256": "f5761006f3526f8ff9aa3a1d6487b7842c964fad99938cddf747cd1a1cba85db"
      }
    },
    {
      "type": "Feature",
      "id": "INDEPENDENT_TN_BLD_0158",
      "geometry": {
        "type": "Polygon",
        "coordinates": [
          [
            [
              79.7758,
              11.7558
            ],
            [
              79.7768,
              11.7558
            ],
            [
              79.7768,
              11.7568
            ],
            [
              79.7758,
              11.7568
            ],
            [
              79.7758,
              11.7558
            ]
          ]
        ]
      },
      "properties": {
        "building_id": "INDEPENDENT_TN_BLD_0158",
        "osm_id": "osm_way_ind_0158",
        "event_id": "TN_NAGAPATTINAM_CYCLONE_2022",
        "prediction": "DAMAGED",
        "damage_prediction": "DAMAGED",
        "confidence": 1.0,
        "prediction_margin": 0.35,
        "entropy": 0.45,
        "domain_shift_score": 0.1,
        "prob_intact": 0.1,
        "prob_damaged": 0.85,
        "prob_destroyed": 0.05,
        "coverage_ratio": 1.2,
        "pre_product_id": "SENTINEL2_PRE_20201115",
        "post_product_id": "SENTINEL2_POST_20201127",
        "pre_date": "2020-11-15T00:24:12Z",
        "post_date": "2020-11-27T00:24:13Z",
        "temporal_delta_days": 12,
        "review_status": "AUTOMATIC_CANDIDATE",
        "model_version": "Phase 8.4 Champion",
        "checkpoint_sha256": "f5761006f3526f8ff9aa3a1d6487b7842c964fad99938cddf747cd1a1cba85db"
      }
    },
    {
      "type": "Feature",
      "id": "INDEPENDENT_TN_BLD_0159",
      "geometry": {
        "type": "Polygon",
        "coordinates": [
          [
            [
              79.77590000000001,
              11.7559
            ],
            [
              79.7769,
              11.7559
            ],
            [
              79.7769,
              11.7569
            ],
            [
              79.77590000000001,
              11.7569
            ],
            [
              79.77590000000001,
              11.7559
            ]
          ]
        ]
      },
      "properties": {
        "building_id": "INDEPENDENT_TN_BLD_0159",
        "osm_id": "osm_way_ind_0159",
        "event_id": "TN_NAGAPATTINAM_CYCLONE_2022",
        "prediction": "DAMAGED",
        "damage_prediction": "DAMAGED",
        "confidence": 1.0,
        "prediction_margin": 0.35,
        "entropy": 0.45,
        "domain_shift_score": 0.1,
        "prob_intact": 0.1,
        "prob_damaged": 0.85,
        "prob_destroyed": 0.05,
        "coverage_ratio": 1.2,
        "pre_product_id": "SENTINEL2_PRE_20201115",
        "post_product_id": "SENTINEL2_POST_20201127",
        "pre_date": "2020-11-15T00:24:12Z",
        "post_date": "2020-11-27T00:24:13Z",
        "temporal_delta_days": 12,
        "review_status": "AUTOMATIC_CANDIDATE",
        "model_version": "Phase 8.4 Champion",
        "checkpoint_sha256": "f5761006f3526f8ff9aa3a1d6487b7842c964fad99938cddf747cd1a1cba85db"
      }
    },
    {
      "type": "Feature",
      "id": "INDEPENDENT_TN_BLD_0160",
      "geometry": {
        "type": "Polygon",
        "coordinates": [
          [
            [
              79.77600000000001,
              11.756
            ],
            [
              79.777,
              11.756
            ],
            [
              79.777,
              11.757
            ],
            [
              79.77600000000001,
              11.757
            ],
            [
              79.77600000000001,
              11.756
            ]
          ]
        ]
      },
      "properties": {
        "building_id": "INDEPENDENT_TN_BLD_0160",
        "osm_id": "osm_way_ind_0160",
        "event_id": "TN_NAGAPATTINAM_CYCLONE_2022",
        "prediction": "DESTROYED",
        "damage_prediction": "DESTROYED",
        "confidence": 1.0,
        "prediction_margin": 0.35,
        "entropy": 0.45,
        "domain_shift_score": 0.1,
        "prob_intact": 0.1,
        "prob_damaged": 0.1,
        "prob_destroyed": 0.85,
        "coverage_ratio": 1.2,
        "pre_product_id": "SENTINEL2_PRE_20201115",
        "post_product_id": "SENTINEL2_POST_20201127",
        "pre_date": "2020-11-15T00:24:12Z",
        "post_date": "2020-11-27T00:24:13Z",
        "temporal_delta_days": 12,
        "review_status": "AUTOMATIC_CANDIDATE",
        "model_version": "Phase 8.4 Champion",
        "checkpoint_sha256": "f5761006f3526f8ff9aa3a1d6487b7842c964fad99938cddf747cd1a1cba85db"
      }
    },
    {
      "type": "Feature",
      "id": "INDEPENDENT_TN_BLD_0161",
      "geometry": {
        "type": "Polygon",
        "coordinates": [
          [
            [
              79.7761,
              11.7561
            ],
            [
              79.77709999999999,
              11.7561
            ],
            [
              79.77709999999999,
              11.7571
            ],
            [
              79.7761,
              11.7571
            ],
            [
              79.7761,
              11.7561
            ]
          ]
        ]
      },
      "properties": {
        "building_id": "INDEPENDENT_TN_BLD_0161",
        "osm_id": "osm_way_ind_0161",
        "event_id": "TN_NAGAPATTINAM_CYCLONE_2022",
        "prediction": "DESTROYED",
        "damage_prediction": "DESTROYED",
        "confidence": 1.0,
        "prediction_margin": 0.35,
        "entropy": 0.45,
        "domain_shift_score": 0.1,
        "prob_intact": 0.1,
        "prob_damaged": 0.1,
        "prob_destroyed": 0.85,
        "coverage_ratio": 1.2,
        "pre_product_id": "SENTINEL2_PRE_20201115",
        "post_product_id": "SENTINEL2_POST_20201127",
        "pre_date": "2020-11-15T00:24:12Z",
        "post_date": "2020-11-27T00:24:13Z",
        "temporal_delta_days": 12,
        "review_status": "AUTOMATIC_CANDIDATE",
        "model_version": "Phase 8.4 Champion",
        "checkpoint_sha256": "f5761006f3526f8ff9aa3a1d6487b7842c964fad99938cddf747cd1a1cba85db"
      }
    },
    {
      "type": "Feature",
      "id": "INDEPENDENT_TN_BLD_0162",
      "geometry": {
        "type": "Polygon",
        "coordinates": [
          [
            [
              79.7762,
              11.7562
            ],
            [
              79.7772,
              11.7562
            ],
            [
              79.7772,
              11.7572
            ],
            [
              79.7762,
              11.7572
            ],
            [
              79.7762,
              11.7562
            ]
          ]
        ]
      },
      "properties": {
        "building_id": "INDEPENDENT_TN_BLD_0162",
        "osm_id": "osm_way_ind_0162",
        "event_id": "TN_NAGAPATTINAM_CYCLONE_2022",
        "prediction": "DESTROYED",
        "damage_prediction": "DESTROYED",
        "confidence": 1.0,
        "prediction_margin": 0.35,
        "entropy": 0.45,
        "domain_shift_score": 0.1,
        "prob_intact": 0.1,
        "prob_damaged": 0.1,
        "prob_destroyed": 0.85,
        "coverage_ratio": 1.2,
        "pre_product_id": "SENTINEL2_PRE_20201115",
        "post_product_id": "SENTINEL2_POST_20201127",
        "pre_date": "2020-11-15T00:24:12Z",
        "post_date": "2020-11-27T00:24:13Z",
        "temporal_delta_days": 12,
        "review_status": "AUTOMATIC_CANDIDATE",
        "model_version": "Phase 8.4 Champion",
        "checkpoint_sha256": "f5761006f3526f8ff9aa3a1d6487b7842c964fad99938cddf747cd1a1cba85db"
      }
    },
    {
      "type": "Feature",
      "id": "INDEPENDENT_TN_BLD_0163",
      "geometry": {
        "type": "Polygon",
        "coordinates": [
          [
            [
              79.7763,
              11.7563
            ],
            [
              79.7773,
              11.7563
            ],
            [
              79.7773,
              11.757299999999999
            ],
            [
              79.7763,
              11.757299999999999
            ],
            [
              79.7763,
              11.7563
            ]
          ]
        ]
      },
      "properties": {
        "building_id": "INDEPENDENT_TN_BLD_0163",
        "osm_id": "osm_way_ind_0163",
        "event_id": "TN_NAGAPATTINAM_CYCLONE_2022",
        "prediction": "DESTROYED",
        "damage_prediction": "DESTROYED",
        "confidence": 1.0,
        "prediction_margin": 0.35,
        "entropy": 0.45,
        "domain_shift_score": 0.1,
        "prob_intact": 0.1,
        "prob_damaged": 0.1,
        "prob_destroyed": 0.85,
        "coverage_ratio": 1.2,
        "pre_product_id": "SENTINEL2_PRE_20201115",
        "post_product_id": "SENTINEL2_POST_20201127",
        "pre_date": "2020-11-15T00:24:12Z",
        "post_date": "2020-11-27T00:24:13Z",
        "temporal_delta_days": 12,
        "review_status": "AUTOMATIC_CANDIDATE",
        "model_version": "Phase 8.4 Champion",
        "checkpoint_sha256": "f5761006f3526f8ff9aa3a1d6487b7842c964fad99938cddf747cd1a1cba85db"
      }
    },
    {
      "type": "Feature",
      "id": "INDEPENDENT_TN_BLD_0164",
      "geometry": {
        "type": "Polygon",
        "coordinates": [
          [
            [
              79.77640000000001,
              11.756400000000001
            ],
            [
              79.7774,
              11.756400000000001
            ],
            [
              79.7774,
              11.7574
            ],
            [
              79.77640000000001,
              11.7574
            ],
            [
              79.77640000000001,
              11.756400000000001
            ]
          ]
        ]
      },
      "properties": {
        "building_id": "INDEPENDENT_TN_BLD_0164",
        "osm_id": "osm_way_ind_0164",
        "event_id": "TN_NAGAPATTINAM_CYCLONE_2022",
        "prediction": "DESTROYED",
        "damage_prediction": "DESTROYED",
        "confidence": 1.0,
        "prediction_margin": 0.35,
        "entropy": 0.45,
        "domain_shift_score": 0.1,
        "prob_intact": 0.1,
        "prob_damaged": 0.1,
        "prob_destroyed": 0.85,
        "coverage_ratio": 1.2,
        "pre_product_id": "SENTINEL2_PRE_20201115",
        "post_product_id": "SENTINEL2_POST_20201127",
        "pre_date": "2020-11-15T00:24:12Z",
        "post_date": "2020-11-27T00:24:13Z",
        "temporal_delta_days": 12,
        "review_status": "AUTOMATIC_CANDIDATE",
        "model_version": "Phase 8.4 Champion",
        "checkpoint_sha256": "f5761006f3526f8ff9aa3a1d6487b7842c964fad99938cddf747cd1a1cba85db"
      }
    },
    {
      "type": "Feature",
      "id": "INDEPENDENT_TN_BLD_0165",
      "geometry": {
        "type": "Polygon",
        "coordinates": [
          [
            [
              79.7765,
              11.7565
            ],
            [
              79.77749999999999,
              11.7565
            ],
            [
              79.77749999999999,
              11.7575
            ],
            [
              79.7765,
              11.7575
            ],
            [
              79.7765,
              11.7565
            ]
          ]
        ]
      },
      "properties": {
        "building_id": "INDEPENDENT_TN_BLD_0165",
        "osm_id": "osm_way_ind_0165",
        "event_id": "TN_NAGAPATTINAM_CYCLONE_2022",
        "prediction": "DESTROYED",
        "damage_prediction": "DESTROYED",
        "confidence": 1.0,
        "prediction_margin": 0.35,
        "entropy": 0.45,
        "domain_shift_score": 0.1,
        "prob_intact": 0.1,
        "prob_damaged": 0.1,
        "prob_destroyed": 0.85,
        "coverage_ratio": 1.2,
        "pre_product_id": "SENTINEL2_PRE_20201115",
        "post_product_id": "SENTINEL2_POST_20201127",
        "pre_date": "2020-11-15T00:24:12Z",
        "post_date": "2020-11-27T00:24:13Z",
        "temporal_delta_days": 12,
        "review_status": "AUTOMATIC_CANDIDATE",
        "model_version": "Phase 8.4 Champion",
        "checkpoint_sha256": "f5761006f3526f8ff9aa3a1d6487b7842c964fad99938cddf747cd1a1cba85db"
      }
    },
    {
      "type": "Feature",
      "id": "INDEPENDENT_TN_BLD_0166",
      "geometry": {
        "type": "Polygon",
        "coordinates": [
          [
            [
              79.7766,
              11.7566
            ],
            [
              79.77759999999999,
              11.7566
            ],
            [
              79.77759999999999,
              11.7576
            ],
            [
              79.7766,
              11.7576
            ],
            [
              79.7766,
              11.7566
            ]
          ]
        ]
      },
      "properties": {
        "building_id": "INDEPENDENT_TN_BLD_0166",
        "osm_id": "osm_way_ind_0166",
        "event_id": "TN_NAGAPATTINAM_CYCLONE_2022",
        "prediction": "DESTROYED",
        "damage_prediction": "DESTROYED",
        "confidence": 1.0,
        "prediction_margin": 0.35,
        "entropy": 0.45,
        "domain_shift_score": 0.1,
        "prob_intact": 0.1,
        "prob_damaged": 0.1,
        "prob_destroyed": 0.85,
        "coverage_ratio": 1.2,
        "pre_product_id": "SENTINEL2_PRE_20201115",
        "post_product_id": "SENTINEL2_POST_20201127",
        "pre_date": "2020-11-15T00:24:12Z",
        "post_date": "2020-11-27T00:24:13Z",
        "temporal_delta_days": 12,
        "review_status": "AUTOMATIC_CANDIDATE",
        "model_version": "Phase 8.4 Champion",
        "checkpoint_sha256": "f5761006f3526f8ff9aa3a1d6487b7842c964fad99938cddf747cd1a1cba85db"
      }
    },
    {
      "type": "Feature",
      "id": "INDEPENDENT_TN_BLD_0167",
      "geometry": {
        "type": "Polygon",
        "coordinates": [
          [
            [
              79.7767,
              11.7567
            ],
            [
              79.7777,
              11.7567
            ],
            [
              79.7777,
              11.7577
            ],
            [
              79.7767,
              11.7577
            ],
            [
              79.7767,
              11.7567
            ]
          ]
        ]
      },
      "properties": {
        "building_id": "INDEPENDENT_TN_BLD_0167",
        "osm_id": "osm_way_ind_0167",
        "event_id": "TN_NAGAPATTINAM_CYCLONE_2022",
        "prediction": "DESTROYED",
        "damage_prediction": "DESTROYED",
        "confidence": 1.0,
        "prediction_margin": 0.35,
        "entropy": 0.45,
        "domain_shift_score": 0.1,
        "prob_intact": 0.1,
        "prob_damaged": 0.1,
        "prob_destroyed": 0.85,
        "coverage_ratio": 1.2,
        "pre_product_id": "SENTINEL2_PRE_20201115",
        "post_product_id": "SENTINEL2_POST_20201127",
        "pre_date": "2020-11-15T00:24:12Z",
        "post_date": "2020-11-27T00:24:13Z",
        "temporal_delta_days": 12,
        "review_status": "AUTOMATIC_CANDIDATE",
        "model_version": "Phase 8.4 Champion",
        "checkpoint_sha256": "f5761006f3526f8ff9aa3a1d6487b7842c964fad99938cddf747cd1a1cba85db"
      }
    },
    {
      "type": "Feature",
      "id": "INDEPENDENT_TN_BLD_0168",
      "geometry": {
        "type": "Polygon",
        "coordinates": [
          [
            [
              79.77680000000001,
              11.7568
            ],
            [
              79.7778,
              11.7568
            ],
            [
              79.7778,
              11.7578
            ],
            [
              79.77680000000001,
              11.7578
            ],
            [
              79.77680000000001,
              11.7568
            ]
          ]
        ]
      },
      "properties": {
        "building_id": "INDEPENDENT_TN_BLD_0168",
        "osm_id": "osm_way_ind_0168",
        "event_id": "TN_NAGAPATTINAM_CYCLONE_2022",
        "prediction": "DESTROYED",
        "damage_prediction": "DESTROYED",
        "confidence": 1.0,
        "prediction_margin": 0.35,
        "entropy": 0.45,
        "domain_shift_score": 0.1,
        "prob_intact": 0.1,
        "prob_damaged": 0.1,
        "prob_destroyed": 0.85,
        "coverage_ratio": 1.2,
        "pre_product_id": "SENTINEL2_PRE_20201115",
        "post_product_id": "SENTINEL2_POST_20201127",
        "pre_date": "2020-11-15T00:24:12Z",
        "post_date": "2020-11-27T00:24:13Z",
        "temporal_delta_days": 12,
        "review_status": "AUTOMATIC_CANDIDATE",
        "model_version": "Phase 8.4 Champion",
        "checkpoint_sha256": "f5761006f3526f8ff9aa3a1d6487b7842c964fad99938cddf747cd1a1cba85db"
      }
    },
    {
      "type": "Feature",
      "id": "INDEPENDENT_TN_BLD_0169",
      "geometry": {
        "type": "Polygon",
        "coordinates": [
          [
            [
              79.77690000000001,
              11.7569
            ],
            [
              79.7779,
              11.7569
            ],
            [
              79.7779,
              11.7579
            ],
            [
              79.77690000000001,
              11.7579
            ],
            [
              79.77690000000001,
              11.7569
            ]
          ]
        ]
      },
      "properties": {
        "building_id": "INDEPENDENT_TN_BLD_0169",
        "osm_id": "osm_way_ind_0169",
        "event_id": "TN_NAGAPATTINAM_CYCLONE_2022",
        "prediction": "DESTROYED",
        "damage_prediction": "DESTROYED",
        "confidence": 1.0,
        "prediction_margin": 0.35,
        "entropy": 0.45,
        "domain_shift_score": 0.1,
        "prob_intact": 0.1,
        "prob_damaged": 0.1,
        "prob_destroyed": 0.85,
        "coverage_ratio": 1.2,
        "pre_product_id": "SENTINEL2_PRE_20201115",
        "post_product_id": "SENTINEL2_POST_20201127",
        "pre_date": "2020-11-15T00:24:12Z",
        "post_date": "2020-11-27T00:24:13Z",
        "temporal_delta_days": 12,
        "review_status": "AUTOMATIC_CANDIDATE",
        "model_version": "Phase 8.4 Champion",
        "checkpoint_sha256": "f5761006f3526f8ff9aa3a1d6487b7842c964fad99938cddf747cd1a1cba85db"
      }
    },
    {
      "type": "Feature",
      "id": "INDEPENDENT_TN_BLD_0170",
      "geometry": {
        "type": "Polygon",
        "coordinates": [
          [
            [
              79.777,
              11.757
            ],
            [
              79.77799999999999,
              11.757
            ],
            [
              79.77799999999999,
              11.758
            ],
            [
              79.777,
              11.758
            ],
            [
              79.777,
              11.757
            ]
          ]
        ]
      },
      "properties": {
        "building_id": "INDEPENDENT_TN_BLD_0170",
        "osm_id": "osm_way_ind_0170",
        "event_id": "TN_NAGAPATTINAM_CYCLONE_2022",
        "prediction": "DESTROYED",
        "damage_prediction": "DESTROYED",
        "confidence": 1.0,
        "prediction_margin": 0.35,
        "entropy": 0.45,
        "domain_shift_score": 0.1,
        "prob_intact": 0.1,
        "prob_damaged": 0.1,
        "prob_destroyed": 0.85,
        "coverage_ratio": 1.2,
        "pre_product_id": "SENTINEL2_PRE_20201115",
        "post_product_id": "SENTINEL2_POST_20201127",
        "pre_date": "2020-11-15T00:24:12Z",
        "post_date": "2020-11-27T00:24:13Z",
        "temporal_delta_days": 12,
        "review_status": "AUTOMATIC_CANDIDATE",
        "model_version": "Phase 8.4 Champion",
        "checkpoint_sha256": "f5761006f3526f8ff9aa3a1d6487b7842c964fad99938cddf747cd1a1cba85db"
      }
    }
  ]
}