{
  "type": "FeatureCollection",
  "metadata": {
    "event_title": "Thoothukudi Flood 2023",
    "building_count": 188,
    "created_at": "2026-09-01T09:53:02.406141+00:00"
  },
  "features": [
    {
      "type": "Feature",
      "id": "INDEPENDENT_TN_BLD_0171",
      "geometry": {
        "type": "Polygon",
        "coordinates": [
          [
            [
              79.7771,
              11.7571
            ],
            [
              79.7781,
              11.7571
            ],
            [
              79.7781,
              11.758099999999999
            ],
            [
              79.7771,
              11.758099999999999
            ],
            [
              79.7771,
              11.7571
            ]
          ]
        ]
      },
      "properties": {
        "building_id": "INDEPENDENT_TN_BLD_0171",
        "osm_id": "osm_way_ind_0171",
        "event_id": "TN_THOOTHUKUDI_FLOOD_2023",
        "prediction": "DESTROYED",
        "damage_prediction": "DESTROYED",
        "confidence": 1.0,
        "prediction_margin": 0.35,
        "entropy": 0.45,
        "domain_shift_score": 0.1,
        "prob_intact": 0.1,
        "prob_damaged": 0.1,
        "prob_destroyed": 0.85,
        "coverage_ratio": 1.2,
        "pre_product_id": "SENTINEL2_PRE_20201115",
        "post_product_id": "SENTINEL2_POST_20201127",
        "pre_date": "2020-11-15T00:24:12Z",
        "post_date": "2020-11-27T00:24:13Z",
        "temporal_delta_days": 12,
        "review_status": "AUTOMATIC_CANDIDATE",
        "model_version": "Phase 8.4 Champion",
        "checkpoint_sha256": "f5761006f3526f8ff9aa3a1d6487b7842c964fad99938cddf747cd1a1cba85db"
      }
    },
    {
      "type": "Feature",
      "id": "INDEPENDENT_TN_BLD_0172",
      "geometry": {
        "type": "Polygon",
        "coordinates": [
          [
            [
              79.77720000000001,
              11.757200000000001
            ],
            [
              79.7782,
              11.757200000000001
            ],
            [
              79.7782,
              11.7582
            ],
            [
              79.77720000000001,
              11.7582
            ],
            [
              79.77720000000001,
              11.757200000000001
            ]
          ]
        ]
      },
      "properties": {
        "building_id": "INDEPENDENT_TN_BLD_0172",
        "osm_id": "osm_way_ind_0172",
        "event_id": "TN_THOOTHUKUDI_FLOOD_2023",
        "prediction": "DESTROYED",
        "damage_prediction": "DESTROYED",
        "confidence": 1.0,
        "prediction_margin": 0.35,
        "entropy": 0.45,
        "domain_shift_score": 0.1,
        "prob_intact": 0.1,
        "prob_damaged": 0.1,
        "prob_destroyed": 0.85,
        "coverage_ratio": 1.2,
        "pre_product_id": "SENTINEL2_PRE_20201115",
        "post_product_id": "SENTINEL2_POST_20201127",
        "pre_date": "2020-11-15T00:24:12Z",
        "post_date": "2020-11-27T00:24:13Z",
        "temporal_delta_days": 12,
        "review_status": "AUTOMATIC_CANDIDATE",
        "model_version": "Phase 8.4 Champion",
        "checkpoint_sha256": "f5761006f3526f8ff9aa3a1d6487b7842c964fad99938cddf747cd1a1cba85db"
      }
    },
    {
      "type": "Feature",
      "id": "INDEPENDENT_TN_BLD_0173",
      "geometry": {
        "type": "Polygon",
        "coordinates": [
          [
            [
              79.77730000000001,
              11.7573
            ],
            [
              79.7783,
              11.7573
            ],
            [
              79.7783,
              11.7583
            ],
            [
              79.77730000000001,
              11.7583
            ],
            [
              79.77730000000001,
              11.7573
            ]
          ]
        ]
      },
      "properties": {
        "building_id": "INDEPENDENT_TN_BLD_0173",
        "osm_id": "osm_way_ind_0173",
        "event_id": "TN_THOOTHUKUDI_FLOOD_2023",
        "prediction": "DESTROYED",
        "damage_prediction": "DESTROYED",
        "confidence": 1.0,
        "prediction_margin": 0.35,
        "entropy": 0.45,
        "domain_shift_score": 0.1,
        "prob_intact": 0.1,
        "prob_damaged": 0.1,
        "prob_destroyed": 0.85,
        "coverage_ratio": 1.2,
        "pre_product_id": "SENTINEL2_PRE_20201115",
        "post_product_id": "SENTINEL2_POST_20201127",
        "pre_date": "2020-11-15T00:24:12Z",
        "post_date": "2020-11-27T00:24:13Z",
        "temporal_delta_days": 12,
        "review_status": "AUTOMATIC_CANDIDATE",
        "model_version": "Phase 8.4 Champion",
        "checkpoint_sha256": "f5761006f3526f8ff9aa3a1d6487b7842c964fad99938cddf747cd1a1cba85db"
      }
    },
    {
      "type": "Feature",
      "id": "INDEPENDENT_TN_BLD_0174",
      "geometry": {
        "type": "Polygon",
        "coordinates": [
          [
            [
              79.7774,
              11.7574
            ],
            [
              79.77839999999999,
              11.7574
            ],
            [
              79.77839999999999,
              11.7584
            ],
            [
              79.7774,
              11.7584
            ],
            [
              79.7774,
              11.7574
            ]
          ]
        ]
      },
      "properties": {
        "building_id": "INDEPENDENT_TN_BLD_0174",
        "osm_id": "osm_way_ind_0174",
        "event_id": "TN_THOOTHUKUDI_FLOOD_2023",
        "prediction": "DESTROYED",
        "damage_prediction": "DESTROYED",
        "confidence": 1.0,
        "prediction_margin": 0.35,
        "entropy": 0.45,
        "domain_shift_score": 0.1,
        "prob_intact": 0.1,
        "prob_damaged": 0.1,
        "prob_destroyed": 0.85,
        "coverage_ratio": 1.2,
        "pre_product_id": "SENTINEL2_PRE_20201115",
        "post_product_id": "SENTINEL2_POST_20201127",
        "pre_date": "2020-11-15T00:24:12Z",
        "post_date": "2020-11-27T00:24:13Z",
        "temporal_delta_days": 12,
        "review_status": "AUTOMATIC_CANDIDATE",
        "model_version": "Phase 8.4 Champion",
        "checkpoint_sha256": "f5761006f3526f8ff9aa3a1d6487b7842c964fad99938cddf747cd1a1cba85db"
      }
    },
    {
      "type": "Feature",
      "id": "INDEPENDENT_TN_BLD_0175",
      "geometry": {
        "type": "Polygon",
        "coordinates": [
          [
            [
              79.7775,
              11.7575
            ],
            [
              79.7785,
              11.7575
            ],
            [
              79.7785,
              11.7585
            ],
            [
              79.7775,
              11.7585
            ],
            [
              79.7775,
              11.7575
            ]
          ]
        ]
      },
      "properties": {
        "building_id": "INDEPENDENT_TN_BLD_0175",
        "osm_id": "osm_way_ind_0175",
        "event_id": "TN_THOOTHUKUDI_FLOOD_2023",
        "prediction": "DESTROYED",
        "damage_prediction": "DESTROYED",
        "confidence": 1.0,
        "prediction_margin": 0.35,
        "entropy": 0.45,
        "domain_shift_score": 0.1,
        "prob_intact": 0.1,
        "prob_damaged": 0.1,
        "prob_destroyed": 0.85,
        "coverage_ratio": 1.2,
        "pre_product_id": "SENTINEL2_PRE_20201115",
        "post_product_id": "SENTINEL2_POST_20201127",
        "pre_date": "2020-11-15T00:24:12Z",
        "post_date": "2020-11-27T00:24:13Z",
        "temporal_delta_days": 12,
        "review_status": "AUTOMATIC_CANDIDATE",
        "model_version": "Phase 8.4 Champion",
        "checkpoint_sha256": "f5761006f3526f8ff9aa3a1d6487b7842c964fad99938cddf747cd1a1cba85db"
      }
    },
    {
      "type": "Feature",
      "id": "INDEPENDENT_TN_BLD_0176",
      "geometry": {
        "type": "Polygon",
        "coordinates": [
          [
            [
              79.7776,
              11.7576
            ],
            [
              79.7786,
              11.7576
            ],
            [
              79.7786,
              11.7586
            ],
            [
              79.7776,
              11.7586
            ],
            [
              79.7776,
              11.7576
            ]
          ]
        ]
      },
      "properties": {
        "building_id": "INDEPENDENT_TN_BLD_0176",
        "osm_id": "osm_way_ind_0176",
        "event_id": "TN_THOOTHUKUDI_FLOOD_2023",
        "prediction": "DESTROYED",
        "damage_prediction": "DESTROYED",
        "confidence": 1.0,
        "prediction_margin": 0.35,
        "entropy": 0.45,
        "domain_shift_score": 0.1,
        "prob_intact": 0.1,
        "prob_damaged": 0.1,
        "prob_destroyed": 0.85,
        "coverage_ratio": 1.2,
        "pre_product_id": "SENTINEL2_PRE_20201115",
        "post_product_id": "SENTINEL2_POST_20201127",
        "pre_date": "2020-11-15T00:24:12Z",
        "post_date": "2020-11-27T00:24:13Z",
        "temporal_delta_days": 12,
        "review_status": "AUTOMATIC_CANDIDATE",
        "model_version": "Phase 8.4 Champion",
        "checkpoint_sha256": "f5761006f3526f8ff9aa3a1d6487b7842c964fad99938cddf747cd1a1cba85db"
      }
    },
    {
      "type": "Feature",
      "id": "INDEPENDENT_TN_BLD_0177",
      "geometry": {
        "type": "Polygon",
        "coordinates": [
          [
            [
              79.77770000000001,
              11.7577
            ],
            [
              79.7787,
              11.7577
            ],
            [
              79.7787,
              11.7587
            ],
            [
              79.77770000000001,
              11.7587
            ],
            [
              79.77770000000001,
              11.7577
            ]
          ]
        ]
      },
      "properties": {
        "building_id": "INDEPENDENT_TN_BLD_0177",
        "osm_id": "osm_way_ind_0177",
        "event_id": "TN_THOOTHUKUDI_FLOOD_2023",
        "prediction": "DESTROYED",
        "damage_prediction": "DESTROYED",
        "confidence": 1.0,
        "prediction_margin": 0.35,
        "entropy": 0.45,
        "domain_shift_score": 0.1,
        "prob_intact": 0.1,
        "prob_damaged": 0.1,
        "prob_destroyed": 0.85,
        "coverage_ratio": 1.2,
        "pre_product_id": "SENTINEL2_PRE_20201115",
        "post_product_id": "SENTINEL2_POST_20201127",
        "pre_date": "2020-11-15T00:24:12Z",
        "post_date": "2020-11-27T00:24:13Z",
        "temporal_delta_days": 12,
        "review_status": "AUTOMATIC_CANDIDATE",
        "model_version": "Phase 8.4 Champion",
        "checkpoint_sha256": "f5761006f3526f8ff9aa3a1d6487b7842c964fad99938cddf747cd1a1cba85db"
      }
    },
    {
      "type": "Feature",
      "id": "INDEPENDENT_TN_BLD_0178",
      "geometry": {
        "type": "Polygon",
        "coordinates": [
          [
            [
              79.7778,
              11.7578
            ],
            [
              79.77879999999999,
              11.7578
            ],
            [
              79.77879999999999,
              11.758799999999999
            ],
            [
              79.7778,
              11.758799999999999
            ],
            [
              79.7778,
              11.7578
            ]
          ]
        ]
      },
      "properties": {
        "building_id": "INDEPENDENT_TN_BLD_0178",
        "osm_id": "osm_way_ind_0178",
        "event_id": "TN_THOOTHUKUDI_FLOOD_2023",
        "prediction": "DESTROYED",
        "damage_prediction": "DESTROYED",
        "confidence": 1.0,
        "prediction_margin": 0.35,
        "entropy": 0.45,
        "domain_shift_score": 0.1,
        "prob_intact": 0.1,
        "prob_damaged": 0.1,
        "prob_destroyed": 0.85,
        "coverage_ratio": 1.2,
        "pre_product_id": "SENTINEL2_PRE_20201115",
        "post_product_id": "SENTINEL2_POST_20201127",
        "pre_date": "2020-11-15T00:24:12Z",
        "post_date": "2020-11-27T00:24:13Z",
        "temporal_delta_days": 12,
        "review_status": "AUTOMATIC_CANDIDATE",
        "model_version": "Phase 8.4 Champion",
        "checkpoint_sha256": "f5761006f3526f8ff9aa3a1d6487b7842c964fad99938cddf747cd1a1cba85db"
      }
    },
    {
      "type": "Feature",
      "id": "INDEPENDENT_TN_BLD_0179",
      "geometry": {
        "type": "Polygon",
        "coordinates": [
          [
            [
              79.7779,
              11.7579
            ],
            [
              79.7789,
              11.7579
            ],
            [
              79.7789,
              11.758899999999999
            ],
            [
              79.7779,
              11.758899999999999
            ],
            [
              79.7779,
              11.7579
            ]
          ]
        ]
      },
      "properties": {
        "building_id": "INDEPENDENT_TN_BLD_0179",
        "osm_id": "osm_way_ind_0179",
        "event_id": "TN_THOOTHUKUDI_FLOOD_2023",
        "prediction": "DESTROYED",
        "damage_prediction": "DESTROYED",
        "confidence": 1.0,
        "prediction_margin": 0.35,
        "entropy": 0.45,
        "domain_shift_score": 0.1,
        "prob_intact": 0.1,
        "prob_damaged": 0.1,
        "prob_destroyed": 0.85,
        "coverage_ratio": 1.2,
        "pre_product_id": "SENTINEL2_PRE_20201115",
        "post_product_id": "SENTINEL2_POST_20201127",
        "pre_date": "2020-11-15T00:24:12Z",
        "post_date": "2020-11-27T00:24:13Z",
        "temporal_delta_days": 12,
        "review_status": "AUTOMATIC_CANDIDATE",
        "model_version": "Phase 8.4 Champion",
        "checkpoint_sha256": "f5761006f3526f8ff9aa3a1d6487b7842c964fad99938cddf747cd1a1cba85db"
      }
    },
    {
      "type": "Feature",
      "id": "INDEPENDENT_TN_BLD_0180",
      "geometry": {
        "type": "Polygon",
        "coordinates": [
          [
            [
              79.778,
              11.758000000000001
            ],
            [
              79.779,
              11.758000000000001
            ],
            [
              79.779,
              11.759
            ],
            [
              79.778,
              11.759
            ],
            [
              79.778,
              11.758000000000001
            ]
          ]
        ]
      },
      "properties": {
        "building_id": "INDEPENDENT_TN_BLD_0180",
        "osm_id": "osm_way_ind_0180",
        "event_id": "TN_THOOTHUKUDI_FLOOD_2023",
        "prediction": "DESTROYED",
        "damage_prediction": "DESTROYED",
        "confidence": 1.0,
        "prediction_margin": 0.35,
        "entropy": 0.45,
        "domain_shift_score": 0.1,
        "prob_intact": 0.1,
        "prob_damaged": 0.1,
        "prob_destroyed": 0.85,
        "coverage_ratio": 1.2,
        "pre_product_id": "SENTINEL2_PRE_20201115",
        "post_product_id": "SENTINEL2_POST_20201127",
        "pre_date": "2020-11-15T00:24:12Z",
        "post_date": "2020-11-27T00:24:13Z",
        "temporal_delta_days": 12,
        "review_status": "AUTOMATIC_CANDIDATE",
        "model_version": "Phase 8.4 Champion",
        "checkpoint_sha256": "f5761006f3526f8ff9aa3a1d6487b7842c964fad99938cddf747cd1a1cba85db"
      }
    },
    {
      "type": "Feature",
      "id": "INDEPENDENT_TN_BLD_0181",
      "geometry": {
        "type": "Polygon",
        "coordinates": [
          [
            [
              79.77810000000001,
              11.7581
            ],
            [
              79.7791,
              11.7581
            ],
            [
              79.7791,
              11.7591
            ],
            [
              79.77810000000001,
              11.7591
            ],
            [
              79.77810000000001,
              11.7581
            ]
          ]
        ]
      },
      "properties": {
        "building_id": "INDEPENDENT_TN_BLD_0181",
        "osm_id": "osm_way_ind_0181",
        "event_id": "TN_THOOTHUKUDI_FLOOD_2023",
        "prediction": "DESTROYED",
        "damage_prediction": "DESTROYED",
        "confidence": 1.0,
        "prediction_margin": 0.35,
        "entropy": 0.45,
        "domain_shift_score": 0.1,
        "prob_intact": 0.1,
        "prob_damaged": 0.1,
        "prob_destroyed": 0.85,
        "coverage_ratio": 1.2,
        "pre_product_id": "SENTINEL2_PRE_20201115",
        "post_product_id": "SENTINEL2_POST_20201127",
        "pre_date": "2020-11-15T00:24:12Z",
        "post_date": "2020-11-27T00:24:13Z",
        "temporal_delta_days": 12,
        "review_status": "AUTOMATIC_CANDIDATE",
        "model_version": "Phase 8.4 Champion",
        "checkpoint_sha256": "f5761006f3526f8ff9aa3a1d6487b7842c964fad99938cddf747cd1a1cba85db"
      }
    },
    {
      "type": "Feature",
      "id": "INDEPENDENT_TN_BLD_0182",
      "geometry": {
        "type": "Polygon",
        "coordinates": [
          [
            [
              79.7782,
              11.7582
            ],
            [
              79.77919999999999,
              11.7582
            ],
            [
              79.77919999999999,
              11.7592
            ],
            [
              79.7782,
              11.7592
            ],
            [
              79.7782,
              11.7582
            ]
          ]
        ]
      },
      "properties": {
        "building_id": "INDEPENDENT_TN_BLD_0182",
        "osm_id": "osm_way_ind_0182",
        "event_id": "TN_THOOTHUKUDI_FLOOD_2023",
        "prediction": "DESTROYED",
        "damage_prediction": "DESTROYED",
        "confidence": 1.0,
        "prediction_margin": 0.35,
        "entropy": 0.45,
        "domain_shift_score": 0.1,
        "prob_intact": 0.1,
        "prob_damaged": 0.1,
        "prob_destroyed": 0.85,
        "coverage_ratio": 1.2,
        "pre_product_id": "SENTINEL2_PRE_20201115",
        "post_product_id": "SENTINEL2_POST_20201127",
        "pre_date": "2020-11-15T00:24:12Z",
        "post_date": "2020-11-27T00:24:13Z",
        "temporal_delta_days": 12,
        "review_status": "AUTOMATIC_CANDIDATE",
        "model_version": "Phase 8.4 Champion",
        "checkpoint_sha256": "f5761006f3526f8ff9aa3a1d6487b7842c964fad99938cddf747cd1a1cba85db"
      }
    },
    {
      "type": "Feature",
      "id": "INDEPENDENT_TN_BLD_0183",
      "geometry": {
        "type": "Polygon",
        "coordinates": [
          [
            [
              79.7783,
              11.7583
            ],
            [
              79.77929999999999,
              11.7583
            ],
            [
              79.77929999999999,
              11.7593
            ],
            [
              79.7783,
              11.7593
            ],
            [
              79.7783,
              11.7583
            ]
          ]
        ]
      },
      "properties": {
        "building_id": "INDEPENDENT_TN_BLD_0183",
        "osm_id": "osm_way_ind_0183",
        "event_id": "TN_THOOTHUKUDI_FLOOD_2023",
        "prediction": "DESTROYED",
        "damage_prediction": "DESTROYED",
        "confidence": 1.0,
        "prediction_margin": 0.35,
        "entropy": 0.45,
        "domain_shift_score": 0.1,
        "prob_intact": 0.1,
        "prob_damaged": 0.1,
        "prob_destroyed": 0.85,
        "coverage_ratio": 1.2,
        "pre_product_id": "SENTINEL2_PRE_20201115",
        "post_product_id": "SENTINEL2_POST_20201127",
        "pre_date": "2020-11-15T00:24:12Z",
        "post_date": "2020-11-27T00:24:13Z",
        "temporal_delta_days": 12,
        "review_status": "AUTOMATIC_CANDIDATE",
        "model_version": "Phase 8.4 Champion",
        "checkpoint_sha256": "f5761006f3526f8ff9aa3a1d6487b7842c964fad99938cddf747cd1a1cba85db"
      }
    },
    {
      "type": "Feature",
      "id": "INDEPENDENT_TN_BLD_0184",
      "geometry": {
        "type": "Polygon",
        "coordinates": [
          [
            [
              79.7784,
              11.7584
            ],
            [
              79.7794,
              11.7584
            ],
            [
              79.7794,
              11.7594
            ],
            [
              79.7784,
              11.7594
            ],
            [
              79.7784,
              11.7584
            ]
          ]
        ]
      },
      "properties": {
        "building_id": "INDEPENDENT_TN_BLD_0184",
        "osm_id": "osm_way_ind_0184",
        "event_id": "TN_THOOTHUKUDI_FLOOD_2023",
        "prediction": "DESTROYED",
        "damage_prediction": "DESTROYED",
        "confidence": 1.0,
        "prediction_margin": 0.35,
        "entropy": 0.45,
        "domain_shift_score": 0.1,
        "prob_intact": 0.1,
        "prob_damaged": 0.1,
        "prob_destroyed": 0.85,
        "coverage_ratio": 1.2,
        "pre_product_id": "SENTINEL2_PRE_20201115",
        "post_product_id": "SENTINEL2_POST_20201127",
        "pre_date": "2020-11-15T00:24:12Z",
        "post_date": "2020-11-27T00:24:13Z",
        "temporal_delta_days": 12,
        "review_status": "AUTOMATIC_CANDIDATE",
        "model_version": "Phase 8.4 Champion",
        "checkpoint_sha256": "f5761006f3526f8ff9aa3a1d6487b7842c964fad99938cddf747cd1a1cba85db"
      }
    },
    {
      "type": "Feature",
      "id": "INDEPENDENT_TN_BLD_0185",
      "geometry": {
        "type": "Polygon",
        "coordinates": [
          [
            [
              79.77850000000001,
              11.7585
            ],
            [
              79.7795,
              11.7585
            ],
            [
              79.7795,
              11.7595
            ],
            [
              79.77850000000001,
              11.7595
            ],
            [
              79.77850000000001,
              11.7585
            ]
          ]
        ]
      },
      "properties": {
        "building_id": "INDEPENDENT_TN_BLD_0185",
        "osm_id": "osm_way_ind_0185",
        "event_id": "TN_THOOTHUKUDI_FLOOD_2023",
        "prediction": "DESTROYED",
        "damage_prediction": "DESTROYED",
        "confidence": 1.0,
        "prediction_margin": 0.35,
        "entropy": 0.45,
        "domain_shift_score": 0.1,
        "prob_intact": 0.1,
        "prob_damaged": 0.1,
        "prob_destroyed": 0.85,
        "coverage_ratio": 1.2,
        "pre_product_id": "SENTINEL2_PRE_20201115",
        "post_product_id": "SENTINEL2_POST_20201127",
        "pre_date": "2020-11-15T00:24:12Z",
        "post_date": "2020-11-27T00:24:13Z",
        "temporal_delta_days": 12,
        "review_status": "AUTOMATIC_CANDIDATE",
        "model_version": "Phase 8.4 Champion",
        "checkpoint_sha256": "f5761006f3526f8ff9aa3a1d6487b7842c964fad99938cddf747cd1a1cba85db"
      }
    },
    {
      "type": "Feature",
      "id": "INDEPENDENT_TN_BLD_0186",
      "geometry": {
        "type": "Polygon",
        "coordinates": [
          [
            [
              79.77860000000001,
              11.7586
            ],
            [
              79.7796,
              11.7586
            ],
            [
              79.7796,
              11.759599999999999
            ],
            [
              79.77860000000001,
              11.759599999999999
            ],
            [
              79.77860000000001,
              11.7586
            ]
          ]
        ]
      },
      "properties": {
        "building_id": "INDEPENDENT_TN_BLD_0186",
        "osm_id": "osm_way_ind_0186",
        "event_id": "TN_THOOTHUKUDI_FLOOD_2023",
        "prediction": "DESTROYED",
        "damage_prediction": "DESTROYED",
        "confidence": 1.0,
        "prediction_margin": 0.35,
        "entropy": 0.45,
        "domain_shift_score": 0.1,
        "prob_intact": 0.1,
        "prob_damaged": 0.1,
        "prob_destroyed": 0.85,
        "coverage_ratio": 1.2,
        "pre_product_id": "SENTINEL2_PRE_20201115",
        "post_product_id": "SENTINEL2_POST_20201127",
        "pre_date": "2020-11-15T00:24:12Z",
        "post_date": "2020-11-27T00:24:13Z",
        "temporal_delta_days": 12,
        "review_status": "AUTOMATIC_CANDIDATE",
        "model_version": "Phase 8.4 Champion",
        "checkpoint_sha256": "f5761006f3526f8ff9aa3a1d6487b7842c964fad99938cddf747cd1a1cba85db"
      }
    },
    {
      "type": "Feature",
      "id": "INDEPENDENT_TN_BLD_0187",
      "geometry": {
        "type": "Polygon",
        "coordinates": [
          [
            [
              79.7787,
              11.758700000000001
            ],
            [
              79.77969999999999,
              11.758700000000001
            ],
            [
              79.77969999999999,
              11.7597
            ],
            [
              79.7787,
              11.7597
            ],
            [
              79.7787,
              11.758700000000001
            ]
          ]
        ]
      },
      "properties": {
        "building_id": "INDEPENDENT_TN_BLD_0187",
        "osm_id": "osm_way_ind_0187",
        "event_id": "TN_THOOTHUKUDI_FLOOD_2023",
        "prediction": "DESTROYED",
        "damage_prediction": "DESTROYED",
        "confidence": 1.0,
        "prediction_margin": 0.35,
        "entropy": 0.45,
        "domain_shift_score": 0.1,
        "prob_intact": 0.1,
        "prob_damaged": 0.1,
        "prob_destroyed": 0.85,
        "coverage_ratio": 1.2,
        "pre_product_id": "SENTINEL2_PRE_20201115",
        "post_product_id": "SENTINEL2_POST_20201127",
        "pre_date": "2020-11-15T00:24:12Z",
        "post_date": "2020-11-27T00:24:13Z",
        "temporal_delta_days": 12,
        "review_status": "AUTOMATIC_CANDIDATE",
        "model_version": "Phase 8.4 Champion",
        "checkpoint_sha256": "f5761006f3526f8ff9aa3a1d6487b7842c964fad99938cddf747cd1a1cba85db"
      }
    },
    {
      "type": "Feature",
      "id": "INDEPENDENT_TN_BLD_0188",
      "geometry": {
        "type": "Polygon",
        "coordinates": [
          [
            [
              79.7788,
              11.7588
            ],
            [
              79.7798,
              11.7588
            ],
            [
              79.7798,
              11.7598
            ],
            [
              79.7788,
              11.7598
            ],
            [
              79.7788,
              11.7588
            ]
          ]
        ]
      },
      "properties": {
        "building_id": "INDEPENDENT_TN_BLD_0188",
        "osm_id": "osm_way_ind_0188",
        "event_id": "TN_THOOTHUKUDI_FLOOD_2023",
        "prediction": "DESTROYED",
        "damage_prediction": "DESTROYED",
        "confidence": 1.0,
        "prediction_margin": 0.35,
        "entropy": 0.45,
        "domain_shift_score": 0.1,
        "prob_intact": 0.1,
        "prob_damaged": 0.1,
        "prob_destroyed": 0.85,
        "coverage_ratio": 1.2,
        "pre_product_id": "SENTINEL2_PRE_20201115",
        "post_product_id": "SENTINEL2_POST_20201127",
        "pre_date": "2020-11-15T00:24:12Z",
        "post_date": "2020-11-27T00:24:13Z",
        "temporal_delta_days": 12,
        "review_status": "AUTOMATIC_CANDIDATE",
        "model_version": "Phase 8.4 Champion",
        "checkpoint_sha256": "f5761006f3526f8ff9aa3a1d6487b7842c964fad99938cddf747cd1a1cba85db"
      }
    },
    {
      "type": "Feature",
      "id": "INDEPENDENT_TN_BLD_0189",
      "geometry": {
        "type": "Polygon",
        "coordinates": [
          [
            [
              79.77890000000001,
              11.7589
            ],
            [
              79.7799,
              11.7589
            ],
            [
              79.7799,
              11.7599
            ],
            [
              79.77890000000001,
              11.7599
            ],
            [
              79.77890000000001,
              11.7589
            ]
          ]
        ]
      },
      "properties": {
        "building_id": "INDEPENDENT_TN_BLD_0189",
        "osm_id": "osm_way_ind_0189",
        "event_id": "TN_THOOTHUKUDI_FLOOD_2023",
        "prediction": "DESTROYED",
        "damage_prediction": "DESTROYED",
        "confidence": 1.0,
        "prediction_margin": 0.35,
        "entropy": 0.45,
        "domain_shift_score": 0.1,
        "prob_intact": 0.1,
        "prob_damaged": 0.1,
        "prob_destroyed": 0.85,
        "coverage_ratio": 1.2,
        "pre_product_id": "SENTINEL2_PRE_20201115",
        "post_product_id": "SENTINEL2_POST_20201127",
        "pre_date": "2020-11-15T00:24:12Z",
        "post_date": "2020-11-27T00:24:13Z",
        "temporal_delta_days": 12,
        "review_status": "AUTOMATIC_CANDIDATE",
        "model_version": "Phase 8.4 Champion",
        "checkpoint_sha256": "f5761006f3526f8ff9aa3a1d6487b7842c964fad99938cddf747cd1a1cba85db"
      }
    },
    {
      "type": "Feature",
      "id": "INDEPENDENT_TN_BLD_0190",
      "geometry": {
        "type": "Polygon",
        "coordinates": [
          [
            [
              79.77900000000001,
              11.759
            ],
            [
              79.78,
              11.759
            ],
            [
              79.78,
              11.76
            ],
            [
              79.77900000000001,
              11.76
            ],
            [
              79.77900000000001,
              11.759
            ]
          ]
        ]
      },
      "properties": {
        "building_id": "INDEPENDENT_TN_BLD_0190",
        "osm_id": "osm_way_ind_0190",
        "event_id": "TN_THOOTHUKUDI_FLOOD_2023",
        "prediction": "DESTROYED",
        "damage_prediction": "DESTROYED",
        "confidence": 1.0,
        "prediction_margin": 0.35,
        "entropy": 0.45,
        "domain_shift_score": 0.1,
        "prob_intact": 0.1,
        "prob_damaged": 0.1,
        "prob_destroyed": 0.85,
        "coverage_ratio": 1.2,
        "pre_product_id": "SENTINEL2_PRE_20201115",
        "post_product_id": "SENTINEL2_POST_20201127",
        "pre_date": "2020-11-15T00:24:12Z",
        "post_date": "2020-11-27T00:24:13Z",
        "temporal_delta_days": 12,
        "review_status": "AUTOMATIC_CANDIDATE",
        "model_version": "Phase 8.4 Champion",
        "checkpoint_sha256": "f5761006f3526f8ff9aa3a1d6487b7842c964fad99938cddf747cd1a1cba85db"
      }
    },
    {
      "type": "Feature",
      "id": "INDEPENDENT_TN_BLD_0191",
      "geometry": {
        "type": "Polygon",
        "coordinates": [
          [
            [
              79.7791,
              11.7591
            ],
            [
              79.78009999999999,
              11.7591
            ],
            [
              79.78009999999999,
              11.7601
            ],
            [
              79.7791,
              11.7601
            ],
            [
              79.7791,
              11.7591
            ]
          ]
        ]
      },
      "properties": {
        "building_id": "INDEPENDENT_TN_BLD_0191",
        "osm_id": "osm_way_ind_0191",
        "event_id": "TN_THOOTHUKUDI_FLOOD_2023",
        "prediction": "DESTROYED",
        "damage_prediction": "DESTROYED",
        "confidence": 1.0,
        "prediction_margin": 0.35,
        "entropy": 0.45,
        "domain_shift_score": 0.1,
        "prob_intact": 0.1,
        "prob_damaged": 0.1,
        "prob_destroyed": 0.85,
        "coverage_ratio": 1.2,
        "pre_product_id": "SENTINEL2_PRE_20201115",
        "post_product_id": "SENTINEL2_POST_20201127",
        "pre_date": "2020-11-15T00:24:12Z",
        "post_date": "2020-11-27T00:24:13Z",
        "temporal_delta_days": 12,
        "review_status": "AUTOMATIC_CANDIDATE",
        "model_version": "Phase 8.4 Champion",
        "checkpoint_sha256": "f5761006f3526f8ff9aa3a1d6487b7842c964fad99938cddf747cd1a1cba85db"
      }
    },
    {
      "type": "Feature",
      "id": "INDEPENDENT_TN_BLD_0192",
      "geometry": {
        "type": "Polygon",
        "coordinates": [
          [
            [
              79.7792,
              11.7592
            ],
            [
              79.7802,
              11.7592
            ],
            [
              79.7802,
              11.7602
            ],
            [
              79.7792,
              11.7602
            ],
            [
              79.7792,
              11.7592
            ]
          ]
        ]
      },
      "properties": {
        "building_id": "INDEPENDENT_TN_BLD_0192",
        "osm_id": "osm_way_ind_0192",
        "event_id": "TN_THOOTHUKUDI_FLOOD_2023",
        "prediction": "DESTROYED",
        "damage_prediction": "DESTROYED",
        "confidence": 1.0,
        "prediction_margin": 0.35,
        "entropy": 0.45,
        "domain_shift_score": 0.1,
        "prob_intact": 0.1,
        "prob_damaged": 0.1,
        "prob_destroyed": 0.85,
        "coverage_ratio": 1.2,
        "pre_product_id": "SENTINEL2_PRE_20201115",
        "post_product_id": "SENTINEL2_POST_20201127",
        "pre_date": "2020-11-15T00:24:12Z",
        "post_date": "2020-11-27T00:24:13Z",
        "temporal_delta_days": 12,
        "review_status": "AUTOMATIC_CANDIDATE",
        "model_version": "Phase 8.4 Champion",
        "checkpoint_sha256": "f5761006f3526f8ff9aa3a1d6487b7842c964fad99938cddf747cd1a1cba85db"
      }
    },
    {
      "type": "Feature",
      "id": "INDEPENDENT_TN_BLD_0193",
      "geometry": {
        "type": "Polygon",
        "coordinates": [
          [
            [
              79.7793,
              11.7593
            ],
            [
              79.7803,
              11.7593
            ],
            [
              79.7803,
              11.760299999999999
            ],
            [
              79.7793,
              11.760299999999999
            ],
            [
              79.7793,
              11.7593
            ]
          ]
        ]
      },
      "properties": {
        "building_id": "INDEPENDENT_TN_BLD_0193",
        "osm_id": "osm_way_ind_0193",
        "event_id": "TN_THOOTHUKUDI_FLOOD_2023",
        "prediction": "DESTROYED",
        "damage_prediction": "DESTROYED",
        "confidence": 1.0,
        "prediction_margin": 0.35,
        "entropy": 0.45,
        "domain_shift_score": 0.1,
        "prob_intact": 0.1,
        "prob_damaged": 0.1,
        "prob_destroyed": 0.85,
        "coverage_ratio": 1.2,
        "pre_product_id": "SENTINEL2_PRE_20201115",
        "post_product_id": "SENTINEL2_POST_20201127",
        "pre_date": "2020-11-15T00:24:12Z",
        "post_date": "2020-11-27T00:24:13Z",
        "temporal_delta_days": 12,
        "review_status": "AUTOMATIC_CANDIDATE",
        "model_version": "Phase 8.4 Champion",
        "checkpoint_sha256": "f5761006f3526f8ff9aa3a1d6487b7842c964fad99938cddf747cd1a1cba85db"
      }
    },
    {
      "type": "Feature",
      "id": "INDEPENDENT_TN_BLD_0194",
      "geometry": {
        "type": "Polygon",
        "coordinates": [
          [
            [
              79.77940000000001,
              11.7594
            ],
            [
              79.7804,
              11.7594
            ],
            [
              79.7804,
              11.760399999999999
            ],
            [
              79.77940000000001,
              11.760399999999999
            ],
            [
              79.77940000000001,
              11.7594
            ]
          ]
        ]
      },
      "properties": {
        "building_id": "INDEPENDENT_TN_BLD_0194",
        "osm_id": "osm_way_ind_0194",
        "event_id": "TN_THOOTHUKUDI_FLOOD_2023",
        "prediction": "DESTROYED",
        "damage_prediction": "DESTROYED",
        "confidence": 1.0,
        "prediction_margin": 0.35,
        "entropy": 0.45,
        "domain_shift_score": 0.1,
        "prob_intact": 0.1,
        "prob_damaged": 0.1,
        "prob_destroyed": 0.85,
        "coverage_ratio": 1.2,
        "pre_product_id": "SENTINEL2_PRE_20201115",
        "post_product_id": "SENTINEL2_POST_20201127",
        "pre_date": "2020-11-15T00:24:12Z",
        "post_date": "2020-11-27T00:24:13Z",
        "temporal_delta_days": 12,
        "review_status": "AUTOMATIC_CANDIDATE",
        "model_version": "Phase 8.4 Champion",
        "checkpoint_sha256": "f5761006f3526f8ff9aa3a1d6487b7842c964fad99938cddf747cd1a1cba85db"
      }
    },
    {
      "type": "Feature",
      "id": "INDEPENDENT_TN_BLD_0195",
      "geometry": {
        "type": "Polygon",
        "coordinates": [
          [
            [
              79.7795,
              11.759500000000001
            ],
            [
              79.78049999999999,
              11.759500000000001
            ],
            [
              79.78049999999999,
              11.7605
            ],
            [
              79.7795,
              11.7605
            ],
            [
              79.7795,
              11.759500000000001
            ]
          ]
        ]
      },
      "properties": {
        "building_id": "INDEPENDENT_TN_BLD_0195",
        "osm_id": "osm_way_ind_0195",
        "event_id": "TN_THOOTHUKUDI_FLOOD_2023",
        "prediction": "DESTROYED",
        "damage_prediction": "DESTROYED",
        "confidence": 1.0,
        "prediction_margin": 0.35,
        "entropy": 0.45,
        "domain_shift_score": 0.1,
        "prob_intact": 0.1,
        "prob_damaged": 0.1,
        "prob_destroyed": 0.85,
        "coverage_ratio": 1.2,
        "pre_product_id": "SENTINEL2_PRE_20201115",
        "post_product_id": "SENTINEL2_POST_20201127",
        "pre_date": "2020-11-15T00:24:12Z",
        "post_date": "2020-11-27T00:24:13Z",
        "temporal_delta_days": 12,
        "review_status": "AUTOMATIC_CANDIDATE",
        "model_version": "Phase 8.4 Champion",
        "checkpoint_sha256": "f5761006f3526f8ff9aa3a1d6487b7842c964fad99938cddf747cd1a1cba85db"
      }
    },
    {
      "type": "Feature",
      "id": "INDEPENDENT_TN_BLD_0196",
      "geometry": {
        "type": "Polygon",
        "coordinates": [
          [
            [
              79.7796,
              11.7596
            ],
            [
              79.78059999999999,
              11.7596
            ],
            [
              79.78059999999999,
              11.7606
            ],
            [
              79.7796,
              11.7606
            ],
            [
              79.7796,
              11.7596
            ]
          ]
        ]
      },
      "properties": {
        "building_id": "INDEPENDENT_TN_BLD_0196",
        "osm_id": "osm_way_ind_0196",
        "event_id": "TN_THOOTHUKUDI_FLOOD_2023",
        "prediction": "DESTROYED",
        "damage_prediction": "DESTROYED",
        "confidence": 1.0,
        "prediction_margin": 0.35,
        "entropy": 0.45,
        "domain_shift_score": 0.1,
        "prob_intact": 0.1,
        "prob_damaged": 0.1,
        "prob_destroyed": 0.85,
        "coverage_ratio": 1.2,
        "pre_product_id": "SENTINEL2_PRE_20201115",
        "post_product_id": "SENTINEL2_POST_20201127",
        "pre_date": "2020-11-15T00:24:12Z",
        "post_date": "2020-11-27T00:24:13Z",
        "temporal_delta_days": 12,
        "review_status": "AUTOMATIC_CANDIDATE",
        "model_version": "Phase 8.4 Champion",
        "checkpoint_sha256": "f5761006f3526f8ff9aa3a1d6487b7842c964fad99938cddf747cd1a1cba85db"
      }
    },
    {
      "type": "Feature",
      "id": "INDEPENDENT_TN_BLD_0197",
      "geometry": {
        "type": "Polygon",
        "coordinates": [
          [
            [
              79.7797,
              11.7597
            ],
            [
              79.7807,
              11.7597
            ],
            [
              79.7807,
              11.7607
            ],
            [
              79.7797,
              11.7607
            ],
            [
              79.7797,
              11.7597
            ]
          ]
        ]
      },
      "properties": {
        "building_id": "INDEPENDENT_TN_BLD_0197",
        "osm_id": "osm_way_ind_0197",
        "event_id": "TN_THOOTHUKUDI_FLOOD_2023",
        "prediction": "DESTROYED",
        "damage_prediction": "DESTROYED",
        "confidence": 1.0,
        "prediction_margin": 0.35,
        "entropy": 0.45,
        "domain_shift_score": 0.1,
        "prob_intact": 0.1,
        "prob_damaged": 0.1,
        "prob_destroyed": 0.85,
        "coverage_ratio": 1.2,
        "pre_product_id": "SENTINEL2_PRE_20201115",
        "post_product_id": "SENTINEL2_POST_20201127",
        "pre_date": "2020-11-15T00:24:12Z",
        "post_date": "2020-11-27T00:24:13Z",
        "temporal_delta_days": 12,
        "review_status": "AUTOMATIC_CANDIDATE",
        "model_version": "Phase 8.4 Champion",
        "checkpoint_sha256": "f5761006f3526f8ff9aa3a1d6487b7842c964fad99938cddf747cd1a1cba85db"
      }
    },
    {
      "type": "Feature",
      "id": "INDEPENDENT_TN_BLD_0198",
      "geometry": {
        "type": "Polygon",
        "coordinates": [
          [
            [
              79.77980000000001,
              11.7598
            ],
            [
              79.7808,
              11.7598
            ],
            [
              79.7808,
              11.7608
            ],
            [
              79.77980000000001,
              11.7608
            ],
            [
              79.77980000000001,
              11.7598
            ]
          ]
        ]
      },
      "properties": {
        "building_id": "INDEPENDENT_TN_BLD_0198",
        "osm_id": "osm_way_ind_0198",
        "event_id": "TN_THOOTHUKUDI_FLOOD_2023",
        "prediction": "DESTROYED",
        "damage_prediction": "DESTROYED",
        "confidence": 1.0,
        "prediction_margin": 0.35,
        "entropy": 0.45,
        "domain_shift_score": 0.1,
        "prob_intact": 0.1,
        "prob_damaged": 0.1,
        "prob_destroyed": 0.85,
        "coverage_ratio": 1.2,
        "pre_product_id": "SENTINEL2_PRE_20201115",
        "post_product_id": "SENTINEL2_POST_20201127",
        "pre_date": "2020-11-15T00:24:12Z",
        "post_date": "2020-11-27T00:24:13Z",
        "temporal_delta_days": 12,
        "review_status": "AUTOMATIC_CANDIDATE",
        "model_version": "Phase 8.4 Champion",
        "checkpoint_sha256": "f5761006f3526f8ff9aa3a1d6487b7842c964fad99938cddf747cd1a1cba85db"
      }
    },
    {
      "type": "Feature",
      "id": "INDEPENDENT_TN_BLD_0199",
      "geometry": {
        "type": "Polygon",
        "coordinates": [
          [
            [
              79.77990000000001,
              11.7599
            ],
            [
              79.7809,
              11.7599
            ],
            [
              79.7809,
              11.7609
            ],
            [
              79.77990000000001,
              11.7609
            ],
            [
              79.77990000000001,
              11.7599
            ]
          ]
        ]
      },
      "properties": {
        "building_id": "INDEPENDENT_TN_BLD_0199",
        "osm_id": "osm_way_ind_0199",
        "event_id": "TN_THOOTHUKUDI_FLOOD_2023",
        "prediction": "DESTROYED",
        "damage_prediction": "DESTROYED",
        "confidence": 1.0,
        "prediction_margin": 0.35,
        "entropy": 0.45,
        "domain_shift_score": 0.1,
        "prob_intact": 0.1,
        "prob_damaged": 0.1,
        "prob_destroyed": 0.85,
        "coverage_ratio": 1.2,
        "pre_product_id": "SENTINEL2_PRE_20201115",
        "post_product_id": "SENTINEL2_POST_20201127",
        "pre_date": "2020-11-15T00:24:12Z",
        "post_date": "2020-11-27T00:24:13Z",
        "temporal_delta_days": 12,
        "review_status": "AUTOMATIC_CANDIDATE",
        "model_version": "Phase 8.4 Champion",
        "checkpoint_sha256": "f5761006f3526f8ff9aa3a1d6487b7842c964fad99938cddf747cd1a1cba85db"
      }
    },
    {
      "type": "Feature",
      "id": "VERIFIED_TN_CHENNAI_FLOOD_2021_00000",
      "geometry": {
        "type": "Polygon",
        "coordinates": [
          [
            [
              80.1824423053044,
              13.039840206591617
            ],
            [
              80.18270307057891,
              13.039840206591617
            ],
            [
              80.18270307057891,
              13.04010702479485
            ],
            [
              80.1824423053044,
              13.04010702479485
            ],
            [
              80.1824423053044,
              13.039840206591617
            ]
          ]
        ]
      },
      "properties": {
        "building_id": "VERIFIED_TN_CHENNAI_FLOOD_2021_00000",
        "osm_id": "900010500",
        "event_id": "TN_THOOTHUKUDI_FLOOD_2023",
        "prediction": "DAMAGED",
        "damage_prediction": "DAMAGED",
        "confidence": 0.5185,
        "prediction_margin": 0.35,
        "entropy": 0.45,
        "domain_shift_score": 0.1,
        "prob_intact": 0.1,
        "prob_damaged": 0.85,
        "prob_destroyed": 0.05,
        "coverage_ratio": 1.2,
        "pre_product_id": "SENTINEL2_PRE_20201115",
        "post_product_id": "SENTINEL2_POST_20201127",
        "pre_date": "2020-11-15T00:24:12Z",
        "post_date": "2020-11-27T00:24:13Z",
        "temporal_delta_days": 12,
        "review_status": "AUTOMATIC_CANDIDATE",
        "model_version": "Phase 8.4 Champion",
        "checkpoint_sha256": "f5761006f3526f8ff9aa3a1d6487b7842c964fad99938cddf747cd1a1cba85db"
      }
    },
    {
      "type": "Feature",
      "id": "VERIFIED_TN_CHENNAI_FLOOD_2021_00001",
      "geometry": {
        "type": "Polygon",
        "coordinates": [
          [
            [
              80.1747054296142,
              13.00946631034531
            ],
            [
              80.1750943013903,
              13.00946631034531
            ],
            [
              80.1750943013903,
              13.009766741685251
            ],
            [
              80.1747054296142,
              13.009766741685251
            ],
            [
              80.1747054296142,
              13.00946631034531
            ]
          ]
        ]
      },
      "properties": {
        "building_id": "VERIFIED_TN_CHENNAI_FLOOD_2021_00001",
        "osm_id": "900010511",
        "event_id": "TN_THOOTHUKUDI_FLOOD_2023",
        "prediction": "INTACT",
        "damage_prediction": "INTACT",
        "confidence": 0.8755,
        "prediction_margin": 0.35,
        "entropy": 0.45,
        "domain_shift_score": 0.1,
        "prob_intact": 0.85,
        "prob_damaged": 0.1,
        "prob_destroyed": 0.05,
        "coverage_ratio": 1.2,
        "pre_product_id": "SENTINEL2_PRE_20201115",
        "post_product_id": "SENTINEL2_POST_20201127",
        "pre_date": "2020-11-15T00:24:12Z",
        "post_date": "2020-11-27T00:24:13Z",
        "temporal_delta_days": 12,
        "review_status": "AUTOMATIC_CANDIDATE",
        "model_version": "Phase 8.4 Champion",
        "checkpoint_sha256": "f5761006f3526f8ff9aa3a1d6487b7842c964fad99938cddf747cd1a1cba85db"
      }
    },
    {
      "type": "Feature",
      "id": "VERIFIED_TN_CHENNAI_FLOOD_2021_00002",
      "geometry": {
        "type": "Polygon",
        "coordinates": [
          [
            [
              80.151168468877,
              12.996654374022228
            ],
            [
              80.15153976110729,
              12.996654374022228
            ],
            [
              80.15153976110729,
              12.996888603343304
            ],
            [
              80.151168468877,
              12.996888603343304
            ],
            [
              80.151168468877,
              12.996654374022228
            ]
          ]
        ]
      },
      "properties": {
        "building_id": "VERIFIED_TN_CHENNAI_FLOOD_2021_00002",
        "osm_id": "900010522",
        "event_id": "TN_THOOTHUKUDI_FLOOD_2023",
        "prediction": "DAMAGED",
        "damage_prediction": "DAMAGED",
        "confidence": 1.0,
        "prediction_margin": 0.35,
        "entropy": 0.45,
        "domain_shift_score": 0.1,
        "prob_intact": 0.1,
        "prob_damaged": 0.85,
        "prob_destroyed": 0.05,
        "coverage_ratio": 1.2,
        "pre_product_id": "SENTINEL2_PRE_20201115",
        "post_product_id": "SENTINEL2_POST_20201127",
        "pre_date": "2020-11-15T00:24:12Z",
        "post_date": "2020-11-27T00:24:13Z",
        "temporal_delta_days": 12,
        "review_status": "AUTOMATIC_CANDIDATE",
        "model_version": "Phase 8.4 Champion",
        "checkpoint_sha256": "f5761006f3526f8ff9aa3a1d6487b7842c964fad99938cddf747cd1a1cba85db"
      }
    },
    {
      "type": "Feature",
      "id": "VERIFIED_TN_CHENNAI_FLOOD_2021_00003",
      "geometry": {
        "type": "Polygon",
        "coordinates": [
          [
            [
              80.19705808322507,
              12.993249290310732
            ],
            [
              80.19737901270068,
              12.993249290310732
            ],
            [
              80.19737901270068,
              12.993516532151656
            ],
            [
              80.19705808322507,
              12.993516532151656
            ],
            [
              80.19705808322507,
              12.993249290310732
            ]
          ]
        ]
      },
      "properties": {
        "building_id": "VERIFIED_TN_CHENNAI_FLOOD_2021_00003",
        "osm_id": "900010533",
        "event_id": "TN_THOOTHUKUDI_FLOOD_2023",
        "prediction": "DAMAGED",
        "damage_prediction": "DAMAGED",
        "confidence": 1.0,
        "prediction_margin": 0.35,
        "entropy": 0.45,
        "domain_shift_score": 0.1,
        "prob_intact": 0.1,
        "prob_damaged": 0.85,
        "prob_destroyed": 0.05,
        "coverage_ratio": 1.2,
        "pre_product_id": "SENTINEL2_PRE_20201115",
        "post_product_id": "SENTINEL2_POST_20201127",
        "pre_date": "2020-11-15T00:24:12Z",
        "post_date": "2020-11-27T00:24:13Z",
        "temporal_delta_days": 12,
        "review_status": "AUTOMATIC_CANDIDATE",
        "model_version": "Phase 8.4 Champion",
        "checkpoint_sha256": "f5761006f3526f8ff9aa3a1d6487b7842c964fad99938cddf747cd1a1cba85db"
      }
    },
    {
      "type": "Feature",
      "id": "VERIFIED_TN_CHENNAI_FLOOD_2021_00004",
      "geometry": {
        "type": "Polygon",
        "coordinates": [
          [
            [
              80.1711269341178,
              13.026622631682887
            ],
            [
              80.1714545526939,
              13.026622631682887
            ],
            [
              80.1714545526939,
              13.026899489678065
            ],
            [
              80.1711269341178,
              13.026899489678065
            ],
            [
              80.1711269341178,
              13.026622631682887
            ]
          ]
        ]
      },
      "properties": {
        "building_id": "VERIFIED_TN_CHENNAI_FLOOD_2021_00004",
        "osm_id": "900010544",
        "event_id": "TN_THOOTHUKUDI_FLOOD_2023",
        "prediction": "DAMAGED",
        "damage_prediction": "DAMAGED",
        "confidence": 1.0,
        "prediction_margin": 0.35,
        "entropy": 0.45,
        "domain_shift_score": 0.1,
        "prob_intact": 0.1,
        "prob_damaged": 0.85,
        "prob_destroyed": 0.05,
        "coverage_ratio": 1.2,
        "pre_product_id": "SENTINEL2_PRE_20201115",
        "post_product_id": "SENTINEL2_POST_20201127",
        "pre_date": "2020-11-15T00:24:12Z",
        "post_date": "2020-11-27T00:24:13Z",
        "temporal_delta_days": 12,
        "review_status": "AUTOMATIC_CANDIDATE",
        "model_version": "Phase 8.4 Champion",
        "checkpoint_sha256": "f5761006f3526f8ff9aa3a1d6487b7842c964fad99938cddf747cd1a1cba85db"
      }
    },
    {
      "type": "Feature",
      "id": "VERIFIED_TN_CHENNAI_FLOOD_2021_00005",
      "geometry": {
        "type": "Polygon",
        "coordinates": [
          [
            [
              80.15491890938024,
              12.99700587375735
            ],
            [
              80.15523894104992,
              12.99700587375735
            ],
            [
              80.15523894104992,
              12.997306726887418
            ],
            [
              80.15491890938024,
              12.997306726887418
            ],
            [
              80.15491890938024,
              12.99700587375735
            ]
          ]
        ]
      },
      "properties": {
        "building_id": "VERIFIED_TN_CHENNAI_FLOOD_2021_00005",
        "osm_id": "900010555",
        "event_id": "TN_THOOTHUKUDI_FLOOD_2023",
        "prediction": "DAMAGED",
        "damage_prediction": "DAMAGED",
        "confidence": 1.0,
        "prediction_margin": 0.35,
        "entropy": 0.45,
        "domain_shift_score": 0.1,
        "prob_intact": 0.1,
        "prob_damaged": 0.85,
        "prob_destroyed": 0.05,
        "coverage_ratio": 1.2,
        "pre_product_id": "SENTINEL2_PRE_20201115",
        "post_product_id": "SENTINEL2_POST_20201127",
        "pre_date": "2020-11-15T00:24:12Z",
        "post_date": "2020-11-27T00:24:13Z",
        "temporal_delta_days": 12,
        "review_status": "AUTOMATIC_CANDIDATE",
        "model_version": "Phase 8.4 Champion",
        "checkpoint_sha256": "f5761006f3526f8ff9aa3a1d6487b7842c964fad99938cddf747cd1a1cba85db"
      }
    },
    {
      "type": "Feature",
      "id": "VERIFIED_TN_CHENNAI_FLOOD_2021_00006",
      "geometry": {
        "type": "Polygon",
        "coordinates": [
          [
            [
              80.19719094170125,
              13.0109470250445
            ],
            [
              80.197493930803,
              13.0109470250445
            ],
            [
              80.197493930803,
              13.01117004982663
            ],
            [
              80.19719094170125,
              13.01117004982663
            ],
            [
              80.19719094170125,
              13.0109470250445
            ]
          ]
        ]
      },
      "properties": {
        "building_id": "VERIFIED_TN_CHENNAI_FLOOD_2021_00006",
        "osm_id": "900010566",
        "event_id": "TN_THOOTHUKUDI_FLOOD_2023",
        "prediction": "DESTROYED",
        "damage_prediction": "DESTROYED",
        "confidence": 1.0,
        "prediction_margin": 0.35,
        "entropy": 0.45,
        "domain_shift_score": 0.1,
        "prob_intact": 0.1,
        "prob_damaged": 0.1,
        "prob_destroyed": 0.85,
        "coverage_ratio": 1.2,
        "pre_product_id": "SENTINEL2_PRE_20201115",
        "post_product_id": "SENTINEL2_POST_20201127",
        "pre_date": "2020-11-15T00:24:12Z",
        "post_date": "2020-11-27T00:24:13Z",
        "temporal_delta_days": 12,
        "review_status": "AUTOMATIC_CANDIDATE",
        "model_version": "Phase 8.4 Champion",
        "checkpoint_sha256": "f5761006f3526f8ff9aa3a1d6487b7842c964fad99938cddf747cd1a1cba85db"
      }
    },
    {
      "type": "Feature",
      "id": "VERIFIED_TN_CHENNAI_FLOOD_2021_00007",
      "geometry": {
        "type": "Polygon",
        "coordinates": [
          [
            [
              80.18533123078406,
              13.049206229104325
            ],
            [
              80.18557870035524,
              13.049206229104325
            ],
            [
              80.18557870035524,
              13.049499772906145
            ],
            [
              80.18533123078406,
              13.049499772906145
            ],
            [
              80.18533123078406,
              13.049206229104325
            ]
          ]
        ]
      },
      "properties": {
        "building_id": "VERIFIED_TN_CHENNAI_FLOOD_2021_00007",
        "osm_id": "900010577",
        "event_id": "TN_THOOTHUKUDI_FLOOD_2023",
        "prediction": "DESTROYED",
        "damage_prediction": "DESTROYED",
        "confidence": 1.0,
        "prediction_margin": 0.35,
        "entropy": 0.45,
        "domain_shift_score": 0.1,
        "prob_intact": 0.1,
        "prob_damaged": 0.1,
        "prob_destroyed": 0.85,
        "coverage_ratio": 1.2,
        "pre_product_id": "SENTINEL2_PRE_20201115",
        "post_product_id": "SENTINEL2_POST_20201127",
        "pre_date": "2020-11-15T00:24:12Z",
        "post_date": "2020-11-27T00:24:13Z",
        "temporal_delta_days": 12,
        "review_status": "AUTOMATIC_CANDIDATE",
        "model_version": "Phase 8.4 Champion",
        "checkpoint_sha256": "f5761006f3526f8ff9aa3a1d6487b7842c964fad99938cddf747cd1a1cba85db"
      }
    },
    {
      "type": "Feature",
      "id": "VERIFIED_TN_CHENNAI_FLOOD_2021_00008",
      "geometry": {
        "type": "Polygon",
        "coordinates": [
          [
            [
              80.19962591414232,
              13.032096481831704
            ],
            [
              80.19993134250005,
              13.032096481831704
            ],
            [
              80.19993134250005,
              13.032375918212438
            ],
            [
              80.19962591414232,
              13.032375918212438
            ],
            [
              80.19962591414232,
              13.032096481831704
            ]
          ]
        ]
      },
      "properties": {
        "building_id": "VERIFIED_TN_CHENNAI_FLOOD_2021_00008",
        "osm_id": "900010588",
        "event_id": "TN_THOOTHUKUDI_FLOOD_2023",
        "prediction": "INTACT",
        "damage_prediction": "INTACT",
        "confidence": 0.9854,
        "prediction_margin": 0.35,
        "entropy": 0.45,
        "domain_shift_score": 0.1,
        "prob_intact": 0.85,
        "prob_damaged": 0.1,
        "prob_destroyed": 0.05,
        "coverage_ratio": 1.2,
        "pre_product_id": "SENTINEL2_PRE_20201115",
        "post_product_id": "SENTINEL2_POST_20201127",
        "pre_date": "2020-11-15T00:24:12Z",
        "post_date": "2020-11-27T00:24:13Z",
        "temporal_delta_days": 12,
        "review_status": "AUTOMATIC_CANDIDATE",
        "model_version": "Phase 8.4 Champion",
        "checkpoint_sha256": "f5761006f3526f8ff9aa3a1d6487b7842c964fad99938cddf747cd1a1cba85db"
      }
    },
    {
      "type": "Feature",
      "id": "VERIFIED_TN_CHENNAI_FLOOD_2021_00009",
      "geometry": {
        "type": "Polygon",
        "coordinates": [
          [
            [
              80.18767469004524,
              13.016844219308377
            ],
            [
              80.1879959536318,
              13.016844219308377
            ],
            [
              80.1879959536318,
              13.01710764941255
            ],
            [
              80.18767469004524,
              13.01710764941255
            ],
            [
              80.18767469004524,
              13.016844219308377
            ]
          ]
        ]
      },
      "properties": {
        "building_id": "VERIFIED_TN_CHENNAI_FLOOD_2021_00009",
        "osm_id": "900010599",
        "event_id": "TN_THOOTHUKUDI_FLOOD_2023",
        "prediction": "DESTROYED",
        "damage_prediction": "DESTROYED",
        "confidence": 1.0,
        "prediction_margin": 0.35,
        "entropy": 0.45,
        "domain_shift_score": 0.1,
        "prob_intact": 0.1,
        "prob_damaged": 0.1,
        "prob_destroyed": 0.85,
        "coverage_ratio": 1.2,
        "pre_product_id": "SENTINEL2_PRE_20201115",
        "post_product_id": "SENTINEL2_POST_20201127",
        "pre_date": "2020-11-15T00:24:12Z",
        "post_date": "2020-11-27T00:24:13Z",
        "temporal_delta_days": 12,
        "review_status": "AUTOMATIC_CANDIDATE",
        "model_version": "Phase 8.4 Champion",
        "checkpoint_sha256": "f5761006f3526f8ff9aa3a1d6487b7842c964fad99938cddf747cd1a1cba85db"
      }
    },
    {
      "type": "Feature",
      "id": "VERIFIED_TN_CHENNAI_FLOOD_2021_00010",
      "geometry": {
        "type": "Polygon",
        "coordinates": [
          [
            [
              80.19395359304437,
              13.029697479127105
            ],
            [
              80.19430889165088,
              13.029697479127105
            ],
            [
              80.19430889165088,
              13.029957515745867
            ],
            [
              80.19395359304437,
              13.029957515745867
            ],
            [
              80.19395359304437,
              13.029697479127105
            ]
          ]
        ]
      },
      "properties": {
        "building_id": "VERIFIED_TN_CHENNAI_FLOOD_2021_00010",
        "osm_id": "900010610",
        "event_id": "TN_THOOTHUKUDI_FLOOD_2023",
        "prediction": "DAMAGED",
        "damage_prediction": "DAMAGED",
        "confidence": 1.0,
        "prediction_margin": 0.35,
        "entropy": 0.45,
        "domain_shift_score": 0.1,
        "prob_intact": 0.1,
        "prob_damaged": 0.85,
        "prob_destroyed": 0.05,
        "coverage_ratio": 1.2,
        "pre_product_id": "SENTINEL2_PRE_20201115",
        "post_product_id": "SENTINEL2_POST_20201127",
        "pre_date": "2020-11-15T00:24:12Z",
        "post_date": "2020-11-27T00:24:13Z",
        "temporal_delta_days": 12,
        "review_status": "AUTOMATIC_CANDIDATE",
        "model_version": "Phase 8.4 Champion",
        "checkpoint_sha256": "f5761006f3526f8ff9aa3a1d6487b7842c964fad99938cddf747cd1a1cba85db"
      }
    },
    {
      "type": "Feature",
      "id": "VERIFIED_TN_CHENNAI_FLOOD_2021_00011",
      "geometry": {
        "type": "Polygon",
        "coordinates": [
          [
            [
              80.2050692402566,
              12.993187365258565
            ],
            [
              80.20531527183907,
              12.993187365258565
            ],
            [
              80.20531527183907,
              12.993431425613648
            ],
            [
              80.2050692402566,
              12.993431425613648
            ],
            [
              80.2050692402566,
              12.993187365258565
            ]
          ]
        ]
      },
      "properties": {
        "building_id": "VERIFIED_TN_CHENNAI_FLOOD_2021_00011",
        "osm_id": "900010621",
        "event_id": "TN_THOOTHUKUDI_FLOOD_2023",
        "prediction": "INTACT",
        "damage_prediction": "INTACT",
        "confidence": 0.8166,
        "prediction_margin": 0.35,
        "entropy": 0.45,
        "domain_shift_score": 0.1,
        "prob_intact": 0.85,
        "prob_damaged": 0.1,
        "prob_destroyed": 0.05,
        "coverage_ratio": 1.2,
        "pre_product_id": "SENTINEL2_PRE_20201115",
        "post_product_id": "SENTINEL2_POST_20201127",
        "pre_date": "2020-11-15T00:24:12Z",
        "post_date": "2020-11-27T00:24:13Z",
        "temporal_delta_days": 12,
        "review_status": "AUTOMATIC_CANDIDATE",
        "model_version": "Phase 8.4 Champion",
        "checkpoint_sha256": "f5761006f3526f8ff9aa3a1d6487b7842c964fad99938cddf747cd1a1cba85db"
      }
    },
    {
      "type": "Feature",
      "id": "VERIFIED_TN_CHENNAI_FLOOD_2021_00012",
      "geometry": {
        "type": "Polygon",
        "coordinates": [
          [
            [
              80.15875255999376,
              13.034643980944352
            ],
            [
              80.15901953584151,
              13.034643980944352
            ],
            [
              80.15901953584151,
              13.034913676563935
            ],
            [
              80.15875255999376,
              13.034913676563935
            ],
            [
              80.15875255999376,
              13.034643980944352
            ]
          ]
        ]
      },
      "properties": {
        "building_id": "VERIFIED_TN_CHENNAI_FLOOD_2021_00012",
        "osm_id": "900010632",
        "event_id": "TN_THOOTHUKUDI_FLOOD_2023",
        "prediction": "DAMAGED",
        "damage_prediction": "DAMAGED",
        "confidence": 1.0,
        "prediction_margin": 0.35,
        "entropy": 0.45,
        "domain_shift_score": 0.1,
        "prob_intact": 0.1,
        "prob_damaged": 0.85,
        "prob_destroyed": 0.05,
        "coverage_ratio": 1.2,
        "pre_product_id": "SENTINEL2_PRE_20201115",
        "post_product_id": "SENTINEL2_POST_20201127",
        "pre_date": "2020-11-15T00:24:12Z",
        "post_date": "2020-11-27T00:24:13Z",
        "temporal_delta_days": 12,
        "review_status": "AUTOMATIC_CANDIDATE",
        "model_version": "Phase 8.4 Champion",
        "checkpoint_sha256": "f5761006f3526f8ff9aa3a1d6487b7842c964fad99938cddf747cd1a1cba85db"
      }
    },
    {
      "type": "Feature",
      "id": "VERIFIED_TN_CHENNAI_FLOOD_2021_00013",
      "geometry": {
        "type": "Polygon",
        "coordinates": [
          [
            [
              80.20484703886993,
              13.032229722050545
            ],
            [
              80.20515013345334,
              13.032229722050545
            ],
            [
              80.20515013345334,
              13.03242987618161
            ],
            [
              80.20484703886993,
              13.03242987618161
            ],
            [
              80.20484703886993,
              13.032229722050545
            ]
          ]
        ]
      },
      "properties": {
        "building_id": "VERIFIED_TN_CHENNAI_FLOOD_2021_00013",
        "osm_id": "900010643",
        "event_id": "TN_THOOTHUKUDI_FLOOD_2023",
        "prediction": "DESTROYED",
        "damage_prediction": "DESTROYED",
        "confidence": 1.0,
        "prediction_margin": 0.35,
        "entropy": 0.45,
        "domain_shift_score": 0.1,
        "prob_intact": 0.1,
        "prob_damaged": 0.1,
        "prob_destroyed": 0.85,
        "coverage_ratio": 1.2,
        "pre_product_id": "SENTINEL2_PRE_20201115",
        "post_product_id": "SENTINEL2_POST_20201127",
        "pre_date": "2020-11-15T00:24:12Z",
        "post_date": "2020-11-27T00:24:13Z",
        "temporal_delta_days": 12,
        "review_status": "AUTOMATIC_CANDIDATE",
        "model_version": "Phase 8.4 Champion",
        "checkpoint_sha256": "f5761006f3526f8ff9aa3a1d6487b7842c964fad99938cddf747cd1a1cba85db"
      }
    },
    {
      "type": "Feature",
      "id": "VERIFIED_TN_CHENNAI_FLOOD_2021_00014",
      "geometry": {
        "type": "Polygon",
        "coordinates": [
          [
            [
              80.18189481836446,
              13.030376481412945
            ],
            [
              80.18225172700629,
              13.030376481412945
            ],
            [
              80.18225172700629,
              13.030639104888385
            ],
            [
              80.18189481836446,
              13.030639104888385
            ],
            [
              80.18189481836446,
              13.030376481412945
            ]
          ]
        ]
      },
      "properties": {
        "building_id": "VERIFIED_TN_CHENNAI_FLOOD_2021_00014",
        "osm_id": "900010654",
        "event_id": "TN_THOOTHUKUDI_FLOOD_2023",
        "prediction": "DAMAGED",
        "damage_prediction": "DAMAGED",
        "confidence": 1.0,
        "prediction_margin": 0.35,
        "entropy": 0.45,
        "domain_shift_score": 0.1,
        "prob_intact": 0.1,
        "prob_damaged": 0.85,
        "prob_destroyed": 0.05,
        "coverage_ratio": 1.2,
        "pre_product_id": "SENTINEL2_PRE_20201115",
        "post_product_id": "SENTINEL2_POST_20201127",
        "pre_date": "2020-11-15T00:24:12Z",
        "post_date": "2020-11-27T00:24:13Z",
        "temporal_delta_days": 12,
        "review_status": "AUTOMATIC_CANDIDATE",
        "model_version": "Phase 8.4 Champion",
        "checkpoint_sha256": "f5761006f3526f8ff9aa3a1d6487b7842c964fad99938cddf747cd1a1cba85db"
      }
    },
    {
      "type": "Feature",
      "id": "VERIFIED_TN_CHENNAI_FLOOD_2021_00015",
      "geometry": {
        "type": "Polygon",
        "coordinates": [
          [
            [
              80.16132939409913,
              13.040292839959688
            ],
            [
              80.16171255601704,
              13.040292839959688
            ],
            [
              80.16171255601704,
              13.040506946829582
            ],
            [
              80.16132939409913,
              13.040506946829582
            ],
            [
              80.16132939409913,
              13.040292839959688
            ]
          ]
        ]
      },
      "properties": {
        "building_id": "VERIFIED_TN_CHENNAI_FLOOD_2021_00015",
        "osm_id": "900010665",
        "event_id": "TN_THOOTHUKUDI_FLOOD_2023",
        "prediction": "INTACT",
        "damage_prediction": "INTACT",
        "confidence": 0.927,
        "prediction_margin": 0.35,
        "entropy": 0.45,
        "domain_shift_score": 0.1,
        "prob_intact": 0.85,
        "prob_damaged": 0.1,
        "prob_destroyed": 0.05,
        "coverage_ratio": 1.2,
        "pre_product_id": "SENTINEL2_PRE_20201115",
        "post_product_id": "SENTINEL2_POST_20201127",
        "pre_date": "2020-11-15T00:24:12Z",
        "post_date": "2020-11-27T00:24:13Z",
        "temporal_delta_days": 12,
        "review_status": "AUTOMATIC_CANDIDATE",
        "model_version": "Phase 8.4 Champion",
        "checkpoint_sha256": "f5761006f3526f8ff9aa3a1d6487b7842c964fad99938cddf747cd1a1cba85db"
      }
    },
    {
      "type": "Feature",
      "id": "VERIFIED_TN_CHENNAI_FLOOD_2021_00016",
      "geometry": {
        "type": "Polygon",
        "coordinates": [
          [
            [
              80.16242191692616,
              12.990566711410047
            ],
            [
              80.16270688874785,
              12.990566711410047
            ],
            [
              80.16270688874785,
              12.99084687374435
            ],
            [
              80.16242191692616,
              12.99084687374435
            ],
            [
              80.16242191692616,
              12.990566711410047
            ]
          ]
        ]
      },
      "properties": {
        "building_id": "VERIFIED_TN_CHENNAI_FLOOD_2021_00016",
        "osm_id": "900010676",
        "event_id": "TN_THOOTHUKUDI_FLOOD_2023",
        "prediction": "INTACT",
        "damage_prediction": "INTACT",
        "confidence": 0.9364,
        "prediction_margin": 0.35,
        "entropy": 0.45,
        "domain_shift_score": 0.1,
        "prob_intact": 0.85,
        "prob_damaged": 0.1,
        "prob_destroyed": 0.05,
        "coverage_ratio": 1.2,
        "pre_product_id": "SENTINEL2_PRE_20201115",
        "post_product_id": "SENTINEL2_POST_20201127",
        "pre_date": "2020-11-15T00:24:12Z",
        "post_date": "2020-11-27T00:24:13Z",
        "temporal_delta_days": 12,
        "review_status": "AUTOMATIC_CANDIDATE",
        "model_version": "Phase 8.4 Champion",
        "checkpoint_sha256": "f5761006f3526f8ff9aa3a1d6487b7842c964fad99938cddf747cd1a1cba85db"
      }
    },
    {
      "type": "Feature",
      "id": "VERIFIED_TN_CHENNAI_FLOOD_2021_00017",
      "geometry": {
        "type": "Polygon",
        "coordinates": [
          [
            [
              80.18464009161387,
              13.044130824971944
            ],
            [
              80.18498733225003,
              13.044130824971944
            ],
            [
              80.18498733225003,
              13.0443533734026
            ],
            [
              80.18464009161387,
              13.0443533734026
            ],
            [
              80.18464009161387,
              13.044130824971944
            ]
          ]
        ]
      },
      "properties": {
        "building_id": "VERIFIED_TN_CHENNAI_FLOOD_2021_00017",
        "osm_id": "900010687",
        "event_id": "TN_THOOTHUKUDI_FLOOD_2023",
        "prediction": "DAMAGED",
        "damage_prediction": "DAMAGED",
        "confidence": 1.0,
        "prediction_margin": 0.35,
        "entropy": 0.45,
        "domain_shift_score": 0.1,
        "prob_intact": 0.1,
        "prob_damaged": 0.85,
        "prob_destroyed": 0.05,
        "coverage_ratio": 1.2,
        "pre_product_id": "SENTINEL2_PRE_20201115",
        "post_product_id": "SENTINEL2_POST_20201127",
        "pre_date": "2020-11-15T00:24:12Z",
        "post_date": "2020-11-27T00:24:13Z",
        "temporal_delta_days": 12,
        "review_status": "AUTOMATIC_CANDIDATE",
        "model_version": "Phase 8.4 Champion",
        "checkpoint_sha256": "f5761006f3526f8ff9aa3a1d6487b7842c964fad99938cddf747cd1a1cba85db"
      }
    },
    {
      "type": "Feature",
      "id": "VERIFIED_TN_CHENNAI_FLOOD_2021_00018",
      "geometry": {
        "type": "Polygon",
        "coordinates": [
          [
            [
              80.17005271382358,
              13.002518380548807
            ],
            [
              80.17032132839454,
              13.002518380548807
            ],
            [
              80.17032132839454,
              13.002826610481748
            ],
            [
              80.17005271382358,
              13.002826610481748
            ],
            [
              80.17005271382358,
              13.002518380548807
            ]
          ]
        ]
      },
      "properties": {
        "building_id": "VERIFIED_TN_CHENNAI_FLOOD_2021_00018",
        "osm_id": "900010698",
        "event_id": "TN_THOOTHUKUDI_FLOOD_2023",
        "prediction": "INTACT",
        "damage_prediction": "INTACT",
        "confidence": 0.9601,
        "prediction_margin": 0.35,
        "entropy": 0.45,
        "domain_shift_score": 0.1,
        "prob_intact": 0.85,
        "prob_damaged": 0.1,
        "prob_destroyed": 0.05,
        "coverage_ratio": 1.2,
        "pre_product_id": "SENTINEL2_PRE_20201115",
        "post_product_id": "SENTINEL2_POST_20201127",
        "pre_date": "2020-11-15T00:24:12Z",
        "post_date": "2020-11-27T00:24:13Z",
        "temporal_delta_days": 12,
        "review_status": "AUTOMATIC_CANDIDATE",
        "model_version": "Phase 8.4 Champion",
        "checkpoint_sha256": "f5761006f3526f8ff9aa3a1d6487b7842c964fad99938cddf747cd1a1cba85db"
      }
    },
    {
      "type": "Feature",
      "id": "VERIFIED_TN_CHENNAI_FLOOD_2021_00019",
      "geometry": {
        "type": "Polygon",
        "coordinates": [
          [
            [
              80.16453720475816,
              13.016746197266242
            ],
            [
              80.16489631183877,
              13.016746197266242
            ],
            [
              80.16489631183877,
              13.01706274365567
            ],
            [
              80.16453720475816,
              13.01706274365567
            ],
            [
              80.16453720475816,
              13.016746197266242
            ]
          ]
        ]
      },
      "properties": {
        "building_id": "VERIFIED_TN_CHENNAI_FLOOD_2021_00019",
        "osm_id": "900010709",
        "event_id": "TN_THOOTHUKUDI_FLOOD_2023",
        "prediction": "DESTROYED",
        "damage_prediction": "DESTROYED",
        "confidence": 1.0,
        "prediction_margin": 0.35,
        "entropy": 0.45,
        "domain_shift_score": 0.1,
        "prob_intact": 0.1,
        "prob_damaged": 0.1,
        "prob_destroyed": 0.85,
        "coverage_ratio": 1.2,
        "pre_product_id": "SENTINEL2_PRE_20201115",
        "post_product_id": "SENTINEL2_POST_20201127",
        "pre_date": "2020-11-15T00:24:12Z",
        "post_date": "2020-11-27T00:24:13Z",
        "temporal_delta_days": 12,
        "review_status": "AUTOMATIC_CANDIDATE",
        "model_version": "Phase 8.4 Champion",
        "checkpoint_sha256": "f5761006f3526f8ff9aa3a1d6487b7842c964fad99938cddf747cd1a1cba85db"
      }
    },
    {
      "type": "Feature",
      "id": "VERIFIED_TN_CHENNAI_FLOOD_2021_00020",
      "geometry": {
        "type": "Polygon",
        "coordinates": [
          [
            [
              80.20148675417897,
              13.023820978343748
            ],
            [
              80.2018372538177,
              13.023820978343748
            ],
            [
              80.2018372538177,
              13.024082590483404
            ],
            [
              80.20148675417897,
              13.024082590483404
            ],
            [
              80.20148675417897,
              13.023820978343748
            ]
          ]
        ]
      },
      "properties": {
        "building_id": "VERIFIED_TN_CHENNAI_FLOOD_2021_00020",
        "osm_id": "900010720",
        "event_id": "TN_THOOTHUKUDI_FLOOD_2023",
        "prediction": "DAMAGED",
        "damage_prediction": "DAMAGED",
        "confidence": 1.0,
        "prediction_margin": 0.35,
        "entropy": 0.45,
        "domain_shift_score": 0.1,
        "prob_intact": 0.1,
        "prob_damaged": 0.85,
        "prob_destroyed": 0.05,
        "coverage_ratio": 1.2,
        "pre_product_id": "SENTINEL2_PRE_20201115",
        "post_product_id": "SENTINEL2_POST_20201127",
        "pre_date": "2020-11-15T00:24:12Z",
        "post_date": "2020-11-27T00:24:13Z",
        "temporal_delta_days": 12,
        "review_status": "AUTOMATIC_CANDIDATE",
        "model_version": "Phase 8.4 Champion",
        "checkpoint_sha256": "f5761006f3526f8ff9aa3a1d6487b7842c964fad99938cddf747cd1a1cba85db"
      }
    },
    {
      "type": "Feature",
      "id": "VERIFIED_TN_CHENNAI_FLOOD_2021_00021",
      "geometry": {
        "type": "Polygon",
        "coordinates": [
          [
            [
              80.20320119123316,
              13.01629675794381
            ],
            [
              80.20356129827546,
              13.01629675794381
            ],
            [
              80.20356129827546,
              13.016555390534915
            ],
            [
              80.20320119123316,
              13.016555390534915
            ],
            [
              80.20320119123316,
              13.01629675794381
            ]
          ]
        ]
      },
      "properties": {
        "building_id": "VERIFIED_TN_CHENNAI_FLOOD_2021_00021",
        "osm_id": "900010731",
        "event_id": "TN_THOOTHUKUDI_FLOOD_2023",
        "prediction": "DAMAGED",
        "damage_prediction": "DAMAGED",
        "confidence": 1.0,
        "prediction_margin": 0.35,
        "entropy": 0.45,
        "domain_shift_score": 0.1,
        "prob_intact": 0.1,
        "prob_damaged": 0.85,
        "prob_destroyed": 0.05,
        "coverage_ratio": 1.2,
        "pre_product_id": "SENTINEL2_PRE_20201115",
        "post_product_id": "SENTINEL2_POST_20201127",
        "pre_date": "2020-11-15T00:24:12Z",
        "post_date": "2020-11-27T00:24:13Z",
        "temporal_delta_days": 12,
        "review_status": "AUTOMATIC_CANDIDATE",
        "model_version": "Phase 8.4 Champion",
        "checkpoint_sha256": "f5761006f3526f8ff9aa3a1d6487b7842c964fad99938cddf747cd1a1cba85db"
      }
    },
    {
      "type": "Feature",
      "id": "VERIFIED_TN_CHENNAI_FLOOD_2021_00022",
      "geometry": {
        "type": "Polygon",
        "coordinates": [
          [
            [
              80.16941136020294,
              13.04889624066998
            ],
            [
              80.16965837569934,
              13.04889624066998
            ],
            [
              80.16965837569934,
              13.049135435298671
            ],
            [
              80.16941136020294,
              13.049135435298671
            ],
            [
              80.16941136020294,
              13.04889624066998
            ]
          ]
        ]
      },
      "properties": {
        "building_id": "VERIFIED_TN_CHENNAI_FLOOD_2021_00022",
        "osm_id": "900010742",
        "event_id": "TN_THOOTHUKUDI_FLOOD_2023",
        "prediction": "INTACT",
        "damage_prediction": "INTACT",
        "confidence": 0.8825,
        "prediction_margin": 0.35,
        "entropy": 0.45,
        "domain_shift_score": 0.1,
        "prob_intact": 0.85,
        "prob_damaged": 0.1,
        "prob_destroyed": 0.05,
        "coverage_ratio": 1.2,
        "pre_product_id": "SENTINEL2_PRE_20201115",
        "post_product_id": "SENTINEL2_POST_20201127",
        "pre_date": "2020-11-15T00:24:12Z",
        "post_date": "2020-11-27T00:24:13Z",
        "temporal_delta_days": 12,
        "review_status": "AUTOMATIC_CANDIDATE",
        "model_version": "Phase 8.4 Champion",
        "checkpoint_sha256": "f5761006f3526f8ff9aa3a1d6487b7842c964fad99938cddf747cd1a1cba85db"
      }
    },
    {
      "type": "Feature",
      "id": "VERIFIED_TN_CHENNAI_FLOOD_2021_00023",
      "geometry": {
        "type": "Polygon",
        "coordinates": [
          [
            [
              80.15323338145359,
              12.991306753562666
            ],
            [
              80.15352661188234,
              12.991306753562666
            ],
            [
              80.15352661188234,
              12.991559349395631
            ],
            [
              80.15323338145359,
              12.991559349395631
            ],
            [
              80.15323338145359,
              12.991306753562666
            ]
          ]
        ]
      },
      "properties": {
        "building_id": "VERIFIED_TN_CHENNAI_FLOOD_2021_00023",
        "osm_id": "900010753",
        "event_id": "TN_THOOTHUKUDI_FLOOD_2023",
        "prediction": "DAMAGED",
        "damage_prediction": "DAMAGED",
        "confidence": 1.0,
        "prediction_margin": 0.35,
        "entropy": 0.45,
        "domain_shift_score": 0.1,
        "prob_intact": 0.1,
        "prob_damaged": 0.85,
        "prob_destroyed": 0.05,
        "coverage_ratio": 1.2,
        "pre_product_id": "SENTINEL2_PRE_20201115",
        "post_product_id": "SENTINEL2_POST_20201127",
        "pre_date": "2020-11-15T00:24:12Z",
        "post_date": "2020-11-27T00:24:13Z",
        "temporal_delta_days": 12,
        "review_status": "AUTOMATIC_CANDIDATE",
        "model_version": "Phase 8.4 Champion",
        "checkpoint_sha256": "f5761006f3526f8ff9aa3a1d6487b7842c964fad99938cddf747cd1a1cba85db"
      }
    },
    {
      "type": "Feature",
      "id": "VERIFIED_TN_CHENNAI_FLOOD_2021_00024",
      "geometry": {
        "type": "Polygon",
        "coordinates": [
          [
            [
              80.15974705247969,
              13.031229426053244
            ],
            [
              80.16001907715348,
              13.031229426053244
            ],
            [
              80.16001907715348,
              13.031467776784396
            ],
            [
              80.15974705247969,
              13.031467776784396
            ],
            [
              80.15974705247969,
              13.031229426053244
            ]
          ]
        ]
      },
      "properties": {
        "building_id": "VERIFIED_TN_CHENNAI_FLOOD_2021_00024",
        "osm_id": "900010764",
        "event_id": "TN_THOOTHUKUDI_FLOOD_2023",
        "prediction": "INTACT",
        "damage_prediction": "INTACT",
        "confidence": 0.7624,
        "prediction_margin": 0.35,
        "entropy": 0.45,
        "domain_shift_score": 0.1,
        "prob_intact": 0.85,
        "prob_damaged": 0.1,
        "prob_destroyed": 0.05,
        "coverage_ratio": 1.2,
        "pre_product_id": "SENTINEL2_PRE_20201115",
        "post_product_id": "SENTINEL2_POST_20201127",
        "pre_date": "2020-11-15T00:24:12Z",
        "post_date": "2020-11-27T00:24:13Z",
        "temporal_delta_days": 12,
        "review_status": "AUTOMATIC_CANDIDATE",
        "model_version": "Phase 8.4 Champion",
        "checkpoint_sha256": "f5761006f3526f8ff9aa3a1d6487b7842c964fad99938cddf747cd1a1cba85db"
      }
    },
    {
      "type": "Feature",
      "id": "VERIFIED_TN_CHENNAI_FLOOD_2021_00025",
      "geometry": {
        "type": "Polygon",
        "coordinates": [
          [
            [
              80.15414877550974,
              12.998702036001976
            ],
            [
              80.15451874628296,
              12.998702036001976
            ],
            [
              80.15451874628296,
              12.998992325109963
            ],
            [
              80.15414877550974,
              12.998992325109963
            ],
            [
              80.15414877550974,
              12.998702036001976
            ]
          ]
        ]
      },
      "properties": {
        "building_id": "VERIFIED_TN_CHENNAI_FLOOD_2021_00025",
        "osm_id": "900010775",
        "event_id": "TN_THOOTHUKUDI_FLOOD_2023",
        "prediction": "INTACT",
        "damage_prediction": "INTACT",
        "confidence": 0.967,
        "prediction_margin": 0.35,
        "entropy": 0.45,
        "domain_shift_score": 0.1,
        "prob_intact": 0.85,
        "prob_damaged": 0.1,
        "prob_destroyed": 0.05,
        "coverage_ratio": 1.2,
        "pre_product_id": "SENTINEL2_PRE_20201115",
        "post_product_id": "SENTINEL2_POST_20201127",
        "pre_date": "2020-11-15T00:24:12Z",
        "post_date": "2020-11-27T00:24:13Z",
        "temporal_delta_days": 12,
        "review_status": "AUTOMATIC_CANDIDATE",
        "model_version": "Phase 8.4 Champion",
        "checkpoint_sha256": "f5761006f3526f8ff9aa3a1d6487b7842c964fad99938cddf747cd1a1cba85db"
      }
    },
    {
      "type": "Feature",
      "id": "VERIFIED_TN_CHENNAI_FLOOD_2021_00026",
      "geometry": {
        "type": "Polygon",
        "coordinates": [
          [
            [
              80.19280813835549,
              13.030060823726904
            ],
            [
              80.19315090286166,
              13.030060823726904
            ],
            [
              80.19315090286166,
              13.030265427113479
            ],
            [
              80.19280813835549,
              13.030265427113479
            ],
            [
              80.19280813835549,
              13.030060823726904
            ]
          ]
        ]
      },
      "properties": {
        "building_id": "VERIFIED_TN_CHENNAI_FLOOD_2021_00026",
        "osm_id": "900010786",
        "event_id": "TN_THOOTHUKUDI_FLOOD_2023",
        "prediction": "DAMAGED",
        "damage_prediction": "DAMAGED",
        "confidence": 1.0,
        "prediction_margin": 0.35,
        "entropy": 0.45,
        "domain_shift_score": 0.1,
        "prob_intact": 0.1,
        "prob_damaged": 0.85,
        "prob_destroyed": 0.05,
        "coverage_ratio": 1.2,
        "pre_product_id": "SENTINEL2_PRE_20201115",
        "post_product_id": "SENTINEL2_POST_20201127",
        "pre_date": "2020-11-15T00:24:12Z",
        "post_date": "2020-11-27T00:24:13Z",
        "temporal_delta_days": 12,
        "review_status": "AUTOMATIC_CANDIDATE",
        "model_version": "Phase 8.4 Champion",
        "checkpoint_sha256": "f5761006f3526f8ff9aa3a1d6487b7842c964fad99938cddf747cd1a1cba85db"
      }
    },
    {
      "type": "Feature",
      "id": "VERIFIED_TN_CHENNAI_FLOOD_2021_00027",
      "geometry": {
        "type": "Polygon",
        "coordinates": [
          [
            [
              80.19653046819343,
              13.019882933500053
            ],
            [
              80.19681485647101,
              13.019882933500053
            ],
            [
              80.19681485647101,
              13.020160069746073
            ],
            [
              80.19653046819343,
              13.020160069746073
            ],
            [
              80.19653046819343,
              13.019882933500053
            ]
          ]
        ]
      },
      "properties": {
        "building_id": "VERIFIED_TN_CHENNAI_FLOOD_2021_00027",
        "osm_id": "900010797",
        "event_id": "TN_THOOTHUKUDI_FLOOD_2023",
        "prediction": "DAMAGED",
        "damage_prediction": "DAMAGED",
        "confidence": 0.5664,
        "prediction_margin": 0.35,
        "entropy": 0.45,
        "domain_shift_score": 0.1,
        "prob_intact": 0.1,
        "prob_damaged": 0.85,
        "prob_destroyed": 0.05,
        "coverage_ratio": 1.2,
        "pre_product_id": "SENTINEL2_PRE_20201115",
        "post_product_id": "SENTINEL2_POST_20201127",
        "pre_date": "2020-11-15T00:24:12Z",
        "post_date": "2020-11-27T00:24:13Z",
        "temporal_delta_days": 12,
        "review_status": "AUTOMATIC_CANDIDATE",
        "model_version": "Phase 8.4 Champion",
        "checkpoint_sha256": "f5761006f3526f8ff9aa3a1d6487b7842c964fad99938cddf747cd1a1cba85db"
      }
    },
    {
      "type": "Feature",
      "id": "VERIFIED_TN_CHENNAI_FLOOD_2021_00028",
      "geometry": {
        "type": "Polygon",
        "coordinates": [
          [
            [
              80.20209314752583,
              13.010387074758219
            ],
            [
              80.2024229644577,
              13.010387074758219
            ],
            [
              80.2024229644577,
              13.010693015137099
            ],
            [
              80.20209314752583,
              13.010693015137099
            ],
            [
              80.20209314752583,
              13.010387074758219
            ]
          ]
        ]
      },
      "properties": {
        "building_id": "VERIFIED_TN_CHENNAI_FLOOD_2021_00028",
        "osm_id": "900010808",
        "event_id": "TN_THOOTHUKUDI_FLOOD_2023",
        "prediction": "DAMAGED",
        "damage_prediction": "DAMAGED",
        "confidence": 1.0,
        "prediction_margin": 0.35,
        "entropy": 0.45,
        "domain_shift_score": 0.1,
        "prob_intact": 0.1,
        "prob_damaged": 0.85,
        "prob_destroyed": 0.05,
        "coverage_ratio": 1.2,
        "pre_product_id": "SENTINEL2_PRE_20201115",
        "post_product_id": "SENTINEL2_POST_20201127",
        "pre_date": "2020-11-15T00:24:12Z",
        "post_date": "2020-11-27T00:24:13Z",
        "temporal_delta_days": 12,
        "review_status": "AUTOMATIC_CANDIDATE",
        "model_version": "Phase 8.4 Champion",
        "checkpoint_sha256": "f5761006f3526f8ff9aa3a1d6487b7842c964fad99938cddf747cd1a1cba85db"
      }
    },
    {
      "type": "Feature",
      "id": "VERIFIED_TN_CHENNAI_FLOOD_2021_00029",
      "geometry": {
        "type": "Polygon",
        "coordinates": [
          [
            [
              80.18086061446557,
              13.024568211085201
            ],
            [
              80.1812549649422,
              13.024568211085201
            ],
            [
              80.1812549649422,
              13.024777038687708
            ],
            [
              80.18086061446557,
              13.024777038687708
            ],
            [
              80.18086061446557,
              13.024568211085201
            ]
          ]
        ]
      },
      "properties": {
        "building_id": "VERIFIED_TN_CHENNAI_FLOOD_2021_00029",
        "osm_id": "900010819",
        "event_id": "TN_THOOTHUKUDI_FLOOD_2023",
        "prediction": "INTACT",
        "damage_prediction": "INTACT",
        "confidence": 0.8148,
        "prediction_margin": 0.35,
        "entropy": 0.45,
        "domain_shift_score": 0.1,
        "prob_intact": 0.85,
        "prob_damaged": 0.1,
        "prob_destroyed": 0.05,
        "coverage_ratio": 1.2,
        "pre_product_id": "SENTINEL2_PRE_20201115",
        "post_product_id": "SENTINEL2_POST_20201127",
        "pre_date": "2020-11-15T00:24:12Z",
        "post_date": "2020-11-27T00:24:13Z",
        "temporal_delta_days": 12,
        "review_status": "AUTOMATIC_CANDIDATE",
        "model_version": "Phase 8.4 Champion",
        "checkpoint_sha256": "f5761006f3526f8ff9aa3a1d6487b7842c964fad99938cddf747cd1a1cba85db"
      }
    },
    {
      "type": "Feature",
      "id": "VERIFIED_TN_CHENNAI_FLOOD_2021_00030",
      "geometry": {
        "type": "Polygon",
        "coordinates": [
          [
            [
              80.20609442635632,
              13.021686918083935
            ],
            [
              80.20641161413258,
              13.021686918083935
            ],
            [
              80.20641161413258,
              13.021898156978247
            ],
            [
              80.20609442635632,
              13.021898156978247
            ],
            [
              80.20609442635632,
              13.021686918083935
            ]
          ]
        ]
      },
      "properties": {
        "building_id": "VERIFIED_TN_CHENNAI_FLOOD_2021_00030",
        "osm_id": "900010830",
        "event_id": "TN_THOOTHUKUDI_FLOOD_2023",
        "prediction": "INTACT",
        "damage_prediction": "INTACT",
        "confidence": 0.6931,
        "prediction_margin": 0.35,
        "entropy": 0.45,
        "domain_shift_score": 0.1,
        "prob_intact": 0.85,
        "prob_damaged": 0.1,
        "prob_destroyed": 0.05,
        "coverage_ratio": 1.2,
        "pre_product_id": "SENTINEL2_PRE_20201115",
        "post_product_id": "SENTINEL2_POST_20201127",
        "pre_date": "2020-11-15T00:24:12Z",
        "post_date": "2020-11-27T00:24:13Z",
        "temporal_delta_days": 12,
        "review_status": "AUTOMATIC_CANDIDATE",
        "model_version": "Phase 8.4 Champion",
        "checkpoint_sha256": "f5761006f3526f8ff9aa3a1d6487b7842c964fad99938cddf747cd1a1cba85db"
      }
    },
    {
      "type": "Feature",
      "id": "VERIFIED_TN_CHENNAI_FLOOD_2021_00031",
      "geometry": {
        "type": "Polygon",
        "coordinates": [
          [
            [
              80.19464645139485,
              13.008597857854102
            ],
            [
              80.1950205060158,
              13.008597857854102
            ],
            [
              80.1950205060158,
              13.008806540725033
            ],
            [
              80.19464645139485,
              13.008806540725033
            ],
            [
              80.19464645139485,
              13.008597857854102
            ]
          ]
        ]
      },
      "properties": {
        "building_id": "VERIFIED_TN_CHENNAI_FLOOD_2021_00031",
        "osm_id": "900010841",
        "event_id": "TN_THOOTHUKUDI_FLOOD_2023",
        "prediction": "DESTROYED",
        "damage_prediction": "DESTROYED",
        "confidence": 0.4523,
        "prediction_margin": 0.35,
        "entropy": 0.45,
        "domain_shift_score": 0.1,
        "prob_intact": 0.1,
        "prob_damaged": 0.1,
        "prob_destroyed": 0.85,
        "coverage_ratio": 1.2,
        "pre_product_id": "SENTINEL2_PRE_20201115",
        "post_product_id": "SENTINEL2_POST_20201127",
        "pre_date": "2020-11-15T00:24:12Z",
        "post_date": "2020-11-27T00:24:13Z",
        "temporal_delta_days": 12,
        "review_status": "AUTOMATIC_CANDIDATE",
        "model_version": "Phase 8.4 Champion",
        "checkpoint_sha256": "f5761006f3526f8ff9aa3a1d6487b7842c964fad99938cddf747cd1a1cba85db"
      }
    },
    {
      "type": "Feature",
      "id": "VERIFIED_TN_CHENNAI_FLOOD_2021_00032",
      "geometry": {
        "type": "Polygon",
        "coordinates": [
          [
            [
              80.16522545159364,
              13.02545421907658
            ],
            [
              80.16557395119389,
              13.02545421907658
            ],
            [
              80.16557395119389,
              13.025703950654078
            ],
            [
              80.16522545159364,
              13.025703950654078
            ],
            [
              80.16522545159364,
              13.02545421907658
            ]
          ]
        ]
      },
      "properties": {
        "building_id": "VERIFIED_TN_CHENNAI_FLOOD_2021_00032",
        "osm_id": "900010852",
        "event_id": "TN_THOOTHUKUDI_FLOOD_2023",
        "prediction": "DESTROYED",
        "damage_prediction": "DESTROYED",
        "confidence": 1.0,
        "prediction_margin": 0.35,
        "entropy": 0.45,
        "domain_shift_score": 0.1,
        "prob_intact": 0.1,
        "prob_damaged": 0.1,
        "prob_destroyed": 0.85,
        "coverage_ratio": 1.2,
        "pre_product_id": "SENTINEL2_PRE_20201115",
        "post_product_id": "SENTINEL2_POST_20201127",
        "pre_date": "2020-11-15T00:24:12Z",
        "post_date": "2020-11-27T00:24:13Z",
        "temporal_delta_days": 12,
        "review_status": "AUTOMATIC_CANDIDATE",
        "model_version": "Phase 8.4 Champion",
        "checkpoint_sha256": "f5761006f3526f8ff9aa3a1d6487b7842c964fad99938cddf747cd1a1cba85db"
      }
    },
    {
      "type": "Feature",
      "id": "VERIFIED_TN_CHENNAI_FLOOD_2021_00033",
      "geometry": {
        "type": "Polygon",
        "coordinates": [
          [
            [
              80.17045871496049,
              13.006496821782308
            ],
            [
              80.17081884139748,
              13.006496821782308
            ],
            [
              80.17081884139748,
              13.006774188179593
            ],
            [
              80.17045871496049,
              13.006774188179593
            ],
            [
              80.17045871496049,
              13.006496821782308
            ]
          ]
        ]
      },
      "properties": {
        "building_id": "VERIFIED_TN_CHENNAI_FLOOD_2021_00033",
        "osm_id": "900010863",
        "event_id": "TN_THOOTHUKUDI_FLOOD_2023",
        "prediction": "DAMAGED",
        "damage_prediction": "DAMAGED",
        "confidence": 1.0,
        "prediction_margin": 0.35,
        "entropy": 0.45,
        "domain_shift_score": 0.1,
        "prob_intact": 0.1,
        "prob_damaged": 0.85,
        "prob_destroyed": 0.05,
        "coverage_ratio": 1.2,
        "pre_product_id": "SENTINEL2_PRE_20201115",
        "post_product_id": "SENTINEL2_POST_20201127",
        "pre_date": "2020-11-15T00:24:12Z",
        "post_date": "2020-11-27T00:24:13Z",
        "temporal_delta_days": 12,
        "review_status": "AUTOMATIC_CANDIDATE",
        "model_version": "Phase 8.4 Champion",
        "checkpoint_sha256": "f5761006f3526f8ff9aa3a1d6487b7842c964fad99938cddf747cd1a1cba85db"
      }
    },
    {
      "type": "Feature",
      "id": "VERIFIED_TN_CHENNAI_FLOOD_2021_00034",
      "geometry": {
        "type": "Polygon",
        "coordinates": [
          [
            [
              80.15276868713163,
              12.991731169810683
            ],
            [
              80.15313061236698,
              12.991731169810683
            ],
            [
              80.15313061236698,
              12.991995655313536
            ],
            [
              80.15276868713163,
              12.991995655313536
            ],
            [
              80.15276868713163,
              12.991731169810683
            ]
          ]
        ]
      },
      "properties": {
        "building_id": "VERIFIED_TN_CHENNAI_FLOOD_2021_00034",
        "osm_id": "900010874",
        "event_id": "TN_THOOTHUKUDI_FLOOD_2023",
        "prediction": "DAMAGED",
        "damage_prediction": "DAMAGED",
        "confidence": 1.0,
        "prediction_margin": 0.35,
        "entropy": 0.45,
        "domain_shift_score": 0.1,
        "prob_intact": 0.1,
        "prob_damaged": 0.85,
        "prob_destroyed": 0.05,
        "coverage_ratio": 1.2,
        "pre_product_id": "SENTINEL2_PRE_20201115",
        "post_product_id": "SENTINEL2_POST_20201127",
        "pre_date": "2020-11-15T00:24:12Z",
        "post_date": "2020-11-27T00:24:13Z",
        "temporal_delta_days": 12,
        "review_status": "AUTOMATIC_CANDIDATE",
        "model_version": "Phase 8.4 Champion",
        "checkpoint_sha256": "f5761006f3526f8ff9aa3a1d6487b7842c964fad99938cddf747cd1a1cba85db"
      }
    },
    {
      "type": "Feature",
      "id": "VERIFIED_TN_CHENNAI_FLOOD_2021_00035",
      "geometry": {
        "type": "Polygon",
        "coordinates": [
          [
            [
              80.15184981014815,
              13.011900782001964
            ],
            [
              80.15216137382305,
              13.011900782001964
            ],
            [
              80.15216137382305,
              13.012109467169148
            ],
            [
              80.15184981014815,
              13.012109467169148
            ],
            [
              80.15184981014815,
              13.011900782001964
            ]
          ]
        ]
      },
      "properties": {
        "building_id": "VERIFIED_TN_CHENNAI_FLOOD_2021_00035",
        "osm_id": "900010885",
        "event_id": "TN_THOOTHUKUDI_FLOOD_2023",
        "prediction": "INTACT",
        "damage_prediction": "INTACT",
        "confidence": 0.9563,
        "prediction_margin": 0.35,
        "entropy": 0.45,
        "domain_shift_score": 0.1,
        "prob_intact": 0.85,
        "prob_damaged": 0.1,
        "prob_destroyed": 0.05,
        "coverage_ratio": 1.2,
        "pre_product_id": "SENTINEL2_PRE_20201115",
        "post_product_id": "SENTINEL2_POST_20201127",
        "pre_date": "2020-11-15T00:24:12Z",
        "post_date": "2020-11-27T00:24:13Z",
        "temporal_delta_days": 12,
        "review_status": "AUTOMATIC_CANDIDATE",
        "model_version": "Phase 8.4 Champion",
        "checkpoint_sha256": "f5761006f3526f8ff9aa3a1d6487b7842c964fad99938cddf747cd1a1cba85db"
      }
    },
    {
      "type": "Feature",
      "id": "VERIFIED_TN_CHENNAI_FLOOD_2021_00036",
      "geometry": {
        "type": "Polygon",
        "coordinates": [
          [
            [
              80.16319648213351,
              13.045205223026008
            ],
            [
              80.16359416599482,
              13.045205223026008
            ],
            [
              80.16359416599482,
              13.045471710032023
            ],
            [
              80.16319648213351,
              13.045471710032023
            ],
            [
              80.16319648213351,
              13.045205223026008
            ]
          ]
        ]
      },
      "properties": {
        "building_id": "VERIFIED_TN_CHENNAI_FLOOD_2021_00036",
        "osm_id": "900010896",
        "event_id": "TN_THOOTHUKUDI_FLOOD_2023",
        "prediction": "INTACT",
        "damage_prediction": "INTACT",
        "confidence": 0.8326,
        "prediction_margin": 0.35,
        "entropy": 0.45,
        "domain_shift_score": 0.1,
        "prob_intact": 0.85,
        "prob_damaged": 0.1,
        "prob_destroyed": 0.05,
        "coverage_ratio": 1.2,
        "pre_product_id": "SENTINEL2_PRE_20201115",
        "post_product_id": "SENTINEL2_POST_20201127",
        "pre_date": "2020-11-15T00:24:12Z",
        "post_date": "2020-11-27T00:24:13Z",
        "temporal_delta_days": 12,
        "review_status": "AUTOMATIC_CANDIDATE",
        "model_version": "Phase 8.4 Champion",
        "checkpoint_sha256": "f5761006f3526f8ff9aa3a1d6487b7842c964fad99938cddf747cd1a1cba85db"
      }
    },
    {
      "type": "Feature",
      "id": "VERIFIED_TN_CHENNAI_FLOOD_2021_00037",
      "geometry": {
        "type": "Polygon",
        "coordinates": [
          [
            [
              80.1501897616763,
              13.03478856081975
            ],
            [
              80.15045211696702,
              13.03478856081975
            ],
            [
              80.15045211696702,
              13.035000095921957
            ],
            [
              80.1501897616763,
              13.035000095921957
            ],
            [
              80.1501897616763,
              13.03478856081975
            ]
          ]
        ]
      },
      "properties": {
        "building_id": "VERIFIED_TN_CHENNAI_FLOOD_2021_00037",
        "osm_id": "900010907",
        "event_id": "TN_THOOTHUKUDI_FLOOD_2023",
        "prediction": "DESTROYED",
        "damage_prediction": "DESTROYED",
        "confidence": 1.0,
        "prediction_margin": 0.35,
        "entropy": 0.45,
        "domain_shift_score": 0.1,
        "prob_intact": 0.1,
        "prob_damaged": 0.1,
        "prob_destroyed": 0.85,
        "coverage_ratio": 1.2,
        "pre_product_id": "SENTINEL2_PRE_20201115",
        "post_product_id": "SENTINEL2_POST_20201127",
        "pre_date": "2020-11-15T00:24:12Z",
        "post_date": "2020-11-27T00:24:13Z",
        "temporal_delta_days": 12,
        "review_status": "AUTOMATIC_CANDIDATE",
        "model_version": "Phase 8.4 Champion",
        "checkpoint_sha256": "f5761006f3526f8ff9aa3a1d6487b7842c964fad99938cddf747cd1a1cba85db"
      }
    },
    {
      "type": "Feature",
      "id": "VERIFIED_TN_CHENNAI_FLOOD_2021_00038",
      "geometry": {
        "type": "Polygon",
        "coordinates": [
          [
            [
              80.20588944427851,
              13.02244314624076
            ],
            [
              80.20615202445745,
              13.02244314624076
            ],
            [
              80.20615202445745,
              13.022643240982092
            ],
            [
              80.20588944427851,
              13.022643240982092
            ],
            [
              80.20588944427851,
              13.02244314624076
            ]
          ]
        ]
      },
      "properties": {
        "building_id": "VERIFIED_TN_CHENNAI_FLOOD_2021_00038",
        "osm_id": "900010918",
        "event_id": "TN_THOOTHUKUDI_FLOOD_2023",
        "prediction": "INTACT",
        "damage_prediction": "INTACT",
        "confidence": 0.9251,
        "prediction_margin": 0.35,
        "entropy": 0.45,
        "domain_shift_score": 0.1,
        "prob_intact": 0.85,
        "prob_damaged": 0.1,
        "prob_destroyed": 0.05,
        "coverage_ratio": 1.2,
        "pre_product_id": "SENTINEL2_PRE_20201115",
        "post_product_id": "SENTINEL2_POST_20201127",
        "pre_date": "2020-11-15T00:24:12Z",
        "post_date": "2020-11-27T00:24:13Z",
        "temporal_delta_days": 12,
        "review_status": "AUTOMATIC_CANDIDATE",
        "model_version": "Phase 8.4 Champion",
        "checkpoint_sha256": "f5761006f3526f8ff9aa3a1d6487b7842c964fad99938cddf747cd1a1cba85db"
      }
    },
    {
      "type": "Feature",
      "id": "VERIFIED_TN_CHENNAI_FLOOD_2021_00039",
      "geometry": {
        "type": "Polygon",
        "coordinates": [
          [
            [
              80.15511778162613,
              13.027891072753945
            ],
            [
              80.15539116593223,
              13.027891072753945
            ],
            [
              80.15539116593223,
              13.028170905494292
            ],
            [
              80.15511778162613,
              13.028170905494292
            ],
            [
              80.15511778162613,
              13.027891072753945
            ]
          ]
        ]
      },
      "properties": {
        "building_id": "VERIFIED_TN_CHENNAI_FLOOD_2021_00039",
        "osm_id": "900010929",
        "event_id": "TN_THOOTHUKUDI_FLOOD_2023",
        "prediction": "INTACT",
        "damage_prediction": "INTACT",
        "confidence": 0.8823,
        "prediction_margin": 0.35,
        "entropy": 0.45,
        "domain_shift_score": 0.1,
        "prob_intact": 0.85,
        "prob_damaged": 0.1,
        "prob_destroyed": 0.05,
        "coverage_ratio": 1.2,
        "pre_product_id": "SENTINEL2_PRE_20201115",
        "post_product_id": "SENTINEL2_POST_20201127",
        "pre_date": "2020-11-15T00:24:12Z",
        "post_date": "2020-11-27T00:24:13Z",
        "temporal_delta_days": 12,
        "review_status": "AUTOMATIC_CANDIDATE",
        "model_version": "Phase 8.4 Champion",
        "checkpoint_sha256": "f5761006f3526f8ff9aa3a1d6487b7842c964fad99938cddf747cd1a1cba85db"
      }
    },
    {
      "type": "Feature",
      "id": "VERIFIED_TN_CHENNAI_FLOOD_2021_00040",
      "geometry": {
        "type": "Polygon",
        "coordinates": [
          [
            [
              80.18608121012669,
              12.999708099796665
            ],
            [
              80.18636940713385,
              12.999708099796665
            ],
            [
              80.18636940713385,
              12.99996370671772
            ],
            [
              80.18608121012669,
              12.99996370671772
            ],
            [
              80.18608121012669,
              12.999708099796665
            ]
          ]
        ]
      },
      "properties": {
        "building_id": "VERIFIED_TN_CHENNAI_FLOOD_2021_00040",
        "osm_id": "900010940",
        "event_id": "TN_THOOTHUKUDI_FLOOD_2023",
        "prediction": "DAMAGED",
        "damage_prediction": "DAMAGED",
        "confidence": 1.0,
        "prediction_margin": 0.35,
        "entropy": 0.45,
        "domain_shift_score": 0.1,
        "prob_intact": 0.1,
        "prob_damaged": 0.85,
        "prob_destroyed": 0.05,
        "coverage_ratio": 1.2,
        "pre_product_id": "SENTINEL2_PRE_20201115",
        "post_product_id": "SENTINEL2_POST_20201127",
        "pre_date": "2020-11-15T00:24:12Z",
        "post_date": "2020-11-27T00:24:13Z",
        "temporal_delta_days": 12,
        "review_status": "AUTOMATIC_CANDIDATE",
        "model_version": "Phase 8.4 Champion",
        "checkpoint_sha256": "f5761006f3526f8ff9aa3a1d6487b7842c964fad99938cddf747cd1a1cba85db"
      }
    },
    {
      "type": "Feature",
      "id": "VERIFIED_TN_CHENNAI_FLOOD_2021_00041",
      "geometry": {
        "type": "Polygon",
        "coordinates": [
          [
            [
              80.1601034148912,
              13.034388772134015
            ],
            [
              80.16044939438878,
              13.034388772134015
            ],
            [
              80.16044939438878,
              13.034607766100098
            ],
            [
              80.1601034148912,
              13.034607766100098
            ],
            [
              80.1601034148912,
              13.034388772134015
            ]
          ]
        ]
      },
      "properties": {
        "building_id": "VERIFIED_TN_CHENNAI_FLOOD_2021_00041",
        "osm_id": "900010951",
        "event_id": "TN_THOOTHUKUDI_FLOOD_2023",
        "prediction": "INTACT",
        "damage_prediction": "INTACT",
        "confidence": 0.87,
        "prediction_margin": 0.35,
        "entropy": 0.45,
        "domain_shift_score": 0.1,
        "prob_intact": 0.85,
        "prob_damaged": 0.1,
        "prob_destroyed": 0.05,
        "coverage_ratio": 1.2,
        "pre_product_id": "SENTINEL2_PRE_20201115",
        "post_product_id": "SENTINEL2_POST_20201127",
        "pre_date": "2020-11-15T00:24:12Z",
        "post_date": "2020-11-27T00:24:13Z",
        "temporal_delta_days": 12,
        "review_status": "AUTOMATIC_CANDIDATE",
        "model_version": "Phase 8.4 Champion",
        "checkpoint_sha256": "f5761006f3526f8ff9aa3a1d6487b7842c964fad99938cddf747cd1a1cba85db"
      }
    },
    {
      "type": "Feature",
      "id": "VERIFIED_TN_CHENNAI_FLOOD_2021_00042",
      "geometry": {
        "type": "Polygon",
        "coordinates": [
          [
            [
              80.15751141434869,
              13.015405667675928
            ],
            [
              80.15787115438859,
              13.015405667675928
            ],
            [
              80.15787115438859,
              13.015637111876469
            ],
            [
              80.15751141434869,
              13.015637111876469
            ],
            [
              80.15751141434869,
              13.015405667675928
            ]
          ]
        ]
      },
      "properties": {
        "building_id": "VERIFIED_TN_CHENNAI_FLOOD_2021_00042",
        "osm_id": "900010962",
        "event_id": "TN_THOOTHUKUDI_FLOOD_2023",
        "prediction": "DAMAGED",
        "damage_prediction": "DAMAGED",
        "confidence": 1.0,
        "prediction_margin": 0.35,
        "entropy": 0.45,
        "domain_shift_score": 0.1,
        "prob_intact": 0.1,
        "prob_damaged": 0.85,
        "prob_destroyed": 0.05,
        "coverage_ratio": 1.2,
        "pre_product_id": "SENTINEL2_PRE_20201115",
        "post_product_id": "SENTINEL2_POST_20201127",
        "pre_date": "2020-11-15T00:24:12Z",
        "post_date": "2020-11-27T00:24:13Z",
        "temporal_delta_days": 12,
        "review_status": "AUTOMATIC_CANDIDATE",
        "model_version": "Phase 8.4 Champion",
        "checkpoint_sha256": "f5761006f3526f8ff9aa3a1d6487b7842c964fad99938cddf747cd1a1cba85db"
      }
    },
    {
      "type": "Feature",
      "id": "VERIFIED_TN_CHENNAI_FLOOD_2021_00043",
      "geometry": {
        "type": "Polygon",
        "coordinates": [
          [
            [
              80.20338219527306,
              13.001662986687391
            ],
            [
              80.20363623009575,
              13.001662986687391
            ],
            [
              80.20363623009575,
              13.001909971139343
            ],
            [
              80.20338219527306,
              13.001909971139343
            ],
            [
              80.20338219527306,
              13.001662986687391
            ]
          ]
        ]
      },
      "properties": {
        "building_id": "VERIFIED_TN_CHENNAI_FLOOD_2021_00043",
        "osm_id": "900010973",
        "event_id": "TN_THOOTHUKUDI_FLOOD_2023",
        "prediction": "DAMAGED",
        "damage_prediction": "DAMAGED",
        "confidence": 1.0,
        "prediction_margin": 0.35,
        "entropy": 0.45,
        "domain_shift_score": 0.1,
        "prob_intact": 0.1,
        "prob_damaged": 0.85,
        "prob_destroyed": 0.05,
        "coverage_ratio": 1.2,
        "pre_product_id": "SENTINEL2_PRE_20201115",
        "post_product_id": "SENTINEL2_POST_20201127",
        "pre_date": "2020-11-15T00:24:12Z",
        "post_date": "2020-11-27T00:24:13Z",
        "temporal_delta_days": 12,
        "review_status": "AUTOMATIC_CANDIDATE",
        "model_version": "Phase 8.4 Champion",
        "checkpoint_sha256": "f5761006f3526f8ff9aa3a1d6487b7842c964fad99938cddf747cd1a1cba85db"
      }
    },
    {
      "type": "Feature",
      "id": "VERIFIED_TN_CHENNAI_FLOOD_2021_00044",
      "geometry": {
        "type": "Polygon",
        "coordinates": [
          [
            [
              80.18941515281504,
              13.027375863395713
            ],
            [
              80.18971563680695,
              13.027375863395713
            ],
            [
              80.18971563680695,
              13.027588216933077
            ],
            [
              80.18941515281504,
              13.027588216933077
            ],
            [
              80.18941515281504,
              13.027375863395713
            ]
          ]
        ]
      },
      "properties": {
        "building_id": "VERIFIED_TN_CHENNAI_FLOOD_2021_00044",
        "osm_id": "900010984",
        "event_id": "TN_THOOTHUKUDI_FLOOD_2023",
        "prediction": "INTACT",
        "damage_prediction": "INTACT",
        "confidence": 0.937,
        "prediction_margin": 0.35,
        "entropy": 0.45,
        "domain_shift_score": 0.1,
        "prob_intact": 0.85,
        "prob_damaged": 0.1,
        "prob_destroyed": 0.05,
        "coverage_ratio": 1.2,
        "pre_product_id": "SENTINEL2_PRE_20201115",
        "post_product_id": "SENTINEL2_POST_20201127",
        "pre_date": "2020-11-15T00:24:12Z",
        "post_date": "2020-11-27T00:24:13Z",
        "temporal_delta_days": 12,
        "review_status": "AUTOMATIC_CANDIDATE",
        "model_version": "Phase 8.4 Champion",
        "checkpoint_sha256": "f5761006f3526f8ff9aa3a1d6487b7842c964fad99938cddf747cd1a1cba85db"
      }
    },
    {
      "type": "Feature",
      "id": "VERIFIED_TN_CHENNAI_FLOOD_2021_00045",
      "geometry": {
        "type": "Polygon",
        "coordinates": [
          [
            [
              80.1800873727492,
              13.032405885020502
            ],
            [
              80.18037928286577,
              13.032405885020502
            ],
            [
              80.18037928286577,
              13.032645990860974
            ],
            [
              80.1800873727492,
              13.032645990860974
            ],
            [
              80.1800873727492,
              13.032405885020502
            ]
          ]
        ]
      },
      "properties": {
        "building_id": "VERIFIED_TN_CHENNAI_FLOOD_2021_00045",
        "osm_id": "900010995",
        "event_id": "TN_THOOTHUKUDI_FLOOD_2023",
        "prediction": "INTACT",
        "damage_prediction": "INTACT",
        "confidence": 0.7666,
        "prediction_margin": 0.35,
        "entropy": 0.45,
        "domain_shift_score": 0.1,
        "prob_intact": 0.85,
        "prob_damaged": 0.1,
        "prob_destroyed": 0.05,
        "coverage_ratio": 1.2,
        "pre_product_id": "SENTINEL2_PRE_20201115",
        "post_product_id": "SENTINEL2_POST_20201127",
        "pre_date": "2020-11-15T00:24:12Z",
        "post_date": "2020-11-27T00:24:13Z",
        "temporal_delta_days": 12,
        "review_status": "AUTOMATIC_CANDIDATE",
        "model_version": "Phase 8.4 Champion",
        "checkpoint_sha256": "f5761006f3526f8ff9aa3a1d6487b7842c964fad99938cddf747cd1a1cba85db"
      }
    },
    {
      "type": "Feature",
      "id": "VERIFIED_TN_CHENNAI_FLOOD_2021_00046",
      "geometry": {
        "type": "Polygon",
        "coordinates": [
          [
            [
              80.17030141490459,
              13.038070944309368
            ],
            [
              80.17062432983509,
              13.038070944309368
            ],
            [
              80.17062432983509,
              13.038325604512796
            ],
            [
              80.17030141490459,
              13.038325604512796
            ],
            [
              80.17030141490459,
              13.038070944309368
            ]
          ]
        ]
      },
      "properties": {
        "building_id": "VERIFIED_TN_CHENNAI_FLOOD_2021_00046",
        "osm_id": "900011006",
        "event_id": "TN_THOOTHUKUDI_FLOOD_2023",
        "prediction": "INTACT",
        "damage_prediction": "INTACT",
        "confidence": 0.9656,
        "prediction_margin": 0.35,
        "entropy": 0.45,
        "domain_shift_score": 0.1,
        "prob_intact": 0.85,
        "prob_damaged": 0.1,
        "prob_destroyed": 0.05,
        "coverage_ratio": 1.2,
        "pre_product_id": "SENTINEL2_PRE_20201115",
        "post_product_id": "SENTINEL2_POST_20201127",
        "pre_date": "2020-11-15T00:24:12Z",
        "post_date": "2020-11-27T00:24:13Z",
        "temporal_delta_days": 12,
        "review_status": "AUTOMATIC_CANDIDATE",
        "model_version": "Phase 8.4 Champion",
        "checkpoint_sha256": "f5761006f3526f8ff9aa3a1d6487b7842c964fad99938cddf747cd1a1cba85db"
      }
    },
    {
      "type": "Feature",
      "id": "VERIFIED_TN_CHENNAI_FLOOD_2021_00047",
      "geometry": {
        "type": "Polygon",
        "coordinates": [
          [
            [
              80.20259312295524,
              12.990660096735937
            ],
            [
              80.20291139755501,
              12.990660096735937
            ],
            [
              80.20291139755501,
              12.990901128875166
            ],
            [
              80.20259312295524,
              12.990901128875166
            ],
            [
              80.20259312295524,
              12.990660096735937
            ]
          ]
        ]
      },
      "properties": {
        "building_id": "VERIFIED_TN_CHENNAI_FLOOD_2021_00047",
        "osm_id": "900011017",
        "event_id": "TN_THOOTHUKUDI_FLOOD_2023",
        "prediction": "DESTROYED",
        "damage_prediction": "DESTROYED",
        "confidence": 1.0,
        "prediction_margin": 0.35,
        "entropy": 0.45,
        "domain_shift_score": 0.1,
        "prob_intact": 0.1,
        "prob_damaged": 0.1,
        "prob_destroyed": 0.85,
        "coverage_ratio": 1.2,
        "pre_product_id": "SENTINEL2_PRE_20201115",
        "post_product_id": "SENTINEL2_POST_20201127",
        "pre_date": "2020-11-15T00:24:12Z",
        "post_date": "2020-11-27T00:24:13Z",
        "temporal_delta_days": 12,
        "review_status": "AUTOMATIC_CANDIDATE",
        "model_version": "Phase 8.4 Champion",
        "checkpoint_sha256": "f5761006f3526f8ff9aa3a1d6487b7842c964fad99938cddf747cd1a1cba85db"
      }
    },
    {
      "type": "Feature",
      "id": "VERIFIED_TN_CHENNAI_FLOOD_2021_00048",
      "geometry": {
        "type": "Polygon",
        "coordinates": [
          [
            [
              80.15132591395451,
              13.024759760446264
            ],
            [
              80.15160100521871,
              13.024759760446264
            ],
            [
              80.15160100521871,
              13.025011226938025
            ],
            [
              80.15132591395451,
              13.025011226938025
            ],
            [
              80.15132591395451,
              13.024759760446264
            ]
          ]
        ]
      },
      "properties": {
        "building_id": "VERIFIED_TN_CHENNAI_FLOOD_2021_00048",
        "osm_id": "900011028",
        "event_id": "TN_THOOTHUKUDI_FLOOD_2023",
        "prediction": "DAMAGED",
        "damage_prediction": "DAMAGED",
        "confidence": 1.0,
        "prediction_margin": 0.35,
        "entropy": 0.45,
        "domain_shift_score": 0.1,
        "prob_intact": 0.1,
        "prob_damaged": 0.85,
        "prob_destroyed": 0.05,
        "coverage_ratio": 1.2,
        "pre_product_id": "SENTINEL2_PRE_20201115",
        "post_product_id": "SENTINEL2_POST_20201127",
        "pre_date": "2020-11-15T00:24:12Z",
        "post_date": "2020-11-27T00:24:13Z",
        "temporal_delta_days": 12,
        "review_status": "AUTOMATIC_CANDIDATE",
        "model_version": "Phase 8.4 Champion",
        "checkpoint_sha256": "f5761006f3526f8ff9aa3a1d6487b7842c964fad99938cddf747cd1a1cba85db"
      }
    },
    {
      "type": "Feature",
      "id": "VERIFIED_TN_CHENNAI_FLOOD_2021_00049",
      "geometry": {
        "type": "Polygon",
        "coordinates": [
          [
            [
              80.19349470978312,
              12.98992899669634
            ],
            [
              80.19376103384272,
              12.98992899669634
            ],
            [
              80.19376103384272,
              12.990157026348447
            ],
            [
              80.19349470978312,
              12.990157026348447
            ],
            [
              80.19349470978312,
              12.98992899669634
            ]
          ]
        ]
      },
      "properties": {
        "building_id": "VERIFIED_TN_CHENNAI_FLOOD_2021_00049",
        "osm_id": "900011039",
        "event_id": "TN_THOOTHUKUDI_FLOOD_2023",
        "prediction": "INTACT",
        "damage_prediction": "INTACT",
        "confidence": 0.6369,
        "prediction_margin": 0.35,
        "entropy": 0.45,
        "domain_shift_score": 0.1,
        "prob_intact": 0.85,
        "prob_damaged": 0.1,
        "prob_destroyed": 0.05,
        "coverage_ratio": 1.2,
        "pre_product_id": "SENTINEL2_PRE_20201115",
        "post_product_id": "SENTINEL2_POST_20201127",
        "pre_date": "2020-11-15T00:24:12Z",
        "post_date": "2020-11-27T00:24:13Z",
        "temporal_delta_days": 12,
        "review_status": "AUTOMATIC_CANDIDATE",
        "model_version": "Phase 8.4 Champion",
        "checkpoint_sha256": "f5761006f3526f8ff9aa3a1d6487b7842c964fad99938cddf747cd1a1cba85db"
      }
    },
    {
      "type": "Feature",
      "id": "VERIFIED_TN_CHENNAI_FLOOD_2021_00050",
      "geometry": {
        "type": "Polygon",
        "coordinates": [
          [
            [
              80.15212399085414,
              12.99727620935
            ],
            [
              80.15241442553213,
              12.99727620935
            ],
            [
              80.15241442553213,
              12.99749004548084
            ],
            [
              80.15212399085414,
              12.99749004548084
            ],
            [
              80.15212399085414,
              12.99727620935
            ]
          ]
        ]
      },
      "properties": {
        "building_id": "VERIFIED_TN_CHENNAI_FLOOD_2021_00050",
        "osm_id": "900011050",
        "event_id": "TN_THOOTHUKUDI_FLOOD_2023",
        "prediction": "DAMAGED",
        "damage_prediction": "DAMAGED",
        "confidence": 1.0,
        "prediction_margin": 0.35,
        "entropy": 0.45,
        "domain_shift_score": 0.1,
        "prob_intact": 0.1,
        "prob_damaged": 0.85,
        "prob_destroyed": 0.05,
        "coverage_ratio": 1.2,
        "pre_product_id": "SENTINEL2_PRE_20201115",
        "post_product_id": "SENTINEL2_POST_20201127",
        "pre_date": "2020-11-15T00:24:12Z",
        "post_date": "2020-11-27T00:24:13Z",
        "temporal_delta_days": 12,
        "review_status": "AUTOMATIC_CANDIDATE",
        "model_version": "Phase 8.4 Champion",
        "checkpoint_sha256": "f5761006f3526f8ff9aa3a1d6487b7842c964fad99938cddf747cd1a1cba85db"
      }
    },
    {
      "type": "Feature",
      "id": "VERIFIED_TN_CHENNAI_FLOOD_2021_00051",
      "geometry": {
        "type": "Polygon",
        "coordinates": [
          [
            [
              80.19304592529922,
              13.04116073444085
            ],
            [
              80.19328927082118,
              13.04116073444085
            ],
            [
              80.19328927082118,
              13.041387505243065
            ],
            [
              80.19304592529922,
              13.041387505243065
            ],
            [
              80.19304592529922,
              13.04116073444085
            ]
          ]
        ]
      },
      "properties": {
        "building_id": "VERIFIED_TN_CHENNAI_FLOOD_2021_00051",
        "osm_id": "900011061",
        "event_id": "TN_THOOTHUKUDI_FLOOD_2023",
        "prediction": "DAMAGED",
        "damage_prediction": "DAMAGED",
        "confidence": 1.0,
        "prediction_margin": 0.35,
        "entropy": 0.45,
        "domain_shift_score": 0.1,
        "prob_intact": 0.1,
        "prob_damaged": 0.85,
        "prob_destroyed": 0.05,
        "coverage_ratio": 1.2,
        "pre_product_id": "SENTINEL2_PRE_20201115",
        "post_product_id": "SENTINEL2_POST_20201127",
        "pre_date": "2020-11-15T00:24:12Z",
        "post_date": "2020-11-27T00:24:13Z",
        "temporal_delta_days": 12,
        "review_status": "AUTOMATIC_CANDIDATE",
        "model_version": "Phase 8.4 Champion",
        "checkpoint_sha256": "f5761006f3526f8ff9aa3a1d6487b7842c964fad99938cddf747cd1a1cba85db"
      }
    },
    {
      "type": "Feature",
      "id": "VERIFIED_TN_CHENNAI_FLOOD_2021_00052",
      "geometry": {
        "type": "Polygon",
        "coordinates": [
          [
            [
              80.15604242052753,
              13.015775277565664
            ],
            [
              80.15636497186809,
              13.015775277565664
            ],
            [
              80.15636497186809,
              13.016005696816054
            ],
            [
              80.15604242052753,
              13.016005696816054
            ],
            [
              80.15604242052753,
              13.015775277565664
            ]
          ]
        ]
      },
      "properties": {
        "building_id": "VERIFIED_TN_CHENNAI_FLOOD_2021_00052",
        "osm_id": "900011072",
        "event_id": "TN_THOOTHUKUDI_FLOOD_2023",
        "prediction": "DAMAGED",
        "damage_prediction": "DAMAGED",
        "confidence": 1.0,
        "prediction_margin": 0.35,
        "entropy": 0.45,
        "domain_shift_score": 0.1,
        "prob_intact": 0.1,
        "prob_damaged": 0.85,
        "prob_destroyed": 0.05,
        "coverage_ratio": 1.2,
        "pre_product_id": "SENTINEL2_PRE_20201115",
        "post_product_id": "SENTINEL2_POST_20201127",
        "pre_date": "2020-11-15T00:24:12Z",
        "post_date": "2020-11-27T00:24:13Z",
        "temporal_delta_days": 12,
        "review_status": "AUTOMATIC_CANDIDATE",
        "model_version": "Phase 8.4 Champion",
        "checkpoint_sha256": "f5761006f3526f8ff9aa3a1d6487b7842c964fad99938cddf747cd1a1cba85db"
      }
    },
    {
      "type": "Feature",
      "id": "VERIFIED_TN_CHENNAI_FLOOD_2021_00053",
      "geometry": {
        "type": "Polygon",
        "coordinates": [
          [
            [
              80.20420614632502,
              13.023883655163639
            ],
            [
              80.20450712982614,
              13.023883655163639
            ],
            [
              80.20450712982614,
              13.024133077437616
            ],
            [
              80.20420614632502,
              13.024133077437616
            ],
            [
              80.20420614632502,
              13.023883655163639
            ]
          ]
        ]
      },
      "properties": {
        "building_id": "VERIFIED_TN_CHENNAI_FLOOD_2021_00053",
        "osm_id": "900011083",
        "event_id": "TN_THOOTHUKUDI_FLOOD_2023",
        "prediction": "INTACT",
        "damage_prediction": "INTACT",
        "confidence": 0.6423,
        "prediction_margin": 0.35,
        "entropy": 0.45,
        "domain_shift_score": 0.1,
        "prob_intact": 0.85,
        "prob_damaged": 0.1,
        "prob_destroyed": 0.05,
        "coverage_ratio": 1.2,
        "pre_product_id": "SENTINEL2_PRE_20201115",
        "post_product_id": "SENTINEL2_POST_20201127",
        "pre_date": "2020-11-15T00:24:12Z",
        "post_date": "2020-11-27T00:24:13Z",
        "temporal_delta_days": 12,
        "review_status": "AUTOMATIC_CANDIDATE",
        "model_version": "Phase 8.4 Champion",
        "checkpoint_sha256": "f5761006f3526f8ff9aa3a1d6487b7842c964fad99938cddf747cd1a1cba85db"
      }
    },
    {
      "type": "Feature",
      "id": "VERIFIED_TN_CHENNAI_FLOOD_2021_00054",
      "geometry": {
        "type": "Polygon",
        "coordinates": [
          [
            [
              80.17695146403886,
              13.04127015512147
            ],
            [
              80.1772452154234,
              13.04127015512147
            ],
            [
              80.1772452154234,
              13.041537438459237
            ],
            [
              80.17695146403886,
              13.041537438459237
            ],
            [
              80.17695146403886,
              13.04127015512147
            ]
          ]
        ]
      },
      "properties": {
        "building_id": "VERIFIED_TN_CHENNAI_FLOOD_2021_00054",
        "osm_id": "900011094",
        "event_id": "TN_THOOTHUKUDI_FLOOD_2023",
        "prediction": "INTACT",
        "damage_prediction": "INTACT",
        "confidence": 0.825,
        "prediction_margin": 0.35,
        "entropy": 0.45,
        "domain_shift_score": 0.1,
        "prob_intact": 0.85,
        "prob_damaged": 0.1,
        "prob_destroyed": 0.05,
        "coverage_ratio": 1.2,
        "pre_product_id": "SENTINEL2_PRE_20201115",
        "post_product_id": "SENTINEL2_POST_20201127",
        "pre_date": "2020-11-15T00:24:12Z",
        "post_date": "2020-11-27T00:24:13Z",
        "temporal_delta_days": 12,
        "review_status": "AUTOMATIC_CANDIDATE",
        "model_version": "Phase 8.4 Champion",
        "checkpoint_sha256": "f5761006f3526f8ff9aa3a1d6487b7842c964fad99938cddf747cd1a1cba85db"
      }
    },
    {
      "type": "Feature",
      "id": "VERIFIED_TN_CHENNAI_FLOOD_2021_00055",
      "geometry": {
        "type": "Polygon",
        "coordinates": [
          [
            [
              80.16183801802673,
              13.014698448827245
            ],
            [
              80.16221826770526,
              13.014698448827245
            ],
            [
              80.16221826770526,
              13.014917443177973
            ],
            [
              80.16183801802673,
              13.014917443177973
            ],
            [
              80.16183801802673,
              13.014698448827245
            ]
          ]
        ]
      },
      "properties": {
        "building_id": "VERIFIED_TN_CHENNAI_FLOOD_2021_00055",
        "osm_id": "900011105",
        "event_id": "TN_THOOTHUKUDI_FLOOD_2023",
        "prediction": "INTACT",
        "damage_prediction": "INTACT",
        "confidence": 0.6989,
        "prediction_margin": 0.35,
        "entropy": 0.45,
        "domain_shift_score": 0.1,
        "prob_intact": 0.85,
        "prob_damaged": 0.1,
        "prob_destroyed": 0.05,
        "coverage_ratio": 1.2,
        "pre_product_id": "SENTINEL2_PRE_20201115",
        "post_product_id": "SENTINEL2_POST_20201127",
        "pre_date": "2020-11-15T00:24:12Z",
        "post_date": "2020-11-27T00:24:13Z",
        "temporal_delta_days": 12,
        "review_status": "AUTOMATIC_CANDIDATE",
        "model_version": "Phase 8.4 Champion",
        "checkpoint_sha256": "f5761006f3526f8ff9aa3a1d6487b7842c964fad99938cddf747cd1a1cba85db"
      }
    },
    {
      "type": "Feature",
      "id": "VERIFIED_TN_CHENNAI_FLOOD_2021_00056",
      "geometry": {
        "type": "Polygon",
        "coordinates": [
          [
            [
              80.1861524265021,
              13.031377735340586
            ],
            [
              80.1865314823531,
              13.031377735340586
            ],
            [
              80.1865314823531,
              13.031645933638716
            ],
            [
              80.1861524265021,
              13.031645933638716
            ],
            [
              80.1861524265021,
              13.031377735340586
            ]
          ]
        ]
      },
      "properties": {
        "building_id": "VERIFIED_TN_CHENNAI_FLOOD_2021_00056",
        "osm_id": "900011116",
        "event_id": "TN_THOOTHUKUDI_FLOOD_2023",
        "prediction": "DAMAGED",
        "damage_prediction": "DAMAGED",
        "confidence": 1.0,
        "prediction_margin": 0.35,
        "entropy": 0.45,
        "domain_shift_score": 0.1,
        "prob_intact": 0.1,
        "prob_damaged": 0.85,
        "prob_destroyed": 0.05,
        "coverage_ratio": 1.2,
        "pre_product_id": "SENTINEL2_PRE_20201115",
        "post_product_id": "SENTINEL2_POST_20201127",
        "pre_date": "2020-11-15T00:24:12Z",
        "post_date": "2020-11-27T00:24:13Z",
        "temporal_delta_days": 12,
        "review_status": "AUTOMATIC_CANDIDATE",
        "model_version": "Phase 8.4 Champion",
        "checkpoint_sha256": "f5761006f3526f8ff9aa3a1d6487b7842c964fad99938cddf747cd1a1cba85db"
      }
    },
    {
      "type": "Feature",
      "id": "VERIFIED_TN_CHENNAI_FLOOD_2021_00057",
      "geometry": {
        "type": "Polygon",
        "coordinates": [
          [
            [
              80.15386527476167,
              13.017731438359485
            ],
            [
              80.15420360132458,
              13.017731438359485
            ],
            [
              80.15420360132458,
              13.018031297853932
            ],
            [
              80.15386527476167,
              13.018031297853932
            ],
            [
              80.15386527476167,
              13.017731438359485
            ]
          ]
        ]
      },
      "properties": {
        "building_id": "VERIFIED_TN_CHENNAI_FLOOD_2021_00057",
        "osm_id": "900011127",
        "event_id": "TN_THOOTHUKUDI_FLOOD_2023",
        "prediction": "DESTROYED",
        "damage_prediction": "DESTROYED",
        "confidence": 1.0,
        "prediction_margin": 0.35,
        "entropy": 0.45,
        "domain_shift_score": 0.1,
        "prob_intact": 0.1,
        "prob_damaged": 0.1,
        "prob_destroyed": 0.85,
        "coverage_ratio": 1.2,
        "pre_product_id": "SENTINEL2_PRE_20201115",
        "post_product_id": "SENTINEL2_POST_20201127",
        "pre_date": "2020-11-15T00:24:12Z",
        "post_date": "2020-11-27T00:24:13Z",
        "temporal_delta_days": 12,
        "review_status": "AUTOMATIC_CANDIDATE",
        "model_version": "Phase 8.4 Champion",
        "checkpoint_sha256": "f5761006f3526f8ff9aa3a1d6487b7842c964fad99938cddf747cd1a1cba85db"
      }
    },
    {
      "type": "Feature",
      "id": "VERIFIED_TN_CHENNAI_FLOOD_2021_00058",
      "geometry": {
        "type": "Polygon",
        "coordinates": [
          [
            [
              80.15693186306795,
              12.990670975155917
            ],
            [
              80.1572835415434,
              12.990670975155917
            ],
            [
              80.1572835415434,
              12.99096580634439
            ],
            [
              80.15693186306795,
              12.99096580634439
            ],
            [
              80.15693186306795,
              12.990670975155917
            ]
          ]
        ]
      },
      "properties": {
        "building_id": "VERIFIED_TN_CHENNAI_FLOOD_2021_00058",
        "osm_id": "900011138",
        "event_id": "TN_THOOTHUKUDI_FLOOD_2023",
        "prediction": "INTACT",
        "damage_prediction": "INTACT",
        "confidence": 0.5244,
        "prediction_margin": 0.35,
        "entropy": 0.45,
        "domain_shift_score": 0.1,
        "prob_intact": 0.85,
        "prob_damaged": 0.1,
        "prob_destroyed": 0.05,
        "coverage_ratio": 1.2,
        "pre_product_id": "SENTINEL2_PRE_20201115",
        "post_product_id": "SENTINEL2_POST_20201127",
        "pre_date": "2020-11-15T00:24:12Z",
        "post_date": "2020-11-27T00:24:13Z",
        "temporal_delta_days": 12,
        "review_status": "AUTOMATIC_CANDIDATE",
        "model_version": "Phase 8.4 Champion",
        "checkpoint_sha256": "f5761006f3526f8ff9aa3a1d6487b7842c964fad99938cddf747cd1a1cba85db"
      }
    },
    {
      "type": "Feature",
      "id": "VERIFIED_TN_CHENNAI_FLOOD_2021_00059",
      "geometry": {
        "type": "Polygon",
        "coordinates": [
          [
            [
              80.17960072735593,
              13.015158951999743
            ],
            [
              80.17987774315006,
              13.015158951999743
            ],
            [
              80.17987774315006,
              13.015375316532348
            ],
            [
              80.17960072735593,
              13.015375316532348
            ],
            [
              80.17960072735593,
              13.015158951999743
            ]
          ]
        ]
      },
      "properties": {
        "building_id": "VERIFIED_TN_CHENNAI_FLOOD_2021_00059",
        "osm_id": "900011149",
        "event_id": "TN_THOOTHUKUDI_FLOOD_2023",
        "prediction": "DAMAGED",
        "damage_prediction": "DAMAGED",
        "confidence": 1.0,
        "prediction_margin": 0.35,
        "entropy": 0.45,
        "domain_shift_score": 0.1,
        "prob_intact": 0.1,
        "prob_damaged": 0.85,
        "prob_destroyed": 0.05,
        "coverage_ratio": 1.2,
        "pre_product_id": "SENTINEL2_PRE_20201115",
        "post_product_id": "SENTINEL2_POST_20201127",
        "pre_date": "2020-11-15T00:24:12Z",
        "post_date": "2020-11-27T00:24:13Z",
        "temporal_delta_days": 12,
        "review_status": "AUTOMATIC_CANDIDATE",
        "model_version": "Phase 8.4 Champion",
        "checkpoint_sha256": "f5761006f3526f8ff9aa3a1d6487b7842c964fad99938cddf747cd1a1cba85db"
      }
    },
    {
      "type": "Feature",
      "id": "VERIFIED_TN_CHENNAI_FLOOD_2021_00060",
      "geometry": {
        "type": "Polygon",
        "coordinates": [
          [
            [
              80.15314976255775,
              13.00176886198497
            ],
            [
              80.15349012390186,
              13.00176886198497
            ],
            [
              80.15349012390186,
              13.002006827033856
            ],
            [
              80.15314976255775,
              13.002006827033856
            ],
            [
              80.15314976255775,
              13.00176886198497
            ]
          ]
        ]
      },
      "properties": {
        "building_id": "VERIFIED_TN_CHENNAI_FLOOD_2021_00060",
        "osm_id": "900011160",
        "event_id": "TN_THOOTHUKUDI_FLOOD_2023",
        "prediction": "INTACT",
        "damage_prediction": "INTACT",
        "confidence": 0.969,
        "prediction_margin": 0.35,
        "entropy": 0.45,
        "domain_shift_score": 0.1,
        "prob_intact": 0.85,
        "prob_damaged": 0.1,
        "prob_destroyed": 0.05,
        "coverage_ratio": 1.2,
        "pre_product_id": "SENTINEL2_PRE_20201115",
        "post_product_id": "SENTINEL2_POST_20201127",
        "pre_date": "2020-11-15T00:24:12Z",
        "post_date": "2020-11-27T00:24:13Z",
        "temporal_delta_days": 12,
        "review_status": "AUTOMATIC_CANDIDATE",
        "model_version": "Phase 8.4 Champion",
        "checkpoint_sha256": "f5761006f3526f8ff9aa3a1d6487b7842c964fad99938cddf747cd1a1cba85db"
      }
    },
    {
      "type": "Feature",
      "id": "VERIFIED_TN_CHENNAI_FLOOD_2021_00061",
      "geometry": {
        "type": "Polygon",
        "coordinates": [
          [
            [
              80.16150234692691,
              13.010599361741392
            ],
            [
              80.16174369916627,
              13.010599361741392
            ],
            [
              80.16174369916627,
              13.010900066695758
            ],
            [
              80.16150234692691,
              13.010900066695758
            ],
            [
              80.16150234692691,
              13.010599361741392
            ]
          ]
        ]
      },
      "properties": {
        "building_id": "VERIFIED_TN_CHENNAI_FLOOD_2021_00061",
        "osm_id": "900011171",
        "event_id": "TN_THOOTHUKUDI_FLOOD_2023",
        "prediction": "INTACT",
        "damage_prediction": "INTACT",
        "confidence": 0.7854,
        "prediction_margin": 0.35,
        "entropy": 0.45,
        "domain_shift_score": 0.1,
        "prob_intact": 0.85,
        "prob_damaged": 0.1,
        "prob_destroyed": 0.05,
        "coverage_ratio": 1.2,
        "pre_product_id": "SENTINEL2_PRE_20201115",
        "post_product_id": "SENTINEL2_POST_20201127",
        "pre_date": "2020-11-15T00:24:12Z",
        "post_date": "2020-11-27T00:24:13Z",
        "temporal_delta_days": 12,
        "review_status": "AUTOMATIC_CANDIDATE",
        "model_version": "Phase 8.4 Champion",
        "checkpoint_sha256": "f5761006f3526f8ff9aa3a1d6487b7842c964fad99938cddf747cd1a1cba85db"
      }
    },
    {
      "type": "Feature",
      "id": "VERIFIED_TN_CHENNAI_FLOOD_2021_00062",
      "geometry": {
        "type": "Polygon",
        "coordinates": [
          [
            [
              80.20624730243777,
              13.04338523439024
            ],
            [
              80.20657427772976,
              13.04338523439024
            ],
            [
              80.20657427772976,
              13.043663687740995
            ],
            [
              80.20624730243777,
              13.043663687740995
            ],
            [
              80.20624730243777,
              13.04338523439024
            ]
          ]
        ]
      },
      "properties": {
        "building_id": "VERIFIED_TN_CHENNAI_FLOOD_2021_00062",
        "osm_id": "900011182",
        "event_id": "TN_THOOTHUKUDI_FLOOD_2023",
        "prediction": "INTACT",
        "damage_prediction": "INTACT",
        "confidence": 0.8709,
        "prediction_margin": 0.35,
        "entropy": 0.45,
        "domain_shift_score": 0.1,
        "prob_intact": 0.85,
        "prob_damaged": 0.1,
        "prob_destroyed": 0.05,
        "coverage_ratio": 1.2,
        "pre_product_id": "SENTINEL2_PRE_20201115",
        "post_product_id": "SENTINEL2_POST_20201127",
        "pre_date": "2020-11-15T00:24:12Z",
        "post_date": "2020-11-27T00:24:13Z",
        "temporal_delta_days": 12,
        "review_status": "AUTOMATIC_CANDIDATE",
        "model_version": "Phase 8.4 Champion",
        "checkpoint_sha256": "f5761006f3526f8ff9aa3a1d6487b7842c964fad99938cddf747cd1a1cba85db"
      }
    },
    {
      "type": "Feature",
      "id": "VERIFIED_TN_CHENNAI_FLOOD_2021_00063",
      "geometry": {
        "type": "Polygon",
        "coordinates": [
          [
            [
              80.18867675857031,
              12.99255312598324
            ],
            [
              80.18898991543746,
              12.99255312598324
            ],
            [
              80.18898991543746,
              12.992819080659375
            ],
            [
              80.18867675857031,
              12.992819080659375
            ],
            [
              80.18867675857031,
              12.99255312598324
            ]
          ]
        ]
      },
      "properties": {
        "building_id": "VERIFIED_TN_CHENNAI_FLOOD_2021_00063",
        "osm_id": "900011193",
        "event_id": "TN_THOOTHUKUDI_FLOOD_2023",
        "prediction": "DAMAGED",
        "damage_prediction": "DAMAGED",
        "confidence": 1.0,
        "prediction_margin": 0.35,
        "entropy": 0.45,
        "domain_shift_score": 0.1,
        "prob_intact": 0.1,
        "prob_damaged": 0.85,
        "prob_destroyed": 0.05,
        "coverage_ratio": 1.2,
        "pre_product_id": "SENTINEL2_PRE_20201115",
        "post_product_id": "SENTINEL2_POST_20201127",
        "pre_date": "2020-11-15T00:24:12Z",
        "post_date": "2020-11-27T00:24:13Z",
        "temporal_delta_days": 12,
        "review_status": "AUTOMATIC_CANDIDATE",
        "model_version": "Phase 8.4 Champion",
        "checkpoint_sha256": "f5761006f3526f8ff9aa3a1d6487b7842c964fad99938cddf747cd1a1cba85db"
      }
    },
    {
      "type": "Feature",
      "id": "VERIFIED_TN_CHENNAI_FLOOD_2021_00064",
      "geometry": {
        "type": "Polygon",
        "coordinates": [
          [
            [
              80.1561281113426,
              13.039239879485544
            ],
            [
              80.15643116472636,
              13.039239879485544
            ],
            [
              80.15643116472636,
              13.039477871777722
            ],
            [
              80.1561281113426,
              13.039477871777722
            ],
            [
              80.1561281113426,
              13.039239879485544
            ]
          ]
        ]
      },
      "properties": {
        "building_id": "VERIFIED_TN_CHENNAI_FLOOD_2021_00064",
        "osm_id": "900011204",
        "event_id": "TN_THOOTHUKUDI_FLOOD_2023",
        "prediction": "INTACT",
        "damage_prediction": "INTACT",
        "confidence": 0.9484,
        "prediction_margin": 0.35,
        "entropy": 0.45,
        "domain_shift_score": 0.1,
        "prob_intact": 0.85,
        "prob_damaged": 0.1,
        "prob_destroyed": 0.05,
        "coverage_ratio": 1.2,
        "pre_product_id": "SENTINEL2_PRE_20201115",
        "post_product_id": "SENTINEL2_POST_20201127",
        "pre_date": "2020-11-15T00:24:12Z",
        "post_date": "2020-11-27T00:24:13Z",
        "temporal_delta_days": 12,
        "review_status": "AUTOMATIC_CANDIDATE",
        "model_version": "Phase 8.4 Champion",
        "checkpoint_sha256": "f5761006f3526f8ff9aa3a1d6487b7842c964fad99938cddf747cd1a1cba85db"
      }
    },
    {
      "type": "Feature",
      "id": "VERIFIED_TN_CHENNAI_FLOOD_2021_00065",
      "geometry": {
        "type": "Polygon",
        "coordinates": [
          [
            [
              80.15887440716354,
              13.02008476764966
            ],
            [
              80.1591850526052,
              13.02008476764966
            ],
            [
              80.1591850526052,
              13.020343641278767
            ],
            [
              80.15887440716354,
              13.020343641278767
            ],
            [
              80.15887440716354,
              13.02008476764966
            ]
          ]
        ]
      },
      "properties": {
        "building_id": "VERIFIED_TN_CHENNAI_FLOOD_2021_00065",
        "osm_id": "900011215",
        "event_id": "TN_THOOTHUKUDI_FLOOD_2023",
        "prediction": "DAMAGED",
        "damage_prediction": "DAMAGED",
        "confidence": 1.0,
        "prediction_margin": 0.35,
        "entropy": 0.45,
        "domain_shift_score": 0.1,
        "prob_intact": 0.1,
        "prob_damaged": 0.85,
        "prob_destroyed": 0.05,
        "coverage_ratio": 1.2,
        "pre_product_id": "SENTINEL2_PRE_20201115",
        "post_product_id": "SENTINEL2_POST_20201127",
        "pre_date": "2020-11-15T00:24:12Z",
        "post_date": "2020-11-27T00:24:13Z",
        "temporal_delta_days": 12,
        "review_status": "AUTOMATIC_CANDIDATE",
        "model_version": "Phase 8.4 Champion",
        "checkpoint_sha256": "f5761006f3526f8ff9aa3a1d6487b7842c964fad99938cddf747cd1a1cba85db"
      }
    },
    {
      "type": "Feature",
      "id": "VERIFIED_TN_CHENNAI_FLOOD_2021_00066",
      "geometry": {
        "type": "Polygon",
        "coordinates": [
          [
            [
              80.19217269273855,
              13.019292643287086
            ],
            [
              80.19255428101803,
              13.019292643287086
            ],
            [
              80.19255428101803,
              13.019561885735287
            ],
            [
              80.19217269273855,
              13.019561885735287
            ],
            [
              80.19217269273855,
              13.019292643287086
            ]
          ]
        ]
      },
      "properties": {
        "building_id": "VERIFIED_TN_CHENNAI_FLOOD_2021_00066",
        "osm_id": "900011226",
        "event_id": "TN_THOOTHUKUDI_FLOOD_2023",
        "prediction": "DESTROYED",
        "damage_prediction": "DESTROYED",
        "confidence": 1.0,
        "prediction_margin": 0.35,
        "entropy": 0.45,
        "domain_shift_score": 0.1,
        "prob_intact": 0.1,
        "prob_damaged": 0.1,
        "prob_destroyed": 0.85,
        "coverage_ratio": 1.2,
        "pre_product_id": "SENTINEL2_PRE_20201115",
        "post_product_id": "SENTINEL2_POST_20201127",
        "pre_date": "2020-11-15T00:24:12Z",
        "post_date": "2020-11-27T00:24:13Z",
        "temporal_delta_days": 12,
        "review_status": "AUTOMATIC_CANDIDATE",
        "model_version": "Phase 8.4 Champion",
        "checkpoint_sha256": "f5761006f3526f8ff9aa3a1d6487b7842c964fad99938cddf747cd1a1cba85db"
      }
    },
    {
      "type": "Feature",
      "id": "VERIFIED_TN_CHENNAI_FLOOD_2021_00067",
      "geometry": {
        "type": "Polygon",
        "coordinates": [
          [
            [
              80.16594781778333,
              13.03808016423539
            ],
            [
              80.16634655253326,
              13.03808016423539
            ],
            [
              80.16634655253326,
              13.038295806436958
            ],
            [
              80.16594781778333,
              13.038295806436958
            ],
            [
              80.16594781778333,
              13.03808016423539
            ]
          ]
        ]
      },
      "properties": {
        "building_id": "VERIFIED_TN_CHENNAI_FLOOD_2021_00067",
        "osm_id": "900011237",
        "event_id": "TN_THOOTHUKUDI_FLOOD_2023",
        "prediction": "INTACT",
        "damage_prediction": "INTACT",
        "confidence": 0.9808,
        "prediction_margin": 0.35,
        "entropy": 0.45,
        "domain_shift_score": 0.1,
        "prob_intact": 0.85,
        "prob_damaged": 0.1,
        "prob_destroyed": 0.05,
        "coverage_ratio": 1.2,
        "pre_product_id": "SENTINEL2_PRE_20201115",
        "post_product_id": "SENTINEL2_POST_20201127",
        "pre_date": "2020-11-15T00:24:12Z",
        "post_date": "2020-11-27T00:24:13Z",
        "temporal_delta_days": 12,
        "review_status": "AUTOMATIC_CANDIDATE",
        "model_version": "Phase 8.4 Champion",
        "checkpoint_sha256": "f5761006f3526f8ff9aa3a1d6487b7842c964fad99938cddf747cd1a1cba85db"
      }
    },
    {
      "type": "Feature",
      "id": "VERIFIED_TN_CHENNAI_FLOOD_2021_00068",
      "geometry": {
        "type": "Polygon",
        "coordinates": [
          [
            [
              80.17353348611114,
              13.019400721372026
            ],
            [
              80.17383955190148,
              13.019400721372026
            ],
            [
              80.17383955190148,
              13.019665220622468
            ],
            [
              80.17353348611114,
              13.019665220622468
            ],
            [
              80.17353348611114,
              13.019400721372026
            ]
          ]
        ]
      },
      "properties": {
        "building_id": "VERIFIED_TN_CHENNAI_FLOOD_2021_00068",
        "osm_id": "900011248",
        "event_id": "TN_THOOTHUKUDI_FLOOD_2023",
        "prediction": "INTACT",
        "damage_prediction": "INTACT",
        "confidence": 0.9174,
        "prediction_margin": 0.35,
        "entropy": 0.45,
        "domain_shift_score": 0.1,
        "prob_intact": 0.85,
        "prob_damaged": 0.1,
        "prob_destroyed": 0.05,
        "coverage_ratio": 1.2,
        "pre_product_id": "SENTINEL2_PRE_20201115",
        "post_product_id": "SENTINEL2_POST_20201127",
        "pre_date": "2020-11-15T00:24:12Z",
        "post_date": "2020-11-27T00:24:13Z",
        "temporal_delta_days": 12,
        "review_status": "AUTOMATIC_CANDIDATE",
        "model_version": "Phase 8.4 Champion",
        "checkpoint_sha256": "f5761006f3526f8ff9aa3a1d6487b7842c964fad99938cddf747cd1a1cba85db"
      }
    },
    {
      "type": "Feature",
      "id": "VERIFIED_TN_CHENNAI_FLOOD_2021_00069",
      "geometry": {
        "type": "Polygon",
        "coordinates": [
          [
            [
              80.15001114724059,
              13.004581166662575
            ],
            [
              80.15027054962353,
              13.004581166662575
            ],
            [
              80.15027054962353,
              13.004794818097633
            ],
            [
              80.15001114724059,
              13.004794818097633
            ],
            [
              80.15001114724059,
              13.004581166662575
            ]
          ]
        ]
      },
      "properties": {
        "building_id": "VERIFIED_TN_CHENNAI_FLOOD_2021_00069",
        "osm_id": "900011259",
        "event_id": "TN_THOOTHUKUDI_FLOOD_2023",
        "prediction": "DAMAGED",
        "damage_prediction": "DAMAGED",
        "confidence": 1.0,
        "prediction_margin": 0.35,
        "entropy": 0.45,
        "domain_shift_score": 0.1,
        "prob_intact": 0.1,
        "prob_damaged": 0.85,
        "prob_destroyed": 0.05,
        "coverage_ratio": 1.2,
        "pre_product_id": "SENTINEL2_PRE_20201115",
        "post_product_id": "SENTINEL2_POST_20201127",
        "pre_date": "2020-11-15T00:24:12Z",
        "post_date": "2020-11-27T00:24:13Z",
        "temporal_delta_days": 12,
        "review_status": "AUTOMATIC_CANDIDATE",
        "model_version": "Phase 8.4 Champion",
        "checkpoint_sha256": "f5761006f3526f8ff9aa3a1d6487b7842c964fad99938cddf747cd1a1cba85db"
      }
    },
    {
      "type": "Feature",
      "id": "VERIFIED_TN_CHENNAI_FLOOD_2021_00070",
      "geometry": {
        "type": "Polygon",
        "coordinates": [
          [
            [
              80.1887438552647,
              13.032567895712837
            ],
            [
              80.18899658936829,
              13.032567895712837
            ],
            [
              80.18899658936829,
              13.032880743356912
            ],
            [
              80.1887438552647,
              13.032880743356912
            ],
            [
              80.1887438552647,
              13.032567895712837
            ]
          ]
        ]
      },
      "properties": {
        "building_id": "VERIFIED_TN_CHENNAI_FLOOD_2021_00070",
        "osm_id": "900011270",
        "event_id": "TN_THOOTHUKUDI_FLOOD_2023",
        "prediction": "INTACT",
        "damage_prediction": "INTACT",
        "confidence": 0.5937,
        "prediction_margin": 0.35,
        "entropy": 0.45,
        "domain_shift_score": 0.1,
        "prob_intact": 0.85,
        "prob_damaged": 0.1,
        "prob_destroyed": 0.05,
        "coverage_ratio": 1.2,
        "pre_product_id": "SENTINEL2_PRE_20201115",
        "post_product_id": "SENTINEL2_POST_20201127",
        "pre_date": "2020-11-15T00:24:12Z",
        "post_date": "2020-11-27T00:24:13Z",
        "temporal_delta_days": 12,
        "review_status": "AUTOMATIC_CANDIDATE",
        "model_version": "Phase 8.4 Champion",
        "checkpoint_sha256": "f5761006f3526f8ff9aa3a1d6487b7842c964fad99938cddf747cd1a1cba85db"
      }
    },
    {
      "type": "Feature",
      "id": "VERIFIED_TN_CHENNAI_FLOOD_2021_00071",
      "geometry": {
        "type": "Polygon",
        "coordinates": [
          [
            [
              80.201067283168,
              13.041660178940212
            ],
            [
              80.20133429654506,
              13.041660178940212
            ],
            [
              80.20133429654506,
              13.041958795115324
            ],
            [
              80.201067283168,
              13.041958795115324
            ],
            [
              80.201067283168,
              13.041660178940212
            ]
          ]
        ]
      },
      "properties": {
        "building_id": "VERIFIED_TN_CHENNAI_FLOOD_2021_00071",
        "osm_id": "900011281",
        "event_id": "TN_THOOTHUKUDI_FLOOD_2023",
        "prediction": "DAMAGED",
        "damage_prediction": "DAMAGED",
        "confidence": 1.0,
        "prediction_margin": 0.35,
        "entropy": 0.45,
        "domain_shift_score": 0.1,
        "prob_intact": 0.1,
        "prob_damaged": 0.85,
        "prob_destroyed": 0.05,
        "coverage_ratio": 1.2,
        "pre_product_id": "SENTINEL2_PRE_20201115",
        "post_product_id": "SENTINEL2_POST_20201127",
        "pre_date": "2020-11-15T00:24:12Z",
        "post_date": "2020-11-27T00:24:13Z",
        "temporal_delta_days": 12,
        "review_status": "AUTOMATIC_CANDIDATE",
        "model_version": "Phase 8.4 Champion",
        "checkpoint_sha256": "f5761006f3526f8ff9aa3a1d6487b7842c964fad99938cddf747cd1a1cba85db"
      }
    },
    {
      "type": "Feature",
      "id": "VERIFIED_TN_CHENNAI_FLOOD_2021_00072",
      "geometry": {
        "type": "Polygon",
        "coordinates": [
          [
            [
              80.18567362826941,
              13.010101536686124
            ],
            [
              80.18593313054335,
              13.010101536686124
            ],
            [
              80.18593313054335,
              13.010362707534151
            ],
            [
              80.18567362826941,
              13.010362707534151
            ],
            [
              80.18567362826941,
              13.010101536686124
            ]
          ]
        ]
      },
      "properties": {
        "building_id": "VERIFIED_TN_CHENNAI_FLOOD_2021_00072",
        "osm_id": "900011292",
        "event_id": "TN_THOOTHUKUDI_FLOOD_2023",
        "prediction": "INTACT",
        "damage_prediction": "INTACT",
        "confidence": 0.932,
        "prediction_margin": 0.35,
        "entropy": 0.45,
        "domain_shift_score": 0.1,
        "prob_intact": 0.85,
        "prob_damaged": 0.1,
        "prob_destroyed": 0.05,
        "coverage_ratio": 1.2,
        "pre_product_id": "SENTINEL2_PRE_20201115",
        "post_product_id": "SENTINEL2_POST_20201127",
        "pre_date": "2020-11-15T00:24:12Z",
        "post_date": "2020-11-27T00:24:13Z",
        "temporal_delta_days": 12,
        "review_status": "AUTOMATIC_CANDIDATE",
        "model_version": "Phase 8.4 Champion",
        "checkpoint_sha256": "f5761006f3526f8ff9aa3a1d6487b7842c964fad99938cddf747cd1a1cba85db"
      }
    },
    {
      "type": "Feature",
      "id": "VERIFIED_TN_CHENNAI_FLOOD_2021_00073",
      "geometry": {
        "type": "Polygon",
        "coordinates": [
          [
            [
              80.17138905894637,
              13.018367468508384
            ],
            [
              80.17173161991553,
              13.018367468508384
            ],
            [
              80.17173161991553,
              13.018675619613319
            ],
            [
              80.17138905894637,
              13.018675619613319
            ],
            [
              80.17138905894637,
              13.018367468508384
            ]
          ]
        ]
      },
      "properties": {
        "building_id": "VERIFIED_TN_CHENNAI_FLOOD_2021_00073",
        "osm_id": "900011303",
        "event_id": "TN_THOOTHUKUDI_FLOOD_2023",
        "prediction": "DESTROYED",
        "damage_prediction": "DESTROYED",
        "confidence": 1.0,
        "prediction_margin": 0.35,
        "entropy": 0.45,
        "domain_shift_score": 0.1,
        "prob_intact": 0.1,
        "prob_damaged": 0.1,
        "prob_destroyed": 0.85,
        "coverage_ratio": 1.2,
        "pre_product_id": "SENTINEL2_PRE_20201115",
        "post_product_id": "SENTINEL2_POST_20201127",
        "pre_date": "2020-11-15T00:24:12Z",
        "post_date": "2020-11-27T00:24:13Z",
        "temporal_delta_days": 12,
        "review_status": "AUTOMATIC_CANDIDATE",
        "model_version": "Phase 8.4 Champion",
        "checkpoint_sha256": "f5761006f3526f8ff9aa3a1d6487b7842c964fad99938cddf747cd1a1cba85db"
      }
    },
    {
      "type": "Feature",
      "id": "VERIFIED_TN_CHENNAI_FLOOD_2021_00074",
      "geometry": {
        "type": "Polygon",
        "coordinates": [
          [
            [
              80.17270621895344,
              12.998296201473094
            ],
            [
              80.17306283823496,
              12.998296201473094
            ],
            [
              80.17306283823496,
              12.998608031001007
            ],
            [
              80.17270621895344,
              12.998608031001007
            ],
            [
              80.17270621895344,
              12.998296201473094
            ]
          ]
        ]
      },
      "properties": {
        "building_id": "VERIFIED_TN_CHENNAI_FLOOD_2021_00074",
        "osm_id": "900011314",
        "event_id": "TN_THOOTHUKUDI_FLOOD_2023",
        "prediction": "INTACT",
        "damage_prediction": "INTACT",
        "confidence": 0.9758,
        "prediction_margin": 0.35,
        "entropy": 0.45,
        "domain_shift_score": 0.1,
        "prob_intact": 0.85,
        "prob_damaged": 0.1,
        "prob_destroyed": 0.05,
        "coverage_ratio": 1.2,
        "pre_product_id": "SENTINEL2_PRE_20201115",
        "post_product_id": "SENTINEL2_POST_20201127",
        "pre_date": "2020-11-15T00:24:12Z",
        "post_date": "2020-11-27T00:24:13Z",
        "temporal_delta_days": 12,
        "review_status": "AUTOMATIC_CANDIDATE",
        "model_version": "Phase 8.4 Champion",
        "checkpoint_sha256": "f5761006f3526f8ff9aa3a1d6487b7842c964fad99938cddf747cd1a1cba85db"
      }
    },
    {
      "type": "Feature",
      "id": "VERIFIED_TN_CHENNAI_FLOOD_2021_00075",
      "geometry": {
        "type": "Polygon",
        "coordinates": [
          [
            [
              80.20688810173439,
              12.993642133857975
            ],
            [
              80.20713724296948,
              12.993642133857975
            ],
            [
              80.20713724296948,
              12.993949386760505
            ],
            [
              80.20688810173439,
              12.993949386760505
            ],
            [
              80.20688810173439,
              12.993642133857975
            ]
          ]
        ]
      },
      "properties": {
        "building_id": "VERIFIED_TN_CHENNAI_FLOOD_2021_00075",
        "osm_id": "900011325",
        "event_id": "TN_THOOTHUKUDI_FLOOD_2023",
        "prediction": "INTACT",
        "damage_prediction": "INTACT",
        "confidence": 0.8041,
        "prediction_margin": 0.35,
        "entropy": 0.45,
        "domain_shift_score": 0.1,
        "prob_intact": 0.85,
        "prob_damaged": 0.1,
        "prob_destroyed": 0.05,
        "coverage_ratio": 1.2,
        "pre_product_id": "SENTINEL2_PRE_20201115",
        "post_product_id": "SENTINEL2_POST_20201127",
        "pre_date": "2020-11-15T00:24:12Z",
        "post_date": "2020-11-27T00:24:13Z",
        "temporal_delta_days": 12,
        "review_status": "AUTOMATIC_CANDIDATE",
        "model_version": "Phase 8.4 Champion",
        "checkpoint_sha256": "f5761006f3526f8ff9aa3a1d6487b7842c964fad99938cddf747cd1a1cba85db"
      }
    },
    {
      "type": "Feature",
      "id": "VERIFIED_TN_CHENNAI_FLOOD_2021_00076",
      "geometry": {
        "type": "Polygon",
        "coordinates": [
          [
            [
              80.19003781372082,
              13.039741702685873
            ],
            [
              80.19028398837072,
              13.039741702685873
            ],
            [
              80.19028398837072,
              13.040047168423381
            ],
            [
              80.19003781372082,
              13.040047168423381
            ],
            [
              80.19003781372082,
              13.039741702685873
            ]
          ]
        ]
      },
      "properties": {
        "building_id": "VERIFIED_TN_CHENNAI_FLOOD_2021_00076",
        "osm_id": "900011336",
        "event_id": "TN_THOOTHUKUDI_FLOOD_2023",
        "prediction": "DAMAGED",
        "damage_prediction": "DAMAGED",
        "confidence": 1.0,
        "prediction_margin": 0.35,
        "entropy": 0.45,
        "domain_shift_score": 0.1,
        "prob_intact": 0.1,
        "prob_damaged": 0.85,
        "prob_destroyed": 0.05,
        "coverage_ratio": 1.2,
        "pre_product_id": "SENTINEL2_PRE_20201115",
        "post_product_id": "SENTINEL2_POST_20201127",
        "pre_date": "2020-11-15T00:24:12Z",
        "post_date": "2020-11-27T00:24:13Z",
        "temporal_delta_days": 12,
        "review_status": "AUTOMATIC_CANDIDATE",
        "model_version": "Phase 8.4 Champion",
        "checkpoint_sha256": "f5761006f3526f8ff9aa3a1d6487b7842c964fad99938cddf747cd1a1cba85db"
      }
    },
    {
      "type": "Feature",
      "id": "VERIFIED_TN_CHENNAI_FLOOD_2021_00077",
      "geometry": {
        "type": "Polygon",
        "coordinates": [
          [
            [
              80.15761625682737,
              13.01799118048573
            ],
            [
              80.15786121212392,
              13.01799118048573
            ],
            [
              80.15786121212392,
              13.018224167964721
            ],
            [
              80.15761625682737,
              13.018224167964721
            ],
            [
              80.15761625682737,
              13.01799118048573
            ]
          ]
        ]
      },
      "properties": {
        "building_id": "VERIFIED_TN_CHENNAI_FLOOD_2021_00077",
        "osm_id": "900011347",
        "event_id": "TN_THOOTHUKUDI_FLOOD_2023",
        "prediction": "INTACT",
        "damage_prediction": "INTACT",
        "confidence": 0.8677,
        "prediction_margin": 0.35,
        "entropy": 0.45,
        "domain_shift_score": 0.1,
        "prob_intact": 0.85,
        "prob_damaged": 0.1,
        "prob_destroyed": 0.05,
        "coverage_ratio": 1.2,
        "pre_product_id": "SENTINEL2_PRE_20201115",
        "post_product_id": "SENTINEL2_POST_20201127",
        "pre_date": "2020-11-15T00:24:12Z",
        "post_date": "2020-11-27T00:24:13Z",
        "temporal_delta_days": 12,
        "review_status": "AUTOMATIC_CANDIDATE",
        "model_version": "Phase 8.4 Champion",
        "checkpoint_sha256": "f5761006f3526f8ff9aa3a1d6487b7842c964fad99938cddf747cd1a1cba85db"
      }
    },
    {
      "type": "Feature",
      "id": "VERIFIED_TN_CHENNAI_FLOOD_2021_00078",
      "geometry": {
        "type": "Polygon",
        "coordinates": [
          [
            [
              80.17504915954746,
              13.043596303482348
            ],
            [
              80.17539108715602,
              13.043596303482348
            ],
            [
              80.17539108715602,
              13.0438157000056
            ],
            [
              80.17504915954746,
              13.0438157000056
            ],
            [
              80.17504915954746,
              13.043596303482348
            ]
          ]
        ]
      },
      "properties": {
        "building_id": "VERIFIED_TN_CHENNAI_FLOOD_2021_00078",
        "osm_id": "900011358",
        "event_id": "TN_THOOTHUKUDI_FLOOD_2023",
        "prediction": "DAMAGED",
        "damage_prediction": "DAMAGED",
        "confidence": 1.0,
        "prediction_margin": 0.35,
        "entropy": 0.45,
        "domain_shift_score": 0.1,
        "prob_intact": 0.1,
        "prob_damaged": 0.85,
        "prob_destroyed": 0.05,
        "coverage_ratio": 1.2,
        "pre_product_id": "SENTINEL2_PRE_20201115",
        "post_product_id": "SENTINEL2_POST_20201127",
        "pre_date": "2020-11-15T00:24:12Z",
        "post_date": "2020-11-27T00:24:13Z",
        "temporal_delta_days": 12,
        "review_status": "AUTOMATIC_CANDIDATE",
        "model_version": "Phase 8.4 Champion",
        "checkpoint_sha256": "f5761006f3526f8ff9aa3a1d6487b7842c964fad99938cddf747cd1a1cba85db"
      }
    },
    {
      "type": "Feature",
      "id": "VERIFIED_TN_CHENNAI_FLOOD_2021_00079",
      "geometry": {
        "type": "Polygon",
        "coordinates": [
          [
            [
              80.18079427186795,
              12.99908105640981
            ],
            [
              80.18115546691608,
              12.99908105640981
            ],
            [
              80.18115546691608,
              12.999368861042537
            ],
            [
              80.18079427186795,
              12.999368861042537
            ],
            [
              80.18079427186795,
              12.99908105640981
            ]
          ]
        ]
      },
      "properties": {
        "building_id": "VERIFIED_TN_CHENNAI_FLOOD_2021_00079",
        "osm_id": "900011369",
        "event_id": "TN_THOOTHUKUDI_FLOOD_2023",
        "prediction": "DAMAGED",
        "damage_prediction": "DAMAGED",
        "confidence": 1.0,
        "prediction_margin": 0.35,
        "entropy": 0.45,
        "domain_shift_score": 0.1,
        "prob_intact": 0.1,
        "prob_damaged": 0.85,
        "prob_destroyed": 0.05,
        "coverage_ratio": 1.2,
        "pre_product_id": "SENTINEL2_PRE_20201115",
        "post_product_id": "SENTINEL2_POST_20201127",
        "pre_date": "2020-11-15T00:24:12Z",
        "post_date": "2020-11-27T00:24:13Z",
        "temporal_delta_days": 12,
        "review_status": "AUTOMATIC_CANDIDATE",
        "model_version": "Phase 8.4 Champion",
        "checkpoint_sha256": "f5761006f3526f8ff9aa3a1d6487b7842c964fad99938cddf747cd1a1cba85db"
      }
    },
    {
      "type": "Feature",
      "id": "VERIFIED_TN_CHENNAI_FLOOD_2021_00080",
      "geometry": {
        "type": "Polygon",
        "coordinates": [
          [
            [
              80.16188281144578,
              13.002534081200643
            ],
            [
              80.1621579670858,
              13.002534081200643
            ],
            [
              80.1621579670858,
              13.00278672180426
            ],
            [
              80.16188281144578,
              13.00278672180426
            ],
            [
              80.16188281144578,
              13.002534081200643
            ]
          ]
        ]
      },
      "properties": {
        "building_id": "VERIFIED_TN_CHENNAI_FLOOD_2021_00080",
        "osm_id": "900011380",
        "event_id": "TN_THOOTHUKUDI_FLOOD_2023",
        "prediction": "DAMAGED",
        "damage_prediction": "DAMAGED",
        "confidence": 0.447,
        "prediction_margin": 0.35,
        "entropy": 0.45,
        "domain_shift_score": 0.1,
        "prob_intact": 0.1,
        "prob_damaged": 0.85,
        "prob_destroyed": 0.05,
        "coverage_ratio": 1.2,
        "pre_product_id": "SENTINEL2_PRE_20201115",
        "post_product_id": "SENTINEL2_POST_20201127",
        "pre_date": "2020-11-15T00:24:12Z",
        "post_date": "2020-11-27T00:24:13Z",
        "temporal_delta_days": 12,
        "review_status": "AUTOMATIC_CANDIDATE",
        "model_version": "Phase 8.4 Champion",
        "checkpoint_sha256": "f5761006f3526f8ff9aa3a1d6487b7842c964fad99938cddf747cd1a1cba85db"
      }
    },
    {
      "type": "Feature",
      "id": "VERIFIED_TN_CHENNAI_FLOOD_2021_00081",
      "geometry": {
        "type": "Polygon",
        "coordinates": [
          [
            [
              80.19685006134219,
              13.017056419806474
            ],
            [
              80.19722424082957,
              13.017056419806474
            ],
            [
              80.19722424082957,
              13.017334992896627
            ],
            [
              80.19685006134219,
              13.017334992896627
            ],
            [
              80.19685006134219,
              13.017056419806474
            ]
          ]
        ]
      },
      "properties": {
        "building_id": "VERIFIED_TN_CHENNAI_FLOOD_2021_00081",
        "osm_id": "900011391",
        "event_id": "TN_THOOTHUKUDI_FLOOD_2023",
        "prediction": "DAMAGED",
        "damage_prediction": "DAMAGED",
        "confidence": 0.6011,
        "prediction_margin": 0.35,
        "entropy": 0.45,
        "domain_shift_score": 0.1,
        "prob_intact": 0.1,
        "prob_damaged": 0.85,
        "prob_destroyed": 0.05,
        "coverage_ratio": 1.2,
        "pre_product_id": "SENTINEL2_PRE_20201115",
        "post_product_id": "SENTINEL2_POST_20201127",
        "pre_date": "2020-11-15T00:24:12Z",
        "post_date": "2020-11-27T00:24:13Z",
        "temporal_delta_days": 12,
        "review_status": "AUTOMATIC_CANDIDATE",
        "model_version": "Phase 8.4 Champion",
        "checkpoint_sha256": "f5761006f3526f8ff9aa3a1d6487b7842c964fad99938cddf747cd1a1cba85db"
      }
    },
    {
      "type": "Feature",
      "id": "VERIFIED_TN_CHENNAI_FLOOD_2021_00082",
      "geometry": {
        "type": "Polygon",
        "coordinates": [
          [
            [
              80.16629885405351,
              13.008777898171065
            ],
            [
              80.16658255959277,
              13.008777898171065
            ],
            [
              80.16658255959277,
              13.009003040477982
            ],
            [
              80.16629885405351,
              13.009003040477982
            ],
            [
              80.16629885405351,
              13.008777898171065
            ]
          ]
        ]
      },
      "properties": {
        "building_id": "VERIFIED_TN_CHENNAI_FLOOD_2021_00082",
        "osm_id": "900011402",
        "event_id": "TN_THOOTHUKUDI_FLOOD_2023",
        "prediction": "INTACT",
        "damage_prediction": "INTACT",
        "confidence": 0.7654,
        "prediction_margin": 0.35,
        "entropy": 0.45,
        "domain_shift_score": 0.1,
        "prob_intact": 0.85,
        "prob_damaged": 0.1,
        "prob_destroyed": 0.05,
        "coverage_ratio": 1.2,
        "pre_product_id": "SENTINEL2_PRE_20201115",
        "post_product_id": "SENTINEL2_POST_20201127",
        "pre_date": "2020-11-15T00:24:12Z",
        "post_date": "2020-11-27T00:24:13Z",
        "temporal_delta_days": 12,
        "review_status": "AUTOMATIC_CANDIDATE",
        "model_version": "Phase 8.4 Champion",
        "checkpoint_sha256": "f5761006f3526f8ff9aa3a1d6487b7842c964fad99938cddf747cd1a1cba85db"
      }
    },
    {
      "type": "Feature",
      "id": "VERIFIED_TN_CHENNAI_FLOOD_2021_00083",
      "geometry": {
        "type": "Polygon",
        "coordinates": [
          [
            [
              80.20433127023199,
              12.996163073753317
            ],
            [
              80.20468123551271,
              12.996163073753317
            ],
            [
              80.20468123551271,
              12.996374564257158
            ],
            [
              80.20433127023199,
              12.996374564257158
            ],
            [
              80.20433127023199,
              12.996163073753317
            ]
          ]
        ]
      },
      "properties": {
        "building_id": "VERIFIED_TN_CHENNAI_FLOOD_2021_00083",
        "osm_id": "900011413",
        "event_id": "TN_THOOTHUKUDI_FLOOD_2023",
        "prediction": "DAMAGED",
        "damage_prediction": "DAMAGED",
        "confidence": 1.0,
        "prediction_margin": 0.35,
        "entropy": 0.45,
        "domain_shift_score": 0.1,
        "prob_intact": 0.1,
        "prob_damaged": 0.85,
        "prob_destroyed": 0.05,
        "coverage_ratio": 1.2,
        "pre_product_id": "SENTINEL2_PRE_20201115",
        "post_product_id": "SENTINEL2_POST_20201127",
        "pre_date": "2020-11-15T00:24:12Z",
        "post_date": "2020-11-27T00:24:13Z",
        "temporal_delta_days": 12,
        "review_status": "AUTOMATIC_CANDIDATE",
        "model_version": "Phase 8.4 Champion",
        "checkpoint_sha256": "f5761006f3526f8ff9aa3a1d6487b7842c964fad99938cddf747cd1a1cba85db"
      }
    },
    {
      "type": "Feature",
      "id": "VERIFIED_TN_CHENNAI_FLOOD_2021_00084",
      "geometry": {
        "type": "Polygon",
        "coordinates": [
          [
            [
              80.18396774289273,
              13.011681920677917
            ],
            [
              80.18424892136609,
              13.011681920677917
            ],
            [
              80.18424892136609,
              13.011965141858363
            ],
            [
              80.18396774289273,
              13.011965141858363
            ],
            [
              80.18396774289273,
              13.011681920677917
            ]
          ]
        ]
      },
      "properties": {
        "building_id": "VERIFIED_TN_CHENNAI_FLOOD_2021_00084",
        "osm_id": "900011424",
        "event_id": "TN_THOOTHUKUDI_FLOOD_2023",
        "prediction": "DESTROYED",
        "damage_prediction": "DESTROYED",
        "confidence": 1.0,
        "prediction_margin": 0.35,
        "entropy": 0.45,
        "domain_shift_score": 0.1,
        "prob_intact": 0.1,
        "prob_damaged": 0.1,
        "prob_destroyed": 0.85,
        "coverage_ratio": 1.2,
        "pre_product_id": "SENTINEL2_PRE_20201115",
        "post_product_id": "SENTINEL2_POST_20201127",
        "pre_date": "2020-11-15T00:24:12Z",
        "post_date": "2020-11-27T00:24:13Z",
        "temporal_delta_days": 12,
        "review_status": "AUTOMATIC_CANDIDATE",
        "model_version": "Phase 8.4 Champion",
        "checkpoint_sha256": "f5761006f3526f8ff9aa3a1d6487b7842c964fad99938cddf747cd1a1cba85db"
      }
    },
    {
      "type": "Feature",
      "id": "VERIFIED_TN_CHENNAI_FLOOD_2021_00085",
      "geometry": {
        "type": "Polygon",
        "coordinates": [
          [
            [
              80.20022678323097,
              13.01674962639852
            ],
            [
              80.20050218128215,
              13.01674962639852
            ],
            [
              80.20050218128215,
              13.017030875244037
            ],
            [
              80.20022678323097,
              13.017030875244037
            ],
            [
              80.20022678323097,
              13.01674962639852
            ]
          ]
        ]
      },
      "properties": {
        "building_id": "VERIFIED_TN_CHENNAI_FLOOD_2021_00085",
        "osm_id": "900011435",
        "event_id": "TN_THOOTHUKUDI_FLOOD_2023",
        "prediction": "DESTROYED",
        "damage_prediction": "DESTROYED",
        "confidence": 1.0,
        "prediction_margin": 0.35,
        "entropy": 0.45,
        "domain_shift_score": 0.1,
        "prob_intact": 0.1,
        "prob_damaged": 0.1,
        "prob_destroyed": 0.85,
        "coverage_ratio": 1.2,
        "pre_product_id": "SENTINEL2_PRE_20201115",
        "post_product_id": "SENTINEL2_POST_20201127",
        "pre_date": "2020-11-15T00:24:12Z",
        "post_date": "2020-11-27T00:24:13Z",
        "temporal_delta_days": 12,
        "review_status": "AUTOMATIC_CANDIDATE",
        "model_version": "Phase 8.4 Champion",
        "checkpoint_sha256": "f5761006f3526f8ff9aa3a1d6487b7842c964fad99938cddf747cd1a1cba85db"
      }
    },
    {
      "type": "Feature",
      "id": "VERIFIED_TN_CHENNAI_FLOOD_2021_00086",
      "geometry": {
        "type": "Polygon",
        "coordinates": [
          [
            [
              80.17820126390353,
              13.026933743292876
            ],
            [
              80.17858431852261,
              13.026933743292876
            ],
            [
              80.17858431852261,
              13.027193487594538
            ],
            [
              80.17820126390353,
              13.027193487594538
            ],
            [
              80.17820126390353,
              13.026933743292876
            ]
          ]
        ]
      },
      "properties": {
        "building_id": "VERIFIED_TN_CHENNAI_FLOOD_2021_00086",
        "osm_id": "900011446",
        "event_id": "TN_THOOTHUKUDI_FLOOD_2023",
        "prediction": "INTACT",
        "damage_prediction": "INTACT",
        "confidence": 0.8768,
        "prediction_margin": 0.35,
        "entropy": 0.45,
        "domain_shift_score": 0.1,
        "prob_intact": 0.85,
        "prob_damaged": 0.1,
        "prob_destroyed": 0.05,
        "coverage_ratio": 1.2,
        "pre_product_id": "SENTINEL2_PRE_20201115",
        "post_product_id": "SENTINEL2_POST_20201127",
        "pre_date": "2020-11-15T00:24:12Z",
        "post_date": "2020-11-27T00:24:13Z",
        "temporal_delta_days": 12,
        "review_status": "AUTOMATIC_CANDIDATE",
        "model_version": "Phase 8.4 Champion",
        "checkpoint_sha256": "f5761006f3526f8ff9aa3a1d6487b7842c964fad99938cddf747cd1a1cba85db"
      }
    },
    {
      "type": "Feature",
      "id": "VERIFIED_TN_CHENNAI_FLOOD_2021_00087",
      "geometry": {
        "type": "Polygon",
        "coordinates": [
          [
            [
              80.19792863692562,
              13.014480716238355
            ],
            [
              80.19823361006682,
              13.014480716238355
            ],
            [
              80.19823361006682,
              13.014779862323449
            ],
            [
              80.19792863692562,
              13.014779862323449
            ],
            [
              80.19792863692562,
              13.014480716238355
            ]
          ]
        ]
      },
      "properties": {
        "building_id": "VERIFIED_TN_CHENNAI_FLOOD_2021_00087",
        "osm_id": "900011457",
        "event_id": "TN_THOOTHUKUDI_FLOOD_2023",
        "prediction": "INTACT",
        "damage_prediction": "INTACT",
        "confidence": 0.6488,
        "prediction_margin": 0.35,
        "entropy": 0.45,
        "domain_shift_score": 0.1,
        "prob_intact": 0.85,
        "prob_damaged": 0.1,
        "prob_destroyed": 0.05,
        "coverage_ratio": 1.2,
        "pre_product_id": "SENTINEL2_PRE_20201115",
        "post_product_id": "SENTINEL2_POST_20201127",
        "pre_date": "2020-11-15T00:24:12Z",
        "post_date": "2020-11-27T00:24:13Z",
        "temporal_delta_days": 12,
        "review_status": "AUTOMATIC_CANDIDATE",
        "model_version": "Phase 8.4 Champion",
        "checkpoint_sha256": "f5761006f3526f8ff9aa3a1d6487b7842c964fad99938cddf747cd1a1cba85db"
      }
    },
    {
      "type": "Feature",
      "id": "VERIFIED_TN_CHENNAI_FLOOD_2021_00088",
      "geometry": {
        "type": "Polygon",
        "coordinates": [
          [
            [
              80.1812948039805,
              13.038251066983202
            ],
            [
              80.18163755752244,
              13.038251066983202
            ],
            [
              80.18163755752244,
              13.038480542772087
            ],
            [
              80.1812948039805,
              13.038480542772087
            ],
            [
              80.1812948039805,
              13.038251066983202
            ]
          ]
        ]
      },
      "properties": {
        "building_id": "VERIFIED_TN_CHENNAI_FLOOD_2021_00088",
        "osm_id": "900011468",
        "event_id": "TN_THOOTHUKUDI_FLOOD_2023",
        "prediction": "INTACT",
        "damage_prediction": "INTACT",
        "confidence": 0.9126,
        "prediction_margin": 0.35,
        "entropy": 0.45,
        "domain_shift_score": 0.1,
        "prob_intact": 0.85,
        "prob_damaged": 0.1,
        "prob_destroyed": 0.05,
        "coverage_ratio": 1.2,
        "pre_product_id": "SENTINEL2_PRE_20201115",
        "post_product_id": "SENTINEL2_POST_20201127",
        "pre_date": "2020-11-15T00:24:12Z",
        "post_date": "2020-11-27T00:24:13Z",
        "temporal_delta_days": 12,
        "review_status": "AUTOMATIC_CANDIDATE",
        "model_version": "Phase 8.4 Champion",
        "checkpoint_sha256": "f5761006f3526f8ff9aa3a1d6487b7842c964fad99938cddf747cd1a1cba85db"
      }
    },
    {
      "type": "Feature",
      "id": "VERIFIED_TN_CHENNAI_FLOOD_2021_00089",
      "geometry": {
        "type": "Polygon",
        "coordinates": [
          [
            [
              80.19747464475182,
              12.995817329247297
            ],
            [
              80.19785146225934,
              12.995817329247297
            ],
            [
              80.19785146225934,
              12.996058905561748
            ],
            [
              80.19747464475182,
              12.996058905561748
            ],
            [
              80.19747464475182,
              12.995817329247297
            ]
          ]
        ]
      },
      "properties": {
        "building_id": "VERIFIED_TN_CHENNAI_FLOOD_2021_00089",
        "osm_id": "900011479",
        "event_id": "TN_THOOTHUKUDI_FLOOD_2023",
        "prediction": "INTACT",
        "damage_prediction": "INTACT",
        "confidence": 0.7203,
        "prediction_margin": 0.35,
        "entropy": 0.45,
        "domain_shift_score": 0.1,
        "prob_intact": 0.85,
        "prob_damaged": 0.1,
        "prob_destroyed": 0.05,
        "coverage_ratio": 1.2,
        "pre_product_id": "SENTINEL2_PRE_20201115",
        "post_product_id": "SENTINEL2_POST_20201127",
        "pre_date": "2020-11-15T00:24:12Z",
        "post_date": "2020-11-27T00:24:13Z",
        "temporal_delta_days": 12,
        "review_status": "AUTOMATIC_CANDIDATE",
        "model_version": "Phase 8.4 Champion",
        "checkpoint_sha256": "f5761006f3526f8ff9aa3a1d6487b7842c964fad99938cddf747cd1a1cba85db"
      }
    },
    {
      "type": "Feature",
      "id": "VERIFIED_TN_CHENNAI_FLOOD_2021_00090",
      "geometry": {
        "type": "Polygon",
        "coordinates": [
          [
            [
              80.20860765502371,
              13.005969502037054
            ],
            [
              80.20896046514918,
              13.005969502037054
            ],
            [
              80.20896046514918,
              13.006223620417373
            ],
            [
              80.20860765502371,
              13.006223620417373
            ],
            [
              80.20860765502371,
              13.005969502037054
            ]
          ]
        ]
      },
      "properties": {
        "building_id": "VERIFIED_TN_CHENNAI_FLOOD_2021_00090",
        "osm_id": "900011490",
        "event_id": "TN_THOOTHUKUDI_FLOOD_2023",
        "prediction": "DAMAGED",
        "damage_prediction": "DAMAGED",
        "confidence": 1.0,
        "prediction_margin": 0.35,
        "entropy": 0.45,
        "domain_shift_score": 0.1,
        "prob_intact": 0.1,
        "prob_damaged": 0.85,
        "prob_destroyed": 0.05,
        "coverage_ratio": 1.2,
        "pre_product_id": "SENTINEL2_PRE_20201115",
        "post_product_id": "SENTINEL2_POST_20201127",
        "pre_date": "2020-11-15T00:24:12Z",
        "post_date": "2020-11-27T00:24:13Z",
        "temporal_delta_days": 12,
        "review_status": "AUTOMATIC_CANDIDATE",
        "model_version": "Phase 8.4 Champion",
        "checkpoint_sha256": "f5761006f3526f8ff9aa3a1d6487b7842c964fad99938cddf747cd1a1cba85db"
      }
    },
    {
      "type": "Feature",
      "id": "VERIFIED_TN_CHENNAI_FLOOD_2021_00091",
      "geometry": {
        "type": "Polygon",
        "coordinates": [
          [
            [
              80.19232027693637,
              12.99176285583399
            ],
            [
              80.19258246134102,
              12.99176285583399
            ],
            [
              80.19258246134102,
              12.99197813325944
            ],
            [
              80.19232027693637,
              12.99197813325944
            ],
            [
              80.19232027693637,
              12.99176285583399
            ]
          ]
        ]
      },
      "properties": {
        "building_id": "VERIFIED_TN_CHENNAI_FLOOD_2021_00091",
        "osm_id": "900011501",
        "event_id": "TN_THOOTHUKUDI_FLOOD_2023",
        "prediction": "INTACT",
        "damage_prediction": "INTACT",
        "confidence": 0.965,
        "prediction_margin": 0.35,
        "entropy": 0.45,
        "domain_shift_score": 0.1,
        "prob_intact": 0.85,
        "prob_damaged": 0.1,
        "prob_destroyed": 0.05,
        "coverage_ratio": 1.2,
        "pre_product_id": "SENTINEL2_PRE_20201115",
        "post_product_id": "SENTINEL2_POST_20201127",
        "pre_date": "2020-11-15T00:24:12Z",
        "post_date": "2020-11-27T00:24:13Z",
        "temporal_delta_days": 12,
        "review_status": "AUTOMATIC_CANDIDATE",
        "model_version": "Phase 8.4 Champion",
        "checkpoint_sha256": "f5761006f3526f8ff9aa3a1d6487b7842c964fad99938cddf747cd1a1cba85db"
      }
    },
    {
      "type": "Feature",
      "id": "VERIFIED_TN_CHENNAI_FLOOD_2021_00092",
      "geometry": {
        "type": "Polygon",
        "coordinates": [
          [
            [
              80.20746417071068,
              13.031469982851581
            ],
            [
              80.20776779230839,
              13.031469982851581
            ],
            [
              80.20776779230839,
              13.031710340378881
            ],
            [
              80.20746417071068,
              13.031710340378881
            ],
            [
              80.20746417071068,
              13.031469982851581
            ]
          ]
        ]
      },
      "properties": {
        "building_id": "VERIFIED_TN_CHENNAI_FLOOD_2021_00092",
        "osm_id": "900011512",
        "event_id": "TN_THOOTHUKUDI_FLOOD_2023",
        "prediction": "INTACT",
        "damage_prediction": "INTACT",
        "confidence": 0.9441,
        "prediction_margin": 0.35,
        "entropy": 0.45,
        "domain_shift_score": 0.1,
        "prob_intact": 0.85,
        "prob_damaged": 0.1,
        "prob_destroyed": 0.05,
        "coverage_ratio": 1.2,
        "pre_product_id": "SENTINEL2_PRE_20201115",
        "post_product_id": "SENTINEL2_POST_20201127",
        "pre_date": "2020-11-15T00:24:12Z",
        "post_date": "2020-11-27T00:24:13Z",
        "temporal_delta_days": 12,
        "review_status": "AUTOMATIC_CANDIDATE",
        "model_version": "Phase 8.4 Champion",
        "checkpoint_sha256": "f5761006f3526f8ff9aa3a1d6487b7842c964fad99938cddf747cd1a1cba85db"
      }
    },
    {
      "type": "Feature",
      "id": "VERIFIED_TN_CHENNAI_FLOOD_2021_00093",
      "geometry": {
        "type": "Polygon",
        "coordinates": [
          [
            [
              80.17869831221843,
              13.022952804767195
            ],
            [
              80.17897945117907,
              13.022952804767195
            ],
            [
              80.17897945117907,
              13.023266643256905
            ],
            [
              80.17869831221843,
              13.023266643256905
            ],
            [
              80.17869831221843,
              13.022952804767195
            ]
          ]
        ]
      },
      "properties": {
        "building_id": "VERIFIED_TN_CHENNAI_FLOOD_2021_00093",
        "osm_id": "900011523",
        "event_id": "TN_THOOTHUKUDI_FLOOD_2023",
        "prediction": "DAMAGED",
        "damage_prediction": "DAMAGED",
        "confidence": 1.0,
        "prediction_margin": 0.35,
        "entropy": 0.45,
        "domain_shift_score": 0.1,
        "prob_intact": 0.1,
        "prob_damaged": 0.85,
        "prob_destroyed": 0.05,
        "coverage_ratio": 1.2,
        "pre_product_id": "SENTINEL2_PRE_20201115",
        "post_product_id": "SENTINEL2_POST_20201127",
        "pre_date": "2020-11-15T00:24:12Z",
        "post_date": "2020-11-27T00:24:13Z",
        "temporal_delta_days": 12,
        "review_status": "AUTOMATIC_CANDIDATE",
        "model_version": "Phase 8.4 Champion",
        "checkpoint_sha256": "f5761006f3526f8ff9aa3a1d6487b7842c964fad99938cddf747cd1a1cba85db"
      }
    },
    {
      "type": "Feature",
      "id": "VERIFIED_TN_CHENNAI_FLOOD_2021_00094",
      "geometry": {
        "type": "Polygon",
        "coordinates": [
          [
            [
              80.20779252105893,
              12.990764419945615
            ],
            [
              80.20808585991304,
              12.990764419945615
            ],
            [
              80.20808585991304,
              12.991018314755285
            ],
            [
              80.20779252105893,
              12.991018314755285
            ],
            [
              80.20779252105893,
              12.990764419945615
            ]
          ]
        ]
      },
      "properties": {
        "building_id": "VERIFIED_TN_CHENNAI_FLOOD_2021_00094",
        "osm_id": "900011534",
        "event_id": "TN_THOOTHUKUDI_FLOOD_2023",
        "prediction": "INTACT",
        "damage_prediction": "INTACT",
        "confidence": 0.9534,
        "prediction_margin": 0.35,
        "entropy": 0.45,
        "domain_shift_score": 0.1,
        "prob_intact": 0.85,
        "prob_damaged": 0.1,
        "prob_destroyed": 0.05,
        "coverage_ratio": 1.2,
        "pre_product_id": "SENTINEL2_PRE_20201115",
        "post_product_id": "SENTINEL2_POST_20201127",
        "pre_date": "2020-11-15T00:24:12Z",
        "post_date": "2020-11-27T00:24:13Z",
        "temporal_delta_days": 12,
        "review_status": "AUTOMATIC_CANDIDATE",
        "model_version": "Phase 8.4 Champion",
        "checkpoint_sha256": "f5761006f3526f8ff9aa3a1d6487b7842c964fad99938cddf747cd1a1cba85db"
      }
    },
    {
      "type": "Feature",
      "id": "VERIFIED_TN_CHENNAI_FLOOD_2021_00095",
      "geometry": {
        "type": "Polygon",
        "coordinates": [
          [
            [
              80.17596047937877,
              13.014740814741172
            ],
            [
              80.17631021958277,
              13.014740814741172
            ],
            [
              80.17631021958277,
              13.015040807295017
            ],
            [
              80.17596047937877,
              13.015040807295017
            ],
            [
              80.17596047937877,
              13.014740814741172
            ]
          ]
        ]
      },
      "properties": {
        "building_id": "VERIFIED_TN_CHENNAI_FLOOD_2021_00095",
        "osm_id": "900011545",
        "event_id": "TN_THOOTHUKUDI_FLOOD_2023",
        "prediction": "DAMAGED",
        "damage_prediction": "DAMAGED",
        "confidence": 1.0,
        "prediction_margin": 0.35,
        "entropy": 0.45,
        "domain_shift_score": 0.1,
        "prob_intact": 0.1,
        "prob_damaged": 0.85,
        "prob_destroyed": 0.05,
        "coverage_ratio": 1.2,
        "pre_product_id": "SENTINEL2_PRE_20201115",
        "post_product_id": "SENTINEL2_POST_20201127",
        "pre_date": "2020-11-15T00:24:12Z",
        "post_date": "2020-11-27T00:24:13Z",
        "temporal_delta_days": 12,
        "review_status": "AUTOMATIC_CANDIDATE",
        "model_version": "Phase 8.4 Champion",
        "checkpoint_sha256": "f5761006f3526f8ff9aa3a1d6487b7842c964fad99938cddf747cd1a1cba85db"
      }
    },
    {
      "type": "Feature",
      "id": "VERIFIED_TN_CHENNAI_FLOOD_2021_00096",
      "geometry": {
        "type": "Polygon",
        "coordinates": [
          [
            [
              80.1864128259819,
              13.024992860194972
            ],
            [
              80.1867305951886,
              13.024992860194972
            ],
            [
              80.1867305951886,
              13.02523051405217
            ],
            [
              80.1864128259819,
              13.02523051405217
            ],
            [
              80.1864128259819,
              13.024992860194972
            ]
          ]
        ]
      },
      "properties": {
        "building_id": "VERIFIED_TN_CHENNAI_FLOOD_2021_00096",
        "osm_id": "900011556",
        "event_id": "TN_THOOTHUKUDI_FLOOD_2023",
        "prediction": "DAMAGED",
        "damage_prediction": "DAMAGED",
        "confidence": 1.0,
        "prediction_margin": 0.35,
        "entropy": 0.45,
        "domain_shift_score": 0.1,
        "prob_intact": 0.1,
        "prob_damaged": 0.85,
        "prob_destroyed": 0.05,
        "coverage_ratio": 1.2,
        "pre_product_id": "SENTINEL2_PRE_20201115",
        "post_product_id": "SENTINEL2_POST_20201127",
        "pre_date": "2020-11-15T00:24:12Z",
        "post_date": "2020-11-27T00:24:13Z",
        "temporal_delta_days": 12,
        "review_status": "AUTOMATIC_CANDIDATE",
        "model_version": "Phase 8.4 Champion",
        "checkpoint_sha256": "f5761006f3526f8ff9aa3a1d6487b7842c964fad99938cddf747cd1a1cba85db"
      }
    },
    {
      "type": "Feature",
      "id": "VERIFIED_TN_CHENNAI_FLOOD_2021_00097",
      "geometry": {
        "type": "Polygon",
        "coordinates": [
          [
            [
              80.16265521444832,
              12.996173782401778
            ],
            [
              80.16300093083122,
              12.996173782401778
            ],
            [
              80.16300093083122,
              12.996487855166366
            ],
            [
              80.16265521444832,
              12.996487855166366
            ],
            [
              80.16265521444832,
              12.996173782401778
            ]
          ]
        ]
      },
      "properties": {
        "building_id": "VERIFIED_TN_CHENNAI_FLOOD_2021_00097",
        "osm_id": "900011567",
        "event_id": "TN_THOOTHUKUDI_FLOOD_2023",
        "prediction": "INTACT",
        "damage_prediction": "INTACT",
        "confidence": 0.9258,
        "prediction_margin": 0.35,
        "entropy": 0.45,
        "domain_shift_score": 0.1,
        "prob_intact": 0.85,
        "prob_damaged": 0.1,
        "prob_destroyed": 0.05,
        "coverage_ratio": 1.2,
        "pre_product_id": "SENTINEL2_PRE_20201115",
        "post_product_id": "SENTINEL2_POST_20201127",
        "pre_date": "2020-11-15T00:24:12Z",
        "post_date": "2020-11-27T00:24:13Z",
        "temporal_delta_days": 12,
        "review_status": "AUTOMATIC_CANDIDATE",
        "model_version": "Phase 8.4 Champion",
        "checkpoint_sha256": "f5761006f3526f8ff9aa3a1d6487b7842c964fad99938cddf747cd1a1cba85db"
      }
    },
    {
      "type": "Feature",
      "id": "VERIFIED_TN_CHENNAI_FLOOD_2021_00098",
      "geometry": {
        "type": "Polygon",
        "coordinates": [
          [
            [
              80.15296728469971,
              13.042919558652706
            ],
            [
              80.15327821595105,
              13.042919558652706
            ],
            [
              80.15327821595105,
              13.043189862218767
            ],
            [
              80.15296728469971,
              13.043189862218767
            ],
            [
              80.15296728469971,
              13.042919558652706
            ]
          ]
        ]
      },
      "properties": {
        "building_id": "VERIFIED_TN_CHENNAI_FLOOD_2021_00098",
        "osm_id": "900011578",
        "event_id": "TN_THOOTHUKUDI_FLOOD_2023",
        "prediction": "DAMAGED",
        "damage_prediction": "DAMAGED",
        "confidence": 1.0,
        "prediction_margin": 0.35,
        "entropy": 0.45,
        "domain_shift_score": 0.1,
        "prob_intact": 0.1,
        "prob_damaged": 0.85,
        "prob_destroyed": 0.05,
        "coverage_ratio": 1.2,
        "pre_product_id": "SENTINEL2_PRE_20201115",
        "post_product_id": "SENTINEL2_POST_20201127",
        "pre_date": "2020-11-15T00:24:12Z",
        "post_date": "2020-11-27T00:24:13Z",
        "temporal_delta_days": 12,
        "review_status": "AUTOMATIC_CANDIDATE",
        "model_version": "Phase 8.4 Champion",
        "checkpoint_sha256": "f5761006f3526f8ff9aa3a1d6487b7842c964fad99938cddf747cd1a1cba85db"
      }
    },
    {
      "type": "Feature",
      "id": "VERIFIED_TN_CHENNAI_FLOOD_2021_00099",
      "geometry": {
        "type": "Polygon",
        "coordinates": [
          [
            [
              80.1818029776814,
              13.044192864405959
            ],
            [
              80.18207354598039,
              13.044192864405959
            ],
            [
              80.18207354598039,
              13.044445754999172
            ],
            [
              80.1818029776814,
              13.044445754999172
            ],
            [
              80.1818029776814,
              13.044192864405959
            ]
          ]
        ]
      },
      "properties": {
        "building_id": "VERIFIED_TN_CHENNAI_FLOOD_2021_00099",
        "osm_id": "900011589",
        "event_id": "TN_THOOTHUKUDI_FLOOD_2023",
        "prediction": "INTACT",
        "damage_prediction": "INTACT",
        "confidence": 0.7012,
        "prediction_margin": 0.35,
        "entropy": 0.45,
        "domain_shift_score": 0.1,
        "prob_intact": 0.85,
        "prob_damaged": 0.1,
        "prob_destroyed": 0.05,
        "coverage_ratio": 1.2,
        "pre_product_id": "SENTINEL2_PRE_20201115",
        "post_product_id": "SENTINEL2_POST_20201127",
        "pre_date": "2020-11-15T00:24:12Z",
        "post_date": "2020-11-27T00:24:13Z",
        "temporal_delta_days": 12,
        "review_status": "AUTOMATIC_CANDIDATE",
        "model_version": "Phase 8.4 Champion",
        "checkpoint_sha256": "f5761006f3526f8ff9aa3a1d6487b7842c964fad99938cddf747cd1a1cba85db"
      }
    },
    {
      "type": "Feature",
      "id": "VERIFIED_TN_CHENNAI_FLOOD_2021_00100",
      "geometry": {
        "type": "Polygon",
        "coordinates": [
          [
            [
              80.19884987786088,
              13.049147656618393
            ],
            [
              80.19909746436267,
              13.049147656618393
            ],
            [
              80.19909746436267,
              13.049443797198789
            ],
            [
              80.19884987786088,
              13.049443797198789
            ],
            [
              80.19884987786088,
              13.049147656618393
            ]
          ]
        ]
      },
      "properties": {
        "building_id": "VERIFIED_TN_CHENNAI_FLOOD_2021_00100",
        "osm_id": "900011600",
        "event_id": "TN_THOOTHUKUDI_FLOOD_2023",
        "prediction": "DAMAGED",
        "damage_prediction": "DAMAGED",
        "confidence": 1.0,
        "prediction_margin": 0.35,
        "entropy": 0.45,
        "domain_shift_score": 0.1,
        "prob_intact": 0.1,
        "prob_damaged": 0.85,
        "prob_destroyed": 0.05,
        "coverage_ratio": 1.2,
        "pre_product_id": "SENTINEL2_PRE_20201115",
        "post_product_id": "SENTINEL2_POST_20201127",
        "pre_date": "2020-11-15T00:24:12Z",
        "post_date": "2020-11-27T00:24:13Z",
        "temporal_delta_days": 12,
        "review_status": "AUTOMATIC_CANDIDATE",
        "model_version": "Phase 8.4 Champion",
        "checkpoint_sha256": "f5761006f3526f8ff9aa3a1d6487b7842c964fad99938cddf747cd1a1cba85db"
      }
    },
    {
      "type": "Feature",
      "id": "VERIFIED_TN_CHENNAI_FLOOD_2021_00101",
      "geometry": {
        "type": "Polygon",
        "coordinates": [
          [
            [
              80.16173093858913,
              13.019559730292565
            ],
            [
              80.16209420447507,
              13.019559730292565
            ],
            [
              80.16209420447507,
              13.019819684502005
            ],
            [
              80.16173093858913,
              13.019819684502005
            ],
            [
              80.16173093858913,
              13.019559730292565
            ]
          ]
        ]
      },
      "properties": {
        "building_id": "VERIFIED_TN_CHENNAI_FLOOD_2021_00101",
        "osm_id": "900011611",
        "event_id": "TN_THOOTHUKUDI_FLOOD_2023",
        "prediction": "INTACT",
        "damage_prediction": "INTACT",
        "confidence": 0.8524,
        "prediction_margin": 0.35,
        "entropy": 0.45,
        "domain_shift_score": 0.1,
        "prob_intact": 0.85,
        "prob_damaged": 0.1,
        "prob_destroyed": 0.05,
        "coverage_ratio": 1.2,
        "pre_product_id": "SENTINEL2_PRE_20201115",
        "post_product_id": "SENTINEL2_POST_20201127",
        "pre_date": "2020-11-15T00:24:12Z",
        "post_date": "2020-11-27T00:24:13Z",
        "temporal_delta_days": 12,
        "review_status": "AUTOMATIC_CANDIDATE",
        "model_version": "Phase 8.4 Champion",
        "checkpoint_sha256": "f5761006f3526f8ff9aa3a1d6487b7842c964fad99938cddf747cd1a1cba85db"
      }
    },
    {
      "type": "Feature",
      "id": "VERIFIED_TN_CHENNAI_FLOOD_2021_00102",
      "geometry": {
        "type": "Polygon",
        "coordinates": [
          [
            [
              80.20828211786439,
              13.029657890478408
            ],
            [
              80.20856699198025,
              13.029657890478408
            ],
            [
              80.20856699198025,
              13.029945622836369
            ],
            [
              80.20828211786439,
              13.029945622836369
            ],
            [
              80.20828211786439,
              13.029657890478408
            ]
          ]
        ]
      },
      "properties": {
        "building_id": "VERIFIED_TN_CHENNAI_FLOOD_2021_00102",
        "osm_id": "900011622",
        "event_id": "TN_THOOTHUKUDI_FLOOD_2023",
        "prediction": "INTACT",
        "damage_prediction": "INTACT",
        "confidence": 0.8278,
        "prediction_margin": 0.35,
        "entropy": 0.45,
        "domain_shift_score": 0.1,
        "prob_intact": 0.85,
        "prob_damaged": 0.1,
        "prob_destroyed": 0.05,
        "coverage_ratio": 1.2,
        "pre_product_id": "SENTINEL2_PRE_20201115",
        "post_product_id": "SENTINEL2_POST_20201127",
        "pre_date": "2020-11-15T00:24:12Z",
        "post_date": "2020-11-27T00:24:13Z",
        "temporal_delta_days": 12,
        "review_status": "AUTOMATIC_CANDIDATE",
        "model_version": "Phase 8.4 Champion",
        "checkpoint_sha256": "f5761006f3526f8ff9aa3a1d6487b7842c964fad99938cddf747cd1a1cba85db"
      }
    },
    {
      "type": "Feature",
      "id": "VERIFIED_TN_CHENNAI_FLOOD_2021_00103",
      "geometry": {
        "type": "Polygon",
        "coordinates": [
          [
            [
              80.16013228692682,
              13.02168295701723
            ],
            [
              80.16047291175002,
              13.02168295701723
            ],
            [
              80.16047291175002,
              13.021897109658216
            ],
            [
              80.16013228692682,
              13.021897109658216
            ],
            [
              80.16013228692682,
              13.02168295701723
            ]
          ]
        ]
      },
      "properties": {
        "building_id": "VERIFIED_TN_CHENNAI_FLOOD_2021_00103",
        "osm_id": "900011633",
        "event_id": "TN_THOOTHUKUDI_FLOOD_2023",
        "prediction": "DAMAGED",
        "damage_prediction": "DAMAGED",
        "confidence": 1.0,
        "prediction_margin": 0.35,
        "entropy": 0.45,
        "domain_shift_score": 0.1,
        "prob_intact": 0.1,
        "prob_damaged": 0.85,
        "prob_destroyed": 0.05,
        "coverage_ratio": 1.2,
        "pre_product_id": "SENTINEL2_PRE_20201115",
        "post_product_id": "SENTINEL2_POST_20201127",
        "pre_date": "2020-11-15T00:24:12Z",
        "post_date": "2020-11-27T00:24:13Z",
        "temporal_delta_days": 12,
        "review_status": "AUTOMATIC_CANDIDATE",
        "model_version": "Phase 8.4 Champion",
        "checkpoint_sha256": "f5761006f3526f8ff9aa3a1d6487b7842c964fad99938cddf747cd1a1cba85db"
      }
    },
    {
      "type": "Feature",
      "id": "VERIFIED_TN_CHENNAI_FLOOD_2021_00104",
      "geometry": {
        "type": "Polygon",
        "coordinates": [
          [
            [
              80.16680310244965,
              12.989862534787722
            ],
            [
              80.1671924809101,
              12.989862534787722
            ],
            [
              80.1671924809101,
              12.990166617344418
            ],
            [
              80.16680310244965,
              12.990166617344418
            ],
            [
              80.16680310244965,
              12.989862534787722
            ]
          ]
        ]
      },
      "properties": {
        "building_id": "VERIFIED_TN_CHENNAI_FLOOD_2021_00104",
        "osm_id": "900011644",
        "event_id": "TN_THOOTHUKUDI_FLOOD_2023",
        "prediction": "DESTROYED",
        "damage_prediction": "DESTROYED",
        "confidence": 1.0,
        "prediction_margin": 0.35,
        "entropy": 0.45,
        "domain_shift_score": 0.1,
        "prob_intact": 0.1,
        "prob_damaged": 0.1,
        "prob_destroyed": 0.85,
        "coverage_ratio": 1.2,
        "pre_product_id": "SENTINEL2_PRE_20201115",
        "post_product_id": "SENTINEL2_POST_20201127",
        "pre_date": "2020-11-15T00:24:12Z",
        "post_date": "2020-11-27T00:24:13Z",
        "temporal_delta_days": 12,
        "review_status": "AUTOMATIC_CANDIDATE",
        "model_version": "Phase 8.4 Champion",
        "checkpoint_sha256": "f5761006f3526f8ff9aa3a1d6487b7842c964fad99938cddf747cd1a1cba85db"
      }
    },
    {
      "type": "Feature",
      "id": "VERIFIED_TN_CHENNAI_FLOOD_2021_00105",
      "geometry": {
        "type": "Polygon",
        "coordinates": [
          [
            [
              80.19655242581997,
              13.026373407953686
            ],
            [
              80.19685220272551,
              13.026373407953686
            ],
            [
              80.19685220272551,
              13.02665518322719
            ],
            [
              80.19655242581997,
              13.02665518322719
            ],
            [
              80.19655242581997,
              13.026373407953686
            ]
          ]
        ]
      },
      "properties": {
        "building_id": "VERIFIED_TN_CHENNAI_FLOOD_2021_00105",
        "osm_id": "900011655",
        "event_id": "TN_THOOTHUKUDI_FLOOD_2023",
        "prediction": "DESTROYED",
        "damage_prediction": "DESTROYED",
        "confidence": 1.0,
        "prediction_margin": 0.35,
        "entropy": 0.45,
        "domain_shift_score": 0.1,
        "prob_intact": 0.1,
        "prob_damaged": 0.1,
        "prob_destroyed": 0.85,
        "coverage_ratio": 1.2,
        "pre_product_id": "SENTINEL2_PRE_20201115",
        "post_product_id": "SENTINEL2_POST_20201127",
        "pre_date": "2020-11-15T00:24:12Z",
        "post_date": "2020-11-27T00:24:13Z",
        "temporal_delta_days": 12,
        "review_status": "AUTOMATIC_CANDIDATE",
        "model_version": "Phase 8.4 Champion",
        "checkpoint_sha256": "f5761006f3526f8ff9aa3a1d6487b7842c964fad99938cddf747cd1a1cba85db"
      }
    },
    {
      "type": "Feature",
      "id": "VERIFIED_TN_CHENNAI_FLOOD_2021_00106",
      "geometry": {
        "type": "Polygon",
        "coordinates": [
          [
            [
              80.17363181044873,
              13.047721843413502
            ],
            [
              80.17391787116925,
              13.047721843413502
            ],
            [
              80.17391787116925,
              13.047936275929079
            ],
            [
              80.17363181044873,
              13.047936275929079
            ],
            [
              80.17363181044873,
              13.047721843413502
            ]
          ]
        ]
      },
      "properties": {
        "building_id": "VERIFIED_TN_CHENNAI_FLOOD_2021_00106",
        "osm_id": "900011666",
        "event_id": "TN_THOOTHUKUDI_FLOOD_2023",
        "prediction": "DAMAGED",
        "damage_prediction": "DAMAGED",
        "confidence": 1.0,
        "prediction_margin": 0.35,
        "entropy": 0.45,
        "domain_shift_score": 0.1,
        "prob_intact": 0.1,
        "prob_damaged": 0.85,
        "prob_destroyed": 0.05,
        "coverage_ratio": 1.2,
        "pre_product_id": "SENTINEL2_PRE_20201115",
        "post_product_id": "SENTINEL2_POST_20201127",
        "pre_date": "2020-11-15T00:24:12Z",
        "post_date": "2020-11-27T00:24:13Z",
        "temporal_delta_days": 12,
        "review_status": "AUTOMATIC_CANDIDATE",
        "model_version": "Phase 8.4 Champion",
        "checkpoint_sha256": "f5761006f3526f8ff9aa3a1d6487b7842c964fad99938cddf747cd1a1cba85db"
      }
    },
    {
      "type": "Feature",
      "id": "VERIFIED_TN_CHENNAI_FLOOD_2021_00107",
      "geometry": {
        "type": "Polygon",
        "coordinates": [
          [
            [
              80.18856958638075,
              13.012318099385128
            ],
            [
              80.18881313883084,
              13.012318099385128
            ],
            [
              80.18881313883084,
              13.012554546247324
            ],
            [
              80.18856958638075,
              13.012554546247324
            ],
            [
              80.18856958638075,
              13.012318099385128
            ]
          ]
        ]
      },
      "properties": {
        "building_id": "VERIFIED_TN_CHENNAI_FLOOD_2021_00107",
        "osm_id": "900011677",
        "event_id": "TN_THOOTHUKUDI_FLOOD_2023",
        "prediction": "INTACT",
        "damage_prediction": "INTACT",
        "confidence": 0.9288,
        "prediction_margin": 0.35,
        "entropy": 0.45,
        "domain_shift_score": 0.1,
        "prob_intact": 0.85,
        "prob_damaged": 0.1,
        "prob_destroyed": 0.05,
        "coverage_ratio": 1.2,
        "pre_product_id": "SENTINEL2_PRE_20201115",
        "post_product_id": "SENTINEL2_POST_20201127",
        "pre_date": "2020-11-15T00:24:12Z",
        "post_date": "2020-11-27T00:24:13Z",
        "temporal_delta_days": 12,
        "review_status": "AUTOMATIC_CANDIDATE",
        "model_version": "Phase 8.4 Champion",
        "checkpoint_sha256": "f5761006f3526f8ff9aa3a1d6487b7842c964fad99938cddf747cd1a1cba85db"
      }
    },
    {
      "type": "Feature",
      "id": "VERIFIED_TN_CHENNAI_FLOOD_2021_00108",
      "geometry": {
        "type": "Polygon",
        "coordinates": [
          [
            [
              80.16907022215918,
              13.005028981225657
            ],
            [
              80.16944203043917,
              13.005028981225657
            ],
            [
              80.16944203043917,
              13.005241358836962
            ],
            [
              80.16907022215918,
              13.005241358836962
            ],
            [
              80.16907022215918,
              13.005028981225657
            ]
          ]
        ]
      },
      "properties": {
        "building_id": "VERIFIED_TN_CHENNAI_FLOOD_2021_00108",
        "osm_id": "900011688",
        "event_id": "TN_THOOTHUKUDI_FLOOD_2023",
        "prediction": "DESTROYED",
        "damage_prediction": "DESTROYED",
        "confidence": 1.0,
        "prediction_margin": 0.35,
        "entropy": 0.45,
        "domain_shift_score": 0.1,
        "prob_intact": 0.1,
        "prob_damaged": 0.1,
        "prob_destroyed": 0.85,
        "coverage_ratio": 1.2,
        "pre_product_id": "SENTINEL2_PRE_20201115",
        "post_product_id": "SENTINEL2_POST_20201127",
        "pre_date": "2020-11-15T00:24:12Z",
        "post_date": "2020-11-27T00:24:13Z",
        "temporal_delta_days": 12,
        "review_status": "AUTOMATIC_CANDIDATE",
        "model_version": "Phase 8.4 Champion",
        "checkpoint_sha256": "f5761006f3526f8ff9aa3a1d6487b7842c964fad99938cddf747cd1a1cba85db"
      }
    },
    {
      "type": "Feature",
      "id": "VERIFIED_TN_CHENNAI_FLOOD_2021_00109",
      "geometry": {
        "type": "Polygon",
        "coordinates": [
          [
            [
              80.19755357617306,
              13.000750877652408
            ],
            [
              80.19785516956868,
              13.000750877652408
            ],
            [
              80.19785516956868,
              13.000999153013776
            ],
            [
              80.19755357617306,
              13.000999153013776
            ],
            [
              80.19755357617306,
              13.000750877652408
            ]
          ]
        ]
      },
      "properties": {
        "building_id": "VERIFIED_TN_CHENNAI_FLOOD_2021_00109",
        "osm_id": "900011699",
        "event_id": "TN_THOOTHUKUDI_FLOOD_2023",
        "prediction": "INTACT",
        "damage_prediction": "INTACT",
        "confidence": 0.9682,
        "prediction_margin": 0.35,
        "entropy": 0.45,
        "domain_shift_score": 0.1,
        "prob_intact": 0.85,
        "prob_damaged": 0.1,
        "prob_destroyed": 0.05,
        "coverage_ratio": 1.2,
        "pre_product_id": "SENTINEL2_PRE_20201115",
        "post_product_id": "SENTINEL2_POST_20201127",
        "pre_date": "2020-11-15T00:24:12Z",
        "post_date": "2020-11-27T00:24:13Z",
        "temporal_delta_days": 12,
        "review_status": "AUTOMATIC_CANDIDATE",
        "model_version": "Phase 8.4 Champion",
        "checkpoint_sha256": "f5761006f3526f8ff9aa3a1d6487b7842c964fad99938cddf747cd1a1cba85db"
      }
    },
    {
      "type": "Feature",
      "id": "VERIFIED_TN_CHENNAI_FLOOD_2021_00110",
      "geometry": {
        "type": "Polygon",
        "coordinates": [
          [
            [
              80.2076086131502,
              12.997476773661813
            ],
            [
              80.20792556380749,
              12.997476773661813
            ],
            [
              80.20792556380749,
              12.997721931079848
            ],
            [
              80.2076086131502,
              12.997721931079848
            ],
            [
              80.2076086131502,
              12.997476773661813
            ]
          ]
        ]
      },
      "properties": {
        "building_id": "VERIFIED_TN_CHENNAI_FLOOD_2021_00110",
        "osm_id": "900011710",
        "event_id": "TN_THOOTHUKUDI_FLOOD_2023",
        "prediction": "INTACT",
        "damage_prediction": "INTACT",
        "confidence": 0.648,
        "prediction_margin": 0.35,
        "entropy": 0.45,
        "domain_shift_score": 0.1,
        "prob_intact": 0.85,
        "prob_damaged": 0.1,
        "prob_destroyed": 0.05,
        "coverage_ratio": 1.2,
        "pre_product_id": "SENTINEL2_PRE_20201115",
        "post_product_id": "SENTINEL2_POST_20201127",
        "pre_date": "2020-11-15T00:24:12Z",
        "post_date": "2020-11-27T00:24:13Z",
        "temporal_delta_days": 12,
        "review_status": "AUTOMATIC_CANDIDATE",
        "model_version": "Phase 8.4 Champion",
        "checkpoint_sha256": "f5761006f3526f8ff9aa3a1d6487b7842c964fad99938cddf747cd1a1cba85db"
      }
    },
    {
      "type": "Feature",
      "id": "VERIFIED_TN_CHENNAI_FLOOD_2021_00111",
      "geometry": {
        "type": "Polygon",
        "coordinates": [
          [
            [
              80.15300053654948,
              13.030983355223619
            ],
            [
              80.15327170355792,
              13.030983355223619
            ],
            [
              80.15327170355792,
              13.031281279243895
            ],
            [
              80.15300053654948,
              13.031281279243895
            ],
            [
              80.15300053654948,
              13.030983355223619
            ]
          ]
        ]
      },
      "properties": {
        "building_id": "VERIFIED_TN_CHENNAI_FLOOD_2021_00111",
        "osm_id": "900011721",
        "event_id": "TN_THOOTHUKUDI_FLOOD_2023",
        "prediction": "DAMAGED",
        "damage_prediction": "DAMAGED",
        "confidence": 0.5622,
        "prediction_margin": 0.35,
        "entropy": 0.45,
        "domain_shift_score": 0.1,
        "prob_intact": 0.1,
        "prob_damaged": 0.85,
        "prob_destroyed": 0.05,
        "coverage_ratio": 1.2,
        "pre_product_id": "SENTINEL2_PRE_20201115",
        "post_product_id": "SENTINEL2_POST_20201127",
        "pre_date": "2020-11-15T00:24:12Z",
        "post_date": "2020-11-27T00:24:13Z",
        "temporal_delta_days": 12,
        "review_status": "AUTOMATIC_CANDIDATE",
        "model_version": "Phase 8.4 Champion",
        "checkpoint_sha256": "f5761006f3526f8ff9aa3a1d6487b7842c964fad99938cddf747cd1a1cba85db"
      }
    },
    {
      "type": "Feature",
      "id": "VERIFIED_TN_CHENNAI_FLOOD_2021_00112",
      "geometry": {
        "type": "Polygon",
        "coordinates": [
          [
            [
              80.17904044551449,
              13.007792879193046
            ],
            [
              80.1793265498562,
              13.007792879193046
            ],
            [
              80.1793265498562,
              13.008021200144684
            ],
            [
              80.17904044551449,
              13.008021200144684
            ],
            [
              80.17904044551449,
              13.007792879193046
            ]
          ]
        ]
      },
      "properties": {
        "building_id": "VERIFIED_TN_CHENNAI_FLOOD_2021_00112",
        "osm_id": "900011732",
        "event_id": "TN_THOOTHUKUDI_FLOOD_2023",
        "prediction": "DESTROYED",
        "damage_prediction": "DESTROYED",
        "confidence": 1.0,
        "prediction_margin": 0.35,
        "entropy": 0.45,
        "domain_shift_score": 0.1,
        "prob_intact": 0.1,
        "prob_damaged": 0.1,
        "prob_destroyed": 0.85,
        "coverage_ratio": 1.2,
        "pre_product_id": "SENTINEL2_PRE_20201115",
        "post_product_id": "SENTINEL2_POST_20201127",
        "pre_date": "2020-11-15T00:24:12Z",
        "post_date": "2020-11-27T00:24:13Z",
        "temporal_delta_days": 12,
        "review_status": "AUTOMATIC_CANDIDATE",
        "model_version": "Phase 8.4 Champion",
        "checkpoint_sha256": "f5761006f3526f8ff9aa3a1d6487b7842c964fad99938cddf747cd1a1cba85db"
      }
    },
    {
      "type": "Feature",
      "id": "VERIFIED_TN_CHENNAI_FLOOD_2021_00113",
      "geometry": {
        "type": "Polygon",
        "coordinates": [
          [
            [
              80.15228727892836,
              12.995581968861552
            ],
            [
              80.15255174983818,
              12.995581968861552
            ],
            [
              80.15255174983818,
              12.9957902476626
            ],
            [
              80.15228727892836,
              12.9957902476626
            ],
            [
              80.15228727892836,
              12.995581968861552
            ]
          ]
        ]
      },
      "properties": {
        "building_id": "VERIFIED_TN_CHENNAI_FLOOD_2021_00113",
        "osm_id": "900011743",
        "event_id": "TN_THOOTHUKUDI_FLOOD_2023",
        "prediction": "DAMAGED",
        "damage_prediction": "DAMAGED",
        "confidence": 0.3739,
        "prediction_margin": 0.35,
        "entropy": 0.45,
        "domain_shift_score": 0.1,
        "prob_intact": 0.1,
        "prob_damaged": 0.85,
        "prob_destroyed": 0.05,
        "coverage_ratio": 1.2,
        "pre_product_id": "SENTINEL2_PRE_20201115",
        "post_product_id": "SENTINEL2_POST_20201127",
        "pre_date": "2020-11-15T00:24:12Z",
        "post_date": "2020-11-27T00:24:13Z",
        "temporal_delta_days": 12,
        "review_status": "AUTOMATIC_CANDIDATE",
        "model_version": "Phase 8.4 Champion",
        "checkpoint_sha256": "f5761006f3526f8ff9aa3a1d6487b7842c964fad99938cddf747cd1a1cba85db"
      }
    },
    {
      "type": "Feature",
      "id": "VERIFIED_TN_CHENNAI_FLOOD_2021_00114",
      "geometry": {
        "type": "Polygon",
        "coordinates": [
          [
            [
              80.16713370815154,
              12.998824871146772
            ],
            [
              80.16752348824298,
              12.998824871146772
            ],
            [
              80.16752348824298,
              12.999087290373536
            ],
            [
              80.16713370815154,
              12.999087290373536
            ],
            [
              80.16713370815154,
              12.998824871146772
            ]
          ]
        ]
      },
      "properties": {
        "building_id": "VERIFIED_TN_CHENNAI_FLOOD_2021_00114",
        "osm_id": "900011754",
        "event_id": "TN_THOOTHUKUDI_FLOOD_2023",
        "prediction": "INTACT",
        "damage_prediction": "INTACT",
        "confidence": 0.9151,
        "prediction_margin": 0.35,
        "entropy": 0.45,
        "domain_shift_score": 0.1,
        "prob_intact": 0.85,
        "prob_damaged": 0.1,
        "prob_destroyed": 0.05,
        "coverage_ratio": 1.2,
        "pre_product_id": "SENTINEL2_PRE_20201115",
        "post_product_id": "SENTINEL2_POST_20201127",
        "pre_date": "2020-11-15T00:24:12Z",
        "post_date": "2020-11-27T00:24:13Z",
        "temporal_delta_days": 12,
        "review_status": "AUTOMATIC_CANDIDATE",
        "model_version": "Phase 8.4 Champion",
        "checkpoint_sha256": "f5761006f3526f8ff9aa3a1d6487b7842c964fad99938cddf747cd1a1cba85db"
      }
    },
    {
      "type": "Feature",
      "id": "VERIFIED_TN_CHENNAI_FLOOD_2021_00115",
      "geometry": {
        "type": "Polygon",
        "coordinates": [
          [
            [
              80.20226690487276,
              13.013576748423509
            ],
            [
              80.20254007007635,
              13.013576748423509
            ],
            [
              80.20254007007635,
              13.013822084042376
            ],
            [
              80.20226690487276,
              13.013822084042376
            ],
            [
              80.20226690487276,
              13.013576748423509
            ]
          ]
        ]
      },
      "properties": {
        "building_id": "VERIFIED_TN_CHENNAI_FLOOD_2021_00115",
        "osm_id": "900011765",
        "event_id": "TN_THOOTHUKUDI_FLOOD_2023",
        "prediction": "INTACT",
        "damage_prediction": "INTACT",
        "confidence": 0.8164,
        "prediction_margin": 0.35,
        "entropy": 0.45,
        "domain_shift_score": 0.1,
        "prob_intact": 0.85,
        "prob_damaged": 0.1,
        "prob_destroyed": 0.05,
        "coverage_ratio": 1.2,
        "pre_product_id": "SENTINEL2_PRE_20201115",
        "post_product_id": "SENTINEL2_POST_20201127",
        "pre_date": "2020-11-15T00:24:12Z",
        "post_date": "2020-11-27T00:24:13Z",
        "temporal_delta_days": 12,
        "review_status": "AUTOMATIC_CANDIDATE",
        "model_version": "Phase 8.4 Champion",
        "checkpoint_sha256": "f5761006f3526f8ff9aa3a1d6487b7842c964fad99938cddf747cd1a1cba85db"
      }
    },
    {
      "type": "Feature",
      "id": "VERIFIED_TN_CHENNAI_FLOOD_2021_00116",
      "geometry": {
        "type": "Polygon",
        "coordinates": [
          [
            [
              80.19051296618468,
              13.007263484930842
            ],
            [
              80.1907635089311,
              13.007263484930842
            ],
            [
              80.1907635089311,
              13.007486439629645
            ],
            [
              80.19051296618468,
              13.007486439629645
            ],
            [
              80.19051296618468,
              13.007263484930842
            ]
          ]
        ]
      },
      "properties": {
        "building_id": "VERIFIED_TN_CHENNAI_FLOOD_2021_00116",
        "osm_id": "900011776",
        "event_id": "TN_THOOTHUKUDI_FLOOD_2023",
        "prediction": "DAMAGED",
        "damage_prediction": "DAMAGED",
        "confidence": 1.0,
        "prediction_margin": 0.35,
        "entropy": 0.45,
        "domain_shift_score": 0.1,
        "prob_intact": 0.1,
        "prob_damaged": 0.85,
        "prob_destroyed": 0.05,
        "coverage_ratio": 1.2,
        "pre_product_id": "SENTINEL2_PRE_20201115",
        "post_product_id": "SENTINEL2_POST_20201127",
        "pre_date": "2020-11-15T00:24:12Z",
        "post_date": "2020-11-27T00:24:13Z",
        "temporal_delta_days": 12,
        "review_status": "AUTOMATIC_CANDIDATE",
        "model_version": "Phase 8.4 Champion",
        "checkpoint_sha256": "f5761006f3526f8ff9aa3a1d6487b7842c964fad99938cddf747cd1a1cba85db"
      }
    },
    {
      "type": "Feature",
      "id": "VERIFIED_TN_CHENNAI_FLOOD_2021_00117",
      "geometry": {
        "type": "Polygon",
        "coordinates": [
          [
            [
              80.20607654825673,
              13.012527497128383
            ],
            [
              80.20635736221232,
              13.012527497128383
            ],
            [
              80.20635736221232,
              13.012742741157501
            ],
            [
              80.20607654825673,
              13.012742741157501
            ],
            [
              80.20607654825673,
              13.012527497128383
            ]
          ]
        ]
      },
      "properties": {
        "building_id": "VERIFIED_TN_CHENNAI_FLOOD_2021_00117",
        "osm_id": "900011787",
        "event_id": "TN_THOOTHUKUDI_FLOOD_2023",
        "prediction": "DAMAGED",
        "damage_prediction": "DAMAGED",
        "confidence": 1.0,
        "prediction_margin": 0.35,
        "entropy": 0.45,
        "domain_shift_score": 0.1,
        "prob_intact": 0.1,
        "prob_damaged": 0.85,
        "prob_destroyed": 0.05,
        "coverage_ratio": 1.2,
        "pre_product_id": "SENTINEL2_PRE_20201115",
        "post_product_id": "SENTINEL2_POST_20201127",
        "pre_date": "2020-11-15T00:24:12Z",
        "post_date": "2020-11-27T00:24:13Z",
        "temporal_delta_days": 12,
        "review_status": "AUTOMATIC_CANDIDATE",
        "model_version": "Phase 8.4 Champion",
        "checkpoint_sha256": "f5761006f3526f8ff9aa3a1d6487b7842c964fad99938cddf747cd1a1cba85db"
      }
    },
    {
      "type": "Feature",
      "id": "VERIFIED_TN_CHENNAI_FLOOD_2021_00118",
      "geometry": {
        "type": "Polygon",
        "coordinates": [
          [
            [
              80.1681439491679,
              12.999358711323557
            ],
            [
              80.16850567065725,
              12.999358711323557
            ],
            [
              80.16850567065725,
              12.99956061189207
            ],
            [
              80.1681439491679,
              12.99956061189207
            ],
            [
              80.1681439491679,
              12.999358711323557
            ]
          ]
        ]
      },
      "properties": {
        "building_id": "VERIFIED_TN_CHENNAI_FLOOD_2021_00118",
        "osm_id": "900011798",
        "event_id": "TN_THOOTHUKUDI_FLOOD_2023",
        "prediction": "DAMAGED",
        "damage_prediction": "DAMAGED",
        "confidence": 1.0,
        "prediction_margin": 0.35,
        "entropy": 0.45,
        "domain_shift_score": 0.1,
        "prob_intact": 0.1,
        "prob_damaged": 0.85,
        "prob_destroyed": 0.05,
        "coverage_ratio": 1.2,
        "pre_product_id": "SENTINEL2_PRE_20201115",
        "post_product_id": "SENTINEL2_POST_20201127",
        "pre_date": "2020-11-15T00:24:12Z",
        "post_date": "2020-11-27T00:24:13Z",
        "temporal_delta_days": 12,
        "review_status": "AUTOMATIC_CANDIDATE",
        "model_version": "Phase 8.4 Champion",
        "checkpoint_sha256": "f5761006f3526f8ff9aa3a1d6487b7842c964fad99938cddf747cd1a1cba85db"
      }
    },
    {
      "type": "Feature",
      "id": "VERIFIED_TN_CHENNAI_FLOOD_2021_00119",
      "geometry": {
        "type": "Polygon",
        "coordinates": [
          [
            [
              80.17262261342006,
              13.020275293462902
            ],
            [
              80.17291275225116,
              13.020275293462902
            ],
            [
              80.17291275225116,
              13.020510706526125
            ],
            [
              80.17262261342006,
              13.020510706526125
            ],
            [
              80.17262261342006,
              13.020275293462902
            ]
          ]
        ]
      },
      "properties": {
        "building_id": "VERIFIED_TN_CHENNAI_FLOOD_2021_00119",
        "osm_id": "900011809",
        "event_id": "TN_THOOTHUKUDI_FLOOD_2023",
        "prediction": "DAMAGED",
        "damage_prediction": "DAMAGED",
        "confidence": 1.0,
        "prediction_margin": 0.35,
        "entropy": 0.45,
        "domain_shift_score": 0.1,
        "prob_intact": 0.1,
        "prob_damaged": 0.85,
        "prob_destroyed": 0.05,
        "coverage_ratio": 1.2,
        "pre_product_id": "SENTINEL2_PRE_20201115",
        "post_product_id": "SENTINEL2_POST_20201127",
        "pre_date": "2020-11-15T00:24:12Z",
        "post_date": "2020-11-27T00:24:13Z",
        "temporal_delta_days": 12,
        "review_status": "AUTOMATIC_CANDIDATE",
        "model_version": "Phase 8.4 Champion",
        "checkpoint_sha256": "f5761006f3526f8ff9aa3a1d6487b7842c964fad99938cddf747cd1a1cba85db"
      }
    },
    {
      "type": "Feature",
      "id": "VERIFIED_TN_CHENNAI_FLOOD_2021_00120",
      "geometry": {
        "type": "Polygon",
        "coordinates": [
          [
            [
              80.20208479562277,
              13.001433904219692
            ],
            [
              80.20246844295178,
              13.001433904219692
            ],
            [
              80.20246844295178,
              13.00167589167533
            ],
            [
              80.20208479562277,
              13.00167589167533
            ],
            [
              80.20208479562277,
              13.001433904219692
            ]
          ]
        ]
      },
      "properties": {
        "building_id": "VERIFIED_TN_CHENNAI_FLOOD_2021_00120",
        "osm_id": "900011820",
        "event_id": "TN_THOOTHUKUDI_FLOOD_2023",
        "prediction": "DAMAGED",
        "damage_prediction": "DAMAGED",
        "confidence": 1.0,
        "prediction_margin": 0.35,
        "entropy": 0.45,
        "domain_shift_score": 0.1,
        "prob_intact": 0.1,
        "prob_damaged": 0.85,
        "prob_destroyed": 0.05,
        "coverage_ratio": 1.2,
        "pre_product_id": "SENTINEL2_PRE_20201115",
        "post_product_id": "SENTINEL2_POST_20201127",
        "pre_date": "2020-11-15T00:24:12Z",
        "post_date": "2020-11-27T00:24:13Z",
        "temporal_delta_days": 12,
        "review_status": "AUTOMATIC_CANDIDATE",
        "model_version": "Phase 8.4 Champion",
        "checkpoint_sha256": "f5761006f3526f8ff9aa3a1d6487b7842c964fad99938cddf747cd1a1cba85db"
      }
    },
    {
      "type": "Feature",
      "id": "VERIFIED_TN_CHENNAI_FLOOD_2021_00121",
      "geometry": {
        "type": "Polygon",
        "coordinates": [
          [
            [
              80.17141057740307,
              12.997435960567211
            ],
            [
              80.17173459993936,
              12.997435960567211
            ],
            [
              80.17173459993936,
              12.997660319794315
            ],
            [
              80.17141057740307,
              12.997660319794315
            ],
            [
              80.17141057740307,
              12.997435960567211
            ]
          ]
        ]
      },
      "properties": {
        "building_id": "VERIFIED_TN_CHENNAI_FLOOD_2021_00121",
        "osm_id": "900011831",
        "event_id": "TN_THOOTHUKUDI_FLOOD_2023",
        "prediction": "INTACT",
        "damage_prediction": "INTACT",
        "confidence": 0.8559,
        "prediction_margin": 0.35,
        "entropy": 0.45,
        "domain_shift_score": 0.1,
        "prob_intact": 0.85,
        "prob_damaged": 0.1,
        "prob_destroyed": 0.05,
        "coverage_ratio": 1.2,
        "pre_product_id": "SENTINEL2_PRE_20201115",
        "post_product_id": "SENTINEL2_POST_20201127",
        "pre_date": "2020-11-15T00:24:12Z",
        "post_date": "2020-11-27T00:24:13Z",
        "temporal_delta_days": 12,
        "review_status": "AUTOMATIC_CANDIDATE",
        "model_version": "Phase 8.4 Champion",
        "checkpoint_sha256": "f5761006f3526f8ff9aa3a1d6487b7842c964fad99938cddf747cd1a1cba85db"
      }
    },
    {
      "type": "Feature",
      "id": "VERIFIED_TN_CHENNAI_FLOOD_2021_00122",
      "geometry": {
        "type": "Polygon",
        "coordinates": [
          [
            [
              80.19765300852116,
              13.025283401888515
            ],
            [
              80.19798069196072,
              13.025283401888515
            ],
            [
              80.19798069196072,
              13.025567730484429
            ],
            [
              80.19765300852116,
              13.025567730484429
            ],
            [
              80.19765300852116,
              13.025283401888515
            ]
          ]
        ]
      },
      "properties": {
        "building_id": "VERIFIED_TN_CHENNAI_FLOOD_2021_00122",
        "osm_id": "900011842",
        "event_id": "TN_THOOTHUKUDI_FLOOD_2023",
        "prediction": "DESTROYED",
        "damage_prediction": "DESTROYED",
        "confidence": 1.0,
        "prediction_margin": 0.35,
        "entropy": 0.45,
        "domain_shift_score": 0.1,
        "prob_intact": 0.1,
        "prob_damaged": 0.1,
        "prob_destroyed": 0.85,
        "coverage_ratio": 1.2,
        "pre_product_id": "SENTINEL2_PRE_20201115",
        "post_product_id": "SENTINEL2_POST_20201127",
        "pre_date": "2020-11-15T00:24:12Z",
        "post_date": "2020-11-27T00:24:13Z",
        "temporal_delta_days": 12,
        "review_status": "AUTOMATIC_CANDIDATE",
        "model_version": "Phase 8.4 Champion",
        "checkpoint_sha256": "f5761006f3526f8ff9aa3a1d6487b7842c964fad99938cddf747cd1a1cba85db"
      }
    },
    {
      "type": "Feature",
      "id": "VERIFIED_TN_CHENNAI_FLOOD_2021_00123",
      "geometry": {
        "type": "Polygon",
        "coordinates": [
          [
            [
              80.18757286737038,
              12.99905802425947
            ],
            [
              80.18792124206574,
              12.99905802425947
            ],
            [
              80.18792124206574,
              12.999260955485424
            ],
            [
              80.18757286737038,
              12.999260955485424
            ],
            [
              80.18757286737038,
              12.99905802425947
            ]
          ]
        ]
      },
      "properties": {
        "building_id": "VERIFIED_TN_CHENNAI_FLOOD_2021_00123",
        "osm_id": "900011853",
        "event_id": "TN_THOOTHUKUDI_FLOOD_2023",
        "prediction": "INTACT",
        "damage_prediction": "INTACT",
        "confidence": 0.7786,
        "prediction_margin": 0.35,
        "entropy": 0.45,
        "domain_shift_score": 0.1,
        "prob_intact": 0.85,
        "prob_damaged": 0.1,
        "prob_destroyed": 0.05,
        "coverage_ratio": 1.2,
        "pre_product_id": "SENTINEL2_PRE_20201115",
        "post_product_id": "SENTINEL2_POST_20201127",
        "pre_date": "2020-11-15T00:24:12Z",
        "post_date": "2020-11-27T00:24:13Z",
        "temporal_delta_days": 12,
        "review_status": "AUTOMATIC_CANDIDATE",
        "model_version": "Phase 8.4 Champion",
        "checkpoint_sha256": "f5761006f3526f8ff9aa3a1d6487b7842c964fad99938cddf747cd1a1cba85db"
      }
    },
    {
      "type": "Feature",
      "id": "VERIFIED_TN_CHENNAI_FLOOD_2021_00124",
      "geometry": {
        "type": "Polygon",
        "coordinates": [
          [
            [
              80.16980974506392,
              13.03000993149751
            ],
            [
              80.17014428457158,
              13.03000993149751
            ],
            [
              80.17014428457158,
              13.030319516212927
            ],
            [
              80.16980974506392,
              13.030319516212927
            ],
            [
              80.16980974506392,
              13.03000993149751
            ]
          ]
        ]
      },
      "properties": {
        "building_id": "VERIFIED_TN_CHENNAI_FLOOD_2021_00124",
        "osm_id": "900011864",
        "event_id": "TN_THOOTHUKUDI_FLOOD_2023",
        "prediction": "INTACT",
        "damage_prediction": "INTACT",
        "confidence": 0.6371,
        "prediction_margin": 0.35,
        "entropy": 0.45,
        "domain_shift_score": 0.1,
        "prob_intact": 0.85,
        "prob_damaged": 0.1,
        "prob_destroyed": 0.05,
        "coverage_ratio": 1.2,
        "pre_product_id": "SENTINEL2_PRE_20201115",
        "post_product_id": "SENTINEL2_POST_20201127",
        "pre_date": "2020-11-15T00:24:12Z",
        "post_date": "2020-11-27T00:24:13Z",
        "temporal_delta_days": 12,
        "review_status": "AUTOMATIC_CANDIDATE",
        "model_version": "Phase 8.4 Champion",
        "checkpoint_sha256": "f5761006f3526f8ff9aa3a1d6487b7842c964fad99938cddf747cd1a1cba85db"
      }
    },
    {
      "type": "Feature",
      "id": "VERIFIED_TN_CHENNAI_FLOOD_2021_00125",
      "geometry": {
        "type": "Polygon",
        "coordinates": [
          [
            [
              80.20511764487088,
              13.048585587652097
            ],
            [
              80.20545728347511,
              13.048585587652097
            ],
            [
              80.20545728347511,
              13.048835128379826
            ],
            [
              80.20511764487088,
              13.048835128379826
            ],
            [
              80.20511764487088,
              13.048585587652097
            ]
          ]
        ]
      },
      "properties": {
        "building_id": "VERIFIED_TN_CHENNAI_FLOOD_2021_00125",
        "osm_id": "900011875",
        "event_id": "TN_THOOTHUKUDI_FLOOD_2023",
        "prediction": "INTACT",
        "damage_prediction": "INTACT",
        "confidence": 0.9174,
        "prediction_margin": 0.35,
        "entropy": 0.45,
        "domain_shift_score": 0.1,
        "prob_intact": 0.85,
        "prob_damaged": 0.1,
        "prob_destroyed": 0.05,
        "coverage_ratio": 1.2,
        "pre_product_id": "SENTINEL2_PRE_20201115",
        "post_product_id": "SENTINEL2_POST_20201127",
        "pre_date": "2020-11-15T00:24:12Z",
        "post_date": "2020-11-27T00:24:13Z",
        "temporal_delta_days": 12,
        "review_status": "AUTOMATIC_CANDIDATE",
        "model_version": "Phase 8.4 Champion",
        "checkpoint_sha256": "f5761006f3526f8ff9aa3a1d6487b7842c964fad99938cddf747cd1a1cba85db"
      }
    },
    {
      "type": "Feature",
      "id": "VERIFIED_TN_CHENNAI_FLOOD_2021_00126",
      "geometry": {
        "type": "Polygon",
        "coordinates": [
          [
            [
              80.16492539912836,
              13.048756633373735
            ],
            [
              80.16529236511273,
              13.048756633373735
            ],
            [
              80.16529236511273,
              13.048966905320075
            ],
            [
              80.16492539912836,
              13.048966905320075
            ],
            [
              80.16492539912836,
              13.048756633373735
            ]
          ]
        ]
      },
      "properties": {
        "building_id": "VERIFIED_TN_CHENNAI_FLOOD_2021_00126",
        "osm_id": "900011886",
        "event_id": "TN_THOOTHUKUDI_FLOOD_2023",
        "prediction": "DAMAGED",
        "damage_prediction": "DAMAGED",
        "confidence": 1.0,
        "prediction_margin": 0.35,
        "entropy": 0.45,
        "domain_shift_score": 0.1,
        "prob_intact": 0.1,
        "prob_damaged": 0.85,
        "prob_destroyed": 0.05,
        "coverage_ratio": 1.2,
        "pre_product_id": "SENTINEL2_PRE_20201115",
        "post_product_id": "SENTINEL2_POST_20201127",
        "pre_date": "2020-11-15T00:24:12Z",
        "post_date": "2020-11-27T00:24:13Z",
        "temporal_delta_days": 12,
        "review_status": "AUTOMATIC_CANDIDATE",
        "model_version": "Phase 8.4 Champion",
        "checkpoint_sha256": "f5761006f3526f8ff9aa3a1d6487b7842c964fad99938cddf747cd1a1cba85db"
      }
    },
    {
      "type": "Feature",
      "id": "VERIFIED_TN_CHENNAI_FLOOD_2021_00127",
      "geometry": {
        "type": "Polygon",
        "coordinates": [
          [
            [
              80.19538310446056,
              12.991179764192015
            ],
            [
              80.19562533630356,
              12.991179764192015
            ],
            [
              80.19562533630356,
              12.991458618452704
            ],
            [
              80.19538310446056,
              12.991458618452704
            ],
            [
              80.19538310446056,
              12.991179764192015
            ]
          ]
        ]
      },
      "properties": {
        "building_id": "VERIFIED_TN_CHENNAI_FLOOD_2021_00127",
        "osm_id": "900011897",
        "event_id": "TN_THOOTHUKUDI_FLOOD_2023",
        "prediction": "INTACT",
        "damage_prediction": "INTACT",
        "confidence": 0.9773,
        "prediction_margin": 0.35,
        "entropy": 0.45,
        "domain_shift_score": 0.1,
        "prob_intact": 0.85,
        "prob_damaged": 0.1,
        "prob_destroyed": 0.05,
        "coverage_ratio": 1.2,
        "pre_product_id": "SENTINEL2_PRE_20201115",
        "post_product_id": "SENTINEL2_POST_20201127",
        "pre_date": "2020-11-15T00:24:12Z",
        "post_date": "2020-11-27T00:24:13Z",
        "temporal_delta_days": 12,
        "review_status": "AUTOMATIC_CANDIDATE",
        "model_version": "Phase 8.4 Champion",
        "checkpoint_sha256": "f5761006f3526f8ff9aa3a1d6487b7842c964fad99938cddf747cd1a1cba85db"
      }
    },
    {
      "type": "Feature",
      "id": "VERIFIED_TN_CHENNAI_FLOOD_2021_00128",
      "geometry": {
        "type": "Polygon",
        "coordinates": [
          [
            [
              80.1865610541673,
              13.031657705667282
            ],
            [
              80.186818328159,
              13.031657705667282
            ],
            [
              80.186818328159,
              13.03186606317141
            ],
            [
              80.1865610541673,
              13.03186606317141
            ],
            [
              80.1865610541673,
              13.031657705667282
            ]
          ]
        ]
      },
      "properties": {
        "building_id": "VERIFIED_TN_CHENNAI_FLOOD_2021_00128",
        "osm_id": "900011908",
        "event_id": "TN_THOOTHUKUDI_FLOOD_2023",
        "prediction": "DESTROYED",
        "damage_prediction": "DESTROYED",
        "confidence": 1.0,
        "prediction_margin": 0.35,
        "entropy": 0.45,
        "domain_shift_score": 0.1,
        "prob_intact": 0.1,
        "prob_damaged": 0.1,
        "prob_destroyed": 0.85,
        "coverage_ratio": 1.2,
        "pre_product_id": "SENTINEL2_PRE_20201115",
        "post_product_id": "SENTINEL2_POST_20201127",
        "pre_date": "2020-11-15T00:24:12Z",
        "post_date": "2020-11-27T00:24:13Z",
        "temporal_delta_days": 12,
        "review_status": "AUTOMATIC_CANDIDATE",
        "model_version": "Phase 8.4 Champion",
        "checkpoint_sha256": "f5761006f3526f8ff9aa3a1d6487b7842c964fad99938cddf747cd1a1cba85db"
      }
    },
    {
      "type": "Feature",
      "id": "VERIFIED_TN_CHENNAI_FLOOD_2021_00129",
      "geometry": {
        "type": "Polygon",
        "coordinates": [
          [
            [
              80.18108552556085,
              13.034408175316573
            ],
            [
              80.18139311688726,
              13.034408175316573
            ],
            [
              80.18139311688726,
              13.034655945777962
            ],
            [
              80.18108552556085,
              13.034655945777962
            ],
            [
              80.18108552556085,
              13.034408175316573
            ]
          ]
        ]
      },
      "properties": {
        "building_id": "VERIFIED_TN_CHENNAI_FLOOD_2021_00129",
        "osm_id": "900011919",
        "event_id": "TN_THOOTHUKUDI_FLOOD_2023",
        "prediction": "INTACT",
        "damage_prediction": "INTACT",
        "confidence": 0.7194,
        "prediction_margin": 0.35,
        "entropy": 0.45,
        "domain_shift_score": 0.1,
        "prob_intact": 0.85,
        "prob_damaged": 0.1,
        "prob_destroyed": 0.05,
        "coverage_ratio": 1.2,
        "pre_product_id": "SENTINEL2_PRE_20201115",
        "post_product_id": "SENTINEL2_POST_20201127",
        "pre_date": "2020-11-15T00:24:12Z",
        "post_date": "2020-11-27T00:24:13Z",
        "temporal_delta_days": 12,
        "review_status": "AUTOMATIC_CANDIDATE",
        "model_version": "Phase 8.4 Champion",
        "checkpoint_sha256": "f5761006f3526f8ff9aa3a1d6487b7842c964fad99938cddf747cd1a1cba85db"
      }
    },
    {
      "type": "Feature",
      "id": "VERIFIED_TN_CHENNAI_FLOOD_2021_00130",
      "geometry": {
        "type": "Polygon",
        "coordinates": [
          [
            [
              80.16998708185645,
              13.048425941727166
            ],
            [
              80.17027978234717,
              13.048425941727166
            ],
            [
              80.17027978234717,
              13.048696477175772
            ],
            [
              80.16998708185645,
              13.048696477175772
            ],
            [
              80.16998708185645,
              13.048425941727166
            ]
          ]
        ]
      },
      "properties": {
        "building_id": "VERIFIED_TN_CHENNAI_FLOOD_2021_00130",
        "osm_id": "900011930",
        "event_id": "TN_THOOTHUKUDI_FLOOD_2023",
        "prediction": "INTACT",
        "damage_prediction": "INTACT",
        "confidence": 0.8905,
        "prediction_margin": 0.35,
        "entropy": 0.45,
        "domain_shift_score": 0.1,
        "prob_intact": 0.85,
        "prob_damaged": 0.1,
        "prob_destroyed": 0.05,
        "coverage_ratio": 1.2,
        "pre_product_id": "SENTINEL2_PRE_20201115",
        "post_product_id": "SENTINEL2_POST_20201127",
        "pre_date": "2020-11-15T00:24:12Z",
        "post_date": "2020-11-27T00:24:13Z",
        "temporal_delta_days": 12,
        "review_status": "AUTOMATIC_CANDIDATE",
        "model_version": "Phase 8.4 Champion",
        "checkpoint_sha256": "f5761006f3526f8ff9aa3a1d6487b7842c964fad99938cddf747cd1a1cba85db"
      }
    },
    {
      "type": "Feature",
      "id": "VERIFIED_TN_CHENNAI_FLOOD_2021_00131",
      "geometry": {
        "type": "Polygon",
        "coordinates": [
          [
            [
              80.17631562878731,
              12.990919305462468
            ],
            [
              80.17663729162271,
              12.990919305462468
            ],
            [
              80.17663729162271,
              12.991235638187549
            ],
            [
              80.17631562878731,
              12.991235638187549
            ],
            [
              80.17631562878731,
              12.990919305462468
            ]
          ]
        ]
      },
      "properties": {
        "building_id": "VERIFIED_TN_CHENNAI_FLOOD_2021_00131",
        "osm_id": "900011941",
        "event_id": "TN_THOOTHUKUDI_FLOOD_2023",
        "prediction": "INTACT",
        "damage_prediction": "INTACT",
        "confidence": 0.7748,
        "prediction_margin": 0.35,
        "entropy": 0.45,
        "domain_shift_score": 0.1,
        "prob_intact": 0.85,
        "prob_damaged": 0.1,
        "prob_destroyed": 0.05,
        "coverage_ratio": 1.2,
        "pre_product_id": "SENTINEL2_PRE_20201115",
        "post_product_id": "SENTINEL2_POST_20201127",
        "pre_date": "2020-11-15T00:24:12Z",
        "post_date": "2020-11-27T00:24:13Z",
        "temporal_delta_days": 12,
        "review_status": "AUTOMATIC_CANDIDATE",
        "model_version": "Phase 8.4 Champion",
        "checkpoint_sha256": "f5761006f3526f8ff9aa3a1d6487b7842c964fad99938cddf747cd1a1cba85db"
      }
    },
    {
      "type": "Feature",
      "id": "VERIFIED_TN_CHENNAI_FLOOD_2021_00132",
      "geometry": {
        "type": "Polygon",
        "coordinates": [
          [
            [
              80.15406765630553,
              13.00122459087234
            ],
            [
              80.15444228666712,
              13.00122459087234
            ],
            [
              80.15444228666712,
              13.001498714222684
            ],
            [
              80.15406765630553,
              13.001498714222684
            ],
            [
              80.15406765630553,
              13.00122459087234
            ]
          ]
        ]
      },
      "properties": {
        "building_id": "VERIFIED_TN_CHENNAI_FLOOD_2021_00132",
        "osm_id": "900011952",
        "event_id": "TN_THOOTHUKUDI_FLOOD_2023",
        "prediction": "INTACT",
        "damage_prediction": "INTACT",
        "confidence": 0.9616,
        "prediction_margin": 0.35,
        "entropy": 0.45,
        "domain_shift_score": 0.1,
        "prob_intact": 0.85,
        "prob_damaged": 0.1,
        "prob_destroyed": 0.05,
        "coverage_ratio": 1.2,
        "pre_product_id": "SENTINEL2_PRE_20201115",
        "post_product_id": "SENTINEL2_POST_20201127",
        "pre_date": "2020-11-15T00:24:12Z",
        "post_date": "2020-11-27T00:24:13Z",
        "temporal_delta_days": 12,
        "review_status": "AUTOMATIC_CANDIDATE",
        "model_version": "Phase 8.4 Champion",
        "checkpoint_sha256": "f5761006f3526f8ff9aa3a1d6487b7842c964fad99938cddf747cd1a1cba85db"
      }
    },
    {
      "type": "Feature",
      "id": "VERIFIED_TN_CHENNAI_FLOOD_2021_00133",
      "geometry": {
        "type": "Polygon",
        "coordinates": [
          [
            [
              80.15155952421149,
              13.039569294971692
            ],
            [
              80.15184096983454,
              13.039569294971692
            ],
            [
              80.15184096983454,
              13.039854336178088
            ],
            [
              80.15155952421149,
              13.039854336178088
            ],
            [
              80.15155952421149,
              13.039569294971692
            ]
          ]
        ]
      },
      "properties": {
        "building_id": "VERIFIED_TN_CHENNAI_FLOOD_2021_00133",
        "osm_id": "900011963",
        "event_id": "TN_THOOTHUKUDI_FLOOD_2023",
        "prediction": "INTACT",
        "damage_prediction": "INTACT",
        "confidence": 0.7506,
        "prediction_margin": 0.35,
        "entropy": 0.45,
        "domain_shift_score": 0.1,
        "prob_intact": 0.85,
        "prob_damaged": 0.1,
        "prob_destroyed": 0.05,
        "coverage_ratio": 1.2,
        "pre_product_id": "SENTINEL2_PRE_20201115",
        "post_product_id": "SENTINEL2_POST_20201127",
        "pre_date": "2020-11-15T00:24:12Z",
        "post_date": "2020-11-27T00:24:13Z",
        "temporal_delta_days": 12,
        "review_status": "AUTOMATIC_CANDIDATE",
        "model_version": "Phase 8.4 Champion",
        "checkpoint_sha256": "f5761006f3526f8ff9aa3a1d6487b7842c964fad99938cddf747cd1a1cba85db"
      }
    },
    {
      "type": "Feature",
      "id": "VERIFIED_TN_CHENNAI_FLOOD_2021_00134",
      "geometry": {
        "type": "Polygon",
        "coordinates": [
          [
            [
              80.15227278982336,
              13.00194308558559
            ],
            [
              80.15256682950285,
              13.00194308558559
            ],
            [
              80.15256682950285,
              13.002193299525253
            ],
            [
              80.15227278982336,
              13.002193299525253
            ],
            [
              80.15227278982336,
              13.00194308558559
            ]
          ]
        ]
      },
      "properties": {
        "building_id": "VERIFIED_TN_CHENNAI_FLOOD_2021_00134",
        "osm_id": "900011974",
        "event_id": "TN_THOOTHUKUDI_FLOOD_2023",
        "prediction": "INTACT",
        "damage_prediction": "INTACT",
        "confidence": 0.9001,
        "prediction_margin": 0.35,
        "entropy": 0.45,
        "domain_shift_score": 0.1,
        "prob_intact": 0.85,
        "prob_damaged": 0.1,
        "prob_destroyed": 0.05,
        "coverage_ratio": 1.2,
        "pre_product_id": "SENTINEL2_PRE_20201115",
        "post_product_id": "SENTINEL2_POST_20201127",
        "pre_date": "2020-11-15T00:24:12Z",
        "post_date": "2020-11-27T00:24:13Z",
        "temporal_delta_days": 12,
        "review_status": "AUTOMATIC_CANDIDATE",
        "model_version": "Phase 8.4 Champion",
        "checkpoint_sha256": "f5761006f3526f8ff9aa3a1d6487b7842c964fad99938cddf747cd1a1cba85db"
      }
    },
    {
      "type": "Feature",
      "id": "VERIFIED_TN_CHENNAI_FLOOD_2021_00135",
      "geometry": {
        "type": "Polygon",
        "coordinates": [
          [
            [
              80.17843682440072,
              13.006116731668126
            ],
            [
              80.17877364066028,
              13.006116731668126
            ],
            [
              80.17877364066028,
              13.006364221047708
            ],
            [
              80.17843682440072,
              13.006364221047708
            ],
            [
              80.17843682440072,
              13.006116731668126
            ]
          ]
        ]
      },
      "properties": {
        "building_id": "VERIFIED_TN_CHENNAI_FLOOD_2021_00135",
        "osm_id": "900011985",
        "event_id": "TN_THOOTHUKUDI_FLOOD_2023",
        "prediction": "DAMAGED",
        "damage_prediction": "DAMAGED",
        "confidence": 1.0,
        "prediction_margin": 0.35,
        "entropy": 0.45,
        "domain_shift_score": 0.1,
        "prob_intact": 0.1,
        "prob_damaged": 0.85,
        "prob_destroyed": 0.05,
        "coverage_ratio": 1.2,
        "pre_product_id": "SENTINEL2_PRE_20201115",
        "post_product_id": "SENTINEL2_POST_20201127",
        "pre_date": "2020-11-15T00:24:12Z",
        "post_date": "2020-11-27T00:24:13Z",
        "temporal_delta_days": 12,
        "review_status": "AUTOMATIC_CANDIDATE",
        "model_version": "Phase 8.4 Champion",
        "checkpoint_sha256": "f5761006f3526f8ff9aa3a1d6487b7842c964fad99938cddf747cd1a1cba85db"
      }
    },
    {
      "type": "Feature",
      "id": "VERIFIED_TN_CHENNAI_FLOOD_2021_00136",
      "geometry": {
        "type": "Polygon",
        "coordinates": [
          [
            [
              80.20185686394626,
              13.034696742592763
            ],
            [
              80.20217606119343,
              13.034696742592763
            ],
            [
              80.20217606119343,
              13.034912454343017
            ],
            [
              80.20185686394626,
              13.034912454343017
            ],
            [
              80.20185686394626,
              13.034696742592763
            ]
          ]
        ]
      },
      "properties": {
        "building_id": "VERIFIED_TN_CHENNAI_FLOOD_2021_00136",
        "osm_id": "900011996",
        "event_id": "TN_THOOTHUKUDI_FLOOD_2023",
        "prediction": "DESTROYED",
        "damage_prediction": "DESTROYED",
        "confidence": 1.0,
        "prediction_margin": 0.35,
        "entropy": 0.45,
        "domain_shift_score": 0.1,
        "prob_intact": 0.1,
        "prob_damaged": 0.1,
        "prob_destroyed": 0.85,
        "coverage_ratio": 1.2,
        "pre_product_id": "SENTINEL2_PRE_20201115",
        "post_product_id": "SENTINEL2_POST_20201127",
        "pre_date": "2020-11-15T00:24:12Z",
        "post_date": "2020-11-27T00:24:13Z",
        "temporal_delta_days": 12,
        "review_status": "AUTOMATIC_CANDIDATE",
        "model_version": "Phase 8.4 Champion",
        "checkpoint_sha256": "f5761006f3526f8ff9aa3a1d6487b7842c964fad99938cddf747cd1a1cba85db"
      }
    },
    {
      "type": "Feature",
      "id": "VERIFIED_TN_CHENNAI_FLOOD_2021_00137",
      "geometry": {
        "type": "Polygon",
        "coordinates": [
          [
            [
              80.16217840212404,
              13.01636622370704
            ],
            [
              80.16255045146842,
              13.01636622370704
            ],
            [
              80.16255045146842,
              13.016581336583966
            ],
            [
              80.16217840212404,
              13.016581336583966
            ],
            [
              80.16217840212404,
              13.01636622370704
            ]
          ]
        ]
      },
      "properties": {
        "building_id": "VERIFIED_TN_CHENNAI_FLOOD_2021_00137",
        "osm_id": "900012007",
        "event_id": "TN_THOOTHUKUDI_FLOOD_2023",
        "prediction": "DESTROYED",
        "damage_prediction": "DESTROYED",
        "confidence": 1.0,
        "prediction_margin": 0.35,
        "entropy": 0.45,
        "domain_shift_score": 0.1,
        "prob_intact": 0.1,
        "prob_damaged": 0.1,
        "prob_destroyed": 0.85,
        "coverage_ratio": 1.2,
        "pre_product_id": "SENTINEL2_PRE_20201115",
        "post_product_id": "SENTINEL2_POST_20201127",
        "pre_date": "2020-11-15T00:24:12Z",
        "post_date": "2020-11-27T00:24:13Z",
        "temporal_delta_days": 12,
        "review_status": "AUTOMATIC_CANDIDATE",
        "model_version": "Phase 8.4 Champion",
        "checkpoint_sha256": "f5761006f3526f8ff9aa3a1d6487b7842c964fad99938cddf747cd1a1cba85db"
      }
    },
    {
      "type": "Feature",
      "id": "VERIFIED_TN_CHENNAI_FLOOD_2021_00138",
      "geometry": {
        "type": "Polygon",
        "coordinates": [
          [
            [
              80.20168428052979,
              13.017726781327815
            ],
            [
              80.2020233917416,
              13.017726781327815
            ],
            [
              80.2020233917416,
              13.018023150404895
            ],
            [
              80.20168428052979,
              13.018023150404895
            ],
            [
              80.20168428052979,
              13.017726781327815
            ]
          ]
        ]
      },
      "properties": {
        "building_id": "VERIFIED_TN_CHENNAI_FLOOD_2021_00138",
        "osm_id": "900012018",
        "event_id": "TN_THOOTHUKUDI_FLOOD_2023",
        "prediction": "DAMAGED",
        "damage_prediction": "DAMAGED",
        "confidence": 1.0,
        "prediction_margin": 0.35,
        "entropy": 0.45,
        "domain_shift_score": 0.1,
        "prob_intact": 0.1,
        "prob_damaged": 0.85,
        "prob_destroyed": 0.05,
        "coverage_ratio": 1.2,
        "pre_product_id": "SENTINEL2_PRE_20201115",
        "post_product_id": "SENTINEL2_POST_20201127",
        "pre_date": "2020-11-15T00:24:12Z",
        "post_date": "2020-11-27T00:24:13Z",
        "temporal_delta_days": 12,
        "review_status": "AUTOMATIC_CANDIDATE",
        "model_version": "Phase 8.4 Champion",
        "checkpoint_sha256": "f5761006f3526f8ff9aa3a1d6487b7842c964fad99938cddf747cd1a1cba85db"
      }
    },
    {
      "type": "Feature",
      "id": "VERIFIED_TN_CHENNAI_FLOOD_2021_00139",
      "geometry": {
        "type": "Polygon",
        "coordinates": [
          [
            [
              80.19698959928661,
              13.017619651867593
            ],
            [
              80.19730741882273,
              13.017619651867593
            ],
            [
              80.19730741882273,
              13.017875166180223
            ],
            [
              80.19698959928661,
              13.017875166180223
            ],
            [
              80.19698959928661,
              13.017619651867593
            ]
          ]
        ]
      },
      "properties": {
        "building_id": "VERIFIED_TN_CHENNAI_FLOOD_2021_00139",
        "osm_id": "900012029",
        "event_id": "TN_THOOTHUKUDI_FLOOD_2023",
        "prediction": "DAMAGED",
        "damage_prediction": "DAMAGED",
        "confidence": 1.0,
        "prediction_margin": 0.35,
        "entropy": 0.45,
        "domain_shift_score": 0.1,
        "prob_intact": 0.1,
        "prob_damaged": 0.85,
        "prob_destroyed": 0.05,
        "coverage_ratio": 1.2,
        "pre_product_id": "SENTINEL2_PRE_20201115",
        "post_product_id": "SENTINEL2_POST_20201127",
        "pre_date": "2020-11-15T00:24:12Z",
        "post_date": "2020-11-27T00:24:13Z",
        "temporal_delta_days": 12,
        "review_status": "AUTOMATIC_CANDIDATE",
        "model_version": "Phase 8.4 Champion",
        "checkpoint_sha256": "f5761006f3526f8ff9aa3a1d6487b7842c964fad99938cddf747cd1a1cba85db"
      }
    },
    {
      "type": "Feature",
      "id": "VERIFIED_TN_CHENNAI_FLOOD_2021_00140",
      "geometry": {
        "type": "Polygon",
        "coordinates": [
          [
            [
              80.19913724084718,
              13.023111262509095
            ],
            [
              80.19945208216414,
              13.023111262509095
            ],
            [
              80.19945208216414,
              13.023427431209443
            ],
            [
              80.19913724084718,
              13.023427431209443
            ],
            [
              80.19913724084718,
              13.023111262509095
            ]
          ]
        ]
      },
      "properties": {
        "building_id": "VERIFIED_TN_CHENNAI_FLOOD_2021_00140",
        "osm_id": "900012040",
        "event_id": "TN_THOOTHUKUDI_FLOOD_2023",
        "prediction": "INTACT",
        "damage_prediction": "INTACT",
        "confidence": 0.6208,
        "prediction_margin": 0.35,
        "entropy": 0.45,
        "domain_shift_score": 0.1,
        "prob_intact": 0.85,
        "prob_damaged": 0.1,
        "prob_destroyed": 0.05,
        "coverage_ratio": 1.2,
        "pre_product_id": "SENTINEL2_PRE_20201115",
        "post_product_id": "SENTINEL2_POST_20201127",
        "pre_date": "2020-11-15T00:24:12Z",
        "post_date": "2020-11-27T00:24:13Z",
        "temporal_delta_days": 12,
        "review_status": "AUTOMATIC_CANDIDATE",
        "model_version": "Phase 8.4 Champion",
        "checkpoint_sha256": "f5761006f3526f8ff9aa3a1d6487b7842c964fad99938cddf747cd1a1cba85db"
      }
    },
    {
      "type": "Feature",
      "id": "VERIFIED_TN_CHENNAI_FLOOD_2021_00141",
      "geometry": {
        "type": "Polygon",
        "coordinates": [
          [
            [
              80.19849802654207,
              12.991819727968137
            ],
            [
              80.19884148592345,
              12.991819727968137
            ],
            [
              80.19884148592345,
              12.992119331890171
            ],
            [
              80.19849802654207,
              12.992119331890171
            ],
            [
              80.19849802654207,
              12.991819727968137
            ]
          ]
        ]
      },
      "properties": {
        "building_id": "VERIFIED_TN_CHENNAI_FLOOD_2021_00141",
        "osm_id": "900012051",
        "event_id": "TN_THOOTHUKUDI_FLOOD_2023",
        "prediction": "INTACT",
        "damage_prediction": "INTACT",
        "confidence": 0.6022,
        "prediction_margin": 0.35,
        "entropy": 0.45,
        "domain_shift_score": 0.1,
        "prob_intact": 0.85,
        "prob_damaged": 0.1,
        "prob_destroyed": 0.05,
        "coverage_ratio": 1.2,
        "pre_product_id": "SENTINEL2_PRE_20201115",
        "post_product_id": "SENTINEL2_POST_20201127",
        "pre_date": "2020-11-15T00:24:12Z",
        "post_date": "2020-11-27T00:24:13Z",
        "temporal_delta_days": 12,
        "review_status": "AUTOMATIC_CANDIDATE",
        "model_version": "Phase 8.4 Champion",
        "checkpoint_sha256": "f5761006f3526f8ff9aa3a1d6487b7842c964fad99938cddf747cd1a1cba85db"
      }
    },
    {
      "type": "Feature",
      "id": "VERIFIED_TN_CHENNAI_FLOOD_2021_00142",
      "geometry": {
        "type": "Polygon",
        "coordinates": [
          [
            [
              80.2010009527212,
              13.022787140431408
            ],
            [
              80.20129171355585,
              13.022787140431408
            ],
            [
              80.20129171355585,
              13.023020971977619
            ],
            [
              80.2010009527212,
              13.023020971977619
            ],
            [
              80.2010009527212,
              13.022787140431408
            ]
          ]
        ]
      },
      "properties": {
        "building_id": "VERIFIED_TN_CHENNAI_FLOOD_2021_00142",
        "osm_id": "900012062",
        "event_id": "TN_THOOTHUKUDI_FLOOD_2023",
        "prediction": "INTACT",
        "damage_prediction": "INTACT",
        "confidence": 0.4823,
        "prediction_margin": 0.35,
        "entropy": 0.45,
        "domain_shift_score": 0.1,
        "prob_intact": 0.85,
        "prob_damaged": 0.1,
        "prob_destroyed": 0.05,
        "coverage_ratio": 1.2,
        "pre_product_id": "SENTINEL2_PRE_20201115",
        "post_product_id": "SENTINEL2_POST_20201127",
        "pre_date": "2020-11-15T00:24:12Z",
        "post_date": "2020-11-27T00:24:13Z",
        "temporal_delta_days": 12,
        "review_status": "AUTOMATIC_CANDIDATE",
        "model_version": "Phase 8.4 Champion",
        "checkpoint_sha256": "f5761006f3526f8ff9aa3a1d6487b7842c964fad99938cddf747cd1a1cba85db"
      }
    },
    {
      "type": "Feature",
      "id": "VERIFIED_TN_CHENNAI_FLOOD_2021_00143",
      "geometry": {
        "type": "Polygon",
        "coordinates": [
          [
            [
              80.15297053247542,
              12.999398165733828
            ],
            [
              80.15323174911393,
              12.999398165733828
            ],
            [
              80.15323174911393,
              12.999626173286162
            ],
            [
              80.15297053247542,
              12.999626173286162
            ],
            [
              80.15297053247542,
              12.999398165733828
            ]
          ]
        ]
      },
      "properties": {
        "building_id": "VERIFIED_TN_CHENNAI_FLOOD_2021_00143",
        "osm_id": "900012073",
        "event_id": "TN_THOOTHUKUDI_FLOOD_2023",
        "prediction": "DAMAGED",
        "damage_prediction": "DAMAGED",
        "confidence": 1.0,
        "prediction_margin": 0.35,
        "entropy": 0.45,
        "domain_shift_score": 0.1,
        "prob_intact": 0.1,
        "prob_damaged": 0.85,
        "prob_destroyed": 0.05,
        "coverage_ratio": 1.2,
        "pre_product_id": "SENTINEL2_PRE_20201115",
        "post_product_id": "SENTINEL2_POST_20201127",
        "pre_date": "2020-11-15T00:24:12Z",
        "post_date": "2020-11-27T00:24:13Z",
        "temporal_delta_days": 12,
        "review_status": "AUTOMATIC_CANDIDATE",
        "model_version": "Phase 8.4 Champion",
        "checkpoint_sha256": "f5761006f3526f8ff9aa3a1d6487b7842c964fad99938cddf747cd1a1cba85db"
      }
    },
    {
      "type": "Feature",
      "id": "VERIFIED_TN_CHENNAI_FLOOD_2021_00144",
      "geometry": {
        "type": "Polygon",
        "coordinates": [
          [
            [
              80.18084406411711,
              13.035679527998427
            ],
            [
              80.18121044245649,
              13.035679527998427
            ],
            [
              80.18121044245649,
              13.035953729555272
            ],
            [
              80.18084406411711,
              13.035953729555272
            ],
            [
              80.18084406411711,
              13.035679527998427
            ]
          ]
        ]
      },
      "properties": {
        "building_id": "VERIFIED_TN_CHENNAI_FLOOD_2021_00144",
        "osm_id": "900012084",
        "event_id": "TN_THOOTHUKUDI_FLOOD_2023",
        "prediction": "DESTROYED",
        "damage_prediction": "DESTROYED",
        "confidence": 1.0,
        "prediction_margin": 0.35,
        "entropy": 0.45,
        "domain_shift_score": 0.1,
        "prob_intact": 0.1,
        "prob_damaged": 0.1,
        "prob_destroyed": 0.85,
        "coverage_ratio": 1.2,
        "pre_product_id": "SENTINEL2_PRE_20201115",
        "post_product_id": "SENTINEL2_POST_20201127",
        "pre_date": "2020-11-15T00:24:12Z",
        "post_date": "2020-11-27T00:24:13Z",
        "temporal_delta_days": 12,
        "review_status": "AUTOMATIC_CANDIDATE",
        "model_version": "Phase 8.4 Champion",
        "checkpoint_sha256": "f5761006f3526f8ff9aa3a1d6487b7842c964fad99938cddf747cd1a1cba85db"
      }
    },
    {
      "type": "Feature",
      "id": "VERIFIED_TN_CHENNAI_FLOOD_2021_00145",
      "geometry": {
        "type": "Polygon",
        "coordinates": [
          [
            [
              80.15920040276201,
              13.016087179298598
            ],
            [
              80.15955936984516,
              13.016087179298598
            ],
            [
              80.15955936984516,
              13.016356867755373
            ],
            [
              80.15920040276201,
              13.016356867755373
            ],
            [
              80.15920040276201,
              13.016087179298598
            ]
          ]
        ]
      },
      "properties": {
        "building_id": "VERIFIED_TN_CHENNAI_FLOOD_2021_00145",
        "osm_id": "900012095",
        "event_id": "TN_THOOTHUKUDI_FLOOD_2023",
        "prediction": "INTACT",
        "damage_prediction": "INTACT",
        "confidence": 0.4967,
        "prediction_margin": 0.35,
        "entropy": 0.45,
        "domain_shift_score": 0.1,
        "prob_intact": 0.85,
        "prob_damaged": 0.1,
        "prob_destroyed": 0.05,
        "coverage_ratio": 1.2,
        "pre_product_id": "SENTINEL2_PRE_20201115",
        "post_product_id": "SENTINEL2_POST_20201127",
        "pre_date": "2020-11-15T00:24:12Z",
        "post_date": "2020-11-27T00:24:13Z",
        "temporal_delta_days": 12,
        "review_status": "AUTOMATIC_CANDIDATE",
        "model_version": "Phase 8.4 Champion",
        "checkpoint_sha256": "f5761006f3526f8ff9aa3a1d6487b7842c964fad99938cddf747cd1a1cba85db"
      }
    },
    {
      "type": "Feature",
      "id": "VERIFIED_TN_CHENNAI_FLOOD_2021_00146",
      "geometry": {
        "type": "Polygon",
        "coordinates": [
          [
            [
              80.16009174190265,
              13.003479330488997
            ],
            [
              80.16039949211142,
              13.003479330488997
            ],
            [
              80.16039949211142,
              13.00374112179006
            ],
            [
              80.16009174190265,
              13.00374112179006
            ],
            [
              80.16009174190265,
              13.003479330488997
            ]
          ]
        ]
      },
      "properties": {
        "building_id": "VERIFIED_TN_CHENNAI_FLOOD_2021_00146",
        "osm_id": "900012106",
        "event_id": "TN_THOOTHUKUDI_FLOOD_2023",
        "prediction": "DESTROYED",
        "damage_prediction": "DESTROYED",
        "confidence": 1.0,
        "prediction_margin": 0.35,
        "entropy": 0.45,
        "domain_shift_score": 0.1,
        "prob_intact": 0.1,
        "prob_damaged": 0.1,
        "prob_destroyed": 0.85,
        "coverage_ratio": 1.2,
        "pre_product_id": "SENTINEL2_PRE_20201115",
        "post_product_id": "SENTINEL2_POST_20201127",
        "pre_date": "2020-11-15T00:24:12Z",
        "post_date": "2020-11-27T00:24:13Z",
        "temporal_delta_days": 12,
        "review_status": "AUTOMATIC_CANDIDATE",
        "model_version": "Phase 8.4 Champion",
        "checkpoint_sha256": "f5761006f3526f8ff9aa3a1d6487b7842c964fad99938cddf747cd1a1cba85db"
      }
    },
    {
      "type": "Feature",
      "id": "VERIFIED_TN_CHENNAI_FLOOD_2021_00147",
      "geometry": {
        "type": "Polygon",
        "coordinates": [
          [
            [
              80.18961505400262,
              13.040993792811616
            ],
            [
              80.18993369627876,
              13.040993792811616
            ],
            [
              80.18993369627876,
              13.041310856091098
            ],
            [
              80.18961505400262,
              13.041310856091098
            ],
            [
              80.18961505400262,
              13.040993792811616
            ]
          ]
        ]
      },
      "properties": {
        "building_id": "VERIFIED_TN_CHENNAI_FLOOD_2021_00147",
        "osm_id": "900012117",
        "event_id": "TN_THOOTHUKUDI_FLOOD_2023",
        "prediction": "DESTROYED",
        "damage_prediction": "DESTROYED",
        "confidence": 1.0,
        "prediction_margin": 0.35,
        "entropy": 0.45,
        "domain_shift_score": 0.1,
        "prob_intact": 0.1,
        "prob_damaged": 0.1,
        "prob_destroyed": 0.85,
        "coverage_ratio": 1.2,
        "pre_product_id": "SENTINEL2_PRE_20201115",
        "post_product_id": "SENTINEL2_POST_20201127",
        "pre_date": "2020-11-15T00:24:12Z",
        "post_date": "2020-11-27T00:24:13Z",
        "temporal_delta_days": 12,
        "review_status": "AUTOMATIC_CANDIDATE",
        "model_version": "Phase 8.4 Champion",
        "checkpoint_sha256": "f5761006f3526f8ff9aa3a1d6487b7842c964fad99938cddf747cd1a1cba85db"
      }
    },
    {
      "type": "Feature",
      "id": "VERIFIED_TN_CHENNAI_FLOOD_2021_00148",
      "geometry": {
        "type": "Polygon",
        "coordinates": [
          [
            [
              80.18557561015358,
              12.995254187885894
            ],
            [
              80.1858299512373,
              12.995254187885894
            ],
            [
              80.1858299512373,
              12.995569296138132
            ],
            [
              80.18557561015358,
              12.995569296138132
            ],
            [
              80.18557561015358,
              12.995254187885894
            ]
          ]
        ]
      },
      "properties": {
        "building_id": "VERIFIED_TN_CHENNAI_FLOOD_2021_00148",
        "osm_id": "900012128",
        "event_id": "TN_THOOTHUKUDI_FLOOD_2023",
        "prediction": "INTACT",
        "damage_prediction": "INTACT",
        "confidence": 0.9425,
        "prediction_margin": 0.35,
        "entropy": 0.45,
        "domain_shift_score": 0.1,
        "prob_intact": 0.85,
        "prob_damaged": 0.1,
        "prob_destroyed": 0.05,
        "coverage_ratio": 1.2,
        "pre_product_id": "SENTINEL2_PRE_20201115",
        "post_product_id": "SENTINEL2_POST_20201127",
        "pre_date": "2020-11-15T00:24:12Z",
        "post_date": "2020-11-27T00:24:13Z",
        "temporal_delta_days": 12,
        "review_status": "AUTOMATIC_CANDIDATE",
        "model_version": "Phase 8.4 Champion",
        "checkpoint_sha256": "f5761006f3526f8ff9aa3a1d6487b7842c964fad99938cddf747cd1a1cba85db"
      }
    },
    {
      "type": "Feature",
      "id": "VERIFIED_TN_CHENNAI_FLOOD_2021_00149",
      "geometry": {
        "type": "Polygon",
        "coordinates": [
          [
            [
              80.19713359426567,
              13.032094759243513
            ],
            [
              80.19744558031064,
              13.032094759243513
            ],
            [
              80.19744558031064,
              13.032397764049083
            ],
            [
              80.19713359426567,
              13.032397764049083
            ],
            [
              80.19713359426567,
              13.032094759243513
            ]
          ]
        ]
      },
      "properties": {
        "building_id": "VERIFIED_TN_CHENNAI_FLOOD_2021_00149",
        "osm_id": "900012139",
        "event_id": "TN_THOOTHUKUDI_FLOOD_2023",
        "prediction": "DAMAGED",
        "damage_prediction": "DAMAGED",
        "confidence": 1.0,
        "prediction_margin": 0.35,
        "entropy": 0.45,
        "domain_shift_score": 0.1,
        "prob_intact": 0.1,
        "prob_damaged": 0.85,
        "prob_destroyed": 0.05,
        "coverage_ratio": 1.2,
        "pre_product_id": "SENTINEL2_PRE_20201115",
        "post_product_id": "SENTINEL2_POST_20201127",
        "pre_date": "2020-11-15T00:24:12Z",
        "post_date": "2020-11-27T00:24:13Z",
        "temporal_delta_days": 12,
        "review_status": "AUTOMATIC_CANDIDATE",
        "model_version": "Phase 8.4 Champion",
        "checkpoint_sha256": "f5761006f3526f8ff9aa3a1d6487b7842c964fad99938cddf747cd1a1cba85db"
      }
    },
    {
      "type": "Feature",
      "id": "473808828",
      "geometry": {
        "type": "Polygon",
        "coordinates": [
          [
            [
              79.7656082,
              11.7513339
            ],
            [
              79.7659172,
              11.7511468
            ],
            [
              79.7660412,
              11.751105
            ],
            [
              79.7664314,
              11.7510294
            ],
            [
              79.7664497,
              11.7510811
            ],
            [
              79.7664436,
              11.7511189
            ],
            [
              79.7663786,
              11.7511408
            ],
            [
              79.7660838,
              11.7511965
            ],
            [
              79.7659433,
              11.7512536
            ],
            [
              79.7656535,
              11.7514222
            ],
            [
              79.7656082,
              11.7513339
            ]
          ]
        ]
      },
      "properties": {
        "building_id": "473808828",
        "osm_id": "473808828",
        "event_id": "TN_THOOTHUKUDI_FLOOD_2023",
        "prediction": "DESTROYED",
        "damage_prediction": "DESTROYED",
        "confidence": 1.0,
        "prediction_margin": 0.35,
        "entropy": 0.45,
        "domain_shift_score": 0.1,
        "prob_intact": 0.1,
        "prob_damaged": 0.1,
        "prob_destroyed": 0.85,
        "coverage_ratio": 1.2,
        "pre_product_id": "SENTINEL2_PRE_20201115",
        "post_product_id": "SENTINEL2_POST_20201127",
        "pre_date": "2020-11-15T00:24:12Z",
        "post_date": "2020-11-27T00:24:13Z",
        "temporal_delta_days": 12,
        "review_status": "AUTOMATIC_CANDIDATE",
        "model_version": "Phase 8.4 Champion",
        "checkpoint_sha256": "f5761006f3526f8ff9aa3a1d6487b7842c964fad99938cddf747cd1a1cba85db"
      }
    },
    {
      "type": "Feature",
      "id": "474802325",
      "geometry": {
        "type": "Polygon",
        "coordinates": [
          [
            [
              79.7655893,
              11.7512366
            ],
            [
              79.7656529,
              11.7512033
            ],
            [
              79.7653686,
              11.7506833
            ],
            [
              79.7653049,
              11.7507167
            ],
            [
              79.7655893,
              11.7512366
            ]
          ]
        ]
      },
      "properties": {
        "building_id": "474802325",
        "osm_id": "474802325",
        "event_id": "TN_THOOTHUKUDI_FLOOD_2023",
        "prediction": "INTACT",
        "damage_prediction": "INTACT",
        "confidence": 0.9515,
        "prediction_margin": 0.35,
        "entropy": 0.45,
        "domain_shift_score": 0.1,
        "prob_intact": 0.85,
        "prob_damaged": 0.1,
        "prob_destroyed": 0.05,
        "coverage_ratio": 1.2,
        "pre_product_id": "SENTINEL2_PRE_20201115",
        "post_product_id": "SENTINEL2_POST_20201127",
        "pre_date": "2020-11-15T00:24:12Z",
        "post_date": "2020-11-27T00:24:13Z",
        "temporal_delta_days": 12,
        "review_status": "AUTOMATIC_CANDIDATE",
        "model_version": "Phase 8.4 Champion",
        "checkpoint_sha256": "f5761006f3526f8ff9aa3a1d6487b7842c964fad99938cddf747cd1a1cba85db"
      }
    },
    {
      "type": "Feature",
      "id": "838475000",
      "geometry": {
        "type": "Polygon",
        "coordinates": [
          [
            [
              79.7656587,
              11.7481633
            ],
            [
              79.7657503,
              11.7481608
            ],
            [
              79.765741,
              11.7478195
            ],
            [
              79.7656493,
              11.7478219
            ],
            [
              79.7656587,
              11.7481633
            ]
          ]
        ]
      },
      "properties": {
        "building_id": "838475000",
        "osm_id": "838475000",
        "event_id": "TN_THOOTHUKUDI_FLOOD_2023",
        "prediction": "INTACT",
        "damage_prediction": "INTACT",
        "confidence": 0.969,
        "prediction_margin": 0.35,
        "entropy": 0.45,
        "domain_shift_score": 0.1,
        "prob_intact": 0.85,
        "prob_damaged": 0.1,
        "prob_destroyed": 0.05,
        "coverage_ratio": 1.2,
        "pre_product_id": "SENTINEL2_PRE_20201115",
        "post_product_id": "SENTINEL2_POST_20201127",
        "pre_date": "2020-11-15T00:24:12Z",
        "post_date": "2020-11-27T00:24:13Z",
        "temporal_delta_days": 12,
        "review_status": "AUTOMATIC_CANDIDATE",
        "model_version": "Phase 8.4 Champion",
        "checkpoint_sha256": "f5761006f3526f8ff9aa3a1d6487b7842c964fad99938cddf747cd1a1cba85db"
      }
    },
    {
      "type": "Feature",
      "id": "838475006",
      "geometry": {
        "type": "Polygon",
        "coordinates": [
          [
            [
              79.7661495,
              11.7482171
            ],
            [
              79.7662309,
              11.7482145
            ],
            [
              79.7662242,
              11.7480149
            ],
            [
              79.7661428,
              11.7480175
            ],
            [
              79.7661495,
              11.7482171
            ]
          ]
        ]
      },
      "properties": {
        "building_id": "838475006",
        "osm_id": "838475006",
        "event_id": "TN_THOOTHUKUDI_FLOOD_2023",
        "prediction": "INTACT",
        "damage_prediction": "INTACT",
        "confidence": 0.8469,
        "prediction_margin": 0.35,
        "entropy": 0.45,
        "domain_shift_score": 0.1,
        "prob_intact": 0.85,
        "prob_damaged": 0.1,
        "prob_destroyed": 0.05,
        "coverage_ratio": 1.2,
        "pre_product_id": "SENTINEL2_PRE_20201115",
        "post_product_id": "SENTINEL2_POST_20201127",
        "pre_date": "2020-11-15T00:24:12Z",
        "post_date": "2020-11-27T00:24:13Z",
        "temporal_delta_days": 12,
        "review_status": "AUTOMATIC_CANDIDATE",
        "model_version": "Phase 8.4 Champion",
        "checkpoint_sha256": "f5761006f3526f8ff9aa3a1d6487b7842c964fad99938cddf747cd1a1cba85db"
      }
    },
    {
      "type": "Feature",
      "id": "838475013",
      "geometry": {
        "type": "Polygon",
        "coordinates": [
          [
            [
              79.7678058,
              11.7485769
            ],
            [
              79.7679245,
              11.7485725
            ],
            [
              79.7679138,
              11.7482954
            ],
            [
              79.7677951,
              11.7482998
            ],
            [
              79.7678058,
              11.7485769
            ]
          ]
        ]
      },
      "properties": {
        "building_id": "838475013",
        "osm_id": "838475013",
        "event_id": "TN_THOOTHUKUDI_FLOOD_2023",
        "prediction": "INTACT",
        "damage_prediction": "INTACT",
        "confidence": 0.4622,
        "prediction_margin": 0.35,
        "entropy": 0.45,
        "domain_shift_score": 0.1,
        "prob_intact": 0.85,
        "prob_damaged": 0.1,
        "prob_destroyed": 0.05,
        "coverage_ratio": 1.2,
        "pre_product_id": "SENTINEL2_PRE_20201115",
        "post_product_id": "SENTINEL2_POST_20201127",
        "pre_date": "2020-11-15T00:24:12Z",
        "post_date": "2020-11-27T00:24:13Z",
        "temporal_delta_days": 12,
        "review_status": "AUTOMATIC_CANDIDATE",
        "model_version": "Phase 8.4 Champion",
        "checkpoint_sha256": "f5761006f3526f8ff9aa3a1d6487b7842c964fad99938cddf747cd1a1cba85db"
      }
    },
    {
      "type": "Feature",
      "id": "838475028",
      "geometry": {
        "type": "Polygon",
        "coordinates": [
          [
            [
              79.7649895,
              11.7486399
            ],
            [
              79.7651102,
              11.748638
            ],
            [
              79.7651062,
              11.7483925
            ],
            [
              79.7649854,
              11.7483944
            ],
            [
              79.7649895,
              11.7486399
            ]
          ]
        ]
      },
      "properties": {
        "building_id": "838475028",
        "osm_id": "838475028",
        "event_id": "TN_THOOTHUKUDI_FLOOD_2023",
        "prediction": "INTACT",
        "damage_prediction": "INTACT",
        "confidence": 0.5157,
        "prediction_margin": 0.35,
        "entropy": 0.45,
        "domain_shift_score": 0.1,
        "prob_intact": 0.85,
        "prob_damaged": 0.1,
        "prob_destroyed": 0.05,
        "coverage_ratio": 1.2,
        "pre_product_id": "SENTINEL2_PRE_20201115",
        "post_product_id": "SENTINEL2_POST_20201127",
        "pre_date": "2020-11-15T00:24:12Z",
        "post_date": "2020-11-27T00:24:13Z",
        "temporal_delta_days": 12,
        "review_status": "AUTOMATIC_CANDIDATE",
        "model_version": "Phase 8.4 Champion",
        "checkpoint_sha256": "f5761006f3526f8ff9aa3a1d6487b7842c964fad99938cddf747cd1a1cba85db"
      }
    },
    {
      "type": "Feature",
      "id": "838475067",
      "geometry": {
        "type": "Polygon",
        "coordinates": [
          [
            [
              79.7661871,
              11.7476617
            ],
            [
              79.7662647,
              11.7476586
            ],
            [
              79.766258,
              11.7474984
            ],
            [
              79.7661804,
              11.7475015
            ],
            [
              79.7661871,
              11.7476617
            ]
          ]
        ]
      },
      "properties": {
        "building_id": "838475067",
        "osm_id": "838475067",
        "event_id": "TN_THOOTHUKUDI_FLOOD_2023",
        "prediction": "DAMAGED",
        "damage_prediction": "DAMAGED",
        "confidence": 1.0,
        "prediction_margin": 0.35,
        "entropy": 0.45,
        "domain_shift_score": 0.1,
        "prob_intact": 0.1,
        "prob_damaged": 0.85,
        "prob_destroyed": 0.05,
        "coverage_ratio": 1.2,
        "pre_product_id": "SENTINEL2_PRE_20201115",
        "post_product_id": "SENTINEL2_POST_20201127",
        "pre_date": "2020-11-15T00:24:12Z",
        "post_date": "2020-11-27T00:24:13Z",
        "temporal_delta_days": 12,
        "review_status": "AUTOMATIC_CANDIDATE",
        "model_version": "Phase 8.4 Champion",
        "checkpoint_sha256": "f5761006f3526f8ff9aa3a1d6487b7842c964fad99938cddf747cd1a1cba85db"
      }
    },
    {
      "type": "Feature",
      "id": "1067561608",
      "geometry": {
        "type": "Polygon",
        "coordinates": [
          [
            [
              79.7685159,
              11.7528494
            ],
            [
              79.768784,
              11.7530872
            ],
            [
              79.768686,
              11.7531931
            ],
            [
              79.7684179,
              11.7529553
            ],
            [
              79.7685159,
              11.7528494
            ]
          ]
        ]
      },
      "properties": {
        "building_id": "1067561608",
        "osm_id": "1067561608",
        "event_id": "TN_THOOTHUKUDI_FLOOD_2023",
        "prediction": "INTACT",
        "damage_prediction": "INTACT",
        "confidence": 0.9727,
        "prediction_margin": 0.35,
        "entropy": 0.45,
        "domain_shift_score": 0.1,
        "prob_intact": 0.85,
        "prob_damaged": 0.1,
        "prob_destroyed": 0.05,
        "coverage_ratio": 1.2,
        "pre_product_id": "SENTINEL2_PRE_20201115",
        "post_product_id": "SENTINEL2_POST_20201127",
        "pre_date": "2020-11-15T00:24:12Z",
        "post_date": "2020-11-27T00:24:13Z",
        "temporal_delta_days": 12,
        "review_status": "AUTOMATIC_CANDIDATE",
        "model_version": "Phase 8.4 Champion",
        "checkpoint_sha256": "f5761006f3526f8ff9aa3a1d6487b7842c964fad99938cddf747cd1a1cba85db"
      }
    },
    {
      "type": "Feature",
      "id": "1067561609",
      "geometry": {
        "type": "Polygon",
        "coordinates": [
          [
            [
              79.7670476,
              11.7520365
            ],
            [
              79.7668196,
              11.7520376
            ],
            [
              79.7668198,
              11.7520796
            ],
            [
              79.7667799,
              11.7520798
            ],
            [
              79.7667646,
              11.7520353
            ],
            [
              79.7667954,
              11.7520252
            ],
            [
              79.766795,
              11.7519458
            ],
            [
              79.7667601,
              11.751946
            ],
            [
              79.7667599,
              11.7519014
            ],
            [
              79.7668551,
              11.7519009
            ],
            [
              79.766866,
              11.7519324
            ],
            [
              79.7669184,
              11.7519321
            ],
            [
              79.7670073,
              11.7519028
            ],
            [
              79.7670335,
              11.7519026
            ],
            [
              79.7670331,
              11.7518186
            ],
            [
              79.7671232,
              11.7518182
            ],
            [
              79.7671379,
              11.7518608
            ],
            [
              79.7671381,
              11.7518995
            ],
            [
              79.7671913,
              11.7518992
            ],
            [
              79.7671997,
              11.7519234
            ],
            [
              79.7672406,
              11.7519098
            ],
            [
              79.7672509,
              11.7519399
            ],
            [
              79.7672513,
              11.7520118
            ],
            [
              79.7672498,
              11.7520118
            ],
            [
              79.7671549,
              11.7520431
            ],
            [
              79.7671554,
              11.7521305
            ],
            [
              79.7670481,
              11.752131
            ],
            [
              79.7670476,
              11.7520365
            ]
          ]
        ]
      },
      "properties": {
        "building_id": "1067561609",
        "osm_id": "1067561609",
        "event_id": "TN_THOOTHUKUDI_FLOOD_2023",
        "prediction": "INTACT",
        "damage_prediction": "INTACT",
        "confidence": 0.9696,
        "prediction_margin": 0.35,
        "entropy": 0.45,
        "domain_shift_score": 0.1,
        "prob_intact": 0.85,
        "prob_damaged": 0.1,
        "prob_destroyed": 0.05,
        "coverage_ratio": 1.2,
        "pre_product_id": "SENTINEL2_PRE_20201115",
        "post_product_id": "SENTINEL2_POST_20201127",
        "pre_date": "2020-11-15T00:24:12Z",
        "post_date": "2020-11-27T00:24:13Z",
        "temporal_delta_days": 12,
        "review_status": "AUTOMATIC_CANDIDATE",
        "model_version": "Phase 8.4 Champion",
        "checkpoint_sha256": "f5761006f3526f8ff9aa3a1d6487b7842c964fad99938cddf747cd1a1cba85db"
      }
    }
  ]
}