{
  "type": "FeatureCollection",
  "metadata": {
    "event_id": "TN_MANDOUS_2022",
    "event_title": "Cyclone Mandous 2022",
    "building_count": 75,
    "created_at": "2026-09-01T13:40:51.148933+00:00"
  },
  "features": [
    {
      "type": "Feature",
      "id": "VERIFIED_TN_NIVAR_2020_00075",
      "geometry": {
        "type": "Polygon",
        "coordinates": [
          [
            [
              79.77679318410293,
              11.746436349095761
            ],
            [
              79.777157649608,
              11.746436349095761
            ],
            [
              79.777157649608,
              11.74668223269549
            ],
            [
              79.77679318410293,
              11.74668223269549
            ],
            [
              79.77679318410293,
              11.746436349095761
            ]
          ]
        ]
      },
      "properties": {
        "building_id": "VERIFIED_TN_NIVAR_2020_00075",
        "osm_id": "900008825",
        "event_id": "TN_MANDOUS_2022",
        "prediction": "INTACT",
        "damage_prediction": "INTACT",
        "confidence": 0.8321,
        "prediction_margin": 0.35,
        "entropy": 0.5685,
        "domain_shift_score": 0.1,
        "prob_intact": 0.85,
        "prob_damaged": 0.1,
        "prob_destroyed": 0.05,
        "coverage_ratio": 1.2,
        "pre_product_id": "S2A_MSIL2A_20201114_TCI",
        "post_product_id": "S2B_MSIL2A_20201129_TCI",
        "s1_pre_id": "S1A_IW_GRDH_1SDV_20201115_PRE",
        "s1_post_id": "S1A_IW_GRDH_1SDV_20201127_POST",
        "s2_pre_id": "S2A_MSIL2A_20201114_TCI",
        "s2_post_id": "S2B_MSIL2A_20201129_TCI",
        "pre_date": "2020-11-15T00:24:12Z",
        "post_date": "2020-11-27T00:24:13Z",
        "temporal_delta_days": 12,
        "review_status": "AUTOMATIC_CANDIDATE",
        "model_version": "Phase 8.4 Champion",
        "checkpoint_sha256": "f5761006f3526f8ff9aa3a1d6487b7842c964fad99938cddf747cd1a1cba85db"
      }
    },
    {
      "type": "Feature",
      "id": "VERIFIED_TN_NIVAR_2020_00076",
      "geometry": {
        "type": "Polygon",
        "coordinates": [
          [
            [
              79.75238672417063,
              11.741918724817921
            ],
            [
              79.75275613208174,
              11.741918724817921
            ],
            [
              79.75275613208174,
              11.742162137015352
            ],
            [
              79.75238672417063,
              11.742162137015352
            ],
            [
              79.75238672417063,
              11.741918724817921
            ]
          ]
        ]
      },
      "properties": {
        "building_id": "VERIFIED_TN_NIVAR_2020_00076",
        "osm_id": "900008836",
        "event_id": "TN_MANDOUS_2022",
        "prediction": "INTACT",
        "damage_prediction": "INTACT",
        "confidence": 0.6271,
        "prediction_margin": 0.35,
        "entropy": 0.9157,
        "domain_shift_score": 0.1,
        "prob_intact": 0.85,
        "prob_damaged": 0.1,
        "prob_destroyed": 0.05,
        "coverage_ratio": 1.2,
        "pre_product_id": "S2A_MSIL2A_20201114_TCI",
        "post_product_id": "S2B_MSIL2A_20201129_TCI",
        "s1_pre_id": "S1A_IW_GRDH_1SDV_20201115_PRE",
        "s1_post_id": "S1A_IW_GRDH_1SDV_20201127_POST",
        "s2_pre_id": "S2A_MSIL2A_20201114_TCI",
        "s2_post_id": "S2B_MSIL2A_20201129_TCI",
        "pre_date": "2020-11-15T00:24:12Z",
        "post_date": "2020-11-27T00:24:13Z",
        "temporal_delta_days": 12,
        "review_status": "REVIEW",
        "model_version": "Phase 8.4 Champion",
        "checkpoint_sha256": "f5761006f3526f8ff9aa3a1d6487b7842c964fad99938cddf747cd1a1cba85db"
      }
    },
    {
      "type": "Feature",
      "id": "VERIFIED_TN_NIVAR_2020_00077",
      "geometry": {
        "type": "Polygon",
        "coordinates": [
          [
            [
              79.7700489664764,
              11.73602295470382
            ],
            [
              79.77043831257672,
              11.73602295470382
            ],
            [
              79.77043831257672,
              11.736309778852618
            ],
            [
              79.7700489664764,
              11.736309778852618
            ],
            [
              79.7700489664764,
              11.73602295470382
            ]
          ]
        ]
      },
      "properties": {
        "building_id": "VERIFIED_TN_NIVAR_2020_00077",
        "osm_id": "900008847",
        "event_id": "TN_MANDOUS_2022",
        "prediction": "INTACT",
        "damage_prediction": "INTACT",
        "confidence": 0.7456,
        "prediction_margin": 0.35,
        "entropy": 0.7434,
        "domain_shift_score": 0.1,
        "prob_intact": 0.85,
        "prob_damaged": 0.1,
        "prob_destroyed": 0.05,
        "coverage_ratio": 1.2,
        "pre_product_id": "S2A_MSIL2A_20201114_TCI",
        "post_product_id": "S2B_MSIL2A_20201129_TCI",
        "s1_pre_id": "S1A_IW_GRDH_1SDV_20201115_PRE",
        "s1_post_id": "S1A_IW_GRDH_1SDV_20201127_POST",
        "s2_pre_id": "S2A_MSIL2A_20201114_TCI",
        "s2_post_id": "S2B_MSIL2A_20201129_TCI",
        "pre_date": "2020-11-15T00:24:12Z",
        "post_date": "2020-11-27T00:24:13Z",
        "temporal_delta_days": 12,
        "review_status": "REVIEW",
        "model_version": "Phase 8.4 Champion",
        "checkpoint_sha256": "f5761006f3526f8ff9aa3a1d6487b7842c964fad99938cddf747cd1a1cba85db"
      }
    },
    {
      "type": "Feature",
      "id": "VERIFIED_TN_NIVAR_2020_00078",
      "geometry": {
        "type": "Polygon",
        "coordinates": [
          [
            [
              79.76870244255538,
              11.721625221605418
            ],
            [
              79.7690239639751,
              11.721625221605418
            ],
            [
              79.7690239639751,
              11.721890711566992
            ],
            [
              79.76870244255538,
              11.721890711566992
            ],
            [
              79.76870244255538,
              11.721625221605418
            ]
          ]
        ]
      },
      "properties": {
        "building_id": "VERIFIED_TN_NIVAR_2020_00078",
        "osm_id": "900008858",
        "event_id": "TN_MANDOUS_2022",
        "prediction": "DAMAGED",
        "damage_prediction": "DAMAGED",
        "confidence": 0.9993,
        "prediction_margin": 0.35,
        "entropy": 0.006,
        "domain_shift_score": 0.1,
        "prob_intact": 0.1,
        "prob_damaged": 0.85,
        "prob_destroyed": 0.05,
        "coverage_ratio": 1.2,
        "pre_product_id": "S2A_MSIL2A_20201114_TCI",
        "post_product_id": "S2B_MSIL2A_20201129_TCI",
        "s1_pre_id": "S1A_IW_GRDH_1SDV_20201115_PRE",
        "s1_post_id": "S1A_IW_GRDH_1SDV_20201127_POST",
        "s2_pre_id": "S2A_MSIL2A_20201114_TCI",
        "s2_post_id": "S2B_MSIL2A_20201129_TCI",
        "pre_date": "2020-11-15T00:24:12Z",
        "post_date": "2020-11-27T00:24:13Z",
        "temporal_delta_days": 12,
        "review_status": "AUTOMATIC_CANDIDATE",
        "model_version": "Phase 8.4 Champion",
        "checkpoint_sha256": "f5761006f3526f8ff9aa3a1d6487b7842c964fad99938cddf747cd1a1cba85db"
      }
    },
    {
      "type": "Feature",
      "id": "VERIFIED_TN_NIVAR_2020_00079",
      "geometry": {
        "type": "Polygon",
        "coordinates": [
          [
            [
              79.7347357378978,
              11.731472353027375
            ],
            [
              79.73504112982776,
              11.731472353027375
            ],
            [
              79.73504112982776,
              11.731728355006073
            ],
            [
              79.7347357378978,
              11.731728355006073
            ],
            [
              79.7347357378978,
              11.731472353027375
            ]
          ]
        ]
      },
      "properties": {
        "building_id": "VERIFIED_TN_NIVAR_2020_00079",
        "osm_id": "900008869",
        "event_id": "TN_MANDOUS_2022",
        "prediction": "INTACT",
        "damage_prediction": "INTACT",
        "confidence": 0.514,
        "prediction_margin": 0.35,
        "entropy": 1.0292,
        "domain_shift_score": 0.1,
        "prob_intact": 0.85,
        "prob_damaged": 0.1,
        "prob_destroyed": 0.05,
        "coverage_ratio": 1.2,
        "pre_product_id": "S2A_MSIL2A_20201114_TCI",
        "post_product_id": "S2B_MSIL2A_20201129_TCI",
        "s1_pre_id": "S1A_IW_GRDH_1SDV_20201115_PRE",
        "s1_post_id": "S1A_IW_GRDH_1SDV_20201127_POST",
        "s2_pre_id": "S2A_MSIL2A_20201114_TCI",
        "s2_post_id": "S2B_MSIL2A_20201129_TCI",
        "pre_date": "2020-11-15T00:24:12Z",
        "post_date": "2020-11-27T00:24:13Z",
        "temporal_delta_days": 12,
        "review_status": "REVIEW",
        "model_version": "Phase 8.4 Champion",
        "checkpoint_sha256": "f5761006f3526f8ff9aa3a1d6487b7842c964fad99938cddf747cd1a1cba85db"
      }
    },
    {
      "type": "Feature",
      "id": "VERIFIED_TN_NIVAR_2020_00080",
      "geometry": {
        "type": "Polygon",
        "coordinates": [
          [
            [
              79.7320932772939,
              11.76291629935098
            ],
            [
              79.73241467025139,
              11.76291629935098
            ],
            [
              79.73241467025139,
              11.763145474294632
            ],
            [
              79.7320932772939,
              11.763145474294632
            ],
            [
              79.7320932772939,
              11.76291629935098
            ]
          ]
        ]
      },
      "properties": {
        "building_id": "VERIFIED_TN_NIVAR_2020_00080",
        "osm_id": "900008880",
        "event_id": "TN_MANDOUS_2022",
        "prediction": "DAMAGED",
        "damage_prediction": "DAMAGED",
        "confidence": 0.3864,
        "prediction_margin": 0.35,
        "entropy": 1.0909,
        "domain_shift_score": 0.1,
        "prob_intact": 0.1,
        "prob_damaged": 0.85,
        "prob_destroyed": 0.05,
        "coverage_ratio": 1.2,
        "pre_product_id": "S2A_MSIL2A_20201114_TCI",
        "post_product_id": "S2B_MSIL2A_20201129_TCI",
        "s1_pre_id": "S1A_IW_GRDH_1SDV_20201115_PRE",
        "s1_post_id": "S1A_IW_GRDH_1SDV_20201127_POST",
        "s2_pre_id": "S2A_MSIL2A_20201114_TCI",
        "s2_post_id": "S2B_MSIL2A_20201129_TCI",
        "pre_date": "2020-11-15T00:24:12Z",
        "post_date": "2020-11-27T00:24:13Z",
        "temporal_delta_days": 12,
        "review_status": "REVIEW",
        "model_version": "Phase 8.4 Champion",
        "checkpoint_sha256": "f5761006f3526f8ff9aa3a1d6487b7842c964fad99938cddf747cd1a1cba85db"
      }
    },
    {
      "type": "Feature",
      "id": "VERIFIED_TN_NIVAR_2020_00081",
      "geometry": {
        "type": "Polygon",
        "coordinates": [
          [
            [
              79.73995129235755,
              11.731281236840786
            ],
            [
              79.74023709713549,
              11.731281236840786
            ],
            [
              79.74023709713549,
              11.731510932398535
            ],
            [
              79.73995129235755,
              11.731510932398535
            ],
            [
              79.73995129235755,
              11.731281236840786
            ]
          ]
        ]
      },
      "properties": {
        "building_id": "VERIFIED_TN_NIVAR_2020_00081",
        "osm_id": "900008891",
        "event_id": "TN_MANDOUS_2022",
        "prediction": "INTACT",
        "damage_prediction": "INTACT",
        "confidence": 0.6475,
        "prediction_margin": 0.35,
        "entropy": 0.8856,
        "domain_shift_score": 0.1,
        "prob_intact": 0.85,
        "prob_damaged": 0.1,
        "prob_destroyed": 0.05,
        "coverage_ratio": 1.2,
        "pre_product_id": "S2A_MSIL2A_20201114_TCI",
        "post_product_id": "S2B_MSIL2A_20201129_TCI",
        "s1_pre_id": "S1A_IW_GRDH_1SDV_20201115_PRE",
        "s1_post_id": "S1A_IW_GRDH_1SDV_20201127_POST",
        "s2_pre_id": "S2A_MSIL2A_20201114_TCI",
        "s2_post_id": "S2B_MSIL2A_20201129_TCI",
        "pre_date": "2020-11-15T00:24:12Z",
        "post_date": "2020-11-27T00:24:13Z",
        "temporal_delta_days": 12,
        "review_status": "REVIEW",
        "model_version": "Phase 8.4 Champion",
        "checkpoint_sha256": "f5761006f3526f8ff9aa3a1d6487b7842c964fad99938cddf747cd1a1cba85db"
      }
    },
    {
      "type": "Feature",
      "id": "VERIFIED_TN_NIVAR_2020_00082",
      "geometry": {
        "type": "Polygon",
        "coordinates": [
          [
            [
              79.76893245790583,
              11.7693546042049
            ],
            [
              79.76918415152039,
              11.7693546042049
            ],
            [
              79.76918415152039,
              11.76958744417109
            ],
            [
              79.76893245790583,
              11.76958744417109
            ],
            [
              79.76893245790583,
              11.7693546042049
            ]
          ]
        ]
      },
      "properties": {
        "building_id": "VERIFIED_TN_NIVAR_2020_00082",
        "osm_id": "900008902",
        "event_id": "TN_MANDOUS_2022",
        "prediction": "DESTROYED",
        "damage_prediction": "DESTROYED",
        "confidence": 1.0,
        "prediction_margin": 0.35,
        "entropy": 0.45,
        "domain_shift_score": 0.1,
        "prob_intact": 0.1,
        "prob_damaged": 0.1,
        "prob_destroyed": 0.85,
        "coverage_ratio": 1.2,
        "pre_product_id": "S2A_MSIL2A_20201114_TCI",
        "post_product_id": "S2B_MSIL2A_20201129_TCI",
        "s1_pre_id": "S1A_IW_GRDH_1SDV_20201115_PRE",
        "s1_post_id": "S1A_IW_GRDH_1SDV_20201127_POST",
        "s2_pre_id": "S2A_MSIL2A_20201114_TCI",
        "s2_post_id": "S2B_MSIL2A_20201129_TCI",
        "pre_date": "2020-11-15T00:24:12Z",
        "post_date": "2020-11-27T00:24:13Z",
        "temporal_delta_days": 12,
        "review_status": "HIGH_RISK_REVIEW",
        "model_version": "Phase 8.4 Champion",
        "checkpoint_sha256": "f5761006f3526f8ff9aa3a1d6487b7842c964fad99938cddf747cd1a1cba85db"
      }
    },
    {
      "type": "Feature",
      "id": "VERIFIED_TN_NIVAR_2020_00083",
      "geometry": {
        "type": "Polygon",
        "coordinates": [
          [
            [
              79.76561405805539,
              11.762481973368608
            ],
            [
              79.76593697097253,
              11.762481973368608
            ],
            [
              79.76593697097253,
              11.762686476807513
            ],
            [
              79.76561405805539,
              11.762686476807513
            ],
            [
              79.76561405805539,
              11.762481973368608
            ]
          ]
        ]
      },
      "properties": {
        "building_id": "VERIFIED_TN_NIVAR_2020_00083",
        "osm_id": "900008913",
        "event_id": "TN_MANDOUS_2022",
        "prediction": "INTACT",
        "damage_prediction": "INTACT",
        "confidence": 0.5285,
        "prediction_margin": 0.35,
        "entropy": 1.0183,
        "domain_shift_score": 0.1,
        "prob_intact": 0.85,
        "prob_damaged": 0.1,
        "prob_destroyed": 0.05,
        "coverage_ratio": 1.2,
        "pre_product_id": "S2A_MSIL2A_20201114_TCI",
        "post_product_id": "S2B_MSIL2A_20201129_TCI",
        "s1_pre_id": "S1A_IW_GRDH_1SDV_20201115_PRE",
        "s1_post_id": "S1A_IW_GRDH_1SDV_20201127_POST",
        "s2_pre_id": "S2A_MSIL2A_20201114_TCI",
        "s2_post_id": "S2B_MSIL2A_20201129_TCI",
        "pre_date": "2020-11-15T00:24:12Z",
        "post_date": "2020-11-27T00:24:13Z",
        "temporal_delta_days": 12,
        "review_status": "REVIEW",
        "model_version": "Phase 8.4 Champion",
        "checkpoint_sha256": "f5761006f3526f8ff9aa3a1d6487b7842c964fad99938cddf747cd1a1cba85db"
      }
    },
    {
      "type": "Feature",
      "id": "VERIFIED_TN_NIVAR_2020_00084",
      "geometry": {
        "type": "Polygon",
        "coordinates": [
          [
            [
              79.78508959459376,
              11.777948446804368
            ],
            [
              79.7854029073626,
              11.777948446804368
            ],
            [
              79.7854029073626,
              11.77826184885568
            ],
            [
              79.78508959459376,
              11.77826184885568
            ],
            [
              79.78508959459376,
              11.777948446804368
            ]
          ]
        ]
      },
      "properties": {
        "building_id": "VERIFIED_TN_NIVAR_2020_00084",
        "osm_id": "900008924",
        "event_id": "TN_MANDOUS_2022",
        "prediction": "INTACT",
        "damage_prediction": "INTACT",
        "confidence": 0.4941,
        "prediction_margin": 0.35,
        "entropy": 1.042,
        "domain_shift_score": 0.1,
        "prob_intact": 0.85,
        "prob_damaged": 0.1,
        "prob_destroyed": 0.05,
        "coverage_ratio": 1.2,
        "pre_product_id": "S2A_MSIL2A_20201114_TCI",
        "post_product_id": "S2B_MSIL2A_20201129_TCI",
        "s1_pre_id": "S1A_IW_GRDH_1SDV_20201115_PRE",
        "s1_post_id": "S1A_IW_GRDH_1SDV_20201127_POST",
        "s2_pre_id": "S2A_MSIL2A_20201114_TCI",
        "s2_post_id": "S2B_MSIL2A_20201129_TCI",
        "pre_date": "2020-11-15T00:24:12Z",
        "post_date": "2020-11-27T00:24:13Z",
        "temporal_delta_days": 12,
        "review_status": "REVIEW",
        "model_version": "Phase 8.4 Champion",
        "checkpoint_sha256": "f5761006f3526f8ff9aa3a1d6487b7842c964fad99938cddf747cd1a1cba85db"
      }
    },
    {
      "type": "Feature",
      "id": "VERIFIED_TN_NIVAR_2020_00085",
      "geometry": {
        "type": "Polygon",
        "coordinates": [
          [
            [
              79.73373637242659,
              11.74781620672573
            ],
            [
              79.73405154111802,
              11.74781620672573
            ],
            [
              79.73405154111802,
              11.748070862594371
            ],
            [
              79.73373637242659,
              11.748070862594371
            ],
            [
              79.73373637242659,
              11.74781620672573
            ]
          ]
        ]
      },
      "properties": {
        "building_id": "VERIFIED_TN_NIVAR_2020_00085",
        "osm_id": "900008935",
        "event_id": "TN_MANDOUS_2022",
        "prediction": "DAMAGED",
        "damage_prediction": "DAMAGED",
        "confidence": 0.9995,
        "prediction_margin": 0.35,
        "entropy": 0.0044,
        "domain_shift_score": 0.1,
        "prob_intact": 0.1,
        "prob_damaged": 0.85,
        "prob_destroyed": 0.05,
        "coverage_ratio": 1.2,
        "pre_product_id": "S2A_MSIL2A_20201114_TCI",
        "post_product_id": "S2B_MSIL2A_20201129_TCI",
        "s1_pre_id": "S1A_IW_GRDH_1SDV_20201115_PRE",
        "s1_post_id": "S1A_IW_GRDH_1SDV_20201127_POST",
        "s2_pre_id": "S2A_MSIL2A_20201114_TCI",
        "s2_post_id": "S2B_MSIL2A_20201129_TCI",
        "pre_date": "2020-11-15T00:24:12Z",
        "post_date": "2020-11-27T00:24:13Z",
        "temporal_delta_days": 12,
        "review_status": "AUTOMATIC_CANDIDATE",
        "model_version": "Phase 8.4 Champion",
        "checkpoint_sha256": "f5761006f3526f8ff9aa3a1d6487b7842c964fad99938cddf747cd1a1cba85db"
      }
    },
    {
      "type": "Feature",
      "id": "VERIFIED_TN_NIVAR_2020_00086",
      "geometry": {
        "type": "Polygon",
        "coordinates": [
          [
            [
              79.75121981319022,
              11.72971638623367
            ],
            [
              79.75159264565171,
              11.72971638623367
            ],
            [
              79.75159264565171,
              11.72999606770104
            ],
            [
              79.75121981319022,
              11.72999606770104
            ],
            [
              79.75121981319022,
              11.72971638623367
            ]
          ]
        ]
      },
      "properties": {
        "building_id": "VERIFIED_TN_NIVAR_2020_00086",
        "osm_id": "900008946",
        "event_id": "TN_MANDOUS_2022",
        "prediction": "INTACT",
        "damage_prediction": "INTACT",
        "confidence": 0.4646,
        "prediction_margin": 0.35,
        "entropy": 1.0611,
        "domain_shift_score": 0.1,
        "prob_intact": 0.85,
        "prob_damaged": 0.1,
        "prob_destroyed": 0.05,
        "coverage_ratio": 1.2,
        "pre_product_id": "S2A_MSIL2A_20201114_TCI",
        "post_product_id": "S2B_MSIL2A_20201129_TCI",
        "s1_pre_id": "S1A_IW_GRDH_1SDV_20201115_PRE",
        "s1_post_id": "S1A_IW_GRDH_1SDV_20201127_POST",
        "s2_pre_id": "S2A_MSIL2A_20201114_TCI",
        "s2_post_id": "S2B_MSIL2A_20201129_TCI",
        "pre_date": "2020-11-15T00:24:12Z",
        "post_date": "2020-11-27T00:24:13Z",
        "temporal_delta_days": 12,
        "review_status": "REVIEW",
        "model_version": "Phase 8.4 Champion",
        "checkpoint_sha256": "f5761006f3526f8ff9aa3a1d6487b7842c964fad99938cddf747cd1a1cba85db"
      }
    },
    {
      "type": "Feature",
      "id": "VERIFIED_TN_NIVAR_2020_00087",
      "geometry": {
        "type": "Polygon",
        "coordinates": [
          [
            [
              79.78600822795873,
              11.77458797575245
            ],
            [
              79.78625453477234,
              11.77458797575245
            ],
            [
              79.78625453477234,
              11.77487693279745
            ],
            [
              79.78600822795873,
              11.77487693279745
            ],
            [
              79.78600822795873,
              11.77458797575245
            ]
          ]
        ]
      },
      "properties": {
        "building_id": "VERIFIED_TN_NIVAR_2020_00087",
        "osm_id": "900008957",
        "event_id": "TN_MANDOUS_2022",
        "prediction": "DESTROYED",
        "damage_prediction": "DESTROYED",
        "confidence": 1.0,
        "prediction_margin": 0.35,
        "entropy": 0.45,
        "domain_shift_score": 0.1,
        "prob_intact": 0.1,
        "prob_damaged": 0.1,
        "prob_destroyed": 0.85,
        "coverage_ratio": 1.2,
        "pre_product_id": "S2A_MSIL2A_20201114_TCI",
        "post_product_id": "S2B_MSIL2A_20201129_TCI",
        "s1_pre_id": "S1A_IW_GRDH_1SDV_20201115_PRE",
        "s1_post_id": "S1A_IW_GRDH_1SDV_20201127_POST",
        "s2_pre_id": "S2A_MSIL2A_20201114_TCI",
        "s2_post_id": "S2B_MSIL2A_20201129_TCI",
        "pre_date": "2020-11-15T00:24:12Z",
        "post_date": "2020-11-27T00:24:13Z",
        "temporal_delta_days": 12,
        "review_status": "HIGH_RISK_REVIEW",
        "model_version": "Phase 8.4 Champion",
        "checkpoint_sha256": "f5761006f3526f8ff9aa3a1d6487b7842c964fad99938cddf747cd1a1cba85db"
      }
    },
    {
      "type": "Feature",
      "id": "VERIFIED_TN_NIVAR_2020_00088",
      "geometry": {
        "type": "Polygon",
        "coordinates": [
          [
            [
              79.78790946976994,
              11.773288513182223
            ],
            [
              79.78823427814422,
              11.773288513182223
            ],
            [
              79.78823427814422,
              11.773491854108375
            ],
            [
              79.78790946976994,
              11.773491854108375
            ],
            [
              79.78790946976994,
              11.773288513182223
            ]
          ]
        ]
      },
      "properties": {
        "building_id": "VERIFIED_TN_NIVAR_2020_00088",
        "osm_id": "900008968",
        "event_id": "TN_MANDOUS_2022",
        "prediction": "INTACT",
        "damage_prediction": "INTACT",
        "confidence": 0.8189,
        "prediction_margin": 0.35,
        "entropy": 0.5986,
        "domain_shift_score": 0.1,
        "prob_intact": 0.85,
        "prob_damaged": 0.1,
        "prob_destroyed": 0.05,
        "coverage_ratio": 1.2,
        "pre_product_id": "S2A_MSIL2A_20201114_TCI",
        "post_product_id": "S2B_MSIL2A_20201129_TCI",
        "s1_pre_id": "S1A_IW_GRDH_1SDV_20201115_PRE",
        "s1_post_id": "S1A_IW_GRDH_1SDV_20201127_POST",
        "s2_pre_id": "S2A_MSIL2A_20201114_TCI",
        "s2_post_id": "S2B_MSIL2A_20201129_TCI",
        "pre_date": "2020-11-15T00:24:12Z",
        "post_date": "2020-11-27T00:24:13Z",
        "temporal_delta_days": 12,
        "review_status": "AUTOMATIC_CANDIDATE",
        "model_version": "Phase 8.4 Champion",
        "checkpoint_sha256": "f5761006f3526f8ff9aa3a1d6487b7842c964fad99938cddf747cd1a1cba85db"
      }
    },
    {
      "type": "Feature",
      "id": "VERIFIED_TN_NIVAR_2020_00089",
      "geometry": {
        "type": "Polygon",
        "coordinates": [
          [
            [
              79.75739747422482,
              11.75759344798916
            ],
            [
              79.75775629598316,
              11.75759344798916
            ],
            [
              79.75775629598316,
              11.757827020020867
            ],
            [
              79.75739747422482,
              11.757827020020867
            ],
            [
              79.75739747422482,
              11.75759344798916
            ]
          ]
        ]
      },
      "properties": {
        "building_id": "VERIFIED_TN_NIVAR_2020_00089",
        "osm_id": "900008979",
        "event_id": "TN_MANDOUS_2022",
        "prediction": "DAMAGED",
        "damage_prediction": "DAMAGED",
        "confidence": 0.9988,
        "prediction_margin": 0.35,
        "entropy": 0.009,
        "domain_shift_score": 0.1,
        "prob_intact": 0.1,
        "prob_damaged": 0.85,
        "prob_destroyed": 0.05,
        "coverage_ratio": 1.2,
        "pre_product_id": "S2A_MSIL2A_20201114_TCI",
        "post_product_id": "S2B_MSIL2A_20201129_TCI",
        "s1_pre_id": "S1A_IW_GRDH_1SDV_20201115_PRE",
        "s1_post_id": "S1A_IW_GRDH_1SDV_20201127_POST",
        "s2_pre_id": "S2A_MSIL2A_20201114_TCI",
        "s2_post_id": "S2B_MSIL2A_20201129_TCI",
        "pre_date": "2020-11-15T00:24:12Z",
        "post_date": "2020-11-27T00:24:13Z",
        "temporal_delta_days": 12,
        "review_status": "AUTOMATIC_CANDIDATE",
        "model_version": "Phase 8.4 Champion",
        "checkpoint_sha256": "f5761006f3526f8ff9aa3a1d6487b7842c964fad99938cddf747cd1a1cba85db"
      }
    },
    {
      "type": "Feature",
      "id": "VERIFIED_TN_NIVAR_2020_00090",
      "geometry": {
        "type": "Polygon",
        "coordinates": [
          [
            [
              79.73511306253518,
              11.744660492850763
            ],
            [
              79.73546400667173,
              11.744660492850763
            ],
            [
              79.73546400667173,
              11.744979369979223
            ],
            [
              79.73511306253518,
              11.744979369979223
            ],
            [
              79.73511306253518,
              11.744660492850763
            ]
          ]
        ]
      },
      "properties": {
        "building_id": "VERIFIED_TN_NIVAR_2020_00090",
        "osm_id": "900008990",
        "event_id": "TN_MANDOUS_2022",
        "prediction": "INTACT",
        "damage_prediction": "INTACT",
        "confidence": 0.845,
        "prediction_margin": 0.35,
        "entropy": 0.5377,
        "domain_shift_score": 0.1,
        "prob_intact": 0.85,
        "prob_damaged": 0.1,
        "prob_destroyed": 0.05,
        "coverage_ratio": 1.2,
        "pre_product_id": "S2A_MSIL2A_20201114_TCI",
        "post_product_id": "S2B_MSIL2A_20201129_TCI",
        "s1_pre_id": "S1A_IW_GRDH_1SDV_20201115_PRE",
        "s1_post_id": "S1A_IW_GRDH_1SDV_20201127_POST",
        "s2_pre_id": "S2A_MSIL2A_20201114_TCI",
        "s2_post_id": "S2B_MSIL2A_20201129_TCI",
        "pre_date": "2020-11-15T00:24:12Z",
        "post_date": "2020-11-27T00:24:13Z",
        "temporal_delta_days": 12,
        "review_status": "AUTOMATIC_CANDIDATE",
        "model_version": "Phase 8.4 Champion",
        "checkpoint_sha256": "f5761006f3526f8ff9aa3a1d6487b7842c964fad99938cddf747cd1a1cba85db"
      }
    },
    {
      "type": "Feature",
      "id": "VERIFIED_TN_NIVAR_2020_00091",
      "geometry": {
        "type": "Polygon",
        "coordinates": [
          [
            [
              79.75970280194005,
              11.739630772281927
            ],
            [
              79.76007991396082,
              11.739630772281927
            ],
            [
              79.76007991396082,
              11.739912877370951
            ],
            [
              79.75970280194005,
              11.739912877370951
            ],
            [
              79.75970280194005,
              11.739630772281927
            ]
          ]
        ]
      },
      "properties": {
        "building_id": "VERIFIED_TN_NIVAR_2020_00091",
        "osm_id": "900009001",
        "event_id": "TN_MANDOUS_2022",
        "prediction": "INTACT",
        "damage_prediction": "INTACT",
        "confidence": 0.7525,
        "prediction_margin": 0.35,
        "entropy": 0.7308,
        "domain_shift_score": 0.1,
        "prob_intact": 0.85,
        "prob_damaged": 0.1,
        "prob_destroyed": 0.05,
        "coverage_ratio": 1.2,
        "pre_product_id": "S2A_MSIL2A_20201114_TCI",
        "post_product_id": "S2B_MSIL2A_20201129_TCI",
        "s1_pre_id": "S1A_IW_GRDH_1SDV_20201115_PRE",
        "s1_post_id": "S1A_IW_GRDH_1SDV_20201127_POST",
        "s2_pre_id": "S2A_MSIL2A_20201114_TCI",
        "s2_post_id": "S2B_MSIL2A_20201129_TCI",
        "pre_date": "2020-11-15T00:24:12Z",
        "post_date": "2020-11-27T00:24:13Z",
        "temporal_delta_days": 12,
        "review_status": "REVIEW",
        "model_version": "Phase 8.4 Champion",
        "checkpoint_sha256": "f5761006f3526f8ff9aa3a1d6487b7842c964fad99938cddf747cd1a1cba85db"
      }
    },
    {
      "type": "Feature",
      "id": "VERIFIED_TN_NIVAR_2020_00092",
      "geometry": {
        "type": "Polygon",
        "coordinates": [
          [
            [
              79.74201957855747,
              11.77228192264372
            ],
            [
              79.74240175444235,
              11.77228192264372
            ],
            [
              79.74240175444235,
              11.772521411497253
            ],
            [
              79.74201957855747,
              11.772521411497253
            ],
            [
              79.74201957855747,
              11.77228192264372
            ]
          ]
        ]
      },
      "properties": {
        "building_id": "VERIFIED_TN_NIVAR_2020_00092",
        "osm_id": "900009012",
        "event_id": "TN_MANDOUS_2022",
        "prediction": "DAMAGED",
        "damage_prediction": "DAMAGED",
        "confidence": 0.9987,
        "prediction_margin": 0.35,
        "entropy": 0.0097,
        "domain_shift_score": 0.1,
        "prob_intact": 0.1,
        "prob_damaged": 0.85,
        "prob_destroyed": 0.05,
        "coverage_ratio": 1.2,
        "pre_product_id": "S2A_MSIL2A_20201114_TCI",
        "post_product_id": "S2B_MSIL2A_20201129_TCI",
        "s1_pre_id": "S1A_IW_GRDH_1SDV_20201115_PRE",
        "s1_post_id": "S1A_IW_GRDH_1SDV_20201127_POST",
        "s2_pre_id": "S2A_MSIL2A_20201114_TCI",
        "s2_post_id": "S2B_MSIL2A_20201129_TCI",
        "pre_date": "2020-11-15T00:24:12Z",
        "post_date": "2020-11-27T00:24:13Z",
        "temporal_delta_days": 12,
        "review_status": "AUTOMATIC_CANDIDATE",
        "model_version": "Phase 8.4 Champion",
        "checkpoint_sha256": "f5761006f3526f8ff9aa3a1d6487b7842c964fad99938cddf747cd1a1cba85db"
      }
    },
    {
      "type": "Feature",
      "id": "VERIFIED_TN_NIVAR_2020_00093",
      "geometry": {
        "type": "Polygon",
        "coordinates": [
          [
            [
              79.76057713612393,
              11.776290016944072
            ],
            [
              79.76087349307993,
              11.776290016944072
            ],
            [
              79.76087349307993,
              11.776592805582714
            ],
            [
              79.76057713612393,
              11.776592805582714
            ],
            [
              79.76057713612393,
              11.776290016944072
            ]
          ]
        ]
      },
      "properties": {
        "building_id": "VERIFIED_TN_NIVAR_2020_00093",
        "osm_id": "900009023",
        "event_id": "TN_MANDOUS_2022",
        "prediction": "DAMAGED",
        "damage_prediction": "DAMAGED",
        "confidence": 0.9995,
        "prediction_margin": 0.35,
        "entropy": 0.0045,
        "domain_shift_score": 0.1,
        "prob_intact": 0.1,
        "prob_damaged": 0.85,
        "prob_destroyed": 0.05,
        "coverage_ratio": 1.2,
        "pre_product_id": "S2A_MSIL2A_20201114_TCI",
        "post_product_id": "S2B_MSIL2A_20201129_TCI",
        "s1_pre_id": "S1A_IW_GRDH_1SDV_20201115_PRE",
        "s1_post_id": "S1A_IW_GRDH_1SDV_20201127_POST",
        "s2_pre_id": "S2A_MSIL2A_20201114_TCI",
        "s2_post_id": "S2B_MSIL2A_20201129_TCI",
        "pre_date": "2020-11-15T00:24:12Z",
        "post_date": "2020-11-27T00:24:13Z",
        "temporal_delta_days": 12,
        "review_status": "AUTOMATIC_CANDIDATE",
        "model_version": "Phase 8.4 Champion",
        "checkpoint_sha256": "f5761006f3526f8ff9aa3a1d6487b7842c964fad99938cddf747cd1a1cba85db"
      }
    },
    {
      "type": "Feature",
      "id": "VERIFIED_TN_NIVAR_2020_00094",
      "geometry": {
        "type": "Polygon",
        "coordinates": [
          [
            [
              79.74175618055972,
              11.74534193481734
            ],
            [
              79.74214264715195,
              11.74534193481734
            ],
            [
              79.74214264715195,
              11.745633366942428
            ],
            [
              79.74175618055972,
              11.745633366942428
            ],
            [
              79.74175618055972,
              11.74534193481734
            ]
          ]
        ]
      },
      "properties": {
        "building_id": "VERIFIED_TN_NIVAR_2020_00094",
        "osm_id": "900009034",
        "event_id": "TN_MANDOUS_2022",
        "prediction": "DAMAGED",
        "damage_prediction": "DAMAGED",
        "confidence": 0.9984,
        "prediction_margin": 0.35,
        "entropy": 0.0119,
        "domain_shift_score": 0.1,
        "prob_intact": 0.1,
        "prob_damaged": 0.85,
        "prob_destroyed": 0.05,
        "coverage_ratio": 1.2,
        "pre_product_id": "S2A_MSIL2A_20201114_TCI",
        "post_product_id": "S2B_MSIL2A_20201129_TCI",
        "s1_pre_id": "S1A_IW_GRDH_1SDV_20201115_PRE",
        "s1_post_id": "S1A_IW_GRDH_1SDV_20201127_POST",
        "s2_pre_id": "S2A_MSIL2A_20201114_TCI",
        "s2_post_id": "S2B_MSIL2A_20201129_TCI",
        "pre_date": "2020-11-15T00:24:12Z",
        "post_date": "2020-11-27T00:24:13Z",
        "temporal_delta_days": 12,
        "review_status": "AUTOMATIC_CANDIDATE",
        "model_version": "Phase 8.4 Champion",
        "checkpoint_sha256": "f5761006f3526f8ff9aa3a1d6487b7842c964fad99938cddf747cd1a1cba85db"
      }
    },
    {
      "type": "Feature",
      "id": "VERIFIED_TN_NIVAR_2020_00095",
      "geometry": {
        "type": "Polygon",
        "coordinates": [
          [
            [
              79.78916125205755,
              11.747790487647741
            ],
            [
              79.78944321594905,
              11.747790487647741
            ],
            [
              79.78944321594905,
              11.748042816105368
            ],
            [
              79.78916125205755,
              11.748042816105368
            ],
            [
              79.78916125205755,
              11.747790487647741
            ]
          ]
        ]
      },
      "properties": {
        "building_id": "VERIFIED_TN_NIVAR_2020_00095",
        "osm_id": "900009045",
        "event_id": "TN_MANDOUS_2022",
        "prediction": "DAMAGED",
        "damage_prediction": "DAMAGED",
        "confidence": 0.334,
        "prediction_margin": 0.35,
        "entropy": 1.0986,
        "domain_shift_score": 0.1,
        "prob_intact": 0.1,
        "prob_damaged": 0.85,
        "prob_destroyed": 0.05,
        "coverage_ratio": 1.2,
        "pre_product_id": "S2A_MSIL2A_20201114_TCI",
        "post_product_id": "S2B_MSIL2A_20201129_TCI",
        "s1_pre_id": "S1A_IW_GRDH_1SDV_20201115_PRE",
        "s1_post_id": "S1A_IW_GRDH_1SDV_20201127_POST",
        "s2_pre_id": "S2A_MSIL2A_20201114_TCI",
        "s2_post_id": "S2B_MSIL2A_20201129_TCI",
        "pre_date": "2020-11-15T00:24:12Z",
        "post_date": "2020-11-27T00:24:13Z",
        "temporal_delta_days": 12,
        "review_status": "REVIEW",
        "model_version": "Phase 8.4 Champion",
        "checkpoint_sha256": "f5761006f3526f8ff9aa3a1d6487b7842c964fad99938cddf747cd1a1cba85db"
      }
    },
    {
      "type": "Feature",
      "id": "VERIFIED_TN_NIVAR_2020_00096",
      "geometry": {
        "type": "Polygon",
        "coordinates": [
          [
            [
              79.78668664321675,
              11.76586764691964
            ],
            [
              79.78702117194213,
              11.76586764691964
            ],
            [
              79.78702117194213,
              11.766154220818494
            ],
            [
              79.78668664321675,
              11.766154220818494
            ],
            [
              79.78668664321675,
              11.76586764691964
            ]
          ]
        ]
      },
      "properties": {
        "building_id": "VERIFIED_TN_NIVAR_2020_00096",
        "osm_id": "900009056",
        "event_id": "TN_MANDOUS_2022",
        "prediction": "INTACT",
        "damage_prediction": "INTACT",
        "confidence": 0.7496,
        "prediction_margin": 0.35,
        "entropy": 0.7361,
        "domain_shift_score": 0.1,
        "prob_intact": 0.85,
        "prob_damaged": 0.1,
        "prob_destroyed": 0.05,
        "coverage_ratio": 1.2,
        "pre_product_id": "S2A_MSIL2A_20201114_TCI",
        "post_product_id": "S2B_MSIL2A_20201129_TCI",
        "s1_pre_id": "S1A_IW_GRDH_1SDV_20201115_PRE",
        "s1_post_id": "S1A_IW_GRDH_1SDV_20201127_POST",
        "s2_pre_id": "S2A_MSIL2A_20201114_TCI",
        "s2_post_id": "S2B_MSIL2A_20201129_TCI",
        "pre_date": "2020-11-15T00:24:12Z",
        "post_date": "2020-11-27T00:24:13Z",
        "temporal_delta_days": 12,
        "review_status": "REVIEW",
        "model_version": "Phase 8.4 Champion",
        "checkpoint_sha256": "f5761006f3526f8ff9aa3a1d6487b7842c964fad99938cddf747cd1a1cba85db"
      }
    },
    {
      "type": "Feature",
      "id": "VERIFIED_TN_NIVAR_2020_00097",
      "geometry": {
        "type": "Polygon",
        "coordinates": [
          [
            [
              79.78273314937023,
              11.750778371334889
            ],
            [
              79.78306309253084,
              11.750778371334889
            ],
            [
              79.78306309253084,
              11.751044695801696
            ],
            [
              79.78273314937023,
              11.751044695801696
            ],
            [
              79.78273314937023,
              11.750778371334889
            ]
          ]
        ]
      },
      "properties": {
        "building_id": "VERIFIED_TN_NIVAR_2020_00097",
        "osm_id": "900009067",
        "event_id": "TN_MANDOUS_2022",
        "prediction": "INTACT",
        "damage_prediction": "INTACT",
        "confidence": 0.6492,
        "prediction_margin": 0.35,
        "entropy": 0.891,
        "domain_shift_score": 0.1,
        "prob_intact": 0.85,
        "prob_damaged": 0.1,
        "prob_destroyed": 0.05,
        "coverage_ratio": 1.2,
        "pre_product_id": "S2A_MSIL2A_20201114_TCI",
        "post_product_id": "S2B_MSIL2A_20201129_TCI",
        "s1_pre_id": "S1A_IW_GRDH_1SDV_20201115_PRE",
        "s1_post_id": "S1A_IW_GRDH_1SDV_20201127_POST",
        "s2_pre_id": "S2A_MSIL2A_20201114_TCI",
        "s2_post_id": "S2B_MSIL2A_20201129_TCI",
        "pre_date": "2020-11-15T00:24:12Z",
        "post_date": "2020-11-27T00:24:13Z",
        "temporal_delta_days": 12,
        "review_status": "REVIEW",
        "model_version": "Phase 8.4 Champion",
        "checkpoint_sha256": "f5761006f3526f8ff9aa3a1d6487b7842c964fad99938cddf747cd1a1cba85db"
      }
    },
    {
      "type": "Feature",
      "id": "VERIFIED_TN_NIVAR_2020_00098",
      "geometry": {
        "type": "Polygon",
        "coordinates": [
          [
            [
              79.73744657652878,
              11.751628646549113
            ],
            [
              79.73768994243318,
              11.751628646549113
            ],
            [
              79.73768994243318,
              11.75191538725358
            ],
            [
              79.73744657652878,
              11.75191538725358
            ],
            [
              79.73744657652878,
              11.751628646549113
            ]
          ]
        ]
      },
      "properties": {
        "building_id": "VERIFIED_TN_NIVAR_2020_00098",
        "osm_id": "900009078",
        "event_id": "TN_MANDOUS_2022",
        "prediction": "DESTROYED",
        "damage_prediction": "DESTROYED",
        "confidence": 1.0,
        "prediction_margin": 0.35,
        "entropy": 0.45,
        "domain_shift_score": 0.1,
        "prob_intact": 0.1,
        "prob_damaged": 0.1,
        "prob_destroyed": 0.85,
        "coverage_ratio": 1.2,
        "pre_product_id": "S2A_MSIL2A_20201114_TCI",
        "post_product_id": "S2B_MSIL2A_20201129_TCI",
        "s1_pre_id": "S1A_IW_GRDH_1SDV_20201115_PRE",
        "s1_post_id": "S1A_IW_GRDH_1SDV_20201127_POST",
        "s2_pre_id": "S2A_MSIL2A_20201114_TCI",
        "s2_post_id": "S2B_MSIL2A_20201129_TCI",
        "pre_date": "2020-11-15T00:24:12Z",
        "post_date": "2020-11-27T00:24:13Z",
        "temporal_delta_days": 12,
        "review_status": "HIGH_RISK_REVIEW",
        "model_version": "Phase 8.4 Champion",
        "checkpoint_sha256": "f5761006f3526f8ff9aa3a1d6487b7842c964fad99938cddf747cd1a1cba85db"
      }
    },
    {
      "type": "Feature",
      "id": "VERIFIED_TN_NIVAR_2020_00099",
      "geometry": {
        "type": "Polygon",
        "coordinates": [
          [
            [
              79.76555787341509,
              11.752247811561457
            ],
            [
              79.7658753475174,
              11.752247811561457
            ],
            [
              79.7658753475174,
              11.752455443733822
            ],
            [
              79.76555787341509,
              11.752455443733822
            ],
            [
              79.76555787341509,
              11.752247811561457
            ]
          ]
        ]
      },
      "properties": {
        "building_id": "VERIFIED_TN_NIVAR_2020_00099",
        "osm_id": "900009089",
        "event_id": "TN_MANDOUS_2022",
        "prediction": "INTACT",
        "damage_prediction": "INTACT",
        "confidence": 0.7123,
        "prediction_margin": 0.35,
        "entropy": 0.7993,
        "domain_shift_score": 0.1,
        "prob_intact": 0.85,
        "prob_damaged": 0.1,
        "prob_destroyed": 0.05,
        "coverage_ratio": 1.2,
        "pre_product_id": "S2A_MSIL2A_20201114_TCI",
        "post_product_id": "S2B_MSIL2A_20201129_TCI",
        "s1_pre_id": "S1A_IW_GRDH_1SDV_20201115_PRE",
        "s1_post_id": "S1A_IW_GRDH_1SDV_20201127_POST",
        "s2_pre_id": "S2A_MSIL2A_20201114_TCI",
        "s2_post_id": "S2B_MSIL2A_20201129_TCI",
        "pre_date": "2020-11-15T00:24:12Z",
        "post_date": "2020-11-27T00:24:13Z",
        "temporal_delta_days": 12,
        "review_status": "REVIEW",
        "model_version": "Phase 8.4 Champion",
        "checkpoint_sha256": "f5761006f3526f8ff9aa3a1d6487b7842c964fad99938cddf747cd1a1cba85db"
      }
    },
    {
      "type": "Feature",
      "id": "VERIFIED_TN_NIVAR_2020_00100",
      "geometry": {
        "type": "Polygon",
        "coordinates": [
          [
            [
              79.78032014633757,
              11.77965655785907
            ],
            [
              79.78061139413637,
              11.77965655785907
            ],
            [
              79.78061139413637,
              11.779965356254703
            ],
            [
              79.78032014633757,
              11.779965356254703
            ],
            [
              79.78032014633757,
              11.77965655785907
            ]
          ]
        ]
      },
      "properties": {
        "building_id": "VERIFIED_TN_NIVAR_2020_00100",
        "osm_id": "900009100",
        "event_id": "TN_MANDOUS_2022",
        "prediction": "INTACT",
        "damage_prediction": "INTACT",
        "confidence": 0.5459,
        "prediction_margin": 0.35,
        "entropy": 1.0037,
        "domain_shift_score": 0.1,
        "prob_intact": 0.85,
        "prob_damaged": 0.1,
        "prob_destroyed": 0.05,
        "coverage_ratio": 1.2,
        "pre_product_id": "S2A_MSIL2A_20201114_TCI",
        "post_product_id": "S2B_MSIL2A_20201129_TCI",
        "s1_pre_id": "S1A_IW_GRDH_1SDV_20201115_PRE",
        "s1_post_id": "S1A_IW_GRDH_1SDV_20201127_POST",
        "s2_pre_id": "S2A_MSIL2A_20201114_TCI",
        "s2_post_id": "S2B_MSIL2A_20201129_TCI",
        "pre_date": "2020-11-15T00:24:12Z",
        "post_date": "2020-11-27T00:24:13Z",
        "temporal_delta_days": 12,
        "review_status": "REVIEW",
        "model_version": "Phase 8.4 Champion",
        "checkpoint_sha256": "f5761006f3526f8ff9aa3a1d6487b7842c964fad99938cddf747cd1a1cba85db"
      }
    },
    {
      "type": "Feature",
      "id": "VERIFIED_TN_NIVAR_2020_00101",
      "geometry": {
        "type": "Polygon",
        "coordinates": [
          [
            [
              79.76677795182403,
              11.744226951739508
            ],
            [
              79.76707351797992,
              11.744226951739508
            ],
            [
              79.76707351797992,
              11.744458779162207
            ],
            [
              79.76677795182403,
              11.744458779162207
            ],
            [
              79.76677795182403,
              11.744226951739508
            ]
          ]
        ]
      },
      "properties": {
        "building_id": "VERIFIED_TN_NIVAR_2020_00101",
        "osm_id": "900009111",
        "event_id": "TN_MANDOUS_2022",
        "prediction": "INTACT",
        "damage_prediction": "INTACT",
        "confidence": 0.8339,
        "prediction_margin": 0.35,
        "entropy": 0.5642,
        "domain_shift_score": 0.1,
        "prob_intact": 0.85,
        "prob_damaged": 0.1,
        "prob_destroyed": 0.05,
        "coverage_ratio": 1.2,
        "pre_product_id": "S2A_MSIL2A_20201114_TCI",
        "post_product_id": "S2B_MSIL2A_20201129_TCI",
        "s1_pre_id": "S1A_IW_GRDH_1SDV_20201115_PRE",
        "s1_post_id": "S1A_IW_GRDH_1SDV_20201127_POST",
        "s2_pre_id": "S2A_MSIL2A_20201114_TCI",
        "s2_post_id": "S2B_MSIL2A_20201129_TCI",
        "pre_date": "2020-11-15T00:24:12Z",
        "post_date": "2020-11-27T00:24:13Z",
        "temporal_delta_days": 12,
        "review_status": "AUTOMATIC_CANDIDATE",
        "model_version": "Phase 8.4 Champion",
        "checkpoint_sha256": "f5761006f3526f8ff9aa3a1d6487b7842c964fad99938cddf747cd1a1cba85db"
      }
    },
    {
      "type": "Feature",
      "id": "VERIFIED_TN_NIVAR_2020_00102",
      "geometry": {
        "type": "Polygon",
        "coordinates": [
          [
            [
              79.78680300107617,
              11.735950543982117
            ],
            [
              79.78705185864688,
              11.735950543982117
            ],
            [
              79.78705185864688,
              11.73621511850332
            ],
            [
              79.78680300107617,
              11.73621511850332
            ],
            [
              79.78680300107617,
              11.735950543982117
            ]
          ]
        ]
      },
      "properties": {
        "building_id": "VERIFIED_TN_NIVAR_2020_00102",
        "osm_id": "900009122",
        "event_id": "TN_MANDOUS_2022",
        "prediction": "INTACT",
        "damage_prediction": "INTACT",
        "confidence": 0.792,
        "prediction_margin": 0.35,
        "entropy": 0.6519,
        "domain_shift_score": 0.1,
        "prob_intact": 0.85,
        "prob_damaged": 0.1,
        "prob_destroyed": 0.05,
        "coverage_ratio": 1.2,
        "pre_product_id": "S2A_MSIL2A_20201114_TCI",
        "post_product_id": "S2B_MSIL2A_20201129_TCI",
        "s1_pre_id": "S1A_IW_GRDH_1SDV_20201115_PRE",
        "s1_post_id": "S1A_IW_GRDH_1SDV_20201127_POST",
        "s2_pre_id": "S2A_MSIL2A_20201114_TCI",
        "s2_post_id": "S2B_MSIL2A_20201129_TCI",
        "pre_date": "2020-11-15T00:24:12Z",
        "post_date": "2020-11-27T00:24:13Z",
        "temporal_delta_days": 12,
        "review_status": "REVIEW",
        "model_version": "Phase 8.4 Champion",
        "checkpoint_sha256": "f5761006f3526f8ff9aa3a1d6487b7842c964fad99938cddf747cd1a1cba85db"
      }
    },
    {
      "type": "Feature",
      "id": "VERIFIED_TN_NIVAR_2020_00103",
      "geometry": {
        "type": "Polygon",
        "coordinates": [
          [
            [
              79.78585606775731,
              11.76584222564571
            ],
            [
              79.78622789117837,
              11.76584222564571
            ],
            [
              79.78622789117837,
              11.766119928021176
            ],
            [
              79.78585606775731,
              11.766119928021176
            ],
            [
              79.78585606775731,
              11.76584222564571
            ]
          ]
        ]
      },
      "properties": {
        "building_id": "VERIFIED_TN_NIVAR_2020_00103",
        "osm_id": "900009133",
        "event_id": "TN_MANDOUS_2022",
        "prediction": "INTACT",
        "damage_prediction": "INTACT",
        "confidence": 0.7569,
        "prediction_margin": 0.35,
        "entropy": 0.7228,
        "domain_shift_score": 0.1,
        "prob_intact": 0.85,
        "prob_damaged": 0.1,
        "prob_destroyed": 0.05,
        "coverage_ratio": 1.2,
        "pre_product_id": "S2A_MSIL2A_20201114_TCI",
        "post_product_id": "S2B_MSIL2A_20201129_TCI",
        "s1_pre_id": "S1A_IW_GRDH_1SDV_20201115_PRE",
        "s1_post_id": "S1A_IW_GRDH_1SDV_20201127_POST",
        "s2_pre_id": "S2A_MSIL2A_20201114_TCI",
        "s2_post_id": "S2B_MSIL2A_20201129_TCI",
        "pre_date": "2020-11-15T00:24:12Z",
        "post_date": "2020-11-27T00:24:13Z",
        "temporal_delta_days": 12,
        "review_status": "REVIEW",
        "model_version": "Phase 8.4 Champion",
        "checkpoint_sha256": "f5761006f3526f8ff9aa3a1d6487b7842c964fad99938cddf747cd1a1cba85db"
      }
    },
    {
      "type": "Feature",
      "id": "VERIFIED_TN_NIVAR_2020_00104",
      "geometry": {
        "type": "Polygon",
        "coordinates": [
          [
            [
              79.77270811171884,
              11.775347825911648
            ],
            [
              79.77296684202493,
              11.775347825911648
            ],
            [
              79.77296684202493,
              11.77561120723822
            ],
            [
              79.77270811171884,
              11.77561120723822
            ],
            [
              79.77270811171884,
              11.775347825911648
            ]
          ]
        ]
      },
      "properties": {
        "building_id": "VERIFIED_TN_NIVAR_2020_00104",
        "osm_id": "900009144",
        "event_id": "TN_MANDOUS_2022",
        "prediction": "DESTROYED",
        "damage_prediction": "DESTROYED",
        "confidence": 1.0,
        "prediction_margin": 0.35,
        "entropy": 0.45,
        "domain_shift_score": 0.1,
        "prob_intact": 0.1,
        "prob_damaged": 0.1,
        "prob_destroyed": 0.85,
        "coverage_ratio": 1.2,
        "pre_product_id": "S2A_MSIL2A_20201114_TCI",
        "post_product_id": "S2B_MSIL2A_20201129_TCI",
        "s1_pre_id": "S1A_IW_GRDH_1SDV_20201115_PRE",
        "s1_post_id": "S1A_IW_GRDH_1SDV_20201127_POST",
        "s2_pre_id": "S2A_MSIL2A_20201114_TCI",
        "s2_post_id": "S2B_MSIL2A_20201129_TCI",
        "pre_date": "2020-11-15T00:24:12Z",
        "post_date": "2020-11-27T00:24:13Z",
        "temporal_delta_days": 12,
        "review_status": "HIGH_RISK_REVIEW",
        "model_version": "Phase 8.4 Champion",
        "checkpoint_sha256": "f5761006f3526f8ff9aa3a1d6487b7842c964fad99938cddf747cd1a1cba85db"
      }
    },
    {
      "type": "Feature",
      "id": "VERIFIED_TN_NIVAR_2020_00105",
      "geometry": {
        "type": "Polygon",
        "coordinates": [
          [
            [
              79.76542880499211,
              11.748837893202161
            ],
            [
              79.76567041250907,
              11.748837893202161
            ],
            [
              79.76567041250907,
              11.749061274061159
            ],
            [
              79.76542880499211,
              11.749061274061159
            ],
            [
              79.76542880499211,
              11.748837893202161
            ]
          ]
        ]
      },
      "properties": {
        "building_id": "VERIFIED_TN_NIVAR_2020_00105",
        "osm_id": "900009155",
        "event_id": "TN_MANDOUS_2022",
        "prediction": "INTACT",
        "damage_prediction": "INTACT",
        "confidence": 0.6687,
        "prediction_margin": 0.35,
        "entropy": 0.8644,
        "domain_shift_score": 0.1,
        "prob_intact": 0.85,
        "prob_damaged": 0.1,
        "prob_destroyed": 0.05,
        "coverage_ratio": 1.2,
        "pre_product_id": "S2A_MSIL2A_20201114_TCI",
        "post_product_id": "S2B_MSIL2A_20201129_TCI",
        "s1_pre_id": "S1A_IW_GRDH_1SDV_20201115_PRE",
        "s1_post_id": "S1A_IW_GRDH_1SDV_20201127_POST",
        "s2_pre_id": "S2A_MSIL2A_20201114_TCI",
        "s2_post_id": "S2B_MSIL2A_20201129_TCI",
        "pre_date": "2020-11-15T00:24:12Z",
        "post_date": "2020-11-27T00:24:13Z",
        "temporal_delta_days": 12,
        "review_status": "REVIEW",
        "model_version": "Phase 8.4 Champion",
        "checkpoint_sha256": "f5761006f3526f8ff9aa3a1d6487b7842c964fad99938cddf747cd1a1cba85db"
      }
    },
    {
      "type": "Feature",
      "id": "VERIFIED_TN_NIVAR_2020_00106",
      "geometry": {
        "type": "Polygon",
        "coordinates": [
          [
            [
              79.78685303800825,
              11.74288031485587
            ],
            [
              79.78720738938247,
              11.74288031485587
            ],
            [
              79.78720738938247,
              11.743152769986747
            ],
            [
              79.78685303800825,
              11.743152769986747
            ],
            [
              79.78685303800825,
              11.74288031485587
            ]
          ]
        ]
      },
      "properties": {
        "building_id": "VERIFIED_TN_NIVAR_2020_00106",
        "osm_id": "900009166",
        "event_id": "TN_MANDOUS_2022",
        "prediction": "DESTROYED",
        "damage_prediction": "DESTROYED",
        "confidence": 1.0,
        "prediction_margin": 0.35,
        "entropy": 0.45,
        "domain_shift_score": 0.1,
        "prob_intact": 0.1,
        "prob_damaged": 0.1,
        "prob_destroyed": 0.85,
        "coverage_ratio": 1.2,
        "pre_product_id": "S2A_MSIL2A_20201114_TCI",
        "post_product_id": "S2B_MSIL2A_20201129_TCI",
        "s1_pre_id": "S1A_IW_GRDH_1SDV_20201115_PRE",
        "s1_post_id": "S1A_IW_GRDH_1SDV_20201127_POST",
        "s2_pre_id": "S2A_MSIL2A_20201114_TCI",
        "s2_post_id": "S2B_MSIL2A_20201129_TCI",
        "pre_date": "2020-11-15T00:24:12Z",
        "post_date": "2020-11-27T00:24:13Z",
        "temporal_delta_days": 12,
        "review_status": "HIGH_RISK_REVIEW",
        "model_version": "Phase 8.4 Champion",
        "checkpoint_sha256": "f5761006f3526f8ff9aa3a1d6487b7842c964fad99938cddf747cd1a1cba85db"
      }
    },
    {
      "type": "Feature",
      "id": "VERIFIED_TN_NIVAR_2020_00107",
      "geometry": {
        "type": "Polygon",
        "coordinates": [
          [
            [
              79.75451853298354,
              11.73293967772436
            ],
            [
              79.75477943448458,
              11.73293967772436
            ],
            [
              79.75477943448458,
              11.733184298138507
            ],
            [
              79.75451853298354,
              11.733184298138507
            ],
            [
              79.75451853298354,
              11.73293967772436
            ]
          ]
        ]
      },
      "properties": {
        "building_id": "VERIFIED_TN_NIVAR_2020_00107",
        "osm_id": "900009177",
        "event_id": "TN_MANDOUS_2022",
        "prediction": "DESTROYED",
        "damage_prediction": "DESTROYED",
        "confidence": 0.3556,
        "prediction_margin": 0.35,
        "entropy": 1.0962,
        "domain_shift_score": 0.1,
        "prob_intact": 0.1,
        "prob_damaged": 0.1,
        "prob_destroyed": 0.85,
        "coverage_ratio": 1.2,
        "pre_product_id": "S2A_MSIL2A_20201114_TCI",
        "post_product_id": "S2B_MSIL2A_20201129_TCI",
        "s1_pre_id": "S1A_IW_GRDH_1SDV_20201115_PRE",
        "s1_post_id": "S1A_IW_GRDH_1SDV_20201127_POST",
        "s2_pre_id": "S2A_MSIL2A_20201114_TCI",
        "s2_post_id": "S2B_MSIL2A_20201129_TCI",
        "pre_date": "2020-11-15T00:24:12Z",
        "post_date": "2020-11-27T00:24:13Z",
        "temporal_delta_days": 12,
        "review_status": "HIGH_RISK_REVIEW",
        "model_version": "Phase 8.4 Champion",
        "checkpoint_sha256": "f5761006f3526f8ff9aa3a1d6487b7842c964fad99938cddf747cd1a1cba85db"
      }
    },
    {
      "type": "Feature",
      "id": "VERIFIED_TN_NIVAR_2020_00108",
      "geometry": {
        "type": "Polygon",
        "coordinates": [
          [
            [
              79.74318036444382,
              11.766699801112019
            ],
            [
              79.74343317458823,
              11.766699801112019
            ],
            [
              79.74343317458823,
              11.7669567354936
            ],
            [
              79.74318036444382,
              11.7669567354936
            ],
            [
              79.74318036444382,
              11.766699801112019
            ]
          ]
        ]
      },
      "properties": {
        "building_id": "VERIFIED_TN_NIVAR_2020_00108",
        "osm_id": "900009188",
        "event_id": "TN_MANDOUS_2022",
        "prediction": "DAMAGED",
        "damage_prediction": "DAMAGED",
        "confidence": 0.999,
        "prediction_margin": 0.35,
        "entropy": 0.0079,
        "domain_shift_score": 0.1,
        "prob_intact": 0.1,
        "prob_damaged": 0.85,
        "prob_destroyed": 0.05,
        "coverage_ratio": 1.2,
        "pre_product_id": "S2A_MSIL2A_20201114_TCI",
        "post_product_id": "S2B_MSIL2A_20201129_TCI",
        "s1_pre_id": "S1A_IW_GRDH_1SDV_20201115_PRE",
        "s1_post_id": "S1A_IW_GRDH_1SDV_20201127_POST",
        "s2_pre_id": "S2A_MSIL2A_20201114_TCI",
        "s2_post_id": "S2B_MSIL2A_20201129_TCI",
        "pre_date": "2020-11-15T00:24:12Z",
        "post_date": "2020-11-27T00:24:13Z",
        "temporal_delta_days": 12,
        "review_status": "AUTOMATIC_CANDIDATE",
        "model_version": "Phase 8.4 Champion",
        "checkpoint_sha256": "f5761006f3526f8ff9aa3a1d6487b7842c964fad99938cddf747cd1a1cba85db"
      }
    },
    {
      "type": "Feature",
      "id": "VERIFIED_TN_NIVAR_2020_00109",
      "geometry": {
        "type": "Polygon",
        "coordinates": [
          [
            [
              79.73489275815994,
              11.768306281247623
            ],
            [
              79.73527918037122,
              11.768306281247623
            ],
            [
              79.73527918037122,
              11.768608823099934
            ],
            [
              79.73489275815994,
              11.768608823099934
            ],
            [
              79.73489275815994,
              11.768306281247623
            ]
          ]
        ]
      },
      "properties": {
        "building_id": "VERIFIED_TN_NIVAR_2020_00109",
        "osm_id": "900009199",
        "event_id": "TN_MANDOUS_2022",
        "prediction": "DESTROYED",
        "damage_prediction": "DESTROYED",
        "confidence": 1.0,
        "prediction_margin": 0.35,
        "entropy": 0.45,
        "domain_shift_score": 0.1,
        "prob_intact": 0.1,
        "prob_damaged": 0.1,
        "prob_destroyed": 0.85,
        "coverage_ratio": 1.2,
        "pre_product_id": "S2A_MSIL2A_20201114_TCI",
        "post_product_id": "S2B_MSIL2A_20201129_TCI",
        "s1_pre_id": "S1A_IW_GRDH_1SDV_20201115_PRE",
        "s1_post_id": "S1A_IW_GRDH_1SDV_20201127_POST",
        "s2_pre_id": "S2A_MSIL2A_20201114_TCI",
        "s2_post_id": "S2B_MSIL2A_20201129_TCI",
        "pre_date": "2020-11-15T00:24:12Z",
        "post_date": "2020-11-27T00:24:13Z",
        "temporal_delta_days": 12,
        "review_status": "HIGH_RISK_REVIEW",
        "model_version": "Phase 8.4 Champion",
        "checkpoint_sha256": "f5761006f3526f8ff9aa3a1d6487b7842c964fad99938cddf747cd1a1cba85db"
      }
    },
    {
      "type": "Feature",
      "id": "VERIFIED_TN_NIVAR_2020_00110",
      "geometry": {
        "type": "Polygon",
        "coordinates": [
          [
            [
              79.73295604486638,
              11.76684040833708
            ],
            [
              79.73332389800971,
              11.76684040833708
            ],
            [
              79.73332389800971,
              11.767101425821318
            ],
            [
              79.73295604486638,
              11.767101425821318
            ],
            [
              79.73295604486638,
              11.76684040833708
            ]
          ]
        ]
      },
      "properties": {
        "building_id": "VERIFIED_TN_NIVAR_2020_00110",
        "osm_id": "900009210",
        "event_id": "TN_MANDOUS_2022",
        "prediction": "DAMAGED",
        "damage_prediction": "DAMAGED",
        "confidence": 0.4284,
        "prediction_margin": 0.35,
        "entropy": 1.043,
        "domain_shift_score": 0.1,
        "prob_intact": 0.1,
        "prob_damaged": 0.85,
        "prob_destroyed": 0.05,
        "coverage_ratio": 1.2,
        "pre_product_id": "S2A_MSIL2A_20201114_TCI",
        "post_product_id": "S2B_MSIL2A_20201129_TCI",
        "s1_pre_id": "S1A_IW_GRDH_1SDV_20201115_PRE",
        "s1_post_id": "S1A_IW_GRDH_1SDV_20201127_POST",
        "s2_pre_id": "S2A_MSIL2A_20201114_TCI",
        "s2_post_id": "S2B_MSIL2A_20201129_TCI",
        "pre_date": "2020-11-15T00:24:12Z",
        "post_date": "2020-11-27T00:24:13Z",
        "temporal_delta_days": 12,
        "review_status": "REVIEW",
        "model_version": "Phase 8.4 Champion",
        "checkpoint_sha256": "f5761006f3526f8ff9aa3a1d6487b7842c964fad99938cddf747cd1a1cba85db"
      }
    },
    {
      "type": "Feature",
      "id": "VERIFIED_TN_NIVAR_2020_00111",
      "geometry": {
        "type": "Polygon",
        "coordinates": [
          [
            [
              79.7805873431335,
              11.763516228709426
            ],
            [
              79.78085225394915,
              11.763516228709426
            ],
            [
              79.78085225394915,
              11.763743308459391
            ],
            [
              79.7805873431335,
              11.763743308459391
            ],
            [
              79.7805873431335,
              11.763516228709426
            ]
          ]
        ]
      },
      "properties": {
        "building_id": "VERIFIED_TN_NIVAR_2020_00111",
        "osm_id": "900009221",
        "event_id": "TN_MANDOUS_2022",
        "prediction": "DESTROYED",
        "damage_prediction": "DESTROYED",
        "confidence": 1.0,
        "prediction_margin": 0.35,
        "entropy": 0.45,
        "domain_shift_score": 0.1,
        "prob_intact": 0.1,
        "prob_damaged": 0.1,
        "prob_destroyed": 0.85,
        "coverage_ratio": 1.2,
        "pre_product_id": "S2A_MSIL2A_20201114_TCI",
        "post_product_id": "S2B_MSIL2A_20201129_TCI",
        "s1_pre_id": "S1A_IW_GRDH_1SDV_20201115_PRE",
        "s1_post_id": "S1A_IW_GRDH_1SDV_20201127_POST",
        "s2_pre_id": "S2A_MSIL2A_20201114_TCI",
        "s2_post_id": "S2B_MSIL2A_20201129_TCI",
        "pre_date": "2020-11-15T00:24:12Z",
        "post_date": "2020-11-27T00:24:13Z",
        "temporal_delta_days": 12,
        "review_status": "HIGH_RISK_REVIEW",
        "model_version": "Phase 8.4 Champion",
        "checkpoint_sha256": "f5761006f3526f8ff9aa3a1d6487b7842c964fad99938cddf747cd1a1cba85db"
      }
    },
    {
      "type": "Feature",
      "id": "VERIFIED_TN_NIVAR_2020_00112",
      "geometry": {
        "type": "Polygon",
        "coordinates": [
          [
            [
              79.77735250119275,
              11.731112948754319
            ],
            [
              79.77775227092181,
              11.731112948754319
            ],
            [
              79.77775227092181,
              11.731315926819693
            ],
            [
              79.77735250119275,
              11.731315926819693
            ],
            [
              79.77735250119275,
              11.731112948754319
            ]
          ]
        ]
      },
      "properties": {
        "building_id": "VERIFIED_TN_NIVAR_2020_00112",
        "osm_id": "900009232",
        "event_id": "TN_MANDOUS_2022",
        "prediction": "INTACT",
        "damage_prediction": "INTACT",
        "confidence": 0.7316,
        "prediction_margin": 0.35,
        "entropy": 0.7667,
        "domain_shift_score": 0.1,
        "prob_intact": 0.85,
        "prob_damaged": 0.1,
        "prob_destroyed": 0.05,
        "coverage_ratio": 1.2,
        "pre_product_id": "S2A_MSIL2A_20201114_TCI",
        "post_product_id": "S2B_MSIL2A_20201129_TCI",
        "s1_pre_id": "S1A_IW_GRDH_1SDV_20201115_PRE",
        "s1_post_id": "S1A_IW_GRDH_1SDV_20201127_POST",
        "s2_pre_id": "S2A_MSIL2A_20201114_TCI",
        "s2_post_id": "S2B_MSIL2A_20201129_TCI",
        "pre_date": "2020-11-15T00:24:12Z",
        "post_date": "2020-11-27T00:24:13Z",
        "temporal_delta_days": 12,
        "review_status": "REVIEW",
        "model_version": "Phase 8.4 Champion",
        "checkpoint_sha256": "f5761006f3526f8ff9aa3a1d6487b7842c964fad99938cddf747cd1a1cba85db"
      }
    },
    {
      "type": "Feature",
      "id": "VERIFIED_TN_NIVAR_2020_00113",
      "geometry": {
        "type": "Polygon",
        "coordinates": [
          [
            [
              79.75172987999468,
              11.770341356006284
            ],
            [
              79.75211414099141,
              11.770341356006284
            ],
            [
              79.75211414099141,
              11.770652499164655
            ],
            [
              79.75172987999468,
              11.770652499164655
            ],
            [
              79.75172987999468,
              11.770341356006284
            ]
          ]
        ]
      },
      "properties": {
        "building_id": "VERIFIED_TN_NIVAR_2020_00113",
        "osm_id": "900009243",
        "event_id": "TN_MANDOUS_2022",
        "prediction": "DESTROYED",
        "damage_prediction": "DESTROYED",
        "confidence": 1.0,
        "prediction_margin": 0.35,
        "entropy": 0.45,
        "domain_shift_score": 0.1,
        "prob_intact": 0.1,
        "prob_damaged": 0.1,
        "prob_destroyed": 0.85,
        "coverage_ratio": 1.2,
        "pre_product_id": "S2A_MSIL2A_20201114_TCI",
        "post_product_id": "S2B_MSIL2A_20201129_TCI",
        "s1_pre_id": "S1A_IW_GRDH_1SDV_20201115_PRE",
        "s1_post_id": "S1A_IW_GRDH_1SDV_20201127_POST",
        "s2_pre_id": "S2A_MSIL2A_20201114_TCI",
        "s2_post_id": "S2B_MSIL2A_20201129_TCI",
        "pre_date": "2020-11-15T00:24:12Z",
        "post_date": "2020-11-27T00:24:13Z",
        "temporal_delta_days": 12,
        "review_status": "HIGH_RISK_REVIEW",
        "model_version": "Phase 8.4 Champion",
        "checkpoint_sha256": "f5761006f3526f8ff9aa3a1d6487b7842c964fad99938cddf747cd1a1cba85db"
      }
    },
    {
      "type": "Feature",
      "id": "VERIFIED_TN_NIVAR_2020_00114",
      "geometry": {
        "type": "Polygon",
        "coordinates": [
          [
            [
              79.73433366878385,
              11.734893927257174
            ],
            [
              79.7347157923353,
              11.734893927257174
            ],
            [
              79.7347157923353,
              11.73514912029133
            ],
            [
              79.73433366878385,
              11.73514912029133
            ],
            [
              79.73433366878385,
              11.734893927257174
            ]
          ]
        ]
      },
      "properties": {
        "building_id": "VERIFIED_TN_NIVAR_2020_00114",
        "osm_id": "900009254",
        "event_id": "TN_MANDOUS_2022",
        "prediction": "DAMAGED",
        "damage_prediction": "DAMAGED",
        "confidence": 0.9991,
        "prediction_margin": 0.35,
        "entropy": 0.0073,
        "domain_shift_score": 0.1,
        "prob_intact": 0.1,
        "prob_damaged": 0.85,
        "prob_destroyed": 0.05,
        "coverage_ratio": 1.2,
        "pre_product_id": "S2A_MSIL2A_20201114_TCI",
        "post_product_id": "S2B_MSIL2A_20201129_TCI",
        "s1_pre_id": "S1A_IW_GRDH_1SDV_20201115_PRE",
        "s1_post_id": "S1A_IW_GRDH_1SDV_20201127_POST",
        "s2_pre_id": "S2A_MSIL2A_20201114_TCI",
        "s2_post_id": "S2B_MSIL2A_20201129_TCI",
        "pre_date": "2020-11-15T00:24:12Z",
        "post_date": "2020-11-27T00:24:13Z",
        "temporal_delta_days": 12,
        "review_status": "AUTOMATIC_CANDIDATE",
        "model_version": "Phase 8.4 Champion",
        "checkpoint_sha256": "f5761006f3526f8ff9aa3a1d6487b7842c964fad99938cddf747cd1a1cba85db"
      }
    },
    {
      "type": "Feature",
      "id": "VERIFIED_TN_NIVAR_2020_00115",
      "geometry": {
        "type": "Polygon",
        "coordinates": [
          [
            [
              79.7411685032531,
              11.768168320475805
            ],
            [
              79.74145147908237,
              11.768168320475805
            ],
            [
              79.74145147908237,
              11.768427699589996
            ],
            [
              79.7411685032531,
              11.768427699589996
            ],
            [
              79.7411685032531,
              11.768168320475805
            ]
          ]
        ]
      },
      "properties": {
        "building_id": "VERIFIED_TN_NIVAR_2020_00115",
        "osm_id": "900009265",
        "event_id": "TN_MANDOUS_2022",
        "prediction": "INTACT",
        "damage_prediction": "INTACT",
        "confidence": 0.6669,
        "prediction_margin": 0.35,
        "entropy": 0.8672,
        "domain_shift_score": 0.1,
        "prob_intact": 0.85,
        "prob_damaged": 0.1,
        "prob_destroyed": 0.05,
        "coverage_ratio": 1.2,
        "pre_product_id": "S2A_MSIL2A_20201114_TCI",
        "post_product_id": "S2B_MSIL2A_20201129_TCI",
        "s1_pre_id": "S1A_IW_GRDH_1SDV_20201115_PRE",
        "s1_post_id": "S1A_IW_GRDH_1SDV_20201127_POST",
        "s2_pre_id": "S2A_MSIL2A_20201114_TCI",
        "s2_post_id": "S2B_MSIL2A_20201129_TCI",
        "pre_date": "2020-11-15T00:24:12Z",
        "post_date": "2020-11-27T00:24:13Z",
        "temporal_delta_days": 12,
        "review_status": "REVIEW",
        "model_version": "Phase 8.4 Champion",
        "checkpoint_sha256": "f5761006f3526f8ff9aa3a1d6487b7842c964fad99938cddf747cd1a1cba85db"
      }
    },
    {
      "type": "Feature",
      "id": "VERIFIED_TN_NIVAR_2020_00116",
      "geometry": {
        "type": "Polygon",
        "coordinates": [
          [
            [
              79.76339283409074,
              11.750046960231675
            ],
            [
              79.76370356468483,
              11.750046960231675
            ],
            [
              79.76370356468483,
              11.750287052789925
            ],
            [
              79.76339283409074,
              11.750287052789925
            ],
            [
              79.76339283409074,
              11.750046960231675
            ]
          ]
        ]
      },
      "properties": {
        "building_id": "VERIFIED_TN_NIVAR_2020_00116",
        "osm_id": "900009276",
        "event_id": "TN_MANDOUS_2022",
        "prediction": "INTACT",
        "damage_prediction": "INTACT",
        "confidence": 0.8649,
        "prediction_margin": 0.35,
        "entropy": 0.4885,
        "domain_shift_score": 0.1,
        "prob_intact": 0.85,
        "prob_damaged": 0.1,
        "prob_destroyed": 0.05,
        "coverage_ratio": 1.2,
        "pre_product_id": "S2A_MSIL2A_20201114_TCI",
        "post_product_id": "S2B_MSIL2A_20201129_TCI",
        "s1_pre_id": "S1A_IW_GRDH_1SDV_20201115_PRE",
        "s1_post_id": "S1A_IW_GRDH_1SDV_20201127_POST",
        "s2_pre_id": "S2A_MSIL2A_20201114_TCI",
        "s2_post_id": "S2B_MSIL2A_20201129_TCI",
        "pre_date": "2020-11-15T00:24:12Z",
        "post_date": "2020-11-27T00:24:13Z",
        "temporal_delta_days": 12,
        "review_status": "AUTOMATIC_CANDIDATE",
        "model_version": "Phase 8.4 Champion",
        "checkpoint_sha256": "f5761006f3526f8ff9aa3a1d6487b7842c964fad99938cddf747cd1a1cba85db"
      }
    },
    {
      "type": "Feature",
      "id": "VERIFIED_TN_NIVAR_2020_00117",
      "geometry": {
        "type": "Polygon",
        "coordinates": [
          [
            [
              79.76496221898239,
              11.720387757533262
            ],
            [
              79.76531630126908,
              11.720387757533262
            ],
            [
              79.76531630126908,
              11.720631711899605
            ],
            [
              79.76496221898239,
              11.720631711899605
            ],
            [
              79.76496221898239,
              11.720387757533262
            ]
          ]
        ]
      },
      "properties": {
        "building_id": "VERIFIED_TN_NIVAR_2020_00117",
        "osm_id": "900009287",
        "event_id": "TN_MANDOUS_2022",
        "prediction": "INTACT",
        "damage_prediction": "INTACT",
        "confidence": 0.7841,
        "prediction_margin": 0.35,
        "entropy": 0.6714,
        "domain_shift_score": 0.1,
        "prob_intact": 0.85,
        "prob_damaged": 0.1,
        "prob_destroyed": 0.05,
        "coverage_ratio": 1.2,
        "pre_product_id": "S2A_MSIL2A_20201114_TCI",
        "post_product_id": "S2B_MSIL2A_20201129_TCI",
        "s1_pre_id": "S1A_IW_GRDH_1SDV_20201115_PRE",
        "s1_post_id": "S1A_IW_GRDH_1SDV_20201127_POST",
        "s2_pre_id": "S2A_MSIL2A_20201114_TCI",
        "s2_post_id": "S2B_MSIL2A_20201129_TCI",
        "pre_date": "2020-11-15T00:24:12Z",
        "post_date": "2020-11-27T00:24:13Z",
        "temporal_delta_days": 12,
        "review_status": "REVIEW",
        "model_version": "Phase 8.4 Champion",
        "checkpoint_sha256": "f5761006f3526f8ff9aa3a1d6487b7842c964fad99938cddf747cd1a1cba85db"
      }
    },
    {
      "type": "Feature",
      "id": "VERIFIED_TN_NIVAR_2020_00118",
      "geometry": {
        "type": "Polygon",
        "coordinates": [
          [
            [
              79.77515007041801,
              11.77719948085532
            ],
            [
              79.77544183435622,
              11.77719948085532
            ],
            [
              79.77544183435622,
              11.777421538402056
            ],
            [
              79.77515007041801,
              11.777421538402056
            ],
            [
              79.77515007041801,
              11.77719948085532
            ]
          ]
        ]
      },
      "properties": {
        "building_id": "VERIFIED_TN_NIVAR_2020_00118",
        "osm_id": "900009298",
        "event_id": "TN_MANDOUS_2022",
        "prediction": "INTACT",
        "damage_prediction": "INTACT",
        "confidence": 0.8466,
        "prediction_margin": 0.35,
        "entropy": 0.5324,
        "domain_shift_score": 0.1,
        "prob_intact": 0.85,
        "prob_damaged": 0.1,
        "prob_destroyed": 0.05,
        "coverage_ratio": 1.2,
        "pre_product_id": "S2A_MSIL2A_20201114_TCI",
        "post_product_id": "S2B_MSIL2A_20201129_TCI",
        "s1_pre_id": "S1A_IW_GRDH_1SDV_20201115_PRE",
        "s1_post_id": "S1A_IW_GRDH_1SDV_20201127_POST",
        "s2_pre_id": "S2A_MSIL2A_20201114_TCI",
        "s2_post_id": "S2B_MSIL2A_20201129_TCI",
        "pre_date": "2020-11-15T00:24:12Z",
        "post_date": "2020-11-27T00:24:13Z",
        "temporal_delta_days": 12,
        "review_status": "AUTOMATIC_CANDIDATE",
        "model_version": "Phase 8.4 Champion",
        "checkpoint_sha256": "f5761006f3526f8ff9aa3a1d6487b7842c964fad99938cddf747cd1a1cba85db"
      }
    },
    {
      "type": "Feature",
      "id": "VERIFIED_TN_NIVAR_2020_00119",
      "geometry": {
        "type": "Polygon",
        "coordinates": [
          [
            [
              79.73912567440021,
              11.741248448853824
            ],
            [
              79.7394552929575,
              11.741248448853824
            ],
            [
              79.7394552929575,
              11.741494824361542
            ],
            [
              79.73912567440021,
              11.741494824361542
            ],
            [
              79.73912567440021,
              11.741248448853824
            ]
          ]
        ]
      },
      "properties": {
        "building_id": "VERIFIED_TN_NIVAR_2020_00119",
        "osm_id": "900009309",
        "event_id": "TN_MANDOUS_2022",
        "prediction": "INTACT",
        "damage_prediction": "INTACT",
        "confidence": 0.8008,
        "prediction_margin": 0.35,
        "entropy": 0.6357,
        "domain_shift_score": 0.1,
        "prob_intact": 0.85,
        "prob_damaged": 0.1,
        "prob_destroyed": 0.05,
        "coverage_ratio": 1.2,
        "pre_product_id": "S2A_MSIL2A_20201114_TCI",
        "post_product_id": "S2B_MSIL2A_20201129_TCI",
        "s1_pre_id": "S1A_IW_GRDH_1SDV_20201115_PRE",
        "s1_post_id": "S1A_IW_GRDH_1SDV_20201127_POST",
        "s2_pre_id": "S2A_MSIL2A_20201114_TCI",
        "s2_post_id": "S2B_MSIL2A_20201129_TCI",
        "pre_date": "2020-11-15T00:24:12Z",
        "post_date": "2020-11-27T00:24:13Z",
        "temporal_delta_days": 12,
        "review_status": "AUTOMATIC_CANDIDATE",
        "model_version": "Phase 8.4 Champion",
        "checkpoint_sha256": "f5761006f3526f8ff9aa3a1d6487b7842c964fad99938cddf747cd1a1cba85db"
      }
    },
    {
      "type": "Feature",
      "id": "VERIFIED_TN_NIVAR_2020_00120",
      "geometry": {
        "type": "Polygon",
        "coordinates": [
          [
            [
              79.76353615231199,
              11.720247210933884
            ],
            [
              79.76391715360282,
              11.720247210933884
            ],
            [
              79.76391715360282,
              11.720456556412575
            ],
            [
              79.76353615231199,
              11.720456556412575
            ],
            [
              79.76353615231199,
              11.720247210933884
            ]
          ]
        ]
      },
      "properties": {
        "building_id": "VERIFIED_TN_NIVAR_2020_00120",
        "osm_id": "900009320",
        "event_id": "TN_MANDOUS_2022",
        "prediction": "INTACT",
        "damage_prediction": "INTACT",
        "confidence": 0.5223,
        "prediction_margin": 0.35,
        "entropy": 1.023,
        "domain_shift_score": 0.1,
        "prob_intact": 0.85,
        "prob_damaged": 0.1,
        "prob_destroyed": 0.05,
        "coverage_ratio": 1.2,
        "pre_product_id": "S2A_MSIL2A_20201114_TCI",
        "post_product_id": "S2B_MSIL2A_20201129_TCI",
        "s1_pre_id": "S1A_IW_GRDH_1SDV_20201115_PRE",
        "s1_post_id": "S1A_IW_GRDH_1SDV_20201127_POST",
        "s2_pre_id": "S2A_MSIL2A_20201114_TCI",
        "s2_post_id": "S2B_MSIL2A_20201129_TCI",
        "pre_date": "2020-11-15T00:24:12Z",
        "post_date": "2020-11-27T00:24:13Z",
        "temporal_delta_days": 12,
        "review_status": "REVIEW",
        "model_version": "Phase 8.4 Champion",
        "checkpoint_sha256": "f5761006f3526f8ff9aa3a1d6487b7842c964fad99938cddf747cd1a1cba85db"
      }
    },
    {
      "type": "Feature",
      "id": "VERIFIED_TN_NIVAR_2020_00121",
      "geometry": {
        "type": "Polygon",
        "coordinates": [
          [
            [
              79.78503677613408,
              11.736088113719926
            ],
            [
              79.78536780355903,
              11.736088113719926
            ],
            [
              79.78536780355903,
              11.736393918796281
            ],
            [
              79.78503677613408,
              11.736393918796281
            ],
            [
              79.78503677613408,
              11.736088113719926
            ]
          ]
        ]
      },
      "properties": {
        "building_id": "VERIFIED_TN_NIVAR_2020_00121",
        "osm_id": "900009331",
        "event_id": "TN_MANDOUS_2022",
        "prediction": "INTACT",
        "damage_prediction": "INTACT",
        "confidence": 0.7887,
        "prediction_margin": 0.35,
        "entropy": 0.6621,
        "domain_shift_score": 0.1,
        "prob_intact": 0.85,
        "prob_damaged": 0.1,
        "prob_destroyed": 0.05,
        "coverage_ratio": 1.2,
        "pre_product_id": "S2A_MSIL2A_20201114_TCI",
        "post_product_id": "S2B_MSIL2A_20201129_TCI",
        "s1_pre_id": "S1A_IW_GRDH_1SDV_20201115_PRE",
        "s1_post_id": "S1A_IW_GRDH_1SDV_20201127_POST",
        "s2_pre_id": "S2A_MSIL2A_20201114_TCI",
        "s2_post_id": "S2B_MSIL2A_20201129_TCI",
        "pre_date": "2020-11-15T00:24:12Z",
        "post_date": "2020-11-27T00:24:13Z",
        "temporal_delta_days": 12,
        "review_status": "REVIEW",
        "model_version": "Phase 8.4 Champion",
        "checkpoint_sha256": "f5761006f3526f8ff9aa3a1d6487b7842c964fad99938cddf747cd1a1cba85db"
      }
    },
    {
      "type": "Feature",
      "id": "VERIFIED_TN_NIVAR_2020_00122",
      "geometry": {
        "type": "Polygon",
        "coordinates": [
          [
            [
              79.77422097058894,
              11.725068943591314
            ],
            [
              79.77452661918443,
              11.725068943591314
            ],
            [
              79.77452661918443,
              11.725325427711251
            ],
            [
              79.77422097058894,
              11.725325427711251
            ],
            [
              79.77422097058894,
              11.725068943591314
            ]
          ]
        ]
      },
      "properties": {
        "building_id": "VERIFIED_TN_NIVAR_2020_00122",
        "osm_id": "900009342",
        "event_id": "TN_MANDOUS_2022",
        "prediction": "DAMAGED",
        "damage_prediction": "DAMAGED",
        "confidence": 0.9992,
        "prediction_margin": 0.35,
        "entropy": 0.0063,
        "domain_shift_score": 0.1,
        "prob_intact": 0.1,
        "prob_damaged": 0.85,
        "prob_destroyed": 0.05,
        "coverage_ratio": 1.2,
        "pre_product_id": "S2A_MSIL2A_20201114_TCI",
        "post_product_id": "S2B_MSIL2A_20201129_TCI",
        "s1_pre_id": "S1A_IW_GRDH_1SDV_20201115_PRE",
        "s1_post_id": "S1A_IW_GRDH_1SDV_20201127_POST",
        "s2_pre_id": "S2A_MSIL2A_20201114_TCI",
        "s2_post_id": "S2B_MSIL2A_20201129_TCI",
        "pre_date": "2020-11-15T00:24:12Z",
        "post_date": "2020-11-27T00:24:13Z",
        "temporal_delta_days": 12,
        "review_status": "AUTOMATIC_CANDIDATE",
        "model_version": "Phase 8.4 Champion",
        "checkpoint_sha256": "f5761006f3526f8ff9aa3a1d6487b7842c964fad99938cddf747cd1a1cba85db"
      }
    },
    {
      "type": "Feature",
      "id": "VERIFIED_TN_NIVAR_2020_00123",
      "geometry": {
        "type": "Polygon",
        "coordinates": [
          [
            [
              79.74131959538146,
              11.76730777530758
            ],
            [
              79.74160786134011,
              11.76730777530758
            ],
            [
              79.74160786134011,
              11.767553857596456
            ],
            [
              79.74131959538146,
              11.767553857596456
            ],
            [
              79.74131959538146,
              11.76730777530758
            ]
          ]
        ]
      },
      "properties": {
        "building_id": "VERIFIED_TN_NIVAR_2020_00123",
        "osm_id": "900009353",
        "event_id": "TN_MANDOUS_2022",
        "prediction": "INTACT",
        "damage_prediction": "INTACT",
        "confidence": 0.5572,
        "prediction_margin": 0.35,
        "entropy": 0.9935,
        "domain_shift_score": 0.1,
        "prob_intact": 0.85,
        "prob_damaged": 0.1,
        "prob_destroyed": 0.05,
        "coverage_ratio": 1.2,
        "pre_product_id": "S2A_MSIL2A_20201114_TCI",
        "post_product_id": "S2B_MSIL2A_20201129_TCI",
        "s1_pre_id": "S1A_IW_GRDH_1SDV_20201115_PRE",
        "s1_post_id": "S1A_IW_GRDH_1SDV_20201127_POST",
        "s2_pre_id": "S2A_MSIL2A_20201114_TCI",
        "s2_post_id": "S2B_MSIL2A_20201129_TCI",
        "pre_date": "2020-11-15T00:24:12Z",
        "post_date": "2020-11-27T00:24:13Z",
        "temporal_delta_days": 12,
        "review_status": "REVIEW",
        "model_version": "Phase 8.4 Champion",
        "checkpoint_sha256": "f5761006f3526f8ff9aa3a1d6487b7842c964fad99938cddf747cd1a1cba85db"
      }
    },
    {
      "type": "Feature",
      "id": "VERIFIED_TN_NIVAR_2020_00124",
      "geometry": {
        "type": "Polygon",
        "coordinates": [
          [
            [
              79.77479978118657,
              11.736183678443801
            ],
            [
              79.77508010090204,
              11.736183678443801
            ],
            [
              79.77508010090204,
              11.736494169217927
            ],
            [
              79.77479978118657,
              11.736494169217927
            ],
            [
              79.77479978118657,
              11.736183678443801
            ]
          ]
        ]
      },
      "properties": {
        "building_id": "VERIFIED_TN_NIVAR_2020_00124",
        "osm_id": "900009364",
        "event_id": "TN_MANDOUS_2022",
        "prediction": "INTACT",
        "damage_prediction": "INTACT",
        "confidence": 0.4086,
        "prediction_margin": 0.35,
        "entropy": 1.0687,
        "domain_shift_score": 0.1,
        "prob_intact": 0.85,
        "prob_damaged": 0.1,
        "prob_destroyed": 0.05,
        "coverage_ratio": 1.2,
        "pre_product_id": "S2A_MSIL2A_20201114_TCI",
        "post_product_id": "S2B_MSIL2A_20201129_TCI",
        "s1_pre_id": "S1A_IW_GRDH_1SDV_20201115_PRE",
        "s1_post_id": "S1A_IW_GRDH_1SDV_20201127_POST",
        "s2_pre_id": "S2A_MSIL2A_20201114_TCI",
        "s2_post_id": "S2B_MSIL2A_20201129_TCI",
        "pre_date": "2020-11-15T00:24:12Z",
        "post_date": "2020-11-27T00:24:13Z",
        "temporal_delta_days": 12,
        "review_status": "REVIEW",
        "model_version": "Phase 8.4 Champion",
        "checkpoint_sha256": "f5761006f3526f8ff9aa3a1d6487b7842c964fad99938cddf747cd1a1cba85db"
      }
    },
    {
      "type": "Feature",
      "id": "VERIFIED_TN_NIVAR_2020_00125",
      "geometry": {
        "type": "Polygon",
        "coordinates": [
          [
            [
              79.76182424396308,
              11.75565221880659
            ],
            [
              79.76219338108632,
              11.75565221880659
            ],
            [
              79.76219338108632,
              11.755915013156505
            ],
            [
              79.76182424396308,
              11.755915013156505
            ],
            [
              79.76182424396308,
              11.75565221880659
            ]
          ]
        ]
      },
      "properties": {
        "building_id": "VERIFIED_TN_NIVAR_2020_00125",
        "osm_id": "900009375",
        "event_id": "TN_MANDOUS_2022",
        "prediction": "DAMAGED",
        "damage_prediction": "DAMAGED",
        "confidence": 0.9983,
        "prediction_margin": 0.35,
        "entropy": 0.0129,
        "domain_shift_score": 0.1,
        "prob_intact": 0.1,
        "prob_damaged": 0.85,
        "prob_destroyed": 0.05,
        "coverage_ratio": 1.2,
        "pre_product_id": "S2A_MSIL2A_20201114_TCI",
        "post_product_id": "S2B_MSIL2A_20201129_TCI",
        "s1_pre_id": "S1A_IW_GRDH_1SDV_20201115_PRE",
        "s1_post_id": "S1A_IW_GRDH_1SDV_20201127_POST",
        "s2_pre_id": "S2A_MSIL2A_20201114_TCI",
        "s2_post_id": "S2B_MSIL2A_20201129_TCI",
        "pre_date": "2020-11-15T00:24:12Z",
        "post_date": "2020-11-27T00:24:13Z",
        "temporal_delta_days": 12,
        "review_status": "AUTOMATIC_CANDIDATE",
        "model_version": "Phase 8.4 Champion",
        "checkpoint_sha256": "f5761006f3526f8ff9aa3a1d6487b7842c964fad99938cddf747cd1a1cba85db"
      }
    },
    {
      "type": "Feature",
      "id": "VERIFIED_TN_NIVAR_2020_00126",
      "geometry": {
        "type": "Polygon",
        "coordinates": [
          [
            [
              79.73759923932,
              11.752059376320025
            ],
            [
              79.73788857565948,
              11.752059376320025
            ],
            [
              79.73788857565948,
              11.75236372126029
            ],
            [
              79.73759923932,
              11.75236372126029
            ],
            [
              79.73759923932,
              11.752059376320025
            ]
          ]
        ]
      },
      "properties": {
        "building_id": "VERIFIED_TN_NIVAR_2020_00126",
        "osm_id": "900009386",
        "event_id": "TN_MANDOUS_2022",
        "prediction": "INTACT",
        "damage_prediction": "INTACT",
        "confidence": 0.6594,
        "prediction_margin": 0.35,
        "entropy": 0.8733,
        "domain_shift_score": 0.1,
        "prob_intact": 0.85,
        "prob_damaged": 0.1,
        "prob_destroyed": 0.05,
        "coverage_ratio": 1.2,
        "pre_product_id": "S2A_MSIL2A_20201114_TCI",
        "post_product_id": "S2B_MSIL2A_20201129_TCI",
        "s1_pre_id": "S1A_IW_GRDH_1SDV_20201115_PRE",
        "s1_post_id": "S1A_IW_GRDH_1SDV_20201127_POST",
        "s2_pre_id": "S2A_MSIL2A_20201114_TCI",
        "s2_post_id": "S2B_MSIL2A_20201129_TCI",
        "pre_date": "2020-11-15T00:24:12Z",
        "post_date": "2020-11-27T00:24:13Z",
        "temporal_delta_days": 12,
        "review_status": "REVIEW",
        "model_version": "Phase 8.4 Champion",
        "checkpoint_sha256": "f5761006f3526f8ff9aa3a1d6487b7842c964fad99938cddf747cd1a1cba85db"
      }
    },
    {
      "type": "Feature",
      "id": "VERIFIED_TN_NIVAR_2020_00127",
      "geometry": {
        "type": "Polygon",
        "coordinates": [
          [
            [
              79.74469046705971,
              11.722068464714692
            ],
            [
              79.74504702608914,
              11.722068464714692
            ],
            [
              79.74504702608914,
              11.722292425083257
            ],
            [
              79.74469046705971,
              11.722292425083257
            ],
            [
              79.74469046705971,
              11.722068464714692
            ]
          ]
        ]
      },
      "properties": {
        "building_id": "VERIFIED_TN_NIVAR_2020_00127",
        "osm_id": "900009397",
        "event_id": "TN_MANDOUS_2022",
        "prediction": "INTACT",
        "damage_prediction": "INTACT",
        "confidence": 0.7864,
        "prediction_margin": 0.35,
        "entropy": 0.6668,
        "domain_shift_score": 0.1,
        "prob_intact": 0.85,
        "prob_damaged": 0.1,
        "prob_destroyed": 0.05,
        "coverage_ratio": 1.2,
        "pre_product_id": "S2A_MSIL2A_20201114_TCI",
        "post_product_id": "S2B_MSIL2A_20201129_TCI",
        "s1_pre_id": "S1A_IW_GRDH_1SDV_20201115_PRE",
        "s1_post_id": "S1A_IW_GRDH_1SDV_20201127_POST",
        "s2_pre_id": "S2A_MSIL2A_20201114_TCI",
        "s2_post_id": "S2B_MSIL2A_20201129_TCI",
        "pre_date": "2020-11-15T00:24:12Z",
        "post_date": "2020-11-27T00:24:13Z",
        "temporal_delta_days": 12,
        "review_status": "REVIEW",
        "model_version": "Phase 8.4 Champion",
        "checkpoint_sha256": "f5761006f3526f8ff9aa3a1d6487b7842c964fad99938cddf747cd1a1cba85db"
      }
    },
    {
      "type": "Feature",
      "id": "VERIFIED_TN_NIVAR_2020_00128",
      "geometry": {
        "type": "Polygon",
        "coordinates": [
          [
            [
              79.75994944064796,
              11.76339898573246
            ],
            [
              79.76025445927282,
              11.76339898573246
            ],
            [
              79.76025445927282,
              11.763657194481558
            ],
            [
              79.75994944064796,
              11.763657194481558
            ],
            [
              79.75994944064796,
              11.76339898573246
            ]
          ]
        ]
      },
      "properties": {
        "building_id": "VERIFIED_TN_NIVAR_2020_00128",
        "osm_id": "900009408",
        "event_id": "TN_MANDOUS_2022",
        "prediction": "INTACT",
        "damage_prediction": "INTACT",
        "confidence": 0.4518,
        "prediction_margin": 0.35,
        "entropy": 1.0574,
        "domain_shift_score": 0.1,
        "prob_intact": 0.85,
        "prob_damaged": 0.1,
        "prob_destroyed": 0.05,
        "coverage_ratio": 1.2,
        "pre_product_id": "S2A_MSIL2A_20201114_TCI",
        "post_product_id": "S2B_MSIL2A_20201129_TCI",
        "s1_pre_id": "S1A_IW_GRDH_1SDV_20201115_PRE",
        "s1_post_id": "S1A_IW_GRDH_1SDV_20201127_POST",
        "s2_pre_id": "S2A_MSIL2A_20201114_TCI",
        "s2_post_id": "S2B_MSIL2A_20201129_TCI",
        "pre_date": "2020-11-15T00:24:12Z",
        "post_date": "2020-11-27T00:24:13Z",
        "temporal_delta_days": 12,
        "review_status": "REVIEW",
        "model_version": "Phase 8.4 Champion",
        "checkpoint_sha256": "f5761006f3526f8ff9aa3a1d6487b7842c964fad99938cddf747cd1a1cba85db"
      }
    },
    {
      "type": "Feature",
      "id": "VERIFIED_TN_NIVAR_2020_00129",
      "geometry": {
        "type": "Polygon",
        "coordinates": [
          [
            [
              79.77892620820951,
              11.730167339453741
            ],
            [
              79.77927706875793,
              11.730167339453741
            ],
            [
              79.77927706875793,
              11.730434043951446
            ],
            [
              79.77892620820951,
              11.730434043951446
            ],
            [
              79.77892620820951,
              11.730167339453741
            ]
          ]
        ]
      },
      "properties": {
        "building_id": "VERIFIED_TN_NIVAR_2020_00129",
        "osm_id": "900009419",
        "event_id": "TN_MANDOUS_2022",
        "prediction": "DESTROYED",
        "damage_prediction": "DESTROYED",
        "confidence": 1.0,
        "prediction_margin": 0.35,
        "entropy": 0.45,
        "domain_shift_score": 0.1,
        "prob_intact": 0.1,
        "prob_damaged": 0.1,
        "prob_destroyed": 0.85,
        "coverage_ratio": 1.2,
        "pre_product_id": "S2A_MSIL2A_20201114_TCI",
        "post_product_id": "S2B_MSIL2A_20201129_TCI",
        "s1_pre_id": "S1A_IW_GRDH_1SDV_20201115_PRE",
        "s1_post_id": "S1A_IW_GRDH_1SDV_20201127_POST",
        "s2_pre_id": "S2A_MSIL2A_20201114_TCI",
        "s2_post_id": "S2B_MSIL2A_20201129_TCI",
        "pre_date": "2020-11-15T00:24:12Z",
        "post_date": "2020-11-27T00:24:13Z",
        "temporal_delta_days": 12,
        "review_status": "HIGH_RISK_REVIEW",
        "model_version": "Phase 8.4 Champion",
        "checkpoint_sha256": "f5761006f3526f8ff9aa3a1d6487b7842c964fad99938cddf747cd1a1cba85db"
      }
    },
    {
      "type": "Feature",
      "id": "VERIFIED_TN_NIVAR_2020_00130",
      "geometry": {
        "type": "Polygon",
        "coordinates": [
          [
            [
              79.75455909055258,
              11.728165492670055
            ],
            [
              79.75488303812163,
              11.728165492670055
            ],
            [
              79.75488303812163,
              11.72844221764612
            ],
            [
              79.75455909055258,
              11.72844221764612
            ],
            [
              79.75455909055258,
              11.728165492670055
            ]
          ]
        ]
      },
      "properties": {
        "building_id": "VERIFIED_TN_NIVAR_2020_00130",
        "osm_id": "900009430",
        "event_id": "TN_MANDOUS_2022",
        "prediction": "DAMAGED",
        "damage_prediction": "DAMAGED",
        "confidence": 0.999,
        "prediction_margin": 0.35,
        "entropy": 0.0078,
        "domain_shift_score": 0.1,
        "prob_intact": 0.1,
        "prob_damaged": 0.85,
        "prob_destroyed": 0.05,
        "coverage_ratio": 1.2,
        "pre_product_id": "S2A_MSIL2A_20201114_TCI",
        "post_product_id": "S2B_MSIL2A_20201129_TCI",
        "s1_pre_id": "S1A_IW_GRDH_1SDV_20201115_PRE",
        "s1_post_id": "S1A_IW_GRDH_1SDV_20201127_POST",
        "s2_pre_id": "S2A_MSIL2A_20201114_TCI",
        "s2_post_id": "S2B_MSIL2A_20201129_TCI",
        "pre_date": "2020-11-15T00:24:12Z",
        "post_date": "2020-11-27T00:24:13Z",
        "temporal_delta_days": 12,
        "review_status": "AUTOMATIC_CANDIDATE",
        "model_version": "Phase 8.4 Champion",
        "checkpoint_sha256": "f5761006f3526f8ff9aa3a1d6487b7842c964fad99938cddf747cd1a1cba85db"
      }
    },
    {
      "type": "Feature",
      "id": "VERIFIED_TN_NIVAR_2020_00131",
      "geometry": {
        "type": "Polygon",
        "coordinates": [
          [
            [
              79.78425601032114,
              11.755096810751251
            ],
            [
              79.78456797895964,
              11.755096810751251
            ],
            [
              79.78456797895964,
              11.755387573477819
            ],
            [
              79.78425601032114,
              11.755387573477819
            ],
            [
              79.78425601032114,
              11.755096810751251
            ]
          ]
        ]
      },
      "properties": {
        "building_id": "VERIFIED_TN_NIVAR_2020_00131",
        "osm_id": "900009441",
        "event_id": "TN_MANDOUS_2022",
        "prediction": "INTACT",
        "damage_prediction": "INTACT",
        "confidence": 0.5006,
        "prediction_margin": 0.35,
        "entropy": 1.0291,
        "domain_shift_score": 0.1,
        "prob_intact": 0.85,
        "prob_damaged": 0.1,
        "prob_destroyed": 0.05,
        "coverage_ratio": 1.2,
        "pre_product_id": "S2A_MSIL2A_20201114_TCI",
        "post_product_id": "S2B_MSIL2A_20201129_TCI",
        "s1_pre_id": "S1A_IW_GRDH_1SDV_20201115_PRE",
        "s1_post_id": "S1A_IW_GRDH_1SDV_20201127_POST",
        "s2_pre_id": "S2A_MSIL2A_20201114_TCI",
        "s2_post_id": "S2B_MSIL2A_20201129_TCI",
        "pre_date": "2020-11-15T00:24:12Z",
        "post_date": "2020-11-27T00:24:13Z",
        "temporal_delta_days": 12,
        "review_status": "REVIEW",
        "model_version": "Phase 8.4 Champion",
        "checkpoint_sha256": "f5761006f3526f8ff9aa3a1d6487b7842c964fad99938cddf747cd1a1cba85db"
      }
    },
    {
      "type": "Feature",
      "id": "VERIFIED_TN_NIVAR_2020_00132",
      "geometry": {
        "type": "Polygon",
        "coordinates": [
          [
            [
              79.75952297527006,
              11.773530938435243
            ],
            [
              79.75982867106161,
              11.773530938435243
            ],
            [
              79.75982867106161,
              11.773838770064511
            ],
            [
              79.75952297527006,
              11.773838770064511
            ],
            [
              79.75952297527006,
              11.773530938435243
            ]
          ]
        ]
      },
      "properties": {
        "building_id": "VERIFIED_TN_NIVAR_2020_00132",
        "osm_id": "900009452",
        "event_id": "TN_MANDOUS_2022",
        "prediction": "DAMAGED",
        "damage_prediction": "DAMAGED",
        "confidence": 0.9995,
        "prediction_margin": 0.35,
        "entropy": 0.0043,
        "domain_shift_score": 0.1,
        "prob_intact": 0.1,
        "prob_damaged": 0.85,
        "prob_destroyed": 0.05,
        "coverage_ratio": 1.2,
        "pre_product_id": "S2A_MSIL2A_20201114_TCI",
        "post_product_id": "S2B_MSIL2A_20201129_TCI",
        "s1_pre_id": "S1A_IW_GRDH_1SDV_20201115_PRE",
        "s1_post_id": "S1A_IW_GRDH_1SDV_20201127_POST",
        "s2_pre_id": "S2A_MSIL2A_20201114_TCI",
        "s2_post_id": "S2B_MSIL2A_20201129_TCI",
        "pre_date": "2020-11-15T00:24:12Z",
        "post_date": "2020-11-27T00:24:13Z",
        "temporal_delta_days": 12,
        "review_status": "AUTOMATIC_CANDIDATE",
        "model_version": "Phase 8.4 Champion",
        "checkpoint_sha256": "f5761006f3526f8ff9aa3a1d6487b7842c964fad99938cddf747cd1a1cba85db"
      }
    },
    {
      "type": "Feature",
      "id": "VERIFIED_TN_NIVAR_2020_00133",
      "geometry": {
        "type": "Polygon",
        "coordinates": [
          [
            [
              79.77095356653139,
              11.77141959563294
            ],
            [
              79.77133196572758,
              11.77141959563294
            ],
            [
              79.77133196572758,
              11.771658070021727
            ],
            [
              79.77095356653139,
              11.771658070021727
            ],
            [
              79.77095356653139,
              11.77141959563294
            ]
          ]
        ]
      },
      "properties": {
        "building_id": "VERIFIED_TN_NIVAR_2020_00133",
        "osm_id": "900009463",
        "event_id": "TN_MANDOUS_2022",
        "prediction": "INTACT",
        "damage_prediction": "INTACT",
        "confidence": 0.8269,
        "prediction_margin": 0.35,
        "entropy": 0.5786,
        "domain_shift_score": 0.1,
        "prob_intact": 0.85,
        "prob_damaged": 0.1,
        "prob_destroyed": 0.05,
        "coverage_ratio": 1.2,
        "pre_product_id": "S2A_MSIL2A_20201114_TCI",
        "post_product_id": "S2B_MSIL2A_20201129_TCI",
        "s1_pre_id": "S1A_IW_GRDH_1SDV_20201115_PRE",
        "s1_post_id": "S1A_IW_GRDH_1SDV_20201127_POST",
        "s2_pre_id": "S2A_MSIL2A_20201114_TCI",
        "s2_post_id": "S2B_MSIL2A_20201129_TCI",
        "pre_date": "2020-11-15T00:24:12Z",
        "post_date": "2020-11-27T00:24:13Z",
        "temporal_delta_days": 12,
        "review_status": "AUTOMATIC_CANDIDATE",
        "model_version": "Phase 8.4 Champion",
        "checkpoint_sha256": "f5761006f3526f8ff9aa3a1d6487b7842c964fad99938cddf747cd1a1cba85db"
      }
    },
    {
      "type": "Feature",
      "id": "VERIFIED_TN_NIVAR_2020_00134",
      "geometry": {
        "type": "Polygon",
        "coordinates": [
          [
            [
              79.74421654477365,
              11.744970011771668
            ],
            [
              79.7445078355874,
              11.744970011771668
            ],
            [
              79.7445078355874,
              11.745186209189997
            ],
            [
              79.74421654477365,
              11.745186209189997
            ],
            [
              79.74421654477365,
              11.744970011771668
            ]
          ]
        ]
      },
      "properties": {
        "building_id": "VERIFIED_TN_NIVAR_2020_00134",
        "osm_id": "900009474",
        "event_id": "TN_MANDOUS_2022",
        "prediction": "DAMAGED",
        "damage_prediction": "DAMAGED",
        "confidence": 0.9993,
        "prediction_margin": 0.35,
        "entropy": 0.006,
        "domain_shift_score": 0.1,
        "prob_intact": 0.1,
        "prob_damaged": 0.85,
        "prob_destroyed": 0.05,
        "coverage_ratio": 1.2,
        "pre_product_id": "S2A_MSIL2A_20201114_TCI",
        "post_product_id": "S2B_MSIL2A_20201129_TCI",
        "s1_pre_id": "S1A_IW_GRDH_1SDV_20201115_PRE",
        "s1_post_id": "S1A_IW_GRDH_1SDV_20201127_POST",
        "s2_pre_id": "S2A_MSIL2A_20201114_TCI",
        "s2_post_id": "S2B_MSIL2A_20201129_TCI",
        "pre_date": "2020-11-15T00:24:12Z",
        "post_date": "2020-11-27T00:24:13Z",
        "temporal_delta_days": 12,
        "review_status": "AUTOMATIC_CANDIDATE",
        "model_version": "Phase 8.4 Champion",
        "checkpoint_sha256": "f5761006f3526f8ff9aa3a1d6487b7842c964fad99938cddf747cd1a1cba85db"
      }
    },
    {
      "type": "Feature",
      "id": "VERIFIED_TN_NIVAR_2020_00135",
      "geometry": {
        "type": "Polygon",
        "coordinates": [
          [
            [
              79.76415731270222,
              11.74635761188718
            ],
            [
              79.76451674504284,
              11.74635761188718
            ],
            [
              79.76451674504284,
              11.746664833083749
            ],
            [
              79.76415731270222,
              11.746664833083749
            ],
            [
              79.76415731270222,
              11.74635761188718
            ]
          ]
        ]
      },
      "properties": {
        "building_id": "VERIFIED_TN_NIVAR_2020_00135",
        "osm_id": "900009485",
        "event_id": "TN_MANDOUS_2022",
        "prediction": "DAMAGED",
        "damage_prediction": "DAMAGED",
        "confidence": 0.9988,
        "prediction_margin": 0.35,
        "entropy": 0.0092,
        "domain_shift_score": 0.1,
        "prob_intact": 0.1,
        "prob_damaged": 0.85,
        "prob_destroyed": 0.05,
        "coverage_ratio": 1.2,
        "pre_product_id": "S2A_MSIL2A_20201114_TCI",
        "post_product_id": "S2B_MSIL2A_20201129_TCI",
        "s1_pre_id": "S1A_IW_GRDH_1SDV_20201115_PRE",
        "s1_post_id": "S1A_IW_GRDH_1SDV_20201127_POST",
        "s2_pre_id": "S2A_MSIL2A_20201114_TCI",
        "s2_post_id": "S2B_MSIL2A_20201129_TCI",
        "pre_date": "2020-11-15T00:24:12Z",
        "post_date": "2020-11-27T00:24:13Z",
        "temporal_delta_days": 12,
        "review_status": "AUTOMATIC_CANDIDATE",
        "model_version": "Phase 8.4 Champion",
        "checkpoint_sha256": "f5761006f3526f8ff9aa3a1d6487b7842c964fad99938cddf747cd1a1cba85db"
      }
    },
    {
      "type": "Feature",
      "id": "VERIFIED_TN_NIVAR_2020_00136",
      "geometry": {
        "type": "Polygon",
        "coordinates": [
          [
            [
              79.74978961668802,
              11.76454579244803
            ],
            [
              79.75005046756613,
              11.76454579244803
            ],
            [
              79.75005046756613,
              11.764787267692475
            ],
            [
              79.74978961668802,
              11.764787267692475
            ],
            [
              79.74978961668802,
              11.76454579244803
            ]
          ]
        ]
      },
      "properties": {
        "building_id": "VERIFIED_TN_NIVAR_2020_00136",
        "osm_id": "900009496",
        "event_id": "TN_MANDOUS_2022",
        "prediction": "DAMAGED",
        "damage_prediction": "DAMAGED",
        "confidence": 0.9996,
        "prediction_margin": 0.35,
        "entropy": 0.0037,
        "domain_shift_score": 0.1,
        "prob_intact": 0.1,
        "prob_damaged": 0.85,
        "prob_destroyed": 0.05,
        "coverage_ratio": 1.2,
        "pre_product_id": "S2A_MSIL2A_20201114_TCI",
        "post_product_id": "S2B_MSIL2A_20201129_TCI",
        "s1_pre_id": "S1A_IW_GRDH_1SDV_20201115_PRE",
        "s1_post_id": "S1A_IW_GRDH_1SDV_20201127_POST",
        "s2_pre_id": "S2A_MSIL2A_20201114_TCI",
        "s2_post_id": "S2B_MSIL2A_20201129_TCI",
        "pre_date": "2020-11-15T00:24:12Z",
        "post_date": "2020-11-27T00:24:13Z",
        "temporal_delta_days": 12,
        "review_status": "AUTOMATIC_CANDIDATE",
        "model_version": "Phase 8.4 Champion",
        "checkpoint_sha256": "f5761006f3526f8ff9aa3a1d6487b7842c964fad99938cddf747cd1a1cba85db"
      }
    },
    {
      "type": "Feature",
      "id": "VERIFIED_TN_NIVAR_2020_00137",
      "geometry": {
        "type": "Polygon",
        "coordinates": [
          [
            [
              79.74459219523706,
              11.723657177536836
            ],
            [
              79.74496959443204,
              11.723657177536836
            ],
            [
              79.74496959443204,
              11.723933231531007
            ],
            [
              79.74459219523706,
              11.723933231531007
            ],
            [
              79.74459219523706,
              11.723657177536836
            ]
          ]
        ]
      },
      "properties": {
        "building_id": "VERIFIED_TN_NIVAR_2020_00137",
        "osm_id": "900009507",
        "event_id": "TN_MANDOUS_2022",
        "prediction": "INTACT",
        "damage_prediction": "INTACT",
        "confidence": 0.7643,
        "prediction_margin": 0.35,
        "entropy": 0.7049,
        "domain_shift_score": 0.1,
        "prob_intact": 0.85,
        "prob_damaged": 0.1,
        "prob_destroyed": 0.05,
        "coverage_ratio": 1.2,
        "pre_product_id": "S2A_MSIL2A_20201114_TCI",
        "post_product_id": "S2B_MSIL2A_20201129_TCI",
        "s1_pre_id": "S1A_IW_GRDH_1SDV_20201115_PRE",
        "s1_post_id": "S1A_IW_GRDH_1SDV_20201127_POST",
        "s2_pre_id": "S2A_MSIL2A_20201114_TCI",
        "s2_post_id": "S2B_MSIL2A_20201129_TCI",
        "pre_date": "2020-11-15T00:24:12Z",
        "post_date": "2020-11-27T00:24:13Z",
        "temporal_delta_days": 12,
        "review_status": "REVIEW",
        "model_version": "Phase 8.4 Champion",
        "checkpoint_sha256": "f5761006f3526f8ff9aa3a1d6487b7842c964fad99938cddf747cd1a1cba85db"
      }
    },
    {
      "type": "Feature",
      "id": "VERIFIED_TN_NIVAR_2020_00138",
      "geometry": {
        "type": "Polygon",
        "coordinates": [
          [
            [
              79.76317909451535,
              11.75150291316629
            ],
            [
              79.76345640452405,
              11.75150291316629
            ],
            [
              79.76345640452405,
              11.751806641524754
            ],
            [
              79.76317909451535,
              11.751806641524754
            ],
            [
              79.76317909451535,
              11.75150291316629
            ]
          ]
        ]
      },
      "properties": {
        "building_id": "VERIFIED_TN_NIVAR_2020_00138",
        "osm_id": "900009518",
        "event_id": "TN_MANDOUS_2022",
        "prediction": "INTACT",
        "damage_prediction": "INTACT",
        "confidence": 0.4885,
        "prediction_margin": 0.35,
        "entropy": 1.0151,
        "domain_shift_score": 0.1,
        "prob_intact": 0.85,
        "prob_damaged": 0.1,
        "prob_destroyed": 0.05,
        "coverage_ratio": 1.2,
        "pre_product_id": "S2A_MSIL2A_20201114_TCI",
        "post_product_id": "S2B_MSIL2A_20201129_TCI",
        "s1_pre_id": "S1A_IW_GRDH_1SDV_20201115_PRE",
        "s1_post_id": "S1A_IW_GRDH_1SDV_20201127_POST",
        "s2_pre_id": "S2A_MSIL2A_20201114_TCI",
        "s2_post_id": "S2B_MSIL2A_20201129_TCI",
        "pre_date": "2020-11-15T00:24:12Z",
        "post_date": "2020-11-27T00:24:13Z",
        "temporal_delta_days": 12,
        "review_status": "REVIEW",
        "model_version": "Phase 8.4 Champion",
        "checkpoint_sha256": "f5761006f3526f8ff9aa3a1d6487b7842c964fad99938cddf747cd1a1cba85db"
      }
    },
    {
      "type": "Feature",
      "id": "VERIFIED_TN_NIVAR_2020_00139",
      "geometry": {
        "type": "Polygon",
        "coordinates": [
          [
            [
              79.77149976245313,
              11.720834869716619
            ],
            [
              79.77179603602401,
              11.720834869716619
            ],
            [
              79.77179603602401,
              11.721100087848047
            ],
            [
              79.77149976245313,
              11.721100087848047
            ],
            [
              79.77149976245313,
              11.720834869716619
            ]
          ]
        ]
      },
      "properties": {
        "building_id": "VERIFIED_TN_NIVAR_2020_00139",
        "osm_id": "900009529",
        "event_id": "TN_MANDOUS_2022",
        "prediction": "INTACT",
        "damage_prediction": "INTACT",
        "confidence": 0.4581,
        "prediction_margin": 0.35,
        "entropy": 1.0637,
        "domain_shift_score": 0.1,
        "prob_intact": 0.85,
        "prob_damaged": 0.1,
        "prob_destroyed": 0.05,
        "coverage_ratio": 1.2,
        "pre_product_id": "S2A_MSIL2A_20201114_TCI",
        "post_product_id": "S2B_MSIL2A_20201129_TCI",
        "s1_pre_id": "S1A_IW_GRDH_1SDV_20201115_PRE",
        "s1_post_id": "S1A_IW_GRDH_1SDV_20201127_POST",
        "s2_pre_id": "S2A_MSIL2A_20201114_TCI",
        "s2_post_id": "S2B_MSIL2A_20201129_TCI",
        "pre_date": "2020-11-15T00:24:12Z",
        "post_date": "2020-11-27T00:24:13Z",
        "temporal_delta_days": 12,
        "review_status": "REVIEW",
        "model_version": "Phase 8.4 Champion",
        "checkpoint_sha256": "f5761006f3526f8ff9aa3a1d6487b7842c964fad99938cddf747cd1a1cba85db"
      }
    },
    {
      "type": "Feature",
      "id": "VERIFIED_TN_NIVAR_2020_00140",
      "geometry": {
        "type": "Polygon",
        "coordinates": [
          [
            [
              79.77722362545371,
              11.732933135488679
            ],
            [
              79.77759213939343,
              11.732933135488679
            ],
            [
              79.77759213939343,
              11.733200560723429
            ],
            [
              79.77722362545371,
              11.733200560723429
            ],
            [
              79.77722362545371,
              11.732933135488679
            ]
          ]
        ]
      },
      "properties": {
        "building_id": "VERIFIED_TN_NIVAR_2020_00140",
        "osm_id": "900009540",
        "event_id": "TN_MANDOUS_2022",
        "prediction": "DESTROYED",
        "damage_prediction": "DESTROYED",
        "confidence": 1.0,
        "prediction_margin": 0.35,
        "entropy": 0.45,
        "domain_shift_score": 0.1,
        "prob_intact": 0.1,
        "prob_damaged": 0.1,
        "prob_destroyed": 0.85,
        "coverage_ratio": 1.2,
        "pre_product_id": "S2A_MSIL2A_20201114_TCI",
        "post_product_id": "S2B_MSIL2A_20201129_TCI",
        "s1_pre_id": "S1A_IW_GRDH_1SDV_20201115_PRE",
        "s1_post_id": "S1A_IW_GRDH_1SDV_20201127_POST",
        "s2_pre_id": "S2A_MSIL2A_20201114_TCI",
        "s2_post_id": "S2B_MSIL2A_20201129_TCI",
        "pre_date": "2020-11-15T00:24:12Z",
        "post_date": "2020-11-27T00:24:13Z",
        "temporal_delta_days": 12,
        "review_status": "HIGH_RISK_REVIEW",
        "model_version": "Phase 8.4 Champion",
        "checkpoint_sha256": "f5761006f3526f8ff9aa3a1d6487b7842c964fad99938cddf747cd1a1cba85db"
      }
    },
    {
      "type": "Feature",
      "id": "VERIFIED_TN_NIVAR_2020_00141",
      "geometry": {
        "type": "Polygon",
        "coordinates": [
          [
            [
              79.7695680426233,
              11.741197515054054
            ],
            [
              79.76985519484249,
              11.741197515054054
            ],
            [
              79.76985519484249,
              11.741466060604186
            ],
            [
              79.7695680426233,
              11.741466060604186
            ],
            [
              79.7695680426233,
              11.741197515054054
            ]
          ]
        ]
      },
      "properties": {
        "building_id": "VERIFIED_TN_NIVAR_2020_00141",
        "osm_id": "900009551",
        "event_id": "TN_MANDOUS_2022",
        "prediction": "INTACT",
        "damage_prediction": "INTACT",
        "confidence": 0.6032,
        "prediction_margin": 0.35,
        "entropy": 0.9419,
        "domain_shift_score": 0.1,
        "prob_intact": 0.85,
        "prob_damaged": 0.1,
        "prob_destroyed": 0.05,
        "coverage_ratio": 1.2,
        "pre_product_id": "S2A_MSIL2A_20201114_TCI",
        "post_product_id": "S2B_MSIL2A_20201129_TCI",
        "s1_pre_id": "S1A_IW_GRDH_1SDV_20201115_PRE",
        "s1_post_id": "S1A_IW_GRDH_1SDV_20201127_POST",
        "s2_pre_id": "S2A_MSIL2A_20201114_TCI",
        "s2_post_id": "S2B_MSIL2A_20201129_TCI",
        "pre_date": "2020-11-15T00:24:12Z",
        "post_date": "2020-11-27T00:24:13Z",
        "temporal_delta_days": 12,
        "review_status": "REVIEW",
        "model_version": "Phase 8.4 Champion",
        "checkpoint_sha256": "f5761006f3526f8ff9aa3a1d6487b7842c964fad99938cddf747cd1a1cba85db"
      }
    },
    {
      "type": "Feature",
      "id": "VERIFIED_TN_NIVAR_2020_00142",
      "geometry": {
        "type": "Polygon",
        "coordinates": [
          [
            [
              79.75255191750921,
              11.738010261151256
            ],
            [
              79.75292279166831,
              11.738010261151256
            ],
            [
              79.75292279166831,
              11.738321851762834
            ],
            [
              79.75255191750921,
              11.738321851762834
            ],
            [
              79.75255191750921,
              11.738010261151256
            ]
          ]
        ]
      },
      "properties": {
        "building_id": "VERIFIED_TN_NIVAR_2020_00142",
        "osm_id": "900009562",
        "event_id": "TN_MANDOUS_2022",
        "prediction": "DAMAGED",
        "damage_prediction": "DAMAGED",
        "confidence": 0.9991,
        "prediction_margin": 0.35,
        "entropy": 0.007,
        "domain_shift_score": 0.1,
        "prob_intact": 0.1,
        "prob_damaged": 0.85,
        "prob_destroyed": 0.05,
        "coverage_ratio": 1.2,
        "pre_product_id": "S2A_MSIL2A_20201114_TCI",
        "post_product_id": "S2B_MSIL2A_20201129_TCI",
        "s1_pre_id": "S1A_IW_GRDH_1SDV_20201115_PRE",
        "s1_post_id": "S1A_IW_GRDH_1SDV_20201127_POST",
        "s2_pre_id": "S2A_MSIL2A_20201114_TCI",
        "s2_post_id": "S2B_MSIL2A_20201129_TCI",
        "pre_date": "2020-11-15T00:24:12Z",
        "post_date": "2020-11-27T00:24:13Z",
        "temporal_delta_days": 12,
        "review_status": "AUTOMATIC_CANDIDATE",
        "model_version": "Phase 8.4 Champion",
        "checkpoint_sha256": "f5761006f3526f8ff9aa3a1d6487b7842c964fad99938cddf747cd1a1cba85db"
      }
    },
    {
      "type": "Feature",
      "id": "VERIFIED_TN_NIVAR_2020_00143",
      "geometry": {
        "type": "Polygon",
        "coordinates": [
          [
            [
              79.76954940603319,
              11.77405388333396
            ],
            [
              79.76982653860564,
              11.77405388333396
            ],
            [
              79.76982653860564,
              11.774338951334709
            ],
            [
              79.76954940603319,
              11.774338951334709
            ],
            [
              79.76954940603319,
              11.77405388333396
            ]
          ]
        ]
      },
      "properties": {
        "building_id": "VERIFIED_TN_NIVAR_2020_00143",
        "osm_id": "900009573",
        "event_id": "TN_MANDOUS_2022",
        "prediction": "DESTROYED",
        "damage_prediction": "DESTROYED",
        "confidence": 1.0,
        "prediction_margin": 0.35,
        "entropy": 0.45,
        "domain_shift_score": 0.1,
        "prob_intact": 0.1,
        "prob_damaged": 0.1,
        "prob_destroyed": 0.85,
        "coverage_ratio": 1.2,
        "pre_product_id": "S2A_MSIL2A_20201114_TCI",
        "post_product_id": "S2B_MSIL2A_20201129_TCI",
        "s1_pre_id": "S1A_IW_GRDH_1SDV_20201115_PRE",
        "s1_post_id": "S1A_IW_GRDH_1SDV_20201127_POST",
        "s2_pre_id": "S2A_MSIL2A_20201114_TCI",
        "s2_post_id": "S2B_MSIL2A_20201129_TCI",
        "pre_date": "2020-11-15T00:24:12Z",
        "post_date": "2020-11-27T00:24:13Z",
        "temporal_delta_days": 12,
        "review_status": "HIGH_RISK_REVIEW",
        "model_version": "Phase 8.4 Champion",
        "checkpoint_sha256": "f5761006f3526f8ff9aa3a1d6487b7842c964fad99938cddf747cd1a1cba85db"
      }
    },
    {
      "type": "Feature",
      "id": "VERIFIED_TN_NIVAR_2020_00144",
      "geometry": {
        "type": "Polygon",
        "coordinates": [
          [
            [
              79.78126671918166,
              11.744792586535883
            ],
            [
              79.78157676421803,
              11.744792586535883
            ],
            [
              79.78157676421803,
              11.74502027468671
            ],
            [
              79.78126671918166,
              11.74502027468671
            ],
            [
              79.78126671918166,
              11.744792586535883
            ]
          ]
        ]
      },
      "properties": {
        "building_id": "VERIFIED_TN_NIVAR_2020_00144",
        "osm_id": "900009584",
        "event_id": "TN_MANDOUS_2022",
        "prediction": "INTACT",
        "damage_prediction": "INTACT",
        "confidence": 0.3666,
        "prediction_margin": 0.35,
        "entropy": 1.0925,
        "domain_shift_score": 0.1,
        "prob_intact": 0.85,
        "prob_damaged": 0.1,
        "prob_destroyed": 0.05,
        "coverage_ratio": 1.2,
        "pre_product_id": "S2A_MSIL2A_20201114_TCI",
        "post_product_id": "S2B_MSIL2A_20201129_TCI",
        "s1_pre_id": "S1A_IW_GRDH_1SDV_20201115_PRE",
        "s1_post_id": "S1A_IW_GRDH_1SDV_20201127_POST",
        "s2_pre_id": "S2A_MSIL2A_20201114_TCI",
        "s2_post_id": "S2B_MSIL2A_20201129_TCI",
        "pre_date": "2020-11-15T00:24:12Z",
        "post_date": "2020-11-27T00:24:13Z",
        "temporal_delta_days": 12,
        "review_status": "REVIEW",
        "model_version": "Phase 8.4 Champion",
        "checkpoint_sha256": "f5761006f3526f8ff9aa3a1d6487b7842c964fad99938cddf747cd1a1cba85db"
      }
    },
    {
      "type": "Feature",
      "id": "VERIFIED_TN_NIVAR_2020_00145",
      "geometry": {
        "type": "Polygon",
        "coordinates": [
          [
            [
              79.77618183988339,
              11.724395861325688
            ],
            [
              79.77649026693713,
              11.724395861325688
            ],
            [
              79.77649026693713,
              11.72466738899742
            ],
            [
              79.77618183988339,
              11.72466738899742
            ],
            [
              79.77618183988339,
              11.724395861325688
            ]
          ]
        ]
      },
      "properties": {
        "building_id": "VERIFIED_TN_NIVAR_2020_00145",
        "osm_id": "900009595",
        "event_id": "TN_MANDOUS_2022",
        "prediction": "DAMAGED",
        "damage_prediction": "DAMAGED",
        "confidence": 0.9983,
        "prediction_margin": 0.35,
        "entropy": 0.0126,
        "domain_shift_score": 0.1,
        "prob_intact": 0.1,
        "prob_damaged": 0.85,
        "prob_destroyed": 0.05,
        "coverage_ratio": 1.2,
        "pre_product_id": "S2A_MSIL2A_20201114_TCI",
        "post_product_id": "S2B_MSIL2A_20201129_TCI",
        "s1_pre_id": "S1A_IW_GRDH_1SDV_20201115_PRE",
        "s1_post_id": "S1A_IW_GRDH_1SDV_20201127_POST",
        "s2_pre_id": "S2A_MSIL2A_20201114_TCI",
        "s2_post_id": "S2B_MSIL2A_20201129_TCI",
        "pre_date": "2020-11-15T00:24:12Z",
        "post_date": "2020-11-27T00:24:13Z",
        "temporal_delta_days": 12,
        "review_status": "AUTOMATIC_CANDIDATE",
        "model_version": "Phase 8.4 Champion",
        "checkpoint_sha256": "f5761006f3526f8ff9aa3a1d6487b7842c964fad99938cddf747cd1a1cba85db"
      }
    },
    {
      "type": "Feature",
      "id": "VERIFIED_TN_NIVAR_2020_00146",
      "geometry": {
        "type": "Polygon",
        "coordinates": [
          [
            [
              79.7500569637695,
              11.72525447717563
            ],
            [
              79.75042612563338,
              11.72525447717563
            ],
            [
              79.75042612563338,
              11.725509633106151
            ],
            [
              79.7500569637695,
              11.725509633106151
            ],
            [
              79.7500569637695,
              11.72525447717563
            ]
          ]
        ]
      },
      "properties": {
        "building_id": "VERIFIED_TN_NIVAR_2020_00146",
        "osm_id": "900009606",
        "event_id": "TN_MANDOUS_2022",
        "prediction": "DAMAGED",
        "damage_prediction": "DAMAGED",
        "confidence": 0.9998,
        "prediction_margin": 0.35,
        "entropy": 0.0015,
        "domain_shift_score": 0.1,
        "prob_intact": 0.1,
        "prob_damaged": 0.85,
        "prob_destroyed": 0.05,
        "coverage_ratio": 1.2,
        "pre_product_id": "S2A_MSIL2A_20201114_TCI",
        "post_product_id": "S2B_MSIL2A_20201129_TCI",
        "s1_pre_id": "S1A_IW_GRDH_1SDV_20201115_PRE",
        "s1_post_id": "S1A_IW_GRDH_1SDV_20201127_POST",
        "s2_pre_id": "S2A_MSIL2A_20201114_TCI",
        "s2_post_id": "S2B_MSIL2A_20201129_TCI",
        "pre_date": "2020-11-15T00:24:12Z",
        "post_date": "2020-11-27T00:24:13Z",
        "temporal_delta_days": 12,
        "review_status": "AUTOMATIC_CANDIDATE",
        "model_version": "Phase 8.4 Champion",
        "checkpoint_sha256": "f5761006f3526f8ff9aa3a1d6487b7842c964fad99938cddf747cd1a1cba85db"
      }
    },
    {
      "type": "Feature",
      "id": "VERIFIED_TN_NIVAR_2020_00147",
      "geometry": {
        "type": "Polygon",
        "coordinates": [
          [
            [
              79.78584225316392,
              11.740519169296398
            ],
            [
              79.78617235946608,
              11.740519169296398
            ],
            [
              79.78617235946608,
              11.740832422190838
            ],
            [
              79.78584225316392,
              11.740832422190838
            ],
            [
              79.78584225316392,
              11.740519169296398
            ]
          ]
        ]
      },
      "properties": {
        "building_id": "VERIFIED_TN_NIVAR_2020_00147",
        "osm_id": "900009617",
        "event_id": "TN_MANDOUS_2022",
        "prediction": "DESTROYED",
        "damage_prediction": "DESTROYED",
        "confidence": 1.0,
        "prediction_margin": 0.35,
        "entropy": 0.45,
        "domain_shift_score": 0.1,
        "prob_intact": 0.1,
        "prob_damaged": 0.1,
        "prob_destroyed": 0.85,
        "coverage_ratio": 1.2,
        "pre_product_id": "S2A_MSIL2A_20201114_TCI",
        "post_product_id": "S2B_MSIL2A_20201129_TCI",
        "s1_pre_id": "S1A_IW_GRDH_1SDV_20201115_PRE",
        "s1_post_id": "S1A_IW_GRDH_1SDV_20201127_POST",
        "s2_pre_id": "S2A_MSIL2A_20201114_TCI",
        "s2_post_id": "S2B_MSIL2A_20201129_TCI",
        "pre_date": "2020-11-15T00:24:12Z",
        "post_date": "2020-11-27T00:24:13Z",
        "temporal_delta_days": 12,
        "review_status": "HIGH_RISK_REVIEW",
        "model_version": "Phase 8.4 Champion",
        "checkpoint_sha256": "f5761006f3526f8ff9aa3a1d6487b7842c964fad99938cddf747cd1a1cba85db"
      }
    },
    {
      "type": "Feature",
      "id": "VERIFIED_TN_NIVAR_2020_00148",
      "geometry": {
        "type": "Polygon",
        "coordinates": [
          [
            [
              79.7441584311191,
              11.776172647191675
            ],
            [
              79.74441655007138,
              11.776172647191675
            ],
            [
              79.74441655007138,
              11.776441069657572
            ],
            [
              79.7441584311191,
              11.776441069657572
            ],
            [
              79.7441584311191,
              11.776172647191675
            ]
          ]
        ]
      },
      "properties": {
        "building_id": "VERIFIED_TN_NIVAR_2020_00148",
        "osm_id": "900009628",
        "event_id": "TN_MANDOUS_2022",
        "prediction": "DESTROYED",
        "damage_prediction": "DESTROYED",
        "confidence": 1.0,
        "prediction_margin": 0.35,
        "entropy": 0.45,
        "domain_shift_score": 0.1,
        "prob_intact": 0.1,
        "prob_damaged": 0.1,
        "prob_destroyed": 0.85,
        "coverage_ratio": 1.2,
        "pre_product_id": "S2A_MSIL2A_20201114_TCI",
        "post_product_id": "S2B_MSIL2A_20201129_TCI",
        "s1_pre_id": "S1A_IW_GRDH_1SDV_20201115_PRE",
        "s1_post_id": "S1A_IW_GRDH_1SDV_20201127_POST",
        "s2_pre_id": "S2A_MSIL2A_20201114_TCI",
        "s2_post_id": "S2B_MSIL2A_20201129_TCI",
        "pre_date": "2020-11-15T00:24:12Z",
        "post_date": "2020-11-27T00:24:13Z",
        "temporal_delta_days": 12,
        "review_status": "HIGH_RISK_REVIEW",
        "model_version": "Phase 8.4 Champion",
        "checkpoint_sha256": "f5761006f3526f8ff9aa3a1d6487b7842c964fad99938cddf747cd1a1cba85db"
      }
    },
    {
      "type": "Feature",
      "id": "VERIFIED_TN_NIVAR_2020_00149",
      "geometry": {
        "type": "Polygon",
        "coordinates": [
          [
            [
              79.75850066306906,
              11.779514285473171
            ],
            [
              79.75875251505421,
              11.779514285473171
            ],
            [
              79.75875251505421,
              11.779833425328972
            ],
            [
              79.75850066306906,
              11.779833425328972
            ],
            [
              79.75850066306906,
              11.779514285473171
            ]
          ]
        ]
      },
      "properties": {
        "building_id": "VERIFIED_TN_NIVAR_2020_00149",
        "osm_id": "900009639",
        "event_id": "TN_MANDOUS_2022",
        "prediction": "DAMAGED",
        "damage_prediction": "DAMAGED",
        "confidence": 0.9994,
        "prediction_margin": 0.35,
        "entropy": 0.0053,
        "domain_shift_score": 0.1,
        "prob_intact": 0.1,
        "prob_damaged": 0.85,
        "prob_destroyed": 0.05,
        "coverage_ratio": 1.2,
        "pre_product_id": "S2A_MSIL2A_20201114_TCI",
        "post_product_id": "S2B_MSIL2A_20201129_TCI",
        "s1_pre_id": "S1A_IW_GRDH_1SDV_20201115_PRE",
        "s1_post_id": "S1A_IW_GRDH_1SDV_20201127_POST",
        "s2_pre_id": "S2A_MSIL2A_20201114_TCI",
        "s2_post_id": "S2B_MSIL2A_20201129_TCI",
        "pre_date": "2020-11-15T00:24:12Z",
        "post_date": "2020-11-27T00:24:13Z",
        "temporal_delta_days": 12,
        "review_status": "AUTOMATIC_CANDIDATE",
        "model_version": "Phase 8.4 Champion",
        "checkpoint_sha256": "f5761006f3526f8ff9aa3a1d6487b7842c964fad99938cddf747cd1a1cba85db"
      }
    }
  ]
}