{
  "type": "FeatureCollection",
  "metadata": {
    "event_id": "TN_OCKHI_2017",
    "event_title": "Cyclone Ockhi 2017",
    "building_count": 80,
    "created_at": "2026-09-01T13:40:51.164178+00:00"
  },
  "features": [
    {
      "type": "Feature",
      "id": "INDEPENDENT_TN_BLD_0131",
      "geometry": {
        "type": "Polygon",
        "coordinates": [
          [
            [
              79.7731,
              11.7531
            ],
            [
              79.77409999999999,
              11.7531
            ],
            [
              79.77409999999999,
              11.7541
            ],
            [
              79.7731,
              11.7541
            ],
            [
              79.7731,
              11.7531
            ]
          ]
        ]
      },
      "properties": {
        "building_id": "INDEPENDENT_TN_BLD_0131",
        "osm_id": "osm_way_ind_0131",
        "event_id": "TN_OCKHI_2017",
        "prediction": "DAMAGED",
        "damage_prediction": "DAMAGED",
        "confidence": 1.0,
        "prediction_margin": 0.35,
        "entropy": 0.45,
        "domain_shift_score": 0.1,
        "prob_intact": 0.1,
        "prob_damaged": 0.85,
        "prob_destroyed": 0.05,
        "coverage_ratio": 1.2,
        "pre_product_id": "S2A_MSIL2A_20201114_TCI",
        "post_product_id": "S2B_MSIL2A_20201129_TCI",
        "s1_pre_id": "S1A_IW_GRDH_1SDV_20201115_PRE",
        "s1_post_id": "S1A_IW_GRDH_1SDV_20201127_POST",
        "s2_pre_id": "S2A_MSIL2A_20201114_TCI",
        "s2_post_id": "S2B_MSIL2A_20201129_TCI",
        "pre_date": "2020-11-15T00:24:12Z",
        "post_date": "2020-11-27T00:24:13Z",
        "temporal_delta_days": 12,
        "review_status": "AUTOMATIC_CANDIDATE",
        "model_version": "Phase 8.4 Champion",
        "checkpoint_sha256": "f5761006f3526f8ff9aa3a1d6487b7842c964fad99938cddf747cd1a1cba85db"
      }
    },
    {
      "type": "Feature",
      "id": "INDEPENDENT_TN_BLD_0132",
      "geometry": {
        "type": "Polygon",
        "coordinates": [
          [
            [
              79.7732,
              11.7532
            ],
            [
              79.7742,
              11.7532
            ],
            [
              79.7742,
              11.754199999999999
            ],
            [
              79.7732,
              11.754199999999999
            ],
            [
              79.7732,
              11.7532
            ]
          ]
        ]
      },
      "properties": {
        "building_id": "INDEPENDENT_TN_BLD_0132",
        "osm_id": "osm_way_ind_0132",
        "event_id": "TN_OCKHI_2017",
        "prediction": "DAMAGED",
        "damage_prediction": "DAMAGED",
        "confidence": 1.0,
        "prediction_margin": 0.35,
        "entropy": 0.45,
        "domain_shift_score": 0.1,
        "prob_intact": 0.1,
        "prob_damaged": 0.85,
        "prob_destroyed": 0.05,
        "coverage_ratio": 1.2,
        "pre_product_id": "S2A_MSIL2A_20201114_TCI",
        "post_product_id": "S2B_MSIL2A_20201129_TCI",
        "s1_pre_id": "S1A_IW_GRDH_1SDV_20201115_PRE",
        "s1_post_id": "S1A_IW_GRDH_1SDV_20201127_POST",
        "s2_pre_id": "S2A_MSIL2A_20201114_TCI",
        "s2_post_id": "S2B_MSIL2A_20201129_TCI",
        "pre_date": "2020-11-15T00:24:12Z",
        "post_date": "2020-11-27T00:24:13Z",
        "temporal_delta_days": 12,
        "review_status": "AUTOMATIC_CANDIDATE",
        "model_version": "Phase 8.4 Champion",
        "checkpoint_sha256": "f5761006f3526f8ff9aa3a1d6487b7842c964fad99938cddf747cd1a1cba85db"
      }
    },
    {
      "type": "Feature",
      "id": "INDEPENDENT_TN_BLD_0133",
      "geometry": {
        "type": "Polygon",
        "coordinates": [
          [
            [
              79.7733,
              11.7533
            ],
            [
              79.7743,
              11.7533
            ],
            [
              79.7743,
              11.754299999999999
            ],
            [
              79.7733,
              11.754299999999999
            ],
            [
              79.7733,
              11.7533
            ]
          ]
        ]
      },
      "properties": {
        "building_id": "INDEPENDENT_TN_BLD_0133",
        "osm_id": "osm_way_ind_0133",
        "event_id": "TN_OCKHI_2017",
        "prediction": "DAMAGED",
        "damage_prediction": "DAMAGED",
        "confidence": 1.0,
        "prediction_margin": 0.35,
        "entropy": 0.45,
        "domain_shift_score": 0.1,
        "prob_intact": 0.1,
        "prob_damaged": 0.85,
        "prob_destroyed": 0.05,
        "coverage_ratio": 1.2,
        "pre_product_id": "S2A_MSIL2A_20201114_TCI",
        "post_product_id": "S2B_MSIL2A_20201129_TCI",
        "s1_pre_id": "S1A_IW_GRDH_1SDV_20201115_PRE",
        "s1_post_id": "S1A_IW_GRDH_1SDV_20201127_POST",
        "s2_pre_id": "S2A_MSIL2A_20201114_TCI",
        "s2_post_id": "S2B_MSIL2A_20201129_TCI",
        "pre_date": "2020-11-15T00:24:12Z",
        "post_date": "2020-11-27T00:24:13Z",
        "temporal_delta_days": 12,
        "review_status": "AUTOMATIC_CANDIDATE",
        "model_version": "Phase 8.4 Champion",
        "checkpoint_sha256": "f5761006f3526f8ff9aa3a1d6487b7842c964fad99938cddf747cd1a1cba85db"
      }
    },
    {
      "type": "Feature",
      "id": "INDEPENDENT_TN_BLD_0134",
      "geometry": {
        "type": "Polygon",
        "coordinates": [
          [
            [
              79.77340000000001,
              11.753400000000001
            ],
            [
              79.7744,
              11.753400000000001
            ],
            [
              79.7744,
              11.7544
            ],
            [
              79.77340000000001,
              11.7544
            ],
            [
              79.77340000000001,
              11.753400000000001
            ]
          ]
        ]
      },
      "properties": {
        "building_id": "INDEPENDENT_TN_BLD_0134",
        "osm_id": "osm_way_ind_0134",
        "event_id": "TN_OCKHI_2017",
        "prediction": "DAMAGED",
        "damage_prediction": "DAMAGED",
        "confidence": 1.0,
        "prediction_margin": 0.35,
        "entropy": 0.45,
        "domain_shift_score": 0.1,
        "prob_intact": 0.1,
        "prob_damaged": 0.85,
        "prob_destroyed": 0.05,
        "coverage_ratio": 1.2,
        "pre_product_id": "S2A_MSIL2A_20201114_TCI",
        "post_product_id": "S2B_MSIL2A_20201129_TCI",
        "s1_pre_id": "S1A_IW_GRDH_1SDV_20201115_PRE",
        "s1_post_id": "S1A_IW_GRDH_1SDV_20201127_POST",
        "s2_pre_id": "S2A_MSIL2A_20201114_TCI",
        "s2_post_id": "S2B_MSIL2A_20201129_TCI",
        "pre_date": "2020-11-15T00:24:12Z",
        "post_date": "2020-11-27T00:24:13Z",
        "temporal_delta_days": 12,
        "review_status": "AUTOMATIC_CANDIDATE",
        "model_version": "Phase 8.4 Champion",
        "checkpoint_sha256": "f5761006f3526f8ff9aa3a1d6487b7842c964fad99938cddf747cd1a1cba85db"
      }
    },
    {
      "type": "Feature",
      "id": "INDEPENDENT_TN_BLD_0135",
      "geometry": {
        "type": "Polygon",
        "coordinates": [
          [
            [
              79.7735,
              11.7535
            ],
            [
              79.77449999999999,
              11.7535
            ],
            [
              79.77449999999999,
              11.7545
            ],
            [
              79.7735,
              11.7545
            ],
            [
              79.7735,
              11.7535
            ]
          ]
        ]
      },
      "properties": {
        "building_id": "INDEPENDENT_TN_BLD_0135",
        "osm_id": "osm_way_ind_0135",
        "event_id": "TN_OCKHI_2017",
        "prediction": "DAMAGED",
        "damage_prediction": "DAMAGED",
        "confidence": 1.0,
        "prediction_margin": 0.35,
        "entropy": 0.45,
        "domain_shift_score": 0.1,
        "prob_intact": 0.1,
        "prob_damaged": 0.85,
        "prob_destroyed": 0.05,
        "coverage_ratio": 1.2,
        "pre_product_id": "S2A_MSIL2A_20201114_TCI",
        "post_product_id": "S2B_MSIL2A_20201129_TCI",
        "s1_pre_id": "S1A_IW_GRDH_1SDV_20201115_PRE",
        "s1_post_id": "S1A_IW_GRDH_1SDV_20201127_POST",
        "s2_pre_id": "S2A_MSIL2A_20201114_TCI",
        "s2_post_id": "S2B_MSIL2A_20201129_TCI",
        "pre_date": "2020-11-15T00:24:12Z",
        "post_date": "2020-11-27T00:24:13Z",
        "temporal_delta_days": 12,
        "review_status": "AUTOMATIC_CANDIDATE",
        "model_version": "Phase 8.4 Champion",
        "checkpoint_sha256": "f5761006f3526f8ff9aa3a1d6487b7842c964fad99938cddf747cd1a1cba85db"
      }
    },
    {
      "type": "Feature",
      "id": "INDEPENDENT_TN_BLD_0136",
      "geometry": {
        "type": "Polygon",
        "coordinates": [
          [
            [
              79.7736,
              11.7536
            ],
            [
              79.77459999999999,
              11.7536
            ],
            [
              79.77459999999999,
              11.7546
            ],
            [
              79.7736,
              11.7546
            ],
            [
              79.7736,
              11.7536
            ]
          ]
        ]
      },
      "properties": {
        "building_id": "INDEPENDENT_TN_BLD_0136",
        "osm_id": "osm_way_ind_0136",
        "event_id": "TN_OCKHI_2017",
        "prediction": "DAMAGED",
        "damage_prediction": "DAMAGED",
        "confidence": 1.0,
        "prediction_margin": 0.35,
        "entropy": 0.45,
        "domain_shift_score": 0.1,
        "prob_intact": 0.1,
        "prob_damaged": 0.85,
        "prob_destroyed": 0.05,
        "coverage_ratio": 1.2,
        "pre_product_id": "S2A_MSIL2A_20201114_TCI",
        "post_product_id": "S2B_MSIL2A_20201129_TCI",
        "s1_pre_id": "S1A_IW_GRDH_1SDV_20201115_PRE",
        "s1_post_id": "S1A_IW_GRDH_1SDV_20201127_POST",
        "s2_pre_id": "S2A_MSIL2A_20201114_TCI",
        "s2_post_id": "S2B_MSIL2A_20201129_TCI",
        "pre_date": "2020-11-15T00:24:12Z",
        "post_date": "2020-11-27T00:24:13Z",
        "temporal_delta_days": 12,
        "review_status": "AUTOMATIC_CANDIDATE",
        "model_version": "Phase 8.4 Champion",
        "checkpoint_sha256": "f5761006f3526f8ff9aa3a1d6487b7842c964fad99938cddf747cd1a1cba85db"
      }
    },
    {
      "type": "Feature",
      "id": "INDEPENDENT_TN_BLD_0137",
      "geometry": {
        "type": "Polygon",
        "coordinates": [
          [
            [
              79.7737,
              11.7537
            ],
            [
              79.7747,
              11.7537
            ],
            [
              79.7747,
              11.7547
            ],
            [
              79.7737,
              11.7547
            ],
            [
              79.7737,
              11.7537
            ]
          ]
        ]
      },
      "properties": {
        "building_id": "INDEPENDENT_TN_BLD_0137",
        "osm_id": "osm_way_ind_0137",
        "event_id": "TN_OCKHI_2017",
        "prediction": "DAMAGED",
        "damage_prediction": "DAMAGED",
        "confidence": 1.0,
        "prediction_margin": 0.35,
        "entropy": 0.45,
        "domain_shift_score": 0.1,
        "prob_intact": 0.1,
        "prob_damaged": 0.85,
        "prob_destroyed": 0.05,
        "coverage_ratio": 1.2,
        "pre_product_id": "S2A_MSIL2A_20201114_TCI",
        "post_product_id": "S2B_MSIL2A_20201129_TCI",
        "s1_pre_id": "S1A_IW_GRDH_1SDV_20201115_PRE",
        "s1_post_id": "S1A_IW_GRDH_1SDV_20201127_POST",
        "s2_pre_id": "S2A_MSIL2A_20201114_TCI",
        "s2_post_id": "S2B_MSIL2A_20201129_TCI",
        "pre_date": "2020-11-15T00:24:12Z",
        "post_date": "2020-11-27T00:24:13Z",
        "temporal_delta_days": 12,
        "review_status": "AUTOMATIC_CANDIDATE",
        "model_version": "Phase 8.4 Champion",
        "checkpoint_sha256": "f5761006f3526f8ff9aa3a1d6487b7842c964fad99938cddf747cd1a1cba85db"
      }
    },
    {
      "type": "Feature",
      "id": "INDEPENDENT_TN_BLD_0138",
      "geometry": {
        "type": "Polygon",
        "coordinates": [
          [
            [
              79.77380000000001,
              11.7538
            ],
            [
              79.7748,
              11.7538
            ],
            [
              79.7748,
              11.7548
            ],
            [
              79.77380000000001,
              11.7548
            ],
            [
              79.77380000000001,
              11.7538
            ]
          ]
        ]
      },
      "properties": {
        "building_id": "INDEPENDENT_TN_BLD_0138",
        "osm_id": "osm_way_ind_0138",
        "event_id": "TN_OCKHI_2017",
        "prediction": "DAMAGED",
        "damage_prediction": "DAMAGED",
        "confidence": 1.0,
        "prediction_margin": 0.35,
        "entropy": 0.45,
        "domain_shift_score": 0.1,
        "prob_intact": 0.1,
        "prob_damaged": 0.85,
        "prob_destroyed": 0.05,
        "coverage_ratio": 1.2,
        "pre_product_id": "S2A_MSIL2A_20201114_TCI",
        "post_product_id": "S2B_MSIL2A_20201129_TCI",
        "s1_pre_id": "S1A_IW_GRDH_1SDV_20201115_PRE",
        "s1_post_id": "S1A_IW_GRDH_1SDV_20201127_POST",
        "s2_pre_id": "S2A_MSIL2A_20201114_TCI",
        "s2_post_id": "S2B_MSIL2A_20201129_TCI",
        "pre_date": "2020-11-15T00:24:12Z",
        "post_date": "2020-11-27T00:24:13Z",
        "temporal_delta_days": 12,
        "review_status": "AUTOMATIC_CANDIDATE",
        "model_version": "Phase 8.4 Champion",
        "checkpoint_sha256": "f5761006f3526f8ff9aa3a1d6487b7842c964fad99938cddf747cd1a1cba85db"
      }
    },
    {
      "type": "Feature",
      "id": "INDEPENDENT_TN_BLD_0139",
      "geometry": {
        "type": "Polygon",
        "coordinates": [
          [
            [
              79.77390000000001,
              11.7539
            ],
            [
              79.7749,
              11.7539
            ],
            [
              79.7749,
              11.7549
            ],
            [
              79.77390000000001,
              11.7549
            ],
            [
              79.77390000000001,
              11.7539
            ]
          ]
        ]
      },
      "properties": {
        "building_id": "INDEPENDENT_TN_BLD_0139",
        "osm_id": "osm_way_ind_0139",
        "event_id": "TN_OCKHI_2017",
        "prediction": "DAMAGED",
        "damage_prediction": "DAMAGED",
        "confidence": 1.0,
        "prediction_margin": 0.35,
        "entropy": 0.45,
        "domain_shift_score": 0.1,
        "prob_intact": 0.1,
        "prob_damaged": 0.85,
        "prob_destroyed": 0.05,
        "coverage_ratio": 1.2,
        "pre_product_id": "S2A_MSIL2A_20201114_TCI",
        "post_product_id": "S2B_MSIL2A_20201129_TCI",
        "s1_pre_id": "S1A_IW_GRDH_1SDV_20201115_PRE",
        "s1_post_id": "S1A_IW_GRDH_1SDV_20201127_POST",
        "s2_pre_id": "S2A_MSIL2A_20201114_TCI",
        "s2_post_id": "S2B_MSIL2A_20201129_TCI",
        "pre_date": "2020-11-15T00:24:12Z",
        "post_date": "2020-11-27T00:24:13Z",
        "temporal_delta_days": 12,
        "review_status": "AUTOMATIC_CANDIDATE",
        "model_version": "Phase 8.4 Champion",
        "checkpoint_sha256": "f5761006f3526f8ff9aa3a1d6487b7842c964fad99938cddf747cd1a1cba85db"
      }
    },
    {
      "type": "Feature",
      "id": "INDEPENDENT_TN_BLD_0140",
      "geometry": {
        "type": "Polygon",
        "coordinates": [
          [
            [
              79.774,
              11.754
            ],
            [
              79.77499999999999,
              11.754
            ],
            [
              79.77499999999999,
              11.754999999999999
            ],
            [
              79.774,
              11.754999999999999
            ],
            [
              79.774,
              11.754
            ]
          ]
        ]
      },
      "properties": {
        "building_id": "INDEPENDENT_TN_BLD_0140",
        "osm_id": "osm_way_ind_0140",
        "event_id": "TN_OCKHI_2017",
        "prediction": "DAMAGED",
        "damage_prediction": "DAMAGED",
        "confidence": 1.0,
        "prediction_margin": 0.35,
        "entropy": 0.45,
        "domain_shift_score": 0.1,
        "prob_intact": 0.1,
        "prob_damaged": 0.85,
        "prob_destroyed": 0.05,
        "coverage_ratio": 1.2,
        "pre_product_id": "S2A_MSIL2A_20201114_TCI",
        "post_product_id": "S2B_MSIL2A_20201129_TCI",
        "s1_pre_id": "S1A_IW_GRDH_1SDV_20201115_PRE",
        "s1_post_id": "S1A_IW_GRDH_1SDV_20201127_POST",
        "s2_pre_id": "S2A_MSIL2A_20201114_TCI",
        "s2_post_id": "S2B_MSIL2A_20201129_TCI",
        "pre_date": "2020-11-15T00:24:12Z",
        "post_date": "2020-11-27T00:24:13Z",
        "temporal_delta_days": 12,
        "review_status": "AUTOMATIC_CANDIDATE",
        "model_version": "Phase 8.4 Champion",
        "checkpoint_sha256": "f5761006f3526f8ff9aa3a1d6487b7842c964fad99938cddf747cd1a1cba85db"
      }
    },
    {
      "type": "Feature",
      "id": "INDEPENDENT_TN_BLD_0141",
      "geometry": {
        "type": "Polygon",
        "coordinates": [
          [
            [
              79.7741,
              11.754100000000001
            ],
            [
              79.7751,
              11.754100000000001
            ],
            [
              79.7751,
              11.755099999999999
            ],
            [
              79.7741,
              11.755099999999999
            ],
            [
              79.7741,
              11.754100000000001
            ]
          ]
        ]
      },
      "properties": {
        "building_id": "INDEPENDENT_TN_BLD_0141",
        "osm_id": "osm_way_ind_0141",
        "event_id": "TN_OCKHI_2017",
        "prediction": "DAMAGED",
        "damage_prediction": "DAMAGED",
        "confidence": 1.0,
        "prediction_margin": 0.35,
        "entropy": 0.45,
        "domain_shift_score": 0.1,
        "prob_intact": 0.1,
        "prob_damaged": 0.85,
        "prob_destroyed": 0.05,
        "coverage_ratio": 1.2,
        "pre_product_id": "S2A_MSIL2A_20201114_TCI",
        "post_product_id": "S2B_MSIL2A_20201129_TCI",
        "s1_pre_id": "S1A_IW_GRDH_1SDV_20201115_PRE",
        "s1_post_id": "S1A_IW_GRDH_1SDV_20201127_POST",
        "s2_pre_id": "S2A_MSIL2A_20201114_TCI",
        "s2_post_id": "S2B_MSIL2A_20201129_TCI",
        "pre_date": "2020-11-15T00:24:12Z",
        "post_date": "2020-11-27T00:24:13Z",
        "temporal_delta_days": 12,
        "review_status": "AUTOMATIC_CANDIDATE",
        "model_version": "Phase 8.4 Champion",
        "checkpoint_sha256": "f5761006f3526f8ff9aa3a1d6487b7842c964fad99938cddf747cd1a1cba85db"
      }
    },
    {
      "type": "Feature",
      "id": "INDEPENDENT_TN_BLD_0142",
      "geometry": {
        "type": "Polygon",
        "coordinates": [
          [
            [
              79.77420000000001,
              11.7542
            ],
            [
              79.7752,
              11.7542
            ],
            [
              79.7752,
              11.7552
            ],
            [
              79.77420000000001,
              11.7552
            ],
            [
              79.77420000000001,
              11.7542
            ]
          ]
        ]
      },
      "properties": {
        "building_id": "INDEPENDENT_TN_BLD_0142",
        "osm_id": "osm_way_ind_0142",
        "event_id": "TN_OCKHI_2017",
        "prediction": "DAMAGED",
        "damage_prediction": "DAMAGED",
        "confidence": 1.0,
        "prediction_margin": 0.35,
        "entropy": 0.45,
        "domain_shift_score": 0.1,
        "prob_intact": 0.1,
        "prob_damaged": 0.85,
        "prob_destroyed": 0.05,
        "coverage_ratio": 1.2,
        "pre_product_id": "S2A_MSIL2A_20201114_TCI",
        "post_product_id": "S2B_MSIL2A_20201129_TCI",
        "s1_pre_id": "S1A_IW_GRDH_1SDV_20201115_PRE",
        "s1_post_id": "S1A_IW_GRDH_1SDV_20201127_POST",
        "s2_pre_id": "S2A_MSIL2A_20201114_TCI",
        "s2_post_id": "S2B_MSIL2A_20201129_TCI",
        "pre_date": "2020-11-15T00:24:12Z",
        "post_date": "2020-11-27T00:24:13Z",
        "temporal_delta_days": 12,
        "review_status": "AUTOMATIC_CANDIDATE",
        "model_version": "Phase 8.4 Champion",
        "checkpoint_sha256": "f5761006f3526f8ff9aa3a1d6487b7842c964fad99938cddf747cd1a1cba85db"
      }
    },
    {
      "type": "Feature",
      "id": "INDEPENDENT_TN_BLD_0143",
      "geometry": {
        "type": "Polygon",
        "coordinates": [
          [
            [
              79.77430000000001,
              11.7543
            ],
            [
              79.7753,
              11.7543
            ],
            [
              79.7753,
              11.7553
            ],
            [
              79.77430000000001,
              11.7553
            ],
            [
              79.77430000000001,
              11.7543
            ]
          ]
        ]
      },
      "properties": {
        "building_id": "INDEPENDENT_TN_BLD_0143",
        "osm_id": "osm_way_ind_0143",
        "event_id": "TN_OCKHI_2017",
        "prediction": "DAMAGED",
        "damage_prediction": "DAMAGED",
        "confidence": 1.0,
        "prediction_margin": 0.35,
        "entropy": 0.45,
        "domain_shift_score": 0.1,
        "prob_intact": 0.1,
        "prob_damaged": 0.85,
        "prob_destroyed": 0.05,
        "coverage_ratio": 1.2,
        "pre_product_id": "S2A_MSIL2A_20201114_TCI",
        "post_product_id": "S2B_MSIL2A_20201129_TCI",
        "s1_pre_id": "S1A_IW_GRDH_1SDV_20201115_PRE",
        "s1_post_id": "S1A_IW_GRDH_1SDV_20201127_POST",
        "s2_pre_id": "S2A_MSIL2A_20201114_TCI",
        "s2_post_id": "S2B_MSIL2A_20201129_TCI",
        "pre_date": "2020-11-15T00:24:12Z",
        "post_date": "2020-11-27T00:24:13Z",
        "temporal_delta_days": 12,
        "review_status": "AUTOMATIC_CANDIDATE",
        "model_version": "Phase 8.4 Champion",
        "checkpoint_sha256": "f5761006f3526f8ff9aa3a1d6487b7842c964fad99938cddf747cd1a1cba85db"
      }
    },
    {
      "type": "Feature",
      "id": "INDEPENDENT_TN_BLD_0144",
      "geometry": {
        "type": "Polygon",
        "coordinates": [
          [
            [
              79.7744,
              11.7544
            ],
            [
              79.77539999999999,
              11.7544
            ],
            [
              79.77539999999999,
              11.7554
            ],
            [
              79.7744,
              11.7554
            ],
            [
              79.7744,
              11.7544
            ]
          ]
        ]
      },
      "properties": {
        "building_id": "INDEPENDENT_TN_BLD_0144",
        "osm_id": "osm_way_ind_0144",
        "event_id": "TN_OCKHI_2017",
        "prediction": "DAMAGED",
        "damage_prediction": "DAMAGED",
        "confidence": 1.0,
        "prediction_margin": 0.35,
        "entropy": 0.45,
        "domain_shift_score": 0.1,
        "prob_intact": 0.1,
        "prob_damaged": 0.85,
        "prob_destroyed": 0.05,
        "coverage_ratio": 1.2,
        "pre_product_id": "S2A_MSIL2A_20201114_TCI",
        "post_product_id": "S2B_MSIL2A_20201129_TCI",
        "s1_pre_id": "S1A_IW_GRDH_1SDV_20201115_PRE",
        "s1_post_id": "S1A_IW_GRDH_1SDV_20201127_POST",
        "s2_pre_id": "S2A_MSIL2A_20201114_TCI",
        "s2_post_id": "S2B_MSIL2A_20201129_TCI",
        "pre_date": "2020-11-15T00:24:12Z",
        "post_date": "2020-11-27T00:24:13Z",
        "temporal_delta_days": 12,
        "review_status": "AUTOMATIC_CANDIDATE",
        "model_version": "Phase 8.4 Champion",
        "checkpoint_sha256": "f5761006f3526f8ff9aa3a1d6487b7842c964fad99938cddf747cd1a1cba85db"
      }
    },
    {
      "type": "Feature",
      "id": "INDEPENDENT_TN_BLD_0145",
      "geometry": {
        "type": "Polygon",
        "coordinates": [
          [
            [
              79.7745,
              11.7545
            ],
            [
              79.7755,
              11.7545
            ],
            [
              79.7755,
              11.7555
            ],
            [
              79.7745,
              11.7555
            ],
            [
              79.7745,
              11.7545
            ]
          ]
        ]
      },
      "properties": {
        "building_id": "INDEPENDENT_TN_BLD_0145",
        "osm_id": "osm_way_ind_0145",
        "event_id": "TN_OCKHI_2017",
        "prediction": "DAMAGED",
        "damage_prediction": "DAMAGED",
        "confidence": 1.0,
        "prediction_margin": 0.35,
        "entropy": 0.45,
        "domain_shift_score": 0.1,
        "prob_intact": 0.1,
        "prob_damaged": 0.85,
        "prob_destroyed": 0.05,
        "coverage_ratio": 1.2,
        "pre_product_id": "S2A_MSIL2A_20201114_TCI",
        "post_product_id": "S2B_MSIL2A_20201129_TCI",
        "s1_pre_id": "S1A_IW_GRDH_1SDV_20201115_PRE",
        "s1_post_id": "S1A_IW_GRDH_1SDV_20201127_POST",
        "s2_pre_id": "S2A_MSIL2A_20201114_TCI",
        "s2_post_id": "S2B_MSIL2A_20201129_TCI",
        "pre_date": "2020-11-15T00:24:12Z",
        "post_date": "2020-11-27T00:24:13Z",
        "temporal_delta_days": 12,
        "review_status": "AUTOMATIC_CANDIDATE",
        "model_version": "Phase 8.4 Champion",
        "checkpoint_sha256": "f5761006f3526f8ff9aa3a1d6487b7842c964fad99938cddf747cd1a1cba85db"
      }
    },
    {
      "type": "Feature",
      "id": "INDEPENDENT_TN_BLD_0146",
      "geometry": {
        "type": "Polygon",
        "coordinates": [
          [
            [
              79.7746,
              11.7546
            ],
            [
              79.7756,
              11.7546
            ],
            [
              79.7756,
              11.7556
            ],
            [
              79.7746,
              11.7556
            ],
            [
              79.7746,
              11.7546
            ]
          ]
        ]
      },
      "properties": {
        "building_id": "INDEPENDENT_TN_BLD_0146",
        "osm_id": "osm_way_ind_0146",
        "event_id": "TN_OCKHI_2017",
        "prediction": "DAMAGED",
        "damage_prediction": "DAMAGED",
        "confidence": 1.0,
        "prediction_margin": 0.35,
        "entropy": 0.45,
        "domain_shift_score": 0.1,
        "prob_intact": 0.1,
        "prob_damaged": 0.85,
        "prob_destroyed": 0.05,
        "coverage_ratio": 1.2,
        "pre_product_id": "S2A_MSIL2A_20201114_TCI",
        "post_product_id": "S2B_MSIL2A_20201129_TCI",
        "s1_pre_id": "S1A_IW_GRDH_1SDV_20201115_PRE",
        "s1_post_id": "S1A_IW_GRDH_1SDV_20201127_POST",
        "s2_pre_id": "S2A_MSIL2A_20201114_TCI",
        "s2_post_id": "S2B_MSIL2A_20201129_TCI",
        "pre_date": "2020-11-15T00:24:12Z",
        "post_date": "2020-11-27T00:24:13Z",
        "temporal_delta_days": 12,
        "review_status": "AUTOMATIC_CANDIDATE",
        "model_version": "Phase 8.4 Champion",
        "checkpoint_sha256": "f5761006f3526f8ff9aa3a1d6487b7842c964fad99938cddf747cd1a1cba85db"
      }
    },
    {
      "type": "Feature",
      "id": "INDEPENDENT_TN_BLD_0147",
      "geometry": {
        "type": "Polygon",
        "coordinates": [
          [
            [
              79.77470000000001,
              11.7547
            ],
            [
              79.7757,
              11.7547
            ],
            [
              79.7757,
              11.7557
            ],
            [
              79.77470000000001,
              11.7557
            ],
            [
              79.77470000000001,
              11.7547
            ]
          ]
        ]
      },
      "properties": {
        "building_id": "INDEPENDENT_TN_BLD_0147",
        "osm_id": "osm_way_ind_0147",
        "event_id": "TN_OCKHI_2017",
        "prediction": "DAMAGED",
        "damage_prediction": "DAMAGED",
        "confidence": 1.0,
        "prediction_margin": 0.35,
        "entropy": 0.45,
        "domain_shift_score": 0.1,
        "prob_intact": 0.1,
        "prob_damaged": 0.85,
        "prob_destroyed": 0.05,
        "coverage_ratio": 1.2,
        "pre_product_id": "S2A_MSIL2A_20201114_TCI",
        "post_product_id": "S2B_MSIL2A_20201129_TCI",
        "s1_pre_id": "S1A_IW_GRDH_1SDV_20201115_PRE",
        "s1_post_id": "S1A_IW_GRDH_1SDV_20201127_POST",
        "s2_pre_id": "S2A_MSIL2A_20201114_TCI",
        "s2_post_id": "S2B_MSIL2A_20201129_TCI",
        "pre_date": "2020-11-15T00:24:12Z",
        "post_date": "2020-11-27T00:24:13Z",
        "temporal_delta_days": 12,
        "review_status": "AUTOMATIC_CANDIDATE",
        "model_version": "Phase 8.4 Champion",
        "checkpoint_sha256": "f5761006f3526f8ff9aa3a1d6487b7842c964fad99938cddf747cd1a1cba85db"
      }
    },
    {
      "type": "Feature",
      "id": "INDEPENDENT_TN_BLD_0148",
      "geometry": {
        "type": "Polygon",
        "coordinates": [
          [
            [
              79.7748,
              11.7548
            ],
            [
              79.77579999999999,
              11.7548
            ],
            [
              79.77579999999999,
              11.755799999999999
            ],
            [
              79.7748,
              11.755799999999999
            ],
            [
              79.7748,
              11.7548
            ]
          ]
        ]
      },
      "properties": {
        "building_id": "INDEPENDENT_TN_BLD_0148",
        "osm_id": "osm_way_ind_0148",
        "event_id": "TN_OCKHI_2017",
        "prediction": "DAMAGED",
        "damage_prediction": "DAMAGED",
        "confidence": 1.0,
        "prediction_margin": 0.35,
        "entropy": 0.45,
        "domain_shift_score": 0.1,
        "prob_intact": 0.1,
        "prob_damaged": 0.85,
        "prob_destroyed": 0.05,
        "coverage_ratio": 1.2,
        "pre_product_id": "S2A_MSIL2A_20201114_TCI",
        "post_product_id": "S2B_MSIL2A_20201129_TCI",
        "s1_pre_id": "S1A_IW_GRDH_1SDV_20201115_PRE",
        "s1_post_id": "S1A_IW_GRDH_1SDV_20201127_POST",
        "s2_pre_id": "S2A_MSIL2A_20201114_TCI",
        "s2_post_id": "S2B_MSIL2A_20201129_TCI",
        "pre_date": "2020-11-15T00:24:12Z",
        "post_date": "2020-11-27T00:24:13Z",
        "temporal_delta_days": 12,
        "review_status": "AUTOMATIC_CANDIDATE",
        "model_version": "Phase 8.4 Champion",
        "checkpoint_sha256": "f5761006f3526f8ff9aa3a1d6487b7842c964fad99938cddf747cd1a1cba85db"
      }
    },
    {
      "type": "Feature",
      "id": "INDEPENDENT_TN_BLD_0149",
      "geometry": {
        "type": "Polygon",
        "coordinates": [
          [
            [
              79.7749,
              11.754900000000001
            ],
            [
              79.7759,
              11.754900000000001
            ],
            [
              79.7759,
              11.7559
            ],
            [
              79.7749,
              11.7559
            ],
            [
              79.7749,
              11.754900000000001
            ]
          ]
        ]
      },
      "properties": {
        "building_id": "INDEPENDENT_TN_BLD_0149",
        "osm_id": "osm_way_ind_0149",
        "event_id": "TN_OCKHI_2017",
        "prediction": "DAMAGED",
        "damage_prediction": "DAMAGED",
        "confidence": 1.0,
        "prediction_margin": 0.35,
        "entropy": 0.45,
        "domain_shift_score": 0.1,
        "prob_intact": 0.1,
        "prob_damaged": 0.85,
        "prob_destroyed": 0.05,
        "coverage_ratio": 1.2,
        "pre_product_id": "S2A_MSIL2A_20201114_TCI",
        "post_product_id": "S2B_MSIL2A_20201129_TCI",
        "s1_pre_id": "S1A_IW_GRDH_1SDV_20201115_PRE",
        "s1_post_id": "S1A_IW_GRDH_1SDV_20201127_POST",
        "s2_pre_id": "S2A_MSIL2A_20201114_TCI",
        "s2_post_id": "S2B_MSIL2A_20201129_TCI",
        "pre_date": "2020-11-15T00:24:12Z",
        "post_date": "2020-11-27T00:24:13Z",
        "temporal_delta_days": 12,
        "review_status": "AUTOMATIC_CANDIDATE",
        "model_version": "Phase 8.4 Champion",
        "checkpoint_sha256": "f5761006f3526f8ff9aa3a1d6487b7842c964fad99938cddf747cd1a1cba85db"
      }
    },
    {
      "type": "Feature",
      "id": "INDEPENDENT_TN_BLD_0150",
      "geometry": {
        "type": "Polygon",
        "coordinates": [
          [
            [
              79.775,
              11.755
            ],
            [
              79.776,
              11.755
            ],
            [
              79.776,
              11.756
            ],
            [
              79.775,
              11.756
            ],
            [
              79.775,
              11.755
            ]
          ]
        ]
      },
      "properties": {
        "building_id": "INDEPENDENT_TN_BLD_0150",
        "osm_id": "osm_way_ind_0150",
        "event_id": "TN_OCKHI_2017",
        "prediction": "DAMAGED",
        "damage_prediction": "DAMAGED",
        "confidence": 1.0,
        "prediction_margin": 0.35,
        "entropy": 0.45,
        "domain_shift_score": 0.1,
        "prob_intact": 0.1,
        "prob_damaged": 0.85,
        "prob_destroyed": 0.05,
        "coverage_ratio": 1.2,
        "pre_product_id": "S2A_MSIL2A_20201114_TCI",
        "post_product_id": "S2B_MSIL2A_20201129_TCI",
        "s1_pre_id": "S1A_IW_GRDH_1SDV_20201115_PRE",
        "s1_post_id": "S1A_IW_GRDH_1SDV_20201127_POST",
        "s2_pre_id": "S2A_MSIL2A_20201114_TCI",
        "s2_post_id": "S2B_MSIL2A_20201129_TCI",
        "pre_date": "2020-11-15T00:24:12Z",
        "post_date": "2020-11-27T00:24:13Z",
        "temporal_delta_days": 12,
        "review_status": "AUTOMATIC_CANDIDATE",
        "model_version": "Phase 8.4 Champion",
        "checkpoint_sha256": "f5761006f3526f8ff9aa3a1d6487b7842c964fad99938cddf747cd1a1cba85db"
      }
    },
    {
      "type": "Feature",
      "id": "INDEPENDENT_TN_BLD_0151",
      "geometry": {
        "type": "Polygon",
        "coordinates": [
          [
            [
              79.77510000000001,
              11.7551
            ],
            [
              79.7761,
              11.7551
            ],
            [
              79.7761,
              11.7561
            ],
            [
              79.77510000000001,
              11.7561
            ],
            [
              79.77510000000001,
              11.7551
            ]
          ]
        ]
      },
      "properties": {
        "building_id": "INDEPENDENT_TN_BLD_0151",
        "osm_id": "osm_way_ind_0151",
        "event_id": "TN_OCKHI_2017",
        "prediction": "DAMAGED",
        "damage_prediction": "DAMAGED",
        "confidence": 1.0,
        "prediction_margin": 0.35,
        "entropy": 0.45,
        "domain_shift_score": 0.1,
        "prob_intact": 0.1,
        "prob_damaged": 0.85,
        "prob_destroyed": 0.05,
        "coverage_ratio": 1.2,
        "pre_product_id": "S2A_MSIL2A_20201114_TCI",
        "post_product_id": "S2B_MSIL2A_20201129_TCI",
        "s1_pre_id": "S1A_IW_GRDH_1SDV_20201115_PRE",
        "s1_post_id": "S1A_IW_GRDH_1SDV_20201127_POST",
        "s2_pre_id": "S2A_MSIL2A_20201114_TCI",
        "s2_post_id": "S2B_MSIL2A_20201129_TCI",
        "pre_date": "2020-11-15T00:24:12Z",
        "post_date": "2020-11-27T00:24:13Z",
        "temporal_delta_days": 12,
        "review_status": "AUTOMATIC_CANDIDATE",
        "model_version": "Phase 8.4 Champion",
        "checkpoint_sha256": "f5761006f3526f8ff9aa3a1d6487b7842c964fad99938cddf747cd1a1cba85db"
      }
    },
    {
      "type": "Feature",
      "id": "INDEPENDENT_TN_BLD_0152",
      "geometry": {
        "type": "Polygon",
        "coordinates": [
          [
            [
              79.7752,
              11.7552
            ],
            [
              79.77619999999999,
              11.7552
            ],
            [
              79.77619999999999,
              11.7562
            ],
            [
              79.7752,
              11.7562
            ],
            [
              79.7752,
              11.7552
            ]
          ]
        ]
      },
      "properties": {
        "building_id": "INDEPENDENT_TN_BLD_0152",
        "osm_id": "osm_way_ind_0152",
        "event_id": "TN_OCKHI_2017",
        "prediction": "DAMAGED",
        "damage_prediction": "DAMAGED",
        "confidence": 1.0,
        "prediction_margin": 0.35,
        "entropy": 0.45,
        "domain_shift_score": 0.1,
        "prob_intact": 0.1,
        "prob_damaged": 0.85,
        "prob_destroyed": 0.05,
        "coverage_ratio": 1.2,
        "pre_product_id": "S2A_MSIL2A_20201114_TCI",
        "post_product_id": "S2B_MSIL2A_20201129_TCI",
        "s1_pre_id": "S1A_IW_GRDH_1SDV_20201115_PRE",
        "s1_post_id": "S1A_IW_GRDH_1SDV_20201127_POST",
        "s2_pre_id": "S2A_MSIL2A_20201114_TCI",
        "s2_post_id": "S2B_MSIL2A_20201129_TCI",
        "pre_date": "2020-11-15T00:24:12Z",
        "post_date": "2020-11-27T00:24:13Z",
        "temporal_delta_days": 12,
        "review_status": "AUTOMATIC_CANDIDATE",
        "model_version": "Phase 8.4 Champion",
        "checkpoint_sha256": "f5761006f3526f8ff9aa3a1d6487b7842c964fad99938cddf747cd1a1cba85db"
      }
    },
    {
      "type": "Feature",
      "id": "INDEPENDENT_TN_BLD_0153",
      "geometry": {
        "type": "Polygon",
        "coordinates": [
          [
            [
              79.7753,
              11.7553
            ],
            [
              79.77629999999999,
              11.7553
            ],
            [
              79.77629999999999,
              11.7563
            ],
            [
              79.7753,
              11.7563
            ],
            [
              79.7753,
              11.7553
            ]
          ]
        ]
      },
      "properties": {
        "building_id": "INDEPENDENT_TN_BLD_0153",
        "osm_id": "osm_way_ind_0153",
        "event_id": "TN_OCKHI_2017",
        "prediction": "DAMAGED",
        "damage_prediction": "DAMAGED",
        "confidence": 1.0,
        "prediction_margin": 0.35,
        "entropy": 0.45,
        "domain_shift_score": 0.1,
        "prob_intact": 0.1,
        "prob_damaged": 0.85,
        "prob_destroyed": 0.05,
        "coverage_ratio": 1.2,
        "pre_product_id": "S2A_MSIL2A_20201114_TCI",
        "post_product_id": "S2B_MSIL2A_20201129_TCI",
        "s1_pre_id": "S1A_IW_GRDH_1SDV_20201115_PRE",
        "s1_post_id": "S1A_IW_GRDH_1SDV_20201127_POST",
        "s2_pre_id": "S2A_MSIL2A_20201114_TCI",
        "s2_post_id": "S2B_MSIL2A_20201129_TCI",
        "pre_date": "2020-11-15T00:24:12Z",
        "post_date": "2020-11-27T00:24:13Z",
        "temporal_delta_days": 12,
        "review_status": "AUTOMATIC_CANDIDATE",
        "model_version": "Phase 8.4 Champion",
        "checkpoint_sha256": "f5761006f3526f8ff9aa3a1d6487b7842c964fad99938cddf747cd1a1cba85db"
      }
    },
    {
      "type": "Feature",
      "id": "INDEPENDENT_TN_BLD_0154",
      "geometry": {
        "type": "Polygon",
        "coordinates": [
          [
            [
              79.7754,
              11.7554
            ],
            [
              79.7764,
              11.7554
            ],
            [
              79.7764,
              11.7564
            ],
            [
              79.7754,
              11.7564
            ],
            [
              79.7754,
              11.7554
            ]
          ]
        ]
      },
      "properties": {
        "building_id": "INDEPENDENT_TN_BLD_0154",
        "osm_id": "osm_way_ind_0154",
        "event_id": "TN_OCKHI_2017",
        "prediction": "DAMAGED",
        "damage_prediction": "DAMAGED",
        "confidence": 1.0,
        "prediction_margin": 0.35,
        "entropy": 0.45,
        "domain_shift_score": 0.1,
        "prob_intact": 0.1,
        "prob_damaged": 0.85,
        "prob_destroyed": 0.05,
        "coverage_ratio": 1.2,
        "pre_product_id": "S2A_MSIL2A_20201114_TCI",
        "post_product_id": "S2B_MSIL2A_20201129_TCI",
        "s1_pre_id": "S1A_IW_GRDH_1SDV_20201115_PRE",
        "s1_post_id": "S1A_IW_GRDH_1SDV_20201127_POST",
        "s2_pre_id": "S2A_MSIL2A_20201114_TCI",
        "s2_post_id": "S2B_MSIL2A_20201129_TCI",
        "pre_date": "2020-11-15T00:24:12Z",
        "post_date": "2020-11-27T00:24:13Z",
        "temporal_delta_days": 12,
        "review_status": "AUTOMATIC_CANDIDATE",
        "model_version": "Phase 8.4 Champion",
        "checkpoint_sha256": "f5761006f3526f8ff9aa3a1d6487b7842c964fad99938cddf747cd1a1cba85db"
      }
    },
    {
      "type": "Feature",
      "id": "INDEPENDENT_TN_BLD_0155",
      "geometry": {
        "type": "Polygon",
        "coordinates": [
          [
            [
              79.77550000000001,
              11.7555
            ],
            [
              79.7765,
              11.7555
            ],
            [
              79.7765,
              11.756499999999999
            ],
            [
              79.77550000000001,
              11.756499999999999
            ],
            [
              79.77550000000001,
              11.7555
            ]
          ]
        ]
      },
      "properties": {
        "building_id": "INDEPENDENT_TN_BLD_0155",
        "osm_id": "osm_way_ind_0155",
        "event_id": "TN_OCKHI_2017",
        "prediction": "DAMAGED",
        "damage_prediction": "DAMAGED",
        "confidence": 1.0,
        "prediction_margin": 0.35,
        "entropy": 0.45,
        "domain_shift_score": 0.1,
        "prob_intact": 0.1,
        "prob_damaged": 0.85,
        "prob_destroyed": 0.05,
        "coverage_ratio": 1.2,
        "pre_product_id": "S2A_MSIL2A_20201114_TCI",
        "post_product_id": "S2B_MSIL2A_20201129_TCI",
        "s1_pre_id": "S1A_IW_GRDH_1SDV_20201115_PRE",
        "s1_post_id": "S1A_IW_GRDH_1SDV_20201127_POST",
        "s2_pre_id": "S2A_MSIL2A_20201114_TCI",
        "s2_post_id": "S2B_MSIL2A_20201129_TCI",
        "pre_date": "2020-11-15T00:24:12Z",
        "post_date": "2020-11-27T00:24:13Z",
        "temporal_delta_days": 12,
        "review_status": "AUTOMATIC_CANDIDATE",
        "model_version": "Phase 8.4 Champion",
        "checkpoint_sha256": "f5761006f3526f8ff9aa3a1d6487b7842c964fad99938cddf747cd1a1cba85db"
      }
    },
    {
      "type": "Feature",
      "id": "INDEPENDENT_TN_BLD_0156",
      "geometry": {
        "type": "Polygon",
        "coordinates": [
          [
            [
              79.77560000000001,
              11.7556
            ],
            [
              79.7766,
              11.7556
            ],
            [
              79.7766,
              11.756599999999999
            ],
            [
              79.77560000000001,
              11.756599999999999
            ],
            [
              79.77560000000001,
              11.7556
            ]
          ]
        ]
      },
      "properties": {
        "building_id": "INDEPENDENT_TN_BLD_0156",
        "osm_id": "osm_way_ind_0156",
        "event_id": "TN_OCKHI_2017",
        "prediction": "DAMAGED",
        "damage_prediction": "DAMAGED",
        "confidence": 1.0,
        "prediction_margin": 0.35,
        "entropy": 0.45,
        "domain_shift_score": 0.1,
        "prob_intact": 0.1,
        "prob_damaged": 0.85,
        "prob_destroyed": 0.05,
        "coverage_ratio": 1.2,
        "pre_product_id": "S2A_MSIL2A_20201114_TCI",
        "post_product_id": "S2B_MSIL2A_20201129_TCI",
        "s1_pre_id": "S1A_IW_GRDH_1SDV_20201115_PRE",
        "s1_post_id": "S1A_IW_GRDH_1SDV_20201127_POST",
        "s2_pre_id": "S2A_MSIL2A_20201114_TCI",
        "s2_post_id": "S2B_MSIL2A_20201129_TCI",
        "pre_date": "2020-11-15T00:24:12Z",
        "post_date": "2020-11-27T00:24:13Z",
        "temporal_delta_days": 12,
        "review_status": "AUTOMATIC_CANDIDATE",
        "model_version": "Phase 8.4 Champion",
        "checkpoint_sha256": "f5761006f3526f8ff9aa3a1d6487b7842c964fad99938cddf747cd1a1cba85db"
      }
    },
    {
      "type": "Feature",
      "id": "INDEPENDENT_TN_BLD_0157",
      "geometry": {
        "type": "Polygon",
        "coordinates": [
          [
            [
              79.7757,
              11.755700000000001
            ],
            [
              79.77669999999999,
              11.755700000000001
            ],
            [
              79.77669999999999,
              11.7567
            ],
            [
              79.7757,
              11.7567
            ],
            [
              79.7757,
              11.755700000000001
            ]
          ]
        ]
      },
      "properties": {
        "building_id": "INDEPENDENT_TN_BLD_0157",
        "osm_id": "osm_way_ind_0157",
        "event_id": "TN_OCKHI_2017",
        "prediction": "DAMAGED",
        "damage_prediction": "DAMAGED",
        "confidence": 1.0,
        "prediction_margin": 0.35,
        "entropy": 0.45,
        "domain_shift_score": 0.1,
        "prob_intact": 0.1,
        "prob_damaged": 0.85,
        "prob_destroyed": 0.05,
        "coverage_ratio": 1.2,
        "pre_product_id": "S2A_MSIL2A_20201114_TCI",
        "post_product_id": "S2B_MSIL2A_20201129_TCI",
        "s1_pre_id": "S1A_IW_GRDH_1SDV_20201115_PRE",
        "s1_post_id": "S1A_IW_GRDH_1SDV_20201127_POST",
        "s2_pre_id": "S2A_MSIL2A_20201114_TCI",
        "s2_post_id": "S2B_MSIL2A_20201129_TCI",
        "pre_date": "2020-11-15T00:24:12Z",
        "post_date": "2020-11-27T00:24:13Z",
        "temporal_delta_days": 12,
        "review_status": "AUTOMATIC_CANDIDATE",
        "model_version": "Phase 8.4 Champion",
        "checkpoint_sha256": "f5761006f3526f8ff9aa3a1d6487b7842c964fad99938cddf747cd1a1cba85db"
      }
    },
    {
      "type": "Feature",
      "id": "INDEPENDENT_TN_BLD_0158",
      "geometry": {
        "type": "Polygon",
        "coordinates": [
          [
            [
              79.7758,
              11.7558
            ],
            [
              79.7768,
              11.7558
            ],
            [
              79.7768,
              11.7568
            ],
            [
              79.7758,
              11.7568
            ],
            [
              79.7758,
              11.7558
            ]
          ]
        ]
      },
      "properties": {
        "building_id": "INDEPENDENT_TN_BLD_0158",
        "osm_id": "osm_way_ind_0158",
        "event_id": "TN_OCKHI_2017",
        "prediction": "DAMAGED",
        "damage_prediction": "DAMAGED",
        "confidence": 1.0,
        "prediction_margin": 0.35,
        "entropy": 0.45,
        "domain_shift_score": 0.1,
        "prob_intact": 0.1,
        "prob_damaged": 0.85,
        "prob_destroyed": 0.05,
        "coverage_ratio": 1.2,
        "pre_product_id": "S2A_MSIL2A_20201114_TCI",
        "post_product_id": "S2B_MSIL2A_20201129_TCI",
        "s1_pre_id": "S1A_IW_GRDH_1SDV_20201115_PRE",
        "s1_post_id": "S1A_IW_GRDH_1SDV_20201127_POST",
        "s2_pre_id": "S2A_MSIL2A_20201114_TCI",
        "s2_post_id": "S2B_MSIL2A_20201129_TCI",
        "pre_date": "2020-11-15T00:24:12Z",
        "post_date": "2020-11-27T00:24:13Z",
        "temporal_delta_days": 12,
        "review_status": "AUTOMATIC_CANDIDATE",
        "model_version": "Phase 8.4 Champion",
        "checkpoint_sha256": "f5761006f3526f8ff9aa3a1d6487b7842c964fad99938cddf747cd1a1cba85db"
      }
    },
    {
      "type": "Feature",
      "id": "INDEPENDENT_TN_BLD_0159",
      "geometry": {
        "type": "Polygon",
        "coordinates": [
          [
            [
              79.77590000000001,
              11.7559
            ],
            [
              79.7769,
              11.7559
            ],
            [
              79.7769,
              11.7569
            ],
            [
              79.77590000000001,
              11.7569
            ],
            [
              79.77590000000001,
              11.7559
            ]
          ]
        ]
      },
      "properties": {
        "building_id": "INDEPENDENT_TN_BLD_0159",
        "osm_id": "osm_way_ind_0159",
        "event_id": "TN_OCKHI_2017",
        "prediction": "DAMAGED",
        "damage_prediction": "DAMAGED",
        "confidence": 1.0,
        "prediction_margin": 0.35,
        "entropy": 0.45,
        "domain_shift_score": 0.1,
        "prob_intact": 0.1,
        "prob_damaged": 0.85,
        "prob_destroyed": 0.05,
        "coverage_ratio": 1.2,
        "pre_product_id": "S2A_MSIL2A_20201114_TCI",
        "post_product_id": "S2B_MSIL2A_20201129_TCI",
        "s1_pre_id": "S1A_IW_GRDH_1SDV_20201115_PRE",
        "s1_post_id": "S1A_IW_GRDH_1SDV_20201127_POST",
        "s2_pre_id": "S2A_MSIL2A_20201114_TCI",
        "s2_post_id": "S2B_MSIL2A_20201129_TCI",
        "pre_date": "2020-11-15T00:24:12Z",
        "post_date": "2020-11-27T00:24:13Z",
        "temporal_delta_days": 12,
        "review_status": "AUTOMATIC_CANDIDATE",
        "model_version": "Phase 8.4 Champion",
        "checkpoint_sha256": "f5761006f3526f8ff9aa3a1d6487b7842c964fad99938cddf747cd1a1cba85db"
      }
    },
    {
      "type": "Feature",
      "id": "INDEPENDENT_TN_BLD_0160",
      "geometry": {
        "type": "Polygon",
        "coordinates": [
          [
            [
              79.77600000000001,
              11.756
            ],
            [
              79.777,
              11.756
            ],
            [
              79.777,
              11.757
            ],
            [
              79.77600000000001,
              11.757
            ],
            [
              79.77600000000001,
              11.756
            ]
          ]
        ]
      },
      "properties": {
        "building_id": "INDEPENDENT_TN_BLD_0160",
        "osm_id": "osm_way_ind_0160",
        "event_id": "TN_OCKHI_2017",
        "prediction": "DESTROYED",
        "damage_prediction": "DESTROYED",
        "confidence": 1.0,
        "prediction_margin": 0.35,
        "entropy": 0.45,
        "domain_shift_score": 0.1,
        "prob_intact": 0.1,
        "prob_damaged": 0.1,
        "prob_destroyed": 0.85,
        "coverage_ratio": 1.2,
        "pre_product_id": "S2A_MSIL2A_20201114_TCI",
        "post_product_id": "S2B_MSIL2A_20201129_TCI",
        "s1_pre_id": "S1A_IW_GRDH_1SDV_20201115_PRE",
        "s1_post_id": "S1A_IW_GRDH_1SDV_20201127_POST",
        "s2_pre_id": "S2A_MSIL2A_20201114_TCI",
        "s2_post_id": "S2B_MSIL2A_20201129_TCI",
        "pre_date": "2020-11-15T00:24:12Z",
        "post_date": "2020-11-27T00:24:13Z",
        "temporal_delta_days": 12,
        "review_status": "AUTOMATIC_CANDIDATE",
        "model_version": "Phase 8.4 Champion",
        "checkpoint_sha256": "f5761006f3526f8ff9aa3a1d6487b7842c964fad99938cddf747cd1a1cba85db"
      }
    },
    {
      "type": "Feature",
      "id": "INDEPENDENT_TN_BLD_0161",
      "geometry": {
        "type": "Polygon",
        "coordinates": [
          [
            [
              79.7761,
              11.7561
            ],
            [
              79.77709999999999,
              11.7561
            ],
            [
              79.77709999999999,
              11.7571
            ],
            [
              79.7761,
              11.7571
            ],
            [
              79.7761,
              11.7561
            ]
          ]
        ]
      },
      "properties": {
        "building_id": "INDEPENDENT_TN_BLD_0161",
        "osm_id": "osm_way_ind_0161",
        "event_id": "TN_OCKHI_2017",
        "prediction": "DESTROYED",
        "damage_prediction": "DESTROYED",
        "confidence": 1.0,
        "prediction_margin": 0.35,
        "entropy": 0.45,
        "domain_shift_score": 0.1,
        "prob_intact": 0.1,
        "prob_damaged": 0.1,
        "prob_destroyed": 0.85,
        "coverage_ratio": 1.2,
        "pre_product_id": "S2A_MSIL2A_20201114_TCI",
        "post_product_id": "S2B_MSIL2A_20201129_TCI",
        "s1_pre_id": "S1A_IW_GRDH_1SDV_20201115_PRE",
        "s1_post_id": "S1A_IW_GRDH_1SDV_20201127_POST",
        "s2_pre_id": "S2A_MSIL2A_20201114_TCI",
        "s2_post_id": "S2B_MSIL2A_20201129_TCI",
        "pre_date": "2020-11-15T00:24:12Z",
        "post_date": "2020-11-27T00:24:13Z",
        "temporal_delta_days": 12,
        "review_status": "AUTOMATIC_CANDIDATE",
        "model_version": "Phase 8.4 Champion",
        "checkpoint_sha256": "f5761006f3526f8ff9aa3a1d6487b7842c964fad99938cddf747cd1a1cba85db"
      }
    },
    {
      "type": "Feature",
      "id": "INDEPENDENT_TN_BLD_0162",
      "geometry": {
        "type": "Polygon",
        "coordinates": [
          [
            [
              79.7762,
              11.7562
            ],
            [
              79.7772,
              11.7562
            ],
            [
              79.7772,
              11.7572
            ],
            [
              79.7762,
              11.7572
            ],
            [
              79.7762,
              11.7562
            ]
          ]
        ]
      },
      "properties": {
        "building_id": "INDEPENDENT_TN_BLD_0162",
        "osm_id": "osm_way_ind_0162",
        "event_id": "TN_OCKHI_2017",
        "prediction": "DESTROYED",
        "damage_prediction": "DESTROYED",
        "confidence": 1.0,
        "prediction_margin": 0.35,
        "entropy": 0.45,
        "domain_shift_score": 0.1,
        "prob_intact": 0.1,
        "prob_damaged": 0.1,
        "prob_destroyed": 0.85,
        "coverage_ratio": 1.2,
        "pre_product_id": "S2A_MSIL2A_20201114_TCI",
        "post_product_id": "S2B_MSIL2A_20201129_TCI",
        "s1_pre_id": "S1A_IW_GRDH_1SDV_20201115_PRE",
        "s1_post_id": "S1A_IW_GRDH_1SDV_20201127_POST",
        "s2_pre_id": "S2A_MSIL2A_20201114_TCI",
        "s2_post_id": "S2B_MSIL2A_20201129_TCI",
        "pre_date": "2020-11-15T00:24:12Z",
        "post_date": "2020-11-27T00:24:13Z",
        "temporal_delta_days": 12,
        "review_status": "AUTOMATIC_CANDIDATE",
        "model_version": "Phase 8.4 Champion",
        "checkpoint_sha256": "f5761006f3526f8ff9aa3a1d6487b7842c964fad99938cddf747cd1a1cba85db"
      }
    },
    {
      "type": "Feature",
      "id": "INDEPENDENT_TN_BLD_0163",
      "geometry": {
        "type": "Polygon",
        "coordinates": [
          [
            [
              79.7763,
              11.7563
            ],
            [
              79.7773,
              11.7563
            ],
            [
              79.7773,
              11.757299999999999
            ],
            [
              79.7763,
              11.757299999999999
            ],
            [
              79.7763,
              11.7563
            ]
          ]
        ]
      },
      "properties": {
        "building_id": "INDEPENDENT_TN_BLD_0163",
        "osm_id": "osm_way_ind_0163",
        "event_id": "TN_OCKHI_2017",
        "prediction": "DESTROYED",
        "damage_prediction": "DESTROYED",
        "confidence": 1.0,
        "prediction_margin": 0.35,
        "entropy": 0.45,
        "domain_shift_score": 0.1,
        "prob_intact": 0.1,
        "prob_damaged": 0.1,
        "prob_destroyed": 0.85,
        "coverage_ratio": 1.2,
        "pre_product_id": "S2A_MSIL2A_20201114_TCI",
        "post_product_id": "S2B_MSIL2A_20201129_TCI",
        "s1_pre_id": "S1A_IW_GRDH_1SDV_20201115_PRE",
        "s1_post_id": "S1A_IW_GRDH_1SDV_20201127_POST",
        "s2_pre_id": "S2A_MSIL2A_20201114_TCI",
        "s2_post_id": "S2B_MSIL2A_20201129_TCI",
        "pre_date": "2020-11-15T00:24:12Z",
        "post_date": "2020-11-27T00:24:13Z",
        "temporal_delta_days": 12,
        "review_status": "AUTOMATIC_CANDIDATE",
        "model_version": "Phase 8.4 Champion",
        "checkpoint_sha256": "f5761006f3526f8ff9aa3a1d6487b7842c964fad99938cddf747cd1a1cba85db"
      }
    },
    {
      "type": "Feature",
      "id": "INDEPENDENT_TN_BLD_0164",
      "geometry": {
        "type": "Polygon",
        "coordinates": [
          [
            [
              79.77640000000001,
              11.756400000000001
            ],
            [
              79.7774,
              11.756400000000001
            ],
            [
              79.7774,
              11.7574
            ],
            [
              79.77640000000001,
              11.7574
            ],
            [
              79.77640000000001,
              11.756400000000001
            ]
          ]
        ]
      },
      "properties": {
        "building_id": "INDEPENDENT_TN_BLD_0164",
        "osm_id": "osm_way_ind_0164",
        "event_id": "TN_OCKHI_2017",
        "prediction": "DESTROYED",
        "damage_prediction": "DESTROYED",
        "confidence": 1.0,
        "prediction_margin": 0.35,
        "entropy": 0.45,
        "domain_shift_score": 0.1,
        "prob_intact": 0.1,
        "prob_damaged": 0.1,
        "prob_destroyed": 0.85,
        "coverage_ratio": 1.2,
        "pre_product_id": "S2A_MSIL2A_20201114_TCI",
        "post_product_id": "S2B_MSIL2A_20201129_TCI",
        "s1_pre_id": "S1A_IW_GRDH_1SDV_20201115_PRE",
        "s1_post_id": "S1A_IW_GRDH_1SDV_20201127_POST",
        "s2_pre_id": "S2A_MSIL2A_20201114_TCI",
        "s2_post_id": "S2B_MSIL2A_20201129_TCI",
        "pre_date": "2020-11-15T00:24:12Z",
        "post_date": "2020-11-27T00:24:13Z",
        "temporal_delta_days": 12,
        "review_status": "AUTOMATIC_CANDIDATE",
        "model_version": "Phase 8.4 Champion",
        "checkpoint_sha256": "f5761006f3526f8ff9aa3a1d6487b7842c964fad99938cddf747cd1a1cba85db"
      }
    },
    {
      "type": "Feature",
      "id": "INDEPENDENT_TN_BLD_0165",
      "geometry": {
        "type": "Polygon",
        "coordinates": [
          [
            [
              79.7765,
              11.7565
            ],
            [
              79.77749999999999,
              11.7565
            ],
            [
              79.77749999999999,
              11.7575
            ],
            [
              79.7765,
              11.7575
            ],
            [
              79.7765,
              11.7565
            ]
          ]
        ]
      },
      "properties": {
        "building_id": "INDEPENDENT_TN_BLD_0165",
        "osm_id": "osm_way_ind_0165",
        "event_id": "TN_OCKHI_2017",
        "prediction": "DESTROYED",
        "damage_prediction": "DESTROYED",
        "confidence": 1.0,
        "prediction_margin": 0.35,
        "entropy": 0.45,
        "domain_shift_score": 0.1,
        "prob_intact": 0.1,
        "prob_damaged": 0.1,
        "prob_destroyed": 0.85,
        "coverage_ratio": 1.2,
        "pre_product_id": "S2A_MSIL2A_20201114_TCI",
        "post_product_id": "S2B_MSIL2A_20201129_TCI",
        "s1_pre_id": "S1A_IW_GRDH_1SDV_20201115_PRE",
        "s1_post_id": "S1A_IW_GRDH_1SDV_20201127_POST",
        "s2_pre_id": "S2A_MSIL2A_20201114_TCI",
        "s2_post_id": "S2B_MSIL2A_20201129_TCI",
        "pre_date": "2020-11-15T00:24:12Z",
        "post_date": "2020-11-27T00:24:13Z",
        "temporal_delta_days": 12,
        "review_status": "AUTOMATIC_CANDIDATE",
        "model_version": "Phase 8.4 Champion",
        "checkpoint_sha256": "f5761006f3526f8ff9aa3a1d6487b7842c964fad99938cddf747cd1a1cba85db"
      }
    },
    {
      "type": "Feature",
      "id": "INDEPENDENT_TN_BLD_0166",
      "geometry": {
        "type": "Polygon",
        "coordinates": [
          [
            [
              79.7766,
              11.7566
            ],
            [
              79.77759999999999,
              11.7566
            ],
            [
              79.77759999999999,
              11.7576
            ],
            [
              79.7766,
              11.7576
            ],
            [
              79.7766,
              11.7566
            ]
          ]
        ]
      },
      "properties": {
        "building_id": "INDEPENDENT_TN_BLD_0166",
        "osm_id": "osm_way_ind_0166",
        "event_id": "TN_OCKHI_2017",
        "prediction": "DESTROYED",
        "damage_prediction": "DESTROYED",
        "confidence": 1.0,
        "prediction_margin": 0.35,
        "entropy": 0.45,
        "domain_shift_score": 0.1,
        "prob_intact": 0.1,
        "prob_damaged": 0.1,
        "prob_destroyed": 0.85,
        "coverage_ratio": 1.2,
        "pre_product_id": "S2A_MSIL2A_20201114_TCI",
        "post_product_id": "S2B_MSIL2A_20201129_TCI",
        "s1_pre_id": "S1A_IW_GRDH_1SDV_20201115_PRE",
        "s1_post_id": "S1A_IW_GRDH_1SDV_20201127_POST",
        "s2_pre_id": "S2A_MSIL2A_20201114_TCI",
        "s2_post_id": "S2B_MSIL2A_20201129_TCI",
        "pre_date": "2020-11-15T00:24:12Z",
        "post_date": "2020-11-27T00:24:13Z",
        "temporal_delta_days": 12,
        "review_status": "AUTOMATIC_CANDIDATE",
        "model_version": "Phase 8.4 Champion",
        "checkpoint_sha256": "f5761006f3526f8ff9aa3a1d6487b7842c964fad99938cddf747cd1a1cba85db"
      }
    },
    {
      "type": "Feature",
      "id": "INDEPENDENT_TN_BLD_0167",
      "geometry": {
        "type": "Polygon",
        "coordinates": [
          [
            [
              79.7767,
              11.7567
            ],
            [
              79.7777,
              11.7567
            ],
            [
              79.7777,
              11.7577
            ],
            [
              79.7767,
              11.7577
            ],
            [
              79.7767,
              11.7567
            ]
          ]
        ]
      },
      "properties": {
        "building_id": "INDEPENDENT_TN_BLD_0167",
        "osm_id": "osm_way_ind_0167",
        "event_id": "TN_OCKHI_2017",
        "prediction": "DESTROYED",
        "damage_prediction": "DESTROYED",
        "confidence": 1.0,
        "prediction_margin": 0.35,
        "entropy": 0.45,
        "domain_shift_score": 0.1,
        "prob_intact": 0.1,
        "prob_damaged": 0.1,
        "prob_destroyed": 0.85,
        "coverage_ratio": 1.2,
        "pre_product_id": "S2A_MSIL2A_20201114_TCI",
        "post_product_id": "S2B_MSIL2A_20201129_TCI",
        "s1_pre_id": "S1A_IW_GRDH_1SDV_20201115_PRE",
        "s1_post_id": "S1A_IW_GRDH_1SDV_20201127_POST",
        "s2_pre_id": "S2A_MSIL2A_20201114_TCI",
        "s2_post_id": "S2B_MSIL2A_20201129_TCI",
        "pre_date": "2020-11-15T00:24:12Z",
        "post_date": "2020-11-27T00:24:13Z",
        "temporal_delta_days": 12,
        "review_status": "AUTOMATIC_CANDIDATE",
        "model_version": "Phase 8.4 Champion",
        "checkpoint_sha256": "f5761006f3526f8ff9aa3a1d6487b7842c964fad99938cddf747cd1a1cba85db"
      }
    },
    {
      "type": "Feature",
      "id": "INDEPENDENT_TN_BLD_0168",
      "geometry": {
        "type": "Polygon",
        "coordinates": [
          [
            [
              79.77680000000001,
              11.7568
            ],
            [
              79.7778,
              11.7568
            ],
            [
              79.7778,
              11.7578
            ],
            [
              79.77680000000001,
              11.7578
            ],
            [
              79.77680000000001,
              11.7568
            ]
          ]
        ]
      },
      "properties": {
        "building_id": "INDEPENDENT_TN_BLD_0168",
        "osm_id": "osm_way_ind_0168",
        "event_id": "TN_OCKHI_2017",
        "prediction": "DESTROYED",
        "damage_prediction": "DESTROYED",
        "confidence": 1.0,
        "prediction_margin": 0.35,
        "entropy": 0.45,
        "domain_shift_score": 0.1,
        "prob_intact": 0.1,
        "prob_damaged": 0.1,
        "prob_destroyed": 0.85,
        "coverage_ratio": 1.2,
        "pre_product_id": "S2A_MSIL2A_20201114_TCI",
        "post_product_id": "S2B_MSIL2A_20201129_TCI",
        "s1_pre_id": "S1A_IW_GRDH_1SDV_20201115_PRE",
        "s1_post_id": "S1A_IW_GRDH_1SDV_20201127_POST",
        "s2_pre_id": "S2A_MSIL2A_20201114_TCI",
        "s2_post_id": "S2B_MSIL2A_20201129_TCI",
        "pre_date": "2020-11-15T00:24:12Z",
        "post_date": "2020-11-27T00:24:13Z",
        "temporal_delta_days": 12,
        "review_status": "AUTOMATIC_CANDIDATE",
        "model_version": "Phase 8.4 Champion",
        "checkpoint_sha256": "f5761006f3526f8ff9aa3a1d6487b7842c964fad99938cddf747cd1a1cba85db"
      }
    },
    {
      "type": "Feature",
      "id": "INDEPENDENT_TN_BLD_0169",
      "geometry": {
        "type": "Polygon",
        "coordinates": [
          [
            [
              79.77690000000001,
              11.7569
            ],
            [
              79.7779,
              11.7569
            ],
            [
              79.7779,
              11.7579
            ],
            [
              79.77690000000001,
              11.7579
            ],
            [
              79.77690000000001,
              11.7569
            ]
          ]
        ]
      },
      "properties": {
        "building_id": "INDEPENDENT_TN_BLD_0169",
        "osm_id": "osm_way_ind_0169",
        "event_id": "TN_OCKHI_2017",
        "prediction": "DESTROYED",
        "damage_prediction": "DESTROYED",
        "confidence": 1.0,
        "prediction_margin": 0.35,
        "entropy": 0.45,
        "domain_shift_score": 0.1,
        "prob_intact": 0.1,
        "prob_damaged": 0.1,
        "prob_destroyed": 0.85,
        "coverage_ratio": 1.2,
        "pre_product_id": "S2A_MSIL2A_20201114_TCI",
        "post_product_id": "S2B_MSIL2A_20201129_TCI",
        "s1_pre_id": "S1A_IW_GRDH_1SDV_20201115_PRE",
        "s1_post_id": "S1A_IW_GRDH_1SDV_20201127_POST",
        "s2_pre_id": "S2A_MSIL2A_20201114_TCI",
        "s2_post_id": "S2B_MSIL2A_20201129_TCI",
        "pre_date": "2020-11-15T00:24:12Z",
        "post_date": "2020-11-27T00:24:13Z",
        "temporal_delta_days": 12,
        "review_status": "AUTOMATIC_CANDIDATE",
        "model_version": "Phase 8.4 Champion",
        "checkpoint_sha256": "f5761006f3526f8ff9aa3a1d6487b7842c964fad99938cddf747cd1a1cba85db"
      }
    },
    {
      "type": "Feature",
      "id": "INDEPENDENT_TN_BLD_0170",
      "geometry": {
        "type": "Polygon",
        "coordinates": [
          [
            [
              79.777,
              11.757
            ],
            [
              79.77799999999999,
              11.757
            ],
            [
              79.77799999999999,
              11.758
            ],
            [
              79.777,
              11.758
            ],
            [
              79.777,
              11.757
            ]
          ]
        ]
      },
      "properties": {
        "building_id": "INDEPENDENT_TN_BLD_0170",
        "osm_id": "osm_way_ind_0170",
        "event_id": "TN_OCKHI_2017",
        "prediction": "DESTROYED",
        "damage_prediction": "DESTROYED",
        "confidence": 1.0,
        "prediction_margin": 0.35,
        "entropy": 0.45,
        "domain_shift_score": 0.1,
        "prob_intact": 0.1,
        "prob_damaged": 0.1,
        "prob_destroyed": 0.85,
        "coverage_ratio": 1.2,
        "pre_product_id": "S2A_MSIL2A_20201114_TCI",
        "post_product_id": "S2B_MSIL2A_20201129_TCI",
        "s1_pre_id": "S1A_IW_GRDH_1SDV_20201115_PRE",
        "s1_post_id": "S1A_IW_GRDH_1SDV_20201127_POST",
        "s2_pre_id": "S2A_MSIL2A_20201114_TCI",
        "s2_post_id": "S2B_MSIL2A_20201129_TCI",
        "pre_date": "2020-11-15T00:24:12Z",
        "post_date": "2020-11-27T00:24:13Z",
        "temporal_delta_days": 12,
        "review_status": "AUTOMATIC_CANDIDATE",
        "model_version": "Phase 8.4 Champion",
        "checkpoint_sha256": "f5761006f3526f8ff9aa3a1d6487b7842c964fad99938cddf747cd1a1cba85db"
      }
    },
    {
      "type": "Feature",
      "id": "INDEPENDENT_TN_BLD_0171",
      "geometry": {
        "type": "Polygon",
        "coordinates": [
          [
            [
              79.7771,
              11.7571
            ],
            [
              79.7781,
              11.7571
            ],
            [
              79.7781,
              11.758099999999999
            ],
            [
              79.7771,
              11.758099999999999
            ],
            [
              79.7771,
              11.7571
            ]
          ]
        ]
      },
      "properties": {
        "building_id": "INDEPENDENT_TN_BLD_0171",
        "osm_id": "osm_way_ind_0171",
        "event_id": "TN_OCKHI_2017",
        "prediction": "DESTROYED",
        "damage_prediction": "DESTROYED",
        "confidence": 1.0,
        "prediction_margin": 0.35,
        "entropy": 0.45,
        "domain_shift_score": 0.1,
        "prob_intact": 0.1,
        "prob_damaged": 0.1,
        "prob_destroyed": 0.85,
        "coverage_ratio": 1.2,
        "pre_product_id": "S2A_MSIL2A_20201114_TCI",
        "post_product_id": "S2B_MSIL2A_20201129_TCI",
        "s1_pre_id": "S1A_IW_GRDH_1SDV_20201115_PRE",
        "s1_post_id": "S1A_IW_GRDH_1SDV_20201127_POST",
        "s2_pre_id": "S2A_MSIL2A_20201114_TCI",
        "s2_post_id": "S2B_MSIL2A_20201129_TCI",
        "pre_date": "2020-11-15T00:24:12Z",
        "post_date": "2020-11-27T00:24:13Z",
        "temporal_delta_days": 12,
        "review_status": "AUTOMATIC_CANDIDATE",
        "model_version": "Phase 8.4 Champion",
        "checkpoint_sha256": "f5761006f3526f8ff9aa3a1d6487b7842c964fad99938cddf747cd1a1cba85db"
      }
    },
    {
      "type": "Feature",
      "id": "INDEPENDENT_TN_BLD_0172",
      "geometry": {
        "type": "Polygon",
        "coordinates": [
          [
            [
              79.77720000000001,
              11.757200000000001
            ],
            [
              79.7782,
              11.757200000000001
            ],
            [
              79.7782,
              11.7582
            ],
            [
              79.77720000000001,
              11.7582
            ],
            [
              79.77720000000001,
              11.757200000000001
            ]
          ]
        ]
      },
      "properties": {
        "building_id": "INDEPENDENT_TN_BLD_0172",
        "osm_id": "osm_way_ind_0172",
        "event_id": "TN_OCKHI_2017",
        "prediction": "DESTROYED",
        "damage_prediction": "DESTROYED",
        "confidence": 1.0,
        "prediction_margin": 0.35,
        "entropy": 0.45,
        "domain_shift_score": 0.1,
        "prob_intact": 0.1,
        "prob_damaged": 0.1,
        "prob_destroyed": 0.85,
        "coverage_ratio": 1.2,
        "pre_product_id": "S2A_MSIL2A_20201114_TCI",
        "post_product_id": "S2B_MSIL2A_20201129_TCI",
        "s1_pre_id": "S1A_IW_GRDH_1SDV_20201115_PRE",
        "s1_post_id": "S1A_IW_GRDH_1SDV_20201127_POST",
        "s2_pre_id": "S2A_MSIL2A_20201114_TCI",
        "s2_post_id": "S2B_MSIL2A_20201129_TCI",
        "pre_date": "2020-11-15T00:24:12Z",
        "post_date": "2020-11-27T00:24:13Z",
        "temporal_delta_days": 12,
        "review_status": "AUTOMATIC_CANDIDATE",
        "model_version": "Phase 8.4 Champion",
        "checkpoint_sha256": "f5761006f3526f8ff9aa3a1d6487b7842c964fad99938cddf747cd1a1cba85db"
      }
    },
    {
      "type": "Feature",
      "id": "INDEPENDENT_TN_BLD_0173",
      "geometry": {
        "type": "Polygon",
        "coordinates": [
          [
            [
              79.77730000000001,
              11.7573
            ],
            [
              79.7783,
              11.7573
            ],
            [
              79.7783,
              11.7583
            ],
            [
              79.77730000000001,
              11.7583
            ],
            [
              79.77730000000001,
              11.7573
            ]
          ]
        ]
      },
      "properties": {
        "building_id": "INDEPENDENT_TN_BLD_0173",
        "osm_id": "osm_way_ind_0173",
        "event_id": "TN_OCKHI_2017",
        "prediction": "DESTROYED",
        "damage_prediction": "DESTROYED",
        "confidence": 1.0,
        "prediction_margin": 0.35,
        "entropy": 0.45,
        "domain_shift_score": 0.1,
        "prob_intact": 0.1,
        "prob_damaged": 0.1,
        "prob_destroyed": 0.85,
        "coverage_ratio": 1.2,
        "pre_product_id": "S2A_MSIL2A_20201114_TCI",
        "post_product_id": "S2B_MSIL2A_20201129_TCI",
        "s1_pre_id": "S1A_IW_GRDH_1SDV_20201115_PRE",
        "s1_post_id": "S1A_IW_GRDH_1SDV_20201127_POST",
        "s2_pre_id": "S2A_MSIL2A_20201114_TCI",
        "s2_post_id": "S2B_MSIL2A_20201129_TCI",
        "pre_date": "2020-11-15T00:24:12Z",
        "post_date": "2020-11-27T00:24:13Z",
        "temporal_delta_days": 12,
        "review_status": "AUTOMATIC_CANDIDATE",
        "model_version": "Phase 8.4 Champion",
        "checkpoint_sha256": "f5761006f3526f8ff9aa3a1d6487b7842c964fad99938cddf747cd1a1cba85db"
      }
    },
    {
      "type": "Feature",
      "id": "INDEPENDENT_TN_BLD_0174",
      "geometry": {
        "type": "Polygon",
        "coordinates": [
          [
            [
              79.7774,
              11.7574
            ],
            [
              79.77839999999999,
              11.7574
            ],
            [
              79.77839999999999,
              11.7584
            ],
            [
              79.7774,
              11.7584
            ],
            [
              79.7774,
              11.7574
            ]
          ]
        ]
      },
      "properties": {
        "building_id": "INDEPENDENT_TN_BLD_0174",
        "osm_id": "osm_way_ind_0174",
        "event_id": "TN_OCKHI_2017",
        "prediction": "DESTROYED",
        "damage_prediction": "DESTROYED",
        "confidence": 1.0,
        "prediction_margin": 0.35,
        "entropy": 0.45,
        "domain_shift_score": 0.1,
        "prob_intact": 0.1,
        "prob_damaged": 0.1,
        "prob_destroyed": 0.85,
        "coverage_ratio": 1.2,
        "pre_product_id": "S2A_MSIL2A_20201114_TCI",
        "post_product_id": "S2B_MSIL2A_20201129_TCI",
        "s1_pre_id": "S1A_IW_GRDH_1SDV_20201115_PRE",
        "s1_post_id": "S1A_IW_GRDH_1SDV_20201127_POST",
        "s2_pre_id": "S2A_MSIL2A_20201114_TCI",
        "s2_post_id": "S2B_MSIL2A_20201129_TCI",
        "pre_date": "2020-11-15T00:24:12Z",
        "post_date": "2020-11-27T00:24:13Z",
        "temporal_delta_days": 12,
        "review_status": "AUTOMATIC_CANDIDATE",
        "model_version": "Phase 8.4 Champion",
        "checkpoint_sha256": "f5761006f3526f8ff9aa3a1d6487b7842c964fad99938cddf747cd1a1cba85db"
      }
    },
    {
      "type": "Feature",
      "id": "INDEPENDENT_TN_BLD_0175",
      "geometry": {
        "type": "Polygon",
        "coordinates": [
          [
            [
              79.7775,
              11.7575
            ],
            [
              79.7785,
              11.7575
            ],
            [
              79.7785,
              11.7585
            ],
            [
              79.7775,
              11.7585
            ],
            [
              79.7775,
              11.7575
            ]
          ]
        ]
      },
      "properties": {
        "building_id": "INDEPENDENT_TN_BLD_0175",
        "osm_id": "osm_way_ind_0175",
        "event_id": "TN_OCKHI_2017",
        "prediction": "DESTROYED",
        "damage_prediction": "DESTROYED",
        "confidence": 1.0,
        "prediction_margin": 0.35,
        "entropy": 0.45,
        "domain_shift_score": 0.1,
        "prob_intact": 0.1,
        "prob_damaged": 0.1,
        "prob_destroyed": 0.85,
        "coverage_ratio": 1.2,
        "pre_product_id": "S2A_MSIL2A_20201114_TCI",
        "post_product_id": "S2B_MSIL2A_20201129_TCI",
        "s1_pre_id": "S1A_IW_GRDH_1SDV_20201115_PRE",
        "s1_post_id": "S1A_IW_GRDH_1SDV_20201127_POST",
        "s2_pre_id": "S2A_MSIL2A_20201114_TCI",
        "s2_post_id": "S2B_MSIL2A_20201129_TCI",
        "pre_date": "2020-11-15T00:24:12Z",
        "post_date": "2020-11-27T00:24:13Z",
        "temporal_delta_days": 12,
        "review_status": "AUTOMATIC_CANDIDATE",
        "model_version": "Phase 8.4 Champion",
        "checkpoint_sha256": "f5761006f3526f8ff9aa3a1d6487b7842c964fad99938cddf747cd1a1cba85db"
      }
    },
    {
      "type": "Feature",
      "id": "INDEPENDENT_TN_BLD_0176",
      "geometry": {
        "type": "Polygon",
        "coordinates": [
          [
            [
              79.7776,
              11.7576
            ],
            [
              79.7786,
              11.7576
            ],
            [
              79.7786,
              11.7586
            ],
            [
              79.7776,
              11.7586
            ],
            [
              79.7776,
              11.7576
            ]
          ]
        ]
      },
      "properties": {
        "building_id": "INDEPENDENT_TN_BLD_0176",
        "osm_id": "osm_way_ind_0176",
        "event_id": "TN_OCKHI_2017",
        "prediction": "DESTROYED",
        "damage_prediction": "DESTROYED",
        "confidence": 1.0,
        "prediction_margin": 0.35,
        "entropy": 0.45,
        "domain_shift_score": 0.1,
        "prob_intact": 0.1,
        "prob_damaged": 0.1,
        "prob_destroyed": 0.85,
        "coverage_ratio": 1.2,
        "pre_product_id": "S2A_MSIL2A_20201114_TCI",
        "post_product_id": "S2B_MSIL2A_20201129_TCI",
        "s1_pre_id": "S1A_IW_GRDH_1SDV_20201115_PRE",
        "s1_post_id": "S1A_IW_GRDH_1SDV_20201127_POST",
        "s2_pre_id": "S2A_MSIL2A_20201114_TCI",
        "s2_post_id": "S2B_MSIL2A_20201129_TCI",
        "pre_date": "2020-11-15T00:24:12Z",
        "post_date": "2020-11-27T00:24:13Z",
        "temporal_delta_days": 12,
        "review_status": "AUTOMATIC_CANDIDATE",
        "model_version": "Phase 8.4 Champion",
        "checkpoint_sha256": "f5761006f3526f8ff9aa3a1d6487b7842c964fad99938cddf747cd1a1cba85db"
      }
    },
    {
      "type": "Feature",
      "id": "INDEPENDENT_TN_BLD_0177",
      "geometry": {
        "type": "Polygon",
        "coordinates": [
          [
            [
              79.77770000000001,
              11.7577
            ],
            [
              79.7787,
              11.7577
            ],
            [
              79.7787,
              11.7587
            ],
            [
              79.77770000000001,
              11.7587
            ],
            [
              79.77770000000001,
              11.7577
            ]
          ]
        ]
      },
      "properties": {
        "building_id": "INDEPENDENT_TN_BLD_0177",
        "osm_id": "osm_way_ind_0177",
        "event_id": "TN_OCKHI_2017",
        "prediction": "DESTROYED",
        "damage_prediction": "DESTROYED",
        "confidence": 1.0,
        "prediction_margin": 0.35,
        "entropy": 0.45,
        "domain_shift_score": 0.1,
        "prob_intact": 0.1,
        "prob_damaged": 0.1,
        "prob_destroyed": 0.85,
        "coverage_ratio": 1.2,
        "pre_product_id": "S2A_MSIL2A_20201114_TCI",
        "post_product_id": "S2B_MSIL2A_20201129_TCI",
        "s1_pre_id": "S1A_IW_GRDH_1SDV_20201115_PRE",
        "s1_post_id": "S1A_IW_GRDH_1SDV_20201127_POST",
        "s2_pre_id": "S2A_MSIL2A_20201114_TCI",
        "s2_post_id": "S2B_MSIL2A_20201129_TCI",
        "pre_date": "2020-11-15T00:24:12Z",
        "post_date": "2020-11-27T00:24:13Z",
        "temporal_delta_days": 12,
        "review_status": "AUTOMATIC_CANDIDATE",
        "model_version": "Phase 8.4 Champion",
        "checkpoint_sha256": "f5761006f3526f8ff9aa3a1d6487b7842c964fad99938cddf747cd1a1cba85db"
      }
    },
    {
      "type": "Feature",
      "id": "INDEPENDENT_TN_BLD_0178",
      "geometry": {
        "type": "Polygon",
        "coordinates": [
          [
            [
              79.7778,
              11.7578
            ],
            [
              79.77879999999999,
              11.7578
            ],
            [
              79.77879999999999,
              11.758799999999999
            ],
            [
              79.7778,
              11.758799999999999
            ],
            [
              79.7778,
              11.7578
            ]
          ]
        ]
      },
      "properties": {
        "building_id": "INDEPENDENT_TN_BLD_0178",
        "osm_id": "osm_way_ind_0178",
        "event_id": "TN_OCKHI_2017",
        "prediction": "DESTROYED",
        "damage_prediction": "DESTROYED",
        "confidence": 1.0,
        "prediction_margin": 0.35,
        "entropy": 0.45,
        "domain_shift_score": 0.1,
        "prob_intact": 0.1,
        "prob_damaged": 0.1,
        "prob_destroyed": 0.85,
        "coverage_ratio": 1.2,
        "pre_product_id": "S2A_MSIL2A_20201114_TCI",
        "post_product_id": "S2B_MSIL2A_20201129_TCI",
        "s1_pre_id": "S1A_IW_GRDH_1SDV_20201115_PRE",
        "s1_post_id": "S1A_IW_GRDH_1SDV_20201127_POST",
        "s2_pre_id": "S2A_MSIL2A_20201114_TCI",
        "s2_post_id": "S2B_MSIL2A_20201129_TCI",
        "pre_date": "2020-11-15T00:24:12Z",
        "post_date": "2020-11-27T00:24:13Z",
        "temporal_delta_days": 12,
        "review_status": "AUTOMATIC_CANDIDATE",
        "model_version": "Phase 8.4 Champion",
        "checkpoint_sha256": "f5761006f3526f8ff9aa3a1d6487b7842c964fad99938cddf747cd1a1cba85db"
      }
    },
    {
      "type": "Feature",
      "id": "INDEPENDENT_TN_BLD_0179",
      "geometry": {
        "type": "Polygon",
        "coordinates": [
          [
            [
              79.7779,
              11.7579
            ],
            [
              79.7789,
              11.7579
            ],
            [
              79.7789,
              11.758899999999999
            ],
            [
              79.7779,
              11.758899999999999
            ],
            [
              79.7779,
              11.7579
            ]
          ]
        ]
      },
      "properties": {
        "building_id": "INDEPENDENT_TN_BLD_0179",
        "osm_id": "osm_way_ind_0179",
        "event_id": "TN_OCKHI_2017",
        "prediction": "DESTROYED",
        "damage_prediction": "DESTROYED",
        "confidence": 1.0,
        "prediction_margin": 0.35,
        "entropy": 0.45,
        "domain_shift_score": 0.1,
        "prob_intact": 0.1,
        "prob_damaged": 0.1,
        "prob_destroyed": 0.85,
        "coverage_ratio": 1.2,
        "pre_product_id": "S2A_MSIL2A_20201114_TCI",
        "post_product_id": "S2B_MSIL2A_20201129_TCI",
        "s1_pre_id": "S1A_IW_GRDH_1SDV_20201115_PRE",
        "s1_post_id": "S1A_IW_GRDH_1SDV_20201127_POST",
        "s2_pre_id": "S2A_MSIL2A_20201114_TCI",
        "s2_post_id": "S2B_MSIL2A_20201129_TCI",
        "pre_date": "2020-11-15T00:24:12Z",
        "post_date": "2020-11-27T00:24:13Z",
        "temporal_delta_days": 12,
        "review_status": "AUTOMATIC_CANDIDATE",
        "model_version": "Phase 8.4 Champion",
        "checkpoint_sha256": "f5761006f3526f8ff9aa3a1d6487b7842c964fad99938cddf747cd1a1cba85db"
      }
    },
    {
      "type": "Feature",
      "id": "INDEPENDENT_TN_BLD_0180",
      "geometry": {
        "type": "Polygon",
        "coordinates": [
          [
            [
              79.778,
              11.758000000000001
            ],
            [
              79.779,
              11.758000000000001
            ],
            [
              79.779,
              11.759
            ],
            [
              79.778,
              11.759
            ],
            [
              79.778,
              11.758000000000001
            ]
          ]
        ]
      },
      "properties": {
        "building_id": "INDEPENDENT_TN_BLD_0180",
        "osm_id": "osm_way_ind_0180",
        "event_id": "TN_OCKHI_2017",
        "prediction": "DESTROYED",
        "damage_prediction": "DESTROYED",
        "confidence": 1.0,
        "prediction_margin": 0.35,
        "entropy": 0.45,
        "domain_shift_score": 0.1,
        "prob_intact": 0.1,
        "prob_damaged": 0.1,
        "prob_destroyed": 0.85,
        "coverage_ratio": 1.2,
        "pre_product_id": "S2A_MSIL2A_20201114_TCI",
        "post_product_id": "S2B_MSIL2A_20201129_TCI",
        "s1_pre_id": "S1A_IW_GRDH_1SDV_20201115_PRE",
        "s1_post_id": "S1A_IW_GRDH_1SDV_20201127_POST",
        "s2_pre_id": "S2A_MSIL2A_20201114_TCI",
        "s2_post_id": "S2B_MSIL2A_20201129_TCI",
        "pre_date": "2020-11-15T00:24:12Z",
        "post_date": "2020-11-27T00:24:13Z",
        "temporal_delta_days": 12,
        "review_status": "AUTOMATIC_CANDIDATE",
        "model_version": "Phase 8.4 Champion",
        "checkpoint_sha256": "f5761006f3526f8ff9aa3a1d6487b7842c964fad99938cddf747cd1a1cba85db"
      }
    },
    {
      "type": "Feature",
      "id": "INDEPENDENT_TN_BLD_0181",
      "geometry": {
        "type": "Polygon",
        "coordinates": [
          [
            [
              79.77810000000001,
              11.7581
            ],
            [
              79.7791,
              11.7581
            ],
            [
              79.7791,
              11.7591
            ],
            [
              79.77810000000001,
              11.7591
            ],
            [
              79.77810000000001,
              11.7581
            ]
          ]
        ]
      },
      "properties": {
        "building_id": "INDEPENDENT_TN_BLD_0181",
        "osm_id": "osm_way_ind_0181",
        "event_id": "TN_OCKHI_2017",
        "prediction": "DESTROYED",
        "damage_prediction": "DESTROYED",
        "confidence": 1.0,
        "prediction_margin": 0.35,
        "entropy": 0.45,
        "domain_shift_score": 0.1,
        "prob_intact": 0.1,
        "prob_damaged": 0.1,
        "prob_destroyed": 0.85,
        "coverage_ratio": 1.2,
        "pre_product_id": "S2A_MSIL2A_20201114_TCI",
        "post_product_id": "S2B_MSIL2A_20201129_TCI",
        "s1_pre_id": "S1A_IW_GRDH_1SDV_20201115_PRE",
        "s1_post_id": "S1A_IW_GRDH_1SDV_20201127_POST",
        "s2_pre_id": "S2A_MSIL2A_20201114_TCI",
        "s2_post_id": "S2B_MSIL2A_20201129_TCI",
        "pre_date": "2020-11-15T00:24:12Z",
        "post_date": "2020-11-27T00:24:13Z",
        "temporal_delta_days": 12,
        "review_status": "AUTOMATIC_CANDIDATE",
        "model_version": "Phase 8.4 Champion",
        "checkpoint_sha256": "f5761006f3526f8ff9aa3a1d6487b7842c964fad99938cddf747cd1a1cba85db"
      }
    },
    {
      "type": "Feature",
      "id": "INDEPENDENT_TN_BLD_0182",
      "geometry": {
        "type": "Polygon",
        "coordinates": [
          [
            [
              79.7782,
              11.7582
            ],
            [
              79.77919999999999,
              11.7582
            ],
            [
              79.77919999999999,
              11.7592
            ],
            [
              79.7782,
              11.7592
            ],
            [
              79.7782,
              11.7582
            ]
          ]
        ]
      },
      "properties": {
        "building_id": "INDEPENDENT_TN_BLD_0182",
        "osm_id": "osm_way_ind_0182",
        "event_id": "TN_OCKHI_2017",
        "prediction": "DESTROYED",
        "damage_prediction": "DESTROYED",
        "confidence": 1.0,
        "prediction_margin": 0.35,
        "entropy": 0.45,
        "domain_shift_score": 0.1,
        "prob_intact": 0.1,
        "prob_damaged": 0.1,
        "prob_destroyed": 0.85,
        "coverage_ratio": 1.2,
        "pre_product_id": "S2A_MSIL2A_20201114_TCI",
        "post_product_id": "S2B_MSIL2A_20201129_TCI",
        "s1_pre_id": "S1A_IW_GRDH_1SDV_20201115_PRE",
        "s1_post_id": "S1A_IW_GRDH_1SDV_20201127_POST",
        "s2_pre_id": "S2A_MSIL2A_20201114_TCI",
        "s2_post_id": "S2B_MSIL2A_20201129_TCI",
        "pre_date": "2020-11-15T00:24:12Z",
        "post_date": "2020-11-27T00:24:13Z",
        "temporal_delta_days": 12,
        "review_status": "AUTOMATIC_CANDIDATE",
        "model_version": "Phase 8.4 Champion",
        "checkpoint_sha256": "f5761006f3526f8ff9aa3a1d6487b7842c964fad99938cddf747cd1a1cba85db"
      }
    },
    {
      "type": "Feature",
      "id": "INDEPENDENT_TN_BLD_0183",
      "geometry": {
        "type": "Polygon",
        "coordinates": [
          [
            [
              79.7783,
              11.7583
            ],
            [
              79.77929999999999,
              11.7583
            ],
            [
              79.77929999999999,
              11.7593
            ],
            [
              79.7783,
              11.7593
            ],
            [
              79.7783,
              11.7583
            ]
          ]
        ]
      },
      "properties": {
        "building_id": "INDEPENDENT_TN_BLD_0183",
        "osm_id": "osm_way_ind_0183",
        "event_id": "TN_OCKHI_2017",
        "prediction": "DESTROYED",
        "damage_prediction": "DESTROYED",
        "confidence": 1.0,
        "prediction_margin": 0.35,
        "entropy": 0.45,
        "domain_shift_score": 0.1,
        "prob_intact": 0.1,
        "prob_damaged": 0.1,
        "prob_destroyed": 0.85,
        "coverage_ratio": 1.2,
        "pre_product_id": "S2A_MSIL2A_20201114_TCI",
        "post_product_id": "S2B_MSIL2A_20201129_TCI",
        "s1_pre_id": "S1A_IW_GRDH_1SDV_20201115_PRE",
        "s1_post_id": "S1A_IW_GRDH_1SDV_20201127_POST",
        "s2_pre_id": "S2A_MSIL2A_20201114_TCI",
        "s2_post_id": "S2B_MSIL2A_20201129_TCI",
        "pre_date": "2020-11-15T00:24:12Z",
        "post_date": "2020-11-27T00:24:13Z",
        "temporal_delta_days": 12,
        "review_status": "AUTOMATIC_CANDIDATE",
        "model_version": "Phase 8.4 Champion",
        "checkpoint_sha256": "f5761006f3526f8ff9aa3a1d6487b7842c964fad99938cddf747cd1a1cba85db"
      }
    },
    {
      "type": "Feature",
      "id": "INDEPENDENT_TN_BLD_0184",
      "geometry": {
        "type": "Polygon",
        "coordinates": [
          [
            [
              79.7784,
              11.7584
            ],
            [
              79.7794,
              11.7584
            ],
            [
              79.7794,
              11.7594
            ],
            [
              79.7784,
              11.7594
            ],
            [
              79.7784,
              11.7584
            ]
          ]
        ]
      },
      "properties": {
        "building_id": "INDEPENDENT_TN_BLD_0184",
        "osm_id": "osm_way_ind_0184",
        "event_id": "TN_OCKHI_2017",
        "prediction": "DESTROYED",
        "damage_prediction": "DESTROYED",
        "confidence": 1.0,
        "prediction_margin": 0.35,
        "entropy": 0.45,
        "domain_shift_score": 0.1,
        "prob_intact": 0.1,
        "prob_damaged": 0.1,
        "prob_destroyed": 0.85,
        "coverage_ratio": 1.2,
        "pre_product_id": "S2A_MSIL2A_20201114_TCI",
        "post_product_id": "S2B_MSIL2A_20201129_TCI",
        "s1_pre_id": "S1A_IW_GRDH_1SDV_20201115_PRE",
        "s1_post_id": "S1A_IW_GRDH_1SDV_20201127_POST",
        "s2_pre_id": "S2A_MSIL2A_20201114_TCI",
        "s2_post_id": "S2B_MSIL2A_20201129_TCI",
        "pre_date": "2020-11-15T00:24:12Z",
        "post_date": "2020-11-27T00:24:13Z",
        "temporal_delta_days": 12,
        "review_status": "AUTOMATIC_CANDIDATE",
        "model_version": "Phase 8.4 Champion",
        "checkpoint_sha256": "f5761006f3526f8ff9aa3a1d6487b7842c964fad99938cddf747cd1a1cba85db"
      }
    },
    {
      "type": "Feature",
      "id": "INDEPENDENT_TN_BLD_0185",
      "geometry": {
        "type": "Polygon",
        "coordinates": [
          [
            [
              79.77850000000001,
              11.7585
            ],
            [
              79.7795,
              11.7585
            ],
            [
              79.7795,
              11.7595
            ],
            [
              79.77850000000001,
              11.7595
            ],
            [
              79.77850000000001,
              11.7585
            ]
          ]
        ]
      },
      "properties": {
        "building_id": "INDEPENDENT_TN_BLD_0185",
        "osm_id": "osm_way_ind_0185",
        "event_id": "TN_OCKHI_2017",
        "prediction": "DESTROYED",
        "damage_prediction": "DESTROYED",
        "confidence": 1.0,
        "prediction_margin": 0.35,
        "entropy": 0.45,
        "domain_shift_score": 0.1,
        "prob_intact": 0.1,
        "prob_damaged": 0.1,
        "prob_destroyed": 0.85,
        "coverage_ratio": 1.2,
        "pre_product_id": "S2A_MSIL2A_20201114_TCI",
        "post_product_id": "S2B_MSIL2A_20201129_TCI",
        "s1_pre_id": "S1A_IW_GRDH_1SDV_20201115_PRE",
        "s1_post_id": "S1A_IW_GRDH_1SDV_20201127_POST",
        "s2_pre_id": "S2A_MSIL2A_20201114_TCI",
        "s2_post_id": "S2B_MSIL2A_20201129_TCI",
        "pre_date": "2020-11-15T00:24:12Z",
        "post_date": "2020-11-27T00:24:13Z",
        "temporal_delta_days": 12,
        "review_status": "AUTOMATIC_CANDIDATE",
        "model_version": "Phase 8.4 Champion",
        "checkpoint_sha256": "f5761006f3526f8ff9aa3a1d6487b7842c964fad99938cddf747cd1a1cba85db"
      }
    },
    {
      "type": "Feature",
      "id": "INDEPENDENT_TN_BLD_0186",
      "geometry": {
        "type": "Polygon",
        "coordinates": [
          [
            [
              79.77860000000001,
              11.7586
            ],
            [
              79.7796,
              11.7586
            ],
            [
              79.7796,
              11.759599999999999
            ],
            [
              79.77860000000001,
              11.759599999999999
            ],
            [
              79.77860000000001,
              11.7586
            ]
          ]
        ]
      },
      "properties": {
        "building_id": "INDEPENDENT_TN_BLD_0186",
        "osm_id": "osm_way_ind_0186",
        "event_id": "TN_OCKHI_2017",
        "prediction": "DESTROYED",
        "damage_prediction": "DESTROYED",
        "confidence": 1.0,
        "prediction_margin": 0.35,
        "entropy": 0.45,
        "domain_shift_score": 0.1,
        "prob_intact": 0.1,
        "prob_damaged": 0.1,
        "prob_destroyed": 0.85,
        "coverage_ratio": 1.2,
        "pre_product_id": "S2A_MSIL2A_20201114_TCI",
        "post_product_id": "S2B_MSIL2A_20201129_TCI",
        "s1_pre_id": "S1A_IW_GRDH_1SDV_20201115_PRE",
        "s1_post_id": "S1A_IW_GRDH_1SDV_20201127_POST",
        "s2_pre_id": "S2A_MSIL2A_20201114_TCI",
        "s2_post_id": "S2B_MSIL2A_20201129_TCI",
        "pre_date": "2020-11-15T00:24:12Z",
        "post_date": "2020-11-27T00:24:13Z",
        "temporal_delta_days": 12,
        "review_status": "AUTOMATIC_CANDIDATE",
        "model_version": "Phase 8.4 Champion",
        "checkpoint_sha256": "f5761006f3526f8ff9aa3a1d6487b7842c964fad99938cddf747cd1a1cba85db"
      }
    },
    {
      "type": "Feature",
      "id": "INDEPENDENT_TN_BLD_0187",
      "geometry": {
        "type": "Polygon",
        "coordinates": [
          [
            [
              79.7787,
              11.758700000000001
            ],
            [
              79.77969999999999,
              11.758700000000001
            ],
            [
              79.77969999999999,
              11.7597
            ],
            [
              79.7787,
              11.7597
            ],
            [
              79.7787,
              11.758700000000001
            ]
          ]
        ]
      },
      "properties": {
        "building_id": "INDEPENDENT_TN_BLD_0187",
        "osm_id": "osm_way_ind_0187",
        "event_id": "TN_OCKHI_2017",
        "prediction": "DESTROYED",
        "damage_prediction": "DESTROYED",
        "confidence": 1.0,
        "prediction_margin": 0.35,
        "entropy": 0.45,
        "domain_shift_score": 0.1,
        "prob_intact": 0.1,
        "prob_damaged": 0.1,
        "prob_destroyed": 0.85,
        "coverage_ratio": 1.2,
        "pre_product_id": "S2A_MSIL2A_20201114_TCI",
        "post_product_id": "S2B_MSIL2A_20201129_TCI",
        "s1_pre_id": "S1A_IW_GRDH_1SDV_20201115_PRE",
        "s1_post_id": "S1A_IW_GRDH_1SDV_20201127_POST",
        "s2_pre_id": "S2A_MSIL2A_20201114_TCI",
        "s2_post_id": "S2B_MSIL2A_20201129_TCI",
        "pre_date": "2020-11-15T00:24:12Z",
        "post_date": "2020-11-27T00:24:13Z",
        "temporal_delta_days": 12,
        "review_status": "AUTOMATIC_CANDIDATE",
        "model_version": "Phase 8.4 Champion",
        "checkpoint_sha256": "f5761006f3526f8ff9aa3a1d6487b7842c964fad99938cddf747cd1a1cba85db"
      }
    },
    {
      "type": "Feature",
      "id": "INDEPENDENT_TN_BLD_0188",
      "geometry": {
        "type": "Polygon",
        "coordinates": [
          [
            [
              79.7788,
              11.7588
            ],
            [
              79.7798,
              11.7588
            ],
            [
              79.7798,
              11.7598
            ],
            [
              79.7788,
              11.7598
            ],
            [
              79.7788,
              11.7588
            ]
          ]
        ]
      },
      "properties": {
        "building_id": "INDEPENDENT_TN_BLD_0188",
        "osm_id": "osm_way_ind_0188",
        "event_id": "TN_OCKHI_2017",
        "prediction": "DESTROYED",
        "damage_prediction": "DESTROYED",
        "confidence": 1.0,
        "prediction_margin": 0.35,
        "entropy": 0.45,
        "domain_shift_score": 0.1,
        "prob_intact": 0.1,
        "prob_damaged": 0.1,
        "prob_destroyed": 0.85,
        "coverage_ratio": 1.2,
        "pre_product_id": "S2A_MSIL2A_20201114_TCI",
        "post_product_id": "S2B_MSIL2A_20201129_TCI",
        "s1_pre_id": "S1A_IW_GRDH_1SDV_20201115_PRE",
        "s1_post_id": "S1A_IW_GRDH_1SDV_20201127_POST",
        "s2_pre_id": "S2A_MSIL2A_20201114_TCI",
        "s2_post_id": "S2B_MSIL2A_20201129_TCI",
        "pre_date": "2020-11-15T00:24:12Z",
        "post_date": "2020-11-27T00:24:13Z",
        "temporal_delta_days": 12,
        "review_status": "AUTOMATIC_CANDIDATE",
        "model_version": "Phase 8.4 Champion",
        "checkpoint_sha256": "f5761006f3526f8ff9aa3a1d6487b7842c964fad99938cddf747cd1a1cba85db"
      }
    },
    {
      "type": "Feature",
      "id": "INDEPENDENT_TN_BLD_0189",
      "geometry": {
        "type": "Polygon",
        "coordinates": [
          [
            [
              79.77890000000001,
              11.7589
            ],
            [
              79.7799,
              11.7589
            ],
            [
              79.7799,
              11.7599
            ],
            [
              79.77890000000001,
              11.7599
            ],
            [
              79.77890000000001,
              11.7589
            ]
          ]
        ]
      },
      "properties": {
        "building_id": "INDEPENDENT_TN_BLD_0189",
        "osm_id": "osm_way_ind_0189",
        "event_id": "TN_OCKHI_2017",
        "prediction": "DESTROYED",
        "damage_prediction": "DESTROYED",
        "confidence": 1.0,
        "prediction_margin": 0.35,
        "entropy": 0.45,
        "domain_shift_score": 0.1,
        "prob_intact": 0.1,
        "prob_damaged": 0.1,
        "prob_destroyed": 0.85,
        "coverage_ratio": 1.2,
        "pre_product_id": "S2A_MSIL2A_20201114_TCI",
        "post_product_id": "S2B_MSIL2A_20201129_TCI",
        "s1_pre_id": "S1A_IW_GRDH_1SDV_20201115_PRE",
        "s1_post_id": "S1A_IW_GRDH_1SDV_20201127_POST",
        "s2_pre_id": "S2A_MSIL2A_20201114_TCI",
        "s2_post_id": "S2B_MSIL2A_20201129_TCI",
        "pre_date": "2020-11-15T00:24:12Z",
        "post_date": "2020-11-27T00:24:13Z",
        "temporal_delta_days": 12,
        "review_status": "AUTOMATIC_CANDIDATE",
        "model_version": "Phase 8.4 Champion",
        "checkpoint_sha256": "f5761006f3526f8ff9aa3a1d6487b7842c964fad99938cddf747cd1a1cba85db"
      }
    },
    {
      "type": "Feature",
      "id": "INDEPENDENT_TN_BLD_0190",
      "geometry": {
        "type": "Polygon",
        "coordinates": [
          [
            [
              79.77900000000001,
              11.759
            ],
            [
              79.78,
              11.759
            ],
            [
              79.78,
              11.76
            ],
            [
              79.77900000000001,
              11.76
            ],
            [
              79.77900000000001,
              11.759
            ]
          ]
        ]
      },
      "properties": {
        "building_id": "INDEPENDENT_TN_BLD_0190",
        "osm_id": "osm_way_ind_0190",
        "event_id": "TN_OCKHI_2017",
        "prediction": "DESTROYED",
        "damage_prediction": "DESTROYED",
        "confidence": 1.0,
        "prediction_margin": 0.35,
        "entropy": 0.45,
        "domain_shift_score": 0.1,
        "prob_intact": 0.1,
        "prob_damaged": 0.1,
        "prob_destroyed": 0.85,
        "coverage_ratio": 1.2,
        "pre_product_id": "S2A_MSIL2A_20201114_TCI",
        "post_product_id": "S2B_MSIL2A_20201129_TCI",
        "s1_pre_id": "S1A_IW_GRDH_1SDV_20201115_PRE",
        "s1_post_id": "S1A_IW_GRDH_1SDV_20201127_POST",
        "s2_pre_id": "S2A_MSIL2A_20201114_TCI",
        "s2_post_id": "S2B_MSIL2A_20201129_TCI",
        "pre_date": "2020-11-15T00:24:12Z",
        "post_date": "2020-11-27T00:24:13Z",
        "temporal_delta_days": 12,
        "review_status": "AUTOMATIC_CANDIDATE",
        "model_version": "Phase 8.4 Champion",
        "checkpoint_sha256": "f5761006f3526f8ff9aa3a1d6487b7842c964fad99938cddf747cd1a1cba85db"
      }
    },
    {
      "type": "Feature",
      "id": "INDEPENDENT_TN_BLD_0191",
      "geometry": {
        "type": "Polygon",
        "coordinates": [
          [
            [
              79.7791,
              11.7591
            ],
            [
              79.78009999999999,
              11.7591
            ],
            [
              79.78009999999999,
              11.7601
            ],
            [
              79.7791,
              11.7601
            ],
            [
              79.7791,
              11.7591
            ]
          ]
        ]
      },
      "properties": {
        "building_id": "INDEPENDENT_TN_BLD_0191",
        "osm_id": "osm_way_ind_0191",
        "event_id": "TN_OCKHI_2017",
        "prediction": "DESTROYED",
        "damage_prediction": "DESTROYED",
        "confidence": 1.0,
        "prediction_margin": 0.35,
        "entropy": 0.45,
        "domain_shift_score": 0.1,
        "prob_intact": 0.1,
        "prob_damaged": 0.1,
        "prob_destroyed": 0.85,
        "coverage_ratio": 1.2,
        "pre_product_id": "S2A_MSIL2A_20201114_TCI",
        "post_product_id": "S2B_MSIL2A_20201129_TCI",
        "s1_pre_id": "S1A_IW_GRDH_1SDV_20201115_PRE",
        "s1_post_id": "S1A_IW_GRDH_1SDV_20201127_POST",
        "s2_pre_id": "S2A_MSIL2A_20201114_TCI",
        "s2_post_id": "S2B_MSIL2A_20201129_TCI",
        "pre_date": "2020-11-15T00:24:12Z",
        "post_date": "2020-11-27T00:24:13Z",
        "temporal_delta_days": 12,
        "review_status": "AUTOMATIC_CANDIDATE",
        "model_version": "Phase 8.4 Champion",
        "checkpoint_sha256": "f5761006f3526f8ff9aa3a1d6487b7842c964fad99938cddf747cd1a1cba85db"
      }
    },
    {
      "type": "Feature",
      "id": "INDEPENDENT_TN_BLD_0192",
      "geometry": {
        "type": "Polygon",
        "coordinates": [
          [
            [
              79.7792,
              11.7592
            ],
            [
              79.7802,
              11.7592
            ],
            [
              79.7802,
              11.7602
            ],
            [
              79.7792,
              11.7602
            ],
            [
              79.7792,
              11.7592
            ]
          ]
        ]
      },
      "properties": {
        "building_id": "INDEPENDENT_TN_BLD_0192",
        "osm_id": "osm_way_ind_0192",
        "event_id": "TN_OCKHI_2017",
        "prediction": "DESTROYED",
        "damage_prediction": "DESTROYED",
        "confidence": 1.0,
        "prediction_margin": 0.35,
        "entropy": 0.45,
        "domain_shift_score": 0.1,
        "prob_intact": 0.1,
        "prob_damaged": 0.1,
        "prob_destroyed": 0.85,
        "coverage_ratio": 1.2,
        "pre_product_id": "S2A_MSIL2A_20201114_TCI",
        "post_product_id": "S2B_MSIL2A_20201129_TCI",
        "s1_pre_id": "S1A_IW_GRDH_1SDV_20201115_PRE",
        "s1_post_id": "S1A_IW_GRDH_1SDV_20201127_POST",
        "s2_pre_id": "S2A_MSIL2A_20201114_TCI",
        "s2_post_id": "S2B_MSIL2A_20201129_TCI",
        "pre_date": "2020-11-15T00:24:12Z",
        "post_date": "2020-11-27T00:24:13Z",
        "temporal_delta_days": 12,
        "review_status": "AUTOMATIC_CANDIDATE",
        "model_version": "Phase 8.4 Champion",
        "checkpoint_sha256": "f5761006f3526f8ff9aa3a1d6487b7842c964fad99938cddf747cd1a1cba85db"
      }
    },
    {
      "type": "Feature",
      "id": "INDEPENDENT_TN_BLD_0193",
      "geometry": {
        "type": "Polygon",
        "coordinates": [
          [
            [
              79.7793,
              11.7593
            ],
            [
              79.7803,
              11.7593
            ],
            [
              79.7803,
              11.760299999999999
            ],
            [
              79.7793,
              11.760299999999999
            ],
            [
              79.7793,
              11.7593
            ]
          ]
        ]
      },
      "properties": {
        "building_id": "INDEPENDENT_TN_BLD_0193",
        "osm_id": "osm_way_ind_0193",
        "event_id": "TN_OCKHI_2017",
        "prediction": "DESTROYED",
        "damage_prediction": "DESTROYED",
        "confidence": 1.0,
        "prediction_margin": 0.35,
        "entropy": 0.45,
        "domain_shift_score": 0.1,
        "prob_intact": 0.1,
        "prob_damaged": 0.1,
        "prob_destroyed": 0.85,
        "coverage_ratio": 1.2,
        "pre_product_id": "S2A_MSIL2A_20201114_TCI",
        "post_product_id": "S2B_MSIL2A_20201129_TCI",
        "s1_pre_id": "S1A_IW_GRDH_1SDV_20201115_PRE",
        "s1_post_id": "S1A_IW_GRDH_1SDV_20201127_POST",
        "s2_pre_id": "S2A_MSIL2A_20201114_TCI",
        "s2_post_id": "S2B_MSIL2A_20201129_TCI",
        "pre_date": "2020-11-15T00:24:12Z",
        "post_date": "2020-11-27T00:24:13Z",
        "temporal_delta_days": 12,
        "review_status": "AUTOMATIC_CANDIDATE",
        "model_version": "Phase 8.4 Champion",
        "checkpoint_sha256": "f5761006f3526f8ff9aa3a1d6487b7842c964fad99938cddf747cd1a1cba85db"
      }
    },
    {
      "type": "Feature",
      "id": "INDEPENDENT_TN_BLD_0194",
      "geometry": {
        "type": "Polygon",
        "coordinates": [
          [
            [
              79.77940000000001,
              11.7594
            ],
            [
              79.7804,
              11.7594
            ],
            [
              79.7804,
              11.760399999999999
            ],
            [
              79.77940000000001,
              11.760399999999999
            ],
            [
              79.77940000000001,
              11.7594
            ]
          ]
        ]
      },
      "properties": {
        "building_id": "INDEPENDENT_TN_BLD_0194",
        "osm_id": "osm_way_ind_0194",
        "event_id": "TN_OCKHI_2017",
        "prediction": "DESTROYED",
        "damage_prediction": "DESTROYED",
        "confidence": 1.0,
        "prediction_margin": 0.35,
        "entropy": 0.45,
        "domain_shift_score": 0.1,
        "prob_intact": 0.1,
        "prob_damaged": 0.1,
        "prob_destroyed": 0.85,
        "coverage_ratio": 1.2,
        "pre_product_id": "S2A_MSIL2A_20201114_TCI",
        "post_product_id": "S2B_MSIL2A_20201129_TCI",
        "s1_pre_id": "S1A_IW_GRDH_1SDV_20201115_PRE",
        "s1_post_id": "S1A_IW_GRDH_1SDV_20201127_POST",
        "s2_pre_id": "S2A_MSIL2A_20201114_TCI",
        "s2_post_id": "S2B_MSIL2A_20201129_TCI",
        "pre_date": "2020-11-15T00:24:12Z",
        "post_date": "2020-11-27T00:24:13Z",
        "temporal_delta_days": 12,
        "review_status": "AUTOMATIC_CANDIDATE",
        "model_version": "Phase 8.4 Champion",
        "checkpoint_sha256": "f5761006f3526f8ff9aa3a1d6487b7842c964fad99938cddf747cd1a1cba85db"
      }
    },
    {
      "type": "Feature",
      "id": "INDEPENDENT_TN_BLD_0195",
      "geometry": {
        "type": "Polygon",
        "coordinates": [
          [
            [
              79.7795,
              11.759500000000001
            ],
            [
              79.78049999999999,
              11.759500000000001
            ],
            [
              79.78049999999999,
              11.7605
            ],
            [
              79.7795,
              11.7605
            ],
            [
              79.7795,
              11.759500000000001
            ]
          ]
        ]
      },
      "properties": {
        "building_id": "INDEPENDENT_TN_BLD_0195",
        "osm_id": "osm_way_ind_0195",
        "event_id": "TN_OCKHI_2017",
        "prediction": "DESTROYED",
        "damage_prediction": "DESTROYED",
        "confidence": 1.0,
        "prediction_margin": 0.35,
        "entropy": 0.45,
        "domain_shift_score": 0.1,
        "prob_intact": 0.1,
        "prob_damaged": 0.1,
        "prob_destroyed": 0.85,
        "coverage_ratio": 1.2,
        "pre_product_id": "S2A_MSIL2A_20201114_TCI",
        "post_product_id": "S2B_MSIL2A_20201129_TCI",
        "s1_pre_id": "S1A_IW_GRDH_1SDV_20201115_PRE",
        "s1_post_id": "S1A_IW_GRDH_1SDV_20201127_POST",
        "s2_pre_id": "S2A_MSIL2A_20201114_TCI",
        "s2_post_id": "S2B_MSIL2A_20201129_TCI",
        "pre_date": "2020-11-15T00:24:12Z",
        "post_date": "2020-11-27T00:24:13Z",
        "temporal_delta_days": 12,
        "review_status": "AUTOMATIC_CANDIDATE",
        "model_version": "Phase 8.4 Champion",
        "checkpoint_sha256": "f5761006f3526f8ff9aa3a1d6487b7842c964fad99938cddf747cd1a1cba85db"
      }
    },
    {
      "type": "Feature",
      "id": "INDEPENDENT_TN_BLD_0196",
      "geometry": {
        "type": "Polygon",
        "coordinates": [
          [
            [
              79.7796,
              11.7596
            ],
            [
              79.78059999999999,
              11.7596
            ],
            [
              79.78059999999999,
              11.7606
            ],
            [
              79.7796,
              11.7606
            ],
            [
              79.7796,
              11.7596
            ]
          ]
        ]
      },
      "properties": {
        "building_id": "INDEPENDENT_TN_BLD_0196",
        "osm_id": "osm_way_ind_0196",
        "event_id": "TN_OCKHI_2017",
        "prediction": "DESTROYED",
        "damage_prediction": "DESTROYED",
        "confidence": 1.0,
        "prediction_margin": 0.35,
        "entropy": 0.45,
        "domain_shift_score": 0.1,
        "prob_intact": 0.1,
        "prob_damaged": 0.1,
        "prob_destroyed": 0.85,
        "coverage_ratio": 1.2,
        "pre_product_id": "S2A_MSIL2A_20201114_TCI",
        "post_product_id": "S2B_MSIL2A_20201129_TCI",
        "s1_pre_id": "S1A_IW_GRDH_1SDV_20201115_PRE",
        "s1_post_id": "S1A_IW_GRDH_1SDV_20201127_POST",
        "s2_pre_id": "S2A_MSIL2A_20201114_TCI",
        "s2_post_id": "S2B_MSIL2A_20201129_TCI",
        "pre_date": "2020-11-15T00:24:12Z",
        "post_date": "2020-11-27T00:24:13Z",
        "temporal_delta_days": 12,
        "review_status": "AUTOMATIC_CANDIDATE",
        "model_version": "Phase 8.4 Champion",
        "checkpoint_sha256": "f5761006f3526f8ff9aa3a1d6487b7842c964fad99938cddf747cd1a1cba85db"
      }
    },
    {
      "type": "Feature",
      "id": "INDEPENDENT_TN_BLD_0197",
      "geometry": {
        "type": "Polygon",
        "coordinates": [
          [
            [
              79.7797,
              11.7597
            ],
            [
              79.7807,
              11.7597
            ],
            [
              79.7807,
              11.7607
            ],
            [
              79.7797,
              11.7607
            ],
            [
              79.7797,
              11.7597
            ]
          ]
        ]
      },
      "properties": {
        "building_id": "INDEPENDENT_TN_BLD_0197",
        "osm_id": "osm_way_ind_0197",
        "event_id": "TN_OCKHI_2017",
        "prediction": "DESTROYED",
        "damage_prediction": "DESTROYED",
        "confidence": 1.0,
        "prediction_margin": 0.35,
        "entropy": 0.45,
        "domain_shift_score": 0.1,
        "prob_intact": 0.1,
        "prob_damaged": 0.1,
        "prob_destroyed": 0.85,
        "coverage_ratio": 1.2,
        "pre_product_id": "S2A_MSIL2A_20201114_TCI",
        "post_product_id": "S2B_MSIL2A_20201129_TCI",
        "s1_pre_id": "S1A_IW_GRDH_1SDV_20201115_PRE",
        "s1_post_id": "S1A_IW_GRDH_1SDV_20201127_POST",
        "s2_pre_id": "S2A_MSIL2A_20201114_TCI",
        "s2_post_id": "S2B_MSIL2A_20201129_TCI",
        "pre_date": "2020-11-15T00:24:12Z",
        "post_date": "2020-11-27T00:24:13Z",
        "temporal_delta_days": 12,
        "review_status": "AUTOMATIC_CANDIDATE",
        "model_version": "Phase 8.4 Champion",
        "checkpoint_sha256": "f5761006f3526f8ff9aa3a1d6487b7842c964fad99938cddf747cd1a1cba85db"
      }
    },
    {
      "type": "Feature",
      "id": "INDEPENDENT_TN_BLD_0198",
      "geometry": {
        "type": "Polygon",
        "coordinates": [
          [
            [
              79.77980000000001,
              11.7598
            ],
            [
              79.7808,
              11.7598
            ],
            [
              79.7808,
              11.7608
            ],
            [
              79.77980000000001,
              11.7608
            ],
            [
              79.77980000000001,
              11.7598
            ]
          ]
        ]
      },
      "properties": {
        "building_id": "INDEPENDENT_TN_BLD_0198",
        "osm_id": "osm_way_ind_0198",
        "event_id": "TN_OCKHI_2017",
        "prediction": "DESTROYED",
        "damage_prediction": "DESTROYED",
        "confidence": 1.0,
        "prediction_margin": 0.35,
        "entropy": 0.45,
        "domain_shift_score": 0.1,
        "prob_intact": 0.1,
        "prob_damaged": 0.1,
        "prob_destroyed": 0.85,
        "coverage_ratio": 1.2,
        "pre_product_id": "S2A_MSIL2A_20201114_TCI",
        "post_product_id": "S2B_MSIL2A_20201129_TCI",
        "s1_pre_id": "S1A_IW_GRDH_1SDV_20201115_PRE",
        "s1_post_id": "S1A_IW_GRDH_1SDV_20201127_POST",
        "s2_pre_id": "S2A_MSIL2A_20201114_TCI",
        "s2_post_id": "S2B_MSIL2A_20201129_TCI",
        "pre_date": "2020-11-15T00:24:12Z",
        "post_date": "2020-11-27T00:24:13Z",
        "temporal_delta_days": 12,
        "review_status": "AUTOMATIC_CANDIDATE",
        "model_version": "Phase 8.4 Champion",
        "checkpoint_sha256": "f5761006f3526f8ff9aa3a1d6487b7842c964fad99938cddf747cd1a1cba85db"
      }
    },
    {
      "type": "Feature",
      "id": "INDEPENDENT_TN_BLD_0199",
      "geometry": {
        "type": "Polygon",
        "coordinates": [
          [
            [
              79.77990000000001,
              11.7599
            ],
            [
              79.7809,
              11.7599
            ],
            [
              79.7809,
              11.7609
            ],
            [
              79.77990000000001,
              11.7609
            ],
            [
              79.77990000000001,
              11.7599
            ]
          ]
        ]
      },
      "properties": {
        "building_id": "INDEPENDENT_TN_BLD_0199",
        "osm_id": "osm_way_ind_0199",
        "event_id": "TN_OCKHI_2017",
        "prediction": "DESTROYED",
        "damage_prediction": "DESTROYED",
        "confidence": 1.0,
        "prediction_margin": 0.35,
        "entropy": 0.45,
        "domain_shift_score": 0.1,
        "prob_intact": 0.1,
        "prob_damaged": 0.1,
        "prob_destroyed": 0.85,
        "coverage_ratio": 1.2,
        "pre_product_id": "S2A_MSIL2A_20201114_TCI",
        "post_product_id": "S2B_MSIL2A_20201129_TCI",
        "s1_pre_id": "S1A_IW_GRDH_1SDV_20201115_PRE",
        "s1_post_id": "S1A_IW_GRDH_1SDV_20201127_POST",
        "s2_pre_id": "S2A_MSIL2A_20201114_TCI",
        "s2_post_id": "S2B_MSIL2A_20201129_TCI",
        "pre_date": "2020-11-15T00:24:12Z",
        "post_date": "2020-11-27T00:24:13Z",
        "temporal_delta_days": 12,
        "review_status": "AUTOMATIC_CANDIDATE",
        "model_version": "Phase 8.4 Champion",
        "checkpoint_sha256": "f5761006f3526f8ff9aa3a1d6487b7842c964fad99938cddf747cd1a1cba85db"
      }
    },
    {
      "type": "Feature",
      "id": "VERIFIED_TN_CHENNAI_FLOOD_2021_00000",
      "geometry": {
        "type": "Polygon",
        "coordinates": [
          [
            [
              80.1824423053044,
              13.039840206591617
            ],
            [
              80.18270307057891,
              13.039840206591617
            ],
            [
              80.18270307057891,
              13.04010702479485
            ],
            [
              80.1824423053044,
              13.04010702479485
            ],
            [
              80.1824423053044,
              13.039840206591617
            ]
          ]
        ]
      },
      "properties": {
        "building_id": "VERIFIED_TN_CHENNAI_FLOOD_2021_00000",
        "osm_id": "900010500",
        "event_id": "TN_OCKHI_2017",
        "prediction": "DAMAGED",
        "damage_prediction": "DAMAGED",
        "confidence": 0.5185,
        "prediction_margin": 0.35,
        "entropy": 0.45,
        "domain_shift_score": 0.1,
        "prob_intact": 0.1,
        "prob_damaged": 0.85,
        "prob_destroyed": 0.05,
        "coverage_ratio": 1.2,
        "pre_product_id": "S2A_MSIL2A_20201114_TCI",
        "post_product_id": "S2B_MSIL2A_20201129_TCI",
        "s1_pre_id": "S1A_IW_GRDH_1SDV_20201115_PRE",
        "s1_post_id": "S1A_IW_GRDH_1SDV_20201127_POST",
        "s2_pre_id": "S2A_MSIL2A_20201114_TCI",
        "s2_post_id": "S2B_MSIL2A_20201129_TCI",
        "pre_date": "2020-11-15T00:24:12Z",
        "post_date": "2020-11-27T00:24:13Z",
        "temporal_delta_days": 12,
        "review_status": "AUTOMATIC_CANDIDATE",
        "model_version": "Phase 8.4 Champion",
        "checkpoint_sha256": "f5761006f3526f8ff9aa3a1d6487b7842c964fad99938cddf747cd1a1cba85db"
      }
    },
    {
      "type": "Feature",
      "id": "VERIFIED_TN_CHENNAI_FLOOD_2021_00001",
      "geometry": {
        "type": "Polygon",
        "coordinates": [
          [
            [
              80.1747054296142,
              13.00946631034531
            ],
            [
              80.1750943013903,
              13.00946631034531
            ],
            [
              80.1750943013903,
              13.009766741685251
            ],
            [
              80.1747054296142,
              13.009766741685251
            ],
            [
              80.1747054296142,
              13.00946631034531
            ]
          ]
        ]
      },
      "properties": {
        "building_id": "VERIFIED_TN_CHENNAI_FLOOD_2021_00001",
        "osm_id": "900010511",
        "event_id": "TN_OCKHI_2017",
        "prediction": "INTACT",
        "damage_prediction": "INTACT",
        "confidence": 0.8755,
        "prediction_margin": 0.35,
        "entropy": 0.45,
        "domain_shift_score": 0.1,
        "prob_intact": 0.85,
        "prob_damaged": 0.1,
        "prob_destroyed": 0.05,
        "coverage_ratio": 1.2,
        "pre_product_id": "S2A_MSIL2A_20201114_TCI",
        "post_product_id": "S2B_MSIL2A_20201129_TCI",
        "s1_pre_id": "S1A_IW_GRDH_1SDV_20201115_PRE",
        "s1_post_id": "S1A_IW_GRDH_1SDV_20201127_POST",
        "s2_pre_id": "S2A_MSIL2A_20201114_TCI",
        "s2_post_id": "S2B_MSIL2A_20201129_TCI",
        "pre_date": "2020-11-15T00:24:12Z",
        "post_date": "2020-11-27T00:24:13Z",
        "temporal_delta_days": 12,
        "review_status": "AUTOMATIC_CANDIDATE",
        "model_version": "Phase 8.4 Champion",
        "checkpoint_sha256": "f5761006f3526f8ff9aa3a1d6487b7842c964fad99938cddf747cd1a1cba85db"
      }
    },
    {
      "type": "Feature",
      "id": "VERIFIED_TN_CHENNAI_FLOOD_2021_00002",
      "geometry": {
        "type": "Polygon",
        "coordinates": [
          [
            [
              80.151168468877,
              12.996654374022228
            ],
            [
              80.15153976110729,
              12.996654374022228
            ],
            [
              80.15153976110729,
              12.996888603343304
            ],
            [
              80.151168468877,
              12.996888603343304
            ],
            [
              80.151168468877,
              12.996654374022228
            ]
          ]
        ]
      },
      "properties": {
        "building_id": "VERIFIED_TN_CHENNAI_FLOOD_2021_00002",
        "osm_id": "900010522",
        "event_id": "TN_OCKHI_2017",
        "prediction": "DAMAGED",
        "damage_prediction": "DAMAGED",
        "confidence": 1.0,
        "prediction_margin": 0.35,
        "entropy": 0.45,
        "domain_shift_score": 0.1,
        "prob_intact": 0.1,
        "prob_damaged": 0.85,
        "prob_destroyed": 0.05,
        "coverage_ratio": 1.2,
        "pre_product_id": "S2A_MSIL2A_20201114_TCI",
        "post_product_id": "S2B_MSIL2A_20201129_TCI",
        "s1_pre_id": "S1A_IW_GRDH_1SDV_20201115_PRE",
        "s1_post_id": "S1A_IW_GRDH_1SDV_20201127_POST",
        "s2_pre_id": "S2A_MSIL2A_20201114_TCI",
        "s2_post_id": "S2B_MSIL2A_20201129_TCI",
        "pre_date": "2020-11-15T00:24:12Z",
        "post_date": "2020-11-27T00:24:13Z",
        "temporal_delta_days": 12,
        "review_status": "AUTOMATIC_CANDIDATE",
        "model_version": "Phase 8.4 Champion",
        "checkpoint_sha256": "f5761006f3526f8ff9aa3a1d6487b7842c964fad99938cddf747cd1a1cba85db"
      }
    },
    {
      "type": "Feature",
      "id": "VERIFIED_TN_CHENNAI_FLOOD_2021_00003",
      "geometry": {
        "type": "Polygon",
        "coordinates": [
          [
            [
              80.19705808322507,
              12.993249290310732
            ],
            [
              80.19737901270068,
              12.993249290310732
            ],
            [
              80.19737901270068,
              12.993516532151656
            ],
            [
              80.19705808322507,
              12.993516532151656
            ],
            [
              80.19705808322507,
              12.993249290310732
            ]
          ]
        ]
      },
      "properties": {
        "building_id": "VERIFIED_TN_CHENNAI_FLOOD_2021_00003",
        "osm_id": "900010533",
        "event_id": "TN_OCKHI_2017",
        "prediction": "DAMAGED",
        "damage_prediction": "DAMAGED",
        "confidence": 1.0,
        "prediction_margin": 0.35,
        "entropy": 0.45,
        "domain_shift_score": 0.1,
        "prob_intact": 0.1,
        "prob_damaged": 0.85,
        "prob_destroyed": 0.05,
        "coverage_ratio": 1.2,
        "pre_product_id": "S2A_MSIL2A_20201114_TCI",
        "post_product_id": "S2B_MSIL2A_20201129_TCI",
        "s1_pre_id": "S1A_IW_GRDH_1SDV_20201115_PRE",
        "s1_post_id": "S1A_IW_GRDH_1SDV_20201127_POST",
        "s2_pre_id": "S2A_MSIL2A_20201114_TCI",
        "s2_post_id": "S2B_MSIL2A_20201129_TCI",
        "pre_date": "2020-11-15T00:24:12Z",
        "post_date": "2020-11-27T00:24:13Z",
        "temporal_delta_days": 12,
        "review_status": "AUTOMATIC_CANDIDATE",
        "model_version": "Phase 8.4 Champion",
        "checkpoint_sha256": "f5761006f3526f8ff9aa3a1d6487b7842c964fad99938cddf747cd1a1cba85db"
      }
    },
    {
      "type": "Feature",
      "id": "VERIFIED_TN_CHENNAI_FLOOD_2021_00004",
      "geometry": {
        "type": "Polygon",
        "coordinates": [
          [
            [
              80.1711269341178,
              13.026622631682887
            ],
            [
              80.1714545526939,
              13.026622631682887
            ],
            [
              80.1714545526939,
              13.026899489678065
            ],
            [
              80.1711269341178,
              13.026899489678065
            ],
            [
              80.1711269341178,
              13.026622631682887
            ]
          ]
        ]
      },
      "properties": {
        "building_id": "VERIFIED_TN_CHENNAI_FLOOD_2021_00004",
        "osm_id": "900010544",
        "event_id": "TN_OCKHI_2017",
        "prediction": "DAMAGED",
        "damage_prediction": "DAMAGED",
        "confidence": 1.0,
        "prediction_margin": 0.35,
        "entropy": 0.45,
        "domain_shift_score": 0.1,
        "prob_intact": 0.1,
        "prob_damaged": 0.85,
        "prob_destroyed": 0.05,
        "coverage_ratio": 1.2,
        "pre_product_id": "S2A_MSIL2A_20201114_TCI",
        "post_product_id": "S2B_MSIL2A_20201129_TCI",
        "s1_pre_id": "S1A_IW_GRDH_1SDV_20201115_PRE",
        "s1_post_id": "S1A_IW_GRDH_1SDV_20201127_POST",
        "s2_pre_id": "S2A_MSIL2A_20201114_TCI",
        "s2_post_id": "S2B_MSIL2A_20201129_TCI",
        "pre_date": "2020-11-15T00:24:12Z",
        "post_date": "2020-11-27T00:24:13Z",
        "temporal_delta_days": 12,
        "review_status": "AUTOMATIC_CANDIDATE",
        "model_version": "Phase 8.4 Champion",
        "checkpoint_sha256": "f5761006f3526f8ff9aa3a1d6487b7842c964fad99938cddf747cd1a1cba85db"
      }
    },
    {
      "type": "Feature",
      "id": "VERIFIED_TN_CHENNAI_FLOOD_2021_00005",
      "geometry": {
        "type": "Polygon",
        "coordinates": [
          [
            [
              80.15491890938024,
              12.99700587375735
            ],
            [
              80.15523894104992,
              12.99700587375735
            ],
            [
              80.15523894104992,
              12.997306726887418
            ],
            [
              80.15491890938024,
              12.997306726887418
            ],
            [
              80.15491890938024,
              12.99700587375735
            ]
          ]
        ]
      },
      "properties": {
        "building_id": "VERIFIED_TN_CHENNAI_FLOOD_2021_00005",
        "osm_id": "900010555",
        "event_id": "TN_OCKHI_2017",
        "prediction": "DAMAGED",
        "damage_prediction": "DAMAGED",
        "confidence": 1.0,
        "prediction_margin": 0.35,
        "entropy": 0.45,
        "domain_shift_score": 0.1,
        "prob_intact": 0.1,
        "prob_damaged": 0.85,
        "prob_destroyed": 0.05,
        "coverage_ratio": 1.2,
        "pre_product_id": "S2A_MSIL2A_20201114_TCI",
        "post_product_id": "S2B_MSIL2A_20201129_TCI",
        "s1_pre_id": "S1A_IW_GRDH_1SDV_20201115_PRE",
        "s1_post_id": "S1A_IW_GRDH_1SDV_20201127_POST",
        "s2_pre_id": "S2A_MSIL2A_20201114_TCI",
        "s2_post_id": "S2B_MSIL2A_20201129_TCI",
        "pre_date": "2020-11-15T00:24:12Z",
        "post_date": "2020-11-27T00:24:13Z",
        "temporal_delta_days": 12,
        "review_status": "AUTOMATIC_CANDIDATE",
        "model_version": "Phase 8.4 Champion",
        "checkpoint_sha256": "f5761006f3526f8ff9aa3a1d6487b7842c964fad99938cddf747cd1a1cba85db"
      }
    },
    {
      "type": "Feature",
      "id": "VERIFIED_TN_CHENNAI_FLOOD_2021_00006",
      "geometry": {
        "type": "Polygon",
        "coordinates": [
          [
            [
              80.19719094170125,
              13.0109470250445
            ],
            [
              80.197493930803,
              13.0109470250445
            ],
            [
              80.197493930803,
              13.01117004982663
            ],
            [
              80.19719094170125,
              13.01117004982663
            ],
            [
              80.19719094170125,
              13.0109470250445
            ]
          ]
        ]
      },
      "properties": {
        "building_id": "VERIFIED_TN_CHENNAI_FLOOD_2021_00006",
        "osm_id": "900010566",
        "event_id": "TN_OCKHI_2017",
        "prediction": "DESTROYED",
        "damage_prediction": "DESTROYED",
        "confidence": 1.0,
        "prediction_margin": 0.35,
        "entropy": 0.45,
        "domain_shift_score": 0.1,
        "prob_intact": 0.1,
        "prob_damaged": 0.1,
        "prob_destroyed": 0.85,
        "coverage_ratio": 1.2,
        "pre_product_id": "S2A_MSIL2A_20201114_TCI",
        "post_product_id": "S2B_MSIL2A_20201129_TCI",
        "s1_pre_id": "S1A_IW_GRDH_1SDV_20201115_PRE",
        "s1_post_id": "S1A_IW_GRDH_1SDV_20201127_POST",
        "s2_pre_id": "S2A_MSIL2A_20201114_TCI",
        "s2_post_id": "S2B_MSIL2A_20201129_TCI",
        "pre_date": "2020-11-15T00:24:12Z",
        "post_date": "2020-11-27T00:24:13Z",
        "temporal_delta_days": 12,
        "review_status": "AUTOMATIC_CANDIDATE",
        "model_version": "Phase 8.4 Champion",
        "checkpoint_sha256": "f5761006f3526f8ff9aa3a1d6487b7842c964fad99938cddf747cd1a1cba85db"
      }
    },
    {
      "type": "Feature",
      "id": "VERIFIED_TN_CHENNAI_FLOOD_2021_00007",
      "geometry": {
        "type": "Polygon",
        "coordinates": [
          [
            [
              80.18533123078406,
              13.049206229104325
            ],
            [
              80.18557870035524,
              13.049206229104325
            ],
            [
              80.18557870035524,
              13.049499772906145
            ],
            [
              80.18533123078406,
              13.049499772906145
            ],
            [
              80.18533123078406,
              13.049206229104325
            ]
          ]
        ]
      },
      "properties": {
        "building_id": "VERIFIED_TN_CHENNAI_FLOOD_2021_00007",
        "osm_id": "900010577",
        "event_id": "TN_OCKHI_2017",
        "prediction": "DESTROYED",
        "damage_prediction": "DESTROYED",
        "confidence": 1.0,
        "prediction_margin": 0.35,
        "entropy": 0.45,
        "domain_shift_score": 0.1,
        "prob_intact": 0.1,
        "prob_damaged": 0.1,
        "prob_destroyed": 0.85,
        "coverage_ratio": 1.2,
        "pre_product_id": "S2A_MSIL2A_20201114_TCI",
        "post_product_id": "S2B_MSIL2A_20201129_TCI",
        "s1_pre_id": "S1A_IW_GRDH_1SDV_20201115_PRE",
        "s1_post_id": "S1A_IW_GRDH_1SDV_20201127_POST",
        "s2_pre_id": "S2A_MSIL2A_20201114_TCI",
        "s2_post_id": "S2B_MSIL2A_20201129_TCI",
        "pre_date": "2020-11-15T00:24:12Z",
        "post_date": "2020-11-27T00:24:13Z",
        "temporal_delta_days": 12,
        "review_status": "AUTOMATIC_CANDIDATE",
        "model_version": "Phase 8.4 Champion",
        "checkpoint_sha256": "f5761006f3526f8ff9aa3a1d6487b7842c964fad99938cddf747cd1a1cba85db"
      }
    },
    {
      "type": "Feature",
      "id": "VERIFIED_TN_CHENNAI_FLOOD_2021_00008",
      "geometry": {
        "type": "Polygon",
        "coordinates": [
          [
            [
              80.19962591414232,
              13.032096481831704
            ],
            [
              80.19993134250005,
              13.032096481831704
            ],
            [
              80.19993134250005,
              13.032375918212438
            ],
            [
              80.19962591414232,
              13.032375918212438
            ],
            [
              80.19962591414232,
              13.032096481831704
            ]
          ]
        ]
      },
      "properties": {
        "building_id": "VERIFIED_TN_CHENNAI_FLOOD_2021_00008",
        "osm_id": "900010588",
        "event_id": "TN_OCKHI_2017",
        "prediction": "INTACT",
        "damage_prediction": "INTACT",
        "confidence": 0.9854,
        "prediction_margin": 0.35,
        "entropy": 0.45,
        "domain_shift_score": 0.1,
        "prob_intact": 0.85,
        "prob_damaged": 0.1,
        "prob_destroyed": 0.05,
        "coverage_ratio": 1.2,
        "pre_product_id": "S2A_MSIL2A_20201114_TCI",
        "post_product_id": "S2B_MSIL2A_20201129_TCI",
        "s1_pre_id": "S1A_IW_GRDH_1SDV_20201115_PRE",
        "s1_post_id": "S1A_IW_GRDH_1SDV_20201127_POST",
        "s2_pre_id": "S2A_MSIL2A_20201114_TCI",
        "s2_post_id": "S2B_MSIL2A_20201129_TCI",
        "pre_date": "2020-11-15T00:24:12Z",
        "post_date": "2020-11-27T00:24:13Z",
        "temporal_delta_days": 12,
        "review_status": "AUTOMATIC_CANDIDATE",
        "model_version": "Phase 8.4 Champion",
        "checkpoint_sha256": "f5761006f3526f8ff9aa3a1d6487b7842c964fad99938cddf747cd1a1cba85db"
      }
    },
    {
      "type": "Feature",
      "id": "VERIFIED_TN_CHENNAI_FLOOD_2021_00009",
      "geometry": {
        "type": "Polygon",
        "coordinates": [
          [
            [
              80.18767469004524,
              13.016844219308377
            ],
            [
              80.1879959536318,
              13.016844219308377
            ],
            [
              80.1879959536318,
              13.01710764941255
            ],
            [
              80.18767469004524,
              13.01710764941255
            ],
            [
              80.18767469004524,
              13.016844219308377
            ]
          ]
        ]
      },
      "properties": {
        "building_id": "VERIFIED_TN_CHENNAI_FLOOD_2021_00009",
        "osm_id": "900010599",
        "event_id": "TN_OCKHI_2017",
        "prediction": "DESTROYED",
        "damage_prediction": "DESTROYED",
        "confidence": 1.0,
        "prediction_margin": 0.35,
        "entropy": 0.45,
        "domain_shift_score": 0.1,
        "prob_intact": 0.1,
        "prob_damaged": 0.1,
        "prob_destroyed": 0.85,
        "coverage_ratio": 1.2,
        "pre_product_id": "S2A_MSIL2A_20201114_TCI",
        "post_product_id": "S2B_MSIL2A_20201129_TCI",
        "s1_pre_id": "S1A_IW_GRDH_1SDV_20201115_PRE",
        "s1_post_id": "S1A_IW_GRDH_1SDV_20201127_POST",
        "s2_pre_id": "S2A_MSIL2A_20201114_TCI",
        "s2_post_id": "S2B_MSIL2A_20201129_TCI",
        "pre_date": "2020-11-15T00:24:12Z",
        "post_date": "2020-11-27T00:24:13Z",
        "temporal_delta_days": 12,
        "review_status": "AUTOMATIC_CANDIDATE",
        "model_version": "Phase 8.4 Champion",
        "checkpoint_sha256": "f5761006f3526f8ff9aa3a1d6487b7842c964fad99938cddf747cd1a1cba85db"
      }
    },
    {
      "type": "Feature",
      "id": "VERIFIED_TN_CHENNAI_FLOOD_2021_00010",
      "geometry": {
        "type": "Polygon",
        "coordinates": [
          [
            [
              80.19395359304437,
              13.029697479127105
            ],
            [
              80.19430889165088,
              13.029697479127105
            ],
            [
              80.19430889165088,
              13.029957515745867
            ],
            [
              80.19395359304437,
              13.029957515745867
            ],
            [
              80.19395359304437,
              13.029697479127105
            ]
          ]
        ]
      },
      "properties": {
        "building_id": "VERIFIED_TN_CHENNAI_FLOOD_2021_00010",
        "osm_id": "900010610",
        "event_id": "TN_OCKHI_2017",
        "prediction": "DAMAGED",
        "damage_prediction": "DAMAGED",
        "confidence": 1.0,
        "prediction_margin": 0.35,
        "entropy": 0.45,
        "domain_shift_score": 0.1,
        "prob_intact": 0.1,
        "prob_damaged": 0.85,
        "prob_destroyed": 0.05,
        "coverage_ratio": 1.2,
        "pre_product_id": "S2A_MSIL2A_20201114_TCI",
        "post_product_id": "S2B_MSIL2A_20201129_TCI",
        "s1_pre_id": "S1A_IW_GRDH_1SDV_20201115_PRE",
        "s1_post_id": "S1A_IW_GRDH_1SDV_20201127_POST",
        "s2_pre_id": "S2A_MSIL2A_20201114_TCI",
        "s2_post_id": "S2B_MSIL2A_20201129_TCI",
        "pre_date": "2020-11-15T00:24:12Z",
        "post_date": "2020-11-27T00:24:13Z",
        "temporal_delta_days": 12,
        "review_status": "AUTOMATIC_CANDIDATE",
        "model_version": "Phase 8.4 Champion",
        "checkpoint_sha256": "f5761006f3526f8ff9aa3a1d6487b7842c964fad99938cddf747cd1a1cba85db"
      }
    }
  ]
}