properties,building_id,total_pixels,valid_pixels,valid_pixel_pct,mean_pre_vv,mean_post_vv,mean_change_vv,median_change_vv,std_change_vv,mean_pre_vh,mean_post_vh,mean_change_vh,median_change_vh,std_change_vh
"{'osm_id': 28066870, 'osm_type': 'yes'}",chennai_bld_000001,27,27,100.0,-2.3047827261465565,-3.697609512894242,-1.392827069317853,-0.9575084447860718,3.0519010045940553,-9.807072392216435,-11.216503002025464,-1.4094313162344474,-1.44219970703125,2.17788868016704
"{'osm_id': 30681102, 'osm_type': 'commercial'}",chennai_bld_000002,13,13,100.0,-2.8366367633526144,-4.540210430438702,-1.7035733736478365,-0.7314519882202148,4.280974899572647,-8.93331791804387,-8.805972172663761,0.12734585541945237,0.1467905044555664,2.3100831826314967
"{'osm_id': 32551266, 'osm_type': 'yes'}",chennai_bld_000003,14,14,100.0,-2.3550878252301897,-1.6574215207781111,0.6976662363324847,1.296186089515686,2.651723576430758,-14.308008466448102,-14.698193141392299,-0.3901844024658203,0.1619577407836914,3.115127066579999
"{'osm_id': 32551325, 'osm_type': 'yes'}",chennai_bld_000004,14,14,100.0,0.22066279820033483,0.5460339614323207,0.3253711632319859,-0.23407258093357086,3.0709347447367175,-12.055509294782366,-12.882218497140068,-0.8267087255205426,-1.0494279861450195,3.516946681891862
"{'osm_id': 32551336, 'osm_type': 'yes'}",chennai_bld_000005,7,7,100.0,4.47370365687779,2.0109818322317943,-2.462722505841936,-1.9472706317901611,1.4874816118227507,-10.159525190080915,-11.684250967843193,-1.5247256415230888,-1.65081787109375,1.2019807736998627
"{'osm_id': 32666508, 'osm_type': 'yes'}",chennai_bld_000006,10,10,100.0,-0.8432745933532715,-2.1259876251220704,-1.2827131271362304,-0.4964447021484375,3.7496125405529925,-11.460336303710937,-11.793675231933594,-0.33333864212036135,-0.46050024032592773,1.3236203390463235
"{'osm_id': 32847420, 'osm_type': 'yes'}",chennai_bld_000007,4,4,100.0,-1.215619444847107,-4.764780521392822,-3.549160957336426,-3.9656379222869873,2.0897908707834016,-11.087125778198242,-14.206806182861328,-3.1196811199188232,-3.2053751945495605,2.8424334447855535
"{'osm_id': 84084660, 'osm_type': 'yes'}",chennai_bld_000008,21,21,100.0,1.612193334670294,0.19293292363484701,-1.4192602975027901,-1.3704432249069214,2.6274442978485886,-11.138461158389138,-13.33667718796503,-2.198215121314639,-1.910893440246582,2.7006905134907204
"{'osm_id': 84084671, 'osm_type': 'yes'}",chennai_bld_000009,8,8,100.0,1.0583343505859375,-1.2702218294143677,-2.3285558223724365,-2.914945125579834,3.365231327772347,-12.475732803344727,-12.773087501525879,-0.29735469818115234,0.2048192024230957,2.2532972276784657
"{'osm_id': 106356406, 'osm_type': 'yes'}",chennai_bld_000010,4,4,100.0,3.1175267696380615,2.957012176513672,-0.16051441431045532,-0.581555962562561,2.6680850995965226,-15.16495132446289,-14.859180450439453,0.3057715892791748,0.1837005615234375,1.7701343530127933
"{'osm_id': 106356412, 'osm_type': 'yes'}",chennai_bld_000011,8,8,100.0,-0.8615307807922363,-2.873621702194214,-2.0120909214019775,-2.868129253387451,2.7634718940940175,-11.739715576171875,-12.500523567199707,-0.7608077526092529,-1.8180022239685059,3.313617521255716
"{'osm_id': 106356414, 'osm_type': 'yes'}",chennai_bld_000012,2,2,100.0,-0.9225935935974121,-2.279857635498047,-1.3572639226913452,-1.3572639226913452,0.2186964750289917,-10.499314308166504,-13.71989631652832,-3.220581531524658,-3.220581531524658,2.21211576461792
"{'osm_id': 214598985, 'osm_type': 'yes'}",chennai_bld_000013,16,16,100.0,-6.737301826477051,-6.45897912979126,0.27832284569740295,0.2690141201019287,3.355275350509004,-11.81141471862793,-13.106643676757812,-1.2952284812927246,-1.9498047828674316,2.4411970027657763
"{'osm_id': 214598997, 'osm_type': 'roof'}",chennai_bld_000014,13,13,100.0,-5.117164611816406,-5.572003291203425,-0.45483882610614484,-0.053876280784606934,2.8742594570237507,-10.300211979792667,-10.539169311523438,-0.2389551309438852,-0.7382726669311523,4.42321100038648
"{'osm_id': 214599011, 'osm_type': 'roof'}",chennai_bld_000015,6,6,100.0,-5.28925355275472,-6.290130615234375,-1.0008769035339355,-1.3439908027648926,4.336250117024251,-10.151857376098633,-11.421998341878256,-1.2701403299967449,-2.4471254348754883,2.2269815664892807
"{'osm_id': 214599021, 'osm_type': 'roof'}",chennai_bld_000016,8,8,100.0,-5.524630069732666,-6.53994083404541,-1.0153112411499023,-1.015034556388855,1.7792276346607305,-11.33910083770752,-13.279412269592285,-1.9403129816055298,-1.5584278106689453,2.9687342906157292
"{'osm_id': 214599023, 'osm_type': 'yes'}",chennai_bld_000017,5,5,100.0,-5.136955642700196,-6.238016510009766,-1.101060676574707,-0.833716869354248,2.549683297175845,-12.735353088378906,-12.497000885009765,0.2383523941040039,0.6118764877319336,1.4121721546425696
"{'osm_id': 214599038, 'osm_type': 'roof'}",chennai_bld_000018,5,5,100.0,-7.288825988769531,-6.5204010009765625,0.7684248924255371,1.608802318572998,3.4398411927410546,-12.51353759765625,-12.519070434570313,-0.005531692504882812,0.37235355377197266,1.8388270060132217
"{'osm_id': 214599058, 'osm_type': 'roof'}",chennai_bld_000019,5,5,100.0,-8.243533325195312,-7.804197692871094,0.4393355369567871,0.44763755798339844,2.2229904377867538,-13.821107482910156,-11.946219635009765,1.8748872756958008,1.7157268524169922,1.7200493694096168
"{'osm_id': 214599073, 'osm_type': 'train_station'}",chennai_bld_000020,3,3,100.0,-2.82817808787028,-7.012031555175781,-4.18385378519694,-4.301363945007324,2.6067864332132724,-12.006215413411459,-9.766635258992514,2.239579359690348,2.6630029678344727,0.7472532540117707
"{'osm_id': 214599080, 'osm_type': 'yes'}",chennai_bld_000021,7,7,100.0,-5.745022365025112,-5.909050532749721,-0.16402782712663924,0.3950953483581543,3.177806449482776,-12.551806858607701,-12.584893362862724,-0.03308595929827009,2.0803937911987305,3.87941610645334
"{'osm_id': 282483335, 'osm_type': 'yes'}",chennai_bld_000022,6,6,100.0,-3.007989247639974,-0.44156452020009357,2.566425164540609,1.9816635847091675,3.996657972369825,-13.107999165852865,-12.355901082356771,0.7520979245503744,0.606165885925293,4.454270651888848
"{'osm_id': 288751006, 'osm_type': 'apartments'}",chennai_bld_000023,11,11,100.0,-2.5084746967662466,-3.171847256747159,-0.6633722998879172,-0.9362722039222717,3.161835804857856,-9.72966280850497,-9.205062866210938,0.5246008092706854,0.3097958564758301,2.2800034263475255
"{'osm_id': 339533630, 'osm_type': 'apartments'}",chennai_bld_000024,5,5,100.0,-3.7555988311767576,-4.780373001098633,-1.0247743606567383,-2.578385353088379,2.92473022140174,-10.39577407836914,-7.978112030029297,2.417662239074707,1.767007827758789,3.7647634831077257
"{'osm_id': 339533634, 'osm_type': 'apartments'}",chennai_bld_000025,4,4,100.0,-5.6868896484375,-6.235909938812256,-0.5490210056304932,-0.2999300956726074,5.99576979907767,-9.753046035766602,-8.29996395111084,1.4530811309814453,1.4980888366699219,1.6450135808342372
"{'osm_id': 339533640, 'osm_type': 'apartments'}",chennai_bld_000026,3,3,100.0,-5.797274907430013,-7.24290148417155,-1.4456265767415364,-2.740656852722168,6.777591469591955,-9.529069900512695,-6.841641108194987,2.6874287923177085,3.273050546646118,2.3647957147599032
"{'osm_id': 340078211, 'osm_type': 'apartments'}",chennai_bld_000027,6,6,100.0,-1.7764089902242024,-5.20250924428304,-3.4261000951131186,-3.5863146781921387,2.139696472184003,-16.118778228759766,-13.98153305053711,2.1372459729512534,1.8535089492797852,4.082283895895627
"{'osm_id': 354478308, 'osm_type': 'apartments'}",chennai_bld_000028,8,8,100.0,-0.25918686389923096,-1.0137873888015747,-0.7546003460884094,-0.4446401000022888,2.5232121793449833,-12.174489974975586,-11.112058639526367,1.062430739402771,1.4712061882019043,2.789989723273162
"{'osm_id': 354478384, 'osm_type': 'yes'}",chennai_bld_000029,4,4,100.0,-1.4247061014175415,-1.2733556032180786,0.15135052800178528,-0.4797552227973938,2.2198932827088718,-13.915221214294434,-14.388412475585938,-0.473191499710083,-0.7128744125366211,1.0815682434883944
"{'osm_id': 354478558, 'osm_type': 'yes'}",chennai_bld_000030,4,4,100.0,-1.962296962738037,-5.355863094329834,-3.393566131591797,-2.7732725143432617,1.227325100964112,-12.565313339233398,-12.78357219696045,-0.2182598114013672,0.7095413208007812,1.784609360492404
"{'osm_id': 354478654, 'osm_type': 'yes'}",chennai_bld_000031,2,2,100.0,-3.491088628768921,-6.0857086181640625,-2.5946199893951416,-2.5946199893951416,0.07486701011657715,-12.58533000946045,-13.731390953063965,-1.1460609436035156,-1.1460609436035156,2.1396875381469727
"{'osm_id': 354478746, 'osm_type': 'apartments'}",chennai_bld_000032,7,7,100.0,-3.1716270446777344,-2.515519278390067,0.6561077662876674,0.07198786735534668,3.8039081478466428,-12.809385027204241,-11.354973929268974,1.4544110979352678,1.9169654846191406,3.413863768597635
"{'osm_id': 354478754, 'osm_type': 'apartments'}",chennai_bld_000033,4,4,100.0,-0.8820018768310547,-2.956371784210205,-2.0743699073791504,-1.6031827926635742,2.608592082746248,-11.839052200317383,-13.63649845123291,-1.7974464893341064,-1.5822539329528809,0.7732755790237917
"{'osm_id': 354478802, 'osm_type': 'apartments'}",chennai_bld_000034,6,6,100.0,-2.816595713297526,-2.7762813568115234,0.040314277013142906,0.8966573476791382,2.6345970841569906,-9.714027404785156,-10.588352839152018,-0.8743259112040201,-0.716162919998169,1.5863911574032665
"{'osm_id': 354478839, 'osm_type': 'apartments'}",chennai_bld_000035,11,11,100.0,-0.595834341916171,-1.4100114648992366,-0.8141771663318981,0.10191631317138672,2.6369647004100956,-9.291118275035512,-9.483957464044744,-0.1928403594277122,-0.15856313705444336,1.991390210545318
"{'osm_id': 354518339, 'osm_type': 'yes'}",chennai_bld_000036,9,9,100.0,-5.407819535997179,-5.198760138617621,0.2090592384338379,-0.6925821304321289,3.2182638465403373,-13.507439507378471,-11.598953247070312,1.9084862603081598,1.7098827362060547,3.4324562872272826
"{'osm_id': 354518355, 'osm_type': 'yes'}",chennai_bld_000037,10,10,100.0,-5.280048751831055,-6.421939849853516,-1.1418912887573243,-1.221510410308838,2.8661049325175245,-14.648135375976562,-13.972747802734375,0.6753883361816406,0.9847064018249512,2.7110367011318215
"{'osm_id': 354518364, 'osm_type': 'yes'}",chennai_bld_000038,8,8,100.0,3.2486727237701416,1.7884111404418945,-1.460261344909668,-1.3245011568069458,2.084678717109831,-13.79602336883545,-14.454107284545898,-0.6580842733383179,-0.5639581680297852,3.6620358930951693
"{'osm_id': 354518464, 'osm_type': 'yes'}",chennai_bld_000039,4,4,100.0,-4.438924312591553,-4.215342998504639,0.22358131408691406,0.6016087532043457,3.4556785094883846,-14.729169845581055,-17.987701416015625,-3.258533000946045,-4.337276935577393,4.366350250600769
"{'osm_id': 354518478, 'osm_type': 'yes'}",chennai_bld_000040,4,4,100.0,-4.521686553955078,-8.397619247436523,-3.8759329319000244,-4.164247035980225,3.6723695008534243,-9.885926246643066,-10.973919868469238,-1.087993860244751,-0.6212320327758789,3.2117806345033455
"{'osm_id': 354518485, 'osm_type': 'yes'}",chennai_bld_000041,2,2,100.0,-1.3702284097671509,-2.3117170333862305,-0.9414888620376587,-0.9414888620376587,3.441759467124939,-13.116510391235352,-11.865215301513672,1.2512941360473633,1.2512941360473633,0.006199836730957031
"{'osm_id': 354518495, 'osm_type': 'yes'}",chennai_bld_000042,6,6,100.0,3.9735323588053384,1.626183032989502,-2.347349007924398,-0.7930010557174683,5.413618446737437,-7.9858957926432295,-6.9516143798828125,1.034281889597575,1.953492522239685,4.350421479209447
"{'osm_id': 354518512, 'osm_type': 'yes'}",chennai_bld_000043,5,5,100.0,6.718180084228516,6.175903701782227,-0.5422762870788574,0.33733558654785156,2.5939599535534974,-10.948609924316406,-10.552244567871094,0.39636669158935545,-0.20001983642578125,1.754673286078118
"{'osm_id': 354518531, 'osm_type': 'yes'}",chennai_bld_000044,2,2,100.0,-4.712728977203369,-3.448620080947876,1.2641088962554932,1.2641088962554932,0.1458437442779541,-11.402347564697266,-17.30199432373047,-5.8996453285217285,-5.8996453285217285,0.6447710990905762
"{'osm_id': 354518590, 'osm_type': 'yes'}",chennai_bld_000045,4,4,100.0,-0.7791654467582703,-4.082965850830078,-3.303800344467163,-2.8520114421844482,2.2281056179591743,-9.36279296875,-10.848809242248535,-1.486016035079956,-1.3001248836517334,2.232718883878833
"{'osm_id': 354518701, 'osm_type': 'yes'}",chennai_bld_000046,1,1,100.0,-2.138371706008911,-1.0916000604629517,1.0467716455459595,1.0467716455459595,0.0,-10.603330612182617,-13.820709228515625,-3.217378616333008,-3.217378616333008,0.0
"{'osm_id': 354518852, 'osm_type': 'yes'}",chennai_bld_000047,4,4,100.0,1.655346155166626,0.48479336500167847,-1.1705527305603027,-2.039346694946289,1.8382368252191004,-12.31667423248291,-13.170812606811523,-0.8541380167007446,-1.5453643798828125,3.6527664107505977
"{'osm_id': 354518926, 'osm_type': 'yes'}",chennai_bld_000048,6,6,100.0,-4.1073455810546875,-3.4584423700968423,0.6489033699035645,1.5427179336547852,2.817171960657601,-12.242865244547525,-14.226857503255209,-1.983992099761963,-0.36849021911621094,3.6216992152581877
"{'osm_id': 354518932, 'osm_type': 'yes'}",chennai_bld_000049,6,6,100.0,-8.95318603515625,-8.204701741536459,0.7484842936197916,0.23533248901367188,2.9688194462543187,-12.922821044921875,-12.67461903889974,0.2482015291849772,0.03029012680053711,2.088587183326316
"{'osm_id': 354518954, 'osm_type': 'yes'}",chennai_bld_000050,3,3,100.0,-2.987166404724121,-2.3368800481160483,0.6502865155537924,-1.2173795700073242,2.8145184156537697,-11.388542175292969,-12.486437479654947,-1.0978949864705403,-0.9990673065185547,0.5925095837405256
"{'osm_id': 354519002, 'osm_type': 'yes'}",chennai_bld_000051,2,2,100.0,-6.0555806159973145,-8.318132400512695,-2.262551784515381,-2.262551784515381,3.525550365447998,-13.882932662963867,-13.917943954467773,-0.03501129150390625,-0.03501129150390625,2.017465591430664
"{'osm_id': 354519032, 'osm_type': 'yes'}",chennai_bld_000052,7,7,100.0,4.764619009835379,3.821758270263672,-0.9428606033325195,-1.7657461166381836,1.3067975178979174,-13.41208975655692,-15.144253322056361,-1.7321626118251257,-3.126126289367676,3.5242515369801755
"{'osm_id': 354519194, 'osm_type': 'yes'}",chennai_bld_000053,3,3,100.0,3.95151424407959,2.0599486033121743,-1.8915656407674153,2.1925582885742188,6.122506239537192,-13.804999033610025,-11.43890380859375,2.3660949071248374,2.359630584716797,0.3860734704519437
"{'osm_id': 354519251, 'osm_type': 'yes'}",chennai_bld_000054,4,4,100.0,-2.6918516159057617,-3.7635254859924316,-1.07167387008667,-1.3258253335952759,1.5786737324850757,-11.061088562011719,-13.709213256835938,-2.648125171661377,-2.8647308349609375,2.449767102389764
"{'osm_id': 354519319, 'osm_type': 'yes'}",chennai_bld_000055,4,4,100.0,-0.6652142405509949,-1.6156482696533203,-0.9504339694976807,-1.2461767196655273,1.1350471354379095,-12.516133308410645,-12.463220596313477,0.052911996841430664,-0.5594758987426758,1.8309899579351956
"{'osm_id': 354519392, 'osm_type': 'yes'}",chennai_bld_000056,2,2,100.0,0.26707422733306885,-5.116975784301758,-5.384049415588379,-5.384049415588379,1.594614267349261,-9.79198169708252,-10.3516845703125,-0.5597021579742432,-0.5597021579742432,1.2982637882232666
"{'osm_id': 354519396, 'osm_type': 'yes'}",chennai_bld_000057,7,7,100.0,5.072164263044085,3.505858830043248,-1.566305160522461,-1.0889806747436523,1.5533972102602518,-10.315658569335938,-13.014636448451451,-2.6989778791155135,-3.5230369567871094,2.1757825936541737
"{'osm_id': 354519399, 'osm_type': 'yes'}",chennai_bld_000058,6,6,100.0,-3.722693761189779,-4.483717600504558,-0.7610236803690592,-0.4404902458190918,2.1453669246459546,-14.394357045491537,-12.625226338704428,1.769131024678548,1.137932300567627,2.371583437035384
"{'osm_id': 354519410, 'osm_type': 'apartments'}",chennai_bld_000059,4,4,100.0,-3.5559680461883545,-0.7737886905670166,2.782179355621338,2.283531665802002,3.0330109103661225,-12.98265552520752,-10.78284740447998,2.1998085975646973,1.7031991481781006,2.770558727582314
"{'osm_id': 354519414, 'osm_type': 'apartments'}",chennai_bld_000060,5,5,100.0,-0.05829887390136719,0.1974550247192383,0.2557538032531738,0.5594049692153931,1.9348260378177051,-13.391896057128907,-12.53403549194336,0.8578605651855469,0.6234455108642578,2.043019766232921
"{'osm_id': 354519421, 'osm_type': 'yes'}",chennai_bld_000061,7,7,100.0,2.3834727151053294,2.4180330548967635,0.034560203552246094,-0.3239169120788574,3.235593917158346,-13.118779863630023,-12.808571951729911,0.3102076394217355,0.47063732147216797,3.61573372701726
"{'osm_id': 354519464, 'osm_type': 'commercial'}",chennai_bld_000062,16,16,100.0,8.201898574829102,9.627392768859863,1.4254939556121826,0.5193576812744141,3.085411391147121,-11.321619987487793,-11.392965316772461,-0.07134544849395752,-0.14503955841064453,3.9632977638305067
"{'osm_id': 354519492, 'osm_type': 'yes'}",chennai_bld_000063,25,25,100.0,-5.4184716796875,-5.530153198242187,-0.11168227195739747,0.0024652481079101562,3.6684044672324587,-13.62621337890625,-13.09544677734375,0.5307659912109375,0.72918701171875,3.3387461982180686
"{'osm_id': 354519498, 'osm_type': 'yes'}",chennai_bld_000064,6,6,100.0,-0.8501917521158854,-1.5180602073669434,-0.6678682168324789,-1.1608314514160156,5.072400586104897,-12.669817606608072,-12.749560038248697,-0.0797411600748698,0.09778547286987305,2.406382738861032
"{'osm_id': 354519524, 'osm_type': 'apartments'}",chennai_bld_000065,5,5,100.0,1.2658025741577148,-0.9014833450317383,-2.167285919189453,-2.421231985092163,2.1031075038676232,-12.036111450195312,-10.762409210205078,1.2737028121948242,0.5012645721435547,1.4977552814738868
"{'osm_id': 354539723, 'osm_type': 'yes'}",chennai_bld_000066,7,7,100.0,-3.7128075190952847,-4.901650565011161,-1.1888431821550642,-1.1888108253479004,2.318464881757075,-9.518199375697545,-9.945382254464286,-0.4271831512451172,-0.5234031677246094,3.4097914282782513
"{'osm_id': 354539731, 'osm_type': 'yes'}",chennai_bld_000067,9,9,100.0,-5.702359517415364,-6.178247663709852,-0.4758878813849555,0.3739023208618164,3.0256679773947894,-10.434647454155815,-10.046100192599827,0.3885471026102702,0.40960025787353516,2.3825918577018563
"{'osm_id': 354539734, 'osm_type': 'yes'}",chennai_bld_000068,10,10,100.0,-3.2578121185302735,-4.20134162902832,-0.9435295104980469,-1.4547979831695557,2.328647168818755,-11.056497955322266,-11.685514831542969,-0.6290154933929444,-0.12194442749023438,2.225626885308965
"{'osm_id': 354539738, 'osm_type': 'commercial'}",chennai_bld_000069,7,7,100.0,-1.9139743532453264,-4.506649562290737,-2.592675345284598,-3.7723705768585205,2.74470748495212,-8.140706198556083,-10.530417306082589,-2.3897108350481306,-1.9710516929626465,2.71619328725977
"{'osm_id': 354539742, 'osm_type': 'yes'}",chennai_bld_000070,8,8,100.0,-5.806838035583496,-6.696102142333984,-0.8892641663551331,-0.31191277503967285,2.084384790942655,-13.58826732635498,-12.682782173156738,0.9054850339889526,0.2738652229309082,2.4236624124726927
"{'osm_id': 354539745, 'osm_type': 'yes'}",chennai_bld_000071,5,5,100.0,1.0238669395446778,-1.2185844421386718,-2.242451477050781,-3.1066997051239014,2.2543945211075203,-8.013638305664063,-7.448658752441406,0.5649797439575195,0.5837850570678711,1.212018212971694
"{'osm_id': 354539749, 'osm_type': 'yes'}",chennai_bld_000072,12,12,100.0,-3.8625310262044272,-4.8004655838012695,-0.9379348754882812,-0.593734622001648,2.9385523125781665,-10.942283630371094,-10.367151896158854,0.5751316150029501,1.0015389919281006,2.787022159963829
"{'osm_id': 354539755, 'osm_type': 'yes'}",chennai_bld_000073,7,7,100.0,-3.1136817932128906,-3.7133680071149553,-0.5996862820216587,-2.11917781829834,4.315360997966813,-10.267187935965401,-9.597184317452568,0.6700025967189244,1.390486717224121,2.670415697838995
"{'osm_id': 354539759, 'osm_type': 'yes'}",chennai_bld_000074,9,9,100.0,3.248044967651367,0.6468267440795898,-2.6012181176079645,-2.7463483810424805,3.258899877341985,-6.3891711764865455,-7.260484483506945,-0.8713134129842123,-0.20157718658447266,2.585134259887405
"{'osm_id': 354539764, 'osm_type': 'yes'}",chennai_bld_000075,6,6,100.0,0.2640821933746338,-0.837745189666748,-1.1018274625142415,0.4027746319770813,3.8440552782965733,-10.951671600341797,-11.091224670410156,-0.13955307006835938,0.44939398765563965,2.524267943830386
"{'osm_id': 354539771, 'osm_type': 'yes'}",chennai_bld_000076,11,11,100.0,-6.470774563876065,-7.709484447132457,-1.238709883256392,-1.3989672660827637,4.131846881877196,-11.88746504350142,-10.81279130415483,1.0746728723699397,0.5741710662841797,2.87749446811604
"{'osm_id': 354539778, 'osm_type': 'yes'}",chennai_bld_000077,3,3,100.0,2.9065284729003906,4.368768692016602,1.462240219116211,0.6221146583557129,1.7356583242703478,-10.240903854370117,-8.22519302368164,2.015710989634196,2.0833845138549805,1.3123801002305693
"{'osm_id': 354539781, 'osm_type': 'yes'}",chennai_bld_000078,2,2,100.0,5.571022987365723,4.051415920257568,-1.5196067094802856,-1.5196067094802856,1.0215123891830444,-13.671405792236328,-11.824793815612793,1.8466119766235352,1.8466119766235352,2.155580520629883
"{'osm_id': 354539785, 'osm_type': 'yes'}",chennai_bld_000079,2,2,100.0,-3.022618293762207,-2.384275436401367,0.6383428573608398,0.6383428573608398,4.117846488952637,-16.51641082763672,-16.32125473022461,0.1951580047607422,0.1951580047607422,5.260257720947266
"{'osm_id': 354539787, 'osm_type': 'yes'}",chennai_bld_000080,2,2,100.0,-4.203574180603027,-4.19992208480835,0.0036519765853881836,0.0036519765853881836,2.2619708776474,-13.455906867980957,-10.730494499206543,2.725412368774414,2.725412368774414,0.6294412612915039
"{'osm_id': 354539792, 'osm_type': 'yes'}",chennai_bld_000081,6,6,100.0,-2.2022884686787925,-2.548229376475016,-0.3459409872690837,-1.3747999668121338,2.2277451811885114,-10.376763025919596,-11.592267354329428,-1.2155041694641113,-1.2948265075683594,2.21749562231812
"{'osm_id': 354539794, 'osm_type': 'yes'}",chennai_bld_000082,7,7,100.0,-1.8510494232177734,-1.9557770320347376,-0.10472777911594935,0.03360098600387573,2.0803829303163153,-12.205691746303014,-13.777457101004464,-1.5717664446149553,-1.9685335159301758,1.7905193683838505
"{'osm_id': 354539797, 'osm_type': 'yes'}",chennai_bld_000083,6,6,100.0,-9.047266642252604,-8.37956428527832,0.6677024364471436,-0.21082115173339844,3.2437890248734997,-15.14245859781901,-14.740280151367188,0.40217844645182294,1.0134515762329102,2.529552853039789
"{'osm_id': 354539799, 'osm_type': 'yes'}",chennai_bld_000084,4,4,100.0,7.092341423034668,8.511353492736816,1.4190118312835693,1.3059172630310059,2.0294796688132966,-11.607120513916016,-18.475746154785156,-6.868626594543457,-1.6888041496276855,10.072340330703073
"{'osm_id': 354539805, 'osm_type': 'yes'}",chennai_bld_000085,4,4,100.0,0.9760141372680664,-3.718665838241577,-4.6946797370910645,-4.21837043762207,4.854632141764761,-7.83381462097168,-9.415095329284668,-1.5812804698944092,-2.402878999710083,1.5499995184303206
"{'osm_id': 354539807, 'osm_type': 'yes'}",chennai_bld_000086,2,2,100.0,-3.4133458137512207,-2.5571935176849365,0.8561521768569946,0.8561521768569946,1.0358678102493286,-10.067940711975098,-9.71922779083252,0.348712682723999,0.348712682723999,2.330005407333374
"{'osm_id': 354539810, 'osm_type': 'yes'}",chennai_bld_000087,2,2,100.0,7.07694673538208,5.606629371643066,-1.4703171253204346,-1.4703171253204346,0.17304015159606934,-9.252222061157227,-11.32595443725586,-2.0737318992614746,-2.0737318992614746,3.418086528778076
"{'osm_id': 354539822, 'osm_type': 'yes'}",chennai_bld_000088,2,2,100.0,-3.766787052154541,-9.396554946899414,-5.629768371582031,-5.629768371582031,1.857310533523575,-11.380777359008789,-14.885194778442383,-3.504417896270752,-3.504417896270752,3.1210780143737793
"{'osm_id': 354539825, 'osm_type': 'yes'}",chennai_bld_000089,4,4,100.0,-6.695066928863525,-6.745965957641602,-0.05089902877807617,-0.9843981266021729,4.137927646120506,-11.35683822631836,-11.324727058410645,0.032111406326293945,-1.1299095153808594,2.7340485315974403
"{'osm_id': 354539828, 'osm_type': 'yes'}",chennai_bld_000090,3,3,100.0,3.499910354614258,5.408353169759114,1.9084428151448567,2.9805374145507812,2.166099899292629,-11.518455505371094,-19.97345479329427,-8.454998652140299,-1.2680978775024414,11.163244371279632
"{'osm_id': 354539832, 'osm_type': 'yes'}",chennai_bld_000091,4,4,100.0,-2.6040849685668945,-2.6554157733917236,-0.05133092403411865,1.4200888872146606,3.4972514193255186,-13.311302185058594,-13.867673873901367,-0.5563716888427734,-0.7625842094421387,1.6033183880922435
"{'osm_id': 354539839, 'osm_type': 'hospital'}",chennai_bld_000092,6,6,100.0,4.943794250488281,3.320901870727539,-1.6228922208150227,-1.2600704431533813,2.5540095161821577,-8.301650365193685,-9.178269704182943,-0.8766189416249593,-0.9369597434997559,1.2515203520467109
"{'osm_id': 354539842, 'osm_type': 'yes'}",chennai_bld_000093,8,8,100.0,-3.3948824405670166,-5.18244743347168,-1.7875651121139526,-1.4288058280944824,1.2019654484941598,-9.804237365722656,-11.414881706237793,-1.6106443405151367,-1.3272366523742676,2.594270041118121
"{'osm_id': 354539851, 'osm_type': 'yes'}",chennai_bld_000094,5,5,100.0,-2.7365432739257813,-2.28069953918457,0.4558436393737793,-0.2986844480037689,3.7330983664140427,-12.20184326171875,-11.381307983398438,0.8205348968505859,0.5560321807861328,1.7716882210429008
"{'osm_id': 354539857, 'osm_type': 'yes'}",chennai_bld_000095,4,4,100.0,-1.0377893447875977,-3.2868494987487793,-2.2490601539611816,-1.8712667226791382,2.3115677735231133,-9.621478080749512,-9.3805570602417,0.2409212589263916,-0.05875873565673828,0.6869923732520804
"{'osm_id': 354539859, 'osm_type': 'yes'}",chennai_bld_000096,2,2,100.0,-1.2593917846679688,-1.8616163730621338,-0.602224588394165,-0.602224588394165,1.3532252311706543,-11.460652351379395,-12.150959968566895,-0.6903076171875,-0.6903076171875,0.4339447021484375
"{'osm_id': 354539865, 'osm_type': 'yes'}",chennai_bld_000097,4,4,100.0,4.361492156982422,2.5832462310791016,-1.7782460451126099,-1.6871039867401123,1.042086974464107,-11.464282989501953,-11.104952812194824,0.3593299388885498,0.35558032989501953,0.6523763696200652
"{'osm_id': 354539874, 'osm_type': 'yes'}",chennai_bld_000098,1,1,100.0,-0.48783186078071594,0.0742945522069931,0.5621263980865479,0.5621263980865479,0.0,-11.720427513122559,-12.147201538085938,-0.4267740249633789,-0.4267740249633789,0.0
"{'osm_id': 354539878, 'osm_type': 'yes'}",chennai_bld_000099,4,4,100.0,-3.0319085121154785,-4.290887355804443,-1.2589788436889648,-1.7768113613128662,1.0811887484864937,-10.22193431854248,-10.575745582580566,-0.35381126403808594,-0.3818960189819336,1.2122463190462665
"{'osm_id': 354539881, 'osm_type': 'yes'}",chennai_bld_000100,4,4,100.0,-6.375567436218262,-5.842415809631348,0.5331525802612305,0.06908059120178223,1.3025622692695753,-13.5272798538208,-10.071623802185059,3.4556565284729004,4.896900653839111,3.451177694596669
"{'osm_id': 354539882, 'osm_type': 'yes'}",chennai_bld_000101,4,4,100.0,-2.674445867538452,-5.671780586242676,-2.9973347187042236,-2.8560595512390137,1.767607754502097,-11.262561798095703,-10.644007682800293,0.6185543537139893,1.0626087188720703,1.1099655881590975
"{'osm_id': 354539884, 'osm_type': 'yes'}",chennai_bld_000102,4,4,100.0,-2.9278602600097656,-3.988783597946167,-1.060923457145691,-0.6720013618469238,1.706857073630455,-12.386648178100586,-11.864870071411133,0.5217781066894531,0.392606258392334,0.9279934398512405
"{'osm_id': 354539885, 'osm_type': 'yes'}",chennai_bld_000103,5,5,100.0,-0.26863250732421873,-2.3699756622314454,-2.1013431549072266,-2.082502841949463,3.7792180228442787,-5.643614196777344,-6.653768157958984,-1.010153579711914,-0.9373345375061035,2.7412585151264124
"{'osm_id': 354539886, 'osm_type': 'yes'}",chennai_bld_000104,3,3,100.0,-3.6670010884602866,-5.439621607462565,-1.7726202011108398,-0.7816011905670166,3.0077359309972267,-12.612167358398438,-11.266405741373697,1.3457619349161785,1.6727781295776367,2.89698896724568
"{'osm_id': 354539890, 'osm_type': 'yes'}",chennai_bld_000105,6,6,100.0,-6.8501332600911455,-5.629441579182942,1.220691204071045,1.3071198463439941,3.2237401678194884,-13.086297353108725,-12.278143564860025,0.8081531524658203,0.3416404724121094,2.4551759843119934
"{'osm_id': 354539892, 'osm_type': 'yes'}",chennai_bld_000106,4,4,100.0,5.149164199829102,5.7620344161987305,0.6128700971603394,0.661144495010376,0.5078542168249475,-9.426809310913086,-11.229547500610352,-1.802739143371582,-2.2228360176086426,1.1393624374952787
"{'osm_id': 354539899, 'osm_type': 'yes'}",chennai_bld_000107,2,2,100.0,3.810908555984497,0.9936696290969849,-2.8172388076782227,-2.8172388076782227,0.6751626729965315,-5.799461364746094,-9.176420211791992,-3.3769593238830566,-3.3769593238830566,2.508607864379883
"{'osm_id': 354539901, 'osm_type': 'yes'}",chennai_bld_000108,7,7,100.0,0.31564630780901226,-0.13321999141148158,-0.44886626516069683,-0.2714657783508301,1.5824044266002764,-9.492627825055804,-10.199175153459821,-0.7065483501979283,0.4179239273071289,2.955891647405443
"{'osm_id': 354539907, 'osm_type': 'yes'}",chennai_bld_000109,4,4,100.0,-0.7159463167190552,-2.7165822982788086,-2.000636100769043,-1.9299421310424805,2.181359702700355,-13.866460800170898,-12.864800453186035,1.001659870147705,1.30806303024292,0.8513965417473677
"{'osm_id': 354539911, 'osm_type': 'yes'}",chennai_bld_000110,6,6,100.0,-0.9198896090189616,-5.3515065511067705,-4.43161678314209,-4.570552349090576,2.1007641296525197,-11.090202331542969,-12.344820658365885,-1.2546197573343914,-0.5480422973632812,2.5476285937237515
"{'osm_id': 354539914, 'osm_type': 'yes'}",chennai_bld_000111,4,4,100.0,-4.00730037689209,-3.636981725692749,0.37031877040863037,0.16922450065612793,2.4675289174440542,-12.148191452026367,-10.903656005859375,1.2445342540740967,1.8667945861816406,3.3067670150662036
"{'osm_id': 354539915, 'osm_type': 'yes'}",chennai_bld_000112,3,3,100.0,-6.259768803914388,-5.532840092976888,0.7269283930460612,0.8298373222351074,1.7138045745830712,-13.840059916178385,-10.399058024088541,3.441001574198405,3.326601028442383,1.5829834541446803
"{'osm_id': 354539918, 'osm_type': 'yes'}",chennai_bld_000113,6,6,100.0,-0.06116437911987305,1.1931697527567546,1.2543341318766277,1.4853745698928833,4.184984044275628,-11.921492258707682,-10.947704315185547,0.9737860361735026,0.7134709358215332,2.240899031187658
"{'osm_id': 354539924, 'osm_type': 'yes'}",chennai_bld_000114,4,4,100.0,-4.491354942321777,-3.3016562461853027,1.1896989345550537,1.043887734413147,1.2364788017867396,-12.580747604370117,-11.866704940795898,0.7140425443649292,0.348712682723999,4.1540155806646055
"{'osm_id': 354539935, 'osm_type': 'yes'}",chennai_bld_000115,4,4,100.0,-4.64419412612915,-5.478031635284424,-0.8338378667831421,-0.9262447357177734,2.662670398460692,-14.462023735046387,-14.698922157287598,-0.23689794540405273,-0.7833251953125,5.027830776231374
"{'osm_id': 354539939, 'osm_type': 'yes'}",chennai_bld_000116,4,4,100.0,-1.768728494644165,-0.16578930616378784,1.602939248085022,1.1791448593139648,1.6282374216186302,-14.778800010681152,-11.221267700195312,3.55753231048584,4.332513809204102,1.8138525438198554
"{'osm_id': 354539943, 'osm_type': 'yes'}",chennai_bld_000117,2,2,100.0,-1.2846499681472778,-2.715830087661743,-1.4311802387237549,-1.4311802387237549,1.8899895995855331,-13.127228736877441,-14.544678688049316,-1.417449951171875,-1.417449951171875,0.2349395751953125
"{'osm_id': 354539947, 'osm_type': 'yes'}",chennai_bld_000118,4,4,100.0,-1.8906407356262207,-2.421757698059082,-0.5311170220375061,0.25797271728515625,2.3925667042685124,-9.82724666595459,-10.873889923095703,-1.0466424226760864,-0.6063311100006104,2.377380686285566
"{'osm_id': 354539987, 'osm_type': 'yes'}",chennai_bld_000119,4,4,100.0,-6.732736587524414,-6.539985656738281,0.1927506923675537,0.8594136238098145,1.5692137868112987,-13.95846939086914,-13.079930305480957,0.8785398006439209,1.3036174774169922,2.052597808669769
"{'osm_id': 354539990, 'osm_type': 'yes'}",chennai_bld_000120,5,5,100.0,-5.118986129760742,-8.234568023681641,-3.115582084655762,-3.449979305267334,3.412721331418184,-13.13341827392578,-12.15879135131836,0.9746265411376953,1.6573238372802734,1.136149480917408
"{'osm_id': 354539995, 'osm_type': 'yes'}",chennai_bld_000121,4,4,100.0,-0.5249496698379517,-2.980790376663208,-2.455840826034546,-1.9213063716888428,1.286557264307994,-7.192132949829102,-7.885915756225586,-0.6937826871871948,-0.39545178413391113,1.1955736019819323
"{'osm_id': 354539999, 'osm_type': 'yes'}",chennai_bld_000122,3,3,100.0,-2.0965522130330405,-2.4370126724243164,-0.34046045939127606,-0.301929235458374,2.053672743712313,-9.03575070699056,-7.832150777180989,1.203600565592448,1.7751312255859375,1.1819593464753448
"{'osm_id': 354540001, 'osm_type': 'yes'}",chennai_bld_000123,2,2,100.0,2.572579860687256,-0.6216322183609009,-3.194211959838867,-3.194211959838867,2.0131868124008214,-7.442975044250488,-9.912763595581055,-2.4697890281677246,-2.4697890281677246,0.9532914161682129
"{'osm_id': 354540004, 'osm_type': 'yes'}",chennai_bld_000124,5,5,100.0,-3.9536666870117188,-4.279998016357422,-0.32633137702941895,-0.2669200897216797,1.6444319348724434,-9.280990600585938,-12.948614501953125,-3.6676239013671874,-4.17087459564209,2.9016336348480407
"{'osm_id': 354540007, 'osm_type': 'yes'}",chennai_bld_000125,3,3,100.0,7.838406880696614,4.588804562886556,-3.2496026357014975,-4.667768478393555,2.2361052124284146,-11.629185994466146,-16.02984873453776,-4.400663057963054,-5.403596878051758,2.8053082326175436
"{'osm_id': 354540009, 'osm_type': 'yes'}",chennai_bld_000126,2,2,100.0,2.71855092048645,0.02875518798828125,-2.689795732498169,-2.689795732498169,1.139324426651001,-11.357666015625,-11.530895233154297,-0.17322945594787598,-0.17322945594787598,2.547811269760132
"{'osm_id': 354540018, 'osm_type': 'yes'}",chennai_bld_000127,3,3,100.0,-4.177244186401367,-5.764573415120442,-1.5873289108276367,-0.7816011905670166,1.7238700691318334,-10.890960693359375,-10.750405629475912,0.14055442810058594,0.10847187042236328,1.2381656072853997
"{'osm_id': 354540021, 'osm_type': 'yes'}",chennai_bld_000128,2,2,100.0,-4.317194938659668,-7.56032133102417,-3.243126392364502,-3.243126392364502,0.20502173900607715,-9.25483226776123,-14.928781509399414,-5.673948764801025,-5.673948764801025,0.8493142127990723
"{'osm_id': 354540023, 'osm_type': 'yes'}",chennai_bld_000129,3,3,100.0,2.2045655250549316,0.3683149814605713,-1.8362504641215007,-1.648867130279541,1.3160311795623727,-14.274325052897135,-12.571348826090494,1.702975908915202,1.8172874450683594,0.24455249828504944
"{'osm_id': 354540026, 'osm_type': 'yes'}",chennai_bld_000130,6,6,100.0,-1.1559106508890789,-0.42861421902974445,0.7272964318593343,0.08023953437805176,5.410933256090285,-9.575162251790365,-10.59856923421224,-1.0234080950419109,-0.7445201873779297,2.6053253754750045
"{'osm_id': 354540030, 'osm_type': 'yes'}",chennai_bld_000131,5,5,100.0,-2.1482212066650392,0.3763850212097168,2.524606132507324,1.304983139038086,1.5400529572278951,-12.829458618164063,-10.817779541015625,2.0116790771484374,1.7035160064697266,3.71764086949177
"{'osm_id': 354540034, 'osm_type': 'yes'}",chennai_bld_000132,4,4,100.0,0.39706021547317505,-3.854678153991699,-4.25173807144165,-4.542534351348877,1.046320960032505,-8.986303329467773,-10.224666595458984,-1.2383639812469482,-1.2411556243896484,1.3306700517692769
"{'osm_id': 354540037, 'osm_type': 'yes'}",chennai_bld_000133,4,4,100.0,-2.69319486618042,-2.9748446941375732,-0.28165000677108765,0.27270007133483887,1.867587328433401,-10.204952239990234,-9.328371047973633,0.8765813112258911,0.8519458770751953,1.8020703171623826
"{'osm_id': 354540040, 'osm_type': 'yes'}",chennai_bld_000134,4,4,100.0,-4.204675674438477,-5.834904670715332,-1.630229115486145,-1.8452916145324707,3.3282566708013666,-12.53079891204834,-12.056280136108398,0.4745190143585205,1.0713186264038086,3.514948454606694
"{'osm_id': 354540043, 'osm_type': 'yes'}",chennai_bld_000135,3,3,100.0,-0.8318308194478353,-3.3747145334879556,-2.542883555094401,-2.7586402893066406,1.2030315394565605,-11.326777140299479,-11.060030619303385,0.26674620310465497,0.6119861602783203,0.9090495540608953
"{'osm_id': 354540048, 'osm_type': 'yes'}",chennai_bld_000136,4,4,100.0,-0.2280750870704651,0.2902090549468994,0.5182841420173645,0.43834030628204346,1.8595718209547485,-13.362510681152344,-12.349407196044922,1.0131042003631592,1.5788764953613281,2.4063604125764027
"{'osm_id': 354540052, 'osm_type': 'yes'}",chennai_bld_000137,3,3,100.0,-6.400805791219075,-8.677655537923178,-2.2768494288126626,-2.5341477394104004,1.9441310741381046,-13.46399180094401,-11.178250630696615,2.285740852355957,1.5538854598999023,2.2238910706065917
"{'osm_id': 354540058, 'osm_type': 'yes'}",chennai_bld_000138,2,2,100.0,3.8184609413146973,4.906580924987793,1.0881199836730957,1.0881199836730957,0.1241292953491211,-8.742386817932129,-11.219779968261719,-2.477393627166748,-2.477393627166748,0.3963017463684082
"{'osm_id': 354540060, 'osm_type': 'yes'}",chennai_bld_000139,4,4,100.0,-2.4426369667053223,-5.5569939613342285,-3.1143569946289062,-3.01289701461792,1.6528156831647411,-12.361499786376953,-13.110769271850586,-0.7492687702178955,-0.7792649269104004,0.711007153896943
"{'osm_id': 354540066, 'osm_type': 'yes'}",chennai_bld_000140,8,8,100.0,1.3230798244476318,-1.6352633237838745,-2.958343505859375,-2.2912445068359375,2.759409281027354,-10.983064651489258,-11.494070053100586,-0.5110064148902893,0.024656295776367188,2.29327792930589
"{'osm_id': 354540077, 'osm_type': 'yes'}",chennai_bld_000141,8,8,100.0,-6.982094764709473,-9.219572067260742,-2.2374773025512695,-2.2590837478637695,2.7163126840302922,-14.423910140991211,-14.365066528320312,0.05884349346160889,0.5715398788452148,2.340980808334459
"{'osm_id': 354540080, 'osm_type': 'yes'}",chennai_bld_000142,3,3,100.0,-3.7557290395100913,-2.409120241800944,1.3466087977091472,2.736359119415283,2.613303072295949,-9.920757293701172,-12.984814961751303,-3.064057985941569,-2.45481014251709,1.2982188298914124
"{'osm_id': 354540084, 'osm_type': 'yes'}",chennai_bld_000143,4,4,100.0,-4.231076717376709,-8.189165115356445,-3.9580883979797363,-4.315814018249512,0.91303589065811,-10.890594482421875,-10.983665466308594,-0.09307122230529785,-0.26073503494262695,1.3165623745106332
"{'osm_id': 354540090, 'osm_type': 'yes'}",chennai_bld_000144,3,3,100.0,9.995601654052734,7.055338541666667,-2.9402634302775064,-1.9907734394073486,2.2712197816819617,4.595566113789876,3.0489699045817056,-1.54659636815389,-2.4968299865722656,1.8454026586103052
"{'osm_id': 354540096, 'osm_type': 'yes'}",chennai_bld_000145,6,6,100.0,-4.310579617818196,-7.088900883992513,-2.7783209482828775,-3.357210159301758,1.4730686446054928,-12.179654439290365,-12.997411092122396,-0.8177563349405924,-0.8053073883056641,2.7425810720246804
"{'osm_id': 354540098, 'osm_type': 'yes'}",chennai_bld_000146,6,6,100.0,0.3392024040222168,-2.9672679901123047,-3.3064705530802407,-3.1108837127685547,2.357583765480029,-11.129765828450521,-10.797437032063803,0.33232959111531574,-0.19434642791748047,2.555947478053059
"{'osm_id': 354540104, 'osm_type': 'yes'}",chennai_bld_000147,5,5,100.0,-1.9739482879638672,-1.8174781799316406,0.1564701557159424,0.19547206163406372,2.6417313249566714,-14.968797302246093,-12.507304382324218,2.4614931106567384,5.113761901855469,4.377057340330598
"{'osm_id': 354570341, 'osm_type': 'yes'}",chennai_bld_000148,4,4,100.0,-5.564279556274414,-3.6290347576141357,1.9352447986602783,1.2242357730865479,2.079589168016772,-13.407807350158691,-13.144198417663574,0.2636086940765381,-0.03663349151611328,3.3770723430829652
"{'osm_id': 354570347, 'osm_type': 'yes'}",chennai_bld_000149,3,3,100.0,-2.231865723927816,-4.88572374979655,-2.653858025868734,-1.9702202081680298,1.6321067715097843,-12.009693145751953,-10.379254659016928,1.6304388046264648,0.6372451782226562,1.5142145006043164
"{'osm_id': 354570353, 'osm_type': 'yes'}",chennai_bld_000150,7,7,100.0,-4.155066353934152,-3.571547644478934,0.5835187775748116,0.7276461124420166,2.315387239482232,-11.779403686523438,-11.859259469168526,-0.0798565319606236,0.5732240676879883,3.8725737075727027
"{'osm_id': 354570358, 'osm_type': 'civic'}",chennai_bld_000151,11,11,100.0,0.18676868352023038,-1.3229158574884587,-1.5096844759854404,-0.6810855865478516,2.4928516332432658,-7.796938115900213,-6.825136358087713,0.9718015844171698,1.107254981994629,2.891071533475666
"{'osm_id': 354570363, 'osm_type': 'yes'}",chennai_bld_000152,2,2,100.0,-0.6489120721817017,-1.5092300176620483,-0.8603179454803467,-0.8603179454803467,1.0274207592010498,-12.21640396118164,-13.642337799072266,-1.4259343147277832,-1.4259343147277832,0.3278965950012207
"{'osm_id': 354570380, 'osm_type': 'yes'}",chennai_bld_000153,4,4,100.0,2.6482367515563965,-0.9875515699386597,-3.6357882022857666,-4.362441062927246,3.4606338134753414,-12.193347930908203,-11.398833274841309,0.7945148944854736,0.37897348403930664,2.9516761876271573
"{'osm_id': 354570384, 'osm_type': 'yes'}",chennai_bld_000154,2,2,100.0,-4.405169486999512,-1.1080323457717896,3.2971367835998535,3.2971367835998535,1.1572145223617616,-13.560903549194336,-11.723089218139648,1.8378138542175293,1.8378138542175293,1.900648593902588
"{'osm_id': 354570392, 'osm_type': 'yes'}",chennai_bld_000155,4,4,100.0,9.985343933105469,7.677210330963135,-2.308133840560913,-2.3806421756744385,2.589908819757212,-11.199509620666504,-12.375207901000977,-1.1756982803344727,-1.3865365982055664,1.2396374691175847
"{'osm_id': 354570397, 'osm_type': 'yes'}",chennai_bld_000156,1,1,100.0,6.222723007202148,3.108639717102051,-3.1140832901000977,-3.1140832901000977,0.0,-9.78569221496582,-14.27811050415039,-4.49241828918457,-4.49241828918457,0.0
"{'osm_id': 354570408, 'osm_type': 'yes'}",chennai_bld_000157,2,2,100.0,8.716310501098633,4.126199722290039,-4.590111255645752,-4.590111255645752,2.2527213096618652,-11.411563873291016,-12.812812805175781,-1.4012494087219238,-1.4012494087219238,3.8307976722717285
"{'osm_id': 354570411, 'osm_type': 'yes'}",chennai_bld_000158,2,2,100.0,-3.9218027591705322,-5.695390224456787,-1.7735874652862549,-1.7735874652862549,1.8658640384674072,-8.339668273925781,-11.306260108947754,-2.9665913581848145,-2.9665913581848145,3.01768159866333
"{'osm_id': 354570413, 'osm_type': 'yes'}",chennai_bld_000159,2,2,100.0,-3.916839122772217,-5.6099653244018555,-1.6931262016296387,-1.6931262016296387,0.12325000762939453,-6.900924205780029,-8.192985534667969,-1.2920613288879395,-1.2920613288879395,1.1411809921264648
"{'osm_id': 354570419, 'osm_type': 'yes'}",chennai_bld_000160,2,2,100.0,-2.039134979248047,-0.3951091468334198,1.6440260410308838,1.6440260410308838,0.372356653213501,-14.294267654418945,-14.231302261352539,0.06296491622924805,0.06296491622924805,0.15043973922729492
"{'osm_id': 354570427, 'osm_type': 'yes'}",chennai_bld_000161,3,3,100.0,-2.907314936319987,-3.422084172566732,-0.5147690773010254,-1.4974918365478516,2.0922817958998654,-11.575597127278646,-10.505274454752604,1.0703223546346028,1.776834487915039,1.0691537347111024
"{'osm_id': 354570430, 'osm_type': 'yes'}",chennai_bld_000162,4,4,100.0,2.0046634674072266,0.11642956733703613,-1.88823401927948,-0.9109339118003845,2.8189277330936795,-8.764508247375488,-10.285024642944336,-1.5205165147781372,-1.4051291942596436,1.890353925126671
"{'osm_id': 354570438, 'osm_type': 'yes'}",chennai_bld_000163,2,2,100.0,-1.8056851625442505,-5.955255508422852,-4.149570465087891,-4.149570465087891,0.7553312778473277,-12.72225284576416,-12.401921272277832,0.3203315734863281,0.3203315734863281,0.3169136047363281
"{'osm_id': 354570444, 'osm_type': 'yes'}",chennai_bld_000164,4,4,100.0,-1.7229520082473755,-0.44685012102127075,1.27610182762146,1.6403532028198242,1.9944957433827817,-13.760536193847656,-12.721158027648926,1.0393779277801514,1.0844731330871582,1.6005625313941785
"{'osm_id': 354570454, 'osm_type': 'yes'}",chennai_bld_000165,4,4,100.0,-0.708346962928772,-0.94142746925354,-0.23308050632476807,-0.2575429081916809,2.1016659504427535,-14.409996032714844,-14.904722213745117,-0.49472641944885254,1.7490215301513672,5.085473992284225
"{'osm_id': 354570474, 'osm_type': 'yes'}",chennai_bld_000166,2,2,100.0,-1.994474172592163,-4.87014102935791,-2.875666856765747,-2.875666856765747,1.6349555850029003,-11.661202430725098,-10.488980293273926,1.1722221374511719,1.1722221374511719,1.4333925247192383
"{'osm_id': 354570476, 'osm_type': 'yes'}",chennai_bld_000167,2,2,100.0,-6.007440090179443,-4.92678165435791,1.0806586742401123,1.0806586742401123,2.3215925693511963,-11.460354804992676,-11.73613166809082,-0.27577686309814453,-0.27577686309814453,2.4817237854003906
"{'osm_id': 354570491, 'osm_type': 'yes'}",chennai_bld_000168,1,1,100.0,0.1484183371067047,-8.66186237335205,-8.810280799865723,-8.810280799865723,0.0,-11.826236724853516,-10.795812606811523,1.0304241180419922,1.0304241180419922,0.0
"{'osm_id': 354570498, 'osm_type': 'yes'}",chennai_bld_000169,4,4,100.0,-3.052584409713745,-1.6602470874786377,1.3923373222351074,1.6001217365264893,1.7424317235972222,-12.408452987670898,-13.296883583068848,-0.8884315490722656,-0.7963399887084961,2.6666582581672524
"{'osm_id': 354570523, 'osm_type': 'yes'}",chennai_bld_000170,4,4,100.0,2.5826408863067627,-0.07767760753631592,-2.660318374633789,-2.6557297706604004,1.6376535736649074,-15.290285110473633,-14.39063835144043,0.8996458053588867,0.9202933311462402,5.2327886201567635
"{'osm_id': 354570527, 'osm_type': 'yes'}",chennai_bld_000171,4,4,100.0,0.26620131731033325,-1.9929099082946777,-2.2591114044189453,-0.3360498547554016,4.601470573614908,-9.79092788696289,-8.931615829467773,0.8593125343322754,0.888922929763794,3.6811202743036375
"{'osm_id': 354570532, 'osm_type': 'yes'}",chennai_bld_000172,2,2,100.0,-5.331496238708496,-5.117917060852051,0.21357929706573486,0.21357929706573486,1.616245150566101,-8.719257354736328,-14.136634826660156,-5.417377948760986,-5.417377948760986,0.08255147933959961
"{'osm_id': 354570537, 'osm_type': 'yes'}",chennai_bld_000173,5,5,100.0,-2.2982915878295898,-3.5832618713378905,-1.2849703788757325,-1.4974918365478516,2.428839374596016,-10.954940032958984,-10.451918029785157,0.5030214309692382,1.4082527160644531,1.5499259211498513
"{'osm_id': 354570541, 'osm_type': 'yes'}",chennai_bld_000174,2,2,100.0,4.214325904846191,3.5857815742492676,-0.6285444498062134,-0.6285444498062134,3.16138756275177,-8.970182418823242,-6.89299201965332,2.07719087600708,2.07719087600708,3.517280101776123
"{'osm_id': 354570545, 'osm_type': 'yes'}",chennai_bld_000175,4,4,100.0,-0.17081043124198914,-1.966639757156372,-1.79582941532135,-1.133111596107483,3.351382530828973,-10.905341148376465,-13.099549293518066,-2.1942083835601807,-2.4454479217529297,2.3589764263679687
"{'osm_id': 354570549, 'osm_type': 'yes'}",chennai_bld_000176,4,4,100.0,-2.0027873516082764,-3.2935986518859863,-1.2908110618591309,-2.395493984222412,2.552056553900231,-11.229860305786133,-13.226938247680664,-1.9970781803131104,-1.14927339553833,2.144122113887071
"{'osm_id': 354570557, 'osm_type': 'yes'}",chennai_bld_000177,2,2,100.0,-3.0416595935821533,-3.227787733078003,-0.18612825870513916,-0.18612825870513916,3.2513123750686646,-11.275508880615234,-12.339012145996094,-1.0635032653808594,-1.0635032653808594,0.8862438201904297
"{'osm_id': 354570573, 'osm_type': 'yes'}",chennai_bld_000178,4,4,100.0,-3.2424793243408203,-2.5865917205810547,0.6558874845504761,-0.9411963224411011,5.166724310705428,-14.08730697631836,-13.886017799377441,0.20128870010375977,-0.3660717010498047,1.8959948076889668
"{'osm_id': 354570577, 'osm_type': 'yes'}",chennai_bld_000179,4,4,100.0,3.2794198989868164,0.4145677983760834,-2.8648521900177,-3.8865861892700195,2.5426840667621615,-10.437931060791016,-10.951761245727539,-0.5138291120529175,-0.2885165214538574,1.906809092762566
"{'osm_id': 354570581, 'osm_type': 'yes'}",chennai_bld_000180,4,4,100.0,-0.19236168265342712,-2.4765777587890625,-2.2842164039611816,-1.9187487363815308,2.6175419591402656,-8.135563850402832,-7.018457889556885,1.117106556892395,1.315887212753296,1.0655389315427417
"{'osm_id': 354570586, 'osm_type': 'yes'}",chennai_bld_000181,4,4,100.0,3.547447681427002,0.4741787016391754,-3.0732691287994385,-3.75921630859375,3.7975002053400893,-9.831037521362305,-13.161870002746582,-3.33083176612854,-3.847270965576172,2.0944716469543843
"{'osm_id': 354570590, 'osm_type': 'yes'}",chennai_bld_000182,4,4,100.0,1.5135852098464966,-0.19186091423034668,-1.7054460048675537,-1.6902778148651123,1.1089405224216602,-12.199397087097168,-15.123223304748535,-2.9238264560699463,-2.978175163269043,3.08217094163965
"{'osm_id': 354570595, 'osm_type': 'yes'}",chennai_bld_000183,4,4,100.0,-5.24880313873291,-3.229008674621582,2.0197947025299072,1.9192687273025513,1.7928457011944374,-8.306522369384766,-9.404918670654297,-1.0983966588974,-1.4165961742401123,1.5352385541741869
"{'osm_id': 354570599, 'osm_type': 'yes'}",chennai_bld_000184,4,4,100.0,-1.3581724166870117,0.4044972062110901,1.7626694440841675,3.6245760917663574,5.450723211776553,-12.515127182006836,-12.528075218200684,-0.012948274612426758,-0.04503011703491211,1.6005047564884907
"{'osm_id': 354570603, 'osm_type': 'yes'}",chennai_bld_000185,4,4,100.0,-3.868032455444336,-2.7828681468963623,1.0851643085479736,1.0102424621582031,2.6122520818948183,-8.773042678833008,-9.418403625488281,-0.6453603506088257,-0.20288348197937012,1.7294639312478404
"{'osm_id': 354570607, 'osm_type': 'yes'}",chennai_bld_000186,4,4,100.0,-3.0391361713409424,-3.273505449295044,-0.23436933755874634,-0.9091834425926208,2.21266761069492,-14.77627944946289,-15.239822387695312,-0.46354246139526367,0.9489307403564453,3.2028443463479035
"{'osm_id': 354570611, 'osm_type': 'yes'}",chennai_bld_000187,3,3,100.0,-2.039443016052246,-3.574108123779297,-1.5346651077270508,-2.665940523147583,3.3688657000957316,-13.71456782023112,-15.729025522867838,-2.0144580205281577,-1.0616741180419922,1.379538401280627
"{'osm_id': 354570623, 'osm_type': 'yes'}",chennai_bld_000188,4,4,100.0,3.3518738746643066,1.4353269338607788,-1.9165470600128174,-1.801624059677124,1.2726786631154818,-11.79814338684082,-13.402398109436035,-1.6042547225952148,-1.102583408355713,1.6247986329720416
"{'osm_id': 354570631, 'osm_type': 'yes'}",chennai_bld_000189,4,4,100.0,0.8399849534034729,-1.468620777130127,-2.308605670928955,-2.5315074920654297,0.997973458764059,-11.273850440979004,-12.151874542236328,-0.8780250549316406,-1.14927339553833,1.9981051561525056
"{'osm_id': 354570634, 'osm_type': 'yes'}",chennai_bld_000190,2,2,100.0,-2.594949722290039,-4.152784824371338,-1.5578352212905884,-1.5578352212905884,0.48321306705474854,-9.783770561218262,-9.918829917907715,-0.13505935668945312,-0.13505935668945312,0.0965414047241211
"{'osm_id': 354570638, 'osm_type': 'yes'}",chennai_bld_000191,3,3,100.0,1.856967608133952,-0.5696530342102051,-2.4266204833984375,-4.140557765960693,3.100638757731678,-11.091004689534506,-12.897722880045572,-1.806718349456787,-2.581878185272217,2.3233955172418344
"{'osm_id': 354570654, 'osm_type': 'yes'}",chennai_bld_000192,2,2,100.0,1.527588129043579,-0.5581156015396118,-2.0857038497924805,-2.0857038497924805,1.3517369031906181,-10.98844051361084,-13.608057975769043,-2.619617462158203,-2.619617462158203,0.6698703765869141
"{'osm_id': 354570664, 'osm_type': 'yes'}",chennai_bld_000193,4,4,100.0,-2.725919246673584,-5.1713056564331055,-2.4453864097595215,-2.432854652404785,2.704148637189214,-12.599832534790039,-12.955540657043457,-0.3557088375091553,-1.0129270553588867,2.6392124989141155
"{'osm_id': 354570673, 'osm_type': 'yes'}",chennai_bld_000194,4,4,100.0,-0.9178633093833923,-3.5524768829345703,-2.634613513946533,-3.3525686264038086,2.1542606692562845,-9.202494621276855,-8.926196098327637,0.2762988805770874,0.014571428298950195,1.4770728581104038
"{'osm_id': 354570695, 'osm_type': 'yes'}",chennai_bld_000195,6,6,100.0,-3.6266441345214844,-3.601611773173014,0.025032202402750652,-1.0328612327575684,2.5262361378025497,-12.482269287109375,-13.855580647786459,-1.3733100891113281,-0.6790485382080078,3.5525040095935103
"{'osm_id': 354570702, 'osm_type': 'yes'}",chennai_bld_000196,2,2,100.0,0.20653750002384186,-2.697781562805176,-2.9043192863464355,-2.9043192863464355,2.3217177987098703,-13.118133544921875,-9.515643119812012,3.602489948272705,3.602489948272705,0.40216875076293945
"{'osm_id': 354570705, 'osm_type': 'yes'}",chennai_bld_000197,2,2,100.0,3.0826668739318848,0.4612770080566406,-2.621389865875244,-2.621389865875244,3.5016613006591797,-10.132059097290039,-8.62575912475586,1.5062992572784424,1.5062992572784424,0.2969181537628174
"{'osm_id': 354570717, 'osm_type': 'yes'}",chennai_bld_000198,6,6,100.0,-1.9685370127360027,-3.6466811498006186,-1.6781442960103352,-2.148852586746216,2.3849633642135326,-11.074408213297525,-13.907030741373697,-2.8326231638590493,-2.323452949523926,1.3954947126520931
"{'osm_id': 354570738, 'osm_type': 'yes'}",chennai_bld_000199,3,3,100.0,-2.6975558598836265,-1.1246631940205891,1.572892665863037,1.126326084136963,1.5740657661528066,-15.600474039713541,-12.670664469401041,2.929809888203939,2.567655563354492,1.6623386981819366
"{'osm_id': 354570740, 'osm_type': 'yes'}",chennai_bld_000200,4,4,100.0,-3.596597194671631,-2.9561595916748047,0.6404377818107605,0.6514140367507935,2.9022130159343997,-12.600118637084961,-11.916915893554688,0.6832034587860107,0.3010878562927246,1.9455281917530307
"{'osm_id': 354570743, 'osm_type': 'yes'}",chennai_bld_000201,2,2,100.0,-2.745926856994629,-6.441902160644531,-3.6959750652313232,-3.6959750652313232,3.455538034439087,-13.065860748291016,-14.02399730682373,-0.9581360816955566,-0.9581360816955566,0.5967669486999512
"{'osm_id': 354570749, 'osm_type': 'yes'}",chennai_bld_000202,2,2,100.0,-3.9934892654418945,-5.964237213134766,-1.9707480669021606,-1.9707480669021606,2.1105679273605347,-10.154926300048828,-12.723047256469727,-2.5681214332580566,-2.5681214332580566,0.003261089324951172
"{'osm_id': 354570752, 'osm_type': 'yes'}",chennai_bld_000203,4,4,100.0,-3.855203151702881,-4.354304313659668,-0.49910104274749756,-0.6822285652160645,2.047231669443724,-11.79641342163086,-11.736598014831543,0.0598142147064209,-0.39008378982543945,1.7323396473021992
"{'osm_id': 354570760, 'osm_type': 'yes'}",chennai_bld_000204,4,4,100.0,-3.3064117431640625,-2.0370430946350098,1.2693687677383423,1.3480064868927002,3.084013749258949,-12.864107131958008,-12.751543045043945,0.1125640869140625,-0.12604141235351562,0.5669652642040276
"{'osm_id': 354570768, 'osm_type': 'yes'}",chennai_bld_000205,2,2,100.0,2.0995988845825195,-3.5490951538085938,-5.648694038391113,-5.648694038391113,0.17406272888183594,-13.325604438781738,-11.991512298583984,1.334092617034912,1.334092617034912,0.5851101875305176
"{'osm_id': 354570771, 'osm_type': 'yes'}",chennai_bld_000206,2,2,100.0,-4.518547058105469,-3.8578529357910156,0.660693883895874,0.660693883895874,2.230570077896118,-9.477842330932617,-8.783025741577148,0.6948168277740479,0.6948168277740479,0.8456971645355225
"{'osm_id': 354570774, 'osm_type': 'yes'}",chennai_bld_000207,2,2,100.0,-3.4336609840393066,-2.440176486968994,0.9934844970703125,0.9934844970703125,0.9004909992218018,-11.480744361877441,-8.478099822998047,3.0026450157165527,3.0026450157165527,1.7387290000915527
"{'osm_id': 354570784, 'osm_type': 'yes'}",chennai_bld_000208,2,2,100.0,-3.685668468475342,-4.121525287628174,-0.43585681915283203,-0.43585681915283203,0.47922515869140625,-13.382797241210938,-14.712740898132324,-1.329944133758545,-1.329944133758545,5.27443265914917
"{'osm_id': 354570792, 'osm_type': 'yes'}",chennai_bld_000209,2,2,100.0,-7.056780815124512,-4.820404529571533,2.2363765239715576,2.2363765239715576,1.499882459640503,-15.920721054077148,-12.539145469665527,3.381575107574463,3.381575107574463,2.7002882957458496
"{'osm_id': 354570803, 'osm_type': 'yes'}",chennai_bld_000210,4,4,100.0,1.54720139503479,1.201424479484558,-0.34577685594558716,-0.4815370440483093,0.6938967913918614,-14.010345458984375,-12.105768203735352,1.9045772552490234,2.47346830368042,4.98488741039856
"{'osm_id': 354570810, 'osm_type': 'yes'}",chennai_bld_000211,1,1,100.0,1.8947583436965942,-1.1410479545593262,-3.035806179046631,-3.035806179046631,0.0,-19.752683639526367,-11.657868385314941,8.094815254211426,8.094815254211426,0.0
"{'osm_id': 354570816, 'osm_type': 'yes'}",chennai_bld_000212,4,4,100.0,-1.097611665725708,-4.114628791809082,-3.017017364501953,-2.604684352874756,2.2508732039465618,-10.79416275024414,-12.303855895996094,-1.5096944570541382,-2.727969169616699,4.6671392810894465
"{'osm_id': 354570817, 'osm_type': 'yes'}",chennai_bld_000213,4,4,100.0,-0.9025866985321045,-2.088062286376953,-1.1854757070541382,-1.00449538230896,0.9541897568020736,-14.123832702636719,-13.161449432373047,0.9623839855194092,0.8025722503662109,3.0584793982703107
"{'osm_id': 354570841, 'osm_type': 'yes'}",chennai_bld_000214,1,1,100.0,-5.0139994621276855,-4.957869052886963,0.056130409240722656,0.056130409240722656,0.0,-10.376944541931152,-9.641069412231445,0.735875129699707,0.735875129699707,0.0
"{'osm_id': 354570845, 'osm_type': 'yes'}",chennai_bld_000215,4,4,100.0,-1.956666350364685,-4.128354549407959,-2.1716883182525635,-3.075148820877075,3.886218399044035,-15.782102584838867,-11.85733699798584,3.924764633178711,3.4642505645751953,2.9392623716435056
"{'osm_id': 354570854, 'osm_type': 'yes'}",chennai_bld_000216,2,2,100.0,-5.518774509429932,-9.004435539245605,-3.4856607913970947,-3.4856607913970947,1.0151665210723877,-12.640124320983887,-14.63015079498291,-1.9900264739990234,-1.9900264739990234,1.675044059753418
"{'osm_id': 354570859, 'osm_type': 'yes'}",chennai_bld_000217,1,1,100.0,1.5463192462921143,4.559408187866211,3.0130889415740967,3.0130889415740967,0.0,-7.107996463775635,-5.154336929321289,1.9536595344543457,1.9536595344543457,0.0
"{'osm_id': 354570893, 'osm_type': 'yes'}",chennai_bld_000218,2,2,100.0,1.2681587934494019,-3.6181416511535645,-4.886300563812256,-4.886300563812256,2.4172593355178864,-14.710351943969727,-12.958345413208008,1.7520060539245605,1.7520060539245605,3.176506519317627
"{'osm_id': 354570896, 'osm_type': 'yes'}",chennai_bld_000219,1,1,100.0,-2.638019323348999,-4.346536159515381,-1.7085168361663818,-1.7085168361663818,0.0,-12.151022911071777,-13.01014518737793,-0.8591222763061523,-0.8591222763061523,0.0
"{'osm_id': 354570905, 'osm_type': 'yes'}",chennai_bld_000220,3,3,100.0,-1.247183879216512,-0.760307788848877,0.4868760903676351,1.5953972339630127,3.415158835230682,-10.252865473429361,-12.435193379720053,-2.182328224182129,0.5340766906738281,4.384880531456387
"{'osm_id': 354570909, 'osm_type': 'yes'}",chennai_bld_000221,6,6,100.0,-2.0370661417643228,-2.8203757603963218,-0.7833096981048584,-1.1665170192718506,2.1241955014329825,-12.161710103352865,-12.05010986328125,0.11159960428873698,0.36022233963012695,2.105653535150581
"{'osm_id': 354570915, 'osm_type': 'yes'}",chennai_bld_000222,6,6,100.0,-1.3097457885742188,-3.0685621897379556,-1.758816083272298,-1.6834447383880615,1.0599351408006064,-12.393470764160156,-13.826234181722006,-1.4327645301818848,-1.427107334136963,0.75357553782066
"{'osm_id': 354570918, 'osm_type': 'yes'}",chennai_bld_000223,4,4,100.0,-2.9993245601654053,-2.5365846157073975,0.46274006366729736,1.0552692413330078,1.9349191957768714,-13.974418640136719,-12.462383270263672,1.5120363235473633,2.5157690048217773,3.2058110706015936
"{'osm_id': 354570921, 'osm_type': 'yes'}",chennai_bld_000224,3,3,100.0,-1.1909583409627278,-2.699647903442383,-1.5086897214253743,-0.20863676071166992,1.8657216033188402,-16.185521443684895,-13.733460744222006,2.452061653137207,3.318598747253418,1.8146099609078805
"{'osm_id': 354570923, 'osm_type': 'yes'}",chennai_bld_000225,2,2,100.0,-1.1860418319702148,-1.4435847997665405,-0.2575429081916809,-0.2575429081916809,0.3035131096839905,-17.4472713470459,-15.056625366210938,2.390646457672119,2.390646457672119,1.2921061515808105
"{'osm_id': 354570926, 'osm_type': 'yes'}",chennai_bld_000226,4,4,100.0,-5.75557804107666,-6.426614761352539,-0.6710372567176819,0.8846820592880249,3.8169307977248215,-12.960229873657227,-11.63338851928711,1.3268418312072754,1.4801158905029297,1.7958970339951288
"{'osm_id': 354570934, 'osm_type': 'yes'}",chennai_bld_000227,4,4,100.0,-2.3390696048736572,-3.6926071643829346,-1.3535377979278564,-0.9537405967712402,1.1270837200564847,-9.9336576461792,-11.009690284729004,-1.0760328769683838,-0.8665938377380371,1.8638561446014708
"{'osm_id': 354570937, 'osm_type': 'yes'}",chennai_bld_000228,4,4,100.0,2.522033452987671,-0.5108767151832581,-3.032910108566284,-3.8954572677612305,2.227915751906386,-10.3502836227417,-11.700418472290039,-1.3501347303390503,-1.219435453414917,2.144715546048744
"{'osm_id': 354570947, 'osm_type': 'yes'}",chennai_bld_000229,2,2,100.0,-7.047249794006348,-5.477548599243164,1.5697016716003418,1.5697016716003418,3.8255391120910645,-16.908472061157227,-14.639533996582031,2.2689385414123535,2.2689385414123535,2.252842426300049
"{'osm_id': 354570950, 'osm_type': 'yes'}",chennai_bld_000230,4,4,100.0,-1.8512849807739258,-3.902921199798584,-2.0516364574432373,-2.229738473892212,0.8419275590127636,-13.283370971679688,-11.683679580688477,1.59969162940979,0.7592449188232422,2.619358370352313
"{'osm_id': 354570954, 'osm_type': 'yes'}",chennai_bld_000231,4,4,100.0,-1.1836848258972168,-1.490512728691101,-0.3068277835845947,-1.4253098964691162,3.120663029590395,-11.050813674926758,-10.585320472717285,0.46549367904663086,0.3147425651550293,1.08334055084718
"{'osm_id': 354570957, 'osm_type': 'yes'}",chennai_bld_000232,4,4,100.0,-2.48964524269104,-1.9130871295928955,0.5765581130981445,1.231008529663086,2.4442088688309296,-11.504236221313477,-10.18130874633789,1.3229269981384277,1.6304535865783691,1.715122431005333
"{'osm_id': 354570963, 'osm_type': 'yes'}",chennai_bld_000233,3,3,100.0,-5.407493591308594,-4.624173164367676,0.7833207448323568,-2.1646838188171387,5.622787498720326,-11.37460199991862,-15.36016591389974,-3.9855645497639975,-1.807168960571289,3.099026312981473
"{'osm_id': 354570966, 'osm_type': 'yes'}",chennai_bld_000234,3,3,100.0,-3.490837732950846,-5.56423823038737,-2.0734008153279624,-0.380324125289917,2.988945736853344,-16.778648376464844,-14.463180541992188,2.3154675165812173,-0.7214393615722656,4.325414832417714
"{'osm_id': 354570970, 'osm_type': 'yes'}",chennai_bld_000235,4,4,100.0,-0.18523186445236206,-0.695189356803894,-0.5099574327468872,-0.12598741054534912,2.380818611801761,-12.281740188598633,-14.170557975769043,-1.8888177871704102,-1.921994686126709,4.639299577325846
"{'osm_id': 354570973, 'osm_type': 'yes'}",chennai_bld_000236,3,3,100.0,-2.7388477325439453,-3.7111072540283203,-0.9722599983215332,-0.380324125289917,4.108703848686081,-17.869791666666668,-13.91506576538086,3.9547252655029297,4.153138160705566,3.739703369198315
"{'osm_id': 354570977, 'osm_type': 'yes'}",chennai_bld_000237,4,4,100.0,-2.595665693283081,-3.9735682010650635,-1.3779027462005615,-1.3279887437820435,1.4782541340058355,-14.042047500610352,-16.91522789001465,-2.873180389404297,-2.2172317504882812,2.3295595686808186
"{'osm_id': 354570983, 'osm_type': 'yes'}",chennai_bld_000238,2,2,100.0,-2.404892921447754,-3.254847526550293,-0.8499546051025391,-0.8499546051025391,1.6010606288909912,-14.770252227783203,-14.679445266723633,0.09080696105957031,0.09080696105957031,2.4222049713134766
"{'osm_id': 354570987, 'osm_type': 'yes'}",chennai_bld_000239,4,4,100.0,-0.5124198794364929,0.05223095417022705,0.5646507740020752,1.2071938514709473,2.602824981106526,-9.228362083435059,-6.846363544464111,2.3819985389709473,2.4399430751800537,0.606190809810749
"{'osm_id': 354570990, 'osm_type': 'yes'}",chennai_bld_000240,3,3,100.0,-7.7206064860026045,-7.460184733072917,0.2604212760925293,0.7423214912414551,2.1550946273302927,-17.038251241048176,-14.194430033365885,2.843820571899414,3.166534423828125,0.8073010294751085
"{'osm_id': 354570992, 'osm_type': 'yes'}",chennai_bld_000241,4,4,100.0,-5.48620080947876,-5.965622425079346,-0.4794216752052307,-0.524662971496582,1.1184861649585507,-11.160262107849121,-11.527350425720215,-0.36708831787109375,0.9574642181396484,2.616627085595521
"{'osm_id': 354571002, 'osm_type': 'yes'}",chennai_bld_000242,4,4,100.0,-3.737025737762451,-4.74027681350708,-1.0032509565353394,-1.2744674682617188,0.9774865118078545,-9.927728652954102,-11.329936981201172,-1.4022074937820435,-0.5819690227508545,3.204191880132746
"{'osm_id': 354571006, 'osm_type': 'yes'}",chennai_bld_000243,4,4,100.0,-0.1985551118850708,-1.566025733947754,-1.367470622062683,-0.5532963871955872,3.092024384394592,-13.993077278137207,-10.748038291931152,3.245039463043213,3.168440818786621,1.9030483753623444
"{'osm_id': 354571011, 'osm_type': 'yes'}",chennai_bld_000244,2,2,100.0,4.32691764831543,1.6620105504989624,-2.6649069786071777,-2.6649069786071777,2.2845827341079743,-14.09048080444336,-13.170186996459961,0.9202933311462402,0.9202933311462402,1.6417326927185059
"{'osm_id': 354571015, 'osm_type': 'yes'}",chennai_bld_000245,2,2,100.0,-2.0800082683563232,-3.571704149246216,-1.4916958808898926,-1.4916958808898926,0.21356940269470215,-8.699450492858887,-11.522578239440918,-2.8231277465820312,-2.8231277465820312,0.47427845001220703
"{'osm_id': 354571018, 'osm_type': 'yes'}",chennai_bld_000246,6,6,100.0,-3.974320411682129,-4.274921735127767,-0.3006015221277873,-0.4464071989059448,3.007199171838052,-11.477764129638672,-14.590583801269531,-3.112820307413737,-2.3012795448303223,2.7092658980378093
"{'osm_id': 354571021, 'osm_type': 'yes'}",chennai_bld_000247,2,2,100.0,2.5075438022613525,0.746999204158783,-1.7605445384979248,-1.7605445384979248,1.0265777111053467,-11.418187141418457,-12.02496337890625,-0.6067767143249512,-0.6067767143249512,2.682711124420166
"{'osm_id': 354571035, 'osm_type': 'yes'}",chennai_bld_000248,4,4,100.0,0.3626593053340912,-2.734679937362671,-3.097339391708374,-3.1364381313323975,0.5829027414937876,-7.797929763793945,-8.73451042175293,-0.9365799427032471,-0.476499080657959,1.7470046588177135
"{'osm_id': 354571041, 'osm_type': 'yes'}",chennai_bld_000249,2,2,100.0,-4.057504177093506,-4.813071250915527,-0.755567193031311,-0.755567193031311,2.2045146226882935,-13.55282211303711,-12.102161407470703,1.4506611824035645,1.4506611824035645,2.8751730918884277
"{'osm_id': 354571044, 'osm_type': 'yes'}",chennai_bld_000250,2,2,100.0,-0.6662472486495972,-5.161139965057373,-4.494892597198486,-4.494892597198486,3.066396534442907,-10.943465232849121,-14.886564254760742,-3.9430997371673584,-3.9430997371673584,2.336411714553833
"{'osm_id': 354571047, 'osm_type': 'yes'}",chennai_bld_000251,2,2,100.0,-5.157420635223389,-5.991601943969727,-0.834181547164917,-0.834181547164917,3.1926591396331787,-14.888261795043945,-14.201573371887207,0.6866884231567383,0.6866884231567383,1.4333171844482422
"{'osm_id': 354571050, 'osm_type': 'yes'}",chennai_bld_000252,5,5,100.0,-5.514546585083008,-7.255625152587891,-1.7410785675048828,-2.377403736114502,4.277612925147418,-13.396412658691407,-17.244908142089844,-3.8484954833984375,-3.8576431274414062,2.2534434365744787
"{'osm_id': 354571052, 'osm_type': 'yes'}",chennai_bld_000253,2,2,100.0,-2.041973829269409,-4.0475969314575195,-2.0056233406066895,-2.0056233406066895,0.7888064384460449,-11.10821533203125,-12.932439804077148,-1.8242239952087402,-1.8242239952087402,0.12578725814819336
"{'osm_id': 354571054, 'osm_type': 'yes'}",chennai_bld_000254,6,6,100.0,-2.4274913469950357,-3.7330687840779624,-1.3055774370829265,-0.7115294337272644,2.0808256833444636,-11.94003677368164,-10.128898620605469,1.8111383120218914,1.34806489944458,2.3248345029215853
"{'osm_id': 354571057, 'osm_type': 'yes'}",chennai_bld_000255,8,8,100.0,0.8501678705215454,-0.1197405457496643,-0.9699084162712097,-0.520794689655304,2.1119578447815535,-12.638657569885254,-12.418691635131836,0.21996617317199707,0.12803983688354492,3.4165382733020513
"{'osm_id': 354571063, 'osm_type': 'yes'}",chennai_bld_000256,2,2,100.0,1.4508492946624756,-4.168430328369141,-5.619279861450195,-5.619279861450195,1.745041012763981,-13.146961212158203,-12.393355369567871,0.7536063194274902,0.7536063194274902,2.3061938285827637
"{'osm_id': 354571066, 'osm_type': 'yes'}",chennai_bld_000257,2,2,100.0,-2.3783974647521973,-2.6395137310028076,-0.2611163258552551,-0.2611163258552551,0.5127348303794861,-9.397382736206055,-10.837418556213379,-1.4400355815887451,-1.4400355815887451,3.299013376235962
"{'osm_id': 354571072, 'osm_type': 'yes'}",chennai_bld_000258,4,4,100.0,3.9259963035583496,4.321232795715332,0.39523667097091675,1.3963648080825806,3.466120551268475,-15.711325645446777,-13.901542663574219,1.8097825050354004,1.9037156105041504,1.787651526741031
"{'osm_id': 354571092, 'osm_type': 'yes'}",chennai_bld_000259,4,4,100.0,-2.719179630279541,-1.3398206233978271,1.3793591260910034,0.4517796039581299,2.44288257654724,-13.40653133392334,-13.24754810333252,0.15898346900939941,-0.026698589324951172,2.17750907576995
"{'osm_id': 354571095, 'osm_type': 'yes'}",chennai_bld_000260,4,4,100.0,-1.893740177154541,-2.634631395339966,-0.7408912777900696,0.25603485107421875,1.803587888850357,-10.247200965881348,-10.917455673217773,-0.6702549457550049,-1.380530834197998,2.916235043989218
"{'osm_id': 354571098, 'osm_type': 'yes'}",chennai_bld_000261,2,2,100.0,-2.7812204360961914,-5.9428277015686035,-3.161607265472412,-3.161607265472412,0.4604057073593294,-8.959688186645508,-8.721514701843262,0.2381739616394043,0.2381739616394043,0.438845157623291
"{'osm_id': 354571108, 'osm_type': 'yes'}",chennai_bld_000262,2,2,100.0,-2.652759552001953,-2.220383644104004,0.4323756694793701,0.4323756694793701,2.5345795154571533,-13.85887622833252,-13.966226577758789,-0.10735034942626953,-0.10735034942626953,3.984774589538574
"{'osm_id': 354571111, 'osm_type': 'yes'}",chennai_bld_000263,2,2,100.0,-3.1668167114257812,-4.134984493255615,-0.968167781829834,-0.968167781829834,1.5306684970855713,-13.687673568725586,-10.266185760498047,3.421487808227539,3.421487808227539,0.9063739776611328
"{'osm_id': 354571120, 'osm_type': 'yes'}",chennai_bld_000264,4,4,100.0,2.100252866744995,1.602704405784607,-0.4975484609603882,-2.372161388397217,4.873092356306133,-14.999503135681152,-12.48468017578125,2.5148234367370605,1.4118003845214844,3.4496078077038956
"{'osm_id': 354571123, 'osm_type': 'yes'}",chennai_bld_000265,2,2,100.0,-7.306886672973633,-6.910077095031738,0.39680957794189453,0.39680957794189453,3.339449405670166,-15.188990592956543,-13.949211120605469,1.2397794723510742,1.2397794723510742,0.5584926605224609
"{'osm_id': 354571126, 'osm_type': 'yes'}",chennai_bld_000266,4,4,100.0,-4.466639995574951,-3.8975212574005127,0.5691189765930176,0.8631935119628906,2.3290360386464353,-12.424577713012695,-13.5921630859375,-1.1675853729248047,-0.8925418853759766,2.9348620655684132
"{'osm_id': 354571135, 'osm_type': 'yes'}",chennai_bld_000267,4,4,100.0,0.44830775260925293,-2.355788230895996,-2.80409574508667,-2.635754108428955,0.6382834090515713,-11.849637031555176,-9.89061164855957,1.959024429321289,1.4779105186462402,2.516780460764751
"{'osm_id': 354571141, 'osm_type': 'yes'}",chennai_bld_000268,2,2,100.0,3.5250751972198486,6.98045539855957,3.4553802013397217,3.4553802013397217,0.28232645988464355,-17.332168579101562,-14.632898330688477,2.6992716789245605,2.6992716789245605,1.4538664817810059
"{'osm_id': 354571146, 'osm_type': 'yes'}",chennai_bld_000269,2,2,100.0,-1.9178009033203125,-4.127011299133301,-2.2092103958129883,-2.2092103958129883,0.8618982434272787,-11.594691276550293,-15.212738037109375,-3.618046760559082,-3.618046760559082,1.403132438659668
"{'osm_id': 354571148, 'osm_type': 'yes'}",chennai_bld_000270,2,2,100.0,-2.773364305496216,-3.992434501647949,-1.2190701961517334,-1.2190701961517334,1.898700475692749,-12.460647583007812,-12.109477996826172,0.3511695861816406,0.3511695861816406,0.7263240814208984
"{'osm_id': 354571151, 'osm_type': 'yes'}",chennai_bld_000271,2,2,100.0,-2.016205072402954,-3.174377918243408,-1.158172607421875,-1.158172607421875,0.38946098089218595,-12.030067443847656,-12.69670295715332,-0.6666350364685059,-0.6666350364685059,2.292609691619873
"{'osm_id': 354571158, 'osm_type': 'yes'}",chennai_bld_000272,4,4,100.0,-4.907397270202637,-5.282073020935059,-0.37467604875564575,-1.0545811653137207,1.8117426328574078,-12.849895477294922,-12.215542793273926,0.6343531608581543,-0.1407451629638672,1.5165297781790053
"{'osm_id': 354571160, 'osm_type': 'yes'}",chennai_bld_000273,7,7,100.0,-2.8104237147739957,-4.670557839529855,-1.8601341247558594,-2.4504637718200684,2.2922811743998586,-12.109442574637276,-13.228369576590401,-1.1189256395612444,-1.6072359085083008,2.273080581329859
"{'osm_id': 354571165, 'osm_type': 'yes'}",chennai_bld_000274,4,4,100.0,-0.54823899269104,-3.396555185317993,-2.848316192626953,-2.7594902515411377,1.6067098347238162,-8.30467414855957,-7.503815650939941,0.8008589744567871,1.8496897220611572,3.262874489900705
"{'osm_id': 354571168, 'osm_type': 'yes'}",chennai_bld_000275,4,4,100.0,5.300662040710449,2.0144171714782715,-3.2862443923950195,-3.4922773838043213,3.0658766824510444,-0.8449531197547913,-3.1055686473846436,-2.260615587234497,-2.254505157470703,2.9111651851250766
"{'osm_id': 354571173, 'osm_type': 'yes'}",chennai_bld_000276,7,7,100.0,0.32926593508039204,-1.2081184387207031,-1.537384305681501,-2.576066255569458,2.5567348731103277,-13.743934631347656,-12.485052926199776,1.2588811601911272,1.2031927108764648,3.7818513999459413
"{'osm_id': 354571175, 'osm_type': 'yes'}",chennai_bld_000277,9,9,100.0,-0.15087562137179905,-1.7112469143337674,-1.5603712929619684,-1.3126652240753174,4.237456488840618,-10.448655870225695,-9.508397420247396,0.9402583440144857,1.6266460418701172,1.6177554637108067
"{'osm_id': 354742501, 'osm_type': 'government'}",chennai_bld_000278,6,6,100.0,-4.6184126536051435,-6.2385101318359375,-1.6200971603393555,-1.164090871810913,1.7881947350789105,-9.681424458821615,-9.553410212198893,0.12801456451416016,1.1895551681518555,4.612629479813608
"{'osm_id': 354742504, 'osm_type': 'yes'}",chennai_bld_000279,3,3,100.0,0.6253658135732015,-1.8919776280721028,-2.517343362172445,-2.073836326599121,1.2454310701421918,-16.043106079101562,-12.933568318684896,3.1095383961995444,3.8961124420166016,1.2815088034288262
"{'osm_id': 354742507, 'osm_type': 'yes'}",chennai_bld_000280,2,2,100.0,-4.858040809631348,-6.9674577713012695,-2.109416961669922,-2.109416961669922,3.5176353454589844,-17.197635650634766,-12.885112762451172,4.312522888183594,4.312522888183594,2.6930694580078125
"{'osm_id': 354742509, 'osm_type': 'yes'}",chennai_bld_000281,4,4,100.0,-4.418045520782471,-4.792300224304199,-0.37425512075424194,0.3591824769973755,3.0943319191581455,-11.97409439086914,-9.983455657958984,1.9906384944915771,2.09812593460083,2.7054811635377334
"{'osm_id': 354742511, 'osm_type': 'yes'}",chennai_bld_000282,4,4,100.0,3.251842498779297,-1.718278408050537,-4.970120906829834,-5.024523735046387,4.235364778955545,-2.667695999145508,-9.120659828186035,-6.4529643058776855,-5.8106489181518555,4.692649909709654
"{'osm_id': 354742512, 'osm_type': 'yes'}",chennai_bld_000283,4,4,100.0,3.0683035850524902,2.573685646057129,-0.4946179986000061,-1.129872441291809,2.9880428247043986,-8.777801513671875,-8.796422004699707,-0.018621087074279785,0.2945742607116699,3.0628461765780974
"{'osm_id': 354742514, 'osm_type': 'yes'}",chennai_bld_000284,2,2,100.0,-3.9130852222442627,0.3428291082382202,4.255914211273193,4.255914211273193,1.6595606803894043,-9.899633407592773,-12.486394882202148,-2.586760997772217,-2.586760997772217,3.603332042694092
"{'osm_id': 354742516, 'osm_type': 'yes'}",chennai_bld_000285,4,4,100.0,-4.311986923217773,-5.1350884437561035,-0.8231018781661987,-0.9455204010009766,2.4786152408358384,-13.51664924621582,-12.979166984558105,0.5374815464019775,0.31056976318359375,1.4807955782232667
"{'osm_id': 354742518, 'osm_type': 'yes'}",chennai_bld_000286,2,2,100.0,-2.115147590637207,-1.883155107498169,0.23199254274368286,0.23199254274368286,1.3602251410484314,-10.939544677734375,-12.724956512451172,-1.7854108810424805,-1.7854108810424805,0.833735466003418
"{'osm_id': 354742522, 'osm_type': 'yes'}",chennai_bld_000287,2,2,100.0,1.5269131660461426,0.840304970741272,-0.6866081357002258,-0.6866081357002258,2.437257945537567,-7.463544845581055,-8.810304641723633,-1.3467600345611572,-1.3467600345611572,0.07737183570861816
"{'osm_id': 354742524, 'osm_type': 'yes'}",chennai_bld_000288,3,3,100.0,-6.763012568155925,-6.350482940673828,0.41252994537353516,-0.8396611213684082,2.689644065540132,-12.172556559244791,-10.004663467407227,2.167893091837565,2.9252967834472656,2.194851495981559
"{'osm_id': 354742529, 'osm_type': 'yes'}",chennai_bld_000289,3,3,100.0,-4.061925888061523,-6.373524983723958,-2.311598777770996,-3.9522647857666016,2.7071065097666263,-11.473153432210287,-12.230854034423828,-0.7577009201049805,-1.0105314254760742,1.0273579657664154
"{'osm_id': 354742531, 'osm_type': 'yes'}",chennai_bld_000290,4,4,100.0,-0.5670524835586548,1.0656495094299316,1.6327019929885864,1.358597755432129,1.4674579369868423,-10.178561210632324,-12.177644729614258,-1.99908447265625,-1.7962994575500488,1.4715744340034578
"{'osm_id': 354742533, 'osm_type': 'yes'}",chennai_bld_000291,4,4,100.0,4.120469093322754,1.631091833114624,-2.489377498626709,-1.8567134141921997,2.987694385334134,-9.61960506439209,-11.153419494628906,-1.5338129997253418,-1.9380784034729004,2.8286885881033133
"{'osm_id': 354742534, 'osm_type': 'yes'}",chennai_bld_000292,4,4,100.0,-1.359247088432312,-1.8518387079238892,-0.49259161949157715,-1.2461662292480469,2.9619993075353066,-13.74571418762207,-15.766769409179688,-2.021055221557617,-1.9002504348754883,2.0092531987059674
"{'osm_id': 354742535, 'osm_type': 'yes'}",chennai_bld_000293,4,4,100.0,-0.8757562637329102,-2.1186766624450684,-1.2429202795028687,-0.46954500675201416,2.4418904441332447,-8.143109321594238,-8.666199684143066,-0.5230910778045654,-0.8201017379760742,1.2387602281179815
"{'osm_id': 354742537, 'osm_type': 'yes'}",chennai_bld_000294,4,4,100.0,-1.5865031480789185,-3.0985724925994873,-1.5120691061019897,-2.2243223190307617,3.0651415154818538,-14.987780570983887,-12.949207305908203,2.0385732650756836,1.548813819885254,2.9338798465018483
"{'osm_id': 354742540, 'osm_type': 'yes'}",chennai_bld_000295,4,4,100.0,0.8274521827697754,1.3695272207260132,0.5420750975608826,0.3605954647064209,1.6917090429121244,-9.576004981994629,-10.528701782226562,-0.9526962041854858,-0.31104326248168945,4.0317334562446066
"{'osm_id': 354742541, 'osm_type': 'yes'}",chennai_bld_000296,4,4,100.0,2.914026975631714,4.542522430419922,1.628495454788208,0.4620908498764038,2.9487016687188667,-8.263606071472168,-9.524417877197266,-1.2608121633529663,-1.1678404808044434,2.81050032260203
"{'osm_id': 354742543, 'osm_type': 'yes'}",chennai_bld_000297,5,5,100.0,-1.6987194061279296,-2.1312000274658205,-0.4324804306030273,0.5435019731521606,3.8012097720891305,-12.998109436035156,-10.082307434082031,2.915802574157715,2.2575159072875977,2.31256810179378
"{'osm_id': 354742544, 'osm_type': 'yes'}",chennai_bld_000298,4,4,100.0,-3.437480926513672,-0.6047399640083313,2.8327410221099854,2.445882797241211,1.9480383053851782,-10.795454025268555,-12.710923194885254,-1.9154689311981201,-1.2441768646240234,2.7086602453288027
"{'osm_id': 354742545, 'osm_type': 'yes'}",chennai_bld_000299,4,4,100.0,-5.383815288543701,-6.718963623046875,-1.3351484537124634,-1.197556734085083,2.9529106056434387,-15.000422477722168,-14.853079795837402,0.14734339714050293,-0.0877985954284668,2.914741466759408
"{'osm_id': 354742548, 'osm_type': 'yes'}",chennai_bld_000300,3,3,100.0,-2.772266387939453,-3.7027104695638022,-0.9304438432057699,-0.9307699203491211,0.9909110164138,-12.568880716959635,-11.884435017903646,0.684445858001709,-0.12712574005126953,2.312484627906648
"{'osm_id': 354742552, 'osm_type': 'yes'}",chennai_bld_000301,4,4,100.0,-0.43345993757247925,-0.5790996551513672,-0.14563974738121033,0.06982439011335373,1.6630969637559687,-16.099441528320312,-14.16079330444336,1.938647747039795,2.3784890174865723,2.792458335941097
"{'osm_id': 354742555, 'osm_type': 'yes'}",chennai_bld_000302,4,4,100.0,5.132172107696533,-0.18402087688446045,-5.316193103790283,-5.459535598754883,1.2311253060774492,-12.011940002441406,-15.835386276245117,-3.823446035385132,-4.703789710998535,2.3671601074511774
"{'osm_id': 354742557, 'osm_type': 'yes'}",chennai_bld_000303,4,4,100.0,-2.1630239486694336,-3.3800201416015625,-1.216996192932129,-3.01289701461792,3.4581351545531285,-12.71806526184082,-12.825704574584961,-0.10764050483703613,-0.8171043395996094,3.5371276684151858
"{'osm_id': 354742558, 'osm_type': 'yes'}",chennai_bld_000304,4,4,100.0,-4.3211774826049805,-4.627481460571289,-0.30630388855934143,-0.04298645257949829,1.1984935185033936,-14.710814476013184,-13.046305656433105,1.664508581161499,1.992882251739502,1.947136039250999
"{'osm_id': 354742559, 'osm_type': 'yes'}",chennai_bld_000305,2,2,100.0,2.4909005165100098,0.41597890853881836,-2.0749216079711914,-2.0749216079711914,2.7141169309616116,-9.415122032165527,-10.886224746704102,-1.4711024761199951,-1.4711024761199951,2.203214406967163
"{'osm_id': 354742560, 'osm_type': 'yes'}",chennai_bld_000306,4,4,100.0,-1.237884521484375,-0.5153552293777466,0.7225292921066284,0.8838720917701721,1.7631060226000248,-10.430305480957031,-10.699057579040527,-0.2687513828277588,-0.5637478828430176,2.682591764373076
"{'osm_id': 354742561, 'osm_type': 'yes'}",chennai_bld_000307,2,2,100.0,-4.089292049407959,-4.789975166320801,-0.7006833553314209,-0.7006833553314209,3.1753857135772705,-13.050115585327148,-12.885453224182129,0.16466283798217773,0.16466283798217773,1.1881051063537598
"{'osm_id': 354742562, 'osm_type': 'yes'}",chennai_bld_000308,2,2,100.0,0.7136930823326111,-3.445699453353882,-4.159392356872559,-4.159392356872559,1.523712873458881,-6.347135066986084,-11.700296401977539,-5.353161811828613,-5.353161811828613,3.3455765247345055
"{'osm_id': 354742565, 'osm_type': 'yes'}",chennai_bld_000309,2,2,100.0,-5.3646955490112305,-3.931365489959717,1.4333300590515137,1.4333300590515137,0.06450748443603516,-13.318260192871094,-13.298578262329102,0.01968240737915039,0.01968240737915039,3.3341946601867676
"{'osm_id': 354742571, 'osm_type': 'yes'}",chennai_bld_000310,4,4,100.0,-2.346370220184326,-1.0509676933288574,1.2954025268554688,0.4452054500579834,2.360015521060425,-8.910161972045898,-8.159454345703125,0.7507070302963257,0.20823931694030762,2.3523757949166746
"{'osm_id': 354742575, 'osm_type': 'yes'}",chennai_bld_000311,4,4,100.0,4.578951835632324,0.2685502767562866,-4.310401916503906,-5.130181312561035,2.5691177027168495,-12.348783493041992,-15.195581436157227,-2.8467979431152344,-2.866612434387207,2.4935505526788257
"{'osm_id': 354742576, 'osm_type': 'yes'}",chennai_bld_000312,2,2,100.0,3.970710277557373,-1.8300857543945312,-5.800796031951904,-5.800796031951904,4.098347306251528,-1.0900013446807861,-10.062925338745117,-8.97292423248291,-8.97292423248291,4.548489332199103
"{'osm_id': 354742579, 'osm_type': 'yes'}",chennai_bld_000313,1,1,100.0,-5.847744941711426,-5.845414161682129,0.002330780029296875,0.002330780029296875,0.0,-16.651351928710938,-12.325667381286621,4.325684547424316,4.325684547424316,0.0
"{'osm_id': 354742580, 'osm_type': 'yes'}",chennai_bld_000314,4,4,100.0,-1.0454410314559937,-3.3207716941833496,-2.2753305435180664,-2.1877241134643555,0.35078953993863404,-9.832435607910156,-10.494637489318848,-0.6622023582458496,-0.5422329902648926,0.5368608570125152
"{'osm_id': 354742581, 'osm_type': 'yes'}",chennai_bld_000315,4,4,100.0,0.5093258619308472,-0.6844227313995361,-1.1937484741210938,-2.1944894790649414,2.0246722489096256,-11.614856719970703,-12.584941864013672,-0.9700853824615479,-1.1847429275512695,2.2303786307744438
"{'osm_id': 354742583, 'osm_type': 'yes'}",chennai_bld_000316,4,4,100.0,-1.1329582929611206,-4.262828826904297,-3.1298704147338867,-2.2727980613708496,2.525975719458272,-9.968684196472168,-12.185032844543457,-2.21634840965271,-2.136812210083008,3.065926318212256
"{'osm_id': 354742584, 'osm_type': 'yes'}",chennai_bld_000317,3,3,100.0,-3.4299182891845703,-3.453108787536621,-0.02319025993347168,-1.5882298946380615,2.330836909936644,-13.808952331542969,-14.392491658528646,-0.5835393269856771,0.5961933135986328,2.967896922418088
"{'osm_id': 354742587, 'osm_type': 'yes'}",chennai_bld_000318,10,10,100.0,-7.777365112304688,-10.135076904296875,-2.357712173461914,-2.9553160667419434,2.8239580336776227,-14.050346374511719,-14.875848388671875,-0.825501537322998,-0.787961483001709,3.1028078137942066
"{'osm_id': 354742590, 'osm_type': 'yes'}",chennai_bld_000319,2,2,100.0,-1.7982430458068848,-4.2917351722717285,-2.4934921264648438,-2.4934921264648438,1.0948619842529297,-10.893077850341797,-9.166481018066406,1.7265963554382324,1.7265963554382324,0.19450807571411133
"{'osm_id': 354742593, 'osm_type': 'yes'}",chennai_bld_000320,2,2,100.0,-3.1621603965759277,-2.531737804412842,0.6304225325584412,0.6304225325584412,2.336789906024933,-11.623212814331055,-13.49150562286377,-1.8682928085327148,-1.8682928085327148,2.634881019592285
"{'osm_id': 354742595, 'osm_type': 'yes'}",chennai_bld_000321,6,6,100.0,-2.446326732635498,-4.7847550710042315,-2.338428497314453,-1.66068434715271,2.4934455206751402,-10.743208567301432,-13.29284922281901,-2.5496412913004556,-3.0062365531921387,3.3931088230826334
"{'osm_id': 354742596, 'osm_type': 'yes'}",chennai_bld_000322,1,1,100.0,0.36904630064964294,-2.1229248046875,-2.491971015930176,-2.491971015930176,0.0,-10.178279876708984,-15.234185218811035,-5.055905342102051,-5.055905342102051,0.0
"{'osm_id': 354742598, 'osm_type': 'yes'}",chennai_bld_000323,1,1,100.0,-2.467752695083618,-2.734999656677246,-0.26724696159362793,-0.26724696159362793,0.0,-9.063569068908691,-8.761548042297363,0.3020210266113281,0.3020210266113281,0.0
"{'osm_id': 354742600, 'osm_type': 'yes'}",chennai_bld_000324,4,4,100.0,-5.069884300231934,-5.6854248046875,-0.6155408620834351,0.05892181396484375,3.814592535997439,-11.507216453552246,-10.27567195892334,1.2315442562103271,1.5937342643737793,2.240230671850152
"{'osm_id': 354742601, 'osm_type': 'yes'}",chennai_bld_000325,2,2,100.0,2.6554598808288574,2.3338046073913574,-0.3216550350189209,-0.3216550350189209,3.157848596572876,-14.637770652770996,-17.116355895996094,-2.4785847663879395,-2.4785847663879395,2.586514949798584
"{'osm_id': 354742605, 'osm_type': 'yes'}",chennai_bld_000326,2,2,100.0,2.5329747200012207,-1.606471061706543,-4.139445781707764,-4.139445781707764,4.20715302228928,-4.24539041519165,-8.178394317626953,-3.933004140853882,-3.933004140853882,3.2638585567474365
"{'osm_id': 354742607, 'osm_type': 'yes'}",chennai_bld_000327,4,4,100.0,-7.4260406494140625,-5.826847076416016,1.5991941690444946,1.1693663597106934,3.1590690776076866,-13.83019733428955,-15.472323417663574,-1.6421260833740234,-1.5566301345825195,1.9287222188451967
"{'osm_id': 354742608, 'osm_type': 'yes'}",chennai_bld_000328,2,2,100.0,1.688908338546753,-1.2848124504089355,-2.9737207889556885,-2.9737207889556885,0.031102418899536133,-10.67857551574707,-11.697175979614258,-1.0185999870300293,-1.0185999870300293,3.4178805351257324
"{'osm_id': 354742609, 'osm_type': 'yes'}",chennai_bld_000329,4,4,100.0,1.321338176727295,2.3236894607543945,1.00235116481781,-0.07272619009017944,2.3690865086122845,-11.639762878417969,-11.574019432067871,0.06574428081512451,1.0055112838745117,4.238642735931626
"{'osm_id': 354742614, 'osm_type': 'yes'}",chennai_bld_000330,4,4,100.0,-2.4773478507995605,-1.7901369333267212,0.6872107982635498,0.836575984954834,2.057412115151599,-12.873820304870605,-16.07421112060547,-3.2003915309906006,-4.515970706939697,4.351061732790758
"{'osm_id': 354742616, 'osm_type': 'yes'}",chennai_bld_000331,2,2,100.0,-2.0850038528442383,-5.635087013244629,-3.5500833988189697,-3.5500833988189697,1.7970058917999268,-12.329483032226562,-15.256437301635742,-2.9269542694091797,-2.9269542694091797,1.7348308563232422
"{'osm_id': 354742619, 'osm_type': 'yes'}",chennai_bld_000332,3,3,100.0,5.556273778279622,1.2925278345743816,-4.263745943705241,-5.809993743896484,2.9650937109415105,-11.75250498453776,-15.08465321858724,-3.332148869832357,-4.342479705810547,2.710743512413613
"{'osm_id': 354742621, 'osm_type': 'yes'}",chennai_bld_000333,2,2,100.0,-1.718956470489502,-5.32049560546875,-3.601539134979248,-3.601539134979248,1.5799264907836914,-8.836204528808594,-12.065685272216797,-3.229480266571045,-3.229480266571045,0.7387871742248535
"{'osm_id': 354742622, 'osm_type': 'yes'}",chennai_bld_000334,6,6,100.0,-3.5434792836507163,-4.353654225667317,-0.8101753393809,-1.1200189590454102,1.431166504626509,-14.210240681966146,-13.05288823445638,1.157352606455485,1.912583827972412,2.6454570609387646
"{'osm_id': 354742629, 'osm_type': 'yes'}",chennai_bld_000335,4,4,100.0,-0.8754003643989563,-2.539742946624756,-1.6643426418304443,-1.5176031589508057,1.5088712191005145,-8.768877029418945,-8.142231941223145,0.6266452074050903,0.4504573345184326,1.166310690738411
"{'osm_id': 354742630, 'osm_type': 'yes'}",chennai_bld_000336,2,2,100.0,-2.478609085083008,-4.943900108337402,-2.4652910232543945,-2.4652910232543945,1.304281115531927,-13.471954345703125,-14.830151557922363,-1.35819673538208,-1.35819673538208,3.310403347015381
"{'osm_id': 354742632, 'osm_type': 'yes'}",chennai_bld_000337,6,6,100.0,0.1818842887878418,-0.391567866007487,-0.5734521547953287,0.137620210647583,3.7817187833064105,-14.427480061848959,-13.032811482747396,1.3946690559387207,0.8639321327209473,3.4682420237920293
"{'osm_id': 354742633, 'osm_type': 'yes'}",chennai_bld_000338,4,4,100.0,0.27812695503234863,-0.03750300407409668,-0.3156297206878662,0.3645801544189453,4.090986212676318,-11.383135795593262,-12.300106048583984,-0.9169700145721436,-0.49753808975219727,2.960531572897491
"{'osm_id': 354742636, 'osm_type': 'yes'}",chennai_bld_000339,3,3,100.0,-0.9644920825958252,-1.5016365051269531,-0.5371443430582682,-0.9232015609741211,2.618434661831344,-12.731988271077475,-11.979387919108072,0.7526009877522787,1.3631391525268555,2.720082663484985
"{'osm_id': 354742638, 'osm_type': 'yes'}",chennai_bld_000340,3,3,100.0,5.7897694905598955,-1.9588197072347004,-7.748588562011719,-6.568585395812988,3.259175964768102,-7.557603200276692,-9.457306543986002,-1.899703025817871,-0.48989105224609375,2.2799684956109223
"{'osm_id': 354742640, 'osm_type': 'yes'}",chennai_bld_000341,1,1,100.0,-4.260005474090576,-4.5379252433776855,-0.2779197692871094,-0.2779197692871094,0.0,-11.241141319274902,-9.930259704589844,1.3108816146850586,1.3108816146850586,0.0
"{'osm_id': 354742641, 'osm_type': 'yes'}",chennai_bld_000342,1,1,100.0,-7.399415493011475,-2.034392833709717,5.365022659301758,5.365022659301758,0.0,-11.716482162475586,-9.560063362121582,2.156418800354004,2.156418800354004,0.0
"{'osm_id': 354742645, 'osm_type': 'yes'}",chennai_bld_000343,2,2,100.0,2.988861083984375,-4.569308280944824,-7.558169364929199,-7.558169364929199,7.018053174018861,-8.546850204467773,-13.362371444702148,-4.815520286560059,-4.815520286560059,5.55155086517334
"{'osm_id': 354742646, 'osm_type': 'yes'}",chennai_bld_000344,4,4,100.0,1.9626357555389404,1.520289659500122,-0.44234609603881836,-0.5648583769798279,2.446357139290301,-11.635636329650879,-12.559056282043457,-0.9234194755554199,-1.6926541328430176,1.6057077246580915
"{'osm_id': 354742649, 'osm_type': 'yes'}",chennai_bld_000345,4,4,100.0,3.267556667327881,-0.8639799356460571,-4.131536483764648,-4.039839744567871,2.5145075005354034,-12.57632827758789,-12.126012802124023,0.450314998626709,0.6220345497131348,2.608458387841631
"{'osm_id': 354742650, 'osm_type': 'yes'}",chennai_bld_000346,4,4,100.0,0.11483955383300781,-1.1763910055160522,-1.2912306785583496,-1.5756030082702637,1.3906883975449198,-12.995567321777344,-11.483118057250977,1.5124499797821045,1.4927430152893066,1.184552546269302
"{'osm_id': 354742651, 'osm_type': 'yes'}",chennai_bld_000347,4,4,100.0,-2.3048622608184814,-3.6249489784240723,-1.32008695602417,-1.380252480506897,2.09304859496091,-14.72372817993164,-12.490486145019531,2.233240842819214,2.5453362464904785,2.241941740621318
"{'osm_id': 354742652, 'osm_type': 'yes'}",chennai_bld_000348,4,4,100.0,-1.6630297899246216,-3.0966796875,-1.4336498975753784,-1.320897102355957,1.9939470876053298,-10.893685340881348,-14.396754264831543,-3.5030694007873535,-3.7175683975219727,2.168273560393893
"{'osm_id': 354742654, 'osm_type': 'yes'}",chennai_bld_000349,4,4,100.0,-1.5286674499511719,-2.11389422416687,-0.5852268934249878,-1.383230447769165,3.0311376701704136,-12.19072437286377,-14.273873329162598,-2.083148717880249,-2.3018550872802734,1.9370080765222482
"{'osm_id': 354742658, 'osm_type': 'yes'}",chennai_bld_000350,4,4,100.0,-1.5831739902496338,-6.614358425140381,-5.031184673309326,-4.005786895751953,3.141859157998541,-10.488425254821777,-13.49425220489502,-3.005826234817505,-3.7519612312316895,2.499851524789042
"{'osm_id': 354742660, 'osm_type': 'yes'}",chennai_bld_000351,3,3,100.0,8.721710840861002,8.38204256693522,-0.33966827392578125,-0.13944244384765625,1.115908936940414,-9.73003896077474,-10.423296610514322,-0.6932576497395834,-0.48912620544433594,0.599346136904592
"{'osm_id': 354742661, 'osm_type': 'yes'}",chennai_bld_000352,1,1,100.0,-0.5672644376754761,1.3265445232391357,1.8938089609146118,1.8938089609146118,0.0,-11.540840148925781,-10.389424324035645,1.1514158248901367,1.1514158248901367,0.0
"{'osm_id': 354742664, 'osm_type': 'yes'}",chennai_bld_000353,4,4,100.0,-3.816896915435791,-3.1344823837280273,0.682414174079895,0.4875550866127014,3.700235728548232,-9.830753326416016,-8.418743133544922,1.4120099544525146,-0.012957096099853516,3.8945226207660335
"{'osm_id': 354742666, 'osm_type': 'yes'}",chennai_bld_000354,4,4,100.0,1.5421545505523682,-1.1728951930999756,-2.7150497436523438,-2.1484720706939697,2.7031764074226072,-10.210799217224121,-11.113287925720215,-0.9024885892868042,-0.3058900833129883,1.359271683259916
"{'osm_id': 354742675, 'osm_type': 'yes'}",chennai_bld_000355,2,2,100.0,0.8188173174858093,-2.520756244659424,-3.339573621749878,-3.339573621749878,0.5109541416168213,-8.410502433776855,-10.465335845947266,-2.054832696914673,-2.054832696914673,3.206366777420044
"{'osm_id': 354742680, 'osm_type': 'yes'}",chennai_bld_000356,2,2,100.0,-3.3156352043151855,-3.909025192260742,-0.5933898687362671,-0.5933898687362671,2.980568528175354,-11.448013305664062,-12.006208419799805,-0.5581941604614258,-0.5581941604614258,1.7560405731201172
"{'osm_id': 354742683, 'osm_type': 'yes'}",chennai_bld_000357,2,2,100.0,-0.7879205942153931,-5.5952229499816895,-4.807302474975586,-4.807302474975586,0.7006635665893555,-13.179353713989258,-15.972036361694336,-2.792682647705078,-2.792682647705078,3.238086700439453
"{'osm_id': 354742685, 'osm_type': 'yes'}",chennai_bld_000358,3,3,100.0,3.6324475606282554,1.3373441696166992,-2.295103391011556,-1.7784233093261719,2.190312499739173,-12.38875961303711,-12.202256520589193,0.18650341033935547,-0.6522216796875,3.856566832540244
"{'osm_id': 354742686, 'osm_type': 'yes'}",chennai_bld_000359,2,2,100.0,-2.7795486450195312,-1.3782107830047607,1.40133798122406,1.40133798122406,1.073687702417374,-9.383115768432617,-9.712335586547852,-0.3292198181152344,-0.3292198181152344,1.374281883239746
"{'osm_id': 354742690, 'osm_type': 'yes'}",chennai_bld_000360,4,4,100.0,-2.431952953338623,-4.225703716278076,-1.7937507629394531,-2.566643238067627,3.1427476356526443,-9.57827377319336,-12.604447364807129,-3.0261733531951904,-1.550766944885254,4.456602166558858
"{'osm_id': 354742691, 'osm_type': 'yes'}",chennai_bld_000361,4,4,100.0,-1.6299505233764648,-2.5520002841949463,-0.9220497012138367,-0.9544742107391357,1.5388667960549718,-4.244107246398926,-3.251188039779663,0.992918848991394,0.26480603218078613,1.89822497311678
"{'osm_id': 354742692, 'osm_type': 'yes'}",chennai_bld_000362,4,4,100.0,-5.301592826843262,-4.553668975830078,0.7479234933853149,1.4333300590515137,1.8701784036679028,-13.467079162597656,-14.6579008102417,-1.1908211708068848,-2.278223991394043,2.7741372311970256
"{'osm_id': 354742693, 'osm_type': 'yes'}",chennai_bld_000363,4,4,100.0,2.7427287101745605,2.6968138217926025,-0.045914798974990845,0.04810523986816406,0.764066108233475,-11.676502227783203,-12.876354217529297,-1.199852466583252,-0.28600454330444336,2.2050613787524505
"{'osm_id': 354742694, 'osm_type': 'yes'}",chennai_bld_000364,4,4,100.0,-3.347188949584961,-7.349512577056885,-4.002323627471924,-4.703948974609375,1.9931608552381346,-14.96894645690918,-14.648641586303711,0.32030606269836426,1.263272762298584,2.521717069376191
"{'osm_id': 354742696, 'osm_type': 'yes'}",chennai_bld_000365,2,2,100.0,0.14894318580627441,-2.7200732231140137,-2.869016408920288,-2.869016408920288,1.3462660312652588,-15.595226287841797,-13.049890518188477,2.5453362464904785,2.5453362464904785,1.584907054901123
"{'osm_id': 354742700, 'osm_type': 'yes'}",chennai_bld_000366,4,4,100.0,-2.3815219402313232,-2.829644203186035,-0.44812214374542236,-0.023076355457305908,2.1321700835330013,-13.399374008178711,-12.740728378295898,0.658646821975708,1.6243486404418945,5.037354472046538
"{'osm_id': 354742702, 'osm_type': 'yes'}",chennai_bld_000367,3,3,100.0,-0.9806261857350668,-1.2914503415425618,-0.3108239968617757,1.1491923332214355,2.1138419871585956,-10.261706034342447,-11.210782368977865,-0.9490760167439779,-1.580657958984375,0.9063117026292578
"{'osm_id': 354742703, 'osm_type': 'yes'}",chennai_bld_000368,3,3,100.0,0.5357820987701416,0.10048715273539226,-0.4352949857711792,-0.5753252506256104,0.44123240199113184,-8.467746098836264,-11.521814982096354,-3.0540688832600913,-2.9092493057250977,1.4714191495658215
"{'osm_id': 354742704, 'osm_type': 'yes'}",chennai_bld_000369,4,4,100.0,-2.0899763107299805,-5.257559299468994,-3.1675829887390137,-2.7336266040802,1.2470587898207786,-9.399415016174316,-12.573688507080078,-3.1742734909057617,-3.229480266571045,1.8740444371151839
"{'osm_id': 354742707, 'osm_type': 'yes'}",chennai_bld_000370,2,2,100.0,3.225978136062622,7.216578483581543,3.9906005859375,3.9906005859375,2.491093635559082,-10.473798751831055,-9.078686714172363,1.3951115608215332,1.3951115608215332,0.8215432167053223
"{'osm_id': 354742708, 'osm_type': 'yes'}",chennai_bld_000371,2,2,100.0,-1.5471713542938232,-0.002536773681640625,1.5446345806121826,1.5446345806121826,0.2029717564582912,-15.339502334594727,-12.858349800109863,2.4811530113220215,2.4811530113220215,3.6300387382507324
"{'osm_id': 354742709, 'osm_type': 'yes'}",chennai_bld_000372,4,4,100.0,0.21784460544586182,1.2150025367736816,0.9971579909324646,0.8980861902236938,1.3183724606820064,-8.130489349365234,-7.41960334777832,0.7108864784240723,0.30446672439575195,2.0574379175138597
"{'osm_id': 354742710, 'osm_type': 'yes'}",chennai_bld_000373,2,2,100.0,3.6348206996917725,2.1466879844665527,-1.4881327152252197,-1.4881327152252197,2.1102473735809326,-7.781342029571533,-8.865533828735352,-1.0841922760009766,-1.0841922760009766,3.167576789855957
"{'osm_id': 354742712, 'osm_type': 'yes'}",chennai_bld_000374,2,2,100.0,2.0499267578125,1.730093240737915,-0.3198336362838745,-0.3198336362838745,3.4497746229171753,-11.79240608215332,-13.509893417358398,-1.7174878120422363,-1.7174878120422363,0.39525270462036133
"{'osm_id': 354742713, 'osm_type': 'yes'}",chennai_bld_000375,2,2,100.0,-1.0363214015960693,-1.9528956413269043,-0.9165742993354797,-0.9165742993354797,0.7905095219612122,-10.489803314208984,-9.937091827392578,0.5527114868164062,0.5527114868164062,2.831623077392578
"{'osm_id': 354742714, 'osm_type': 'yes'}",chennai_bld_000376,4,4,100.0,0.15056662261486053,0.6489185094833374,0.4983518719673157,-0.3505535125732422,2.6368099322076977,-12.22635269165039,-8.796926498413086,3.4294261932373047,2.917968988418579,2.065797043828747
"{'osm_id': 354742716, 'osm_type': 'yes'}",chennai_bld_000377,2,2,100.0,2.151521682739258,1.35282564163208,-0.7986961603164673,-0.7986961603164673,1.4378913640975952,-12.834861755371094,-10.8319730758667,2.0028891563415527,2.0028891563415527,1.2707772254943848
"{'osm_id': 354742718, 'osm_type': 'yes'}",chennai_bld_000378,4,4,100.0,1.9343211650848389,0.4769190549850464,-1.4574021100997925,-1.7203090190887451,2.4945512928757414,-10.987588882446289,-11.983075141906738,-0.9954862594604492,-0.8062295913696289,1.268227918352166
"{'osm_id': 354742722, 'osm_type': 'yes'}",chennai_bld_000379,6,6,100.0,-3.9230000178019204,-3.7737251917521157,0.1492746671040853,-0.4122803807258606,2.424321329969584,-14.447429656982422,-14.440048217773438,0.007381439208984375,-1.019247055053711,2.484150625111083
"{'osm_id': 354742723, 'osm_type': 'yes'}",chennai_bld_000380,2,2,100.0,-2.1488699913024902,-4.257816314697266,-2.1089465618133545,-2.1089465618133545,4.590684652328491,-12.176692962646484,-12.203591346740723,-0.02689838409423828,-0.02689838409423828,3.538026809692383
"{'osm_id': 354742726, 'osm_type': 'yes'}",chennai_bld_000381,3,3,100.0,-2.8811000188191733,-2.28680419921875,0.5942955414454142,1.0883145332336426,1.2726306439690818,-14.328725179036459,-16.143328348795574,-1.814604123433431,-2.0094289779663086,0.4958296351169771
"{'osm_id': 354742728, 'osm_type': 'yes'}",chennai_bld_000382,3,3,100.0,-4.088793436686198,-3.5552215576171875,0.5335714022318522,0.5098114013671875,0.6724896480151269,-12.1413205464681,-11.971102396647135,0.17021846771240234,1.3108816146850586,2.51257592911828
"{'osm_id': 354742732, 'osm_type': 'yes'}",chennai_bld_000383,4,4,100.0,-2.042004108428955,-4.6307244300842285,-2.5887203216552734,-1.9529575109481812,1.8281242624897347,-10.093998908996582,-13.508474349975586,-3.4144747257232666,-2.556950092315674,2.6462481837859957
"{'osm_id': 354742733, 'osm_type': 'yes'}",chennai_bld_000384,4,4,100.0,4.842772960662842,3.0811121463775635,-1.761661171913147,-1.8367524147033691,1.7189160095634777,-6.749569892883301,-7.705417156219482,-0.9558471441268921,-1.3406498432159424,2.0597844543688195
"{'osm_id': 354757957, 'osm_type': 'yes'}",chennai_bld_000385,2,2,100.0,-6.785932540893555,-7.922537803649902,-1.1366047859191895,-1.1366047859191895,1.0383381843566895,-14.522449493408203,-13.95773696899414,0.5647134780883789,0.5647134780883789,4.2160491943359375
"{'osm_id': 354757959, 'osm_type': 'yes'}",chennai_bld_000386,2,2,100.0,8.509259223937988,6.368803024291992,-2.140455722808838,-2.140455722808838,0.36274194717407227,-14.520145416259766,-10.622024536132812,3.898120880126953,3.898120880126953,0.6389265060424805
"{'osm_id': 354757962, 'osm_type': 'yes'}",chennai_bld_000387,2,2,100.0,3.744579315185547,1.6140573024749756,-2.1305220127105713,-2.1305220127105713,0.22346979379654724,-13.038052558898926,-11.412364959716797,1.625688076019287,1.625688076019287,1.1471686363220215
"{'osm_id': 354757965, 'osm_type': 'yes'}",chennai_bld_000388,4,4,100.0,-0.15817385911941528,-2.3392677307128906,-2.18109393119812,-1.4957507848739624,1.4436894633376134,-10.30169677734375,-12.44981861114502,-2.148122787475586,-1.804598093032837,1.6463531000928036
"{'osm_id': 354757981, 'osm_type': 'yes'}",chennai_bld_000389,2,2,100.0,9.859906196594238,11.499755859375,1.6398494243621826,1.6398494243621826,0.37360262870788574,-12.267282485961914,-12.369235038757324,-0.10195207595825195,-0.10195207595825195,3.346426486968994
"{'osm_id': 354758005, 'osm_type': 'yes'}",chennai_bld_000390,2,2,100.0,5.046520233154297,1.5328660011291504,-3.5136544704437256,-3.5136544704437256,1.0104568004608154,-10.95499038696289,-12.935110092163086,-1.9801201820373535,-1.9801201820373535,5.239314556121826
"{'osm_id': 354758035, 'osm_type': 'yes'}",chennai_bld_000391,4,4,100.0,1.787806510925293,-0.15994209051132202,-1.9477486610412598,-2.7927818298339844,2.635923761262113,-12.92159652709961,-13.549572944641113,-0.627976655960083,0.26367712020874023,2.5419758007047775
"{'osm_id': 354758046, 'osm_type': 'yes'}",chennai_bld_000392,2,2,100.0,0.8011739253997803,0.8125289678573608,0.011355161666870117,0.011355161666870117,1.7309134006500244,-12.302200317382812,-10.882570266723633,1.419631004333496,1.419631004333496,1.4167566299438477
"{'osm_id': 354758074, 'osm_type': 'yes'}",chennai_bld_000393,2,2,100.0,-2.0803442001342773,-5.698657512664795,-3.6183133125305176,-3.6183133125305176,2.5623478293418893,-9.925450325012207,-10.274972915649414,-0.34952306747436523,-0.34952306747436523,2.101759433746338
"{'osm_id': 354758087, 'osm_type': 'yes'}",chennai_bld_000394,2,2,100.0,6.421517848968506,5.291858673095703,-1.1296594142913818,-1.1296594142913818,0.5347015857696533,-9.69147777557373,-12.3277587890625,-2.6362810134887695,-2.6362810134887695,0.175537109375
"{'osm_id': 354758093, 'osm_type': 'yes'}",chennai_bld_000395,4,4,100.0,5.175678730010986,4.367981910705566,-0.8076963424682617,-0.725476086139679,1.3644413011240222,-14.21088695526123,-13.550783157348633,0.6601035594940186,0.541661262512207,3.2817203656488965
"{'osm_id': 354758100, 'osm_type': 'yes'}",chennai_bld_000396,2,2,100.0,-0.7856732606887817,0.9778170585632324,1.7634903192520142,1.7634903192520142,2.448795199394226,-10.520776748657227,-13.029875755310059,-2.509098768234253,-2.509098768234253,1.3264901638031006
"{'osm_id': 354758103, 'osm_type': 'yes'}",chennai_bld_000397,2,2,100.0,-1.2073280811309814,-4.943427085876465,-3.7360992431640625,-3.7360992431640625,0.9840420484542919,-7.661684989929199,-10.06817626953125,-2.406491994857788,-2.406491994857788,2.4079158306121826
"{'osm_id': 354758111, 'osm_type': 'yes'}",chennai_bld_000398,4,4,100.0,4.468449592590332,2.6821725368499756,-1.7862768173217773,-2.1305220127105713,1.4868919950463497,-11.273565292358398,-13.072294235229492,-1.7987301349639893,-1.664781093597412,3.6586670979310423
"{'osm_id': 354758154, 'osm_type': 'yes'}",chennai_bld_000399,37,37,100.0,-1.8030634699641048,-2.077282055004223,-0.27421840461524755,0.3933505415916443,2.8897877289719793,-11.671870051203546,-12.48220412795608,-0.8103343860523121,-0.7173290252685547,3.4878851508993765
"{'osm_id': 354758156, 'osm_type': 'government'}",chennai_bld_000400,7,7,100.0,-4.1728515625,-6.402612958635602,-2.229761941092355,-1.2506449222564697,2.5355931296305907,-10.147067478724889,-10.984189714704241,-0.8371228490556989,-1.1539545059204102,2.8528186443347296
"{'osm_id': 354775257, 'osm_type': 'yes'}",chennai_bld_000401,6,6,100.0,-2.7443132400512695,-2.4260501861572266,0.3182630141576131,-0.4044668674468994,2.0436588961170687,-9.518771489461264,-6.575511296590169,2.9432601928710938,2.1433563232421875,2.9255892664267
"{'osm_id': 354775259, 'osm_type': 'yes'}",chennai_bld_000402,4,4,100.0,0.7826615571975708,-5.3828630447387695,-6.165524005889893,-6.451737403869629,4.638248033606618,-8.520729064941406,-9.75156307220459,-1.2308341264724731,-2.354975700378418,2.1029026429605837
"{'osm_id': 354775260, 'osm_type': 'yes'}",chennai_bld_000403,6,6,100.0,8.076353073120117,7.631622314453125,-0.4447309176127116,-1.2014551162719727,2.925692557851844,-10.899276733398438,-12.44638188680013,-1.5471051534016926,-1.830564022064209,2.0767252109968815
"{'osm_id': 354775261, 'osm_type': 'yes'}",chennai_bld_000404,4,4,100.0,-1.0131328105926514,1.0903184413909912,2.103451728820801,1.850567102432251,2.5757341539835683,-15.681705474853516,-15.221932411193848,0.45977306365966797,-0.17814874649047852,2.8549289720438917
"{'osm_id': 354775264, 'osm_type': 'yes'}",chennai_bld_000405,4,4,100.0,-4.362293243408203,-5.682973861694336,-1.3206804990768433,-1.8071794509887695,2.444964734863418,-15.759819984436035,-13.66071891784668,2.099100351333618,1.9591388702392578,2.1188917930130295
"{'osm_id': 354775266, 'osm_type': 'yes'}",chennai_bld_000406,2,2,100.0,3.5098345279693604,-0.19752690196037292,-3.7073614597320557,-3.7073614597320557,1.2180883884429932,-15.21860122680664,-11.75590705871582,3.4626951217651367,3.4626951217651367,0.0061244964599609375
"{'osm_id': 354775269, 'osm_type': 'yes'}",chennai_bld_000407,2,2,100.0,0.7809335589408875,0.3859543800354004,-0.39497917890548706,-0.39497917890548706,0.045088231563568115,-13.48878288269043,-15.11539363861084,-1.626610279083252,-1.626610279083252,2.106600284576416
"{'osm_id': 354775272, 'osm_type': 'yes'}",chennai_bld_000408,6,6,100.0,-0.633629560470581,-0.29519979159037274,0.33842984835306805,0.7299785614013672,2.2129059334053776,-11.380719502766928,-11.368708292643229,0.012010534604390463,1.7253121137619019,4.646796354822385
"{'osm_id': 354775274, 'osm_type': 'yes'}",chennai_bld_000409,4,4,100.0,0.3113601803779602,-0.8272008895874023,-1.1385608911514282,-1.321273922920227,2.9585591433671077,-12.949687957763672,-14.781705856323242,-1.8320190906524658,-1.93253755569458,1.8954483314278678
"{'osm_id': 354775276, 'osm_type': 'yes'}",chennai_bld_000410,2,2,100.0,-2.5253102779388428,-5.368948459625244,-2.8436379432678223,-2.8436379432678223,4.281247496604921,-12.913944244384766,-12.263874053955078,0.6500697135925293,0.6500697135925293,1.8096957206726074
"{'osm_id': 354775278, 'osm_type': 'yes'}",chennai_bld_000411,2,2,100.0,-8.592012405395508,-5.626900672912598,2.96511173248291,2.96511173248291,2.430129051208496,-12.278990745544434,-10.390469551086426,1.8885211944580078,1.8885211944580078,2.6332597732543945
"{'osm_id': 354775279, 'osm_type': 'yes'}",chennai_bld_000412,2,2,100.0,5.7451701164245605,4.1427001953125,-1.60247004032135,-1.60247004032135,3.3049768209457397,-13.743234634399414,-10.96982479095459,2.7734103202819824,2.7734103202819824,0.07661008834838867
"{'osm_id': 354775281, 'osm_type': 'yes'}",chennai_bld_000413,4,4,100.0,4.049765586853027,1.9136202335357666,-2.1361453533172607,-2.414034366607666,1.8948233318031729,-5.948973178863525,-9.755135536193848,-3.8061623573303223,-3.6241908073425293,1.8965524666037892
"{'osm_id': 354775283, 'osm_type': 'yes'}",chennai_bld_000414,2,2,100.0,-0.4057096242904663,-1.14909029006958,-0.7433806657791138,-0.7433806657791138,0.5923448801040649,-12.954261779785156,-12.777444839477539,0.1768169403076172,0.1768169403076172,1.0804071426391602
"{'osm_id': 354775284, 'osm_type': 'yes'}",chennai_bld_000415,6,6,100.0,7.4883270263671875,7.98892339070638,0.5005966027577718,1.0420897006988525,2.934285077688961,-10.777271270751953,-12.450303395589193,-1.673032283782959,-1.6349406242370605,2.301834345810564
"{'osm_id': 354775285, 'osm_type': 'yes'}",chennai_bld_000416,8,8,100.0,-0.23745787143707275,0.5958503484725952,0.8333081603050232,-0.1368986964225769,2.6918928073604493,-11.032408714294434,-11.245733261108398,-0.21332508325576782,-0.1896200180053711,1.8511716574474677
"{'osm_id': 354775286, 'osm_type': 'yes'}",chennai_bld_000417,4,4,100.0,-3.785566806793213,-5.42624044418335,-1.6406737565994263,-2.5506365299224854,4.666518620961721,-13.793394088745117,-14.286933898925781,-0.49354028701782227,-1.0760788917541504,1.4269728660127785
"{'osm_id': 354775287, 'osm_type': 'yes'}",chennai_bld_000418,1,1,100.0,-10.700498580932617,-5.305257797241211,5.395240783691406,5.395240783691406,0.0,-15.83051586151123,-11.308734893798828,4.521780967712402,4.521780967712402,0.0
"{'osm_id': 354775289, 'osm_type': 'yes'}",chennai_bld_000419,6,6,100.0,1.5153175989786785,-1.659678300221761,-3.17499574025472,-3.247648239135742,2.168887484559277,-8.831136067708334,-7.804525375366211,1.0266110102335613,1.131812572479248,2.434222497540317
"{'osm_id': 354775293, 'osm_type': 'yes'}",chennai_bld_000420,2,2,100.0,1.139204502105713,0.9496066570281982,-0.18959780037403107,-0.18959780037403107,0.16029314696788788,-10.481400489807129,-12.694913864135742,-2.2135133743286133,-2.2135133743286133,2.6935033798217773
"{'osm_id': 354775295, 'osm_type': 'yes'}",chennai_bld_000421,4,4,100.0,-3.9835448265075684,-4.7703328132629395,-0.7867882251739502,-0.5069231986999512,1.8431551445563872,-12.850347518920898,-14.197056770324707,-1.346709966659546,-2.4365949630737305,4.317372909199809
"{'osm_id': 354775298, 'osm_type': 'yes'}",chennai_bld_000422,4,4,100.0,-3.740666151046753,-4.035646915435791,-0.2949807643890381,-0.7066760063171387,2.2214659071193017,-11.359711647033691,-10.171189308166504,1.188522219657898,0.9703335762023926,3.6738160307406647
"{'osm_id': 354775306, 'osm_type': 'yes'}",chennai_bld_000423,4,4,100.0,-3.558469533920288,-4.588414669036865,-1.0299450159072876,-1.147666096687317,4.759649620530434,-13.039192199707031,-11.578665733337402,1.460526943206787,0.9570965766906738,2.5021661316142794
"{'osm_id': 354775307, 'osm_type': 'yes'}",chennai_bld_000424,2,2,100.0,-2.8139095306396484,-6.000865936279297,-3.1869564056396484,-3.1869564056396484,0.9311189651489258,-17.059953689575195,-17.53888702392578,-0.47893333435058594,-0.47893333435058594,0.4950294494628906
"{'osm_id': 354775311, 'osm_type': 'yes'}",chennai_bld_000425,4,4,100.0,-3.4747238159179688,-3.6025044918060303,-0.1277804970741272,-0.24100035429000854,0.5893518662857391,-11.250077247619629,-10.48233699798584,0.7677392959594727,0.635103702545166,2.3713329403856807
"{'osm_id': 354775312, 'osm_type': 'yes'}",chennai_bld_000426,6,6,100.0,-1.7922569910685222,-1.3172214825948079,0.4750353495279948,-0.3062014579772949,4.528590870520505,-14.143294016520182,-13.211949666341146,0.9313446680704752,1.3691725730895996,1.4680535505256131
"{'osm_id': 354775313, 'osm_type': 'yes'}",chennai_bld_000427,3,3,100.0,-4.861232757568359,-2.7638492584228516,2.097383658091227,1.8509440422058105,0.6269750597200927,-10.40458869934082,-11.427897135416666,-1.0233078002929688,0.43663883209228516,3.8638495851033543
"{'osm_id': 354775315, 'osm_type': 'yes'}",chennai_bld_000428,2,2,100.0,3.118709087371826,1.1463415622711182,-1.9723674058914185,-1.9723674058914185,0.19245612621307373,-11.18198013305664,-10.528038024902344,0.6539411544799805,0.6539411544799805,2.536540985107422
"{'osm_id': 354775316, 'osm_type': 'yes'}",chennai_bld_000429,4,4,100.0,3.4977893829345703,1.7136625051498413,-1.7841269969940186,-1.181870937347412,1.6466627909192544,-12.702961921691895,-13.368196487426758,-0.6652343273162842,0.1257610321044922,1.8112795748737471
"{'osm_id': 354775318, 'osm_type': 'yes'}",chennai_bld_000430,5,5,100.0,1.844890022277832,-2.066967010498047,-3.9118572235107423,-3.417369842529297,0.8825624783245267,-10.081157684326172,-9.642852783203125,0.4383053779602051,1.305516242980957,3.085078925566055
"{'osm_id': 354775319, 'osm_type': 'yes'}",chennai_bld_000431,2,2,100.0,-6.548649787902832,-4.986871719360352,1.5617780685424805,1.5617780685424805,1.0267953872680664,-10.733522415161133,-11.10372543334961,-0.37020301818847656,-0.37020301818847656,0.37453556060791016
"{'osm_id': 354775320, 'osm_type': 'yes'}",chennai_bld_000432,3,3,100.0,4.300539652506511,6.290842692057292,1.9903031984965007,-0.10992717742919922,4.0457561387796686,-10.728506724039713,-12.289291381835938,-1.5607837041219075,-1.7151107788085938,1.346369747834585
"{'osm_id': 354775321, 'osm_type': 'yes'}",chennai_bld_000433,2,2,100.0,3.4116885662078857,1.1625301837921143,-2.2491583824157715,-2.2491583824157715,1.1880173683166504,-12.63039493560791,-13.386966705322266,-0.7565722465515137,-0.7565722465515137,2.588871479034424
"{'osm_id': 354775323, 'osm_type': 'yes'}",chennai_bld_000434,4,4,100.0,-5.961696147918701,-8.76445484161377,-2.8027586936950684,-2.1113123893737793,1.452400383223016,-14.09512996673584,-15.207423210144043,-1.1122944355010986,-1.1668100357055664,2.6288752297887212
"{'osm_id': 354775325, 'osm_type': 'yes'}",chennai_bld_000435,1,1,100.0,-0.8622500896453857,-3.187323808670044,-2.325073719024658,-2.325073719024658,0.0,-14.295072555541992,-17.33807945251465,-3.0430068969726562,-3.0430068969726562,0.0
"{'osm_id': 354775327, 'osm_type': 'yes'}",chennai_bld_000436,2,2,100.0,-2.343090534210205,-3.8298778533935547,-1.4867875576019287,-1.4867875576019287,0.20866107940673828,-8.574899673461914,-10.801589965820312,-2.2266898155212402,-2.2266898155212402,0.12215948104858398
"{'osm_id': 354775328, 'osm_type': 'yes'}",chennai_bld_000437,2,2,100.0,-1.7541590929031372,-3.1398401260375977,-1.3856810331344604,-1.3856810331344604,1.0848132520914078,-11.421797752380371,-13.620159149169922,-2.198361873626709,-2.198361873626709,1.4667086601257324
"{'osm_id': 354775337, 'osm_type': 'yes'}",chennai_bld_000438,4,4,100.0,1.627990961074829,1.6146761178970337,-0.01331472396850586,-0.07808952033519745,3.519109120114098,-12.199609756469727,-11.786855697631836,0.41275501251220703,1.4231057167053223,2.4226376979286313
"{'osm_id': 354775342, 'osm_type': 'yes'}",chennai_bld_000439,2,2,100.0,1.1786079406738281,-3.011422634124756,-4.190030574798584,-4.190030574798584,1.6696749925613446,-12.835677146911621,-11.172635078430176,1.6630420684814453,1.6630420684814453,2.307663917541504
"{'osm_id': 354775343, 'osm_type': 'yes'}",chennai_bld_000440,2,2,100.0,5.16451358795166,0.7503793239593506,-4.4141340255737305,-4.4141340255737305,0.37452244758613545,-8.282923698425293,-11.041550636291504,-2.758626937866211,-2.758626937866211,0.7371673583984375
"{'osm_id': 354775344, 'osm_type': 'yes'}",chennai_bld_000441,4,4,100.0,-3.751664161682129,-3.9141736030578613,-0.16250956058502197,-0.6484123468399048,1.6763417233603006,-8.014589309692383,-8.161818504333496,-0.14722907543182373,0.12133026123046875,1.0619585649439303
"{'osm_id': 354775348, 'osm_type': 'yes'}",chennai_bld_000442,4,4,100.0,-1.8906739950180054,-5.101938724517822,-3.2112648487091064,-3.622020959854126,1.3199393699486017,-12.372093200683594,-13.008838653564453,-0.6367459297180176,-0.9281220436096191,1.9823332024405542
"{'osm_id': 354775349, 'osm_type': 'yes'}",chennai_bld_000443,3,3,100.0,-0.20058715343475342,-5.5817445119222,-5.381157557169597,-6.444413661956787,1.9317183767781974,-14.329182942708334,-14.120648701985678,0.20853455861409506,0.8680124282836914,1.5244171467397993
"{'osm_id': 354775350, 'osm_type': 'yes'}",chennai_bld_000444,6,6,100.0,-2.2635602951049805,-4.524922053019206,-2.261361916859945,-1.6873236894607544,2.553708080257883,-13.416852315266928,-12.954152425130209,0.46270116170247394,0.03414297103881836,3.716772022825587
"{'osm_id': 354775351, 'osm_type': 'yes'}",chennai_bld_000445,2,2,100.0,-3.746981620788574,-3.0966501235961914,0.6503314971923828,0.6503314971923828,0.073028564453125,-13.910602569580078,-14.25383472442627,-0.3432326316833496,-0.3432326316833496,0.3497614860534668
"{'osm_id': 354775355, 'osm_type': 'yes'}",chennai_bld_000446,3,3,100.0,-6.325167338053386,-5.391159693400065,0.9340079625447592,2.588573455810547,4.473744676016275,-14.518250783284506,-12.519617716471354,1.9986324310302734,1.4697837829589844,1.881771459418067
"{'osm_id': 354775357, 'osm_type': 'yes'}",chennai_bld_000447,8,8,100.0,-0.8312302827835083,-2.5009043216705322,-1.6696741580963135,-1.5159739255905151,2.7138617083648136,-10.400275230407715,-9.93395709991455,0.46631842851638794,0.1270279884338379,1.4071344817245708
"{'osm_id': 354775360, 'osm_type': 'yes'}",chennai_bld_000448,4,4,100.0,-2.340742588043213,-2.4832396507263184,-0.14249694347381592,0.834481954574585,2.5091849046287265,-11.263296127319336,-11.61632251739502,-0.3530256748199463,-0.785728931427002,2.8517967810938996
"{'osm_id': 354775362, 'osm_type': 'yes'}",chennai_bld_000449,2,2,100.0,-5.268001079559326,-5.539137840270996,-0.2711365222930908,-0.2711365222930908,0.7434375286102295,-9.505912780761719,-12.93356704711914,-3.4276552200317383,-3.4276552200317383,1.3542566299438477
"{'osm_id': 354775363, 'osm_type': 'yes'}",chennai_bld_000450,4,4,100.0,-2.8533763885498047,-1.0715343952178955,1.7818418741226196,1.798548698425293,1.1623111894289042,-11.727862358093262,-12.761049270629883,-1.0331871509552002,-2.648195743560791,3.1541566664921783
"{'osm_id': 354775364, 'osm_type': 'yes'}",chennai_bld_000451,2,2,100.0,3.781219720840454,6.869183540344238,3.087963819503784,3.087963819503784,4.326819181442261,-12.525444984436035,-13.728376388549805,-1.2029318809509277,-1.2029318809509277,1.46443510055542
"{'osm_id': 354775366, 'osm_type': 'yes'}",chennai_bld_000452,4,4,100.0,-1.394340991973877,-2.692575693130493,-1.298234462738037,-0.602224588394165,2.6040523907995534,-12.971820831298828,-11.268953323364258,1.7028682231903076,0.5898728370666504,3.059260199656749
"{'osm_id': 354775369, 'osm_type': 'yes'}",chennai_bld_000453,2,2,100.0,1.9209027290344238,-0.8601924777030945,-2.781095027923584,-2.781095027923584,0.2562419176101962,-9.16008186340332,-8.489934921264648,0.6701467037200928,0.6701467037200928,1.7611720561981201
"{'osm_id': 354775371, 'osm_type': 'yes'}",chennai_bld_000454,1,1,100.0,4.6076884269714355,2.0844457149505615,-2.523242712020874,-2.523242712020874,0.0,-12.595888137817383,-11.074974060058594,1.520914077758789,1.520914077758789,0.0
"{'osm_id': 354775375, 'osm_type': 'yes'}",chennai_bld_000455,4,4,100.0,-2.3247456550598145,-2.029101610183716,0.29564398527145386,-0.008590102195739746,3.143371928458252,-12.78880786895752,-13.13841438293457,-0.3496074676513672,1.220458984375,3.0553192613100384
"{'osm_id': 354775378, 'osm_type': 'yes'}",chennai_bld_000456,4,4,100.0,-3.698198080062866,-3.5573997497558594,0.14079821109771729,-1.7255816459655762,3.4407420075420454,-10.614994049072266,-10.81739330291748,-0.20239949226379395,-1.2584052085876465,2.734277843360397
"{'osm_id': 354775380, 'osm_type': 'yes'}",chennai_bld_000457,2,2,100.0,0.947232723236084,-0.7371786832809448,-1.6844114065170288,-1.6844114065170288,0.8445054292678833,-12.180587768554688,-14.409406661987305,-2.228818416595459,-2.228818416595459,0.3876919746398926
"{'osm_id': 354775382, 'osm_type': 'yes'}",chennai_bld_000458,2,2,100.0,-5.914612770080566,-6.5363264083862305,-0.6217136383056641,-0.6217136383056641,1.3450736999511719,-14.035298347473145,-13.148813247680664,0.8864846229553223,0.8864846229553223,1.5794787406921387
"{'osm_id': 354775383, 'osm_type': 'yes'}",chennai_bld_000459,8,8,100.0,4.5438032150268555,4.090980052947998,-0.4528232514858246,-0.19609880447387695,1.9019898008602796,-9.973661422729492,-10.386984825134277,-0.41332411766052246,-1.047004222869873,2.164491314890367
"{'osm_id': 354775386, 'osm_type': 'yes'}",chennai_bld_000460,10,10,100.0,-6.938717651367187,-8.563154602050782,-1.6244361877441407,-1.543149709701538,2.994839892949696,-13.3406494140625,-14.837396240234375,-1.496746826171875,-2.1288986206054688,4.066695619993609
"{'osm_id': 354775387, 'osm_type': 'yes'}",chennai_bld_000461,2,2,100.0,-5.914612770080566,-6.5363264083862305,-0.6217136383056641,-0.6217136383056641,1.3450736999511719,-14.035298347473145,-13.148813247680664,0.8864846229553223,0.8864846229553223,1.5794787406921387
"{'osm_id': 354775389, 'osm_type': 'yes'}",chennai_bld_000462,2,2,100.0,-1.9475244283676147,-6.597456932067871,-4.649932861328125,-4.649932861328125,0.5318574905395508,-15.559066772460938,-15.311156272888184,0.2479104995727539,0.2479104995727539,1.2218732833862305
"{'osm_id': 354775391, 'osm_type': 'yes'}",chennai_bld_000463,6,6,100.0,0.6013286511103312,-1.0633292198181152,-1.6646579106648762,-0.9427422285079956,5.563806519691274,-10.83636728922526,-12.656982421875,-1.820615291595459,-1.8156065940856934,2.8238707611010367
"{'osm_id': 354775393, 'osm_type': 'yes'}",chennai_bld_000464,4,4,100.0,5.561899662017822,1.4616789817810059,-4.100220680236816,-4.320806503295898,0.8980104932020305,-13.563888549804688,-12.066339492797852,1.497548222541809,2.27987003326416,2.4559868851288065
"{'osm_id': 354775396, 'osm_type': 'yes'}",chennai_bld_000465,4,4,100.0,-1.073725938796997,-2.530073881149292,-1.456347942352295,-1.378286361694336,1.8441780622366297,-13.011903762817383,-14.721513748168945,-1.7096099853515625,-2.8067731857299805,2.4940103400525806
"{'osm_id': 354775401, 'osm_type': 'yes'}",chennai_bld_000466,9,9,100.0,-4.0037587483723955,-5.797447204589844,-1.7936890920003254,-0.2396221160888672,3.9323417722360805,-12.148196750217014,-14.893027411566841,-2.744831297132704,-2.576216697692871,4.134344678448912
"{'osm_id': 354775403, 'osm_type': 'yes'}",chennai_bld_000467,2,2,100.0,-1.9475244283676147,-6.597456932067871,-4.649932861328125,-4.649932861328125,0.5318574905395508,-15.559066772460938,-15.311156272888184,0.2479104995727539,0.2479104995727539,1.2218732833862305
"{'osm_id': 354775407, 'osm_type': 'yes'}",chennai_bld_000468,4,4,100.0,2.3312935829162598,6.591308116912842,4.26001501083374,5.432065963745117,3.2774452554122138,-13.754380226135254,-14.009844779968262,-0.255465030670166,0.08033895492553711,1.5113788217313753
"{'osm_id': 354775408, 'osm_type': 'yes'}",chennai_bld_000469,5,5,100.0,2.0307498931884767,1.119651985168457,-0.9110979080200196,-0.3193626403808594,1.0990184482109315,-10.856568145751954,-11.23345947265625,-0.3768917083740234,0.0942220687866211,2.0517847761967603
"{'osm_id': 354775411, 'osm_type': 'yes'}",chennai_bld_000470,6,6,100.0,-2.509099324544271,0.23683255910873413,2.74593194325765,2.2147178649902344,2.987736853131073,-8.228213628133139,-8.051762898763021,0.17645049095153809,1.0061993598937988,2.3525124751665585
"{'osm_id': 354775412, 'osm_type': 'yes'}",chennai_bld_000471,8,8,100.0,2.988497495651245,0.12604427337646484,-2.862452983856201,-2.9845590591430664,3.778113368935011,-13.835655212402344,-16.46815299987793,-2.632497787475586,-0.768244743347168,4.723588157592511
"{'osm_id': 354775413, 'osm_type': 'yes'}",chennai_bld_000472,2,2,100.0,-0.6717076301574707,2.4667751789093018,3.1384828090667725,3.1384828090667725,0.6919848918914795,-14.195423126220703,-13.403371810913086,0.792050838470459,0.792050838470459,0.5939860343933105
"{'osm_id': 354775415, 'osm_type': 'yes'}",chennai_bld_000473,4,4,100.0,-3.502440929412842,-5.174060344696045,-1.671619176864624,-1.8174291849136353,1.8195967501484396,-11.6874361038208,-13.822945594787598,-2.135509967803955,-1.350442886352539,2.256090600923734
"{'osm_id': 354775416, 'osm_type': 'yes'}",chennai_bld_000474,4,4,100.0,-3.9188179969787598,-4.1203532218933105,-0.20153498649597168,0.5938117504119873,1.9766333525984194,-12.828535079956055,-16.333452224731445,-3.5049169063568115,-3.3845391273498535,2.7109974057455193
"{'osm_id': 354794847, 'osm_type': 'yes'}",chennai_bld_000475,13,13,100.0,-3.1990092350886417,-4.77685312124399,-1.5778438861553485,-1.2038660049438477,2.8187903794227602,-10.734664916992188,-13.211641751802885,-2.4769762479341946,-1.3507671356201172,3.2190820103375417
"{'osm_id': 354794848, 'osm_type': 'yes'}",chennai_bld_000476,4,4,100.0,-0.0793854296207428,-4.139334678649902,-4.0599493980407715,-4.023016929626465,1.966150037353418,-9.027082443237305,-11.850822448730469,-2.823739528656006,-4.07455587387085,3.5090493976694845
"{'osm_id': 354794853, 'osm_type': 'yes'}",chennai_bld_000477,4,4,100.0,-5.4946160316467285,-5.267374038696289,0.227242112159729,0.360614538192749,1.7142934720731144,-14.502120971679688,-13.69248104095459,0.8096399307250977,0.2425379753112793,2.7431054040962493
"{'osm_id': 354794854, 'osm_type': 'yes'}",chennai_bld_000478,2,2,100.0,-0.7477266192436218,0.26308438181877136,1.0108110904693604,1.0108110904693604,1.1291113495826737,-11.719600677490234,-11.217281341552734,0.5023193359375,0.5023193359375,0.5651540756225586
"{'osm_id': 354794857, 'osm_type': 'yes'}",chennai_bld_000479,2,2,100.0,1.3389983177185059,-5.975377082824707,-7.314374923706055,-7.314374923706055,0.3701021671295934,-11.198587417602539,-15.878545761108398,-4.679957866668701,-4.679957866668701,1.520780086517334
"{'osm_id': 354794859, 'osm_type': 'yes'}",chennai_bld_000480,1,1,100.0,9.777383804321289,5.432724475860596,-4.344659328460693,-4.344659328460693,0.0,-14.305341720581055,-15.43917465209961,-1.1338329315185547,-1.1338329315185547,0.0
"{'osm_id': 354794863, 'osm_type': 'yes'}",chennai_bld_000481,4,4,100.0,-1.2676180601119995,-1.832449197769165,-0.564831018447876,-0.9357245564460754,1.7874854547370913,-10.84179401397705,-11.377095222473145,-0.5353018045425415,0.5023193359375,3.245278211746865
"{'osm_id': 354794867, 'osm_type': 'yes'}",chennai_bld_000482,2,2,100.0,-1.9140971899032593,0.8854280710220337,2.799525260925293,2.799525260925293,1.2041281461715758,-10.641249656677246,-9.730629920959473,0.9106197357177734,0.9106197357177734,0.3765430450439453
"{'osm_id': 354794868, 'osm_type': 'yes'}",chennai_bld_000483,2,2,100.0,1.6287386417388916,-4.350686550140381,-5.979425430297852,-5.979425430297852,0.46118903160101377,-8.090179443359375,-12.164735794067383,-4.07455587387085,-4.07455587387085,1.7049412727355957
"{'osm_id': 354794877, 'osm_type': 'yes'}",chennai_bld_000484,6,6,100.0,-5.344207763671875,-7.281365712483724,-1.9371585845947266,-3.1210405826568604,3.532054766616391,-14.525609334309896,-16.697764078776043,-2.172154426574707,-1.6970148086547852,1.8648477630665352
"{'osm_id': 354794893, 'osm_type': 'yes'}",chennai_bld_000485,4,4,100.0,-2.245729446411133,-0.32695066928863525,1.918778657913208,2.52874493598938,2.1426231746877074,-11.927889823913574,-12.771119117736816,-0.8432289361953735,-2.2032406330108643,4.448768901592213
"{'osm_id': 354794896, 'osm_type': 'yes'}",chennai_bld_000486,4,4,100.0,-5.459115028381348,-5.849893569946289,-0.3907790184020996,-0.19928574562072754,1.1787677346088112,-13.7907075881958,-14.268241882324219,-0.47753405570983887,-0.10219430923461914,1.7361871301153258
"{'osm_id': 354794902, 'osm_type': 'yes'}",chennai_bld_000487,2,2,100.0,-1.561405062675476,-5.332686901092529,-3.7712817192077637,-3.7712817192077637,1.9783025383949289,-9.739984512329102,-11.484627723693848,-1.744642734527588,-1.744642734527588,1.344191074371338
"{'osm_id': 354794912, 'osm_type': 'yes'}",chennai_bld_000488,2,2,100.0,0.16826754808425903,-0.3803187608718872,-0.5485861301422119,-0.5485861301422119,4.516456365585327,-10.940567016601562,-13.608062744140625,-2.6674962043762207,-2.6674962043762207,1.516890048980713
"{'osm_id': 354794914, 'osm_type': 'yes'}",chennai_bld_000489,4,4,100.0,-6.19898796081543,-6.043056488037109,0.1559312343597412,-1.3676817417144775,3.0441084031829195,-12.534740447998047,-15.057676315307617,-2.5229361057281494,-2.574941635131836,1.4939597035622303
"{'osm_id': 354805291, 'osm_type': 'yes'}",chennai_bld_000490,2,2,100.0,-2.5874195098876953,-1.9635746479034424,0.6238449811935425,0.6238449811935425,0.14945518970489502,-8.375483512878418,-8.763534545898438,-0.38805079460144043,-0.38805079460144043,1.018761396408081
"{'osm_id': 354805292, 'osm_type': 'yes'}",chennai_bld_000491,11,11,100.0,-0.6626671877774325,-1.2519839893687854,-0.589316801591353,-0.8679075241088867,2.5102658156533817,-8.536978288130326,-10.341774680397727,-1.8047970858487217,-1.5139856338500977,2.3724443670796562
"{'osm_id': 354805293, 'osm_type': 'yes'}",chennai_bld_000492,10,10,100.0,-2.6667919158935547,-5.800637435913086,-3.1338457107543944,-3.1133229732513428,1.617225720512293,-12.724839782714843,-10.72460708618164,2.000233459472656,1.7278084754943848,2.208760333114791
"{'osm_id': 354805294, 'osm_type': 'yes'}",chennai_bld_000493,6,6,100.0,-1.5492065747578938,-1.4352815945943196,0.11392505963643391,0.3351503014564514,2.063956144128157,-6.421968460083008,-7.851025899251302,-1.429056962331136,-1.5504040718078613,1.2220486604919236
"{'osm_id': 354808148, 'osm_type': 'apartments'}",chennai_bld_000494,4,4,100.0,-0.40833038091659546,-3.604948043823242,-3.196617603302002,-2.985999584197998,1.838667958259945,-11.808387756347656,-12.911563873291016,-1.1031770706176758,-2.41829776763916,2.665331382676078
"{'osm_id': 354808150, 'osm_type': 'yes'}",chennai_bld_000495,4,4,100.0,-2.7305679321289062,-3.8735687732696533,-1.1430009603500366,-0.9860434532165527,2.9169230755503497,-13.506134033203125,-15.296262741088867,-1.7901279926300049,-2.0179758071899414,2.279560522406699
"{'osm_id': 354808151, 'osm_type': 'yes'}",chennai_bld_000496,4,4,100.0,-2.109675407409668,-1.3551357984542847,0.7545398473739624,0.5776653289794922,4.007798988375981,-15.301403045654297,-13.538046836853027,1.7633554935455322,1.5889477729797363,2.7548670054703672
"{'osm_id': 354808154, 'osm_type': 'yes'}",chennai_bld_000497,1,1,100.0,-2.7294657230377197,-1.4834458827972412,1.2460198402404785,1.2460198402404785,0.0,-12.793434143066406,-12.133866310119629,0.6595678329467773,0.6595678329467773,0.0
"{'osm_id': 354808155, 'osm_type': 'yes'}",chennai_bld_000498,2,2,100.0,-4.516043663024902,-5.766545295715332,-1.2505016326904297,-1.2505016326904297,4.217456817626953,-14.388334274291992,-15.901227951049805,-1.5128931999206543,-1.5128931999206543,2.5792317390441895
"{'osm_id': 354808156, 'osm_type': 'yes'}",chennai_bld_000499,2,2,100.0,-3.060643196105957,-6.663501739501953,-3.602858543395996,-3.602858543395996,2.0146285295486486,-13.262828826904297,-12.924036979675293,0.3387923240661621,0.3387923240661621,0.2574009895324707
"{'osm_id': 354808158, 'osm_type': 'yes'}",chennai_bld_000500,4,4,100.0,6.322328090667725,5.991522789001465,-0.3308054208755493,-0.19056034088134766,1.9088122832425376,-9.473495483398438,-6.529153823852539,2.9443414211273193,4.313457489013672,2.6152304538989184
"{'osm_id': 354808159, 'osm_type': 'yes'}",chennai_bld_000501,2,2,100.0,-0.0789232850074768,-1.9376413822174072,-1.8587181568145752,-1.8587181568145752,0.3692806363105822,-14.682270050048828,-16.64253044128418,-1.9602603912353516,-1.9602603912353516,1.9710502624511719
"{'osm_id': 354808160, 'osm_type': 'yes'}",chennai_bld_000502,6,6,100.0,-3.9693285624186196,-4.070058822631836,-0.10073037942250569,-0.9731862545013428,1.985744790555175,-13.56701405843099,-14.520136515299479,-0.9531224568684896,-1.1539263725280762,0.969598526879987
"{'osm_id': 354808161, 'osm_type': 'yes'}",chennai_bld_000503,2,2,100.0,-2.8809244632720947,-2.719705104827881,0.1612192988395691,0.1612192988395691,0.8526142239570618,-14.566622734069824,-12.86270523071289,1.7039175033569336,1.7039175033569336,2.250288963317871
"{'osm_id': 354808163, 'osm_type': 'yes'}",chennai_bld_000504,4,4,100.0,2.810769557952881,1.6458852291107178,-1.164884328842163,-1.8587181568145752,1.8859915979688462,-11.63169002532959,-11.83465576171875,-0.20296525955200195,-0.7727477550506592,3.1414279198933746
"{'osm_id': 354808164, 'osm_type': 'yes'}",chennai_bld_000505,2,2,100.0,0.4924410581588745,1.1142586469650269,0.6218175888061523,0.6218175888061523,0.7537152767181396,-9.434396743774414,-10.778709411621094,-1.344313621520996,-1.344313621520996,1.0993995666503906
"{'osm_id': 354808165, 'osm_type': 'yes'}",chennai_bld_000506,4,4,100.0,0.6599396467208862,-2.9249279499053955,-3.584867477416992,-3.6498665809631348,0.7980175949283057,-10.465775489807129,-13.399486541748047,-2.9337117671966553,-2.829200267791748,2.6396394493503417
"{'osm_id': 354808166, 'osm_type': 'yes'}",chennai_bld_000507,4,4,100.0,-5.2350053787231445,-4.878939628601074,0.3560662865638733,-0.47850167751312256,2.778888714825883,-12.7277250289917,-13.509385108947754,-0.7816603183746338,-1.5517730712890625,2.0532577119304767
"{'osm_id': 354808168, 'osm_type': 'yes'}",chennai_bld_000508,4,4,100.0,-0.7912745475769043,-4.623137474060059,-3.8318629264831543,-3.6498665809631348,1.1196518905115564,-12.658382415771484,-13.956940650939941,-1.2985584735870361,-0.07854557037353516,2.7916769839545066
"{'osm_id': 354808170, 'osm_type': 'yes'}",chennai_bld_000509,2,2,100.0,-4.054248332977295,-3.9242193698883057,0.13002914190292358,0.13002914190292358,0.8214240670204163,-15.293292999267578,-13.957158088684082,1.336134910583496,1.336134910583496,2.6180715560913086
"{'osm_id': 354808172, 'osm_type': 'yes'}",chennai_bld_000510,4,4,100.0,-2.5986528396606445,-4.002455234527588,-1.4038023948669434,-1.137249231338501,1.899311510964544,-13.650511741638184,-14.649234771728516,-0.9987227916717529,-2.2536792755126953,2.9806977314567145
"{'osm_id': 354808174, 'osm_type': 'yes'}",chennai_bld_000511,2,2,100.0,-0.9189003109931946,0.008690789341926575,0.92759108543396,0.92759108543396,0.44794175028801064,-9.53907585144043,-9.687029838562012,-0.14795446395874023,-0.14795446395874023,0.09695959091186523
"{'osm_id': 354808175, 'osm_type': 'yes'}",chennai_bld_000512,4,4,100.0,-3.1474568843841553,-4.660053253173828,-1.512596607208252,-1.8523179292678833,3.166633675416984,-14.270670890808105,-13.993032455444336,0.27763819694519043,0.3387923240661621,1.4962276234653582
"{'osm_id': 354808176, 'osm_type': 'yes'}",chennai_bld_000513,2,2,100.0,-3.2342705726623535,-2.6566052436828613,0.5776653289794922,0.5776653289794922,2.6940712928771973,-15.27851390838623,-15.062029838562012,0.21648406982421875,0.21648406982421875,2.098489761352539
"{'osm_id': 354808177, 'osm_type': 'yes'}",chennai_bld_000514,4,4,100.0,-3.2920773029327393,-3.239590883255005,0.0524863600730896,-0.6030926704406738,3.032581585732015,-10.058321952819824,-12.83359146118164,-2.7752685546875,-2.473620891571045,0.6255371007688062
"{'osm_id': 354808178, 'osm_type': 'yes'}",chennai_bld_000515,4,4,100.0,3.4146432876586914,3.088487386703491,-0.3261560797691345,-0.3505535125732422,1.7489343460137905,-10.223470687866211,-8.514638900756836,1.7088313102722168,2.6359493732452393,3.0460561335225345
"{'osm_id': 354808179, 'osm_type': 'yes'}",chennai_bld_000516,2,2,100.0,5.700462341308594,5.229412078857422,-0.471050500869751,-0.471050500869751,2.4524986743927,-8.581110000610352,-7.026780128479004,1.5543298721313477,1.5543298721313477,3.1106152534484863
"{'osm_id': 354808180, 'osm_type': 'yes'}",chennai_bld_000517,2,2,100.0,1.2618343830108643,-2.608595848083496,-3.8704302310943604,-3.8704302310943604,0.6773359775543213,-10.193183898925781,-10.5172700881958,-0.32408618927001953,-0.32408618927001953,0.2784090042114258
"{'osm_id': 354808182, 'osm_type': 'yes'}",chennai_bld_000518,4,4,100.0,-2.7008743286132812,-3.0534958839416504,-0.35262203216552734,-0.4206090569496155,0.9403695642287117,-12.192039489746094,-12.741243362426758,-0.5492045879364014,-1.462801456451416,2.774520526639322
"{'osm_id': 354808183, 'osm_type': 'yes'}",chennai_bld_000519,2,2,100.0,-0.7946285009384155,-3.6510519981384277,-2.8564236164093018,-2.8564236164093018,0.3366706371307373,-12.137411117553711,-11.941844940185547,0.19556570053100586,0.19556570053100586,0.7980608940124512
"{'osm_id': 354808184, 'osm_type': 'yes'}",chennai_bld_000520,2,2,100.0,-5.935329437255859,-4.277676105499268,1.6576529741287231,1.6576529741287231,3.1435917615890503,-11.472269058227539,-13.945889472961426,-2.473620891571045,-2.473620891571045,0.10170316696166992
"{'osm_id': 354808187, 'osm_type': 'yes'}",chennai_bld_000521,2,2,100.0,-3.3841044902801514,-2.952099323272705,0.4320051670074463,0.4320051670074463,0.5818283557891846,-11.049003601074219,-12.511804580688477,-1.462801456451416,-1.462801456451416,0.9164299964904785
"{'osm_id': 354808189, 'osm_type': 'yes'}",chennai_bld_000522,2,2,100.0,-1.1430575847625732,-4.080691337585449,-2.937633991241455,-2.937633991241455,1.3545304536819511,-12.007730484008789,-15.34131145477295,-3.333580493927002,-3.333580493927002,0.10815858840942383
"{'osm_id': 354808836, 'osm_type': 'yes'}",chennai_bld_000523,5,5,100.0,0.9247130393981934,0.10199756622314453,-0.8227153778076172,-0.17207765579223633,3.0617180769457826,-12.209048461914062,-11.92220230102539,0.28684635162353517,0.17733287811279297,2.2888689236084208
"{'osm_id': 354808844, 'osm_type': 'yes'}",chennai_bld_000524,2,2,100.0,2.7177419662475586,-0.8806732892990112,-3.5984153747558594,-3.5984153747558594,1.6687022447586102,-11.597002029418945,-9.917655944824219,1.6793456077575684,1.6793456077575684,0.28806352615356445
"{'osm_id': 354808848, 'osm_type': 'yes'}",chennai_bld_000525,4,4,100.0,3.611755132675171,7.5510969161987305,3.9393420219421387,2.9653561115264893,3.8038326329151038,-9.022324562072754,-9.043058395385742,-0.02073371410369873,-0.6638438701629639,3.3968063545596885
"{'osm_id': 354808856, 'osm_type': 'yes'}",chennai_bld_000526,11,11,100.0,-4.580968336625532,-4.891007163307884,-0.31003873998468573,-0.1905231475830078,3.481015550013065,-13.942590886896307,-15.02543085271662,-1.0828394456343218,-0.8029584884643555,1.6677609587299795
"{'osm_id': 354836460, 'osm_type': 'yes'}",chennai_bld_000527,3,3,100.0,-5.252759297688802,2.171290397644043,7.424049377441406,5.754396438598633,3.5305146633377658,-16.051114400227863,-14.695177714029947,1.3559376398722331,1.7771692276000977,1.3622640689492826
"{'osm_id': 354836461, 'osm_type': 'yes'}",chennai_bld_000528,9,9,100.0,1.3254458109537761,0.22978933652242026,-1.095656500922309,-1.5097973346710205,1.8017577131859268,-7.7093963623046875,-8.596579657660591,-0.8871831893920898,-1.476691484451294,3.116871599005439
"{'osm_id': 354836462, 'osm_type': 'yes'}",chennai_bld_000529,14,14,100.0,0.01479147161756243,-0.3731412887573242,-0.3879326411655971,-0.14249849319458008,4.619817699560988,-9.696304321289062,-8.556326059194712,0.8800494854266827,1.782409429550171,4.712210951420951
"{'osm_id': 354836463, 'osm_type': 'yes'}",chennai_bld_000530,4,4,100.0,-2.435727119445801,-1.678688406944275,0.7570386528968811,1.0022631883621216,2.0787004269824774,-13.677892684936523,-13.367059707641602,0.3108329772949219,0.7559108734130859,1.4714841089178035
"{'osm_id': 354836464, 'osm_type': 'yes'}",chennai_bld_000531,2,2,100.0,-3.3667688369750977,-5.45018196105957,-2.0834131240844727,-2.0834131240844727,0.770748019218454,-15.90427017211914,-11.151582717895508,4.752687931060791,4.752687931060791,2.187129497528076
"{'osm_id': 354836468, 'osm_type': 'yes'}",chennai_bld_000532,4,4,100.0,0.029718980193138123,-5.612049102783203,-5.641767978668213,-5.65199089050293,1.7153327385805224,-13.37883186340332,-14.319456100463867,-0.9406242370605469,-1.505509853363037,4.318762922057988
"{'osm_id': 354836470, 'osm_type': 'yes'}",chennai_bld_000533,2,2,100.0,-0.16902267932891846,0.2880648970603943,0.45708757638931274,0.45708757638931274,0.24364417791366577,-8.318181037902832,-9.723310470581055,-1.4051291942596436,-1.4051291942596436,0.5231387615203857
"{'osm_id': 354836474, 'osm_type': 'yes'}",chennai_bld_000534,4,4,100.0,-2.9181742668151855,-1.394477128982544,1.5236971378326416,0.09341692924499512,2.677370085751112,-14.419456481933594,-12.934479713439941,1.4849765300750732,0.5995025634765625,3.9568852933342185
"{'osm_id': 354836476, 'osm_type': 'yes'}",chennai_bld_000535,2,2,100.0,0.034003496170043945,1.888847827911377,1.8548444509506226,1.8548444509506226,4.113802552223206,-13.56521224975586,-13.350761413574219,0.21445035934448242,0.21445035934448242,0.6369194984436035
"{'osm_id': 354836477, 'osm_type': 'yes'}",chennai_bld_000536,3,3,100.0,0.9708811442057291,0.809513250986735,-0.16136789321899414,-1.0950337648391724,1.9397529559092959,-11.846524556477865,-12.516143798828125,-0.6696198781331381,0.09492874145507812,2.2004862172446065
"{'osm_id': 354836478, 'osm_type': 'yes'}",chennai_bld_000537,4,4,100.0,0.9909173250198364,1.2375152111053467,0.24659782648086548,-0.539039671421051,2.637292899776113,-11.000576972961426,-10.1372652053833,0.8633115291595459,0.22525739669799805,4.059165907435086
"{'osm_id': 354836480, 'osm_type': 'yes'}",chennai_bld_000538,1,1,100.0,-0.7925134301185608,-3.777894973754883,-2.985381603240967,-2.985381603240967,0.0,-12.14272689819336,-11.473313331604004,0.6694135665893555,0.6694135665893555,0.0
"{'osm_id': 354836481, 'osm_type': 'yes'}",chennai_bld_000539,2,2,100.0,-0.16044723987579346,-0.8947454690933228,-0.7342982292175293,-0.7342982292175293,0.8026885986328125,-11.977811813354492,-10.689873695373535,1.287938117980957,1.287938117980957,3.646958351135254
"{'osm_id': 354836485, 'osm_type': 'yes'}",chennai_bld_000540,2,2,100.0,-4.790047645568848,-9.220728874206543,-4.430681228637695,-4.430681228637695,0.07097196578979492,-15.859617233276367,-14.094496726989746,1.765120506286621,1.765120506286621,3.684140205383301
"{'osm_id': 354836490, 'osm_type': 'yes'}",chennai_bld_000541,2,2,100.0,9.508378982543945,6.432507514953613,-3.075871706008911,-3.075871706008911,0.04272150993347168,-13.289093971252441,-12.852301597595215,0.43679237365722656,0.43679237365722656,0.11176872253417969
"{'osm_id': 354836493, 'osm_type': 'yes'}",chennai_bld_000542,4,4,100.0,-4.143951416015625,-4.991504669189453,-0.8475534319877625,-0.6260379552841187,1.3704287523902206,-13.778376579284668,-10.874791145324707,2.903585433959961,3.612283706665039,3.508169289155415
"{'osm_id': 354836494, 'osm_type': 'yes'}",chennai_bld_000543,2,2,100.0,-0.8027703762054443,-3.2097270488739014,-2.406956672668457,-2.406956672668457,1.8334246277809152,-15.772160530090332,-14.199766159057617,1.5723938941955566,1.5723938941955566,2.4371466636657715
"{'osm_id': 354836499, 'osm_type': 'yes'}",chennai_bld_000544,2,2,100.0,-4.479668617248535,-3.0104284286499023,1.4692399501800537,1.4692399501800537,3.6527445316314697,-11.57384967803955,-8.646787643432617,2.9270620346069336,2.9270620346069336,0.5390205383300781
"{'osm_id': 354836500, 'osm_type': 'yes'}",chennai_bld_000545,2,2,100.0,-2.327974796295166,-1.1730620861053467,1.1549127101898193,1.1549127101898193,2.000270128250122,-10.150335311889648,-12.400632858276367,-2.2502965927124023,-2.2502965927124023,1.170060157775879
"{'osm_id': 354836501, 'osm_type': 'yes'}",chennai_bld_000546,6,6,100.0,-0.6421389579772949,0.41259082158406574,1.054729700088501,0.09341692924499512,1.980877022113674,-13.949284871419271,-12.632369995117188,1.3169148763020833,0.7342753410339355,3.1960988244136055
"{'osm_id': 354836502, 'osm_type': 'yes'}",chennai_bld_000547,6,6,100.0,3.1716124216715493,-0.7201392650604248,-3.8917516072591147,-3.427556037902832,2.141750514603114,-12.452643076578775,-14.297963460286459,-1.845320701599121,-1.878678798675537,2.058912263962187
"{'osm_id': 354836506, 'osm_type': 'yes'}",chennai_bld_000548,6,6,100.0,-0.031132221221923828,-2.91548760732015,-2.8843555450439453,-3.7361974716186523,2.9266713221183855,-13.09240468343099,-12.295700073242188,0.7967046101888021,0.35905933380126953,1.7120697680888584
"{'osm_id': 354836510, 'osm_type': 'yes'}",chennai_bld_000549,6,6,100.0,1.5302093823750813,0.2621872027715047,-1.268022060394287,-0.8300713300704956,1.5306884758306676,-12.356871287027994,-12.451166788736979,-0.09429613749186198,0.4269981384277344,3.0937685028868875
"{'osm_id': 354836511, 'osm_type': 'yes'}",chennai_bld_000550,4,4,100.0,-0.5268060564994812,-5.654731273651123,-5.127924919128418,-4.975143909454346,2.398853938572217,-12.476370811462402,-10.817086219787598,1.6592838764190674,1.1336174011230469,1.1750272284712608
"{'osm_id': 354836513, 'osm_type': 'yes'}",chennai_bld_000551,1,1,100.0,4.370473861694336,-0.5290977954864502,-4.899571418762207,-4.899571418762207,0.0,-15.529449462890625,-11.70960807800293,3.8198413848876953,3.8198413848876953,0.0
"{'osm_id': 354836518, 'osm_type': 'yes'}",chennai_bld_000552,1,1,100.0,-6.663364887237549,-11.165018081665039,-4.50165319442749,-4.50165319442749,0.0,-13.883476257324219,-15.802495956420898,-1.9190196990966797,-1.9190196990966797,0.0
"{'osm_id': 354836535, 'osm_type': 'yes'}",chennai_bld_000553,2,2,100.0,-1.2795603275299072,-5.248721122741699,-3.969161033630371,-3.969161033630371,0.39054834842683706,-15.559076309204102,-12.760366439819336,2.7987093925476074,2.7987093925476074,2.6505513191223145
"{'osm_id': 354836539, 'osm_type': 'yes'}",chennai_bld_000554,1,1,100.0,4.587450981140137,6.034111022949219,1.446660041809082,1.446660041809082,0.0,-12.722872734069824,-12.584691047668457,0.1381816864013672,0.1381816864013672,0.0
"{'osm_id': 354836542, 'osm_type': 'yes'}",chennai_bld_000555,4,4,100.0,0.30977296829223633,-1.4132493734359741,-1.7230224609375,-1.482083797454834,3.1251063600834117,-11.67331314086914,-14.602951049804688,-2.929638624191284,-2.279493808746338,3.3115503066749308
"{'osm_id': 354836548, 'osm_type': 'yes'}",chennai_bld_000556,1,1,100.0,2.4329488277435303,1.4826622009277344,-0.9502866268157959,-0.9502866268157959,0.0,-13.96243667602539,-11.701303482055664,2.2611331939697266,2.2611331939697266,0.0
"{'osm_id': 354836562, 'osm_type': 'yes'}",chennai_bld_000557,4,4,100.0,3.078803062438965,2.4018714427948,-0.6769313812255859,-0.5191184282302856,4.968047266963954,-12.009191513061523,-12.162038803100586,-0.1528472900390625,-0.3949904441833496,0.5910915600479792
"{'osm_id': 354836566, 'osm_type': 'yes'}",chennai_bld_000558,1,1,100.0,-0.07881555706262589,-1.3194109201431274,-1.2405953407287598,-1.2405953407287598,0.0,-8.422416687011719,-12.584461212158203,-4.162044525146484,-4.162044525146484,0.0
"{'osm_id': 354836573, 'osm_type': 'yes'}",chennai_bld_000559,5,5,100.0,12.03994369506836,9.704656982421875,-2.3352867126464845,-1.822908639907837,2.0769562153661587,-8.802426147460938,-8.688243865966797,0.11418218612670898,-0.353271484375,2.2165730307892835
"{'osm_id': 354836583, 'osm_type': 'yes'}",chennai_bld_000560,9,9,100.0,-4.7140757242838545,-5.516585456000434,-0.802509625752767,-0.49231529235839844,2.679065339837853,-15.282701280381945,-14.18722873263889,1.0954729715983074,0.5662422180175781,3.2802170675672984
"{'osm_id': 354836588, 'osm_type': 'yes'}",chennai_bld_000561,4,4,100.0,4.794897079467773,0.23294508457183838,-4.561951637268066,-3.6794872283935547,1.960394142537566,-16.976804733276367,-13.769776344299316,3.2070279121398926,2.279050827026367,3.1010349488016287
"{'osm_id': 354836590, 'osm_type': 'yes'}",chennai_bld_000562,8,8,100.0,4.227473258972168,0.46751052141189575,-3.759962320327759,-3.785003662109375,1.1139268720413367,-12.998055458068848,-14.011003494262695,-1.0129473209381104,-1.0038623809814453,1.8268421444055565
"{'osm_id': 354836607, 'osm_type': 'yes'}",chennai_bld_000563,2,2,100.0,-4.495636940002441,-5.892423152923584,-1.3967859745025635,-1.3967859745025635,1.4573752880096436,-14.407511711120605,-12.212624549865723,2.194887161254883,2.194887161254883,4.744930267333984
"{'osm_id': 354836610, 'osm_type': 'yes'}",chennai_bld_000564,4,4,100.0,0.1375780701637268,-1.5769339799880981,-1.7145119905471802,-1.0220674276351929,1.4778632112805954,-13.009605407714844,-12.93122673034668,0.07837820053100586,0.23300838470458984,2.9955467974594607
"{'osm_id': 354836612, 'osm_type': 'yes'}",chennai_bld_000565,2,2,100.0,2.768435001373291,1.5894893407821655,-1.1789456605911255,-1.1789456605911255,2.399666905403137,-11.301640510559082,-11.411317825317383,-0.10967683792114258,-0.10967683792114258,0.25783491134643555
"{'osm_id': 354836626, 'osm_type': 'yes'}",chennai_bld_000566,4,4,100.0,-3.9574036598205566,-3.84077787399292,0.11662590503692627,-0.9006597995758057,3.1321044345358056,-13.855013847351074,-9.603954315185547,4.251060485839844,3.838191032409668,1.6821196029880772
"{'osm_id': 354836633, 'osm_type': 'yes'}",chennai_bld_000567,2,2,100.0,1.453258991241455,-2.8914289474487305,-4.3446879386901855,-4.3446879386901855,3.499330520629883,-7.819314479827881,-14.025197982788086,-6.205883026123047,-6.205883026123047,2.7855262756347656
"{'osm_id': 354836635, 'osm_type': 'yes'}",chennai_bld_000568,2,2,100.0,-1.0418505668640137,-2.7163796424865723,-1.6745290756225586,-1.6745290756225586,0.9755401611328125,-11.875011444091797,-12.889348983764648,-1.0143370628356934,-1.0143370628356934,0.6839461326599121
"{'osm_id': 354836639, 'osm_type': 'yes'}",chennai_bld_000569,4,4,100.0,4.516447067260742,4.10903263092041,-0.40741443634033203,1.4848737716674805,4.8570971372262,-10.625103950500488,-16.76544761657715,-6.14034366607666,-6.090883731842041,1.5127519522472528
"{'osm_id': 354836642, 'osm_type': 'yes'}",chennai_bld_000570,2,2,100.0,6.123602867126465,2.9148952960968018,-3.208707332611084,-3.208707332611084,4.429428577423096,-10.453170776367188,-10.973316192626953,-0.5201449394226074,-0.5201449394226074,0.1526331901550293
"{'osm_id': 354836652, 'osm_type': 'yes'}",chennai_bld_000571,2,2,100.0,-1.348747968673706,-4.123724937438965,-2.7749767303466797,-2.7749767303466797,0.2885712385177859,-9.59307861328125,-8.55795669555664,1.0351228713989258,1.0351228713989258,0.31978416442871094
"{'osm_id': 354836658, 'osm_type': 'yes'}",chennai_bld_000572,1,1,100.0,-0.4754965901374817,-0.720823347568512,-0.24532675743103027,-0.24532675743103027,0.0,-12.861988067626953,-13.959660530090332,-1.097672462463379,-1.097672462463379,0.0
"{'osm_id': 354836660, 'osm_type': 'yes'}",chennai_bld_000573,1,1,100.0,7.0679450035095215,-0.5701907277107239,-7.63813591003418,-7.63813591003418,0.0,-11.585453987121582,-12.258232116699219,-0.6727781295776367,-0.6727781295776367,0.0
"{'osm_id': 354836664, 'osm_type': 'yes'}",chennai_bld_000574,1,1,100.0,0.058822277933359146,-4.181559085845947,-4.240381240844727,-4.240381240844727,0.0,-17.96647834777832,-13.956937789916992,4.009540557861328,4.009540557861328,0.0
"{'osm_id': 354836673, 'osm_type': 'yes'}",chennai_bld_000575,4,4,100.0,7.551588535308838,5.092093467712402,-2.4594950675964355,-3.075871706008911,2.4066892779921156,-11.467251777648926,-11.39311408996582,0.07413792610168457,0.23160266876220703,0.47833048438679593
"{'osm_id': 354836675, 'osm_type': 'yes'}",chennai_bld_000576,4,4,100.0,-3.5709524154663086,-3.843194007873535,-0.27224159240722656,-0.49944743514060974,2.449165551293775,-9.461262702941895,-14.475099563598633,-5.013835430145264,-2.486477851867676,6.896548025544136
"{'osm_id': 354836680, 'osm_type': 'yes'}",chennai_bld_000577,2,2,100.0,-2.0311524868011475,-2.7405972480773926,-0.7094447016716003,-0.7094447016716003,0.1359127163887024,-10.840456008911133,-12.983011245727539,-2.142554759979248,-2.142554759979248,1.2778019905090332
"{'osm_id': 354836688, 'osm_type': 'yes'}",chennai_bld_000578,2,2,100.0,-3.130936622619629,-4.0315961837768555,-0.9006597995758057,-0.9006597995758057,1.2828447818756104,-13.08732795715332,-9.249136924743652,3.838191032409668,3.838191032409668,0.37210845947265625
"{'osm_id': 354836693, 'osm_type': 'yes'}",chennai_bld_000579,2,2,100.0,0.5072466135025024,-3.3863987922668457,-3.8936455249786377,-3.8936455249786377,3.962035894393921,-18.546253204345703,-12.106310844421387,6.43994140625,6.43994140625,1.505044937133789
"{'osm_id': 354836697, 'osm_type': 'yes'}",chennai_bld_000580,4,4,100.0,10.770078659057617,8.209287643432617,-2.560790538787842,-2.9687042236328125,1.1203101629265857,-12.449085235595703,-12.877482414245605,-0.42839765548706055,-0.38564300537109375,0.496951184435899
"{'osm_id': 354836699, 'osm_type': 'yes'}",chennai_bld_000581,4,4,100.0,4.832131385803223,2.5664501190185547,-2.265681743621826,-2.0681943893432617,2.1184174540409253,-11.86876392364502,-11.792215347290039,0.07654857635498047,0.7506928443908691,2.5312968110308476
"{'osm_id': 354836704, 'osm_type': 'yes'}",chennai_bld_000582,6,6,100.0,-0.7472505569458008,-4.110853830973308,-3.3636032740275064,-2.1493871212005615,4.689190780975554,-11.541365305582682,-12.386505126953125,-0.8451399008433024,-0.429140567779541,2.5005904311137472
"{'osm_id': 354836708, 'osm_type': 'yes'}",chennai_bld_000583,7,7,100.0,-1.9908395494733537,-2.9724009377615794,-0.9815611158098493,-0.7026069164276123,0.9027228655800474,-11.687864031110491,-11.008855547223773,0.6790088926042829,2.5608606338500977,2.9899839685466905
"{'osm_id': 354836715, 'osm_type': 'yes'}",chennai_bld_000584,4,4,100.0,10.221139907836914,9.406206130981445,-0.8149337768554688,0.2444477081298828,2.458640312612765,-12.172248840332031,-11.738320350646973,0.433929443359375,-0.07714700698852539,3.793210192780711
"{'osm_id': 354836723, 'osm_type': 'yes'}",chennai_bld_000585,4,4,100.0,-1.840505599975586,-2.6897754669189453,-0.8492697477340698,-1.296604871749878,2.999902904338824,-13.20238971710205,-13.208222389221191,-0.005831718444824219,0.023491859436035156,1.2147383197523431
"{'osm_id': 354836726, 'osm_type': 'yes'}",chennai_bld_000586,1,1,100.0,6.020963668823242,8.560296058654785,2.539332389831543,2.539332389831543,0.0,-14.885668754577637,-14.790740013122559,0.09492874145507812,0.09492874145507812,0.0
"{'osm_id': 354836727, 'osm_type': 'yes'}",chennai_bld_000587,4,4,100.0,1.910495638847351,-2.046894073486328,-3.9573898315429688,-3.0284790992736816,1.9513134466087267,-14.135553359985352,-12.886534690856934,1.249018907546997,1.7520060539245605,4.833008028133509
"{'osm_id': 354836728, 'osm_type': 'yes'}",chennai_bld_000588,2,2,100.0,-4.188180923461914,-8.926647186279297,-4.738466739654541,-4.738466739654541,4.576545238494873,-16.086889266967773,-17.523937225341797,-1.4370484352111816,-1.4370484352111816,0.7688755989074707
"{'osm_id': 354836736, 'osm_type': 'yes'}",chennai_bld_000589,2,2,100.0,0.2362203449010849,-1.4883431196212769,-1.724563479423523,-1.724563479423523,0.12294375896453857,-13.53373908996582,-12.574117660522461,0.9596214294433594,0.9596214294433594,3.1158266067504883
"{'osm_id': 354836739, 'osm_type': 'yes'}",chennai_bld_000590,1,1,100.0,-0.8110790252685547,-1.400169849395752,-0.5890908241271973,-0.5890908241271973,0.0,-15.436393737792969,-13.583150863647461,1.8532428741455078,1.8532428741455078,0.0
"{'osm_id': 354836752, 'osm_type': 'yes'}",chennai_bld_000591,2,2,100.0,2.838357925415039,-4.92588996887207,-7.764247894287109,-7.764247894287109,0.07977056503295898,-9.803445816040039,-15.878740310668945,-6.07529354095459,-6.07529354095459,2.9161157608032227
"{'osm_id': 354836754, 'osm_type': 'yes'}",chennai_bld_000592,1,1,100.0,-1.9459844827651978,-1.8504678010940552,0.09551668167114258,0.09551668167114258,0.0,-14.120596885681152,-12.3216552734375,1.7989416122436523,1.7989416122436523,0.0
"{'osm_id': 354836759, 'osm_type': 'yes'}",chennai_bld_000593,4,4,100.0,4.996153354644775,1.1932235956192017,-3.8029298782348633,-4.294211387634277,4.012911859002262,-10.601083755493164,-12.543725967407227,-1.9426414966583252,-0.5201449394226074,4.2264179842965355
"{'osm_id': 354836770, 'osm_type': 'yes'}",chennai_bld_000594,2,2,100.0,0.2951357960700989,-7.185737609863281,-7.4808735847473145,-7.4808735847473145,0.5941338539123535,-15.359663009643555,-13.076217651367188,2.283444881439209,2.283444881439209,1.371117115020752
"{'osm_id': 354836776, 'osm_type': 'yes'}",chennai_bld_000595,2,2,100.0,1.3926968574523926,0.5579524040222168,-0.8347444534301758,-0.8347444534301758,6.803391456604004,-12.893852233886719,-12.804555892944336,0.08929586410522461,0.08929586410522461,0.7620739936828613
"{'osm_id': 354836778, 'osm_type': 'yes'}",chennai_bld_000596,6,6,100.0,3.348142623901367,1.1276424725850422,-2.2205001513163247,-1.8697350025177002,1.408778394302187,-9.400154113769531,-11.810737609863281,-2.4105833371480307,-2.2952356338500977,2.1234012378048917
"{'osm_id': 354836782, 'osm_type': 'yes'}",chennai_bld_000597,1,1,100.0,0.058822277933359146,-4.181559085845947,-4.240381240844727,-4.240381240844727,0.0,-17.96647834777832,-13.956937789916992,4.009540557861328,4.009540557861328,0.0
"{'osm_id': 354836794, 'osm_type': 'yes'}",chennai_bld_000598,1,1,100.0,10.780309677124023,7.661716461181641,-3.118593215942383,-3.118593215942383,0.0,-12.456379890441895,-12.131356239318848,0.3250236511230469,0.3250236511230469,0.0
"{'osm_id': 354836796, 'osm_type': 'yes'}",chennai_bld_000599,2,2,100.0,5.594797134399414,3.7516794204711914,-1.8431181907653809,-1.8431181907653809,3.289778232574463,-9.645410537719727,-9.933927536010742,-0.2885165214538574,-0.2885165214538574,0.4266982078552246
"{'osm_id': 354836817, 'osm_type': 'yes'}",chennai_bld_000600,2,2,100.0,-4.783870697021484,-3.649959087371826,1.1339116096496582,1.1339116096496582,3.9880728721618652,-14.622700691223145,-9.958770751953125,4.663929462432861,4.663929462432861,2.275887966156006
"{'osm_id': 354836818, 'osm_type': 'yes'}",chennai_bld_000601,4,4,100.0,2.803396463394165,-1.6682002544403076,-4.471596717834473,-5.631545066833496,3.7045827939522025,-10.552543640136719,-13.645029067993164,-3.092485189437866,-1.7633447647094727,3.6307369290317504
"{'osm_id': 354836822, 'osm_type': 'yes'}",chennai_bld_000602,4,4,100.0,0.15547344088554382,-1.108837366104126,-1.2643108367919922,-1.724563479423523,3.074704834484404,-13.376262664794922,-12.770255088806152,0.6060075759887695,0.3423190116882324,2.8860467476269545
"{'osm_id': 354836836, 'osm_type': 'yes'}",chennai_bld_000603,2,2,100.0,2.937694787979126,3.7776505947113037,0.8399558067321777,0.8399558067321777,1.220691204071045,-10.964265823364258,-17.729883193969727,-6.7656168937683105,-6.7656168937683105,3.850951671600342
"{'osm_id': 354836843, 'osm_type': 'yes'}",chennai_bld_000604,2,2,100.0,0.054871201515197754,-0.43980324268341064,-0.4946744441986084,-0.4946744441986084,1.1486964225769043,-11.510139465332031,-13.493098258972168,-1.982959270477295,-1.982959270477295,2.8218913078308105
"{'osm_id': 354836845, 'osm_type': 'yes'}",chennai_bld_000605,1,1,100.0,-4.282551288604736,1.6860954761505127,5.968647003173828,5.968647003173828,0.0,-14.202249526977539,-13.350879669189453,0.8513698577880859,0.8513698577880859,0.0
"{'osm_id': 354836852, 'osm_type': 'yes'}",chennai_bld_000606,3,3,100.0,-5.60179074605306,-2.4955077171325684,3.106282869974772,4.548916339874268,2.283388268395323,-15.971197764078775,-15.612614949544271,0.35858313242594403,-0.5013370513916016,4.83815006770905
"{'osm_id': 354836854, 'osm_type': 'yes'}",chennai_bld_000607,4,4,100.0,-3.3473286628723145,-5.277242660522461,-1.929914116859436,0.30162835121154785,4.2856489495112875,-14.762298583984375,-15.18101692199707,-0.4187180995941162,-0.2326359748840332,1.187969470626937
"{'osm_id': 354836862, 'osm_type': 'yes'}",chennai_bld_000608,4,4,100.0,-2.7731807231903076,-5.5096917152404785,-2.736510992050171,-3.969161033630371,2.4676041850405963,-14.414121627807617,-13.761795043945312,0.6523253917694092,-0.46046972274780273,2.8653047639808733
"{'osm_id': 354836870, 'osm_type': 'yes'}",chennai_bld_000609,1,1,100.0,10.780309677124023,7.661716461181641,-3.118593215942383,-3.118593215942383,0.0,-12.456379890441895,-12.131356239318848,0.3250236511230469,0.3250236511230469,0.0
"{'osm_id': 354836876, 'osm_type': 'yes'}",chennai_bld_000610,2,2,100.0,4.178349494934082,-0.0552058219909668,-4.233555793762207,-4.233555793762207,2.198244333267225,-9.210834503173828,-10.846738815307617,-1.6359038352966309,-1.6359038352966309,2.61659574508667
"{'osm_id': 354836889, 'osm_type': 'yes'}",chennai_bld_000611,2,2,100.0,-3.9542834758758545,-3.837568998336792,0.1167144775390625,0.1167144775390625,2.7110538482666016,-12.957498550415039,-10.743643760681152,2.2138543128967285,2.2138543128967285,3.739269733428955
"{'osm_id': 354836893, 'osm_type': 'yes'}",chennai_bld_000612,2,2,100.0,0.08141402900218964,-5.966617584228516,-6.048031330108643,-6.048031330108643,1.807650089263916,-20.66451644897461,-14.687252044677734,5.977263450622559,5.977263450622559,1.9677228927612305
"{'osm_id': 354836895, 'osm_type': 'yes'}",chennai_bld_000613,2,2,100.0,7.943861961364746,4.048867225646973,-3.8949944972991943,-3.8949944972991943,2.585414171218872,-10.769371032714844,-12.677534103393555,-1.9081625938415527,-1.9081625938415527,0.46294069290161133
"{'osm_id': 354836910, 'osm_type': 'yes'}",chennai_bld_000614,2,2,100.0,0.23928183317184448,-1.1795694828033447,-1.4188512563705444,-1.4188512563705444,3.193458676338196,-11.769002914428711,-12.166166305541992,-0.39716243743896484,-0.39716243743896484,2.3791446685791016
"{'osm_id': 354836942, 'osm_type': 'yes'}",chennai_bld_000615,4,4,100.0,-1.6530799865722656,-1.9764771461486816,-0.32339727878570557,-0.07909321784973145,1.3774118459554172,-13.51536750793457,-12.823760986328125,0.6916067600250244,0.833406925201416,1.878969383795265
"{'osm_id': 354836945, 'osm_type': 'yes'}",chennai_bld_000616,4,4,100.0,-1.6302162408828735,-1.8539841175079346,-0.22376775741577148,0.25886404514312744,5.997798987026883,-13.016668319702148,-13.048164367675781,-0.03149580955505371,-0.3834214210510254,2.158882587659109
"{'osm_id': 354836946, 'osm_type': 'yes'}",chennai_bld_000617,1,1,100.0,3.599200487136841,3.588723659515381,-0.010476827621459961,-0.010476827621459961,0.0,-12.664079666137695,-10.383920669555664,2.2801589965820312,2.2801589965820312,0.0
"{'osm_id': 354836949, 'osm_type': 'yes'}",chennai_bld_000618,7,7,100.0,2.9282384599958147,1.9333744049072266,-0.994863782610212,-2.068476915359497,2.8730259817614523,-10.078370230538505,-10.16232408796038,-0.08395372118268694,0.15490245819091797,3.8356660171154195
"{'osm_id': 354836951, 'osm_type': 'yes'}",chennai_bld_000619,5,5,100.0,2.0810243606567385,-3.618561553955078,-5.69958610534668,-6.089547634124756,1.669268938167157,-12.467134094238281,-13.342205810546876,-0.8750713348388672,-1.6928319931030273,1.842374253071977
"{'osm_id': 354836953, 'osm_type': 'yes'}",chennai_bld_000620,4,4,100.0,2.0042977333068848,1.2235682010650635,-0.7807294130325317,-0.5191184282302856,2.190502166715602,-12.046577453613281,-12.474308013916016,-0.42773008346557617,-0.3949904441833496,0.4320455073886627
"{'osm_id': 354836956, 'osm_type': 'yes'}",chennai_bld_000621,4,4,100.0,-2.5214684009552,-4.144748687744141,-1.6232801675796509,-1.8304694890975952,1.2708701641088906,-9.308460235595703,-9.297880172729492,0.010579586029052734,-0.14408016204833984,1.04922574031865
"{'osm_id': 354847816, 'osm_type': 'yes'}",chennai_bld_000622,2,2,100.0,-4.559602737426758,-2.4587290287017822,2.1008739471435547,2.1008739471435547,0.2496933937072754,-15.896639823913574,-11.734027862548828,4.162612438201904,4.162612438201904,0.49432992935180664
"{'osm_id': 354847819, 'osm_type': 'yes'}",chennai_bld_000623,1,1,100.0,-0.6529841423034668,3.161616563796997,3.814600706100464,3.814600706100464,0.0,-13.807310104370117,-12.994482040405273,0.8128280639648438,0.8128280639648438,0.0
"{'osm_id': 354847824, 'osm_type': 'yes'}",chennai_bld_000624,2,2,100.0,0.4476451277732849,0.900174081325531,0.4525289535522461,0.4525289535522461,0.2480912208557129,-15.215930938720703,-11.618524551391602,3.597405433654785,3.597405433654785,4.547863960266113
"{'osm_id': 354847826, 'osm_type': 'yes'}",chennai_bld_000625,2,2,100.0,-2.404824733734131,-3.182685613632202,-0.7778608202934265,-0.7778608202934265,0.13722115755081177,-16.071218490600586,-14.512377738952637,1.5588407516479492,1.5588407516479492,2.385647773742676
"{'osm_id': 354847830, 'osm_type': 'yes'}",chennai_bld_000626,2,2,100.0,-0.10354804992675781,-1.7758197784423828,-1.672271728515625,-1.672271728515625,0.7055911421775843,-11.235258102416992,-10.169693946838379,1.0655648708343506,1.0655648708343506,1.3555800914764404
"{'osm_id': 354847832, 'osm_type': 'yes'}",chennai_bld_000627,3,3,100.0,-2.032339413960775,-4.847489356994629,-2.815149943033854,-2.6101455688476562,2.11192279827062,-14.104281107584635,-12.901034037272135,1.2032470703125,-0.6973590850830078,4.917881243561076
"{'osm_id': 354847834, 'osm_type': 'yes'}",chennai_bld_000628,4,4,100.0,3.2463693618774414,-0.3925929069519043,-3.6389622688293457,-4.614743232727051,2.251608269326893,-11.568016052246094,-14.387099266052246,-2.8190836906433105,-2.7884445190429688,3.3494459523363402
"{'osm_id': 354847842, 'osm_type': 'yes'}",chennai_bld_000629,4,4,100.0,-5.176422119140625,-3.9545297622680664,1.22189199924469,0.1908125877380371,4.931321127371829,-15.157391548156738,-13.750621795654297,1.4067702293395996,0.7686491012573242,3.328288527064863
"{'osm_id': 354847852, 'osm_type': 'yes'}",chennai_bld_000630,1,1,100.0,3.2568013668060303,-0.3935551643371582,-3.6503565311431885,-3.6503565311431885,0.0,-12.999062538146973,-12.85605525970459,0.1430072784423828,0.1430072784423828,0.0
"{'osm_id': 354847854, 'osm_type': 'yes'}",chennai_bld_000631,2,2,100.0,-4.063040733337402,-5.626298904418945,-1.5632579326629639,-1.5632579326629639,2.998720407485962,-14.088504791259766,-11.189188957214355,2.89931583404541,2.89931583404541,1.038649559020996
"{'osm_id': 354847858, 'osm_type': 'yes'}",chennai_bld_000632,4,4,100.0,0.3171454071998596,-1.4892581701278687,-1.8064032793045044,-2.0334596633911133,3.0279717137762328,-13.067502975463867,-9.048251152038574,4.019252300262451,4.413466453552246,3.267366906462949
"{'osm_id': 354847862, 'osm_type': 'yes'}",chennai_bld_000633,2,2,100.0,-5.573232650756836,-4.537864685058594,1.0353679656982422,1.0353679656982422,0.8158125877380371,-15.640377044677734,-13.523487091064453,2.1168899536132812,2.1168899536132812,1.5513925552368164
"{'osm_id': 354847864, 'osm_type': 'yes'}",chennai_bld_000634,2,2,100.0,-2.6760034561157227,-3.1649043560028076,-0.4889010190963745,-0.4889010190963745,1.2178767919540405,-13.914609909057617,-11.24212646484375,2.672483444213867,2.672483444213867,0.1429004669189453
"{'osm_id': 354847865, 'osm_type': 'yes'}",chennai_bld_000635,2,2,100.0,-1.1314208507537842,-0.17678487300872803,0.9546359777450562,0.9546359777450562,2.8599647283554077,-13.067084312438965,-12.115541458129883,0.9515433311462402,0.9515433311462402,0.13871526718139648
"{'osm_id': 354847870, 'osm_type': 'yes'}",chennai_bld_000636,4,4,100.0,0.14351394772529602,0.20186258852481842,0.0583486407995224,-0.4374397099018097,1.3082036404594304,-12.14818286895752,-13.46846866607666,-1.3202846050262451,-0.39743661880493164,2.6137233930460932
"{'osm_id': 354847873, 'osm_type': 'yes'}",chennai_bld_000637,3,3,100.0,-1.8155614535013835,0.5062790711720785,2.3218406041463218,1.6768972873687744,0.9642303942029833,-13.864311218261719,-13.564098358154297,0.3002128601074219,1.069697380065918,1.1091771274838829
"{'osm_id': 354847877, 'osm_type': 'yes'}",chennai_bld_000638,4,4,100.0,2.492847442626953,-0.7251464128494263,-3.21799373626709,-2.6859853267669678,2.225539419101362,-9.582052230834961,-12.63913345336914,-3.0570805072784424,-1.3420953750610352,4.2058384424127375
"{'osm_id': 354847883, 'osm_type': 'yes'}",chennai_bld_000639,2,2,100.0,-5.6753034591674805,-3.6755690574645996,1.9997347593307495,1.9997347593307495,1.9081040620803833,-14.428123474121094,-12.347137451171875,2.080986976623535,2.080986976623535,1.1536540985107422
"{'osm_id': 354847889, 'osm_type': 'yes'}",chennai_bld_000640,2,2,100.0,0.6260999441146851,1.0871633291244507,0.4610633850097656,0.4610633850097656,1.3046727180480957,-11.159955978393555,-12.596585273742676,-1.4366297721862793,-1.4366297721862793,1.2792534828186035
"{'osm_id': 354847890, 'osm_type': 'yes'}",chennai_bld_000641,2,2,100.0,-5.448950290679932,-3.146430253982544,2.3025200366973877,2.3025200366973877,0.8670575618743896,-12.556436538696289,-11.860052108764648,0.6963844299316406,0.6963844299316406,1.1642818450927734
"{'osm_id': 354847891, 'osm_type': 'yes'}",chennai_bld_000642,1,1,100.0,-1.6098575592041016,-3.515186309814453,-1.9053287506103516,-1.9053287506103516,0.0,-12.326858520507812,-11.236599922180176,1.0902585983276367,1.0902585983276367,0.0
"{'osm_id': 354847893, 'osm_type': 'yes'}",chennai_bld_000643,2,2,100.0,0.37237316370010376,-3.498784065246582,-3.87115740776062,-3.87115740776062,2.2518938183784494,-12.21500301361084,-9.618701934814453,2.5963006019592285,2.5963006019592285,1.3869194984436035
"{'osm_id': 354847894, 'osm_type': 'yes'}",chennai_bld_000644,3,3,100.0,8.344594319661459,7.0484466552734375,-1.2961475849151611,-0.6550073623657227,1.9111617861316956,-12.402959187825521,-11.996856689453125,0.40610313415527344,-0.061532020568847656,2.8350455028283945
"{'osm_id': 354847896, 'osm_type': 'yes'}",chennai_bld_000645,4,4,100.0,-2.7863893508911133,-4.731260299682617,-1.944871187210083,-2.326484441757202,2.1749659250836832,-14.585294723510742,-13.249709129333496,1.335585355758667,1.4754624366760254,1.9630954249687496
"{'osm_id': 354847897, 'osm_type': 'yes'}",chennai_bld_000646,4,4,100.0,-4.635689735412598,-4.178696632385254,0.4569931626319885,1.0479178428649902,2.800082110782499,-11.770030975341797,-12.371536254882812,-0.6015059947967529,-0.32257843017578125,0.8124500591491501
"{'osm_id': 354847898, 'osm_type': 'yes'}",chennai_bld_000647,2,2,100.0,-0.47150546312332153,-0.922377347946167,-0.45087185502052307,-0.45087185502052307,0.3418954908847809,-11.909160614013672,-12.783756256103516,-0.8745951652526855,-0.8745951652526855,1.7108378410339355
"{'osm_id': 354847901, 'osm_type': 'yes'}",chennai_bld_000648,3,3,100.0,-1.7307686805725098,-2.9962892532348633,-1.2655206521352131,-0.3371856212615967,1.7600260518383557,-15.352891286214193,-10.510082244873047,4.842808087666829,5.948863983154297,3.087173635232377
"{'osm_id': 354847904, 'osm_type': 'yes'}",chennai_bld_000649,2,2,100.0,7.515447616577148,8.57872200012207,1.06327486038208,1.06327486038208,0.5753426551818848,-10.835981369018555,-10.057632446289062,0.7783498764038086,0.7783498764038086,0.9760637283325195
"{'osm_id': 354847909, 'osm_type': 'yes'}",chennai_bld_000650,2,2,100.0,-0.6968184113502502,-4.214406967163086,-3.5175886154174805,-3.5175886154174805,0.02917194366455078,-12.230670928955078,-14.68745231628418,-2.4567809104919434,-2.4567809104919434,2.3742527961730957
"{'osm_id': 354847917, 'osm_type': 'yes'}",chennai_bld_000651,2,2,100.0,2.8164308071136475,-3.0291528701782227,-5.845583438873291,-5.845583438873291,1.896066665649414,-10.355216026306152,-14.551007270812988,-4.195791244506836,-4.195791244506836,1.7344379425048828
"{'osm_id': 354847918, 'osm_type': 'yes'}",chennai_bld_000652,3,3,100.0,-7.2562821706136065,-4.858194351196289,2.398087819417318,3.907838821411133,3.0339442755360064,-12.687179565429688,-13.746938069661459,-1.0597572326660156,-1.86895751953125,1.413123803245475
"{'osm_id': 354847921, 'osm_type': 'yes'}",chennai_bld_000653,4,4,100.0,-1.7741056680679321,-2.327808380126953,-0.5537025928497314,-0.3120269775390625,0.8761241333701733,-13.200706481933594,-12.766053199768066,0.43465304374694824,0.598811149597168,2.1181902988744135
"{'osm_id': 354847922, 'osm_type': 'yes'}",chennai_bld_000654,2,2,100.0,-3.485215663909912,-3.6191470623016357,-0.13393151760101318,-0.13393151760101318,3.3035091161727905,-11.681343078613281,-12.890165328979492,-1.208822250366211,-1.208822250366211,0.7409248352050781
"{'osm_id': 354847924, 'osm_type': 'yes'}",chennai_bld_000655,2,2,100.0,-3.178248882293701,-3.413182020187378,-0.23493313789367676,-0.23493313789367676,1.6703956127166748,-12.49144172668457,-11.015979766845703,1.4754624366760254,1.4754624366760254,0.38520383834838867
"{'osm_id': 354847928, 'osm_type': 'yes'}",chennai_bld_000656,4,4,100.0,10.444608688354492,11.510042190551758,1.0654340982437134,0.7820615768432617,4.580737773832926,-6.621256351470947,-7.4409589767456055,-0.8197025060653687,0.3398316502571106,2.105572918585401
"{'osm_id': 354847930, 'osm_type': 'yes'}",chennai_bld_000657,4,4,100.0,-0.5347051620483398,-1.1169159412384033,-0.5822106003761292,-1.6979016065597534,2.5785955289576017,-14.190671920776367,-14.621664047241211,-0.43099236488342285,-0.36686038970947266,1.3988083731401904
"{'osm_id': 354847931, 'osm_type': 'yes'}",chennai_bld_000658,3,3,100.0,-5.279626846313477,-6.066876729329427,-0.7872497240702311,-0.9693484306335449,3.1590198123881046,-13.350030263264975,-12.130379994710287,1.219649314880371,0.18887996673583984,1.9407508612280953
"{'osm_id': 354847932, 'osm_type': 'yes'}",chennai_bld_000659,4,4,100.0,-0.01193016767501831,-0.011101633310317993,0.0008285492658615112,0.04773068428039551,0.5415294502693229,-13.562545776367188,-12.201140403747559,1.3614051342010498,-0.05710792541503906,4.0993552784380265
"{'osm_id': 354847939, 'osm_type': 'yes'}",chennai_bld_000660,2,2,100.0,-3.8475277423858643,-3.1491858959198,0.6983418464660645,0.6983418464660645,0.42798423767089844,-13.88673210144043,-12.286842346191406,1.5998902320861816,1.5998902320861816,0.9677653312683105
"{'osm_id': 354847941, 'osm_type': 'yes'}",chennai_bld_000661,4,4,100.0,-0.008221030235290527,-3.1405932903289795,-3.1323723793029785,-3.3725154399871826,3.4615856980544466,-10.460077285766602,-14.173929214477539,-3.7138516902923584,-3.356121063232422,1.5018521790951251
"{'osm_id': 354847943, 'osm_type': 'yes'}",chennai_bld_000662,2,2,100.0,10.034534454345703,12.134391784667969,2.0998573303222656,2.0998573303222656,1.2726564407348633,-16.347612380981445,-11.991100311279297,4.356512546539307,4.356512546539307,3.2410311698913574
"{'osm_id': 354847950, 'osm_type': 'yes'}",chennai_bld_000663,4,4,100.0,-1.1862746477127075,-3.549571990966797,-2.363297462463379,-2.7376441955566406,1.2788084394846053,-11.826238632202148,-13.612370491027832,-1.7861313819885254,-1.1154818534851074,1.8700918103522455
"{'osm_id': 354847956, 'osm_type': 'yes'}",chennai_bld_000664,4,4,100.0,-3.4900026321411133,-4.117003440856934,-0.6270011067390442,-0.7651011943817139,0.9775217894418651,-13.997978210449219,-10.964879989624023,3.033097743988037,2.672483444213867,1.789159986991376
"{'osm_id': 354847958, 'osm_type': 'yes'}",chennai_bld_000665,2,2,100.0,0.44032740592956543,1.6023905277252197,1.1620631217956543,1.1620631217956543,2.6525375843048096,-13.299259185791016,-13.933098793029785,-0.6338396072387695,-0.6338396072387695,1.4466676712036133
"{'osm_id': 354847960, 'osm_type': 'yes'}",chennai_bld_000666,4,4,100.0,-0.19628848135471344,0.8501525521278381,1.0464410781860352,1.1522146463394165,0.6198176939855952,-14.388684272766113,-12.639633178710938,1.7490501403808594,0.05961942672729492,3.800162371761197
"{'osm_id': 354847961, 'osm_type': 'yes'}",chennai_bld_000667,1,1,100.0,-0.3314182460308075,-0.9720578789710999,-0.6406396627426147,-0.6406396627426147,0.0,-14.899625778198242,-15.726432800292969,-0.8268070220947266,-0.8268070220947266,0.0
"{'osm_id': 354847965, 'osm_type': 'yes'}",chennai_bld_000668,3,3,100.0,-3.112754503885905,-2.4316689173380532,0.6810854276021322,0.21955537796020508,2.2875154648561526,-14.101954142252604,-12.461413065592447,1.6405398050944011,1.0992488861083984,1.1635069767732034
"{'osm_id': 354847966, 'osm_type': 'yes'}",chennai_bld_000669,2,2,100.0,3.039893627166748,2.9163761138916016,-0.12351727485656738,-0.12351727485656738,0.32870984077453613,-13.985960006713867,-14.103986740112305,-0.1180272102355957,-0.1180272102355957,3.1629576683044434
"{'osm_id': 354847967, 'osm_type': 'yes'}",chennai_bld_000670,1,1,100.0,-6.1512603759765625,-2.981682777404785,3.1695775985717773,3.1695775985717773,0.0,-12.456846237182617,-12.92474365234375,-0.4678974151611328,-0.4678974151611328,0.0
"{'osm_id': 354847968, 'osm_type': 'yes'}",chennai_bld_000671,1,1,100.0,-4.746640205383301,-3.3111777305603027,1.435462474822998,1.435462474822998,0.0,-12.656025886535645,-10.79535961151123,1.860666275024414,1.860666275024414,0.0
"{'osm_id': 354847986, 'osm_type': 'yes'}",chennai_bld_000672,2,2,100.0,-2.8328728675842285,-3.2520339488983154,-0.41916120052337646,-0.41916120052337646,2.376352906227112,-10.564939498901367,-13.79685115814209,-3.231912136077881,-3.231912136077881,1.0189766883850098
"{'osm_id': 354847997, 'osm_type': 'yes'}",chennai_bld_000673,3,3,100.0,-4.388374328613281,-3.238740603129069,1.149633804957072,-0.20698070526123047,3.259150903740933,-14.048053741455078,-12.61525853474935,1.4327945709228516,1.060469627380371,1.700671070035334
"{'osm_id': 354848003, 'osm_type': 'yes'}",chennai_bld_000674,5,5,100.0,-0.006746912002563476,-0.3354837417602539,-0.3287367820739746,0.7233643531799316,2.994673217731795,-11.701931762695313,-13.153793334960938,-1.4518600463867188,-0.6973590850830078,4.343330713594133
"{'osm_id': 354993376, 'osm_type': 'yes'}",chennai_bld_000675,4,4,100.0,-1.3886390924453735,-3.165377616882324,-1.7767386436462402,-1.4258743524551392,1.3289120195849566,-11.080144882202148,-10.968976020812988,0.11116921901702881,-1.4780700206756592,2.9200813243372106
"{'osm_id': 354993402, 'osm_type': 'yes'}",chennai_bld_000676,2,2,100.0,-3.0568134784698486,-5.433966636657715,-2.377153158187866,-2.377153158187866,1.7580087184906006,-12.85898208618164,-13.750822067260742,-0.8918404579162598,-0.8918404579162598,2.539130687713623
"{'osm_id': 354993428, 'osm_type': 'yes'}",chennai_bld_000677,4,4,100.0,-1.87626051902771,-3.642578125,-1.76631760597229,-1.1554820537567139,1.4100225344121953,-11.13715934753418,-12.303909301757812,-1.1667509078979492,-1.4416613578796387,2.0623454932774288
"{'osm_id': 354993431, 'osm_type': 'yes'}",chennai_bld_000678,5,5,100.0,-2.5876739501953123,-2.8719223022460936,-0.28424839973449706,-0.7243292331695557,2.6706998708751546,-9.99620361328125,-10.921853637695312,-0.9256497383117676,-1.433281421661377,2.4258785985353706
"{'osm_id': 354993466, 'osm_type': 'yes'}",chennai_bld_000679,2,2,100.0,-3.9720096588134766,-5.263812065124512,-1.2918024063110352,-1.2918024063110352,0.8356170654296875,-15.014833450317383,-13.193981170654297,1.8208532333374023,1.8208532333374023,3.3437118530273438
"{'osm_id': 354993511, 'osm_type': 'yes'}",chennai_bld_000680,3,3,100.0,-3.4095948537190757,-5.572682062784831,-2.1630872090657554,-1.8979144096374512,1.51359495856805,-12.517704010009766,-14.054786682128906,-1.5370829900105794,-1.5228586196899414,1.5405789630816735
"{'osm_id': 354993559, 'osm_type': 'yes'}",chennai_bld_000681,4,4,100.0,-3.116260528564453,-3.9225924015045166,-0.8063316345214844,-0.7005699276924133,1.1956071057795499,-9.878427505493164,-11.338644981384277,-1.4602164030075073,-2.174226760864258,1.8933306837142083
"{'osm_id': 354993563, 'osm_type': 'yes'}",chennai_bld_000682,1,1,100.0,-6.371519565582275,-6.827704906463623,-0.45618534088134766,-0.45618534088134766,0.0,-14.790701866149902,-16.313560485839844,-1.5228586196899414,-1.5228586196899414,0.0
"{'osm_id': 354993586, 'osm_type': 'yes'}",chennai_bld_000683,3,3,100.0,-1.1124696731567383,-3.709652900695801,-2.5971832275390625,-2.1274194717407227,1.1146208414316792,-12.929730733235678,-12.371959686279297,0.557769775390625,-0.06028461456298828,3.536222485514621
"{'osm_id': 354993590, 'osm_type': 'yes'}",chennai_bld_000684,4,4,100.0,-2.427232265472412,-4.489165782928467,-2.061933755874634,-1.82819402217865,1.3383799048376577,-13.394973754882812,-13.35736083984375,0.0376126766204834,-0.7915716171264648,3.192231558408211
"{'osm_id': 354993646, 'osm_type': 'yes'}",chennai_bld_000685,2,2,100.0,-3.8605544567108154,-4.401146411895752,-0.5405919551849365,-0.5405919551849365,1.229949712753296,-11.992733001708984,-12.201229095458984,-0.2084965705871582,-0.2084965705871582,3.703233242034912
"{'osm_id': 355010870, 'osm_type': 'yes'}",chennai_bld_000686,4,4,100.0,5.481832504272461,4.607532501220703,-0.874299943447113,-1.4161149263381958,1.6239125557176395,-11.868252754211426,-11.541460990905762,0.3267911672592163,-0.8199019432067871,2.4542227288458918
"{'osm_id': 355010872, 'osm_type': 'yes'}",chennai_bld_000687,4,4,100.0,-1.5265731811523438,-2.0358426570892334,-0.5092693567276001,-0.49763041734695435,1.8547563205671806,-12.908037185668945,-13.55308723449707,-0.6450498104095459,-0.9168415069580078,3.815409344746408
"{'osm_id': 355010873, 'osm_type': 'yes'}",chennai_bld_000688,2,2,100.0,-0.8625999093055725,-3.1568737030029297,-2.294273853302002,-2.294273853302002,1.1146135330200195,-9.567039489746094,-13.950759887695312,-4.383720397949219,-4.383720397949219,1.5647811889648438
"{'osm_id': 355010875, 'osm_type': 'yes'}",chennai_bld_000689,4,4,100.0,2.958496570587158,3.4701387882232666,0.5116421580314636,0.4568514823913574,2.0579067646945663,-13.652108192443848,-12.283573150634766,1.3685345649719238,-0.1131587028503418,3.7072432781054068
"{'osm_id': 355010876, 'osm_type': 'yes'}",chennai_bld_000690,4,4,100.0,6.417900562286377,7.697260856628418,1.2793605327606201,1.1816565990447998,4.6909509147935795,-14.364105224609375,-14.50027084350586,-0.13616681098937988,0.7534899711608887,2.7108692188894046
"{'osm_id': 355010877, 'osm_type': 'yes'}",chennai_bld_000691,4,4,100.0,-0.3485236167907715,-1.6854020357131958,-1.3368782997131348,-1.8629655838012695,2.5420185044667845,-8.942671775817871,-11.310851097106934,-2.3681793212890625,-2.3626158237457275,3.0114217760024253
"{'osm_id': 355010880, 'osm_type': 'yes'}",chennai_bld_000692,3,3,100.0,4.094176610310872,3.664114316304525,-0.43006237347920734,-0.23225021362304688,1.8369181315290068,-11.363636016845703,-11.852228800455729,-0.48859214782714844,-0.46227169036865234,1.6223507437472664
"{'osm_id': 355010882, 'osm_type': 'yes'}",chennai_bld_000693,4,4,100.0,-1.8474386930465698,0.8056032657623291,2.6530418395996094,1.859144687652588,3.1553076210169424,-14.154989242553711,-15.423070907592773,-1.268080472946167,-0.36011171340942383,1.9651520054011746
"{'osm_id': 355010884, 'osm_type': 'yes'}",chennai_bld_000694,3,3,100.0,1.316996733347575,-1.6582285563151042,-2.9752251307169595,-5.264348983764648,4.214395661321645,-15.868741353352865,-15.156943003336588,0.7117989857991537,0.9762325286865234,1.2285615805343106
"{'osm_id': 355010885, 'osm_type': 'yes'}",chennai_bld_000695,2,2,100.0,-2.5408759117126465,-3.6919000148773193,-1.1510241031646729,-1.1510241031646729,3.6973330974578857,-16.99793243408203,-12.522645950317383,4.47528600692749,4.47528600692749,1.4216656684875488
"{'osm_id': 355010886, 'osm_type': 'yes'}",chennai_bld_000696,1,1,100.0,-0.9649460911750793,-0.15151295065879822,0.8134331703186035,0.8134331703186035,0.0,-13.151398658752441,-10.860072135925293,2.2913265228271484,2.2913265228271484,0.0
"{'osm_id': 355010892, 'osm_type': 'yes'}",chennai_bld_000697,4,4,100.0,-2.2298965454101562,-0.9403276443481445,1.2895687818527222,1.8562815189361572,2.4914052337968835,-11.272726058959961,-10.309006690979004,0.9637188911437988,1.1230030059814453,1.4003244554773797
"{'osm_id': 355010893, 'osm_type': 'yes'}",chennai_bld_000698,2,2,100.0,5.809174537658691,3.531428575515747,-2.2777457237243652,-2.2777457237243652,4.459992408752441,-10.960687637329102,-10.072050094604492,0.8886375427246094,0.8886375427246094,3.031243324279785
"{'osm_id': 355010894, 'osm_type': 'yes'}",chennai_bld_000699,1,1,100.0,-5.738692760467529,-1.7330135107040405,4.005679130554199,4.005679130554199,0.0,-10.70406436920166,-12.466639518737793,-1.7625751495361328,-1.7625751495361328,0.0
"{'osm_id': 355010896, 'osm_type': 'yes'}",chennai_bld_000700,2,2,100.0,7.732234954833984,4.216078758239746,-3.5161561965942383,-3.5161561965942383,2.629819869995117,-11.087493896484375,-11.735633850097656,-0.6481399536132812,-0.6481399536132812,0.8775634765625
"{'osm_id': 355010903, 'osm_type': 'yes'}",chennai_bld_000701,3,3,100.0,-2.0248239835103354,-3.892200787862142,-1.8673768043518066,-1.1796603202819824,1.0921192240161715,-10.471221288045248,-13.014025370279947,-2.5428040822347007,-2.818939208984375,2.9000527367308315
"{'osm_id': 355010905, 'osm_type': 'yes'}",chennai_bld_000702,4,4,100.0,3.638103485107422,4.001414775848389,0.3633110523223877,0.38981151580810547,1.5773178086348185,-10.167491912841797,-11.62955379486084,-1.4620625972747803,-1.7577152252197266,1.299314870977194
"{'osm_id': 355010908, 'osm_type': 'yes'}",chennai_bld_000703,4,4,100.0,-4.843535900115967,-5.869917392730713,-1.026381492614746,-1.037700891494751,4.375609660430113,-12.648988723754883,-14.154708862304688,-1.5057191848754883,-1.711930274963379,0.7034942410991035
"{'osm_id': 355010910, 'osm_type': 'yes'}",chennai_bld_000704,2,2,100.0,-1.761300802230835,-3.9391820430755615,-2.1778812408447266,-2.1778812408447266,1.9692444801330566,-16.05217742919922,-14.429430961608887,1.6227455139160156,1.6227455139160156,1.6958532333374023
"{'osm_id': 355010915, 'osm_type': 'yes'}",chennai_bld_000705,1,1,100.0,0.45180097222328186,0.5808844566345215,0.12908348441123962,0.12908348441123962,0.0,-16.89901351928711,-11.906357765197754,4.9926557540893555,4.9926557540893555,0.0
"{'osm_id': 355010916, 'osm_type': 'yes'}",chennai_bld_000706,4,4,100.0,-4.027234077453613,-3.243802547454834,0.7834311723709106,1.1696641445159912,3.854176586725879,-16.331188201904297,-12.909244537353516,3.4219443798065186,3.365178108215332,1.725022132224475
"{'osm_id': 355010917, 'osm_type': 'yes'}",chennai_bld_000707,1,1,100.0,3.01069712638855,1.520851731300354,-1.4898453950881958,-1.4898453950881958,0.0,-14.548276901245117,-14.050392150878906,0.49788475036621094,0.49788475036621094,0.0
"{'osm_id': 355010919, 'osm_type': 'yes'}",chennai_bld_000708,2,2,100.0,4.572136402130127,5.949200630187988,1.3770644664764404,1.3770644664764404,6.3265540599823,-14.047152519226074,-12.63535213470459,1.4118003845214844,1.4118003845214844,1.1502256393432617
"{'osm_id': 355010921, 'osm_type': 'yes'}",chennai_bld_000709,2,2,100.0,-1.7658190727233887,-4.828598499298096,-3.062779426574707,-3.062779426574707,1.9292402863502511,-9.517143249511719,-13.649149894714355,-4.132006645202637,-4.132006645202637,0.2296140193940447
"{'osm_id': 355010926, 'osm_type': 'yes'}",chennai_bld_000710,3,3,100.0,-3.3667774200439453,-5.639915466308594,-2.2731383641560874,-2.578385353088379,0.9199488456241144,-14.79510498046875,-10.582235336303711,4.212869326273601,2.5779590606689453,2.9921509332986758
"{'osm_id': 355010927, 'osm_type': 'yes'}",chennai_bld_000711,1,1,100.0,-5.738692760467529,-1.7330135107040405,4.005679130554199,4.005679130554199,0.0,-10.70406436920166,-12.466639518737793,-1.7625751495361328,-1.7625751495361328,0.0
"{'osm_id': 355010929, 'osm_type': 'yes'}",chennai_bld_000712,2,2,100.0,-1.36687433719635,2.006237745285034,3.3731119632720947,3.3731119632720947,2.3227622509002686,-12.263553619384766,-11.163778305053711,1.0997753143310547,1.0997753143310547,1.2005720138549805
"{'osm_id': 355010935, 'osm_type': 'yes'}",chennai_bld_000713,2,2,100.0,5.48597526550293,7.719782829284668,2.2338075637817383,2.2338075637817383,1.1800127625465409,-14.338155746459961,-11.48792839050293,2.8502278327941895,2.8502278327941895,4.578465938568115
"{'osm_id': 355010937, 'osm_type': 'yes'}",chennai_bld_000714,2,2,100.0,0.7565679550170898,2.0002737045288086,1.2437058687210083,1.2437058687210083,0.19335615634918213,-12.1838960647583,-10.649919509887695,1.5339770317077637,1.5339770317077637,1.6347737312316895
"{'osm_id': 355010938, 'osm_type': 'yes'}",chennai_bld_000715,4,4,100.0,-0.9484459161758423,-0.7961538434028625,0.1522919237613678,0.42549628019332886,1.7727232473968908,-12.816295623779297,-11.798982620239258,1.0173132419586182,0.27020835876464844,2.3106038129199136
"{'osm_id': 355010943, 'osm_type': 'yes'}",chennai_bld_000716,4,4,100.0,4.66618537902832,3.761969804763794,-0.9042152166366577,-1.3087701797485352,1.2877148826734424,-13.089289665222168,-13.340517044067383,-0.25122690200805664,-0.3495063781738281,1.167273949393839
"{'osm_id': 355010945, 'osm_type': 'yes'}",chennai_bld_000717,4,4,100.0,4.824150562286377,2.388780117034912,-2.435370922088623,-2.250483751296997,1.001881364392856,-12.769214630126953,-11.350560188293457,1.418654441833496,1.4734842777252197,4.665461742396754
"{'osm_id': 355010947, 'osm_type': 'yes'}",chennai_bld_000718,3,3,100.0,-3.5971155166625977,-3.223292350769043,0.373823086420695,-0.20698070526123047,2.2032267609930383,-13.317747751871744,-13.271505991617838,0.046241442362467446,-0.43882179260253906,0.7173935920083464
"{'osm_id': 355010949, 'osm_type': 'yes'}",chennai_bld_000719,2,2,100.0,-0.6559897065162659,2.312253475189209,2.96824312210083,2.96824312210083,1.803574562072754,-10.85593318939209,-12.510265350341797,-1.6543326377868652,-1.6543326377868652,0.4344019889831543
"{'osm_id': 355010956, 'osm_type': 'yes'}",chennai_bld_000720,2,2,100.0,2.1263420581817627,2.46639084815979,0.3400486707687378,0.3400486707687378,2.7631112337112427,-12.647051811218262,-13.34458065032959,-0.6975288391113281,-0.6975288391113281,0.49478721618652344
"{'osm_id': 355010960, 'osm_type': 'yes'}",chennai_bld_000721,2,2,100.0,4.023523330688477,4.84654426574707,0.8230210542678833,0.8230210542678833,0.8794857263565063,-13.628881454467773,-9.952519416809082,3.676361560821533,3.676361560821533,0.9795613288879395
"{'osm_id': 355010961, 'osm_type': 'yes'}",chennai_bld_000722,4,4,100.0,-3.920071601867676,-1.5855364799499512,2.3345348834991455,-1.0814259052276611,6.379671287458572,-11.683286666870117,-12.578489303588867,-0.8952031135559082,-0.3642706871032715,3.354046954698344
"{'osm_id': 355010962, 'osm_type': 'yes'}",chennai_bld_000723,2,2,100.0,3.0613293647766113,-0.4772755801677704,-3.538605213165283,-3.538605213165283,2.219530701637271,-12.203365325927734,-12.220649719238281,-0.017283916473388672,-0.017283916473388672,0.5056614875793457
"{'osm_id': 355010965, 'osm_type': 'yes'}",chennai_bld_000724,4,4,100.0,0.233464777469635,-0.46935611963272095,-0.702820897102356,-0.775897204875946,2.0373443143001513,-10.899559020996094,-13.676919937133789,-2.777360200881958,-3.3115878105163574,2.5804411102165337
"{'osm_id': 355010967, 'osm_type': 'yes'}",chennai_bld_000725,4,4,100.0,3.1982505321502686,3.0678298473358154,-0.1304207444190979,-0.23117077350616455,2.7054868735360964,-12.070094108581543,-12.321165084838867,-0.2510716915130615,-0.6975288391113281,1.2776176968735602
"{'osm_id': 355010970, 'osm_type': 'yes'}",chennai_bld_000726,2,2,100.0,0.43101775646209717,-0.7795054316520691,-1.210523247718811,-1.210523247718811,1.0704313963651666,-12.966060638427734,-13.079218864440918,-0.1131587028503418,-0.1131587028503418,1.460864543914795
"{'osm_id': 355010973, 'osm_type': 'yes'}",chennai_bld_000727,2,2,100.0,-2.648481845855713,0.34906911849975586,2.9975509643554688,2.9975509643554688,4.706067681312563,-13.436301231384277,-13.735074996948242,-0.29877376556396484,-0.29877376556396484,0.5603485107421875
"{'osm_id': 355010975, 'osm_type': 'yes'}",chennai_bld_000728,2,2,100.0,-4.367563247680664,-3.9166905879974365,0.45087289810180664,0.45087289810180664,1.5752172470092773,-13.361780166625977,-14.278621673583984,-0.9168415069580078,-0.9168415069580078,0.4170417785644531
"{'osm_id': 355010976, 'osm_type': 'yes'}",chennai_bld_000729,4,4,100.0,0.7998684644699097,1.7581992149353027,0.9583308100700378,0.9861724376678467,2.51639326440843,-14.819178581237793,-13.295196533203125,1.523982286453247,0.8023552894592285,1.5614817776481758
"{'osm_id': 355010978, 'osm_type': 'yes'}",chennai_bld_000730,4,4,100.0,1.8793985843658447,3.5055606365203857,1.626162052154541,0.7410027980804443,2.5391228784024698,-11.888683319091797,-11.371916770935059,0.5167663097381592,-0.8199019432067871,3.3581555935230685
"{'osm_id': 355010979, 'osm_type': 'yes'}",chennai_bld_000731,4,4,100.0,4.52659273147583,6.7085795402526855,2.1819868087768555,2.2338075637817383,3.575026027769327,-14.843918800354004,-12.570652961730957,2.2732653617858887,1.696302890777588,3.4774439055521444
"{'osm_id': 355010981, 'osm_type': 'yes'}",chennai_bld_000732,2,2,100.0,-2.648481845855713,0.34906911849975586,2.9975509643554688,2.9975509643554688,4.706067681312563,-13.436301231384277,-13.735074996948242,-0.29877376556396484,-0.29877376556396484,0.5603485107421875
"{'osm_id': 355010982, 'osm_type': 'yes'}",chennai_bld_000733,3,3,100.0,0.16055095195770264,0.8281828562418619,0.6676320234934489,0.5916345119476318,2.693360544445433,-11.59332275390625,-11.814584096272787,-0.22126070658365884,-0.8228387832641602,1.0738724626884626
"{'osm_id': 355010990, 'osm_type': 'yes'}",chennai_bld_000734,3,3,100.0,-1.580571174621582,-4.731758117675781,-3.151187260945638,-4.848357200622559,4.137006010735008,-15.219676971435547,-12.356608072916666,2.863067626953125,3.0536203384399414,2.558499245930141
"{'osm_id': 355010991, 'osm_type': 'yes'}",chennai_bld_000735,4,4,100.0,2.8534703254699707,2.326399564743042,-0.5270709991455078,-0.1313009262084961,4.723632904315033,-11.705379486083984,-10.318366050720215,1.3870131969451904,0.9205918312072754,3.127035255964966
"{'osm_id': 355010993, 'osm_type': 'yes'}",chennai_bld_000736,2,2,100.0,2.4700729846954346,2.6304941177368164,0.16042113304138184,0.16042113304138184,2.9427387714385986,-13.078827857971191,-13.106903076171875,-0.028075218200683594,-0.028075218200683594,1.164240837097168
"{'osm_id': 355010998, 'osm_type': 'yes'}",chennai_bld_000737,4,4,100.0,1.0002585649490356,1.885331392288208,0.8850727677345276,1.1075091361999512,0.5924348595676738,-12.461799621582031,-13.127287864685059,-0.6654882431030273,-0.6603636741638184,2.743526961997772
"{'osm_id': 355011011, 'osm_type': 'yes'}",chennai_bld_000738,2,2,100.0,0.854689359664917,2.710970878601074,1.8562815189361572,1.8562815189361572,0.4817006587982178,-10.643505096435547,-10.931349754333496,-0.287844181060791,-0.287844181060791,0.7668423652648926
"{'osm_id': 355011013, 'osm_type': 'yes'}",chennai_bld_000739,1,1,100.0,-5.110136032104492,1.2213293313980103,6.331465244293213,6.331465244293213,0.0,-13.592708587646484,-9.562081336975098,4.030627250671387,4.030627250671387,0.0
"{'osm_id': 355011020, 'osm_type': 'yes'}",chennai_bld_000740,1,1,100.0,0.8472774028778076,1.1990739107131958,0.3517965078353882,0.3517965078353882,0.0,-7.7063093185424805,-12.810708999633789,-5.104399681091309,-5.104399681091309,0.0
"{'osm_id': 355011024, 'osm_type': 'yes'}",chennai_bld_000741,2,2,100.0,-3.8696136474609375,-1.5940980911254883,2.275515556335449,2.275515556335449,1.3991754055023193,-14.20968246459961,-13.496847152709961,0.7128357887268066,0.7128357887268066,2.5513052940368652
"{'osm_id': 355011029, 'osm_type': 'yes'}",chennai_bld_000742,4,4,100.0,3.295330286026001,0.6979255080223083,-2.597404718399048,-2.2378668785095215,0.8289423095259817,-11.988146781921387,-12.69074821472168,-0.7026019096374512,-0.5478672981262207,2.6720458686234703
"{'osm_id': 355011031, 'osm_type': 'yes'}",chennai_bld_000743,2,2,100.0,6.421517848968506,5.291858673095703,-1.1296594142913818,-1.1296594142913818,0.5347015857696533,-9.69147777557373,-12.3277587890625,-2.6362810134887695,-2.6362810134887695,0.175537109375
"{'osm_id': 355011034, 'osm_type': 'yes'}",chennai_bld_000744,3,3,100.0,-1.8903392155965169,-2.6945362091064453,-0.8041969935099283,-1.2007088661193848,3.5576388940474333,-14.285822550455729,-11.863629659016928,2.4221938451131186,2.775362968444824,1.5773844891318196
"{'osm_id': 355011036, 'osm_type': 'yes'}",chennai_bld_000745,4,4,100.0,-0.5351113677024841,-1.0177958011627197,-0.482684463262558,-0.31988877058029175,0.38155714204118585,-12.626627922058105,-13.433740615844727,-0.8071131706237793,-0.9326248168945312,3.4450233471270018
"{'osm_id': 355011045, 'osm_type': 'yes'}",chennai_bld_000746,2,2,100.0,1.2580479383468628,0.48215073347091675,-0.775897204875946,-0.775897204875946,0.34475642442703247,-10.036033630371094,-13.669053077697754,-3.63301944732666,-3.63301944732666,1.8408775329589844
"{'osm_id': 355011049, 'osm_type': 'yes'}",chennai_bld_000747,1,1,100.0,3.01069712638855,1.520851731300354,-1.4898453950881958,-1.4898453950881958,0.0,-14.548276901245117,-14.050392150878906,0.49788475036621094,0.49788475036621094,0.0
"{'osm_id': 355011052, 'osm_type': 'yes'}",chennai_bld_000748,4,4,100.0,-1.4043269157409668,-0.1499953269958496,1.2543315887451172,1.9934055805206299,1.9736727385550736,-13.1663179397583,-13.762012481689453,-0.5956935882568359,-0.8460578918457031,0.8390328136034695
"{'osm_id': 355011058, 'osm_type': 'yes'}",chennai_bld_000749,2,2,100.0,-1.0763533115386963,-3.172478675842285,-2.096125602722168,-2.096125602722168,0.971781134605415,-10.21221923828125,-13.748746871948242,-3.536527633666992,-3.536527633666992,2.2026443481445312
"{'osm_id': 355011061, 'osm_type': 'yes'}",chennai_bld_000750,3,3,100.0,-4.358093897501628,-9.483879725138346,-5.125786145528157,-3.613884449005127,2.778581336560064,-10.909461975097656,-8.970237096150717,1.9392237663269043,1.0284357070922852,2.4156882561408035
"{'osm_id': 355011063, 'osm_type': 'yes'}",chennai_bld_000751,4,4,100.0,11.574138641357422,14.165643692016602,2.591505527496338,2.5953073501586914,3.205069909001675,-12.103858947753906,-8.945558547973633,3.1582999229431152,2.1476778984069824,4.528997956404078
"{'osm_id': 355011064, 'osm_type': 'yes'}",chennai_bld_000752,2,2,100.0,0.20805251598358154,0.4031081795692444,0.19505566358566284,0.19505566358566284,1.6849010586738586,-14.184669494628906,-16.422344207763672,-2.237673759460449,-2.237673759460449,2.73555850982666
"{'osm_id': 355011066, 'osm_type': 'yes'}",chennai_bld_000753,2,2,100.0,8.263663291931152,9.445320129394531,1.1816565990447998,1.1816565990447998,1.9913971424102783,-14.68105697631836,-16.365190505981445,-1.6841340065002441,-1.6841340065002441,2.929539203643799
"{'osm_id': 355011068, 'osm_type': 'yes'}",chennai_bld_000754,2,2,100.0,-0.8884565234184265,-0.8697198629379272,0.018736600875854492,0.018736600875854492,2.611128807067871,-11.506735801696777,-11.119684219360352,0.387052059173584,0.387052059173584,1.2098908424377441
"{'osm_id': 355011071, 'osm_type': 'yes'}",chennai_bld_000755,5,5,100.0,-7.465760803222656,-4.204582214355469,3.261178970336914,3.1242103576660156,5.6846598777948065,-17.028419494628906,-14.392413330078124,2.6360055923461916,2.1994829177856445,3.3766948497666767
"{'osm_id': 355011072, 'osm_type': 'yes'}",chennai_bld_000756,2,2,100.0,-4.569219589233398,-4.458404541015625,0.11081480979919434,0.11081480979919434,1.1243975162506104,-12.476505279541016,-11.551265716552734,0.9252386093139648,0.9252386093139648,0.2137899398803711
"{'osm_id': 355011077, 'osm_type': 'yes'}",chennai_bld_000757,1,1,100.0,2.480396270751953,2.2481460571289062,-0.23225021362304688,-0.23225021362304688,0.0,-9.665719032287598,-12.154306411743164,-2.4885873794555664,-2.4885873794555664,0.0
"{'osm_id': 355011078, 'osm_type': 'yes'}",chennai_bld_000758,2,2,100.0,-4.726317882537842,0.12445908784866333,4.850776672363281,4.850776672363281,0.845097541809082,-12.420113563537598,-12.151227951049805,0.26888608932495117,0.26888608932495117,2.031461238861084
"{'osm_id': 355011080, 'osm_type': 'yes'}",chennai_bld_000759,4,4,100.0,-1.4945158958435059,-0.9814502000808716,0.5130656957626343,1.0935158729553223,2.9579621513269703,-10.961620330810547,-12.880392074584961,-1.9187726974487305,-0.2970147132873535,3.8247571822762936
"{'osm_id': 355011081, 'osm_type': 'yes'}",chennai_bld_000760,3,3,100.0,-3.8917198181152344,-4.211063385009766,-0.31934356689453125,-1.013582706451416,1.1013260073414184,-11.29815928141276,-12.664166768391928,-1.3660081227620442,0.7114486694335938,3.24501062146603
"{'osm_id': 355011083, 'osm_type': 'yes'}",chennai_bld_000761,2,2,100.0,7.102661609649658,3.5901598930358887,-3.5125017166137695,-3.5125017166137695,1.751847267150879,-12.521249771118164,-11.758016586303711,0.7632336616516113,0.7632336616516113,1.6707968711853027
"{'osm_id': 355011089, 'osm_type': 'yes'}",chennai_bld_000762,3,3,100.0,3.697657903035482,3.724287668863932,0.02662948767344157,-0.33204472064971924,0.7900947445754967,-12.611872355143229,-12.907338460286459,-0.2954661051432292,-0.9772253036499023,1.108811034285556
"{'osm_id': 355011090, 'osm_type': 'yes'}",chennai_bld_000763,3,3,100.0,0.8197292486826578,0.7322446505228678,-0.0874846378962199,-0.1703067123889923,0.6124792212575918,-15.999221801757812,-11.635152180989584,4.364068667093913,4.11069393157959,2.989271590099894
"{'osm_id': 355011095, 'osm_type': 'yes'}",chennai_bld_000764,1,1,100.0,2.8172662258148193,0.39420369267463684,-2.423062562942505,-2.423062562942505,0.0,-12.81425666809082,-13.016998291015625,-0.2027416229248047,-0.2027416229248047,0.0
"{'osm_id': 355011096, 'osm_type': 'yes'}",chennai_bld_000765,4,4,100.0,5.8778791427612305,4.531311511993408,-1.3465676307678223,-0.47140049934387207,2.9243526889455085,-12.358187675476074,-10.844077110290527,1.514110803604126,1.4631118774414062,2.3537538875829465
"{'osm_id': 355011101, 'osm_type': 'yes'}",chennai_bld_000766,4,4,100.0,0.19435280561447144,-4.549705505371094,-4.744058609008789,-3.180412769317627,3.704726330139097,-10.502677917480469,-11.518340110778809,-1.0156617164611816,-1.1739869117736816,2.8230937335139203
"{'osm_id': 355011103, 'osm_type': 'yes'}",chennai_bld_000767,4,4,100.0,1.0289015769958496,3.4647085666656494,2.4358067512512207,2.741448163986206,3.746191138277599,-13.92190170288086,-12.353548049926758,1.5683534145355225,1.440403938293457,1.2872299479506017
"{'osm_id': 355011104, 'osm_type': 'yes'}",chennai_bld_000768,8,8,100.0,-2.2896535396575928,-2.1603517532348633,0.1293017864227295,0.7066531181335449,6.11143905981492,-12.038713455200195,-11.814332962036133,0.2243812084197998,1.3128447532653809,2.711384689270852
"{'osm_id': 355029428, 'osm_type': 'yes'}",chennai_bld_000769,8,8,100.0,-2.9524552822113037,-4.9316205978393555,-1.9791656732559204,-1.5307278633117676,1.6831235644285147,-11.115429878234863,-12.712456703186035,-1.5970269441604614,-1.1171860694885254,1.570475795226968
"{'osm_id': 355029438, 'osm_type': 'yes'}",chennai_bld_000770,2,2,100.0,7.04411506652832,5.399779319763184,-1.6443358659744263,-1.6443358659744263,1.4897907972335815,-10.960508346557617,-16.240100860595703,-5.279592514038086,-5.279592514038086,1.459329605102539
"{'osm_id': 355029442, 'osm_type': 'yes'}",chennai_bld_000771,2,2,100.0,1.3319815397262573,-1.6593303680419922,-2.991312026977539,-2.991312026977539,0.7986201047897428,-8.722867012023926,-10.043346405029297,-1.320478916168213,-1.320478916168213,0.11961030960083008
"{'osm_id': 355029446, 'osm_type': 'yes'}",chennai_bld_000772,2,2,100.0,4.67606782913208,2.161646842956543,-2.514420986175537,-2.514420986175537,0.3295612335205078,-11.959835052490234,-12.153950691223145,-0.19411563873291016,-0.19411563873291016,0.2657032012939453
"{'osm_id': 355029451, 'osm_type': 'yes'}",chennai_bld_000773,4,4,100.0,-3.9036195278167725,-2.459803819656372,1.4438157081604004,1.4875726699829102,0.4794040653730438,-8.45073413848877,-10.127050399780273,-1.676316738128662,-1.6781363487243652,1.5135718889964718
"{'osm_id': 355029458, 'osm_type': 'yes'}",chennai_bld_000774,2,2,100.0,6.046747207641602,2.9263925552368164,-3.1203548908233643,-3.1203548908233643,4.442514657974243,-9.871856689453125,-13.161052703857422,-3.2891969680786133,-3.2891969680786133,0.23404407501220703
"{'osm_id': 355029462, 'osm_type': 'yes'}",chennai_bld_000775,2,2,100.0,-3.8821418285369873,-2.797311305999756,1.0848305225372314,1.0848305225372314,0.35846829414367676,-5.917092323303223,-8.483997344970703,-2.5669045448303223,-2.5669045448303223,1.2220063209533691
"{'osm_id': 355029466, 'osm_type': 'yes'}",chennai_bld_000776,2,2,100.0,2.3927950859069824,1.4455549716949463,-0.947239875793457,-0.947239875793457,4.34313440322876,-12.045370101928711,-9.732210159301758,2.313159465789795,2.313159465789795,2.6518712043762207
"{'osm_id': 355029470, 'osm_type': 'yes'}",chennai_bld_000777,4,4,100.0,4.163041591644287,1.4940129518508911,-2.6690285205841064,-3.236466884613037,2.472885430424337,-13.6334867477417,-13.056015968322754,0.5774703025817871,1.1523323059082031,2.3356556875025043
"{'osm_id': 355029474, 'osm_type': 'yes'}",chennai_bld_000778,1,1,100.0,-4.782441139221191,-0.18165093660354614,4.600790023803711,4.600790023803711,0.0,-7.8820366859436035,-9.605218887329102,-1.723182201385498,-1.723182201385498,0.0
"{'osm_id': 355029484, 'osm_type': 'yes'}",chennai_bld_000779,3,3,100.0,0.688119649887085,-2.543172836303711,-3.231292406717936,-4.4525275230407715,3.85211954297685,-13.615662892659506,-12.684916178385416,0.9307467142740885,1.5801916122436523,1.5883082709110106
"{'osm_id': 355029487, 'osm_type': 'yes'}",chennai_bld_000780,4,4,100.0,-4.120175838470459,-3.5228500366210938,0.5973255634307861,-0.6070001125335693,2.416829799174818,-12.284025192260742,-11.075756072998047,1.2082695960998535,1.2441158294677734,2.252705903782299
"{'osm_id': 355029490, 'osm_type': 'yes'}",chennai_bld_000781,2,2,100.0,1.3600788116455078,-3.10117769241333,-4.461256504058838,-4.461256504058838,2.0516866445541417,-13.882898330688477,-14.861326217651367,-0.9784278869628906,-0.9784278869628906,2.4483413696289062
"{'osm_id': 355029496, 'osm_type': 'yes'}",chennai_bld_000782,1,1,100.0,-3.523620128631592,-2.797257900238037,0.7263622283935547,0.7263622283935547,0.0,-5.7353925704956055,-7.080290794372559,-1.3448982238769531,-1.3448982238769531,0.0
"{'osm_id': 355029500, 'osm_type': 'yes'}",chennai_bld_000783,4,4,100.0,-0.5431014895439148,-2.345289707183838,-1.8021883964538574,-2.196255922317505,1.6988018447212763,-9.540964126586914,-8.945504188537598,0.5954596996307373,0.5410714149475098,1.3111888263933902
"{'osm_id': 355029505, 'osm_type': 'yes'}",chennai_bld_000784,4,4,100.0,3.2652111053466797,1.9426130056381226,-1.3225980997085571,-1.2571214437484741,2.7634723263804055,-11.209716796875,-12.645678520202637,-1.4359619617462158,-2.023040294647217,1.8904347901550502
"{'osm_id': 355029509, 'osm_type': 'yes'}",chennai_bld_000785,2,2,100.0,-4.887331962585449,-0.7996184825897217,4.087713718414307,4.087713718414307,0.11768054962158203,-11.638290405273438,-12.347558975219727,-0.7092680931091309,-0.7092680931091309,1.0597939491271973
"{'osm_id': 355029513, 'osm_type': 'yes'}",chennai_bld_000786,1,1,100.0,5.294753074645996,5.050442218780518,-0.24431085586547852,-0.24431085586547852,0.0,-13.439682960510254,-16.014610290527344,-2.57492733001709,-2.57492733001709,0.0
"{'osm_id': 355029522, 'osm_type': 'yes'}",chennai_bld_000787,2,2,100.0,3.4239253997802734,1.5827268362045288,-1.841198444366455,-1.841198444366455,2.140303611755371,-12.256085395812988,-10.586247444152832,1.6698379516601562,1.6698379516601562,0.06996631622314453
"{'osm_id': 355029526, 'osm_type': 'yes'}",chennai_bld_000788,3,3,100.0,0.09643300374348958,-1.1057827472686768,-1.2022156715393066,-0.6094464063644409,3.124215298244718,-10.81481679280599,-10.83487319946289,-0.02005608876546224,-0.3387117385864258,3.596758994916216
"{'osm_id': 355029534, 'osm_type': 'yes'}",chennai_bld_000789,4,4,100.0,-2.1066510677337646,-1.3650214672088623,0.7416298389434814,1.3439416885375977,3.002284642365339,-14.782247543334961,-13.865921020507812,0.9163262844085693,0.5095539093017578,1.6272451853136143
"{'osm_id': 355029538, 'osm_type': 'yes'}",chennai_bld_000790,2,2,100.0,4.15022087097168,3.076108455657959,-1.0741122961044312,-1.0741122961044312,1.1031068563461304,-9.895071029663086,-13.736982345581055,-3.8419113159179688,-3.8419113159179688,0.3940601348876953
"{'osm_id': 355029543, 'osm_type': 'yes'}",chennai_bld_000791,2,2,100.0,-1.3330581188201904,0.2944488525390625,1.627506971359253,1.627506971359253,0.12314277887345802,-10.340055465698242,-11.48001480102539,-1.1399598121643066,-1.1399598121643066,0.12942838668823242
"{'osm_id': 355029546, 'osm_type': 'yes'}",chennai_bld_000792,4,4,100.0,3.3553884029388428,1.5575015544891357,-1.7978870868682861,-1.6438326835632324,2.891720522409518,-10.460090637207031,-10.875452041625977,-0.4153616428375244,-0.25018930435180664,0.6913532472640742
"{'osm_id': 355029550, 'osm_type': 'yes'}",chennai_bld_000793,2,2,100.0,12.091392517089844,14.256473541259766,2.16508150100708,2.16508150100708,2.6408705711364746,-9.734719276428223,-10.60257339477539,-0.8678538799285889,-0.8678538799285889,2.2679717540740967
"{'osm_id': 355029554, 'osm_type': 'yes'}",chennai_bld_000794,4,4,100.0,-4.328898906707764,-6.00016975402832,-1.6712703704833984,-1.6329461336135864,1.6303321707288048,-11.079692840576172,-12.79688835144043,-1.71719491481781,-0.2045888900756836,3.595390257801285
"{'osm_id': 355029558, 'osm_type': 'yes'}",chennai_bld_000795,2,2,100.0,-0.4371565580368042,-0.8478008508682251,-0.4106442928314209,-0.4106442928314209,2.940869092941284,-10.990560531616211,-15.166646957397461,-4.176085472106934,-4.176085472106934,1.5120601654052734
"{'osm_id': 355029560, 'osm_type': 'yes'}",chennai_bld_000796,1,1,100.0,-4.134957790374756,-0.8366919755935669,3.2982659339904785,3.2982659339904785,0.0,-16.325815200805664,-17.208200454711914,-0.88238525390625,-0.88238525390625,0.0
"{'osm_id': 355029562, 'osm_type': 'yes'}",chennai_bld_000797,6,6,100.0,-5.240379015604655,-6.192378997802734,-0.9519995053609213,-1.3278241157531738,2.7064713315795954,-13.005999247233072,-12.640137990315756,0.3658607800801595,0.279080867767334,2.0335164062569837
"{'osm_id': 355029564, 'osm_type': 'yes'}",chennai_bld_000798,2,2,100.0,1.6972808837890625,0.22641003131866455,-1.470870852470398,-1.470870852470398,0.7989455461502075,-12.646207809448242,-15.161870002746582,-2.51566219329834,-2.51566219329834,1.2006616592407227
"{'osm_id': 355029567, 'osm_type': 'yes'}",chennai_bld_000799,4,4,100.0,-0.5497175455093384,-1.9990384578704834,-1.4493210315704346,-1.5117180347442627,0.8324562724655874,-10.19500732421875,-10.757462501525879,-0.5624549388885498,-0.2749032974243164,2.3931803258634505
"{'osm_id': 355029569, 'osm_type': 'yes'}",chennai_bld_000800,2,2,100.0,6.820037841796875,4.404239177703857,-2.4157986640930176,-2.4157986640930176,1.3183676004409843,-8.998558044433594,-10.949777603149414,-1.9512202739715576,-1.9512202739715576,0.5761783123016357
"{'osm_id': 355029572, 'osm_type': 'yes'}",chennai_bld_000801,1,1,100.0,3.980234146118164,-1.6385445594787598,-5.618778705596924,-5.618778705596924,0.0,-13.590773582458496,-12.464667320251465,1.1261062622070312,1.1261062622070312,0.0
"{'osm_id': 355029574, 'osm_type': 'yes'}",chennai_bld_000802,1,1,100.0,8.63150691986084,3.1209869384765625,-5.510519981384277,-5.510519981384277,0.0,-12.532353401184082,-16.87107276916504,-4.338719367980957,-4.338719367980957,0.0
"{'osm_id': 355029579, 'osm_type': 'yes'}",chennai_bld_000803,5,5,100.0,-4.233714294433594,-3.1761213302612306,1.0575927734375,0.21583151817321777,1.5530756588297066,-16.791175842285156,-14.9560302734375,1.8351432800292968,3.673868179321289,3.5855091319938257
"{'osm_id': 355029582, 'osm_type': 'yes'}",chennai_bld_000804,4,4,100.0,0.8179922699928284,0.27473214268684387,-0.5432600975036621,-0.3999119997024536,1.8163948376810248,-9.393752098083496,-10.328776359558105,-0.935024619102478,-1.050985336303711,0.4694149723766764
"{'osm_id': 355029586, 'osm_type': 'yes'}",chennai_bld_000805,2,2,100.0,-3.3326172828674316,-5.252395153045654,-1.919777750968933,-1.919777750968933,0.06753909587860107,-9.078514099121094,-11.489974975585938,-2.4114603996276855,-2.4114603996276855,1.141456127166748
"{'osm_id': 355029590, 'osm_type': 'yes'}",chennai_bld_000806,2,2,100.0,2.7195305824279785,5.64134407043457,2.921813488006592,2.921813488006592,3.3976025581359863,-17.456167221069336,-15.331527709960938,2.124640464782715,2.124640464782715,0.724522590637207
"{'osm_id': 355029592, 'osm_type': 'yes'}",chennai_bld_000807,4,4,100.0,1.6027371883392334,1.6961170434951782,0.09337985515594482,0.7727088928222656,2.3614888451221905,-13.65809440612793,-12.77270221710205,0.8853929042816162,0.7026357650756836,3.287668669918939
"{'osm_id': 355029596, 'osm_type': 'yes'}",chennai_bld_000808,2,2,100.0,-2.014240026473999,-0.7049756050109863,1.3092644214630127,1.3092644214630127,1.4128143787384033,-13.363540649414062,-14.62820053100586,-1.264660358428955,-1.264660358428955,2.1159634590148926
"{'osm_id': 355029599, 'osm_type': 'yes'}",chennai_bld_000809,2,2,100.0,-1.6990430355072021,4.300826549530029,5.999869346618652,5.999869346618652,3.467026472091683,-10.133183479309082,-5.752048015594482,4.3811354637146,4.3811354637146,1.2133355140686035
"{'osm_id': 355029603, 'osm_type': 'yes'}",chennai_bld_000810,4,4,100.0,2.2422878742218018,1.6701120138168335,-0.5721758008003235,0.11276979744434357,1.764990509611431,-9.998417854309082,-13.05234146118164,-3.053922653198242,-3.1468563079833984,1.3794038732950011
"{'osm_id': 355029609, 'osm_type': 'yes'}",chennai_bld_000811,2,2,100.0,-6.085793972015381,0.04105508327484131,6.126849174499512,6.126849174499512,3.3400470018386863,-12.600168228149414,-12.003939628601074,0.5962281227111816,0.5962281227111816,2.5715718269348145
"{'osm_id': 355029615, 'osm_type': 'yes'}",chennai_bld_000812,2,2,100.0,3.095421314239502,-0.5011172890663147,-3.596538543701172,-3.596538543701172,1.0728548765182562,-13.50716781616211,-14.50539779663086,-0.9982304573059082,-0.9982304573059082,2.0957417488098145
"{'osm_id': 355029620, 'osm_type': 'yes'}",chennai_bld_000813,4,4,100.0,-3.532832145690918,-4.520511150360107,-0.9876788854598999,-1.0859370231628418,0.9518150145716765,-10.773431777954102,-10.653356552124023,0.12007594108581543,0.6691446304321289,2.6572684370347384
"{'osm_id': 355029626, 'osm_type': 'yes'}",chennai_bld_000814,2,2,100.0,1.9159077405929565,-0.5110875368118286,-2.426995277404785,-2.426995277404785,0.10192155838012695,-12.341476440429688,-15.171234130859375,-2.829758644104004,-2.829758644104004,0.21324825286865234
"{'osm_id': 355029631, 'osm_type': 'yes'}",chennai_bld_000815,2,2,100.0,-0.3035622537136078,-1.541268229484558,-1.2377060651779175,-1.2377060651779175,3.214821457862854,-13.233855247497559,-12.627830505371094,0.6060242652893066,0.6060242652893066,1.862189769744873
"{'osm_id': 355029634, 'osm_type': 'yes'}",chennai_bld_000816,4,4,100.0,3.7960596084594727,4.344379901885986,0.5483201742172241,-0.2120060920715332,3.6286075540558125,-16.401386260986328,-13.273143768310547,3.128241539001465,3.156261444091797,1.2219313492288792
"{'osm_id': 355029640, 'osm_type': 'yes'}",chennai_bld_000817,2,2,100.0,1.5121912956237793,-0.7048502564430237,-2.217041492462158,-2.217041492462158,0.017221450805664062,-10.741917610168457,-10.964519500732422,-0.22260236740112305,-0.22260236740112305,0.677858829498291
"{'osm_id': 355029643, 'osm_type': 'yes'}",chennai_bld_000818,4,4,100.0,1.6958256959915161,1.1448094844818115,-0.5510162115097046,-0.07808952033519745,2.044065893422144,-12.454642295837402,-12.100516319274902,0.3541250228881836,0.9761018753051758,2.128559659207618
"{'osm_id': 355029647, 'osm_type': 'yes'}",chennai_bld_000819,4,4,100.0,-1.0356565713882446,-1.7531306743621826,-0.7174739837646484,-0.48645269870758057,0.6965278403861547,-12.074462890625,-13.923538208007812,-1.8490760326385498,-2.2135133743286133,3.393206383245226
"{'osm_id': 355029651, 'osm_type': 'yes'}",chennai_bld_000820,4,4,100.0,-1.058102011680603,-3.0732457637786865,-2.015143871307373,-2.6058120727539062,2.377455722180511,-9.462231636047363,-10.683781623840332,-1.2215492725372314,-1.6013069152832031,1.00584381296752
"{'osm_id': 355029653, 'osm_type': 'yes'}",chennai_bld_000821,1,1,100.0,-2.034762144088745,-1.6014403104782104,0.43332183361053467,0.43332183361053467,0.0,-13.368033409118652,-9.55985164642334,3.8081817626953125,3.8081817626953125,0.0
"{'osm_id': 355029655, 'osm_type': 'yes'}",chennai_bld_000822,4,4,100.0,-1.7115013599395752,0.17961901426315308,1.8911203145980835,2.1078598499298096,1.242092097859073,-9.939050674438477,-13.052118301391602,-3.113067865371704,-3.39158296585083,0.6156941150067117
"{'osm_id': 355029659, 'osm_type': 'yes'}",chennai_bld_000823,3,3,100.0,1.745884895324707,2.6757383346557617,0.9298534393310547,-0.7111711502075195,2.393015754116931,-9.365428924560547,-10.7938232421875,-1.4283939997355144,-1.3298368453979492,0.5579320408656656
"{'osm_id': 355029663, 'osm_type': 'yes'}",chennai_bld_000824,2,2,100.0,3.42335844039917,4.566643714904785,1.143284797668457,1.143284797668457,3.5665130615234375,-10.654922485351562,-8.912591934204102,1.7423310279846191,1.7423310279846191,1.7975077629089355
"{'osm_id': 355029667, 'osm_type': 'yes'}",chennai_bld_000825,2,2,100.0,-8.257299423217773,-6.041608810424805,2.2156903743743896,2.2156903743743896,2.535325765609741,-12.800636291503906,-9.471023559570312,3.329613208770752,3.329613208770752,0.7213196754455566
"{'osm_id': 355029674, 'osm_type': 'yes'}",chennai_bld_000826,2,2,100.0,-4.3830766677856445,-2.8475637435913086,1.535512924194336,1.535512924194336,3.7282047271728516,-10.829635620117188,-10.881278991699219,-0.05164337158203125,-0.05164337158203125,1.1492252349853516
"{'osm_id': 355029679, 'osm_type': 'yes'}",chennai_bld_000827,4,4,100.0,-0.6481444835662842,-4.008363246917725,-3.3602185249328613,-3.156916379928589,0.8156923869281704,-10.756905555725098,-12.423871994018555,-1.666966199874878,-1.7675843238830566,0.48998231135136716
"{'osm_id': 355029683, 'osm_type': 'yes'}",chennai_bld_000828,2,2,100.0,-1.1613110303878784,-0.3857506513595581,0.7755603790283203,0.7755603790283203,0.7180805206298828,-9.26011848449707,-11.990433692932129,-2.7303152084350586,-2.7303152084350586,0.6722269058227539
"{'osm_id': 355029687, 'osm_type': 'yes'}",chennai_bld_000829,1,1,100.0,5.294753074645996,5.050442218780518,-0.24431085586547852,-0.24431085586547852,0.0,-13.439682960510254,-16.014610290527344,-2.57492733001709,-2.57492733001709,0.0
"{'osm_id': 355029691, 'osm_type': 'yes'}",chennai_bld_000830,4,4,100.0,3.0378570556640625,-0.8061681985855103,-3.8440256118774414,-3.2403531074523926,1.7329722433056678,-12.004383087158203,-12.254384994506836,-0.2500028610229492,-0.19411563873291016,0.3329614878090996
"{'osm_id': 355029695, 'osm_type': 'yes'}",chennai_bld_000831,2,2,100.0,-0.1650296449661255,0.5467299222946167,0.7117595672607422,0.7117595672607422,0.41265439987182617,-13.246838569641113,-10.875221252441406,2.371616840362549,2.371616840362549,0.631812572479248
"{'osm_id': 355029698, 'osm_type': 'yes'}",chennai_bld_000832,2,2,100.0,0.25739845633506775,-1.4375,-1.6948984861373901,-1.6948984861373901,0.03476083278656006,-14.681474685668945,-11.833368301391602,2.8481063842773438,2.8481063842773438,0.26506710052490234
"{'osm_id': 355029701, 'osm_type': 'yes'}",chennai_bld_000833,2,2,100.0,-3.616243362426758,-2.216184616088867,1.4000587463378906,1.4000587463378906,0.6736965179443359,-7.716916084289551,-9.395051956176758,-1.6781363487243652,-1.6781363487243652,0.3332381248474121
"{'osm_id': 355029705, 'osm_type': 'yes'}",chennai_bld_000834,4,4,100.0,-4.0474066734313965,-0.971894383430481,3.075512409210205,3.006438970565796,3.290059305779412,-13.873746871948242,-11.869501113891602,2.0042455196380615,2.088252067565918,2.432042774255807
"{'osm_id': 355029709, 'osm_type': 'yes'}",chennai_bld_000835,4,4,100.0,1.4771974086761475,-0.44838064908981323,-1.925578236579895,-1.9521845579147339,1.333271174332112,-12.873058319091797,-13.327410697937012,-0.45435261726379395,-0.08446121215820312,1.7207165651490568
"{'osm_id': 355029711, 'osm_type': 'yes'}",chennai_bld_000836,4,4,100.0,7.78085994720459,8.053466796875,0.272607684135437,-0.2120060920715332,2.9095963681091512,-12.984217643737793,-11.978423118591309,1.0057936906814575,1.8478202819824219,2.5005766548032367
"{'osm_id': 355029717, 'osm_type': 'yes'}",chennai_bld_000837,4,4,100.0,1.5655126571655273,1.8384759426116943,0.27296313643455505,1.041508674621582,2.2946393679504204,-10.054146766662598,-11.400010108947754,-1.345863938331604,-1.2508177757263184,1.7674170472580575
"{'osm_id': 355029719, 'osm_type': 'yes'}",chennai_bld_000838,4,4,100.0,4.4386749267578125,0.698758602142334,-3.7399163246154785,-3.7933270931243896,2.5411604655597504,-13.107383728027344,-14.735078811645508,-1.627694845199585,-1.1200356483459473,3.807853858770684
"{'osm_id': 355029759, 'osm_type': 'yes'}",chennai_bld_000839,1,1,100.0,-0.8284973502159119,-2.4886350631713867,-1.66013765335083,-1.66013765335083,0.0,-15.068124771118164,-11.954951286315918,3.113173484802246,3.113173484802246,0.0
"{'osm_id': 355029763, 'osm_type': 'yes'}",chennai_bld_000840,4,4,100.0,-5.16540002822876,-1.084928274154663,4.080471515655518,3.5636544227600098,2.664979521038411,-10.456243515014648,-11.389554977416992,-0.9333109855651855,-1.1284751892089844,0.8389038342735992
"{'osm_id': 355029766, 'osm_type': 'yes'}",chennai_bld_000841,1,1,100.0,-3.7241361141204834,-3.676098346710205,0.04803776741027832,0.04803776741027832,0.0,-11.585224151611328,-13.647894859313965,-2.0626707077026367,-2.0626707077026367,0.0
"{'osm_id': 355029770, 'osm_type': 'yes'}",chennai_bld_000842,2,2,100.0,2.4585399627685547,-1.7584748268127441,-4.217014789581299,-4.217014789581299,0.23551273345947266,-14.43227767944336,-12.398235321044922,2.0340428352355957,2.0340428352355957,0.434171199798584
"{'osm_id': 355029776, 'osm_type': 'yes'}",chennai_bld_000843,2,2,100.0,-1.9820458889007568,-0.7687084674835205,1.2133374214172363,1.2133374214172363,1.316887378692627,-13.672283172607422,-14.578644752502441,-0.9063611030578613,-0.9063611030578613,1.7576642036437988
"{'osm_id': 355029781, 'osm_type': 'yes'}",chennai_bld_000844,3,3,100.0,3.283433278401693,-0.00684968630472819,-3.290283203125,-1.381629467010498,3.026886893744467,-11.321590423583984,-13.34161376953125,-2.020023981730143,-2.0492820739746094,1.2394888282331986
"{'osm_id': 355029787, 'osm_type': 'yes'}",chennai_bld_000845,1,1,100.0,-3.1005311012268066,-2.1693313121795654,0.9311997890472412,0.9311997890472412,0.0,-10.136249542236328,-14.207392692565918,-4.07114315032959,-4.07114315032959,0.0
"{'osm_id': 355029793, 'osm_type': 'yes'}",chennai_bld_000846,4,4,100.0,0.1638624668121338,-1.272970199584961,-1.4368326663970947,-1.6535046100616455,3.410467382891382,-13.798900604248047,-13.1163330078125,0.6825675964355469,0.73077392578125,4.7836720551426835
"{'osm_id': 355029795, 'osm_type': 'yes'}",chennai_bld_000847,2,2,100.0,-2.308530330657959,-4.53826904296875,-2.229738473892212,-2.229738473892212,0.0045244693756103516,-13.25252914428711,-12.78700065612793,0.4655284881591797,0.4655284881591797,1.3659896850585938
"{'osm_id': 355029799, 'osm_type': 'yes'}",chennai_bld_000848,6,6,100.0,-4.1237748463948565,-6.319548924763997,-2.1957737604777017,-1.947648286819458,1.2401908465653326,-13.71725082397461,-14.219436645507812,-0.5021851857503256,0.8498883247375488,4.844962290045938
"{'osm_id': 355029803, 'osm_type': 'yes'}",chennai_bld_000849,4,4,100.0,2.239932060241699,0.2682346701622009,-1.9716973304748535,-1.470870852470398,1.5183913969604794,-13.391218185424805,-13.363537788391113,0.027680635452270508,-0.3543424606323242,3.0198386422519956
"{'osm_id': 355029807, 'osm_type': 'yes'}",chennai_bld_000850,2,2,100.0,3.3215439319610596,2.6955559253692627,-0.6259880065917969,-0.6259880065917969,0.47144293785095215,-11.640037536621094,-14.237689971923828,-2.5976524353027344,-2.5976524353027344,1.2226104736328125
"{'osm_id': 355029811, 'osm_type': 'yes'}",chennai_bld_000851,2,2,100.0,3.4231083393096924,-2.879944086074829,-6.3030524253845215,-6.3030524253845215,1.259817123413086,-13.184045791625977,-15.439476013183594,-2.2554311752319336,-2.2554311752319336,1.2678098678588867
"{'osm_id': 355029815, 'osm_type': 'yes'}",chennai_bld_000852,2,2,100.0,-0.6494044065475464,1.1640245914459229,1.8134289979934692,1.8134289979934692,0.6141113042831421,-11.94436264038086,-13.123750686645508,-1.1793875694274902,-1.1793875694274902,0.4963679313659668
"{'osm_id': 355029819, 'osm_type': 'yes'}",chennai_bld_000853,2,2,100.0,-2.6115682125091553,-2.820559024810791,-0.20899081230163574,-0.20899081230163574,0.25702857971191406,-9.923072814941406,-11.910480499267578,-1.9874072074890137,-1.9874072074890137,0.07526350021362305
"{'osm_id': 355029826, 'osm_type': 'yes'}",chennai_bld_000854,4,4,100.0,-4.143794536590576,-5.718692302703857,-1.5748977661132812,-1.2864210605621338,2.9941263741366284,-12.634791374206543,-12.225324630737305,0.4094669818878174,0.5052728652954102,0.7214695580119732
"{'osm_id': 355029829, 'osm_type': 'yes'}",chennai_bld_000855,1,1,100.0,-4.134957790374756,-0.8366919755935669,3.2982659339904785,3.2982659339904785,0.0,-16.325815200805664,-17.208200454711914,-0.88238525390625,-0.88238525390625,0.0
"{'osm_id': 355029833, 'osm_type': 'yes'}",chennai_bld_000856,4,4,100.0,-0.48663198947906494,1.8211909532546997,2.3078229427337646,2.1107988357543945,2.253920957732462,-10.515583992004395,-14.02767276763916,-3.5120885372161865,-3.358950138092041,3.5789885611164944
"{'osm_id': 355029841, 'osm_type': 'yes'}",chennai_bld_000857,2,2,100.0,3.806678533554077,0.5663253664970398,-3.2403531074523926,-3.2403531074523926,0.39637088775634766,-12.903082847595215,-12.829917907714844,0.0731654167175293,0.0731654167175293,0.0015778541564941406
"{'osm_id': 355029843, 'osm_type': 'yes'}",chennai_bld_000858,4,4,100.0,-1.2351936101913452,-2.3241305351257324,-1.0889370441436768,-0.8097509145736694,2.7602321743227476,-9.252866744995117,-10.026937484741211,-0.7740708589553833,-1.1399598121643066,0.8113739858586445
"{'osm_id': 355029848, 'osm_type': 'yes'}",chennai_bld_000859,3,3,100.0,-4.075297037760417,-1.0608110427856445,3.014486312866211,3.2982659339904785,0.792176533498298,-14.718751271565756,-15.729746500651041,-1.010995864868164,-0.88238525390625,1.5558759495799663
"{'osm_id': 355029851, 'osm_type': 'yes'}",chennai_bld_000860,2,2,100.0,-0.6537342667579651,-0.16480571031570435,0.48892855644226074,0.48892855644226074,1.9901912212371826,-6.515688896179199,-11.07272720336914,-4.557037353515625,-4.557037353515625,0.15990185737627638
"{'osm_id': 355029854, 'osm_type': 'yes'}",chennai_bld_000861,4,4,100.0,-0.14735472202301025,-0.5455078482627869,-0.398153156042099,0.04900266230106354,1.0440501005689633,-12.798576354980469,-10.524720191955566,2.2738561630249023,3.0486435890197754,3.297876443759245
"{'osm_id': 355029858, 'osm_type': 'yes'}",chennai_bld_000862,2,2,100.0,4.153517723083496,1.6140514612197876,-2.539466381072998,-2.539466381072998,1.4420355558395435,-11.53706169128418,-11.424647331237793,0.11241483688354492,0.11241483688354492,1.4874567985534668
"{'osm_id': 355029861, 'osm_type': 'yes'}",chennai_bld_000863,4,4,100.0,4.001405239105225,2.0224769115448,-1.9789282083511353,-3.2756524085998535,3.2494126910328824,-14.043859481811523,-12.093961715698242,1.9498975276947021,1.456315040588379,1.9452460098892717
"{'osm_id': 355029865, 'osm_type': 'yes'}",chennai_bld_000864,2,2,100.0,-1.4150804281234741,-4.82327127456665,-3.408190965652466,-3.408190965652466,2.9149816036224365,-15.030172348022461,-14.478999137878418,0.551173210144043,0.551173210144043,2.6806344985961914
"{'osm_id': 355029869, 'osm_type': 'yes'}",chennai_bld_000865,2,2,100.0,-1.4237258434295654,-0.9627051949501038,0.46102070808410645,0.46102070808410645,0.02769885957241459,-14.498743057250977,-9.822765350341797,4.67597770690918,4.67597770690918,0.8677959442138672
"{'osm_id': 355029873, 'osm_type': 'yes'}",chennai_bld_000866,4,4,100.0,-2.0574538707733154,-1.761315941810608,0.2961380183696747,-0.34901028871536255,1.7169465404862896,-10.660297393798828,-10.35626220703125,0.3040351867675781,-0.4309244155883789,1.5215437311232463
"{'osm_id': 355029878, 'osm_type': 'yes'}",chennai_bld_000867,2,2,100.0,-0.3733375072479248,-3.917832136154175,-3.54449462890625,-3.54449462890625,2.058555722236637,-10.522442817687988,-13.07939338684082,-2.556950092315674,-2.556950092315674,0.018373966217041016
"{'osm_id': 355029883, 'osm_type': 'yes'}",chennai_bld_000868,2,2,100.0,7.04411506652832,5.399779319763184,-1.6443358659744263,-1.6443358659744263,1.4897907972335815,-10.960508346557617,-16.240100860595703,-5.279592514038086,-5.279592514038086,1.459329605102539
"{'osm_id': 355029888, 'osm_type': 'yes'}",chennai_bld_000869,2,2,100.0,-8.257299423217773,-6.041608810424805,2.2156903743743896,2.2156903743743896,2.535325765609741,-12.800636291503906,-9.471023559570312,3.329613208770752,3.329613208770752,0.7213196754455566
"{'osm_id': 355029894, 'osm_type': 'yes'}",chennai_bld_000870,4,4,100.0,2.66979718208313,1.9644216299057007,-0.7053756713867188,0.12218371033668518,1.6535882360015537,-10.088092803955078,-11.081958770751953,-0.9938672780990601,-1.5717980861663818,2.0306410408034443
"{'osm_id': 355029900, 'osm_type': 'yes'}",chennai_bld_000871,1,1,100.0,-0.30743327736854553,3.08846116065979,3.3958945274353027,3.3958945274353027,0.0,-14.295196533203125,-9.33016586303711,4.965030670166016,4.965030670166016,0.0
"{'osm_id': 355029905, 'osm_type': 'yes'}",chennai_bld_000872,4,4,100.0,0.657640814781189,-2.636796712875366,-3.2944374084472656,-3.7704763412475586,1.8620092354842315,-15.043216705322266,-11.856189727783203,3.187026262283325,2.901425838470459,1.4490703218125238
"{'osm_id': 355029909, 'osm_type': 'yes'}",chennai_bld_000873,4,4,100.0,-4.388431072235107,-2.4273059368133545,1.9611250162124634,2.961740016937256,5.2678903216079505,-8.753317832946777,-9.506088256835938,-0.7527704238891602,-0.7837157249450684,0.7284932844151865
"{'osm_id': 355029914, 'osm_type': 'yes'}",chennai_bld_000874,2,2,100.0,-1.5708192586898804,-2.1214423179626465,-0.5506231784820557,-0.5506231784820557,1.1768925189971924,-11.558511734008789,-12.659475326538086,-1.1009635925292969,-1.1009635925292969,2.3780813217163086
"{'osm_id': 355029919, 'osm_type': 'yes'}",chennai_bld_000875,2,2,100.0,-5.058926105499268,-5.817843437194824,-0.7589173316955566,-0.7589173316955566,3.3223986625671387,-12.43913459777832,-12.407939910888672,0.031194210052490234,0.031194210052490234,2.5960545539855957
"{'osm_id': 355029923, 'osm_type': 'yes'}",chennai_bld_000876,3,3,100.0,1.6267722447713215,-0.13617209593454996,-1.762944221496582,-2.2698163986206055,0.8176391794579595,-13.13739267985026,-12.374285380045572,0.7631069819132487,1.4699134826660156,3.4057583782651815
"{'osm_id': 355029931, 'osm_type': 'yes'}",chennai_bld_000877,2,2,100.0,-0.6016119718551636,-2.4291276931762695,-1.827515721321106,-1.827515721321106,0.9011656045913696,-12.054526329040527,-12.325475692749023,-0.2709488868713379,-0.2709488868713379,0.2165999412536621
"{'osm_id': 355029936, 'osm_type': 'yes'}",chennai_bld_000878,2,2,100.0,-3.512275218963623,-5.392541885375977,-1.8802669048309326,-1.8802669048309326,2.6066291332244873,-7.510072708129883,-7.878637790679932,-0.36856508255004883,-0.36856508255004883,0.9763331413269043
"{'osm_id': 355029942, 'osm_type': 'yes'}",chennai_bld_000879,1,1,100.0,2.7748875617980957,2.8736071586608887,0.09871959686279297,0.09871959686279297,0.0,-14.05120849609375,-11.18842601776123,2.8627824783325195,2.8627824783325195,0.0
"{'osm_id': 355029946, 'osm_type': 'yes'}",chennai_bld_000880,6,6,100.0,-1.9060630798339844,-5.028269131978353,-3.1222060521443686,-3.154118537902832,2.651594119765426,-12.192314147949219,-11.865435282389322,0.3268783887227376,-0.38695478439331055,3.137092793442281
"{'osm_id': 355029950, 'osm_type': 'yes'}",chennai_bld_000881,1,1,100.0,-3.2558155059814453,-2.131401538848877,1.1244139671325684,1.1244139671325684,0.0,-14.71682071685791,-11.713391304016113,3.003429412841797,3.003429412841797,0.0
"{'osm_id': 355029954, 'osm_type': 'yes'}",chennai_bld_000882,2,2,100.0,3.470327377319336,1.8504612445831299,-1.619866132736206,-1.619866132736206,1.6716430187225342,-16.233715057373047,-13.354273796081543,2.879441261291504,2.879441261291504,0.583918571472168
"{'osm_id': 355029962, 'osm_type': 'yes'}",chennai_bld_000883,1,1,100.0,-1.0237823724746704,-1.127332329750061,-0.10354995727539062,-0.10354995727539062,0.0,-14.20370864868164,-13.352405548095703,0.8513031005859375,0.8513031005859375,0.0
"{'osm_id': 355029965, 'osm_type': 'yes'}",chennai_bld_000884,5,5,100.0,-6.294167327880859,-5.947070693969726,0.34709672927856444,0.07088756561279297,1.9201298892359875,-10.71509246826172,-11.625069427490235,-0.9099766731262207,-1.0803403854370117,1.3914184664627562
"{'osm_id': 355029969, 'osm_type': 'yes'}",chennai_bld_000885,4,4,100.0,2.587689161300659,0.8778071999549866,-1.7098819017410278,-2.4725236892700195,3.4276171350812215,-13.090799331665039,-10.64870834350586,2.442091464996338,2.571023464202881,2.3372788394659216
"{'osm_id': 355029978, 'osm_type': 'yes'}",chennai_bld_000886,4,4,100.0,1.424527883529663,-0.3256497085094452,-1.7501776218414307,-1.2178633213043213,2.6603596612694997,-15.153404235839844,-10.768235206604004,4.38516902923584,4.49293851852417,2.3862082949956633
"{'osm_id': 355029983, 'osm_type': 'yes'}",chennai_bld_000887,4,4,100.0,-1.4524551630020142,-0.2510244846343994,1.2014306783676147,0.6832258105278015,2.249075230993107,-8.764952659606934,-9.525897026062012,-0.7609446048736572,-0.741692066192627,1.4642760089878806
"{'osm_id': 355029988, 'osm_type': 'yes'}",chennai_bld_000888,1,1,100.0,0.06541723757982254,2.492957592010498,2.4275403022766113,2.4275403022766113,0.0,-9.512670516967773,-11.18842601776123,-1.675755500793457,-1.675755500793457,0.0
"{'osm_id': 355029993, 'osm_type': 'yes'}",chennai_bld_000889,2,2,100.0,1.2064037322998047,0.3911599814891815,-0.8152436017990112,-0.8152436017990112,2.886879563331604,-13.508804321289062,-11.766672134399414,1.7421317100524902,1.7421317100524902,3.0581936836242676
"{'osm_id': 355029998, 'osm_type': 'yes'}",chennai_bld_000890,2,2,100.0,4.153517723083496,1.6140514612197876,-2.539466381072998,-2.539466381072998,1.4420355558395435,-11.53706169128418,-11.424647331237793,0.11241483688354492,0.11241483688354492,1.4874567985534668
"{'osm_id': 355030004, 'osm_type': 'yes'}",chennai_bld_000891,4,4,100.0,-4.992624282836914,-6.426538944244385,-1.4339147806167603,-1.6517912149429321,2.880848730675027,-13.52545166015625,-13.356905937194824,0.16854596138000488,0.14251279830932617,1.2368548751216637
"{'osm_id': 355030007, 'osm_type': 'yes'}",chennai_bld_000892,3,3,100.0,0.8454353014628092,0.44739822546641034,-0.3980371157328288,-0.10354995727539062,2.3007221952899166,-13.019599914550781,-14.561941782633463,-1.5423428217569988,0.20981407165527344,2.943199821498416
"{'osm_id': 355030011, 'osm_type': 'yes'}",chennai_bld_000893,2,2,100.0,-4.467656135559082,-0.9129393100738525,3.5547170639038086,3.5547170639038086,0.2564511299133301,-14.457828521728516,-14.485525131225586,-0.027696609497070312,-0.027696609497070312,0.8546886444091797
"{'osm_id': 355030014, 'osm_type': 'yes'}",chennai_bld_000894,2,2,100.0,2.0214855670928955,-0.2610064148902893,-2.28249192237854,-2.28249192237854,3.3362867236137395,-14.375615119934082,-10.098215103149414,4.277400016784668,4.277400016784668,3.1512937545776367
"{'osm_id': 355030018, 'osm_type': 'yes'}",chennai_bld_000895,4,4,100.0,0.4764370024204254,-4.386966705322266,-4.863404273986816,-3.4709105491638184,3.0812478906430956,-10.266215324401855,-13.059998512268066,-2.793783187866211,-2.433109760284424,1.9479345200262457
"{'osm_id': 355030022, 'osm_type': 'yes'}",chennai_bld_000896,2,2,100.0,-0.7016294598579407,-0.01840364933013916,0.6832258105278015,0.6832258105278015,1.0674239993095398,-7.327544689178467,-9.353462219238281,-2.0259175300598145,-2.0259175300598145,0.7565293312072754
"{'osm_id': 355030029, 'osm_type': 'yes'}",chennai_bld_000897,2,2,100.0,3.3836488723754883,-1.164302945137024,-4.547951698303223,-4.547951698303223,0.21235084533691406,-13.667726516723633,-12.211410522460938,1.456315040588379,1.456315040588379,0.8499994277954102
"{'osm_id': 355030031, 'osm_type': 'yes'}",chennai_bld_000898,4,4,100.0,-4.394074440002441,-0.5304535627365112,3.8636207580566406,3.298985004425049,3.625454746199791,-13.167510032653809,-11.780502319335938,1.387007713317871,1.9973959922790527,2.2009423256541103
"{'osm_id': 355030034, 'osm_type': 'yes'}",chennai_bld_000899,2,2,100.0,9.29408073425293,6.061483383178711,-3.2325973510742188,-3.2325973510742188,1.674849510192871,-13.144535064697266,-13.344377517700195,-0.19984197616577148,-0.19984197616577148,3.0498623847961426
"{'osm_id': 355030038, 'osm_type': 'yes'}",chennai_bld_000900,1,1,100.0,1.3432942628860474,-0.38636499643325806,-1.7296593189239502,-1.7296593189239502,0.0,-14.294825553894043,-11.711786270141602,2.5830392837524414,2.5830392837524414,0.0
"{'osm_id': 355030043, 'osm_type': 'yes'}",chennai_bld_000901,3,3,100.0,1.3680229187011719,0.9784688949584961,-0.3895540237426758,-0.8128482103347778,3.6794777595296666,-12.136283874511719,-12.755561828613281,-0.6192779541015625,-0.7996997833251953,1.334209152570265
"{'osm_id': 355030046, 'osm_type': 'yes'}",chennai_bld_000902,2,2,100.0,-3.7330470085144043,-3.7886266708374023,-0.05557990074157715,-0.05557990074157715,0.2640554904937744,-12.46834945678711,-9.81673812866211,2.6516122817993164,2.6516122817993164,0.043318748474121094
"{'osm_id': 355030054, 'osm_type': 'yes'}",chennai_bld_000903,4,4,100.0,-4.295415878295898,-6.086757659912109,-1.7913415431976318,-2.455289840698242,3.9048572662784187,-11.538965225219727,-11.488433837890625,0.050531625747680664,0.09072732925415039,0.9128824023692818
"{'osm_id': 355030058, 'osm_type': 'yes'}",chennai_bld_000904,2,2,100.0,0.939245343208313,-1.2570106983184814,-2.196255922317505,-2.196255922317505,0.003564119338989258,-8.94974422454834,-9.322549819946289,-0.3728060722351074,-0.3728060722351074,0.8280625343322754
"{'osm_id': 355030062, 'osm_type': 'yes'}",chennai_bld_000905,2,2,100.0,-2.2616915702819824,0.7449886798858643,3.0066802501678467,3.0066802501678467,0.28460144996643066,-10.617982864379883,-14.113802909851074,-3.4958205223083496,-3.4958205223083496,0.11519670486450195
"{'osm_id': 355030067, 'osm_type': 'yes'}",chennai_bld_000906,4,4,100.0,-4.446002006530762,-5.1809539794921875,-0.7349522113800049,-1.919777750968933,2.3041440764495227,-10.336715698242188,-11.028741836547852,-0.6920247077941895,-1.2630362510681152,2.493001966145938
"{'osm_id': 355030077, 'osm_type': 'yes'}",chennai_bld_000907,4,4,100.0,-3.864097833633423,-5.4314727783203125,-1.5673749446868896,-1.6129512786865234,2.670987162327282,-8.363505363464355,-9.962599754333496,-1.599095106124878,-1.607618808746338,1.5655452411453321
"{'osm_id': 355030080, 'osm_type': 'yes'}",chennai_bld_000908,1,1,100.0,-1.5550601482391357,-3.7477519512176514,-2.1926918029785156,-2.1926918029785156,0.0,-8.302309036254883,-9.503177642822266,-1.2008686065673828,-1.2008686065673828,0.0
"{'osm_id': 355030084, 'osm_type': 'yes'}",chennai_bld_000909,2,2,100.0,6.820037841796875,4.404239177703857,-2.4157986640930176,-2.4157986640930176,1.3183676004409843,-8.998558044433594,-10.949777603149414,-1.9512202739715576,-1.9512202739715576,0.5761783123016357
"{'osm_id': 355030089, 'osm_type': 'yes'}",chennai_bld_000910,3,3,100.0,-1.397931734720866,-3.804746945699056,-2.40681521097819,-3.2209739685058594,1.2495676496240071,-12.203547159830729,-12.0514284769694,0.1521183649698893,-0.5750179290771484,2.212581837502835
"{'osm_id': 355030094, 'osm_type': 'yes'}",chennai_bld_000911,2,2,100.0,1.9019052982330322,3.560157537460327,1.658252239227295,1.658252239227295,1.9025630950927734,-13.294763565063477,-15.816764831542969,-2.5220017433166504,-2.5220017433166504,0.05292558670043945
"{'osm_id': 355030099, 'osm_type': 'yes'}",chennai_bld_000912,2,2,100.0,-1.3614823818206787,-2.4961495399475098,-1.134667158126831,-1.134667158126831,0.05090171098712596,-9.99652099609375,-10.427445411682129,-0.4309244155883789,-0.4309244155883789,0.21692848205566406
"{'osm_id': 355030105, 'osm_type': 'yes'}",chennai_bld_000913,4,4,100.0,1.154508113861084,0.7323552966117859,-0.42215287685394287,0.05462837219238281,1.7577064747539695,-12.746916770935059,-12.672353744506836,0.07456302642822266,0.11871719360351562,2.874676828431471
"{'osm_id': 355030110, 'osm_type': 'yes'}",chennai_bld_000914,1,1,100.0,1.3432942628860474,-0.38636499643325806,-1.7296593189239502,-1.7296593189239502,0.0,-14.294825553894043,-11.711786270141602,2.5830392837524414,2.5830392837524414,0.0
"{'osm_id': 355030114, 'osm_type': 'yes'}",chennai_bld_000915,3,3,100.0,-0.04468190670013428,0.4709912935892741,0.5156732002894083,-0.10354995727539062,1.2513241910016522,-15.032798767089844,-13.502899169921875,1.5298999150594075,0.8513031005859375,1.4373416014144804
"{'osm_id': 355030119, 'osm_type': 'yes'}",chennai_bld_000916,2,2,100.0,2.1225991249084473,1.0691838264465332,-1.0534151792526245,-1.0534151792526245,1.1259223371744156,-11.613527297973633,-8.564884185791016,3.0486435890197754,3.0486435890197754,2.0473761558532715
"{'osm_id': 355030127, 'osm_type': 'yes'}",chennai_bld_000917,2,2,100.0,2.2871456146240234,-0.20632553100585938,-2.493471145629883,-2.493471145629883,0.29365110397338867,-10.681256294250488,-9.415660858154297,1.2655954360961914,1.2655954360961914,0.8103389739990234
"{'osm_id': 355030132, 'osm_type': 'yes'}",chennai_bld_000918,2,2,100.0,4.67606782913208,2.161646842956543,-2.514420986175537,-2.514420986175537,0.3295612335205078,-11.959835052490234,-12.153950691223145,-0.19411563873291016,-0.19411563873291016,0.2657032012939453
"{'osm_id': 355030137, 'osm_type': 'yes'}",chennai_bld_000919,2,2,100.0,6.090445041656494,4.3729143142700195,-1.7175304889678955,-1.7175304889678955,2.0166356563568115,-9.717580795288086,-10.111377716064453,-0.3937971591949463,-0.3937971591949463,2.133601427078247
"{'osm_id': 355030140, 'osm_type': 'yes'}",chennai_bld_000920,1,1,100.0,-1.8808704614639282,1.2506686449050903,3.1315391063690186,3.1315391063690186,0.0,-9.988710403442383,-12.866164207458496,-2.8774538040161133,-2.8774538040161133,0.0
"{'osm_id': 355030145, 'osm_type': 'yes'}",chennai_bld_000921,3,3,100.0,-0.6326984564463297,-0.9409780502319336,-0.30827951431274414,-0.10354995727539062,2.405569463482722,-12.061609903971354,-14.561899820963541,-2.50028928120931,-2.66402530670166,2.672228104545765
"{'osm_id': 355030153, 'osm_type': 'yes'}",chennai_bld_000922,4,4,100.0,6.970561504364014,4.863707542419434,-2.1068549156188965,-1.0933547019958496,3.3948467738260732,-11.10618782043457,-13.632267951965332,-2.526078939437866,-3.25150203704834,1.4244876452689492
"{'osm_id': 355030157, 'osm_type': 'yes'}",chennai_bld_000923,2,2,100.0,-1.700469732284546,-2.232491970062256,-0.5320223569869995,-0.5320223569869995,2.4413071870803833,-10.184316635131836,-11.183795928955078,-0.9994783401489258,-0.9994783401489258,0.49607276916503906
"{'osm_id': 355030163, 'osm_type': 'yes'}",chennai_bld_000924,2,2,100.0,12.091392517089844,14.256473541259766,2.16508150100708,2.16508150100708,2.6408705711364746,-9.734719276428223,-10.60257339477539,-0.8678538799285889,-0.8678538799285889,2.2679717540740967
"{'osm_id': 355030171, 'osm_type': 'yes'}",chennai_bld_000925,2,2,100.0,-3.3326172828674316,-5.252395153045654,-1.919777750968933,-1.919777750968933,0.06753909587860107,-9.078514099121094,-11.489974975585938,-2.4114603996276855,-2.4114603996276855,1.141456127166748
"{'osm_id': 355030175, 'osm_type': 'yes'}",chennai_bld_000926,3,3,100.0,-5.586420059204102,-7.176496505737305,-1.5900764465332031,-1.7339205741882324,1.3628159104143354,-12.95843760172526,-13.081162770589193,-0.12272453308105469,-0.3864774703979492,0.9089069356491972
"{'osm_id': 355030178, 'osm_type': 'yes'}",chennai_bld_000927,1,1,100.0,-1.4909424781799316,2.0698728561401367,3.5608153343200684,3.5608153343200684,0.0,-13.149843215942383,-15.618919372558594,-2.469076156616211,-2.469076156616211,0.0
"{'osm_id': 355030182, 'osm_type': 'yes'}",chennai_bld_000928,2,2,100.0,-0.1603710651397705,-2.26820707321167,-2.1078362464904785,-2.1078362464904785,1.7131596803665203,-14.1234130859375,-11.308478355407715,2.814934253692627,2.814934253692627,2.6464056968688965
"{'osm_id': 355030188, 'osm_type': 'yes'}",chennai_bld_000929,4,4,100.0,-1.316921353340149,-1.8771880865097046,-0.5602666139602661,0.052773118019104004,1.662921679781446,-14.448919296264648,-10.497093200683594,3.951826810836792,4.61470365524292,2.9061773360694056
"{'osm_id': 355030199, 'osm_type': 'yes'}",chennai_bld_000930,4,4,100.0,3.7866644859313965,0.09808218479156494,-3.688582420349121,-3.610227108001709,2.8700950645196857,-11.539558410644531,-14.58823013305664,-3.048671245574951,-3.485546112060547,1.229041266464163
"{'osm_id': 355030203, 'osm_type': 'yes'}",chennai_bld_000931,4,4,100.0,-1.9803671836853027,2.5229077339172363,4.503274917602539,3.0066802501678467,2.8793108325340073,-10.375582695007324,-9.9329252243042,0.442657470703125,-0.10641193389892578,4.031666600388923
"{'osm_id': 355030212, 'osm_type': 'yes'}",chennai_bld_000932,1,1,100.0,-1.6021099090576172,0.3750055432319641,1.9771153926849365,1.9771153926849365,0.0,-10.338468551635742,-11.594634056091309,-1.2561655044555664,-1.2561655044555664,0.0
"{'osm_id': 355030219, 'osm_type': 'yes'}",chennai_bld_000933,4,4,100.0,3.1117634773254395,1.3708873987197876,-1.7408760786056519,-2.503763198852539,3.068022084321423,-13.857736587524414,-12.849618911743164,1.0081171989440918,1.456315040588379,1.5230867074414125
"{'osm_id': 355030225, 'osm_type': 'yes'}",chennai_bld_000934,1,1,100.0,-0.8284973502159119,-2.4886350631713867,-1.66013765335083,-1.66013765335083,0.0,-15.068124771118164,-11.954951286315918,3.113173484802246,3.113173484802246,0.0
"{'osm_id': 355030231, 'osm_type': 'yes'}",chennai_bld_000935,2,2,100.0,1.7237600088119507,-0.9107401371002197,-2.634500026702881,-2.634500026702881,2.9842786192893986,-14.911661148071289,-11.503368377685547,3.408291816711426,3.408291816711426,2.2821855545043945
"{'osm_id': 355030237, 'osm_type': 'yes'}",chennai_bld_000936,4,4,100.0,-2.571178436279297,-6.127265930175781,-3.5560874938964844,-3.7291464805603027,1.6892682389399785,-10.377252578735352,-10.900254249572754,-0.523000955581665,0.22628498077392578,1.8489154424435805
"{'osm_id': 355030243, 'osm_type': 'yes'}",chennai_bld_000937,4,4,100.0,6.679146766662598,3.974600315093994,-2.7045464515686035,-3.3896689414978027,1.496973652245438,-10.227555274963379,-13.486143112182617,-3.2585878372192383,-2.997176170349121,2.363853495891504
"{'osm_id': 355030255, 'osm_type': 'yes'}",chennai_bld_000938,2,2,100.0,-1.7001768350601196,-6.388647079467773,-4.688469886779785,-4.688469886779785,1.8685860633850098,-11.468393325805664,-12.173026084899902,-0.7046322822570801,-0.7046322822570801,0.5515332221984863
"{'osm_id': 355030258, 'osm_type': 'yes'}",chennai_bld_000939,2,2,100.0,4.619161605834961,5.209256649017334,0.5900952816009521,0.5900952816009521,2.8057992458343506,-14.41999340057373,-11.976512908935547,2.4434800148010254,2.4434800148010254,2.5215506553649902
"{'osm_id': 355030264, 'osm_type': 'yes'}",chennai_bld_000940,4,4,100.0,-2.2177019119262695,-4.961818695068359,-2.74411678314209,-2.6679434776306152,0.9785216391412048,-11.53672981262207,-12.483981132507324,-0.9472506046295166,-0.7874817848205566,1.8909191908666867
"{'osm_id': 355030269, 'osm_type': 'yes'}",chennai_bld_000941,4,4,100.0,-2.4380645751953125,-2.4406001567840576,-0.002535700798034668,1.1153632402420044,2.6442182909412697,-8.92495346069336,-9.87584114074707,-0.9508877992630005,-1.1777148246765137,0.97586354765893
"{'osm_id': 355030275, 'osm_type': 'yes'}",chennai_bld_000942,5,5,100.0,-6.268584823608398,-5.741431045532226,0.5271534442901611,0.8103384971618652,2.2192833569295796,-13.528187561035157,-11.762332153320312,1.7658559799194335,1.648636817932129,2.898319204873136
"{'osm_id': 355030282, 'osm_type': 'yes'}",chennai_bld_000943,2,2,100.0,-3.308990478515625,-5.74184513092041,-2.432854652404785,-2.432854652404785,2.58064603805542,-15.017807006835938,-14.349532127380371,0.6682744026184082,0.6682744026184082,2.999218463897705
"{'osm_id': 355030286, 'osm_type': 'yes'}",chennai_bld_000944,2,2,100.0,4.872589111328125,3.0474159717559814,-1.8251731395721436,-1.8251731395721436,1.8769500255584717,-15.346604347229004,-11.214761734008789,4.131842613220215,4.131842613220215,0.668482780456543
"{'osm_id': 355030290, 'osm_type': 'yes'}",chennai_bld_000945,4,4,100.0,-3.971993923187256,-2.964836359024048,1.0071574449539185,0.478801965713501,2.707428695690377,-10.644064903259277,-11.527151107788086,-0.8830859661102295,-0.2869911193847656,2.0230590801831476
"{'osm_id': 355030296, 'osm_type': 'yes'}",chennai_bld_000946,2,2,100.0,-4.024801254272461,-1.8292899131774902,2.1955113410949707,2.1955113410949707,0.2862266302109013,-11.366326332092285,-10.358537673950195,1.0077886581420898,1.0077886581420898,2.5033397674560547
"{'osm_id': 355030302, 'osm_type': 'yes'}",chennai_bld_000947,2,2,100.0,0.5344330072402954,-2.219849109649658,-2.754281997680664,-2.754281997680664,2.2889533042907715,-16.07807159423828,-16.18539810180664,-0.10732555389404297,-0.10732555389404297,0.8802957534790039
"{'osm_id': 355030306, 'osm_type': 'yes'}",chennai_bld_000948,2,2,100.0,-1.8578321933746338,-2.4897711277008057,-0.6319389343261719,-0.6319389343261719,1.5607528686523438,-8.635307312011719,-8.922298431396484,-0.2869911193847656,-0.2869911193847656,0.9138774871826172
"{'osm_id': 355030311, 'osm_type': 'yes'}",chennai_bld_000949,2,2,100.0,-2.068053960800171,0.25047779083251953,2.3185319900512695,2.3185319900512695,1.8868623971939125,-11.147624969482422,-10.532315254211426,0.6153101921081543,0.6153101921081543,0.2647843360900879
"{'osm_id': 355030317, 'osm_type': 'yes'}",chennai_bld_000950,4,4,100.0,1.6389797925949097,0.8576785922050476,-0.7813012599945068,-2.4345626831054688,3.8441025169688623,-11.406518936157227,-11.92237663269043,-0.5158581733703613,-0.5548977851867676,1.2141255364999135
"{'osm_id': 355030324, 'osm_type': 'yes'}",chennai_bld_000951,4,4,100.0,-1.0668411254882812,-5.5073323249816895,-4.44049072265625,-4.192512035369873,1.6347813636506603,-12.006844520568848,-12.004389762878418,0.002454519271850586,0.14615249633789062,0.8288247345980501
"{'osm_id': 355030331, 'osm_type': 'yes'}",chennai_bld_000952,2,2,100.0,2.075091600418091,2.612424373626709,0.5373326539993286,0.5373326539993286,2.266991972923279,-13.794244766235352,-11.285305976867676,2.508939266204834,2.508939266204834,0.07410001754760742
"{'osm_id': 355030337, 'osm_type': 'yes'}",chennai_bld_000953,4,4,100.0,4.689216613769531,2.537428855895996,-2.151787519454956,-1.9379208087921143,1.7179905422672737,-13.297331809997559,-12.82394027709961,0.4733915328979492,1.114121913909912,2.5499171648959598
"{'osm_id': 355030342, 'osm_type': 'yes'}",chennai_bld_000954,6,6,100.0,0.42636315027872723,-2.896512985229492,-3.3228766123453775,-1.498930811882019,3.8874442143386263,-10.143505096435547,-10.749972025553385,-0.6064677238464355,-1.2377009391784668,2.2010313099367904
"{'osm_id': 355030350, 'osm_type': 'yes'}",chennai_bld_000955,2,2,100.0,1.4840562343597412,-1.7261638641357422,-3.2102200984954834,-3.2102200984954834,1.5500824451446533,-14.254144668579102,-11.544401168823242,2.7097439765930176,2.7097439765930176,0.4034295082092285
"{'osm_id': 355030358, 'osm_type': 'yes'}",chennai_bld_000956,2,2,100.0,-1.363853931427002,0.5113416910171509,1.8751956224441528,1.8751956224441528,0.37083137035369873,-10.339834213256836,-11.873044967651367,-1.5332105159759521,-1.5332105159759521,0.5226790904998779
"{'osm_id': 355044898, 'osm_type': 'yes'}",chennai_bld_000957,1,1,100.0,3.2327003479003906,-3.1373209953308105,-6.370021343231201,-6.370021343231201,0.0,-10.381793022155762,-9.740107536315918,0.6416854858398438,0.6416854858398438,0.0
"{'osm_id': 355044901, 'osm_type': 'yes'}",chennai_bld_000958,3,3,100.0,-3.4255456924438477,-4.219469388326009,-0.793923536936442,-1.1856012344360352,1.3124414636060904,-14.024383544921875,-15.869346618652344,-1.8449621200561523,-2.10891056060791,2.0078135072545553
"{'osm_id': 355044902, 'osm_type': 'yes'}",chennai_bld_000959,4,4,100.0,5.192834377288818,2.1541337966918945,-3.038701057434082,-3.5376806259155273,1.5498893979197867,-9.956111907958984,-11.079492568969727,-1.123380422592163,-1.2395038604736328,1.1383474532021733
"{'osm_id': 355044903, 'osm_type': 'yes'}",chennai_bld_000960,2,2,100.0,4.5194501876831055,5.620083332061768,1.1006333827972412,1.1006333827972412,1.6765997409820557,-14.334930419921875,-13.504392623901367,0.830538272857666,0.830538272857666,1.3394618034362793
"{'osm_id': 355044904, 'osm_type': 'yes'}",chennai_bld_000961,2,2,100.0,3.3402252197265625,3.4753308296203613,0.13510560989379883,0.13510560989379883,4.837109565734863,-11.202971458435059,-14.980843544006348,-3.777872085571289,-3.777872085571289,3.782806396484375
"{'osm_id': 355044905, 'osm_type': 'yes'}",chennai_bld_000962,1,1,100.0,3.7070701122283936,-1.64595365524292,-5.353023529052734,-5.353023529052734,0.0,-12.262214660644531,-13.724660873413086,-1.4624462127685547,-1.4624462127685547,0.0
"{'osm_id': 355044906, 'osm_type': 'yes'}",chennai_bld_000963,2,2,100.0,-0.642025351524353,-1.4060214757919312,-0.7639961242675781,-0.7639961242675781,0.3542720079421997,-13.141498565673828,-12.116297721862793,1.0252008438110352,1.0252008438110352,1.6753358840942383
"{'osm_id': 355044907, 'osm_type': 'yes'}",chennai_bld_000964,2,2,100.0,0.0007092058658599854,2.617208480834961,2.616499423980713,2.616499423980713,3.2371850609779362,-14.35409927368164,-11.920077323913574,2.4340219497680664,2.4340219497680664,0.8176736831665039
"{'osm_id': 355044909, 'osm_type': 'yes'}",chennai_bld_000965,4,4,100.0,4.747936248779297,0.6538707613945007,-4.094064712524414,-5.35400390625,2.855219308665095,-11.941070556640625,-11.410133361816406,0.5309364795684814,0.016971588134765625,1.3539481626322178
"{'osm_id': 355044910, 'osm_type': 'yes'}",chennai_bld_000966,2,2,100.0,4.328058242797852,0.7903774380683899,-3.5376806259155273,-3.5376806259155273,0.7064627408981424,-9.875347137451172,-10.882604598999023,-1.0072569847106934,-1.0072569847106934,1.4957022666931152
"{'osm_id': 355044913, 'osm_type': 'yes'}",chennai_bld_000967,3,3,100.0,2.096791903177897,2.1100223859151206,0.013230562210083008,-0.6610097885131836,1.043391605725133,-9.17173703511556,-10.137201944986979,-0.9654650688171387,-2.1290841102600098,1.7001952059625696
"{'osm_id': 355044916, 'osm_type': 'yes'}",chennai_bld_000968,2,2,100.0,5.857494354248047,4.852172374725342,-1.0053220987319946,-1.0053220987319946,2.667629837989807,-12.49989128112793,-11.572513580322266,0.9273781776428223,0.9273781776428223,2.7233901023864746
"{'osm_id': 355044919, 'osm_type': 'yes'}",chennai_bld_000969,1,1,100.0,-2.790776252746582,-1.1267974376678467,1.6639788150787354,1.6639788150787354,0.0,-9.597290992736816,-18.21734619140625,-8.620055198669434,-8.620055198669434,0.0
"{'osm_id': 355044920, 'osm_type': 'yes'}",chennai_bld_000970,2,2,100.0,6.70467472076416,5.7968597412109375,-0.9078149795532227,-0.9078149795532227,0.24663209915161133,-10.365437507629395,-14.969392776489258,-4.603954792022705,-4.603954792022705,1.3820347785949707
"{'osm_id': 355044921, 'osm_type': 'yes'}",chennai_bld_000971,4,4,100.0,10.404544830322266,9.093504905700684,-1.3110400438308716,-1.297309160232544,0.8917824560780394,-12.4400634765625,-16.46488380432129,-4.0248212814331055,-4.786509990692139,1.87071610187651
"{'osm_id': 355044923, 'osm_type': 'yes'}",chennai_bld_000972,4,4,100.0,2.3670811653137207,1.104407548904419,-1.2626737356185913,-3.2067182064056396,4.206405614649321,-11.572888374328613,-12.07972240447998,-0.5068340301513672,-1.3880362510681152,2.2750502948189504
"{'osm_id': 355044927, 'osm_type': 'yes'}",chennai_bld_000973,1,1,100.0,6.885293006896973,9.453187942504883,2.56789493560791,2.56789493560791,0.0,-15.062379837036133,-13.884037971496582,1.1783418655395508,1.1783418655395508,0.0
"{'osm_id': 355044930, 'osm_type': 'yes'}",chennai_bld_000974,2,2,100.0,-2.158313035964966,-4.648345470428467,-2.490032434463501,-2.490032434463501,2.0719459950923937,-15.473382949829102,-10.853497505187988,4.619885444641113,4.619885444641113,0.681920051574707
"{'osm_id': 355044932, 'osm_type': 'yes'}",chennai_bld_000975,4,4,100.0,6.07464599609375,2.1916377544403076,-3.8830082416534424,-3.956235885620117,2.45796887289643,-14.681537628173828,-13.93295669555664,0.7485806941986084,0.20583200454711914,2.9952492447672556
"{'osm_id': 355044933, 'osm_type': 'yes'}",chennai_bld_000976,4,4,100.0,1.9985835552215576,2.8099772930145264,0.8113939166069031,0.9485956430435181,0.7245127489847122,-13.96412467956543,-14.367923736572266,-0.40379977226257324,1.1594033241271973,3.0706746999680092
"{'osm_id': 355044934, 'osm_type': 'yes'}",chennai_bld_000977,2,2,100.0,2.45979905128479,3.632430076599121,1.1726311445236206,1.1726311445236206,2.0558067560195923,-12.75368881225586,-9.956918716430664,2.7967700958251953,2.7967700958251953,2.649993896484375
"{'osm_id': 355044938, 'osm_type': 'yes'}",chennai_bld_000978,2,2,100.0,3.055682897567749,1.8355222940444946,-1.2201606035232544,-1.2201606035232544,4.5009578466415405,-13.09988021850586,-15.02369499206543,-1.9238147735595703,-1.9238147735595703,4.059186935424805
"{'osm_id': 355044939, 'osm_type': 'yes'}",chennai_bld_000979,2,2,100.0,0.036795616149902344,1.6754822731018066,1.6386866569519043,1.6386866569519043,1.4257184863090528,-9.650571823120117,-11.52625560760498,-1.8756837844848633,-1.8756837844848633,0.7513914108276367
"{'osm_id': 355044941, 'osm_type': 'yes'}",chennai_bld_000980,4,4,100.0,3.285362958908081,3.43843150138855,0.1530684232711792,0.1765906810760498,2.5380150918343873,-14.713716506958008,-13.063749313354492,1.6499674320220947,2.437854290008545,2.132275767496432
"{'osm_id': 355044942, 'osm_type': 'yes'}",chennai_bld_000981,2,2,100.0,9.635000228881836,9.560303688049316,-0.07469654083251953,-0.07469654083251953,0.11213970184326172,-12.219429016113281,-12.460119247436523,-0.2406911849975586,-0.2406911849975586,0.29692745208740234
"{'osm_id': 355044943, 'osm_type': 'yes'}",chennai_bld_000982,4,4,100.0,5.0411224365234375,3.3957886695861816,-1.6453337669372559,-1.9301657676696777,3.4510477127677897,-13.292154312133789,-14.266204833984375,-0.9740505218505859,-0.6102395057678223,1.368879177711134
"{'osm_id': 355044947, 'osm_type': 'yes'}",chennai_bld_000983,3,3,100.0,6.049506505330403,5.0299727121988935,-1.0195341904958088,-1.8199458122253418,1.2462322245314672,-11.811206817626953,-14.610345204671225,-2.7991374333699546,-3.6516847610473633,2.524496221751266
"{'osm_id': 355044948, 'osm_type': 'yes'}",chennai_bld_000984,2,2,100.0,-1.5585060119628906,-0.9639878273010254,0.5945181846618652,0.5945181846618652,0.8147408962249756,-13.806008338928223,-16.245113372802734,-2.439105987548828,-2.439105987548828,3.2493133544921875
"{'osm_id': 355044949, 'osm_type': 'yes'}",chennai_bld_000985,3,3,100.0,10.433771133422852,8.436850229899088,-1.9969204266866047,-2.391932964324951,0.8519538692613291,-13.422129313151041,-14.053433736165365,-0.6313053766886393,-0.9788713455200195,0.8886719906649116
"{'osm_id': 355044950, 'osm_type': 'yes'}",chennai_bld_000986,4,4,100.0,0.36605972051620483,-2.9424333572387695,-3.308493137359619,-3.6972765922546387,2.1814994780939063,-12.758105278015137,-13.186758995056152,-0.42865490913391113,0.7647914886474609,3.3134345679354453
"{'osm_id': 355044955, 'osm_type': 'yes'}",chennai_bld_000987,3,3,100.0,4.672693252563477,4.888002077738444,0.21530850728352866,-0.5777115821838379,2.9594984477994246,-12.552299499511719,-15.605935414632162,-3.053635279337565,-3.4312896728515625,0.9024846974727613
"{'osm_id': 355044957, 'osm_type': 'yes'}",chennai_bld_000988,4,4,100.0,9.732568740844727,9.532962799072266,-0.19960510730743408,-0.536555290222168,2.3969318071971846,-12.225607872009277,-13.14294147491455,-0.9173333644866943,-1.1155261993408203,1.155882682630761
"{'osm_id': 355044958, 'osm_type': 'yes'}",chennai_bld_000989,2,2,100.0,1.2380704879760742,1.7120311260223389,0.4739606976509094,0.4739606976509094,1.094646394252777,-15.81330394744873,-14.250829696655273,1.5624737739562988,1.5624737739562988,0.05387449264526367
"{'osm_id': 355044959, 'osm_type': 'yes'}",chennai_bld_000990,4,4,100.0,2.570829153060913,1.0614819526672363,-1.5093472003936768,-1.3800039291381836,2.9757996519482797,-15.994345664978027,-16.019752502441406,-0.025405168533325195,0.39058923721313477,3.6612795938893643
"{'osm_id': 355044962, 'osm_type': 'yes'}",chennai_bld_000991,4,4,100.0,4.059059143066406,4.986641883850098,0.9275826811790466,1.2433468103408813,2.8444642365990527,-12.18298053741455,-14.754281044006348,-2.5712995529174805,-2.6201400756835938,1.1440289466717826
"{'osm_id': 355044963, 'osm_type': 'yes'}",chennai_bld_000992,2,2,100.0,1.5151621103286743,-0.6594038009643555,-2.1745657920837402,-2.1745657920837402,2.3875340819358835,-10.376321792602539,-11.996228218078613,-1.619905948638916,-1.619905948638916,1.007169246673584
"{'osm_id': 355044964, 'osm_type': 'yes'}",chennai_bld_000993,2,2,100.0,0.7741225361824036,-0.7006661891937256,-1.4747886657714844,-1.4747886657714844,0.05750757455828895,-11.532940864562988,-9.312382698059082,2.2205584049224854,2.2205584049224854,0.15958857536315918
"{'osm_id': 355044969, 'osm_type': 'yes'}",chennai_bld_000994,2,2,100.0,-0.5787910223007202,-2.4294075965881348,-1.850616693496704,-1.850616693496704,1.4408925175666822,-15.691920280456543,-13.193890571594238,2.4980297088623047,2.4980297088623047,0.20250701904296875
"{'osm_id': 355044971, 'osm_type': 'yes'}",chennai_bld_000995,4,4,100.0,-0.8964312076568604,-0.2202056646347046,0.6762256026268005,0.13280928134918213,3.4122910936632804,-9.334917068481445,-10.907063484191895,-1.5721462965011597,-1.1046195030212402,1.992345466816941
"{'osm_id': 355044973, 'osm_type': 'yes'}",chennai_bld_000996,2,2,100.0,4.081473350524902,-0.2738851308822632,-4.355358123779297,-4.355358123779297,1.17619633674624,-12.343990325927734,-11.905462265014648,0.43852853775024414,0.43852853775024414,1.4227042198181152
"{'osm_id': 355044976, 'osm_type': 'yes'}",chennai_bld_000997,4,4,100.0,3.5300824642181396,3.5266952514648438,-0.0033873319625854492,-0.7639961242675781,2.972774772196038,-12.641982078552246,-12.339456558227539,0.3025246858596802,0.8226938247680664,2.3691937591454564
"{'osm_id': 355044977, 'osm_type': 'yes'}",chennai_bld_000998,4,4,100.0,2.2567343711853027,2.071380853652954,-0.1853535771369934,-0.22410732507705688,2.2917887866020887,-9.439861297607422,-12.220680236816406,-2.7808187007904053,-2.0064964294433594,1.9356255930821222
"{'osm_id': 355044978, 'osm_type': 'yes'}",chennai_bld_000999,4,4,100.0,12.761008262634277,11.931262969970703,-0.8297462463378906,-0.07469654083251953,3.1573584299944986,-11.250761985778809,-10.143089294433594,1.1076728105545044,1.1617791652679443,1.3711218207917908
"{'osm_id': 355044979, 'osm_type': 'yes'}",chennai_bld_001000,1,1,100.0,4.209628582000732,6.742471694946289,2.5328431129455566,2.5328431129455566,0.0,-8.796940803527832,-3.20246958732605,5.594470977783203,5.594470977783203,0.0
"{'osm_id': 355044981, 'osm_type': 'yes'}",chennai_bld_001001,2,2,100.0,-2.154730796813965,0.32289940118789673,2.477630138397217,2.477630138397217,0.8136514425277798,-9.15494155883789,-15.270477294921875,-6.115536212921143,-6.115536212921143,2.504518985748291
"{'osm_id': 355044982, 'osm_type': 'yes'}",chennai_bld_001002,2,2,100.0,3.4340548515319824,2.183901071548462,-1.2501537799835205,-1.2501537799835205,2.744769811630249,-10.675626754760742,-12.983348846435547,-2.3077211380004883,-2.3077211380004883,3.3146839141845703
"{'osm_id': 355044983, 'osm_type': 'yes'}",chennai_bld_001003,2,2,100.0,5.96236515045166,1.8059051036834717,-4.156459808349609,-4.156459808349609,0.08768367767333984,-10.269513130187988,-15.11087417602539,-4.841360569000244,-4.841360569000244,2.3384013175964355
"{'osm_id': 355044984, 'osm_type': 'yes'}",chennai_bld_001004,2,2,100.0,7.638956069946289,9.482797622680664,1.8438420295715332,1.8438420295715332,2.9621101021766667,-9.592042922973633,-11.485023498535156,-1.8929803371429443,-1.8929803371429443,1.2428452968597412
"{'osm_id': 355044985, 'osm_type': 'yes'}",chennai_bld_001005,3,3,100.0,4.6146847407023115,2.7997913360595703,-1.814893086751302,-1.8146438598632812,0.9908513395321905,-13.57688013712565,-15.330848693847656,-1.7539691925048828,-1.5659818649291992,2.142477621343855
"{'osm_id': 355044989, 'osm_type': 'yes'}",chennai_bld_001006,4,4,100.0,-5.808354377746582,-4.380080699920654,1.4282732009887695,1.1140449047088623,2.383123276195087,-12.709840774536133,-12.174276351928711,0.535564661026001,0.005810260772705078,1.9672937672126778
"{'osm_id': 355044990, 'osm_type': 'yes'}",chennai_bld_001007,2,2,100.0,7.119897365570068,9.451272964477539,2.3313751220703125,2.3313751220703125,1.0411386489868164,-13.75966739654541,-11.542950630187988,2.216716766357422,2.216716766357422,5.380826950073242
"{'osm_id': 355044992, 'osm_type': 'yes'}",chennai_bld_001008,2,2,100.0,-6.1218647956848145,-4.379363059997559,1.7425014972686768,1.7425014972686768,2.7118499279022217,-13.302814483642578,-11.339143753051758,1.9636712074279785,1.9636712074279785,1.7747912406921387
"{'osm_id': 355044993, 'osm_type': 'yes'}",chennai_bld_001009,4,4,100.0,-2.4967267513275146,-0.8027287125587463,1.6939979791641235,1.7136151790618896,1.14402841613579,-8.686044692993164,-14.178861618041992,-5.49281644821167,-4.974334239959717,2.144981535398774
"{'osm_id': 355044996, 'osm_type': 'yes'}",chennai_bld_001010,2,2,100.0,7.910760879516602,6.16887092590332,-1.7418901920318604,-1.7418901920318604,0.6500427722930908,-13.49965763092041,-15.613638877868652,-2.113981246948242,-2.113981246948242,1.1351099014282227
"{'osm_id': 355044997, 'osm_type': 'yes'}",chennai_bld_001011,4,4,100.0,2.7268593311309814,2.4076483249664307,-0.3192112147808075,-0.17648106813430786,1.238242103648609,-12.96019172668457,-13.530882835388184,-0.5706911087036133,-0.18881464004516602,1.9626396774958719
"{'osm_id': 355045000, 'osm_type': 'yes'}",chennai_bld_001012,6,6,100.0,6.197289148966472,1.9526445070902507,-4.244644482930501,-4.3717451095581055,0.3240732290374621,-10.225271860758463,-14.41782251993815,-4.192551294962565,-3.232574939727783,2.863477379162049
"{'osm_id': 355045002, 'osm_type': 'yes'}",chennai_bld_001013,3,3,100.0,3.2939624786376953,0.027335524559020996,-3.266627311706543,-4.562099933624268,2.487048031596568,-11.52126948038737,-12.42507298787435,-0.9038035074869791,-0.612736701965332,1.3045556101897495
"{'osm_id': 355045004, 'osm_type': 'yes'}",chennai_bld_001014,2,2,100.0,-2.8387227058410645,-1.9283568859100342,0.9103657603263855,0.9103657603263855,0.852885901927948,-8.217147827148438,-13.087244033813477,-4.870096683502197,-4.870096683502197,1.4675545692443848
"{'osm_id': 355045005, 'osm_type': 'yes'}",chennai_bld_001015,3,3,100.0,2.7518132527669272,2.5610008239746094,-0.19081242879231772,1.4946160316467285,2.695721747988537,-11.337281545003256,-12.479059855143229,-1.141779899597168,1.006962776184082,3.1691624934864993
"{'osm_id': 355045012, 'osm_type': 'yes'}",chennai_bld_001016,3,3,100.0,3.0127271016438804,3.570871353149414,0.5581444899241129,1.9377562999725342,2.4104082446138606,-12.568572998046875,-13.342702229817709,-0.7741289138793945,0.4884452819824219,2.290760422335708
"{'osm_id': 355045013, 'osm_type': 'yes'}",chennai_bld_001017,4,4,100.0,1.5845837593078613,0.15886908769607544,-1.4257147312164307,-1.0846730470657349,2.6289185888120743,-10.871299743652344,-11.745466232299805,-0.8741662502288818,-1.3660426139831543,1.1637455475953915
"{'osm_id': 355045014, 'osm_type': 'yes'}",chennai_bld_001018,2,2,100.0,-0.31298887729644775,-4.717610836029053,-4.4046220779418945,-4.4046220779418945,0.9484016895294489,-13.232352256774902,-13.801795959472656,-0.5694437026977539,-0.5694437026977539,0.8930025100708008
"{'osm_id': 355045015, 'osm_type': 'yes'}",chennai_bld_001019,1,1,100.0,-1.9285951852798462,-2.3383193016052246,-0.4097241163253784,-0.4097241163253784,0.0,-13.283937454223633,-10.58340072631836,2.7005367279052734,2.7005367279052734,0.0
"{'osm_id': 355045016, 'osm_type': 'yes'}",chennai_bld_001020,4,4,100.0,2.778191089630127,4.6005754470825195,1.8223845958709717,1.028269648551941,2.452811497732758,-14.238170623779297,-12.205405235290527,2.032764196395874,1.6853809356689453,0.7091233996371623
"{'osm_id': 355045018, 'osm_type': 'yes'}",chennai_bld_001021,4,4,100.0,0.853593647480011,3.343400478363037,2.489806652069092,1.9270551204681396,1.8444380222851429,-13.226404190063477,-13.860891342163086,-0.6344873905181885,-0.1981062889099121,1.5967842036142028
"{'osm_id': 355045019, 'osm_type': 'yes'}",chennai_bld_001022,4,4,100.0,6.748166561126709,2.6048784255981445,-4.1432881355285645,-4.544102668762207,2.2500355889542862,-9.496447563171387,-13.494376182556152,-3.9979281425476074,-3.8938887119293213,4.476723375478447
"{'osm_id': 355045021, 'osm_type': 'yes'}",chennai_bld_001023,3,3,100.0,8.054398854573568,6.826154073079427,-1.22824494043986,-0.5759663581848145,1.9985074765863553,-14.782354990641275,-14.462425231933594,0.3199303944905599,1.1154813766479492,1.9196325942148338
"{'osm_id': 355045025, 'osm_type': 'yes'}",chennai_bld_001024,2,2,100.0,5.73426628112793,3.804100275039673,-1.9301657676696777,-1.9301657676696777,2.63193416595459,-12.493494033813477,-13.10373306274414,-0.6102395057678223,-0.6102395057678223,0.0024971961975097656
"{'osm_id': 355045027, 'osm_type': 'yes'}",chennai_bld_001025,4,4,100.0,9.503044128417969,9.402233123779297,-0.10081106424331665,-0.09329664707183838,1.58693567404992,-13.54771614074707,-16.132339477539062,-2.5846219062805176,-1.906111717224121,1.8641642835753731
"{'osm_id': 355045034, 'osm_type': 'yes'}",chennai_bld_001026,5,5,100.0,2.9275012969970704,1.376811408996582,-1.55068998336792,-2.8312180042266846,2.8977990635177835,-9.624671936035156,-14.745782470703125,-5.121110534667968,-2.9526309967041016,4.832736120348054
"{'osm_id': 355045036, 'osm_type': 'yes'}",chennai_bld_001027,4,4,100.0,3.0427327156066895,3.2312135696411133,0.18848109245300293,-0.618488073348999,1.496488681087635,-12.756711959838867,-12.533269882202148,0.22344136238098145,0.46482086181640625,1.7105232960480656
"{'osm_id': 355045038, 'osm_type': 'yes'}",chennai_bld_001028,4,4,100.0,4.027702331542969,5.382594108581543,1.3548915386199951,1.2016111612319946,2.302882104244418,-11.956151008605957,-14.991449356079102,-3.0352981090545654,-2.5154552459716797,1.8639461608354508
"{'osm_id': 355045039, 'osm_type': 'yes'}",chennai_bld_001029,4,4,100.0,7.14301061630249,9.335417747497559,2.1924071311950684,2.284956932067871,1.1459175100599095,-15.29499340057373,-14.002653121948242,1.292339563369751,0.3679623603820801,3.951014412345279
"{'osm_id': 355045041, 'osm_type': 'yes'}",chennai_bld_001030,2,2,100.0,13.268329620361328,11.943559646606445,-1.3247709274291992,-1.3247709274291992,1.0175790786743164,-13.820331573486328,-17.083463668823242,-3.263132095336914,-3.263132095336914,2.413593292236328
"{'osm_id': 355045044, 'osm_type': 'yes'}",chennai_bld_001031,4,4,100.0,4.229198932647705,3.969914436340332,-0.2592843174934387,0.4129256010055542,1.9929191087860207,-8.48699951171875,-10.610507011413574,-2.123507261276245,-1.7575008869171143,2.51309976728418
"{'osm_id': 355045050, 'osm_type': 'yes'}",chennai_bld_001032,2,2,100.0,4.476673126220703,2.4672794342041016,-2.0093936920166016,-2.0093936920166016,1.3482109308242851,-9.229150772094727,-12.915103912353516,-3.6859536170959473,-3.6859536170959473,2.3000359535217285
"{'osm_id': 355045051, 'osm_type': 'yes'}",chennai_bld_001033,2,2,100.0,8.186460494995117,4.156581878662109,-4.029879093170166,-4.029879093170166,0.35692727565767374,-9.552417755126953,-12.769978523254395,-3.2175610065460205,-3.2175610065460205,1.4215490818023682
"{'osm_id': 355045053, 'osm_type': 'yes'}",chennai_bld_001034,1,1,100.0,3.874346971511841,3.1403801441192627,-0.7339668273925781,-0.7339668273925781,0.0,-11.071041107177734,-14.360528945922852,-3.289487838745117,-3.289487838745117,0.0
"{'osm_id': 355045061, 'osm_type': 'yes'}",chennai_bld_001035,2,2,100.0,3.096217155456543,4.807460308074951,1.7112431526184082,1.7112431526184082,0.2166271209716797,-11.496030807495117,-10.397497177124023,1.0985326766967773,1.0985326766967773,0.09156990051269531
"{'osm_id': 355045062, 'osm_type': 'yes'}",chennai_bld_001036,4,4,100.0,10.447002410888672,8.420990943908691,-2.0260119438171387,-1.7719941139221191,1.2621978355577796,-11.576648712158203,-14.822437286376953,-3.24578857421875,-4.662633895874023,2.5942138843056153
"{'osm_id': 355045064, 'osm_type': 'yes'}",chennai_bld_001037,4,4,100.0,3.4661076068878174,-0.1733843982219696,-3.6394920349121094,-3.857308864593506,0.9158897948115113,-12.63444995880127,-13.83297348022461,-1.1985235214233398,-0.9854636192321777,2.372755821707013
"{'osm_id': 355045066, 'osm_type': 'yes'}",chennai_bld_001038,2,2,100.0,8.694272994995117,7.911180019378662,-0.7830926179885864,-0.7830926179885864,2.002076029777527,-12.778802871704102,-14.637710571289062,-1.8589072227478027,-1.8589072227478027,0.3554377555847168
"{'osm_id': 355045071, 'osm_type': 'yes'}",chennai_bld_001039,4,4,100.0,1.9946041107177734,2.098702907562256,0.1040988564491272,0.1495722383260727,2.1263661311247684,-10.298888206481934,-12.313287734985352,-2.0143988132476807,-1.8756837844848633,1.057545796932958
"{'osm_id': 355045073, 'osm_type': 'yes'}",chennai_bld_001040,3,3,100.0,8.984787623087565,11.240657806396484,2.2558698654174805,2.56789493560791,1.0622850055311388,-15.919202168782553,-12.622079213460287,3.297122319539388,1.1783418655395508,3.0409654172533385
"{'osm_id': 355045075, 'osm_type': 'yes'}",chennai_bld_001041,5,5,100.0,1.8059860229492188,3.097489929199219,1.29150390625,1.0098159313201904,4.876268166764222,-10.787876892089844,-12.4957763671875,-1.7079002380371093,-1.8241291046142578,1.5527319061262528
"{'osm_id': 355045076, 'osm_type': 'yes'}",chennai_bld_001042,4,4,100.0,0.8126031160354614,-3.9339442253112793,-4.746547698974609,-4.544677734375,1.216876676770325,-11.080121994018555,-12.835058212280273,-1.7549357414245605,-0.7819023132324219,2.4154245070282854
"{'osm_id': 355045077, 'osm_type': 'yes'}",chennai_bld_001043,4,4,100.0,7.242255210876465,4.611756324768066,-2.6304986476898193,-2.8636345863342285,3.703399680207143,-13.597862243652344,-13.45795726776123,0.13990473747253418,-0.03705549240112305,3.6600200553244204
"{'osm_id': 355045078, 'osm_type': 'yes'}",chennai_bld_001044,4,4,100.0,-0.8250007033348083,-1.6137030124664307,-0.7887023687362671,-1.1768312454223633,1.4986463690529823,-13.907190322875977,-16.791915893554688,-2.8847243785858154,-3.3303427696228027,2.3432069814367407
"{'osm_id': 355045079, 'osm_type': 'yes'}",chennai_bld_001045,4,4,100.0,10.191675186157227,10.682666778564453,0.4909912347793579,0.33142971992492676,2.5657680118108432,-13.344192504882812,-12.50779914855957,0.8363931179046631,0.6798748970031738,1.773312744141766
"{'osm_id': 355045084, 'osm_type': 'yes'}",chennai_bld_001046,2,2,100.0,3.9524123668670654,2.521923542022705,-1.43048894405365,-1.43048894405365,1.5166651457548148,-10.94720458984375,-13.100318908691406,-2.153113842010498,-2.153113842010498,1.2781758308410645
"{'osm_id': 355045086, 'osm_type': 'yes'}",chennai_bld_001047,2,2,100.0,-2.7736687660217285,1.292878270149231,4.06654691696167,4.06654691696167,1.3368011713028007,-13.686298370361328,-15.182596206665039,-1.4962973594665527,-1.4962973594665527,1.707827091217041
"{'osm_id': 355045088, 'osm_type': 'yes'}",chennai_bld_001048,2,2,100.0,8.59643268585205,8.326298713684082,-0.27013421058654785,-0.27013421058654785,0.30757737159729004,-10.568326950073242,-12.50052261352539,-1.932194709777832,-1.932194709777832,1.9884309768676758
"{'osm_id': 355045091, 'osm_type': 'yes'}",chennai_bld_001049,4,4,100.0,5.484534740447998,6.356858253479004,0.8723229169845581,1.06327486038208,3.6848860839635087,-11.073442459106445,-10.03813362121582,1.0353083610534668,0.7783498764038086,1.5690947867583667
"{'osm_id': 355045093, 'osm_type': 'yes'}",chennai_bld_001050,2,2,100.0,12.654356002807617,10.112546920776367,-2.541809320449829,-2.541809320449829,0.0449216365814209,-11.857200622558594,-11.67668628692627,0.18051481246948242,0.18051481246948242,0.5007052421569824
"{'osm_id': 355045101, 'osm_type': 'yes'}",chennai_bld_001051,3,3,100.0,5.558520634969075,2.694552739461263,-2.8639675776163735,-3.935969352722168,1.5579123137495328,-11.434547424316406,-13.604390462239584,-2.1698433558146157,-2.325690269470215,2.8847347205968172
"{'osm_id': 355045103, 'osm_type': 'yes'}",chennai_bld_001052,4,4,100.0,-1.7087568044662476,-2.178882122039795,-0.4701254367828369,-0.17612212896347046,1.8186667506004508,-11.954534530639648,-13.140567779541016,-1.1860334873199463,-0.5535097122192383,3.8301023989836684
"{'osm_id': 355045107, 'osm_type': 'yes'}",chennai_bld_001053,4,4,100.0,7.890561103820801,7.1173810958862305,-0.7731795310974121,-1.6416101455688477,2.171735572863172,-12.233720779418945,-12.822162628173828,-0.5884425640106201,-0.41455698013305664,1.037595501962867
"{'osm_id': 355045109, 'osm_type': 'yes'}",chennai_bld_001054,3,3,100.0,-1.5512110392252605,-1.3273808161417644,0.2238302230834961,0.34848904609680176,2.1083768108694096,-12.395620981852213,-12.894032796223959,-0.4984127680460612,-0.6076231002807617,2.321742209958816
"{'osm_id': 355045116, 'osm_type': 'yes'}",chennai_bld_001055,4,4,100.0,6.460059642791748,8.669419288635254,2.2093589305877686,3.2884252071380615,3.2011280769459103,-11.940059661865234,-11.938091278076172,0.0019698143005371094,0.5029621124267578,2.020257370687727
"{'osm_id': 355045125, 'osm_type': 'yes'}",chennai_bld_001056,1,1,100.0,0.6445444822311401,-0.4737236499786377,-1.1182681322097778,-1.1182681322097778,0.0,-12.999059677124023,-13.649194717407227,-0.6501350402832031,-0.6501350402832031,0.0
"{'osm_id': 355045128, 'osm_type': 'yes'}",chennai_bld_001057,4,4,100.0,3.602480173110962,4.665450096130371,1.0629699230194092,-0.8994715213775635,5.007746278520994,-13.132192611694336,-12.560154914855957,0.5720374584197998,0.2252955436706543,1.2484821154026098
"{'osm_id': 355045130, 'osm_type': 'yes'}",chennai_bld_001058,2,2,100.0,3.981724739074707,5.4725494384765625,1.4908250570297241,1.4908250570297241,0.0037909746170043945,-7.744849681854248,-8.305910110473633,-0.5610606670379639,-0.5610606670379639,1.568023443222046
"{'osm_id': 355045137, 'osm_type': 'yes'}",chennai_bld_001059,3,3,100.0,11.237154642740885,13.106577555338541,1.8694229125976562,2.7493762969970703,1.2957394250337866,-11.400680541992188,-11.47125244140625,-0.07057078679402669,0.05623626708984375,1.9626995546531418
"{'osm_id': 355045138, 'osm_type': 'yes'}",chennai_bld_001060,2,2,100.0,-5.494843482971191,-4.38079833984375,1.1140449047088623,1.1140449047088623,1.951139211654663,-12.116866111755371,-13.009407997131348,-0.8925418853759766,-0.8925418853759766,0.7152824401855469
"{'osm_id': 355045140, 'osm_type': 'yes'}",chennai_bld_001061,2,2,100.0,4.3479790687561035,2.9874773025512695,-1.3605018854141235,-1.3605018854141235,4.0902475118637085,-14.090814590454102,-15.428675651550293,-1.3378615379333496,-1.3378615379333496,1.8662629127502441
"{'osm_id': 355045142, 'osm_type': 'yes'}",chennai_bld_001062,3,3,100.0,-3.0715856552124023,-5.94765027364095,-2.8760646184285483,-1.1856012344360352,4.015040694630806,-13.304593404134115,-15.420646667480469,-2.116053899129232,-2.9221858978271484,2.078798953708928
"{'osm_id': 355045145, 'osm_type': 'yes'}",chennai_bld_001063,2,2,100.0,-3.2697596549987793,-1.5561444759368896,1.7136151790618896,1.7136151790618896,0.04963642358783486,-9.154830932617188,-16.633684158325195,-7.478853225708008,-7.478853225708008,1.1412019729614258
"{'osm_id': 355045147, 'osm_type': 'yes'}",chennai_bld_001064,4,4,100.0,4.900445938110352,5.302160263061523,0.4017140865325928,0.4167165756225586,1.3299412490256073,-10.930733680725098,-12.68344497680664,-1.7527110576629639,-1.1074786186218262,3.0147625811477528
"{'osm_id': 355045149, 'osm_type': 'yes'}",chennai_bld_001065,2,2,100.0,7.540760517120361,6.2434515953063965,-1.297309160232544,-1.297309160232544,0.7447869777679443,-11.059795379638672,-15.846305847167969,-4.786509990692139,-4.786509990692139,0.1156926155090332
"{'osm_id': 355045156, 'osm_type': 'yes'}",chennai_bld_001066,4,4,100.0,6.144113540649414,5.974305152893066,-0.16980838775634766,-0.3504219055175781,2.381074974074568,-12.697769165039062,-13.802248001098633,-1.104478359222412,-2.015181541442871,2.737780150115541
"{'osm_id': 355045160, 'osm_type': 'yes'}",chennai_bld_001067,1,1,100.0,6.885293006896973,9.453187942504883,2.56789493560791,2.56789493560791,0.0,-15.062379837036133,-13.884037971496582,1.1783418655395508,1.1783418655395508,0.0
"{'osm_id': 355045162, 'osm_type': 'yes'}",chennai_bld_001068,3,3,100.0,-2.8832244873046875,-5.695319493611653,-2.8120950063069663,-3.4562201499938965,1.7519766293562953,-15.049751281738281,-11.8619753519694,3.187776565551758,3.9379653930664062,2.100447965147651
"{'osm_id': 355045164, 'osm_type': 'yes'}",chennai_bld_001069,2,2,100.0,-2.8386690616607666,-2.161905288696289,0.6767637729644775,0.6767637729644775,1.086487889289856,-10.998153686523438,-12.81671142578125,-1.8185572624206543,-1.8185572624206543,4.519093990325928
"{'osm_id': 355045170, 'osm_type': 'yes'}",chennai_bld_001070,2,2,100.0,0.18634873628616333,-1.789031982421875,-1.9753806591033936,-1.9753806591033936,0.4430844187736551,-10.77951431274414,-10.052841186523438,0.7266733646392822,0.7266733646392822,1.334296464920044
"{'osm_id': 355045175, 'osm_type': 'yes'}",chennai_bld_001071,4,4,100.0,6.936657428741455,5.273210048675537,-1.6634471416473389,-2.2772417068481445,1.4224986791211343,-14.98099136352539,-14.110481262207031,0.8705108165740967,2.0428013801574707,3.9042410579121833
"{'osm_id': 355045178, 'osm_type': 'yes'}",chennai_bld_001072,3,3,100.0,2.1898690859476724,0.9289112091064453,-1.260957956314087,-0.9621367454528809,1.1792041737959866,-9.609233856201172,-10.269268035888672,-0.6600335439046224,0.4840850830078125,1.621112182684215
"{'osm_id': 355045180, 'osm_type': 'yes'}",chennai_bld_001073,3,3,100.0,4.802882194519043,2.4113098780314126,-2.3915721575419107,-1.9791622161865234,0.7623640149761042,-14.450277964274088,-13.729303995768229,0.7209742863972982,0.6295509338378906,1.1115328170654675
"{'osm_id': 355045181, 'osm_type': 'yes'}",chennai_bld_001074,2,2,100.0,15.269002914428711,10.878507614135742,-4.3904948234558105,-4.3904948234558105,1.8037638664245605,-9.961019515991211,-13.747098922729492,-3.786078453063965,-3.786078453063965,3.465888023376465
"{'osm_id': 355045183, 'osm_type': 'yes'}",chennai_bld_001075,2,2,100.0,2.9172613620758057,-1.6274164915084839,-4.544677734375,-4.544677734375,0.8083457946777344,-11.345624923706055,-12.127527236938477,-0.7819023132324219,-0.7819023132324219,0.6805438995361328
"{'osm_id': 355045188, 'osm_type': 'yes'}",chennai_bld_001076,4,4,100.0,-1.6942999362945557,-1.22477388381958,0.46952617168426514,-0.9031434655189514,3.1575518595609062,-14.46176528930664,-13.588125228881836,0.8736393451690674,1.1758861541748047,1.9443170819278994
"{'osm_id': 355045192, 'osm_type': 'yes'}",chennai_bld_001077,3,3,100.0,0.6308226585388184,-2.302898089090983,-2.933720906575521,-2.2104060649871826,1.0778029297518277,-13.427714029947916,-17.143267313639324,-3.7155542373657227,-3.4917402267456055,0.560483579187158
"{'osm_id': 355045194, 'osm_type': 'yes'}",chennai_bld_001078,4,4,100.0,5.305576324462891,2.7045605182647705,-2.601015567779541,-2.4822158813476562,0.5935773849681227,-13.404597282409668,-13.492185592651367,-0.08758831024169922,0.018598556518554688,2.6188786974601737
"{'osm_id': 355073300, 'osm_type': 'yes'}",chennai_bld_001079,2,2,100.0,-0.31860989332199097,-3.6576273441314697,-3.339017391204834,-3.339017391204834,0.5225114822387695,-11.229290008544922,-11.044574737548828,0.18471479415893555,0.18471479415893555,0.8477921485900879
"{'osm_id': 355073551, 'osm_type': 'yes'}",chennai_bld_001080,2,2,100.0,4.0205583572387695,2.929136276245117,-1.0914218425750732,-1.0914218425750732,1.6026017665863037,-9.594432830810547,-12.801251411437988,-3.2068185806274414,-3.2068185806274414,1.4043512344360352
"{'osm_id': 355073904, 'osm_type': 'yes'}",chennai_bld_001081,6,6,100.0,1.5305816332499187,0.034185310204823814,-1.4963963826497395,-2.8007569313049316,3.336536572157074,-14.05285898844401,-13.18423334757487,0.8686251640319824,0.15106439590454102,2.891255721656317
"{'osm_id': 355074098, 'osm_type': 'yes'}",chennai_bld_001082,2,2,100.0,3.0490708351135254,-1.423322319984436,-4.472393035888672,-4.472393035888672,0.8408101797103966,-11.751152038574219,-11.452171325683594,0.2989811897277832,0.2989811897277832,0.8079352378845215
"{'osm_id': 355074188, 'osm_type': 'yes'}",chennai_bld_001083,4,4,100.0,0.49810945987701416,0.28172942996025085,-0.2163800597190857,-0.9989672899246216,2.6584332688712387,-10.971672058105469,-14.214279174804688,-3.2426068782806396,-3.2068185806274414,1.7017726188070599
"{'osm_id': 355074302, 'osm_type': 'yes'}",chennai_bld_001084,2,2,100.0,6.076107025146484,4.154877662658691,-1.921229362487793,-1.921229362487793,2.7493648529052734,-10.092819213867188,-10.823798179626465,-0.7309784889221191,-0.7309784889221191,1.149975299835205
"{'osm_id': 355074732, 'osm_type': 'yes'}",chennai_bld_001085,2,2,100.0,1.6116645336151123,-2.453190326690674,-4.064854621887207,-4.064854621887207,1.2483487129211426,-11.72353744506836,-10.653825759887695,1.069711685180664,1.069711685180664,0.037204742431640625
"{'osm_id': 355075040, 'osm_type': 'yes'}",chennai_bld_001086,6,6,100.0,-5.098985036214192,-6.876672108968099,-1.7776870727539062,-3.1569409370422363,3.06920731591558,-13.540171305338541,-15.819497426350912,-2.2793264389038086,-1.7282166481018066,2.7295352495684946
"{'osm_id': 355075041, 'osm_type': 'yes'}",chennai_bld_001087,16,16,100.0,-2.1262893676757812,-3.1858556270599365,-1.0595667362213135,-1.1421241760253906,3.3447448625216305,-5.999614238739014,-7.723773956298828,-1.724159598350525,-1.5754475593566895,2.4080724394287802
"{'osm_id': 355075042, 'osm_type': 'yes'}",chennai_bld_001088,8,8,100.0,-4.585165977478027,-3.686511993408203,0.8986538648605347,1.2652006149291992,1.816373222000869,-14.522570610046387,-14.336468696594238,0.18610215187072754,-0.3272242546081543,3.42507993946066
"{'osm_id': 355075043, 'osm_type': 'yes'}",chennai_bld_001089,14,14,100.0,-4.271049499511719,-5.677942003522601,-1.4068925040108817,-0.8291610479354858,2.087577740687328,-11.671851021902901,-12.16785648890904,-0.4960063525608608,-0.47611570358276367,2.689863577879784
"{'osm_id': 355075048, 'osm_type': 'yes'}",chennai_bld_001090,4,4,100.0,1.7867181301116943,0.3382744789123535,-1.4484436511993408,-1.312060832977295,1.3907816163694953,-12.431201934814453,-13.29013442993164,-0.8589329719543457,0.1597118377685547,3.7060021879072647
"{'osm_id': 355075052, 'osm_type': 'yes'}",chennai_bld_001091,3,3,100.0,-4.605322519938151,-8.757977167765299,-4.152654647827148,-4.059103488922119,1.746565651592611,-9.089459737141928,-11.899580637613932,-2.8101205825805664,-4.064257621765137,2.039141384925882
"{'osm_id': 355075053, 'osm_type': 'yes'}",chennai_bld_001092,2,2,100.0,2.3182339668273926,1.377633810043335,-0.9406002163887024,-0.9406002163887024,0.7956603169441223,-14.319599151611328,-11.959205627441406,2.3603925704956055,2.3603925704956055,0.6362285614013672
"{'osm_id': 355075057, 'osm_type': 'yes'}",chennai_bld_001093,10,10,100.0,-3.5213695526123048,-6.3768974304199215,-2.855527877807617,-2.8745675086975098,3.7857077953709286,-11.704362487792968,-12.796517181396485,-1.0921536445617677,0.09671401977539062,2.54227145366905
"{'osm_id': 355075060, 'osm_type': 'yes'}",chennai_bld_001094,4,4,100.0,1.3241324424743652,-0.5838857889175415,-1.9080183506011963,-1.764100193977356,2.0455657480169003,-13.896502494812012,-11.238710403442383,2.6577913761138916,3.6024904251098633,2.473313353725071
"{'osm_id': 355075061, 'osm_type': 'yes'}",chennai_bld_001095,6,6,100.0,-5.91630490620931,-6.0919647216796875,-0.1756596565246582,0.36321210861206055,1.6634060598427973,-14.462347666422525,-12.676139831542969,1.7862087885538738,1.6739368438720703,2.3823284629341597
"{'osm_id': 355075064, 'osm_type': 'yes'}",chennai_bld_001096,4,4,100.0,-0.5151253342628479,1.0111322402954102,1.5262575149536133,2.1570751667022705,1.568194514044951,-15.282482147216797,-13.296662330627441,1.9858202934265137,1.1765389442443848,4.0303579646500305
"{'osm_id': 355075065, 'osm_type': 'yes'}",chennai_bld_001097,3,3,100.0,-3.405172348022461,-4.642353057861328,-1.237180471420288,-2.7690210342407227,2.358622784517249,-12.46639633178711,-12.987648010253906,-0.5212519963582357,-1.0910253524780273,2.101559276350997
"{'osm_id': 355075067, 'osm_type': 'yes'}",chennai_bld_001098,4,4,100.0,5.2578558921813965,4.269138813018799,-0.9887171387672424,-0.798554539680481,1.4186520051569846,-15.692937850952148,-14.86627197265625,0.826667070388794,0.2995452880859375,1.7240695689715178
"{'osm_id': 355075071, 'osm_type': 'yes'}",chennai_bld_001099,4,4,100.0,4.886091709136963,2.1335833072662354,-2.7525084018707275,-3.2040915489196777,1.8225034135943856,-13.473376274108887,-13.088970184326172,0.38440585136413574,0.6069464683532715,2.63104345127146
"{'osm_id': 355075075, 'osm_type': 'yes'}",chennai_bld_001100,5,5,100.0,-1.4998275756835937,-4.403577423095703,-2.9037498474121093,-2.7138266563415527,2.0136514477067085,-13.16395263671875,-16.731700134277343,-3.5677474975585937,-2.1213808059692383,3.013469357780861
"{'osm_id': 355075086, 'osm_type': 'yes'}",chennai_bld_001101,2,2,100.0,4.861423969268799,1.7711445093154907,-3.0902795791625977,-3.0902795791625977,0.7002500295639139,-11.47899055480957,-15.591615676879883,-4.1126251220703125,-4.1126251220703125,0.4989738464355469
"{'osm_id': 355075093, 'osm_type': 'yes'}",chennai_bld_001102,4,4,100.0,0.5961050987243652,-0.017803728580474854,-0.6139088869094849,-1.0105853080749512,1.773575311153838,-13.602686882019043,-13.64141845703125,-0.03873276710510254,0.13141536712646484,3.762992771276651
"{'osm_id': 355075094, 'osm_type': 'yes'}",chennai_bld_001103,4,4,100.0,-5.022255897521973,-7.711691856384277,-2.6894354820251465,-2.195474863052368,2.8441991863048686,-11.078716278076172,-12.374943733215332,-1.296227216720581,-0.596165657043457,2.954030075131076
"{'osm_id': 355075100, 'osm_type': 'yes'}",chennai_bld_001104,4,4,100.0,-5.108919143676758,-7.296905517578125,-2.187986373901367,-2.6998977661132812,2.3587684189135585,-12.211299896240234,-13.256576538085938,-1.0452759265899658,-1.4216609001159668,3.5368302006182386
"{'osm_id': 355075106, 'osm_type': 'yes'}",chennai_bld_001105,2,2,100.0,4.08383321762085,2.0552165508270264,-2.028616428375244,-2.028616428375244,0.823258280754098,-15.19677734375,-13.714275360107422,1.48250150680542,1.48250150680542,0.1809096336364746
"{'osm_id': 355075108, 'osm_type': 'yes'}",chennai_bld_001106,6,6,100.0,3.615396817525228,1.6643889745076497,-1.9510075251261394,-2.968749523162842,3.410931094187324,-13.477673848470053,-12.044150034586588,1.4335238138834636,2.226073741912842,2.8800096483202715
"{'osm_id': 355075110, 'osm_type': 'yes'}",chennai_bld_001107,2,2,100.0,10.394157409667969,8.54133129119873,-1.85282564163208,-1.85282564163208,1.3885979652404785,-14.398052215576172,-13.174516677856445,1.2235345840454102,1.2235345840454102,2.5895395278930664
"{'osm_id': 355075112, 'osm_type': 'yes'}",chennai_bld_001108,4,4,100.0,-3.6831884384155273,-5.225046634674072,-1.5418583154678345,-0.6825003623962402,1.6718747488321128,-9.786282539367676,-12.460716247558594,-2.674433946609497,-2.8867225646972656,3.64681949283182
"{'osm_id': 355075118, 'osm_type': 'yes'}",chennai_bld_001109,3,3,100.0,-2.9834680557250977,-2.5170202255249023,0.46644775072733563,0.1604752540588379,1.0377386408372606,-8.205730438232422,-5.067930857340495,3.1377995808919272,1.0604701042175293,3.363601158281241
"{'osm_id': 355075124, 'osm_type': 'yes'}",chennai_bld_001110,12,12,100.0,1.4260740280151367,-0.2266407608985901,-1.6527145703633626,-2.6430866718292236,2.316726521049179,-1.6056763331095378,-3.4232873916625977,-1.8176105817159016,-2.4167940616607666,3.520438652843416
"{'osm_id': 355075132, 'osm_type': 'yes'}",chennai_bld_001111,2,2,100.0,9.369583129882812,6.265566349029541,-3.1040172576904297,-3.1040172576904297,0.28754329681396484,-14.293258666992188,-17.099498748779297,-2.806241512298584,-2.806241512298584,1.8479151725769043
"{'osm_id': 355075134, 'osm_type': 'yes'}",chennai_bld_001112,1,1,100.0,-1.7771059274673462,-3.980876922607422,-2.2037711143493652,-2.2037711143493652,0.0,-6.3296990394592285,-7.126650333404541,-0.7969512939453125,-0.7969512939453125,0.0
"{'osm_id': 355075142, 'osm_type': 'yes'}",chennai_bld_001113,4,4,100.0,-4.392312049865723,-3.9630684852600098,0.42924314737319946,0.7180391550064087,1.1402050463398545,-11.589726448059082,-11.17912769317627,0.4105985164642334,0.0976099967956543,1.476046738490945
"{'osm_id': 355075143, 'osm_type': 'yes'}",chennai_bld_001114,1,1,100.0,-2.5186800956726074,-3.932291030883789,-1.4136109352111816,-1.4136109352111816,0.0,-9.852727890014648,-11.427539825439453,-1.5748119354248047,-1.5748119354248047,0.0
"{'osm_id': 355075145, 'osm_type': 'yes'}",chennai_bld_001115,6,6,100.0,0.4476159413655599,-0.44336462020874023,-0.8909807205200195,-0.8714160919189453,1.210118430039942,-8.942965189615885,-10.096029917399088,-1.1530637741088867,-1.424137830734253,3.303907831397921
"{'osm_id': 355075147, 'osm_type': 'yes'}",chennai_bld_001116,5,5,100.0,1.8642440795898438,1.1527191162109376,-0.711524772644043,-1.126211166381836,1.8866411330919441,-11.328240203857423,-13.974945068359375,-2.646706199645996,-1.216322898864746,3.6777980407906137
"{'osm_id': 355075150, 'osm_type': 'yes'}",chennai_bld_001117,2,2,100.0,3.5873160362243652,3.9552011489868164,0.3678852319717407,0.3678852319717407,0.612258791923523,-13.227664947509766,-12.28108024597168,0.9465847015380859,0.9465847015380859,0.7462024688720703
"{'osm_id': 355075153, 'osm_type': 'yes'}",chennai_bld_001118,6,6,100.0,-2.398707707722982,-7.332160313924153,-4.933452606201172,-4.0270233154296875,4.1387413802337925,-10.246587117513021,-13.193397521972656,-2.946810722351074,-2.6256837844848633,2.686142740511927
"{'osm_id': 355075156, 'osm_type': 'yes'}",chennai_bld_001119,2,2,100.0,-0.37674152851104736,-4.520298480987549,-4.143556594848633,-4.143556594848633,3.8448723107576406,-11.518470764160156,-10.844327926635742,0.6741423606872559,0.6741423606872559,1.4009966850280762
"{'osm_id': 355075158, 'osm_type': 'yes'}",chennai_bld_001120,4,4,100.0,-5.784696102142334,-6.607447147369385,-0.8227506875991821,-0.9346327781677246,2.4447137544290922,-10.992416381835938,-11.667806625366211,-0.6753900051116943,-0.691962718963623,1.1364360680689367
"{'osm_id': 355075160, 'osm_type': 'yes'}",chennai_bld_001121,2,2,100.0,3.5064029693603516,2.638624668121338,-0.8677784204483032,-0.8677784204483032,0.3375798463821411,-13.370336532592773,-16.169872283935547,-2.7995352745056152,-2.7995352745056152,4.1011271476745605
"{'osm_id': 355075162, 'osm_type': 'yes'}",chennai_bld_001122,2,2,100.0,2.9755468368530273,-0.22165286540985107,-3.197199821472168,-3.197199821472168,1.2146029472351074,-9.944511413574219,-12.504691123962402,-2.5601792335510254,-2.5601792335510254,0.42871522903442383
"{'osm_id': 355075163, 'osm_type': 'yes'}",chennai_bld_001123,4,4,100.0,5.058256149291992,5.6904191970825195,0.6321632266044617,-1.0844378471374512,3.192529287452977,-15.819950103759766,-13.376254081726074,2.4436967372894287,2.727174758911133,1.3735375392303173
"{'osm_id': 355075169, 'osm_type': 'yes'}",chennai_bld_001124,2,2,100.0,-1.9982380867004395,-4.032896995544434,-2.0346591472625732,-2.0346591472625732,0.3542749881744385,-10.04285717010498,-11.283798217773438,-1.240940809249878,-1.240940809249878,3.308349370956421
"{'osm_id': 355075179, 'osm_type': 'yes'}",chennai_bld_001125,2,2,100.0,3.11958646774292,2.8990249633789062,-0.22056138515472412,-0.22056138515472412,4.081224083900452,-15.866741180419922,-14.785684585571289,1.0810556411743164,1.0810556411743164,2.168379783630371
"{'osm_id': 355075181, 'osm_type': 'yes'}",chennai_bld_001126,2,2,100.0,-1.0931527614593506,1.5341641902923584,2.627316951751709,2.627316951751709,3.704148292541504,-12.228899002075195,-8.839198112487793,3.3897008895874023,3.3897008895874023,0.6409263610839844
"{'osm_id': 355075184, 'osm_type': 'yes'}",chennai_bld_001127,4,4,100.0,1.3263914585113525,-0.0818764865398407,-1.408267855644226,-1.5565998554229736,2.5396529604322184,-9.12700080871582,-11.977505683898926,-2.8505043983459473,-1.9542288780212402,1.8628691347294275
"{'osm_id': 355075188, 'osm_type': 'yes'}",chennai_bld_001128,8,8,100.0,4.486563682556152,4.289849281311035,-0.19671502709388733,0.718582034111023,3.7301025509814507,-5.1967926025390625,-6.199692726135254,-1.0029006004333496,-1.5908782482147217,3.1077316891591904
"{'osm_id': 355075189, 'osm_type': 'yes'}",chennai_bld_001129,4,4,100.0,10.599152565002441,7.464602470397949,-3.1345512866973877,-3.0289487838745117,1.971447911959984,-14.439033508300781,-15.242581367492676,-0.8035473823547363,-1.1865534782409668,3.0206861396965032
"{'osm_id': 355075194, 'osm_type': 'yes'}",chennai_bld_001130,4,4,100.0,-4.188178062438965,-5.453841209411621,-1.265662670135498,-2.544421672821045,3.533481092183951,-10.857796669006348,-13.467530250549316,-2.6097333431243896,-2.9901556968688965,1.2645117978172953
"{'osm_id': 355075198, 'osm_type': 'yes'}",chennai_bld_001131,2,2,100.0,2.516681671142578,0.2627619504928589,-2.2539196014404297,-2.2539196014404297,0.8030852079391568,-16.014204025268555,-14.660414695739746,1.3537888526916504,1.3537888526916504,2.3121085166931152
"{'osm_id': 355075202, 'osm_type': 'yes'}",chennai_bld_001132,4,4,100.0,1.9487000703811646,0.037651777267456055,-1.9110480546951294,0.09541916847229004,4.864358328279862,-11.085760116577148,-14.030261993408203,-2.94450044631958,-2.223393440246582,2.506496054102742
"{'osm_id': 355075203, 'osm_type': 'yes'}",chennai_bld_001133,1,1,100.0,-4.60800838470459,-7.5853471755981445,-2.9773387908935547,-2.9773387908935547,0.0,-15.169746398925781,-13.227169036865234,1.9425773620605469,1.9425773620605469,0.0
"{'osm_id': 355075207, 'osm_type': 'yes'}",chennai_bld_001134,6,6,100.0,2.1792823473612466,-0.037426153818766274,-2.2167083422342935,-2.4371275901794434,1.7300091897933074,-10.716646830240885,-12.420132954915365,-1.7034867604573567,-1.5758614540100098,3.0772797102439906
"{'osm_id': 355075209, 'osm_type': 'yes'}",chennai_bld_001135,2,2,100.0,8.065771102905273,4.47472620010376,-3.5910449028015137,-3.5910449028015137,0.1994844675064443,-14.184061050415039,-16.969024658203125,-2.7849626541137695,-2.7849626541137695,1.8266363143920898
"{'osm_id': 355075218, 'osm_type': 'yes'}",chennai_bld_001136,4,4,100.0,-2.7736141681671143,-3.7099528312683105,-0.9363387823104858,-0.93723464012146,2.3508433550107095,-10.508289337158203,-11.197478294372559,-0.6891896724700928,-1.600229263305664,2.650140518008322
"{'osm_id': 355075221, 'osm_type': 'yes'}",chennai_bld_001137,7,7,100.0,-3.6292035239083424,-3.1100185939243863,0.5191850662231445,-0.09613275527954102,3.2537372052275426,-12.696249825613839,-12.309859139578682,0.3863908222743443,0.3153038024902344,1.0794592857066423
"{'osm_id': 355075222, 'osm_type': 'yes'}",chennai_bld_001138,4,4,100.0,3.4453911781311035,2.4358408451080322,-1.00955069065094,-1.1881462335586548,1.2161141954854524,-15.207564353942871,-17.300159454345703,-2.092595338821411,-2.231393337249756,1.8572050863236904
"{'osm_id': 355075224, 'osm_type': 'yes'}",chennai_bld_001139,2,2,100.0,1.60428786277771,3.876378059387207,2.272090196609497,2.272090196609497,3.348921537399292,-10.732046127319336,-8.215353012084961,2.516693592071533,2.516693592071533,0.23208093643188477
"{'osm_id': 355075225, 'osm_type': 'yes'}",chennai_bld_001140,2,2,100.0,1.1534662246704102,3.502230644226074,2.348764419555664,2.348764419555664,3.7995988130569476,-16.498367309570312,-14.411641120910645,2.0867271423339844,2.0867271423339844,1.5791702270507812
"{'osm_id': 355075226, 'osm_type': 'yes'}",chennai_bld_001141,2,2,100.0,-5.329958915710449,-8.63985538482666,-3.309896230697632,-3.309896230697632,0.462658166885376,-11.224985122680664,-15.018749237060547,-3.793764591217041,-3.793764591217041,0.07000017166137695
"{'osm_id': 355075231, 'osm_type': 'yes'}",chennai_bld_001142,4,4,100.0,-6.1505446434021,-7.589929103851318,-1.4393845796585083,-0.004019737243652344,3.8483375617571194,-12.778892517089844,-11.178707122802734,1.6001853942871094,1.6040620803833008,2.099291287559633
"{'osm_id': 355075234, 'osm_type': 'yes'}",chennai_bld_001143,4,4,100.0,-5.176056861877441,-5.4854655265808105,-0.30940842628479004,-0.26193833351135254,0.8124241856151619,-12.552038192749023,-12.431510925292969,0.12052631378173828,-0.596165657043457,2.6449031009960677
"{'osm_id': 355075235, 'osm_type': 'yes'}",chennai_bld_001144,2,2,100.0,4.144369125366211,0.9402774572372437,-3.2040915489196777,-3.2040915489196777,1.2214946746826172,-11.07004165649414,-11.283973693847656,-0.21393203735351562,-0.21393203735351562,2.7749624252319336
"{'osm_id': 355075239, 'osm_type': 'yes'}",chennai_bld_001145,2,2,100.0,2.477452516555786,-3.1922032833099365,-5.669655799865723,-5.669655799865723,1.2029967308044434,-14.340438842773438,-14.401988983154297,-0.061550140380859375,-0.061550140380859375,2.0255508422851562
"{'osm_id': 355075244, 'osm_type': 'yes'}",chennai_bld_001146,5,5,100.0,-3.1498937606811523,-2.4783607482910157,0.6715334415435791,0.3548917770385742,2.08336592387142,-11.357250213623047,-13.24822998046875,-1.89097900390625,-1.1173515319824219,2.2016305580160873
"{'osm_id': 355075246, 'osm_type': 'yes'}",chennai_bld_001147,4,4,100.0,-4.152703285217285,-5.346128940582275,-1.1934254169464111,-0.321643590927124,5.779710154982013,-8.112515449523926,-9.837913513183594,-1.7253984212875366,-1.232123613357544,2.988684712687664
"{'osm_id': 355075252, 'osm_type': 'yes'}",chennai_bld_001148,4,4,100.0,6.332185745239258,4.712247848510742,-1.6199381351470947,-1.5302695035934448,2.2246003275516055,-9.92591381072998,-8.961177825927734,0.964735746383667,0.9875316619873047,1.0671639592759874
"{'osm_id': 355075253, 'osm_type': 'yes'}",chennai_bld_001149,4,4,100.0,-6.743029594421387,-6.808393478393555,-0.06536376476287842,0.5105729103088379,1.7610081795298573,-10.6598482131958,-15.155649185180664,-4.49580192565918,-4.975404262542725,3.111103077420188
"{'osm_id': 355075254, 'osm_type': 'yes'}",chennai_bld_001150,4,4,100.0,7.954191207885742,4.626925468444824,-3.327266216278076,-2.6200644969940186,3.5208714599931694,-15.493399620056152,-15.849746704101562,-0.35634779930114746,0.1156625747680664,2.767832557209626
"{'osm_id': 355075259, 'osm_type': 'yes'}",chennai_bld_001151,6,6,100.0,-1.8471573193868,-3.697786331176758,-1.8506288528442383,-2.1713523864746094,2.413649801423961,-12.879806518554688,-14.189034779866537,-1.3092282613118489,-0.26047325134277344,4.045047830700527
"{'osm_id': 355075261, 'osm_type': 'yes'}",chennai_bld_001152,4,4,100.0,4.390584468841553,5.535280227661133,1.1446959972381592,-0.0593724250793457,2.9448314354615825,-15.251982688903809,-14.70018196105957,0.5518012046813965,0.5075597763061523,2.171165897638153
"{'osm_id': 355075262, 'osm_type': 'yes'}",chennai_bld_001153,1,1,100.0,-5.033526420593262,-8.80608081817627,-3.772554397583008,-3.772554397583008,0.0,-13.0187406539917,-16.882505416870117,-3.863764762878418,-3.863764762878418,0.0
"{'osm_id': 355075264, 'osm_type': 'yes'}",chennai_bld_001154,2,2,100.0,-5.774404525756836,-5.384820938110352,0.3895837068557739,0.3895837068557739,2.9838587045669556,-11.736549377441406,-12.711055755615234,-0.9745059013366699,-0.9745059013366699,0.4163661003112793
"{'osm_id': 355075265, 'osm_type': 'yes'}",chennai_bld_001155,2,2,100.0,-6.4744343757629395,-8.213285446166992,-1.7388505935668945,-1.7388505935668945,2.441534996032715,-13.845733642578125,-12.821432113647461,1.0243024826049805,1.0243024826049805,1.3167171478271484
"{'osm_id': 355075270, 'osm_type': 'yes'}",chennai_bld_001156,7,7,100.0,-2.441952569144113,-5.419557843889509,-2.977605547223772,-2.7138266563415527,5.302214188320301,-11.819015502929688,-13.702394757952009,-1.8833795275006975,-1.9626502990722656,0.9832835074609168
"{'osm_id': 355075275, 'osm_type': 'yes'}",chennai_bld_001157,4,4,100.0,-4.2363362312316895,-6.123090744018555,-1.8867548704147339,-2.0346591472625732,1.7507648691812148,-11.944295883178711,-12.052614212036133,-0.10831916332244873,0.8874969482421875,2.7608497961077605
"{'osm_id': 355075277, 'osm_type': 'yes'}",chennai_bld_001158,4,4,100.0,3.448729991912842,2.130465030670166,-1.3182651996612549,-0.8677784204483032,1.8328781798516935,-10.988971710205078,-13.627836227416992,-2.6388638019561768,-2.4781923294067383,3.245281456806637
"{'osm_id': 355075278, 'osm_type': 'yes'}",chennai_bld_001159,1,1,100.0,4.1008100509643555,0.9048453569412231,-3.195964813232422,-3.195964813232422,0.0,-12.661521911621094,-12.264434814453125,0.39708709716796875,0.39708709716796875,0.0
"{'osm_id': 355075280, 'osm_type': 'yes'}",chennai_bld_001160,2,2,100.0,2.1095781326293945,2.1766717433929443,0.06709372997283936,0.06709372997283936,0.5972923040390015,-11.512624740600586,-17.238449096679688,-5.725823402404785,-5.725823402404785,1.1748390197753906
"{'osm_id': 355075281, 'osm_type': 'yes'}",chennai_bld_001161,4,4,100.0,11.360273361206055,8.467153549194336,-2.8931190967559814,-2.5931038856506348,2.005899812801464,-13.099448204040527,-13.110960960388184,-0.011513471603393555,-0.8835721015930176,2.288136925222021
"{'osm_id': 355075286, 'osm_type': 'yes'}",chennai_bld_001162,5,5,100.0,-4.316318511962891,-4.125503158569336,0.19081590175628663,0.3548917770385742,2.7573879545926405,-12.01253433227539,-12.514080810546876,-0.5015464782714844,-0.5581398010253906,0.9971797450296279
"{'osm_id': 355075291, 'osm_type': 'yes'}",chennai_bld_001163,6,6,100.0,-6.966225306193034,-5.238790512084961,1.7274352709452312,2.501493453979492,2.9066300978435367,-15.225596110026041,-12.743639628092447,2.481956164042155,3.3471298217773438,2.6281691152255453
"{'osm_id': 355087411, 'osm_type': 'yes'}",chennai_bld_001164,7,7,100.0,-3.0481139591761996,-3.393915448869978,-0.3458015578133719,-1.2552591562271118,3.2589988796893823,-12.962633405412946,-14.34274400983538,-1.3801099232264928,-0.3302135467529297,2.811114977113396
"{'osm_id': 355087430, 'osm_type': 'yes'}",chennai_bld_001165,2,2,100.0,-0.38557279109954834,-2.8957316875457764,-2.5101587772369385,-2.5101587772369385,2.5303962230682373,-6.6617751121521,-7.555923938751221,-0.8941488265991211,-0.8941488265991211,1.6081371307373047
"{'osm_id': 355087435, 'osm_type': 'yes'}",chennai_bld_001166,3,3,100.0,-3.6630900700887046,-6.014774322509766,-2.3516844113667807,-1.506197452545166,3.8492229661542052,-13.756047566731771,-11.15615717569987,2.599890391031901,1.776998519897461,3.0595996133284546
"{'osm_id': 355087437, 'osm_type': 'yes'}",chennai_bld_001167,2,2,100.0,-7.387896537780762,-1.7291710376739502,5.658725261688232,5.658725261688232,1.1932449340820312,-13.622701644897461,-13.921563148498535,-0.2988615036010742,-0.2988615036010742,4.149750709533691
"{'osm_id': 355087439, 'osm_type': 'yes'}",chennai_bld_001168,4,4,100.0,0.5136544704437256,-1.7355718612670898,-2.2492260932922363,-2.530937910079956,1.1791933468664189,-11.773265838623047,-10.131401062011719,1.6418633460998535,1.7672019004821777,1.5967570873995158
"{'osm_id': 355087443, 'osm_type': 'yes'}",chennai_bld_001169,2,2,100.0,-1.3177316188812256,-4.520817756652832,-3.2030863761901855,-3.2030863761901855,1.892798066139225,-9.715181350708008,-12.019731521606445,-2.3045501708984375,-2.3045501708984375,1.6010961532592773
"{'osm_id': 355087451, 'osm_type': 'yes'}",chennai_bld_001170,4,4,100.0,-2.301980495452881,-2.0750157833099365,0.22696459293365479,-0.4277808368206024,2.443932599246163,-12.060056686401367,-14.060296058654785,-2.0002388954162598,-2.3112778663635254,1.487955359414792
"{'osm_id': 355087454, 'osm_type': 'yes'}",chennai_bld_001171,2,2,100.0,-0.1859210580587387,0.5408795475959778,0.7268005609512329,0.7268005609512329,0.4932897984981546,-8.193135261535645,-8.843215942382812,-0.6500802040100098,-0.6500802040100098,0.39070558547973633
"{'osm_id': 355087461, 'osm_type': 'yes'}",chennai_bld_001172,4,4,100.0,-0.09823358058929443,-3.2153570652008057,-3.1171233654022217,-2.588158130645752,3.3252369901942695,-12.769559860229492,-16.028669357299805,-3.2591097354888916,-2.907163143157959,1.6225794296522928
"{'osm_id': 355087471, 'osm_type': 'yes'}",chennai_bld_001173,6,6,100.0,-1.6610782941182454,-2.789422353108724,-1.1283440589904785,-0.028599798679351807,2.4944873781150934,-10.627811431884766,-9.232658386230469,1.395153522491455,1.7361106872558594,1.9474938459961812
"{'osm_id': 355087473, 'osm_type': 'yes'}",chennai_bld_001174,3,3,100.0,12.741522471110025,7.015339533487956,-5.726182301839192,-6.055723190307617,0.7220556646486738,-12.566154479980469,-12.41409174601237,0.15206305185953775,0.4967460632324219,2.3354190009940545
"{'osm_id': 355087496, 'osm_type': 'yes'}",chennai_bld_001175,4,4,100.0,-2.5478665828704834,-3.8335537910461426,-1.2856872081756592,-1.1452572345733643,1.1678833259536459,-12.059783935546875,-12.156472206115723,-0.09668838977813721,-0.6040072441101074,2.2460719962738436
"{'osm_id': 355087503, 'osm_type': 'yes'}",chennai_bld_001176,3,3,100.0,1.394940694173177,0.6185400485992432,-0.776400645573934,0.5790458917617798,2.0063273781930517,-10.162118911743164,-11.744173685709635,-1.5820550918579102,-2.1048803329467773,1.0503176739944131
"{'osm_id': 355087505, 'osm_type': 'yes'}",chennai_bld_001177,2,2,100.0,-2.9569551944732666,-3.3424458503723145,-0.3854905366897583,-0.3854905366897583,1.1017299890518188,-12.268210411071777,-12.337305068969727,-0.06909513473510742,-0.06909513473510742,1.122972011566162
"{'osm_id': 355087508, 'osm_type': 'yes'}",chennai_bld_001178,2,2,100.0,-6.053277015686035,-5.532647609710693,0.5206291675567627,0.5206291675567627,1.9543249607086182,-14.621541976928711,-16.00341033935547,-1.3818683624267578,-1.3818683624267578,3.3597326278686523
"{'osm_id': 355087513, 'osm_type': 'yes'}",chennai_bld_001179,5,5,100.0,8.765937805175781,6.472798156738281,-2.2931396484375,-3.1279115676879883,1.7667918027575469,-14.263600158691407,-12.839749145507813,1.423851203918457,3.2414817810058594,4.455092957717421
"{'osm_id': 355087518, 'osm_type': 'yes'}",chennai_bld_001180,2,2,100.0,-2.095615863800049,-4.465946197509766,-2.370330333709717,-2.370330333709717,2.4431618452072175,-11.47513198852539,-13.293133735656738,-1.8180022239685059,-1.8180022239685059,0.1366744041442871
"{'osm_id': 355087524, 'osm_type': 'yes'}",chennai_bld_001181,1,1,100.0,2.1469411849975586,-0.4613516926765442,-2.608292818069458,-2.608292818069458,0.0,-1.577704906463623,-4.164095401763916,-2.586390495300293,-2.586390495300293,0.0
"{'osm_id': 355087534, 'osm_type': 'yes'}",chennai_bld_001182,3,3,100.0,-2.860163688659668,-3.0243663787841797,-0.16420269012451172,-0.32605743408203125,2.0442409805861352,-10.873357137044271,-10.161785125732422,0.7115716934204102,1.0992403030395508,2.4923823459013668
"{'osm_id': 355087536, 'osm_type': 'yes'}",chennai_bld_001183,4,4,100.0,-5.242471694946289,-3.3302221298217773,1.9122493267059326,1.4859585762023926,3.6701395333735727,-12.161680221557617,-12.819940567016602,-0.6582601070404053,-1.5682744979858398,2.814742218034228
"{'osm_id': 355087540, 'osm_type': 'yes'}",chennai_bld_001184,1,1,100.0,-4.442493915557861,-3.6147947311401367,0.8276991844177246,0.8276991844177246,0.0,-9.841442108154297,-13.657173156738281,-3.8157310485839844,-3.8157310485839844,0.0
"{'osm_id': 355087542, 'osm_type': 'yes'}",chennai_bld_001185,1,1,100.0,-1.342410922050476,-3.9422190189361572,-2.5998082160949707,-2.5998082160949707,0.0,-10.28099536895752,-14.702535629272461,-4.421540260314941,-4.421540260314941,0.0
"{'osm_id': 355087549, 'osm_type': 'yes'}",chennai_bld_001186,6,6,100.0,-0.4846819241841634,-2.1152820587158203,-1.630600134531657,-2.178537368774414,3.8852584342450975,-12.139455159505209,-12.801175435384115,-0.6617217063903809,-0.7748808860778809,3.8978141553824917
"{'osm_id': 355087551, 'osm_type': 'yes'}",chennai_bld_001187,2,2,100.0,1.0873472690582275,0.2645864188671112,-0.822760820388794,-0.822760820388794,1.0562715828418736,-8.86573600769043,-10.91773796081543,-2.0520029067993164,-2.0520029067993164,1.0112171173095703
"{'osm_id': 355087555, 'osm_type': 'yes'}",chennai_bld_001188,1,1,100.0,-4.391295433044434,-4.647043704986572,-0.25574827194213867,-0.25574827194213867,0.0,-14.292582511901855,-13.96544075012207,0.32714176177978516,0.32714176177978516,0.0
"{'osm_id': 355087565, 'osm_type': 'yes'}",chennai_bld_001189,3,3,100.0,3.4195276896158853,1.1855657895406086,-2.233962059020996,-3.0379221439361572,1.6119426103526442,-12.193032582600912,-13.507071177164713,-1.3140379587809246,-0.8482131958007812,0.6596457996488934
"{'osm_id': 355087567, 'osm_type': 'yes'}",chennai_bld_001190,6,6,100.0,-0.5025685628255209,0.315380056699117,0.8179486592610677,0.7390845417976379,1.693625632121629,-10.339335759480795,-9.823177337646484,0.5161582628885905,0.29134464263916016,3.173704617457651
"{'osm_id': 355087571, 'osm_type': 'yes'}",chennai_bld_001191,4,4,100.0,-2.740994453430176,-5.116070747375488,-2.3750767707824707,0.06587052345275879,4.9574479630161745,-12.226755142211914,-14.087620735168457,-1.8608667850494385,-1.8595991134643555,0.9175595651625945
"{'osm_id': 355087573, 'osm_type': 'yes'}",chennai_bld_001192,6,6,100.0,1.3835875193277996,0.4370156129201253,-0.9465718269348145,-1.4818027019500732,2.466906121916255,-13.10403823852539,-13.765008290608725,-0.6609695752461752,-0.8475980758666992,1.1236372640442345
"{'osm_id': 355087587, 'osm_type': 'yes'}",chennai_bld_001193,3,3,100.0,0.9444306691487631,-1.4765138626098633,-2.4209445317586265,-3.0602643489837646,2.795262366503013,-12.70751698811849,-13.712727864583334,-1.0052111943562825,-1.7239923477172852,2.0317825555023425
"{'osm_id': 355087591, 'osm_type': 'yes'}",chennai_bld_001194,4,4,100.0,-2.6239447593688965,-3.4392940998077393,-0.8153492212295532,-1.026139736175537,2.360580659744004,-11.448711395263672,-12.315597534179688,-0.8668863773345947,-0.8959259986877441,1.5245865014695503
"{'osm_id': 355087593, 'osm_type': 'yes'}",chennai_bld_001195,2,2,100.0,-2.5870795249938965,-4.769484519958496,-2.1824049949645996,-2.1824049949645996,3.7724663019180316,-10.883489608764648,-10.421455383300781,0.4620342254638672,0.4620342254638672,0.5235567092895508
"{'osm_id': 355087597, 'osm_type': 'yes'}",chennai_bld_001196,6,6,100.0,6.514907201131185,3.919399897257487,-2.5955076217651367,-2.362071990966797,2.06800164807939,-15.19409434000651,-17.14734141031901,-1.9532480239868164,-2.8840694427490234,4.447178910454121
"{'osm_id': 355087605, 'osm_type': 'yes'}",chennai_bld_001197,6,6,100.0,-2.0288194020589194,-4.210402488708496,-2.181582768758138,-1.7965575456619263,1.852291177173531,-12.531705220540365,-13.83697255452474,-1.3052660624186199,-1.4292807579040527,1.946976149627889
"{'osm_id': 355087612, 'osm_type': 'yes'}",chennai_bld_001198,2,2,100.0,-2.673013210296631,-3.653897285461426,-0.9808840751647949,-0.9808840751647949,3.940835952758789,-9.884343147277832,-9.239583969116211,0.6447587013244629,0.6447587013244629,2.2712998390197754
"{'osm_id': 355087616, 'osm_type': 'yes'}",chennai_bld_001199,2,2,100.0,-3.527090311050415,-3.0487260818481445,0.47836434841156006,0.47836434841156006,0.45812690258026123,-15.133956909179688,-11.705334663391113,3.4286227226257324,3.4286227226257324,2.714634418487549
"{'osm_id': 355087622, 'osm_type': 'yes'}",chennai_bld_001200,2,2,100.0,0.22825397551059723,-2.416229486465454,-2.6444835662841797,-2.6444835662841797,0.42580318450927734,-9.990220069885254,-10.759984970092773,-0.7697644233703613,-0.7697644233703613,0.9690060615539551
"{'osm_id': 355087624, 'osm_type': 'yes'}",chennai_bld_001201,4,4,100.0,-0.9363700151443481,-2.133566379547119,-1.1971964836120605,0.03725713491439819,3.607425756706653,-10.292998313903809,-11.478784561157227,-1.185786485671997,-1.0183663368225098,1.4448712906249512
"{'osm_id': 355087636, 'osm_type': 'yes'}",chennai_bld_001202,9,9,100.0,11.17521752251519,7.705471462673611,-3.4697462717692056,-1.132498025894165,6.568614453525351,-10.273459540473091,-13.036778767903646,-2.763319651285807,-1.8814611434936523,3.0225495065743146
"{'osm_id': 355087641, 'osm_type': 'yes'}",chennai_bld_001203,3,3,100.0,-2.595346450805664,-3.7203540802001953,-1.1250077088673909,-0.32605743408203125,1.554311503231706,-8.694680531819662,-8.849995930989584,-0.15531587600708008,1.0992403030395508,1.852783022378093
"{'osm_id': 355087644, 'osm_type': 'yes'}",chennai_bld_001204,4,4,100.0,-2.363746166229248,-6.332681655883789,-3.968935489654541,-3.121847152709961,5.210381879520576,-12.104202270507812,-15.37617015838623,-3.2719690799713135,-3.0694165229797363,1.981833046362514
"{'osm_id': 355087645, 'osm_type': 'yes'}",chennai_bld_001205,4,4,100.0,1.9203894138336182,2.440293550491333,0.5199036598205566,0.22514748573303223,2.5307668913753627,-13.37417221069336,-13.041379928588867,0.3327922821044922,0.3453097343444824,1.6919307671583543
"{'osm_id': 355087649, 'osm_type': 'yes'}",chennai_bld_001206,1,1,100.0,1.6252613067626953,0.6911882162094116,-0.9340730905532837,-0.9340730905532837,0.0,-17.474008560180664,-15.915159225463867,1.5588493347167969,1.5588493347167969,0.0
"{'osm_id': 355087653, 'osm_type': 'yes'}",chennai_bld_001207,4,4,100.0,-4.651166915893555,-4.838611602783203,-0.187444806098938,-0.90773606300354,3.395886060933366,-14.381811141967773,-14.238110542297363,0.14370059967041016,-1.191976547241211,3.723540226261143
"{'osm_id': 355087655, 'osm_type': 'yes'}",chennai_bld_001208,2,2,100.0,-3.191103935241699,-4.982340335845947,-1.791236400604248,-1.791236400604248,1.1877565383911133,-14.876622200012207,-13.60594367980957,1.2706785202026367,1.2706785202026367,0.006390571594238281
"{'osm_id': 355087659, 'osm_type': 'yes'}",chennai_bld_001209,4,4,100.0,4.315502166748047,2.9044060707092285,-1.4110965728759766,-1.3557348251342773,2.581805492569829,-12.119770050048828,-11.918737411499023,0.20103096961975098,0.4998650550842285,1.9437225345155438
"{'osm_id': 355087662, 'osm_type': 'yes'}",chennai_bld_001210,4,4,100.0,-0.9923093318939209,-2.715933084487915,-1.7236238718032837,-2.4562387466430664,1.9692620612345535,-11.255152702331543,-11.380260467529297,-0.1251087188720703,0.3728647232055664,2.7658337297260323
"{'osm_id': 355087672, 'osm_type': 'yes'}",chennai_bld_001211,2,2,100.0,2.6472702026367188,-2.175718069076538,-4.822988510131836,-4.822988510131836,3.124210417270661,-9.918374061584473,-10.460708618164062,-0.5423345565795898,-0.5423345565795898,0.3733968734741211
"{'osm_id': 355087679, 'osm_type': 'yes'}",chennai_bld_001212,4,4,100.0,3.3137874603271484,2.5594868659973145,-0.754300594329834,0.08459484577178955,2.9945406277010744,-14.199703216552734,-13.306449890136719,0.8932540416717529,1.098332405090332,2.6961825431784683
"{'osm_id': 355087695, 'osm_type': 'yes'}",chennai_bld_001213,2,2,100.0,-4.503505706787109,-4.517357349395752,-0.013851404190063477,-0.013851404190063477,0.9677293300628662,-13.16673469543457,-11.175609588623047,1.9911251068115234,1.9911251068115234,1.1039085388183594
"{'osm_id': 355087698, 'osm_type': 'yes'}",chennai_bld_001214,2,2,100.0,-0.38557279109954834,-2.8957316875457764,-2.5101587772369385,-2.5101587772369385,2.5303962230682373,-6.6617751121521,-7.555923938751221,-0.8941488265991211,-0.8941488265991211,1.6081371307373047
"{'osm_id': 355087715, 'osm_type': 'yes'}",chennai_bld_001215,2,2,100.0,5.450995922088623,2.6894469261169434,-2.7615489959716797,-2.7615489959716797,2.2518739700317383,-13.488348960876465,-17.40082550048828,-3.9124765396118164,-3.9124765396118164,1.7494077682495117
"{'osm_id': 355087719, 'osm_type': 'yes'}",chennai_bld_001216,4,4,100.0,0.014927804470062256,-2.106790542602539,-2.121718645095825,-2.270003318786621,1.1487945832326771,-12.653572082519531,-10.209991455078125,2.4435811042785645,3.2241435050964355,2.952157346856922
"{'osm_id': 355087733, 'osm_type': 'yes'}",chennai_bld_001217,2,2,100.0,-4.695060729980469,-4.79899787902832,-0.10393750667572021,-0.10393750667572021,0.8776432275772095,-10.676900863647461,-11.145730972290039,-0.46883058547973633,-0.46883058547973633,3.563864231109619
"{'osm_id': 355087742, 'osm_type': 'yes'}",chennai_bld_001218,5,5,100.0,-4.209171295166016,-5.975813674926758,-1.7666423797607422,-1.7003846168518066,2.0834579594982077,-14.17004852294922,-12.878028869628906,1.2920190811157226,0.7866687774658203,2.9129049810977117
"{'osm_id': 355087748, 'osm_type': 'yes'}",chennai_bld_001219,5,5,100.0,-1.8444147109985352,-4.022772979736328,-2.178358459472656,-2.4978747367858887,1.9460018891618989,-9.767543029785156,-9.433553314208984,0.33398942947387694,0.06521129608154297,2.3568602013965476
"{'osm_id': 355087753, 'osm_type': 'yes'}",chennai_bld_001220,8,8,100.0,-2.6105189323425293,-4.1948652267456055,-1.5843459367752075,-1.1385884284973145,2.2179861489471646,-10.077350616455078,-10.688545227050781,-0.6111944913864136,-0.7650518417358398,1.501658658737731
"{'osm_id': 355087757, 'osm_type': 'yes'}",chennai_bld_001221,2,2,100.0,8.368133544921875,2.3632829189300537,-6.004850387573242,-6.004850387573242,0.050872564316354583,-13.977348327636719,-14.914737701416016,-0.9373893737792969,-0.9373893737792969,1.9275627136230469
"{'osm_id': 355087760, 'osm_type': 'yes'}",chennai_bld_001222,1,1,100.0,-4.830584526062012,-3.8940932750701904,0.9364912509918213,0.9364912509918213,0.0,-19.57271957397461,-13.429462432861328,6.143257141113281,6.143257141113281,0.0
"{'osm_id': 355087805, 'osm_type': 'yes'}",chennai_bld_001223,4,4,100.0,-4.0557637214660645,-4.599392890930176,-0.5436292290687561,-0.4044160842895508,1.2350572804619244,-12.444021224975586,-11.675688743591309,0.7683327198028564,0.5523228645324707,1.526514183211709
"{'osm_id': 355087815, 'osm_type': 'yes'}",chennai_bld_001224,3,3,100.0,-2.598295211791992,-5.421616872151692,-2.8233216603597007,-2.9789929389953613,1.971861252972033,-16.010121663411457,-14.894157409667969,1.115963617960612,1.2642879486083984,2.9820478147113723
"{'osm_id': 355087830, 'osm_type': 'yes'}",chennai_bld_001225,2,2,100.0,-0.08157987892627716,-3.023954391479492,-2.9423742294311523,-2.9423742294311523,0.6297053098678702,-12.684173583984375,-11.216415405273438,1.467757225036621,1.467757225036621,1.7076187133789062
"{'osm_id': 355087837, 'osm_type': 'yes'}",chennai_bld_001226,3,3,100.0,5.155068715413411,4.420265515645345,-0.7348031997680664,0.7038383483886719,2.035086384046891,-11.71389389038086,-13.924702962239584,-2.2108081181844077,-2.1048803329467773,1.7547656942591956
"{'osm_id': 355087845, 'osm_type': 'yes'}",chennai_bld_001227,4,4,100.0,5.516815662384033,3.899456024169922,-1.6173596382141113,-1.2442924976348877,1.2260836353138007,-12.467193603515625,-12.007694244384766,0.4595005512237549,-0.3502840995788574,1.961071241249414
"{'osm_id': 355087865, 'osm_type': 'yes'}",chennai_bld_001228,4,4,100.0,0.008373022079467773,-1.8285694122314453,-1.8369423151016235,-1.2940276861190796,2.167500844823915,-6.466536521911621,-7.479005336761475,-1.0124695301055908,-1.088737964630127,1.5383232317753304
"{'osm_id': 355087872, 'osm_type': 'yes'}",chennai_bld_001229,5,5,100.0,-2.638621139526367,-4.207101821899414,-1.5684810638427735,-1.6217172145843506,2.112575704529281,-11.546681976318359,-13.055270385742187,-1.5085878372192383,-1.6265411376953125,4.010224646339389
"{'osm_id': 355087889, 'osm_type': 'yes'}",chennai_bld_001230,3,3,100.0,-1.3428581555684407,-3.510706583658854,-2.167848587036133,-2.1383941173553467,4.967927326659035,-11.711461385091146,-14.754791259765625,-3.0433289210001626,-3.567408561706543,2.453387277858004
"{'osm_id': 355087892, 'osm_type': 'yes'}",chennai_bld_001231,4,4,100.0,-0.12429402768611908,0.2599324584007263,0.3842265009880066,0.7268005609512329,1.443447085159613,-8.661386489868164,-9.663029670715332,-1.001643419265747,-0.6500802040100098,1.2891838572785428
"{'osm_id': 355087901, 'osm_type': 'yes'}",chennai_bld_001232,5,5,100.0,0.933352279663086,-3.477384567260742,-4.410736846923828,-3.8549070358276367,3.3503887103543715,-16.23935546875,-18.225714111328124,-1.986356544494629,-1.535165786743164,3.5945679609007906
"{'osm_id': 355087908, 'osm_type': 'yes'}",chennai_bld_001233,6,6,100.0,4.468257904052734,1.4174628257751465,-3.050795237223307,-3.0041441917419434,2.714840605609339,-11.562146504720053,-13.319375356038412,-1.7572282155354817,-0.8475980758666992,1.900783285527574
"{'osm_id': 355087915, 'osm_type': 'yes'}",chennai_bld_001234,5,5,100.0,1.3068699836730957,1.3628573417663574,0.05598735809326172,2.44077730178833,3.5592358230841614,-10.048704528808594,-12.945877075195312,-2.897171401977539,-1.591090202331543,2.3117992380769623
"{'osm_id': 355087918, 'osm_type': 'yes'}",chennai_bld_001235,2,2,100.0,-6.6383819580078125,-6.019499778747559,0.6188821792602539,0.6188821792602539,0.8746304512023926,-13.093467712402344,-14.466811180114746,-1.3733429908752441,-1.3733429908752441,1.7004847526550293
"{'osm_id': 355087936, 'osm_type': 'yes'}",chennai_bld_001236,3,3,100.0,-0.7771921952565511,-2.07502015431722,-1.297827959060669,-1.8303501605987549,1.68090185893178,-13.053887685139975,-15.343711853027344,-2.2898244857788086,-2.246917724609375,0.6871413624324793
"{'osm_id': 355087954, 'osm_type': 'yes'}",chennai_bld_001237,4,4,100.0,-6.826886177062988,-6.397133827209473,0.42975181341171265,0.10700011253356934,2.8868627489392,-14.355406761169434,-13.917720794677734,0.4376852512359619,-0.6040072441101074,3.4753628139527715
"{'osm_id': 355087959, 'osm_type': 'yes'}",chennai_bld_001238,3,3,100.0,-0.7892962296803793,-0.9276729424794515,-0.1383767326672872,0.5790458917617798,1.1045603181634547,-10.026517232259115,-11.626021067301432,-1.5995041529337566,-2.1048803329467773,1.025979626225586
"{'osm_id': 355087962, 'osm_type': 'yes'}",chennai_bld_001239,2,2,100.0,-1.903038740158081,-2.407912015914917,-0.5048733949661255,-0.5048733949661255,2.094934821128845,-9.826131820678711,-11.544105529785156,-1.7179746627807617,-1.7179746627807617,2.7035655975341797
"{'osm_id': 355087980, 'osm_type': 'yes'}",chennai_bld_001240,1,1,100.0,2.1469411849975586,-0.4613516926765442,-2.608292818069458,-2.608292818069458,0.0,-1.577704906463623,-4.164095401763916,-2.586390495300293,-2.586390495300293,0.0
"{'osm_id': 355087990, 'osm_type': 'yes'}",chennai_bld_001241,2,2,100.0,-3.7722792625427246,-3.5838143825531006,0.18846487998962402,0.18846487998962402,2.77148699760437,-12.302286148071289,-9.068382263183594,3.2339048385620117,3.2339048385620117,0.31784629821777344
"{'osm_id': 355087994, 'osm_type': 'yes'}",chennai_bld_001242,4,4,100.0,-1.33042573928833,-3.3569469451904297,-2.0265214443206787,-2.3184428215026855,1.5151754939977518,-13.98239517211914,-11.950967788696289,2.031426429748535,0.04993438720703125,4.276836366763043
"{'osm_id': 355088001, 'osm_type': 'yes'}",chennai_bld_001243,2,2,100.0,-3.4649059772491455,-4.250129699707031,-0.7852237224578857,-0.7852237224578857,1.6129229068756104,-9.962959289550781,-12.284149169921875,-2.321190357208252,-2.321190357208252,1.4945406913757324
"{'osm_id': 355088013, 'osm_type': 'yes'}",chennai_bld_001244,4,4,100.0,9.814346313476562,6.544584274291992,-3.269761800765991,-3.9197168350219727,1.708115441964427,-13.532469749450684,-11.453402519226074,2.0790672302246094,3.0329384803771973,3.8863069758018685
"{'osm_id': 355088021, 'osm_type': 'yes'}",chennai_bld_001245,2,2,100.0,0.3717796206474304,-0.15890765190124512,-0.5306873321533203,-0.5306873321533203,2.5395994186401367,-13.953685760498047,-10.504471778869629,3.4492135047912598,3.4492135047912598,3.249971866607666
"{'osm_id': 355088023, 'osm_type': 'yes'}",chennai_bld_001246,2,2,100.0,-0.06266701221466064,-0.02101460099220276,0.04165244102478027,0.04165244102478027,1.920684814453125,-9.129637718200684,-10.482844352722168,-1.3532066345214844,-1.3532066345214844,1.7100133895874023
"{'osm_id': 355088033, 'osm_type': 'yes'}",chennai_bld_001247,4,4,100.0,-1.8465924263000488,-2.351623058319092,-0.5050303936004639,0.06037914752960205,3.2942417666700083,-13.661436080932617,-15.57563304901123,-1.9141969680786133,-2.099872589111328,2.240686846412176
"{'osm_id': 355088045, 'osm_type': 'yes'}",chennai_bld_001248,2,2,100.0,-5.175102233886719,-2.251664876937866,2.9234373569488525,2.9234373569488525,3.928532838821411,-11.95855712890625,-11.37302017211914,0.5855369567871094,0.5855369567871094,3.265352249145508
"{'osm_id': 355088048, 'osm_type': 'yes'}",chennai_bld_001249,4,4,100.0,-5.523686408996582,-3.503140687942505,2.020545721054077,2.143123149871826,2.3706695075651356,-13.225692749023438,-13.241082191467285,-0.01538991928100586,1.351088523864746,2.7572825476415015
"{'osm_id': 355088068, 'osm_type': 'yes'}",chennai_bld_001250,2,2,100.0,-1.858505129814148,-6.674529075622559,-4.816023826599121,-4.816023826599121,6.078771352767949,-12.050665855407715,-13.912799835205078,-1.8621344566345215,-1.8621344566345215,1.175489902496338
"{'osm_id': 355088082, 'osm_type': 'yes'}",chennai_bld_001251,3,3,100.0,-3.2397327423095703,-3.9874966939290366,-0.7477639516194662,-3.3089847564697266,3.7576889300253358,-15.210962931315104,-13.99475351969401,1.2162100474039714,0.6599836349487305,3.7262889975866766
"{'osm_id': 355088085, 'osm_type': 'yes'}",chennai_bld_001252,1,1,100.0,1.4524505138397217,-3.588104724884033,-5.040555000305176,-5.040555000305176,0.0,-2.628355026245117,-5.130640983581543,-2.502285957336426,-2.502285957336426,0.0
"{'osm_id': 355088088, 'osm_type': 'yes'}",chennai_bld_001253,4,4,100.0,-1.3047045469284058,-3.5309085845947266,-2.2262041568756104,-2.270003318786621,2.6680666320492796,-11.268372535705566,-10.834283828735352,0.43408918380737305,0.4620342254638672,1.9930276239921514
"{'osm_id': 355088120, 'osm_type': 'yes'}",chennai_bld_001254,3,3,100.0,-3.3147366841634116,-3.536078770955404,-0.221342404683431,-0.32605743408203125,2.5558389651330677,-9.62013308207194,-9.206624348958334,0.41350889205932617,1.0992403030395508,2.3733322862594615
"{'osm_id': 355088123, 'osm_type': 'yes'}",chennai_bld_001255,2,2,100.0,-2.1173694133758545,-1.6886522769927979,0.42871713638305664,0.42871713638305664,2.205836296081543,-11.817599296569824,-11.209402084350586,0.6081972122192383,0.6081972122192383,0.41329097747802734
"{'osm_id': 355088132, 'osm_type': 'yes'}",chennai_bld_001256,3,3,100.0,5.945974985758464,4.376881917317708,-1.5690927505493164,-1.596232295036316,1.2839933751740968,-15.183817545572916,-15.376124064127604,-0.19230779012044272,-2.204305648803711,3.8469746727564305
"{'osm_id': 355088141, 'osm_type': 'yes'}",chennai_bld_001257,4,4,100.0,1.2937471866607666,-1.3032922744750977,-2.5970396995544434,-2.549595594406128,0.312454314815633,-9.544516563415527,-10.496814727783203,-0.952298641204834,-1.1348328590393066,0.7959110446294244
"{'osm_id': 355088144, 'osm_type': 'yes'}",chennai_bld_001258,2,2,100.0,-1.0040173530578613,-3.322460174560547,-2.3184428215026855,-2.3184428215026855,0.8312222957611084,-12.040181159973145,-12.139373779296875,-0.09919309616088867,-0.09919309616088867,1.1530699729919434
"{'osm_id': 355088154, 'osm_type': 'yes'}",chennai_bld_001259,2,2,100.0,-3.522576332092285,-5.173148155212402,-1.6505717039108276,-1.6505717039108276,0.668990969657898,-12.325162887573242,-10.668931007385254,1.65623140335083,1.65623140335083,1.4388022422790527
"{'osm_id': 355088158, 'osm_type': 'yes'}",chennai_bld_001260,2,2,100.0,-2.814777374267578,-4.854482650756836,-2.0397047996520996,-2.0397047996520996,2.1125363111496007,-12.810803413391113,-16.188499450683594,-3.377696990966797,-3.377696990966797,1.423020362854004
"{'osm_id': 355088162, 'osm_type': 'yes'}",chennai_bld_001261,5,5,100.0,6.903617095947266,0.5968160152435302,-6.306800842285156,-4.206813335418701,3.2801648828666172,-13.545341491699219,-14.682609558105469,-1.1372682571411132,-1.6458005905151367,2.0471026002581816
"{'osm_id': 355088174, 'osm_type': 'yes'}",chennai_bld_001262,4,4,100.0,-6.64672327041626,-3.2803661823272705,3.3663573265075684,4.221246719360352,3.190711823169199,-13.960884094238281,-13.817665100097656,0.1432185173034668,0.5852985382080078,3.0575424472962265
"{'osm_id': 355088180, 'osm_type': 'yes'}",chennai_bld_001263,6,6,100.0,-2.351495107014974,-4.524004618326823,-2.172509511311849,-0.7852237224578857,3.598464279521197,-11.299105326334635,-13.652823130289713,-2.353717803955078,-2.6440987586975098,2.5790487933068964
"{'osm_id': 355088192, 'osm_type': 'yes'}",chennai_bld_001264,7,7,100.0,-4.7596860613141745,-5.292415073939732,-0.5327292510441372,-1.0516395568847656,2.738335073277416,-14.090751647949219,-13.620274135044642,0.47047724042619976,0.6599836349487305,2.7120176396315534
"{'osm_id': 355088196, 'osm_type': 'yes'}",chennai_bld_001265,3,3,100.0,-1.6981534957885742,-4.614774068196614,-2.9166205724080405,-2.7728188037872314,1.7732663373570947,-13.929781595865885,-15.02315902709961,-1.0933767954508464,-1.1772336959838867,1.272453891255981
"{'osm_id': 355088203, 'osm_type': 'yes'}",chennai_bld_001266,6,6,100.0,4.854415575663249,5.317770640055339,0.4633551438649495,-0.13552361726760864,3.6160780898436573,-10.971809387207031,-12.742936452229818,-1.7711289723714192,-1.4016728401184082,1.1509184781272792
"{'osm_id': 355088206, 'osm_type': 'yes'}",chennai_bld_001267,2,2,100.0,-0.02232956886291504,-2.292332649230957,-2.270003318786621,-2.270003318786621,0.042665839195418,-11.653255462646484,-11.247112274169922,0.4061441421508789,0.4061441421508789,2.7692317962646484
"{'osm_id': 355088209, 'osm_type': 'yes'}",chennai_bld_001268,4,4,100.0,-2.7057743072509766,-5.280395984649658,-2.5746216773986816,-4.10982084274292,3.268627202283088,-9.665194511413574,-10.0202054977417,-0.35501086711883545,-0.7806649208068848,2.141758373000823
"{'osm_id': 355088212, 'osm_type': 'yes'}",chennai_bld_001269,6,6,100.0,6.5703074137369795,4.343796412150065,-2.226510842641195,-3.2873830795288086,3.163945492876912,-14.233268737792969,-13.757436116536459,0.4758327802022298,0.9121494293212891,2.3474827602855424
"{'osm_id': 355088217, 'osm_type': 'yes'}",chennai_bld_001270,2,2,100.0,5.363729476928711,5.956413269042969,0.5926836729049683,0.5926836729049683,1.7006245851516724,-16.284366607666016,-13.85203742980957,2.432328701019287,2.432328701019287,1.999143123626709
"{'osm_id': 355088249, 'osm_type': 'yes'}",chennai_bld_001271,2,2,100.0,-3.5243844985961914,-2.1209826469421387,1.4034017324447632,1.4034017324447632,0.44952380657196045,-10.806964874267578,-12.533561706542969,-1.7265973091125488,-1.7265973091125488,2.613813877105713
"{'osm_id': 355088255, 'osm_type': 'yes'}",chennai_bld_001272,3,3,100.0,3.6177403132120767,1.2979129155476887,-2.319827397664388,-2.39288330078125,0.5633613797340683,-13.535542805989584,-15.593556722005209,-2.058013916015625,-2.204305648803711,1.5814314662121576
"{'osm_id': 355088258, 'osm_type': 'yes'}",chennai_bld_001273,2,2,100.0,3.3398125171661377,2.0463953018188477,-1.2934174537658691,-1.2934174537658691,0.4053606390953108,-11.301431655883789,-13.513740539550781,-2.212308883666992,-2.212308883666992,2.0433712005615234
"{'osm_id': 355088266, 'osm_type': 'yes'}",chennai_bld_001274,2,2,100.0,3.6476707458496094,1.4887142181396484,-2.158956527709961,-2.158956527709961,1.270899772644043,-14.292255401611328,-14.237497329711914,0.05475759506225586,0.05475759506225586,4.3104376792907715
"{'osm_id': 355088272, 'osm_type': 'yes'}",chennai_bld_001275,6,6,100.0,2.61985190709432,-1.7417612075805664,-4.3616132736206055,-3.4126367568969727,2.9392481329856786,-14.734151204427084,-17.42240269978841,-2.688251495361328,-3.0609378814697266,3.0658000394649516
"{'osm_id': 355088274, 'osm_type': 'yes'}",chennai_bld_001276,2,2,100.0,-0.6291289329528809,-5.634721755981445,-5.005592346191406,-5.005592346191406,0.03496265411376953,-6.851739406585693,-8.329631805419922,-1.4778928756713867,-1.4778928756713867,1.024393081665039
"{'osm_id': 355088278, 'osm_type': 'yes'}",chennai_bld_001277,4,4,100.0,-2.870567560195923,-5.71347713470459,-2.842909336090088,-2.911390542984009,3.5881957104596482,-11.962065696716309,-12.65507984161377,-0.6930150985717773,-0.7287874221801758,1.7221854918288584
"{'osm_id': 355088280, 'osm_type': 'yes'}",chennai_bld_001278,4,4,100.0,-5.284974098205566,-5.155718803405762,0.12925571203231812,-1.1452572345733643,2.3057423463204882,-11.523674011230469,-11.432955741882324,0.09071815013885498,-0.09373807907104492,1.9996575469571838
"{'osm_id': 355088289, 'osm_type': 'yes'}",chennai_bld_001279,6,6,100.0,-1.6877436637878418,-3.748318354288737,-2.060574690500895,-2.4046716690063477,1.9845948156389992,-14.532005310058594,-15.118935902913412,-0.5869304339090983,-1.8587217330932617,2.75358572818942
"{'osm_id': 355088293, 'osm_type': 'yes'}",chennai_bld_001280,4,4,100.0,-2.222212314605713,-4.956809997558594,-2.73459792137146,-3.2350640296936035,1.4830609850236272,-11.371011734008789,-11.558479309082031,-0.18746685981750488,-0.20031070709228516,1.1147757096627706
"{'osm_id': 355088298, 'osm_type': 'yes'}",chennai_bld_001281,2,2,100.0,-2.7385356426239014,-6.906894683837891,-4.16835880279541,-4.16835880279541,0.870437383651766,-9.446045875549316,-10.800827026367188,-1.3547804355621338,-1.3547804355621338,1.4199917316436768
"{'osm_id': 355088300, 'osm_type': 'yes'}",chennai_bld_001282,3,3,100.0,10.698903401692709,6.642945607503255,-4.055957794189453,-6.055723190307617,3.0736115204636394,-14.874764760335287,-14.26346206665039,0.6113020579020182,0.4967460632324219,2.8862538245968765
"{'osm_id': 355088304, 'osm_type': 'yes'}",chennai_bld_001283,2,2,100.0,1.000579595565796,1.4266228675842285,0.4260432720184326,0.4260432720184326,0.7940471172332764,-9.092662811279297,-9.845232963562012,-0.752570629119873,-0.752570629119873,0.4931960105895996
"{'osm_id': 355088308, 'osm_type': 'yes'}",chennai_bld_001284,4,4,100.0,3.124819278717041,2.1601624488830566,-0.9646568894386292,-0.7218740582466125,2.7063280912379035,-13.89698600769043,-16.467140197753906,-2.570155143737793,-3.0887928009033203,2.6860457555666133
"{'osm_id': 355088321, 'osm_type': 'yes'}",chennai_bld_001285,4,4,100.0,-3.5503768920898438,-4.430527210235596,-0.8801501989364624,-1.2022805213928223,1.7687438329126857,-13.159599304199219,-12.360540390014648,0.7990584373474121,-0.20122909545898438,3.6151611626206224
"{'osm_id': 355088325, 'osm_type': 'yes'}",chennai_bld_001286,2,2,100.0,5.383586883544922,3.4496541023254395,-1.9339327812194824,-1.9339327812194824,2.6377711296081543,-12.545612335205078,-18.90615463256836,-6.3605427742004395,-6.3605427742004395,1.9495892524719238
"{'osm_id': 355088329, 'osm_type': 'yes'}",chennai_bld_001287,3,3,100.0,11.728398640950521,7.078152974446614,-4.650245984395345,-4.72439432144165,1.1790044512950344,-13.344853719075521,-12.277879079182943,1.0669749577840169,2.824395179748535,2.7855015137599017
"{'osm_id': 355088333, 'osm_type': 'yes'}",chennai_bld_001288,4,4,100.0,1.0492709875106812,-3.5948963165283203,-4.644166946411133,-3.5626425743103027,3.743805564187716,-15.155899047851562,-17.423709869384766,-2.2678096294403076,-2.897278308868408,2.5367142011328196
"{'osm_id': 355088335, 'osm_type': 'yes'}",chennai_bld_001289,6,6,100.0,-2.5549440383911133,-1.539796511332194,1.0151476860046387,0.6192750930786133,2.967929285935717,-10.335772832234701,-9.119822184244791,1.2159500122070312,-1.1075420379638672,4.097568153259501
"{'osm_id': 355094969, 'osm_type': 'yes'}",chennai_bld_001290,3,3,100.0,-7.585442860921224,-7.777312596638997,-0.19186973571777344,0.7423360347747803,3.3526596735446526,-11.63259506225586,-10.776158650716146,0.8564360936482748,0.6735057830810547,0.4279835631732752
"{'osm_id': 355094971, 'osm_type': 'yes'}",chennai_bld_001291,1,1,100.0,-2.9884910583496094,-2.901801586151123,0.08668947219848633,0.08668947219848633,0.0,-14.885889053344727,-12.591465950012207,2.2944231033325195,2.2944231033325195,0.0
"{'osm_id': 355094972, 'osm_type': 'yes'}",chennai_bld_001292,4,4,100.0,-0.8056419491767883,-2.1373391151428223,-1.3316972255706787,-2.2261404991149902,3.111229768201025,-12.225735664367676,-13.215618133544922,-0.9898812770843506,0.254608154296875,3.0685210421886437
"{'osm_id': 355094973, 'osm_type': 'yes'}",chennai_bld_001293,2,2,100.0,0.6343756914138794,-1.8989671468734741,-2.5333428382873535,-2.5333428382873535,0.34273242950439453,-8.140815734863281,-11.346592903137207,-3.205777168273926,-3.205777168273926,1.5975704193115234
"{'osm_id': 355094974, 'osm_type': 'yes'}",chennai_bld_001294,4,4,100.0,-0.8711358308792114,-2.2457308769226074,-1.3745949268341064,-1.426153540611267,2.1929395443734547,-8.511374473571777,-11.606195449829102,-3.0948214530944824,-2.3608360290527344,1.40520082491393
"{'osm_id': 355094975, 'osm_type': 'yes'}",chennai_bld_001295,3,3,100.0,4.557960192362468,1.9421780904134114,-2.6157819430033364,-2.356938600540161,0.9896484230855317,-13.346665700276693,-10.873641967773438,2.473024368286133,2.197787284851074,0.977880193306794
"{'osm_id': 355094976, 'osm_type': 'yes'}",chennai_bld_001296,4,4,100.0,-1.2239210605621338,0.38276398181915283,1.606684923171997,1.6212645769119263,0.49351057368736495,-11.118003845214844,-17.347339630126953,-6.229336738586426,-6.695888519287109,3.1552348962427375
"{'osm_id': 355094977, 'osm_type': 'yes'}",chennai_bld_001297,2,2,100.0,-2.5383706092834473,-7.26364278793335,-4.725272178649902,-4.725272178649902,2.4236340522766113,-11.775300979614258,-11.194293975830078,0.5810074806213379,0.5810074806213379,1.9826979637145996
"{'osm_id': 355094978, 'osm_type': 'yes'}",chennai_bld_001298,4,4,100.0,-4.39842414855957,-4.730396270751953,-0.3319723606109619,-1.6162164211273193,3.7697445961268614,-12.769655227661133,-13.167503356933594,-0.39784789085388184,-0.5100817680358887,1.4628743872236043
"{'osm_id': 355094979, 'osm_type': 'yes'}",chennai_bld_001299,6,6,100.0,-3.5854269663492837,-4.254336039225261,-0.6689088344573975,-0.46462661027908325,1.7859544525360562,-12.512371063232422,-11.400981903076172,1.111389954884847,1.007133960723877,1.1175690920062913
"{'osm_id': 355094980, 'osm_type': 'yes'}",chennai_bld_001300,2,2,100.0,10.36526870727539,11.53818130493164,1.17291259765625,1.17291259765625,6.909704208374023,-8.753440856933594,-10.574603080749512,-1.821162223815918,-1.821162223815918,1.0982542037963867
"{'osm_id': 355094981, 'osm_type': 'yes'}",chennai_bld_001301,2,2,100.0,-2.0721776485443115,-4.497180938720703,-2.4250035285949707,-2.4250035285949707,3.096997141838076,-14.204097747802734,-15.53302001953125,-1.3289217948913574,-1.3289217948913574,3.2796902656555176
"{'osm_id': 355094982, 'osm_type': 'yes'}",chennai_bld_001302,6,6,100.0,-0.8913506666819254,-1.5643933614095051,-0.6730428536732992,-0.25504302978515625,2.159411749775589,-11.823328653971354,-11.760515848795572,0.06281296412150066,1.2374112606048584,2.794520397115689
"{'osm_id': 355094984, 'osm_type': 'yes'}",chennai_bld_001303,4,4,100.0,4.790805816650391,5.505279541015625,0.7144739627838135,-1.081157922744751,4.388294159517887,-11.09210205078125,-11.796314239501953,-0.704211950302124,-0.4876828193664551,0.5732670219292748
"{'osm_id': 355094985, 'osm_type': 'yes'}",chennai_bld_001304,6,6,100.0,-2.5395005544026694,-2.081551710764567,0.4579487244288127,1.8422954082489014,3.4413904702783156,-12.668314615885416,-11.42343521118164,1.2448797225952148,0.9875702857971191,1.9259558289722276
"{'osm_id': 355094986, 'osm_type': 'yes'}",chennai_bld_001305,3,3,100.0,-3.167440414428711,-3.1635608673095703,0.0038796265920003257,-2.1882669925689697,4.181849827027523,-13.473700205485025,-14.480467478434244,-1.00676695505778,-1.007589340209961,1.4833080241339054
"{'osm_id': 355094987, 'osm_type': 'yes'}",chennai_bld_001306,4,4,100.0,-0.6072875261306763,-2.558539867401123,-1.9512523412704468,-1.9534270763397217,1.3083579629025281,-12.248552322387695,-13.449111938476562,-1.2005600929260254,-1.9191570281982422,1.7704356183112988
"{'osm_id': 355094988, 'osm_type': 'yes'}",chennai_bld_001307,1,1,100.0,13.939727783203125,9.0010986328125,-4.938629150390625,-4.938629150390625,0.0,-13.008112907409668,-15.52256965637207,-2.5144567489624023,-2.5144567489624023,0.0
"{'osm_id': 355094989, 'osm_type': 'yes'}",chennai_bld_001308,5,5,100.0,-3.2502983093261717,-4.94331169128418,-1.6930133819580078,-1.4735713005065918,1.622613957666908,-9.456704711914062,-9.636015319824219,-0.17931051254272462,0.07785701751708984,2.16874614523074
"{'osm_id': 355094990, 'osm_type': 'yes'}",chennai_bld_001309,2,2,100.0,4.845369815826416,4.7250165939331055,-0.12035298347473145,-0.12035298347473145,0.3864448070526123,-13.668889999389648,-13.91978645324707,-0.2508964538574219,-0.2508964538574219,0.08206844329833984
"{'osm_id': 355094991, 'osm_type': 'yes'}",chennai_bld_001310,1,1,100.0,-0.023689579218626022,-1.2373580932617188,-1.2136684656143188,-1.2136684656143188,0.0,-14.797948837280273,-15.330886840820312,-0.5329380035400391,-0.5329380035400391,0.0
"{'osm_id': 355094993, 'osm_type': 'yes'}",chennai_bld_001311,4,4,100.0,3.7477035522460938,0.7513999938964844,-2.9963035583496094,-3.226304769515991,2.702903322702596,-12.391576766967773,-13.289144515991211,-0.8975679874420166,-0.6615467071533203,1.3963893847576276
"{'osm_id': 355094994, 'osm_type': 'yes'}",chennai_bld_001312,3,3,100.0,-1.6295684178670247,-1.8389746348063152,-0.20940621693929037,1.2771306037902832,2.1923413989533698,-12.365548451741537,-12.255503336588541,0.1100459098815918,1.6105952262878418,2.2310757116505524
"{'osm_id': 355094995, 'osm_type': 'yes'}",chennai_bld_001313,2,2,100.0,1.3137085437774658,2.891720771789551,1.578012228012085,1.578012228012085,1.9031875133514404,-11.99496078491211,-10.810863494873047,1.1840972900390625,1.1840972900390625,0.3159666061401367
"{'osm_id': 355094997, 'osm_type': 'yes'}",chennai_bld_001314,4,4,100.0,-2.11926007270813,-2.739327907562256,-0.6200679540634155,-0.4729596972465515,3.037650331035116,-12.354850769042969,-12.777891159057617,-0.42303919792175293,-1.6634984016418457,2.490903885398956
"{'osm_id': 355094998, 'osm_type': 'yes'}",chennai_bld_001315,2,2,100.0,10.452692031860352,10.19195556640625,-0.26073598861694336,-0.26073598861694336,0.6573481559753418,-12.966639518737793,-14.097408294677734,-1.1307687759399414,-1.1307687759399414,2.1009674072265625
"{'osm_id': 355094999, 'osm_type': 'yes'}",chennai_bld_001316,2,2,100.0,-0.28469765186309814,-3.289834976196289,-3.0051374435424805,-3.0051374435424805,0.47847044467927513,-15.333078384399414,-14.46396541595459,0.8691129684448242,0.8691129684448242,0.6459970474243164
"{'osm_id': 355095000, 'osm_type': 'yes'}",chennai_bld_001317,1,1,100.0,-0.5524996519088745,-3.437945604324341,-2.885446071624756,-2.885446071624756,0.0,-8.643149375915527,-8.809955596923828,-0.16680622100830078,-0.16680622100830078,0.0
"{'osm_id': 355095001, 'osm_type': 'yes'}",chennai_bld_001318,1,1,100.0,-4.020739555358887,-2.6941051483154297,1.326634407043457,1.326634407043457,0.0,-9.747529029846191,-10.183553695678711,-0.43602466583251953,-0.43602466583251953,0.0
"{'osm_id': 355095003, 'osm_type': 'yes'}",chennai_bld_001319,4,4,100.0,-1.2046958208084106,-1.100717306137085,0.10397854447364807,0.43688058853149414,1.086613264068623,-13.401811599731445,-13.973074913024902,-0.5712642669677734,-0.40547609329223633,2.2974525511384294
"{'osm_id': 355095004, 'osm_type': 'yes'}",chennai_bld_001320,4,4,100.0,-2.702116012573242,-3.823857307434082,-1.121741533279419,-0.49879705905914307,1.4540581462768465,-10.153055191040039,-11.947206497192383,-1.7941511869430542,-2.186267852783203,0.7757591515249873
"{'osm_id': 355095005, 'osm_type': 'yes'}",chennai_bld_001321,2,2,100.0,8.407422065734863,6.667813777923584,-1.7396080493927002,-1.7396080493927002,0.3468310832977295,-13.898303985595703,-13.365580558776855,0.5327229499816895,0.5327229499816895,2.6139121055603027
"{'osm_id': 355095007, 'osm_type': 'yes'}",chennai_bld_001322,2,2,100.0,-3.1517176628112793,-0.09847056865692139,3.0532472133636475,3.0532472133636475,4.178632974624634,-11.951011657714844,-12.660354614257812,-0.709343433380127,-0.709343433380127,0.39896249771118164
"{'osm_id': 355095008, 'osm_type': 'yes'}",chennai_bld_001323,4,4,100.0,-2.895763874053955,-2.802797794342041,0.09296607971191406,0.5568673610687256,1.383645654496274,-9.820560455322266,-10.310070037841797,-0.48951029777526855,-0.32625389099121094,1.520752803158736
"{'osm_id': 355095009, 'osm_type': 'yes'}",chennai_bld_001324,3,3,100.0,6.491657257080078,7.1219221750895185,0.6302649180094401,0.666900634765625,1.7676619547361332,-12.89273452758789,-12.27294921875,0.6197856267293295,-0.8390779495239258,2.997059422122083
"{'osm_id': 355095010, 'osm_type': 'yes'}",chennai_bld_001325,2,2,100.0,-1.9296199083328247,-0.589236855506897,1.3403830528259277,1.3403830528259277,0.06325244903564453,-12.114873886108398,-10.427837371826172,1.6870372295379639,1.6870372295379639,0.07644200325012207
"{'osm_id': 355095011, 'osm_type': 'yes'}",chennai_bld_001326,4,4,100.0,1.065398931503296,2.16206693649292,1.096668004989624,0.7788325548171997,1.50226893909739,-9.189699172973633,-9.666851043701172,-0.4771507978439331,-0.3933887481689453,1.073812239323945
"{'osm_id': 355095013, 'osm_type': 'yes'}",chennai_bld_001327,2,2,100.0,-3.2311654090881348,-4.114851474761963,-0.8836860656738281,-0.8836860656738281,0.9943952560424805,-9.425792694091797,-10.539316177368164,-1.1135237216949463,-1.1135237216949463,1.2337009906768799
"{'osm_id': 355095014, 'osm_type': 'yes'}",chennai_bld_001328,2,2,100.0,5.507162570953369,0.8176366090774536,-4.689526081085205,-4.689526081085205,3.2576727867126465,-8.55109977722168,-10.022176742553711,-1.4710769653320312,-1.4710769653320312,0.5553455352783203
"{'osm_id': 355095015, 'osm_type': 'yes'}",chennai_bld_001329,4,4,100.0,-0.6977049708366394,-1.8402161598205566,-1.1425111293792725,-1.086055874824524,3.2396724757652264,-13.800745964050293,-14.51550579071045,-0.7147603034973145,0.11184453964233398,2.8352031104831537
"{'osm_id': 355095016, 'osm_type': 'yes'}",chennai_bld_001330,2,2,100.0,3.1219074726104736,1.1243007183074951,-1.997606635093689,-1.997606635093689,4.016451954841614,-11.113753318786621,-13.909524917602539,-2.795772075653076,-2.795772075653076,2.8002877235412598
"{'osm_id': 355095018, 'osm_type': 'yes'}",chennai_bld_001331,2,2,100.0,-2.3361563682556152,-2.946328639984131,-0.6101723313331604,-0.6101723313331604,0.8591282963752747,-11.64828109741211,-9.117958068847656,2.530323028564453,2.530323028564453,1.3207387924194336
"{'osm_id': 355095019, 'osm_type': 'yes'}",chennai_bld_001332,2,2,100.0,-0.33294886350631714,-0.48753994703292847,-0.15459105372428894,-0.15459105372428894,1.05907741189003,-13.376188278198242,-14.344377517700195,-0.9681892395019531,-0.9681892395019531,0.43525123596191406
"{'osm_id': 355095020, 'osm_type': 'yes'}",chennai_bld_001333,1,1,100.0,4.48126745223999,3.0380825996398926,-1.4431848526000977,-1.4431848526000977,0.0,-7.184269905090332,-7.727142333984375,-0.542872428894043,-0.542872428894043,0.0
"{'osm_id': 355095021, 'osm_type': 'yes'}",chennai_bld_001334,2,2,100.0,-1.8138179779052734,-3.5345427989959717,-1.7207248210906982,-1.7207248210906982,1.464458703994751,-12.122867584228516,-11.241111755371094,0.8817563056945801,0.8817563056945801,2.0639758110046387
"{'osm_id': 355095022, 'osm_type': 'yes'}",chennai_bld_001335,4,4,100.0,-0.3492637872695923,-2.4511451721191406,-2.101881504058838,-1.7407108545303345,2.6731604407594047,-10.624634742736816,-10.995418548583984,-0.37078309059143066,-0.11651611328125,2.061240101369579
"{'osm_id': 355095023, 'osm_type': 'yes'}",chennai_bld_001336,2,2,100.0,1.2922894954681396,0.5189672708511353,-0.7733222246170044,-0.7733222246170044,3.419650912284851,-10.622106552124023,-11.506061553955078,-0.8839545249938965,-0.8839545249938965,2.432694911956787
"{'osm_id': 355095024, 'osm_type': 'yes'}",chennai_bld_001337,2,2,100.0,-2.7083425521850586,-2.3097167015075684,0.39862579107284546,0.39862579107284546,0.26150840520858765,-12.326095581054688,-9.131861686706543,3.1942334175109863,3.1942334175109863,0.678703784942627
"{'osm_id': 355095025, 'osm_type': 'yes'}",chennai_bld_001338,4,4,100.0,-2.9014861583709717,-5.551935195922852,-2.650449275970459,-2.9296886920928955,0.5456279290924337,-10.486869812011719,-14.325995445251465,-3.839125394821167,-3.955021381378174,2.9328762898785317
"{'osm_id': 355095026, 'osm_type': 'yes'}",chennai_bld_001339,2,2,100.0,2.6967360973358154,1.0001219511032104,-1.696614146232605,-1.696614146232605,0.7555865049362183,-11.177284240722656,-12.0274658203125,-0.8501811027526855,-0.8501811027526855,1.0309090614318848
"{'osm_id': 355095027, 'osm_type': 'yes'}",chennai_bld_001340,4,4,100.0,3.237300157546997,2.985476016998291,-0.2518240213394165,0.7192437648773193,3.295586242494998,-14.088502883911133,-12.759475708007812,1.3290278911590576,0.8595242500305176,3.4225756621031733
"{'osm_id': 355095028, 'osm_type': 'yes'}",chennai_bld_001341,3,3,100.0,-4.247236251831055,-4.94479242960612,-0.6975561777750651,-0.46137428283691406,0.9190406824814064,-12.639661153157553,-11.799976348876953,0.839684804280599,1.9227380752563477,2.132483208823759
"{'osm_id': 355095029, 'osm_type': 'yes'}",chennai_bld_001342,4,4,100.0,2.6365718841552734,2.4470932483673096,-0.1894787847995758,0.1323588490486145,2.351992074337694,-12.152793884277344,-13.88602066040039,-1.7332284450531006,-1.1949348449707031,1.6243149517154707
"{'osm_id': 355095030, 'osm_type': 'yes'}",chennai_bld_001343,2,2,100.0,-2.9040818214416504,-4.204200267791748,-1.3001184463500977,-1.3001184463500977,1.7249699234962474,-14.497522354125977,-11.010320663452148,3.4872019290924072,3.4872019290924072,1.9826414585113525
"{'osm_id': 355095031, 'osm_type': 'yes'}",chennai_bld_001344,4,4,100.0,-1.6178677082061768,-4.1258721351623535,-2.508004665374756,-2.653223991394043,1.5484147033063278,-11.534747123718262,-11.040328025817871,0.4944188594818115,0.3649744987487793,2.1096173620662206
"{'osm_id': 355095032, 'osm_type': 'yes'}",chennai_bld_001345,4,4,100.0,-2.166139602661133,-3.80607533454895,-1.6399357318878174,-2.1839747428894043,1.6228675799601215,-10.497430801391602,-11.850592613220215,-1.3531625270843506,-1.4856157302856445,1.3200080559777967
"{'osm_id': 355095033, 'osm_type': 'yes'}",chennai_bld_001346,2,2,100.0,-1.1281564235687256,0.9986935257911682,2.126849889755249,2.126849889755249,0.8590595722198486,-9.948308944702148,-9.719696998596191,0.22861218452453613,0.22861218452453613,2.191979169845581
"{'osm_id': 355095035, 'osm_type': 'yes'}",chennai_bld_001347,4,4,100.0,-0.8250051736831665,-2.2906177043914795,-1.4656126499176025,-2.3143534660339355,2.4800311064034313,-9.673789978027344,-10.168363571166992,-0.49457383155822754,-0.4687678813934326,1.187255673359077
"{'osm_id': 355095036, 'osm_type': 'yes'}",chennai_bld_001348,1,1,100.0,1.8708561658859253,3.6024656295776367,1.7316094636917114,1.7316094636917114,0.0,-13.900386810302734,-7.623457431793213,6.2769293785095215,6.2769293785095215,0.0
"{'osm_id': 355095037, 'osm_type': 'yes'}",chennai_bld_001349,3,3,100.0,-4.423906326293945,-3.83067258199056,0.5932339032491049,0.9904851913452148,1.0886095012336494,-12.167078653971354,-13.683759053548178,-1.516680399576823,-0.7562370300292969,3.6156791154919574
"{'osm_id': 355095038, 'osm_type': 'yes'}",chennai_bld_001350,2,2,100.0,0.9434397220611572,0.4640808701515198,-0.47935885190963745,-0.47935885190963745,0.46166878938674927,-10.75104808807373,-10.780656814575195,-0.029609203338623047,-0.029609203338623047,0.21033716201782227
"{'osm_id': 355095039, 'osm_type': 'yes'}",chennai_bld_001351,4,4,100.0,0.3519060015678406,-0.7248445749282837,-1.0767505168914795,-0.4633238911628723,2.3042645076453647,-13.058822631835938,-16.945449829101562,-3.886625289916992,-2.8427858352661133,2.6887126174981977
"{'osm_id': 355095040, 'osm_type': 'yes'}",chennai_bld_001352,2,2,100.0,1.5909926891326904,1.507325530052185,-0.08366715908050537,-0.08366715908050537,2.576342225074768,-11.976097106933594,-12.913562774658203,-0.9374656677246094,-0.9374656677246094,2.4130935668945312
"{'osm_id': 355095042, 'osm_type': 'yes'}",chennai_bld_001353,2,2,100.0,1.7259011268615723,-0.6501836776733398,-2.376084804534912,-2.376084804534912,0.9328999519348145,-10.025583267211914,-11.818987846374512,-1.7934045791625977,-1.7934045791625977,1.2505321502685547
"{'osm_id': 355095043, 'osm_type': 'yes'}",chennai_bld_001354,2,2,100.0,-0.17543047666549683,-3.2945151329040527,-3.1190848350524902,-3.1190848350524902,0.4870830774307397,-12.233964920043945,-11.09158706665039,1.142378330230713,1.142378330230713,2.0000805854797363
"{'osm_id': 355095044, 'osm_type': 'yes'}",chennai_bld_001355,2,2,100.0,-0.490275502204895,-2.602688789367676,-2.1124134063720703,-2.1124134063720703,1.519474983215332,-6.596105575561523,-5.366479873657227,1.2296258211135864,1.2296258211135864,2.7479766607284546
"{'osm_id': 355095045, 'osm_type': 'yes'}",chennai_bld_001356,2,2,100.0,-4.338746070861816,-4.608901023864746,-0.2701549530029297,-0.2701549530029297,0.4429035186767578,-12.002899169921875,-13.191341400146484,-1.1884417533874512,-1.1884417533874512,0.062093257904052734
"{'osm_id': 355095046, 'osm_type': 'yes'}",chennai_bld_001357,1,1,100.0,5.794005870819092,1.6010326147079468,-4.1929731369018555,-4.1929731369018555,0.0,-9.939149856567383,-8.390409469604492,1.5487403869628906,1.5487403869628906,0.0
"{'osm_id': 355095047, 'osm_type': 'yes'}",chennai_bld_001358,2,2,100.0,-3.3142693042755127,-3.0774126052856445,0.23685681819915771,0.23685681819915771,1.2949897050857544,-11.991599082946777,-11.006075859069824,0.9855232238769531,0.9855232238769531,0.5456066131591797
"{'osm_id': 355095048, 'osm_type': 'yes'}",chennai_bld_001359,6,6,100.0,-2.9446938832600913,-4.08629035949707,-1.1415969530741374,-0.6667096018791199,2.5977253670383837,-8.639864603678385,-10.29820696512858,-1.658342997233073,-1.7100839614868164,2.886047917292127
"{'osm_id': 355095049, 'osm_type': 'yes'}",chennai_bld_001360,4,4,100.0,-3.309360980987549,-5.851540565490723,-2.5421793460845947,-3.2916746139526367,3.648164902319297,-11.799880027770996,-14.950443267822266,-3.1505632400512695,-3.936615467071533,2.056579194072165
"{'osm_id': 355095050, 'osm_type': 'yes'}",chennai_bld_001361,4,4,100.0,-1.4380232095718384,-1.4846537113189697,-0.046630531549453735,-0.43106240034103394,2.186725579157924,-11.86381721496582,-13.591245651245117,-1.727428674697876,-1.7159438133239746,1.7566704826328827
"{'osm_id': 355095051, 'osm_type': 'yes'}",chennai_bld_001362,2,2,100.0,14.411731719970703,15.930177688598633,1.5184459686279297,1.5184459686279297,2.1448726654052734,-12.428927421569824,-11.220186233520508,1.2087411880493164,1.2087411880493164,2.966189384460449
"{'osm_id': 355095052, 'osm_type': 'yes'}",chennai_bld_001363,4,4,100.0,0.3700951337814331,-0.39311227202415466,-0.7632074356079102,-0.8551031947135925,2.467696380727537,-12.429664611816406,-13.134809494018555,-0.7051453590393066,-1.6109533309936523,1.8897087983634853
"{'osm_id': 355095053, 'osm_type': 'yes'}",chennai_bld_001364,4,4,100.0,1.458996057510376,-0.5938743352890015,-2.052870273590088,-2.1589224338531494,1.2774497820430337,-11.972512245178223,-13.35448169708252,-1.3819684982299805,-1.7060742378234863,2.0650855071521725
"{'osm_id': 355095054, 'osm_type': 'yes'}",chennai_bld_001365,2,2,100.0,-6.23533821105957,-5.228548049926758,1.0067899227142334,1.0067899227142334,1.4681642055511475,-16.023292541503906,-13.666524887084961,2.3567681312561035,2.3567681312561035,0.378903865814209
"{'osm_id': 355095056, 'osm_type': 'yes'}",chennai_bld_001366,2,2,100.0,-4.365556240081787,-3.8086891174316406,0.5568673610687256,0.5568673610687256,0.29550623893737793,-9.563185691833496,-10.215951919555664,-0.6527667045593262,-0.6527667045593262,1.7113356590270996
"{'osm_id': 355095057, 'osm_type': 'yes'}",chennai_bld_001367,2,2,100.0,0.07363837957382202,-3.208706855773926,-3.2823450565338135,-3.2823450565338135,1.0286338329315186,-7.785460948944092,-11.732104301452637,-3.946643352508545,-3.946643352508545,1.5767512321472168
"{'osm_id': 355095059, 'osm_type': 'yes'}",chennai_bld_001368,4,4,100.0,-1.6688485145568848,-3.0778307914733887,-1.4089820384979248,-1.39818274974823,1.561891583536641,-9.363607406616211,-12.241286277770996,-2.8776795864105225,-3.0642662048339844,2.9387325936943607
"{'osm_id': 355095060, 'osm_type': 'yes'}",chennai_bld_001369,2,2,100.0,1.2210956811904907,-0.5042288303375244,-1.7253245115280151,-1.7253245115280151,2.015199303627014,-13.877986907958984,-12.037534713745117,1.8404521942138672,1.8404521942138672,0.9989109039306641
"{'osm_id': 355095061, 'osm_type': 'yes'}",chennai_bld_001370,1,1,100.0,-0.6422081589698792,0.2622781991958618,0.904486358165741,0.904486358165741,0.0,-11.954427719116211,-13.357868194580078,-1.4034404754638672,-1.4034404754638672,0.0
"{'osm_id': 355095062, 'osm_type': 'yes'}",chennai_bld_001371,5,5,100.0,10.561771392822266,8.95535888671875,-1.6064119338989258,-0.6264266967773438,3.249569721116624,-14.811917114257813,-14.329562377929687,0.48235492706298827,0.6540737152099609,2.2506458571838817
"{'osm_id': 355095063, 'osm_type': 'yes'}",chennai_bld_001372,4,4,100.0,1.6807459592819214,-1.5843619108200073,-3.2651078701019287,-3.3599424362182617,1.2765670859648013,-7.031968116760254,-8.804710388183594,-1.7727410793304443,-1.5973448753356934,1.0612331632692102
"{'osm_id': 355095064, 'osm_type': 'yes'}",chennai_bld_001373,1,1,100.0,7.729857444763184,5.88182258605957,-1.8480348587036133,-1.8480348587036133,0.0,-7.369462013244629,-13.22181510925293,-5.852353096008301,-5.852353096008301,0.0
"{'osm_id': 355095065, 'osm_type': 'yes'}",chennai_bld_001374,2,2,100.0,-0.603479266166687,3.6168746948242188,4.220353603363037,4.220353603363037,3.9964774847030657,-15.3525972366333,-13.54882526397705,1.80377197265625,1.80377197265625,1.6451854705810547
"{'osm_id': 355095066, 'osm_type': 'yes'}",chennai_bld_001375,2,2,100.0,0.44025564193725586,2.632190704345703,2.1919350624084473,2.1919350624084473,1.00058567523957,-12.141788482666016,-15.222166061401367,-3.0803775787353516,-3.0803775787353516,0.6881504058837891
"{'osm_id': 355095067, 'osm_type': 'yes'}",chennai_bld_001376,2,2,100.0,-0.5904356241226196,-1.8751827478408813,-1.2847471237182617,-1.2847471237182617,0.30444839596748496,-12.181156158447266,-11.826801300048828,0.3543548583984375,0.3543548583984375,0.6356239318847656
"{'osm_id': 355095068, 'osm_type': 'yes'}",chennai_bld_001377,1,1,100.0,-4.392377853393555,-2.207543134689331,2.1848347187042236,2.1848347187042236,0.0,-11.079671859741211,-11.892488479614258,-0.8128166198730469,-0.8128166198730469,0.0
"{'osm_id': 355095069, 'osm_type': 'yes'}",chennai_bld_001378,4,4,100.0,-3.840691089630127,-3.0454461574554443,0.7952449917793274,1.353633165359497,1.0743912160133704,-11.769410133361816,-10.84345817565918,0.925952672958374,0.9855232238769531,3.3148557042407623
"{'osm_id': 355095070, 'osm_type': 'yes'}",chennai_bld_001379,4,4,100.0,-0.9068343043327332,-3.2307887077331543,-2.3239545822143555,-2.9225845336914062,1.630485599855719,-13.77484130859375,-13.81226921081543,-0.03742861747741699,-0.0830240249633789,2.1064960763940994
"{'osm_id': 355095071, 'osm_type': 'yes'}",chennai_bld_001380,4,4,100.0,0.5350027084350586,1.0825588703155518,0.5475562810897827,0.7472119331359863,2.8606619121410697,-15.203126907348633,-17.374170303344727,-2.171043872833252,-2.3000001907348633,3.0125156926131362
"{'osm_id': 355095072, 'osm_type': 'yes'}",chennai_bld_001381,4,4,100.0,-1.9645594358444214,-3.044783115386963,-1.080223798751831,-1.5435757637023926,2.349793246178783,-9.417839050292969,-9.32447338104248,0.09336578845977783,0.3223872184753418,1.467208397469061
"{'osm_id': 355095073, 'osm_type': 'yes'}",chennai_bld_001382,4,4,100.0,1.8522593975067139,0.10818824172019958,-1.7440712451934814,-2.714820146560669,2.7027854008509387,-11.572114944458008,-10.997112274169922,0.5750012397766113,0.4017314910888672,2.9915925761867337
"{'osm_id': 355095075, 'osm_type': 'yes'}",chennai_bld_001383,4,4,100.0,4.006330966949463,3.9633278846740723,-0.04300284385681152,1.4178409576416016,3.110601655136212,-14.755008697509766,-13.695364952087402,1.0596437454223633,0.8595242500305176,1.9598380751738
"{'osm_id': 355095076, 'osm_type': 'yes'}",chennai_bld_001384,2,2,100.0,-0.709792971611023,-3.955599784851074,-3.245806932449341,-3.245806932449341,0.36036086082458496,-10.151933670043945,-8.664106369018555,1.4878263473510742,1.4878263473510742,1.654632568359375
"{'osm_id': 355095077, 'osm_type': 'yes'}",chennai_bld_001385,2,2,100.0,-1.5693767070770264,-3.712531805038452,-2.143155097961426,-2.143155097961426,1.8807010650634766,-14.148523330688477,-11.340867042541504,2.807656764984131,2.807656764984131,0.8193249702453613
"{'osm_id': 355095078, 'osm_type': 'yes'}",chennai_bld_001386,3,3,100.0,-0.9225358963012695,-3.6432342529296875,-2.720698356628418,-4.141102313995361,3.814031510344131,-10.57666015625,-10.343615214029947,0.2330458958943685,0.31696319580078125,0.5131442420909792
"{'osm_id': 355095079, 'osm_type': 'yes'}",chennai_bld_001387,3,3,100.0,-6.492127736409505,-3.805561065673828,2.6865666707356772,2.474954128265381,1.9956314532928494,-12.110457102457682,-12.029336293538412,0.08112112681070964,1.778738021850586,2.5428960988029075
"{'osm_id': 355095081, 'osm_type': 'yes'}",chennai_bld_001388,3,3,100.0,-2.9588661193847656,-2.736429214477539,0.22243722279866537,-0.3989982604980469,1.0232290288347259,-10.248684565226236,-11.89629872639974,-1.6476144790649414,-2.134219169616699,0.8466732282613276
"{'osm_id': 355095084, 'osm_type': 'yes'}",chennai_bld_001389,4,4,100.0,-1.0736881494522095,-2.096968412399292,-1.023280382156372,-1.3328931331634521,1.6738288276310191,-10.488765716552734,-11.814569473266602,-1.3258030414581299,-0.7277817726135254,2.211567466682051
"{'osm_id': 355095085, 'osm_type': 'yes'}",chennai_bld_001390,4,4,100.0,-1.7216215133666992,-2.105584144592285,-0.38396257162094116,-0.3955700397491455,0.9651859267242243,-13.355086326599121,-12.516332626342773,0.8387539386749268,1.2320165634155273,1.4089166622193083
"{'osm_id': 355095086, 'osm_type': 'yes'}",chennai_bld_001391,1,1,100.0,16.887819290161133,11.15102767944336,-5.736791610717773,-5.736791610717773,0.0,-7.367700576782227,-10.287117004394531,-2.9194164276123047,-2.9194164276123047,0.0
"{'osm_id': 355095087, 'osm_type': 'yes'}",chennai_bld_001392,2,2,100.0,-1.9296199083328247,-0.589236855506897,1.3403830528259277,1.3403830528259277,0.06325244903564453,-12.114873886108398,-10.427837371826172,1.6870372295379639,1.6870372295379639,0.07644200325012207
"{'osm_id': 355095088, 'osm_type': 'yes'}",chennai_bld_001393,4,4,100.0,0.9044099450111389,1.382544755935669,0.4781348705291748,-0.4466896653175354,1.7384547184521477,-13.425126075744629,-12.01872444152832,1.4064018726348877,1.1840972900390625,1.440366293180679
"{'osm_id': 355095089, 'osm_type': 'yes'}",chennai_bld_001394,2,2,100.0,0.35191917419433594,1.7664227485656738,1.414503574371338,1.414503574371338,2.018044948577881,-10.478610038757324,-10.87199878692627,-0.3933887481689453,-0.3933887481689453,0.5702943801879883
"{'osm_id': 355095090, 'osm_type': 'yes'}",chennai_bld_001395,4,4,100.0,0.5847278833389282,-0.9976651668548584,-1.5823930501937866,-2.103407859802246,1.055319490219872,-12.465638160705566,-12.338128089904785,0.12750983238220215,0.570958137512207,1.5354616922826596
"{'osm_id': 355095091, 'osm_type': 'yes'}",chennai_bld_001396,2,2,100.0,2.412229299545288,-0.3025907874107361,-2.714820146560669,-2.714820146560669,1.0155679583549517,-12.52212142944336,-10.488163948059082,2.033957004547119,2.033957004547119,2.7792344093322754
"{'osm_id': 355095092, 'osm_type': 'yes'}",chennai_bld_001397,2,2,100.0,-3.3318567276000977,-1.7285001277923584,1.6033565998077393,1.6033565998077393,4.253451585769653,-10.815792083740234,-11.325874328613281,-0.5100817680358887,-0.5100817680358887,1.3203997611999512
"{'osm_id': 355095093, 'osm_type': 'yes'}",chennai_bld_001398,2,2,100.0,-5.085799217224121,-2.448563814163208,2.637235164642334,2.637235164642334,3.2195730209350586,-15.094831466674805,-14.040117263793945,1.0547146797180176,1.0547146797180176,0.24439668655395508
"{'osm_id': 355095094, 'osm_type': 'yes'}",chennai_bld_001399,2,2,100.0,6.854290962219238,7.913547992706299,1.0592570304870605,1.0592570304870605,0.8631711006164551,-12.477434158325195,-12.566268920898438,-0.08883428573608398,-0.08883428573608398,0.1616358757019043
"{'osm_id': 355095096, 'osm_type': 'yes'}",chennai_bld_001400,2,2,100.0,1.816981554031372,2.801260232925415,0.984278678894043,0.984278678894043,5.235052108764648,-13.876565933227539,-12.980998039245605,0.8955674171447754,0.8955674171447754,3.887756824493408
"{'osm_id': 355095098, 'osm_type': 'yes'}",chennai_bld_001401,4,4,100.0,-0.2500547766685486,-0.32141104340553284,-0.07135629653930664,-0.29072070121765137,2.3672341525760072,-12.058914184570312,-11.02598762512207,1.0329267978668213,1.1840972900390625,1.4841725101913132
"{'osm_id': 355095099, 'osm_type': 'yes'}",chennai_bld_001402,2,2,100.0,7.230539321899414,7.5042524337768555,0.2737126350402832,0.2737126350402832,3.38960599899292,-7.722904682159424,-12.314579010009766,-4.591674327850342,-4.591674327850342,2.834226131439209
"{'osm_id': 355095100, 'osm_type': 'yes'}",chennai_bld_001403,1,1,100.0,-0.5127519965171814,-0.30472177267074585,0.20803022384643555,0.20803022384643555,0.0,-16.021862030029297,-12.726692199707031,3.2951698303222656,3.2951698303222656,0.0
"{'osm_id': 355095101, 'osm_type': 'yes'}",chennai_bld_001404,4,4,100.0,-1.700594425201416,-2.8590328693389893,-1.1584386825561523,-1.4709093570709229,1.8336327655142284,-9.025165557861328,-11.910813331604004,-2.885648488998413,-2.6463675498962402,2.2407080203763483
"{'osm_id': 355095102, 'osm_type': 'yes'}",chennai_bld_001405,2,2,100.0,-2.543668270111084,-2.01157808303833,0.5320901870727539,0.5320901870727539,0.7945442199707031,-11.009915351867676,-10.23376178741455,0.776153564453125,0.776153564453125,1.2121782302856445
"{'osm_id': 355095103, 'osm_type': 'yes'}",chennai_bld_001406,6,6,100.0,-2.471543629964193,-5.10745112101237,-2.6359074910481772,-2.797689914703369,0.9064538799204499,-9.792394638061523,-11.864432017008463,-2.0720383326212564,-1.3327631950378418,2.9813317592564075
"{'osm_id': 355095104, 'osm_type': 'yes'}",chennai_bld_001407,2,2,100.0,-1.9970250129699707,0.35314446687698364,2.3501694202423096,2.3501694202423096,1.0823791027069092,-8.65086841583252,-9.544099807739258,-0.893230676651001,-0.893230676651001,1.070136308670044
"{'osm_id': 355095105, 'osm_type': 'yes'}",chennai_bld_001408,3,3,100.0,6.858684539794922,6.58151372273763,-0.277171532313029,0.2238762378692627,0.7386405688602944,-12.230753580729166,-13.178061167399088,-0.9473079045613607,-0.3329648971557617,1.2328336641045858
"{'osm_id': 355095106, 'osm_type': 'yes'}",chennai_bld_001409,1,1,100.0,0.09758411347866058,-0.9945391416549683,-1.09212327003479,-1.09212327003479,0.0,-10.591718673706055,-12.931209564208984,-2.3394908905029297,-2.3394908905029297,0.0
"{'osm_id': 355095107, 'osm_type': 'yes'}",chennai_bld_001410,3,3,100.0,5.699631373087565,7.4002329508463545,1.7006020545959473,2.356919288635254,1.9272040887451847,-11.385621388753256,-12.974845886230469,-1.5892241795857747,-1.7574481964111328,1.141908093570707
"{'osm_id': 355095109, 'osm_type': 'yes'}",chennai_bld_001411,2,2,100.0,-2.426325798034668,-2.5329134464263916,-0.10658776760101318,-0.10658776760101318,1.7714935541152954,-9.737712860107422,-10.853514671325684,-1.1158013343811035,-1.1158013343811035,1.235978603363037
"{'osm_id': 355095111, 'osm_type': 'yes'}",chennai_bld_001412,2,2,100.0,3.0899534225463867,-0.6758986115455627,-3.765852212905884,-3.765852212905884,0.8892247676849365,-7.16758918762207,-7.78548526763916,-0.6178960800170898,-0.6178960800170898,1.3894853591918945
"{'osm_id': 355095112, 'osm_type': 'yes'}",chennai_bld_001413,2,2,100.0,-2.077969551086426,-2.8592231273651123,-0.7812535166740417,-0.7812535166740417,0.8679429888725281,-14.755629539489746,-13.238494873046875,1.517134189605713,1.517134189605713,0.7772889137268066
"{'osm_id': 355095113, 'osm_type': 'yes'}",chennai_bld_001414,2,2,100.0,-0.08733415603637695,-0.3426022529602051,-0.2552680969238281,-0.2552680969238281,3.4228649139404297,-14.592737197875977,-14.15666389465332,0.43607330322265625,0.43607330322265625,4.086928367614746
"{'osm_id': 355095114, 'osm_type': 'yes'}",chennai_bld_001415,2,2,100.0,1.8341197967529297,3.426225185394287,1.5921053886413574,1.5921053886413574,0.5302188396453857,-11.202613830566406,-16.662883758544922,-5.460269451141357,-5.460269451141357,3.490849018096924
"{'osm_id': 355095115, 'osm_type': 'yes'}",chennai_bld_001416,3,3,100.0,-1.5130616823832195,-1.8605324427286785,-0.34747060139973956,-1.1253857612609863,5.896644158817088,-10.76461664835612,-11.704742431640625,-0.9401257832845052,-1.1083059310913086,0.46112366646566394
"{'osm_id': 355095116, 'osm_type': 'yes'}",chennai_bld_001417,2,2,100.0,-5.290632724761963,-5.17434024810791,0.11629271507263184,0.11629271507263184,0.3720409870147705,-12.884654998779297,-12.174673080444336,0.7099814414978027,0.7099814414978027,0.3828396797180176
"{'osm_id': 355095117, 'osm_type': 'yes'}",chennai_bld_001418,4,4,100.0,0.08340835571289062,0.012629583477973938,-0.07077878713607788,-0.47935885190963745,2.0409709152506506,-10.594420433044434,-12.133914947509766,-1.5394952297210693,-1.0605182647705078,1.7275209727399579
"{'osm_id': 355095118, 'osm_type': 'yes'}",chennai_bld_001419,2,2,100.0,1.5909926891326904,1.507325530052185,-0.08366715908050537,-0.08366715908050537,2.576342225074768,-11.976097106933594,-12.913562774658203,-0.9374656677246094,-0.9374656677246094,2.4130935668945312
"{'osm_id': 355095120, 'osm_type': 'yes'}",chennai_bld_001420,2,2,100.0,7.561887264251709,9.283662796020508,1.7217750549316406,1.7217750549316406,1.0548744201660156,-13.35572338104248,-12.006505966186523,1.349217414855957,1.349217414855957,3.4463510513305664
"{'osm_id': 355095122, 'osm_type': 'yes'}",chennai_bld_001421,4,4,100.0,-3.2762248516082764,-3.4671335220336914,-0.1909087896347046,0.2112879753112793,1.905387035482405,-10.662372589111328,-11.052026748657227,-0.38965392112731934,-1.3819818496704102,1.9363955862938376
"{'osm_id': 355095123, 'osm_type': 'yes'}",chennai_bld_001422,4,4,100.0,1.196295976638794,-1.2288784980773926,-2.4251744747161865,-2.1124134063720703,3.8329219204914042,-5.568914890289307,-6.482910633087158,-0.9139956831932068,-2.181490898132324,2.897150761380346
"{'osm_id': 355095124, 'osm_type': 'yes'}",chennai_bld_001423,4,4,100.0,3.5197739601135254,4.132789134979248,0.6130151748657227,-0.9561538100242615,4.500916512949648,-10.414941787719727,-12.309654235839844,-1.8947124481201172,-1.4707131385803223,1.2109238033225103
"{'osm_id': 355095125, 'osm_type': 'yes'}",chennai_bld_001424,2,2,100.0,-1.7656443119049072,-3.5103302001953125,-1.7446858882904053,-1.7446858882904053,1.8553950786590576,-8.873435974121094,-11.166206359863281,-2.2927706241607666,-2.2927706241607666,0.05445408821105957
"{'osm_id': 355095126, 'osm_type': 'yes'}",chennai_bld_001425,4,4,100.0,-2.4463775157928467,-4.702298164367676,-2.255920886993408,-1.5163105726242065,2.4266497878598488,-11.862161636352539,-11.839929580688477,0.022231340408325195,-0.45445966720581055,1.4082798520007274
"{'osm_id': 355095127, 'osm_type': 'yes'}",chennai_bld_001426,2,2,100.0,-0.02686166763305664,-1.3547168970108032,-1.327855110168457,-1.327855110168457,1.1524667441844945,-12.718751907348633,-12.871519088745117,-0.15276670455932617,-0.15276670455932617,1.95155668258667
"{'osm_id': 355095128, 'osm_type': 'yes'}",chennai_bld_001427,6,6,100.0,-2.2037375768025718,-2.132512092590332,0.07122564315795898,0.23911720514297485,3.9924989612935904,-10.480035146077475,-10.184558868408203,0.2954752445220947,0.3890247344970703,4.131413636189886
"{'osm_id': 355095129, 'osm_type': 'yes'}",chennai_bld_001428,4,4,100.0,-4.9331183433532715,-4.426326751708984,0.5067917108535767,0.4305609464645386,1.4588749935000174,-10.546192169189453,-9.519722938537598,1.0264703035354614,1.7361106872558594,2.6244241447765675
"{'osm_id': 355095130, 'osm_type': 'yes'}",chennai_bld_001429,4,4,100.0,-0.7341536283493042,-2.5459163188934326,-1.8117625713348389,-1.1528959274291992,2.6314315221798226,-14.387372970581055,-15.702465057373047,-1.315091609954834,-1.4362144470214844,1.1260020291303752
"{'osm_id': 355095132, 'osm_type': 'yes'}",chennai_bld_001430,1,1,100.0,4.351196765899658,2.7984414100646973,-1.552755355834961,-1.552755355834961,0.0,-11.966757774353027,-12.805835723876953,-0.8390779495239258,-0.8390779495239258,0.0
"{'osm_id': 355095133, 'osm_type': 'yes'}",chennai_bld_001431,2,2,100.0,2.9448537826538086,0.1669682264328003,-2.777885675430298,-2.777885675430298,0.9403627514839191,-11.226274490356445,-13.837444305419922,-2.6111702919006348,-2.6111702919006348,1.3033452033996582
"{'osm_id': 355095134, 'osm_type': 'yes'}",chennai_bld_001432,2,2,100.0,1.5950684547424316,1.575293779373169,-0.019774675369262695,-0.019774675369262695,1.423410177230835,-8.393956184387207,-7.860095024108887,0.5338613986968994,0.5338613986968994,1.0767338275909424
"{'osm_id': 355095135, 'osm_type': 'yes'}",chennai_bld_001433,5,5,100.0,-4.579370498657227,-4.384290313720703,0.19508018493652343,0.29120302200317383,1.434847273501646,-12.544880676269532,-12.936470031738281,-0.3915903091430664,-1.310007095336914,1.9462434094235086
"{'osm_id': 355095136, 'osm_type': 'yes'}",chennai_bld_001434,2,2,100.0,10.07323169708252,8.756436347961426,-1.3167953491210938,-1.3167953491210938,3.6218338012695312,-12.361194610595703,-11.836892127990723,0.5243029594421387,0.5243029594421387,3.038759708404541
"{'osm_id': 355095137, 'osm_type': 'yes'}",chennai_bld_001435,4,4,100.0,-1.0910842418670654,-4.569668292999268,-3.478584051132202,-3.0051374435424805,2.2140039641669724,-16.054100036621094,-14.863847732543945,1.190253734588623,0.8691129684448242,3.3525460785220553
"{'osm_id': 355095139, 'osm_type': 'yes'}",chennai_bld_001436,4,4,100.0,0.04646962881088257,0.2472323477268219,0.20076268911361694,0.7788325548171997,2.4717033995720836,-11.913147926330566,-10.878615379333496,1.0345321893692017,1.6310663223266602,1.8843579521213785
"{'osm_id': 355095140, 'osm_type': 'yes'}",chennai_bld_001437,2,2,100.0,-1.365273356437683,-1.351944923400879,0.013328403234481812,0.013328403234481812,0.8911579549312592,-11.954543113708496,-11.794169425964355,0.16037368774414062,0.16037368774414062,1.5638141632080078
"{'osm_id': 355095141, 'osm_type': 'yes'}",chennai_bld_001438,1,1,100.0,-0.5846397876739502,1.2597990036010742,1.8444387912750244,1.8444387912750244,0.0,-8.559877395629883,-15.340118408203125,-6.780241012573242,-6.780241012573242,0.0
"{'osm_id': 355095142, 'osm_type': 'yes'}",chennai_bld_001439,4,4,100.0,4.424568176269531,4.559027671813965,0.13445904850959778,0.08244460821151733,1.9167448294261498,-12.929296493530273,-14.233501434326172,-1.3042056560516357,-2.0393433570861816,2.7284661270111097
"{'osm_id': 355095143, 'osm_type': 'yes'}",chennai_bld_001440,2,2,100.0,-2.182631492614746,-4.864388942718506,-2.6817572116851807,-2.6817572116851807,0.34333109855651855,-9.883593559265137,-10.681413650512695,-0.7978194952011108,-0.7978194952011108,2.3023799657821655
"{'osm_id': 355095144, 'osm_type': 'yes'}",chennai_bld_001441,4,4,100.0,-1.390416145324707,0.6524296402931213,2.0428457260131836,2.1919350624084473,1.4681822483633147,-13.096902847290039,-15.383947372436523,-2.287043809890747,-3.0803775787353516,2.835688685155386
"{'osm_id': 355095145, 'osm_type': 'yes'}",chennai_bld_001442,4,4,100.0,-1.9500057697296143,-3.717325448989868,-1.767319679260254,-1.2847471237182617,1.3611372847605336,-14.18079662322998,-12.585027694702148,1.5957696437835693,1.5186829566955566,1.4335304158250632
"{'osm_id': 355095147, 'osm_type': 'yes'}",chennai_bld_001443,2,2,100.0,1.4889676570892334,0.11011552810668945,-1.378852128982544,-1.378852128982544,0.173903226852417,-13.900251388549805,-13.634296417236328,0.26595449447631836,0.26595449447631836,1.1050324440002441
"{'osm_id': 355095149, 'osm_type': 'yes'}",chennai_bld_001444,1,1,100.0,-0.8670863509178162,-4.473254203796387,-3.606167793273926,-3.606167793273926,0.0,-11.660717010498047,-8.518258094787598,3.142458915710449,3.142458915710449,0.0
"{'osm_id': 355095150, 'osm_type': 'yes'}",chennai_bld_001445,6,6,100.0,-3.342706044514974,-3.9406649271647134,-0.5979585647583008,-0.3914005756378174,1.7779057719602636,-10.973805745442709,-12.476371765136719,-1.502567450205485,-1.497276782989502,2.68042524474471
"{'osm_id': 355095151, 'osm_type': 'yes'}",chennai_bld_001446,2,2,100.0,-0.737043559551239,-2.2806191444396973,-1.5435757637023926,-1.5435757637023926,0.204695641994485,-9.57490348815918,-8.867792129516602,0.7071113586425781,0.7071113586425781,1.0838251113891602
"{'osm_id': 355095152, 'osm_type': 'yes'}",chennai_bld_001447,2,2,100.0,0.35165977478027344,1.1259089708328247,0.7742491960525513,0.7742491960525513,2.554736018180847,-13.837556838989258,-16.220199584960938,-2.3826422691345215,-2.3826422691345215,2.965125560760498
"{'osm_id': 355095153, 'osm_type': 'yes'}",chennai_bld_001448,1,1,100.0,-1.327712059020996,-2.6924948692321777,-1.3647828102111816,-1.3647828102111816,0.0,-14.799789428710938,-9.017892837524414,5.781896591186523,5.781896591186523,0.0
"{'osm_id': 355095154, 'osm_type': 'yes'}",chennai_bld_001449,2,2,100.0,-2.3177528381347656,-2.190804958343506,0.126947820186615,0.126947820186615,1.0047773718833923,-14.196520805358887,-14.581509590148926,-0.38498878479003906,-0.38498878479003906,2.1091766357421875
"{'osm_id': 355095155, 'osm_type': 'yes'}",chennai_bld_001450,2,2,100.0,5.7681050300598145,7.866460800170898,2.098355531692505,2.098355531692505,0.258563756942749,-12.612786293029785,-13.329734802246094,-0.7169485092163086,-0.7169485092163086,0.6027736663818359
"{'osm_id': 355095156, 'osm_type': 'yes'}",chennai_bld_001451,5,5,100.0,-5.5300861358642575,-6.167520523071289,-0.6374341487884522,-0.43068885803222656,3.645879992528283,-11.67607421875,-10.549348449707031,1.1267257690429688,1.0727577209472656,3.3055407366739695
"{'osm_id': 355095157, 'osm_type': 'yes'}",chennai_bld_001452,1,1,100.0,4.48126745223999,3.0380825996398926,-1.4431848526000977,-1.4431848526000977,0.0,-7.184269905090332,-7.727142333984375,-0.542872428894043,-0.542872428894043,0.0
"{'osm_id': 355095158, 'osm_type': 'yes'}",chennai_bld_001453,2,2,100.0,-6.23533821105957,-5.228548049926758,1.0067899227142334,1.0067899227142334,1.4681642055511475,-16.023292541503906,-13.666524887084961,2.3567681312561035,2.3567681312561035,0.378903865814209
"{'osm_id': 355095160, 'osm_type': 'yes'}",chennai_bld_001454,1,1,100.0,5.794005870819092,1.6010326147079468,-4.1929731369018555,-4.1929731369018555,0.0,-9.939149856567383,-8.390409469604492,1.5487403869628906,1.5487403869628906,0.0
"{'osm_id': 355095162, 'osm_type': 'yes'}",chennai_bld_001455,4,4,100.0,-3.011305809020996,-2.6935646533966064,0.317741334438324,0.39862579107284546,0.9376752056456259,-12.158846855163574,-10.068968772888184,2.0898783206939697,2.023329734802246,1.2644219556283263
"{'osm_id': 355095163, 'osm_type': 'yes'}",chennai_bld_001456,4,4,100.0,-1.218222975730896,-2.6957309246063232,-1.4775079488754272,-1.9061872959136963,2.8026970559662536,-10.313262939453125,-6.893571853637695,3.4196903705596924,3.9663329124450684,2.641934379158516
"{'osm_id': 355095164, 'osm_type': 'yes'}",chennai_bld_001457,2,2,100.0,0.4349798560142517,-1.6157187223434448,-2.0506985187530518,-2.0506985187530518,0.40150207281113115,-12.634557723999023,-13.205179214477539,-0.570622444152832,-0.570622444152832,1.3104677200317383
"{'osm_id': 355095166, 'osm_type': 'yes'}",chennai_bld_001458,2,2,100.0,-2.53841495513916,-2.9339847564697266,-0.3955700397491455,-0.3955700397491455,0.48225951194763184,-13.420273780822754,-11.410968780517578,2.009305477142334,2.009305477142334,0.28511762619018555
"{'osm_id': 355095167, 'osm_type': 'yes'}",chennai_bld_001459,4,4,100.0,-0.6422841548919678,-0.7242845296859741,-0.08200043439865112,-0.6217425465583801,1.1199192493340218,-12.467830657958984,-15.599868774414062,-3.1320395469665527,-3.569577693939209,5.025823161769234
"{'osm_id': 355095168, 'osm_type': 'yes'}",chennai_bld_001460,1,1,100.0,5.110836982727051,3.8178884983062744,-1.2929484844207764,-1.2929484844207764,0.0,-12.345296859741211,-12.603569984436035,-0.2582731246948242,-0.2582731246948242,0.0
"{'osm_id': 355095169, 'osm_type': 'yes'}",chennai_bld_001461,4,4,100.0,-1.8754541873931885,-3.484494209289551,-1.6090400218963623,-1.2063677310943604,1.8313717713637327,-9.16637897491455,-11.873866081237793,-2.707486867904663,-2.044445514678955,1.676304975910406
"{'osm_id': 355095170, 'osm_type': 'yes'}",chennai_bld_001462,4,4,100.0,1.0840249061584473,1.9239470958709717,0.839922308921814,0.9404439926147461,1.7465625326664724,-12.825606346130371,-15.071903228759766,-2.2462968826293945,-2.154635429382324,1.0295103206115093
"{'osm_id': 355095171, 'osm_type': 'yes'}",chennai_bld_001463,2,2,100.0,-2.3994526863098145,-2.530733108520508,-0.1312805414199829,-0.1312805414199829,1.45791494846344,-12.27472972869873,-11.997753143310547,0.2769770622253418,0.2769770622253418,0.7130017280578613
"{'osm_id': 355095172, 'osm_type': 'yes'}",chennai_bld_001464,4,4,100.0,-4.916052341461182,-5.372886657714844,-0.456834077835083,0.34081482887268066,2.168262562962148,-13.135370254516602,-12.844985008239746,0.29038405418395996,-0.285614013671875,3.524674089945339
"{'osm_id': 355095173, 'osm_type': 'yes'}",chennai_bld_001465,4,4,100.0,-3.2077836990356445,-3.899944543838501,-0.6921608448028564,0.1431267261505127,3.305444009511663,-13.232647895812988,-11.190728187561035,2.041919708251953,2.4345102310180664,2.415712804562924
"{'osm_id': 355095174, 'osm_type': 'yes'}",chennai_bld_001466,2,2,100.0,1.033893346786499,3.497084617614746,2.463191032409668,2.463191032409668,3.7561396360397357,-13.324682235717773,-11.062156677246094,2.2625255584716797,2.2625255584716797,2.520798683166504
"{'osm_id': 355095175, 'osm_type': 'yes'}",chennai_bld_001467,2,2,100.0,2.0807204246520996,-0.5750205516815186,-2.655740976333618,-2.655740976333618,1.2125561237335205,-7.201807022094727,-8.504366874694824,-1.3025600910186768,-1.3025600910186768,0.7596876621246338
"{'osm_id': 355095176, 'osm_type': 'yes'}",chennai_bld_001468,3,3,100.0,0.16847586631774902,2.72917906443278,2.5607029596964517,0.2238762378692627,4.019548403493123,-14.765396118164062,-13.823473612467447,0.9419225056966146,0.1585865020751953,1.8138336461220894
"{'osm_id': 355095177, 'osm_type': 'yes'}",chennai_bld_001469,2,2,100.0,0.6054384708404541,0.5798019170761108,-0.025636523962020874,-0.025636523962020874,0.9480003416538239,-15.590712547302246,-11.09744644165039,4.493266582489014,4.493266582489014,0.19461870193481445
"{'osm_id': 355095178, 'osm_type': 'yes'}",chennai_bld_001470,4,4,100.0,-2.938600778579712,-4.45619010925293,-1.5175895690917969,-2.676673650741577,3.2208309577856,-8.389822006225586,-7.791844367980957,0.5979781150817871,0.28901195526123047,1.6569995161155966
"{'osm_id': 355095179, 'osm_type': 'yes'}",chennai_bld_001471,4,4,100.0,0.48516759276390076,-2.753692150115967,-3.2388598918914795,-3.307446002960205,1.2231610417611447,-9.58332633972168,-11.852350234985352,-2.2690236568450928,-2.5899100303649902,1.0924389419976352
"{'osm_id': 355095180, 'osm_type': 'yes'}",chennai_bld_001472,2,2,100.0,-5.8934783935546875,-3.1011056900024414,2.7923731803894043,2.7923731803894043,2.4372591972351074,-10.154105186462402,-11.021355628967285,-0.8672504425048828,-0.8672504425048828,2.6459884643554688
"{'osm_id': 355095181, 'osm_type': 'yes'}",chennai_bld_001473,2,2,100.0,-0.24351589381694794,-3.8868422508239746,-3.6433262825012207,-3.6433262825012207,2.4296578764915475,-15.259696006774902,-15.473051071166992,-0.21335506439208984,-0.21335506439208984,0.3195829391479492
"{'osm_id': 355095183, 'osm_type': 'yes'}",chennai_bld_001474,4,4,100.0,-1.8035943508148193,-2.069075584411621,-0.2654815912246704,-0.5213758945465088,2.544881874930408,-13.550682067871094,-16.618499755859375,-3.0678186416625977,-3.5186309814453125,1.0605417346379205
"{'osm_id': 355095184, 'osm_type': 'yes'}",chennai_bld_001475,2,2,100.0,1.2922894954681396,0.5189672708511353,-0.7733222246170044,-0.7733222246170044,3.419650912284851,-10.622106552124023,-11.506061553955078,-0.8839545249938965,-0.8839545249938965,2.432694911956787
"{'osm_id': 355095186, 'osm_type': 'yes'}",chennai_bld_001476,4,4,100.0,-0.4645878076553345,-3.284897804260254,-2.82030987739563,-3.639486074447632,3.5898476411539675,-8.56523609161377,-10.880558013916016,-2.315321922302246,-1.8210355043411255,1.6681516124805058
"{'osm_id': 355095187, 'osm_type': 'yes'}",chennai_bld_001477,4,4,100.0,1.0362802743911743,1.0480326414108276,0.01175236701965332,0.7454550266265869,2.8194834681631713,-11.819345474243164,-16.441734313964844,-4.62238883972168,-4.314312934875488,2.4105302183387436
"{'osm_id': 355095189, 'osm_type': 'yes'}",chennai_bld_001478,2,2,100.0,-0.7555660009384155,-4.857200622558594,-4.101634979248047,-4.101634979248047,0.7957273721695035,-9.141068458557129,-11.885711669921875,-2.744642734527588,-2.744642734527588,0.6087594032287598
"{'osm_id': 355095190, 'osm_type': 'yes'}",chennai_bld_001479,2,2,100.0,-2.3994526863098145,-2.530733108520508,-0.1312805414199829,-0.1312805414199829,1.45791494846344,-12.27472972869873,-11.997753143310547,0.2769770622253418,0.2769770622253418,0.7130017280578613
"{'osm_id': 355095191, 'osm_type': 'yes'}",chennai_bld_001480,4,4,100.0,0.9587468504905701,-2.6984949111938477,-3.6572418212890625,-3.2775514125823975,3.662599591913182,-14.715651512145996,-13.151100158691406,1.5645511150360107,0.9456400871276855,1.882427123120994
"{'osm_id': 355095192, 'osm_type': 'yes'}",chennai_bld_001481,4,4,100.0,-1.1242282390594482,-2.754380226135254,-1.6301521062850952,-1.6909115314483643,1.3432687504047276,-9.007253646850586,-10.319709777832031,-1.3124561309814453,-1.5853981971740723,0.9757174627783448
"{'osm_id': 355104986, 'osm_type': 'yes'}",chennai_bld_001482,4,4,100.0,-0.33646804094314575,-1.2017004489898682,-0.8652322888374329,-1.3170547485351562,1.4967523866043795,-7.477984428405762,-6.389647960662842,1.0883363485336304,1.8486437797546387,2.541099565546389
"{'osm_id': 355105013, 'osm_type': 'yes'}",chennai_bld_001483,4,4,100.0,0.5134885311126709,-0.31241774559020996,-0.8259062767028809,-0.5561512112617493,1.8664872656315932,-8.465340614318848,-6.643856048583984,1.821484923362732,2.5005955696105957,2.0349334927873484
"{'osm_id': 355105016, 'osm_type': 'yes'}",chennai_bld_001484,1,1,100.0,2.8601937294006348,5.744265556335449,2.8840718269348145,2.8840718269348145,0.0,-13.010616302490234,-15.062129974365234,-2.051513671875,-2.051513671875,0.0
"{'osm_id': 355105021, 'osm_type': 'yes'}",chennai_bld_001485,2,2,100.0,1.0855529308319092,1.485550045967102,0.39999711513519287,0.39999711513519287,1.1116093397140503,-7.156846046447754,-4.391442775726318,2.7654032707214355,2.7654032707214355,0.9908537268638629
"{'osm_id': 355106658, 'osm_type': 'yes'}",chennai_bld_001486,2,2,100.0,-2.5527162551879883,-6.96260929107666,-4.409893035888672,-4.409893035888672,1.8436071872711335,-11.625943183898926,-12.351242065429688,-0.7252988815307617,-0.7252988815307617,1.4726133346557617
"{'osm_id': 355106661, 'osm_type': 'yes'}",chennai_bld_001487,2,2,100.0,0.27537667751312256,0.7564534544944763,0.48107677698135376,0.48107677698135376,0.1188005805015564,-9.77836799621582,-10.372404098510742,-0.5940365791320801,-0.5940365791320801,1.9039654731750488
"{'osm_id': 355106679, 'osm_type': 'yes'}",chennai_bld_001488,4,4,100.0,-3.7842392921447754,-4.0129313468933105,-0.2286921739578247,0.46515989303588867,2.458917803786666,-12.657402992248535,-7.966240882873535,4.691162109375,4.809391498565674,2.496861299894359
"{'osm_id': 355106683, 'osm_type': 'yes'}",chennai_bld_001489,2,2,100.0,-3.2440032958984375,-3.883880138397217,-0.6398769617080688,-0.6398769617080688,1.238111138343811,-11.22202205657959,-10.446184158325195,0.7758383750915527,0.7758383750915527,0.6095414161682129
"{'osm_id': 355106690, 'osm_type': 'yes'}",chennai_bld_001490,3,3,100.0,0.6900302569071451,-1.1860898335774739,-1.8761200904846191,-1.1683106422424316,1.8710825497706387,-6.8733978271484375,-7.125047047932942,-0.2516492207845052,1.0098562240600586,2.454953243727302
"{'osm_id': 355106700, 'osm_type': 'yes'}",chennai_bld_001491,2,2,100.0,-3.807615041732788,-5.223484039306641,-1.415869116783142,-1.415869116783142,1.9783698320388794,-12.239760398864746,-10.07412052154541,2.165639877319336,2.165639877319336,2.162221908569336
"{'osm_id': 355106704, 'osm_type': 'yes'}",chennai_bld_001492,1,1,100.0,-6.542171478271484,-5.076887607574463,1.4652838706970215,1.4652838706970215,0.0,-14.801309585571289,-9.0192289352417,5.78208065032959,5.78208065032959,0.0
"{'osm_id': 355106725, 'osm_type': 'yes'}",chennai_bld_001493,9,9,100.0,-8.04478030734592,-7.67626953125,0.3685113059149848,-0.14647674560546875,2.692588722946472,-14.09538099500868,-14.776019626193577,-0.6806394788953993,-1.8019676208496094,2.7945237569087156
"{'osm_id': 355106731, 'osm_type': 'yes'}",chennai_bld_001494,4,4,100.0,-5.258002281188965,-5.406943321228027,-0.14894109964370728,-0.7588275671005249,2.1425553658297574,-12.958016395568848,-13.046735763549805,-0.08871936798095703,0.051982879638671875,1.3198483907230258
"{'osm_id': 355106732, 'osm_type': 'yes'}",chennai_bld_001495,4,4,100.0,-1.7179276943206787,-6.101787567138672,-4.383860111236572,-4.357827186584473,1.3128177013881315,-10.2820405960083,-12.018720626831055,-1.736680507659912,-1.7280011177062988,1.7936544431585135
"{'osm_id': 355106733, 'osm_type': 'yes'}",chennai_bld_001496,2,2,100.0,0.8011739253997803,0.8125289678573608,0.011355161666870117,0.011355161666870117,1.7309134006500244,-12.302200317382812,-10.882570266723633,1.419631004333496,1.419631004333496,1.4167566299438477
"{'osm_id': 355106735, 'osm_type': 'yes'}",chennai_bld_001497,4,4,100.0,-2.9198718070983887,-1.2959365844726562,1.6239351034164429,2.9655110836029053,4.214872040113475,-12.577396392822266,-11.602537155151367,0.974858283996582,-0.08782052993774414,2.942483673978943
"{'osm_id': 355106736, 'osm_type': 'yes'}",chennai_bld_001498,4,4,100.0,-2.1724674701690674,-3.458660125732422,-1.2861926555633545,-1.538718581199646,0.7149165080733719,-13.565942764282227,-12.594926834106445,0.9710159301757812,0.3486928939819336,2.0248000847487013
"{'osm_id': 355106738, 'osm_type': 'yes'}",chennai_bld_001499,4,4,100.0,-4.095148086547852,-5.282400131225586,-1.187252163887024,-0.0881388783454895,3.605806916539796,-12.879354476928711,-11.807018280029297,1.0723366737365723,1.5221648216247559,2.1911984331213787
"{'osm_id': 355106739, 'osm_type': 'yes'}",chennai_bld_001500,1,1,100.0,-5.105903148651123,-2.7143125534057617,2.3915905952453613,2.3915905952453613,0.0,-11.595073699951172,-4.862974166870117,6.732099533081055,6.732099533081055,0.0
"{'osm_id': 355106740, 'osm_type': 'yes'}",chennai_bld_001501,2,2,100.0,-0.10791665315628052,-3.0982918739318848,-2.990375280380249,-2.990375280380249,1.6473171710968018,-5.873452186584473,-5.7074079513549805,0.1660444736480713,0.1660444736480713,0.4769704341888428
"{'osm_id': 355106744, 'osm_type': 'yes'}",chennai_bld_001502,4,4,100.0,2.6282896995544434,1.8156766891479492,-0.8126128315925598,-1.0587174892425537,1.0929614821413796,-11.670456886291504,-8.75691032409668,2.913545846939087,2.917968988418579,1.4699304073357053
"{'osm_id': 355106745, 'osm_type': 'yes'}",chennai_bld_001503,3,3,100.0,-1.7340197563171387,-5.1460316975911455,-3.4120121002197266,-3.883312702178955,1.2388382913634812,-11.822006225585938,-9.731585184733072,2.0904205640157065,1.3567752838134766,2.3189706153138108
"{'osm_id': 355106750, 'osm_type': 'yes'}",chennai_bld_001504,2,2,100.0,-2.0095372200012207,-6.174291133880615,-4.1647539138793945,-4.1647539138793945,0.3735077381134794,-13.316816329956055,-13.610284805297852,-0.2934689521789551,-0.2934689521789551,0.29977941513061523
"{'osm_id': 355106757, 'osm_type': 'yes'}",chennai_bld_001505,4,4,100.0,-5.440057754516602,-4.651090621948242,0.788967490196228,0.26103633642196655,1.8776757747699309,-9.75148868560791,-11.684420585632324,-1.9329323768615723,-1.5371689796447754,1.4218846135915508
"{'osm_id': 355106763, 'osm_type': 'yes'}",chennai_bld_001506,2,2,100.0,0.2633082866668701,-1.8669908046722412,-2.1302990913391113,-2.1302990913391113,0.7316689491271973,-11.755411148071289,-8.757773399353027,2.9976372718811035,2.9976372718811035,1.4655489921569824
"{'osm_id': 355106766, 'osm_type': 'yes'}",chennai_bld_001507,2,2,100.0,-4.782381057739258,-4.311466217041016,0.4709146022796631,0.4709146022796631,3.2653443813323975,-13.612032890319824,-14.120607376098633,-0.5085749626159668,-0.5085749626159668,1.18986177444458
"{'osm_id': 355106775, 'osm_type': 'yes'}",chennai_bld_001508,4,4,100.0,-3.5447616577148438,-6.459266662597656,-2.9145047664642334,-2.946537494659424,2.4566567874987406,-12.312238693237305,-11.420440673828125,0.8917984962463379,1.2592658996582031,2.8560518503444827
"{'osm_id': 355106776, 'osm_type': 'yes'}",chennai_bld_001509,2,2,100.0,-3.0446743965148926,-4.480387210845947,-1.4357130527496338,-1.4357130527496338,3.9113762378692627,-10.628202438354492,-12.0654935836792,-1.4372906684875488,-1.4372906684875488,0.24516725540161133
"{'osm_id': 355106777, 'osm_type': 'yes'}",chennai_bld_001510,4,4,100.0,-7.233013153076172,-5.442287921905518,1.790725827217102,1.501563549041748,1.5365988766019278,-11.709141731262207,-11.475919723510742,0.23322248458862305,-0.1897592544555664,2.1165910752589947
"{'osm_id': 355106779, 'osm_type': 'yes'}",chennai_bld_001511,3,3,100.0,-4.307592391967773,-3.3061084747314453,1.0014843146006267,-0.3678603172302246,3.105839058460537,-8.684927622477213,-9.377546946207682,-0.6926199595133463,-0.5455722808837891,0.8949535997670272
"{'osm_id': 355106788, 'osm_type': 'yes'}",chennai_bld_001512,2,2,100.0,-3.179934501647949,-3.8283467292785645,-0.6484123468399048,-0.6484123468399048,0.2805520296096802,-7.930914402008057,-7.258035659790039,0.6728785037994385,0.6728785037994385,0.3503553867340088
"{'osm_id': 355106790, 'osm_type': 'yes'}",chennai_bld_001513,2,2,100.0,-5.399933815002441,-5.901886940002441,-0.501953125,-0.501953125,0.7292399406433105,-9.091209411621094,-11.419904708862305,-2.328695774078369,-2.328695774078369,1.8161396980285645
"{'osm_id': 355106791, 'osm_type': 'yes'}",chennai_bld_001514,3,3,100.0,0.34615131219228107,-0.8084520498911539,-1.1546033223470051,-1.7195582389831543,3.4358474704428223,-14.860270182291666,-14.213420867919922,0.6468499501546224,0.0028743743896484375,1.7592145316696337
"{'osm_id': 355106796, 'osm_type': 'yes'}",chennai_bld_001515,2,2,100.0,-0.5613425970077515,-3.0466690063476562,-2.4853265285491943,-2.4853265285491943,1.9772941470146188,-12.468681335449219,-12.879419326782227,-0.410738468170166,-0.410738468170166,1.851006031036377
"{'osm_id': 355106797, 'osm_type': 'yes'}",chennai_bld_001516,3,3,100.0,-5.652102788289388,-7.330314636230469,-1.6782113711039226,-1.7879257202148438,0.5087193808147751,-14.18194580078125,-14.644376118977865,-0.4624290466308594,0.3707571029663086,1.197464377075168
"{'osm_id': 355106798, 'osm_type': 'yes'}",chennai_bld_001517,2,2,100.0,-3.3830583095550537,-4.552557945251465,-1.169499397277832,-1.169499397277832,1.3967862129211426,-10.950109481811523,-10.832730293273926,0.11737918853759766,0.11737918853759766,0.6299352645874023
"{'osm_id': 355106799, 'osm_type': 'yes'}",chennai_bld_001518,4,4,100.0,2.171522378921509,1.019927978515625,-1.151594638824463,-1.111344575881958,1.6408938952277314,-8.992593765258789,-11.282065391540527,-2.2894721031188965,-2.799760341644287,2.2532713855091924
"{'osm_id': 355106803, 'osm_type': 'yes'}",chennai_bld_001519,2,2,100.0,2.8204457759857178,0.017231106758117676,-2.8032147884368896,-2.8032147884368896,1.634904146194458,-6.194503307342529,-7.076905250549316,-0.8824019432067871,-0.8824019432067871,2.8011865615844727
"{'osm_id': 355106814, 'osm_type': 'yes'}",chennai_bld_001520,4,4,100.0,-3.193866729736328,-2.6379990577697754,0.5558678507804871,0.3132702708244324,1.263620659189206,-10.713191986083984,-10.440549850463867,0.27264153957366943,-0.11092114448547363,2.10993099628305
"{'osm_id': 355106821, 'osm_type': 'yes'}",chennai_bld_001521,3,3,100.0,-1.8747798601786296,-3.2094478607177734,-1.3346678415934246,-1.9460678100585938,1.5049281794653735,-13.14340591430664,-11.143694559733072,1.999711036682129,1.615706443786621,3.187879359294748
"{'osm_id': 355106826, 'osm_type': 'yes'}",chennai_bld_001522,4,4,100.0,-2.2665746212005615,-3.1598517894744873,-0.8932773470878601,-0.3508416414260864,2.8199926244367908,-11.034024238586426,-12.075614929199219,-1.0415899753570557,-1.4372906684875488,1.6030053062073704
"{'osm_id': 355106827, 'osm_type': 'yes'}",chennai_bld_001523,5,5,100.0,-2.9385271072387695,-4.56622200012207,-1.627694320678711,-1.3121393918991089,1.249204544230005,-10.040419006347657,-10.894211578369141,-0.853792953491211,-1.696446418762207,2.3024625721674665
"{'osm_id': 355106830, 'osm_type': 'yes'}",chennai_bld_001524,4,4,100.0,-1.9539158344268799,-2.678050994873047,-0.7241348624229431,-1.6038017272949219,1.81873209284097,-8.531238555908203,-6.8784074783325195,1.6528306007385254,0.17960023880004883,2.963029085698873
"{'osm_id': 355106833, 'osm_type': 'yes'}",chennai_bld_001525,4,4,100.0,-2.971072196960449,-0.9313521385192871,2.039720058441162,1.9936540126800537,1.0841116869218703,-14.111655235290527,-14.584981918334961,-0.4733262062072754,-0.7170171737670898,4.751279633368801
"{'osm_id': 355106834, 'osm_type': 'yes'}",chennai_bld_001526,4,4,100.0,-4.431858539581299,-6.180538177490234,-1.7486799955368042,-1.8041151762008667,0.576842974055876,-12.003057479858398,-12.423334121704102,-0.4202761650085449,-0.35093021392822266,1.285824786050228
"{'osm_id': 355106838, 'osm_type': 'yes'}",chennai_bld_001527,4,4,100.0,-1.5486564636230469,-3.2572779655456543,-1.7086215019226074,-0.8673228025436401,1.9085494708859396,-11.286709785461426,-10.306354522705078,0.9803562164306641,1.1387991905212402,1.5012202963054024
"{'osm_id': 355106842, 'osm_type': 'yes'}",chennai_bld_001528,3,3,100.0,-1.0606581370035808,-3.62633482615153,-2.56567653020223,-4.2366790771484375,3.566804440245125,-11.23534901936849,-8.130480448404947,3.1048685709635415,2.886683464050293,2.8766880746388463
"{'osm_id': 355106847, 'osm_type': 'yes'}",chennai_bld_001529,1,1,100.0,6.272828102111816,4.971843719482422,-1.3009843826293945,-1.3009843826293945,0.0,-9.93198013305664,-5.970010280609131,3.9619698524475098,3.9619698524475098,0.0
"{'osm_id': 355106853, 'osm_type': 'yes'}",chennai_bld_001530,4,4,100.0,-5.83219575881958,-2.4002790451049805,3.4319167137145996,2.82637357711792,1.1641322100077878,-11.41072940826416,-14.784759521484375,-3.3740298748016357,-2.6538171768188477,2.1727870325066463
"{'osm_id': 355106854, 'osm_type': 'yes'}",chennai_bld_001531,1,1,100.0,-1.4734805822372437,-0.929978609085083,0.5435019731521606,0.5435019731521606,0.0,-9.468342781066895,-7.293207168579102,2.175135612487793,2.175135612487793,0.0
"{'osm_id': 355106856, 'osm_type': 'yes'}",chennai_bld_001532,1,1,100.0,4.2577338218688965,3.089423179626465,-1.1683106422424316,-1.1683106422424316,0.0,-6.038131237030029,-4.119346618652344,1.9187846183776855,1.9187846183776855,0.0
"{'osm_id': 355106864, 'osm_type': 'yes'}",chennai_bld_001533,5,5,100.0,-2.253317451477051,-4.742693328857422,-2.489375686645508,-2.27565336227417,0.5242802947311863,-12.78259735107422,-15.771115112304688,-2.988516426086426,-3.669828414916992,2.8914872163804923
"{'osm_id': 355106875, 'osm_type': 'yes'}",chennai_bld_001534,2,2,100.0,-4.43673038482666,-3.2521772384643555,1.1845529079437256,1.1845529079437256,1.9584040641784668,-12.00390625,-14.631373405456543,-2.627467632293701,-2.627467632293701,2.111581325531006
"{'osm_id': 355106876, 'osm_type': 'yes'}",chennai_bld_001535,4,4,100.0,-0.35498613119125366,-2.3016979694366455,-1.946711778640747,-1.1666843891143799,1.9966802976175704,-11.257646560668945,-13.934664726257324,-2.677018642425537,-3.627265453338623,2.5589875172050704
"{'osm_id': 355106877, 'osm_type': 'yes'}",chennai_bld_001536,1,1,100.0,-3.57080078125,-3.5927317142486572,-0.021930932998657227,-0.021930932998657227,0.0,-8.231186866760254,-7.221330642700195,1.0098562240600586,1.0098562240600586,0.0
"{'osm_id': 355106885, 'osm_type': 'yes'}",chennai_bld_001537,13,13,100.0,-2.118993172278771,-3.35467529296875,-1.2356822674091046,-1.206371784210205,1.0955525434609714,-13.626687856820913,-13.876025860126202,-0.24933719635009766,0.33808040618896484,2.54707754110956
"{'osm_id': 355106886, 'osm_type': 'yes'}",chennai_bld_001538,2,2,100.0,-0.7797325849533081,-1.2948585748672485,-0.5151259899139404,-0.5151259899139404,1.4309417903423312,-11.812192916870117,-11.428401947021484,0.3837919235229492,0.3837919235229492,1.2319145202636719
"{'osm_id': 355106887, 'osm_type': 'yes'}",chennai_bld_001539,4,4,100.0,-2.926766872406006,-2.589970827102661,0.3367958962917328,0.25503009557724,1.7364192921833086,-13.403419494628906,-10.707006454467773,2.6964125633239746,2.9049882888793945,2.8568703333771426
"{'osm_id': 355106889, 'osm_type': 'yes'}",chennai_bld_001540,4,4,100.0,-1.6085255146026611,-5.211534023284912,-3.603008270263672,-2.5718886852264404,2.339819094954493,-13.764713287353516,-12.678662300109863,1.0860517024993896,1.0946121215820312,0.7690936064470889
"{'osm_id': 355106892, 'osm_type': 'yes'}",chennai_bld_001541,2,2,100.0,-2.9439966678619385,-3.1151018142700195,-0.1711050271987915,-0.1711050271987915,1.41712486743927,-12.793375015258789,-12.165494918823242,0.6278805732727051,0.6278805732727051,0.031687259674072266
"{'osm_id': 355106893, 'osm_type': 'yes'}",chennai_bld_001542,1,1,100.0,-1.4734805822372437,-0.929978609085083,0.5435019731521606,0.5435019731521606,0.0,-9.468342781066895,-7.293207168579102,2.175135612487793,2.175135612487793,0.0
"{'osm_id': 355412457, 'osm_type': 'yes'}",chennai_bld_001543,1,1,100.0,5.723948001861572,2.408708333969116,-3.315239667892456,-3.315239667892456,0.0,-10.906068801879883,-10.903606414794922,0.0024623870849609375,0.0024623870849609375,0.0
"{'osm_id': 355412461, 'osm_type': 'yes'}",chennai_bld_001544,4,4,100.0,-3.6914548873901367,-5.581607341766357,-1.8901526927947998,-1.2649414539337158,1.170230826154831,-9.852571487426758,-11.365154266357422,-1.5125832557678223,-1.8766679763793945,2.258018781457764
"{'osm_id': 355412462, 'osm_type': 'yes'}",chennai_bld_001545,1,1,100.0,3.2695367336273193,-2.5901687145233154,-5.859705448150635,-5.859705448150635,0.0,-12.732707977294922,-8.762001991271973,3.970705986022949,3.970705986022949,0.0
"{'osm_id': 355412463, 'osm_type': 'yes'}",chennai_bld_001546,2,2,100.0,8.03524112701416,10.858871459960938,2.8236300945281982,2.8236300945281982,3.7438886165618896,-13.120369911193848,-10.876117706298828,2.2442517280578613,2.2442517280578613,2.181000232696533
"{'osm_id': 355412465, 'osm_type': 'yes'}",chennai_bld_001547,1,1,100.0,-1.8533377647399902,-0.14220310747623444,1.711134672164917,1.711134672164917,0.0,-12.073650360107422,-13.207891464233398,-1.1342411041259766,-1.1342411041259766,0.0
"{'osm_id': 355412468, 'osm_type': 'yes'}",chennai_bld_001548,2,2,100.0,2.1488847732543945,-2.525557518005371,-4.674442291259766,-4.674442291259766,0.7354521751403809,-16.466236114501953,-13.189180374145508,3.27705717086792,3.27705717086792,0.6062655448913574
"{'osm_id': 355412469, 'osm_type': 'yes'}",chennai_bld_001549,1,1,100.0,-7.985733985900879,-2.0830280780792236,5.902706146240234,5.902706146240234,0.0,-9.551900863647461,-11.763420104980469,-2.211519241333008,-2.211519241333008,0.0
"{'osm_id': 355412470, 'osm_type': 'yes'}",chennai_bld_001550,4,4,100.0,-1.4072903394699097,-4.606075763702393,-3.1987855434417725,-3.5735840797424316,2.860466445502504,-9.08028793334961,-10.318857192993164,-1.2385692596435547,-0.7588672637939453,1.3963236917095458
"{'osm_id': 355412474, 'osm_type': 'yes'}",chennai_bld_001551,4,4,100.0,-4.891594886779785,-4.579525947570801,0.3120691180229187,1.5331393480300903,2.8662409868233802,-10.5181303024292,-11.58270263671875,-1.0645725727081299,-0.6822576522827148,2.371452067395817
"{'osm_id': 355412476, 'osm_type': 'yes'}",chennai_bld_001552,2,2,100.0,-1.881702184677124,-3.145890951156616,-1.2641886472702026,-1.2641886472702026,2.9753233194351196,-10.859188079833984,-10.918127059936523,-0.05893898010253906,-0.05893898010253906,1.0753021240234375
"{'osm_id': 355412479, 'osm_type': 'yes'}",chennai_bld_001553,4,4,100.0,-3.062486171722412,-4.19313907623291,-1.130652666091919,-1.589992642402649,2.089349696779023,-11.006501197814941,-13.514583587646484,-2.508082628250122,-2.7639293670654297,0.8177200944293281
"{'osm_id': 355412483, 'osm_type': 'yes'}",chennai_bld_001554,2,2,100.0,8.76688003540039,4.994639873504639,-3.772239923477173,-3.772239923477173,3.6327974796295166,-10.026135444641113,-12.655920028686523,-2.6297850608825684,-2.6297850608825684,2.5469021797180176
"{'osm_id': 355412484, 'osm_type': 'yes'}",chennai_bld_001555,4,4,100.0,-2.2811484336853027,-3.1943955421447754,-0.9132471084594727,-0.834181547164917,3.469126396506686,-14.013580322265625,-14.01678466796875,-0.003204822540283203,-0.05706644058227539,1.5432923974560557
"{'osm_id': 355412485, 'osm_type': 'yes'}",chennai_bld_001556,3,3,100.0,-0.9405023256937662,-1.4738556543986003,-0.533353328704834,-2.1051735877990723,2.6176582549184655,-11.124219258626303,-12.35497792561849,-1.2307583491007488,-1.0802364349365234,0.33750416673132355
"{'osm_id': 355412487, 'osm_type': 'yes'}",chennai_bld_001557,3,3,100.0,-3.6414368947347007,-2.952142079671224,0.6892948150634766,1.1303369998931885,1.8222061086836372,-10.62949307759603,-11.12246322631836,-0.49297014872233075,2.3117008209228516,4.436604700355139
"{'osm_id': 355412489, 'osm_type': 'yes'}",chennai_bld_001558,4,4,100.0,-3.4645018577575684,-4.8130950927734375,-1.3485934734344482,-1.4454991817474365,0.6242681511457069,-8.488056182861328,-10.380136489868164,-1.8920801877975464,-1.3324215412139893,1.9572783422343674
"{'osm_id': 355412490, 'osm_type': 'yes'}",chennai_bld_001559,2,2,100.0,1.6790213584899902,0.3664264678955078,-1.3125948905944824,-1.3125948905944824,0.034717261791280415,-12.871997833251953,-14.329955101013184,-1.4579577445983887,-1.4579577445983887,0.7569565773010254
"{'osm_id': 355412491, 'osm_type': 'yes'}",chennai_bld_001560,4,4,100.0,-1.9877326488494873,-3.8248658180236816,-1.8371332883834839,-3.3028392791748047,4.442418595951344,-12.114727020263672,-10.666202545166016,1.4485244750976562,1.5739412307739258,2.527685003003902
"{'osm_id': 355412492, 'osm_type': 'yes'}",chennai_bld_001561,5,5,100.0,-4.894116973876953,-4.521239471435547,0.37287750244140627,-0.8314089775085449,2.3670235731801603,-12.381051635742187,-12.512605285644531,-0.13155345916748046,-0.17435455322265625,2.5039055665079646
"{'osm_id': 355412493, 'osm_type': 'yes'}",chennai_bld_001562,2,2,100.0,3.2485337257385254,4.328554153442383,1.0800201892852783,1.0800201892852783,4.113170385360718,-11.790000915527344,-8.891408920288086,2.898592948913574,2.898592948913574,2.350031852722168
"{'osm_id': 355412494, 'osm_type': 'yes'}",chennai_bld_001563,2,2,100.0,0.6322863101959229,-2.1967663764953613,-2.8290529251098633,-2.8290529251098633,4.297574996948242,-6.229636192321777,-7.730328559875488,-1.500692367553711,-1.500692367553711,1.3823232650756836
"{'osm_id': 355412496, 'osm_type': 'yes'}",chennai_bld_001564,2,2,100.0,0.3311757445335388,0.5561966896057129,0.2250211238861084,0.2250211238861084,5.2164552211761475,-15.155440330505371,-13.045458793640137,2.1099815368652344,2.1099815368652344,2.392486572265625
"{'osm_id': 355412497, 'osm_type': 'yes'}",chennai_bld_001565,2,2,100.0,3.9313833713531494,0.843142569065094,-3.0882408618927,-3.0882408618927,1.9597012996673584,-10.385208129882812,-13.949834823608398,-3.564627170562744,-3.564627170562744,2.3504672050476074
"{'osm_id': 355412499, 'osm_type': 'yes'}",chennai_bld_001566,4,4,100.0,-0.24234667420387268,0.3296244740486145,0.5719711780548096,-0.7393937706947327,2.500801420145595,-10.292672157287598,-9.8041410446167,0.48853087425231934,0.251800537109375,1.1668650847662747
"{'osm_id': 355412500, 'osm_type': 'yes'}",chennai_bld_001567,4,4,100.0,-2.916321277618408,-4.261131286621094,-1.3448095321655273,-0.8090343475341797,1.2424326086264765,-9.948638916015625,-9.160037994384766,0.7886000871658325,0.749152660369873,1.0641804056662705
"{'osm_id': 355412501, 'osm_type': 'yes'}",chennai_bld_001568,2,2,100.0,1.2542263269424438,-3.333265781402588,-4.587491989135742,-4.587491989135742,3.39560818672181,-11.11491584777832,-11.323405265808105,-0.20848989486694336,-0.20848989486694336,3.231309413909912
"{'osm_id': 355412503, 'osm_type': 'yes'}",chennai_bld_001569,2,2,100.0,-4.43673038482666,-3.2521772384643555,1.1845529079437256,1.1845529079437256,1.9584040641784668,-12.00390625,-14.631373405456543,-2.627467632293701,-2.627467632293701,2.111581325531006
"{'osm_id': 355412505, 'osm_type': 'yes'}",chennai_bld_001570,2,2,100.0,-4.108213424682617,-3.8419113159179688,0.2663019895553589,0.2663019895553589,1.0479031801223755,-13.374856948852539,-10.17896556854248,3.195891857147217,3.195891857147217,1.52311372756958
"{'osm_id': 355412506, 'osm_type': 'yes'}",chennai_bld_001571,4,4,100.0,-0.10046446323394775,-0.11509436368942261,-0.014629960060119629,0.6521542072296143,3.2615041534391715,-13.957198143005371,-11.531569480895996,2.425628662109375,1.8977763652801514,2.2469114254430003
"{'osm_id': 355412507, 'osm_type': 'yes'}",chennai_bld_001572,2,2,100.0,-3.960566997528076,-4.8624958992004395,-0.9019287824630737,-0.9019287824630737,1.1453508138656616,-11.68983268737793,-14.36335277557373,-2.6735196113586426,-2.6735196113586426,2.5663838386535645
"{'osm_id': 355412508, 'osm_type': 'yes'}",chennai_bld_001573,2,2,100.0,-0.391595721244812,0.9085872173309326,1.3001829385757446,1.3001829385757446,0.2673832178115845,-14.417405128479004,-12.227869033813477,2.1895360946655273,2.1895360946655273,1.1932802200317383
"{'osm_id': 355412512, 'osm_type': 'yes'}",chennai_bld_001574,5,5,100.0,-2.740982246398926,-1.724626350402832,1.0163557052612304,1.1940993070602417,2.5145477636131255,-12.274758911132812,-12.903201293945312,-0.6284423828125,-1.1587800979614258,2.139274060683763
"{'osm_id': 355412513, 'osm_type': 'yes'}",chennai_bld_001575,2,2,100.0,6.879671096801758,9.083953857421875,2.204282283782959,2.204282283782959,3.0093674659729004,-13.370643615722656,-11.09378433227539,2.276858329772949,2.276858329772949,0.6360816955566406
"{'osm_id': 355412514, 'osm_type': 'yes'}",chennai_bld_001576,2,2,100.0,-3.9459877014160156,-6.437831878662109,-2.4918441772460938,-2.4918441772460938,0.45079576969148305,-11.30362606048584,-10.423748970031738,0.8798770904541016,0.8798770904541016,0.9183950424194336
"{'osm_id': 355412515, 'osm_type': 'yes'}",chennai_bld_001577,2,2,100.0,-4.01544713973999,-5.966706275939941,-1.951258897781372,-1.951258897781372,2.28825306892395,-12.306554794311523,-9.206550598144531,3.100004196166992,3.100004196166992,2.0836410522460938
"{'osm_id': 355412521, 'osm_type': 'yes'}",chennai_bld_001578,2,2,100.0,0.8123217821121216,-0.8436923027038574,-1.656014084815979,-1.656014084815979,1.4697307348251343,-9.711347579956055,-10.838458061218262,-1.127110481262207,-1.127110481262207,0.1415548324584961
"{'osm_id': 355412523, 'osm_type': 'yes'}",chennai_bld_001579,2,2,100.0,6.227230072021484,2.870579957962036,-3.3566501140594482,-3.3566501140594482,2.007733106613159,-11.062137603759766,-11.798203468322754,-0.7360653877258301,-0.7360653877258301,0.44072580337524414
"{'osm_id': 355412526, 'osm_type': 'yes'}",chennai_bld_001580,2,2,100.0,2.5858922004699707,0.4832862615585327,-2.1026058197021484,-2.1026058197021484,2.5651627779006985,-10.691415786743164,-14.639973640441895,-3.9485578536987305,-3.9485578536987305,1.4550390243530273
"{'osm_id': 355412530, 'osm_type': 'yes'}",chennai_bld_001581,2,2,100.0,2.1823318004608154,4.009038925170898,1.8267070055007935,1.8267070055007935,0.9044331312179565,-14.03115463256836,-13.831941604614258,0.19921255111694336,0.19921255111694336,2.217904567718506
"{'osm_id': 355412533, 'osm_type': 'yes'}",chennai_bld_001582,4,4,100.0,-2.903773784637451,-1.6579543352127075,1.2458195686340332,1.5060930252075195,0.8987313771422489,-9.295476913452148,-10.367539405822754,-1.072062611579895,-1.1966683864593506,1.7293637437116114
"{'osm_id': 355412534, 'osm_type': 'yes'}",chennai_bld_001583,2,2,100.0,3.2764720916748047,2.4048705101013184,-0.8716018199920654,-0.8716018199920654,0.6963393688201904,-9.25643539428711,-10.279609680175781,-1.0231742858886719,-1.0231742858886719,1.1088933944702148
"{'osm_id': 355412535, 'osm_type': 'yes'}",chennai_bld_001584,6,6,100.0,0.036385481556256614,-1.8252188364664714,-1.861604372660319,-1.4916958808898926,2.8884831178577266,-9.678813934326172,-12.033030192057291,-2.354215939839681,-1.974008560180664,1.8266422081343618
"{'osm_id': 355412537, 'osm_type': 'yes'}",chennai_bld_001585,2,2,100.0,-6.730685234069824,-4.966185092926025,1.7645001411437988,1.7645001411437988,1.274470329284668,-14.109441757202148,-15.958616256713867,-1.849174976348877,-1.849174976348877,0.7875008583068848
"{'osm_id': 355412538, 'osm_type': 'yes'}",chennai_bld_001586,2,2,100.0,-4.0071282386779785,-5.7782673835754395,-1.771139144897461,-1.771139144897461,1.5288424491882324,-11.319276809692383,-11.588249206542969,-0.26897239685058594,-0.26897239685058594,1.330195426940918
"{'osm_id': 355412539, 'osm_type': 'yes'}",chennai_bld_001587,4,4,100.0,0.21053266525268555,-3.058199167251587,-3.2687315940856934,-1.9946426153182983,2.8521957604574437,-12.107870101928711,-15.380228042602539,-3.272357225418091,-3.2068238258361816,2.0519822551304445
"{'osm_id': 355412540, 'osm_type': 'yes'}",chennai_bld_001588,2,2,100.0,8.04836368560791,5.939399242401123,-2.1089649200439453,-2.1089649200439453,3.358389973640444,-6.6948323249816895,-8.351920127868652,-1.657088041305542,-1.657088041305542,0.026606321334838867
"{'osm_id': 355412542, 'osm_type': 'yes'}",chennai_bld_001589,2,2,100.0,-1.3847564458847046,-3.825028657913208,-2.440272331237793,-2.440272331237793,2.4407272338867188,-10.023954391479492,-10.3718843460083,-0.3479299545288086,-0.3479299545288086,1.7561826705932617
"{'osm_id': 355412543, 'osm_type': 'yes'}",chennai_bld_001590,4,4,100.0,-2.074467897415161,-3.271854877471924,-1.1973870992660522,-1.8587181568145752,2.428031543675491,-14.961992263793945,-16.948314666748047,-1.9863224029541016,-2.0123844146728516,1.5128939758504747
"{'osm_id': 355412546, 'osm_type': 'yes'}",chennai_bld_001591,4,4,100.0,2.690967559814453,3.3550615310668945,0.6640939116477966,-0.34554100036621094,2.990051564965497,-14.207427024841309,-13.807729721069336,0.39969682693481445,0.8997011184692383,1.7216305901765863
"{'osm_id': 355412547, 'osm_type': 'yes'}",chennai_bld_001592,3,3,100.0,-2.8032201131184897,-2.0212020874023438,0.7820180257161459,2.295412302017212,2.3562653693604054,-11.451307932535807,-14.201717376708984,-2.7504094441731772,-1.7048845291137695,2.4937616420142508
"{'osm_id': 355412549, 'osm_type': 'yes'}",chennai_bld_001593,3,3,100.0,4.07915465037028,3.9527320861816406,-0.1264225641886393,0.13956832885742188,2.9719663608162366,-12.658991495768229,-13.286251068115234,-0.6272595723470052,-0.4429893493652344,2.395975048609037
"{'osm_id': 355412552, 'osm_type': 'yes'}",chennai_bld_001594,4,4,100.0,5.875730514526367,5.034304618835449,-0.8414252996444702,-1.0323457717895508,2.6099767577620065,-11.501845359802246,-11.319839477539062,0.1820063591003418,1.2112388610839844,3.0420792542825166
"{'osm_id': 355412554, 'osm_type': 'yes'}",chennai_bld_001595,2,2,100.0,-0.25989145040512085,1.309833288192749,1.5697247982025146,1.5697247982025146,1.3450568318367018,-8.262874603271484,-5.8713531494140625,2.391521692276001,2.391521692276001,2.5795576572418213
"{'osm_id': 355412556, 'osm_type': 'yes'}",chennai_bld_001596,4,4,100.0,-3.175851821899414,-5.439725399017334,-2.263873338699341,-1.707327961921692,1.6031581761716216,-13.37228012084961,-11.970233917236328,1.4020471572875977,0.8127436637878418,1.17584075857577
"{'osm_id': 355412557, 'osm_type': 'yes'}",chennai_bld_001597,2,2,100.0,-5.587536811828613,-1.8999392986297607,3.6875975131988525,3.6875975131988525,1.576120138168335,-13.357081413269043,-13.393714904785156,-0.03663349151611328,-0.03663349151611328,1.1342153549194336
"{'osm_id': 355412558, 'osm_type': 'yes'}",chennai_bld_001598,2,2,100.0,-0.17200253903865814,-2.4382171630859375,-2.266214609146118,-2.266214609146118,0.38385462760925293,-11.590211868286133,-12.821891784667969,-1.2316794395446777,-1.2316794395446777,0.46660375595092773
"{'osm_id': 355412559, 'osm_type': 'yes'}",chennai_bld_001599,2,2,100.0,-0.7563878297805786,-2.8441827297210693,-2.087794780731201,-2.087794780731201,2.224912166595459,-11.542217254638672,-11.462539672851562,0.07967758178710938,0.07967758178710938,3.793259620666504
"{'osm_id': 355412561, 'osm_type': 'yes'}",chennai_bld_001600,3,3,100.0,-1.424045244852702,4.322295506795247,5.746340433756511,2.836193561553955,4.422065830970809,-14.645642598470053,-14.930608113606771,-0.28496519724527997,0.10793018341064453,1.2341716797656128
"{'osm_id': 355412562, 'osm_type': 'yes'}",chennai_bld_001601,2,2,100.0,3.4109671115875244,0.263748437166214,-3.147218704223633,-3.147218704223633,0.418157696723955,-11.544954299926758,-14.568138122558594,-3.0231833457946777,-3.0231833457946777,1.1139931678771973
"{'osm_id': 355412564, 'osm_type': 'yes'}",chennai_bld_001602,4,4,100.0,-0.25737881660461426,2.939081907272339,3.196460723876953,2.3722102642059326,2.411624463915878,-11.302144050598145,-9.68419075012207,1.6179534196853638,1.8784384727478027,3.5475885408765215
"{'osm_id': 355412566, 'osm_type': 'yes'}",chennai_bld_001603,4,4,100.0,-5.168498992919922,-6.310258865356445,-1.1417596340179443,-1.4485269784927368,1.6212105853011254,-10.573729515075684,-9.320079803466797,1.2536492347717285,1.3664226531982422,1.208845135757114
"{'osm_id': 355412567, 'osm_type': 'yes'}",chennai_bld_001604,4,4,100.0,-3.175109386444092,-4.804072380065918,-1.6289633512496948,-1.4867875576019287,1.1003014571238654,-9.947088241577148,-11.19491958618164,-1.247831106185913,-1.85184907913208,1.3602704801523546
"{'osm_id': 355412568, 'osm_type': 'yes'}",chennai_bld_001605,4,4,100.0,-3.206434726715088,-6.213996410369873,-3.007561683654785,-3.0099599361419678,1.7798441806737526,-8.505476951599121,-12.168403625488281,-3.6629276275634766,-2.9965660572052,2.715702217543739
"{'osm_id': 355412569, 'osm_type': 'yes'}",chennai_bld_001606,5,5,100.0,-0.7948161602020264,-0.45053515434265134,0.3442809581756592,-0.3575468063354492,2.502897534492473,-10.804022216796875,-11.493095397949219,-0.6890722274780273,-1.0981521606445312,1.6018683947991748
"{'osm_id': 355412570, 'osm_type': 'yes'}",chennai_bld_001607,5,5,100.0,4.007957077026367,3.5094600677490235,-0.49849710464477537,-0.175262451171875,1.5220114909784181,-10.527462768554688,-9.28123779296875,1.2462249755859376,0.22654247283935547,3.023360069062948
"{'osm_id': 355412572, 'osm_type': 'yes'}",chennai_bld_001608,2,2,100.0,-0.42516207695007324,-3.598219156265259,-3.1730570793151855,-3.1730570793151855,1.4034252166748047,-14.217103958129883,-17.71007537841797,-3.4929709434509277,-3.4929709434509277,4.013166904449463
"{'osm_id': 355412573, 'osm_type': 'yes'}",chennai_bld_001609,5,5,100.0,-3.148150634765625,-4.420155334472656,-1.2720048904418946,-0.887359619140625,3.680093427874533,-10.896415710449219,-10.419447326660157,0.4769683837890625,-0.5581398010253906,4.002386301747857
"{'osm_id': 355412575, 'osm_type': 'yes'}",chennai_bld_001610,2,2,100.0,-2.107954978942871,-3.7969706058502197,-1.6890156269073486,-1.6890156269073486,2.5183413326740265,-8.375734329223633,-9.315820693969727,-0.9400863647460938,-0.9400863647460938,2.1283645629882812
"{'osm_id': 355412576, 'osm_type': 'yes'}",chennai_bld_001611,2,2,100.0,0.26632973551750183,-1.4881259202957153,-1.75445556640625,-1.75445556640625,0.8727488219738012,-11.355684280395508,-8.712722778320312,2.6429615020751953,2.6429615020751953,0.1148824691772461
"{'osm_id': 355412577, 'osm_type': 'yes'}",chennai_bld_001612,4,4,100.0,-0.7960219383239746,0.25991129875183105,1.0559332370758057,1.9253515005111694,2.2550763425148856,-13.725467681884766,-16.608518600463867,-2.8830504417419434,-3.252641201019287,1.1411406334554375
"{'osm_id': 355412579, 'osm_type': 'yes'}",chennai_bld_001613,4,4,100.0,-1.965111494064331,-2.185279130935669,-0.22016757726669312,-0.07894110679626465,2.8497034390418103,-11.15153694152832,-9.418529510498047,1.7330074310302734,0.6134653091430664,3.3497736427838465
"{'osm_id': 355412582, 'osm_type': 'yes'}",chennai_bld_001614,1,1,100.0,-1.5095176696777344,-1.9182215929031372,-0.40870392322540283,-0.40870392322540283,0.0,-11.958372116088867,-6.193819046020508,5.764553070068359,5.764553070068359,0.0
"{'osm_id': 355412583, 'osm_type': 'yes'}",chennai_bld_001615,2,2,100.0,-5.035575866699219,-3.235124111175537,1.8004515171051025,1.8004515171051025,4.115023374557495,-10.371956825256348,-10.688051223754883,-0.31609487533569336,-0.31609487533569336,1.3326659202575684
"{'osm_id': 355412584, 'osm_type': 'yes'}",chennai_bld_001616,4,4,100.0,-7.040648460388184,-6.373139381408691,0.6675095558166504,0.7314777374267578,1.827892364887645,-8.58862018585205,-11.41972541809082,-2.831106185913086,-2.9586682319641113,2.9590077408050317
"{'osm_id': 355412586, 'osm_type': 'yes'}",chennai_bld_001617,4,4,100.0,-3.3162593841552734,-6.443181037902832,-3.1269211769104004,-4.005786895751953,2.4541937967576666,-11.730738639831543,-13.58865737915039,-1.8579199314117432,-1.456148624420166,2.7657236483177607
"{'osm_id': 355412587, 'osm_type': 'yes'}",chennai_bld_001618,2,2,100.0,1.5960065126419067,0.9542328119277954,-0.6417737007141113,-0.6417737007141113,2.7173633575439453,-14.381141662597656,-14.508350372314453,-0.12720823287963867,-0.12720823287963867,1.658775806427002
"{'osm_id': 355412591, 'osm_type': 'yes'}",chennai_bld_001619,4,4,100.0,1.59156334400177,0.8565179109573364,-0.7350456714630127,-1.0147242546081543,3.6653561796960736,-9.401823043823242,-8.943876266479492,0.45794641971588135,0.515110969543457,2.6781727382272935
"{'osm_id': 355412592, 'osm_type': 'yes'}",chennai_bld_001620,1,1,100.0,-1.7758445739746094,-1.8506814241409302,-0.0748368501663208,-0.0748368501663208,0.0,-8.42186450958252,-12.321884155273438,-3.900019645690918,-3.900019645690918,0.0
"{'osm_id': 355412594, 'osm_type': 'yes'}",chennai_bld_001621,4,4,100.0,-3.8092076778411865,-3.9475903511047363,-0.13838261365890503,0.478801965713501,1.7064918844769448,-12.005658149719238,-12.137592315673828,-0.13193368911743164,-0.39881277084350586,3.0625199779064824
"{'osm_id': 355412596, 'osm_type': 'yes'}",chennai_bld_001622,2,2,100.0,-5.25684928894043,-2.4399166107177734,2.8169326782226562,2.8169326782226562,0.49023401737214584,-7.096724510192871,-11.356806755065918,-4.260082244873047,-4.260082244873047,6.4990081787109375
"{'osm_id': 355412598, 'osm_type': 'yes'}",chennai_bld_001623,3,3,100.0,1.5835142135620117,-1.5209859212239583,-3.10450013478597,-2.549137592315674,1.562400142395636,-16.3131103515625,-15.550863901774088,0.7622458140055338,0.2384481430053711,2.234889709677589
"{'osm_id': 355412599, 'osm_type': 'yes'}",chennai_bld_001624,4,4,100.0,2.244077205657959,-0.4361857771873474,-2.6802632808685303,-4.279323577880859,3.399082994755939,-9.652186393737793,-12.365726470947266,-2.7135396003723145,-2.893528699874878,1.0348205934671002
"{'osm_id': 355412600, 'osm_type': 'yes'}",chennai_bld_001625,2,2,100.0,1.5792691707611084,1.0200237035751343,-0.5592455863952637,-0.5592455863952637,7.720396518707275,-10.806726455688477,-10.262762069702148,0.5439643859863281,0.5439643859863281,4.189435958862305
"{'osm_id': 355412601, 'osm_type': 'yes'}",chennai_bld_001626,2,2,100.0,-1.8877975940704346,-7.239898681640625,-5.3521013259887695,-5.3521013259887695,1.8003077507019043,-11.628191947937012,-11.587149620056152,0.041042327880859375,0.041042327880859375,0.20890331268310547
"{'osm_id': 355412602, 'osm_type': 'yes'}",chennai_bld_001627,2,2,100.0,3.6758766174316406,3.243335247039795,-0.4325413703918457,-0.4325413703918457,1.5463359355926514,-10.341060638427734,-9.605281829833984,0.73577880859375,0.73577880859375,2.5167236328125
"{'osm_id': 355412603, 'osm_type': 'yes'}",chennai_bld_001628,2,2,100.0,-0.8212732076644897,-5.848206520080566,-5.026933670043945,-5.026933670043945,5.0276024341583305,-10.333335876464844,-6.18148136138916,4.151854038238525,4.151854038238525,1.8000755310058594
"{'osm_id': 355412604, 'osm_type': 'yes'}",chennai_bld_001629,2,2,100.0,-3.9191675186157227,-4.741610050201416,-0.8224424123764038,-0.8224424123764038,2.2169188261032104,-11.29592514038086,-14.370769500732422,-3.074843406677246,-3.074843406677246,1.725454330444336
"{'osm_id': 355412607, 'osm_type': 'yes'}",chennai_bld_001630,2,2,100.0,-2.6758956909179688,-3.8351597785949707,-1.1592639684677124,-1.1592639684677124,0.8417643308639526,-10.175792694091797,-8.716144561767578,1.459648609161377,1.459648609161377,0.0003361701965332031
"{'osm_id': 355412609, 'osm_type': 'yes'}",chennai_bld_001631,3,3,100.0,-0.12099419037501018,-0.7549810409545898,-0.6339868307113647,-1.434908151626587,1.8759939957467968,-12.516857147216797,-9.891024271647135,2.6258328755696616,2.700242042541504,2.918345695641722
"{'osm_id': 355412610, 'osm_type': 'yes'}",chennai_bld_001632,2,2,100.0,-2.410367012023926,-7.052821159362793,-4.642454147338867,-4.642454147338867,1.5848135948181152,-12.319561004638672,-13.129383087158203,-0.8098230361938477,-0.8098230361938477,0.5431184768676758
"{'osm_id': 355412611, 'osm_type': 'yes'}",chennai_bld_001633,4,4,100.0,5.474173545837402,2.8864808082580566,-2.587693214416504,-2.627382278442383,1.159763374051152,-12.193836212158203,-12.318490982055664,-0.12465381622314453,-1.393549919128418,2.7498673878558724
"{'osm_id': 355412614, 'osm_type': 'yes'}",chennai_bld_001634,2,2,100.0,-2.306959390640259,-7.574007034301758,-5.267047882080078,-5.267047882080078,0.5834169387817383,-11.374044418334961,-11.741236686706543,-0.36719274520874023,-0.36719274520874023,1.9873051643371582
"{'osm_id': 355412615, 'osm_type': 'yes'}",chennai_bld_001635,3,3,100.0,-2.1367451349894204,-3.280200640360514,-1.1434555053710938,-1.137707233428955,2.12670831597137,-9.763402303059896,-10.623135884602865,-0.8597338994344076,0.4447011947631836,2.091795693253108
"{'osm_id': 355412616, 'osm_type': 'yes'}",chennai_bld_001636,2,2,100.0,5.975944995880127,2.284379482269287,-3.6915652751922607,-3.6915652751922607,2.168140172958374,-15.627140998840332,-10.953373908996582,4.67376708984375,4.67376708984375,0.7030611038208008
"{'osm_id': 355412617, 'osm_type': 'yes'}",chennai_bld_001637,2,2,100.0,-4.265087604522705,-5.822893142700195,-1.5578055381774902,-1.5578055381774902,0.35222911834716797,-12.528099060058594,-9.309194564819336,3.2189040184020996,3.2189040184020996,2.0901741981506348
"{'osm_id': 355412619, 'osm_type': 'yes'}",chennai_bld_001638,2,2,100.0,-2.0931529998779297,-2.209615468978882,-0.1164623498916626,-0.1164623498916626,0.7959483861923218,-11.121898651123047,-9.352274894714355,1.7696242332458496,1.7696242332458496,0.9508185386657715
"{'osm_id': 355412624, 'osm_type': 'yes'}",chennai_bld_001639,3,3,100.0,-3.6122566858927407,-3.8345044453938804,-0.22224799791971842,-1.5476336479187012,2.5548534666295817,-15.63568369547526,-14.292243957519531,1.3434403737386067,1.6259746551513672,0.7854094537478803
"{'osm_id': 355412626, 'osm_type': 'yes'}",chennai_bld_001640,4,4,100.0,-2.8039839267730713,-5.019259452819824,-2.2152750492095947,-2.4701220989227295,2.0786273501027415,-10.517618179321289,-9.444499015808105,1.0731186866760254,0.7889342308044434,0.9681697131466849
"{'osm_id': 355412629, 'osm_type': 'yes'}",chennai_bld_001641,3,3,100.0,0.5028495788574219,1.7440818150838215,1.24123215675354,0.4625570774078369,1.654490812310567,-9.868902842203775,-12.108028411865234,-2.2391252517700195,-2.493518829345703,0.5689669688312806
"{'osm_id': 355412630, 'osm_type': 'yes'}",chennai_bld_001642,2,2,100.0,3.4610674381256104,3.486333131790161,0.02526569366455078,0.02526569366455078,3.8543872833251953,-8.811071395874023,-5.737261772155762,3.0738093852996826,3.0738093852996826,0.514326810836792
"{'osm_id': 355412631, 'osm_type': 'yes'}",chennai_bld_001643,2,2,100.0,-3.5719282627105713,-3.9819953441619873,-0.410067081451416,-0.410067081451416,0.5023436546325684,-8.193971633911133,-10.776704788208008,-2.582733631134033,-2.582733631134033,3.4015393257141113
"{'osm_id': 355412633, 'osm_type': 'yes'}",chennai_bld_001644,2,2,100.0,-8.580068588256836,-6.342334747314453,2.23773455619812,2.23773455619812,6.115893602371216,-9.565597534179688,-11.649698257446289,-2.0841002464294434,-2.0841002464294434,0.3118720054626465
"{'osm_id': 355412637, 'osm_type': 'yes'}",chennai_bld_001645,4,4,100.0,-3.862380266189575,-5.8218889236450195,-1.9595088958740234,-0.8852629661560059,2.0772096335468775,-10.193306922912598,-11.417535781860352,-1.224228858947754,-0.9928216934204102,1.989997055635954
"{'osm_id': 355412638, 'osm_type': 'yes'}",chennai_bld_001646,2,2,100.0,0.595123827457428,-0.39718878269195557,-0.9923126697540283,-0.9923126697540283,3.7234528064727783,-13.138899803161621,-13.831997871398926,-0.6930980682373047,-0.6930980682373047,1.3255939483642578
"{'osm_id': 355412640, 'osm_type': 'yes'}",chennai_bld_001647,5,5,100.0,-0.6722379684448242,-2.3845720291137695,-1.7123340606689452,-1.4361205101013184,1.4774672115450906,-11.965727996826171,-12.389693450927734,-0.4239652633666992,-1.3450307846069336,2.053591575787083
"{'osm_id': 355412641, 'osm_type': 'yes'}",chennai_bld_001648,4,4,100.0,1.3503735065460205,-2.4720582962036133,-3.8224315643310547,-3.745175361633301,0.6147131757975813,-10.638545989990234,-8.241559982299805,2.396986246109009,2.2024753093719482,2.273299630930656
"{'osm_id': 355412645, 'osm_type': 'yes'}",chennai_bld_001649,4,4,100.0,-3.802422523498535,-4.663530349731445,-0.861107587814331,-0.8218154907226562,0.3597962069818377,-10.074613571166992,-11.729613304138184,-1.6549999713897705,-1.3045334815979004,2.1878688056971356
"{'osm_id': 355412646, 'osm_type': 'yes'}",chennai_bld_001650,5,5,100.0,1.7519569396972656,-2.2052173614501953,-3.957174301147461,-4.003303527832031,1.7785488594093708,-15.491015625,-16.553134155273437,-1.0621185302734375,-1.6751747131347656,2.8548657465383878
"{'osm_id': 355412647, 'osm_type': 'yes'}",chennai_bld_001651,2,2,100.0,-5.39476203918457,-3.601836919784546,1.7929251194000244,1.7929251194000244,0.40354228019714355,-10.934255599975586,-13.549456596374512,-2.615200996398926,-2.615200996398926,0.6460409164428711
"{'osm_id': 355412648, 'osm_type': 'yes'}",chennai_bld_001652,2,2,100.0,4.127358436584473,-0.4036189317703247,-4.530977725982666,-4.530977725982666,0.761369347572336,-9.489574432373047,-12.418376922607422,-2.9288032054901123,-2.9288032054901123,0.8160626888275146
"{'osm_id': 355412649, 'osm_type': 'yes'}",chennai_bld_001653,2,2,100.0,-3.6593034267425537,-3.551506280899048,0.10779714584350586,0.10779714584350586,1.360724925994873,-9.691383361816406,-8.933679580688477,0.7577037811279297,0.7577037811279297,0.876072883605957
"{'osm_id': 355412651, 'osm_type': 'yes'}",chennai_bld_001654,4,4,100.0,1.2317904233932495,1.7556860446929932,0.5238955616950989,0.14982068538665771,2.177769889623756,-11.52242374420166,-12.037752151489258,-0.5153286457061768,-1.1993780136108398,2.3220440050074616
"{'osm_id': 355412652, 'osm_type': 'yes'}",chennai_bld_001655,4,4,100.0,4.771604061126709,4.045632362365723,-0.7259713411331177,-1.0583486557006836,3.0175546034402707,-12.475757598876953,-10.64912223815918,1.826636552810669,1.4004082679748535,2.85769075034962
"{'osm_id': 355412653, 'osm_type': 'yes'}",chennai_bld_001656,3,3,100.0,4.637027422587077,3.443248748779297,-1.1937785148620605,-0.3575468063354492,2.240001900790197,-9.309378306070963,-9.6175168355306,-0.3081378936767578,-0.4965391159057617,1.6745071901863167
"{'osm_id': 355412654, 'osm_type': 'yes'}",chennai_bld_001657,1,1,100.0,-1.8964124917984009,-2.754018545150757,-0.857606053352356,-0.857606053352356,0.0,-10.858123779296875,-10.801862716674805,0.05626106262207031,0.05626106262207031,0.0
"{'osm_id': 355412656, 'osm_type': 'yes'}",chennai_bld_001658,5,5,100.0,-4.271529006958008,-4.966700744628906,-0.6951720714569092,-0.7318263053894043,2.6858109521732123,-10.899542999267577,-11.52957763671875,-0.630034065246582,-0.6064872741699219,2.7727382145884616
"{'osm_id': 355412658, 'osm_type': 'yes'}",chennai_bld_001659,4,4,100.0,-3.187615394592285,-2.9179465770721436,0.2696685791015625,-0.2611163258552551,1.7767504907220042,-10.969406127929688,-12.486907958984375,-1.5175012350082397,-1.5949668884277344,2.4555962629501797
"{'osm_id': 355412659, 'osm_type': 'yes'}",chennai_bld_001660,1,1,100.0,-0.39445456862449646,2.47676682472229,2.8712213039398193,2.8712213039398193,0.0,-13.141214370727539,-15.609945297241211,-2.468730926513672,-2.468730926513672,0.0
"{'osm_id': 355412661, 'osm_type': 'yes'}",chennai_bld_001661,2,2,100.0,-1.5408670902252197,-0.8896578550338745,0.6512092351913452,0.6512092351913452,1.4846635758876803,-9.253116607666016,-10.324174880981445,-1.071059226989746,-1.071059226989746,1.0726490020751953
"{'osm_id': 355412662, 'osm_type': 'yes'}",chennai_bld_001662,4,4,100.0,-0.4119487404823303,-0.5434020161628723,-0.13145330548286438,-0.22761374711990356,2.2201377396464985,-14.114991188049316,-11.362845420837402,2.752145528793335,1.8977763652801514,3.8289766365038194
"{'osm_id': 355412663, 'osm_type': 'yes'}",chennai_bld_001663,4,4,100.0,-4.600654602050781,-5.474987506866455,-0.8743325471878052,-0.8467363119125366,0.8146184530808024,-12.528825759887695,-14.010560989379883,-1.4817352294921875,-0.2899508476257324,2.1734393084102437
"{'osm_id': 355412665, 'osm_type': 'yes'}",chennai_bld_001664,2,2,100.0,-0.13990962505340576,-2.741983652114868,-2.602074146270752,-2.602074146270752,1.5034061670303391,-15.554508209228516,-12.098679542541504,3.4558281898498535,3.4558281898498535,0.12140035629272461
"{'osm_id': 355412669, 'osm_type': 'yes'}",chennai_bld_001665,4,4,100.0,-2.0729260444641113,-1.4495611190795898,0.6233649253845215,1.2785658836364746,1.2444856369154407,-14.197576522827148,-12.605473518371582,1.5921030044555664,1.4401121139526367,2.061123855235843
"{'osm_id': 355412670, 'osm_type': 'yes'}",chennai_bld_001666,1,1,100.0,4.584278106689453,9.797927856445312,5.213649749755859,5.213649749755859,0.0,-12.02285385131836,-9.10991382598877,2.91294002532959,2.91294002532959,0.0
"{'osm_id': 355412673, 'osm_type': 'yes'}",chennai_bld_001667,4,4,100.0,-1.8081932067871094,-1.415634274482727,0.3925591707229614,-1.736430048942566,4.850011359683008,-12.814979553222656,-14.56882381439209,-1.7538442611694336,-1.9581775665283203,2.953378357897358
"{'osm_id': 355412677, 'osm_type': 'yes'}",chennai_bld_001668,2,2,100.0,3.237746000289917,1.0602638721466064,-2.1774821281433105,-2.1774821281433105,2.6203370094299316,-7.859938621520996,-9.215178489685059,-1.3552398681640625,-1.3552398681640625,3.750601291656494
"{'osm_id': 355412679, 'osm_type': 'yes'}",chennai_bld_001669,4,4,100.0,2.233626365661621,-0.9782671928405762,-3.2118935585021973,-2.9749794006347656,4.084027305527663,-9.050156593322754,-10.152406692504883,-1.102250576019287,-0.5130858421325684,3.9388153932871477
"{'osm_id': 355412680, 'osm_type': 'yes'}",chennai_bld_001670,4,4,100.0,3.260942220687866,0.16218411922454834,-3.0987584590911865,-4.184352874755859,3.6400382666172737,-9.828655242919922,-13.540824890136719,-3.7121691703796387,-3.9254980087280273,3.183092640807335
"{'osm_id': 355412682, 'osm_type': 'yes'}",chennai_bld_001671,4,4,100.0,1.1564152240753174,1.5158389806747437,0.35942357778549194,0.5214564800262451,2.3951636930373734,-10.134857177734375,-11.968303680419922,-1.8334462642669678,-2.1164684295654297,1.7403249809649666
"{'osm_id': 355412685, 'osm_type': 'yes'}",chennai_bld_001672,1,1,100.0,5.388421058654785,5.379591941833496,-0.008829116821289062,-0.008829116821289062,0.0,-10.912066459655762,-7.839763641357422,3.07230281829834,3.07230281829834,0.0
"{'osm_id': 355412686, 'osm_type': 'yes'}",chennai_bld_001673,2,2,100.0,-0.05362439155578613,-4.377070903778076,-4.323446750640869,-4.323446750640869,2.8031811714172363,-7.055062770843506,-6.170727729797363,0.8843350410461426,0.8843350410461426,3.767350673675537
"{'osm_id': 355412687, 'osm_type': 'yes'}",chennai_bld_001674,2,2,100.0,6.642123222351074,5.435660362243652,-1.2064628601074219,-1.2064628601074219,1.0312004089355469,-10.177318572998047,-9.692098617553711,0.48521947860717773,0.48521947860717773,2.6172871589660645
"{'osm_id': 355412688, 'osm_type': 'yes'}",chennai_bld_001675,6,6,100.0,-0.9141093095143636,-1.022917906443278,-0.10880879561106364,0.5791652202606201,1.9955447806176623,-10.280791600545248,-12.437037150065104,-2.1562463442484536,-1.662311315536499,1.255528740020212
"{'osm_id': 355412689, 'osm_type': 'yes'}",chennai_bld_001676,3,3,100.0,-1.42697540918986,-3.85494327545166,-2.4279677073160806,-2.665940523147583,0.4314218196461239,-10.962315877278646,-14.880804697672525,-3.9184885025024414,-3.965245246887207,1.3738877459475676
"{'osm_id': 355412690, 'osm_type': 'yes'}",chennai_bld_001677,2,2,100.0,-5.748295307159424,-4.801966190338135,0.9463289976119995,0.9463289976119995,1.3414028882980347,-9.590323448181152,-8.231742858886719,1.3585808277130127,1.3585808277130127,2.066368818283081
"{'osm_id': 355412691, 'osm_type': 'yes'}",chennai_bld_001678,2,2,100.0,2.006744861602783,-3.3207597732543945,-5.327504634857178,-5.327504634857178,2.7817931175231934,-11.38115406036377,-14.58797836303711,-3.2068238258361816,-3.2068238258361816,1.501939296722412
"{'osm_id': 355412692, 'osm_type': 'yes'}",chennai_bld_001679,2,2,100.0,-1.2653141021728516,-1.4142765998840332,-0.1489625871181488,-0.1489625871181488,1.0983134806156158,-13.847856521606445,-10.779019355773926,3.0688376426696777,3.0688376426696777,0.44777822494506836
"{'osm_id': 355412694, 'osm_type': 'yes'}",chennai_bld_001680,1,1,100.0,-5.860915660858154,-5.362527847290039,0.49838781356811523,0.49838781356811523,0.0,-9.520301818847656,-9.336273193359375,0.18402862548828125,0.18402862548828125,0.0
"{'osm_id': 355412696, 'osm_type': 'yes'}",chennai_bld_001681,2,2,100.0,5.700711250305176,3.73344087600708,-1.9672701358795166,-1.9672701358795166,2.5787174701690674,-11.629234313964844,-10.503482818603516,1.1257514953613281,1.1257514953613281,1.3177738189697266
"{'osm_id': 355412697, 'osm_type': 'yes'}",chennai_bld_001682,2,2,100.0,-2.031430959701538,-3.7066073417663574,-1.6751763820648193,-1.6751763820648193,0.29504376649857167,-13.798439979553223,-12.000600814819336,1.797839641571045,1.797839641571045,1.9721941947937012
"{'osm_id': 355412698, 'osm_type': 'yes'}",chennai_bld_001683,2,2,100.0,-4.07001256942749,-4.6060686111450195,-0.5360560417175293,-0.5360560417175293,3.2832283973693848,-15.241713523864746,-17.25409698486328,-2.0123844146728516,-2.0123844146728516,0.8314437866210938
"{'osm_id': 355412699, 'osm_type': 'yes'}",chennai_bld_001684,4,4,100.0,-0.5942457318305969,-5.138874053955078,-4.544628143310547,-4.031446933746338,2.6416352257430407,-12.740753173828125,-12.683442115783691,0.0573115348815918,-0.08805274963378906,2.3733378116377826
"{'osm_id': 355412702, 'osm_type': 'yes'}",chennai_bld_001685,4,4,100.0,-1.4830535650253296,-0.46928536891937256,1.0137680768966675,0.836575984954834,3.5693592178590565,-11.71337890625,-13.376437187194824,-1.663057804107666,-0.9126386642456055,3.0911920850382124
"{'osm_id': 355412703, 'osm_type': 'yes'}",chennai_bld_001686,4,4,100.0,-3.912428140640259,-6.47540283203125,-2.5629749298095703,-2.659118413925171,2.556504092320267,-11.464017868041992,-9.961091995239258,1.5029263496398926,1.3606891632080078,0.8865228086718159
"{'osm_id': 355412707, 'osm_type': 'yes'}",chennai_bld_001687,9,9,100.0,-5.472108629014757,-4.367577446831597,1.1045305464002821,0.9978113174438477,3.4142860986619765,-12.583389282226562,-15.239469740125868,-2.6560810936821833,-1.9315767288208008,4.878440527591406
"{'osm_id': 355412708, 'osm_type': 'yes'}",chennai_bld_001688,4,4,100.0,-1.0958123207092285,-0.008457064628601074,1.087355375289917,1.5697247982025146,3.317841233008671,-8.64056396484375,-7.315871715545654,1.3246924877166748,0.42140865325927734,2.182645222257857
"{'osm_id': 355412711, 'osm_type': 'yes'}",chennai_bld_001689,4,4,100.0,-4.2694621086120605,-5.752406120300293,-1.482944369316101,-1.3971507549285889,2.410571060621113,-12.243341445922852,-11.864473342895508,0.37886905670166016,0.4358639717102051,2.215114981262997
"{'osm_id': 355412712, 'osm_type': 'yes'}",chennai_bld_001690,1,1,100.0,-3.9639804363250732,-1.8525029420852661,2.1114773750305176,2.1114773750305176,0.0,-13.357200622558594,-14.52804946899414,-1.1708488464355469,-1.1708488464355469,0.0
"{'osm_id': 355412715, 'osm_type': 'yes'}",chennai_bld_001691,4,4,100.0,1.7984592914581299,-0.19492405652999878,-1.9933834075927734,-1.8989717960357666,1.9337957978663283,-12.562553405761719,-12.06031608581543,0.50223708152771,0.9247965812683105,2.7472169155794077
"{'osm_id': 355412717, 'osm_type': 'yes'}",chennai_bld_001692,4,4,100.0,-0.9904032349586487,-0.7309671640396118,0.25943613052368164,-0.13071823120117188,2.0103419424051046,-12.03205394744873,-12.055366516113281,-0.023312091827392578,0.13089466094970703,2.8461736741012147
"{'osm_id': 355412718, 'osm_type': 'yes'}",chennai_bld_001693,4,4,100.0,-1.0065762996673584,-5.67962121963501,-4.673044681549072,-3.289506673812866,3.171280091238346,-10.184915542602539,-12.734646797180176,-2.549729824066162,-2.827816963195801,1.3293297546347285
"{'osm_id': 355412720, 'osm_type': 'yes'}",chennai_bld_001694,2,2,100.0,-3.230079174041748,1.2161619663238525,4.44624137878418,4.44624137878418,2.714909732341772,-14.344011306762695,-12.986543655395508,1.3574681282043457,1.3574681282043457,5.002939701080322
"{'osm_id': 355412723, 'osm_type': 'yes'}",chennai_bld_001695,2,2,100.0,6.878729820251465,7.4236345291137695,0.5449051856994629,0.5449051856994629,2.7825684547424316,-10.297117233276367,-8.373790740966797,1.9233269691467285,1.9233269691467285,1.1791796684265137
"{'osm_id': 355412724, 'osm_type': 'yes'}",chennai_bld_001696,4,4,100.0,-1.1208207607269287,-1.9080268144607544,-0.7872059345245361,-0.8219814896583557,1.15663325758023,-10.81298828125,-11.751847267150879,-0.9388589859008789,-0.4358048439025879,1.4736455019294517
"{'osm_id': 355412725, 'osm_type': 'yes'}",chennai_bld_001697,4,4,100.0,-0.7795521020889282,-2.267911195755005,-1.4883590936660767,-1.578125238418579,2.2152014316487696,-13.276073455810547,-10.969756126403809,2.3063175678253174,2.611941337585449,3.2460994791172673
"{'osm_id': 355412727, 'osm_type': 'yes'}",chennai_bld_001698,4,4,100.0,-2.281465768814087,-5.136629104614258,-2.855163812637329,-3.463261365890503,2.4276498223754936,-13.229026794433594,-14.800235748291016,-1.5712089538574219,-0.3497352600097656,2.5988331270223735
"{'osm_id': 355412728, 'osm_type': 'yes'}",chennai_bld_001699,2,2,100.0,-4.636447906494141,-5.885167121887207,-1.2487189769744873,-1.2487189769744873,0.12785840034484863,-9.91030502319336,-11.05880355834961,-1.14849853515625,-1.14849853515625,3.150721549987793
"{'osm_id': 355412729, 'osm_type': 'yes'}",chennai_bld_001700,4,4,100.0,-3.0044476985931396,-6.140562057495117,-3.1361148357391357,-3.0508198738098145,2.012542625735854,-13.383952140808105,-14.210081100463867,-0.8261280059814453,-0.9928216934204102,1.3881497399214748
"{'osm_id': 355412730, 'osm_type': 'yes'}",chennai_bld_001701,2,2,100.0,3.2764720916748047,2.4048705101013184,-0.8716018199920654,-0.8716018199920654,0.6963393688201904,-9.25643539428711,-10.279609680175781,-1.0231742858886719,-1.0231742858886719,1.1088933944702148
"{'osm_id': 355412731, 'osm_type': 'yes'}",chennai_bld_001702,4,4,100.0,-3.0832152366638184,-4.111706733703613,-1.0284912586212158,-1.087955355644226,3.046404036422723,-13.553385734558105,-15.723398208618164,-2.1700124740600586,-1.849174976348877,1.224718830792095
"{'osm_id': 355412732, 'osm_type': 'yes'}",chennai_bld_001703,4,4,100.0,-3.3271889686584473,-4.020153999328613,-0.692965030670166,-0.8173787593841553,0.2653331142658872,-9.265052795410156,-10.025369644165039,-0.7603170871734619,-0.11442995071411133,2.260357587430906
"{'osm_id': 355412734, 'osm_type': 'yes'}",chennai_bld_001704,2,2,100.0,4.119131088256836,4.268285751342773,0.14915430545806885,0.14915430545806885,0.499606728553772,-13.743206977844238,-12.358238220214844,1.3849692344665527,1.3849692344665527,0.4888453483581543
"{'osm_id': 355412736, 'osm_type': 'yes'}",chennai_bld_001705,4,4,100.0,-2.323488473892212,-2.642115831375122,-0.31862735748291016,-0.15419074892997742,2.728712312036317,-8.76513385772705,-8.286677360534668,0.47845661640167236,0.8164896965026855,2.309072838007388
"{'osm_id': 355412738, 'osm_type': 'yes'}",chennai_bld_001706,2,2,100.0,5.76925802230835,2.4564080238342285,-3.312849998474121,-3.312849998474121,0.6261401176452637,-13.080745697021484,-10.280872344970703,2.7998743057250977,2.7998743057250977,0.12908267974853516
"{'osm_id': 355412739, 'osm_type': 'yes'}",chennai_bld_001707,2,2,100.0,0.44347235560417175,-0.053807079792022705,-0.49727943539619446,-0.49727943539619446,0.22484806180000305,-11.29443359375,-15.12084674835205,-3.826413154602051,-3.826413154602051,3.2254228591918945
"{'osm_id': 355412740, 'osm_type': 'yes'}",chennai_bld_001708,1,1,100.0,-1.7733368873596191,-2.911044120788574,-1.137707233428955,-1.137707233428955,0.0,-8.602638244628906,-8.157937049865723,0.4447011947631836,0.4447011947631836,0.0
"{'osm_id': 355412743, 'osm_type': 'yes'}",chennai_bld_001709,3,3,100.0,-2.4834020932515464,-2.153953234354655,0.3294488588968913,1.711134672164917,3.1015211342787357,-11.23309580485026,-9.70947519938151,1.5236193339029949,-1.1342411041259766,3.845248727496244
"{'osm_id': 355412747, 'osm_type': 'yes'}",chennai_bld_001710,4,4,100.0,-0.785602867603302,-3.583163261413574,-2.797560691833496,-4.138547897338867,2.580208556935439,-8.673177719116211,-10.397125244140625,-1.7239480018615723,-1.8772358894348145,1.942320871100094
"{'osm_id': 355412753, 'osm_type': 'yes'}",chennai_bld_001711,2,2,100.0,0.24579983949661255,0.6576948165893555,0.41189494729042053,0.41189494729042053,0.8887711465358734,-7.963142395019531,-4.165874481201172,3.7972679138183594,3.7972679138183594,1.6953845024108887
"{'osm_id': 355412755, 'osm_type': 'yes'}",chennai_bld_001712,2,2,100.0,-0.08643507957458496,-3.681990146636963,-3.595555305480957,-3.595555305480957,3.348717808723452,-11.167289733886719,-15.742653846740723,-4.575364589691162,-4.575364589691162,1.625373363494873
"{'osm_id': 355412758, 'osm_type': 'yes'}",chennai_bld_001713,4,4,100.0,1.0324478149414062,-0.8551915287971497,-1.8876392841339111,-2.751649856567383,2.7850378821701756,-9.85708999633789,-7.753227710723877,2.1038620471954346,-0.09783196449279785,4.62485133472975
"{'osm_id': 355412760, 'osm_type': 'yes'}",chennai_bld_001714,2,2,100.0,-3.9502053260803223,-5.213769912719727,-1.2635645866394043,-1.2635645866394043,1.581756591796875,-10.120298385620117,-11.4775972366333,-1.3572988510131836,-1.3572988510131836,0.03716754913330078
"{'osm_id': 355412761, 'osm_type': 'yes'}",chennai_bld_001715,4,4,100.0,3.7050392627716064,-0.8119277358055115,-4.516967296600342,-4.524831295013428,1.4739274855866695,-13.199773788452148,-14.46508502960205,-1.2653114795684814,-2.0972847938537598,3.4726799367328955
"{'osm_id': 355412762, 'osm_type': 'yes'}",chennai_bld_001716,2,2,100.0,0.17082607746124268,-2.410550355911255,-2.581376314163208,-2.581376314163208,0.3447887897491455,-12.805870056152344,-11.596147537231445,1.2097229957580566,1.2097229957580566,2.063943386077881
"{'osm_id': 355412763, 'osm_type': 'yes'}",chennai_bld_001717,1,1,100.0,-3.585047721862793,3.5761032104492188,7.161150932312012,7.161150932312012,0.0,-11.586028099060059,-15.231499671936035,-3.6454715728759766,-3.6454715728759766,0.0
"{'osm_id': 355412765, 'osm_type': 'yes'}",chennai_bld_001718,1,1,100.0,0.5082796812057495,-0.6772892475128174,-1.185568928718567,-1.185568928718567,0.0,-10.752520561218262,-10.966516494750977,-0.21399593353271484,-0.21399593353271484,0.0
"{'osm_id': 355412766, 'osm_type': 'yes'}",chennai_bld_001719,2,2,100.0,0.6148267984390259,-3.8863332271575928,-4.501160144805908,-4.501160144805908,2.5618210434913644,-8.582161903381348,-10.786584854125977,-2.2044222354888916,-2.2044222354888916,1.712698221206665
"{'osm_id': 355412768, 'osm_type': 'yes'}",chennai_bld_001720,4,4,100.0,3.8036303520202637,2.043239116668701,-1.760391116142273,-1.5537084341049194,2.20884063528835,-10.363134384155273,-11.777558326721191,-1.414424180984497,-1.4975523948669434,3.2484873186410717
"{'osm_id': 355412769, 'osm_type': 'yes'}",chennai_bld_001721,3,3,100.0,-1.3716433842976887,-5.00679365793864,-3.6351502736409507,-0.8515839576721191,4.552506072666785,-11.370226542154947,-7.723907470703125,3.6463184356689453,2.635247230529785,1.6344154212280695
"{'osm_id': 355412770, 'osm_type': 'yes'}",chennai_bld_001722,2,2,100.0,-0.9840482473373413,-4.346582412719727,-3.3625340461730957,-3.3625340461730957,1.6289000511169434,-8.944646835327148,-12.164592742919922,-3.2199459075927734,-3.2199459075927734,2.937440872192383
"{'osm_id': 355412772, 'osm_type': 'yes'}",chennai_bld_001723,2,2,100.0,-0.6490529775619507,1.4995083808898926,2.148561477661133,2.148561477661133,3.1493988037109375,-12.224784851074219,-9.731958389282227,2.492825984954834,2.492825984954834,1.4163622856140137
"{'osm_id': 355412773, 'osm_type': 'yes'}",chennai_bld_001724,5,5,100.0,0.8318347930908203,0.018166780471801758,-0.8136682510375977,-0.4053480625152588,3.7703866174125595,-12.357228851318359,-12.55688018798828,-0.19965095520019532,0.10837936401367188,2.0444384497130224
"{'osm_id': 355412774, 'osm_type': 'yes'}",chennai_bld_001725,2,2,100.0,-0.8252172470092773,-4.345393180847168,-3.5201759338378906,-3.5201759338378906,0.7656570672988985,-10.24683952331543,-11.592926025390625,-1.3460869789123535,-1.3460869789123535,0.9577240943908691
"{'osm_id': 355412775, 'osm_type': 'yes'}",chennai_bld_001726,4,4,100.0,-0.5561255216598511,0.027953684329986572,0.5840791463851929,-0.5100747346878052,3.905798737815315,-12.14079475402832,-12.838403701782227,-0.6976089477539062,-0.34026336669921875,1.0861661228012949
"{'osm_id': 355412776, 'osm_type': 'yes'}",chennai_bld_001727,2,2,100.0,-2.788957118988037,-5.099452018737793,-2.310495138168335,-2.310495138168335,2.6554973125457764,-11.527032852172852,-10.204557418823242,1.3224759101867676,1.3224759101867676,1.9289631843566895
"{'osm_id': 355412778, 'osm_type': 'yes'}",chennai_bld_001728,4,4,100.0,-1.4412204027175903,-2.474586248397827,-1.0333658456802368,-1.6834447383880615,1.6062801753748104,-14.55791187286377,-15.500951766967773,-0.9430403709411621,-1.5836853981018066,2.1699645270092227
"{'osm_id': 355412780, 'osm_type': 'yes'}",chennai_bld_001729,2,2,100.0,-7.916555881500244,-6.373061180114746,1.5434949398040771,1.5434949398040771,2.664355516433716,-9.394649505615234,-10.168355941772461,-0.7737064361572266,-0.7737064361572266,3.5255136489868164
"{'osm_id': 355412782, 'osm_type': 'yes'}",chennai_bld_001730,2,2,100.0,-0.312276691198349,-3.3895955085754395,-3.0773186683654785,-3.0773186683654785,0.5962904691696286,-12.26087760925293,-14.044736862182617,-1.7838592529296875,-1.7838592529296875,1.4015026092529297
"{'osm_id': 355412783, 'osm_type': 'yes'}",chennai_bld_001731,2,2,100.0,-2.2355399131774902,-3.998335361480713,-1.7627954483032227,-1.7627954483032227,1.8540534973144531,-10.173874855041504,-11.676593780517578,-1.5027189254760742,-1.5027189254760742,1.2640256881713867
"{'osm_id': 355412787, 'osm_type': 'yes'}",chennai_bld_001732,4,4,100.0,-1.1537065505981445,-3.377403736114502,-2.2236969470977783,-2.4443535804748535,2.6254394913752983,-10.594009399414062,-11.004412651062012,-0.4104022979736328,0.6160759925842285,1.9716499641031882
"{'osm_id': 355412788, 'osm_type': 'yes'}",chennai_bld_001733,4,4,100.0,2.631338119506836,7.697824954986572,5.0664873123168945,6.363168716430664,3.124178723932413,-10.86053466796875,-11.94138240814209,-1.0808472633361816,-0.9079680442810059,1.163965915179866
"{'osm_id': 355412789, 'osm_type': 'yes'}",chennai_bld_001734,2,2,100.0,-3.8054580688476562,-5.8378801345825195,-2.0324220657348633,-2.0324220657348633,0.12238740921020508,-10.782910346984863,-12.354591369628906,-1.5716805458068848,-1.5716805458068848,2.7004103660583496
"{'osm_id': 355412792, 'osm_type': 'yes'}",chennai_bld_001735,4,4,100.0,-1.5352579355239868,-3.5444695949554443,-2.009211301803589,-2.7542343139648438,2.318003063642794,-10.675722122192383,-10.10212516784668,0.5735960006713867,0.533726692199707,1.282691462322055
"{'osm_id': 355412795, 'osm_type': 'yes'}",chennai_bld_001736,4,4,100.0,-0.4394153356552124,-1.5752043724060059,-1.1357890367507935,-1.1939876079559326,3.580803502168468,-11.5777006149292,-11.307012557983398,0.2706875801086426,0.029387474060058594,2.6036792161884317
"{'osm_id': 355412801, 'osm_type': 'yes'}",chennai_bld_001737,4,4,100.0,2.358133316040039,1.9201648235321045,-0.437968373298645,-0.6664415597915649,2.779228801183443,-10.594970703125,-12.277833938598633,-1.6828627586364746,-1.4792981147766113,0.47552467223756667
"{'osm_id': 355412802, 'osm_type': 'yes'}",chennai_bld_001738,4,4,100.0,0.0006341934204101562,-4.133529186248779,-4.1341633796691895,-4.863768100738525,3.751936804002426,-11.58920955657959,-12.566829681396484,-0.9776203632354736,-2.15791654586792,2.607594499066658
"{'osm_id': 355412803, 'osm_type': 'yes'}",chennai_bld_001739,2,2,100.0,-3.033468723297119,-5.4280900955200195,-2.3946213722229004,-2.3946213722229004,2.4269204139709473,-9.574102401733398,-11.825911521911621,-2.2518091201782227,-2.2518091201782227,2.31746768951416
"{'osm_id': 355412810, 'osm_type': 'yes'}",chennai_bld_001740,2,2,100.0,-4.1941938400268555,-5.755399703979492,-1.561205506324768,-1.561205506324768,1.2841156721115112,-12.145217895507812,-13.627839088439941,-1.482621669769287,-1.482621669769287,0.1624903678894043
"{'osm_id': 355412811, 'osm_type': 'yes'}",chennai_bld_001741,2,2,100.0,0.4240309000015259,-3.8295624256134033,-4.253593444824219,-4.253593444824219,0.5085375308991037,-9.098808288574219,-8.147397994995117,0.9514105319976807,0.9514105319976807,1.5491540431976318
"{'osm_id': 355412814, 'osm_type': 'yes'}",chennai_bld_001742,5,5,100.0,2.764692687988281,-1.8737838745117188,-4.6384765625,-5.2342939376831055,1.890292935297379,-13.231961059570313,-16.262161254882812,-3.0302013397216796,-3.1643123626708984,2.6300650914616175
"{'osm_id': 355412815, 'osm_type': 'yes'}",chennai_bld_001743,2,2,100.0,4.127358436584473,-0.4036189317703247,-4.530977725982666,-4.530977725982666,0.761369347572336,-9.489574432373047,-12.418376922607422,-2.9288032054901123,-2.9288032054901123,0.8160626888275146
"{'osm_id': 355412817, 'osm_type': 'yes'}",chennai_bld_001744,2,2,100.0,-3.8656210899353027,-7.083332061767578,-3.2177109718322754,-3.2177109718322754,0.06632566452026367,-14.22422981262207,-15.532269477844238,-1.308039665222168,-1.308039665222168,3.1048994064331055
"{'osm_id': 355412818, 'osm_type': 'yes'}",chennai_bld_001745,2,2,100.0,0.5098525285720825,-1.529494285583496,-2.039346694946289,-2.039346694946289,0.18865191936496686,-14.445948600769043,-16.935937881469727,-2.4899892807006836,-2.4899892807006836,2.500779151916504
"{'osm_id': 355412819, 'osm_type': 'yes'}",chennai_bld_001746,4,4,100.0,-2.931541681289673,-3.944117546081543,-1.0125759840011597,-1.7304487228393555,3.9615945779519266,-13.551729202270508,-12.54688549041748,1.0048444271087646,0.04506826400756836,3.096350632726271
"{'osm_id': 355412821, 'osm_type': 'yes'}",chennai_bld_001747,5,5,100.0,4.462724685668945,2.6652912139892577,-1.7974332809448241,-1.250227451324463,1.0787658517997838,-10.086836242675782,-11.310397338867187,-1.2235614776611328,-1.2141599655151367,2.6347825518847108
"{'osm_id': 355412822, 'osm_type': 'yes'}",chennai_bld_001748,3,3,100.0,-0.9531669616699219,-2.987715403238932,-2.0345484415690103,-1.5750620365142822,2.5888430378081675,-15.986778259277344,-13.382512410481771,2.6042648951212564,3.8833227157592773,2.706147537285618
"{'osm_id': 355412823, 'osm_type': 'yes'}",chennai_bld_001749,2,2,100.0,1.1136051416397095,-0.659140944480896,-1.772746205329895,-1.772746205329895,3.354244112968445,-12.304805755615234,-13.28129768371582,-0.9764928817749023,-0.9764928817749023,2.5352649688720703
"{'osm_id': 355412824, 'osm_type': 'yes'}",chennai_bld_001750,2,2,100.0,1.401909351348877,1.120836853981018,-0.2810724973678589,-0.2810724973678589,1.3152979612350464,-9.433784484863281,-8.31779670715332,1.1159882545471191,1.1159882545471191,0.7144179344177246
"{'osm_id': 355412825, 'osm_type': 'yes'}",chennai_bld_001751,4,4,100.0,-3.5308310985565186,-4.296295166015625,-0.7654640078544617,-0.9916852116584778,0.7941520683685965,-9.153173446655273,-8.713544845581055,0.4396284818649292,0.3247237205505371,1.2743926643325605
"{'osm_id': 355412826, 'osm_type': 'yes'}",chennai_bld_001752,3,3,100.0,1.3270503679911296,1.9561594327290852,0.6291090647379557,-0.2379462718963623,2.1304086139971354,-12.602994283040365,-10.431501388549805,2.1714935302734375,3.145155906677246,2.4935202027220456
"{'osm_id': 355412827, 'osm_type': 'yes'}",chennai_bld_001753,3,3,100.0,-5.685014724731445,-6.034856796264648,-0.34984199206034344,-0.7318263053894043,1.5281918519852495,-10.556727091471354,-12.430119832356771,-1.8733914693196614,-2.2368927001953125,2.586096671398798
"{'osm_id': 355412828, 'osm_type': 'yes'}",chennai_bld_001754,6,6,100.0,4.18539555867513,4.529402732849121,0.34400685628255206,1.6835215091705322,3.11081804911285,-11.070683797200521,-11.376949310302734,-0.30626646677652997,-0.04910612106323242,2.879741132539465
"{'osm_id': 355412832, 'osm_type': 'yes'}",chennai_bld_001755,4,4,100.0,1.7734861373901367,4.914766311645508,3.141280174255371,3.322571039199829,1.7321237370956004,-12.933450698852539,-12.377639770507812,0.5558128356933594,1.468736171722412,3.3776044913100365
"{'osm_id': 355412833, 'osm_type': 'yes'}",chennai_bld_001756,3,3,100.0,-1.816865603129069,-1.1312989393870037,0.6855667432149252,1.0698750019073486,1.8831848488306446,-15.851140340169271,-12.790252685546875,3.060887654622396,5.010442733764648,4.466764403838485
"{'osm_id': 355412834, 'osm_type': 'yes'}",chennai_bld_001757,2,2,100.0,-0.25989145040512085,1.309833288192749,1.5697247982025146,1.5697247982025146,1.3450568318367018,-8.262874603271484,-5.8713531494140625,2.391521692276001,2.391521692276001,2.5795576572418213
"{'osm_id': 355412835, 'osm_type': 'yes'}",chennai_bld_001758,2,2,100.0,6.436084270477295,5.080440998077393,-1.3556435108184814,-1.3556435108184814,4.873703718185425,-15.52939510345459,-11.169306755065918,4.360088348388672,4.360088348388672,0.3251943588256836
"{'osm_id': 355412837, 'osm_type': 'yes'}",chennai_bld_001759,8,8,100.0,-2.736076831817627,-2.644547939300537,0.09152856469154358,-0.4376521110534668,2.784371441357331,-14.02444839477539,-14.7235107421875,-0.6990623474121094,-1.1158256530761719,1.5131468545024924
"{'osm_id': 355412840, 'osm_type': 'yes'}",chennai_bld_001760,3,3,100.0,5.830997467041016,6.718275705973308,0.8872780005137125,0.9158778190612793,2.1788482619923797,-10.102024714152018,-11.251265207926432,-1.1492408116658528,-1.4508323669433594,0.4673498110337677
"{'osm_id': 355412842, 'osm_type': 'yes'}",chennai_bld_001761,2,2,100.0,-5.969178199768066,-3.6889193058013916,2.280259132385254,2.280259132385254,0.4667840003967285,-12.189656257629395,-11.456604957580566,0.7330513000488281,0.7330513000488281,2.520475387573242
"{'osm_id': 355412843, 'osm_type': 'yes'}",chennai_bld_001762,2,2,100.0,-8.464252471923828,-7.182257652282715,1.2819945812225342,1.2819945812225342,3.576561689376831,-13.156049728393555,-11.90017318725586,1.2558765411376953,1.2558765411376953,0.7700576782226562
"{'osm_id': 355412844, 'osm_type': 'yes'}",chennai_bld_001763,2,2,100.0,-4.721391201019287,-4.017364025115967,0.704026997089386,0.704026997089386,0.490583598613739,-13.782783508300781,-13.242194175720215,0.5405893325805664,0.5405893325805664,1.4225797653198242
"{'osm_id': 355412846, 'osm_type': 'yes'}",chennai_bld_001764,2,2,100.0,3.730710744857788,6.17251443862915,2.4418036937713623,2.4418036937713623,2.4506328105926514,-9.79429817199707,-8.697518348693848,1.0967798233032227,1.0967798233032227,1.9755229949951172
"{'osm_id': 355412847, 'osm_type': 'yes'}",chennai_bld_001765,4,4,100.0,0.06509202718734741,0.6704849004745483,0.6053928732872009,0.31997185945510864,0.8469216737417761,-11.035111427307129,-10.79227352142334,0.24283862113952637,-0.9527626037597656,3.6444694801268125
"{'osm_id': 355412848, 'osm_type': 'yes'}",chennai_bld_001766,4,4,100.0,-0.3947579264640808,-0.08147907257080078,0.3132789134979248,0.5411555171012878,3.684169596226634,-11.699930191040039,-9.633411407470703,2.066518545150757,2.128354072570801,2.8181075274179723
"{'osm_id': 355412849, 'osm_type': 'yes'}",chennai_bld_001767,4,4,100.0,6.685014247894287,5.353573322296143,-1.331441044807434,-1.4564192295074463,0.7439927836000304,-9.141962051391602,-8.425230979919434,0.7167308330535889,0.9482421875,1.9623115385471863
"{'osm_id': 355412850, 'osm_type': 'yes'}",chennai_bld_001768,6,6,100.0,-2.828197797139486,-2.4615861574808755,0.36661163965861004,1.216899037361145,1.7257435427566659,-10.33291498819987,-12.438804626464844,-2.1058901151021323,-1.6973962783813477,1.2129665708504052
"{'osm_id': 355412851, 'osm_type': 'yes'}",chennai_bld_001769,4,4,100.0,-6.495404243469238,-6.653067111968994,-0.15766304731369019,0.5778658390045166,2.464436400940036,-9.64565658569336,-9.677701950073242,-0.03204548358917236,-0.7138636112213135,2.077425837866593
"{'osm_id': 355412852, 'osm_type': 'yes'}",chennai_bld_001770,4,4,100.0,2.4230854511260986,-0.7403383851051331,-3.163424015045166,-2.7842659950256348,1.262878448844438,-9.641132354736328,-13.98766040802002,-4.346528053283691,-4.646912097930908,0.748928817149229
"{'osm_id': 355412853, 'osm_type': 'yes'}",chennai_bld_001771,4,4,100.0,-3.2046470642089844,-3.5994396209716797,-0.39479243755340576,-0.2535288333892822,2.556183262757229,-13.869338989257812,-15.876086235046387,-2.006746530532837,-2.0123844146728516,1.9711115733891045
"{'osm_id': 355412854, 'osm_type': 'yes'}",chennai_bld_001772,6,6,100.0,-0.45679155985514325,-1.194636344909668,-0.7378447850545248,-0.8112131357192993,1.4730210564150115,-14.505317687988281,-11.29453150431315,3.2107855478922525,3.0688376426696777,2.8267703856850233
"{'osm_id': 355412856, 'osm_type': 'yes'}",chennai_bld_001773,2,2,100.0,2.1488847732543945,-2.525557518005371,-4.674442291259766,-4.674442291259766,0.7354521751403809,-16.466236114501953,-13.189180374145508,3.27705717086792,3.27705717086792,0.6062655448913574
"{'osm_id': 355412858, 'osm_type': 'yes'}",chennai_bld_001774,2,2,100.0,1.8599202632904053,3.2005248069763184,1.340604543685913,1.340604543685913,1.6981513500213623,-12.041793823242188,-14.624931335449219,-2.5831384658813477,-2.5831384658813477,0.3248577117919922
"{'osm_id': 355412860, 'osm_type': 'yes'}",chennai_bld_001775,4,4,100.0,-1.8730888366699219,-4.158963680267334,-2.285874843597412,-2.379089593887329,1.5926439051525694,-11.90178108215332,-7.967214584350586,3.934566020965576,4.1087775230407715,2.657119453719743
"{'osm_id': 355412861, 'osm_type': 'yes'}",chennai_bld_001776,2,2,100.0,0.2792088985443115,-6.49376106262207,-6.772969722747803,-6.772969722747803,1.8358206748962402,-13.185844421386719,-12.983168601989746,0.20267581939697266,0.20267581939697266,3.227644920349121
"{'osm_id': 355412862, 'osm_type': 'yes'}",chennai_bld_001777,2,2,100.0,-1.9352128505706787,-0.7251503467559814,1.2100625038146973,1.2100625038146973,0.8615734577178955,-11.916511535644531,-11.37546157836914,0.5410494804382324,0.5410494804382324,1.8571114540100098
"{'osm_id': 355412864, 'osm_type': 'yes'}",chennai_bld_001778,3,3,100.0,-0.13637781143188477,-0.41413426399230957,-0.2777564525604248,-1.098667860031128,2.1263200754815084,-12.110281626383463,-13.355138142903646,-1.2448571523030598,-2.6883907318115234,3.500043528238725
"{'osm_id': 355412865, 'osm_type': 'yes'}",chennai_bld_001779,2,2,100.0,-3.7683920860290527,-6.660597801208496,-2.8922057151794434,-2.8922057151794434,1.721097469329834,-13.8367919921875,-11.572267532348633,2.264523506164551,2.264523506164551,0.43039798736572266
"{'osm_id': 355412867, 'osm_type': 'yes'}",chennai_bld_001780,4,4,100.0,-0.943798303604126,-2.2834770679473877,-1.3396787643432617,-1.4020812511444092,1.0924027378778258,-11.93774700164795,-12.22361946105957,-0.2858719825744629,-0.6220731735229492,1.2978417375861202
"{'osm_id': 355412869, 'osm_type': 'yes'}",chennai_bld_001781,2,2,100.0,-0.08867373317480087,-3.481609582901001,-3.3929357528686523,-3.3929357528686523,2.1522244811058053,-11.87363338470459,-12.713497161865234,-0.8398637771606445,-0.8398637771606445,0.5786933898925781
"{'osm_id': 355412870, 'osm_type': 'yes'}",chennai_bld_001782,1,1,100.0,-3.9639804363250732,-1.8525029420852661,2.1114773750305176,2.1114773750305176,0.0,-13.357200622558594,-14.52804946899414,-1.1708488464355469,-1.1708488464355469,0.0
"{'osm_id': 355412872, 'osm_type': 'yes'}",chennai_bld_001783,4,4,100.0,3.336164951324463,-0.15765583515167236,-3.4938204288482666,-5.444416046142578,5.422321865579269,-14.242494583129883,-9.623601913452148,4.618893146514893,4.9910125732421875,2.647648617645459
"{'osm_id': 355412874, 'osm_type': 'yes'}",chennai_bld_001784,4,4,100.0,-4.447720050811768,-4.056458950042725,0.39126110076904297,-0.24170756340026855,1.7305758693089788,-11.745813369750977,-11.850234985351562,-0.10442161560058594,-0.695223331451416,2.0206007544885036
"{'osm_id': 355412875, 'osm_type': 'yes'}",chennai_bld_001785,1,1,100.0,-2.2013001441955566,-6.86372709274292,-4.662426948547363,-4.662426948547363,0.0,-11.35489273071289,-13.500667572021484,-2.1457748413085938,-2.1457748413085938,0.0
"{'osm_id': 355412878, 'osm_type': 'yes'}",chennai_bld_001786,2,2,100.0,1.7705501317977905,2.995603084564209,1.2250529527664185,1.2250529527664185,2.4752804040908813,-8.642786026000977,-13.767372131347656,-5.12458610534668,-5.12458610534668,2.1763877868652344
"{'osm_id': 355412879, 'osm_type': 'yes'}",chennai_bld_001787,2,2,100.0,0.3311757445335388,0.5561966896057129,0.2250211238861084,0.2250211238861084,5.2164552211761475,-15.155440330505371,-13.045458793640137,2.1099815368652344,2.1099815368652344,2.392486572265625
"{'osm_id': 355412880, 'osm_type': 'yes'}",chennai_bld_001788,1,1,100.0,1.8227736949920654,2.523505449295044,0.7007317543029785,0.7007317543029785,0.0,-7.038846492767334,-8.967114448547363,-1.9282679557800293,-1.9282679557800293,0.0
"{'osm_id': 355412881, 'osm_type': 'yes'}",chennai_bld_001789,4,4,100.0,-0.27822864055633545,-4.494846343994141,-4.216618061065674,-3.0088987350463867,3.51054638681548,-6.300260543823242,-12.075223922729492,-5.774962425231934,-6.126472473144531,5.861783167923723
"{'osm_id': 355412883, 'osm_type': 'yes'}",chennai_bld_001790,4,4,100.0,3.2921082973480225,3.4477972984313965,0.15568947792053223,-0.14038652181625366,2.5341259715815116,-11.680173873901367,-9.424196243286133,2.2559776306152344,1.9233269691467285,2.681672749552982
"{'osm_id': 355412884, 'osm_type': 'yes'}",chennai_bld_001791,2,2,100.0,-1.950044870376587,-1.630073070526123,0.31997185945510864,0.31997185945510864,0.3675643801689148,-9.402406692504883,-10.931833267211914,-1.5294270515441895,-1.5294270515441895,1.755969524383545
"{'osm_id': 355412885, 'osm_type': 'yes'}",chennai_bld_001792,4,4,100.0,8.880436897277832,5.680626392364502,-3.1998109817504883,-2.627382278442383,2.6967290064622373,-10.139519691467285,-12.407350540161133,-2.2678308486938477,-1.905876636505127,1.8583899210382742
"{'osm_id': 355412886, 'osm_type': 'yes'}",chennai_bld_001793,2,2,100.0,0.646582841873169,-2.386169195175171,-3.03275203704834,-3.03275203704834,1.495765209197998,-11.21192741394043,-11.771105766296387,-0.5591788291931152,-0.5591788291931152,1.7998414039611816
"{'osm_id': 355412887, 'osm_type': 'yes'}",chennai_bld_001794,2,2,100.0,7.899932384490967,4.418942928314209,-3.480989456176758,-3.480989456176758,2.852405071258545,-5.511980056762695,-9.922252655029297,-4.410272121429443,-4.410272121429443,3.568100333213808
"{'osm_id': 355412889, 'osm_type': 'yes'}",chennai_bld_001795,2,2,100.0,-3.99700927734375,-5.261950492858887,-1.2649414539337158,-1.2649414539337158,0.11163592338562012,-10.794746398925781,-10.767802238464355,0.026944637298583984,0.026944637298583984,1.975278377532959
"{'osm_id': 355412891, 'osm_type': 'yes'}",chennai_bld_001796,2,2,100.0,-2.600322723388672,-3.7530665397644043,-1.1527438163757324,-1.1527438163757324,3.08676815032959,-12.44266128540039,-13.423276901245117,-0.9806156158447266,-0.9806156158447266,1.996978759765625
"{'osm_id': 355412893, 'osm_type': 'yes'}",chennai_bld_001797,4,4,100.0,-3.52117919921875,-5.411121845245361,-1.8899424076080322,-1.8544845581054688,3.025100393242206,-9.977519989013672,-9.413030624389648,0.5644893646240234,-0.24618959426879883,3.25923614636041
"{'osm_id': 355412894, 'osm_type': 'yes'}",chennai_bld_001798,1,1,100.0,2.9866514205932617,-0.9523385763168335,-3.9389901161193848,-3.9389901161193848,0.0,-15.074819564819336,-12.404027938842773,2.6707916259765625,2.6707916259765625,0.0
"{'osm_id': 355412895, 'osm_type': 'yes'}",chennai_bld_001799,1,1,100.0,-0.6708627343177795,-1.392990231513977,-0.7221274971961975,-0.7221274971961975,0.0,-12.657552719116211,-19.709388732910156,-7.051836013793945,-7.051836013793945,0.0
"{'osm_id': 355412897, 'osm_type': 'yes'}",chennai_bld_001800,5,5,100.0,-5.153950500488281,-6.358479309082031,-1.2045286178588868,-1.2311930656433105,3.243406631728706,-11.441841125488281,-11.604913330078125,-0.16307125091552735,-0.40334033966064453,2.307452590014078
"{'osm_id': 355412899, 'osm_type': 'yes'}",chennai_bld_001801,1,1,100.0,0.5867867469787598,-3.3797922134399414,-3.966578960418701,-3.966578960418701,0.0,-11.297203063964844,-4.33603572845459,6.961167335510254,6.961167335510254,0.0
"{'osm_id': 355412902, 'osm_type': 'yes'}",chennai_bld_001802,2,2,100.0,-0.8831392526626587,-5.240965843200684,-4.357827186584473,-4.357827186584473,0.2161891460420016,-8.938138008117676,-11.686200141906738,-2.7480621337890625,-2.7480621337890625,1.4899721145629883
"{'osm_id': 355412905, 'osm_type': 'yes'}",chennai_bld_001803,2,2,100.0,2.9896931648254395,3.0377984046936035,0.04810523986816406,0.04810523986816406,0.1875476837158203,-9.829620361328125,-12.343282699584961,-2.513662338256836,-2.513662338256836,2.430779457092285
"{'osm_id': 355412906, 'osm_type': 'yes'}",chennai_bld_001804,2,2,100.0,-1.0017578601837158,-0.4767531156539917,0.5250046253204346,0.5250046253204346,2.630178213119507,-11.038984298706055,-12.035980224609375,-0.9969959259033203,-0.9969959259033203,0.08324050903320312
"{'osm_id': 355412909, 'osm_type': 'yes'}",chennai_bld_001805,4,4,100.0,-2.0333330631256104,-3.2342662811279297,-1.2009332180023193,-0.8488684296607971,2.5753806821534355,-10.067042350769043,-11.696455001831055,-1.6294138431549072,-2.4568428993225098,3.1065793940830106
"{'osm_id': 355412913, 'osm_type': 'yes'}",chennai_bld_001806,4,4,100.0,-1.719892978668213,-0.7219396829605103,0.9979532957077026,1.1880524158477783,0.6996446346106843,-12.438175201416016,-13.272692680358887,-0.8345181941986084,-1.7962994575500488,4.3632896642336805
"{'osm_id': 355412916, 'osm_type': 'yes'}",chennai_bld_001807,2,2,100.0,-4.253917694091797,-4.835109710693359,-0.581191897392273,-0.581191897392273,1.1101371049880981,-7.888425827026367,-11.77658748626709,-3.8881618976593018,-3.8881618976593018,2.6679627895355225
"{'osm_id': 355412917, 'osm_type': 'yes'}",chennai_bld_001808,10,10,100.0,-1.6462154388427734,-5.041460418701172,-3.395244598388672,-2.8274664878845215,4.57116722865269,-11.655133819580078,-13.005587768554687,-1.350452709197998,-0.33832788467407227,3.9264049957050706
"{'osm_id': 355412918, 'osm_type': 'yes'}",chennai_bld_001809,4,4,100.0,4.178988456726074,2.7999701499938965,-1.3790185451507568,-2.78818416595459,3.9171751138129083,-9.279441833496094,-7.9084296226501465,1.3710126876831055,0.47532033920288086,2.2914776087113897
"{'osm_id': 355412921, 'osm_type': 'yes'}",chennai_bld_001810,2,2,100.0,-1.1609023809432983,0.9163194894790649,2.0772218704223633,2.0772218704223633,1.1549479961395264,-13.473379135131836,-10.700777053833008,2.7726025581359863,2.7726025581359863,0.3554854393005371
"{'osm_id': 355412922, 'osm_type': 'yes'}",chennai_bld_001811,1,1,100.0,-0.31086859107017517,3.389464855194092,3.7003333568573,3.7003333568573,0.0,-8.517988204956055,-15.818962097167969,-7.300973892211914,-7.300973892211914,0.0
"{'osm_id': 355412923, 'osm_type': 'yes'}",chennai_bld_001812,2,2,100.0,-1.2448009252548218,-3.642061710357666,-2.3972606658935547,-2.3972606658935547,0.6636266708374023,-8.874748229980469,-12.389806747436523,-3.5150580406188965,-3.5150580406188965,2.6423287391662598
"{'osm_id': 355412924, 'osm_type': 'yes'}",chennai_bld_001813,2,2,100.0,3.9313833713531494,0.843142569065094,-3.0882408618927,-3.0882408618927,1.9597012996673584,-10.385208129882812,-13.949834823608398,-3.564627170562744,-3.564627170562744,2.3504672050476074
"{'osm_id': 355412925, 'osm_type': 'yes'}",chennai_bld_001814,3,3,100.0,0.04141116142272949,0.9691925843556722,0.9277814229329427,2.81921124458313,2.780194990766435,-9.216691335042318,-12.219109853108725,-3.002417882283529,-3.579162120819092,1.516674801497316
"{'osm_id': 355412926, 'osm_type': 'yes'}",chennai_bld_001815,2,2,100.0,-3.5042190551757812,-5.512526512145996,-2.008307456970215,-2.008307456970215,1.4392985105514575,-9.66036605834961,-8.06918716430664,1.5911786556243896,1.5911786556243896,0.7371518611907959
"{'osm_id': 355412928, 'osm_type': 'yes'}",chennai_bld_001816,4,4,100.0,0.8867794871330261,-2.6593739986419678,-3.5461535453796387,-2.065373659133911,3.94559816874129,-10.566717147827148,-8.35226058959961,2.2144553661346436,2.4935128688812256,2.8555526394289554
"{'osm_id': 355412929, 'osm_type': 'yes'}",chennai_bld_001817,4,4,100.0,-4.139605522155762,-6.905735969543457,-2.7661306858062744,-2.3822269439697266,2.529331284152134,-10.716144561767578,-11.33298110961914,-0.6168355941772461,-0.6255574226379395,1.6943168212693758
"{'osm_id': 355412930, 'osm_type': 'yes'}",chennai_bld_001818,2,2,100.0,-0.3045768737792969,-1.583202600479126,-1.278625726699829,-1.278625726699829,1.2024026140570643,-10.805497169494629,-12.343988418579102,-1.5384912490844727,-1.5384912490844727,1.6468706130981445
"{'osm_id': 355412931, 'osm_type': 'yes'}",chennai_bld_001819,2,2,100.0,-2.062811851501465,-4.463711261749268,-2.4008991718292236,-2.4008991718292236,0.3536195755004883,-10.354203224182129,-10.60195255279541,-0.24774932861328125,-0.24774932861328125,0.14061355590820312
"{'osm_id': 355412932, 'osm_type': 'yes'}",chennai_bld_001820,4,4,100.0,1.691424012184143,3.942674398422241,2.2512505054473877,1.3001829385757446,1.8484659454196226,-14.925470352172852,-13.380849838256836,1.5446186065673828,0.9951877593994141,1.0641122296128362
"{'osm_id': 355412933, 'osm_type': 'yes'}",chennai_bld_001821,2,2,100.0,-2.2056870460510254,-2.149653196334839,0.056033968925476074,0.056033968925476074,1.675297498703003,-15.340219497680664,-10.168405532836914,5.17181396484375,5.17181396484375,1.188593864440918
"{'osm_id': 355412934, 'osm_type': 'yes'}",chennai_bld_001822,2,2,100.0,-3.5639257431030273,-4.6806511878967285,-1.1167254447937012,-1.1167254447937012,1.4617276191711426,-11.37183666229248,-10.973350524902344,0.3984861373901367,0.3984861373901367,2.8529529571533203
"{'osm_id': 355412936, 'osm_type': 'yes'}",chennai_bld_001823,4,4,100.0,0.5519589185714722,-1.0499625205993652,-1.6019213199615479,-0.12224149703979492,3.0661748846552874,-9.87708568572998,-12.155574798583984,-2.2784903049468994,-1.7533798217773438,1.9632642200753534
"{'osm_id': 355412938, 'osm_type': 'yes'}",chennai_bld_001824,2,2,100.0,-7.916555881500244,-6.373061180114746,1.5434949398040771,1.5434949398040771,2.664355516433716,-9.394649505615234,-10.168355941772461,-0.7737064361572266,-0.7737064361572266,3.5255136489868164
"{'osm_id': 355412941, 'osm_type': 'yes'}",chennai_bld_001825,2,2,100.0,-2.2355399131774902,-3.998335361480713,-1.7627954483032227,-1.7627954483032227,1.8540534973144531,-10.173874855041504,-11.676593780517578,-1.5027189254760742,-1.5027189254760742,1.2640256881713867
"{'osm_id': 355412944, 'osm_type': 'yes'}",chennai_bld_001826,2,2,100.0,-0.6993666291236877,-2.7024073600769043,-2.0030407905578613,-2.0030407905578613,3.4613814949989323,-11.664041519165039,-13.100922584533691,-1.4368805885314941,-1.4368805885314941,2.3744730949401855
"{'osm_id': 355412945, 'osm_type': 'yes'}",chennai_bld_001827,3,3,100.0,1.8601083755493164,4.459291458129883,2.599182923634847,0.49269306659698486,3.414019193564981,-12.82717514038086,-14.651805877685547,-1.8246310551961262,-1.7151107788085938,0.6480235905493718
"{'osm_id': 355412946, 'osm_type': 'yes'}",chennai_bld_001828,4,4,100.0,-3.7773895263671875,-4.822183132171631,-1.044793725013733,-1.5578055381774902,1.2815314683286987,-12.36679458618164,-11.957292556762695,0.4095029830932617,0.30051231384277344,3.439433284476278
"{'osm_id': 355412951, 'osm_type': 'yes'}",chennai_bld_001829,3,3,100.0,-4.370412190755208,-0.5287370681762695,3.8416748046875,2.4076390266418457,6.1559632217518025,-13.826433817545572,-14.803553263346354,-0.9771197636922201,-1.9541635513305664,1.3919220377335664
"{'osm_id': 355412952, 'osm_type': 'yes'}",chennai_bld_001830,1,1,100.0,3.266752243041992,-0.2986241579055786,-3.5653762817382812,-3.5653762817382812,0.0,-11.016373634338379,-12.92556381225586,-1.9091901779174805,-1.9091901779174805,0.0
"{'osm_id': 355412954, 'osm_type': 'yes'}",chennai_bld_001831,4,4,100.0,3.079139232635498,-0.4166032075881958,-3.4957423210144043,-3.3566501140594482,2.2008832734796484,-11.997567176818848,-12.199722290039062,-0.20215439796447754,-0.7360653877258301,1.5822310053581738
"{'osm_id': 355412958, 'osm_type': 'yes'}",chennai_bld_001832,3,3,100.0,-2.6813062032063804,-3.412254969278971,-0.7309488455454508,0.4625570774078369,2.3093104766438155,-15.040700276692709,-13.842933654785156,1.1977656682332356,-1.2793359756469727,4.389783646389493
"{'osm_id': 355412960, 'osm_type': 'yes'}",chennai_bld_001833,2,2,100.0,-2.980313301086426,-6.411242485046387,-3.43092942237854,-3.43092942237854,1.7263582348823558,-9.41031265258789,-10.687732696533203,-1.2774205207824707,-1.2774205207824707,0.44735097885131836
"{'osm_id': 355412961, 'osm_type': 'yes'}",chennai_bld_001834,4,4,100.0,-2.0550613403320312,-4.134607315063477,-2.0795459747314453,-2.3946213722229004,3.1506966251805837,-11.436983108520508,-13.180767059326172,-1.7437853813171387,-2.162533760070801,2.814305721879241
"{'osm_id': 355412963, 'osm_type': 'yes'}",chennai_bld_001835,2,2,100.0,-12.651447296142578,-6.85314416885376,5.798303127288818,5.798303127288818,2.5553250312805176,-11.103260040283203,-11.202335357666016,-0.0990757942199707,-0.0990757942199707,1.6731524467468262
"{'osm_id': 355412968, 'osm_type': 'yes'}",chennai_bld_001836,3,3,100.0,-1.4423829714457195,-1.4833289782206218,-0.040945847829182945,-0.22537517547607422,1.289762507343914,-8.385210037231445,-6.520597457885742,1.8646124203999836,1.366328239440918,2.1019531253933326
"{'osm_id': 355412971, 'osm_type': 'yes'}",chennai_bld_001837,4,4,100.0,0.790791392326355,-3.459489345550537,-4.250280857086182,-3.5610969066619873,2.452427106183644,-12.799129486083984,-16.14902687072754,-3.3498973846435547,-3.2068238258361816,3.033337299120155
"{'osm_id': 355412973, 'osm_type': 'yes'}",chennai_bld_001838,2,2,100.0,-4.630551815032959,-7.268588542938232,-2.6380367279052734,-2.6380367279052734,2.2429628372192383,-10.914855003356934,-8.49825382232666,2.4166011810302734,2.4166011810302734,1.0083484649658203
"{'osm_id': 355412974, 'osm_type': 'yes'}",chennai_bld_001839,4,4,100.0,-1.4331398010253906,-1.820772409439087,-0.38763266801834106,-1.034852147102356,1.961054223982764,-14.564367294311523,-16.13601303100586,-1.5716454982757568,-1.4165191650390625,2.523788150333248
"{'osm_id': 355412976, 'osm_type': 'yes'}",chennai_bld_001840,1,1,100.0,1.2987518310546875,0.29791444540023804,-1.0008373260498047,-1.0008373260498047,0.0,-10.548322677612305,-9.471858978271484,1.0764636993408203,1.0764636993408203,0.0
"{'osm_id': 355412977, 'osm_type': 'yes'}",chennai_bld_001841,4,4,100.0,4.896121501922607,4.336535453796387,-0.5595861673355103,0.9285829067230225,3.3185015934686244,-12.370283126831055,-11.411170959472656,0.9591119289398193,0.9207701683044434,2.915937462887323
"{'osm_id': 355412978, 'osm_type': 'yes'}",chennai_bld_001842,2,2,100.0,-2.1151552200317383,-0.7890390157699585,1.3261163234710693,1.3261163234710693,0.29189085960388184,-10.188344955444336,-8.127277374267578,2.061068058013916,2.061068058013916,0.23066186904907227
"{'osm_id': 355412980, 'osm_type': 'yes'}",chennai_bld_001843,3,3,100.0,2.3645149866739907,1.035779555638631,-1.3287355105082195,-1.6678438186645508,0.7894808059610167,-12.479222615559896,-12.962944030761719,-0.48372046152750653,-1.2505464553833008,1.9765486612785437
"{'osm_id': 355412981, 'osm_type': 'yes'}",chennai_bld_001844,2,2,100.0,-3.5377492904663086,-1.091866374015808,2.445882797241211,2.445882797241211,0.1504706144333358,-10.841438293457031,-14.11461067199707,-3.273171901702881,-3.273171901702881,2.9169211387634277
"{'osm_id': 355412982, 'osm_type': 'yes'}",chennai_bld_001845,2,2,100.0,0.31750327348709106,-2.7135934829711914,-3.0310966968536377,-3.0310966968536377,1.4974204897880565,-13.041131973266602,-10.25296401977539,2.788167953491211,2.788167953491211,1.5475053787231445
"{'osm_id': 355412984, 'osm_type': 'yes'}",chennai_bld_001846,5,5,100.0,3.6169078826904295,3.127603530883789,-0.4893043518066406,-0.7422723770141602,2.272535200174785,-11.046381378173828,-12.690809631347657,-1.644428825378418,-0.4429893493652344,3.0780080442231696
"{'osm_id': 355412988, 'osm_type': 'yes'}",chennai_bld_001847,2,2,100.0,5.982202529907227,7.612202167510986,1.6299993991851807,1.6299993991851807,1.0079810619354248,-9.922945022583008,-12.358806610107422,-2.435861587524414,-2.435861587524414,2.1875476837158203
"{'osm_id': 355412989, 'osm_type': 'yes'}",chennai_bld_001848,4,4,100.0,-1.4681446552276611,-2.5823657512664795,-1.1142210960388184,-1.2972593307495117,2.4036658230263472,-9.64549446105957,-9.079679489135742,0.5658149719238281,1.3682355880737305,2.7079824628380536
"{'osm_id': 355412990, 'osm_type': 'yes'}",chennai_bld_001849,4,4,100.0,-2.3583807945251465,-4.5680623054504395,-2.209681272506714,-2.7563419342041016,1.8099285388924522,-13.573650360107422,-14.615209579467773,-1.0415596961975098,-2.346944808959961,4.423916842122993
"{'osm_id': 355412991, 'osm_type': 'yes'}",chennai_bld_001850,3,3,100.0,-2.9130881627400718,-0.7810013294219971,2.1320865948994956,1.375532865524292,1.742236118101386,-10.013668060302734,-9.784423828125,0.22924423217773438,-0.050994873046875,0.5392820729889976
"{'osm_id': 355412992, 'osm_type': 'yes'}",chennai_bld_001851,2,2,100.0,-0.9933736324310303,-1.4550660848617554,-0.4616924524307251,-0.4616924524307251,3.3764740228652954,-6.165963649749756,-6.517544746398926,-0.351581335067749,-0.351581335067749,0.1635453701019287
"{'osm_id': 355412994, 'osm_type': 'yes'}",chennai_bld_001852,2,2,100.0,-2.0967259407043457,-3.201984405517578,-1.1052584648132324,-1.1052584648132324,0.4015696048736572,-13.35002326965332,-12.669107437133789,0.680915355682373,0.680915355682373,0.12853479385375977
"{'osm_id': 355412995, 'osm_type': 'yes'}",chennai_bld_001853,2,2,100.0,-6.3464250564575195,-5.763121604919434,0.583303689956665,0.583303689956665,0.9675018787384033,-8.332127571105957,-10.786052703857422,-2.453925609588623,-2.453925609588623,0.3285212516784668
"{'osm_id': 355412996, 'osm_type': 'yes'}",chennai_bld_001854,2,2,100.0,0.6138145923614502,-0.44547605514526367,-1.0592906475067139,-1.0592906475067139,2.4338557720184326,-10.958589553833008,-11.939663887023926,-0.9810748100280762,-0.9810748100280762,0.003941059112548828
"{'osm_id': 355412997, 'osm_type': 'yes'}",chennai_bld_001855,4,4,100.0,-0.8910797834396362,-0.4133315086364746,0.4777482748031616,0.45659977197647095,2.572377657973542,-10.433202743530273,-10.592449188232422,-0.15924537181854248,-0.7192726135253906,2.3861115714281125
"{'osm_id': 355412998, 'osm_type': 'yes'}",chennai_bld_001856,2,2,100.0,-1.0273144245147705,-4.585899353027344,-3.5585849285125732,-3.5585849285125732,0.006791353225708008,-11.544780731201172,-12.37440299987793,-0.8296222686767578,-0.8296222686767578,1.0795679092407227
"{'osm_id': 355413000, 'osm_type': 'yes'}",chennai_bld_001857,3,3,100.0,-4.733914375305176,-0.6504890521367391,4.083425521850586,2.8160932064056396,1.9489797507064246,-12.499725341796875,-8.547564188639322,3.9521605173746743,2.9529170989990234,1.7131538315701074
"{'osm_id': 355413002, 'osm_type': 'yes'}",chennai_bld_001858,2,2,100.0,-4.3946852684021,-2.205695629119873,2.1889896392822266,2.1889896392822266,4.4827159643173236,-13.613697052001953,-15.187414169311523,-1.573716640472412,-1.573716640472412,0.8907275199890137
"{'osm_id': 355413004, 'osm_type': 'yes'}",chennai_bld_001859,1,1,100.0,4.094706058502197,1.1389127969741821,-2.9557933807373047,-2.9557933807373047,0.0,-6.768383979797363,-8.183573722839355,-1.4151897430419922,-1.4151897430419922,0.0
"{'osm_id': 355413005, 'osm_type': 'yes'}",chennai_bld_001860,2,2,100.0,5.014394760131836,3.9684343338012695,-1.045960545539856,-1.045960545539856,0.3726750612258911,-5.696177005767822,-8.8959321975708,-3.1997549533843994,-3.1997549533843994,3.9270575046539307
"{'osm_id': 355413007, 'osm_type': 'yes'}",chennai_bld_001861,2,2,100.0,1.1627488136291504,0.5120882987976074,-0.650660514831543,-0.650660514831543,1.3381967544555664,-8.302461624145508,-10.509225845336914,-2.2067646980285645,-2.2067646980285645,1.07863187789917
"{'osm_id': 355413008, 'osm_type': 'yes'}",chennai_bld_001862,4,4,100.0,1.25471031665802,1.4796208143234253,0.22491052746772766,0.056371092796325684,3.1963692740023437,-12.787198066711426,-11.138570785522461,1.6486272811889648,1.656569004058838,3.113510571047609
"{'osm_id': 355413010, 'osm_type': 'yes'}",chennai_bld_001863,4,4,100.0,-1.0586016178131104,-2.3745522499084473,-1.3159507513046265,-1.7663218975067139,2.662374704005949,-13.617870330810547,-13.017683982849121,0.6001873016357422,2.128354072570801,5.026376802695723
"{'osm_id': 355413011, 'osm_type': 'yes'}",chennai_bld_001864,6,6,100.0,-5.294506390889485,-6.127147674560547,-0.8326411247253418,-1.1012985706329346,1.4492714897578405,-12.87750498453776,-11.231712341308594,1.6457918485005696,1.7798027992248535,2.023060219584966
"{'osm_id': 355413012, 'osm_type': 'yes'}",chennai_bld_001865,4,4,100.0,-2.3890697956085205,-4.321671962738037,-1.9326021671295166,-1.2291300296783447,4.459242317856846,-9.652582168579102,-9.389701843261719,0.26288139820098877,1.2034697532653809,2.9988675042435267
"{'osm_id': 355413013, 'osm_type': 'yes'}",chennai_bld_001866,2,2,100.0,6.7279052734375,5.271486282348633,-1.4564192295074463,-1.4564192295074463,0.11152195930480957,-8.106605529785156,-7.158363342285156,0.9482421875,0.9482421875,0.862523078918457
"{'osm_id': 355413014, 'osm_type': 'yes'}",chennai_bld_001867,1,1,100.0,0.7984865307807922,1.312093734741211,0.5136072039604187,0.5136072039604187,0.0,-15.913822174072266,-15.325271606445312,0.5885505676269531,0.5885505676269531,0.0
"{'osm_id': 355413015, 'osm_type': 'yes'}",chennai_bld_001868,2,2,100.0,-7.242513179779053,-8.504168510437012,-1.2616550922393799,-1.2616550922393799,2.8124606609344482,-9.70098876953125,-11.123661041259766,-1.4226717948913574,-1.4226717948913574,0.7027325630187988
"{'osm_id': 355413017, 'osm_type': 'yes'}",chennai_bld_001869,2,2,100.0,2.80083966255188,2.4990811347961426,-0.30175864696502686,-0.30175864696502686,2.283206820487976,-10.187399864196777,-9.405686378479004,0.7817132472991943,0.7817132472991943,3.8832318782806396
"{'osm_id': 355413019, 'osm_type': 'yes'}",chennai_bld_001870,2,2,100.0,-2.0850038528442383,-5.635087013244629,-3.5500833988189697,-3.5500833988189697,1.7970058917999268,-12.329483032226562,-15.256437301635742,-2.9269542694091797,-2.9269542694091797,1.7348308563232422
"{'osm_id': 355413020, 'osm_type': 'yes'}",chennai_bld_001871,2,2,100.0,-3.2963685989379883,-7.656844139099121,-4.360475540161133,-4.360475540161133,1.2747282981872559,-13.76926040649414,-15.122735977172852,-1.3534750938415527,-1.3534750938415527,0.8021960258483887
"{'osm_id': 355413023, 'osm_type': 'yes'}",chennai_bld_001872,4,4,100.0,-0.5341984033584595,-1.3947150707244873,-0.8605166673660278,-1.0688073635101318,3.996471031935842,-16.938953399658203,-12.968257904052734,3.9706945419311523,3.803957462310791,0.5944394142504881
"{'osm_id': 355413026, 'osm_type': 'yes'}",chennai_bld_001873,3,3,100.0,-3.966599782307943,-5.452226003011067,-1.485626220703125,-0.9974734783172607,1.1246745178144273,-11.483819325764975,-9.69576899210612,1.7880500157674153,2.155660629272461,0.891724002395332
"{'osm_id': 355413028, 'osm_type': 'yes'}",chennai_bld_001874,4,4,100.0,-2.5628437995910645,-5.7024946212768555,-3.139650344848633,-3.3870954513549805,1.3407540285050548,-14.431172370910645,-12.092906951904297,2.3382656574249268,2.264523506164551,2.6648607575995498
"{'osm_id': 355413031, 'osm_type': 'yes'}",chennai_bld_001875,1,1,100.0,-2.4786107540130615,-2.7254481315612793,-0.24683737754821777,-0.24683737754821777,0.0,-12.008737564086914,-14.958728790283203,-2.949991226196289,-2.949991226196289,0.0
"{'osm_id': 355413033, 'osm_type': 'yes'}",chennai_bld_001876,4,4,100.0,-4.448305606842041,-5.774714469909668,-1.326409101486206,-1.8071794509887695,3.3723387570441434,-16.06210708618164,-13.764976501464844,2.2971301078796387,1.6412405967712402,1.7386504755152932
"{'osm_id': 355413035, 'osm_type': 'yes'}",chennai_bld_001877,2,2,100.0,-5.147439956665039,-4.505512237548828,0.6419277191162109,0.6419277191162109,1.7165498733520508,-13.241065979003906,-13.730180740356445,-0.48911476135253906,-0.48911476135253906,0.25751399993896484
"{'osm_id': 355413037, 'osm_type': 'yes'}",chennai_bld_001878,2,2,100.0,-5.005570411682129,-4.954301834106445,0.051268815994262695,0.051268815994262695,1.5715343952178955,-11.868324279785156,-8.8593168258667,3.009006977081299,3.009006977081299,1.6426787376403809
"{'osm_id': 355413038, 'osm_type': 'yes'}",chennai_bld_001879,1,1,100.0,6.74358606338501,-1.5360558032989502,-8.279642105102539,-8.279642105102539,0.0,-10.027423858642578,-5.294023513793945,4.733400344848633,4.733400344848633,0.0
"{'osm_id': 355413041, 'osm_type': 'yes'}",chennai_bld_001880,2,2,100.0,-4.161499977111816,-5.585975646972656,-1.424475908279419,-1.424475908279419,3.2379510402679443,-11.077052116394043,-13.043651580810547,-1.966599464416504,-1.966599464416504,0.17917537689208984
"{'osm_id': 355413042, 'osm_type': 'yes'}",chennai_bld_001881,2,2,100.0,-0.09860372543334961,1.4578830003738403,1.5564866065979004,1.5564866065979004,2.8067140579223633,-9.789535522460938,-10.199206352233887,-0.4096713066101074,-0.4096713066101074,2.538527011871338
"{'osm_id': 355413043, 'osm_type': 'yes'}",chennai_bld_001882,2,2,100.0,1.651614785194397,1.9873329401016235,0.3357180953025818,0.3357180953025818,1.3544719815254211,-7.937692165374756,-7.048768997192383,0.888922929763794,0.888922929763794,0.9286148548126221
"{'osm_id': 355413044, 'osm_type': 'yes'}",chennai_bld_001883,4,4,100.0,0.2718338370323181,-1.5859591960906982,-1.8577929735183716,-3.9406070709228516,4.294392602585793,-14.653779983520508,-13.624801635742188,1.0289783477783203,1.0583877563476562,2.652359883219661
"{'osm_id': 355413046, 'osm_type': 'yes'}",chennai_bld_001884,4,4,100.0,-2.050769090652466,-5.524909973144531,-3.4741406440734863,-3.161607265472412,1.1275821766261944,-8.029109954833984,-7.313101768493652,0.7160078287124634,0.2381739616394043,1.2299909991593545
"{'osm_id': 355413048, 'osm_type': 'yes'}",chennai_bld_001885,2,2,100.0,-0.2945132255554199,-0.5280394554138184,-0.23352617025375366,-0.23352617025375366,2.190416395664215,-13.063230514526367,-10.474601745605469,2.5886282920837402,2.5886282920837402,3.573647975921631
"{'osm_id': 355413049, 'osm_type': 'yes'}",chennai_bld_001886,1,1,100.0,-2.721588611602783,-0.5857158899307251,2.1358728408813477,2.1358728408813477,0.0,-9.566112518310547,-9.564522743225098,0.0015897750854492188,0.0015897750854492188,0.0
"{'osm_id': 355413050, 'osm_type': 'yes'}",chennai_bld_001887,2,2,100.0,0.8943951725959778,0.07241372764110565,-0.8219814896583557,-0.8219814896583557,0.7743889689445496,-9.908220291137695,-9.59416389465332,0.314056396484375,0.314056396484375,0.08751392364501953
"{'osm_id': 355413051, 'osm_type': 'yes'}",chennai_bld_001888,2,2,100.0,8.993995666503906,6.366612911224365,-2.627382278442383,-2.627382278442383,0.831942081451416,-10.252903938293457,-12.158781051635742,-1.905876636505127,-1.905876636505127,0.39811277389526367
"{'osm_id': 355413052, 'osm_type': 'yes'}",chennai_bld_001889,2,2,100.0,-2.8187108039855957,-3.3002209663391113,-0.48151010274887085,-0.48151010274887085,1.0521661639213562,-11.64798355102539,-10.715666770935059,0.9323163032531738,0.9323163032531738,3.4033570289611816
"{'osm_id': 355413053, 'osm_type': 'yes'}",chennai_bld_001890,4,4,100.0,3.4382824897766113,1.8635672330856323,-1.574715495109558,-1.3401706218719482,3.2468575159047384,-10.7377347946167,-10.674087524414062,0.06364703178405762,-0.9013315439224243,6.44173427839695
"{'osm_id': 355413056, 'osm_type': 'yes'}",chennai_bld_001891,9,9,100.0,-4.801661597357856,-7.192022535536024,-2.3903611501057944,-1.562760353088379,4.950831449193596,-11.360933091905382,-12.709049648708767,-1.348117192586263,0.06923770904541016,3.1126387727045923
"{'osm_id': 355413057, 'osm_type': 'yes'}",chennai_bld_001892,4,4,100.0,1.1951475143432617,-0.31321436166763306,-1.508362054824829,-1.3125948905944824,0.9865312989245859,-11.84947395324707,-13.697270393371582,-1.8477966785430908,-1.4579577445983887,2.076661617595487
"{'osm_id': 355413058, 'osm_type': 'yes'}",chennai_bld_001893,4,4,100.0,0.02912801504135132,-2.706017255783081,-2.735145330429077,-1.8745516538619995,2.4528674407579456,-11.620819091796875,-12.114882469177246,-0.4940650463104248,-0.8865828514099121,2.4949103309232483
"{'osm_id': 355413064, 'osm_type': 'yes'}",chennai_bld_001894,8,8,100.0,3.3452041149139404,2.1174235343933105,-1.2277803421020508,-1.430547833442688,2.881910819020631,-12.549458503723145,-13.059357643127441,-0.5099003314971924,-0.4262351989746094,2.905536640184243
"{'osm_id': 355413066, 'osm_type': 'yes'}",chennai_bld_001895,4,4,100.0,-7.3447675704956055,-5.971025466918945,1.373741626739502,0.9135475158691406,4.917122803579517,-13.223823547363281,-13.60307788848877,-0.3792550563812256,-0.2527656555175781,1.8257082919094465
"{'osm_id': 355413068, 'osm_type': 'yes'}",chennai_bld_001896,4,4,100.0,-3.165581464767456,-2.1737923622131348,0.991788923740387,1.0587064027786255,1.9942483013469672,-10.97575569152832,-11.568391799926758,-0.5926358699798584,-0.20474863052368164,2.9557884901266576
"{'osm_id': 355413072, 'osm_type': 'yes'}",chennai_bld_001897,3,3,100.0,-3.9545955657958984,-6.1829681396484375,-2.2283722559611,-0.894805908203125,2.362408215664515,-11.217376708984375,-11.525517781575521,-0.3081401189168294,-0.6955604553222656,0.9982420611821393
"{'osm_id': 355413077, 'osm_type': 'yes'}",chennai_bld_001898,2,2,100.0,6.969193458557129,5.146462440490723,-1.8227310180664062,-1.8227310180664062,0.21258020401000977,-8.303068161010742,-7.7594804763793945,0.5435879230499268,0.5435879230499268,0.4371039867401123
"{'osm_id': 355413079, 'osm_type': 'yes'}",chennai_bld_001899,4,4,100.0,-5.134825706481934,-1.6415342092514038,3.4932913780212402,3.298985004425049,1.1878543643863035,-13.25872802734375,-13.564132690429688,-0.3054046630859375,-0.17192840576171875,1.3027263249390517
"{'osm_id': 355413083, 'osm_type': 'yes'}",chennai_bld_001900,4,4,100.0,-2.6013004779815674,-3.4583754539489746,-0.8570748567581177,-2.6169533729553223,3.974703981025061,-11.169366836547852,-12.366657257080078,-1.1972899436950684,-0.9640064239501953,0.8926590047169216
"{'osm_id': 355413085, 'osm_type': 'yes'}",chennai_bld_001901,2,2,100.0,-0.7605065107345581,-2.285083770751953,-1.5245773792266846,-1.5245773792266846,0.15582919120788574,-8.26089096069336,-11.265424728393555,-3.0045342445373535,-3.0045342445373535,0.1572556495666504
"{'osm_id': 355413088, 'osm_type': 'yes'}",chennai_bld_001902,6,6,100.0,1.0926542282104492,0.2620835304260254,-0.8305706977844238,-1.0566356182098389,3.8223689599760635,-11.228731791178385,-11.397621154785156,-0.16888888676961264,-0.06735801696777344,3.3286190877423336
"{'osm_id': 355413090, 'osm_type': 'yes'}",chennai_bld_001903,4,4,100.0,-5.763428688049316,-3.10261869430542,2.6608099937438965,2.0905447006225586,1.221704486253462,-13.620704650878906,-13.496468544006348,0.12423539161682129,-0.28819847106933594,2.589019155941249
"{'osm_id': 355413092, 'osm_type': 'yes'}",chennai_bld_001904,2,2,100.0,-3.230621814727783,-4.115884780883789,-0.8852629661560059,-0.8852629661560059,0.00954294204711914,-9.012687683105469,-11.775215148925781,-2.7625279426574707,-2.7625279426574707,1.472445011138916
"{'osm_id': 355444684, 'osm_type': 'yes'}",chennai_bld_001905,2,2,100.0,-2.4876232147216797,-5.099485397338867,-2.6118621826171875,-2.6118621826171875,2.6141748428344727,-14.027101516723633,-12.527645111083984,1.4994564056396484,1.4994564056396484,1.7008647918701172
"{'osm_id': 355444691, 'osm_type': 'yes'}",chennai_bld_001906,9,9,100.0,-3.720544603135851,-3.65970950656467,0.060834937625461154,0.12650024890899658,2.5107271956459036,-12.354972839355469,-13.756963941786024,-1.401990572611491,-1.5779447555541992,2.508387791857963
"{'osm_id': 355444694, 'osm_type': 'yes'}",chennai_bld_001907,2,2,100.0,4.050178050994873,2.0753893852233887,-1.9747885465621948,-1.9747885465621948,0.5392855405807495,-15.013147354125977,-17.681753158569336,-2.6686062812805176,-2.6686062812805176,1.6213603019714355
"{'osm_id': 355444699, 'osm_type': 'yes'}",chennai_bld_001908,3,3,100.0,1.3248178958892822,-0.3817360003789266,-1.7065539360046387,-1.2329005002975464,0.703610426295867,-12.495488484700521,-13.3592160542806,-0.8637275695800781,-0.4605388641357422,0.7068540890895405
"{'osm_id': 355444716, 'osm_type': 'yes'}",chennai_bld_001909,2,2,100.0,-1.0394253730773926,-3.0741488933563232,-2.0347232818603516,-2.0347232818603516,2.9606742560863495,-9.11380386352539,-9.279022216796875,-0.16521835327148438,-0.16521835327148438,0.2736396789550781
"{'osm_id': 355444734, 'osm_type': 'yes'}",chennai_bld_001910,2,2,100.0,9.247105598449707,10.095768928527832,0.848663330078125,0.848663330078125,1.2770357131958008,-9.42829704284668,-10.256057739257812,-0.8277606964111328,-0.8277606964111328,1.530050277709961
"{'osm_id': 355444735, 'osm_type': 'yes'}",chennai_bld_001911,3,3,100.0,1.5688406626383464,2.1052042643229165,0.53636368115743,1.2025375366210938,2.0510682604167765,-14.04636255900065,-15.19756825764974,-1.1512060165405273,-2.7798538208007812,2.996844719655404
"{'osm_id': 355444736, 'osm_type': 'yes'}",chennai_bld_001912,3,3,100.0,1.2711421648661296,0.39704132080078125,-0.8741008440653483,-1.9929652214050293,3.13656607862169,-9.849335352579752,-10.34634780883789,-0.49701277414957684,-0.8740816116333008,3.423577707346774
"{'osm_id': 355444737, 'osm_type': 'yes'}",chennai_bld_001913,6,6,100.0,-0.7181746164957682,0.45109907786051434,1.1692736943562825,2.0411529541015625,3.3202808390075007,-10.253826141357422,-9.9606564839681,0.29317013422648114,-0.44762516021728516,2.449579408264529
"{'osm_id': 355444738, 'osm_type': 'yes'}",chennai_bld_001914,4,4,100.0,7.20775032043457,6.409645080566406,-0.798105001449585,-0.2865753173828125,2.3281220836221435,-13.545029640197754,-14.231451034545898,-0.6864210367202759,-0.2712974548339844,3.067461624316443
"{'osm_id': 355444759, 'osm_type': 'yes'}",chennai_bld_001915,3,3,100.0,12.32834498087565,11.292743682861328,-1.0356013774871826,-1.8651151657104492,2.653673288330556,-15.531346638997396,-15.772468566894531,-0.241120974222819,-0.8211956024169922,3.827337444434139
"{'osm_id': 355444766, 'osm_type': 'yes'}",chennai_bld_001916,3,3,100.0,7.582106272379558,4.489981333414714,-3.092125574747721,-1.2074408531188965,4.038260741420365,-14.993834177652994,-14.822761535644531,0.17107295989990234,2.1699352264404297,3.016925386999363
"{'osm_id': 355444770, 'osm_type': 'yes'}",chennai_bld_001917,4,4,100.0,9.48044204711914,9.043722152709961,-0.4367196559906006,-1.132194995880127,2.1130267645327656,-11.755728721618652,-16.1103572845459,-4.354628562927246,-4.7484660148620605,2.9519845934725617
"{'osm_id': 355444774, 'osm_type': 'yes'}",chennai_bld_001918,2,2,100.0,-1.787509560585022,-3.927982807159424,-2.1404731273651123,-2.1404731273651123,0.38732433319091797,-9.96398639678955,-11.536909103393555,-1.572922945022583,-1.572922945022583,4.311722040176392
"{'osm_id': 355444779, 'osm_type': 'yes'}",chennai_bld_001919,9,9,100.0,-4.7950765821668835,-5.13841798570421,-0.343341244591607,-0.38481569290161133,2.9954356545680487,-13.22549777560764,-13.453831990559896,-0.22833357916937935,0.5917892456054688,2.9234514778842122
"{'osm_id': 355444783, 'osm_type': 'yes'}",chennai_bld_001920,7,7,100.0,-5.574662344796317,-6.8044297354561945,-1.229767118181501,-1.3313627243041992,1.8014225563563446,-12.861886160714286,-11.91363525390625,0.9482521329607282,0.8939762115478516,1.3833265756334505
"{'osm_id': 355444797, 'osm_type': 'yes'}",chennai_bld_001921,2,2,100.0,10.263558387756348,6.566719055175781,-3.6968395709991455,-3.6968395709991455,1.0303146839141846,-9.486331939697266,-10.006904602050781,-0.5205731391906738,-0.5205731391906738,0.41739892959594727
"{'osm_id': 355444799, 'osm_type': 'yes'}",chennai_bld_001922,7,7,100.0,-3.9296471732003346,-5.112751552036831,-1.1831041063581194,-1.3476831912994385,3.0968498970945,-10.932704380580358,-10.900985717773438,0.031718390328543525,-0.13719940185546875,1.66572019136398
"{'osm_id': 355444802, 'osm_type': 'yes'}",chennai_bld_001923,2,2,100.0,-1.0394253730773926,-3.0741488933563232,-2.0347232818603516,-2.0347232818603516,2.9606742560863495,-9.11380386352539,-9.279022216796875,-0.16521835327148438,-0.16521835327148438,0.2736396789550781
"{'osm_id': 355444803, 'osm_type': 'yes'}",chennai_bld_001924,4,4,100.0,3.0505709648132324,0.24390387535095215,-2.806666851043701,-2.145212173461914,3.762040556382447,-12.607965469360352,-12.23702621459961,0.37093985080718994,0.9017128944396973,2.934463623267527
"{'osm_id': 355444807, 'osm_type': 'yes'}",chennai_bld_001925,6,6,100.0,1.7993907928466797,-0.409268061319987,-2.2086588541666665,-2.3980343341827393,1.563071865519438,-6.446409225463867,-9.722214380900065,-3.2758057912190757,-3.7646453380584717,2.4478223417938265
"{'osm_id': 355444811, 'osm_type': 'yes'}",chennai_bld_001926,6,6,100.0,-5.955234527587891,-5.18360710144043,0.7716270287831625,0.6214132308959961,2.5053363436689833,-13.55615488688151,-12.014102935791016,1.5420527458190918,2.058527946472168,2.3399168653727367
"{'osm_id': 355444820, 'osm_type': 'yes'}",chennai_bld_001927,4,4,100.0,2.7021946907043457,0.5853586196899414,-2.116835832595825,-2.6553139686584473,1.3078395163700667,-13.883288383483887,-11.900129318237305,1.9831597805023193,2.026583671569824,0.9305700458046534
"{'osm_id': 355444823, 'osm_type': 'yes'}",chennai_bld_001928,3,3,100.0,-3.4342212677001953,-1.3926153182983398,2.0416061083475747,2.648165464401245,3.2777883177508573,-14.809672037760416,-14.836652119954428,-0.026978810628255207,-0.35274696350097656,2.3918256232721578
"{'osm_id': 355444825, 'osm_type': 'yes'}",chennai_bld_001929,2,2,100.0,6.286136150360107,4.1691083908081055,-2.117027521133423,-2.117027521133423,1.9149219989776611,-9.372705459594727,-6.1751251220703125,3.197580099105835,3.197580099105835,0.67421555519104
"{'osm_id': 355444828, 'osm_type': 'yes'}",chennai_bld_001930,4,4,100.0,-6.171463966369629,-4.642867088317871,1.5285969972610474,1.2313297986984253,3.004864705815165,-11.291080474853516,-12.952383041381836,-1.661302089691162,-0.44762516021728516,2.283892035481747
"{'osm_id': 355444842, 'osm_type': 'yes'}",chennai_bld_001931,2,2,100.0,9.542984008789062,10.32034969329834,0.7773661613464355,0.7773661613464355,1.3483328819274902,-11.61259937286377,-13.071635246276855,-1.459035873413086,-1.459035873413086,0.8987751007080078
"{'osm_id': 355444847, 'osm_type': 'yes'}",chennai_bld_001932,3,3,100.0,0.9834796587626139,-1.6997710863749187,-2.6832504272460938,-2.964120864868164,1.557470194808973,-12.957935333251953,-15.584129333496094,-2.6261936823527017,-3.899237632751465,3.10323216300248
"{'osm_id': 355444852, 'osm_type': 'yes'}",chennai_bld_001933,2,2,100.0,7.032656669616699,6.746081352233887,-0.2865753173828125,-0.2865753173828125,0.920865535736084,-15.623138427734375,-13.320159912109375,2.302978038787842,2.302978038787842,0.1330428123474121
"{'osm_id': 355444854, 'osm_type': 'yes'}",chennai_bld_001934,8,8,100.0,9.956731796264648,3.1200613975524902,-6.836670875549316,-6.701977729797363,4.366892177195636,-9.413769721984863,-11.878807067871094,-2.4650378227233887,-2.3733115196228027,2.8219039312890732
"{'osm_id': 355444859, 'osm_type': 'yes'}",chennai_bld_001935,3,3,100.0,2.8276589711507163,0.8126223087310791,-2.0150367418924966,-1.2784440517425537,2.3209997103289015,-10.389715830485025,-14.626935323079428,-4.237219492594401,-5.459216117858887,2.0854609048936603
"{'osm_id': 355444865, 'osm_type': 'yes'}",chennai_bld_001936,11,11,100.0,-4.584070725874468,-5.9051513671875,-1.321080814708363,-0.38481569290161133,3.354993992235546,-11.687076915394176,-12.549197110262783,-0.8621209751475941,0.36876773834228516,3.1143781949001568
"{'osm_id': 355444866, 'osm_type': 'yes'}",chennai_bld_001937,10,10,100.0,-5.921088409423828,-8.506661987304687,-2.5855728149414063,-3.2967727184295654,2.484709910431595,-14.300852966308593,-13.227108764648438,1.0737448692321778,1.3740792274475098,2.7984176719491822
"{'osm_id': 355444868, 'osm_type': 'yes'}",chennai_bld_001938,2,2,100.0,0.8684185743331909,-1.6241095066070557,-2.492528200149536,-2.492528200149536,2.3742278218269357,-11.217936515808105,-10.453145027160645,0.7647914886474609,0.7647914886474609,0.30268192291259766
"{'osm_id': 355444871, 'osm_type': 'yes'}",chennai_bld_001939,3,3,100.0,-1.8167622884114583,-1.7704857190450032,0.04627656936645508,0.04336833953857422,0.1279672936700274,-10.742505391438803,-14.122594197591146,-3.380089441935221,-2.585433006286621,2.375613195019802
"{'osm_id': 355444874, 'osm_type': 'yes'}",chennai_bld_001940,2,2,100.0,0.4788820147514343,-1.8763688802719116,-2.355250835418701,-2.355250835418701,3.3311944603919987,-11.704904556274414,-9.605097770690918,2.099806785583496,2.099806785583496,2.935882568359375
"{'osm_id': 355444876, 'osm_type': 'yes'}",chennai_bld_001941,4,4,100.0,2.154672145843506,1.7538655996322632,-0.40080636739730835,-0.5195372104644775,2.4062468402869848,-14.025956153869629,-14.682408332824707,-0.6564526557922363,-0.9760231971740723,2.7331577651518844
"{'osm_id': 355444877, 'osm_type': 'yes'}",chennai_bld_001942,4,4,100.0,-3.7830605506896973,-2.2178115844726562,1.5652488470077515,1.828578233718872,2.293037142390735,-16.155078887939453,-11.29423713684082,4.860840797424316,4.575016021728516,2.152645067495665
"{'osm_id': 355444878, 'osm_type': 'yes'}",chennai_bld_001943,2,2,100.0,-2.751662015914917,-2.0468385219573975,0.7048234939575195,0.7048234939575195,2.697788715362549,-9.454155921936035,-12.13557243347168,-2.6814169883728027,-2.6814169883728027,1.807335376739502
"{'osm_id': 355444879, 'osm_type': 'yes'}",chennai_bld_001944,1,1,100.0,-2.9010581970214844,-1.3778607845306396,1.5231974124908447,1.5231974124908447,0.0,-14.45484733581543,-13.50362777709961,0.9512195587158203,0.9512195587158203,0.0
"{'osm_id': 355444894, 'osm_type': 'yes'}",chennai_bld_001945,1,1,100.0,5.555168151855469,6.047307968139648,0.4921398162841797,0.4921398162841797,0.0,-11.529014587402344,-10.797052383422852,0.7319622039794922,0.7319622039794922,0.0
"{'osm_id': 355444897, 'osm_type': 'yes'}",chennai_bld_001946,2,2,100.0,9.151782989501953,6.921622276306152,-2.23016095161438,-2.23016095161438,1.801788568496704,-9.532325744628906,-7.245283603668213,2.2870426177978516,2.2870426177978516,1.5847530364990234
"{'osm_id': 355444921, 'osm_type': 'yes'}",chennai_bld_001947,1,1,100.0,1.807183027267456,0.05481969565153122,-1.7523633241653442,-1.7523633241653442,0.0,-9.102557182312012,-13.652745246887207,-4.550188064575195,-4.550188064575195,0.0
"{'osm_id': 355444928, 'osm_type': 'yes'}",chennai_bld_001948,2,2,100.0,3.252225399017334,2.3912882804870605,-0.8609369993209839,-0.8609369993209839,0.6061975061893471,-11.601421356201172,-11.189390182495117,0.4120306968688965,0.4120306968688965,1.3884787559509277
"{'osm_id': 355444933, 'osm_type': 'yes'}",chennai_bld_001949,3,3,100.0,1.1219059626261394,-2.756633440653483,-3.8785394032796225,-2.5318422317504883,4.058802470214485,-10.768020629882812,-10.468266169230143,0.29975541432698566,0.6033515930175781,2.7553782478457602
"{'osm_id': 355444948, 'osm_type': 'yes'}",chennai_bld_001950,6,6,100.0,-4.118980725606282,-4.843027750651042,-0.7240471839904785,-1.2743936777114868,2.009590745102657,-12.628241221110025,-11.298048655192057,1.3301932017008464,1.6000852584838867,2.2310302568951634
"{'osm_id': 355444952, 'osm_type': 'yes'}",chennai_bld_001951,2,2,100.0,5.330745697021484,4.3258562088012695,-1.0048894882202148,-1.0048894882202148,2.2074270248413086,-13.277524948120117,-14.726335525512695,-1.4488105773925781,-1.4488105773925781,2.276618003845215
"{'osm_id': 355444955, 'osm_type': 'yes'}",chennai_bld_001952,2,2,100.0,-2.751662015914917,-2.0468385219573975,0.7048234939575195,0.7048234939575195,2.697788715362549,-9.454155921936035,-12.13557243347168,-2.6814169883728027,-2.6814169883728027,1.807335376739502
"{'osm_id': 355444960, 'osm_type': 'yes'}",chennai_bld_001953,2,2,100.0,7.988746166229248,8.982941627502441,0.9941954612731934,0.9941954612731934,2.086042881011963,-10.226353645324707,-15.759382247924805,-5.533028602600098,-5.533028602600098,2.283937454223633
"{'osm_id': 355444976, 'osm_type': 'yes'}",chennai_bld_001954,4,4,100.0,4.060800075531006,3.570817470550537,-0.4899826645851135,0.02492418885231018,1.7960031002157426,-11.661417961120605,-14.223297119140625,-2.5618791580200195,-2.143768787384033,2.9453860459110355
"{'osm_id': 355444985, 'osm_type': 'yes'}",chennai_bld_001955,2,2,100.0,4.948081970214844,3.740020990371704,-1.2080607414245605,-1.2080607414245605,0.6065831184387207,-14.167106628417969,-16.01506996154785,-1.8479628562927246,-1.8479628562927246,2.6189332008361816
"{'osm_id': 355444990, 'osm_type': 'yes'}",chennai_bld_001956,11,11,100.0,1.6359020579944958,0.5023346814242277,-1.1335675499655984,-1.1201179027557373,3.5769126750812443,-12.939799915660512,-13.25897216796875,-0.31917173212224786,-0.5623540878295898,3.1854627389108954
"{'osm_id': 355444991, 'osm_type': 'yes'}",chennai_bld_001957,14,14,100.0,-3.7097977229527066,-4.6295978001185825,-0.9197998046875,-1.5229246616363525,1.8295713146693309,-11.853014264787946,-12.593882969447545,-0.7408690452575684,-0.9701461791992188,3.277408975384681
"{'osm_id': 355457940, 'osm_type': 'yes'}",chennai_bld_001958,1,1,100.0,0.2940165400505066,1.6544805765151978,1.360464096069336,1.360464096069336,0.0,-9.616350173950195,-9.661465644836426,-0.04511547088623047,-0.04511547088623047,0.0
"{'osm_id': 355457953, 'osm_type': 'yes'}",chennai_bld_001959,1,1,100.0,-1.1455856561660767,-0.4922562539577484,0.6533293724060059,0.6533293724060059,0.0,-10.710691452026367,-11.66247272491455,-0.9517812728881836,-0.9517812728881836,0.0
"{'osm_id': 355457956, 'osm_type': 'yes'}",chennai_bld_001960,3,3,100.0,-3.300172487894694,-2.3838539123535156,0.9163188139597574,0.14849787950515747,2.489684465922101,-12.48706309000651,-12.760042826334635,-0.2729800542195638,-1.0236778259277344,1.4486775855128609
"{'osm_id': 355457975, 'osm_type': 'yes'}",chennai_bld_001961,4,4,100.0,5.554581642150879,4.969500541687012,-0.5850811004638672,-0.22858893871307373,1.9836185913217976,-11.153210639953613,-11.041651725769043,0.11155867576599121,0.11568927764892578,1.1089496051882979
"{'osm_id': 355593279, 'osm_type': 'yes'}",chennai_bld_001962,4,4,100.0,-3.4708290100097656,-3.1692862510681152,0.30154281854629517,-0.03208494186401367,2.71479887730583,-11.890974044799805,-14.133374214172363,-2.2423996925354004,-0.6786766052246094,3.120382883645358
"{'osm_id': 355593286, 'osm_type': 'yes'}",chennai_bld_001963,2,2,100.0,2.9090189933776855,1.2412142753601074,-1.6678047180175781,-1.6678047180175781,3.256612777709961,-10.729042053222656,-10.863174438476562,-0.13413143157958984,-0.13413143157958984,0.655940055847168
"{'osm_id': 355593288, 'osm_type': 'yes'}",chennai_bld_001964,4,4,100.0,4.316832542419434,5.242127418518066,0.9252949953079224,0.9751565456390381,1.0251678413390939,-9.515129089355469,-12.405926704406738,-2.8907978534698486,-2.822971820831299,3.4641874366213052
"{'osm_id': 355593291, 'osm_type': 'yes'}",chennai_bld_001965,5,5,100.0,-6.7109733581542965,-7.395541381835938,-0.6845685958862304,-0.17501592636108398,2.541454267861047,-14.001980590820313,-15.400949096679687,-1.3989688873291015,-0.36136817932128906,4.315184046585717
"{'osm_id': 355593292, 'osm_type': 'yes'}",chennai_bld_001966,3,3,100.0,1.0195897420247395,-4.7952829996744795,-5.814872741699219,-3.545285701751709,3.4146583677531117,-10.246260325113932,-10.454683939615885,-0.20842377344767252,0.12194633483886719,2.3673043508007203
"{'osm_id': 355593297, 'osm_type': 'yes'}",chennai_bld_001967,6,6,100.0,3.94606876373291,1.5614376068115234,-2.3846311569213867,-2.377455234527588,1.9078649626545534,-8.73374048868815,-8.509657541910807,0.22408278783162436,0.6983432769775391,2.6701311814741153
"{'osm_id': 355593302, 'osm_type': 'yes'}",chennai_bld_001968,4,4,100.0,-0.8347616195678711,-2.416844606399536,-1.582082986831665,-1.7887109518051147,1.8645502068976372,-9.494260787963867,-9.885485649108887,-0.3912245035171509,-0.6678805351257324,1.9587724965042967
"{'osm_id': 355593304, 'osm_type': 'yes'}",chennai_bld_001969,4,4,100.0,0.8849394917488098,-1.9736857414245605,-2.8586251735687256,-3.4017670154571533,1.2877684354260404,-10.43941593170166,-10.285932540893555,0.15348327159881592,0.48650550842285156,1.9489552042518583
"{'osm_id': 355593306, 'osm_type': 'yes'}",chennai_bld_001970,9,9,100.0,-4.950535668267144,-6.879492017957899,-1.9289563496907551,-0.7552974224090576,2.258340248119332,-14.652338663736979,-15.62245347764757,-0.9701147079467773,-1.1285076141357422,1.9747203578779418
"{'osm_id': 355593308, 'osm_type': 'yes'}",chennai_bld_001971,2,2,100.0,9.248279571533203,9.824581146240234,0.576301097869873,0.576301097869873,1.0125069618225098,-10.366835594177246,-9.796079635620117,0.5707564353942871,0.5707564353942871,0.048947811126708984
"{'osm_id': 355593310, 'osm_type': 'yes'}",chennai_bld_001972,3,3,100.0,1.0074373881022136,0.6245918273925781,-0.38284556070963544,1.5888080596923828,3.2206507511984177,-10.276821772257486,-12.54522705078125,-2.268404960632324,-0.7900714874267578,3.065466560173228
"{'osm_id': 355593312, 'osm_type': 'yes'}",chennai_bld_001973,2,2,100.0,2.0752201080322266,-0.2402634620666504,-2.315483570098877,-2.315483570098877,1.6450202465057373,-10.31187629699707,-11.321674346923828,-1.009798526763916,-1.009798526763916,1.860863208770752
"{'osm_id': 355593314, 'osm_type': 'yes'}",chennai_bld_001974,2,2,100.0,-0.30534112453460693,-3.7071080207824707,-3.4017670154571533,-3.4017670154571533,0.14351868629455566,-10.56695556640625,-9.250190734863281,1.3167650699615479,1.3167650699615479,1.1948187351226807
"{'osm_id': 355593317, 'osm_type': 'yes'}",chennai_bld_001975,4,4,100.0,-3.670452117919922,-2.5989935398101807,1.0714585781097412,1.1232699155807495,0.17935667541249523,-10.290478706359863,-10.724989891052246,-0.4345114231109619,-0.9487423896789551,2.5825687572625666
"{'osm_id': 355593318, 'osm_type': 'yes'}",chennai_bld_001976,6,6,100.0,-4.298226038614909,-4.871372540791829,-0.5731462637583414,-2.001962184906006,3.3283292355433676,-12.515978495279947,-13.965840657552084,-1.449862003326416,-1.77720308303833,1.6895528254781713
"{'osm_id': 355593320, 'osm_type': 'yes'}",chennai_bld_001977,8,8,100.0,-0.21515673398971558,-0.2487560510635376,-0.033599257469177246,0.8277707695960999,1.9622966096535066,-11.14836311340332,-11.741830825805664,-0.59346604347229,-0.40057945251464844,2.0772528540962734
"{'osm_id': 355593321, 'osm_type': 'yes'}",chennai_bld_001978,3,3,100.0,-3.455068906148275,-4.592390696207683,-1.1373218695322673,-3.414670705795288,3.681710936831523,-11.345263163248697,-13.519392649332682,-2.1741294860839844,-2.3028182983398438,0.7065989257755493
"{'osm_id': 355593322, 'osm_type': 'yes'}",chennai_bld_001979,2,2,100.0,-6.0380449295043945,-3.7204179763793945,2.317627191543579,2.317627191543579,2.120868444442749,-12.566030502319336,-16.85051918029785,-4.284488677978516,-4.284488677978516,3.3304805755615234
"{'osm_id': 355614042, 'osm_type': 'yes'}",chennai_bld_001980,7,7,100.0,-0.6208698408944267,-2.0722863333565846,-1.4514165605817522,-2.6600093841552734,3.330026128383629,-10.946495056152344,-13.281314304896764,-2.3348192487444197,-2.9174022674560547,2.3975324748157014
"{'osm_id': 355614063, 'osm_type': 'yes'}",chennai_bld_001981,4,4,100.0,-3.5374889373779297,-4.539793014526367,-1.0023038387298584,-0.9687824249267578,1.5064254691820669,-11.17763614654541,-12.02220344543457,-0.8445682525634766,0.019542217254638672,4.2390332272670985
"{'osm_id': 355614066, 'osm_type': 'yes'}",chennai_bld_001982,1,1,100.0,2.0667951107025146,1.2347795963287354,-0.8320155143737793,-0.8320155143737793,0.0,-7.403843402862549,-10.087791442871094,-2.683948040008545,-2.683948040008545,0.0
"{'osm_id': 355614069, 'osm_type': 'yes'}",chennai_bld_001983,6,6,100.0,-0.6896416346232096,-4.091709136962891,-3.402067502339681,-2.5832362174987793,2.2629202956868557,-13.780695597330729,-15.54370371500651,-1.76300843556722,-1.619399070739746,2.6630271636488825
"{'osm_id': 355614073, 'osm_type': 'yes'}",chennai_bld_001984,2,2,100.0,0.47969406843185425,0.4177837669849396,-0.061910271644592285,-0.061910271644592285,1.5688034296035767,-10.192533493041992,-10.838296890258789,-0.645763635635376,-0.645763635635376,1.6443884372711182
"{'osm_id': 355614083, 'osm_type': 'yes'}",chennai_bld_001985,2,2,100.0,-2.6579489707946777,-0.7465439438819885,1.9114048480987549,1.9114048480987549,5.837849855422974,-10.559250831604004,-12.501151084899902,-1.9419002532958984,-1.9419002532958984,1.149062156677246
"{'osm_id': 355614092, 'osm_type': 'yes'}",chennai_bld_001986,2,2,100.0,-4.3432722091674805,-5.651797771453857,-1.3085254430770874,-1.3085254430770874,2.0822311639785767,-8.540491104125977,-11.334175109863281,-2.7936835289001465,-2.7936835289001465,1.239011287689209
"{'osm_id': 355614095, 'osm_type': 'yes'}",chennai_bld_001987,1,1,100.0,0.21052628755569458,-0.39032772183418274,-0.6008540391921997,-0.6008540391921997,0.0,-18.669885635375977,-19.24574089050293,-0.5758552551269531,-0.5758552551269531,0.0
"{'osm_id': 355614100, 'osm_type': 'yes'}",chennai_bld_001988,2,2,100.0,6.638857841491699,5.476803302764893,-1.1620547771453857,-1.1620547771453857,0.20088368654251984,-12.02623462677002,-14.029426574707031,-2.0031919479370117,-2.0031919479370117,0.2343463897705078
"{'osm_id': 355614103, 'osm_type': 'yes'}",chennai_bld_001989,2,2,100.0,-3.8451099395751953,-2.366593360900879,1.478516697883606,1.478516697883606,1.3355213403701782,-11.843976020812988,-12.63071346282959,-0.7867374420166016,-0.7867374420166016,1.2763681411743164
"{'osm_id': 355614107, 'osm_type': 'yes'}",chennai_bld_001990,6,6,100.0,-2.2650464375813804,-3.0420125325520835,-0.7769660949707031,-1.7956321239471436,4.528295614756856,-10.232780456542969,-11.054799397786459,-0.8220182259877523,-1.6421270370483398,3.7453075643017764
"{'osm_id': 355614108, 'osm_type': 'yes'}",chennai_bld_001991,1,1,100.0,5.361435890197754,2.1185519695281982,-3.2428839206695557,-3.2428839206695557,0.0,-11.024199485778809,-9.419549942016602,1.604649543762207,1.604649543762207,0.0
"{'osm_id': 355614111, 'osm_type': 'yes'}",chennai_bld_001992,4,4,100.0,2.6398661136627197,0.0447080135345459,-2.595158100128174,-1.857938528060913,3.431650301356101,-4.785769462585449,-6.419736862182617,-1.6339675188064575,-2.3926618099212646,2.6106253616943955
"{'osm_id': 355614123, 'osm_type': 'yes'}",chennai_bld_001993,2,2,100.0,0.368924081325531,2.369647979736328,2.0007240772247314,2.0007240772247314,1.0589416027069092,-12.580865859985352,-13.224861145019531,-0.6439957618713379,-0.6439957618713379,0.8010239601135254
"{'osm_id': 355614129, 'osm_type': 'yes'}",chennai_bld_001994,4,4,100.0,0.6968116164207458,-0.09003031253814697,-0.7868419289588928,-1.1633598804473877,0.9902735305913603,-16.136411666870117,-17.552400588989258,-1.4159893989562988,-1.2202510833740234,1.3067162874161236
"{'osm_id': 355614141, 'osm_type': 'yes'}",chennai_bld_001995,1,1,100.0,0.7664134502410889,-2.383251667022705,-3.149665117263794,-3.149665117263794,0.0,-11.076258659362793,-12.328521728515625,-1.252263069152832,-1.252263069152832,0.0
"{'osm_id': 355614147, 'osm_type': 'yes'}",chennai_bld_001996,2,2,100.0,-1.3564049005508423,0.2560619115829468,1.612466812133789,1.612466812133789,1.8687329292297363,-11.840084075927734,-9.93315315246582,1.9069314002990723,1.9069314002990723,1.0388007164001465
"{'osm_id': 355614152, 'osm_type': 'yes'}",chennai_bld_001997,4,4,100.0,1.5159411430358887,-3.0214881896972656,-4.537429332733154,-4.084325790405273,2.5015246090093988,-16.082901000976562,-11.810952186584473,4.271946907043457,4.572246551513672,1.573628163971766
"{'osm_id': 355614154, 'osm_type': 'yes'}",chennai_bld_001998,2,2,100.0,2.65903639793396,-0.8332287669181824,-3.492265224456787,-3.492265224456787,1.361112713813787,-9.210039138793945,-14.726547241210938,-5.516508102416992,-5.516508102416992,0.11634039878869645
"{'osm_id': 355614157, 'osm_type': 'yes'}",chennai_bld_001999,1,1,100.0,1.9949263334274292,0.06162847951054573,-1.933297872543335,-1.933297872543335,0.0,-14.29776668548584,-14.797679901123047,-0.49991321563720703,-0.49991321563720703,0.0
"{'osm_id': 355614160, 'osm_type': 'yes'}",chennai_bld_002000,2,2,100.0,8.057701110839844,5.2319016456604,-2.825798988342285,-2.825798988342285,3.0389938354492188,-10.939031600952148,-14.518457412719727,-3.5794262886047363,-3.5794262886047363,3.177733898162842
"{'osm_id': 355614177, 'osm_type': 'yes'}",chennai_bld_002001,2,2,100.0,-3.8111929893493652,-6.950009346008301,-3.1388163566589355,-3.1388163566589355,0.7962743043899625,-15.232004165649414,-12.015260696411133,3.216742992401123,3.216742992401123,2.170872211456299
"{'osm_id': 355614181, 'osm_type': 'yes'}",chennai_bld_002002,5,5,100.0,8.493936157226562,3.6203323364257813,-4.873604202270508,-6.124020576477051,3.0944388222222003,-13.12584991455078,-13.111561584472657,0.014289283752441406,0.5470762252807617,3.6086311132653988
"{'osm_id': 355614184, 'osm_type': 'yes'}",chennai_bld_002003,2,2,100.0,6.916858673095703,5.25858211517334,-1.6582767963409424,-1.6582767963409424,0.1897580623626709,-10.02031135559082,-11.278318405151367,-1.2580080032348633,-1.2580080032348633,4.5943450927734375
"{'osm_id': 355614190, 'osm_type': 'yes'}",chennai_bld_002004,4,4,100.0,4.827746868133545,2.9377009868621826,-1.8900457620620728,-1.8353358507156372,2.3887963531801355,-15.034988403320312,-14.958669662475586,0.07631874084472656,-1.165407657623291,2.8505284243170737
"{'osm_id': 355614192, 'osm_type': 'yes'}",chennai_bld_002005,2,2,100.0,-0.9629219770431519,-0.3767990469932556,0.5861228704452515,0.5861228704452515,3.374635338783264,-14.612890243530273,-13.376493453979492,1.2363972663879395,1.2363972663879395,0.9185872077941895
"{'osm_id': 355614197, 'osm_type': 'yes'}",chennai_bld_002006,4,4,100.0,-1.405774712562561,-1.157186508178711,0.24858826398849487,0.8878384828567505,1.3547305810341175,-15.756002426147461,-13.039453506469727,2.716548204421997,2.920346736907959,3.1736691872322345
"{'osm_id': 355614200, 'osm_type': 'yes'}",chennai_bld_002007,2,2,100.0,-0.15746665000915527,-0.3504326641559601,-0.19296598434448242,-0.19296598434448242,2.9252960681915283,-11.881996154785156,-10.661556243896484,1.2204399108886719,1.2204399108886719,2.0221405029296875
"{'osm_id': 355614203, 'osm_type': 'yes'}",chennai_bld_002008,2,2,100.0,-0.30783963203430176,-2.607945442199707,-2.300105571746826,-2.300105571746826,0.619739413261425,-8.779525756835938,-12.14185905456543,-3.3623337745666504,-3.3623337745666504,1.0835089683532715
"{'osm_id': 355614206, 'osm_type': 'yes'}",chennai_bld_002009,2,2,100.0,1.8850207328796387,-1.6642117500305176,-3.5492324829101562,-3.5492324829101562,1.0272488594055176,-4.40275764465332,-6.337703227996826,-1.934945821762085,-1.934945821762085,2.008500337600708
"{'osm_id': 355614208, 'osm_type': 'yes'}",chennai_bld_002010,2,2,100.0,-2.553560972213745,-6.139117240905762,-3.5855560302734375,-3.5855560302734375,1.3729724884033203,-10.968961715698242,-12.302362442016602,-1.3334016799926758,-1.3334016799926758,0.15453720092773438
"{'osm_id': 355614211, 'osm_type': 'yes'}",chennai_bld_002011,2,2,100.0,1.7932255268096924,2.6540746688842773,0.8608492016792297,0.8608492016792297,2.6706859469413757,-12.209573745727539,-11.13284683227539,1.0767269134521484,1.0767269134521484,0.6858882904052734
"{'osm_id': 355614213, 'osm_type': 'yes'}",chennai_bld_002012,2,2,100.0,-2.4237101078033447,-4.770111083984375,-2.3464012145996094,-2.3464012145996094,1.9203091859817543,-11.549306869506836,-13.184889793395996,-1.6355834007263184,-1.6355834007263184,1.5398592948913574
"{'osm_id': 355614216, 'osm_type': 'yes'}",chennai_bld_002013,2,2,100.0,-1.2648941278457642,-3.2518301010131836,-1.986936092376709,-1.986936092376709,1.9395089149475098,-13.046123504638672,-10.758130073547363,2.2879929542541504,2.2879929542541504,3.0808310508728027
"{'osm_id': 355614219, 'osm_type': 'yes'}",chennai_bld_002014,1,1,100.0,-1.4413572549819946,-2.909538984298706,-1.4681817293167114,-1.4681817293167114,0.0,-11.253609657287598,-13.15024185180664,-1.896632194519043,-1.896632194519043,0.0
"{'osm_id': 355614230, 'osm_type': 'yes'}",chennai_bld_002015,2,2,100.0,7.807763576507568,8.463062286376953,0.6552987098693848,0.6552987098693848,3.0080199241638184,-9.9215087890625,-13.571327209472656,-3.64981746673584,-3.64981746673584,1.892369270324707
"{'osm_id': 355614233, 'osm_type': 'yes'}",chennai_bld_002016,4,4,100.0,-1.868461012840271,-1.9991041421890259,-0.13064324855804443,-0.4659014940261841,2.3837975959963096,-10.851064682006836,-10.654815673828125,0.19624829292297363,0.2953057289123535,3.144408144561236
"{'osm_id': 355614237, 'osm_type': 'yes'}",chennai_bld_002017,2,2,100.0,8.192757606506348,6.473548889160156,-1.7192091941833496,-1.7192091941833496,0.7580380439758301,-11.340713500976562,-13.527563095092773,-2.1868491172790527,-2.1868491172790527,0.41800355911254883
"{'osm_id': 355614245, 'osm_type': 'yes'}",chennai_bld_002018,2,2,100.0,-1.5269877910614014,0.3260647654533386,1.8530524969100952,1.8530524969100952,1.73943293094635,-10.355924606323242,-11.427597999572754,-1.07167387008667,-1.07167387008667,0.021625995635986328
"{'osm_id': 355614248, 'osm_type': 'yes'}",chennai_bld_002019,1,1,100.0,2.384049415588379,2.464372158050537,0.0803227424621582,0.0803227424621582,0.0,-9.290912628173828,-10.756101608276367,-1.465188980102539,-1.465188980102539,0.0
"{'osm_id': 355614252, 'osm_type': 'yes'}",chennai_bld_002020,1,1,100.0,2.125709295272827,-2.9948947429656982,-5.120604038238525,-5.120604038238525,0.0,-11.08494758605957,-4.5522685050964355,6.532679080963135,6.532679080963135,0.0
"{'osm_id': 355614254, 'osm_type': 'yes'}",chennai_bld_002021,4,4,100.0,2.806468963623047,2.4649548530578613,-0.3415142893791199,-0.7025435566902161,1.2234467022379882,-10.877849578857422,-12.396181106567383,-1.5183312892913818,-1.2162723541259766,1.879431423335227
"{'osm_id': 355614256, 'osm_type': 'yes'}",chennai_bld_002022,2,2,100.0,3.5739169120788574,2.605865716934204,-0.9680513143539429,-0.9680513143539429,1.524239420890808,-8.044044494628906,-11.342394828796387,-3.2983498573303223,-3.2983498573303223,2.9496607780456543
"{'osm_id': 355614258, 'osm_type': 'yes'}",chennai_bld_002023,2,2,100.0,-2.449748992919922,-6.062448501586914,-3.6126997470855713,-3.6126997470855713,0.8592226505279541,-11.89154052734375,-13.154955863952637,-1.263415813446045,-1.263415813446045,2.2851052284240723
"{'osm_id': 355614266, 'osm_type': 'yes'}",chennai_bld_002024,2,2,100.0,-2.706129312515259,-0.42333269119262695,2.282796621322632,2.282796621322632,0.3439117074012808,-11.486781120300293,-8.794355392456055,2.69242525100708,2.69242525100708,0.08449602127075195
"{'osm_id': 355614271, 'osm_type': 'yes'}",chennai_bld_002025,1,1,100.0,5.089495658874512,3.9775660037994385,-1.1119296550750732,-1.1119296550750732,0.0,-15.63265609741211,-14.88658332824707,0.7460727691650391,0.7460727691650391,0.0
"{'osm_id': 355614273, 'osm_type': 'yes'}",chennai_bld_002026,4,4,100.0,-0.564649760723114,-5.730648994445801,-5.165999412536621,-5.341465950012207,3.042020220606496,-15.04039478302002,-13.337882041931152,1.7025120258331299,2.014801025390625,3.324133492798921
"{'osm_id': 355614275, 'osm_type': 'yes'}",chennai_bld_002027,2,2,100.0,-3.687734842300415,-6.164578914642334,-2.476844310760498,-2.476844310760498,1.9443885087966954,-10.121326446533203,-11.761848449707031,-1.6405224800109863,-1.6405224800109863,0.9677395820617676
"{'osm_id': 355614277, 'osm_type': 'yes'}",chennai_bld_002028,2,2,100.0,-4.097630500793457,-0.8576116561889648,3.240018844604492,3.240018844604492,3.1873388290405273,-13.407060623168945,-13.985647201538086,-0.5785861015319824,-0.5785861015319824,0.5872397422790527
"{'osm_id': 355614281, 'osm_type': 'yes'}",chennai_bld_002029,3,3,100.0,1.8197091420491536,1.7090810139973958,-0.11062820752461751,-0.24872970581054688,1.708761046589703,-12.87827173868815,-13.061815897623697,-0.18354352315266928,1.0349149703979492,2.1277461984985155
"{'osm_id': 355614285, 'osm_type': 'yes'}",chennai_bld_002030,2,2,100.0,1.9653581380844116,1.437963604927063,-0.5273945331573486,-0.5273945331573486,1.3643574714660645,-15.923370361328125,-16.815526962280273,-0.8921566009521484,-0.8921566009521484,3.9283905029296875
"{'osm_id': 355614294, 'osm_type': 'yes'}",chennai_bld_002031,4,4,100.0,-0.8868762850761414,-2.8654003143310547,-1.978524088859558,-1.3652517795562744,2.0300106264267423,-11.952098846435547,-13.743157386779785,-1.7910585403442383,-1.9798688888549805,2.1637908399901624
"{'osm_id': 355614298, 'osm_type': 'yes'}",chennai_bld_002032,2,2,100.0,0.3316793441772461,-2.13313364982605,-2.464813232421875,-2.464813232421875,0.22756469249728464,-9.048554420471191,-8.986176490783691,0.0623781681060791,0.0623781681060791,1.4354302883148193
"{'osm_id': 355614302, 'osm_type': 'yes'}",chennai_bld_002033,2,2,100.0,-2.3588922023773193,-6.658042907714844,-4.299150466918945,-4.299150466918945,2.053950786590576,-13.578186988830566,-12.207056999206543,1.3711299896240234,1.3711299896240234,0.8924417495727539
"{'osm_id': 355614304, 'osm_type': 'yes'}",chennai_bld_002034,4,4,100.0,0.9882451295852661,-0.39033591747283936,-1.3785810470581055,-1.973954439163208,2.4542316699566973,-6.88504695892334,-10.290846824645996,-3.4057998657226562,-3.9956581592559814,3.4400704927799453
"{'osm_id': 355614306, 'osm_type': 'yes'}",chennai_bld_002035,2,2,100.0,1.3916432857513428,-0.8008497953414917,-2.192492961883545,-2.192492961883545,0.5960193872451901,-13.384479522705078,-11.62580680847168,1.7586731910705566,1.7586731910705566,0.39631128311157227
"{'osm_id': 355614308, 'osm_type': 'yes'}",chennai_bld_002036,4,4,100.0,-0.18107707798480988,0.40274083614349365,0.5838179588317871,0.5706336498260498,1.4461607252338111,-11.23709774017334,-14.75438117980957,-3.5172839164733887,-1.8936853408813477,4.414398699392766
"{'osm_id': 355614314, 'osm_type': 'yes'}",chennai_bld_002037,1,1,100.0,0.6887656450271606,2.7365641593933105,2.0477986335754395,2.0477986335754395,0.0,-14.0565824508667,-12.466609954833984,1.5899724960327148,1.5899724960327148,0.0
"{'osm_id': 355614318, 'osm_type': 'yes'}",chennai_bld_002038,1,1,100.0,-1.4158399105072021,-1.1675416231155396,0.2482982873916626,0.2482982873916626,0.0,-9.839876174926758,-7.1486101150512695,2.6912660598754883,2.6912660598754883,0.0
"{'osm_id': 355614320, 'osm_type': 'yes'}",chennai_bld_002039,1,1,100.0,-3.8571131229400635,-3.7141177654266357,0.14299535751342773,0.14299535751342773,0.0,-11.600854873657227,-13.663960456848145,-2.063105583190918,-2.063105583190918,0.0
"{'osm_id': 355614323, 'osm_type': 'yes'}",chennai_bld_002040,4,4,100.0,1.053963541984558,1.8870373964309692,0.8330738544464111,0.9497374892234802,1.7447448578282188,-15.662814140319824,-12.984689712524414,2.6781251430511475,3.0844368934631348,2.3204068924746055
"{'osm_id': 355614325, 'osm_type': 'yes'}",chennai_bld_002041,3,3,100.0,-2.0920066833496094,-2.2221174240112305,-0.13011042277018228,0.6911022663116455,2.509393565099354,-9.522989908854166,-9.827039082845053,-0.304049809773763,-0.8411941528320312,0.7882226265416005
"{'osm_id': 355614327, 'osm_type': 'yes'}",chennai_bld_002042,4,4,100.0,-2.445061206817627,-0.8639504909515381,1.5811108350753784,2.867253303527832,3.569185021968186,-13.01061725616455,-15.27200698852539,-2.261389970779419,-2.0568313598632812,1.9515520094841456
"{'osm_id': 355614331, 'osm_type': 'yes'}",chennai_bld_002043,4,4,100.0,-1.6095654964447021,-3.7031936645507812,-2.093628168106079,-2.3464012145996094,2.6789035367341936,-12.632615089416504,-13.91860580444336,-1.2859916687011719,-1.6355834007263184,2.2569785668804383
"{'osm_id': 355614333, 'osm_type': 'yes'}",chennai_bld_002044,2,2,100.0,0.27446699142456055,-2.1759355068206787,-2.4504024982452393,-2.4504024982452393,2.40297532081604,-11.011421203613281,-11.027093887329102,-0.015671968460083008,-0.015671968460083008,5.384495973587036
"{'osm_id': 355614335, 'osm_type': 'yes'}",chennai_bld_002045,2,2,100.0,-5.616184234619141,-5.275369167327881,0.34081482887268066,0.34081482887268066,0.9231526851654053,-17.053802490234375,-13.643407821655273,3.410393238067627,3.410393238067627,2.1112818717956543
"{'osm_id': 355614337, 'osm_type': 'yes'}",chennai_bld_002046,2,2,100.0,0.14784550666809082,1.2066385746002197,1.058793067932129,1.058793067932129,0.3465300202369741,-12.962358474731445,-11.864643096923828,1.0977158546447754,1.0977158546447754,0.7176671028137207
"{'osm_id': 355614339, 'osm_type': 'yes'}",chennai_bld_002047,1,1,100.0,0.44602054357528687,-3.5047638416290283,-3.95078444480896,-3.95078444480896,0.0,-8.116964340209961,-6.322947025299072,1.7940173149108887,1.7940173149108887,0.0
"{'osm_id': 355614353, 'osm_type': 'yes'}",chennai_bld_002048,4,4,100.0,0.7016900777816772,0.12852346897125244,-0.57316654920578,-0.4219484329223633,3.0766557574482825,-8.043293952941895,-10.365974426269531,-2.3226799964904785,-2.2240424156188965,2.1214902935620703
"{'osm_id': 355614355, 'osm_type': 'yes'}",chennai_bld_002049,6,6,100.0,1.9621904691060383,1.3347662289937336,-0.6274242401123047,-1.1620547771453857,3.3555902137518663,-14.958264668782553,-15.172079722086588,-0.21381362279256186,-0.8772625923156738,3.2993877414642228
"{'osm_id': 355614357, 'osm_type': 'yes'}",chennai_bld_002050,4,4,100.0,-4.8089919090271,-5.670808792114258,-0.8618168234825134,-1.261483907699585,1.3711651409853587,-15.12337875366211,-13.751343727111816,1.3720338344573975,0.48702478408813477,2.538088869620368
"{'osm_id': 355614359, 'osm_type': 'yes'}",chennai_bld_002051,2,2,100.0,-1.2189314365386963,-2.3497657775878906,-1.1308341026306152,-1.1308341026306152,1.843097150325776,-10.006290435791016,-12.857792854309082,-2.851501941680908,-2.851501941680908,3.231550693511963
"{'osm_id': 355614365, 'osm_type': 'yes'}",chennai_bld_002052,2,2,100.0,0.370339035987854,-0.6493309140205383,-1.0196698904037476,-1.0196698904037476,3.8337079286575317,-8.884636878967285,-11.339905738830566,-2.455268621444702,-2.455268621444702,2.944899320602417
"{'osm_id': 355614368, 'osm_type': 'yes'}",chennai_bld_002053,3,3,100.0,2.9357239405314126,3.1660900115966797,0.23036615053812662,-1.6835055351257324,2.8551418113582296,-13.854812622070312,-14.903739929199219,-1.0489269892374675,-0.7575006484985352,2.967703731012506
"{'osm_id': 355614370, 'osm_type': 'yes'}",chennai_bld_002054,2,2,100.0,1.5887762308120728,-0.12634636461734772,-1.7151226997375488,-1.7151226997375488,4.149670124053955,-14.368978500366211,-17.84408187866211,-3.475102424621582,-3.475102424621582,3.282057762145996
"{'osm_id': 355614373, 'osm_type': 'yes'}",chennai_bld_002055,4,4,100.0,2.802527666091919,0.9991645216941833,-1.8033630847930908,-1.9232126474380493,1.6829323259371187,-10.943427085876465,-11.278557777404785,-0.3351304531097412,-0.061070919036865234,1.7126020444954715
"{'osm_id': 355614389, 'osm_type': 'yes'}",chennai_bld_002056,4,4,100.0,-1.3095873594284058,-4.124927043914795,-2.8153395652770996,-3.228537082672119,1.6685972854034898,-8.346135139465332,-8.58562183380127,-0.23948657512664795,0.5597126483917236,2.2306300994101984
"{'osm_id': 355614391, 'osm_type': 'yes'}",chennai_bld_002057,2,2,100.0,-4.724343776702881,-6.8463287353515625,-2.1219849586486816,-2.1219849586486816,0.12321484088903471,-12.99659538269043,-10.598732948303223,2.3978629112243652,2.3978629112243652,1.9191746711730957
"{'osm_id': 355614393, 'osm_type': 'yes'}",chennai_bld_002058,1,1,100.0,-1.8089098930358887,-2.311380386352539,-0.5024704933166504,-0.5024704933166504,0.0,-13.013237953186035,-13.588104248046875,-0.5748662948608398,-0.5748662948608398,0.0
"{'osm_id': 355614395, 'osm_type': 'yes'}",chennai_bld_002059,2,2,100.0,5.135601997375488,5.009451866149902,-0.12615013122558594,-0.12615013122558594,1.5573554039001465,-14.924112319946289,-16.218313217163086,-1.294201374053955,-1.294201374053955,0.5367007255554199
"{'osm_id': 355614397, 'osm_type': 'yes'}",chennai_bld_002060,3,3,100.0,-0.9718234539031982,0.6987965106964111,1.6706199645996094,2.4345474243164062,1.589172346479886,-12.892477671305338,-13.454907735188803,-0.5624306996663412,-0.19304466247558594,0.53376125273424
"{'osm_id': 355614404, 'osm_type': 'yes'}",chennai_bld_002061,4,4,100.0,0.04954276233911514,-1.2296137809753418,-1.2791566848754883,-1.7911370992660522,3.0546949070513345,-9.33602237701416,-8.370859146118164,0.9651634693145752,0.6483242511749268,2.265217201232577
"{'osm_id': 355614408, 'osm_type': 'yes'}",chennai_bld_002062,1,1,100.0,2.791348934173584,0.26936525106430054,-2.5219836235046387,-2.5219836235046387,0.0,-4.148974895477295,-4.075420379638672,0.07355451583862305,0.07355451583862305,0.0
"{'osm_id': 355614411, 'osm_type': 'yes'}",chennai_bld_002063,6,6,100.0,-1.0492737293243408,-0.2570823033650716,0.7921914259592692,0.14045840501785278,3.5500950329435015,-8.07837168375651,-8.667184193929037,-0.5888127485911051,-0.6793933510780334,3.944121638694933
"{'osm_id': 355614416, 'osm_type': 'yes'}",chennai_bld_002064,1,1,100.0,2.0667951107025146,1.2347795963287354,-0.8320155143737793,-0.8320155143737793,0.0,-7.403843402862549,-10.087791442871094,-2.683948040008545,-2.683948040008545,0.0
"{'osm_id': 355614419, 'osm_type': 'yes'}",chennai_bld_002065,3,3,100.0,-1.9608345031738281,-3.4149258931477866,-1.4540915489196777,-1.3550989627838135,1.2303510210972806,-13.462549845377604,-15.727701822916666,-2.2651516596476235,-2.8834714889526367,1.201764037785559
"{'osm_id': 355614424, 'osm_type': 'yes'}",chennai_bld_002066,4,4,100.0,1.1097487211227417,0.15548738837242126,-0.9542612433433533,-1.5433448553085327,1.4502278026748348,-8.45408821105957,-8.291021347045898,0.16306686401367188,-0.18721365928649902,2.1807355374809934
"{'osm_id': 355614430, 'osm_type': 'yes'}",chennai_bld_002067,4,4,100.0,-1.5532090663909912,-1.7157211303710938,-0.16251206398010254,-1.986936092376709,4.872087977719603,-11.8507080078125,-11.922508239746094,-0.07179999351501465,-1.2825307846069336,3.2452683689444974
"{'osm_id': 355614438, 'osm_type': 'yes'}",chennai_bld_002068,2,2,100.0,4.465046405792236,3.5374107360839844,-0.9276357889175415,-0.9276357889175415,0.8528510332107544,-10.83543586730957,-11.360994338989258,-0.5255589485168457,-0.5255589485168457,1.1080422401428223
"{'osm_id': 355614442, 'osm_type': 'yes'}",chennai_bld_002069,4,4,100.0,2.7698330879211426,-1.3836121559143066,-4.153445720672607,-3.5273115634918213,1.8466992976807621,-11.921764373779297,-10.020557403564453,1.9012079238891602,1.8173680305480957,0.9327822082236059
"{'osm_id': 355614445, 'osm_type': 'yes'}",chennai_bld_002070,4,4,100.0,4.037354469299316,-0.7504639029502869,-4.787818431854248,-4.661264419555664,2.5312728203953108,-14.479646682739258,-12.13558578491211,2.3440608978271484,2.772703170776367,3.423136851372741
"{'osm_id': 355614451, 'osm_type': 'yes'}",chennai_bld_002071,4,4,100.0,3.020338535308838,0.6793971061706543,-2.3409414291381836,-1.9439470767974854,3.7679578674663174,-5.695834636688232,-9.533459663391113,-3.837625026702881,-3.8247385025024414,0.8121554300752596
"{'osm_id': 355614458, 'osm_type': 'yes'}",chennai_bld_002072,2,2,100.0,-2.5544064044952393,-4.362740516662598,-1.8083343505859375,-1.8083343505859375,2.458375930786133,-11.453208923339844,-13.87592887878418,-2.422720432281494,-2.422720432281494,0.7527222633361816
"{'osm_id': 355614464, 'osm_type': 'yes'}",chennai_bld_002073,2,2,100.0,-1.8770307302474976,-5.744893550872803,-3.8678629398345947,-3.8678629398345947,0.05858206748962402,-11.59773063659668,-12.337401390075684,-0.7396712303161621,-0.7396712303161621,0.053166866302490234
"{'osm_id': 355614481, 'osm_type': 'yes'}",chennai_bld_002074,2,2,100.0,2.747774600982666,0.7386312484741211,-2.009143352508545,-2.009143352508545,0.11653792858129876,-10.742620468139648,-12.385604858398438,-1.6429848670959473,-1.6429848670959473,0.8102202415466309
"{'osm_id': 355614488, 'osm_type': 'yes'}",chennai_bld_002075,1,1,100.0,-0.3271217346191406,-2.3714406490325928,-2.044318914413452,-2.044318914413452,0.0,-12.738019943237305,-13.972282409667969,-1.234262466430664,-1.234262466430664,0.0
"{'osm_id': 355614495, 'osm_type': 'yes'}",chennai_bld_002076,4,4,100.0,-1.92799711227417,-5.110053062438965,-3.182055950164795,-2.188176155090332,1.8328796959455675,-13.741796493530273,-13.385183334350586,0.3566122055053711,1.3711299896240234,3.715171893752298
"{'osm_id': 355614497, 'osm_type': 'yes'}",chennai_bld_002077,2,2,100.0,1.718449592590332,2.693371295928955,0.974921703338623,0.974921703338623,2.9858365058898926,-13.299406051635742,-15.310185432434082,-2.0107789039611816,-2.0107789039611816,2.3285889625549316
"{'osm_id': 355614524, 'osm_type': 'yes'}",chennai_bld_002078,4,4,100.0,-1.2717673778533936,-2.469536781311035,-1.1977691650390625,-2.300105571746826,2.4399705984810316,-10.234989166259766,-13.835476875305176,-3.6004884243011475,-3.8386430740356445,0.8025953906069875
"{'osm_id': 355614530, 'osm_type': 'yes'}",chennai_bld_002079,2,2,100.0,-0.4269920587539673,-3.655529260635376,-3.228537082672119,-3.228537082672119,0.7065535783767801,-9.391773223876953,-8.832059860229492,0.5597126483917236,0.5597126483917236,0.4861581325531006
"{'osm_id': 355614534, 'osm_type': 'yes'}",chennai_bld_002080,3,3,100.0,6.70750617980957,4.270219802856445,-2.4372870127360025,-0.6411826610565186,2.6071999623580595,-12.829363505045572,-12.356758117675781,0.47260602315266925,0.5470762252807617,1.5162439067876183
"{'osm_id': 355614539, 'osm_type': 'yes'}",chennai_bld_002081,4,4,100.0,0.8010137677192688,0.5503907799720764,-0.2506229877471924,0.6915895342826843,2.922790109048363,-13.025701522827148,-13.400050163269043,-0.37434864044189453,0.11872673034667969,1.8510387684176122
"{'osm_id': 355614543, 'osm_type': 'yes'}",chennai_bld_002082,2,2,100.0,-2.849546194076538,-5.028668403625488,-2.179121971130371,-2.179121971130371,0.180352091789285,-12.836065292358398,-11.031549453735352,1.804516315460205,1.804516315460205,2.512521266937256
"{'osm_id': 355614545, 'osm_type': 'yes'}",chennai_bld_002083,2,2,100.0,4.622222900390625,2.7868871688842773,-1.8353358507156372,-1.8353358507156372,0.09796202182769775,-13.129348754882812,-14.503844261169434,-1.3744959831237793,-1.3744959831237793,0.8745827674865723
"{'osm_id': 355614550, 'osm_type': 'yes'}",chennai_bld_002084,2,2,100.0,1.7194222211837769,-1.500960350036621,-3.2203826904296875,-3.2203826904296875,0.4318701028824017,-14.381224632263184,-14.17675495147705,0.2044696807861328,0.2044696807861328,1.950514793395996
"{'osm_id': 355614556, 'osm_type': 'yes'}",chennai_bld_002085,1,1,100.0,-3.714810371398926,-2.451815366744995,1.2629950046539307,1.2629950046539307,0.0,-15.44175910949707,-14.97522258758545,0.4665365219116211,0.4665365219116211,0.0
"{'osm_id': 355614562, 'osm_type': 'yes'}",chennai_bld_002086,2,2,100.0,-0.9834995865821838,-3.1014347076416016,-2.1179351806640625,-2.1179351806640625,0.9378338456153889,-10.64767074584961,-13.521190643310547,-2.8735194206237793,-2.8735194206237793,0.772864818572998
"{'osm_id': 355614565, 'osm_type': 'yes'}",chennai_bld_002087,4,4,100.0,-2.9715237617492676,-3.7309956550598145,-0.7594716548919678,-2.216921806335449,2.968573599727209,-9.608912467956543,-11.241073608398438,-1.6321613788604736,-1.55224609375,2.001770029924213
"{'osm_id': 355614572, 'osm_type': 'yes'}",chennai_bld_002088,4,4,100.0,0.377119779586792,-0.4694618880748749,-0.8465816974639893,-1.9339810609817505,2.351646393339355,-8.555183410644531,-10.032833099365234,-1.4776499271392822,-1.8316020965576172,1.9148273013598067
"{'osm_id': 355614575, 'osm_type': 'yes'}",chennai_bld_002089,2,2,100.0,1.7899456024169922,-0.6079733371734619,-2.397918701171875,-2.397918701171875,0.2613614797592435,-14.120363235473633,-15.356070518493652,-1.2357068061828613,-1.2357068061828613,1.2453789710998535
"{'osm_id': 355614577, 'osm_type': 'yes'}",chennai_bld_002090,1,1,100.0,2.2562179565429688,1.0603744983673096,-1.1958434581756592,-1.1958434581756592,0.0,-16.44719696044922,-11.836594581604004,4.610602378845215,4.610602378845215,0.0
"{'osm_id': 355614580, 'osm_type': 'yes'}",chennai_bld_002091,2,2,100.0,-1.8930115699768066,-1.4033958911895752,0.4896155595779419,0.4896155595779419,0.9157074689865112,-12.419337272644043,-11.559507369995117,0.8598294258117676,0.8598294258117676,0.9555535316467285
"{'osm_id': 355614583, 'osm_type': 'yes'}",chennai_bld_002092,2,2,100.0,2.6268107891082764,-2.1462066173553467,-4.773017406463623,-4.773017406463623,0.34758663177490234,-10.514305114746094,-8.134078025817871,2.38022780418396,2.38022780418396,4.152451276779175
"{'osm_id': 355614589, 'osm_type': 'yes'}",chennai_bld_002093,2,2,100.0,-4.647272109985352,-2.888934373855591,1.7583379745483398,1.7583379745483398,1.115739762783052,-10.180265426635742,-10.419634819030762,-0.23936891555786133,-0.23936891555786133,2.014030933380127
"{'osm_id': 355614593, 'osm_type': 'yes'}",chennai_bld_002094,4,4,100.0,4.896421432495117,3.258831024169922,-1.6375904083251953,-1.8353358507156372,1.582415766925715,-13.014312744140625,-14.9480562210083,-1.9337430000305176,-1.3744959831237793,2.0082180072586535
"{'osm_id': 355614603, 'osm_type': 'yes'}",chennai_bld_002095,1,1,100.0,4.831472873687744,4.582743167877197,-0.24872970581054688,-0.24872970581054688,0.0,-13.154010772705078,-16.32952880859375,-3.175518035888672,-3.175518035888672,0.0
"{'osm_id': 355614605, 'osm_type': 'yes'}",chennai_bld_002096,2,2,100.0,-1.2294068336486816,-1.391126275062561,-0.1617194414138794,-0.1617194414138794,2.8940495252609253,-9.69775390625,-11.921795845031738,-2.2240424156188965,-2.2240424156188965,1.4223418235778809
"{'osm_id': 355614611, 'osm_type': 'yes'}",chennai_bld_002097,3,3,100.0,-2.6298576990763345,-3.173807462056478,-0.5439499219258627,0.9201202988624573,3.8654640786849948,-12.258431752522787,-13.45520273844401,-1.1967709859212239,-0.5793323516845703,1.4759715249870475
"{'osm_id': 355614614, 'osm_type': 'yes'}",chennai_bld_002098,2,2,100.0,-1.5679250955581665,-5.253842353820801,-3.6859169006347656,-3.6859169006347656,0.05460679531110424,-14.686784744262695,-13.206579208374023,1.4802055358886719,1.4802055358886719,1.3591575622558594
"{'osm_id': 355614617, 'osm_type': 'yes'}",chennai_bld_002099,2,2,100.0,-0.7128291130065918,-2.1889963150024414,-1.4761672019958496,-1.4761672019958496,1.5564899444580078,-12.227513313293457,-13.873602867126465,-1.6460895538330078,-1.6460895538330078,0.18090057373046875
"{'osm_id': 355614623, 'osm_type': 'yes'}",chennai_bld_002100,3,3,100.0,-0.08382105827331543,-1.8484357198079426,-1.764614423116048,-2.9872775077819824,3.3526919372062185,-11.551745096842447,-8.681196848551432,2.8705485661824546,1.5893363952636719,2.6281472830187087
"{'osm_id': 355614625, 'osm_type': 'yes'}",chennai_bld_002101,4,4,100.0,2.423250198364258,1.8082811832427979,-0.61496901512146,-0.7025435566902161,1.0198992155474722,-13.67979621887207,-15.036070823669434,-1.3562734127044678,-1.820390224456787,3.3544719221947012
"{'osm_id': 355614628, 'osm_type': 'yes'}",chennai_bld_002102,4,4,100.0,2.2202820777893066,-0.21716326475143433,-2.4374454021453857,-2.9170236587524414,1.8655914197411239,-9.6140775680542,-13.130636215209961,-3.516557455062866,-3.73476505279541,2.101239473330307
"{'osm_id': 355614634, 'osm_type': 'yes'}",chennai_bld_002103,4,4,100.0,-3.5485105514526367,-4.475691318511963,-0.9271808862686157,-1.0554394721984863,2.8641894320367025,-11.035902976989746,-11.787296295166016,-0.7513923645019531,-0.6158552169799805,2.2138611666182078
"{'osm_id': 355614647, 'osm_type': 'yes'}",chennai_bld_002104,2,2,100.0,-5.972032070159912,-6.869294166564941,-0.8972622156143188,-0.8972622156143188,3.5239704847335815,-11.660114288330078,-10.692541122436523,0.9675731658935547,0.9675731658935547,1.6403560638427734
"{'osm_id': 355614652, 'osm_type': 'yes'}",chennai_bld_002105,2,2,100.0,-0.7292962074279785,-0.6957204341888428,0.03357577323913574,0.03357577323913574,1.229419231414795,-15.944478034973145,-13.405908584594727,2.538569450378418,2.538569450378418,2.072032928466797
"{'osm_id': 355614655, 'osm_type': 'yes'}",chennai_bld_002106,2,2,100.0,12.513919830322266,11.69322395324707,-0.8206968307495117,-0.8206968307495117,2.8113698959350586,-14.163591384887695,-11.096725463867188,3.066865921020508,3.066865921020508,1.5436325073242188
"{'osm_id': 355614659, 'osm_type': 'yes'}",chennai_bld_002107,4,4,100.0,-1.384390115737915,-3.0765957832336426,-1.6922056674957275,-1.0407487154006958,1.6467318753163371,-10.831558227539062,-11.8977632522583,-1.0662055015563965,-1.1111407279968262,1.1650619872313337
"{'osm_id': 355614664, 'osm_type': 'yes'}",chennai_bld_002108,2,2,100.0,-4.130255699157715,-5.701744079589844,-1.5714882612228394,-1.5714882612228394,2.0598219633102417,-11.565130233764648,-10.958195686340332,0.6069345474243164,0.6069345474243164,0.4858865737915039
"{'osm_id': 355614670, 'osm_type': 'yes'}",chennai_bld_002109,4,4,100.0,4.378697395324707,2.6435296535491943,-1.7351677417755127,-1.7876287698745728,1.7839674808739379,-14.683185577392578,-15.40323257446289,-0.7200469970703125,-0.5479373931884766,2.7870604705478708
"{'osm_id': 355614672, 'osm_type': 'yes'}",chennai_bld_002110,1,1,100.0,5.240079879760742,5.796267986297607,0.5561881065368652,0.5561881065368652,0.0,-8.896130561828613,-9.244819641113281,-0.34868907928466797,-0.34868907928466797,0.0
"{'osm_id': 355614686, 'osm_type': 'yes'}",chennai_bld_002111,4,4,100.0,1.8124120235443115,-0.8855104446411133,-2.6979222297668457,-2.3796160221099854,1.1526696735427404,-5.559200286865234,-6.040724754333496,-0.4815242290496826,-0.6497488021850586,2.6227590758947437
"{'osm_id': 355614689, 'osm_type': 'yes'}",chennai_bld_002112,2,2,100.0,-0.23505806922912598,-1.079563856124878,-0.844505786895752,-0.844505786895752,1.4006938934326172,-9.908206939697266,-9.843206405639648,0.06499958038330078,0.06499958038330078,0.41368865966796875
"{'osm_id': 355614691, 'osm_type': 'yes'}",chennai_bld_002113,2,2,100.0,2.6295089721679688,0.6555547118186951,-1.973954439163208,-1.973954439163208,1.1419389247894287,-6.355236053466797,-11.410160064697266,-5.054924011230469,-5.054924011230469,2.370976209640515
"{'osm_id': 355614693, 'osm_type': 'yes'}",chennai_bld_002114,3,3,100.0,2.0654616355895996,-0.6925818125406901,-2.7580432891845703,-2.158459186553955,1.3450924322876334,-12.133444468180338,-15.893328348795572,-3.759884516398112,-2.653797149658203,1.7081352165305694
"{'osm_id': 355614695, 'osm_type': 'yes'}",chennai_bld_002115,2,2,100.0,2.3971738815307617,2.4437923431396484,0.04661834239959717,0.04661834239959717,1.6773320436477661,-8.82363224029541,-11.788657188415527,-2.965024709701538,-2.965024709701538,0.674872636795044
"{'osm_id': 355614699, 'osm_type': 'yes'}",chennai_bld_002116,2,2,100.0,3.0881547927856445,3.4383416175842285,0.350186824798584,0.350186824798584,1.6976118087768555,-13.605297088623047,-13.258659362792969,0.3466377258300781,0.3466377258300781,1.2433347702026367
"{'osm_id': 355614702, 'osm_type': 'yes'}",chennai_bld_002117,2,2,100.0,5.659956932067871,5.529839992523193,-0.13011717796325684,-0.13011717796325684,2.630446195602417,-9.935567855834961,-11.547046661376953,-1.6114797592163086,-1.6114797592163086,3.1697511672973633
"{'osm_id': 355614704, 'osm_type': 'yes'}",chennai_bld_002118,4,4,100.0,-1.845752239227295,-2.3572683334350586,-0.5115158557891846,-0.48231494426727295,2.2713877611343185,-10.260515213012695,-9.726920127868652,0.5335948467254639,-0.015385150909423828,1.603407899889865
"{'osm_id': 355614708, 'osm_type': 'yes'}",chennai_bld_002119,2,2,100.0,-0.8216889500617981,-1.909840703010559,-1.0881518125534058,-1.0881518125534058,3.306772828102112,-15.774255752563477,-17.01237678527832,-1.2381200790405273,-1.2381200790405273,3.708097457885742
"{'osm_id': 355614712, 'osm_type': 'yes'}",chennai_bld_002120,4,4,100.0,-2.8934645652770996,-4.009449481964111,-1.1159849166870117,-0.7449274659156799,1.807723292707131,-11.366874694824219,-9.68567943572998,1.6811952590942383,1.455972671508789,1.4309245293106136
"{'osm_id': 355614713, 'osm_type': 'yes'}",chennai_bld_002121,1,1,100.0,-1.513604998588562,-0.10828196257352829,1.4053230285644531,1.4053230285644531,0.0,-14.894672393798828,-13.079289436340332,1.815382957458496,1.815382957458496,0.0
"{'osm_id': 355614714, 'osm_type': 'yes'}",chennai_bld_002122,2,2,100.0,-0.6530189514160156,-1.436226487159729,-0.7832076549530029,-0.7832076549530029,3.167576789855957,-7.414858341217041,-9.171533584594727,-1.7566754817962646,-1.7566754817962646,3.5506927967071533
"{'osm_id': 355614715, 'osm_type': 'yes'}",chennai_bld_002123,3,3,100.0,0.9205424785614014,0.4699912865956624,-0.45055127143859863,0.9145998954772949,2.903512720131781,-11.187112172444662,-14.176901499430338,-2.9897890090942383,-1.3746452331542969,2.392117294974201
"{'osm_id': 355614716, 'osm_type': 'yes'}",chennai_bld_002124,4,4,100.0,0.5199772119522095,0.6470432877540588,0.12706607580184937,0.20751380920410156,1.5024601745532848,-8.959193229675293,-12.861385345458984,-3.9021925926208496,-2.965024709701538,4.259935192266023
"{'osm_id': 355614718, 'osm_type': 'yes'}",chennai_bld_002125,4,4,100.0,-3.7277886867523193,-3.166360855102539,0.5614277124404907,-0.788549542427063,4.839947600825316,-11.841894149780273,-12.712057113647461,-0.8701620101928711,-0.7396712303161621,1.4842972596483959
"{'osm_id': 355614723, 'osm_type': 'yes'}",chennai_bld_002126,2,2,100.0,-3.0056357383728027,-4.576864719390869,-1.5712292194366455,-1.5712292194366455,1.8195274472236642,-9.652261734008789,-9.083965301513672,0.5682969093322754,0.5682969093322754,2.122969150543213
"{'osm_id': 355614724, 'osm_type': 'yes'}",chennai_bld_002127,2,2,100.0,-0.21435129642486572,0.1204952597618103,0.334846556186676,0.334846556186676,2.293817460536957,-17.65218734741211,-13.498223304748535,4.153964042663574,4.153964042663574,0.9655179977416992
"{'osm_id': 355614725, 'osm_type': 'yes'}",chennai_bld_002128,3,3,100.0,4.484100977579753,4.999581654866536,0.5154809951782227,-0.9611711502075195,3.220366687547789,-13.387362162272135,-14.840487162272135,-1.4531259536743164,-1.768845558166504,1.0923296260321138
"{'osm_id': 355614726, 'osm_type': 'yes'}",chennai_bld_002129,2,2,100.0,0.007288455963134766,-2.2204413414001465,-2.227729558944702,-2.227729558944702,0.7595478892326378,-11.368400573730469,-11.522048950195312,-0.15364789962768555,-0.15364789962768555,1.7429842948913574
"{'osm_id': 355614727, 'osm_type': 'yes'}",chennai_bld_002130,4,4,100.0,5.408770561218262,5.354976654052734,-0.053794264793395996,1.32387113571167,3.513116040195673,-13.38509464263916,-14.90504264831543,-1.5199484825134277,-0.29736852645874023,3.091727271295191
"{'osm_id': 355614728, 'osm_type': 'yes'}",chennai_bld_002131,2,2,100.0,1.4772324562072754,-1.9726606607437134,-3.449892997741699,-3.449892997741699,0.20700919628146744,-12.158323287963867,-12.767513275146484,-0.6091899871826172,-0.6091899871826172,2.213839530944824
"{'osm_id': 355614734, 'osm_type': 'yes'}",chennai_bld_002132,3,3,100.0,-4.259914080301921,-4.179843584696452,0.08007047573725383,-0.5826831459999084,1.2932407936768708,-17.260107676188152,-15.91607411702474,1.3440345128377278,0.21502304077148438,1.8588871287589626
"{'osm_id': 355614744, 'osm_type': 'yes'}",chennai_bld_002133,6,6,100.0,-1.0065337816874187,-2.768334706624349,-1.7618006070454915,-2.603654384613037,2.467050780612039,-8.89105224609375,-11.003170013427734,-2.112116972605387,-1.6277637481689453,1.8593601324248166
"{'osm_id': 355614746, 'osm_type': 'yes'}",chennai_bld_002134,2,2,100.0,-2.192182779312134,-4.594325065612793,-2.40214204788208,-2.40214204788208,2.1743392944335938,-7.300497055053711,-8.33918285369873,-1.0386857986450195,-1.0386857986450195,2.9047603607177734
"{'osm_id': 355614748, 'osm_type': 'yes'}",chennai_bld_002135,4,4,100.0,-2.196983814239502,-2.112882614135742,0.08410117030143738,-0.37936830520629883,1.1294532209137857,-11.249960899353027,-11.370594024658203,-0.12063264846801758,-0.9232592582702637,1.807526907480741
"{'osm_id': 355614753, 'osm_type': 'yes'}",chennai_bld_002136,4,4,100.0,-0.6707956194877625,-2.446657657623291,-1.7758619785308838,-1.1013214588165283,1.9678480591370822,-12.285587310791016,-13.206718444824219,-0.9211307764053345,-1.7102491855621338,4.749742990544285
"{'osm_id': 355614755, 'osm_type': 'yes'}",chennai_bld_002137,3,3,100.0,5.644295374552409,4.397222836812337,-1.2470722993214924,-1.933297872543335,1.9674304270478489,-13.54428482055664,-16.49401601155599,-2.9497315088907876,-1.830902099609375,2.581255207700391
"{'osm_id': 355614757, 'osm_type': 'yes'}",chennai_bld_002138,2,2,100.0,2.4610555171966553,5.521540641784668,3.060485363006592,3.060485363006592,0.05861186981201172,-13.409011840820312,-13.431572914123535,-0.02256155014038086,-0.02256155014038086,1.2946648597717285
"{'osm_id': 355614765, 'osm_type': 'yes'}",chennai_bld_002139,2,2,100.0,1.193034052848816,-0.5981029868125916,-1.7911370992660522,-1.7911370992660522,0.47619926929473877,-6.43491268157959,-5.811798095703125,0.623115062713623,0.623115062713623,1.8998756408691406
"{'osm_id': 355614767, 'osm_type': 'yes'}",chennai_bld_002140,2,2,100.0,1.1359715461730957,-0.3068349063396454,-1.442806363105774,-1.442806363105774,1.0791772603988647,-6.787797927856445,-6.842489719390869,-0.05469202995300293,-0.05469202995300293,0.12824654579162598
"{'osm_id': 355614769, 'osm_type': 'yes'}",chennai_bld_002141,2,2,100.0,11.347269058227539,6.794162273406982,-4.553106307983398,-4.553106307983398,2.6044492721557617,-12.40413761138916,-15.808431625366211,-3.4042935371398926,-3.4042935371398926,3.166165828704834
"{'osm_id': 355614773, 'osm_type': 'yes'}",chennai_bld_002142,2,2,100.0,6.916858673095703,5.25858211517334,-1.6582767963409424,-1.6582767963409424,0.1897580623626709,-10.02031135559082,-11.278318405151367,-1.2580080032348633,-1.2580080032348633,4.5943450927734375
"{'osm_id': 355614776, 'osm_type': 'yes'}",chennai_bld_002143,4,4,100.0,-2.682185649871826,-2.379404067993164,0.30278146266937256,0.008560657501220703,1.3108974043392758,-10.958869934082031,-14.328700065612793,-3.3698301315307617,-1.5987777709960938,4.297136022347454
"{'osm_id': 355614778, 'osm_type': 'yes'}",chennai_bld_002144,1,1,100.0,-5.249124050140381,-9.058404922485352,-3.8092808723449707,-3.8092808723449707,0.0,-13.443880081176758,-14.13038444519043,-0.6865043640136719,-0.6865043640136719,0.0
"{'osm_id': 355614783, 'osm_type': 'yes'}",chennai_bld_002145,2,2,100.0,5.033270359039307,3.088514804840088,-1.9447557926177979,-1.9447557926177979,3.3759610652923584,-16.940629959106445,-15.413496017456055,1.5271334648132324,1.5271334648132324,3.3580355644226074
"{'osm_id': 355614789, 'osm_type': 'yes'}",chennai_bld_002146,1,1,100.0,-0.3271217346191406,-2.3714406490325928,-2.044318914413452,-2.044318914413452,0.0,-12.738019943237305,-13.972282409667969,-1.234262466430664,-1.234262466430664,0.0
"{'osm_id': 355614791, 'osm_type': 'yes'}",chennai_bld_002147,2,2,100.0,0.08844059705734253,-2.0607409477233887,-2.149181604385376,-2.149181604385376,0.9690803885459919,-12.831913948059082,-12.260951042175293,0.5709629058837891,0.5709629058837891,2.6716175079345703
"{'osm_id': 355614793, 'osm_type': 'yes'}",chennai_bld_002148,1,1,100.0,0.11763504147529602,-4.840893268585205,-4.958528518676758,-4.958528518676758,0.0,-7.300485610961914,-8.479350090026855,-1.1788644790649414,-1.1788644790649414,0.0
"{'osm_id': 355614795, 'osm_type': 'yes'}",chennai_bld_002149,2,2,100.0,3.1578097343444824,1.213862657546997,-1.9439470767974854,-1.9439470767974854,1.096205472946167,-6.849945068359375,-11.467577934265137,-4.617632865905762,-4.617632865905762,0.23875880241405947
"{'osm_id': 355614797, 'osm_type': 'yes'}",chennai_bld_002150,1,1,100.0,-2.5750021934509277,-6.841712474822998,-4.26671028137207,-4.26671028137207,0.0,-13.154610633850098,-16.330053329467773,-3.175442695617676,-3.175442695617676,0.0
"{'osm_id': 355614801, 'osm_type': 'yes'}",chennai_bld_002151,1,1,100.0,1.4950625896453857,-2.431382417678833,-3.9264450073242188,-3.9264450073242188,0.0,-9.751580238342285,-10.544418334960938,-0.7928380966186523,-0.7928380966186523,0.0
"{'osm_id': 355614809, 'osm_type': 'yes'}",chennai_bld_002152,1,1,100.0,4.350305557250977,2.457700252532959,-1.8926053047180176,-1.8926053047180176,0.0,-8.19171142578125,-10.644916534423828,-2.453205108642578,-2.453205108642578,0.0
"{'osm_id': 355614814, 'osm_type': 'yes'}",chennai_bld_002153,4,4,100.0,4.263923168182373,4.40869140625,0.14476829767227173,0.015823960304260254,2.926831764622123,-7.96560001373291,-12.973825454711914,-5.008225917816162,-5.424777507781982,2.048615769911327
"{'osm_id': 355614816, 'osm_type': 'yes'}",chennai_bld_002154,2,2,100.0,5.382477283477783,-1.3871936798095703,-6.7696709632873535,-6.7696709632873535,1.6961359977722168,-14.255180358886719,-11.041000366210938,3.2141799926757812,3.2141799926757812,2.8541955947875977
"{'osm_id': 355614818, 'osm_type': 'yes'}",chennai_bld_002155,2,2,100.0,-4.724343776702881,-6.8463287353515625,-2.1219849586486816,-2.1219849586486816,0.12321484088903471,-12.99659538269043,-10.598732948303223,2.3978629112243652,2.3978629112243652,1.9191746711730957
"{'osm_id': 355614822, 'osm_type': 'yes'}",chennai_bld_002156,1,1,100.0,2.6434552669525146,-1.2369285821914673,-3.8803839683532715,-3.8803839683532715,0.0,-7.615457057952881,-10.909097671508789,-3.293640613555908,-3.293640613555908,0.0
"{'osm_id': 355614826, 'osm_type': 'yes'}",chennai_bld_002157,2,2,100.0,2.8811421394348145,2.178598642349243,-0.7025435566902161,-0.7025435566902161,0.45119720697402954,-11.436223983764648,-13.256613731384277,-1.820390224456787,-1.820390224456787,2.5771889686584473
"{'osm_id': 355614828, 'osm_type': 'yes'}",chennai_bld_002158,2,2,100.0,1.0288364887237549,-1.888187289237976,-2.9170236587524414,-2.9170236587524414,0.4247330427169967,-8.544075012207031,-13.628585815429688,-5.08450984954834,-5.08450984954834,1.1635007858276367
"{'osm_id': 355614840, 'osm_type': 'yes'}",chennai_bld_002159,2,2,100.0,2.400792121887207,0.7166200876235962,-1.6841721534729004,-1.6841721534729004,0.4883286952972412,-16.667768478393555,-14.837743759155273,1.830024242401123,1.830024242401123,2.780578136444092
"{'osm_id': 355614843, 'osm_type': 'yes'}",chennai_bld_002160,2,2,100.0,6.638857841491699,5.476803302764893,-1.1620547771453857,-1.1620547771453857,0.20088368654251984,-12.02623462677002,-14.029426574707031,-2.0031919479370117,-2.0031919479370117,0.2343463897705078
"{'osm_id': 355614845, 'osm_type': 'yes'}",chennai_bld_002161,4,4,100.0,-3.2686405181884766,-5.596623420715332,-2.3279829025268555,-2.179121971130371,1.3887931406311746,-11.4786958694458,-11.396698951721191,0.08199691772460938,-0.6903939247131348,2.567433462297697
"{'osm_id': 355614847, 'osm_type': 'yes'}",chennai_bld_002162,2,2,100.0,4.622222900390625,2.7868871688842773,-1.8353358507156372,-1.8353358507156372,0.09796202182769775,-13.129348754882812,-14.503844261169434,-1.3744959831237793,-1.3744959831237793,0.8745827674865723
"{'osm_id': 355614849, 'osm_type': 'yes'}",chennai_bld_002163,2,2,100.0,6.298084259033203,4.016318321228027,-2.281766176223755,-2.281766176223755,1.3704864978790283,-13.202530860900879,-14.142168045043945,-0.9396367073059082,-0.9396367073059082,0.8064084053039551
"{'osm_id': 355614854, 'osm_type': 'yes'}",chennai_bld_002164,2,2,100.0,3.9224181175231934,1.8057138919830322,-2.116704225540161,-2.116704225540161,2.3087265491485596,-11.960731506347656,-12.124364852905273,-0.1636338233947754,-0.1636338233947754,1.6085896492004395
"{'osm_id': 355614860, 'osm_type': 'yes'}",chennai_bld_002165,2,2,100.0,-2.697930335998535,-4.884500026702881,-2.1865696907043457,-2.1865696907043457,0.9242477416992188,-11.347672462463379,-15.576813697814941,-4.2291412353515625,-4.2291412353515625,0.4203605651855469
"{'osm_id': 355614864, 'osm_type': 'yes'}",chennai_bld_002166,1,1,100.0,2.624173402786255,0.38692507147789,-2.237248420715332,-2.237248420715332,0.0,-4.578256130218506,-5.951308250427246,-1.3730521202087402,-1.3730521202087402,0.0
"{'osm_id': 355614866, 'osm_type': 'yes'}",chennai_bld_002167,2,2,100.0,-4.36788272857666,-3.2300684452056885,1.1378141641616821,1.1378141641616821,2.1474608182907104,-13.775333404541016,-13.84830379486084,-0.07297039031982422,-0.07297039031982422,3.159313201904297
"{'osm_id': 355614871, 'osm_type': 'yes'}",chennai_bld_002168,2,2,100.0,0.7200823426246643,0.35432031750679016,-0.3657621145248413,-0.3657621145248413,2.7501312494277954,-6.009690284729004,-12.376324653625488,-6.366634368896484,-6.366634368896484,1.0592660903930664
"{'osm_id': 355614872, 'osm_type': 'yes'}",chennai_bld_002169,4,4,100.0,-2.369680166244507,-0.8340761661529541,1.5356040000915527,0.6557661294937134,3.0006174265599674,-13.099356651306152,-13.411855697631836,-0.3124985694885254,-0.5785861015319824,1.1115522650852576
"{'osm_id': 355614877, 'osm_type': 'yes'}",chennai_bld_002170,2,2,100.0,4.299786567687988,2.3894224166870117,-1.9103639125823975,-1.9103639125823975,3.958162546157837,-13.363042831420898,-11.505289077758789,1.8577542304992676,1.8577542304992676,0.26778173446655273
"{'osm_id': 355614882, 'osm_type': 'yes'}",chennai_bld_002171,2,2,100.0,-0.8835933208465576,-2.2873287200927734,-1.4037353992462158,-1.4037353992462158,1.6520336270332348,-9.134454727172852,-9.61201286315918,-0.47755908966064453,-0.47755908966064453,3.168825149536133
"{'osm_id': 355614884, 'osm_type': 'yes'}",chennai_bld_002172,1,1,100.0,-2.3126020431518555,-3.5749239921569824,-1.262321949005127,-1.262321949005127,0.0,-10.9751558303833,-15.62465763092041,-4.649501800537109,-4.649501800537109,0.0
"{'osm_id': 355614889, 'osm_type': 'yes'}",chennai_bld_002173,4,4,100.0,0.8474012017250061,1.8845138549804688,1.0371124744415283,1.3025754690170288,1.744971046450346,-10.248821258544922,-12.981949806213379,-2.733128070831299,-2.965024709701538,1.0272468433667103
"{'osm_id': 355614891, 'osm_type': 'yes'}",chennai_bld_002174,3,3,100.0,-2.282343864440918,-1.8358167012532551,0.44652732213338214,2.4492316246032715,3.4403958062065354,-11.520604451497396,-14.540565490722656,-3.019960085550944,-3.232283592224121,1.6662410344437577
"{'osm_id': 355614897, 'osm_type': 'yes'}",chennai_bld_002175,1,1,100.0,-2.0705416202545166,-5.701851844787598,-3.631310224533081,-3.631310224533081,0.0,-11.653533935546875,-11.532485961914062,0.1210479736328125,0.1210479736328125,0.0
"{'osm_id': 355614899, 'osm_type': 'yes'}",chennai_bld_002176,2,2,100.0,-0.7128291130065918,-2.1889963150024414,-1.4761672019958496,-1.4761672019958496,1.5564899444580078,-12.227513313293457,-13.873602867126465,-1.6460895538330078,-1.6460895538330078,0.18090057373046875
"{'osm_id': 355614902, 'osm_type': 'yes'}",chennai_bld_002177,1,1,100.0,-4.024850845336914,-4.072278022766113,-0.04742717742919922,-0.04742717742919922,0.0,-16.340665817260742,-10.971841812133789,5.368824005126953,5.368824005126953,0.0
"{'osm_id': 355614905, 'osm_type': 'yes'}",chennai_bld_002178,2,2,100.0,3.4117279052734375,1.4538607597351074,-1.95786714553833,-1.95786714553833,2.5140552520751953,-10.684080123901367,-12.632685661315918,-1.9486050605773926,-1.9486050605773926,1.5999159812927246
"{'osm_id': 355614910, 'osm_type': 'yes'}",chennai_bld_002179,2,2,100.0,-0.9539130926132202,-3.4649746417999268,-2.511061668395996,-2.511061668395996,0.8306952714920129,-9.12645149230957,-13.309877395629883,-4.1834259033203125,-4.1834259033203125,0.2624168395996094
"{'osm_id': 355614918, 'osm_type': 'yes'}",chennai_bld_002180,2,2,100.0,-2.706129312515259,-0.42333269119262695,2.282796621322632,2.282796621322632,0.3439117074012808,-11.486781120300293,-8.794355392456055,2.69242525100708,2.69242525100708,0.08449602127075195
"{'osm_id': 355614927, 'osm_type': 'yes'}",chennai_bld_002181,4,4,100.0,1.0565317869186401,1.450405240058899,0.3938734531402588,0.7122142314910889,0.9703989149303212,-16.041484832763672,-14.033555030822754,2.0079305171966553,1.0955142974853516,1.9758922881725793
"{'osm_id': 355614934, 'osm_type': 'yes'}",chennai_bld_002182,2,2,100.0,1.0858508348464966,0.36146605014801025,-0.7243846654891968,-0.7243846654891968,3.4567147493362427,-8.119109153747559,-11.049607276916504,-2.9304981231689453,-2.9304981231689453,2.1287975311279297
"{'osm_id': 355614937, 'osm_type': 'yes'}",chennai_bld_002183,4,4,100.0,7.376946449279785,6.963596343994141,-0.41335034370422363,-0.006003856658935547,2.03446875908373,-14.82815170288086,-12.071565628051758,2.7565853595733643,2.793745994567871,1.6113850869382713
"{'osm_id': 355614940, 'osm_type': 'yes'}",chennai_bld_002184,2,2,100.0,-4.001800060272217,-6.066248416900635,-2.064448356628418,-2.064448356628418,0.12381851673131959,-13.192954063415527,-13.85927963256836,-0.666325569152832,-0.666325569152832,0.3412637710571289
"{'osm_id': 355614941, 'osm_type': 'yes'}",chennai_bld_002185,2,2,100.0,-0.7954209446907043,-2.6362760066986084,-1.8408551216125488,-1.8408551216125488,3.246178150177002,-13.715922355651855,-14.652322769165039,-0.9363999366760254,-0.9363999366760254,2.7517828941345215
"{'osm_id': 355614946, 'osm_type': 'yes'}",chennai_bld_002186,1,1,100.0,4.573784828186035,-0.2795931398868561,-4.853377819061279,-4.853377819061279,0.0,-5.6821770668029785,-11.082345008850098,-5.400167942047119,-5.400167942047119,0.0
"{'osm_id': 355614950, 'osm_type': 'yes'}",chennai_bld_002187,4,4,100.0,1.2146881818771362,0.8811253309249878,-0.33356279134750366,0.5993931889533997,2.451254047100727,-11.146343231201172,-10.982749938964844,0.16359329223632812,0.7129864692687988,2.422150471558209
"{'osm_id': 355614952, 'osm_type': 'yes'}",chennai_bld_002188,2,2,100.0,5.05479097366333,3.1315784454345703,-1.9232126474380493,-1.9232126474380493,1.3196712732315063,-10.222661972045898,-9.902177810668945,0.3204832077026367,0.3204832077026367,1.2841663360595703
"{'osm_id': 355614964, 'osm_type': 'yes'}",chennai_bld_002189,2,2,100.0,-5.972032070159912,-6.869294166564941,-0.8972622156143188,-0.8972622156143188,3.5239704847335815,-11.660114288330078,-10.692541122436523,0.9675731658935547,0.9675731658935547,1.6403560638427734
"{'osm_id': 355614967, 'osm_type': 'yes'}",chennai_bld_002190,4,4,100.0,-1.5929906368255615,-3.327880859375,-1.7348902225494385,-1.3914755582809448,0.9822226736159205,-11.224202156066895,-11.343080520629883,-0.11887884140014648,-0.34374570846557617,3.3778448117243025
"{'osm_id': 355614973, 'osm_type': 'yes'}",chennai_bld_002191,1,1,100.0,0.9786926507949829,-3.5977888107299805,-4.576481342315674,-4.576481342315674,0.0,-4.6565399169921875,-8.59998607635498,-3.943446159362793,-3.943446159362793,0.0
"{'osm_id': 355614976, 'osm_type': 'yes'}",chennai_bld_002192,2,2,100.0,-0.23505806922912598,-1.079563856124878,-0.844505786895752,-0.844505786895752,1.4006938934326172,-9.908206939697266,-9.843206405639648,0.06499958038330078,0.06499958038330078,0.41368865966796875
"{'osm_id': 355614979, 'osm_type': 'yes'}",chennai_bld_002193,5,5,100.0,1.8950315475463868,0.22275238037109374,-1.6722789764404298,-1.4944148063659668,2.6332783975062535,-11.643602752685547,-15.075227355957031,-3.431624984741211,-2.453084945678711,2.3754165008349966
"{'osm_id': 355614982, 'osm_type': 'yes'}",chennai_bld_002194,2,2,100.0,0.4225602149963379,1.1942100524902344,0.7716497182846069,0.7716497182846069,2.402363419532776,-8.061812400817871,-11.079490661621094,-3.0176780223846436,-3.0176780223846436,0.7275259494781494
"{'osm_id': 355614987, 'osm_type': 'yes'}",chennai_bld_002195,4,4,100.0,-1.7501609325408936,-2.136523723602295,-0.38636279106140137,-0.060269713401794434,2.743932613750791,-10.666418075561523,-13.278018951416016,-2.611600637435913,-2.996936321258545,2.8836088744360406
"{'osm_id': 355614988, 'osm_type': 'yes'}",chennai_bld_002196,2,2,100.0,-1.353663682937622,-2.9071033000946045,-1.5534394979476929,-1.5534394979476929,0.5722416639328003,-14.412760734558105,-15.613604545593262,-1.2008438110351562,-1.2008438110351562,0.36807918548583984
"{'osm_id': 355614991, 'osm_type': 'yes'}",chennai_bld_002197,2,2,100.0,7.202905654907227,5.9239821434021,-1.278923511505127,-1.278923511505127,0.40458202362060547,-13.376362800598145,-13.40489673614502,-0.028533935546875,-0.028533935546875,0.7289667129516602
"{'osm_id': 355614996, 'osm_type': 'yes'}",chennai_bld_002198,1,1,100.0,3.6336398124694824,6.133968830108643,2.50032901763916,2.50032901763916,0.0,-10.758111953735352,-9.199840545654297,1.5582714080810547,1.5582714080810547,0.0
"{'osm_id': 355614999, 'osm_type': 'yes'}",chennai_bld_002199,2,2,100.0,-1.5347636938095093,-1.1380139589309692,0.39674973487854004,0.39674973487854004,2.0524818897247314,-11.282854080200195,-10.200279235839844,1.0825748443603516,1.0825748443603516,1.963953971862793
"{'osm_id': 355615001, 'osm_type': 'yes'}",chennai_bld_002200,1,1,100.0,1.712386131286621,0.953787624835968,-0.7585985064506531,-0.7585985064506531,0.0,-13.590995788574219,-14.372772216796875,-0.7817764282226562,-0.7817764282226562,0.0
"{'osm_id': 355615003, 'osm_type': 'yes'}",chennai_bld_002201,4,4,100.0,-5.4392476081848145,-4.291446208953857,1.1478016376495361,0.6525006294250488,2.1620599482242717,-16.902082443237305,-14.65263557434082,2.2494473457336426,2.0897884368896484,2.2474236832464682
"{'osm_id': 355615005, 'osm_type': 'yes'}",chennai_bld_002202,4,4,100.0,-2.562783718109131,-6.218840599060059,-3.656057119369507,-3.3670742511749268,1.1876253962107841,-11.602579116821289,-10.668164253234863,0.934415340423584,-0.01013946533203125,2.804583537485224
"{'osm_id': 355615007, 'osm_type': 'yes'}",chennai_bld_002203,2,2,100.0,8.137388229370117,4.319601535797119,-3.817786931991577,-3.817786931991577,3.032055616378784,-14.475128173828125,-13.1177396774292,1.3573884963989258,1.3573884963989258,3.07745361328125
"{'osm_id': 355615009, 'osm_type': 'yes'}",chennai_bld_002204,5,5,100.0,8.987848663330078,3.7848255157470705,-5.203023529052734,-6.3875732421875,2.4688284991775604,-12.240397644042968,-14.989268493652343,-2.748870277404785,-2.16518497467041,3.472917662333238
"{'osm_id': 355615011, 'osm_type': 'yes'}",chennai_bld_002205,2,2,100.0,-2.7901463508605957,-1.5424458980560303,1.247700572013855,1.247700572013855,0.015294432640075684,-17.27774429321289,-14.357397079467773,2.920346736907959,2.920346736907959,2.453810214996338
"{'osm_id': 355615018, 'osm_type': 'yes'}",chennai_bld_002206,2,2,100.0,2.6940693855285645,0.025284409523010254,-2.6687850952148438,-2.6687850952148438,0.7761797904968262,-10.778900146484375,-11.330561637878418,-0.5516610145568848,-0.5516610145568848,1.9015440940856934
"{'osm_id': 355615023, 'osm_type': 'yes'}",chennai_bld_002207,2,2,100.0,-2.649235248565674,-3.311828374862671,-0.6625931859016418,-0.6625931859016418,0.8055885434150696,-11.42723274230957,-13.407100677490234,-1.9798688888549805,-1.9798688888549805,0.0832366943359375
"{'osm_id': 355615029, 'osm_type': 'yes'}",chennai_bld_002208,3,3,100.0,1.0777142842610676,1.7518701553344727,0.6741558710734049,0.8812004923820496,0.9529918351731493,-12.846694946289062,-14.528238932291666,-1.6815433502197266,-1.2572593688964844,1.4569989799036478
"{'osm_id': 355615042, 'osm_type': 'yes'}",chennai_bld_002209,3,3,100.0,0.22836029529571533,-2.490260442097982,-2.7186206181844077,-3.7029292583465576,1.4192558454410167,-6.511659622192383,-7.9560902913411455,-1.4444308280944824,-1.471508502960205,2.6173020884353204
"{'osm_id': 355615049, 'osm_type': 'yes'}",chennai_bld_002210,3,3,100.0,-2.079191525777181,-3.967735926310221,-1.8885440826416016,-2.1798808574676514,1.0494285732149988,-12.25433095296224,-12.391693115234375,-0.1373631159464518,-0.3820629119873047,2.507623844898942
"{'osm_id': 355615052, 'osm_type': 'yes'}",chennai_bld_002211,4,4,100.0,0.25511160492897034,-0.5128095746040344,-0.7679212093353271,-0.2485453188419342,1.8944257375144054,-10.86353588104248,-10.662221908569336,0.20131468772888184,0.2104320526123047,3.0440470865699942
"{'osm_id': 355615055, 'osm_type': 'yes'}",chennai_bld_002212,7,7,100.0,-2.186347552708217,-3.387502670288086,-1.2011552538190569,-1.0096466541290283,1.0977407788198867,-11.835584368024554,-12.270346505301339,-0.4347609111240932,0.15264320373535156,2.6521694624614667
"{'osm_id': 355632483, 'osm_type': 'yes'}",chennai_bld_002213,4,4,100.0,-0.36221688985824585,-3.1531145572662354,-2.790897846221924,-3.238053321838379,1.6711128970253146,-12.253828048706055,-15.755570411682129,-3.5017428398132324,-4.070866107940674,2.2473365336683244
"{'osm_id': 355632514, 'osm_type': 'yes'}",chennai_bld_002214,4,4,100.0,-3.5939855575561523,-3.1545324325561523,0.43945300579071045,-1.4042717218399048,5.171868307885409,-12.123547554016113,-12.030195236206055,0.09335184097290039,1.068345069885254,3.0709684962302264
"{'osm_id': 355632608, 'osm_type': 'yes'}",chennai_bld_002215,2,2,100.0,-2.6314616203308105,-4.251484394073486,-1.6200225353240967,-1.6200225353240967,0.7997262775897985,-12.096199035644531,-13.039361000061035,-0.9431624412536621,-0.9431624412536621,1.4484524726867676
"{'osm_id': 355632660, 'osm_type': 'yes'}",chennai_bld_002216,2,2,100.0,2.885117769241333,2.4346587657928467,-0.45045900344848633,-0.45045900344848633,0.6241786479949951,-18.794422149658203,-12.286046981811523,6.50837516784668,6.50837516784668,0.8182563781738281
"{'osm_id': 355632772, 'osm_type': 'yes'}",chennai_bld_002217,4,4,100.0,0.732707142829895,-1.6101747751235962,-2.342881917953491,-2.6026999950408936,1.7566197668423138,-16.970468521118164,-16.07279396057129,0.8976747989654541,-0.504539966583252,4.006161930720754
"{'osm_id': 355632816, 'osm_type': 'yes'}",chennai_bld_002218,2,2,100.0,0.8682109117507935,-1.214853048324585,-2.083064079284668,-2.083064079284668,2.2567836046218903,-20.264087677001953,-17.964197158813477,2.29988956451416,2.29988956451416,5.026741981506348
"{'osm_id': 355632895, 'osm_type': 'yes'}",chennai_bld_002219,4,4,100.0,1.96328604221344,1.4403071403503418,-0.5229789614677429,-0.16550397872924805,3.300838457485339,-12.808365821838379,-12.241649627685547,0.5667176246643066,0.4709625244140625,0.8542125008730923
"{'osm_id': 355632948, 'osm_type': 'yes'}",chennai_bld_002220,2,2,100.0,1.2418793439865112,-1.983829140663147,-3.225708484649658,-3.225708484649658,0.22672057151794434,-12.407801628112793,-16.227840423583984,-3.820037841796875,-3.820037841796875,0.36308765411376953
"{'osm_id': 355632997, 'osm_type': 'yes'}",chennai_bld_002221,2,2,100.0,5.289146423339844,6.08851432800293,0.7993679046630859,0.7993679046630859,1.6471095085144043,-7.116611480712891,-11.180109024047852,-4.063497543334961,-4.063497543334961,0.7928941249847771
"{'osm_id': 355633063, 'osm_type': 'yes'}",chennai_bld_002222,2,2,100.0,-3.1171047687530518,-4.8310065269470215,-1.7139017581939697,-1.7139017581939697,0.7058470845222499,-12.776885032653809,-13.715995788574219,-0.9391107559204102,-0.9391107559204102,1.4525041580200195
"{'osm_id': 355633087, 'osm_type': 'yes'}",chennai_bld_002223,2,2,100.0,1.4124555587768555,1.805240273475647,0.3927847743034363,0.3927847743034363,1.4674224257469177,-15.009489059448242,-10.339743614196777,4.669744968414307,4.669744968414307,1.020373821258545
"{'osm_id': 355633186, 'osm_type': 'yes'}",chennai_bld_002224,2,2,100.0,-2.240361452102661,-4.395136833190918,-2.154775381088257,-2.154775381088257,1.9263508319854736,-14.320619583129883,-17.253238677978516,-2.932619571685791,-2.932619571685791,2.6910691261291504
"{'osm_id': 355633213, 'osm_type': 'yes'}",chennai_bld_002225,2,2,100.0,0.15794843435287476,-1.7276510000228882,-1.8855993747711182,-1.8855993747711182,0.5093810558319092,-11.954391479492188,-13.738622665405273,-1.784231185913086,-1.784231185913086,0.7995615005493164
"{'osm_id': 355633235, 'osm_type': 'yes'}",chennai_bld_002226,2,2,100.0,-2.9988417625427246,-4.646117687225342,-1.6472760438919067,-1.6472760438919067,1.8051530122756958,-13.58867073059082,-15.147956848144531,-1.5592851638793945,-1.5592851638793945,1.897665023803711
"{'osm_id': 355633264, 'osm_type': 'yes'}",chennai_bld_002227,2,2,100.0,-2.6314616203308105,-4.251484394073486,-1.6200225353240967,-1.6200225353240967,0.7997262775897985,-12.096199035644531,-13.039361000061035,-0.9431624412536621,-0.9431624412536621,1.4484524726867676
"{'osm_id': 355633344, 'osm_type': 'yes'}",chennai_bld_002228,2,2,100.0,1.4124555587768555,1.805240273475647,0.3927847743034363,0.3927847743034363,1.4674224257469177,-15.009489059448242,-10.339743614196777,4.669744968414307,4.669744968414307,1.020373821258545
"{'osm_id': 355633362, 'osm_type': 'yes'}",chennai_bld_002229,2,2,100.0,0.8682109117507935,-1.214853048324585,-2.083064079284668,-2.083064079284668,2.2567836046218903,-20.264087677001953,-17.964197158813477,2.29988956451416,2.29988956451416,5.026741981506348
"{'osm_id': 355692017, 'osm_type': 'yes'}",chennai_bld_002230,1,1,100.0,5.240079879760742,5.796267986297607,0.5561881065368652,0.5561881065368652,0.0,-8.896130561828613,-9.244819641113281,-0.34868907928466797,-0.34868907928466797,0.0
"{'osm_id': 355692412, 'osm_type': 'yes'}",chennai_bld_002231,2,2,100.0,2.7249274253845215,3.972464084625244,1.2475364208221436,1.2475364208221436,0.6913483738899256,-10.074984550476074,-8.860868453979492,1.214116096496582,1.214116096496582,1.56280517578125
"{'osm_id': 355692577, 'osm_type': 'yes'}",chennai_bld_002232,2,2,100.0,-0.9823514819145203,0.3083900809288025,1.2907415628433228,1.2907415628433228,0.6481432914733887,-11.608606338500977,-9.332815170288086,2.275791645050049,2.275791645050049,0.5011296272277832
"{'osm_id': 355723984, 'osm_type': 'yes'}",chennai_bld_002233,4,4,100.0,-6.1007490158081055,-6.656181812286377,-0.5554328560829163,-0.3666914701461792,2.616047587974523,-10.81981086730957,-13.340225219726562,-2.5204145908355713,-2.595979690551758,1.5308070753872576
"{'osm_id': 355723986, 'osm_type': 'yes'}",chennai_bld_002234,2,2,100.0,-4.866805076599121,-6.8561201095581055,-1.9893152713775635,-1.9893152713775635,2.072909116744995,-9.135972023010254,-11.159152030944824,-2.0231800079345703,-2.0231800079345703,0.8317413330078125
"{'osm_id': 355723988, 'osm_type': 'yes'}",chennai_bld_002235,2,2,100.0,-5.842823505401611,-10.457100868225098,-4.614277362823486,-4.614277362823486,0.06542778015136719,-9.715568542480469,-11.590015411376953,-1.8744463920593262,-1.8744463920593262,0.8233504295349121
"{'osm_id': 355723989, 'osm_type': 'yes'}",chennai_bld_002236,2,2,100.0,-5.067510604858398,-4.159873008728027,0.9076374769210815,0.9076374769210815,0.8240436315536499,-11.197454452514648,-10.636327743530273,0.5611262321472168,0.5611262321472168,1.7525649070739746
"{'osm_id': 355723993, 'osm_type': 'yes'}",chennai_bld_002237,4,4,100.0,3.664285182952881,2.737799882888794,-0.9264853000640869,-1.1178264617919922,2.908324040096964,-15.886083602905273,-13.648199081420898,2.237884759902954,2.588277816772461,2.3393053873856076
"{'osm_id': 355723998, 'osm_type': 'yes'}",chennai_bld_002238,4,4,100.0,-6.2307538986206055,-6.659234046936035,-0.428480863571167,0.16235196590423584,2.4924068822716716,-11.832174301147461,-11.291897773742676,0.5402770042419434,-0.1960124969482422,2.62867714381985
"{'osm_id': 355724000, 'osm_type': 'yes'}",chennai_bld_002239,3,3,100.0,-3.6387383143107095,-7.166312535603841,-3.527573903401693,-4.539671897888184,1.856881547431604,-10.312512079874674,-13.038687388102213,-2.7261759440104165,-2.834268569946289,0.8545584684066971
"{'osm_id': 355724001, 'osm_type': 'yes'}",chennai_bld_002240,2,2,100.0,8.34950065612793,3.6799397468566895,-4.66956090927124,-4.66956090927124,1.2431707382202148,-14.685625076293945,-13.067639350891113,1.617985725402832,1.617985725402832,0.27509021759033203
"{'osm_id': 355724002, 'osm_type': 'yes'}",chennai_bld_002241,2,2,100.0,-4.941307067871094,-2.8529839515686035,2.0883231163024902,2.0883231163024902,2.7296196222305324,-17.593578338623047,-11.010064125061035,6.583514213562012,6.583514213562012,1.897089958190918
"{'osm_id': 355724008, 'osm_type': 'yes'}",chennai_bld_002242,2,2,100.0,-4.119606971740723,-5.599020957946777,-1.4794137477874756,-1.4794137477874756,1.7716076374053955,-11.52712631225586,-12.080333709716797,-0.5532078742980957,-0.5532078742980957,2.173337459564209
"{'osm_id': 355724010, 'osm_type': 'yes'}",chennai_bld_002243,4,4,100.0,-6.188108444213867,-5.481117248535156,0.7069914937019348,0.9076374769210815,3.288722886342885,-11.63658332824707,-11.214179039001465,0.42240381240844727,0.5611262321472168,2.545662850066822
"{'osm_id': 355724011, 'osm_type': 'yes'}",chennai_bld_002244,4,4,100.0,-1.2869514226913452,-4.753764629364014,-3.466813325881958,-3.5590035915374756,2.202151575079228,-13.394700050354004,-13.071252822875977,0.32344841957092285,-0.4419426918029785,2.332532837501401
"{'osm_id': 355724020, 'osm_type': 'yes'}",chennai_bld_002245,2,2,100.0,-0.06590165197849274,1.122603178024292,1.1885048151016235,1.1885048151016235,0.7105034887790687,-16.12761688232422,-17.072093963623047,-0.9444761276245117,-0.9444761276245117,1.157444953918457
"{'osm_id': 355724023, 'osm_type': 'yes'}",chennai_bld_002246,2,2,100.0,-5.584092140197754,-8.38545036315918,-2.801358699798584,-2.801358699798584,1.8783464431762695,-10.634000778198242,-13.400033950805664,-2.7660326957702637,-2.7660326957702637,0.06823587417602539
"{'osm_id': 355724024, 'osm_type': 'yes'}",chennai_bld_002247,4,4,100.0,-6.336363315582275,-5.430904388427734,0.9054591059684753,0.8340390920639038,2.453727444294189,-12.631826400756836,-11.805252075195312,0.8265748023986816,0.027112483978271484,2.4771339600250837
"{'osm_id': 355724026, 'osm_type': 'yes'}",chennai_bld_002248,3,3,100.0,6.495217641194661,5.743520736694336,-0.7516970634460449,-1.7391681671142578,2.1009826051072222,-10.855130513509115,-14.745552062988281,-3.8904221852620444,-3.502659797668457,4.0522114675615875
"{'osm_id': 355724028, 'osm_type': 'yes'}",chennai_bld_002249,3,3,100.0,-5.068554560343425,-8.508672078450521,-3.440117518107096,-4.277302265167236,1.8128092136227456,-10.87380345662435,-11.660442352294922,-0.7866392135620117,-1.6297082901000977,2.1023549398267076
"{'osm_id': 355724029, 'osm_type': 'yes'}",chennai_bld_002250,2,2,100.0,6.288837909698486,4.66519832611084,-1.6236395835876465,-1.6236395835876465,1.802750587463379,-14.496604919433594,-11.766772270202637,2.729832649230957,2.729832649230957,1.386937141418457
"{'osm_id': 355724037, 'osm_type': 'yes'}",chennai_bld_002251,6,6,100.0,-3.8898321787516275,-3.8950398763020835,-0.005207677682240804,-0.6716015338897705,1.5491051742725666,-10.765254974365234,-9.178772608439127,1.5864823659261067,1.7758045196533203,2.3882269973122123
"{'osm_id': 355724039, 'osm_type': 'yes'}",chennai_bld_002252,1,1,100.0,-6.238017559051514,-2.3818821907043457,3.856135368347168,3.856135368347168,0.0,-11.37871265411377,-8.325447082519531,3.0532655715942383,3.0532655715942383,0.0
"{'osm_id': 355724043, 'osm_type': 'yes'}",chennai_bld_002253,6,6,100.0,-1.7026073137919109,-3.662348747253418,-1.9597412745157878,-1.5738444328308105,2.273243299508404,-9.914632161458334,-13.363677978515625,-3.4490461349487305,-2.9650373458862305,1.7276081398187078
"{'osm_id': 355724049, 'osm_type': 'yes'}",chennai_bld_002254,2,2,100.0,-2.881531238555908,-2.6837382316589355,0.19779300689697266,0.19779300689697266,3.852351665496826,-13.786788940429688,-17.284029006958008,-3.497239589691162,-3.497239589691162,2.9695420265197754
"{'osm_id': 355724052, 'osm_type': 'yes'}",chennai_bld_002255,4,4,100.0,1.002577543258667,0.8044927716255188,-0.19808471202850342,0.01755821704864502,3.1942023688858154,-15.203523635864258,-14.835444450378418,0.36807894706726074,-0.1128692626953125,2.0175143951049352
"{'osm_id': 355724053, 'osm_type': 'yes'}",chennai_bld_002256,1,1,100.0,-0.10924942791461945,0.4149702489376068,0.5242196917533875,0.5242196917533875,0.0,-16.031190872192383,-14.459704399108887,1.571486473083496,1.571486473083496,0.0
"{'osm_id': 355724055, 'osm_type': 'yes'}",chennai_bld_002257,6,6,100.0,0.9557425181070963,1.3880289395650227,0.43228646119435626,0.7362809181213379,3.7043847483476275,-10.121266682942709,-13.915414174397787,-3.794147491455078,-2.719651222229004,3.4172022043066455
"{'osm_id': 355724056, 'osm_type': 'yes'}",chennai_bld_002258,2,2,100.0,-3.6267473697662354,-2.088693857192993,1.5380535125732422,1.5380535125732422,2.378507137298584,-7.176034927368164,-7.193794250488281,-0.017759323120117188,-0.017759323120117188,0.018213748931884766
"{'osm_id': 355724061, 'osm_type': 'yes'}",chennai_bld_002259,5,5,100.0,-5.219108963012696,-5.929676055908203,-0.7105672836303711,-0.6736340522766113,2.789169254917079,-11.432337188720703,-9.350927734375,2.0814096450805666,3.0532655715942383,2.158980765967303
"{'osm_id': 355724066, 'osm_type': 'yes'}",chennai_bld_002260,2,2,100.0,-0.16925537586212158,-0.7477905750274658,-0.5785351991653442,-0.5785351991653442,3.2780545949935913,-9.88722038269043,-9.416360855102539,0.47086000442504883,0.47086000442504883,1.5116868019104004
"{'osm_id': 355724068, 'osm_type': 'yes'}",chennai_bld_002261,4,4,100.0,0.08830589056015015,-2.219193458557129,-2.307499408721924,-2.103407859802246,2.1420497759417723,-13.938758850097656,-13.60147762298584,0.3372812271118164,0.5274553298950195,1.1800384985500378
"{'osm_id': 355724071, 'osm_type': 'yes'}",chennai_bld_002262,2,2,100.0,-3.3435232639312744,-1.54567551612854,1.7978477478027344,1.7978477478027344,2.058287590742111,-9.361274719238281,-8.509531021118164,0.8517429828643799,0.8517429828643799,2.2015225887298584
"{'osm_id': 355724075, 'osm_type': 'yes'}",chennai_bld_002263,2,2,100.0,-2.4343903064727783,-6.179107666015625,-3.7447171211242676,-3.7447171211242676,2.645555019378662,-11.857683181762695,-13.499809265136719,-1.6421270370483398,-1.6421270370483398,0.037754058837890625
"{'osm_id': 355724080, 'osm_type': 'yes'}",chennai_bld_002264,2,2,100.0,0.7565950155258179,-0.350380539894104,-1.1069755554199219,-1.1069755554199219,1.1532757543027403,-9.740179061889648,-13.262605667114258,-3.5224268436431885,-3.5224268436431885,1.7356717586517334
"{'osm_id': 355724083, 'osm_type': 'yes'}",chennai_bld_002265,2,2,100.0,-3.454813003540039,-1.6267526149749756,1.8280603885650635,1.8280603885650635,2.0885002315044403,-7.45241641998291,-8.145292282104492,-0.6928763389587402,-0.6928763389587402,0.6569032669067383
"{'osm_id': 355724086, 'osm_type': 'yes'}",chennai_bld_002266,3,3,100.0,-1.9105547269185383,-4.133613268534343,-2.223058541615804,-0.8404536247253418,2.5493996927393328,-8.310871124267578,-8.205665588378906,0.10520521799723308,0.0004544258117675781,1.7323818502676256
"{'osm_id': 355724091, 'osm_type': 'yes'}",chennai_bld_002267,2,2,100.0,-1.5663396120071411,-2.245051860809326,-0.6787122488021851,-0.6787122488021851,1.3698145151138306,-11.396180152893066,-13.634637832641602,-2.238457202911377,-2.238457202911377,3.0488810539245605
"{'osm_id': 355724092, 'osm_type': 'yes'}",chennai_bld_002268,4,4,100.0,-5.645557880401611,-7.126638412475586,-1.4810802936553955,-2.8162641525268555,2.470944082107805,-12.355791091918945,-9.726295471191406,2.6294970512390137,1.6009678840637207,2.718712811594558
"{'osm_id': 355724094, 'osm_type': 'yes'}",chennai_bld_002269,2,2,100.0,6.774066925048828,8.350631713867188,1.5765652656555176,1.5765652656555176,1.6598353385925293,-16.657812118530273,-13.702264785766602,2.95554780960083,2.95554780960083,1.8483643531799316
"{'osm_id': 355724098, 'osm_type': 'yes'}",chennai_bld_002270,3,3,100.0,-4.916883150736491,-8.09489631652832,-3.1780131657918296,-1.9980863332748413,3.4218567402982574,-14.39245351155599,-12.805583953857422,1.5868701934814453,1.2923774719238281,2.7232028445155536
"{'osm_id': 355724113, 'osm_type': 'yes'}",chennai_bld_002271,4,4,100.0,-5.834551811218262,-4.444131851196289,1.3904197216033936,1.9510265588760376,3.5054644487296356,-13.03353500366211,-10.822919845581055,2.2106149196624756,3.471822500228882,3.0614486473569036
"{'osm_id': 355724120, 'osm_type': 'yes'}",chennai_bld_002272,3,3,100.0,-3.4603474934895835,-1.4048492113749187,2.0554981231689453,2.510373830795288,1.7353226561178345,-8.286566416422525,-9.546437581380209,-1.259871482849121,-1.3497796058654785,0.9647011218191074
"{'osm_id': 355724126, 'osm_type': 'yes'}",chennai_bld_002273,2,2,100.0,-2.0306801795959473,-5.085534572601318,-3.054854393005371,-3.054854393005371,0.1961669921875,-9.792593002319336,-11.867936134338379,-2.075343608856201,-2.075343608856201,0.6512017250061035
"{'osm_id': 355724128, 'osm_type': 'yes'}",chennai_bld_002274,3,3,100.0,-3.5567604700724282,-4.660664876302083,-1.103904406229655,-0.2664215564727783,1.4389901646668455,-10.091695149739584,-10.709208170572916,-0.6175139745076498,-1.1914386749267578,1.9313718947568652
"{'osm_id': 355724130, 'osm_type': 'yes'}",chennai_bld_002275,2,2,100.0,-0.44049501419067383,-0.8760753273963928,-0.4355802834033966,-0.4355802834033966,0.4048733375966549,-7.701539039611816,-6.562628746032715,1.1389102935791016,1.1389102935791016,1.138455867767334
"{'osm_id': 355724134, 'osm_type': 'yes'}",chennai_bld_002276,4,4,100.0,-0.045062605291604996,-3.888493537902832,-3.843430995941162,-3.0168871879577637,1.9642698118885877,-11.00247573852539,-11.435194969177246,-0.43271970748901367,-1.5763299465179443,2.6358868595523504
"{'osm_id': 355724137, 'osm_type': 'yes'}",chennai_bld_002277,4,4,100.0,-7.186209678649902,-6.855299949645996,0.33090949058532715,0.49555397033691406,0.8804373269081914,-14.670969009399414,-11.720132827758789,2.950835943222046,3.4013051986694336,2.2073765439526776
"{'osm_id': 355724145, 'osm_type': 'yes'}",chennai_bld_002278,4,4,100.0,-0.8930197954177856,-0.5077080726623535,0.38531172275543213,0.38199639320373535,1.3483781500582728,-7.315082550048828,-9.015899658203125,-1.7008178234100342,-1.6512346267700195,0.2308819621632736
"{'osm_id': 355724154, 'osm_type': 'yes'}",chennai_bld_002279,1,1,100.0,-3.055896520614624,-7.250921249389648,-4.195024490356445,-4.195024490356445,0.0,-11.079787254333496,-20.59792709350586,-9.518139839172363,-9.518139839172363,0.0
"{'osm_id': 355724157, 'osm_type': 'yes'}",chennai_bld_002280,4,4,100.0,-3.0148472785949707,-0.831010639667511,2.1838366985321045,2.3081860542297363,1.204692771043184,-10.72142505645752,-12.714637756347656,-1.9932122230529785,-2.2393388748168945,1.0506397350731975
"{'osm_id': 355724163, 'osm_type': 'yes'}",chennai_bld_002281,3,3,100.0,-3.1440836588541665,-6.496156056722005,-3.3520723978678384,-3.251021385192871,0.672127188915229,-9.486494700113932,-12.721694946289062,-3.235200564066569,-2.7265453338623047,1.9008807341287752
"{'osm_id': 355724166, 'osm_type': 'yes'}",chennai_bld_002282,2,2,100.0,-3.7554731369018555,-5.278119087219238,-1.5226458311080933,-1.5226458311080933,1.606239676475525,-9.241727828979492,-11.159036636352539,-1.9173097610473633,-1.9173097610473633,0.7258710861206055
"{'osm_id': 355724168, 'osm_type': 'yes'}",chennai_bld_002283,4,4,100.0,-2.5859241485595703,-4.945187568664551,-2.3592636585235596,-3.054854393005371,1.9425108969791203,-9.887104034423828,-12.822598457336426,-2.9354946613311768,-2.271134853363037,1.7064395490490756
"{'osm_id': 355724171, 'osm_type': 'yes'}",chennai_bld_002284,3,3,100.0,-3.41835085550944,-3.8880993525187173,-0.46974873542785645,-0.8404536247253418,2.296926441814045,-8.916563669840494,-9.665342966715494,-0.7487794558207194,0.0004544258117675781,1.164787769954834
"{'osm_id': 355724178, 'osm_type': 'yes'}",chennai_bld_002285,2,2,100.0,0.554503321647644,-2.875032424926758,-3.4295358657836914,-3.4295358657836914,1.2771530151367188,-15.114355087280273,-13.594133377075195,1.5202217102050781,1.5202217102050781,2.5491504669189453
"{'osm_id': 355724180, 'osm_type': 'yes'}",chennai_bld_002286,2,2,100.0,-2.881531238555908,-2.6837382316589355,0.19779300689697266,0.19779300689697266,3.852351665496826,-13.786788940429688,-17.284029006958008,-3.497239589691162,-3.497239589691162,2.9695420265197754
"{'osm_id': 355724186, 'osm_type': 'yes'}",chennai_bld_002287,4,4,100.0,-3.188300132751465,-6.438569068908691,-3.2502689361572266,-3.6991796493530273,1.5227694850452842,-10.039360046386719,-12.707049369812012,-2.667689561843872,-2.7660326957702637,0.8171573674201551
"{'osm_id': 355724188, 'osm_type': 'yes'}",chennai_bld_002288,1,1,100.0,-0.9113022089004517,-5.259304046630859,-4.348001956939697,-4.348001956939697,0.0,-8.907538414001465,-8.050691604614258,0.856846809387207,0.856846809387207,0.0
"{'osm_id': 355724191, 'osm_type': 'yes'}",chennai_bld_002289,2,2,100.0,2.3074593544006348,1.802296757698059,-0.5051625967025757,-0.5051625967025757,1.029382318258286,-13.531075477600098,-14.37706184387207,-0.8459863662719727,-0.8459863662719727,2.4174728393554688
"{'osm_id': 355724196, 'osm_type': 'yes'}",chennai_bld_002290,2,2,100.0,4.709845066070557,3.09226131439209,-1.6175833940505981,-1.6175833940505981,4.295148253440857,-15.983372688293457,-14.444239616394043,1.539133071899414,1.539133071899414,0.35394287109375
"{'osm_id': 355724206, 'osm_type': 'yes'}",chennai_bld_002291,2,2,100.0,-1.185532569885254,-2.6533620357513428,-1.4678294658660889,-1.4678294658660889,0.8012011349201208,-11.23900032043457,-11.552694320678711,-0.31369495391845703,-0.31369495391845703,0.8108711242675781
"{'osm_id': 355724213, 'osm_type': 'yes'}",chennai_bld_002292,6,6,100.0,0.773362954457601,-0.16349458694458008,-0.9368576208750407,0.13694798946380615,3.6110633428298424,-9.698088963826498,-9.210692723592123,0.4873963991800944,1.6239588260650635,2.717639882683457
"{'osm_id': 355724221, 'osm_type': 'yes'}",chennai_bld_002293,3,3,100.0,-2.6124938329060874,-1.2779096762339275,1.3345840771993,0.4080568552017212,1.803771494927203,-9.223985036214193,-8.803027470906576,0.420957088470459,-0.4406147003173828,1.897969295345972
"{'osm_id': 355724226, 'osm_type': 'yes'}",chennai_bld_002294,4,4,100.0,-0.3360723853111267,-1.959938645362854,-1.623866319656372,-2.235198736190796,1.73761543310311,-10.913475036621094,-9.466785430908203,1.4466902017593384,1.650139570236206,4.320673822108994
"{'osm_id': 355724229, 'osm_type': 'yes'}",chennai_bld_002295,3,3,100.0,-4.3899030685424805,-6.9360809326171875,-2.546177546183268,-3.251021385192871,2.090063575686409,-10.923235575358072,-12.191307067871094,-1.2680708567301433,-2.6977968215942383,2.042299841534854
"{'osm_id': 355724234, 'osm_type': 'yes'}",chennai_bld_002296,4,4,100.0,-3.7414298057556152,-4.503262519836426,-0.7618325352668762,-0.09141385555267334,2.3388051189859578,-10.295397758483887,-9.716443061828613,0.5789551734924316,0.5967841148376465,1.5797400944273137
"{'osm_id': 355724237, 'osm_type': 'yes'}",chennai_bld_002297,4,4,100.0,-1.4737164974212646,-0.7805675268173218,0.6931489109992981,1.1885048151016235,2.8139103997956254,-14.957202911376953,-17.178062438964844,-2.220857858657837,-1.3148093223571777,2.5899960728975757
"{'osm_id': 355724240, 'osm_type': 'yes'}",chennai_bld_002298,2,2,100.0,5.379814624786377,5.602930068969727,0.2231154441833496,0.2231154441833496,1.097456932067871,-12.880414962768555,-11.430669784545898,1.4497456550598145,1.4497456550598145,0.7493128776550293
"{'osm_id': 355724244, 'osm_type': 'yes'}",chennai_bld_002299,2,2,100.0,-5.584092140197754,-8.38545036315918,-2.801358699798584,-2.801358699798584,1.8783464431762695,-10.634000778198242,-13.400033950805664,-2.7660326957702637,-2.7660326957702637,0.06823587417602539
"{'osm_id': 355724245, 'osm_type': 'yes'}",chennai_bld_002300,2,2,100.0,6.174976348876953,-0.613572359085083,-6.788548469543457,-6.788548469543457,0.3375225067138672,-13.825233459472656,-13.572433471679688,0.25279903411865234,0.25279903411865234,2.5618391036987305
"{'osm_id': 355724255, 'osm_type': 'yes'}",chennai_bld_002301,3,3,100.0,-0.9911275704701742,-1.1401363213857014,-0.1490087111790975,-0.5929384231567383,1.2470132204833762,-10.614365895589193,-8.104628245035807,2.509737173716227,2.0706701278686523,1.0654942981257307
"{'osm_id': 355724257, 'osm_type': 'yes'}",chennai_bld_002302,4,4,100.0,-7.002969264984131,-9.508835792541504,-2.505866527557373,-2.477710008621216,1.8973697566670658,-10.123224258422852,-9.66086483001709,0.4623594284057617,0.13483619689941406,2.516620824201862
"{'osm_id': 355724261, 'osm_type': 'yes'}",chennai_bld_002303,3,3,100.0,4.914458592732747,4.107511520385742,-0.8069469928741455,-1.1202359199523926,2.352504438135325,-14.527905782063803,-14.8408571879069,-0.31295108795166016,0.3009929656982422,1.7375570936430473
"{'osm_id': 355724263, 'osm_type': 'yes'}",chennai_bld_002304,4,4,100.0,0.24286603927612305,-4.667285919189453,-4.910151958465576,-4.705025672912598,2.926272294871764,-10.795332908630371,-13.764942169189453,-2.9696109294891357,-3.9692482948303223,3.9846443579941395
"{'osm_id': 355724266, 'osm_type': 'yes'}",chennai_bld_002305,3,3,100.0,-3.642765680948893,-2.1680057843526206,1.4747600555419922,0.4080568552017212,1.686926907603422,-11.117654164632162,-8.916717529296875,2.2009366353352866,3.0532655715942383,1.9066178492262968
"{'osm_id': 355724273, 'osm_type': 'yes'}",chennai_bld_002306,1,1,100.0,0.003333350643515587,-1.729793667793274,-1.7331269979476929,-1.7331269979476929,0.0,-10.235901832580566,-13.812067031860352,-3.576165199279785,-3.576165199279785,0.0
"{'osm_id': 355724277, 'osm_type': 'yes'}",chennai_bld_002307,3,3,100.0,-2.9972852071126304,-6.593756357828776,-3.596471150716146,-3.251021385192871,0.7825292931894592,-9.76688003540039,-12.049708048502604,-2.2828280131022134,-2.6977968215942383,0.6072962048659576
"{'osm_id': 355724281, 'osm_type': 'yes'}",chennai_bld_002308,3,3,100.0,-5.542709986368815,-6.363339742024739,-0.8206297556559244,-0.5804347991943359,3.969594084919326,-9.286696116129557,-10.135796229044596,-0.8490999539693197,-0.5491218566894531,0.8144865212017104
"{'osm_id': 355724286, 'osm_type': 'yes'}",chennai_bld_002309,2,2,100.0,-1.8858591318130493,0.6651997566223145,2.551058769226074,2.551058769226074,1.3963855504989675,-16.004451751708984,-16.117321014404297,-0.1128692626953125,-0.1128692626953125,0.8626251220703125
"{'osm_id': 355724292, 'osm_type': 'yes'}",chennai_bld_002310,4,4,100.0,1.1710214614868164,-0.10386037826538086,-1.2748818397521973,-2.583064079284668,3.1810738059879573,-12.290168762207031,-13.751272201538086,-1.4611029624938965,-1.5133442878723145,1.4922784939348595
"{'osm_id': 355724294, 'osm_type': 'yes'}",chennai_bld_002311,1,1,100.0,-6.557624340057373,-7.231258392333984,-0.6736340522766113,-0.6736340522766113,0.0,-8.326573371887207,-10.249161720275879,-1.9225883483886719,-1.9225883483886719,0.0
"{'osm_id': 355724297, 'osm_type': 'yes'}",chennai_bld_002312,2,2,100.0,-1.4234697818756104,-0.16957837343215942,1.2538913488388062,1.2538913488388062,1.445628002285958,-9.700895309448242,-10.573038101196289,-0.8721418380737305,-0.8721418380737305,0.1686849594116211
"{'osm_id': 355724303, 'osm_type': 'yes'}",chennai_bld_002313,2,2,100.0,-8.19072151184082,-8.56279182434082,-0.3720705509185791,-0.3720705509185791,0.6685106754302979,-14.605188369750977,-12.108696937561035,2.4964914321899414,2.4964914321899414,2.5630884170532227
"{'osm_id': 355724305, 'osm_type': 'yes'}",chennai_bld_002314,1,1,100.0,-5.316858768463135,-5.897293567657471,-0.5804347991943359,-0.5804347991943359,0.0,-10.76955795288086,-11.318679809570312,-0.5491218566894531,-0.5491218566894531,0.0
"{'osm_id': 355724309, 'osm_type': 'yes'}",chennai_bld_002315,6,6,100.0,-0.2216008504231771,-2.9253317515055337,-2.703730901082357,-2.1217687129974365,1.513827038702943,-12.463740030924479,-12.127187093098959,0.33655277887980145,0.7114067077636719,1.7459939232638542
"{'osm_id': 355724313, 'osm_type': 'yes'}",chennai_bld_002316,3,3,100.0,-4.034722963968913,-4.942025502522786,-0.9073026974995931,-0.8404536247253418,3.9662406368924588,-7.960534413655599,-8.626442591349283,-0.6659078598022461,-0.03597307205200195,0.9167410821163224
"{'osm_id': 355724317, 'osm_type': 'yes'}",chennai_bld_002317,4,4,100.0,-0.3415824770927429,1.2335774898529053,1.575160026550293,1.91611909866333,2.0216325124026846,-15.765629768371582,-14.979146957397461,0.7864828109741211,0.967473030090332,1.1428988374980928
"{'osm_id': 355724319, 'osm_type': 'yes'}",chennai_bld_002318,2,2,100.0,-0.37935376167297363,-4.271223545074463,-3.89186954498291,-3.89186954498291,0.8833293914794922,-15.396562576293945,-14.10083293914795,1.2957301139831543,1.2957301139831543,2.5846543312072754
"{'osm_id': 355724321, 'osm_type': 'yes'}",chennai_bld_002319,2,2,100.0,-3.8268918991088867,-3.566758632659912,0.26013314723968506,0.26013314723968506,2.250240683555603,-10.052922248840332,-14.50735092163086,-4.454428672790527,-4.454428672790527,2.0605669021606445
"{'osm_id': 355724322, 'osm_type': 'yes'}",chennai_bld_002320,1,1,100.0,-3.707033157348633,-6.833889484405518,-3.1268563270568848,-3.1268563270568848,0.0,-13.969278335571289,-15.518937110900879,-1.5496587753295898,-1.5496587753295898,0.0
"{'osm_id': 355724324, 'osm_type': 'yes'}",chennai_bld_002321,4,4,100.0,-2.4006247520446777,-4.041266918182373,-1.6406421661376953,-1.726347804069519,1.249555052344264,-8.864908218383789,-8.004267692565918,0.8606405258178711,0.5823707580566406,0.9056592986423863
"{'osm_id': 355724330, 'osm_type': 'yes'}",chennai_bld_002322,3,3,100.0,-5.832564036051433,-6.746639251708984,-0.9140758514404297,-1.040581226348877,0.9409979211176085,-12.867535909016928,-11.733657836914062,1.1338787078857422,-0.06659698486328125,2.844827181973102
"{'osm_id': 355724331, 'osm_type': 'yes'}",chennai_bld_002323,2,2,100.0,-3.454813003540039,-1.6267526149749756,1.8280603885650635,1.8280603885650635,2.0885002315044403,-7.45241641998291,-8.145292282104492,-0.6928763389587402,-0.6928763389587402,0.6569032669067383
"{'osm_id': 355724334, 'osm_type': 'yes'}",chennai_bld_002324,2,2,100.0,-3.309457302093506,-6.2619524002075195,-2.952495574951172,-2.952495574951172,1.1097289323806827,-8.037983894348145,-10.403244018554688,-2.365259885787964,-2.365259885787964,0.48966145515441895
"{'osm_id': 355724336, 'osm_type': 'yes'}",chennai_bld_002325,2,2,100.0,-2.1321568489074707,-1.297196865081787,0.8349601030349731,0.8349601030349731,1.675413727760315,-8.372970581054688,-9.569673538208008,-1.1967036724090576,-1.1967036724090576,1.1971580982208252
"{'osm_id': 355724338, 'osm_type': 'yes'}",chennai_bld_002326,4,4,100.0,-0.5038797855377197,-2.548039674758911,-2.0441598892211914,-2.6396195888519287,2.4042704321885124,-13.791059494018555,-14.26841926574707,-0.47736024856567383,-1.2892937660217285,2.7690237355927643
"{'osm_id': 355724342, 'osm_type': 'yes'}",chennai_bld_002327,2,2,100.0,-2.415349245071411,-4.846652030944824,-2.431302547454834,-2.431302547454834,2.1648811101913483,-9.393342018127441,-8.796558380126953,0.5967841148376465,0.5967841148376465,1.3852934837341309
"{'osm_id': 355724344, 'osm_type': 'yes'}",chennai_bld_002328,2,2,100.0,-6.930360794067383,-7.046817302703857,-0.11645627021789551,-0.11645627021789551,2.90382981300354,-14.683305740356445,-10.006683349609375,4.676623344421387,4.676623344421387,2.4923601150512695
"{'osm_id': 355724345, 'osm_type': 'yes'}",chennai_bld_002329,1,1,100.0,0.8779143691062927,-3.029618740081787,-3.9075331687927246,-3.9075331687927246,0.0,-8.759137153625488,-14.61734390258789,-5.858206748962402,-5.858206748962402,0.0
"{'osm_id': 355724348, 'osm_type': 'yes'}",chennai_bld_002330,2,2,100.0,-1.5344769954681396,-3.4549033641815186,-1.920426368713379,-1.920426368713379,0.0776599049568405,-8.38625431060791,-10.11972713470459,-1.7334725856781006,-1.7334725856781006,0.14212584495544434
"{'osm_id': 355724350, 'osm_type': 'yes'}",chennai_bld_002331,2,2,100.0,-3.8245468139648438,-3.760281562805176,0.06426501274108887,0.06426501274108887,0.22328925132751465,-10.547296524047852,-12.015626907348633,-1.4683303833007812,-1.4683303833007812,0.2506685256958008
"{'osm_id': 355724351, 'osm_type': 'yes'}",chennai_bld_002332,6,6,100.0,-5.434293111165364,-7.825425465901692,-2.391132354736328,-2.288607597351074,1.638344019205899,-10.141017278035482,-13.03033701578776,-2.889319737752279,-2.2532057762145996,2.559747477759609
"{'osm_id': 355724352, 'osm_type': 'yes'}",chennai_bld_002333,4,4,100.0,-3.5324652194976807,-5.770035743713379,-2.2375707626342773,-2.485826015472412,1.5546284405252073,-8.639856338500977,-10.781140327453613,-2.141284942626953,-2.259389638900757,0.6584021686847025
"{'osm_id': 355724353, 'osm_type': 'yes'}",chennai_bld_002334,3,3,100.0,-4.0803836186726885,-7.907026926676433,-3.826643625895182,-4.287131309509277,0.6991171160290287,-13.010979970296225,-14.531377156575521,-1.5203959147135417,-0.35577392578125,4.335956205149668
"{'osm_id': 355724356, 'osm_type': 'yes'}",chennai_bld_002335,2,2,100.0,-5.842823505401611,-10.457100868225098,-4.614277362823486,-4.614277362823486,0.06542778015136719,-9.715568542480469,-11.590015411376953,-1.8744463920593262,-1.8744463920593262,0.8233504295349121
"{'osm_id': 355724357, 'osm_type': 'yes'}",chennai_bld_002336,1,1,100.0,-5.067619800567627,-3.3359386920928955,1.7316811084747314,1.7316811084747314,0.0,-12.818655967712402,-10.504964828491211,2.3136911392211914,2.3136911392211914,0.0
"{'osm_id': 355724358, 'osm_type': 'yes'}",chennai_bld_002337,1,1,100.0,-0.7257330417633057,-3.5844204425811768,-2.858687400817871,-2.858687400817871,0.0,-9.079345703125,-10.503487586975098,-1.4241418838500977,-1.4241418838500977,0.0
"{'osm_id': 355724359, 'osm_type': 'yes'}",chennai_bld_002338,3,3,100.0,-7.232421875,-7.589963912963867,-0.3575421969095866,0.9660005569458008,2.874484350019821,-10.324455897013346,-11.16622797648112,-0.8417720794677734,-1.2488718032836914,1.2542006841502842
"{'osm_id': 355724360, 'osm_type': 'yes'}",chennai_bld_002339,4,4,100.0,-5.505280494689941,-7.191946983337402,-1.686666488647461,-0.8508231043815613,3.931179551267746,-14.658045768737793,-11.675647735595703,2.982398509979248,3.175978660583496,3.3770361481223112
"{'osm_id': 355724362, 'osm_type': 'yes'}",chennai_bld_002340,2,2,100.0,-1.3691977262496948,-0.05845165252685547,1.3107460737228394,1.3107460737228394,1.9773744046688082,-9.800111770629883,-11.319911003112793,-1.5197997093200684,-1.5197997093200684,0.3952336311340332
"{'osm_id': 355724364, 'osm_type': 'yes'}",chennai_bld_002341,4,4,100.0,-0.9502090811729431,-0.7946503162384033,0.15555864572525024,1.1448103189468384,2.397890352938988,-10.406469345092773,-11.743361473083496,-1.3368918895721436,-1.8769688606262207,3.621967103267376
"{'osm_id': 355724367, 'osm_type': 'yes'}",chennai_bld_002342,1,1,100.0,-4.492482662200928,-6.001007556915283,-1.5085248947143555,-1.5085248947143555,0.0,-15.920328140258789,-10.281272888183594,5.639055252075195,5.639055252075195,0.0
"{'osm_id': 355724368, 'osm_type': 'yes'}",chennai_bld_002343,4,4,100.0,-3.894892692565918,-2.5692877769470215,1.3256049156188965,1.3234119415283203,2.832066348433092,-13.853291511535645,-10.714519500732422,3.138772964477539,2.994760513305664,3.8678498684479323
"{'osm_id': 355724374, 'osm_type': 'yes'}",chennai_bld_002344,2,2,100.0,0.9637559056282043,-2.776977777481079,-3.7407336235046387,-3.7407336235046387,2.0909127593040475,-12.08283805847168,-12.5247802734375,-0.4419426918029785,-0.4419426918029785,0.754875659942627
"{'osm_id': 355724375, 'osm_type': 'yes'}",chennai_bld_002345,2,2,100.0,-2.814441680908203,-3.7968993186950684,-0.9824578762054443,-0.9824578762054443,1.8762295246124268,-9.87083625793457,-11.490769386291504,-1.6199331283569336,-1.6199331283569336,0.19579124450683594
"{'osm_id': 355724376, 'osm_type': 'yes'}",chennai_bld_002346,3,3,100.0,-3.2488269805908203,-6.124763488769531,-2.875936190287272,-4.596183776855469,3.2927339911302482,-9.531266530354818,-9.122727076212565,0.4085397720336914,-0.2995624542236328,1.3618537783145261
"{'osm_id': 355724380, 'osm_type': 'yes'}",chennai_bld_002347,2,2,100.0,-1.185532569885254,-2.6533620357513428,-1.4678294658660889,-1.4678294658660889,0.8012011349201208,-11.23900032043457,-11.552694320678711,-0.31369495391845703,-0.31369495391845703,0.8108711242675781
"{'osm_id': 355724381, 'osm_type': 'yes'}",chennai_bld_002348,3,3,100.0,-2.171837329864502,-6.197858810424805,-4.026021321614583,-4.539671897888184,0.8274071821976956,-9.534964879353842,-12.147127787272135,-2.612163225809733,-2.6977968215942383,0.9370141522580543
"{'osm_id': 355724383, 'osm_type': 'yes'}",chennai_bld_002349,2,2,100.0,-3.105910301208496,-4.507731914520264,-1.4018217325210571,-1.4018217325210571,0.760525107383728,-13.616743087768555,-10.62198257446289,2.994760513305664,2.994760513305664,1.6916637420654297
"{'osm_id': 355724385, 'osm_type': 'yes'}",chennai_bld_002350,4,4,100.0,-6.922985076904297,-9.491196632385254,-2.568211078643799,-2.6023991107940674,1.839351263522671,-10.929717063903809,-10.695277214050293,0.23443937301635742,0.05761241912841797,2.7525220955567704
"{'osm_id': 355724386, 'osm_type': 'yes'}",chennai_bld_002351,2,2,100.0,5.142956733703613,3.4079837799072266,-1.734972596168518,-1.734972596168518,1.6914175748825073,-14.589802742004395,-12.598402976989746,1.9913997650146484,1.9913997650146484,0.6485042572021484
"{'osm_id': 355724387, 'osm_type': 'yes'}",chennai_bld_002352,2,2,100.0,-2.848478317260742,-2.2855913639068604,0.5628868341445923,0.5628868341445923,2.7252336740493774,-10.113004684448242,-10.418972969055176,-0.3059682846069336,-0.3059682846069336,1.609065055847168
"{'osm_id': 355724388, 'osm_type': 'yes'}",chennai_bld_002353,4,4,100.0,7.40530252456665,4.866415023803711,-2.5388875007629395,-2.642148733139038,1.1224860725308352,-13.696981430053711,-14.461752891540527,-0.7647709846496582,-0.9096188545227051,1.8444388207445148
"{'osm_id': 355724390, 'osm_type': 'yes'}",chennai_bld_002354,2,2,100.0,-1.818744421005249,-4.137207984924316,-2.3184635639190674,-2.3184635639190674,1.2536160945892334,-12.722498893737793,-11.268702507019043,1.45379638671875,1.45379638671875,1.6936578750610352
"{'osm_id': 355724393, 'osm_type': 'yes'}",chennai_bld_002355,2,2,100.0,-0.08132194727659225,-0.3914859890937805,-0.31016403436660767,-0.31016403436660767,0.3564642630517483,-8.816597938537598,-10.272258758544922,-1.4556605815887451,-1.4556605815887451,0.33109450340270996
"{'osm_id': 355724404, 'osm_type': 'yes'}",chennai_bld_002356,4,4,100.0,-2.313311815261841,-2.14634108543396,0.16697083413600922,0.07380852103233337,1.611313674612962,-9.099771499633789,-11.77458381652832,-2.6748127937316895,-1.8718206882476807,2.32235286617471
"{'osm_id': 355724410, 'osm_type': 'yes'}",chennai_bld_002357,2,2,100.0,-1.8858591318130493,0.6651997566223145,2.551058769226074,2.551058769226074,1.3963855504989675,-16.004451751708984,-16.117321014404297,-0.1128692626953125,-0.1128692626953125,0.8626251220703125
"{'osm_id': 355724413, 'osm_type': 'yes'}",chennai_bld_002358,4,4,100.0,-6.541706562042236,-10.150044441223145,-3.6083383560180664,-4.415317535400391,1.5569919798886145,-9.739266395568848,-11.904315948486328,-2.1650493144989014,-2.387416362762451,0.7036179270372702
"{'osm_id': 355724416, 'osm_type': 'yes'}",chennai_bld_002359,2,2,100.0,-6.022076606750488,-5.859724521636963,0.16235196590423584,0.16235196590423584,0.8036485910415649,-13.253724098205566,-11.977157592773438,1.276566505432129,1.276566505432129,3.409857749938965
"{'osm_id': 355724418, 'osm_type': 'yes'}",chennai_bld_002360,6,6,100.0,0.6431504885355631,-0.4840187231699626,-1.127169132232666,-2.163982391357422,3.266089418402558,-12.121016184488932,-14.22161865234375,-2.100602467854818,-0.9573793411254883,3.269047419116462
"{'osm_id': 355724429, 'osm_type': 'yes'}",chennai_bld_002361,2,2,100.0,6.5902557373046875,5.345963001251221,-1.2442924976348877,-1.2442924976348877,0.3097536563873291,-13.787006378173828,-12.186826705932617,1.600179672241211,1.600179672241211,2.184157371520996
"{'osm_id': 355724435, 'osm_type': 'yes'}",chennai_bld_002362,2,2,100.0,-5.777438163757324,-4.139587879180908,1.637850284576416,1.637850284576416,2.218285083770752,-11.074134826660156,-9.822063446044922,1.2520718574523926,1.2520718574523926,1.8011937141418457
"{'osm_id': 355724438, 'osm_type': 'yes'}",chennai_bld_002363,5,5,100.0,-0.47602028846740724,-4.374169540405274,-3.898149108886719,-4.531332015991211,1.4880911621632364,-14.091639709472656,-14.979666137695313,-0.8880264282226562,-1.4879388809204102,1.7859981267731724
"{'osm_id': 355724454, 'osm_type': 'yes'}",chennai_bld_002364,2,2,100.0,-2.1981256008148193,-4.683951377868652,-2.485826015472412,-2.485826015472412,0.643059492111206,-8.143739700317383,-10.403129577636719,-2.259389638900757,-2.259389638900757,0.3837912082672119
"{'osm_id': 355724459, 'osm_type': 'yes'}",chennai_bld_002365,1,1,100.0,-5.869991779327393,-5.175323963165283,0.6946678161621094,0.6946678161621094,0.0,-15.942155838012695,-10.874825477600098,5.067330360412598,5.067330360412598,0.0
"{'osm_id': 355724482, 'osm_type': 'yes'}",chennai_bld_002366,2,2,100.0,-1.1809563636779785,-2.579139232635498,-1.39818274974823,-1.39818274974823,0.6503440141677856,-9.48903751373291,-15.229011535644531,-5.739974021911621,-5.739974021911621,0.4526357650756836
"{'osm_id': 355724491, 'osm_type': 'yes'}",chennai_bld_002367,2,2,100.0,-4.14301061630249,-5.584684371948242,-1.4416738748550415,-1.4416738748550415,0.40109264850616455,-10.273689270019531,-11.244787216186523,-0.9710977077484131,-0.9710977077484131,0.9045007228851318
"{'osm_id': 355724493, 'osm_type': 'yes'}",chennai_bld_002368,2,2,100.0,-3.309457302093506,-6.2619524002075195,-2.952495574951172,-2.952495574951172,1.1097289323806827,-8.037983894348145,-10.403244018554688,-2.365259885787964,-2.365259885787964,0.48966145515441895
"{'osm_id': 355724504, 'osm_type': 'yes'}",chennai_bld_002369,2,2,100.0,-4.113368034362793,-4.204782009124756,-0.09141385555267334,-0.09141385555267334,0.17500770092010498,-10.683940887451172,-10.28862190246582,0.39531946182250977,0.39531946182250977,1.5867581367492676
"{'osm_id': 355724505, 'osm_type': 'yes'}",chennai_bld_002370,4,4,100.0,-6.4798407554626465,-6.188281059265137,0.2915598750114441,0.49555397033691406,1.9250760326734968,-14.37326431274414,-9.794872283935547,4.5783915519714355,5.063455104827881,2.2282554643771446
"{'osm_id': 355724513, 'osm_type': 'yes'}",chennai_bld_002371,1,1,100.0,0.8779143691062927,-3.029618740081787,-3.9075331687927246,-3.9075331687927246,0.0,-8.759137153625488,-14.61734390258789,-5.858206748962402,-5.858206748962402,0.0
"{'osm_id': 355724515, 'osm_type': 'yes'}",chennai_bld_002372,2,2,100.0,-1.5344769954681396,-3.4549033641815186,-1.920426368713379,-1.920426368713379,0.0776599049568405,-8.38625431060791,-10.11972713470459,-1.7334725856781006,-1.7334725856781006,0.14212584495544434
"{'osm_id': 355724517, 'osm_type': 'yes'}",chennai_bld_002373,2,2,100.0,0.5215870141983032,-1.8961381912231445,-2.417725086212158,-2.417725086212158,0.587375044822705,-9.949491500854492,-13.090302467346191,-3.1408114433288574,-3.1408114433288574,0.011218547821044922
"{'osm_id': 355724526, 'osm_type': 'yes'}",chennai_bld_002374,3,3,100.0,-3.903768539428711,-1.9580909411112468,1.9456774393717449,3.2881205081939697,3.044986276353823,-13.468437194824219,-11.114187876383463,2.3542490005493164,0.4971761703491211,4.442511260072192
"{'osm_id': 355870317, 'osm_type': 'yes'}",chennai_bld_002375,3,3,100.0,-0.22870794932047525,-3.3281386693318686,-3.099430720011393,-0.47592830657958984,4.018987434184544,-9.72073491414388,-12.181592305501303,-2.4608569145202637,-2.5497379302978516,3.6452221540292062
"{'osm_id': 355870322, 'osm_type': 'yes'}",chennai_bld_002376,13,13,100.0,0.19055450879610503,0.902706659757174,0.7121522610004132,1.1678903102874756,2.7658969056754583,-12.651434091421274,-14.538651686448317,-1.8872167147122896,-1.9694204330444336,4.007569659277427
"{'osm_id': 355870342, 'osm_type': 'yes'}",chennai_bld_002377,2,2,100.0,-4.227598190307617,3.1597225666046143,7.387320518493652,7.387320518493652,2.1645867824554577,-14.155988693237305,-14.877517700195312,-0.7215290069580078,-0.7215290069580078,0.18604469299316406
"{'osm_id': 355870346, 'osm_type': 'yes'}",chennai_bld_002378,4,4,100.0,0.9819698333740234,1.6286852359771729,0.6467155814170837,0.19347798824310303,4.174152815148763,-11.785246849060059,-11.588869094848633,0.19637751579284668,1.0019450187683105,1.765741259275574
"{'osm_id': 355870351, 'osm_type': 'yes'}",chennai_bld_002379,3,3,100.0,1.731050173441569,-1.9881634712219238,-3.7192134857177734,-5.215870380401611,2.3679266561038688,-12.051292419433594,-14.435310363769531,-2.384016672770182,-2.1956729888916016,1.9293642661300554
"{'osm_id': 355870377, 'osm_type': 'yes'}",chennai_bld_002380,2,2,100.0,2.6803762912750244,2.0035457611083984,-0.6768302917480469,-0.6768302917480469,2.2821125984191895,-9.936575889587402,-9.708566665649414,0.22800970077514648,0.22800970077514648,0.31856298446655273
"{'osm_id': 355870379, 'osm_type': 'yes'}",chennai_bld_002381,2,2,100.0,-3.2655234336853027,-4.95820951461792,-1.6926860809326172,-1.6926860809326172,0.9747099876403809,-9.104971885681152,-9.840789794921875,-0.7358176708221436,-0.7358176708221436,0.20335698127746582
"{'osm_id': 355870397, 'osm_type': 'yes'}",chennai_bld_002382,4,4,100.0,-0.3065527677536011,-2.366861581802368,-2.0603086948394775,-2.168617010116577,1.6348005288884755,-10.197564125061035,-11.748334884643555,-1.5507707595825195,-1.6109533309936523,1.046063223464311
"{'osm_id': 355870407, 'osm_type': 'yes'}",chennai_bld_002383,1,1,100.0,-7.477505683898926,-9.649382591247559,-2.171876907348633,-2.171876907348633,0.0,-10.293661117553711,-12.470675468444824,-2.1770143508911133,-2.1770143508911133,0.0
"{'osm_id': 355870413, 'osm_type': 'yes'}",chennai_bld_002384,1,1,100.0,-4.028857231140137,5.523050308227539,9.551907539367676,9.551907539367676,0.0,-11.966639518737793,-12.874213218688965,-0.9075736999511719,-0.9075736999511719,0.0
"{'osm_id': 355870425, 'osm_type': 'yes'}",chennai_bld_002385,4,4,100.0,3.459066867828369,-0.7551981210708618,-4.214264869689941,-2.9816055297851562,4.107288980463589,-13.562920570373535,-15.495763778686523,-1.9328422546386719,-2.1901183128356934,2.6832489390589647
"{'osm_id': 355870431, 'osm_type': 'yes'}",chennai_bld_002386,4,4,100.0,4.412731170654297,1.5065125226974487,-2.906219005584717,-2.518582820892334,1.7993386586317108,-10.564264297485352,-11.583620071411133,-1.0193569660186768,-0.9531383514404297,2.717035940816804
"{'osm_id': 355870437, 'osm_type': 'yes'}",chennai_bld_002387,2,2,100.0,-3.1305203437805176,-5.189935684204102,-2.059415340423584,-2.059415340423584,1.7842551469802896,-11.079824447631836,-13.421793937683105,-2.3419699668884277,-2.3419699668884277,0.3552117347717285
"{'osm_id': 355870443, 'osm_type': 'yes'}",chennai_bld_002388,4,4,100.0,-1.0822851657867432,-3.708770275115967,-2.6264853477478027,-3.1725969314575195,3.77065429349813,-11.164674758911133,-13.635902404785156,-2.4712271690368652,-2.2494430541992188,3.154254841135074
"{'osm_id': 355870455, 'osm_type': 'yes'}",chennai_bld_002389,2,2,100.0,-1.5547374486923218,-3.9418869018554688,-2.3871493339538574,-2.3871493339538574,4.132934093475342,-7.841747760772705,-11.824885368347168,-3.983137607574463,-3.983137607574463,0.9310154914855957
"{'osm_id': 355870467, 'osm_type': 'yes'}",chennai_bld_002390,2,2,100.0,-0.5873196721076965,-3.759916305541992,-3.1725969314575195,-3.1725969314575195,0.48021900653840593,-12.64918327331543,-12.277120590209961,0.37206315994262695,0.37206315994262695,1.1257452964782715
"{'osm_id': 355870468, 'osm_type': 'yes'}",chennai_bld_002391,4,4,100.0,5.659614562988281,-0.22644805908203125,-5.8860626220703125,-6.788548469543457,2.8944027814045117,-14.495306015014648,-15.050163269042969,-0.5548567771911621,-1.2425718307495117,2.1535089643992342
"{'osm_id': 355870479, 'osm_type': 'yes'}",chennai_bld_002392,1,1,100.0,0.4716198146343231,1.1915881633758545,0.719968318939209,0.719968318939209,0.0,-10.602065086364746,-9.800442695617676,0.8016223907470703,0.8016223907470703,0.0
"{'osm_id': 355870481, 'osm_type': 'yes'}",chennai_bld_002393,6,6,100.0,3.9867575963338218,0.5103203455607096,-3.476437250773112,-1.8588535785675049,4.472020236945989,-13.53542455037435,-13.98160171508789,-0.44617700576782227,-0.4248342514038086,4.0362931607298425
"{'osm_id': 355870500, 'osm_type': 'yes'}",chennai_bld_002394,2,2,100.0,2.9966607093811035,1.4474326372146606,-1.5492279529571533,-1.5492279529571533,0.9280192255973835,-12.714189529418945,-14.387657165527344,-1.6734676361083984,-1.6734676361083984,0.9313850402832031
"{'osm_id': 355870510, 'osm_type': 'yes'}",chennai_bld_002395,2,2,100.0,-3.897467613220215,-6.027423858642578,-2.1299562454223633,-2.1299562454223633,0.5549124479293951,-8.30527114868164,-10.266938209533691,-1.9616670608520508,-1.9616670608520508,1.3416681289672852
"{'osm_id': 355870517, 'osm_type': 'yes'}",chennai_bld_002396,2,2,100.0,0.5399799346923828,-0.8783770799636841,-1.4183571338653564,-1.4183571338653564,0.32991427183151784,-9.374277114868164,-7.935122489929199,1.439155101776123,1.439155101776123,1.815868854522705
"{'osm_id': 355870519, 'osm_type': 'yes'}",chennai_bld_002397,2,2,100.0,2.816800594329834,6.84062385559082,4.023822784423828,4.023822784423828,5.416599988937383,-14.73945140838623,-14.676458358764648,0.06299257278442383,0.06299257278442383,2.144181728363037
"{'osm_id': 355870521, 'osm_type': 'yes'}",chennai_bld_002398,2,2,100.0,4.593063831329346,1.2844815254211426,-3.308582305908203,-3.308582305908203,2.098034262657169,-10.124906539916992,-8.662607192993164,1.4622998237609863,1.4622998237609863,1.0379910469055176
"{'osm_id': 355870532, 'osm_type': 'yes'}",chennai_bld_002399,1,1,100.0,-3.6942193508148193,-5.27854061126709,-1.5843212604522705,-1.5843212604522705,0.0,-11.544417381286621,-10.652477264404297,0.8919401168823242,0.8919401168823242,0.0
"{'osm_id': 355870541, 'osm_type': 'yes'}",chennai_bld_002400,2,2,100.0,0.5399799346923828,-0.8783770799636841,-1.4183571338653564,-1.4183571338653564,0.32991427183151784,-9.374277114868164,-7.935122489929199,1.439155101776123,1.439155101776123,1.815868854522705
"{'osm_id': 355870552, 'osm_type': 'yes'}",chennai_bld_002401,2,2,100.0,-2.61025071144104,-2.6000964641571045,0.010154187679290771,0.010154187679290771,0.9507822394371033,-10.0419282913208,-14.96240234375,-4.920474529266357,-4.920474529266357,0.21600008010864258
"{'osm_id': 355870559, 'osm_type': 'yes'}",chennai_bld_002402,2,2,100.0,0.3020362854003906,-1.6738033294677734,-1.975839614868164,-1.975839614868164,0.7708907127380371,-12.157630920410156,-12.25326156616211,-0.09563064575195312,-0.09563064575195312,1.4666175842285156
"{'osm_id': 355870569, 'osm_type': 'yes'}",chennai_bld_002403,4,4,100.0,-2.531733989715576,-3.8050289154052734,-1.2732950448989868,-0.721780002117157,1.8359090602365196,-12.11381721496582,-13.173601150512695,-1.059783697128296,-1.5987777709960938,1.080652993312883
"{'osm_id': 355870573, 'osm_type': 'yes'}",chennai_bld_002404,2,2,100.0,1.718449592590332,2.693371295928955,0.974921703338623,0.974921703338623,2.9858365058898926,-13.299406051635742,-15.310185432434082,-2.0107789039611816,-2.0107789039611816,2.3285889625549316
"{'osm_id': 355870575, 'osm_type': 'yes'}",chennai_bld_002405,4,4,100.0,8.159832000732422,6.834185600280762,-1.3256464004516602,-1.9110684394836426,4.063602148443784,-13.799718856811523,-15.284286499023438,-1.484567403793335,-0.7762389183044434,1.652065406436859
"{'osm_id': 355870586, 'osm_type': 'yes'}",chennai_bld_002406,4,4,100.0,5.390909194946289,5.169610977172852,-0.22129803895950317,-0.4283943176269531,1.8877308248668585,-8.294209480285645,-10.451034545898438,-2.156825065612793,-2.1156654357910156,0.6438871761189967
"{'osm_id': 355870597, 'osm_type': 'yes'}",chennai_bld_002407,2,2,100.0,-2.3243508338928223,-4.149160861968994,-1.8248100280761719,-1.8248100280761719,2.474851608276367,-10.735477447509766,-11.169525146484375,-0.43404674530029297,-0.43404674530029297,1.2359514236450195
"{'osm_id': 355870600, 'osm_type': 'yes'}",chennai_bld_002408,2,2,100.0,-4.478827953338623,-6.648049831390381,-2.169221878051758,-2.169221878051758,0.002655029296875,-9.79368782043457,-12.216484069824219,-2.4227962493896484,-2.4227962493896484,0.24578189849853516
"{'osm_id': 355870606, 'osm_type': 'yes'}",chennai_bld_002409,2,2,100.0,-1.954630970954895,-3.3735642433166504,-1.4189332723617554,-1.4189332723617554,0.47830522060394287,-10.131511688232422,-12.263153076171875,-2.131641387939453,-2.131641387939453,2.5728330612182617
"{'osm_id': 355870612, 'osm_type': 'yes'}",chennai_bld_002410,6,6,100.0,1.4025580088297527,0.7212251027425131,-0.6813329060872396,-1.255532145500183,1.8675786364334501,-10.261861165364584,-9.698403676350912,0.563457727432251,1.579139232635498,3.604254885190257
"{'osm_id': 355870618, 'osm_type': 'yes'}",chennai_bld_002411,2,2,100.0,-4.478827953338623,-6.648049831390381,-2.169221878051758,-2.169221878051758,0.002655029296875,-9.79368782043457,-12.216484069824219,-2.4227962493896484,-2.4227962493896484,0.24578189849853516
"{'osm_id': 355870623, 'osm_type': 'yes'}",chennai_bld_002412,2,2,100.0,3.5098342895507812,0.7212996482849121,-2.788534641265869,-2.788534641265869,0.027971267700195312,-10.04403305053711,-11.918394088745117,-1.8743619918823242,-1.8743619918823242,2.9068689346313477
"{'osm_id': 355870626, 'osm_type': 'yes'}",chennai_bld_002413,4,4,100.0,-1.5688364505767822,-0.8549401164054871,0.7138962745666504,0.2533232569694519,2.6511416371214316,-11.508893966674805,-13.650214195251465,-2.1413207054138184,-1.509162425994873,1.896603028597277
"{'osm_id': 355870627, 'osm_type': 'yes'}",chennai_bld_002414,4,4,100.0,-2.6449146270751953,-5.636955261230469,-2.9920408725738525,-2.9104299545288086,2.4476224401938667,-12.65292739868164,-15.858942031860352,-3.2060141563415527,-4.160595893859863,2.28741720910733
"{'osm_id': 355870630, 'osm_type': 'yes'}",chennai_bld_002415,4,4,100.0,0.6356992721557617,0.38259243965148926,-0.2531067728996277,-0.5011380910873413,1.6741240833332829,-10.142518997192383,-10.537750244140625,-0.3952319622039795,-0.34353208541870117,2.1351114560730573
"{'osm_id': 355870634, 'osm_type': 'yes'}",chennai_bld_002416,4,4,100.0,-1.8252350091934204,-5.076076030731201,-3.250840902328491,-4.283185958862305,2.2759889107574383,-11.79068374633789,-13.723613739013672,-1.9329297542572021,-2.422720432281494,1.7445059590395482
"{'osm_id': 355870635, 'osm_type': 'yes'}",chennai_bld_002417,4,4,100.0,0.06916511058807373,-0.5836546421051025,-0.6528197526931763,-1.4208130836486816,2.856253614256623,-13.615798950195312,-15.283063888549805,-1.667266607284546,-2.0107789039611816,3.1013038749838495
"{'osm_id': 355870637, 'osm_type': 'yes'}",chennai_bld_002418,6,6,100.0,-0.8093166351318359,-1.266208251317342,-0.45689161618550617,-0.8620302677154541,1.4292981759044094,-12.339107513427734,-12.00067138671875,0.33843620618184406,-0.814664363861084,2.5875783353673247
"{'osm_id': 355870638, 'osm_type': 'yes'}",chennai_bld_002419,4,4,100.0,2.3929150104522705,0.06919229030609131,-2.3237228393554688,-2.022063732147217,2.0319819922658056,-12.022409439086914,-11.768868446350098,0.2535407543182373,-1.1350455284118652,2.7582388793427137
"{'osm_id': 355870640, 'osm_type': 'yes'}",chennai_bld_002420,2,2,100.0,1.0587879419326782,3.2275969982147217,2.168808937072754,2.168808937072754,1.6576290130615234,-12.07640266418457,-15.044290542602539,-2.9678874015808105,-2.9678874015808105,1.643282413482666
"{'osm_id': 355870641, 'osm_type': 'yes'}",chennai_bld_002421,4,4,100.0,-0.6901788711547852,-1.0733516216278076,-0.38317281007766724,-0.5103585720062256,1.149804976172007,-13.417085647583008,-14.704259872436523,-1.2871747016906738,-1.0432305335998535,1.1531744323429245
"{'osm_id': 355870643, 'osm_type': 'yes'}",chennai_bld_002422,4,4,100.0,-4.6269025802612305,-5.388049125671387,-0.761146068572998,-0.7341203689575195,1.3291360700981414,-10.309608459472656,-10.0388765335083,0.2707325220108032,0.3330409526824951,1.0182928482773514
"{'osm_id': 355870647, 'osm_type': 'yes'}",chennai_bld_002423,2,2,100.0,0.08693063259124756,0.3993985056877136,0.3124678432941437,0.3124678432941437,0.4075004756450653,-10.95736312866211,-10.943109512329102,0.014252662658691406,0.014252662658691406,0.7873697280883789
"{'osm_id': 355870648, 'osm_type': 'yes'}",chennai_bld_002424,4,4,100.0,-2.162203550338745,-2.090402603149414,0.07180076837539673,-0.44252127408981323,2.456410950120113,-14.402433395385742,-13.479410171508789,0.9230239391326904,1.2363972663879395,1.4331149300937207
"{'osm_id': 355870650, 'osm_type': 'yes'}",chennai_bld_002425,4,4,100.0,-3.0857045650482178,-4.811704635620117,-1.7259999513626099,-1.7593138217926025,0.7731317123913646,-10.732621192932129,-11.593425750732422,-0.8608039617538452,-0.7358176708221436,0.46959663686052777
"{'osm_id': 355870651, 'osm_type': 'yes'}",chennai_bld_002426,2,2,100.0,2.8959736824035645,3.4494237899780273,0.5534501075744629,0.5534501075744629,1.641892910003662,-11.188777923583984,-10.007635116577148,1.1811437606811523,1.1811437606811523,2.073880195617676
"{'osm_id': 355870654, 'osm_type': 'yes'}",chennai_bld_002427,2,2,100.0,3.292433977127075,4.617294788360596,1.3248608112335205,1.3248608112335205,0.535346329212192,-14.172871589660645,-11.619414329528809,2.553457260131836,2.553457260131836,1.0959138870239258
"{'osm_id': 355870655, 'osm_type': 'yes'}",chennai_bld_002428,1,1,100.0,-4.4517059326171875,-5.392333984375,-0.9406280517578125,-0.9406280517578125,0.0,-10.923604011535645,-15.62807846069336,-4.704474449157715,-4.704474449157715,0.0
"{'osm_id': 355870657, 'osm_type': 'yes'}",chennai_bld_002429,4,4,100.0,-1.4429560899734497,-1.6577812433242798,-0.21482503414154053,-0.20281708240509033,1.9176077777747103,-13.696877479553223,-12.038044929504395,1.658832311630249,1.616396427154541,2.314559017291585
"{'osm_id': 355870658, 'osm_type': 'yes'}",chennai_bld_002430,4,4,100.0,3.047041893005371,1.332898736000061,-1.7141432762145996,-1.6675946712493896,3.041198133007169,-10.829330444335938,-10.906769752502441,-0.07743966579437256,0.7400717735290527,3.265454201243277
"{'osm_id': 355870664, 'osm_type': 'yes'}",chennai_bld_002431,4,4,100.0,5.547613143920898,5.661098480224609,0.11348545551300049,-0.4283943176269531,3.90717151755612,-8.823103904724121,-11.624062538146973,-2.8009583950042725,-2.1156654357910156,2.8500268128917514
"{'osm_id': 355870665, 'osm_type': 'yes'}",chennai_bld_002432,4,4,100.0,4.4429826736450195,6.629153251647949,2.186171054840088,1.7217750549316406,4.958456807133933,-13.031786918640137,-13.332119941711426,-0.30033206939697266,-1.5023536682128906,3.0336255728820234
"{'osm_id': 355870668, 'osm_type': 'yes'}",chennai_bld_002433,3,3,100.0,2.118907610575358,-0.2880830764770508,-2.4069906870524087,-1.252407193183899,1.6835057080245248,-12.960769653320312,-14.838676452636719,-1.8779080708821614,-1.652501106262207,2.1946842263570745
"{'osm_id': 355870671, 'osm_type': 'yes'}",chennai_bld_002434,4,4,100.0,4.9546308517456055,4.808793067932129,-0.14583826065063477,0.7767348289489746,2.9555347424789407,-13.679403305053711,-14.941650390625,-1.262247085571289,-1.50779390335083,1.0795319339422367
"{'osm_id': 355870675, 'osm_type': 'yes'}",chennai_bld_002435,3,3,100.0,3.057162284851074,0.1968081792195638,-2.860354423522949,-2.760563373565674,0.7799146922284951,-13.04162343343099,-13.793577829996744,-0.7519540786743164,-0.6630773544311523,3.2542138898502726
"{'osm_id': 355870676, 'osm_type': 'yes'}",chennai_bld_002436,4,4,100.0,3.803645372390747,4.879721164703369,1.076075553894043,1.8489296436309814,3.0746821520526764,-9.985414505004883,-11.426246643066406,-1.4408321380615234,-0.9515767097473145,2.0745954258399943
"{'osm_id': 355870683, 'osm_type': 'yes'}",chennai_bld_002437,4,4,100.0,-1.3052074909210205,-4.048574924468994,-2.7433674335479736,-2.2805612087249756,2.595168500795061,-12.902600288391113,-14.238460540771484,-1.335860252380371,-1.347966194152832,3.4666751100112903
"{'osm_id': 355870685, 'osm_type': 'yes'}",chennai_bld_002438,4,4,100.0,-3.5134682655334473,-4.658439636230469,-1.1449710130691528,-1.59451162815094,4.297943047004105,-12.075519561767578,-13.377737998962402,-1.3022189140319824,-0.562873363494873,2.31023325662278
"{'osm_id': 355870695, 'osm_type': 'yes'}",chennai_bld_002439,2,2,100.0,2.071375608444214,2.6489005088806152,0.577524721622467,0.577524721622467,1.741128385066986,-13.02228832244873,-10.329742431640625,2.6925463676452637,2.6925463676452637,1.7154316902160645
"{'osm_id': 355870696, 'osm_type': 'yes'}",chennai_bld_002440,2,2,100.0,-3.3312644958496094,4.000313758850098,7.331578254699707,7.331578254699707,2.1088445186615123,-16.507328033447266,-15.67148208618164,0.8358449935913086,0.8358449935913086,1.3713293075561523
"{'osm_id': 355892432, 'osm_type': 'yes'}",chennai_bld_002441,2,2,100.0,-0.4923121929168701,4.336166858673096,4.828478813171387,4.828478813171387,3.8762252330780105,-11.433486938476562,-8.329262733459473,3.104224443435669,3.104224443435669,0.34391045570373535
"{'osm_id': 355892436, 'osm_type': 'yes'}",chennai_bld_002442,3,3,100.0,-2.493136723836263,-3.203511873881022,-0.7103751500447592,-1.706366777420044,3.4322575786928406,-11.819820404052734,-10.199206034342447,1.620615005493164,1.186793327331543,1.3805215609056822
"{'osm_id': 355892439, 'osm_type': 'yes'}",chennai_bld_002443,2,2,100.0,8.170520782470703,5.773128509521484,-2.3973920345306396,-2.3973920345306396,1.5496504306793213,-9.320175170898438,-14.530611038208008,-5.21043586730957,-5.21043586730957,0.35404419898994843
"{'osm_id': 355892450, 'osm_type': 'yes'}",chennai_bld_002444,2,2,100.0,-1.9185563325881958,-2.509107828140259,-0.590551495552063,-0.590551495552063,0.9854089021682739,-12.434547424316406,-15.316061019897461,-2.8815126419067383,-2.8815126419067383,2.55118465423584
"{'osm_id': 355892456, 'osm_type': 'yes'}",chennai_bld_002445,2,2,100.0,6.157771587371826,4.537411689758301,-1.6203596591949463,-1.6203596591949463,2.572613477706909,-9.045730590820312,-6.547292709350586,2.4984376430511475,2.4984376430511475,0.9496972560882568
"{'osm_id': 355892458, 'osm_type': 'yes'}",chennai_bld_002446,4,4,100.0,-0.26443755626678467,-2.327986240386963,-2.0635485649108887,-2.4590535163879395,2.0835748680038564,-11.387823104858398,-9.834945678710938,1.5528771877288818,2.48189115524292,2.2269044570340366
"{'osm_id': 355892461, 'osm_type': 'yes'}",chennai_bld_002447,1,1,100.0,-0.45401257276535034,-0.8652018308639526,-0.4111892580986023,-0.4111892580986023,0.0,-13.8990478515625,-13.149069786071777,0.7499780654907227,0.7499780654907227,0.0
"{'osm_id': 355892465, 'osm_type': 'yes'}",chennai_bld_002448,2,2,100.0,7.0229692459106445,4.113983154296875,-2.9089863300323486,-2.9089863300323486,3.105072259902954,-12.905667304992676,-12.867008209228516,0.03865861892700195,0.03865861892700195,0.03414297103881836
"{'osm_id': 355892469, 'osm_type': 'yes'}",chennai_bld_002449,3,3,100.0,-5.126210530598958,-5.388248443603516,-0.26203719774882,-0.5578999519348145,0.6030043229006874,-11.011706034342447,-13.79379145304362,-2.7820860544840493,-2.3505325317382812,2.9774101150956582
"{'osm_id': 355892475, 'osm_type': 'yes'}",chennai_bld_002450,4,4,100.0,1.3461116552352905,0.4710960388183594,-0.8750156164169312,-0.40788358449935913,1.9007205324196048,-13.195111274719238,-14.185859680175781,-0.9907493591308594,-0.9983258247375488,3.246970376126744
"{'osm_id': 355892488, 'osm_type': 'yes'}",chennai_bld_002451,3,3,100.0,4.218527475992839,2.853427251180013,-1.3650999069213867,-0.27825450897216797,2.4348557076020048,-10.791656494140625,-9.585567474365234,1.206089973449707,1.4234485626220703,1.5246562592167774
"{'osm_id': 355892492, 'osm_type': 'yes'}",chennai_bld_002452,2,2,100.0,-3.889594554901123,-2.151951313018799,1.7376431226730347,1.7376431226730347,0.8048659563064575,-9.182472229003906,-8.863832473754883,0.31863999366760254,0.31863999366760254,0.9422638416290283
"{'osm_id': 355892500, 'osm_type': 'yes'}",chennai_bld_002453,4,4,100.0,-4.088172912597656,-5.568173885345459,-1.4800012111663818,-2.348252058029175,2.471535733771852,-11.114394187927246,-12.300788879394531,-1.1863946914672852,-1.5438051223754883,1.8447497007681946
"{'osm_id': 355892502, 'osm_type': 'yes'}",chennai_bld_002454,2,2,100.0,-3.2734034061431885,-4.7331013679504395,-1.459697961807251,-1.459697961807251,1.3673322200775146,-8.399767875671387,-11.273776054382324,-2.8740081787109375,-2.8740081787109375,1.553262710571289
"{'osm_id': 355892514, 'osm_type': 'yes'}",chennai_bld_002455,3,3,100.0,6.939571380615234,5.672463734944661,-1.2671077251434326,-1.1268126964569092,0.47596624572092017,-14.932857513427734,-14.539049784342447,0.39380741119384766,0.007863044738769531,2.37386401098176
"{'osm_id': 355892516, 'osm_type': 'yes'}",chennai_bld_002456,1,1,100.0,1.7980891466140747,2.1380348205566406,0.3399456739425659,0.3399456739425659,0.0,-11.59958267211914,-10.338338851928711,1.2612438201904297,1.2612438201904297,0.0
"{'osm_id': 355892518, 'osm_type': 'yes'}",chennai_bld_002457,5,5,100.0,-4.067650985717774,-6.0489356994628904,-1.9812849044799805,-1.5682591199874878,2.2197189644723228,-13.572967529296875,-13.187452697753907,0.3855134963989258,-1.1872587203979492,4.269131583629534
"{'osm_id': 355892525, 'osm_type': 'yes'}",chennai_bld_002458,2,2,100.0,-3.3209452629089355,-3.3392066955566406,-0.018261373043060303,-0.018261373043060303,0.44311290979385376,-14.446221351623535,-10.343463897705078,4.102757453918457,4.102757453918457,1.3670856952667445
"{'osm_id': 355892536, 'osm_type': 'yes'}",chennai_bld_002459,2,2,100.0,9.724635124206543,8.088424682617188,-1.6362106800079346,-1.6362106800079346,1.815321683883667,-14.061391830444336,-11.27690315246582,2.7844886779785156,2.7844886779785156,1.3322811126708984
"{'osm_id': 355892547, 'osm_type': 'yes'}",chennai_bld_002460,3,3,100.0,-1.657944679260254,-3.505140940348307,-1.8471962610880535,-0.5271375179290771,2.183228862326951,-12.487279256184896,-11.892539978027344,0.5947402318318685,-0.7900714874267578,2.667435630075189
"{'osm_id': 355892555, 'osm_type': 'yes'}",chennai_bld_002461,4,4,100.0,2.9045522212982178,5.271970272064209,2.3674182891845703,1.152898907661438,3.8231605828484962,-9.899633407592773,-8.536209106445312,1.3634235858917236,2.314506769180298,2.368956599895956
"{'osm_id': 355892563, 'osm_type': 'yes'}",chennai_bld_002462,4,4,100.0,-1.5489284992218018,-2.6311192512512207,-1.0821908712387085,-0.9781339764595032,1.3225747571642843,-7.628920555114746,-10.373620986938477,-2.7446999549865723,-2.8740081787109375,1.9230543372138695
"{'osm_id': 355892567, 'osm_type': 'yes'}",chennai_bld_002463,1,1,100.0,-0.5513176918029785,-0.7318549752235413,-0.18053728342056274,-0.18053728342056274,0.0,-8.355489730834961,-11.59700870513916,-3.241518974304199,-3.241518974304199,0.0
"{'osm_id': 355892569, 'osm_type': 'yes'}",chennai_bld_002464,1,1,100.0,8.303682327270508,7.382962703704834,-0.9207196235656738,-0.9207196235656738,0.0,-10.647372245788574,-7.729886054992676,2.9174861907958984,2.9174861907958984,0.0
"{'osm_id': 355892586, 'osm_type': 'yes'}",chennai_bld_002465,4,4,100.0,-1.268214464187622,-3.4957761764526367,-2.2275614738464355,-3.376692295074463,2.8741058195425033,-13.72871208190918,-13.374116897583008,0.3545961380004883,0.29654979705810547,2.3848391588346525
"{'osm_id': 355892594, 'osm_type': 'yes'}",chennai_bld_002466,2,2,100.0,-4.919284820556641,-4.8349761962890625,0.08430838584899902,0.08430838584899902,3.1444151401519775,-14.932931900024414,-13.487167358398438,1.4457640647888184,1.4457640647888184,4.428831577301025
"{'osm_id': 355892598, 'osm_type': 'yes'}",chennai_bld_002467,2,2,100.0,1.634236216545105,-2.209136486053467,-3.8433728218078613,-3.8433728218078613,0.9315272569656449,-15.120229721069336,-14.707587242126465,0.4126424789428711,0.4126424789428711,3.0696306228637695
"{'osm_id': 355892600, 'osm_type': 'yes'}",chennai_bld_002468,2,2,100.0,4.7196364402771,-1.463180661201477,-6.182816982269287,-6.182816982269287,1.9171366691589355,-11.062652587890625,-16.062707901000977,-5.000054359436035,-5.000054359436035,1.2315616607666016
"{'osm_id': 355892602, 'osm_type': 'yes'}",chennai_bld_002469,4,4,100.0,0.19835370779037476,-0.8562315702438354,-1.0545852184295654,-1.829284429550171,2.0399571103634284,-11.846527099609375,-12.261804580688477,-0.41527581214904785,-0.18082475662231445,1.7158782974498157
"{'osm_id': 355892609, 'osm_type': 'yes'}",chennai_bld_002470,2,2,100.0,3.4879138469696045,4.39133358001709,0.9034197926521301,0.9034197926521301,2.6281153559684753,-12.700360298156738,-11.196403503417969,1.5039563179016113,1.5039563179016113,0.25865888595581055
"{'osm_id': 355892618, 'osm_type': 'yes'}",chennai_bld_002471,2,2,100.0,-1.9119553565979004,-4.3436055183410645,-2.431650161743164,-2.431650161743164,4.393987298011782,-11.223281860351562,-11.007457733154297,0.21582365036010742,0.21582365036010742,0.14098310470581055
"{'osm_id': 355892622, 'osm_type': 'yes'}",chennai_bld_002472,4,4,100.0,-3.0361130237579346,-3.5081701278686523,-0.472057044506073,-0.7028244733810425,2.2946933464539314,-9.53303337097168,-9.772623062133789,-0.23958975076675415,0.31863999366760254,1.8455426775367556
"{'osm_id': 355892636, 'osm_type': 'yes'}",chennai_bld_002473,2,2,100.0,-0.8315625190734863,-2.277318239212036,-1.4457556009292603,-1.4457556009292603,1.034566313028336,-14.18155574798584,-12.907171249389648,1.2743840217590332,1.2743840217590332,0.5244059562683105
"{'osm_id': 355892638, 'osm_type': 'yes'}",chennai_bld_002474,4,4,100.0,-1.8038069009780884,-2.110471487045288,-0.30666452646255493,-0.40788358449935913,1.2190842592762055,-13.371505737304688,-11.37972640991211,1.9917805194854736,2.7604360580444336,2.0371743543541654
"{'osm_id': 355892640, 'osm_type': 'yes'}",chennai_bld_002475,2,2,100.0,2.268446683883667,-1.1211895942687988,-3.389636516571045,-3.389636516571045,3.812583565711977,-10.596864700317383,-11.83840560913086,-1.2415404319763184,-1.2415404319763184,1.9690556526184082
"{'osm_id': 355892644, 'osm_type': 'yes'}",chennai_bld_002476,4,4,100.0,1.7022128105163574,2.0924150943756104,0.39020225405693054,-0.40689754486083984,2.3779281317861565,-11.960576057434082,-13.34197998046875,-1.381403923034668,-1.5681676864624023,3.257493825717847
"{'osm_id': 355892646, 'osm_type': 'yes'}",chennai_bld_002477,2,2,100.0,-1.1594241857528687,-2.105687379837036,-0.9462631940841675,-0.9462631940841675,0.5350739061832436,-13.977754592895508,-14.846141815185547,-0.8683876991271973,-0.8683876991271973,1.61836576461792
"{'osm_id': 355892650, 'osm_type': 'yes'}",chennai_bld_002478,2,2,100.0,0.3104667663574219,2.2514963150024414,1.941029667854309,1.941029667854309,1.2514911890029907,-12.048337936401367,-13.69814682006836,-1.6498079299926758,-1.6498079299926758,0.7424192428588867
"{'osm_id': 355892652, 'osm_type': 'yes'}",chennai_bld_002479,2,2,100.0,-2.981318950653076,-3.6940696239471436,-0.7127505540847778,-0.7127505540847778,0.18561303615570068,-13.393513679504395,-12.776263236999512,0.6172504425048828,0.6172504425048828,3.7087345123291016
"{'osm_id': 355892654, 'osm_type': 'yes'}",chennai_bld_002480,4,4,100.0,3.4940414428710938,-1.2921850681304932,-4.786226749420166,-5.733950138092041,3.3250665665308907,-10.829758644104004,-13.950556755065918,-3.1207973957061768,-3.48954439163208,2.49571009522671
"{'osm_id': 355892660, 'osm_type': 'yes'}",chennai_bld_002481,3,3,100.0,-4.82242488861084,-3.8220036824544272,1.000421126683553,0.8040025234222412,0.3012752229731641,-10.664278666178385,-12.109868367513021,-1.4455890655517578,-1.8392162322998047,1.4819817328487088
"{'osm_id': 355892664, 'osm_type': 'yes'}",chennai_bld_002482,4,4,100.0,3.2007479667663574,-0.5566441416740417,-3.757392168045044,-2.829409599304199,3.73702004830384,-9.407449722290039,-10.263389587402344,-0.8559404611587524,-1.1309254169464111,2.852820955629279
"{'osm_id': 355892672, 'osm_type': 'yes'}",chennai_bld_002483,1,1,100.0,-9.061224937438965,-6.4431867599487305,2.6180381774902344,2.6180381774902344,0.0,-12.337196350097656,-13.435474395751953,-1.0982780456542969,-1.0982780456542969,0.0
"{'osm_id': 355892674, 'osm_type': 'yes'}",chennai_bld_002484,4,4,100.0,-2.7894105911254883,-3.520817995071411,-0.731407642364502,-1.0526825189590454,1.9193220740537071,-10.883557319641113,-11.68667221069336,-0.8031151294708252,-0.6348304748535156,1.5404733077787485
"{'osm_id': 355892676, 'osm_type': 'yes'}",chennai_bld_002485,2,2,100.0,2.721143960952759,4.071887969970703,1.3507440090179443,1.3507440090179443,1.0107982754707354,-10.89450740814209,-10.33845043182373,0.5560569763183594,0.5560569763183594,0.7051868438720703
"{'osm_id': 355892682, 'osm_type': 'yes'}",chennai_bld_002486,2,2,100.0,-0.5028266310691833,-1.9393703937530518,-1.4365437030792236,-1.4365437030792236,1.2560064494609837,-11.127450942993164,-11.90304183959961,-0.7755908966064453,-0.7755908966064453,2.465928077697754
"{'osm_id': 355892684, 'osm_type': 'yes'}",chennai_bld_002487,4,4,100.0,3.8350305557250977,3.6627025604248047,-0.17232763767242432,-0.13011717796325684,3.7911323112395876,-10.755949020385742,-11.754138946533203,-0.9981904029846191,-0.8674240112304688,3.1030069528866533
"{'osm_id': 355892686, 'osm_type': 'yes'}",chennai_bld_002488,2,2,100.0,-4.818427085876465,-4.4265313148498535,0.3918954133987427,0.3918954133987427,1.9633172750473022,-11.011865615844727,-12.416119575500488,-1.40425443649292,-1.40425443649292,1.6367573738098145
"{'osm_id': 355892691, 'osm_type': 'yes'}",chennai_bld_002489,4,4,100.0,1.3564848899841309,1.3123602867126465,-0.04412451386451721,-0.2460349202156067,2.941535149366887,-9.849081039428711,-9.148435592651367,0.7006449699401855,1.5276305675506592,1.9975144470224817
"{'osm_id': 355892693, 'osm_type': 'yes'}",chennai_bld_002490,2,2,100.0,-4.170665264129639,-4.782415390014648,-0.6117503643035889,-0.6117503643035889,3.2297885417938232,-12.337196350097656,-12.04064655303955,0.29654979705810547,0.29654979705810547,1.3948278427124023
"{'osm_id': 355892695, 'osm_type': 'yes'}",chennai_bld_002491,2,2,100.0,2.9409596920013428,0.6932997107505798,-2.247659921646118,-2.247659921646118,0.24030470848083496,-11.097620010375977,-14.710229873657227,-3.612610340118408,-3.612610340118408,2.046201229095459
"{'osm_id': 355892697, 'osm_type': 'yes'}",chennai_bld_002492,1,1,100.0,3.6441988945007324,6.005741119384766,2.361542224884033,2.361542224884033,0.0,-10.189432144165039,-10.33856201171875,-0.14912986755371094,-0.14912986755371094,0.0
"{'osm_id': 355892703, 'osm_type': 'yes'}",chennai_bld_002493,1,1,100.0,-0.5513176918029785,-0.7318549752235413,-0.18053728342056274,-0.18053728342056274,0.0,-8.355489730834961,-11.59700870513916,-3.241518974304199,-3.241518974304199,0.0
"{'osm_id': 355892709, 'osm_type': 'yes'}",chennai_bld_002494,6,6,100.0,8.913467407226562,8.658037821451822,-0.25542910893758136,0.07165312767028809,1.117872205842957,-11.4312744140625,-9.989970525105795,1.4413042068481445,2.247652769088745,3.0599562814008077
"{'osm_id': 355892712, 'osm_type': 'yes'}",chennai_bld_002495,2,2,100.0,9.710221290588379,8.479446411132812,-1.2307746410369873,-1.2307746410369873,0.3100550174713135,-9.02390193939209,-6.6308088302612305,2.3930928707122803,2.3930928707122803,0.5243933200836182
"{'osm_id': 355892713, 'osm_type': 'yes'}",chennai_bld_002496,4,4,100.0,-0.3214600682258606,0.10526371002197266,0.42672374844551086,0.8460723757743835,1.2373869354588287,-12.168134689331055,-13.65256404876709,-1.4844305515289307,-0.69952392578125,2.3848804691885612
"{'osm_id': 355892719, 'osm_type': 'yes'}",chennai_bld_002497,2,2,100.0,-4.818427085876465,-4.4265313148498535,0.3918954133987427,0.3918954133987427,1.9633172750473022,-11.011865615844727,-12.416119575500488,-1.40425443649292,-1.40425443649292,1.6367573738098145
"{'osm_id': 355892723, 'osm_type': 'yes'}",chennai_bld_002498,4,4,100.0,-3.2716541290283203,-2.6245038509368896,0.6471502780914307,1.483680248260498,2.2980346101323654,-12.27639389038086,-11.04672908782959,1.2296645641326904,1.3827321529388428,3.1114558932638006
"{'osm_id': 355892731, 'osm_type': 'yes'}",chennai_bld_002499,2,2,100.0,4.493144989013672,3.1509976387023926,-1.3421475887298584,-1.3421475887298584,2.6048948764801025,-11.221443176269531,-14.347005844116211,-3.1255621910095215,-3.1255621910095215,2.438917636871338
"{'osm_id': 355892739, 'osm_type': 'yes'}",chennai_bld_002500,2,2,100.0,1.2756361961364746,2.719635248184204,1.4439990520477295,1.4439990520477295,0.14671164751054067,-11.901721000671387,-11.989068984985352,-0.08734846115112305,-0.08734846115112305,0.9813714027404785
"{'osm_id': 355892742, 'osm_type': 'yes'}",chennai_bld_002501,2,2,100.0,-1.403254508972168,-1.3642950057983398,0.038959503173828125,0.038959503173828125,0.38589203357696533,-12.50667953491211,-10.063692092895508,2.4429872035980225,2.4429872035980225,3.0268561840057373
"{'osm_id': 355892750, 'osm_type': 'yes'}",chennai_bld_002502,2,2,100.0,-1.6149728298187256,-2.810758352279663,-1.1957855224609375,-1.1957855224609375,0.37563639879227156,-10.71040153503418,-11.304466247558594,-0.5940642356872559,-0.5940642356872559,0.8265671730041504
"{'osm_id': 355892756, 'osm_type': 'yes'}",chennai_bld_002503,2,2,100.0,-1.7348673343658447,-4.080333709716797,-2.345466136932373,-2.345466136932373,0.48156398534775147,-7.700178623199463,-12.333963394165039,-4.633784770965576,-4.633784770965576,0.2065138816833496
"{'osm_id': 355892766, 'osm_type': 'yes'}",chennai_bld_002504,5,5,100.0,-3.000235939025879,-6.2149803161621096,-3.2147445678710938,-4.449151039123535,2.908339789333566,-11.057907867431641,-8.1140625,2.943846321105957,0.850947380065918,3.199486487958493
"{'osm_id': 355996412, 'osm_type': 'yes'}",chennai_bld_002505,5,5,100.0,-1.2216023445129394,-1.4737957954406737,-0.2521934509277344,0.7140116691589355,1.6083955159666468,-8.384494018554687,-7.4751136779785154,0.9093795776367187,0.9727592468261719,1.2794280295929998
"{'osm_id': 355996423, 'osm_type': 'yes'}",chennai_bld_002506,3,3,100.0,-0.7706124782562256,-5.74432373046875,-4.973711331685384,-3.0829789638519287,2.704238612788071,-8.107898712158203,-10.903027852376303,-2.795128504435221,-2.2465953826904297,1.1373656877526637
"{'osm_id': 355996425, 'osm_type': 'yes'}",chennai_bld_002507,2,2,100.0,-2.0173072814941406,-2.990680694580078,-0.9733734130859375,-0.9733734130859375,1.2075552940368652,-12.757633209228516,-14.008111953735352,-1.2504792213439941,-1.2504792213439941,0.955446720123291
"{'osm_id': 355996429, 'osm_type': 'yes'}",chennai_bld_002508,1,1,100.0,0.6388753056526184,-1.5420533418655396,-2.1809287071228027,-2.1809287071228027,0.0,-13.436436653137207,-13.73146915435791,-0.2950325012207031,-0.2950325012207031,0.0
"{'osm_id': 355996445, 'osm_type': 'yes'}",chennai_bld_002509,1,1,100.0,4.677675724029541,4.001951217651367,-0.6757245063781738,-0.6757245063781738,0.0,-5.6766180992126465,-7.617310523986816,-1.94069242477417,-1.94069242477417,0.0
"{'osm_id': 355996447, 'osm_type': 'yes'}",chennai_bld_002510,5,5,100.0,1.2388641357421875,0.02075681686401367,-1.2181072235107422,-1.3518646955490112,2.7770310699957985,-12.424692535400391,-12.965887451171875,-0.5411937713623047,0.7684049606323242,3.207901670168383
"{'osm_id': 355996457, 'osm_type': 'yes'}",chennai_bld_002511,2,2,100.0,1.2526233196258545,-2.600905418395996,-3.8535287380218506,-3.8535287380218506,1.6726000308990479,-12.340948104858398,-13.128381729125977,-0.7874336242675781,-0.7874336242675781,0.492401123046875
"{'osm_id': 355996467, 'osm_type': 'yes'}",chennai_bld_002512,1,1,100.0,-6.191280364990234,-2.4070236682891846,3.78425669670105,3.78425669670105,0.0,-9.987686157226562,-12.728676795959473,-2.74099063873291,-2.74099063873291,0.0
"{'osm_id': 356466383, 'osm_type': 'yes'}",chennai_bld_002513,2,2,100.0,2.3109004497528076,-0.023178786039352417,-2.3340792655944824,-2.3340792655944824,0.49123162031174067,-11.853464126586914,-11.39063835144043,0.46282529830932617,0.46282529830932617,0.8528141975402832
"{'osm_id': 356466426, 'osm_type': 'yes'}",chennai_bld_002514,2,2,100.0,-4.537558078765869,-5.252114295959473,-0.7145564556121826,-0.7145564556121826,3.7316195964813232,-8.751453399658203,-7.27893590927124,1.472517490386963,1.472517490386963,0.3949923515319824
"{'osm_id': 356466433, 'osm_type': 'yes'}",chennai_bld_002515,4,4,100.0,-4.0101213455200195,-2.0268898010253906,1.983231544494629,1.6909475326538086,1.1071024938266052,-15.336777687072754,-14.203182220458984,1.1335952281951904,0.9753971099853516,2.746538529036761
"{'osm_id': 356466437, 'osm_type': 'yes'}",chennai_bld_002516,4,4,100.0,-2.0136301517486572,-2.3476619720458984,-0.33403193950653076,0.046492576599121094,2.7301005027228986,-9.807357788085938,-7.203882217407227,2.6034746170043945,1.4840481281280518,2.1967350791634797
"{'osm_id': 356466445, 'osm_type': 'yes'}",chennai_bld_002517,2,2,100.0,1.800244688987732,1.8192744255065918,0.019029736518859863,0.019029736518859863,0.7043346166610718,-14.355403900146484,-16.43668556213379,-2.081282138824463,-2.081282138824463,0.8986735343933105
"{'osm_id': 356466454, 'osm_type': 'yes'}",chennai_bld_002518,7,7,100.0,-1.6292708260672433,-0.9864909308297294,0.642779895237514,1.1227924823760986,2.3226393490265878,-13.447237287248884,-12.159340994698661,1.2878965650285994,0.6924276351928711,2.6757408480916083
"{'osm_id': 356466455, 'osm_type': 'yes'}",chennai_bld_002519,2,2,100.0,3.2983615398406982,2.057121515274048,-1.2412400245666504,-1.2412400245666504,0.2380070090293959,-11.509943008422852,-11.126075744628906,0.3838672637939453,0.3838672637939453,0.8840503692626953
"{'osm_id': 357044374, 'osm_type': 'yes'}",chennai_bld_002520,3,3,100.0,-2.3854994773864746,-1.013890266418457,1.3716092109680176,2.099001884460449,2.1505885387858754,-12.203516642252604,-13.762407938639322,-1.5588919321695964,-0.3066263198852539,2.375422074536647
"{'osm_id': 357044375, 'osm_type': 'yes'}",chennai_bld_002521,4,4,100.0,-0.9840420484542847,-1.2305185794830322,-0.2464764416217804,-1.2390308380126953,3.6367404438186886,-12.779409408569336,-11.951020240783691,0.8283886909484863,-0.46203088760375977,2.9938741632242185
"{'osm_id': 357044377, 'osm_type': 'yes'}",chennai_bld_002522,1,1,100.0,1.6142089366912842,1.0649751424789429,-0.5492337942123413,-0.5492337942123413,0.0,-8.350830078125,-6.774860382080078,1.5759696960449219,1.5759696960449219,0.0
"{'osm_id': 357044380, 'osm_type': 'yes'}",chennai_bld_002523,3,3,100.0,-0.9217392603556315,-1.4829111099243164,-0.5611720085144043,-1.3388800621032715,1.3993454668432816,-9.584482828776041,-8.576210657755533,1.008272647857666,1.6105952262878418,0.9820968175092877
"{'osm_id': 357044382, 'osm_type': 'yes'}",chennai_bld_002524,5,5,100.0,6.449760437011719,2.8067079544067384,-3.643052673339844,-4.837979793548584,1.8381426076046499,-14.393212890625,-18.514913940429686,-4.121701049804687,-5.832850456237793,3.3803758194163303
"{'osm_id': 357044384, 'osm_type': 'yes'}",chennai_bld_002525,5,5,100.0,1.7266712188720703,0.7734513282775879,-0.9532197952270508,-0.5513124465942383,2.3837411081792697,-13.330284118652344,-13.875105285644532,-0.5448196411132813,-0.8469829559326172,2.704099898414289
"{'osm_id': 357044386, 'osm_type': 'yes'}",chennai_bld_002526,4,4,100.0,-2.8934342861175537,-1.2262275218963623,1.6672066450119019,2.0749597549438477,1.5098500873234186,-11.692164421081543,-9.520646095275879,2.1715188026428223,2.2432708740234375,2.5534167818921407
"{'osm_id': 357044388, 'osm_type': 'yes'}",chennai_bld_002527,6,6,100.0,-1.5005515416463215,-2.5422817866007485,-1.041730244954427,-1.2390308380126953,2.6756465498704243,-10.507273356119791,-11.159039815266928,-0.6517662207285563,-1.3120169639587402,3.4181321316971847
"{'osm_id': 357044395, 'osm_type': 'yes'}",chennai_bld_002528,5,5,100.0,3.7387630462646486,1.4860500335693358,-2.2527135848999023,-2.39288330078125,1.1125650544910366,-13.70959930419922,-15.137899780273438,-1.4283002853393554,-2.204305648803711,2.985337204286823
"{'osm_id': 357044399, 'osm_type': 'yes'}",chennai_bld_002529,4,4,100.0,1.3761825561523438,-0.7434403896331787,-2.1196229457855225,-1.5687873363494873,1.9179350421930486,-11.07361888885498,-10.934776306152344,0.13884246349334717,0.10797619819641113,1.9228508155497173
"{'osm_id': 357044403, 'osm_type': 'yes'}",chennai_bld_002530,2,2,100.0,-1.309116005897522,-4.301379203796387,-2.992262840270996,-2.992262840270996,1.1757106184959427,-11.743830680847168,-12.865180969238281,-1.121349811553955,-1.121349811553955,0.579505443572998
"{'osm_id': 357044407, 'osm_type': 'yes'}",chennai_bld_002531,1,1,100.0,4.879110336303711,3.3729772567749023,-1.5061330795288086,-1.5061330795288086,0.0,-13.513541221618652,-10.96719741821289,2.5463438034057617,2.5463438034057617,0.0
"{'osm_id': 357044409, 'osm_type': 'yes'}",chennai_bld_002532,3,3,100.0,3.5614636739095054,7.270768483479817,3.7093048095703125,4.2325663566589355,3.9115393142350112,-14.252578735351562,-13.660636901855469,0.5919421513875326,0.9944143295288086,2.513216982214221
"{'osm_id': 357044411, 'osm_type': 'yes'}",chennai_bld_002533,2,2,100.0,3.9130215644836426,4.856531143188477,0.9435094594955444,0.9435094594955444,0.15399491786956787,-13.324837684631348,-13.319899559020996,0.0049381256103515625,0.0049381256103515625,1.4526052474975586
"{'osm_id': 357044413, 'osm_type': 'yes'}",chennai_bld_002534,4,4,100.0,0.6075904369354248,0.19945287704467773,-0.4081376791000366,-0.30950188636779785,3.2491962932567944,-12.785758018493652,-13.197981834411621,-0.4122236967086792,-1.5583298206329346,3.8140777064248974
"{'osm_id': 357044415, 'osm_type': 'yes'}",chennai_bld_002535,2,2,100.0,2.3955423831939697,-0.9914243221282959,-3.3869667053222656,-3.3869667053222656,1.880833625793457,-12.29677963256836,-10.30923843383789,1.9875407218933105,1.9875407218933105,0.5588030815124512
"{'osm_id': 357044416, 'osm_type': 'yes'}",chennai_bld_002536,2,2,100.0,1.0969667434692383,1.371101975440979,0.2741352915763855,0.2741352915763855,0.8233690857887268,-10.47441291809082,-10.410261154174805,0.06415128707885742,0.06415128707885742,1.5118184089660645
"{'osm_id': 357044419, 'osm_type': 'yes'}",chennai_bld_002537,3,3,100.0,-2.4583627382914224,-2.0086142222086587,0.44974851608276367,2.362792491912842,3.336539201120032,-12.977869669596354,-12.941118876139322,0.03674999872843424,-1.3575148582458496,4.311605518916595
"{'osm_id': 357044420, 'osm_type': 'yes'}",chennai_bld_002538,2,2,100.0,-3.4683737754821777,-2.216783285140991,1.2515904903411865,1.2515904903411865,1.8008243441581735,-11.70895767211914,-8.097372055053711,3.6115851402282715,3.6115851402282715,2.0356154441833496
"{'osm_id': 357044423, 'osm_type': 'yes'}",chennai_bld_002539,5,5,100.0,-3.4213943481445312,-4.912630844116211,-1.4912365913391112,-1.922497272491455,1.2242650290034167,-11.537234497070312,-11.35255126953125,0.18468308448791504,1.5045604705810547,2.3435897814421915
"{'osm_id': 357044424, 'osm_type': 'yes'}",chennai_bld_002540,4,4,100.0,-0.8266261219978333,-5.668678283691406,-4.842052459716797,-4.411027908325195,2.0249536362748386,-11.92611312866211,-12.376297950744629,-0.45018529891967773,-0.5701766014099121,1.6156176410824934
"{'osm_id': 357044427, 'osm_type': 'yes'}",chennai_bld_002541,2,2,100.0,3.587350368499756,2.0185632705688477,-1.5687873363494873,-1.5687873363494873,0.06265419721606229,-13.367393493652344,-13.197684288024902,0.1697087287902832,0.1697087287902832,2.3766350746154785
"{'osm_id': 357044428, 'osm_type': 'yes'}",chennai_bld_002542,6,6,100.0,-2.1584442456563315,-4.949050585428874,-2.7906058629353843,-2.2931008338928223,3.3785326217432083,-12.873441060384115,-13.957600911458334,-1.0841598510742188,-1.002450942993164,2.147318159092772
"{'osm_id': 357044430, 'osm_type': 'yes'}",chennai_bld_002543,5,5,100.0,-2.078158950805664,-1.1800447463989259,0.8981141090393067,1.890401840209961,2.0665814340678916,-12.85138397216797,-14.533314514160157,-1.6819307327270507,-0.3066263198852539,3.6930452816439314
"{'osm_id': 357044431, 'osm_type': 'yes'}",chennai_bld_002544,2,2,100.0,-1.309116005897522,-4.301379203796387,-2.992262840270996,-2.992262840270996,1.1757106184959427,-11.743830680847168,-12.865180969238281,-1.121349811553955,-1.121349811553955,0.579505443572998
"{'osm_id': 357066831, 'osm_type': 'yes'}",chennai_bld_002545,2,2,100.0,5.656491279602051,4.750741004943848,-0.9057502746582031,-0.9057502746582031,0.18975019454956055,-10.106342315673828,-12.834453582763672,-2.7281112670898438,-2.7281112670898438,2.3609352111816406
"{'osm_id': 357066837, 'osm_type': 'yes'}",chennai_bld_002546,2,2,100.0,3.0419270992279053,3.2371106147766113,0.1951833963394165,0.1951833963394165,0.27697932720184326,-11.35810661315918,-7.502596855163574,3.8555097579956055,3.8555097579956055,0.0260772705078125
"{'osm_id': 357066839, 'osm_type': 'yes'}",chennai_bld_002547,1,1,100.0,4.476140975952148,3.3806405067443848,-1.0955004692077637,-1.0955004692077637,0.0,-8.313680648803711,-8.680856704711914,-0.3671760559082031,-0.3671760559082031,0.0
"{'osm_id': 357066846, 'osm_type': 'yes'}",chennai_bld_002548,3,3,100.0,5.144611358642578,9.066895167032877,3.922283490498861,4.88582181930542,4.615647634204457,-9.451093037923178,-8.754440307617188,0.6966527303059896,-0.09118461608886719,3.033476681747788
"{'osm_id': 364293541, 'osm_type': 'yes'}",chennai_bld_002549,3,3,100.0,-1.3000588417053223,-0.8329207897186279,0.46713797251383465,-0.9782924652099609,3.0413485303413363,-10.124666849772135,-11.382598876953125,-1.2579315503438313,-1.0997052192687988,0.7807512605436984
"{'osm_id': 364293542, 'osm_type': 'yes'}",chennai_bld_002550,5,5,100.0,-0.7447521686553955,-1.6297042846679688,-0.8849520683288574,-0.6036715507507324,2.0122664084840123,-12.331322479248048,-12.993582153320313,-0.6622602462768554,-0.48496150970458984,0.6988472010402375
"{'osm_id': 364293543, 'osm_type': 'yes'}",chennai_bld_002551,4,4,100.0,-0.9208829998970032,-4.1830549240112305,-3.262171745300293,-2.920633554458618,1.509740111550252,-10.679154396057129,-11.007068634033203,-0.3279142379760742,-0.3269505500793457,1.1441847988242464
"{'osm_id': 364293547, 'osm_type': 'yes'}",chennai_bld_002552,3,3,100.0,-0.36135268211364746,-1.827675183614095,-1.4663225809733074,-1.0146546363830566,3.37756517516723,-12.491366068522135,-12.79583994547526,-0.3044732411702474,-0.08712482452392578,0.664881512606698
"{'osm_id': 364293548, 'osm_type': 'yes'}",chennai_bld_002553,4,4,100.0,2.883779764175415,0.0004985332489013672,-2.8832812309265137,-3.528069019317627,2.998992496414734,-13.309807777404785,-11.149435043334961,2.160372734069824,2.2630934715270996,5.067774193542662
"{'osm_id': 364293550, 'osm_type': 'yes'}",chennai_bld_002554,5,5,100.0,-1.8614501953125,-1.6543472290039063,0.20710296630859376,0.29595518112182617,2.7810420291996243,-11.314964294433594,-12.340280151367187,-1.0253170013427735,0.0685739517211914,2.7754455335729227
"{'osm_id': 364293551, 'osm_type': 'yes'}",chennai_bld_002555,2,2,100.0,1.8037333488464355,-1.5840166807174683,-3.3877501487731934,-3.3877501487731934,0.27238857746126877,-9.541662216186523,-11.841209411621094,-2.2995476722717285,-2.2995476722717285,1.0101819038391113
"{'osm_id': 364293552, 'osm_type': 'yes'}",chennai_bld_002556,5,5,100.0,-1.3769308090209962,-3.968361663818359,-2.5914310455322265,-0.770026445388794,5.0623156014838315,-12.056430053710937,-15.747518920898438,-3.6910892486572267,-3.9880409240722656,3.1550010926589684
"{'osm_id': 364293554, 'osm_type': 'yes'}",chennai_bld_002557,6,6,100.0,2.743295987447103,1.5556701024373372,-1.187625805536906,-1.837282657623291,2.5741410759475922,-8.495527903238932,-11.368517557779947,-2.872988700866699,-2.413179397583008,3.26236870601422
"{'osm_id': 364293555, 'osm_type': 'yes'}",chennai_bld_002558,8,8,100.0,0.19725078344345093,-0.356067419052124,-0.5533182621002197,-0.9158385992050171,2.597359114074703,-9.951486587524414,-8.485812187194824,1.465674638748169,0.8841935992240906,2.0474447165295695
"{'osm_id': 364312285, 'osm_type': 'yes'}",chennai_bld_002559,4,4,100.0,-2.4570517539978027,0.6678605675697327,3.124912738800049,3.644411325454712,2.6879083356280584,-12.75895881652832,-10.963695526123047,1.7952642440795898,2.330461025238037,1.1382232621055368
"{'osm_id': 364312286, 'osm_type': 'yes'}",chennai_bld_002560,6,6,100.0,1.9770396550496419,1.4392930666605632,-0.5377466678619385,-0.37647485733032227,1.6803023256915175,-10.977008819580078,-11.441828409830729,-0.46481966972351074,0.24065327644348145,3.301973819189783
"{'osm_id': 364312289, 'osm_type': 'yes'}",chennai_bld_002561,4,4,100.0,3.4280035495758057,2.0312747955322266,-1.396728754043579,-1.6169483661651611,1.653214153738506,-12.168132781982422,-13.716099739074707,-1.5479674339294434,-0.4110069274902344,3.082620203181223
"{'osm_id': 364312290, 'osm_type': 'yes'}",chennai_bld_002562,3,3,100.0,-4.258704821268718,-8.309648513793945,-4.050944010416667,-3.613884449005127,1.285961687637123,-10.626375834147135,-9.6158447265625,1.010530948638916,1.0284357070922852,3.4656922449114727
"{'osm_id': 364312294, 'osm_type': 'yes'}",chennai_bld_002563,5,5,100.0,0.8039527893066406,-1.162571620941162,-1.9665241241455078,-2.524853229522705,1.8234505788130027,-8.549223327636719,-6.673069763183594,1.8761539459228516,0.5120406150817871,2.634765540340386
"{'osm_id': 364312295, 'osm_type': 'yes'}",chennai_bld_002564,5,5,100.0,7.137076568603516,5.190049362182617,-1.9470273971557617,-0.9153060913085938,3.0427609540345744,-12.49395523071289,-12.619983673095703,-0.12602882385253905,-0.4412345886230469,1.9835861197418005
"{'osm_id': 364335785, 'osm_type': 'yes'}",chennai_bld_002565,7,7,100.0,-1.9706027167184013,-5.2764739990234375,-3.3058716910226003,-3.0775399208068848,2.935042775307353,-11.860342843191964,-11.960540771484375,-0.10019775799342565,0.18490314483642578,2.9077455686046454
"{'osm_id': 364335786, 'osm_type': 'yes'}",chennai_bld_002566,8,8,100.0,-2.653000831604004,-4.283376693725586,-1.6303759813308716,-1.4454386234283447,1.9848711324329338,-12.64537239074707,-13.727046966552734,-1.081674575805664,-0.003991127014160156,4.702630894559836
"{'osm_id': 364335789, 'osm_type': 'yes'}",chennai_bld_002567,4,4,100.0,9.142196655273438,6.518015384674072,-2.6241817474365234,-2.20395565032959,1.3492802059686955,-12.42995834350586,-13.032262802124023,-0.6023046970367432,-0.3266444206237793,0.6849827116242405
"{'osm_id': 364335792, 'osm_type': 'yes'}",chennai_bld_002568,4,4,100.0,-0.8025797009468079,-1.551949381828308,-0.749369740486145,-0.49266403913497925,2.0551858159958076,-10.685432434082031,-14.526609420776367,-3.841176748275757,-4.170961856842041,4.313305797015091
"{'osm_id': 364335795, 'osm_type': 'yes'}",chennai_bld_002569,3,3,100.0,-0.7540096441904703,-6.093588511149089,-5.339578628540039,-4.5548095703125,4.046510504048581,-10.093180338541666,-11.407867431640625,-1.3146864573160808,-1.5362052917480469,1.6850938308511076
"{'osm_id': 364335802, 'osm_type': 'yes'}",chennai_bld_002570,1,1,100.0,5.552005290985107,4.290075302124023,-1.261929988861084,-1.261929988861084,0.0,-11.482616424560547,-12.66585922241211,-1.1832427978515625,-1.1832427978515625,0.0
"{'osm_id': 364335813, 'osm_type': 'yes'}",chennai_bld_002571,5,5,100.0,-2.644962692260742,-3.802571105957031,-1.1576086044311524,-1.7003846168518066,3.698001069950981,-12.372631072998047,-14.34613494873047,-1.973503303527832,-1.2678937911987305,3.1637096819442423
"{'osm_id': 364335822, 'osm_type': 'yes'}",chennai_bld_002572,1,1,100.0,4.133118152618408,5.082544326782227,0.9494261741638184,0.9494261741638184,0.0,-11.959882736206055,-11.535917282104492,0.4239654541015625,0.4239654541015625,0.0
"{'osm_id': 364335826, 'osm_type': 'yes'}",chennai_bld_002573,2,2,100.0,0.34882664680480957,-3.356853485107422,-3.7056801319122314,-3.7056801319122314,3.4432260990142822,-10.332064628601074,-10.03874397277832,0.2933206558227539,0.2933206558227539,1.6950111389160156
"{'osm_id': 364335829, 'osm_type': 'yes'}",chennai_bld_002574,4,4,100.0,0.34460335969924927,-2.240042209625244,-2.5846455097198486,-1.8044735193252563,2.7385549628642143,-16.379966735839844,-14.412285804748535,1.9676806926727295,2.423966884613037,3.6940240503008774
"{'osm_id': 364335830, 'osm_type': 'yes'}",chennai_bld_002575,1,1,100.0,3.2417144775390625,2.181300163269043,-1.0604143142700195,-1.0604143142700195,0.0,-13.584146499633789,-9.507930755615234,4.076215744018555,4.076215744018555,0.0
"{'osm_id': 364335836, 'osm_type': 'yes'}",chennai_bld_002576,3,3,100.0,1.8816830317179363,0.47918494542439777,-1.4024980862935383,-0.08179593086242676,2.609245390478837,-11.698491414388021,-9.739587783813477,1.9589026769002278,1.4234485626220703,1.4033096540851857
"{'osm_id': 364335839, 'osm_type': 'yes'}",chennai_bld_002577,2,2,100.0,0.9942586421966553,-1.192190170288086,-2.186448812484741,-2.186448812484741,0.8738259673118611,-14.871786117553711,-12.881814956665039,1.9899702072143555,1.9899702072143555,1.3085298538208008
"{'osm_id': 364335841, 'osm_type': 'yes'}",chennai_bld_002578,2,2,100.0,7.6247758865356445,1.8602534532546997,-5.764522075653076,-5.764522075653076,3.84877347946167,-14.755268096923828,-14.42049503326416,0.33477354049682617,0.33477354049682617,1.980574131011963
"{'osm_id': 364335845, 'osm_type': 'yes'}",chennai_bld_002579,3,3,100.0,-1.2601216634114583,-1.2079064846038818,0.052215258280436196,0.11361956596374512,1.0509906294810876,-10.416411717732748,-11.624221801757812,-1.2078107198079426,-1.0932998657226562,0.3865500562465021
"{'osm_id': 364335847, 'osm_type': 'yes'}",chennai_bld_002580,2,2,100.0,1.6553468704223633,-0.3630831241607666,-2.01842999458313,-2.01842999458313,0.7264167666435266,-9.641645431518555,-10.251335144042969,-0.6096887588500977,-0.6096887588500977,0.25086498260498047
"{'osm_id': 364335851, 'osm_type': 'yes'}",chennai_bld_002581,4,4,100.0,3.5583019256591797,1.4964993000030518,-2.061802387237549,-1.246133804321289,3.6788083767166837,-9.893338203430176,-10.00911808013916,-0.11578011512756348,-1.2564568519592285,2.452440522747943
"{'osm_id': 364335854, 'osm_type': 'yes'}",chennai_bld_002582,4,4,100.0,2.6967573165893555,-0.2870604991912842,-2.9838180541992188,-2.9234604835510254,1.2940968834926365,-10.415891647338867,-12.711176872253418,-2.29528546333313,-2.757168769836426,3.3643172626967073
"{'osm_id': 364335857, 'osm_type': 'yes'}",chennai_bld_002583,5,5,100.0,-0.26064324378967285,-0.8979192733764648,-0.6372760772705078,0.454534649848938,2.079605167604885,-9.82572021484375,-11.392819213867188,-1.567098903656006,-2.6234540939331055,2.6300561223199685
"{'osm_id': 364335858, 'osm_type': 'yes'}",chennai_bld_002584,3,3,100.0,9.456759770711264,5.035851796468099,-4.420907656351726,-3.4515323638916016,3.562736544012339,-13.100045522054037,-12.977162679036459,0.12288347880045573,-0.37750911712646484,0.9494950751324203
"{'osm_id': 364335859, 'osm_type': 'yes'}",chennai_bld_002585,3,3,100.0,-0.007039109865824382,-0.7175442377726237,-0.7105048497517904,0.24338746070861816,4.771810886952587,-15.609776814778646,-12.998068491617838,2.6117080052693686,1.4652338027954102,2.5812730883988255
"{'osm_id': 364335862, 'osm_type': 'yes'}",chennai_bld_002586,2,2,100.0,6.848574638366699,7.901427268981934,1.0528526306152344,1.0528526306152344,2.8011879920959473,-14.030982971191406,-15.499250411987305,-1.4682679176330566,-1.4682679176330566,3.8077425956726074
"{'osm_id': 364335864, 'osm_type': 'yes'}",chennai_bld_002587,2,2,100.0,1.2754521369934082,1.360645055770874,0.0851929783821106,0.0851929783821106,1.1456072926521301,-13.978199005126953,-10.577798843383789,3.400400161743164,3.400400161743164,0.6758155822753906
"{'osm_id': 364335866, 'osm_type': 'yes'}",chennai_bld_002588,4,4,100.0,0.9844139814376831,-3.1571578979492188,-4.141571998596191,-4.689673900604248,3.8594634483860695,-13.34292221069336,-14.238799095153809,-0.8958768844604492,-0.6749448776245117,1.6487750809624129
"{'osm_id': 364335871, 'osm_type': 'yes'}",chennai_bld_002589,2,2,100.0,2.447594165802002,3.5802175998687744,1.1326234340667725,1.1326234340667725,2.080695629119873,-12.871994018554688,-11.127995491027832,1.7439985275268555,1.7439985275268555,2.0928640365600586
"{'osm_id': 364335874, 'osm_type': 'yes'}",chennai_bld_002590,3,3,100.0,-1.5433645248413086,-2.7583535512288413,-1.2149890263875325,-1.9623422622680664,1.1302324530967818,-9.033311208089193,-9.566824595133463,-0.533513069152832,1.116689682006836,3.4314821058757836
"{'osm_id': 364335876, 'osm_type': 'yes'}",chennai_bld_002591,5,5,100.0,0.8355839729309082,0.3217039108276367,-0.5138800621032715,-1.2920132875442505,2.7336915132916775,-9.802009582519531,-10.322135925292969,-0.5201255798339843,-0.8391027450561523,1.131126686665888
"{'osm_id': 364335879, 'osm_type': 'yes'}",chennai_bld_002592,4,4,100.0,6.394174098968506,0.9179692268371582,-5.4762043952941895,-6.401910305023193,2.779207855355282,-13.812156677246094,-14.075896263122559,-0.26373934745788574,0.0965576171875,3.6503717448795534
"{'osm_id': 364335880, 'osm_type': 'yes'}",chennai_bld_002593,4,4,100.0,7.415511131286621,1.4168967008590698,-5.998614311218262,-7.091632843017578,3.3180197941778538,-12.675440788269043,-14.119515419006348,-1.4440746307373047,-0.541778564453125,2.528614931511891
"{'osm_id': 364335882, 'osm_type': 'yes'}",chennai_bld_002594,3,3,100.0,-0.5778994162877401,-3.7558695475260415,-3.1779702504475913,-1.3518646955490112,2.74317791689636,-13.23477045694987,-12.789541880289713,0.44522841771443683,1.113267421722412,2.7867541611584756
"{'osm_id': 364335891, 'osm_type': 'yes'}",chennai_bld_002595,2,2,100.0,11.305150032043457,8.705216407775879,-2.5999338626861572,-2.5999338626861572,0.8515985012054443,-13.708642959594727,-11.812801361083984,1.895841121673584,1.895841121673584,0.4436335563659668
"{'osm_id': 364335898, 'osm_type': 'yes'}",chennai_bld_002596,3,3,100.0,4.463309288024902,1.3048906326293945,-3.158418655395508,-3.1785409450531006,1.1413276337014981,-12.4529660542806,-11.242665608723959,1.210300127665202,0.6704921722412109,0.7766110034810224
"{'osm_id': 364335914, 'osm_type': 'yes'}",chennai_bld_002597,2,2,100.0,9.455679893493652,6.411272048950195,-3.044408082962036,-3.044408082962036,1.6379554271697998,-13.130468368530273,-13.34205150604248,-0.21158361434936523,-0.21158361434936523,0.2147984504699707
"{'osm_id': 364335924, 'osm_type': 'yes'}",chennai_bld_002598,6,6,100.0,-1.0876105626424153,-1.2193867365519206,-0.13177613417307535,0.7973798513412476,2.9185587657885486,-12.264141082763672,-13.851423899332682,-1.5872812271118164,-2.3303141593933105,2.614858388350389
"{'osm_id': 364335927, 'osm_type': 'yes'}",chennai_bld_002599,4,4,100.0,-5.120471000671387,-7.683030128479004,-2.562559127807617,-3.333005666732788,2.4660353266434436,-12.90109920501709,-16.21546173095703,-3.314363479614258,-3.1612439155578613,2.5277610658843863
"{'osm_id': 364335931, 'osm_type': 'yes'}",chennai_bld_002600,2,2,100.0,3.5917108058929443,0.8803337812423706,-2.7113771438598633,-2.7113771438598633,0.03346967697143555,-14.293665885925293,-12.140862464904785,2.152803421020508,2.152803421020508,2.511627197265625
"{'osm_id': 364335932, 'osm_type': 'yes'}",chennai_bld_002601,2,2,100.0,0.504509449005127,-5.174400329589844,-5.678909778594971,-5.678909778594971,6.9865193367004395,-10.730314254760742,-11.80317497253418,-1.0728602409362793,-1.0728602409362793,0.27071619033813477
"{'osm_id': 364335940, 'osm_type': 'yes'}",chennai_bld_002602,4,4,100.0,-0.519831657409668,0.13861523568630219,0.6584468483924866,0.808550238609314,2.915734692786553,-10.345097541809082,-11.710284233093262,-1.3651857376098633,-1.98356294631958,1.2984110227203827
"{'osm_id': 364335943, 'osm_type': 'yes'}",chennai_bld_002603,2,2,100.0,-3.818986415863037,-3.3398118019104004,0.4791743755340576,0.4791743755340576,3.317190170288086,-7.713352680206299,-10.54621410369873,-2.8328614234924316,-2.8328614234924316,3.528608798980713
"{'osm_id': 364335946, 'osm_type': 'yes'}",chennai_bld_002604,3,3,100.0,5.051063537597656,1.8502996762593586,-3.200764020284017,-3.1785409450531006,1.1932048804112803,-13.129217783610025,-12.18332290649414,0.9458948771158854,0.6704921722412109,0.40272007672603055
"{'osm_id': 364335954, 'osm_type': 'yes'}",chennai_bld_002605,2,2,100.0,-0.49923357367515564,-7.350691795349121,-6.851458549499512,-6.851458549499512,2.1447696685791016,-15.377099990844727,-16.052043914794922,-0.6749448776245117,-0.6749448776245117,0.35398387908935547
"{'osm_id': 364335956, 'osm_type': 'yes'}",chennai_bld_002606,2,2,100.0,1.882629632949829,4.353473663330078,2.470844030380249,2.470844030380249,0.9329445362091064,-14.357182502746582,-11.28400993347168,3.073172092437744,3.073172092437744,1.5124726295471191
"{'osm_id': 364335958, 'osm_type': 'yes'}",chennai_bld_002607,4,4,100.0,1.1184594631195068,0.14506447315216064,-0.9733947515487671,-0.33256426453590393,1.4810938108849188,-12.224296569824219,-13.510143280029297,-1.285846471786499,-1.3237037658691406,1.036585423417496
"{'osm_id': 364335959, 'osm_type': 'yes'}",chennai_bld_002608,2,2,100.0,-3.9756388664245605,-4.200248718261719,-0.22460991144180298,-0.22460991144180298,0.8847441077232361,-13.84707260131836,-12.0426025390625,1.8044700622558594,1.8044700622558594,0.7110595703125
"{'osm_id': 364335963, 'osm_type': 'yes'}",chennai_bld_002609,4,4,100.0,2.3516130447387695,0.8124343156814575,-1.5391789674758911,-1.5765528678894043,2.7058736592473527,-9.831084251403809,-10.86160659790039,-1.0305228233337402,-1.6083598136901855,1.4751481654641612
"{'osm_id': 364335964, 'osm_type': 'yes'}",chennai_bld_002610,4,4,100.0,0.18246790766716003,0.182466059923172,-1.8477439880371094e-06,-0.3988513946533203,2.2034106316047035,-13.53221321105957,-13.526265144348145,0.00594782829284668,0.32146692276000977,3.1271437718821047
"{'osm_id': 364335967, 'osm_type': 'yes'}",chennai_bld_002611,4,4,100.0,0.3032419681549072,-1.715780258178711,-2.019022226333618,-2.0338706970214844,0.9044306025085679,-15.399495124816895,-12.690431594848633,2.709062337875366,3.158973217010498,1.2069547776254952
"{'osm_id': 364335969, 'osm_type': 'yes'}",chennai_bld_002612,2,2,100.0,5.244708061218262,4.675995826721191,-0.5687119960784912,-0.5687119960784912,1.347036600112915,-13.392997741699219,-14.773666381835938,-1.3806676864624023,-1.3806676864624023,3.6960153579711914
"{'osm_id': 364335970, 'osm_type': 'yes'}",chennai_bld_002613,2,2,100.0,1.9662134647369385,-4.3997368812561035,-6.365950584411621,-6.365950584411621,2.5217486619949367,-11.547332763671875,-11.027599334716797,0.5197343826293945,0.5197343826293945,0.5708494186401367
"{'osm_id': 364335971, 'osm_type': 'yes'}",chennai_bld_002614,2,2,100.0,0.19144457578659058,0.14639371633529663,-0.04505082964897156,-0.04505082964897156,1.0173187553882599,-10.569219589233398,-11.331738471984863,-0.7625188827514648,-0.7625188827514648,1.1712570190429688
"{'osm_id': 364335972, 'osm_type': 'yes'}",chennai_bld_002615,3,3,100.0,-2.6035896937052407,-0.24205700556437174,2.361532688140869,2.9008660316467285,0.8750361603656729,-13.848388671875,-12.269688924153646,1.5786991119384766,1.255544662475586,1.8510627717686532
"{'osm_id': 364335973, 'osm_type': 'yes'}",chennai_bld_002616,2,2,100.0,1.8848340511322021,2.039191246032715,0.1543571949005127,0.1543571949005127,0.46813464164733887,-11.594093322753906,-12.07889461517334,-0.4848015308380127,-0.4848015308380127,3.01340651512146
"{'osm_id': 364335974, 'osm_type': 'yes'}",chennai_bld_002617,4,4,100.0,0.2853769361972809,-2.1706690788269043,-2.4560461044311523,-2.90386962890625,1.2550912376205587,-10.624458312988281,-11.311594009399414,-0.6871354579925537,-0.4683103561401367,1.725588506424305
"{'osm_id': 364335975, 'osm_type': 'yes'}",chennai_bld_002618,4,4,100.0,1.701641321182251,-0.99498450756073,-2.6966257095336914,-2.091869831085205,1.859545377630293,-11.76025104522705,-12.568470001220703,-0.8082196712493896,-1.0166211128234863,2.8569998400292214
"{'osm_id': 364335978, 'osm_type': 'yes'}",chennai_bld_002619,2,2,100.0,-2.6084508895874023,-4.434887886047363,-1.8264366388320923,-1.8264366388320923,1.6681059300899508,-10.779702186584473,-13.10049819946289,-2.320796489715576,-2.320796489715576,0.006353855133056641
"{'osm_id': 364335979, 'osm_type': 'yes'}",chennai_bld_002620,4,4,100.0,-1.4807919263839722,0.13907858729362488,1.6198705434799194,1.288656234741211,3.9518951471996955,-9.8896484375,-11.663668632507324,-1.774019718170166,-1.4427800178527832,1.405935006055581
"{'osm_id': 364335982, 'osm_type': 'yes'}",chennai_bld_002621,1,1,100.0,-3.901968002319336,-0.10560335218906403,3.7963645458221436,3.7963645458221436,0.0,-5.533670425415039,-11.895140647888184,-6.3614702224731445,-6.3614702224731445,0.0
"{'osm_id': 364335983, 'osm_type': 'yes'}",chennai_bld_002622,4,4,100.0,-0.7485456466674805,-5.489389419555664,-4.740843296051025,-4.678399085998535,1.4958617935782856,-10.590853691101074,-12.153006553649902,-1.5621531009674072,-1.5757060050964355,2.0661490907461726
"{'osm_id': 364335984, 'osm_type': 'yes'}",chennai_bld_002623,6,6,100.0,-3.2226826349894204,-5.528333028157552,-2.305649916330973,-3.0399765968322754,2.1507006855312465,-9.25812848409017,-7.963137944539388,1.2949905395507812,1.0500645637512207,2.0041805780074555
"{'osm_id': 364335987, 'osm_type': 'yes'}",chennai_bld_002624,1,1,100.0,-0.02283257618546486,2.169424057006836,2.1922566890716553,2.1922566890716553,0.0,-8.887005805969238,-10.484188079833984,-1.597182273864746,-1.597182273864746,0.0
"{'osm_id': 364337373, 'osm_type': 'yes'}",chennai_bld_002625,13,13,100.0,3.2856815044696512,2.1426240480863132,-1.143057603102464,-0.4803497791290283,4.340814941532388,-12.013813899113583,-14.49847646859976,-2.484661102294922,-2.3785781860351562,2.555487208264546
"{'osm_id': 364337374, 'osm_type': 'yes'}",chennai_bld_002626,3,3,100.0,1.7550589243570964,1.9882631301879883,0.23320424556732178,-0.42343413829803467,1.0547209257786814,-7.908148447672526,-9.921760559082031,-2.0136122703552246,-3.264904022216797,2.224592412812372
"{'osm_id': 364337377, 'osm_type': 'yes'}",chennai_bld_002627,4,4,100.0,4.464202880859375,3.0929207801818848,-1.3712822198867798,-0.991931676864624,2.2014465125879283,-10.628829956054688,-12.962052345275879,-2.3332228660583496,-2.2192459106445312,1.4107398959544062
"{'osm_id': 364337378, 'osm_type': 'yes'}",chennai_bld_002628,2,2,100.0,0.2930184006690979,2.9009366035461426,2.6079180240631104,2.6079180240631104,2.554477512836457,-15.706494331359863,-14.459514617919922,1.2469792366027832,1.2469792366027832,2.418814182281494
"{'osm_id': 364337383, 'osm_type': 'yes'}",chennai_bld_002629,3,3,100.0,-5.797606786092122,-4.235328356424968,1.562278429667155,1.9479146003723145,0.8606155282769293,-13.146841684977213,-14.965657552083334,-1.8188158671061199,-0.8358335494995117,2.430525709598517
"{'osm_id': 364337386, 'osm_type': 'yes'}",chennai_bld_002630,4,4,100.0,-5.260956764221191,-5.523047924041748,-0.2620910406112671,-0.9880558252334595,3.176725394432223,-11.068572044372559,-12.180059432983398,-1.1114885807037354,-1.7041149139404297,2.8228243018345553
"{'osm_id': 364337392, 'osm_type': 'yes'}",chennai_bld_002631,3,3,100.0,-6.435997009277344,-4.433770815531413,2.002226193745931,3.315321445465088,2.4271466899374037,-11.114496866861979,-13.770652770996094,-2.6561562220255532,-3.1605072021484375,1.6085683681040288
"{'osm_id': 364337395, 'osm_type': 'yes'}",chennai_bld_002632,6,6,100.0,1.011300802230835,-5.831591924031575,-6.842892964680989,-4.581592559814453,5.160911969761935,-12.270711263020834,-14.006434122721354,-1.7357228597005208,-1.3773117065429688,2.0482753962404368
"{'osm_id': 364337403, 'osm_type': 'yes'}",chennai_bld_002633,1,1,100.0,-3.7908105850219727,-2.1393532752990723,1.6514573097229004,1.6514573097229004,0.0,-13.90579605102539,-9.430379867553711,4.47541618347168,4.47541618347168,0.0
"{'osm_id': 364337404, 'osm_type': 'yes'}",chennai_bld_002634,2,2,100.0,-1.669309139251709,-3.7606663703918457,-2.0913572311401367,-2.0913572311401367,1.3328002691268974,-9.627305030822754,-12.512130737304688,-2.8848257064819336,-2.8848257064819336,2.635054588317871
"{'osm_id': 364337406, 'osm_type': 'yes'}",chennai_bld_002635,1,1,100.0,-2.173290729522705,-0.200778529047966,1.9725122451782227,1.9725122451782227,0.0,-9.751591682434082,-9.516185760498047,0.23540592193603516,0.23540592193603516,0.0
"{'osm_id': 364348334, 'osm_type': 'yes'}",chennai_bld_002636,7,7,100.0,-6.298998696463449,-6.6209242684500555,-0.32192574228559223,-0.2983599901199341,3.051671567238091,-14.833438328334264,-13.558551243373326,1.2748879023960658,2.1660947799682617,3.705582382087433
"{'osm_id': 364348337, 'osm_type': 'yes'}",chennai_bld_002637,4,4,100.0,-1.1020143032073975,-0.859528660774231,0.24248570203781128,1.1045993566513062,2.091597382431212,-11.43924331665039,-15.505241394042969,-4.065996170043945,-3.7499852180480957,3.7046248250284317
"{'osm_id': 364348338, 'osm_type': 'yes'}",chennai_bld_002638,2,2,100.0,3.014301061630249,0.9693456888198853,-2.0449554920196533,-2.0449554920196533,0.7728888988494873,-12.807318687438965,-16.067428588867188,-3.2601089477539062,-3.2601089477539062,0.027820587158203125
"{'osm_id': 364348339, 'osm_type': 'yes'}",chennai_bld_002639,2,2,100.0,0.9432570934295654,0.18551063537597656,-0.7577464580535889,-0.7577464580535889,2.975858688354492,-14.638015747070312,-16.684953689575195,-2.0469374656677246,-2.0469374656677246,2.347930431365967
"{'osm_id': 364348341, 'osm_type': 'yes'}",chennai_bld_002640,4,4,100.0,-5.1215925216674805,-8.293883323669434,-3.172290802001953,-3.430094003677368,1.598737353101623,-12.103582382202148,-14.533111572265625,-2.4295291900634766,-1.6708664894104004,3.037693965965993
"{'osm_id': 364348342, 'osm_type': 'yes'}",chennai_bld_002641,2,2,100.0,1.724610447883606,-1.6110528707504272,-3.335663318634033,-3.335663318634033,0.7036615610122782,-15.961413383483887,-14.276609420776367,1.6848034858703613,1.6848034858703613,2.5425057411193848
"{'osm_id': 364348343, 'osm_type': 'yes'}",chennai_bld_002642,4,4,100.0,-5.453021049499512,-5.99672794342041,-0.5437068939208984,0.3537759780883789,1.8543226319778408,-11.656156539916992,-12.460336685180664,-0.8041796684265137,-1.0827460289001465,2.268636877136946
"{'osm_id': 364348344, 'osm_type': 'yes'}",chennai_bld_002643,2,2,100.0,-0.0625690221786499,-2.664138078689575,-2.601569175720215,-2.601569175720215,0.09245455265052852,-9.86694049835205,-13.38426685333252,-3.5173263549804688,-3.5173263549804688,1.7148590087890625
"{'osm_id': 364348345, 'osm_type': 'yes'}",chennai_bld_002644,4,4,100.0,-6.9253435134887695,-6.13350772857666,0.7918359041213989,0.11629271507263184,2.009477282164119,-13.026315689086914,-13.071882247924805,-0.04556584358215332,0.7099814414978027,2.8215006016681015
"{'osm_id': 364348348, 'osm_type': 'yes'}",chennai_bld_002645,4,4,100.0,-3.3637499809265137,-3.6760411262512207,-0.3122912645339966,0.5413000583648682,3.927364266725785,-11.253686904907227,-11.20819091796875,0.04549670219421387,-0.43225860595703125,1.3755720600075012
"{'osm_id': 364348349, 'osm_type': 'yes'}",chennai_bld_002646,2,2,100.0,5.2955851554870605,2.146397590637207,-3.1491875648498535,-3.1491875648498535,0.9349451065063477,-12.876282691955566,-12.00064754486084,0.8756351470947266,0.8756351470947266,1.0231199264526367
"{'osm_id': 364348350, 'osm_type': 'yes'}",chennai_bld_002647,2,2,100.0,-1.0731239318847656,2.16935133934021,3.2424752712249756,3.2424752712249756,0.5839626789093018,-13.912036895751953,-14.18177604675293,-0.26973867416381836,-0.26973867416381836,1.0548663139343262
"{'osm_id': 364348351, 'osm_type': 'yes'}",chennai_bld_002648,3,3,100.0,-1.8625170389811199,-0.9771368503570557,0.8853801091512045,0.9201202988624573,1.1030427591221752,-15.768381754557291,-14.998641967773438,0.7697391510009766,0.22130298614501953,1.2272245448774357
"{'osm_id': 364348352, 'osm_type': 'yes'}",chennai_bld_002649,6,6,100.0,-6.936463038126628,-8.869468688964844,-1.9330053329467773,-2.962272882461548,2.4644773039690744,-11.995619455973307,-14.230482737223307,-2.234862804412842,-1.5634074211120605,2.9684979443813186
"{'osm_id': 364348354, 'osm_type': 'yes'}",chennai_bld_002650,2,2,100.0,2.48178768157959,1.76666259765625,-0.7151250243186951,-0.7151250243186951,0.09391623735427856,-15.648988723754883,-13.940906524658203,1.7080812454223633,1.7080812454223633,2.4501638412475586
"{'osm_id': 364348355, 'osm_type': 'yes'}",chennai_bld_002651,5,5,100.0,6.712232971191407,4.350337982177734,-2.361894989013672,-2.4772472381591797,1.8581659163699498,-10.907024383544922,-12.874844360351563,-1.9678205490112304,-2.495804786682129,1.416777382518987
"{'osm_id': 364348356, 'osm_type': 'yes'}",chennai_bld_002652,3,3,100.0,-3.426794687906901,-4.5878556569417315,-1.1610606511433919,-0.8222866058349609,1.8263242918261138,-10.704105377197266,-13.29397455851237,-2.589869976043701,-4.637286186218262,4.540107755789547
"{'osm_id': 364348357, 'osm_type': 'yes'}",chennai_bld_002653,6,6,100.0,1.4532861709594727,1.9539804458618164,0.5006943543752035,0.5310194492340088,4.245287452147849,-14.081207275390625,-14.376449584960938,-0.2952445348103841,-0.6783232688903809,1.051308265523659
"{'osm_id': 364348359, 'osm_type': 'yes'}",chennai_bld_002654,4,4,100.0,0.4648594856262207,-1.8061418533325195,-2.2710013389587402,-2.58836030960083,2.209671989936423,-13.313058853149414,-15.057921409606934,-1.7448632717132568,-1.669123649597168,1.8375569299681305
"{'osm_id': 364348361, 'osm_type': 'yes'}",chennai_bld_002655,2,2,100.0,2.6019599437713623,-0.1216425895690918,-2.723602533340454,-2.723602533340454,0.5511016845703125,-14.985712051391602,-18.244613647460938,-3.2589006423950195,-3.2589006423950195,2.308346748352051
"{'osm_id': 364348362, 'osm_type': 'yes'}",chennai_bld_002656,3,3,100.0,1.184414227803548,1.0068780581156414,-0.1775361696879069,-1.1202359199523926,1.706738981630701,-13.793451944986979,-14.042778015136719,-0.2493260701497396,0.3009929656982422,1.802871803146062
"{'osm_id': 364348363, 'osm_type': 'yes'}",chennai_bld_002657,2,2,100.0,-0.8208415508270264,-1.8164393901824951,-0.9955978989601135,-0.9955978989601135,2.0033900141716003,-10.815511703491211,-14.334228515625,-3.518716335296631,-3.518716335296631,0.6644091606140137
"{'osm_id': 364348366, 'osm_type': 'yes'}",chennai_bld_002658,4,4,100.0,-3.675849437713623,-4.667367458343506,-0.9915177822113037,-1.1659836769104004,2.0623512318709665,-14.003302574157715,-13.227974891662598,0.7753274440765381,0.8026609420776367,1.0730864063362462
"{'osm_id': 364348367, 'osm_type': 'yes'}",chennai_bld_002659,1,1,100.0,2.026060104370117,1.2829161882400513,-0.7431439161300659,-0.7431439161300659,0.0,-9.708566665649414,-9.566641807556152,0.14192485809326172,0.14192485809326172,0.0
"{'osm_id': 364348368, 'osm_type': 'yes'}",chennai_bld_002660,7,7,100.0,2.824206215994699,1.5215211595807756,-1.302685056413923,-1.163603663444519,2.747814197093543,-10.377632141113281,-10.972652980259486,-0.5950209753853934,-0.985015869140625,2.3875247050924493
"{'osm_id': 364348370, 'osm_type': 'yes'}",chennai_bld_002661,4,4,100.0,-2.153240203857422,-5.115655899047852,-2.9624156951904297,-2.8484110832214355,1.6628509832321354,-10.939713478088379,-10.585497856140137,0.3542160987854004,-0.05382108688354492,3.0266097685997804
"{'osm_id': 364348371, 'osm_type': 'yes'}",chennai_bld_002662,2,2,100.0,7.100574493408203,4.003045082092285,-3.097529172897339,-3.097529172897339,2.2231876850128174,-15.392881393432617,-12.600080490112305,2.7928009033203125,2.7928009033203125,2.0923681259155273
"{'osm_id': 364348372, 'osm_type': 'yes'}",chennai_bld_002663,3,3,100.0,-0.4133022626241048,0.15860207875569662,0.5719043016433716,0.454534649848938,0.5960958923827789,-8.14881706237793,-9.593711853027344,-1.4448949495951335,-1.3207454681396484,0.9158228517983665
"{'osm_id': 364348374, 'osm_type': 'yes'}",chennai_bld_002664,2,2,100.0,0.11345820128917694,1.9248073101043701,1.8113491535186768,1.8113491535186768,0.9311623871326451,-9.658557891845703,-11.804309844970703,-2.145751953125,-2.145751953125,2.1856727600097656
"{'osm_id': 364348375, 'osm_type': 'yes'}",chennai_bld_002665,4,4,100.0,-3.7397446632385254,-4.932085990905762,-1.1923414468765259,-1.1422996520996094,1.385890131834344,-14.521413803100586,-13.204520225524902,1.3168931007385254,1.5900468826293945,2.1949393940377493
"{'osm_id': 364348379, 'osm_type': 'yes'}",chennai_bld_002666,2,2,100.0,8.295051574707031,4.660184860229492,-3.634866952896118,-3.634866952896118,0.1161496639251709,-11.726009368896484,-12.25358772277832,-0.5275774002075195,-0.5275774002075195,1.9682273864746094
"{'osm_id': 364348380, 'osm_type': 'yes'}",chennai_bld_002667,2,2,100.0,9.555560111999512,11.252226829528809,1.6966668367385864,1.6966668367385864,0.7159520387649536,-12.02006721496582,-11.897298812866211,0.12276887893676758,0.12276887893676758,0.8694920539855957
"{'osm_id': 364348381, 'osm_type': 'yes'}",chennai_bld_002668,4,4,100.0,0.0573173463344574,-2.230994939804077,-2.2883124351501465,-2.868129253387451,1.2426522049794617,-9.570528984069824,-10.151301383972168,-0.5807722806930542,-1.7676825523376465,3.595954222822187
"{'osm_id': 364348386, 'osm_type': 'yes'}",chennai_bld_002669,3,3,100.0,8.065556844075521,7.062661488850911,-1.0028953552246094,-0.9112796783447266,1.7077165159832972,-13.333951314290365,-13.240559895833334,0.09339269002278645,-0.13322830200195312,0.5041469762566942
"{'osm_id': 364348390, 'osm_type': 'yes'}",chennai_bld_002670,4,4,100.0,0.9217894673347473,1.2044939994812012,0.28270453214645386,1.0131877660751343,2.5802819474212306,-13.551774978637695,-15.211995124816895,-1.6602206230163574,-1.2735037803649902,1.7516892723105764
"{'osm_id': 364348392, 'osm_type': 'yes'}",chennai_bld_002671,4,4,100.0,-0.7647451162338257,-1.2246685028076172,-0.4599234461784363,-0.5720540285110474,2.405508238783006,-11.038654327392578,-14.97242259979248,-3.9337680339813232,-3.655731201171875,1.6421879876345038
"{'osm_id': 364348394, 'osm_type': 'yes'}",chennai_bld_002672,4,4,100.0,-3.510817527770996,-1.0512059926986694,2.459611415863037,2.126849889755249,1.857374002229755,-10.051207542419434,-10.370526313781738,-0.31931912899017334,-0.09231448173522949,2.490630952509729
"{'osm_id': 364348397, 'osm_type': 'yes'}",chennai_bld_002673,2,2,100.0,12.456246376037598,10.545177459716797,-1.9110684394836426,-1.9110684394836426,0.999788761138916,-11.679388046264648,-13.872283935546875,-2.1928958892822266,-2.1928958892822266,2.0596675872802734
"{'osm_id': 364348401, 'osm_type': 'yes'}",chennai_bld_002674,6,6,100.0,12.122330983479818,9.85082753499349,-2.2715047200520835,-1.522552490234375,2.443080529927422,-13.380382537841797,-12.234064737955729,1.1463182767232258,0.7883119583129883,1.6311507452717948
"{'osm_id': 364348402, 'osm_type': 'yes'}",chennai_bld_002675,1,1,100.0,1.8195686340332031,-1.836394190788269,-3.6559629440307617,-3.6559629440307617,0.0,-2.690105438232422,-1.6697382926940918,1.02036714553833,1.02036714553833,0.0
"{'osm_id': 364348403, 'osm_type': 'yes'}",chennai_bld_002676,4,4,100.0,4.382498741149902,4.256509780883789,-0.1259889304637909,-1.2255759239196777,3.0829987130182968,-12.419967651367188,-14.033296585083008,-1.613330364227295,-0.9429926872253418,1.545297639991062
"{'osm_id': 364348404, 'osm_type': 'yes'}",chennai_bld_002677,2,2,100.0,2.164684772491455,1.1340091228485107,-1.0306755304336548,-1.0306755304336548,2.9004143476486206,-16.147802352905273,-13.991971969604492,2.155829906463623,2.155829906463623,4.673564434051514
"{'osm_id': 364348406, 'osm_type': 'yes'}",chennai_bld_002678,3,3,100.0,0.6098666191101074,0.1888508399327596,-0.42101577917734784,-0.09503263235092163,0.7286581984044681,-13.134482065836588,-13.621554056803385,-0.4870719909667969,-0.7731170654296875,1.3293139123202262
"{'osm_id': 364348407, 'osm_type': 'yes'}",chennai_bld_002679,4,4,100.0,1.8655260801315308,1.1957130432128906,-0.6698129177093506,-0.5720540285110474,0.8127891461645265,-10.077934265136719,-12.028420448303223,-1.9504859447479248,-1.7060742378234863,1.7056786200812581
"{'osm_id': 364348409, 'osm_type': 'yes'}",chennai_bld_002680,4,4,100.0,4.096991062164307,3.535419464111328,-0.5615715980529785,-0.7050340175628662,2.1569269207734645,-11.617972373962402,-15.114166259765625,-3.4961934089660645,-2.610379219055176,3.9394058599629047
"{'osm_id': 364348412, 'osm_type': 'yes'}",chennai_bld_002681,3,3,100.0,-2.4756333033243814,-5.857129414876302,-3.3814964294433594,-3.782179355621338,0.789478369717535,-9.154729207356771,-12.370305379231771,-3.215575853983561,-2.143740653991699,2.1106990610844023
"{'osm_id': 364348414, 'osm_type': 'yes'}",chennai_bld_002682,1,1,100.0,0.3013152480125427,-2.7589595317840576,-3.060274839401245,-3.060274839401245,0.0,-13.081294059753418,-12.399853706359863,0.6814403533935547,0.6814403533935547,0.0
"{'osm_id': 364348416, 'osm_type': 'yes'}",chennai_bld_002683,4,4,100.0,-4.579939365386963,-4.847006797790527,-0.2670672535896301,-0.4012210965156555,2.254722727967827,-11.684625625610352,-10.696304321289062,0.9883220195770264,0.47139739990234375,2.860100016813602
"{'osm_id': 364348417, 'osm_type': 'yes'}",chennai_bld_002684,2,2,100.0,-5.440080642700195,-5.293152809143066,0.14692795276641846,0.14692795276641846,0.6570745706558228,-16.976654052734375,-14.683809280395508,2.292844295501709,2.292844295501709,4.132060527801514
"{'osm_id': 364348419, 'osm_type': 'yes'}",chennai_bld_002685,3,3,100.0,-2.2436389923095703,-3.7407267888387046,-1.497087796529134,-1.1567583084106445,1.7051900437647167,-11.656077067057291,-11.570856730143229,0.0852206548055013,0.7788667678833008,2.2800763722032484
"{'osm_id': 364348421, 'osm_type': 'yes'}",chennai_bld_002686,4,4,100.0,1.7235021591186523,-2.461559772491455,-4.185061931610107,-3.4522383213043213,2.9143708917118643,-12.638803482055664,-11.249361038208008,1.3894429206848145,0.886012077331543,1.4710246892946792
"{'osm_id': 364348424, 'osm_type': 'yes'}",chennai_bld_002687,4,4,100.0,-1.9186012744903564,-1.5225903987884521,0.3960106670856476,0.5411294102668762,0.35060019005006293,-9.678925514221191,-10.883941650390625,-1.2050169706344604,-1.7316911220550537,2.16925043920519
"{'osm_id': 364348425, 'osm_type': 'yes'}",chennai_bld_002688,4,4,100.0,-1.3574161529541016,-0.06812828779220581,1.28928804397583,0.9140114188194275,2.613707781084094,-13.52638053894043,-13.167032241821289,0.359346866607666,-0.36388111114501953,1.5884377517262689
"{'osm_id': 364348426, 'osm_type': 'yes'}",chennai_bld_002689,4,4,100.0,-3.9858665466308594,-5.6747236251831055,-1.6888573169708252,-1.8062262535095215,1.5262281181468658,-10.617806434631348,-11.780932426452637,-1.1631255149841309,-0.5594196319580078,2.164436448521328
"{'osm_id': 364348428, 'osm_type': 'yes'}",chennai_bld_002690,4,4,100.0,-2.3075432777404785,-4.530479907989502,-2.2229366302490234,-2.2976040840148926,1.1140413604882404,-10.055171012878418,-10.4806489944458,-0.4254782199859619,1.2176403999328613,4.151594400505301
"{'osm_id': 364348429, 'osm_type': 'yes'}",chennai_bld_002691,6,6,100.0,-6.654623031616211,-7.4112288157145185,-0.7566057840983073,0.34647440910339355,2.6047604088904586,-13.38238525390625,-12.194719950358072,1.1876646677652996,1.5770230293273926,2.597698297113516
"{'osm_id': 364348430, 'osm_type': 'yes'}",chennai_bld_002692,2,2,100.0,5.482371807098389,5.002847194671631,-0.4795246124267578,-0.4795246124267578,1.2578492164611816,-11.60617733001709,-15.269058227539062,-3.6628808975219727,-3.6628808975219727,1.413802146911621
"{'osm_id': 364348432, 'osm_type': 'yes'}",chennai_bld_002693,2,2,100.0,1.3398770093917847,0.08384525775909424,-1.2560317516326904,-1.2560317516326904,5.082469701766968,-16.08060646057129,-17.36176300048828,-1.2811551094055176,-1.2811551094055176,0.04344987869262695
"{'osm_id': 364348434, 'osm_type': 'yes'}",chennai_bld_002694,5,5,100.0,-6.425228881835937,-3.550963592529297,2.874265670776367,2.113812208175659,2.5928416252438966,-13.837489318847656,-12.025581359863281,1.8119075775146485,2.1132850646972656,1.4326015427802097
"{'osm_id': 364348435, 'osm_type': 'yes'}",chennai_bld_002695,2,2,100.0,-7.273172378540039,-7.47095251083374,-0.19777989387512207,-0.19777989387512207,0.6277859210968018,-12.751420021057129,-10.052248001098633,2.699172019958496,2.699172019958496,0.8518228530883789
"{'osm_id': 364348436, 'osm_type': 'yes'}",chennai_bld_002696,4,4,100.0,-3.6086931228637695,-3.063032627105713,0.5456605553627014,0.3240591287612915,1.2855511066805063,-10.276538848876953,-10.627715110778809,-0.35117554664611816,-0.33628273010253906,0.6240053723145469
"{'osm_id': 364348437, 'osm_type': 'yes'}",chennai_bld_002697,5,5,100.0,-5.192966461181641,-6.115806198120117,-0.9228396415710449,0.13996267318725586,1.549965368719421,-14.087306213378906,-10.837799072265625,3.249505615234375,3.85038423538208,2.9715357694404476
"{'osm_id': 364348440, 'osm_type': 'yes'}",chennai_bld_002698,5,5,100.0,-6.310618591308594,-4.5608985900878904,1.749720001220703,2.02496337890625,1.4317360490560394,-11.715856170654297,-12.128424072265625,-0.4125675201416016,-0.967620849609375,2.6881090475379987
"{'osm_id': 364348441, 'osm_type': 'yes'}",chennai_bld_002699,4,4,100.0,-4.799497604370117,-5.16274881362915,-0.36325109004974365,-0.21143102645874023,2.3155912839156523,-11.252908706665039,-13.627355575561523,-2.3744473457336426,-1.6998348236083984,3.785679829952239
"{'osm_id': 364348442, 'osm_type': 'yes'}",chennai_bld_002700,2,2,100.0,-4.162631034851074,-5.785831451416016,-1.6232006549835205,-1.6232006549835205,1.2232940196990967,-10.867191314697266,-12.082133293151855,-1.2149419784545898,-1.2149419784545898,0.6774539947509766
"{'osm_id': 368882983, 'osm_type': 'yes'}",chennai_bld_002701,2,2,100.0,4.639523506164551,5.589213848114014,0.9496902227401733,0.9496902227401733,0.6943553686141968,-11.787740707397461,-11.814873695373535,-0.02713298797607422,-0.02713298797607422,0.8121490478515625
"{'osm_id': 368886560, 'osm_type': 'yes'}",chennai_bld_002702,2,2,100.0,2.0186305046081543,-0.4026540517807007,-2.4212846755981445,-2.4212846755981445,0.2430001497268969,-12.264659881591797,-11.15450668334961,1.1101527214050293,1.1101527214050293,1.8097758293151855
"{'osm_id': 368889001, 'osm_type': 'yes'}",chennai_bld_002703,2,2,100.0,-1.4469857215881348,-0.6944510340690613,0.7525346875190735,0.7525346875190735,1.707758367061615,-7.403374671936035,-8.986339569091797,-1.5829651355743408,-1.5829651355743408,0.7765586376190186
"{'osm_id': 368889002, 'osm_type': 'yes'}",chennai_bld_002704,4,4,100.0,-5.707612991333008,-5.461162090301514,0.24645066261291504,-0.6747642159461975,2.7376648587532664,-9.811335563659668,-8.268484115600586,1.5428515672683716,2.244741201400757,2.834516192309752
"{'osm_id': 368889003, 'osm_type': 'yes'}",chennai_bld_002705,14,14,100.0,6.16944830758231,6.224848066057477,0.05539982659476144,0.4223148822784424,2.570727781873912,-11.585023062569755,-10.334694998604911,1.2503277914864677,2.7643532752990723,3.271595334533069
"{'osm_id': 368889005, 'osm_type': 'yes'}",chennai_bld_002706,4,4,100.0,-0.047603070735931396,-0.5869256854057312,-0.5393226742744446,-0.24909651279449463,2.88401493381565,-10.325546264648438,-11.831033706665039,-1.5054868459701538,-1.5398712158203125,1.565867773556642
"{'osm_id': 368889006, 'osm_type': 'yes'}",chennai_bld_002707,2,2,100.0,3.725602626800537,2.677154064178467,-1.0484483242034912,-1.0484483242034912,2.012439012527466,-11.13540267944336,-13.008614540100098,-1.8732123374938965,-1.8732123374938965,1.0004830360412598
"{'osm_id': 368889007, 'osm_type': 'yes'}",chennai_bld_002708,3,3,100.0,-6.173575083414714,-4.515405019124349,1.6581705411275227,1.7679457664489746,2.5431727073343766,-9.874062220255533,-9.035845438639322,0.8382169405619303,0.8327269554138184,3.020065180892237
"{'osm_id': 368889008, 'osm_type': 'yes'}",chennai_bld_002709,2,2,100.0,-1.9824072122573853,0.2721344828605652,2.2545416355133057,2.2545416355133057,0.5211521983146702,-15.14013957977295,-9.043708801269531,6.09643030166626,6.09643030166626,1.0859875679016113
"{'osm_id': 368889009, 'osm_type': 'yes'}",chennai_bld_002710,4,4,100.0,3.028491973876953,1.57390558719635,-1.4545865058898926,-2.572577953338623,2.514384119942258,-7.150349140167236,-9.964848518371582,-2.814499855041504,-2.252040147781372,2.0841170462486986
"{'osm_id': 368889010, 'osm_type': 'yes'}",chennai_bld_002711,2,2,100.0,-2.586106777191162,-1.5898302793502808,0.9962763786315918,0.9962763786315918,2.133664608001709,-11.235969543457031,-12.775840759277344,-1.5398712158203125,-1.5398712158203125,0.2176361083984375
"{'osm_id': 368889011, 'osm_type': 'yes'}",chennai_bld_002712,2,2,100.0,3.8184609413146973,4.906580924987793,1.0881199836730957,1.0881199836730957,0.1241292953491211,-8.742386817932129,-11.219779968261719,-2.477393627166748,-2.477393627166748,0.3963017463684082
"{'osm_id': 368889013, 'osm_type': 'yes'}",chennai_bld_002713,4,4,100.0,-2.0419397354125977,-1.9193748235702515,0.12256470322608948,-0.07987004518508911,0.9169550830928125,-10.594343185424805,-11.623673439025879,-1.0293302536010742,-2.343858242034912,4.155617636127482
"{'osm_id': 368889015, 'osm_type': 'yes'}",chennai_bld_002714,4,4,100.0,-3.162736415863037,-1.5547969341278076,1.6079394817352295,1.011472463607788,2.759763087930885,-8.105583190917969,-4.964105606079102,3.1414780616760254,2.800119161605835,3.362731315866717
"{'osm_id': 368889016, 'osm_type': 'yes'}",chennai_bld_002715,2,2,100.0,3.093935012817383,2.7573397159576416,-0.33659517765045166,-0.33659517765045166,3.1558064222335815,-7.789417266845703,-11.194660186767578,-3.405242681503296,-3.405242681503296,2.4803245067596436
"{'osm_id': 368889017, 'osm_type': 'yes'}",chennai_bld_002716,2,2,100.0,3.725602626800537,2.677154064178467,-1.0484483242034912,-1.0484483242034912,2.012439012527466,-11.13540267944336,-13.008614540100098,-1.8732123374938965,-1.8732123374938965,1.0004830360412598
"{'osm_id': 368889018, 'osm_type': 'yes'}",chennai_bld_002717,2,2,100.0,-4.323393821716309,-4.000000476837158,0.32339322566986084,0.32339322566986084,2.251517415046692,-8.098264694213867,-9.065601348876953,-0.9673366546630859,-0.9673366546630859,0.8874740600585938
"{'osm_id': 368889019, 'osm_type': 'yes'}",chennai_bld_002718,1,1,100.0,-4.888368606567383,-4.290134429931641,0.5982341766357422,0.5982341766357422,0.0,-11.419841766357422,-10.034461975097656,1.3853797912597656,1.3853797912597656,0.0
"{'osm_id': 368889021, 'osm_type': 'yes'}",chennai_bld_002719,1,1,100.0,-1.4915881156921387,-2.3878674507141113,-0.8962793350219727,-0.8962793350219727,0.0,-9.988706588745117,-11.303481101989746,-1.314774513244629,-1.314774513244629,0.0
"{'osm_id': 368889022, 'osm_type': 'yes'}",chennai_bld_002720,2,2,100.0,3.093935012817383,2.7573397159576416,-0.33659517765045166,-0.33659517765045166,3.1558064222335815,-7.789417266845703,-11.194660186767578,-3.405242681503296,-3.405242681503296,2.4803245067596436
"{'osm_id': 368889023, 'osm_type': 'yes'}",chennai_bld_002721,2,2,100.0,-4.568103313446045,-4.102943420410156,0.46515989303588867,0.46515989303588867,0.38236427307128906,-12.907005310058594,-8.33407211303711,4.572933197021484,4.572933197021484,2.957003593444824
"{'osm_id': 368889025, 'osm_type': 'yes'}",chennai_bld_002722,2,2,100.0,-4.601271629333496,-5.711652755737305,-1.1103816032409668,-1.1103816032409668,1.2708568572998047,-9.132486343383789,-6.8877458572387695,2.244741201400757,2.244741201400757,1.1842710971832275
"{'osm_id': 368889026, 'osm_type': 'yes'}",chennai_bld_002723,2,2,100.0,-1.110124111175537,-1.0869346857070923,0.023189425468444824,0.023189425468444824,0.9194687604904175,-11.534168243408203,-11.507856369018555,0.026311397552490234,0.026311397552490234,1.3410859107971191
"{'osm_id': 368889027, 'osm_type': 'yes'}",chennai_bld_002724,4,4,100.0,-0.1319882869720459,-0.8381128311157227,-0.706124484539032,-0.33659517765045166,3.645338413211867,-10.27901840209961,-12.95715045928955,-2.678131341934204,-2.714046001434326,2.619435260996997
"{'osm_id': 368889029, 'osm_type': 'yes'}",chennai_bld_002725,1,1,100.0,-4.1670823097229,-3.3195581436157227,0.8475241661071777,0.8475241661071777,0.0,-12.665016174316406,-5.135079383850098,7.529936790466309,7.529936790466309,0.0
"{'osm_id': 368889031, 'osm_type': 'yes'}",chennai_bld_002726,2,2,100.0,-4.901875972747803,-5.4472975730896,-0.5454216003417969,-0.5454216003417969,1.143655776977539,-11.597125053405762,-11.9228515625,-0.3257265090942383,-0.3257265090942383,1.711106300354004
"{'osm_id': 368889032, 'osm_type': 'yes'}",chennai_bld_002727,1,1,100.0,5.016355514526367,1.523953914642334,-3.492401599884033,-3.492401599884033,0.0,-5.590357303619385,-11.475924491882324,-5.8855671882629395,-5.8855671882629395,0.0
"{'osm_id': 368889033, 'osm_type': 'yes'}",chennai_bld_002728,1,1,100.0,-4.915383338928223,-6.604460716247559,-1.689077377319336,-1.689077377319336,0.0,-11.774408340454102,-13.811241149902344,-2.036832809448242,-2.036832809448242,0.0
"{'osm_id': 368889034, 'osm_type': 'yes'}",chennai_bld_002729,2,2,100.0,1.3342252969741821,-2.971235513687134,-4.3054609298706055,-4.3054609298706055,0.8130590915680281,-10.239998817443848,-12.88221549987793,-2.642216444015503,-2.642216444015503,3.2433507442474365
"{'osm_id': 368903110, 'osm_type': 'yes'}",chennai_bld_002730,4,4,100.0,-3.3289358615875244,-5.13941764831543,-1.810482382774353,-0.68827223777771,2.518826778429922,-11.987479209899902,-13.053031921386719,-1.0655533075332642,-2.1839699745178223,2.7003012253519487
"{'osm_id': 368903111, 'osm_type': 'yes'}",chennai_bld_002731,2,2,100.0,1.0605554580688477,-1.0919818878173828,-2.1525373458862305,-2.1525373458862305,2.1306065320968663,-7.212187767028809,-7.438205718994141,-0.22601795196533203,-0.22601795196533203,1.2358741760253906
"{'osm_id': 368903112, 'osm_type': 'yes'}",chennai_bld_002732,2,2,100.0,-0.5627483129501343,-3.930666446685791,-3.3679184913635254,-3.3679184913635254,1.0702005624771185,-9.541667938232422,-11.589475631713867,-2.0478079319000244,-2.0478079319000244,1.6357805728912354
"{'osm_id': 368903113, 'osm_type': 'yes'}",chennai_bld_002733,4,4,100.0,-3.21744441986084,-3.686913013458252,-0.469468891620636,-0.469841867685318,4.015723235997195,-10.694158554077148,-11.612712860107422,-0.9185551404953003,-2.619466781616211,3.3776454263309823
"{'osm_id': 368903114, 'osm_type': 'yes'}",chennai_bld_002734,4,4,100.0,0.24890351295471191,-2.511324167251587,-2.760227918624878,-3.290431022644043,1.7921200870981804,-8.376927375793457,-9.513840675354004,-1.1369129419326782,-0.9369597434997559,1.7121072435904883
"{'osm_id': 368903115, 'osm_type': 'yes'}",chennai_bld_002735,2,2,100.0,-0.9641370177268982,-3.7509407997131348,-2.786803722381592,-2.786803722381592,1.0913552045822208,-9.614498138427734,-11.864749908447266,-2.250251293182373,-2.250251293182373,0.1457209587097168
"{'osm_id': 368903116, 'osm_type': 'yes'}",chennai_bld_002736,2,2,100.0,-1.86306631565094,-3.252760887145996,-1.3896945714950562,-1.3896945714950562,0.11156809329986572,-6.264797210693359,-9.797691345214844,-3.5328943729400635,-3.5328943729400635,1.1840450763702393
"{'osm_id': 368903117, 'osm_type': 'yes'}",chennai_bld_002737,3,3,100.0,-3.2640549341837564,-4.495974858601888,-1.2319200833638508,-1.3384723663330078,2.8890302629659326,-12.201496124267578,-13.032029469807943,-0.8305330276489258,-0.7466287612915039,1.2302433033259434
"{'osm_id': 368903118, 'osm_type': 'yes'}",chennai_bld_002738,2,2,100.0,1.7971827983856201,-1.7827788591384888,-3.5799617767333984,-3.5799617767333984,0.3576170206070145,-5.533851623535156,-4.3627424240112305,1.1711088418960571,1.1711088418960571,1.9364854097366333
"{'osm_id': 368903119, 'osm_type': 'yes'}",chennai_bld_002739,2,2,100.0,-0.9641370177268982,-3.7509407997131348,-2.786803722381592,-2.786803722381592,1.0913552045822208,-9.614498138427734,-11.864749908447266,-2.250251293182373,-2.250251293182373,0.1457209587097168
"{'osm_id': 368903120, 'osm_type': 'yes'}",chennai_bld_002740,4,4,100.0,0.08195823431015015,-2.713124990463257,-2.7950830459594727,-2.563047409057617,1.2954115589446114,-9.216291427612305,-11.379558563232422,-2.163266658782959,-2.9012184143066406,1.6730282704284822
"{'osm_id': 368903121, 'osm_type': 'yes'}",chennai_bld_002741,4,4,100.0,-1.962487816810608,-4.895869255065918,-2.9333817958831787,-2.817135810852051,1.8900875591084065,-14.569984436035156,-12.214447021484375,2.3555383682250977,1.802107334136963,1.7430550973415146
"{'osm_id': 368903122, 'osm_type': 'yes'}",chennai_bld_002742,2,2,100.0,-1.8581769466400146,-4.444182872772217,-2.586005926132202,-2.586005926132202,3.322499990463257,-13.027013778686523,-9.154245376586914,3.8727684020996094,3.8727684020996094,2.209095001220703
"{'osm_id': 368903123, 'osm_type': 'yes'}",chennai_bld_002743,1,1,100.0,0.7085204124450684,-3.229058265686035,-3.9375786781311035,-3.9375786781311035,0.0,-4.969345569610596,-5.734722137451172,-0.7653765678405762,-0.7653765678405762,0.0
"{'osm_id': 368903124, 'osm_type': 'yes'}",chennai_bld_002744,2,2,100.0,-2.038879871368408,-4.442433834075928,-2.4035539627075195,-2.4035539627075195,2.714965879917145,-11.826607704162598,-12.388483047485352,-0.5618758201599121,-0.5618758201599121,1.1630101203918457
"{'osm_id': 368903125, 'osm_type': 'yes'}",chennai_bld_002745,1,1,100.0,2.4923911094665527,1.5371674299240112,-0.9552236795425415,-0.9552236795425415,0.0,-6.415252208709717,-7.221658706665039,-0.8064064979553223,-0.8064064979553223,0.0
"{'osm_id': 368903126, 'osm_type': 'yes'}",chennai_bld_002746,1,1,100.0,-1.729854941368103,-1.418442964553833,0.31141197681427,0.31141197681427,0.0,-8.763574600219727,-10.488460540771484,-1.7248859405517578,-1.7248859405517578,0.0
"{'osm_id': 368903127, 'osm_type': 'yes'}",chennai_bld_002747,2,2,100.0,0.3625403642654419,0.03232145309448242,-0.3302189111709595,-0.3302189111709595,0.625004768371582,-7.761847496032715,-9.262227058410645,-1.5003798007965088,-1.5003798007965088,0.6939733028411865
"{'osm_id': 368903128, 'osm_type': 'yes'}",chennai_bld_002748,4,4,100.0,-0.9530954360961914,-2.439673900604248,-1.4865784645080566,-2.0617318153381348,2.8452482472102734,-8.036693572998047,-8.915586471557617,-0.878892183303833,-1.0829505920410156,1.2379533003093222
"{'osm_id': 368907244, 'osm_type': 'yes'}",chennai_bld_002749,3,3,100.0,7.876263936360677,7.308986663818359,-0.5672778288523356,-0.9698779582977295,0.7964008562373925,-11.610660552978516,-12.023880004882812,-0.41321976979573566,-1.013777732849121,3.8539589787566784
"{'osm_id': 368907247, 'osm_type': 'yes'}",chennai_bld_002750,3,3,100.0,-4.855837821960449,-4.4438737233479815,0.41196401913960773,-0.7236146926879883,1.6307212106846638,-10.721028645833334,-10.07918930053711,0.6418396631876627,-0.2497711181640625,2.9240327234339865
"{'osm_id': 368907250, 'osm_type': 'yes'}",chennai_bld_002751,2,2,100.0,-1.8466943502426147,-3.196488857269287,-1.349794626235962,-1.349794626235962,1.1312336921691895,-11.933096885681152,-14.782988548278809,-2.8498916625976562,-2.8498916625976562,0.33547019958496094
"{'osm_id': 368907251, 'osm_type': 'yes'}",chennai_bld_002752,7,7,100.0,1.225151198250907,1.3130241121564592,0.08787298202514648,-2.126972198486328,4.072948905500019,-13.906536647251674,-13.705025809151786,0.20151138305664062,0.5043849945068359,2.0739618522979324
"{'osm_id': 368907253, 'osm_type': 'yes'}",chennai_bld_002753,10,10,100.0,0.75797119140625,3.1318115234375,2.37384033203125,2.137444019317627,2.9471363905941796,-10.746649169921875,-10.481537628173829,0.26511201858520506,-0.8377013206481934,3.2911864241705
"{'osm_id': 368907255, 'osm_type': 'yes'}",chennai_bld_002754,5,5,100.0,-0.25622024536132815,0.39627490043640134,0.6524950981140136,1.0121290683746338,1.213133226999614,-12.274555969238282,-12.662533569335938,-0.38797798156738283,-0.28533267974853516,2.1316851539636508
"{'osm_id': 368907256, 'osm_type': 'yes'}",chennai_bld_002755,7,7,100.0,-4.270846230643136,-7.606533595493862,-3.3356873648507253,-2.9264330863952637,2.2413644778937627,-10.342708042689733,-12.931876046316964,-2.589166913713728,-2.1877241134643555,3.96524393225071
"{'osm_id': 368907257, 'osm_type': 'yes'}",chennai_bld_002756,4,4,100.0,6.764793395996094,5.849689483642578,-0.9151039123535156,-0.9176316261291504,2.2239067714627594,-11.515932083129883,-11.506083488464355,0.009849309921264648,1.0838236808776855,2.855251428465223
"{'osm_id': 368907258, 'osm_type': 'yes'}",chennai_bld_002757,6,6,100.0,-0.5906062920888265,-0.6118749380111694,-0.021268645922342937,0.37107840180397034,2.041320165872375,-11.97738265991211,-13.082478841145834,-1.1050978501637776,-1.097679853439331,2.62429925121518
"{'osm_id': 368907260, 'osm_type': 'yes'}",chennai_bld_002758,6,6,100.0,2.247981866200765,4.614718755086263,2.36673641204834,2.2418344020843506,3.2221774488615242,-9.551785786946615,-10.390986124674479,-0.8392009735107422,-1.4049205780029297,1.7957972878469743
"{'osm_id': 368907262, 'osm_type': 'yes'}",chennai_bld_002759,5,5,100.0,-2.555811309814453,-1.3405986785888673,1.2152127265930175,0.5634598731994629,1.752248474144704,-14.218763732910157,-15.193609619140625,-0.9748449325561523,-2.877157211303711,2.945456880677232
"{'osm_id': 368907263, 'osm_type': 'yes'}",chennai_bld_002760,7,7,100.0,-4.509585244315011,-7.6260801042829245,-3.1164948599679128,-3.449030876159668,1.9830221362446299,-9.986589704241071,-13.093222481863839,-3.1066335950578963,-1.948699951171875,3.457417012200437
"{'osm_id': 368907264, 'osm_type': 'yes'}",chennai_bld_002761,4,4,100.0,-5.161850929260254,-2.498121500015259,2.663729429244995,3.430711269378662,1.6484534696938797,-14.345181465148926,-17.049877166748047,-2.704695701599121,-3.138212203979492,2.5746935897252343
"{'osm_id': 368907266, 'osm_type': 'yes'}",chennai_bld_002762,2,2,100.0,1.4304203987121582,1.33058762550354,-0.09983277320861816,-0.09983277320861816,2.4897477626800537,-9.315213203430176,-11.621988296508789,-2.306774616241455,-2.306774616241455,0.27260923385620117
"{'osm_id': 368907267, 'osm_type': 'yes'}",chennai_bld_002763,9,9,100.0,1.0242198308308919,1.7352097829182942,0.7109900580512153,1.65860116481781,2.4840566851059434,-12.640242682562935,-11.754443698459202,0.8857987721761068,1.3785982131958008,3.3156138589818385
"{'osm_id': 368907269, 'osm_type': 'yes'}",chennai_bld_002764,14,14,100.0,0.32087264742170063,-0.6978213446480888,-1.0186941283089774,-0.3483127951622009,2.777150327753335,-11.289134434291295,-11.591275896344866,-0.3021424838474819,0.07154083251953125,2.7816564291905514
"{'osm_id': 368907271, 'osm_type': 'yes'}",chennai_bld_002765,7,7,100.0,-3.984817232404436,-5.7505596705845425,-1.765742301940918,-2.14420747756958,2.801019091321742,-11.467868259974889,-12.439052036830358,-0.9711840493338448,-0.8392505645751953,2.109401895337993
"{'osm_id': 368907272, 'osm_type': 'yes'}",chennai_bld_002766,3,3,100.0,5.196686426798503,3.634662310282389,-1.562024434407552,-3.088993787765503,2.2744906081624574,-8.971022288004557,-10.784965515136719,-1.8139427502950032,-3.4202327728271484,2.8868682152830947
"{'osm_id': 368907274, 'osm_type': 'yes'}",chennai_bld_002767,5,5,100.0,0.8295680999755859,-0.7554263591766357,-1.5849945068359375,-0.9577193260192871,1.8749363739069331,-14.432020568847657,-16.20367431640625,-1.7716529846191407,-3.3716964721679688,2.694954541325921
"{'osm_id': 368907277, 'osm_type': 'yes'}",chennai_bld_002768,10,10,100.0,-0.893361759185791,-1.169029998779297,-0.2756683349609375,0.6066188216209412,3.041151027060913,-10.72650375366211,-11.639253234863281,-0.9127488136291504,0.03096294403076172,2.6097387076350786
"{'osm_id': 368907278, 'osm_type': 'yes'}",chennai_bld_002769,4,4,100.0,-4.732842445373535,-4.950075149536133,-0.2172325849533081,-0.26265478134155273,0.9449279974506095,-8.192405700683594,-9.927850723266602,-1.7354445457458496,-1.0316033363342285,1.6164151874840087
"{'osm_id': 368907279, 'osm_type': 'yes'}",chennai_bld_002770,2,2,100.0,-6.286300182342529,-5.73142147064209,0.5548787117004395,0.5548787117004395,0.7576289176940918,-17.252601623535156,-16.048480987548828,1.2041206359863281,1.2041206359863281,1.7628021240234375
"{'osm_id': 368907281, 'osm_type': 'yes'}",chennai_bld_002771,1,1,100.0,-3.0331192016601562,-3.2516801357269287,-0.21856093406677246,-0.21856093406677246,0.0,-13.006818771362305,-15.521240234375,-2.5144214630126953,-2.5144214630126953,0.0
"{'osm_id': 368907282, 'osm_type': 'yes'}",chennai_bld_002772,9,9,100.0,-0.684970325893826,-2.0349888271755643,-1.3500187132093642,-1.8912829160690308,1.681259761108456,-15.539893256293404,-15.326458401150173,0.21343549092610678,-0.2668876647949219,2.375559253645157
"{'osm_id': 368907283, 'osm_type': 'yes'}",chennai_bld_002773,3,3,100.0,3.186603864034017,2.1570487022399902,-1.029555320739746,0.21048903465270996,1.8211900484417771,-12.161972045898438,-13.85354487101237,-1.6915721893310547,-3.596769332885742,3.5794671869842967
"{'osm_id': 368907286, 'osm_type': 'yes'}",chennai_bld_002774,13,13,100.0,-3.8198459331805887,-2.902178250826322,0.9176678290733924,1.3126721382141113,2.6690491710238295,-12.058985783503605,-11.840254563551683,0.21873096319345328,-0.43633460998535156,2.7799267731268102
"{'osm_id': 368907287, 'osm_type': 'yes'}",chennai_bld_002775,6,6,100.0,-2.4913299878438315,-4.751753489176433,-2.260423501332601,-1.3099987506866455,3.057102265359046,-12.06618626912435,-12.516643524169922,-0.4504570960998535,-0.9132742881774902,1.9947085897590469
"{'osm_id': 368907289, 'osm_type': 'yes'}",chennai_bld_002776,1,1,100.0,-2.7138254642486572,-3.119173526763916,-0.4053480625152588,-0.4053480625152588,0.0,-14.374823570251465,-15.332551956176758,-0.957728385925293,-0.957728385925293,0.0
"{'osm_id': 368907291, 'osm_type': 'yes'}",chennai_bld_002777,4,4,100.0,1.360407829284668,2.441472053527832,1.081064224243164,0.7186418771743774,2.1359882199610856,-13.762018203735352,-10.90631103515625,2.855706214904785,2.79988956451416,2.159754746487888
"{'osm_id': 368907292, 'osm_type': 'yes'}",chennai_bld_002778,6,6,100.0,-3.576679547627767,-4.374828974405925,-0.7981494267781576,-0.3299131393432617,1.1861228262432606,-10.154596964518229,-11.082695007324219,-0.9280984401702881,-1.3272168636322021,3.6834439714336074
"{'osm_id': 368907293, 'osm_type': 'yes'}",chennai_bld_002779,7,7,100.0,-2.767704554966518,-4.9846987043108255,-2.21699401310512,-2.6572134494781494,3.9142134458882505,-11.396868024553571,-13.948133196149554,-2.5512657165527344,-1.921163558959961,3.642913992164047
"{'osm_id': 368907295, 'osm_type': 'yes'}",chennai_bld_002780,2,2,100.0,-4.605597972869873,-6.443680763244629,-1.8380827903747559,-1.8380827903747559,3.150754928588867,-16.67685317993164,-13.870516777038574,2.80633544921875,2.80633544921875,2.291689872741699
"{'osm_id': 368907299, 'osm_type': 'yes'}",chennai_bld_002781,5,5,100.0,6.478925323486328,6.249985122680664,-0.22893948554992677,-0.9698779582977295,1.5377341361395265,-12.153224182128906,-12.285206604003907,-0.13198261260986327,-0.44159889221191406,3.0404706736869955
"{'osm_id': 368907300, 'osm_type': 'yes'}",chennai_bld_002782,4,4,100.0,-0.975643515586853,-2.380950689315796,-1.4053072929382324,-0.4076051414012909,2.2104575771448296,-9.26366901397705,-8.330022811889648,0.9336462020874023,0.36310815811157227,1.9456204869497509
"{'osm_id': 368907306, 'osm_type': 'yes'}",chennai_bld_002783,4,4,100.0,-2.9786627292633057,-5.880708694458008,-2.9020462036132812,-2.3326292037963867,2.1668614583754247,-13.003822326660156,-15.31242847442627,-2.3086066246032715,-3.577317237854004,4.394758685649925
"{'osm_id': 368907308, 'osm_type': 'yes'}",chennai_bld_002784,8,8,100.0,-2.70004940032959,-3.833799123764038,-1.1337496042251587,-1.8483202457427979,2.367343031397094,-7.77223014831543,-9.059761047363281,-1.2875310182571411,-1.0475623607635498,2.460291329711434
"{'osm_id': 368907309, 'osm_type': 'yes'}",chennai_bld_002785,6,6,100.0,0.008134563763936361,0.5695809920628866,0.56144646803538,-0.2969367802143097,2.2925387873305128,-10.53146998087565,-10.845216115315756,-0.31374597549438477,0.42833805084228516,2.514376381482098
"{'osm_id': 368907984, 'osm_type': 'yes'}",chennai_bld_002786,1,1,100.0,7.665785789489746,6.4269304275512695,-1.2388553619384766,-1.2388553619384766,0.0,-14.714690208435059,-14.453186988830566,0.2615032196044922,0.2615032196044922,0.0
"{'osm_id': 368907985, 'osm_type': 'yes'}",chennai_bld_002787,2,2,100.0,6.480269432067871,5.738686561584473,-0.7415831089019775,-0.7415831089019775,0.497272253036499,-14.077186584472656,-15.233898162841797,-1.1567120552062988,-1.1567120552062988,1.418215274810791
"{'osm_id': 368907987, 'osm_type': 'yes'}",chennai_bld_002788,3,3,100.0,-1.2063583532969158,-1.410037676493327,-0.20367944240570068,-0.42343413829803467,1.4902159799817616,-10.43551762898763,-10.933369954427084,-0.4978516896565755,0.6595315933227539,1.9652946449176198
"{'osm_id': 368912115, 'osm_type': 'yes'}",chennai_bld_002789,2,2,100.0,-0.7763149738311768,-1.2525852918624878,-0.47627031803131104,-0.47627031803131104,0.7566301822662354,-12.014110565185547,-11.849007606506348,0.16510295867919922,0.16510295867919922,0.4382486343383789
"{'osm_id': 368912117, 'osm_type': 'yes'}",chennai_bld_002790,4,4,100.0,-0.04438072443008423,-0.6342142224311829,-0.5898335576057434,-0.651914119720459,1.9247004432370072,-10.919746398925781,-10.966708183288574,-0.04696226119995117,0.3010878562927246,1.1210669273347516
"{'osm_id': 368912132, 'osm_type': 'yes'}",chennai_bld_002791,4,4,100.0,-2.038072109222412,-6.066338539123535,-4.028265953063965,-4.43160343170166,2.2185319014347122,-13.21240520477295,-12.622886657714844,0.5895185470581055,0.7952356338500977,0.652488652997834
"{'osm_id': 368912135, 'osm_type': 'yes'}",chennai_bld_002792,2,2,100.0,-2.0394372940063477,-5.664365768432617,-3.6249284744262695,-3.6249284744262695,3.0848122835159324,-12.99908447265625,-12.203847885131836,0.7952356338500977,0.7952356338500977,0.059205055236816406
"{'osm_id': 368912136, 'osm_type': 'yes'}",chennai_bld_002793,4,4,100.0,1.7770943641662598,-1.4823830127716064,-3.2594776153564453,-1.967067003250122,3.6898693602060884,-11.929780960083008,-12.766469955444336,-0.8366882801055908,-0.36684226989746094,1.4314247597650784
"{'osm_id': 368912139, 'osm_type': 'yes'}",chennai_bld_002794,2,2,100.0,0.4110611081123352,-5.580160617828369,-5.991221904754639,-5.991221904754639,0.7185187339782715,-10.817300796508789,-11.268579483032227,-0.4512786865234375,-0.4512786865234375,1.3057193756103516
"{'osm_id': 368912144, 'osm_type': 'yes'}",chennai_bld_002795,4,4,100.0,2.8678653240203857,0.3183619976043701,-2.5495035648345947,-2.0491788387298584,1.4537969454471897,-12.326591491699219,-13.71047592163086,-1.383885145187378,-0.36684226989746094,2.266551972952678
"{'osm_id': 368912145, 'osm_type': 'yes'}",chennai_bld_002796,2,2,100.0,-1.8129456043243408,-5.52681827545166,-3.7138724327087402,-3.7138724327087402,1.4675931930541992,-7.874856948852539,-11.951761245727539,-4.076904296875,-4.076904296875,1.5862109661102475
"{'osm_id': 368912148, 'osm_type': 'yes'}",chennai_bld_002797,2,2,100.0,-0.19690129160881042,-3.2467293739318848,-3.049828290939331,-3.049828290939331,1.8169277310371408,-12.187688827514648,-12.093206405639648,0.0944819450378418,0.0944819450378418,0.3676276206970215
"{'osm_id': 368912151, 'osm_type': 'yes'}",chennai_bld_002798,2,2,100.0,-0.7763149738311768,-1.2525852918624878,-0.47627031803131104,-0.47627031803131104,0.7566301822662354,-12.014110565185547,-11.849007606506348,0.16510295867919922,0.16510295867919922,0.4382486343383789
"{'osm_id': 368912153, 'osm_type': 'yes'}",chennai_bld_002799,4,4,100.0,0.5384936928749084,-1.3123774528503418,-1.850871205329895,-1.209214210510254,1.7973544602792508,-11.193952560424805,-11.344217300415039,-0.15026521682739258,0.0944819450378418,1.0940331577864881
"{'osm_id': 368920184, 'osm_type': 'yes'}",chennai_bld_002800,1,1,100.0,-5.844808578491211,-5.842495918273926,0.0023126602172851562,0.0023126602172851562,0.0,-12.722755432128906,-12.924163818359375,-0.20140838623046875,-0.20140838623046875,0.0
"{'osm_id': 368920188, 'osm_type': 'yes'}",chennai_bld_002801,1,1,100.0,-1.1258275508880615,-1.9078229665756226,-0.781995415687561,-0.781995415687561,0.0,-6.632833480834961,-9.45587158203125,-2.823038101196289,-2.823038101196289,0.0
"{'osm_id': 368920189, 'osm_type': 'yes'}",chennai_bld_002802,4,4,100.0,-3.093668222427368,-3.811505079269409,-0.717836856842041,-0.2396625280380249,1.0780810315537146,-10.861381530761719,-11.503105163574219,-0.6417241096496582,-1.7539243698120117,2.4312761387447166
"{'osm_id': 368920193, 'osm_type': 'yes'}",chennai_bld_002803,1,1,100.0,-1.1258275508880615,-1.9078229665756226,-0.781995415687561,-0.781995415687561,0.0,-6.632833480834961,-9.45587158203125,-2.823038101196289,-2.823038101196289,0.0
"{'osm_id': 368920195, 'osm_type': 'yes'}",chennai_bld_002804,4,4,100.0,-4.457935333251953,-4.934279441833496,-0.47634434700012207,-0.19377148151397705,2.377951952043561,-11.054208755493164,-12.04275131225586,-0.9885430335998535,-2.005019187927246,2.1373244346787073
"{'osm_id': 368920198, 'osm_type': 'yes'}",chennai_bld_002805,3,3,100.0,3.0186119079589844,0.4006129900614421,-2.6179989178975425,-1.7523633241653442,2.052911815276612,-11.481522878011068,-12.272926330566406,-0.7914024988810221,0.5284013748168945,2.696848956825466
"{'osm_id': 368920199, 'osm_type': 'yes'}",chennai_bld_002806,2,2,100.0,-3.92789363861084,-4.170139789581299,-0.24224621057510376,-0.24224621057510376,0.5397492051124573,-12.500933647155762,-12.207547187805176,0.29338645935058594,0.29338645935058594,3.116424560546875
"{'osm_id': 368920200, 'osm_type': 'yes'}",chennai_bld_002807,2,2,100.0,1.310621976852417,0.02001333236694336,-1.2906086444854736,-1.2906086444854736,2.7372686862945557,-12.722930908203125,-14.345174789428711,-1.622243881225586,-1.622243881225586,1.7604255676269531
"{'osm_id': 368920203, 'osm_type': 'yes'}",chennai_bld_002808,2,2,100.0,8.089557647705078,7.55300235748291,-0.536555290222168,-0.536555290222168,1.9603323936462402,-12.186138153076172,-12.800958633422852,-0.6148209571838379,-0.6148209571838379,1.2960410118103027
"{'osm_id': 368920205, 'osm_type': 'yes'}",chennai_bld_002809,2,2,100.0,4.329373359680176,0.7278169989585876,-3.6015563011169434,-3.6015563011169434,1.8491930365562448,-11.456860542297363,-13.467754364013672,-2.0108933448791504,-2.0108933448791504,2.539294719696045
"{'osm_id': 368920206, 'osm_type': 'yes'}",chennai_bld_002810,2,2,100.0,-3.5161044597625732,-5.122846603393555,-1.6067419052124023,-1.6067419052124023,0.9875974655151367,-12.745429039001465,-12.684492111206055,0.06093740463256836,0.06093740463256836,1.586352825164795
"{'osm_id': 368920210, 'osm_type': 'yes'}",chennai_bld_002811,2,2,100.0,8.089557647705078,7.55300235748291,-0.536555290222168,-0.536555290222168,1.9603323936462402,-12.186138153076172,-12.800958633422852,-0.6148209571838379,-0.6148209571838379,1.2960410118103027
"{'osm_id': 368920214, 'osm_type': 'yes'}",chennai_bld_002812,1,1,100.0,8.488992691040039,5.992105007171631,-2.496887683868408,-2.496887683868408,0.0,-13.07278823852539,-12.391568183898926,0.6812200546264648,0.6812200546264648,0.0
"{'osm_id': 368920216, 'osm_type': 'yes'}",chennai_bld_002813,4,4,100.0,-4.436190605163574,-6.826065540313721,-2.3898751735687256,-2.5569891929626465,2.070591595662129,-13.932408332824707,-15.385965347290039,-1.4535579681396484,-1.4603347778320312,1.5770973621628899
"{'osm_id': 368920218, 'osm_type': 'yes'}",chennai_bld_002814,2,2,100.0,-5.838682174682617,-8.061443328857422,-2.222761392593384,-2.222761392593384,2.2788918018341064,-12.130210876464844,-12.721782684326172,-0.5915722846984863,-0.5915722846984863,1.3274474143981934
"{'osm_id': 368931569, 'osm_type': 'yes'}",chennai_bld_002815,3,3,100.0,11.31534194946289,9.301289876302084,-2.014052073160807,-1.9539623260498047,0.12427604514165438,-6.986349741617839,-7.708773295084636,-0.7224239508310953,-0.7785711288452148,1.8456185275435668
"{'osm_id': 368931572, 'osm_type': 'yes'}",chennai_bld_002816,4,4,100.0,8.46434211730957,5.970382213592529,-2.493960380554199,-2.6200644969940186,1.5983281351650074,-11.719079971313477,-14.262414932250977,-2.5433340072631836,-3.3212976455688477,3.050320589077445
"{'osm_id': 368931575, 'osm_type': 'yes'}",chennai_bld_002817,4,4,100.0,10.629972457885742,7.922950744628906,-2.707022190093994,-2.797123670578003,1.8113324835582696,-8.130115509033203,-12.714561462402344,-4.584446907043457,-5.169893264770508,4.417182035038691
"{'osm_id': 369050329, 'osm_type': 'yes'}",chennai_bld_002818,2,2,100.0,-4.2855305671691895,-3.4275450706481934,0.8579856157302856,0.8579856157302856,1.8891977071762085,-9.664520263671875,-11.180590629577637,-1.5160698890686035,-1.5160698890686035,1.34611177444458
"{'osm_id': 369050330, 'osm_type': 'yes'}",chennai_bld_002819,2,2,100.0,-4.14301061630249,-5.584684371948242,-1.4416738748550415,-1.4416738748550415,0.40109264850616455,-10.273689270019531,-11.244787216186523,-0.9710977077484131,-0.9710977077484131,0.9045007228851318
"{'osm_id': 422432452, 'osm_type': 'train_station'}",chennai_bld_002820,30,30,100.0,-1.4992117563883463,-3.6392728169759114,-2.1400606791178385,-1.2751530408859253,4.445884548252404,-8.30523427327474,-8.88424072265625,-0.579005750020345,0.29597902297973633,5.165292959377552
"{'osm_id': 568600204, 'osm_type': 'house'}",chennai_bld_002821,2,2,100.0,-4.810203552246094,-6.652375221252441,-1.8421714305877686,-1.8421714305877686,0.15084242820739746,-12.04916000366211,-14.2716064453125,-2.2224459648132324,-2.2224459648132324,4.333678722381592
"{'osm_id': 568600207, 'osm_type': 'yes'}",chennai_bld_002822,6,6,100.0,-0.15041613578796387,-1.7384883562723796,-1.5880722999572754,-1.4404418468475342,1.451841289755692,-15.006067911783854,-12.11239496866862,2.893671671549479,3.0411276817321777,2.6692879743194045
"{'osm_id': 604135767, 'osm_type': 'train_station'}",chennai_bld_002823,24,24,100.0,-2.175347646077474,-5.639418284098308,-3.4640706380208335,-3.5242629051208496,4.015374369314561,-7.002112070719401,-9.411720275878906,-2.4096078872680664,-2.8146400451660156,4.556089785040265
"{'osm_id': 653683972, 'osm_type': 'hotel'}",chennai_bld_002824,57,57,100.0,-1.885259929456209,-2.0835892526726973,-0.1983295239900288,0.015025421977043152,2.75481324176215,-14.10527921977796,-13.720372250205592,0.38490683572334156,0.3062629699707031,3.769227686970629
"{'osm_id': 654096265, 'osm_type': 'yes'}",chennai_bld_002825,8,8,100.0,0.06274667382240295,-2.838407039642334,-2.901153564453125,-1.4900577068328857,4.150472247792445,-12.110060691833496,-11.956104278564453,0.15395712852478027,1.174736499786377,2.656090527809427
"{'osm_id': 654096870, 'osm_type': 'yes'}",chennai_bld_002826,13,13,100.0,7.387417133037861,5.9439521202674275,-1.4434648660513072,-1.1167564392089844,3.650733189068421,-8.263902517465445,-9.713682908278246,-1.4497806842510517,-1.280364990234375,4.035497124563999
"{'osm_id': 654096882, 'osm_type': 'yes'}",chennai_bld_002827,6,6,100.0,3.8907655080159507,-0.6067750453948975,-4.497540473937988,-4.094266414642334,4.082592256949624,-11.755143483479818,-15.526812235514322,-3.7716687520345054,-2.3554420471191406,3.8463783022726643
"{'osm_id': 654097143, 'osm_type': 'yes'}",chennai_bld_002828,8,8,100.0,5.321433067321777,1.0569863319396973,-4.26444673538208,-3.4472789764404297,4.589951370089615,-9.012850761413574,-13.76905632019043,-4.756205081939697,-5.323225021362305,3.6459108346378186
"{'osm_id': 654097144, 'osm_type': 'yes'}",chennai_bld_002829,8,8,100.0,9.668753623962402,11.22554874420166,1.5567950010299683,0.03991293907165527,5.292521500651767,-8.071784019470215,-7.514761924743652,0.5570216774940491,1.6151375770568848,4.5947987905823595
"{'osm_id': 654097188, 'osm_type': 'yes'}",chennai_bld_002830,13,13,100.0,6.720358041616587,6.583258408766526,-0.1370994494511531,-1.1201179027557373,3.0218846818010037,-9.082138061523438,-9.51747072660006,-0.43533262839684117,-0.057816505432128906,2.0498315124908126
"{'osm_id': 838222743, 'osm_type': 'yes'}",chennai_bld_002831,4,4,100.0,-2.1792149543762207,-1.3160024881362915,0.8632124662399292,1.9643052816390991,2.620405497576346,-10.983746528625488,-12.754179000854492,-1.770432710647583,-1.8163652420043945,2.096688249239216
"{'osm_id': 912444908, 'osm_type': 'yes'}",chennai_bld_002832,4,4,100.0,-5.023862838745117,-3.312624454498291,1.7112382650375366,1.5831003189086914,2.313535313332264,-12.206449508666992,-12.559123039245605,-0.3526740074157715,-0.14873504638671875,1.7379782423089432
"{'osm_id': 912444909, 'osm_type': 'yes'}",chennai_bld_002833,4,4,100.0,4.391274929046631,4.25125789642334,-0.14001703262329102,-1.051328182220459,5.642746523398384,-11.087687492370605,-12.820011138916016,-1.7323229312896729,-1.0645813941955566,1.3694044447454279
"{'osm_id': 918321233, 'osm_type': 'yes'}",chennai_bld_002834,19,19,100.0,-4.252765856291118,-6.353599146792763,-2.1008330897281042,-2.7884654998779297,2.6572867136737486,-12.47178087736431,-13.274336162366366,-0.8025551846152857,-1.147538185119629,2.768365396977769
"{'osm_id': 918321238, 'osm_type': 'yes'}",chennai_bld_002835,4,4,100.0,-3.8282344341278076,-7.352637767791748,-3.5244033336639404,-1.9422636032104492,3.701720534809918,-12.56134033203125,-12.867573738098145,-0.30623340606689453,-0.47419118881225586,2.811713970931527
"{'osm_id': 918321239, 'osm_type': 'yes'}",chennai_bld_002836,4,4,100.0,-4.319885730743408,-6.3299994468688965,-2.0101137161254883,-2.792891502380371,2.7366424733158237,-12.571250915527344,-10.970170021057129,1.6010818481445312,1.0406522750854492,3.401319808412205
"{'osm_id': 918321240, 'osm_type': 'hospital'}",chennai_bld_002837,21,21,100.0,-4.578450520833333,-6.835114251999628,-2.2566639128185453,-1.8272581100463867,3.001164773685724,-13.147878011067709,-13.312110537574405,-0.16423320770263672,-0.21332263946533203,3.142176309474833
"{'osm_id': 918321242, 'osm_type': 'yes'}",chennai_bld_002838,2,2,100.0,-3.857661485671997,-6.7477617263793945,-2.8901000022888184,-2.8901000022888184,3.412982940673828,-10.274580001831055,-11.409273147583008,-1.1346936225891113,-1.1346936225891113,0.709693431854248
"{'osm_id': 918321243, 'osm_type': 'yes'}",chennai_bld_002839,4,4,100.0,-4.330379486083984,-4.773565769195557,-0.4431856870651245,0.54278564453125,1.9019470737850677,-15.087814331054688,-12.798810958862305,2.2890028953552246,0.9047369956970215,4.561042730708979
"{'osm_id': 918321244, 'osm_type': 'yes'}",chennai_bld_002840,2,2,100.0,-4.081632614135742,-7.341954708099365,-3.260322093963623,-3.260322093963623,1.391047477722168,-14.894686698913574,-14.077537536621094,0.8171491622924805,0.8171491622924805,2.411810874938965
"{'osm_id': 918323032, 'osm_type': 'yes'}",chennai_bld_002841,12,12,100.0,-5.467435201009114,-6.118813196818034,-0.6513771613438925,0.9873404502868652,4.646147572643113,-13.544568379720053,-12.41689936319987,1.1276682217915852,2.0262537002563477,3.862008084896743
"{'osm_id': 918323033, 'osm_type': 'yes'}",chennai_bld_002842,6,6,100.0,-4.6606903076171875,-5.87525749206543,-1.214566946029663,-0.2664308547973633,3.3619932416031473,-14.172847747802734,-9.42804209391276,4.744805653889974,5.1150665283203125,1.5417712082672124
"{'osm_id': 1016681320, 'osm_type': 'construction'}",chennai_bld_002843,44,44,100.0,-5.456926519220525,-6.2712319113991475,-0.8143051320856268,-1.5725412368774414,3.256351618953156,-13.211575594815342,-13.270957253196023,-0.05938115986910733,-0.03930377960205078,3.452457389481807
"{'osm_id': 1016681322, 'osm_type': 'construction'}",chennai_bld_002844,29,29,100.0,-5.894263431943696,-8.10083218278556,-2.206568356218009,-1.9742836952209473,3.1078528396583796,-14.926535770810883,-14.592487203663794,0.3340494879360857,0.7170038223266602,3.63579637038933
"{'osm_id': 1032884381, 'osm_type': 'yes'}",chennai_bld_002845,6,6,100.0,-2.5608158111572266,-4.327890396118164,-1.7670750617980957,-1.782249927520752,1.7961859833263427,-11.762190500895182,-12.300483703613281,-0.5382939974466959,-0.8823065757751465,2.1958274373504283
"{'osm_id': 1038741390, 'osm_type': 'yes'}",chennai_bld_002846,6,6,100.0,-1.4916989008585613,-3.4242445627848306,-1.9325453440348308,-1.458846926689148,2.895476718055171,-7.955847422281901,-7.108465830485026,0.8473814328511556,1.5632572174072266,2.579439821842147
"{'osm_id': 1128380711, 'osm_type': 'pavilion'}",chennai_bld_002847,4,4,100.0,-6.682671546936035,-9.357015609741211,-2.674344062805176,-2.877300500869751,3.1571561069865046,-12.766081809997559,-16.42650032043457,-3.660418748855591,-3.7057628631591797,0.6377139276505992
"{'osm_id': 1128390599, 'osm_type': 'grandstand'}",chennai_bld_002848,18,18,100.0,-7.010785844590929,-7.070543501112196,-0.05975757704840766,0.26532793045043945,2.6963765275158793,-14.298953586154514,-16.170522054036457,-1.871569103664822,-1.8144550323486328,4.388059363617535
"{'osm_id': 1128397326, 'osm_type': 'yes'}",chennai_bld_002849,8,8,100.0,-3.125492572784424,-5.72320032119751,-2.597708225250244,-2.5947892665863037,1.525575225222036,-12.182226181030273,-10.685750961303711,1.4964756965637207,0.6070480346679688,2.8996249062873445
"{'osm_id': 1128397327, 'osm_type': 'yes'}",chennai_bld_002850,8,8,100.0,-6.511224746704102,-6.565774440765381,-0.054549217224121094,-0.9850070476531982,2.654701112924527,-13.63832950592041,-13.728667259216309,-0.09033787250518799,0.42648863792419434,4.276328806933221
"{'osm_id': 1128397328, 'osm_type': 'yes'}",chennai_bld_002851,6,6,100.0,-5.331545193990071,-7.911322275797526,-2.5797767639160156,-2.9163341522216797,1.8648854999795674,-14.752873738606771,-15.508705139160156,-0.7558309237162272,-1.0304231643676758,1.1919528214585269
"{'osm_id': 1128397329, 'osm_type': 'yes'}",chennai_bld_002852,8,8,100.0,-4.115983963012695,-5.630082130432129,-1.5140979290008545,-3.6686697006225586,4.823815147546256,-15.931055068969727,-13.439925193786621,2.4911320209503174,3.8156418800354004,3.256346538856832
"{'osm_id': 1128397330, 'osm_type': 'yes'}",chennai_bld_002853,12,12,100.0,-5.848453521728516,-7.3033447265625,-1.454891840616862,-0.926410436630249,4.913518948767484,-13.73202641805013,-13.938557942708334,-0.20653152465820312,-0.833763599395752,4.188111228293339
"{'osm_id': 1128397331, 'osm_type': 'grandstand'}",chennai_bld_002854,8,8,100.0,-3.1962976455688477,-4.017217636108398,-0.8209198713302612,0.29141008853912354,3.4421950644050208,-9.17972469329834,-9.314882278442383,-0.1351582407951355,-0.5122449398040771,2.0291286173110006
"{'osm_id': 1128397332, 'osm_type': 'grandstand'}",chennai_bld_002855,11,11,100.0,-4.193785927512429,-5.751621593128551,-1.5578358390114524,-1.9697990417480469,2.342436735128695,-11.3659799749201,-13.389182350852273,-2.0232023759321733,-2.0145912170410156,2.8462864422571528
"{'osm_id': 1128397333, 'osm_type': 'grandstand'}",chennai_bld_002856,6,6,100.0,-1.8906567891438801,-5.3351790110270185,-3.444522221883138,-3.1956562995910645,2.593678062585222,-9.309055964152018,-10.464147567749023,-1.1550915241241455,-0.6898713111877441,1.4653524668616873
"{'osm_id': 1128397334, 'osm_type': 'yes'}",chennai_bld_002857,10,10,100.0,-2.733437347412109,-4.954947662353516,-2.2215099334716797,-2.260761022567749,3.8275478134054888,-11.196087646484376,-10.773660278320312,0.422426700592041,1.1042675971984863,2.0993593842973466
"{'osm_id': 1131689074, 'osm_type': 'yes'}",chennai_bld_002858,6,6,100.0,-6.429208755493164,-7.335463205973308,-0.906253973642985,-0.979172945022583,1.331000620190651,-14.53631337483724,-15.33929697672526,-0.802984873453776,-0.34867238998413086,2.4639061905403192
"{'osm_id': 1131689075, 'osm_type': 'yes'}",chennai_bld_002859,9,9,100.0,-7.68192884657118,-8.920048183865017,-1.2381195492214627,-1.5072216987609863,3.035317273094022,-16.809085422092014,-14.764738294813368,2.0443475511338978,2.543227195739746,2.622739593595139
"{'osm_id': 1131689076, 'osm_type': 'yes'}",chennai_bld_002860,3,3,100.0,-7.683460235595703,-6.357611974080403,1.3258487383524578,0.9025015830993652,2.503981260005841,-17.044905344645183,-12.4747683207194,4.57013734181722,4.062524795532227,0.8089410434700656
"{'osm_id': 1131689077, 'osm_type': 'apartments'}",chennai_bld_002861,4,4,100.0,-6.581167697906494,-8.625022888183594,-2.0438549518585205,-1.7912328243255615,2.4703037910517396,-12.73349380493164,-14.366434097290039,-1.6329395771026611,-1.4907007217407227,2.100029277195971
"{'osm_id': 1131689078, 'osm_type': 'apartments'}",chennai_bld_002862,3,3,100.0,-6.400916417439778,-5.303825378417969,1.0970911979675293,2.8940494060516357,2.5727926598805513,-13.210164388020834,-15.814071655273438,-2.6039063135782876,-2.596315383911133,0.6706950203278554
"{'osm_id': 1131689079, 'osm_type': 'apartments'}",chennai_bld_002863,4,4,100.0,-5.23032283782959,-6.3334527015686035,-1.1031301021575928,-2.332034111022949,2.315982484735854,-14.046220779418945,-14.995054244995117,-0.9488329887390137,-2.473532199859619,3.2528070232225375
"{'osm_id': 1131689080, 'osm_type': 'apartments'}",chennai_bld_002864,2,2,100.0,-4.436445236206055,-7.498730659484863,-3.0622854232788086,-3.0622854232788086,0.4197839498520067,-10.543932914733887,-14.427825927734375,-3.8838934898376465,-3.8838934898376465,0.7231268882751465
"{'osm_id': 1131689081, 'osm_type': 'apartments'}",chennai_bld_002865,4,4,100.0,-7.336638927459717,-7.111441612243652,0.2251967191696167,0.4855300188064575,4.416422721997504,-12.508578300476074,-13.49653434753418,-0.9879560470581055,-1.4907007217407227,1.6099900376655425
"{'osm_id': 1131689082, 'osm_type': 'apartments'}",chennai_bld_002866,3,3,100.0,-4.936535835266113,-6.942946751912435,-2.0064109166463218,-3.482069253921509,2.606524890045284,-12.576131184895834,-13.890841166178385,-1.314709981282552,0.004866600036621094,2.3432362812929863
"{'osm_id': 1131689083, 'osm_type': 'apartments'}",chennai_bld_002867,2,2,100.0,-4.706563472747803,-3.3387610912323,1.3678025007247925,1.3678025007247925,0.28898441791534424,-12.411218643188477,-14.931852340698242,-2.5206332206726074,-2.5206332206726074,2.5254998207092285
"{'osm_id': 1131689084, 'osm_type': 'apartments'}",chennai_bld_002868,3,3,100.0,-5.3763580322265625,-5.317405064900716,0.05895272890726725,1.0788180828094482,2.89901823081277,-12.2422726949056,-15.337921142578125,-3.095647176106771,-2.662487030029297,1.4484819825051518
"{'osm_id': 1131689085, 'osm_type': 'apartments'}",chennai_bld_002869,4,4,100.0,-5.207664966583252,-5.9331769943237305,-0.7255125045776367,-1.0000449419021606,2.9629253450408726,-12.527517318725586,-13.539051055908203,-1.0115325450897217,-1.2256360054016113,1.3591373643391906
"{'osm_id': 1131689086, 'osm_type': 'apartments'}",chennai_bld_002870,2,2,100.0,-5.401737213134766,-2.1195225715637207,3.282215118408203,3.282215118408203,1.9198986291885414,-12.493280410766602,-14.927906036376953,-2.4346256256103516,-2.4346256256103516,1.5616750717163086
"{'osm_id': 1131689087, 'osm_type': 'apartments'}",chennai_bld_002871,4,4,100.0,-6.573112487792969,-5.482858180999756,1.0902540683746338,1.4830150604248047,3.2095985681389876,-14.502334594726562,-14.426288604736328,0.07604694366455078,-1.2918543815612793,4.157817554444479
"{'osm_id': 1131689088, 'osm_type': 'apartments'}",chennai_bld_002872,4,4,100.0,-4.320263385772705,-2.9481029510498047,1.3721604347229004,1.1750891208648682,0.9109282759672376,-9.90870475769043,-12.268089294433594,-2.3593850135803223,-3.4933013916015625,2.1021112140108302
"{'osm_id': 1131689089, 'osm_type': 'apartments'}",chennai_bld_002873,2,2,100.0,-6.580767631530762,-5.5524749755859375,1.0282926559448242,1.0282926559448242,0.5087337493896484,-12.302481651306152,-10.72467041015625,1.5778110027313232,1.5778110027313232,5.306386232376099
"{'osm_id': 1131689090, 'osm_type': 'apartments'}",chennai_bld_002874,3,3,100.0,-2.9964164098103843,-7.246374130249023,-4.2499574025472,-5.243295192718506,3.539780210400247,-10.777788798014322,-11.760520935058594,-0.9827324549357096,-0.9522018432617188,2.016395529863176
"{'osm_id': 1131689091, 'osm_type': 'apartments'}",chennai_bld_002875,3,3,100.0,-3.378419876098633,-5.8896433512369795,-2.511223316192627,-1.4316158294677734,1.94597084797079,-13.079118092854818,-12.556702931722006,0.5224151611328125,-0.9522018432617188,2.8986272841219054
"{'osm_id': 1131689092, 'osm_type': 'apartments'}",chennai_bld_002876,2,2,100.0,-4.354747772216797,-5.51251745223999,-1.1577699184417725,-1.1577699184417725,0.273845911026001,-13.782685279846191,-9.554407119750977,4.228278160095215,4.228278160095215,0.3438749313354492
"{'osm_id': 1131689093, 'osm_type': 'apartments'}",chennai_bld_002877,2,2,100.0,-6.618144512176514,-8.008509635925293,-1.3903653621673584,-1.3903653621673584,0.524484395980835,-11.055780410766602,-12.088375091552734,-1.032595157623291,-1.032595157623291,3.8505825996398926
"{'osm_id': 1131689094, 'osm_type': 'apartments'}",chennai_bld_002878,2,2,100.0,-6.73620080947876,-8.33646297454834,-1.60026216506958,-1.60026216506958,1.2585387229919434,-11.491859436035156,-12.743707656860352,-1.251847743988037,-1.251847743988037,2.212740421295166
"{'osm_id': 1131689095, 'osm_type': 'apartments'}",chennai_bld_002879,1,1,100.0,1.9988915920257568,0.6672363877296448,-1.3316552639007568,-1.3316552639007568,0.0,-17.994037628173828,-10.924528121948242,7.069509506225586,7.069509506225586,0.0
"{'osm_id': 1131689096, 'osm_type': 'apartments'}",chennai_bld_002880,2,2,100.0,-2.8887271881103516,-1.0606672763824463,1.8280597925186157,1.8280597925186157,3.1597150564193726,-14.48775577545166,-11.666850090026855,2.8209056854248047,2.8209056854248047,4.248603820800781
"{'osm_id': 1131689100, 'osm_type': 'yes'}",chennai_bld_002881,7,7,100.0,0.7188505445207868,-0.8597878047398159,-1.5786386217389787,-1.646846055984497,1.9801305398366695,-8.233542306082589,-7.221894945417132,1.0116472925458635,1.2672910690307617,1.9666098323093621
"{'osm_id': 1131689101, 'osm_type': 'yes'}",chennai_bld_002882,4,4,100.0,0.732407808303833,-1.3315684795379639,-2.063976287841797,-1.6272481679916382,2.985081801604915,-10.840737342834473,-10.561997413635254,0.27873969078063965,0.4715595245361328,1.9979881960950607
"{'osm_id': 1131689102, 'osm_type': 'yes'}",chennai_bld_002883,6,6,100.0,-4.178913434346517,-7.0640106201171875,-2.8850971857706704,-2.159409999847412,3.6161182497174806,-10.806082407633463,-12.010920206705729,-1.2048389116923015,-1.0704560279846191,3.0355872061582096
"{'osm_id': 1131689103, 'osm_type': 'yes'}",chennai_bld_002884,4,4,100.0,-5.092929840087891,-8.168214797973633,-3.075284957885742,-3.4727530479431152,1.7442101210672765,-10.155457496643066,-14.97468376159668,-4.819225788116455,-3.8703665733337402,4.0726552011175885
"{'osm_id': 1131689104, 'osm_type': 'yes'}",chennai_bld_002885,3,3,100.0,-3.751056353251139,-6.695925394694011,-2.94486935933431,-3.2288522720336914,2.3873442445280757,-7.535826365152995,-9.917539596557617,-2.381713549296061,-2.509953498840332,0.4419373832751361
"{'osm_id': 1131689108, 'osm_type': 'yes'}",chennai_bld_002886,18,18,100.0,-3.488948186238607,-5.9466705322265625,-2.4577223459879556,-2.7845964431762695,3.583450071426216,-12.967157999674479,-13.742879231770834,-0.775719960530599,-1.1059691905975342,2.748724692148528
"{'osm_id': 1131689114, 'osm_type': 'yes'}",chennai_bld_002887,2,2,100.0,-4.484348297119141,-2.416348934173584,2.0679991245269775,2.0679991245269775,0.18664932250976562,-14.687445640563965,-14.455262184143066,0.23218345642089844,0.23218345642089844,1.5656061172485352
"{'osm_id': 1136350466, 'osm_type': 'yes'}",chennai_bld_002888,5,5,100.0,1.093667221069336,-0.7758760929107666,-1.86954345703125,-2.479626417160034,1.6880501257621905,-9.4203369140625,-10.670217895507813,-1.249881649017334,-0.6225318908691406,2.2133805926526584
"{'osm_id': 1136350467, 'osm_type': 'yes'}",chennai_bld_002889,7,7,100.0,-0.7278569085257394,-3.6231416974748885,-2.8952849251883372,-3.187455415725708,1.8641173774134303,-11.063238961356026,-12.23099844796317,-1.1677577154976981,-0.8357553482055664,2.268510445108212
"{'osm_id': 1136350468, 'osm_type': 'yes'}",chennai_bld_002890,4,4,100.0,-7.2859063148498535,-7.394199848175049,-0.10829353332519531,-0.5802249908447266,1.7797276718193744,-12.407721519470215,-15.832550048828125,-3.424828052520752,-2.5251312255859375,3.2542985762320855
"{'osm_id': 1136350469, 'osm_type': 'yes'}",chennai_bld_002891,7,7,100.0,-5.505623408726284,-4.947429112025669,0.5581941604614258,-0.7210693359375,2.958699132798165,-12.540919712611608,-15.374313354492188,-2.833392551967076,-2.4298133850097656,2.642657826484999
"{'osm_id': 1136350470, 'osm_type': 'yes'}",chennai_bld_002892,6,6,100.0,-7.595648447672526,-6.8363691965738935,0.7592796484629313,-0.7218725681304932,2.9163912849040914,-13.161231994628906,-14.325894673665365,-1.1646622021993,-0.681943416595459,1.3041819320071018
"{'osm_id': 1136350471, 'osm_type': 'yes'}",chennai_bld_002893,4,4,100.0,-6.9929046630859375,-5.544731616973877,1.448172688484192,1.5854055881500244,1.3479915455446971,-13.521087646484375,-12.519254684448242,1.0018327236175537,0.8867964744567871,1.6982919866792856
"{'osm_id': 1136350472, 'osm_type': 'yes'}",chennai_bld_002894,5,5,100.0,-5.144477081298828,-1.8689373016357422,3.2755401611328123,3.04868221282959,1.810339866865082,-13.272779846191407,-15.143051147460938,-1.8702709197998046,-1.7812023162841797,3.4573273730541674
"{'osm_id': 1136350474, 'osm_type': 'yes'}",chennai_bld_002895,7,7,100.0,-5.964698791503906,-6.904441288539341,-0.9397420883178711,0.09239053726196289,3.2264557672252296,-10.618283952985491,-13.865770612444196,-3.247485569545201,-1.8400182723999023,3.4623415392758408
"{'osm_id': 1136350475, 'osm_type': 'yes'}",chennai_bld_002896,4,4,100.0,-4.339396953582764,-7.654034614562988,-3.3146371841430664,-3.877525568008423,2.9704847617511656,-12.616989135742188,-12.01609992980957,0.6008882522583008,0.38077354431152344,1.3591383209395103
"{'osm_id': 1136350478, 'osm_type': 'yes'}",chennai_bld_002897,4,4,100.0,-4.29362154006958,-5.208891868591309,-0.9152697920799255,-1.639776587486267,3.650361429655189,-14.890087127685547,-11.467009544372559,3.42307710647583,3.5037755966186523,1.2889361102949808
"{'osm_id': 1136350479, 'osm_type': 'yes'}",chennai_bld_002898,6,6,100.0,-3.7416709264119468,-5.153598785400391,-1.4119275410970051,-0.6785416603088379,3.377938401553642,-13.169661204020182,-13.555519104003906,-0.38585710525512695,-1.062711238861084,2.2189806295168415
"{'osm_id': 1136350480, 'osm_type': 'yes'}",chennai_bld_002899,6,6,100.0,-0.5859281222025553,-4.705813725789388,-4.119885762532552,-3.1838619709014893,3.9869087122221467,-12.233104705810547,-13.810618082682291,-1.5775125821431477,-1.2444376945495605,1.9893398267477709
"{'osm_id': 1136350481, 'osm_type': 'yes'}",chennai_bld_002900,3,3,100.0,-2.6023807525634766,-5.017730077107747,-2.4153494834899902,-3.262972354888916,2.544636695274822,-15.174168904622396,-13.963689168294271,1.2104800542195637,1.032862663269043,0.5505280610943809
"{'osm_id': 1136350482, 'osm_type': 'yes'}",chennai_bld_002901,2,2,100.0,-5.454297065734863,-7.034514427185059,-1.5802173614501953,-1.5802173614501953,1.2304606437683105,-12.603815078735352,-13.73745346069336,-1.1336374282836914,-1.1336374282836914,0.10858726501464844
"{'osm_id': 1136350483, 'osm_type': 'yes'}",chennai_bld_002902,1,1,100.0,-4.055460453033447,-2.042987823486328,2.012472629547119,2.012472629547119,0.0,-14.990205764770508,-16.771408081054688,-1.7812023162841797,-1.7812023162841797,0.0
"{'osm_id': 1136350485, 'osm_type': 'yes'}",chennai_bld_002903,4,4,100.0,-3.7605032920837402,-4.846498966217041,-1.0859959125518799,-1.170964241027832,0.2246314168097525,-12.565625190734863,-15.358675003051758,-2.793050527572632,-2.223165988922119,4.439418393363139
"{'osm_id': 1136350486, 'osm_type': 'yes'}",chennai_bld_002904,4,4,100.0,-5.637748718261719,-7.378716468811035,-1.7409677505493164,-1.7355773448944092,1.1650679124573209,-11.442087173461914,-14.900215148925781,-3.4581286907196045,-3.1700692176818848,1.876837728271329
"{'osm_id': 1136350487, 'osm_type': 'yes'}",chennai_bld_002905,4,4,100.0,-6.376901626586914,-5.862264156341553,0.5146379470825195,0.07049155235290527,0.9949602345005762,-12.30654525756836,-11.267147064208984,1.0393977165222168,1.374647617340088,2.4408599296006255
"{'osm_id': 1136350488, 'osm_type': 'yes'}",chennai_bld_002906,5,5,100.0,-7.135606384277343,-5.759897232055664,1.375708770751953,0.11049413681030273,2.4231876442261067,-12.676366424560547,-10.546985626220703,2.1293800354003904,1.9281864166259766,2.8377845462718168
"{'osm_id': 1136350490, 'osm_type': 'yes'}",chennai_bld_002907,6,6,100.0,-4.026965141296387,-5.035610516866048,-1.0086453755696614,-1.0179555416107178,2.6048419514091545,-13.044330596923828,-11.706258138020834,1.3380730946858723,1.28151273727417,2.690328926377238
"{'osm_id': 1136362722, 'osm_type': 'apartments'}",chennai_bld_002908,23,23,100.0,-4.326100556746773,-3.8582893039869224,0.4678117088649584,0.2071218490600586,2.6855467787887433,-14.484329887058424,-15.453845480213994,-0.9695180810016134,-0.9005546569824219,3.4788971104981337
"{'osm_id': 1136362735, 'osm_type': 'yes'}",chennai_bld_002909,6,6,100.0,-7.391549428304036,-6.318314870198567,1.073235034942627,-0.07262992858886719,2.872035157762494,-12.892855326334635,-11.969165802001953,0.9236888885498047,1.2343769073486328,3.14727480254666
"{'osm_id': 1136362737, 'osm_type': 'yes'}",chennai_bld_002910,8,8,100.0,-2.0152385234832764,-3.724102735519409,-1.708864450454712,-1.1297260522842407,3.204309432635685,-11.979926109313965,-13.94871997833252,-1.9687936305999756,-2.723954200744629,2.4537317359144697
"{'osm_id': 1136378738, 'osm_type': 'yes'}",chennai_bld_002911,13,13,100.0,-1.3253153287447417,-2.1808091677152195,-0.8554939856896033,0.47976064682006836,3.273742037952145,-13.339634821965145,-13.31017596905048,0.029457752521221455,0.5108537673950195,3.2178679985834218
"{'osm_id': 1136378739, 'osm_type': 'office'}",chennai_bld_002912,35,35,100.0,7.814937046595982,7.26764657156808,-0.5472906930106026,-1.1021156311035156,4.2967227233891965,-12.714024135044642,-12.577141462053572,0.1368814195905413,0.2402040958404541,3.843659735489016
"{'osm_id': 1136378744, 'osm_type': 'yes'}",chennai_bld_002913,7,7,100.0,-5.283050537109375,-8.063112531389509,-2.780061994280134,-3.0962862968444824,3.3145413653429316,-16.716792515345983,-15.001754760742188,1.7150387082781111,2.0123796463012695,3.7154551787871717
"{'osm_id': 1136378755, 'osm_type': 'yes'}",chennai_bld_002914,3,3,100.0,-9.073933919270834,-12.384882609049479,-3.3109477361043296,-2.780996322631836,2.910649540124865,-17.92005666097005,-17.54762903849284,0.37242571512858075,0.9569950103759766,0.9486030468867983
"{'osm_id': 1136378756, 'osm_type': 'retail'}",chennai_bld_002915,4,4,100.0,-7.433573246002197,-9.994224548339844,-2.5606517791748047,-2.580549716949463,0.3499757686362557,-17.53818130493164,-16.759265899658203,0.7789151668548584,0.7305259704589844,3.697036976994884
"{'osm_id': 1136378757, 'osm_type': 'retail'}",chennai_bld_002916,5,5,100.0,-6.918158721923828,-9.33398666381836,-2.4158281326293944,-2.478531837463379,2.7358543561338133,-14.620407104492188,-16.327867126464845,-1.7074604034423828,-0.2687873840332031,2.872735805918725
"{'osm_id': 1136378762, 'osm_type': 'yes'}",chennai_bld_002917,2,2,100.0,-7.799879550933838,-7.360796928405762,0.43908262252807617,0.43908262252807617,1.7535223960876465,-16.45316505432129,-14.961156845092773,1.4920082092285156,1.4920082092285156,0.9805164337158203
"{'osm_id': 1136378763, 'osm_type': 'yes'}",chennai_bld_002918,4,4,100.0,-7.074049949645996,-6.549967288970947,0.5240821838378906,0.10693359375,3.8541313656876497,-17.698368072509766,-17.053075790405273,0.6452913284301758,0.7154903411865234,0.5031669270985019
"{'osm_id': 1136378773, 'osm_type': 'yes'}",chennai_bld_002919,2,2,100.0,-3.4168272018432617,-7.133999347686768,-3.717172145843506,-3.717172145843506,0.8767374753952107,-11.190874099731445,-14.655137062072754,-3.464263439178467,-3.464263439178467,2.163949489593506
"{'osm_id': 1136381492, 'osm_type': 'office'}",chennai_bld_002920,13,13,100.0,0.34946423310499924,1.0451341775747447,0.695669907789964,0.9627170562744141,3.1032726239251724,-7.9311042198768025,-8.68194345327524,-0.7508389399601862,-1.18487548828125,3.798687768138887
"{'osm_id': 1136381493, 'osm_type': 'office'}",chennai_bld_002921,7,7,100.0,6.011049543108259,5.808713640485491,-0.20233590262276785,-0.7046356201171875,3.499924062042454,-7.3915252685546875,-6.728514535086496,0.6630104609898159,0.09901571273803711,2.7310645047601443
"{'osm_id': 1136381494, 'osm_type': 'office'}",chennai_bld_002922,6,6,100.0,0.6755069891611735,0.5751080513000488,-0.10039897759755452,-0.626162052154541,1.9678951938734286,-9.081687927246094,-10.967873891194662,-1.8861853281656902,-0.967552900314331,4.210175093537927
"{'osm_id': 1136381495, 'osm_type': 'office'}",chennai_bld_002923,6,6,100.0,-3.873154322306315,-2.7954788208007812,1.077675183614095,0.8413388133049011,2.0937742074841443,-13.968228658040365,-13.517959594726562,0.4502706527709961,0.11099481582641602,3.7140773863962058
"{'osm_id': 1136381496, 'osm_type': 'office'}",chennai_bld_002924,5,5,100.0,-5.426653671264648,-6.931853485107422,-1.5051996231079101,-2.6773481369018555,2.8731882831751476,-14.939930725097657,-14.06737060546875,0.8725603103637696,1.156412124633789,1.213835105472458
"{'osm_id': 1136394905, 'osm_type': 'office'}",chennai_bld_002925,6,6,100.0,-4.569980303446452,-4.731610616048177,-0.16162987550099692,-2.0357789993286133,4.859923436557494,-13.785653432210287,-13.100696563720703,0.6849568684895834,0.13805341720581055,3.3947465290377186
"{'osm_id': 1136394907, 'osm_type': 'office'}",chennai_bld_002926,6,6,100.0,-4.266526540120442,-5.059413909912109,-0.7928872108459473,-1.9203873872756958,2.8945022872224007,-9.862263997395834,-9.509727478027344,0.3525357246398926,0.782191276550293,1.551603827085955
"{'osm_id': 1136394908, 'osm_type': 'yes'}",chennai_bld_002927,6,6,100.0,-2.9431254069010415,-1.2584086259206135,1.6847167015075684,2.5305724143981934,3.747929309840504,-9.25205930074056,-10.105093638102213,-0.853034496307373,-0.8044013977050781,1.8139319278972452
"{'osm_id': 1136394909, 'osm_type': 'yes'}",chennai_bld_002928,9,9,100.0,-1.2132003572252061,0.5794873767428927,1.7926877339680989,0.9983468055725098,2.7851587515735607,-9.974796719021267,-10.763559129503038,-0.7887624634636773,-1.835108757019043,2.6420518539240683
"{'osm_id': 1136394910, 'osm_type': 'yes'}",chennai_bld_002929,6,6,100.0,0.9224374294281006,-0.10496850808461507,-1.027406136194865,-1.1102041006088257,1.6042538506475388,-9.868647257486979,-7.554948170979817,2.313698927561442,2.781036853790283,1.3300850690564
"{'osm_id': 1136394911, 'osm_type': 'office'}",chennai_bld_002930,6,6,100.0,3.3641538619995117,2.1187493006388345,-1.2454044024149578,-0.7288877964019775,2.1808215848414587,-4.0442094802856445,-6.1139678955078125,-2.0697577794392905,-1.7150218486785889,1.8479406255006785
"{'osm_id': 1136394912, 'osm_type': 'office'}",chennai_bld_002931,6,6,100.0,-0.442780335744222,-0.27629292011260986,0.16648735602696738,0.8114951848983765,1.8827713987774344,-7.87054443359375,-7.4116058349609375,0.4589382807413737,-0.7041034698486328,4.463930547082072
"{'osm_id': 1136394913, 'osm_type': 'office'}",chennai_bld_002932,6,6,100.0,1.460241476694743,-1.346023400624593,-2.806264877319336,-4.2733893394470215,2.6092272457538366,-3.2719815572102866,-4.681292533874512,-1.409311294555664,-1.3532812595367432,2.3004577619649806
"{'osm_id': 1136394914, 'osm_type': 'yes'}",chennai_bld_002933,6,6,100.0,-0.4416364034016927,-4.070488293965657,-3.628852208455404,-4.848000526428223,1.9625087172933557,-6.56770133972168,-7.247200012207031,-0.67949906984965,-1.290244221687317,1.9150188435004463
"{'osm_id': 1136394915, 'osm_type': 'office'}",chennai_bld_002934,9,9,100.0,1.5079993142022028,2.9259109497070312,1.4179116355048285,1.6447242498397827,3.230328503429458,-10.964031643337673,-11.21917724609375,-0.2551463974846734,-0.6788167953491211,2.800201499760652
"{'osm_id': 1136394916, 'osm_type': 'office'}",chennai_bld_002935,7,7,100.0,-2.994327817644392,-7.340841020856585,-4.346513203212193,-5.585485458374023,2.9631279872355427,-11.206507001604352,-11.744899204799108,-0.5383923394339425,0.050556182861328125,1.4661485076103
"{'osm_id': 1136394917, 'osm_type': 'yes'}",chennai_bld_002936,7,7,100.0,6.327010563441685,6.071097782679966,-0.2559130702699934,-1.9010052680969238,6.699936580787362,-6.857397351946149,-5.720861162458148,1.1365366663251604,1.3032150268554688,3.2848087826578065
"{'osm_id': 1136394918, 'osm_type': 'yes'}",chennai_bld_002937,3,3,100.0,1.5524044036865234,0.9754061698913574,-0.5769980748494467,-1.9010052680969238,5.838423375330802,-13.8609250386556,-8.958503087361654,4.902421633402507,4.094552040100098,3.318094940759124
"{'osm_id': 1136394919, 'osm_type': 'yes'}",chennai_bld_002938,11,11,100.0,-1.9050405675714666,2.0699374459006568,3.974977666681463,1.8656914234161377,5.246365924265702,-12.04914578524503,-10.677517977627842,1.3716269406405361,0.010484695434570312,4.085822133997973
"{'osm_id': 1136394920, 'osm_type': 'yes'}",chennai_bld_002939,4,4,100.0,-5.493752956390381,-4.197040557861328,1.2967121601104736,1.5896015167236328,1.791647963754165,-9.81931209564209,-13.991405487060547,-4.172093868255615,-4.044169902801514,2.8074400826424237
"{'osm_id': 1136396908, 'osm_type': 'office'}",chennai_bld_002940,14,14,100.0,1.0890377589634486,-2.128604071480887,-3.2176421029227122,-2.5416629314422607,4.460440668149254,-10.466128758021764,-12.139237540108818,-1.6731095995221819,-1.069406509399414,2.982228167161374
"{'osm_id': 1136396909, 'osm_type': 'yes'}",chennai_bld_002941,9,9,100.0,-3.2469685872395835,-3.7358326382107205,-0.4888641569349501,-0.33655643463134766,3.082353283982103,-13.80643802218967,-12.126829359266493,1.6796084509955511,1.6036162376403809,3.7883147079827273
"{'osm_id': 1136396910, 'osm_type': 'yes'}",chennai_bld_002942,7,7,100.0,0.27665315355573383,-2.074468340192522,-2.351121629987444,-2.49200439453125,4.340517225001707,-8.880754743303571,-7.756721496582031,1.1240337235586983,1.6618976593017578,2.0293295327452596
"{'osm_id': 1136396911, 'osm_type': 'office'}",chennai_bld_002943,8,8,100.0,-3.7911510467529297,-2.1960628032684326,1.5950881242752075,1.4582611322402954,2.801899608541366,-10.793840408325195,-8.686895370483398,2.106945514678955,3.3636231422424316,4.273581394430942
"{'osm_id': 1136396912, 'osm_type': 'yes'}",chennai_bld_002944,7,7,100.0,0.010439293725149972,1.3579842703683036,1.3475450788225447,0.4909103810787201,3.7760510274496712,-11.053695678710938,-10.370990208217076,0.6827061516898019,0.14186954498291016,2.7123879178308417
"{'osm_id': 1136396913, 'osm_type': 'office'}",chennai_bld_002945,7,7,100.0,0.9197709219796317,-2.360624040876116,-3.280394962855748,-3.773502826690674,2.7087075115216583,-12.459773472377233,-9.866947719029017,2.5928262983049666,2.2997446060180664,3.2670963278170775
"{'osm_id': 1136399861, 'osm_type': 'yes'}",chennai_bld_002946,13,13,100.0,5.559748722956731,5.4938178429236775,-0.06593130185053898,-0.14277982711791992,2.7288263447043177,1.8911487872783954,2.6391404958871694,0.7479918553278997,0.9977813959121704,2.453895540444858
"{'osm_id': 1136399862, 'osm_type': 'industrial'}",chennai_bld_002947,14,14,100.0,-4.650451115199497,-5.81489508492606,-1.164444923400879,-0.9254491329193115,2.0363977467401635,-12.470855712890625,-14.236453465053014,-1.765596662248884,-2.142881393432617,3.50549617479631
"{'osm_id': 1136399863, 'osm_type': 'industrial'}",chennai_bld_002948,14,14,100.0,-4.447589601789202,-3.5915726252964566,0.8560169083731515,1.0184484720230103,2.0018637284646656,-11.579898289271764,-12.190211704799108,-0.6103146416800362,-0.9191465377807617,2.511242989545235
"{'osm_id': 1136399864, 'osm_type': 'yes'}",chennai_bld_002949,9,9,100.0,-3.3923937479654946,-4.485076480441624,-1.0926827324761286,-0.6905996799468994,2.1182313437633,-13.332473754882812,-12.724555121527779,0.6079183154635959,0.7909145355224609,3.376882171143618
"{'osm_id': 1136399865, 'osm_type': 'yes'}",chennai_bld_002950,8,8,100.0,-0.7616658210754395,-2.2736153602600098,-1.5119497776031494,-1.439204454421997,1.7419220187604272,-9.420647621154785,-11.059148788452148,-1.6385012865066528,-2.4237961769104004,2.0969910622433208
"{'osm_id': 1136399866, 'osm_type': 'yes'}",chennai_bld_002951,10,10,100.0,1.915956687927246,1.4095501899719238,-0.506406593322754,-0.39899349212646484,1.0623808681491296,-10.469861602783203,-11.767154693603516,-1.2972941398620605,-0.7583761215209961,3.3007737383632194
"{'osm_id': 1136399867, 'osm_type': 'yes'}",chennai_bld_002952,6,6,100.0,-1.335841178894043,1.0542279084523518,2.390069007873535,1.950638771057129,2.408368519118005,-7.535067240397136,-5.866444905598958,1.6686221758524578,1.3861570358276367,1.8233286484036082
"{'osm_id': 1136399868, 'osm_type': 'yes'}",chennai_bld_002953,3,3,100.0,-3.511918385823568,1.045406977335612,4.55732536315918,4.494541168212891,1.3904541474164265,-9.05036735534668,-7.915565490722656,1.1348021825154622,0.08441829681396484,2.1549015033285537
"{'osm_id': 1136399869, 'osm_type': 'yes'}",chennai_bld_002954,6,6,100.0,-5.919585545857747,-8.458362579345703,-2.5387768745422363,-1.9446191787719727,2.8052111979284673,-12.602643330891928,-14.591627756754557,-1.988983949025472,-1.4388256072998047,3.1327967653176225
"{'osm_id': 1136399870, 'osm_type': 'office'}",chennai_bld_002955,4,4,100.0,-2.6161351203918457,-3.3459017276763916,-0.7297664880752563,-1.7539284229278564,3.2849400878028128,-7.567956447601318,-7.3335347175598145,0.23442208766937256,0.5012264251708984,1.1209447303439346
"{'osm_id': 1136399871, 'osm_type': 'yes'}",chennai_bld_002956,8,8,100.0,1.2874665260314941,0.8073239326477051,-0.4801427721977234,-0.49122872948646545,2.840726024388686,-7.155775547027588,-7.978850841522217,-0.8230751752853394,-1.2899489402770996,2.186361862875128
"{'osm_id': 1136399872, 'osm_type': 'yes'}",chennai_bld_002957,9,9,100.0,0.35461727778116864,-0.8699580298529731,-1.2245754665798612,-0.13111495971679688,2.8067177756508577,-8.462905883789062,-9.067029317220053,-0.604123486412896,-0.19046974182128906,2.7948811204958335
"{'osm_id': 1136404909, 'osm_type': 'industrial'}",chennai_bld_002958,23,23,100.0,-4.647877237071162,-4.822513746178669,-0.17463663349980893,-0.047987937927246094,3.1534517490098515,-12.570370881453805,-13.614815090013588,-1.0444437939187754,-1.5861940383911133,2.541597058191167
"{'osm_id': 1136404910, 'osm_type': 'industrial'}",chennai_bld_002959,12,12,100.0,0.7362274328867594,-0.053600311279296875,-0.7898276646931967,-0.578871488571167,2.755944869096903,-11.050605773925781,-11.776781717936197,-0.7261769771575928,0.07243728637695312,3.0876313647244897
"{'osm_id': 1136404911, 'osm_type': 'industrial'}",chennai_bld_002960,26,26,100.0,-3.051072047306941,-3.5290242708646336,-0.47795262703528774,-0.5341660380363464,2.8638018555351086,-10.94241450383113,-11.375043428861177,-0.4326299520639273,-0.1691596508026123,2.1726423976745886
"{'osm_id': 1136404912, 'osm_type': 'industrial'}",chennai_bld_002961,8,8,100.0,-2.223174571990967,-4.092234134674072,-1.869059681892395,-1.3276746273040771,4.1151147342473005,-10.699387550354004,-12.392041206359863,-1.6926535367965698,-1.9585952758789062,2.9380948987821154
"{'osm_id': 1136404913, 'osm_type': 'industrial'}",chennai_bld_002962,3,3,100.0,-5.1821028391520185,-6.80650011698405,-1.6243972778320312,-1.2868411540985107,3.9008090848057115,-13.641886393229166,-12.995841979980469,0.6460453669230143,0.47814178466796875,2.2401055595835313
"{'osm_id': 1136404914, 'osm_type': 'industrial'}",chennai_bld_002963,20,20,100.0,-6.407112884521484,-7.012504577636719,-0.6053917407989502,0.015494555234909058,4.017775460007069,-12.931304931640625,-12.666748809814454,0.2645534038543701,-0.10913228988647461,2.080176467498336
"{'osm_id': 1136404915, 'osm_type': 'industrial'}",chennai_bld_002964,4,4,100.0,-6.093741416931152,-7.7776994705200195,-1.683957576751709,-1.8189268112182617,2.9664885809055077,-14.95509147644043,-15.337080001831055,-0.3819892406463623,0.41239452362060547,2.2690664514798193
"{'osm_id': 1136404916, 'osm_type': 'industrial'}",chennai_bld_002965,8,8,100.0,-8.118677139282227,-7.495376110076904,0.6233015060424805,1.0910637378692627,3.783647538047143,-13.963459014892578,-13.704694747924805,0.2587648630142212,0.4273843765258789,2.0044394048220595
"{'osm_id': 1136404917, 'osm_type': 'industrial'}",chennai_bld_002966,6,6,100.0,-5.182325998942058,-6.49102783203125,-1.308701992034912,-1.87675142288208,3.309080103685217,-14.792025248209635,-12.84783681233724,1.9441893895467122,1.6944050788879395,1.6835467236873582
"{'osm_id': 1136404918, 'osm_type': 'industrial'}",chennai_bld_002967,8,8,100.0,-6.557342052459717,-8.109621047973633,-1.5522792339324951,-1.1082699298858643,2.3200350538230725,-15.524128913879395,-13.822763442993164,1.7013651132583618,1.6868805885314941,2.231593059048788
"{'osm_id': 1136404919, 'osm_type': 'industrial'}",chennai_bld_002968,3,3,100.0,-5.415166854858398,-8.996635437011719,-3.5814689000447593,-4.784327983856201,4.003167197921324,-12.636894226074219,-13.958226521809896,-1.3213316599527996,-1.0989103317260742,1.4855295271791047
"{'osm_id': 1136404920, 'osm_type': 'industrial'}",chennai_bld_002969,4,4,100.0,-5.414496421813965,-8.668438911437988,-3.2539429664611816,-3.527846336364746,3.5129518437717295,-13.091957092285156,-16.10043716430664,-3.0084807872772217,-2.1703109741210938,3.192885061442928
"{'osm_id': 1136404921, 'osm_type': 'industrial'}",chennai_bld_002970,9,9,100.0,-2.059260050455729,-3.1382162306043835,-1.0789562861124675,-0.498046875,3.4315129489536718,-12.879884507921007,-13.360140482584635,-0.48025597466362846,0.24097347259521484,3.0197194217329906
"{'osm_id': 1136404922, 'osm_type': 'industrial'}",chennai_bld_002971,8,8,100.0,-1.0330349206924438,-3.1988983154296875,-2.165863275527954,-2.762866973876953,2.3006904619960946,-12.02364730834961,-12.227315902709961,-0.2036687135696411,0.9432640075683594,2.1334858367976888
"{'osm_id': 1136404923, 'osm_type': 'yes'}",chennai_bld_002972,8,8,100.0,-5.86548376083374,-7.194090366363525,-1.3286070823669434,-2.2532215118408203,1.9078381845269232,-10.84535026550293,-13.362102508544922,-2.516751527786255,-1.889158010482788,2.214968053618045
"{'osm_id': 1136404924, 'osm_type': 'yes'}",chennai_bld_002973,1,1,100.0,-5.8530683517456055,-8.586055755615234,-2.732987403869629,-2.732987403869629,0.0,-9.239851951599121,-13.581815719604492,-4.341963768005371,-4.341963768005371,0.0
"{'osm_id': 1136404925, 'osm_type': 'yes'}",chennai_bld_002974,6,6,100.0,0.8072431087493896,-0.30456916491190594,-1.1118122736612956,-1.7037019729614258,5.215841857809874,-13.341985066731771,-16.250542958577473,-2.9085591634114585,-2.239712715148926,1.818964905519501
"{'osm_id': 1136404926, 'osm_type': 'yes'}",chennai_bld_002975,2,2,100.0,-0.5597505569458008,0.018347620964050293,0.5780982971191406,0.5780982971191406,6.560136795043945,-10.411118507385254,-12.407121658325195,-1.9960031509399414,-1.9960031509399414,0.21099185943603516
"{'osm_id': 1136405605, 'osm_type': 'yes'}",chennai_bld_002976,16,16,100.0,0.22693878412246704,0.3331885039806366,0.1062496230006218,0.20714569091796875,2.666627384704112,-13.448806762695312,-14.26801872253418,-0.8192121386528015,-0.4422178268432617,1.9373329097171794
"{'osm_id': 1136405606, 'osm_type': 'garage'}",chennai_bld_002977,7,7,100.0,-0.840411867414202,-2.3745291573660716,-1.5341170174734933,-2.5037760734558105,2.031911754678282,-11.414496285574776,-10.378736223493304,1.0357601983206612,1.310990333557129,1.6964703624213344
"{'osm_id': 1136405607, 'osm_type': 'garage'}",chennai_bld_002978,5,5,100.0,-0.38824551105499266,-1.203628921508789,-0.8153835296630859,-1.7360377311706543,1.6073568138280454,-12.141969299316406,-11.765126037597657,0.3768436431884766,-0.2950735092163086,1.8478093015626478
"{'osm_id': 1136406530, 'osm_type': 'office'}",chennai_bld_002979,64,64,100.0,3.9934306144714355,3.0347044467926025,-0.9587258100509644,-1.3783631324768066,3.877889871477739,-8.418917655944824,-8.45535945892334,-0.03644200414419174,0.39856863021850586,3.6085762577227665
"{'osm_id': 1136406532, 'osm_type': 'office'}",chennai_bld_002980,6,6,100.0,0.8648989995320638,0.11349173386891682,-0.7514071464538574,-1.232877254486084,1.971642478162114,-12.658191680908203,-11.469629923502604,1.188562234242757,0.7953500747680664,1.8879105738968711
"{'osm_id': 1136407251, 'osm_type': 'construction'}",chennai_bld_002981,15,15,100.0,-1.638663609822591,-4.049776204427084,-2.4111122131347655,-2.4042558670043945,3.3284808236786425,-13.364194742838542,-12.967981974283854,0.3962118148803711,0.3004922866821289,3.3863384382968773
"{'osm_id': 1193086709, 'osm_type': 'yes'}",chennai_bld_002982,6,6,100.0,-6.022057215372722,-7.744110107421875,-1.7220535278320312,-2.324312925338745,2.0729317541931187,-14.320799509684244,-14.380411783854166,-0.059612274169921875,0.2597084045410156,1.2603583898514712
"{'osm_id': 1193086718, 'osm_type': 'yes'}",chennai_bld_002983,6,6,100.0,-1.513211727142334,-4.67637284596761,-3.163160959879557,-3.340963363647461,2.6772631738408226,-11.282583872477213,-11.054375966389975,0.2282085418701172,0.6086935997009277,2.234788994003465
"{'osm_id': 1193086719, 'osm_type': 'yes'}",chennai_bld_002984,4,4,100.0,-4.073019027709961,-3.4197535514831543,0.6532651782035828,1.4223421812057495,2.4466459759241217,-10.60400390625,-11.014714241027832,-0.41071057319641113,-0.12139511108398438,3.079350312358759
"{'osm_id': 1232054055, 'osm_type': 'yes'}",chennai_bld_002985,1,1,100.0,0.44730886816978455,-1.2958036661148071,-1.743112564086914,-1.743112564086914,0.0,-12.210845947265625,-9.8435697555542,2.367276191711426,2.367276191711426,0.0
"{'osm_id': 1232054056, 'osm_type': 'yes'}",chennai_bld_002986,4,4,100.0,-7.514902591705322,-6.296926021575928,1.217976689338684,1.35993230342865,2.876173292265199,-11.766511917114258,-10.570566177368164,1.195946216583252,2.1405692100524902,3.3643588153881256
"{'osm_id': 1232054057, 'osm_type': 'yes'}",chennai_bld_002987,1,1,100.0,-10.033639907836914,-4.942570209503174,5.09106969833374,5.09106969833374,0.0,-11.08198070526123,-9.794987678527832,1.2869930267333984,1.2869930267333984,0.0
"{'osm_id': 1232054058, 'osm_type': 'yes'}",chennai_bld_002988,2,2,100.0,-8.051322937011719,-3.9137861728668213,4.137537002563477,4.137537002563477,0.9535326957702637,-13.03091812133789,-11.400337219238281,1.6305809020996094,1.6305809020996094,0.34358787536621094
"{'osm_id': 1232054059, 'osm_type': 'yes'}",chennai_bld_002989,1,1,100.0,-1.938477873802185,-4.915271759033203,-2.9767937660217285,-2.9767937660217285,0.0,-14.2144193649292,-7.882149696350098,6.332269668579102,6.332269668579102,0.0
"{'osm_id': 1232054060, 'osm_type': 'yes'}",chennai_bld_002990,4,4,100.0,-5.350977897644043,-7.376545429229736,-2.0255677700042725,-2.9579107761383057,2.364353324938847,-13.945321083068848,-9.438838005065918,4.5064826011657715,4.349757671356201,1.2217070118858138
"{'osm_id': 1232054061, 'osm_type': 'yes'}",chennai_bld_002991,2,2,100.0,-7.458894729614258,-7.938673973083496,-0.47977912425994873,-0.47977912425994873,2.459248661994934,-12.667490005493164,-8.801733016967773,3.8657569885253906,3.8657569885253906,0.8716115951538086
"{'osm_id': 1232054062, 'osm_type': 'yes'}",chennai_bld_002992,4,4,100.0,-7.799252033233643,-3.919036388397217,3.880215644836426,4.137537002563477,1.3679358683114533,-12.899764060974121,-10.347940444946289,2.5518221855163574,2.091463565826416,1.3065012544606442
"{'osm_id': 1232054063, 'osm_type': 'yes'}",chennai_bld_002993,1,1,100.0,-5.855791091918945,-3.87632155418396,1.9794695377349854,1.9794695377349854,0.0,-12.73460578918457,-7.997237205505371,4.737368583679199,4.737368583679199,0.0
"{'osm_id': 1232054064, 'osm_type': 'yes'}",chennai_bld_002994,2,2,100.0,-7.6537885665893555,-3.4286270141601562,4.225161552429199,4.225161552429199,1.0411570072174345,-13.891233444213867,-11.799769401550293,2.091463565826416,2.091463565826416,0.1172947883605957
"{'osm_id': 1232054065, 'osm_type': 'yes'}",chennai_bld_002995,2,2,100.0,-5.106734752655029,-4.17835807800293,0.9283766746520996,0.9283766746520996,2.2556276321411133,-12.867448806762695,-11.987360954284668,0.8800883293151855,0.8800883293151855,1.0940804481506348
"{'osm_id': 1232054066, 'osm_type': 'yes'}",chennai_bld_002996,1,1,100.0,-9.887734413146973,-2.4896016120910645,7.398132801055908,7.398132801055908,0.0,-11.656560897827148,-9.513509750366211,2.1430511474609375,2.1430511474609375,0.0
"{'osm_id': 1232054067, 'osm_type': 'yes'}",chennai_bld_002997,1,1,100.0,-9.887734413146973,-2.4896016120910645,7.398132801055908,7.398132801055908,0.0,-11.656560897827148,-9.513509750366211,2.1430511474609375,2.1430511474609375,0.0
"{'osm_id': 1232054068, 'osm_type': 'yes'}",chennai_bld_002998,2,2,100.0,-0.7509193420410156,-0.5822696685791016,0.16864967346191406,0.16864967346191406,3.7282915115356445,-11.43791675567627,-10.049938201904297,1.3879780769348145,1.3879780769348145,1.5504212379455566
"{'osm_id': 1232054069, 'osm_type': 'yes'}",chennai_bld_002999,1,1,100.0,-7.654697895050049,-3.7577567100524902,3.8969411849975586,3.8969411849975586,0.0,-10.916751861572266,-11.079195022583008,-0.1624431610107422,-0.1624431610107422,0.0
"{'osm_id': 1232054070, 'osm_type': 'yes'}",chennai_bld_003000,1,1,100.0,-4.757140159606934,-4.393097400665283,0.3640427589416504,0.3640427589416504,0.0,-13.223062515258789,-11.361612319946289,1.8614501953125,1.8614501953125,0.0
"{'osm_id': 1232054071, 'osm_type': 'yes'}",chennai_bld_003001,2,2,100.0,-7.322437286376953,-3.441349506378174,3.8810877799987793,3.8810877799987793,3.517045021057129,-12.439811706542969,-10.43756103515625,2.0022506713867188,2.0022506713867188,0.14080047607421875
"{'osm_id': 1232054072, 'osm_type': 'yes'}",chennai_bld_003002,4,4,100.0,-6.921918869018555,-3.139937400817871,3.781980514526367,3.682873249053955,2.493499066253482,-12.00160026550293,-10.413627624511719,1.5879724025726318,2.0022506713867188,1.0364218765925652
"{'osm_id': 1232054073, 'osm_type': 'yes'}",chennai_bld_003003,2,2,100.0,-6.52139949798584,-2.8385257720947266,3.682873249053955,3.682873249053955,0.21406781673434716,-11.56338882446289,-10.389695167541504,1.173694133758545,1.173694133758545,1.336137294769287
"{'osm_id': 1232054074, 'osm_type': 'yes'}",chennai_bld_003004,2,2,100.0,-6.52139949798584,-2.8385257720947266,3.682873249053955,3.682873249053955,0.21406781673434716,-11.56338882446289,-10.389695167541504,1.173694133758545,1.173694133758545,1.336137294769287
"{'osm_id': 1254514133, 'osm_type': 'yes'}",chennai_bld_003005,6,6,100.0,2.914526621500651,2.736400922139486,-0.17812569936116537,1.1937646865844727,3.5926590398707225,-12.854454040527344,-12.072069803873697,0.7823834419250488,1.237779140472412,3.9568516750958507
"{'osm_id': 1254514134, 'osm_type': 'yes'}",chennai_bld_003006,5,5,100.0,5.453416442871093,4.52959098815918,-0.9238251686096192,-0.2026844024658203,3.9297599964998158,-11.325115203857422,-13.330470275878906,-2.0053552627563476,-1.413177490234375,2.323095234327443
"{'osm_id': 1254514135, 'osm_type': 'yes'}",chennai_bld_003007,1,1,100.0,14.02367115020752,9.99051284790039,-4.033158302307129,-4.033158302307129,0.0,-12.156065940856934,-14.548970222473145,-2.392904281616211,-2.392904281616211,0.0
"{'osm_id': 1254514136, 'osm_type': 'yes'}",chennai_bld_003008,4,4,100.0,12.36855411529541,10.89612865447998,-1.4724266529083252,-1.5613975524902344,1.8993305716299196,-12.180333137512207,-13.833335876464844,-1.6530029773712158,-2.0161046981811523,1.5913340201673543
"{'osm_id': 1254514137, 'osm_type': 'yes'}",chennai_bld_003009,1,1,100.0,7.811874866485596,9.825326919555664,2.0134520530700684,2.0134520530700684,0.0,-14.38846206665039,-11.143987655639648,3.244474411010742,3.244474411010742,0.0
"{'osm_id': 1254514138, 'osm_type': 'yes'}",chennai_bld_003010,4,4,100.0,4.990159034729004,3.411806106567383,-1.5783528089523315,-0.4300529956817627,3.0080258836976985,-12.304180145263672,-13.005875587463379,-0.7016952037811279,-0.8618307113647461,1.0198759863968567
"{'osm_id': 1254514139, 'osm_type': 'yes'}",chennai_bld_003011,1,1,100.0,13.687299728393555,11.703814506530762,-1.983485221862793,-1.983485221862793,0.0,-12.030574798583984,-13.669879913330078,-1.6393051147460938,-1.6393051147460938,0.0
"{'osm_id': 1254514140, 'osm_type': 'yes'}",chennai_bld_003012,2,2,100.0,9.385562896728516,7.833034515380859,-1.5525286197662354,-1.5525286197662354,0.4309566020965576,-12.320026397705078,-12.323830604553223,-0.0038042068481445312,-0.0038042068481445312,1.6355009078979492
"{'osm_id': 1254514141, 'osm_type': 'yes'}",chennai_bld_003013,4,4,100.0,6.432182788848877,3.25168514251709,-3.1804981231689453,-3.9518303871154785,2.0404409860219186,-15.375947952270508,-14.545648574829102,0.8302991390228271,0.13445043563842773,2.1907019074905105
"{'osm_id': 1254711868, 'osm_type': 'yes'}",chennai_bld_003014,1,1,100.0,-6.264182090759277,-1.8138666152954102,4.450315475463867,4.450315475463867,0.0,-6.2662458419799805,-10.498517990112305,-4.232272148132324,-4.232272148132324,0.0
"{'osm_id': 1254711869, 'osm_type': 'yes'}",chennai_bld_003015,1,1,100.0,-2.8095250129699707,-7.332377910614014,-4.522852897644043,-4.522852897644043,0.0,-8.084468841552734,-13.227422714233398,-5.142953872680664,-5.142953872680664,0.0
"{'osm_id': 1254711870, 'osm_type': 'yes'}",chennai_bld_003016,2,2,100.0,-2.608487129211426,-2.2255406379699707,0.3829464912414551,0.3829464912414551,0.9775176048278809,-11.460357666015625,-11.899340629577637,-0.4389829635620117,-0.4389829635620117,0.39386749267578125
"{'osm_id': 1254711871, 'osm_type': 'yes'}",chennai_bld_003017,4,4,100.0,-0.24478811025619507,-2.4375319480895996,-2.1927437782287598,-3.6831722259521484,3.930974463427692,-12.439075469970703,-14.08447551727295,-1.6454002857208252,-1.976353645324707,1.9520228532553268
"{'osm_id': 1254878694, 'osm_type': 'yes'}",chennai_bld_003018,2,2,100.0,2.6258721351623535,-0.56473708152771,-3.1906094551086426,-3.1906094551086426,1.4569792747497559,-10.105854988098145,-11.910452842712402,-1.804598093032837,-1.804598093032837,0.995004415512085
"{'osm_id': 1282131457, 'osm_type': 'yes'}",chennai_bld_003019,8,8,100.0,3.180124521255493,2.861577033996582,-0.31854745745658875,0.3766387701034546,3.2902859176036667,-11.874857902526855,-15.329548835754395,-3.4546926021575928,-2.6729745864868164,2.0662532562397358
"{'osm_id': 1283284421, 'osm_type': 'commercial'}",chennai_bld_003020,4,4,100.0,4.183137893676758,4.142663955688477,-0.040474534034729004,1.329479694366455,3.427974252154093,-5.741873741149902,-8.402952194213867,-2.661078453063965,-3.478849411010742,3.233649659648115
"{'osm_id': 1485587266, 'osm_type': 'commercial'}",chennai_bld_003021,22,22,100.0,0.18685093793002042,-2.364606163718484,-2.5514571449973364,-1.3283188343048096,4.154256008766438,-11.00685605135831,-12.500491055575283,-1.493635351007635,-1.0986557006835938,2.943006308757766
"{'osm_id': 1500715272, 'osm_type': 'commercial'}",chennai_bld_003022,9,9,100.0,-3.2469685872395835,-3.7358326382107205,-0.4888641569349501,-0.33655643463134766,3.082353283982103,-13.80643802218967,-12.126829359266493,1.6796084509955511,1.6036162376403809,3.7883147079827273
